t,phase,phase_age,lap,seek_distance,roundabout_gate_score,roundabout_gate_evidence,roundabout_gate_source,first_roundabout_gate_seek,roundabout_entry_age,roundabout_entry_disp,mode,cmd_v,cmd_w,line_valid,line_reason,line_error,near_error,mid_error,far_error,line_confidence,valid_bands,near_mid_delta,mid_far_delta,near_far_delta,center_error,last_cmd_w,step_state,step_done_this_lap,step_waiting_alignment,step_align_reason,step_fixed_latched,step_reverse_active,step_candidate_evidence,step_detected,step_distance,step_filtered_distance,step_height,step_confidence,step_confirm_frames,step_required_frames,step_target_travel,step_commanded_traveled,step_odom_traveled,step_trigger_traveled,step_remaining,step_stop_reason,odom_fresh,yaw_error,jump_profile_min,jump_profile_max
5580.046,SEEK_ROUNDABOUT,1.044,0,0.000,0.0000,0.0000,none,,,,camera_timeout,0.0000,0.0000,0,,nan,nan,nan,nan,0.0000,0,nan,nan,nan,nan,0.0000,IDLE,0,0,waiting_detection,0,0,0.000,0,nan,nan,nan,0.0000,0,5,0.0000,0.0000,0.0000,0.0000,0.0000,等待台阶,1,0.0000,0.150,0.330
5580.113,SEEK_ROUNDABOUT,1.110,0,0.000,0.0000,0.0000,none,,,,camera_timeout,0.0000,0.0000,0,,nan,nan,nan,nan,0.0000,0,nan,nan,nan,nan,0.0000,IDLE,0,0,waiting_detection,0,0,0.000,0,nan,nan,nan,0.0000,0,5,0.0000,0.0000,0.0000,0.0000,0.0000,等待台阶,1,0.0000,0.150,0.330
5580.179,SEEK_ROUNDABOUT,1.177,0,0.000,0.0000,0.0000,none,,,,camera_timeout,0.0000,0.0000,0,,nan,nan,nan,nan,0.0000,0,nan,nan,nan,nan,0.0000,IDLE,0,0,waiting_detection,0,0,0.000,0,nan,nan,nan,0.0000,0,5,0.0000,0.0000,0.0000,0.0000,0.0000,等待台阶,1,0.0000,0.150,0.330
5580.246,SEEK_ROUNDABOUT,1.244,0,0.000,0.0000,0.0000,none,,,,camera_timeout,0.0000,0.0000,0,,nan,nan,nan,nan,0.0000,0,nan,nan,nan,nan,0.0000,IDLE,0,0,waiting_detection,0,0,0.000,0,nan,nan,nan,0.0000,0,5,0.0000,0.0000,0.0000,0.0000,0.0000,等待台阶,1,0.0000,0.150,0.330
5580.313,SEEK_ROUNDABOUT,1.310,0,0.000,0.0000,0.0000,none,,,,camera_timeout,0.0000,0.0000,0,,nan,nan,nan,nan,0.0000,0,nan,nan,nan,nan,0.0000,IDLE,0,0,waiting_detection,0,0,0.000,0,nan,nan,nan,0.0000,0,5,0.0000,0.0000,0.0000,0.0000,0.0000,等待台阶,1,0.0000,0.150,0.330
5580.381,SEEK_ROUNDABOUT,1.378,0,0.000,0.0000,0.0000,none,,,,camera_timeout,0.0000,0.0000,0,,nan,nan,nan,nan,0.0000,0,nan,nan,nan,nan,0.0000,IDLE,0,0,waiting_detection,0,0,0.000,0,nan,nan,nan,0.0000,0,5,0.0000,0.0000,0.0000,0.0000,0.0000,等待台阶,1,0.0000,0.150,0.330
5580.449,SEEK_ROUNDABOUT,1.447,0,0.000,0.0000,0.0000,none,,,,camera_timeout,0.0000,0.0000,0,,nan,nan,nan,nan,0.0000,0,nan,nan,nan,nan,0.0000,IDLE,0,0,waiting_detection,0,0,0.000,0,nan,nan,nan,0.0000,0,5,0.0000,0.0000,0.0000,0.0000,0.0000,等待台阶,1,0.0000,0.150,0.330
5580.513,SEEK_ROUNDABOUT,1.511,0,0.000,0.0000,0.0000,none,,,,camera_timeout,0.0000,0.0000,0,,nan,nan,nan,nan,0.0000,0,nan,nan,nan,nan,0.0000,IDLE,0,0,waiting_detection,0,0,0.000,0,nan,nan,nan,0.0000,0,5,0.0000,0.0000,0.0000,0.0000,0.0000,等待台阶,1,0.0000,0.150,0.330
5580.580,SEEK_ROUNDABOUT,1.578,0,0.000,0.0000,0.0000,none,,,,camera_timeout,0.0000,0.0000,0,,nan,nan,nan,nan,0.0000,0,nan,nan,nan,nan,0.0000,IDLE,0,0,waiting_detection,0,0,0.000,0,nan,nan,nan,0.0000,0,5,0.0000,0.0000,0.0000,0.0000,0.0000,等待台阶,1,0.0000,0.150,0.330
5580.648,SEEK_ROUNDABOUT,1.646,0,0.000,0.0000,0.0000,none,,,,camera_timeout,0.0000,0.0000,0,,nan,nan,nan,nan,0.0000,0,nan,nan,nan,nan,0.0000,IDLE,0,0,waiting_detection,0,0,0.000,0,nan,nan,nan,0.0000,0,5,0.0000,0.0000,0.0000,0.0000,0.0000,等待台阶,1,0.0000,0.150,0.330
5580.713,SEEK_ROUNDABOUT,1.711,0,0.000,0.0000,0.0000,none,,,,camera_timeout,0.0000,0.0000,0,,nan,nan,nan,nan,0.0000,0,nan,nan,nan,nan,0.0000,IDLE,0,0,waiting_detection,0,0,0.000,0,nan,nan,nan,0.0000,0,5,0.0000,0.0000,0.0000,0.0000,0.0000,等待台阶,1,0.0000,0.150,0.330
5580.780,SEEK_ROUNDABOUT,1.778,0,0.000,0.0000,0.0000,none,,,,camera_timeout,0.0000,0.0000,0,,nan,nan,nan,nan,0.0000,0,nan,nan,nan,nan,0.0000,IDLE,0,0,waiting_detection,0,0,0.000,0,nan,nan,nan,0.0000,0,5,0.0000,0.0000,0.0000,0.0000,0.0000,等待台阶,1,0.0000,0.150,0.330
5580.847,SEEK_ROUNDABOUT,1.845,0,0.000,0.0000,0.0000,none,,,,camera_timeout,0.0000,0.0000,0,,nan,nan,nan,nan,0.0000,0,nan,nan,nan,nan,0.0000,IDLE,0,0,waiting_detection,0,0,0.000,0,nan,nan,nan,0.0000,0,5,0.0000,0.0000,0.0000,0.0000,0.0000,等待台阶,1,0.0000,0.150,0.330
5580.913,SEEK_ROUNDABOUT,1.911,0,0.000,0.0000,0.0000,none,,,,camera_timeout,0.0000,0.0000,0,,nan,nan,nan,nan,0.0000,0,nan,nan,nan,nan,0.0000,IDLE,0,0,waiting_detection,0,0,0.000,0,nan,nan,nan,0.0000,0,5,0.0000,0.0000,0.0000,0.0000,0.0000,等待台阶,1,0.0000,0.150,0.330
5580.982,SEEK_ROUNDABOUT,1.980,0,0.000,0.0000,0.0000,none,,,,camera_timeout,0.0000,0.0000,0,,nan,nan,nan,nan,0.0000,0,nan,nan,nan,nan,0.0000,IDLE,0,0,waiting_detection,0,0,0.000,0,nan,nan,nan,0.0000,0,5,0.0000,0.0000,0.0000,0.0000,0.0000,等待台阶,1,0.0000,0.150,0.330
5581.049,SEEK_ROUNDABOUT,2.047,0,0.000,0.0000,0.0000,none,,,,camera_timeout,0.0000,0.0000,0,,nan,nan,nan,nan,0.0000,0,nan,nan,nan,nan,0.0000,IDLE,0,0,waiting_detection,0,0,0.000,0,nan,nan,nan,0.0000,0,5,0.0000,0.0000,0.0000,0.0000,0.0000,等待台阶,1,0.0000,0.150,0.330
5581.114,SEEK_ROUNDABOUT,2.111,0,0.000,0.0000,0.0000,none,,,,camera_timeout,0.0000,0.0000,0,,nan,nan,nan,nan,0.0000,0,nan,nan,nan,nan,0.0000,IDLE,0,0,waiting_detection,0,0,0.000,0,nan,nan,nan,0.0000,0,5,0.0000,0.0000,0.0000,0.0000,0.0000,等待台阶,1,0.0000,0.150,0.330
5581.180,SEEK_ROUNDABOUT,2.178,0,0.000,0.0000,0.0000,none,,,,camera_timeout,0.0000,0.0000,0,,nan,nan,nan,nan,0.0000,0,nan,nan,nan,nan,0.0000,IDLE,0,0,waiting_detection,0,0,0.000,0,nan,nan,nan,0.0000,0,5,0.0000,0.0000,0.0000,0.0000,0.0000,等待台阶,1,0.0000,0.150,0.330
5581.249,SEEK_ROUNDABOUT,2.247,0,0.000,0.0000,0.0000,none,,,,camera_timeout,0.0000,0.0000,0,,nan,nan,nan,nan,0.0000,0,nan,nan,nan,nan,0.0000,IDLE,0,0,waiting_detection,0,0,0.000,0,nan,nan,nan,0.0000,0,5,0.0000,0.0000,0.0000,0.0000,0.0000,等待台阶,1,0.0000,0.150,0.330
5581.313,SEEK_ROUNDABOUT,2.311,0,0.000,0.0000,0.0000,none,,,,camera_timeout,0.0000,0.0000,0,,nan,nan,nan,nan,0.0000,0,nan,nan,nan,nan,0.0000,IDLE,0,0,waiting_detection,0,0,0.000,0,nan,nan,nan,0.0000,0,5,0.0000,0.0000,0.0000,0.0000,0.0000,等待台阶,1,0.0000,0.150,0.330
5581.380,SEEK_ROUNDABOUT,2.378,0,0.000,0.0000,0.0000,none,,,,camera_timeout,0.0000,0.0000,0,,nan,nan,nan,nan,0.0000,0,nan,nan,nan,nan,0.0000,IDLE,0,0,waiting_detection,0,0,0.000,0,nan,nan,nan,0.0000,0,5,0.0000,0.0000,0.0000,0.0000,0.0000,等待台阶,1,0.0000,0.150,0.330
5581.449,SEEK_ROUNDABOUT,2.446,0,0.000,0.0000,0.0000,none,,,,camera_timeout,0.0000,0.0000,0,,nan,nan,nan,nan,0.0000,0,nan,nan,nan,nan,0.0000,IDLE,0,0,waiting_detection,0,0,0.000,0,nan,nan,nan,0.0000,0,5,0.0000,0.0000,0.0000,0.0000,0.0000,等待台阶,1,0.0000,0.150,0.330
5581.514,SEEK_ROUNDABOUT,0.000,0,0.000,0.0000,0.0000,none,,,,tracking,0.0507,-0.0303,1,line_center_tracking,0.0280,0.0343,0.0120,-0.0746,0.9827,8,0.0222,0.0866,0.1089,-0.0094,-0.0303,IDLE,0,0,step_zone_before_min seek=0.00<1.25,0,0,0.000,0,nan,nan,nan,0.0000,0,5,0.0000,0.0000,0.0000,0.0000,0.0000,等待台阶,1,0.0000,0.150,0.330
5581.669,SEEK_ROUNDABOUT,0.156,0,0.000,0.0000,0.0000,none,,,,tracking,0.1013,-0.0334,1,line_center_tracking,0.0335,0.0397,0.0176,-0.0832,0.9797,8,0.0221,0.1008,0.1229,-0.0086,-0.0334,IDLE,0,0,step_zone_before_min seek=0.00<1.25,0,0,0.000,0,nan,nan,nan,0.0000,0,5,0.0000,0.0000,0.0000,0.0000,0.0000,等待台阶,1,0.0000,0.150,0.330
5581.755,SEEK_ROUNDABOUT,0.242,0,0.000,0.0000,0.0000,none,,,,tracking,0.1341,-0.0375,1,line_center_tracking,0.0377,0.0447,0.0196,-0.0885,0.8879,7,0.0251,0.1080,0.1331,-0.0081,-0.0375,IDLE,0,0,step_zone_before_min seek=0.00<1.25,0,0,0.000,0,nan,nan,nan,0.0000,0,5,0.0000,0.0000,0.0000,0.0000,0.0000,等待台阶,1,0.0000,0.150,0.330
5581.837,SEEK_ROUNDABOUT,0.323,0,0.002,0.0000,0.0000,none,,,,tracking,0.1650,-0.0355,1,line_center_tracking,0.0320,0.0403,0.0104,-0.0710,0.9786,8,0.0300,0.0814,0.1113,-0.0068,-0.0355,IDLE,0,0,step_zone_before_min seek=0.00<1.25,0,0,0.000,0,nan,nan,nan,0.0000,0,5,0.0000,0.0000,0.0000,0.0000,0.0000,等待台阶,1,0.0000,0.150,0.330
5581.914,SEEK_ROUNDABOUT,0.400,0,0.002,0.0000,0.0000,none,,,,tracking,0.1942,-0.0339,1,line_center_tracking,0.0303,0.0382,0.0098,-0.0297,0.9043,7,0.0284,0.0396,0.0679,0.0061,-0.0339,IDLE,0,0,step_zone_before_min seek=0.00<1.25,0,0,0.000,0,nan,nan,nan,0.0000,0,5,0.0000,0.0000,0.0000,0.0000,0.0000,等待台阶,1,0.0000,0.150,0.330
5582.012,SEEK_ROUNDABOUT,0.498,0,0.003,0.0000,0.0000,none,,,,tracking,0.2316,-0.0359,1,line_center_tracking,0.0345,0.0407,0.0184,-0.0350,0.9007,7,0.0223,0.0534,0.0758,0.0080,-0.0359,IDLE,0,0,step_zone_before_min seek=0.00<1.25,0,0,0.000,0,nan,nan,nan,0.0000,0,5,0.0000,0.0000,0.0000,0.0000,0.0000,等待台阶,1,0.0000,0.150,0.330
5582.118,SEEK_ROUNDABOUT,0.604,0,0.003,0.0000,0.0000,none,,,,tracking,0.2360,-0.0313,1,line_center_tracking,0.0257,0.0318,0.0102,-0.0919,0.9796,8,0.0216,0.1021,0.1237,-0.0166,-0.0313,IDLE,0,0,step_zone_before_min seek=0.00<1.25,0,0,0.000,0,nan,nan,nan,0.0000,0,5,0.0000,0.0000,0.0000,0.0000,0.0000,等待台阶,1,0.0000,0.150,0.330
5582.475,SEEK_ROUNDABOUT,0.961,0,0.007,0.0000,0.0000,none,,,,tracking,0.2408,-0.0234,1,line_center_tracking,0.0140,0.0200,-0.0016,-0.0627,0.9870,8,0.0217,0.0611,0.0827,-0.0148,-0.0234,IDLE,0,0,step_zone_before_min seek=0.00<1.25,0,0,0.000,0,nan,nan,nan,0.0000,0,5,0.0000,0.0000,0.0000,0.0000,0.0000,等待台阶,1,0.0000,0.150,0.330
5582.672,SEEK_ROUNDABOUT,1.159,0,0.011,0.0000,0.0000,none,,,,tracking,0.2407,-0.0095,1,line_center_tracking,-0.0034,0.0032,-0.0204,-0.0802,0.9874,8,0.0235,0.0598,0.0833,-0.0325,-0.0095,IDLE,0,0,step_zone_before_min seek=0.01<1.25,0,0,0.000,0,nan,nan,nan,0.0000,0,5,0.0000,0.0000,0.0000,0.0000,0.0000,等待台阶,1,0.0000,0.150,0.330
5582.909,SEEK_ROUNDABOUT,1.396,0,0.045,0.0000,0.0000,none,,,,tracking,0.2376,0.0049,1,line_center_tracking,-0.0181,-0.0110,-0.0365,-0.1228,0.8913,7,0.0255,0.0863,0.1118,-0.0568,0.0049,IDLE,0,0,step_zone_before_min seek=0.01<1.25,0,0,0.000,0,nan,nan,nan,0.0000,0,5,0.0000,0.0000,0.0000,0.0000,0.0000,等待台阶,1,0.0000,0.150,0.330
5583.097,SEEK_ROUNDABOUT,1.584,0,0.078,0.0000,0.0000,none,,,,tracking,0.2344,0.0184,1,line_center_tracking,-0.0292,-0.0224,-0.0469,-0.1608,0.9785,8,0.0246,0.1139,0.1384,-0.0767,0.0184,IDLE,0,0,step_zone_before_min seek=0.04<1.25,0,0,0.000,0,nan,nan,nan,0.0000,0,5,0.0000,0.0000,0.0000,0.0000,0.0000,等待台阶,1,0.0000,0.150,0.330
5583.271,SEEK_ROUNDABOUT,1.757,0,0.129,0.0000,0.0000,none,,,,tracking,0.1838,0.0087,1,line_curve_center_riding,-0.0009,0.0012,-0.0345,-0.2019,0.9668,8,0.0357,0.1675,0.2032,-0.0784,0.0087,IDLE,0,0,step_zone_before_min seek=0.08<1.25,0,0,0.000,0,nan,nan,nan,0.0000,0,5,0.0000,0.0000,0.0000,0.0000,0.0000,等待台阶,1,0.0000,0.150,0.330
5583.517,SEEK_ROUNDABOUT,2.004,0,0.213,0.0000,0.0000,none,,,,tracking,0.1700,0.0024,1,line_curve_center_riding,0.0039,0.0075,-0.0523,-0.2357,0.8870,7,0.0598,0.1835,0.2433,-0.0935,0.0024,IDLE,0,0,step_zone_before_min seek=0.13<1.25,0,0,0.000,0,nan,nan,nan,0.0000,0,5,0.0000,0.0000,0.0000,0.0000,0.0000,等待台阶,1,0.0000,0.150,0.330
5583.704,SEEK_ROUNDABOUT,2.191,0,0.296,0.0000,0.0000,none,,,,tracking,0.1450,-0.0710,1,line_curve_center_riding,0.1281,0.1356,0.0112,-0.4150,0.8528,7,0.1244,0.4263,0.5506,-0.0894,-0.0710,IDLE,0,0,step_zone_before_min seek=0.21<1.25,0,0,0.000,0,nan,nan,nan,0.0000,0,5,0.0000,0.0000,0.0000,0.0000,0.0000,等待台阶,1,0.0000,0.150,0.330
5583.877,SEEK_ROUNDABOUT,2.363,0,0.361,0.0000,0.0000,none,,,,tracking,0.1450,-0.0775,1,line_curve_center_riding,0.0821,0.0946,-0.1133,-0.3562,0.7687,6,0.2079,0.2429,0.4508,-0.1250,-0.0775,IDLE,0,0,step_zone_before_min seek=0.30<1.25,0,0,0.000,0,nan,nan,nan,0.0000,0,5,0.0000,0.0000,0.0000,0.0000,0.0000,等待台阶,1,0.0000,0.150,0.330
5584.304,SEEK_ROUNDABOUT,2.791,0,0.539,0.0000,0.0000,none,,,,tracking,0.1700,0.0711,1,line_curve_center_riding,-0.2031,-0.1892,-0.4200,-0.4200,0.5929,4,0.2308,0.0000,0.2308,-0.3431,0.0711,IDLE,0,0,step_zone_before_min seek=0.36<1.25,0,0,0.000,0,nan,nan,nan,0.0000,0,5,0.0000,0.0000,0.0000,0.0000,0.0000,等待台阶,1,0.0000,0.150,0.330
5584.470,SEEK_ROUNDABOUT,2.957,0,0.595,0.0000,0.0000,none,,,,tracking,0.1450,0.1715,1,line_curve_center_riding,-0.2464,-0.2227,-0.6184,-0.6184,0.5613,4,0.3958,0.0000,0.3958,-0.4865,0.1715,IDLE,0,0,step_zone_before_min seek=0.54<1.25,0,0,0.000,0,nan,nan,nan,0.0000,0,5,0.0000,0.0000,0.0000,0.0000,0.0000,等待台阶,1,0.0000,0.150,0.330
5584.633,SEEK_ROUNDABOUT,3.120,0,0.640,0.0000,0.0000,none,,,,tracking,0.1506,0.3712,1,line_center_tracking,-0.5162,-0.5115,-0.5284,-0.5284,0.4275,2,0.0169,0.0000,0.0169,-0.5228,0.3712,IDLE,0,0,step_zone_before_min seek=0.59<1.25,0,0,0.000,0,nan,nan,nan,0.0000,0,5,0.0000,0.0000,0.0000,0.0000,0.0000,等待台阶,1,0.0000,0.150,0.330
5585.056,SEEK_ROUNDABOUT,3.543,0,0.737,0.0000,0.0000,none,,,,tracking,0.1375,0.4373,1,line_center_tracking,-0.4845,-0.4760,-0.5062,-0.5062,0.3899,2,0.0303,0.0000,0.0303,-0.4962,0.4373,IDLE,0,0,step_zone_before_min seek=0.64<1.25,0,0,0.000,0,nan,nan,nan,0.0000,0,5,0.0000,0.0000,0.0000,0.0000,0.0000,等待台阶,1,0.0000,0.150,0.330
5585.248,SEEK_ROUNDABOUT,3.735,0,0.761,0.0000,0.0000,none,,,,tracking,0.1450,0.3580,1,line_curve_center_riding,-0.2669,-0.2387,-0.7098,-0.7098,0.4094,3,0.4712,0.0000,0.4712,-0.5528,0.3580,IDLE,0,0,step_zone_before_min seek=0.74<1.25,0,0,0.000,0,nan,nan,nan,0.0000,0,5,0.0000,0.0000,0.0000,0.0000,0.0000,等待台阶,1,0.0000,0.150,0.330
5585.414,SEEK_ROUNDABOUT,3.901,0,0.773,0.0000,0.0000,none,,,,tracking,0.1643,0.3334,1,line_center_tracking,-0.2833,-0.2770,-0.2998,-0.2998,0.4108,2,0.0228,0.0000,0.0228,-0.2922,0.3334,IDLE,0,0,step_zone_before_min seek=0.76<1.25,0,0,0.000,0,1.5600,nan,0.0493,0.9097,4,5,0.0000,0.0000,0.0000,0.0000,0.0000,等待台阶,1,0.0000,0.150,0.330
5585.554,SEEK_ROUNDABOUT,4.040,0,0.778,0.0000,0.0000,none,,,,tracking,0.1450,0.1783,1,line_curve_center_riding,-0.0393,-0.0131,-0.4491,-0.5155,0.4424,3,0.4360,0.0664,0.5024,-0.3259,0.1783,IDLE,0,0,step_zone_before_min seek=0.77<1.25,0,0,0.000,1,1.5500,nan,0.0515,0.9384,8,5,0.0000,0.0000,0.0000,0.0000,0.0000,等待台阶,1,0.0000,0.150,0.330
5585.703,SEEK_ROUNDABOUT,4.190,0,0.778,0.0000,0.0000,none,,,,tracking,0.1450,0.0588,1,line_recenter_transition,0.0560,0.0659,-0.4299,-0.5068,0.4271,3,0.4958,0.0769,0.5727,-0.2903,0.0588,IDLE,0,0,step_zone_before_min seek=0.78<1.25,0,0,0.000,1,1.5100,nan,0.0514,0.9398,13,5,0.0000,0.0000,0.0000,0.0000,0.0000,等待台阶,1,0.0000,0.150,0.330
5585.848,SEEK_ROUNDABOUT,4.335,0,0.779,0.0000,0.0000,none,,,,tracking,0.1450,-0.0466,1,line_recenter_transition,0.1389,0.1491,-0.3643,-0.4488,0.5337,4,0.5134,0.0846,0.5980,-0.2213,-0.0466,IDLE,0,0,step_zone_before_min seek=0.78<1.25,0,0,0.000,1,1.4700,nan,0.0473,0.8899,17,5,0.0000,0.0000,0.0000,0.0000,0.0000,等待台阶,1,0.0000,0.150,0.330
5586.054,SEEK_ROUNDABOUT,4.540,0,0.782,0.0000,0.0000,none,,,,tracking,0.1450,-0.1133,1,line_recenter_transition,0.1727,0.1823,-0.2985,-0.4020,0.5499,4,0.4808,0.1035,0.5843,-0.1727,-0.1133,IDLE,0,0,step_zone_before_min seek=0.78<1.25,0,0,0.000,0,nan,nan,nan,0.0000,0,5,0.0000,0.0000,0.0000,0.0000,0.0000,等待台阶,1,0.0000,0.150,0.330
5586.237,SEEK_ROUNDABOUT,4.724,0,0.787,0.0000,0.0000,none,,,,tracking,0.1450,-0.1770,1,line_recenter_transition,0.2225,0.2343,-0.3545,-0.4575,0.4171,3,0.5888,0.1030,0.6918,-0.1926,-0.1770,IDLE,0,0,step_zone_before_min seek=0.78<1.25,0,0,0.000,0,nan,nan,nan,0.0000,0,5,0.0000,0.0000,0.0000,0.0000,0.0000,等待台阶,1,0.0000,0.150,0.330
5586.410,SEEK_ROUNDABOUT,4.896,0,0.797,0.0000,0.0000,none,,,,tracking,0.1450,-0.1156,1,line_recenter_transition,0.0608,0.0701,-0.3937,-0.4599,0.4311,3,0.4638,0.0662,0.5300,-0.2612,-0.1156,IDLE,0,0,step_zone_before_min seek=0.79<1.25,0,0,0.000,0,nan,nan,nan,0.0000,0,5,0.0000,0.0000,0.0000,0.0000,0.0000,等待台阶,1,0.0000,0.150,0.330
5586.545,SEEK_ROUNDABOUT,5.031,0,0.806,0.0000,0.0000,none,,,,tracking,0.1450,-0.0273,1,line_curve_center_riding,-0.0485,-0.0214,-0.4740,-0.4740,0.4293,3,0.4526,0.0000,0.4526,-0.3231,-0.0273,IDLE,0,0,step_zone_before_min seek=0.80<1.25,0,0,0.000,0,nan,nan,nan,0.0000,0,5,0.0000,0.0000,0.0000,0.0000,0.0000,等待台阶,1,0.0000,0.150,0.330
5586.685,SEEK_ROUNDABOUT,5.172,0,0.820,0.0000,0.0000,none,,,,tracking,0.1450,0.0380,1,line_curve_center_riding,-0.0955,-0.0701,-0.4928,-0.4928,0.4341,3,0.4227,0.0000,0.4227,-0.3519,0.0380,IDLE,0,0,step_zone_before_min seek=0.81<1.25,0,0,0.000,0,nan,nan,nan,0.0000,0,5,0.0000,0.0000,0.0000,0.0000,0.0000,等待台阶,1,0.0000,0.150,0.330
5586.848,SEEK_ROUNDABOUT,5.334,0,0.836,0.0000,0.0000,none,,,,tracking,0.1450,0.0943,1,line_curve_center_riding,-0.1403,-0.1171,-0.5043,-0.5043,0.4525,3,0.3872,0.0000,0.3872,-0.3752,0.0943,IDLE,0,0,step_zone_before_min seek=0.82<1.25,0,0,0.000,0,nan,nan,nan,0.0000,0,5,0.0000,0.0000,0.0000,0.0000,0.0000,等待台阶,1,0.0000,0.150,0.330
5587.004,SEEK_ROUNDABOUT,5.490,0,0.856,0.0000,0.0000,none,,,,tracking,0.1700,0.2206,1,line_curve_center_riding,-0.3122,-0.3033,-0.4520,-0.4520,0.4868,3,0.1487,0.0000,0.1487,-0.4024,0.2206,IDLE,0,0,step_zone_before_min seek=0.84<1.25,0,0,0.000,0,nan,nan,nan,0.0000,0,5,0.0000,0.0000,0.0000,0.0000,0.0000,等待台阶,1,0.0000,0.150,0.330
5587.170,SEEK_ROUNDABOUT,5.657,0,0.880,0.0000,0.0000,none,,,,tracking,0.1700,0.2858,1,line_curve_center_riding,-0.3291,-0.3191,-0.4854,-0.4854,0.4849,3,0.1663,0.0000,0.1663,-0.4300,0.2858,IDLE,0,0,step_zone_before_min seek=0.86<1.25,0,0,0.000,0,nan,nan,nan,0.0000,0,5,0.0000,0.0000,0.0000,0.0000,0.0000,等待台阶,1,0.0000,0.150,0.330
5587.322,SEEK_ROUNDABOUT,5.809,0,0.904,0.0000,0.0000,none,,,,tracking,0.1622,0.3415,1,line_curve_center_riding,-0.3673,-0.3562,-0.5401,-0.5401,0.3326,2,0.1838,0.0000,0.1838,-0.4788,0.3415,IDLE,0,0,step_zone_before_min seek=0.88<1.25,0,0,0.000,0,nan,nan,nan,0.0000,0,5,0.0000,0.0000,0.0000,0.0000,0.0000,等待台阶,1,0.0000,0.150,0.330
5587.479,SEEK_ROUNDABOUT,5.966,0,0.929,0.0000,0.0000,none,,,,tracking,0.1597,0.3510,1,line_curve_center_riding,-0.3379,-0.3249,-0.5423,-0.5423,0.4504,3,0.2175,0.0000,0.2175,-0.4699,0.3510,IDLE,0,0,step_zone_before_min seek=0.90<1.25,0,0,0.000,0,nan,nan,nan,0.0000,0,5,0.0000,0.0000,0.0000,0.0000,0.0000,等待台阶,1,0.0000,0.150,0.330
5587.627,SEEK_ROUNDABOUT,6.114,0,0.963,0.0000,0.0000,none,,,,tracking,0.1515,0.3829,1,line_curve_center_riding,-0.3816,-0.3701,-0.5609,-0.5609,0.4647,3,0.1908,0.0000,0.1908,-0.4973,0.3829,IDLE,0,0,step_zone_before_min seek=0.93<1.25,0,0,0.000,0,nan,nan,nan,0.0000,0,5,0.0000,0.0000,0.0000,0.0000,0.0000,等待台阶,1,0.0000,0.150,0.330
5587.785,SEEK_ROUNDABOUT,6.271,0,0.997,0.0000,0.0000,none,,,,tracking,0.1520,0.3810,1,line_curve_center_riding,-0.3540,-0.3393,-0.5842,-0.5842,0.4427,3,0.2449,0.0000,0.2449,-0.5026,0.3810,IDLE,0,0,step_zone_before_min seek=0.96<1.25,0,0,0.000,0,nan,nan,nan,0.0000,0,5,0.0000,0.0000,0.0000,0.0000,0.0000,等待台阶,1,0.0000,0.150,0.330
5587.942,SEEK_ROUNDABOUT,6.428,0,1.026,0.0000,0.0000,none,,,,tracking,0.1369,0.4396,1,line_center_tracking,-0.4552,-0.4453,-0.4807,-0.4807,0.3754,2,0.0354,0.0000,0.0354,-0.4689,0.4396,IDLE,0,0,step_zone_before_min seek=1.00<1.25,0,0,0.000,0,nan,nan,nan,0.0000,0,5,0.0000,0.0000,0.0000,0.0000,0.0000,等待台阶,1,0.0000,0.150,0.330
5588.098,SEEK_ROUNDABOUT,6.585,0,1.064,0.0000,0.0000,none,,,,tracking,0.1265,0.4804,1,line_center_tracking,-0.4826,-0.4747,-0.5031,-0.5031,0.3952,2,0.0284,0.0000,0.0284,-0.4936,0.4804,IDLE,0,0,step_zone_before_min seek=1.03<1.25,0,0,0.000,0,nan,nan,nan,0.0000,0,5,0.0000,0.0000,0.0000,0.0000,0.0000,等待台阶,1,0.0000,0.150,0.330
5588.267,SEEK_ROUNDABOUT,6.754,0,1.103,0.0000,0.0000,none,,,,tracking,0.1436,0.4138,1,line_curve_center_riding,-0.3316,-0.3137,-0.6117,-0.6117,0.3226,2,0.2980,0.0000,0.2980,-0.5124,0.4138,IDLE,0,0,step_zone_before_min seek=1.06<1.25,0,0,0.000,0,nan,nan,nan,0.0000,0,5,0.0000,0.0000,0.0000,0.0000,0.0000,等待台阶,1,0.0000,0.150,0.330
5588.417,SEEK_ROUNDABOUT,6.904,0,1.139,0.0000,0.0000,none,,,,tracking,0.1450,0.4041,1,line_curve_center_riding,-0.3619,-0.3425,-0.6652,-0.6652,0.5587,4,0.3227,0.0000,0.3227,-0.5577,0.4041,IDLE,0,0,step_zone_before_min seek=1.10<1.25,0,0,0.000,0,nan,nan,nan,0.0000,0,5,0.0000,0.0000,0.0000,0.0000,0.0000,等待台阶,1,0.0000,0.150,0.330
5588.577,SEEK_ROUNDABOUT,7.064,0,1.178,0.0000,0.0000,none,,,,tracking,0.1042,0.5672,1,line_curve_center_riding,-0.6578,-0.6501,-0.7777,-0.7777,0.3953,2,0.1275,0.0000,0.1275,-0.7352,0.5672,IDLE,0,0,step_zone_before_min seek=1.14<1.25,0,0,0.000,0,nan,nan,nan,0.0000,0,5,0.0000,0.0000,0.0000,0.0000,0.0000,等待台阶,1,0.0000,0.150,0.330
5588.731,SEEK_ROUNDABOUT,7.218,0,1.217,0.0000,0.0000,none,,,,tracking,0.1402,0.4269,1,line_curve_center_riding,-0.2934,-0.2732,-0.6104,-0.6262,0.6663,5,0.3372,0.0158,0.3530,-0.5033,0.4269,IDLE,0,0,step_zone_before_min seek=1.18<1.25,0,0,0.000,0,nan,nan,nan,0.0000,0,5,0.0000,0.0000,0.0000,0.0000,0.0000,等待台阶,1,0.0000,0.150,0.330
5588.887,SEEK_ROUNDABOUT,7.373,0,1.250,0.8000,0.3500,none,,,,tracking,0.1315,0.4608,1,line_curve_center_riding,-0.4444,-0.4320,-0.6381,-0.6698,0.6005,4,0.2061,0.0317,0.2378,-0.5800,0.4608,IDLE,0,0,step_zone_before_min seek=1.22<1.25,0,0,0.000,0,nan,nan,nan,0.0000,0,5,0.0000,0.0000,0.0000,0.0000,0.0000,等待台阶,1,0.0000,0.150,0.330
5589.037,SEEK_ROUNDABOUT,7.524,0,1.274,0.0000,0.0500,none,,,,tracking,0.1688,0.3157,1,line_curve_center_riding,-0.1764,-0.1598,-0.4374,-0.5306,0.7687,6,0.2776,0.0932,0.3708,-0.3759,0.3157,IDLE,0,0,step_zone_before_min seek=1.25<1.25,0,0,1.000,0,1.0000,1.0000,0.0454,0.9053,4,5,0.0000,0.0000,0.0000,0.0000,0.0000,等待台阶,1,0.0000,0.150,0.330
5589.194,SEEK_ROUNDABOUT,7.680,0,1.274,0.0000,0.0500,none,,,,step_align_heading/course_events_frozen,0.1181,0.3400,1,line_curve_center_riding,-0.1117,-0.0964,-0.3516,-0.4507,0.7709,6,0.2552,0.0991,0.3543,-0.2996,0.3400,IDLE,0,1,step_confirmed_slow_align d=0.990,0,0,2.000,1,0.9800,0.9900,0.0464,0.9236,8,5,0.0000,0.0000,0.0000,0.0000,0.0000,等待台阶,1,0.0000,0.150,0.330
5589.344,SEEK_ROUNDABOUT,7.830,0,1.274,0.0000,0.0500,none,,,,step_align_heading/course_events_frozen,0.0675,0.3400,1,line_curve_center_riding,-0.0707,-0.0567,-0.2910,-0.3828,0.7762,6,0.2343,0.0918,0.3261,-0.2435,0.3400,IDLE,0,1,step_confirmed_slow_align d=0.980,0,0,3.000,1,0.9500,0.9800,0.0451,0.9067,12,5,0.0000,0.0000,0.0000,0.0000,0.0000,等待台阶,1,0.0000,0.150,0.330
5589.507,SEEK_ROUNDABOUT,7.993,0,1.274,0.0000,0.0500,none,,,,step_align_heading/course_events_frozen,0.0450,0.3400,1,line_curve_center_riding,-0.0165,-0.0031,-0.2259,-0.3102,0.7786,6,0.2228,0.0843,0.3071,-0.1797,0.3400,IDLE,0,1,step_confirmed_slow_align d=0.965,0,0,4.000,1,0.9300,0.9650,0.0457,0.9142,17,5,0.0000,0.0000,0.0000,0.0000,0.0000,等待台阶,1,0.0000,0.150,0.330
5589.643,SEEK_ROUNDABOUT,8.130,0,1.274,0.0000,0.0500,none,,,,step_align_heading/course_events_frozen,0.0450,0.3400,1,line_curve_center_riding,0.0426,0.0558,-0.1636,-0.1850,0.6897,5,0.2195,0.0214,0.2408,-0.0976,0.3400,IDLE,0,1,step_confirmed_slow_align d=0.950,0,0,5.000,1,0.9200,0.9500,0.0463,0.9217,20,5,0.0000,0.0000,0.0000,0.0000,0.0000,等待台阶,1,0.0000,0.150,0.330
5589.786,SEEK_ROUNDABOUT,8.273,0,1.274,0.0000,0.0500,none,,,,step_align_heading/course_events_frozen,0.0450,0.2952,1,line_curve_center_riding,0.0432,0.0538,-0.1228,-0.2154,0.7872,6,0.1766,0.0926,0.2692,-0.0948,0.2952,IDLE,0,1,step_confirmed_slow_align d=0.930,0,0,6.000,1,0.9000,0.9300,0.0475,0.9376,24,5,0.0000,0.0000,0.0000,0.0000,0.0000,等待台阶,1,0.0000,0.150,0.330
5589.993,SEEK_ROUNDABOUT,8.480,0,1.393,0.0000,0.0000,none,,,,tracking,0.0957,-0.0381,1,line_curve_center_riding,0.1348,0.1449,-0.0236,-0.0440,0.6132,4,0.1684,0.0205,0.1889,0.0258,-0.0381,IDLE,0,0,fixed_candidate_confirm 1/3,0,0,6.000,1,0.8900,0.9200,0.0477,0.9409,29,5,0.0000,0.0000,0.0000,0.0000,0.0000,等待台阶,1,0.0000,0.150,0.330
5590.160,SEEK_ROUNDABOUT,8.647,0,1.406,0.0000,0.0000,none,,,,tracking,0.1463,-0.1597,1,line_curve_center_riding,0.1597,0.1681,0.0276,0.0087,0.7111,5,0.1405,0.0188,0.1594,0.0681,-0.1597,IDLE,0,0,fixed_candidate_confirm 2/3,0,0,6.000,1,0.8700,0.9000,0.0480,0.9447,33,5,0.0000,0.0000,0.0000,0.0000,0.0000,等待台阶,1,0.0000,0.150,0.330
5590.308,SEEK_ROUNDABOUT,8.794,0,1.406,0.0000,0.0000,none,,,,step_align_heading/course_events_frozen,0.0957,0.1736,1,line_curve_center_riding,0.3340,0.3446,0.1680,-0.2268,0.7500,6,0.1766,0.3949,0.5714,0.0953,0.1736,IDLE,0,1,step_confirmed_slow_align d=0.890,0,0,6.000,1,0.8600,0.8900,0.0482,0.9476,36,5,0.0000,0.0000,0.0000,0.0000,0.0000,等待台阶,1,0.0000,0.150,0.330
5590.455,SEEK_ROUNDABOUT,8.942,0,1.406,0.0000,0.0000,none,,,,step_align_heading/course_events_frozen,0.0450,0.1583,1,line_curve_center_riding,0.1545,0.1626,0.0278,-0.0719,0.7942,6,0.1348,0.0997,0.2345,0.0395,0.1583,IDLE,0,1,fixed_sprint_approach depth=0.870>0.715 center=+0.039 hd=0.135,1,0,6.000,1,0.8600,0.8700,0.0489,0.9567,39,5,0.0000,0.0000,0.0000,0.0000,0.0000,等待台阶,1,0.0000,0.150,0.330
5590.598,SEEK_ROUNDABOUT,9.084,0,1.406,0.0000,0.0000,none,,,,step_align_heading/course_events_frozen,0.0450,0.1742,1,line_curve_center_riding,0.1919,0.2016,0.0388,-0.0129,0.7908,6,0.1628,0.0517,0.2145,0.0759,0.1742,IDLE,0,1,fixed_sprint_approach depth=0.860>0.715 center=+0.076 hd=0.163,1,0,6.000,1,0.8500,0.8600,0.0489,0.9572,43,5,0.0000,0.0000,0.0000,0.0000,0.0000,等待台阶,1,0.0000,0.150,0.330
5590.736,SEEK_ROUNDABOUT,9.223,0,1.406,0.0000,0.0000,none,,,,step_align_heading/course_events_frozen,0.0450,0.1733,1,line_curve_center_riding,0.2581,0.2694,0.0806,0.0583,0.6088,4,0.1889,0.0222,0.2111,0.1361,0.1733,IDLE,0,1,fixed_sprint_approach depth=0.860>0.715 center=+0.136 hd=0.189,1,0,6.000,1,0.8400,0.8600,0.0497,0.9672,46,5,0.0000,0.0000,0.0000,0.0000,0.0000,等待台阶,1,0.0000,0.150,0.330
5590.887,SEEK_ROUNDABOUT,9.374,0,1.406,0.0000,0.0000,none,,,,step_align_heading/course_events_frozen,0.0450,0.1219,1,line_curve_center_riding,0.1875,0.1952,0.0655,0.0053,0.7980,6,0.1297,0.0602,0.1900,0.0887,0.1219,IDLE,0,1,fixed_sprint_approach depth=0.850>0.715 center=+0.089 hd=0.130,1,0,6.000,1,0.8400,0.8500,0.0498,0.9696,49,5,0.0000,0.0000,0.0000,0.0000,0.0000,等待台阶,1,0.0000,0.150,0.330
5591.043,SEEK_ROUNDABOUT,9.530,0,1.406,0.0000,0.0000,none,,,,step_align_heading/course_events_frozen,0.0450,0.0938,1,line_center_tracking,0.1809,0.2145,0.0946,0.0316,0.7989,6,0.1199,0.0629,0.1829,0.1136,0.0938,IDLE,0,1,fixed_sprint_approach depth=0.840>0.715 center=+0.114 hd=0.120,1,0,6.000,1,0.8400,0.8400,0.0490,0.9586,53,5,0.0000,0.0000,0.0000,0.0000,0.0000,等待台阶,1,0.0000,0.150,0.330
5591.224,SEEK_ROUNDABOUT,9.710,0,1.406,0.0000,0.0000,none,,,,step_align_heading/course_events_frozen,0.0450,0.0734,1,line_curve_center_riding,0.2496,0.2573,0.1293,0.1104,0.6210,4,0.1280,0.0189,0.1469,0.1657,0.0734,IDLE,0,1,fixed_sprint_approach depth=0.840>0.715 center=+0.166 hd=0.128,1,0,6.000,1,0.8300,0.8400,0.0499,0.9696,57,5,0.0000,0.0000,0.0000,0.0000,0.0000,等待台阶,1,0.0000,0.150,0.330
5591.382,SEEK_ROUNDABOUT,9.869,0,1.406,0.0000,0.0000,none,,,,step_align_heading/course_events_frozen,0.0450,0.0657,1,line_curve_center_riding,0.2861,0.2940,0.1622,0.1049,0.7973,6,0.1318,0.0573,0.1891,0.1871,0.0657,IDLE,0,1,fixed_sprint_approach depth=0.840>0.715 center=+0.187 hd=0.132,1,0,6.000,1,0.8300,0.8400,0.0488,0.9573,60,5,0.0000,0.0000,0.0000,0.0000,0.0000,等待台阶,1,0.0000,0.150,0.330
5591.540,SEEK_ROUNDABOUT,10.027,0,1.406,0.0000,0.0000,none,,,,step_align_heading/course_events_frozen,0.0450,0.0613,1,line_curve_center_riding,0.3080,0.3162,0.1792,0.1232,0.7961,6,0.1370,0.0559,0.1930,0.2062,0.0613,IDLE,0,1,fixed_sprint_approach depth=0.830>0.715 center=+0.206 hd=0.137,1,0,6.000,1,0.8300,0.8300,0.0488,0.9558,63,5,0.0000,0.0000,0.0000,0.0000,0.0000,等待台阶,1,0.0000,0.150,0.330
5591.682,SEEK_ROUNDABOUT,10.169,0,1.406,0.0000,0.0000,none,,,,step_align_heading/course_events_frozen,0.0450,0.0318,1,line_curve_center_riding,0.4334,0.4406,0.3208,-0.1119,0.6509,5,0.1198,0.4328,0.5526,0.2165,0.0318,IDLE,0,1,fixed_sprint_approach depth=0.830>0.715 center=+0.217 hd=0.120,1,0,6.000,1,0.8400,0.8300,0.0494,0.9646,66,5,0.0000,0.0000,0.0000,0.0000,0.0000,等待台阶,1,0.0000,0.150,0.330
5591.828,SEEK_ROUNDABOUT,10.315,0,1.406,0.0000,0.0000,none,,,,step_align_heading/course_events_frozen,0.0450,0.0467,1,line_curve_center_riding,0.3227,0.3307,0.1968,0.1433,0.7100,5,0.1339,0.0535,0.1874,0.2236,0.0467,IDLE,0,1,fixed_sprint_approach depth=0.830>0.715 center=+0.224 hd=0.134,1,0,6.000,1,0.8300,0.8300,0.0497,0.9681,69,5,0.0000,0.0000,0.0000,0.0000,0.0000,等待台阶,1,0.0000,0.150,0.330
5591.981,SEEK_ROUNDABOUT,10.468,0,1.406,0.0000,0.0000,none,,,,step_align_heading/course_events_frozen,0.0450,0.0431,1,line_curve_center_riding,0.3636,0.3726,0.2220,0.2064,0.6112,4,0.1506,0.0156,0.1662,0.2670,0.0431,IDLE,0,1,fixed_sprint_approach depth=0.830>0.715 center=+0.267 hd=0.151,1,0,6.000,1,0.8400,0.8300,0.0495,0.9662,73,5,0.0000,0.0000,0.0000,0.0000,0.0000,等待台阶,1,0.0000,0.150,0.330
5592.119,SEEK_ROUNDABOUT,10.605,0,1.406,0.0000,0.0000,none,,,,step_align_heading/course_events_frozen,0.0450,0.0386,1,line_curve_center_riding,0.3533,0.3617,0.2222,0.1650,0.7952,6,0.1395,0.0572,0.1967,0.2496,0.0386,IDLE,0,1,fixed_sprint_approach depth=0.840>0.715 center=+0.250 hd=0.140,1,0,6.000,1,0.8400,0.8400,0.0490,0.9583,76,5,0.0000,0.0000,0.0000,0.0000,0.0000,等待台阶,1,0.0000,0.150,0.330
5592.265,SEEK_ROUNDABOUT,10.751,0,1.406,0.0000,0.0000,none,,,,step_align_heading/course_events_frozen,0.0450,0.0297,1,line_curve_center_riding,0.3841,0.3931,0.2431,0.2276,0.7029,5,0.1500,0.0155,0.1655,0.2879,0.0297,IDLE,0,1,fixed_sprint_approach depth=0.840>0.715 center=+0.288 hd=0.150,1,0,6.000,1,0.8400,0.8400,0.0493,0.9631,79,5,0.0000,0.0000,0.0000,0.0000,0.0000,等待台阶,1,0.0000,0.150,0.330
5592.410,SEEK_ROUNDABOUT,10.897,0,1.406,0.0000,0.0000,none,,,,step_align_heading/course_events_frozen,0.0450,0.0199,1,line_curve_center_riding,0.3838,0.3925,0.2483,0.2332,0.7067,5,0.1442,0.0150,0.1592,0.2913,0.0199,IDLE,0,1,fixed_sprint_approach depth=0.840>0.715 center=+0.291 hd=0.144,1,0,6.000,1,0.8400,0.8400,0.0494,0.9635,82,5,0.0000,0.0000,0.0000,0.0000,0.0000,等待台阶,1,0.0000,0.150,0.330
5592.574,SEEK_ROUNDABOUT,11.060,0,1.406,0.0000,0.0000,none,,,,step_align_heading/course_events_frozen,0.0450,0.0423,1,line_curve_center_riding,0.4675,0.4787,0.2917,0.2803,0.6127,4,0.1870,0.0115,0.1984,0.3502,0.0423,IDLE,0,1,fixed_sprint_approach depth=0.840>0.715 center=+0.350 hd=0.187,1,0,6.000,1,0.8300,0.8400,0.0501,0.9708,85,5,0.0000,0.0000,0.0000,0.0000,0.0000,等待台阶,1,0.0000,0.150,0.330
5592.708,SEEK_ROUNDABOUT,11.195,0,1.406,0.0000,0.0000,none,,,,step_align_heading/course_events_frozen,0.0450,0.0034,1,line_curve_center_riding,0.3892,0.3974,0.2609,0.2465,0.7093,5,0.1365,0.0143,0.1509,0.3016,0.0034,IDLE,0,1,fixed_sprint_approach depth=0.840>0.715 center=+0.302 hd=0.137,1,0,6.000,1,0.8300,0.8400,0.0500,0.9732,88,5,0.0000,0.0000,0.0000,0.0000,0.0000,等待台阶,1,0.0000,0.150,0.330
5592.848,SEEK_ROUNDABOUT,11.335,0,1.406,0.0000,0.0000,none,,,,step_align_heading/course_events_frozen,0.0450,-0.0077,1,line_center_tracking,0.3373,0.3695,0.2545,0.1910,0.7988,6,0.1150,0.0635,0.1785,0.2717,-0.0077,IDLE,0,1,fixed_sprint_approach depth=0.830>0.715 center=+0.272 hd=0.115,1,0,6.000,1,0.8300,0.8300,0.0496,0.9667,91,5,0.0000,0.0000,0.0000,0.0000,0.0000,等待台阶,1,0.0000,0.150,0.330
5592.996,SEEK_ROUNDABOUT,11.483,0,1.406,0.0000,0.0000,none,,,,step_align_heading/course_events_frozen,0.0450,-0.0041,1,line_curve_center_riding,0.4444,0.4536,0.3008,0.2976,0.6216,4,0.1528,0.0032,0.1560,0.3507,-0.0041,IDLE,0,1,fixed_sprint_approach depth=0.830>0.715 center=+0.351 hd=0.153,1,0,6.000,1,0.8300,0.8300,0.0498,0.9690,94,5,0.0000,0.0000,0.0000,0.0000,0.0000,等待台阶,1,0.0000,0.150,0.330
5593.133,SEEK_ROUNDABOUT,11.620,0,1.406,0.0000,0.0000,none,,,,step_align_heading/course_events_frozen,0.0450,-0.0084,1,line_curve_center_riding,0.3880,0.3958,0.2664,0.2531,0.7101,5,0.1294,0.0133,0.1427,0.3051,-0.0084,IDLE,0,1,fixed_sprint_approach depth=0.830>0.715 center=+0.305 hd=0.129,1,0,6.000,1,0.8300,0.8300,0.0503,0.9686,97,5,0.0000,0.0000,0.0000,0.0000,0.0000,等待台阶,1,0.0000,0.150,0.330
5593.288,SEEK_ROUNDABOUT,11.774,0,1.406,0.0000,0.0000,none,,,,step_align_heading/course_events_frozen,0.0450,-0.0516,1,line_center_tracking,0.2874,0.3082,0.2338,0.2186,0.5345,3,0.0744,0.0152,0.0897,0.2535,-0.0516,IDLE,0,1,fixed_sprint_approach depth=0.830>0.715 center=+0.254 hd=0.074,1,0,6.000,1,0.8300,0.8300,0.0489,0.9578,100,5,0.0000,0.0000,0.0000,0.0000,0.0000,等待台阶,1,0.0000,0.150,0.330
5593.429,SEEK_ROUNDABOUT,11.915,0,1.406,0.0000,0.0000,none,,,,step_align_heading/course_events_frozen,0.0450,0.0227,1,line_curve_center_riding,0.4204,0.4299,0.2708,0.2598,0.7018,5,0.1591,0.0110,0.1701,0.3202,0.0227,IDLE,0,1,fixed_sprint_approach depth=0.830>0.715 center=+0.320 hd=0.159,1,0,6.000,1,0.8300,0.8300,0.0492,0.9625,103,5,0.0000,0.0000,0.0000,0.0000,0.0000,等待台阶,1,0.0000,0.150,0.330
5593.594,SEEK_ROUNDABOUT,12.080,0,1.406,0.0000,0.0000,none,,,,step_align_heading/course_events_frozen,0.0450,-0.0412,1,line_center_tracking,0.2667,0.2872,0.2142,0.1976,0.5345,3,0.0730,0.0165,0.0896,0.2330,-0.0412,IDLE,0,1,fixed_sprint_approach depth=0.830>0.715 center=+0.233 hd=0.073,1,0,6.000,1,0.8300,0.8300,0.0498,0.9697,107,5,0.0000,0.0000,0.0000,0.0000,0.0000,等待台阶,1,0.0000,0.150,0.330
5593.735,SEEK_ROUNDABOUT,12.221,0,1.406,0.0000,0.0000,none,,,,step_align_heading/course_events_frozen,0.0450,0.0245,1,line_curve_center_riding,0.4018,0.4110,0.2578,0.2431,0.7033,5,0.1533,0.0147,0.1680,0.3040,0.0245,IDLE,0,1,fixed_sprint_approach depth=0.830>0.715 center=+0.304 hd=0.153,1,0,6.000,1,0.8300,0.8300,0.0499,0.9710,110,5,0.0000,0.0000,0.0000,0.0000,0.0000,等待台阶,1,0.0000,0.150,0.330
5593.886,SEEK_ROUNDABOUT,12.373,0,1.406,0.0000,0.0000,none,,,,step_align_heading/course_events_frozen,0.0450,0.0344,1,line_curve_center_riding,0.4152,0.4251,0.2612,0.2472,0.7025,5,0.1638,0.0140,0.1778,0.3112,0.0344,IDLE,0,1,fixed_sprint_approach depth=0.830>0.715 center=+0.311 hd=0.164,1,0,6.000,1,0.8200,0.8300,0.0493,0.9634,113,5,0.0000,0.0000,0.0000,0.0000,0.0000,等待台阶,1,0.0000,0.150,0.330
5594.050,SEEK_ROUNDABOUT,12.536,0,1.406,0.0000,0.0000,none,,,,step_align_heading/course_events_frozen,0.0450,-0.0206,1,line_center_tracking,0.2780,0.3032,0.2132,0.1940,0.6278,4,0.0900,0.0192,0.1092,0.2368,-0.0206,IDLE,0,1,fixed_sprint_approach depth=0.830>0.715 center=+0.237 hd=0.090,1,0,6.000,1,0.8200,0.8300,0.0498,0.9690,116,5,0.0000,0.0000,0.0000,0.0000,0.0000,等待台阶,1,0.0000,0.150,0.330
5594.201,SEEK_ROUNDABOUT,12.688,0,1.406,0.0000,0.0000,none,,,,step_align_heading/course_events_frozen,0.0450,-0.0426,1,line_center_tracking,0.2767,0.2980,0.2217,0.2084,0.5345,3,0.0763,0.0133,0.0896,0.2427,-0.0426,IDLE,0,1,fixed_sprint_approach depth=0.820>0.715 center=+0.243 hd=0.076,1,0,6.000,1,0.8200,0.8200,0.0487,0.9553,119,5,0.0000,0.0000,0.0000,0.0000,0.0000,等待台阶,1,0.0000,0.150,0.330
5594.413,SEEK_ROUNDABOUT,12.899,0,1.406,0.0000,0.0000,none,,,,step_align_heading/course_events_frozen,0.0450,-0.0366,1,line_center_tracking,0.2705,0.2923,0.2144,0.2019,0.5343,3,0.0779,0.0125,0.0904,0.2362,-0.0366,IDLE,0,1,fixed_sprint_approach depth=0.820>0.715 center=+0.236 hd=0.078,1,0,6.000,1,0.8100,0.8200,0.0493,0.9630,124,5,0.0000,0.0000,0.0000,0.0000,0.0000,等待台阶,1,0.0000,0.150,0.330
5594.547,SEEK_ROUNDABOUT,13.034,0,1.406,0.0000,0.0000,none,,,,step_align_heading/course_events_frozen,0.0450,0.0060,1,line_center_tracking,0.3004,0.3328,0.2171,0.2011,0.6241,4,0.1157,0.0161,0.1318,0.2503,0.0060,IDLE,0,1,fixed_sprint_approach depth=0.820>0.715 center=+0.250 hd=0.116,1,0,6.000,1,0.8100,0.8200,0.0493,0.9626,127,5,0.0000,0.0000,0.0000,0.0000,0.0000,等待台阶,1,0.0000,0.150,0.330
5594.689,SEEK_ROUNDABOUT,13.175,0,1.406,0.0000,0.0000,none,,,,step_align_slow/course_events_frozen,0.0300,0.0036,1,line_curve_center_riding,0.4579,0.4646,0.3529,-0.0812,0.6667,5,0.1117,0.4341,0.5458,0.2454,0.0036,IDLE,0,1,fixed_sprint_approach depth=0.810>0.715 center=+0.245 hd=0.112,1,0,6.000,1,0.8000,0.8100,0.0496,0.9664,130,5,0.0000,0.0000,0.0000,0.0000,0.0000,等待台阶,1,0.0000,0.150,0.330
5594.825,SEEK_ROUNDABOUT,13.311,0,1.406,0.0000,0.0000,none,,,,step_align_slow/course_events_frozen,0.0300,0.0652,1,line_curve_center_riding,0.3836,0.3935,0.2289,0.1629,0.7059,5,0.1646,0.0660,0.2306,0.2617,0.0652,IDLE,0,1,fixed_sprint_approach depth=0.810>0.715 center=+0.262 hd=0.165,1,0,6.000,1,0.8000,0.8100,0.0491,0.9596,132,5,0.0000,0.0000,0.0000,0.0000,0.0000,等待台阶,1,0.0000,0.150,0.330
5594.962,SEEK_ROUNDABOUT,13.448,0,1.406,0.0000,0.0000,none,,,,step_align_slow/course_events_frozen,0.0300,0.0367,1,line_curve_center_riding,0.3539,0.3627,0.2168,0.2216,0.7122,5,0.1458,0.0048,0.1410,0.2670,0.0367,IDLE,0,1,fixed_sprint_approach depth=0.800>0.715 center=+0.267 hd=0.146,1,0,6.000,1,0.8000,0.8000,0.0493,0.9622,135,5,0.0000,0.0000,0.0000,0.0000,0.0000,等待台阶,1,0.0000,0.150,0.330
5595.127,SEEK_ROUNDABOUT,13.613,0,1.406,0.0000,0.0000,none,,,,step_align_slow/course_events_frozen,0.0300,0.0105,1,line_center_tracking,0.2939,0.3273,0.2083,0.2149,0.7965,6,0.1190,0.0066,0.1124,0.2501,0.0105,IDLE,0,1,fixed_sprint_approach depth=0.800>0.715 center=+0.250 hd=0.119,1,0,6.000,1,0.7900,0.8000,0.0494,0.9642,139,5,0.0000,0.0000,0.0000,0.0000,0.0000,等待台阶,1,0.0000,0.150,0.330
5595.284,SEEK_ROUNDABOUT,13.770,0,1.406,0.0000,0.0000,none,,,,step_align_slow/course_events_frozen,0.0300,-0.1267,1,line_curve_center_riding,0.3534,0.3579,0.2835,0.4943,0.7754,6,0.0744,0.2108,0.1364,0.3786,-0.1267,IDLE,0,1,fixed_sprint_approach depth=0.800>0.715 center=+0.379 hd=0.074,1,0,6.000,1,0.7800,0.8000,0.0490,0.9583,142,5,0.0000,0.0000,0.0000,0.0000,0.0000,等待台阶,1,0.0000,0.150,0.330
5595.439,SEEK_ROUNDABOUT,13.925,0,1.406,0.0000,0.0000,none,,,,step_align_slow/course_events_frozen,0.0300,-0.0246,1,line_center_tracking,0.2917,0.3183,0.2232,0.2232,0.5357,3,0.0951,0.0000,0.0951,0.2549,-0.0246,IDLE,0,1,fixed_sprint_approach depth=0.790>0.715 center=+0.255 hd=0.095,1,0,6.000,1,0.7700,0.7900,0.0499,0.9707,145,5,0.0000,0.0000,0.0000,0.0000,0.0000,等待台阶,1,0.0000,0.150,0.330
5595.572,SEEK_ROUNDABOUT,14.058,0,1.406,0.2000,0.0000,none,,,,step_align_slow/course_events_frozen,0.0300,-0.0048,1,line_center_tracking,0.2731,0.3012,0.2007,0.2007,0.6215,4,0.1005,0.0000,0.1005,0.2342,-0.0048,IDLE,0,1,fixed_sprint_approach depth=0.780>0.715 center=+0.234 hd=0.101,1,0,6.000,1,0.7600,0.7800,0.0490,0.9585,148,5,0.0000,0.0000,0.0000,0.0000,0.0000,等待台阶,1,0.0000,0.150,0.330
5595.719,SEEK_ROUNDABOUT,14.205,0,1.406,0.0000,0.0000,none,,,,step_align_slow/course_events_frozen,0.0300,0.0350,1,line_center_tracking,0.2456,0.2774,0.1637,0.1516,0.7140,5,0.1137,0.0121,0.1258,0.1976,0.0350,IDLE,0,1,fixed_sprint_approach depth=0.770>0.715 center=+0.198 hd=0.114,1,0,6.000,1,0.7600,0.7700,0.0497,0.9688,151,5,0.0000,0.0000,0.0000,0.0000,0.0000,等待台阶,1,0.0000,0.150,0.330
5595.876,SEEK_ROUNDABOUT,14.363,0,1.406,0.0000,0.0000,none,,,,step_align_slow/course_events_frozen,0.0300,0.0151,1,line_center_tracking,0.2336,0.2611,0.1630,0.1630,0.6214,4,0.0981,0.0000,0.0981,0.1957,0.0151,IDLE,0,1,fixed_sprint_approach depth=0.760>0.715 center=+0.196 hd=0.098,1,0,6.000,1,0.7500,0.7600,0.0496,0.9663,154,5,0.0000,0.0000,0.0000,0.0000,0.0000,等待台阶,1,0.0000,0.150,0.330
5596.035,SEEK_ROUNDABOUT,14.521,0,1.406,0.0000,0.0000,none,,,,step_align_slow/course_events_frozen,0.0300,0.0113,1,line_center_tracking,0.2308,0.2573,0.1626,0.1626,0.5359,3,0.0947,0.0000,0.0947,0.1942,0.0113,IDLE,0,1,fixed_sprint_approach depth=0.760>0.715 center=+0.194 hd=0.095,1,0,6.000,1,0.7400,0.7600,0.0498,0.9693,158,5,0.0000,0.0000,0.0000,0.0000,0.0000,等待台阶,1,0.0000,0.150,0.330
5596.175,SEEK_ROUNDABOUT,14.662,0,1.406,0.2000,0.0000,none,,,,step_align_slow/course_events_frozen,0.0300,0.0237,1,line_center_tracking,0.2328,0.2614,0.1592,0.1506,0.7140,5,0.1022,0.0086,0.1108,0.1904,0.0237,IDLE,0,1,fixed_sprint_approach depth=0.750>0.715 center=+0.190 hd=0.102,1,0,6.000,1,0.7300,0.7500,0.0494,0.9649,160,5,0.0000,0.0000,0.0000,0.0000,0.0000,等待台阶,1,0.0000,0.150,0.330
5596.311,SEEK_ROUNDABOUT,14.798,0,1.406,0.0000,0.0000,none,,,,step_align_slow/course_events_frozen,0.0300,0.0135,1,line_center_tracking,0.2353,0.2627,0.1649,0.1649,0.5350,3,0.0978,0.0000,0.0978,0.1975,0.0135,IDLE,0,1,fixed_sprint_approach depth=0.740>0.715 center=+0.198 hd=0.098,1,0,6.000,1,0.7200,0.7400,0.0502,0.9699,163,5,0.0000,0.0000,0.0000,0.0000,0.0000,等待台阶,1,0.0000,0.150,0.330
5596.460,SEEK_ROUNDABOUT,14.947,0,1.406,0.0000,0.0000,none,,,,step_align_creep/course_events_frozen,0.0150,0.0191,1,line_center_tracking,0.2687,0.3006,0.1866,0.1866,0.5220,3,0.1139,0.0000,0.1139,0.2246,0.0191,IDLE,0,1,fixed_sprint_approach depth=0.730>0.715 center=+0.225 hd=0.114,1,0,6.000,1,0.7200,0.7300,0.0499,0.9710,166,5,0.0000,0.0000,0.0000,0.0000,0.0000,等待台阶,1,0.0000,0.150,0.330
5596.596,SEEK_ROUNDABOUT,15.082,0,1.406,0.4000,0.0000,none,,,,step_align_creep/course_events_frozen,0.0150,0.0140,1,line_center_tracking,0.2375,0.2650,0.1667,0.1619,0.7150,5,0.0983,0.0047,0.1031,0.1979,0.0140,IDLE,0,1,fixed_sprint_approach depth=0.720>0.715 center=+0.198 hd=0.098,1,0,6.000,1,0.7200,0.7200,0.0494,0.9643,169,5,0.0000,0.0000,0.0000,0.0000,0.0000,等待台阶,1,0.0000,0.150,0.330
5596.748,SEEK_ROUNDABOUT,15.235,0,1.406,0.2000,0.0000,none,,,,step_align_creep/course_events_frozen,0.0150,0.0014,1,line_center_tracking,0.2400,0.2656,0.1740,0.1721,0.7167,5,0.0917,0.0018,0.0935,0.2039,0.0014,IDLE,0,1,fixed_sprint_approach depth=0.720>0.715 center=+0.204 hd=0.092,1,0,6.000,1,0.7100,0.7200,0.0485,0.9508,172,5,0.0000,0.0000,0.0000,0.0000,0.0000,等待台阶,1,0.0000,0.150,0.330
5596.895,SEEK_ROUNDABOUT,15.382,0,1.406,0.2000,0.0000,none,,,,step_align_creep/course_events_frozen,0.0150,-0.0150,1,line_center_tracking,0.2467,0.2699,0.1868,0.1792,0.6269,4,0.0831,0.0076,0.0907,0.2120,-0.0150,IDLE,0,1,fixed_sprint_approach depth=0.720>0.715 center=+0.212 hd=0.083,1,0,6.000,1,0.7100,0.7200,0.0472,0.9326,175,5,0.0000,0.0000,0.0000,0.0000,0.0000,等待台阶,1,0.0000,0.150,0.330
5597.039,SEEK_ROUNDABOUT,15.525,0,1.406,0.0000,0.0000,none,,,,step_start_window_confirm_hold/course_events_frozen,0.0000,0.0000,1,line_center_tracking,0.2503,0.2689,0.2027,0.2442,0.7096,5,0.0662,0.0415,0.0247,0.2386,0.0000,IDLE,0,1,fixed_start_confirm 1/3 d=0.710,1,0,6.000,1,0.7000,0.7100,0.0467,0.9244,178,5,0.0000,0.0000,0.0000,0.0000,0.0000,等待台阶,1,0.0000,0.150,0.330
5597.192,SEEK_ROUNDABOUT,15.678,0,1.406,0.2000,0.0000,none,,,,step_start_window_confirm_hold/course_events_frozen,0.0000,0.0000,1,line_center_tracking,0.2366,0.2584,0.1804,0.2024,0.7131,5,0.0779,0.0220,0.0560,0.2137,0.0000,IDLE,0,1,fixed_start_confirm 2/3 d=0.710,1,0,6.000,1,0.6900,0.7100,0.0469,0.9282,181,5,0.0000,0.0000,0.0000,0.0000,0.0000,等待台阶,1,0.0000,0.150,0.330
5597.337,SEEK_ROUNDABOUT,15.823,0,1.406,0.0000,0.0000,none,,,,step_approach_begin,0.0000,0.0000,0,,nan,nan,nan,nan,0.0000,0,nan,nan,nan,nan,0.0000,APPROACH,0,0,normalized_depth_start,1,0,6.000,1,0.6800,0.7000,0.0467,0.9235,184,5,0.6000,0.0000,0.0000,0.0000,0.6000,开始按已验证参数直行到起跳距离,1,0.0000,0.150,0.330
5597.710,SEEK_ROUNDABOUT,16.196,0,1.406,0.0000,0.0000,none,,,,step_approach_tested,0.5000,0.0000,0,,nan,nan,nan,nan,0.0000,0,nan,nan,nan,nan,0.0000,APPROACH,0,0,normalized_depth_start,1,0,6.000,1,0.6700,0.6850,0.0449,0.8982,192,5,0.6000,0.1000,0.0109,0.1000,0.5000,APPROACH 恒速前进 source=commanded cmd=0.100 odom=0.011 remaining=0.500,1,0.0000,0.150,0.330
5597.890,SEEK_ROUNDABOUT,16.377,0,1.406,0.0000,0.0000,none,,,,step_approach_tested,0.5000,0.0000,0,,nan,nan,nan,nan,0.0000,0,nan,nan,nan,nan,0.0000,APPROACH,0,0,normalized_depth_start,1,0,6.000,1,0.6800,0.6800,0.0442,0.8869,195,5,0.6000,0.1902,0.0134,0.1902,0.4098,APPROACH 恒速前进 source=commanded cmd=0.190 odom=0.013 remaining=0.410,1,0.0000,0.150,0.330
5598.052,SEEK_ROUNDABOUT,16.539,0,1.406,0.0000,0.0000,none,,,,step_approach_tested,0.5000,0.0000,0,,nan,nan,nan,nan,0.0000,0,nan,nan,nan,nan,0.0000,APPROACH,0,0,normalized_depth_start,1,0,6.000,1,0.6800,0.6800,0.0444,0.8904,199,5,0.6000,0.2712,0.0137,0.2712,0.3288,APPROACH 恒速前进 source=commanded cmd=0.271 odom=0.014 remaining=0.329,1,0.0000,0.150,0.330
5598.221,SEEK_ROUNDABOUT,16.708,0,1.406,0.0000,0.0000,none,,,,step_approach_tested,0.5000,0.0000,0,,nan,nan,nan,nan,0.0000,0,nan,nan,nan,nan,0.0000,APPROACH,0,0,normalized_depth_start,1,0,6.000,1,0.6600,0.6750,0.0443,0.8888,202,5,0.6000,0.3558,0.0058,0.3558,0.2442,APPROACH 恒速前进 source=commanded cmd=0.356 odom=0.006 remaining=0.244,1,0.0000,0.150,0.330
5598.395,SEEK_ROUNDABOUT,16.882,0,1.406,0.0000,0.0000,none,,,,step_approach_tested,0.5000,0.0000,0,,nan,nan,nan,nan,0.0000,0,nan,nan,nan,nan,0.0000,APPROACH,0,0,normalized_depth_start,1,0,6.000,1,0.6900,0.6800,0.0429,0.8689,206,5,0.6000,0.4428,-0.0155,0.4428,0.1572,APPROACH 恒速前进 source=commanded cmd=0.443 odom=-0.016 remaining=0.157,1,0.0000,0.150,0.330
5598.567,SEEK_ROUNDABOUT,17.053,0,1.406,0.0000,0.0000,none,,,,step_approach_tested,0.5000,0.0000,0,,nan,nan,nan,nan,0.0000,0,nan,nan,nan,nan,0.0000,APPROACH,0,0,normalized_depth_start,1,0,6.000,1,0.6800,0.6800,0.0442,0.8894,209,5,0.6000,0.5287,0.0057,0.5287,0.0713,APPROACH 恒速前进 source=commanded cmd=0.529 odom=0.006 remaining=0.071,1,0.0000,0.150,0.330
5598.740,SEEK_ROUNDABOUT,17.226,0,1.406,0.0000,0.0000,none,,,,step_wait_enter_to_jump,0.0000,0.0000,0,,nan,nan,nan,nan,0.0000,0,nan,nan,nan,nan,0.0000,JUMP_CONFIRM,0,0,normalized_depth_start,1,0,6.000,1,0.6400,0.6800,0.0461,0.9155,213,5,0.6000,0.6151,0.0639,0.6151,-0.0151,到达起跳点，等待终端回车确认,1,0.0000,0.150,0.330
5598.973,SEEK_ROUNDABOUT,17.459,0,1.406,0.0000,0.0000,none,,,,step_jump_after_enter,0.5000,0.0000,0,,nan,nan,nan,nan,0.0000,0,nan,nan,nan,nan,0.0000,JUMP,0,0,normalized_depth_start,1,0,6.000,1,0.5800,0.6600,0.0495,0.9620,221,5,0.6000,0.6151,0.1675,0.6151,-0.0151,JUMP 脉冲中,1,0.0000,0.150,0.330
5599.163,SEEK_ROUNDABOUT,17.649,0,1.406,0.0000,0.0000,none,,,,step_jump_pulse,0.5000,0.0000,0,,nan,nan,nan,nan,0.0000,0,nan,nan,nan,nan,0.0000,JUMP,0,0,normalized_depth_start,1,0,5.400,0,nan,0.6600,nan,0.0000,0,5,0.6000,0.6151,0.1675,0.6151,-0.0151,JUMP 脉冲中,1,0.0000,0.150,0.330
5599.352,SEEK_ROUNDABOUT,17.838,0,1.406,0.0000,0.0000,none,,,,step_land_forward,0.3000,0.0000,0,,nan,nan,nan,nan,0.0000,0,nan,nan,nan,nan,0.0000,LAND,0,0,normalized_depth_start,1,0,4.800,0,nan,0.6400,nan,0.0000,0,5,0.6000,0.6151,0.1675,0.6151,-0.0151,跳跃脉冲结束，落地继续前行,1,0.0000,0.150,0.330
5599.522,SEEK_ROUNDABOUT,18.008,0,1.406,0.0000,0.0000,none,,,,step_land_forward,0.3000,0.0000,0,,nan,nan,nan,nan,0.0000,0,nan,nan,nan,nan,0.0000,LAND,0,0,normalized_depth_start,1,0,4.200,0,nan,0.6100,nan,0.0000,0,5,0.6000,0.6151,0.1675,0.6151,-0.0151,跳跃脉冲结束，落地继续前行,1,0.0000,0.150,0.330
5599.670,SEEK_ROUNDABOUT,18.157,0,1.406,0.0000,0.0000,none,,,,step_land_forward,0.3000,0.0000,0,,nan,nan,nan,nan,0.0000,0,nan,nan,nan,nan,0.0000,LAND,0,0,normalized_depth_start,1,0,5.200,0,0.8800,0.7300,0.0505,0.9218,2,5,0.6000,0.6151,0.1675,0.6151,-0.0151,跳跃脉冲结束，落地继续前行,1,0.0000,0.150,0.330
5599.825,SEEK_ROUNDABOUT,18.312,0,1.406,0.0000,0.0000,none,,,,step_land_forward,0.3000,0.0000,0,,nan,nan,nan,nan,0.0000,0,nan,nan,nan,nan,0.0000,LAND,0,0,normalized_depth_start,1,0,4.600,0,nan,0.8800,nan,0.0000,0,5,0.6000,0.6151,0.1675,0.6151,-0.0151,跳跃脉冲结束，落地继续前行,1,0.0000,0.150,0.330
5599.969,SEEK_ROUNDABOUT,18.456,0,1.406,0.0000,0.0000,none,,,,step_land_forward,0.3000,0.0000,0,,nan,nan,nan,nan,0.0000,0,nan,nan,nan,nan,0.0000,LAND,0,0,normalized_depth_start,1,0,5.600,0,0.8400,0.8600,0.0504,0.9326,1,5,0.6000,0.6151,0.1675,0.6151,-0.0151,跳跃脉冲结束，落地继续前行,1,0.0000,0.150,0.330
5600.139,SEEK_ROUNDABOUT,18.625,0,1.406,0.0000,0.0000,none,,,,step_land_forward,0.3000,0.0000,0,,nan,nan,nan,nan,0.0000,0,nan,nan,nan,nan,0.0000,LAND,0,0,normalized_depth_start,1,0,5.000,0,nan,0.8600,nan,0.0000,0,5,0.6000,0.6151,0.1675,0.6151,-0.0151,跳跃脉冲结束，落地继续前行,1,0.0000,0.150,0.330
5600.295,SEEK_ROUNDABOUT,18.782,0,1.406,0.0000,0.0000,none,,,,step_land_forward,0.3000,0.0000,0,,nan,nan,nan,nan,0.0000,0,nan,nan,nan,nan,0.0000,LAND,0,0,normalized_depth_start,1,0,4.400,0,nan,0.8600,nan,0.0000,0,5,0.6000,0.6151,0.1675,0.6151,-0.0151,跳跃脉冲结束，落地继续前行,1,0.0000,0.150,0.330
5600.438,SEEK_ROUNDABOUT,18.925,0,1.406,0.0000,0.0000,none,,,,step_land_forward,0.3000,0.0000,0,,nan,nan,nan,nan,0.0000,0,nan,nan,nan,nan,0.0000,LAND,0,0,normalized_depth_start,1,0,3.800,0,nan,0.8600,nan,0.0000,0,5,0.6000,0.6151,0.1675,0.6151,-0.0151,跳跃脉冲结束，落地继续前行,1,0.0000,0.150,0.330
5600.578,SEEK_ROUNDABOUT,19.065,0,1.406,0.0000,0.0000,none,,,,step_land_forward,0.3000,0.0000,0,,nan,nan,nan,nan,0.0000,0,nan,nan,nan,nan,0.0000,LAND,0,0,normalized_depth_start,1,0,3.200,0,nan,0.8400,nan,0.0000,0,5,0.6000,0.6151,0.1675,0.6151,-0.0151,跳跃脉冲结束，落地继续前行,1,0.0000,0.150,0.330
5600.721,SEEK_ROUNDABOUT,19.208,0,1.406,0.0000,0.0000,none,,,,step_land_forward,0.3000,0.0000,0,,nan,nan,nan,nan,0.0000,0,nan,nan,nan,nan,0.0000,LAND,0,0,normalized_depth_start,1,0,2.600,0,nan,0.8400,nan,0.0000,0,5,0.6000,0.6151,0.1675,0.6151,-0.0151,跳跃脉冲结束，落地继续前行,1,0.0000,0.150,0.330
5600.855,SEEK_ROUNDABOUT,19.342,0,1.406,0.0000,0.0000,none,,,,step_land_forward,0.3000,0.0000,0,,nan,nan,nan,nan,0.0000,0,nan,nan,nan,nan,0.0000,LAND,0,0,normalized_depth_start,1,0,2.000,0,nan,nan,nan,0.0000,0,5,0.6000,0.6151,0.1675,0.6151,-0.0151,跳跃脉冲结束，落地继续前行,1,0.0000,0.150,0.330
5601.005,SEEK_ROUNDABOUT,19.491,0,1.406,0.0000,0.0000,none,,,,step_land_forward,0.3000,0.0000,0,,nan,nan,nan,nan,0.0000,0,nan,nan,nan,nan,0.0000,LAND,0,0,normalized_depth_start,1,0,1.400,0,nan,nan,nan,0.0000,0,5,0.6000,0.6151,0.1675,0.6151,-0.0151,跳跃脉冲结束，落地继续前行,1,0.0000,0.150,0.330
5601.183,SEEK_ROUNDABOUT,19.669,0,1.406,0.0000,0.0000,none,,,,step_land_forward,0.3000,0.0000,0,,nan,nan,nan,nan,0.0000,0,nan,nan,nan,nan,0.0000,LAND,0,0,normalized_depth_start,1,0,0.800,0,nan,nan,nan,0.0000,0,5,0.6000,0.6151,0.1675,0.6151,-0.0151,跳跃脉冲结束，落地继续前行,1,0.0000,0.150,0.330
5601.374,SEEK_ROUNDABOUT,19.860,0,1.406,0.0000,0.0000,none,,,,step_recover_stop,0.0000,0.0000,0,,nan,nan,nan,nan,0.0000,0,nan,nan,nan,nan,0.0000,RECOVER,0,0,normalized_depth_start,1,0,0.200,0,nan,nan,nan,0.0000,0,5,0.6000,0.6151,0.1675,0.6151,-0.0151,落地前行结束，停车恢复,1,0.0000,0.150,0.330
5601.540,SEEK_ROUNDABOUT,20.026,0,1.406,0.0000,0.0000,none,,,,step_recover_stop,0.0000,0.0000,0,,nan,nan,nan,nan,0.0000,0,nan,nan,nan,nan,0.0000,RECOVER,0,0,normalized_depth_start,1,0,0.000,0,nan,nan,nan,0.0000,0,5,0.6000,0.6151,0.1675,0.6151,-0.0151,落地前行结束，停车恢复,1,0.0000,0.150,0.330
5601.711,SEEK_ROUNDABOUT,20.198,0,1.406,0.0000,0.0000,none,,,,step_recover_stop,0.0000,0.0000,0,,nan,nan,nan,nan,0.0000,0,nan,nan,nan,nan,0.0000,RECOVER,0,0,normalized_depth_start,1,0,0.000,0,nan,nan,nan,0.0000,0,5,0.6000,0.6151,0.1675,0.6151,-0.0151,落地前行结束，停车恢复,1,0.0000,0.150,0.330
5601.844,SEEK_ROUNDABOUT,20.330,0,1.406,0.0000,0.0000,none,,,,step_recover_stop,0.0000,0.0000,0,,nan,nan,nan,nan,0.0000,0,nan,nan,nan,nan,0.0000,RECOVER,0,0,normalized_depth_start,1,0,0.000,0,nan,nan,nan,0.0000,0,5,0.6000,0.6151,0.1675,0.6151,-0.0151,落地前行结束，停车恢复,1,0.0000,0.150,0.330
5601.982,SEEK_ROUNDABOUT,20.468,0,1.406,0.0000,0.0000,none,,,,step_recover_stop,0.0000,0.0000,0,,nan,nan,nan,nan,0.0000,0,nan,nan,nan,nan,0.0000,RECOVER,0,0,normalized_depth_start,1,0,0.000,0,nan,nan,nan,0.0000,0,5,0.6000,0.6151,0.1675,0.6151,-0.0151,落地前行结束，停车恢复,1,0.0000,0.150,0.330
5602.120,SEEK_ROUNDABOUT,20.607,0,1.406,0.0000,0.0000,none,,,,step_recover_stop,0.0000,0.0000,0,,nan,nan,nan,nan,0.0000,0,nan,nan,nan,nan,0.0000,RECOVER,0,0,normalized_depth_start,1,0,0.000,0,nan,nan,nan,0.0000,0,5,0.6000,0.6151,0.1675,0.6151,-0.0151,落地前行结束，停车恢复,1,0.0000,0.150,0.330
5602.258,SEEK_ROUNDABOUT,20.744,0,1.406,0.0000,0.0000,none,,,,step_recover_stop,0.0000,0.0000,0,,nan,nan,nan,nan,0.0000,0,nan,nan,nan,nan,0.0000,RECOVER,0,0,normalized_depth_start,1,0,0.000,0,nan,nan,nan,0.0000,0,5,0.6000,0.6151,0.1675,0.6151,-0.0151,落地前行结束，停车恢复,1,0.0000,0.150,0.330
5602.416,SEEK_ROUNDABOUT,20.902,0,1.406,0.0000,0.0000,none,,,,step_recover_stop,0.0000,0.0000,0,,nan,nan,nan,nan,0.0000,0,nan,nan,nan,nan,0.0000,RECOVER,0,0,normalized_depth_start,1,0,0.000,0,nan,nan,nan,0.0000,0,5,0.6000,0.6151,0.1675,0.6151,-0.0151,落地前行结束，停车恢复,1,0.0000,0.150,0.330
5602.728,SEEK_ROUNDABOUT,21.214,0,1.406,0.0000,0.0000,none,,,,step_recover_stop,0.0000,0.0000,0,,nan,nan,nan,nan,0.0000,0,nan,nan,nan,nan,0.0000,RECOVER,0,0,normalized_depth_start,1,0,0.000,0,nan,nan,nan,0.0000,0,5,0.6000,0.6151,0.1675,0.6151,-0.0151,落地前行结束，停车恢复,1,0.0000,0.150,0.330
5603.153,SEEK_ROUNDABOUT,21.639,0,1.406,0.0000,0.0000,none,,,,step_recover_stop,0.0000,0.0000,0,,nan,nan,nan,nan,0.0000,0,nan,nan,nan,nan,0.0000,RECOVER,0,0,normalized_depth_start,1,0,0.000,0,nan,nan,nan,0.0000,0,5,0.6000,0.6151,0.1675,0.6151,-0.0151,落地前行结束，停车恢复,1,0.0000,0.150,0.330
5603.306,SEEK_ROUNDABOUT,21.793,0,1.406,0.0000,0.0000,none,,,,step_recover_stop,0.0000,0.0000,0,,nan,nan,nan,nan,0.0000,0,nan,nan,nan,nan,0.0000,RECOVER,0,0,normalized_depth_start,1,0,0.000,0,nan,nan,nan,0.0000,0,5,0.6000,0.6151,0.1675,0.6151,-0.0151,落地前行结束，停车恢复,1,0.0000,0.150,0.330
5603.444,SEEK_ROUNDABOUT,21.931,0,1.406,0.0000,0.0000,none,,,,step_recover_stop,0.0000,0.0000,0,,nan,nan,nan,nan,0.0000,0,nan,nan,nan,nan,0.0000,RECOVER,0,0,normalized_depth_start,1,0,0.000,0,nan,nan,nan,0.0000,0,5,0.6000,0.6151,0.1675,0.6151,-0.0151,落地前行结束，停车恢复,1,0.0000,0.150,0.330
5603.583,SEEK_ROUNDABOUT,22.070,0,1.406,0.0000,0.0000,none,,,,step_recover_stop,0.0000,0.0000,0,,nan,nan,nan,nan,0.0000,0,nan,nan,nan,nan,0.0000,RECOVER,0,0,normalized_depth_start,1,0,0.000,0,nan,nan,nan,0.0000,0,5,0.6000,0.6151,0.1675,0.6151,-0.0151,落地前行结束，停车恢复,1,0.0000,0.150,0.330
5603.736,SEEK_ROUNDABOUT,22.222,0,1.406,0.0000,0.0000,none,,,,step_recover_stop,0.0000,0.0000,0,,nan,nan,nan,nan,0.0000,0,nan,nan,nan,nan,0.0000,RECOVER,0,0,normalized_depth_start,1,0,0.000,0,nan,nan,nan,0.0000,0,5,0.6000,0.6151,0.1675,0.6151,-0.0151,落地前行结束，停车恢复,1,0.0000,0.150,0.330
5603.876,SEEK_ROUNDABOUT,22.363,0,1.406,0.0000,0.0000,none,,,,step_recover_stop,0.0000,0.0000,0,,nan,nan,nan,nan,0.0000,0,nan,nan,nan,nan,0.0000,RECOVER,0,0,normalized_depth_start,1,0,0.000,0,nan,nan,nan,0.0000,0,5,0.6000,0.6151,0.1675,0.6151,-0.0151,落地前行结束，停车恢复,1,0.0000,0.150,0.330
5604.017,SEEK_ROUNDABOUT,22.503,0,1.406,0.0000,0.0000,none,,,,step_recover_stop,0.0000,0.0000,0,,nan,nan,nan,nan,0.0000,0,nan,nan,nan,nan,0.0000,RECOVER,0,0,normalized_depth_start,1,0,0.000,0,nan,nan,nan,0.0000,0,5,0.6000,0.6151,0.1675,0.6151,-0.0151,落地前行结束，停车恢复,1,0.0000,0.150,0.330
5604.162,SEEK_ROUNDABOUT,22.648,0,1.406,0.0000,0.0000,none,,,,step_recover_stop,0.0000,0.0000,0,,nan,nan,nan,nan,0.0000,0,nan,nan,nan,nan,0.0000,RECOVER,0,0,normalized_depth_start,1,0,0.000,0,nan,nan,nan,0.0000,0,5,0.6000,0.6151,0.1675,0.6151,-0.0151,落地前行结束，停车恢复,1,0.0000,0.150,0.330
5604.298,SEEK_ROUNDABOUT,22.784,0,1.406,0.0000,0.0000,none,,,,step_recover_stop,0.0000,0.0000,0,,nan,nan,nan,nan,0.0000,0,nan,nan,nan,nan,0.0000,RECOVER,0,0,normalized_depth_start,1,0,0.000,0,nan,nan,nan,0.0000,0,5,0.6000,0.6151,0.1675,0.6151,-0.0151,落地前行结束，停车恢复,1,0.0000,0.150,0.330
5604.469,SEEK_ROUNDABOUT,22.955,0,1.406,0.0000,0.0000,none,,,,step_resume_tracking,0.0000,0.0000,0,,nan,nan,nan,nan,0.0000,0,nan,nan,nan,nan,0.0000,IDLE,1,0,step_done_latches_cleared,0,0,0.000,0,nan,nan,nan,0.0000,0,5,0.6000,0.6151,0.1675,0.6151,-0.0151,本圈台阶完成,1,0.0000,0.150,0.330
5604.608,SEEK_ROUNDABOUT,23.094,0,1.416,0.0000,0.0000,none,,,,tracking,0.0507,-0.3333,1,line_curve_center_riding,0.5790,0.5865,0.4618,0.4187,0.8900,7,0.1246,0.0431,0.1677,0.4890,-0.3333,IDLE,1,0,step_done_latches_cleared,0,0,0.000,0,nan,nan,nan,0.0000,0,5,0.6000,0.6151,0.1675,0.6151,-0.0151,本圈台阶完成,1,0.0000,0.150,0.330
5604.741,SEEK_ROUNDABOUT,23.227,0,1.416,0.0000,0.0000,none,,,,tracking,0.1000,-0.6646,1,line_curve_center_riding,0.6464,0.6549,0.5141,0.4003,0.8806,7,0.1408,0.1137,0.2545,0.5231,-0.6646,IDLE,1,0,step_done_latches_cleared,0,0,0.000,0,nan,nan,nan,0.0000,0,5,0.6000,0.6151,0.1675,0.6151,-0.0151,本圈台阶完成,1,0.0000,0.150,0.330
5604.869,SEEK_ROUNDABOUT,23.356,0,1.423,0.0000,0.0000,none,,,,tracking,0.1000,-0.6599,1,line_curve_center_riding,0.6107,0.6196,0.4724,0.3476,0.8781,7,0.1472,0.1248,0.2719,0.4799,-0.6599,IDLE,1,0,step_done_latches_cleared,0,0,0.000,0,nan,nan,nan,0.0000,0,5,0.6000,0.6151,0.1675,0.6151,-0.0151,本圈台阶完成,1,0.0000,0.150,0.330
5604.999,SEEK_ROUNDABOUT,23.486,0,1.431,0.0000,0.0000,none,,,,tracking,0.1000,-0.6044,1,line_curve_center_riding,0.5161,0.5243,0.3884,0.2435,0.8790,7,0.1359,0.1449,0.2808,0.3854,-0.6044,IDLE,1,0,step_done_latches_cleared,0,0,0.000,0,nan,nan,nan,0.0000,0,5,0.6000,0.6151,0.1675,0.6151,-0.0151,本圈台阶完成,1,0.0000,0.150,0.330
5605.141,SEEK_ROUNDABOUT,23.627,0,1.445,0.0000,0.0000,none,,,,tracking,0.1241,-0.4894,1,line_curve_center_riding,0.3561,0.3648,0.2199,0.0595,0.8762,7,0.1450,0.1603,0.3053,0.2148,-0.4894,IDLE,1,0,step_done_latches_cleared,0,0,0.000,0,nan,nan,nan,0.0000,0,5,0.6000,0.6151,0.1675,0.6151,-0.0151,本圈台阶完成,1,0.0000,0.150,0.330
5605.271,SEEK_ROUNDABOUT,23.758,0,1.459,0.0000,0.0000,none,,,,tracking,0.1450,-0.3562,1,line_curve_center_riding,0.2153,0.2242,0.0770,-0.2269,0.9347,8,0.1472,0.3038,0.4510,0.0248,-0.3562,IDLE,1,0,step_done_latches_cleared,0,0,0.000,0,nan,nan,nan,0.0000,0,5,0.6000,0.6151,0.1675,0.6151,-0.0151,本圈台阶完成,1,0.0000,0.150,0.330
5605.410,SEEK_ROUNDABOUT,23.896,0,1.472,0.0000,0.0000,none,,,,tracking,0.1700,-0.2250,1,line_curve_center_riding,0.0908,0.1014,-0.0760,-0.2648,0.8680,7,0.1774,0.1888,0.3662,-0.0798,-0.2250,IDLE,1,0,step_done_latches_cleared,0,0,0.000,0,nan,nan,nan,0.0000,0,5,0.6000,0.6151,0.1675,0.6151,-0.0151,本圈台阶完成,1,0.0000,0.150,0.330
5605.537,SEEK_ROUNDABOUT,24.023,0,1.485,0.0000,0.0000,none,,,,tracking,0.1450,-0.0974,1,line_curve_center_riding,-0.0218,-0.0117,-0.1792,-0.5268,0.9267,8,0.1675,0.3476,0.5151,-0.2393,-0.0974,IDLE,1,0,step_done_latches_cleared,0,0,0.000,0,nan,nan,nan,0.0000,0,5,0.6000,0.6151,0.1675,0.6151,-0.0151,本圈台阶完成,1,0.0000,0.150,0.330
5605.663,SEEK_ROUNDABOUT,24.150,0,1.498,0.0000,0.0000,none,,,,tracking,0.1450,0.0015,1,line_curve_center_riding,-0.0913,-0.0801,-0.2670,-0.5213,0.8625,7,0.1869,0.2543,0.4412,-0.2895,0.0015,IDLE,1,0,step_done_latches_cleared,0,0,0.000,0,nan,nan,nan,0.0000,0,5,0.6000,0.6151,0.1675,0.6151,-0.0151,本圈台阶完成,1,0.0000,0.150,0.330
5605.795,SEEK_ROUNDABOUT,24.281,0,1.509,0.0000,0.0000,none,,,,tracking,0.1450,0.0825,1,line_curve_center_riding,-0.1506,-0.1384,-0.3413,-0.6289,0.8535,7,0.2029,0.2876,0.4906,-0.3695,0.0825,IDLE,1,0,step_done_latches_cleared,0,0,0.000,0,nan,nan,nan,0.0000,0,5,0.6000,0.6151,0.1675,0.6151,-0.0151,本圈台阶完成,1,0.0000,0.150,0.330
5605.933,SEEK_ROUNDABOUT,24.419,0,1.529,0.0000,0.0000,none,,,,tracking,0.1450,0.1447,1,line_curve_center_riding,-0.1920,-0.1799,-0.3820,-0.6791,0.8513,7,0.2021,0.2971,0.4992,-0.4137,0.1447,IDLE,1,0,step_done_latches_cleared,0,0,0.000,0,nan,nan,nan,0.0000,0,5,0.6000,0.6151,0.1675,0.6151,-0.0151,本圈台阶完成,1,0.0000,0.150,0.330
5606.079,SEEK_ROUNDABOUT,24.565,0,1.550,0.0000,0.0000,none,,,,tracking,0.1450,0.1936,1,line_curve_center_riding,-0.2250,-0.2131,-0.4120,-0.6900,0.8564,7,0.1989,0.2780,0.4769,-0.4383,0.1936,IDLE,1,0,step_done_latches_cleared,0,0,0.000,0,nan,nan,nan,0.0000,0,5,0.6000,0.6151,0.1675,0.6151,-0.0151,本圈台阶完成,1,0.0000,0.150,0.330
5606.227,SEEK_ROUNDABOUT,24.714,0,1.576,0.0000,0.0000,none,,,,tracking,0.1450,0.2241,1,line_curve_center_riding,-0.2369,-0.2256,-0.4141,-0.7705,0.8504,7,0.1885,0.3564,0.5449,-0.4701,0.2241,IDLE,1,0,step_done_latches_cleared,0,0,0.000,0,nan,nan,nan,0.0000,0,5,0.6000,0.6151,0.1675,0.6151,-0.0151,本圈台阶完成,1,0.0000,0.150,0.330
5606.364,SEEK_ROUNDABOUT,24.851,0,1.591,0.0000,0.0000,none,,,,tracking,0.1450,0.2348,1,line_curve_center_riding,-0.2288,-0.2184,-0.3910,-0.7292,0.8562,7,0.1725,0.3383,0.5108,-0.4462,0.2348,IDLE,1,0,step_done_latches_cleared,0,0,0.000,0,nan,nan,nan,0.0000,0,5,0.6000,0.6151,0.1675,0.6151,-0.0151,本圈台阶完成,1,0.0000,0.150,0.330
5606.509,SEEK_ROUNDABOUT,24.995,0,1.632,0.0000,0.0000,none,,,,tracking,0.1450,0.2238,1,line_curve_center_riding,-0.1997,-0.1894,-0.3604,-0.7367,0.8524,7,0.1710,0.3762,0.5473,-0.4288,0.2238,IDLE,1,0,step_done_latches_cleared,0,0,0.000,0,nan,nan,nan,0.0000,0,5,0.6000,0.6151,0.1675,0.6151,-0.0151,本圈台阶完成,1,0.0000,0.150,0.330
5606.642,SEEK_ROUNDABOUT,25.128,0,1.657,0.0000,0.0000,none,,,,tracking,0.1450,0.2016,1,line_curve_center_riding,-0.1685,-0.1571,-0.3457,-0.8278,0.8388,7,0.1886,0.4821,0.6707,-0.4436,0.2016,IDLE,1,0,step_done_latches_cleared,0,0,0.000,0,nan,nan,nan,0.0000,0,5,0.6000,0.6151,0.1675,0.6151,-0.0151,本圈台阶完成,1,0.0000,0.150,0.330
5606.782,SEEK_ROUNDABOUT,25.268,0,1.686,0.0000,0.0000,none,,,,tracking,0.1450,0.1711,1,line_curve_center_riding,-0.1321,-0.1193,-0.3316,-0.8295,0.8346,7,0.2122,0.4979,0.7102,-0.4268,0.1711,IDLE,1,0,step_done_latches_cleared,0,0,0.000,0,nan,nan,nan,0.0000,0,5,0.6000,0.6151,0.1675,0.6151,-0.0151,本圈台阶完成,1,0.0000,0.150,0.330
5606.912,SEEK_ROUNDABOUT,25.398,0,1.719,0.0000,0.0000,none,,,,tracking,0.1450,0.1473,1,line_curve_center_riding,-0.1149,-0.1016,-0.3237,-0.8610,0.8311,7,0.2221,0.5374,0.7594,-0.4288,0.1473,IDLE,1,0,step_done_latches_cleared,0,0,0.000,0,nan,nan,nan,0.0000,0,5,0.6000,0.6151,0.1675,0.6151,-0.0151,本圈台阶完成,1,0.0000,0.150,0.330
5607.041,SEEK_ROUNDABOUT,25.527,0,1.748,0.0000,0.0000,none,,,,tracking,0.1450,0.1320,1,line_curve_center_riding,-0.1078,-0.0934,-0.3329,-0.5858,0.7617,6,0.2395,0.2529,0.4924,-0.3374,0.1320,IDLE,1,0,step_done_latches_cleared,0,0,0.000,0,nan,nan,nan,0.0000,0,5,0.6000,0.6151,0.1675,0.6151,-0.0151,本圈台阶完成,1,0.0000,0.150,0.330
5607.168,SEEK_ROUNDABOUT,25.655,0,1.781,0.0000,0.0000,none,,,,tracking,0.1450,0.1163,1,line_curve_center_riding,-0.0938,-0.0780,-0.3419,-0.5993,0.7559,6,0.2638,0.2575,0.5213,-0.3397,0.1163,IDLE,1,0,step_done_latches_cleared,0,0,0.000,0,nan,nan,nan,0.0000,0,5,0.6000,0.6151,0.1675,0.6151,-0.0151,本圈台阶完成,1,0.0000,0.150,0.330
5607.307,SEEK_ROUNDABOUT,25.794,0,1.811,0.0000,0.0000,none,,,,tracking,0.1450,0.1159,1,line_curve_center_riding,-0.1053,-0.0880,-0.3757,-0.6413,0.7531,6,0.2876,0.2656,0.5532,-0.3683,0.1159,IDLE,1,0,step_done_latches_cleared,0,0,0.000,0,nan,nan,nan,0.0000,0,5,0.6000,0.6151,0.1675,0.6151,-0.0151,本圈台阶完成,1,0.0000,0.150,0.330
5607.438,SEEK_ROUNDABOUT,25.925,0,1.843,0.0000,0.0000,none,,,,tracking,0.1450,0.1132,1,line_curve_center_riding,-0.1025,-0.0824,-0.4165,-0.7529,0.7400,6,0.3340,0.3364,0.6705,-0.4173,0.1132,IDLE,1,0,step_done_latches_cleared,0,0,0.000,0,nan,nan,nan,0.0000,0,5,0.6000,0.6151,0.1675,0.6151,-0.0151,本圈台阶完成,1,0.0000,0.150,0.330
5607.567,SEEK_ROUNDABOUT,26.054,0,1.874,0.0000,0.0000,none,,,,tracking,0.1450,0.1317,1,line_curve_center_riding,-0.1362,-0.1141,-0.4832,-0.5554,0.6635,5,0.3692,0.0721,0.4413,-0.3842,0.1317,IDLE,1,0,step_done_latches_cleared,0,0,0.000,0,nan,nan,nan,0.0000,0,5,0.6000,0.6151,0.1675,0.6151,-0.0151,本圈台阶完成,1,0.0000,0.150,0.330
5607.698,SEEK_ROUNDABOUT,26.185,0,1.906,0.0000,0.0000,none,,,,tracking,0.1450,0.1620,1,line_curve_center_riding,-0.1753,-0.1473,-0.6152,-0.7218,0.6420,5,0.4679,0.1066,0.5745,-0.4948,0.1620,IDLE,1,0,step_done_latches_cleared,0,0,0.000,0,nan,nan,nan,0.0000,0,5,0.6000,0.6151,0.1675,0.6151,-0.0151,本圈台阶完成,1,0.0000,0.150,0.330
5607.829,SEEK_ROUNDABOUT,26.316,0,1.944,0.0000,0.0000,none,,,,tracking,0.1450,0.1854,1,line_curve_center_riding,-0.1930,-0.1607,-0.6981,-0.8072,0.6289,5,0.5373,0.1091,0.6464,-0.5553,0.1854,IDLE,1,0,step_done_latches_cleared,0,0,0.000,0,nan,nan,nan,0.0000,0,5,0.6000,0.6151,0.1675,0.6151,-0.0151,本圈台阶完成,1,0.0000,0.150,0.330
5607.959,SEEK_ROUNDABOUT,26.446,0,1.972,0.0000,0.0000,none,,,,tracking,0.1450,0.2151,1,line_curve_center_riding,-0.2248,-0.1900,-0.7695,-0.8869,0.6222,5,0.5795,0.1174,0.6969,-0.6155,0.2151,IDLE,1,0,step_done_latches_cleared,0,0,0.000,0,nan,nan,nan,0.0000,0,5,0.6000,0.6151,0.1675,0.6151,-0.0151,本圈台阶完成,1,0.0000,0.150,0.330
5608.104,SEEK_ROUNDABOUT,26.591,0,2.004,0.0000,0.0000,none,,,,tracking,0.1450,0.2306,1,line_curve_center_riding,-0.2290,-0.2062,-0.5872,-0.5872,0.5574,4,0.3810,0.0000,0.3810,-0.4602,0.2306,IDLE,1,0,step_done_latches_cleared,0,0,0.000,0,nan,nan,nan,0.0000,0,5,0.6000,0.6151,0.1675,0.6151,-0.0151,本圈台阶完成,1,0.0000,0.150,0.330
5608.234,SEEK_ROUNDABOUT,26.721,0,2.030,0.0000,0.0000,none,,,,tracking,0.1450,0.2285,1,line_curve_center_riding,-0.2115,-0.1864,-0.6045,-0.6045,0.5474,4,0.4181,0.0000,0.4181,-0.4651,0.2285,IDLE,1,0,step_done_latches_cleared,0,0,0.000,0,nan,nan,nan,0.0000,0,5,0.6000,0.6151,0.1675,0.6151,-0.0151,本圈台阶完成,1,0.0000,0.150,0.330
5608.362,SEEK_ROUNDABOUT,26.849,0,2.049,0.4000,0.0000,none,,,,tracking,0.1450,0.2041,1,line_curve_center_riding,-0.1699,-0.1421,-0.6059,-0.6059,0.5391,4,0.4638,0.0000,0.4638,-0.4513,0.2041,IDLE,1,0,step_done_latches_cleared,0,0,0.000,0,nan,nan,nan,0.0000,0,5,0.6000,0.6151,0.1675,0.6151,-0.0151,本圈台阶完成,1,0.0000,0.150,0.330
5608.502,SEEK_ROUNDABOUT,26.989,0,2.066,0.0000,0.0000,none,,,,tracking,0.1450,0.1834,1,line_curve_center_riding,-0.1510,-0.1256,-0.5501,-0.5501,0.5489,4,0.4245,0.0000,0.4245,-0.4086,0.1834,IDLE,1,0,step_done_latches_cleared,0,0,0.000,0,nan,nan,nan,0.0000,0,5,0.6000,0.6151,0.1675,0.6151,-0.0151,本圈台阶完成,1,0.0000,0.150,0.330
5608.639,SEEK_ROUNDABOUT,27.125,0,2.079,0.0000,0.0000,none,,,,tracking,0.1450,0.1658,1,line_curve_center_riding,-0.1376,-0.1130,-0.5232,-0.5232,0.5506,4,0.4102,0.0000,0.4102,-0.3865,0.1658,IDLE,1,0,step_done_latches_cleared,0,0,0.000,0,nan,nan,nan,0.0000,0,5,0.6000,0.6151,0.1675,0.6151,-0.0151,本圈台阶完成,1,0.0000,0.150,0.330
5608.767,SEEK_ROUNDABOUT,27.253,0,2.089,0.0000,0.0000,none,,,,tracking,0.1450,0.1486,1,line_curve_center_riding,-0.1225,-0.0982,-0.5027,-0.5027,0.5520,4,0.4045,0.0000,0.4045,-0.3678,0.1486,IDLE,1,0,step_done_latches_cleared,0,0,0.000,0,nan,nan,nan,0.0000,0,5,0.6000,0.6151,0.1675,0.6151,-0.0151,本圈台阶完成,1,0.0000,0.150,0.330
5608.898,SEEK_ROUNDABOUT,27.385,0,2.094,0.0000,0.0000,none,,,,tracking,0.1429,0.1284,1,line_curve_center_riding,-0.1012,-0.0636,-0.6898,-0.8216,0.6106,5,0.6262,0.1317,0.7579,-0.5250,0.1284,IDLE,1,0,step_done_latches_cleared,0,0,0.000,0,nan,nan,nan,0.0000,0,5,0.6000,0.6151,0.1675,0.6151,-0.0151,本圈台阶完成,1,0.0000,0.150,0.330
5609.039,SEEK_ROUNDABOUT,27.525,0,2.097,0.0000,0.0000,none,,,,tracking,0.1450,0.0821,1,line_curve_center_riding,-0.0370,-0.0159,-0.3686,-0.3686,0.5655,4,0.3527,0.0000,0.3527,-0.2510,0.0821,IDLE,1,0,step_done_latches_cleared,0,0,0.000,0,nan,nan,nan,0.0000,0,5,0.6000,0.6151,0.1675,0.6151,-0.0151,本圈台阶完成,1,0.0000,0.150,0.330
5609.180,SEEK_ROUNDABOUT,27.666,0,2.100,0.0000,0.0000,none,,,,tracking,0.1450,0.0266,1,line_recenter_transition,0.0239,0.0349,-0.5168,-0.6439,0.6242,5,0.5517,0.1270,0.6788,-0.3753,0.0266,IDLE,1,0,step_done_latches_cleared,0,0,0.000,0,nan,nan,nan,0.0000,0,5,0.6000,0.6151,0.1675,0.6151,-0.0151,本圈台阶完成,1,0.0000,0.150,0.330
5609.310,SEEK_ROUNDABOUT,27.796,0,2.105,0.0000,0.0000,none,,,,tracking,0.1450,-0.0089,1,line_recenter_transition,0.0411,0.0511,-0.4457,-0.5512,0.6353,5,0.4968,0.1055,0.6022,-0.3153,-0.0089,IDLE,1,0,step_done_latches_cleared,0,0,0.000,0,nan,nan,nan,0.0000,0,5,0.6000,0.6151,0.1675,0.6151,-0.0151,本圈台阶完成,1,0.0000,0.150,0.330
5609.445,SEEK_ROUNDABOUT,27.931,0,2.107,0.0000,0.0000,none,,,,tracking,0.1450,-0.0312,1,line_recenter_transition,0.0503,0.0598,-0.4197,-0.5186,0.6385,5,0.4796,0.0988,0.5784,-0.2928,-0.0312,IDLE,1,0,step_done_latches_cleared,0,0,0.000,0,nan,nan,nan,0.0000,0,5,0.6000,0.6151,0.1675,0.6151,-0.0151,本圈台阶完成,1,0.0000,0.150,0.330
5609.578,SEEK_ROUNDABOUT,28.065,0,2.108,0.0000,0.0000,none,,,,tracking,0.1450,-0.0413,1,line_recenter_transition,0.0485,0.0580,-0.4182,-0.5163,0.6392,5,0.4762,0.0981,0.5743,-0.2921,-0.0413,IDLE,1,0,step_done_latches_cleared,0,0,0.000,0,nan,nan,nan,0.0000,0,5,0.6000,0.6151,0.1675,0.6151,-0.0151,本圈台阶完成,1,0.0000,0.150,0.330
5609.703,SEEK_ROUNDABOUT,28.190,0,2.109,0.0000,0.0000,none,,,,tracking,0.1450,-0.0405,1,line_recenter_transition,0.0380,0.0477,-0.4379,-0.5401,0.6374,5,0.4856,0.1022,0.5879,-0.3101,-0.0405,IDLE,1,0,step_done_latches_cleared,0,0,0.000,0,nan,nan,nan,0.0000,0,5,0.6000,0.6151,0.1675,0.6151,-0.0151,本圈台阶完成,1,0.0000,0.150,0.330
5609.827,SEEK_ROUNDABOUT,28.313,0,2.113,0.0000,0.0000,none,,,,tracking,0.1450,-0.0141,1,line_curve_center_riding,-0.0074,0.0193,-0.4254,-0.5040,0.6462,5,0.4447,0.0786,0.5233,-0.3033,-0.0141,IDLE,1,0,step_done_latches_cleared,0,0,0.000,0,nan,nan,nan,0.0000,0,5,0.6000,0.6151,0.1675,0.6151,-0.0151,本圈台阶完成,1,0.0000,0.150,0.330
5609.959,SEEK_ROUNDABOUT,28.445,0,2.119,0.0000,0.0000,none,,,,tracking,0.1450,0.0102,1,line_curve_center_riding,-0.0309,-0.0129,-0.3133,-0.3133,0.5734,4,0.3004,0.0000,0.3004,-0.2132,0.0102,IDLE,1,0,step_done_latches_cleared,0,0,0.000,0,nan,nan,nan,0.0000,0,5,0.6000,0.6151,0.1675,0.6151,-0.0151,本圈台阶完成,1,0.0000,0.150,0.330
5610.086,SEEK_ROUNDABOUT,28.573,0,2.128,0.0000,0.0000,none,,,,tracking,0.1450,0.0392,1,line_curve_center_riding,-0.0613,-0.0293,-0.5624,-0.6593,0.6300,5,0.5331,0.0969,0.6300,-0.4170,0.0392,IDLE,1,0,step_done_latches_cleared,0,0,0.000,0,nan,nan,nan,0.0000,0,5,0.6000,0.6151,0.1675,0.6151,-0.0151,本圈台阶完成,1,0.0000,0.150,0.330
5610.229,SEEK_ROUNDABOUT,28.715,0,2.142,0.0000,0.0000,none,,,,tracking,0.1450,0.0711,1,line_curve_center_riding,-0.0944,-0.0588,-0.6513,-0.7690,0.6141,5,0.5925,0.1177,0.7102,-0.4931,0.0711,IDLE,1,0,step_done_latches_cleared,0,0,0.000,0,nan,nan,nan,0.0000,0,5,0.6000,0.6151,0.1675,0.6151,-0.0151,本圈台阶完成,1,0.0000,0.150,0.330
5610.358,SEEK_ROUNDABOUT,28.844,0,2.158,0.0000,0.0000,none,,,,tracking,0.1450,0.0923,1,line_curve_center_riding,-0.1050,-0.0761,-0.5574,-0.5574,0.5350,4,0.4812,0.0000,0.4812,-0.3969,0.0923,IDLE,1,0,step_done_latches_cleared,0,0,0.000,0,nan,nan,nan,0.0000,0,5,0.6000,0.6151,0.1675,0.6151,-0.0151,本圈台阶完成,1,0.0000,0.150,0.330
5610.492,SEEK_ROUNDABOUT,28.979,0,2.176,0.0000,0.0000,none,,,,tracking,0.1450,0.1382,1,line_curve_center_riding,-0.1665,-0.1436,-0.5248,-0.5248,0.5521,4,0.3812,0.0000,0.3812,-0.3977,0.1382,IDLE,1,0,step_done_latches_cleared,0,0,0.000,0,nan,nan,nan,0.0000,0,5,0.6000,0.6151,0.1675,0.6151,-0.0151,本圈台阶完成,1,0.0000,0.150,0.330
5610.617,SEEK_ROUNDABOUT,29.103,0,2.194,0.0000,0.0000,none,,,,tracking,0.1450,0.1748,1,line_curve_center_riding,-0.1943,-0.1648,-0.6566,-0.6566,0.5289,4,0.4918,0.0000,0.4918,-0.4927,0.1748,IDLE,1,0,step_done_latches_cleared,0,0,0.000,0,nan,nan,nan,0.0000,0,5,0.6000,0.6151,0.1675,0.6151,-0.0151,本圈台阶完成,1,0.0000,0.150,0.330
5610.742,SEEK_ROUNDABOUT,29.228,0,2.214,0.0000,0.0000,none,,,,tracking,0.1450,0.2196,1,line_curve_center_riding,-0.2419,-0.2079,-0.7758,-0.7758,0.5142,4,0.5679,0.0000,0.5679,-0.5865,0.2196,IDLE,1,0,step_done_latches_cleared,0,0,0.000,0,nan,nan,nan,0.0000,0,5,0.6000,0.6151,0.1675,0.6151,-0.0151,本圈台阶完成,1,0.0000,0.150,0.330
5610.865,SEEK_ROUNDABOUT,29.352,0,2.238,0.0000,0.0000,none,,,,tracking,0.1700,0.2761,1,line_curve_center_riding,-0.3039,-0.2881,-0.5512,-0.5512,0.4399,3,0.2631,0.0000,0.2631,-0.4635,0.2761,IDLE,1,0,step_done_latches_cleared,0,0,0.000,0,nan,nan,nan,0.0000,0,5,0.6000,0.6151,0.1675,0.6151,-0.0151,本圈台阶完成,1,0.0000,0.150,0.330
5610.988,SEEK_ROUNDABOUT,29.475,0,2.263,0.0000,0.0000,none,,,,tracking,0.1624,0.3405,1,line_curve_center_riding,-0.3707,-0.3543,-0.6283,-0.6283,0.4258,3,0.2740,0.0000,0.2740,-0.5369,0.3405,IDLE,1,0,step_done_latches_cleared,0,0,0.000,0,nan,nan,nan,0.0000,0,5,0.6000,0.6151,0.1675,0.6151,-0.0151,本圈台阶完成,1,0.0000,0.150,0.330
5611.112,SEEK_ROUNDABOUT,29.598,0,2.287,0.0000,0.0000,none,,,,tracking,0.1505,0.3869,1,line_curve_center_riding,-0.4008,-0.3860,-0.6330,-0.6330,0.4410,3,0.2470,0.0000,0.2470,-0.5507,0.3869,IDLE,1,0,step_done_latches_cleared,0,0,0.000,0,nan,nan,nan,0.0000,0,5,0.6000,0.6151,0.1675,0.6151,-0.0151,本圈台阶完成,1,0.0000,0.150,0.330
5611.239,SEEK_ROUNDABOUT,29.726,0,2.310,0.0000,0.0000,none,,,,tracking,0.1386,0.4331,1,line_curve_center_riding,-0.4421,-0.4255,-0.7023,-0.7023,0.4261,3,0.2768,0.0000,0.2768,-0.6100,0.4331,IDLE,1,0,step_done_latches_cleared,0,0,0.000,0,nan,nan,nan,0.0000,0,5,0.6000,0.6151,0.1675,0.6151,-0.0151,本圈台阶完成,1,0.0000,0.150,0.330
5611.364,SEEK_ROUNDABOUT,29.850,0,2.339,0.0000,0.0000,none,,,,tracking,0.1256,0.4838,1,line_curve_center_riding,-0.4920,-0.4747,-0.7639,-0.7639,0.4159,3,0.2892,0.0000,0.2892,-0.6675,0.4838,IDLE,1,0,step_done_latches_cleared,0,0,0.000,0,nan,nan,nan,0.0000,0,5,0.6000,0.6151,0.1675,0.6151,-0.0151,本圈台阶完成,1,0.0000,0.150,0.330
5611.500,SEEK_ROUNDABOUT,29.986,0,2.366,0.0000,0.0000,none,,,,tracking,0.1200,0.5055,1,line_center_tracking,-0.4905,-0.4774,-0.5242,-0.5242,0.3433,2,0.0468,0.0000,0.0468,-0.5086,0.5055,IDLE,1,0,step_done_latches_cleared,0,0,0.000,0,nan,nan,nan,0.0000,0,5,0.6000,0.6151,0.1675,0.6151,-0.0151,本圈台阶完成,1,0.0000,0.150,0.330
5611.631,SEEK_ROUNDABOUT,30.118,0,2.406,0.0000,0.0000,none,,,,tracking,0.1137,0.5299,1,line_curve_center_riding,-0.5124,-0.4956,-0.7750,-0.7750,0.4279,3,0.2794,0.0000,0.2794,-0.6819,0.5299,IDLE,1,0,step_done_latches_cleared,0,0,0.000,0,nan,nan,nan,0.0000,0,5,0.6000,0.6151,0.1675,0.6151,-0.0151,本圈台阶完成,1,0.0000,0.150,0.330
5611.774,SEEK_ROUNDABOUT,30.261,0,2.447,0.0000,0.0000,none,,,,tracking,0.1050,0.5598,1,line_hard_turn_centering,-0.5447,-0.5407,-0.5802,-0.5802,0.3638,2,0.0395,0.0000,0.0395,-0.5671,0.5598,IDLE,1,0,step_done_latches_cleared,0,0,0.000,0,nan,nan,nan,0.0000,0,5,0.6000,0.6151,0.1675,0.6151,-0.0151,本圈台阶完成,1,0.0000,0.150,0.330
5611.907,SEEK_ROUNDABOUT,30.393,0,2.488,0.0000,0.0000,none,,,,tracking,0.1050,0.5600,1,line_hard_turn_centering,-0.5425,-0.5377,-0.5859,-0.5859,0.3393,2,0.0482,0.0000,0.0482,-0.5698,0.5600,IDLE,1,0,step_done_latches_cleared,0,0,0.000,0,nan,nan,nan,0.0000,0,5,0.6000,0.6151,0.1675,0.6151,-0.0151,本圈台阶完成,1,0.0000,0.150,0.330
5612.042,SEEK_ROUNDABOUT,30.529,0,2.518,0.0000,0.0000,none,,,,tracking,0.1094,0.5467,1,line_curve_center_riding,-0.4874,-0.4745,-0.6897,-0.6897,0.4462,3,0.2152,0.0000,0.2152,-0.6180,0.5467,IDLE,1,0,step_done_latches_cleared,0,0,0.000,0,nan,nan,nan,0.0000,0,5,0.6000,0.6151,0.1675,0.6151,-0.0151,本圈台阶完成,1,0.0000,0.150,0.330
5612.169,SEEK_ROUNDABOUT,30.655,0,2.552,0.0000,0.0000,none,,,,tracking,0.1192,0.5086,1,line_curve_center_riding,-0.4392,-0.4298,-0.5856,-0.5856,0.3543,2,0.1558,0.0000,0.1558,-0.5337,0.5086,IDLE,1,0,step_done_latches_cleared,0,0,0.000,0,nan,nan,nan,0.0000,0,5,0.6000,0.6151,0.1675,0.6151,-0.0151,本圈台阶完成,1,0.0000,0.150,0.330
5612.315,SEEK_ROUNDABOUT,30.802,0,2.582,0.0000,0.0000,none,,,,line_bridge_loss,0.0686,0.2034,0,line_too_few_bands,0.0000,0.0000,0.0000,0.0000,0.0000,1,0.0000,0.0000,0.0000,0.0000,0.2034,IDLE,1,0,step_done_latches_cleared,0,0,0.000,0,nan,nan,nan,0.0000,0,5,0.6000,0.6151,0.1675,0.6151,-0.0151,本圈台阶完成,1,0.0000,0.150,0.330
5612.444,SEEK_ROUNDABOUT,30.931,0,2.607,0.0000,0.0000,none,,,,tracking,0.1175,0.4252,1,line_center_tracking,-0.3151,-0.3076,-0.3343,-0.3343,0.3999,2,0.0267,0.0000,0.0267,-0.3254,0.4252,IDLE,1,0,step_done_latches_cleared,0,0,0.000,0,nan,nan,nan,0.0000,0,5,0.6000,0.6151,0.1675,0.6151,-0.0151,本圈台阶完成,1,0.0000,0.150,0.330
5612.579,SEEK_ROUNDABOUT,31.066,0,2.631,0.8797,1.0000,none,,,,tracking,0.1546,0.3711,1,line_curve_center_riding,-0.2968,-0.2862,-0.4628,-0.4628,0.4753,3,0.1765,0.0000,0.1765,-0.4039,0.3711,IDLE,1,0,step_done_latches_cleared,0,0,0.000,0,nan,nan,nan,0.0000,0,5,0.6000,0.6151,0.1675,0.6151,-0.0151,本圈台阶完成,1,0.0000,0.150,0.330
5612.708,SEEK_ROUNDABOUT,31.194,0,2.648,0.0000,0.7000,none,,,,tracking,0.1691,0.3145,1,line_curve_center_riding,-0.2418,-0.2343,-0.3602,-0.3602,0.5037,3,0.1259,0.0000,0.1259,-0.3182,0.3145,IDLE,1,0,step_done_latches_cleared,0,0,0.000,0,nan,nan,nan,0.0000,0,5,0.6000,0.6151,0.1675,0.6151,-0.0151,本圈台阶完成,1,0.0000,0.150,0.330
5612.836,SEEK_ROUNDABOUT,31.322,0,2.670,0.0000,0.4000,none,,,,tracking,0.1700,0.2514,1,line_curve_center_riding,-0.1779,-0.1700,-0.3011,-0.3011,0.3735,2,0.1311,0.0000,0.1311,-0.2574,0.2514,IDLE,1,0,step_done_latches_cleared,0,0,0.000,0,nan,nan,nan,0.0000,0,5,0.6000,0.6151,0.1675,0.6151,-0.0151,本圈台阶完成,1,0.0000,0.150,0.330
5612.960,SEEK_ROUNDABOUT,31.446,0,2.689,0.0000,0.1000,none,,,,tracking,0.1450,0.2137,1,line_curve_center_riding,-0.1624,-0.1454,-0.4297,-0.5288,0.5670,4,0.2844,0.0991,0.3834,-0.3680,0.2137,IDLE,1,0,step_done_latches_cleared,0,0,0.000,0,nan,nan,nan,0.0000,0,5,0.6000,0.6151,0.1675,0.6151,-0.0151,本圈台阶完成,1,0.0000,0.150,0.330
5613.093,SEEK_ROUNDABOUT,31.579,0,2.702,0.8855,1.1000,none,,,,tracking,0.1450,0.1431,1,line_curve_center_riding,-0.0726,-0.0483,-0.4538,-0.7818,0.5215,4,0.4055,0.3280,0.7335,-0.4279,0.1431,IDLE,1,0,step_done_latches_cleared,0,0,0.000,0,nan,nan,nan,0.0000,0,5,0.6000,0.6151,0.1675,0.6151,-0.0151,本圈台阶完成,1,0.0000,0.150,0.330
5613.221,SEEK_ROUNDABOUT,31.707,0,2.713,0.8000,1.4500,none,,,,tracking,0.1700,0.1009,1,line_curve_center_riding,-0.0539,-0.0423,-0.2354,-0.2354,0.4941,3,0.1931,0.0000,0.1931,-0.1710,0.1009,IDLE,1,0,step_done_latches_cleared,0,0,0.000,0,nan,nan,nan,0.0000,0,5,0.6000,0.6151,0.1675,0.6151,-0.0151,本圈台阶完成,1,0.0000,0.150,0.330
5613.354,SEEK_ROUNDABOUT,31.841,0,2.723,0.8000,1.8000,none,,,,tracking,0.1450,0.0689,1,line_curve_center_riding,-0.0339,-0.0193,-0.2623,-0.5169,0.5698,4,0.2430,0.2546,0.4976,-0.2662,0.0689,IDLE,1,0,step_done_latches_cleared,0,0,0.000,0,nan,nan,nan,0.0000,0,5,0.6000,0.6151,0.1675,0.6151,-0.0151,本圈台阶完成,1,0.0000,0.150,0.330
5613.487,ROUNDABOUT_APPROACH,0.000,0,2.731,0.9281,0.0000,vision,2.731,,,tracking,0.1450,0.0189,1,line_curve_center_riding,-0.0175,-0.0028,-0.2485,-0.4630,0.7561,6,0.2457,0.2145,0.4602,-0.2381,0.0189,IDLE,1,0,step_done_latches_cleared,0,0,0.000,0,nan,nan,nan,0.0000,0,5,0.6000,0.6151,0.1675,0.6151,-0.0151,本圈台阶完成,1,0.0000,0.150,0.330
5613.640,ROUNDABOUT_APPROACH,0.152,0,2.731,0.8813,0.0000,vision,2.731,,,tracking,0.1450,0.0067,1,line_curve_center_riding,0.0038,0.0201,-0.2516,-0.5102,0.7501,6,0.2717,0.2586,0.5303,-0.2473,0.0067,IDLE,1,0,step_done_latches_cleared,0,0,0.000,0,nan,nan,nan,0.0000,0,5,0.6000,0.6151,0.1675,0.6151,-0.0151,本圈台阶完成,1,0.0000,0.150,0.330
5613.778,ROUNDABOUT_APPROACH,0.291,0,2.731,0.9311,0.0000,vision,2.731,,,tracking,0.1700,0.0133,1,line_curve_center_riding,-0.0166,-0.0028,-0.2340,-0.4055,0.8538,7,0.2312,0.1715,0.4028,-0.2141,0.0133,IDLE,1,0,step_done_latches_cleared,0,0,0.000,0,nan,nan,nan,0.0000,0,5,0.6000,0.6151,0.1675,0.6151,-0.0151,本圈台阶完成,1,0.0000,0.150,0.330
5613.918,ROUNDABOUT_APPROACH,0.431,0,2.731,0.9141,0.0000,vision,2.731,,,tracking,0.1700,0.0323,1,line_curve_center_riding,-0.0455,-0.0344,-0.2198,-0.3971,0.7757,6,0.1853,0.1773,0.3627,-0.2171,0.0323,IDLE,1,0,step_done_latches_cleared,0,0,0.000,0,nan,nan,nan,0.0000,0,5,0.6000,0.6151,0.1675,0.6151,-0.0151,本圈台阶完成,1,0.0000,0.150,0.330
5614.055,ROUNDABOUT_APPROACH,0.567,0,2.731,0.8686,0.0000,vision,2.731,,,tracking,0.1700,0.0350,1,line_curve_center_riding,-0.0362,-0.0249,-0.2136,-0.3693,0.6916,5,0.1887,0.1557,0.3443,-0.2026,0.0350,IDLE,1,0,step_done_latches_cleared,0,0,0.000,0,nan,nan,nan,0.0000,0,5,0.6000,0.6151,0.1675,0.6151,-0.0151,本圈台阶完成,1,0.0000,0.150,0.330
5614.198,ROUNDABOUT_APPROACH,0.711,0,2.731,0.8688,0.0000,vision,2.731,,,tracking,0.1700,0.0376,1,line_curve_center_riding,-0.0373,-0.0262,-0.2122,-0.3525,0.6955,5,0.1860,0.1403,0.3263,-0.1970,0.0376,IDLE,1,0,step_done_latches_cleared,0,0,0.000,0,nan,nan,nan,0.0000,0,5,0.6000,0.6151,0.1675,0.6151,-0.0151,本圈台阶完成,1,0.0000,0.150,0.330
5614.333,ROUNDABOUT_APPROACH,0.846,0,2.731,0.8331,0.0000,vision,2.731,,,tracking,0.1700,0.0346,1,line_curve_center_riding,-0.0299,-0.0183,-0.2119,-0.4136,0.7692,6,0.1937,0.2017,0.3953,-0.2146,0.0346,IDLE,1,0,step_done_latches_cleared,0,0,0.000,0,nan,nan,nan,0.0000,0,5,0.6000,0.6151,0.1675,0.6151,-0.0151,本圈台阶完成,1,0.0000,0.150,0.330
5614.467,ROUNDABOUT_APPROACH,0.979,0,2.731,0.8672,0.0000,vision,2.731,,,tracking,0.1700,0.0331,1,line_curve_center_riding,-0.0293,-0.0184,-0.1994,-0.2861,0.6031,4,0.1810,0.0867,0.2677,-0.1680,0.0331,IDLE,1,0,step_done_latches_cleared,0,0,0.000,0,nan,nan,nan,0.0000,0,5,0.6000,0.6151,0.1675,0.6151,-0.0151,本圈台阶完成,1,0.0000,0.150,0.330
5614.594,ROUNDABOUT_APPROACH,1.107,0,2.731,0.8854,0.0000,vision,2.731,,,tracking,0.1700,0.0310,1,line_curve_center_riding,-0.0269,-0.0153,-0.2091,-0.4101,0.7596,6,0.1938,0.2010,0.3948,-0.2115,0.0310,IDLE,1,0,step_done_latches_cleared,0,0,0.000,0,nan,nan,nan,0.0000,0,5,0.6000,0.6151,0.1675,0.6151,-0.0151,本圈台阶完成,1,0.0000,0.150,0.330
5614.737,ROUNDABOUT_APPROACH,1.250,0,2.731,0.8654,0.0000,vision,2.731,,,tracking,0.1450,0.0465,1,line_curve_center_riding,-0.0553,-0.0473,-0.1819,-0.4938,0.6672,5,0.1346,0.3119,0.4466,-0.2410,0.0465,IDLE,1,0,step_done_latches_cleared,0,0,0.000,0,nan,nan,nan,0.0000,0,5,0.6000,0.6151,0.1675,0.6151,-0.0151,本圈台阶完成,1,0.0000,0.150,0.330
5614.876,ROUNDABOUT_APPROACH,1.388,0,2.731,0.8595,0.0000,vision,2.731,,,tracking,0.1700,0.0410,1,line_curve_center_riding,-0.0348,-0.0249,-0.1907,-0.2587,0.5015,3,0.1658,0.0680,0.2339,-0.1581,0.0410,IDLE,1,0,step_done_latches_cleared,0,0,0.000,0,nan,nan,nan,0.0000,0,5,0.6000,0.6151,0.1675,0.6151,-0.0151,本圈台阶完成,1,0.0000,0.150,0.330
5615.002,ROUNDABOUT_APPROACH,1.515,0,2.731,0.8660,0.0000,vision,2.731,,,tracking,0.2181,0.0529,1,line_center_tracking,-0.0580,-0.0369,-0.1121,-0.1121,0.4167,2,0.0752,0.0000,0.0752,-0.0871,0.0529,IDLE,1,0,step_done_latches_cleared,0,0,0.000,0,nan,nan,nan,0.0000,0,5,0.6000,0.6151,0.1675,0.6151,-0.0151,本圈台阶完成,1,0.0000,0.150,0.330
5615.128,ROUNDABOUT_APPROACH,1.641,0,2.731,0.8659,0.0000,vision,2.731,,,tracking,0.1704,0.0578,1,line_curve_center_riding,-0.0583,-0.0470,-0.2355,-0.3885,0.6860,5,0.1885,0.1529,0.3414,-0.2237,0.0578,IDLE,1,0,step_done_latches_cleared,0,0,0.000,0,nan,nan,nan,0.0000,0,5,0.6000,0.6151,0.1675,0.6151,-0.0151,本圈台阶完成,1,0.0000,0.150,0.330
5615.253,ROUNDABOUT_APPROACH,1.765,0,2.731,0.8000,0.0000,vision,2.731,,,tracking,0.1700,0.0743,1,line_curve_center_riding,-0.0822,-0.0736,-0.2179,-0.3633,0.6042,4,0.1443,0.1454,0.2897,-0.2182,0.0743,IDLE,1,0,step_done_latches_cleared,0,0,0.000,0,nan,nan,nan,0.0000,0,5,0.6000,0.6151,0.1675,0.6151,-0.0151,本圈台阶完成,1,0.0000,0.150,0.330
5615.391,ROUNDABOUT_APPROACH,1.903,0,2.731,0.8920,0.0000,vision,2.731,,,tracking,0.1700,0.0829,1,line_curve_center_riding,-0.0852,-0.0768,-0.2178,-0.3540,0.7874,6,0.1410,0.1362,0.2772,-0.2162,0.0829,IDLE,1,0,step_done_latches_cleared,0,0,0.000,0,nan,nan,nan,0.0000,0,5,0.6000,0.6151,0.1675,0.6151,-0.0151,本圈台阶完成,1,0.0000,0.150,0.330
5615.518,ROUNDABOUT_APPROACH,2.031,0,2.731,0.0000,0.0000,vision,2.731,,,tracking,0.1700,0.0922,1,line_curve_center_riding,-0.0934,-0.0862,-0.2067,-0.2847,0.6181,4,0.1205,0.0780,0.1985,-0.1926,0.0922,IDLE,1,0,step_done_latches_cleared,0,0,0.000,0,nan,nan,nan,0.0000,0,5,0.6000,0.6151,0.1675,0.6151,-0.0151,本圈台阶完成,1,0.0000,0.150,0.330
5615.662,ROUNDABOUT_APPROACH,2.175,0,2.731,0.8000,0.0000,vision,2.731,,,tracking,0.1700,0.0885,1,line_curve_center_riding,-0.0800,-0.0716,-0.2112,-0.2747,0.5119,3,0.1397,0.0635,0.2031,-0.1858,0.0885,IDLE,1,0,step_done_latches_cleared,0,0,0.000,0,nan,nan,nan,0.0000,0,5,0.6000,0.6151,0.1675,0.6151,-0.0151,本圈台阶完成,1,0.0000,0.150,0.330
5615.805,ROUNDABOUT_APPROACH,2.317,0,2.731,0.8596,0.0000,vision,2.731,,,tracking,0.1700,0.0860,1,line_curve_center_riding,-0.0774,-0.0679,-0.2269,-0.3452,0.6993,5,0.1590,0.1184,0.2773,-0.2133,0.0860,IDLE,1,0,step_done_latches_cleared,0,0,0.000,0,nan,nan,nan,0.0000,0,5,0.6000,0.6151,0.1675,0.6151,-0.0151,本圈台阶完成,1,0.0000,0.150,0.330
5615.939,ROUNDABOUT_APPROACH,2.452,0,2.731,0.9434,0.0000,vision,2.731,,,tracking,0.1700,0.0973,1,line_curve_center_riding,-0.0988,-0.0917,-0.2105,-0.3090,0.6130,4,0.1189,0.0985,0.2173,-0.2037,0.0973,IDLE,1,0,step_done_latches_cleared,0,0,0.000,0,nan,nan,nan,0.0000,0,5,0.6000,0.6151,0.1675,0.6151,-0.0151,本圈台阶完成,1,0.0000,0.150,0.330
5616.064,ROUNDABOUT_APPROACH,2.577,0,2.731,0.8995,0.0000,vision,2.731,,,tracking,0.1700,0.0992,1,line_curve_center_riding,-0.0942,-0.0874,-0.2008,-0.3213,0.7913,6,0.1135,0.1205,0.2339,-0.2032,0.0992,IDLE,1,0,step_done_latches_cleared,0,0,0.000,0,nan,nan,nan,0.0000,0,5,0.6000,0.6151,0.1675,0.6151,-0.0151,本圈台阶完成,1,0.0000,0.150,0.330
5616.205,ROUNDABOUT_APPROACH,2.717,0,2.731,0.8484,0.0000,vision,2.731,,,tracking,0.1700,0.1165,1,line_curve_center_riding,-0.1220,-0.1128,-0.2662,-0.3413,0.6672,5,0.1534,0.0751,0.2284,-0.2401,0.1165,IDLE,1,0,step_done_latches_cleared,0,0,0.000,0,nan,nan,nan,0.0000,0,5,0.6000,0.6151,0.1675,0.6151,-0.0151,本圈台阶完成,1,0.0000,0.150,0.330
5616.333,ROUNDABOUT_APPROACH,2.846,0,2.731,0.9036,0.0000,vision,2.731,,,tracking,0.1700,0.1092,1,line_curve_center_riding,-0.0969,-0.0894,-0.2141,-0.3122,0.7970,6,0.1247,0.0981,0.2227,-0.2052,0.1092,IDLE,1,0,step_done_latches_cleared,0,0,0.000,0,nan,nan,nan,0.0000,0,5,0.6000,0.6151,0.1675,0.6151,-0.0151,本圈台阶完成,1,0.0000,0.150,0.330
5616.463,ROUNDABOUT_APPROACH,2.976,0,2.731,0.8135,0.0000,vision,2.731,,,tracking,0.1700,0.1128,1,line_curve_center_riding,-0.1067,-0.1004,-0.2068,-0.2942,0.7056,5,0.1064,0.0874,0.1938,-0.2004,0.1128,IDLE,1,0,step_done_latches_cleared,0,0,0.000,0,nan,nan,nan,0.0000,0,5,0.6000,0.6151,0.1675,0.6151,-0.0151,本圈台阶完成,1,0.0000,0.150,0.330
5616.596,ROUNDABOUT_APPROACH,3.109,0,2.731,0.8423,0.0000,vision,2.731,,,tracking,0.1700,0.1261,1,line_curve_center_riding,-0.1275,-0.1146,-0.3295,-0.3295,0.4879,3,0.2148,0.0000,0.2148,-0.2579,0.1261,IDLE,1,0,step_done_latches_cleared,0,0,0.000,0,nan,nan,nan,0.0000,0,5,0.6000,0.6151,0.1675,0.6151,-0.0151,本圈台阶完成,1,0.0000,0.150,0.330
5616.742,ROUNDABOUT_APPROACH,3.255,0,2.731,0.8667,0.0000,vision,2.731,,,tracking,0.1700,0.1214,1,line_curve_center_riding,-0.1099,-0.1029,-0.2198,-0.3354,0.7912,6,0.1168,0.1157,0.2325,-0.2194,0.1214,IDLE,1,0,step_done_latches_cleared,0,0,0.000,0,nan,nan,nan,0.0000,0,5,0.6000,0.6151,0.1675,0.6151,-0.0151,本圈台阶完成,1,0.0000,0.150,0.330
5616.886,ROUNDABOUT_APPROACH,3.398,0,2.731,0.0000,0.0000,vision,2.731,,,tracking,0.2182,0.1237,1,line_center_tracking,-0.1160,-0.0919,-0.1781,-0.2510,0.5318,3,0.0862,0.0729,0.1591,-0.1736,0.1237,IDLE,1,0,step_done_latches_cleared,0,0,0.000,0,nan,nan,nan,0.0000,0,5,0.6000,0.6151,0.1675,0.6151,-0.0151,本圈台阶完成,1,0.0000,0.150,0.330
5617.011,ROUNDABOUT_APPROACH,3.523,0,2.731,0.8607,0.0000,vision,2.731,,,tracking,0.1966,0.2076,1,line_center_tracking,-0.2576,-0.2438,-0.2931,-0.2931,0.3362,2,0.0494,0.0000,0.0494,-0.2767,0.2076,IDLE,1,0,step_done_latches_cleared,0,0,0.000,0,nan,nan,nan,0.0000,0,5,0.6000,0.6151,0.1675,0.6151,-0.0151,本圈台阶完成,1,0.0000,0.150,0.330
5617.134,ROUNDABOUT_APPROACH,3.647,0,2.731,0.6000,0.0000,vision,2.731,,,tracking,0.2042,0.1780,1,line_center_tracking,-0.1496,-0.1702,-0.0966,-0.1750,0.7879,6,0.0736,0.0784,0.0048,-0.1472,0.1780,IDLE,1,0,step_done_latches_cleared,0,0,0.000,0,nan,nan,nan,0.0000,0,5,0.6000,0.6151,0.1675,0.6151,-0.0151,本圈台阶完成,1,0.0000,0.150,0.330
5617.270,ROUNDABOUT_APPROACH,3.782,0,2.731,0.0000,0.0000,vision,2.731,,,tracking,0.2170,0.1284,1,line_center_tracking,-0.0777,-0.0530,-0.1412,-0.1260,0.6338,4,0.0882,0.0152,0.0730,-0.1067,0.1284,IDLE,1,0,step_done_latches_cleared,0,0,0.000,0,nan,nan,nan,0.0000,0,5,0.6000,0.6151,0.1675,0.6151,-0.0151,本圈台阶完成,1,0.0000,0.150,0.330
5617.712,ROUNDABOUT_APPROACH,4.225,0,2.731,0.8712,0.0000,vision,2.731,,,line_bridge_loss,0.1663,0.0513,0,line_too_few_bands,0.0000,0.0000,0.0000,0.0000,0.0000,1,0.0000,0.0000,0.0000,0.0000,0.0513,IDLE,1,0,step_done_latches_cleared,0,0,0.000,0,nan,nan,nan,0.0000,0,5,0.6000,0.6151,0.1675,0.6151,-0.0151,本圈台阶完成,1,0.0000,0.150,0.330
5617.838,ROUNDABOUT_APPROACH,4.351,0,2.731,0.9052,0.0000,vision,2.731,,,tracking,0.2140,0.0635,1,line_center_tracking,0.0081,0.0190,-0.0199,-0.0371,0.6329,4,0.0389,0.0172,0.0561,-0.0127,0.0635,IDLE,1,0,step_done_latches_cleared,0,0,0.000,0,nan,nan,nan,0.0000,0,5,0.6000,0.6151,0.1675,0.6151,-0.0151,本圈台阶完成,1,0.0000,0.150,0.330
5617.967,ROUNDABOUT_APPROACH,4.479,0,2.731,0.6000,0.0000,vision,2.731,,,tracking,0.1700,0.0102,1,line_curve_center_riding,0.0338,0.0372,-0.0196,-0.2782,0.5969,4,0.0568,0.2586,0.3154,-0.0869,0.0102,IDLE,1,0,step_done_latches_cleared,0,0,0.000,0,nan,nan,nan,0.0000,0,5,0.6000,0.6151,0.1675,0.6151,-0.0151,本圈台阶完成,1,0.0000,0.150,0.330
5618.095,ROUNDABOUT_APPROACH,4.607,0,2.731,0.8000,0.0000,vision,2.731,,,tracking,0.2186,-0.0329,1,line_center_tracking,0.0690,0.0911,0.0123,0.0045,0.7048,5,0.0788,0.0078,0.0866,0.0360,-0.0329,IDLE,1,0,step_done_latches_cleared,0,0,0.000,0,nan,nan,nan,0.0000,0,5,0.6000,0.6151,0.1675,0.6151,-0.0151,本圈台阶完成,1,0.0000,0.150,0.330
5618.224,ROUNDABOUT_APPROACH,4.737,0,2.731,0.8489,0.0000,vision,2.731,,,tracking,0.2440,-0.0232,1,line_center_tracking,0.0184,0.0211,0.0114,0.0368,0.6424,4,0.0097,0.0255,0.0157,0.0231,-0.0232,IDLE,1,0,step_done_latches_cleared,0,0,0.000,0,nan,nan,nan,0.0000,0,5,0.6000,0.6151,0.1675,0.6151,-0.0151,本圈台阶完成,1,0.0000,0.150,0.330
5618.364,ROUNDABOUT_APPROACH,4.876,0,2.731,0.9058,0.0000,vision,2.731,,,tracking,0.1934,-0.0900,1,line_curve_center_riding,0.1363,0.1496,-0.0721,-0.7778,0.6322,5,0.2216,0.7057,0.9273,-0.2334,-0.0900,IDLE,1,0,step_done_latches_cleared,0,0,0.000,0,nan,nan,nan,0.0000,0,5,0.6000,0.6151,0.1675,0.6151,-0.0151,本圈台阶完成,1,0.0000,0.150,0.330
5618.497,ROUNDABOUT_APPROACH,5.009,0,2.731,0.6000,0.0000,vision,2.731,,,tracking,0.2352,-0.0575,1,line_center_tracking,0.0332,0.0209,0.0647,0.0647,0.4476,2,0.0438,0.0000,0.0438,0.0501,-0.0575,IDLE,1,0,step_done_latches_cleared,0,0,0.000,0,nan,nan,nan,0.0000,0,5,0.6000,0.6151,0.1675,0.6151,-0.0151,本圈台阶完成,1,0.0000,0.150,0.330
5618.622,ROUNDABOUT_APPROACH,5.135,0,2.731,0.9357,0.0000,vision,2.731,,,tracking,0.2392,-0.0420,1,line_center_tracking,0.0246,0.0240,0.0262,0.0166,0.8972,7,0.0021,0.0095,0.0074,0.0223,-0.0420,IDLE,1,0,step_done_latches_cleared,0,0,0.000,0,nan,nan,nan,0.0000,0,5,0.6000,0.6151,0.1675,0.6151,-0.0151,本圈台阶完成,1,0.0000,0.150,0.330
5618.752,ROUNDABOUT_APPROACH,5.265,0,2.731,0.9398,0.0000,vision,2.731,,,tracking,0.1897,-0.0360,1,line_curve_center_riding,0.0269,0.0373,-0.1345,-0.1345,0.4976,3,0.1718,0.0000,0.1718,-0.0773,-0.0360,IDLE,1,0,step_done_latches_cleared,0,0,0.000,0,nan,nan,nan,0.0000,0,5,0.6000,0.6151,0.1675,0.6151,-0.0151,本圈台阶完成,1,0.0000,0.150,0.330
5618.882,ROUNDABOUT_APPROACH,5.395,0,2.731,0.9555,0.0000,vision,2.731,,,tracking,0.1700,0.0078,1,line_curve_center_riding,-0.0423,-0.0292,-0.2468,-0.2948,0.5685,4,0.2176,0.0480,0.2656,-0.1903,0.0078,IDLE,1,0,step_done_latches_cleared,0,0,0.000,0,nan,nan,nan,0.0000,0,5,0.6000,0.6151,0.1675,0.6151,-0.0151,本圈台阶完成,1,0.0000,0.150,0.330
5619.010,ROUNDABOUT_APPROACH,5.522,0,2.731,0.9478,0.0000,vision,2.731,,,tracking,0.1450,0.0234,1,line_curve_center_riding,-0.0378,-0.0170,-0.3632,-0.4207,0.5693,4,0.3462,0.0576,0.4037,-0.2670,0.0234,IDLE,1,0,step_done_latches_cleared,0,0,0.000,0,nan,nan,nan,0.0000,0,5,0.6000,0.6151,0.1675,0.6151,-0.0151,本圈台阶完成,1,0.0000,0.150,0.330
5619.142,ROUNDABOUT_APPROACH,5.655,0,2.731,0.9124,0.0000,vision,2.731,,,tracking,0.1700,0.0450,1,line_curve_center_riding,-0.0605,-0.0512,-0.2065,-0.2065,0.4775,3,0.1553,0.0000,0.1553,-0.1547,0.0450,IDLE,1,0,step_done_latches_cleared,0,0,0.000,0,nan,nan,nan,0.0000,0,5,0.6000,0.6151,0.1675,0.6151,-0.0151,本圈台阶完成,1,0.0000,0.150,0.330
5619.275,ROUNDABOUT_APPROACH,5.788,0,2.731,0.9161,0.0000,vision,2.731,,,tracking,0.1450,0.0538,1,line_curve_center_riding,-0.0589,-0.0265,-0.5664,-0.6581,0.5201,4,0.5399,0.0916,0.6315,-0.4170,0.0538,IDLE,1,0,step_done_latches_cleared,0,0,0.000,0,nan,nan,nan,0.0000,0,5,0.6000,0.6151,0.1675,0.6151,-0.0151,本圈台阶完成,1,0.0000,0.150,0.330
5619.410,ROUNDABOUT_APPROACH,5.922,0,2.731,0.9052,0.0000,vision,2.731,,,tracking,0.1450,0.0827,1,line_curve_center_riding,-0.1004,-0.0673,-0.6197,-0.7103,0.5195,4,0.5525,0.0905,0.6430,-0.4658,0.0827,IDLE,1,0,step_done_latches_cleared,0,0,0.000,0,nan,nan,nan,0.0000,0,5,0.6000,0.6151,0.1675,0.6151,-0.0151,本圈台阶完成,1,0.0000,0.150,0.330
5619.553,ROUNDABOUT_APPROACH,6.065,0,2.731,0.8609,0.0000,vision,2.731,,,tracking,0.1450,0.1109,1,line_curve_center_riding,-0.1280,-0.0986,-0.5878,-0.6852,0.5067,4,0.4892,0.0974,0.5866,-0.4572,0.1109,IDLE,1,0,step_done_latches_cleared,0,0,0.000,0,nan,nan,nan,0.0000,0,5,0.6000,0.6151,0.1675,0.6151,-0.0151,本圈台阶完成,1,0.0000,0.150,0.330
5619.680,ROUNDABOUT_APPROACH,6.193,0,2.731,0.6000,0.0000,vision,2.731,,,tracking,0.1450,0.1156,1,line_curve_center_riding,-0.1133,-0.0915,-0.4540,-0.4540,0.4086,3,0.3625,0.0000,0.3625,-0.3332,0.1156,IDLE,1,0,step_done_latches_cleared,0,0,0.000,0,nan,nan,nan,0.0000,0,5,0.6000,0.6151,0.1675,0.6151,-0.0151,本圈台阶完成,1,0.0000,0.150,0.330
5619.811,ROUNDABOUT_APPROACH,6.324,0,2.731,0.8704,0.0000,vision,2.731,,,tracking,0.1949,0.0914,1,line_center_tracking,-0.0663,-0.0879,-0.0107,0.0386,0.8661,7,0.0773,0.0493,0.1265,-0.0200,0.0914,IDLE,1,0,step_done_latches_cleared,0,0,0.000,0,nan,nan,nan,0.0000,0,5,0.6000,0.6151,0.1675,0.6151,-0.0151,本圈台阶完成,1,0.0000,0.150,0.330
5619.945,ROUNDABOUT_APPROACH,6.458,0,2.731,0.9642,0.0000,vision,2.731,,,tracking,0.2073,0.1661,1,line_center_tracking,-0.2108,-0.1774,-0.2968,-0.2968,0.5088,3,0.1194,0.0000,0.1194,-0.2570,0.1661,IDLE,1,0,step_done_latches_cleared,0,0,0.000,0,nan,nan,nan,0.0000,0,5,0.6000,0.6151,0.1675,0.6151,-0.0151,本圈台阶完成,1,0.0000,0.150,0.330
5620.069,ROUNDABOUT_APPROACH,6.582,0,2.731,0.9586,0.0000,vision,2.731,,,tracking,0.2377,0.0479,1,line_center_tracking,0.0409,0.0284,0.0729,0.0729,0.3498,2,0.0445,0.0000,0.0445,0.0581,0.0479,IDLE,1,0,step_done_latches_cleared,0,0,0.000,0,nan,nan,nan,0.0000,0,5,0.6000,0.6151,0.1675,0.6151,-0.0151,本圈台阶完成,1,0.0000,0.150,0.330
5620.196,ROUNDABOUT_APPROACH,6.709,0,2.731,0.9107,0.0000,vision,2.731,,,tracking,0.2309,-0.0389,1,line_center_tracking,0.1140,0.0981,0.1550,0.1550,0.3149,2,0.0569,0.0000,0.0569,0.1360,-0.0389,IDLE,1,0,step_done_latches_cleared,0,0,0.000,0,nan,nan,nan,0.0000,0,5,0.6000,0.6151,0.1675,0.6151,-0.0151,本圈台阶完成,1,0.0000,0.150,0.330
5620.319,ROUNDABOUT_APPROACH,6.832,0,2.731,0.6000,0.0000,vision,2.731,,,tracking,0.2245,-0.0993,1,line_center_tracking,0.1475,0.1310,0.1901,0.1901,0.3088,2,0.0591,0.0000,0.0591,0.1704,-0.0993,IDLE,1,0,step_done_latches_cleared,0,0,0.000,0,nan,nan,nan,0.0000,0,5,0.6000,0.6151,0.1675,0.6151,-0.0151,本圈台阶完成,1,0.0000,0.150,0.330
5620.444,ROUNDABOUT_APPROACH,6.957,0,2.731,0.9074,0.0000,vision,2.731,,,tracking,0.2166,-0.1301,1,line_center_tracking,0.1510,0.1328,0.1978,0.1978,0.2922,2,0.0650,0.0000,0.0650,0.1762,-0.1301,IDLE,1,0,step_done_latches_cleared,0,0,0.000,0,nan,nan,nan,0.0000,0,5,0.6000,0.6151,0.1675,0.6151,-0.0151,本圈台阶完成,1,0.0000,0.150,0.330
5620.571,ROUNDABOUT_APPROACH,7.084,0,2.731,0.9145,0.0000,vision,2.731,,,tracking,0.1700,-0.0743,1,line_curve_center_riding,0.0290,0.0205,0.1626,0.1240,0.9488,8,0.1421,0.0386,0.1035,0.1024,-0.0743,IDLE,1,0,step_done_latches_cleared,0,0,0.000,0,nan,nan,nan,0.0000,0,5,0.6000,0.6151,0.1675,0.6151,-0.0151,本圈台阶完成,1,0.0000,0.150,0.330
5620.711,ROUNDABOUT_APPROACH,7.224,0,2.731,0.9200,0.0000,vision,2.731,,,tracking,0.2207,-0.0966,1,line_center_tracking,0.1024,0.0982,0.1131,0.1130,0.8179,6,0.0149,0.0001,0.0148,0.1081,-0.0966,IDLE,1,0,step_done_latches_cleared,0,0,0.000,0,nan,nan,nan,0.0000,0,5,0.6000,0.6151,0.1675,0.6151,-0.0151,本圈台阶完成,1,0.0000,0.150,0.330
5620.846,ROUNDABOUT_APPROACH,7.359,0,2.731,0.6000,0.0000,vision,2.731,,,tracking,0.2209,-0.1131,1,line_center_tracking,0.1192,0.1249,0.1046,0.0833,0.7303,5,0.0203,0.0213,0.0416,0.1042,-0.1131,IDLE,1,0,step_done_latches_cleared,0,0,0.000,0,nan,nan,nan,0.0000,0,5,0.6000,0.6151,0.1675,0.6151,-0.0151,本圈台阶完成,1,0.0000,0.150,0.330
5620.980,ROUNDABOUT,0.000,0,2.731,0.8765,0.0000,vision,2.731,0.000,0.000,icn_entry_left,0.1900,0.2202,1,line_center_tracking,0.1127,0.1226,0.0870,0.0616,0.8150,6,0.0356,0.0254,0.0610,0.0904,0.2202,IDLE,1,0,step_done_latches_cleared,0,0,0.000,0,nan,nan,nan,0.0000,0,5,0.6000,0.6151,0.1675,0.6151,-0.0151,本圈台阶完成,1,0.0000,0.150,0.330
5621.127,ROUNDABOUT,0.148,0,2.731,0.9183,0.0000,vision,2.731,0.148,0.017,icn_entry_left,0.1900,0.3600,0,line_too_few_bands,0.0000,0.0000,0.0000,0.0000,0.0000,0,0.0000,0.0000,0.0000,0.0000,0.3600,IDLE,1,0,step_done_latches_cleared,0,0,0.000,0,nan,nan,nan,0.0000,0,5,0.6000,0.6151,0.1675,0.6151,-0.0151,本圈台阶完成,1,0.0000,0.150,0.330
5621.254,ROUNDABOUT,0.274,0,2.731,0.8000,0.0000,vision,2.731,0.274,0.038,icn_entry_left,0.1900,0.3600,1,line_center_tracking,0.0895,0.0904,0.0870,0.0756,0.6459,4,0.0034,0.0114,0.0149,0.0844,0.3600,IDLE,1,0,step_done_latches_cleared,0,0,0.000,0,nan,nan,nan,0.0000,0,5,0.6000,0.6151,0.1675,0.6151,-0.0151,本圈台阶完成,1,0.0000,0.150,0.330
5621.382,ROUNDABOUT,0.402,0,2.731,0.0000,0.0000,vision,2.731,0.402,0.059,icn_entry_left,0.1900,0.3600,1,line_center_tracking,0.1536,0.1605,0.1357,0.1220,0.6424,4,0.0248,0.0138,0.0385,0.1394,0.3600,IDLE,1,0,step_done_latches_cleared,0,0,0.000,0,nan,nan,nan,0.0000,0,5,0.6000,0.6151,0.1675,0.6151,-0.0151,本圈台阶完成,1,0.0000,0.150,0.330
5621.510,ROUNDABOUT,0.530,0,2.731,0.8795,0.0000,vision,2.731,0.530,0.090,icn_entry_left,0.1900,0.3600,1,line_center_tracking,0.2310,0.2421,0.2025,0.2025,0.6375,4,0.0396,0.0000,0.0396,0.2157,0.3600,IDLE,1,0,step_done_latches_cleared,0,0,0.000,0,nan,nan,nan,0.0000,0,5,0.6000,0.6151,0.1675,0.6151,-0.0151,本圈台阶完成,1,0.0000,0.150,0.330
5621.640,ROUNDABOUT,0.660,0,2.731,0.8840,0.0000,vision,2.731,0.660,0.112,icn_entry_left,0.1900,0.3600,0,line_too_few_bands,0.0000,0.0000,0.0000,0.0000,0.0000,0,0.0000,0.0000,0.0000,0.0000,0.3600,IDLE,1,0,step_done_latches_cleared,0,0,0.000,0,nan,nan,nan,0.0000,0,5,0.6000,0.6151,0.1675,0.6151,-0.0151,本圈台阶完成,1,0.0000,0.150,0.330
5621.773,ROUNDABOUT,0.794,0,2.731,0.0000,0.0000,vision,2.731,0.794,0.145,icn_entry_left,0.1900,0.3600,1,line_center_tracking,0.3765,0.3900,0.3419,0.3162,0.7245,5,0.0480,0.0258,0.0738,0.3494,0.3600,IDLE,1,0,step_done_latches_cleared,0,0,0.000,0,nan,nan,nan,0.0000,0,5,0.6000,0.6151,0.1675,0.6151,-0.0151,本圈台阶完成,1,0.0000,0.150,0.330
5621.905,ROUNDABOUT,0.926,0,2.731,0.0000,0.0000,vision,2.731,0.926,0.180,icn_entry_left,0.1900,0.3600,0,line_too_few_bands,0.0000,0.0000,0.0000,0.0000,0.0000,0,0.0000,0.0000,0.0000,0.0000,0.3600,IDLE,1,0,step_done_latches_cleared,0,0,0.000,0,nan,nan,nan,0.0000,0,5,0.6000,0.6151,0.1675,0.6151,-0.0151,本圈台阶完成,1,0.0000,0.150,0.330
5622.035,ROUNDABOUT,1.056,0,2.731,0.0000,0.0000,vision,2.731,1.056,0.208,icn_entry_left,0.1900,0.3600,0,line_too_few_bands,0.0000,0.0000,0.0000,0.0000,0.0000,0,0.0000,0.0000,0.0000,0.0000,0.3600,IDLE,1,0,step_done_latches_cleared,0,0,0.000,0,nan,nan,nan,0.0000,0,5,0.6000,0.6151,0.1675,0.6151,-0.0151,本圈台阶完成,1,0.0000,0.150,0.330
5622.161,ROUNDABOUT,1.182,0,2.731,0.0000,0.0000,vision,2.731,1.182,0.241,icn_entry_left,0.1900,0.3600,0,line_too_few_bands,0.0000,0.0000,0.0000,0.0000,0.0000,0,0.0000,0.0000,0.0000,0.0000,0.3600,IDLE,1,0,step_done_latches_cleared,0,0,0.000,0,nan,nan,nan,0.0000,0,5,0.6000,0.6151,0.1675,0.6151,-0.0151,本圈台阶完成,1,0.0000,0.150,0.330
5622.283,ROUNDABOUT,1.304,0,2.731,0.0000,0.0000,vision,2.731,1.304,0.271,icn_entry_left,0.1900,0.3600,0,line_too_few_bands,0.0000,0.0000,0.0000,0.0000,0.0000,0,0.0000,0.0000,0.0000,0.0000,0.3600,IDLE,1,0,step_done_latches_cleared,0,0,0.000,0,nan,nan,nan,0.0000,0,5,0.6000,0.6151,0.1675,0.6151,-0.0151,本圈台阶完成,1,0.0000,0.150,0.330
5622.400,ROUNDABOUT,1.420,0,2.731,0.0000,0.0000,vision,2.731,1.420,0.300,icn_entry_left,0.1900,0.3600,0,line_too_few_bands,0.0000,0.0000,0.0000,0.0000,0.0000,0,0.0000,0.0000,0.0000,0.0000,0.3600,IDLE,1,0,step_done_latches_cleared,0,0,0.000,0,nan,nan,nan,0.0000,0,5,0.6000,0.6151,0.1675,0.6151,-0.0151,本圈台阶完成,1,0.0000,0.150,0.330
5622.519,ROUNDABOUT,1.540,0,2.731,0.0000,0.0000,vision,2.731,1.540,0.335,icn_entry_left,0.1900,0.3600,0,line_too_few_bands,0.0000,0.0000,0.0000,0.0000,0.0000,0,0.0000,0.0000,0.0000,0.0000,0.3600,IDLE,1,0,step_done_latches_cleared,0,0,0.000,0,nan,nan,nan,0.0000,0,5,0.6000,0.6151,0.1675,0.6151,-0.0151,本圈台阶完成,1,0.0000,0.150,0.330
5622.641,ROUNDABOUT,1.661,0,2.731,0.0000,0.0000,vision,2.731,1.661,0.373,icn_entry_left,0.1900,0.3600,0,line_too_few_bands,0.0000,0.0000,0.0000,0.0000,0.0000,0,0.0000,0.0000,0.0000,0.0000,0.3600,IDLE,1,0,step_done_latches_cleared,0,0,0.000,0,nan,nan,nan,0.0000,0,5,0.6000,0.6151,0.1675,0.6151,-0.0151,本圈台阶完成,1,0.0000,0.150,0.330
5622.761,ROUNDABOUT,1.781,0,2.731,0.0000,0.0000,vision,2.731,1.781,0.404,icn_entry_left,0.1900,0.3600,0,line_too_few_bands,0.0000,0.0000,0.0000,0.0000,0.0000,0,0.0000,0.0000,0.0000,0.0000,0.3600,IDLE,1,0,step_done_latches_cleared,0,0,0.000,0,nan,nan,nan,0.0000,0,5,0.6000,0.6151,0.1675,0.6151,-0.0151,本圈台阶完成,1,0.0000,0.150,0.330
5622.887,ROUNDABOUT,1.907,0,2.731,0.0000,0.0000,vision,2.731,1.907,0.453,icn_entry_left,0.1900,0.3600,0,line_too_few_bands,0.0000,0.0000,0.0000,0.0000,0.0000,0,0.0000,0.0000,0.0000,0.0000,0.3600,IDLE,1,0,step_done_latches_cleared,0,0,0.000,0,nan,nan,nan,0.0000,0,5,0.6000,0.6151,0.1675,0.6151,-0.0151,本圈台阶完成,1,0.0000,0.150,0.330
5623.015,ROUNDABOUT,2.035,0,2.731,0.0000,0.0000,vision,2.731,2.035,0.485,icn_entry_left,0.1900,0.3600,0,line_too_few_bands,0.0000,0.0000,0.0000,0.0000,0.0000,0,0.0000,0.0000,0.0000,0.0000,0.3600,IDLE,1,0,step_done_latches_cleared,0,0,0.000,0,nan,nan,nan,0.0000,0,5,0.6000,0.6151,0.1675,0.6151,-0.0151,本圈台阶完成,1,0.0000,0.150,0.330
5623.138,ROUNDABOUT,2.158,0,2.731,0.0000,0.0000,vision,2.731,2.158,0.520,icn_entry_left,0.1900,0.3600,0,line_too_few_bands,0.0000,0.0000,0.0000,0.0000,0.0000,0,0.0000,0.0000,0.0000,0.0000,0.3600,IDLE,1,0,step_done_latches_cleared,0,0,0.000,0,nan,nan,nan,0.0000,0,5,0.6000,0.6151,0.1675,0.6151,-0.0151,本圈台阶完成,1,0.0000,0.150,0.330
5623.282,ROUNDABOUT,2.302,0,2.731,0.0000,0.0000,vision,2.731,2.302,0.561,icn_entry_left,0.1900,0.3600,0,line_too_few_bands,0.0000,0.0000,0.0000,0.0000,0.0000,0,0.0000,0.0000,0.0000,0.0000,0.3600,IDLE,1,0,step_done_latches_cleared,0,0,0.000,0,nan,nan,nan,0.0000,0,5,0.6000,0.6151,0.1675,0.6151,-0.0151,本圈台阶完成,1,0.0000,0.150,0.330
5623.405,ROUNDABOUT,2.426,0,2.731,0.0000,0.0000,vision,2.731,2.426,0.594,icn_entry_left,0.1900,0.3600,0,line_too_few_bands,0.0000,0.0000,0.0000,0.0000,0.0000,0,0.0000,0.0000,0.0000,0.0000,0.3600,IDLE,1,0,step_done_latches_cleared,0,0,0.000,0,nan,nan,nan,0.0000,0,5,0.6000,0.6151,0.1675,0.6151,-0.0151,本圈台阶完成,1,0.0000,0.150,0.330
5623.536,ROUNDABOUT,2.556,0,2.731,0.0000,0.0000,vision,2.731,2.556,0.622,icn_entry_left,0.1900,0.3600,0,line_too_few_bands,0.0000,0.0000,0.0000,0.0000,0.0000,0,0.0000,0.0000,0.0000,0.0000,0.3600,IDLE,1,0,step_done_latches_cleared,0,0,0.000,0,nan,nan,nan,0.0000,0,5,0.6000,0.6151,0.1675,0.6151,-0.0151,本圈台阶完成,1,0.0000,0.150,0.330
5623.664,ROUNDABOUT,2.685,0,2.731,0.0000,0.0000,vision,2.731,2.685,0.648,icn_entry_left,0.1900,0.3600,0,line_too_few_bands,0.0000,0.0000,0.0000,0.0000,0.0000,0,0.0000,0.0000,0.0000,0.0000,0.3600,IDLE,1,0,step_done_latches_cleared,0,0,0.000,0,nan,nan,nan,0.0000,0,5,0.6000,0.6151,0.1675,0.6151,-0.0151,本圈台阶完成,1,0.0000,0.150,0.330
5623.791,ROUNDABOUT,2.811,0,2.731,0.0000,0.0000,vision,2.731,2.811,0.674,icn_entry_left,0.1900,0.3600,0,line_too_few_bands,0.0000,0.0000,0.0000,0.0000,0.0000,0,0.0000,0.0000,0.0000,0.0000,0.3600,IDLE,1,0,step_done_latches_cleared,0,0,0.000,0,nan,nan,nan,0.0000,0,5,0.6000,0.6151,0.1675,0.6151,-0.0151,本圈台阶完成,1,0.0000,0.150,0.330
5623.913,ROUNDABOUT,2.933,0,2.731,0.0000,0.0000,vision,2.731,2.933,0.696,icn_entry_left,0.1900,0.3600,0,line_too_few_bands,0.0000,0.0000,0.0000,0.0000,0.0000,0,0.0000,0.0000,0.0000,0.0000,0.3600,IDLE,1,0,step_done_latches_cleared,0,0,0.000,0,nan,nan,nan,0.0000,0,5,0.6000,0.6151,0.1675,0.6151,-0.0151,本圈台阶完成,1,0.0000,0.150,0.330
5624.041,ROUNDABOUT,3.061,0,2.731,0.0000,0.0000,vision,2.731,3.061,0.714,icn_entry_left,0.1900,0.3600,0,line_too_few_bands,0.0000,0.0000,0.0000,0.0000,0.0000,0,0.0000,0.0000,0.0000,0.0000,0.3600,IDLE,1,0,step_done_latches_cleared,0,0,0.000,0,nan,nan,nan,0.0000,0,5,0.6000,0.6151,0.1675,0.6151,-0.0151,本圈台阶完成,1,0.0000,0.150,0.330
5624.172,ROUNDABOUT,3.192,0,2.731,0.0000,0.0000,vision,2.731,3.192,0.733,icn_entry_left,0.1900,0.3600,0,line_too_few_bands,0.0000,0.0000,0.0000,0.0000,0.0000,0,0.0000,0.0000,0.0000,0.0000,0.3600,IDLE,1,0,step_done_latches_cleared,0,0,0.000,0,nan,nan,nan,0.0000,0,5,0.6000,0.6151,0.1675,0.6151,-0.0151,本圈台阶完成,1,0.0000,0.150,0.330
5624.303,ROUNDABOUT,3.323,0,2.731,0.0000,0.0000,vision,2.731,3.323,0.746,icn_entry_left,0.1900,0.3600,0,line_too_few_bands,0.0000,0.0000,0.0000,0.0000,0.0000,0,0.0000,0.0000,0.0000,0.0000,0.3600,IDLE,1,0,step_done_latches_cleared,0,0,0.000,0,nan,nan,nan,0.0000,0,5,0.6000,0.6151,0.1675,0.6151,-0.0151,本圈台阶完成,1,0.0000,0.150,0.330
5624.431,ROUNDABOUT,3.452,0,2.731,0.0000,0.0000,vision,2.731,3.452,0.763,icn_entry_left,0.1900,0.3600,0,line_too_few_bands,0.0000,0.0000,0.0000,0.0000,0.0000,0,0.0000,0.0000,0.0000,0.0000,0.3600,IDLE,1,0,step_done_latches_cleared,0,0,0.000,0,nan,nan,nan,0.0000,0,5,0.6000,0.6151,0.1675,0.6151,-0.0151,本圈台阶完成,1,0.0000,0.150,0.330
5624.564,ROUNDABOUT,3.584,0,2.731,0.0000,0.0000,vision,2.731,3.584,0.778,icn_entry_left,0.1900,0.3600,0,line_too_few_bands,0.0000,0.0000,0.0000,0.0000,0.0000,0,0.0000,0.0000,0.0000,0.0000,0.3600,IDLE,1,0,step_done_latches_cleared,0,0,0.000,0,nan,nan,nan,0.0000,0,5,0.6000,0.6151,0.1675,0.6151,-0.0151,本圈台阶完成,1,0.0000,0.150,0.330
5624.683,ROUNDABOUT,3.703,0,2.731,0.0000,0.0000,vision,2.731,3.703,0.791,icn_entry_left,0.1900,0.3600,0,line_too_few_bands,0.0000,0.0000,0.0000,0.0000,0.0000,0,0.0000,0.0000,0.0000,0.0000,0.3600,IDLE,1,0,step_done_latches_cleared,0,0,0.000,0,nan,nan,nan,0.0000,0,5,0.6000,0.6151,0.1675,0.6151,-0.0151,本圈台阶完成,1,0.0000,0.150,0.330
5624.818,ROUNDABOUT,3.839,0,2.731,0.0000,0.0000,vision,2.731,3.839,0.803,icn_entry_left,0.1900,0.3600,0,line_too_few_bands,0.0000,0.0000,0.0000,0.0000,0.0000,0,0.0000,0.0000,0.0000,0.0000,0.3600,IDLE,1,0,step_done_latches_cleared,0,0,0.000,0,nan,nan,nan,0.0000,0,5,0.6000,0.6151,0.1675,0.6151,-0.0151,本圈台阶完成,1,0.0000,0.150,0.330
5624.958,ROUNDABOUT,3.978,0,2.731,0.0000,0.0000,vision,2.731,3.978,0.812,icn_entry_left,0.1900,0.3600,0,line_too_few_bands,0.0000,0.0000,0.0000,0.0000,0.0000,0,0.0000,0.0000,0.0000,0.0000,0.3600,IDLE,1,0,step_done_latches_cleared,0,0,0.000,0,nan,nan,nan,0.0000,0,5,0.6000,0.6151,0.1675,0.6151,-0.0151,本圈台阶完成,1,0.0000,0.150,0.330
5625.082,ROUNDABOUT,4.103,0,2.731,0.0000,0.0000,vision,2.731,4.103,0.818,icn_entry_left,0.1900,0.3600,0,line_too_few_bands,0.0000,0.0000,0.0000,0.0000,0.0000,0,0.0000,0.0000,0.0000,0.0000,0.3600,IDLE,1,0,step_done_latches_cleared,0,0,0.000,0,nan,nan,nan,0.0000,0,5,0.6000,0.6151,0.1675,0.6151,-0.0151,本圈台阶完成,1,0.0000,0.150,0.330
5625.201,ROUNDABOUT,4.221,0,2.731,0.0000,0.0000,vision,2.731,4.221,0.824,icn_entry_left,0.1900,0.3600,0,line_too_few_bands,0.0000,0.0000,0.0000,0.0000,0.0000,0,0.0000,0.0000,0.0000,0.0000,0.3600,IDLE,1,0,step_done_latches_cleared,0,0,0.000,0,nan,nan,nan,0.0000,0,5,0.6000,0.6151,0.1675,0.6151,-0.0151,本圈台阶完成,1,0.0000,0.150,0.330
5625.332,ROUNDABOUT,4.352,0,2.731,0.0000,0.0000,vision,2.731,4.352,0.831,icn_entry_left,0.1900,0.3600,0,line_too_few_bands,0.0000,0.0000,0.0000,0.0000,0.0000,0,0.0000,0.0000,0.0000,0.0000,0.3600,IDLE,1,0,step_done_latches_cleared,0,0,0.000,0,nan,nan,nan,0.0000,0,5,0.6000,0.6151,0.1675,0.6151,-0.0151,本圈台阶完成,1,0.0000,0.150,0.330
5625.471,ROUNDABOUT,4.492,0,2.731,0.0000,0.0000,vision,2.731,4.492,0.838,icn_entry_left,0.1900,0.3600,0,line_too_few_bands,0.0000,0.0000,0.0000,0.0000,0.0000,0,0.0000,0.0000,0.0000,0.0000,0.3600,IDLE,1,0,step_done_latches_cleared,0,0,0.000,0,nan,nan,nan,0.0000,0,5,0.6000,0.6151,0.1675,0.6151,-0.0151,本圈台阶完成,1,0.0000,0.150,0.330
5625.604,ROUNDABOUT,4.625,0,2.731,0.0000,0.0000,vision,2.731,4.625,0.846,icn_entry_left,0.1900,0.3600,0,line_too_few_bands,0.0000,0.0000,0.0000,0.0000,0.0000,0,0.0000,0.0000,0.0000,0.0000,0.3600,IDLE,1,0,step_done_latches_cleared,0,0,0.000,0,nan,nan,nan,0.0000,0,5,0.6000,0.6151,0.1675,0.6151,-0.0151,本圈台阶完成,1,0.0000,0.150,0.330
5625.727,ROUNDABOUT,4.748,0,2.731,0.0000,0.0000,vision,2.731,4.748,0.857,icn_entry_left,0.1900,0.3600,0,line_too_few_bands,0.0000,0.0000,0.0000,0.0000,0.0000,0,0.0000,0.0000,0.0000,0.0000,0.3600,IDLE,1,0,step_done_latches_cleared,0,0,0.000,0,nan,nan,nan,0.0000,0,5,0.6000,0.6151,0.1675,0.6151,-0.0151,本圈台阶完成,1,0.0000,0.150,0.330
5625.854,ROUNDABOUT,4.875,0,2.731,0.0000,0.0000,vision,2.731,4.875,0.866,icn_entry_left,0.1900,0.3600,0,line_too_few_bands,0.0000,0.0000,0.0000,0.0000,0.0000,0,0.0000,0.0000,0.0000,0.0000,0.3600,IDLE,1,0,step_done_latches_cleared,0,0,0.000,0,nan,nan,nan,0.0000,0,5,0.6000,0.6151,0.1675,0.6151,-0.0151,本圈台阶完成,1,0.0000,0.150,0.330
5625.983,ROUNDABOUT,5.004,0,2.731,0.0000,0.0000,vision,2.731,5.004,0.874,icn_entry_left,0.1900,0.3600,0,line_too_few_bands,0.0000,0.0000,0.0000,0.0000,0.0000,0,0.0000,0.0000,0.0000,0.0000,0.3600,IDLE,1,0,step_done_latches_cleared,0,0,0.000,0,nan,nan,nan,0.0000,0,5,0.6000,0.6151,0.1675,0.6151,-0.0151,本圈台阶完成,1,0.0000,0.150,0.330
5626.119,ROUNDABOUT,5.140,0,2.731,0.0000,0.0000,vision,2.731,5.140,0.883,icn_entry_left,0.1900,0.3600,0,line_too_few_bands,0.0000,0.0000,0.0000,0.0000,0.0000,0,0.0000,0.0000,0.0000,0.0000,0.3600,IDLE,1,0,step_done_latches_cleared,0,0,0.000,0,nan,nan,nan,0.0000,0,5,0.6000,0.6151,0.1675,0.6151,-0.0151,本圈台阶完成,1,0.0000,0.150,0.330
5626.248,ROUNDABOUT,5.268,0,2.731,0.0000,0.0000,vision,2.731,5.268,0.893,icn_entry_left,0.1900,0.3600,0,line_too_few_bands,0.0000,0.0000,0.0000,0.0000,0.0000,0,0.0000,0.0000,0.0000,0.0000,0.3600,IDLE,1,0,step_done_latches_cleared,0,0,0.000,0,nan,nan,nan,0.0000,0,5,0.6000,0.6151,0.1675,0.6151,-0.0151,本圈台阶完成,1,0.0000,0.150,0.330
5626.370,ROUNDABOUT,5.391,0,2.731,0.0000,0.0000,vision,2.731,5.391,0.901,icn_entry_left,0.1900,0.3600,0,line_too_few_bands,0.0000,0.0000,0.0000,0.0000,0.0000,0,0.0000,0.0000,0.0000,0.0000,0.3600,IDLE,1,0,step_done_latches_cleared,0,0,0.000,0,nan,nan,nan,0.0000,0,5,0.6000,0.6151,0.1675,0.6151,-0.0151,本圈台阶完成,1,0.0000,0.150,0.330
5626.494,ROUNDABOUT,5.515,0,2.731,0.0000,0.0000,vision,2.731,5.515,0.909,icn_entry_left,0.1900,0.3600,0,line_too_few_bands,0.0000,0.0000,0.0000,0.0000,0.0000,0,0.0000,0.0000,0.0000,0.0000,0.3600,IDLE,1,0,step_done_latches_cleared,0,0,0.000,0,nan,nan,nan,0.0000,0,5,0.6000,0.6151,0.1675,0.6151,-0.0151,本圈台阶完成,1,0.0000,0.150,0.330
5626.638,ROUNDABOUT,5.659,0,2.731,0.0000,0.0000,vision,2.731,5.659,0.919,icn_entry_left,0.1900,0.3600,0,line_too_few_bands,0.0000,0.0000,0.0000,0.0000,0.0000,0,0.0000,0.0000,0.0000,0.0000,0.3600,IDLE,1,0,step_done_latches_cleared,0,0,0.000,0,nan,nan,nan,0.0000,0,5,0.6000,0.6151,0.1675,0.6151,-0.0151,本圈台阶完成,1,0.0000,0.150,0.330
5626.766,ROUNDABOUT,5.787,0,2.731,0.0000,0.0000,vision,2.731,5.787,0.928,icn_entry_left,0.1900,0.3600,0,line_too_few_bands,0.0000,0.0000,0.0000,0.0000,0.0000,0,0.0000,0.0000,0.0000,0.0000,0.3600,IDLE,1,0,step_done_latches_cleared,0,0,0.000,0,nan,nan,nan,0.0000,0,5,0.6000,0.6151,0.1675,0.6151,-0.0151,本圈台阶完成,1,0.0000,0.150,0.330
5626.896,ROUNDABOUT,5.916,0,2.731,0.0000,0.0000,vision,2.731,5.916,0.934,icn_entry_left,0.1900,0.3600,0,line_too_few_bands,0.0000,0.0000,0.0000,0.0000,0.0000,0,0.0000,0.0000,0.0000,0.0000,0.3600,IDLE,1,0,step_done_latches_cleared,0,0,0.000,0,nan,nan,nan,0.0000,0,5,0.6000,0.6151,0.1675,0.6151,-0.0151,本圈台阶完成,1,0.0000,0.150,0.330
5627.030,ROUNDABOUT,6.050,0,2.731,0.0000,0.0000,vision,2.731,6.050,0.944,icn_entry_left,0.1900,0.3600,0,line_too_few_bands,0.0000,0.0000,0.0000,0.0000,0.0000,0,0.0000,0.0000,0.0000,0.0000,0.3600,IDLE,1,0,step_done_latches_cleared,0,0,0.000,0,nan,nan,nan,0.0000,0,5,0.6000,0.6151,0.1675,0.6151,-0.0151,本圈台阶完成,1,0.0000,0.150,0.330
5627.165,ROUNDABOUT,6.185,0,2.731,0.0000,0.0000,vision,2.731,6.185,0.949,icn_entry_left,0.1900,0.3600,0,line_too_few_bands,0.0000,0.0000,0.0000,0.0000,0.0000,0,0.0000,0.0000,0.0000,0.0000,0.3600,IDLE,1,0,step_done_latches_cleared,0,0,0.000,0,nan,nan,nan,0.0000,0,5,0.6000,0.6151,0.1675,0.6151,-0.0151,本圈台阶完成,1,0.0000,0.150,0.330
5627.295,ROUNDABOUT,6.315,0,2.731,0.0000,0.0000,vision,2.731,6.315,0.960,icn_entry_left,0.1900,0.3600,0,line_too_few_bands,0.0000,0.0000,0.0000,0.0000,0.0000,0,0.0000,0.0000,0.0000,0.0000,0.3600,IDLE,1,0,step_done_latches_cleared,0,0,0.000,0,nan,nan,nan,0.0000,0,5,0.6000,0.6151,0.1675,0.6151,-0.0151,本圈台阶完成,1,0.0000,0.150,0.330
5627.419,ROUNDABOUT,6.439,0,2.731,0.0000,0.0000,vision,2.731,6.439,0.968,icn_entry_left,0.1900,0.3600,0,line_too_few_bands,0.0000,0.0000,0.0000,0.0000,0.0000,0,0.0000,0.0000,0.0000,0.0000,0.3600,IDLE,1,0,step_done_latches_cleared,0,0,0.000,0,nan,nan,nan,0.0000,0,5,0.6000,0.6151,0.1675,0.6151,-0.0151,本圈台阶完成,1,0.0000,0.150,0.330
5627.543,ROUNDABOUT,6.563,0,2.731,0.0000,0.0000,vision,2.731,6.563,0.974,icn_entry_left,0.1900,0.3600,0,line_too_few_bands,0.0000,0.0000,0.0000,0.0000,0.0000,0,0.0000,0.0000,0.0000,0.0000,0.3600,IDLE,1,0,step_done_latches_cleared,0,0,0.000,0,nan,nan,nan,0.0000,0,5,0.6000,0.6151,0.1675,0.6151,-0.0151,本圈台阶完成,1,0.0000,0.150,0.330
5627.664,ROUNDABOUT,6.684,0,2.731,0.0000,0.0000,vision,2.731,6.684,0.981,icn_entry_left,0.1900,0.3600,0,line_too_few_bands,0.0000,0.0000,0.0000,0.0000,0.0000,0,0.0000,0.0000,0.0000,0.0000,0.3600,IDLE,1,0,step_done_latches_cleared,0,0,0.000,0,nan,nan,nan,0.0000,0,5,0.6000,0.6151,0.1675,0.6151,-0.0151,本圈台阶完成,1,0.0000,0.150,0.330
5627.787,ROUNDABOUT,6.807,0,2.731,0.0000,0.0000,vision,2.731,6.807,0.989,icn_entry_left,0.1900,0.3600,0,line_too_few_bands,0.0000,0.0000,0.0000,0.0000,0.0000,0,0.0000,0.0000,0.0000,0.0000,0.3600,IDLE,1,0,step_done_latches_cleared,0,0,0.000,0,nan,nan,nan,0.0000,0,5,0.6000,0.6151,0.1675,0.6151,-0.0151,本圈台阶完成,1,0.0000,0.150,0.330
5627.911,ROUNDABOUT,6.931,0,2.731,0.0000,0.0000,vision,2.731,6.931,0.996,icn_entry_left,0.1900,0.3600,0,line_too_few_bands,0.0000,0.0000,0.0000,0.0000,0.0000,0,0.0000,0.0000,0.0000,0.0000,0.3600,IDLE,1,0,step_done_latches_cleared,0,0,0.000,0,nan,nan,nan,0.0000,0,5,0.6000,0.6151,0.1675,0.6151,-0.0151,本圈台阶完成,1,0.0000,0.150,0.330
5628.036,ROUNDABOUT_FOLLOW,0.000,0,2.731,0.0000,0.0000,vision,2.731,,,roundabout_blind_arc_recovery,0.1426,0.1600,0,line_too_few_bands,0.0000,0.0000,0.0000,0.0000,0.0000,0,0.0000,0.0000,0.0000,0.0000,0.1600,IDLE,1,0,step_done_latches_cleared,0,0,0.000,0,nan,nan,nan,0.0000,0,5,0.6000,0.6151,0.1675,0.6151,-0.0151,本圈台阶完成,1,0.0000,0.150,0.330
5628.167,ROUNDABOUT_FOLLOW,0.132,0,2.731,0.0000,0.0000,vision,2.731,,,roundabout_blind_arc_recovery,0.1000,0.1600,0,line_too_few_bands,0.0000,0.0000,0.0000,0.0000,0.0000,0,0.0000,0.0000,0.0000,0.0000,0.1600,IDLE,1,0,step_done_latches_cleared,0,0,0.000,0,nan,nan,nan,0.0000,0,5,0.6000,0.6151,0.1675,0.6151,-0.0151,本圈台阶完成,1,0.0000,0.150,0.330
5628.296,ROUNDABOUT_FOLLOW,0.260,0,2.731,0.0000,0.0000,vision,2.731,,,roundabout_blue_guard_left,0.0511,0.3000,0,line_too_few_bands,0.0000,0.0000,0.0000,0.0000,0.0000,0,0.0000,0.0000,0.0000,0.0000,0.3000,IDLE,1,0,step_done_latches_cleared,0,0,0.000,0,nan,nan,nan,0.0000,0,5,0.6000,0.6151,0.1675,0.6151,-0.0151,本圈台阶完成,1,0.0000,0.150,0.330
5628.428,ROUNDABOUT_FOLLOW,0.393,0,2.731,0.0000,0.0000,vision,2.731,,,roundabout_blue_guard_left,0.0450,0.3000,0,line_too_few_bands,0.0000,0.0000,0.0000,0.0000,0.0000,0,0.0000,0.0000,0.0000,0.0000,0.3000,IDLE,1,0,step_done_latches_cleared,0,0,0.000,0,nan,nan,nan,0.0000,0,5,0.6000,0.6151,0.1675,0.6151,-0.0151,本圈台阶完成,1,0.0000,0.150,0.330
5628.564,ROUNDABOUT_FOLLOW,0.529,0,2.731,0.0000,0.0000,vision,2.731,,,roundabout_blue_guard_left,0.0450,0.3000,0,line_too_few_bands,0.0000,0.0000,0.0000,0.0000,0.0000,0,0.0000,0.0000,0.0000,0.0000,0.3000,IDLE,1,0,step_done_latches_cleared,0,0,0.000,0,1.3200,nan,0.0396,0.7585,3,5,0.6000,0.6151,0.1675,0.6151,-0.0151,本圈台阶完成,1,0.0000,0.150,0.330
5628.697,ROUNDABOUT_FOLLOW,0.661,0,2.731,0.0000,0.0000,vision,2.731,,,roundabout_blue_guard_left,0.0450,0.3000,0,line_too_few_bands,0.0000,0.0000,0.0000,0.0000,0.0000,0,0.0000,0.0000,0.0000,0.0000,0.3000,IDLE,1,0,step_done_latches_cleared,0,0,0.000,1,1.2800,nan,0.0414,0.8549,7,5,0.6000,0.6151,0.1675,0.6151,-0.0151,本圈台阶完成,1,0.0000,0.150,0.330
5628.834,ROUNDABOUT_FOLLOW,0.798,0,2.731,0.0000,0.0000,vision,2.731,,,roundabout_blue_guard_left,0.0450,0.3000,0,line_too_few_bands,0.0000,0.0000,0.0000,0.0000,0.0000,0,0.0000,0.0000,0.0000,0.0000,0.3000,IDLE,1,0,step_done_latches_cleared,0,0,0.000,1,1.2800,nan,0.0477,0.9413,11,5,0.6000,0.6151,0.1675,0.6151,-0.0151,本圈台阶完成,1,0.0000,0.150,0.330
5628.963,ROUNDABOUT_FOLLOW,0.928,0,2.731,0.0000,0.0000,vision,2.731,,,roundabout_blue_guard_left,0.0450,0.3000,0,line_too_few_bands,0.0000,0.0000,0.0000,0.0000,0.0000,0,0.0000,0.0000,0.0000,0.0000,0.3000,IDLE,1,0,step_done_latches_cleared,0,0,0.000,1,1.2800,nan,0.0516,0.9491,14,5,0.6000,0.6151,0.1675,0.6151,-0.0151,本圈台阶完成,1,0.0000,0.150,0.330
5629.094,ROUNDABOUT_FOLLOW,1.059,0,2.731,0.0000,0.0000,vision,2.731,,,roundabout_blue_guard_left,0.0450,0.3000,0,line_too_few_bands,0.0000,0.0000,0.0000,0.0000,0.0000,0,0.0000,0.0000,0.0000,0.0000,0.3000,IDLE,1,0,step_done_latches_cleared,0,0,0.000,1,1.2800,nan,0.0545,0.9138,18,5,0.6000,0.6151,0.1675,0.6151,-0.0151,本圈台阶完成,1,0.0000,0.150,0.330
5629.220,ROUNDABOUT_FOLLOW,1.185,0,2.731,0.0000,0.0000,vision,2.731,,,roundabout_blue_guard_left,0.0450,0.3000,0,line_too_few_bands,0.0000,0.0000,0.0000,0.0000,0.0000,0,0.0000,0.0000,0.0000,0.0000,0.3000,IDLE,1,0,step_done_latches_cleared,0,0,0.000,1,1.2800,nan,0.0547,0.9113,21,5,0.6000,0.6151,0.1675,0.6151,-0.0151,本圈台阶完成,1,0.0000,0.150,0.330
5629.355,ROUNDABOUT_FOLLOW,1.320,0,2.731,0.0000,0.0000,vision,2.731,,,roundabout_blue_guard_left,0.0450,0.3000,0,line_too_few_bands,0.0000,0.0000,0.0000,0.0000,0.0000,0,0.0000,0.0000,0.0000,0.0000,0.3000,IDLE,1,0,step_done_latches_cleared,0,0,0.000,1,1.2500,nan,0.0572,0.8779,25,5,0.6000,0.6151,0.1675,0.6151,-0.0151,本圈台阶完成,1,0.0000,0.150,0.330
5629.499,ROUNDABOUT_FOLLOW,1.464,0,2.731,0.0000,0.0000,vision,2.731,,,roundabout_blue_guard_left,0.0450,0.3000,0,line_too_few_bands,0.0000,0.0000,0.0000,0.0000,0.0000,0,0.0000,0.0000,0.0000,0.0000,0.3000,IDLE,1,0,step_done_latches_cleared,0,0,0.000,1,1.2400,nan,0.0564,0.8903,29,5,0.6000,0.6151,0.1675,0.6151,-0.0151,本圈台阶完成,1,0.0000,0.150,0.330
5629.632,ROUNDABOUT_FOLLOW,1.596,0,2.731,0.0000,0.0000,vision,2.731,,,roundabout_blue_guard_left,0.0450,0.3000,0,line_too_few_bands,0.0000,0.0000,0.0000,0.0000,0.0000,0,0.0000,0.0000,0.0000,0.0000,0.3000,IDLE,1,0,step_done_latches_cleared,0,0,0.000,1,1.2200,nan,0.0555,0.9003,32,5,0.6000,0.6151,0.1675,0.6151,-0.0151,本圈台阶完成,1,0.0000,0.150,0.330
5629.755,ROUNDABOUT_FOLLOW,1.720,0,2.731,0.0000,0.0000,vision,2.731,,,roundabout_blue_guard_left,0.0450,0.3000,0,line_too_few_bands,0.0000,0.0000,0.0000,0.0000,0.0000,0,0.0000,0.0000,0.0000,0.0000,0.3000,IDLE,1,0,step_done_latches_cleared,0,0,0.000,1,1.2100,nan,0.0563,0.8905,36,5,0.6000,0.6151,0.1675,0.6151,-0.0151,本圈台阶完成,1,0.0000,0.150,0.330
5629.880,ROUNDABOUT_FOLLOW,1.845,0,2.731,0.0000,0.0000,vision,2.731,,,roundabout_blind_arc_recovery,0.0926,0.1600,0,line_too_few_bands,0.0000,0.0000,0.0000,0.0000,0.0000,0,0.0000,0.0000,0.0000,0.0000,0.1600,IDLE,1,0,step_done_latches_cleared,0,0,0.000,1,1.2100,nan,0.0553,0.9041,39,5,0.6000,0.6151,0.1675,0.6151,-0.0151,本圈台阶完成,1,0.0000,0.150,0.330
5630.001,ROUNDABOUT_FOLLOW,1.965,0,2.731,0.0000,0.0000,vision,2.731,,,roundabout_blind_arc_recovery,0.1000,0.1600,0,line_too_few_bands,0.0000,0.0000,0.0000,0.0000,0.0000,0,0.0000,0.0000,0.0000,0.0000,0.1600,IDLE,1,0,step_done_latches_cleared,0,0,0.000,1,1.2000,nan,0.0553,0.9040,43,5,0.6000,0.6151,0.1675,0.6151,-0.0151,本圈台阶完成,1,0.0000,0.150,0.330
5630.129,ROUNDABOUT_FOLLOW,2.093,0,2.731,0.0000,0.0000,vision,2.731,,,roundabout_follow_left_locked,0.1488,-0.0400,1,line_center_tracking,0.2606,0.2606,0.2606,0.2606,0.2375,1,0.0000,0.0000,0.0000,0.2606,-0.0400,IDLE,1,0,step_done_latches_cleared,0,0,1.000,1,1.1900,1.1900,0.0556,0.8998,46,5,0.6000,0.6151,0.1675,0.6151,-0.0151,本圈台阶完成,1,0.0000,0.150,0.330
5630.257,ROUNDABOUT_FOLLOW,2.221,0,2.731,0.0000,0.0000,vision,2.731,,,roundabout_follow_left_locked,0.1974,-0.0400,1,line_center_tracking,0.2232,0.2232,0.2232,0.2232,0.2375,1,0.0000,0.0000,0.0000,0.2232,-0.0400,IDLE,1,0,step_done_latches_cleared,0,0,2.000,1,1.1800,1.1850,0.0574,0.8759,50,5,0.6000,0.6151,0.1675,0.6151,-0.0151,本圈台阶完成,1,0.0000,0.150,0.330
5630.382,ROUNDABOUT_FOLLOW,2.346,0,2.731,0.0000,0.0000,vision,2.731,,,roundabout_follow_left_locked,0.2081,-0.0400,1,line_center_tracking,0.2154,0.2154,0.2154,0.2154,0.2375,1,0.0000,0.0000,0.0000,0.2154,-0.0400,IDLE,1,0,step_done_latches_cleared,0,0,3.000,1,1.1700,1.1800,0.0575,0.8742,54,5,0.6000,0.6151,0.1675,0.6151,-0.0151,本圈台阶完成,1,0.0000,0.150,0.330
5630.505,ROUNDABOUT_FOLLOW,2.469,0,2.731,0.0000,0.0000,vision,2.731,,,roundabout_follow_left_locked,0.2033,-0.0400,1,line_center_tracking,0.2424,0.2400,0.2485,0.2485,0.4511,2,0.0085,0.0000,0.0085,0.2457,-0.0400,IDLE,1,0,step_done_latches_cleared,0,0,4.000,1,1.1600,1.1750,0.0569,0.8801,58,5,0.6000,0.6151,0.1675,0.6151,-0.0151,本圈台阶完成,1,0.0000,0.150,0.330
5630.640,ROUNDABOUT_FOLLOW,2.605,0,2.731,0.0000,0.0000,vision,2.731,,,roundabout_follow_left_locked,0.2128,-0.0400,1,line_center_tracking,0.1904,0.1914,0.1881,0.1881,0.4658,2,0.0033,0.0000,0.0033,0.1892,-0.0400,IDLE,1,0,step_done_latches_cleared,0,0,3.400,1,1.2050,1.1750,0.0556,0.8979,63,5,0.6000,0.6151,0.1675,0.6151,-0.0151,本圈台阶完成,1,0.0000,0.150,0.330
5630.794,ROUNDABOUT_FOLLOW,2.759,0,2.731,0.0000,0.0000,vision,2.731,,,roundabout_follow_left_locked,0.2169,-0.0400,1,line_center_tracking,0.1362,0.1701,0.0489,0.0489,0.4233,2,0.1213,0.0000,0.1213,0.0893,-0.0400,IDLE,1,0,step_done_latches_cleared,0,0,4.400,1,1.1600,1.1700,0.0539,0.9198,68,5,0.6000,0.6151,0.1675,0.6151,-0.0151,本圈台阶完成,1,0.0000,0.150,0.330
5630.956,ROUNDABOUT_FOLLOW,2.920,0,2.731,0.0000,0.0000,vision,2.731,,,roundabout_follow_left_locked,0.2218,-0.0400,1,line_center_tracking,0.0996,0.1449,-0.0170,-0.0170,0.5090,3,0.1619,0.0000,0.1619,0.0370,-0.0400,IDLE,1,0,step_done_latches_cleared,0,0,5.400,1,1.1700,1.1700,0.0523,0.9411,74,5,0.6000,0.6151,0.1675,0.6151,-0.0151,本圈台阶完成,1,0.0000,0.150,0.330
5631.099,ROUNDABOUT_FOLLOW,3.064,0,2.731,0.0000,0.0000,vision,2.731,,,roundabout_follow_left_locked,0.2158,-0.0400,1,line_center_tracking,0.1757,0.1757,0.1757,0.1757,0.2375,1,0.0000,0.0000,0.0000,0.1757,-0.0400,IDLE,1,0,step_done_latches_cleared,0,0,6.000,1,1.1700,1.1700,0.0517,0.9469,78,5,0.6000,0.6151,0.1675,0.6151,-0.0151,本圈台阶完成,1,0.0000,0.150,0.330
5631.225,ROUNDABOUT_FOLLOW,3.190,0,2.731,0.0000,0.0000,vision,2.731,,,roundabout_follow_left_locked,0.2227,-0.0400,1,line_center_tracking,0.1403,0.1403,0.1403,0.1403,0.2375,1,0.0000,0.0000,0.0000,0.1403,-0.0400,IDLE,1,0,step_done_latches_cleared,0,0,6.000,1,1.1600,1.1600,0.0475,0.9109,82,5,0.6000,0.6151,0.1675,0.6151,-0.0151,本圈台阶完成,1,0.0000,0.150,0.330
5631.348,ROUNDABOUT_FOLLOW,3.312,0,2.731,0.0000,0.0000,vision,2.731,,,roundabout_follow_left_locked,0.2258,-0.0400,1,line_center_tracking,0.1247,0.1247,0.1247,0.1247,0.2375,1,0.0000,0.0000,0.0000,0.1247,-0.0400,IDLE,1,0,step_done_latches_cleared,0,0,6.000,1,1.1600,1.1600,0.0477,0.9202,85,5,0.6000,0.6151,0.1675,0.6151,-0.0151,本圈台阶完成,1,0.0000,0.150,0.330
5631.479,ROUNDABOUT_FOLLOW,3.443,0,2.731,0.0000,0.0000,vision,2.731,,,roundabout_follow_left_locked,0.2397,-0.0400,1,line_center_tracking,-0.0096,-0.0096,-0.0096,-0.0096,0.2375,1,0.0000,0.0000,0.0000,-0.0096,-0.0400,IDLE,1,0,step_done_latches_cleared,0,0,6.000,1,1.1400,1.1600,0.0497,0.9511,89,5,0.6000,0.6151,0.1675,0.6151,-0.0151,本圈台阶完成,1,0.0000,0.150,0.330
5631.607,ROUNDABOUT_FOLLOW,3.571,0,2.731,0.0000,0.0000,vision,2.731,,,roundabout_follow_left_locked,0.2303,0.0296,1,line_center_tracking,-0.1070,-0.1013,-0.1215,-0.1215,0.4184,2,0.0201,0.0000,0.0201,-0.1148,0.0296,IDLE,1,0,step_done_latches_cleared,0,0,6.000,1,1.1300,1.1600,0.0520,0.9349,93,5,0.6000,0.6151,0.1675,0.6151,-0.0151,本圈台阶完成,1,0.0000,0.150,0.330
5631.735,ROUNDABOUT_FOLLOW,3.699,0,2.731,0.0000,0.0000,vision,2.731,,,roundabout_blue_guard_left,0.1818,0.3000,1,line_center_tracking,-0.1448,-0.1448,-0.1448,-0.1448,0.2375,1,0.0000,0.0000,0.0000,-0.1448,0.3000,IDLE,1,0,step_done_latches_cleared,0,0,6.000,1,1.1100,1.1400,0.0540,0.9178,97,5,0.6000,0.6151,0.1675,0.6151,-0.0151,本圈台阶完成,1,0.0000,0.150,0.330
5631.859,ROUNDABOUT_FOLLOW,3.824,0,2.731,0.0000,0.0000,vision,2.731,,,roundabout_blue_guard_left,0.1345,0.3000,0,line_too_few_bands,0.0000,0.0000,0.0000,0.0000,0.0000,0,0.0000,0.0000,0.0000,0.0000,0.3000,IDLE,1,0,step_done_latches_cleared,0,0,6.000,1,1.0900,1.1300,0.0550,0.9043,100,5,0.6000,0.6151,0.1675,0.6151,-0.0151,本圈台阶完成,1,0.0000,0.150,0.330
5631.987,ROUNDABOUT_FOLLOW,3.952,0,2.731,0.0000,0.0000,vision,2.731,,,roundabout_blue_guard_left,0.0858,0.3000,0,line_too_few_bands,0.0000,0.0000,0.0000,0.0000,0.0000,0,0.0000,0.0000,0.0000,0.0000,0.3000,IDLE,1,0,step_done_latches_cleared,0,0,6.000,1,1.0600,1.1100,0.0546,0.9108,104,5,0.6000,0.6151,0.1675,0.6151,-0.0151,本圈台阶完成,1,0.0000,0.150,0.330
5632.131,ROUNDABOUT_FOLLOW,4.095,0,2.731,0.0000,0.0000,vision,2.731,,,roundabout_blue_guard_left,0.0450,0.3000,0,line_too_few_bands,0.0000,0.0000,0.0000,0.0000,0.0000,0,0.0000,0.0000,0.0000,0.0000,0.3000,IDLE,1,0,step_done_latches_cleared,0,0,6.000,1,1.0300,1.0900,0.0532,0.9291,108,5,0.6000,0.6151,0.1675,0.6151,-0.0151,本圈台阶完成,1,0.0000,0.150,0.330
5632.255,ROUNDABOUT_FOLLOW,4.219,0,2.731,0.0000,0.0000,vision,2.731,,,roundabout_blue_guard_left,0.0450,0.3000,0,line_too_few_bands,0.0000,0.0000,0.0000,0.0000,0.0000,0,0.0000,0.0000,0.0000,0.0000,0.3000,IDLE,1,0,step_done_latches_cleared,0,0,6.000,1,1.0400,1.0600,0.0538,0.9217,112,5,0.6000,0.6151,0.1675,0.6151,-0.0151,本圈台阶完成,1,0.0000,0.150,0.330
5632.380,ROUNDABOUT_FOLLOW,4.344,0,2.731,0.0000,0.0000,vision,2.731,,,roundabout_blue_guard_left,0.0450,0.3000,0,line_too_few_bands,0.0000,0.0000,0.0000,0.0000,0.0000,0,0.0000,0.0000,0.0000,0.0000,0.3000,IDLE,1,0,step_done_latches_cleared,0,0,6.000,1,1.1300,1.0600,0.0550,0.9057,116,5,0.6000,0.6151,0.1675,0.6151,-0.0151,本圈台阶完成,1,0.0000,0.150,0.330
5632.509,ROUNDABOUT_FOLLOW,4.473,0,2.731,0.0000,0.0000,vision,2.731,,,roundabout_blue_guard_left,0.0450,0.3000,0,line_too_few_bands,0.0000,0.0000,0.0000,0.0000,0.0000,0,0.0000,0.0000,0.0000,0.0000,0.3000,IDLE,1,0,step_done_latches_cleared,0,0,6.000,1,1.1900,1.0600,0.0565,0.8863,120,5,0.6000,0.6151,0.1675,0.6151,-0.0151,本圈台阶完成,1,0.0000,0.150,0.330
5632.631,ROUNDABOUT_FOLLOW,4.596,0,2.731,0.0000,0.0000,vision,2.731,,,roundabout_blue_guard_left,0.0450,0.3000,0,line_too_few_bands,0.0000,0.0000,0.0000,0.0000,0.0000,0,0.0000,0.0000,0.0000,0.0000,0.3000,IDLE,1,0,step_done_latches_cleared,0,0,6.000,1,1.1500,1.1300,0.0587,0.8555,123,5,0.6000,0.6151,0.1675,0.6151,-0.0151,本圈台阶完成,1,0.0000,0.150,0.330
5632.758,ROUNDABOUT_FOLLOW,4.723,0,2.731,0.0000,0.0000,vision,2.731,,,roundabout_blue_guard_left,0.0450,0.3000,0,line_too_few_bands,0.0000,0.0000,0.0000,0.0000,0.0000,0,0.0000,0.0000,0.0000,0.0000,0.3000,IDLE,1,0,step_done_latches_cleared,0,0,6.000,1,1.1200,1.1300,0.0596,0.8455,127,5,0.6000,0.6151,0.1675,0.6151,-0.0151,本圈台阶完成,1,0.0000,0.150,0.330
5632.883,ROUNDABOUT_FOLLOW,4.847,0,2.731,0.0000,0.0000,vision,2.731,,,roundabout_blue_guard_left,0.0450,0.3000,0,line_too_few_bands,0.0000,0.0000,0.0000,0.0000,0.0000,0,0.0000,0.0000,0.0000,0.0000,0.3000,IDLE,1,0,step_done_latches_cleared,0,0,5.400,1,1.2200,1.1300,0.0605,0.8339,131,5,0.6000,0.6151,0.1675,0.6151,-0.0151,本圈台阶完成,1,0.0000,0.150,0.330
5633.010,ROUNDABOUT_FOLLOW,4.975,0,2.731,0.0000,0.0000,vision,2.731,,,roundabout_blue_guard_left,0.0450,0.3000,0,line_too_few_bands,0.0000,0.0000,0.0000,0.0000,0.0000,0,0.0000,0.0000,0.0000,0.0000,0.3000,IDLE,1,0,step_done_latches_cleared,0,0,4.800,1,1.2800,1.1300,0.0603,0.7762,135,5,0.6000,0.6151,0.1675,0.6151,-0.0151,本圈台阶完成,1,0.0000,0.150,0.330
5633.150,ROUNDABOUT_FOLLOW,5.114,0,2.731,0.0000,0.0000,vision,2.731,,,roundabout_blue_guard_left,0.0450,0.3000,0,line_too_few_bands,0.0000,0.0000,0.0000,0.0000,0.0000,0,0.0000,0.0000,0.0000,0.0000,0.3000,IDLE,1,0,step_done_latches_cleared,0,0,4.200,0,nan,1.1400,nan,0.0000,0,5,0.6000,0.6151,0.1675,0.6151,-0.0151,本圈台阶完成,1,0.0000,0.150,0.330
5633.281,ROUNDABOUT_FOLLOW,5.245,0,2.731,0.0000,0.0000,vision,2.731,,,roundabout_blue_guard_left,0.0450,0.3000,0,line_too_few_bands,0.0000,0.0000,0.0000,0.0000,0.0000,0,0.0000,0.0000,0.0000,0.0000,0.3000,IDLE,1,0,step_done_latches_cleared,0,0,3.600,0,nan,1.1500,nan,0.0000,0,5,0.6000,0.6151,0.1675,0.6151,-0.0151,本圈台阶完成,1,0.0000,0.150,0.330
5633.422,ROUNDABOUT_FOLLOW,5.387,0,2.731,0.0000,0.0000,vision,2.731,,,roundabout_blue_guard_left,0.0450,0.3000,0,line_too_few_bands,0.0000,0.0000,0.0000,0.0000,0.0000,0,0.0000,0.0000,0.0000,0.0000,0.3000,IDLE,1,0,step_done_latches_cleared,0,0,3.000,0,nan,1.1350,nan,0.0000,0,5,0.6000,0.6151,0.1675,0.6151,-0.0151,本圈台阶完成,1,0.0000,0.150,0.330
5633.578,ROUNDABOUT_FOLLOW,5.542,0,2.731,0.0000,0.0000,vision,2.731,,,roundabout_blue_guard_left,0.0450,0.3000,0,line_too_few_bands,0.0000,0.0000,0.0000,0.0000,0.0000,0,0.0000,0.0000,0.0000,0.0000,0.3000,IDLE,1,0,step_done_latches_cleared,0,0,2.400,0,nan,nan,nan,0.0000,0,5,0.6000,0.6151,0.1675,0.6151,-0.0151,本圈台阶完成,1,0.0000,0.150,0.330
5633.730,ROUNDABOUT_FOLLOW,5.695,0,2.731,0.0000,0.0000,vision,2.731,,,roundabout_blue_guard_left,0.0450,0.3000,0,line_too_few_bands,0.0000,0.0000,0.0000,0.0000,0.0000,0,0.0000,0.0000,0.0000,0.0000,0.3000,IDLE,1,0,step_done_latches_cleared,0,0,1.800,0,nan,nan,nan,0.0000,0,5,0.6000,0.6151,0.1675,0.6151,-0.0151,本圈台阶完成,1,0.0000,0.150,0.330
5633.824,ROUNDABOUT_FOLLOW,5.788,0,2.731,0.0000,0.0000,vision,2.731,,,roundabout_blue_guard_left,0.0450,0.3000,0,line_too_few_bands,0.0000,0.0000,0.0000,0.0000,0.0000,0,0.0000,0.0000,0.0000,0.0000,0.3000,IDLE,1,0,step_done_latches_cleared,0,0,1.200,0,nan,nan,nan,0.0000,0,5,0.6000,0.6151,0.1675,0.6151,-0.0151,本圈台阶完成,1,0.0000,0.150,0.330
5633.980,ROUNDABOUT_FOLLOW,5.945,0,2.731,0.0000,0.0000,vision,2.731,,,roundabout_blue_guard_left,0.0450,0.3000,0,line_too_few_bands,0.0000,0.0000,0.0000,0.0000,0.0000,0,0.0000,0.0000,0.0000,0.0000,0.3000,IDLE,1,0,step_done_latches_cleared,0,0,0.600,0,nan,nan,nan,0.0000,0,5,0.6000,0.6151,0.1675,0.6151,-0.0151,本圈台阶完成,1,0.0000,0.150,0.330
5634.106,ROUNDABOUT_FOLLOW,6.070,0,2.731,0.0000,0.0000,vision,2.731,,,roundabout_blue_guard_left,0.0450,0.3000,0,line_too_few_bands,0.0000,0.0000,0.0000,0.0000,0.0000,0,0.0000,0.0000,0.0000,0.0000,0.3000,IDLE,1,0,step_done_latches_cleared,0,0,0.000,0,nan,nan,nan,0.0000,0,5,0.6000,0.6151,0.1675,0.6151,-0.0151,本圈台阶完成,1,0.0000,0.150,0.330
5634.196,ROUNDABOUT_FOLLOW,6.160,0,2.731,0.0000,0.0000,vision,2.731,,,roundabout_blue_guard_left,0.0450,0.3000,0,line_too_few_bands,0.0000,0.0000,0.0000,0.0000,0.0000,0,0.0000,0.0000,0.0000,0.0000,0.3000,IDLE,1,0,step_done_latches_cleared,0,0,0.000,0,nan,nan,nan,0.0000,0,5,0.6000,0.6151,0.1675,0.6151,-0.0151,本圈台阶完成,1,0.0000,0.150,0.330
5634.290,ROUNDABOUT_FOLLOW,6.255,0,2.731,0.0000,0.0000,vision,2.731,,,roundabout_blue_guard_left,0.0450,0.3000,1,line_center_tracking,-0.3455,-0.3455,-0.3455,-0.3455,0.2375,1,0.0000,0.0000,0.0000,-0.3455,0.3000,IDLE,1,0,step_done_latches_cleared,0,0,0.000,0,nan,nan,nan,0.0000,0,5,0.6000,0.6151,0.1675,0.6151,-0.0151,本圈台阶完成,1,0.0000,0.150,0.330
5634.444,ROUNDABOUT_FOLLOW,6.408,0,2.731,0.0000,0.0000,vision,2.731,,,roundabout_blue_guard_left,0.0450,0.3000,1,line_center_tracking,-0.3123,-0.3170,-0.3002,-0.3002,0.4276,2,0.0168,0.0000,0.0168,-0.3058,0.3000,IDLE,1,0,step_done_latches_cleared,0,0,0.000,0,nan,nan,nan,0.0000,0,5,0.6000,0.6151,0.1675,0.6151,-0.0151,本圈台阶完成,1,0.0000,0.150,0.330
5634.588,ROUNDABOUT_FOLLOW,6.553,0,2.731,0.0000,0.0000,vision,2.731,,,roundabout_follow_left_locked,0.0957,0.3487,1,line_center_tracking,-0.3228,-0.3228,-0.3228,-0.3228,0.2375,1,0.0000,0.0000,0.0000,-0.3228,0.3487,IDLE,1,0,step_done_latches_cleared,0,0,0.000,0,nan,nan,nan,0.0000,0,5,0.6000,0.6151,0.1675,0.6151,-0.0151,本圈台阶完成,1,0.0000,0.150,0.330
5634.732,ROUNDABOUT_FOLLOW,6.697,0,2.731,0.2000,0.0000,vision,2.731,,,roundabout_follow_left_locked,0.1463,0.3271,1,line_center_tracking,-0.2855,-0.2855,-0.2855,-0.2855,0.2375,1,0.0000,0.0000,0.0000,-0.2855,0.3271,IDLE,1,0,step_done_latches_cleared,0,0,0.000,0,nan,nan,nan,0.0000,0,5,0.6000,0.6151,0.1675,0.6151,-0.0151,本圈台阶完成,1,0.0000,0.150,0.330
5634.871,ROUNDABOUT_FOLLOW,6.836,0,2.731,0.0000,0.0000,vision,2.731,,,roundabout_follow_left_locked,0.1769,0.2842,1,line_center_tracking,-0.2271,-0.2271,-0.2271,-0.2271,0.2375,1,0.0000,0.0000,0.0000,-0.2271,0.2842,IDLE,1,0,step_done_latches_cleared,0,0,0.000,0,nan,nan,nan,0.0000,0,5,0.6000,0.6151,0.1675,0.6151,-0.0151,本圈台阶完成,1,0.0000,0.150,0.330
5634.995,ROUNDABOUT_FOLLOW,6.959,0,2.731,0.2000,0.0000,vision,2.731,,,roundabout_follow_left_locked,0.1896,0.2351,1,line_center_tracking,-0.1759,-0.1612,-0.2140,-0.2140,0.4525,2,0.0528,0.0000,0.0528,-0.1964,0.2351,IDLE,1,0,step_done_latches_cleared,0,0,0.000,0,nan,nan,nan,0.0000,0,5,0.6000,0.6151,0.1675,0.6151,-0.0151,本圈台阶完成,1,0.0000,0.150,0.330
5635.122,ROUNDABOUT_FOLLOW,7.087,0,2.731,0.4000,0.0000,vision,2.731,,,roundabout_follow_left_locked,0.2006,0.1919,1,line_center_tracking,-0.1390,-0.0911,-0.2622,-0.2622,0.4021,2,0.1710,0.0000,0.1710,-0.2051,0.1919,IDLE,1,0,step_done_latches_cleared,0,0,0.000,0,nan,nan,nan,0.0000,0,5,0.6000,0.6151,0.1675,0.6151,-0.0151,本圈台阶完成,1,0.0000,0.150,0.330
5635.254,ROUNDABOUT_FOLLOW,7.219,0,2.731,0.4000,0.0000,vision,2.731,,,roundabout_follow_left_locked,0.2122,0.1449,1,line_center_tracking,-0.0927,-0.0308,-0.2518,-0.2518,0.3808,2,0.2211,0.0000,0.2211,-0.1782,0.1449,IDLE,1,0,step_done_latches_cleared,0,0,0.000,0,nan,nan,nan,0.0000,0,5,0.6000,0.6151,0.1675,0.6151,-0.0151,本圈台阶完成,1,0.0000,0.150,0.330
5635.350,ROUNDABOUT_FOLLOW,7.314,0,2.731,0.4000,0.0000,vision,2.731,,,roundabout_follow_left_locked,0.2088,0.0957,1,line_center_tracking,-0.0492,0.0184,-0.2228,-0.2228,0.3722,2,0.2412,0.0000,0.2412,-0.1424,0.0957,IDLE,1,0,step_done_latches_cleared,0,0,0.000,0,nan,nan,nan,0.0000,0,5,0.6000,0.6151,0.1675,0.6151,-0.0151,本圈台阶完成,1,0.0000,0.150,0.330
5635.475,ROUNDABOUT_FOLLOW,7.439,0,2.731,0.4000,0.0000,vision,2.731,,,roundabout_follow_left_locked,0.2072,0.0537,1,line_center_tracking,-0.0108,0.0592,-0.1908,-0.1908,0.3685,2,0.2500,0.0000,0.2500,-0.1075,0.0537,IDLE,1,0,step_done_latches_cleared,0,0,0.000,0,nan,nan,nan,0.0000,0,5,0.6000,0.6151,0.1675,0.6151,-0.0151,本圈台阶完成,1,0.0000,0.150,0.330
5635.600,ROUNDABOUT_FOLLOW,7.565,0,2.731,0.4000,0.0000,vision,2.731,,,roundabout_follow_left_locked,0.2079,0.0177,1,line_center_tracking,0.0163,0.0852,-0.1609,-0.1609,0.3701,2,0.2461,0.0000,0.2461,-0.0789,0.0177,IDLE,1,0,step_done_latches_cleared,0,0,0.000,0,nan,nan,nan,0.0000,0,5,0.6000,0.6151,0.1675,0.6151,-0.0151,本圈台阶完成,1,0.0000,0.150,0.330
5635.726,ROUNDABOUT_FOLLOW,7.690,0,2.731,0.4000,0.0000,vision,2.731,,,roundabout_follow_left_locked,0.2079,-0.0091,1,line_center_tracking,0.0331,0.1020,-0.1443,-0.1443,0.3700,2,0.2463,0.0000,0.2463,-0.0622,-0.0091,IDLE,1,0,step_done_latches_cleared,0,0,0.000,0,nan,nan,nan,0.0000,0,5,0.6000,0.6151,0.1675,0.6151,-0.0151,本圈台阶完成,1,0.0000,0.150,0.330
5635.856,ROUNDABOUT_FOLLOW,7.820,0,2.731,0.2000,0.0000,vision,2.731,,,roundabout_blind_arc_recovery,0.1584,0.1600,0,line_too_few_bands,0.0000,0.0000,0.0000,0.0000,0.0000,0,0.0000,0.0000,0.0000,0.0000,0.1600,IDLE,1,0,step_done_latches_cleared,0,0,0.000,0,nan,nan,nan,0.0000,0,5,0.6000,0.6151,0.1675,0.6151,-0.0151,本圈台阶完成,1,0.0000,0.150,0.330
5636.001,ROUNDABOUT_FOLLOW,7.965,0,2.731,0.0000,0.0000,vision,2.731,,,roundabout_blind_arc_recovery,0.1078,0.1600,0,line_too_few_bands,0.0000,0.0000,0.0000,0.0000,0.0000,0,0.0000,0.0000,0.0000,0.0000,0.1600,IDLE,1,0,step_done_latches_cleared,0,0,0.000,0,nan,nan,nan,0.0000,0,5,0.6000,0.6151,0.1675,0.6151,-0.0151,本圈台阶完成,1,0.0000,0.150,0.330
5636.155,ROUNDABOUT_FOLLOW,8.119,0,2.731,0.2000,0.0000,vision,2.731,,,roundabout_follow_left_locked,0.1584,0.0175,1,line_center_tracking,-0.0376,0.0412,-0.2402,-0.2402,0.3551,2,0.2814,0.0000,0.2814,-0.1464,0.0175,IDLE,1,0,step_done_latches_cleared,0,0,0.000,0,nan,nan,nan,0.0000,0,5,0.6000,0.6151,0.1675,0.6151,-0.0151,本圈台阶完成,1,0.0000,0.150,0.330
5636.291,ROUNDABOUT_FOLLOW,8.255,0,2.731,0.2000,0.0000,vision,2.731,,,roundabout_blind_arc_recovery,0.1078,0.1600,0,line_too_few_bands,0.0000,0.0000,0.0000,0.0000,0.0000,0,0.0000,0.0000,0.0000,0.0000,0.1600,IDLE,1,0,step_done_latches_cleared,0,0,0.000,0,nan,nan,nan,0.0000,0,5,0.6000,0.6151,0.1675,0.6151,-0.0151,本圈台阶完成,1,0.0000,0.150,0.330
5636.419,ROUNDABOUT_FOLLOW,8.383,0,2.731,0.2000,0.0000,vision,2.731,,,roundabout_follow_left_locked,0.1566,0.1024,1,line_center_tracking,-0.1710,-0.1710,-0.1710,-0.1710,0.2375,1,0.0000,0.0000,0.0000,-0.1710,0.1024,IDLE,1,0,step_done_latches_cleared,0,0,0.000,0,nan,nan,nan,0.0000,0,5,0.6000,0.6151,0.1675,0.6151,-0.0151,本圈台阶完成,1,0.0000,0.150,0.330
5636.544,ROUNDABOUT_FOLLOW,8.508,0,2.731,0.2000,0.0000,vision,2.731,,,roundabout_follow_left_locked,0.1969,0.2048,1,line_center_tracking,-0.2730,-0.2730,-0.2730,-0.2730,0.2375,1,0.0000,0.0000,0.0000,-0.2730,0.2048,IDLE,1,0,step_done_latches_cleared,0,0,0.000,0,nan,nan,nan,0.0000,0,5,0.6000,0.6151,0.1675,0.6151,-0.0151,本圈台阶完成,1,0.0000,0.150,0.330
5636.667,ROUNDABOUT_FOLLOW,8.632,0,2.731,0.2000,0.0000,vision,2.731,,,roundabout_follow_left_locked,0.1757,0.2888,1,line_center_tracking,-0.3422,-0.3422,-0.3422,-0.3422,0.2375,1,0.0000,0.0000,0.0000,-0.3422,0.2888,IDLE,1,0,step_done_latches_cleared,0,0,0.000,0,nan,nan,nan,0.0000,0,5,0.6000,0.6151,0.1675,0.6151,-0.0151,本圈台阶完成,1,0.0000,0.150,0.330
5636.797,ROUNDABOUT_FOLLOW,8.761,0,2.731,0.0000,0.0000,vision,2.731,,,roundabout_blind_arc_recovery,0.1266,0.1600,0,line_too_few_bands,0.0000,0.0000,0.0000,0.0000,0.0000,0,0.0000,0.0000,0.0000,0.0000,0.1600,IDLE,1,0,step_done_latches_cleared,0,0,0.000,0,nan,nan,nan,0.0000,0,5,0.6000,0.6151,0.1675,0.6151,-0.0151,本圈台阶完成,1,0.0000,0.150,0.330
5636.919,ROUNDABOUT_FOLLOW,8.883,0,2.731,0.0000,0.0000,vision,2.731,,,roundabout_follow_left_locked,0.1465,0.4024,1,line_center_tracking,-0.4831,-0.4831,-0.4831,-0.4831,0.2375,1,0.0000,0.0000,0.0000,-0.4831,0.4024,IDLE,1,0,step_done_latches_cleared,0,0,0.000,0,nan,nan,nan,0.0000,0,5,0.6000,0.6151,0.1675,0.6151,-0.0151,本圈台阶完成,1,0.0000,0.150,0.330
5637.044,ROUNDABOUT_FOLLOW,9.008,0,2.731,0.0000,0.0000,vision,2.731,,,roundabout_follow_left_locked,0.1050,0.5125,1,line_hard_turn_centering,-0.5660,-0.5660,-0.5660,-0.5660,0.2375,1,0.0000,0.0000,0.0000,-0.5660,0.5125,IDLE,1,0,step_done_latches_cleared,0,0,0.000,0,nan,nan,nan,0.0000,0,5,0.6000,0.6151,0.1675,0.6151,-0.0151,本圈台阶完成,1,0.0000,0.150,0.330
5637.165,ROUNDABOUT_FOLLOW,9.129,0,2.731,0.0000,0.0000,vision,2.731,,,roundabout_blind_arc_recovery,0.1000,0.2099,0,line_too_few_bands,0.0000,0.0000,0.0000,0.0000,0.0000,0,0.0000,0.0000,0.0000,0.0000,0.2099,IDLE,1,0,step_done_latches_cleared,0,0,0.000,0,nan,nan,nan,0.0000,0,5,0.6000,0.6151,0.1675,0.6151,-0.0151,本圈台阶完成,1,0.0000,0.150,0.330
5637.284,ROUNDABOUT_FOLLOW,9.248,0,2.731,0.0000,0.0000,vision,2.731,,,roundabout_blind_arc_recovery,0.1000,0.1600,0,line_too_few_bands,0.0000,0.0000,0.0000,0.0000,0.0000,0,0.0000,0.0000,0.0000,0.0000,0.1600,IDLE,1,0,step_done_latches_cleared,0,0,0.000,0,nan,nan,nan,0.0000,0,5,0.6000,0.6151,0.1675,0.6151,-0.0151,本圈台阶完成,1,0.0000,0.150,0.330
5637.429,ROUNDABOUT_FOLLOW,9.394,0,2.731,0.2000,0.0000,vision,2.731,,,roundabout_follow_left_locked,0.1050,0.4933,1,line_hard_turn_centering,-0.6119,-0.6445,-0.3192,-0.3192,0.3077,2,0.3253,0.0000,0.3253,-0.4276,0.4933,IDLE,1,0,step_done_latches_cleared,0,0,0.000,0,nan,nan,nan,0.0000,0,5,0.6000,0.6151,0.1675,0.6151,-0.0151,本圈台阶完成,1,0.0000,0.150,0.330
5637.569,ROUNDABOUT_FOLLOW,9.533,0,2.731,0.0000,0.0000,vision,2.731,,,roundabout_blind_arc_recovery,0.1000,0.1600,0,line_too_few_bands,0.0000,0.0000,0.0000,0.0000,0.0000,0,0.0000,0.0000,0.0000,0.0000,0.1600,IDLE,1,0,step_done_latches_cleared,0,0,0.000,0,nan,nan,nan,0.0000,0,5,0.6000,0.6151,0.1675,0.6151,-0.0151,本圈台阶完成,1,0.0000,0.150,0.330
5637.700,ROUNDABOUT_FOLLOW,9.665,0,2.731,0.2000,0.0000,vision,2.731,,,roundabout_blind_arc_recovery,0.1000,0.1600,0,line_too_few_bands,0.0000,0.0000,0.0000,0.0000,0.0000,0,0.0000,0.0000,0.0000,0.0000,0.1600,IDLE,1,0,step_done_latches_cleared,0,0,0.000,0,nan,nan,nan,0.0000,0,5,0.6000,0.6151,0.1675,0.6151,-0.0151,本圈台阶完成,1,0.0000,0.150,0.330
5637.826,ROUNDABOUT_FOLLOW,9.791,0,2.731,0.2000,0.0000,vision,2.731,,,roundabout_follow_left_locked,0.1479,0.1516,1,line_center_tracking,0.2528,0.2528,0.2528,0.2528,0.2375,1,0.0000,0.0000,0.0000,0.2528,0.1516,IDLE,1,0,step_done_latches_cleared,0,0,0.000,0,nan,nan,nan,0.0000,0,5,0.6000,0.6151,0.1675,0.6151,-0.0151,本圈台阶完成,1,0.0000,0.150,0.330
5637.955,ROUNDABOUT_FOLLOW,9.919,0,2.731,0.0000,0.0000,vision,2.731,,,roundabout_follow_left_locked,0.1667,0.3239,1,line_center_tracking,-0.4211,-0.4211,-0.4211,-0.4211,0.2375,1,0.0000,0.0000,0.0000,-0.4211,0.3239,IDLE,1,0,step_done_latches_cleared,0,0,0.000,0,nan,nan,nan,0.0000,0,5,0.6000,0.6151,0.1675,0.6151,-0.0151,本圈台阶完成,1,0.0000,0.150,0.330
5638.077,ROUNDABOUT_FOLLOW,10.041,0,2.731,0.2000,0.0000,vision,2.731,,,roundabout_follow_left_locked,0.1413,0.4225,1,line_center_tracking,-0.4810,-0.4810,-0.4810,-0.4810,0.2375,1,0.0000,0.0000,0.0000,-0.4810,0.4225,IDLE,1,0,step_done_latches_cleared,0,0,0.000,0,nan,nan,nan,0.0000,0,5,0.6000,0.6151,0.1675,0.6151,-0.0151,本圈台阶完成,1,0.0000,0.150,0.330
5638.214,ROUNDABOUT_FOLLOW,10.178,0,2.731,0.0000,0.0000,vision,2.731,,,roundabout_follow_left_locked,0.1050,0.5600,1,line_hard_turn_centering,-0.6527,-0.6527,-0.6527,-0.6527,0.2375,1,0.0000,0.0000,0.0000,-0.6527,0.5600,IDLE,1,0,step_done_latches_cleared,0,0,0.000,0,nan,nan,nan,0.0000,0,5,0.6000,0.6151,0.1675,0.6151,-0.0151,本圈台阶完成,1,0.0000,0.150,0.330
5638.343,ROUNDABOUT_FOLLOW,10.308,0,2.731,0.0000,0.0000,vision,2.731,,,roundabout_follow_left_locked,0.1544,0.2353,1,line_center_tracking,0.4315,0.4315,0.4315,0.4315,0.2375,1,0.0000,0.0000,0.0000,0.4315,0.2353,IDLE,1,0,step_done_latches_cleared,0,0,0.000,0,nan,nan,nan,0.0000,0,5,0.6000,0.6151,0.1675,0.6151,-0.0151,本圈台阶完成,1,0.0000,0.150,0.330
5638.468,ROUNDABOUT_FOLLOW,10.432,0,2.731,0.0000,0.0000,vision,2.731,,,roundabout_blind_arc_recovery,0.1071,0.1600,0,line_too_few_bands,0.0000,0.0000,0.0000,0.0000,0.0000,0,0.0000,0.0000,0.0000,0.0000,0.1600,IDLE,1,0,step_done_latches_cleared,0,0,0.000,0,nan,nan,nan,0.0000,0,5,0.6000,0.6151,0.1675,0.6151,-0.0151,本圈台阶完成,1,0.0000,0.150,0.330
5638.595,ROUNDABOUT_FOLLOW,10.559,0,2.731,0.0000,0.0000,vision,2.731,,,roundabout_blind_arc_recovery,0.1000,0.1600,0,line_too_few_bands,0.0000,0.0000,0.0000,0.0000,0.0000,0,0.0000,0.0000,0.0000,0.0000,0.1600,IDLE,1,0,step_done_latches_cleared,0,0,0.000,0,nan,nan,nan,0.0000,0,5,0.6000,0.6151,0.1675,0.6151,-0.0151,本圈台阶完成,1,0.0000,0.150,0.330
5638.729,ROUNDABOUT_FOLLOW,10.693,0,2.731,0.2000,0.0000,vision,2.731,,,roundabout_blind_arc_recovery,0.1000,0.1600,0,line_too_few_bands,0.0000,0.0000,0.0000,0.0000,0.0000,0,0.0000,0.0000,0.0000,0.0000,0.1600,IDLE,1,0,step_done_latches_cleared,0,0,0.000,0,nan,nan,nan,0.0000,0,5,0.6000,0.6151,0.1675,0.6151,-0.0151,本圈台阶完成,1,0.0000,0.150,0.330
5638.855,ROUNDABOUT_FOLLOW,10.819,0,2.731,0.2000,0.0000,vision,2.731,,,roundabout_follow_left_locked,0.1050,0.4242,1,line_hard_turn_centering,-0.7334,-0.7334,-0.7334,-0.7334,0.2375,1,0.0000,0.0000,0.0000,-0.7334,0.4242,IDLE,1,0,step_done_latches_cleared,0,0,0.000,0,nan,nan,nan,0.0000,0,5,0.6000,0.6151,0.1675,0.6151,-0.0151,本圈台阶完成,1,0.0000,0.150,0.330
5638.991,ROUNDABOUT_FOLLOW,10.955,0,2.731,0.0000,0.0000,vision,2.731,,,roundabout_blind_arc_recovery,0.1000,0.1600,0,line_too_few_bands,0.0000,0.0000,0.0000,0.0000,0.0000,0,0.0000,0.0000,0.0000,0.0000,0.1600,IDLE,1,0,step_done_latches_cleared,0,0,0.000,0,nan,nan,nan,0.0000,0,5,0.6000,0.6151,0.1675,0.6151,-0.0151,本圈台阶完成,1,0.0000,0.150,0.330
5639.117,ROUNDABOUT_FOLLOW,11.081,0,2.731,0.2000,0.0000,vision,2.731,,,roundabout_blind_arc_recovery,0.1000,0.1600,0,line_too_few_bands,0.0000,0.0000,0.0000,0.0000,0.0000,0,0.0000,0.0000,0.0000,0.0000,0.1600,IDLE,1,0,step_done_latches_cleared,0,0,0.000,0,nan,nan,nan,0.0000,0,5,0.6000,0.6151,0.1675,0.6151,-0.0151,本圈台阶完成,1,0.0000,0.150,0.330
5639.254,ROUNDABOUT_FOLLOW,11.219,0,2.731,0.0000,0.0000,vision,2.731,,,roundabout_follow_left_locked,0.1050,0.4933,1,line_hard_turn_centering,-0.6342,-0.6342,-0.6342,-0.6342,0.2375,1,0.0000,0.0000,0.0000,-0.6342,0.4933,IDLE,1,0,step_done_latches_cleared,0,0,0.000,0,nan,nan,nan,0.0000,0,5,0.6000,0.6151,0.1675,0.6151,-0.0151,本圈台阶完成,1,0.0000,0.150,0.330
5639.391,ROUNDABOUT_FOLLOW,11.356,0,2.731,0.0000,0.0000,vision,2.731,,,roundabout_blind_arc_recovery,0.1000,0.1600,0,line_too_few_bands,0.0000,0.0000,0.0000,0.0000,0.0000,0,0.0000,0.0000,0.0000,0.0000,0.1600,IDLE,1,0,step_done_latches_cleared,0,0,0.000,0,nan,nan,nan,0.0000,0,5,0.6000,0.6151,0.1675,0.6151,-0.0151,本圈台阶完成,1,0.0000,0.150,0.330
5639.527,ROUNDABOUT_FOLLOW,11.492,0,2.731,0.0000,0.0000,vision,2.731,,,roundabout_follow_left_locked,0.1081,0.4933,1,line_center_tracking,-0.5188,-0.5188,-0.5188,-0.5188,0.2375,1,0.0000,0.0000,0.0000,-0.5188,0.4933,IDLE,1,0,step_done_latches_cleared,0,0,0.000,0,nan,nan,nan,0.0000,0,5,0.6000,0.6151,0.1675,0.6151,-0.0151,本圈台阶完成,1,0.0000,0.150,0.330
5639.658,ROUNDABOUT_FOLLOW,11.623,0,2.731,0.2000,0.0000,vision,2.731,,,roundabout_follow_left_locked,0.1188,0.5103,1,line_center_tracking,-0.4400,-0.4400,-0.4400,-0.4400,0.2375,1,0.0000,0.0000,0.0000,-0.4400,0.5103,IDLE,1,0,step_done_latches_cleared,0,0,0.000,0,nan,nan,nan,0.0000,0,5,0.6000,0.6151,0.1675,0.6151,-0.0151,本圈台阶完成,1,0.0000,0.150,0.330
5639.792,ROUNDABOUT_FOLLOW,11.756,0,2.731,0.0000,0.0000,vision,2.731,,,roundabout_follow_left_locked,0.1354,0.4457,1,line_center_tracking,-0.3581,-0.3581,-0.3581,-0.3581,0.2375,1,0.0000,0.0000,0.0000,-0.3581,0.4457,IDLE,1,0,step_done_latches_cleared,0,0,0.000,0,nan,nan,nan,0.0000,0,5,0.6000,0.6151,0.1675,0.6151,-0.0151,本圈台阶完成,1,0.0000,0.150,0.330
5639.918,ROUNDABOUT_FOLLOW,11.883,0,2.731,0.0000,0.0000,vision,2.731,,,roundabout_blind_arc_recovery,0.1000,0.1600,0,line_too_few_bands,0.0000,0.0000,0.0000,0.0000,0.0000,0,0.0000,0.0000,0.0000,0.0000,0.1600,IDLE,1,0,step_done_latches_cleared,0,0,0.000,0,nan,nan,nan,0.0000,0,5,0.6000,0.6151,0.1675,0.6151,-0.0151,本圈台阶完成,1,0.0000,0.150,0.330
5640.043,ROUNDABOUT_FOLLOW,12.007,0,2.731,0.0000,0.0000,vision,2.731,,,roundabout_follow_left_locked,0.1472,0.3365,1,line_center_tracking,-0.2083,-0.2083,-0.2083,-0.2083,0.2375,1,0.0000,0.0000,0.0000,-0.2083,0.3365,IDLE,1,0,step_done_latches_cleared,0,0,0.000,0,nan,nan,nan,0.0000,0,5,0.6000,0.6151,0.1675,0.6151,-0.0151,本圈台阶完成,1,0.0000,0.150,0.330
5640.171,ROUNDABOUT_FOLLOW,12.135,0,2.731,0.0000,0.0000,vision,2.731,,,roundabout_blind_arc_recovery,0.1000,0.1600,0,line_too_few_bands,0.0000,0.0000,0.0000,0.0000,0.0000,0,0.0000,0.0000,0.0000,0.0000,0.1600,IDLE,1,0,step_done_latches_cleared,0,0,0.000,0,nan,nan,nan,0.0000,0,5,0.6000,0.6151,0.1675,0.6151,-0.0151,本圈台阶完成,1,0.0000,0.150,0.330
5640.300,ROUNDABOUT_FOLLOW,12.264,0,2.731,0.0000,0.0000,vision,2.731,,,roundabout_blind_arc_recovery,0.1000,0.1600,0,line_too_few_bands,0.0000,0.0000,0.0000,0.0000,0.0000,0,0.0000,0.0000,0.0000,0.0000,0.1600,IDLE,1,0,step_done_latches_cleared,0,0,0.000,0,nan,nan,nan,0.0000,0,5,0.6000,0.6151,0.1675,0.6151,-0.0151,本圈台阶完成,1,0.0000,0.150,0.330
5640.429,ROUNDABOUT_FOLLOW,12.394,0,2.731,0.0000,0.0000,vision,2.731,,,roundabout_blind_arc_recovery,0.1000,0.1600,0,line_too_few_bands,0.0000,0.0000,0.0000,0.0000,0.0000,0,0.0000,0.0000,0.0000,0.0000,0.1600,IDLE,1,0,step_done_latches_cleared,0,0,0.000,0,nan,nan,nan,0.0000,0,5,0.6000,0.6151,0.1675,0.6151,-0.0151,本圈台阶完成,1,0.0000,0.150,0.330
5640.555,ROUNDABOUT_FOLLOW,12.520,0,2.731,0.0000,0.0000,vision,2.731,,,roundabout_follow_left_locked,0.1479,0.2333,1,line_center_tracking,-0.1119,-0.0042,-0.3890,-0.3890,0.3110,2,0.3848,0.0000,0.3848,-0.2607,0.2333,IDLE,1,0,step_done_latches_cleared,0,0,0.000,0,nan,nan,nan,0.0000,0,5,0.6000,0.6151,0.1675,0.6151,-0.0151,本圈台阶完成,1,0.0000,0.150,0.330
5640.687,ROUNDABOUT_FOLLOW,12.651,0,2.731,0.0000,0.0000,vision,2.731,,,roundabout_follow_left_locked,0.1868,0.1872,1,line_center_tracking,-0.1343,-0.0308,-0.4004,-0.4004,0.3175,2,0.3696,0.0000,0.3696,-0.2772,0.1872,IDLE,1,0,step_done_latches_cleared,0,0,0.000,0,nan,nan,nan,0.0000,0,5,0.6000,0.6151,0.1675,0.6151,-0.0151,本圈台阶完成,1,0.0000,0.150,0.330
5640.818,ROUNDABOUT_FOLLOW,12.782,0,2.731,0.0000,0.0000,vision,2.731,,,roundabout_follow_left_locked,0.2157,0.1335,1,line_center_tracking,-0.0771,-0.0771,-0.0771,-0.0771,0.2375,1,0.0000,0.0000,0.0000,-0.0771,0.1335,IDLE,1,0,step_done_latches_cleared,0,0,0.000,0,nan,nan,nan,0.0000,0,5,0.6000,0.6151,0.1675,0.6151,-0.0151,本圈台阶完成,1,0.0000,0.150,0.330
5640.943,ROUNDABOUT_FOLLOW,12.908,0,2.731,0.0000,0.0000,vision,2.731,,,roundabout_follow_left_locked,0.2229,0.1055,1,line_center_tracking,-0.0707,-0.0707,-0.0707,-0.0707,0.2375,1,0.0000,0.0000,0.0000,-0.0707,0.1055,IDLE,1,0,step_done_latches_cleared,0,0,0.000,0,nan,nan,nan,0.0000,0,5,0.6000,0.6151,0.1675,0.6151,-0.0151,本圈台阶完成,1,0.0000,0.150,0.330
5641.071,ROUNDABOUT_FOLLOW,13.036,0,2.731,0.0000,0.0000,vision,2.731,,,roundabout_blind_arc_recovery,0.1742,0.1600,0,line_too_few_bands,0.0000,0.0000,0.0000,0.0000,0.0000,0,0.0000,0.0000,0.0000,0.0000,0.1600,IDLE,1,0,step_done_latches_cleared,0,0,0.000,0,nan,nan,nan,0.0000,0,5,0.6000,0.6151,0.1675,0.6151,-0.0151,本圈台阶完成,1,0.0000,0.150,0.330
5641.214,ROUNDABOUT_FOLLOW,13.178,0,2.731,0.0000,0.0000,vision,2.731,,,roundabout_blind_arc_recovery,0.1235,0.1600,0,line_too_few_bands,0.0000,0.0000,0.0000,0.0000,0.0000,0,0.0000,0.0000,0.0000,0.0000,0.1600,IDLE,1,0,step_done_latches_cleared,0,0,0.000,0,nan,nan,nan,0.0000,0,5,0.6000,0.6151,0.1675,0.6151,-0.0151,本圈台阶完成,1,0.0000,0.150,0.330
5641.344,ROUNDABOUT_FOLLOW,13.308,0,2.731,0.0000,0.0000,vision,2.731,,,roundabout_follow_left_locked,0.1729,0.2016,1,line_center_tracking,-0.2719,-0.1505,-0.5839,-0.5839,0.2903,2,0.4334,0.0000,0.4334,-0.4394,0.2016,IDLE,1,0,step_done_latches_cleared,0,0,0.000,0,nan,nan,nan,0.0000,0,5,0.6000,0.6151,0.1675,0.6151,-0.0151,本圈台阶完成,1,0.0000,0.150,0.330
5641.471,ROUNDABOUT_FOLLOW,13.436,0,2.731,0.0000,0.0000,vision,2.731,,,roundabout_follow_left_locked,0.1765,0.2843,1,line_center_tracking,-0.3307,-0.2103,-0.6402,-0.6402,0.2918,2,0.4299,0.0000,0.4299,-0.4969,0.2843,IDLE,1,0,step_done_latches_cleared,0,0,0.000,0,nan,nan,nan,0.0000,0,5,0.6000,0.6151,0.1675,0.6151,-0.0151,本圈台阶完成,1,0.0000,0.150,0.330
5641.604,ROUNDABOUT_FOLLOW,13.568,0,2.731,0.0000,0.0000,vision,2.731,,,roundabout_blind_arc_recovery,0.1261,0.1600,0,line_too_few_bands,0.0000,0.0000,0.0000,0.0000,0.0000,0,0.0000,0.0000,0.0000,0.0000,0.1600,IDLE,1,0,step_done_latches_cleared,0,0,0.000,0,nan,nan,nan,0.0000,0,5,0.6000,0.6151,0.1675,0.6151,-0.0151,本圈台阶完成,1,0.0000,0.150,0.330
5641.726,ROUNDABOUT_FOLLOW,13.690,0,2.731,0.0000,0.0000,vision,2.731,,,roundabout_blind_arc_recovery,0.1000,0.1600,0,line_too_few_bands,0.0000,0.0000,0.0000,0.0000,0.0000,0,0.0000,0.0000,0.0000,0.0000,0.1600,IDLE,1,0,step_done_latches_cleared,0,0,0.000,0,nan,nan,nan,0.0000,0,5,0.6000,0.6151,0.1675,0.6151,-0.0151,本圈台阶完成,1,0.0000,0.150,0.330
5641.855,ROUNDABOUT_FOLLOW,13.819,0,2.731,0.0000,0.0000,vision,2.731,,,roundabout_follow_left_locked,0.1484,0.3953,1,line_center_tracking,-0.4776,-0.3844,-0.7174,-0.7174,0.3331,2,0.3330,0.0000,0.3330,-0.6064,0.3953,IDLE,1,0,step_done_latches_cleared,0,0,0.000,0,nan,nan,nan,0.0000,0,5,0.6000,0.6151,0.1675,0.6151,-0.0151,本圈台阶完成,1,0.0000,0.150,0.330
5641.979,ROUNDABOUT_FOLLOW,13.944,0,2.731,0.0000,0.0000,vision,2.731,,,roundabout_follow_left_locked,0.1050,0.5363,1,line_hard_turn_centering,-0.6097,-0.5952,-0.7409,-0.7409,0.4849,3,0.1458,0.0000,0.1458,-0.6923,0.5363,IDLE,1,0,step_done_latches_cleared,0,0,0.000,0,nan,nan,nan,0.0000,0,5,0.6000,0.6151,0.1675,0.6151,-0.0151,本圈台阶完成,1,0.0000,0.150,0.330
5642.114,ROUNDABOUT_FOLLOW,14.079,0,2.731,0.0000,0.0000,vision,2.731,,,roundabout_blue_guard_left,0.0543,0.3000,1,line_hard_turn_centering,-0.5484,-0.5485,-0.5470,-0.5470,0.4707,2,0.0015,0.0000,0.0015,-0.5475,0.3000,IDLE,1,0,step_done_latches_cleared,0,0,0.000,0,nan,nan,nan,0.0000,0,5,0.6000,0.6151,0.1675,0.6151,-0.0151,本圈台阶完成,1,0.0000,0.150,0.330
5642.252,ROUNDABOUT_FOLLOW,14.216,0,2.731,0.8000,0.0000,vision,2.731,,,roundabout_follow_left_locked,0.1050,0.5264,1,line_center_tracking,-0.4874,-0.4874,-0.4874,-0.4874,0.2375,1,0.0000,0.0000,0.0000,-0.4874,0.5264,IDLE,1,0,step_done_latches_cleared,0,0,0.000,0,nan,nan,nan,0.0000,0,5,0.6000,0.6151,0.1675,0.6151,-0.0151,本圈台阶完成,1,0.0000,0.150,0.330
5642.389,ROUNDABOUT_FOLLOW,14.354,0,2.731,0.0000,0.0000,vision,2.731,,,roundabout_follow_left_locked,0.1052,0.5630,1,line_center_tracking,-0.5503,-0.5035,-0.6708,-0.6708,0.3890,2,0.1672,0.0000,0.1672,-0.6150,0.5630,IDLE,1,0,step_done_latches_cleared,0,0,0.000,0,nan,nan,nan,0.0000,0,5,0.6000,0.6151,0.1675,0.6151,-0.0151,本圈台阶完成,1,0.0000,0.150,0.330
5642.830,ROUNDABOUT_FOLLOW,14.795,0,2.731,0.9638,0.0000,vision,2.731,,,roundabout_follow_left_locked,0.1212,0.5008,1,line_center_tracking,-0.4093,-0.4093,-0.4093,-0.4093,0.2375,1,0.0000,0.0000,0.0000,-0.4093,0.5008,IDLE,1,0,step_done_latches_cleared,0,0,0.000,0,nan,nan,nan,0.0000,0,5,0.6000,0.6151,0.1675,0.6151,-0.0151,本圈台阶完成,1,0.0000,0.150,0.330
5642.958,ROUNDABOUT_FOLLOW,14.922,0,2.731,0.9632,0.0000,vision,2.731,,,roundabout_follow_left_locked,0.1426,0.4175,1,line_center_tracking,-0.3201,-0.3201,-0.3201,-0.3201,0.2375,1,0.0000,0.0000,0.0000,-0.3201,0.4175,IDLE,1,0,step_done_latches_cleared,0,0,0.000,0,nan,nan,nan,0.0000,0,5,0.6000,0.6151,0.1675,0.6151,-0.0151,本圈台阶完成,1,0.0000,0.150,0.330
5643.092,ROUNDABOUT_EXIT,0.000,0,2.731,0.8559,0.0000,vision,2.731,,,roundabout_exit_commit,0.1050,0.2200,1,line_center_tracking,-0.4281,-0.4132,-0.4665,-0.4665,0.3251,2,0.0533,0.0000,0.0533,-0.4487,0.2200,IDLE,1,0,step_done_latches_cleared,0,0,0.000,0,nan,nan,nan,0.0000,0,5,0.6000,0.6151,0.1675,0.6151,-0.0151,本圈台阶完成,1,0.0000,0.150,0.330
5643.221,ROUNDABOUT_EXIT,0.129,0,2.731,0.8707,0.0000,vision,2.731,,,roundabout_exit_commit,0.1050,0.2200,1,line_center_tracking,-0.3776,-0.3603,-0.4222,-0.4222,0.3008,2,0.0620,0.0000,0.0620,-0.4016,0.2200,IDLE,1,0,step_done_latches_cleared,0,0,0.000,0,nan,nan,nan,0.0000,0,5,0.6000,0.6151,0.1675,0.6151,-0.0151,本圈台阶完成,1,0.0000,0.150,0.330
5643.351,ROUNDABOUT_EXIT,0.259,0,2.731,0.9174,0.0000,vision,2.731,,,roundabout_exit_commit,0.1050,0.2200,1,line_center_tracking,-0.0859,-0.0859,-0.0859,-0.0859,0.2375,1,0.0000,0.0000,0.0000,-0.0859,0.2200,IDLE,1,0,step_done_latches_cleared,0,0,0.000,0,nan,nan,nan,0.0000,0,5,0.6000,0.6151,0.1675,0.6151,-0.0151,本圈台阶完成,1,0.0000,0.150,0.330
5643.479,ROUNDABOUT_EXIT,0.388,0,2.731,0.9175,0.0000,vision,2.731,,,roundabout_exit_commit,0.1050,-0.0300,1,line_center_tracking,0.2945,0.3106,0.2529,0.1054,0.6041,4,0.0577,0.1475,0.2052,0.2230,-0.0300,IDLE,1,0,step_done_latches_cleared,0,0,0.000,0,nan,nan,nan,0.0000,0,5,0.6000,0.6151,0.1675,0.6151,-0.0151,本圈台阶完成,1,0.0000,0.150,0.330
5643.617,ROUNDABOUT_EXIT,0.525,0,2.731,0.9233,0.0000,vision,2.731,,,roundabout_exit_blind_commit,0.1050,0.1600,0,line_too_few_bands,0.0000,0.0000,0.0000,0.0000,0.0000,0,0.0000,0.0000,0.0000,0.0000,0.1600,IDLE,1,0,step_done_latches_cleared,0,0,0.000,0,nan,nan,nan,0.0000,0,5,0.6000,0.6151,0.1675,0.6151,-0.0151,本圈台阶完成,1,0.0000,0.150,0.330
5643.737,ROUNDABOUT_EXIT,0.646,0,2.731,0.9162,0.0000,vision,2.731,,,roundabout_exit_commit,0.1050,-0.0300,1,line_center_tracking,0.2675,0.2837,0.2260,0.1077,0.6118,4,0.0576,0.1184,0.1760,0.2058,-0.0300,IDLE,1,0,step_done_latches_cleared,0,0,0.000,0,nan,nan,nan,0.0000,0,5,0.6000,0.6151,0.1675,0.6151,-0.0151,本圈台阶完成,1,0.0000,0.150,0.330
5643.877,ROUNDABOUT_EXIT,0.785,0,2.731,0.8788,0.0000,vision,2.731,,,roundabout_exit_commit,0.1050,-0.0300,1,line_center_tracking,0.2642,0.2823,0.2176,0.1181,0.5182,3,0.0647,0.0995,0.1642,0.2060,-0.0300,IDLE,1,0,step_done_latches_cleared,0,0,0.000,0,nan,nan,nan,0.0000,0,5,0.6000,0.6151,0.1675,0.6151,-0.0151,本圈台阶完成,1,0.0000,0.150,0.330
5644.012,ROUNDABOUT_EXIT,0.921,0,2.731,0.9169,0.0000,vision,2.731,,,roundabout_exit_commit,0.1050,-0.0300,1,line_center_tracking,0.2623,0.2782,0.2212,0.1237,0.6175,4,0.0570,0.0975,0.1545,0.2077,-0.0300,IDLE,1,0,step_done_latches_cleared,0,0,0.000,0,nan,nan,nan,0.0000,0,5,0.6000,0.6151,0.1675,0.6151,-0.0151,本圈台阶完成,1,0.0000,0.150,0.330
5644.146,ROUNDABOUT_EXIT,1.055,0,2.731,0.8676,0.0000,vision,2.731,,,roundabout_exit_commit,0.1050,-0.0300,1,line_center_tracking,0.2590,0.2747,0.2187,0.1229,0.6180,4,0.0559,0.0958,0.1518,0.2054,-0.0300,IDLE,1,0,step_done_latches_cleared,0,0,0.000,0,nan,nan,nan,0.0000,0,5,0.6000,0.6151,0.1675,0.6151,-0.0151,本圈台阶完成,1,0.0000,0.150,0.330
5644.278,ROUNDABOUT_EXIT,1.186,0,2.731,0.9156,0.0000,vision,2.731,,,roundabout_exit_commit,0.1050,-0.0300,1,line_center_tracking,0.2593,0.2749,0.2192,0.1245,0.6184,4,0.0557,0.0947,0.1503,0.2062,-0.0300,IDLE,1,0,step_done_latches_cleared,0,0,0.000,0,nan,nan,nan,0.0000,0,5,0.6000,0.6151,0.1675,0.6151,-0.0151,本圈台阶完成,1,0.0000,0.150,0.330
5644.423,SEEK_CROSSWALK,0.000,0,2.731,0.9167,0.0000,vision,2.731,,,tracking,0.1557,-0.2801,1,line_center_tracking,0.2594,0.2749,0.2194,0.1252,0.6185,4,0.0555,0.0942,0.1497,0.2065,-0.2801,IDLE,1,0,step_done_latches_cleared,0,0,0.000,0,nan,nan,nan,0.0000,0,5,0.6000,0.6151,0.1675,0.6151,-0.0151,本圈台阶完成,1,0.0000,0.150,0.330
5644.552,SEEK_CROSSWALK,0.129,0,2.731,0.9162,0.0000,vision,2.731,,,tracking,0.1788,-0.2768,1,line_center_tracking,0.2537,0.2640,0.2273,0.1298,0.7114,5,0.0367,0.0975,0.1342,0.2070,-0.2768,IDLE,1,0,step_done_latches_cleared,0,0,0.000,0,nan,nan,nan,0.0000,0,5,0.6000,0.6151,0.1675,0.6151,-0.0151,本圈台阶完成,1,0.0000,0.150,0.330
5644.695,SEEK_CROSSWALK,0.271,0,2.731,0.8670,0.0000,vision,2.731,,,tracking,0.1700,-0.2942,1,line_curve_center_riding,0.2860,0.2916,0.1974,0.1037,0.7067,5,0.0942,0.0937,0.1879,0.1976,-0.2942,IDLE,1,0,step_done_latches_cleared,0,0,0.000,0,nan,nan,nan,0.0000,0,5,0.6000,0.6151,0.1675,0.6151,-0.0151,本圈台阶完成,1,0.0000,0.150,0.330
5644.824,SEEK_CROSSWALK,0.401,0,2.731,0.9148,0.0000,vision,2.731,,,tracking,0.1700,-0.2792,1,line_curve_center_riding,0.2482,0.2544,0.1519,0.0572,0.7051,5,0.1024,0.0947,0.1971,0.1545,-0.2792,IDLE,1,0,step_done_latches_cleared,0,0,0.000,0,nan,nan,nan,0.0000,0,5,0.6000,0.6151,0.1675,0.6151,-0.0151,本圈台阶完成,1,0.0000,0.150,0.330
5644.955,SEEK_CROSSWALK,0.532,0,2.731,0.9109,0.0000,vision,2.731,,,tracking,0.1700,-0.2457,1,line_curve_center_riding,0.1999,0.2065,0.0970,0.0024,0.7950,6,0.1095,0.0946,0.2041,0.1019,-0.2457,IDLE,1,0,step_done_latches_cleared,0,0,0.000,0,nan,nan,nan,0.0000,0,5,0.6000,0.6151,0.1675,0.6151,-0.0151,本圈台阶完成,1,0.0000,0.150,0.330
5645.095,SEEK_CROSSWALK,0.672,0,2.731,0.9119,0.0000,vision,2.731,,,tracking,0.1700,-0.1972,1,line_curve_center_riding,0.1408,0.1478,0.0313,-0.0663,0.7937,6,0.1164,0.0977,0.2141,0.0376,-0.1972,IDLE,1,0,step_done_latches_cleared,0,0,0.000,0,nan,nan,nan,0.0000,0,5,0.6000,0.6151,0.1675,0.6151,-0.0151,本圈台阶完成,1,0.0000,0.150,0.330
5645.224,SEEK_CROSSWALK,0.801,0,2.731,0.9182,0.0000,vision,2.731,,,tracking,0.1700,-0.1384,1,line_curve_center_riding,0.0777,0.0856,-0.0456,-0.1460,0.7909,6,0.1312,0.1004,0.2316,-0.0353,-0.1384,IDLE,1,0,step_done_latches_cleared,0,0,0.000,0,nan,nan,nan,0.0000,0,5,0.6000,0.6151,0.1675,0.6151,-0.0151,本圈台阶完成,1,0.0000,0.150,0.330
5645.355,SEEK_CROSSWALK,0.931,0,2.731,0.9144,0.0000,vision,2.731,,,tracking,0.1700,-0.0642,1,line_curve_center_riding,-0.0045,0.0029,-0.1213,-0.2292,0.6045,4,0.1242,0.1079,0.2321,-0.1158,-0.0642,IDLE,1,0,step_done_latches_cleared,0,0,0.000,0,nan,nan,nan,0.0000,0,5,0.6000,0.6151,0.1675,0.6151,-0.0151,本圈台阶完成,1,0.0000,0.150,0.330
5645.491,SEEK_CROSSWALK,1.067,0,2.731,0.0000,0.0000,vision,2.731,,,tracking,0.1455,0.2692,1,line_curve_center_riding,-0.5220,-0.5375,-0.2792,-0.2792,0.3656,3,0.2583,0.0000,0.2583,-0.3653,0.2692,IDLE,1,0,step_done_latches_cleared,0,0,0.000,0,nan,nan,nan,0.0000,0,5,0.6000,0.6151,0.1675,0.6151,-0.0151,本圈台阶完成,1,0.0000,0.150,0.330
5645.616,SEEK_CROSSWALK,1.192,0,2.731,0.8771,0.0000,vision,2.731,,,tracking,0.1896,0.2350,1,line_center_tracking,-0.2197,-0.2128,-0.2372,-0.3129,0.7162,5,0.0244,0.0757,0.1001,-0.2543,0.2350,IDLE,1,0,step_done_latches_cleared,0,0,0.000,0,nan,nan,nan,0.0000,0,5,0.6000,0.6151,0.1675,0.6151,-0.0151,本圈台阶完成,1,0.0000,0.150,0.330
5645.744,SEEK_CROSSWALK,1.320,0,2.731,0.0000,0.0000,vision,2.731,,,tracking,0.1700,0.1811,1,line_curve_center_riding,-0.1258,-0.1195,-0.2243,-0.3069,0.7067,5,0.1048,0.0826,0.1874,-0.2169,0.1811,IDLE,1,0,step_done_latches_cleared,0,0,0.000,0,nan,nan,nan,0.0000,0,5,0.6000,0.6151,0.1675,0.6151,-0.0151,本圈台阶完成,1,0.0000,0.150,0.330
5645.871,SEEK_CROSSWALK,1.448,0,2.731,0.9173,0.0000,vision,2.731,,,tracking,0.1700,0.1326,1,line_curve_center_riding,-0.0801,-0.0739,-0.1760,-0.2587,0.7082,5,0.1021,0.0827,0.1847,-0.1695,0.1326,IDLE,1,0,step_done_latches_cleared,0,0,0.000,0,nan,nan,nan,0.0000,0,5,0.6000,0.6151,0.1675,0.6151,-0.0151,本圈台阶完成,1,0.0000,0.150,0.330
5645.998,SEEK_CROSSWALK,1.575,0,2.731,0.8789,0.0000,vision,2.731,,,tracking,0.2180,0.0980,1,line_center_tracking,-0.0589,-0.0272,-0.1404,-0.1404,0.5226,3,0.1132,0.0000,0.1132,-0.1027,0.0980,IDLE,1,0,step_done_latches_cleared,0,0,0.000,0,nan,nan,nan,0.0000,0,5,0.6000,0.6151,0.1675,0.6151,-0.0151,本圈台阶完成,1,0.0000,0.150,0.330
5646.132,SEEK_CROSSWALK,1.709,0,2.731,0.8744,0.0000,vision,2.731,,,tracking,0.2270,0.0894,1,line_center_tracking,-0.0723,-0.0502,-0.1290,-0.2062,0.6225,4,0.0788,0.0772,0.1560,-0.1285,0.0894,IDLE,1,0,step_done_latches_cleared,0,0,0.000,0,nan,nan,nan,0.0000,0,5,0.6000,0.6151,0.1675,0.6151,-0.0151,本圈台阶完成,1,0.0000,0.150,0.330
5646.261,SEEK_CROSSWALK,1.838,0,2.731,0.0000,0.0000,vision,2.731,,,tracking,0.2310,0.0708,1,line_center_tracking,-0.0498,-0.0233,-0.1179,-0.1943,0.7150,5,0.0946,0.0764,0.1710,-0.1118,0.0708,IDLE,1,0,step_done_latches_cleared,0,0,0.000,0,nan,nan,nan,0.0000,0,5,0.6000,0.6151,0.1675,0.6151,-0.0151,本圈台阶完成,1,0.0000,0.150,0.330
5646.394,SEEK_CROSSWALK,1.971,0,2.731,0.0000,0.0000,vision,2.731,,,tracking,0.2332,0.0600,1,line_center_tracking,-0.0452,-0.0218,-0.1055,-0.1728,0.7139,5,0.0837,0.0673,0.1510,-0.1000,0.0600,IDLE,1,0,step_done_latches_cleared,0,0,0.000,0,nan,nan,nan,0.0000,0,5,0.6000,0.6151,0.1675,0.6151,-0.0151,本圈台阶完成,1,0.0000,0.150,0.330
5646.521,SEEK_CROSSWALK,2.098,0,2.731,0.0000,0.0000,vision,2.731,,,tracking,0.2353,0.0565,1,line_center_tracking,-0.0484,-0.0282,-0.1004,-0.1604,0.6277,4,0.0722,0.0600,0.1322,-0.0964,0.0565,IDLE,1,0,step_done_latches_cleared,0,0,0.000,0,nan,nan,nan,0.0000,0,5,0.6000,0.6151,0.1675,0.6151,-0.0151,本圈台阶完成,1,0.0000,0.150,0.330
5646.652,SEEK_CROSSWALK,2.228,0,2.731,0.0000,0.0000,vision,2.731,,,tracking,0.2360,0.0535,1,line_center_tracking,-0.0468,-0.0273,-0.0971,-0.1537,0.8965,7,0.0698,0.0566,0.1264,-0.0927,0.0535,IDLE,1,0,step_done_latches_cleared,0,0,0.000,0,nan,nan,nan,0.0000,0,5,0.6000,0.6151,0.1675,0.6151,-0.0151,本圈台阶完成,1,0.0000,0.150,0.330
5646.776,SEEK_CROSSWALK,2.353,0,2.731,0.0000,0.0000,vision,2.731,,,tracking,0.2361,0.0539,1,line_center_tracking,-0.0500,-0.0319,-0.0965,-0.1503,0.7190,5,0.0646,0.0538,0.1185,-0.0929,0.0539,IDLE,1,0,step_done_latches_cleared,0,0,0.000,0,nan,nan,nan,0.0000,0,5,0.6000,0.6151,0.1675,0.6151,-0.0151,本圈台阶完成,1,0.0000,0.150,0.330
5646.921,SEEK_CROSSWALK,2.497,0,2.731,0.0000,0.0000,vision,2.731,,,tracking,0.2356,0.0558,1,line_center_tracking,-0.0532,-0.0359,-0.0977,-0.1479,0.7210,5,0.0618,0.0502,0.1120,-0.0939,0.0558,IDLE,1,0,step_done_latches_cleared,0,0,0.000,0,nan,nan,nan,0.0000,0,5,0.6000,0.6151,0.1675,0.6151,-0.0151,本圈台阶完成,1,0.0000,0.150,0.330
5647.048,SEEK_CROSSWALK,2.625,0,2.731,0.0000,0.0000,vision,2.731,,,tracking,0.2357,0.0557,1,line_center_tracking,-0.0517,-0.0327,-0.1006,-0.1451,0.8091,6,0.0679,0.0445,0.1124,-0.0928,0.0557,IDLE,1,0,step_done_latches_cleared,0,0,0.000,0,nan,nan,nan,0.0000,0,5,0.6000,0.6151,0.1675,0.6151,-0.0151,本圈台阶完成,1,0.0000,0.150,0.330
5647.179,SEEK_CROSSWALK,2.756,0,2.731,0.0000,0.0000,vision,2.731,,,tracking,0.2340,0.0623,1,line_center_tracking,-0.0628,-0.0491,-0.0980,-0.1397,0.8133,6,0.0489,0.0418,0.0906,-0.0956,0.0623,IDLE,1,0,step_done_latches_cleared,0,0,0.000,0,nan,nan,nan,0.0000,0,5,0.6000,0.6151,0.1675,0.6151,-0.0151,本圈台阶完成,1,0.0000,0.150,0.330
5647.315,SEEK_CROSSWALK,2.892,0,2.731,0.0000,0.0000,vision,2.731,,,tracking,0.2333,0.0650,1,line_center_tracking,-0.0629,-0.0492,-0.0983,-0.1348,0.9015,7,0.0492,0.0365,0.0857,-0.0941,0.0650,IDLE,1,0,step_done_latches_cleared,0,0,0.000,0,nan,nan,nan,0.0000,0,5,0.6000,0.6151,0.1675,0.6151,-0.0151,本圈台阶完成,1,0.0000,0.150,0.330
5647.451,SEEK_CROSSWALK,3.028,0,2.731,0.0000,0.0000,vision,2.731,,,tracking,0.2319,0.0705,1,line_center_tracking,-0.0700,-0.0599,-0.0961,-0.1281,0.9045,7,0.0362,0.0320,0.0683,-0.0947,0.0705,IDLE,1,0,step_done_latches_cleared,0,0,0.000,0,nan,nan,nan,0.0000,0,5,0.6000,0.6151,0.1675,0.6151,-0.0151,本圈台阶完成,1,0.0000,0.150,0.330
5647.597,SEEK_CROSSWALK,3.173,0,2.731,0.0000,0.0000,vision,2.731,,,tracking,0.2318,0.0709,1,line_center_tracking,-0.0665,-0.0566,-0.0918,-0.1208,0.9925,8,0.0352,0.0290,0.0642,-0.0898,0.0709,IDLE,1,0,step_done_latches_cleared,0,0,0.000,0,nan,nan,nan,0.0000,0,5,0.6000,0.6151,0.1675,0.6151,-0.0151,本圈台阶完成,1,0.0000,0.150,0.330
5647.723,SEEK_CROSSWALK,3.300,0,2.731,0.0000,0.0000,vision,2.731,,,tracking,0.2320,0.0701,1,line_center_tracking,-0.0644,-0.0564,-0.0848,-0.1119,0.9936,8,0.0284,0.0271,0.0555,-0.0844,0.0701,IDLE,1,0,step_done_latches_cleared,0,0,0.000,0,nan,nan,nan,0.0000,0,5,0.6000,0.6151,0.1675,0.6151,-0.0151,本圈台阶完成,1,0.0000,0.150,0.330
5647.859,SEEK_CROSSWALK,3.436,0,2.731,0.0000,0.0000,vision,2.731,,,tracking,0.2330,0.0661,1,line_center_tracking,-0.0580,-0.0505,-0.0774,-0.1009,0.9940,8,0.0269,0.0235,0.0504,-0.0763,0.0661,IDLE,1,0,step_done_latches_cleared,0,0,0.000,0,nan,nan,nan,0.0000,0,5,0.6000,0.6151,0.1675,0.6151,-0.0151,本圈台阶完成,1,0.0000,0.150,0.330
5647.998,SEEK_CROSSWALK,3.575,0,2.731,0.0000,0.0000,vision,2.731,,,tracking,0.2353,0.0573,1,line_center_tracking,-0.0457,-0.0409,-0.0582,-0.0846,0.9919,8,0.0173,0.0264,0.0437,-0.0612,0.0573,IDLE,1,0,step_done_latches_cleared,0,0,0.000,0,nan,nan,nan,0.0000,0,5,0.6000,0.6151,0.1675,0.6151,-0.0151,本圈台阶完成,1,0.0000,0.150,0.330
5648.137,SEEK_CROSSWALK,3.714,0,2.731,0.0000,0.0000,vision,2.731,,,tracking,0.2374,0.0489,1,line_center_tracking,-0.0378,-0.0325,-0.0515,-0.0742,0.9947,8,0.0190,0.0227,0.0417,-0.0527,0.0489,IDLE,1,0,step_done_latches_cleared,0,0,0.000,0,nan,nan,nan,0.0000,0,5,0.6000,0.6151,0.1675,0.6151,-0.0151,本圈台阶完成,1,0.0000,0.150,0.330
5648.271,SEEK_CROSSWALK,3.848,0,2.731,0.0000,0.0000,vision,2.731,,,tracking,0.2401,0.0386,1,line_center_tracking,-0.0268,-0.0216,-0.0403,-0.0648,0.9940,8,0.0187,0.0245,0.0432,-0.0422,0.0386,IDLE,1,0,step_done_latches_cleared,0,0,0.000,0,nan,nan,nan,0.0000,0,5,0.6000,0.6151,0.1675,0.6151,-0.0151,本圈台阶完成,1,0.0000,0.150,0.330
5648.405,SEEK_CROSSWALK,3.981,0,2.731,0.0000,0.0000,vision,2.731,,,tracking,0.2425,0.0291,1,line_center_tracking,-0.0185,-0.0135,-0.0312,-0.0549,0.9941,8,0.0176,0.0237,0.0413,-0.0332,0.0291,IDLE,1,0,step_done_latches_cleared,0,0,0.000,0,nan,nan,nan,0.0000,0,5,0.6000,0.6151,0.1675,0.6151,-0.0151,本圈台阶完成,1,0.0000,0.150,0.330
5648.534,SEEK_CROSSWALK,4.111,0,2.731,0.0000,0.0000,vision,2.731,,,tracking,0.2446,0.0212,1,line_center_tracking,-0.0124,-0.0082,-0.0232,-0.0563,0.9924,8,0.0149,0.0331,0.0481,-0.0293,0.0212,IDLE,1,0,step_done_latches_cleared,0,0,0.000,0,nan,nan,nan,0.0000,0,5,0.6000,0.6151,0.1675,0.6151,-0.0151,本圈台阶完成,1,0.0000,0.150,0.330
5648.670,SEEK_CROSSWALK,4.247,0,2.731,0.0000,0.0000,vision,2.731,,,tracking,0.2459,0.0158,1,line_center_tracking,-0.0096,-0.0052,-0.0209,-0.0357,0.9090,7,0.0158,0.0148,0.0306,-0.0206,0.0158,IDLE,1,0,step_done_latches_cleared,0,0,0.000,0,nan,nan,nan,0.0000,0,5,0.6000,0.6151,0.1675,0.6151,-0.0151,本圈台阶完成,1,0.0000,0.150,0.330
5648.839,SEEK_CROSSWALK,4.415,0,2.731,0.0000,0.0000,vision,2.731,,,tracking,0.2436,0.0088,1,line_center_tracking,-0.0017,0.0020,-0.0111,-0.0554,0.9906,8,0.0131,0.0443,0.0574,-0.0215,0.0088,IDLE,1,0,step_done_latches_cleared,0,0,0.000,0,nan,nan,nan,0.0000,0,5,0.6000,0.6151,0.1675,0.6151,-0.0151,本圈台阶完成,1,0.0000,0.150,0.330
5648.988,SEEK_CROSSWALK,4.565,0,2.731,0.0000,0.0000,vision,2.731,,,tracking,0.2425,0.0032,1,line_center_tracking,0.0020,0.0058,-0.0075,-0.0618,0.9886,8,0.0133,0.0543,0.0676,-0.0212,0.0032,IDLE,1,0,step_done_latches_cleared,0,0,0.000,0,nan,nan,nan,0.0000,0,5,0.6000,0.6151,0.1675,0.6151,-0.0151,本圈台阶完成,1,0.0000,0.150,0.330
5649.114,SEEK_CROSSWALK,4.691,0,2.731,0.0000,0.0000,vision,2.731,,,tracking,0.2411,0.0009,1,line_center_tracking,0.0015,0.0050,-0.0076,-0.0726,0.9868,8,0.0126,0.0650,0.0776,-0.0251,0.0009,IDLE,1,0,step_done_latches_cleared,0,0,0.000,0,nan,nan,nan,0.0000,0,5,0.6000,0.6151,0.1675,0.6151,-0.0151,本圈台阶完成,1,0.0000,0.150,0.330
5649.243,SEEK_CROSSWALK,4.820,0,2.731,0.0000,0.0000,vision,2.731,,,tracking,0.2384,0.0010,1,line_center_tracking,-0.0007,0.0029,-0.0100,-0.0952,0.9830,8,0.0129,0.0852,0.0981,-0.0341,0.0010,IDLE,1,0,step_done_latches_cleared,0,0,0.000,0,nan,nan,nan,0.0000,0,5,0.6000,0.6151,0.1675,0.6151,-0.0151,本圈台阶完成,1,0.0000,0.150,0.330
5649.372,SEEK_CROSSWALK,4.949,0,2.731,0.0000,0.0000,vision,2.731,,,tracking,0.2343,0.0016,1,line_center_tracking,-0.0019,0.0016,-0.0108,-0.1257,0.9775,8,0.0124,0.1149,0.1273,-0.0449,0.0016,IDLE,1,0,step_done_latches_cleared,0,0,0.000,0,nan,nan,nan,0.0000,0,5,0.6000,0.6151,0.1675,0.6151,-0.0151,本圈台阶完成,1,0.0000,0.150,0.330
5649.533,SEEK_CROSSWALK,5.110,0,2.731,0.0000,0.0000,vision,2.731,,,tracking,0.2362,0.0047,1,line_center_tracking,-0.0070,-0.0035,-0.0161,-0.1173,0.9807,8,0.0125,0.1012,0.1138,-0.0456,0.0047,IDLE,1,0,step_done_latches_cleared,0,0,0.000,0,nan,nan,nan,0.0000,0,5,0.6000,0.6151,0.1675,0.6151,-0.0151,本圈台阶完成,1,0.0000,0.150,0.330
5649.671,SEEK_CROSSWALK,5.247,0,2.731,0.0000,0.0000,vision,2.731,,,tracking,0.2346,0.0064,1,line_center_tracking,-0.0074,-0.0040,-0.0164,-0.1291,0.9786,8,0.0124,0.1128,0.1252,-0.0498,0.0064,IDLE,1,0,step_done_latches_cleared,0,0,0.000,0,nan,nan,nan,0.0000,0,5,0.6000,0.6151,0.1675,0.6151,-0.0151,本圈台阶完成,1,0.0000,0.150,0.330
5649.815,SEEK_CROSSWALK,5.392,0,2.731,0.0000,0.0000,vision,2.731,,,tracking,0.2333,0.0099,1,line_center_tracking,-0.0121,-0.0086,-0.0213,-0.1436,0.9770,8,0.0128,0.1223,0.1350,-0.0578,0.0099,IDLE,1,0,step_done_latches_cleared,0,0,0.000,0,nan,nan,nan,0.0000,0,5,0.6000,0.6151,0.1675,0.6151,-0.0151,本圈台阶完成,1,0.0000,0.150,0.330
5649.948,SEEK_CROSSWALK,5.525,0,2.731,0.0000,0.0000,vision,2.731,,,tracking,0.2326,0.0141,1,line_center_tracking,-0.0166,-0.0127,-0.0266,-0.1538,0.9760,8,0.0139,0.1272,0.1411,-0.0644,0.0141,IDLE,1,0,step_done_latches_cleared,0,0,0.000,0,nan,nan,nan,0.0000,0,5,0.6000,0.6151,0.1675,0.6151,-0.0151,本圈台阶完成,1,0.0000,0.150,0.330
5650.083,SEEK_CROSSWALK,5.660,0,2.731,0.0000,0.0000,vision,2.731,,,tracking,0.2312,0.0143,1,line_center_tracking,-0.0139,-0.0098,-0.0243,-0.1616,0.9745,8,0.0144,0.1373,0.1517,-0.0652,0.0143,IDLE,1,0,step_done_latches_cleared,0,0,0.000,0,nan,nan,nan,0.0000,0,5,0.6000,0.6151,0.1675,0.6151,-0.0151,本圈台阶完成,1,0.0000,0.150,0.330
5650.215,SEEK_CROSSWALK,5.791,0,2.731,0.0000,0.0000,vision,2.731,,,tracking,0.2301,0.0136,1,line_center_tracking,-0.0120,-0.0074,-0.0240,-0.1691,0.9733,8,0.0166,0.1452,0.1618,-0.0668,0.0136,IDLE,1,0,step_done_latches_cleared,0,0,0.000,0,nan,nan,nan,0.0000,0,5,0.6000,0.6151,0.1675,0.6151,-0.0151,本圈台阶完成,1,0.0000,0.150,0.330
5650.351,SEEK_CROSSWALK,5.928,0,2.731,0.0000,0.0000,vision,2.731,,,tracking,0.1795,0.0080,1,line_curve_center_riding,-0.0030,-0.0019,-0.0208,-0.1763,0.9715,8,0.0190,0.1555,0.1744,-0.0663,0.0080,IDLE,1,0,step_done_latches_cleared,0,0,0.000,0,nan,nan,nan,0.0000,0,5,0.6000,0.6151,0.1675,0.6151,-0.0151,本圈台阶完成,1,0.0000,0.150,0.330
5650.483,SEEK_CROSSWALK,6.060,0,2.731,0.0000,0.0000,vision,2.731,,,tracking,0.2297,0.0073,1,line_center_tracking,-0.0057,-0.0000,-0.0202,-0.1603,0.9754,8,0.0202,0.1401,0.1603,-0.0602,0.0073,IDLE,1,0,step_done_latches_cleared,0,0,0.000,0,nan,nan,nan,0.0000,0,5,0.6000,0.6151,0.1675,0.6151,-0.0151,本圈台阶完成,1,0.0000,0.150,0.330
5650.641,SEEK_CROSSWALK,6.217,0,2.731,0.0000,0.0000,vision,2.731,,,tracking,0.1790,0.0007,1,line_curve_center_riding,0.0048,0.0062,-0.0170,-0.2004,0.9674,8,0.0232,0.1834,0.2066,-0.0704,0.0007,IDLE,1,0,step_done_latches_cleared,0,0,0.000,0,nan,nan,nan,0.0000,0,5,0.6000,0.6151,0.1675,0.6151,-0.0151,本圈台阶完成,1,0.0000,0.150,0.330
5650.792,SEEK_CROSSWALK,6.369,0,2.731,0.0000,0.0000,vision,2.731,,,tracking,0.1700,-0.0036,1,line_curve_center_riding,0.0073,0.0089,-0.0183,-0.2240,0.9643,8,0.0273,0.2056,0.2329,-0.0778,-0.0036,IDLE,1,0,step_done_latches_cleared,0,0,0.000,0,nan,nan,nan,0.0000,0,5,0.6000,0.6151,0.1675,0.6151,-0.0151,本圈台阶完成,1,0.0000,0.150,0.330
5650.941,SEEK_CROSSWALK,6.517,0,2.731,0.0000,0.0000,vision,2.731,,,tracking,0.1700,-0.0069,1,line_curve_center_riding,0.0094,0.0115,-0.0229,-0.2463,0.9623,8,0.0344,0.2234,0.2578,-0.0859,-0.0069,IDLE,1,0,step_done_latches_cleared,0,0,0.000,0,nan,nan,nan,0.0000,0,5,0.6000,0.6151,0.1675,0.6151,-0.0151,本圈台阶完成,1,0.0000,0.150,0.330
5651.083,SEEK_CROSSWALK,6.660,0,2.731,0.0000,0.0000,vision,2.731,,,tracking,0.1700,-0.0108,1,line_curve_center_riding,0.0134,0.0157,-0.0228,-0.3449,0.9427,8,0.0385,0.3222,0.3607,-0.1173,-0.0108,IDLE,1,0,step_done_latches_cleared,0,0,0.000,0,nan,nan,nan,0.0000,0,5,0.6000,0.6151,0.1675,0.6151,-0.0151,本圈台阶完成,1,0.0000,0.150,0.330
5651.226,SEEK_CROSSWALK,6.803,0,2.731,0.0000,0.0000,vision,2.731,,,tracking,0.1700,-0.0093,1,line_curve_center_riding,0.0077,0.0116,-0.0533,-0.2762,0.7972,6,0.0649,0.2229,0.2879,-0.1060,-0.0093,IDLE,1,0,step_done_latches_cleared,0,0,0.000,0,nan,nan,nan,0.0000,0,5,0.6000,0.6151,0.1675,0.6151,-0.0151,本圈台阶完成,1,0.0000,0.150,0.330
5651.362,SEEK_CROSSWALK,6.939,0,2.731,0.0000,0.0000,vision,2.731,,,tracking,0.1700,-0.0137,1,line_curve_center_riding,0.0160,0.0213,-0.0668,-0.3539,0.8691,7,0.0882,0.2871,0.3752,-0.1331,-0.0137,IDLE,1,0,step_done_latches_cleared,0,0,0.000,0,nan,nan,nan,0.0000,0,5,0.6000,0.6151,0.1675,0.6151,-0.0151,本圈台阶完成,1,0.0000,0.150,0.330
5651.492,SEEK_CROSSWALK,7.069,0,2.731,0.0000,0.0000,vision,2.731,,,tracking,0.1450,-0.0122,1,line_curve_center_riding,0.0105,0.0172,-0.0946,-0.4228,0.8659,7,0.1118,0.3283,0.4400,-0.1667,-0.0122,IDLE,1,0,step_done_latches_cleared,0,0,0.000,0,nan,nan,nan,0.0000,0,5,0.6000,0.6151,0.1675,0.6151,-0.0151,本圈台阶完成,1,0.0000,0.150,0.330
5651.630,SEEK_CROSSWALK,7.207,0,2.731,0.0000,0.0000,vision,2.731,,,tracking,0.1450,-0.0083,1,line_curve_center_riding,0.0045,0.0128,-0.1257,-0.4875,0.8609,7,0.1385,0.3618,0.5003,-0.2001,-0.0083,IDLE,1,0,step_done_latches_cleared,0,0,0.000,0,nan,nan,nan,0.0000,0,5,0.6000,0.6151,0.1675,0.6151,-0.0151,本圈台阶完成,1,0.0000,0.150,0.330
5651.771,SEEK_CROSSWALK,7.347,0,2.731,0.0000,0.0000,vision,2.731,,,tracking,0.1450,-0.0022,1,line_curve_center_riding,-0.0031,0.0085,-0.1850,-0.7054,0.8379,7,0.1935,0.5204,0.7139,-0.2940,-0.0022,IDLE,1,0,step_done_latches_cleared,0,0,0.000,0,nan,nan,nan,0.0000,0,5,0.6000,0.6151,0.1675,0.6151,-0.0151,本圈台阶完成,1,0.0000,0.150,0.330
5651.919,SEEK_CROSSWALK,7.496,0,2.731,0.0000,0.0000,vision,2.731,,,tracking,0.1450,0.0124,1,line_curve_center_riding,-0.0238,-0.0111,-0.2233,-0.4944,0.7648,6,0.2123,0.2710,0.4833,-0.2429,0.0124,IDLE,1,0,step_done_latches_cleared,0,0,0.000,0,nan,nan,nan,0.0000,0,5,0.6000,0.6151,0.1675,0.6151,-0.0151,本圈台阶完成,1,0.0000,0.150,0.330
5652.064,SEEK_CROSSWALK,7.641,0,2.731,0.0000,0.0000,vision,2.731,,,tracking,0.1450,0.0391,1,line_curve_center_riding,-0.0589,-0.0431,-0.3065,-0.5743,0.7572,6,0.2633,0.2679,0.5312,-0.3080,0.0391,IDLE,1,0,step_done_latches_cleared,0,0,0.000,0,nan,nan,nan,0.0000,0,5,0.6000,0.6151,0.1675,0.6151,-0.0151,本圈台阶完成,1,0.0000,0.150,0.330
5652.197,SEEK_CROSSWALK,7.773,0,2.731,0.0000,0.0000,vision,2.731,,,tracking,0.1450,0.0617,1,line_curve_center_riding,-0.0772,-0.0569,-0.3950,-0.7674,0.7345,6,0.3382,0.3724,0.7106,-0.4064,0.0617,IDLE,1,0,step_done_latches_cleared,0,0,0.000,0,nan,nan,nan,0.0000,0,5,0.6000,0.6151,0.1675,0.6151,-0.0151,本圈台阶完成,1,0.0000,0.150,0.330
5652.330,SEEK_CROSSWALK,7.907,0,2.731,0.0000,0.0000,vision,2.731,,,tracking,0.1450,0.0965,1,line_curve_center_riding,-0.1191,-0.0998,-0.4203,-0.4818,0.6725,5,0.3205,0.0615,0.3820,-0.3340,0.0965,IDLE,1,0,step_done_latches_cleared,0,0,0.000,0,nan,nan,nan,0.0000,0,5,0.6000,0.6151,0.1675,0.6151,-0.0151,本圈台阶完成,1,0.0000,0.150,0.330
5652.464,SEEK_CROSSWALK,8.040,0,2.731,0.0000,0.0000,vision,2.731,,,tracking,0.1450,0.1337,1,line_curve_center_riding,-0.1564,-0.1361,-0.4751,-0.5350,0.6691,5,0.3390,0.0599,0.3989,-0.3821,0.1337,IDLE,1,0,step_done_latches_cleared,0,0,0.000,0,nan,nan,nan,0.0000,0,5,0.6000,0.6151,0.1675,0.6151,-0.0151,本圈台阶完成,1,0.0000,0.150,0.330
5652.596,SEEK_CROSSWALK,8.173,0,2.731,0.0000,0.0000,vision,2.731,,,tracking,0.1700,0.1516,1,line_curve_center_riding,-0.1582,-0.1450,-0.3640,-0.3640,0.5939,4,0.2190,0.0000,0.2190,-0.2910,0.1516,IDLE,1,0,step_done_latches_cleared,0,0,0.000,0,nan,nan,nan,0.0000,0,5,0.6000,0.6151,0.1675,0.6151,-0.0151,本圈台阶完成,1,0.0000,0.150,0.330
5652.735,SEEK_CROSSWALK,8.312,0,2.731,0.0000,0.0000,vision,2.731,,,tracking,0.1450,0.1679,1,line_curve_center_riding,-0.1705,-0.1411,-0.6305,-0.7441,0.6351,5,0.4894,0.1136,0.6030,-0.5052,0.1679,IDLE,1,0,step_done_latches_cleared,0,0,0.000,0,nan,nan,nan,0.0000,0,5,0.6000,0.6151,0.1675,0.6151,-0.0151,本圈台阶完成,1,0.0000,0.150,0.330
5652.879,SEEK_CROSSWALK,8.456,0,2.731,0.0000,0.0000,vision,2.731,,,tracking,0.1450,0.1804,1,line_curve_center_riding,-0.1787,-0.1477,-0.6643,-0.7755,0.6323,5,0.5166,0.1112,0.6278,-0.5292,0.1804,IDLE,1,0,step_done_latches_cleared,0,0,0.000,0,nan,nan,nan,0.0000,0,5,0.6000,0.6151,0.1675,0.6151,-0.0151,本圈台阶完成,1,0.0000,0.150,0.330
5653.010,SEEK_CROSSWALK,8.587,0,2.731,0.0000,0.0000,vision,2.731,,,tracking,0.1450,0.1758,1,line_curve_center_riding,-0.1604,-0.1268,-0.6872,-0.8068,0.5182,4,0.5604,0.1197,0.6800,-0.5402,0.1758,IDLE,1,0,step_done_latches_cleared,0,0,0.000,0,nan,nan,nan,0.0000,0,5,0.6000,0.6151,0.1675,0.6151,-0.0151,本圈台阶完成,1,0.0000,0.150,0.330
5653.149,SEEK_CROSSWALK,8.725,0,2.731,0.0000,0.0000,vision,2.731,,,tracking,0.1450,0.1698,1,line_curve_center_riding,-0.1522,-0.1346,-0.4270,-0.4270,0.5735,4,0.2924,0.0000,0.2924,-0.3296,0.1698,IDLE,1,0,step_done_latches_cleared,0,0,0.000,0,nan,nan,nan,0.0000,0,5,0.6000,0.6151,0.1675,0.6151,-0.0151,本圈台阶完成,1,0.0000,0.150,0.330
5653.286,SEEK_CROSSWALK,8.863,0,2.731,0.0000,0.0000,vision,2.731,,,tracking,0.1957,0.1733,1,line_center_tracking,-0.1627,-0.1293,-0.2487,-0.2487,0.5019,3,0.1194,0.0000,0.1194,-0.2089,0.1733,IDLE,1,0,step_done_latches_cleared,0,0,0.000,0,nan,nan,nan,0.0000,0,5,0.6000,0.6151,0.1675,0.6151,-0.0151,本圈台阶完成,1,0.0000,0.150,0.330
5653.422,SEEK_CROSSWALK,8.998,0,2.731,0.0000,0.0000,vision,2.731,,,tracking,0.2074,0.1657,1,line_center_tracking,-0.1476,-0.1173,-0.2253,-0.2253,0.3913,2,0.1080,0.0000,0.1080,-0.1893,0.1657,IDLE,1,0,step_done_latches_cleared,0,0,0.000,0,nan,nan,nan,0.0000,0,5,0.6000,0.6151,0.1675,0.6151,-0.0151,本圈台阶完成,1,0.0000,0.150,0.330
5653.552,SEEK_CROSSWALK,9.129,0,2.731,0.0000,0.0000,vision,2.731,,,tracking,0.1577,0.1474,1,line_curve_center_riding,-0.1215,-0.1041,-0.3938,-0.3938,0.5773,4,0.2896,0.0000,0.2896,-0.2972,0.1474,IDLE,1,0,step_done_latches_cleared,0,0,0.000,0,nan,nan,nan,0.0000,0,5,0.6000,0.6151,0.1675,0.6151,-0.0151,本圈台阶完成,1,0.0000,0.150,0.330
5653.690,SEEK_CROSSWALK,9.267,0,2.731,0.0000,0.0000,vision,2.731,,,tracking,0.1700,0.1255,1,line_curve_center_riding,-0.0971,-0.0877,-0.2431,-0.2431,0.4858,3,0.1554,0.0000,0.1554,-0.1913,0.1255,IDLE,1,0,step_done_latches_cleared,0,0,0.000,0,nan,nan,nan,0.0000,0,5,0.6000,0.6151,0.1675,0.6151,-0.0151,本圈台阶完成,1,0.0000,0.150,0.330
5653.831,SEEK_CROSSWALK,9.408,0,2.731,0.0000,0.0000,vision,2.731,,,tracking,0.1404,0.1074,1,line_curve_center_riding,-0.0829,-0.0444,-0.6855,-0.8064,0.5085,4,0.6411,0.1209,0.7620,-0.5121,0.1074,IDLE,1,0,step_done_latches_cleared,0,0,0.000,0,nan,nan,nan,0.0000,0,5,0.6000,0.6151,0.1675,0.6151,-0.0151,本圈台阶完成,1,0.0000,0.150,0.330
5653.958,SEEK_CROSSWALK,9.534,0,2.731,0.0000,0.0000,vision,2.731,,,tracking,0.1700,0.0871,1,line_curve_center_riding,-0.0632,-0.0550,-0.1920,-0.1920,0.4954,3,0.1370,0.0000,0.1370,-0.1464,0.0871,IDLE,1,0,step_done_latches_cleared,0,0,0.000,0,nan,nan,nan,0.0000,0,5,0.6000,0.6151,0.1675,0.6151,-0.0151,本圈台阶完成,1,0.0000,0.150,0.330
5654.088,SEEK_CROSSWALK,9.664,0,2.731,0.0000,0.0000,vision,2.731,,,tracking,0.2194,0.0750,1,line_center_tracking,-0.0579,-0.0289,-0.1324,-0.1324,0.5104,3,0.1035,0.0000,0.1035,-0.0979,0.0750,IDLE,1,0,step_done_latches_cleared,0,0,0.000,0,nan,nan,nan,0.0000,0,5,0.6000,0.6151,0.1675,0.6151,-0.0151,本圈台阶完成,1,0.0000,0.150,0.330
5654.225,SEEK_CROSSWALK,9.802,0,2.731,0.0000,0.0000,vision,2.731,,,tracking,0.1688,0.0643,1,line_curve_center_riding,-0.0497,-0.0146,-0.6002,-0.7039,0.6218,5,0.5856,0.1037,0.6893,-0.4396,0.0643,IDLE,1,0,step_done_latches_cleared,0,0,0.000,0,nan,nan,nan,0.0000,0,5,0.6000,0.6151,0.1675,0.6151,-0.0151,本圈台阶完成,1,0.0000,0.150,0.330
5654.366,SEEK_CROSSWALK,9.943,0,2.731,0.0000,0.0000,vision,2.731,,,tracking,0.1450,0.0644,1,line_curve_center_riding,-0.0586,-0.0343,-0.4389,-0.4389,0.5528,4,0.4046,0.0000,0.4046,-0.3040,0.0644,IDLE,1,0,step_done_latches_cleared,0,0,0.000,0,nan,nan,nan,0.0000,0,5,0.6000,0.6151,0.1675,0.6151,-0.0151,本圈台阶完成,1,0.0000,0.150,0.330
5654.496,SEEK_CROSSWALK,10.073,0,2.731,0.0000,0.0000,vision,2.731,,,tracking,0.1450,0.0744,1,line_curve_center_riding,-0.0767,-0.0407,-0.6406,-0.7837,0.6149,5,0.5999,0.1431,0.7430,-0.4883,0.0744,IDLE,1,0,step_done_latches_cleared,0,0,0.000,0,nan,nan,nan,0.0000,0,5,0.6000,0.6151,0.1675,0.6151,-0.0151,本圈台阶完成,1,0.0000,0.150,0.330
5654.631,SEEK_CROSSWALK,10.207,0,2.731,0.0000,0.0000,vision,2.731,,,tracking,0.1450,0.0849,1,line_curve_center_riding,-0.0877,-0.0668,-0.4152,-0.4152,0.5665,4,0.3484,0.0000,0.3484,-0.2991,0.0849,IDLE,1,0,step_done_latches_cleared,0,0,0.000,0,nan,nan,nan,0.0000,0,5,0.6000,0.6151,0.1675,0.6151,-0.0151,本圈台阶完成,1,0.0000,0.150,0.330
5654.778,SEEK_CROSSWALK,10.355,0,2.731,0.0000,0.0000,vision,2.731,,,tracking,0.1450,0.1304,1,line_curve_center_riding,-0.1586,-0.1352,-0.5252,-0.5252,0.4396,3,0.3900,0.0000,0.3900,-0.3952,0.1304,IDLE,1,0,step_done_latches_cleared,0,0,0.000,0,nan,nan,nan,0.0000,0,5,0.6000,0.6151,0.1675,0.6151,-0.0151,本圈台阶完成,1,0.0000,0.150,0.330
5654.907,SEEK_CROSSWALK,10.484,0,2.731,0.0000,0.0000,vision,2.731,,,tracking,0.1450,0.1408,1,line_curve_center_riding,-0.1423,-0.1174,-0.5324,-0.5324,0.5437,4,0.4150,0.0000,0.4150,-0.3940,0.1408,IDLE,1,0,step_done_latches_cleared,0,0,0.000,0,nan,nan,nan,0.0000,0,5,0.6000,0.6151,0.1675,0.6151,-0.0151,本圈台阶完成,1,0.0000,0.150,0.330
5655.045,SEEK_CROSSWALK,10.622,0,2.731,0.0000,0.0000,vision,2.731,,,tracking,0.1450,0.1537,1,line_curve_center_riding,-0.1539,-0.1275,-0.5681,-0.5681,0.5438,4,0.4406,0.0000,0.4406,-0.4212,0.1537,IDLE,1,0,step_done_latches_cleared,0,0,0.000,0,nan,nan,nan,0.0000,0,5,0.6000,0.6151,0.1675,0.6151,-0.0151,本圈台阶完成,1,0.0000,0.150,0.330
5655.180,SEEK_CROSSWALK,10.757,0,2.731,0.0000,0.0000,vision,2.731,,,tracking,0.1700,0.1750,1,line_curve_center_riding,-0.1802,-0.1664,-0.3969,-0.3969,0.4562,3,0.2305,0.0000,0.2305,-0.3200,0.1750,IDLE,1,0,step_done_latches_cleared,0,0,0.000,0,nan,nan,nan,0.0000,0,5,0.6000,0.6151,0.1675,0.6151,-0.0151,本圈台阶完成,1,0.0000,0.150,0.330
5655.303,SEEK_CROSSWALK,10.880,0,2.731,0.0000,0.0000,vision,2.731,,,tracking,0.1996,0.1961,1,line_center_tracking,-0.1998,-0.1901,-0.2248,-0.2248,0.3773,2,0.0347,0.0000,0.0347,-0.2133,0.1961,IDLE,1,0,step_done_latches_cleared,0,0,0.000,0,nan,nan,nan,0.0000,0,5,0.6000,0.6151,0.1675,0.6151,-0.0151,本圈台阶完成,1,0.0000,0.150,0.330
5655.435,SEEK_CROSSWALK,11.011,0,2.731,0.0000,0.0000,vision,2.731,,,tracking,0.1700,0.2154,1,line_curve_center_riding,-0.2169,-0.2015,-0.4578,-0.4578,0.4379,3,0.2563,0.0000,0.2563,-0.3724,0.2154,IDLE,1,0,step_done_latches_cleared,0,0,0.000,0,nan,nan,nan,0.0000,0,5,0.6000,0.6151,0.1675,0.6151,-0.0151,本圈台阶完成,1,0.0000,0.150,0.330
5655.563,SEEK_CROSSWALK,11.140,0,2.731,0.0000,0.0000,vision,2.731,,,tracking,0.1700,0.2623,1,line_curve_center_riding,-0.2815,-0.2677,-0.4980,-0.4980,0.4521,3,0.2303,0.0000,0.2303,-0.4212,0.2623,IDLE,1,0,step_done_latches_cleared,0,0,0.000,0,nan,nan,nan,0.0000,0,5,0.6000,0.6151,0.1675,0.6151,-0.0151,本圈台阶完成,1,0.0000,0.150,0.330
5655.704,SEEK_CROSSWALK,11.281,0,2.731,0.0000,0.0000,vision,2.731,,,tracking,0.1726,0.3009,1,line_center_tracking,-0.3139,-0.3051,-0.3365,-0.3365,0.3866,2,0.0314,0.0000,0.0314,-0.3260,0.3009,IDLE,1,0,step_done_latches_cleared,0,0,0.000,0,nan,nan,nan,0.0000,0,5,0.6000,0.6151,0.1675,0.6151,-0.0151,本圈台阶完成,1,0.0000,0.150,0.330
5655.835,SEEK_CROSSWALK,11.412,0,2.731,0.0000,0.0000,vision,2.731,,,tracking,0.1450,0.3688,1,line_curve_center_riding,-0.3986,-0.3811,-0.6726,-0.6726,0.4206,3,0.2915,0.0000,0.2915,-0.5755,0.3688,IDLE,1,0,step_done_latches_cleared,0,0,0.000,0,nan,nan,nan,0.0000,0,5,0.6000,0.6151,0.1675,0.6151,-0.0151,本圈台阶完成,1,0.0000,0.150,0.330
5655.967,SEEK_CROSSWALK,11.544,0,2.731,0.0000,0.0000,vision,2.731,,,tracking,0.1402,0.4271,1,line_curve_center_riding,-0.4477,-0.4298,-0.7281,-0.7281,0.4223,3,0.2983,0.0000,0.2983,-0.6287,0.4271,IDLE,1,0,step_done_latches_cleared,0,0,0.000,0,nan,nan,nan,0.0000,0,5,0.6000,0.6151,0.1675,0.6151,-0.0151,本圈台阶完成,1,0.0000,0.150,0.330
5656.096,SEEK_CROSSWALK,11.673,0,2.731,0.0000,0.0000,vision,2.731,,,tracking,0.1338,0.4520,1,line_center_tracking,-0.4439,-0.4347,-0.4675,-0.4675,0.3827,2,0.0328,0.0000,0.0328,-0.4566,0.4520,IDLE,1,0,step_done_latches_cleared,0,0,0.000,0,nan,nan,nan,0.0000,0,5,0.6000,0.6151,0.1675,0.6151,-0.0151,本圈台阶完成,1,0.0000,0.150,0.330
5656.238,SEEK_CROSSWALK,11.815,0,2.731,0.0000,0.0000,vision,2.731,,,tracking,0.1241,0.4897,1,line_center_tracking,-0.4866,-0.4794,-0.5050,-0.5050,0.4029,2,0.0256,0.0000,0.0256,-0.4965,0.4897,IDLE,1,0,step_done_latches_cleared,0,0,0.000,0,nan,nan,nan,0.0000,0,5,0.6000,0.6151,0.1675,0.6151,-0.0151,本圈台阶完成,1,0.0000,0.150,0.330
5656.385,SEEK_CROSSWALK,11.962,0,2.731,0.0000,0.0000,vision,2.731,,,line_bridge_loss,0.0734,0.1959,0,line_too_few_bands,0.0000,0.0000,0.0000,0.0000,0.0000,0,0.0000,0.0000,0.0000,0.0000,0.1959,IDLE,1,0,step_done_latches_cleared,0,0,0.000,0,nan,nan,nan,0.0000,0,5,0.6000,0.6151,0.1675,0.6151,-0.0151,本圈台阶完成,1,0.0000,0.150,0.330
5656.517,SEEK_CROSSWALK,12.094,0,2.731,0.0000,0.0000,vision,2.731,,,tracking,0.1050,0.5259,1,line_hard_turn_centering,-0.6228,-0.6182,-0.6644,-0.6644,0.3449,2,0.0463,0.0000,0.0463,-0.6490,0.5259,IDLE,1,0,step_done_latches_cleared,0,0,0.000,0,nan,nan,nan,0.0000,0,5,0.6000,0.6151,0.1675,0.6151,-0.0151,本圈台阶完成,1,0.0000,0.150,0.330
5656.674,SEEK_CROSSWALK,12.250,0,2.731,0.0000,0.0000,vision,2.731,,,line_bridge_loss,0.0543,0.2240,0,line_too_few_bands,0.0000,0.0000,0.0000,0.0000,0.0000,0,0.0000,0.0000,0.0000,0.0000,0.2240,IDLE,1,0,step_done_latches_cleared,0,0,0.000,0,nan,nan,nan,0.0000,0,5,0.6000,0.6151,0.1675,0.6151,-0.0151,本圈台阶完成,1,0.0000,0.150,0.330
5656.831,SEEK_CROSSWALK,12.407,0,2.731,0.0000,0.0000,vision,2.731,,,line_bridge_loss,0.0350,0.2240,0,line_too_few_bands,0.0000,0.0000,0.0000,0.0000,0.0000,0,0.0000,0.0000,0.0000,0.0000,0.2240,IDLE,1,0,step_done_latches_cleared,0,0,0.000,0,nan,nan,nan,0.0000,0,5,0.6000,0.6151,0.1675,0.6151,-0.0151,本圈台阶完成,1,0.0000,0.150,0.330
5656.975,SEEK_CROSSWALK,12.552,0,2.731,0.0000,0.0000,vision,2.731,,,line_loss_hold,0.0000,0.0000,0,line_too_few_bands,0.0000,0.0000,0.0000,0.0000,0.0000,0,0.0000,0.0000,0.0000,0.0000,0.0000,IDLE,1,0,step_done_latches_cleared,0,0,0.000,0,nan,nan,nan,0.0000,0,5,0.6000,0.6151,0.1675,0.6151,-0.0151,本圈台阶完成,1,0.0000,0.150,0.330
5657.128,SEEK_CROSSWALK,12.705,0,2.731,0.0000,0.0000,vision,2.731,,,line_loss_hold,0.0000,0.0000,0,line_too_few_bands,0.0000,0.0000,0.0000,0.0000,0.0000,0,0.0000,0.0000,0.0000,0.0000,0.0000,IDLE,1,0,step_done_latches_cleared,0,0,0.000,0,nan,nan,nan,0.0000,0,5,0.6000,0.6151,0.1675,0.6151,-0.0151,本圈台阶完成,1,0.0000,0.150,0.330
5657.270,SEEK_CROSSWALK,12.846,0,2.731,0.0000,0.0000,vision,2.731,,,line_loss_hold,0.0000,0.0000,0,line_too_few_bands,0.0000,0.0000,0.0000,0.0000,0.0000,0,0.0000,0.0000,0.0000,0.0000,0.0000,IDLE,1,0,step_done_latches_cleared,0,0,0.000,0,nan,nan,nan,0.0000,0,5,0.6000,0.6151,0.1675,0.6151,-0.0151,本圈台阶完成,1,0.0000,0.150,0.330
5657.395,SEEK_CROSSWALK,12.972,0,2.731,0.0000,0.0000,vision,2.731,,,line_lost_stop,0.0000,0.0000,0,line_too_few_bands,0.0000,0.0000,0.0000,0.0000,0.0000,0,0.0000,0.0000,0.0000,0.0000,0.0000,IDLE,1,0,step_done_latches_cleared,0,0,0.000,0,nan,nan,nan,0.0000,0,5,0.6000,0.6151,0.1675,0.6151,-0.0151,本圈台阶完成,1,0.0000,0.150,0.330
5657.539,SEEK_CROSSWALK,13.115,0,2.731,0.0000,0.0000,vision,2.731,,,line_lost_stop,0.0000,0.0000,0,line_too_few_bands,0.0000,0.0000,0.0000,0.0000,0.0000,0,0.0000,0.0000,0.0000,0.0000,0.0000,IDLE,1,0,step_done_latches_cleared,0,0,0.000,0,nan,nan,nan,0.0000,0,5,0.6000,0.6151,0.1675,0.6151,-0.0151,本圈台阶完成,1,0.0000,0.150,0.330
5657.662,SEEK_CROSSWALK,13.239,0,2.731,0.0000,0.0000,vision,2.731,,,line_lost_stop,0.0000,0.0000,0,line_too_few_bands,0.0000,0.0000,0.0000,0.0000,0.0000,0,0.0000,0.0000,0.0000,0.0000,0.0000,IDLE,1,0,step_done_latches_cleared,0,0,0.000,0,nan,nan,nan,0.0000,0,5,0.6000,0.6151,0.1675,0.6151,-0.0151,本圈台阶完成,1,0.0000,0.150,0.330
5657.804,SEEK_CROSSWALK,13.381,0,2.731,0.0000,0.0000,vision,2.731,,,line_lost_stop,0.0000,0.0000,0,line_too_few_bands,0.0000,0.0000,0.0000,0.0000,0.0000,0,0.0000,0.0000,0.0000,0.0000,0.0000,IDLE,1,0,step_done_latches_cleared,0,0,0.000,0,nan,nan,nan,0.0000,0,5,0.6000,0.6151,0.1675,0.6151,-0.0151,本圈台阶完成,1,0.0000,0.150,0.330
5657.931,SEEK_CROSSWALK,13.508,0,2.731,0.0000,0.0000,vision,2.731,,,line_lost_stop,0.0000,0.0000,0,line_too_few_bands,0.0000,0.0000,0.0000,0.0000,0.0000,0,0.0000,0.0000,0.0000,0.0000,0.0000,IDLE,1,0,step_done_latches_cleared,0,0,0.000,0,nan,nan,nan,0.0000,0,5,0.6000,0.6151,0.1675,0.6151,-0.0151,本圈台阶完成,1,0.0000,0.150,0.330
5658.056,SEEK_CROSSWALK,13.632,0,2.731,0.0000,0.0000,vision,2.731,,,line_lost_stop,0.0000,0.0000,0,line_too_few_bands,0.0000,0.0000,0.0000,0.0000,0.0000,0,0.0000,0.0000,0.0000,0.0000,0.0000,IDLE,1,0,step_done_latches_cleared,0,0,0.000,0,nan,nan,nan,0.0000,0,5,0.6000,0.6151,0.1675,0.6151,-0.0151,本圈台阶完成,1,0.0000,0.150,0.330
5658.182,SEEK_CROSSWALK,13.758,0,2.731,0.0000,0.0000,vision,2.731,,,line_lost_stop,0.0000,0.0000,0,line_too_few_bands,0.0000,0.0000,0.0000,0.0000,0.0000,0,0.0000,0.0000,0.0000,0.0000,0.0000,IDLE,1,0,step_done_latches_cleared,0,0,0.000,0,nan,nan,nan,0.0000,0,5,0.6000,0.6151,0.1675,0.6151,-0.0151,本圈台阶完成,1,0.0000,0.150,0.330
5658.307,SEEK_CROSSWALK,13.883,0,2.731,0.0000,0.0000,vision,2.731,,,tracking,0.0475,0.3124,1,line_edge_single_rescue,-0.7682,-0.7682,-0.7682,-0.7682,0.3100,1,0.0000,0.0000,0.0000,-0.7682,0.3124,IDLE,1,0,step_done_latches_cleared,0,0,0.000,0,nan,nan,nan,0.0000,0,5,0.6000,0.6151,0.1675,0.6151,-0.0151,本圈台阶完成,1,0.0000,0.150,0.330
5658.430,SEEK_CROSSWALK,14.007,0,2.731,0.0000,0.0000,vision,2.731,,,tracking,0.0850,0.4200,1,line_edge_single_rescue,-0.7101,-0.7101,-0.7101,-0.7101,0.3100,1,0.0000,0.0000,0.0000,-0.7101,0.4200,IDLE,1,0,step_done_latches_cleared,0,0,0.000,0,nan,nan,nan,0.0000,0,5,0.6000,0.6151,0.1675,0.6151,-0.0151,本圈台阶完成,1,0.0000,0.150,0.330
5658.572,SEEK_CROSSWALK,14.148,0,2.731,0.0000,0.0000,vision,2.731,,,tracking,0.1050,0.5600,1,line_hard_turn_centering,-0.7322,-0.7277,-0.7726,-0.7726,0.3487,2,0.0449,0.0000,0.0449,-0.7576,0.5600,IDLE,1,0,step_done_latches_cleared,0,0,0.000,0,nan,nan,nan,0.0000,0,5,0.6000,0.6151,0.1675,0.6151,-0.0151,本圈台阶完成,1,0.0000,0.150,0.330
5658.722,SEEK_CROSSWALK,14.299,0,2.731,0.0000,0.0000,vision,2.731,,,tracking,0.1000,0.6150,1,line_curve_center_riding,-0.4523,-0.4361,-0.7062,-0.7062,0.4290,3,0.2701,0.0000,0.2701,-0.6162,0.6150,IDLE,1,0,step_done_latches_cleared,0,0,0.000,0,nan,nan,nan,0.0000,0,5,0.6000,0.6151,0.1675,0.6151,-0.0151,本圈台阶完成,1,0.0000,0.150,0.330
5658.890,SEEK_CROSSWALK,14.467,0,2.731,0.0000,0.0000,vision,2.731,,,tracking,0.1507,0.3797,1,line_curve_center_riding,-0.1445,-0.1312,-0.3528,-0.3528,0.4516,3,0.2216,0.0000,0.2216,-0.2789,0.3797,IDLE,1,0,step_done_latches_cleared,0,0,0.000,0,nan,nan,nan,0.0000,0,5,0.6000,0.6151,0.1675,0.6151,-0.0151,本圈台阶完成,1,0.0000,0.150,0.330
5659.115,SEEK_CROSSWALK,14.692,0,2.731,0.0000,0.0000,vision,2.731,,,tracking,0.1435,0.1096,1,line_recenter_transition,0.1532,0.1656,-0.4569,-0.5722,0.6088,5,0.6226,0.1152,0.7378,-0.2878,0.1096,IDLE,1,0,step_done_latches_cleared,0,0,0.000,0,nan,nan,nan,0.0000,0,5,0.6000,0.6151,0.1675,0.6151,-0.0151,本圈台阶完成,1,0.0000,0.150,0.330
5659.269,SEEK_CROSSWALK,14.846,0,2.731,0.0000,0.0000,vision,2.731,,,tracking,0.1450,-0.1046,1,line_recenter_transition,0.2878,0.2992,-0.2707,-0.3672,0.5191,4,0.5699,0.0965,0.6664,-0.1129,-0.1046,IDLE,1,0,step_done_latches_cleared,0,0,0.000,0,nan,nan,nan,0.0000,0,5,0.6000,0.6151,0.1675,0.6151,-0.0151,本圈台阶完成,1,0.0000,0.150,0.330
5659.402,SEEK_CROSSWALK,14.979,0,2.731,0.0000,0.0000,vision,2.731,,,tracking,0.1450,-0.2392,1,line_recenter_transition,0.3456,0.3560,-0.1622,-0.2417,0.6315,5,0.5182,0.0794,0.5977,-0.0160,-0.2392,IDLE,1,0,step_done_latches_cleared,0,0,0.000,0,nan,nan,nan,0.0000,0,5,0.6000,0.6151,0.1675,0.6151,-0.0151,本圈台阶完成,1,0.0000,0.150,0.330
5659.563,SEEK_CROSSWALK,15.140,0,2.731,0.0000,0.0000,vision,2.731,,,tracking,0.1450,-0.3053,1,line_recenter_transition,0.3514,0.3611,-0.1254,-0.2092,0.6365,5,0.4865,0.0838,0.5703,0.0088,-0.3053,IDLE,1,0,step_done_latches_cleared,0,0,0.000,0,nan,nan,nan,0.0000,0,5,0.6000,0.6151,0.1675,0.6151,-0.0151,本圈台阶完成,1,0.0000,0.150,0.330
5659.719,SEEK_CROSSWALK,15.296,0,2.731,0.0000,0.0000,vision,2.731,,,tracking,0.1291,-0.3174,1,line_recenter_transition,0.3103,0.3214,-0.2364,-0.7660,0.6823,6,0.5578,0.5297,1.0875,-0.2270,-0.3174,IDLE,1,0,step_done_latches_cleared,0,0,0.000,0,nan,nan,nan,0.0000,0,5,0.6000,0.6151,0.1675,0.6151,-0.0151,本圈台阶完成,1,0.0000,0.150,0.330
5659.862,SEEK_CROSSWALK,15.439,0,2.731,0.0000,0.0000,vision,2.731,,,tracking,0.1450,-0.2622,1,line_recenter_transition,0.2001,0.2117,-0.3684,-0.4814,0.6180,5,0.5801,0.1130,0.6931,-0.2127,-0.2622,IDLE,1,0,step_done_latches_cleared,0,0,0.000,0,nan,nan,nan,0.0000,0,5,0.6000,0.6151,0.1675,0.6151,-0.0151,本圈台阶完成,1,0.0000,0.150,0.330
5659.989,SEEK_CROSSWALK,15.566,0,2.731,0.0000,0.0000,vision,2.731,,,tracking,0.1353,-0.1619,1,line_recenter_transition,0.0674,0.0808,-0.5902,-0.7202,0.6000,5,0.6710,0.1299,0.8009,-0.4099,-0.1619,IDLE,1,0,step_done_latches_cleared,0,0,0.000,0,nan,nan,nan,0.0000,0,5,0.6000,0.6151,0.1675,0.6151,-0.0151,本圈台阶完成,1,0.0000,0.150,0.330
5660.133,SEEK_CROSSWALK,15.710,0,2.731,0.0000,0.0000,vision,2.731,,,tracking,0.1450,-0.0168,1,line_curve_center_riding,-0.1106,-0.0797,-0.5960,-0.5960,0.5210,4,0.5164,0.0000,0.5164,-0.4239,-0.0168,IDLE,1,0,step_done_latches_cleared,0,0,0.000,0,nan,nan,nan,0.0000,0,5,0.6000,0.6151,0.1675,0.6151,-0.0151,本圈台阶完成,1,0.0000,0.150,0.330
5660.265,SEEK_CROSSWALK,15.842,0,2.731,0.0000,0.0000,vision,2.731,,,tracking,0.1700,0.1625,1,line_curve_center_riding,-0.3045,-0.2882,-0.5589,-0.5589,0.4304,3,0.2707,0.0000,0.2707,-0.4687,0.1625,IDLE,1,0,step_done_latches_cleared,0,0,0.000,0,nan,nan,nan,0.0000,0,5,0.6000,0.6151,0.1675,0.6151,-0.0151,本圈台阶完成,1,0.0000,0.150,0.330
5660.402,SEEK_CROSSWALK,15.979,0,2.731,0.0000,0.0000,vision,2.731,,,tracking,0.1450,0.3552,1,line_curve_center_riding,-0.4995,-0.4818,-0.7762,-0.7762,0.4123,3,0.2944,0.0000,0.2944,-0.6781,0.3552,IDLE,1,0,step_done_latches_cleared,0,0,0.000,0,nan,nan,nan,0.0000,0,5,0.6000,0.6151,0.1675,0.6151,-0.0151,本圈台阶完成,1,0.0000,0.150,0.330
5660.533,SEEK_CROSSWALK,16.110,0,2.731,0.0000,0.0000,vision,2.731,,,tracking,0.1050,0.5311,1,line_hard_turn_centering,-0.6481,-0.6431,-0.6927,-0.6927,0.3356,2,0.0496,0.0000,0.0496,-0.6761,0.5311,IDLE,1,0,step_done_latches_cleared,0,0,0.000,0,nan,nan,nan,0.0000,0,5,0.6000,0.6151,0.1675,0.6151,-0.0151,本圈台阶完成,1,0.0000,0.150,0.330
5660.659,SEEK_CROSSWALK,16.236,0,2.731,0.0000,0.0000,vision,2.731,,,line_bridge_loss,0.0573,0.2171,0,line_too_few_bands,0.0000,0.0000,0.0000,0.0000,0.0000,0,0.0000,0.0000,0.0000,0.0000,0.2171,IDLE,1,0,step_done_latches_cleared,0,0,0.000,0,nan,nan,nan,0.0000,0,5,0.6000,0.6151,0.1675,0.6151,-0.0151,本圈台阶完成,1,0.0000,0.150,0.330
5660.783,SEEK_CROSSWALK,16.360,0,2.731,0.0000,0.0000,vision,2.731,,,line_bridge_loss,0.0350,0.2124,0,line_too_few_bands,0.0000,0.0000,0.0000,0.0000,0.0000,0,0.0000,0.0000,0.0000,0.0000,0.2124,IDLE,1,0,step_done_latches_cleared,0,0,0.000,0,nan,nan,nan,0.0000,0,5,0.6000,0.6151,0.1675,0.6151,-0.0151,本圈台阶完成,1,0.0000,0.150,0.330
5660.906,SEEK_CROSSWALK,16.483,0,2.731,0.0000,0.0000,vision,2.731,,,line_bridge_loss,0.0350,0.2124,0,line_too_few_bands,0.0000,0.0000,0.0000,0.0000,0.0000,0,0.0000,0.0000,0.0000,0.0000,0.2124,IDLE,1,0,step_done_latches_cleared,0,0,0.000,0,nan,nan,nan,0.0000,0,5,0.6000,0.6151,0.1675,0.6151,-0.0151,本圈台阶完成,1,0.0000,0.150,0.330
5661.029,SEEK_CROSSWALK,16.606,0,2.731,0.0000,0.0000,vision,2.731,,,line_loss_hold,0.0000,0.0000,0,line_too_few_bands,0.0000,0.0000,0.0000,0.0000,0.0000,0,0.0000,0.0000,0.0000,0.0000,0.0000,IDLE,1,0,step_done_latches_cleared,0,0,0.000,0,nan,nan,nan,0.0000,0,5,0.6000,0.6151,0.1675,0.6151,-0.0151,本圈台阶完成,1,0.0000,0.150,0.330
5661.154,SEEK_CROSSWALK,16.731,0,2.731,0.0000,0.0000,vision,2.731,,,line_loss_hold,0.0000,0.0000,0,line_too_few_bands,0.0000,0.0000,0.0000,0.0000,0.0000,0,0.0000,0.0000,0.0000,0.0000,0.0000,IDLE,1,0,step_done_latches_cleared,0,0,0.000,0,nan,nan,nan,0.0000,0,5,0.6000,0.6151,0.1675,0.6151,-0.0151,本圈台阶完成,1,0.0000,0.150,0.330
5661.276,SEEK_CROSSWALK,16.853,0,2.731,0.0000,0.0000,vision,2.731,,,line_loss_hold,0.0000,0.0000,0,line_too_few_bands,0.0000,0.0000,0.0000,0.0000,0.0000,0,0.0000,0.0000,0.0000,0.0000,0.0000,IDLE,1,0,step_done_latches_cleared,0,0,0.000,0,nan,nan,nan,0.0000,0,5,0.6000,0.6151,0.1675,0.6151,-0.0151,本圈台阶完成,1,0.0000,0.150,0.330
5661.397,SEEK_CROSSWALK,16.973,0,2.731,0.0000,0.0000,vision,2.731,,,line_lost_stop,0.0000,0.0000,0,line_too_few_bands,0.0000,0.0000,0.0000,0.0000,0.0000,0,0.0000,0.0000,0.0000,0.0000,0.0000,IDLE,1,0,step_done_latches_cleared,0,0,0.000,0,nan,nan,nan,0.0000,0,5,0.6000,0.6151,0.1675,0.6151,-0.0151,本圈台阶完成,1,0.0000,0.150,0.330
5661.521,SEEK_CROSSWALK,17.098,0,2.731,0.0000,0.0000,vision,2.731,,,line_lost_stop,0.0000,0.0000,0,line_too_few_bands,0.0000,0.0000,0.0000,0.0000,0.0000,0,0.0000,0.0000,0.0000,0.0000,0.0000,IDLE,1,0,step_done_latches_cleared,0,0,0.000,0,nan,nan,nan,0.0000,0,5,0.6000,0.6151,0.1675,0.6151,-0.0151,本圈台阶完成,1,0.0000,0.150,0.330
5661.649,SEEK_CROSSWALK,17.226,0,2.731,0.0000,0.0000,vision,2.731,,,line_lost_stop,0.0000,0.0000,0,line_too_few_bands,0.0000,0.0000,0.0000,0.0000,0.0000,0,0.0000,0.0000,0.0000,0.0000,0.0000,IDLE,1,0,step_done_latches_cleared,0,0,0.000,0,nan,nan,nan,0.0000,0,5,0.6000,0.6151,0.1675,0.6151,-0.0151,本圈台阶完成,1,0.0000,0.150,0.330
5661.772,SEEK_CROSSWALK,17.349,0,2.731,0.0000,0.0000,vision,2.731,,,line_lost_stop,0.0000,0.0000,0,line_too_few_bands,0.0000,0.0000,0.0000,0.0000,0.0000,0,0.0000,0.0000,0.0000,0.0000,0.0000,IDLE,1,0,step_done_latches_cleared,0,0,0.000,0,nan,nan,nan,0.0000,0,5,0.6000,0.6151,0.1675,0.6151,-0.0151,本圈台阶完成,1,0.0000,0.150,0.330
5661.897,SEEK_CROSSWALK,17.474,0,2.731,0.0000,0.0000,vision,2.731,,,line_lost_stop,0.0000,0.0000,0,line_too_few_bands,0.0000,0.0000,0.0000,0.0000,0.0000,0,0.0000,0.0000,0.0000,0.0000,0.0000,IDLE,1,0,step_done_latches_cleared,0,0,0.000,0,nan,nan,nan,0.0000,0,5,0.6000,0.6151,0.1675,0.6151,-0.0151,本圈台阶完成,1,0.0000,0.150,0.330
5662.026,SEEK_CROSSWALK,17.602,0,2.731,0.0000,0.0000,vision,2.731,,,line_lost_stop,0.0000,0.0000,0,line_too_few_bands,0.0000,0.0000,0.0000,0.0000,0.0000,0,0.0000,0.0000,0.0000,0.0000,0.0000,IDLE,1,0,step_done_latches_cleared,0,0,0.000,0,nan,nan,nan,0.0000,0,5,0.6000,0.6151,0.1675,0.6151,-0.0151,本圈台阶完成,1,0.0000,0.150,0.330
5662.161,SEEK_CROSSWALK,17.738,0,2.731,0.0000,0.0000,vision,2.731,,,line_lost_stop,0.0000,0.0000,0,line_too_few_bands,0.0000,0.0000,0.0000,0.0000,0.0000,0,0.0000,0.0000,0.0000,0.0000,0.0000,IDLE,1,0,step_done_latches_cleared,0,0,0.000,0,nan,nan,nan,0.0000,0,5,0.6000,0.6151,0.1675,0.6151,-0.0151,本圈台阶完成,1,0.0000,0.150,0.330
5662.290,SEEK_CROSSWALK,17.867,0,2.731,0.0000,0.0000,vision,2.731,,,line_lost_stop,0.0000,0.0000,0,line_too_few_bands,0.0000,0.0000,0.0000,0.0000,0.0000,0,0.0000,0.0000,0.0000,0.0000,0.0000,IDLE,1,0,step_done_latches_cleared,0,0,0.000,0,nan,nan,nan,0.0000,0,5,0.6000,0.6151,0.1675,0.6151,-0.0151,本圈台阶完成,1,0.0000,0.150,0.330
5662.411,SEEK_CROSSWALK,17.988,0,2.731,0.0000,0.0000,vision,2.731,,,line_lost_stop,0.0000,0.0000,0,line_too_few_bands,0.0000,0.0000,0.0000,0.0000,0.0000,0,0.0000,0.0000,0.0000,0.0000,0.0000,IDLE,1,0,step_done_latches_cleared,0,0,0.000,0,nan,nan,nan,0.0000,0,5,0.6000,0.6151,0.1675,0.6151,-0.0151,本圈台阶完成,1,0.0000,0.150,0.330
5662.531,SEEK_CROSSWALK,18.108,0,2.731,0.0000,0.0000,vision,2.731,,,line_lost_stop,0.0000,0.0000,0,line_too_few_bands,0.0000,0.0000,0.0000,0.0000,0.0000,0,0.0000,0.0000,0.0000,0.0000,0.0000,IDLE,1,0,step_done_latches_cleared,0,0,0.000,0,nan,nan,nan,0.0000,0,5,0.6000,0.6151,0.1675,0.6151,-0.0151,本圈台阶完成,1,0.0000,0.150,0.330
5662.652,SEEK_CROSSWALK,18.228,0,2.731,0.0000,0.0000,vision,2.731,,,line_lost_stop,0.0000,0.0000,0,line_too_few_bands,0.0000,0.0000,0.0000,0.0000,0.0000,0,0.0000,0.0000,0.0000,0.0000,0.0000,IDLE,1,0,step_done_latches_cleared,0,0,0.000,0,nan,nan,nan,0.0000,0,5,0.6000,0.6151,0.1675,0.6151,-0.0151,本圈台阶完成,1,0.0000,0.150,0.330
5662.771,SEEK_CROSSWALK,18.347,0,2.731,0.0000,0.0000,vision,2.731,,,line_lost_stop,0.0000,0.0000,0,line_too_few_bands,0.0000,0.0000,0.0000,0.0000,0.0000,0,0.0000,0.0000,0.0000,0.0000,0.0000,IDLE,1,0,step_done_latches_cleared,0,0,0.000,0,nan,nan,nan,0.0000,0,5,0.6000,0.6151,0.1675,0.6151,-0.0151,本圈台阶完成,1,0.0000,0.150,0.330
5662.897,SEEK_CROSSWALK,18.474,0,2.731,0.0000,0.0000,vision,2.731,,,line_lost_stop,0.0000,0.0000,0,line_too_few_bands,0.0000,0.0000,0.0000,0.0000,0.0000,0,0.0000,0.0000,0.0000,0.0000,0.0000,IDLE,1,0,step_done_latches_cleared,0,0,0.000,0,nan,nan,nan,0.0000,0,5,0.6000,0.6151,0.1675,0.6151,-0.0151,本圈台阶完成,1,0.0000,0.150,0.330
5663.024,SEEK_CROSSWALK,18.601,0,2.731,0.0000,0.0000,vision,2.731,,,line_lost_stop,0.0000,0.0000,0,line_too_few_bands,0.0000,0.0000,0.0000,0.0000,0.0000,0,0.0000,0.0000,0.0000,0.0000,0.0000,IDLE,1,0,step_done_latches_cleared,0,0,0.000,0,nan,nan,nan,0.0000,0,5,0.6000,0.6151,0.1675,0.6151,-0.0151,本圈台阶完成,1,0.0000,0.150,0.330
5663.144,SEEK_CROSSWALK,18.721,0,2.731,0.0000,0.0000,vision,2.731,,,tracking,0.0457,0.3007,1,line_edge_single_rescue,-0.7395,-0.7395,-0.7395,-0.7395,0.3100,1,0.0000,0.0000,0.0000,-0.7395,0.3007,IDLE,1,0,step_done_latches_cleared,0,0,0.000,0,nan,nan,nan,0.0000,0,5,0.6000,0.6151,0.1675,0.6151,-0.0151,本圈台阶完成,1,0.0000,0.150,0.330
5663.268,SEEK_CROSSWALK,18.845,0,2.731,0.0000,0.0000,vision,2.731,,,line_bridge_loss,0.0350,0.1680,0,line_too_few_bands,0.0000,0.0000,0.0000,0.0000,0.0000,0,0.0000,0.0000,0.0000,0.0000,0.1680,IDLE,1,0,step_done_latches_cleared,0,0,0.000,0,nan,nan,nan,0.0000,0,5,0.6000,0.6151,0.1675,0.6151,-0.0151,本圈台阶完成,1,0.0000,0.150,0.330
5663.389,SEEK_CROSSWALK,18.965,0,2.731,0.0000,0.0000,vision,2.731,,,tracking,0.0807,0.4689,1,line_hard_turn_centering,-0.7516,-0.7486,-0.7788,-0.7788,0.3900,2,0.0302,0.0000,0.0302,-0.7688,0.4689,IDLE,1,0,step_done_latches_cleared,0,0,0.000,0,nan,nan,nan,0.0000,0,5,0.6000,0.6151,0.1675,0.6151,-0.0151,本圈台阶完成,1,0.0000,0.150,0.330
5663.514,SEEK_CROSSWALK,19.091,0,2.731,0.0000,0.0000,vision,2.731,,,tracking,0.1050,0.5600,1,line_hard_turn_centering,-0.6421,-0.6381,-0.6783,-0.6783,0.3619,2,0.0402,0.0000,0.0402,-0.6649,0.5600,IDLE,1,0,step_done_latches_cleared,0,0,0.000,0,nan,nan,nan,0.0000,0,5,0.6000,0.6151,0.1675,0.6151,-0.0151,本圈台阶完成,1,0.0000,0.150,0.330
5663.640,SEEK_CROSSWALK,19.216,0,2.731,0.0000,0.0000,vision,2.731,,,tracking,0.1000,0.6006,1,line_curve_center_riding,-0.4707,-0.4567,-0.6900,-0.6900,0.4413,3,0.2333,0.0000,0.2333,-0.6122,0.6006,IDLE,1,0,step_done_latches_cleared,0,0,0.000,0,nan,nan,nan,0.0000,0,5,0.6000,0.6151,0.1675,0.6151,-0.0151,本圈台阶完成,1,0.0000,0.150,0.330
5663.774,SEEK_CROSSWALK,19.350,0,2.731,0.0000,0.0000,vision,2.731,,,tracking,0.1318,0.4598,1,line_curve_center_riding,-0.3042,-0.2741,-0.7771,-0.7771,0.5152,4,0.5030,0.0000,0.5030,-0.6094,0.4598,IDLE,1,0,step_done_latches_cleared,0,0,0.000,0,nan,nan,nan,0.0000,0,5,0.6000,0.6151,0.1675,0.6151,-0.0151,本圈台阶完成,1,0.0000,0.150,0.330
5663.899,SEEK_CROSSWALK,19.476,0,2.731,0.0000,0.0000,vision,2.731,,,tracking,0.1450,0.3058,1,line_curve_center_riding,-0.1504,-0.1154,-0.6975,-0.6975,0.5056,4,0.5820,0.0000,0.5820,-0.5035,0.3058,IDLE,1,0,step_done_latches_cleared,0,0,0.000,0,nan,nan,nan,0.0000,0,5,0.6000,0.6151,0.1675,0.6151,-0.0151,本圈台阶完成,1,0.0000,0.150,0.330
5664.028,SEEK_CROSSWALK,19.605,0,2.731,0.0000,0.0000,vision,2.731,,,tracking,0.1450,0.1625,1,line_curve_center_riding,-0.0225,0.0082,-0.5044,-0.5044,0.5222,4,0.5127,0.0000,0.5127,-0.3336,0.1625,IDLE,1,0,step_done_latches_cleared,0,0,0.000,0,nan,nan,nan,0.0000,0,5,0.6000,0.6151,0.1675,0.6151,-0.0151,本圈台阶完成,1,0.0000,0.150,0.330
5664.156,SEEK_CROSSWALK,19.732,0,2.731,0.0000,0.0000,vision,2.731,,,tracking,0.1278,0.0336,1,line_recenter_transition,0.0839,0.0982,-0.6164,-0.7532,0.5909,5,0.7147,0.1368,0.8514,-0.4238,0.0336,IDLE,1,0,step_done_latches_cleared,0,0,0.000,0,nan,nan,nan,0.0000,0,5,0.6000,0.6151,0.1675,0.6151,-0.0151,本圈台阶完成,1,0.0000,0.150,0.330
5664.300,SEEK_CROSSWALK,19.877,0,2.731,0.0000,0.0000,vision,2.731,,,tracking,0.1450,-0.0447,1,line_recenter_transition,0.1180,0.1267,-0.3090,-0.3090,0.5396,4,0.4357,0.0000,0.4357,-0.1638,-0.0447,IDLE,1,0,step_done_latches_cleared,0,0,0.000,0,nan,nan,nan,0.0000,0,5,0.6000,0.6151,0.1675,0.6151,-0.0151,本圈台阶完成,1,0.0000,0.150,0.330
5664.436,SEEK_CROSSWALK,20.013,0,2.731,0.0000,0.0000,vision,2.731,,,tracking,0.1239,-0.0897,1,line_recenter_transition,0.1266,0.1413,-0.5960,-0.7531,0.5856,5,0.7373,0.1571,0.8945,-0.4026,-0.0897,IDLE,1,0,step_done_latches_cleared,0,0,0.000,0,nan,nan,nan,0.0000,0,5,0.6000,0.6151,0.1675,0.6151,-0.0151,本圈台阶完成,1,0.0000,0.150,0.330
5664.576,SEEK_CROSSWALK,20.153,0,2.731,0.0000,0.0000,vision,2.731,,,tracking,0.1311,-0.0743,1,line_recenter_transition,0.0612,0.0751,-0.6200,-0.7458,0.5971,5,0.6951,0.1258,0.8209,-0.4302,-0.0743,IDLE,1,0,step_done_latches_cleared,0,0,0.000,0,nan,nan,nan,0.0000,0,5,0.6000,0.6151,0.1675,0.6151,-0.0151,本圈台阶完成,1,0.0000,0.150,0.330
5664.711,SEEK_CROSSWALK,20.288,0,2.731,0.0000,0.0000,vision,2.731,,,tracking,0.1450,-0.0122,1,line_curve_center_riding,-0.0387,-0.0051,-0.5649,-0.5649,0.5131,4,0.5598,0.0000,0.5598,-0.3783,-0.0122,IDLE,1,0,step_done_latches_cleared,0,0,0.000,0,nan,nan,nan,0.0000,0,5,0.6000,0.6151,0.1675,0.6151,-0.0151,本圈台阶完成,1,0.0000,0.150,0.330
5664.851,SEEK_CROSSWALK,20.428,0,2.731,0.0000,0.0000,vision,2.731,,,tracking,0.1450,0.0933,1,line_curve_center_riding,-0.1760,-0.1418,-0.7117,-0.7117,0.5031,4,0.5699,0.0000,0.5699,-0.5218,0.0933,IDLE,1,0,step_done_latches_cleared,0,0,0.000,0,nan,nan,nan,0.0000,0,5,0.6000,0.6151,0.1675,0.6151,-0.0151,本圈台阶完成,1,0.0000,0.150,0.330
5665.029,SEEK_CROSSWALK,20.606,0,2.731,0.0000,0.0000,vision,2.731,,,tracking,0.1450,0.2649,1,line_curve_center_riding,-0.3991,-0.3809,-0.6843,-0.6843,0.4184,3,0.3034,0.0000,0.3034,-0.5831,0.2649,IDLE,1,0,step_done_latches_cleared,0,0,0.000,0,nan,nan,nan,0.0000,0,5,0.6000,0.6151,0.1675,0.6151,-0.0151,本圈台阶完成,1,0.0000,0.150,0.330
5665.165,SEEK_CROSSWALK,20.742,0,2.731,0.0000,0.0000,vision,2.731,,,tracking,0.1050,0.4444,1,line_hard_turn_centering,-0.5660,-0.5610,-0.6118,-0.6118,0.3320,2,0.0508,0.0000,0.0508,-0.5949,0.4444,IDLE,1,0,step_done_latches_cleared,0,0,0.000,0,nan,nan,nan,0.0000,0,5,0.6000,0.6151,0.1675,0.6151,-0.0151,本圈台阶完成,1,0.0000,0.150,0.330
5665.297,SEEK_CROSSWALK,20.873,0,2.731,0.0000,0.0000,vision,2.731,,,tracking,0.1050,0.5600,1,line_hard_turn_centering,-0.7675,-0.7623,-0.8147,-0.8147,0.3278,2,0.0523,0.0000,0.0523,-0.7972,0.5600,IDLE,1,0,step_done_latches_cleared,0,0,0.000,0,nan,nan,nan,0.0000,0,5,0.6000,0.6151,0.1675,0.6151,-0.0151,本圈台阶完成,1,0.0000,0.150,0.330
5665.434,SEEK_CROSSWALK,21.010,0,2.731,0.0000,0.0000,vision,2.731,,,tracking,0.0850,0.4200,1,line_edge_single_rescue,-0.7002,-0.7002,-0.7002,-0.7002,0.3100,1,0.0000,0.0000,0.0000,-0.7002,0.4200,IDLE,1,0,step_done_latches_cleared,0,0,0.000,0,nan,nan,nan,0.0000,0,5,0.6000,0.6151,0.1675,0.6151,-0.0151,本圈台阶完成,1,0.0000,0.150,0.330
5665.566,SEEK_CROSSWALK,21.143,0,2.731,0.0000,0.0000,vision,2.731,,,line_bridge_loss,0.0350,0.1680,0,line_too_few_bands,0.0000,0.0000,0.0000,0.0000,0.0000,0,0.0000,0.0000,0.0000,0.0000,0.1680,IDLE,1,0,step_done_latches_cleared,0,0,0.000,0,nan,nan,nan,0.0000,0,5,0.6000,0.6151,0.1675,0.6151,-0.0151,本圈台阶完成,1,0.0000,0.150,0.330
5665.712,SEEK_CROSSWALK,21.289,0,2.731,0.0000,0.0000,vision,2.731,,,tracking,0.0850,0.4200,1,line_edge_single_rescue,-0.8755,-0.8755,-0.8755,-0.8755,0.3100,1,0.0000,0.0000,0.0000,-0.8755,0.4200,IDLE,1,0,step_done_latches_cleared,0,0,0.000,0,nan,nan,nan,0.0000,0,5,0.6000,0.6151,0.1675,0.6151,-0.0151,本圈台阶完成,1,0.0000,0.150,0.330
5665.846,SEEK_CROSSWALK,21.423,0,2.731,0.0000,0.0000,vision,2.731,,,line_bridge_loss,0.0350,0.1680,0,line_too_few_bands,0.0000,0.0000,0.0000,0.0000,0.0000,0,0.0000,0.0000,0.0000,0.0000,0.1680,IDLE,1,0,step_done_latches_cleared,0,0,0.000,0,nan,nan,nan,0.0000,0,5,0.6000,0.6151,0.1675,0.6151,-0.0151,本圈台阶完成,1,0.0000,0.150,0.330
5665.968,SEEK_CROSSWALK,21.544,0,2.731,0.0000,0.0000,vision,2.731,,,line_bridge_loss,0.0350,0.1680,0,line_too_few_bands,0.0000,0.0000,0.0000,0.0000,0.0000,0,0.0000,0.0000,0.0000,0.0000,0.1680,IDLE,1,0,step_done_latches_cleared,0,0,0.000,0,nan,nan,nan,0.0000,0,5,0.6000,0.6151,0.1675,0.6151,-0.0151,本圈台阶完成,1,0.0000,0.150,0.330
5666.099,SEEK_CROSSWALK,21.675,0,2.731,0.0000,0.0000,vision,2.731,,,line_bridge_loss,0.0350,0.1680,0,line_too_few_bands,0.0000,0.0000,0.0000,0.0000,0.0000,0,0.0000,0.0000,0.0000,0.0000,0.1680,IDLE,1,0,step_done_latches_cleared,0,0,0.000,0,nan,nan,nan,0.0000,0,5,0.6000,0.6151,0.1675,0.6151,-0.0151,本圈台阶完成,1,0.0000,0.150,0.330
5666.235,SEEK_CROSSWALK,21.811,0,2.731,0.0000,0.0000,vision,2.731,,,line_loss_hold,0.0000,0.0000,0,line_too_few_bands,0.0000,0.0000,0.0000,0.0000,0.0000,0,0.0000,0.0000,0.0000,0.0000,0.0000,IDLE,1,0,step_done_latches_cleared,0,0,0.000,0,nan,nan,nan,0.0000,0,5,0.6000,0.6151,0.1675,0.6151,-0.0151,本圈台阶完成,1,0.0000,0.150,0.330
5666.354,SEEK_CROSSWALK,21.931,0,2.731,0.0000,0.0000,vision,2.731,,,line_loss_hold,0.0000,0.0000,0,line_too_few_bands,0.0000,0.0000,0.0000,0.0000,0.0000,0,0.0000,0.0000,0.0000,0.0000,0.0000,IDLE,1,0,step_done_latches_cleared,0,0,0.000,0,nan,nan,nan,0.0000,0,5,0.6000,0.6151,0.1675,0.6151,-0.0151,本圈台阶完成,1,0.0000,0.150,0.330
5666.488,SEEK_CROSSWALK,22.065,0,2.731,0.0000,0.0000,vision,2.731,,,line_loss_hold,0.0000,0.0000,0,line_too_few_bands,0.0000,0.0000,0.0000,0.0000,0.0000,0,0.0000,0.0000,0.0000,0.0000,0.0000,IDLE,1,0,step_done_latches_cleared,0,0,0.000,0,nan,nan,nan,0.0000,0,5,0.6000,0.6151,0.1675,0.6151,-0.0151,本圈台阶完成,1,0.0000,0.150,0.330
5666.612,SEEK_CROSSWALK,22.188,0,2.731,0.4000,0.0000,vision,2.731,,,line_lost_stop,0.0000,0.0000,0,line_too_few_bands,0.0000,0.0000,0.0000,0.0000,0.0000,0,0.0000,0.0000,0.0000,0.0000,0.0000,IDLE,1,0,step_done_latches_cleared,0,0,0.000,0,nan,nan,nan,0.0000,0,5,0.6000,0.6151,0.1675,0.6151,-0.0151,本圈台阶完成,1,0.0000,0.150,0.330
5666.758,SEEK_CROSSWALK,22.335,0,2.731,0.2000,0.0000,vision,2.731,,,line_lost_stop,0.0000,0.0000,0,line_too_few_bands,0.0000,0.0000,0.0000,0.0000,0.0000,0,0.0000,0.0000,0.0000,0.0000,0.0000,IDLE,1,0,step_done_latches_cleared,0,0,0.000,0,nan,nan,nan,0.0000,0,5,0.6000,0.6151,0.1675,0.6151,-0.0151,本圈台阶完成,1,0.0000,0.150,0.330
5666.883,SEEK_CROSSWALK,22.460,0,2.731,0.0000,0.0000,vision,2.731,,,line_lost_stop,0.0000,0.0000,0,line_too_few_bands,0.0000,0.0000,0.0000,0.0000,0.0000,0,0.0000,0.0000,0.0000,0.0000,0.0000,IDLE,1,0,step_done_latches_cleared,0,0,0.000,0,nan,nan,nan,0.0000,0,5,0.6000,0.6151,0.1675,0.6151,-0.0151,本圈台阶完成,1,0.0000,0.150,0.330
5667.008,SEEK_CROSSWALK,22.584,0,2.731,0.0000,0.0000,vision,2.731,,,line_lost_stop,0.0000,0.0000,0,line_too_few_bands,0.0000,0.0000,0.0000,0.0000,0.0000,0,0.0000,0.0000,0.0000,0.0000,0.0000,IDLE,1,0,step_done_latches_cleared,0,0,0.000,0,nan,nan,nan,0.0000,0,5,0.6000,0.6151,0.1675,0.6151,-0.0151,本圈台阶完成,1,0.0000,0.150,0.330
5667.127,SEEK_CROSSWALK,22.703,0,2.731,0.0000,0.0000,vision,2.731,,,line_lost_stop,0.0000,0.0000,0,line_too_few_bands,0.0000,0.0000,0.0000,0.0000,0.0000,0,0.0000,0.0000,0.0000,0.0000,0.0000,IDLE,1,0,step_done_latches_cleared,0,0,0.000,0,nan,nan,nan,0.0000,0,5,0.6000,0.6151,0.1675,0.6151,-0.0151,本圈台阶完成,1,0.0000,0.150,0.330
5667.257,SEEK_CROSSWALK,22.834,0,2.731,0.0000,0.0000,vision,2.731,,,line_lost_stop,0.0000,0.0000,0,line_too_few_bands,0.0000,0.0000,0.0000,0.0000,0.0000,0,0.0000,0.0000,0.0000,0.0000,0.0000,IDLE,1,0,step_done_latches_cleared,0,0,0.000,0,nan,nan,nan,0.0000,0,5,0.6000,0.6151,0.1675,0.6151,-0.0151,本圈台阶完成,1,0.0000,0.150,0.330
5667.385,SEEK_CROSSWALK,22.961,0,2.731,0.0000,0.0000,vision,2.731,,,line_lost_stop,0.0000,0.0000,0,line_too_few_bands,0.0000,0.0000,0.0000,0.0000,0.0000,0,0.0000,0.0000,0.0000,0.0000,0.0000,IDLE,1,0,step_done_latches_cleared,0,0,0.000,0,nan,nan,nan,0.0000,0,5,0.6000,0.6151,0.1675,0.6151,-0.0151,本圈台阶完成,1,0.0000,0.150,0.330
5667.516,SEEK_CROSSWALK,23.093,0,2.731,0.0000,0.0000,vision,2.731,,,line_lost_stop,0.0000,0.0000,0,line_too_few_bands,0.0000,0.0000,0.0000,0.0000,0.0000,0,0.0000,0.0000,0.0000,0.0000,0.0000,IDLE,1,0,step_done_latches_cleared,0,0,0.000,0,nan,nan,nan,0.0000,0,5,0.6000,0.6151,0.1675,0.6151,-0.0151,本圈台阶完成,1,0.0000,0.150,0.330
5667.645,SEEK_CROSSWALK,23.221,0,2.731,0.0000,0.0000,vision,2.731,,,line_lost_stop,0.0000,0.0000,0,line_too_few_bands,0.0000,0.0000,0.0000,0.0000,0.0000,0,0.0000,0.0000,0.0000,0.0000,0.0000,IDLE,1,0,step_done_latches_cleared,0,0,0.000,0,nan,nan,nan,0.0000,0,5,0.6000,0.6151,0.1675,0.6151,-0.0151,本圈台阶完成,1,0.0000,0.150,0.330
5667.769,SEEK_CROSSWALK,23.345,0,2.731,0.0000,0.0000,vision,2.731,,,line_lost_stop,0.0000,0.0000,0,line_too_few_bands,0.0000,0.0000,0.0000,0.0000,0.0000,0,0.0000,0.0000,0.0000,0.0000,0.0000,IDLE,1,0,step_done_latches_cleared,0,0,0.000,0,nan,nan,nan,0.0000,0,5,0.6000,0.6151,0.1675,0.6151,-0.0151,本圈台阶完成,1,0.0000,0.150,0.330
5667.896,SEEK_CROSSWALK,23.472,0,2.731,0.0000,0.0000,vision,2.731,,,line_lost_stop,0.0000,0.0000,0,line_too_few_bands,0.0000,0.0000,0.0000,0.0000,0.0000,0,0.0000,0.0000,0.0000,0.0000,0.0000,IDLE,1,0,step_done_latches_cleared,0,0,0.000,0,nan,nan,nan,0.0000,0,5,0.6000,0.6151,0.1675,0.6151,-0.0151,本圈台阶完成,1,0.0000,0.150,0.330
5668.031,SEEK_CROSSWALK,23.607,0,2.731,0.0000,0.0000,vision,2.731,,,tracking,0.0507,0.3333,1,line_edge_single_rescue,-0.8410,-0.8410,-0.8410,-0.8410,0.3100,1,0.0000,0.0000,0.0000,-0.8410,0.3333,IDLE,1,0,step_done_latches_cleared,0,0,0.000,0,nan,nan,nan,0.0000,0,5,0.6000,0.6151,0.1675,0.6151,-0.0151,本圈台阶完成,1,0.0000,0.150,0.330
5668.168,SEEK_CROSSWALK,23.745,0,2.731,0.0000,0.0000,vision,2.731,,,tracking,0.0850,0.4200,1,line_edge_single_rescue,-0.7846,-0.7846,-0.7846,-0.7846,0.3100,1,0.0000,0.0000,0.0000,-0.7846,0.4200,IDLE,1,0,step_done_latches_cleared,0,0,0.000,0,nan,nan,nan,0.0000,0,5,0.6000,0.6151,0.1675,0.6151,-0.0151,本圈台阶完成,1,0.0000,0.150,0.330
5668.287,SEEK_CROSSWALK,23.864,0,2.731,0.0000,0.0000,vision,2.731,,,tracking,0.1050,0.5600,1,line_hard_turn_centering,-0.8100,-0.8062,-0.8446,-0.8632,0.5487,3,0.0384,0.0186,0.0570,-0.8380,0.5600,IDLE,1,0,step_done_latches_cleared,0,0,0.000,0,nan,nan,nan,0.0000,0,5,0.6000,0.6151,0.1675,0.6151,-0.0151,本圈台阶完成,1,0.0000,0.150,0.330
5668.410,SEEK_CROSSWALK,23.987,0,2.731,0.0000,0.0000,vision,2.731,,,tracking,0.1000,0.7000,1,line_curve_center_riding,-0.6536,-0.6428,-0.8228,-0.6814,0.7768,6,0.1799,0.1414,0.0386,-0.7157,0.7000,IDLE,1,0,step_done_latches_cleared,0,0,0.000,0,nan,nan,nan,0.0000,0,5,0.6000,0.6151,0.1675,0.6151,-0.0151,本圈台阶完成,1,0.0000,0.150,0.330
5668.542,SEEK_CROSSWALK,24.119,0,2.731,0.0000,0.0000,vision,2.731,,,tracking,0.1000,0.6195,1,line_curve_center_riding,-0.4414,-0.4259,-0.6845,-0.5941,0.8611,7,0.2586,0.0904,0.1682,-0.5682,0.6195,IDLE,1,0,step_done_latches_cleared,0,0,0.000,0,nan,nan,nan,0.0000,0,5,0.6000,0.6151,0.1675,0.6151,-0.0151,本圈台阶完成,1,0.0000,0.150,0.330
5668.678,SEEK_CROSSWALK,24.255,0,2.731,0.0000,0.0000,vision,2.731,,,tracking,0.1423,0.4190,1,line_curve_center_riding,-0.2139,-0.1964,-0.4892,-0.4527,0.9462,8,0.2928,0.0365,0.2563,-0.3794,0.4190,IDLE,1,0,step_done_latches_cleared,0,0,0.000,0,nan,nan,nan,0.0000,0,5,0.6000,0.6151,0.1675,0.6151,-0.0151,本圈台阶完成,1,0.0000,0.150,0.330
5668.823,SEEK_CROSSWALK,24.400,0,2.731,0.0000,0.0000,vision,2.731,,,tracking,0.1450,0.2325,1,line_curve_center_riding,-0.0462,-0.0289,-0.3170,-0.2891,0.9451,8,0.2882,0.0280,0.2602,-0.2116,0.2325,IDLE,1,0,step_done_latches_cleared,0,0,0.000,0,nan,nan,nan,0.0000,0,5,0.6000,0.6151,0.1675,0.6151,-0.0151,本圈台阶完成,1,0.0000,0.150,0.330
5668.971,SEEK_CROSSWALK,24.547,0,2.731,0.0000,0.0000,vision,2.731,,,tracking,0.1700,0.0631,1,line_recenter_transition,0.0958,0.1012,-0.1710,-0.1432,0.9463,8,0.2723,0.0278,0.2445,-0.0710,0.0631,IDLE,1,0,step_done_latches_cleared,0,0,0.000,0,nan,nan,nan,0.0000,0,5,0.6000,0.6151,0.1675,0.6151,-0.0151,本圈台阶完成,1,0.0000,0.150,0.330
5669.103,SEEK_CROSSWALK,24.680,0,2.731,0.0000,0.0000,vision,2.731,,,tracking,0.1700,-0.0491,1,line_recenter_transition,0.1492,0.1544,-0.1027,-0.0680,0.9486,8,0.2571,0.0347,0.2224,-0.0054,-0.0491,IDLE,1,0,step_done_latches_cleared,0,0,0.000,0,nan,nan,nan,0.0000,0,5,0.6000,0.6151,0.1675,0.6151,-0.0151,本圈台阶完成,1,0.0000,0.150,0.330
5669.255,SEEK_CROSSWALK,24.832,0,2.731,0.0000,0.0000,vision,2.731,,,tracking,0.1700,-0.1078,1,line_curve_center_riding,0.1594,0.1741,-0.0707,-0.0310,0.9504,8,0.2448,0.0397,0.2051,0.0241,-0.1078,IDLE,1,0,step_done_latches_cleared,0,0,0.000,0,nan,nan,nan,0.0000,0,5,0.6000,0.6151,0.1675,0.6151,-0.0151,本圈台阶完成,1,0.0000,0.150,0.330
5669.463,SEEK_CROSSWALK,25.040,0,2.731,0.0000,0.0000,vision,2.731,,,tracking,0.1700,-0.1169,1,line_curve_center_riding,0.1223,0.1355,-0.0838,-0.0185,0.9527,8,0.2193,0.0653,0.1540,0.0111,-0.1169,IDLE,1,0,step_done_latches_cleared,0,0,0.000,0,nan,nan,nan,0.0000,0,5,0.6000,0.6151,0.1675,0.6151,-0.0151,本圈台阶完成,1,0.0000,0.150,0.330
5669.614,SEEK_CROSSWALK,25.190,0,2.731,0.0000,0.0000,vision,2.731,,,tracking,0.1700,-0.0804,1,line_curve_center_riding,0.0458,0.0566,-0.1231,-0.0661,0.8748,7,0.1797,0.0570,0.1226,-0.0442,-0.0804,IDLE,1,0,step_done_latches_cleared,0,0,0.000,0,nan,nan,nan,0.0000,0,5,0.6000,0.6151,0.1675,0.6151,-0.0151,本圈台阶完成,1,0.0000,0.150,0.330
5669.808,SEEK_CROSSWALK,25.385,0,2.731,0.0000,0.0000,vision,2.731,,,tracking,0.2207,0.0143,1,line_center_tracking,-0.0967,-0.0658,-0.1763,-0.0644,0.8806,7,0.1105,0.1119,0.0014,-0.1022,0.0143,IDLE,1,0,step_done_latches_cleared,0,0,0.000,0,nan,nan,nan,0.0000,0,5,0.6000,0.6151,0.1675,0.6151,-0.0151,本圈台阶完成,1,0.0000,0.150,0.330
5669.942,SEEK_CROSSWALK,25.518,0,2.731,0.0000,0.0000,vision,2.731,,,tracking,0.1700,0.0984,1,line_curve_center_riding,-0.1636,-0.1609,-0.2060,-0.0380,0.8821,7,0.0451,0.1679,0.1228,-0.1350,0.0984,IDLE,1,0,step_done_latches_cleared,0,0,0.000,0,nan,nan,nan,0.0000,0,5,0.6000,0.6151,0.1675,0.6151,-0.0151,本圈台阶完成,1,0.0000,0.150,0.330
5670.068,SEEK_CROSSWALK,25.645,0,2.731,0.0000,0.0000,vision,2.731,,,tracking,0.1700,0.1661,1,line_curve_center_riding,-0.2144,-0.2150,-0.2052,0.0254,0.8784,7,0.0097,0.2306,0.2404,-0.1316,0.1661,IDLE,1,0,step_done_latches_cleared,0,0,0.000,0,nan,nan,nan,0.0000,0,5,0.6000,0.6151,0.1675,0.6151,-0.0151,本圈台阶完成,1,0.0000,0.150,0.330
5670.203,SEEK_CROSSWALK,25.780,0,2.731,0.0000,0.0000,vision,2.731,,,tracking,0.1700,0.2065,1,line_curve_center_riding,-0.2304,-0.2345,-0.1668,0.1335,0.8716,7,0.0677,0.3003,0.3680,-0.0893,0.2065,IDLE,1,0,step_done_latches_cleared,0,0,0.000,0,nan,nan,nan,0.0000,0,5,0.6000,0.6151,0.1675,0.6151,-0.0151,本圈台阶完成,1,0.0000,0.150,0.330
5670.330,SEEK_CROSSWALK,25.907,0,2.731,0.0000,0.0000,vision,2.731,,,tracking,0.1450,0.2145,1,line_curve_center_riding,-0.2090,-0.2167,-0.0877,0.2966,0.8583,7,0.1290,0.3843,0.5133,-0.0026,0.2145,IDLE,1,0,step_done_latches_cleared,0,0,0.000,0,nan,nan,nan,0.0000,0,5,0.6000,0.6151,0.1675,0.6151,-0.0151,本圈台阶完成,1,0.0000,0.150,0.330
5670.499,SEEK_CROSSWALK,26.076,0,2.731,0.0000,0.0000,vision,2.731,,,tracking,0.1450,0.1811,1,line_curve_center_riding,-0.1412,-0.1540,0.0593,0.6439,0.8272,7,0.2134,0.5846,0.7980,0.1831,0.1811,IDLE,1,0,step_done_latches_cleared,0,0,0.000,0,nan,nan,nan,0.0000,0,5,0.6000,0.6151,0.1675,0.6151,-0.0151,本圈台阶完成,1,0.0000,0.150,0.330
5670.728,SEEK_CROSSWALK,26.305,0,2.731,0.0000,0.0000,vision,2.731,,,tracking,0.1450,0.0706,1,line_curve_center_riding,0.0334,0.0120,0.3678,0.7287,0.7332,6,0.3557,0.3609,0.7167,0.3695,0.0706,IDLE,1,0,step_done_latches_cleared,0,0,0.000,0,nan,nan,nan,0.0000,0,5,0.6000,0.6151,0.1675,0.6151,-0.0151,本圈台阶完成,1,0.0000,0.150,0.330
5671.167,SEEK_CROSSWALK,26.744,0,2.731,0.0000,0.0000,vision,2.731,,,tracking,0.1450,-0.2252,1,line_curve_center_riding,0.4916,0.4735,0.7750,0.7750,0.4258,3,0.3015,0.0000,0.3015,0.6745,-0.2252,IDLE,1,0,step_done_latches_cleared,0,0,0.000,0,nan,nan,nan,0.0000,0,5,0.6000,0.6151,0.1675,0.6151,-0.0151,本圈台阶完成,1,0.0000,0.150,0.330
5671.400,SEEK_CROSSWALK,26.977,0,2.731,0.0000,0.0000,vision,2.731,,,tracking,0.1050,-0.4912,1,line_hard_turn_centering,0.6970,0.6938,0.7259,0.7259,0.3846,2,0.0321,0.0000,0.0321,0.7152,-0.4912,IDLE,1,0,step_done_latches_cleared,0,0,0.000,0,nan,nan,nan,0.0000,0,5,0.6000,0.6151,0.1675,0.6151,-0.0151,本圈台阶完成,1,0.0000,0.150,0.330
5671.526,SEEK_CROSSWALK,27.103,0,2.731,0.0000,0.0000,vision,2.731,,,tracking,0.1050,-0.5600,1,line_hard_turn_centering,0.7832,0.7799,0.8130,0.8130,0.3820,2,0.0331,0.0000,0.0331,0.8019,-0.5600,IDLE,1,0,step_done_latches_cleared,0,0,0.000,0,nan,nan,nan,0.0000,0,5,0.6000,0.6151,0.1675,0.6151,-0.0151,本圈台阶完成,1,0.0000,0.150,0.330
5671.667,SEEK_CROSSWALK,27.243,0,2.731,0.0000,0.0000,vision,2.731,,,tracking,0.1050,-0.5600,1,line_hard_turn_centering,0.7768,0.7728,0.8126,0.8126,0.3631,2,0.0398,0.0000,0.0398,0.7993,-0.5600,IDLE,1,0,step_done_latches_cleared,0,0,0.000,0,nan,nan,nan,0.0000,0,5,0.6000,0.6151,0.1675,0.6151,-0.0151,本圈台阶完成,1,0.0000,0.150,0.330
5671.785,SEEK_CROSSWALK,27.362,0,2.731,0.0000,0.0000,vision,2.731,,,tracking,0.1050,-0.5600,1,line_hard_turn_centering,0.7227,0.7185,0.7613,0.7613,0.3544,2,0.0429,0.0000,0.0429,0.7470,-0.5600,IDLE,1,0,step_done_latches_cleared,0,0,0.000,0,nan,nan,nan,0.0000,0,5,0.6000,0.6151,0.1675,0.6151,-0.0151,本圈台阶完成,1,0.0000,0.150,0.330
5671.910,SEEK_CROSSWALK,27.487,0,2.731,0.0000,0.0000,vision,2.731,,,tracking,0.1000,-0.7000,1,line_curve_center_riding,0.6163,0.6040,0.8091,0.8091,0.4561,3,0.2051,0.0000,0.2051,0.7407,-0.7000,IDLE,1,0,step_done_latches_cleared,0,0,0.000,0,nan,nan,nan,0.0000,0,5,0.6000,0.6151,0.1675,0.6151,-0.0151,本圈台阶完成,1,0.0000,0.150,0.330
5672.048,SEEK_CROSSWALK,27.624,0,2.731,0.0000,0.0000,vision,2.731,,,tracking,0.1000,-0.6396,1,line_curve_center_riding,0.5323,0.5176,0.7630,0.7630,0.4416,3,0.2454,0.0000,0.2454,0.6812,-0.6396,IDLE,1,0,step_done_latches_cleared,0,0,0.000,0,nan,nan,nan,0.0000,0,5,0.6000,0.6151,0.1675,0.6151,-0.0151,本圈台阶完成,1,0.0000,0.150,0.330
5672.175,SEEK_CROSSWALK,27.752,0,2.731,0.0000,0.0000,vision,2.731,,,tracking,0.1140,-0.5290,1,line_curve_center_riding,0.3972,0.3840,0.6042,0.6042,0.4544,3,0.2202,0.0000,0.2202,0.5308,-0.5290,IDLE,1,0,step_done_latches_cleared,0,0,0.000,0,nan,nan,nan,0.0000,0,5,0.6000,0.6151,0.1675,0.6151,-0.0151,本圈台阶完成,1,0.0000,0.150,0.330
5672.299,SEEK_CROSSWALK,27.876,0,2.731,0.0000,0.0000,vision,2.731,,,tracking,0.1450,-0.3935,1,line_curve_center_riding,0.2488,0.2284,0.5682,0.5682,0.5567,4,0.3398,0.0000,0.3398,0.4549,-0.3935,IDLE,1,0,step_done_latches_cleared,0,0,0.000,0,nan,nan,nan,0.0000,0,5,0.6000,0.6151,0.1675,0.6151,-0.0151,本圈台阶完成,1,0.0000,0.150,0.330
5672.427,SEEK_CROSSWALK,28.003,0,2.731,0.0000,0.0000,vision,2.731,,,tracking,0.1450,-0.2455,1,line_curve_center_riding,0.0982,0.0757,0.4516,0.4516,0.5548,4,0.3760,0.0000,0.3760,0.3263,-0.2455,IDLE,1,0,step_done_latches_cleared,0,0,0.000,0,nan,nan,nan,0.0000,0,5,0.6000,0.6151,0.1675,0.6151,-0.0151,本圈台阶完成,1,0.0000,0.150,0.330
5672.583,SEEK_CROSSWALK,28.159,0,2.731,0.0000,0.0000,vision,2.731,,,tracking,0.1450,-0.1082,1,line_recenter_transition,-0.0277,-0.0377,0.4641,0.5507,0.6345,5,0.5018,0.0866,0.5885,0.3257,-0.1082,IDLE,1,0,step_done_latches_cleared,0,0,0.000,0,nan,nan,nan,0.0000,0,5,0.6000,0.6151,0.1675,0.6151,-0.0151,本圈台阶完成,1,0.0000,0.150,0.330
5672.716,SEEK_CROSSWALK,28.293,0,2.731,0.0000,0.0000,vision,2.731,,,tracking,0.1450,0.0167,1,line_recenter_transition,-0.1260,-0.1357,0.3516,0.4478,0.6371,5,0.4873,0.0962,0.5835,0.2212,0.0167,IDLE,1,0,step_done_latches_cleared,0,0,0.000,0,nan,nan,nan,0.0000,0,5,0.6000,0.6151,0.1675,0.6151,-0.0151,本圈台阶完成,1,0.0000,0.150,0.330
5672.845,SEEK_CROSSWALK,28.421,0,2.731,0.0000,0.0000,vision,2.731,,,tracking,0.1450,0.1137,1,line_recenter_transition,-0.1932,-0.2026,0.2666,0.6892,0.7076,6,0.4692,0.4227,0.8918,0.2511,0.1137,IDLE,1,0,step_done_latches_cleared,0,0,0.000,0,nan,nan,nan,0.0000,0,5,0.6000,0.6151,0.1675,0.6151,-0.0151,本圈台阶完成,1,0.0000,0.150,0.330
5672.977,SEEK_CROSSWALK,28.554,0,2.731,0.0000,0.0000,vision,2.731,,,tracking,0.1450,0.1649,1,line_recenter_transition,-0.2032,-0.2116,0.2107,0.2920,0.6505,5,0.4223,0.0813,0.5036,0.0970,0.1649,IDLE,1,0,step_done_latches_cleared,0,0,0.000,0,nan,nan,nan,0.0000,0,5,0.6000,0.6151,0.1675,0.6151,-0.0151,本圈台阶完成,1,0.0000,0.150,0.330
5673.126,SEEK_CROSSWALK,28.703,0,2.731,0.0000,0.0000,vision,2.731,,,tracking,0.1450,0.1925,1,line_recenter_transition,-0.2063,-0.2154,0.2405,0.6903,0.7071,6,0.4560,0.4498,0.9057,0.2385,0.1925,IDLE,1,0,step_done_latches_cleared,0,0,0.000,0,nan,nan,nan,0.0000,0,5,0.6000,0.6151,0.1675,0.6151,-0.0151,本圈台阶完成,1,0.0000,0.150,0.330
5673.270,SEEK_CROSSWALK,28.847,0,2.731,0.0000,0.0000,vision,2.731,,,tracking,0.1450,0.1852,1,line_recenter_transition,-0.1685,-0.1768,0.2386,0.3183,0.6524,5,0.4154,0.0797,0.4951,0.1267,0.1852,IDLE,1,0,step_done_latches_cleared,0,0,0.000,0,nan,nan,nan,0.0000,0,5,0.6000,0.6151,0.1675,0.6151,-0.0151,本圈台阶完成,1,0.0000,0.150,0.330
5673.394,SEEK_CROSSWALK,28.971,0,2.731,0.0000,0.0000,vision,2.731,,,tracking,0.1450,0.1591,1,line_recenter_transition,-0.1267,-0.1362,0.3383,0.7832,0.7047,6,0.4746,0.4448,0.9194,0.3284,0.1591,IDLE,1,0,step_done_latches_cleared,0,0,0.000,0,nan,nan,nan,0.0000,0,5,0.6000,0.6151,0.1675,0.6151,-0.0151,本圈台阶完成,1,0.0000,0.150,0.330
5673.536,SEEK_CROSSWALK,29.113,0,2.731,0.0000,0.0000,vision,2.731,,,tracking,0.1450,0.1070,1,line_recenter_transition,-0.0550,-0.0646,0.4159,0.5144,0.6388,5,0.4805,0.0985,0.5790,0.2885,0.1070,IDLE,1,0,step_done_latches_cleared,0,0,0.000,0,nan,nan,nan,0.0000,0,5,0.6000,0.6151,0.1675,0.6151,-0.0151,本圈台阶完成,1,0.0000,0.150,0.330
5673.687,SEEK_CROSSWALK,29.263,0,2.731,0.0000,0.0000,vision,2.731,,,tracking,0.1450,0.0241,1,line_curve_center_riding,0.0497,0.0167,0.5670,0.6835,0.6248,5,0.5503,0.1165,0.6668,0.4224,0.0241,IDLE,1,0,step_done_latches_cleared,0,0,0.000,0,nan,nan,nan,0.0000,0,5,0.6000,0.6151,0.1675,0.6151,-0.0151,本圈台阶完成,1,0.0000,0.150,0.330
5673.811,SEEK_CROSSWALK,29.388,0,2.731,0.0000,0.0000,vision,2.731,,,tracking,0.1450,-0.0497,1,line_curve_center_riding,0.1100,0.0756,0.6478,0.7646,0.6201,5,0.5721,0.1168,0.6890,0.4960,-0.0497,IDLE,1,0,step_done_latches_cleared,0,0,0.000,0,nan,nan,nan,0.0000,0,5,0.6000,0.6151,0.1675,0.6151,-0.0151,本圈台阶完成,1,0.0000,0.150,0.330
5673.938,SEEK_CROSSWALK,29.514,0,2.731,0.0000,0.0000,vision,2.731,,,tracking,0.1450,-0.1165,1,line_curve_center_riding,0.1676,0.1439,0.5386,0.5386,0.5526,4,0.3948,0.0000,0.3948,0.4071,-0.1165,IDLE,1,0,step_done_latches_cleared,0,0,0.000,0,nan,nan,nan,0.0000,0,5,0.6000,0.6151,0.1675,0.6151,-0.0151,本圈台阶完成,1,0.0000,0.150,0.330
5674.085,SEEK_CROSSWALK,29.662,0,2.731,0.0000,0.0000,vision,2.731,,,tracking,0.1450,-0.1755,1,line_curve_center_riding,0.2172,0.1899,0.6450,0.6450,0.5407,4,0.4551,0.0000,0.4551,0.4933,-0.1755,IDLE,1,0,step_done_latches_cleared,0,0,0.000,0,nan,nan,nan,0.0000,0,5,0.6000,0.6151,0.1675,0.6151,-0.0151,本圈台阶完成,1,0.0000,0.150,0.330
5674.212,SEEK_CROSSWALK,29.788,0,2.731,0.0000,0.0000,vision,2.731,,,tracking,0.1450,-0.2288,1,line_curve_center_riding,0.2587,0.2285,0.7318,0.7318,0.5300,4,0.5033,0.0000,0.5033,0.5640,-0.2288,IDLE,1,0,step_done_latches_cleared,0,0,0.000,0,nan,nan,nan,0.0000,0,5,0.6000,0.6151,0.1675,0.6151,-0.0151,本圈台阶完成,1,0.0000,0.150,0.330
5674.339,SEEK_CROSSWALK,29.916,0,2.731,0.0000,0.0000,vision,2.731,,,tracking,0.1450,-0.2791,1,line_curve_center_riding,0.3031,0.2732,0.7728,0.7728,0.5266,4,0.4996,0.0000,0.4996,0.6063,-0.2791,IDLE,1,0,step_done_latches_cleared,0,0,0.000,0,nan,nan,nan,0.0000,0,5,0.6000,0.6151,0.1675,0.6151,-0.0151,本圈台阶完成,1,0.0000,0.150,0.330
5674.468,SEEK_CROSSWALK,30.045,0,2.731,0.0000,0.0000,vision,2.731,,,tracking,0.1450,-0.3303,1,line_curve_center_riding,0.3511,0.3208,0.8257,0.8257,0.5223,4,0.5049,0.0000,0.5049,0.6574,-0.3303,IDLE,1,0,step_done_latches_cleared,0,0,0.000,0,nan,nan,nan,0.0000,0,5,0.6000,0.6151,0.1675,0.6151,-0.0151,本圈台阶完成,1,0.0000,0.150,0.330
5674.611,SEEK_CROSSWALK,30.188,0,2.731,0.0000,0.0000,vision,2.731,,,tracking,0.1450,-0.3774,1,line_curve_center_riding,0.3925,0.3624,0.8642,0.8642,0.5224,4,0.5018,0.0000,0.5018,0.6969,-0.3774,IDLE,1,0,step_done_latches_cleared,0,0,0.000,0,nan,nan,nan,0.0000,0,5,0.6000,0.6151,0.1675,0.6151,-0.0151,本圈台阶完成,1,0.0000,0.150,0.330
5674.738,SEEK_CROSSWALK,30.315,0,2.731,0.0000,0.0000,vision,2.731,,,tracking,0.1401,-0.4274,1,line_curve_center_riding,0.4392,0.4246,0.6671,0.6671,0.4429,3,0.2425,0.0000,0.2425,0.5863,-0.4274,IDLE,1,0,step_done_latches_cleared,0,0,0.000,0,nan,nan,nan,0.0000,0,5,0.6000,0.6151,0.1675,0.6151,-0.0151,本圈台阶完成,1,0.0000,0.150,0.330
5674.871,SEEK_CROSSWALK,30.447,0,2.731,0.0000,0.0000,vision,2.731,,,tracking,0.1258,-0.4829,1,line_curve_center_riding,0.4958,0.4795,0.7513,0.7513,0.4288,3,0.2718,0.0000,0.2718,0.6607,-0.4829,IDLE,1,0,step_done_latches_cleared,0,0,0.000,0,nan,nan,nan,0.0000,0,5,0.6000,0.6151,0.1675,0.6151,-0.0151,本圈台阶完成,1,0.0000,0.150,0.330
5675.000,SEEK_CROSSWALK,30.576,0,2.731,0.0000,0.0000,vision,2.731,,,tracking,0.1139,-0.5294,1,line_curve_center_riding,0.5320,0.5162,0.7795,0.7795,0.4333,3,0.2633,0.0000,0.2633,0.6918,-0.5294,IDLE,1,0,step_done_latches_cleared,0,0,0.000,0,nan,nan,nan,0.0000,0,5,0.6000,0.6151,0.1675,0.6151,-0.0151,本圈台阶完成,1,0.0000,0.150,0.330
5675.131,SEEK_CROSSWALK,30.707,0,2.731,0.0000,0.0000,vision,2.731,,,tracking,0.1028,-0.5723,1,line_curve_center_riding,0.5685,0.5526,0.8174,0.8174,0.4274,3,0.2649,0.0000,0.2649,0.7291,-0.5723,IDLE,1,0,step_done_latches_cleared,0,0,0.000,0,nan,nan,nan,0.0000,0,5,0.6000,0.6151,0.1675,0.6151,-0.0151,本圈台阶完成,1,0.0000,0.150,0.330
5675.255,SEEK_CROSSWALK,30.831,0,2.731,0.0000,0.0000,vision,2.731,,,tracking,0.1050,-0.5600,1,line_hard_turn_centering,0.5733,0.5685,0.6169,0.6169,0.3390,2,0.0484,0.0000,0.0484,0.6007,-0.5600,IDLE,1,0,step_done_latches_cleared,0,0,0.000,0,nan,nan,nan,0.0000,0,5,0.6000,0.6151,0.1675,0.6151,-0.0151,本圈台阶完成,1,0.0000,0.150,0.330
5675.382,SEEK_CROSSWALK,30.958,0,2.731,0.0000,0.0000,vision,2.731,,,tracking,0.1050,-0.5600,1,line_hard_turn_centering,0.5834,0.5787,0.6256,0.6256,0.3430,2,0.0469,0.0000,0.0469,0.6100,-0.5600,IDLE,1,0,step_done_latches_cleared,0,0,0.000,0,nan,nan,nan,0.0000,0,5,0.6000,0.6151,0.1675,0.6151,-0.0151,本圈台阶完成,1,0.0000,0.150,0.330
5675.515,SEEK_CROSSWALK,31.092,0,2.731,0.0000,0.0000,vision,2.731,,,tracking,0.1000,-0.6274,1,line_curve_center_riding,0.5945,0.5781,0.8526,0.8526,0.4205,3,0.2745,0.0000,0.2745,0.7611,-0.6274,IDLE,1,0,step_done_latches_cleared,0,0,0.000,0,nan,nan,nan,0.0000,0,5,0.6000,0.6151,0.1675,0.6151,-0.0151,本圈台阶完成,1,0.0000,0.150,0.330
5675.646,SEEK_CROSSWALK,31.223,0,2.731,0.0000,0.0000,vision,2.731,,,tracking,0.1000,-0.6194,1,line_curve_center_riding,0.5687,0.5513,0.8408,0.8408,0.4147,3,0.2895,0.0000,0.2895,0.7443,-0.6194,IDLE,1,0,step_done_latches_cleared,0,0,0.000,0,nan,nan,nan,0.0000,0,5,0.6000,0.6151,0.1675,0.6151,-0.0151,本圈台阶完成,1,0.0000,0.150,0.330
5675.777,SEEK_CROSSWALK,31.354,0,2.731,0.0000,0.0000,vision,2.731,,,tracking,0.1000,-0.5848,1,line_curve_center_riding,0.5138,0.4957,0.7968,0.7968,0.4127,3,0.3011,0.0000,0.3011,0.6964,-0.5848,IDLE,1,0,step_done_latches_cleared,0,0,0.000,0,nan,nan,nan,0.0000,0,5,0.6000,0.6151,0.1675,0.6151,-0.0151,本圈台阶完成,1,0.0000,0.150,0.330
5675.910,SEEK_CROSSWALK,31.487,0,2.731,0.0000,0.0000,vision,2.731,,,tracking,0.1186,-0.5111,1,line_center_tracking,0.4120,0.3997,0.4437,0.4437,0.3510,2,0.0441,0.0000,0.0441,0.4290,-0.5111,IDLE,1,0,step_done_latches_cleared,0,0,0.000,0,nan,nan,nan,0.0000,0,5,0.6000,0.6151,0.1675,0.6151,-0.0151,本圈台阶完成,1,0.0000,0.150,0.330
5676.039,SEEK_CROSSWALK,31.616,0,2.731,0.0000,0.0000,vision,2.731,,,tracking,0.1336,-0.4528,1,line_curve_center_riding,0.3669,0.3341,0.8799,0.8799,0.5043,4,0.5458,0.0000,0.5458,0.6980,-0.4528,IDLE,1,0,step_done_latches_cleared,0,0,0.000,0,nan,nan,nan,0.0000,0,5,0.6000,0.6151,0.1675,0.6151,-0.0151,本圈台阶完成,1,0.0000,0.150,0.330
5676.169,SEEK_CROSSWALK,31.746,0,2.731,0.0000,0.0000,vision,2.731,,,tracking,0.1450,-0.3769,1,line_curve_center_riding,0.2835,0.2484,0.8322,0.8322,0.5001,4,0.5838,0.0000,0.5838,0.6376,-0.3769,IDLE,1,0,step_done_latches_cleared,0,0,0.000,0,nan,nan,nan,0.0000,0,5,0.6000,0.6151,0.1675,0.6151,-0.0151,本圈台阶完成,1,0.0000,0.150,0.330
5676.302,SEEK_CROSSWALK,31.879,0,2.731,0.0000,0.0000,vision,2.731,,,tracking,0.1450,-0.3358,1,line_curve_center_riding,0.2711,0.2386,0.7797,0.8400,0.8189,7,0.5411,0.0604,0.6014,0.6194,-0.3358,IDLE,1,0,step_done_latches_cleared,0,0,0.000,0,nan,nan,nan,0.0000,0,5,0.6000,0.6151,0.1675,0.6151,-0.0151,本圈台阶完成,1,0.0000,0.150,0.330
5676.432,SEEK_CROSSWALK,32.009,0,2.731,0.0000,0.0000,vision,2.731,,,tracking,0.1450,-0.2876,1,line_curve_center_riding,0.2240,0.1912,0.7380,0.8081,0.9102,8,0.5468,0.0701,0.6169,0.5791,-0.2876,IDLE,1,0,step_done_latches_cleared,0,0,0.000,0,nan,nan,nan,0.0000,0,5,0.6000,0.6151,0.1675,0.6151,-0.0151,本圈台阶完成,1,0.0000,0.150,0.330
5676.559,SEEK_CROSSWALK,32.135,0,2.731,0.0000,0.0000,vision,2.731,,,tracking,0.1450,-0.2305,1,line_curve_center_riding,0.1642,0.1318,0.6709,0.7606,0.9084,8,0.5391,0.0897,0.6288,0.5211,-0.2305,IDLE,1,0,step_done_latches_cleared,0,0,0.000,0,nan,nan,nan,0.0000,0,5,0.6000,0.6151,0.1675,0.6151,-0.0151,本圈台阶完成,1,0.0000,0.150,0.330
5676.688,SEEK_CROSSWALK,32.265,0,2.731,0.0000,0.0000,vision,2.731,,,tracking,0.1450,-0.1615,1,line_curve_center_riding,0.0897,0.0583,0.5818,0.7099,0.9122,8,0.5235,0.1281,0.6516,0.4500,-0.1615,IDLE,1,0,step_done_latches_cleared,0,0,0.000,0,nan,nan,nan,0.0000,0,5,0.6000,0.6151,0.1675,0.6151,-0.0151,本圈台阶完成,1,0.0000,0.150,0.330
5676.827,SEEK_CROSSWALK,32.404,0,2.731,0.0000,0.0000,vision,2.731,,,tracking,0.1450,-0.1030,1,line_curve_center_riding,0.0418,0.0117,0.5146,0.6573,0.9165,8,0.5030,0.1427,0.6457,0.3945,-0.1030,IDLE,1,0,step_done_latches_cleared,0,0,0.000,0,nan,nan,nan,0.0000,0,5,0.6000,0.6151,0.1675,0.6151,-0.0151,本圈台阶完成,1,0.0000,0.150,0.330
5676.959,SEEK_CROSSWALK,32.535,0,2.731,0.0000,0.0000,vision,2.731,,,tracking,0.1450,-0.0564,1,line_curve_center_riding,0.0099,-0.0195,0.4709,0.6179,0.9192,8,0.4905,0.1469,0.6374,0.3564,-0.0564,IDLE,1,0,step_done_latches_cleared,0,0,0.000,0,nan,nan,nan,0.0000,0,5,0.6000,0.6151,0.1675,0.6151,-0.0151,本圈台阶完成,1,0.0000,0.150,0.330
5677.088,SEEK_CROSSWALK,32.665,0,2.731,0.0000,0.0000,vision,2.731,,,tracking,0.1450,-0.0079,1,line_recenter_transition,-0.0354,-0.0449,0.4335,0.5822,0.9211,8,0.4784,0.1487,0.6271,0.3236,-0.0079,IDLE,1,0,step_done_latches_cleared,0,0,0.000,0,nan,nan,nan,0.0000,0,5,0.6000,0.6151,0.1675,0.6151,-0.0151,本圈台阶完成,1,0.0000,0.150,0.330
5677.219,SEEK_CROSSWALK,32.795,0,2.731,0.0000,0.0000,vision,2.731,,,tracking,0.1450,0.0247,1,line_recenter_transition,-0.0534,-0.0627,0.4040,0.5521,0.9228,8,0.4667,0.1482,0.6149,0.2978,0.0247,IDLE,1,0,step_done_latches_cleared,0,0,0.000,0,nan,nan,nan,0.0000,0,5,0.6000,0.6151,0.1675,0.6151,-0.0151,本圈台阶完成,1,0.0000,0.150,0.330
5677.369,SEEK_CROSSWALK,32.946,0,2.731,0.0000,0.0000,vision,2.731,,,tracking,0.1450,0.0358,1,line_recenter_transition,-0.0457,-0.0549,0.4078,0.5446,0.9240,8,0.4627,0.1368,0.5995,0.2992,0.0358,IDLE,1,0,step_done_latches_cleared,0,0,0.000,0,nan,nan,nan,0.0000,0,5,0.6000,0.6151,0.1675,0.6151,-0.0151,本圈台阶完成,1,0.0000,0.150,0.330
5677.497,SEEK_CROSSWALK,33.074,0,2.731,0.0000,0.0000,vision,2.731,,,tracking,0.1450,0.0127,1,line_curve_center_riding,0.0050,-0.0224,0.4356,0.5532,0.9248,8,0.4580,0.1177,0.5757,0.3221,0.0127,IDLE,1,0,step_done_latches_cleared,0,0,0.000,0,nan,nan,nan,0.0000,0,5,0.6000,0.6151,0.1675,0.6151,-0.0151,本圈台阶完成,1,0.0000,0.150,0.330
5677.630,SEEK_CROSSWALK,33.207,0,2.731,0.0000,0.0000,vision,2.731,,,tracking,0.1450,-0.0210,1,line_curve_center_riding,0.0480,0.0207,0.4751,0.5679,0.9251,8,0.4544,0.0928,0.5471,0.3546,-0.0210,IDLE,1,0,step_done_latches_cleared,0,0,0.000,0,nan,nan,nan,0.0000,0,5,0.6000,0.6151,0.1675,0.6151,-0.0151,本圈台阶完成,1,0.0000,0.150,0.330
5677.759,SEEK_CROSSWALK,33.336,0,2.731,0.0000,0.0000,vision,2.731,,,tracking,0.1450,-0.0671,1,line_curve_center_riding,0.1014,0.0750,0.5142,0.5790,0.9265,8,0.4392,0.0648,0.5040,0.3894,-0.0671,IDLE,1,0,step_done_latches_cleared,0,0,0.000,0,nan,nan,nan,0.0000,0,5,0.6000,0.6151,0.1675,0.6151,-0.0151,本圈台阶完成,1,0.0000,0.150,0.330
5677.893,SEEK_CROSSWALK,33.469,0,2.731,0.0000,0.0000,vision,2.731,,,tracking,0.1450,-0.1168,1,line_curve_center_riding,0.1519,0.1265,0.5486,0.5845,0.9277,8,0.4221,0.0358,0.4580,0.4199,-0.1168,IDLE,1,0,step_done_latches_cleared,0,0,0.000,0,nan,nan,nan,0.0000,0,5,0.6000,0.6151,0.1675,0.6151,-0.0151,本圈台阶完成,1,0.0000,0.150,0.330
5678.027,SEEK_CROSSWALK,33.603,0,2.731,0.0000,0.0000,vision,2.731,,,tracking,0.1450,-0.1663,1,line_curve_center_riding,0.1979,0.1743,0.5675,0.5692,0.9303,8,0.3932,0.0016,0.3949,0.4370,-0.1663,IDLE,1,0,step_done_latches_cleared,0,0,0.000,0,nan,nan,nan,0.0000,0,5,0.6000,0.6151,0.1675,0.6151,-0.0151,本圈台阶完成,1,0.0000,0.150,0.330
5678.167,SEEK_CROSSWALK,33.744,0,2.731,0.0000,0.0000,vision,2.731,,,tracking,0.1450,-0.2156,1,line_curve_center_riding,0.2439,0.2228,0.5749,0.5420,0.9344,8,0.3521,0.0329,0.3192,0.4465,-0.2156,IDLE,1,0,step_done_latches_cleared,0,0,0.000,0,nan,nan,nan,0.0000,0,5,0.6000,0.6151,0.1675,0.6151,-0.0151,本圈台阶完成,1,0.0000,0.150,0.330
5678.314,SEEK_CROSSWALK,33.890,0,2.731,0.0000,0.0000,vision,2.731,,,tracking,0.1450,-0.2571,1,line_curve_center_riding,0.2762,0.2578,0.5647,0.4977,0.9390,8,0.3070,0.0671,0.2399,0.4401,-0.2571,IDLE,1,0,step_done_latches_cleared,0,0,0.000,0,nan,nan,nan,0.0000,0,5,0.6000,0.6151,0.1675,0.6151,-0.0151,本圈台阶完成,1,0.0000,0.150,0.330
5678.446,SEEK_CROSSWALK,34.023,0,2.731,0.0000,0.0000,vision,2.731,,,tracking,0.1700,-0.2892,1,line_curve_center_riding,0.2970,0.2821,0.5297,0.4218,0.9434,8,0.2476,0.1079,0.1397,0.4112,-0.2892,IDLE,1,0,step_done_latches_cleared,0,0,0.000,0,nan,nan,nan,0.0000,0,5,0.6000,0.6151,0.1675,0.6151,-0.0151,本圈台阶完成,1,0.0000,0.150,0.330
5678.579,SEEK_CROSSWALK,34.155,0,2.731,0.0000,0.0000,vision,2.731,,,tracking,0.1700,-0.3109,1,line_curve_center_riding,0.3083,0.2962,0.4970,0.3570,0.9466,8,0.2007,0.1399,0.0608,0.3834,-0.3109,IDLE,1,0,step_done_latches_cleared,0,0,0.000,0,nan,nan,nan,0.0000,0,5,0.6000,0.6151,0.1675,0.6151,-0.0151,本圈台阶完成,1,0.0000,0.150,0.330
5678.717,SEEK_CROSSWALK,34.294,0,2.731,0.0000,0.0000,vision,2.731,,,tracking,0.1683,-0.3179,1,line_curve_center_riding,0.3022,0.2941,0.4288,0.3088,0.8778,7,0.1347,0.1200,0.0147,0.3439,-0.3179,IDLE,1,0,step_done_latches_cleared,0,0,0.000,0,nan,nan,nan,0.0000,0,5,0.6000,0.6151,0.1675,0.6151,-0.0151,本圈台阶完成,1,0.0000,0.150,0.330
5678.845,SEEK_CROSSWALK,34.422,0,2.731,0.0000,0.0000,vision,2.731,,,tracking,0.1686,-0.3164,1,line_curve_center_riding,0.2926,0.2875,0.3733,0.2145,0.8782,7,0.0858,0.1588,0.0730,0.2918,-0.3164,IDLE,1,0,step_done_latches_cleared,0,0,0.000,0,nan,nan,nan,0.0000,0,5,0.6000,0.6151,0.1675,0.6151,-0.0151,本圈台阶完成,1,0.0000,0.150,0.330
5678.983,SEEK_CROSSWALK,34.560,0,2.731,0.0000,0.0000,vision,2.731,,,tracking,0.1700,-0.3007,1,line_curve_center_riding,0.2659,0.2639,0.2982,0.0572,0.9520,8,0.0343,0.2410,0.2067,0.2064,-0.3007,IDLE,1,0,step_done_latches_cleared,0,0,0.000,0,nan,nan,nan,0.0000,0,5,0.6000,0.6151,0.1675,0.6151,-0.0151,本圈台阶完成,1,0.0000,0.150,0.330
5679.120,SEEK_CROSSWALK,34.697,0,2.731,0.0000,0.0000,vision,2.731,,,tracking,0.1700,-0.2717,1,line_curve_center_riding,0.2273,0.2280,0.2155,-0.0843,0.9459,8,0.0125,0.2999,0.3123,0.1197,-0.2717,IDLE,1,0,step_done_latches_cleared,0,0,0.000,0,nan,nan,nan,0.0000,0,5,0.6000,0.6151,0.1675,0.6151,-0.0151,本圈台阶完成,1,0.0000,0.150,0.330
5679.248,SEEK_CROSSWALK,34.825,0,2.731,0.0000,0.0000,vision,2.731,,,tracking,0.1450,-0.2352,1,line_curve_center_riding,0.1866,0.1896,0.1389,-0.2540,0.9320,8,0.0507,0.3930,0.4436,0.0248,-0.2352,IDLE,1,0,step_done_latches_cleared,0,0,0.000,0,nan,nan,nan,0.0000,0,5,0.6000,0.6151,0.1675,0.6151,-0.0151,本圈台阶完成,1,0.0000,0.150,0.330
5679.383,SEEK_CROSSWALK,34.959,0,2.731,0.0000,0.0000,vision,2.731,,,tracking,0.1450,-0.1889,1,line_curve_center_riding,0.1347,0.1416,0.0267,-0.3489,0.8608,7,0.1150,0.3756,0.4905,-0.0602,-0.1889,IDLE,1,0,step_done_latches_cleared,0,0,0.000,0,nan,nan,nan,0.0000,0,5,0.6000,0.6151,0.1675,0.6151,-0.0151,本圈台阶完成,1,0.0000,0.150,0.330
5679.509,SEEK_CROSSWALK,35.086,0,2.731,0.0000,0.0000,vision,2.731,,,tracking,0.1450,-0.1452,1,line_curve_center_riding,0.0961,0.1052,-0.0469,-0.5022,0.8449,7,0.1521,0.4553,0.6074,-0.1480,-0.1452,IDLE,1,0,step_done_latches_cleared,0,0,0.000,0,nan,nan,nan,0.0000,0,5,0.6000,0.6151,0.1675,0.6151,-0.0151,本圈台阶完成,1,0.0000,0.150,0.330
5679.640,SEEK_CROSSWALK,35.217,0,2.731,0.0000,0.0000,vision,2.731,,,tracking,0.1450,-0.0932,1,line_curve_center_riding,0.0410,0.0543,-0.1678,-0.7261,0.8314,7,0.2221,0.5583,0.7804,-0.2799,-0.0932,IDLE,1,0,step_done_latches_cleared,0,0,0.000,0,nan,nan,nan,0.0000,0,5,0.6000,0.6151,0.1675,0.6151,-0.0151,本圈台阶完成,1,0.0000,0.150,0.330
5679.778,SEEK_CROSSWALK,35.355,0,2.731,0.0000,0.0000,vision,2.731,,,tracking,0.1450,-0.0277,1,line_curve_center_riding,-0.0316,-0.0164,-0.2694,-0.4995,0.7611,6,0.2530,0.2302,0.4831,-0.2618,-0.0277,IDLE,1,0,step_done_latches_cleared,0,0,0.000,0,nan,nan,nan,0.0000,0,5,0.6000,0.6151,0.1675,0.6151,-0.0151,本圈台阶完成,1,0.0000,0.150,0.330
5679.907,SEEK_CROSSWALK,35.484,0,2.731,0.0000,0.0000,vision,2.731,,,tracking,0.1450,0.0284,1,line_curve_center_riding,-0.0763,-0.0564,-0.3869,-0.7461,0.7366,6,0.3305,0.3592,0.6896,-0.3965,0.0284,IDLE,1,0,step_done_latches_cleared,0,0,0.000,0,nan,nan,nan,0.0000,0,5,0.6000,0.6151,0.1675,0.6151,-0.0151,本圈台阶完成,1,0.0000,0.150,0.330
5680.031,SEEK_CROSSWALK,35.608,0,2.731,0.0000,0.0000,vision,2.731,,,tracking,0.1450,0.0850,1,line_curve_center_riding,-0.1283,-0.1050,-0.4942,-0.8856,0.7242,6,0.3892,0.3914,0.7807,-0.4949,0.0850,IDLE,1,0,step_done_latches_cleared,0,0,0.000,0,nan,nan,nan,0.0000,0,5,0.6000,0.6151,0.1675,0.6151,-0.0151,本圈台阶完成,1,0.0000,0.150,0.330
5680.158,SEEK_CROSSWALK,35.735,0,2.731,0.0000,0.0000,vision,2.731,,,tracking,0.1700,0.1261,1,line_curve_center_riding,-0.1546,-0.1411,-0.3665,-0.3665,0.5991,4,0.2254,0.0000,0.2254,-0.2914,0.1261,IDLE,1,0,step_done_latches_cleared,0,0,0.000,0,nan,nan,nan,0.0000,0,5,0.6000,0.6151,0.1675,0.6151,-0.0151,本圈台阶完成,1,0.0000,0.150,0.330
5680.280,SEEK_CROSSWALK,35.856,0,2.731,0.0000,0.0000,vision,2.731,,,tracking,0.1450,0.1712,1,line_curve_center_riding,-0.1977,-0.1698,-0.6339,-0.7329,0.6447,5,0.4641,0.0989,0.5631,-0.5122,0.1712,IDLE,1,0,step_done_latches_cleared,0,0,0.000,0,nan,nan,nan,0.0000,0,5,0.6000,0.6151,0.1675,0.6151,-0.0151,本圈台阶完成,1,0.0000,0.150,0.330
5680.416,SEEK_CROSSWALK,35.993,0,2.731,0.0000,0.0000,vision,2.731,,,tracking,0.1450,0.1993,1,line_curve_center_riding,-0.2116,-0.1815,-0.6841,-0.7974,0.6356,5,0.5027,0.1133,0.6160,-0.5543,0.1993,IDLE,1,0,step_done_latches_cleared,0,0,0.000,0,nan,nan,nan,0.0000,0,5,0.6000,0.6151,0.1675,0.6151,-0.0151,本圈台阶完成,1,0.0000,0.150,0.330
5680.541,SEEK_CROSSWALK,36.118,0,2.731,0.0000,0.0000,vision,2.731,,,tracking,0.1450,0.2054,1,line_curve_center_riding,-0.1977,-0.1675,-0.6714,-0.7824,0.6343,5,0.5038,0.1110,0.6149,-0.5404,0.2054,IDLE,1,0,step_done_latches_cleared,0,0,0.000,0,nan,nan,nan,0.0000,0,5,0.6000,0.6151,0.1675,0.6151,-0.0151,本圈台阶完成,1,0.0000,0.150,0.330
5680.670,SEEK_CROSSWALK,36.247,0,2.731,0.0000,0.0000,vision,2.731,,,tracking,0.1450,0.2121,1,line_curve_center_riding,-0.2026,-0.1821,-0.5235,-0.5235,0.5623,4,0.3414,0.0000,0.3414,-0.4097,0.2121,IDLE,1,0,step_done_latches_cleared,0,0,0.000,0,nan,nan,nan,0.0000,0,5,0.6000,0.6151,0.1675,0.6151,-0.0151,本圈台阶完成,1,0.0000,0.150,0.330
5680.797,SEEK_CROSSWALK,36.374,0,2.731,0.0000,0.0000,vision,2.731,,,tracking,0.1450,0.2153,1,line_curve_center_riding,-0.2026,-0.1828,-0.5125,-0.5125,0.5657,4,0.3297,0.0000,0.3297,-0.4026,0.2153,IDLE,1,0,step_done_latches_cleared,0,0,0.000,0,nan,nan,nan,0.0000,0,5,0.6000,0.6151,0.1675,0.6151,-0.0151,本圈台阶完成,1,0.0000,0.150,0.330
5680.927,SEEK_CROSSWALK,36.504,0,2.731,0.0000,0.0000,vision,2.731,,,tracking,0.1450,0.1887,1,line_curve_center_riding,-0.1542,-0.1195,-0.6974,-0.8327,0.6180,5,0.5779,0.1353,0.7132,-0.5499,0.1887,IDLE,1,0,step_done_latches_cleared,0,0,0.000,0,nan,nan,nan,0.0000,0,5,0.6000,0.6151,0.1675,0.6151,-0.0151,本圈台阶完成,1,0.0000,0.150,0.330
5681.058,SEEK_CROSSWALK,36.635,0,2.731,0.0000,0.0000,vision,2.731,,,tracking,0.1450,0.1725,1,line_curve_center_riding,-0.1447,-0.1129,-0.6421,-0.7389,0.6308,5,0.5292,0.0968,0.6260,-0.4980,0.1725,IDLE,1,0,step_done_latches_cleared,0,0,0.000,0,nan,nan,nan,0.0000,0,5,0.6000,0.6151,0.1675,0.6151,-0.0151,本圈台阶完成,1,0.0000,0.150,0.330
5681.203,SEEK_CROSSWALK,36.780,0,2.731,0.0000,0.0000,vision,2.731,,,tracking,0.1450,0.1346,1,line_curve_center_riding,-0.0924,-0.0730,-0.3956,-0.3956,0.5661,4,0.3226,0.0000,0.3226,-0.2881,0.1346,IDLE,1,0,step_done_latches_cleared,0,0,0.000,0,nan,nan,nan,0.0000,0,5,0.6000,0.6151,0.1675,0.6151,-0.0151,本圈台阶完成,1,0.0000,0.150,0.330
5681.340,SEEK_CROSSWALK,36.917,0,2.731,0.4000,0.0000,vision,2.731,,,tracking,0.1450,0.0961,1,line_curve_center_riding,-0.0552,-0.0195,-0.6144,-0.7427,0.6193,5,0.5949,0.1283,0.7232,-0.4589,0.0961,IDLE,1,0,step_done_latches_cleared,0,0,0.000,0,nan,nan,nan,0.0000,0,5,0.6000,0.6151,0.1675,0.6151,-0.0151,本圈台阶完成,1,0.0000,0.150,0.330
5681.487,SEEK_CROSSWALK,37.064,0,2.731,0.0000,0.0000,vision,2.731,,,tracking,0.1450,0.0684,1,line_curve_center_riding,-0.0372,-0.0067,-0.5163,-0.6070,0.6361,5,0.5096,0.0907,0.6004,-0.3767,0.0684,IDLE,1,0,step_done_latches_cleared,0,0,0.000,0,nan,nan,nan,0.0000,0,5,0.6000,0.6151,0.1675,0.6151,-0.0151,本圈台阶完成,1,0.0000,0.150,0.330
5681.617,SEEK_CROSSWALK,37.194,0,2.731,0.0000,0.0000,vision,2.731,,,tracking,0.1450,0.0510,1,line_curve_center_riding,-0.0310,-0.0030,-0.4690,-0.5479,0.6436,5,0.4660,0.0789,0.5449,-0.3400,0.0510,IDLE,1,0,step_done_latches_cleared,0,0,0.000,0,nan,nan,nan,0.0000,0,5,0.6000,0.6151,0.1675,0.6151,-0.0151,本圈台阶完成,1,0.0000,0.150,0.330
5681.748,SEEK_CROSSWALK,37.325,0,2.731,0.0000,0.0000,vision,2.731,,,tracking,0.1450,0.0380,1,line_curve_center_riding,-0.0231,0.0079,-0.5076,-0.5983,0.6342,5,0.5154,0.0907,0.6062,-0.3660,0.0380,IDLE,1,0,step_done_latches_cleared,0,0,0.000,0,nan,nan,nan,0.0000,0,5,0.6000,0.6151,0.1675,0.6151,-0.0151,本圈台阶完成,1,0.0000,0.150,0.330
5681.878,SEEK_CROSSWALK,37.455,0,2.731,0.0000,0.0000,vision,2.731,,,tracking,0.1450,0.0266,1,line_curve_center_riding,-0.0143,0.0172,-0.5086,-0.6191,0.6306,5,0.5259,0.1105,0.6364,-0.3702,0.0266,IDLE,1,0,step_done_latches_cleared,0,0,0.000,0,nan,nan,nan,0.0000,0,5,0.6000,0.6151,0.1675,0.6151,-0.0151,本圈台阶完成,1,0.0000,0.150,0.330
5682.022,SEEK_CROSSWALK,37.599,0,2.731,0.0000,0.0000,vision,2.731,,,tracking,0.1450,0.0160,1,line_curve_center_riding,-0.0052,0.0238,-0.4593,-0.5676,0.6378,5,0.4832,0.1083,0.5915,-0.3344,0.0160,IDLE,1,0,step_done_latches_cleared,0,0,0.000,0,nan,nan,nan,0.0000,0,5,0.6000,0.6151,0.1675,0.6151,-0.0151,本圈台阶完成,1,0.0000,0.150,0.330
5682.172,SEEK_CROSSWALK,37.749,0,2.731,0.4000,0.0000,vision,2.731,,,tracking,0.1450,0.0011,1,line_curve_center_riding,0.0121,0.0289,-0.2524,-0.2524,0.5805,4,0.2813,0.0000,0.2813,-0.1586,0.0011,IDLE,1,0,step_done_latches_cleared,0,0,0.000,0,nan,nan,nan,0.0000,0,5,0.6000,0.6151,0.1675,0.6151,-0.0151,本圈台阶完成,1,0.0000,0.150,0.330
5682.306,SEEK_CROSSWALK,37.883,0,2.731,0.0000,0.0000,vision,2.731,,,tracking,0.1450,-0.0037,1,line_curve_center_riding,0.0085,0.0356,-0.4156,-0.5003,0.6455,5,0.4512,0.0846,0.5358,-0.2934,-0.0037,IDLE,1,0,step_done_latches_cleared,0,0,0.000,0,nan,nan,nan,0.0000,0,5,0.6000,0.6151,0.1675,0.6151,-0.0151,本圈台阶完成,1,0.0000,0.150,0.330
5682.438,SEEK_CROSSWALK,38.015,0,2.731,0.0000,0.0000,vision,2.731,,,tracking,0.1450,-0.0235,1,line_recenter_transition,0.0379,0.0472,-0.4172,-0.4976,0.6415,5,0.4644,0.0804,0.5448,-0.2892,-0.0235,IDLE,1,0,step_done_latches_cleared,0,0,0.000,0,nan,nan,nan,0.0000,0,5,0.6000,0.6151,0.1675,0.6151,-0.0151,本圈台阶完成,1,0.0000,0.150,0.330
5682.569,SEEK_CROSSWALK,38.146,0,2.731,0.0000,0.0000,vision,2.731,,,tracking,0.1450,-0.0309,1,line_recenter_transition,0.0362,0.0460,-0.4436,-0.5507,0.6375,5,0.4896,0.1070,0.5966,-0.3161,-0.0309,IDLE,1,0,step_done_latches_cleared,0,0,0.000,0,nan,nan,nan,0.0000,0,5,0.6000,0.6151,0.1675,0.6151,-0.0151,本圈台阶完成,1,0.0000,0.150,0.330
5682.705,SEEK_CROSSWALK,38.282,0,2.731,0.0000,0.0000,vision,2.731,,,tracking,0.1450,-0.0024,1,line_curve_center_riding,-0.0194,0.0115,-0.5039,-0.6086,0.6325,5,0.5154,0.1047,0.6201,-0.3670,-0.0024,IDLE,1,0,step_done_latches_cleared,0,0,0.000,0,nan,nan,nan,0.0000,0,5,0.6000,0.6151,0.1675,0.6151,-0.0151,本圈台阶完成,1,0.0000,0.150,0.330
5682.846,SEEK_CROSSWALK,38.423,0,2.731,0.0000,0.0000,vision,2.731,,,tracking,0.1450,0.0349,1,line_curve_center_riding,-0.0645,-0.0292,-0.6174,-0.7287,0.6188,5,0.5882,0.1113,0.6994,-0.4584,0.0349,IDLE,1,0,step_done_latches_cleared,0,0,0.000,0,nan,nan,nan,0.0000,0,5,0.6000,0.6151,0.1675,0.6151,-0.0151,本圈台阶完成,1,0.0000,0.150,0.330
5682.979,SEEK_CROSSWALK,38.556,0,2.731,0.0000,0.0000,vision,2.731,,,tracking,0.1450,0.0749,1,line_curve_center_riding,-0.1043,-0.0815,-0.4610,-0.4610,0.5500,4,0.3795,0.0000,0.3795,-0.3345,0.0749,IDLE,1,0,step_done_latches_cleared,0,0,0.000,0,nan,nan,nan,0.0000,0,5,0.6000,0.6151,0.1675,0.6151,-0.0151,本圈台阶完成,1,0.0000,0.150,0.330
5683.115,SEEK_CROSSWALK,38.692,0,2.731,0.2000,0.0000,vision,2.731,,,tracking,0.1450,0.1159,1,line_curve_center_riding,-0.1437,-0.1228,-0.4719,-0.4719,0.5635,4,0.3491,0.0000,0.3491,-0.3555,0.1159,IDLE,1,0,step_done_latches_cleared,0,0,0.000,0,nan,nan,nan,0.0000,0,5,0.6000,0.6151,0.1675,0.6151,-0.0151,本圈台阶完成,1,0.0000,0.150,0.330
5683.255,SEEK_CROSSWALK,38.831,0,2.731,0.0000,0.0000,vision,2.731,,,tracking,0.1700,0.1660,1,line_curve_center_riding,-0.1977,-0.1874,-0.3576,-0.3576,0.4783,3,0.1702,0.0000,0.1702,-0.3009,0.1660,IDLE,1,0,step_done_latches_cleared,0,0,0.000,0,nan,nan,nan,0.0000,0,5,0.6000,0.6151,0.1675,0.6151,-0.0151,本圈台阶完成,1,0.0000,0.150,0.330
5683.394,SEEK_CROSSWALK,38.971,0,2.731,0.0000,0.0000,vision,2.731,,,tracking,0.1450,0.2205,1,line_curve_center_riding,-0.2523,-0.2268,-0.6523,-0.6523,0.5380,4,0.4254,0.0000,0.4254,-0.5104,0.2205,IDLE,1,0,step_done_latches_cleared,0,0,0.000,0,nan,nan,nan,0.0000,0,5,0.6000,0.6151,0.1675,0.6151,-0.0151,本圈台阶完成,1,0.0000,0.150,0.330
5683.527,SEEK_CROSSWALK,39.103,0,2.731,0.0000,0.0000,vision,2.731,,,tracking,0.1700,0.2565,1,line_curve_center_riding,-0.2709,-0.2587,-0.4620,-0.4620,0.4603,3,0.2033,0.0000,0.2033,-0.3942,0.2565,IDLE,1,0,step_done_latches_cleared,0,0,0.000,0,nan,nan,nan,0.0000,0,5,0.6000,0.6151,0.1675,0.6151,-0.0151,本圈台阶完成,1,0.0000,0.150,0.330
5683.653,SEEK_CROSSWALK,39.229,0,2.731,0.0000,0.0000,vision,2.731,,,tracking,0.1700,0.2989,1,line_curve_center_riding,-0.3134,-0.3035,-0.4673,-0.4673,0.4753,3,0.1637,0.0000,0.1637,-0.4127,0.2989,IDLE,1,0,step_done_latches_cleared,0,0,0.000,0,nan,nan,nan,0.0000,0,5,0.6000,0.6151,0.1675,0.6151,-0.0151,本圈台阶完成,1,0.0000,0.150,0.330
5683.789,SEEK_CROSSWALK,39.365,0,2.731,0.0000,0.0000,vision,2.731,,,tracking,0.1604,0.3483,1,line_curve_center_riding,-0.3660,-0.3533,-0.5659,-0.5659,0.4511,3,0.2127,0.0000,0.2127,-0.4950,0.3483,IDLE,1,0,step_done_latches_cleared,0,0,0.000,0,nan,nan,nan,0.0000,0,5,0.6000,0.6151,0.1675,0.6151,-0.0151,本圈台阶完成,1,0.0000,0.150,0.330
5683.920,SEEK_CROSSWALK,39.496,0,2.731,0.4000,0.0000,vision,2.731,,,tracking,0.1437,0.4133,1,line_curve_center_riding,-0.4385,-0.4205,-0.7193,-0.7193,0.4245,3,0.2987,0.0000,0.2987,-0.6197,0.4133,IDLE,1,0,step_done_latches_cleared,0,0,0.000,0,nan,nan,nan,0.0000,0,5,0.6000,0.6151,0.1675,0.6151,-0.0151,本圈台阶完成,1,0.0000,0.150,0.330
5684.055,SEEK_CROSSWALK,39.632,0,2.731,0.0000,0.0000,vision,2.731,,,tracking,0.1469,0.4009,1,line_center_tracking,-0.3678,-0.3601,-0.3877,-0.3877,0.3973,2,0.0276,0.0000,0.0276,-0.3785,0.4009,IDLE,1,0,step_done_latches_cleared,0,0,0.000,0,nan,nan,nan,0.0000,0,5,0.6000,0.6151,0.1675,0.6151,-0.0151,本圈台阶完成,1,0.0000,0.150,0.330
5684.182,SEEK_CROSSWALK,39.759,0,2.731,0.0000,0.0000,vision,2.731,,,tracking,0.1314,0.4612,1,line_curve_center_riding,-0.4737,-0.4515,-0.8212,-0.8212,0.4001,3,0.3698,0.0000,0.3698,-0.6980,0.4612,IDLE,1,0,step_done_latches_cleared,0,0,0.000,0,nan,nan,nan,0.0000,0,5,0.6000,0.6151,0.1675,0.6151,-0.0151,本圈台阶完成,1,0.0000,0.150,0.330
5684.323,SEEK_CROSSWALK,39.900,0,2.731,0.0000,0.0000,vision,2.731,,,line_bridge_loss,0.0807,0.1845,0,line_too_few_bands,0.0000,0.0000,0.0000,0.0000,0.0000,1,0.0000,0.0000,0.0000,0.0000,0.1845,IDLE,1,0,step_done_latches_cleared,0,0,0.000,0,nan,nan,nan,0.0000,0,5,0.6000,0.6151,0.1675,0.6151,-0.0151,本圈台阶完成,1,0.0000,0.150,0.330
5684.455,SEEK_CROSSWALK,40.032,0,2.731,0.0000,0.0000,vision,2.731,,,tracking,0.1308,0.4611,1,line_center_tracking,-0.4331,-0.4211,-0.4639,-0.4639,0.3547,2,0.0428,0.0000,0.0428,-0.4496,0.4611,IDLE,1,0,step_done_latches_cleared,0,0,0.000,0,nan,nan,nan,0.0000,0,5,0.6000,0.6151,0.1675,0.6151,-0.0151,本圈台阶完成,1,0.0000,0.150,0.330
5684.588,SEEK_CROSSWALK,40.165,0,2.731,0.0000,0.0000,vision,2.731,,,tracking,0.1050,0.5428,1,line_hard_turn_centering,-0.5674,-0.5623,-0.6139,-0.6139,0.3297,2,0.0517,0.0000,0.0517,-0.5967,0.5428,IDLE,1,0,step_done_latches_cleared,0,0,0.000,0,nan,nan,nan,0.0000,0,5,0.6000,0.6151,0.1675,0.6151,-0.0151,本圈台阶完成,1,0.0000,0.150,0.330
5684.722,SEEK_CROSSWALK,40.299,0,2.731,0.0000,0.0000,vision,2.731,,,tracking,0.1050,0.5600,1,line_hard_turn_centering,-0.6250,-0.6201,-0.6689,-0.6689,0.3379,2,0.0487,0.0000,0.0487,-0.6526,0.5600,IDLE,1,0,step_done_latches_cleared,0,0,0.000,0,nan,nan,nan,0.0000,0,5,0.6000,0.6151,0.1675,0.6151,-0.0151,本圈台阶完成,1,0.0000,0.150,0.330
5684.850,SEEK_CROSSWALK,40.427,0,2.731,0.0000,0.0000,vision,2.731,,,tracking,0.1050,0.5600,1,line_hard_turn_centering,-0.6582,-0.6529,-0.7053,-0.7053,0.3275,2,0.0524,0.0000,0.0524,-0.6879,0.5600,IDLE,1,0,step_done_latches_cleared,0,0,0.000,0,nan,nan,nan,0.0000,0,5,0.6000,0.6151,0.1675,0.6151,-0.0151,本圈台阶完成,1,0.0000,0.150,0.330
5684.979,SEEK_CROSSWALK,40.555,0,2.731,0.0000,0.0000,vision,2.731,,,tracking,0.1050,0.5600,1,line_hard_turn_centering,-0.6001,-0.5943,-0.6524,-0.6524,0.3115,2,0.0581,0.0000,0.0581,-0.6331,0.5600,IDLE,1,0,step_done_latches_cleared,0,0,0.000,0,nan,nan,nan,0.0000,0,5,0.6000,0.6151,0.1675,0.6151,-0.0151,本圈台阶完成,1,0.0000,0.150,0.330
5685.129,SEEK_CROSSWALK,40.706,0,2.731,0.0000,0.0000,vision,2.731,,,tracking,0.1050,0.5600,1,line_hard_turn_centering,-0.5800,-0.5752,-0.6237,-0.6237,0.3385,2,0.0485,0.0000,0.0485,-0.6075,0.5600,IDLE,1,0,step_done_latches_cleared,0,0,0.000,0,nan,nan,nan,0.0000,0,5,0.6000,0.6151,0.1675,0.6151,-0.0151,本圈台阶完成,1,0.0000,0.150,0.330
5685.271,SEEK_CROSSWALK,40.847,0,2.731,0.0000,0.0000,vision,2.731,,,tracking,0.1029,0.5720,1,line_curve_center_riding,-0.4758,-0.4603,-0.7194,-0.7194,0.4311,3,0.2591,0.0000,0.2591,-0.6330,0.5720,IDLE,1,0,step_done_latches_cleared,0,0,0.000,0,nan,nan,nan,0.0000,0,5,0.6000,0.6151,0.1675,0.6151,-0.0151,本圈台阶完成,1,0.0000,0.150,0.330
5685.406,SEEK_CROSSWALK,40.983,0,2.731,0.0000,0.0000,vision,2.731,,,tracking,0.1205,0.5036,1,line_curve_center_riding,-0.4064,-0.3881,-0.6945,-0.6945,0.4140,3,0.3065,0.0000,0.3065,-0.5924,0.5036,IDLE,1,0,step_done_latches_cleared,0,0,0.000,0,nan,nan,nan,0.0000,0,5,0.6000,0.6151,0.1675,0.6151,-0.0151,本圈台阶完成,1,0.0000,0.150,0.330
5685.546,SEEK_CROSSWALK,41.123,0,2.731,0.0000,0.0000,vision,2.731,,,tracking,0.1446,0.4099,1,line_curve_center_riding,-0.2982,-0.2829,-0.5379,-0.5379,0.4361,3,0.2550,0.0000,0.2550,-0.4529,0.4099,IDLE,1,0,step_done_latches_cleared,0,0,0.000,0,nan,nan,nan,0.0000,0,5,0.6000,0.6151,0.1675,0.6151,-0.0151,本圈台阶完成,1,0.0000,0.150,0.330
5685.684,SEEK_CROSSWALK,41.261,0,2.731,0.0000,0.0000,vision,2.731,,,tracking,0.1436,0.2878,1,line_curve_center_riding,-0.1608,-0.1235,-0.7456,-0.7456,0.4967,4,0.6221,0.0000,0.6221,-0.5382,0.2878,IDLE,1,0,step_done_latches_cleared,0,0,0.000,0,nan,nan,nan,0.0000,0,5,0.6000,0.6151,0.1675,0.6151,-0.0151,本圈台阶完成,1,0.0000,0.150,0.330
5685.819,SEEK_CROSSWALK,41.395,0,2.731,0.0000,0.0000,vision,2.731,,,tracking,0.1450,0.1971,1,line_curve_center_riding,-0.0995,-0.0686,-0.5833,-0.5833,0.5173,4,0.5146,0.0000,0.5146,-0.4117,0.1971,IDLE,1,0,step_done_latches_cleared,0,0,0.000,0,nan,nan,nan,0.0000,0,5,0.6000,0.6151,0.1675,0.6151,-0.0151,本圈台阶完成,1,0.0000,0.150,0.330
5685.951,SEEK_CROSSWALK,41.528,0,2.731,0.0000,0.0000,vision,2.731,,,tracking,0.1450,0.1013,1,line_curve_center_riding,-0.0092,0.0232,-0.5159,-0.5159,0.5167,4,0.5391,0.0000,0.5391,-0.3362,0.1013,IDLE,1,0,step_done_latches_cleared,0,0,0.000,0,nan,nan,nan,0.0000,0,5,0.6000,0.6151,0.1675,0.6151,-0.0151,本圈台阶完成,1,0.0000,0.150,0.330
5686.086,SEEK_CROSSWALK,41.663,0,2.731,0.0000,0.0000,vision,2.731,,,tracking,0.1450,0.0170,1,line_recenter_transition,0.0605,0.0707,-0.4401,-0.4401,0.5247,4,0.5108,0.0000,0.5108,-0.2699,0.0170,IDLE,1,0,step_done_latches_cleared,0,0,0.000,0,nan,nan,nan,0.0000,0,5,0.6000,0.6151,0.1675,0.6151,-0.0151,本圈台阶完成,1,0.0000,0.150,0.330
5686.225,SEEK_CROSSWALK,41.802,0,2.731,0.0000,0.0000,vision,2.731,,,tracking,0.1450,-0.0233,1,line_recenter_transition,0.0620,0.0706,-0.3576,-0.3576,0.5356,4,0.4282,0.0000,0.4282,-0.2149,-0.0233,IDLE,1,0,step_done_latches_cleared,0,0,0.000,0,nan,nan,nan,0.0000,0,5,0.6000,0.6151,0.1675,0.6151,-0.0151,本圈台阶完成,1,0.0000,0.150,0.330
5686.370,SEEK_CROSSWALK,41.947,0,2.731,0.0000,0.0000,vision,2.731,,,tracking,0.1450,-0.0632,1,line_recenter_transition,0.0950,0.1045,-0.3687,-0.3687,0.5299,4,0.4733,0.0000,0.4733,-0.2110,-0.0632,IDLE,1,0,step_done_latches_cleared,0,0,0.000,0,nan,nan,nan,0.0000,0,5,0.6000,0.6151,0.1675,0.6151,-0.0151,本圈台阶完成,1,0.0000,0.150,0.330
5686.507,SEEK_CROSSWALK,42.084,0,2.731,0.0000,0.0000,vision,2.731,,,tracking,0.1450,-0.0937,1,line_recenter_transition,0.1147,0.1244,-0.3614,-0.3614,0.5317,4,0.4859,0.0000,0.4859,-0.1995,-0.0937,IDLE,1,0,step_done_latches_cleared,0,0,0.000,0,nan,nan,nan,0.0000,0,5,0.6000,0.6151,0.1675,0.6151,-0.0151,本圈台阶完成,1,0.0000,0.150,0.330
5686.643,SEEK_CROSSWALK,42.220,0,2.731,0.0000,0.0000,vision,2.731,,,tracking,0.1450,-0.0898,1,line_recenter_transition,0.0831,0.0915,-0.3281,-0.3281,0.5417,4,0.4196,0.0000,0.4196,-0.1883,-0.0898,IDLE,1,0,step_done_latches_cleared,0,0,0.000,0,nan,nan,nan,0.0000,0,5,0.6000,0.6151,0.1675,0.6151,-0.0151,本圈台阶完成,1,0.0000,0.150,0.330
5686.783,SEEK_CROSSWALK,42.360,0,2.731,0.0000,0.0000,vision,2.731,,,tracking,0.1450,-0.0716,1,line_recenter_transition,0.0518,0.0612,-0.4110,-0.4110,0.5378,4,0.4722,0.0000,0.4722,-0.2536,-0.0716,IDLE,1,0,step_done_latches_cleared,0,0,0.000,0,nan,nan,nan,0.0000,0,5,0.6000,0.6151,0.1675,0.6151,-0.0151,本圈台阶完成,1,0.0000,0.150,0.330
5686.927,SEEK_CROSSWALK,42.504,0,2.731,0.0000,0.0000,vision,2.731,,,tracking,0.1450,-0.0068,1,line_curve_center_riding,-0.0473,-0.0190,-0.4902,-0.4902,0.3971,3,0.4711,0.0000,0.4711,-0.3331,-0.0068,IDLE,1,0,step_done_latches_cleared,0,0,0.000,0,nan,nan,nan,0.0000,0,5,0.6000,0.6151,0.1675,0.6151,-0.0151,本圈台阶完成,1,0.0000,0.150,0.330
5687.060,SEEK_CROSSWALK,42.636,0,2.731,0.0000,0.0000,vision,2.731,,,tracking,0.1700,0.0360,1,line_curve_center_riding,-0.0725,-0.0607,-0.2570,-0.2570,0.4630,3,0.1963,0.0000,0.1963,-0.1916,0.0360,IDLE,1,0,step_done_latches_cleared,0,0,0.000,0,nan,nan,nan,0.0000,0,5,0.6000,0.6151,0.1675,0.6151,-0.0151,本圈台阶完成,1,0.0000,0.150,0.330
5687.201,SEEK_CROSSWALK,42.778,0,2.731,0.0000,0.0000,vision,2.731,,,line_bridge_loss,0.1193,0.0144,0,line_too_few_bands,0.0000,0.0000,0.0000,0.0000,0.0000,1,0.0000,0.0000,0.0000,0.0000,0.0144,IDLE,1,0,step_done_latches_cleared,0,0,0.000,0,nan,nan,nan,0.0000,0,5,0.6000,0.6151,0.1675,0.6151,-0.0151,本圈台阶完成,1,0.0000,0.150,0.330
5687.336,SEEK_CROSSWALK,42.913,0,2.731,0.0000,0.0000,vision,2.731,,,tracking,0.1700,0.1235,1,line_curve_center_riding,-0.1975,-0.1821,-0.4392,-0.4392,0.4317,3,0.2572,0.0000,0.2572,-0.3535,0.1235,IDLE,1,0,step_done_latches_cleared,0,0,0.000,0,nan,nan,nan,0.0000,0,5,0.6000,0.6151,0.1675,0.6151,-0.0151,本圈台阶完成,1,0.0000,0.150,0.330
5687.477,SEEK_CROSSWALK,43.054,0,2.731,0.0000,0.0000,vision,2.731,,,tracking,0.1700,0.2037,1,line_curve_center_riding,-0.2570,-0.2415,-0.4988,-0.4988,0.4309,3,0.2573,0.0000,0.2573,-0.4131,0.2037,IDLE,1,0,step_done_latches_cleared,0,0,0.000,0,nan,nan,nan,0.0000,0,5,0.6000,0.6151,0.1675,0.6151,-0.0151,本圈台阶完成,1,0.0000,0.150,0.330
5687.657,SEEK_CROSSWALK,43.234,0,2.731,0.0000,0.0000,vision,2.731,,,tracking,0.1450,0.2950,1,line_curve_center_riding,-0.3574,-0.3374,-0.6704,-0.6704,0.3980,3,0.3329,0.0000,0.3329,-0.5594,0.2950,IDLE,1,0,step_done_latches_cleared,0,0,0.000,0,nan,nan,nan,0.0000,0,5,0.6000,0.6151,0.1675,0.6151,-0.0151,本圈台阶完成,1,0.0000,0.150,0.330
5687.811,SEEK_CROSSWALK,43.388,0,2.731,0.0000,0.0000,vision,2.731,,,tracking,0.1604,0.3485,1,line_center_tracking,-0.3731,-0.3650,-0.3941,-0.3941,0.3932,2,0.0291,0.0000,0.0291,-0.3844,0.3485,IDLE,1,0,step_done_latches_cleared,0,0,0.000,0,nan,nan,nan,0.0000,0,5,0.6000,0.6151,0.1675,0.6151,-0.0151,本圈台阶完成,1,0.0000,0.150,0.330
5687.940,SEEK_CROSSWALK,43.517,0,2.731,0.0000,0.0000,vision,2.731,,,tracking,0.1391,0.4315,1,line_center_tracking,-0.4692,-0.4568,-0.5011,-0.5011,0.3504,2,0.0443,0.0000,0.0443,-0.4863,0.4315,IDLE,1,0,step_done_latches_cleared,0,0,0.000,0,nan,nan,nan,0.0000,0,5,0.6000,0.6151,0.1675,0.6151,-0.0151,本圈台阶完成,1,0.0000,0.150,0.330
5688.074,SEEK_CROSSWALK,43.651,0,2.731,0.0000,0.0000,vision,2.731,,,tracking,0.1242,0.4891,1,line_center_tracking,-0.5064,-0.4908,-0.5465,-0.5465,0.3181,2,0.0558,0.0000,0.0558,-0.5280,0.4891,IDLE,1,0,step_done_latches_cleared,0,0,0.000,0,nan,nan,nan,0.0000,0,5,0.6000,0.6151,0.1675,0.6151,-0.0151,本圈台阶完成,1,0.0000,0.150,0.330
5688.207,SEEK_CROSSWALK,43.783,0,2.731,0.0000,0.0000,vision,2.731,,,tracking,0.1152,0.5241,1,line_center_tracking,-0.5188,-0.5088,-0.5444,-0.5444,0.3750,2,0.0356,0.0000,0.0356,-0.5325,0.5241,IDLE,1,0,step_done_latches_cleared,0,0,0.000,0,nan,nan,nan,0.0000,0,5,0.6000,0.6151,0.1675,0.6151,-0.0151,本圈台阶完成,1,0.0000,0.150,0.330
5688.355,SEEK_CROSSWALK,43.931,0,2.731,0.0000,0.0000,vision,2.731,,,tracking,0.1050,0.5600,1,line_hard_turn_centering,-0.5583,-0.5537,-0.5999,-0.5999,0.3448,2,0.0463,0.0000,0.0463,-0.5845,0.5600,IDLE,1,0,step_done_latches_cleared,0,0,0.000,0,nan,nan,nan,0.0000,0,5,0.6000,0.6151,0.1675,0.6151,-0.0151,本圈台阶完成,1,0.0000,0.150,0.330
5688.474,SEEK_CROSSWALK,44.051,0,2.731,0.0000,0.0000,vision,2.731,,,line_bridge_loss,0.0595,0.2608,0,line_too_few_bands,0.0000,0.0000,0.0000,0.0000,0.0000,1,0.0000,0.0000,0.0000,0.0000,0.2608,IDLE,1,0,step_done_latches_cleared,0,0,0.000,0,nan,nan,nan,0.0000,0,5,0.6000,0.6151,0.1675,0.6151,-0.0151,本圈台阶完成,1,0.0000,0.150,0.330
5688.616,SEEK_CROSSWALK,44.193,0,2.731,0.0000,0.0000,vision,2.731,,,line_bridge_loss,0.0350,0.2240,0,line_too_few_bands,0.0000,0.0000,0.0000,0.0000,0.0000,0,0.0000,0.0000,0.0000,0.0000,0.2240,IDLE,1,0,step_done_latches_cleared,0,0,0.000,0,nan,nan,nan,0.0000,0,5,0.6000,0.6151,0.1675,0.6151,-0.0151,本圈台阶完成,1,0.0000,0.150,0.330
5688.750,SEEK_CROSSWALK,44.327,0,2.731,0.0000,0.0000,vision,2.731,,,tracking,0.0850,0.4200,1,line_edge_single_rescue,-0.6097,-0.6097,-0.6097,-0.6097,0.3100,1,0.0000,0.0000,0.0000,-0.6097,0.4200,IDLE,1,0,step_done_latches_cleared,0,0,0.000,0,nan,nan,nan,0.0000,0,5,0.6000,0.6151,0.1675,0.6151,-0.0151,本圈台阶完成,1,0.0000,0.150,0.330
5688.882,SEEK_CROSSWALK,44.459,0,2.731,0.0000,0.0000,vision,2.731,,,tracking,0.0850,0.4200,1,line_edge_single_rescue,-0.7265,-0.7265,-0.7265,-0.7265,0.3100,1,0.0000,0.0000,0.0000,-0.7265,0.4200,IDLE,1,0,step_done_latches_cleared,0,0,0.000,0,nan,nan,nan,0.0000,0,5,0.6000,0.6151,0.1675,0.6151,-0.0151,本圈台阶完成,1,0.0000,0.150,0.330
5689.020,SEEK_CROSSWALK,44.597,0,2.731,0.0000,0.0000,vision,2.731,,,line_bridge_loss,0.0350,0.1680,0,line_too_few_bands,0.0000,0.0000,0.0000,0.0000,0.0000,0,0.0000,0.0000,0.0000,0.0000,0.1680,IDLE,1,0,step_done_latches_cleared,0,0,0.000,0,nan,nan,nan,0.0000,0,5,0.6000,0.6151,0.1675,0.6151,-0.0151,本圈台阶完成,1,0.0000,0.150,0.330
5689.169,SEEK_CROSSWALK,44.745,0,2.731,0.0000,0.0000,vision,2.731,,,line_bridge_loss,0.0350,0.1680,0,line_too_few_bands,0.0000,0.0000,0.0000,0.0000,0.0000,0,0.0000,0.0000,0.0000,0.0000,0.1680,IDLE,1,0,step_done_latches_cleared,0,0,0.000,0,nan,nan,nan,0.0000,0,5,0.6000,0.6151,0.1675,0.6151,-0.0151,本圈台阶完成,1,0.0000,0.150,0.330
5689.296,SEEK_CROSSWALK,44.873,0,2.731,0.0000,0.0000,vision,2.731,,,tracking,0.0835,0.4869,1,line_hard_turn_centering,-0.7565,-0.7520,-0.7977,-0.7977,0.4465,2,0.0457,0.0000,0.0457,-0.7824,0.4869,IDLE,1,0,step_done_latches_cleared,0,0,0.000,0,nan,nan,nan,0.0000,0,5,0.6000,0.6151,0.1675,0.6151,-0.0151,本圈台阶完成,1,0.0000,0.150,0.330
5689.497,SEEK_CROSSWALK,45.073,0,2.731,0.0000,0.0000,vision,2.731,,,line_bridge_loss,0.0350,0.2240,0,line_too_few_bands,0.0000,0.0000,0.0000,0.0000,0.0000,0,0.0000,0.0000,0.0000,0.0000,0.2240,IDLE,1,0,step_done_latches_cleared,0,0,0.000,0,nan,nan,nan,0.0000,0,5,0.6000,0.6151,0.1675,0.6151,-0.0151,本圈台阶完成,1,0.0000,0.150,0.330
5689.696,SEEK_CROSSWALK,45.273,0,2.731,0.0000,0.0000,vision,2.731,,,line_bridge_loss,0.0350,0.2240,0,line_too_few_bands,0.0000,0.0000,0.0000,0.0000,0.0000,0,0.0000,0.0000,0.0000,0.0000,0.2240,IDLE,1,0,step_done_latches_cleared,0,0,0.000,0,nan,nan,nan,0.0000,0,5,0.6000,0.6151,0.1675,0.6151,-0.0151,本圈台阶完成,1,0.0000,0.150,0.330
5689.896,SEEK_CROSSWALK,45.472,0,2.731,0.0000,0.0000,vision,2.731,,,line_loss_hold,0.0000,0.0000,0,line_too_few_bands,0.0000,0.0000,0.0000,0.0000,0.0000,0,0.0000,0.0000,0.0000,0.0000,0.0000,IDLE,1,0,step_done_latches_cleared,0,0,0.000,0,nan,nan,nan,0.0000,0,5,0.6000,0.6151,0.1675,0.6151,-0.0151,本圈台阶完成,1,0.0000,0.150,0.330
5690.029,SEEK_CROSSWALK,45.606,0,2.731,0.0000,0.0000,vision,2.731,,,line_loss_hold,0.0000,0.0000,0,line_too_few_bands,0.0000,0.0000,0.0000,0.0000,0.0000,0,0.0000,0.0000,0.0000,0.0000,0.0000,IDLE,1,0,step_done_latches_cleared,0,0,0.000,0,nan,nan,nan,0.0000,0,5,0.6000,0.6151,0.1675,0.6151,-0.0151,本圈台阶完成,1,0.0000,0.150,0.330
5690.177,SEEK_CROSSWALK,45.754,0,2.731,0.0000,0.0000,vision,2.731,,,tracking,0.0507,0.3333,1,line_curve_center_riding,-0.4734,-0.4627,-0.6418,-0.5892,0.7812,6,0.1792,0.0526,0.1265,-0.5646,0.3333,IDLE,1,0,step_done_latches_cleared,0,0,0.000,0,nan,nan,nan,0.0000,0,5,0.6000,0.6151,0.1675,0.6151,-0.0151,本圈台阶完成,1,0.0000,0.150,0.330
5690.317,SEEK_CROSSWALK,45.893,0,2.731,0.0000,0.0000,vision,2.731,,,tracking,0.1013,0.5436,1,line_curve_center_riding,-0.4293,-0.4173,-0.6174,-0.6441,0.6971,5,0.2001,0.0267,0.2268,-0.5596,0.5436,IDLE,1,0,step_done_latches_cleared,0,0,0.000,0,nan,nan,nan,0.0000,0,5,0.6000,0.6151,0.1675,0.6151,-0.0151,本圈台阶完成,1,0.0000,0.150,0.330
5690.498,SEEK_CROSSWALK,46.074,0,2.731,0.0000,0.0000,vision,2.731,,,tracking,0.1376,0.4373,1,line_curve_center_riding,-0.3072,-0.2999,-0.4213,-0.4213,0.6175,4,0.1214,0.0000,0.1214,-0.3808,0.4373,IDLE,1,0,step_done_latches_cleared,0,0,0.000,0,nan,nan,nan,0.0000,0,5,0.6000,0.6151,0.1675,0.6151,-0.0151,本圈台阶完成,1,0.0000,0.150,0.330
5690.774,SEEK_CROSSWALK,46.350,0,2.731,0.0000,0.0000,vision,2.731,,,tracking,0.1700,0.2526,1,line_curve_center_riding,-0.0602,-0.0507,-0.2094,-0.3638,0.8664,7,0.1587,0.1545,0.3131,-0.2080,0.2526,IDLE,1,0,step_done_latches_cleared,0,0,0.000,0,nan,nan,nan,0.0000,0,5,0.6000,0.6151,0.1675,0.6151,-0.0151,本圈台阶完成,1,0.0000,0.150,0.330
5691.213,SEEK_CROSSWALK,46.790,0,2.731,0.0000,0.0000,vision,2.731,,,tracking,0.1700,0.0488,1,line_curve_center_riding,0.1551,0.1640,0.0165,-0.1248,0.9653,8,0.1475,0.1413,0.2888,0.0186,0.0488,IDLE,1,0,step_done_latches_cleared,0,0,0.000,0,nan,nan,nan,0.0000,0,5,0.6000,0.6151,0.1675,0.6151,-0.0151,本圈台阶完成,1,0.0000,0.150,0.330
5691.842,SEEK_CROSSWALK,47.419,0,2.731,0.0000,0.0000,vision,2.731,,,tracking,0.1700,-0.1285,1,line_curve_center_riding,0.2955,0.3037,0.1669,0.0593,0.9719,8,0.1368,0.1076,0.2444,0.1767,-0.1285,IDLE,1,0,step_done_latches_cleared,0,0,0.000,0,nan,nan,nan,0.0000,0,5,0.6000,0.6151,0.1675,0.6151,-0.0151,本圈台阶完成,1,0.0000,0.150,0.330
5692.085,SEEK_CROSSWALK,47.662,0,2.731,0.0000,0.0000,vision,2.731,,,tracking,0.1700,-0.2347,1,line_curve_center_riding,0.3149,0.3222,0.2000,0.0939,0.9740,8,0.1222,0.1061,0.2283,0.2054,-0.2347,IDLE,1,0,step_done_latches_cleared,0,0,0.000,0,nan,nan,nan,0.0000,0,5,0.6000,0.6151,0.1675,0.6151,-0.0151,本圈台阶完成,1,0.0000,0.150,0.330
5692.277,SEEK_CROSSWALK,47.853,0,2.731,0.0000,0.0000,vision,2.731,,,tracking,0.1700,-0.2589,1,line_curve_center_riding,0.2663,0.2740,0.1458,0.0414,0.9736,8,0.1282,0.1043,0.2326,0.1537,-0.2589,IDLE,1,0,step_done_latches_cleared,0,0,0.000,0,nan,nan,nan,0.0000,0,5,0.6000,0.6151,0.1675,0.6151,-0.0151,本圈台阶完成,1,0.0000,0.150,0.330
5692.417,SEEK_CROSSWALK,47.994,0,2.731,0.0000,0.0000,vision,2.731,,,tracking,0.1700,-0.2338,1,line_curve_center_riding,0.1984,0.2059,0.0802,-0.0231,0.9733,8,0.1258,0.1033,0.2291,0.0877,-0.2338,IDLE,1,0,step_done_latches_cleared,0,0,0.000,0,nan,nan,nan,0.0000,0,5,0.6000,0.6151,0.1675,0.6151,-0.0151,本圈台阶完成,1,0.0000,0.150,0.330
5692.598,SEEK_CROSSWALK,48.175,0,2.731,0.4000,0.0000,vision,2.731,,,tracking,0.1700,-0.1539,1,line_curve_center_riding,0.0734,0.0809,-0.0433,-0.0382,0.9585,8,0.1241,0.0051,0.1191,-0.0002,-0.1539,IDLE,1,0,step_done_latches_cleared,0,0,0.000,0,nan,nan,nan,0.0000,0,5,0.6000,0.6151,0.1675,0.6151,-0.0151,本圈台阶完成,1,0.0000,0.150,0.330
5692.739,SEEK_CROSSWALK,48.315,0,2.731,0.2000,0.0000,vision,2.731,,,tracking,0.1700,-0.0647,1,line_curve_center_riding,-0.0170,-0.0100,-0.1260,-0.2061,0.9769,8,0.1159,0.0801,0.1961,-0.1140,-0.0647,IDLE,1,0,step_done_latches_cleared,0,0,0.000,0,nan,nan,nan,0.0000,0,5,0.6000,0.6151,0.1675,0.6151,-0.0151,本圈台阶完成,1,0.0000,0.150,0.330
5692.872,SEEK_CROSSWALK,48.448,0,2.731,0.4000,0.0000,vision,2.731,,,tracking,0.1700,0.0119,1,line_curve_center_riding,-0.0793,-0.0709,-0.2111,-0.4573,0.8643,7,0.1402,0.2462,0.3864,-0.2464,0.0119,IDLE,1,0,step_done_latches_cleared,0,0,0.000,0,nan,nan,nan,0.0000,0,5,0.6000,0.6151,0.1675,0.6151,-0.0151,本圈台阶完成,1,0.0000,0.150,0.330
5693.007,SEEK_CROSSWALK,48.583,0,2.731,0.4000,0.0000,vision,2.731,,,tracking,0.1700,0.0943,1,line_curve_center_riding,-0.1602,-0.1533,-0.2684,-0.3513,0.9706,8,0.1151,0.0829,0.1980,-0.2577,0.0943,IDLE,1,0,step_done_latches_cleared,0,0,0.000,0,nan,nan,nan,0.0000,0,5,0.6000,0.6151,0.1675,0.6151,-0.0151,本圈台阶完成,1,0.0000,0.150,0.330
5693.168,SEEK_CROSSWALK,48.745,0,2.731,0.4000,0.0000,vision,2.731,,,tracking,0.2053,0.1736,1,line_center_tracking,-0.2343,-0.2073,-0.3040,-0.3882,0.9796,8,0.0967,0.0842,0.1809,-0.2998,0.1736,IDLE,1,0,step_done_latches_cleared,0,0,0.000,0,nan,nan,nan,0.0000,0,5,0.6000,0.6151,0.1675,0.6151,-0.0151,本圈台阶完成,1,0.0000,0.150,0.330
5693.304,SEEK_CROSSWALK,48.881,0,2.731,0.4000,0.0000,vision,2.731,,,tracking,0.1700,0.2025,1,line_curve_center_riding,-0.2170,-0.2093,-0.3368,-0.4288,0.8724,7,0.1275,0.0920,0.2195,-0.3250,0.2025,IDLE,1,0,step_done_latches_cleared,0,0,0.000,0,nan,nan,nan,0.0000,0,5,0.6000,0.6151,0.1675,0.6151,-0.0151,本圈台阶完成,1,0.0000,0.150,0.330
5693.461,SEEK_CROSSWALK,49.038,0,2.731,0.4000,0.0000,vision,2.731,,,tracking,0.1898,0.2340,1,line_center_tracking,-0.2458,-0.2190,-0.3147,-0.3763,0.9811,8,0.0956,0.0616,0.1573,-0.3034,0.2340,IDLE,1,0,step_done_latches_cleared,0,0,0.000,0,nan,nan,nan,0.0000,0,5,0.6000,0.6151,0.1675,0.6151,-0.0151,本圈台阶完成,1,0.0000,0.150,0.330
5693.609,CROSSWALK_APPROACH,0.000,0,2.731,0.4000,0.0000,vision,2.731,,,tracking,0.1878,0.2417,1,line_center_tracking,-0.2238,-0.2018,-0.2803,-0.3334,0.9839,8,0.0785,0.0531,0.1316,-0.2719,0.2417,IDLE,1,0,step_done_latches_cleared,0,0,0.000,0,nan,nan,nan,0.0000,0,5,0.6000,0.6151,0.1675,0.6151,-0.0151,本圈台阶完成,1,0.0000,0.150,0.330
5693.768,CROSSWALK_APPROACH,0.160,0,2.731,0.4000,0.0000,vision,2.731,,,tracking,0.1931,0.2214,1,line_center_tracking,-0.1884,-0.1731,-0.2274,-0.2729,0.9882,8,0.0543,0.0454,0.0997,-0.2245,0.2214,IDLE,1,0,step_done_latches_cleared,0,0,0.000,0,nan,nan,nan,0.0000,0,5,0.6000,0.6151,0.1675,0.6151,-0.0151,本圈台阶完成,1,0.0000,0.150,0.330
5693.909,CROSSWALK_APPROACH,0.300,0,2.731,0.6000,0.0000,vision,2.731,,,tracking,0.2027,0.1841,1,line_center_tracking,-0.1391,-0.1212,-0.1852,-0.1997,0.8111,6,0.0640,0.0145,0.0785,-0.1687,0.1841,IDLE,1,0,step_done_latches_cleared,0,0,0.000,0,nan,nan,nan,0.0000,0,5,0.6000,0.6151,0.1675,0.6151,-0.0151,本圈台阶完成,1,0.0000,0.150,0.330
5694.046,CROSSWALK_APPROACH,0.438,0,2.731,0.4000,0.0000,vision,2.731,,,tracking,0.2123,0.1467,1,line_center_tracking,-0.1029,-0.0909,-0.1337,-0.1735,0.9899,8,0.0429,0.0397,0.0826,-0.1327,0.1467,IDLE,1,0,step_done_latches_cleared,0,0,0.000,0,nan,nan,nan,0.0000,0,5,0.6000,0.6151,0.1675,0.6151,-0.0151,本圈台阶完成,1,0.0000,0.150,0.330
5694.195,CROSSWALK_APPROACH,0.587,0,2.731,0.4000,0.0000,vision,2.731,,,tracking,0.2229,0.1056,1,line_center_tracking,-0.0608,-0.0517,-0.0842,-0.1130,0.9930,8,0.0325,0.0288,0.0612,-0.0830,0.1056,IDLE,1,0,step_done_latches_cleared,0,0,0.000,0,nan,nan,nan,0.0000,0,5,0.6000,0.6151,0.1675,0.6151,-0.0151,本圈台阶完成,1,0.0000,0.150,0.330
5694.339,CROSSWALK_APPROACH,0.730,0,2.731,0.4000,0.0000,vision,2.731,,,tracking,0.2324,0.0684,1,line_center_tracking,-0.0299,-0.0220,-0.0501,-0.0727,0.9941,8,0.0281,0.0226,0.0507,-0.0483,0.0684,IDLE,1,0,step_done_latches_cleared,0,0,0.000,0,nan,nan,nan,0.0000,0,5,0.6000,0.6151,0.1675,0.6151,-0.0151,本圈台阶完成,1,0.0000,0.150,0.330
5694.486,CROSSWALK_APPROACH,0.877,0,2.731,0.6000,0.0000,vision,2.731,,,tracking,0.2409,0.0356,1,line_center_tracking,-0.0029,0.0103,-0.0369,-0.0458,0.9882,8,0.0472,0.0089,0.0561,-0.0241,0.0356,IDLE,1,0,step_done_latches_cleared,0,0,0.000,0,nan,nan,nan,0.0000,0,5,0.6000,0.6151,0.1675,0.6151,-0.0151,本圈台阶完成,1,0.0000,0.150,0.330
5694.635,CROSSWALK_APPROACH,1.027,0,2.731,0.6000,0.0000,vision,2.731,,,tracking,0.2452,0.0105,1,line_center_tracking,0.0136,0.0214,-0.0065,-0.0213,0.9948,8,0.0279,0.0148,0.0426,-0.0021,0.0105,IDLE,1,0,step_done_latches_cleared,0,0,0.000,0,nan,nan,nan,0.0000,0,5,0.6000,0.6151,0.1675,0.6151,-0.0151,本圈台阶完成,1,0.0000,0.150,0.330
5694.785,CROSSWALK_APPROACH,1.176,0,2.731,0.4000,0.0000,vision,2.731,,,tracking,0.2444,-0.0067,1,line_center_tracking,0.0226,0.0288,0.0066,-0.0089,0.9954,8,0.0222,0.0156,0.0377,0.0088,-0.0067,IDLE,1,0,step_done_latches_cleared,0,0,0.000,0,nan,nan,nan,0.0000,0,5,0.6000,0.6151,0.1675,0.6151,-0.0151,本圈台阶完成,1,0.0000,0.150,0.330
5694.927,CROSSWALK_APPROACH,1.319,0,2.731,0.4000,0.0000,vision,2.731,,,tracking,0.2433,-0.0190,1,line_center_tracking,0.0290,0.0343,0.0154,-0.0010,0.9957,8,0.0189,0.0164,0.0353,0.0162,-0.0190,IDLE,1,0,step_done_latches_cleared,0,0,0.000,0,nan,nan,nan,0.0000,0,5,0.6000,0.6151,0.1675,0.6151,-0.0151,本圈台阶完成,1,0.0000,0.150,0.330
5695.076,CROSSWALK_STOP,0.000,0,2.731,0.4000,0.0000,vision,2.731,,,crosswalk_stop,0.0000,0.0000,1,line_center_tracking,0.0252,0.0261,0.0229,-0.0039,0.9069,7,0.0032,0.0267,0.0300,0.0150,0.0000,IDLE,1,0,step_done_latches_cleared,0,0,0.000,0,nan,nan,nan,0.0000,0,5,0.6000,0.6151,0.1675,0.6151,-0.0151,本圈台阶完成,1,0.0000,0.150,0.330
5695.225,CROSSWALK_STOP,0.149,0,2.731,0.4000,0.0000,vision,2.731,,,crosswalk_stop,0.0000,0.0000,1,line_center_tracking,0.0284,0.0330,0.0167,-0.0002,0.9089,7,0.0163,0.0169,0.0332,0.0165,0.0000,IDLE,1,0,step_done_latches_cleared,0,0,0.000,0,nan,nan,nan,0.0000,0,5,0.6000,0.6151,0.1675,0.6151,-0.0151,本圈台阶完成,1,0.0000,0.150,0.330
5695.372,CROSSWALK_STOP,0.296,0,2.731,0.4000,0.0000,vision,2.731,,,crosswalk_stop,0.0000,0.0000,1,line_center_tracking,0.0275,0.0328,0.0140,-0.0041,0.9957,8,0.0188,0.0181,0.0369,0.0142,0.0000,IDLE,1,0,step_done_latches_cleared,0,0,0.000,0,nan,nan,nan,0.0000,0,5,0.6000,0.6151,0.1675,0.6151,-0.0151,本圈台阶完成,1,0.0000,0.150,0.330
5695.526,CROSSWALK_STOP,0.450,0,2.731,0.4000,0.0000,vision,2.731,,,crosswalk_stop,0.0000,0.0000,1,line_center_tracking,0.0234,0.0244,0.0209,-0.0045,0.9923,8,0.0035,0.0254,0.0290,0.0136,0.0000,IDLE,1,0,step_done_latches_cleared,0,0,0.000,0,nan,nan,nan,0.0000,0,5,0.6000,0.6151,0.1675,0.6151,-0.0151,本圈台阶完成,1,0.0000,0.150,0.330
5695.773,CROSSWALK_STOP,0.697,0,2.731,0.2000,0.0000,vision,2.731,,,crosswalk_stop,0.0000,0.0000,1,line_center_tracking,0.0231,0.0279,0.0109,-0.0082,0.9961,8,0.0169,0.0192,0.0361,0.0102,0.0000,IDLE,1,0,step_done_latches_cleared,0,0,0.000,0,nan,nan,nan,0.0000,0,5,0.6000,0.6151,0.1675,0.6151,-0.0151,本圈台阶完成,1,0.0000,0.150,0.330
5695.980,CROSSWALK_STOP,0.904,0,2.731,0.0000,0.0000,vision,2.731,,,crosswalk_stop,0.0000,0.0000,1,line_center_tracking,0.0089,0.0087,0.0093,-0.0118,0.9937,8,0.0006,0.0211,0.0205,0.0020,0.0000,IDLE,1,0,step_done_latches_cleared,0,0,0.000,0,nan,nan,nan,0.0000,0,5,0.6000,0.6151,0.1675,0.6151,-0.0151,本圈台阶完成,1,0.0000,0.150,0.330
5696.271,CROSSWALK_STOP,1.195,0,2.731,0.0000,0.0000,vision,2.731,,,crosswalk_stop,0.0000,0.0000,1,line_center_tracking,0.0146,0.0188,0.0038,-0.0150,0.9958,8,0.0150,0.0188,0.0338,0.0025,0.0000,IDLE,1,0,step_done_latches_cleared,0,0,0.000,0,nan,nan,nan,0.0000,0,5,0.6000,0.6151,0.1675,0.6151,-0.0151,本圈台阶完成,1,0.0000,0.150,0.330
5696.462,CROSSWALK_STOP,1.386,0,2.731,0.0000,0.0000,vision,2.731,,,crosswalk_stop,0.0000,0.0000,1,line_center_tracking,0.0129,0.0185,-0.0013,-0.0178,0.9957,8,0.0198,0.0165,0.0363,-0.0002,0.0000,IDLE,1,0,step_done_latches_cleared,0,0,0.000,0,nan,nan,nan,0.0000,0,5,0.6000,0.6151,0.1675,0.6151,-0.0151,本圈台阶完成,1,0.0000,0.150,0.330
5696.635,CROSSWALK_STOP,1.559,0,2.731,0.0000,0.0000,vision,2.731,,,crosswalk_stop,0.0000,0.0000,1,line_center_tracking,0.0118,0.0174,-0.0025,-0.0198,0.9958,8,0.0199,0.0173,0.0372,-0.0017,0.0000,IDLE,1,0,step_done_latches_cleared,0,0,0.000,0,nan,nan,nan,0.0000,0,5,0.6000,0.6151,0.1675,0.6151,-0.0151,本圈台阶完成,1,0.0000,0.150,0.330
5696.809,CROSSWALK_STOP,1.733,0,2.731,0.0000,0.0000,vision,2.731,,,crosswalk_stop,0.0000,0.0000,1,line_center_tracking,0.0123,0.0182,-0.0029,-0.0196,0.9956,8,0.0211,0.0167,0.0378,-0.0014,0.0000,IDLE,1,0,step_done_latches_cleared,0,0,0.000,0,nan,nan,nan,0.0000,0,5,0.6000,0.6151,0.1675,0.6151,-0.0151,本圈台阶完成,1,0.0000,0.150,0.330
5697.057,CROSSWALK_STOP,1.981,0,2.731,0.0000,0.0000,vision,2.731,,,crosswalk_stop,0.0000,0.0000,1,line_center_tracking,0.0133,0.0191,-0.0015,-0.0171,0.9958,8,0.0206,0.0156,0.0362,0.0001,0.0000,IDLE,1,0,step_done_latches_cleared,0,0,0.000,0,nan,nan,nan,0.0000,0,5,0.6000,0.6151,0.1675,0.6151,-0.0151,本圈台阶完成,1,0.0000,0.150,0.330
5697.262,CROSSWALK_STOP,2.186,0,2.731,0.2000,0.0000,vision,2.731,,,crosswalk_stop,0.0000,0.0000,1,line_center_tracking,0.0043,0.0042,0.0044,-0.0163,0.9939,8,0.0002,0.0207,0.0205,-0.0026,0.0000,IDLE,1,0,step_done_latches_cleared,0,0,0.000,0,nan,nan,nan,0.0000,0,5,0.6000,0.6151,0.1675,0.6151,-0.0151,本圈台阶完成,1,0.0000,0.150,0.330
5697.466,CROSSWALK_STOP,2.390,0,2.731,0.4000,0.0000,vision,2.731,,,crosswalk_stop,0.0000,0.0000,1,line_center_tracking,0.0106,0.0154,-0.0017,-0.0203,0.9960,8,0.0171,0.0185,0.0357,-0.0022,0.0000,IDLE,1,0,step_done_latches_cleared,0,0,0.000,0,nan,nan,nan,0.0000,0,5,0.6000,0.6151,0.1675,0.6151,-0.0151,本圈台阶完成,1,0.0000,0.150,0.330
5697.673,CROSSWALK_STOP,2.597,0,2.731,0.4000,0.0000,vision,2.731,,,crosswalk_stop,0.0000,0.0000,1,line_center_tracking,0.0072,0.0082,0.0045,-0.0162,0.9946,8,0.0036,0.0207,0.0244,-0.0011,0.0000,IDLE,1,0,step_done_latches_cleared,0,0,0.000,0,nan,nan,nan,0.0000,0,5,0.6000,0.6151,0.1675,0.6151,-0.0151,本圈台阶完成,1,0.0000,0.150,0.330
5697.833,CROSSWALK_STOP,2.757,0,2.731,0.4000,0.0000,vision,2.731,,,crosswalk_stop,0.0000,0.0000,1,line_center_tracking,0.0089,0.0099,0.0061,-0.0154,0.9942,8,0.0038,0.0215,0.0254,0.0002,0.0000,IDLE,1,0,step_done_latches_cleared,0,0,0.000,0,nan,nan,nan,0.0000,0,5,0.6000,0.6151,0.1675,0.6151,-0.0151,本圈台阶完成,1,0.0000,0.150,0.330
5698.018,CROSSWALK_STOP,2.942,0,2.731,0.2000,0.0000,vision,2.731,,,crosswalk_stop,0.0000,0.0000,1,line_center_tracking,0.0199,0.0248,0.0074,-0.0129,0.9086,7,0.0173,0.0203,0.0376,0.0064,0.0000,IDLE,1,0,step_done_latches_cleared,0,0,0.000,0,nan,nan,nan,0.0000,0,5,0.6000,0.6151,0.1675,0.6151,-0.0151,本圈台阶完成,1,0.0000,0.150,0.330
5698.217,CROSSWALK_STOP,3.141,0,2.731,0.4000,0.0000,vision,2.731,,,crosswalk_stop,0.0000,0.0000,1,line_center_tracking,0.0221,0.0279,0.0070,-0.0118,0.9953,8,0.0209,0.0188,0.0398,0.0077,0.0000,IDLE,1,0,step_done_latches_cleared,0,0,0.000,0,nan,nan,nan,0.0000,0,5,0.6000,0.6151,0.1675,0.6151,-0.0151,本圈台阶完成,1,0.0000,0.150,0.330
5698.431,CROSSWALK_STOP,3.355,0,2.731,0.4000,0.0000,vision,2.731,,,crosswalk_stop,0.0000,0.0000,1,line_center_tracking,0.0221,0.0276,0.0079,-0.0112,0.9955,8,0.0197,0.0191,0.0388,0.0081,0.0000,IDLE,1,0,step_done_latches_cleared,0,0,0.000,0,nan,nan,nan,0.0000,0,5,0.6000,0.6151,0.1675,0.6151,-0.0151,本圈台阶完成,1,0.0000,0.150,0.330
5698.637,CROSSWALK_STOP,3.561,0,2.731,0.6000,0.0000,vision,2.731,,,crosswalk_stop,0.0000,0.0000,1,line_center_tracking,0.0245,0.0302,0.0098,-0.0067,0.9955,8,0.0204,0.0165,0.0369,0.0111,0.0000,IDLE,1,0,step_done_latches_cleared,0,0,0.000,0,nan,nan,nan,0.0000,0,5,0.6000,0.6151,0.1675,0.6151,-0.0151,本圈台阶完成,1,0.0000,0.150,0.330
5698.836,CROSSWALK_STOP,3.760,0,2.731,0.6000,0.0000,vision,2.731,,,crosswalk_stop,0.0000,0.0000,1,line_center_tracking,0.0293,0.0355,0.0135,-0.0029,0.9955,8,0.0220,0.0164,0.0384,0.0154,0.0000,IDLE,1,0,step_done_latches_cleared,0,0,0.000,0,nan,nan,nan,0.0000,0,5,0.6000,0.6151,0.1675,0.6151,-0.0151,本圈台阶完成,1,0.0000,0.150,0.330
5699.036,CROSSWALK_STOP,3.960,0,2.731,0.6000,0.0000,vision,2.731,,,crosswalk_stop,0.0000,0.0000,1,line_center_tracking,0.0439,0.0554,0.0142,0.0098,0.9046,7,0.0412,0.0044,0.0456,0.0265,0.0000,IDLE,1,0,step_done_latches_cleared,0,0,0.000,0,nan,nan,nan,0.0000,0,5,0.6000,0.6151,0.1675,0.6151,-0.0151,本圈台阶完成,1,0.0000,0.150,0.330
5699.196,CROSSWALK_STOP,4.120,0,2.731,0.6000,0.0000,vision,2.731,,,crosswalk_stop,0.0000,0.0000,1,line_center_tracking,0.0486,0.0613,0.0157,0.0052,0.9917,8,0.0456,0.0106,0.0561,0.0274,0.0000,IDLE,1,0,step_done_latches_cleared,0,0,0.000,0,nan,nan,nan,0.0000,0,5,0.6000,0.6151,0.1675,0.6151,-0.0151,本圈台阶完成,1,0.0000,0.150,0.330
5699.381,CROSSWALK_STOP,4.305,0,2.731,0.4000,0.0000,vision,2.731,,,crosswalk_stop,0.0000,0.0000,1,line_center_tracking,0.0380,0.0457,0.0184,0.0029,0.9947,8,0.0272,0.0155,0.0428,0.0223,0.0000,IDLE,1,0,step_done_latches_cleared,0,0,0.000,0,nan,nan,nan,0.0000,0,5,0.6000,0.6151,0.1675,0.6151,-0.0151,本圈台阶完成,1,0.0000,0.150,0.330
5699.537,CROSSWALK_STOP,4.461,0,2.731,0.4000,0.0000,vision,2.731,,,crosswalk_stop,0.0000,0.0000,1,line_center_tracking,0.0341,0.0403,0.0183,0.0007,0.9954,8,0.0220,0.0176,0.0396,0.0198,0.0000,IDLE,1,0,step_done_latches_cleared,0,0,0.000,0,nan,nan,nan,0.0000,0,5,0.6000,0.6151,0.1675,0.6151,-0.0151,本圈台阶完成,1,0.0000,0.150,0.330
5699.678,CROSSWALK_STOP,4.602,0,2.731,0.6000,0.0000,vision,2.731,,,crosswalk_stop,0.0000,0.0000,1,line_center_tracking,0.0325,0.0355,0.0250,-0.0002,0.9902,8,0.0105,0.0252,0.0357,0.0201,0.0000,IDLE,1,0,step_done_latches_cleared,0,0,0.000,0,nan,nan,nan,0.0000,0,5,0.6000,0.6151,0.1675,0.6151,-0.0151,本圈台阶完成,1,0.0000,0.150,0.330
5699.830,CROSSWALK_STOP,4.754,0,2.731,0.4000,0.0000,vision,2.731,,,crosswalk_stop,0.0000,0.0000,1,line_center_tracking,0.0287,0.0329,0.0179,0.0016,0.9939,8,0.0149,0.0164,0.0313,0.0175,0.0000,IDLE,1,0,step_done_latches_cleared,0,0,0.000,0,nan,nan,nan,0.0000,0,5,0.6000,0.6151,0.1675,0.6151,-0.0151,本圈台阶完成,1,0.0000,0.150,0.330
5700.013,CROSSWALK_STOP,4.937,0,2.731,0.6000,0.0000,vision,2.731,,,crosswalk_stop,0.0000,0.0000,1,line_center_tracking,0.0310,0.0363,0.0173,0.0005,0.9956,8,0.0190,0.0168,0.0358,0.0181,0.0000,IDLE,1,0,step_done_latches_cleared,0,0,0.000,0,nan,nan,nan,0.0000,0,5,0.6000,0.6151,0.1675,0.6151,-0.0151,本圈台阶完成,1,0.0000,0.150,0.330
5700.163,SEEK_FINISH,0.000,0,2.731,0.4000,0.0000,vision,2.731,,,tracking,0.0507,-0.0315,1,line_center_tracking,0.0291,0.0349,0.0143,-0.0012,0.9958,8,0.0206,0.0156,0.0361,0.0160,-0.0315,IDLE,1,0,step_done_latches_cleared,0,0,0.000,0,nan,nan,nan,0.0000,0,5,0.6000,0.6151,0.1675,0.6151,-0.0151,本圈台阶完成,1,0.0000,0.150,0.330
5700.315,SEEK_FINISH,0.152,0,2.731,0.4000,0.0000,vision,2.731,,,tracking,0.1013,-0.0315,1,line_center_tracking,0.0292,0.0350,0.0142,-0.0017,0.9958,8,0.0207,0.0159,0.0366,0.0159,-0.0315,IDLE,1,0,step_done_latches_cleared,0,0,0.000,0,nan,nan,nan,0.0000,0,5,0.6000,0.6151,0.1675,0.6151,-0.0151,本圈台阶完成,1,0.0000,0.150,0.330
5700.469,SEEK_FINISH,0.306,0,2.731,0.4000,0.0000,vision,2.731,,,tracking,0.1520,-0.0286,1,line_center_tracking,0.0241,0.0302,0.0085,-0.0093,0.9954,8,0.0217,0.0178,0.0395,0.0098,-0.0286,IDLE,1,0,step_done_latches_cleared,0,0,0.000,0,nan,nan,nan,0.0000,0,5,0.6000,0.6151,0.1675,0.6151,-0.0151,本圈台阶完成,1,0.0000,0.150,0.330
5700.615,SEEK_FINISH,0.452,0,2.731,0.4000,0.0000,vision,2.731,,,tracking,0.2027,-0.0212,1,line_center_tracking,0.0134,0.0194,-0.0020,-0.0198,0.9079,7,0.0214,0.0179,0.0392,-0.0008,-0.0212,IDLE,1,0,step_done_latches_cleared,0,0,0.000,0,nan,nan,nan,0.0000,0,5,0.6000,0.6151,0.1675,0.6151,-0.0151,本圈台阶完成,1,0.0000,0.150,0.330
5700.762,SEEK_FINISH,0.599,0,2.731,0.4000,0.0000,vision,2.731,,,tracking,0.2442,-0.0167,1,line_center_tracking,0.0113,0.0208,-0.0131,-0.0255,0.9057,7,0.0338,0.0124,0.0462,-0.0059,-0.0167,IDLE,1,0,step_done_latches_cleared,0,0,0.000,0,nan,nan,nan,0.0000,0,5,0.6000,0.6151,0.1675,0.6151,-0.0151,本圈台阶完成,1,0.0000,0.150,0.330
5700.907,SEEK_FINISH,0.744,0,2.731,0.4000,0.0000,vision,2.731,,,tracking,0.2455,-0.0112,1,line_center_tracking,0.0055,0.0124,-0.0123,-0.0283,0.9953,8,0.0246,0.0160,0.0407,-0.0094,-0.0112,IDLE,1,0,step_done_latches_cleared,0,0,0.000,0,nan,nan,nan,0.0000,0,5,0.6000,0.6151,0.1675,0.6151,-0.0151,本圈台阶完成,1,0.0000,0.150,0.330
5701.047,SEEK_FINISH,0.884,0,2.731,0.4000,0.0000,vision,2.731,,,tracking,0.2463,-0.0035,1,line_center_tracking,-0.0035,-0.0017,-0.0080,-0.0353,0.9917,8,0.0063,0.0273,0.0336,-0.0150,-0.0035,IDLE,1,0,step_done_latches_cleared,0,0,0.000,0,nan,nan,nan,0.0000,0,5,0.6000,0.6151,0.1675,0.6151,-0.0151,本圈台阶完成,1,0.0000,0.150,0.330
5701.194,SEEK_FINISH,1.031,0,2.731,0.2000,0.0000,vision,2.731,,,tracking,0.2431,-0.0048,1,line_center_tracking,0.0048,0.0101,-0.0087,-0.0519,0.9034,7,0.0188,0.0432,0.0620,-0.0168,-0.0048,IDLE,1,0,step_done_latches_cleared,0,0,0.000,0,nan,nan,nan,0.0000,0,5,0.6000,0.6151,0.1675,0.6151,-0.0151,本圈台阶完成,1,0.0000,0.150,0.330
5701.344,SEEK_FINISH,1.182,0,2.731,0.2000,0.0000,vision,2.731,,,tracking,0.2448,0.0010,1,line_center_tracking,-0.0056,0.0004,-0.0211,-0.0460,0.9078,7,0.0215,0.0249,0.0464,-0.0222,0.0010,IDLE,1,0,step_done_latches_cleared,0,0,0.000,0,nan,nan,nan,0.0000,0,5,0.6000,0.6151,0.1675,0.6151,-0.0151,本圈台阶完成,1,0.0000,0.150,0.330
5701.485,SEEK_FINISH,1.322,0,2.731,0.0000,0.0000,vision,2.731,,,tracking,0.2437,0.0015,1,line_center_tracking,-0.0023,0.0080,-0.0289,-0.0394,0.9051,7,0.0369,0.0106,0.0474,-0.0201,0.0015,IDLE,1,0,step_done_latches_cleared,0,0,0.000,0,nan,nan,nan,0.0000,0,5,0.6000,0.6151,0.1675,0.6151,-0.0151,本圈台阶完成,1,0.0000,0.150,0.330
5701.633,SEEK_FINISH,1.470,0,2.731,0.0000,0.0000,vision,2.731,,,tracking,0.2455,0.0062,1,line_center_tracking,-0.0097,-0.0032,-0.0263,-0.0434,0.9954,8,0.0231,0.0171,0.0402,-0.0243,0.0062,IDLE,1,0,step_done_latches_cleared,0,0,0.000,0,nan,nan,nan,0.0000,0,5,0.6000,0.6151,0.1675,0.6151,-0.0151,本圈台阶完成,1,0.0000,0.150,0.330
5701.788,SEEK_FINISH,1.625,0,2.731,0.0000,0.0000,vision,2.731,,,tracking,0.2457,0.0110,1,line_center_tracking,-0.0144,-0.0083,-0.0301,-0.0467,0.9955,8,0.0218,0.0166,0.0385,-0.0284,0.0110,IDLE,1,0,step_done_latches_cleared,0,0,0.000,0,nan,nan,nan,0.0000,0,5,0.6000,0.6151,0.1675,0.6151,-0.0151,本圈台阶完成,1,0.0000,0.150,0.330
5701.919,SEEK_FINISH,1.756,0,2.731,0.0000,0.0000,vision,2.731,,,tracking,0.2460,0.0154,1,line_center_tracking,-0.0182,-0.0128,-0.0319,-0.0491,0.9957,8,0.0191,0.0172,0.0362,-0.0313,0.0154,IDLE,1,0,step_done_latches_cleared,0,0,0.000,0,nan,nan,nan,0.0000,0,5,0.6000,0.6151,0.1675,0.6151,-0.0151,本圈台阶完成,1,0.0000,0.150,0.330
5702.069,SEEK_FINISH,1.906,0,2.731,0.0000,0.0000,vision,2.731,,,tracking,0.2450,0.0194,1,line_center_tracking,-0.0216,-0.0146,-0.0395,-0.0507,0.9042,7,0.0249,0.0112,0.0361,-0.0350,0.0194,IDLE,1,0,step_done_latches_cleared,0,0,0.000,0,nan,nan,nan,0.0000,0,5,0.6000,0.6151,0.1675,0.6151,-0.0151,本圈台阶完成,1,0.0000,0.150,0.330
5702.206,SEEK_FINISH,2.043,0,2.731,0.0000,0.0000,vision,2.731,,,tracking,0.2450,0.0194,1,line_center_tracking,-0.0184,-0.0130,-0.0322,-0.0468,0.9963,8,0.0192,0.0146,0.0338,-0.0307,0.0194,IDLE,1,0,step_done_latches_cleared,0,0,0.000,0,nan,nan,nan,0.0000,0,5,0.6000,0.6151,0.1675,0.6151,-0.0151,本圈台阶完成,1,0.0000,0.150,0.330
5702.347,SEEK_FINISH,2.185,0,2.731,0.0000,0.0000,vision,2.731,,,tracking,0.2457,0.0167,1,line_center_tracking,-0.0133,-0.0086,-0.0255,-0.0403,0.9963,8,0.0170,0.0147,0.0317,-0.0248,0.0167,IDLE,1,0,step_done_latches_cleared,0,0,0.000,0,nan,nan,nan,0.0000,0,5,0.6000,0.6151,0.1675,0.6151,-0.0151,本圈台阶完成,1,0.0000,0.150,0.330
5702.482,SEEK_FINISH,2.319,0,2.731,0.0000,0.0000,vision,2.731,,,tracking,0.2453,0.0181,1,line_center_tracking,-0.0177,-0.0176,-0.0179,-0.0389,0.9077,7,0.0003,0.0210,0.0213,-0.0248,0.0181,IDLE,1,0,step_done_latches_cleared,0,0,0.000,0,nan,nan,nan,0.0000,0,5,0.6000,0.6151,0.1675,0.6151,-0.0151,本圈台阶完成,1,0.0000,0.150,0.330
5702.628,SEEK_FINISH,2.465,0,2.731,0.0000,0.0000,vision,2.731,,,tracking,0.2467,0.0130,1,line_center_tracking,-0.0079,-0.0046,-0.0165,-0.0324,0.9968,8,0.0118,0.0159,0.0277,-0.0178,0.0130,IDLE,1,0,step_done_latches_cleared,0,0,0.000,0,nan,nan,nan,0.0000,0,5,0.6000,0.6151,0.1675,0.6151,-0.0151,本圈台阶完成,1,0.0000,0.150,0.330
5702.770,SEEK_FINISH,2.607,0,2.731,0.0000,0.0000,vision,2.731,,,tracking,0.2467,0.0079,1,line_center_tracking,-0.0028,0.0017,-0.0144,-0.0281,0.9087,7,0.0162,0.0137,0.0299,-0.0136,0.0079,IDLE,1,0,step_done_latches_cleared,0,0,0.000,0,nan,nan,nan,0.0000,0,5,0.6000,0.6151,0.1675,0.6151,-0.0151,本圈台阶完成,1,0.0000,0.150,0.330
5702.906,SEEK_ROUNDABOUT,0.000,1,0.000,0.0000,0.0000,none,2.731,,,tracking,0.2470,0.0004,1,line_center_tracking,-0.0004,0.0040,-0.0115,-0.0232,0.9968,8,0.0154,0.0118,0.0272,-0.0102,0.0004,IDLE,0,0,new_lap_step_reset,0,0,0.000,0,nan,nan,nan,0.0000,0,0,0.6000,0.6151,0.1675,0.6151,-0.0151,本圈台阶完成,1,0.0000,0.150,0.330
5703.064,SEEK_ROUNDABOUT,0.158,1,0.059,0.0000,0.0000,none,2.731,,,tracking,0.2471,-0.0004,1,line_center_tracking,0.0009,0.0049,-0.0093,-0.0209,0.9969,8,0.0142,0.0116,0.0258,-0.0084,-0.0004,IDLE,0,0,step_zone_before_min seek=0.00<1.25,0,0,0.000,0,nan,nan,nan,0.0000,0,5,0.6000,0.6151,0.1675,0.6151,-0.0151,本圈台阶完成,1,0.0000,0.150,0.330
5703.203,SEEK_ROUNDABOUT,0.297,1,0.115,0.0000,0.0000,none,2.731,,,tracking,0.2471,-0.0037,1,line_center_tracking,0.0061,0.0100,-0.0041,-0.0162,0.9969,8,0.0142,0.0121,0.0262,-0.0034,-0.0037,IDLE,0,0,step_zone_before_min seek=0.06<1.25,0,0,0.000,0,nan,nan,nan,0.0000,0,5,0.6000,0.6151,0.1675,0.6151,-0.0151,本圈台阶完成,1,0.0000,0.150,0.330
5703.367,SEEK_ROUNDABOUT,0.461,1,0.167,0.0000,0.0000,none,2.731,,,tracking,0.2457,-0.0122,1,line_center_tracking,0.0187,0.0222,0.0096,-0.0112,0.9051,7,0.0127,0.0207,0.0334,0.0069,-0.0122,IDLE,0,0,step_zone_before_min seek=0.11<1.25,0,0,0.000,0,nan,nan,nan,0.0000,0,5,0.6000,0.6151,0.1675,0.6151,-0.0151,本圈台阶完成,1,0.0000,0.150,0.330
5703.583,SEEK_ROUNDABOUT,0.677,1,0.254,0.0000,0.0000,none,2.731,,,tracking,0.2469,-0.0113,1,line_center_tracking,0.0104,0.0149,-0.0012,-0.0133,0.9097,7,0.0161,0.0121,0.0282,0.0001,-0.0113,IDLE,0,0,step_zone_before_min seek=0.17<1.25,0,0,0.000,0,nan,nan,nan,0.0000,0,5,0.6000,0.6151,0.1675,0.6151,-0.0151,本圈台阶完成,1,0.0000,0.150,0.330
5703.780,SEEK_ROUNDABOUT,0.875,1,0.338,0.0000,0.0000,none,2.731,,,tracking,0.2480,-0.0031,1,line_center_tracking,-0.0042,-0.0059,0.0003,-0.0142,0.9071,7,0.0062,0.0145,0.0083,-0.0066,-0.0031,IDLE,0,0,step_zone_before_min seek=0.25<1.25,0,0,0.000,0,nan,nan,nan,0.0000,0,5,0.6000,0.6151,0.1675,0.6151,-0.0151,本圈台阶完成,1,0.0000,0.150,0.330
5703.923,SEEK_ROUNDABOUT,1.017,1,0.389,0.0000,0.0000,none,2.731,,,tracking,0.2456,-0.0051,1,line_center_tracking,0.0058,0.0131,-0.0127,-0.0209,0.9955,8,0.0258,0.0081,0.0339,-0.0068,-0.0051,IDLE,0,0,step_zone_before_min seek=0.34<1.25,0,0,0.000,0,nan,nan,nan,0.0000,0,5,0.6000,0.6151,0.1675,0.6151,-0.0151,本圈台阶完成,1,0.0000,0.150,0.330
5704.072,SEEK_ROUNDABOUT,1.166,1,0.451,0.0000,0.0000,none,2.731,,,tracking,0.2469,-0.0015,1,line_center_tracking,-0.0015,0.0037,-0.0146,-0.0234,0.9966,8,0.0183,0.0088,0.0271,-0.0115,-0.0015,IDLE,0,0,step_zone_before_min seek=0.39<1.25,0,0,0.000,0,nan,nan,nan,0.0000,0,5,0.6000,0.6151,0.1675,0.6151,-0.0151,本圈台阶完成,1,0.0000,0.150,0.330
5704.214,SEEK_ROUNDABOUT,1.308,1,0.497,0.0000,0.0000,none,2.731,,,tracking,0.2437,-0.0034,1,line_center_tracking,0.0043,0.0147,-0.0222,-0.0278,0.9938,8,0.0369,0.0056,0.0425,-0.0118,-0.0034,IDLE,0,0,step_zone_before_min seek=0.45<1.25,0,0,0.000,0,nan,nan,nan,0.0000,0,5,0.6000,0.6151,0.1675,0.6151,-0.0151,本圈台阶完成,1,0.0000,0.150,0.330
5704.348,SEEK_ROUNDABOUT,1.442,1,0.532,0.0000,0.0000,none,2.731,,,tracking,0.2436,-0.0036,1,line_center_tracking,0.0037,0.0142,-0.0234,-0.0296,0.9934,8,0.0376,0.0062,0.0438,-0.0129,-0.0036,IDLE,0,0,step_zone_before_min seek=0.50<1.25,0,0,0.000,0,nan,nan,nan,0.0000,0,5,0.6000,0.6151,0.1675,0.6151,-0.0151,本圈台阶完成,1,0.0000,0.150,0.330
5704.492,SEEK_ROUNDABOUT,1.586,1,0.579,0.0000,0.0000,none,2.731,,,tracking,0.2468,0.0039,1,line_center_tracking,-0.0096,-0.0044,-0.0231,-0.0333,0.9962,8,0.0188,0.0102,0.0290,-0.0203,0.0039,IDLE,0,0,step_zone_before_min seek=0.53<1.25,0,0,0.000,0,nan,nan,nan,0.0000,0,5,0.6000,0.6151,0.1675,0.6151,-0.0151,本圈台阶完成,1,0.0000,0.150,0.330
5704.623,SEEK_ROUNDABOUT,1.717,1,0.608,0.0000,0.0000,none,2.731,,,tracking,0.2470,0.0109,1,line_center_tracking,-0.0162,-0.0120,-0.0270,-0.0394,0.9963,8,0.0151,0.0124,0.0274,-0.0261,0.0109,IDLE,0,0,step_zone_before_min seek=0.58<1.25,0,0,0.000,0,nan,nan,nan,0.0000,0,5,0.6000,0.6151,0.1675,0.6151,-0.0151,本圈台阶完成,1,0.0000,0.150,0.330
5704.778,SEEK_ROUNDABOUT,1.872,1,0.643,0.0000,0.0000,none,2.731,,,tracking,0.2454,0.0180,1,line_center_tracking,-0.0231,-0.0196,-0.0323,-0.0465,0.9964,8,0.0127,0.0143,0.0270,-0.0328,0.0180,IDLE,0,0,step_zone_before_min seek=0.61<1.25,0,0,0.000,0,nan,nan,nan,0.0000,0,5,0.6000,0.6151,0.1675,0.6151,-0.0151,本圈台阶完成,1,0.0000,0.150,0.330
5704.915,SEEK_ROUNDABOUT,2.009,1,0.670,0.0000,0.0000,none,2.731,,,tracking,0.2442,0.0224,1,line_center_tracking,-0.0250,-0.0212,-0.0345,-0.0523,0.9957,8,0.0132,0.0178,0.0311,-0.0360,0.0224,IDLE,0,0,step_zone_before_min seek=0.64<1.25,0,0,0.000,0,nan,nan,nan,0.0000,0,5,0.6000,0.6151,0.1675,0.6151,-0.0151,本圈台阶完成,1,0.0000,0.150,0.330
5705.043,SEEK_ROUNDABOUT,2.137,1,0.692,0.0000,0.0000,none,2.731,,,tracking,0.2446,0.0210,1,line_center_tracking,-0.0188,-0.0112,-0.0384,-0.0557,0.9930,8,0.0271,0.0173,0.0445,-0.0351,0.0210,IDLE,0,0,step_zone_before_min seek=0.67<1.25,0,0,0.000,0,nan,nan,nan,0.0000,0,5,0.6000,0.6151,0.1675,0.6151,-0.0151,本圈台阶完成,1,0.0000,0.150,0.330
5705.183,SEEK_ROUNDABOUT,2.277,1,0.721,0.0000,0.0000,none,2.731,,,tracking,0.2440,0.0231,1,line_center_tracking,-0.0230,-0.0191,-0.0332,-0.0549,0.9943,8,0.0142,0.0216,0.0358,-0.0357,0.0231,IDLE,0,0,step_zone_before_min seek=0.69<1.25,0,0,0.000,0,nan,nan,nan,0.0000,0,5,0.6000,0.6151,0.1675,0.6151,-0.0151,本圈台阶完成,1,0.0000,0.150,0.330
5705.315,SEEK_ROUNDABOUT,2.409,1,0.741,0.0000,0.0000,none,2.731,,,tracking,0.2447,0.0207,1,line_center_tracking,-0.0174,-0.0141,-0.0257,-0.0485,0.9946,8,0.0116,0.0228,0.0344,-0.0295,0.0207,IDLE,0,0,step_zone_before_min seek=0.72<1.25,0,0,0.000,0,nan,nan,nan,0.0000,0,5,0.6000,0.6151,0.1675,0.6151,-0.0151,本圈台阶完成,1,0.0000,0.150,0.330
5705.450,SEEK_ROUNDABOUT,2.544,1,0.762,0.0000,0.0000,none,2.731,,,tracking,0.2450,0.0113,1,line_center_tracking,-0.0028,0.0041,-0.0207,-0.0411,0.9927,8,0.0248,0.0204,0.0452,-0.0192,0.0113,IDLE,0,0,step_zone_before_min seek=0.74<1.25,0,0,0.000,0,nan,nan,nan,0.0000,0,5,0.6000,0.6151,0.1675,0.6151,-0.0151,本圈台阶完成,1,0.0000,0.150,0.330
5705.585,SEEK_ROUNDABOUT,2.679,1,0.778,0.0000,0.0000,none,2.731,,,tracking,0.2461,0.0059,1,line_center_tracking,-0.0003,0.0021,-0.0067,-0.0327,0.9905,8,0.0088,0.0260,0.0348,-0.0124,0.0059,IDLE,0,0,step_zone_before_min seek=0.76<1.25,0,0,0.000,0,nan,nan,nan,0.0000,0,5,0.6000,0.6151,0.1675,0.6151,-0.0151,本圈台阶完成,1,0.0000,0.150,0.330
5705.723,SEEK_ROUNDABOUT,2.817,1,0.795,0.0000,0.0000,none,2.731,,,tracking,0.2458,0.0024,1,line_center_tracking,0.0011,0.0037,-0.0056,-0.0338,0.9936,8,0.0093,0.0282,0.0375,-0.0119,0.0024,IDLE,0,0,step_zone_before_min seek=0.78<1.25,0,0,0.000,0,nan,nan,nan,0.0000,0,5,0.6000,0.6151,0.1675,0.6151,-0.0151,本圈台阶完成,1,0.0000,0.150,0.330
5705.851,SEEK_ROUNDABOUT,2.945,1,0.815,0.0000,0.0000,none,2.731,,,tracking,0.2456,0.0011,1,line_center_tracking,0.0004,0.0029,-0.0060,-0.0368,0.9934,8,0.0089,0.0308,0.0397,-0.0133,0.0011,IDLE,0,0,step_zone_before_min seek=0.80<1.25,0,0,0.000,0,nan,nan,nan,0.0000,0,5,0.6000,0.6151,0.1675,0.6151,-0.0151,本圈台阶完成,1,0.0000,0.150,0.330
5705.976,SEEK_ROUNDABOUT,3.070,1,0.832,0.0000,0.0000,none,2.731,,,tracking,0.2435,-0.0033,1,line_center_tracking,0.0066,0.0146,-0.0140,-0.0434,0.9013,7,0.0286,0.0295,0.0580,-0.0143,-0.0033,IDLE,0,0,step_zone_before_min seek=0.82<1.25,0,0,0.000,0,nan,nan,nan,0.0000,0,5,0.6000,0.6151,0.1675,0.6151,-0.0151,本圈台阶完成,1,0.0000,0.150,0.330
5706.113,SEEK_ROUNDABOUT,3.207,1,0.851,0.0000,0.0000,none,2.731,,,tracking,0.2444,-0.0007,1,line_center_tracking,-0.0010,0.0024,-0.0097,-0.0483,0.9911,8,0.0121,0.0387,0.0507,-0.0185,-0.0007,IDLE,0,0,step_zone_before_min seek=0.83<1.25,0,0,0.000,0,nan,nan,nan,0.0000,0,5,0.6000,0.6151,0.1675,0.6151,-0.0151,本圈台阶完成,1,0.0000,0.150,0.330
5706.272,SEEK_ROUNDABOUT,3.367,1,0.873,0.0000,0.0000,none,2.731,,,tracking,0.2436,0.0032,1,line_center_tracking,-0.0063,-0.0036,-0.0135,-0.0604,0.9900,8,0.0099,0.0469,0.0569,-0.0258,0.0032,IDLE,0,0,step_zone_before_min seek=0.85<1.25,0,0,0.000,0,nan,nan,nan,0.0000,0,5,0.6000,0.6151,0.1675,0.6151,-0.0151,本圈台阶完成,1,0.0000,0.150,0.330
5706.600,SEEK_ROUNDABOUT,3.695,1,0.929,0.0000,0.0000,none,2.731,,,tracking,0.2405,0.0084,1,line_center_tracking,-0.0129,-0.0100,-0.0204,-0.0900,0.9863,8,0.0104,0.0696,0.0800,-0.0401,0.0084,IDLE,0,0,step_zone_before_min seek=0.87<1.25,0,0,0.000,0,nan,nan,nan,0.0000,0,5,0.6000,0.6151,0.1675,0.6151,-0.0151,本圈台阶完成,1,0.0000,0.150,0.330
5706.885,SEEK_ROUNDABOUT,3.979,1,0.989,0.0000,0.0000,none,2.731,,,tracking,0.2363,0.0122,1,line_center_tracking,-0.0149,-0.0116,-0.0233,-0.1235,0.9815,8,0.0117,0.1002,0.1119,-0.0528,0.0122,IDLE,0,0,step_zone_before_min seek=0.93<1.25,0,0,0.000,0,nan,nan,nan,0.0000,0,5,0.6000,0.6151,0.1675,0.6151,-0.0151,本圈台阶完成,1,0.0000,0.150,0.330
5707.016,SEEK_ROUNDABOUT,4.111,1,1.018,0.0000,0.0000,none,2.731,,,tracking,0.2298,0.0041,1,line_center_tracking,0.0024,0.0063,-0.0075,-0.1555,0.9726,8,0.0138,0.1480,0.1618,-0.0522,0.0041,IDLE,0,0,step_zone_before_min seek=0.99<1.25,0,0,0.000,0,nan,nan,nan,0.0000,0,5,0.6000,0.6151,0.1675,0.6151,-0.0151,本圈台阶完成,1,0.0000,0.150,0.330
5707.161,SEEK_ROUNDABOUT,4.255,1,1.050,0.0000,0.0000,none,2.731,,,tracking,0.1791,-0.0075,1,line_curve_center_riding,0.0169,0.0178,0.0021,-0.1645,0.9700,8,0.0157,0.1666,0.1823,-0.0482,-0.0075,IDLE,0,0,step_zone_before_min seek=1.02<1.25,0,0,0.000,0,nan,nan,nan,0.0000,0,5,0.6000,0.6151,0.1675,0.6151,-0.0151,本圈台阶完成,1,0.0000,0.150,0.330
5707.291,SEEK_ROUNDABOUT,4.385,1,1.083,0.0000,0.0000,none,2.731,,,tracking,0.1700,-0.0356,1,line_curve_center_riding,0.0560,0.0571,0.0394,-0.1871,0.9595,8,0.0177,0.2265,0.2442,-0.0302,-0.0356,IDLE,0,0,step_zone_before_min seek=1.05<1.25,0,0,0.000,0,nan,nan,nan,0.0000,0,5,0.6000,0.6151,0.1675,0.6151,-0.0151,本圈台阶完成,1,0.0000,0.150,0.330
5707.425,SEEK_ROUNDABOUT,4.519,1,1.114,0.0000,0.0000,none,2.731,,,tracking,0.1700,-0.0577,1,line_curve_center_riding,0.0735,0.0751,0.0483,-0.2097,0.9545,8,0.0267,0.2580,0.2848,-0.0288,-0.0577,IDLE,0,0,step_zone_before_min seek=1.08<1.25,0,0,0.000,0,nan,nan,nan,0.0000,0,5,0.6000,0.6151,0.1675,0.6151,-0.0151,本圈台阶完成,1,0.0000,0.150,0.330
5707.553,SEEK_ROUNDABOUT,4.647,1,1.152,0.0000,0.0000,none,2.731,,,tracking,0.1700,-0.0849,1,line_curve_center_riding,0.1021,0.1041,0.0694,-0.2403,0.9443,8,0.0347,0.3097,0.3445,-0.0223,-0.0849,IDLE,0,0,step_zone_before_min seek=1.11<1.25,0,0,0.000,0,nan,nan,nan,0.0000,0,5,0.6000,0.6151,0.1675,0.6151,-0.0151,本圈台阶完成,1,0.0000,0.150,0.330
5707.683,SEEK_ROUNDABOUT,4.777,1,1.183,0.0000,0.0000,none,2.731,,,tracking,0.1700,-0.0729,1,line_curve_center_riding,0.0609,0.0646,0.0034,-0.2746,0.8759,7,0.0612,0.2780,0.3392,-0.0689,-0.0729,IDLE,0,0,step_zone_before_min seek=1.15<1.25,0,0,0.000,0,nan,nan,nan,0.0000,0,5,0.6000,0.6151,0.1675,0.6151,-0.0151,本圈台阶完成,1,0.0000,0.150,0.330
5707.814,SEEK_ROUNDABOUT,4.909,1,1.218,0.0000,0.0000,none,2.731,,,tracking,0.1600,-0.0742,1,line_curve_center_riding,0.0689,0.0743,-0.0153,-0.3233,0.8719,7,0.0896,0.3080,0.3976,-0.0881,-0.0742,IDLE,0,0,step_zone_before_min seek=1.18<1.25,0,0,0.000,0,nan,nan,nan,0.0000,0,5,0.6000,0.6151,0.1675,0.6151,-0.0151,本圈台阶完成,1,0.0000,0.150,0.330
5707.982,SEEK_ROUNDABOUT,5.076,1,1.269,0.0000,0.0000,none,2.731,,,tracking,0.1600,-0.0152,1,line_curve_center_riding,-0.0348,-0.0274,-0.1503,-0.3027,0.7913,6,0.1229,0.1524,0.2753,-0.1601,-0.0152,IDLE,0,0,step_zone_before_min seek=1.22<1.25,0,0,0.000,0,nan,nan,nan,0.0000,0,5,0.6000,0.6151,0.1675,0.6151,-0.0151,本圈台阶完成,1,0.0000,0.150,0.330
5708.117,SEEK_ROUNDABOUT,5.211,1,1.305,0.0000,0.0000,none,2.731,,,tracking,0.1600,0.0134,1,line_curve_center_riding,-0.0393,-0.0297,-0.1901,-0.3599,0.7838,6,0.1604,0.1698,0.3302,-0.1933,0.0134,IDLE,0,0,candidate_fields_invalid,0,0,0.000,0,nan,nan,nan,0.0000,0,5,0.6000,0.6151,0.1675,0.6151,-0.0151,本圈台阶完成,1,0.0000,0.150,0.330
5708.247,SEEK_ROUNDABOUT,5.341,1,1.344,0.0000,0.0000,none,2.731,,,tracking,0.1600,0.0177,1,line_curve_center_riding,-0.0226,-0.0103,-0.2163,-0.4308,0.7717,6,0.2061,0.2145,0.4206,-0.2191,0.0177,IDLE,0,0,candidate_fields_invalid,0,0,0.000,0,nan,nan,nan,0.0000,0,5,0.6000,0.6151,0.1675,0.6151,-0.0151,本圈台阶完成,1,0.0000,0.150,0.330
5708.383,SEEK_ROUNDABOUT,5.477,1,1.385,0.0000,0.0000,none,2.731,,,tracking,0.1600,0.0349,1,line_curve_center_riding,-0.0466,-0.0301,-0.3059,-0.3778,0.6827,5,0.2758,0.0719,0.3478,-0.2379,0.0349,IDLE,0,0,candidate_fields_invalid,0,0,0.000,0,nan,nan,nan,0.0000,0,5,0.6000,0.6151,0.1675,0.6151,-0.0151,本圈台阶完成,1,0.0000,0.150,0.330
5708.518,SEEK_ROUNDABOUT,5.612,1,1.420,0.0000,0.0000,none,2.731,,,tracking,0.1600,0.0697,1,line_curve_center_riding,-0.0936,-0.0779,-0.3399,-0.3893,0.6858,5,0.2620,0.0494,0.3114,-0.2690,0.0697,IDLE,0,0,candidate_fields_invalid,0,0,0.000,0,nan,nan,nan,0.0000,0,5,0.6000,0.6151,0.1675,0.6151,-0.0151,本圈台阶完成,1,0.0000,0.150,0.330
5708.647,SEEK_ROUNDABOUT,5.741,1,1.452,0.0000,0.0000,none,2.731,,,tracking,0.1450,0.0694,1,line_curve_center_riding,-0.0672,-0.0474,-0.3770,-0.4540,0.6698,5,0.3296,0.0770,0.4066,-0.2928,0.0694,IDLE,0,0,candidate_fields_invalid,0,0,0.000,0,nan,nan,nan,0.0000,0,5,0.6000,0.6151,0.1675,0.6151,-0.0151,本圈台阶完成,1,0.0000,0.150,0.330
5708.782,SEEK_ROUNDABOUT,5.877,1,1.484,0.0000,0.0000,none,2.731,,,tracking,0.1450,0.0878,1,line_curve_center_riding,-0.0962,-0.0734,-0.4534,-0.5445,0.6605,5,0.3800,0.0911,0.4711,-0.3571,0.0878,IDLE,0,0,candidate_fields_invalid,0,0,0.000,0,nan,nan,nan,0.0000,0,5,0.6000,0.6151,0.1675,0.6151,-0.0151,本圈台阶完成,1,0.0000,0.150,0.330
5708.912,SEEK_ROUNDABOUT,6.006,1,1.513,0.0000,0.0000,none,2.731,,,tracking,0.1450,0.1166,1,line_curve_center_riding,-0.1322,-0.1060,-0.5429,-0.6351,0.6501,5,0.4369,0.0922,0.5291,-0.4280,0.1166,IDLE,0,0,candidate_fields_invalid,0,0,0.000,0,nan,nan,nan,0.0000,0,5,0.6000,0.6151,0.1675,0.6151,-0.0151,本圈台阶完成,1,0.0000,0.150,0.330
5709.038,SEEK_ROUNDABOUT,6.132,1,1.542,0.0000,0.0000,none,2.731,,,tracking,0.1600,0.1708,1,line_curve_center_riding,-0.2031,-0.1879,-0.4413,-0.4413,0.5847,4,0.2535,0.0000,0.2535,-0.3569,0.1708,IDLE,0,0,candidate_fields_invalid,0,0,0.000,0,nan,nan,nan,0.0000,0,5,0.6000,0.6151,0.1675,0.6151,-0.0151,本圈台阶完成,1,0.0000,0.150,0.330
5709.178,SEEK_ROUNDABOUT,6.272,1,1.567,0.0000,0.0000,none,2.731,,,tracking,0.1450,0.1837,1,line_curve_center_riding,-0.1857,-0.1680,-0.4627,-0.4627,0.5747,4,0.2947,0.0000,0.2947,-0.3644,0.1837,IDLE,0,0,candidate_fields_invalid,0,0,0.000,0,nan,nan,nan,0.0000,0,5,0.6000,0.6151,0.1675,0.6151,-0.0151,本圈台阶完成,1,0.0000,0.150,0.330
5709.315,SEEK_ROUNDABOUT,6.410,1,1.590,0.0000,0.0000,none,2.731,,,tracking,0.1600,0.2840,1,line_curve_center_riding,-0.3445,-0.3367,-0.4660,-0.4660,0.4966,3,0.1293,0.0000,0.1293,-0.4229,0.2840,IDLE,0,0,candidate_fields_invalid,0,0,0.000,0,nan,nan,nan,0.0000,0,5,0.6000,0.6151,0.1675,0.6151,-0.0151,本圈台阶完成,1,0.0000,0.150,0.330
5709.448,SEEK_ROUNDABOUT,6.542,1,1.618,0.0000,0.0000,none,2.731,,,tracking,0.1600,0.3442,1,line_center_tracking,-0.3747,-0.3432,-0.4558,-0.4558,0.5076,3,0.1126,0.0000,0.1126,-0.4183,0.3442,IDLE,0,0,candidate_fields_invalid,0,0,0.000,0,nan,nan,nan,0.0000,0,5,0.6000,0.6151,0.1675,0.6151,-0.0151,本圈台阶完成,1,0.0000,0.150,0.330
5709.572,SEEK_ROUNDABOUT,6.666,1,1.638,0.0000,0.0000,none,2.731,,,tracking,0.1600,0.3402,1,line_curve_center_riding,-0.3181,-0.3103,-0.4395,-0.4395,0.5032,3,0.1291,0.0000,0.1291,-0.3964,0.3402,IDLE,0,0,candidate_fields_invalid,0,0,0.000,0,nan,nan,nan,0.0000,0,5,0.6000,0.6151,0.1675,0.6151,-0.0151,本圈台阶完成,1,0.0000,0.150,0.330
5709.702,SEEK_ROUNDABOUT,6.796,1,1.658,0.0000,0.0000,none,2.731,,,tracking,0.1600,0.3347,1,line_center_tracking,-0.3059,-0.2776,-0.3788,-0.3788,0.5137,3,0.1012,0.0000,0.1012,-0.3451,0.3347,IDLE,0,0,candidate_fields_invalid,0,0,0.000,0,nan,nan,nan,0.0000,0,5,0.6000,0.6151,0.1675,0.6151,-0.0151,本圈台阶完成,1,0.0000,0.150,0.330
5709.829,SEEK_ROUNDABOUT,6.923,1,1.677,0.0000,0.0000,none,2.731,,,tracking,0.1600,0.2845,1,line_center_tracking,-0.2239,-0.2175,-0.2405,-0.2405,0.4103,2,0.0230,0.0000,0.0230,-0.2328,0.2845,IDLE,0,0,candidate_fields_invalid,0,0,0.000,0,nan,nan,nan,0.0000,0,5,0.6000,0.6151,0.1675,0.6151,-0.0151,本圈台阶完成,1,0.0000,0.150,0.330
5709.959,SEEK_ROUNDABOUT,7.053,1,1.691,0.0000,0.0000,none,2.731,,,tracking,0.1600,0.2393,1,line_center_tracking,-0.1815,-0.1746,-0.1992,-0.1992,0.4059,2,0.0246,0.0000,0.0246,-0.1910,0.2393,IDLE,0,0,candidate_fields_invalid,0,0,0.000,0,nan,nan,nan,0.0000,0,5,0.6000,0.6151,0.1675,0.6151,-0.0151,本圈台阶完成,1,0.0000,0.150,0.330
5710.109,SEEK_ROUNDABOUT,7.204,1,1.708,0.0000,0.0000,none,2.731,,,tracking,0.1450,0.1243,1,line_curve_center_riding,-0.0172,0.0167,-0.5486,-0.6331,0.4054,3,0.5652,0.0845,0.6497,-0.3883,0.1243,IDLE,0,0,candidate_fields_invalid,0,0,0.000,0,nan,nan,nan,0.0000,0,5,0.6000,0.6151,0.1675,0.6151,-0.0151,本圈台阶完成,1,0.0000,0.150,0.330
5710.241,SEEK_ROUNDABOUT,7.336,1,1.719,0.0000,0.0000,none,2.731,,,tracking,0.1600,0.1168,1,line_center_tracking,-0.0927,-0.0867,-0.1083,-0.1083,0.4144,2,0.0216,0.0000,0.0216,-0.1011,0.1168,IDLE,0,0,candidate_fields_invalid,0,0,0.000,0,nan,nan,nan,0.0000,0,5,0.6000,0.6151,0.1675,0.6151,-0.0151,本圈台阶完成,1,0.0000,0.150,0.330
5710.379,SEEK_ROUNDABOUT,7.473,1,1.727,0.0000,0.0000,none,2.731,,,tracking,0.1450,0.0095,1,line_recenter_transition,0.0781,0.0892,-0.4655,-0.5449,0.4054,3,0.5548,0.0793,0.6341,-0.3071,0.0095,IDLE,0,0,candidate_fields_invalid,0,0,0.000,0,1.4800,nan,0.0441,0.8109,2,5,0.6000,0.6151,0.1675,0.6151,-0.0151,本圈台阶完成,1,0.0000,0.150,0.330
5710.516,SEEK_ROUNDABOUT,7.610,1,1.738,0.0000,0.0000,none,2.731,,,tracking,0.1450,-0.0410,1,line_recenter_transition,0.0875,0.0976,-0.4094,-0.4865,0.4226,3,0.5070,0.0770,0.5841,-0.2661,-0.0410,IDLE,0,0,candidate_fields_invalid,0,0,0.000,1,1.4300,nan,0.0478,0.9037,6,5,0.6000,0.6151,0.1675,0.6151,-0.0151,本圈台阶完成,1,0.0000,0.150,0.330
5710.655,SEEK_ROUNDABOUT,7.749,1,1.744,0.0000,0.0000,none,2.731,,,tracking,0.1600,0.0172,1,line_center_tracking,-0.0569,-0.0535,-0.0656,-0.0656,0.4410,2,0.0121,0.0000,0.0121,-0.0616,0.0172,IDLE,0,0,candidate_fields_invalid,0,0,0.000,0,nan,nan,nan,0.0000,0,5,0.6000,0.6151,0.1675,0.6151,-0.0151,本圈台阶完成,1,0.0000,0.150,0.330
5710.782,SEEK_ROUNDABOUT,7.876,1,1.750,0.0000,0.0000,none,2.731,,,tracking,0.1450,-0.0304,1,line_recenter_transition,0.0609,0.0706,-0.4129,-0.4834,0.4267,3,0.4835,0.0705,0.5540,-0.2752,-0.0304,IDLE,0,0,candidate_fields_invalid,0,0,0.000,0,nan,nan,nan,0.0000,0,5,0.6000,0.6151,0.1675,0.6151,-0.0151,本圈台阶完成,1,0.0000,0.150,0.330
5710.919,SEEK_ROUNDABOUT,8.013,1,1.757,0.0000,0.0000,none,2.731,,,tracking,0.1450,-0.0441,1,line_recenter_transition,0.0555,0.0660,-0.4602,-0.5388,0.4162,3,0.5262,0.0786,0.6048,-0.3110,-0.0441,IDLE,0,0,candidate_fields_invalid,0,0,0.000,0,nan,nan,nan,0.0000,0,5,0.6000,0.6151,0.1675,0.6151,-0.0151,本圈台阶完成,1,0.0000,0.150,0.330
5711.047,SEEK_ROUNDABOUT,8.142,1,1.767,0.0000,0.0000,none,2.731,,,tracking,0.1600,0.0368,1,line_center_tracking,-0.0956,-0.0911,-0.1074,-0.1074,0.4290,2,0.0164,0.0000,0.0164,-0.1020,0.0368,IDLE,0,0,candidate_fields_invalid,0,0,0.000,0,nan,nan,nan,0.0000,0,5,0.6000,0.6151,0.1675,0.6151,-0.0151,本圈台阶完成,1,0.0000,0.150,0.330
5711.175,SEEK_ROUNDABOUT,8.269,1,1.775,0.0000,0.0000,none,2.731,,,tracking,0.1450,0.0203,1,line_curve_center_riding,-0.0130,0.0130,-0.4200,-0.4200,0.4304,3,0.4329,0.0000,0.4329,-0.2757,0.0203,IDLE,0,0,candidate_fields_invalid,0,0,0.000,0,nan,nan,nan,0.0000,0,5,0.6000,0.6151,0.1675,0.6151,-0.0151,本圈台阶完成,1,0.0000,0.150,0.330
5711.308,SEEK_ROUNDABOUT,8.402,1,1.785,0.0000,0.0000,none,2.731,,,tracking,0.1450,0.0234,1,line_curve_center_riding,-0.0235,0.0012,-0.4102,-0.4102,0.4431,3,0.4115,0.0000,0.4115,-0.2731,0.0234,IDLE,0,0,candidate_fields_invalid,0,0,0.000,0,nan,nan,nan,0.0000,0,5,0.6000,0.6151,0.1675,0.6151,-0.0151,本圈台阶完成,1,0.0000,0.150,0.330
5711.457,SEEK_ROUNDABOUT,8.551,1,1.797,0.0000,0.0000,none,2.731,,,tracking,0.1450,0.0595,1,line_curve_center_riding,-0.0845,-0.0621,-0.4349,-0.4349,0.2832,2,0.3728,0.0000,0.3728,-0.3106,0.0595,IDLE,0,0,candidate_fields_invalid,0,0,0.000,0,nan,nan,nan,0.0000,0,5,0.6000,0.6151,0.1675,0.6151,-0.0151,本圈台阶完成,1,0.0000,0.150,0.330
5711.612,SEEK_ROUNDABOUT,8.706,1,1.811,0.0000,0.0000,none,2.731,,,tracking,0.1450,0.0466,1,line_curve_center_riding,-0.0356,-0.0104,-0.4306,-0.4306,0.5482,4,0.4202,0.0000,0.4202,-0.2905,0.0466,IDLE,0,0,candidate_fields_invalid,0,0,0.000,0,nan,nan,nan,0.0000,0,5,0.6000,0.6151,0.1675,0.6151,-0.0151,本圈台阶完成,1,0.0000,0.150,0.330
5711.742,SEEK_ROUNDABOUT,8.836,1,1.822,0.0000,0.0000,none,2.731,,,tracking,0.1450,0.0852,1,line_curve_center_riding,-0.1085,-0.0827,-0.5125,-0.5125,0.5377,4,0.4298,0.0000,0.4298,-0.3693,0.0852,IDLE,0,0,candidate_fields_invalid,0,0,0.000,0,nan,nan,nan,0.0000,0,5,0.6000,0.6151,0.1675,0.6151,-0.0151,本圈台阶完成,1,0.0000,0.150,0.330
5711.898,SEEK_ROUNDABOUT,8.992,1,1.841,0.0000,0.0000,none,2.731,,,tracking,0.1600,0.1808,1,line_curve_center_riding,-0.2490,-0.2367,-0.4421,-0.4421,0.3158,2,0.2054,0.0000,0.2054,-0.3736,0.1808,IDLE,0,0,candidate_fields_invalid,0,0,0.000,0,nan,nan,nan,0.0000,0,5,0.6000,0.6151,0.1675,0.6151,-0.0151,本圈台阶完成,1,0.0000,0.150,0.330
5712.031,SEEK_ROUNDABOUT,9.125,1,1.858,0.0000,0.0000,none,2.731,,,tracking,0.1450,0.1713,1,line_curve_center_riding,-0.1587,-0.1281,-0.6378,-0.6378,0.5280,4,0.5096,0.0000,0.5096,-0.4679,0.1713,IDLE,0,0,candidate_fields_invalid,0,0,0.000,0,nan,nan,nan,0.0000,0,5,0.6000,0.6151,0.1675,0.6151,-0.0151,本圈台阶完成,1,0.0000,0.150,0.330
5712.167,SEEK_ROUNDABOUT,9.261,1,1.875,0.0000,0.0000,none,2.731,,,tracking,0.1600,0.2519,1,line_curve_center_riding,-0.2972,-0.2849,-0.4904,-0.4904,0.4607,3,0.2056,0.0000,0.2056,-0.4219,0.2519,IDLE,0,0,candidate_fields_invalid,0,0,0.000,0,nan,nan,nan,0.0000,0,5,0.6000,0.6151,0.1675,0.6151,-0.0151,本圈台阶完成,1,0.0000,0.150,0.330
5712.306,SEEK_ROUNDABOUT,9.400,1,1.891,0.0000,0.0000,none,2.731,,,tracking,0.1600,0.2958,1,line_curve_center_riding,-0.3158,-0.3034,-0.5101,-0.5101,0.4563,3,0.2067,0.0000,0.2067,-0.4412,0.2958,IDLE,0,0,candidate_fields_invalid,0,0,0.000,0,nan,nan,nan,0.0000,0,5,0.6000,0.6151,0.1675,0.6151,-0.0151,本圈台阶完成,1,0.0000,0.150,0.330
5712.437,SEEK_ROUNDABOUT,9.531,1,1.917,0.0000,0.0000,none,2.731,,,tracking,0.1600,0.3229,1,line_curve_center_riding,-0.3247,-0.3113,-0.5349,-0.5349,0.4515,3,0.2236,0.0000,0.2236,-0.4604,0.3229,IDLE,0,0,candidate_fields_invalid,0,0,0.000,0,nan,nan,nan,0.0000,0,5,0.6000,0.6151,0.1675,0.6151,-0.0151,本圈台阶完成,1,0.0000,0.150,0.330
5712.571,SEEK_ROUNDABOUT,9.665,1,1.943,0.0000,0.0000,none,2.731,,,tracking,0.1600,0.3427,1,line_curve_center_riding,-0.3359,-0.3224,-0.5472,-0.5472,0.4528,3,0.2248,0.0000,0.2248,-0.4723,0.3427,IDLE,0,0,candidate_fields_invalid,0,0,0.000,0,nan,nan,nan,0.0000,0,5,0.6000,0.6151,0.1675,0.6151,-0.0151,本圈台阶完成,1,0.0000,0.150,0.330
5712.706,SEEK_ROUNDABOUT,9.801,1,1.965,0.0000,0.0000,none,2.731,,,tracking,0.1600,0.3482,1,line_curve_center_riding,-0.3288,-0.3137,-0.5664,-0.5664,0.4393,3,0.2527,0.0000,0.2527,-0.4821,0.3482,IDLE,0,0,candidate_fields_invalid,0,0,0.000,0,nan,nan,nan,0.0000,0,5,0.6000,0.6151,0.1675,0.6151,-0.0151,本圈台阶完成,1,0.0000,0.150,0.330
5712.837,SEEK_ROUNDABOUT,9.932,1,1.990,0.0000,0.0000,none,2.731,,,tracking,0.1575,0.3599,1,line_curve_center_riding,-0.3431,-0.3279,-0.5819,-0.5819,0.4387,3,0.2540,0.0000,0.2540,-0.4972,0.3599,IDLE,0,0,candidate_fields_invalid,0,0,0.000,0,nan,nan,nan,0.0000,0,5,0.6000,0.6151,0.1675,0.6151,-0.0151,本圈台阶完成,1,0.0000,0.150,0.330
5712.961,SEEK_ROUNDABOUT,10.056,1,2.013,0.0000,0.0000,none,2.731,,,line_bridge_loss,0.1103,0.1440,0,line_too_few_bands,0.0000,0.0000,0.0000,0.0000,0.0000,1,0.0000,0.0000,0.0000,0.0000,0.1440,IDLE,0,0,candidate_fields_invalid,0,0,0.000,0,nan,nan,nan,0.0000,0,5,0.6000,0.6151,0.1675,0.6151,-0.0151,本圈台阶完成,1,0.0000,0.150,0.330
5713.088,SEEK_ROUNDABOUT,10.182,1,2.038,0.0000,0.0000,none,2.731,,,tracking,0.1521,0.3806,1,line_curve_center_riding,-0.3719,-0.3583,-0.5842,-0.5842,0.4528,3,0.2258,0.0000,0.2258,-0.5089,0.3806,IDLE,0,0,candidate_fields_invalid,0,0,0.000,0,nan,nan,nan,0.0000,0,5,0.6000,0.6151,0.1675,0.6151,-0.0151,本圈台阶完成,1,0.0000,0.150,0.330
5713.213,SEEK_ROUNDABOUT,10.307,1,2.058,0.0000,0.0000,none,2.731,,,tracking,0.1255,0.4843,1,line_center_tracking,-0.5300,-0.5190,-0.5583,-0.5583,0.3642,2,0.0394,0.0000,0.0394,-0.5452,0.4843,IDLE,0,0,candidate_fields_invalid,0,0,0.000,0,nan,nan,nan,0.0000,0,5,0.6000,0.6151,0.1675,0.6151,-0.0151,本圈台阶完成,1,0.0000,0.150,0.330
5713.347,SEEK_ROUNDABOUT,10.442,1,2.090,0.0000,0.0000,none,2.731,,,tracking,0.1417,0.4213,1,line_curve_center_riding,-0.3501,-0.3274,-0.7068,-0.7068,0.4219,3,0.3794,0.0000,0.3794,-0.5803,0.4213,IDLE,0,0,candidate_fields_invalid,0,0,0.000,0,nan,nan,nan,0.0000,0,5,0.6000,0.6151,0.1675,0.6151,-0.0151,本圈台阶完成,1,0.0000,0.150,0.330
5713.481,SEEK_ROUNDABOUT,10.575,1,2.111,0.0000,0.0000,none,2.731,,,tracking,0.1356,0.4447,1,line_curve_center_riding,-0.4258,-0.4138,-0.6146,-0.6146,0.4539,3,0.2009,0.0000,0.2009,-0.5477,0.4447,IDLE,0,0,candidate_fields_invalid,0,0,0.000,0,nan,nan,nan,0.0000,0,5,0.6000,0.6151,0.1675,0.6151,-0.0151,本圈台阶完成,1,0.0000,0.150,0.330
5713.620,SEEK_ROUNDABOUT,10.714,1,2.144,0.0000,0.0000,none,2.731,,,tracking,0.1450,0.3759,1,line_curve_center_riding,-0.2948,-0.2726,-0.6419,-0.6655,0.6559,5,0.3692,0.0236,0.3929,-0.5267,0.3759,IDLE,0,0,candidate_fields_invalid,0,0,0.000,0,nan,nan,nan,0.0000,0,5,0.6000,0.6151,0.1675,0.6151,-0.0151,本圈台阶完成,1,0.0000,0.150,0.330
5713.751,SEEK_ROUNDABOUT,10.846,1,2.170,0.0000,0.0000,none,2.731,,,tracking,0.1450,0.3246,1,line_curve_center_riding,-0.2547,-0.2342,-0.5761,-0.6553,0.7578,6,0.3419,0.0792,0.4211,-0.4885,0.3246,IDLE,0,0,candidate_fields_invalid,0,0,0.000,0,nan,nan,nan,0.0000,0,5,0.6000,0.6151,0.1675,0.6151,-0.0151,本圈台阶完成,1,0.0000,0.150,0.330
5713.888,SEEK_ROUNDABOUT,10.982,1,2.199,0.0000,0.0000,none,2.731,,,tracking,0.1450,0.2807,1,line_curve_center_riding,-0.2198,-0.2004,-0.5248,-0.6473,0.7584,6,0.3245,0.1224,0.4469,-0.4575,0.2807,IDLE,0,0,candidate_fields_invalid,0,0,0.000,0,nan,nan,nan,0.0000,0,5,0.6000,0.6151,0.1675,0.6151,-0.0151,本圈台阶完成,1,0.0000,0.150,0.330
5714.024,SEEK_ROUNDABOUT,11.119,1,2.224,0.0000,0.0000,none,2.731,,,tracking,0.1450,0.2617,1,line_curve_center_riding,-0.2228,-0.2059,-0.4878,-0.6255,0.7637,6,0.2819,0.1376,0.4195,-0.4397,0.2617,IDLE,0,0,candidate_evidence_wait 1.0/2.4,0,0,1.000,0,0.9900,0.9900,0.0464,0.9227,4,5,0.6000,0.6151,0.1675,0.6151,-0.0151,本圈台阶完成,1,0.0000,0.150,0.330
5714.158,SEEK_ROUNDABOUT,11.252,1,2.224,0.0000,0.0000,none,2.731,,,step_align_heading/course_events_frozen,0.0944,0.3400,1,line_curve_center_riding,-0.2317,-0.2161,-0.4768,-0.5042,0.4924,3,0.2607,0.0275,0.2881,-0.3990,0.3400,IDLE,0,1,step_confirmed_slow_align d=0.980,0,0,2.000,1,0.9700,0.9800,0.0466,0.9248,8,5,0.6000,0.6151,0.1675,0.6151,-0.0151,本圈台阶完成,1,0.0000,0.150,0.330
5714.290,SEEK_ROUNDABOUT,11.384,1,2.224,0.0000,0.0000,none,2.731,,,step_align_heading/course_events_frozen,0.0450,0.3400,1,line_curve_center_riding,-0.2222,-0.2076,-0.4504,-0.5434,0.7747,6,0.2429,0.0930,0.3358,-0.4005,0.3400,IDLE,0,1,step_confirmed_slow_align d=0.970,0,0,3.000,1,0.9400,0.9700,0.0471,0.9317,12,5,0.6000,0.6151,0.1675,0.6151,-0.0151,本圈台阶完成,1,0.0000,0.150,0.330
5714.422,SEEK_ROUNDABOUT,11.516,1,2.224,0.0000,0.0000,none,2.731,,,step_align_heading/course_events_frozen,0.0450,0.3400,1,line_curve_center_riding,-0.2061,-0.1927,-0.4160,-0.4402,0.6877,5,0.2233,0.0242,0.2475,-0.3497,0.3400,IDLE,0,1,step_confirmed_slow_align d=0.955,0,0,4.000,1,0.9100,0.9550,0.0465,0.9239,16,5,0.6000,0.6151,0.1675,0.6151,-0.0151,本圈台阶完成,1,0.0000,0.150,0.330
5714.565,SEEK_ROUNDABOUT,11.659,1,2.224,0.0000,0.0000,none,2.731,,,step_align_heading/course_events_frozen,0.0450,0.3400,1,line_curve_center_riding,-0.0616,-0.0480,-0.2750,-0.5653,0.8487,7,0.2271,0.2902,0.5173,-0.2961,0.3400,IDLE,0,1,step_confirmed_slow_align d=0.940,0,0,5.000,1,0.9000,0.9400,0.0477,0.9399,19,5,0.6000,0.6151,0.1675,0.6151,-0.0151,本圈台阶完成,1,0.0000,0.150,0.330
5714.696,SEEK_ROUNDABOUT,11.790,1,2.224,0.0000,0.0000,none,2.731,,,step_align_heading/course_events_frozen,0.0450,0.3400,1,line_curve_center_riding,-0.1382,-0.1270,-0.3138,-0.3327,0.6960,5,0.1868,0.0189,0.2057,-0.2579,0.3400,IDLE,0,1,step_confirmed_slow_align d=0.910,0,0,6.000,1,0.8800,0.9100,0.0476,0.9397,23,5,0.6000,0.6151,0.1675,0.6151,-0.0151,本圈台阶完成,1,0.0000,0.150,0.330
5714.835,SEEK_ROUNDABOUT,11.929,1,2.224,0.0000,0.0000,none,2.731,,,step_align_heading/course_events_frozen,0.0450,0.3400,1,line_curve_center_riding,-0.1041,-0.0939,-0.2640,-0.2825,0.6990,5,0.1701,0.0186,0.1886,-0.2135,0.3400,IDLE,0,1,step_confirmed_slow_align d=0.900,0,0,6.000,1,0.8700,0.9000,0.0481,0.9448,26,5,0.6000,0.6151,0.1675,0.6151,-0.0151,本圈台阶完成,1,0.0000,0.150,0.330
5714.976,SEEK_ROUNDABOUT,12.070,1,2.224,0.0000,0.0000,none,2.731,,,step_align_heading/course_events_frozen,0.0450,0.3003,1,line_curve_center_riding,-0.0714,-0.0625,-0.2107,-0.2279,0.7054,5,0.1482,0.0172,0.1654,-0.1670,0.3003,IDLE,0,1,step_confirmed_slow_align d=0.880,0,0,6.000,1,0.8500,0.8800,0.0489,0.9563,30,5,0.6000,0.6151,0.1675,0.6151,-0.0151,本圈台阶完成,1,0.0000,0.150,0.330
5715.111,SEEK_ROUNDABOUT,12.205,1,2.224,0.0000,0.0000,none,2.731,,,step_align_heading/course_events_frozen,0.0450,0.2554,1,line_curve_center_riding,-0.0069,0.0018,-0.1430,-0.1587,0.7049,5,0.1448,0.0157,0.1605,-0.1000,0.2554,IDLE,0,1,step_confirmed_slow_align d=0.870,0,0,6.000,1,0.8400,0.8700,0.0479,0.9425,33,5,0.6000,0.6151,0.1675,0.6151,-0.0151,本圈台阶完成,1,0.0000,0.150,0.330
5715.266,SEEK_ROUNDABOUT,12.361,1,2.422,0.0000,0.0000,none,2.731,,,tracking,0.0957,-0.0631,1,line_curve_center_riding,0.0585,0.0667,-0.0712,-0.0850,0.7094,5,0.1379,0.0138,0.1518,-0.0298,-0.0631,IDLE,0,0,fixed_candidate_confirm 1/3,0,0,6.000,1,0.8200,0.8500,0.0487,0.9540,36,5,0.6000,0.6151,0.1675,0.6151,-0.0151,本圈台阶完成,1,0.0000,0.150,0.330
5715.462,SEEK_ROUNDABOUT,12.556,1,2.435,0.2000,0.0000,none,2.731,,,tracking,0.1463,-0.0990,1,line_curve_center_riding,0.1222,0.1257,0.0669,0.3038,0.7747,6,0.0588,0.2369,0.1781,0.1655,-0.0990,IDLE,0,0,fixed_candidate_confirm 2/3,0,0,6.000,1,0.8000,0.8400,0.0489,0.9573,41,5,0.6000,0.6151,0.1675,0.6151,-0.0151,本圈台阶完成,1,0.0000,0.150,0.330
5715.595,SEEK_ROUNDABOUT,12.689,1,2.435,0.0000,0.0000,none,2.731,,,step_align_heading/course_events_frozen,0.0959,0.2052,1,line_curve_center_riding,0.2585,0.2684,0.1025,-0.2775,0.7580,6,0.1659,0.3801,0.5459,0.0311,0.2052,IDLE,0,1,step_confirmed_slow_align d=0.820,0,0,6.000,1,0.8000,0.8200,0.0493,0.9624,44,5,0.6000,0.6151,0.1675,0.6151,-0.0151,本圈台阶完成,1,0.0000,0.150,0.330
5715.733,SEEK_ROUNDABOUT,12.827,1,2.435,0.2000,0.0000,none,2.731,,,step_align_slow/course_events_frozen,0.0453,0.2157,1,line_curve_center_riding,0.2410,0.2509,0.0862,-0.3036,0.7574,6,0.1648,0.3898,0.5546,0.0112,0.2157,IDLE,0,1,step_confirmed_slow_align d=0.800,0,0,6.000,1,0.7900,0.8000,0.0495,0.9652,47,5,0.6000,0.6151,0.1675,0.6151,-0.0151,本圈台阶完成,1,0.0000,0.150,0.330
5715.899,SEEK_ROUNDABOUT,12.993,1,2.435,0.0000,0.0000,none,2.731,,,step_align_slow/course_events_frozen,0.0300,0.1501,1,line_curve_center_riding,0.1104,0.1178,-0.0067,-0.0211,0.7107,5,0.1245,0.0143,0.1389,0.0300,0.1501,IDLE,0,1,fixed_sprint_approach depth=0.800>0.715 center=+0.030 hd=0.125,1,0,6.000,1,0.7800,0.8000,0.0496,0.9669,50,5,0.6000,0.6151,0.1675,0.6151,-0.0151,本圈台阶完成,1,0.0000,0.150,0.330
5716.037,SEEK_ROUNDABOUT,13.132,1,2.435,0.0000,0.0000,none,2.731,,,step_align_slow/course_events_frozen,0.0300,0.1759,1,line_curve_center_riding,0.3341,0.3444,0.1723,-0.2344,0.7542,6,0.1721,0.4067,0.5789,0.0941,0.1759,IDLE,0,1,fixed_sprint_approach depth=0.790>0.715 center=+0.094 hd=0.172,1,0,6.000,1,0.7800,0.7900,0.0502,0.9682,53,5,0.6000,0.6151,0.1675,0.6151,-0.0151,本圈台阶完成,1,0.0000,0.150,0.330
5716.187,SEEK_ROUNDABOUT,13.282,1,2.435,0.0000,0.0000,none,2.731,,,step_align_slow/course_events_frozen,0.0300,0.1335,1,line_curve_center_riding,0.2996,0.3091,0.1506,-0.0578,0.8711,7,0.1585,0.2085,0.3669,0.1340,0.1335,IDLE,0,1,fixed_sprint_approach depth=0.790>0.715 center=+0.134 hd=0.158,1,0,6.000,1,0.7900,0.7900,0.0498,0.9700,57,5,0.6000,0.6151,0.1675,0.6151,-0.0151,本圈台阶完成,1,0.0000,0.150,0.330
5716.321,SEEK_ROUNDABOUT,13.415,1,2.435,0.0000,0.0000,none,2.731,,,step_align_slow/course_events_frozen,0.0300,0.1055,1,line_curve_center_riding,0.3672,0.3765,0.2208,-0.0738,0.7749,6,0.1557,0.2946,0.4503,0.1745,0.1055,IDLE,0,1,fixed_sprint_approach depth=0.780>0.715 center=+0.175 hd=0.156,1,0,6.000,1,0.7800,0.7800,0.0495,0.9656,59,5,0.6000,0.6151,0.1675,0.6151,-0.0151,本圈台阶完成,1,0.0000,0.150,0.330
5716.464,SEEK_ROUNDABOUT,13.558,1,2.435,0.0000,0.0000,none,2.731,,,step_align_slow/course_events_frozen,0.0300,0.0863,1,line_curve_center_riding,0.3928,0.4020,0.2492,-0.0513,0.7751,6,0.1528,0.3005,0.4533,0.2000,0.0863,IDLE,0,1,fixed_sprint_approach depth=0.780>0.715 center=+0.200 hd=0.153,1,0,6.000,1,0.7900,0.7800,0.0486,0.9541,62,5,0.6000,0.6151,0.1675,0.6151,-0.0151,本圈台阶完成,1,0.0000,0.150,0.330
5716.604,SEEK_ROUNDABOUT,13.698,1,2.435,0.0000,0.0000,none,2.731,,,step_align_slow/course_events_frozen,0.0300,-0.1703,1,line_curve_center_riding,0.3247,0.3274,0.2819,0.5494,0.7732,6,0.0455,0.2675,0.2220,0.3862,-0.1703,IDLE,0,1,fixed_sprint_approach depth=0.790>0.715 center=+0.386 hd=0.045,1,0,6.000,1,0.7900,0.7900,0.0492,0.9621,65,5,0.6000,0.6151,0.1675,0.6151,-0.0151,本圈台阶完成,1,0.0000,0.150,0.330
5716.736,SEEK_ROUNDABOUT,13.831,1,2.435,0.0000,0.0000,none,2.731,,,step_align_slow/course_events_frozen,0.0300,0.0273,1,line_curve_center_riding,0.4213,0.4288,0.3038,-0.0257,0.7787,6,0.1250,0.3295,0.4545,0.2356,0.0273,IDLE,0,1,fixed_sprint_approach depth=0.790>0.715 center=+0.236 hd=0.125,1,0,6.000,1,0.7900,0.7900,0.0498,0.9698,68,5,0.6000,0.6151,0.1675,0.6151,-0.0151,本圈台阶完成,1,0.0000,0.150,0.330
5716.875,SEEK_ROUNDABOUT,13.969,1,2.435,0.0000,0.0000,none,2.731,,,step_align_slow/course_events_frozen,0.0300,0.0349,1,line_center_tracking,0.2519,0.2831,0.1718,0.1223,0.8013,6,0.1113,0.0495,0.1608,0.1924,0.0349,IDLE,0,1,fixed_sprint_approach depth=0.790>0.715 center=+0.192 hd=0.111,1,0,6.000,1,0.7900,0.7900,0.0492,0.9620,71,5,0.6000,0.6151,0.1675,0.6151,-0.0151,本圈台阶完成,1,0.0000,0.150,0.330
5717.014,SEEK_ROUNDABOUT,14.108,1,2.435,0.0000,0.0000,none,2.731,,,step_align_slow/course_events_frozen,0.0300,0.0077,1,line_center_tracking,0.2407,0.2676,0.1715,0.1711,0.8029,6,0.0961,0.0004,0.0965,0.2034,0.0077,IDLE,0,1,fixed_sprint_approach depth=0.790>0.715 center=+0.203 hd=0.096,1,0,6.000,1,0.7900,0.7900,0.0501,0.9708,74,5,0.6000,0.6151,0.1675,0.6151,-0.0151,本圈台阶完成,1,0.0000,0.150,0.330
5717.158,SEEK_ROUNDABOUT,14.252,1,2.435,0.0000,0.0000,none,2.731,,,step_align_slow/course_events_frozen,0.0300,0.0387,1,line_curve_center_riding,0.4091,0.4173,0.2804,0.0325,0.7819,6,0.1369,0.2479,0.3848,0.2434,0.0387,IDLE,0,1,fixed_sprint_approach depth=0.790>0.715 center=+0.243 hd=0.137,1,0,6.000,1,0.7900,0.7900,0.0495,0.9656,77,5,0.6000,0.6151,0.1675,0.6151,-0.0151,本圈台阶完成,1,0.0000,0.150,0.330
5717.298,SEEK_ROUNDABOUT,14.393,1,2.435,0.0000,0.0000,none,2.731,,,step_align_slow/course_events_frozen,0.0300,-0.0031,1,line_center_tracking,0.2631,0.2882,0.1986,0.1334,0.8024,6,0.0896,0.0652,0.1548,0.2067,-0.0031,IDLE,0,1,fixed_sprint_approach depth=0.790>0.715 center=+0.207 hd=0.090,1,0,6.000,1,0.7900,0.7900,0.0495,0.9658,80,5,0.6000,0.6151,0.1675,0.6151,-0.0151,本圈台阶完成,1,0.0000,0.150,0.330
5717.434,SEEK_ROUNDABOUT,14.528,1,2.435,0.0000,0.0000,none,2.731,,,step_align_slow/course_events_frozen,0.0300,-0.0534,1,line_center_tracking,0.2558,0.2730,0.2117,0.1957,0.8062,6,0.0613,0.0160,0.0773,0.2268,-0.0534,IDLE,0,1,fixed_sprint_approach depth=0.790>0.715 center=+0.227 hd=0.061,1,0,6.000,1,0.7900,0.7900,0.0491,0.9603,82,5,0.6000,0.6151,0.1675,0.6151,-0.0151,本圈台阶完成,1,0.0000,0.150,0.330
5717.567,SEEK_ROUNDABOUT,14.661,1,2.435,0.0000,0.0000,none,2.731,,,step_align_slow/course_events_frozen,0.0300,-0.1705,1,line_curve_center_riding,0.3312,0.3337,0.2922,0.5065,0.7815,6,0.0415,0.2143,0.1728,0.3775,-0.1705,IDLE,0,1,fixed_sprint_approach depth=0.790>0.715 center=+0.377 hd=0.041,1,0,6.000,1,0.7900,0.7900,0.0491,0.9596,85,5,0.6000,0.6151,0.1675,0.6151,-0.0151,本圈台阶完成,1,0.0000,0.150,0.330
5717.702,SEEK_ROUNDABOUT,14.796,1,2.435,0.0000,0.0000,none,2.731,,,step_align_slow/course_events_frozen,0.0300,-0.2078,1,line_curve_center_riding,0.3623,0.3646,0.3270,0.6006,0.7741,6,0.0375,0.2736,0.2361,0.4308,-0.2078,IDLE,0,1,fixed_sprint_approach depth=0.790>0.715 center=+0.431 hd=0.038,1,0,6.000,1,0.7800,0.7900,0.0499,0.9711,88,5,0.6000,0.6151,0.1675,0.6151,-0.0151,本圈台阶完成,1,0.0000,0.150,0.330
5717.842,SEEK_ROUNDABOUT,14.936,1,2.435,0.2000,0.0000,none,2.731,,,step_align_slow/course_events_frozen,0.0300,-0.2017,1,line_curve_center_riding,0.3660,0.3688,0.3220,0.6334,0.7679,6,0.0468,0.3114,0.2646,0.4414,-0.2017,IDLE,0,1,fixed_sprint_approach depth=0.790>0.715 center=+0.441 hd=0.047,1,0,6.000,1,0.7800,0.7900,0.0490,0.9586,91,5,0.6000,0.6151,0.1675,0.6151,-0.0151,本圈台阶完成,1,0.0000,0.150,0.330
5717.997,SEEK_ROUNDABOUT,15.091,1,2.435,0.0000,0.0000,none,2.731,,,step_align_slow/course_events_frozen,0.0300,-0.1917,1,line_curve_center_riding,0.3078,0.3099,0.2760,0.6014,0.7679,6,0.0339,0.3254,0.2915,0.3957,-0.1917,IDLE,0,1,fixed_sprint_approach depth=0.780>0.715 center=+0.396 hd=0.034,1,0,6.000,1,0.7700,0.7800,0.0489,0.9571,94,5,0.6000,0.6151,0.1675,0.6151,-0.0151,本圈台阶完成,1,0.0000,0.150,0.330
5718.131,SEEK_ROUNDABOUT,15.225,1,2.435,0.2000,0.0000,none,2.731,,,step_align_slow/course_events_frozen,0.0300,-0.1475,1,line_curve_center_riding,0.2438,0.2459,0.2099,0.5247,0.7687,6,0.0360,0.3148,0.2788,0.3269,-0.1475,IDLE,0,1,fixed_sprint_approach depth=0.780>0.715 center=+0.327 hd=0.036,1,0,6.000,1,0.7600,0.7800,0.0493,0.9623,97,5,0.6000,0.6151,0.1675,0.6151,-0.0151,本圈台阶完成,1,0.0000,0.150,0.330
5718.263,SEEK_ROUNDABOUT,15.357,1,2.435,0.4000,0.0000,none,2.731,,,step_align_slow/course_events_frozen,0.0300,-0.1215,1,line_curve_center_riding,0.1987,0.2009,0.1644,0.4881,0.7674,6,0.0364,0.3236,0.2872,0.2845,-0.1215,IDLE,0,1,fixed_sprint_approach depth=0.770>0.715 center=+0.284 hd=0.036,1,0,6.000,1,0.7600,0.7700,0.0491,0.9607,100,5,0.6000,0.6151,0.1675,0.6151,-0.0151,本圈台阶完成,1,0.0000,0.150,0.330
5718.404,SEEK_ROUNDABOUT,15.498,1,2.435,0.0000,0.0000,none,2.731,,,step_align_slow/course_events_frozen,0.0300,0.1497,1,line_center_tracking,0.0212,0.0497,-0.0522,-0.0585,0.7154,5,0.1019,0.0063,0.1082,-0.0203,0.1497,IDLE,0,1,fixed_sprint_approach depth=0.760>0.715 center=-0.020 hd=0.102,1,0,6.000,1,0.7500,0.7600,0.0489,0.9577,102,5,0.6000,0.6151,0.1675,0.6151,-0.0151,本圈台阶完成,1,0.0000,0.150,0.330
5718.548,SEEK_ROUNDABOUT,15.643,1,2.435,0.0000,0.0000,none,2.731,,,step_align_slow/course_events_frozen,0.0300,0.3029,1,line_curve_center_riding,0.1475,0.1598,-0.0451,-0.2460,0.6829,5,0.2049,0.2009,0.4058,-0.0438,0.3029,IDLE,0,1,fixed_sprint_approach depth=0.760>0.715 center=-0.044 hd=0.205,1,0,6.000,1,0.7400,0.7600,0.0495,0.9661,106,5,0.6000,0.6151,0.1675,0.6151,-0.0151,本圈台阶完成,1,0.0000,0.150,0.330
5718.684,SEEK_ROUNDABOUT,15.778,1,2.435,0.4000,0.0000,none,2.731,,,step_align_slow/course_events_frozen,0.0300,0.2168,1,line_curve_center_riding,0.0612,0.0696,-0.0704,-0.1386,0.7024,5,0.1400,0.0683,0.2083,-0.0465,0.2168,IDLE,0,1,fixed_sprint_approach depth=0.750>0.715 center=-0.046 hd=0.140,1,0,6.000,1,0.7400,0.7500,0.0502,0.9683,108,5,0.6000,0.6151,0.1675,0.6151,-0.0151,本圈台阶完成,1,0.0000,0.150,0.330
5718.821,SEEK_ROUNDABOUT,15.915,1,2.435,0.2000,0.0000,none,2.731,,,step_align_slow/course_events_frozen,0.0300,0.1256,1,line_center_tracking,0.0489,0.0757,-0.0200,-0.0377,0.7150,5,0.0957,0.0177,0.1134,0.0060,0.1256,IDLE,0,1,fixed_sprint_approach depth=0.740>0.715 center=+0.006 hd=0.096,1,0,6.000,1,0.7300,0.7400,0.0497,0.9669,111,5,0.6000,0.6151,0.1675,0.6151,-0.0151,本圈台阶完成,1,0.0000,0.150,0.330
5718.957,SEEK_ROUNDABOUT,16.051,1,2.435,0.2000,0.0000,none,2.731,,,step_align_slow/course_events_frozen,0.0300,0.1075,1,line_center_tracking,0.0929,0.1205,0.0218,-0.0132,0.7137,5,0.0987,0.0349,0.1337,0.0430,0.1075,IDLE,0,1,fixed_sprint_approach depth=0.740>0.715 center=+0.043 hd=0.099,1,0,6.000,1,0.7200,0.7400,0.0496,0.9657,114,5,0.6000,0.6151,0.1675,0.6151,-0.0151,本圈台阶完成,1,0.0000,0.150,0.330
5719.088,SEEK_ROUNDABOUT,16.182,1,2.435,0.2000,0.0000,none,2.731,,,step_align_creep/course_events_frozen,0.0150,0.0481,1,line_center_tracking,0.1293,0.1514,0.0725,0.0678,0.7195,5,0.0789,0.0047,0.0836,0.0972,0.0481,IDLE,0,1,fixed_sprint_approach depth=0.730>0.715 center=+0.097 hd=0.079,1,0,6.000,1,0.7300,0.7300,0.0481,0.9452,117,5,0.6000,0.6151,0.1675,0.6151,-0.0151,本圈台阶完成,1,0.0000,0.150,0.330
5719.224,SEEK_ROUNDABOUT,16.319,1,2.435,0.4000,0.0000,none,2.731,,,step_align_creep/course_events_frozen,0.0150,-0.0077,1,line_center_tracking,0.1412,0.1547,0.1068,0.1002,0.7249,5,0.0479,0.0065,0.0544,0.1206,-0.0077,IDLE,0,1,fixed_sprint_approach depth=0.730>0.715 center=+0.121 hd=0.048,1,0,6.000,1,0.7100,0.7300,0.0483,0.9480,120,5,0.6000,0.6151,0.1675,0.6151,-0.0151,本圈台阶完成,1,0.0000,0.150,0.330
5719.382,SEEK_ROUNDABOUT,16.476,1,2.435,0.2000,0.0000,none,2.731,,,step_align_creep/course_events_frozen,0.0150,0.0629,1,line_center_tracking,0.1641,0.1920,0.0924,0.0732,0.7138,5,0.0996,0.0192,0.1188,0.1192,0.0629,IDLE,0,1,fixed_sprint_approach depth=0.720>0.715 center=+0.119 hd=0.100,1,0,6.000,1,0.7000,0.7200,0.0480,0.9436,123,5,0.6000,0.6151,0.1675,0.6151,-0.0151,本圈台阶完成,1,0.0000,0.150,0.330
5719.547,SEEK_ROUNDABOUT,16.642,1,2.435,0.0000,0.0000,none,2.731,,,step_start_window_confirm_hold/course_events_frozen,0.0000,0.0000,1,line_center_tracking,0.1592,0.1786,0.1093,0.1185,0.7189,5,0.0693,0.0092,0.0601,0.1355,0.0000,IDLE,0,1,fixed_start_confirm 1/3 d=0.710,1,0,6.000,1,0.7000,0.7100,0.0473,0.9324,126,5,0.6000,0.6151,0.1675,0.6151,-0.0151,本圈台阶完成,1,0.0000,0.150,0.330
5719.700,SEEK_ROUNDABOUT,16.794,1,2.435,0.2000,0.0000,none,2.731,,,step_start_window_confirm_hold/course_events_frozen,0.0000,0.0000,1,line_center_tracking,0.1590,0.1761,0.1150,0.1358,0.7170,5,0.0611,0.0207,0.0404,0.1423,0.0000,IDLE,0,1,fixed_start_confirm 2/3 d=0.710,1,0,6.000,1,0.7200,0.7100,0.0470,0.9276,130,5,0.6000,0.6151,0.1675,0.6151,-0.0151,本圈台阶完成,1,0.0000,0.150,0.330
5719.834,SEEK_ROUNDABOUT,16.928,1,2.435,0.0000,0.0000,none,2.731,,,step_approach_begin,0.0000,0.0000,0,,nan,nan,nan,nan,0.0000,0,nan,nan,nan,nan,0.0000,APPROACH,0,0,normalized_depth_start,1,0,6.000,1,0.7100,0.7100,0.0470,0.9284,132,5,0.6000,0.0000,0.0000,0.0000,0.6000,开始按已验证参数直行到起跳距离,1,0.0000,0.150,0.330
5720.128,SEEK_ROUNDABOUT,17.222,1,2.435,0.0000,0.0000,none,2.731,,,step_approach_tested,0.5000,0.0000,0,,nan,nan,nan,nan,0.0000,0,nan,nan,nan,nan,0.0000,APPROACH,0,0,normalized_depth_start,1,0,6.000,1,0.7000,0.7000,0.0465,0.9210,138,5,0.6000,0.1000,-0.0027,0.1000,0.5000,APPROACH 恒速前进 source=commanded cmd=0.100 odom=-0.003 remaining=0.500,1,0.0000,0.150,0.330
5720.287,SEEK_ROUNDABOUT,17.381,1,2.435,0.0000,0.0000,none,2.731,,,step_approach_tested,0.5000,0.0000,0,,nan,nan,nan,nan,0.0000,0,nan,nan,nan,nan,0.0000,APPROACH,0,0,normalized_depth_start,1,0,6.000,1,0.7100,0.7100,0.0465,0.9206,142,5,0.6000,0.1796,-0.0081,0.1796,0.4204,APPROACH 恒速前进 source=commanded cmd=0.180 odom=-0.008 remaining=0.420,1,0.0000,0.150,0.330
5720.432,SEEK_ROUNDABOUT,17.526,1,2.435,0.0000,0.0000,none,2.731,,,step_approach_tested,0.5000,0.0000,0,,nan,nan,nan,nan,0.0000,0,nan,nan,nan,nan,0.0000,APPROACH,0,0,normalized_depth_start,1,0,6.000,1,0.7100,0.7100,0.0449,0.8988,145,5,0.6000,0.2518,-0.0125,0.2518,0.3482,APPROACH 恒速前进 source=commanded cmd=0.252 odom=-0.013 remaining=0.348,1,0.0000,0.150,0.330
5720.581,SEEK_ROUNDABOUT,17.675,1,2.435,0.0000,0.0000,none,2.731,,,step_approach_tested,0.5000,0.0000,0,,nan,nan,nan,nan,0.0000,0,nan,nan,nan,nan,0.0000,APPROACH,0,0,normalized_depth_start,1,0,6.000,1,0.7000,0.7100,0.0469,0.9267,148,5,0.6000,0.3263,-0.0221,0.3263,0.2737,APPROACH 恒速前进 source=commanded cmd=0.326 odom=-0.022 remaining=0.274,1,0.0000,0.150,0.330
5720.738,SEEK_ROUNDABOUT,17.832,1,2.435,0.0000,0.0000,none,2.731,,,step_approach_tested,0.5000,0.0000,0,,nan,nan,nan,nan,0.0000,0,nan,nan,nan,nan,0.0000,APPROACH,0,0,normalized_depth_start,1,0,6.000,1,0.7100,0.7100,0.0470,0.9293,151,5,0.6000,0.4048,-0.0504,0.4048,0.1952,APPROACH 恒速前进 source=commanded cmd=0.405 odom=-0.050 remaining=0.195,1,0.0000,0.150,0.330
5720.896,SEEK_ROUNDABOUT,17.990,1,2.435,0.0000,0.0000,none,2.731,,,step_approach_tested,0.5000,0.0000,0,,nan,nan,nan,nan,0.0000,0,nan,nan,nan,nan,0.0000,APPROACH,0,0,normalized_depth_start,1,0,6.000,1,0.7000,0.7100,0.0476,0.9381,154,5,0.6000,0.4841,-0.0530,0.4841,0.1159,APPROACH 恒速前进 source=commanded cmd=0.484 odom=-0.053 remaining=0.116,1,0.0000,0.150,0.330
5721.046,SEEK_ROUNDABOUT,18.140,1,2.435,0.0000,0.0000,none,2.731,,,step_wait_enter_to_jump,0.0000,0.0000,0,,nan,nan,nan,nan,0.0000,0,nan,nan,nan,nan,0.0000,JUMP_CONFIRM,0,0,normalized_depth_start,1,0,6.000,1,0.7100,0.7100,0.0476,0.9395,157,5,0.6000,0.5589,-0.0208,0.5589,0.0411,到达起跳点，等待终端回车确认,1,0.0000,0.150,0.330
5721.205,SEEK_ROUNDABOUT,18.299,1,2.435,0.0000,0.0000,none,2.731,,,step_wait_enter_to_jump,0.0000,0.0000,0,,nan,nan,nan,nan,0.0000,0,nan,nan,nan,nan,0.0000,JUMP_CONFIRM,0,0,normalized_depth_start,1,0,6.000,1,0.6900,0.7000,0.0478,0.9409,161,5,0.6000,0.5589,0.0433,0.5589,0.0411,JUMP_CONFIRM 等待终端回车,1,0.0000,0.150,0.330
5721.358,SEEK_ROUNDABOUT,18.453,1,2.435,0.0000,0.0000,none,2.731,,,step_jump_after_enter,0.5000,0.0000,0,,nan,nan,nan,nan,0.0000,0,nan,nan,nan,nan,0.0000,JUMP,0,0,normalized_depth_start,1,0,6.000,1,0.6700,0.7000,0.0482,0.9440,164,5,0.6000,0.5589,0.1159,0.5589,0.0411,JUMP 脉冲中,1,0.0000,0.150,0.330
5721.517,SEEK_ROUNDABOUT,18.611,1,2.435,0.0000,0.0000,none,2.731,,,step_jump_pulse,0.5000,0.0000,0,,nan,nan,nan,nan,0.0000,0,nan,nan,nan,nan,0.0000,JUMP,0,0,normalized_depth_start,1,0,6.000,1,0.6000,0.6900,0.0475,0.9338,170,5,0.6000,0.5589,0.1159,0.5589,0.0411,JUMP 脉冲中,1,0.0000,0.150,0.330
5721.664,SEEK_ROUNDABOUT,18.758,1,2.435,0.0000,0.0000,none,2.731,,,step_land_forward,0.3000,0.0000,0,,nan,nan,nan,nan,0.0000,0,nan,nan,nan,nan,0.0000,LAND,0,0,normalized_depth_start,1,0,5.400,0,nan,0.6900,nan,0.0000,0,5,0.6000,0.5589,0.1159,0.5589,0.0411,跳跃脉冲结束，落地继续前行,1,0.0000,0.150,0.330
5721.805,SEEK_ROUNDABOUT,18.899,1,2.435,0.0000,0.0000,none,2.731,,,step_land_forward,0.3000,0.0000,0,,nan,nan,nan,nan,0.0000,0,nan,nan,nan,nan,0.0000,LAND,0,0,normalized_depth_start,1,0,4.800,0,nan,0.6800,nan,0.0000,0,5,0.6000,0.5589,0.1159,0.5589,0.0411,跳跃脉冲结束，落地继续前行,1,0.0000,0.150,0.330
5721.962,SEEK_ROUNDABOUT,19.056,1,2.435,0.0000,0.0000,none,2.731,,,step_land_forward,0.3000,0.0000,0,,nan,nan,nan,nan,0.0000,0,nan,nan,nan,nan,0.0000,LAND,0,0,normalized_depth_start,1,0,4.200,0,nan,0.6700,nan,0.0000,0,5,0.6000,0.5589,0.1159,0.5589,0.0411,跳跃脉冲结束，落地继续前行,1,0.0000,0.150,0.330
5722.109,SEEK_ROUNDABOUT,19.203,1,2.435,0.0000,0.0000,none,2.731,,,step_land_forward,0.3000,0.0000,0,,nan,nan,nan,nan,0.0000,0,nan,nan,nan,nan,0.0000,LAND,0,0,normalized_depth_start,1,0,3.600,0,nan,0.6350,nan,0.0000,0,5,0.6000,0.5589,0.1159,0.5589,0.0411,跳跃脉冲结束，落地继续前行,1,0.0000,0.150,0.330
5722.258,SEEK_ROUNDABOUT,19.352,1,2.435,0.0000,0.0000,none,2.731,,,step_land_forward,0.3000,0.0000,0,,nan,nan,nan,nan,0.0000,0,nan,nan,nan,nan,0.0000,LAND,0,0,normalized_depth_start,1,0,3.000,0,nan,0.6000,nan,0.0000,0,5,0.6000,0.5589,0.1159,0.5589,0.0411,跳跃脉冲结束，落地继续前行,1,0.0000,0.150,0.330
5722.400,SEEK_ROUNDABOUT,19.494,1,2.435,0.0000,0.0000,none,2.731,,,step_land_forward,0.3000,0.0000,0,,nan,nan,nan,nan,0.0000,0,nan,nan,nan,nan,0.0000,LAND,0,0,normalized_depth_start,1,0,4.000,0,0.6100,0.6100,0.0574,0.8704,3,5,0.6000,0.5589,0.1159,0.5589,0.0411,跳跃脉冲结束，落地继续前行,1,0.0000,0.150,0.330
5722.539,SEEK_ROUNDABOUT,19.634,1,2.435,0.0000,0.0000,none,2.731,,,step_land_forward,0.3000,0.0000,0,,nan,nan,nan,nan,0.0000,0,nan,nan,nan,nan,0.0000,LAND,0,0,normalized_depth_start,1,0,3.400,0,nan,0.6100,nan,0.0000,0,5,0.6000,0.5589,0.1159,0.5589,0.0411,跳跃脉冲结束，落地继续前行,1,0.0000,0.150,0.330
5722.673,SEEK_ROUNDABOUT,19.767,1,2.435,0.0000,0.0000,none,2.731,,,step_land_forward,0.3000,0.0000,0,,nan,nan,nan,nan,0.0000,0,nan,nan,nan,nan,0.0000,LAND,0,0,normalized_depth_start,1,0,2.800,0,nan,0.6100,nan,0.0000,0,5,0.6000,0.5589,0.1159,0.5589,0.0411,跳跃脉冲结束，落地继续前行,1,0.0000,0.150,0.330
5722.811,SEEK_ROUNDABOUT,19.905,1,2.435,0.0000,0.0000,none,2.731,,,step_land_forward,0.3000,0.0000,0,,nan,nan,nan,nan,0.0000,0,nan,nan,nan,nan,0.0000,LAND,0,0,normalized_depth_start,1,0,2.200,0,nan,0.6100,nan,0.0000,0,5,0.6000,0.5589,0.1159,0.5589,0.0411,跳跃脉冲结束，落地继续前行,1,0.0000,0.150,0.330
5722.943,SEEK_ROUNDABOUT,20.037,1,2.435,0.0000,0.0000,none,2.731,,,step_land_forward,0.3000,0.0000,0,,nan,nan,nan,nan,0.0000,0,nan,nan,nan,nan,0.0000,LAND,0,0,normalized_depth_start,1,0,1.600,0,nan,0.6100,nan,0.0000,0,5,0.6000,0.5589,0.1159,0.5589,0.0411,跳跃脉冲结束，落地继续前行,1,0.0000,0.150,0.330
5723.075,SEEK_ROUNDABOUT,20.170,1,2.435,0.0000,0.0000,none,2.731,,,step_land_forward,0.3000,0.0000,0,,nan,nan,nan,nan,0.0000,0,nan,nan,nan,nan,0.0000,LAND,0,0,normalized_depth_start,1,0,1.000,0,nan,0.6100,nan,0.0000,0,5,0.6000,0.5589,0.1159,0.5589,0.0411,跳跃脉冲结束，落地继续前行,1,0.0000,0.150,0.330
5723.216,SEEK_ROUNDABOUT,20.311,1,2.435,0.0000,0.0000,none,2.731,,,step_land_forward,0.3000,0.0000,0,,nan,nan,nan,nan,0.0000,0,nan,nan,nan,nan,0.0000,LAND,0,0,normalized_depth_start,1,0,0.400,0,nan,nan,nan,0.0000,0,5,0.6000,0.5589,0.1159,0.5589,0.0411,跳跃脉冲结束，落地继续前行,1,0.0000,0.150,0.330
5723.353,SEEK_ROUNDABOUT,20.447,1,2.435,0.0000,0.0000,none,2.731,,,step_land_forward,0.3000,0.0000,0,,nan,nan,nan,nan,0.0000,0,nan,nan,nan,nan,0.0000,LAND,0,0,normalized_depth_start,1,0,0.000,0,nan,nan,nan,0.0000,0,5,0.6000,0.5589,0.1159,0.5589,0.0411,跳跃脉冲结束，落地继续前行,1,0.0000,0.150,0.330
5723.504,SEEK_ROUNDABOUT,20.598,1,2.435,0.0000,0.0000,none,2.731,,,step_land_forward,0.3000,0.0000,0,,nan,nan,nan,nan,0.0000,0,nan,nan,nan,nan,0.0000,LAND,0,0,normalized_depth_start,1,0,0.000,0,nan,nan,nan,0.0000,0,5,0.6000,0.5589,0.1159,0.5589,0.0411,跳跃脉冲结束，落地继续前行,1,0.0000,0.150,0.330
5723.654,SEEK_ROUNDABOUT,20.748,1,2.435,0.0000,0.0000,none,2.731,,,step_land_forward,0.3000,0.0000,0,,nan,nan,nan,nan,0.0000,0,nan,nan,nan,nan,0.0000,LAND,0,0,normalized_depth_start,1,0,0.000,0,nan,nan,nan,0.0000,0,5,0.6000,0.5589,0.1159,0.5589,0.0411,跳跃脉冲结束，落地继续前行,1,0.0000,0.150,0.330
5723.792,SEEK_ROUNDABOUT,20.886,1,2.435,0.0000,0.0000,none,2.731,,,step_recover_stop,0.0000,0.0000,0,,nan,nan,nan,nan,0.0000,0,nan,nan,nan,nan,0.0000,RECOVER,0,0,normalized_depth_start,1,0,0.000,0,nan,nan,nan,0.0000,0,5,0.6000,0.5589,0.1159,0.5589,0.0411,落地前行结束，停车恢复,1,0.0000,0.150,0.330
5723.930,SEEK_ROUNDABOUT,21.024,1,2.435,0.0000,0.0000,none,2.731,,,step_recover_stop,0.0000,0.0000,0,,nan,nan,nan,nan,0.0000,0,nan,nan,nan,nan,0.0000,RECOVER,0,0,normalized_depth_start,1,0,0.000,0,nan,nan,nan,0.0000,0,5,0.6000,0.5589,0.1159,0.5589,0.0411,落地前行结束，停车恢复,1,0.0000,0.150,0.330
5724.065,SEEK_ROUNDABOUT,21.159,1,2.435,0.0000,0.0000,none,2.731,,,step_recover_stop,0.0000,0.0000,0,,nan,nan,nan,nan,0.0000,0,nan,nan,nan,nan,0.0000,RECOVER,0,0,normalized_depth_start,1,0,0.000,0,nan,nan,nan,0.0000,0,5,0.6000,0.5589,0.1159,0.5589,0.0411,落地前行结束，停车恢复,1,0.0000,0.150,0.330
5724.199,SEEK_ROUNDABOUT,21.293,1,2.435,0.0000,0.0000,none,2.731,,,step_recover_stop,0.0000,0.0000,0,,nan,nan,nan,nan,0.0000,0,nan,nan,nan,nan,0.0000,RECOVER,0,0,normalized_depth_start,1,0,0.000,0,nan,nan,nan,0.0000,0,5,0.6000,0.5589,0.1159,0.5589,0.0411,落地前行结束，停车恢复,1,0.0000,0.150,0.330
5724.342,SEEK_ROUNDABOUT,21.436,1,2.435,0.0000,0.0000,none,2.731,,,step_recover_stop,0.0000,0.0000,0,,nan,nan,nan,nan,0.0000,0,nan,nan,nan,nan,0.0000,RECOVER,0,0,normalized_depth_start,1,0,0.000,0,nan,nan,nan,0.0000,0,5,0.6000,0.5589,0.1159,0.5589,0.0411,落地前行结束，停车恢复,1,0.0000,0.150,0.330
5724.481,SEEK_ROUNDABOUT,21.575,1,2.435,0.0000,0.0000,none,2.731,,,step_recover_stop,0.0000,0.0000,0,,nan,nan,nan,nan,0.0000,0,nan,nan,nan,nan,0.0000,RECOVER,0,0,normalized_depth_start,1,0,0.000,0,nan,nan,nan,0.0000,0,5,0.6000,0.5589,0.1159,0.5589,0.0411,落地前行结束，停车恢复,1,0.0000,0.150,0.330
5724.624,SEEK_ROUNDABOUT,21.718,1,2.435,0.0000,0.0000,none,2.731,,,step_recover_stop,0.0000,0.0000,0,,nan,nan,nan,nan,0.0000,0,nan,nan,nan,nan,0.0000,RECOVER,0,0,normalized_depth_start,1,0,0.000,0,nan,nan,nan,0.0000,0,5,0.6000,0.5589,0.1159,0.5589,0.0411,落地前行结束，停车恢复,1,0.0000,0.150,0.330
5724.767,SEEK_ROUNDABOUT,21.861,1,2.435,0.0000,0.0000,none,2.731,,,step_recover_stop,0.0000,0.0000,0,,nan,nan,nan,nan,0.0000,0,nan,nan,nan,nan,0.0000,RECOVER,0,0,normalized_depth_start,1,0,0.000,0,nan,nan,nan,0.0000,0,5,0.6000,0.5589,0.1159,0.5589,0.0411,落地前行结束，停车恢复,1,0.0000,0.150,0.330
5724.948,SEEK_ROUNDABOUT,22.042,1,2.435,0.0000,0.0000,none,2.731,,,step_recover_stop,0.0000,0.0000,0,,nan,nan,nan,nan,0.0000,0,nan,nan,nan,nan,0.0000,RECOVER,0,0,normalized_depth_start,1,0,0.000,0,nan,nan,nan,0.0000,0,5,0.6000,0.5589,0.1159,0.5589,0.0411,落地前行结束，停车恢复,1,0.0000,0.150,0.330
5725.203,SEEK_ROUNDABOUT,22.298,1,2.435,0.0000,0.0000,none,2.731,,,step_recover_stop,0.0000,0.0000,0,,nan,nan,nan,nan,0.0000,0,nan,nan,nan,nan,0.0000,RECOVER,0,0,normalized_depth_start,1,0,0.000,0,nan,nan,nan,0.0000,0,5,0.6000,0.5589,0.1159,0.5589,0.0411,落地前行结束，停车恢复,1,0.0000,0.150,0.330
5725.348,SEEK_ROUNDABOUT,22.442,1,2.435,0.0000,0.0000,none,2.731,,,step_recover_stop,0.0000,0.0000,0,,nan,nan,nan,nan,0.0000,0,nan,nan,nan,nan,0.0000,RECOVER,0,0,normalized_depth_start,1,0,0.000,0,nan,nan,nan,0.0000,0,5,0.6000,0.5589,0.1159,0.5589,0.0411,落地前行结束，停车恢复,1,0.0000,0.150,0.330
5725.519,SEEK_ROUNDABOUT,22.613,1,2.435,0.0000,0.0000,none,2.731,,,step_recover_stop,0.0000,0.0000,0,,nan,nan,nan,nan,0.0000,0,nan,nan,nan,nan,0.0000,RECOVER,0,0,normalized_depth_start,1,0,0.000,0,nan,nan,nan,0.0000,0,5,0.6000,0.5589,0.1159,0.5589,0.0411,落地前行结束，停车恢复,1,0.0000,0.150,0.330
5725.694,SEEK_ROUNDABOUT,22.788,1,2.435,0.0000,0.0000,none,2.731,,,step_recover_stop,0.0000,0.0000,0,,nan,nan,nan,nan,0.0000,0,nan,nan,nan,nan,0.0000,RECOVER,0,0,normalized_depth_start,1,0,0.000,0,nan,nan,nan,0.0000,0,5,0.6000,0.5589,0.1159,0.5589,0.0411,落地前行结束，停车恢复,1,0.0000,0.150,0.330
5725.834,SEEK_ROUNDABOUT,22.929,1,2.435,0.0000,0.0000,none,2.731,,,step_recover_stop,0.0000,0.0000,0,,nan,nan,nan,nan,0.0000,0,nan,nan,nan,nan,0.0000,RECOVER,0,0,normalized_depth_start,1,0,0.000,0,nan,nan,nan,0.0000,0,5,0.6000,0.5589,0.1159,0.5589,0.0411,落地前行结束，停车恢复,1,0.0000,0.150,0.330
5725.981,SEEK_ROUNDABOUT,23.075,1,2.435,0.0000,0.0000,none,2.731,,,step_recover_stop,0.0000,0.0000,0,,nan,nan,nan,nan,0.0000,0,nan,nan,nan,nan,0.0000,RECOVER,0,0,normalized_depth_start,1,0,0.000,0,nan,nan,nan,0.0000,0,5,0.6000,0.5589,0.1159,0.5589,0.0411,落地前行结束，停车恢复,1,0.0000,0.150,0.330
5726.050,SEEK_ROUNDABOUT,23.144,1,2.435,0.0000,0.0000,none,2.731,,,step_recover_stop,0.0000,0.0000,0,,nan,nan,nan,nan,0.0000,0,nan,nan,nan,nan,0.0000,RECOVER,0,0,normalized_depth_start,1,0,0.000,0,nan,nan,nan,0.0000,0,5,0.6000,0.5589,0.1159,0.5589,0.0411,落地前行结束，停车恢复,1,0.0000,0.150,0.330
5726.200,SEEK_ROUNDABOUT,23.294,1,2.435,0.0000,0.0000,none,2.731,,,step_recover_stop,0.0000,0.0000,0,,nan,nan,nan,nan,0.0000,0,nan,nan,nan,nan,0.0000,RECOVER,0,0,normalized_depth_start,1,0,0.000,0,nan,nan,nan,0.0000,0,5,0.6000,0.5589,0.1159,0.5589,0.0411,落地前行结束，停车恢复,1,0.0000,0.150,0.330
5726.355,SEEK_ROUNDABOUT,23.449,1,2.435,0.0000,0.0000,none,2.731,,,step_recover_stop,0.0000,0.0000,0,,nan,nan,nan,nan,0.0000,0,nan,nan,nan,nan,0.0000,RECOVER,0,0,normalized_depth_start,1,0,0.000,0,nan,nan,nan,0.0000,0,5,0.6000,0.5589,0.1159,0.5589,0.0411,落地前行结束，停车恢复,1,0.0000,0.150,0.330
5726.502,SEEK_ROUNDABOUT,23.596,1,2.435,0.0000,0.0000,none,2.731,,,step_recover_stop,0.0000,0.0000,0,,nan,nan,nan,nan,0.0000,0,nan,nan,nan,nan,0.0000,RECOVER,0,0,normalized_depth_start,1,0,0.000,0,nan,nan,nan,0.0000,0,5,0.6000,0.5589,0.1159,0.5589,0.0411,落地前行结束，停车恢复,1,0.0000,0.150,0.330
5726.642,SEEK_ROUNDABOUT,23.736,1,2.435,0.0000,0.0000,none,2.731,,,step_recover_stop,0.0000,0.0000,0,,nan,nan,nan,nan,0.0000,0,nan,nan,nan,nan,0.0000,RECOVER,0,0,normalized_depth_start,1,0,0.000,0,nan,nan,nan,0.0000,0,5,0.6000,0.5589,0.1159,0.5589,0.0411,落地前行结束，停车恢复,1,0.0000,0.150,0.330
5726.781,SEEK_ROUNDABOUT,23.875,1,2.435,0.0000,0.0000,none,2.731,,,step_recover_stop,0.0000,0.0000,0,,nan,nan,nan,nan,0.0000,0,nan,nan,nan,nan,0.0000,RECOVER,0,0,normalized_depth_start,1,0,0.000,0,nan,nan,nan,0.0000,0,5,0.6000,0.5589,0.1159,0.5589,0.0411,落地前行结束，停车恢复,1,0.0000,0.150,0.330
5726.918,SEEK_ROUNDABOUT,24.012,1,2.435,0.0000,0.0000,none,2.731,,,step_resume_tracking,0.0000,0.0000,0,,nan,nan,nan,nan,0.0000,0,nan,nan,nan,nan,0.0000,IDLE,1,0,step_done_latches_cleared,0,0,0.000,0,nan,nan,nan,0.0000,0,5,0.6000,0.5589,0.1159,0.5589,0.0411,本圈台阶完成,1,0.0000,0.150,0.330
5727.057,SEEK_ROUNDABOUT,24.151,1,2.441,0.0000,0.0000,none,2.731,,,tracking,0.0507,-0.0996,1,line_curve_center_riding,0.0922,0.0960,0.0318,-0.2151,0.9461,8,0.0642,0.2469,0.3111,-0.0291,-0.0996,IDLE,1,0,step_done_latches_cleared,0,0,0.000,0,nan,nan,nan,0.0000,0,5,0.6000,0.5589,0.1159,0.5589,0.0411,本圈台阶完成,1,0.0000,0.150,0.330
5727.190,SEEK_ROUNDABOUT,24.284,1,2.445,0.0000,0.0000,none,2.731,,,tracking,0.1010,-0.0858,1,line_curve_center_riding,0.0686,0.0724,0.0084,-0.2559,0.9490,8,0.0640,0.2643,0.3283,-0.0584,-0.0858,IDLE,1,0,step_done_latches_cleared,0,0,0.000,0,nan,nan,nan,0.0000,0,5,0.6000,0.5589,0.1159,0.5589,0.0411,本圈台阶完成,1,0.0000,0.150,0.330
5727.327,SEEK_ROUNDABOUT,24.422,1,2.447,0.0000,0.0000,none,2.731,,,tracking,0.1517,-0.0745,1,line_curve_center_riding,0.0588,0.0629,-0.0043,-0.2593,0.9520,8,0.0672,0.2550,0.3222,-0.0669,-0.0745,IDLE,1,0,step_done_latches_cleared,0,0,0.000,0,nan,nan,nan,0.0000,0,5,0.6000,0.5589,0.1159,0.5589,0.0411,本圈台阶完成,1,0.0000,0.150,0.330
5727.458,SEEK_ROUNDABOUT,24.552,1,2.448,0.0000,0.0000,none,2.731,,,tracking,0.1700,-0.0706,1,line_curve_center_riding,0.0612,0.0659,-0.0116,-0.3106,0.9411,8,0.0774,0.2991,0.3765,-0.0854,-0.0706,IDLE,1,0,step_done_latches_cleared,0,0,0.000,0,nan,nan,nan,0.0000,0,5,0.6000,0.5589,0.1159,0.5589,0.0411,本圈台阶完成,1,0.0000,0.150,0.330
5727.587,SEEK_ROUNDABOUT,24.682,1,2.449,0.0000,0.0000,none,2.731,,,tracking,0.1700,-0.0530,1,line_curve_center_riding,0.0348,0.0389,-0.0302,-0.3178,0.9453,8,0.0691,0.2877,0.3568,-0.1030,-0.0530,IDLE,1,0,step_done_latches_cleared,0,0,0.000,0,nan,nan,nan,0.0000,0,5,0.6000,0.5589,0.1159,0.5589,0.0411,本圈台阶完成,1,0.0000,0.150,0.330
5727.742,SEEK_ROUNDABOUT,24.836,1,2.451,0.0000,0.0000,none,2.731,,,tracking,0.1700,-0.0322,1,line_curve_center_riding,0.0112,0.0151,-0.0498,-0.3242,0.9473,8,0.0649,0.2744,0.3393,-0.1197,-0.0322,IDLE,1,0,step_done_latches_cleared,0,0,0.000,0,nan,nan,nan,0.0000,0,5,0.6000,0.5589,0.1159,0.5589,0.0411,本圈台阶完成,1,0.0000,0.150,0.330
5727.864,SEEK_ROUNDABOUT,24.959,1,2.457,0.0000,0.0000,none,2.731,,,tracking,0.1700,-0.0121,1,line_curve_center_riding,-0.0060,-0.0021,-0.0673,-0.3175,0.9514,8,0.0651,0.2503,0.3154,-0.1290,-0.0121,IDLE,1,0,step_done_latches_cleared,0,0,0.000,0,nan,nan,nan,0.0000,0,5,0.6000,0.5589,0.1159,0.5589,0.0411,本圈台阶完成,1,0.0000,0.150,0.330
5727.995,SEEK_ROUNDABOUT,25.089,1,2.462,0.0000,0.0000,none,2.731,,,tracking,0.1700,-0.0022,1,line_curve_center_riding,-0.0078,-0.0039,-0.0694,-0.2995,0.9551,8,0.0655,0.2302,0.2957,-0.1243,-0.0022,IDLE,1,0,step_done_latches_cleared,0,0,0.000,0,nan,nan,nan,0.0000,0,5,0.6000,0.5589,0.1159,0.5589,0.0411,本圈台阶完成,1,0.0000,0.150,0.330
5728.124,SEEK_ROUNDABOUT,25.218,1,2.463,0.0000,0.0000,none,2.731,,,tracking,0.1700,0.0043,1,line_curve_center_riding,-0.0102,-0.0064,-0.0703,-0.2741,0.9605,8,0.0639,0.2038,0.2678,-0.1170,0.0043,IDLE,1,0,step_done_latches_cleared,0,0,0.000,0,nan,nan,nan,0.0000,0,5,0.6000,0.5589,0.1159,0.5589,0.0411,本圈台阶完成,1,0.0000,0.150,0.330
5728.262,SEEK_ROUNDABOUT,25.356,1,2.463,0.0000,0.0000,none,2.731,,,tracking,0.1700,0.0096,1,line_curve_center_riding,-0.0137,-0.0098,-0.0750,-0.2674,0.9622,8,0.0652,0.1924,0.2576,-0.1174,0.0096,IDLE,1,0,step_done_latches_cleared,0,0,0.000,0,nan,nan,nan,0.0000,0,5,0.6000,0.5589,0.1159,0.5589,0.0411,本圈台阶完成,1,0.0000,0.150,0.330
5728.393,SEEK_ROUNDABOUT,25.487,1,2.467,0.0000,0.0000,none,2.731,,,tracking,0.1700,0.0138,1,line_curve_center_riding,-0.0166,-0.0126,-0.0780,-0.2848,0.9597,8,0.0653,0.2068,0.2722,-0.1251,0.0138,IDLE,1,0,step_done_latches_cleared,0,0,0.000,0,nan,nan,nan,0.0000,0,5,0.6000,0.5589,0.1159,0.5589,0.0411,本圈台阶完成,1,0.0000,0.150,0.330
5728.525,SEEK_ROUNDABOUT,25.619,1,2.471,0.0000,0.0000,none,2.731,,,tracking,0.1700,0.0182,1,line_curve_center_riding,-0.0208,-0.0170,-0.0801,-0.2996,0.9576,8,0.0631,0.2195,0.2826,-0.1322,0.0182,IDLE,1,0,step_done_latches_cleared,0,0,0.000,0,nan,nan,nan,0.0000,0,5,0.6000,0.5589,0.1159,0.5589,0.0411,本圈台阶完成,1,0.0000,0.150,0.330
5728.663,SEEK_ROUNDABOUT,25.757,1,2.481,0.0000,0.0000,none,2.731,,,tracking,0.1700,0.0208,1,line_curve_center_riding,-0.0218,-0.0180,-0.0821,-0.3125,0.9556,8,0.0641,0.2304,0.2945,-0.1375,0.0208,IDLE,1,0,step_done_latches_cleared,0,0,0.000,0,nan,nan,nan,0.0000,0,5,0.6000,0.5589,0.1159,0.5589,0.0411,本圈台阶完成,1,0.0000,0.150,0.330
5728.796,SEEK_ROUNDABOUT,25.891,1,2.496,0.0000,0.0000,none,2.731,,,tracking,0.1700,0.0220,1,line_curve_center_riding,-0.0216,-0.0176,-0.0834,-0.3408,0.9508,8,0.0658,0.2574,0.3232,-0.1473,0.0220,IDLE,1,0,step_done_latches_cleared,0,0,0.000,0,nan,nan,nan,0.0000,0,5,0.6000,0.5589,0.1159,0.5589,0.0411,本圈台阶完成,1,0.0000,0.150,0.330
5728.932,SEEK_ROUNDABOUT,26.026,1,2.515,0.0000,0.0000,none,2.731,,,tracking,0.1700,0.0238,1,line_curve_center_riding,-0.0236,-0.0196,-0.0859,-0.3658,0.9478,8,0.0663,0.2799,0.3462,-0.1571,0.0238,IDLE,1,0,step_done_latches_cleared,0,0,0.000,0,nan,nan,nan,0.0000,0,5,0.6000,0.5589,0.1159,0.5589,0.0411,本圈台阶完成,1,0.0000,0.150,0.330
5729.062,SEEK_ROUNDABOUT,26.157,1,2.533,0.0000,0.0000,none,2.731,,,tracking,0.1700,0.0239,1,line_curve_center_riding,-0.0223,-0.0183,-0.0856,-0.4315,0.9359,8,0.0673,0.3459,0.4132,-0.1784,0.0239,IDLE,1,0,step_done_latches_cleared,0,0,0.000,0,nan,nan,nan,0.0000,0,5,0.6000,0.5589,0.1159,0.5589,0.0411,本圈台阶完成,1,0.0000,0.150,0.330
5729.187,SEEK_ROUNDABOUT,26.282,1,2.556,0.0000,0.0000,none,2.731,,,tracking,0.1700,0.0253,1,line_curve_center_riding,-0.0245,-0.0200,-0.0960,-0.4432,0.9374,8,0.0760,0.3472,0.4232,-0.1864,0.0253,IDLE,1,0,step_done_latches_cleared,0,0,0.000,0,nan,nan,nan,0.0000,0,5,0.6000,0.5589,0.1159,0.5589,0.0411,本圈台阶完成,1,0.0000,0.150,0.330
5729.314,SEEK_ROUNDABOUT,26.409,1,2.579,0.0000,0.0000,none,2.731,,,tracking,0.1450,0.0265,1,line_curve_center_riding,-0.0256,-0.0198,-0.1170,-0.5339,0.8453,7,0.0972,0.4169,0.5141,-0.2235,0.0265,IDLE,1,0,step_done_latches_cleared,0,0,0.000,0,nan,nan,nan,0.0000,0,5,0.6000,0.5589,0.1159,0.5589,0.0411,本圈台阶完成,1,0.0000,0.150,0.330
5729.447,SEEK_ROUNDABOUT,26.541,1,2.604,0.0000,0.0000,none,2.731,,,tracking,0.1700,0.0332,1,line_curve_center_riding,-0.0361,-0.0299,-0.1335,-0.4386,0.8665,7,0.1037,0.3050,0.4087,-0.2006,0.0332,IDLE,1,0,step_done_latches_cleared,0,0,0.000,0,nan,nan,nan,0.0000,0,5,0.6000,0.5589,0.1159,0.5589,0.0411,本圈台阶完成,1,0.0000,0.150,0.330
5729.584,SEEK_ROUNDABOUT,26.678,1,2.633,0.0000,0.0000,none,2.731,,,tracking,0.1450,0.0373,1,line_curve_center_riding,-0.0385,-0.0305,-0.1638,-0.5533,0.8551,7,0.1333,0.3895,0.5228,-0.2492,0.0373,IDLE,1,0,step_done_latches_cleared,0,0,0.000,0,nan,nan,nan,0.0000,0,5,0.6000,0.5589,0.1159,0.5589,0.0411,本圈台阶完成,1,0.0000,0.150,0.330
5729.714,SEEK_ROUNDABOUT,26.808,1,2.669,0.0000,0.0000,none,2.731,,,tracking,0.1450,0.0432,1,line_curve_center_riding,-0.0450,-0.0349,-0.2028,-0.6685,0.8443,7,0.1679,0.4658,0.6336,-0.3021,0.0432,IDLE,1,0,step_done_latches_cleared,0,0,0.000,0,nan,nan,nan,0.0000,0,5,0.6000,0.5589,0.1159,0.5589,0.0411,本圈台阶完成,1,0.0000,0.150,0.330
5729.840,SEEK_ROUNDABOUT,26.935,1,2.705,0.0000,0.0000,none,2.731,,,tracking,0.1450,0.0522,1,line_curve_center_riding,-0.0559,-0.0431,-0.2566,-0.8149,0.8302,7,0.2135,0.5583,0.7718,-0.3715,0.0522,IDLE,1,0,step_done_latches_cleared,0,0,0.000,0,nan,nan,nan,0.0000,0,5,0.6000,0.5589,0.1159,0.5589,0.0411,本圈台阶完成,1,0.0000,0.150,0.330
5729.975,ROUNDABOUT_APPROACH,0.000,1,2.741,0.0000,0.0000,first_lap_position,2.731,,,tracking,0.1450,0.0858,1,line_curve_center_riding,-0.0795,-0.0662,-0.2882,-0.5667,0.7632,6,0.2220,0.2784,0.5005,-0.3070,0.0858,IDLE,1,0,step_done_latches_cleared,0,0,0.000,0,nan,nan,nan,0.0000,0,5,0.6000,0.5589,0.1159,0.5589,0.0411,本圈台阶完成,1,0.0000,0.150,0.330
5730.115,ROUNDABOUT_APPROACH,0.141,1,2.741,0.0000,0.0000,first_lap_position,2.731,,,tracking,0.1450,0.1028,1,line_curve_center_riding,-0.1088,-0.0903,-0.3978,-0.6950,0.7477,6,0.3075,0.2973,0.6047,-0.3944,0.1028,IDLE,1,0,step_done_latches_cleared,0,0,0.000,0,nan,nan,nan,0.0000,0,5,0.6000,0.5589,0.1159,0.5589,0.0411,本圈台阶完成,1,0.0000,0.150,0.330
5730.239,ROUNDABOUT_APPROACH,0.264,1,2.741,0.0000,0.0000,first_lap_position,2.731,,,tracking,0.1450,0.1207,1,line_curve_center_riding,-0.1269,-0.1040,-0.4856,-0.5694,0.6599,5,0.3816,0.0838,0.4654,-0.3864,0.1207,IDLE,1,0,step_done_latches_cleared,0,0,0.000,0,nan,nan,nan,0.0000,0,5,0.6000,0.5589,0.1159,0.5589,0.0411,本圈台阶完成,1,0.0000,0.150,0.330
5730.363,ROUNDABOUT_APPROACH,0.388,1,2.741,0.0000,0.0000,first_lap_position,2.731,,,tracking,0.1450,0.1561,1,line_curve_center_riding,-0.1738,-0.1467,-0.5993,-0.7078,0.6427,5,0.4526,0.1085,0.5611,-0.4846,0.1561,IDLE,1,0,step_done_latches_cleared,0,0,0.000,0,nan,nan,nan,0.0000,0,5,0.6000,0.5589,0.1159,0.5589,0.0411,本圈台阶完成,1,0.0000,0.150,0.330
5730.490,ROUNDABOUT_APPROACH,0.516,1,2.741,0.0000,0.0000,first_lap_position,2.731,,,tracking,0.1450,0.1853,1,line_curve_center_riding,-0.1979,-0.1798,-0.4811,-0.4811,0.5768,4,0.3012,0.0000,0.3012,-0.3806,0.1853,IDLE,1,0,step_done_latches_cleared,0,0,0.000,0,nan,nan,nan,0.0000,0,5,0.6000,0.5589,0.1159,0.5589,0.0411,本圈台阶完成,1,0.0000,0.150,0.330
5730.619,ROUNDABOUT_APPROACH,0.644,1,2.741,0.0000,0.0000,first_lap_position,2.731,,,tracking,0.1450,0.2206,1,line_curve_center_riding,-0.2348,-0.2158,-0.5324,-0.5324,0.5714,4,0.3166,0.0000,0.3166,-0.4269,0.2206,IDLE,1,0,step_done_latches_cleared,0,0,0.000,0,nan,nan,nan,0.0000,0,5,0.6000,0.5589,0.1159,0.5589,0.0411,本圈台阶完成,1,0.0000,0.150,0.330
5730.750,ROUNDABOUT_APPROACH,0.775,1,2.741,0.0000,0.0000,first_lap_position,2.731,,,tracking,0.1450,0.2733,1,line_curve_center_riding,-0.2980,-0.2708,-0.7241,-0.7241,0.5428,4,0.4533,0.0000,0.4533,-0.5730,0.2733,IDLE,1,0,step_done_latches_cleared,0,0,0.000,0,nan,nan,nan,0.0000,0,5,0.6000,0.5589,0.1159,0.5589,0.0411,本圈台阶完成,1,0.0000,0.150,0.330
5730.873,ROUNDABOUT_APPROACH,0.898,1,2.741,0.0000,0.0000,first_lap_position,2.731,,,tracking,0.1638,0.3353,1,line_curve_center_riding,-0.3634,-0.3539,-0.5119,-0.5119,0.4794,3,0.1581,0.0000,0.1581,-0.4593,0.3353,IDLE,1,0,step_done_latches_cleared,0,0,0.000,0,nan,nan,nan,0.0000,0,5,0.6000,0.5589,0.1159,0.5589,0.0411,本圈台阶完成,1,0.0000,0.150,0.330
5730.999,ROUNDABOUT_APPROACH,1.024,1,2.741,0.0000,0.0000,first_lap_position,2.731,,,tracking,0.1513,0.3839,1,line_curve_center_riding,-0.3996,-0.3898,-0.5538,-0.5538,0.4757,3,0.1640,0.0000,0.1640,-0.4991,0.3839,IDLE,1,0,step_done_latches_cleared,0,0,0.000,0,nan,nan,nan,0.0000,0,5,0.6000,0.5589,0.1159,0.5589,0.0411,本圈台阶完成,1,0.0000,0.150,0.330
5731.122,ROUNDABOUT_APPROACH,1.148,1,2.741,0.0000,0.0000,first_lap_position,2.731,,,tracking,0.1404,0.4261,1,line_curve_center_riding,-0.4323,-0.4211,-0.6069,-0.6069,0.4695,3,0.1858,0.0000,0.1858,-0.5450,0.4261,IDLE,1,0,step_done_latches_cleared,0,0,0.000,0,nan,nan,nan,0.0000,0,5,0.6000,0.5589,0.1159,0.5589,0.0411,本圈台阶完成,1,0.0000,0.150,0.330
5731.252,ROUNDABOUT_APPROACH,1.277,1,2.741,0.0000,0.0000,first_lap_position,2.731,,,tracking,0.1364,0.4418,1,line_curve_center_riding,-0.4259,-0.3970,-0.8784,-0.8784,0.5289,4,0.4813,0.0000,0.4813,-0.7179,0.4418,IDLE,1,0,step_done_latches_cleared,0,0,0.000,0,nan,nan,nan,0.0000,0,5,0.6000,0.5589,0.1159,0.5589,0.0411,本圈台阶完成,1,0.0000,0.150,0.330
5731.380,ROUNDABOUT_APPROACH,1.405,1,2.741,0.0000,0.0000,first_lap_position,2.731,,,tracking,0.1452,0.4074,1,line_curve_center_riding,-0.3522,-0.3395,-0.5512,-0.5512,0.4579,3,0.2117,0.0000,0.2117,-0.4807,0.4074,IDLE,1,0,step_done_latches_cleared,0,0,0.000,0,nan,nan,nan,0.0000,0,5,0.6000,0.5589,0.1159,0.5589,0.0411,本圈台阶完成,1,0.0000,0.150,0.330
5731.507,ROUNDABOUT_APPROACH,1.532,1,2.741,0.0000,0.0000,first_lap_position,2.731,,,tracking,0.1450,0.3557,1,line_curve_center_riding,-0.2861,-0.2515,-0.8294,-0.8294,0.5069,4,0.5780,0.0000,0.5780,-0.6368,0.3557,IDLE,1,0,step_done_latches_cleared,0,0,0.000,0,nan,nan,nan,0.0000,0,5,0.6000,0.5589,0.1159,0.5589,0.0411,本圈台阶完成,1,0.0000,0.150,0.330
5731.640,ROUNDABOUT_APPROACH,1.665,1,2.741,0.0000,0.0000,first_lap_position,2.731,,,tracking,0.1450,0.2847,1,line_curve_center_riding,-0.2025,-0.1696,-0.7187,-0.7187,0.5220,4,0.5491,0.0000,0.5491,-0.5357,0.2847,IDLE,1,0,step_done_latches_cleared,0,0,0.000,0,nan,nan,nan,0.0000,0,5,0.6000,0.5589,0.1159,0.5589,0.0411,本圈台阶完成,1,0.0000,0.150,0.330
5731.769,ROUNDABOUT_APPROACH,1.794,1,2.741,0.0000,0.0000,first_lap_position,2.731,,,tracking,0.1450,0.2265,1,line_curve_center_riding,-0.1575,-0.1237,-0.6871,-0.6871,0.5198,4,0.5633,0.0000,0.5633,-0.4993,0.2265,IDLE,1,0,step_done_latches_cleared,0,0,0.000,0,nan,nan,nan,0.0000,0,5,0.6000,0.5589,0.1159,0.5589,0.0411,本圈台阶完成,1,0.0000,0.150,0.330
5731.894,ROUNDABOUT_APPROACH,1.919,1,2.741,0.4000,0.0000,first_lap_position,2.731,,,tracking,0.1450,0.1752,1,line_curve_center_riding,-0.1164,-0.0827,-0.6435,-0.6435,0.5203,4,0.5608,0.0000,0.5608,-0.4566,0.1752,IDLE,1,0,step_done_latches_cleared,0,0,0.000,0,nan,nan,nan,0.0000,0,5,0.6000,0.5589,0.1159,0.5589,0.0411,本圈台阶完成,1,0.0000,0.150,0.330
5732.030,ROUNDABOUT_APPROACH,2.055,1,2.741,0.0000,0.0000,first_lap_position,2.731,,,tracking,0.1387,0.1262,1,line_curve_center_riding,-0.0725,-0.0334,-0.6842,-0.7919,0.6080,5,0.6507,0.1077,0.7585,-0.5032,0.1262,IDLE,1,0,step_done_latches_cleared,0,0,0.000,0,nan,nan,nan,0.0000,0,5,0.6000,0.5589,0.1159,0.5589,0.0411,本圈台阶完成,1,0.0000,0.150,0.330
5732.156,ROUNDABOUT_APPROACH,2.181,1,2.741,0.0000,0.0000,first_lap_position,2.731,,,tracking,0.1450,0.0709,1,line_curve_center_riding,-0.0179,0.0167,-0.5609,-0.6593,0.6207,5,0.5777,0.0983,0.6760,-0.4012,0.0709,IDLE,1,0,step_done_latches_cleared,0,0,0.000,0,nan,nan,nan,0.0000,0,5,0.6000,0.5589,0.1159,0.5589,0.0411,本圈台阶完成,1,0.0000,0.150,0.330
5732.294,ROUNDABOUT_APPROACH,2.320,1,2.741,0.0000,0.0000,first_lap_position,2.731,,,tracking,0.1450,0.0138,1,line_recenter_transition,0.0384,0.0492,-0.4892,-0.5789,0.6288,5,0.5383,0.0897,0.6281,-0.3396,0.0138,IDLE,1,0,step_done_latches_cleared,0,0,0.000,0,nan,nan,nan,0.0000,0,5,0.6000,0.5589,0.1159,0.5589,0.0411,本圈台阶完成,1,0.0000,0.150,0.330
5732.422,ROUNDABOUT_APPROACH,2.447,1,2.741,0.0000,0.0000,first_lap_position,2.731,,,tracking,0.1450,-0.0241,1,line_recenter_transition,0.0572,0.0686,-0.4999,-0.6075,0.6218,5,0.5685,0.1077,0.6761,-0.3463,-0.0241,IDLE,1,0,step_done_latches_cleared,0,0,0.000,0,nan,nan,nan,0.0000,0,5,0.6000,0.5589,0.1159,0.5589,0.0411,本圈台阶完成,1,0.0000,0.150,0.330
5732.561,ROUNDABOUT_APPROACH,2.586,1,2.741,0.0000,0.0000,first_lap_position,2.731,,,tracking,0.1450,-0.0522,1,line_recenter_transition,0.0748,0.0864,-0.4909,-0.6041,0.6206,5,0.5773,0.1132,0.6905,-0.3362,-0.0522,IDLE,1,0,step_done_latches_cleared,0,0,0.000,0,nan,nan,nan,0.0000,0,5,0.6000,0.5589,0.1159,0.5589,0.0411,本圈台阶完成,1,0.0000,0.150,0.330
5732.691,ROUNDABOUT_APPROACH,2.716,1,2.741,0.0000,0.0000,first_lap_position,2.731,,,tracking,0.1450,-0.0621,1,line_recenter_transition,0.0681,0.0795,-0.4901,-0.6009,0.6211,5,0.5696,0.1109,0.6804,-0.3371,-0.0621,IDLE,1,0,step_done_latches_cleared,0,0,0.000,0,nan,nan,nan,0.0000,0,5,0.6000,0.5589,0.1159,0.5589,0.0411,本圈台阶完成,1,0.0000,0.150,0.330
5732.832,ROUNDABOUT_APPROACH,2.857,1,2.741,0.0000,0.0000,first_lap_position,2.731,,,tracking,0.1450,-0.0557,1,line_recenter_transition,0.0476,0.0593,-0.5243,-0.6392,0.6178,5,0.5836,0.1149,0.6985,-0.3681,-0.0557,IDLE,1,0,step_done_latches_cleared,0,0,0.000,0,nan,nan,nan,0.0000,0,5,0.6000,0.5589,0.1159,0.5589,0.0411,本圈台阶完成,1,0.0000,0.150,0.330
5732.970,ROUNDABOUT_APPROACH,2.995,1,2.741,0.0000,0.0000,first_lap_position,2.731,,,tracking,0.1450,-0.0375,1,line_recenter_transition,0.0199,0.0320,-0.5713,-0.7037,0.6121,5,0.6033,0.1323,0.7357,-0.4143,-0.0375,IDLE,1,0,step_done_latches_cleared,0,0,0.000,0,nan,nan,nan,0.0000,0,5,0.6000,0.5589,0.1159,0.5589,0.0411,本圈台阶完成,1,0.0000,0.150,0.330
5733.098,ROUNDABOUT_APPROACH,3.124,1,2.741,0.0000,0.0000,first_lap_position,2.731,,,tracking,0.1351,-0.0026,1,line_curve_center_riding,-0.0265,0.0138,-0.6579,-0.7934,0.6029,5,0.6717,0.1355,0.8073,-0.4792,-0.0026,IDLE,1,0,step_done_latches_cleared,0,0,0.000,0,nan,nan,nan,0.0000,0,5,0.6000,0.5589,0.1159,0.5589,0.0411,本圈台阶完成,1,0.0000,0.150,0.330
5733.227,ROUNDABOUT_APPROACH,3.252,1,2.741,0.0000,0.0000,first_lap_position,2.731,,,tracking,0.1401,0.0509,1,line_curve_center_riding,-0.0922,-0.0537,-0.6961,-0.8010,0.6077,5,0.6425,0.1049,0.7473,-0.5169,0.0509,IDLE,1,0,step_done_latches_cleared,0,0,0.000,0,nan,nan,nan,0.0000,0,5,0.6000,0.5589,0.1159,0.5589,0.0411,本圈台阶完成,1,0.0000,0.150,0.330
5733.358,ROUNDABOUT_APPROACH,3.383,1,2.741,0.0000,0.0000,first_lap_position,2.731,,,tracking,0.1450,0.0882,1,line_curve_center_riding,-0.1163,-0.0866,-0.5804,-0.5804,0.5237,4,0.4938,0.0000,0.4938,-0.4158,0.0882,IDLE,1,0,step_done_latches_cleared,0,0,0.000,0,nan,nan,nan,0.0000,0,5,0.6000,0.5589,0.1159,0.5589,0.0411,本圈台阶完成,1,0.0000,0.150,0.330
5733.490,ROUNDABOUT_APPROACH,3.515,1,2.741,0.0000,0.0000,first_lap_position,2.731,,,tracking,0.1450,0.1348,1,line_curve_center_riding,-0.1654,-0.1400,-0.5640,-0.5640,0.5404,4,0.4240,0.0000,0.4240,-0.4227,0.1348,IDLE,1,0,step_done_latches_cleared,0,0,0.000,0,nan,nan,nan,0.0000,0,5,0.6000,0.5589,0.1159,0.5589,0.0411,本圈台阶完成,1,0.0000,0.150,0.330
5733.614,ROUNDABOUT_APPROACH,3.639,1,2.741,0.0000,0.0000,first_lap_position,2.731,,,tracking,0.1450,0.1701,1,line_curve_center_riding,-0.1893,-0.1608,-0.6360,-0.6360,0.5238,4,0.4751,0.0000,0.4751,-0.4776,0.1701,IDLE,1,0,step_done_latches_cleared,0,0,0.000,0,nan,nan,nan,0.0000,0,5,0.6000,0.5589,0.1159,0.5589,0.0411,本圈台阶完成,1,0.0000,0.150,0.330
5733.749,ROUNDABOUT_APPROACH,3.774,1,2.741,0.0000,0.0000,first_lap_position,2.731,,,tracking,0.1450,0.2134,1,line_curve_center_riding,-0.2358,-0.2063,-0.6981,-0.6981,0.5227,4,0.4918,0.0000,0.4918,-0.5342,0.2134,IDLE,1,0,step_done_latches_cleared,0,0,0.000,0,nan,nan,nan,0.0000,0,5,0.6000,0.5589,0.1159,0.5589,0.0411,本圈台阶完成,1,0.0000,0.150,0.330
5733.877,ROUNDABOUT_APPROACH,3.902,1,2.741,0.0000,0.0000,first_lap_position,2.731,,,tracking,0.1450,0.2440,1,line_curve_center_riding,-0.2539,-0.2207,-0.7751,-0.7751,0.5093,4,0.5545,0.0000,0.5545,-0.5903,0.2440,IDLE,1,0,step_done_latches_cleared,0,0,0.000,0,nan,nan,nan,0.0000,0,5,0.6000,0.5589,0.1159,0.5589,0.0411,本圈台阶完成,1,0.0000,0.150,0.330
5734.002,ROUNDABOUT_APPROACH,4.027,1,2.741,0.0000,0.0000,first_lap_position,2.731,,,tracking,0.1450,0.2787,1,line_curve_center_riding,-0.2882,-0.2560,-0.7921,-0.7921,0.5109,4,0.5361,0.0000,0.5361,-0.6134,0.2787,IDLE,1,0,step_done_latches_cleared,0,0,0.000,0,nan,nan,nan,0.0000,0,5,0.6000,0.5589,0.1159,0.5589,0.0411,本圈台阶完成,1,0.0000,0.150,0.330
5734.125,ROUNDABOUT_APPROACH,4.150,1,2.741,0.0000,0.0000,first_lap_position,2.731,,,tracking,0.1450,0.3081,1,line_curve_center_riding,-0.3115,-0.2816,-0.7812,-0.7812,0.5219,4,0.4996,0.0000,0.4996,-0.6147,0.3081,IDLE,1,0,step_done_latches_cleared,0,0,0.000,0,nan,nan,nan,0.0000,0,5,0.6000,0.5589,0.1159,0.5589,0.0411,本圈台阶完成,1,0.0000,0.150,0.330
5734.249,ROUNDABOUT_APPROACH,4.274,1,2.741,0.0000,0.0000,first_lap_position,2.731,,,tracking,0.1450,0.3448,1,line_curve_center_riding,-0.3508,-0.3232,-0.7837,-0.7837,0.5233,4,0.4605,0.0000,0.4605,-0.6302,0.3448,IDLE,1,0,step_done_latches_cleared,0,0,0.000,0,nan,nan,nan,0.0000,0,5,0.6000,0.5589,0.1159,0.5589,0.0411,本圈台阶完成,1,0.0000,0.150,0.330
5734.381,ROUNDABOUT_APPROACH,4.406,1,2.741,0.0000,0.0000,first_lap_position,2.731,,,tracking,0.1563,0.3643,1,line_curve_center_riding,-0.3564,-0.3414,-0.5927,-0.5927,0.4335,3,0.2514,0.0000,0.2514,-0.5089,0.3643,IDLE,1,0,step_done_latches_cleared,0,0,0.000,0,nan,nan,nan,0.0000,0,5,0.6000,0.5589,0.1159,0.5589,0.0411,本圈台阶完成,1,0.0000,0.150,0.330
5734.509,ROUNDABOUT_APPROACH,4.534,1,2.741,0.0000,0.0000,first_lap_position,2.731,,,tracking,0.1510,0.3850,1,line_curve_center_riding,-0.3747,-0.3620,-0.5740,-0.5740,0.4564,3,0.2120,0.0000,0.2120,-0.5033,0.3850,IDLE,1,0,step_done_latches_cleared,0,0,0.000,0,nan,nan,nan,0.0000,0,5,0.6000,0.5589,0.1159,0.5589,0.0411,本圈台阶完成,1,0.0000,0.150,0.330
5734.642,ROUNDABOUT_APPROACH,4.667,1,2.741,0.0000,0.0000,first_lap_position,2.731,,,tracking,0.1476,0.3984,1,line_curve_center_riding,-0.3816,-0.3700,-0.5626,-0.5626,0.4668,3,0.1926,0.0000,0.1926,-0.4984,0.3984,IDLE,1,0,step_done_latches_cleared,0,0,0.000,0,nan,nan,nan,0.0000,0,5,0.6000,0.5589,0.1159,0.5589,0.0411,本圈台阶完成,1,0.0000,0.150,0.330
5734.772,ROUNDABOUT_APPROACH,4.797,1,2.741,0.0000,0.0000,first_lap_position,2.731,,,tracking,0.1416,0.4217,1,line_curve_center_riding,-0.4101,-0.3860,-0.7877,-0.8295,0.6514,5,0.4017,0.0418,0.4435,-0.6677,0.4217,IDLE,1,0,step_done_latches_cleared,0,0,0.000,0,nan,nan,nan,0.0000,0,5,0.6000,0.5589,0.1159,0.5589,0.0411,本圈台阶完成,1,0.0000,0.150,0.330
5734.906,ROUNDABOUT_APPROACH,4.931,1,2.741,0.0000,0.0000,first_lap_position,2.731,,,tracking,0.1440,0.4123,1,line_curve_center_riding,-0.3765,-0.3544,-0.7238,-0.7577,0.5579,4,0.3694,0.0340,0.4034,-0.6120,0.4123,IDLE,1,0,step_done_latches_cleared,0,0,0.000,0,nan,nan,nan,0.0000,0,5,0.6000,0.5589,0.1159,0.5589,0.0411,本圈台阶完成,1,0.0000,0.150,0.330
5735.035,ROUNDABOUT_APPROACH,5.060,1,2.741,0.0000,0.0000,first_lap_position,2.731,,,tracking,0.1458,0.4053,1,line_curve_center_riding,-0.3692,-0.3597,-0.5178,-0.5178,0.4841,3,0.1581,0.0000,0.1581,-0.4651,0.4053,IDLE,1,0,step_done_latches_cleared,0,0,0.000,0,nan,nan,nan,0.0000,0,5,0.6000,0.5589,0.1159,0.5589,0.0411,本圈台阶完成,1,0.0000,0.150,0.330
5735.164,ROUNDABOUT_APPROACH,5.189,1,2.741,0.8000,0.0000,first_lap_position,2.731,,,tracking,0.1450,0.3939,1,line_curve_center_riding,-0.3551,-0.3364,-0.6474,-0.8509,0.5567,4,0.3110,0.2035,0.5145,-0.6116,0.3939,IDLE,1,0,step_done_latches_cleared,0,0,0.000,0,nan,nan,nan,0.0000,0,5,0.6000,0.5589,0.1159,0.5589,0.0411,本圈台阶完成,1,0.0000,0.150,0.330
5735.292,ROUNDABOUT_APPROACH,5.317,1,2.741,0.0000,0.0000,first_lap_position,2.731,,,tracking,0.1559,0.3661,1,line_curve_center_riding,-0.3162,-0.3002,-0.5662,-0.5957,0.6771,5,0.2660,0.0295,0.2955,-0.4874,0.3661,IDLE,1,0,step_done_latches_cleared,0,0,0.000,0,nan,nan,nan,0.0000,0,5,0.6000,0.5589,0.1159,0.5589,0.0411,本圈台阶完成,1,0.0000,0.150,0.330
5735.419,ROUNDABOUT_APPROACH,5.444,1,2.741,0.0000,0.0000,first_lap_position,2.731,,,tracking,0.1644,0.3330,1,line_curve_center_riding,-0.2800,-0.2675,-0.4755,-0.5770,0.5959,4,0.2079,0.1016,0.3095,-0.4400,0.3330,IDLE,1,0,step_done_latches_cleared,0,0,0.000,0,nan,nan,nan,0.0000,0,5,0.6000,0.5589,0.1159,0.5589,0.0411,本圈台阶完成,1,0.0000,0.150,0.330
5735.547,ROUNDABOUT_APPROACH,5.572,1,2.741,0.0000,0.0000,first_lap_position,2.731,,,tracking,0.1729,0.2998,1,line_center_tracking,-0.2484,-0.2181,-0.3261,-0.3261,0.4198,2,0.1080,0.0000,0.1080,-0.2901,0.2998,IDLE,1,0,step_done_latches_cleared,0,0,0.000,0,nan,nan,nan,0.0000,0,5,0.6000,0.5589,0.1159,0.5589,0.0411,本圈台阶完成,1,0.0000,0.150,0.330
5735.672,ROUNDABOUT_APPROACH,5.697,1,2.741,0.0000,0.0000,first_lap_position,2.731,,,tracking,0.1799,0.2727,1,line_center_tracking,-0.2281,-0.2112,-0.2716,-0.2716,0.4282,2,0.0604,0.0000,0.0604,-0.2515,0.2727,IDLE,1,0,step_done_latches_cleared,0,0,0.000,0,nan,nan,nan,0.0000,0,5,0.6000,0.5589,0.1159,0.5589,0.0411,本圈台阶完成,1,0.0000,0.150,0.330
5735.797,ROUNDABOUT_APPROACH,5.822,1,2.741,0.4000,0.0000,first_lap_position,2.731,,,tracking,0.1700,0.2242,1,line_curve_center_riding,-0.1670,-0.1530,-0.3862,-0.4180,0.5931,4,0.2332,0.0318,0.2650,-0.3191,0.2242,IDLE,1,0,step_done_latches_cleared,0,0,0.000,0,nan,nan,nan,0.0000,0,5,0.6000,0.5589,0.1159,0.5589,0.0411,本圈台阶完成,1,0.0000,0.150,0.330
5735.936,ROUNDABOUT_APPROACH,5.961,1,2.741,0.8872,0.0000,first_lap_position,2.731,,,tracking,0.1700,0.2122,1,line_curve_center_riding,-0.1820,-0.1733,-0.3197,-0.3951,0.6109,4,0.1464,0.0754,0.2218,-0.2960,0.2122,IDLE,1,0,step_done_latches_cleared,0,0,0.000,0,nan,nan,nan,0.0000,0,5,0.6000,0.5589,0.1159,0.5589,0.0411,本圈台阶完成,1,0.0000,0.150,0.330
5736.062,ROUNDABOUT_APPROACH,6.087,1,2.741,0.0000,0.0000,first_lap_position,2.731,,,tracking,0.1700,0.1865,1,line_curve_center_riding,-0.1512,-0.1425,-0.2873,-0.3258,0.7006,5,0.1448,0.0385,0.1833,-0.2519,0.1865,IDLE,1,0,step_done_latches_cleared,0,0,0.000,0,nan,nan,nan,0.0000,0,5,0.6000,0.5589,0.1159,0.5589,0.0411,本圈台阶完成,1,0.0000,0.150,0.330
5736.185,ROUNDABOUT_APPROACH,6.210,1,2.741,0.8979,0.0000,first_lap_position,2.731,,,tracking,0.1700,0.1765,1,line_curve_center_riding,-0.1533,-0.1415,-0.3374,-0.4735,0.6938,5,0.1959,0.1361,0.3320,-0.3175,0.1765,IDLE,1,0,step_done_latches_cleared,0,0,0.000,0,nan,nan,nan,0.0000,0,5,0.6000,0.5589,0.1159,0.5589,0.0411,本圈台阶完成,1,0.0000,0.150,0.330
5736.316,ROUNDABOUT_APPROACH,6.341,1,2.741,0.6000,0.0000,first_lap_position,2.731,,,tracking,0.2060,0.1713,1,line_center_tracking,-0.1532,-0.1272,-0.2201,-0.2201,0.4354,2,0.0929,0.0000,0.0929,-0.1891,0.1713,IDLE,1,0,step_done_latches_cleared,0,0,0.000,0,nan,nan,nan,0.0000,0,5,0.6000,0.5589,0.1159,0.5589,0.0411,本圈台阶完成,1,0.0000,0.150,0.330
5736.449,ROUNDABOUT_APPROACH,6.474,1,2.741,0.6000,0.0000,first_lap_position,2.731,,,tracking,0.1700,0.1519,1,line_curve_center_riding,-0.1248,-0.1186,-0.2217,-0.3042,0.6157,4,0.1031,0.0824,0.1856,-0.2148,0.1519,IDLE,1,0,step_done_latches_cleared,0,0,0.000,0,nan,nan,nan,0.0000,0,5,0.6000,0.5589,0.1159,0.5589,0.0411,本圈台阶完成,1,0.0000,0.150,0.330
5736.581,ROUNDABOUT_APPROACH,6.606,1,2.741,0.8946,0.0000,first_lap_position,2.731,,,tracking,0.1700,0.1332,1,line_curve_center_riding,-0.1068,-0.1008,-0.2002,-0.3136,0.7940,6,0.0994,0.1134,0.2128,-0.2049,0.1332,IDLE,1,0,step_done_latches_cleared,0,0,0.000,0,nan,nan,nan,0.0000,0,5,0.6000,0.5589,0.1159,0.5589,0.0411,本圈台阶完成,1,0.0000,0.150,0.330
5736.713,ROUNDABOUT_APPROACH,6.738,1,2.741,0.9429,0.0000,first_lap_position,2.731,,,tracking,0.1700,0.1300,1,line_curve_center_riding,-0.1161,-0.1063,-0.2694,-0.3312,0.6031,4,0.1631,0.0618,0.2249,-0.2356,0.1300,IDLE,1,0,step_done_latches_cleared,0,0,0.000,0,nan,nan,nan,0.0000,0,5,0.6000,0.5589,0.1159,0.5589,0.0411,本圈台阶完成,1,0.0000,0.150,0.330
5736.849,ROUNDABOUT_APPROACH,6.874,1,2.741,0.9228,0.0000,first_lap_position,2.731,,,tracking,0.1700,0.1025,1,line_curve_center_riding,-0.0726,-0.0659,-0.1768,-0.2614,0.8033,6,0.1109,0.0847,0.1955,-0.1680,0.1025,IDLE,1,0,step_done_latches_cleared,0,0,0.000,0,nan,nan,nan,0.0000,0,5,0.6000,0.5589,0.1159,0.5589,0.0411,本圈台阶完成,1,0.0000,0.150,0.330
5736.985,ROUNDABOUT_APPROACH,7.010,1,2.741,0.0000,0.0000,first_lap_position,2.731,,,tracking,0.2207,0.0921,1,line_center_tracking,-0.0747,-0.0593,-0.1142,-0.1142,0.4516,2,0.0549,0.0000,0.0549,-0.0959,0.0921,IDLE,1,0,step_done_latches_cleared,0,0,0.000,0,nan,nan,nan,0.0000,0,5,0.6000,0.5589,0.1159,0.5589,0.0411,本圈台阶完成,1,0.0000,0.150,0.330
5737.123,ROUNDABOUT_APPROACH,7.148,1,2.741,0.8071,0.0000,first_lap_position,2.731,,,tracking,0.1700,0.0837,1,line_curve_center_riding,-0.0697,-0.0603,-0.2172,-0.1653,0.4733,3,0.1569,0.0519,0.1050,-0.1476,0.0837,IDLE,1,0,step_done_latches_cleared,0,0,0.000,0,nan,nan,nan,0.0000,0,5,0.6000,0.5589,0.1159,0.5589,0.0411,本圈台阶完成,1,0.0000,0.150,0.330
5737.254,ROUNDABOUT_APPROACH,7.279,1,2.741,0.9002,0.0000,first_lap_position,2.731,,,tracking,0.1700,0.0815,1,line_curve_center_riding,-0.0729,-0.0595,-0.2826,-0.2826,0.4852,3,0.2231,0.0000,0.2231,-0.2082,0.0815,IDLE,1,0,step_done_latches_cleared,0,0,0.000,0,nan,nan,nan,0.0000,0,5,0.6000,0.5589,0.1159,0.5589,0.0411,本圈台阶完成,1,0.0000,0.150,0.330
5737.383,ROUNDABOUT_APPROACH,7.409,1,2.741,0.8797,0.0000,first_lap_position,2.731,,,tracking,0.1700,0.0565,1,line_curve_center_riding,-0.0324,-0.0262,-0.1303,-0.2464,0.6094,4,0.1041,0.1161,0.2202,-0.1343,0.0565,IDLE,1,0,step_done_latches_cleared,0,0,0.000,0,nan,nan,nan,0.0000,0,5,0.6000,0.5589,0.1159,0.5589,0.0411,本圈台阶完成,1,0.0000,0.150,0.330
5737.516,ROUNDABOUT_APPROACH,7.541,1,2.741,0.8692,0.0000,first_lap_position,2.731,,,tracking,0.1700,0.2292,1,line_curve_center_riding,-0.3458,-0.3579,-0.1570,-0.1468,0.5970,4,0.2009,0.0102,0.2111,-0.2206,0.2292,IDLE,1,0,step_done_latches_cleared,0,0,0.000,0,nan,nan,nan,0.0000,0,5,0.6000,0.5589,0.1159,0.5589,0.0411,本圈台阶完成,1,0.0000,0.150,0.330
5737.650,ROUNDABOUT_APPROACH,7.675,1,2.741,0.8812,0.0000,first_lap_position,2.731,,,tracking,0.1450,0.3232,1,line_curve_center_riding,-0.3886,-0.4059,-0.1184,-0.1098,0.7735,6,0.2875,0.0086,0.2961,-0.2114,0.3232,IDLE,1,0,step_done_latches_cleared,0,0,0.000,0,nan,nan,nan,0.0000,0,5,0.6000,0.5589,0.1159,0.5589,0.0411,本圈台阶完成,1,0.0000,0.150,0.330
5737.776,ROUNDABOUT_APPROACH,7.801,1,2.741,0.8200,0.0000,first_lap_position,2.731,,,tracking,0.1450,0.1179,1,line_curve_center_riding,0.0408,0.0587,-0.2393,-0.2393,0.3226,2,0.2980,0.0000,0.2980,-0.1400,0.1179,IDLE,1,0,step_done_latches_cleared,0,0,0.000,0,nan,nan,nan,0.0000,0,5,0.6000,0.5589,0.1159,0.5589,0.0411,本圈台阶完成,1,0.0000,0.150,0.330
5737.902,ROUNDABOUT_APPROACH,7.927,1,2.741,0.8111,0.0000,first_lap_position,2.731,,,tracking,0.1450,-0.0196,1,line_recenter_transition,0.1428,0.1491,-0.1696,-0.1696,0.3120,2,0.3188,0.0000,0.3188,-0.0634,-0.0196,IDLE,1,0,step_done_latches_cleared,0,0,0.000,0,nan,nan,nan,0.0000,0,5,0.6000,0.5589,0.1159,0.5589,0.0411,本圈台阶完成,1,0.0000,0.150,0.330
5738.025,ROUNDABOUT,0.000,1,2.741,0.8099,0.0000,first_lap_position,2.731,0.000,0.000,icn_entry_left,0.1900,0.2859,1,line_center_tracking,-0.0646,-0.0491,-0.1043,-0.1043,0.3200,2,0.0551,0.0000,0.0551,-0.0859,0.2859,IDLE,1,0,step_done_latches_cleared,0,0,0.000,0,nan,nan,nan,0.0000,0,5,0.6000,0.5589,0.1159,0.5589,0.0411,本圈台阶完成,1,0.0000,0.150,0.330
5738.163,ROUNDABOUT,0.139,1,2.741,0.8636,0.0000,first_lap_position,2.731,0.139,0.016,icn_entry_left,0.1900,0.3600,1,line_center_tracking,-0.0612,-0.0453,-0.1019,-0.1019,0.3160,2,0.0565,0.0000,0.0565,-0.0830,0.3600,IDLE,1,0,step_done_latches_cleared,0,0,0.000,0,nan,nan,nan,0.0000,0,5,0.6000,0.5589,0.1159,0.5589,0.0411,本圈台阶完成,1,0.0000,0.150,0.330
5738.297,ROUNDABOUT,0.272,1,2.741,0.8725,0.0000,first_lap_position,2.731,0.272,0.031,icn_entry_left,0.1900,0.3600,1,line_center_tracking,-0.0364,-0.0201,-0.0781,-0.0781,0.3121,2,0.0579,0.0000,0.0579,-0.0588,0.3600,IDLE,1,0,step_done_latches_cleared,0,0,0.000,0,nan,nan,nan,0.0000,0,5,0.6000,0.5589,0.1159,0.5589,0.0411,本圈台阶完成,1,0.0000,0.150,0.330
5738.433,ROUNDABOUT,0.409,1,2.741,0.8488,0.0000,first_lap_position,2.731,0.409,0.045,icn_entry_left,0.1900,0.3600,1,line_center_tracking,0.0203,0.0368,-0.0221,-0.0221,0.3093,2,0.0589,0.0000,0.0589,-0.0025,0.3600,IDLE,1,0,step_done_latches_cleared,0,0,0.000,0,nan,nan,nan,0.0000,0,5,0.6000,0.5589,0.1159,0.5589,0.0411,本圈台阶完成,1,0.0000,0.150,0.330
5738.555,ROUNDABOUT,0.531,1,2.741,0.0000,0.0000,first_lap_position,2.731,0.531,0.055,icn_entry_left,0.1900,0.3600,1,line_center_tracking,0.1109,0.1110,0.1106,0.1106,0.5164,3,0.0005,0.0000,0.0005,0.1107,0.3600,IDLE,1,0,step_done_latches_cleared,0,0,0.000,0,nan,nan,nan,0.0000,0,5,0.6000,0.5589,0.1159,0.5589,0.0411,本圈台阶完成,1,0.0000,0.150,0.330
5738.682,ROUNDABOUT,0.657,1,2.741,0.8000,0.0000,first_lap_position,2.731,0.657,0.064,icn_entry_left,0.1900,0.3600,1,line_center_tracking,0.1984,0.1832,0.2376,0.2376,0.4470,2,0.0545,0.0000,0.0545,0.2195,0.3600,IDLE,1,0,step_done_latches_cleared,0,0,0.000,0,nan,nan,nan,0.0000,0,5,0.6000,0.5589,0.1159,0.5589,0.0411,本圈台阶完成,1,0.0000,0.150,0.330
5738.807,ROUNDABOUT,0.782,1,2.741,0.8427,0.0000,first_lap_position,2.731,0.782,0.072,icn_entry_left,0.1900,0.3600,1,line_center_tracking,0.1930,0.1930,0.1930,0.1930,0.2375,1,0.0000,0.0000,0.0000,0.1930,0.3600,IDLE,1,0,step_done_latches_cleared,0,0,0.000,0,nan,nan,nan,0.0000,0,5,0.6000,0.5589,0.1159,0.5589,0.0411,本圈台阶完成,1,0.0000,0.150,0.330
5738.934,ROUNDABOUT,0.909,1,2.741,0.0000,0.0000,first_lap_position,2.731,0.909,0.082,icn_entry_left,0.1900,0.3600,1,line_center_tracking,0.2757,0.2757,0.2757,0.2757,0.2375,1,0.0000,0.0000,0.0000,0.2757,0.3600,IDLE,1,0,step_done_latches_cleared,0,0,0.000,0,nan,nan,nan,0.0000,0,5,0.6000,0.5589,0.1159,0.5589,0.0411,本圈台阶完成,1,0.0000,0.150,0.330
5739.064,ROUNDABOUT,1.039,1,2.741,0.8672,0.0000,first_lap_position,2.731,1.039,0.092,icn_entry_left,0.1900,0.3600,1,line_center_tracking,0.3698,0.3698,0.3698,0.3698,0.2375,1,0.0000,0.0000,0.0000,0.3698,0.3600,IDLE,1,0,step_done_latches_cleared,0,0,0.000,0,nan,nan,nan,0.0000,0,5,0.6000,0.5589,0.1159,0.5589,0.0411,本圈台阶完成,1,0.0000,0.150,0.330
5739.207,ROUNDABOUT,1.182,1,2.741,0.8771,0.0000,first_lap_position,2.731,1.182,0.105,icn_entry_left,0.1900,0.3600,0,line_too_few_bands,0.0000,0.0000,0.0000,0.0000,0.0000,0,0.0000,0.0000,0.0000,0.0000,0.3600,IDLE,1,0,step_done_latches_cleared,0,0,0.000,0,nan,nan,nan,0.0000,0,5,0.6000,0.5589,0.1159,0.5589,0.0411,本圈台阶完成,1,0.0000,0.150,0.330
5739.334,ROUNDABOUT,1.310,1,2.741,0.0000,0.0000,first_lap_position,2.731,1.310,0.123,icn_entry_left,0.1900,0.3600,0,line_too_few_bands,0.0000,0.0000,0.0000,0.0000,0.0000,0,0.0000,0.0000,0.0000,0.0000,0.3600,IDLE,1,0,step_done_latches_cleared,0,0,0.000,0,nan,nan,nan,0.0000,0,5,0.6000,0.5589,0.1159,0.5589,0.0411,本圈台阶完成,1,0.0000,0.150,0.330
5739.461,ROUNDABOUT,1.436,1,2.741,0.0000,0.0000,first_lap_position,2.731,1.436,0.138,icn_entry_left,0.1900,0.3600,0,line_too_few_bands,0.0000,0.0000,0.0000,0.0000,0.0000,0,0.0000,0.0000,0.0000,0.0000,0.3600,IDLE,1,0,step_done_latches_cleared,0,0,0.000,0,nan,nan,nan,0.0000,0,5,0.6000,0.5589,0.1159,0.5589,0.0411,本圈台阶完成,1,0.0000,0.150,0.330
5739.644,ROUNDABOUT,1.619,1,2.741,0.0000,0.0000,first_lap_position,2.731,1.619,0.161,icn_entry_left,0.1900,0.3600,0,line_too_few_bands,0.0000,0.0000,0.0000,0.0000,0.0000,0,0.0000,0.0000,0.0000,0.0000,0.3600,IDLE,1,0,step_done_latches_cleared,0,0,0.000,0,nan,nan,nan,0.0000,0,5,0.6000,0.5589,0.1159,0.5589,0.0411,本圈台阶完成,1,0.0000,0.150,0.330
5739.771,ROUNDABOUT,1.747,1,2.741,0.0000,0.0000,first_lap_position,2.731,1.747,0.181,icn_entry_left,0.1900,0.3600,0,line_too_few_bands,0.0000,0.0000,0.0000,0.0000,0.0000,0,0.0000,0.0000,0.0000,0.0000,0.3600,IDLE,1,0,step_done_latches_cleared,0,0,0.000,0,nan,nan,nan,0.0000,0,5,0.6000,0.5589,0.1159,0.5589,0.0411,本圈台阶完成,1,0.0000,0.150,0.330
5739.911,ROUNDABOUT,1.887,1,2.741,0.0000,0.0000,first_lap_position,2.731,1.887,0.202,icn_entry_left,0.1900,0.3600,0,line_too_few_bands,0.0000,0.0000,0.0000,0.0000,0.0000,0,0.0000,0.0000,0.0000,0.0000,0.3600,IDLE,1,0,step_done_latches_cleared,0,0,0.000,0,nan,nan,nan,0.0000,0,5,0.6000,0.5589,0.1159,0.5589,0.0411,本圈台阶完成,1,0.0000,0.150,0.330
5740.057,ROUNDABOUT,2.032,1,2.741,0.0000,0.0000,first_lap_position,2.731,2.032,0.219,icn_entry_left,0.1900,0.3600,0,line_too_few_bands,0.0000,0.0000,0.0000,0.0000,0.0000,0,0.0000,0.0000,0.0000,0.0000,0.3600,IDLE,1,0,step_done_latches_cleared,0,0,0.000,0,nan,nan,nan,0.0000,0,5,0.6000,0.5589,0.1159,0.5589,0.0411,本圈台阶完成,1,0.0000,0.150,0.330
5740.186,ROUNDABOUT,2.162,1,2.741,0.0000,0.0000,first_lap_position,2.731,2.162,0.240,icn_entry_left,0.1900,0.3600,0,line_too_few_bands,0.0000,0.0000,0.0000,0.0000,0.0000,0,0.0000,0.0000,0.0000,0.0000,0.3600,IDLE,1,0,step_done_latches_cleared,0,0,0.000,0,nan,nan,nan,0.0000,0,5,0.6000,0.5589,0.1159,0.5589,0.0411,本圈台阶完成,1,0.0000,0.150,0.330
5740.313,ROUNDABOUT,2.288,1,2.741,0.0000,0.0000,first_lap_position,2.731,2.288,0.269,icn_entry_left,0.1900,0.3600,0,line_too_few_bands,0.0000,0.0000,0.0000,0.0000,0.0000,0,0.0000,0.0000,0.0000,0.0000,0.3600,IDLE,1,0,step_done_latches_cleared,0,0,0.000,0,nan,nan,nan,0.0000,0,5,0.6000,0.5589,0.1159,0.5589,0.0411,本圈台阶完成,1,0.0000,0.150,0.330
5740.442,ROUNDABOUT,2.417,1,2.741,0.0000,0.0000,first_lap_position,2.731,2.417,0.294,icn_entry_left,0.1900,0.3600,0,line_too_few_bands,0.0000,0.0000,0.0000,0.0000,0.0000,0,0.0000,0.0000,0.0000,0.0000,0.3600,IDLE,1,0,step_done_latches_cleared,0,0,0.000,0,nan,nan,nan,0.0000,0,5,0.6000,0.5589,0.1159,0.5589,0.0411,本圈台阶完成,1,0.0000,0.150,0.330
5740.567,ROUNDABOUT,2.543,1,2.741,0.0000,0.0000,first_lap_position,2.731,2.543,0.321,icn_entry_left,0.1900,0.3600,0,line_too_few_bands,0.0000,0.0000,0.0000,0.0000,0.0000,0,0.0000,0.0000,0.0000,0.0000,0.3600,IDLE,1,0,step_done_latches_cleared,0,0,0.000,0,nan,nan,nan,0.0000,0,5,0.6000,0.5589,0.1159,0.5589,0.0411,本圈台阶完成,1,0.0000,0.150,0.330
5740.700,ROUNDABOUT,2.676,1,2.741,0.0000,0.0000,first_lap_position,2.731,2.676,0.348,icn_entry_left,0.1900,0.3600,0,line_too_few_bands,0.0000,0.0000,0.0000,0.0000,0.0000,0,0.0000,0.0000,0.0000,0.0000,0.3600,IDLE,1,0,step_done_latches_cleared,0,0,0.000,0,nan,nan,nan,0.0000,0,5,0.6000,0.5589,0.1159,0.5589,0.0411,本圈台阶完成,1,0.0000,0.150,0.330
5740.841,ROUNDABOUT,2.817,1,2.741,0.2000,0.0000,first_lap_position,2.731,2.817,0.382,icn_entry_left,0.1900,0.3600,0,line_too_few_bands,0.0000,0.0000,0.0000,0.0000,0.0000,0,0.0000,0.0000,0.0000,0.0000,0.3600,IDLE,1,0,step_done_latches_cleared,0,0,0.000,0,nan,nan,nan,0.0000,0,5,0.6000,0.5589,0.1159,0.5589,0.0411,本圈台阶完成,1,0.0000,0.150,0.330
5740.991,ROUNDABOUT,2.966,1,2.741,0.2000,0.0000,first_lap_position,2.731,2.966,0.422,icn_entry_left,0.1900,0.3600,0,line_too_few_bands,0.0000,0.0000,0.0000,0.0000,0.0000,0,0.0000,0.0000,0.0000,0.0000,0.3600,IDLE,1,0,step_done_latches_cleared,0,0,0.000,0,nan,nan,nan,0.0000,0,5,0.6000,0.5589,0.1159,0.5589,0.0411,本圈台阶完成,1,0.0000,0.150,0.330
5741.113,ROUNDABOUT,3.089,1,2.741,0.2000,0.0000,first_lap_position,2.731,3.089,0.450,icn_entry_left,0.1900,0.3600,0,line_too_few_bands,0.0000,0.0000,0.0000,0.0000,0.0000,0,0.0000,0.0000,0.0000,0.0000,0.0000,IDLE,1,0,step_done_latches_cleared,0,0,0.000,0,nan,nan,nan,0.0000,0,5,0.6000,0.5589,0.1159,0.5589,0.0411,本圈台阶完成,1,0.0000,0.150,0.330
