t,phase,phase_age,lap,seek_distance,mode,cmd_v,cmd_w,line_valid,line_reason,line_error,near_error,mid_error,far_error,line_confidence,valid_bands,near_mid_delta,mid_far_delta,near_far_delta,center_error,last_cmd_w,step_state,step_done_this_lap,step_waiting_alignment,step_align_reason,step_fixed_latched,step_reverse_active,step_candidate_evidence,step_detected,step_distance,step_filtered_distance,step_height,step_confidence,step_confirm_frames,step_required_frames,step_target_travel,step_commanded_traveled,step_odom_traveled,step_trigger_traveled,step_remaining,step_stop_reason,odom_fresh,yaw_error,jump_profile_min,jump_profile_max
3048.228,SEEK_ROUNDABOUT,0.941,0,0.000,camera_timeout,0.0000,0.0000,0,,nan,nan,nan,nan,0.0000,0,nan,nan,nan,nan,0.0000,IDLE,0,0,waiting_detection,0,0,0.000,0,nan,nan,nan,0.0000,0,5,0.0000,0.0000,0.0000,0.0000,0.0000,等待台阶,1,0.0000,0.150,0.330
3048.295,SEEK_ROUNDABOUT,1.008,0,0.000,camera_timeout,0.0000,0.0000,0,,nan,nan,nan,nan,0.0000,0,nan,nan,nan,nan,0.0000,IDLE,0,0,waiting_detection,0,0,0.000,0,nan,nan,nan,0.0000,0,5,0.0000,0.0000,0.0000,0.0000,0.0000,等待台阶,1,0.0000,0.150,0.330
3048.362,SEEK_ROUNDABOUT,1.074,0,0.000,camera_timeout,0.0000,0.0000,0,,nan,nan,nan,nan,0.0000,0,nan,nan,nan,nan,0.0000,IDLE,0,0,waiting_detection,0,0,0.000,0,nan,nan,nan,0.0000,0,5,0.0000,0.0000,0.0000,0.0000,0.0000,等待台阶,1,0.0000,0.150,0.330
3048.428,SEEK_ROUNDABOUT,1.141,0,0.000,camera_timeout,0.0000,0.0000,0,,nan,nan,nan,nan,0.0000,0,nan,nan,nan,nan,0.0000,IDLE,0,0,waiting_detection,0,0,0.000,0,nan,nan,nan,0.0000,0,5,0.0000,0.0000,0.0000,0.0000,0.0000,等待台阶,1,0.0000,0.150,0.330
3048.495,SEEK_ROUNDABOUT,1.208,0,0.000,camera_timeout,0.0000,0.0000,0,,nan,nan,nan,nan,0.0000,0,nan,nan,nan,nan,0.0000,IDLE,0,0,waiting_detection,0,0,0.000,0,nan,nan,nan,0.0000,0,5,0.0000,0.0000,0.0000,0.0000,0.0000,等待台阶,1,0.0000,0.150,0.330
3048.562,SEEK_ROUNDABOUT,1.274,0,0.000,camera_timeout,0.0000,0.0000,0,,nan,nan,nan,nan,0.0000,0,nan,nan,nan,nan,0.0000,IDLE,0,0,waiting_detection,0,0,0.000,0,nan,nan,nan,0.0000,0,5,0.0000,0.0000,0.0000,0.0000,0.0000,等待台阶,1,0.0000,0.150,0.330
3048.628,SEEK_ROUNDABOUT,1.341,0,0.000,camera_timeout,0.0000,0.0000,0,,nan,nan,nan,nan,0.0000,0,nan,nan,nan,nan,0.0000,IDLE,0,0,waiting_detection,0,0,0.000,0,nan,nan,nan,0.0000,0,5,0.0000,0.0000,0.0000,0.0000,0.0000,等待台阶,1,0.0000,0.150,0.330
3048.695,SEEK_ROUNDABOUT,1.408,0,0.000,camera_timeout,0.0000,0.0000,0,,nan,nan,nan,nan,0.0000,0,nan,nan,nan,nan,0.0000,IDLE,0,0,waiting_detection,0,0,0.000,0,nan,nan,nan,0.0000,0,5,0.0000,0.0000,0.0000,0.0000,0.0000,等待台阶,1,0.0000,0.150,0.330
3048.762,SEEK_ROUNDABOUT,1.475,0,0.000,camera_timeout,0.0000,0.0000,0,,nan,nan,nan,nan,0.0000,0,nan,nan,nan,nan,0.0000,IDLE,0,0,waiting_detection,0,0,0.000,0,nan,nan,nan,0.0000,0,5,0.0000,0.0000,0.0000,0.0000,0.0000,等待台阶,1,0.0000,0.150,0.330
3048.830,SEEK_ROUNDABOUT,1.543,0,0.000,camera_timeout,0.0000,0.0000,0,,nan,nan,nan,nan,0.0000,0,nan,nan,nan,nan,0.0000,IDLE,0,0,waiting_detection,0,0,0.000,0,nan,nan,nan,0.0000,0,5,0.0000,0.0000,0.0000,0.0000,0.0000,等待台阶,1,0.0000,0.150,0.330
3048.895,SEEK_ROUNDABOUT,1.608,0,0.000,camera_timeout,0.0000,0.0000,0,,nan,nan,nan,nan,0.0000,0,nan,nan,nan,nan,0.0000,IDLE,0,0,waiting_detection,0,0,0.000,0,nan,nan,nan,0.0000,0,5,0.0000,0.0000,0.0000,0.0000,0.0000,等待台阶,1,0.0000,0.150,0.330
3048.962,SEEK_ROUNDABOUT,1.675,0,0.000,camera_timeout,0.0000,0.0000,0,,nan,nan,nan,nan,0.0000,0,nan,nan,nan,nan,0.0000,IDLE,0,0,waiting_detection,0,0,0.000,0,nan,nan,nan,0.0000,0,5,0.0000,0.0000,0.0000,0.0000,0.0000,等待台阶,1,0.0000,0.150,0.330
3049.029,SEEK_ROUNDABOUT,1.741,0,0.000,camera_timeout,0.0000,0.0000,0,,nan,nan,nan,nan,0.0000,0,nan,nan,nan,nan,0.0000,IDLE,0,0,waiting_detection,0,0,0.000,0,nan,nan,nan,0.0000,0,5,0.0000,0.0000,0.0000,0.0000,0.0000,等待台阶,1,0.0000,0.150,0.330
3049.095,SEEK_ROUNDABOUT,1.808,0,0.000,camera_timeout,0.0000,0.0000,0,,nan,nan,nan,nan,0.0000,0,nan,nan,nan,nan,0.0000,IDLE,0,0,waiting_detection,0,0,0.000,0,nan,nan,nan,0.0000,0,5,0.0000,0.0000,0.0000,0.0000,0.0000,等待台阶,1,0.0000,0.150,0.330
3049.162,SEEK_ROUNDABOUT,1.875,0,0.000,camera_timeout,0.0000,0.0000,0,,nan,nan,nan,nan,0.0000,0,nan,nan,nan,nan,0.0000,IDLE,0,0,waiting_detection,0,0,0.000,0,nan,nan,nan,0.0000,0,5,0.0000,0.0000,0.0000,0.0000,0.0000,等待台阶,1,0.0000,0.150,0.330
3049.229,SEEK_ROUNDABOUT,1.941,0,0.000,camera_timeout,0.0000,0.0000,0,,nan,nan,nan,nan,0.0000,0,nan,nan,nan,nan,0.0000,IDLE,0,0,waiting_detection,0,0,0.000,0,nan,nan,nan,0.0000,0,5,0.0000,0.0000,0.0000,0.0000,0.0000,等待台阶,1,0.0000,0.150,0.330
3049.295,SEEK_ROUNDABOUT,2.008,0,0.000,camera_timeout,0.0000,0.0000,0,,nan,nan,nan,nan,0.0000,0,nan,nan,nan,nan,0.0000,IDLE,0,0,waiting_detection,0,0,0.000,0,nan,nan,nan,0.0000,0,5,0.0000,0.0000,0.0000,0.0000,0.0000,等待台阶,1,0.0000,0.150,0.330
3049.362,SEEK_ROUNDABOUT,2.075,0,0.000,camera_timeout,0.0000,0.0000,0,,nan,nan,nan,nan,0.0000,0,nan,nan,nan,nan,0.0000,IDLE,0,0,waiting_detection,0,0,0.000,0,nan,nan,nan,0.0000,0,5,0.0000,0.0000,0.0000,0.0000,0.0000,等待台阶,1,0.0000,0.150,0.330
3049.429,SEEK_ROUNDABOUT,2.141,0,0.000,camera_timeout,0.0000,0.0000,0,,nan,nan,nan,nan,0.0000,0,nan,nan,nan,nan,0.0000,IDLE,0,0,waiting_detection,0,0,0.000,0,nan,nan,nan,0.0000,0,5,0.0000,0.0000,0.0000,0.0000,0.0000,等待台阶,1,0.0000,0.150,0.330
3049.495,SEEK_ROUNDABOUT,2.208,0,0.000,camera_timeout,0.0000,0.0000,0,,nan,nan,nan,nan,0.0000,0,nan,nan,nan,nan,0.0000,IDLE,0,0,waiting_detection,0,0,0.000,0,nan,nan,nan,0.0000,0,5,0.0000,0.0000,0.0000,0.0000,0.0000,等待台阶,1,0.0000,0.150,0.330
3049.562,SEEK_ROUNDABOUT,2.274,0,0.000,camera_timeout,0.0000,0.0000,0,,nan,nan,nan,nan,0.0000,0,nan,nan,nan,nan,0.0000,IDLE,0,0,waiting_detection,0,0,0.000,0,nan,nan,nan,0.0000,0,5,0.0000,0.0000,0.0000,0.0000,0.0000,等待台阶,1,0.0000,0.150,0.330
3049.630,SEEK_ROUNDABOUT,2.343,0,0.000,camera_timeout,0.0000,0.0000,0,,nan,nan,nan,nan,0.0000,0,nan,nan,nan,nan,0.0000,IDLE,0,0,waiting_detection,0,0,0.000,0,nan,nan,nan,0.0000,0,5,0.0000,0.0000,0.0000,0.0000,0.0000,等待台阶,1,0.0000,0.150,0.330
3049.695,SEEK_ROUNDABOUT,0.000,0,0.000,tracking,0.0507,-0.1080,1,line_center_tracking,0.1000,0.1000,0.1000,0.1000,0.4750,2,0.0000,0.0000,0.0000,0.1000,-0.1080,IDLE,0,0,step_zone_before_min seek=0.00<1.25,0,0,0.000,0,nan,nan,nan,0.0000,0,5,0.0000,0.0000,0.0000,0.0000,0.0000,等待台阶,1,0.0000,0.150,0.330
3049.866,SEEK_ROUNDABOUT,0.170,0,0.000,tracking,0.1013,-0.1039,1,line_center_tracking,0.0928,0.0963,0.0838,0.0362,0.9064,7,0.0125,0.0475,0.0600,0.0721,-0.1039,IDLE,0,0,step_zone_before_min seek=0.00<1.25,0,0,0.000,0,nan,nan,nan,0.0000,0,5,0.0000,0.0000,0.0000,0.0000,0.0000,等待台阶,1,0.0000,0.150,0.330
3049.945,SEEK_ROUNDABOUT,0.250,0,0.000,tracking,0.1315,-0.0993,1,line_center_tracking,0.0886,0.0929,0.0775,0.0113,0.9002,7,0.0154,0.0663,0.0816,0.0606,-0.0993,IDLE,0,0,step_zone_before_min seek=0.00<1.25,0,0,0.000,0,nan,nan,nan,0.0000,0,5,0.0000,0.0000,0.0000,0.0000,0.0000,等待台阶,1,0.0000,0.150,0.330
3050.031,SEEK_ROUNDABOUT,0.335,0,0.000,tracking,0.1641,-0.0990,1,line_center_tracking,0.0908,0.0977,0.0732,-0.0552,0.8852,7,0.0245,0.1284,0.1529,0.0385,-0.0990,IDLE,0,0,step_zone_before_min seek=0.00<1.25,0,0,0.000,0,nan,nan,nan,0.0000,0,5,0.0000,0.0000,0.0000,0.0000,0.0000,等待台阶,1,0.0000,0.150,0.330
3050.142,SEEK_ROUNDABOUT,0.446,0,0.000,tracking,0.1700,-0.1048,1,line_curve_center_riding,0.1013,0.1018,0.0934,-0.0638,0.9717,8,0.0084,0.1572,0.1656,0.0438,-0.1048,IDLE,0,0,step_zone_before_min seek=0.00<1.25,0,0,0.000,0,nan,nan,nan,0.0000,0,5,0.0000,0.0000,0.0000,0.0000,0.0000,等待台阶,1,0.0000,0.150,0.330
3050.473,SEEK_ROUNDABOUT,0.778,0,0.002,tracking,0.2207,-0.0720,1,line_center_tracking,0.0374,0.0400,0.0310,-0.1014,0.9757,8,0.0090,0.1324,0.1413,-0.0101,-0.0720,IDLE,0,0,step_zone_before_min seek=0.00<1.25,0,0,0.000,0,nan,nan,nan,0.0000,0,5,0.0000,0.0000,0.0000,0.0000,0.0000,等待台阶,1,0.0000,0.150,0.330
3050.672,SEEK_ROUNDABOUT,0.977,0,0.006,tracking,0.2360,-0.0375,1,line_center_tracking,0.0039,0.0064,-0.0026,-0.1053,0.9807,8,0.0090,0.1027,0.1117,-0.0338,-0.0375,IDLE,0,0,step_zone_before_min seek=0.00<1.25,0,0,0.000,0,nan,nan,nan,0.0000,0,5,0.0000,0.0000,0.0000,0.0000,0.0000,等待台阶,1,0.0000,0.150,0.330
3050.841,SEEK_ROUNDABOUT,1.146,0,0.007,tracking,0.2360,-0.0023,1,line_center_tracking,-0.0293,-0.0262,-0.0373,-0.1396,0.9807,8,0.0111,0.1023,0.1133,-0.0677,-0.0023,IDLE,0,0,step_zone_before_min seek=0.01<1.25,0,0,0.000,0,nan,nan,nan,0.0000,0,5,0.0000,0.0000,0.0000,0.0000,0.0000,等待台阶,1,0.0000,0.150,0.330
3051.009,SEEK_ROUNDABOUT,1.313,0,0.018,tracking,0.2341,0.0288,1,line_center_tracking,-0.0553,-0.0511,-0.0661,-0.1821,0.9784,8,0.0151,0.1160,0.1310,-0.0998,0.0288,IDLE,0,0,step_zone_before_min seek=0.01<1.25,0,0,0.000,0,nan,nan,nan,0.0000,0,5,0.0000,0.0000,0.0000,0.0000,0.0000,等待台阶,1,0.0000,0.150,0.330
3051.178,SEEK_ROUNDABOUT,1.483,0,0.034,tracking,0.2309,0.0432,1,line_center_tracking,-0.0545,-0.0498,-0.0665,-0.2062,0.9746,8,0.0167,0.1397,0.1564,-0.1075,0.0432,IDLE,0,0,step_zone_before_min seek=0.02<1.25,0,0,0.000,0,nan,nan,nan,0.0000,0,5,0.0000,0.0000,0.0000,0.0000,0.0000,等待台阶,1,0.0000,0.150,0.330
3051.350,SEEK_ROUNDABOUT,1.655,0,0.065,tracking,0.1802,0.0342,1,line_curve_center_riding,-0.0256,-0.0245,-0.0428,-0.2188,0.9689,8,0.0183,0.1760,0.1943,-0.0954,0.0342,IDLE,0,0,step_zone_before_min seek=0.03<1.25,0,0,0.000,0,nan,nan,nan,0.0000,0,5,0.0000,0.0000,0.0000,0.0000,0.0000,等待台阶,1,0.0000,0.150,0.330
3051.526,SEEK_ROUNDABOUT,1.831,0,0.106,tracking,0.1700,0.0171,1,line_curve_center_riding,-0.0009,0.0007,-0.0267,-0.2325,0.9649,8,0.0274,0.2058,0.2333,-0.0862,0.0171,IDLE,0,0,step_zone_before_min seek=0.07<1.25,0,0,0.000,0,nan,nan,nan,0.0000,0,5,0.0000,0.0000,0.0000,0.0000,0.0000,等待台阶,1,0.0000,0.150,0.330
3051.677,SEEK_ROUNDABOUT,1.982,0,0.148,tracking,0.1700,-0.0225,1,line_curve_center_riding,0.0541,0.0567,0.0146,-0.2622,0.9520,8,0.0420,0.2768,0.3188,-0.0636,-0.0225,IDLE,0,0,step_zone_before_min seek=0.11<1.25,0,0,0.000,0,nan,nan,nan,0.0000,0,5,0.0000,0.0000,0.0000,0.0000,0.0000,等待台阶,1,0.0000,0.150,0.330
3051.833,SEEK_ROUNDABOUT,2.137,0,0.203,tracking,0.1450,-0.0668,1,line_curve_center_riding,0.1014,0.1071,0.0119,-0.3241,0.8672,7,0.0951,0.3360,0.4312,-0.0684,-0.0668,IDLE,0,0,step_zone_before_min seek=0.15<1.25,0,0,0.000,0,nan,nan,nan,0.0000,0,5,0.0000,0.0000,0.0000,0.0000,0.0000,等待台阶,1,0.0000,0.150,0.330
3051.987,SEEK_ROUNDABOUT,2.291,0,0.260,tracking,0.1700,-0.0402,1,line_curve_center_riding,0.0193,0.0274,-0.1082,-0.2836,0.7867,6,0.1356,0.1754,0.3111,-0.1215,-0.0402,IDLE,0,0,step_zone_before_min seek=0.20<1.25,0,0,0.000,0,nan,nan,nan,0.0000,0,5,0.0000,0.0000,0.0000,0.0000,0.0000,等待台阶,1,0.0000,0.150,0.330
3052.132,SEEK_ROUNDABOUT,2.437,0,0.307,tracking,0.1700,-0.0005,1,line_curve_center_riding,-0.0331,-0.0219,-0.2089,-0.2616,0.7002,5,0.1869,0.0527,0.2397,-0.1641,-0.0005,IDLE,0,0,step_zone_before_min seek=0.26<1.25,0,0,0.000,0,nan,nan,nan,0.0000,0,5,0.0000,0.0000,0.0000,0.0000,0.0000,等待台阶,1,0.0000,0.150,0.330
3052.279,SEEK_ROUNDABOUT,2.584,0,0.357,tracking,0.1700,0.0239,1,line_curve_center_riding,-0.0453,-0.0301,-0.2826,-0.3311,0.6878,5,0.2525,0.0486,0.3010,-0.2146,0.0239,IDLE,0,0,step_zone_before_min seek=0.31<1.25,0,0,0.000,0,nan,nan,nan,0.0000,0,5,0.0000,0.0000,0.0000,0.0000,0.0000,等待台阶,1,0.0000,0.150,0.330
3052.418,SEEK_ROUNDABOUT,2.722,0,0.407,tracking,0.1450,0.0290,1,line_curve_center_riding,-0.0332,-0.0093,-0.4077,-0.4858,0.5528,4,0.3984,0.0781,0.4765,-0.3009,0.0290,IDLE,0,0,step_zone_before_min seek=0.36<1.25,0,0,0.000,0,nan,nan,nan,0.0000,0,5,0.0000,0.0000,0.0000,0.0000,0.0000,等待台阶,1,0.0000,0.150,0.330
3052.572,SEEK_ROUNDABOUT,2.877,0,0.481,tracking,0.1450,0.0910,1,line_curve_center_riding,-0.1355,-0.1156,-0.4460,-0.4460,0.5675,4,0.3304,0.0000,0.3304,-0.3359,0.0910,IDLE,0,0,step_zone_before_min seek=0.41<1.25,0,0,0.000,0,nan,nan,nan,0.0000,0,5,0.0000,0.0000,0.0000,0.0000,0.0000,等待台阶,1,0.0000,0.150,0.330
3052.736,SEEK_ROUNDABOUT,3.041,0,0.538,tracking,0.1700,0.2470,1,line_curve_center_riding,-0.3625,-0.3520,-0.5274,-0.5274,0.3853,2,0.1754,0.0000,0.1754,-0.4689,0.2470,IDLE,0,0,step_zone_before_min seek=0.48<1.25,0,0,0.000,0,nan,nan,nan,0.0000,0,5,0.0000,0.0000,0.0000,0.0000,0.0000,等待台阶,1,0.0000,0.150,0.330
3052.879,SEEK_ROUNDABOUT,3.184,0,0.581,tracking,0.1457,0.4058,1,line_center_tracking,-0.5150,-0.5046,-0.5417,-0.5417,0.3707,2,0.0371,0.0000,0.0371,-0.5293,0.4058,IDLE,0,0,step_zone_before_min seek=0.54<1.25,0,0,0.000,0,nan,nan,nan,0.0000,0,5,0.0000,0.0000,0.0000,0.0000,0.0000,等待台阶,1,0.0000,0.150,0.330
3053.021,SEEK_ROUNDABOUT,3.326,0,0.624,tracking,0.1050,0.5046,1,line_hard_turn_centering,-0.5608,-0.5573,-0.5920,-0.5920,0.3774,2,0.0347,0.0000,0.0347,-0.5805,0.5046,IDLE,0,0,step_zone_before_min seek=0.58<1.25,0,0,0.000,0,nan,nan,nan,0.0000,0,5,0.0000,0.0000,0.0000,0.0000,0.0000,等待台阶,1,0.0000,0.150,0.330
3053.171,SEEK_ROUNDABOUT,3.476,0,0.666,line_bridge_loss,0.0543,0.2018,0,line_too_few_bands,0.0000,0.0000,0.0000,0.0000,0.0000,1,0.0000,0.0000,0.0000,0.0000,0.2018,IDLE,0,0,step_zone_before_min seek=0.62<1.25,0,0,0.000,0,nan,nan,nan,0.0000,0,5,0.0000,0.0000,0.0000,0.0000,0.0000,等待台阶,1,0.0000,0.150,0.330
3053.303,SEEK_ROUNDABOUT,3.608,0,0.691,line_bridge_loss,0.0350,0.2018,0,line_too_few_bands,0.0000,0.0000,0.0000,0.0000,0.0000,1,0.0000,0.0000,0.0000,0.0000,0.2018,IDLE,0,0,step_zone_before_min seek=0.67<1.25,0,0,0.000,0,nan,nan,nan,0.0000,0,5,0.0000,0.0000,0.0000,0.0000,0.0000,等待台阶,1,0.0000,0.150,0.330
3053.455,SEEK_ROUNDABOUT,3.760,0,0.729,line_bridge_loss,0.0350,0.2018,0,line_too_few_bands,0.0000,0.0000,0.0000,0.0000,0.0000,1,0.0000,0.0000,0.0000,0.0000,0.2018,IDLE,0,0,step_zone_before_min seek=0.69<1.25,0,0,0.000,0,1.4200,nan,0.0484,0.8716,3,5,0.0000,0.0000,0.0000,0.0000,0.0000,等待台阶,1,0.0000,0.150,0.330
3053.585,SEEK_ROUNDABOUT,3.890,0,0.748,tracking,0.0846,0.4514,1,line_curve_center_riding,-0.3793,-0.3651,-0.6010,-0.6010,0.2922,2,0.2359,0.0000,0.2359,-0.5224,0.4514,IDLE,0,0,step_zone_before_min seek=0.73<1.25,0,0,0.000,1,1.5200,nan,0.0483,0.9504,6,5,0.0000,0.0000,0.0000,0.0000,0.0000,等待台阶,1,0.0000,0.150,0.330
3053.736,SEEK_ROUNDABOUT,4.040,0,0.768,line_bridge_loss,0.0350,0.1806,0,line_too_few_bands,0.0000,0.0000,0.0000,0.0000,0.0000,1,0.0000,0.0000,0.0000,0.0000,0.1806,IDLE,0,0,step_zone_before_min seek=0.75<1.25,0,0,0.000,1,1.4800,nan,0.0521,0.9444,9,5,0.0000,0.0000,0.0000,0.0000,0.0000,等待台阶,1,0.0000,0.150,0.330
3053.876,SEEK_ROUNDABOUT,4.180,0,0.787,tracking,0.0857,0.3937,1,line_curve_center_riding,-0.3116,-0.2969,-0.5410,-0.5410,0.2859,2,0.2440,0.0000,0.2440,-0.4596,0.3937,IDLE,0,0,step_zone_before_min seek=0.77<1.25,0,0,0.000,1,1.4200,nan,0.0474,0.9375,13,5,0.0000,0.0000,0.0000,0.0000,0.0000,等待台阶,1,0.0000,0.150,0.330
3054.015,SEEK_ROUNDABOUT,4.320,0,0.805,line_bridge_loss,0.0350,0.1575,0,line_too_few_bands,0.0000,0.0000,0.0000,0.0000,0.0000,0,0.0000,0.0000,0.0000,0.0000,0.1575,IDLE,0,0,step_zone_before_min seek=0.79<1.25,0,0,0.000,1,1.4700,nan,0.0492,0.9622,16,5,0.0000,0.0000,0.0000,0.0000,0.0000,等待台阶,1,0.0000,0.150,0.330
3054.156,SEEK_ROUNDABOUT,4.461,0,0.814,line_bridge_loss,0.0350,0.1575,0,line_too_few_bands,0.0000,0.0000,0.0000,0.0000,0.0000,1,0.0000,0.0000,0.0000,0.0000,0.1575,IDLE,0,0,step_zone_before_min seek=0.80<1.25,0,0,0.000,1,1.4800,nan,0.0502,0.9706,19,5,0.0000,0.0000,0.0000,0.0000,0.0000,等待台阶,1,0.0000,0.150,0.330
3054.295,SEEK_ROUNDABOUT,4.600,0,0.816,line_bridge_loss,0.0350,0.1575,0,line_too_few_bands,0.0000,0.0000,0.0000,0.0000,0.0000,0,0.0000,0.0000,0.0000,0.0000,0.1575,IDLE,0,0,step_zone_before_min seek=0.81<1.25,0,0,0.000,1,1.3700,nan,0.0484,0.9517,23,5,0.0000,0.0000,0.0000,0.0000,0.0000,等待台阶,1,0.0000,0.150,0.330
3054.434,SEEK_ROUNDABOUT,4.739,0,0.821,tracking,0.0857,0.2195,1,line_curve_center_riding,-0.0353,-0.0128,-0.3867,-0.3867,0.2826,2,0.3739,0.0000,0.3739,-0.2621,0.2195,IDLE,0,0,step_zone_before_min seek=0.82<1.25,0,0,0.000,1,1.3600,nan,0.0479,0.9441,26,5,0.0000,0.0000,0.0000,0.0000,0.0000,等待台阶,1,0.0000,0.150,0.330
3054.573,SEEK_ROUNDABOUT,4.878,0,0.827,tracking,0.1363,0.0712,1,line_recenter_transition,0.0564,0.0631,-0.2737,-0.2737,0.3017,2,0.3368,0.0000,0.3368,-0.1615,0.0712,IDLE,0,0,step_zone_before_min seek=0.82<1.25,0,0,0.000,1,1.3500,nan,0.0478,0.9432,30,5,0.0000,0.0000,0.0000,0.0000,0.0000,等待台阶,1,0.0000,0.150,0.330
3054.716,SEEK_ROUNDABOUT,5.021,0,0.837,tracking,0.1450,-0.0259,1,line_recenter_transition,0.1149,0.1242,-0.3405,-0.4296,0.4055,3,0.4647,0.0891,0.5538,-0.2153,-0.0259,IDLE,0,0,step_zone_before_min seek=0.83<1.25,0,0,0.000,1,1.3500,nan,0.0487,0.9560,33,5,0.0000,0.0000,0.0000,0.0000,0.0000,等待台阶,1,0.0000,0.150,0.330
3054.846,SEEK_ROUNDABOUT,5.151,0,0.848,line_bridge_loss,0.0956,-0.0104,0,line_too_few_bands,0.0000,0.0000,0.0000,0.0000,0.0000,1,0.0000,0.0000,0.0000,0.0000,-0.0104,IDLE,0,0,step_zone_before_min seek=0.84<1.25,0,0,0.000,1,1.3400,nan,0.0493,0.9645,37,5,0.0000,0.0000,0.0000,0.0000,0.0000,等待台阶,1,0.0000,0.150,0.330
3054.985,SEEK_ROUNDABOUT,5.290,0,0.865,tracking,0.1450,-0.1670,1,line_recenter_transition,0.2908,0.2989,-0.1070,-0.3664,0.5400,4,0.4059,0.2594,0.6652,-0.0582,-0.1670,IDLE,0,0,step_zone_before_min seek=0.85<1.25,0,0,0.000,1,1.5500,nan,0.0513,0.9313,40,5,0.0000,0.0000,0.0000,0.0000,0.0000,等待台阶,1,0.0000,0.150,0.330
3055.124,SEEK_ROUNDABOUT,5.429,0,0.893,tracking,0.1450,-0.2592,1,line_recenter_transition,0.3206,0.3284,-0.0610,-0.3984,0.5254,4,0.3894,0.3374,0.7268,-0.0437,-0.2592,IDLE,0,0,step_zone_before_min seek=0.87<1.25,0,0,0.000,1,1.3400,nan,0.0481,0.9483,45,5,0.0000,0.0000,0.0000,0.0000,0.0000,等待台阶,1,0.0000,0.150,0.330
3055.265,SEEK_ROUNDABOUT,5.569,0,0.910,tracking,0.1450,-0.2698,1,line_recenter_transition,0.2669,0.2736,-0.0623,-0.1126,0.4693,3,0.3358,0.0503,0.3862,0.0329,-0.2698,IDLE,0,0,step_zone_before_min seek=0.89<1.25,0,0,0.000,1,1.3300,nan,0.0498,0.9701,50,5,0.0000,0.0000,0.0000,0.0000,0.0000,等待台阶,1,0.0000,0.150,0.330
3055.407,SEEK_ROUNDABOUT,5.711,0,0.923,tracking,0.1450,-0.2584,1,line_recenter_transition,0.2320,0.2385,-0.0848,-0.1330,0.4725,3,0.3233,0.0482,0.3715,0.0069,-0.2584,IDLE,0,0,step_zone_before_min seek=0.91<1.25,0,0,0.000,1,1.3300,nan,0.0498,0.9686,55,5,0.0000,0.0000,0.0000,0.0000,0.0000,等待台阶,1,0.0000,0.150,0.330
3055.579,SEEK_ROUNDABOUT,5.884,0,0.928,tracking,0.1450,-0.2376,1,line_recenter_transition,0.2019,0.2094,-0.1648,-0.4957,0.5285,4,0.3743,0.3308,0.7051,-0.1504,-0.2376,IDLE,0,0,step_zone_before_min seek=0.92<1.25,0,0,0.000,0,1.3200,nan,0.0463,0.8764,2,5,0.0000,0.0000,0.0000,0.0000,0.0000,等待台阶,1,0.0000,0.150,0.330
3055.707,SEEK_ROUNDABOUT,6.012,0,0.930,tracking,0.1450,-0.1887,1,line_recenter_transition,0.1349,0.1430,-0.2618,-0.6317,0.5185,4,0.4048,0.3698,0.7747,-0.2502,-0.1887,IDLE,0,0,step_zone_before_min seek=0.93<1.25,0,0,0.000,0,nan,nan,nan,0.0000,0,5,0.0000,0.0000,0.0000,0.0000,0.0000,等待台阶,1,0.0000,0.150,0.330
3055.846,SEEK_ROUNDABOUT,6.150,0,0.935,tracking,0.1450,-0.0780,1,line_curve_center_riding,-0.0205,0.0021,-0.3749,-0.4282,0.4553,3,0.3770,0.0533,0.4304,-0.2670,-0.0780,IDLE,0,0,step_zone_before_min seek=0.93<1.25,0,0,0.000,0,nan,nan,nan,0.0000,0,5,0.0000,0.0000,0.0000,0.0000,0.0000,等待台阶,1,0.0000,0.150,0.330
3056.010,SEEK_ROUNDABOUT,6.315,0,0.950,tracking,0.1450,0.0196,1,line_curve_center_riding,-0.1090,-0.0798,-0.5674,-0.6656,0.5327,4,0.4877,0.0981,0.5858,-0.4376,0.0196,IDLE,0,0,step_zone_before_min seek=0.94<1.25,0,0,0.000,0,nan,nan,nan,0.0000,0,5,0.0000,0.0000,0.0000,0.0000,0.0000,等待台阶,1,0.0000,0.150,0.330
3056.136,SEEK_ROUNDABOUT,6.441,0,0.964,tracking,0.1450,0.1457,1,line_curve_center_riding,-0.2409,-0.2207,-0.5581,-0.5581,0.5609,4,0.3374,0.0000,0.3374,-0.4456,0.1457,IDLE,0,0,step_zone_before_min seek=0.95<1.25,0,0,0.000,0,nan,nan,nan,0.0000,0,5,0.0000,0.0000,0.0000,0.0000,0.0000,等待台阶,1,0.0000,0.150,0.330
3056.268,SEEK_ROUNDABOUT,6.573,0,0.985,tracking,0.1642,0.3235,1,line_curve_center_riding,-0.4519,-0.4415,-0.6162,-0.6162,0.4758,3,0.1747,0.0000,0.1747,-0.5579,0.3235,IDLE,0,0,step_zone_before_min seek=0.96<1.25,0,0,0.000,0,nan,nan,nan,0.0000,0,5,0.0000,0.0000,0.0000,0.0000,0.0000,等待台阶,1,0.0000,0.150,0.330
3056.395,SEEK_ROUNDABOUT,6.699,0,1.013,tracking,0.1360,0.4434,1,line_curve_center_riding,-0.5207,-0.5097,-0.6928,-0.6928,0.4680,3,0.1831,0.0000,0.1831,-0.6318,0.4434,IDLE,0,0,step_zone_before_min seek=0.99<1.25,0,0,0.000,0,nan,nan,nan,0.0000,0,5,0.0000,0.0000,0.0000,0.0000,0.0000,等待台阶,1,0.0000,0.150,0.330
3056.533,SEEK_ROUNDABOUT,6.838,0,1.045,tracking,0.1265,0.4804,1,line_curve_center_riding,-0.4875,-0.4720,-0.7302,-0.7302,0.4419,3,0.2582,0.0000,0.2582,-0.6441,0.4804,IDLE,0,0,step_zone_before_min seek=1.01<1.25,0,0,0.000,0,nan,nan,nan,0.0000,0,5,0.0000,0.0000,0.0000,0.0000,0.0000,等待台阶,1,0.0000,0.150,0.330
3056.669,SEEK_ROUNDABOUT,6.973,0,1.078,tracking,0.1050,0.5573,1,line_hard_turn_centering,-0.5815,-0.5787,-0.6070,-0.6070,0.3954,2,0.0283,0.0000,0.0283,-0.5975,0.5573,IDLE,0,0,step_zone_before_min seek=1.05<1.25,0,0,0.000,0,1.2800,nan,0.0402,0.7499,2,5,0.0000,0.0000,0.0000,0.0000,0.0000,等待台阶,1,0.0000,0.150,0.330
3056.813,SEEK_ROUNDABOUT,7.117,0,1.114,tracking,0.1050,0.5600,1,line_hard_turn_centering,-0.5477,-0.5452,-0.5698,-0.5698,0.4057,2,0.0246,0.0000,0.0246,-0.5616,0.5600,IDLE,0,0,step_zone_before_min seek=1.08<1.25,0,0,0.000,0,1.2800,nan,0.0455,0.7323,2,5,0.0000,0.0000,0.0000,0.0000,0.0000,等待台阶,1,0.0000,0.150,0.330
3056.954,SEEK_ROUNDABOUT,7.259,0,1.157,tracking,0.1050,0.5600,1,line_hard_turn_centering,-0.5880,-0.5842,-0.6226,-0.6226,0.3668,2,0.0385,0.0000,0.0385,-0.6098,0.5600,IDLE,0,0,step_zone_before_min seek=1.11<1.25,0,0,0.000,1,1.2500,nan,0.0430,0.8764,6,5,0.0000,0.0000,0.0000,0.0000,0.0000,等待台阶,1,0.0000,0.150,0.330
3057.089,SEEK_ROUNDABOUT,7.394,0,1.200,tracking,0.1050,0.5600,1,line_hard_turn_centering,-0.5286,-0.5250,-0.5611,-0.5611,0.3735,2,0.0361,0.0000,0.0361,-0.5491,0.5600,IDLE,0,0,step_zone_before_min seek=1.16<1.25,0,0,0.000,1,1.2000,nan,0.0478,0.9414,10,5,0.0000,0.0000,0.0000,0.0000,0.0000,等待台阶,1,0.0000,0.150,0.330
3057.230,SEEK_ROUNDABOUT,7.535,0,1.238,line_bridge_loss,0.0543,0.2267,0,line_too_few_bands,0.0000,0.0000,0.0000,0.0000,0.0000,1,0.0000,0.0000,0.0000,0.0000,0.2267,IDLE,0,0,step_zone_before_min seek=1.20<1.25,0,0,1.000,1,1.1400,1.1400,0.0499,0.9383,14,5,0.0000,0.0000,0.0000,0.0000,0.0000,等待台阶,1,0.0000,0.150,0.330
3057.358,SEEK_ROUNDABOUT,7.662,0,1.271,tracking,0.1027,0.4514,1,line_curve_center_riding,-0.2978,-0.2786,-0.5991,-0.5991,0.4486,3,0.3205,0.0000,0.3205,-0.4922,0.4514,IDLE,0,0,step_zone_before_min seek=1.24<1.25,0,0,0.400,1,1.2800,1.1400,0.0521,0.9451,18,5,0.0000,0.0000,0.0000,0.0000,0.0000,等待台阶,1,0.0000,0.150,0.330
3057.514,SEEK_ROUNDABOUT,7.818,0,1.302,tracking,0.1450,0.4005,1,line_curve_center_riding,-0.3229,-0.3048,-0.6062,-0.6062,0.5640,4,0.3014,0.0000,0.3014,-0.5057,0.4005,IDLE,0,0,candidate_fields_invalid,0,0,0.000,1,1.2200,1.1400,0.0539,0.9210,23,5,0.0000,0.0000,0.0000,0.0000,0.0000,等待台阶,1,0.0000,0.150,0.330
3057.669,SEEK_ROUNDABOUT,7.973,0,1.334,line_bridge_loss,0.0943,0.1602,0,line_too_few_bands,0.0000,0.0000,0.0000,0.0000,0.0000,0,0.0000,0.0000,0.0000,0.0000,0.1602,IDLE,0,0,candidate_fields_invalid,0,0,0.000,1,1.2100,1.1400,0.0548,0.9084,27,5,0.0000,0.0000,0.0000,0.0000,0.0000,等待台阶,1,0.0000,0.150,0.330
3057.804,SEEK_ROUNDABOUT,8.109,0,1.361,tracking,0.1450,0.3419,1,line_curve_center_riding,-0.2589,-0.2389,-0.5715,-0.6105,0.5781,4,0.3326,0.0390,0.3716,-0.4736,0.3419,IDLE,0,0,candidate_fields_invalid,0,0,0.000,0,nan,1.1400,nan,0.0000,0,5,0.0000,0.0000,0.0000,0.0000,0.0000,等待台阶,1,0.0000,0.150,0.330
3057.948,SEEK_ROUNDABOUT,8.252,0,1.388,tracking,0.1450,0.3085,1,line_curve_center_riding,-0.2560,-0.2385,-0.5300,-0.6434,0.7659,6,0.2915,0.1134,0.4049,-0.4706,0.3085,IDLE,0,0,candidate_evidence_wait 1.0/2.4,0,0,1.000,0,1.0500,1.0950,0.0455,0.9082,4,5,0.0000,0.0000,0.0000,0.0000,0.0000,等待台阶,1,0.0000,0.150,0.330
3058.085,SEEK_ROUNDABOUT,8.390,0,1.388,step_align_heading/course_events_frozen,0.0943,0.3400,1,line_curve_center_riding,-0.1799,-0.1622,-0.4573,-0.5794,0.7636,6,0.2951,0.1221,0.4173,-0.3996,0.3400,IDLE,0,1,step_confirmed_slow_align d=1.035,0,0,2.000,1,1.0200,1.0350,0.0465,0.9240,8,5,0.0000,0.0000,0.0000,0.0000,0.0000,等待台阶,1,0.0000,0.150,0.330
3058.226,SEEK_ROUNDABOUT,8.531,0,1.388,step_align_heading/course_events_frozen,0.0450,0.3400,1,line_curve_center_riding,-0.1346,-0.1174,-0.4037,-0.5075,0.7667,6,0.2863,0.1038,0.3900,-0.3429,0.3400,IDLE,0,1,step_confirmed_slow_align d=1.020,0,0,3.000,1,1.0100,1.0200,0.0467,0.9277,12,5,0.0000,0.0000,0.0000,0.0000,0.0000,等待台阶,1,0.0000,0.150,0.330
3058.363,SEEK_ROUNDABOUT,8.668,0,1.388,step_align_heading/course_events_frozen,0.0450,0.3400,1,line_curve_center_riding,-0.0853,-0.0691,-0.3403,-0.4560,0.7683,6,0.2713,0.1156,0.3869,-0.2885,0.3400,IDLE,0,1,step_confirmed_slow_align d=1.015,0,0,4.000,1,0.9900,1.0150,0.0469,0.9301,16,5,0.0000,0.0000,0.0000,0.0000,0.0000,等待台阶,1,0.0000,0.150,0.330
3058.513,SEEK_ROUNDABOUT,8.817,0,1.388,step_align_heading/course_events_frozen,0.0450,0.3400,1,line_curve_center_riding,-0.0618,-0.0469,-0.2945,-0.3857,0.7732,6,0.2476,0.0912,0.3388,-0.2424,0.3400,IDLE,0,1,step_confirmed_slow_align d=1.010,0,0,5.000,1,0.9800,1.0100,0.0469,0.9295,21,5,0.0000,0.0000,0.0000,0.0000,0.0000,等待台阶,1,0.0000,0.150,0.330
3058.655,SEEK_ROUNDABOUT,8.960,0,1.388,step_align_heading/course_events_frozen,0.0450,0.3400,1,line_curve_center_riding,-0.0015,0.0121,-0.2149,-0.3244,0.6878,5,0.2270,0.1095,0.3365,-0.1757,0.3400,IDLE,0,1,step_confirmed_slow_align d=0.990,0,0,6.000,1,0.9700,0.9900,0.0465,0.9251,25,5,0.0000,0.0000,0.0000,0.0000,0.0000,等待台阶,1,0.0000,0.150,0.330
3058.794,SEEK_ROUNDABOUT,9.099,0,1.388,step_align_heading/course_events_frozen,0.0450,0.3400,1,line_curve_center_riding,0.0662,0.0799,-0.1492,-0.2518,0.7758,6,0.2292,0.1026,0.3317,-0.1070,0.3400,IDLE,0,1,step_confirmed_slow_align d=0.980,0,0,6.000,1,0.9600,0.9800,0.0471,0.9330,28,5,0.0000,0.0000,0.0000,0.0000,0.0000,等待台阶,1,0.0000,0.150,0.330
3058.931,SEEK_ROUNDABOUT,9.236,0,1.388,step_align_heading/course_events_frozen,0.0450,0.2635,1,line_curve_center_riding,0.1815,0.1917,0.0217,-0.3831,0.7357,6,0.1700,0.4048,0.5748,-0.0565,0.2635,IDLE,0,1,step_confirmed_slow_align d=0.970,0,0,6.000,1,0.9600,0.9700,0.0479,0.9440,32,5,0.0000,0.0000,0.0000,0.0000,0.0000,等待台阶,1,0.0000,0.150,0.330
3059.070,SEEK_ROUNDABOUT,9.375,0,1.463,tracking,0.0957,-0.0699,1,line_curve_center_riding,0.2261,0.2399,0.0104,-0.0810,0.6902,5,0.2295,0.0914,0.3209,0.0564,-0.0699,IDLE,0,0,fixed_candidate_confirm 1/3,0,0,6.000,1,0.9500,0.9600,0.0472,0.9347,35,5,0.0000,0.0000,0.0000,0.0000,0.0000,等待台阶,1,0.0000,0.150,0.330
3059.213,SEEK_ROUNDABOUT,9.518,0,1.465,tracking,0.1463,-0.2575,1,line_curve_center_riding,0.2490,0.2608,0.0649,-0.0261,0.7829,6,0.1958,0.0910,0.2869,0.0999,-0.2575,IDLE,0,0,fixed_candidate_confirm 2/3,0,0,6.000,1,0.9500,0.9600,0.0477,0.9417,39,5,0.0000,0.0000,0.0000,0.0000,0.0000,等待台阶,1,0.0000,0.150,0.330
3059.361,SEEK_ROUNDABOUT,9.666,0,1.465,step_align_heading/course_events_frozen,0.0957,0.0759,1,line_curve_center_riding,0.3079,0.3208,0.1056,0.0225,0.7783,6,0.2152,0.0831,0.2983,0.1496,0.0759,IDLE,0,1,fixed_sprint_approach depth=0.950>0.715 center=+0.150 hd=0.215,1,0,6.000,1,0.9500,0.9500,0.0475,0.9386,42,5,0.0000,0.0000,0.0000,0.0000,0.0000,等待台阶,1,0.0000,0.150,0.330
3059.500,SEEK_ROUNDABOUT,9.804,0,1.465,step_align_heading/course_events_frozen,0.0450,0.2037,1,line_curve_center_riding,0.3196,0.3320,0.1260,-0.0860,0.8621,7,0.2060,0.2120,0.4180,0.1240,0.2037,IDLE,0,1,fixed_sprint_approach depth=0.950>0.715 center=+0.124 hd=0.206,1,0,6.000,1,0.9500,0.9500,0.0479,0.9441,45,5,0.0000,0.0000,0.0000,0.0000,0.0000,等待台阶,1,0.0000,0.150,0.330
3059.656,SEEK_ROUNDABOUT,9.960,0,1.465,step_align_heading/course_events_frozen,0.0450,0.2171,1,line_curve_center_riding,0.3285,0.3418,0.1197,-0.0478,0.8644,7,0.2221,0.1675,0.3896,0.1379,0.2171,IDLE,0,1,fixed_sprint_approach depth=0.950>0.715 center=+0.138 hd=0.222,1,0,6.000,1,0.9600,0.9500,0.0478,0.9436,49,5,0.0000,0.0000,0.0000,0.0000,0.0000,等待台阶,1,0.0000,0.150,0.330
3059.810,SEEK_ROUNDABOUT,10.115,0,1.465,step_align_heading/course_events_frozen,0.0450,0.1895,1,line_curve_center_riding,0.3808,0.3943,0.1692,0.0085,0.8659,7,0.2251,0.1607,0.3858,0.1906,0.1895,IDLE,0,1,fixed_sprint_approach depth=0.950>0.715 center=+0.191 hd=0.225,1,0,6.000,1,0.9700,0.9500,0.0493,0.9632,53,5,0.0000,0.0000,0.0000,0.0000,0.0000,等待台阶,1,0.0000,0.150,0.330
3059.950,SEEK_ROUNDABOUT,10.255,0,1.465,step_align_heading/course_events_frozen,0.0450,0.1558,1,line_curve_center_riding,0.4112,0.4242,0.2078,0.0494,0.8667,7,0.2164,0.1585,0.3748,0.2271,0.1558,IDLE,0,1,fixed_sprint_approach depth=0.960>0.715 center=+0.227 hd=0.216,1,0,6.000,1,0.9700,0.9600,0.0486,0.9543,56,5,0.0000,0.0000,0.0000,0.0000,0.0000,等待台阶,1,0.0000,0.150,0.330
3060.090,SEEK_ROUNDABOUT,10.395,0,1.465,step_align_heading/course_events_frozen,0.0450,0.1249,1,line_curve_center_riding,0.4365,0.4490,0.2408,0.0911,0.8687,7,0.2082,0.1497,0.3579,0.2603,0.1249,IDLE,0,1,fixed_sprint_approach depth=0.970>0.715 center=+0.260 hd=0.208,1,0,6.000,1,0.9700,0.9700,0.0471,0.9350,60,5,0.0000,0.0000,0.0000,0.0000,0.0000,等待台阶,1,0.0000,0.150,0.330
3060.228,SEEK_ROUNDABOUT,10.533,0,1.465,step_align_heading/course_events_frozen,0.0450,0.1129,1,line_curve_center_riding,0.4748,0.4878,0.2707,0.1423,0.8686,7,0.2171,0.1284,0.3455,0.3003,0.1129,IDLE,0,1,fixed_sprint_approach depth=0.970>0.715 center=+0.300 hd=0.217,1,0,6.000,1,0.9700,0.9700,0.0471,0.9331,63,5,0.0000,0.0000,0.0000,0.0000,0.0000,等待台阶,1,0.0000,0.150,0.330
3060.372,SEEK_ROUNDABOUT,10.676,0,1.465,step_align_heading/course_events_frozen,0.0450,0.0591,1,line_curve_center_riding,0.4565,0.4676,0.2824,0.2049,0.7835,6,0.1852,0.0774,0.2626,0.3183,0.0591,IDLE,0,1,fixed_sprint_approach depth=0.970>0.715 center=+0.318 hd=0.185,1,0,6.000,1,0.9800,0.9700,0.0468,0.9295,66,5,0.0000,0.0000,0.0000,0.0000,0.0000,等待台阶,1,0.0000,0.150,0.330
3060.518,SEEK_ROUNDABOUT,10.823,0,1.465,step_align_heading/course_events_frozen,0.0450,0.0588,1,line_curve_center_riding,0.5304,0.5428,0.3375,0.2118,0.7855,6,0.2053,0.1256,0.3309,0.3640,0.0588,IDLE,0,1,fixed_sprint_approach depth=0.970>0.715 center=+0.364 hd=0.205,1,0,6.000,1,0.9700,0.9700,0.0470,0.9316,70,5,0.0000,0.0000,0.0000,0.0000,0.0000,等待台阶,1,0.0000,0.150,0.330
3060.654,SEEK_ROUNDABOUT,10.959,0,1.465,step_align_heading/course_events_frozen,0.0450,-0.0176,1,line_curve_center_riding,0.5000,0.5088,0.3622,0.2066,0.8806,7,0.1466,0.1556,0.3023,0.3592,-0.0176,IDLE,0,1,fixed_sprint_approach depth=0.970>0.715 center=+0.359 hd=0.147,1,0,6.000,1,0.9700,0.9700,0.0471,0.9329,73,5,0.0000,0.0000,0.0000,0.0000,0.0000,等待台阶,1,0.0000,0.150,0.330
3060.786,SEEK_ROUNDABOUT,11.091,0,1.465,step_align_heading/course_events_frozen,0.0450,-0.0008,1,line_curve_center_riding,0.4950,0.5048,0.3413,0.2610,0.7897,6,0.1634,0.0803,0.2438,0.3690,-0.0008,IDLE,0,1,fixed_sprint_approach depth=0.970>0.715 center=+0.369 hd=0.163,1,0,6.000,1,0.9700,0.9700,0.0468,0.9295,75,5,0.0000,0.0000,0.0000,0.0000,0.0000,等待台阶,1,0.0000,0.150,0.330
3060.926,SEEK_ROUNDABOUT,11.230,0,1.465,step_align_heading/course_events_frozen,0.0450,0.0100,1,line_curve_center_riding,0.6414,0.6519,0.4770,0.0016,0.8332,7,0.1749,0.4755,0.6503,0.3768,0.0100,IDLE,0,1,fixed_sprint_approach depth=0.970>0.715 center=+0.377 hd=0.175,1,0,6.000,1,0.9600,0.9700,0.0477,0.9407,78,5,0.0000,0.0000,0.0000,0.0000,0.0000,等待台阶,1,0.0000,0.150,0.330
3061.065,SEEK_ROUNDABOUT,11.370,0,1.465,step_align_heading/course_events_frozen,0.0450,0.0143,1,line_curve_center_riding,0.5075,0.5182,0.3407,0.2679,0.7865,6,0.1775,0.0728,0.2503,0.3756,0.0143,IDLE,0,1,fixed_sprint_approach depth=0.970>0.715 center=+0.376 hd=0.177,1,0,6.000,1,0.9500,0.9700,0.0478,0.9423,81,5,0.0000,0.0000,0.0000,0.0000,0.0000,等待台阶,1,0.0000,0.150,0.330
3061.211,SEEK_ROUNDABOUT,11.515,0,1.465,step_align_heading/course_events_frozen,0.0450,-0.0032,1,line_curve_center_riding,0.4533,0.4622,0.3143,0.2377,0.7934,6,0.1479,0.0766,0.2245,0.3381,-0.0032,IDLE,0,1,fixed_sprint_approach depth=0.960>0.715 center=+0.338 hd=0.148,1,0,6.000,1,0.9400,0.9600,0.0474,0.9366,84,5,0.0000,0.0000,0.0000,0.0000,0.0000,等待台阶,1,0.0000,0.150,0.330
3061.350,SEEK_ROUNDABOUT,11.655,0,1.465,step_align_heading/course_events_frozen,0.0450,-0.0942,1,line_curve_center_riding,0.5574,0.5629,0.4714,0.0541,0.7405,6,0.0915,0.4173,0.5087,0.3628,-0.0942,IDLE,0,1,fixed_sprint_approach depth=0.950>0.715 center=+0.363 hd=0.091,1,0,6.000,1,0.9300,0.9500,0.0490,0.9567,87,5,0.0000,0.0000,0.0000,0.0000,0.0000,等待台阶,1,0.0000,0.150,0.330
3061.482,SEEK_ROUNDABOUT,11.787,0,1.465,step_align_heading/course_events_frozen,0.0450,0.0089,1,line_curve_center_riding,0.4704,0.4803,0.3166,0.2631,0.7911,6,0.1636,0.0535,0.2172,0.3533,0.0089,IDLE,0,1,fixed_sprint_approach depth=0.940>0.715 center=+0.353 hd=0.164,1,0,6.000,1,0.9200,0.9400,0.0497,0.9666,90,5,0.0000,0.0000,0.0000,0.0000,0.0000,等待台阶,1,0.0000,0.150,0.330
3061.920,SEEK_ROUNDABOUT,12.225,0,1.465,step_align_heading/course_events_frozen,0.0450,0.0323,1,line_curve_center_riding,0.4309,0.4409,0.2734,0.2547,0.6999,5,0.1675,0.0187,0.1862,0.3230,0.0323,IDLE,0,1,fixed_sprint_approach depth=0.925>0.715 center=+0.323 hd=0.167,1,0,6.000,1,0.8700,0.9250,0.0497,0.9678,100,5,0.0000,0.0000,0.0000,0.0000,0.0000,等待台阶,1,0.0000,0.150,0.330
3062.084,SEEK_ROUNDABOUT,12.389,0,1.465,step_align_heading/course_events_frozen,0.0450,-0.0196,1,line_center_tracking,0.2730,0.2979,0.2088,0.1926,0.5296,3,0.0891,0.0162,0.1053,0.2331,-0.0196,IDLE,0,1,fixed_sprint_approach depth=0.895>0.715 center=+0.233 hd=0.089,1,0,6.000,1,0.8500,0.8950,0.0497,0.9683,103,5,0.0000,0.0000,0.0000,0.0000,0.0000,等待台阶,1,0.0000,0.150,0.330
3062.222,SEEK_ROUNDABOUT,12.526,0,1.465,step_align_heading/course_events_frozen,0.0450,0.0088,1,line_curve_center_riding,0.3635,0.3714,0.2406,0.2271,0.7145,5,0.1308,0.0134,0.1442,0.2797,0.0088,IDLE,0,1,fixed_sprint_approach depth=0.860>0.715 center=+0.280 hd=0.131,1,0,6.000,1,0.8400,0.8600,0.0492,0.9610,106,5,0.0000,0.0000,0.0000,0.0000,0.0000,等待台阶,1,0.0000,0.150,0.330
3062.359,SEEK_ROUNDABOUT,12.663,0,1.465,step_align_heading/course_events_frozen,0.0450,0.0003,1,line_curve_center_riding,0.3413,0.3485,0.2282,0.2336,0.7130,5,0.1203,0.0053,0.1149,0.2701,0.0003,IDLE,0,1,fixed_sprint_approach depth=0.845>0.715 center=+0.270 hd=0.120,1,0,6.000,1,0.8200,0.8450,0.0494,0.9642,109,5,0.0000,0.0000,0.0000,0.0000,0.0000,等待台阶,1,0.0000,0.150,0.330
3062.505,SEEK_ROUNDABOUT,12.810,0,1.465,step_align_heading/course_events_frozen,0.0450,-0.1063,1,line_curve_center_riding,0.3874,0.3933,0.2942,0.5132,0.7689,6,0.0991,0.2190,0.1199,0.4003,-0.1063,IDLE,0,1,fixed_sprint_approach depth=0.840>0.715 center=+0.400 hd=0.099,1,0,6.000,1,0.8100,0.8400,0.0505,0.9662,112,5,0.0000,0.0000,0.0000,0.0000,0.0000,等待台阶,1,0.0000,0.150,0.330
3062.641,SEEK_ROUNDABOUT,12.946,0,1.465,step_align_heading/course_events_frozen,0.0450,-0.0909,1,line_curve_center_riding,0.3699,0.3759,0.2766,0.4720,0.7719,6,0.0992,0.1954,0.0962,0.3748,-0.0909,IDLE,0,1,fixed_sprint_approach depth=0.820>0.715 center=+0.375 hd=0.099,1,0,6.000,1,0.8000,0.8200,0.0499,0.9716,115,5,0.0000,0.0000,0.0000,0.0000,0.0000,等待台阶,1,0.0000,0.150,0.330
3062.791,SEEK_ROUNDABOUT,13.096,0,1.465,step_align_slow/course_events_frozen,0.0300,0.0509,1,line_curve_center_riding,0.3691,0.3785,0.2216,0.2038,0.7036,5,0.1568,0.0178,0.1746,0.2680,0.0509,IDLE,0,1,fixed_sprint_approach depth=0.810>0.715 center=+0.268 hd=0.157,1,0,6.000,1,0.7900,0.8100,0.0497,0.9693,118,5,0.0000,0.0000,0.0000,0.0000,0.0000,等待台阶,1,0.0000,0.150,0.330
3062.933,SEEK_ROUNDABOUT,13.237,0,1.465,step_align_slow/course_events_frozen,0.0300,-0.1069,1,line_curve_center_riding,0.3599,0.3653,0.2752,0.5028,0.7688,6,0.0902,0.2277,0.1375,0.3811,-0.1069,IDLE,0,1,fixed_sprint_approach depth=0.800>0.715 center=+0.381 hd=0.090,1,0,6.000,1,0.7800,0.8000,0.0492,0.9625,121,5,0.0000,0.0000,0.0000,0.0000,0.0000,等待台阶,1,0.0000,0.150,0.330
3063.068,SEEK_ROUNDABOUT,13.372,0,1.465,step_align_slow/course_events_frozen,0.0300,0.2264,1,line_curve_center_riding,0.5176,0.5360,0.2298,-0.3117,0.6419,5,0.3062,0.5414,0.8477,0.1514,0.2264,IDLE,0,1,fixed_sprint_approach depth=0.790>0.715 center=+0.151 hd=0.306,1,0,6.000,1,0.7700,0.7900,0.0498,0.9715,124,5,0.0000,0.0000,0.0000,0.0000,0.0000,等待台阶,1,0.0000,0.150,0.330
3063.202,SEEK_ROUNDABOUT,13.506,0,1.465,step_align_slow/course_events_frozen,0.0300,0.2307,1,line_curve_center_riding,0.5019,0.5166,0.2721,-0.2923,0.7382,6,0.2444,0.5644,0.8088,0.1655,0.2307,IDLE,0,1,fixed_sprint_approach depth=0.780>0.715 center=+0.165 hd=0.244,1,0,6.000,1,0.7700,0.7800,0.0492,0.9618,126,5,0.0000,0.0000,0.0000,0.0000,0.0000,等待台阶,1,0.0000,0.150,0.330
3063.337,SEEK_ROUNDABOUT,13.642,0,1.465,step_align_slow/course_events_frozen,0.0300,-0.1026,1,line_curve_center_riding,0.3698,0.3753,0.2835,0.5240,0.7669,6,0.0917,0.2405,0.1487,0.3943,-0.1026,IDLE,0,1,fixed_sprint_approach depth=0.770>0.715 center=+0.394 hd=0.092,1,0,6.000,1,0.7700,0.7700,0.0499,0.9720,129,5,0.0000,0.0000,0.0000,0.0000,0.0000,等待台阶,1,0.0000,0.150,0.330
3063.473,SEEK_ROUNDABOUT,13.778,0,1.465,step_align_slow/course_events_frozen,0.0300,-0.1859,1,line_curve_center_riding,0.4153,0.4191,0.3553,0.5859,0.6840,5,0.0638,0.2306,0.1668,0.4534,-0.1859,IDLE,0,1,fixed_sprint_approach depth=0.770>0.715 center=+0.453 hd=0.064,1,0,6.000,1,0.7700,0.7700,0.0496,0.9670,132,5,0.0000,0.0000,0.0000,0.0000,0.0000,等待台阶,1,0.0000,0.150,0.330
3063.634,SEEK_ROUNDABOUT,13.938,0,1.465,step_align_slow/course_events_frozen,0.0300,0.0145,1,line_curve_center_riding,0.3488,0.3565,0.2286,0.2055,0.6197,4,0.1279,0.0231,0.1510,0.2635,0.0145,IDLE,0,1,fixed_sprint_approach depth=0.770>0.715 center=+0.264 hd=0.128,1,0,6.000,1,0.7700,0.7700,0.0504,0.9680,135,5,0.0000,0.0000,0.0000,0.0000,0.0000,等待台阶,1,0.0000,0.150,0.330
3063.787,SEEK_ROUNDABOUT,14.091,0,1.465,step_align_slow/course_events_frozen,0.0300,0.0567,1,line_curve_center_riding,0.3582,0.3675,0.2115,0.1909,0.6154,4,0.1560,0.0206,0.1767,0.2566,0.0567,IDLE,0,1,fixed_sprint_approach depth=0.770>0.715 center=+0.257 hd=0.156,1,0,6.000,1,0.7700,0.7700,0.0493,0.9636,139,5,0.0000,0.0000,0.0000,0.0000,0.0000,等待台阶,1,0.0000,0.150,0.330
3063.923,SEEK_ROUNDABOUT,14.228,0,1.465,step_align_slow/course_events_frozen,0.0300,0.1229,1,line_curve_center_riding,0.5023,0.5144,0.3122,-0.0767,0.8290,7,0.2021,0.3889,0.5910,0.2500,0.1229,IDLE,0,1,fixed_sprint_approach depth=0.770>0.715 center=+0.250 hd=0.202,1,0,6.000,1,0.7700,0.7700,0.0497,0.9695,141,5,0.0000,0.0000,0.0000,0.0000,0.0000,等待台阶,1,0.0000,0.150,0.330
3064.057,SEEK_ROUNDABOUT,14.362,0,1.465,step_align_slow/course_events_frozen,0.0300,0.1193,1,line_curve_center_riding,0.5099,0.5220,0.3211,-0.0838,0.8281,7,0.2009,0.4049,0.6058,0.2531,0.1193,IDLE,0,1,fixed_sprint_approach depth=0.770>0.715 center=+0.253 hd=0.201,1,0,6.000,1,0.7800,0.7700,0.0491,0.9609,144,5,0.0000,0.0000,0.0000,0.0000,0.0000,等待台阶,1,0.0000,0.150,0.330
3064.194,SEEK_ROUNDABOUT,14.499,0,1.465,step_align_slow/course_events_frozen,0.0300,0.0507,1,line_curve_center_riding,0.4095,0.4198,0.2491,0.2303,0.7010,5,0.1707,0.0188,0.1895,0.2997,0.0507,IDLE,0,1,fixed_sprint_approach depth=0.770>0.715 center=+0.300 hd=0.171,1,0,6.000,1,0.7800,0.7700,0.0488,0.9566,147,5,0.0000,0.0000,0.0000,0.0000,0.0000,等待台阶,1,0.0000,0.150,0.330
3064.329,SEEK_ROUNDABOUT,14.633,0,1.465,step_align_slow/course_events_frozen,0.0300,0.0340,1,line_curve_center_riding,0.4530,0.4636,0.2874,0.2685,0.6123,4,0.1762,0.0189,0.1951,0.3398,0.0340,IDLE,0,1,fixed_sprint_approach depth=0.780>0.715 center=+0.340 hd=0.176,1,0,6.000,1,0.7900,0.7800,0.0490,0.9597,150,5,0.0000,0.0000,0.0000,0.0000,0.0000,等待台阶,1,0.0000,0.150,0.330
3064.469,SEEK_ROUNDABOUT,14.774,0,1.465,step_align_slow/course_events_frozen,0.0300,-0.0475,1,line_center_tracking,0.3633,0.3961,0.2790,0.3524,0.8733,7,0.1170,0.0734,0.0437,0.3425,-0.0475,IDLE,0,1,fixed_sprint_approach depth=0.780>0.715 center=+0.343 hd=0.117,1,0,6.000,1,0.8000,0.7800,0.0506,0.9646,153,5,0.0000,0.0000,0.0000,0.0000,0.0000,等待台阶,1,0.0000,0.150,0.330
3064.616,SEEK_ROUNDABOUT,14.920,0,1.465,step_align_slow/course_events_frozen,0.0300,0.0399,1,line_curve_center_riding,0.6003,0.6113,0.4278,0.0006,0.6434,5,0.1836,0.4272,0.6107,0.3466,0.0399,IDLE,0,1,fixed_sprint_approach depth=0.790>0.715 center=+0.347 hd=0.184,1,0,6.000,1,0.8000,0.7900,0.0499,0.9704,156,5,0.0000,0.0000,0.0000,0.0000,0.0000,等待台阶,1,0.0000,0.150,0.330
3064.754,SEEK_ROUNDABOUT,15.058,0,1.465,step_align_slow/course_events_frozen,0.0300,0.0089,1,line_curve_center_riding,0.4885,0.4989,0.3248,0.3074,0.6132,4,0.1742,0.0174,0.1915,0.3770,0.0089,IDLE,0,1,fixed_sprint_approach depth=0.800>0.715 center=+0.377 hd=0.174,1,0,6.000,1,0.8100,0.8000,0.0491,0.9604,159,5,0.0000,0.0000,0.0000,0.0000,0.0000,等待台阶,1,0.0000,0.150,0.330
3064.886,SEEK_ROUNDABOUT,15.190,0,1.465,step_align_slow/course_events_frozen,0.0300,0.0048,1,line_curve_center_riding,0.4767,0.4865,0.3244,0.2589,0.7907,6,0.1621,0.0655,0.2276,0.3566,0.0048,IDLE,0,1,fixed_sprint_approach depth=0.800>0.715 center=+0.357 hd=0.162,1,0,6.000,1,0.8100,0.8000,0.0497,0.9679,162,5,0.0000,0.0000,0.0000,0.0000,0.0000,等待台阶,1,0.0000,0.150,0.330
3065.018,SEEK_ROUNDABOUT,15.323,0,1.465,step_align_slow/course_events_frozen,0.0300,-0.0030,1,line_curve_center_riding,0.4822,0.4921,0.3269,0.3111,0.6078,4,0.1652,0.0159,0.1811,0.3767,-0.0030,IDLE,0,1,fixed_sprint_approach depth=0.810>0.715 center=+0.377 hd=0.165,1,0,6.000,1,0.8200,0.8100,0.0499,0.9713,164,5,0.0000,0.0000,0.0000,0.0000,0.0000,等待台阶,1,0.0000,0.150,0.330
3065.154,SEEK_ROUNDABOUT,15.459,0,1.465,step_align_slow/course_events_frozen,0.0300,0.0020,1,line_curve_center_riding,0.4922,0.5024,0.3312,0.3124,0.6990,5,0.1712,0.0188,0.1900,0.3820,0.0020,IDLE,0,1,fixed_sprint_approach depth=0.810>0.715 center=+0.382 hd=0.171,1,0,6.000,1,0.8200,0.8100,0.0495,0.9656,167,5,0.0000,0.0000,0.0000,0.0000,0.0000,等待台阶,1,0.0000,0.150,0.330
3065.301,SEEK_ROUNDABOUT,15.605,0,1.465,step_align_heading/course_events_frozen,0.0450,0.0108,1,line_curve_center_riding,0.4965,0.5068,0.3348,0.2656,0.7880,6,0.1720,0.0692,0.2412,0.3691,0.0108,IDLE,0,1,fixed_sprint_approach depth=0.820>0.715 center=+0.369 hd=0.172,1,0,6.000,1,0.8300,0.8200,0.0499,0.9700,170,5,0.0000,0.0000,0.0000,0.0000,0.0000,等待台阶,1,0.0000,0.150,0.330
3065.435,SEEK_ROUNDABOUT,15.739,0,1.465,step_align_heading/course_events_frozen,0.0450,0.0033,1,line_curve_center_riding,0.4775,0.4871,0.3266,0.2534,0.7904,6,0.1605,0.0732,0.2337,0.3557,0.0033,IDLE,0,1,fixed_sprint_approach depth=0.820>0.715 center=+0.356 hd=0.161,1,0,6.000,1,0.8300,0.8200,0.0497,0.9683,173,5,0.0000,0.0000,0.0000,0.0000,0.0000,等待台阶,1,0.0000,0.150,0.330
3065.581,SEEK_ROUNDABOUT,15.885,0,1.465,step_align_heading/course_events_frozen,0.0450,0.0029,1,line_curve_center_riding,0.4709,0.4804,0.3218,0.2537,0.7912,6,0.1586,0.0681,0.2268,0.3520,0.0029,IDLE,0,1,fixed_sprint_approach depth=0.830>0.715 center=+0.352 hd=0.159,1,0,6.000,1,0.8300,0.8300,0.0498,0.9690,176,5,0.0000,0.0000,0.0000,0.0000,0.0000,等待台阶,1,0.0000,0.150,0.330
3065.718,SEEK_ROUNDABOUT,16.022,0,1.465,step_align_heading/course_events_frozen,0.0450,-0.0010,1,line_curve_center_riding,0.4674,0.4770,0.3161,0.2984,0.6155,4,0.1610,0.0177,0.1786,0.3638,-0.0010,IDLE,0,1,fixed_sprint_approach depth=0.830>0.715 center=+0.364 hd=0.161,1,0,6.000,1,0.8300,0.8300,0.0492,0.9600,179,5,0.0000,0.0000,0.0000,0.0000,0.0000,等待台阶,1,0.0000,0.150,0.330
3065.850,SEEK_ROUNDABOUT,16.155,0,1.465,step_align_heading/course_events_frozen,0.0450,0.0040,1,line_curve_center_riding,0.5897,0.6001,0.4269,0.1223,0.8541,7,0.1732,0.3045,0.4777,0.3831,0.0040,IDLE,0,1,fixed_sprint_approach depth=0.830>0.715 center=+0.383 hd=0.173,1,0,6.000,1,0.8300,0.8300,0.0501,0.9705,182,5,0.0000,0.0000,0.0000,0.0000,0.0000,等待台阶,1,0.0000,0.150,0.330
3065.992,SEEK_ROUNDABOUT,16.296,0,1.465,step_align_heading/course_events_frozen,0.0450,-0.0721,1,line_curve_center_riding,0.4944,0.4998,0.4107,0.0513,0.5768,4,0.0891,0.3593,0.4484,0.3206,-0.0721,IDLE,0,1,fixed_sprint_approach depth=0.830>0.715 center=+0.321 hd=0.089,1,0,6.000,1,0.8200,0.8300,0.0507,0.9615,185,5,0.0000,0.0000,0.0000,0.0000,0.0000,等待台阶,1,0.0000,0.150,0.330
3066.129,SEEK_ROUNDABOUT,16.434,0,1.465,step_align_heading/course_events_frozen,0.0450,0.0636,1,line_curve_center_riding,0.5904,0.6022,0.4061,-0.0026,0.8279,7,0.1961,0.4087,0.6048,0.3352,0.0636,IDLE,0,1,fixed_sprint_approach depth=0.830>0.715 center=+0.335 hd=0.196,1,0,6.000,1,0.8200,0.8300,0.0497,0.9668,187,5,0.0000,0.0000,0.0000,0.0000,0.0000,等待台阶,1,0.0000,0.150,0.330
3066.282,SEEK_ROUNDABOUT,16.586,0,1.465,step_align_heading/course_events_frozen,0.0450,0.0025,1,line_curve_center_riding,0.5289,0.5370,0.4021,-0.0409,0.6472,5,0.1349,0.4430,0.5779,0.2994,0.0025,IDLE,0,1,fixed_sprint_approach depth=0.820>0.715 center=+0.299 hd=0.135,1,0,6.000,1,0.8100,0.8200,0.0494,0.9643,191,5,0.0000,0.0000,0.0000,0.0000,0.0000,等待台阶,1,0.0000,0.150,0.330
3066.412,SEEK_ROUNDABOUT,16.717,0,1.465,step_align_heading/course_events_frozen,0.0450,0.0236,1,line_curve_center_riding,0.4357,0.4452,0.2872,0.2166,0.7068,5,0.1581,0.0706,0.2287,0.3163,0.0236,IDLE,0,1,fixed_sprint_approach depth=0.820>0.715 center=+0.316 hd=0.158,1,0,6.000,1,0.8100,0.8200,0.0497,0.9682,193,5,0.0000,0.0000,0.0000,0.0000,0.0000,等待台阶,1,0.0000,0.150,0.330
3066.551,SEEK_ROUNDABOUT,16.855,0,1.465,step_align_slow/course_events_frozen,0.0300,-0.0104,1,line_curve_center_riding,0.4024,0.4102,0.2799,0.2409,0.7070,5,0.1303,0.0390,0.1693,0.3104,-0.0104,IDLE,0,1,fixed_sprint_approach depth=0.810>0.715 center=+0.310 hd=0.130,1,0,6.000,1,0.8000,0.8100,0.0491,0.9594,196,5,0.0000,0.0000,0.0000,0.0000,0.0000,等待台阶,1,0.0000,0.150,0.330
3066.697,SEEK_ROUNDABOUT,17.002,0,1.465,step_align_slow/course_events_frozen,0.0300,-0.1446,1,line_curve_center_riding,0.4181,0.4233,0.3364,0.5504,0.7715,6,0.0869,0.2140,0.1271,0.4367,-0.1446,IDLE,0,1,fixed_sprint_approach depth=0.810>0.715 center=+0.437 hd=0.087,1,0,6.000,1,0.7900,0.8100,0.0496,0.9667,199,5,0.0000,0.0000,0.0000,0.0000,0.0000,等待台阶,1,0.0000,0.150,0.330
3066.828,SEEK_ROUNDABOUT,17.133,0,1.465,step_align_slow/course_events_frozen,0.0300,0.0071,1,line_curve_center_riding,0.4056,0.4142,0.2699,0.2548,0.7064,5,0.1444,0.0151,0.1595,0.3130,0.0071,IDLE,0,1,fixed_sprint_approach depth=0.800>0.715 center=+0.313 hd=0.144,1,0,6.000,1,0.7800,0.8000,0.0493,0.9622,202,5,0.0000,0.0000,0.0000,0.0000,0.0000,等待台阶,1,0.0000,0.150,0.330
3066.965,SEEK_ROUNDABOUT,17.270,0,1.465,step_align_slow/course_events_frozen,0.0300,0.1616,1,line_curve_center_riding,0.5440,0.5571,0.3400,-0.2401,0.8241,7,0.2171,0.5801,0.7972,0.2190,0.1616,IDLE,0,1,fixed_sprint_approach depth=0.790>0.715 center=+0.219 hd=0.217,1,0,6.000,1,0.7700,0.7900,0.0508,0.9609,205,5,0.0000,0.0000,0.0000,0.0000,0.0000,等待台阶,1,0.0000,0.150,0.330
3067.105,SEEK_ROUNDABOUT,17.409,0,1.465,step_align_slow/course_events_frozen,0.0300,0.0383,1,line_curve_center_riding,0.3530,0.3614,0.2215,0.1702,0.7039,5,0.1400,0.0513,0.1913,0.2510,0.0383,IDLE,0,1,fixed_sprint_approach depth=0.780>0.715 center=+0.251 hd=0.140,1,0,6.000,1,0.7600,0.7800,0.0493,0.9623,208,5,0.0000,0.0000,0.0000,0.0000,0.0000,等待台阶,1,0.0000,0.150,0.330
3067.239,SEEK_ROUNDABOUT,17.544,0,1.465,step_align_slow/course_events_frozen,0.0300,-0.0206,1,line_center_tracking,0.3216,0.3516,0.2447,0.2285,0.6283,4,0.1069,0.0162,0.1231,0.2749,-0.0206,IDLE,0,1,fixed_sprint_approach depth=0.770>0.715 center=+0.275 hd=0.107,1,0,6.000,1,0.7400,0.7700,0.0489,0.9577,210,5,0.0000,0.0000,0.0000,0.0000,0.0000,等待台阶,1,0.0000,0.150,0.330
3067.380,SEEK_ROUNDABOUT,17.685,0,1.465,step_align_slow/course_events_frozen,0.0300,-0.2912,1,line_curve_center_riding,0.4772,0.4795,0.4410,0.7959,0.7512,6,0.0386,0.3549,0.3163,0.5721,-0.2912,IDLE,0,1,fixed_sprint_approach depth=0.760>0.715 center=+0.572 hd=0.039,1,0,6.000,1,0.7300,0.7600,0.0496,0.9666,213,5,0.0000,0.0000,0.0000,0.0000,0.0000,等待台阶,1,0.0000,0.150,0.330
3067.513,SEEK_ROUNDABOUT,17.818,0,1.465,step_align_slow/course_events_frozen,0.0300,-0.2814,1,line_curve_center_riding,0.4434,0.4449,0.4203,0.7077,0.6823,5,0.0246,0.2874,0.2628,0.5243,-0.2814,IDLE,0,1,fixed_sprint_approach depth=0.740>0.715 center=+0.524 hd=0.025,1,0,6.000,1,0.7200,0.7400,0.0503,0.9686,216,5,0.0000,0.0000,0.0000,0.0000,0.0000,等待台阶,1,0.0000,0.150,0.330
3067.667,SEEK_ROUNDABOUT,17.972,0,1.465,step_align_creep/course_events_frozen,0.0150,0.0520,1,line_curve_center_riding,0.3172,0.3259,0.1802,0.1616,0.7063,5,0.1457,0.0186,0.1643,0.2226,0.0520,IDLE,0,1,fixed_sprint_approach depth=0.730>0.715 center=+0.223 hd=0.146,1,0,6.000,1,0.7100,0.7300,0.0482,0.9471,219,5,0.0000,0.0000,0.0000,0.0000,0.0000,等待台阶,1,0.0000,0.150,0.330
3067.836,SEEK_ROUNDABOUT,18.141,0,1.465,step_align_creep/course_events_frozen,0.0150,-0.0040,1,line_center_tracking,0.1929,0.2126,0.1420,0.1420,0.5305,3,0.0706,0.0000,0.0706,0.1655,-0.0040,IDLE,0,1,fixed_sprint_approach depth=0.720>0.715 center=+0.166 hd=0.071,1,0,6.000,1,0.6900,0.7200,0.0462,0.9180,222,5,0.0000,0.0000,0.0000,0.0000,0.0000,等待台阶,1,0.0000,0.150,0.330
3067.978,SEEK_ROUNDABOUT,18.283,0,1.465,step_start_window_confirm_hold/course_events_frozen,0.0000,0.0000,1,line_curve_center_riding,0.3619,0.3799,0.0802,-0.2656,0.6402,5,0.2996,0.3458,0.6454,0.0648,0.0000,IDLE,0,1,fixed_start_confirm 1/3 d=0.710,1,0,6.000,1,0.6700,0.7100,0.0448,0.8977,225,5,0.0000,0.0000,0.0000,0.0000,0.0000,等待台阶,1,0.0000,0.150,0.330
3068.123,SEEK_ROUNDABOUT,18.428,0,1.465,step_start_window_confirm_hold/course_events_frozen,0.0000,0.0000,1,line_center_tracking,0.1448,0.1688,0.0832,0.0733,0.4411,2,0.0856,0.0099,0.0955,0.1084,0.0000,IDLE,0,1,fixed_start_confirm 2/3 d=0.690,1,0,6.000,1,0.6600,0.6900,0.0450,0.9006,228,5,0.0000,0.0000,0.0000,0.0000,0.0000,等待台阶,1,0.0000,0.150,0.330
3068.269,SEEK_ROUNDABOUT,18.574,0,1.465,step_start_too_close_confirm_hold/course_events_frozen,0.0000,0.0000,1,line_curve_center_riding,0.3740,0.3842,0.2141,-0.2158,0.5375,4,0.1701,0.4299,0.6000,0.1275,0.0000,IDLE,0,1,fixed_start_too_close_confirm 1/3 filtered_d=0.670 raw_d=0.650,1,0,6.000,1,0.6500,0.6700,0.0440,0.8864,232,5,0.0000,0.0000,0.0000,0.0000,0.0000,等待台阶,1,0.0000,0.150,0.330
3068.414,SEEK_ROUNDABOUT,18.718,0,1.465,step_start_too_close_confirm_hold/course_events_frozen,0.0000,0.0000,1,line_curve_center_riding,0.1869,0.1955,0.0525,0.0427,0.6093,4,0.1429,0.0098,0.1528,0.0969,0.0000,IDLE,0,1,fixed_start_too_close_confirm 2/3 filtered_d=0.660 raw_d=0.630,1,0,6.000,1,0.6300,0.6600,0.0431,0.8737,235,5,0.0000,0.0000,0.0000,0.0000,0.0000,等待台阶,1,0.0000,0.150,0.330
3068.551,SEEK_ROUNDABOUT,18.855,0,1.465,step_fixed_reverse_recovery/course_events_frozen,-0.0450,0.0000,1,line_curve_center_riding,0.3240,0.3339,0.1697,-0.1095,0.6641,5,0.1641,0.2792,0.4434,0.1314,0.0000,IDLE,0,1,fixed_reverse_start start_too_close_confirmed d=0.660,1,1,6.000,1,0.6700,0.6600,0.0435,0.8789,237,5,0.0000,0.0000,0.0000,0.0000,0.0000,等待台阶,1,0.0000,0.150,0.330
3068.697,SEEK_ROUNDABOUT,19.002,0,1.465,step_fixed_reverse_recovery/course_events_frozen,-0.0450,0.0027,1,line_curve_center_riding,0.2543,0.2606,0.1560,-0.1293,0.5725,4,0.1045,0.2853,0.3899,0.0957,0.0027,IDLE,0,1,fixed_reverse_search back=0.000/0.075,1,1,6.000,1,0.6600,0.6600,0.0433,0.8755,240,5,0.0000,0.0000,0.0000,0.0000,0.0000,等待台阶,1,0.0023,0.150,0.330
3068.833,SEEK_ROUNDABOUT,19.137,0,1.465,step_fixed_reverse_recovery/course_events_frozen,-0.0450,0.0016,1,line_curve_center_riding,0.3085,0.3193,0.1383,-0.1091,0.5628,4,0.1810,0.2475,0.4285,0.1162,0.0016,IDLE,0,1,fixed_reverse_search back=0.001/0.075,1,1,6.000,1,0.6500,0.6500,0.0436,0.8801,243,5,0.0000,0.0000,0.0000,0.0000,0.0000,等待台阶,1,0.0013,0.150,0.330
3068.984,SEEK_ROUNDABOUT,19.289,0,1.465,step_fixed_reverse_recovery/course_events_frozen,-0.0450,0.0032,0,line_too_few_bands,0.0000,0.0000,0.0000,0.0000,0.0000,1,0.0000,0.0000,0.0000,0.0000,0.0032,IDLE,0,1,fixed_reverse_search back=0.005/0.075,1,1,6.000,1,0.6600,0.6600,0.0452,0.9040,246,5,0.0000,0.0000,0.0000,0.0000,0.0000,等待台阶,1,0.0027,0.150,0.330
3069.127,SEEK_ROUNDABOUT,19.432,0,1.465,step_fixed_reverse_recovery/course_events_frozen,-0.0450,0.0059,1,line_center_tracking,0.1927,0.1960,0.1845,0.1845,0.4427,2,0.0115,0.0000,0.0115,0.1883,0.0059,IDLE,0,1,fixed_reverse_search back=0.009/0.075,1,1,6.000,1,0.6600,0.6600,0.0452,0.9039,249,5,0.0000,0.0000,0.0000,0.0000,0.0000,等待台阶,1,0.0049,0.150,0.330
3069.264,SEEK_ROUNDABOUT,19.569,0,1.465,step_fixed_reverse_recovery/course_events_frozen,-0.0450,0.0086,1,line_curve_center_riding,0.3596,0.3777,0.0760,-0.1817,0.6566,5,0.3017,0.2577,0.5594,0.0907,0.0086,IDLE,0,1,fixed_reverse_search back=0.020/0.075,1,1,6.000,1,0.6600,0.6600,0.0458,0.9124,252,5,0.0000,0.0000,0.0000,0.0000,0.0000,等待台阶,1,0.0072,0.150,0.330
3069.397,SEEK_ROUNDABOUT,19.702,0,1.465,step_fixed_reverse_recovery/course_events_frozen,-0.0450,0.0113,1,line_curve_center_riding,0.2827,0.2874,0.2077,0.4177,0.5892,4,0.0798,0.2100,0.1302,0.3043,0.0113,IDLE,0,1,fixed_reverse_search back=0.033/0.075,1,1,6.000,1,0.6400,0.6600,0.0406,0.8357,255,5,0.0000,0.0000,0.0000,0.0000,0.0000,等待台阶,1,0.0094,0.150,0.330
3069.540,SEEK_ROUNDABOUT,19.844,0,1.465,step_fixed_reverse_recovery/course_events_frozen,-0.0450,0.0144,1,line_curve_center_riding,0.2519,0.2604,0.1179,0.1179,0.4021,2,0.1425,0.0000,0.1425,0.1654,0.0144,IDLE,0,1,fixed_reverse_search back=0.047/0.075,1,1,6.000,1,0.6400,0.6600,0.0445,0.8938,258,5,0.0000,0.0000,0.0000,0.0000,0.0000,等待台阶,1,0.0120,0.150,0.330
3069.678,SEEK_ROUNDABOUT,19.982,0,1.465,step_fixed_reverse_recovery/course_events_frozen,-0.0450,0.0157,1,line_center_tracking,0.1853,0.2152,0.1086,0.1776,0.6951,5,0.1066,0.0690,0.0375,0.1671,0.0157,IDLE,0,1,fixed_reverse_search back=0.067/0.075,1,1,6.000,1,0.6800,0.6600,0.0411,0.8427,261,5,0.0000,0.0000,0.0000,0.0000,0.0000,等待台阶,1,0.0131,0.150,0.330
3069.821,SEEK_ROUNDABOUT,20.126,0,1.465,step_align_creep/course_events_frozen,0.0057,0.0966,1,line_curve_center_riding,0.2569,0.2657,0.1197,0.1170,0.6105,4,0.1460,0.0028,0.1487,0.1675,0.0966,IDLE,0,1,fixed_reverse_done odom_target d=0.660,1,0,6.000,1,0.6900,0.6600,0.0432,0.8752,264,5,0.0000,0.0000,0.0000,0.0000,0.0000,等待台阶,1,0.0131,0.150,0.330
3069.983,SEEK_ROUNDABOUT,20.288,0,1.465,step_start_too_close_confirm_hold/course_events_frozen,0.0000,0.0000,1,line_curve_center_riding,0.4173,0.4307,0.2077,-0.2058,0.7457,6,0.2231,0.4135,0.6365,0.1442,0.0000,IDLE,0,1,fixed_start_too_close_confirm 1/3 filtered_d=0.680 raw_d=0.680,1,0,6.000,1,0.6800,0.6800,0.0457,0.9122,267,5,0.0000,0.0000,0.0000,0.0000,0.0000,等待台阶,1,0.0131,0.150,0.330
3070.129,SEEK_ROUNDABOUT,20.434,0,1.465,step_start_too_close_confirm_hold/course_events_frozen,0.0000,0.0000,1,line_curve_center_riding,0.3326,0.3428,0.1729,0.1555,0.7012,5,0.1698,0.0174,0.1872,0.2237,0.0000,IDLE,0,1,fixed_start_too_close_confirm 2/3 filtered_d=0.680 raw_d=0.690,1,0,6.000,1,0.6900,0.6800,0.0448,0.8979,270,5,0.0000,0.0000,0.0000,0.0000,0.0000,等待台阶,1,0.0131,0.150,0.330
3070.265,SEEK_ROUNDABOUT,20.569,0,1.465,step_start_window_confirm_hold/course_events_frozen,0.0000,0.0000,1,line_curve_center_riding,0.4941,0.5079,0.2786,-0.1713,0.7405,6,0.2293,0.4499,0.6792,0.2051,0.0000,IDLE,0,1,fixed_start_confirm 1/3 d=0.690,1,0,6.000,1,0.7100,0.6900,0.0460,0.9161,273,5,0.0000,0.0000,0.0000,0.0000,0.0000,等待台阶,1,0.0131,0.150,0.330
3070.417,SEEK_ROUNDABOUT,20.721,0,1.465,step_start_window_confirm_hold/course_events_frozen,0.0000,0.0000,1,line_curve_center_riding,0.5200,0.5352,0.2818,-0.1682,0.7354,6,0.2533,0.4501,0.7034,0.2163,0.0000,IDLE,0,1,fixed_start_confirm 2/3 d=0.690,1,0,6.000,1,0.7300,0.6900,0.0462,0.9179,277,5,0.0000,0.0000,0.0000,0.0000,0.0000,等待台阶,1,0.0131,0.150,0.330
3070.565,SEEK_ROUNDABOUT,20.870,0,1.465,step_approach_begin,0.0000,0.0000,0,,nan,nan,nan,nan,0.0000,0,nan,nan,nan,nan,0.0000,APPROACH,0,0,normalized_depth_start,1,0,6.000,1,0.7400,0.7100,0.0481,0.9454,280,5,0.6050,0.0000,0.0000,0.0000,0.6050,开始按已验证参数直行到起跳距离,1,0.0000,0.150,0.330
3070.881,SEEK_ROUNDABOUT,21.185,0,1.465,step_approach_tested,0.5000,0.0000,0,,nan,nan,nan,nan,0.0000,0,nan,nan,nan,nan,0.0000,APPROACH,0,0,normalized_depth_start,1,0,6.000,1,0.7700,0.7300,0.0492,0.9612,286,5,0.6050,0.1000,-0.0410,0.1000,0.5050,APPROACH 恒速前进 source=commanded cmd=0.100 odom=-0.041 remaining=0.505,1,0.0000,0.150,0.330
3071.042,SEEK_ROUNDABOUT,21.347,0,1.465,step_approach_tested,0.5000,0.0000,0,,nan,nan,nan,nan,0.0000,0,nan,nan,nan,nan,0.0000,APPROACH,0,0,normalized_depth_start,1,0,6.000,1,0.7900,0.7400,0.0496,0.9666,290,5,0.6050,0.1806,-0.0533,0.1806,0.4244,APPROACH 恒速前进 source=commanded cmd=0.181 odom=-0.053 remaining=0.424,1,0.0000,0.150,0.330
3071.188,SEEK_ROUNDABOUT,21.492,0,1.465,step_approach_tested,0.5000,0.0000,0,,nan,nan,nan,nan,0.0000,0,nan,nan,nan,nan,0.0000,APPROACH,0,0,normalized_depth_start,1,0,6.000,1,0.8000,0.7700,0.0502,0.9695,293,5,0.6050,0.2534,-0.0609,0.2534,0.3516,APPROACH 恒速前进 source=commanded cmd=0.253 odom=-0.061 remaining=0.352,1,0.0000,0.150,0.330
3071.328,SEEK_ROUNDABOUT,21.633,0,1.465,step_approach_tested,0.5000,0.0000,0,,nan,nan,nan,nan,0.0000,0,nan,nan,nan,nan,0.0000,APPROACH,0,0,normalized_depth_start,1,0,6.000,1,0.8100,0.7900,0.0492,0.9609,296,5,0.6050,0.3238,-0.0655,0.3238,0.2812,APPROACH 恒速前进 source=commanded cmd=0.324 odom=-0.066 remaining=0.281,1,0.0000,0.150,0.330
3071.477,SEEK_ROUNDABOUT,21.782,0,1.465,step_approach_tested,0.5000,0.0000,0,,nan,nan,nan,nan,0.0000,0,nan,nan,nan,nan,0.0000,APPROACH,0,0,normalized_depth_start,1,0,6.000,1,0.8200,0.8000,0.0496,0.9661,299,5,0.6050,0.3982,-0.0844,0.3982,0.2068,APPROACH 恒速前进 source=commanded cmd=0.398 odom=-0.084 remaining=0.207,1,0.0000,0.150,0.330
3071.619,SEEK_ROUNDABOUT,21.924,0,1.465,step_approach_tested,0.5000,0.0000,0,,nan,nan,nan,nan,0.0000,0,nan,nan,nan,nan,0.0000,APPROACH,0,0,normalized_depth_start,1,0,6.000,1,0.8200,0.8100,0.0492,0.9612,302,5,0.6050,0.4692,-0.0863,0.4692,0.1358,APPROACH 恒速前进 source=commanded cmd=0.469 odom=-0.086 remaining=0.136,1,0.0000,0.150,0.330
3071.773,SEEK_ROUNDABOUT,22.077,0,1.465,step_wait_enter_to_jump,0.0000,0.0000,0,,nan,nan,nan,nan,0.0000,0,nan,nan,nan,nan,0.0000,JUMP_CONFIRM,0,0,normalized_depth_start,1,0,6.000,1,0.8200,0.8200,0.0483,0.9483,306,5,0.6050,0.5460,-0.0438,0.5460,0.0590,到达起跳点，等待终端回车确认,1,0.0000,0.150,0.330
3071.923,SEEK_ROUNDABOUT,22.228,0,1.465,step_wait_enter_to_jump,0.0000,0.0000,0,,nan,nan,nan,nan,0.0000,0,nan,nan,nan,nan,0.0000,JUMP_CONFIRM,0,0,normalized_depth_start,1,0,6.000,1,0.8000,0.8200,0.0464,0.9213,309,5,0.6050,0.5460,0.0213,0.5460,0.0590,JUMP_CONFIRM 等待终端回车,1,0.0000,0.150,0.330
3072.070,SEEK_ROUNDABOUT,22.375,0,1.465,step_wait_enter_to_jump,0.0000,0.0000,0,,nan,nan,nan,nan,0.0000,0,nan,nan,nan,nan,0.0000,JUMP_CONFIRM,0,0,normalized_depth_start,1,0,6.000,1,0.7700,0.8200,0.0462,0.9181,312,5,0.6050,0.5460,0.1186,0.5460,0.0590,JUMP_CONFIRM 等待终端回车,1,0.0000,0.150,0.330
3072.221,SEEK_ROUNDABOUT,22.526,0,1.465,step_jump_after_enter,0.5000,0.0000,0,,nan,nan,nan,nan,0.0000,0,nan,nan,nan,nan,0.0000,JUMP,0,0,normalized_depth_start,1,0,6.000,1,0.7400,0.8000,0.0478,0.9397,315,5,0.6050,0.5460,0.2287,0.5460,0.0590,JUMP 脉冲中,1,0.0000,0.150,0.330
3072.378,SEEK_ROUNDABOUT,22.682,0,1.465,step_jump_pulse,0.5000,0.0000,0,,nan,nan,nan,nan,0.0000,0,nan,nan,nan,nan,0.0000,JUMP,0,0,normalized_depth_start,1,0,6.000,1,0.6200,0.7700,0.0480,0.9432,322,5,0.6050,0.5460,0.2287,0.5460,0.0590,JUMP 脉冲中,1,0.0000,0.150,0.330
3072.520,SEEK_ROUNDABOUT,22.825,0,1.465,step_land_forward,0.3000,0.0000,0,,nan,nan,nan,nan,0.0000,0,nan,nan,nan,nan,0.0000,LAND,0,0,normalized_depth_start,1,0,5.400,0,nan,0.7700,nan,0.0000,0,5,0.6050,0.5460,0.2287,0.5460,0.0590,跳跃脉冲结束，落地继续前行,1,0.0000,0.150,0.330
3072.661,SEEK_ROUNDABOUT,22.966,0,1.465,step_land_forward,0.3000,0.0000,0,,nan,nan,nan,nan,0.0000,0,nan,nan,nan,nan,0.0000,LAND,0,0,normalized_depth_start,1,0,4.800,0,nan,0.7550,nan,0.0000,0,5,0.6050,0.5460,0.2287,0.5460,0.0590,跳跃脉冲结束，落地继续前行,1,0.0000,0.150,0.330
3072.807,SEEK_ROUNDABOUT,23.111,0,1.465,step_land_forward,0.3000,0.0000,0,,nan,nan,nan,nan,0.0000,0,nan,nan,nan,nan,0.0000,LAND,0,0,normalized_depth_start,1,0,4.200,0,nan,0.7400,nan,0.0000,0,5,0.6050,0.5460,0.2287,0.5460,0.0590,跳跃脉冲结束，落地继续前行,1,0.0000,0.150,0.330
3072.969,SEEK_ROUNDABOUT,23.273,0,1.465,step_land_forward,0.3000,0.0000,0,,nan,nan,nan,nan,0.0000,0,nan,nan,nan,nan,0.0000,LAND,0,0,normalized_depth_start,1,0,3.600,0,nan,0.6800,nan,0.0000,0,5,0.6050,0.5460,0.2287,0.5460,0.0590,跳跃脉冲结束，落地继续前行,1,0.0000,0.150,0.330
3073.115,SEEK_ROUNDABOUT,23.420,0,1.465,step_land_forward,0.3000,0.0000,0,,nan,nan,nan,nan,0.0000,0,nan,nan,nan,nan,0.0000,LAND,0,0,normalized_depth_start,1,0,3.000,0,nan,0.6200,nan,0.0000,0,5,0.6050,0.5460,0.2287,0.5460,0.0590,跳跃脉冲结束，落地继续前行,1,0.0000,0.150,0.330
3073.258,SEEK_ROUNDABOUT,23.562,0,1.465,step_land_forward,0.3000,0.0000,0,,nan,nan,nan,nan,0.0000,0,nan,nan,nan,nan,0.0000,LAND,0,0,normalized_depth_start,1,0,4.000,0,0.6300,0.6300,0.0511,0.9114,2,5,0.6050,0.5460,0.2287,0.5460,0.0590,跳跃脉冲结束，落地继续前行,1,0.0000,0.150,0.330
3073.390,SEEK_ROUNDABOUT,23.694,0,1.465,step_land_forward,0.3000,0.0000,0,,nan,nan,nan,nan,0.0000,0,nan,nan,nan,nan,0.0000,LAND,0,0,normalized_depth_start,1,0,3.400,0,nan,0.6300,nan,0.0000,0,5,0.6050,0.5460,0.2287,0.5460,0.0590,跳跃脉冲结束，落地继续前行,1,0.0000,0.150,0.330
3073.530,SEEK_ROUNDABOUT,23.835,0,1.465,step_land_forward,0.3000,0.0000,0,,nan,nan,nan,nan,0.0000,0,nan,nan,nan,nan,0.0000,LAND,0,0,normalized_depth_start,1,0,4.400,0,1.0700,0.8500,0.0500,0.9439,2,5,0.6050,0.5460,0.2287,0.5460,0.0590,跳跃脉冲结束，落地继续前行,1,0.0000,0.150,0.330
3073.667,SEEK_ROUNDABOUT,23.972,0,1.465,step_land_forward,0.3000,0.0000,0,,nan,nan,nan,nan,0.0000,0,nan,nan,nan,nan,0.0000,LAND,0,0,normalized_depth_start,1,0,3.800,0,nan,0.8500,nan,0.0000,0,5,0.6050,0.5460,0.2287,0.5460,0.0590,跳跃脉冲结束，落地继续前行,1,0.0000,0.150,0.330
3073.815,SEEK_ROUNDABOUT,24.119,0,1.465,step_land_forward,0.3000,0.0000,0,,nan,nan,nan,nan,0.0000,0,nan,nan,nan,nan,0.0000,LAND,0,0,normalized_depth_start,1,0,3.200,0,nan,0.8500,nan,0.0000,0,5,0.6050,0.5460,0.2287,0.5460,0.0590,跳跃脉冲结束，落地继续前行,1,0.0000,0.150,0.330
3073.949,SEEK_ROUNDABOUT,24.254,0,1.465,step_land_forward,0.3000,0.0000,0,,nan,nan,nan,nan,0.0000,0,nan,nan,nan,nan,0.0000,LAND,0,0,normalized_depth_start,1,0,2.600,0,nan,0.8500,nan,0.0000,0,5,0.6050,0.5460,0.2287,0.5460,0.0590,跳跃脉冲结束，落地继续前行,1,0.0000,0.150,0.330
3074.088,SEEK_ROUNDABOUT,24.393,0,1.465,step_land_forward,0.3000,0.0000,0,,nan,nan,nan,nan,0.0000,0,nan,nan,nan,nan,0.0000,LAND,0,0,normalized_depth_start,1,0,2.000,0,nan,1.0700,nan,0.0000,0,5,0.6050,0.5460,0.2287,0.5460,0.0590,跳跃脉冲结束，落地继续前行,1,0.0000,0.150,0.330
3074.223,SEEK_ROUNDABOUT,24.528,0,1.465,step_land_forward,0.3000,0.0000,0,,nan,nan,nan,nan,0.0000,0,nan,nan,nan,nan,0.0000,LAND,0,0,normalized_depth_start,1,0,1.400,0,nan,1.0700,nan,0.0000,0,5,0.6050,0.5460,0.2287,0.5460,0.0590,跳跃脉冲结束，落地继续前行,1,0.0000,0.150,0.330
3074.368,SEEK_ROUNDABOUT,24.672,0,1.465,step_land_forward,0.3000,0.0000,0,,nan,nan,nan,nan,0.0000,0,nan,nan,nan,nan,0.0000,LAND,0,0,normalized_depth_start,1,0,0.800,0,nan,nan,nan,0.0000,0,5,0.6050,0.5460,0.2287,0.5460,0.0590,跳跃脉冲结束，落地继续前行,1,0.0000,0.150,0.330
3074.512,SEEK_ROUNDABOUT,24.816,0,1.465,step_land_forward,0.3000,0.0000,0,,nan,nan,nan,nan,0.0000,0,nan,nan,nan,nan,0.0000,LAND,0,0,normalized_depth_start,1,0,0.200,0,nan,nan,nan,0.0000,0,5,0.6050,0.5460,0.2287,0.5460,0.0590,跳跃脉冲结束，落地继续前行,1,0.0000,0.150,0.330
3074.655,SEEK_ROUNDABOUT,24.960,0,1.465,step_recover_stop,0.0000,0.0000,0,,nan,nan,nan,nan,0.0000,0,nan,nan,nan,nan,0.0000,RECOVER,0,0,normalized_depth_start,1,0,0.000,0,nan,nan,nan,0.0000,0,5,0.6050,0.5460,0.2287,0.5460,0.0590,落地前行结束，停车恢复,1,0.0000,0.150,0.330
3074.836,SEEK_ROUNDABOUT,25.141,0,1.465,step_recover_stop,0.0000,0.0000,0,,nan,nan,nan,nan,0.0000,0,nan,nan,nan,nan,0.0000,RECOVER,0,0,normalized_depth_start,1,0,0.000,0,nan,nan,nan,0.0000,0,5,0.6050,0.5460,0.2287,0.5460,0.0590,落地前行结束，停车恢复,1,0.0000,0.150,0.330
3074.985,SEEK_ROUNDABOUT,25.290,0,1.465,step_recover_stop,0.0000,0.0000,0,,nan,nan,nan,nan,0.0000,0,nan,nan,nan,nan,0.0000,RECOVER,0,0,normalized_depth_start,1,0,0.000,0,nan,nan,nan,0.0000,0,5,0.6050,0.5460,0.2287,0.5460,0.0590,落地前行结束，停车恢复,1,0.0000,0.150,0.330
3075.130,SEEK_ROUNDABOUT,25.435,0,1.465,step_recover_stop,0.0000,0.0000,0,,nan,nan,nan,nan,0.0000,0,nan,nan,nan,nan,0.0000,RECOVER,0,0,normalized_depth_start,1,0,0.000,0,nan,nan,nan,0.0000,0,5,0.6050,0.5460,0.2287,0.5460,0.0590,落地前行结束，停车恢复,1,0.0000,0.150,0.330
3075.268,SEEK_ROUNDABOUT,25.572,0,1.465,step_recover_stop,0.0000,0.0000,0,,nan,nan,nan,nan,0.0000,0,nan,nan,nan,nan,0.0000,RECOVER,0,0,normalized_depth_start,1,0,0.000,0,nan,nan,nan,0.0000,0,5,0.6050,0.5460,0.2287,0.5460,0.0590,落地前行结束，停车恢复,1,0.0000,0.150,0.330
3075.410,SEEK_ROUNDABOUT,25.715,0,1.465,step_recover_stop,0.0000,0.0000,0,,nan,nan,nan,nan,0.0000,0,nan,nan,nan,nan,0.0000,RECOVER,0,0,normalized_depth_start,1,0,0.000,0,nan,nan,nan,0.0000,0,5,0.6050,0.5460,0.2287,0.5460,0.0590,落地前行结束，停车恢复,1,0.0000,0.150,0.330
3075.551,SEEK_ROUNDABOUT,25.856,0,1.465,step_recover_stop,0.0000,0.0000,0,,nan,nan,nan,nan,0.0000,0,nan,nan,nan,nan,0.0000,RECOVER,0,0,normalized_depth_start,1,0,0.000,0,nan,nan,nan,0.0000,0,5,0.6050,0.5460,0.2287,0.5460,0.0590,落地前行结束，停车恢复,1,0.0000,0.150,0.330
3075.692,SEEK_ROUNDABOUT,25.996,0,1.465,step_recover_stop,0.0000,0.0000,0,,nan,nan,nan,nan,0.0000,0,nan,nan,nan,nan,0.0000,RECOVER,0,0,normalized_depth_start,1,0,0.000,0,nan,nan,nan,0.0000,0,5,0.6050,0.5460,0.2287,0.5460,0.0590,落地前行结束，停车恢复,1,0.0000,0.150,0.330
3075.828,SEEK_ROUNDABOUT,26.133,0,1.465,step_recover_stop,0.0000,0.0000,0,,nan,nan,nan,nan,0.0000,0,nan,nan,nan,nan,0.0000,RECOVER,0,0,normalized_depth_start,1,0,0.000,0,nan,nan,nan,0.0000,0,5,0.6050,0.5460,0.2287,0.5460,0.0590,落地前行结束，停车恢复,1,0.0000,0.150,0.330
3075.964,SEEK_ROUNDABOUT,26.269,0,1.465,step_recover_stop,0.0000,0.0000,0,,nan,nan,nan,nan,0.0000,0,nan,nan,nan,nan,0.0000,RECOVER,0,0,normalized_depth_start,1,0,0.000,0,nan,nan,nan,0.0000,0,5,0.6050,0.5460,0.2287,0.5460,0.0590,落地前行结束，停车恢复,1,0.0000,0.150,0.330
3076.103,SEEK_ROUNDABOUT,26.408,0,1.465,step_recover_stop,0.0000,0.0000,0,,nan,nan,nan,nan,0.0000,0,nan,nan,nan,nan,0.0000,RECOVER,0,0,normalized_depth_start,1,0,0.000,0,nan,nan,nan,0.0000,0,5,0.6050,0.5460,0.2287,0.5460,0.0590,落地前行结束，停车恢复,1,0.0000,0.150,0.330
3076.235,SEEK_ROUNDABOUT,26.539,0,1.465,step_recover_stop,0.0000,0.0000,0,,nan,nan,nan,nan,0.0000,0,nan,nan,nan,nan,0.0000,RECOVER,0,0,normalized_depth_start,1,0,0.000,0,nan,nan,nan,0.0000,0,5,0.6050,0.5460,0.2287,0.5460,0.0590,落地前行结束，停车恢复,1,0.0000,0.150,0.330
3076.374,SEEK_ROUNDABOUT,26.679,0,1.465,step_recover_stop,0.0000,0.0000,0,,nan,nan,nan,nan,0.0000,0,nan,nan,nan,nan,0.0000,RECOVER,0,0,normalized_depth_start,1,0,0.000,0,nan,nan,nan,0.0000,0,5,0.6050,0.5460,0.2287,0.5460,0.0590,落地前行结束，停车恢复,1,0.0000,0.150,0.330
3076.509,SEEK_ROUNDABOUT,26.814,0,1.465,step_recover_stop,0.0000,0.0000,0,,nan,nan,nan,nan,0.0000,0,nan,nan,nan,nan,0.0000,RECOVER,0,0,normalized_depth_start,1,0,0.000,0,nan,nan,nan,0.0000,0,5,0.6050,0.5460,0.2287,0.5460,0.0590,落地前行结束，停车恢复,1,0.0000,0.150,0.330
3076.653,SEEK_ROUNDABOUT,26.958,0,1.465,step_recover_stop,0.0000,0.0000,0,,nan,nan,nan,nan,0.0000,0,nan,nan,nan,nan,0.0000,RECOVER,0,0,normalized_depth_start,1,0,0.000,0,nan,nan,nan,0.0000,0,5,0.6050,0.5460,0.2287,0.5460,0.0590,落地前行结束，停车恢复,1,0.0000,0.150,0.330
3076.799,SEEK_ROUNDABOUT,27.103,0,1.465,step_recover_stop,0.0000,0.0000,0,,nan,nan,nan,nan,0.0000,0,nan,nan,nan,nan,0.0000,RECOVER,0,0,normalized_depth_start,1,0,0.000,0,nan,nan,nan,0.0000,0,5,0.6050,0.5460,0.2287,0.5460,0.0590,落地前行结束，停车恢复,1,0.0000,0.150,0.330
3076.940,SEEK_ROUNDABOUT,27.245,0,1.465,step_recover_stop,0.0000,0.0000,0,,nan,nan,nan,nan,0.0000,0,nan,nan,nan,nan,0.0000,RECOVER,0,0,normalized_depth_start,1,0,0.000,0,nan,nan,nan,0.0000,0,5,0.6050,0.5460,0.2287,0.5460,0.0590,落地前行结束，停车恢复,1,0.0000,0.150,0.330
3077.076,SEEK_ROUNDABOUT,27.380,0,1.465,step_recover_stop,0.0000,0.0000,0,,nan,nan,nan,nan,0.0000,0,nan,nan,nan,nan,0.0000,RECOVER,0,0,normalized_depth_start,1,0,0.000,0,nan,nan,nan,0.0000,0,5,0.6050,0.5460,0.2287,0.5460,0.0590,落地前行结束，停车恢复,1,0.0000,0.150,0.330
3077.215,SEEK_ROUNDABOUT,27.519,0,1.465,step_recover_stop,0.0000,0.0000,0,,nan,nan,nan,nan,0.0000,0,nan,nan,nan,nan,0.0000,RECOVER,0,0,normalized_depth_start,1,0,0.000,0,nan,nan,nan,0.0000,0,5,0.6050,0.5460,0.2287,0.5460,0.0590,落地前行结束，停车恢复,1,0.0000,0.150,0.330
3077.355,SEEK_ROUNDABOUT,27.659,0,1.465,step_recover_stop,0.0000,0.0000,0,,nan,nan,nan,nan,0.0000,0,nan,nan,nan,nan,0.0000,RECOVER,0,0,normalized_depth_start,1,0,0.000,0,nan,nan,nan,0.0000,0,5,0.6050,0.5460,0.2287,0.5460,0.0590,落地前行结束，停车恢复,1,0.0000,0.150,0.330
3077.498,SEEK_ROUNDABOUT,27.803,0,1.465,step_recover_stop,0.0000,0.0000,0,,nan,nan,nan,nan,0.0000,0,nan,nan,nan,nan,0.0000,RECOVER,0,0,normalized_depth_start,1,0,0.000,0,nan,nan,nan,0.0000,0,5,0.6050,0.5460,0.2287,0.5460,0.0590,落地前行结束，停车恢复,1,0.0000,0.150,0.330
3077.636,SEEK_ROUNDABOUT,27.941,0,1.465,step_recover_stop,0.0000,0.0000,0,,nan,nan,nan,nan,0.0000,0,nan,nan,nan,nan,0.0000,RECOVER,0,0,normalized_depth_start,1,0,0.000,0,nan,nan,nan,0.0000,0,5,0.6050,0.5460,0.2287,0.5460,0.0590,落地前行结束，停车恢复,1,0.0000,0.150,0.330
3077.786,SEEK_ROUNDABOUT,28.090,0,1.465,step_resume_tracking,0.0000,0.0000,0,,nan,nan,nan,nan,0.0000,0,nan,nan,nan,nan,0.0000,IDLE,1,0,step_done_latches_cleared,0,0,0.000,0,nan,nan,nan,0.0000,0,5,0.6050,0.5460,0.2287,0.5460,0.0590,本圈台阶完成,1,0.0000,0.150,0.330
3077.938,SEEK_ROUNDABOUT,28.243,0,1.475,tracking,0.0507,-0.0184,1,line_curve_center_riding,0.0171,0.0207,-0.0405,-0.1840,0.8889,7,0.0612,0.1435,0.2047,-0.0679,-0.0184,IDLE,1,0,step_done_latches_cleared,0,0,0.000,0,nan,nan,nan,0.0000,0,5,0.6050,0.5460,0.2287,0.5460,0.0590,本圈台阶完成,1,0.0000,0.150,0.330
3078.077,SEEK_ROUNDABOUT,28.382,0,1.486,tracking,0.1013,0.0301,1,line_center_tracking,-0.0666,-0.0555,-0.0950,-0.2044,0.8952,7,0.0395,0.1094,0.1489,-0.1183,0.0301,IDLE,1,0,step_done_latches_cleared,0,0,0.000,0,nan,nan,nan,0.0000,0,5,0.6050,0.5460,0.2287,0.5460,0.0590,本圈台阶完成,1,0.0000,0.150,0.330
3078.211,SEEK_ROUNDABOUT,28.516,0,1.497,tracking,0.1520,0.0583,1,line_center_tracking,-0.0804,-0.0671,-0.1145,-0.2106,0.8945,7,0.0473,0.0961,0.1434,-0.1307,0.0583,IDLE,1,0,step_done_latches_cleared,0,0,0.000,0,nan,nan,nan,0.0000,0,5,0.6050,0.5460,0.2287,0.5460,0.0590,本圈台阶完成,1,0.0000,0.150,0.330
3078.352,SEEK_ROUNDABOUT,28.657,0,1.506,tracking,0.2027,0.0747,1,line_center_tracking,-0.0852,-0.0744,-0.1130,-0.2199,0.8953,7,0.0385,0.1070,0.1455,-0.1358,0.0747,IDLE,1,0,step_done_latches_cleared,0,0,0.000,0,nan,nan,nan,0.0000,0,5,0.6050,0.5460,0.2287,0.5460,0.0590,本圈台阶完成,1,0.0000,0.150,0.330
3078.491,SEEK_ROUNDABOUT,28.796,0,1.517,tracking,0.2298,0.0787,1,line_center_tracking,-0.0777,-0.0676,-0.1037,-0.2170,0.8953,7,0.0361,0.1133,0.1494,-0.1294,0.0787,IDLE,1,0,step_done_latches_cleared,0,0,0.000,0,nan,nan,nan,0.0000,0,5,0.6050,0.5460,0.2287,0.5460,0.0590,本圈台阶完成,1,0.0000,0.150,0.330
3078.628,SEEK_ROUNDABOUT,28.932,0,1.527,tracking,0.1791,0.0625,1,line_curve_center_riding,-0.0455,-0.0439,-0.0708,-0.3456,0.9491,8,0.0269,0.2748,0.3017,-0.1535,0.0625,IDLE,1,0,step_done_latches_cleared,0,0,0.000,0,nan,nan,nan,0.0000,0,5,0.6050,0.5460,0.2287,0.5460,0.0590,本圈台阶完成,1,0.0000,0.150,0.330
3078.759,SEEK_ROUNDABOUT,29.064,0,1.540,tracking,0.2291,0.0547,1,line_center_tracking,-0.0431,-0.0329,-0.0695,-0.1918,0.8943,7,0.0366,0.1223,0.1589,-0.0980,0.0547,IDLE,1,0,step_done_latches_cleared,0,0,0.000,0,nan,nan,nan,0.0000,0,5,0.6050,0.5460,0.2287,0.5460,0.0590,本圈台阶完成,1,0.0000,0.150,0.330
3078.892,SEEK_ROUNDABOUT,29.197,0,1.551,tracking,0.2318,0.0417,1,line_center_tracking,-0.0276,-0.0179,-0.0526,-0.1821,0.8938,7,0.0347,0.1295,0.1641,-0.0842,0.0417,IDLE,1,0,step_done_latches_cleared,0,0,0.000,0,nan,nan,nan,0.0000,0,5,0.6050,0.5460,0.2287,0.5460,0.0590,本圈台阶完成,1,0.0000,0.150,0.330
3079.055,SEEK_ROUNDABOUT,29.359,0,1.568,tracking,0.2296,0.0288,1,line_center_tracking,-0.0147,-0.0041,-0.0419,-0.1875,0.8919,7,0.0378,0.1456,0.1834,-0.0778,0.0288,IDLE,1,0,step_done_latches_cleared,0,0,0.000,0,nan,nan,nan,0.0000,0,5,0.6050,0.5460,0.2287,0.5460,0.0590,本圈台阶完成,1,0.0000,0.150,0.330
3079.189,SEEK_ROUNDABOUT,29.493,0,1.582,tracking,0.1789,0.0146,1,line_curve_center_riding,-0.0012,-0.0004,-0.0132,-0.3258,0.9427,8,0.0128,0.3126,0.3254,-0.1131,0.0146,IDLE,1,0,step_done_latches_cleared,0,0,0.000,0,nan,nan,nan,0.0000,0,5,0.6050,0.5460,0.2287,0.5460,0.0590,本圈台阶完成,1,0.0000,0.150,0.330
3079.316,SEEK_ROUNDABOUT,29.621,0,1.600,tracking,0.1700,-0.0039,1,line_curve_center_riding,0.0193,0.0215,-0.0142,-0.3431,0.9421,8,0.0356,0.3290,0.3646,-0.1119,-0.0039,IDLE,1,0,step_done_latches_cleared,0,0,0.000,0,nan,nan,nan,0.0000,0,5,0.6050,0.5460,0.2287,0.5460,0.0590,本圈台阶完成,1,0.0000,0.150,0.330
3079.454,SEEK_ROUNDABOUT,29.759,0,1.622,tracking,0.1700,-0.0168,1,line_curve_center_riding,0.0276,0.0306,-0.0189,-0.3448,0.9434,8,0.0495,0.3259,0.3754,-0.1111,-0.0168,IDLE,1,0,step_done_latches_cleared,0,0,0.000,0,nan,nan,nan,0.0000,0,5,0.6050,0.5460,0.2287,0.5460,0.0590,本圈台阶完成,1,0.0000,0.150,0.330
3079.580,SEEK_ROUNDABOUT,29.884,0,1.641,tracking,0.1450,-0.0275,1,line_curve_center_riding,0.0351,0.0388,-0.0236,-0.3960,0.9353,8,0.0624,0.3724,0.4349,-0.1269,-0.0275,IDLE,1,0,step_done_latches_cleared,0,0,0.000,0,nan,nan,nan,0.0000,0,5,0.6050,0.5460,0.2287,0.5460,0.0590,本圈台阶完成,1,0.0000,0.150,0.330
3079.710,SEEK_ROUNDABOUT,30.014,0,1.670,tracking,0.1450,-0.0338,1,line_curve_center_riding,0.0374,0.0420,-0.0346,-0.4470,0.9287,8,0.0766,0.4124,0.4890,-0.1465,-0.0338,IDLE,1,0,step_done_latches_cleared,0,0,0.000,0,nan,nan,nan,0.0000,0,5,0.6050,0.5460,0.2287,0.5460,0.0590,本圈台阶完成,1,0.0000,0.150,0.330
3079.842,SEEK_ROUNDABOUT,30.146,0,1.696,tracking,0.1450,-0.0321,1,line_curve_center_riding,0.0291,0.0356,-0.0722,-0.4078,0.8652,7,0.1078,0.3356,0.4434,-0.1482,-0.0321,IDLE,1,0,step_done_latches_cleared,0,0,0.000,0,nan,nan,nan,0.0000,0,5,0.6050,0.5460,0.2287,0.5460,0.0590,本圈台阶完成,1,0.0000,0.150,0.330
3079.975,SEEK_ROUNDABOUT,30.280,0,1.722,tracking,0.1450,-0.0266,1,line_curve_center_riding,0.0202,0.0284,-0.1082,-0.4859,0.8587,7,0.1365,0.3777,0.5143,-0.1886,-0.0266,IDLE,1,0,step_done_latches_cleared,0,0,0.000,0,nan,nan,nan,0.0000,0,5,0.6050,0.5460,0.2287,0.5460,0.0590,本圈台阶完成,1,0.0000,0.150,0.330
3080.104,SEEK_ROUNDABOUT,30.409,0,1.753,tracking,0.1450,-0.0147,1,line_curve_center_riding,0.0039,0.0148,-0.1667,-0.6623,0.8402,7,0.1815,0.4956,0.6771,-0.2714,-0.0147,IDLE,1,0,step_done_latches_cleared,0,0,0.000,0,nan,nan,nan,0.0000,0,5,0.6050,0.5460,0.2287,0.5460,0.0590,本圈台阶完成,1,0.0000,0.150,0.330
3080.234,SEEK_ROUNDABOUT,30.539,0,1.788,tracking,0.1450,0.0052,1,line_curve_center_riding,-0.0216,-0.0081,-0.2332,-0.8076,0.8283,7,0.2251,0.5744,0.7996,-0.3496,0.0052,IDLE,1,0,step_done_latches_cleared,0,0,0.000,0,nan,nan,nan,0.0000,0,5,0.6050,0.5460,0.2287,0.5460,0.0590,本圈台阶完成,1,0.0000,0.150,0.330
3080.375,SEEK_ROUNDABOUT,30.679,0,1.828,tracking,0.1450,0.0305,1,line_curve_center_riding,-0.0505,-0.0347,-0.2981,-0.6056,0.7532,6,0.2635,0.3075,0.5710,-0.3128,0.0305,IDLE,1,0,step_done_latches_cleared,0,0,0.000,0,nan,nan,nan,0.0000,0,5,0.6050,0.5460,0.2287,0.5460,0.0590,本圈台阶完成,1,0.0000,0.150,0.330
3080.506,SEEK_ROUNDABOUT,30.810,0,1.867,tracking,0.1450,0.0632,1,line_curve_center_riding,-0.0865,-0.0665,-0.4003,-0.7060,0.7413,6,0.3338,0.3058,0.6395,-0.3909,0.0632,IDLE,1,0,step_done_latches_cleared,0,0,0.000,0,nan,nan,nan,0.0000,0,5,0.6050,0.5460,0.2287,0.5460,0.0590,本圈台阶完成,1,0.0000,0.150,0.330
3080.640,SEEK_ROUNDABOUT,30.945,0,1.910,tracking,0.1450,0.1035,1,line_curve_center_riding,-0.1308,-0.1078,-0.4914,-0.5915,0.6558,5,0.3837,0.1001,0.4837,-0.3969,0.1035,IDLE,1,0,step_done_latches_cleared,0,0,0.000,0,nan,nan,nan,0.0000,0,5,0.6050,0.5460,0.2287,0.5460,0.0590,本圈台阶完成,1,0.0000,0.150,0.330
3080.773,SEEK_ROUNDABOUT,31.077,0,1.950,tracking,0.1450,0.1525,1,line_curve_center_riding,-0.1836,-0.1598,-0.5572,-0.6493,0.6563,5,0.3975,0.0921,0.4895,-0.4554,0.1525,IDLE,1,0,step_done_latches_cleared,0,0,0.000,0,nan,nan,nan,0.0000,0,5,0.6050,0.5460,0.2287,0.5460,0.0590,本圈台阶完成,1,0.0000,0.150,0.330
3080.908,SEEK_ROUNDABOUT,31.212,0,1.986,tracking,0.1450,0.2012,1,line_curve_center_riding,-0.2295,-0.2125,-0.4964,-0.4964,0.5754,4,0.2839,0.0000,0.2839,-0.4018,0.2012,IDLE,1,0,step_done_latches_cleared,0,0,0.000,0,nan,nan,nan,0.0000,0,5,0.6050,0.5460,0.2287,0.5460,0.0590,本圈台阶完成,1,0.0000,0.150,0.330
3081.044,SEEK_ROUNDABOUT,31.349,0,2.027,tracking,0.1450,0.2791,1,line_curve_center_riding,-0.3250,-0.2992,-0.7283,-0.7283,0.5447,4,0.4291,0.0000,0.4291,-0.5853,0.2791,IDLE,1,0,step_done_latches_cleared,0,0,0.000,0,nan,nan,nan,0.0000,0,5,0.6050,0.5460,0.2287,0.5460,0.0590,本圈台阶完成,1,0.0000,0.150,0.330
3081.193,SEEK_ROUNDABOUT,31.498,0,2.077,tracking,0.1655,0.3288,1,line_curve_center_riding,-0.3520,-0.3421,-0.5079,-0.5079,0.4793,3,0.1658,0.0000,0.1658,-0.4526,0.3288,IDLE,1,0,step_done_latches_cleared,0,0,0.000,0,nan,nan,nan,0.0000,0,5,0.6050,0.5460,0.2287,0.5460,0.0590,本圈台阶完成,1,0.0000,0.150,0.330
3081.323,SEEK_ROUNDABOUT,31.628,0,2.107,tracking,0.1567,0.3630,1,line_curve_center_riding,-0.3676,-0.3568,-0.5359,-0.5359,0.4680,3,0.1790,0.0000,0.1790,-0.4762,0.3630,IDLE,1,0,step_done_latches_cleared,0,0,0.000,0,nan,nan,nan,0.0000,0,5,0.6050,0.5460,0.2287,0.5460,0.0590,本圈台阶完成,1,0.0000,0.150,0.330
3081.463,SEEK_ROUNDABOUT,31.768,0,2.135,tracking,0.1450,0.3776,1,line_curve_center_riding,-0.3649,-0.3369,-0.8037,-0.8037,0.5283,4,0.4668,0.0000,0.4668,-0.6481,0.3776,IDLE,1,0,step_done_latches_cleared,0,0,0.000,0,nan,nan,nan,0.0000,0,5,0.6050,0.5460,0.2287,0.5460,0.0590,本圈台阶完成,1,0.0000,0.150,0.330
3081.596,SEEK_ROUNDABOUT,31.900,0,2.165,tracking,0.1450,0.3604,1,line_curve_center_riding,-0.3218,-0.2909,-0.8057,-0.8057,0.5196,4,0.5148,0.0000,0.5148,-0.6341,0.3604,IDLE,1,0,step_done_latches_cleared,0,0,0.000,0,nan,nan,nan,0.0000,0,5,0.6050,0.5460,0.2287,0.5460,0.0590,本圈台阶完成,1,0.0000,0.150,0.330
3081.729,SEEK_ROUNDABOUT,32.033,0,2.181,tracking,0.1450,0.3232,1,line_curve_center_riding,-0.2686,-0.2365,-0.7720,-0.7720,0.5218,4,0.5355,0.0000,0.5355,-0.5935,0.3232,IDLE,1,0,step_done_latches_cleared,0,0,0.000,0,nan,nan,nan,0.0000,0,5,0.6050,0.5460,0.2287,0.5460,0.0590,本圈台阶完成,1,0.0000,0.150,0.330
3081.867,SEEK_ROUNDABOUT,32.172,0,2.202,tracking,0.1450,0.2749,1,line_curve_center_riding,-0.2126,-0.1812,-0.7037,-0.7037,0.5263,4,0.5224,0.0000,0.5224,-0.5295,0.2749,IDLE,1,0,step_done_latches_cleared,0,0,0.000,0,nan,nan,nan,0.0000,0,5,0.6050,0.5460,0.2287,0.5460,0.0590,本圈台阶完成,1,0.0000,0.150,0.330
3081.996,SEEK_ROUNDABOUT,32.301,0,2.211,tracking,0.1450,0.2224,1,line_curve_center_riding,-0.1604,-0.1323,-0.6009,-0.6009,0.5380,4,0.4685,0.0000,0.4685,-0.4447,0.2224,IDLE,1,0,step_done_latches_cleared,0,0,0.000,0,nan,nan,nan,0.0000,0,5,0.6050,0.5460,0.2287,0.5460,0.0590,本圈台阶完成,1,0.0000,0.150,0.330
3082.128,SEEK_ROUNDABOUT,32.433,0,2.220,tracking,0.1358,0.1704,1,line_curve_center_riding,-0.1116,-0.0716,-0.7395,-0.8619,0.6035,5,0.6679,0.1224,0.7903,-0.5577,0.1704,IDLE,1,0,step_done_latches_cleared,0,0,0.000,0,nan,nan,nan,0.0000,0,5,0.6050,0.5460,0.2287,0.5460,0.0590,本圈台阶完成,1,0.0000,0.150,0.330
3082.263,SEEK_ROUNDABOUT,32.568,0,2.222,tracking,0.1450,0.0981,1,line_curve_center_riding,-0.0285,0.0066,-0.5792,-0.6917,0.6185,5,0.5858,0.1126,0.6984,-0.4214,0.0981,IDLE,1,0,step_done_latches_cleared,0,0,0.000,0,nan,nan,nan,0.0000,0,5,0.6050,0.5460,0.2287,0.5460,0.0590,本圈台阶完成,1,0.0000,0.150,0.330
3082.398,SEEK_ROUNDABOUT,32.702,0,2.227,tracking,0.1450,0.0185,1,line_recenter_transition,0.0527,0.0639,-0.4985,-0.6153,0.6226,5,0.5625,0.1168,0.6792,-0.3500,0.0185,IDLE,1,0,step_done_latches_cleared,0,0,0.000,0,nan,nan,nan,0.0000,0,5,0.6050,0.5460,0.2287,0.5460,0.0590,本圈台阶完成,1,0.0000,0.150,0.330
3082.571,SEEK_ROUNDABOUT,32.876,0,2.233,tracking,0.1450,-0.0359,1,line_recenter_transition,0.0868,0.0978,-0.4546,-0.5741,0.6242,5,0.5524,0.1195,0.6720,-0.3103,-0.0359,IDLE,1,0,step_done_latches_cleared,0,0,0.000,0,nan,nan,nan,0.0000,0,5,0.6050,0.5460,0.2287,0.5460,0.0590,本圈台阶完成,1,0.0000,0.150,0.330
3082.705,SEEK_ROUNDABOUT,33.009,0,2.233,tracking,0.1450,-0.0729,1,line_recenter_transition,0.1010,0.1115,-0.4103,-0.5187,0.6303,5,0.5217,0.1085,0.6302,-0.2725,-0.0729,IDLE,1,0,step_done_latches_cleared,0,0,0.000,0,nan,nan,nan,0.0000,0,5,0.6050,0.5460,0.2287,0.5460,0.0590,本圈台阶完成,1,0.0000,0.150,0.330
3082.840,SEEK_ROUNDABOUT,33.144,0,2.235,tracking,0.1450,-0.0880,1,line_recenter_transition,0.0972,0.1076,-0.4135,-0.8354,0.7001,6,0.5211,0.4219,0.9430,-0.3804,-0.0880,IDLE,1,0,step_done_latches_cleared,0,0,0.000,0,nan,nan,nan,0.0000,0,5,0.6050,0.5460,0.2287,0.5460,0.0590,本圈台阶完成,1,0.0000,0.150,0.330
3082.972,SEEK_ROUNDABOUT,33.277,0,2.238,tracking,0.1450,-0.0858,1,line_recenter_transition,0.0794,0.0901,-0.4465,-0.5577,0.6276,5,0.5366,0.1113,0.6478,-0.3047,-0.0858,IDLE,1,0,step_done_latches_cleared,0,0,0.000,0,nan,nan,nan,0.0000,0,5,0.6050,0.5460,0.2287,0.5460,0.0590,本圈台阶完成,1,0.0000,0.150,0.330
3083.102,SEEK_ROUNDABOUT,33.407,0,2.243,tracking,0.1450,-0.0684,1,line_recenter_transition,0.0496,0.0616,-0.5349,-0.6663,0.6158,5,0.5965,0.1313,0.7278,-0.3799,-0.0684,IDLE,1,0,step_done_latches_cleared,0,0,0.000,0,nan,nan,nan,0.0000,0,5,0.6050,0.5460,0.2287,0.5460,0.0590,本圈台阶完成,1,0.0000,0.150,0.330
3083.246,SEEK_ROUNDABOUT,33.551,0,2.252,tracking,0.1450,-0.0164,1,line_curve_center_riding,-0.0281,-0.0097,-0.3172,-0.3172,0.5691,4,0.3075,0.0000,0.3075,-0.2147,-0.0164,IDLE,1,0,step_done_latches_cleared,0,0,0.000,0,nan,nan,nan,0.0000,0,5,0.6050,0.5460,0.2287,0.5460,0.0590,本圈台阶完成,1,0.0000,0.150,0.330
3083.380,SEEK_ROUNDABOUT,33.684,0,2.262,tracking,0.1387,0.0371,1,line_curve_center_riding,-0.0810,-0.0420,-0.6927,-0.8266,0.6044,5,0.6507,0.1340,0.7847,-0.5204,0.0371,IDLE,1,0,step_done_latches_cleared,0,0,0.000,0,nan,nan,nan,0.0000,0,5,0.6050,0.5460,0.2287,0.5460,0.0590,本圈台阶完成,1,0.0000,0.150,0.330
3083.518,SEEK_ROUNDABOUT,33.822,0,2.276,tracking,0.1450,0.0911,1,line_curve_center_riding,-0.1325,-0.1056,-0.5535,-0.5535,0.5386,4,0.4479,0.0000,0.4479,-0.4042,0.0911,IDLE,1,0,step_done_latches_cleared,0,0,0.000,0,nan,nan,nan,0.0000,0,5,0.6050,0.5460,0.2287,0.5460,0.0590,本圈台阶完成,1,0.0000,0.150,0.330
3083.652,SEEK_ROUNDABOUT,33.957,0,2.294,tracking,0.1450,0.1447,1,line_curve_center_riding,-0.1815,-0.1508,-0.6629,-0.6629,0.5239,4,0.5121,0.0000,0.5121,-0.4922,0.1447,IDLE,1,0,step_done_latches_cleared,0,0,0.000,0,nan,nan,nan,0.0000,0,5,0.6050,0.5460,0.2287,0.5460,0.0590,本圈台阶完成,1,0.0000,0.150,0.330
3083.784,SEEK_ROUNDABOUT,34.088,0,2.310,tracking,0.1450,0.1872,1,line_curve_center_riding,-0.2119,-0.1819,-0.6821,-0.6821,0.5207,4,0.5002,0.0000,0.5002,-0.5154,0.1872,IDLE,1,0,step_done_latches_cleared,0,0,0.000,0,nan,nan,nan,0.0000,0,5,0.6050,0.5460,0.2287,0.5460,0.0590,本圈台阶完成,1,0.0000,0.150,0.330
3083.922,SEEK_ROUNDABOUT,34.227,0,2.329,tracking,0.1450,0.2220,1,line_curve_center_riding,-0.2376,-0.2062,-0.7302,-0.7302,0.5210,4,0.5240,0.0000,0.5240,-0.5555,0.2220,IDLE,1,0,step_done_latches_cleared,0,0,0.000,0,nan,nan,nan,0.0000,0,5,0.6050,0.5460,0.2287,0.5460,0.0590,本圈台阶完成,1,0.0000,0.150,0.330
3084.066,SEEK_ROUNDABOUT,34.370,0,2.353,tracking,0.1450,0.2598,1,line_curve_center_riding,-0.2743,-0.2417,-0.7846,-0.7846,0.5124,4,0.5429,0.0000,0.5429,-0.6037,0.2598,IDLE,1,0,step_done_latches_cleared,0,0,0.000,0,nan,nan,nan,0.0000,0,5,0.6050,0.5460,0.2287,0.5460,0.0590,本圈台阶完成,1,0.0000,0.150,0.330
3084.196,SEEK_ROUNDABOUT,34.500,0,2.378,tracking,0.1700,0.3008,1,line_curve_center_riding,-0.3141,-0.2994,-0.5449,-0.5449,0.4411,3,0.2455,0.0000,0.2455,-0.4631,0.3008,IDLE,1,0,step_done_latches_cleared,0,0,0.000,0,nan,nan,nan,0.0000,0,5,0.6050,0.5460,0.2287,0.5460,0.0590,本圈台阶完成,1,0.0000,0.150,0.330
3084.330,SEEK_ROUNDABOUT,34.635,0,2.401,tracking,0.1624,0.3406,1,line_curve_center_riding,-0.3510,-0.3372,-0.5659,-0.5659,0.4467,3,0.2287,0.0000,0.2287,-0.4897,0.3406,IDLE,1,0,step_done_latches_cleared,0,0,0.000,0,nan,nan,nan,0.0000,0,5,0.6050,0.5460,0.2287,0.5460,0.0590,本圈台阶完成,1,0.0000,0.150,0.330
3084.464,SEEK_ROUNDABOUT,34.768,0,2.424,tracking,0.1498,0.3898,1,line_curve_center_riding,-0.4036,-0.3877,-0.6534,-0.6534,0.4311,3,0.2658,0.0000,0.2658,-0.5649,0.3898,IDLE,1,0,step_done_latches_cleared,0,0,0.000,0,nan,nan,nan,0.0000,0,5,0.6050,0.5460,0.2287,0.5460,0.0590,本圈台阶完成,1,0.0000,0.150,0.330
3084.595,SEEK_ROUNDABOUT,34.900,0,2.459,tracking,0.1391,0.4313,1,line_curve_center_riding,-0.4367,-0.4220,-0.6678,-0.6678,0.4384,3,0.2459,0.0000,0.2459,-0.5859,0.4313,IDLE,1,0,step_done_latches_cleared,0,0,0.000,0,nan,nan,nan,0.0000,0,5,0.6050,0.5460,0.2287,0.5460,0.0590,本圈台阶完成,1,0.0000,0.150,0.330
3084.727,SEEK_ROUNDABOUT,35.031,0,2.482,tracking,0.1290,0.4705,1,line_curve_center_riding,-0.4706,-0.4570,-0.6832,-0.6832,0.4446,3,0.2262,0.0000,0.2262,-0.6078,0.4705,IDLE,1,0,step_done_latches_cleared,0,0,0.000,0,nan,nan,nan,0.0000,0,5,0.6050,0.5460,0.2287,0.5460,0.0590,本圈台阶完成,1,0.0000,0.150,0.330
3084.851,SEEK_ROUNDABOUT,35.155,0,2.516,tracking,0.1244,0.4883,1,line_curve_center_riding,-0.4699,-0.4578,-0.6597,-0.6597,0.4581,3,0.2020,0.0000,0.2020,-0.5924,0.4883,IDLE,1,0,step_done_latches_cleared,0,0,0.000,0,nan,nan,nan,0.0000,0,5,0.6050,0.5460,0.2287,0.5460,0.0590,本圈台阶完成,1,0.0000,0.150,0.330
3085.293,SEEK_ROUNDABOUT,35.597,0,2.633,tracking,0.1247,0.4872,1,line_curve_center_riding,-0.4527,-0.4348,-0.7324,-0.8419,0.6679,5,0.2976,0.1095,0.4071,-0.6697,0.4872,IDLE,1,0,step_done_latches_cleared,0,0,0.000,0,nan,nan,nan,0.0000,0,5,0.6050,0.5460,0.2287,0.5460,0.0590,本圈台阶完成,1,0.0000,0.150,0.330
3085.445,SEEK_ROUNDABOUT,35.750,0,2.668,tracking,0.1377,0.4367,1,line_curve_center_riding,-0.3633,-0.3459,-0.6352,-0.6673,0.5768,4,0.2892,0.0322,0.3214,-0.5495,0.4367,IDLE,1,0,step_done_latches_cleared,0,0,0.000,0,nan,nan,nan,0.0000,0,5,0.6050,0.5460,0.2287,0.5460,0.0590,本圈台阶完成,1,0.0000,0.150,0.330
3085.573,SEEK_ROUNDABOUT,35.877,0,2.699,tracking,0.1517,0.3822,1,line_curve_center_riding,-0.3076,-0.2928,-0.5387,-0.6264,0.6744,5,0.2459,0.0877,0.3336,-0.4860,0.3822,IDLE,1,0,step_done_latches_cleared,0,0,0.000,0,nan,nan,nan,0.0000,0,5,0.6050,0.5460,0.2287,0.5460,0.0590,本圈台阶完成,1,0.0000,0.150,0.330
3085.702,SEEK_ROUNDABOUT,36.006,0,2.721,tracking,0.1676,0.3203,1,line_curve_center_riding,-0.2428,-0.2318,-0.4157,-0.5181,0.5990,4,0.1839,0.1023,0.2863,-0.3885,0.3203,IDLE,1,0,step_done_latches_cleared,0,0,0.000,0,nan,nan,nan,0.0000,0,5,0.6050,0.5460,0.2287,0.5460,0.0590,本圈台阶完成,1,0.0000,0.150,0.330
3085.829,SEEK_ROUNDABOUT,36.133,0,2.751,tracking,0.1700,0.2613,1,line_curve_center_riding,-0.1899,-0.1798,-0.3471,-0.3664,0.4088,2,0.1672,0.0193,0.1865,-0.2978,0.2613,IDLE,1,0,step_done_latches_cleared,0,0,0.000,0,nan,nan,nan,0.0000,0,5,0.6050,0.5460,0.2287,0.5460,0.0590,本圈台阶完成,1,0.0000,0.150,0.330
3085.961,SEEK_ROUNDABOUT,36.265,0,2.770,tracking,0.1912,0.2288,1,line_center_tracking,-0.1802,-0.1515,-0.2540,-0.2540,0.3956,2,0.1025,0.0000,0.1025,-0.2198,0.2288,IDLE,1,0,step_done_latches_cleared,0,0,0.000,0,nan,nan,nan,0.0000,0,5,0.6050,0.5460,0.2287,0.5460,0.0590,本圈台阶完成,1,0.0000,0.150,0.330
3086.085,SEEK_ROUNDABOUT,36.390,0,2.788,tracking,0.2045,0.1770,1,line_center_tracking,-0.1202,-0.0997,-0.1729,-0.1729,0.4183,2,0.0732,0.0000,0.0732,-0.1485,0.1770,IDLE,1,0,step_done_latches_cleared,0,0,0.000,0,nan,nan,nan,0.0000,0,5,0.6050,0.5460,0.2287,0.5460,0.0590,本圈台阶完成,1,0.0000,0.150,0.330
3086.213,ROUNDABOUT_APPROACH,0.000,0,2.812,tracking,0.1700,0.0816,1,line_curve_center_riding,-0.0755,-0.0648,-0.2434,-0.2434,0.4999,3,0.1786,0.0000,0.1786,-0.1839,0.0816,IDLE,1,0,step_done_latches_cleared,0,0,0.000,0,nan,nan,nan,0.0000,0,5,0.6050,0.5460,0.2287,0.5460,0.0590,本圈台阶完成,1,0.0000,0.150,0.330
3086.348,ROUNDABOUT_APPROACH,0.135,0,2.812,tracking,0.1700,0.0699,1,line_curve_center_riding,-0.0555,-0.0454,-0.2136,-0.2342,0.5982,4,0.1682,0.0206,0.1888,-0.1644,0.0699,IDLE,1,0,step_done_latches_cleared,0,0,0.000,0,nan,nan,nan,0.0000,0,5,0.6050,0.5460,0.2287,0.5460,0.0590,本圈台阶完成,1,0.0000,0.150,0.330
3086.476,ROUNDABOUT_APPROACH,0.264,0,2.812,tracking,0.1700,0.0652,1,line_curve_center_riding,-0.0557,-0.0482,-0.1732,-0.4002,0.6886,5,0.1250,0.2270,0.3520,-0.2072,0.0652,IDLE,1,0,step_done_latches_cleared,0,0,0.000,0,nan,nan,nan,0.0000,0,5,0.6050,0.5460,0.2287,0.5460,0.0590,本圈台阶完成,1,0.0000,0.150,0.330
3086.611,ROUNDABOUT_APPROACH,0.399,0,2.812,tracking,0.1700,0.0397,1,line_curve_center_riding,-0.0160,-0.0071,-0.1560,-0.3313,0.6863,5,0.1490,0.1753,0.3242,-0.1648,0.0397,IDLE,1,0,step_done_latches_cleared,0,0,0.000,0,nan,nan,nan,0.0000,0,5,0.6050,0.5460,0.2287,0.5460,0.0590,本圈台阶完成,1,0.0000,0.150,0.330
3086.753,ROUNDABOUT_APPROACH,0.540,0,2.812,tracking,0.1700,0.0345,1,line_curve_center_riding,-0.0255,-0.0176,-0.1488,-0.2782,0.7905,6,0.1311,0.1295,0.2606,-0.1482,0.0345,IDLE,1,0,step_done_latches_cleared,0,0,0.000,0,nan,nan,nan,0.0000,0,5,0.6050,0.5460,0.2287,0.5460,0.0590,本圈台阶完成,1,0.0000,0.150,0.330
3086.887,ROUNDABOUT_APPROACH,0.674,0,2.812,tracking,0.1700,0.0326,1,line_curve_center_riding,-0.0280,-0.0210,-0.1381,-0.2768,0.7032,5,0.1171,0.1387,0.2558,-0.1453,0.0326,IDLE,1,0,step_done_latches_cleared,0,0,0.000,0,nan,nan,nan,0.0000,0,5,0.6050,0.5460,0.2287,0.5460,0.0590,本圈台阶完成,1,0.0000,0.150,0.330
3087.023,ROUNDABOUT_APPROACH,0.810,0,2.812,tracking,0.2207,0.0399,1,line_center_tracking,-0.0426,-0.0140,-0.1160,-0.1957,0.6193,4,0.1020,0.0797,0.1817,-0.1086,0.0399,IDLE,1,0,step_done_latches_cleared,0,0,0.000,0,nan,nan,nan,0.0000,0,5,0.6050,0.5460,0.2287,0.5460,0.0590,本圈台阶完成,1,0.0000,0.150,0.330
3087.154,ROUNDABOUT_APPROACH,0.941,0,2.812,tracking,0.1709,0.0337,1,line_curve_center_riding,-0.0269,-0.0187,-0.1554,-0.2592,0.8808,7,0.1367,0.1039,0.2405,-0.1445,0.0337,IDLE,1,0,step_done_latches_cleared,0,0,0.000,0,nan,nan,nan,0.0000,0,5,0.6050,0.5460,0.2287,0.5460,0.0590,本圈台阶完成,1,0.0000,0.150,0.330
3087.294,ROUNDABOUT_APPROACH,1.081,0,2.812,tracking,0.2215,0.0452,1,line_center_tracking,-0.0505,-0.0313,-0.0999,-0.0999,0.4218,2,0.0686,0.0000,0.0686,-0.0770,0.0452,IDLE,1,0,step_done_latches_cleared,0,0,0.000,0,nan,nan,nan,0.0000,0,5,0.6050,0.5460,0.2287,0.5460,0.0590,本圈台阶完成,1,0.0000,0.150,0.330
3087.424,ROUNDABOUT_APPROACH,1.211,0,2.812,tracking,0.1723,0.0379,1,line_curve_center_riding,-0.0304,-0.0229,-0.1468,-0.2512,0.7015,5,0.1238,0.1044,0.2282,-0.1403,0.0379,IDLE,1,0,step_done_latches_cleared,0,0,0.000,0,nan,nan,nan,0.0000,0,5,0.6050,0.5460,0.2287,0.5460,0.0590,本圈台阶完成,1,0.0000,0.150,0.330
3087.579,ROUNDABOUT_APPROACH,1.366,0,2.812,tracking,0.1700,0.0429,1,line_curve_center_riding,-0.0431,-0.0327,-0.2057,-0.2802,0.6931,5,0.1730,0.0745,0.2475,-0.1729,0.0429,IDLE,1,0,step_done_latches_cleared,0,0,0.000,0,nan,nan,nan,0.0000,0,5,0.6050,0.5460,0.2287,0.5460,0.0590,本圈台阶完成,1,0.0000,0.150,0.330
3087.708,ROUNDABOUT_APPROACH,1.495,0,2.812,tracking,0.1700,0.0247,1,line_curve_center_riding,-0.0089,0.0022,-0.1827,-0.2758,0.8674,7,0.1849,0.0931,0.2780,-0.1521,0.0247,IDLE,1,0,step_done_latches_cleared,0,0,0.000,0,nan,nan,nan,0.0000,0,5,0.6050,0.5460,0.2287,0.5460,0.0590,本圈台阶完成,1,0.0000,0.150,0.330
3087.844,ROUNDABOUT_APPROACH,1.631,0,2.812,tracking,0.1700,0.0256,1,line_curve_center_riding,-0.0228,-0.0151,-0.1427,-0.2506,0.5170,3,0.1276,0.1079,0.2355,-0.1361,0.0256,IDLE,1,0,step_done_latches_cleared,0,0,0.000,0,nan,nan,nan,0.0000,0,5,0.6050,0.5460,0.2287,0.5460,0.0590,本圈台阶完成,1,0.0000,0.150,0.330
3087.981,ROUNDABOUT_APPROACH,1.768,0,2.812,tracking,0.2207,0.0417,1,line_center_tracking,-0.0513,-0.0313,-0.1028,-0.1028,0.4445,2,0.0716,0.0000,0.0716,-0.0790,0.0417,IDLE,1,0,step_done_latches_cleared,0,0,0.000,0,nan,nan,nan,0.0000,0,5,0.6050,0.5460,0.2287,0.5460,0.0590,本圈台阶完成,1,0.0000,0.150,0.330
3088.106,ROUNDABOUT_APPROACH,1.893,0,2.812,tracking,0.1730,0.0412,1,line_curve_center_riding,-0.0391,-0.0324,-0.1447,-0.2183,0.7071,5,0.1123,0.0736,0.1859,-0.1318,0.0412,IDLE,1,0,step_done_latches_cleared,0,0,0.000,0,nan,nan,nan,0.0000,0,5,0.6050,0.5460,0.2287,0.5460,0.0590,本圈台阶完成,1,0.0000,0.150,0.330
3088.245,ROUNDABOUT_APPROACH,2.032,0,2.812,tracking,0.1700,0.0653,1,line_curve_center_riding,-0.0798,-0.0697,-0.2389,-0.3012,0.5998,4,0.1692,0.0624,0.2316,-0.2033,0.0653,IDLE,1,0,step_done_latches_cleared,0,0,0.000,0,nan,nan,nan,0.0000,0,5,0.6050,0.5460,0.2287,0.5460,0.0590,本圈台阶完成,1,0.0000,0.150,0.330
3088.378,ROUNDABOUT_APPROACH,2.166,0,2.812,tracking,0.2207,0.0546,1,line_center_tracking,-0.0441,-0.0221,-0.1006,-0.1006,0.5399,3,0.0785,0.0000,0.0785,-0.0745,0.0546,IDLE,1,0,step_done_latches_cleared,0,0,0.000,0,nan,nan,nan,0.0000,0,5,0.6050,0.5460,0.2287,0.5460,0.0590,本圈台阶完成,1,0.0000,0.150,0.330
3088.507,ROUNDABOUT_APPROACH,2.295,0,2.812,tracking,0.1717,0.0593,1,line_curve_center_riding,-0.0580,-0.0511,-0.1658,-0.2380,0.6180,4,0.1147,0.0722,0.1869,-0.1516,0.0593,IDLE,1,0,step_done_latches_cleared,0,0,0.000,0,nan,nan,nan,0.0000,0,5,0.6050,0.5460,0.2287,0.5460,0.0590,本圈台阶完成,1,0.0000,0.150,0.330
3088.647,ROUNDABOUT_APPROACH,2.434,0,2.812,tracking,0.2224,0.0982,1,line_center_tracking,-0.1223,-0.0905,-0.2042,-0.2423,0.6824,5,0.1137,0.0381,0.1519,-0.1790,0.0982,IDLE,1,0,step_done_latches_cleared,0,0,0.000,0,nan,nan,nan,0.0000,0,5,0.6050,0.5460,0.2287,0.5460,0.0590,本圈台阶完成,1,0.0000,0.150,0.330
3088.776,ROUNDABOUT_APPROACH,2.564,0,2.812,tracking,0.2194,0.1191,1,line_center_tracking,-0.1300,-0.1051,-0.1940,-0.2075,0.5305,3,0.0889,0.0135,0.1024,-0.1688,0.1191,IDLE,1,0,step_done_latches_cleared,0,0,0.000,0,nan,nan,nan,0.0000,0,5,0.6050,0.5460,0.2287,0.5460,0.0590,本圈台阶完成,1,0.0000,0.150,0.330
3088.903,ROUNDABOUT_APPROACH,2.690,0,2.812,tracking,0.1713,0.0825,1,line_curve_center_riding,-0.0501,-0.0353,-0.2815,-0.2815,0.3491,2,0.2462,0.0000,0.2462,-0.1994,0.0825,IDLE,1,0,step_done_latches_cleared,0,0,0.000,0,nan,nan,nan,0.0000,0,5,0.6050,0.5460,0.2287,0.5460,0.0590,本圈台阶完成,1,0.0000,0.150,0.330
3089.030,ROUNDABOUT_APPROACH,2.817,0,2.812,tracking,0.2003,0.1931,1,line_center_tracking,-0.2619,-0.2470,-0.3004,-0.3004,0.3249,2,0.0534,0.0000,0.0534,-0.2826,0.1931,IDLE,1,0,step_done_latches_cleared,0,0,0.000,0,nan,nan,nan,0.0000,0,5,0.6050,0.5460,0.2287,0.5460,0.0590,本圈台阶完成,1,0.0000,0.150,0.330
3089.162,ROUNDABOUT_APPROACH,2.949,0,2.812,tracking,0.1949,0.2141,1,line_center_tracking,-0.2245,-0.2502,-0.1584,-0.1584,0.5992,4,0.0918,0.0000,0.0918,-0.1890,0.2141,IDLE,1,0,step_done_latches_cleared,0,0,0.000,0,nan,nan,nan,0.0000,0,5,0.6050,0.5460,0.2287,0.5460,0.0590,本圈台阶完成,1,0.0000,0.150,0.330
3089.295,ROUNDABOUT_APPROACH,3.082,0,2.812,tracking,0.2087,0.1606,1,line_center_tracking,-0.1094,-0.1206,-0.0806,-0.0806,0.3626,2,0.0400,0.0000,0.0400,-0.0940,0.1606,IDLE,1,0,step_done_latches_cleared,0,0,0.000,0,nan,nan,nan,0.0000,0,5,0.6050,0.5460,0.2287,0.5460,0.0590,本圈台阶完成,1,0.0000,0.150,0.330
3089.428,ROUNDABOUT_APPROACH,3.215,0,2.812,tracking,0.1700,0.1117,1,line_curve_center_riding,-0.0605,-0.0575,-0.1076,-0.3514,0.6767,5,0.0501,0.2438,0.2939,-0.1722,0.1117,IDLE,1,0,step_done_latches_cleared,0,0,0.000,0,nan,nan,nan,0.0000,0,5,0.6050,0.5460,0.2287,0.5460,0.0590,本圈台阶完成,1,0.0000,0.150,0.330
3089.554,ROUNDABOUT_APPROACH,3.341,0,2.812,tracking,0.2180,0.0792,1,line_center_tracking,-0.0433,-0.0450,-0.0390,-0.1082,0.7176,5,0.0060,0.0692,0.0632,-0.0641,0.0792,IDLE,1,0,step_done_latches_cleared,0,0,0.000,0,nan,nan,nan,0.0000,0,5,0.6050,0.5460,0.2287,0.5460,0.0590,本圈台阶完成,1,0.0000,0.150,0.330
3089.697,ROUNDABOUT_APPROACH,3.485,0,2.812,tracking,0.2384,0.0451,1,line_center_tracking,-0.0108,-0.0043,-0.0274,-0.0471,0.7146,5,0.0231,0.0197,0.0428,-0.0263,0.0451,IDLE,1,0,step_done_latches_cleared,0,0,0.000,0,nan,nan,nan,0.0000,0,5,0.6050,0.5460,0.2287,0.5460,0.0590,本圈台阶完成,1,0.0000,0.150,0.330
3089.826,ROUNDABOUT_APPROACH,3.613,0,2.812,tracking,0.2337,0.0092,1,line_center_tracking,0.0227,0.0445,-0.0334,-0.1025,0.5231,3,0.0778,0.0691,0.1469,-0.0304,0.0092,IDLE,1,0,step_done_latches_cleared,0,0,0.000,0,nan,nan,nan,0.0000,0,5,0.6050,0.5460,0.2287,0.5460,0.0590,本圈台阶完成,1,0.0000,0.150,0.330
3089.951,ROUNDABOUT_APPROACH,3.738,0,2.812,tracking,0.2402,-0.0191,1,line_center_tracking,0.0432,0.0504,0.0247,-0.0072,0.6413,4,0.0258,0.0319,0.0577,0.0226,-0.0191,IDLE,1,0,step_done_latches_cleared,0,0,0.000,0,nan,nan,nan,0.0000,0,5,0.6050,0.5460,0.2287,0.5460,0.0590,本圈台阶完成,1,0.0000,0.150,0.330
3090.079,ROUNDABOUT_APPROACH,3.867,0,2.812,tracking,0.2368,-0.0396,1,line_center_tracking,0.0557,0.0677,0.0250,0.0141,0.8061,6,0.0427,0.0109,0.0536,0.0356,-0.0396,IDLE,1,0,step_done_latches_cleared,0,0,0.000,0,nan,nan,nan,0.0000,0,5,0.6050,0.5460,0.2287,0.5460,0.0590,本圈台阶完成,1,0.0000,0.150,0.330
3090.210,ROUNDABOUT_APPROACH,3.997,0,2.812,tracking,0.2385,-0.0225,1,line_center_tracking,0.0097,0.0285,-0.0386,-0.0072,0.7075,5,0.0670,0.0313,0.0357,-0.0058,-0.0225,IDLE,1,0,step_done_latches_cleared,0,0,0.000,0,nan,nan,nan,0.0000,0,5,0.6050,0.5460,0.2287,0.5460,0.0590,本圈台阶完成,1,0.0000,0.150,0.330
3090.348,ROUNDABOUT_APPROACH,4.135,0,2.812,tracking,0.1879,-0.0126,1,line_curve_center_riding,0.0024,0.0049,-0.0362,-0.8473,0.6110,5,0.0411,0.8111,0.8522,-0.2929,-0.0126,IDLE,1,0,step_done_latches_cleared,0,0,0.000,0,nan,nan,nan,0.0000,0,5,0.6050,0.5460,0.2287,0.5460,0.0590,本圈台阶完成,1,0.0000,0.150,0.330
3090.501,ROUNDABOUT_APPROACH,4.288,0,2.812,tracking,0.2385,0.0056,1,line_center_tracking,-0.0210,-0.0257,-0.0089,-0.0212,0.7059,5,0.0168,0.0123,0.0045,-0.0186,0.0056,IDLE,1,0,step_done_latches_cleared,0,0,0.000,0,nan,nan,nan,0.0000,0,5,0.6050,0.5460,0.2287,0.5460,0.0590,本圈台阶完成,1,0.0000,0.150,0.330
3090.633,ROUNDABOUT_APPROACH,4.420,0,2.812,tracking,0.1882,0.0067,1,line_curve_center_riding,-0.0085,0.0044,-0.2109,-0.5090,0.5510,4,0.2153,0.2981,0.5134,-0.2385,0.0067,IDLE,1,0,step_done_latches_cleared,0,0,0.000,0,nan,nan,nan,0.0000,0,5,0.6050,0.5460,0.2287,0.5460,0.0590,本圈台阶完成,1,0.0000,0.150,0.330
3090.762,ROUNDABOUT_APPROACH,4.549,0,2.812,tracking,0.1450,0.0212,1,line_curve_center_riding,-0.0313,-0.0165,-0.2626,-0.6068,0.5240,4,0.2461,0.3442,0.5903,-0.2953,0.0212,IDLE,1,0,step_done_latches_cleared,0,0,0.000,0,nan,nan,nan,0.0000,0,5,0.6050,0.5460,0.2287,0.5460,0.0590,本圈台阶完成,1,0.0000,0.150,0.330
3090.895,ROUNDABOUT_APPROACH,4.682,0,2.812,tracking,0.1953,0.0040,1,line_center_tracking,0.0085,0.0102,0.0041,-0.0144,0.7205,5,0.0061,0.0185,0.0245,-0.0000,0.0040,IDLE,1,0,step_done_latches_cleared,0,0,0.000,0,nan,nan,nan,0.0000,0,5,0.6050,0.5460,0.2287,0.5460,0.0590,本圈台阶完成,1,0.0000,0.150,0.330
3091.030,ROUNDABOUT_APPROACH,4.817,0,2.812,tracking,0.1700,0.0219,1,line_curve_center_riding,-0.0331,-0.0256,-0.1510,-0.1510,0.4874,3,0.1253,0.0000,0.1253,-0.1092,0.0219,IDLE,1,0,step_done_latches_cleared,0,0,0.000,0,nan,nan,nan,0.0000,0,5,0.6050,0.5460,0.2287,0.5460,0.0590,本圈台阶完成,1,0.0000,0.150,0.330
3091.159,ROUNDABOUT_APPROACH,4.946,0,2.812,tracking,0.1329,-0.0351,1,line_recenter_transition,0.0757,0.0894,-0.5953,-0.6719,0.3752,3,0.6847,0.0766,0.7613,-0.3926,-0.0351,IDLE,1,0,step_done_latches_cleared,0,0,0.000,0,nan,nan,nan,0.0000,0,5,0.6050,0.5460,0.2287,0.5460,0.0590,本圈台阶完成,1,0.0000,0.150,0.330
3091.297,ROUNDABOUT_APPROACH,5.084,0,2.812,tracking,0.1450,0.0002,1,line_curve_center_riding,-0.0232,0.0108,-0.5550,-0.6719,0.6248,5,0.5657,0.1169,0.6826,-0.4054,0.0002,IDLE,1,0,step_done_latches_cleared,0,0,0.000,0,nan,nan,nan,0.0000,0,5,0.6050,0.5460,0.2287,0.5460,0.0590,本圈台阶完成,1,0.0000,0.150,0.330
3091.435,ROUNDABOUT_APPROACH,5.222,0,2.812,tracking,0.1450,0.0699,1,line_curve_center_riding,-0.1226,-0.0921,-0.6018,-0.6841,0.5127,4,0.5098,0.0822,0.5920,-0.4593,0.0699,IDLE,1,0,step_done_latches_cleared,0,0,0.000,0,nan,nan,nan,0.0000,0,5,0.6050,0.5460,0.2287,0.5460,0.0590,本圈台阶完成,1,0.0000,0.150,0.330
3091.566,ROUNDABOUT_APPROACH,5.353,0,2.812,tracking,0.1450,0.1207,1,line_curve_center_riding,-0.1578,-0.1276,-0.6315,-0.7184,0.5034,4,0.5039,0.0870,0.5909,-0.4925,0.1207,IDLE,1,0,step_done_latches_cleared,0,0,0.000,0,nan,nan,nan,0.0000,0,5,0.6050,0.5460,0.2287,0.5460,0.0590,本圈台阶完成,1,0.0000,0.150,0.330
3091.695,ROUNDABOUT_APPROACH,5.482,0,2.812,tracking,0.1450,0.1336,1,line_curve_center_riding,-0.1389,-0.1169,-0.4841,-0.4841,0.4151,3,0.3672,0.0000,0.3672,-0.3617,0.1336,IDLE,1,0,step_done_latches_cleared,0,0,0.000,0,nan,nan,nan,0.0000,0,5,0.6050,0.5460,0.2287,0.5460,0.0590,本圈台阶完成,1,0.0000,0.150,0.330
3091.827,ROUNDABOUT_APPROACH,5.614,0,2.812,tracking,0.1953,0.0578,1,line_center_tracking,0.0044,0.0300,-0.0615,0.0105,0.7047,5,0.0915,0.0720,0.0195,-0.0070,0.0578,IDLE,1,0,step_done_latches_cleared,0,0,0.000,0,nan,nan,nan,0.0000,0,5,0.6050,0.5460,0.2287,0.5460,0.0590,本圈台阶完成,1,0.0000,0.150,0.330
3091.967,ROUNDABOUT_APPROACH,5.754,0,2.812,tracking,0.1700,0.0591,1,line_curve_center_riding,-0.0492,-0.0567,0.0683,0.0584,0.7898,6,0.1250,0.0100,0.1151,0.0233,0.0591,IDLE,1,0,step_done_latches_cleared,0,0,0.000,0,nan,nan,nan,0.0000,0,5,0.6050,0.5460,0.2287,0.5460,0.0590,本圈台阶完成,1,0.0000,0.150,0.330
3092.102,ROUNDABOUT_APPROACH,5.889,0,2.812,tracking,0.1700,0.0737,1,line_curve_center_riding,-0.0792,-0.0906,0.0993,0.0993,0.4788,3,0.1899,0.0000,0.1899,0.0360,0.0737,IDLE,1,0,step_done_latches_cleared,0,0,0.000,0,nan,nan,nan,0.0000,0,5,0.6050,0.5460,0.2287,0.5460,0.0590,本圈台阶完成,1,0.0000,0.150,0.330
3092.228,ROUNDABOUT_APPROACH,6.015,0,2.812,tracking,0.1700,0.0212,1,line_curve_center_riding,0.0201,0.0118,0.1501,0.1064,0.7028,5,0.1383,0.0437,0.0947,0.0894,0.0212,IDLE,1,0,step_done_latches_cleared,0,0,0.000,0,nan,nan,nan,0.0000,0,5,0.6050,0.5460,0.2287,0.5460,0.0590,本圈台阶完成,1,0.0000,0.150,0.330
3092.360,ROUNDABOUT_APPROACH,6.147,0,2.812,tracking,0.2202,-0.0496,1,line_center_tracking,0.1063,0.0911,0.1455,0.1455,0.3220,2,0.0544,0.0000,0.0544,0.1273,-0.0496,IDLE,1,0,step_done_latches_cleared,0,0,0.000,0,nan,nan,nan,0.0000,0,5,0.6050,0.5460,0.2287,0.5460,0.0590,本圈台阶完成,1,0.0000,0.150,0.330
3092.506,ROUNDABOUT_APPROACH,6.293,0,2.812,tracking,0.2270,-0.0893,1,line_center_tracking,0.1216,0.1043,0.1661,0.1661,0.3012,2,0.0618,0.0000,0.0618,0.1455,-0.0893,IDLE,1,0,step_done_latches_cleared,0,0,0.000,0,nan,nan,nan,0.0000,0,5,0.6050,0.5460,0.2287,0.5460,0.0590,本圈台阶完成,1,0.0000,0.150,0.330
3092.631,ROUNDABOUT_APPROACH,6.418,0,2.812,tracking,0.2230,-0.1050,1,line_center_tracking,0.1132,0.0947,0.1608,0.1608,0.2890,2,0.0661,0.0000,0.0661,0.1388,-0.1050,IDLE,1,0,step_done_latches_cleared,0,0,0.000,0,nan,nan,nan,0.0000,0,5,0.6050,0.5460,0.2287,0.5460,0.0590,本圈台阶完成,1,0.0000,0.150,0.330
3092.763,ROUNDABOUT_APPROACH,6.550,0,2.812,tracking,0.2236,-0.1025,1,line_center_tracking,0.0948,0.0753,0.1451,0.1451,0.2787,2,0.0698,0.0000,0.0698,0.1218,-0.1025,IDLE,1,0,step_done_latches_cleared,0,0,0.000,0,nan,nan,nan,0.0000,0,5,0.6050,0.5460,0.2287,0.5460,0.0590,本圈台阶完成,1,0.0000,0.150,0.330
3092.902,ROUNDABOUT_APPROACH,6.689,0,2.812,tracking,0.2240,-0.1012,1,line_center_tracking,0.0927,0.0902,0.0991,0.0713,0.9005,7,0.0089,0.0278,0.0189,0.0868,-0.1012,IDLE,1,0,step_done_latches_cleared,0,0,0.000,0,nan,nan,nan,0.0000,0,5,0.6050,0.5460,0.2287,0.5460,0.0590,本圈台阶完成,1,0.0000,0.150,0.330
3093.038,ROUNDABOUT_APPROACH,6.826,0,2.812,tracking,0.2253,-0.0962,1,line_center_tracking,0.0850,0.0908,0.0703,0.0455,0.8183,6,0.0205,0.0248,0.0453,0.0688,-0.0962,IDLE,1,0,step_done_latches_cleared,0,0,0.000,0,nan,nan,nan,0.0000,0,5,0.6050,0.5460,0.2287,0.5460,0.0590,本圈台阶完成,1,0.0000,0.150,0.330
3093.174,ROUNDABOUT_APPROACH,6.961,0,2.812,tracking,0.2285,-0.0837,1,line_center_tracking,0.0671,0.0708,0.0576,0.0576,0.4648,2,0.0132,0.0000,0.0132,0.0620,-0.0837,IDLE,1,0,step_done_latches_cleared,0,0,0.000,0,nan,nan,nan,0.0000,0,5,0.6050,0.5460,0.2287,0.5460,0.0590,本圈台阶完成,1,0.0000,0.150,0.330
3093.308,ROUNDABOUT_APPROACH,7.096,0,2.812,tracking,0.1778,0.2496,1,line_curve_center_riding,-0.5897,-0.5731,-0.8500,-0.8500,0.2605,2,0.2769,0.0000,0.2769,-0.7577,0.2496,IDLE,1,0,step_done_latches_cleared,0,0,0.000,0,nan,nan,nan,0.0000,0,5,0.6050,0.5460,0.2287,0.5460,0.0590,本圈台阶完成,1,0.0000,0.150,0.330
3093.437,ROUNDABOUT_APPROACH,7.224,0,2.812,tracking,0.1450,0.3378,1,line_curve_center_riding,-0.3725,-0.3966,0.0048,-0.0033,0.7710,6,0.4014,0.0081,0.3933,-0.1317,0.3378,IDLE,1,0,step_done_latches_cleared,0,0,0.000,0,nan,nan,nan,0.0000,0,5,0.6050,0.5460,0.2287,0.5460,0.0590,本圈台阶完成,1,0.0000,0.150,0.330
3093.569,ROUNDABOUT_APPROACH,7.356,0,2.812,tracking,0.1952,0.1240,1,line_center_tracking,0.0465,0.0567,0.0203,-0.0110,0.8155,6,0.0363,0.0313,0.0677,0.0220,0.1240,IDLE,1,0,step_done_latches_cleared,0,0,0.000,0,nan,nan,nan,0.0000,0,5,0.6050,0.5460,0.2287,0.5460,0.0590,本圈台阶完成,1,0.0000,0.150,0.330
3093.700,ROUNDABOUT,0.000,0,2.812,icn_entry_left,0.1900,0.3600,1,line_center_tracking,0.1161,0.1234,0.0973,0.0973,0.5533,3,0.0261,0.0000,0.0261,0.1060,0.3600,IDLE,1,0,step_done_latches_cleared,0,0,0.000,0,nan,nan,nan,0.0000,0,5,0.6050,0.5460,0.2287,0.5460,0.0590,本圈台阶完成,1,0.0000,0.150,0.330
3093.824,ROUNDABOUT,0.125,0,2.812,icn_entry_left,0.1900,0.3600,0,line_too_few_bands,0.0000,0.0000,0.0000,0.0000,0.0000,0,0.0000,0.0000,0.0000,0.0000,0.3600,IDLE,1,0,step_done_latches_cleared,0,0,0.000,0,nan,nan,nan,0.0000,0,5,0.6050,0.5460,0.2287,0.5460,0.0590,本圈台阶完成,1,0.0000,0.150,0.330
3093.962,ROUNDABOUT,0.262,0,2.812,icn_entry_left,0.1900,0.3600,1,line_center_tracking,0.2012,0.2148,0.1660,0.1206,0.8122,6,0.0488,0.0455,0.0943,0.1671,0.3600,IDLE,1,0,step_done_latches_cleared,0,0,0.000,0,nan,nan,nan,0.0000,0,5,0.6050,0.5460,0.2287,0.5460,0.0590,本圈台阶完成,1,0.0000,0.150,0.330
3094.089,ROUNDABOUT,0.390,0,2.812,icn_entry_left,0.1900,0.3600,1,line_center_tracking,0.2916,0.3037,0.2606,0.2548,0.6319,4,0.0431,0.0058,0.0489,0.2730,0.3600,IDLE,1,0,step_done_latches_cleared,0,0,0.000,0,nan,nan,nan,0.0000,0,5,0.6050,0.5460,0.2287,0.5460,0.0590,本圈台阶完成,1,0.0000,0.150,0.330
3094.223,ROUNDABOUT,0.523,0,2.812,icn_entry_left,0.1900,0.3600,1,line_center_tracking,0.3649,0.3723,0.3458,0.3109,0.8809,7,0.0266,0.0349,0.0614,0.3430,0.3600,IDLE,1,0,step_done_latches_cleared,0,0,0.000,0,nan,nan,nan,0.0000,0,5,0.6050,0.5460,0.2287,0.5460,0.0590,本圈台阶完成,1,0.0000,0.150,0.330
3094.355,ROUNDABOUT,0.656,0,2.812,icn_entry_left,0.1900,0.3600,1,line_center_tracking,0.4839,0.4895,0.4695,0.4541,0.6413,4,0.0199,0.0155,0.0354,0.4710,0.3600,IDLE,1,0,step_done_latches_cleared,0,0,0.000,0,nan,nan,nan,0.0000,0,5,0.6050,0.5460,0.2287,0.5460,0.0590,本圈台阶完成,1,0.0000,0.150,0.330
3094.486,ROUNDABOUT,0.786,0,2.812,icn_entry_left,0.1900,0.3600,1,line_hard_turn_centering,0.6094,0.6094,0.6094,0.6094,0.2375,1,0.0000,0.0000,0.0000,0.6094,0.3600,IDLE,1,0,step_done_latches_cleared,0,0,0.000,0,nan,nan,nan,0.0000,0,5,0.6050,0.5460,0.2287,0.5460,0.0590,本圈台阶完成,1,0.0000,0.150,0.330
3094.619,ROUNDABOUT,0.919,0,2.812,icn_entry_left,0.1900,0.3600,1,line_hard_turn_centering,0.6542,0.6542,0.6542,0.6490,0.4721,2,0.0000,0.0052,0.0052,0.6525,0.3600,IDLE,1,0,step_done_latches_cleared,0,0,0.000,0,nan,nan,nan,0.0000,0,5,0.6050,0.5460,0.2287,0.5460,0.0590,本圈台阶完成,1,0.0000,0.150,0.330
3094.747,ROUNDABOUT,1.047,0,2.812,icn_entry_left,0.1900,0.3600,0,line_too_few_bands,0.0000,0.0000,0.0000,0.0000,0.0000,0,0.0000,0.0000,0.0000,0.0000,0.3600,IDLE,1,0,step_done_latches_cleared,0,0,0.000,0,nan,nan,nan,0.0000,0,5,0.6050,0.5460,0.2287,0.5460,0.0590,本圈台阶完成,1,0.0000,0.150,0.330
3094.868,ROUNDABOUT,1.168,0,2.812,icn_entry_left,0.1900,0.3600,0,line_too_few_bands,0.0000,0.0000,0.0000,0.0000,0.0000,0,0.0000,0.0000,0.0000,0.0000,0.3600,IDLE,1,0,step_done_latches_cleared,0,0,0.000,0,nan,nan,nan,0.0000,0,5,0.6050,0.5460,0.2287,0.5460,0.0590,本圈台阶完成,1,0.0000,0.150,0.330
3094.992,ROUNDABOUT,1.292,0,2.812,icn_entry_left,0.1900,0.3600,0,line_too_few_bands,0.0000,0.0000,0.0000,0.0000,0.0000,0,0.0000,0.0000,0.0000,0.0000,0.3600,IDLE,1,0,step_done_latches_cleared,0,0,0.000,0,nan,nan,nan,0.0000,0,5,0.6050,0.5460,0.2287,0.5460,0.0590,本圈台阶完成,1,0.0000,0.150,0.330
3095.121,ROUNDABOUT,1.421,0,2.812,icn_entry_left,0.1900,0.3600,0,line_too_few_bands,0.0000,0.0000,0.0000,0.0000,0.0000,0,0.0000,0.0000,0.0000,0.0000,0.3600,IDLE,1,0,step_done_latches_cleared,0,0,0.000,0,nan,nan,nan,0.0000,0,5,0.6050,0.5460,0.2287,0.5460,0.0590,本圈台阶完成,1,0.0000,0.150,0.330
3095.243,ROUNDABOUT,1.544,0,2.812,icn_entry_left,0.1900,0.3600,0,line_too_few_bands,0.0000,0.0000,0.0000,0.0000,0.0000,0,0.0000,0.0000,0.0000,0.0000,0.3600,IDLE,1,0,step_done_latches_cleared,0,0,0.000,0,nan,nan,nan,0.0000,0,5,0.6050,0.5460,0.2287,0.5460,0.0590,本圈台阶完成,1,0.0000,0.150,0.330
3095.369,ROUNDABOUT,1.669,0,2.812,icn_entry_left,0.1900,0.3600,0,line_too_few_bands,0.0000,0.0000,0.0000,0.0000,0.0000,0,0.0000,0.0000,0.0000,0.0000,0.3600,IDLE,1,0,step_done_latches_cleared,0,0,0.000,0,nan,nan,nan,0.0000,0,5,0.6050,0.5460,0.2287,0.5460,0.0590,本圈台阶完成,1,0.0000,0.150,0.330
3095.495,ROUNDABOUT,1.795,0,2.812,icn_entry_left,0.1900,0.3600,0,line_too_few_bands,0.0000,0.0000,0.0000,0.0000,0.0000,0,0.0000,0.0000,0.0000,0.0000,0.3600,IDLE,1,0,step_done_latches_cleared,0,0,0.000,0,nan,nan,nan,0.0000,0,5,0.6050,0.5460,0.2287,0.5460,0.0590,本圈台阶完成,1,0.0000,0.150,0.330
3095.623,ROUNDABOUT,1.924,0,2.812,icn_entry_left,0.1900,0.3600,0,line_too_few_bands,0.0000,0.0000,0.0000,0.0000,0.0000,0,0.0000,0.0000,0.0000,0.0000,0.3600,IDLE,1,0,step_done_latches_cleared,0,0,0.000,0,nan,nan,nan,0.0000,0,5,0.6050,0.5460,0.2287,0.5460,0.0590,本圈台阶完成,1,0.0000,0.150,0.330
3095.778,ROUNDABOUT,2.078,0,2.812,icn_entry_left,0.1900,0.3600,0,line_too_few_bands,0.0000,0.0000,0.0000,0.0000,0.0000,0,0.0000,0.0000,0.0000,0.0000,0.3600,IDLE,1,0,step_done_latches_cleared,0,0,0.000,0,nan,nan,nan,0.0000,0,5,0.6050,0.5460,0.2287,0.5460,0.0590,本圈台阶完成,1,0.0000,0.150,0.330
3095.912,ROUNDABOUT,2.212,0,2.812,icn_entry_left,0.1900,0.3600,0,line_too_few_bands,0.0000,0.0000,0.0000,0.0000,0.0000,0,0.0000,0.0000,0.0000,0.0000,0.3600,IDLE,1,0,step_done_latches_cleared,0,0,0.000,0,nan,nan,nan,0.0000,0,5,0.6050,0.5460,0.2287,0.5460,0.0590,本圈台阶完成,1,0.0000,0.150,0.330
3096.043,ROUNDABOUT,2.343,0,2.812,icn_entry_left,0.1900,0.3600,0,line_too_few_bands,0.0000,0.0000,0.0000,0.0000,0.0000,0,0.0000,0.0000,0.0000,0.0000,0.3600,IDLE,1,0,step_done_latches_cleared,0,0,0.000,0,nan,nan,nan,0.0000,0,5,0.6050,0.5460,0.2287,0.5460,0.0590,本圈台阶完成,1,0.0000,0.150,0.330
3096.171,ROUNDABOUT,2.472,0,2.812,icn_entry_left,0.1900,0.3600,0,line_too_few_bands,0.0000,0.0000,0.0000,0.0000,0.0000,0,0.0000,0.0000,0.0000,0.0000,0.3600,IDLE,1,0,step_done_latches_cleared,0,0,0.000,0,nan,nan,nan,0.0000,0,5,0.6050,0.5460,0.2287,0.5460,0.0590,本圈台阶完成,1,0.0000,0.150,0.330
3096.299,ROUNDABOUT,2.599,0,2.812,icn_entry_left,0.1900,0.3600,0,line_too_few_bands,0.0000,0.0000,0.0000,0.0000,0.0000,0,0.0000,0.0000,0.0000,0.0000,0.3600,IDLE,1,0,step_done_latches_cleared,0,0,0.000,0,nan,nan,nan,0.0000,0,5,0.6050,0.5460,0.2287,0.5460,0.0590,本圈台阶完成,1,0.0000,0.150,0.330
3096.422,ROUNDABOUT,2.722,0,2.812,icn_entry_left,0.1900,0.3600,0,line_too_few_bands,0.0000,0.0000,0.0000,0.0000,0.0000,0,0.0000,0.0000,0.0000,0.0000,0.3600,IDLE,1,0,step_done_latches_cleared,0,0,0.000,0,nan,nan,nan,0.0000,0,5,0.6050,0.5460,0.2287,0.5460,0.0590,本圈台阶完成,1,0.0000,0.150,0.330
3096.556,ROUNDABOUT,2.856,0,2.812,icn_entry_left,0.1900,0.3600,0,line_too_few_bands,0.0000,0.0000,0.0000,0.0000,0.0000,0,0.0000,0.0000,0.0000,0.0000,0.3600,IDLE,1,0,step_done_latches_cleared,0,0,0.000,0,nan,nan,nan,0.0000,0,5,0.6050,0.5460,0.2287,0.5460,0.0590,本圈台阶完成,1,0.0000,0.150,0.330
3096.694,ROUNDABOUT,2.994,0,2.812,icn_entry_left,0.1900,0.3600,0,line_too_few_bands,0.0000,0.0000,0.0000,0.0000,0.0000,0,0.0000,0.0000,0.0000,0.0000,0.3600,IDLE,1,0,step_done_latches_cleared,0,0,0.000,0,nan,nan,nan,0.0000,0,5,0.6050,0.5460,0.2287,0.5460,0.0590,本圈台阶完成,1,0.0000,0.150,0.330
3096.820,ROUNDABOUT,3.120,0,2.812,icn_entry_left,0.1900,0.3600,0,line_too_few_bands,0.0000,0.0000,0.0000,0.0000,0.0000,0,0.0000,0.0000,0.0000,0.0000,0.3600,IDLE,1,0,step_done_latches_cleared,0,0,0.000,0,nan,nan,nan,0.0000,0,5,0.6050,0.5460,0.2287,0.5460,0.0590,本圈台阶完成,1,0.0000,0.150,0.330
3096.953,ROUNDABOUT,3.253,0,2.812,icn_entry_left,0.1900,0.3600,0,line_too_few_bands,0.0000,0.0000,0.0000,0.0000,0.0000,0,0.0000,0.0000,0.0000,0.0000,0.3600,IDLE,1,0,step_done_latches_cleared,0,0,0.000,0,nan,nan,nan,0.0000,0,5,0.6050,0.5460,0.2287,0.5460,0.0590,本圈台阶完成,1,0.0000,0.150,0.330
3097.085,ROUNDABOUT,3.386,0,2.812,icn_entry_left,0.1900,0.3600,0,line_too_few_bands,0.0000,0.0000,0.0000,0.0000,0.0000,0,0.0000,0.0000,0.0000,0.0000,0.3600,IDLE,1,0,step_done_latches_cleared,0,0,0.000,0,nan,nan,nan,0.0000,0,5,0.6050,0.5460,0.2287,0.5460,0.0590,本圈台阶完成,1,0.0000,0.150,0.330
3097.213,ROUNDABOUT,3.513,0,2.812,icn_entry_left,0.1900,0.3600,0,line_too_few_bands,0.0000,0.0000,0.0000,0.0000,0.0000,0,0.0000,0.0000,0.0000,0.0000,0.3600,IDLE,1,0,step_done_latches_cleared,0,0,0.000,0,nan,nan,nan,0.0000,0,5,0.6050,0.5460,0.2287,0.5460,0.0590,本圈台阶完成,1,0.0000,0.150,0.330
3097.342,ROUNDABOUT,3.642,0,2.812,icn_entry_left,0.1900,0.3600,0,line_too_few_bands,0.0000,0.0000,0.0000,0.0000,0.0000,0,0.0000,0.0000,0.0000,0.0000,0.3600,IDLE,1,0,step_done_latches_cleared,0,0,0.000,0,nan,nan,nan,0.0000,0,5,0.6050,0.5460,0.2287,0.5460,0.0590,本圈台阶完成,1,0.0000,0.150,0.330
3097.487,ROUNDABOUT,3.787,0,2.812,icn_entry_left,0.1900,0.3600,0,line_too_few_bands,0.0000,0.0000,0.0000,0.0000,0.0000,0,0.0000,0.0000,0.0000,0.0000,0.3600,IDLE,1,0,step_done_latches_cleared,0,0,0.000,0,nan,nan,nan,0.0000,0,5,0.6050,0.5460,0.2287,0.5460,0.0590,本圈台阶完成,1,0.0000,0.150,0.330
3097.616,ROUNDABOUT,3.916,0,2.812,icn_entry_left,0.1900,0.3600,0,line_too_few_bands,0.0000,0.0000,0.0000,0.0000,0.0000,0,0.0000,0.0000,0.0000,0.0000,0.3600,IDLE,1,0,step_done_latches_cleared,0,0,0.000,0,nan,nan,nan,0.0000,0,5,0.6050,0.5460,0.2287,0.5460,0.0590,本圈台阶完成,1,0.0000,0.150,0.330
3097.738,ROUNDABOUT,4.039,0,2.812,icn_entry_left,0.1900,0.3600,0,line_too_few_bands,0.0000,0.0000,0.0000,0.0000,0.0000,0,0.0000,0.0000,0.0000,0.0000,0.3600,IDLE,1,0,step_done_latches_cleared,0,0,0.000,0,nan,nan,nan,0.0000,0,5,0.6050,0.5460,0.2287,0.5460,0.0590,本圈台阶完成,1,0.0000,0.150,0.330
3097.876,ROUNDABOUT,4.176,0,2.812,icn_entry_left,0.1900,0.3600,0,line_too_few_bands,0.0000,0.0000,0.0000,0.0000,0.0000,0,0.0000,0.0000,0.0000,0.0000,0.3600,IDLE,1,0,step_done_latches_cleared,0,0,0.000,0,nan,nan,nan,0.0000,0,5,0.6050,0.5460,0.2287,0.5460,0.0590,本圈台阶完成,1,0.0000,0.150,0.330
3098.005,ROUNDABOUT,4.305,0,2.812,icn_entry_left,0.1900,0.3600,0,line_too_few_bands,0.0000,0.0000,0.0000,0.0000,0.0000,0,0.0000,0.0000,0.0000,0.0000,0.3600,IDLE,1,0,step_done_latches_cleared,0,0,0.000,0,nan,nan,nan,0.0000,0,5,0.6050,0.5460,0.2287,0.5460,0.0590,本圈台阶完成,1,0.0000,0.150,0.330
3098.153,ROUNDABOUT,4.453,0,2.812,icn_entry_left,0.1900,0.3600,0,line_too_few_bands,0.0000,0.0000,0.0000,0.0000,0.0000,0,0.0000,0.0000,0.0000,0.0000,0.3600,IDLE,1,0,step_done_latches_cleared,0,0,0.000,0,nan,nan,nan,0.0000,0,5,0.6050,0.5460,0.2287,0.5460,0.0590,本圈台阶完成,1,0.0000,0.150,0.330
3098.288,ROUNDABOUT,4.588,0,2.812,icn_entry_left,0.1900,0.3600,0,line_too_few_bands,0.0000,0.0000,0.0000,0.0000,0.0000,0,0.0000,0.0000,0.0000,0.0000,0.3600,IDLE,1,0,step_done_latches_cleared,0,0,0.000,0,nan,nan,nan,0.0000,0,5,0.6050,0.5460,0.2287,0.5460,0.0590,本圈台阶完成,1,0.0000,0.150,0.330
3098.414,ROUNDABOUT,4.714,0,2.812,icn_entry_left,0.1900,0.3600,0,line_too_few_bands,0.0000,0.0000,0.0000,0.0000,0.0000,0,0.0000,0.0000,0.0000,0.0000,0.3600,IDLE,1,0,step_done_latches_cleared,0,0,0.000,0,nan,nan,nan,0.0000,0,5,0.6050,0.5460,0.2287,0.5460,0.0590,本圈台阶完成,1,0.0000,0.150,0.330
3098.546,ROUNDABOUT,4.846,0,2.812,icn_entry_left,0.1900,0.3600,0,line_too_few_bands,0.0000,0.0000,0.0000,0.0000,0.0000,0,0.0000,0.0000,0.0000,0.0000,0.3600,IDLE,1,0,step_done_latches_cleared,0,0,0.000,0,nan,nan,nan,0.0000,0,5,0.6050,0.5460,0.2287,0.5460,0.0590,本圈台阶完成,1,0.0000,0.150,0.330
3098.678,ROUNDABOUT,4.978,0,2.812,icn_entry_left,0.1900,0.3600,0,line_too_few_bands,0.0000,0.0000,0.0000,0.0000,0.0000,0,0.0000,0.0000,0.0000,0.0000,0.3600,IDLE,1,0,step_done_latches_cleared,0,0,0.000,0,nan,nan,nan,0.0000,0,5,0.6050,0.5460,0.2287,0.5460,0.0590,本圈台阶完成,1,0.0000,0.150,0.330
3098.823,ROUNDABOUT,5.123,0,2.812,icn_entry_left,0.1900,0.3600,0,line_too_few_bands,0.0000,0.0000,0.0000,0.0000,0.0000,0,0.0000,0.0000,0.0000,0.0000,0.3600,IDLE,1,0,step_done_latches_cleared,0,0,0.000,0,nan,nan,nan,0.0000,0,5,0.6050,0.5460,0.2287,0.5460,0.0590,本圈台阶完成,1,0.0000,0.150,0.330
3098.954,ROUNDABOUT,5.254,0,2.812,icn_entry_left,0.1900,0.3600,0,line_too_few_bands,0.0000,0.0000,0.0000,0.0000,0.0000,0,0.0000,0.0000,0.0000,0.0000,0.3600,IDLE,1,0,step_done_latches_cleared,0,0,0.000,0,nan,nan,nan,0.0000,0,5,0.6050,0.5460,0.2287,0.5460,0.0590,本圈台阶完成,1,0.0000,0.150,0.330
3099.082,ROUNDABOUT,5.382,0,2.812,icn_entry_left,0.1900,0.3600,0,line_too_few_bands,0.0000,0.0000,0.0000,0.0000,0.0000,0,0.0000,0.0000,0.0000,0.0000,0.3600,IDLE,1,0,step_done_latches_cleared,0,0,0.000,0,nan,nan,nan,0.0000,0,5,0.6050,0.5460,0.2287,0.5460,0.0590,本圈台阶完成,1,0.0000,0.150,0.330
3099.212,ROUNDABOUT,5.512,0,2.812,icn_entry_left,0.1900,0.3600,0,line_too_few_bands,0.0000,0.0000,0.0000,0.0000,0.0000,0,0.0000,0.0000,0.0000,0.0000,0.3600,IDLE,1,0,step_done_latches_cleared,0,0,0.000,0,nan,nan,nan,0.0000,0,5,0.6050,0.5460,0.2287,0.5460,0.0590,本圈台阶完成,1,0.0000,0.150,0.330
3099.340,ROUNDABOUT,5.640,0,2.812,icn_entry_left,0.1900,0.3600,0,line_too_few_bands,0.0000,0.0000,0.0000,0.0000,0.0000,0,0.0000,0.0000,0.0000,0.0000,0.3600,IDLE,1,0,step_done_latches_cleared,0,0,0.000,0,nan,nan,nan,0.0000,0,5,0.6050,0.5460,0.2287,0.5460,0.0590,本圈台阶完成,1,0.0000,0.150,0.330
3099.468,ROUNDABOUT,5.769,0,2.812,icn_entry_left,0.1900,0.3600,0,line_too_few_bands,0.0000,0.0000,0.0000,0.0000,0.0000,0,0.0000,0.0000,0.0000,0.0000,0.3600,IDLE,1,0,step_done_latches_cleared,0,0,0.000,0,nan,nan,nan,0.0000,0,5,0.6050,0.5460,0.2287,0.5460,0.0590,本圈台阶完成,1,0.0000,0.150,0.330
3099.594,ROUNDABOUT,5.894,0,2.812,icn_entry_left,0.1900,0.3600,0,line_too_few_bands,0.0000,0.0000,0.0000,0.0000,0.0000,0,0.0000,0.0000,0.0000,0.0000,0.3600,IDLE,1,0,step_done_latches_cleared,0,0,0.000,0,nan,nan,nan,0.0000,0,5,0.6050,0.5460,0.2287,0.5460,0.0590,本圈台阶完成,1,0.0000,0.150,0.330
3099.723,ROUNDABOUT,6.023,0,2.812,icn_entry_left,0.1900,0.3600,0,line_too_few_bands,0.0000,0.0000,0.0000,0.0000,0.0000,0,0.0000,0.0000,0.0000,0.0000,0.3600,IDLE,1,0,step_done_latches_cleared,0,0,0.000,0,nan,nan,nan,0.0000,0,5,0.6050,0.5460,0.2287,0.5460,0.0590,本圈台阶完成,1,0.0000,0.150,0.330
3099.852,ROUNDABOUT,6.152,0,2.812,icn_entry_left,0.1900,0.3600,0,line_too_few_bands,0.0000,0.0000,0.0000,0.0000,0.0000,0,0.0000,0.0000,0.0000,0.0000,0.3600,IDLE,1,0,step_done_latches_cleared,0,0,0.000,0,nan,nan,nan,0.0000,0,5,0.6050,0.5460,0.2287,0.5460,0.0590,本圈台阶完成,1,0.0000,0.150,0.330
3099.977,ROUNDABOUT,6.278,0,2.812,icn_entry_left,0.1900,0.3600,0,line_too_few_bands,0.0000,0.0000,0.0000,0.0000,0.0000,0,0.0000,0.0000,0.0000,0.0000,0.3600,IDLE,1,0,step_done_latches_cleared,0,0,0.000,0,nan,nan,nan,0.0000,0,5,0.6050,0.5460,0.2287,0.5460,0.0590,本圈台阶完成,1,0.0000,0.150,0.330
3100.113,ROUNDABOUT,6.413,0,2.812,icn_entry_left,0.1900,0.3600,0,line_too_few_bands,0.0000,0.0000,0.0000,0.0000,0.0000,0,0.0000,0.0000,0.0000,0.0000,0.3600,IDLE,1,0,step_done_latches_cleared,0,0,0.000,0,nan,nan,nan,0.0000,0,5,0.6050,0.5460,0.2287,0.5460,0.0590,本圈台阶完成,1,0.0000,0.150,0.330
3100.244,ROUNDABOUT,6.545,0,2.812,icn_entry_left,0.1900,0.3600,0,line_too_few_bands,0.0000,0.0000,0.0000,0.0000,0.0000,0,0.0000,0.0000,0.0000,0.0000,0.3600,IDLE,1,0,step_done_latches_cleared,0,0,0.000,0,nan,nan,nan,0.0000,0,5,0.6050,0.5460,0.2287,0.5460,0.0590,本圈台阶完成,1,0.0000,0.150,0.330
3100.370,ROUNDABOUT,6.670,0,2.812,icn_entry_left,0.1900,0.3600,0,line_too_few_bands,0.0000,0.0000,0.0000,0.0000,0.0000,0,0.0000,0.0000,0.0000,0.0000,0.3600,IDLE,1,0,step_done_latches_cleared,0,0,0.000,0,nan,nan,nan,0.0000,0,5,0.6050,0.5460,0.2287,0.5460,0.0590,本圈台阶完成,1,0.0000,0.150,0.330
3100.497,ROUNDABOUT,6.797,0,2.812,icn_entry_left,0.1900,0.3600,0,line_too_few_bands,0.0000,0.0000,0.0000,0.0000,0.0000,0,0.0000,0.0000,0.0000,0.0000,0.3600,IDLE,1,0,step_done_latches_cleared,0,0,0.000,0,nan,nan,nan,0.0000,0,5,0.6050,0.5460,0.2287,0.5460,0.0590,本圈台阶完成,1,0.0000,0.150,0.330
3100.628,ROUNDABOUT_FOLLOW,0.000,0,2.812,roundabout_blind_arc_recovery,0.1402,0.1600,0,line_too_few_bands,0.0000,0.0000,0.0000,0.0000,0.0000,0,0.0000,0.0000,0.0000,0.0000,0.1600,IDLE,1,0,step_done_latches_cleared,0,0,0.000,0,nan,nan,nan,0.0000,0,5,0.6050,0.5460,0.2287,0.5460,0.0590,本圈台阶完成,1,0.0000,0.150,0.330
3100.756,ROUNDABOUT_FOLLOW,0.128,0,2.812,roundabout_blind_arc_recovery,0.1000,0.1600,0,line_too_few_bands,0.0000,0.0000,0.0000,0.0000,0.0000,0,0.0000,0.0000,0.0000,0.0000,0.1600,IDLE,1,0,step_done_latches_cleared,0,0,0.000,0,nan,nan,nan,0.0000,0,5,0.6050,0.5460,0.2287,0.5460,0.0590,本圈台阶完成,1,0.0000,0.150,0.330
3100.883,ROUNDABOUT_FOLLOW,0.255,0,2.812,roundabout_blind_arc_recovery,0.1000,0.1600,0,line_too_few_bands,0.0000,0.0000,0.0000,0.0000,0.0000,0,0.0000,0.0000,0.0000,0.0000,0.1600,IDLE,1,0,step_done_latches_cleared,0,0,0.000,0,nan,nan,nan,0.0000,0,5,0.6050,0.5460,0.2287,0.5460,0.0590,本圈台阶完成,1,0.0000,0.150,0.330
3101.013,ROUNDABOUT_FOLLOW,0.385,0,2.812,roundabout_blind_arc_recovery,0.1000,0.1600,0,line_too_few_bands,0.0000,0.0000,0.0000,0.0000,0.0000,0,0.0000,0.0000,0.0000,0.0000,0.1600,IDLE,1,0,step_done_latches_cleared,0,0,0.000,0,nan,nan,nan,0.0000,0,5,0.6050,0.5460,0.2287,0.5460,0.0590,本圈台阶完成,1,0.0000,0.150,0.330
3101.145,ROUNDABOUT_FOLLOW,0.517,0,2.812,roundabout_blind_arc_recovery,0.1000,0.1600,0,line_too_few_bands,0.0000,0.0000,0.0000,0.0000,0.0000,0,0.0000,0.0000,0.0000,0.0000,0.1600,IDLE,1,0,step_done_latches_cleared,0,0,0.000,0,nan,nan,nan,0.0000,0,5,0.6050,0.5460,0.2287,0.5460,0.0590,本圈台阶完成,1,0.0000,0.150,0.330
3101.273,ROUNDABOUT_FOLLOW,0.645,0,2.812,roundabout_blue_guard_left,0.0515,0.3000,0,line_too_few_bands,0.0000,0.0000,0.0000,0.0000,0.0000,0,0.0000,0.0000,0.0000,0.0000,0.3000,IDLE,1,0,step_done_latches_cleared,0,0,0.000,0,1.3400,nan,0.0416,0.8275,2,5,0.6050,0.5460,0.2287,0.5460,0.0590,本圈台阶完成,1,0.0000,0.150,0.330
3101.402,ROUNDABOUT_FOLLOW,0.774,0,2.812,roundabout_blue_guard_left,0.0450,0.3000,0,line_too_few_bands,0.0000,0.0000,0.0000,0.0000,0.0000,0,0.0000,0.0000,0.0000,0.0000,0.3000,IDLE,1,0,step_done_latches_cleared,0,0,0.000,1,1.3350,nan,0.0456,0.9107,6,5,0.6050,0.5460,0.2287,0.5460,0.0590,本圈台阶完成,1,0.0000,0.150,0.330
3101.534,ROUNDABOUT_FOLLOW,0.906,0,2.812,roundabout_blue_guard_left,0.0450,0.3000,0,line_too_few_bands,0.0000,0.0000,0.0000,0.0000,0.0000,0,0.0000,0.0000,0.0000,0.0000,0.3000,IDLE,1,0,step_done_latches_cleared,0,0,0.000,1,1.3300,nan,0.0479,0.9432,9,5,0.6050,0.5460,0.2287,0.5460,0.0590,本圈台阶完成,1,0.0000,0.150,0.330
3101.665,ROUNDABOUT_FOLLOW,1.037,0,2.812,roundabout_blue_guard_left,0.0450,0.3000,0,line_too_few_bands,0.0000,0.0000,0.0000,0.0000,0.0000,0,0.0000,0.0000,0.0000,0.0000,0.3000,IDLE,1,0,step_done_latches_cleared,0,0,0.000,1,1.3200,nan,0.0491,0.9598,13,5,0.6050,0.5460,0.2287,0.5460,0.0590,本圈台阶完成,1,0.0000,0.150,0.330
3101.795,ROUNDABOUT_FOLLOW,1.167,0,2.812,roundabout_blue_guard_left,0.0450,0.3000,0,line_too_few_bands,0.0000,0.0000,0.0000,0.0000,0.0000,0,0.0000,0.0000,0.0000,0.0000,0.3000,IDLE,1,0,step_done_latches_cleared,0,0,0.000,1,1.2800,nan,0.0518,0.9483,16,5,0.6050,0.5460,0.2287,0.5460,0.0590,本圈台阶完成,1,0.0000,0.150,0.330
3101.925,ROUNDABOUT_FOLLOW,1.297,0,2.812,roundabout_blue_guard_left,0.0450,0.3000,0,line_too_few_bands,0.0000,0.0000,0.0000,0.0000,0.0000,0,0.0000,0.0000,0.0000,0.0000,0.3000,IDLE,1,0,step_done_latches_cleared,0,0,0.000,1,1.2800,nan,0.0537,0.9230,20,5,0.6050,0.5460,0.2287,0.5460,0.0590,本圈台阶完成,1,0.0000,0.150,0.330
3102.061,ROUNDABOUT_FOLLOW,1.433,0,2.812,roundabout_blue_guard_left,0.0450,0.3000,0,line_too_few_bands,0.0000,0.0000,0.0000,0.0000,0.0000,0,0.0000,0.0000,0.0000,0.0000,0.3000,IDLE,1,0,step_done_latches_cleared,0,0,0.000,1,1.2700,nan,0.0558,0.8958,23,5,0.6050,0.5460,0.2287,0.5460,0.0590,本圈台阶完成,1,0.0000,0.150,0.330
3102.188,ROUNDABOUT_FOLLOW,1.560,0,2.812,roundabout_blue_guard_left,0.0450,0.3000,0,line_too_few_bands,0.0000,0.0000,0.0000,0.0000,0.0000,0,0.0000,0.0000,0.0000,0.0000,0.3000,IDLE,1,0,step_done_latches_cleared,0,0,0.000,1,1.2600,nan,0.0547,0.9111,27,5,0.6050,0.5460,0.2287,0.5460,0.0590,本圈台阶完成,1,0.0000,0.150,0.330
3102.315,ROUNDABOUT_FOLLOW,1.687,0,2.812,roundabout_blue_guard_left,0.0450,0.3000,0,line_too_few_bands,0.0000,0.0000,0.0000,0.0000,0.0000,0,0.0000,0.0000,0.0000,0.0000,0.3000,IDLE,1,0,step_done_latches_cleared,0,0,0.000,1,1.2400,nan,0.0552,0.9054,30,5,0.6050,0.5460,0.2287,0.5460,0.0590,本圈台阶完成,1,0.0000,0.150,0.330
3102.445,ROUNDABOUT_FOLLOW,1.817,0,2.812,roundabout_blue_guard_left,0.0450,0.3000,0,line_too_few_bands,0.0000,0.0000,0.0000,0.0000,0.0000,0,0.0000,0.0000,0.0000,0.0000,0.3000,IDLE,1,0,step_done_latches_cleared,0,0,0.000,1,1.2300,nan,0.0560,0.8942,34,5,0.6050,0.5460,0.2287,0.5460,0.0590,本圈台阶完成,1,0.0000,0.150,0.330
3102.577,ROUNDABOUT_FOLLOW,1.949,0,2.812,roundabout_blind_arc_recovery,0.0951,0.1600,0,line_too_few_bands,0.0000,0.0000,0.0000,0.0000,0.0000,0,0.0000,0.0000,0.0000,0.0000,0.1600,IDLE,1,0,step_done_latches_cleared,0,0,0.000,1,1.2200,nan,0.0568,0.8828,37,5,0.6050,0.5460,0.2287,0.5460,0.0590,本圈台阶完成,1,0.0000,0.150,0.330
3102.727,ROUNDABOUT_FOLLOW,2.099,0,2.812,roundabout_blue_guard_left,0.0450,0.3000,0,line_too_few_bands,0.0000,0.0000,0.0000,0.0000,0.0000,0,0.0000,0.0000,0.0000,0.0000,0.3000,IDLE,1,0,step_done_latches_cleared,0,0,0.000,1,1.2100,nan,0.0568,0.8831,42,5,0.6050,0.5460,0.2287,0.5460,0.0590,本圈台阶完成,1,0.0000,0.150,0.330
3102.855,ROUNDABOUT_FOLLOW,2.227,0,2.812,roundabout_follow_left_locked,0.0937,-0.0207,1,line_center_tracking,0.2236,0.2236,0.2236,0.2236,0.2375,1,0.0000,0.0000,0.0000,0.2236,-0.0207,IDLE,1,0,step_done_latches_cleared,0,0,0.000,1,1.2000,nan,0.0567,0.8847,45,5,0.6050,0.5460,0.2287,0.5460,0.0590,本圈台阶完成,1,0.0000,0.150,0.330
3102.999,ROUNDABOUT_FOLLOW,2.371,0,2.812,roundabout_follow_left_locked,0.1444,-0.0400,1,line_center_tracking,0.1981,0.1981,0.1981,0.1981,0.2375,1,0.0000,0.0000,0.0000,0.1981,-0.0400,IDLE,1,0,step_done_latches_cleared,0,0,1.000,1,1.1800,1.1800,0.0574,0.8757,50,5,0.6050,0.5460,0.2287,0.5460,0.0590,本圈台阶完成,1,0.0000,0.150,0.330
3103.129,ROUNDABOUT_FOLLOW,2.501,0,2.812,roundabout_follow_left_locked,0.1936,-0.0400,1,line_center_tracking,0.1957,0.1957,0.1957,0.1957,0.2375,1,0.0000,0.0000,0.0000,0.1957,-0.0400,IDLE,1,0,step_done_latches_cleared,0,0,2.000,1,1.1800,1.1800,0.0575,0.8740,54,5,0.6050,0.5460,0.2287,0.5460,0.0590,本圈台阶完成,1,0.0000,0.150,0.330
3103.266,ROUNDABOUT_FOLLOW,2.638,0,2.812,roundabout_blind_arc_recovery,0.1429,0.1600,0,line_too_few_bands,0.0000,0.0000,0.0000,0.0000,0.0000,0,0.0000,0.0000,0.0000,0.0000,0.1600,IDLE,1,0,step_done_latches_cleared,0,0,1.400,1,1.2600,1.1800,0.0568,0.8823,59,5,0.6050,0.5460,0.2287,0.5460,0.0590,本圈台阶完成,1,0.0000,0.150,0.330
3103.396,ROUNDABOUT_FOLLOW,2.768,0,2.812,roundabout_blind_arc_recovery,0.1000,0.1600,0,line_too_few_bands,0.0000,0.0000,0.0000,0.0000,0.0000,0,0.0000,0.0000,0.0000,0.0000,0.1600,IDLE,1,0,step_done_latches_cleared,0,0,2.400,1,1.1700,1.1800,0.0542,0.9162,63,5,0.6050,0.5460,0.2287,0.5460,0.0590,本圈台阶完成,1,0.0000,0.150,0.330
3103.521,ROUNDABOUT_FOLLOW,2.893,0,2.812,roundabout_blind_arc_recovery,0.1000,0.1600,0,line_too_few_bands,0.0000,0.0000,0.0000,0.0000,0.0000,0,0.0000,0.0000,0.0000,0.0000,0.1600,IDLE,1,0,step_done_latches_cleared,0,0,3.400,1,1.1650,1.1750,0.0538,0.8771,67,5,0.6050,0.5460,0.2287,0.5460,0.0590,本圈台阶完成,1,0.0000,0.150,0.330
3103.654,ROUNDABOUT_FOLLOW,3.026,0,2.812,roundabout_blind_arc_recovery,0.1000,0.1600,0,line_too_few_bands,0.0000,0.0000,0.0000,0.0000,0.0000,0,0.0000,0.0000,0.0000,0.0000,0.1600,IDLE,1,0,step_done_latches_cleared,0,0,4.400,1,1.1800,1.1800,0.0520,0.9137,72,5,0.6050,0.5460,0.2287,0.5460,0.0590,本圈台阶完成,1,0.0000,0.150,0.330
3103.782,ROUNDABOUT_FOLLOW,3.154,0,2.812,roundabout_blind_arc_recovery,0.1000,0.1600,0,line_too_few_bands,0.0000,0.0000,0.0000,0.0000,0.0000,0,0.0000,0.0000,0.0000,0.0000,0.1600,IDLE,1,0,step_done_latches_cleared,0,0,5.400,1,1.1800,1.1800,0.0508,0.9339,77,5,0.6050,0.5460,0.2287,0.5460,0.0590,本圈台阶完成,1,0.0000,0.150,0.330
3103.933,ROUNDABOUT_FOLLOW,3.305,0,2.812,roundabout_follow_left_locked,0.1507,-0.0400,1,line_center_tracking,0.3835,0.3739,0.4081,0.4081,0.3787,2,0.0342,0.0000,0.0342,0.3967,-0.0400,IDLE,1,0,step_done_latches_cleared,0,0,4.800,0,nan,1.1750,nan,0.0000,0,5,0.6050,0.5460,0.2287,0.5460,0.0590,本圈台阶完成,1,0.0000,0.150,0.330
3104.065,ROUNDABOUT_FOLLOW,3.437,0,2.812,roundabout_follow_left_locked,0.1930,-0.0400,1,line_center_tracking,0.2869,0.2931,0.2710,0.2710,0.4636,2,0.0221,0.0000,0.0221,0.2783,-0.0400,IDLE,1,0,step_done_latches_cleared,0,0,4.200,0,nan,1.1750,nan,0.0000,0,5,0.6050,0.5460,0.2287,0.5460,0.0590,本圈台阶完成,1,0.0000,0.150,0.330
3104.215,ROUNDABOUT_FOLLOW,3.587,0,2.812,roundabout_follow_left_locked,0.1968,-0.0400,1,line_center_tracking,0.2565,0.2736,0.2124,0.2124,0.4275,2,0.0612,0.0000,0.0612,0.2328,-0.0400,IDLE,1,0,step_done_latches_cleared,0,0,3.600,0,nan,1.1800,nan,0.0000,0,5,0.6050,0.5460,0.2287,0.5460,0.0590,本圈台阶完成,1,0.0000,0.150,0.330
3104.355,ROUNDABOUT_FOLLOW,3.727,0,2.812,roundabout_follow_left_locked,0.2213,-0.0400,1,line_center_tracking,0.1477,0.1477,0.1477,0.1477,0.2375,1,0.0000,0.0000,0.0000,0.1477,-0.0400,IDLE,1,0,step_done_latches_cleared,0,0,3.000,0,nan,1.1800,nan,0.0000,0,5,0.6050,0.5460,0.2287,0.5460,0.0590,本圈台阶完成,1,0.0000,0.150,0.330
3104.503,ROUNDABOUT_FOLLOW,3.875,0,2.812,roundabout_follow_left_locked,0.2011,-0.0400,1,line_center_tracking,0.2513,0.2513,0.2513,0.2513,0.2375,1,0.0000,0.0000,0.0000,0.2513,-0.0400,IDLE,1,0,step_done_latches_cleared,0,0,2.400,0,nan,1.1800,nan,0.0000,0,5,0.6050,0.5460,0.2287,0.5460,0.0590,本圈台阶完成,1,0.0000,0.150,0.330
3104.638,ROUNDABOUT_FOLLOW,4.011,0,2.812,roundabout_follow_left_locked,0.2197,-0.0400,1,line_center_tracking,0.1561,0.1561,0.1561,0.1561,0.2375,1,0.0000,0.0000,0.0000,0.1561,-0.0400,IDLE,1,0,step_done_latches_cleared,0,0,1.800,0,nan,nan,nan,0.0000,0,5,0.6050,0.5460,0.2287,0.5460,0.0590,本圈台阶完成,1,0.0000,0.150,0.330
3104.771,ROUNDABOUT_FOLLOW,4.143,0,2.812,roundabout_follow_left_locked,0.2110,-0.0400,1,line_center_tracking,0.2005,0.2005,0.2005,0.2005,0.2375,1,0.0000,0.0000,0.0000,0.2005,-0.0400,IDLE,1,0,step_done_latches_cleared,0,0,1.200,0,nan,nan,nan,0.0000,0,5,0.6050,0.5460,0.2287,0.5460,0.0590,本圈台阶完成,1,0.0000,0.150,0.330
3104.902,ROUNDABOUT_FOLLOW,4.274,0,2.812,roundabout_follow_left_locked,0.2304,-0.0400,1,line_center_tracking,0.0233,0.0555,-0.0593,-0.0593,0.3861,2,0.1147,0.0000,0.1147,-0.0210,-0.0400,IDLE,1,0,step_done_latches_cleared,0,0,0.600,0,nan,nan,nan,0.0000,0,5,0.6050,0.5460,0.2287,0.5460,0.0590,本圈台阶完成,1,0.0000,0.150,0.330
3105.035,ROUNDABOUT_FOLLOW,4.407,0,2.812,roundabout_follow_left_locked,0.2392,-0.0242,1,line_center_tracking,-0.0556,-0.0556,-0.0556,-0.0556,0.2375,1,0.0000,0.0000,0.0000,-0.0556,-0.0242,IDLE,1,0,step_done_latches_cleared,0,0,0.000,0,1.3300,nan,0.0458,0.7856,1,5,0.6050,0.5460,0.2287,0.5460,0.0590,本圈台阶完成,1,0.0000,0.150,0.330
3105.164,ROUNDABOUT_FOLLOW,4.536,0,2.812,roundabout_blue_guard_left,0.1902,0.2979,1,line_center_tracking,-0.1660,-0.1591,-0.1837,-0.1837,0.4058,2,0.0246,0.0000,0.0246,-0.1755,0.2979,IDLE,1,0,step_done_latches_cleared,0,0,0.000,0,1.3200,nan,0.0476,0.8236,4,5,0.6050,0.5460,0.2287,0.5460,0.0590,本圈台阶完成,1,0.0000,0.150,0.330
3105.295,ROUNDABOUT_FOLLOW,4.667,0,2.812,roundabout_blue_guard_left,0.1402,0.3000,1,line_center_tracking,-0.2071,-0.2071,-0.2071,-0.2071,0.2375,1,0.0000,0.0000,0.0000,-0.2071,0.3000,IDLE,1,0,step_done_latches_cleared,0,0,0.000,1,1.2800,nan,0.0495,0.8862,8,5,0.6050,0.5460,0.2287,0.5460,0.0590,本圈台阶完成,1,0.0000,0.150,0.330
3105.427,ROUNDABOUT_FOLLOW,4.799,0,2.812,roundabout_blue_guard_left,0.0902,0.3000,0,line_too_few_bands,0.0000,0.0000,0.0000,0.0000,0.0000,0,0.0000,0.0000,0.0000,0.0000,0.3000,IDLE,1,0,step_done_latches_cleared,0,0,0.000,1,1.2500,nan,0.0517,0.8957,12,5,0.6050,0.5460,0.2287,0.5460,0.0590,本圈台阶完成,1,0.0000,0.150,0.330
3105.551,ROUNDABOUT_FOLLOW,4.923,0,2.812,roundabout_blue_guard_left,0.0450,0.3000,0,line_too_few_bands,0.0000,0.0000,0.0000,0.0000,0.0000,0,0.0000,0.0000,0.0000,0.0000,0.3000,IDLE,1,0,step_done_latches_cleared,0,0,0.000,1,1.2100,nan,0.0529,0.8980,16,5,0.6050,0.5460,0.2287,0.5460,0.0590,本圈台阶完成,1,0.0000,0.150,0.330
3105.685,ROUNDABOUT_FOLLOW,5.057,0,2.812,roundabout_blue_guard_left,0.0450,0.3000,0,line_too_few_bands,0.0000,0.0000,0.0000,0.0000,0.0000,0,0.0000,0.0000,0.0000,0.0000,0.3000,IDLE,1,0,step_done_latches_cleared,0,0,1.000,1,1.1800,1.1800,0.0587,0.8187,20,5,0.6050,0.5460,0.2287,0.5460,0.0590,本圈台阶完成,1,0.0000,0.150,0.330
3105.814,ROUNDABOUT_FOLLOW,5.186,0,2.812,roundabout_blue_guard_left,0.0450,0.3000,0,line_too_few_bands,0.0000,0.0000,0.0000,0.0000,0.0000,0,0.0000,0.0000,0.0000,0.0000,0.3000,IDLE,1,0,step_done_latches_cleared,0,0,0.400,0,nan,1.1800,nan,0.0000,0,5,0.6050,0.5460,0.2287,0.5460,0.0590,本圈台阶完成,1,0.0000,0.150,0.330
3105.956,ROUNDABOUT_FOLLOW,5.328,0,2.812,roundabout_blue_guard_left,0.0450,0.3000,0,line_too_few_bands,0.0000,0.0000,0.0000,0.0000,0.0000,0,0.0000,0.0000,0.0000,0.0000,0.3000,IDLE,1,0,step_done_latches_cleared,0,0,0.000,0,nan,1.1800,nan,0.0000,0,5,0.6050,0.5460,0.2287,0.5460,0.0590,本圈台阶完成,1,0.0000,0.150,0.330
3106.091,ROUNDABOUT_FOLLOW,5.463,0,2.812,roundabout_blue_guard_left,0.0450,0.3000,0,line_too_few_bands,0.0000,0.0000,0.0000,0.0000,0.0000,0,0.0000,0.0000,0.0000,0.0000,0.3000,IDLE,1,0,step_done_latches_cleared,0,0,0.000,0,nan,1.1800,nan,0.0000,0,5,0.6050,0.5460,0.2287,0.5460,0.0590,本圈台阶完成,1,0.0000,0.150,0.330
3106.215,ROUNDABOUT_FOLLOW,5.587,0,2.812,roundabout_blue_guard_left,0.0450,0.3000,0,line_too_few_bands,0.0000,0.0000,0.0000,0.0000,0.0000,0,0.0000,0.0000,0.0000,0.0000,0.3000,IDLE,1,0,step_done_latches_cleared,0,0,0.000,0,nan,1.1800,nan,0.0000,0,5,0.6050,0.5460,0.2287,0.5460,0.0590,本圈台阶完成,1,0.0000,0.150,0.330
3106.348,ROUNDABOUT_FOLLOW,5.720,0,2.812,roundabout_blue_guard_left,0.0450,0.3000,0,line_too_few_bands,0.0000,0.0000,0.0000,0.0000,0.0000,0,0.0000,0.0000,0.0000,0.0000,0.3000,IDLE,1,0,step_done_latches_cleared,0,0,0.000,0,nan,1.1800,nan,0.0000,0,5,0.6050,0.5460,0.2287,0.5460,0.0590,本圈台阶完成,1,0.0000,0.150,0.330
3106.488,ROUNDABOUT_FOLLOW,5.860,0,2.812,roundabout_blue_guard_left,0.0450,0.3000,0,line_too_few_bands,0.0000,0.0000,0.0000,0.0000,0.0000,0,0.0000,0.0000,0.0000,0.0000,0.3000,IDLE,1,0,step_done_latches_cleared,0,0,0.000,0,nan,nan,nan,0.0000,0,5,0.6050,0.5460,0.2287,0.5460,0.0590,本圈台阶完成,1,0.0000,0.150,0.330
3106.627,ROUNDABOUT_FOLLOW,5.999,0,2.812,roundabout_blue_guard_left,0.0450,0.3000,0,line_too_few_bands,0.0000,0.0000,0.0000,0.0000,0.0000,0,0.0000,0.0000,0.0000,0.0000,0.3000,IDLE,1,0,step_done_latches_cleared,0,0,0.000,0,nan,nan,nan,0.0000,0,5,0.6050,0.5460,0.2287,0.5460,0.0590,本圈台阶完成,1,0.0000,0.150,0.330
3106.761,ROUNDABOUT_FOLLOW,6.133,0,2.812,roundabout_blue_guard_left,0.0450,0.3000,0,line_too_few_bands,0.0000,0.0000,0.0000,0.0000,0.0000,0,0.0000,0.0000,0.0000,0.0000,0.3000,IDLE,1,0,step_done_latches_cleared,0,0,0.000,0,nan,nan,nan,0.0000,0,5,0.6050,0.5460,0.2287,0.5460,0.0590,本圈台阶完成,1,0.0000,0.150,0.330
3106.918,ROUNDABOUT_FOLLOW,6.290,0,2.812,roundabout_blue_guard_left,0.0450,0.3000,0,line_too_few_bands,0.0000,0.0000,0.0000,0.0000,0.0000,0,0.0000,0.0000,0.0000,0.0000,0.3000,IDLE,1,0,step_done_latches_cleared,0,0,0.000,0,nan,nan,nan,0.0000,0,5,0.6050,0.5460,0.2287,0.5460,0.0590,本圈台阶完成,1,0.0000,0.150,0.330
3107.073,ROUNDABOUT_FOLLOW,6.445,0,2.812,roundabout_blue_guard_left,0.0450,0.3000,0,line_too_few_bands,0.0000,0.0000,0.0000,0.0000,0.0000,0,0.0000,0.0000,0.0000,0.0000,0.3000,IDLE,1,0,step_done_latches_cleared,0,0,0.000,0,nan,nan,nan,0.0000,0,5,0.6050,0.5460,0.2287,0.5460,0.0590,本圈台阶完成,1,0.0000,0.150,0.330
3107.202,ROUNDABOUT_FOLLOW,6.574,0,2.812,roundabout_blue_guard_left,0.0450,0.3000,0,line_too_few_bands,0.0000,0.0000,0.0000,0.0000,0.0000,0,0.0000,0.0000,0.0000,0.0000,0.3000,IDLE,1,0,step_done_latches_cleared,0,0,0.000,0,nan,nan,nan,0.0000,0,5,0.6050,0.5460,0.2287,0.5460,0.0590,本圈台阶完成,1,0.0000,0.150,0.330
3107.335,ROUNDABOUT_FOLLOW,6.707,0,2.812,roundabout_blue_guard_left,0.0450,0.3000,0,line_too_few_bands,0.0000,0.0000,0.0000,0.0000,0.0000,0,0.0000,0.0000,0.0000,0.0000,0.3000,IDLE,1,0,step_done_latches_cleared,0,0,0.000,0,nan,nan,nan,0.0000,0,5,0.6050,0.5460,0.2287,0.5460,0.0590,本圈台阶完成,1,0.0000,0.150,0.330
3107.467,ROUNDABOUT_FOLLOW,6.839,0,2.812,roundabout_blue_guard_left,0.0450,0.3000,0,line_too_few_bands,0.0000,0.0000,0.0000,0.0000,0.0000,0,0.0000,0.0000,0.0000,0.0000,0.3000,IDLE,1,0,step_done_latches_cleared,0,0,0.000,0,nan,nan,nan,0.0000,0,5,0.6050,0.5460,0.2287,0.5460,0.0590,本圈台阶完成,1,0.0000,0.150,0.330
3107.601,ROUNDABOUT_FOLLOW,6.973,0,2.812,roundabout_blue_guard_left,0.0450,0.3000,1,line_center_tracking,-0.3503,-0.3503,-0.3503,-0.3503,0.2375,1,0.0000,0.0000,0.0000,-0.3503,0.3000,IDLE,1,0,step_done_latches_cleared,0,0,0.000,0,nan,nan,nan,0.0000,0,5,0.6050,0.5460,0.2287,0.5460,0.0590,本圈台阶完成,1,0.0000,0.150,0.330
3107.733,ROUNDABOUT_FOLLOW,7.105,0,2.812,roundabout_follow_left_locked,0.0954,0.2347,1,line_center_tracking,-0.2173,-0.2039,-0.2518,-0.2518,0.4379,2,0.0479,0.0000,0.0479,-0.2358,0.2347,IDLE,1,0,step_done_latches_cleared,0,0,0.000,0,nan,nan,nan,0.0000,0,5,0.6050,0.5460,0.2287,0.5460,0.0590,本圈台阶完成,1,0.0000,0.150,0.330
3107.863,ROUNDABOUT_FOLLOW,7.235,0,2.812,roundabout_follow_left_locked,0.1449,0.2311,1,line_center_tracking,-0.2112,-0.1801,-0.2911,-0.2911,0.3891,2,0.1109,0.0000,0.1109,-0.2541,0.2311,IDLE,1,0,step_done_latches_cleared,0,0,0.000,0,nan,nan,nan,0.0000,0,5,0.6050,0.5460,0.2287,0.5460,0.0590,本圈台阶完成,1,0.0000,0.150,0.330
3108.005,ROUNDABOUT_FOLLOW,7.377,0,2.812,roundabout_follow_left_locked,0.1955,0.2078,1,line_center_tracking,-0.1734,-0.1734,-0.1734,-0.1734,0.2375,1,0.0000,0.0000,0.0000,-0.1734,0.2078,IDLE,1,0,step_done_latches_cleared,0,0,0.000,0,nan,nan,nan,0.0000,0,5,0.6050,0.5460,0.2287,0.5460,0.0590,本圈台阶完成,1,0.0000,0.150,0.330
3108.157,ROUNDABOUT_FOLLOW,7.529,0,2.812,roundabout_follow_left_locked,0.2155,0.1341,1,line_center_tracking,-0.0623,-0.0623,-0.0623,-0.0623,0.2375,1,0.0000,0.0000,0.0000,-0.0623,0.1341,IDLE,1,0,step_done_latches_cleared,0,0,0.000,0,nan,nan,nan,0.0000,0,5,0.6050,0.5460,0.2287,0.5460,0.0590,本圈台阶完成,1,0.0000,0.150,0.330
3108.302,ROUNDABOUT_FOLLOW,7.674,0,2.812,roundabout_follow_left_locked,0.2371,0.0503,1,line_center_tracking,0.0268,0.0268,0.0268,0.0268,0.2375,1,0.0000,0.0000,0.0000,0.0268,0.0503,IDLE,1,0,step_done_latches_cleared,0,0,0.000,0,nan,nan,nan,0.0000,0,5,0.6050,0.5460,0.2287,0.5460,0.0590,本圈台阶完成,1,0.0000,0.150,0.330
3108.450,ROUNDABOUT_FOLLOW,7.822,0,2.812,roundabout_follow_left_locked,0.2341,-0.0194,1,line_center_tracking,0.0818,0.0818,0.0818,0.0818,0.2375,1,0.0000,0.0000,0.0000,0.0818,-0.0194,IDLE,1,0,step_done_latches_cleared,0,0,0.000,0,nan,nan,nan,0.0000,0,5,0.6050,0.5460,0.2287,0.5460,0.0590,本圈台阶完成,1,0.0000,0.150,0.330
3108.580,ROUNDABOUT_FOLLOW,7.952,0,2.812,roundabout_follow_left_locked,0.2291,-0.0400,1,line_center_tracking,0.1077,0.1077,0.1077,0.1077,0.2375,1,0.0000,0.0000,0.0000,0.1077,-0.0400,IDLE,1,0,step_done_latches_cleared,0,0,0.000,0,nan,nan,nan,0.0000,0,5,0.6050,0.5460,0.2287,0.5460,0.0590,本圈台阶完成,1,0.0000,0.150,0.330
3108.711,ROUNDABOUT_FOLLOW,8.083,0,2.812,roundabout_follow_left_locked,0.2275,-0.0400,1,line_center_tracking,0.1157,0.1157,0.1157,0.1157,0.2375,1,0.0000,0.0000,0.0000,0.1157,-0.0400,IDLE,1,0,step_done_latches_cleared,0,0,0.000,0,nan,nan,nan,0.0000,0,5,0.6050,0.5460,0.2287,0.5460,0.0590,本圈台阶完成,1,0.0000,0.150,0.330
3108.846,ROUNDABOUT_FOLLOW,8.218,0,2.812,roundabout_follow_left_locked,0.2291,-0.0400,1,line_center_tracking,0.0964,0.1073,0.0685,0.0685,0.4585,2,0.0388,0.0000,0.0388,0.0814,-0.0400,IDLE,1,0,step_done_latches_cleared,0,0,0.000,0,nan,nan,nan,0.0000,0,5,0.6050,0.5460,0.2287,0.5460,0.0590,本圈台阶完成,1,0.0000,0.150,0.330
3108.982,ROUNDABOUT_FOLLOW,8.354,0,2.812,roundabout_follow_left_locked,0.2378,-0.0400,1,line_center_tracking,-0.0058,0.0142,-0.0574,-0.0574,0.4382,2,0.0716,0.0000,0.0716,-0.0335,-0.0400,IDLE,1,0,step_done_latches_cleared,0,0,0.000,0,nan,nan,nan,0.0000,0,5,0.6050,0.5460,0.2287,0.5460,0.0590,本圈台阶完成,1,0.0000,0.150,0.330
3109.133,ROUNDABOUT_FOLLOW,8.505,0,2.812,roundabout_follow_left_locked,0.2200,0.0240,1,line_center_tracking,-0.0805,-0.0314,-0.2068,-0.2068,0.3391,2,0.1755,0.0000,0.1755,-0.1483,0.0240,IDLE,1,0,step_done_latches_cleared,0,0,0.000,0,nan,nan,nan,0.0000,0,5,0.6050,0.5460,0.2287,0.5460,0.0590,本圈台阶完成,1,0.0000,0.150,0.330
3109.266,ROUNDABOUT_FOLLOW,8.638,0,2.812,roundabout_follow_left_locked,0.2433,0.0261,1,line_center_tracking,-0.0315,-0.0315,-0.0315,-0.0315,0.2375,1,0.0000,0.0000,0.0000,-0.0315,0.0261,IDLE,1,0,step_done_latches_cleared,0,0,0.000,0,nan,nan,nan,0.0000,0,5,0.6050,0.5460,0.2287,0.5460,0.0590,本圈台阶完成,1,0.0000,0.150,0.330
3109.393,ROUNDABOUT_FOLLOW,8.765,0,2.812,roundabout_follow_left_locked,0.2127,0.1347,1,line_center_tracking,-0.2103,-0.1491,-0.3675,-0.3675,0.4629,3,0.2184,0.0000,0.2184,-0.2947,0.1347,IDLE,1,0,step_done_latches_cleared,0,0,0.000,0,nan,nan,nan,0.0000,0,5,0.6050,0.5460,0.2287,0.5460,0.0590,本圈台阶完成,1,0.0000,0.150,0.330
3109.527,ROUNDABOUT_FOLLOW,8.899,0,2.812,roundabout_follow_left_locked,0.1825,0.2584,1,line_center_tracking,-0.3470,-0.3470,-0.3470,-0.3470,0.2375,1,0.0000,0.0000,0.0000,-0.3470,0.2584,IDLE,1,0,step_done_latches_cleared,0,0,0.000,0,nan,nan,nan,0.0000,0,5,0.6050,0.5460,0.2287,0.5460,0.0590,本圈台阶完成,1,0.0000,0.150,0.330
3109.661,ROUNDABOUT_FOLLOW,9.033,0,2.812,roundabout_blind_arc_recovery,0.1319,0.1600,0,line_too_few_bands,0.0000,0.0000,0.0000,0.0000,0.0000,0,0.0000,0.0000,0.0000,0.0000,0.1600,IDLE,1,0,step_done_latches_cleared,0,0,0.000,0,nan,nan,nan,0.0000,0,5,0.6050,0.5460,0.2287,0.5460,0.0590,本圈台阶完成,1,0.0000,0.150,0.330
3109.792,ROUNDABOUT_FOLLOW,9.164,0,2.812,roundabout_blind_arc_recovery,0.1000,0.1600,0,line_too_few_bands,0.0000,0.0000,0.0000,0.0000,0.0000,0,0.0000,0.0000,0.0000,0.0000,0.1600,IDLE,1,0,step_done_latches_cleared,0,0,0.000,0,nan,nan,nan,0.0000,0,5,0.6050,0.5460,0.2287,0.5460,0.0590,本圈台阶完成,1,0.0000,0.150,0.330
3109.963,ROUNDABOUT_FOLLOW,9.335,0,2.812,roundabout_blind_arc_recovery,0.1000,0.1600,0,line_too_few_bands,0.0000,0.0000,0.0000,0.0000,0.0000,0,0.0000,0.0000,0.0000,0.0000,0.1600,IDLE,1,0,step_done_latches_cleared,0,0,0.000,0,nan,nan,nan,0.0000,0,5,0.6050,0.5460,0.2287,0.5460,0.0590,本圈台阶完成,1,0.0000,0.150,0.330
3110.115,ROUNDABOUT_FOLLOW,9.487,0,2.812,roundabout_blind_arc_recovery,0.1000,0.1600,0,line_too_few_bands,0.0000,0.0000,0.0000,0.0000,0.0000,0,0.0000,0.0000,0.0000,0.0000,0.1600,IDLE,1,0,step_done_latches_cleared,0,0,0.000,0,nan,nan,nan,0.0000,0,5,0.6050,0.5460,0.2287,0.5460,0.0590,本圈台阶完成,1,0.0000,0.150,0.330
3110.239,ROUNDABOUT_FOLLOW,9.611,0,2.812,roundabout_blind_arc_recovery,0.1000,0.1600,0,line_too_few_bands,0.0000,0.0000,0.0000,0.0000,0.0000,0,0.0000,0.0000,0.0000,0.0000,0.1600,IDLE,1,0,step_done_latches_cleared,0,0,0.000,0,nan,nan,nan,0.0000,0,5,0.6050,0.5460,0.2287,0.5460,0.0590,本圈台阶完成,1,0.0000,0.150,0.330
3110.369,ROUNDABOUT_FOLLOW,9.741,0,2.812,roundabout_follow_left_locked,0.1441,0.4059,1,line_recenter_transition,-0.5328,-0.5449,0.0644,0.2099,0.3266,3,0.6093,0.1456,0.7549,-0.0902,0.4059,IDLE,1,0,step_done_latches_cleared,0,0,0.000,0,nan,nan,nan,0.0000,0,5,0.6050,0.5460,0.2287,0.5460,0.0590,本圈台阶完成,1,0.0000,0.150,0.330
3110.512,ROUNDABOUT_FOLLOW,9.884,0,2.812,roundabout_follow_left_locked,0.1050,0.5293,1,line_hard_turn_centering,-0.5915,-0.5915,-0.5915,-0.5915,0.2375,1,0.0000,0.0000,0.0000,-0.5915,0.5293,IDLE,1,0,step_done_latches_cleared,0,0,0.000,0,nan,nan,nan,0.0000,0,5,0.6050,0.5460,0.2287,0.5460,0.0590,本圈台阶完成,1,0.0000,0.150,0.330
3110.637,ROUNDABOUT_FOLLOW,10.009,0,2.812,roundabout_follow_left_locked,0.1440,0.4124,1,line_center_tracking,-0.3013,-0.4055,-0.0334,-0.0334,0.2424,2,0.3722,0.0000,0.3722,-0.1574,0.4124,IDLE,1,0,step_done_latches_cleared,0,0,0.000,0,nan,nan,nan,0.0000,0,5,0.6050,0.5460,0.2287,0.5460,0.0590,本圈台阶完成,1,0.0000,0.150,0.330
3110.764,ROUNDABOUT_FOLLOW,10.136,0,2.812,roundabout_follow_left_locked,0.1632,0.3377,1,line_center_tracking,-0.2449,-0.2449,-0.2449,-0.2449,0.2375,1,0.0000,0.0000,0.0000,-0.2449,0.3377,IDLE,1,0,step_done_latches_cleared,0,0,0.000,0,nan,nan,nan,0.0000,0,5,0.6050,0.5460,0.2287,0.5460,0.0590,本圈台阶完成,1,0.0000,0.150,0.330
3110.912,ROUNDABOUT_FOLLOW,10.284,0,2.812,roundabout_follow_left_locked,0.1601,0.3496,1,line_center_tracking,-0.3252,-0.4071,-0.1148,-0.1148,0.3255,2,0.2923,0.0000,0.2923,-0.2122,0.3496,IDLE,1,0,step_done_latches_cleared,0,0,0.000,0,nan,nan,nan,0.0000,0,5,0.6050,0.5460,0.2287,0.5460,0.0590,本圈台阶完成,1,0.0000,0.150,0.330
3111.053,ROUNDABOUT_FOLLOW,10.425,0,2.812,roundabout_follow_left_locked,0.1635,0.3363,1,line_center_tracking,-0.3010,-0.3010,-0.3010,-0.3010,0.2375,1,0.0000,0.0000,0.0000,-0.3010,0.3363,IDLE,1,0,step_done_latches_cleared,0,0,0.000,0,nan,nan,nan,0.0000,0,5,0.6050,0.5460,0.2287,0.5460,0.0590,本圈台阶完成,1,0.0000,0.150,0.330
3111.185,ROUNDABOUT_FOLLOW,10.557,0,2.812,roundabout_follow_left_locked,0.1400,0.4276,1,line_center_tracking,-0.4667,-0.4667,-0.4667,-0.4667,0.2375,1,0.0000,0.0000,0.0000,-0.4667,0.4276,IDLE,1,0,step_done_latches_cleared,0,0,0.000,0,nan,nan,nan,0.0000,0,5,0.6050,0.5460,0.2287,0.5460,0.0590,本圈台阶完成,1,0.0000,0.150,0.330
3111.311,ROUNDABOUT_FOLLOW,10.683,0,2.812,roundabout_follow_left_locked,0.1251,0.4857,1,line_center_tracking,-0.5028,-0.5028,-0.5028,-0.5028,0.2375,1,0.0000,0.0000,0.0000,-0.5028,0.4857,IDLE,1,0,step_done_latches_cleared,0,0,0.000,0,nan,nan,nan,0.0000,0,5,0.6050,0.5460,0.2287,0.5460,0.0590,本圈台阶完成,1,0.0000,0.150,0.330
3111.447,ROUNDABOUT_FOLLOW,10.819,0,2.812,roundabout_follow_left_locked,0.1210,0.5019,1,line_center_tracking,-0.4837,-0.4837,-0.4837,-0.4837,0.2375,1,0.0000,0.0000,0.0000,-0.4837,0.5019,IDLE,1,0,step_done_latches_cleared,0,0,0.000,0,nan,nan,nan,0.0000,0,5,0.6050,0.5460,0.2287,0.5460,0.0590,本圈台阶完成,1,0.0000,0.150,0.330
3111.579,ROUNDABOUT_FOLLOW,10.951,0,2.812,roundabout_follow_left_locked,0.1299,0.4670,1,line_center_tracking,-0.4071,-0.4071,-0.4071,-0.4071,0.2375,1,0.0000,0.0000,0.0000,-0.4071,0.4670,IDLE,1,0,step_done_latches_cleared,0,0,0.000,0,nan,nan,nan,0.0000,0,5,0.6050,0.5460,0.2287,0.5460,0.0590,本圈台阶完成,1,0.0000,0.150,0.330
3111.714,ROUNDABOUT_FOLLOW,11.086,0,2.812,roundabout_blind_arc_recovery,0.1000,0.1600,0,line_too_few_bands,0.0000,0.0000,0.0000,0.0000,0.0000,0,0.0000,0.0000,0.0000,0.0000,0.1600,IDLE,1,0,step_done_latches_cleared,0,0,0.000,0,nan,nan,nan,0.0000,0,5,0.6050,0.5460,0.2287,0.5460,0.0590,本圈台阶完成,1,0.0000,0.150,0.330
3111.840,ROUNDABOUT_FOLLOW,11.212,0,2.812,roundabout_blind_arc_recovery,0.1000,0.1600,0,line_too_few_bands,0.0000,0.0000,0.0000,0.0000,0.0000,0,0.0000,0.0000,0.0000,0.0000,0.1600,IDLE,1,0,step_done_latches_cleared,0,0,0.000,0,nan,nan,nan,0.0000,0,5,0.6050,0.5460,0.2287,0.5460,0.0590,本圈台阶完成,1,0.0000,0.150,0.330
3111.977,ROUNDABOUT_FOLLOW,11.349,0,2.812,roundabout_blind_arc_recovery,0.1000,0.1600,0,line_too_few_bands,0.0000,0.0000,0.0000,0.0000,0.0000,0,0.0000,0.0000,0.0000,0.0000,0.1600,IDLE,1,0,step_done_latches_cleared,0,0,0.000,0,nan,nan,nan,0.0000,0,5,0.6050,0.5460,0.2287,0.5460,0.0590,本圈台阶完成,1,0.0000,0.150,0.330
3112.119,ROUNDABOUT_FOLLOW,11.491,0,2.812,roundabout_blind_arc_recovery,0.1000,0.1600,0,line_too_few_bands,0.0000,0.0000,0.0000,0.0000,0.0000,0,0.0000,0.0000,0.0000,0.0000,0.1600,IDLE,1,0,step_done_latches_cleared,0,0,0.000,0,nan,nan,nan,0.0000,0,5,0.6050,0.5460,0.2287,0.5460,0.0590,本圈台阶完成,1,0.0000,0.150,0.330
3112.259,ROUNDABOUT_FOLLOW,11.631,0,2.812,roundabout_blind_arc_recovery,0.1000,0.1600,0,line_too_few_bands,0.0000,0.0000,0.0000,0.0000,0.0000,0,0.0000,0.0000,0.0000,0.0000,0.1600,IDLE,1,0,step_done_latches_cleared,0,0,0.000,0,nan,nan,nan,0.0000,0,5,0.6050,0.5460,0.2287,0.5460,0.0590,本圈台阶完成,1,0.0000,0.150,0.330
3112.389,ROUNDABOUT_FOLLOW,11.761,0,2.812,roundabout_blind_arc_recovery,0.1000,0.1600,0,line_too_few_bands,0.0000,0.0000,0.0000,0.0000,0.0000,0,0.0000,0.0000,0.0000,0.0000,0.1600,IDLE,1,0,step_done_latches_cleared,0,0,0.000,0,nan,nan,nan,0.0000,0,5,0.6050,0.5460,0.2287,0.5460,0.0590,本圈台阶完成,1,0.0000,0.150,0.330
3112.520,ROUNDABOUT_FOLLOW,11.892,0,2.812,roundabout_blind_arc_recovery,0.1000,0.1600,0,line_too_few_bands,0.0000,0.0000,0.0000,0.0000,0.0000,0,0.0000,0.0000,0.0000,0.0000,0.1600,IDLE,1,0,step_done_latches_cleared,0,0,0.000,0,nan,nan,nan,0.0000,0,5,0.6050,0.5460,0.2287,0.5460,0.0590,本圈台阶完成,1,0.0000,0.150,0.330
3112.648,ROUNDABOUT_FOLLOW,12.020,0,2.812,roundabout_blind_arc_recovery,0.1000,0.1600,0,line_too_few_bands,0.0000,0.0000,0.0000,0.0000,0.0000,0,0.0000,0.0000,0.0000,0.0000,0.1600,IDLE,1,0,step_done_latches_cleared,0,0,0.000,0,nan,nan,nan,0.0000,0,5,0.6050,0.5460,0.2287,0.5460,0.0590,本圈台阶完成,1,0.0000,0.150,0.330
3112.776,ROUNDABOUT_FOLLOW,12.148,0,2.812,roundabout_blind_arc_recovery,0.1000,0.1600,0,line_too_few_bands,0.0000,0.0000,0.0000,0.0000,0.0000,0,0.0000,0.0000,0.0000,0.0000,0.1600,IDLE,1,0,step_done_latches_cleared,0,0,0.000,0,nan,nan,nan,0.0000,0,5,0.6050,0.5460,0.2287,0.5460,0.0590,本圈台阶完成,1,0.0000,0.150,0.330
3112.922,ROUNDABOUT_FOLLOW,12.294,0,2.812,roundabout_blind_arc_recovery,0.1000,0.1600,0,line_too_few_bands,0.0000,0.0000,0.0000,0.0000,0.0000,0,0.0000,0.0000,0.0000,0.0000,0.1600,IDLE,1,0,step_done_latches_cleared,0,0,0.000,0,nan,nan,nan,0.0000,0,5,0.6050,0.5460,0.2287,0.5460,0.0590,本圈台阶完成,1,0.0000,0.150,0.330
3113.053,ROUNDABOUT_FOLLOW,12.425,0,2.812,roundabout_follow_left_locked,0.1498,0.3401,1,line_center_tracking,-0.1869,-0.1633,-0.2474,-0.2474,0.2386,2,0.0840,0.0000,0.0840,-0.2194,0.3401,IDLE,1,0,step_done_latches_cleared,0,0,0.000,0,nan,nan,nan,0.0000,0,5,0.6050,0.5460,0.2287,0.5460,0.0590,本圈台阶完成,1,0.0000,0.150,0.330
3113.186,ROUNDABOUT_FOLLOW,12.558,0,2.812,roundabout_follow_left_locked,0.2004,0.0225,1,line_center_tracking,0.2308,0.2308,0.2308,0.2308,0.2375,1,0.0000,0.0000,0.0000,0.2308,0.0225,IDLE,1,0,step_done_latches_cleared,0,0,0.000,0,nan,nan,nan,0.0000,0,5,0.6050,0.5460,0.2287,0.5460,0.0590,本圈台阶完成,1,0.0000,0.150,0.330
3113.312,ROUNDABOUT_FOLLOW,12.684,0,2.812,roundabout_follow_left_locked,0.2044,0.1775,1,line_center_tracking,-0.2572,-0.2299,-0.3276,-0.3276,0.2002,2,0.0977,0.0000,0.0977,-0.2950,0.1775,IDLE,1,0,step_done_latches_cleared,0,0,0.000,0,nan,nan,nan,0.0000,0,5,0.6050,0.5460,0.2287,0.5460,0.0590,本圈台阶完成,1,0.0000,0.150,0.330
3113.448,ROUNDABOUT_FOLLOW,12.820,0,2.812,roundabout_follow_left_locked,0.2382,0.0457,1,line_center_tracking,0.0511,0.0511,0.0511,0.0511,0.2375,1,0.0000,0.0000,0.0000,0.0511,0.0457,IDLE,1,0,step_done_latches_cleared,0,0,0.000,0,nan,nan,nan,0.0000,0,5,0.6050,0.5460,0.2287,0.5460,0.0590,本圈台阶完成,1,0.0000,0.150,0.330
3113.578,ROUNDABOUT_FOLLOW,12.950,0,2.812,roundabout_follow_left_locked,0.2207,0.1140,1,line_center_tracking,-0.1490,-0.1490,-0.1490,-0.1490,0.2375,1,0.0000,0.0000,0.0000,-0.1490,0.1140,IDLE,1,0,step_done_latches_cleared,0,0,0.000,0,nan,nan,nan,0.0000,0,5,0.6050,0.5460,0.2287,0.5460,0.0590,本圈台阶完成,1,0.0000,0.150,0.330
3113.714,ROUNDABOUT_FOLLOW,13.086,0,2.812,roundabout_blind_arc_recovery,0.1700,0.1600,0,line_too_few_bands,0.0000,0.0000,0.0000,0.0000,0.0000,0,0.0000,0.0000,0.0000,0.0000,0.1600,IDLE,1,0,step_done_latches_cleared,0,0,0.000,0,nan,nan,nan,0.0000,0,5,0.6050,0.5460,0.2287,0.5460,0.0590,本圈台阶完成,1,0.0000,0.150,0.330
3113.850,ROUNDABOUT_FOLLOW,13.222,0,2.812,roundabout_blind_arc_recovery,0.1194,0.1600,0,line_too_few_bands,0.0000,0.0000,0.0000,0.0000,0.0000,0,0.0000,0.0000,0.0000,0.0000,0.1600,IDLE,1,0,step_done_latches_cleared,0,0,0.000,0,nan,nan,nan,0.0000,0,5,0.6050,0.5460,0.2287,0.5460,0.0590,本圈台阶完成,1,0.0000,0.150,0.330
3113.980,ROUNDABOUT_FOLLOW,13.352,0,2.812,roundabout_blind_arc_recovery,0.1000,0.1600,0,line_too_few_bands,0.0000,0.0000,0.0000,0.0000,0.0000,0,0.0000,0.0000,0.0000,0.0000,0.1600,IDLE,1,0,step_done_latches_cleared,0,0,0.000,0,nan,nan,nan,0.0000,0,5,0.6050,0.5460,0.2287,0.5460,0.0590,本圈台阶完成,1,0.0000,0.150,0.330
3114.114,ROUNDABOUT_FOLLOW,13.486,0,2.812,roundabout_blue_guard_left,0.0493,0.3000,0,line_too_few_bands,0.0000,0.0000,0.0000,0.0000,0.0000,0,0.0000,0.0000,0.0000,0.0000,0.3000,IDLE,1,0,step_done_latches_cleared,0,0,0.000,0,nan,nan,nan,0.0000,0,5,0.6050,0.5460,0.2287,0.5460,0.0590,本圈台阶完成,1,0.0000,0.150,0.330
3114.239,ROUNDABOUT_FOLLOW,13.611,0,2.812,roundabout_blue_guard_left,0.0450,0.3000,0,line_too_few_bands,0.0000,0.0000,0.0000,0.0000,0.0000,0,0.0000,0.0000,0.0000,0.0000,0.3000,IDLE,1,0,step_done_latches_cleared,0,0,0.000,0,nan,nan,nan,0.0000,0,5,0.6050,0.5460,0.2287,0.5460,0.0590,本圈台阶完成,1,0.0000,0.150,0.330
3114.366,ROUNDABOUT_FOLLOW,13.738,0,2.812,roundabout_blue_guard_left,0.0450,0.3000,0,line_too_few_bands,0.0000,0.0000,0.0000,0.0000,0.0000,0,0.0000,0.0000,0.0000,0.0000,0.3000,IDLE,1,0,step_done_latches_cleared,0,0,0.000,0,nan,nan,nan,0.0000,0,5,0.6050,0.5460,0.2287,0.5460,0.0590,本圈台阶完成,1,0.0000,0.150,0.330
3114.498,ROUNDABOUT_FOLLOW,13.870,0,2.812,roundabout_blue_guard_left,0.0450,0.3000,0,line_too_few_bands,0.0000,0.0000,0.0000,0.0000,0.0000,0,0.0000,0.0000,0.0000,0.0000,0.3000,IDLE,1,0,step_done_latches_cleared,0,0,0.000,0,nan,nan,nan,0.0000,0,5,0.6050,0.5460,0.2287,0.5460,0.0590,本圈台阶完成,1,0.0000,0.150,0.330
3114.621,ROUNDABOUT_FOLLOW,13.993,0,2.812,roundabout_blue_guard_left,0.0450,0.3000,0,line_too_few_bands,0.0000,0.0000,0.0000,0.0000,0.0000,0,0.0000,0.0000,0.0000,0.0000,0.3000,IDLE,1,0,step_done_latches_cleared,0,0,0.000,0,nan,nan,nan,0.0000,0,5,0.6050,0.5460,0.2287,0.5460,0.0590,本圈台阶完成,1,0.0000,0.150,0.330
3114.749,ROUNDABOUT_FOLLOW,14.122,0,2.812,roundabout_blue_guard_left,0.0450,0.3000,0,line_too_few_bands,0.0000,0.0000,0.0000,0.0000,0.0000,0,0.0000,0.0000,0.0000,0.0000,0.3000,IDLE,1,0,step_done_latches_cleared,0,0,0.000,0,nan,nan,nan,0.0000,0,5,0.6050,0.5460,0.2287,0.5460,0.0590,本圈台阶完成,1,0.0000,0.150,0.330
3114.881,ROUNDABOUT_FOLLOW,14.253,0,2.812,roundabout_blue_guard_left,0.0450,0.3000,0,line_too_few_bands,0.0000,0.0000,0.0000,0.0000,0.0000,0,0.0000,0.0000,0.0000,0.0000,0.3000,IDLE,1,0,step_done_latches_cleared,0,0,0.000,0,nan,nan,nan,0.0000,0,5,0.6050,0.5460,0.2287,0.5460,0.0590,本圈台阶完成,1,0.0000,0.150,0.330
3115.018,ROUNDABOUT_FOLLOW,14.390,0,2.812,roundabout_blue_guard_left,0.0450,0.3000,0,line_too_few_bands,0.0000,0.0000,0.0000,0.0000,0.0000,0,0.0000,0.0000,0.0000,0.0000,0.3000,IDLE,1,0,step_done_latches_cleared,0,0,0.000,0,nan,nan,nan,0.0000,0,5,0.6050,0.5460,0.2287,0.5460,0.0590,本圈台阶完成,1,0.0000,0.150,0.330
3115.168,ROUNDABOUT_FOLLOW,14.540,0,2.812,roundabout_blue_guard_left,0.0450,0.3000,0,line_too_few_bands,0.0000,0.0000,0.0000,0.0000,0.0000,0,0.0000,0.0000,0.0000,0.0000,0.3000,IDLE,1,0,step_done_latches_cleared,0,0,0.000,0,nan,nan,nan,0.0000,0,5,0.6050,0.5460,0.2287,0.5460,0.0590,本圈台阶完成,1,0.0000,0.150,0.330
3115.303,ROUNDABOUT_FOLLOW,14.675,0,2.812,roundabout_blue_guard_left,0.0450,0.3000,1,line_hard_turn_centering,0.7638,0.7638,0.7638,0.7732,0.4697,2,0.0000,0.0094,0.0094,0.7670,0.3000,IDLE,1,0,step_done_latches_cleared,0,0,0.000,0,nan,nan,nan,0.0000,0,5,0.6050,0.5460,0.2287,0.5460,0.0590,本圈台阶完成,1,0.0000,0.150,0.330
3115.445,ROUNDABOUT_FOLLOW,14.817,0,2.812,roundabout_blue_guard_left,0.0450,0.3000,1,line_hard_turn_centering,0.8086,0.8086,0.8086,0.7874,0.4631,2,0.0000,0.0211,0.0211,0.8015,0.3000,IDLE,1,0,step_done_latches_cleared,0,0,0.000,0,nan,nan,nan,0.0000,0,5,0.6050,0.5460,0.2287,0.5460,0.0590,本圈台阶完成,1,0.0000,0.150,0.330
3115.583,ROUNDABOUT_FOLLOW,14.955,0,2.812,roundabout_blue_guard_left,0.0450,0.3000,0,line_too_few_bands,0.0000,0.0000,0.0000,0.0000,0.0000,0,0.0000,0.0000,0.0000,0.0000,0.3000,IDLE,1,0,step_done_latches_cleared,0,0,0.000,0,nan,nan,nan,0.0000,0,5,0.6050,0.5460,0.2287,0.5460,0.0590,本圈台阶完成,1,0.0000,0.150,0.330
3115.715,ROUNDABOUT_FOLLOW,15.087,0,2.812,roundabout_blue_guard_left,0.0450,0.3000,0,line_too_few_bands,0.0000,0.0000,0.0000,0.0000,0.0000,0,0.0000,0.0000,0.0000,0.0000,0.3000,IDLE,1,0,step_done_latches_cleared,0,0,0.000,0,nan,nan,nan,0.0000,0,5,0.6050,0.5460,0.2287,0.5460,0.0590,本圈台阶完成,1,0.0000,0.150,0.330
3115.848,ROUNDABOUT_FOLLOW,15.220,0,2.812,roundabout_blue_guard_left,0.0450,0.3000,1,line_hard_turn_centering,0.8405,0.8405,0.8405,0.7884,0.4457,2,0.0000,0.0521,0.0521,0.8232,0.3000,IDLE,1,0,step_done_latches_cleared,0,0,0.000,0,nan,nan,nan,0.0000,0,5,0.6050,0.5460,0.2287,0.5460,0.0590,本圈台阶完成,1,0.0000,0.150,0.330
3115.983,ROUNDABOUT_FOLLOW,15.355,0,2.812,roundabout_blue_guard_left,0.0450,0.3000,0,line_too_few_bands,0.0000,0.0000,0.0000,0.0000,0.0000,0,0.0000,0.0000,0.0000,0.0000,0.3000,IDLE,1,0,step_done_latches_cleared,0,0,0.000,0,nan,nan,nan,0.0000,0,5,0.6050,0.5460,0.2287,0.5460,0.0590,本圈台阶完成,1,0.0000,0.150,0.330
3116.118,ROUNDABOUT_FOLLOW,15.491,0,2.812,roundabout_blue_guard_left,0.0450,0.3000,0,line_too_few_bands,0.0000,0.0000,0.0000,0.0000,0.0000,0,0.0000,0.0000,0.0000,0.0000,0.3000,IDLE,1,0,step_done_latches_cleared,0,0,0.000,0,nan,nan,nan,0.0000,0,5,0.6050,0.5460,0.2287,0.5460,0.0590,本圈台阶完成,1,0.0000,0.150,0.330
3116.249,ROUNDABOUT_FOLLOW,15.621,0,2.812,roundabout_blue_guard_left,0.0450,0.3000,0,line_too_few_bands,0.0000,0.0000,0.0000,0.0000,0.0000,0,0.0000,0.0000,0.0000,0.0000,0.3000,IDLE,1,0,step_done_latches_cleared,0,0,0.000,0,nan,nan,nan,0.0000,0,5,0.6050,0.5460,0.2287,0.5460,0.0590,本圈台阶完成,1,0.0000,0.150,0.330
3116.385,ROUNDABOUT_FOLLOW,15.757,0,2.812,roundabout_blue_guard_left,0.0450,0.3000,0,line_too_few_bands,0.0000,0.0000,0.0000,0.0000,0.0000,0,0.0000,0.0000,0.0000,0.0000,0.3000,IDLE,1,0,step_done_latches_cleared,0,0,0.000,0,nan,nan,nan,0.0000,0,5,0.6050,0.5460,0.2287,0.5460,0.0590,本圈台阶完成,1,0.0000,0.150,0.330
3116.519,ROUNDABOUT_FOLLOW,15.891,0,2.812,roundabout_blue_guard_left,0.0450,0.3000,1,line_center_tracking,-0.3646,-0.3646,-0.3646,-0.3646,0.2375,1,0.0000,0.0000,0.0000,-0.3646,0.3000,IDLE,1,0,step_done_latches_cleared,0,0,0.000,0,nan,nan,nan,0.0000,0,5,0.6050,0.5460,0.2287,0.5460,0.0590,本圈台阶完成,1,0.0000,0.150,0.330
3116.646,ROUNDABOUT_FOLLOW,16.018,0,2.812,roundabout_follow_left_locked,0.0936,0.3453,1,line_center_tracking,-0.3197,-0.3197,-0.3197,-0.3197,0.2375,1,0.0000,0.0000,0.0000,-0.3197,0.3453,IDLE,1,0,step_done_latches_cleared,0,0,0.000,0,nan,nan,nan,0.0000,0,5,0.6050,0.5460,0.2287,0.5460,0.0590,本圈台阶完成,1,0.0000,0.150,0.330
3116.775,ROUNDABOUT_FOLLOW,16.147,0,2.812,roundabout_follow_left_locked,0.1423,0.3033,1,line_center_tracking,-0.2481,-0.2579,-0.2229,-0.2229,0.4601,2,0.0350,0.0000,0.0350,-0.2346,0.3033,IDLE,1,0,step_done_latches_cleared,0,0,0.000,0,nan,nan,nan,0.0000,0,5,0.6050,0.5460,0.2287,0.5460,0.0590,本圈台阶完成,1,0.0000,0.150,0.330
3116.906,ROUNDABOUT_FOLLOW,16.278,0,2.812,roundabout_follow_left_locked,0.1913,0.2282,1,line_center_tracking,-0.1485,-0.1485,-0.1485,-0.1485,0.2375,1,0.0000,0.0000,0.0000,-0.1485,0.2282,IDLE,1,0,step_done_latches_cleared,0,0,0.000,0,nan,nan,nan,0.0000,0,5,0.6050,0.5460,0.2287,0.5460,0.0590,本圈台阶完成,1,0.0000,0.150,0.330
3117.036,ROUNDABOUT_FOLLOW,16.408,0,2.812,roundabout_follow_left_locked,0.2059,0.1715,1,line_center_tracking,-0.1073,-0.1073,-0.1073,-0.1073,0.2375,1,0.0000,0.0000,0.0000,-0.1073,0.1715,IDLE,1,0,step_done_latches_cleared,0,0,0.000,0,nan,nan,nan,0.0000,0,5,0.6050,0.5460,0.2287,0.5460,0.0590,本圈台阶完成,1,0.0000,0.150,0.330
3117.175,ROUNDABOUT_FOLLOW,16.547,0,2.812,roundabout_follow_left_locked,0.2177,0.1254,1,line_center_tracking,-0.0735,-0.0735,-0.0735,-0.0735,0.2375,1,0.0000,0.0000,0.0000,-0.0735,0.1254,IDLE,1,0,step_done_latches_cleared,0,0,0.000,0,nan,nan,nan,0.0000,0,5,0.6050,0.5460,0.2287,0.5460,0.0590,本圈台阶完成,1,0.0000,0.150,0.330
3117.305,ROUNDABOUT_FOLLOW,16.677,0,2.812,roundabout_follow_left_locked,0.2314,0.0724,1,line_center_tracking,-0.0209,-0.0341,0.0130,0.0224,0.4483,2,0.0470,0.0094,0.0565,0.0004,0.0724,IDLE,1,0,step_done_latches_cleared,0,0,0.000,0,nan,nan,nan,0.0000,0,5,0.6050,0.5460,0.2287,0.5460,0.0590,本圈台阶完成,1,0.0000,0.150,0.330
3117.449,ROUNDABOUT_FOLLOW,16.821,0,2.812,roundabout_follow_left_locked,0.2384,0.0452,1,line_center_tracking,-0.0146,-0.0045,-0.0407,-0.0479,0.4544,2,0.0362,0.0072,0.0434,-0.0310,0.0452,IDLE,1,0,step_done_latches_cleared,0,0,0.000,0,nan,nan,nan,0.0000,0,5,0.6050,0.5460,0.2287,0.5460,0.0590,本圈台阶完成,1,0.0000,0.150,0.330
3117.580,ROUNDABOUT_FOLLOW,16.952,0,2.812,roundabout_follow_left_locked,0.2336,0.0300,1,line_center_tracking,-0.0131,0.0138,-0.0824,-0.1016,0.4204,2,0.0961,0.0192,0.1153,-0.0567,0.0300,IDLE,1,0,step_done_latches_cleared,0,0,0.000,0,nan,nan,nan,0.0000,0,5,0.6050,0.5460,0.2287,0.5460,0.0590,本圈台阶完成,1,0.0000,0.150,0.330
3117.718,ROUNDABOUT_FOLLOW,17.090,0,2.812,roundabout_follow_left_locked,0.2333,0.0109,1,line_center_tracking,0.0067,0.0341,-0.0637,-0.0832,0.4195,2,0.0977,0.0195,0.1173,-0.0376,0.0109,IDLE,1,0,step_done_latches_cleared,0,0,0.000,0,nan,nan,nan,0.0000,0,5,0.6050,0.5460,0.2287,0.5460,0.0590,本圈台阶完成,1,0.0000,0.150,0.330
3117.848,ROUNDABOUT_FOLLOW,17.220,0,2.812,roundabout_follow_left_locked,0.2383,0.0455,1,line_center_tracking,-0.0673,-0.0589,-0.0891,-0.0926,0.4630,2,0.0302,0.0035,0.0337,-0.0802,0.0455,IDLE,1,0,step_done_latches_cleared,0,0,0.000,0,nan,nan,nan,0.0000,0,5,0.6050,0.5460,0.2287,0.5460,0.0590,本圈台阶完成,1,0.0000,0.150,0.330
3117.978,ROUNDABOUT_FOLLOW,17.350,0,2.812,roundabout_follow_left_locked,0.2305,0.0311,1,line_center_tracking,-0.0204,0.0116,-0.1026,-0.0740,0.5081,3,0.1142,0.0286,0.0856,-0.0550,0.0311,IDLE,1,0,step_done_latches_cleared,0,0,0.000,0,nan,nan,nan,0.0000,0,5,0.6050,0.5460,0.2287,0.5460,0.0590,本圈台阶完成,1,0.0000,0.150,0.330
3118.109,ROUNDABOUT_FOLLOW,17.481,0,2.812,roundabout_follow_left_locked,0.2394,0.0413,1,line_center_tracking,-0.0453,-0.0294,-0.0863,-0.0658,0.5313,3,0.0569,0.0205,0.0364,-0.0605,0.0413,IDLE,1,0,step_done_latches_cleared,0,0,0.000,0,nan,nan,nan,0.0000,0,5,0.6050,0.5460,0.2287,0.5460,0.0590,本圈台阶完成,1,0.0000,0.150,0.330
3118.283,ROUNDABOUT_FOLLOW,17.655,0,2.812,roundabout_follow_left_locked,0.2275,0.0554,1,line_center_tracking,-0.0639,-0.0270,-0.1586,-0.2040,0.5072,3,0.1316,0.0453,0.1769,-0.1299,0.0554,IDLE,1,0,step_done_latches_cleared,0,0,0.000,0,nan,nan,nan,0.0000,0,5,0.6050,0.5460,0.2287,0.5460,0.0590,本圈台阶完成,1,0.0000,0.150,0.330
3118.415,ROUNDABOUT_FOLLOW,17.787,0,2.812,roundabout_follow_left_locked,0.2047,0.0918,1,line_center_tracking,-0.1147,-0.0405,-0.3055,-0.3872,0.5745,4,0.2650,0.0817,0.3468,-0.2444,0.0918,IDLE,1,0,step_done_latches_cleared,0,0,0.000,0,nan,nan,nan,0.0000,0,5,0.6050,0.5460,0.2287,0.5460,0.0590,本圈台阶完成,1,0.0000,0.150,0.330
3118.548,ROUNDABOUT_FOLLOW,17.920,0,2.812,roundabout_follow_left_locked,0.2282,0.0849,1,line_center_tracking,-0.0766,-0.0521,-0.1395,-0.1395,0.6201,4,0.0873,0.0000,0.0873,-0.1104,0.0849,IDLE,1,0,step_done_latches_cleared,0,0,0.000,0,nan,nan,nan,0.0000,0,5,0.6050,0.5460,0.2287,0.5460,0.0590,本圈台阶完成,1,0.0000,0.150,0.330
3118.690,ROUNDABOUT_FOLLOW,18.062,0,2.812,roundabout_follow_left_locked,0.2167,0.1294,1,line_center_tracking,-0.1552,-0.1434,-0.1854,-0.1854,0.3570,2,0.0420,0.0000,0.0420,-0.1714,0.1294,IDLE,1,0,step_done_latches_cleared,0,0,0.000,0,nan,nan,nan,0.0000,0,5,0.6050,0.5460,0.2287,0.5460,0.0590,本圈台阶完成,1,0.0000,0.150,0.330
3118.822,ROUNDABOUT_EXIT,0.000,0,2.812,roundabout_exit_commit,0.1667,0.1209,1,line_center_tracking,-0.1120,-0.1156,-0.1026,-0.1026,0.4383,2,0.0130,0.0000,0.0130,-0.1069,0.1209,IDLE,1,0,step_done_latches_cleared,0,0,0.000,0,nan,nan,nan,0.0000,0,5,0.6050,0.5460,0.2287,0.5460,0.0590,本圈台阶完成,1,0.0000,0.150,0.330
3118.957,ROUNDABOUT_EXIT,0.136,0,2.812,roundabout_exit_commit,0.1160,0.1033,1,line_center_tracking,-0.0817,-0.0747,-0.0998,-0.0998,0.4556,2,0.0251,0.0000,0.0251,-0.0914,0.1033,IDLE,1,0,step_done_latches_cleared,0,0,0.000,0,nan,nan,nan,0.0000,0,5,0.6050,0.5460,0.2287,0.5460,0.0590,本圈台阶完成,1,0.0000,0.150,0.330
3119.093,ROUNDABOUT_EXIT,0.271,0,2.812,roundabout_exit_commit,0.1050,0.0949,1,line_center_tracking,-0.0798,-0.0441,-0.1714,-0.2159,0.6181,4,0.1273,0.0445,0.1718,-0.1438,0.0949,IDLE,1,0,step_done_latches_cleared,0,0,0.000,0,nan,nan,nan,0.0000,0,5,0.6050,0.5460,0.2287,0.5460,0.0590,本圈台阶完成,1,0.0000,0.150,0.330
3119.228,ROUNDABOUT_EXIT,0.406,0,2.812,roundabout_exit_commit,0.1050,0.0811,1,line_center_tracking,-0.0633,-0.0390,-0.1259,-0.1475,0.7184,5,0.0869,0.0216,0.1085,-0.1041,0.0811,IDLE,1,0,step_done_latches_cleared,0,0,0.000,0,nan,nan,nan,0.0000,0,5,0.6050,0.5460,0.2287,0.5460,0.0590,本圈台阶完成,1,0.0000,0.150,0.330
3119.363,ROUNDABOUT_EXIT,0.541,0,2.812,roundabout_exit_commit,0.1050,0.0665,1,line_center_tracking,-0.0486,-0.0291,-0.0989,-0.1086,0.6324,4,0.0698,0.0097,0.0796,-0.0789,0.0665,IDLE,1,0,step_done_latches_cleared,0,0,0.000,0,nan,nan,nan,0.0000,0,5,0.6050,0.5460,0.2287,0.5460,0.0590,本圈台阶完成,1,0.0000,0.150,0.330
3119.496,ROUNDABOUT_EXIT,0.674,0,2.812,roundabout_exit_commit,0.1050,0.0560,1,line_center_tracking,-0.0422,-0.0251,-0.0862,-0.0933,0.6347,4,0.0612,0.0071,0.0683,-0.0682,0.0560,IDLE,1,0,step_done_latches_cleared,0,0,0.000,0,nan,nan,nan,0.0000,0,5,0.6050,0.5460,0.2287,0.5460,0.0590,本圈台阶完成,1,0.0000,0.150,0.330
3119.634,ROUNDABOUT_EXIT,0.812,0,2.812,roundabout_exit_commit,0.1050,0.0489,1,line_center_tracking,-0.0386,-0.0249,-0.0739,-0.0796,0.4556,2,0.0490,0.0057,0.0547,-0.0594,0.0489,IDLE,1,0,step_done_latches_cleared,0,0,0.000,0,nan,nan,nan,0.0000,0,5,0.6050,0.5460,0.2287,0.5460,0.0590,本圈台阶完成,1,0.0000,0.150,0.330
3119.765,ROUNDABOUT_EXIT,0.944,0,2.812,roundabout_exit_commit,0.1050,0.0313,1,line_center_tracking,-0.0145,-0.0230,0.0074,0.0332,0.5391,3,0.0305,0.0258,0.0562,0.0059,0.0313,IDLE,1,0,step_done_latches_cleared,0,0,0.000,0,nan,nan,nan,0.0000,0,5,0.6050,0.5460,0.2287,0.5460,0.0590,本圈台阶完成,1,0.0000,0.150,0.330
3119.896,ROUNDABOUT_EXIT,1.075,0,2.812,roundabout_exit_commit,0.1050,0.0342,1,line_center_tracking,-0.0322,-0.0236,-0.0546,-0.0419,0.6384,4,0.0310,0.0127,0.0183,-0.0400,0.0342,IDLE,1,0,step_done_latches_cleared,0,0,0.000,0,nan,nan,nan,0.0000,0,5,0.6050,0.5460,0.2287,0.5460,0.0590,本圈台阶完成,1,0.0000,0.150,0.330
3120.026,SEEK_CROSSWALK,0.000,0,2.812,tracking,0.1544,0.0283,1,line_center_tracking,-0.0262,-0.0141,-0.0573,-0.0655,0.6415,4,0.0433,0.0082,0.0514,-0.0457,0.0283,IDLE,1,0,step_done_latches_cleared,0,0,0.000,0,nan,nan,nan,0.0000,0,5,0.6050,0.5460,0.2287,0.5460,0.0590,本圈台阶完成,1,0.0000,0.150,0.330
3120.166,SEEK_CROSSWALK,0.140,0,2.812,tracking,0.2051,0.0239,1,line_center_tracking,-0.0187,-0.0081,-0.0460,-0.0708,0.8176,6,0.0379,0.0247,0.0627,-0.0416,0.0239,IDLE,1,0,step_done_latches_cleared,0,0,0.000,0,nan,nan,nan,0.0000,0,5,0.6050,0.5460,0.2287,0.5460,0.0590,本圈台阶完成,1,0.0000,0.150,0.330
3120.304,SEEK_CROSSWALK,0.278,0,2.812,tracking,0.2431,0.0194,1,line_center_tracking,-0.0141,-0.0044,-0.0389,-0.0667,0.8172,6,0.0345,0.0279,0.0623,-0.0367,0.0194,IDLE,1,0,step_done_latches_cleared,0,0,0.000,0,nan,nan,nan,0.0000,0,5,0.6050,0.5460,0.2287,0.5460,0.0590,本圈台阶完成,1,0.0000,0.150,0.330
3120.433,SEEK_CROSSWALK,0.406,0,2.812,tracking,0.2429,0.0140,1,line_center_tracking,-0.0083,0.0016,-0.0337,-0.0627,0.8168,6,0.0352,0.0291,0.0643,-0.0316,0.0140,IDLE,1,0,step_done_latches_cleared,0,0,0.000,0,nan,nan,nan,0.0000,0,5,0.6050,0.5460,0.2287,0.5460,0.0590,本圈台阶完成,1,0.0000,0.150,0.330
3120.559,SEEK_CROSSWALK,0.533,0,2.812,tracking,0.2377,-0.0075,1,line_center_tracking,0.0242,0.0444,-0.0277,-0.0601,0.8132,6,0.0721,0.0324,0.1045,-0.0145,-0.0075,IDLE,1,0,step_done_latches_cleared,0,0,0.000,0,nan,nan,nan,0.0000,0,5,0.6050,0.5460,0.2287,0.5460,0.0590,本圈台阶完成,1,0.0000,0.150,0.330
3120.687,SEEK_CROSSWALK,0.660,0,2.812,tracking,0.2437,-0.0042,1,line_center_tracking,0.0034,0.0118,-0.0181,-0.0444,0.8171,6,0.0300,0.0263,0.0562,-0.0169,-0.0042,IDLE,1,0,step_done_latches_cleared,0,0,0.000,0,nan,nan,nan,0.0000,0,5,0.6050,0.5460,0.2287,0.5460,0.0590,本圈台阶完成,1,0.0000,0.150,0.330
3120.815,SEEK_CROSSWALK,0.789,0,2.812,tracking,0.2431,-0.0097,1,line_center_tracking,0.0132,0.0225,-0.0109,-0.0391,0.7280,5,0.0334,0.0283,0.0617,-0.0092,-0.0097,IDLE,1,0,step_done_latches_cleared,0,0,0.000,0,nan,nan,nan,0.0000,0,5,0.6050,0.5460,0.2287,0.5460,0.0590,本圈台阶完成,1,0.0000,0.150,0.330
3120.945,SEEK_CROSSWALK,0.918,0,2.812,tracking,0.2435,-0.0108,1,line_center_tracking,0.0114,0.0203,-0.0114,-0.0380,0.7284,5,0.0316,0.0267,0.0583,-0.0097,-0.0108,IDLE,1,0,step_done_latches_cleared,0,0,0.000,0,nan,nan,nan,0.0000,0,5,0.6050,0.5460,0.2287,0.5460,0.0590,本圈台阶完成,1,0.0000,0.150,0.330
3121.076,SEEK_CROSSWALK,1.049,0,2.812,tracking,0.2453,-0.0084,1,line_center_tracking,0.0060,0.0064,0.0049,-0.0297,0.6397,4,0.0015,0.0346,0.0360,-0.0061,-0.0084,IDLE,1,0,step_done_latches_cleared,0,0,0.000,0,nan,nan,nan,0.0000,0,5,0.6050,0.5460,0.2287,0.5460,0.0590,本圈台阶完成,1,0.0000,0.150,0.330
3121.213,SEEK_CROSSWALK,1.186,0,2.812,tracking,0.2431,-0.0101,1,line_center_tracking,0.0106,0.0203,-0.0143,-0.0417,0.7282,5,0.0346,0.0274,0.0620,-0.0119,-0.0101,IDLE,1,0,step_done_latches_cleared,0,0,0.000,0,nan,nan,nan,0.0000,0,5,0.6050,0.5460,0.2287,0.5460,0.0590,本圈台阶完成,1,0.0000,0.150,0.330
3121.350,SEEK_CROSSWALK,1.324,0,2.812,tracking,0.2434,-0.0087,1,line_center_tracking,0.0071,0.0162,-0.0163,-0.0434,0.7287,5,0.0325,0.0271,0.0596,-0.0145,-0.0087,IDLE,1,0,step_done_latches_cleared,0,0,0.000,0,nan,nan,nan,0.0000,0,5,0.6050,0.5460,0.2287,0.5460,0.0590,本圈台阶完成,1,0.0000,0.150,0.330
3121.502,SEEK_CROSSWALK,1.476,0,2.812,tracking,0.2456,0.0013,1,line_center_tracking,-0.0095,-0.0065,-0.0171,-0.0458,0.9032,7,0.0106,0.0287,0.0393,-0.0231,0.0013,IDLE,1,0,step_done_latches_cleared,0,0,0.000,0,nan,nan,nan,0.0000,0,5,0.6050,0.5460,0.2287,0.5460,0.0590,本圈台阶完成,1,0.0000,0.150,0.330
3121.634,SEEK_CROSSWALK,1.607,0,2.812,tracking,0.2441,-0.0003,1,line_center_tracking,0.0008,0.0082,-0.0181,-0.0448,0.8178,6,0.0263,0.0267,0.0530,-0.0182,-0.0003,IDLE,1,0,step_done_latches_cleared,0,0,0.000,0,nan,nan,nan,0.0000,0,5,0.6050,0.5460,0.2287,0.5460,0.0590,本圈台阶完成,1,0.0000,0.150,0.330
3121.760,SEEK_CROSSWALK,1.733,0,2.812,tracking,0.2449,0.0004,1,line_center_tracking,-0.0009,0.0052,-0.0166,-0.0408,0.7302,5,0.0218,0.0242,0.0460,-0.0174,0.0004,IDLE,1,0,step_done_latches_cleared,0,0,0.000,0,nan,nan,nan,0.0000,0,5,0.6050,0.5460,0.2287,0.5460,0.0590,本圈台阶完成,1,0.0000,0.150,0.330
3121.888,SEEK_CROSSWALK,1.862,0,2.812,tracking,0.2440,-0.0032,1,line_center_tracking,0.0057,0.0146,-0.0170,-0.0394,0.8183,6,0.0316,0.0223,0.0539,-0.0139,-0.0032,IDLE,1,0,step_done_latches_cleared,0,0,0.000,0,nan,nan,nan,0.0000,0,5,0.6050,0.5460,0.2287,0.5460,0.0590,本圈台阶完成,1,0.0000,0.150,0.330
3122.017,SEEK_CROSSWALK,1.991,0,2.812,tracking,0.2427,-0.0080,1,line_center_tracking,0.0114,0.0231,-0.0185,-0.0426,0.8166,6,0.0416,0.0241,0.0657,-0.0127,-0.0080,IDLE,1,0,step_done_latches_cleared,0,0,0.000,0,nan,nan,nan,0.0000,0,5,0.6050,0.5460,0.2287,0.5460,0.0590,本圈台阶完成,1,0.0000,0.150,0.330
3122.156,SEEK_CROSSWALK,2.130,0,2.812,tracking,0.2455,0.0016,1,line_center_tracking,-0.0086,-0.0037,-0.0210,-0.0443,0.8189,6,0.0173,0.0233,0.0406,-0.0230,0.0016,IDLE,1,0,step_done_latches_cleared,0,0,0.000,0,nan,nan,nan,0.0000,0,5,0.6050,0.5460,0.2287,0.5460,0.0590,本圈台阶完成,1,0.0000,0.150,0.330
3122.287,SEEK_CROSSWALK,2.261,0,2.812,tracking,0.2446,0.0036,1,line_center_tracking,-0.0057,0.0020,-0.0255,-0.0462,0.9070,7,0.0276,0.0207,0.0482,-0.0232,0.0036,IDLE,1,0,step_done_latches_cleared,0,0,0.000,0,nan,nan,nan,0.0000,0,5,0.6050,0.5460,0.2287,0.5460,0.0590,本圈台阶完成,1,0.0000,0.150,0.330
3122.415,SEEK_CROSSWALK,2.388,0,2.812,tracking,0.2448,0.0080,1,line_center_tracking,-0.0111,-0.0036,-0.0304,-0.0501,0.9943,8,0.0269,0.0197,0.0466,-0.0280,0.0080,IDLE,1,0,step_done_latches_cleared,0,0,0.000,0,nan,nan,nan,0.0000,0,5,0.6050,0.5460,0.2287,0.5460,0.0590,本圈台阶完成,1,0.0000,0.150,0.330
3122.551,SEEK_CROSSWALK,2.525,0,2.812,tracking,0.2454,0.0148,1,line_center_tracking,-0.0195,-0.0131,-0.0360,-0.0548,0.9950,8,0.0228,0.0188,0.0416,-0.0346,0.0148,IDLE,1,0,step_done_latches_cleared,0,0,0.000,0,nan,nan,nan,0.0000,0,5,0.6050,0.5460,0.2287,0.5460,0.0590,本圈台阶完成,1,0.0000,0.150,0.330
3122.683,SEEK_CROSSWALK,2.656,0,2.812,tracking,0.2439,0.0238,1,line_center_tracking,-0.0298,-0.0239,-0.0448,-0.0615,0.9956,8,0.0208,0.0167,0.0375,-0.0434,0.0238,IDLE,1,0,step_done_latches_cleared,0,0,0.000,0,nan,nan,nan,0.0000,0,5,0.6050,0.5460,0.2287,0.5460,0.0590,本圈台阶完成,1,0.0000,0.150,0.330
3122.810,SEEK_CROSSWALK,2.783,0,2.812,tracking,0.2420,0.0309,1,line_center_tracking,-0.0351,-0.0295,-0.0493,-0.0678,0.9953,8,0.0197,0.0186,0.0383,-0.0489,0.0309,IDLE,1,0,step_done_latches_cleared,0,0,0.000,0,nan,nan,nan,0.0000,0,5,0.6050,0.5460,0.2287,0.5460,0.0590,本圈台阶完成,1,0.0000,0.150,0.330
3122.940,SEEK_CROSSWALK,2.914,0,2.812,tracking,0.2409,0.0353,1,line_center_tracking,-0.0368,-0.0319,-0.0496,-0.0694,0.9953,8,0.0177,0.0198,0.0376,-0.0503,0.0353,IDLE,1,0,step_done_latches_cleared,0,0,0.000,0,nan,nan,nan,0.0000,0,5,0.6050,0.5460,0.2287,0.5460,0.0590,本圈台阶完成,1,0.0000,0.150,0.330
3123.071,SEEK_CROSSWALK,3.045,0,2.812,tracking,0.2405,0.0371,1,line_center_tracking,-0.0363,-0.0318,-0.0479,-0.0717,0.9946,8,0.0161,0.0238,0.0399,-0.0504,0.0371,IDLE,1,0,step_done_latches_cleared,0,0,0.000,0,nan,nan,nan,0.0000,0,5,0.6050,0.5460,0.2287,0.5460,0.0590,本圈台阶完成,1,0.0000,0.150,0.330
3123.205,SEEK_CROSSWALK,3.179,0,2.812,tracking,0.2412,0.0343,1,line_center_tracking,-0.0297,-0.0253,-0.0410,-0.0675,0.9938,8,0.0157,0.0266,0.0422,-0.0446,0.0343,IDLE,1,0,step_done_latches_cleared,0,0,0.000,0,nan,nan,nan,0.0000,0,5,0.6050,0.5460,0.2287,0.5460,0.0590,本圈台阶完成,1,0.0000,0.150,0.330
3123.338,SEEK_CROSSWALK,3.311,0,2.812,tracking,0.2394,0.0267,1,line_center_tracking,-0.0186,-0.0179,-0.0203,-0.0977,0.9787,8,0.0024,0.0774,0.0798,-0.0453,0.0267,IDLE,1,0,step_done_latches_cleared,0,0,0.000,0,nan,nan,nan,0.0000,0,5,0.6050,0.5460,0.2287,0.5460,0.0590,本圈台阶完成,1,0.0000,0.150,0.330
3123.473,SEEK_CROSSWALK,3.446,0,2.812,tracking,0.2365,0.0198,1,line_center_tracking,-0.0121,-0.0092,-0.0195,-0.1178,0.9806,8,0.0102,0.0984,0.1086,-0.0489,0.0198,IDLE,1,0,step_done_latches_cleared,0,0,0.000,0,nan,nan,nan,0.0000,0,5,0.6050,0.5460,0.2287,0.5460,0.0590,本圈台阶完成,1,0.0000,0.150,0.330
3123.611,SEEK_CROSSWALK,3.584,0,2.812,tracking,0.2324,0.0130,1,line_center_tracking,-0.0059,-0.0031,-0.0131,-0.1417,0.9755,8,0.0099,0.1286,0.1385,-0.0526,0.0130,IDLE,1,0,step_done_latches_cleared,0,0,0.000,0,nan,nan,nan,0.0000,0,5,0.6050,0.5460,0.2287,0.5460,0.0590,本圈台阶完成,1,0.0000,0.150,0.330
3123.745,SEEK_CROSSWALK,3.719,0,2.812,tracking,0.1817,0.0069,1,line_curve_center_riding,-0.0009,-0.0002,-0.0122,-0.1746,0.9705,8,0.0120,0.1624,0.1744,-0.0623,0.0069,IDLE,1,0,step_done_latches_cleared,0,0,0.000,0,nan,nan,nan,0.0000,0,5,0.6050,0.5460,0.2287,0.5460,0.0590,本圈台阶完成,1,0.0000,0.150,0.330
3123.872,SEEK_CROSSWALK,3.846,0,2.812,tracking,0.1700,0.0024,1,line_curve_center_riding,0.0019,0.0030,-0.0158,-0.1809,0.9707,8,0.0189,0.1650,0.1839,-0.0646,0.0024,IDLE,1,0,step_done_latches_cleared,0,0,0.000,0,nan,nan,nan,0.0000,0,5,0.6050,0.5460,0.2287,0.5460,0.0590,本圈台阶完成,1,0.0000,0.150,0.330
3124.005,SEEK_CROSSWALK,3.978,0,2.812,tracking,0.2203,0.0036,1,line_center_tracking,-0.0038,0.0024,-0.0199,-0.1415,0.8916,7,0.0224,0.1216,0.1440,-0.0530,0.0036,IDLE,1,0,step_done_latches_cleared,0,0,0.000,0,nan,nan,nan,0.0000,0,5,0.6050,0.5460,0.2287,0.5460,0.0590,本圈台阶完成,1,0.0000,0.150,0.330
3124.136,SEEK_CROSSWALK,4.110,0,2.812,tracking,0.2299,0.0064,1,line_center_tracking,-0.0082,-0.0002,-0.0288,-0.1755,0.8920,7,0.0286,0.1467,0.1753,-0.0682,0.0064,IDLE,1,0,step_done_latches_cleared,0,0,0.000,0,nan,nan,nan,0.0000,0,5,0.6050,0.5460,0.2287,0.5460,0.0590,本圈台阶完成,1,0.0000,0.150,0.330
3124.271,SEEK_CROSSWALK,4.244,0,2.812,tracking,0.1793,0.0046,1,line_curve_center_riding,-0.0031,-0.0008,-0.0384,-0.2135,0.8877,7,0.0375,0.1751,0.2127,-0.0842,0.0046,IDLE,1,0,step_done_latches_cleared,0,0,0.000,0,nan,nan,nan,0.0000,0,5,0.6050,0.5460,0.2287,0.5460,0.0590,本圈台阶完成,1,0.0000,0.150,0.330
3124.410,SEEK_CROSSWALK,4.384,0,2.812,tracking,0.2299,0.0123,1,line_center_tracking,-0.0174,-0.0057,-0.0474,-0.1126,0.8120,6,0.0416,0.0652,0.1069,-0.0552,0.0123,IDLE,1,0,step_done_latches_cleared,0,0,0.000,0,nan,nan,nan,0.0000,0,5,0.6050,0.5460,0.2287,0.5460,0.0590,本圈台阶完成,1,0.0000,0.150,0.330
3124.543,SEEK_CROSSWALK,4.517,0,2.812,tracking,0.2363,0.0165,1,line_center_tracking,-0.0192,-0.0062,-0.0528,-0.1296,0.8103,6,0.0466,0.0768,0.1234,-0.0628,0.0165,IDLE,1,0,step_done_latches_cleared,0,0,0.000,0,nan,nan,nan,0.0000,0,5,0.6050,0.5460,0.2287,0.5460,0.0590,本圈台阶完成,1,0.0000,0.150,0.330
3124.688,SEEK_CROSSWALK,4.661,0,2.812,tracking,0.2350,0.0179,1,line_center_tracking,-0.0182,-0.0037,-0.0556,-0.1382,0.8087,6,0.0519,0.0826,0.1345,-0.0658,0.0179,IDLE,1,0,step_done_latches_cleared,0,0,0.000,0,nan,nan,nan,0.0000,0,5,0.6050,0.5460,0.2287,0.5460,0.0590,本圈台阶完成,1,0.0000,0.150,0.330
3124.823,SEEK_CROSSWALK,4.796,0,2.812,tracking,0.2346,0.0164,1,line_center_tracking,-0.0142,0.0006,-0.0522,-0.1377,0.8083,6,0.0529,0.0854,0.1383,-0.0631,0.0164,IDLE,1,0,step_done_latches_cleared,0,0,0.000,0,nan,nan,nan,0.0000,0,5,0.6050,0.5460,0.2287,0.5460,0.0590,本圈台阶完成,1,0.0000,0.150,0.330
3124.954,SEEK_CROSSWALK,4.928,0,2.812,tracking,0.1848,0.0049,1,line_curve_center_riding,0.0046,0.0081,-0.0511,-0.2842,0.8816,7,0.0592,0.2332,0.2923,-0.1091,0.0049,IDLE,1,0,step_done_latches_cleared,0,0,0.000,0,nan,nan,nan,0.0000,0,5,0.6050,0.5460,0.2287,0.5460,0.0590,本圈台阶完成,1,0.0000,0.150,0.330
3125.087,SEEK_CROSSWALK,5.060,0,2.812,tracking,0.1700,-0.0051,1,line_curve_center_riding,0.0137,0.0170,-0.0374,-0.2898,0.8779,7,0.0544,0.2524,0.3068,-0.1034,-0.0051,IDLE,1,0,step_done_latches_cleared,0,0,0.000,0,nan,nan,nan,0.0000,0,5,0.6050,0.5460,0.2287,0.5460,0.0590,本圈台阶完成,1,0.0000,0.150,0.330
3125.222,SEEK_CROSSWALK,5.195,0,2.812,tracking,0.1700,-0.0107,1,line_curve_center_riding,0.0153,0.0192,-0.0456,-0.3020,0.8786,7,0.0648,0.2564,0.3212,-0.1094,-0.0107,IDLE,1,0,step_done_latches_cleared,0,0,0.000,0,nan,nan,nan,0.0000,0,5,0.6050,0.5460,0.2287,0.5460,0.0590,本圈台阶完成,1,0.0000,0.150,0.330
3125.354,SEEK_CROSSWALK,5.327,0,2.812,tracking,0.1700,-0.0138,1,line_curve_center_riding,0.0158,0.0197,-0.0453,-0.2820,0.8796,7,0.0651,0.2367,0.3017,-0.1025,-0.0138,IDLE,1,0,step_done_latches_cleared,0,0,0.000,0,nan,nan,nan,0.0000,0,5,0.6050,0.5460,0.2287,0.5460,0.0590,本圈台阶完成,1,0.0000,0.150,0.330
3125.489,SEEK_CROSSWALK,5.463,0,2.812,tracking,0.1450,-0.0178,1,line_curve_center_riding,0.0200,0.0246,-0.0532,-0.4492,0.9326,8,0.0779,0.3960,0.4738,-0.1593,-0.0178,IDLE,1,0,step_done_latches_cleared,0,0,0.000,0,nan,nan,nan,0.0000,0,5,0.6050,0.5460,0.2287,0.5460,0.0590,本圈台阶完成,1,0.0000,0.150,0.330
3125.627,SEEK_CROSSWALK,5.600,0,2.812,tracking,0.1700,-0.0152,1,line_curve_center_riding,0.0123,0.0183,-0.0805,-0.3982,0.8688,7,0.0987,0.3178,0.4165,-0.1535,-0.0152,IDLE,1,0,step_done_latches_cleared,0,0,0.000,0,nan,nan,nan,0.0000,0,5,0.6050,0.5460,0.2287,0.5460,0.0590,本圈台阶完成,1,0.0000,0.150,0.330
3125.759,SEEK_CROSSWALK,5.733,0,2.812,tracking,0.1450,-0.0121,1,line_curve_center_riding,0.0086,0.0155,-0.1000,-0.4451,0.8648,7,0.1155,0.3451,0.4606,-0.1766,-0.0121,IDLE,1,0,step_done_latches_cleared,0,0,0.000,0,nan,nan,nan,0.0000,0,5,0.6050,0.5460,0.2287,0.5460,0.0590,本圈台阶完成,1,0.0000,0.150,0.330
3125.890,SEEK_CROSSWALK,5.863,0,2.812,tracking,0.1450,-0.0076,1,line_curve_center_riding,0.0032,0.0113,-0.1245,-0.5115,0.8581,7,0.1357,0.3870,0.5228,-0.2082,-0.0076,IDLE,1,0,step_done_latches_cleared,0,0,0.000,0,nan,nan,nan,0.0000,0,5,0.6050,0.5460,0.2287,0.5460,0.0590,本圈台阶完成,1,0.0000,0.150,0.330
3126.029,SEEK_CROSSWALK,6.002,0,2.812,tracking,0.1450,0.0003,1,line_curve_center_riding,-0.0070,0.0023,-0.1523,-0.5319,0.8571,7,0.1545,0.3796,0.5342,-0.2273,0.0003,IDLE,1,0,step_done_latches_cleared,0,0,0.000,0,nan,nan,nan,0.0000,0,5,0.6050,0.5460,0.2287,0.5460,0.0590,本圈台阶完成,1,0.0000,0.150,0.330
3126.168,SEEK_CROSSWALK,6.141,0,2.812,tracking,0.1450,0.0067,1,line_curve_center_riding,-0.0120,-0.0004,-0.1941,-0.7182,0.8358,7,0.1937,0.5242,0.7178,-0.3042,0.0067,IDLE,1,0,step_done_latches_cleared,0,0,0.000,0,nan,nan,nan,0.0000,0,5,0.6050,0.5460,0.2287,0.5460,0.0590,本圈台阶完成,1,0.0000,0.150,0.330
3126.302,SEEK_CROSSWALK,6.275,0,2.812,tracking,0.1450,0.0225,1,line_curve_center_riding,-0.0340,-0.0217,-0.2262,-0.7872,0.8327,7,0.2045,0.5610,0.7655,-0.3450,0.0225,IDLE,1,0,step_done_latches_cleared,0,0,0.000,0,nan,nan,nan,0.0000,0,5,0.6050,0.5460,0.2287,0.5460,0.0590,本圈台阶完成,1,0.0000,0.150,0.330
3126.442,SEEK_CROSSWALK,6.416,0,2.812,tracking,0.1450,0.0401,1,line_curve_center_riding,-0.0526,-0.0393,-0.2616,-0.4962,0.7672,6,0.2223,0.2347,0.4570,-0.2657,0.0401,IDLE,1,0,step_done_latches_cleared,0,0,0.000,0,nan,nan,nan,0.0000,0,5,0.6050,0.5460,0.2287,0.5460,0.0590,本圈台阶完成,1,0.0000,0.150,0.330
3126.572,SEEK_CROSSWALK,6.546,0,2.812,tracking,0.1700,0.0604,1,line_curve_center_riding,-0.0735,-0.0576,-0.3235,-0.3748,0.5924,4,0.2659,0.0513,0.3172,-0.2520,0.0604,IDLE,1,0,step_done_latches_cleared,0,0,0.000,0,nan,nan,nan,0.0000,0,5,0.6050,0.5460,0.2287,0.5460,0.0590,本圈台阶完成,1,0.0000,0.150,0.330
3126.700,SEEK_CROSSWALK,6.674,0,2.812,tracking,0.1450,0.0763,1,line_curve_center_riding,-0.0850,-0.0653,-0.3934,-0.7283,0.6456,5,0.3281,0.3349,0.6630,-0.3957,0.0763,IDLE,1,0,step_done_latches_cleared,0,0,0.000,0,nan,nan,nan,0.0000,0,5,0.6050,0.5460,0.2287,0.5460,0.0590,本圈台阶完成,1,0.0000,0.150,0.330
3126.834,SEEK_CROSSWALK,6.807,0,2.812,tracking,0.1450,0.0776,1,line_curve_center_riding,-0.0746,-0.0537,-0.4020,-0.4986,0.5652,4,0.3482,0.0966,0.4449,-0.3181,0.0776,IDLE,1,0,step_done_latches_cleared,0,0,0.000,0,nan,nan,nan,0.0000,0,5,0.6050,0.5460,0.2287,0.5460,0.0590,本圈台阶完成,1,0.0000,0.150,0.330
3126.972,SEEK_CROSSWALK,6.946,0,2.812,tracking,0.1450,0.1055,1,line_curve_center_riding,-0.1201,-0.0988,-0.4546,-0.5314,0.6663,5,0.3558,0.0768,0.4326,-0.3616,0.1055,IDLE,1,0,step_done_latches_cleared,0,0,0.000,0,nan,nan,nan,0.0000,0,5,0.6050,0.5460,0.2287,0.5460,0.0590,本圈台阶完成,1,0.0000,0.150,0.330
3127.105,SEEK_CROSSWALK,7.078,0,2.812,tracking,0.1700,0.1129,1,line_curve_center_riding,-0.1128,-0.0979,-0.3453,-0.3453,0.5937,4,0.2474,0.0000,0.2474,-0.2629,0.1129,IDLE,1,0,step_done_latches_cleared,0,0,0.000,0,nan,nan,nan,0.0000,0,5,0.6050,0.5460,0.2287,0.5460,0.0590,本圈台阶完成,1,0.0000,0.150,0.330
3127.247,SEEK_CROSSWALK,7.221,0,2.812,line_bridge_loss,0.1193,0.0452,0,line_too_few_bands,0.0000,0.0000,0.0000,0.0000,0.0000,1,0.0000,0.0000,0.0000,0.0000,0.0452,IDLE,1,0,step_done_latches_cleared,0,0,0.000,0,nan,nan,nan,0.0000,0,5,0.6050,0.5460,0.2287,0.5460,0.0590,本圈台阶完成,1,0.0000,0.150,0.330
3127.379,SEEK_CROSSWALK,7.352,0,2.812,tracking,0.1450,0.1694,1,line_curve_center_riding,-0.2083,-0.1799,-0.6522,-0.7238,0.4321,3,0.4723,0.0716,0.5439,-0.5187,0.1694,IDLE,1,0,step_done_latches_cleared,0,0,0.000,0,nan,nan,nan,0.0000,0,5,0.6050,0.5460,0.2287,0.5460,0.0590,本圈台阶完成,1,0.0000,0.150,0.330
3127.512,SEEK_CROSSWALK,7.485,0,2.812,tracking,0.1450,0.1882,1,line_curve_center_riding,-0.1917,-0.1743,-0.4635,-0.4635,0.5824,4,0.2892,0.0000,0.2892,-0.3671,0.1882,IDLE,1,0,step_done_latches_cleared,0,0,0.000,0,nan,nan,nan,0.0000,0,5,0.6050,0.5460,0.2287,0.5460,0.0590,本圈台阶完成,1,0.0000,0.150,0.330
3127.643,SEEK_CROSSWALK,7.616,0,2.812,tracking,0.1450,0.2098,1,line_curve_center_riding,-0.2132,-0.1945,-0.5066,-0.5066,0.5762,4,0.3121,0.0000,0.3121,-0.4026,0.2098,IDLE,1,0,step_done_latches_cleared,0,0,0.000,0,nan,nan,nan,0.0000,0,5,0.6050,0.5460,0.2287,0.5460,0.0590,本圈台阶完成,1,0.0000,0.150,0.330
3127.777,SEEK_CROSSWALK,7.750,0,2.812,tracking,0.1700,0.2299,1,line_curve_center_riding,-0.2309,-0.2230,-0.3556,-0.3556,0.5015,3,0.1326,0.0000,0.1326,-0.3114,0.2299,IDLE,1,0,step_done_latches_cleared,0,0,0.000,0,nan,nan,nan,0.0000,0,5,0.6050,0.5460,0.2287,0.5460,0.0590,本圈台阶完成,1,0.0000,0.150,0.330
3127.905,SEEK_CROSSWALK,7.878,0,2.812,tracking,0.1450,0.2500,1,line_curve_center_riding,-0.2492,-0.2262,-0.6087,-0.6087,0.5600,4,0.3825,0.0000,0.3825,-0.4812,0.2500,IDLE,1,0,step_done_latches_cleared,0,0,0.000,0,nan,nan,nan,0.0000,0,5,0.6050,0.5460,0.2287,0.5460,0.0590,本圈台阶完成,1,0.0000,0.150,0.330
3128.035,SEEK_CROSSWALK,8.008,0,2.812,tracking,0.1450,0.2391,1,line_curve_center_riding,-0.2148,-0.1879,-0.6360,-0.6360,0.5489,4,0.4482,0.0000,0.4482,-0.4867,0.2391,IDLE,1,0,step_done_latches_cleared,0,0,0.000,0,nan,nan,nan,0.0000,0,5,0.6050,0.5460,0.2287,0.5460,0.0590,本圈台阶完成,1,0.0000,0.150,0.330
3128.160,SEEK_CROSSWALK,8.134,0,2.812,line_bridge_loss,0.0973,0.0956,0,line_too_few_bands,0.0000,0.0000,0.0000,0.0000,0.0000,0,0.0000,0.0000,0.0000,0.0000,0.0956,IDLE,1,0,step_done_latches_cleared,0,0,0.000,0,nan,nan,nan,0.0000,0,5,0.6050,0.5460,0.2287,0.5460,0.0590,本圈台阶完成,1,0.0000,0.150,0.330
3128.289,SEEK_CROSSWALK,8.262,0,2.812,tracking,0.1450,0.2503,1,line_curve_center_riding,-0.2408,-0.2163,-0.6250,-0.6250,0.4297,3,0.4087,0.0000,0.4087,-0.4888,0.2503,IDLE,1,0,step_done_latches_cleared,0,0,0.000,0,nan,nan,nan,0.0000,0,5,0.6050,0.5460,0.2287,0.5460,0.0590,本圈台阶完成,1,0.0000,0.150,0.330
3128.421,SEEK_CROSSWALK,8.394,0,2.812,tracking,0.1922,0.2248,1,line_center_tracking,-0.1886,-0.1826,-0.2040,-0.2040,0.4148,2,0.0214,0.0000,0.0214,-0.1969,0.2248,IDLE,1,0,step_done_latches_cleared,0,0,0.000,0,nan,nan,nan,0.0000,0,5,0.6050,0.5460,0.2287,0.5460,0.0590,本圈台阶完成,1,0.0000,0.150,0.330
3128.550,SEEK_CROSSWALK,8.523,0,2.812,tracking,0.1700,0.2391,1,line_curve_center_riding,-0.2303,-0.2198,-0.3954,-0.3954,0.4821,3,0.1756,0.0000,0.1756,-0.3369,0.2391,IDLE,1,0,step_done_latches_cleared,0,0,0.000,0,nan,nan,nan,0.0000,0,5,0.6050,0.5460,0.2287,0.5460,0.0590,本圈台阶完成,1,0.0000,0.150,0.330
3128.684,SEEK_CROSSWALK,8.658,0,2.812,line_bridge_loss,0.1193,0.0956,0,line_too_few_bands,0.0000,0.0000,0.0000,0.0000,0.0000,1,0.0000,0.0000,0.0000,0.0000,0.0956,IDLE,1,0,step_done_latches_cleared,0,0,0.000,0,nan,nan,nan,0.0000,0,5,0.6050,0.5460,0.2287,0.5460,0.0590,本圈台阶完成,1,0.0000,0.150,0.330
3128.809,SEEK_CROSSWALK,8.783,0,2.812,line_bridge_loss,0.0719,0.0956,0,line_too_few_bands,0.0000,0.0000,0.0000,0.0000,0.0000,1,0.0000,0.0000,0.0000,0.0000,0.0956,IDLE,1,0,step_done_latches_cleared,0,0,0.000,0,nan,nan,nan,0.0000,0,5,0.6050,0.5460,0.2287,0.5460,0.0590,本圈台阶完成,1,0.0000,0.150,0.330
3128.935,SEEK_CROSSWALK,8.908,0,2.812,tracking,0.1195,0.2542,1,line_curve_center_riding,-0.2506,-0.2346,-0.5014,-0.5014,0.4279,3,0.2667,0.0000,0.2667,-0.4124,0.2542,IDLE,1,0,step_done_latches_cleared,0,0,0.000,0,nan,nan,nan,0.0000,0,5,0.6050,0.5460,0.2287,0.5460,0.0590,本圈台阶完成,1,0.0000,0.150,0.330
3129.068,SEEK_CROSSWALK,9.042,0,2.812,line_bridge_loss,0.0689,0.1017,0,line_low_confidence,-0.3124,-0.2954,-0.5783,-0.5783,0.2558,2,0.2829,0.0000,0.2829,-0.4840,0.1017,IDLE,1,0,step_done_latches_cleared,0,0,0.000,0,nan,nan,nan,0.0000,0,5,0.6050,0.5460,0.2287,0.5460,0.0590,本圈台阶完成,1,0.0000,0.150,0.330
3129.198,SEEK_CROSSWALK,9.171,0,2.812,tracking,0.1179,0.2816,1,line_curve_center_riding,-0.2857,-0.2724,-0.4929,-0.4929,0.4522,3,0.2204,0.0000,0.2204,-0.4194,0.2816,IDLE,1,0,step_done_latches_cleared,0,0,0.000,0,nan,nan,nan,0.0000,0,5,0.6050,0.5460,0.2287,0.5460,0.0590,本圈台阶完成,1,0.0000,0.150,0.330
3129.326,SEEK_CROSSWALK,9.300,0,2.812,tracking,0.1668,0.3139,1,line_curve_center_riding,-0.3172,-0.3033,-0.5350,-0.5350,0.4499,3,0.2317,0.0000,0.2317,-0.4578,0.3139,IDLE,1,0,step_done_latches_cleared,0,0,0.000,0,nan,nan,nan,0.0000,0,5,0.6050,0.5460,0.2287,0.5460,0.0590,本圈台阶完成,1,0.0000,0.150,0.330
3129.463,SEEK_CROSSWALK,9.436,0,2.812,line_bridge_loss,0.1161,0.1256,0,line_too_few_bands,0.0000,0.0000,0.0000,0.0000,0.0000,1,0.0000,0.0000,0.0000,0.0000,0.1256,IDLE,1,0,step_done_latches_cleared,0,0,0.000,0,nan,nan,nan,0.0000,0,5,0.6050,0.5460,0.2287,0.5460,0.0590,本圈台阶完成,1,0.0000,0.150,0.330
3129.593,SEEK_CROSSWALK,9.567,0,2.812,line_bridge_loss,0.0665,0.1256,0,line_too_few_bands,0.0000,0.0000,0.0000,0.0000,0.0000,1,0.0000,0.0000,0.0000,0.0000,0.1256,IDLE,1,0,step_done_latches_cleared,0,0,0.000,0,nan,nan,nan,0.0000,0,5,0.6050,0.5460,0.2287,0.5460,0.0590,本圈台阶完成,1,0.0000,0.150,0.330
3129.730,SEEK_CROSSWALK,9.703,0,2.812,tracking,0.1172,0.2713,1,line_center_tracking,-0.2153,-0.2091,-0.2313,-0.2313,0.4128,2,0.0221,0.0000,0.0221,-0.2239,0.2713,IDLE,1,0,step_done_latches_cleared,0,0,0.000,0,nan,nan,nan,0.0000,0,5,0.6050,0.5460,0.2287,0.5460,0.0590,本圈台阶完成,1,0.0000,0.150,0.330
3129.870,SEEK_CROSSWALK,9.844,0,2.812,line_bridge_loss,0.0665,0.1085,0,line_too_few_bands,0.0000,0.0000,0.0000,0.0000,0.0000,1,0.0000,0.0000,0.0000,0.0000,0.1085,IDLE,1,0,step_done_latches_cleared,0,0,0.000,0,nan,nan,nan,0.0000,0,5,0.6050,0.5460,0.2287,0.5460,0.0590,本圈台阶完成,1,0.0000,0.150,0.330
3130.011,SEEK_CROSSWALK,9.984,0,2.812,tracking,0.1172,0.2754,1,line_curve_center_riding,-0.2573,-0.2208,-0.8297,-0.8297,0.4993,4,0.6090,0.0000,0.6090,-0.6267,0.2754,IDLE,1,0,step_done_latches_cleared,0,0,0.000,0,nan,nan,nan,0.0000,0,5,0.6050,0.5460,0.2287,0.5460,0.0590,本圈台阶完成,1,0.0000,0.150,0.330
3130.147,SEEK_CROSSWALK,10.121,0,2.812,tracking,0.1679,0.2622,1,line_curve_center_riding,-0.2324,-0.2171,-0.4716,-0.4716,0.4430,3,0.2545,0.0000,0.2545,-0.3868,0.2622,IDLE,1,0,step_done_latches_cleared,0,0,0.000,0,nan,nan,nan,0.0000,0,5,0.6050,0.5460,0.2287,0.5460,0.0590,本圈台阶完成,1,0.0000,0.150,0.330
3130.275,SEEK_CROSSWALK,10.249,0,2.812,line_bridge_loss,0.1193,0.1049,0,line_too_few_bands,0.0000,0.0000,0.0000,0.0000,0.0000,1,0.0000,0.0000,0.0000,0.0000,0.1049,IDLE,1,0,step_done_latches_cleared,0,0,0.000,0,nan,nan,nan,0.0000,0,5,0.6050,0.5460,0.2287,0.5460,0.0590,本圈台阶完成,1,0.0000,0.150,0.330
3130.408,SEEK_CROSSWALK,10.382,0,2.812,line_bridge_loss,0.0687,0.1049,0,line_low_confidence,-0.3074,-0.2749,-0.8163,-0.8163,0.1965,2,0.5414,0.0000,0.5414,-0.6358,0.1049,IDLE,1,0,step_done_latches_cleared,0,0,0.000,0,nan,nan,nan,0.0000,0,5,0.6050,0.5460,0.2287,0.5460,0.0590,本圈台阶完成,1,0.0000,0.150,0.330
3130.546,SEEK_CROSSWALK,10.520,0,2.812,tracking,0.1194,0.2504,1,line_curve_center_riding,-0.2196,-0.2069,-0.4182,-0.4182,0.3113,2,0.2113,0.0000,0.2113,-0.3478,0.2504,IDLE,1,0,step_done_latches_cleared,0,0,0.000,0,nan,nan,nan,0.0000,0,5,0.6050,0.5460,0.2287,0.5460,0.0590,本圈台阶完成,1,0.0000,0.150,0.330
3130.677,SEEK_CROSSWALK,10.650,0,2.812,tracking,0.1689,0.2532,1,line_curve_center_riding,-0.2363,-0.2240,-0.4284,-0.4284,0.3166,2,0.2044,0.0000,0.2044,-0.3602,0.2532,IDLE,1,0,step_done_latches_cleared,0,0,0.000,0,nan,nan,nan,0.0000,0,5,0.6050,0.5460,0.2287,0.5460,0.0590,本圈台阶完成,1,0.0000,0.150,0.330
3130.810,SEEK_CROSSWALK,10.784,0,2.812,tracking,0.1415,0.2717,1,line_curve_center_riding,-0.2664,-0.2283,-0.8626,-0.8626,0.3405,3,0.6343,0.0000,0.6343,-0.6512,0.2717,IDLE,1,0,step_done_latches_cleared,0,0,0.000,0,nan,nan,nan,0.0000,0,5,0.6050,0.5460,0.2287,0.5460,0.0590,本圈台阶完成,1,0.0000,0.150,0.330
3130.944,SEEK_CROSSWALK,10.918,0,2.812,tracking,0.1450,0.2267,1,line_curve_center_riding,-0.1760,-0.1411,-0.7236,-0.7236,0.5049,4,0.5825,0.0000,0.5825,-0.5294,0.2267,IDLE,1,0,step_done_latches_cleared,0,0,0.000,0,nan,nan,nan,0.0000,0,5,0.6050,0.5460,0.2287,0.5460,0.0590,本圈台阶完成,1,0.0000,0.150,0.330
3131.084,SEEK_CROSSWALK,11.057,0,2.812,tracking,0.1386,0.1666,1,line_curve_center_riding,-0.1025,-0.0634,-0.7149,-0.7149,0.5094,4,0.6515,0.0000,0.6515,-0.4978,0.1666,IDLE,1,0,step_done_latches_cleared,0,0,0.000,0,nan,nan,nan,0.0000,0,5,0.6050,0.5460,0.2287,0.5460,0.0590,本圈台阶完成,1,0.0000,0.150,0.330
3131.222,SEEK_CROSSWALK,11.196,0,2.812,tracking,0.1450,0.1598,1,line_curve_center_riding,-0.1371,-0.1087,-0.5814,-0.5814,0.3973,3,0.4727,0.0000,0.4727,-0.4239,0.1598,IDLE,1,0,step_done_latches_cleared,0,0,0.000,0,nan,nan,nan,0.0000,0,5,0.6050,0.5460,0.2287,0.5460,0.0590,本圈台阶完成,1,0.0000,0.150,0.330
3131.354,SEEK_CROSSWALK,11.328,0,2.812,tracking,0.1450,0.1199,1,line_curve_center_riding,-0.0784,-0.0452,-0.5983,-0.5983,0.5180,4,0.5532,0.0000,0.5532,-0.4140,0.1199,IDLE,1,0,step_done_latches_cleared,0,0,0.000,0,nan,nan,nan,0.0000,0,5,0.6050,0.5460,0.2287,0.5460,0.0590,本圈台阶完成,1,0.0000,0.150,0.330
3131.495,SEEK_CROSSWALK,11.468,0,2.812,tracking,0.1450,0.1137,1,line_curve_center_riding,-0.0967,-0.0660,-0.5777,-0.5777,0.5194,4,0.5117,0.0000,0.5117,-0.4071,0.1137,IDLE,1,0,step_done_latches_cleared,0,0,0.000,0,nan,nan,nan,0.0000,0,5,0.6050,0.5460,0.2287,0.5460,0.0590,本圈台阶完成,1,0.0000,0.150,0.330
3131.628,SEEK_CROSSWALK,11.601,0,2.812,tracking,0.1377,0.1037,1,line_curve_center_riding,-0.0873,-0.0479,-0.7048,-0.7048,0.4948,4,0.6569,0.0000,0.6569,-0.4858,0.1037,IDLE,1,0,step_done_latches_cleared,0,0,0.000,0,nan,nan,nan,0.0000,0,5,0.6050,0.5460,0.2287,0.5460,0.0590,本圈台阶完成,1,0.0000,0.150,0.330
3131.758,SEEK_CROSSWALK,11.732,0,2.812,tracking,0.1343,0.1074,1,line_curve_center_riding,-0.1014,-0.0607,-0.7376,-0.7376,0.4940,4,0.6769,0.0000,0.6769,-0.5120,0.1074,IDLE,1,0,step_done_latches_cleared,0,0,0.000,0,nan,nan,nan,0.0000,0,5,0.6050,0.5460,0.2287,0.5460,0.0590,本圈台阶完成,1,0.0000,0.150,0.330
3131.900,SEEK_CROSSWALK,11.873,0,2.812,tracking,0.1266,0.1349,1,line_curve_center_riding,-0.1470,-0.1037,-0.8253,-0.8253,0.4908,4,0.7215,0.0000,0.7215,-0.5848,0.1349,IDLE,1,0,step_done_latches_cleared,0,0,0.000,0,nan,nan,nan,0.0000,0,5,0.6050,0.5460,0.2287,0.5460,0.0590,本圈台阶完成,1,0.0000,0.150,0.330
3132.032,SEEK_CROSSWALK,12.005,0,2.812,tracking,0.1450,0.1722,1,line_curve_center_riding,-0.1911,-0.1740,-0.4590,-0.4590,0.4263,3,0.2850,0.0000,0.2850,-0.3640,0.1722,IDLE,1,0,step_done_latches_cleared,0,0,0.000,0,nan,nan,nan,0.0000,0,5,0.6050,0.5460,0.2287,0.5460,0.0590,本圈台阶完成,1,0.0000,0.150,0.330
3132.169,SEEK_CROSSWALK,12.142,0,2.812,tracking,0.1700,0.2242,1,line_curve_center_riding,-0.2524,-0.2372,-0.4910,-0.4910,0.4381,3,0.2538,0.0000,0.2538,-0.4064,0.2242,IDLE,1,0,step_done_latches_cleared,0,0,0.000,0,nan,nan,nan,0.0000,0,5,0.6050,0.5460,0.2287,0.5460,0.0590,本圈台阶完成,1,0.0000,0.150,0.330
3132.311,SEEK_CROSSWALK,12.285,0,2.812,tracking,0.1700,0.2674,1,line_curve_center_riding,-0.2872,-0.2705,-0.5492,-0.5492,0.4224,3,0.2787,0.0000,0.2787,-0.4563,0.2674,IDLE,1,0,step_done_latches_cleared,0,0,0.000,0,nan,nan,nan,0.0000,0,5,0.6050,0.5460,0.2287,0.5460,0.0590,本圈台阶完成,1,0.0000,0.150,0.330
3132.442,SEEK_CROSSWALK,12.415,0,2.812,tracking,0.1450,0.3126,1,line_curve_center_riding,-0.3290,-0.3088,-0.6449,-0.6449,0.4045,3,0.3361,0.0000,0.3361,-0.5329,0.3126,IDLE,1,0,step_done_latches_cleared,0,0,0.000,0,nan,nan,nan,0.0000,0,5,0.6050,0.5460,0.2287,0.5460,0.0590,本圈台阶完成,1,0.0000,0.150,0.330
3132.570,SEEK_CROSSWALK,12.543,0,2.812,tracking,0.1693,0.3139,1,line_center_tracking,-0.2961,-0.2862,-0.3216,-0.3216,0.3754,2,0.0354,0.0000,0.0354,-0.3098,0.3139,IDLE,1,0,step_done_latches_cleared,0,0,0.000,0,nan,nan,nan,0.0000,0,5,0.6050,0.5460,0.2287,0.5460,0.0590,本圈台阶完成,1,0.0000,0.150,0.330
3132.710,SEEK_CROSSWALK,12.684,0,2.812,line_bridge_loss,0.1186,0.1256,0,line_too_few_bands,0.0000,0.0000,0.0000,0.0000,0.0000,1,0.0000,0.0000,0.0000,0.0000,0.1256,IDLE,1,0,step_done_latches_cleared,0,0,0.000,0,nan,nan,nan,0.0000,0,5,0.6050,0.5460,0.2287,0.5460,0.0590,本圈台阶完成,1,0.0000,0.150,0.330
3132.837,SEEK_CROSSWALK,12.811,0,2.812,tracking,0.1657,0.3278,1,line_center_tracking,-0.3166,-0.3057,-0.3446,-0.3446,0.3657,2,0.0388,0.0000,0.0388,-0.3316,0.3278,IDLE,1,0,step_done_latches_cleared,0,0,0.000,0,nan,nan,nan,0.0000,0,5,0.6050,0.5460,0.2287,0.5460,0.0590,本圈台阶完成,1,0.0000,0.150,0.330
3132.968,SEEK_CROSSWALK,12.941,0,2.812,tracking,0.1579,0.3580,1,line_center_tracking,-0.3559,-0.3473,-0.3781,-0.3781,0.3885,2,0.0308,0.0000,0.0308,-0.3678,0.3580,IDLE,1,0,step_done_latches_cleared,0,0,0.000,0,nan,nan,nan,0.0000,0,5,0.6050,0.5460,0.2287,0.5460,0.0590,本圈台阶完成,1,0.0000,0.150,0.330
3133.107,SEEK_CROSSWALK,13.080,0,2.812,line_bridge_loss,0.1073,0.1432,0,line_too_few_bands,0.0000,0.0000,0.0000,0.0000,0.0000,1,0.0000,0.0000,0.0000,0.0000,0.1432,IDLE,1,0,step_done_latches_cleared,0,0,0.000,0,nan,nan,nan,0.0000,0,5,0.6050,0.5460,0.2287,0.5460,0.0590,本圈台阶完成,1,0.0000,0.150,0.330
3133.245,SEEK_CROSSWALK,13.219,0,2.812,tracking,0.1050,0.4751,1,line_hard_turn_centering,-0.5477,-0.5414,-0.6048,-0.6048,0.2967,2,0.0634,0.0000,0.0634,-0.5837,0.4751,IDLE,1,0,step_done_latches_cleared,0,0,0.000,0,nan,nan,nan,0.0000,0,5,0.6050,0.5460,0.2287,0.5460,0.0590,本圈台阶完成,1,0.0000,0.150,0.330
3133.375,SEEK_CROSSWALK,13.349,0,2.812,tracking,0.1050,0.5600,1,line_hard_turn_centering,-0.6002,-0.5952,-0.6449,-0.6449,0.3352,2,0.0497,0.0000,0.0497,-0.6284,0.5600,IDLE,1,0,step_done_latches_cleared,0,0,0.000,0,nan,nan,nan,0.0000,0,5,0.6050,0.5460,0.2287,0.5460,0.0590,本圈台阶完成,1,0.0000,0.150,0.330
3133.507,SEEK_CROSSWALK,13.481,0,2.812,line_bridge_loss,0.0547,0.2289,0,line_too_few_bands,0.0000,0.0000,0.0000,0.0000,0.0000,1,0.0000,0.0000,0.0000,0.0000,0.2289,IDLE,1,0,step_done_latches_cleared,0,0,0.000,0,nan,nan,nan,0.0000,0,5,0.6050,0.5460,0.2287,0.5460,0.0590,本圈台阶完成,1,0.0000,0.150,0.330
3133.648,SEEK_CROSSWALK,13.621,0,2.812,line_bridge_loss,0.0350,0.2240,0,line_too_few_bands,0.0000,0.0000,0.0000,0.0000,0.0000,1,0.0000,0.0000,0.0000,0.0000,0.2240,IDLE,1,0,step_done_latches_cleared,0,0,0.000,0,nan,nan,nan,0.0000,0,5,0.6050,0.5460,0.2287,0.5460,0.0590,本圈台阶完成,1,0.0000,0.150,0.330
3133.774,SEEK_CROSSWALK,13.748,0,2.812,tracking,0.0831,0.4200,1,line_edge_single_rescue,-0.5627,-0.5627,-0.5627,-0.5627,0.3100,1,0.0000,0.0000,0.0000,-0.5627,0.4200,IDLE,1,0,step_done_latches_cleared,0,0,0.000,0,nan,nan,nan,0.0000,0,5,0.6050,0.5460,0.2287,0.5460,0.0590,本圈台阶完成,1,0.0000,0.150,0.330
3133.899,SEEK_CROSSWALK,13.873,0,2.812,tracking,0.0850,0.4200,1,line_edge_single_rescue,-0.7185,-0.7185,-0.7185,-0.7185,0.3100,1,0.0000,0.0000,0.0000,-0.7185,0.4200,IDLE,1,0,step_done_latches_cleared,0,0,0.000,0,nan,nan,nan,0.0000,0,5,0.6050,0.5460,0.2287,0.5460,0.0590,本圈台阶完成,1,0.0000,0.150,0.330
3134.031,SEEK_CROSSWALK,14.004,0,2.812,tracking,0.0850,0.4200,1,line_edge_single_rescue,-0.6846,-0.6846,-0.6846,-0.6846,0.3100,1,0.0000,0.0000,0.0000,-0.6846,0.4200,IDLE,1,0,step_done_latches_cleared,0,0,0.000,0,nan,nan,nan,0.0000,0,5,0.6050,0.5460,0.2287,0.5460,0.0590,本圈台阶完成,1,0.0000,0.150,0.330
3134.154,SEEK_CROSSWALK,14.127,0,2.812,line_bridge_loss,0.0382,0.1680,0,line_too_few_bands,0.0000,0.0000,0.0000,0.0000,0.0000,0,0.0000,0.0000,0.0000,0.0000,0.1680,IDLE,1,0,step_done_latches_cleared,0,0,0.000,0,nan,nan,nan,0.0000,0,5,0.6050,0.5460,0.2287,0.5460,0.0590,本圈台阶完成,1,0.0000,0.150,0.330
3134.283,SEEK_CROSSWALK,14.257,0,2.812,tracking,0.0850,0.4200,1,line_edge_single_rescue,-0.7283,-0.7283,-0.7283,-0.7283,0.3100,1,0.0000,0.0000,0.0000,-0.7283,0.4200,IDLE,1,0,step_done_latches_cleared,0,0,0.000,0,nan,nan,nan,0.0000,0,5,0.6050,0.5460,0.2287,0.5460,0.0590,本圈台阶完成,1,0.0000,0.150,0.330
3134.411,SEEK_CROSSWALK,14.384,0,2.812,tracking,0.0850,0.4200,1,line_edge_single_rescue,-0.7306,-0.7306,-0.7306,-0.7306,0.3100,1,0.0000,0.0000,0.0000,-0.7306,0.4200,IDLE,1,0,step_done_latches_cleared,0,0,0.000,0,nan,nan,nan,0.0000,0,5,0.6050,0.5460,0.2287,0.5460,0.0590,本圈台阶完成,1,0.0000,0.150,0.330
3134.539,SEEK_CROSSWALK,14.513,0,2.812,tracking,0.0850,0.4200,1,line_edge_single_rescue,-0.6897,-0.6897,-0.6897,-0.6897,0.3100,1,0.0000,0.0000,0.0000,-0.6897,0.4200,IDLE,1,0,step_done_latches_cleared,0,0,0.000,0,nan,nan,nan,0.0000,0,5,0.6050,0.5460,0.2287,0.5460,0.0590,本圈台阶完成,1,0.0000,0.150,0.330
3134.670,SEEK_CROSSWALK,14.644,0,2.812,tracking,0.0850,0.4200,1,line_edge_single_rescue,-0.6344,-0.6344,-0.6344,-0.6344,0.3100,1,0.0000,0.0000,0.0000,-0.6344,0.4200,IDLE,1,0,step_done_latches_cleared,0,0,0.000,0,nan,nan,nan,0.0000,0,5,0.6050,0.5460,0.2287,0.5460,0.0590,本圈台阶完成,1,0.0000,0.150,0.330
3134.795,SEEK_CROSSWALK,14.769,0,2.812,tracking,0.1050,0.5600,1,line_hard_turn_centering,-0.7547,-0.7502,-0.7951,-0.7951,0.3486,2,0.0449,0.0000,0.0449,-0.7802,0.5600,IDLE,1,0,step_done_latches_cleared,0,0,0.000,0,nan,nan,nan,0.0000,0,5,0.6050,0.5460,0.2287,0.5460,0.0590,本圈台阶完成,1,0.0000,0.150,0.330
3134.931,SEEK_CROSSWALK,14.904,0,2.812,tracking,0.1050,0.5600,1,line_hard_turn_centering,-0.6545,-0.6493,-0.7014,-0.7014,0.3284,2,0.0521,0.0000,0.0521,-0.6841,0.5600,IDLE,1,0,step_done_latches_cleared,0,0,0.000,0,nan,nan,nan,0.0000,0,5,0.6050,0.5460,0.2287,0.5460,0.0590,本圈台阶完成,1,0.0000,0.150,0.330
3135.061,SEEK_CROSSWALK,15.034,0,2.812,tracking,0.1000,0.5963,1,line_center_tracking,-0.4411,-0.4294,-0.4712,-0.4712,0.3574,2,0.0418,0.0000,0.0418,-0.4573,0.5963,IDLE,1,0,step_done_latches_cleared,0,0,0.000,0,nan,nan,nan,0.0000,0,5,0.6050,0.5460,0.2287,0.5460,0.0590,本圈台阶完成,1,0.0000,0.150,0.330
3135.188,SEEK_CROSSWALK,15.162,0,2.812,tracking,0.1284,0.4729,1,line_curve_center_riding,-0.3290,-0.3096,-0.6343,-0.6343,0.4036,3,0.3247,0.0000,0.3247,-0.5260,0.4729,IDLE,1,0,step_done_latches_cleared,0,0,0.000,0,nan,nan,nan,0.0000,0,5,0.6050,0.5460,0.2287,0.5460,0.0590,本圈台阶完成,1,0.0000,0.150,0.330
3135.321,SEEK_CROSSWALK,15.295,0,2.812,tracking,0.1450,0.3483,1,line_curve_center_riding,-0.2117,-0.1774,-0.7486,-0.8406,0.9107,8,0.5712,0.0920,0.6632,-0.5889,0.3483,IDLE,1,0,step_done_latches_cleared,0,0,0.000,0,nan,nan,nan,0.0000,0,5,0.6050,0.5460,0.2287,0.5460,0.0590,本圈台阶完成,1,0.0000,0.150,0.330
3135.464,SEEK_CROSSWALK,15.437,0,2.812,tracking,0.1450,0.2041,1,line_curve_center_riding,-0.0608,-0.0266,-0.5976,-0.7572,0.9090,8,0.5710,0.1596,0.7306,-0.4604,0.2041,IDLE,1,0,step_done_latches_cleared,0,0,0.000,0,nan,nan,nan,0.0000,0,5,0.6050,0.5460,0.2287,0.5460,0.0590,本圈台阶完成,1,0.0000,0.150,0.330
3135.596,SEEK_CROSSWALK,15.569,0,2.812,tracking,0.1450,0.0661,1,line_recenter_transition,0.0605,0.0711,-0.4565,-0.6595,0.9121,8,0.5275,0.2030,0.7305,-0.3483,0.0661,IDLE,1,0,step_done_latches_cleared,0,0,0.000,0,nan,nan,nan,0.0000,0,5,0.6050,0.5460,0.2287,0.5460,0.0590,本圈台阶完成,1,0.0000,0.150,0.330
3135.728,SEEK_CROSSWALK,15.702,0,2.812,tracking,0.1450,-0.0368,1,line_recenter_transition,0.1288,0.1392,-0.3850,-0.5928,0.9101,8,0.5243,0.2077,0.7320,-0.2795,-0.0368,IDLE,1,0,step_done_latches_cleared,0,0,0.000,0,nan,nan,nan,0.0000,0,5,0.6050,0.5460,0.2287,0.5460,0.0590,本圈台阶完成,1,0.0000,0.150,0.330
3135.863,SEEK_CROSSWALK,15.836,0,2.812,tracking,0.1450,-0.1035,1,line_recenter_transition,0.1591,0.1694,-0.3465,-0.5707,0.9134,8,0.5160,0.2241,0.7401,-0.2492,-0.1035,IDLE,1,0,step_done_latches_cleared,0,0,0.000,0,nan,nan,nan,0.0000,0,5,0.6050,0.5460,0.2287,0.5460,0.0590,本圈台阶完成,1,0.0000,0.150,0.330
3135.996,SEEK_CROSSWALK,15.969,0,2.812,tracking,0.1450,-0.1334,1,line_recenter_transition,0.1541,0.1643,-0.3469,-0.5667,0.9150,8,0.5112,0.2198,0.7310,-0.2498,-0.1334,IDLE,1,0,step_done_latches_cleared,0,0,0.000,0,nan,nan,nan,0.0000,0,5,0.6050,0.5460,0.2287,0.5460,0.0590,本圈台阶完成,1,0.0000,0.150,0.330
3136.127,SEEK_CROSSWALK,16.101,0,2.812,tracking,0.1450,-0.1264,1,line_recenter_transition,0.1148,0.1251,-0.3887,-0.5864,0.9158,8,0.5138,0.1977,0.7115,-0.2833,-0.1264,IDLE,1,0,step_done_latches_cleared,0,0,0.000,0,nan,nan,nan,0.0000,0,5,0.6050,0.5460,0.2287,0.5460,0.0590,本圈台阶完成,1,0.0000,0.150,0.330
3136.263,SEEK_CROSSWALK,16.236,0,2.812,tracking,0.1450,-0.0819,1,line_recenter_transition,0.0403,0.0506,-0.4609,-0.6244,0.9171,8,0.5115,0.1635,0.6750,-0.3449,-0.0819,IDLE,1,0,step_done_latches_cleared,0,0,0.000,0,nan,nan,nan,0.0000,0,5,0.6050,0.5460,0.2287,0.5460,0.0590,本圈台阶完成,1,0.0000,0.150,0.330
3136.405,SEEK_CROSSWALK,16.378,0,2.812,tracking,0.1450,-0.0000,1,line_curve_center_riding,-0.0694,-0.0387,-0.5505,-0.6684,0.9184,8,0.5118,0.1179,0.6297,-0.4192,-0.0000,IDLE,1,0,step_done_latches_cleared,0,0,0.000,0,nan,nan,nan,0.0000,0,5,0.6050,0.5460,0.2287,0.5460,0.0590,本圈台阶完成,1,0.0000,0.150,0.330
3136.543,SEEK_CROSSWALK,16.516,0,2.812,tracking,0.1450,0.1027,1,line_curve_center_riding,-0.1841,-0.1550,-0.6398,-0.6994,0.9205,8,0.4848,0.0596,0.5445,-0.4981,0.1027,IDLE,1,0,step_done_latches_cleared,0,0,0.000,0,nan,nan,nan,0.0000,0,5,0.6050,0.5460,0.2287,0.5460,0.0590,本圈台阶完成,1,0.0000,0.150,0.330
3136.684,SEEK_CROSSWALK,16.657,0,2.812,tracking,0.1450,0.2260,1,line_curve_center_riding,-0.3175,-0.2916,-0.7240,-0.7160,0.9244,8,0.4325,0.0081,0.4244,-0.5772,0.2260,IDLE,1,0,step_done_latches_cleared,0,0,0.000,0,nan,nan,nan,0.0000,0,5,0.6050,0.5460,0.2287,0.5460,0.0590,本圈台阶完成,1,0.0000,0.150,0.330
3136.820,SEEK_CROSSWALK,16.794,0,2.812,tracking,0.1450,0.3435,1,line_curve_center_riding,-0.4225,-0.4011,-0.7577,-0.6894,0.9314,8,0.3565,0.0683,0.2883,-0.6161,0.3435,IDLE,1,0,step_done_latches_cleared,0,0,0.000,0,nan,nan,nan,0.0000,0,5,0.6050,0.5460,0.2287,0.5460,0.0590,本圈台阶完成,1,0.0000,0.150,0.330
3136.952,SEEK_CROSSWALK,16.926,0,2.812,tracking,0.1394,0.4299,1,line_curve_center_riding,-0.4774,-0.4604,-0.7432,-0.6548,0.8571,7,0.2827,0.0884,0.1944,-0.6195,0.4299,IDLE,1,0,step_done_latches_cleared,0,0,0.000,0,nan,nan,nan,0.0000,0,5,0.6050,0.5460,0.2287,0.5460,0.0590,本圈台阶完成,1,0.0000,0.150,0.330
3137.085,SEEK_CROSSWALK,17.059,0,2.812,tracking,0.1266,0.4799,1,line_curve_center_riding,-0.4926,-0.4803,-0.6863,-0.5400,0.9446,8,0.2060,0.1462,0.0598,-0.5689,0.4799,IDLE,1,0,step_done_latches_cleared,0,0,0.000,0,nan,nan,nan,0.0000,0,5,0.6050,0.5460,0.2287,0.5460,0.0590,本圈台阶完成,1,0.0000,0.150,0.330
3137.216,SEEK_CROSSWALK,17.190,0,2.812,tracking,0.1242,0.4892,1,line_curve_center_riding,-0.4656,-0.4577,-0.5890,-0.4360,0.8729,7,0.1313,0.1530,0.0217,-0.4942,0.4892,IDLE,1,0,step_done_latches_cleared,0,0,0.000,0,nan,nan,nan,0.0000,0,5,0.6050,0.5460,0.2287,0.5460,0.0590,本圈台阶完成,1,0.0000,0.150,0.330
3137.352,SEEK_CROSSWALK,17.325,0,2.812,tracking,0.1307,0.4639,1,line_curve_center_riding,-0.4110,-0.4070,-0.4740,-0.2892,0.8776,7,0.0669,0.1848,0.1178,-0.3901,0.4639,IDLE,1,0,step_done_latches_cleared,0,0,0.000,0,nan,nan,nan,0.0000,0,5,0.6050,0.5460,0.2287,0.5460,0.0590,本圈台阶完成,1,0.0000,0.150,0.330
3137.483,SEEK_CROSSWALK,17.456,0,2.812,tracking,0.1418,0.4207,1,line_curve_center_riding,-0.3536,-0.3524,-0.3722,-0.1519,0.8779,7,0.0199,0.2203,0.2004,-0.2922,0.4207,IDLE,1,0,step_done_latches_cleared,0,0,0.000,0,nan,nan,nan,0.0000,0,5,0.6050,0.5460,0.2287,0.5460,0.0590,本圈台阶完成,1,0.0000,0.150,0.330
3137.619,SEEK_CROSSWALK,17.593,0,2.812,tracking,0.1608,0.3470,1,line_curve_center_riding,-0.2587,-0.2610,-0.2216,0.0714,0.8721,7,0.0394,0.2930,0.3325,-0.1371,0.3470,IDLE,1,0,step_done_latches_cleared,0,0,0.000,0,nan,nan,nan,0.0000,0,5,0.6050,0.5460,0.2287,0.5460,0.0590,本圈台阶完成,1,0.0000,0.150,0.330
3137.755,SEEK_CROSSWALK,17.729,0,2.812,tracking,0.1450,0.2669,1,line_curve_center_riding,-0.1769,-0.1832,-0.0776,0.3284,0.8572,7,0.1056,0.4061,0.5117,0.0225,0.2669,IDLE,1,0,step_done_latches_cleared,0,0,0.000,0,nan,nan,nan,0.0000,0,5,0.6050,0.5460,0.2287,0.5460,0.0590,本圈台阶完成,1,0.0000,0.150,0.330
3137.888,SEEK_CROSSWALK,17.861,0,2.812,tracking,0.1700,0.1838,1,line_curve_center_riding,-0.0971,-0.1064,0.0489,0.2373,0.7824,6,0.1552,0.1885,0.3437,0.0599,0.1838,IDLE,1,0,step_done_latches_cleared,0,0,0.000,0,nan,nan,nan,0.0000,0,5,0.6050,0.5460,0.2287,0.5460,0.0590,本圈台阶完成,1,0.0000,0.150,0.330
3138.027,SEEK_CROSSWALK,18.000,0,2.812,tracking,0.1450,0.1037,1,line_curve_center_riding,-0.0240,-0.0363,0.1675,0.4032,0.7702,6,0.2038,0.2357,0.4395,0.1782,0.1037,IDLE,1,0,step_done_latches_cleared,0,0,0.000,0,nan,nan,nan,0.0000,0,5,0.6050,0.5460,0.2287,0.5460,0.0590,本圈台阶完成,1,0.0000,0.150,0.330
3138.160,SEEK_CROSSWALK,18.133,0,2.812,tracking,0.1450,0.0319,1,line_curve_center_riding,0.0347,0.0191,0.2787,0.5860,0.7541,6,0.2595,0.3073,0.5668,0.2946,0.0319,IDLE,1,0,step_done_latches_cleared,0,0,0.000,0,nan,nan,nan,0.0000,0,5,0.6050,0.5460,0.2287,0.5460,0.0590,本圈台阶完成,1,0.0000,0.150,0.330
3138.308,SEEK_CROSSWALK,18.282,0,2.812,tracking,0.1450,-0.0299,1,line_curve_center_riding,0.0850,0.0660,0.3835,0.7383,0.7396,6,0.3175,0.3548,0.6723,0.3959,-0.0299,IDLE,1,0,step_done_latches_cleared,0,0,0.000,0,nan,nan,nan,0.0000,0,5,0.6050,0.5460,0.2287,0.5460,0.0590,本圈台阶完成,1,0.0000,0.150,0.330
3138.455,SEEK_CROSSWALK,18.428,0,2.812,tracking,0.1450,-0.0868,1,line_curve_center_riding,0.1320,0.1099,0.4781,0.8547,0.7294,6,0.3682,0.3766,0.7448,0.4809,-0.0868,IDLE,1,0,step_done_latches_cleared,0,0,0.000,0,nan,nan,nan,0.0000,0,5,0.6050,0.5460,0.2287,0.5460,0.0590,本圈台阶完成,1,0.0000,0.150,0.330
3138.597,SEEK_CROSSWALK,18.571,0,2.812,tracking,0.1450,-0.1360,1,line_curve_center_riding,0.1706,0.1476,0.5313,0.6192,0.6598,5,0.3837,0.0879,0.4716,0.4327,-0.1360,IDLE,1,0,step_done_latches_cleared,0,0,0.000,0,nan,nan,nan,0.0000,0,5,0.6050,0.5460,0.2287,0.5460,0.0590,本圈台阶完成,1,0.0000,0.150,0.330
3138.729,SEEK_CROSSWALK,18.703,0,2.812,tracking,0.1450,-0.1691,1,line_curve_center_riding,0.1872,0.1615,0.5897,0.6871,0.6507,5,0.4282,0.0974,0.5256,0.4794,-0.1691,IDLE,1,0,step_done_latches_cleared,0,0,0.000,0,nan,nan,nan,0.0000,0,5,0.6050,0.5460,0.2287,0.5460,0.0590,本圈台阶完成,1,0.0000,0.150,0.330
3138.877,SEEK_CROSSWALK,18.851,0,2.812,tracking,0.1450,-0.1958,1,line_curve_center_riding,0.2065,0.1803,0.6164,0.7118,0.6479,5,0.4361,0.0953,0.5315,0.5028,-0.1958,IDLE,1,0,step_done_latches_cleared,0,0,0.000,0,nan,nan,nan,0.0000,0,5,0.6050,0.5460,0.2287,0.5460,0.0590,本圈台阶完成,1,0.0000,0.150,0.330
3139.006,SEEK_CROSSWALK,18.980,0,2.812,tracking,0.1450,-0.2036,1,line_curve_center_riding,0.1970,0.1680,0.6511,0.7587,0.6393,5,0.4831,0.1076,0.5907,0.5259,-0.2036,IDLE,1,0,step_done_latches_cleared,0,0,0.000,0,nan,nan,nan,0.0000,0,5,0.6050,0.5460,0.2287,0.5460,0.0590,本圈台阶完成,1,0.0000,0.150,0.330
3139.167,SEEK_CROSSWALK,19.141,0,2.812,tracking,0.1450,-0.1965,1,line_curve_center_riding,0.1771,0.1467,0.6540,0.7665,0.6336,5,0.5073,0.1126,0.6198,0.5224,-0.1965,IDLE,1,0,step_done_latches_cleared,0,0,0.000,0,nan,nan,nan,0.0000,0,5,0.6050,0.5460,0.2287,0.5460,0.0590,本圈台阶完成,1,0.0000,0.150,0.330
3139.306,SEEK_CROSSWALK,19.280,0,2.812,tracking,0.1450,-0.1814,1,line_curve_center_riding,0.1555,0.1244,0.6430,0.7585,0.6312,5,0.5186,0.1155,0.6341,0.5086,-0.1814,IDLE,1,0,step_done_latches_cleared,0,0,0.000,0,nan,nan,nan,0.0000,0,5,0.6050,0.5460,0.2287,0.5460,0.0590,本圈台阶完成,1,0.0000,0.150,0.330
3139.436,SEEK_CROSSWALK,19.409,0,2.812,tracking,0.1450,-0.1622,1,line_curve_center_riding,0.1338,0.1024,0.6260,0.7470,0.6303,5,0.5236,0.1210,0.6446,0.4918,-0.1622,IDLE,1,0,step_done_latches_cleared,0,0,0.000,0,nan,nan,nan,0.0000,0,5,0.6050,0.5460,0.2287,0.5460,0.0590,本圈台阶完成,1,0.0000,0.150,0.330
3139.576,SEEK_CROSSWALK,19.549,0,2.812,tracking,0.1450,-0.1422,1,line_curve_center_riding,0.1138,0.0967,0.3812,0.3812,0.5785,4,0.2844,0.0000,0.2844,0.2864,-0.1422,IDLE,1,0,step_done_latches_cleared,0,0,0.000,0,nan,nan,nan,0.0000,0,5,0.6050,0.5460,0.2287,0.5460,0.0590,本圈台阶完成,1,0.0000,0.150,0.330
3139.718,SEEK_CROSSWALK,19.691,0,2.812,tracking,0.1700,-0.1181,1,line_curve_center_riding,0.0881,0.0714,0.3495,0.3495,0.5804,4,0.2781,0.0000,0.2781,0.2568,-0.1181,IDLE,1,0,step_done_latches_cleared,0,0,0.000,0,nan,nan,nan,0.0000,0,5,0.6050,0.5460,0.2287,0.5460,0.0590,本圈台阶完成,1,0.0000,0.150,0.330
3139.857,SEEK_CROSSWALK,19.830,0,2.812,tracking,0.1450,-0.0916,1,line_curve_center_riding,0.0615,0.0309,0.5407,0.6616,0.6331,5,0.5098,0.1209,0.6307,0.4111,-0.0916,IDLE,1,0,step_done_latches_cleared,0,0,0.000,0,nan,nan,nan,0.0000,0,5,0.6050,0.5460,0.2287,0.5460,0.0590,本圈台阶完成,1,0.0000,0.150,0.330
3139.995,SEEK_CROSSWALK,19.968,0,2.812,tracking,0.1450,-0.0712,1,line_curve_center_riding,0.0472,0.0170,0.5200,0.6355,0.6349,5,0.5030,0.1155,0.6185,0.3908,-0.0712,IDLE,1,0,step_done_latches_cleared,0,0,0.000,0,nan,nan,nan,0.0000,0,5,0.6050,0.5460,0.2287,0.5460,0.0590,本圈台阶完成,1,0.0000,0.150,0.330
3140.139,SEEK_CROSSWALK,20.113,0,2.812,tracking,0.1450,-0.0512,1,line_curve_center_riding,0.0293,0.0005,0.4794,0.5859,0.6399,5,0.4788,0.1065,0.5853,0.3553,-0.0512,IDLE,1,0,step_done_latches_cleared,0,0,0.000,0,nan,nan,nan,0.0000,0,5,0.6050,0.5460,0.2287,0.5460,0.0590,本圈台阶完成,1,0.0000,0.150,0.330
3140.270,SEEK_CROSSWALK,20.244,0,2.812,tracking,0.1450,-0.0385,1,line_curve_center_riding,0.0239,-0.0040,0.4612,0.5628,0.6425,5,0.4652,0.1016,0.5668,0.3400,-0.0385,IDLE,1,0,step_done_latches_cleared,0,0,0.000,0,nan,nan,nan,0.0000,0,5,0.6050,0.5460,0.2287,0.5460,0.0590,本圈台阶完成,1,0.0000,0.150,0.330
3140.407,SEEK_CROSSWALK,20.380,0,2.812,tracking,0.1450,-0.0342,1,line_curve_center_riding,0.0269,-0.0017,0.4747,0.5772,0.6408,5,0.4763,0.1025,0.5789,0.3501,-0.0342,IDLE,1,0,step_done_latches_cleared,0,0,0.000,0,nan,nan,nan,0.0000,0,5,0.6050,0.5460,0.2287,0.5460,0.0590,本圈台阶完成,1,0.0000,0.150,0.330
3140.547,SEEK_CROSSWALK,20.520,0,2.812,tracking,0.1450,-0.0368,1,line_curve_center_riding,0.0356,0.0052,0.5118,0.6218,0.6347,5,0.5066,0.1100,0.6166,0.3796,-0.0368,IDLE,1,0,step_done_latches_cleared,0,0,0.000,0,nan,nan,nan,0.0000,0,5,0.6050,0.5460,0.2287,0.5460,0.0590,本圈台阶完成,1,0.0000,0.150,0.330
3140.685,SEEK_CROSSWALK,20.659,0,2.812,tracking,0.1450,-0.0468,1,line_curve_center_riding,0.0514,0.0191,0.5574,0.6755,0.6277,5,0.5383,0.1181,0.6564,0.4173,-0.0468,IDLE,1,0,step_done_latches_cleared,0,0,0.000,0,nan,nan,nan,0.0000,0,5,0.6050,0.5460,0.2287,0.5460,0.0590,本圈台阶完成,1,0.0000,0.150,0.330
3140.816,SEEK_CROSSWALK,20.790,0,2.812,tracking,0.1450,-0.0618,1,line_curve_center_riding,0.0699,0.0360,0.6016,0.7263,0.6216,5,0.5656,0.1247,0.6903,0.4546,-0.0618,IDLE,1,0,step_done_latches_cleared,0,0,0.000,0,nan,nan,nan,0.0000,0,5,0.6050,0.5460,0.2287,0.5460,0.0590,本圈台阶完成,1,0.0000,0.150,0.330
3140.943,SEEK_CROSSWALK,20.916,0,2.812,tracking,0.1450,-0.0784,1,line_curve_center_riding,0.0869,0.0524,0.6274,0.7521,0.6194,5,0.5750,0.1247,0.6997,0.4773,-0.0784,IDLE,1,0,step_done_latches_cleared,0,0,0.000,0,nan,nan,nan,0.0000,0,5,0.6050,0.5460,0.2287,0.5460,0.0590,本圈台阶完成,1,0.0000,0.150,0.330
3141.077,SEEK_CROSSWALK,21.051,0,2.812,tracking,0.1450,-0.1020,1,line_curve_center_riding,0.1148,0.0799,0.6615,0.7821,0.6182,5,0.5817,0.1206,0.7023,0.5078,-0.1020,IDLE,1,0,step_done_latches_cleared,0,0,0.000,0,nan,nan,nan,0.0000,0,5,0.6050,0.5460,0.2287,0.5460,0.0590,本圈台阶完成,1,0.0000,0.150,0.330
3141.211,SEEK_CROSSWALK,21.184,0,2.812,tracking,0.1450,-0.1303,1,line_curve_center_riding,0.1452,0.1226,0.4989,0.4989,0.5561,4,0.3762,0.0000,0.3762,0.3735,-0.1303,IDLE,1,0,step_done_latches_cleared,0,0,0.000,0,nan,nan,nan,0.0000,0,5,0.6050,0.5460,0.2287,0.5460,0.0590,本圈台阶完成,1,0.0000,0.150,0.330
3141.343,SEEK_CROSSWALK,21.317,0,2.812,tracking,0.1450,-0.1581,1,line_curve_center_riding,0.1710,0.1455,0.5704,0.5704,0.5471,4,0.4250,0.0000,0.4250,0.4288,-0.1581,IDLE,1,0,step_done_latches_cleared,0,0,0.000,0,nan,nan,nan,0.0000,0,5,0.6050,0.5460,0.2287,0.5460,0.0590,本圈台阶完成,1,0.0000,0.150,0.330
3141.480,SEEK_CROSSWALK,21.453,0,2.812,tracking,0.1450,-0.1906,1,line_curve_center_riding,0.2050,0.1765,0.6520,0.6520,0.5365,4,0.4755,0.0000,0.4755,0.4935,-0.1906,IDLE,1,0,step_done_latches_cleared,0,0,0.000,0,nan,nan,nan,0.0000,0,5,0.6050,0.5460,0.2287,0.5460,0.0590,本圈台阶完成,1,0.0000,0.150,0.330
3141.614,SEEK_CROSSWALK,21.587,0,2.812,tracking,0.1450,-0.2233,1,line_curve_center_riding,0.2356,0.2047,0.7211,0.7211,0.5260,4,0.5165,0.0000,0.5165,0.5490,-0.2233,IDLE,1,0,step_done_latches_cleared,0,0,0.000,0,nan,nan,nan,0.0000,0,5,0.6050,0.5460,0.2287,0.5460,0.0590,本圈台阶完成,1,0.0000,0.150,0.330
3141.747,SEEK_CROSSWALK,21.721,0,2.812,tracking,0.1450,-0.2603,1,line_curve_center_riding,0.2734,0.2425,0.7583,0.7583,0.5237,4,0.5158,0.0000,0.5158,0.5863,-0.2603,IDLE,1,0,step_done_latches_cleared,0,0,0.000,0,nan,nan,nan,0.0000,0,5,0.6050,0.5460,0.2287,0.5460,0.0590,本圈台阶完成,1,0.0000,0.150,0.330
3141.883,SEEK_CROSSWALK,21.857,0,2.812,tracking,0.1450,-0.2985,1,line_curve_center_riding,0.3103,0.2788,0.8030,0.8030,0.5207,4,0.5242,0.0000,0.5242,0.6283,-0.2985,IDLE,1,0,step_done_latches_cleared,0,0,0.000,0,nan,nan,nan,0.0000,0,5,0.6050,0.5460,0.2287,0.5460,0.0590,本圈台阶完成,1,0.0000,0.150,0.330
3142.021,SEEK_CROSSWALK,21.995,0,2.812,tracking,0.1632,-0.3375,1,line_curve_center_riding,0.3473,0.3334,0.5650,0.5650,0.4510,3,0.2317,0.0000,0.2317,0.4878,-0.3375,IDLE,1,0,step_done_latches_cleared,0,0,0.000,0,nan,nan,nan,0.0000,0,5,0.6050,0.5460,0.2287,0.5460,0.0590,本圈台阶完成,1,0.0000,0.150,0.330
3142.164,SEEK_CROSSWALK,22.137,0,2.812,tracking,0.1539,-0.3738,1,line_curve_center_riding,0.3790,0.3643,0.6094,0.6094,0.4420,3,0.2451,0.0000,0.2451,0.5277,-0.3738,IDLE,1,0,step_done_latches_cleared,0,0,0.000,0,nan,nan,nan,0.0000,0,5,0.6050,0.5460,0.2287,0.5460,0.0590,本圈台阶完成,1,0.0000,0.150,0.330
3142.288,SEEK_CROSSWALK,22.262,0,2.812,tracking,0.1425,-0.4181,1,line_curve_center_riding,0.4248,0.4081,0.6874,0.6874,0.4271,3,0.2793,0.0000,0.2793,0.5943,-0.4181,IDLE,1,0,step_done_latches_cleared,0,0,0.000,0,nan,nan,nan,0.0000,0,5,0.6050,0.5460,0.2287,0.5460,0.0590,本圈台阶完成,1,0.0000,0.150,0.330
3142.423,SEEK_CROSSWALK,22.397,0,2.812,tracking,0.1334,-0.4535,1,line_curve_center_riding,0.4524,0.4351,0.7240,0.7240,0.4245,3,0.2890,0.0000,0.2890,0.6277,-0.4535,IDLE,1,0,step_done_latches_cleared,0,0,0.000,0,nan,nan,nan,0.0000,0,5,0.6050,0.5460,0.2287,0.5460,0.0590,本圈台阶完成,1,0.0000,0.150,0.330
3142.552,SEEK_CROSSWALK,22.526,0,2.812,tracking,0.1254,-0.4844,1,line_curve_center_riding,0.4763,0.4588,0.7516,0.7516,0.4194,3,0.2928,0.0000,0.2928,0.6540,-0.4844,IDLE,1,0,step_done_latches_cleared,0,0,0.000,0,nan,nan,nan,0.0000,0,5,0.6050,0.5460,0.2287,0.5460,0.0590,本圈台阶完成,1,0.0000,0.150,0.330
3142.680,SEEK_CROSSWALK,22.653,0,2.812,tracking,0.1203,-0.5044,1,line_curve_center_riding,0.4858,0.4678,0.7674,0.7674,0.4152,3,0.2996,0.0000,0.2996,0.6675,-0.5044,IDLE,1,0,step_done_latches_cleared,0,0,0.000,0,nan,nan,nan,0.0000,0,5,0.6050,0.5460,0.2287,0.5460,0.0590,本圈台阶完成,1,0.0000,0.150,0.330
3142.814,SEEK_CROSSWALK,22.787,0,2.812,tracking,0.1172,-0.5165,1,line_curve_center_riding,0.4900,0.4723,0.7685,0.7685,0.4189,3,0.2962,0.0000,0.2962,0.6697,-0.5165,IDLE,1,0,step_done_latches_cleared,0,0,0.000,0,nan,nan,nan,0.0000,0,5,0.6050,0.5460,0.2287,0.5460,0.0590,本圈台阶完成,1,0.0000,0.150,0.330
3142.942,SEEK_CROSSWALK,22.915,0,2.812,tracking,0.1170,-0.5174,1,line_curve_center_riding,0.4810,0.4635,0.7565,0.7565,0.4197,3,0.2930,0.0000,0.2930,0.6588,-0.5174,IDLE,1,0,step_done_latches_cleared,0,0,0.000,0,nan,nan,nan,0.0000,0,5,0.6050,0.5460,0.2287,0.5460,0.0590,本圈台阶完成,1,0.0000,0.150,0.330
3143.075,SEEK_CROSSWALK,23.049,0,2.812,tracking,0.1180,-0.5133,1,line_curve_center_riding,0.4723,0.4542,0.7563,0.7563,0.4130,3,0.3022,0.0000,0.3022,0.6556,-0.5133,IDLE,1,0,step_done_latches_cleared,0,0,0.000,0,nan,nan,nan,0.0000,0,5,0.6050,0.5460,0.2287,0.5460,0.0590,本圈台阶完成,1,0.0000,0.150,0.330
3143.206,SEEK_CROSSWALK,23.179,0,2.812,tracking,0.1213,-0.5004,1,line_curve_center_riding,0.4529,0.4340,0.7489,0.7489,0.4085,3,0.3149,0.0000,0.3149,0.6440,-0.5004,IDLE,1,0,step_done_latches_cleared,0,0,0.000,0,nan,nan,nan,0.0000,0,5,0.6050,0.5460,0.2287,0.5460,0.0590,本圈台阶完成,1,0.0000,0.150,0.330
3143.342,SEEK_CROSSWALK,23.315,0,2.812,tracking,0.1328,-0.4558,1,line_center_tracking,0.3856,0.3738,0.4158,0.4158,0.3570,2,0.0420,0.0000,0.0420,0.4018,-0.4558,IDLE,1,0,step_done_latches_cleared,0,0,0.000,0,nan,nan,nan,0.0000,0,5,0.6050,0.5460,0.2287,0.5460,0.0590,本圈台阶完成,1,0.0000,0.150,0.330
3143.479,SEEK_CROSSWALK,23.452,0,2.812,tracking,0.1419,-0.4204,1,line_center_tracking,0.3571,0.3458,0.3864,0.3864,0.3607,2,0.0406,0.0000,0.0406,0.3729,-0.4204,IDLE,1,0,step_done_latches_cleared,0,0,0.000,0,nan,nan,nan,0.0000,0,5,0.6050,0.5460,0.2287,0.5460,0.0590,本圈台阶完成,1,0.0000,0.150,0.330
3143.615,SEEK_CROSSWALK,23.589,0,2.812,tracking,0.1492,-0.3919,1,line_center_tracking,0.3368,0.3247,0.3678,0.3678,0.3539,2,0.0431,0.0000,0.0431,0.3534,-0.3919,IDLE,1,0,step_done_latches_cleared,0,0,0.000,0,nan,nan,nan,0.0000,0,5,0.6050,0.5460,0.2287,0.5460,0.0590,本圈台阶完成,1,0.0000,0.150,0.330
3143.747,SEEK_CROSSWALK,23.720,0,2.812,tracking,0.1557,-0.3669,1,line_center_tracking,0.3173,0.3049,0.3490,0.3490,0.3509,2,0.0441,0.0000,0.0441,0.3343,-0.3669,IDLE,1,0,step_done_latches_cleared,0,0,0.000,0,nan,nan,nan,0.0000,0,5,0.6050,0.5460,0.2287,0.5460,0.0590,本圈台阶完成,1,0.0000,0.150,0.330
3143.894,SEEK_CROSSWALK,23.868,0,2.812,tracking,0.1450,-0.3613,1,line_curve_center_riding,0.3274,0.3069,0.6474,0.6474,0.3995,3,0.3405,0.0000,0.3405,0.5339,-0.3613,IDLE,1,0,step_done_latches_cleared,0,0,0.000,0,nan,nan,nan,0.0000,0,5,0.6050,0.5460,0.2287,0.5460,0.0590,本圈台阶完成,1,0.0000,0.150,0.330
3144.042,SEEK_CROSSWALK,24.015,0,2.812,tracking,0.1450,-0.3379,1,line_curve_center_riding,0.2933,0.2746,0.5861,0.5861,0.4116,3,0.3114,0.0000,0.3114,0.4822,-0.3379,IDLE,1,0,step_done_latches_cleared,0,0,0.000,0,nan,nan,nan,0.0000,0,5,0.6050,0.5460,0.2287,0.5460,0.0590,本圈台阶完成,1,0.0000,0.150,0.330
3144.177,SEEK_CROSSWALK,24.151,0,2.812,tracking,0.1450,-0.3045,1,line_curve_center_riding,0.2535,0.2170,0.8250,0.8250,0.4940,4,0.6080,0.0000,0.6080,0.6224,-0.3045,IDLE,1,0,step_done_latches_cleared,0,0,0.000,0,nan,nan,nan,0.0000,0,5,0.6050,0.5460,0.2287,0.5460,0.0590,本圈台阶完成,1,0.0000,0.150,0.330
3144.320,SEEK_CROSSWALK,24.294,0,2.812,tracking,0.1432,-0.2711,1,line_curve_center_riding,0.2211,0.1836,0.8079,0.8079,0.4923,4,0.6243,0.0000,0.6243,0.5998,-0.2711,IDLE,1,0,step_done_latches_cleared,0,0,0.000,0,nan,nan,nan,0.0000,0,5,0.6050,0.5460,0.2287,0.5460,0.0590,本圈台阶完成,1,0.0000,0.150,0.330
3144.456,SEEK_CROSSWALK,24.430,0,2.812,tracking,0.1450,-0.2645,1,line_curve_center_riding,0.2365,0.2014,0.7868,0.9155,0.7179,6,0.5854,0.1286,0.7140,0.6346,-0.2645,IDLE,1,0,step_done_latches_cleared,0,0,0.000,0,nan,nan,nan,0.0000,0,5,0.6050,0.5460,0.2287,0.5460,0.0590,本圈台阶完成,1,0.0000,0.150,0.330
3144.588,SEEK_CROSSWALK,24.562,0,2.812,tracking,0.1450,-0.2467,1,line_curve_center_riding,0.2135,0.1790,0.7532,0.8482,0.9069,8,0.5742,0.0950,0.6692,0.5935,-0.2467,IDLE,1,0,step_done_latches_cleared,0,0,0.000,0,nan,nan,nan,0.0000,0,5,0.6050,0.5460,0.2287,0.5460,0.0590,本圈台阶完成,1,0.0000,0.150,0.330
3144.723,SEEK_CROSSWALK,24.697,0,2.812,tracking,0.1450,-0.2238,1,line_curve_center_riding,0.1874,0.1531,0.7244,0.8329,0.9073,8,0.5713,0.1085,0.6798,0.5701,-0.2238,IDLE,1,0,step_done_latches_cleared,0,0,0.000,0,nan,nan,nan,0.0000,0,5,0.6050,0.5460,0.2287,0.5460,0.0590,本圈台阶完成,1,0.0000,0.150,0.330
3144.857,SEEK_CROSSWALK,24.831,0,2.812,tracking,0.1450,-0.1960,1,line_curve_center_riding,0.1574,0.1242,0.6768,0.7829,0.9091,8,0.5525,0.1061,0.6586,0.5280,-0.1960,IDLE,1,0,step_done_latches_cleared,0,0,0.000,0,nan,nan,nan,0.0000,0,5,0.6050,0.5460,0.2287,0.5460,0.0590,本圈台阶完成,1,0.0000,0.150,0.330
3144.993,SEEK_CROSSWALK,24.966,0,2.812,tracking,0.1450,-0.1647,1,line_curve_center_riding,0.1250,0.0931,0.6253,0.7267,0.9128,8,0.5322,0.1014,0.6336,0.4817,-0.1647,IDLE,1,0,step_done_latches_cleared,0,0,0.000,0,nan,nan,nan,0.0000,0,5,0.6050,0.5460,0.2287,0.5460,0.0590,本圈台阶完成,1,0.0000,0.150,0.330
3145.131,SEEK_CROSSWALK,25.105,0,2.812,tracking,0.1450,-0.1334,1,line_curve_center_riding,0.0956,0.0648,0.5784,0.6750,0.9155,8,0.5136,0.0966,0.6102,0.4394,-0.1334,IDLE,1,0,step_done_latches_cleared,0,0,0.000,0,nan,nan,nan,0.0000,0,5,0.6050,0.5460,0.2287,0.5460,0.0590,本圈台阶完成,1,0.0000,0.150,0.330
3145.270,SEEK_CROSSWALK,25.243,0,2.812,tracking,0.1450,-0.1040,1,line_curve_center_riding,0.0700,0.0401,0.5371,0.6339,0.9183,8,0.4970,0.0968,0.5938,0.4037,-0.1040,IDLE,1,0,step_done_latches_cleared,0,0,0.000,0,nan,nan,nan,0.0000,0,5,0.6050,0.5460,0.2287,0.5460,0.0590,本圈台阶完成,1,0.0000,0.150,0.330
3145.403,SEEK_CROSSWALK,25.376,0,2.812,tracking,0.1450,-0.0811,1,line_curve_center_riding,0.0542,0.0252,0.5082,0.5998,0.9202,8,0.4829,0.0916,0.5745,0.3777,-0.0811,IDLE,1,0,step_done_latches_cleared,0,0,0.000,0,nan,nan,nan,0.0000,0,5,0.6050,0.5460,0.2287,0.5460,0.0590,本圈台阶完成,1,0.0000,0.150,0.330
3145.537,SEEK_CROSSWALK,25.511,0,2.812,tracking,0.1450,-0.0689,1,line_curve_center_riding,0.0518,0.0234,0.4973,0.5725,0.9230,8,0.4739,0.0752,0.5491,0.3644,-0.0689,IDLE,1,0,step_done_latches_cleared,0,0,0.000,0,nan,nan,nan,0.0000,0,5,0.6050,0.5460,0.2287,0.5460,0.0590,本圈台阶完成,1,0.0000,0.150,0.330
3145.672,SEEK_CROSSWALK,25.645,0,2.812,tracking,0.1450,-0.0644,1,line_curve_center_riding,0.0548,0.0274,0.4836,0.5534,0.9245,8,0.4562,0.0698,0.5260,0.3548,-0.0644,IDLE,1,0,step_done_latches_cleared,0,0,0.000,0,nan,nan,nan,0.0000,0,5,0.6050,0.5460,0.2287,0.5460,0.0590,本圈台阶完成,1,0.0000,0.150,0.330
3145.807,SEEK_CROSSWALK,25.781,0,2.812,tracking,0.1450,-0.0720,1,line_curve_center_riding,0.0721,0.0460,0.4815,0.5325,0.9268,8,0.4354,0.0511,0.4865,0.3533,-0.0720,IDLE,1,0,step_done_latches_cleared,0,0,0.000,0,nan,nan,nan,0.0000,0,5,0.6050,0.5460,0.2287,0.5460,0.0590,本圈台阶完成,1,0.0000,0.150,0.330
3145.943,SEEK_CROSSWALK,25.916,0,2.812,tracking,0.1450,-0.0913,1,line_curve_center_riding,0.1005,0.0755,0.4914,0.5214,0.9286,8,0.4159,0.0300,0.4459,0.3628,-0.0913,IDLE,1,0,step_done_latches_cleared,0,0,0.000,0,nan,nan,nan,0.0000,0,5,0.6050,0.5460,0.2287,0.5460,0.0590,本圈台阶完成,1,0.0000,0.150,0.330
3146.075,SEEK_CROSSWALK,26.049,0,2.812,tracking,0.1450,-0.1183,1,line_curve_center_riding,0.1326,0.1092,0.4988,0.5046,0.9316,8,0.3896,0.0058,0.3954,0.3709,-0.1183,IDLE,1,0,step_done_latches_cleared,0,0,0.000,0,nan,nan,nan,0.0000,0,5,0.6050,0.5460,0.2287,0.5460,0.0590,本圈台阶完成,1,0.0000,0.150,0.330
3146.211,SEEK_CROSSWALK,26.185,0,2.812,tracking,0.1450,-0.1492,1,line_curve_center_riding,0.1652,0.1440,0.4979,0.4766,0.8406,7,0.3539,0.0213,0.3326,0.3728,-0.1492,IDLE,1,0,step_done_latches_cleared,0,0,0.000,0,nan,nan,nan,0.0000,0,5,0.6050,0.5460,0.2287,0.5460,0.0590,本圈台阶完成,1,0.0000,0.150,0.330
3146.349,SEEK_CROSSWALK,26.323,0,2.812,tracking,0.1450,-0.1812,1,line_curve_center_riding,0.1963,0.1769,0.5001,0.4524,0.9375,8,0.3232,0.0477,0.2756,0.3765,-0.1812,IDLE,1,0,step_done_latches_cleared,0,0,0.000,0,nan,nan,nan,0.0000,0,5,0.6050,0.5460,0.2287,0.5460,0.0590,本圈台阶完成,1,0.0000,0.150,0.330
3146.483,SEEK_CROSSWALK,26.457,0,2.812,tracking,0.1450,-0.2151,1,line_curve_center_riding,0.2289,0.2118,0.4972,0.4119,0.8471,7,0.2854,0.0853,0.2001,0.3736,-0.2151,IDLE,1,0,step_done_latches_cleared,0,0,0.000,0,nan,nan,nan,0.0000,0,5,0.6050,0.5460,0.2287,0.5460,0.0590,本圈台阶完成,1,0.0000,0.150,0.330
3146.617,SEEK_CROSSWALK,26.590,0,2.812,tracking,0.1700,-0.2398,1,line_curve_center_riding,0.2449,0.2304,0.4716,0.3599,0.9454,8,0.2412,0.1117,0.1295,0.3540,-0.2398,IDLE,1,0,step_done_latches_cleared,0,0,0.000,0,nan,nan,nan,0.0000,0,5,0.6050,0.5460,0.2287,0.5460,0.0590,本圈台阶完成,1,0.0000,0.150,0.330
3146.751,SEEK_CROSSWALK,26.725,0,2.812,tracking,0.1700,-0.2584,1,line_curve_center_riding,0.2565,0.2452,0.4339,0.2950,0.9486,8,0.1887,0.1389,0.0498,0.3247,-0.2584,IDLE,1,0,step_done_latches_cleared,0,0,0.000,0,nan,nan,nan,0.0000,0,5,0.6050,0.5460,0.2287,0.5460,0.0590,本圈台阶完成,1,0.0000,0.150,0.330
3146.881,SEEK_CROSSWALK,26.854,0,2.812,tracking,0.1700,-0.2686,1,line_curve_center_riding,0.2586,0.2504,0.3873,0.2216,0.9521,8,0.1369,0.1657,0.0289,0.2864,-0.2686,IDLE,1,0,step_done_latches_cleared,0,0,0.000,0,nan,nan,nan,0.0000,0,5,0.6050,0.5460,0.2287,0.5460,0.0590,本圈台阶完成,1,0.0000,0.150,0.330
3147.010,SEEK_CROSSWALK,26.984,0,2.812,tracking,0.1700,-0.2672,1,line_curve_center_riding,0.2474,0.2418,0.3337,0.1721,0.8773,7,0.0919,0.1616,0.0697,0.2492,-0.2672,IDLE,1,0,step_done_latches_cleared,0,0,0.000,0,nan,nan,nan,0.0000,0,5,0.6050,0.5460,0.2287,0.5460,0.0590,本圈台阶完成,1,0.0000,0.150,0.330
3147.142,SEEK_CROSSWALK,27.115,0,2.812,tracking,0.1700,-0.2606,1,line_curve_center_riding,0.2361,0.2335,0.2778,0.0343,0.9509,8,0.0443,0.2435,0.1992,0.1818,-0.2606,IDLE,1,0,step_done_latches_cleared,0,0,0.000,0,nan,nan,nan,0.0000,0,5,0.6050,0.5460,0.2287,0.5460,0.0590,本圈台阶完成,1,0.0000,0.150,0.330
3147.293,SEEK_CROSSWALK,27.267,0,2.812,tracking,0.1700,-0.2449,1,line_curve_center_riding,0.2135,0.2133,0.2160,-0.0930,0.9426,8,0.0027,0.3090,0.3063,0.1121,-0.2449,IDLE,1,0,step_done_latches_cleared,0,0,0.000,0,nan,nan,nan,0.0000,0,5,0.6050,0.5460,0.2287,0.5460,0.0590,本圈台阶完成,1,0.0000,0.150,0.330
3147.424,SEEK_CROSSWALK,27.397,0,2.812,tracking,0.1700,-0.2172,1,line_curve_center_riding,0.1780,0.1804,0.1404,-0.2056,0.9399,8,0.0400,0.3459,0.3860,0.0384,-0.2172,IDLE,1,0,step_done_latches_cleared,0,0,0.000,0,nan,nan,nan,0.0000,0,5,0.6050,0.5460,0.2287,0.5460,0.0590,本圈台阶完成,1,0.0000,0.150,0.330
3147.556,SEEK_CROSSWALK,27.529,0,2.812,tracking,0.1700,-0.1791,1,line_curve_center_riding,0.1333,0.1386,0.0504,-0.2796,0.8674,7,0.0882,0.3300,0.4182,-0.0302,-0.1791,IDLE,1,0,step_done_latches_cleared,0,0,0.000,0,nan,nan,nan,0.0000,0,5,0.6050,0.5460,0.2287,0.5460,0.0590,本圈台阶完成,1,0.0000,0.150,0.330
3147.691,SEEK_CROSSWALK,27.665,0,2.812,tracking,0.1450,-0.1400,1,line_curve_center_riding,0.0949,0.1030,-0.0313,-0.3964,0.8602,7,0.1342,0.3652,0.4994,-0.1082,-0.1400,IDLE,1,0,step_done_latches_cleared,0,0,0.000,0,nan,nan,nan,0.0000,0,5,0.6050,0.5460,0.2287,0.5460,0.0590,本圈台阶完成,1,0.0000,0.150,0.330
3147.826,SEEK_CROSSWALK,27.800,0,2.812,tracking,0.1450,-0.0940,1,line_curve_center_riding,0.0469,0.0571,-0.1139,-0.5614,0.8467,7,0.1710,0.4475,0.6185,-0.2061,-0.0940,IDLE,1,0,step_done_latches_cleared,0,0,0.000,0,nan,nan,nan,0.0000,0,5,0.6050,0.5460,0.2287,0.5460,0.0590,本圈台阶完成,1,0.0000,0.150,0.330
3147.964,SEEK_CROSSWALK,27.938,0,2.812,tracking,0.1450,-0.0528,1,line_curve_center_riding,0.0116,0.0261,-0.2146,-0.4814,0.7594,6,0.2407,0.2668,0.5075,-0.2233,-0.0528,IDLE,1,0,step_done_latches_cleared,0,0,0.000,0,nan,nan,nan,0.0000,0,5,0.6050,0.5460,0.2287,0.5460,0.0590,本圈台阶完成,1,0.0000,0.150,0.330
3148.095,SEEK_CROSSWALK,28.069,0,2.812,tracking,0.1450,0.0040,1,line_curve_center_riding,-0.0522,-0.0347,-0.3258,-0.5958,0.6613,5,0.2911,0.2700,0.5611,-0.3188,0.0040,IDLE,1,0,step_done_latches_cleared,0,0,0.000,0,nan,nan,nan,0.0000,0,5,0.6050,0.5460,0.2287,0.5460,0.0590,本圈台阶完成,1,0.0000,0.150,0.330
3148.229,SEEK_CROSSWALK,28.203,0,2.812,tracking,0.1450,0.0589,1,line_curve_center_riding,-0.1034,-0.0859,-0.3784,-0.4324,0.6761,5,0.2926,0.0540,0.3465,-0.2989,0.0589,IDLE,1,0,step_done_latches_cleared,0,0,0.000,0,nan,nan,nan,0.0000,0,5,0.6050,0.5460,0.2287,0.5460,0.0590,本圈台阶完成,1,0.0000,0.150,0.330
3148.372,SEEK_CROSSWALK,28.345,0,2.812,tracking,0.1450,0.1339,1,line_curve_center_riding,-0.1895,-0.1689,-0.5112,-0.5656,0.6684,5,0.3423,0.0543,0.3966,-0.4152,0.1339,IDLE,1,0,step_done_latches_cleared,0,0,0.000,0,nan,nan,nan,0.0000,0,5,0.6050,0.5460,0.2287,0.5460,0.0590,本圈台阶完成,1,0.0000,0.150,0.330
3148.502,SEEK_CROSSWALK,28.476,0,2.812,tracking,0.1450,0.1884,1,line_curve_center_riding,-0.2240,-0.1987,-0.6204,-0.6924,0.5548,4,0.4217,0.0720,0.4936,-0.5038,0.1884,IDLE,1,0,step_done_latches_cleared,0,0,0.000,0,nan,nan,nan,0.0000,0,5,0.6050,0.5460,0.2287,0.5460,0.0590,本圈台阶完成,1,0.0000,0.150,0.330
3148.638,SEEK_CROSSWALK,28.612,0,2.812,tracking,0.1450,0.2293,1,line_curve_center_riding,-0.2504,-0.2327,-0.5278,-0.5278,0.5751,4,0.2951,0.0000,0.2951,-0.4294,0.2293,IDLE,1,0,step_done_latches_cleared,0,0,0.000,0,nan,nan,nan,0.0000,0,5,0.6050,0.5460,0.2287,0.5460,0.0590,本圈台阶完成,1,0.0000,0.150,0.330
3148.772,SEEK_CROSSWALK,28.745,0,2.812,tracking,0.1450,0.2654,1,line_curve_center_riding,-0.2783,-0.2563,-0.6231,-0.6231,0.5584,4,0.3668,0.0000,0.3668,-0.5009,0.2654,IDLE,1,0,step_done_latches_cleared,0,0,0.000,0,nan,nan,nan,0.0000,0,5,0.6050,0.5460,0.2287,0.5460,0.0590,本圈台阶完成,1,0.0000,0.150,0.330
3148.903,SEEK_CROSSWALK,28.877,0,2.812,tracking,0.1700,0.2938,1,line_curve_center_riding,-0.2979,-0.2879,-0.4559,-0.4559,0.4745,3,0.1680,0.0000,0.1680,-0.3999,0.2938,IDLE,1,0,step_done_latches_cleared,0,0,0.000,0,nan,nan,nan,0.0000,0,5,0.6050,0.5460,0.2287,0.5460,0.0590,本圈台阶完成,1,0.0000,0.150,0.330
3149.037,SEEK_CROSSWALK,29.010,0,2.812,tracking,0.1450,0.2961,1,line_curve_center_riding,-0.2789,-0.2554,-0.6465,-0.6465,0.5543,4,0.3911,0.0000,0.3911,-0.5161,0.2961,IDLE,1,0,step_done_latches_cleared,0,0,0.000,0,nan,nan,nan,0.0000,0,5,0.6050,0.5460,0.2287,0.5460,0.0590,本圈台阶完成,1,0.0000,0.150,0.330
3149.171,SEEK_CROSSWALK,29.144,0,2.812,tracking,0.1700,0.2757,1,line_curve_center_riding,-0.2397,-0.2320,-0.3604,-0.3604,0.4932,3,0.1284,0.0000,0.1284,-0.3176,0.2757,IDLE,1,0,step_done_latches_cleared,0,0,0.000,0,nan,nan,nan,0.0000,0,5,0.6050,0.5460,0.2287,0.5460,0.0590,本圈台阶完成,1,0.0000,0.150,0.330
3149.303,SEEK_CROSSWALK,29.276,0,2.812,tracking,0.1700,0.2545,1,line_curve_center_riding,-0.2172,-0.2078,-0.3645,-0.3645,0.4810,3,0.1566,0.0000,0.1566,-0.3123,0.2545,IDLE,1,0,step_done_latches_cleared,0,0,0.000,0,nan,nan,nan,0.0000,0,5,0.6050,0.5460,0.2287,0.5460,0.0590,本圈台阶完成,1,0.0000,0.150,0.330
3149.432,SEEK_CROSSWALK,29.405,0,2.812,tracking,0.1450,0.2260,1,line_curve_center_riding,-0.1849,-0.1575,-0.6151,-0.6151,0.5418,4,0.4576,0.0000,0.4576,-0.4626,0.2260,IDLE,1,0,step_done_latches_cleared,0,0,0.000,0,nan,nan,nan,0.0000,0,5,0.6050,0.5460,0.2287,0.5460,0.0590,本圈台阶完成,1,0.0000,0.150,0.330
3149.569,SEEK_CROSSWALK,29.543,0,2.812,tracking,0.1450,0.1883,1,line_curve_center_riding,-0.1415,-0.1181,-0.5083,-0.5083,0.5587,4,0.3902,0.0000,0.3902,-0.3782,0.1883,IDLE,1,0,step_done_latches_cleared,0,0,0.000,0,nan,nan,nan,0.0000,0,5,0.6050,0.5460,0.2287,0.5460,0.0590,本圈台阶完成,1,0.0000,0.150,0.330
3149.699,SEEK_CROSSWALK,29.673,0,2.812,tracking,0.1450,0.1517,1,line_curve_center_riding,-0.1084,-0.0798,-0.5554,-0.5554,0.5395,4,0.4756,0.0000,0.4756,-0.3969,0.1517,IDLE,1,0,step_done_latches_cleared,0,0,0.000,0,nan,nan,nan,0.0000,0,5,0.6050,0.5460,0.2287,0.5460,0.0590,本圈台阶完成,1,0.0000,0.150,0.330
3149.831,SEEK_CROSSWALK,29.805,0,2.812,line_bridge_loss,0.0948,0.0607,0,line_too_few_bands,0.0000,0.0000,0.0000,0.0000,0.0000,1,0.0000,0.0000,0.0000,0.0000,0.0607,IDLE,1,0,step_done_latches_cleared,0,0,0.000,0,nan,nan,nan,0.0000,0,5,0.6050,0.5460,0.2287,0.5460,0.0590,本圈台阶完成,1,0.0000,0.150,0.330
3149.955,SEEK_CROSSWALK,29.928,0,2.812,tracking,0.1418,0.1135,1,line_curve_center_riding,-0.0671,-0.0384,-0.5171,-0.5171,0.5376,4,0.4787,0.0000,0.4787,-0.3575,0.1135,IDLE,1,0,step_done_latches_cleared,0,0,0.000,0,nan,nan,nan,0.0000,0,5,0.6050,0.5460,0.2287,0.5460,0.0590,本圈台阶完成,1,0.0000,0.150,0.330
3150.110,SEEK_CROSSWALK,30.084,0,2.812,tracking,0.1441,0.1036,1,line_curve_center_riding,-0.0857,-0.0486,-0.6678,-0.8007,0.6105,5,0.6193,0.1328,0.7521,-0.5057,0.1036,IDLE,1,0,step_done_latches_cleared,0,0,0.000,0,nan,nan,nan,0.0000,0,5,0.6050,0.5460,0.2287,0.5460,0.0590,本圈台阶完成,1,0.0000,0.150,0.330
3150.255,SEEK_CROSSWALK,30.229,0,2.812,tracking,0.1368,0.0892,1,line_curve_center_riding,-0.0700,-0.0303,-0.6920,-0.8489,0.6025,5,0.6618,0.1569,0.8186,-0.5237,0.0892,IDLE,1,0,step_done_latches_cleared,0,0,0.000,0,nan,nan,nan,0.0000,0,5,0.6050,0.5460,0.2287,0.5460,0.0590,本圈台阶完成,1,0.0000,0.150,0.330
3150.394,SEEK_CROSSWALK,30.368,0,2.812,tracking,0.1318,0.0692,1,line_curve_center_riding,-0.0469,-0.0054,-0.6966,-0.8668,0.4760,4,0.6912,0.1702,0.8614,-0.5230,0.0692,IDLE,1,0,step_done_latches_cleared,0,0,0.000,0,nan,nan,nan,0.0000,0,5,0.6050,0.5460,0.2287,0.5460,0.0590,本圈台阶完成,1,0.0000,0.150,0.330
3150.527,SEEK_CROSSWALK,30.500,0,2.812,tracking,0.1420,0.0610,1,line_curve_center_riding,-0.0482,-0.0103,-0.6418,-0.7781,0.6101,5,0.6315,0.1364,0.7679,-0.4767,0.0610,IDLE,1,0,step_done_latches_cleared,0,0,0.000,0,nan,nan,nan,0.0000,0,5,0.6050,0.5460,0.2287,0.5460,0.0590,本圈台阶完成,1,0.0000,0.150,0.330
3150.659,SEEK_CROSSWALK,30.632,0,2.812,tracking,0.1392,0.0479,1,line_curve_center_riding,-0.0331,0.0058,-0.6423,-0.7903,0.6078,5,0.6480,0.1481,0.7961,-0.4756,0.0479,IDLE,1,0,step_done_latches_cleared,0,0,0.000,0,nan,nan,nan,0.0000,0,5,0.6050,0.5460,0.2287,0.5460,0.0590,本圈台阶完成,1,0.0000,0.150,0.330
3150.793,SEEK_CROSSWALK,30.767,0,2.812,tracking,0.1450,0.0296,1,line_curve_center_riding,-0.0117,0.0139,-0.4135,-0.4135,0.5524,4,0.4274,0.0000,0.4274,-0.2710,0.0296,IDLE,1,0,step_done_latches_cleared,0,0,0.000,0,nan,nan,nan,0.0000,0,5,0.6050,0.5460,0.2287,0.5460,0.0590,本圈台阶完成,1,0.0000,0.150,0.330
3150.922,SEEK_CROSSWALK,30.896,0,2.812,tracking,0.1444,0.0252,1,line_curve_center_riding,-0.0182,0.0188,-0.5985,-0.7345,0.6121,5,0.6173,0.1360,0.7533,-0.4380,0.0252,IDLE,1,0,step_done_latches_cleared,0,0,0.000,0,nan,nan,nan,0.0000,0,5,0.6050,0.5460,0.2287,0.5460,0.0590,本圈台阶完成,1,0.0000,0.150,0.330
3151.060,SEEK_CROSSWALK,31.033,0,2.812,tracking,0.1450,-0.0021,1,line_recenter_transition,0.0242,0.0365,-0.5777,-0.7076,0.6143,5,0.6142,0.1299,0.7441,-0.4162,-0.0021,IDLE,1,0,step_done_latches_cleared,0,0,0.000,0,nan,nan,nan,0.0000,0,5,0.6050,0.5460,0.2287,0.5460,0.0590,本圈台阶完成,1,0.0000,0.150,0.330
3151.199,SEEK_CROSSWALK,31.172,0,2.812,tracking,0.1450,-0.0125,1,line_recenter_transition,0.0223,0.0332,-0.5142,-0.6090,0.6247,5,0.5474,0.0948,0.6423,-0.3633,-0.0125,IDLE,1,0,step_done_latches_cleared,0,0,0.000,0,nan,nan,nan,0.0000,0,5,0.6050,0.5460,0.2287,0.5460,0.0590,本圈台阶完成,1,0.0000,0.150,0.330
3151.338,SEEK_CROSSWALK,31.312,0,2.812,tracking,0.1363,-0.0166,1,line_recenter_transition,0.0199,0.0332,-0.6315,-0.7848,0.6015,5,0.6647,0.1533,0.8180,-0.4610,-0.0166,IDLE,1,0,step_done_latches_cleared,0,0,0.000,0,nan,nan,nan,0.0000,0,5,0.6050,0.5460,0.2287,0.5460,0.0590,本圈台阶完成,1,0.0000,0.150,0.330
3151.472,SEEK_CROSSWALK,31.446,0,2.812,tracking,0.1450,0.0095,1,line_curve_center_riding,-0.0290,0.0059,-0.5760,-0.6967,0.6188,5,0.5819,0.1207,0.7026,-0.4223,0.0095,IDLE,1,0,step_done_latches_cleared,0,0,0.000,0,nan,nan,nan,0.0000,0,5,0.6050,0.5460,0.2287,0.5460,0.0590,本圈台阶完成,1,0.0000,0.150,0.330
3151.604,SEEK_CROSSWALK,31.577,0,2.812,tracking,0.1450,0.0377,1,line_curve_center_riding,-0.0592,-0.0363,-0.4192,-0.4192,0.5527,4,0.3829,0.0000,0.3829,-0.2915,0.0377,IDLE,1,0,step_done_latches_cleared,0,0,0.000,0,nan,nan,nan,0.0000,0,5,0.6050,0.5460,0.2287,0.5460,0.0590,本圈台阶完成,1,0.0000,0.150,0.330
3151.739,SEEK_CROSSWALK,31.713,0,2.812,tracking,0.1450,0.0719,1,line_curve_center_riding,-0.0965,-0.0712,-0.4920,-0.4920,0.5468,4,0.4207,0.0000,0.4207,-0.3517,0.0719,IDLE,1,0,step_done_latches_cleared,0,0,0.000,0,nan,nan,nan,0.0000,0,5,0.6050,0.5460,0.2287,0.5460,0.0590,本圈台阶完成,1,0.0000,0.150,0.330
3151.871,SEEK_CROSSWALK,31.844,0,2.812,tracking,0.1450,0.1185,1,line_curve_center_riding,-0.1497,-0.1265,-0.5129,-0.5129,0.5516,4,0.3864,0.0000,0.3864,-0.3841,0.1185,IDLE,1,0,step_done_latches_cleared,0,0,0.000,0,nan,nan,nan,0.0000,0,5,0.6050,0.5460,0.2287,0.5460,0.0590,本圈台阶完成,1,0.0000,0.150,0.330
3152.006,SEEK_CROSSWALK,31.979,0,2.812,tracking,0.1450,0.1569,1,line_curve_center_riding,-0.1802,-0.1523,-0.6174,-0.6174,0.5370,4,0.4651,0.0000,0.4651,-0.4623,0.1569,IDLE,1,0,step_done_latches_cleared,0,0,0.000,0,nan,nan,nan,0.0000,0,5,0.6050,0.5460,0.2287,0.5460,0.0590,本圈台阶完成,1,0.0000,0.150,0.330
3152.144,SEEK_CROSSWALK,32.117,0,2.812,tracking,0.1450,0.1839,1,line_curve_center_riding,-0.1955,-0.1632,-0.7013,-0.7013,0.5231,4,0.5381,0.0000,0.5381,-0.5220,0.1839,IDLE,1,0,step_done_latches_cleared,0,0,0.000,0,nan,nan,nan,0.0000,0,5,0.6050,0.5460,0.2287,0.5460,0.0590,本圈台阶完成,1,0.0000,0.150,0.330
3152.278,SEEK_CROSSWALK,32.252,0,2.812,tracking,0.1450,0.2374,1,line_curve_center_riding,-0.2648,-0.2331,-0.7612,-0.7612,0.5134,4,0.5281,0.0000,0.5281,-0.5852,0.2374,IDLE,1,0,step_done_latches_cleared,0,0,0.000,0,nan,nan,nan,0.0000,0,5,0.6050,0.5460,0.2287,0.5460,0.0590,本圈台阶完成,1,0.0000,0.150,0.330
3152.413,SEEK_CROSSWALK,32.386,0,2.812,tracking,0.1700,0.2679,1,line_curve_center_riding,-0.2772,-0.2630,-0.4987,-0.4987,0.4467,3,0.2356,0.0000,0.2356,-0.4201,0.2679,IDLE,1,0,step_done_latches_cleared,0,0,0.000,0,nan,nan,nan,0.0000,0,5,0.6050,0.5460,0.2287,0.5460,0.0590,本圈台阶完成,1,0.0000,0.150,0.330
3152.554,SEEK_CROSSWALK,32.527,0,2.812,tracking,0.1450,0.3259,1,line_curve_center_riding,-0.3514,-0.3321,-0.6533,-0.6533,0.4136,3,0.3211,0.0000,0.3211,-0.5462,0.3259,IDLE,1,0,step_done_latches_cleared,0,0,0.000,0,nan,nan,nan,0.0000,0,5,0.6050,0.5460,0.2287,0.5460,0.0590,本圈台阶完成,1,0.0000,0.150,0.330
3152.683,SEEK_CROSSWALK,32.657,0,2.812,tracking,0.1450,0.3939,1,line_curve_center_riding,-0.4231,-0.4058,-0.6946,-0.6946,0.4231,3,0.2888,0.0000,0.2888,-0.5983,0.3939,IDLE,1,0,step_done_latches_cleared,0,0,0.000,0,nan,nan,nan,0.0000,0,5,0.6050,0.5460,0.2287,0.5460,0.0590,本圈台阶完成,1,0.0000,0.150,0.330
3152.817,SEEK_CROSSWALK,32.790,0,2.812,tracking,0.1352,0.4465,1,line_curve_center_riding,-0.4616,-0.4445,-0.7305,-0.7305,0.4221,3,0.2860,0.0000,0.2860,-0.6352,0.4465,IDLE,1,0,step_done_latches_cleared,0,0,0.000,0,nan,nan,nan,0.0000,0,5,0.6050,0.5460,0.2287,0.5460,0.0590,本圈台阶完成,1,0.0000,0.150,0.330
3152.945,SEEK_CROSSWALK,32.918,0,2.812,tracking,0.1252,0.4854,1,line_curve_center_riding,-0.4852,-0.4689,-0.7408,-0.7408,0.4257,3,0.2720,0.0000,0.2720,-0.6502,0.4854,IDLE,1,0,step_done_latches_cleared,0,0,0.000,0,nan,nan,nan,0.0000,0,5,0.6050,0.5460,0.2287,0.5460,0.0590,本圈台阶完成,1,0.0000,0.150,0.330
3153.086,SEEK_CROSSWALK,33.060,0,2.812,tracking,0.1218,0.4985,1,line_center_tracking,-0.4763,-0.4625,-0.5115,-0.5115,0.3371,2,0.0490,0.0000,0.0490,-0.4952,0.4985,IDLE,1,0,step_done_latches_cleared,0,0,0.000,0,nan,nan,nan,0.0000,0,5,0.6050,0.5460,0.2287,0.5460,0.0590,本圈台阶完成,1,0.0000,0.150,0.330
3153.218,SEEK_CROSSWALK,33.192,0,2.812,tracking,0.1169,0.5176,1,line_center_tracking,-0.4958,-0.4828,-0.5294,-0.5294,0.3441,2,0.0465,0.0000,0.0465,-0.5138,0.5176,IDLE,1,0,step_done_latches_cleared,0,0,0.000,0,nan,nan,nan,0.0000,0,5,0.6050,0.5460,0.2287,0.5460,0.0590,本圈台阶完成,1,0.0000,0.150,0.330
3153.346,SEEK_CROSSWALK,33.320,0,2.812,tracking,0.1050,0.5439,1,line_hard_turn_centering,-0.5260,-0.5233,-0.5503,-0.5503,0.3990,2,0.0270,0.0000,0.0270,-0.5413,0.5439,IDLE,1,0,step_done_latches_cleared,0,0,0.000,0,nan,nan,nan,0.0000,0,5,0.6050,0.5460,0.2287,0.5460,0.0590,本圈台阶完成,1,0.0000,0.150,0.330
3153.480,SEEK_CROSSWALK,33.454,0,2.812,tracking,0.1050,0.5600,1,line_hard_turn_centering,-0.5525,-0.5493,-0.5818,-0.5818,0.3836,2,0.0325,0.0000,0.0325,-0.5709,0.5600,IDLE,1,0,step_done_latches_cleared,0,0,0.000,0,nan,nan,nan,0.0000,0,5,0.6050,0.5460,0.2287,0.5460,0.0590,本圈台阶完成,1,0.0000,0.150,0.330
3153.613,SEEK_CROSSWALK,33.587,0,2.812,line_bridge_loss,0.0545,0.2277,0,line_too_few_bands,0.0000,0.0000,0.0000,0.0000,0.0000,1,0.0000,0.0000,0.0000,0.0000,0.2277,IDLE,1,0,step_done_latches_cleared,0,0,0.000,0,nan,nan,nan,0.0000,0,5,0.6050,0.5460,0.2287,0.5460,0.0590,本圈台阶完成,1,0.0000,0.150,0.330
3153.744,SEEK_CROSSWALK,33.717,0,2.812,tracking,0.1041,0.5541,1,line_hard_turn_centering,-0.6072,-0.6009,-0.6642,-0.6642,0.2969,2,0.0633,0.0000,0.0633,-0.6431,0.5541,IDLE,1,0,step_done_latches_cleared,0,0,0.000,0,nan,nan,nan,0.0000,0,5,0.6050,0.5460,0.2287,0.5460,0.0590,本圈台阶完成,1,0.0000,0.150,0.330
3153.874,SEEK_CROSSWALK,33.848,0,2.812,line_bridge_loss,0.0545,0.2277,0,line_too_few_bands,0.0000,0.0000,0.0000,0.0000,0.0000,0,0.0000,0.0000,0.0000,0.0000,0.2277,IDLE,1,0,step_done_latches_cleared,0,0,0.000,0,nan,nan,nan,0.0000,0,5,0.6050,0.5460,0.2287,0.5460,0.0590,本圈台阶完成,1,0.0000,0.150,0.330
3154.014,SEEK_CROSSWALK,33.988,0,2.812,tracking,0.1050,0.5600,1,line_hard_turn_centering,-0.6786,-0.6733,-0.7263,-0.7263,0.3261,2,0.0529,0.0000,0.0529,-0.7086,0.5600,IDLE,1,0,step_done_latches_cleared,0,0,0.000,0,nan,nan,nan,0.0000,0,5,0.6050,0.5460,0.2287,0.5460,0.0590,本圈台阶完成,1,0.0000,0.150,0.330
3154.171,SEEK_CROSSWALK,34.145,0,2.812,line_bridge_loss,0.0543,0.2267,0,line_too_few_bands,0.0000,0.0000,0.0000,0.0000,0.0000,0,0.0000,0.0000,0.0000,0.0000,0.2267,IDLE,1,0,step_done_latches_cleared,0,0,0.000,0,nan,nan,nan,0.0000,0,5,0.6050,0.5460,0.2287,0.5460,0.0590,本圈台阶完成,1,0.0000,0.150,0.330
3154.303,SEEK_CROSSWALK,34.277,0,2.812,tracking,0.1045,0.5566,1,line_hard_turn_centering,-0.6188,-0.6140,-0.6619,-0.6619,0.3402,2,0.0479,0.0000,0.0479,-0.6459,0.5566,IDLE,1,0,step_done_latches_cleared,0,0,0.000,0,nan,nan,nan,0.0000,0,5,0.6050,0.5460,0.2287,0.5460,0.0590,本圈台阶完成,1,0.0000,0.150,0.330
3154.435,SEEK_CROSSWALK,34.409,0,2.812,line_bridge_loss,0.0544,0.2268,0,line_too_few_bands,0.0000,0.0000,0.0000,0.0000,0.0000,0,0.0000,0.0000,0.0000,0.0000,0.2268,IDLE,1,0,step_done_latches_cleared,0,0,0.000,0,nan,nan,nan,0.0000,0,5,0.6050,0.5460,0.2287,0.5460,0.0590,本圈台阶完成,1,0.0000,0.150,0.330
3154.560,SEEK_CROSSWALK,34.534,0,2.812,line_bridge_loss,0.0350,0.2240,0,line_too_few_bands,0.0000,0.0000,0.0000,0.0000,0.0000,0,0.0000,0.0000,0.0000,0.0000,0.2240,IDLE,1,0,step_done_latches_cleared,0,0,0.000,0,nan,nan,nan,0.0000,0,5,0.6050,0.5460,0.2287,0.5460,0.0590,本圈台阶完成,1,0.0000,0.150,0.330
3154.688,SEEK_CROSSWALK,34.662,0,2.812,line_bridge_loss,0.0350,0.2240,0,line_too_few_bands,0.0000,0.0000,0.0000,0.0000,0.0000,0,0.0000,0.0000,0.0000,0.0000,0.2240,IDLE,1,0,step_done_latches_cleared,0,0,0.000,0,nan,nan,nan,0.0000,0,5,0.6050,0.5460,0.2287,0.5460,0.0590,本圈台阶完成,1,0.0000,0.150,0.330
3154.818,SEEK_CROSSWALK,34.791,0,2.812,line_loss_hold,0.0000,0.0000,0,line_too_few_bands,0.0000,0.0000,0.0000,0.0000,0.0000,0,0.0000,0.0000,0.0000,0.0000,0.0000,IDLE,1,0,step_done_latches_cleared,0,0,0.000,0,nan,nan,nan,0.0000,0,5,0.6050,0.5460,0.2287,0.5460,0.0590,本圈台阶完成,1,0.0000,0.150,0.330
3154.949,SEEK_CROSSWALK,34.923,0,2.812,line_loss_hold,0.0000,0.0000,0,line_too_few_bands,0.0000,0.0000,0.0000,0.0000,0.0000,1,0.0000,0.0000,0.0000,0.0000,0.0000,IDLE,1,0,step_done_latches_cleared,0,0,0.000,0,nan,nan,nan,0.0000,0,5,0.6050,0.5460,0.2287,0.5460,0.0590,本圈台阶完成,1,0.0000,0.150,0.330
3155.088,SEEK_CROSSWALK,35.062,0,2.812,line_loss_hold,0.0000,0.0000,0,line_too_few_bands,0.0000,0.0000,0.0000,0.0000,0.0000,1,0.0000,0.0000,0.0000,0.0000,0.0000,IDLE,1,0,step_done_latches_cleared,0,0,0.000,0,nan,nan,nan,0.0000,0,5,0.6050,0.5460,0.2287,0.5460,0.0590,本圈台阶完成,1,0.0000,0.150,0.330
3155.223,SEEK_CROSSWALK,35.196,0,2.812,line_lost_stop,0.0000,0.0000,0,line_too_few_bands,0.0000,0.0000,0.0000,0.0000,0.0000,1,0.0000,0.0000,0.0000,0.0000,0.0000,IDLE,1,0,step_done_latches_cleared,0,0,0.000,0,nan,nan,nan,0.0000,0,5,0.6050,0.5460,0.2287,0.5460,0.0590,本圈台阶完成,1,0.0000,0.150,0.330
3155.352,SEEK_CROSSWALK,35.326,0,2.812,tracking,0.0492,0.3235,1,line_curve_center_riding,-0.4383,-0.4221,-0.6919,-0.6919,0.4153,3,0.2698,0.0000,0.2698,-0.6020,0.3235,IDLE,1,0,step_done_latches_cleared,0,0,0.000,0,nan,nan,nan,0.0000,0,5,0.6050,0.5460,0.2287,0.5460,0.0590,本圈台阶完成,1,0.0000,0.150,0.330
3155.481,SEEK_CROSSWALK,35.454,0,2.812,tracking,0.0980,0.4530,1,line_center_tracking,-0.3242,-0.3155,-0.3465,-0.3465,0.3879,2,0.0310,0.0000,0.0310,-0.3361,0.4530,IDLE,1,0,step_done_latches_cleared,0,0,0.000,0,nan,nan,nan,0.0000,0,5,0.6050,0.5460,0.2287,0.5460,0.0590,本圈台阶完成,1,0.0000,0.150,0.330
3155.611,SEEK_CROSSWALK,35.585,0,2.812,line_bridge_loss,0.0483,0.1812,0,line_too_few_bands,0.0000,0.0000,0.0000,0.0000,0.0000,0,0.0000,0.0000,0.0000,0.0000,0.1812,IDLE,1,0,step_done_latches_cleared,0,0,0.000,0,nan,nan,nan,0.0000,0,5,0.6050,0.5460,0.2287,0.5460,0.0590,本圈台阶完成,1,0.0000,0.150,0.330
3155.744,SEEK_CROSSWALK,35.718,0,2.812,tracking,0.0988,0.2951,1,line_curve_center_riding,-0.1206,-0.1058,-0.3521,-0.3521,0.4469,3,0.2463,0.0000,0.2463,-0.2700,0.2951,IDLE,1,0,step_done_latches_cleared,0,0,0.000,0,nan,nan,nan,0.0000,0,5,0.6050,0.5460,0.2287,0.5460,0.0590,本圈台阶完成,1,0.0000,0.150,0.330
3155.890,SEEK_CROSSWALK,35.863,0,2.812,tracking,0.1261,0.1315,1,line_recenter_transition,0.0182,0.0327,-0.6918,-0.7675,0.5994,5,0.7245,0.0758,0.8002,-0.4755,0.1315,IDLE,1,0,step_done_latches_cleared,0,0,0.000,0,nan,nan,nan,0.0000,0,5,0.6050,0.5460,0.2287,0.5460,0.0590,本圈台阶完成,1,0.0000,0.150,0.330
3156.019,SEEK_CROSSWALK,35.993,0,2.812,tracking,0.1450,-0.0120,1,line_recenter_transition,0.1374,0.1476,-0.3615,-0.3615,0.5287,4,0.5091,0.0000,0.5091,-0.1918,-0.0120,IDLE,1,0,step_done_latches_cleared,0,0,0.000,0,nan,nan,nan,0.0000,0,5,0.6050,0.5460,0.2287,0.5460,0.0590,本圈台阶完成,1,0.0000,0.150,0.330
3156.149,SEEK_CROSSWALK,36.123,0,2.812,tracking,0.1700,-0.0010,1,line_curve_center_riding,0.0067,0.0186,-0.1795,-0.1795,0.3512,2,0.1981,0.0000,0.1981,-0.1134,-0.0010,IDLE,1,0,step_done_latches_cleared,0,0,0.000,0,nan,nan,nan,0.0000,0,5,0.6050,0.5460,0.2287,0.5460,0.0590,本圈台阶完成,1,0.0000,0.150,0.330
3156.283,SEEK_CROSSWALK,36.257,0,2.812,line_bridge_loss,0.1193,-0.0004,0,line_too_few_bands,0.0000,0.0000,0.0000,0.0000,0.0000,1,0.0000,0.0000,0.0000,0.0000,-0.0004,IDLE,1,0,step_done_latches_cleared,0,0,0.000,0,nan,nan,nan,0.0000,0,5,0.6050,0.5460,0.2287,0.5460,0.0590,本圈台阶完成,1,0.0000,0.150,0.330
3156.413,SEEK_CROSSWALK,36.386,0,2.812,tracking,0.1450,-0.1177,1,line_recenter_transition,0.2133,0.2256,-0.3872,-0.5052,0.6182,5,0.6128,0.1180,0.7308,-0.2223,-0.1177,IDLE,1,0,step_done_latches_cleared,0,0,0.000,0,nan,nan,nan,0.0000,0,5,0.6050,0.5460,0.2287,0.5460,0.0590,本圈台阶完成,1,0.0000,0.150,0.330
3156.547,SEEK_CROSSWALK,36.521,0,2.812,tracking,0.1700,-0.0772,1,line_curve_center_riding,0.0450,0.0554,-0.1181,-0.1181,0.3666,2,0.1735,0.0000,0.1735,-0.0603,-0.0772,IDLE,1,0,step_done_latches_cleared,0,0,0.000,0,nan,nan,nan,0.0000,0,5,0.6050,0.5460,0.2287,0.5460,0.0590,本圈台阶完成,1,0.0000,0.150,0.330
3156.699,SEEK_CROSSWALK,36.673,0,2.812,line_bridge_loss,0.1193,-0.0309,0,line_too_few_bands,0.0000,0.0000,0.0000,0.0000,0.0000,1,0.0000,0.0000,0.0000,0.0000,-0.0309,IDLE,1,0,step_done_latches_cleared,0,0,0.000,0,nan,nan,nan,0.0000,0,5,0.6050,0.5460,0.2287,0.5460,0.0590,本圈台阶完成,1,0.0000,0.150,0.330
3156.888,SEEK_CROSSWALK,36.861,0,2.812,line_bridge_loss,0.0687,-0.0309,0,line_too_few_bands,0.0000,0.0000,0.0000,0.0000,0.0000,1,0.0000,0.0000,0.0000,0.0000,-0.0309,IDLE,1,0,step_done_latches_cleared,0,0,0.000,0,nan,nan,nan,0.0000,0,5,0.6050,0.5460,0.2287,0.5460,0.0590,本圈台阶完成,1,0.0000,0.150,0.330
3157.113,SEEK_CROSSWALK,37.087,0,2.812,line_loss_hold,0.0180,0.0000,0,line_too_few_bands,0.0000,0.0000,0.0000,0.0000,0.0000,1,0.0000,0.0000,0.0000,0.0000,0.0000,IDLE,1,0,step_done_latches_cleared,0,0,0.000,0,nan,nan,nan,0.0000,0,5,0.6050,0.5460,0.2287,0.5460,0.0590,本圈台阶完成,1,0.0000,0.150,0.330
3157.246,SEEK_CROSSWALK,37.219,0,2.812,tracking,0.0683,-0.0304,1,line_curve_center_riding,-0.0203,-0.0045,-0.2669,-0.2669,0.4423,3,0.2624,0.0000,0.2624,-0.1795,-0.0304,IDLE,1,0,step_done_latches_cleared,0,0,0.000,0,nan,nan,nan,0.0000,0,5,0.6050,0.5460,0.2287,0.5460,0.0590,本圈台阶完成,1,0.0000,0.150,0.330
3157.398,SEEK_CROSSWALK,37.371,0,2.812,tracking,0.1190,0.0876,1,line_center_tracking,-0.1778,-0.1653,-0.2102,-0.2102,0.3488,2,0.0449,0.0000,0.0449,-0.1952,0.0876,IDLE,1,0,step_done_latches_cleared,0,0,0.000,0,nan,nan,nan,0.0000,0,5,0.6050,0.5460,0.2287,0.5460,0.0590,本圈台阶完成,1,0.0000,0.150,0.330
3157.656,SEEK_CROSSWALK,37.630,0,2.812,tracking,0.1697,0.2474,1,line_curve_center_riding,-0.3811,-0.3675,-0.5950,-0.5950,0.4449,3,0.2275,0.0000,0.2275,-0.5191,0.2474,IDLE,1,0,step_done_latches_cleared,0,0,0.000,0,nan,nan,nan,0.0000,0,5,0.6050,0.5460,0.2287,0.5460,0.0590,本圈台阶完成,1,0.0000,0.150,0.330
3157.879,SEEK_CROSSWALK,37.853,0,2.812,line_bridge_loss,0.1190,0.0990,0,line_too_few_bands,0.0000,0.0000,0.0000,0.0000,0.0000,0,0.0000,0.0000,0.0000,0.0000,0.0990,IDLE,1,0,step_done_latches_cleared,0,0,0.000,0,nan,nan,nan,0.0000,0,5,0.6050,0.5460,0.2287,0.5460,0.0590,本圈台阶完成,1,0.0000,0.150,0.330
3158.056,SEEK_CROSSWALK,38.030,0,2.812,tracking,0.1050,0.4297,1,line_hard_turn_centering,-0.5764,-0.5723,-0.6128,-0.6128,0.3613,2,0.0404,0.0000,0.0404,-0.5993,0.4297,IDLE,1,0,step_done_latches_cleared,0,0,0.000,0,nan,nan,nan,0.0000,0,5,0.6050,0.5460,0.2287,0.5460,0.0590,本圈台阶完成,1,0.0000,0.150,0.330
3158.246,SEEK_CROSSWALK,38.219,0,2.812,tracking,0.0850,0.4200,1,line_edge_single_rescue,-0.7076,-0.7076,-0.7076,-0.7076,0.3100,1,0.0000,0.0000,0.0000,-0.7076,0.4200,IDLE,1,0,step_done_latches_cleared,0,0,0.000,0,nan,nan,nan,0.0000,0,5,0.6050,0.5460,0.2287,0.5460,0.0590,本圈台阶完成,1,0.0000,0.150,0.330
3158.405,SEEK_CROSSWALK,38.378,0,2.812,tracking,0.0850,0.4200,1,line_edge_single_rescue,-0.5652,-0.5652,-0.5652,-0.5652,0.3100,1,0.0000,0.0000,0.0000,-0.5652,0.4200,IDLE,1,0,step_done_latches_cleared,0,0,0.000,0,nan,nan,nan,0.0000,0,5,0.6050,0.5460,0.2287,0.5460,0.0590,本圈台阶完成,1,0.0000,0.150,0.330
3158.534,SEEK_CROSSWALK,38.508,0,2.812,tracking,0.1000,0.6556,1,line_curve_center_riding,-0.6522,-0.6374,-0.8844,-0.8844,0.3479,2,0.2470,0.0000,0.2470,-0.8020,0.6556,IDLE,1,0,step_done_latches_cleared,0,0,0.000,0,nan,nan,nan,0.0000,0,5,0.6050,0.5460,0.2287,0.5460,0.0590,本圈台阶完成,1,0.0000,0.150,0.330
3158.700,SEEK_CROSSWALK,38.673,0,2.812,line_bridge_loss,0.0493,0.3222,0,line_too_few_bands,0.0000,0.0000,0.0000,0.0000,0.0000,0,0.0000,0.0000,0.0000,0.0000,0.3222,IDLE,1,0,step_done_latches_cleared,0,0,0.000,0,nan,nan,nan,0.0000,0,5,0.6050,0.5460,0.2287,0.5460,0.0590,本圈台阶完成,1,0.0000,0.150,0.330
3158.828,SEEK_CROSSWALK,38.801,0,2.812,line_bridge_loss,0.0350,0.2600,0,line_too_few_bands,0.0000,0.0000,0.0000,0.0000,0.0000,0,0.0000,0.0000,0.0000,0.0000,0.2600,IDLE,1,0,step_done_latches_cleared,0,0,0.000,0,nan,nan,nan,0.0000,0,5,0.6050,0.5460,0.2287,0.5460,0.0590,本圈台阶完成,1,0.0000,0.150,0.330
3158.981,SEEK_CROSSWALK,38.954,0,2.812,line_bridge_loss,0.0350,0.2600,0,line_too_few_bands,0.0000,0.0000,0.0000,0.0000,0.0000,1,0.0000,0.0000,0.0000,0.0000,0.2600,IDLE,1,0,step_done_latches_cleared,0,0,0.000,0,nan,nan,nan,0.0000,0,5,0.6050,0.5460,0.2287,0.5460,0.0590,本圈台阶完成,1,0.0000,0.150,0.330
3159.134,SEEK_CROSSWALK,39.108,0,2.812,line_loss_hold,0.0000,0.0000,0,line_too_few_bands,0.0000,0.0000,0.0000,0.0000,0.0000,0,0.0000,0.0000,0.0000,0.0000,0.0000,IDLE,1,0,step_done_latches_cleared,0,0,0.000,0,nan,nan,nan,0.0000,0,5,0.6050,0.5460,0.2287,0.5460,0.0590,本圈台阶完成,1,0.0000,0.150,0.330
3159.310,SEEK_CROSSWALK,39.284,0,2.812,tracking,0.0507,0.3333,1,line_curve_center_riding,-0.4247,-0.4151,-0.5747,-0.7044,0.7696,6,0.1596,0.1297,0.2892,-0.5647,0.3333,IDLE,1,0,step_done_latches_cleared,0,0,0.000,0,nan,nan,nan,0.0000,0,5,0.6050,0.5460,0.2287,0.5460,0.0590,本圈台阶完成,1,0.0000,0.150,0.330
3159.794,SEEK_CROSSWALK,39.768,0,2.812,tracking,0.1013,0.4534,1,line_center_tracking,-0.3219,-0.2985,-0.3821,-0.4529,0.5314,3,0.0836,0.0708,0.1544,-0.3779,0.4534,IDLE,1,0,step_done_latches_cleared,0,0,0.000,0,nan,nan,nan,0.0000,0,5,0.6050,0.5460,0.2287,0.5460,0.0590,本圈台阶完成,1,0.0000,0.150,0.330
3159.943,SEEK_CROSSWALK,39.917,0,2.812,tracking,0.1520,0.3366,1,line_curve_center_riding,-0.2144,-0.2056,-0.3518,-0.5009,0.5997,4,0.1462,0.1491,0.2954,-0.3528,0.3366,IDLE,1,0,step_done_latches_cleared,0,0,0.000,0,nan,nan,nan,0.0000,0,5,0.6050,0.5460,0.2287,0.5460,0.0590,本圈台阶完成,1,0.0000,0.150,0.330
3160.091,SEEK_CROSSWALK,40.065,0,2.812,line_bridge_loss,0.1013,0.1346,0,line_too_few_bands,0.0000,0.0000,0.0000,0.0000,0.0000,1,0.0000,0.0000,0.0000,0.0000,0.1346,IDLE,1,0,step_done_latches_cleared,0,0,0.000,0,nan,nan,nan,0.0000,0,5,0.6050,0.5460,0.2287,0.5460,0.0590,本圈台阶完成,1,0.0000,0.150,0.330
3160.225,SEEK_CROSSWALK,40.199,0,2.812,tracking,0.1520,0.1706,1,line_curve_center_riding,0.0016,0.0117,-0.1579,-0.2648,0.9664,8,0.1696,0.1069,0.2765,-0.1370,0.1706,IDLE,1,0,step_done_latches_cleared,0,0,0.000,0,nan,nan,nan,0.0000,0,5,0.6050,0.5460,0.2287,0.5460,0.0590,本圈台阶完成,1,0.0000,0.150,0.330
3160.383,SEEK_CROSSWALK,40.356,0,2.812,tracking,0.1700,0.0378,1,line_curve_center_riding,0.0818,0.0883,-0.0199,-0.1221,0.8859,7,0.1082,0.1022,0.2104,-0.0179,0.0378,IDLE,1,0,step_done_latches_cleared,0,0,0.000,0,nan,nan,nan,0.0000,0,5,0.6050,0.5460,0.2287,0.5460,0.0590,本圈台阶完成,1,0.0000,0.150,0.330
3160.552,SEEK_CROSSWALK,40.525,0,2.812,tracking,0.1700,-0.0683,1,line_curve_center_riding,0.1626,0.1698,0.0504,-0.0499,0.9752,8,0.1194,0.1003,0.2197,0.0568,-0.0683,IDLE,1,0,step_done_latches_cleared,0,0,0.000,0,nan,nan,nan,0.0000,0,5,0.6050,0.5460,0.2287,0.5460,0.0590,本圈台阶完成,1,0.0000,0.150,0.330
3160.774,SEEK_CROSSWALK,40.748,0,2.812,tracking,0.1700,-0.1390,1,line_curve_center_riding,0.1994,0.2062,0.0925,-0.0042,0.9758,8,0.1137,0.0967,0.2104,0.0982,-0.1390,IDLE,1,0,step_done_latches_cleared,0,0,0.000,0,nan,nan,nan,0.0000,0,5,0.6050,0.5460,0.2287,0.5460,0.0590,本圈台阶完成,1,0.0000,0.150,0.330
3160.932,SEEK_CROSSWALK,40.906,0,2.812,tracking,0.1700,-0.1751,1,line_curve_center_riding,0.1964,0.2031,0.0922,-0.0035,0.9760,8,0.1109,0.0957,0.2066,0.0973,-0.1751,IDLE,1,0,step_done_latches_cleared,0,0,0.000,0,nan,nan,nan,0.0000,0,5,0.6050,0.5460,0.2287,0.5460,0.0590,本圈台阶完成,1,0.0000,0.150,0.330
3161.099,SEEK_CROSSWALK,41.073,0,2.812,tracking,0.1700,-0.1669,1,line_curve_center_riding,0.1511,0.1579,0.0444,-0.0512,0.9758,8,0.1135,0.0956,0.2091,0.0504,-0.1669,IDLE,1,0,step_done_latches_cleared,0,0,0.000,0,nan,nan,nan,0.0000,0,5,0.6050,0.5460,0.2287,0.5460,0.0590,本圈台阶完成,1,0.0000,0.150,0.330
3161.234,SEEK_CROSSWALK,41.207,0,2.812,tracking,0.1700,-0.1222,1,line_curve_center_riding,0.0775,0.0834,-0.0161,-0.1170,0.9775,8,0.0995,0.1009,0.2004,-0.0166,-0.1222,IDLE,1,0,step_done_latches_cleared,0,0,0.000,0,nan,nan,nan,0.0000,0,5,0.6050,0.5460,0.2287,0.5460,0.0590,本圈台阶完成,1,0.0000,0.150,0.330
3161.399,SEEK_CROSSWALK,41.372,0,2.812,tracking,0.1700,-0.0698,1,line_curve_center_riding,0.0172,0.0241,-0.0906,-0.1912,0.9752,8,0.1147,0.1007,0.2154,-0.0859,-0.0698,IDLE,1,0,step_done_latches_cleared,0,0,0.000,0,nan,nan,nan,0.0000,0,5,0.6050,0.5460,0.2287,0.5460,0.0590,本圈台阶完成,1,0.0000,0.150,0.330
3161.566,SEEK_CROSSWALK,41.540,0,2.812,tracking,0.1700,-0.0166,1,line_curve_center_riding,-0.0331,-0.0252,-0.1560,-0.2520,0.9728,8,0.1307,0.0960,0.2268,-0.1444,-0.0166,IDLE,1,0,step_done_latches_cleared,0,0,0.000,0,nan,nan,nan,0.0000,0,5,0.6050,0.5460,0.2287,0.5460,0.0590,本圈台阶完成,1,0.0000,0.150,0.330
3161.717,SEEK_CROSSWALK,41.690,0,2.812,tracking,0.1700,0.0491,1,line_curve_center_riding,-0.1030,-0.0961,-0.2098,-0.3499,0.9664,8,0.1137,0.1401,0.2538,-0.2186,0.0491,IDLE,1,0,step_done_latches_cleared,0,0,0.000,0,nan,nan,nan,0.0000,0,5,0.6050,0.5460,0.2287,0.5460,0.0590,本圈台阶完成,1,0.0000,0.150,0.330
3161.882,SEEK_CROSSWALK,41.855,0,2.812,tracking,0.1700,0.0991,1,line_curve_center_riding,-0.1390,-0.1326,-0.2387,-0.3402,0.9748,8,0.1061,0.1015,0.2076,-0.2371,0.0991,IDLE,1,0,step_done_latches_cleared,0,0,0.000,0,nan,nan,nan,0.0000,0,5,0.6050,0.5460,0.2287,0.5460,0.0590,本圈台阶完成,1,0.0000,0.150,0.330
3162.070,SEEK_CROSSWALK,42.044,0,2.812,tracking,0.2125,0.1457,1,line_center_tracking,-0.1788,-0.1513,-0.2495,-0.2986,0.9777,8,0.0981,0.0491,0.1472,-0.2331,0.1457,IDLE,1,0,step_done_latches_cleared,0,0,0.000,0,nan,nan,nan,0.0000,0,5,0.6050,0.5460,0.2287,0.5460,0.0590,本圈台阶完成,1,0.0000,0.150,0.330
3162.272,SEEK_CROSSWALK,42.245,0,2.812,tracking,0.2067,0.1685,1,line_center_tracking,-0.1792,-0.1556,-0.2399,-0.3069,0.8936,7,0.0844,0.0670,0.1513,-0.2341,0.1685,IDLE,1,0,step_done_latches_cleared,0,0,0.000,0,nan,nan,nan,0.0000,0,5,0.6050,0.5460,0.2287,0.5460,0.0590,本圈台阶完成,1,0.0000,0.150,0.330
3162.480,SEEK_CROSSWALK,42.454,0,2.812,tracking,0.2068,0.1679,1,line_center_tracking,-0.1567,-0.1364,-0.2087,-0.2710,0.9845,8,0.0723,0.0622,0.1345,-0.2054,0.1679,IDLE,1,0,step_done_latches_cleared,0,0,0.000,0,nan,nan,nan,0.0000,0,5,0.6050,0.5460,0.2287,0.5460,0.0590,本圈台阶完成,1,0.0000,0.150,0.330
3162.641,CROSSWALK_APPROACH,0.000,0,2.812,tracking,0.2127,0.1450,1,line_center_tracking,-0.1343,-0.1169,-0.1789,-0.2335,0.9866,8,0.0619,0.0546,0.1165,-0.1764,0.1450,IDLE,1,0,step_done_latches_cleared,0,0,0.000,0,nan,nan,nan,0.0000,0,5,0.6050,0.5460,0.2287,0.5460,0.0590,本圈台阶完成,1,0.0000,0.150,0.330
3162.824,CROSSWALK_APPROACH,0.184,0,2.812,tracking,0.2170,0.1283,1,line_center_tracking,-0.1047,-0.0914,-0.1391,-0.1841,0.9879,8,0.0477,0.0451,0.0927,-0.1382,0.1283,IDLE,1,0,step_done_latches_cleared,0,0,0.000,0,nan,nan,nan,0.0000,0,5,0.6050,0.5460,0.2287,0.5460,0.0590,本圈台阶完成,1,0.0000,0.150,0.330
3163.024,CROSSWALK_APPROACH,0.384,0,2.812,tracking,0.2222,0.1080,1,line_center_tracking,-0.0814,-0.0696,-0.1119,-0.1497,0.9906,8,0.0424,0.0378,0.0801,-0.1104,0.1080,IDLE,1,0,step_done_latches_cleared,0,0,0.000,0,nan,nan,nan,0.0000,0,5,0.6050,0.5460,0.2287,0.5460,0.0590,本圈台阶完成,1,0.0000,0.150,0.330
3163.180,CROSSWALK_APPROACH,0.539,0,2.812,tracking,0.2289,0.0821,1,line_center_tracking,-0.0536,-0.0435,-0.0795,-0.1120,0.9920,8,0.0360,0.0324,0.0685,-0.0783,0.0821,IDLE,1,0,step_done_latches_cleared,0,0,0.000,0,nan,nan,nan,0.0000,0,5,0.6050,0.5460,0.2287,0.5460,0.0590,本圈台阶完成,1,0.0000,0.150,0.330
3163.370,CROSSWALK_APPROACH,0.729,0,2.812,tracking,0.2354,0.0569,1,line_center_tracking,-0.0290,-0.0202,-0.0517,-0.0790,0.9932,8,0.0314,0.0273,0.0587,-0.0503,0.0569,IDLE,1,0,step_done_latches_cleared,0,0,0.000,0,nan,nan,nan,0.0000,0,5,0.6050,0.5460,0.2287,0.5460,0.0590,本圈台阶完成,1,0.0000,0.150,0.330
3163.528,CROSSWALK_APPROACH,0.888,0,2.812,tracking,0.2404,0.0375,1,line_center_tracking,-0.0170,-0.0089,-0.0377,-0.0603,0.9939,8,0.0288,0.0226,0.0514,-0.0356,0.0375,IDLE,1,0,step_done_latches_cleared,0,0,0.000,0,nan,nan,nan,0.0000,0,5,0.6050,0.5460,0.2287,0.5460,0.0590,本圈台阶完成,1,0.0000,0.150,0.330
3163.675,CROSSWALK_STOP,0.000,0,2.812,crosswalk_stop,0.0000,0.0000,1,line_center_tracking,-0.0100,-0.0027,-0.0290,-0.0508,0.9943,8,0.0263,0.0218,0.0481,-0.0275,0.0000,IDLE,1,0,step_done_latches_cleared,0,0,0.000,0,nan,nan,nan,0.0000,0,5,0.6050,0.5460,0.2287,0.5460,0.0590,本圈台阶完成,1,0.0000,0.150,0.330
3163.913,CROSSWALK_STOP,0.238,0,2.812,crosswalk_stop,0.0000,0.0000,1,line_center_tracking,-0.0110,-0.0045,-0.0276,-0.0467,0.9953,8,0.0231,0.0192,0.0422,-0.0263,0.0000,IDLE,1,0,step_done_latches_cleared,0,0,0.000,0,nan,nan,nan,0.0000,0,5,0.6050,0.5460,0.2287,0.5460,0.0590,本圈台阶完成,1,0.0000,0.150,0.330
3164.133,CROSSWALK_STOP,0.458,0,2.812,crosswalk_stop,0.0000,0.0000,1,line_center_tracking,-0.0213,-0.0150,-0.0375,-0.0565,0.9953,8,0.0225,0.0190,0.0415,-0.0364,0.0000,IDLE,1,0,step_done_latches_cleared,0,0,0.000,0,nan,nan,nan,0.0000,0,5,0.6050,0.5460,0.2287,0.5460,0.0590,本圈台阶完成,1,0.0000,0.150,0.330
3164.328,CROSSWALK_STOP,0.653,0,2.812,crosswalk_stop,0.0000,0.0000,1,line_center_tracking,-0.0319,-0.0257,-0.0481,-0.0651,0.9955,8,0.0224,0.0170,0.0394,-0.0463,0.0000,IDLE,1,0,step_done_latches_cleared,0,0,0.000,0,nan,nan,nan,0.0000,0,5,0.6050,0.5460,0.2287,0.5460,0.0590,本圈台阶完成,1,0.0000,0.150,0.330
3164.478,CROSSWALK_STOP,0.803,0,2.812,crosswalk_stop,0.0000,0.0000,1,line_curve_center_riding,0.0800,0.0891,-0.0624,-0.0788,0.9803,8,0.1515,0.0165,0.1679,-0.0174,0.0000,IDLE,1,0,step_done_latches_cleared,0,0,0.000,0,nan,nan,nan,0.0000,0,5,0.6050,0.5460,0.2287,0.5460,0.0590,本圈台阶完成,1,0.0000,0.150,0.330
3164.666,CROSSWALK_STOP,0.991,0,2.812,crosswalk_stop,0.0000,0.0000,1,line_curve_center_riding,0.1036,0.1144,-0.0655,-0.0819,0.9769,8,0.1799,0.0163,0.1962,-0.0110,0.0000,IDLE,1,0,step_done_latches_cleared,0,0,0.000,0,nan,nan,nan,0.0000,0,5,0.6050,0.5460,0.2287,0.5460,0.0590,本圈台阶完成,1,0.0000,0.150,0.330
3164.825,CROSSWALK_STOP,1.150,0,2.812,crosswalk_stop,0.0000,0.0000,1,line_curve_center_riding,0.1087,0.1199,-0.0662,-0.0825,0.9762,8,0.1861,0.0163,0.2024,-0.0096,0.0000,IDLE,1,0,step_done_latches_cleared,0,0,0.000,0,nan,nan,nan,0.0000,0,5,0.6050,0.5460,0.2287,0.5460,0.0590,本圈台阶完成,1,0.0000,0.150,0.330
3165.028,CROSSWALK_STOP,1.352,0,2.812,crosswalk_stop,0.0000,0.0000,1,line_curve_center_riding,0.1359,0.1466,-0.0308,-0.0867,0.9756,8,0.1773,0.0559,0.2332,0.0097,0.0000,IDLE,1,0,step_done_latches_cleared,0,0,0.000,0,nan,nan,nan,0.0000,0,5,0.6050,0.5460,0.2287,0.5460,0.0590,本圈台阶完成,1,0.0000,0.150,0.330
3165.214,CROSSWALK_STOP,1.539,0,2.812,crosswalk_stop,0.0000,0.0000,1,line_curve_center_riding,0.1434,0.1539,-0.0208,-0.0840,0.9759,8,0.1747,0.0632,0.2379,0.0164,0.0000,IDLE,1,0,step_done_latches_cleared,0,0,0.000,0,nan,nan,nan,0.0000,0,5,0.6050,0.5460,0.2287,0.5460,0.0590,本圈台阶完成,1,0.0000,0.150,0.330
3165.411,CROSSWALK_STOP,1.736,0,2.812,crosswalk_stop,0.0000,0.0000,1,line_center_tracking,-0.0089,0.0039,-0.0419,-0.0744,0.9909,8,0.0459,0.0325,0.0783,-0.0375,0.0000,IDLE,1,0,step_done_latches_cleared,0,0,0.000,0,nan,nan,nan,0.0000,0,5,0.6050,0.5460,0.2287,0.5460,0.0590,本圈台阶完成,1,0.0000,0.150,0.330
3165.582,CROSSWALK_STOP,1.907,0,2.812,crosswalk_stop,0.0000,0.0000,1,line_center_tracking,-0.0265,-0.0179,-0.0487,-0.0720,0.9940,8,0.0307,0.0234,0.0541,-0.0462,0.0000,IDLE,1,0,step_done_latches_cleared,0,0,0.000,0,nan,nan,nan,0.0000,0,5,0.6050,0.5460,0.2287,0.5460,0.0590,本圈台阶完成,1,0.0000,0.150,0.330
3165.720,CROSSWALK_STOP,2.044,0,2.812,crosswalk_stop,0.0000,0.0000,1,line_center_tracking,-0.0165,-0.0031,-0.0512,-0.0689,0.9911,8,0.0482,0.0176,0.0658,-0.0410,0.0000,IDLE,1,0,step_done_latches_cleared,0,0,0.000,0,nan,nan,nan,0.0000,0,5,0.6050,0.5460,0.2287,0.5460,0.0590,本圈台阶完成,1,0.0000,0.150,0.330
3165.873,CROSSWALK_STOP,2.197,0,2.812,crosswalk_stop,0.0000,0.0000,1,line_center_tracking,-0.0223,-0.0130,-0.0463,-0.0680,0.9935,8,0.0332,0.0218,0.0550,-0.0424,0.0000,IDLE,1,0,step_done_latches_cleared,0,0,0.000,0,nan,nan,nan,0.0000,0,5,0.6050,0.5460,0.2287,0.5460,0.0590,本圈台阶完成,1,0.0000,0.150,0.330
3166.018,CROSSWALK_STOP,2.343,0,2.812,crosswalk_stop,0.0000,0.0000,1,line_center_tracking,-0.0210,-0.0137,-0.0400,-0.0631,0.9920,8,0.0264,0.0231,0.0494,-0.0389,0.0000,IDLE,1,0,step_done_latches_cleared,0,0,0.000,0,nan,nan,nan,0.0000,0,5,0.6050,0.5460,0.2287,0.5460,0.0590,本圈台阶完成,1,0.0000,0.150,0.330
3166.157,CROSSWALK_STOP,2.481,0,2.812,crosswalk_stop,0.0000,0.0000,1,line_center_tracking,-0.0223,-0.0157,-0.0394,-0.0654,0.9945,8,0.0236,0.0261,0.0497,-0.0402,0.0000,IDLE,1,0,step_done_latches_cleared,0,0,0.000,0,nan,nan,nan,0.0000,0,5,0.6050,0.5460,0.2287,0.5460,0.0590,本圈台阶完成,1,0.0000,0.150,0.330
3166.304,CROSSWALK_STOP,2.629,0,2.812,crosswalk_stop,0.0000,0.0000,1,line_center_tracking,-0.0166,-0.0081,-0.0383,-0.0639,0.9936,8,0.0301,0.0256,0.0557,-0.0368,0.0000,IDLE,1,0,step_done_latches_cleared,0,0,0.000,0,nan,nan,nan,0.0000,0,5,0.6050,0.5460,0.2287,0.5460,0.0590,本圈台阶完成,1,0.0000,0.150,0.330
3166.448,CROSSWALK_STOP,2.772,0,2.812,crosswalk_stop,0.0000,0.0000,1,line_center_tracking,-0.0111,-0.0027,-0.0327,-0.0596,0.9934,8,0.0301,0.0269,0.0569,-0.0317,0.0000,IDLE,1,0,step_done_latches_cleared,0,0,0.000,0,nan,nan,nan,0.0000,0,5,0.6050,0.5460,0.2287,0.5460,0.0590,本圈台阶完成,1,0.0000,0.150,0.330
3166.606,CROSSWALK_STOP,2.931,0,2.812,crosswalk_stop,0.0000,0.0000,1,line_center_tracking,-0.0118,-0.0048,-0.0298,-0.0540,0.9909,8,0.0249,0.0242,0.0491,-0.0295,0.0000,IDLE,1,0,step_done_latches_cleared,0,0,0.000,0,nan,nan,nan,0.0000,0,5,0.6050,0.5460,0.2287,0.5460,0.0590,本圈台阶完成,1,0.0000,0.150,0.330
3166.786,CROSSWALK_STOP,3.111,0,2.812,crosswalk_stop,0.0000,0.0000,1,line_center_tracking,-0.0121,-0.0080,-0.0226,-0.0522,0.9937,8,0.0145,0.0297,0.0442,-0.0276,0.0000,IDLE,1,0,step_done_latches_cleared,0,0,0.000,0,nan,nan,nan,0.0000,0,5,0.6050,0.5460,0.2287,0.5460,0.0590,本圈台阶完成,1,0.0000,0.150,0.330
3166.947,CROSSWALK_STOP,3.272,0,2.812,crosswalk_stop,0.0000,0.0000,1,line_center_tracking,-0.0073,-0.0011,-0.0234,-0.0521,0.9940,8,0.0223,0.0287,0.0510,-0.0255,0.0000,IDLE,1,0,step_done_latches_cleared,0,0,0.000,0,nan,nan,nan,0.0000,0,5,0.6050,0.5460,0.2287,0.5460,0.0590,本圈台阶完成,1,0.0000,0.150,0.330
3167.096,CROSSWALK_STOP,3.421,0,2.812,crosswalk_stop,0.0000,0.0000,1,line_center_tracking,-0.0025,0.0058,-0.0239,-0.0521,0.9933,8,0.0297,0.0282,0.0579,-0.0234,0.0000,IDLE,1,0,step_done_latches_cleared,0,0,0.000,0,nan,nan,nan,0.0000,0,5,0.6050,0.5460,0.2287,0.5460,0.0590,本圈台阶完成,1,0.0000,0.150,0.330
3167.239,CROSSWALK_STOP,3.564,0,2.812,crosswalk_stop,0.0000,0.0000,1,line_center_tracking,-0.0040,0.0064,-0.0308,-0.0531,0.9914,8,0.0372,0.0223,0.0595,-0.0258,0.0000,IDLE,1,0,step_done_latches_cleared,0,0,0.000,0,nan,nan,nan,0.0000,0,5,0.6050,0.5460,0.2287,0.5460,0.0590,本圈台阶完成,1,0.0000,0.150,0.330
3167.398,CROSSWALK_STOP,3.723,0,2.812,crosswalk_stop,0.0000,0.0000,1,line_center_tracking,0.0008,0.0102,-0.0233,-0.0493,0.9934,8,0.0335,0.0260,0.0595,-0.0208,0.0000,IDLE,1,0,step_done_latches_cleared,0,0,0.000,0,nan,nan,nan,0.0000,0,5,0.6050,0.5460,0.2287,0.5460,0.0590,本圈台阶完成,1,0.0000,0.150,0.330
3167.546,CROSSWALK_STOP,3.871,0,2.812,crosswalk_stop,0.0000,0.0000,1,line_center_tracking,0.0017,0.0091,-0.0174,-0.0487,0.9913,8,0.0265,0.0313,0.0577,-0.0190,0.0000,IDLE,1,0,step_done_latches_cleared,0,0,0.000,0,nan,nan,nan,0.0000,0,5,0.6050,0.5460,0.2287,0.5460,0.0590,本圈台阶完成,1,0.0000,0.150,0.330
3168.010,CROSSWALK_STOP,4.335,0,2.812,crosswalk_stop,0.0000,0.0000,1,line_center_tracking,-0.0031,0.0048,-0.0236,-0.0516,0.9935,8,0.0284,0.0281,0.0565,-0.0234,0.0000,IDLE,1,0,step_done_latches_cleared,0,0,0.000,0,nan,nan,nan,0.0000,0,5,0.6050,0.5460,0.2287,0.5460,0.0590,本圈台阶完成,1,0.0000,0.150,0.330
3168.159,CROSSWALK_STOP,4.484,0,2.812,crosswalk_stop,0.0000,0.0000,1,line_center_tracking,-0.0017,0.0010,-0.0088,-0.0334,0.9761,8,0.0098,0.0247,0.0345,-0.0137,0.0000,IDLE,1,0,step_done_latches_cleared,0,0,0.000,0,nan,nan,nan,0.0000,0,5,0.6050,0.5460,0.2287,0.5460,0.0590,本圈台阶完成,1,0.0000,0.150,0.330
3168.304,CROSSWALK_STOP,4.629,0,2.812,crosswalk_stop,0.0000,0.0000,1,line_center_tracking,-0.0072,0.0004,-0.0267,-0.0520,0.9913,8,0.0271,0.0253,0.0524,-0.0261,0.0000,IDLE,1,0,step_done_latches_cleared,0,0,0.000,0,nan,nan,nan,0.0000,0,5,0.6050,0.5460,0.2287,0.5460,0.0590,本圈台阶完成,1,0.0000,0.150,0.330
3168.463,CROSSWALK_STOP,4.788,0,2.812,crosswalk_stop,0.0000,0.0000,1,line_center_tracking,-0.0116,-0.0033,-0.0329,-0.0582,0.9935,8,0.0296,0.0253,0.0549,-0.0315,0.0000,IDLE,1,0,step_done_latches_cleared,0,0,0.000,0,nan,nan,nan,0.0000,0,5,0.6050,0.5460,0.2287,0.5460,0.0590,本圈台阶完成,1,0.0000,0.150,0.330
3168.609,CROSSWALK_STOP,4.934,0,2.812,crosswalk_stop,0.0000,0.0000,1,line_center_tracking,-0.0120,-0.0039,-0.0329,-0.0592,0.9936,8,0.0290,0.0263,0.0554,-0.0320,0.0000,IDLE,1,0,step_done_latches_cleared,0,0,0.000,0,nan,nan,nan,0.0000,0,5,0.6050,0.5460,0.2287,0.5460,0.0590,本圈台阶完成,1,0.0000,0.150,0.330
3168.758,SEEK_FINISH,0.000,0,2.812,tracking,0.0507,0.0161,1,line_center_tracking,-0.0149,-0.0067,-0.0360,-0.0603,0.9938,8,0.0292,0.0243,0.0536,-0.0343,0.0161,IDLE,1,0,step_done_latches_cleared,0,0,0.000,0,nan,nan,nan,0.0000,0,5,0.6050,0.5460,0.2287,0.5460,0.0590,本圈台阶完成,1,0.0000,0.150,0.330
3168.915,SEEK_FINISH,0.157,0,2.812,tracking,0.1013,0.0173,1,line_center_tracking,-0.0170,-0.0089,-0.0379,-0.0622,0.9938,8,0.0290,0.0243,0.0533,-0.0363,0.0173,IDLE,1,0,step_done_latches_cleared,0,0,0.000,0,nan,nan,nan,0.0000,0,5,0.6050,0.5460,0.2287,0.5460,0.0590,本圈台阶完成,1,0.0000,0.150,0.330
3169.065,SEEK_FINISH,0.307,0,2.812,tracking,0.1520,0.0193,1,line_center_tracking,-0.0195,-0.0113,-0.0405,-0.0650,0.9936,8,0.0291,0.0245,0.0536,-0.0389,0.0193,IDLE,1,0,step_done_latches_cleared,0,0,0.000,0,nan,nan,nan,0.0000,0,5,0.6050,0.5460,0.2287,0.5460,0.0590,本圈台阶完成,1,0.0000,0.150,0.330
3169.217,SEEK_FINISH,0.459,0,2.812,tracking,0.2027,0.0212,1,line_center_tracking,-0.0213,-0.0137,-0.0409,-0.0655,0.9938,8,0.0273,0.0245,0.0518,-0.0400,0.0212,IDLE,1,0,step_done_latches_cleared,0,0,0.000,0,nan,nan,nan,0.0000,0,5,0.6050,0.5460,0.2287,0.5460,0.0590,本圈台阶完成,1,0.0000,0.150,0.330
3169.360,SEEK_FINISH,0.602,0,2.812,tracking,0.2430,0.0155,1,line_center_tracking,-0.0100,-0.0004,-0.0348,-0.0632,0.9893,8,0.0344,0.0285,0.0628,-0.0328,0.0155,IDLE,1,0,step_done_latches_cleared,0,0,0.000,0,nan,nan,nan,0.0000,0,5,0.6050,0.5460,0.2287,0.5460,0.0590,本圈台阶完成,1,0.0000,0.150,0.330
3169.503,SEEK_FINISH,0.745,0,2.812,tracking,0.2432,0.0117,1,line_center_tracking,-0.0073,0.0024,-0.0323,-0.0585,0.9905,8,0.0347,0.0262,0.0609,-0.0294,0.0117,IDLE,1,0,step_done_latches_cleared,0,0,0.000,0,nan,nan,nan,0.0000,0,5,0.6050,0.5460,0.2287,0.5460,0.0590,本圈台阶完成,1,0.0000,0.150,0.330
3169.645,SEEK_FINISH,0.887,0,2.812,tracking,0.2445,0.0119,1,line_center_tracking,-0.0108,-0.0031,-0.0306,-0.0529,0.9944,8,0.0275,0.0223,0.0498,-0.0289,0.0119,IDLE,1,0,step_done_latches_cleared,0,0,0.000,0,nan,nan,nan,0.0000,0,5,0.6050,0.5460,0.2287,0.5460,0.0590,本圈台阶完成,1,0.0000,0.150,0.330
3169.787,SEEK_FINISH,1.029,0,2.812,tracking,0.2451,0.0093,1,line_center_tracking,-0.0064,-0.0002,-0.0224,-0.0439,0.9914,8,0.0221,0.0215,0.0436,-0.0222,0.0093,IDLE,1,0,step_done_latches_cleared,0,0,0.000,0,nan,nan,nan,0.0000,0,5,0.6050,0.5460,0.2287,0.5460,0.0590,本圈台阶完成,1,0.0000,0.150,0.330
3169.929,SEEK_FINISH,1.171,0,2.812,tracking,0.2461,0.0109,1,line_center_tracking,-0.0111,-0.0079,-0.0194,-0.0428,0.9944,8,0.0116,0.0234,0.0350,-0.0234,0.0109,IDLE,1,0,step_done_latches_cleared,0,0,0.000,0,nan,nan,nan,0.0000,0,5,0.6050,0.5460,0.2287,0.5460,0.0590,本圈台阶完成,1,0.0000,0.150,0.330
3170.084,SEEK_FINISH,1.326,0,2.812,tracking,0.2464,0.0141,1,line_center_tracking,-0.0158,-0.0133,-0.0221,-0.0447,0.9944,8,0.0089,0.0226,0.0315,-0.0267,0.0141,IDLE,1,0,step_done_latches_cleared,0,0,0.000,0,nan,nan,nan,0.0000,0,5,0.6050,0.5460,0.2287,0.5460,0.0590,本圈台阶完成,1,0.0000,0.150,0.330
3170.228,SEEK_FINISH,1.470,0,2.812,tracking,0.2430,0.0074,1,line_center_tracking,-0.0018,0.0098,-0.0314,-0.0483,0.9922,8,0.0411,0.0169,0.0580,-0.0233,0.0074,IDLE,1,0,step_done_latches_cleared,0,0,0.000,0,nan,nan,nan,0.0000,0,5,0.6050,0.5460,0.2287,0.5460,0.0590,本圈台阶完成,1,0.0000,0.150,0.330
3170.372,SEEK_FINISH,1.614,0,2.812,tracking,0.2450,0.0085,1,line_center_tracking,-0.0082,-0.0006,-0.0276,-0.0452,0.9946,8,0.0269,0.0176,0.0446,-0.0245,0.0085,IDLE,1,0,step_done_latches_cleared,0,0,0.000,0,nan,nan,nan,0.0000,0,5,0.6050,0.5460,0.2287,0.5460,0.0590,本圈台阶完成,1,0.0000,0.150,0.330
3170.519,SEEK_FINISH,1.761,0,2.812,tracking,0.2453,0.0099,1,line_center_tracking,-0.0104,-0.0040,-0.0268,-0.0460,0.9951,8,0.0228,0.0192,0.0420,-0.0256,0.0099,IDLE,1,0,step_done_latches_cleared,0,0,0.000,0,nan,nan,nan,0.0000,0,5,0.6050,0.5460,0.2287,0.5460,0.0590,本圈台阶完成,1,0.0000,0.150,0.330
3170.664,SEEK_FINISH,1.906,0,2.812,tracking,0.2428,0.0073,1,line_center_tracking,-0.0048,0.0070,-0.0349,-0.0477,0.9924,8,0.0419,0.0127,0.0546,-0.0252,0.0073,IDLE,1,0,step_done_latches_cleared,0,0,0.000,0,nan,nan,nan,0.0000,0,5,0.6050,0.5460,0.2287,0.5460,0.0590,本圈台阶完成,1,0.0000,0.150,0.330
3170.804,SEEK_FINISH,2.046,0,2.812,tracking,0.2456,0.0134,1,line_center_tracking,-0.0170,-0.0101,-0.0347,-0.0499,0.9951,8,0.0246,0.0151,0.0397,-0.0316,0.0134,IDLE,1,0,step_done_latches_cleared,0,0,0.000,0,nan,nan,nan,0.0000,0,5,0.6050,0.5460,0.2287,0.5460,0.0590,本圈台阶完成,1,0.0000,0.150,0.330
3170.941,SEEK_FINISH,2.183,0,2.812,tracking,0.2452,0.0188,1,line_center_tracking,-0.0222,-0.0168,-0.0361,-0.0530,0.9959,8,0.0193,0.0168,0.0361,-0.0353,0.0188,IDLE,1,0,step_done_latches_cleared,0,0,0.000,0,nan,nan,nan,0.0000,0,5,0.6050,0.5460,0.2287,0.5460,0.0590,本圈台阶完成,1,0.0000,0.150,0.330
3171.073,SEEK_FINISH,2.316,0,2.812,tracking,0.2441,0.0230,1,line_center_tracking,-0.0252,-0.0199,-0.0389,-0.0545,0.9960,8,0.0191,0.0155,0.0346,-0.0377,0.0230,IDLE,1,0,step_done_latches_cleared,0,0,0.000,0,nan,nan,nan,0.0000,0,5,0.6050,0.5460,0.2287,0.5460,0.0590,本圈台阶完成,1,0.0000,0.150,0.330
3171.208,SEEK_FINISH,2.450,0,2.812,tracking,0.2443,0.0221,1,line_center_tracking,-0.0202,-0.0168,-0.0288,-0.0505,0.9932,8,0.0119,0.0217,0.0337,-0.0320,0.0221,IDLE,1,0,step_done_latches_cleared,0,0,0.000,0,nan,nan,nan,0.0000,0,5,0.6050,0.5460,0.2287,0.5460,0.0590,本圈台阶完成,1,0.0000,0.150,0.330
3171.338,SEEK_FINISH,2.581,0,2.812,tracking,0.2447,0.0207,1,line_center_tracking,-0.0180,-0.0138,-0.0286,-0.0434,0.9088,7,0.0148,0.0148,0.0296,-0.0286,0.0207,IDLE,1,0,step_done_latches_cleared,0,0,0.000,0,nan,nan,nan,0.0000,0,5,0.6050,0.5460,0.2287,0.5460,0.0590,本圈台阶完成,1,0.0000,0.150,0.330
3171.474,SEEK_FINISH,2.716,0,2.812,tracking,0.2456,0.0172,1,line_center_tracking,-0.0130,-0.0095,-0.0220,-0.0378,0.9966,8,0.0125,0.0158,0.0284,-0.0231,0.0172,IDLE,1,0,step_done_latches_cleared,0,0,0.000,0,nan,nan,nan,0.0000,0,5,0.6050,0.5460,0.2287,0.5460,0.0590,本圈台阶完成,1,0.0000,0.150,0.330
3171.619,SEEK_ROUNDABOUT,0.000,1,0.000,tracking,0.2460,0.0049,1,line_center_tracking,-0.0045,0.0008,-0.0182,-0.0348,0.9926,8,0.0190,0.0166,0.0356,-0.0174,0.0049,IDLE,0,0,new_lap_step_reset,0,0,0.000,0,nan,nan,nan,0.0000,0,0,0.6050,0.5460,0.2287,0.5460,0.0590,本圈台阶完成,1,0.0000,0.150,0.330
3171.754,SEEK_ROUNDABOUT,0.135,1,0.031,tracking,0.2433,-0.0010,1,line_center_tracking,0.0055,0.0165,-0.0225,-0.0297,0.9934,8,0.0390,0.0072,0.0462,-0.0119,-0.0010,IDLE,0,0,step_zone_before_min seek=0.00<1.25,0,0,0.000,0,nan,nan,nan,0.0000,0,5,0.6050,0.5460,0.2287,0.5460,0.0590,本圈台阶完成,1,0.0000,0.150,0.330
3171.889,SEEK_ROUNDABOUT,0.270,1,0.091,tracking,0.2466,-0.0004,1,line_center_tracking,0.0005,0.0059,-0.0134,-0.0243,0.9962,8,0.0193,0.0109,0.0303,-0.0106,-0.0004,IDLE,0,0,step_zone_before_min seek=0.03<1.25,0,0,0.000,0,nan,nan,nan,0.0000,0,5,0.6050,0.5460,0.2287,0.5460,0.0590,本圈台阶完成,1,0.0000,0.150,0.330
3172.039,SEEK_ROUNDABOUT,0.420,1,0.152,tracking,0.2477,0.0079,1,line_center_tracking,-0.0140,-0.0118,-0.0196,-0.0258,0.9916,8,0.0078,0.0061,0.0139,-0.0191,0.0079,IDLE,0,0,step_zone_before_min seek=0.09<1.25,0,0,0.000,0,nan,nan,nan,0.0000,0,5,0.6050,0.5460,0.2287,0.5460,0.0590,本圈台阶完成,1,0.0000,0.150,0.330
3172.195,SEEK_ROUNDABOUT,0.576,1,0.227,tracking,0.2476,0.0087,1,line_center_tracking,-0.0095,-0.0059,-0.0185,-0.0278,0.9964,8,0.0126,0.0093,0.0219,-0.0174,0.0087,IDLE,0,0,step_zone_before_min seek=0.15<1.25,0,0,0.000,0,nan,nan,nan,0.0000,0,5,0.6050,0.5460,0.2287,0.5460,0.0590,本圈台阶完成,1,0.0000,0.150,0.330
3172.351,SEEK_ROUNDABOUT,0.732,1,0.294,tracking,0.2460,0.0013,1,line_center_tracking,0.0048,0.0080,-0.0036,-0.0283,0.9945,8,0.0116,0.0248,0.0363,-0.0080,0.0013,IDLE,0,0,step_zone_before_min seek=0.23<1.25,0,0,0.000,0,nan,nan,nan,0.0000,0,5,0.6050,0.5460,0.2287,0.5460,0.0590,本圈台阶完成,1,0.0000,0.150,0.330
3172.483,SEEK_ROUNDABOUT,0.864,1,0.338,tracking,0.2470,0.0040,1,line_center_tracking,-0.0053,-0.0016,-0.0150,-0.0284,0.9972,8,0.0134,0.0134,0.0268,-0.0150,0.0040,IDLE,0,0,step_zone_before_min seek=0.29<1.25,0,0,0.000,0,nan,nan,nan,0.0000,0,5,0.6050,0.5460,0.2287,0.5460,0.0590,本圈台阶完成,1,0.0000,0.150,0.330
3172.617,SEEK_ROUNDABOUT,0.998,1,0.384,tracking,0.2474,0.0082,1,line_center_tracking,-0.0110,-0.0075,-0.0201,-0.0309,0.9974,8,0.0126,0.0108,0.0234,-0.0195,0.0082,IDLE,0,0,step_zone_before_min seek=0.34<1.25,0,0,0.000,0,nan,nan,nan,0.0000,0,5,0.6050,0.5460,0.2287,0.5460,0.0590,本圈台阶完成,1,0.0000,0.150,0.330
3172.760,SEEK_ROUNDABOUT,1.140,1,0.430,tracking,0.2457,0.0157,1,line_center_tracking,-0.0210,-0.0222,-0.0179,-0.0313,0.9954,8,0.0043,0.0134,0.0090,-0.0238,0.0157,IDLE,0,0,step_zone_before_min seek=0.38<1.25,0,0,0.000,0,nan,nan,nan,0.0000,0,5,0.6050,0.5460,0.2287,0.5460,0.0590,本圈台阶完成,1,0.0000,0.150,0.330
3172.891,SEEK_ROUNDABOUT,1.272,1,0.464,tracking,0.2470,0.0106,1,line_center_tracking,-0.0065,-0.0027,-0.0164,-0.0300,0.9931,8,0.0137,0.0136,0.0273,-0.0164,0.0106,IDLE,0,0,step_zone_before_min seek=0.43<1.25,0,0,0.000,0,nan,nan,nan,0.0000,0,5,0.6050,0.5460,0.2287,0.5460,0.0590,本圈台阶完成,1,0.0000,0.150,0.330
3173.027,SEEK_ROUNDABOUT,1.407,1,0.494,tracking,0.2473,0.0099,1,line_center_tracking,-0.0083,-0.0050,-0.0168,-0.0295,0.9093,7,0.0119,0.0127,0.0246,-0.0171,0.0099,IDLE,0,0,step_zone_before_min seek=0.46<1.25,0,0,0.000,0,nan,nan,nan,0.0000,0,5,0.6050,0.5460,0.2287,0.5460,0.0590,本圈台阶完成,1,0.0000,0.150,0.330
3173.169,SEEK_ROUNDABOUT,1.550,1,0.536,tracking,0.2477,0.0081,1,line_center_tracking,-0.0059,-0.0027,-0.0142,-0.0237,0.9976,8,0.0115,0.0095,0.0210,-0.0135,0.0081,IDLE,0,0,step_zone_before_min seek=0.49<1.25,0,0,0.000,0,nan,nan,nan,0.0000,0,5,0.6050,0.5460,0.2287,0.5460,0.0590,本圈台阶完成,1,0.0000,0.150,0.330
3173.297,SEEK_ROUNDABOUT,1.678,1,0.572,tracking,0.2446,0.0015,1,line_center_tracking,0.0039,0.0127,-0.0187,-0.0231,0.9947,8,0.0314,0.0044,0.0358,-0.0097,0.0015,IDLE,0,0,step_zone_before_min seek=0.54<1.25,0,0,0.000,0,nan,nan,nan,0.0000,0,5,0.6050,0.5460,0.2287,0.5460,0.0590,本圈台阶完成,1,0.0000,0.150,0.330
3173.431,SEEK_ROUNDABOUT,1.812,1,0.608,tracking,0.2473,0.0042,1,line_center_tracking,-0.0054,-0.0009,-0.0169,-0.0244,0.9095,7,0.0160,0.0075,0.0235,-0.0140,0.0042,IDLE,0,0,step_zone_before_min seek=0.57<1.25,0,0,0.000,0,nan,nan,nan,0.0000,0,5,0.6050,0.5460,0.2287,0.5460,0.0590,本圈台阶完成,1,0.0000,0.150,0.330
3173.567,SEEK_ROUNDABOUT,1.948,1,0.626,tracking,0.2453,0.0029,1,line_center_tracking,-0.0018,0.0059,-0.0217,-0.0267,0.9954,8,0.0275,0.0051,0.0326,-0.0142,0.0029,IDLE,0,0,step_zone_before_min seek=0.61<1.25,0,0,0.000,0,nan,nan,nan,0.0000,0,5,0.6050,0.5460,0.2287,0.5460,0.0590,本圈台阶完成,1,0.0000,0.150,0.330
3173.703,SEEK_ROUNDABOUT,2.084,1,0.660,tracking,0.2474,0.0074,1,line_center_tracking,-0.0103,-0.0061,-0.0211,-0.0282,0.9973,8,0.0150,0.0071,0.0221,-0.0185,0.0074,IDLE,0,0,step_zone_before_min seek=0.63<1.25,0,0,0.000,0,nan,nan,nan,0.0000,0,5,0.6050,0.5460,0.2287,0.5460,0.0590,本圈台阶完成,1,0.0000,0.150,0.330
3173.835,SEEK_ROUNDABOUT,2.216,1,0.684,tracking,0.2474,0.0101,1,line_center_tracking,-0.0119,-0.0087,-0.0203,-0.0282,0.9977,8,0.0117,0.0079,0.0196,-0.0191,0.0101,IDLE,0,0,step_zone_before_min seek=0.66<1.25,0,0,0.000,0,nan,nan,nan,0.0000,0,5,0.6050,0.5460,0.2287,0.5460,0.0590,本圈台阶完成,1,0.0000,0.150,0.330
3173.969,SEEK_ROUNDABOUT,2.350,1,0.702,tracking,0.2466,0.0091,1,line_center_tracking,-0.0080,-0.0034,-0.0198,-0.0336,0.9933,8,0.0165,0.0137,0.0302,-0.0189,0.0091,IDLE,0,0,step_zone_before_min seek=0.68<1.25,0,0,0.000,0,nan,nan,nan,0.0000,0,5,0.6050,0.5460,0.2287,0.5460,0.0590,本圈台阶完成,1,0.0000,0.150,0.330
3174.102,SEEK_ROUNDABOUT,2.483,1,0.721,tracking,0.2454,0.0103,1,line_center_tracking,-0.0103,-0.0028,-0.0297,-0.0360,0.9953,8,0.0270,0.0063,0.0333,-0.0228,0.0103,IDLE,0,0,step_zone_before_min seek=0.70<1.25,0,0,0.000,0,nan,nan,nan,0.0000,0,5,0.6050,0.5460,0.2287,0.5460,0.0590,本圈台阶完成,1,0.0000,0.150,0.330
3174.246,SEEK_ROUNDABOUT,2.627,1,0.738,tracking,0.2459,0.0160,1,line_center_tracking,-0.0195,-0.0155,-0.0299,-0.0392,0.9970,8,0.0144,0.0093,0.0237,-0.0282,0.0160,IDLE,0,0,step_zone_before_min seek=0.72<1.25,0,0,0.000,0,nan,nan,nan,0.0000,0,5,0.6050,0.5460,0.2287,0.5460,0.0590,本圈台阶完成,1,0.0000,0.150,0.330
3174.381,SEEK_ROUNDABOUT,2.762,1,0.751,tracking,0.2437,0.0247,1,line_center_tracking,-0.0302,-0.0282,-0.0352,-0.0394,0.9922,8,0.0069,0.0042,0.0112,-0.0343,0.0247,IDLE,0,0,step_zone_before_min seek=0.74<1.25,0,0,0.000,0,nan,nan,nan,0.0000,0,5,0.6050,0.5460,0.2287,0.5460,0.0590,本圈台阶完成,1,0.0000,0.150,0.330
3174.511,SEEK_ROUNDABOUT,2.892,1,0.765,tracking,0.2442,0.0226,1,line_center_tracking,-0.0201,-0.0164,-0.0296,-0.0417,0.9955,8,0.0132,0.0121,0.0253,-0.0292,0.0226,IDLE,0,0,step_zone_before_min seek=0.75<1.25,0,0,0.000,0,nan,nan,nan,0.0000,0,5,0.6050,0.5460,0.2287,0.5460,0.0590,本圈台阶完成,1,0.0000,0.150,0.330
3174.643,SEEK_ROUNDABOUT,3.023,1,0.780,tracking,0.2452,0.0188,1,line_center_tracking,-0.0143,-0.0098,-0.0258,-0.0406,0.9927,8,0.0161,0.0147,0.0308,-0.0254,0.0188,IDLE,0,0,step_zone_before_min seek=0.76<1.25,0,0,0.000,0,nan,nan,nan,0.0000,0,5,0.6050,0.5460,0.2287,0.5460,0.0590,本圈台阶完成,1,0.0000,0.150,0.330
3174.780,SEEK_ROUNDABOUT,3.161,1,0.805,tracking,0.2454,0.0177,1,line_center_tracking,-0.0152,-0.0090,-0.0312,-0.0358,0.9912,8,0.0222,0.0046,0.0268,-0.0254,0.0177,IDLE,0,0,step_zone_before_min seek=0.78<1.25,0,0,0.000,0,nan,nan,nan,0.0000,0,5,0.6050,0.5460,0.2287,0.5460,0.0590,本圈台阶完成,1,0.0000,0.150,0.330
3174.915,SEEK_ROUNDABOUT,3.296,1,0.831,tracking,0.2461,0.0153,1,line_center_tracking,-0.0122,-0.0088,-0.0209,-0.0316,0.9961,8,0.0122,0.0107,0.0228,-0.0204,0.0153,IDLE,0,0,step_zone_before_min seek=0.81<1.25,0,0,0.000,0,nan,nan,nan,0.0000,0,5,0.6050,0.5460,0.2287,0.5460,0.0590,本圈台阶完成,1,0.0000,0.150,0.330
3175.047,SEEK_ROUNDABOUT,3.428,1,0.853,tracking,0.2465,0.0135,1,line_center_tracking,-0.0108,-0.0068,-0.0210,-0.0292,0.9925,8,0.0142,0.0082,0.0224,-0.0190,0.0135,IDLE,0,0,step_zone_before_min seek=0.83<1.25,0,0,0.000,0,nan,nan,nan,0.0000,0,5,0.6050,0.5460,0.2287,0.5460,0.0590,本圈台阶完成,1,0.0000,0.150,0.330
3175.188,SEEK_ROUNDABOUT,3.569,1,0.880,tracking,0.2471,0.0077,1,line_center_tracking,-0.0023,0.0002,-0.0088,-0.0258,0.9951,8,0.0090,0.0171,0.0261,-0.0115,0.0077,IDLE,0,0,step_zone_before_min seek=0.85<1.25,0,0,0.000,0,nan,nan,nan,0.0000,0,5,0.6050,0.5460,0.2287,0.5460,0.0590,本圈台阶完成,1,0.0000,0.150,0.330
3175.319,SEEK_ROUNDABOUT,3.700,1,0.910,tracking,0.2466,0.0015,1,line_center_tracking,0.0039,0.0061,-0.0017,-0.0243,0.9950,8,0.0078,0.0226,0.0303,-0.0066,0.0015,IDLE,0,0,step_zone_before_min seek=0.88<1.25,0,0,0.000,0,nan,nan,nan,0.0000,0,5,0.6050,0.5460,0.2287,0.5460,0.0590,本圈台阶完成,1,0.0000,0.150,0.330
3175.455,SEEK_ROUNDABOUT,3.836,1,0.940,tracking,0.2453,-0.0023,1,line_center_tracking,0.0057,0.0079,0.0003,-0.0338,0.9928,8,0.0076,0.0340,0.0416,-0.0086,-0.0023,IDLE,0,0,step_zone_before_min seek=0.91<1.25,0,0,0.000,0,nan,nan,nan,0.0000,0,5,0.6050,0.5460,0.2287,0.5460,0.0590,本圈台阶完成,1,0.0000,0.150,0.330
3175.588,SEEK_ROUNDABOUT,3.968,1,0.965,tracking,0.2441,-0.0034,1,line_center_tracking,0.0044,0.0063,-0.0007,-0.0437,0.9912,8,0.0070,0.0431,0.0500,-0.0127,-0.0034,IDLE,0,0,step_zone_before_min seek=0.94<1.25,0,0,0.000,0,nan,nan,nan,0.0000,0,5,0.6050,0.5460,0.2287,0.5460,0.0590,本圈台阶完成,1,0.0000,0.150,0.330
3175.729,SEEK_ROUNDABOUT,4.110,1,1.004,tracking,0.2416,-0.0011,1,line_center_tracking,-0.0007,0.0016,-0.0065,-0.0681,0.9878,8,0.0081,0.0615,0.0697,-0.0243,-0.0011,IDLE,0,0,step_zone_before_min seek=0.97<1.25,0,0,0.000,0,nan,nan,nan,0.0000,0,5,0.6050,0.5460,0.2287,0.5460,0.0590,本圈台阶完成,1,0.0000,0.150,0.330
3175.857,SEEK_ROUNDABOUT,4.238,1,1.037,tracking,0.2407,0.0016,1,line_center_tracking,-0.0037,-0.0009,-0.0110,-0.0788,0.9871,8,0.0101,0.0678,0.0779,-0.0302,0.0016,IDLE,0,0,step_zone_before_min seek=1.00<1.25,0,0,0.000,0,nan,nan,nan,0.0000,0,5,0.6050,0.5460,0.2287,0.5460,0.0590,本圈台阶完成,1,0.0000,0.150,0.330
3175.994,SEEK_ROUNDABOUT,4.375,1,1.072,tracking,0.2421,0.0006,1,line_center_tracking,-0.0001,0.0054,-0.0141,-0.0655,0.9010,7,0.0195,0.0514,0.0709,-0.0248,0.0006,IDLE,0,0,step_zone_before_min seek=1.04<1.25,0,0,0.000,0,nan,nan,nan,0.0000,0,5,0.6050,0.5460,0.2287,0.5460,0.0590,本圈台阶完成,1,0.0000,0.150,0.330
3176.135,SEEK_ROUNDABOUT,4.516,1,1.111,tracking,0.2337,-0.0006,1,line_center_tracking,0.0017,0.0068,-0.0115,-0.1310,0.8882,7,0.0183,0.1195,0.1377,-0.0452,-0.0006,IDLE,0,0,step_zone_before_min seek=1.07<1.25,0,0,0.000,0,nan,nan,nan,0.0000,0,5,0.6050,0.5460,0.2287,0.5460,0.0590,本圈台阶完成,1,0.0000,0.150,0.330
3176.275,SEEK_ROUNDABOUT,4.656,1,1.165,tracking,0.1830,-0.0341,1,line_curve_center_riding,0.0583,0.0599,0.0341,-0.1541,0.9607,8,0.0258,0.1883,0.2140,-0.0200,-0.0341,IDLE,0,0,step_zone_before_min seek=1.11<1.25,0,0,0.000,0,nan,nan,nan,0.0000,0,5,0.6050,0.5460,0.2287,0.5460,0.0590,本圈台阶完成,1,0.0000,0.150,0.330
3176.414,SEEK_ROUNDABOUT,4.795,1,1.210,tracking,0.1600,-0.0209,1,line_center_tracking,0.0117,0.0217,-0.0141,-0.1596,0.8914,7,0.0358,0.1455,0.1813,-0.0507,-0.0209,IDLE,0,0,step_zone_before_min seek=1.16<1.25,0,0,0.000,0,nan,nan,nan,0.0000,0,5,0.6050,0.5460,0.2287,0.5460,0.0590,本圈台阶完成,1,0.0000,0.150,0.330
3176.555,SEEK_ROUNDABOUT,4.936,1,1.254,tracking,0.1600,-0.0457,1,line_curve_center_riding,0.0613,0.0644,0.0121,-0.2059,0.8832,7,0.0523,0.2180,0.2703,-0.0431,-0.0457,IDLE,0,0,step_zone_before_min seek=1.21<1.25,0,0,0.000,0,nan,nan,nan,0.0000,0,5,0.6050,0.5460,0.2287,0.5460,0.0590,本圈台阶完成,1,0.0000,0.150,0.330
3176.722,SEEK_ROUNDABOUT,5.103,1,1.310,tracking,0.1600,-0.0366,1,line_curve_center_riding,0.0284,0.0341,-0.0604,-0.2064,0.7961,6,0.0945,0.1460,0.2405,-0.0776,-0.0366,IDLE,0,0,candidate_fields_invalid,0,0,0.000,0,nan,nan,nan,0.0000,0,5,0.6050,0.5460,0.2287,0.5460,0.0590,本圈台阶完成,1,0.0000,0.150,0.330
3176.879,SEEK_ROUNDABOUT,5.260,1,1.365,tracking,0.1450,-0.1014,1,line_curve_center_riding,0.1463,0.1551,0.0091,-0.4571,0.8491,7,0.1460,0.4662,0.6122,-0.0976,-0.1014,IDLE,0,0,candidate_fields_invalid,0,0,0.000,0,nan,nan,nan,0.0000,0,5,0.6050,0.5460,0.2287,0.5460,0.0590,本圈台阶完成,1,0.0000,0.150,0.330
3177.019,SEEK_ROUNDABOUT,5.400,1,1.410,tracking,0.1450,-0.0912,1,line_curve_center_riding,0.0812,0.0927,-0.0983,-0.3396,0.7712,6,0.1909,0.2413,0.4323,-0.1151,-0.0912,IDLE,0,0,candidate_fields_invalid,0,0,0.000,0,nan,nan,nan,0.0000,0,5,0.6050,0.5460,0.2287,0.5460,0.0590,本圈台阶完成,1,0.0000,0.150,0.330
3177.174,SEEK_ROUNDABOUT,5.555,1,1.449,tracking,0.1450,-0.0874,1,line_curve_center_riding,0.0775,0.0924,-0.1561,-0.4660,0.7556,6,0.2485,0.3099,0.5584,-0.1765,-0.0874,IDLE,0,0,candidate_fields_invalid,0,0,0.000,0,nan,nan,nan,0.0000,0,5,0.6050,0.5460,0.2287,0.5460,0.0590,本圈台阶完成,1,0.0000,0.150,0.330
3177.331,SEEK_ROUNDABOUT,5.712,1,1.491,tracking,0.1600,-0.0293,1,line_curve_center_riding,-0.0208,-0.0043,-0.2784,-0.3412,0.6833,5,0.2740,0.0629,0.3369,-0.2080,-0.0293,IDLE,0,0,candidate_fields_invalid,0,0,0.000,0,nan,nan,nan,0.0000,0,5,0.6050,0.5460,0.2287,0.5460,0.0590,本圈台阶完成,1,0.0000,0.150,0.330
3177.471,SEEK_ROUNDABOUT,5.852,1,1.534,tracking,0.1450,0.0012,1,line_curve_center_riding,-0.0300,-0.0102,-0.3398,-0.4139,0.6719,5,0.3296,0.0741,0.4037,-0.2546,0.0012,IDLE,0,0,candidate_fields_invalid,0,0,0.000,0,nan,nan,nan,0.0000,0,5,0.6050,0.5460,0.2287,0.5460,0.0590,本圈台阶完成,1,0.0000,0.150,0.330
3177.615,SEEK_ROUNDABOUT,5.996,1,1.559,tracking,0.1600,0.1149,1,line_curve_center_riding,-0.2007,-0.1908,-0.3563,-0.3563,0.6132,4,0.1656,0.0000,0.1656,-0.3011,0.1149,IDLE,0,0,candidate_fields_invalid,0,0,0.000,0,nan,nan,nan,0.0000,0,5,0.6050,0.5460,0.2287,0.5460,0.0590,本圈台阶完成,1,0.0000,0.150,0.330
3177.749,SEEK_ROUNDABOUT,6.130,1,1.581,tracking,0.1600,0.1596,1,line_curve_center_riding,-0.1928,-0.1808,-0.3798,-0.3798,0.6003,4,0.1989,0.0000,0.1989,-0.3134,0.1596,IDLE,0,0,candidate_fields_invalid,0,0,0.000,0,nan,nan,nan,0.0000,0,5,0.6050,0.5460,0.2287,0.5460,0.0590,本圈台阶完成,1,0.0000,0.150,0.330
3177.891,SEEK_ROUNDABOUT,6.272,1,1.599,tracking,0.1450,0.1207,1,line_curve_center_riding,-0.0857,-0.0633,-0.4365,-0.5210,0.6603,5,0.3732,0.0845,0.4577,-0.3403,0.1207,IDLE,0,0,candidate_fields_invalid,0,0,0.000,0,nan,nan,nan,0.0000,0,5,0.6050,0.5460,0.2287,0.5460,0.0590,本圈台阶完成,1,0.0000,0.150,0.330
3178.034,SEEK_ROUNDABOUT,6.415,1,1.609,tracking,0.1600,0.1577,1,line_curve_center_riding,-0.1728,-0.1621,-0.3410,-0.3410,0.5999,4,0.1789,0.0000,0.1789,-0.2814,0.1577,IDLE,0,0,candidate_fields_invalid,0,0,0.000,0,nan,nan,nan,0.0000,0,5,0.6050,0.5460,0.2287,0.5460,0.0590,本圈台阶完成,1,0.0000,0.150,0.330
3178.180,SEEK_ROUNDABOUT,6.561,1,1.613,tracking,0.1600,0.1313,1,line_curve_center_riding,-0.1031,-0.0891,-0.3232,-0.3232,0.5862,4,0.2341,0.0000,0.2341,-0.2451,0.1313,IDLE,0,0,candidate_fields_invalid,0,0,0.000,0,nan,nan,nan,0.0000,0,5,0.6050,0.5460,0.2287,0.5460,0.0590,本圈台阶完成,1,0.0000,0.150,0.330
3178.310,SEEK_ROUNDABOUT,6.691,1,1.617,tracking,0.1600,0.1698,1,line_curve_center_riding,-0.1856,-0.1760,-0.3361,-0.3361,0.5210,3,0.1601,0.0000,0.1601,-0.2827,0.1698,IDLE,0,0,candidate_fields_invalid,0,0,0.000,0,nan,nan,nan,0.0000,0,5,0.6050,0.5460,0.2287,0.5460,0.0590,本圈台阶完成,1,0.0000,0.150,0.330
3178.440,SEEK_ROUNDABOUT,6.821,1,1.618,tracking,0.1450,0.0752,1,line_curve_center_riding,0.0013,0.0211,-0.3097,-0.3886,0.6682,5,0.3308,0.0789,0.4097,-0.2257,0.0752,IDLE,0,0,candidate_fields_invalid,0,0,0.000,0,nan,nan,nan,0.0000,0,5,0.6050,0.5460,0.2287,0.5460,0.0590,本圈台阶完成,1,0.0000,0.150,0.330
3178.575,SEEK_ROUNDABOUT,6.956,1,1.619,tracking,0.1600,0.0661,1,line_curve_center_riding,-0.0459,-0.0325,-0.2562,-0.2562,0.5904,4,0.2237,0.0000,0.2237,-0.1816,0.0661,IDLE,0,0,candidate_fields_invalid,0,0,0.000,0,nan,nan,nan,0.0000,0,5,0.6050,0.5460,0.2287,0.5460,0.0590,本圈台阶完成,1,0.0000,0.150,0.330
3178.712,SEEK_ROUNDABOUT,7.093,1,1.620,tracking,0.1450,0.0188,1,line_curve_center_riding,0.0218,0.0396,-0.2565,-0.3206,0.6751,5,0.2961,0.0641,0.3601,-0.1792,0.0188,IDLE,0,0,candidate_fields_invalid,0,0,0.000,0,nan,nan,nan,0.0000,0,5,0.6050,0.5460,0.2287,0.5460,0.0590,本圈台阶完成,1,0.0000,0.150,0.330
3178.851,SEEK_ROUNDABOUT,7.232,1,1.623,tracking,0.1450,-0.0436,1,line_recenter_transition,0.0944,0.1014,-0.2487,-0.6397,0.7300,6,0.3501,0.3911,0.7411,-0.2624,-0.0436,IDLE,0,0,candidate_fields_invalid,0,0,0.000,0,nan,nan,nan,0.0000,0,5,0.6050,0.5460,0.2287,0.5460,0.0590,本圈台阶完成,1,0.0000,0.150,0.330
3178.990,SEEK_ROUNDABOUT,7.370,1,1.627,tracking,0.1600,-0.0348,1,line_curve_center_riding,0.0310,0.0470,-0.2201,-0.2717,0.5856,4,0.2671,0.0516,0.3187,-0.1483,-0.0348,IDLE,0,0,candidate_fields_invalid,0,0,0.000,0,nan,nan,nan,0.0000,0,5,0.6050,0.5460,0.2287,0.5460,0.0590,本圈台阶完成,1,0.0000,0.150,0.330
3179.123,SEEK_ROUNDABOUT,7.504,1,1.632,tracking,0.1600,-0.0340,1,line_curve_center_riding,0.0307,0.0469,-0.2234,-0.2845,0.6855,5,0.2703,0.0611,0.3314,-0.1536,-0.0340,IDLE,0,0,candidate_fields_invalid,0,0,0.000,0,nan,nan,nan,0.0000,0,5,0.6050,0.5460,0.2287,0.5460,0.0590,本圈台阶完成,1,0.0000,0.150,0.330
3179.258,SEEK_ROUNDABOUT,7.639,1,1.639,tracking,0.1450,-0.0691,1,line_recenter_transition,0.0916,0.0988,-0.2624,-0.6658,0.7282,6,0.3612,0.4034,0.7646,-0.2765,-0.0691,IDLE,0,0,candidate_fields_invalid,0,0,0.000,0,nan,nan,nan,0.0000,0,5,0.6050,0.5460,0.2287,0.5460,0.0590,本圈台阶完成,1,0.0000,0.150,0.330
3179.397,SEEK_ROUNDABOUT,7.778,1,1.650,tracking,0.1450,-0.0680,1,line_recenter_transition,0.0652,0.0721,-0.2722,-0.3504,0.6670,5,0.3443,0.0782,0.4225,-0.1835,-0.0680,IDLE,0,0,candidate_fields_invalid,0,0,0.000,0,nan,nan,nan,0.0000,0,5,0.6050,0.5460,0.2287,0.5460,0.0590,本圈台阶完成,1,0.0000,0.150,0.330
3179.564,SEEK_ROUNDABOUT,7.945,1,1.664,tracking,0.1450,-0.0354,1,line_curve_center_riding,0.0061,0.0297,-0.3642,-0.4486,0.6580,5,0.3939,0.0844,0.4783,-0.2610,-0.0354,IDLE,0,0,candidate_fields_invalid,0,0,0.000,0,nan,nan,nan,0.0000,0,5,0.6050,0.5460,0.2287,0.5460,0.0590,本圈台阶完成,1,0.0000,0.150,0.330
3179.714,SEEK_ROUNDABOUT,8.095,1,1.680,tracking,0.1450,0.0065,1,line_curve_center_riding,-0.0423,-0.0177,-0.4282,-0.5165,0.6549,5,0.4105,0.0883,0.4988,-0.3208,0.0065,IDLE,0,0,candidate_fields_invalid,0,0,0.000,0,nan,nan,nan,0.0000,0,5,0.6050,0.5460,0.2287,0.5460,0.0590,本圈台阶完成,1,0.0000,0.150,0.330
3179.862,SEEK_ROUNDABOUT,8.243,1,1.700,tracking,0.1600,0.0884,1,line_curve_center_riding,-0.1516,-0.1357,-0.3999,-0.3999,0.5820,4,0.2641,0.0000,0.2641,-0.3118,0.0884,IDLE,0,0,candidate_fields_invalid,0,0,0.000,0,nan,nan,nan,0.0000,0,5,0.6050,0.5460,0.2287,0.5460,0.0590,本圈台阶完成,1,0.0000,0.150,0.330
3180.005,SEEK_ROUNDABOUT,8.386,1,1.719,tracking,0.1600,0.2176,1,line_curve_center_riding,-0.3122,-0.3037,-0.4443,-0.4443,0.4931,3,0.1406,0.0000,0.1406,-0.3975,0.2176,IDLE,0,0,candidate_fields_invalid,0,0,0.000,0,nan,nan,nan,0.0000,0,5,0.6050,0.5460,0.2287,0.5460,0.0590,本圈台阶完成,1,0.0000,0.150,0.330
3180.157,SEEK_ROUNDABOUT,8.538,1,1.748,tracking,0.1600,0.2884,1,line_curve_center_riding,-0.3363,-0.3271,-0.4806,-0.4806,0.4901,3,0.1534,0.0000,0.1534,-0.4294,0.2884,IDLE,0,0,candidate_fields_invalid,0,0,0.000,0,nan,nan,nan,0.0000,0,5,0.6050,0.5460,0.2287,0.5460,0.0590,本圈台阶完成,1,0.0000,0.150,0.330
3180.291,SEEK_ROUNDABOUT,8.671,1,1.770,tracking,0.1548,0.3700,1,line_center_tracking,-0.4136,-0.4071,-0.4305,-0.4305,0.4092,2,0.0234,0.0000,0.0234,-0.4227,0.3700,IDLE,0,0,candidate_fields_invalid,0,0,0.000,0,nan,nan,nan,0.0000,0,5,0.6050,0.5460,0.2287,0.5460,0.0590,本圈台阶完成,1,0.0000,0.150,0.330
3180.427,SEEK_ROUNDABOUT,8.808,1,1.794,tracking,0.1450,0.3264,1,line_curve_center_riding,-0.2755,-0.2527,-0.6322,-0.6322,0.4388,3,0.3795,0.0000,0.3795,-0.5057,0.3264,IDLE,0,0,candidate_fields_invalid,0,0,0.000,0,nan,nan,nan,0.0000,0,5,0.6050,0.5460,0.2287,0.5460,0.0590,本圈台阶完成,1,0.0000,0.150,0.330
3180.567,SEEK_ROUNDABOUT,8.948,1,1.827,tracking,0.1450,0.3265,1,line_curve_center_riding,-0.2995,-0.2765,-0.6592,-0.6592,0.2781,2,0.3827,0.0000,0.3827,-0.5317,0.3265,IDLE,0,0,candidate_fields_invalid,0,0,0.000,0,nan,nan,nan,0.0000,0,5,0.6050,0.5460,0.2287,0.5460,0.0590,本圈台阶完成,1,0.0000,0.150,0.330
3180.700,SEEK_ROUNDABOUT,9.080,1,1.859,tracking,0.1585,0.3559,1,line_curve_center_riding,-0.3525,-0.3380,-0.5796,-0.5796,0.2878,2,0.2416,0.0000,0.2416,-0.4991,0.3559,IDLE,0,0,candidate_fields_invalid,0,0,0.000,0,nan,nan,nan,0.0000,0,5,0.6050,0.5460,0.2287,0.5460,0.0590,本圈台阶完成,1,0.0000,0.150,0.330
3180.835,SEEK_ROUNDABOUT,9.216,1,1.895,tracking,0.1479,0.3971,1,line_curve_center_riding,-0.4029,-0.3917,-0.5789,-0.5789,0.3299,2,0.1872,0.0000,0.1872,-0.5165,0.3971,IDLE,0,0,candidate_fields_invalid,0,0,0.000,0,nan,nan,nan,0.0000,0,5,0.6050,0.5460,0.2287,0.5460,0.0590,本圈台阶完成,1,0.0000,0.150,0.330
3180.964,SEEK_ROUNDABOUT,9.345,1,1.927,tracking,0.1402,0.4272,1,line_curve_center_riding,-0.4228,-0.4119,-0.5946,-0.5946,0.3334,2,0.1827,0.0000,0.1827,-0.5337,0.4272,IDLE,0,0,candidate_fields_invalid,0,0,0.000,0,nan,nan,nan,0.0000,0,5,0.6050,0.5460,0.2287,0.5460,0.0590,本圈台阶完成,1,0.0000,0.150,0.330
3181.092,SEEK_ROUNDABOUT,9.473,1,1.956,tracking,0.1331,0.4545,1,line_center_tracking,-0.4452,-0.4398,-0.4591,-0.4591,0.4208,2,0.0193,0.0000,0.0193,-0.4527,0.4545,IDLE,0,0,candidate_fields_invalid,0,0,0.000,0,nan,nan,nan,0.0000,0,5,0.6050,0.5460,0.2287,0.5460,0.0590,本圈台阶完成,1,0.0000,0.150,0.330
3181.226,SEEK_ROUNDABOUT,9.607,1,1.989,tracking,0.1296,0.4683,1,line_center_tracking,-0.4474,-0.4380,-0.4715,-0.4715,0.3808,2,0.0335,0.0000,0.0335,-0.4603,0.4683,IDLE,0,0,candidate_fields_invalid,0,0,0.000,0,1.3200,nan,0.0455,0.8434,2,5,0.6050,0.5460,0.2287,0.5460,0.0590,本圈台阶完成,1,0.0000,0.150,0.330
3181.367,SEEK_ROUNDABOUT,9.748,1,2.029,tracking,0.1197,0.5068,1,line_center_tracking,-0.5016,-0.4942,-0.5205,-0.5205,0.4010,2,0.0263,0.0000,0.0263,-0.5118,0.5068,IDLE,0,0,candidate_fields_invalid,0,0,0.000,1,1.2850,nan,0.0499,0.9147,6,5,0.6050,0.5460,0.2287,0.5460,0.0590,本圈台阶完成,1,0.0000,0.150,0.330
3181.499,SEEK_ROUNDABOUT,9.880,1,2.060,tracking,0.1160,0.5211,1,line_center_tracking,-0.4971,-0.4876,-0.5216,-0.5216,0.3795,2,0.0340,0.0000,0.0340,-0.5103,0.5211,IDLE,0,0,candidate_fields_invalid,0,0,0.000,1,1.2800,nan,0.0544,0.8819,9,5,0.6050,0.5460,0.2287,0.5460,0.0590,本圈台阶完成,1,0.0000,0.150,0.330
3181.631,SEEK_ROUNDABOUT,10.012,1,2.095,tracking,0.1184,0.5117,1,line_center_tracking,-0.4681,-0.4585,-0.4926,-0.4926,0.3793,2,0.0340,0.0000,0.0340,-0.4812,0.5117,IDLE,0,0,candidate_fields_invalid,0,0,0.000,1,1.2500,nan,0.0543,0.8918,13,5,0.6050,0.5460,0.2287,0.5460,0.0590,本圈台阶完成,1,0.0000,0.150,0.330
3181.762,SEEK_ROUNDABOUT,10.143,1,2.125,line_bridge_loss,0.0688,0.2047,0,line_too_few_bands,0.0000,0.0000,0.0000,0.0000,0.0000,0,0.0000,0.0000,0.0000,0.0000,0.2047,IDLE,0,0,candidate_fields_invalid,0,0,0.000,1,1.2700,nan,0.0508,0.9615,17,5,0.6050,0.5460,0.2287,0.5460,0.0590,本圈台阶完成,1,0.0000,0.150,0.330
3181.909,SEEK_ROUNDABOUT,10.290,1,2.158,tracking,0.1195,0.3833,1,line_curve_center_riding,-0.2394,-0.2148,-0.6238,-0.6238,0.5362,4,0.4089,0.0000,0.4089,-0.4874,0.3833,IDLE,0,0,candidate_fields_invalid,0,0,0.000,1,1.3500,nan,0.0514,0.9444,21,5,0.6050,0.5460,0.2287,0.5460,0.0590,本圈台阶完成,1,0.0000,0.150,0.330
3182.039,SEEK_ROUNDABOUT,10.420,1,2.186,tracking,0.1450,0.3182,1,line_curve_center_riding,-0.2378,-0.2149,-0.5965,-0.5965,0.2787,2,0.3815,0.0000,0.3815,-0.4693,0.3182,IDLE,0,0,candidate_fields_invalid,0,0,0.000,1,1.2500,nan,0.0560,0.8937,26,5,0.6050,0.5460,0.2287,0.5460,0.0590,本圈台阶完成,1,0.0000,0.150,0.330
3182.172,SEEK_ROUNDABOUT,10.553,1,2.210,line_bridge_loss,0.0946,0.1273,0,line_too_few_bands,0.0000,0.0000,0.0000,0.0000,0.0000,1,0.0000,0.0000,0.0000,0.0000,0.1273,IDLE,0,0,candidate_fields_invalid,0,0,0.000,1,1.2300,nan,0.0548,0.9087,30,5,0.6050,0.5460,0.2287,0.5460,0.0590,本圈台阶完成,1,0.0000,0.150,0.330
3182.312,SEEK_ROUNDABOUT,10.693,1,2.228,tracking,0.1453,0.3405,1,line_curve_center_riding,-0.3279,-0.3194,-0.4603,-0.4603,0.4030,2,0.1408,0.0000,0.1408,-0.4133,0.3405,IDLE,0,0,candidate_fields_invalid,0,0,0.000,1,1.2200,nan,0.0565,0.8776,35,5,0.6050,0.5460,0.2287,0.5460,0.0590,本圈台阶完成,1,0.0000,0.150,0.330
3182.453,SEEK_ROUNDABOUT,10.834,1,2.245,tracking,0.1450,0.2548,1,line_curve_center_riding,-0.1681,-0.1436,-0.5516,-0.7227,0.7392,6,0.4079,0.1711,0.5791,-0.4726,0.2548,IDLE,0,0,candidate_fields_invalid,0,0,0.000,1,1.2000,nan,0.0559,0.8397,39,5,0.6050,0.5460,0.2287,0.5460,0.0590,本圈台阶完成,1,0.0000,0.150,0.330
3182.588,SEEK_ROUNDABOUT,10.969,1,2.260,tracking,0.1450,0.1956,1,line_curve_center_riding,-0.1271,-0.1034,-0.4996,-0.6670,0.7421,6,0.3962,0.1674,0.5636,-0.4233,0.1956,IDLE,0,0,step_candidate_ignore_near_mid 0.396,0,0,1.000,1,1.0600,1.0600,0.0460,0.8956,42,5,0.6050,0.5460,0.2287,0.5460,0.0590,本圈台阶完成,1,0.0000,0.150,0.330
3182.723,SEEK_ROUNDABOUT,11.103,1,2.273,line_bridge_loss,0.0943,0.0782,0,line_too_few_bands,0.0000,0.0000,0.0000,0.0000,0.0000,0,0.0000,0.0000,0.0000,0.0000,0.0782,IDLE,0,0,step_candidate_ignore_line_invalid,0,0,2.000,1,1.0400,1.0500,0.0476,0.9393,46,5,0.6050,0.5460,0.2287,0.5460,0.0590,本圈台阶完成,1,0.0000,0.150,0.330
3182.850,SEEK_ROUNDABOUT,11.231,1,2.273,step_align_heading/course_events_frozen,0.0457,0.3400,1,line_curve_center_riding,-0.0619,-0.0412,-0.3869,-0.5694,0.7470,6,0.3457,0.1825,0.5282,-0.3325,0.3400,IDLE,0,1,step_confirmed_slow_align d=1.040,0,0,3.000,1,1.0300,1.0400,0.0467,0.9277,50,5,0.6050,0.5460,0.2287,0.5460,0.0590,本圈台阶完成,1,0.0000,0.150,0.330
3182.994,SEEK_ROUNDABOUT,11.375,1,2.273,step_align_heading/course_events_frozen,0.0450,0.3400,1,line_curve_center_riding,-0.0291,-0.0087,-0.3483,-0.4943,0.7536,6,0.3395,0.1460,0.4856,-0.2838,0.3400,IDLE,0,1,step_confirmed_slow_align d=1.035,0,0,4.000,1,1.0100,1.0350,0.0463,0.9218,54,5,0.6050,0.5460,0.2287,0.5460,0.0590,本圈台阶完成,1,0.0000,0.150,0.330
3183.133,SEEK_ROUNDABOUT,11.514,1,2.273,step_align_heading/course_events_frozen,0.0450,0.3400,1,line_curve_center_riding,-0.0172,0.0017,-0.3139,-0.4741,0.7563,6,0.3156,0.1601,0.4757,-0.2621,0.3400,IDLE,0,1,step_confirmed_slow_align d=1.030,0,0,5.000,1,1.0100,1.0300,0.0472,0.9344,58,5,0.6050,0.5460,0.2287,0.5460,0.0590,本圈台阶完成,1,0.0000,0.150,0.330
3183.275,SEEK_ROUNDABOUT,11.656,1,2.273,step_align_heading/course_events_frozen,0.0450,0.3400,1,line_recenter_transition,0.0595,0.0656,-0.2412,-0.3858,0.7590,6,0.3068,0.1446,0.4514,-0.1871,0.3400,IDLE,0,1,step_confirmed_slow_align d=1.010,0,0,6.000,1,1.0100,1.0100,0.0468,0.9296,62,5,0.6050,0.5460,0.2287,0.5460,0.0590,本圈台阶完成,1,0.0000,0.150,0.330
3183.411,SEEK_ROUNDABOUT,11.792,1,2.273,step_align_heading/course_events_frozen,0.0450,0.3400,1,line_recenter_transition,0.1623,0.1684,-0.1352,-0.3783,0.8495,7,0.3036,0.2431,0.5467,-0.1151,0.3400,IDLE,0,1,step_confirmed_slow_align d=1.010,0,0,6.000,1,1.0000,1.0100,0.0461,0.9205,66,5,0.6050,0.5460,0.2287,0.5460,0.0590,本圈台阶完成,1,0.0000,0.150,0.330
3183.551,SEEK_ROUNDABOUT,11.932,1,2.273,step_align_heading/course_events_frozen,0.0450,0.3400,1,line_curve_center_riding,0.2177,0.2348,-0.0498,-0.2797,0.8527,7,0.2846,0.2299,0.5145,-0.0315,0.3400,IDLE,0,1,step_confirmed_slow_align d=1.010,0,0,6.000,1,0.9900,1.0100,0.0470,0.9317,70,5,0.6050,0.5460,0.2287,0.5460,0.0590,本圈台阶完成,1,0.0000,0.150,0.330
3183.696,SEEK_ROUNDABOUT,12.076,1,2.273,step_align_heading/course_events_frozen,0.0450,0.3338,1,line_curve_center_riding,0.2906,0.3068,0.0359,-0.1828,0.8554,7,0.2710,0.2187,0.4896,0.0533,0.3338,IDLE,0,1,step_confirmed_slow_align d=1.000,0,0,6.000,1,0.9800,1.0000,0.0471,0.9334,74,5,0.6050,0.5460,0.2287,0.5460,0.0590,本圈台阶完成,1,0.0000,0.150,0.330
3183.842,SEEK_ROUNDABOUT,12.223,1,2.273,step_align_heading/course_events_frozen,0.0450,0.2754,1,line_curve_center_riding,0.3597,0.3754,0.1136,-0.0992,0.8570,7,0.2618,0.2128,0.4746,0.1299,0.2754,IDLE,0,1,step_confirmed_slow_align d=0.990,0,0,6.000,1,0.9800,0.9900,0.0469,0.9316,78,5,0.6050,0.5460,0.2287,0.5460,0.0590,本圈台阶完成,1,0.0000,0.150,0.330
3183.978,SEEK_ROUNDABOUT,12.359,1,2.273,step_align_heading/course_events_frozen,0.0450,0.2304,1,line_curve_center_riding,0.4557,0.4720,0.2002,0.0104,0.8554,7,0.2718,0.1898,0.4616,0.2275,0.2304,IDLE,0,1,step_confirmed_slow_align d=0.980,0,0,6.000,1,0.9800,0.9800,0.0477,0.9412,81,5,0.6050,0.5460,0.2287,0.5460,0.0590,本圈台阶完成,1,0.0000,0.150,0.330
3184.111,SEEK_ROUNDABOUT,12.491,1,2.273,step_align_heading/course_events_frozen,0.0450,0.1593,1,line_curve_center_riding,0.5060,0.5209,0.2737,0.0769,0.8601,7,0.2471,0.1968,0.4440,0.2905,0.1593,IDLE,0,1,step_confirmed_slow_align d=0.980,0,0,6.000,1,0.9900,0.9800,0.0484,0.9523,84,5,0.6050,0.5460,0.2287,0.5460,0.0590,本圈台阶完成,1,0.0000,0.150,0.330
3184.247,SEEK_ROUNDABOUT,12.628,1,2.273,step_align_heading/course_events_frozen,0.0450,0.0989,1,line_curve_center_riding,0.5098,0.5226,0.3082,0.1225,0.7796,6,0.2145,0.1857,0.4002,0.3178,0.0989,IDLE,0,1,step_confirmed_slow_align d=0.980,0,0,6.000,1,0.9800,0.9800,0.0480,0.9466,87,5,0.6050,0.5460,0.2287,0.5460,0.0590,本圈台阶完成,1,0.0000,0.150,0.330
3184.387,SEEK_ROUNDABOUT,12.768,1,2.273,step_align_heading/course_events_frozen,0.0450,0.0829,1,line_curve_center_riding,0.5744,0.5880,0.3608,0.1697,0.8638,7,0.2272,0.1911,0.4183,0.3729,0.0829,IDLE,0,1,step_confirmed_slow_align d=0.980,0,0,6.000,1,0.9800,0.9800,0.0479,0.9454,91,5,0.6050,0.5460,0.2287,0.5460,0.0590,本圈台阶完成,1,0.0000,0.150,0.330
3184.522,SEEK_ROUNDABOUT,12.903,1,2.273,step_align_heading/course_events_frozen,0.0450,0.0820,1,line_curve_center_riding,0.6188,0.6334,0.3902,0.2077,0.8612,7,0.2432,0.1826,0.4257,0.4104,0.0820,IDLE,0,1,step_confirmed_slow_align d=0.980,0,0,6.000,1,0.9800,0.9800,0.0478,0.9432,94,5,0.6050,0.5460,0.2287,0.5460,0.0590,本圈台阶完成,1,0.0000,0.150,0.330
3184.661,SEEK_ROUNDABOUT,13.042,1,2.273,step_align_heading/course_events_frozen,0.0450,0.0561,1,line_curve_center_riding,0.5944,0.6081,0.3791,0.2781,0.7744,6,0.2290,0.1009,0.3300,0.4218,0.0561,IDLE,0,1,step_confirmed_slow_align d=0.980,0,0,6.000,1,0.9800,0.9800,0.0477,0.9419,97,5,0.6050,0.5460,0.2287,0.5460,0.0590,本圈台阶完成,1,0.0000,0.150,0.330
3184.800,SEEK_ROUNDABOUT,13.181,1,2.273,step_align_heading/course_events_frozen,0.0450,0.0308,1,line_curve_center_riding,0.6533,0.6668,0.4421,0.2540,0.8643,7,0.2247,0.1881,0.4128,0.4543,0.0308,IDLE,0,1,step_confirmed_slow_align d=0.980,0,0,6.000,1,0.9800,0.9800,0.0478,0.9432,100,5,0.6050,0.5460,0.2287,0.5460,0.0590,本圈台阶完成,1,0.0000,0.150,0.330
3184.936,SEEK_ROUNDABOUT,13.317,1,2.273,step_align_heading/course_events_frozen,0.0450,0.0231,1,line_curve_center_riding,0.6734,0.6871,0.4593,0.2750,0.8641,7,0.2277,0.1843,0.4121,0.4738,0.0231,IDLE,0,1,step_confirmed_slow_align d=0.980,0,0,6.000,1,0.9900,0.9800,0.0483,0.9497,103,5,0.6050,0.5460,0.2287,0.5460,0.0590,本圈台阶完成,1,0.0000,0.150,0.330
3185.073,SEEK_ROUNDABOUT,13.454,1,2.273,step_align_heading/course_events_frozen,0.0450,0.0124,1,line_curve_center_riding,0.6837,0.6972,0.4722,0.2875,0.8645,7,0.2250,0.1847,0.4097,0.4856,0.0124,IDLE,0,1,step_confirmed_slow_align d=0.980,0,0,6.000,1,0.9850,0.9800,0.0488,0.9560,106,5,0.6050,0.5460,0.2287,0.5460,0.0590,本圈台阶完成,1,0.0000,0.150,0.330
3185.221,SEEK_ROUNDABOUT,13.602,1,2.273,step_align_heading/course_events_frozen,0.0450,0.0141,1,line_curve_center_riding,0.6497,0.6631,0.4396,0.3352,0.7768,6,0.2234,0.1045,0.3279,0.4793,0.0141,IDLE,0,1,step_confirmed_slow_align d=0.985,0,0,6.000,1,0.9900,0.9850,0.0488,0.9558,109,5,0.6050,0.5460,0.2287,0.5460,0.0590,本圈台阶完成,1,0.0000,0.150,0.330
3185.355,SEEK_ROUNDABOUT,13.736,1,2.273,step_align_heading/course_events_frozen,0.0450,0.0106,1,line_curve_center_riding,0.6983,0.7120,0.4829,0.2986,0.8637,7,0.2291,0.1843,0.4134,0.4978,0.0106,IDLE,0,1,step_confirmed_slow_align d=0.990,0,0,6.000,1,0.9900,0.9900,0.0483,0.9490,112,5,0.6050,0.5460,0.2287,0.5460,0.0590,本圈台阶完成,1,0.0000,0.150,0.330
3185.436,SEEK_ROUNDABOUT,13.817,1,2.273,step_align_heading/course_events_frozen,0.0450,0.0317,1,line_curve_center_riding,0.7267,0.7419,0.4891,0.3171,0.8594,7,0.2528,0.1720,0.4248,0.5160,0.0317,IDLE,0,1,step_confirmed_slow_align d=0.990,0,0,6.000,1,1.0000,0.9900,0.0471,0.9323,114,5,0.6050,0.5460,0.2287,0.5460,0.0590,本圈台阶完成,1,0.0000,0.150,0.330
3185.593,SEEK_ROUNDABOUT,13.974,1,2.273,step_align_heading/course_events_frozen,0.0450,0.0314,1,line_curve_center_riding,0.7290,0.7442,0.4909,0.3177,0.8589,7,0.2533,0.1732,0.4265,0.5176,0.0314,IDLE,0,1,step_confirmed_slow_align d=0.990,0,0,6.000,1,1.0400,0.9900,0.0505,0.9648,117,5,0.6050,0.5460,0.2287,0.5460,0.0590,本圈台阶完成,1,0.0000,0.150,0.330
3185.736,SEEK_ROUNDABOUT,14.116,1,2.273,step_align_heading/course_events_frozen,0.0450,0.0008,1,line_curve_center_riding,0.7164,0.7302,0.5007,0.3140,0.8631,7,0.2295,0.1867,0.4162,0.5150,0.0008,IDLE,0,1,step_confirmed_slow_align d=1.000,0,0,6.000,1,1.0000,1.0000,0.0479,0.9420,120,5,0.6050,0.5460,0.2287,0.5460,0.0590,本圈台阶完成,1,0.0000,0.150,0.330
3185.873,SEEK_ROUNDABOUT,14.254,1,2.273,step_align_heading/course_events_frozen,0.0450,-0.0117,1,line_curve_center_riding,0.7212,0.7347,0.5105,0.3266,0.8643,7,0.2242,0.1839,0.4081,0.5239,-0.0117,IDLE,0,1,step_confirmed_slow_align d=1.000,0,0,6.000,1,1.0100,1.0000,0.0510,0.9576,123,5,0.6050,0.5460,0.2287,0.5460,0.0590,本圈台阶完成,1,0.0000,0.150,0.330
3185.964,SEEK_ROUNDABOUT,14.345,1,2.273,step_align_heading/course_events_frozen,0.0450,-0.0200,1,line_curve_center_riding,0.7239,0.7371,0.5174,0.3286,0.7723,6,0.2197,0.1887,0.4084,0.5277,-0.0200,IDLE,0,1,step_confirmed_slow_align d=1.000,0,0,6.000,1,1.0000,1.0000,0.0481,0.9463,125,5,0.6050,0.5460,0.2287,0.5460,0.0590,本圈台阶完成,1,0.0000,0.150,0.330
3186.155,SEEK_ROUNDABOUT,14.536,1,2.273,step_align_heading/course_events_frozen,0.0450,-0.0204,1,line_curve_center_riding,0.7114,0.7243,0.5086,0.3248,0.8660,7,0.2157,0.1839,0.3995,0.5192,-0.0204,IDLE,0,1,step_confirmed_slow_align d=1.000,0,0,6.000,1,1.0000,1.0000,0.0488,0.9560,129,5,0.6050,0.5460,0.2287,0.5460,0.0590,本圈台阶完成,1,0.0000,0.150,0.330
3186.290,SEEK_ROUNDABOUT,14.670,1,2.273,step_align_heading/course_events_frozen,0.0450,-0.0146,1,line_curve_center_riding,0.6882,0.7009,0.4887,0.3151,0.7735,6,0.2121,0.1737,0.3858,0.5016,-0.0146,IDLE,0,1,step_confirmed_slow_align d=1.000,0,0,6.000,1,1.0000,1.0000,0.0468,0.9277,132,5,0.6050,0.5460,0.2287,0.5460,0.0590,本圈台阶完成,1,0.0000,0.150,0.330
3186.426,SEEK_ROUNDABOUT,14.807,1,2.273,step_align_heading/course_events_frozen,0.0450,0.0130,1,line_curve_center_riding,0.7032,0.7173,0.4824,0.3207,0.8628,7,0.2349,0.1617,0.3966,0.5068,0.0130,IDLE,0,1,step_confirmed_slow_align d=1.000,0,0,6.000,1,0.9900,1.0000,0.0472,0.9343,135,5,0.6050,0.5460,0.2287,0.5460,0.0590,本圈台阶完成,1,0.0000,0.150,0.330
3186.634,SEEK_ROUNDABOUT,15.015,1,2.273,step_align_heading/course_events_frozen,0.0450,0.0002,1,line_curve_center_riding,0.6686,0.6814,0.4674,0.2951,0.8655,7,0.2140,0.1722,0.3863,0.4813,0.0002,IDLE,0,1,step_confirmed_slow_align d=1.000,0,0,6.000,1,0.9800,1.0000,0.0467,0.9259,139,5,0.6050,0.5460,0.2287,0.5460,0.0590,本圈台阶完成,1,0.0000,0.150,0.330
3186.771,SEEK_ROUNDABOUT,15.151,1,2.273,step_align_heading/course_events_frozen,0.0450,-0.0028,1,line_curve_center_riding,0.6647,0.6773,0.4668,0.2911,0.8674,7,0.2106,0.1756,0.3862,0.4784,-0.0028,IDLE,0,1,step_confirmed_slow_align d=0.990,0,0,6.000,1,0.9800,0.9900,0.0494,0.9614,142,5,0.6050,0.5460,0.2287,0.5460,0.0590,本圈台阶完成,1,0.0000,0.150,0.330
3186.970,SEEK_ROUNDABOUT,15.351,1,2.273,step_align_heading/course_events_frozen,0.0450,0.0154,1,line_curve_center_riding,0.6467,0.6597,0.4433,0.2811,0.8680,7,0.2164,0.1622,0.3786,0.4614,0.0154,IDLE,0,1,step_confirmed_slow_align d=0.980,0,0,6.000,1,0.9700,0.9800,0.0473,0.9348,147,5,0.6050,0.5460,0.2287,0.5460,0.0590,本圈台阶完成,1,0.0000,0.150,0.330
3187.136,SEEK_ROUNDABOUT,15.516,1,2.273,step_align_heading/course_events_frozen,0.0450,0.0044,1,line_curve_center_riding,0.6031,0.6152,0.4139,0.3074,0.7803,6,0.2013,0.1065,0.3077,0.4455,0.0044,IDLE,0,1,step_confirmed_slow_align d=0.980,0,0,6.000,1,0.9600,0.9800,0.0474,0.9350,150,5,0.6050,0.5460,0.2287,0.5460,0.0590,本圈台阶完成,1,0.0000,0.150,0.330
3187.271,SEEK_ROUNDABOUT,15.652,1,2.273,step_align_heading/course_events_frozen,0.0450,0.0142,1,line_curve_center_riding,0.5923,0.6046,0.3996,0.3084,0.7813,6,0.2050,0.0913,0.2963,0.4375,0.0142,IDLE,0,1,step_confirmed_slow_align d=0.970,0,0,6.000,1,0.9500,0.9700,0.0479,0.9427,153,5,0.6050,0.5460,0.2287,0.5460,0.0590,本圈台阶完成,1,0.0000,0.150,0.330
3187.404,SEEK_ROUNDABOUT,15.785,1,2.273,step_align_heading/course_events_frozen,0.0450,0.0244,1,line_curve_center_riding,0.5872,0.5997,0.3907,0.2991,0.5981,4,0.2091,0.0916,0.3007,0.4298,0.0244,IDLE,0,1,step_confirmed_slow_align d=0.960,0,0,6.000,1,0.9300,0.9600,0.0490,0.9584,156,5,0.6050,0.5460,0.2287,0.5460,0.0590,本圈台阶完成,1,0.0000,0.150,0.330
3187.544,SEEK_ROUNDABOUT,15.925,1,2.273,step_align_heading/course_events_frozen,0.0450,-0.0321,1,line_curve_center_riding,0.5114,0.5217,0.3501,0.4465,0.8517,7,0.1715,0.0963,0.0752,0.4394,-0.0321,IDLE,0,1,step_confirmed_slow_align d=0.950,0,0,6.000,1,0.9200,0.9500,0.0493,0.9613,159,5,0.6050,0.5460,0.2287,0.5460,0.0590,本圈台阶完成,1,0.0000,0.150,0.330
3187.690,SEEK_ROUNDABOUT,16.071,1,2.273,step_align_heading/course_events_frozen,0.0450,0.0374,1,line_curve_center_riding,0.5950,0.6081,0.3884,0.2999,0.7797,6,0.2198,0.0885,0.3083,0.4321,0.0374,IDLE,0,1,step_confirmed_slow_align d=0.930,0,0,6.000,1,0.9000,0.9300,0.0491,0.9590,162,5,0.6050,0.5460,0.2287,0.5460,0.0590,本圈台阶完成,1,0.0000,0.150,0.330
3187.861,SEEK_ROUNDABOUT,16.242,1,2.273,step_align_heading/course_events_frozen,0.0450,0.0294,1,line_curve_center_riding,0.6436,0.6562,0.4453,0.1755,0.8542,7,0.2110,0.2698,0.4808,0.4257,0.0294,IDLE,0,1,step_confirmed_slow_align d=0.920,0,0,6.000,1,0.8800,0.9200,0.0494,0.9638,166,5,0.6050,0.5460,0.2287,0.5460,0.0590,本圈台阶完成,1,0.0000,0.150,0.330
3188.003,SEEK_ROUNDABOUT,16.384,1,2.273,step_align_heading/course_events_frozen,0.0450,0.0120,1,line_curve_center_riding,0.6117,0.6227,0.4397,0.1125,0.5689,4,0.1830,0.3272,0.5102,0.3916,0.0120,IDLE,0,1,step_confirmed_slow_align d=0.900,0,0,6.000,1,0.8700,0.9000,0.0490,0.9578,169,5,0.6050,0.5460,0.2287,0.5460,0.0590,本圈台阶完成,1,0.0000,0.150,0.330
3188.151,SEEK_ROUNDABOUT,16.531,1,2.273,step_align_heading/course_events_frozen,0.0450,0.0404,1,line_curve_center_riding,0.5365,0.5486,0.3477,0.2578,0.7820,6,0.2009,0.0898,0.2908,0.3847,0.0404,IDLE,0,1,step_confirmed_slow_align d=0.880,0,0,6.000,1,0.8500,0.8800,0.0501,0.9703,172,5,0.6050,0.5460,0.2287,0.5460,0.0590,本圈台阶完成,1,0.0000,0.150,0.330
3188.304,SEEK_ROUNDABOUT,16.685,1,2.273,step_align_heading/course_events_frozen,0.0450,-0.0485,1,line_curve_center_riding,0.4886,0.4981,0.3402,0.4694,0.7709,6,0.1578,0.1291,0.0287,0.4359,-0.0485,IDLE,0,1,step_confirmed_slow_align d=0.870,0,0,6.000,1,0.8300,0.8700,0.0500,0.9719,175,5,0.6050,0.5460,0.2287,0.5460,0.0590,本圈台阶完成,1,0.0000,0.150,0.330
3188.463,SEEK_ROUNDABOUT,16.844,1,2.273,step_align_heading/course_events_frozen,0.0450,-0.1366,1,line_curve_center_riding,0.4979,0.5051,0.3838,0.6128,0.7617,6,0.1213,0.2290,0.1077,0.5006,-0.1366,IDLE,0,1,step_confirmed_slow_align d=0.850,0,0,6.000,1,0.8200,0.8500,0.0492,0.9613,178,5,0.6050,0.5460,0.2287,0.5460,0.0590,本圈台阶完成,1,0.0000,0.150,0.330
3188.611,SEEK_ROUNDABOUT,16.992,1,2.273,step_align_heading/course_events_frozen,0.0450,-0.1632,1,line_curve_center_riding,0.4984,0.5050,0.3961,0.6497,0.7612,6,0.1088,0.2536,0.1448,0.5169,-0.1632,IDLE,0,1,step_confirmed_slow_align d=0.830,0,0,6.000,1,0.8100,0.8300,0.0492,0.9617,181,5,0.6050,0.5460,0.2287,0.5460,0.0590,本圈台阶完成,1,0.0000,0.150,0.330
3188.746,SEEK_ROUNDABOUT,17.127,1,2.273,step_align_heading/course_events_frozen,0.0450,-0.1764,1,line_curve_center_riding,0.4587,0.4640,0.3762,0.6344,0.7627,6,0.0878,0.2582,0.1704,0.4915,-0.1764,IDLE,0,1,step_confirmed_slow_align d=0.820,0,0,6.000,1,0.7900,0.8200,0.0491,0.9601,184,5,0.6050,0.5460,0.2287,0.5460,0.0590,本圈台阶完成,1,0.0000,0.150,0.330
3188.923,SEEK_ROUNDABOUT,17.304,1,2.273,step_align_slow/course_events_frozen,0.0300,0.0635,1,line_curve_center_riding,0.4217,0.4326,0.2503,0.2304,0.6986,5,0.1823,0.0199,0.2022,0.3044,0.0635,IDLE,0,1,step_confirmed_slow_align d=0.810,0,0,6.000,1,0.7700,0.8100,0.0492,0.9621,188,5,0.6050,0.5460,0.2287,0.5460,0.0590,本圈台阶完成,1,0.0000,0.150,0.330
3189.066,SEEK_ROUNDABOUT,17.447,1,2.273,step_align_slow/course_events_frozen,0.0300,0.1811,1,line_curve_center_riding,0.5183,0.5338,0.2751,0.0324,0.7559,6,0.2587,0.2427,0.5015,0.2804,0.1811,IDLE,0,1,step_confirmed_slow_align d=0.790,0,0,6.000,1,0.7600,0.7900,0.0493,0.9634,191,5,0.6050,0.5460,0.2287,0.5460,0.0590,本圈台阶完成,1,0.0000,0.150,0.330
3189.211,SEEK_ROUNDABOUT,17.592,1,2.273,step_align_slow/course_events_frozen,0.0300,0.2124,1,line_curve_center_riding,0.5115,0.5276,0.2593,-0.0377,0.7498,6,0.2683,0.2970,0.5653,0.2497,0.2124,IDLE,0,1,step_confirmed_slow_align d=0.770,0,0,6.000,1,0.7500,0.7700,0.0499,0.9712,194,5,0.6050,0.5460,0.2287,0.5460,0.0590,本圈台阶完成,1,0.0000,0.150,0.330
3189.372,SEEK_ROUNDABOUT,17.753,1,2.273,step_align_slow/course_events_frozen,0.0300,0.2227,1,line_curve_center_riding,0.5344,0.5513,0.2691,-0.0288,0.7463,6,0.2822,0.2979,0.5801,0.2639,0.2227,IDLE,0,1,step_confirmed_slow_align d=0.760,0,0,6.000,1,0.7400,0.7600,0.0492,0.9621,197,5,0.6050,0.5460,0.2287,0.5460,0.0590,本圈台阶完成,1,0.0000,0.150,0.330
3189.511,SEEK_ROUNDABOUT,17.892,1,2.273,step_align_slow/course_events_frozen,0.0300,0.0726,1,line_curve_center_riding,0.4484,0.4602,0.2631,0.2446,0.6928,5,0.1972,0.0185,0.2156,0.3226,0.0726,IDLE,0,1,step_confirmed_slow_align d=0.750,0,0,6.000,1,0.7400,0.7500,0.0493,0.9631,200,5,0.6050,0.5460,0.2287,0.5460,0.0590,本圈台阶完成,1,0.0000,0.150,0.330
3189.667,SEEK_ROUNDABOUT,18.048,1,2.273,step_align_slow/course_events_frozen,0.0300,-0.0164,1,line_curve_center_riding,0.4537,0.4626,0.3134,0.3134,0.6075,4,0.1492,0.0000,0.1492,0.3631,-0.0164,IDLE,0,1,step_confirmed_slow_align d=0.750,0,0,6.000,1,0.7500,0.7500,0.0486,0.9531,204,5,0.6050,0.5460,0.2287,0.5460,0.0590,本圈台阶完成,1,0.0000,0.150,0.330
3189.806,SEEK_ROUNDABOUT,18.187,1,2.273,step_align_slow/course_events_frozen,0.0300,0.2471,1,line_curve_center_riding,0.6449,0.6649,0.3308,0.0244,0.6489,5,0.3342,0.3064,0.6406,0.3400,0.2471,IDLE,0,1,step_confirmed_slow_align d=0.750,0,0,6.000,1,0.7500,0.7500,0.0486,0.9522,206,5,0.6050,0.5460,0.2287,0.5460,0.0590,本圈台阶完成,1,0.0000,0.150,0.330
3189.946,SEEK_ROUNDABOUT,18.326,1,2.273,step_align_slow/course_events_frozen,0.0300,0.0252,1,line_curve_center_riding,0.5702,0.5829,0.3718,0.3441,0.6897,5,0.2111,0.0277,0.2387,0.4329,0.0252,IDLE,0,1,step_confirmed_slow_align d=0.750,0,0,6.000,1,0.7500,0.7500,0.0480,0.9443,209,5,0.6050,0.5460,0.2287,0.5460,0.0590,本圈台阶完成,1,0.0000,0.150,0.330
3190.080,SEEK_ROUNDABOUT,18.461,1,2.273,step_align_slow/course_events_frozen,0.0300,-0.0883,1,line_curve_center_riding,0.5553,0.5639,0.4210,0.4210,0.5224,3,0.1429,0.0000,0.1429,0.4686,-0.0883,IDLE,0,1,step_confirmed_slow_align d=0.750,0,0,6.000,1,0.7400,0.7500,0.0483,0.9497,212,5,0.6050,0.5460,0.2287,0.5460,0.0590,本圈台阶完成,1,0.0000,0.150,0.330
3190.215,SEEK_ROUNDABOUT,18.596,1,2.273,step_align_slow/course_events_frozen,0.0300,-0.2556,1,line_curve_center_riding,0.5764,0.5811,0.5029,0.7213,0.7710,6,0.0782,0.2184,0.1402,0.6018,-0.2556,IDLE,0,1,step_confirmed_slow_align d=0.750,0,0,6.000,1,0.7400,0.7500,0.0493,0.9634,215,5,0.6050,0.5460,0.2287,0.5460,0.0590,本圈台阶完成,1,0.0000,0.150,0.330
3190.357,SEEK_ROUNDABOUT,18.737,1,2.273,step_align_slow/course_events_frozen,0.0300,-0.0188,1,line_curve_center_riding,0.7374,0.7499,0.5413,0.2110,0.7636,6,0.2086,0.3303,0.5389,0.5008,-0.0188,IDLE,0,1,step_confirmed_slow_align d=0.750,0,0,6.000,1,0.7500,0.7500,0.0491,0.9614,218,5,0.6050,0.5460,0.2287,0.5460,0.0590,本圈台阶完成,1,0.0000,0.150,0.330
3190.495,SEEK_ROUNDABOUT,18.876,1,2.273,step_align_slow/course_events_frozen,0.0300,-0.0280,1,line_curve_center_riding,0.5777,0.5881,0.4142,0.3116,0.7871,6,0.1739,0.1026,0.2766,0.4380,-0.0280,IDLE,0,1,step_confirmed_slow_align d=0.750,0,0,6.000,1,0.7500,0.7500,0.0494,0.9656,221,5,0.6050,0.5460,0.2287,0.5460,0.0590,本圈台阶完成,1,0.0000,0.150,0.330
3190.645,SEEK_ROUNDABOUT,19.026,1,2.273,step_align_slow/course_events_frozen,0.0300,0.0088,1,line_curve_center_riding,0.6555,0.6678,0.4638,0.2007,0.7695,6,0.2039,0.2631,0.4670,0.4441,0.0088,IDLE,0,1,step_confirmed_slow_align d=0.750,0,0,6.000,1,0.7600,0.7500,0.0491,0.9621,224,5,0.6050,0.5460,0.2287,0.5460,0.0590,本圈台阶完成,1,0.0000,0.150,0.330
3190.791,SEEK_ROUNDABOUT,19.172,1,2.273,step_align_slow/course_events_frozen,0.0300,-0.0248,1,line_curve_center_riding,0.4920,0.5008,0.3532,0.2665,0.7076,5,0.1477,0.0867,0.2343,0.3735,-0.0248,IDLE,0,1,step_confirmed_slow_align d=0.750,0,0,6.000,1,0.7700,0.7500,0.0487,0.9555,227,5,0.6050,0.5460,0.2287,0.5460,0.0590,本圈台阶完成,1,0.0000,0.150,0.330
3190.949,SEEK_ROUNDABOUT,19.330,1,2.273,step_align_slow/course_events_frozen,0.0300,0.0249,1,line_curve_center_riding,0.6537,0.6663,0.4558,0.1741,0.7665,6,0.2105,0.2817,0.4922,0.4321,0.0249,IDLE,0,1,step_confirmed_slow_align d=0.760,0,0,6.000,1,0.7700,0.7600,0.0490,0.9600,230,5,0.6050,0.5460,0.2287,0.5460,0.0590,本圈台阶完成,1,0.0000,0.150,0.330
3191.083,SEEK_ROUNDABOUT,19.463,1,2.273,step_align_slow/course_events_frozen,0.0300,0.0038,1,line_curve_center_riding,0.5312,0.5418,0.3641,0.2751,0.7874,6,0.1778,0.0890,0.2668,0.3937,0.0038,IDLE,0,1,step_confirmed_slow_align d=0.770,0,0,6.000,1,0.7800,0.7700,0.0487,0.9553,233,5,0.6050,0.5460,0.2287,0.5460,0.0590,本圈台阶完成,1,0.0000,0.150,0.330
3191.241,SEEK_ROUNDABOUT,19.622,1,2.273,step_align_slow/course_events_frozen,0.0300,0.0357,1,line_curve_center_riding,0.6641,0.6772,0.4597,0.1527,0.8528,7,0.2175,0.3070,0.5245,0.4299,0.0357,IDLE,0,1,step_confirmed_slow_align d=0.770,0,0,6.000,1,0.7900,0.7700,0.0495,0.9651,236,5,0.6050,0.5460,0.2287,0.5460,0.0590,本圈台阶完成,1,0.0000,0.150,0.330
3191.382,SEEK_ROUNDABOUT,19.763,1,2.273,step_align_slow/course_events_frozen,0.0300,-0.0026,1,line_curve_center_riding,0.6498,0.6603,0.4860,0.0430,0.9157,8,0.1743,0.4430,0.6173,0.3964,-0.0026,IDLE,0,1,step_confirmed_slow_align d=0.780,0,0,6.000,1,0.7900,0.7800,0.0505,0.9658,239,5,0.6050,0.5460,0.2287,0.5460,0.0590,本圈台阶完成,1,0.0000,0.150,0.330
3191.516,SEEK_ROUNDABOUT,19.897,1,2.273,step_align_slow/course_events_frozen,0.0300,0.0033,1,line_curve_center_riding,0.5757,0.5867,0.4040,0.2254,0.8708,7,0.1826,0.1786,0.3613,0.4054,0.0033,IDLE,0,1,step_confirmed_slow_align d=0.790,0,0,6.000,1,0.7900,0.7900,0.0499,0.9710,242,5,0.6050,0.5460,0.2287,0.5460,0.0590,本圈台阶完成,1,0.0000,0.150,0.330
3191.648,SEEK_ROUNDABOUT,20.028,1,2.273,step_align_slow/course_events_frozen,0.0300,0.0107,1,line_curve_center_riding,0.5505,0.5615,0.3784,0.2429,0.7832,6,0.1831,0.1354,0.3186,0.3943,0.0107,IDLE,0,1,step_confirmed_slow_align d=0.790,0,0,6.000,1,0.7900,0.7900,0.0491,0.9597,245,5,0.6050,0.5460,0.2287,0.5460,0.0590,本圈台阶完成,1,0.0000,0.150,0.330
3191.785,SEEK_ROUNDABOUT,20.166,1,2.273,step_align_slow/course_events_frozen,0.0300,0.0002,1,line_curve_center_riding,0.5108,0.5211,0.3502,0.2809,0.7903,6,0.1708,0.0694,0.2402,0.3840,0.0002,IDLE,0,1,step_confirmed_slow_align d=0.790,0,0,6.000,1,0.7900,0.7900,0.0498,0.9695,247,5,0.6050,0.5460,0.2287,0.5460,0.0590,本圈台阶完成,1,0.0000,0.150,0.330
3191.924,SEEK_ROUNDABOUT,20.305,1,2.273,step_align_slow/course_events_frozen,0.0300,0.0047,1,line_curve_center_riding,0.5030,0.5132,0.3431,0.2685,0.7901,6,0.1701,0.0746,0.2447,0.3749,0.0047,IDLE,0,1,step_confirmed_slow_align d=0.790,0,0,6.000,1,0.7900,0.7900,0.0498,0.9690,250,5,0.6050,0.5460,0.2287,0.5460,0.0590,本圈台阶完成,1,0.0000,0.150,0.330
3192.059,SEEK_ROUNDABOUT,20.440,1,2.273,step_align_slow/course_events_frozen,0.0300,-0.0130,1,line_curve_center_riding,0.4830,0.4925,0.3354,0.2969,0.7924,6,0.1570,0.0385,0.1955,0.3749,-0.0130,IDLE,0,1,step_confirmed_slow_align d=0.790,0,0,6.000,1,0.7800,0.7900,0.0498,0.9689,253,5,0.6050,0.5460,0.2287,0.5460,0.0590,本圈台阶完成,1,0.0000,0.150,0.330
3192.206,SEEK_ROUNDABOUT,20.587,1,2.273,step_align_slow/course_events_frozen,0.0300,-0.0806,1,line_curve_center_riding,0.4359,0.4431,0.3218,0.4573,0.7748,6,0.1213,0.1355,0.0142,0.4074,-0.0806,IDLE,0,1,step_confirmed_slow_align d=0.790,0,0,6.000,1,0.7800,0.7900,0.0491,0.9598,256,5,0.6050,0.5460,0.2287,0.5460,0.0590,本圈台阶完成,1,0.0000,0.150,0.330
3192.336,SEEK_ROUNDABOUT,20.717,1,2.273,step_align_slow/course_events_frozen,0.0300,0.0151,1,line_curve_center_riding,0.4889,0.4995,0.3219,0.3026,0.6992,5,0.1777,0.0192,0.1969,0.3747,0.0151,IDLE,0,1,step_confirmed_slow_align d=0.780,0,0,6.000,1,0.7600,0.7800,0.0493,0.9623,259,5,0.6050,0.5460,0.2287,0.5460,0.0590,本圈台阶完成,1,0.0000,0.150,0.330
3192.472,SEEK_ROUNDABOUT,20.853,1,2.273,step_align_slow/course_events_frozen,0.0300,0.1401,1,line_curve_center_riding,0.5916,0.6073,0.3454,0.1143,0.6691,5,0.2618,0.2311,0.4930,0.3557,0.1401,IDLE,0,1,step_confirmed_slow_align d=0.780,0,0,6.000,1,0.7600,0.7800,0.0488,0.9563,262,5,0.6050,0.5460,0.2287,0.5460,0.0590,本圈台阶完成,1,0.0000,0.150,0.330
3192.613,SEEK_ROUNDABOUT,20.994,1,2.273,step_align_slow/course_events_frozen,0.0300,0.2191,1,line_curve_center_riding,0.5981,0.6165,0.3089,0.0559,0.6567,5,0.3076,0.2530,0.5606,0.3271,0.2191,IDLE,0,1,step_confirmed_slow_align d=0.760,0,0,6.000,1,0.7500,0.7600,0.0486,0.9527,265,5,0.6050,0.5460,0.2287,0.5460,0.0590,本圈台阶完成,1,0.0000,0.150,0.330
3192.746,SEEK_ROUNDABOUT,21.127,1,2.273,step_align_slow/course_events_frozen,0.0300,0.0362,1,line_curve_center_riding,0.4908,0.5018,0.3178,0.2413,0.6919,5,0.1840,0.0765,0.2605,0.3536,0.0362,IDLE,0,1,step_confirmed_slow_align d=0.760,0,0,6.000,1,0.7400,0.7600,0.0493,0.9623,267,5,0.6050,0.5460,0.2287,0.5460,0.0590,本圈台阶完成,1,0.0000,0.150,0.330
3192.885,SEEK_ROUNDABOUT,21.266,1,2.273,step_align_slow/course_events_frozen,0.0300,-0.0377,1,line_curve_center_riding,0.4715,0.4800,0.3395,0.3173,0.7049,5,0.1405,0.0222,0.1627,0.3789,-0.0377,IDLE,0,1,step_confirmed_slow_align d=0.750,0,0,6.000,1,0.7300,0.7500,0.0489,0.9578,270,5,0.6050,0.5460,0.2287,0.5460,0.0590,本圈台阶完成,1,0.0000,0.150,0.330
3193.026,SEEK_ROUNDABOUT,21.407,1,2.273,step_align_slow/course_events_frozen,0.0300,-0.3400,1,line_curve_center_riding,0.6013,0.6036,0.5651,0.9232,0.7554,6,0.0385,0.3581,0.3196,0.6973,-0.3400,IDLE,0,1,step_confirmed_slow_align d=0.740,0,0,6.000,1,0.7100,0.7400,0.0497,0.9678,273,5,0.6050,0.5460,0.2287,0.5460,0.0590,本圈台阶完成,1,0.0000,0.150,0.330
3193.162,SEEK_ROUNDABOUT,21.543,1,2.273,step_align_creep/course_events_frozen,0.0150,-0.0067,1,line_curve_center_riding,0.6390,0.6592,0.3216,-0.2979,0.7211,6,0.3376,0.6195,0.9571,0.2277,-0.0067,IDLE,0,1,step_confirmed_slow_align d=0.730,0,0,6.000,1,0.7100,0.7300,0.0482,0.9476,276,5,0.6050,0.5460,0.2287,0.5460,0.0590,本圈台阶完成,1,0.0000,0.150,0.330
3193.294,SEEK_ROUNDABOUT,21.675,1,2.273,step_align_creep/course_events_frozen,0.0150,0.1506,1,line_curve_center_riding,0.5686,0.5829,0.3438,-0.0656,0.6413,5,0.2391,0.4093,0.6485,0.2870,0.1506,IDLE,0,1,step_confirmed_slow_align d=0.710,0,0,6.000,1,0.7000,0.7100,0.0465,0.9216,278,5,0.6050,0.5460,0.2287,0.5460,0.0590,本圈台阶完成,1,0.0000,0.150,0.330
3193.432,SEEK_ROUNDABOUT,21.813,1,2.273,step_align_creep/course_events_frozen,0.0150,0.0455,1,line_curve_center_riding,0.3988,0.4086,0.2445,0.2270,0.6078,4,0.1641,0.0175,0.1816,0.2934,0.0455,IDLE,0,1,step_confirmed_slow_align d=0.710,0,0,6.000,1,0.6800,0.7100,0.0465,0.9228,281,5,0.6050,0.5460,0.2287,0.5460,0.0590,本圈台阶完成,1,0.0000,0.150,0.330
3193.567,SEEK_ROUNDABOUT,21.948,1,2.273,step_align_creep/course_events_frozen,0.0150,0.0104,1,line_curve_center_riding,0.5332,0.5426,0.3866,0.0717,0.6656,5,0.1560,0.3150,0.4709,0.3336,0.0104,IDLE,0,1,step_confirmed_slow_align d=0.700,0,0,6.000,1,0.6800,0.7000,0.0456,0.9102,284,5,0.6050,0.5460,0.2287,0.5460,0.0590,本圈台阶完成,1,0.0000,0.150,0.330
3193.698,SEEK_ROUNDABOUT,22.079,1,2.273,step_align_creep/course_events_frozen,0.0150,-0.0981,1,line_center_tracking,0.3417,0.3609,0.2923,0.2997,0.6260,4,0.0685,0.0073,0.0612,0.3176,-0.0981,IDLE,0,1,step_confirmed_slow_align d=0.680,0,0,6.000,1,0.6700,0.6800,0.0448,0.9002,287,5,0.6050,0.5460,0.2287,0.5460,0.0590,本圈台阶完成,1,0.0000,0.150,0.330
3193.838,SEEK_ROUNDABOUT,22.218,1,2.273,step_align_creep/course_events_frozen,0.0150,-0.1501,1,line_curve_center_riding,0.3830,0.3843,0.3634,0.1438,0.5965,4,0.0209,0.2197,0.2405,0.2971,-0.1501,IDLE,0,1,step_confirmed_slow_align d=0.680,0,0,6.000,1,0.6600,0.6800,0.0430,0.8736,290,5,0.6050,0.5460,0.2287,0.5460,0.0590,本圈台阶完成,1,0.0000,0.150,0.330
3193.973,SEEK_ROUNDABOUT,22.354,1,2.273,step_align_creep/course_events_frozen,0.0150,-0.1392,1,line_center_tracking,0.3492,0.3617,0.3172,0.3172,0.5365,3,0.0445,0.0000,0.0445,0.3320,-0.1392,IDLE,0,1,step_confirmed_slow_align d=0.670,0,0,6.000,1,0.6400,0.6700,0.0451,0.9029,292,5,0.6050,0.5460,0.2287,0.5460,0.0590,本圈台阶完成,1,0.0000,0.150,0.330
3194.111,SEEK_ROUNDABOUT,22.492,1,2.273,step_align_creep/course_events_frozen,0.0150,-0.0480,1,line_center_tracking,0.3041,0.3280,0.2427,0.2450,0.6229,4,0.0853,0.0023,0.0830,0.2719,-0.0480,IDLE,0,1,step_confirmed_slow_align d=0.660,0,0,6.000,1,0.6600,0.6600,0.0419,0.8554,295,5,0.6050,0.5460,0.2287,0.5460,0.0590,本圈台阶完成,1,0.0000,0.150,0.330
3194.248,SEEK_ROUNDABOUT,22.629,1,2.273,step_align_creep/course_events_frozen,0.0150,-0.0665,1,line_center_tracking,0.2807,0.2987,0.2343,0.2343,0.4421,2,0.0644,0.0000,0.0644,0.2558,-0.0665,IDLE,0,1,step_confirmed_slow_align d=0.660,0,0,6.000,1,0.6400,0.6600,0.0417,0.8521,298,5,0.6050,0.5460,0.2287,0.5460,0.0590,本圈台阶完成,1,0.0000,0.150,0.330
3194.380,SEEK_ROUNDABOUT,22.761,1,2.273,tracking,0.0653,-0.2786,1,line_center_tracking,0.2580,0.2757,0.2124,0.2124,0.5326,3,0.0633,0.0000,0.0633,0.2335,-0.2786,IDLE,0,0,fixed_candidate_confirm 1/3,0,0,6.000,1,0.6600,0.6600,0.0409,0.8423,301,5,0.6050,0.5460,0.2287,0.5460,0.0590,本圈台阶完成,1,0.0000,0.150,0.330
3194.511,SEEK_ROUNDABOUT,22.892,1,2.273,step_align_creep/course_events_frozen,0.0156,-0.2857,1,line_curve_center_riding,0.2856,0.2829,0.3284,0.5096,0.6929,5,0.0456,0.1811,0.2267,0.3736,-0.2857,IDLE,0,1,step_confirmed_slow_align d=0.640,0,0,6.000,1,0.6400,0.6400,0.0415,0.8511,303,5,0.6050,0.5460,0.2287,0.5460,0.0590,本圈台阶完成,1,0.0000,0.150,0.330
3194.661,SEEK_ROUNDABOUT,23.042,1,2.296,tracking,0.0663,-0.2205,1,line_center_tracking,0.2041,0.2306,0.1361,0.1816,0.7026,5,0.0946,0.0455,0.0490,0.1828,-0.2205,IDLE,0,0,fixed_candidate_confirm 2/3,0,0,6.000,1,0.6500,0.6500,0.0431,0.8729,306,5,0.6050,0.5460,0.2287,0.5460,0.0590,本圈台阶完成,1,0.0000,0.150,0.330
3194.795,SEEK_ROUNDABOUT,23.176,1,2.296,step_start_too_close_confirm_hold/course_events_frozen,0.0156,0.0000,1,line_curve_center_riding,0.1985,0.2060,0.0796,0.0908,0.7057,5,0.1264,0.0112,0.1152,0.1255,0.0000,IDLE,0,1,fixed_start_too_close_confirm 1/3 filtered_d=0.650 raw_d=0.650,1,0,6.000,1,0.6500,0.6500,0.0430,0.8727,309,5,0.6050,0.5460,0.2287,0.5460,0.0590,本圈台阶完成,1,0.0000,0.150,0.330
3194.925,SEEK_ROUNDABOUT,23.306,1,2.296,step_start_too_close_confirm_hold/course_events_frozen,0.0000,0.0000,1,line_curve_center_riding,0.3620,0.3796,0.0860,-0.4019,0.7116,6,0.2937,0.4878,0.7815,0.0212,0.0000,IDLE,0,1,fixed_start_too_close_confirm 2/3 filtered_d=0.650 raw_d=0.650,1,0,6.000,1,0.6500,0.6500,0.0433,0.8758,312,5,0.6050,0.5460,0.2287,0.5460,0.0590,本圈台阶完成,1,0.0000,0.150,0.330
3195.067,SEEK_ROUNDABOUT,23.448,1,2.296,step_fixed_reverse_recovery/course_events_frozen,-0.0450,0.0000,1,line_curve_center_riding,0.2562,0.2682,0.0695,-0.0684,0.7703,6,0.1986,0.1379,0.3366,0.0898,0.0000,IDLE,0,1,fixed_reverse_start start_too_close_confirmed d=0.650,1,1,6.000,1,0.6900,0.6500,0.0450,0.9003,315,5,0.6050,0.5460,0.2287,0.5460,0.0590,本圈台阶完成,1,0.0000,0.150,0.330
3195.204,SEEK_ROUNDABOUT,23.584,1,2.296,step_fixed_reverse_recovery/course_events_frozen,-0.0450,0.0355,1,line_curve_center_riding,0.3469,0.3654,0.0568,-0.4410,0.7155,6,0.3086,0.4978,0.8064,-0.0063,0.0355,IDLE,0,1,fixed_reverse_search back=0.012/0.085,1,1,6.000,1,0.6700,0.6500,0.0443,0.8878,318,5,0.6050,0.5460,0.2287,0.5460,0.0590,本圈台阶完成,1,0.0296,0.150,0.330
3195.340,SEEK_ROUNDABOUT,23.721,1,2.296,step_fixed_reverse_recovery/course_events_frozen,-0.0450,0.0412,1,line_curve_center_riding,0.3655,0.3829,0.0932,-0.4176,0.8095,7,0.2897,0.5107,0.8005,0.0195,0.0412,IDLE,0,1,fixed_reverse_search back=0.021/0.085,1,1,6.000,1,0.6800,0.6700,0.0472,0.9325,321,5,0.6050,0.5460,0.2287,0.5460,0.0590,本圈台阶完成,1,0.0344,0.150,0.330
3195.480,SEEK_ROUNDABOUT,23.861,1,2.296,step_fixed_reverse_recovery/course_events_frozen,-0.0450,0.0363,1,line_curve_center_riding,0.3568,0.3753,0.0677,-0.4317,0.7152,6,0.3076,0.4994,0.8070,0.0038,0.0363,IDLE,0,1,fixed_reverse_search back=0.025/0.085,1,1,6.000,1,0.6800,0.6800,0.0474,0.9358,324,5,0.6050,0.5460,0.2287,0.5460,0.0590,本圈台阶完成,1,0.0303,0.150,0.330
3195.623,SEEK_ROUNDABOUT,24.004,1,2.296,step_fixed_reverse_recovery/course_events_frozen,-0.0450,0.0354,1,line_curve_center_riding,0.3475,0.3664,0.0523,-0.5966,0.7173,6,0.3140,0.6490,0.9630,-0.0593,0.0354,IDLE,0,1,fixed_reverse_search back=0.027/0.085,1,1,6.000,1,0.7000,0.6800,0.0467,0.9263,327,5,0.6050,0.5460,0.2287,0.5460,0.0590,本圈台阶完成,1,0.0295,0.150,0.330
3195.756,SEEK_ROUNDABOUT,24.137,1,2.296,step_fixed_reverse_recovery/course_events_frozen,-0.0450,0.0350,1,line_curve_center_riding,0.2316,0.2417,0.0736,0.0736,0.5997,4,0.1682,0.0000,0.1682,0.1296,0.0350,IDLE,0,1,fixed_reverse_search back=0.027/0.085,1,1,6.000,1,0.7200,0.6800,0.0471,0.9309,330,5,0.6050,0.5460,0.2287,0.5460,0.0590,本圈台阶完成,1,0.0291,0.150,0.330
3195.899,SEEK_ROUNDABOUT,24.280,1,2.296,step_fixed_reverse_recovery/course_events_frozen,-0.0450,0.0347,1,line_curve_center_riding,0.2301,0.2394,0.0842,0.2752,0.7624,6,0.1553,0.1911,0.0358,0.1996,0.0347,IDLE,0,1,fixed_reverse_search back=0.027/0.085,1,1,6.000,1,0.7200,0.7000,0.0473,0.9336,333,5,0.6050,0.5460,0.2287,0.5460,0.0590,本圈台阶完成,1,0.0289,0.150,0.330
3196.035,SEEK_ROUNDABOUT,24.415,1,2.296,step_fixed_reverse_recovery/course_events_frozen,-0.0450,0.0329,1,line_curve_center_riding,0.2470,0.2569,0.0919,0.0919,0.5162,3,0.1650,0.0000,0.1650,0.1469,0.0329,IDLE,0,1,fixed_reverse_search back=0.026/0.085,1,1,6.000,1,0.7200,0.7200,0.0467,0.9246,336,5,0.6050,0.5460,0.2287,0.5460,0.0590,本圈台阶完成,1,0.0274,0.150,0.330
3196.176,SEEK_ROUNDABOUT,24.557,1,2.296,step_align_creep/course_events_frozen,0.0057,0.2394,1,line_curve_center_riding,0.3449,0.3596,0.1155,-0.0246,0.6771,5,0.2441,0.1401,0.3842,0.1501,0.2394,IDLE,0,1,fixed_reverse_done depth d=0.720,1,0,6.000,1,0.7300,0.7200,0.0471,0.9303,339,5,0.6050,0.5460,0.2287,0.5460,0.0590,本圈台阶完成,1,0.0274,0.150,0.330
3196.323,SEEK_ROUNDABOUT,24.704,1,2.296,step_align_creep/course_events_frozen,0.0150,0.3400,1,line_curve_center_riding,0.4141,0.4317,0.1384,-0.3659,0.6080,5,0.2932,0.5044,0.7976,0.0681,0.3400,IDLE,0,1,fixed_sprint_approach depth=0.720>0.715 center=+0.068 hd=0.293,1,0,6.000,1,0.7200,0.7200,0.0467,0.9247,342,5,0.6050,0.5460,0.2287,0.5460,0.0590,本圈台阶完成,1,0.0274,0.150,0.330
3196.467,SEEK_ROUNDABOUT,24.848,1,2.296,step_align_line_lost_stop/course_events_frozen,0.0000,0.0067,0,line_too_few_bands,0.0000,0.0000,0.0000,0.0000,0.0000,1,0.0000,0.0000,0.0000,0.0000,0.0067,IDLE,0,1,fixed_sprint_approach depth=0.720>0.715 center=+0.000 hd=0.000,1,0,6.000,1,0.7200,0.7200,0.0476,0.9369,345,5,0.6050,0.5460,0.2287,0.5460,0.0590,本圈台阶完成,1,0.0274,0.150,0.330
3196.619,SEEK_ROUNDABOUT,24.999,1,2.296,step_align_creep/course_events_frozen,0.0150,0.0678,1,line_curve_center_riding,0.3300,0.3389,0.1903,0.1348,0.6088,4,0.1486,0.0555,0.2041,0.2213,0.0678,IDLE,0,1,fixed_sprint_approach depth=0.720>0.715 center=+0.221 hd=0.149,1,0,6.000,1,0.7100,0.7200,0.0465,0.9220,348,5,0.6050,0.5460,0.2287,0.5460,0.0590,本圈台阶完成,1,0.0274,0.150,0.330
3196.752,SEEK_ROUNDABOUT,25.133,1,2.296,step_align_creep/course_events_frozen,0.0150,0.0667,1,line_curve_center_riding,0.3793,0.3896,0.2179,0.2179,0.6013,4,0.1717,0.0000,0.1717,0.2752,0.0667,IDLE,0,1,fixed_sprint_approach depth=0.720>0.715 center=+0.275 hd=0.172,1,0,6.000,1,0.7000,0.7200,0.0459,0.9141,351,5,0.6050,0.5460,0.2287,0.5460,0.0590,本圈台阶完成,1,0.0274,0.150,0.330
3196.892,SEEK_ROUNDABOUT,25.273,1,2.296,step_start_window_confirm_hold/course_events_frozen,0.0000,0.0000,1,line_curve_center_riding,0.3573,0.3661,0.2200,0.2439,0.6940,5,0.1461,0.0239,0.1222,0.2766,0.0000,IDLE,0,1,fixed_start_confirm 1/3 d=0.710,1,0,6.000,1,0.7000,0.7100,0.0457,0.9107,354,5,0.6050,0.5460,0.2287,0.5460,0.0590,本圈台阶完成,1,0.0274,0.150,0.330
3197.036,SEEK_ROUNDABOUT,25.417,1,2.296,step_start_window_confirm_hold/course_events_frozen,0.0000,0.0000,1,line_center_tracking,0.3008,0.3309,0.2234,0.2489,0.6145,4,0.1075,0.0255,0.0820,0.2677,0.0000,IDLE,0,1,fixed_start_confirm 2/3 d=0.700,1,0,6.000,1,0.7000,0.7000,0.0478,0.9403,357,5,0.6050,0.5460,0.2287,0.5460,0.0590,本圈台阶完成,1,0.0274,0.150,0.330
3197.182,SEEK_ROUNDABOUT,25.562,1,2.296,step_approach_begin,0.0000,0.0000,0,,nan,nan,nan,nan,0.0000,0,nan,nan,nan,nan,0.0000,APPROACH,0,0,normalized_depth_start,1,0,6.000,1,0.6900,0.7000,0.0460,0.9143,360,5,0.6050,0.0000,0.0000,0.0000,0.6050,开始按已验证参数直行到起跳距离,1,0.0000,0.150,0.330
3197.497,SEEK_ROUNDABOUT,25.878,1,2.296,step_approach_tested,0.5000,0.0000,0,,nan,nan,nan,nan,0.0000,0,nan,nan,nan,nan,0.0000,APPROACH,0,0,normalized_depth_start,1,0,6.000,1,0.6800,0.7000,0.0457,0.9100,367,5,0.6050,0.1000,0.0024,0.1000,0.5050,APPROACH 恒速前进 source=commanded cmd=0.100 odom=0.002 remaining=0.505,1,0.0000,0.150,0.330
3197.665,SEEK_ROUNDABOUT,26.045,1,2.296,step_approach_tested,0.5000,0.0000,0,,nan,nan,nan,nan,0.0000,0,nan,nan,nan,nan,0.0000,APPROACH,0,0,normalized_depth_start,1,0,6.000,1,0.6700,0.6900,0.0465,0.9221,370,5,0.6050,0.1836,0.0025,0.1836,0.4214,APPROACH 恒速前进 source=commanded cmd=0.184 odom=0.002 remaining=0.421,1,0.0000,0.150,0.330
3197.819,SEEK_ROUNDABOUT,26.200,1,2.296,step_approach_tested,0.5000,0.0000,0,,nan,nan,nan,nan,0.0000,0,nan,nan,nan,nan,0.0000,APPROACH,0,0,normalized_depth_start,1,0,6.000,1,0.6800,0.6800,0.0453,0.9046,373,5,0.6050,0.2609,0.0004,0.2609,0.3441,APPROACH 恒速前进 source=commanded cmd=0.261 odom=0.000 remaining=0.344,1,0.0000,0.150,0.330
3197.968,SEEK_ROUNDABOUT,26.349,1,2.296,step_approach_tested,0.5000,0.0000,0,,nan,nan,nan,nan,0.0000,0,nan,nan,nan,nan,0.0000,APPROACH,0,0,normalized_depth_start,1,0,6.000,1,0.6700,0.6800,0.0465,0.9216,376,5,0.6050,0.3353,-0.0045,0.3353,0.2697,APPROACH 恒速前进 source=commanded cmd=0.335 odom=-0.005 remaining=0.270,1,0.0000,0.150,0.330
3198.119,SEEK_ROUNDABOUT,26.500,1,2.296,step_approach_tested,0.5000,0.0000,0,,nan,nan,nan,nan,0.0000,0,nan,nan,nan,nan,0.0000,APPROACH,0,0,normalized_depth_start,1,0,6.000,1,0.6700,0.6700,0.0444,0.8908,379,5,0.6050,0.4107,-0.0317,0.4107,0.1943,APPROACH 恒速前进 source=commanded cmd=0.411 odom=-0.032 remaining=0.194,1,0.0000,0.150,0.330
3198.266,SEEK_ROUNDABOUT,26.647,1,2.296,step_approach_tested,0.5000,0.0000,0,,nan,nan,nan,nan,0.0000,0,nan,nan,nan,nan,0.0000,APPROACH,0,0,normalized_depth_start,1,0,6.000,1,0.7000,0.6700,0.0473,0.9333,382,5,0.6050,0.4844,-0.0320,0.4844,0.1206,APPROACH 恒速前进 source=commanded cmd=0.484 odom=-0.032 remaining=0.121,1,0.0000,0.150,0.330
3198.411,SEEK_ROUNDABOUT,26.792,1,2.296,step_wait_enter_to_jump,0.0000,0.0000,0,,nan,nan,nan,nan,0.0000,0,nan,nan,nan,nan,0.0000,JUMP_CONFIRM,0,0,normalized_depth_start,1,0,6.000,1,0.6700,0.6700,0.0442,0.8897,385,5,0.6050,0.5570,0.0042,0.5570,0.0480,到达起跳点，等待终端回车确认,1,0.0000,0.150,0.330
3198.575,SEEK_ROUNDABOUT,26.956,1,2.296,step_wait_enter_to_jump,0.0000,0.0000,0,,nan,nan,nan,nan,0.0000,0,nan,nan,nan,nan,0.0000,JUMP_CONFIRM,0,0,normalized_depth_start,1,0,6.000,1,0.6500,0.6700,0.0485,0.9508,389,5,0.6050,0.5570,0.0772,0.5570,0.0480,JUMP_CONFIRM 等待终端回车,1,0.0000,0.150,0.330
3198.740,SEEK_ROUNDABOUT,27.121,1,2.296,step_wait_enter_to_jump,0.0000,0.0000,0,,nan,nan,nan,nan,0.0000,0,nan,nan,nan,nan,0.0000,JUMP_CONFIRM,0,0,normalized_depth_start,1,0,6.000,1,0.6200,0.6700,0.0490,0.9555,394,5,0.6050,0.5570,0.1584,0.5570,0.0480,JUMP_CONFIRM 等待终端回车,1,0.0000,0.150,0.330
3198.926,SEEK_ROUNDABOUT,27.307,1,2.296,step_jump_after_enter,0.5000,0.0000,0,,nan,nan,nan,nan,0.0000,0,nan,nan,nan,nan,0.0000,JUMP,0,0,normalized_depth_start,1,0,5.400,0,nan,0.6600,nan,0.0000,0,5,0.6050,0.5570,0.2743,0.5570,0.0480,JUMP 脉冲中,1,0.0000,0.150,0.330
3199.087,SEEK_ROUNDABOUT,27.468,1,2.296,step_jump_pulse,0.5000,0.0000,0,,nan,nan,nan,nan,0.0000,0,nan,nan,nan,nan,0.0000,JUMP,0,0,normalized_depth_start,1,0,4.800,0,nan,0.6500,nan,0.0000,0,5,0.6050,0.5570,0.2743,0.5570,0.0480,JUMP 脉冲中,1,0.0000,0.150,0.330
3199.233,SEEK_ROUNDABOUT,27.614,1,2.296,step_land_forward,0.3000,0.0000,0,,nan,nan,nan,nan,0.0000,0,nan,nan,nan,nan,0.0000,LAND,0,0,normalized_depth_start,1,0,4.200,0,nan,0.6350,nan,0.0000,0,5,0.6050,0.5570,0.2743,0.5570,0.0480,跳跃脉冲结束，落地继续前行,1,0.0000,0.150,0.330
3199.389,SEEK_ROUNDABOUT,27.770,1,2.296,step_land_forward,0.3000,0.0000,0,,nan,nan,nan,nan,0.0000,0,nan,nan,nan,nan,0.0000,LAND,0,0,normalized_depth_start,1,0,3.600,0,nan,0.6200,nan,0.0000,0,5,0.6050,0.5570,0.2743,0.5570,0.0480,跳跃脉冲结束，落地继续前行,1,0.0000,0.150,0.330
3199.535,SEEK_ROUNDABOUT,27.916,1,2.296,step_land_forward,0.3000,0.0000,0,,nan,nan,nan,nan,0.0000,0,nan,nan,nan,nan,0.0000,LAND,0,0,normalized_depth_start,1,0,4.600,0,0.7800,0.7000,0.0508,0.9282,2,5,0.6050,0.5570,0.2743,0.5570,0.0480,跳跃脉冲结束，落地继续前行,1,0.0000,0.150,0.330
3199.733,SEEK_ROUNDABOUT,28.114,1,2.296,step_land_forward,0.3000,0.0000,0,,nan,nan,nan,nan,0.0000,0,nan,nan,nan,nan,0.0000,LAND,0,0,normalized_depth_start,1,0,4.000,0,nan,0.7800,nan,0.0000,0,5,0.6050,0.5570,0.2743,0.5570,0.0480,跳跃脉冲结束，落地继续前行,1,0.0000,0.150,0.330
3199.885,SEEK_ROUNDABOUT,28.266,1,2.296,step_land_forward,0.3000,0.0000,0,,nan,nan,nan,nan,0.0000,0,nan,nan,nan,nan,0.0000,LAND,0,0,normalized_depth_start,1,0,3.400,0,nan,0.7800,nan,0.0000,0,5,0.6050,0.5570,0.2743,0.5570,0.0480,跳跃脉冲结束，落地继续前行,1,0.0000,0.150,0.330
3200.044,SEEK_ROUNDABOUT,28.424,1,2.296,step_land_forward,0.3000,0.0000,0,,nan,nan,nan,nan,0.0000,0,nan,nan,nan,nan,0.0000,LAND,0,0,normalized_depth_start,1,0,4.400,1,1.0000,0.8900,0.0436,0.8785,5,5,0.6050,0.5570,0.2743,0.5570,0.0480,跳跃脉冲结束，落地继续前行,1,0.0000,0.150,0.330
3200.198,SEEK_ROUNDABOUT,28.579,1,2.296,step_land_forward,0.3000,0.0000,0,,nan,nan,nan,nan,0.0000,0,nan,nan,nan,nan,0.0000,LAND,0,0,normalized_depth_start,1,0,3.800,0,nan,0.8900,nan,0.0000,0,5,0.6050,0.5570,0.2743,0.5570,0.0480,跳跃脉冲结束，落地继续前行,1,0.0000,0.150,0.330
3200.351,SEEK_ROUNDABOUT,28.732,1,2.296,step_land_forward,0.3000,0.0000,0,,nan,nan,nan,nan,0.0000,0,nan,nan,nan,nan,0.0000,LAND,0,0,normalized_depth_start,1,0,3.200,0,1.3900,1.0000,0.0457,0.8891,1,5,0.6050,0.5570,0.2743,0.5570,0.0480,跳跃脉冲结束，落地继续前行,1,0.0000,0.150,0.330
3200.506,SEEK_ROUNDABOUT,28.887,1,2.296,step_land_forward,0.3000,0.0000,0,,nan,nan,nan,nan,0.0000,0,nan,nan,nan,nan,0.0000,LAND,0,0,normalized_depth_start,1,0,2.600,0,nan,1.0000,nan,0.0000,0,5,0.6050,0.5570,0.2743,0.5570,0.0480,跳跃脉冲结束，落地继续前行,1,0.0000,0.150,0.330
3200.660,SEEK_ROUNDABOUT,29.041,1,2.296,step_land_forward,0.3000,0.0000,0,,nan,nan,nan,nan,0.0000,0,nan,nan,nan,nan,0.0000,LAND,0,0,normalized_depth_start,1,0,2.000,0,nan,1.0000,nan,0.0000,0,5,0.6050,0.5570,0.2743,0.5570,0.0480,跳跃脉冲结束，落地继续前行,1,0.0000,0.150,0.330
3200.815,SEEK_ROUNDABOUT,29.196,1,2.296,step_land_forward,0.3000,0.0000,0,,nan,nan,nan,nan,0.0000,0,nan,nan,nan,nan,0.0000,LAND,0,0,normalized_depth_start,1,0,1.400,0,nan,1.0000,nan,0.0000,0,5,0.6050,0.5570,0.2743,0.5570,0.0480,跳跃脉冲结束，落地继续前行,1,0.0000,0.150,0.330
3200.954,SEEK_ROUNDABOUT,29.335,1,2.296,step_land_forward,0.3000,0.0000,0,,nan,nan,nan,nan,0.0000,0,nan,nan,nan,nan,0.0000,LAND,0,0,normalized_depth_start,1,0,0.800,0,nan,nan,nan,0.0000,0,5,0.6050,0.5570,0.2743,0.5570,0.0480,跳跃脉冲结束，落地继续前行,1,0.0000,0.150,0.330
3201.098,SEEK_ROUNDABOUT,29.479,1,2.296,step_land_forward,0.3000,0.0000,0,,nan,nan,nan,nan,0.0000,0,nan,nan,nan,nan,0.0000,LAND,0,0,normalized_depth_start,1,0,0.200,0,nan,nan,nan,0.0000,0,5,0.6050,0.5570,0.2743,0.5570,0.0480,跳跃脉冲结束，落地继续前行,1,0.0000,0.150,0.330
3201.242,SEEK_ROUNDABOUT,29.622,1,2.296,step_recover_stop,0.0000,0.0000,0,,nan,nan,nan,nan,0.0000,0,nan,nan,nan,nan,0.0000,RECOVER,0,0,normalized_depth_start,1,0,0.000,0,nan,nan,nan,0.0000,0,5,0.6050,0.5570,0.2743,0.5570,0.0480,落地前行结束，停车恢复,1,0.0000,0.150,0.330
3201.383,SEEK_ROUNDABOUT,29.764,1,2.296,step_recover_stop,0.0000,0.0000,0,,nan,nan,nan,nan,0.0000,0,nan,nan,nan,nan,0.0000,RECOVER,0,0,normalized_depth_start,1,0,0.000,0,nan,nan,nan,0.0000,0,5,0.6050,0.5570,0.2743,0.5570,0.0480,落地前行结束，停车恢复,1,0.0000,0.150,0.330
3201.521,SEEK_ROUNDABOUT,29.902,1,2.296,step_recover_stop,0.0000,0.0000,0,,nan,nan,nan,nan,0.0000,0,nan,nan,nan,nan,0.0000,RECOVER,0,0,normalized_depth_start,1,0,0.000,0,nan,nan,nan,0.0000,0,5,0.6050,0.5570,0.2743,0.5570,0.0480,落地前行结束，停车恢复,1,0.0000,0.150,0.330
3201.663,SEEK_ROUNDABOUT,30.044,1,2.296,step_recover_stop,0.0000,0.0000,0,,nan,nan,nan,nan,0.0000,0,nan,nan,nan,nan,0.0000,RECOVER,0,0,normalized_depth_start,1,0,0.000,0,nan,nan,nan,0.0000,0,5,0.6050,0.5570,0.2743,0.5570,0.0480,落地前行结束，停车恢复,1,0.0000,0.150,0.330
3201.822,SEEK_ROUNDABOUT,30.203,1,2.296,step_recover_stop,0.0000,0.0000,0,,nan,nan,nan,nan,0.0000,0,nan,nan,nan,nan,0.0000,RECOVER,0,0,normalized_depth_start,1,0,0.000,0,nan,nan,nan,0.0000,0,5,0.6050,0.5570,0.2743,0.5570,0.0480,落地前行结束，停车恢复,1,0.0000,0.150,0.330
3201.963,SEEK_ROUNDABOUT,30.344,1,2.296,step_recover_stop,0.0000,0.0000,0,,nan,nan,nan,nan,0.0000,0,nan,nan,nan,nan,0.0000,RECOVER,0,0,normalized_depth_start,1,0,0.000,0,nan,nan,nan,0.0000,0,5,0.6050,0.5570,0.2743,0.5570,0.0480,落地前行结束，停车恢复,1,0.0000,0.150,0.330
3202.107,SEEK_ROUNDABOUT,30.488,1,2.296,step_recover_stop,0.0000,0.0000,0,,nan,nan,nan,nan,0.0000,0,nan,nan,nan,nan,0.0000,RECOVER,0,0,normalized_depth_start,1,0,0.000,0,nan,nan,nan,0.0000,0,5,0.6050,0.5570,0.2743,0.5570,0.0480,落地前行结束，停车恢复,1,0.0000,0.150,0.330
3202.259,SEEK_ROUNDABOUT,30.640,1,2.296,step_recover_stop,0.0000,0.0000,0,,nan,nan,nan,nan,0.0000,0,nan,nan,nan,nan,0.0000,RECOVER,0,0,normalized_depth_start,1,0,0.000,0,nan,nan,nan,0.0000,0,5,0.6050,0.5570,0.2743,0.5570,0.0480,落地前行结束，停车恢复,1,0.0000,0.150,0.330
3202.402,SEEK_ROUNDABOUT,30.783,1,2.296,step_recover_stop,0.0000,0.0000,0,,nan,nan,nan,nan,0.0000,0,nan,nan,nan,nan,0.0000,RECOVER,0,0,normalized_depth_start,1,0,0.000,0,nan,nan,nan,0.0000,0,5,0.6050,0.5570,0.2743,0.5570,0.0480,落地前行结束，停车恢复,1,0.0000,0.150,0.330
3202.556,SEEK_ROUNDABOUT,30.937,1,2.296,step_recover_stop,0.0000,0.0000,0,,nan,nan,nan,nan,0.0000,0,nan,nan,nan,nan,0.0000,RECOVER,0,0,normalized_depth_start,1,0,0.000,0,nan,nan,nan,0.0000,0,5,0.6050,0.5570,0.2743,0.5570,0.0480,落地前行结束，停车恢复,1,0.0000,0.150,0.330
3202.698,SEEK_ROUNDABOUT,31.079,1,2.296,step_recover_stop,0.0000,0.0000,0,,nan,nan,nan,nan,0.0000,0,nan,nan,nan,nan,0.0000,RECOVER,0,0,normalized_depth_start,1,0,0.000,0,nan,nan,nan,0.0000,0,5,0.6050,0.5570,0.2743,0.5570,0.0480,落地前行结束，停车恢复,1,0.0000,0.150,0.330
3202.842,SEEK_ROUNDABOUT,31.223,1,2.296,step_recover_stop,0.0000,0.0000,0,,nan,nan,nan,nan,0.0000,0,nan,nan,nan,nan,0.0000,RECOVER,0,0,normalized_depth_start,1,0,0.000,0,nan,nan,nan,0.0000,0,5,0.6050,0.5570,0.2743,0.5570,0.0480,落地前行结束，停车恢复,1,0.0000,0.150,0.330
3202.985,SEEK_ROUNDABOUT,31.366,1,2.296,step_recover_stop,0.0000,0.0000,0,,nan,nan,nan,nan,0.0000,0,nan,nan,nan,nan,0.0000,RECOVER,0,0,normalized_depth_start,1,0,0.000,0,nan,nan,nan,0.0000,0,5,0.6050,0.5570,0.2743,0.5570,0.0480,落地前行结束，停车恢复,1,0.0000,0.150,0.330
3203.142,SEEK_ROUNDABOUT,31.523,1,2.296,step_recover_stop,0.0000,0.0000,0,,nan,nan,nan,nan,0.0000,0,nan,nan,nan,nan,0.0000,RECOVER,0,0,normalized_depth_start,1,0,0.000,0,nan,nan,nan,0.0000,0,5,0.6050,0.5570,0.2743,0.5570,0.0480,落地前行结束，停车恢复,1,0.0000,0.150,0.330
3203.309,SEEK_ROUNDABOUT,31.689,1,2.296,step_recover_stop,0.0000,0.0000,0,,nan,nan,nan,nan,0.0000,0,nan,nan,nan,nan,0.0000,RECOVER,0,0,normalized_depth_start,1,0,0.000,0,nan,nan,nan,0.0000,0,5,0.6050,0.5570,0.2743,0.5570,0.0480,落地前行结束，停车恢复,1,0.0000,0.150,0.330
3203.476,SEEK_ROUNDABOUT,31.857,1,2.296,step_recover_stop,0.0000,0.0000,0,,nan,nan,nan,nan,0.0000,0,nan,nan,nan,nan,0.0000,RECOVER,0,0,normalized_depth_start,1,0,0.000,0,nan,nan,nan,0.0000,0,5,0.6050,0.5570,0.2743,0.5570,0.0480,落地前行结束，停车恢复,1,0.0000,0.150,0.330
3203.625,SEEK_ROUNDABOUT,32.006,1,2.296,step_recover_stop,0.0000,0.0000,0,,nan,nan,nan,nan,0.0000,0,nan,nan,nan,nan,0.0000,RECOVER,0,0,normalized_depth_start,1,0,0.000,0,nan,nan,nan,0.0000,0,5,0.6050,0.5570,0.2743,0.5570,0.0480,落地前行结束，停车恢复,1,0.0000,0.150,0.330
3203.776,SEEK_ROUNDABOUT,32.157,1,2.296,step_recover_stop,0.0000,0.0000,0,,nan,nan,nan,nan,0.0000,0,nan,nan,nan,nan,0.0000,RECOVER,0,0,normalized_depth_start,1,0,0.000,0,nan,nan,nan,0.0000,0,5,0.6050,0.5570,0.2743,0.5570,0.0480,落地前行结束，停车恢复,1,0.0000,0.150,0.330
3203.931,SEEK_ROUNDABOUT,32.312,1,2.296,step_recover_stop,0.0000,0.0000,0,,nan,nan,nan,nan,0.0000,0,nan,nan,nan,nan,0.0000,RECOVER,0,0,normalized_depth_start,1,0,0.000,0,nan,nan,nan,0.0000,0,5,0.6050,0.5570,0.2743,0.5570,0.0480,落地前行结束，停车恢复,1,0.0000,0.150,0.330
3204.090,SEEK_ROUNDABOUT,32.470,1,2.296,step_recover_stop,0.0000,0.0000,0,,nan,nan,nan,nan,0.0000,0,nan,nan,nan,nan,0.0000,RECOVER,0,0,normalized_depth_start,1,0,0.000,0,nan,nan,nan,0.0000,0,5,0.6050,0.5570,0.2743,0.5570,0.0480,落地前行结束，停车恢复,1,0.0000,0.150,0.330
3204.248,SEEK_ROUNDABOUT,32.629,1,2.296,step_resume_tracking,0.0000,0.0000,0,,nan,nan,nan,nan,0.0000,0,nan,nan,nan,nan,0.0000,IDLE,1,0,step_done_latches_cleared,0,0,0.000,0,nan,nan,nan,0.0000,0,5,0.6050,0.5570,0.2743,0.5570,0.0480,本圈台阶完成,1,0.0000,0.150,0.330
3204.405,SEEK_ROUNDABOUT,32.786,1,2.296,tracking,0.0507,-0.3333,1,line_curve_center_riding,0.6538,0.6622,0.5229,0.4111,0.8770,7,0.1393,0.1118,0.2511,0.5320,-0.3333,IDLE,1,0,step_done_latches_cleared,0,0,0.000,0,nan,nan,nan,0.0000,0,5,0.6050,0.5570,0.2743,0.5570,0.0480,本圈台阶完成,1,0.0000,0.150,0.330
3204.543,SEEK_ROUNDABOUT,32.924,1,2.296,tracking,0.1000,-0.6667,1,line_curve_center_riding,0.7249,0.7329,0.5987,0.4441,0.8781,7,0.1343,0.1546,0.2889,0.5919,-0.6667,IDLE,1,0,step_done_latches_cleared,0,0,0.000,0,nan,nan,nan,0.0000,0,5,0.6050,0.5570,0.2743,0.5570,0.0480,本圈台阶完成,1,0.0000,0.150,0.330
3204.683,SEEK_ROUNDABOUT,33.064,1,2.296,tracking,0.1000,-0.7000,1,line_curve_center_riding,0.7269,0.7348,0.6030,0.4353,0.8775,7,0.1318,0.1677,0.2995,0.5910,-0.7000,IDLE,1,0,step_done_latches_cleared,0,0,0.000,0,nan,nan,nan,0.0000,0,5,0.6050,0.5570,0.2743,0.5570,0.0480,本圈台阶完成,1,0.0000,0.150,0.330
3204.820,SEEK_ROUNDABOUT,33.201,1,2.297,tracking,0.1000,-0.7000,1,line_curve_center_riding,0.6991,0.7071,0.5735,0.4006,0.8766,7,0.1336,0.1729,0.3065,0.5604,-0.7000,IDLE,1,0,step_done_latches_cleared,0,0,0.000,0,nan,nan,nan,0.0000,0,5,0.6050,0.5570,0.2743,0.5570,0.0480,本圈台阶完成,1,0.0000,0.150,0.330
3204.955,SEEK_ROUNDABOUT,33.336,1,2.298,tracking,0.1000,-0.7000,1,line_curve_center_riding,0.6334,0.6414,0.5076,0.3389,0.8769,7,0.1338,0.1687,0.3025,0.4960,-0.7000,IDLE,1,0,step_done_latches_cleared,0,0,0.000,0,nan,nan,nan,0.0000,0,5,0.6050,0.5570,0.2743,0.5570,0.0480,本圈台阶完成,1,0.0000,0.150,0.330
3205.087,SEEK_ROUNDABOUT,33.468,1,2.303,tracking,0.1000,-0.6286,1,line_curve_center_riding,0.5078,0.5161,0.3771,0.2061,0.8760,7,0.1390,0.1711,0.3101,0.3664,-0.6286,IDLE,1,0,step_done_latches_cleared,0,0,0.000,0,nan,nan,nan,0.0000,0,5,0.6050,0.5570,0.2743,0.5570,0.0480,本圈台阶完成,1,0.0000,0.150,0.330
3205.221,SEEK_ROUNDABOUT,33.602,1,2.316,tracking,0.1222,-0.4968,1,line_curve_center_riding,0.3475,0.3575,0.1923,0.0244,0.8710,7,0.1651,0.1679,0.3330,0.1914,-0.4968,IDLE,1,0,step_done_latches_cleared,0,0,0.000,0,nan,nan,nan,0.0000,0,5,0.6050,0.5570,0.2743,0.5570,0.0480,本圈台阶完成,1,0.0000,0.150,0.330
3205.361,SEEK_ROUNDABOUT,33.741,1,2.336,tracking,0.1700,-0.3054,1,line_curve_center_riding,0.1175,0.1276,-0.0409,-0.2430,0.8681,7,0.1685,0.2021,0.3706,-0.0521,-0.3054,IDLE,1,0,step_done_latches_cleared,0,0,0.000,0,nan,nan,nan,0.0000,0,5,0.6050,0.5570,0.2743,0.5570,0.0480,本圈台阶完成,1,0.0000,0.150,0.330
3205.512,SEEK_ROUNDABOUT,33.892,1,2.363,tracking,0.1450,-0.0647,1,line_curve_center_riding,-0.1532,-0.1412,-0.3410,-0.6605,0.8512,7,0.1998,0.3195,0.5193,-0.3809,-0.0647,IDLE,1,0,step_done_latches_cleared,0,0,0.000,0,nan,nan,nan,0.0000,0,5,0.6050,0.5570,0.2743,0.5570,0.0480,本圈台阶完成,1,0.0000,0.150,0.330
3205.644,SEEK_ROUNDABOUT,34.025,1,2.391,tracking,0.1700,0.1587,1,line_curve_center_riding,-0.3433,-0.3304,-0.5459,-0.7439,0.7683,6,0.2155,0.1979,0.4135,-0.5401,0.1587,IDLE,1,0,step_done_latches_cleared,0,0,0.000,0,nan,nan,nan,0.0000,0,5,0.6050,0.5570,0.2743,0.5570,0.0480,本圈台阶完成,1,0.0000,0.150,0.330
3205.777,SEEK_ROUNDABOUT,34.158,1,2.421,tracking,0.1659,0.3196,1,line_curve_center_riding,-0.4450,-0.4324,-0.6429,-0.8023,0.7741,6,0.2105,0.1594,0.3699,-0.6258,0.3196,IDLE,1,0,step_done_latches_cleared,0,0,0.000,0,nan,nan,nan,0.0000,0,5,0.6050,0.5570,0.2743,0.5570,0.0480,本圈台阶完成,1,0.0000,0.150,0.330
3205.918,SEEK_ROUNDABOUT,34.299,1,2.442,tracking,0.1444,0.4106,1,line_curve_center_riding,-0.4697,-0.4563,-0.6801,-0.8566,0.7702,6,0.2238,0.1765,0.4003,-0.6643,0.4106,IDLE,1,0,step_done_latches_cleared,0,0,0.000,0,nan,nan,nan,0.0000,0,5,0.6050,0.5570,0.2743,0.5570,0.0480,本圈台阶完成,1,0.0000,0.150,0.330
3206.049,SEEK_ROUNDABOUT,34.430,1,2.462,tracking,0.1390,0.4316,1,line_curve_center_riding,-0.4254,-0.4120,-0.6361,-0.8368,0.7679,6,0.2241,0.2008,0.4248,-0.6283,0.4316,IDLE,1,0,step_done_latches_cleared,0,0,0.000,0,nan,nan,nan,0.0000,0,5,0.6050,0.5570,0.2743,0.5570,0.0480,本圈台阶完成,1,0.0000,0.150,0.330
3206.176,SEEK_ROUNDABOUT,34.556,1,2.486,tracking,0.1472,0.3997,1,line_curve_center_riding,-0.3481,-0.3363,-0.5334,-0.6935,0.7765,6,0.1971,0.1602,0.3573,-0.5211,0.3997,IDLE,1,0,step_done_latches_cleared,0,0,0.000,0,nan,nan,nan,0.0000,0,5,0.6050,0.5570,0.2743,0.5570,0.0480,本圈台阶完成,1,0.0000,0.150,0.330
3206.310,SEEK_ROUNDABOUT,34.691,1,2.503,tracking,0.1646,0.3323,1,line_curve_center_riding,-0.2518,-0.2410,-0.4211,-0.6060,0.7765,6,0.1801,0.1849,0.3650,-0.4227,0.3323,IDLE,1,0,step_done_latches_cleared,0,0,0.000,0,nan,nan,nan,0.0000,0,5,0.6050,0.5570,0.2743,0.5570,0.0480,本圈台阶完成,1,0.0000,0.150,0.330
3206.439,SEEK_ROUNDABOUT,34.820,1,2.519,tracking,0.1700,0.2457,1,line_curve_center_riding,-0.1537,-0.1424,-0.3318,-0.4989,0.7759,6,0.1894,0.1671,0.3566,-0.3244,0.2457,IDLE,1,0,step_done_latches_cleared,0,0,0.000,0,nan,nan,nan,0.0000,0,5,0.6050,0.5570,0.2743,0.5570,0.0480,本圈台阶完成,1,0.0000,0.150,0.330
3206.576,SEEK_ROUNDABOUT,34.957,1,2.534,tracking,0.1700,0.1681,1,line_curve_center_riding,-0.0854,-0.0753,-0.2434,-0.4023,0.7816,6,0.1681,0.1589,0.3270,-0.2403,0.1681,IDLE,1,0,step_done_latches_cleared,0,0,0.000,0,nan,nan,nan,0.0000,0,5,0.6050,0.5570,0.2743,0.5570,0.0480,本圈台阶完成,1,0.0000,0.150,0.330
3206.702,SEEK_ROUNDABOUT,35.082,1,2.545,tracking,0.1700,0.0986,1,line_curve_center_riding,-0.0298,-0.0201,-0.1822,-0.3371,0.7832,6,0.1622,0.1549,0.3171,-0.1798,0.0986,IDLE,1,0,step_done_latches_cleared,0,0,0.000,0,nan,nan,nan,0.0000,0,5,0.6050,0.5570,0.2743,0.5570,0.0480,本圈台阶完成,1,0.0000,0.150,0.330
3206.843,SEEK_ROUNDABOUT,35.224,1,2.557,tracking,0.1700,0.0460,1,line_curve_center_riding,0.0069,0.0164,-0.1419,-0.2960,0.7841,6,0.1582,0.1541,0.3123,-0.1405,0.0460,IDLE,1,0,step_done_latches_cleared,0,0,0.000,0,nan,nan,nan,0.0000,0,5,0.6050,0.5570,0.2743,0.5570,0.0480,本圈台阶完成,1,0.0000,0.150,0.330
3206.970,SEEK_ROUNDABOUT,35.351,1,2.567,tracking,0.1700,0.0077,1,line_curve_center_riding,0.0278,0.0370,-0.1167,-0.2650,0.7852,6,0.1537,0.1483,0.3020,-0.1149,0.0077,IDLE,1,0,step_done_latches_cleared,0,0,0.000,0,nan,nan,nan,0.0000,0,5,0.6050,0.5570,0.2743,0.5570,0.0480,本圈台阶完成,1,0.0000,0.150,0.330
3207.102,SEEK_ROUNDABOUT,35.483,1,2.574,tracking,0.1700,-0.0145,1,line_curve_center_riding,0.0351,0.0441,-0.1063,-0.2533,0.7861,6,0.1504,0.1470,0.2974,-0.1052,-0.0145,IDLE,1,0,step_done_latches_cleared,0,0,0.000,0,nan,nan,nan,0.0000,0,5,0.6050,0.5570,0.2743,0.5570,0.0480,本圈台阶完成,1,0.0000,0.150,0.330
3207.236,SEEK_ROUNDABOUT,35.617,1,2.580,tracking,0.1700,-0.0277,1,line_curve_center_riding,0.0385,0.0476,-0.1042,-0.2532,0.7857,6,0.1518,0.1490,0.3008,-0.1033,-0.0277,IDLE,1,0,step_done_latches_cleared,0,0,0.000,0,nan,nan,nan,0.0000,0,5,0.6050,0.5570,0.2743,0.5570,0.0480,本圈台阶完成,1,0.0000,0.150,0.330
3207.372,SEEK_ROUNDABOUT,35.753,1,2.587,tracking,0.1700,-0.0341,1,line_curve_center_riding,0.0381,0.0475,-0.1089,-0.2580,0.7850,6,0.1564,0.1491,0.3055,-0.1065,-0.0341,IDLE,1,0,step_done_latches_cleared,0,0,0.000,0,nan,nan,nan,0.0000,0,5,0.6050,0.5570,0.2743,0.5570,0.0480,本圈台阶完成,1,0.0000,0.150,0.330
3207.513,SEEK_ROUNDABOUT,35.893,1,2.596,tracking,0.1700,-0.0319,1,line_curve_center_riding,0.0285,0.0383,-0.1265,-0.2859,0.7827,6,0.1648,0.1594,0.3242,-0.1247,-0.0319,IDLE,1,0,step_done_latches_cleared,0,0,0.000,0,nan,nan,nan,0.0000,0,5,0.6050,0.5570,0.2743,0.5570,0.0480,本圈台阶完成,1,0.0000,0.150,0.330
3207.671,SEEK_ROUNDABOUT,36.051,1,2.607,tracking,0.1700,-0.0201,1,line_curve_center_riding,0.0089,0.0187,-0.1449,-0.2945,0.7840,6,0.1636,0.1495,0.3131,-0.1402,-0.0201,IDLE,1,0,step_done_latches_cleared,0,0,0.000,0,nan,nan,nan,0.0000,0,5,0.6050,0.5570,0.2743,0.5570,0.0480,本圈台阶完成,1,0.0000,0.150,0.330
3207.801,SEEK_ROUNDABOUT,36.182,1,2.622,tracking,0.1700,-0.0067,1,line_curve_center_riding,-0.0052,0.0055,-0.1730,-0.3378,0.7803,6,0.1785,0.1648,0.3433,-0.1684,-0.0067,IDLE,1,0,step_done_latches_cleared,0,0,0.000,0,nan,nan,nan,0.0000,0,5,0.6050,0.5570,0.2743,0.5570,0.0480,本圈台阶完成,1,0.0000,0.150,0.330
3207.944,SEEK_ROUNDABOUT,36.325,1,2.641,tracking,0.1700,0.0089,1,line_curve_center_riding,-0.0222,-0.0100,-0.2132,-0.4229,0.7716,6,0.2033,0.2096,0.4129,-0.2154,0.0089,IDLE,1,0,step_done_latches_cleared,0,0,0.000,0,nan,nan,nan,0.0000,0,5,0.6050,0.5570,0.2743,0.5570,0.0480,本圈台阶完成,1,0.0000,0.150,0.330
3208.130,SEEK_ROUNDABOUT,36.511,1,2.669,tracking,0.1450,0.0206,1,line_curve_center_riding,-0.0304,-0.0154,-0.2657,-0.5391,0.7563,6,0.2503,0.2734,0.5237,-0.2734,0.0206,IDLE,1,0,step_done_latches_cleared,0,0,0.000,0,nan,nan,nan,0.0000,0,5,0.6050,0.5570,0.2743,0.5570,0.0480,本圈台阶完成,1,0.0000,0.150,0.330
3208.307,SEEK_ROUNDABOUT,36.688,1,2.696,tracking,0.1450,0.0460,1,line_curve_center_riding,-0.0649,-0.0481,-0.3283,-0.6159,0.7517,6,0.2802,0.2876,0.5678,-0.3307,0.0460,IDLE,1,0,step_done_latches_cleared,0,0,0.000,0,nan,nan,nan,0.0000,0,5,0.6050,0.5570,0.2743,0.5570,0.0480,本圈台阶完成,1,0.0000,0.150,0.330
3208.495,SEEK_ROUNDABOUT,36.876,1,2.734,tracking,0.1450,0.0735,1,line_curve_center_riding,-0.0932,-0.0740,-0.3949,-0.4606,0.6711,5,0.3209,0.0657,0.3866,-0.3098,0.0735,IDLE,1,0,step_done_latches_cleared,0,0,0.000,0,nan,nan,nan,0.0000,0,5,0.6050,0.5570,0.2743,0.5570,0.0480,本圈台阶完成,1,0.0000,0.150,0.330
3208.700,SEEK_ROUNDABOUT,37.081,1,2.777,tracking,0.1450,0.1146,1,line_curve_center_riding,-0.1434,-0.1222,-0.4758,-0.5474,0.6620,5,0.3535,0.0716,0.4251,-0.3818,0.1146,IDLE,1,0,step_done_latches_cleared,0,0,0.000,0,nan,nan,nan,0.0000,0,5,0.6050,0.5570,0.2743,0.5570,0.0480,本圈台阶完成,1,0.0000,0.150,0.330
3209.040,SEEK_ROUNDABOUT,37.421,1,2.865,tracking,0.1450,0.1979,1,line_curve_center_riding,-0.2623,-0.2398,-0.6148,-0.6148,0.5589,4,0.3749,0.0000,0.3749,-0.4898,0.1979,IDLE,1,0,step_done_latches_cleared,0,0,0.000,0,nan,nan,nan,0.0000,0,5,0.6050,0.5570,0.2743,0.5570,0.0480,本圈台阶完成,1,0.0000,0.150,0.330
3209.173,SEEK_ROUNDABOUT,37.554,1,2.898,tracking,0.1450,0.2958,1,line_curve_center_riding,-0.3543,-0.3314,-0.7129,-0.7129,0.5523,4,0.3815,0.0000,0.3815,-0.5858,0.2958,IDLE,1,0,step_done_latches_cleared,0,0,0.000,0,nan,nan,nan,0.0000,0,5,0.6050,0.5570,0.2743,0.5570,0.0480,本圈台阶完成,1,0.0000,0.150,0.330
3209.308,SEEK_ROUNDABOUT,37.689,1,2.935,tracking,0.1538,0.3740,1,line_curve_center_riding,-0.4171,-0.4049,-0.6084,-0.6084,0.4653,3,0.2035,0.0000,0.2035,-0.5405,0.3740,IDLE,1,0,step_done_latches_cleared,0,0,0.000,0,nan,nan,nan,0.0000,0,5,0.6050,0.5570,0.2743,0.5570,0.0480,本圈台阶完成,1,0.0000,0.150,0.330
3209.441,SEEK_ROUNDABOUT,37.822,1,2.975,tracking,0.1343,0.4498,1,line_curve_center_riding,-0.4840,-0.4727,-0.6603,-0.6603,0.4642,3,0.1876,0.0000,0.1876,-0.5978,0.4498,IDLE,1,0,step_done_latches_cleared,0,0,0.000,0,nan,nan,nan,0.0000,0,5,0.6050,0.5570,0.2743,0.5570,0.0480,本圈台阶完成,1,0.0000,0.150,0.330
3209.578,SEEK_ROUNDABOUT,37.959,1,3.014,tracking,0.1166,0.5188,1,line_curve_center_riding,-0.5428,-0.5297,-0.7473,-0.7473,0.4578,3,0.2176,0.0000,0.2176,-0.6748,0.5188,IDLE,1,0,step_done_latches_cleared,0,0,0.000,0,nan,nan,nan,0.0000,0,5,0.6050,0.5570,0.2743,0.5570,0.0480,本圈台阶完成,1,0.0000,0.150,0.330
3209.713,SEEK_ROUNDABOUT,38.093,1,3.056,tracking,0.1050,0.5638,1,line_curve_center_riding,-0.5644,-0.5504,-0.7835,-0.7835,0.4435,3,0.2332,0.0000,0.2332,-0.7058,0.5638,IDLE,1,0,step_done_latches_cleared,0,0,0.000,0,nan,nan,nan,0.0000,0,5,0.6050,0.5570,0.2743,0.5570,0.0480,本圈台阶完成,1,0.0000,0.150,0.330
3209.845,SEEK_ROUNDABOUT,38.226,1,3.088,tracking,0.1057,0.5613,1,line_curve_center_riding,-0.5225,-0.5069,-0.7671,-0.7671,0.4327,3,0.2603,0.0000,0.2603,-0.6804,0.5613,IDLE,1,0,step_done_latches_cleared,0,0,0.000,0,nan,nan,nan,0.0000,0,5,0.6050,0.5570,0.2743,0.5570,0.0480,本圈台阶完成,1,0.0000,0.150,0.330
3209.974,SEEK_ROUNDABOUT,38.355,1,3.125,tracking,0.1077,0.5534,1,line_curve_center_riding,-0.5065,-0.4895,-0.7733,-0.7733,0.4243,3,0.2838,0.0000,0.2838,-0.6787,0.5534,IDLE,1,0,step_done_latches_cleared,0,0,0.000,0,nan,nan,nan,0.0000,0,5,0.6050,0.5570,0.2743,0.5570,0.0480,本圈台阶完成,1,0.0000,0.150,0.330
3210.099,SEEK_ROUNDABOUT,38.480,1,3.152,tracking,0.1189,0.5099,1,line_curve_center_riding,-0.4376,-0.4214,-0.6917,-0.6917,0.4293,3,0.2703,0.0000,0.2703,-0.6016,0.5099,IDLE,1,0,step_done_latches_cleared,0,0,0.000,0,nan,nan,nan,0.0000,0,5,0.6050,0.5570,0.2743,0.5570,0.0480,本圈台阶完成,1,0.0000,0.150,0.330
3210.233,SEEK_ROUNDABOUT,38.614,1,3.178,tracking,0.1326,0.4567,1,line_curve_center_riding,-0.3767,-0.3618,-0.6104,-0.6104,0.4418,3,0.2486,0.0000,0.2486,-0.5276,0.4567,IDLE,1,0,step_done_latches_cleared,0,0,0.000,0,nan,nan,nan,0.0000,0,5,0.6050,0.5570,0.2743,0.5570,0.0480,本圈台阶完成,1,0.0000,0.150,0.330
3210.363,SEEK_ROUNDABOUT,38.744,1,3.202,tracking,0.1450,0.3825,1,line_curve_center_riding,-0.2909,-0.2621,-0.7418,-0.7418,0.5265,4,0.4797,0.0000,0.4797,-0.5819,0.3825,IDLE,1,0,step_done_latches_cleared,0,0,0.000,0,nan,nan,nan,0.0000,0,5,0.6050,0.5570,0.2743,0.5570,0.0480,本圈台阶完成,1,0.0000,0.150,0.330
3210.512,SEEK_ROUNDABOUT,38.893,1,3.226,tracking,0.1450,0.3092,1,line_curve_center_riding,-0.2196,-0.1908,-0.6702,-0.6702,0.5289,4,0.4794,0.0000,0.4794,-0.5104,0.3092,IDLE,1,0,step_done_latches_cleared,0,0,0.000,0,nan,nan,nan,0.0000,0,5,0.6050,0.5570,0.2743,0.5570,0.0480,本圈台阶完成,1,0.0000,0.150,0.330
3210.640,SEEK_ROUNDABOUT,39.021,1,3.248,tracking,0.1450,0.2565,1,line_curve_center_riding,-0.1899,-0.1640,-0.5959,-0.5959,0.5365,4,0.4319,0.0000,0.4319,-0.4520,0.2565,IDLE,1,0,step_done_latches_cleared,0,0,0.000,0,nan,nan,nan,0.0000,0,5,0.6050,0.5570,0.2743,0.5570,0.0480,本圈台阶完成,1,0.0000,0.150,0.330
3210.777,SEEK_ROUNDABOUT,39.157,1,3.268,tracking,0.1450,0.1918,1,line_curve_center_riding,-0.1206,-0.0943,-0.5333,-0.5333,0.5362,4,0.4390,0.0000,0.4390,-0.3870,0.1918,IDLE,1,0,step_done_latches_cleared,0,0,0.000,0,nan,nan,nan,0.0000,0,5,0.6050,0.5570,0.2743,0.5570,0.0480,本圈台阶完成,1,0.0000,0.150,0.330
3210.907,SEEK_ROUNDABOUT,39.287,1,3.281,tracking,0.1450,0.1514,1,line_curve_center_riding,-0.1024,-0.0747,-0.5366,-0.5366,0.5330,4,0.4619,0.0000,0.4619,-0.3826,0.1514,IDLE,1,0,step_done_latches_cleared,0,0,0.000,0,nan,nan,nan,0.0000,0,5,0.6050,0.5570,0.2743,0.5570,0.0480,本圈台阶完成,1,0.0000,0.150,0.330
3211.038,SEEK_ROUNDABOUT,39.419,1,3.292,tracking,0.1450,0.1151,1,line_curve_center_riding,-0.0737,-0.0463,-0.5032,-0.5032,0.5354,4,0.4569,0.0000,0.4569,-0.3509,0.1151,IDLE,1,0,step_done_latches_cleared,0,0,0.000,0,nan,nan,nan,0.0000,0,5,0.6050,0.5570,0.2743,0.5570,0.0480,本圈台阶完成,1,0.0000,0.150,0.330
3211.170,SEEK_ROUNDABOUT,39.550,1,3.301,tracking,0.1450,0.0906,1,line_curve_center_riding,-0.0610,-0.0348,-0.4714,-0.4714,0.5380,4,0.4366,0.0000,0.4366,-0.3259,0.0906,IDLE,1,0,step_done_latches_cleared,0,0,0.000,0,nan,nan,nan,0.0000,0,5,0.6050,0.5570,0.2743,0.5570,0.0480,本圈台阶完成,1,0.0000,0.150,0.330
3211.305,SEEK_ROUNDABOUT,39.686,1,3.306,tracking,0.1450,0.0820,1,line_curve_center_riding,-0.0665,-0.0353,-0.5552,-0.8229,0.6109,5,0.5199,0.2676,0.7875,-0.4711,0.0820,IDLE,1,0,step_done_latches_cleared,0,0,0.000,0,nan,nan,nan,0.0000,0,5,0.6050,0.5570,0.2743,0.5570,0.0480,本圈台阶完成,1,0.0000,0.150,0.330
3211.458,SEEK_ROUNDABOUT,39.838,1,3.309,tracking,0.1450,0.0731,1,line_curve_center_riding,-0.0593,-0.0270,-0.5655,-0.8684,0.6051,5,0.5385,0.3029,0.8414,-0.4870,0.0731,IDLE,1,0,step_done_latches_cleared,0,0,0.000,0,nan,nan,nan,0.0000,0,5,0.6050,0.5570,0.2743,0.5570,0.0480,本圈台阶完成,1,0.0000,0.150,0.330
3211.595,SEEK_ROUNDABOUT,39.976,1,3.310,tracking,0.1450,0.0576,1,line_curve_center_riding,-0.0403,-0.0077,-0.5503,-0.8735,0.6033,5,0.5426,0.3233,0.8659,-0.4772,0.0576,IDLE,1,0,step_done_latches_cleared,0,0,0.000,0,nan,nan,nan,0.0000,0,5,0.6050,0.5570,0.2743,0.5570,0.0480,本圈台阶完成,1,0.0000,0.150,0.330
3212.047,SEEK_ROUNDABOUT,40.428,1,3.311,tracking,0.1450,0.0303,1,line_curve_center_riding,-0.0009,0.0292,-0.4739,-0.5348,0.6331,5,0.5031,0.0609,0.5640,-0.3265,0.0303,IDLE,1,0,step_done_latches_cleared,0,0,0.000,0,nan,nan,nan,0.0000,0,5,0.6050,0.5570,0.2743,0.5570,0.0480,本圈台阶完成,1,0.0000,0.150,0.330
3212.185,SEEK_ROUNDABOUT,40.566,1,3.312,tracking,0.1450,-0.0101,1,line_recenter_transition,0.0423,0.0523,-0.4464,-0.5101,0.6342,5,0.4987,0.0636,0.5624,-0.3014,-0.0101,IDLE,1,0,step_done_latches_cleared,0,0,0.000,0,nan,nan,nan,0.0000,0,5,0.6050,0.5570,0.2743,0.5570,0.0480,本圈台阶完成,1,0.0000,0.150,0.330
3212.311,SEEK_ROUNDABOUT,40.692,1,3.315,tracking,0.1450,-0.0362,1,line_recenter_transition,0.0574,0.0671,-0.4213,-0.4827,0.6359,5,0.4885,0.0614,0.5499,-0.2790,-0.0362,IDLE,1,0,step_done_latches_cleared,0,0,0.000,0,nan,nan,nan,0.0000,0,5,0.6050,0.5570,0.2743,0.5570,0.0480,本圈台阶完成,1,0.0000,0.150,0.330
3212.442,SEEK_ROUNDABOUT,40.823,1,3.320,tracking,0.1450,-0.0452,1,line_recenter_transition,0.0517,0.0612,-0.4143,-0.8497,0.7105,6,0.4755,0.4354,0.9109,-0.4009,-0.0452,IDLE,1,0,step_done_latches_cleared,0,0,0.000,0,nan,nan,nan,0.0000,0,5,0.6050,0.5570,0.2743,0.5570,0.0480,本圈台阶完成,1,0.0000,0.150,0.330
3212.580,SEEK_ROUNDABOUT,40.961,1,3.328,tracking,0.1450,-0.0264,1,line_curve_center_riding,0.0106,0.0333,-0.3444,-0.3444,0.5499,4,0.3777,0.0000,0.3777,-0.2185,-0.0264,IDLE,1,0,step_done_latches_cleared,0,0,0.000,0,nan,nan,nan,0.0000,0,5,0.6050,0.5570,0.2743,0.5570,0.0480,本圈台阶完成,1,0.0000,0.150,0.330
3212.710,SEEK_ROUNDABOUT,41.091,1,3.337,tracking,0.1450,0.0083,1,line_curve_center_riding,-0.0363,-0.0046,-0.5337,-0.8235,0.6062,5,0.5292,0.2898,0.8189,-0.4539,0.0083,IDLE,1,0,step_done_latches_cleared,0,0,0.000,0,nan,nan,nan,0.0000,0,5,0.6050,0.5570,0.2743,0.5570,0.0480,本圈台阶完成,1,0.0000,0.150,0.330
3212.838,SEEK_ROUNDABOUT,41.219,1,3.349,tracking,0.1450,0.0579,1,line_curve_center_riding,-0.0956,-0.0653,-0.5702,-0.8174,0.7174,6,0.5049,0.2472,0.7520,-0.4843,0.0579,IDLE,1,0,step_done_latches_cleared,0,0,0.000,0,nan,nan,nan,0.0000,0,5,0.6050,0.5570,0.2743,0.5570,0.0480,本圈台阶完成,1,0.0000,0.150,0.330
3212.971,SEEK_ROUNDABOUT,41.352,1,3.367,tracking,0.1450,0.1161,1,line_curve_center_riding,-0.1582,-0.1284,-0.6251,-0.6919,0.6328,5,0.4966,0.0669,0.5635,-0.4818,0.1161,IDLE,1,0,step_done_latches_cleared,0,0,0.000,0,nan,nan,nan,0.0000,0,5,0.6050,0.5570,0.2743,0.5570,0.0480,本圈台阶完成,1,0.0000,0.150,0.330
3213.105,SEEK_ROUNDABOUT,41.486,1,3.380,tracking,0.1700,0.1811,1,line_curve_center_riding,-0.2248,-0.2130,-0.4093,-0.4093,0.4643,3,0.1963,0.0000,0.1963,-0.3439,0.1811,IDLE,1,0,step_done_latches_cleared,0,0,0.000,0,nan,nan,nan,0.0000,0,5,0.6050,0.5570,0.2743,0.5570,0.0480,本圈台阶完成,1,0.0000,0.150,0.330
3213.234,SEEK_ROUNDABOUT,41.615,1,3.403,tracking,0.1700,0.2314,1,line_curve_center_riding,-0.2598,-0.2487,-0.4337,-0.4337,0.4624,3,0.1850,0.0000,0.1850,-0.3721,0.2314,IDLE,1,0,step_done_latches_cleared,0,0,0.000,0,nan,nan,nan,0.0000,0,5,0.6050,0.5570,0.2743,0.5570,0.0480,本圈台阶完成,1,0.0000,0.150,0.330
3213.375,SEEK_ROUNDABOUT,41.756,1,3.431,tracking,0.1450,0.2978,1,line_curve_center_riding,-0.3342,-0.3103,-0.7092,-0.7665,0.6487,5,0.3989,0.0573,0.4562,-0.5953,0.2978,IDLE,1,0,step_done_latches_cleared,0,0,0.000,0,nan,nan,nan,0.0000,0,5,0.6050,0.5570,0.2743,0.5570,0.0480,本圈台阶完成,1,0.0000,0.150,0.330
3213.503,SEEK_ROUNDABOUT,41.884,1,3.454,tracking,0.1450,0.3470,1,line_curve_center_riding,-0.3656,-0.3427,-0.7250,-0.7731,0.5484,4,0.3823,0.0481,0.4304,-0.6136,0.3470,IDLE,1,0,step_done_latches_cleared,0,0,0.000,0,nan,nan,nan,0.0000,0,5,0.6050,0.5570,0.2743,0.5570,0.0480,本圈台阶完成,1,0.0000,0.150,0.330
3213.645,SEEK_ROUNDABOUT,42.026,1,3.482,tracking,0.1537,0.3744,1,line_center_tracking,-0.3738,-0.3659,-0.3942,-0.3942,0.3953,2,0.0283,0.0000,0.0283,-0.3848,0.3744,IDLE,1,0,step_done_latches_cleared,0,0,0.000,0,nan,nan,nan,0.0000,0,5,0.6050,0.5570,0.2743,0.5570,0.0480,本圈台阶完成,1,0.0000,0.150,0.330
3213.776,SEEK_ROUNDABOUT,42.157,1,3.513,tracking,0.1450,0.3885,1,line_curve_center_riding,-0.3737,-0.3538,-0.6858,-0.8379,0.4423,3,0.3320,0.1522,0.4841,-0.6258,0.3885,IDLE,1,0,step_done_latches_cleared,0,0,0.000,0,nan,nan,nan,0.0000,0,5,0.6050,0.5570,0.2743,0.5570,0.0480,本圈台阶完成,1,0.0000,0.150,0.330
3213.915,SEEK_ROUNDABOUT,42.296,1,3.546,tracking,0.1450,0.3928,1,line_curve_center_riding,-0.3687,-0.3513,-0.6414,-0.7523,0.7617,6,0.2901,0.1109,0.4010,-0.5817,0.3928,IDLE,1,0,step_done_latches_cleared,0,0,0.000,0,nan,nan,nan,0.0000,0,5,0.6050,0.5570,0.2743,0.5570,0.0480,本圈台阶完成,1,0.0000,0.150,0.330
3214.048,SEEK_ROUNDABOUT,42.429,1,3.579,tracking,0.1494,0.3913,1,line_curve_center_riding,-0.3616,-0.3489,-0.5603,-0.5929,0.5023,3,0.2114,0.0326,0.2439,-0.5007,0.3913,IDLE,1,0,step_done_latches_cleared,0,0,0.000,0,nan,nan,nan,0.0000,0,5,0.6050,0.5570,0.2743,0.5570,0.0480,本圈台阶完成,1,0.0000,0.150,0.330
3214.179,SEEK_ROUNDABOUT,42.560,1,3.614,tracking,0.1539,0.3738,1,line_center_tracking,-0.3322,-0.3090,-0.3918,-0.3918,0.4109,2,0.0828,0.0000,0.0828,-0.3642,0.3738,IDLE,1,0,step_done_latches_cleared,0,0,0.000,0,nan,nan,nan,0.0000,0,5,0.6050,0.5570,0.2743,0.5570,0.0480,本圈台阶完成,1,0.0000,0.150,0.330
3214.313,SEEK_ROUNDABOUT,42.694,1,3.648,tracking,0.1607,0.3472,1,line_curve_center_riding,-0.2990,-0.2875,-0.4781,-0.5131,0.6901,5,0.1905,0.0351,0.2256,-0.4262,0.3472,IDLE,1,0,step_done_latches_cleared,0,0,0.000,0,nan,nan,nan,0.0000,0,5,0.6050,0.5570,0.2743,0.5570,0.0480,本圈台阶完成,1,0.0000,0.150,0.330
3214.457,SEEK_ROUNDABOUT,42.837,1,3.690,tracking,0.1672,0.3221,1,line_curve_center_riding,-0.2756,-0.2680,-0.3955,-0.6440,0.6839,5,0.1276,0.2485,0.3761,-0.4358,0.3221,IDLE,1,0,step_done_latches_cleared,0,0,0.000,0,nan,nan,nan,0.0000,0,5,0.6050,0.5570,0.2743,0.5570,0.0480,本圈台阶完成,1,0.0000,0.150,0.330
3214.588,SEEK_ROUNDABOUT,42.968,1,3.719,tracking,0.1784,0.2783,1,line_center_tracking,-0.2209,-0.1971,-0.2822,-0.2822,0.5177,3,0.0851,0.0000,0.0851,-0.2538,0.2783,IDLE,1,0,step_done_latches_cleared,0,0,0.000,0,nan,nan,nan,0.0000,0,5,0.6050,0.5570,0.2743,0.5570,0.0480,本圈台阶完成,1,0.0000,0.150,0.330
3214.766,SEEK_ROUNDABOUT,43.146,1,3.769,tracking,0.1700,0.2158,1,line_curve_center_riding,-0.1430,-0.1356,-0.2588,-0.2588,0.5189,3,0.1232,0.0000,0.1232,-0.2177,0.2158,IDLE,1,0,step_done_latches_cleared,0,0,0.000,0,nan,nan,nan,0.0000,0,5,0.6050,0.5570,0.2743,0.5570,0.0480,本圈台阶完成,1,0.0000,0.150,0.330
3214.913,SEEK_ROUNDABOUT,43.293,1,3.809,tracking,0.1700,0.1815,1,line_curve_center_riding,-0.1357,-0.1290,-0.2414,-0.3162,0.6157,4,0.1124,0.0748,0.1873,-0.2289,0.1815,IDLE,1,0,step_done_latches_cleared,0,0,0.000,0,nan,nan,nan,0.0000,0,5,0.6050,0.5570,0.2743,0.5570,0.0480,本圈台阶完成,1,0.0000,0.150,0.330
3215.102,SEEK_ROUNDABOUT,43.483,1,3.849,tracking,0.2107,0.1530,1,line_center_tracking,-0.1141,-0.0872,-0.1832,-0.1912,0.5312,3,0.0961,0.0079,0.1040,-0.1539,0.1530,IDLE,1,0,step_done_latches_cleared,0,0,0.000,0,nan,nan,nan,0.0000,0,5,0.6050,0.5570,0.2743,0.5570,0.0480,本圈台阶完成,1,0.0000,0.150,0.330
3215.305,ROUNDABOUT_APPROACH,0.000,1,3.890,tracking,0.1700,0.0680,1,line_curve_center_riding,-0.0629,-0.0544,-0.1974,-0.3183,0.7769,6,0.1431,0.1209,0.2640,-0.1900,0.0680,IDLE,1,0,step_done_latches_cleared,0,0,0.000,0,nan,nan,nan,0.0000,0,5,0.6050,0.5570,0.2743,0.5570,0.0480,本圈台阶完成,1,0.0000,0.150,0.330
3215.440,ROUNDABOUT_APPROACH,0.135,1,3.890,tracking,0.2207,0.0709,1,line_center_tracking,-0.0679,-0.0459,-0.1244,-0.1877,0.6235,4,0.0785,0.0633,0.1418,-0.1194,0.0709,IDLE,1,0,step_done_latches_cleared,0,0,0.000,0,nan,nan,nan,0.0000,0,5,0.6050,0.5570,0.2743,0.5570,0.0480,本圈台阶完成,1,0.0000,0.150,0.330
3215.577,ROUNDABOUT_APPROACH,0.273,1,3.890,tracking,0.2326,0.0550,1,line_center_tracking,-0.0385,-0.0182,-0.0906,-0.1749,0.6221,4,0.0724,0.0843,0.1567,-0.0946,0.0550,IDLE,1,0,step_done_latches_cleared,0,0,0.000,0,nan,nan,nan,0.0000,0,5,0.6050,0.5570,0.2743,0.5570,0.0480,本圈台阶完成,1,0.0000,0.150,0.330
3215.721,ROUNDABOUT_APPROACH,0.416,1,3.890,tracking,0.1819,0.0499,1,line_curve_center_riding,-0.0408,-0.0335,-0.1552,-0.0884,0.4628,3,0.1217,0.0669,0.0548,-0.0924,0.0499,IDLE,1,0,step_done_latches_cleared,0,0,0.000,0,nan,nan,nan,0.0000,0,5,0.6050,0.5570,0.2743,0.5570,0.0480,本圈台阶完成,1,0.0000,0.150,0.330
3215.863,ROUNDABOUT_APPROACH,0.559,1,3.890,tracking,0.1700,0.0485,1,line_curve_center_riding,-0.0432,-0.0297,-0.2545,-0.2545,0.4846,3,0.2248,0.0000,0.2248,-0.1796,0.0485,IDLE,1,0,step_done_latches_cleared,0,0,0.000,0,nan,nan,nan,0.0000,0,5,0.6050,0.5570,0.2743,0.5570,0.0480,本圈台阶完成,1,0.0000,0.150,0.330
3216.003,ROUNDABOUT_APPROACH,0.698,1,3.890,tracking,0.1700,0.0285,1,line_curve_center_riding,-0.0102,-0.0043,-0.1027,-0.2140,0.6112,4,0.0984,0.1113,0.2097,-0.1070,0.0285,IDLE,1,0,step_done_latches_cleared,0,0,0.000,0,nan,nan,nan,0.0000,0,5,0.6050,0.5570,0.2743,0.5570,0.0480,本圈台阶完成,1,0.0000,0.150,0.330
3216.134,ROUNDABOUT_APPROACH,0.829,1,3.890,tracking,0.1700,0.2009,1,line_curve_center_riding,-0.3198,-0.3336,-0.1031,-0.1731,0.6657,5,0.2305,0.0699,0.1606,-0.2033,0.2009,IDLE,1,0,step_done_latches_cleared,0,0,0.000,0,nan,nan,nan,0.0000,0,5,0.6050,0.5570,0.2743,0.5570,0.0480,本圈台阶完成,1,0.0000,0.150,0.330
3216.271,ROUNDABOUT_APPROACH,0.967,1,3.890,tracking,0.1450,0.0660,1,line_curve_center_riding,0.0308,0.0485,-0.2465,-0.2465,0.3242,2,0.2950,0.0000,0.2950,-0.1482,0.0660,IDLE,1,0,step_done_latches_cleared,0,0,0.000,0,nan,nan,nan,0.0000,0,5,0.6050,0.5570,0.2743,0.5570,0.0480,本圈台阶完成,1,0.0000,0.150,0.330
3216.399,ROUNDABOUT_APPROACH,1.095,1,3.890,tracking,0.1450,-0.0081,1,line_recenter_transition,0.0752,0.0814,-0.2249,-0.2249,0.3184,2,0.3062,0.0000,0.3062,-0.1228,-0.0081,IDLE,1,0,step_done_latches_cleared,0,0,0.000,0,nan,nan,nan,0.0000,0,5,0.6050,0.5570,0.2743,0.5570,0.0480,本圈台阶完成,1,0.0000,0.150,0.330
3216.529,ROUNDABOUT_APPROACH,1.224,1,3.890,tracking,0.1450,-0.0562,1,line_recenter_transition,0.0975,0.1035,-0.1933,-0.1933,0.3232,2,0.2968,0.0000,0.2968,-0.0944,-0.0562,IDLE,1,0,step_done_latches_cleared,0,0,0.000,0,nan,nan,nan,0.0000,0,5,0.6050,0.5570,0.2743,0.5570,0.0480,本圈台阶完成,1,0.0000,0.150,0.330
3216.659,ROUNDABOUT_APPROACH,1.354,1,3.890,tracking,0.1944,0.0635,1,line_center_tracking,-0.1475,-0.1399,-0.1670,-0.1670,0.3987,2,0.0271,0.0000,0.0271,-0.1580,0.0635,IDLE,1,0,step_done_latches_cleared,0,0,0.000,0,nan,nan,nan,0.0000,0,5,0.6050,0.5570,0.2743,0.5570,0.0480,本圈台阶完成,1,0.0000,0.150,0.330
3216.788,ROUNDABOUT_APPROACH,1.483,1,3.890,tracking,0.2184,0.1229,1,line_center_tracking,-0.1704,-0.1551,-0.2098,-0.2098,0.3211,2,0.0547,0.0000,0.0547,-0.1916,0.1229,IDLE,1,0,step_done_latches_cleared,0,0,0.000,0,nan,nan,nan,0.0000,0,5,0.6050,0.5570,0.2743,0.5570,0.0480,本圈台阶完成,1,0.0000,0.150,0.330
3216.916,ROUNDABOUT_APPROACH,1.612,1,3.890,tracking,0.2120,0.1476,1,line_center_tracking,-0.1624,-0.1460,-0.2046,-0.2046,0.3101,2,0.0586,0.0000,0.0586,-0.1851,0.1476,IDLE,1,0,step_done_latches_cleared,0,0,0.000,0,nan,nan,nan,0.0000,0,5,0.6050,0.5570,0.2743,0.5570,0.0480,本圈台阶完成,1,0.0000,0.150,0.330
3217.042,ROUNDABOUT_APPROACH,1.737,1,3.890,tracking,0.2127,0.1451,1,line_center_tracking,-0.1354,-0.1193,-0.1766,-0.1766,0.3138,2,0.0573,0.0000,0.0573,-0.1575,0.1451,IDLE,1,0,step_done_latches_cleared,0,0,0.000,0,nan,nan,nan,0.0000,0,5,0.6050,0.5570,0.2743,0.5570,0.0480,本圈台阶完成,1,0.0000,0.150,0.330
3217.176,ROUNDABOUT_APPROACH,1.871,1,3.890,tracking,0.2290,0.0815,1,line_center_tracking,-0.0253,-0.0569,0.0559,0.0008,0.7901,6,0.1128,0.0551,0.0577,-0.0001,0.0815,IDLE,1,0,step_done_latches_cleared,0,0,0.000,0,nan,nan,nan,0.0000,0,5,0.6050,0.5570,0.2743,0.5570,0.0480,本圈台阶完成,1,0.0000,0.150,0.330
3217.307,ROUNDABOUT_APPROACH,2.002,1,3.890,tracking,0.2382,-0.0027,1,line_center_tracking,0.0742,0.0607,0.1089,0.1089,0.3394,2,0.0482,0.0000,0.0482,0.0928,-0.0027,IDLE,1,0,step_done_latches_cleared,0,0,0.000,0,nan,nan,nan,0.0000,0,5,0.6050,0.5570,0.2743,0.5570,0.0480,本圈台阶完成,1,0.0000,0.150,0.330
3217.436,ROUNDABOUT_APPROACH,2.131,1,3.890,tracking,0.2331,-0.0269,1,line_center_tracking,0.0519,0.0242,0.1231,0.0732,0.7779,6,0.0989,0.0499,0.0490,0.0735,-0.0269,IDLE,1,0,step_done_latches_cleared,0,0,0.000,0,nan,nan,nan,0.0000,0,5,0.6050,0.5570,0.2743,0.5570,0.0480,本圈台阶完成,1,0.0000,0.150,0.330
3217.563,ROUNDABOUT_APPROACH,2.258,1,3.890,tracking,0.1849,-0.0361,1,line_curve_center_riding,0.0436,0.0364,0.1569,0.1033,0.7742,6,0.1205,0.0536,0.0669,0.0989,-0.0361,IDLE,1,0,step_done_latches_cleared,0,0,0.000,0,nan,nan,nan,0.0000,0,5,0.6050,0.5570,0.2743,0.5570,0.0480,本圈台阶完成,1,0.0000,0.150,0.330
3217.698,ROUNDABOUT_APPROACH,2.393,1,3.890,tracking,0.2234,-0.0930,1,line_center_tracking,0.1323,0.1370,0.1201,0.0949,0.8011,6,0.0169,0.0252,0.0421,0.1173,-0.0930,IDLE,1,0,step_done_latches_cleared,0,0,0.000,0,nan,nan,nan,0.0000,0,5,0.6050,0.5570,0.2743,0.5570,0.0480,本圈台阶完成,1,0.0000,0.150,0.330
3217.831,ROUNDABOUT_APPROACH,2.527,1,3.890,tracking,0.2226,-0.1065,1,line_center_tracking,0.1144,0.1301,0.0740,0.0718,0.8804,7,0.0561,0.0022,0.0583,0.0920,-0.1065,IDLE,1,0,step_done_latches_cleared,0,0,0.000,0,nan,nan,nan,0.0000,0,5,0.6050,0.5570,0.2743,0.5570,0.0480,本圈台阶完成,1,0.0000,0.150,0.330
3217.959,ROUNDABOUT_APPROACH,2.654,1,3.890,tracking,0.2239,-0.1014,1,line_center_tracking,0.0917,0.0972,0.0775,0.0775,0.4194,2,0.0198,0.0000,0.0198,0.0841,-0.1014,IDLE,1,0,step_done_latches_cleared,0,0,0.000,0,nan,nan,nan,0.0000,0,5,0.6050,0.5570,0.2743,0.5570,0.0480,本圈台阶完成,1,0.0000,0.150,0.330
3218.087,ROUNDABOUT_APPROACH,2.782,1,3.890,tracking,0.2304,-0.0761,1,line_center_tracking,0.0504,0.0492,0.0536,0.0375,0.8078,6,0.0044,0.0161,0.0117,0.0467,-0.0761,IDLE,1,0,step_done_latches_cleared,0,0,0.000,0,nan,nan,nan,0.0000,0,5,0.6050,0.5570,0.2743,0.5570,0.0480,本圈台阶完成,1,0.0000,0.150,0.330
3218.220,ROUNDABOUT_APPROACH,2.915,1,3.890,tracking,0.2326,-0.0677,1,line_center_tracking,0.0538,0.0520,0.0585,0.0250,0.6391,4,0.0066,0.0336,0.0270,0.0451,-0.0677,IDLE,1,0,step_done_latches_cleared,0,0,0.000,0,nan,nan,nan,0.0000,0,5,0.6050,0.5570,0.2743,0.5570,0.0480,本圈台阶完成,1,0.0000,0.150,0.330
3218.355,ROUNDABOUT_APPROACH,3.051,1,3.890,tracking,0.2341,-0.0618,1,line_center_tracking,0.0516,0.0657,0.0154,0.0035,0.6387,4,0.0503,0.0119,0.0622,0.0282,-0.0618,IDLE,1,0,step_done_latches_cleared,0,0,0.000,0,nan,nan,nan,0.0000,0,5,0.6050,0.5570,0.2743,0.5570,0.0480,本圈台阶完成,1,0.0000,0.150,0.330
3218.481,ROUNDABOUT_APPROACH,3.176,1,3.890,tracking,0.1865,-0.0280,1,line_curve_center_riding,-0.0010,-0.0035,0.0378,-0.4431,0.7238,6,0.0413,0.4809,0.4395,-0.1363,-0.0280,IDLE,1,0,step_done_latches_cleared,0,0,0.000,0,nan,nan,nan,0.0000,0,5,0.6050,0.5570,0.2743,0.5570,0.0480,本圈台阶完成,1,0.0000,0.150,0.330
3218.613,ROUNDABOUT_APPROACH,3.308,1,3.890,tracking,0.1450,-0.0263,1,line_curve_center_riding,0.0199,0.0229,-0.0273,-0.4013,0.6718,5,0.0502,0.3740,0.4242,-0.1353,-0.0263,IDLE,1,0,step_done_latches_cleared,0,0,0.000,0,nan,nan,nan,0.0000,0,5,0.6050,0.5570,0.2743,0.5570,0.0480,本圈台阶完成,1,0.0000,0.150,0.330
3218.756,ROUNDABOUT_APPROACH,3.451,1,3.890,tracking,0.1450,-0.0362,1,line_curve_center_riding,0.0409,0.0526,-0.1427,-0.6414,0.6420,5,0.1953,0.4987,0.6941,-0.2438,-0.0362,IDLE,1,0,step_done_latches_cleared,0,0,0.000,0,nan,nan,nan,0.0000,0,5,0.6050,0.5570,0.2743,0.5570,0.0480,本圈台阶完成,1,0.0000,0.150,0.330
3218.894,ROUNDABOUT_APPROACH,3.590,1,3.890,tracking,0.1957,0.0228,1,line_center_tracking,-0.0674,-0.0576,-0.0927,-0.1321,0.7895,6,0.0351,0.0394,0.0745,-0.0941,0.0228,IDLE,1,0,step_done_latches_cleared,0,0,0.000,0,nan,nan,nan,0.0000,0,5,0.6050,0.5570,0.2743,0.5570,0.0480,本圈台阶完成,1,0.0000,0.150,0.330
3219.025,ROUNDABOUT_APPROACH,3.721,1,3.890,tracking,0.1459,0.0442,1,line_curve_center_riding,-0.0627,-0.0473,-0.3041,-0.6167,0.6431,5,0.2568,0.3126,0.5694,-0.3227,0.0442,IDLE,1,0,step_done_latches_cleared,0,0,0.000,0,nan,nan,nan,0.0000,0,5,0.6050,0.5570,0.2743,0.5570,0.0480,本圈台阶完成,1,0.0000,0.150,0.330
3219.153,ROUNDABOUT_APPROACH,3.848,1,3.890,tracking,0.1945,0.0623,1,line_center_tracking,-0.0742,-0.0591,-0.1130,-0.1392,0.9736,8,0.0539,0.0263,0.0801,-0.1037,0.0623,IDLE,1,0,step_done_latches_cleared,0,0,0.000,0,nan,nan,nan,0.0000,0,5,0.6050,0.5570,0.2743,0.5570,0.0480,本圈台阶完成,1,0.0000,0.150,0.330
3219.286,ROUNDABOUT_APPROACH,3.981,1,3.890,tracking,0.2345,0.0605,1,line_center_tracking,-0.0565,-0.0519,-0.0684,-0.1039,0.9886,8,0.0165,0.0355,0.0520,-0.0747,0.0605,IDLE,1,0,step_done_latches_cleared,0,0,0.000,0,nan,nan,nan,0.0000,0,5,0.6050,0.5570,0.2743,0.5570,0.0480,本圈台阶完成,1,0.0000,0.150,0.330
3219.430,ROUNDABOUT_APPROACH,4.125,1,3.890,tracking,0.1838,0.1206,1,line_curve_center_riding,-0.1600,-0.1437,-0.4158,-0.4158,0.4555,3,0.2721,0.0000,0.2721,-0.3251,0.1206,IDLE,1,0,step_done_latches_cleared,0,0,0.000,0,nan,nan,nan,0.0000,0,5,0.6050,0.5570,0.2743,0.5570,0.0480,本圈台阶完成,1,0.0000,0.150,0.330
3219.556,ROUNDABOUT_APPROACH,4.251,1,3.890,tracking,0.2247,0.0984,1,line_center_tracking,-0.0786,-0.0887,-0.0528,-0.0528,0.3738,2,0.0360,0.0000,0.0360,-0.0647,0.0984,IDLE,1,0,step_done_latches_cleared,0,0,0.000,0,nan,nan,nan,0.0000,0,5,0.6050,0.5570,0.2743,0.5570,0.0480,本圈台阶完成,1,0.0000,0.150,0.330
3219.683,ROUNDABOUT_APPROACH,4.378,1,3.890,tracking,0.2310,0.0738,1,line_center_tracking,-0.0478,-0.0647,-0.0043,-0.0043,0.3050,2,0.0605,0.0000,0.0605,-0.0244,0.0738,IDLE,1,0,step_done_latches_cleared,0,0,0.000,0,nan,nan,nan,0.0000,0,5,0.6050,0.5570,0.2743,0.5570,0.0480,本圈台阶完成,1,0.0000,0.150,0.330
3219.812,ROUNDABOUT_APPROACH,4.508,1,3.890,tracking,0.2395,0.0409,1,line_center_tracking,-0.0096,-0.0122,-0.0030,-0.0333,0.7276,5,0.0092,0.0302,0.0210,-0.0162,0.0409,IDLE,1,0,step_done_latches_cleared,0,0,0.000,0,nan,nan,nan,0.0000,0,5,0.6050,0.5570,0.2743,0.5570,0.0480,本圈台阶完成,1,0.0000,0.150,0.330
3219.955,ROUNDABOUT_APPROACH,4.650,1,3.890,tracking,0.2409,0.0130,1,line_center_tracking,0.0135,0.0285,-0.0249,-0.0168,0.7135,5,0.0533,0.0081,0.0453,-0.0044,0.0130,IDLE,1,0,step_done_latches_cleared,0,0,0.000,0,nan,nan,nan,0.0000,0,5,0.6050,0.5570,0.2743,0.5570,0.0480,本圈台阶完成,1,0.0000,0.150,0.330
3220.082,ROUNDABOUT_APPROACH,4.777,1,3.890,tracking,0.1927,0.3062,1,line_curve_center_riding,-0.5093,-0.4896,-0.8187,-0.8187,0.4199,3,0.3292,0.0000,0.3292,-0.7090,0.3062,IDLE,1,0,step_done_latches_cleared,0,0,0.000,0,nan,nan,nan,0.0000,0,5,0.6050,0.5570,0.2743,0.5570,0.0480,本圈台阶完成,1,0.0000,0.150,0.330
3220.226,ROUNDABOUT_APPROACH,4.921,1,3.890,tracking,0.1420,0.5082,1,line_curve_center_riding,-0.6600,-0.6461,-0.8773,-0.8773,0.2959,2,0.2312,0.0000,0.2312,-0.8002,0.5082,IDLE,1,0,step_done_latches_cleared,0,0,0.000,0,nan,nan,nan,0.0000,0,5,0.6050,0.5570,0.2743,0.5570,0.0480,本圈台阶完成,1,0.0000,0.150,0.330
3220.374,ROUNDABOUT_APPROACH,5.069,1,3.890,tracking,0.1050,0.5600,1,line_hard_turn_centering,-0.6800,-0.6747,-0.7275,-0.7275,0.3266,2,0.0528,0.0000,0.0528,-0.7099,0.5600,IDLE,1,0,step_done_latches_cleared,0,0,0.000,0,nan,nan,nan,0.0000,0,5,0.6050,0.5570,0.2743,0.5570,0.0480,本圈台阶完成,1,0.0000,0.150,0.330
3220.504,ROUNDABOUT_APPROACH,5.200,1,3.890,tracking,0.1546,0.2338,1,line_center_tracking,0.2521,0.2652,0.2185,0.1740,0.6358,4,0.0466,0.0446,0.0912,0.2192,0.2338,IDLE,1,0,step_done_latches_cleared,0,0,0.000,0,nan,nan,nan,0.0000,0,5,0.6050,0.5570,0.2743,0.5570,0.0480,本圈台阶完成,1,0.0000,0.150,0.330
3220.630,ROUNDABOUT_APPROACH,5.326,1,3.890,tracking,0.1795,-0.0814,1,line_center_tracking,0.3507,0.3627,0.3199,0.3123,0.8073,6,0.0428,0.0076,0.0504,0.3316,-0.0814,IDLE,1,0,step_done_latches_cleared,0,0,0.000,0,nan,nan,nan,0.0000,0,5,0.6050,0.5570,0.2743,0.5570,0.0480,本圈台阶完成,1,0.0000,0.150,0.330
3220.772,ROUNDABOUT_APPROACH,5.468,1,3.890,tracking,0.1288,0.2519,1,line_edge_single_rescue,-0.5501,-0.5501,-0.5501,-0.5501,0.3100,1,0.0000,0.0000,0.0000,-0.5501,0.2519,IDLE,1,0,step_done_latches_cleared,0,0,0.000,0,nan,nan,nan,0.0000,0,5,0.6050,0.5570,0.2743,0.5570,0.0480,本圈台阶完成,1,0.0000,0.150,0.330
3220.900,ROUNDABOUT_APPROACH,5.595,1,3.890,tracking,0.1507,-0.0673,1,line_center_tracking,0.4959,0.5108,0.4577,0.4405,0.8117,6,0.0531,0.0172,0.0702,0.4697,-0.0673,IDLE,1,0,step_done_latches_cleared,0,0,0.000,0,nan,nan,nan,0.0000,0,5,0.6050,0.5570,0.2743,0.5570,0.0480,本圈台阶完成,1,0.0000,0.150,0.330
3221.032,ROUNDABOUT_APPROACH,5.727,1,3.890,tracking,0.1050,-0.3758,1,line_hard_turn_centering,0.5395,0.5428,0.5100,0.5133,0.7300,5,0.0328,0.0033,0.0295,0.5220,-0.3758,IDLE,1,0,step_done_latches_cleared,0,0,0.000,0,nan,nan,nan,0.0000,0,5,0.6050,0.5570,0.2743,0.5570,0.0480,本圈台阶完成,1,0.0000,0.150,0.330
3221.163,ROUNDABOUT_APPROACH,5.858,1,3.890,tracking,0.1050,-0.4889,1,line_hard_turn_centering,0.5631,0.5643,0.5516,0.5206,0.7271,5,0.0127,0.0310,0.0437,0.5455,-0.4889,IDLE,1,0,step_done_latches_cleared,0,0,0.000,0,nan,nan,nan,0.0000,0,5,0.6050,0.5570,0.2743,0.5570,0.0480,本圈台阶完成,1,0.0000,0.150,0.330
3221.295,ROUNDABOUT_APPROACH,5.990,1,3.890,tracking,0.1170,-0.5172,1,line_center_tracking,0.5136,0.5161,0.5070,0.5070,0.4679,2,0.0092,0.0000,0.0092,0.5100,-0.5172,IDLE,1,0,step_done_latches_cleared,0,0,0.000,0,nan,nan,nan,0.0000,0,5,0.6050,0.5570,0.2743,0.5570,0.0480,本圈台阶完成,1,0.0000,0.150,0.330
3221.434,ROUNDABOUT_APPROACH,6.129,1,3.890,tracking,0.1274,-0.4766,1,line_center_tracking,0.4130,0.4165,0.4040,0.4040,0.4654,2,0.0124,0.0000,0.0124,0.4082,-0.4766,IDLE,1,0,step_done_latches_cleared,0,0,0.000,0,nan,nan,nan,0.0000,0,5,0.6050,0.5570,0.2743,0.5570,0.0480,本圈台阶完成,1,0.0000,0.150,0.330
3221.564,ROUNDABOUT_APPROACH,6.259,1,3.890,tracking,0.1497,-0.3899,1,line_center_tracking,0.2900,0.2963,0.2739,0.2592,0.7293,5,0.0224,0.0148,0.0371,0.2765,-0.3899,IDLE,1,0,step_done_latches_cleared,0,0,0.000,0,nan,nan,nan,0.0000,0,5,0.6050,0.5570,0.2743,0.5570,0.0480,本圈台阶完成,1,0.0000,0.150,0.330
3221.704,ROUNDABOUT_APPROACH,6.399,1,3.890,tracking,0.1722,-0.3027,1,line_center_tracking,0.2025,0.2331,0.1237,0.0940,0.7180,5,0.1095,0.0296,0.1391,0.1503,-0.3027,IDLE,1,0,step_done_latches_cleared,0,0,0.000,0,nan,nan,nan,0.0000,0,5,0.6050,0.5570,0.2743,0.5570,0.0480,本圈台阶完成,1,0.0000,0.150,0.330
3221.835,ROUNDABOUT_APPROACH,6.530,1,3.890,tracking,0.2025,-0.1849,1,line_center_tracking,0.0705,0.0755,0.0576,-0.0103,0.7039,5,0.0178,0.0680,0.0858,0.0409,-0.1849,IDLE,1,0,step_done_latches_cleared,0,0,0.000,0,nan,nan,nan,0.0000,0,5,0.6050,0.5570,0.2743,0.5570,0.0480,本圈台阶完成,1,0.0000,0.150,0.330
3221.971,ROUNDABOUT_APPROACH,6.667,1,3.890,tracking,0.2301,-0.0773,1,line_center_tracking,-0.0253,-0.0073,-0.0715,-0.1229,0.8031,6,0.0641,0.0515,0.1156,-0.0672,-0.0773,IDLE,1,0,step_done_latches_cleared,0,0,0.000,0,nan,nan,nan,0.0000,0,5,0.6050,0.5570,0.2743,0.5570,0.0480,本圈台阶完成,1,0.0000,0.150,0.330
3222.110,ROUNDABOUT,0.000,1,3.890,icn_entry_left,0.1900,0.2561,1,line_center_tracking,-0.0803,-0.0587,-0.1361,-0.1897,0.8056,6,0.0774,0.0536,0.1310,-0.1281,0.2561,IDLE,1,0,step_done_latches_cleared,0,0,0.000,0,nan,nan,nan,0.0000,0,5,0.6050,0.5570,0.2743,0.5570,0.0480,本圈台阶完成,1,0.0000,0.150,0.330
3222.238,ROUNDABOUT,0.128,1,3.890,icn_entry_left,0.1900,0.3600,1,line_center_tracking,-0.0662,-0.0501,-0.1076,-0.2088,0.7952,6,0.0575,0.1011,0.1586,-0.1222,0.3600,IDLE,1,0,step_done_latches_cleared,0,0,0.000,0,nan,nan,nan,0.0000,0,5,0.6050,0.5570,0.2743,0.5570,0.0480,本圈台阶完成,1,0.0000,0.150,0.330
3222.378,ROUNDABOUT,0.268,1,3.890,icn_entry_left,0.1900,0.3600,1,line_center_tracking,-0.0723,-0.0554,-0.1158,-0.2115,0.7193,5,0.0604,0.0957,0.1560,-0.1276,0.3600,IDLE,1,0,step_done_latches_cleared,0,0,0.000,0,nan,nan,nan,0.0000,0,5,0.6050,0.5570,0.2743,0.5570,0.0480,本圈台阶完成,1,0.0000,0.150,0.330
3222.515,ROUNDABOUT,0.405,1,3.890,icn_entry_left,0.1900,0.3600,1,line_center_tracking,-0.0153,-0.0000,-0.0546,-0.1238,0.7190,5,0.0546,0.0693,0.1238,-0.0595,0.3600,IDLE,1,0,step_done_latches_cleared,0,0,0.000,0,nan,nan,nan,0.0000,0,5,0.6050,0.5570,0.2743,0.5570,0.0480,本圈台阶完成,1,0.0000,0.150,0.330
3222.643,ROUNDABOUT,0.533,1,3.890,icn_entry_left,0.1900,0.3600,1,line_center_tracking,0.0427,0.0497,0.0245,-0.0298,0.8096,6,0.0252,0.0543,0.0796,0.0148,0.3600,IDLE,1,0,step_done_latches_cleared,0,0,0.000,0,nan,nan,nan,0.0000,0,5,0.6050,0.5570,0.2743,0.5570,0.0480,本圈台阶完成,1,0.0000,0.150,0.330
3222.776,ROUNDABOUT,0.666,1,3.890,icn_entry_left,0.1900,0.3600,1,line_center_tracking,0.1242,0.1346,0.0974,0.0541,0.7248,5,0.0372,0.0434,0.0806,0.0954,0.3600,IDLE,1,0,step_done_latches_cleared,0,0,0.000,0,nan,nan,nan,0.0000,0,5,0.6050,0.5570,0.2743,0.5570,0.0480,本圈台阶完成,1,0.0000,0.150,0.330
3222.909,ROUNDABOUT,0.799,1,3.890,icn_entry_left,0.1900,0.3600,1,line_center_tracking,0.1978,0.1985,0.1959,0.1497,0.8098,6,0.0026,0.0462,0.0488,0.1814,0.3600,IDLE,1,0,step_done_latches_cleared,0,0,0.000,0,nan,nan,nan,0.0000,0,5,0.6050,0.5570,0.2743,0.5570,0.0480,本圈台阶完成,1,0.0000,0.150,0.330
3223.042,ROUNDABOUT,0.932,1,3.890,icn_entry_left,0.1900,0.3600,1,line_center_tracking,0.2686,0.2791,0.2415,0.2414,0.7230,5,0.0376,0.0001,0.0377,0.2540,0.3600,IDLE,1,0,step_done_latches_cleared,0,0,0.000,0,nan,nan,nan,0.0000,0,5,0.6050,0.5570,0.2743,0.5570,0.0480,本圈台阶完成,1,0.0000,0.150,0.330
3223.178,ROUNDABOUT,1.069,1,3.890,icn_entry_left,0.1900,0.3600,1,line_center_tracking,0.3833,0.3901,0.3659,0.3539,0.7275,5,0.0242,0.0120,0.0362,0.3699,0.3600,IDLE,1,0,step_done_latches_cleared,0,0,0.000,0,nan,nan,nan,0.0000,0,5,0.6050,0.5570,0.2743,0.5570,0.0480,本圈台阶完成,1,0.0000,0.150,0.330
3223.311,ROUNDABOUT,1.201,1,3.890,icn_entry_left,0.1900,0.3600,1,line_center_tracking,0.4858,0.4872,0.4822,0.4512,0.7287,5,0.0050,0.0310,0.0360,0.4736,0.3600,IDLE,1,0,step_done_latches_cleared,0,0,0.000,0,nan,nan,nan,0.0000,0,5,0.6050,0.5570,0.2743,0.5570,0.0480,本圈台阶完成,1,0.0000,0.150,0.330
3223.439,ROUNDABOUT,1.329,1,3.890,icn_entry_left,0.1900,0.3600,1,line_hard_turn_centering,0.6027,0.6057,0.5762,0.5467,0.6395,4,0.0295,0.0294,0.0590,0.5762,0.3600,IDLE,1,0,step_done_latches_cleared,0,0,0.000,0,nan,nan,nan,0.0000,0,5,0.6050,0.5570,0.2743,0.5570,0.0480,本圈台阶完成,1,0.0000,0.150,0.330
3223.576,ROUNDABOUT,1.466,1,3.890,icn_entry_left,0.1900,0.3600,1,line_hard_turn_centering,0.7036,0.7009,0.7279,0.6853,0.6387,4,0.0270,0.0426,0.0156,0.7047,0.3600,IDLE,1,0,step_done_latches_cleared,0,0,0.000,0,nan,nan,nan,0.0000,0,5,0.6050,0.5570,0.2743,0.5570,0.0480,本圈台阶完成,1,0.0000,0.150,0.330
3223.721,ROUNDABOUT,1.611,1,3.890,icn_entry_left,0.1900,0.3600,0,line_too_few_bands,0.0000,0.0000,0.0000,0.0000,0.0000,0,0.0000,0.0000,0.0000,0.0000,0.3600,IDLE,1,0,step_done_latches_cleared,0,0,0.000,0,nan,nan,nan,0.0000,0,5,0.6050,0.5570,0.2743,0.5570,0.0480,本圈台阶完成,1,0.0000,0.150,0.330
3223.848,ROUNDABOUT,1.738,1,3.890,icn_entry_left,0.1900,0.3600,0,line_too_few_bands,0.0000,0.0000,0.0000,0.0000,0.0000,0,0.0000,0.0000,0.0000,0.0000,0.3600,IDLE,1,0,step_done_latches_cleared,0,0,0.000,0,nan,nan,nan,0.0000,0,5,0.6050,0.5570,0.2743,0.5570,0.0480,本圈台阶完成,1,0.0000,0.150,0.330
3223.988,ROUNDABOUT,1.879,1,3.890,icn_entry_left,0.1900,0.3600,0,line_too_few_bands,0.0000,0.0000,0.0000,0.0000,0.0000,0,0.0000,0.0000,0.0000,0.0000,0.3600,IDLE,1,0,step_done_latches_cleared,0,0,0.000,0,nan,nan,nan,0.0000,0,5,0.6050,0.5570,0.2743,0.5570,0.0480,本圈台阶完成,1,0.0000,0.150,0.330
3224.116,ROUNDABOUT,2.006,1,3.890,icn_entry_left,0.1900,0.3600,0,line_too_few_bands,0.0000,0.0000,0.0000,0.0000,0.0000,0,0.0000,0.0000,0.0000,0.0000,0.3600,IDLE,1,0,step_done_latches_cleared,0,0,0.000,0,nan,nan,nan,0.0000,0,5,0.6050,0.5570,0.2743,0.5570,0.0480,本圈台阶完成,1,0.0000,0.150,0.330
3224.254,ROUNDABOUT,2.145,1,3.890,icn_entry_left,0.1900,0.3600,0,line_too_few_bands,0.0000,0.0000,0.0000,0.0000,0.0000,0,0.0000,0.0000,0.0000,0.0000,0.3600,IDLE,1,0,step_done_latches_cleared,0,0,0.000,0,nan,nan,nan,0.0000,0,5,0.6050,0.5570,0.2743,0.5570,0.0480,本圈台阶完成,1,0.0000,0.150,0.330
3224.385,ROUNDABOUT,2.276,1,3.890,icn_entry_left,0.1900,0.3600,0,line_too_few_bands,0.0000,0.0000,0.0000,0.0000,0.0000,0,0.0000,0.0000,0.0000,0.0000,0.3600,IDLE,1,0,step_done_latches_cleared,0,0,0.000,0,nan,nan,nan,0.0000,0,5,0.6050,0.5570,0.2743,0.5570,0.0480,本圈台阶完成,1,0.0000,0.150,0.330
3224.523,ROUNDABOUT,2.413,1,3.890,icn_entry_left,0.1900,0.3600,0,line_too_few_bands,0.0000,0.0000,0.0000,0.0000,0.0000,0,0.0000,0.0000,0.0000,0.0000,0.3600,IDLE,1,0,step_done_latches_cleared,0,0,0.000,0,nan,nan,nan,0.0000,0,5,0.6050,0.5570,0.2743,0.5570,0.0480,本圈台阶完成,1,0.0000,0.150,0.330
3224.676,ROUNDABOUT,2.566,1,3.890,icn_entry_left,0.1900,0.3600,0,line_too_few_bands,0.0000,0.0000,0.0000,0.0000,0.0000,0,0.0000,0.0000,0.0000,0.0000,0.3600,IDLE,1,0,step_done_latches_cleared,0,0,0.000,0,nan,nan,nan,0.0000,0,5,0.6050,0.5570,0.2743,0.5570,0.0480,本圈台阶完成,1,0.0000,0.150,0.330
3224.824,ROUNDABOUT,2.714,1,3.890,icn_entry_left,0.1900,0.3600,0,line_too_few_bands,0.0000,0.0000,0.0000,0.0000,0.0000,0,0.0000,0.0000,0.0000,0.0000,0.3600,IDLE,1,0,step_done_latches_cleared,0,0,0.000,0,nan,nan,nan,0.0000,0,5,0.6050,0.5570,0.2743,0.5570,0.0480,本圈台阶完成,1,0.0000,0.150,0.330
3224.956,ROUNDABOUT,2.846,1,3.890,icn_entry_left,0.1900,0.3600,0,line_too_few_bands,0.0000,0.0000,0.0000,0.0000,0.0000,0,0.0000,0.0000,0.0000,0.0000,0.3600,IDLE,1,0,step_done_latches_cleared,0,0,0.000,0,nan,nan,nan,0.0000,0,5,0.6050,0.5570,0.2743,0.5570,0.0480,本圈台阶完成,1,0.0000,0.150,0.330
3225.036,ROUNDABOUT,2.927,1,3.890,icn_entry_left,0.1900,0.3600,0,line_too_few_bands,0.0000,0.0000,0.0000,0.0000,0.0000,0,0.0000,0.0000,0.0000,0.0000,0.3600,IDLE,1,0,step_done_latches_cleared,0,0,0.000,0,nan,nan,nan,0.0000,0,5,0.6050,0.5570,0.2743,0.5570,0.0480,本圈台阶完成,1,0.0000,0.150,0.330
3225.167,ROUNDABOUT,3.058,1,3.890,icn_entry_left,0.1900,0.3600,0,line_too_few_bands,0.0000,0.0000,0.0000,0.0000,0.0000,0,0.0000,0.0000,0.0000,0.0000,0.3600,IDLE,1,0,step_done_latches_cleared,0,0,0.000,0,nan,nan,nan,0.0000,0,5,0.6050,0.5570,0.2743,0.5570,0.0480,本圈台阶完成,1,0.0000,0.150,0.330
3225.299,ROUNDABOUT,3.190,1,3.890,icn_entry_left,0.1900,0.3600,0,line_too_few_bands,0.0000,0.0000,0.0000,0.0000,0.0000,0,0.0000,0.0000,0.0000,0.0000,0.3600,IDLE,1,0,step_done_latches_cleared,0,0,0.000,0,nan,nan,nan,0.0000,0,5,0.6050,0.5570,0.2743,0.5570,0.0480,本圈台阶完成,1,0.0000,0.150,0.330
3225.431,ROUNDABOUT,3.321,1,3.890,icn_entry_left,0.1900,0.3600,0,line_too_few_bands,0.0000,0.0000,0.0000,0.0000,0.0000,0,0.0000,0.0000,0.0000,0.0000,0.3600,IDLE,1,0,step_done_latches_cleared,0,0,0.000,0,nan,nan,nan,0.0000,0,5,0.6050,0.5570,0.2743,0.5570,0.0480,本圈台阶完成,1,0.0000,0.150,0.330
3225.570,ROUNDABOUT,3.460,1,3.890,icn_entry_left,0.1900,0.3600,0,line_too_few_bands,0.0000,0.0000,0.0000,0.0000,0.0000,0,0.0000,0.0000,0.0000,0.0000,0.3600,IDLE,1,0,step_done_latches_cleared,0,0,0.000,0,nan,nan,nan,0.0000,0,5,0.6050,0.5570,0.2743,0.5570,0.0480,本圈台阶完成,1,0.0000,0.150,0.330
3225.711,ROUNDABOUT,3.601,1,3.890,icn_entry_left,0.1900,0.3600,0,line_too_few_bands,0.0000,0.0000,0.0000,0.0000,0.0000,0,0.0000,0.0000,0.0000,0.0000,0.3600,IDLE,1,0,step_done_latches_cleared,0,0,0.000,0,nan,nan,nan,0.0000,0,5,0.6050,0.5570,0.2743,0.5570,0.0480,本圈台阶完成,1,0.0000,0.150,0.330
3225.863,ROUNDABOUT,3.753,1,3.890,icn_entry_left,0.1900,0.3600,0,line_too_few_bands,0.0000,0.0000,0.0000,0.0000,0.0000,0,0.0000,0.0000,0.0000,0.0000,0.3600,IDLE,1,0,step_done_latches_cleared,0,0,0.000,0,nan,nan,nan,0.0000,0,5,0.6050,0.5570,0.2743,0.5570,0.0480,本圈台阶完成,1,0.0000,0.150,0.330
3225.967,ROUNDABOUT,3.858,1,3.890,icn_entry_left,0.1900,0.3600,0,line_too_few_bands,0.0000,0.0000,0.0000,0.0000,0.0000,0,0.0000,0.0000,0.0000,0.0000,0.3600,IDLE,1,0,step_done_latches_cleared,0,0,0.000,0,nan,nan,nan,0.0000,0,5,0.6050,0.5570,0.2743,0.5570,0.0480,本圈台阶完成,1,0.0000,0.150,0.330
3226.137,ROUNDABOUT,4.027,1,3.890,icn_entry_left,0.1900,0.3600,0,line_too_few_bands,0.0000,0.0000,0.0000,0.0000,0.0000,0,0.0000,0.0000,0.0000,0.0000,0.3600,IDLE,1,0,step_done_latches_cleared,0,0,0.000,0,nan,nan,nan,0.0000,0,5,0.6050,0.5570,0.2743,0.5570,0.0480,本圈台阶完成,1,0.0000,0.150,0.330
3226.269,ROUNDABOUT,4.159,1,3.890,icn_entry_left,0.1900,0.3600,0,line_too_few_bands,0.0000,0.0000,0.0000,0.0000,0.0000,0,0.0000,0.0000,0.0000,0.0000,0.3600,IDLE,1,0,step_done_latches_cleared,0,0,0.000,0,nan,nan,nan,0.0000,0,5,0.6050,0.5570,0.2743,0.5570,0.0480,本圈台阶完成,1,0.0000,0.150,0.330
3226.402,ROUNDABOUT,4.292,1,3.890,icn_entry_left,0.1900,0.3600,0,line_too_few_bands,0.0000,0.0000,0.0000,0.0000,0.0000,0,0.0000,0.0000,0.0000,0.0000,0.3600,IDLE,1,0,step_done_latches_cleared,0,0,0.000,0,nan,nan,nan,0.0000,0,5,0.6050,0.5570,0.2743,0.5570,0.0480,本圈台阶完成,1,0.0000,0.150,0.330
3226.540,ROUNDABOUT,4.430,1,3.890,icn_entry_left,0.1900,0.3600,0,line_too_few_bands,0.0000,0.0000,0.0000,0.0000,0.0000,0,0.0000,0.0000,0.0000,0.0000,0.3600,IDLE,1,0,step_done_latches_cleared,0,0,0.000,0,nan,nan,nan,0.0000,0,5,0.6050,0.5570,0.2743,0.5570,0.0480,本圈台阶完成,1,0.0000,0.150,0.330
3226.635,ROUNDABOUT,4.525,1,3.890,icn_entry_left,0.1900,0.3600,0,line_too_few_bands,0.0000,0.0000,0.0000,0.0000,0.0000,0,0.0000,0.0000,0.0000,0.0000,0.3600,IDLE,1,0,step_done_latches_cleared,0,0,0.000,0,nan,nan,nan,0.0000,0,5,0.6050,0.5570,0.2743,0.5570,0.0480,本圈台阶完成,1,0.0000,0.150,0.330
3226.760,ROUNDABOUT,4.650,1,3.890,icn_entry_left,0.1900,0.3600,0,line_too_few_bands,0.0000,0.0000,0.0000,0.0000,0.0000,0,0.0000,0.0000,0.0000,0.0000,0.3600,IDLE,1,0,step_done_latches_cleared,0,0,0.000,0,nan,nan,nan,0.0000,0,5,0.6050,0.5570,0.2743,0.5570,0.0480,本圈台阶完成,1,0.0000,0.150,0.330
3226.893,ROUNDABOUT,4.783,1,3.890,icn_entry_left,0.1900,0.3600,0,line_too_few_bands,0.0000,0.0000,0.0000,0.0000,0.0000,0,0.0000,0.0000,0.0000,0.0000,0.3600,IDLE,1,0,step_done_latches_cleared,0,0,0.000,0,nan,nan,nan,0.0000,0,5,0.6050,0.5570,0.2743,0.5570,0.0480,本圈台阶完成,1,0.0000,0.150,0.330
3227.043,ROUNDABOUT,4.934,1,3.890,icn_entry_left,0.1900,0.3600,0,line_too_few_bands,0.0000,0.0000,0.0000,0.0000,0.0000,0,0.0000,0.0000,0.0000,0.0000,0.3600,IDLE,1,0,step_done_latches_cleared,0,0,0.000,0,nan,nan,nan,0.0000,0,5,0.6050,0.5570,0.2743,0.5570,0.0480,本圈台阶完成,1,0.0000,0.150,0.330
3227.201,ROUNDABOUT,5.091,1,3.890,icn_entry_left,0.1900,0.3600,0,line_too_few_bands,0.0000,0.0000,0.0000,0.0000,0.0000,0,0.0000,0.0000,0.0000,0.0000,0.3600,IDLE,1,0,step_done_latches_cleared,0,0,0.000,0,nan,nan,nan,0.0000,0,5,0.6050,0.5570,0.2743,0.5570,0.0480,本圈台阶完成,1,0.0000,0.150,0.330
3227.327,ROUNDABOUT,5.217,1,3.890,icn_entry_left,0.1900,0.3600,0,line_too_few_bands,0.0000,0.0000,0.0000,0.0000,0.0000,0,0.0000,0.0000,0.0000,0.0000,0.3600,IDLE,1,0,step_done_latches_cleared,0,0,0.000,0,nan,nan,nan,0.0000,0,5,0.6050,0.5570,0.2743,0.5570,0.0480,本圈台阶完成,1,0.0000,0.150,0.330
3227.466,ROUNDABOUT,5.357,1,3.890,icn_entry_left,0.1900,0.3600,0,line_too_few_bands,0.0000,0.0000,0.0000,0.0000,0.0000,0,0.0000,0.0000,0.0000,0.0000,0.3600,IDLE,1,0,step_done_latches_cleared,0,0,0.000,0,nan,nan,nan,0.0000,0,5,0.6050,0.5570,0.2743,0.5570,0.0480,本圈台阶完成,1,0.0000,0.150,0.330
3227.591,ROUNDABOUT,5.481,1,3.890,icn_entry_left,0.1900,0.3600,0,line_too_few_bands,0.0000,0.0000,0.0000,0.0000,0.0000,0,0.0000,0.0000,0.0000,0.0000,0.3600,IDLE,1,0,step_done_latches_cleared,0,0,0.000,0,nan,nan,nan,0.0000,0,5,0.6050,0.5570,0.2743,0.5570,0.0480,本圈台阶完成,1,0.0000,0.150,0.330
3227.687,ROUNDABOUT,5.577,1,3.890,icn_entry_left,0.1900,0.3600,0,line_too_few_bands,0.0000,0.0000,0.0000,0.0000,0.0000,0,0.0000,0.0000,0.0000,0.0000,0.3600,IDLE,1,0,step_done_latches_cleared,0,0,0.000,0,nan,nan,nan,0.0000,0,5,0.6050,0.5570,0.2743,0.5570,0.0480,本圈台阶完成,1,0.0000,0.150,0.330
3227.835,ROUNDABOUT,5.725,1,3.890,icn_entry_left,0.1900,0.3600,0,line_too_few_bands,0.0000,0.0000,0.0000,0.0000,0.0000,0,0.0000,0.0000,0.0000,0.0000,0.3600,IDLE,1,0,step_done_latches_cleared,0,0,0.000,0,nan,nan,nan,0.0000,0,5,0.6050,0.5570,0.2743,0.5570,0.0480,本圈台阶完成,1,0.0000,0.150,0.330
3227.968,ROUNDABOUT,5.859,1,3.890,icn_entry_left,0.1900,0.3600,0,line_too_few_bands,0.0000,0.0000,0.0000,0.0000,0.0000,0,0.0000,0.0000,0.0000,0.0000,0.3600,IDLE,1,0,step_done_latches_cleared,0,0,0.000,0,nan,nan,nan,0.0000,0,5,0.6050,0.5570,0.2743,0.5570,0.0480,本圈台阶完成,1,0.0000,0.150,0.330
3228.105,ROUNDABOUT,5.995,1,3.890,icn_entry_left,0.1900,0.3600,0,line_too_few_bands,0.0000,0.0000,0.0000,0.0000,0.0000,0,0.0000,0.0000,0.0000,0.0000,0.3600,IDLE,1,0,step_done_latches_cleared,0,0,0.000,0,nan,nan,nan,0.0000,0,5,0.6050,0.5570,0.2743,0.5570,0.0480,本圈台阶完成,1,0.0000,0.150,0.330
3228.235,ROUNDABOUT,6.125,1,3.890,icn_entry_left,0.1900,0.3600,0,line_too_few_bands,0.0000,0.0000,0.0000,0.0000,0.0000,0,0.0000,0.0000,0.0000,0.0000,0.3600,IDLE,1,0,step_done_latches_cleared,0,0,0.000,0,nan,nan,nan,0.0000,0,5,0.6050,0.5570,0.2743,0.5570,0.0480,本圈台阶完成,1,0.0000,0.150,0.330
3228.367,ROUNDABOUT,6.257,1,3.890,icn_entry_left,0.1900,0.3600,0,line_too_few_bands,0.0000,0.0000,0.0000,0.0000,0.0000,0,0.0000,0.0000,0.0000,0.0000,0.3600,IDLE,1,0,step_done_latches_cleared,0,0,0.000,0,nan,nan,nan,0.0000,0,5,0.6050,0.5570,0.2743,0.5570,0.0480,本圈台阶完成,1,0.0000,0.150,0.330
3228.494,ROUNDABOUT,6.385,1,3.890,icn_entry_left,0.1900,0.3600,0,line_too_few_bands,0.0000,0.0000,0.0000,0.0000,0.0000,0,0.0000,0.0000,0.0000,0.0000,0.3600,IDLE,1,0,step_done_latches_cleared,0,0,0.000,0,nan,nan,nan,0.0000,0,5,0.6050,0.5570,0.2743,0.5570,0.0480,本圈台阶完成,1,0.0000,0.150,0.330
3228.639,ROUNDABOUT,6.530,1,3.890,icn_entry_left,0.1900,0.3600,0,line_too_few_bands,0.0000,0.0000,0.0000,0.0000,0.0000,0,0.0000,0.0000,0.0000,0.0000,0.3600,IDLE,1,0,step_done_latches_cleared,0,0,0.000,0,nan,nan,nan,0.0000,0,5,0.6050,0.5570,0.2743,0.5570,0.0480,本圈台阶完成,1,0.0000,0.150,0.330
3228.767,ROUNDABOUT,6.658,1,3.890,icn_entry_left,0.1900,0.3600,0,line_too_few_bands,0.0000,0.0000,0.0000,0.0000,0.0000,0,0.0000,0.0000,0.0000,0.0000,0.3600,IDLE,1,0,step_done_latches_cleared,0,0,0.000,0,nan,nan,nan,0.0000,0,5,0.6050,0.5570,0.2743,0.5570,0.0480,本圈台阶完成,1,0.0000,0.150,0.330
3228.922,ROUNDABOUT,6.812,1,3.890,icn_entry_left,0.1900,0.3600,0,line_too_few_bands,0.0000,0.0000,0.0000,0.0000,0.0000,0,0.0000,0.0000,0.0000,0.0000,0.3600,IDLE,1,0,step_done_latches_cleared,0,0,0.000,0,nan,nan,nan,0.0000,0,5,0.6050,0.5570,0.2743,0.5570,0.0480,本圈台阶完成,1,0.0000,0.150,0.330
3229.050,ROUNDABOUT,6.940,1,3.890,icn_entry_left,0.1900,0.3600,0,line_too_few_bands,0.0000,0.0000,0.0000,0.0000,0.0000,0,0.0000,0.0000,0.0000,0.0000,0.3600,IDLE,1,0,step_done_latches_cleared,0,0,0.000,0,nan,nan,nan,0.0000,0,5,0.6050,0.5570,0.2743,0.5570,0.0480,本圈台阶完成,1,0.0000,0.150,0.330
3229.185,ROUNDABOUT,7.075,1,3.890,icn_entry_left,0.1900,0.3600,0,line_too_few_bands,0.0000,0.0000,0.0000,0.0000,0.0000,0,0.0000,0.0000,0.0000,0.0000,0.3600,IDLE,1,0,step_done_latches_cleared,0,0,0.000,0,nan,nan,nan,0.0000,0,5,0.6050,0.5570,0.2743,0.5570,0.0480,本圈台阶完成,1,0.0000,0.150,0.330
3229.322,ROUNDABOUT,7.212,1,3.890,icn_entry_left,0.1900,0.3600,0,line_too_few_bands,0.0000,0.0000,0.0000,0.0000,0.0000,0,0.0000,0.0000,0.0000,0.0000,0.3600,IDLE,1,0,step_done_latches_cleared,0,0,0.000,0,nan,nan,nan,0.0000,0,5,0.6050,0.5570,0.2743,0.5570,0.0480,本圈台阶完成,1,0.0000,0.150,0.330
3229.455,ROUNDABOUT,7.346,1,3.890,icn_entry_left,0.1900,0.3600,0,line_too_few_bands,0.0000,0.0000,0.0000,0.0000,0.0000,0,0.0000,0.0000,0.0000,0.0000,0.3600,IDLE,1,0,step_done_latches_cleared,0,0,0.000,0,nan,nan,nan,0.0000,0,5,0.6050,0.5570,0.2743,0.5570,0.0480,本圈台阶完成,1,0.0000,0.150,0.330
3229.598,ROUNDABOUT,7.489,1,3.890,icn_entry_left,0.1900,0.3600,0,line_too_few_bands,0.0000,0.0000,0.0000,0.0000,0.0000,0,0.0000,0.0000,0.0000,0.0000,0.3600,IDLE,1,0,step_done_latches_cleared,0,0,0.000,0,nan,nan,nan,0.0000,0,5,0.6050,0.5570,0.2743,0.5570,0.0480,本圈台阶完成,1,0.0000,0.150,0.330
3229.729,ROUNDABOUT,7.619,1,3.890,icn_entry_left,0.1900,0.3600,0,line_too_few_bands,0.0000,0.0000,0.0000,0.0000,0.0000,0,0.0000,0.0000,0.0000,0.0000,0.3600,IDLE,1,0,step_done_latches_cleared,0,0,0.000,0,nan,nan,nan,0.0000,0,5,0.6050,0.5570,0.2743,0.5570,0.0480,本圈台阶完成,1,0.0000,0.150,0.330
3229.858,ROUNDABOUT,7.748,1,3.890,icn_entry_left,0.1900,0.3600,0,line_too_few_bands,0.0000,0.0000,0.0000,0.0000,0.0000,0,0.0000,0.0000,0.0000,0.0000,0.3600,IDLE,1,0,step_done_latches_cleared,0,0,0.000,0,nan,nan,nan,0.0000,0,5,0.6050,0.5570,0.2743,0.5570,0.0480,本圈台阶完成,1,0.0000,0.150,0.330
3229.999,ROUNDABOUT_FOLLOW,0.000,1,3.890,roundabout_blind_arc_recovery,0.1393,0.1600,0,line_too_few_bands,0.0000,0.0000,0.0000,0.0000,0.0000,0,0.0000,0.0000,0.0000,0.0000,0.1600,IDLE,1,0,step_done_latches_cleared,0,0,0.000,0,nan,nan,nan,0.0000,0,5,0.6050,0.5570,0.2743,0.5570,0.0480,本圈台阶完成,1,0.0000,0.150,0.330
3230.131,ROUNDABOUT_FOLLOW,0.131,1,3.890,roundabout_blind_arc_recovery,0.1000,0.1600,0,line_too_few_bands,0.0000,0.0000,0.0000,0.0000,0.0000,0,0.0000,0.0000,0.0000,0.0000,0.1600,IDLE,1,0,step_done_latches_cleared,0,0,0.000,0,nan,nan,nan,0.0000,0,5,0.6050,0.5570,0.2743,0.5570,0.0480,本圈台阶完成,1,0.0000,0.150,0.330
3230.266,ROUNDABOUT_FOLLOW,0.267,1,3.890,roundabout_blue_guard_left,0.0493,0.3000,0,line_too_few_bands,0.0000,0.0000,0.0000,0.0000,0.0000,0,0.0000,0.0000,0.0000,0.0000,0.3000,IDLE,1,0,step_done_latches_cleared,0,0,0.000,0,nan,nan,nan,0.0000,0,5,0.6050,0.5570,0.2743,0.5570,0.0480,本圈台阶完成,1,0.0000,0.150,0.330
3230.399,ROUNDABOUT_FOLLOW,0.400,1,3.890,roundabout_blue_guard_left,0.0450,0.3000,0,line_too_few_bands,0.0000,0.0000,0.0000,0.0000,0.0000,0,0.0000,0.0000,0.0000,0.0000,0.3000,IDLE,1,0,step_done_latches_cleared,0,0,0.000,0,nan,nan,nan,0.0000,0,5,0.6050,0.5570,0.2743,0.5570,0.0480,本圈台阶完成,1,0.0000,0.150,0.330
3230.527,ROUNDABOUT_FOLLOW,0.528,1,3.890,roundabout_blue_guard_left,0.0450,0.3000,0,line_too_few_bands,0.0000,0.0000,0.0000,0.0000,0.0000,0,0.0000,0.0000,0.0000,0.0000,0.3000,IDLE,1,0,step_done_latches_cleared,0,0,0.000,0,nan,nan,nan,0.0000,0,5,0.6050,0.5570,0.2743,0.5570,0.0480,本圈台阶完成,1,0.0000,0.150,0.330
3230.658,ROUNDABOUT_FOLLOW,0.659,1,3.890,roundabout_blue_guard_left,0.0450,0.3000,0,line_too_few_bands,0.0000,0.0000,0.0000,0.0000,0.0000,0,0.0000,0.0000,0.0000,0.0000,0.3000,IDLE,1,0,step_done_latches_cleared,0,0,0.000,0,1.3900,nan,0.0393,0.7682,1,5,0.6050,0.5570,0.2743,0.5570,0.0480,本圈台阶完成,1,0.0000,0.150,0.330
3230.791,ROUNDABOUT_FOLLOW,0.792,1,3.890,roundabout_blue_guard_left,0.0450,0.3000,0,line_too_few_bands,0.0000,0.0000,0.0000,0.0000,0.0000,0,0.0000,0.0000,0.0000,0.0000,0.3000,IDLE,1,0,step_done_latches_cleared,0,0,0.000,1,1.3900,nan,0.0427,0.8732,5,5,0.6050,0.5570,0.2743,0.5570,0.0480,本圈台阶完成,1,0.0000,0.150,0.330
3230.932,ROUNDABOUT_FOLLOW,0.933,1,3.890,roundabout_blue_guard_left,0.0450,0.3000,0,line_too_few_bands,0.0000,0.0000,0.0000,0.0000,0.0000,0,0.0000,0.0000,0.0000,0.0000,0.3000,IDLE,1,0,step_done_latches_cleared,0,0,0.000,1,1.3600,nan,0.0473,0.9358,9,5,0.6050,0.5570,0.2743,0.5570,0.0480,本圈台阶完成,1,0.0000,0.150,0.330
3231.067,ROUNDABOUT_FOLLOW,1.068,1,3.890,roundabout_blue_guard_left,0.0450,0.3000,0,line_too_few_bands,0.0000,0.0000,0.0000,0.0000,0.0000,0,0.0000,0.0000,0.0000,0.0000,0.3000,IDLE,1,0,step_done_latches_cleared,0,0,0.000,1,1.3500,nan,0.0497,0.9677,12,5,0.6050,0.5570,0.2743,0.5570,0.0480,本圈台阶完成,1,0.0000,0.150,0.330
3231.203,ROUNDABOUT_FOLLOW,1.203,1,3.890,roundabout_blue_guard_left,0.0450,0.3000,0,line_too_few_bands,0.0000,0.0000,0.0000,0.0000,0.0000,0,0.0000,0.0000,0.0000,0.0000,0.3000,IDLE,1,0,step_done_latches_cleared,0,0,0.000,1,1.3200,nan,0.0509,0.9614,16,5,0.6050,0.5570,0.2743,0.5570,0.0480,本圈台阶完成,1,0.0000,0.150,0.330
3231.333,ROUNDABOUT_FOLLOW,1.334,1,3.890,roundabout_blind_arc_recovery,0.0947,0.1600,0,line_too_few_bands,0.0000,0.0000,0.0000,0.0000,0.0000,0,0.0000,0.0000,0.0000,0.0000,0.1600,IDLE,1,0,step_done_latches_cleared,0,0,0.000,1,1.2800,nan,0.0550,0.9075,20,5,0.6050,0.5570,0.2743,0.5570,0.0480,本圈台阶完成,1,0.0000,0.150,0.330
3231.476,ROUNDABOUT_FOLLOW,1.477,1,3.890,roundabout_follow_left_locked,0.1454,0.3790,1,line_center_tracking,-0.3510,-0.3510,-0.3510,-0.3510,0.2375,1,0.0000,0.0000,0.0000,-0.3510,0.3790,IDLE,1,0,step_done_latches_cleared,0,0,0.000,1,1.2800,nan,0.0550,0.9072,24,5,0.6050,0.5570,0.2743,0.5570,0.0480,本圈台阶完成,1,0.0000,0.150,0.330
3231.607,ROUNDABOUT_FOLLOW,1.608,1,3.890,roundabout_follow_left_locked,0.1463,0.4033,1,line_center_tracking,-0.3924,-0.3924,-0.3924,-0.3924,0.2375,1,0.0000,0.0000,0.0000,-0.3924,0.4033,IDLE,1,0,step_done_latches_cleared,0,0,0.000,1,1.2700,nan,0.0554,0.9015,28,5,0.6050,0.5570,0.2743,0.5570,0.0480,本圈台阶完成,1,0.0000,0.150,0.330
3231.747,ROUNDABOUT_FOLLOW,1.748,1,3.890,roundabout_follow_left_locked,0.1970,0.1092,1,line_center_tracking,0.1312,0.1312,0.1312,0.1312,0.2375,1,0.0000,0.0000,0.0000,0.1312,0.1092,IDLE,1,0,step_done_latches_cleared,0,0,0.000,1,1.2600,nan,0.0544,0.9159,32,5,0.6050,0.5570,0.2743,0.5570,0.0480,本圈台阶完成,1,0.0000,0.150,0.330
3231.877,ROUNDABOUT_FOLLOW,1.878,1,3.890,roundabout_follow_left_locked,0.2207,-0.0237,1,line_center_tracking,0.1505,0.1505,0.1505,0.1505,0.2375,1,0.0000,0.0000,0.0000,0.1505,-0.0237,IDLE,1,0,step_done_latches_cleared,0,0,0.000,1,1.2500,nan,0.0538,0.9233,36,5,0.6050,0.5570,0.2743,0.5570,0.0480,本圈台阶完成,1,0.0000,0.150,0.330
3232.011,ROUNDABOUT_FOLLOW,2.012,1,3.890,roundabout_follow_left_locked,0.1835,-0.0400,1,line_center_tracking,0.2990,0.3419,0.1887,0.1887,0.3563,2,0.1532,0.0000,0.1532,0.2398,-0.0400,IDLE,1,0,step_done_latches_cleared,0,0,0.000,1,1.2600,nan,0.0537,0.9245,42,5,0.6050,0.5570,0.2743,0.5570,0.0480,本圈台阶完成,1,0.0000,0.150,0.330
3232.144,ROUNDABOUT_FOLLOW,2.145,1,3.890,roundabout_follow_left_locked,0.1811,-0.0400,1,line_center_tracking,0.3544,0.3544,0.3544,0.3544,0.2375,1,0.0000,0.0000,0.0000,0.3544,-0.0400,IDLE,1,0,step_done_latches_cleared,0,0,0.000,1,1.2200,nan,0.0503,0.9687,45,5,0.6050,0.5570,0.2743,0.5570,0.0480,本圈台阶完成,1,0.0000,0.150,0.330
3232.268,ROUNDABOUT_FOLLOW,2.268,1,3.890,roundabout_follow_left_locked,0.1901,-0.0400,1,line_center_tracking,0.3082,0.3082,0.3082,0.3082,0.2375,1,0.0000,0.0000,0.0000,0.3082,-0.0400,IDLE,1,0,step_done_latches_cleared,0,0,0.000,0,nan,nan,nan,0.0000,0,5,0.6050,0.5570,0.2743,0.5570,0.0480,本圈台阶完成,1,0.0000,0.150,0.330
3232.398,ROUNDABOUT_FOLLOW,2.399,1,3.890,roundabout_follow_left_locked,0.1944,-0.0400,1,line_center_tracking,0.2861,0.2861,0.2861,0.2861,0.2375,1,0.0000,0.0000,0.0000,0.2861,-0.0400,IDLE,1,0,step_done_latches_cleared,0,0,0.000,0,nan,nan,nan,0.0000,0,5,0.6050,0.5570,0.2743,0.5570,0.0480,本圈台阶完成,1,0.0000,0.150,0.330
3232.552,ROUNDABOUT_FOLLOW,2.553,1,3.890,roundabout_follow_left_locked,0.1973,-0.0400,1,line_center_tracking,0.2711,0.2711,0.2711,0.2711,0.2375,1,0.0000,0.0000,0.0000,0.2711,-0.0400,IDLE,1,0,step_done_latches_cleared,0,0,0.000,0,nan,nan,nan,0.0000,0,5,0.6050,0.5570,0.2743,0.5570,0.0480,本圈台阶完成,1,0.0000,0.150,0.330
3232.682,ROUNDABOUT_FOLLOW,2.683,1,3.890,roundabout_follow_left_locked,0.1977,-0.0400,1,line_recenter_transition,0.2070,0.2131,-0.0930,-0.1832,0.4582,3,0.3061,0.0901,0.3963,-0.0210,-0.0400,IDLE,1,0,step_done_latches_cleared,0,0,0.000,0,nan,nan,nan,0.0000,0,5,0.6050,0.5570,0.2743,0.5570,0.0480,本圈台阶完成,1,0.0000,0.150,0.330
3232.824,ROUNDABOUT_FOLLOW,2.824,1,3.890,roundabout_follow_left_locked,0.2198,-0.0400,1,line_center_tracking,0.1553,0.1553,0.1553,0.1553,0.2375,1,0.0000,0.0000,0.0000,0.1553,-0.0400,IDLE,1,0,step_done_latches_cleared,0,0,0.000,0,nan,nan,nan,0.0000,0,5,0.6050,0.5570,0.2743,0.5570,0.0480,本圈台阶完成,1,0.0000,0.150,0.330
3232.959,ROUNDABOUT_FOLLOW,2.960,1,3.890,roundabout_blind_arc_recovery,0.1691,0.1600,0,line_too_few_bands,0.0000,0.0000,0.0000,0.0000,0.0000,0,0.0000,0.0000,0.0000,0.0000,0.1600,IDLE,1,0,step_done_latches_cleared,0,0,0.000,0,nan,nan,nan,0.0000,0,5,0.6050,0.5570,0.2743,0.5570,0.0480,本圈台阶完成,1,0.0000,0.150,0.330
3233.083,ROUNDABOUT_FOLLOW,3.084,1,3.890,roundabout_blind_arc_recovery,0.1220,0.1600,0,line_too_few_bands,0.0000,0.0000,0.0000,0.0000,0.0000,0,0.0000,0.0000,0.0000,0.0000,0.1600,IDLE,1,0,step_done_latches_cleared,0,0,0.000,0,nan,nan,nan,0.0000,0,5,0.6050,0.5570,0.2743,0.5570,0.0480,本圈台阶完成,1,0.0000,0.150,0.330
3233.211,ROUNDABOUT_FOLLOW,3.212,1,3.890,roundabout_follow_left_locked,0.1707,-0.0400,1,line_center_tracking,0.2078,0.2078,0.2078,0.2078,0.2375,1,0.0000,0.0000,0.0000,0.2078,-0.0400,IDLE,1,0,step_done_latches_cleared,0,0,0.000,0,nan,nan,nan,0.0000,0,5,0.6050,0.5570,0.2743,0.5570,0.0480,本圈台阶完成,1,0.0000,0.150,0.330
3233.343,ROUNDABOUT_FOLLOW,3.343,1,3.890,roundabout_follow_left_locked,0.2206,-0.0400,1,line_center_tracking,0.0683,0.0683,0.0683,0.0683,0.2375,1,0.0000,0.0000,0.0000,0.0683,-0.0400,IDLE,1,0,step_done_latches_cleared,0,0,0.000,0,nan,nan,nan,0.0000,0,5,0.6050,0.5570,0.2743,0.5570,0.0480,本圈台阶完成,1,0.0000,0.150,0.330
3233.471,ROUNDABOUT_FOLLOW,3.472,1,3.890,roundabout_follow_left_locked,0.1785,0.1465,1,line_center_tracking,-0.3676,-0.3676,-0.3676,-0.3676,0.2375,1,0.0000,0.0000,0.0000,-0.3676,0.1465,IDLE,1,0,step_done_latches_cleared,0,0,0.000,0,nan,nan,nan,0.0000,0,5,0.6050,0.5570,0.2743,0.5570,0.0480,本圈台阶完成,1,0.0000,0.150,0.330
3233.597,ROUNDABOUT_FOLLOW,3.598,1,3.890,roundabout_follow_left_locked,0.1794,0.1095,1,line_center_tracking,-0.0991,0.0165,-0.3963,-0.4785,0.4247,3,0.4128,0.0822,0.4950,-0.2861,0.1095,IDLE,1,0,step_done_latches_cleared,0,0,0.000,0,nan,nan,nan,0.0000,0,5,0.6050,0.5570,0.2743,0.5570,0.0480,本圈台阶完成,1,0.0000,0.150,0.330
3233.734,ROUNDABOUT_FOLLOW,3.735,1,3.890,roundabout_follow_left_locked,0.2081,0.1631,1,line_center_tracking,-0.1933,-0.1933,-0.1933,-0.1933,0.2375,1,0.0000,0.0000,0.0000,-0.1933,0.1631,IDLE,1,0,step_done_latches_cleared,0,0,0.000,0,nan,nan,nan,0.0000,0,5,0.6050,0.5570,0.2743,0.5570,0.0480,本圈台阶完成,1,0.0000,0.150,0.330
3233.870,ROUNDABOUT_FOLLOW,3.870,1,3.890,roundabout_blue_guard_left,0.1574,0.3000,0,line_too_few_bands,0.0000,0.0000,0.0000,0.0000,0.0000,0,0.0000,0.0000,0.0000,0.0000,0.3000,IDLE,1,0,step_done_latches_cleared,0,0,0.000,0,1.3400,nan,0.0577,0.8359,4,5,0.6050,0.5570,0.2743,0.5570,0.0480,本圈台阶完成,1,0.0000,0.150,0.330
3234.000,ROUNDABOUT_FOLLOW,4.000,1,3.890,roundabout_blue_guard_left,0.1079,0.3000,1,line_center_tracking,-0.2349,-0.1802,-0.3755,-0.3755,0.3236,2,0.1953,0.0000,0.1953,-0.3104,0.3000,IDLE,1,0,step_done_latches_cleared,0,0,0.000,1,1.3200,nan,0.0534,0.9142,8,5,0.6050,0.5570,0.2743,0.5570,0.0480,本圈台阶完成,1,0.0000,0.150,0.330
3234.125,ROUNDABOUT_FOLLOW,4.126,1,3.890,roundabout_follow_left_locked,0.1556,0.3327,1,line_center_tracking,-0.3081,-0.2541,-0.4470,-0.4470,0.3255,2,0.1929,0.0000,0.1929,-0.3827,0.3327,IDLE,1,0,step_done_latches_cleared,0,0,0.000,1,1.2800,nan,0.0580,0.8268,12,5,0.6050,0.5570,0.2743,0.5570,0.0480,本圈台阶完成,1,0.0000,0.150,0.330
3234.253,ROUNDABOUT_FOLLOW,4.254,1,3.890,roundabout_blind_arc_recovery,0.1068,0.1600,0,line_too_few_bands,0.0000,0.0000,0.0000,0.0000,0.0000,0,0.0000,0.0000,0.0000,0.0000,0.1600,IDLE,1,0,step_done_latches_cleared,0,0,0.000,0,nan,nan,nan,0.0000,0,5,0.6050,0.5570,0.2743,0.5570,0.0480,本圈台阶完成,1,0.0000,0.150,0.330
3234.387,ROUNDABOUT_FOLLOW,4.387,1,3.890,roundabout_blue_guard_left,0.0562,0.3000,1,line_center_tracking,-0.4415,-0.3863,-0.5834,-0.5834,0.3222,2,0.1972,0.0000,0.1972,-0.5177,0.3000,IDLE,1,0,step_done_latches_cleared,0,0,0.000,0,nan,nan,nan,0.0000,0,5,0.6050,0.5570,0.2743,0.5570,0.0480,本圈台阶完成,1,0.0000,0.150,0.330
3234.524,ROUNDABOUT_FOLLOW,4.524,1,3.890,roundabout_blue_guard_left,0.0450,0.3000,0,line_too_few_bands,0.0000,0.0000,0.0000,0.0000,0.0000,0,0.0000,0.0000,0.0000,0.0000,0.3000,IDLE,1,0,step_done_latches_cleared,0,0,0.000,0,nan,nan,nan,0.0000,0,5,0.6050,0.5570,0.2743,0.5570,0.0480,本圈台阶完成,1,0.0000,0.150,0.330
3234.657,ROUNDABOUT_FOLLOW,4.658,1,3.890,roundabout_blue_guard_left,0.0450,0.3000,0,line_too_few_bands,0.0000,0.0000,0.0000,0.0000,0.0000,0,0.0000,0.0000,0.0000,0.0000,0.3000,IDLE,1,0,step_done_latches_cleared,0,0,0.000,0,nan,nan,nan,0.0000,0,5,0.6050,0.5570,0.2743,0.5570,0.0480,本圈台阶完成,1,0.0000,0.150,0.330
3234.808,ROUNDABOUT_FOLLOW,4.808,1,3.890,roundabout_blue_guard_left,0.0450,0.3000,1,line_center_tracking,-0.4420,-0.4420,-0.4420,-0.4420,0.2375,1,0.0000,0.0000,0.0000,-0.4420,0.3000,IDLE,1,0,step_done_latches_cleared,0,0,0.000,0,nan,nan,nan,0.0000,0,5,0.6050,0.5570,0.2743,0.5570,0.0480,本圈台阶完成,1,0.0000,0.150,0.330
3234.946,ROUNDABOUT_FOLLOW,4.947,1,3.890,roundabout_blue_guard_left,0.0450,0.3000,1,line_center_tracking,-0.5112,-0.5112,-0.5112,-0.5112,0.2375,1,0.0000,0.0000,0.0000,-0.5112,0.3000,IDLE,1,0,step_done_latches_cleared,0,0,0.000,0,nan,nan,nan,0.0000,0,5,0.6050,0.5570,0.2743,0.5570,0.0480,本圈台阶完成,1,0.0000,0.150,0.330
3235.084,ROUNDABOUT_FOLLOW,5.085,1,3.890,roundabout_blue_guard_left,0.0450,0.3000,0,line_too_few_bands,0.0000,0.0000,0.0000,0.0000,0.0000,0,0.0000,0.0000,0.0000,0.0000,0.3000,IDLE,1,0,step_done_latches_cleared,0,0,0.000,0,nan,nan,nan,0.0000,0,5,0.6050,0.5570,0.2743,0.5570,0.0480,本圈台阶完成,1,0.0000,0.150,0.330
3235.216,ROUNDABOUT_FOLLOW,5.217,1,3.890,roundabout_blue_guard_left,0.0450,0.3000,0,line_too_few_bands,0.0000,0.0000,0.0000,0.0000,0.0000,0,0.0000,0.0000,0.0000,0.0000,0.3000,IDLE,1,0,step_done_latches_cleared,0,0,0.000,0,nan,nan,nan,0.0000,0,5,0.6050,0.5570,0.2743,0.5570,0.0480,本圈台阶完成,1,0.0000,0.150,0.330
3235.346,ROUNDABOUT_FOLLOW,5.347,1,3.890,roundabout_blue_guard_left,0.0450,0.3000,0,line_too_few_bands,0.0000,0.0000,0.0000,0.0000,0.0000,0,0.0000,0.0000,0.0000,0.0000,0.3000,IDLE,1,0,step_done_latches_cleared,0,0,0.000,0,nan,nan,nan,0.0000,0,5,0.6050,0.5570,0.2743,0.5570,0.0480,本圈台阶完成,1,0.0000,0.150,0.330
3235.478,ROUNDABOUT_FOLLOW,5.478,1,3.890,roundabout_blue_guard_left,0.0450,0.3000,0,line_too_few_bands,0.0000,0.0000,0.0000,0.0000,0.0000,0,0.0000,0.0000,0.0000,0.0000,0.3000,IDLE,1,0,step_done_latches_cleared,0,0,0.000,0,nan,nan,nan,0.0000,0,5,0.6050,0.5570,0.2743,0.5570,0.0480,本圈台阶完成,1,0.0000,0.150,0.330
3235.608,ROUNDABOUT_FOLLOW,5.609,1,3.890,roundabout_blue_guard_left,0.0450,0.3000,0,line_too_few_bands,0.0000,0.0000,0.0000,0.0000,0.0000,0,0.0000,0.0000,0.0000,0.0000,0.3000,IDLE,1,0,step_done_latches_cleared,0,0,0.000,0,nan,nan,nan,0.0000,0,5,0.6050,0.5570,0.2743,0.5570,0.0480,本圈台阶完成,1,0.0000,0.150,0.330
3235.746,ROUNDABOUT_FOLLOW,5.747,1,3.890,roundabout_blue_guard_left,0.0450,0.3000,0,line_too_few_bands,0.0000,0.0000,0.0000,0.0000,0.0000,0,0.0000,0.0000,0.0000,0.0000,0.3000,IDLE,1,0,step_done_latches_cleared,0,0,0.000,0,nan,nan,nan,0.0000,0,5,0.6050,0.5570,0.2743,0.5570,0.0480,本圈台阶完成,1,0.0000,0.150,0.330
3235.875,ROUNDABOUT_FOLLOW,5.876,1,3.890,roundabout_blue_guard_left,0.0450,0.3000,1,line_center_tracking,-0.3247,-0.3247,-0.3247,-0.3247,0.2375,1,0.0000,0.0000,0.0000,-0.3247,0.3000,IDLE,1,0,step_done_latches_cleared,0,0,0.000,0,nan,nan,nan,0.0000,0,5,0.6050,0.5570,0.2743,0.5570,0.0480,本圈台阶完成,1,0.0000,0.150,0.330
3236.012,ROUNDABOUT_FOLLOW,6.012,1,3.890,roundabout_follow_left_locked,0.0957,0.3763,1,line_center_tracking,-0.3484,-0.2963,-0.4825,-0.4825,0.3308,2,0.1861,0.0000,0.1861,-0.4204,0.3763,IDLE,1,0,step_done_latches_cleared,0,0,0.000,0,nan,nan,nan,0.0000,0,5,0.6050,0.5570,0.2743,0.5570,0.0480,本圈台阶完成,1,0.0000,0.150,0.330
3236.144,ROUNDABOUT_FOLLOW,6.145,1,3.890,roundabout_follow_left_locked,0.1460,0.2989,1,line_center_tracking,-0.2158,-0.1668,-0.3418,-0.3418,0.3395,2,0.1749,0.0000,0.1749,-0.2835,0.2989,IDLE,1,0,step_done_latches_cleared,0,0,0.000,0,nan,nan,nan,0.0000,0,5,0.6050,0.5570,0.2743,0.5570,0.0480,本圈台阶完成,1,0.0000,0.150,0.330
3236.278,ROUNDABOUT_FOLLOW,6.279,1,3.890,roundabout_blind_arc_recovery,0.1000,0.1600,0,line_too_few_bands,0.0000,0.0000,0.0000,0.0000,0.0000,0,0.0000,0.0000,0.0000,0.0000,0.1600,IDLE,1,0,step_done_latches_cleared,0,0,0.000,0,nan,nan,nan,0.0000,0,5,0.6050,0.5570,0.2743,0.5570,0.0480,本圈台阶完成,1,0.0000,0.150,0.330
3236.415,ROUNDABOUT_FOLLOW,6.416,1,3.890,roundabout_follow_left_locked,0.1505,0.3871,1,line_center_tracking,-0.4293,-0.4293,-0.4293,-0.4293,0.2375,1,0.0000,0.0000,0.0000,-0.4293,0.3871,IDLE,1,0,step_done_latches_cleared,0,0,0.000,0,nan,nan,nan,0.0000,0,5,0.6050,0.5570,0.2743,0.5570,0.0480,本圈台阶完成,1,0.0000,0.150,0.330
3236.856,ROUNDABOUT_FOLLOW,6.857,1,3.890,roundabout_blind_arc_recovery,0.1000,0.1600,0,line_too_few_bands,0.0000,0.0000,0.0000,0.0000,0.0000,0,0.0000,0.0000,0.0000,0.0000,0.1600,IDLE,1,0,step_done_latches_cleared,0,0,0.000,0,nan,nan,nan,0.0000,0,5,0.6050,0.5570,0.2743,0.5570,0.0480,本圈台阶完成,1,0.0000,0.150,0.330
3237.000,ROUNDABOUT_FOLLOW,7.001,1,3.890,roundabout_blind_arc_recovery,0.1000,0.1600,0,line_too_few_bands,0.0000,0.0000,0.0000,0.0000,0.0000,0,0.0000,0.0000,0.0000,0.0000,0.1600,IDLE,1,0,step_done_latches_cleared,0,0,0.000,0,nan,nan,nan,0.0000,0,5,0.6050,0.5570,0.2743,0.5570,0.0480,本圈台阶完成,1,0.0000,0.150,0.330
3237.133,ROUNDABOUT_FOLLOW,7.133,1,3.890,roundabout_follow_left_locked,0.1050,-0.0400,1,line_hard_turn_centering,0.6201,0.6201,0.6201,0.6201,0.2375,1,0.0000,0.0000,0.0000,0.6201,-0.0400,IDLE,1,0,step_done_latches_cleared,0,0,0.000,0,nan,nan,nan,0.0000,0,5,0.6050,0.5570,0.2743,0.5570,0.0480,本圈台阶完成,1,0.0000,0.150,0.330
3237.260,ROUNDABOUT_FOLLOW,7.261,1,3.890,roundabout_follow_left_locked,0.1050,-0.0400,1,line_hard_turn_centering,0.6193,0.6193,0.6193,0.6193,0.2375,1,0.0000,0.0000,0.0000,0.6193,-0.0400,IDLE,1,0,step_done_latches_cleared,0,0,0.000,0,nan,nan,nan,0.0000,0,5,0.6050,0.5570,0.2743,0.5570,0.0480,本圈台阶完成,1,0.0000,0.150,0.330
3237.391,ROUNDABOUT_FOLLOW,7.391,1,3.890,roundabout_follow_left_locked,0.1050,-0.0400,1,line_hard_turn_centering,0.6015,0.6015,0.6015,0.6015,0.2375,1,0.0000,0.0000,0.0000,0.6015,-0.0400,IDLE,1,0,step_done_latches_cleared,0,0,0.000,0,nan,nan,nan,0.0000,0,5,0.6050,0.5570,0.2743,0.5570,0.0480,本圈台阶完成,1,0.0000,0.150,0.330
3237.518,ROUNDABOUT_FOLLOW,7.519,1,3.890,roundabout_follow_left_locked,0.1050,-0.0400,1,line_hard_turn_centering,0.5989,0.5989,0.5989,0.5989,0.2375,1,0.0000,0.0000,0.0000,0.5989,-0.0400,IDLE,1,0,step_done_latches_cleared,0,0,0.000,0,nan,nan,nan,0.0000,0,5,0.6050,0.5570,0.2743,0.5570,0.0480,本圈台阶完成,1,0.0000,0.150,0.330
3237.666,ROUNDABOUT_FOLLOW,7.667,1,3.890,roundabout_blind_arc_recovery,0.1000,0.1600,0,line_too_few_bands,0.0000,0.0000,0.0000,0.0000,0.0000,0,0.0000,0.0000,0.0000,0.0000,0.1600,IDLE,1,0,step_done_latches_cleared,0,0,0.000,0,nan,nan,nan,0.0000,0,5,0.6050,0.5570,0.2743,0.5570,0.0480,本圈台阶完成,1,0.0000,0.150,0.330
3237.791,ROUNDABOUT_FOLLOW,7.791,1,3.890,roundabout_blind_arc_recovery,0.1000,0.1600,0,line_too_few_bands,0.0000,0.0000,0.0000,0.0000,0.0000,0,0.0000,0.0000,0.0000,0.0000,0.1600,IDLE,1,0,step_done_latches_cleared,0,0,0.000,0,nan,nan,nan,0.0000,0,5,0.6050,0.5570,0.2743,0.5570,0.0480,本圈台阶完成,1,0.0000,0.150,0.330
3237.921,ROUNDABOUT_FOLLOW,7.921,1,3.890,roundabout_follow_left_locked,0.1495,-0.0400,1,line_center_tracking,0.5155,0.5155,0.5155,0.5155,0.2375,1,0.0000,0.0000,0.0000,0.5155,-0.0400,IDLE,1,0,step_done_latches_cleared,0,0,0.000,0,nan,nan,nan,0.0000,0,5,0.6050,0.5570,0.2743,0.5570,0.0480,本圈台阶完成,1,0.0000,0.150,0.330
3238.053,ROUNDABOUT_FOLLOW,8.054,1,3.890,roundabout_follow_left_locked,0.1205,-0.0400,1,line_recenter_transition,0.5150,0.5301,-0.2275,-0.3149,0.1752,2,0.7576,0.0874,0.8450,-0.0041,-0.0400,IDLE,1,0,step_done_latches_cleared,0,0,0.000,0,nan,nan,nan,0.0000,0,5,0.6050,0.5570,0.2743,0.5570,0.0480,本圈台阶完成,1,0.0000,0.150,0.330
3238.184,ROUNDABOUT_FOLLOW,8.185,1,3.890,roundabout_blind_arc_recovery,0.1000,0.1600,0,line_too_few_bands,0.0000,0.0000,0.0000,0.0000,0.0000,0,0.0000,0.0000,0.0000,0.0000,0.1600,IDLE,1,0,step_done_latches_cleared,0,0,0.000,0,nan,nan,nan,0.0000,0,5,0.6050,0.5570,0.2743,0.5570,0.0480,本圈台阶完成,1,0.0000,0.150,0.330
3238.310,ROUNDABOUT_FOLLOW,8.311,1,3.890,roundabout_blind_arc_recovery,0.1000,0.1600,0,line_too_few_bands,0.0000,0.0000,0.0000,0.0000,0.0000,0,0.0000,0.0000,0.0000,0.0000,0.1600,IDLE,1,0,step_done_latches_cleared,0,0,0.000,0,nan,nan,nan,0.0000,0,5,0.6050,0.5570,0.2743,0.5570,0.0480,本圈台阶完成,1,0.0000,0.150,0.330
3238.437,ROUNDABOUT_FOLLOW,8.438,1,3.890,roundabout_follow_left_locked,0.1485,-0.0400,1,line_center_tracking,0.3109,0.3109,0.3109,0.3109,0.2375,1,0.0000,0.0000,0.0000,0.3109,-0.0400,IDLE,1,0,step_done_latches_cleared,0,0,0.000,0,nan,nan,nan,0.0000,0,5,0.6050,0.5570,0.2743,0.5570,0.0480,本圈台阶完成,1,0.0000,0.150,0.330
3238.568,ROUNDABOUT_FOLLOW,8.568,1,3.890,roundabout_follow_left_locked,0.1977,-0.0400,1,line_recenter_transition,0.0583,0.0644,-0.2414,-0.2414,0.3874,3,0.3058,0.0000,0.3058,-0.1395,-0.0400,IDLE,1,0,step_done_latches_cleared,0,0,0.000,0,nan,nan,nan,0.0000,0,5,0.6050,0.5570,0.2743,0.5570,0.0480,本圈台阶完成,1,0.0000,0.150,0.330
3238.714,ROUNDABOUT_FOLLOW,8.714,1,3.890,roundabout_follow_left_locked,0.2089,-0.0400,1,line_center_tracking,-0.0642,0.0032,-0.2375,-0.2375,0.2886,2,0.2406,0.0000,0.2406,-0.1573,-0.0400,IDLE,1,0,step_done_latches_cleared,0,0,0.000,0,nan,nan,nan,0.0000,0,5,0.6050,0.5570,0.2743,0.5570,0.0480,本圈台阶完成,1,0.0000,0.150,0.330
3238.854,ROUNDABOUT_FOLLOW,8.854,1,3.890,roundabout_follow_left_locked,0.1671,0.1988,1,line_center_tracking,-0.4265,-0.4265,-0.4265,-0.4265,0.2375,1,0.0000,0.0000,0.0000,-0.4265,0.1988,IDLE,1,0,step_done_latches_cleared,0,0,0.000,0,nan,nan,nan,0.0000,0,5,0.6050,0.5570,0.2743,0.5570,0.0480,本圈台阶完成,1,0.0000,0.150,0.330
3238.989,ROUNDABOUT_FOLLOW,8.989,1,3.890,roundabout_blind_arc_recovery,0.1164,0.1600,0,line_too_few_bands,0.0000,0.0000,0.0000,0.0000,0.0000,0,0.0000,0.0000,0.0000,0.0000,0.1600,IDLE,1,0,step_done_latches_cleared,0,0,0.000,0,nan,nan,nan,0.0000,0,5,0.6050,0.5570,0.2743,0.5570,0.0480,本圈台阶完成,1,0.0000,0.150,0.330
3239.130,ROUNDABOUT_FOLLOW,9.131,1,3.890,roundabout_follow_left_locked,0.1671,0.0998,1,line_center_tracking,-0.0327,-0.0327,-0.0327,-0.0327,0.2375,1,0.0000,0.0000,0.0000,-0.0327,0.0998,IDLE,1,0,step_done_latches_cleared,0,0,0.000,0,nan,nan,nan,0.0000,0,5,0.6050,0.5570,0.2743,0.5570,0.0480,本圈台阶完成,1,0.0000,0.150,0.330
3239.257,ROUNDABOUT_FOLLOW,9.258,1,3.890,roundabout_follow_left_locked,0.2153,0.1235,1,line_center_tracking,-0.1299,-0.1299,-0.1299,-0.1299,0.2375,1,0.0000,0.0000,0.0000,-0.1299,0.1235,IDLE,1,0,step_done_latches_cleared,0,0,0.000,0,nan,nan,nan,0.0000,0,5,0.6050,0.5570,0.2743,0.5570,0.0480,本圈台阶完成,1,0.0000,0.150,0.330
3239.388,ROUNDABOUT_FOLLOW,9.388,1,3.890,roundabout_blind_arc_recovery,0.1658,0.1600,0,line_too_few_bands,0.0000,0.0000,0.0000,0.0000,0.0000,0,0.0000,0.0000,0.0000,0.0000,0.1600,IDLE,1,0,step_done_latches_cleared,0,0,0.000,0,nan,nan,nan,0.0000,0,5,0.6050,0.5570,0.2743,0.5570,0.0480,本圈台阶完成,1,0.0000,0.150,0.330
3239.520,ROUNDABOUT_FOLLOW,9.521,1,3.890,roundabout_blind_arc_recovery,0.1155,0.1600,0,line_too_few_bands,0.0000,0.0000,0.0000,0.0000,0.0000,0,0.0000,0.0000,0.0000,0.0000,0.1600,IDLE,1,0,step_done_latches_cleared,0,0,0.000,0,nan,nan,nan,0.0000,0,5,0.6050,0.5570,0.2743,0.5570,0.0480,本圈台阶完成,1,0.0000,0.150,0.330
3239.657,ROUNDABOUT_FOLLOW,9.658,1,3.890,roundabout_blind_arc_recovery,0.1000,0.1600,0,line_too_few_bands,0.0000,0.0000,0.0000,0.0000,0.0000,0,0.0000,0.0000,0.0000,0.0000,0.1600,IDLE,1,0,step_done_latches_cleared,0,0,0.000,0,nan,nan,nan,0.0000,0,5,0.6050,0.5570,0.2743,0.5570,0.0480,本圈台阶完成,1,0.0000,0.150,0.330
3239.787,ROUNDABOUT_FOLLOW,9.788,1,3.890,roundabout_blind_arc_recovery,0.1000,0.1600,0,line_too_few_bands,0.0000,0.0000,0.0000,0.0000,0.0000,0,0.0000,0.0000,0.0000,0.0000,0.1600,IDLE,1,0,step_done_latches_cleared,0,0,0.000,0,nan,nan,nan,0.0000,0,5,0.6050,0.5570,0.2743,0.5570,0.0480,本圈台阶完成,1,0.0000,0.150,0.330
3239.930,ROUNDABOUT_FOLLOW,9.931,1,3.890,roundabout_follow_left_locked,0.1050,0.3872,1,line_hard_turn_centering,-0.6129,-0.6129,-0.6129,-0.6129,0.2375,1,0.0000,0.0000,0.0000,-0.6129,0.3872,IDLE,1,0,step_done_latches_cleared,0,0,0.000,0,nan,nan,nan,0.0000,0,5,0.6050,0.5570,0.2743,0.5570,0.0480,本圈台阶完成,1,0.0000,0.150,0.330
3240.066,ROUNDABOUT_FOLLOW,10.066,1,3.890,roundabout_follow_left_locked,0.1050,0.5600,1,line_hard_turn_centering,-0.6862,-0.6862,-0.6862,-0.6862,0.2375,1,0.0000,0.0000,0.0000,-0.6862,0.5600,IDLE,1,0,step_done_latches_cleared,0,0,0.000,0,nan,nan,nan,0.0000,0,5,0.6050,0.5570,0.2743,0.5570,0.0480,本圈台阶完成,1,0.0000,0.150,0.330
3240.208,ROUNDABOUT_FOLLOW,10.209,1,3.890,roundabout_follow_left_locked,0.1050,0.5600,1,line_hard_turn_centering,-0.6974,-0.6974,-0.6974,-0.6974,0.2375,1,0.0000,0.0000,0.0000,-0.6974,0.5600,IDLE,1,0,step_done_latches_cleared,0,0,0.000,0,nan,nan,nan,0.0000,0,5,0.6050,0.5570,0.2743,0.5570,0.0480,本圈台阶完成,1,0.0000,0.150,0.330
3240.354,ROUNDABOUT_FOLLOW,10.354,1,3.890,roundabout_follow_left_locked,0.1050,0.5600,1,line_hard_turn_centering,-0.5991,-0.5991,-0.5991,-0.5991,0.2375,1,0.0000,0.0000,0.0000,-0.5991,0.5600,IDLE,1,0,step_done_latches_cleared,0,0,0.000,0,nan,nan,nan,0.0000,0,5,0.6050,0.5570,0.2743,0.5570,0.0480,本圈台阶完成,1,0.0000,0.150,0.330
3240.490,ROUNDABOUT_FOLLOW,10.491,1,3.890,roundabout_follow_left_locked,0.1000,0.5930,1,line_center_tracking,-0.5051,-0.5051,-0.5051,-0.5051,0.2375,1,0.0000,0.0000,0.0000,-0.5051,0.5930,IDLE,1,0,step_done_latches_cleared,0,0,0.000,0,nan,nan,nan,0.0000,0,5,0.6050,0.5570,0.2743,0.5570,0.0480,本圈台阶完成,1,0.0000,0.150,0.330
3240.633,ROUNDABOUT_FOLLOW,10.634,1,3.890,roundabout_follow_left_locked,0.1202,0.5048,1,line_center_tracking,-0.3920,-0.3920,-0.3920,-0.3920,0.2375,1,0.0000,0.0000,0.0000,-0.3920,0.5048,IDLE,1,0,step_done_latches_cleared,0,0,0.000,0,nan,nan,nan,0.0000,0,5,0.6050,0.5570,0.2743,0.5570,0.0480,本圈台阶完成,1,0.0000,0.150,0.330
3240.766,ROUNDABOUT_FOLLOW,10.767,1,3.890,roundabout_follow_left_locked,0.1192,0.5088,1,line_center_tracking,-0.4665,-0.4665,-0.4665,-0.4665,0.2375,1,0.0000,0.0000,0.0000,-0.4665,0.5088,IDLE,1,0,step_done_latches_cleared,0,0,0.000,0,nan,nan,nan,0.0000,0,5,0.6050,0.5570,0.2743,0.5570,0.0480,本圈台阶完成,1,0.0000,0.150,0.330
3240.905,ROUNDABOUT_FOLLOW,10.905,1,3.890,roundabout_follow_left_locked,0.1306,0.4645,1,line_center_tracking,-0.3943,-0.3943,-0.3943,-0.3943,0.2375,1,0.0000,0.0000,0.0000,-0.3943,0.4645,IDLE,1,0,step_done_latches_cleared,0,0,0.000,0,nan,nan,nan,0.0000,0,5,0.6050,0.5570,0.2743,0.5570,0.0480,本圈台阶完成,1,0.0000,0.150,0.330
3241.041,ROUNDABOUT_FOLLOW,11.041,1,3.890,roundabout_follow_left_locked,0.1673,0.3216,1,line_center_tracking,-0.1807,-0.1223,-0.3310,-0.3310,0.4185,3,0.2087,0.0000,0.2087,-0.2614,0.3216,IDLE,1,0,step_done_latches_cleared,0,0,0.000,0,nan,nan,nan,0.0000,0,5,0.6050,0.5570,0.2743,0.5570,0.0480,本圈台阶完成,1,0.0000,0.150,0.330
3241.179,ROUNDABOUT_FOLLOW,11.180,1,3.890,roundabout_follow_left_locked,0.2025,0.1845,1,line_center_tracking,-0.0490,0.0213,-0.2296,-0.2296,0.3467,2,0.2509,0.0000,0.2509,-0.1460,0.1845,IDLE,1,0,step_done_latches_cleared,0,0,0.000,0,nan,nan,nan,0.0000,0,5,0.6050,0.5570,0.2743,0.5570,0.0480,本圈台阶完成,1,0.0000,0.150,0.330
3241.313,ROUNDABOUT_FOLLOW,11.314,1,3.890,roundabout_follow_left_locked,0.1986,0.1160,1,line_center_tracking,-0.0402,0.0440,-0.2568,-0.2568,0.3212,2,0.3008,0.0000,0.3008,-0.1565,0.1160,IDLE,1,0,step_done_latches_cleared,0,0,0.000,0,nan,nan,nan,0.0000,0,5,0.6050,0.5570,0.2743,0.5570,0.0480,本圈台阶完成,1,0.0000,0.150,0.330
3241.448,ROUNDABOUT_FOLLOW,11.449,1,3.890,roundabout_follow_left_locked,0.2411,0.0310,1,line_center_tracking,0.0460,0.0460,0.0460,0.0460,0.2375,1,0.0000,0.0000,0.0000,0.0460,0.0310,IDLE,1,0,step_done_latches_cleared,0,0,0.000,0,nan,nan,nan,0.0000,0,5,0.6050,0.5570,0.2743,0.5570,0.0480,本圈台阶完成,1,0.0000,0.150,0.330
3241.605,ROUNDABOUT_FOLLOW,11.606,1,3.890,roundabout_follow_left_locked,0.2372,-0.0183,1,line_center_tracking,0.0658,0.0658,0.0658,0.0658,0.2375,1,0.0000,0.0000,0.0000,0.0658,-0.0183,IDLE,1,0,step_done_latches_cleared,0,0,0.000,0,nan,nan,nan,0.0000,0,5,0.6050,0.5570,0.2743,0.5570,0.0480,本圈台阶完成,1,0.0000,0.150,0.330
3241.733,ROUNDABOUT_FOLLOW,11.734,1,3.890,roundabout_follow_left_locked,0.2338,-0.0400,1,line_center_tracking,0.0832,0.0832,0.0832,0.0832,0.2375,1,0.0000,0.0000,0.0000,0.0832,-0.0400,IDLE,1,0,step_done_latches_cleared,0,0,0.000,0,nan,nan,nan,0.0000,0,5,0.6050,0.5570,0.2743,0.5570,0.0480,本圈台阶完成,1,0.0000,0.150,0.330
3241.866,ROUNDABOUT_FOLLOW,11.866,1,3.890,roundabout_follow_left_locked,0.2337,-0.0020,1,line_center_tracking,-0.0356,-0.0089,-0.1042,-0.1042,0.4012,2,0.0953,0.0000,0.0953,-0.0725,-0.0020,IDLE,1,0,step_done_latches_cleared,0,0,0.000,0,nan,nan,nan,0.0000,0,5,0.6050,0.5570,0.2743,0.5570,0.0480,本圈台阶完成,1,0.0000,0.150,0.330
3241.998,ROUNDABOUT_FOLLOW,11.999,1,3.890,roundabout_follow_left_locked,0.2057,-0.0400,1,line_center_tracking,0.2361,0.2280,0.2571,0.2571,0.3931,2,0.0291,0.0000,0.0291,0.2474,-0.0400,IDLE,1,0,step_done_latches_cleared,0,0,0.000,0,nan,nan,nan,0.0000,0,5,0.6050,0.5570,0.2743,0.5570,0.0480,本圈台阶完成,1,0.0000,0.150,0.330
3242.136,ROUNDABOUT_FOLLOW,12.136,1,3.890,roundabout_follow_left_locked,0.1921,-0.0400,1,line_center_tracking,0.3112,0.2977,0.3459,0.3459,0.3394,2,0.0482,0.0000,0.0482,0.3298,-0.0400,IDLE,1,0,step_done_latches_cleared,0,0,0.000,0,nan,nan,nan,0.0000,0,5,0.6050,0.5570,0.2743,0.5570,0.0480,本圈台阶完成,1,0.0000,0.150,0.330
3242.286,ROUNDABOUT_FOLLOW,12.287,1,3.890,roundabout_follow_left_locked,0.2130,-0.0400,1,line_center_tracking,0.1814,0.1901,0.1592,0.1592,0.3881,2,0.0309,0.0000,0.0309,0.1695,-0.0400,IDLE,1,0,step_done_latches_cleared,0,0,0.000,0,nan,nan,nan,0.0000,0,5,0.6050,0.5570,0.2743,0.5570,0.0480,本圈台阶完成,1,0.0000,0.150,0.330
3242.419,ROUNDABOUT_FOLLOW,12.420,1,3.890,roundabout_follow_left_locked,0.2238,-0.0400,1,line_center_tracking,0.1347,0.1347,0.1347,0.1347,0.2375,1,0.0000,0.0000,0.0000,0.1347,-0.0400,IDLE,1,0,step_done_latches_cleared,0,0,0.000,0,nan,nan,nan,0.0000,0,5,0.6050,0.5570,0.2743,0.5570,0.0480,本圈台阶完成,1,0.0000,0.150,0.330
3242.548,ROUNDABOUT_FOLLOW,12.549,1,3.890,roundabout_blind_arc_recovery,0.1748,0.1600,0,line_too_few_bands,0.0000,0.0000,0.0000,0.0000,0.0000,0,0.0000,0.0000,0.0000,0.0000,0.1600,IDLE,1,0,step_done_latches_cleared,0,0,0.000,0,nan,nan,nan,0.0000,0,5,0.6050,0.5570,0.2743,0.5570,0.0480,本圈台阶完成,1,0.0000,0.150,0.330
3242.679,ROUNDABOUT_FOLLOW,12.680,1,3.890,roundabout_blind_arc_recovery,0.1250,0.1600,0,line_too_few_bands,0.0000,0.0000,0.0000,0.0000,0.0000,0,0.0000,0.0000,0.0000,0.0000,0.1600,IDLE,1,0,step_done_latches_cleared,0,0,0.000,0,nan,nan,nan,0.0000,0,5,0.6050,0.5570,0.2743,0.5570,0.0480,本圈台阶完成,1,0.0000,0.150,0.330
3242.812,ROUNDABOUT_FOLLOW,12.813,1,3.890,roundabout_blue_guard_left,0.0744,0.3000,0,line_too_few_bands,0.0000,0.0000,0.0000,0.0000,0.0000,0,0.0000,0.0000,0.0000,0.0000,0.3000,IDLE,1,0,step_done_latches_cleared,0,0,0.000,0,nan,nan,nan,0.0000,0,5,0.6050,0.5570,0.2743,0.5570,0.0480,本圈台阶完成,1,0.0000,0.150,0.330
3242.937,ROUNDABOUT_FOLLOW,12.938,1,3.890,roundabout_blue_guard_left,0.0450,0.3000,0,line_too_few_bands,0.0000,0.0000,0.0000,0.0000,0.0000,0,0.0000,0.0000,0.0000,0.0000,0.3000,IDLE,1,0,step_done_latches_cleared,0,0,0.000,0,nan,nan,nan,0.0000,0,5,0.6050,0.5570,0.2743,0.5570,0.0480,本圈台阶完成,1,0.0000,0.150,0.330
3243.082,ROUNDABOUT_FOLLOW,13.083,1,3.890,roundabout_blue_guard_left,0.0450,0.3000,0,line_too_few_bands,0.0000,0.0000,0.0000,0.0000,0.0000,0,0.0000,0.0000,0.0000,0.0000,0.3000,IDLE,1,0,step_done_latches_cleared,0,0,0.000,0,nan,nan,nan,0.0000,0,5,0.6050,0.5570,0.2743,0.5570,0.0480,本圈台阶完成,1,0.0000,0.150,0.330
3243.218,ROUNDABOUT_FOLLOW,13.219,1,3.890,roundabout_blue_guard_left,0.0450,0.3000,0,line_too_few_bands,0.0000,0.0000,0.0000,0.0000,0.0000,0,0.0000,0.0000,0.0000,0.0000,0.3000,IDLE,1,0,step_done_latches_cleared,0,0,0.000,0,nan,nan,nan,0.0000,0,5,0.6050,0.5570,0.2743,0.5570,0.0480,本圈台阶完成,1,0.0000,0.150,0.330
3243.342,ROUNDABOUT_FOLLOW,13.343,1,3.890,roundabout_blue_guard_left,0.0450,0.3000,1,line_hard_turn_centering,0.8124,0.8138,0.7999,0.7280,0.5342,3,0.0139,0.0720,0.0859,0.7806,0.3000,IDLE,1,0,step_done_latches_cleared,0,0,0.000,0,nan,nan,nan,0.0000,0,5,0.6050,0.5570,0.2743,0.5570,0.0480,本圈台阶完成,1,0.0000,0.150,0.330
3243.472,ROUNDABOUT_FOLLOW,13.473,1,3.890,roundabout_blue_guard_left,0.0450,0.3000,1,line_hard_turn_centering,0.8276,0.8271,0.8320,0.8291,0.5449,3,0.0049,0.0029,0.0020,0.8294,0.3000,IDLE,1,0,step_done_latches_cleared,0,0,0.000,0,nan,nan,nan,0.0000,0,5,0.6050,0.5570,0.2743,0.5570,0.0480,本圈台阶完成,1,0.0000,0.150,0.330
3243.606,ROUNDABOUT_FOLLOW,13.607,1,3.890,roundabout_blue_guard_left,0.0450,0.3000,0,line_too_few_bands,0.0000,0.0000,0.0000,0.0000,0.0000,0,0.0000,0.0000,0.0000,0.0000,0.3000,IDLE,1,0,step_done_latches_cleared,0,0,0.000,0,nan,nan,nan,0.0000,0,5,0.6050,0.5570,0.2743,0.5570,0.0480,本圈台阶完成,1,0.0000,0.150,0.330
3243.735,ROUNDABOUT_FOLLOW,13.736,1,3.890,roundabout_blue_guard_left,0.0450,0.3000,0,line_too_few_bands,0.0000,0.0000,0.0000,0.0000,0.0000,0,0.0000,0.0000,0.0000,0.0000,0.3000,IDLE,1,0,step_done_latches_cleared,0,0,0.000,0,nan,nan,nan,0.0000,0,5,0.6050,0.5570,0.2743,0.5570,0.0480,本圈台阶完成,1,0.0000,0.150,0.330
3243.864,ROUNDABOUT_FOLLOW,13.865,1,3.890,roundabout_blue_guard_left,0.0450,0.3000,0,line_too_few_bands,0.0000,0.0000,0.0000,0.0000,0.0000,0,0.0000,0.0000,0.0000,0.0000,0.3000,IDLE,1,0,step_done_latches_cleared,0,0,0.000,0,nan,nan,nan,0.0000,0,5,0.6050,0.5570,0.2743,0.5570,0.0480,本圈台阶完成,1,0.0000,0.150,0.330
3243.997,ROUNDABOUT_FOLLOW,13.997,1,3.890,roundabout_blue_guard_left,0.0450,0.3000,0,line_too_few_bands,0.0000,0.0000,0.0000,0.0000,0.0000,0,0.0000,0.0000,0.0000,0.0000,0.3000,IDLE,1,0,step_done_latches_cleared,0,0,0.000,0,nan,nan,nan,0.0000,0,5,0.6050,0.5570,0.2743,0.5570,0.0480,本圈台阶完成,1,0.0000,0.150,0.330
3244.126,ROUNDABOUT_FOLLOW,14.127,1,3.890,roundabout_blue_guard_left,0.0450,0.3000,0,line_too_few_bands,0.0000,0.0000,0.0000,0.0000,0.0000,0,0.0000,0.0000,0.0000,0.0000,0.3000,IDLE,1,0,step_done_latches_cleared,0,0,0.000,0,nan,nan,nan,0.0000,0,5,0.6050,0.5570,0.2743,0.5570,0.0480,本圈台阶完成,1,0.0000,0.150,0.330
3244.263,ROUNDABOUT_FOLLOW,14.264,1,3.890,roundabout_blue_guard_left,0.0450,0.3000,0,line_too_few_bands,0.0000,0.0000,0.0000,0.0000,0.0000,0,0.0000,0.0000,0.0000,0.0000,0.3000,IDLE,1,0,step_done_latches_cleared,0,0,0.000,0,nan,nan,nan,0.0000,0,5,0.6050,0.5570,0.2743,0.5570,0.0480,本圈台阶完成,1,0.0000,0.150,0.330
3244.387,ROUNDABOUT_FOLLOW,14.388,1,3.890,roundabout_blue_guard_left,0.0450,0.3000,0,line_too_few_bands,0.0000,0.0000,0.0000,0.0000,0.0000,0,0.0000,0.0000,0.0000,0.0000,0.3000,IDLE,1,0,step_done_latches_cleared,0,0,0.000,0,nan,nan,nan,0.0000,0,5,0.6050,0.5570,0.2743,0.5570,0.0480,本圈台阶完成,1,0.0000,0.150,0.330
3244.515,ROUNDABOUT_FOLLOW,14.516,1,3.890,roundabout_blue_guard_left,0.0450,0.3000,0,line_too_few_bands,0.0000,0.0000,0.0000,0.0000,0.0000,0,0.0000,0.0000,0.0000,0.0000,0.3000,IDLE,1,0,step_done_latches_cleared,0,0,0.000,0,nan,nan,nan,0.0000,0,5,0.6050,0.5570,0.2743,0.5570,0.0480,本圈台阶完成,1,0.0000,0.150,0.330
3244.657,ROUNDABOUT_FOLLOW,14.658,1,3.890,roundabout_blue_guard_left,0.0450,0.3000,0,line_too_few_bands,0.0000,0.0000,0.0000,0.0000,0.0000,0,0.0000,0.0000,0.0000,0.0000,0.3000,IDLE,1,0,step_done_latches_cleared,0,0,0.000,0,nan,nan,nan,0.0000,0,5,0.6050,0.5570,0.2743,0.5570,0.0480,本圈台阶完成,1,0.0000,0.150,0.330
3244.782,ROUNDABOUT_FOLLOW,14.783,1,3.890,roundabout_blue_guard_left,0.0450,0.3000,0,line_too_few_bands,0.0000,0.0000,0.0000,0.0000,0.0000,0,0.0000,0.0000,0.0000,0.0000,0.3000,IDLE,1,0,step_done_latches_cleared,0,0,0.000,0,nan,nan,nan,0.0000,0,5,0.6050,0.5570,0.2743,0.5570,0.0480,本圈台阶完成,1,0.0000,0.150,0.330
3244.911,ROUNDABOUT_FOLLOW,14.912,1,3.890,roundabout_blue_guard_left,0.0450,0.3000,0,line_too_few_bands,0.0000,0.0000,0.0000,0.0000,0.0000,0,0.0000,0.0000,0.0000,0.0000,0.3000,IDLE,1,0,step_done_latches_cleared,0,0,0.000,0,nan,nan,nan,0.0000,0,5,0.6050,0.5570,0.2743,0.5570,0.0480,本圈台阶完成,1,0.0000,0.150,0.330
3245.046,ROUNDABOUT_FOLLOW,15.047,1,3.890,roundabout_blue_guard_left,0.0450,0.3000,0,line_too_few_bands,0.0000,0.0000,0.0000,0.0000,0.0000,0,0.0000,0.0000,0.0000,0.0000,0.3000,IDLE,1,0,step_done_latches_cleared,0,0,0.000,0,nan,nan,nan,0.0000,0,5,0.6050,0.5570,0.2743,0.5570,0.0480,本圈台阶完成,1,0.0000,0.150,0.330
3245.173,ROUNDABOUT_FOLLOW,15.174,1,3.890,roundabout_blue_guard_left,0.0450,0.3000,0,line_too_few_bands,0.0000,0.0000,0.0000,0.0000,0.0000,0,0.0000,0.0000,0.0000,0.0000,0.3000,IDLE,1,0,step_done_latches_cleared,0,0,0.000,0,nan,nan,nan,0.0000,0,5,0.6050,0.5570,0.2743,0.5570,0.0480,本圈台阶完成,1,0.0000,0.150,0.330
3245.311,ROUNDABOUT_FOLLOW,15.311,1,3.890,roundabout_follow_left_locked,0.0957,0.3801,1,line_center_tracking,-0.3520,-0.3136,-0.4506,-0.4780,0.3971,2,0.1370,0.0274,0.1644,-0.4141,0.3801,IDLE,1,0,step_done_latches_cleared,0,0,0.000,0,nan,nan,nan,0.0000,0,5,0.6050,0.5570,0.2743,0.5570,0.0480,本圈台阶完成,1,0.0000,0.150,0.330
3245.447,ROUNDABOUT_FOLLOW,15.448,1,3.890,roundabout_follow_left_locked,0.1463,0.3748,1,line_center_tracking,-0.3427,-0.3427,-0.3427,-0.3427,0.2375,1,0.0000,0.0000,0.0000,-0.3427,0.3748,IDLE,1,0,step_done_latches_cleared,0,0,0.000,0,nan,nan,nan,0.0000,0,5,0.6050,0.5570,0.2743,0.5570,0.0480,本圈台阶完成,1,0.0000,0.150,0.330
3245.580,ROUNDABOUT_FOLLOW,15.581,1,3.890,roundabout_follow_left_locked,0.1567,0.3627,1,line_center_tracking,-0.3258,-0.3258,-0.3258,-0.3258,0.2375,1,0.0000,0.0000,0.0000,-0.3258,0.3627,IDLE,1,0,step_done_latches_cleared,0,0,0.000,0,nan,nan,nan,0.0000,0,5,0.6050,0.5570,0.2743,0.5570,0.0480,本圈台阶完成,1,0.0000,0.150,0.330
3245.720,ROUNDABOUT_FOLLOW,15.721,1,3.890,roundabout_follow_left_locked,0.1657,0.3278,1,line_center_tracking,-0.2746,-0.2746,-0.2746,-0.2746,0.2375,1,0.0000,0.0000,0.0000,-0.2746,0.3278,IDLE,1,0,step_done_latches_cleared,0,0,0.000,0,nan,nan,nan,0.0000,0,5,0.6050,0.5570,0.2743,0.5570,0.0480,本圈台阶完成,1,0.0000,0.150,0.330
3245.852,ROUNDABOUT_FOLLOW,15.853,1,3.890,roundabout_follow_left_locked,0.1466,0.1304,1,line_recenter_transition,0.0375,0.0496,-0.5551,-0.6303,0.4003,3,0.6047,0.0753,0.6800,-0.3786,0.1304,IDLE,1,0,step_done_latches_cleared,0,0,0.000,0,nan,nan,nan,0.0000,0,5,0.6050,0.5570,0.2743,0.5570,0.0480,本圈台阶完成,1,0.0000,0.150,0.330
3245.986,ROUNDABOUT_FOLLOW,15.987,1,3.890,roundabout_follow_left_locked,0.1525,0.0572,1,line_recenter_transition,0.0227,0.0341,-0.5358,-0.6326,0.4205,3,0.5699,0.0968,0.6667,-0.3781,0.0572,IDLE,1,0,step_done_latches_cleared,0,0,0.000,0,nan,nan,nan,0.0000,0,5,0.6050,0.5570,0.2743,0.5570,0.0480,本圈台阶完成,1,0.0000,0.150,0.330
3246.119,ROUNDABOUT_EXIT,0.000,1,3.890,roundabout_exit_commit,0.1050,-0.0300,1,line_recenter_transition,0.0389,0.0501,-0.5122,-0.6213,0.4282,3,0.5623,0.1091,0.6715,-0.3612,-0.0300,IDLE,1,0,step_done_latches_cleared,0,0,0.000,0,nan,nan,nan,0.0000,0,5,0.6050,0.5570,0.2743,0.5570,0.0480,本圈台阶完成,1,0.0000,0.150,0.330
3246.254,ROUNDABOUT_EXIT,0.135,1,3.890,roundabout_exit_commit,0.1050,-0.0300,1,line_recenter_transition,0.0576,0.0687,-0.4890,-0.6041,0.4264,3,0.5577,0.1152,0.6729,-0.3415,-0.0300,IDLE,1,0,step_done_latches_cleared,0,0,0.000,0,nan,nan,nan,0.0000,0,5,0.6050,0.5570,0.2743,0.5570,0.0480,本圈台阶完成,1,0.0000,0.150,0.330
3246.389,ROUNDABOUT_EXIT,0.270,1,3.890,roundabout_exit_commit,0.1050,-0.0300,1,line_recenter_transition,0.0294,0.0392,-0.4531,-0.5686,0.5405,4,0.4923,0.1155,0.6078,-0.3275,-0.0300,IDLE,1,0,step_done_latches_cleared,0,0,0.000,0,nan,nan,nan,0.0000,0,5,0.6050,0.5570,0.2743,0.5570,0.0480,本圈台阶完成,1,0.0000,0.150,0.330
3246.528,ROUNDABOUT_EXIT,0.409,1,3.890,roundabout_exit_commit,0.1050,-0.0131,1,line_center_tracking,-0.0109,-0.0047,-0.0269,-0.0269,0.5499,3,0.0221,0.0000,0.0221,-0.0195,-0.0131,IDLE,1,0,step_done_latches_cleared,0,0,0.000,0,nan,nan,nan,0.0000,0,5,0.6050,0.5570,0.2743,0.5570,0.0480,本圈台阶完成,1,0.0000,0.150,0.330
3246.656,ROUNDABOUT_EXIT,0.538,1,3.890,roundabout_exit_commit,0.1050,0.0492,1,line_center_tracking,-0.0968,-0.0570,-0.1991,-0.1991,0.5050,3,0.1421,0.0000,0.1421,-0.1517,0.0492,IDLE,1,0,step_done_latches_cleared,0,0,0.000,0,nan,nan,nan,0.0000,0,5,0.6050,0.5570,0.2743,0.5570,0.0480,本圈台阶完成,1,0.0000,0.150,0.330
3246.790,ROUNDABOUT_EXIT,0.671,1,3.890,roundabout_exit_commit,0.1050,0.1132,1,line_center_tracking,-0.1613,-0.1503,-0.1894,-0.1894,0.3652,2,0.0391,0.0000,0.0391,-0.1764,0.1132,IDLE,1,0,step_done_latches_cleared,0,0,0.000,0,nan,nan,nan,0.0000,0,5,0.6050,0.5570,0.2743,0.5570,0.0480,本圈台阶完成,1,0.0000,0.150,0.330
3246.919,ROUNDABOUT_EXIT,0.800,1,3.890,roundabout_exit_commit,0.1050,0.1935,1,line_center_tracking,-0.2481,-0.2312,-0.2916,-0.2916,0.3053,2,0.0603,0.0000,0.0603,-0.2715,0.1935,IDLE,1,0,step_done_latches_cleared,0,0,0.000,0,nan,nan,nan,0.0000,0,5,0.6050,0.5570,0.2743,0.5570,0.0480,本圈台阶完成,1,0.0000,0.150,0.330
3247.050,ROUNDABOUT_EXIT,0.932,1,3.890,roundabout_exit_commit,0.1050,0.1839,1,line_center_tracking,-0.1707,-0.1715,-0.1685,-0.1685,0.4666,2,0.0030,0.0000,0.0030,-0.1695,0.1839,IDLE,1,0,step_done_latches_cleared,0,0,0.000,0,nan,nan,nan,0.0000,0,5,0.6050,0.5570,0.2743,0.5570,0.0480,本圈台阶完成,1,0.0000,0.150,0.330
3247.178,ROUNDABOUT_EXIT,1.059,1,3.890,roundabout_exit_commit,0.1050,0.1545,1,line_center_tracking,-0.1202,-0.1132,-0.1383,-0.1383,0.5477,3,0.0252,0.0000,0.0252,-0.1299,0.1545,IDLE,1,0,step_done_latches_cleared,0,0,0.000,0,nan,nan,nan,0.0000,0,5,0.6050,0.5570,0.2743,0.5570,0.0480,本圈台阶完成,1,0.0000,0.150,0.330
3247.305,ROUNDABOUT_EXIT,1.187,1,3.890,roundabout_exit_commit,0.1050,0.1156,1,line_center_tracking,-0.0740,-0.0661,-0.0941,-0.0941,0.4533,2,0.0280,0.0000,0.0280,-0.0848,0.1156,IDLE,1,0,step_done_latches_cleared,0,0,0.000,0,nan,nan,nan,0.0000,0,5,0.6050,0.5570,0.2743,0.5570,0.0480,本圈台阶完成,1,0.0000,0.150,0.330
3247.441,SEEK_CROSSWALK,0.000,1,3.890,line_bridge_loss,0.0543,0.0462,0,line_too_few_bands,0.0000,0.0000,0.0000,0.0000,0.0000,0,0.0000,0.0000,0.0000,0.0000,0.0462,IDLE,1,0,step_done_latches_cleared,0,0,0.000,0,nan,nan,nan,0.0000,0,5,0.6050,0.5570,0.2743,0.5570,0.0480,本圈台阶完成,1,0.0000,0.150,0.330
3247.579,SEEK_CROSSWALK,0.138,1,3.890,line_bridge_loss,0.0350,0.0462,0,line_too_few_bands,0.0000,0.0000,0.0000,0.0000,0.0000,1,0.0000,0.0000,0.0000,0.0000,0.0462,IDLE,1,0,step_done_latches_cleared,0,0,0.000,0,nan,nan,nan,0.0000,0,5,0.6050,0.5570,0.2743,0.5570,0.0480,本圈台阶完成,1,0.0000,0.150,0.330
3247.713,SEEK_CROSSWALK,0.273,1,3.890,tracking,0.0857,0.0362,1,line_center_tracking,-0.0335,-0.0105,-0.0927,-0.0939,0.7958,6,0.0822,0.0012,0.0834,-0.0657,0.0362,IDLE,1,0,step_done_latches_cleared,0,0,0.000,0,nan,nan,nan,0.0000,0,5,0.6050,0.5570,0.2743,0.5570,0.0480,本圈台阶完成,1,0.0000,0.150,0.330
3247.848,SEEK_CROSSWALK,0.407,1,3.890,tracking,0.1363,0.0426,1,line_center_tracking,-0.0445,-0.0126,-0.1267,-0.1462,0.7903,6,0.1141,0.0195,0.1337,-0.0952,0.0426,IDLE,1,0,step_done_latches_cleared,0,0,0.000,0,nan,nan,nan,0.0000,0,5,0.6050,0.5570,0.2743,0.5570,0.0480,本圈台阶完成,1,0.0000,0.150,0.330
3247.983,SEEK_CROSSWALK,0.542,1,3.890,tracking,0.1870,0.0405,1,line_center_tracking,-0.0364,-0.0285,-0.0568,-0.0568,0.4531,2,0.0283,0.0000,0.0283,-0.0473,0.0405,IDLE,1,0,step_done_latches_cleared,0,0,0.000,0,nan,nan,nan,0.0000,0,5,0.6050,0.5570,0.2743,0.5570,0.0480,本圈台阶完成,1,0.0000,0.150,0.330
3248.118,SEEK_CROSSWALK,0.677,1,3.890,tracking,0.2377,0.0477,1,line_center_tracking,-0.0498,-0.0329,-0.0933,-0.1426,0.7209,5,0.0605,0.0492,0.1097,-0.0896,0.0477,IDLE,1,0,step_done_latches_cleared,0,0,0.000,0,nan,nan,nan,0.0000,0,5,0.6050,0.5570,0.2743,0.5570,0.0480,本圈台阶完成,1,0.0000,0.150,0.330
3248.252,SEEK_CROSSWALK,0.811,1,3.890,line_bridge_loss,0.1870,0.0191,0,line_too_few_bands,0.0000,0.0000,0.0000,0.0000,0.0000,0,0.0000,0.0000,0.0000,0.0000,0.0191,IDLE,1,0,step_done_latches_cleared,0,0,0.000,0,nan,nan,nan,0.0000,0,5,0.6050,0.5570,0.2743,0.5570,0.0480,本圈台阶完成,1,0.0000,0.150,0.330
3248.382,SEEK_CROSSWALK,0.941,1,3.890,tracking,0.2365,0.0469,1,line_center_tracking,-0.0434,-0.0241,-0.0931,-0.1357,0.8114,6,0.0691,0.0425,0.1116,-0.0843,0.0469,IDLE,1,0,step_done_latches_cleared,0,0,0.000,0,nan,nan,nan,0.0000,0,5,0.6050,0.5570,0.2743,0.5570,0.0480,本圈台阶完成,1,0.0000,0.150,0.330
3248.512,SEEK_CROSSWALK,1.071,1,3.890,tracking,0.2385,0.0433,1,line_center_tracking,-0.0372,-0.0210,-0.0787,-0.1245,0.8119,6,0.0577,0.0458,0.1035,-0.0747,0.0433,IDLE,1,0,step_done_latches_cleared,0,0,0.000,0,nan,nan,nan,0.0000,0,5,0.6050,0.5570,0.2743,0.5570,0.0480,本圈台阶完成,1,0.0000,0.150,0.330
3248.640,SEEK_CROSSWALK,1.200,1,3.890,tracking,0.2390,0.0378,1,line_center_tracking,-0.0304,-0.0157,-0.0682,-0.1146,0.8122,6,0.0526,0.0464,0.0989,-0.0662,0.0378,IDLE,1,0,step_done_latches_cleared,0,0,0.000,0,nan,nan,nan,0.0000,0,5,0.6050,0.5570,0.2743,0.5570,0.0480,本圈台阶完成,1,0.0000,0.150,0.330
3248.770,SEEK_CROSSWALK,1.329,1,3.890,tracking,0.2393,0.0304,1,line_center_tracking,-0.0218,-0.0074,-0.0590,-0.1040,0.8126,6,0.0516,0.0450,0.0966,-0.0568,0.0304,IDLE,1,0,step_done_latches_cleared,0,0,0.000,0,nan,nan,nan,0.0000,0,5,0.6050,0.5570,0.2743,0.5570,0.0480,本圈台阶完成,1,0.0000,0.150,0.330
3248.915,SEEK_CROSSWALK,1.474,1,3.890,tracking,0.2402,0.0269,1,line_center_tracking,-0.0214,-0.0085,-0.0546,-0.0967,0.9013,7,0.0462,0.0420,0.0882,-0.0532,0.0269,IDLE,1,0,step_done_latches_cleared,0,0,0.000,0,nan,nan,nan,0.0000,0,5,0.6050,0.5570,0.2743,0.5570,0.0480,本圈台阶完成,1,0.0000,0.150,0.330
3249.054,SEEK_CROSSWALK,1.613,1,3.890,tracking,0.2402,0.0217,1,line_center_tracking,-0.0156,-0.0024,-0.0496,-0.0907,0.8126,6,0.0472,0.0411,0.0883,-0.0476,0.0217,IDLE,1,0,step_done_latches_cleared,0,0,0.000,0,nan,nan,nan,0.0000,0,5,0.6050,0.5570,0.2743,0.5570,0.0480,本圈台阶完成,1,0.0000,0.150,0.330
3249.187,SEEK_CROSSWALK,1.746,1,3.890,tracking,0.2402,0.0152,1,line_center_tracking,-0.0085,0.0047,-0.0425,-0.0840,0.7237,5,0.0471,0.0415,0.0886,-0.0406,0.0152,IDLE,1,0,step_done_latches_cleared,0,0,0.000,0,nan,nan,nan,0.0000,0,5,0.6050,0.5570,0.2743,0.5570,0.0480,本圈台阶完成,1,0.0000,0.150,0.330
3249.322,SEEK_CROSSWALK,1.881,1,3.890,tracking,0.2406,0.0087,1,line_center_tracking,-0.0022,0.0108,-0.0356,-0.0741,0.7244,5,0.0465,0.0385,0.0849,-0.0330,0.0087,IDLE,1,0,step_done_latches_cleared,0,0,0.000,0,nan,nan,nan,0.0000,0,5,0.6050,0.5570,0.2743,0.5570,0.0480,本圈台阶完成,1,0.0000,0.150,0.330
3249.453,SEEK_CROSSWALK,2.013,1,3.890,tracking,0.2448,0.0203,1,line_center_tracking,-0.0273,-0.0250,-0.0332,-0.0670,0.7294,5,0.0082,0.0338,0.0420,-0.0417,0.0203,IDLE,1,0,step_done_latches_cleared,0,0,0.000,0,nan,nan,nan,0.0000,0,5,0.6050,0.5570,0.2743,0.5570,0.0480,本圈台阶完成,1,0.0000,0.150,0.330
3249.582,SEEK_CROSSWALK,2.142,1,3.890,tracking,0.2422,0.0118,1,line_center_tracking,-0.0052,0.0044,-0.0301,-0.0654,0.7268,5,0.0345,0.0354,0.0699,-0.0303,0.0118,IDLE,1,0,step_done_latches_cleared,0,0,0.000,0,nan,nan,nan,0.0000,0,5,0.6050,0.5570,0.2743,0.5570,0.0480,本圈台阶完成,1,0.0000,0.150,0.330
3249.709,SEEK_CROSSWALK,2.268,1,3.890,tracking,0.2417,0.0062,1,line_center_tracking,-0.0008,0.0112,-0.0314,-0.0634,0.8154,6,0.0426,0.0319,0.0746,-0.0279,0.0062,IDLE,1,0,step_done_latches_cleared,0,0,0.000,0,nan,nan,nan,0.0000,0,5,0.6050,0.5570,0.2743,0.5570,0.0480,本圈台阶完成,1,0.0000,0.150,0.330
3249.845,SEEK_CROSSWALK,2.404,1,3.890,tracking,0.2416,0.0008,1,line_center_tracking,0.0041,0.0156,-0.0256,-0.0598,0.8144,6,0.0412,0.0342,0.0754,-0.0232,0.0008,IDLE,1,0,step_done_latches_cleared,0,0,0.000,0,nan,nan,nan,0.0000,0,5,0.6050,0.5570,0.2743,0.5570,0.0480,本圈台阶完成,1,0.0000,0.150,0.330
3249.973,SEEK_CROSSWALK,2.532,1,3.890,tracking,0.2422,-0.0010,1,line_center_tracking,0.0028,0.0130,-0.0235,-0.0573,0.8160,6,0.0365,0.0339,0.0704,-0.0226,-0.0010,IDLE,1,0,step_done_latches_cleared,0,0,0.000,0,nan,nan,nan,0.0000,0,5,0.6050,0.5570,0.2743,0.5570,0.0480,本圈台阶完成,1,0.0000,0.150,0.330
3250.108,SEEK_CROSSWALK,2.667,1,3.890,tracking,0.2422,-0.0011,1,line_center_tracking,0.0013,0.0123,-0.0268,-0.0577,0.8161,6,0.0391,0.0310,0.0700,-0.0241,-0.0011,IDLE,1,0,step_done_latches_cleared,0,0,0.000,0,nan,nan,nan,0.0000,0,5,0.6050,0.5570,0.2743,0.5570,0.0480,本圈台阶完成,1,0.0000,0.150,0.330
3250.240,SEEK_CROSSWALK,2.799,1,3.890,tracking,0.2425,0.0015,1,line_center_tracking,-0.0033,0.0072,-0.0305,-0.0602,0.8159,6,0.0377,0.0297,0.0674,-0.0278,0.0015,IDLE,1,0,step_done_latches_cleared,0,0,0.000,0,nan,nan,nan,0.0000,0,5,0.6050,0.5570,0.2743,0.5570,0.0480,本圈台阶完成,1,0.0000,0.150,0.330
3250.371,SEEK_CROSSWALK,2.931,1,3.890,tracking,0.2399,-0.0031,1,line_center_tracking,0.0062,0.0228,-0.0364,-0.0634,0.9017,7,0.0592,0.0271,0.0862,-0.0257,-0.0031,IDLE,1,0,step_done_latches_cleared,0,0,0.000,0,nan,nan,nan,0.0000,0,5,0.6050,0.5570,0.2743,0.5570,0.0480,本圈台阶完成,1,0.0000,0.150,0.330
3250.498,SEEK_CROSSWALK,3.057,1,3.890,tracking,0.2431,0.0060,1,line_center_tracking,-0.0123,-0.0028,-0.0367,-0.0652,0.9051,7,0.0339,0.0285,0.0624,-0.0349,0.0060,IDLE,1,0,step_done_latches_cleared,0,0,0.000,0,nan,nan,nan,0.0000,0,5,0.6050,0.5570,0.2743,0.5570,0.0480,本圈台阶完成,1,0.0000,0.150,0.330
3250.639,SEEK_CROSSWALK,3.198,1,3.890,tracking,0.2449,0.0181,1,line_center_tracking,-0.0272,-0.0228,-0.0387,-0.0684,0.9928,8,0.0159,0.0297,0.0456,-0.0433,0.0181,IDLE,1,0,step_done_latches_cleared,0,0,0.000,0,nan,nan,nan,0.0000,0,5,0.6050,0.5570,0.2743,0.5570,0.0480,本圈台阶完成,1,0.0000,0.150,0.330
3250.776,SEEK_CROSSWALK,3.335,1,3.890,tracking,0.2435,0.0254,1,line_center_tracking,-0.0303,-0.0232,-0.0487,-0.0741,0.9943,8,0.0254,0.0254,0.0509,-0.0487,0.0254,IDLE,1,0,step_done_latches_cleared,0,0,0.000,0,nan,nan,nan,0.0000,0,5,0.6050,0.5570,0.2743,0.5570,0.0480,本圈台阶完成,1,0.0000,0.150,0.330
3250.907,SEEK_CROSSWALK,3.467,1,3.890,tracking,0.2420,0.0312,1,line_center_tracking,-0.0342,-0.0268,-0.0531,-0.0763,0.9069,7,0.0263,0.0232,0.0495,-0.0521,0.0312,IDLE,1,0,step_done_latches_cleared,0,0,0.000,0,nan,nan,nan,0.0000,0,5,0.6050,0.5570,0.2743,0.5570,0.0480,本圈台阶完成,1,0.0000,0.150,0.330
3251.040,SEEK_CROSSWALK,3.599,1,3.890,tracking,0.2414,0.0334,1,line_center_tracking,-0.0333,-0.0270,-0.0494,-0.0754,0.9927,8,0.0223,0.0260,0.0484,-0.0506,0.0334,IDLE,1,0,step_done_latches_cleared,0,0,0.000,0,nan,nan,nan,0.0000,0,5,0.6050,0.5570,0.2743,0.5570,0.0480,本圈台阶完成,1,0.0000,0.150,0.330
3251.182,SEEK_CROSSWALK,3.742,1,3.890,tracking,0.2408,0.0357,1,line_center_tracking,-0.0352,-0.0283,-0.0527,-0.0752,0.9944,8,0.0244,0.0224,0.0468,-0.0521,0.0357,IDLE,1,0,step_done_latches_cleared,0,0,0.000,0,nan,nan,nan,0.0000,0,5,0.6050,0.5570,0.2743,0.5570,0.0480,本圈台阶完成,1,0.0000,0.150,0.330
3251.316,SEEK_CROSSWALK,3.875,1,3.890,tracking,0.2408,0.0357,1,line_center_tracking,-0.0333,-0.0271,-0.0492,-0.0723,0.9944,8,0.0221,0.0231,0.0452,-0.0495,0.0357,IDLE,1,0,step_done_latches_cleared,0,0,0.000,0,nan,nan,nan,0.0000,0,5,0.6050,0.5570,0.2743,0.5570,0.0480,本圈台阶完成,1,0.0000,0.150,0.330
3251.449,SEEK_CROSSWALK,4.009,1,3.890,tracking,0.2417,0.0321,1,line_center_tracking,-0.0270,-0.0203,-0.0441,-0.0713,0.9914,8,0.0239,0.0272,0.0510,-0.0452,0.0321,IDLE,1,0,step_done_latches_cleared,0,0,0.000,0,nan,nan,nan,0.0000,0,5,0.6050,0.5570,0.2743,0.5570,0.0480,本圈台阶完成,1,0.0000,0.150,0.330
3251.586,SEEK_CROSSWALK,4.145,1,3.890,tracking,0.2419,0.0315,1,line_center_tracking,-0.0283,-0.0230,-0.0420,-0.0708,0.9935,8,0.0189,0.0289,0.0478,-0.0453,0.0315,IDLE,1,0,step_done_latches_cleared,0,0,0.000,0,nan,nan,nan,0.0000,0,5,0.6050,0.5570,0.2743,0.5570,0.0480,本圈台阶完成,1,0.0000,0.150,0.330
3251.729,SEEK_CROSSWALK,4.288,1,3.890,tracking,0.2430,0.0274,1,line_center_tracking,-0.0220,-0.0174,-0.0337,-0.0784,0.9901,8,0.0163,0.0446,0.0610,-0.0432,0.0274,IDLE,1,0,step_done_latches_cleared,0,0,0.000,0,nan,nan,nan,0.0000,0,5,0.6050,0.5570,0.2743,0.5570,0.0480,本圈台阶完成,1,0.0000,0.150,0.330
3251.862,SEEK_CROSSWALK,4.422,1,3.890,tracking,0.2407,0.0205,1,line_center_tracking,-0.0132,-0.0089,-0.0242,-0.0919,0.9865,8,0.0154,0.0677,0.0830,-0.0417,0.0205,IDLE,1,0,step_done_latches_cleared,0,0,0.000,0,nan,nan,nan,0.0000,0,5,0.6050,0.5570,0.2743,0.5570,0.0480,本圈台阶完成,1,0.0000,0.150,0.330
3251.994,SEEK_CROSSWALK,4.553,1,3.890,tracking,0.2361,0.0130,1,line_center_tracking,-0.0055,-0.0014,-0.0159,-0.1173,0.9805,8,0.0146,0.1014,0.1160,-0.0449,0.0130,IDLE,1,0,step_done_latches_cleared,0,0,0.000,0,nan,nan,nan,0.0000,0,5,0.6050,0.5570,0.2743,0.5570,0.0480,本圈台阶完成,1,0.0000,0.150,0.330
3252.129,SEEK_CROSSWALK,4.689,1,3.890,tracking,0.2343,0.0086,1,line_center_tracking,-0.0038,0.0008,-0.0156,-0.1307,0.9787,8,0.0164,0.1151,0.1314,-0.0485,0.0086,IDLE,1,0,step_done_latches_cleared,0,0,0.000,0,nan,nan,nan,0.0000,0,5,0.6050,0.5570,0.2743,0.5570,0.0480,本圈台阶完成,1,0.0000,0.150,0.330
3252.257,SEEK_CROSSWALK,4.816,1,3.890,tracking,0.1858,0.0031,1,line_curve_center_riding,0.0019,0.0030,-0.0156,-0.1676,0.9725,8,0.0186,0.1520,0.1706,-0.0600,0.0031,IDLE,1,0,step_done_latches_cleared,0,0,0.000,0,nan,nan,nan,0.0000,0,5,0.6050,0.5570,0.2743,0.5570,0.0480,本圈台阶完成,1,0.0000,0.150,0.330
3252.403,SEEK_CROSSWALK,4.963,1,3.890,tracking,0.2308,0.0044,1,line_center_tracking,-0.0046,0.0040,-0.0266,-0.1672,0.8925,7,0.0306,0.1405,0.1711,-0.0633,0.0044,IDLE,1,0,step_done_latches_cleared,0,0,0.000,0,nan,nan,nan,0.0000,0,5,0.6050,0.5570,0.2743,0.5570,0.0480,本圈台阶完成,1,0.0000,0.150,0.330
3252.532,SEEK_CROSSWALK,5.091,1,3.890,tracking,0.2314,0.0063,1,line_center_tracking,-0.0073,0.0026,-0.0328,-0.1647,0.8939,7,0.0353,0.1319,0.1672,-0.0650,0.0063,IDLE,1,0,step_done_latches_cleared,0,0,0.000,0,nan,nan,nan,0.0000,0,5,0.6050,0.5570,0.2743,0.5570,0.0480,本圈台阶完成,1,0.0000,0.150,0.330
3252.663,SEEK_CROSSWALK,5.222,1,3.890,tracking,0.1814,0.0023,1,line_curve_center_riding,0.0009,0.0039,-0.0472,-0.2316,0.8886,7,0.0511,0.1844,0.2355,-0.0916,0.0023,IDLE,1,0,step_done_latches_cleared,0,0,0.000,0,nan,nan,nan,0.0000,0,5,0.6050,0.5570,0.2743,0.5570,0.0480,本圈台阶完成,1,0.0000,0.150,0.330
3252.801,SEEK_CROSSWALK,5.361,1,3.890,tracking,0.1700,0.0023,1,line_curve_center_riding,-0.0018,0.0016,-0.0548,-0.2585,0.8857,7,0.0564,0.2038,0.2601,-0.1039,0.0023,IDLE,1,0,step_done_latches_cleared,0,0,0.000,0,nan,nan,nan,0.0000,0,5,0.6050,0.5570,0.2743,0.5570,0.0480,本圈台阶完成,1,0.0000,0.150,0.330
3252.932,SEEK_CROSSWALK,5.491,1,3.890,tracking,0.1700,0.0013,1,line_curve_center_riding,-0.0004,0.0040,-0.0692,-0.3457,0.8754,7,0.0732,0.2765,0.3497,-0.1370,0.0013,IDLE,1,0,step_done_latches_cleared,0,0,0.000,0,nan,nan,nan,0.0000,0,5,0.6050,0.5570,0.2743,0.5570,0.0480,本圈台阶完成,1,0.0000,0.150,0.330
3253.065,SEEK_CROSSWALK,5.625,1,3.890,tracking,0.1700,0.0022,1,line_curve_center_riding,-0.0026,0.0029,-0.0885,-0.3939,0.8711,7,0.0914,0.3054,0.3968,-0.1598,0.0022,IDLE,1,0,step_done_latches_cleared,0,0,0.000,0,nan,nan,nan,0.0000,0,5,0.6050,0.5570,0.2743,0.5570,0.0480,本圈台阶完成,1,0.0000,0.150,0.330
3253.197,SEEK_CROSSWALK,5.756,1,3.890,tracking,0.1450,0.0045,1,line_curve_center_riding,-0.0060,0.0008,-0.1137,-0.4643,0.8645,7,0.1145,0.3506,0.4651,-0.1924,0.0045,IDLE,1,0,step_done_latches_cleared,0,0,0.000,0,nan,nan,nan,0.0000,0,5,0.6050,0.5570,0.2743,0.5570,0.0480,本圈台阶完成,1,0.0000,0.150,0.330
3253.331,SEEK_CROSSWALK,5.890,1,3.890,tracking,0.1450,0.0074,1,line_curve_center_riding,-0.0093,-0.0013,-0.1350,-0.5003,0.8608,7,0.1337,0.3653,0.4990,-0.2122,0.0074,IDLE,1,0,step_done_latches_cleared,0,0,0.000,0,nan,nan,nan,0.0000,0,5,0.6050,0.5570,0.2743,0.5570,0.0480,本圈台阶完成,1,0.0000,0.150,0.330
3253.467,SEEK_CROSSWALK,6.026,1,3.890,tracking,0.1450,0.0088,1,line_curve_center_riding,-0.0096,0.0006,-0.1709,-0.6807,0.8410,7,0.1715,0.5098,0.6813,-0.2836,0.0088,IDLE,1,0,step_done_latches_cleared,0,0,0.000,0,nan,nan,nan,0.0000,0,5,0.6050,0.5570,0.2743,0.5570,0.0480,本圈台阶完成,1,0.0000,0.150,0.330
3253.599,SEEK_CROSSWALK,6.158,1,3.890,tracking,0.1700,0.0190,1,line_curve_center_riding,-0.0258,-0.0156,-0.1859,-0.3658,0.7804,6,0.1703,0.1799,0.3502,-0.1891,0.0190,IDLE,1,0,step_done_latches_cleared,0,0,0.000,0,nan,nan,nan,0.0000,0,5,0.6050,0.5570,0.2743,0.5570,0.0480,本圈台阶完成,1,0.0000,0.150,0.330
3253.736,SEEK_CROSSWALK,6.295,1,3.890,tracking,0.1700,0.0274,1,line_curve_center_riding,-0.0329,-0.0209,-0.2212,-0.4388,0.7722,6,0.2003,0.2176,0.4179,-0.2270,0.0274,IDLE,1,0,step_done_latches_cleared,0,0,0.000,0,nan,nan,nan,0.0000,0,5,0.6050,0.5570,0.2743,0.5570,0.0480,本圈台阶完成,1,0.0000,0.150,0.330
3253.875,SEEK_CROSSWALK,6.434,1,3.890,tracking,0.1450,0.0371,1,line_curve_center_riding,-0.0428,-0.0297,-0.2494,-0.4865,0.7674,6,0.2197,0.2371,0.4569,-0.2552,0.0371,IDLE,1,0,step_done_latches_cleared,0,0,0.000,0,nan,nan,nan,0.0000,0,5,0.6050,0.5570,0.2743,0.5570,0.0480,本圈台阶完成,1,0.0000,0.150,0.330
3254.002,SEEK_CROSSWALK,6.561,1,3.890,tracking,0.1700,0.0429,1,line_curve_center_riding,-0.0452,-0.0375,-0.1665,-0.1665,0.6211,4,0.1290,0.0000,0.1290,-0.1235,0.0429,IDLE,1,0,step_done_latches_cleared,0,0,0.000,0,nan,nan,nan,0.0000,0,5,0.6050,0.5570,0.2743,0.5570,0.0480,本圈台阶完成,1,0.0000,0.150,0.330
3254.135,SEEK_CROSSWALK,6.694,1,3.890,tracking,0.1450,0.0490,1,line_curve_center_riding,-0.0508,-0.0362,-0.2797,-0.5019,0.5836,4,0.2435,0.2222,0.4657,-0.2726,0.0490,IDLE,1,0,step_done_latches_cleared,0,0,0.000,0,nan,nan,nan,0.0000,0,5,0.6050,0.5570,0.2743,0.5570,0.0480,本圈台阶完成,1,0.0000,0.150,0.330
3254.265,SEEK_CROSSWALK,6.825,1,3.890,tracking,0.1700,0.0504,1,line_curve_center_riding,-0.0484,-0.0339,-0.2768,-0.3164,0.6908,5,0.2430,0.0396,0.2826,-0.2090,0.0504,IDLE,1,0,step_done_latches_cleared,0,0,0.000,0,nan,nan,nan,0.0000,0,5,0.6050,0.5570,0.2743,0.5570,0.0480,本圈台阶完成,1,0.0000,0.150,0.330
3254.391,SEEK_CROSSWALK,6.950,1,3.890,tracking,0.1700,0.0467,1,line_curve_center_riding,-0.0405,-0.0251,-0.2811,-0.3207,0.6884,5,0.2560,0.0396,0.2956,-0.2090,0.0467,IDLE,1,0,step_done_latches_cleared,0,0,0.000,0,nan,nan,nan,0.0000,0,5,0.6050,0.5570,0.2743,0.5570,0.0480,本圈台阶完成,1,0.0000,0.150,0.330
3254.522,SEEK_CROSSWALK,7.081,1,3.890,tracking,0.1700,0.0404,1,line_curve_center_riding,-0.0322,-0.0169,-0.2714,-0.3192,0.5948,4,0.2545,0.0477,0.3023,-0.2025,0.0404,IDLE,1,0,step_done_latches_cleared,0,0,0.000,0,nan,nan,nan,0.0000,0,5,0.6050,0.5570,0.2743,0.5570,0.0480,本圈台阶完成,1,0.0000,0.150,0.330
3254.658,SEEK_CROSSWALK,7.218,1,3.890,tracking,0.1450,0.0305,1,line_curve_center_riding,-0.0199,-0.0046,-0.2597,-0.4834,0.7630,6,0.2551,0.2237,0.4788,-0.2492,0.0305,IDLE,1,0,step_done_latches_cleared,0,0,0.000,0,nan,nan,nan,0.0000,0,5,0.6050,0.5570,0.2743,0.5570,0.0480,本圈台阶完成,1,0.0000,0.150,0.330
3254.788,SEEK_CROSSWALK,7.347,1,3.890,tracking,0.1450,0.0254,1,line_curve_center_riding,-0.0186,-0.0034,-0.2568,-0.4842,0.7632,6,0.2533,0.2274,0.4807,-0.2481,0.0254,IDLE,1,0,step_done_latches_cleared,0,0,0.000,0,nan,nan,nan,0.0000,0,5,0.6050,0.5570,0.2743,0.5570,0.0480,本圈台阶完成,1,0.0000,0.150,0.330
3254.937,SEEK_CROSSWALK,7.496,1,3.890,tracking,0.1450,0.0221,1,line_curve_center_riding,-0.0172,-0.0025,-0.2476,-0.4721,0.7648,6,0.2451,0.2245,0.4696,-0.2408,0.0221,IDLE,1,0,step_done_latches_cleared,0,0,0.000,0,nan,nan,nan,0.0000,0,5,0.6050,0.5570,0.2743,0.5570,0.0480,本圈台阶完成,1,0.0000,0.150,0.330
3255.066,SEEK_CROSSWALK,7.625,1,3.890,tracking,0.1450,0.0142,1,line_curve_center_riding,-0.0065,0.0083,-0.2388,-0.4719,0.7636,6,0.2471,0.2331,0.4802,-0.2342,0.0142,IDLE,1,0,step_done_latches_cleared,0,0,0.000,0,nan,nan,nan,0.0000,0,5,0.6050,0.5570,0.2743,0.5570,0.0480,本圈台阶完成,1,0.0000,0.150,0.330
3255.194,SEEK_CROSSWALK,7.753,1,3.890,tracking,0.1450,0.0059,1,line_curve_center_riding,0.0017,0.0165,-0.2310,-0.4695,0.7627,6,0.2475,0.2384,0.4860,-0.2280,0.0059,IDLE,1,0,step_done_latches_cleared,0,0,0.000,0,nan,nan,nan,0.0000,0,5,0.6050,0.5570,0.2743,0.5570,0.0480,本圈台阶完成,1,0.0000,0.150,0.330
3255.327,SEEK_CROSSWALK,7.886,1,3.890,tracking,0.1450,-0.0018,1,line_curve_center_riding,0.0087,0.0246,-0.2401,-0.4640,0.7601,6,0.2646,0.2239,0.4886,-0.2265,-0.0018,IDLE,1,0,step_done_latches_cleared,0,0,0.000,0,nan,nan,nan,0.0000,0,5,0.6050,0.5570,0.2743,0.5570,0.0480,本圈台阶完成,1,0.0000,0.150,0.330
3255.457,SEEK_CROSSWALK,8.016,1,3.890,tracking,0.1450,0.0006,1,line_curve_center_riding,-0.0016,0.0142,-0.2502,-0.4726,0.7608,6,0.2645,0.2223,0.4868,-0.2362,0.0006,IDLE,1,0,step_done_latches_cleared,0,0,0.000,0,nan,nan,nan,0.0000,0,5,0.6050,0.5570,0.2743,0.5570,0.0480,本圈台阶完成,1,0.0000,0.150,0.330
3255.597,SEEK_CROSSWALK,8.156,1,3.890,tracking,0.1450,0.0049,1,line_curve_center_riding,-0.0082,0.0083,-0.2661,-0.4915,0.7585,6,0.2744,0.2254,0.4998,-0.2498,0.0049,IDLE,1,0,step_done_latches_cleared,0,0,0.000,0,nan,nan,nan,0.0000,0,5,0.6050,0.5570,0.2743,0.5570,0.0480,本圈台阶完成,1,0.0000,0.150,0.330
3255.733,SEEK_CROSSWALK,8.292,1,3.890,tracking,0.1450,0.0088,1,line_curve_center_riding,-0.0116,0.0051,-0.2744,-0.5152,0.7561,6,0.2795,0.2408,0.5203,-0.2615,0.0088,IDLE,1,0,step_done_latches_cleared,0,0,0.000,0,nan,nan,nan,0.0000,0,5,0.6050,0.5570,0.2743,0.5570,0.0480,本圈台阶完成,1,0.0000,0.150,0.330
3255.864,SEEK_CROSSWALK,8.423,1,3.890,tracking,0.1450,0.0206,1,line_curve_center_riding,-0.0286,-0.0102,-0.3168,-0.3807,0.6741,5,0.3066,0.0639,0.3705,-0.2359,0.0206,IDLE,1,0,step_done_latches_cleared,0,0,0.000,0,nan,nan,nan,0.0000,0,5,0.6050,0.5570,0.2743,0.5570,0.0480,本圈台阶完成,1,0.0000,0.150,0.330
3256.015,SEEK_CROSSWALK,8.574,1,3.890,tracking,0.1450,0.0328,1,line_curve_center_riding,-0.0415,-0.0197,-0.3831,-0.7568,0.7300,6,0.3635,0.3737,0.7372,-0.3866,0.0328,IDLE,1,0,step_done_latches_cleared,0,0,0.000,0,nan,nan,nan,0.0000,0,5,0.6050,0.5570,0.2743,0.5570,0.0480,本圈台阶完成,1,0.0000,0.150,0.330
3256.147,SEEK_CROSSWALK,8.707,1,3.890,tracking,0.1450,0.0493,1,line_curve_center_riding,-0.0596,-0.0382,-0.3957,-0.4640,0.6676,5,0.3576,0.0683,0.4258,-0.2993,0.0493,IDLE,1,0,step_done_latches_cleared,0,0,0.000,0,nan,nan,nan,0.0000,0,5,0.6050,0.5570,0.2743,0.5570,0.0480,本圈台阶完成,1,0.0000,0.150,0.330
3256.287,SEEK_CROSSWALK,8.847,1,3.890,tracking,0.1450,0.0747,1,line_curve_center_riding,-0.0911,-0.0697,-0.4253,-0.4896,0.6665,5,0.3556,0.0643,0.4199,-0.3282,0.0747,IDLE,1,0,step_done_latches_cleared,0,0,0.000,0,nan,nan,nan,0.0000,0,5,0.6050,0.5570,0.2743,0.5570,0.0480,本圈台阶完成,1,0.0000,0.150,0.330
3256.428,SEEK_CROSSWALK,8.988,1,3.890,tracking,0.1450,0.0933,1,line_curve_center_riding,-0.1035,-0.0810,-0.4556,-0.5148,0.6613,5,0.3746,0.0592,0.4337,-0.3505,0.0933,IDLE,1,0,step_done_latches_cleared,0,0,0.000,0,nan,nan,nan,0.0000,0,5,0.6050,0.5570,0.2743,0.5570,0.0480,本圈台阶完成,1,0.0000,0.150,0.330
3256.563,SEEK_CROSSWALK,9.122,1,3.890,tracking,0.1450,0.1123,1,line_curve_center_riding,-0.1209,-0.0907,-0.5939,-0.7080,0.6350,5,0.5032,0.1141,0.6173,-0.4642,0.1123,IDLE,1,0,step_done_latches_cleared,0,0,0.000,0,nan,nan,nan,0.0000,0,5,0.6050,0.5570,0.2743,0.5570,0.0480,本圈台阶完成,1,0.0000,0.150,0.330
3256.704,SEEK_CROSSWALK,9.263,1,3.890,tracking,0.1450,0.1410,1,line_curve_center_riding,-0.1553,-0.1254,-0.6238,-0.7261,0.6354,5,0.4984,0.1023,0.6007,-0.4918,0.1410,IDLE,1,0,step_done_latches_cleared,0,0,0.000,0,nan,nan,nan,0.0000,0,5,0.6050,0.5570,0.2743,0.5570,0.0480,本圈台阶完成,1,0.0000,0.150,0.330
3256.841,SEEK_CROSSWALK,9.400,1,3.890,tracking,0.1450,0.1501,1,line_curve_center_riding,-0.1488,-0.1270,-0.4906,-0.4906,0.5694,4,0.3636,0.0000,0.3636,-0.3694,0.1501,IDLE,1,0,step_done_latches_cleared,0,0,0.000,0,nan,nan,nan,0.0000,0,5,0.6050,0.5570,0.2743,0.5570,0.0480,本圈台阶完成,1,0.0000,0.150,0.330
3256.976,SEEK_CROSSWALK,9.535,1,3.890,tracking,0.1450,0.1837,1,line_curve_center_riding,-0.1977,-0.1798,-0.4784,-0.4784,0.5774,4,0.2987,0.0000,0.2987,-0.3789,0.1837,IDLE,1,0,step_done_latches_cleared,0,0,0.000,0,nan,nan,nan,0.0000,0,5,0.6050,0.5570,0.2743,0.5570,0.0480,本圈台阶完成,1,0.0000,0.150,0.330
3257.120,SEEK_CROSSWALK,9.679,1,3.890,tracking,0.1700,0.2044,1,line_curve_center_riding,-0.2091,-0.1997,-0.3554,-0.3554,0.4885,3,0.1557,0.0000,0.1557,-0.3035,0.2044,IDLE,1,0,step_done_latches_cleared,0,0,0.000,0,nan,nan,nan,0.0000,0,5,0.6050,0.5570,0.2743,0.5570,0.0480,本圈台阶完成,1,0.0000,0.150,0.330
3257.247,SEEK_CROSSWALK,9.807,1,3.890,tracking,0.1700,0.2442,1,line_curve_center_riding,-0.2591,-0.2487,-0.4219,-0.4219,0.4754,3,0.1732,0.0000,0.1732,-0.3642,0.2442,IDLE,1,0,step_done_latches_cleared,0,0,0.000,0,nan,nan,nan,0.0000,0,5,0.6050,0.5570,0.2743,0.5570,0.0480,本圈台阶完成,1,0.0000,0.150,0.330
3257.385,SEEK_CROSSWALK,9.944,1,3.890,tracking,0.1700,0.2706,1,line_curve_center_riding,-0.2755,-0.2660,-0.4243,-0.4243,0.4816,3,0.1584,0.0000,0.1584,-0.3715,0.2706,IDLE,1,0,step_done_latches_cleared,0,0,0.000,0,nan,nan,nan,0.0000,0,5,0.6050,0.5570,0.2743,0.5570,0.0480,本圈台阶完成,1,0.0000,0.150,0.330
3257.537,SEEK_CROSSWALK,10.096,1,3.890,tracking,0.1692,0.3141,1,line_curve_center_riding,-0.3289,-0.3183,-0.4955,-0.4955,0.4731,3,0.1773,0.0000,0.1773,-0.4365,0.3141,IDLE,1,0,step_done_latches_cleared,0,0,0.000,0,nan,nan,nan,0.0000,0,5,0.6050,0.5570,0.2743,0.5570,0.0480,本圈台阶完成,1,0.0000,0.150,0.330
3257.670,SEEK_CROSSWALK,10.229,1,3.890,line_bridge_loss,0.1187,0.1256,0,line_too_few_bands,0.0000,0.0000,0.0000,0.0000,0.0000,0,0.0000,0.0000,0.0000,0.0000,0.1256,IDLE,1,0,step_done_latches_cleared,0,0,0.000,0,nan,nan,nan,0.0000,0,5,0.6050,0.5570,0.2743,0.5570,0.0480,本圈台阶完成,1,0.0000,0.150,0.330
3257.794,SEEK_CROSSWALK,10.353,1,3.890,line_bridge_loss,0.0717,0.1256,0,line_too_few_bands,0.0000,0.0000,0.0000,0.0000,0.0000,1,0.0000,0.0000,0.0000,0.0000,0.1256,IDLE,1,0,step_done_latches_cleared,0,0,0.000,0,nan,nan,nan,0.0000,0,5,0.6050,0.5570,0.2743,0.5570,0.0480,本圈台阶完成,1,0.0000,0.150,0.330
3257.929,SEEK_CROSSWALK,10.488,1,3.890,line_bridge_loss,0.0350,0.1256,0,line_too_few_bands,0.0000,0.0000,0.0000,0.0000,0.0000,1,0.0000,0.0000,0.0000,0.0000,0.1256,IDLE,1,0,step_done_latches_cleared,0,0,0.000,0,nan,nan,nan,0.0000,0,5,0.6050,0.5570,0.2743,0.5570,0.0480,本圈台阶完成,1,0.0000,0.150,0.330
3258.062,SEEK_CROSSWALK,10.621,1,3.890,line_loss_hold,0.0000,0.0000,0,line_too_few_bands,0.0000,0.0000,0.0000,0.0000,0.0000,1,0.0000,0.0000,0.0000,0.0000,0.0000,IDLE,1,0,step_done_latches_cleared,0,0,0.000,0,nan,nan,nan,0.0000,0,5,0.6050,0.5570,0.2743,0.5570,0.0480,本圈台阶完成,1,0.0000,0.150,0.330
3258.197,SEEK_CROSSWALK,10.756,1,3.890,line_loss_hold,0.0000,0.0000,0,line_too_few_bands,0.0000,0.0000,0.0000,0.0000,0.0000,0,0.0000,0.0000,0.0000,0.0000,0.0000,IDLE,1,0,step_done_latches_cleared,0,0,0.000,0,nan,nan,nan,0.0000,0,5,0.6050,0.5570,0.2743,0.5570,0.0480,本圈台阶完成,1,0.0000,0.150,0.330
3258.318,SEEK_CROSSWALK,10.878,1,3.890,line_loss_hold,0.0000,0.0000,0,line_too_few_bands,0.0000,0.0000,0.0000,0.0000,0.0000,0,0.0000,0.0000,0.0000,0.0000,0.0000,IDLE,1,0,step_done_latches_cleared,0,0,0.000,0,nan,nan,nan,0.0000,0,5,0.6050,0.5570,0.2743,0.5570,0.0480,本圈台阶完成,1,0.0000,0.150,0.330
3258.451,SEEK_CROSSWALK,11.010,1,3.890,line_lost_stop,0.0000,0.0000,0,line_too_few_bands,0.0000,0.0000,0.0000,0.0000,0.0000,0,0.0000,0.0000,0.0000,0.0000,0.0000,IDLE,1,0,step_done_latches_cleared,0,0,0.000,0,nan,nan,nan,0.0000,0,5,0.6050,0.5570,0.2743,0.5570,0.0480,本圈台阶完成,1,0.0000,0.150,0.330
3258.585,SEEK_CROSSWALK,11.144,1,3.890,line_lost_stop,0.0000,0.0000,0,line_too_few_bands,0.0000,0.0000,0.0000,0.0000,0.0000,0,0.0000,0.0000,0.0000,0.0000,0.0000,IDLE,1,0,step_done_latches_cleared,0,0,0.000,0,nan,nan,nan,0.0000,0,5,0.6050,0.5570,0.2743,0.5570,0.0480,本圈台阶完成,1,0.0000,0.150,0.330
3258.717,SEEK_CROSSWALK,11.276,1,3.890,line_lost_stop,0.0000,0.0000,0,line_too_few_bands,0.0000,0.0000,0.0000,0.0000,0.0000,0,0.0000,0.0000,0.0000,0.0000,0.0000,IDLE,1,0,step_done_latches_cleared,0,0,0.000,0,nan,nan,nan,0.0000,0,5,0.6050,0.5570,0.2743,0.5570,0.0480,本圈台阶完成,1,0.0000,0.150,0.330
3258.849,SEEK_CROSSWALK,11.408,1,3.890,line_lost_stop,0.0000,0.0000,0,line_too_few_bands,0.0000,0.0000,0.0000,0.0000,0.0000,0,0.0000,0.0000,0.0000,0.0000,0.0000,IDLE,1,0,step_done_latches_cleared,0,0,0.000,0,nan,nan,nan,0.0000,0,5,0.6050,0.5570,0.2743,0.5570,0.0480,本圈台阶完成,1,0.0000,0.150,0.330
3258.977,SEEK_CROSSWALK,11.536,1,3.890,line_lost_stop,0.0000,0.0000,0,line_too_few_bands,0.0000,0.0000,0.0000,0.0000,0.0000,0,0.0000,0.0000,0.0000,0.0000,0.0000,IDLE,1,0,step_done_latches_cleared,0,0,0.000,0,nan,nan,nan,0.0000,0,5,0.6050,0.5570,0.2743,0.5570,0.0480,本圈台阶完成,1,0.0000,0.150,0.330
3259.110,SEEK_CROSSWALK,11.669,1,3.890,line_lost_stop,0.0000,0.0000,0,line_too_few_bands,0.0000,0.0000,0.0000,0.0000,0.0000,0,0.0000,0.0000,0.0000,0.0000,0.0000,IDLE,1,0,step_done_latches_cleared,0,0,0.000,0,nan,nan,nan,0.0000,0,5,0.6050,0.5570,0.2743,0.5570,0.0480,本圈台阶完成,1,0.0000,0.150,0.330
3259.254,SEEK_CROSSWALK,11.814,1,3.890,line_lost_stop,0.0000,0.0000,0,line_too_few_bands,0.0000,0.0000,0.0000,0.0000,0.0000,0,0.0000,0.0000,0.0000,0.0000,0.0000,IDLE,1,0,step_done_latches_cleared,0,0,0.000,0,nan,nan,nan,0.0000,0,5,0.6050,0.5570,0.2743,0.5570,0.0480,本圈台阶完成,1,0.0000,0.150,0.330
3259.384,SEEK_CROSSWALK,11.943,1,3.890,line_lost_stop,0.0000,0.0000,0,line_too_few_bands,0.0000,0.0000,0.0000,0.0000,0.0000,0,0.0000,0.0000,0.0000,0.0000,0.0000,IDLE,1,0,step_done_latches_cleared,0,0,0.000,0,nan,nan,nan,0.0000,0,5,0.6050,0.5570,0.2743,0.5570,0.0480,本圈台阶完成,1,0.0000,0.150,0.330
3259.514,SEEK_CROSSWALK,12.073,1,3.890,line_lost_stop,0.0000,0.0000,0,line_too_few_bands,0.0000,0.0000,0.0000,0.0000,0.0000,0,0.0000,0.0000,0.0000,0.0000,0.0000,IDLE,1,0,step_done_latches_cleared,0,0,0.000,0,nan,nan,nan,0.0000,0,5,0.6050,0.5570,0.2743,0.5570,0.0480,本圈台阶完成,1,0.0000,0.150,0.330
3259.638,SEEK_CROSSWALK,12.197,1,3.890,line_lost_stop,0.0000,0.0000,0,line_too_few_bands,0.0000,0.0000,0.0000,0.0000,0.0000,0,0.0000,0.0000,0.0000,0.0000,0.0000,IDLE,1,0,step_done_latches_cleared,0,0,0.000,0,nan,nan,nan,0.0000,0,5,0.6050,0.5570,0.2743,0.5570,0.0480,本圈台阶完成,1,0.0000,0.150,0.330
3259.766,SEEK_CROSSWALK,12.325,1,3.890,line_lost_stop,0.0000,0.0000,0,line_too_few_bands,0.0000,0.0000,0.0000,0.0000,0.0000,0,0.0000,0.0000,0.0000,0.0000,0.0000,IDLE,1,0,step_done_latches_cleared,0,0,0.000,0,nan,nan,nan,0.0000,0,5,0.6050,0.5570,0.2743,0.5570,0.0480,本圈台阶完成,1,0.0000,0.150,0.330
3259.886,SEEK_CROSSWALK,12.445,1,3.890,tracking,0.0456,0.2998,1,line_hard_turn_centering,-0.5652,-0.5600,-0.6122,-0.6122,0.3284,2,0.0521,0.0000,0.0521,-0.5948,0.2998,IDLE,1,0,step_done_latches_cleared,0,0,0.000,0,nan,nan,nan,0.0000,0,5,0.6050,0.5570,0.2743,0.5570,0.0480,本圈台阶完成,1,0.0000,0.150,0.330
3260.013,SEEK_CROSSWALK,12.572,1,3.890,line_bridge_loss,0.0350,0.1820,0,line_too_few_bands,0.0000,0.0000,0.0000,0.0000,0.0000,0,0.0000,0.0000,0.0000,0.0000,0.1820,IDLE,1,0,step_done_latches_cleared,0,0,0.000,0,nan,nan,nan,0.0000,0,5,0.6050,0.5570,0.2743,0.5570,0.0480,本圈台阶完成,1,0.0000,0.150,0.330
3260.136,SEEK_CROSSWALK,12.696,1,3.890,tracking,0.0819,0.4619,1,line_center_tracking,-0.4346,-0.4252,-0.4589,-0.4589,0.3803,2,0.0337,0.0000,0.0337,-0.4476,0.4619,IDLE,1,0,step_done_latches_cleared,0,0,0.000,0,nan,nan,nan,0.0000,0,5,0.6050,0.5570,0.2743,0.5570,0.0480,本圈台阶完成,1,0.0000,0.150,0.330
3260.273,SEEK_CROSSWALK,12.832,1,3.890,line_bridge_loss,0.0350,0.1847,0,line_too_few_bands,0.0000,0.0000,0.0000,0.0000,0.0000,0,0.0000,0.0000,0.0000,0.0000,0.1847,IDLE,1,0,step_done_latches_cleared,0,0,0.000,0,nan,nan,nan,0.0000,0,5,0.6050,0.5570,0.2743,0.5570,0.0480,本圈台阶完成,1,0.0000,0.150,0.330
3260.413,SEEK_CROSSWALK,12.972,1,3.890,tracking,0.0857,0.3111,1,line_curve_center_riding,-0.1538,-0.1458,-0.2796,-0.2796,0.4909,3,0.1339,0.0000,0.1339,-0.2350,0.3111,IDLE,1,0,step_done_latches_cleared,0,0,0.000,0,nan,nan,nan,0.0000,0,5,0.6050,0.5570,0.2743,0.5570,0.0480,本圈台阶完成,1,0.0000,0.150,0.330
3260.544,SEEK_CROSSWALK,13.104,1,3.890,line_bridge_loss,0.0358,0.1244,0,line_too_few_bands,0.0000,0.0000,0.0000,0.0000,0.0000,0,0.0000,0.0000,0.0000,0.0000,0.1244,IDLE,1,0,step_done_latches_cleared,0,0,0.000,0,nan,nan,nan,0.0000,0,5,0.6050,0.5570,0.2743,0.5570,0.0480,本圈台阶完成,1,0.0000,0.150,0.330
3260.691,SEEK_CROSSWALK,13.250,1,3.890,tracking,0.0865,0.1216,1,line_recenter_transition,0.0644,0.0710,-0.2588,-0.2588,0.4461,3,0.3299,0.0000,0.3299,-0.1489,0.1216,IDLE,1,0,step_done_latches_cleared,0,0,0.000,0,nan,nan,nan,0.0000,0,5,0.6050,0.5570,0.2743,0.5570,0.0480,本圈台阶完成,1,0.0000,0.150,0.330
3260.829,SEEK_CROSSWALK,13.389,1,3.890,tracking,0.1371,-0.0209,1,line_recenter_transition,0.1417,0.1521,-0.3683,-0.4717,0.6291,5,0.5205,0.1034,0.6239,-0.2293,-0.0209,IDLE,1,0,step_done_latches_cleared,0,0,0.000,0,nan,nan,nan,0.0000,0,5,0.6050,0.5570,0.2743,0.5570,0.0480,本圈台阶完成,1,0.0000,0.150,0.330
3260.962,SEEK_CROSSWALK,13.521,1,3.890,tracking,0.1700,-0.0930,1,line_curve_center_riding,0.1560,0.1637,0.0357,0.0357,0.5073,3,0.1280,0.0000,0.1280,0.0783,-0.0930,IDLE,1,0,step_done_latches_cleared,0,0,0.000,0,nan,nan,nan,0.0000,0,5,0.6050,0.5570,0.2743,0.5570,0.0480,本圈台阶完成,1,0.0000,0.150,0.330
3261.090,SEEK_CROSSWALK,13.649,1,3.890,line_bridge_loss,0.1215,-0.0372,0,line_too_few_bands,0.0000,0.0000,0.0000,0.0000,0.0000,1,0.0000,0.0000,0.0000,0.0000,-0.0372,IDLE,1,0,step_done_latches_cleared,0,0,0.000,0,nan,nan,nan,0.0000,0,5,0.6050,0.5570,0.2743,0.5570,0.0480,本圈台阶完成,1,0.0000,0.150,0.330
3261.216,SEEK_CROSSWALK,13.776,1,3.890,tracking,0.1347,-0.1426,1,line_recenter_transition,0.1847,0.1957,-0.3528,-0.8417,0.6907,6,0.5484,0.4889,1.0374,-0.3329,-0.1426,IDLE,1,0,step_done_latches_cleared,0,0,0.000,0,nan,nan,nan,0.0000,0,5,0.6050,0.5570,0.2743,0.5570,0.0480,本圈台阶完成,1,0.0000,0.150,0.330
3261.349,SEEK_CROSSWALK,13.908,1,3.890,tracking,0.1450,-0.1511,1,line_recenter_transition,0.1494,0.1591,-0.3241,-0.3940,0.6432,5,0.4832,0.0698,0.5530,-0.1864,-0.1511,IDLE,1,0,step_done_latches_cleared,0,0,0.000,0,nan,nan,nan,0.0000,0,5,0.6050,0.5570,0.2743,0.5570,0.0480,本圈台阶完成,1,0.0000,0.150,0.330
3261.477,SEEK_CROSSWALK,14.036,1,3.890,tracking,0.1450,-0.1263,1,line_recenter_transition,0.0987,0.1087,-0.3923,-0.4669,0.6368,5,0.5011,0.0746,0.5756,-0.2502,-0.1263,IDLE,1,0,step_done_latches_cleared,0,0,0.000,0,nan,nan,nan,0.0000,0,5,0.6050,0.5570,0.2743,0.5570,0.0480,本圈台阶完成,1,0.0000,0.150,0.330
3261.611,SEEK_CROSSWALK,14.170,1,3.890,tracking,0.1700,0.0418,1,line_curve_center_riding,-0.1736,-0.1611,-0.3703,-0.3703,0.3442,2,0.2093,0.0000,0.2093,-0.3006,0.0418,IDLE,1,0,step_done_latches_cleared,0,0,0.000,0,nan,nan,nan,0.0000,0,5,0.6050,0.5570,0.2743,0.5570,0.0480,本圈台阶完成,1,0.0000,0.150,0.330
3261.746,SEEK_CROSSWALK,14.305,1,3.890,tracking,0.1700,0.0336,1,line_curve_center_riding,-0.0396,-0.0290,-0.2061,-0.2061,0.3845,2,0.1770,0.0000,0.1770,-0.1470,0.0336,IDLE,1,0,step_done_latches_cleared,0,0,0.000,0,nan,nan,nan,0.0000,0,5,0.6050,0.5570,0.2743,0.5570,0.0480,本圈台阶完成,1,0.0000,0.150,0.330
3261.888,SEEK_CROSSWALK,14.448,1,3.890,tracking,0.1700,0.1030,1,line_curve_center_riding,-0.1519,-0.1400,-0.3378,-0.3378,0.4645,3,0.1978,0.0000,0.1978,-0.2719,0.1030,IDLE,1,0,step_done_latches_cleared,0,0,0.000,0,nan,nan,nan,0.0000,0,5,0.6050,0.5570,0.2743,0.5570,0.0480,本圈台阶完成,1,0.0000,0.150,0.330
3262.030,SEEK_CROSSWALK,14.589,1,3.890,tracking,0.1700,0.2082,1,line_curve_center_riding,-0.2829,-0.2715,-0.4619,-0.4619,0.4724,3,0.1904,0.0000,0.1904,-0.3984,0.2082,IDLE,1,0,step_done_latches_cleared,0,0,0.000,0,nan,nan,nan,0.0000,0,5,0.6050,0.5570,0.2743,0.5570,0.0480,本圈台阶完成,1,0.0000,0.150,0.330
3262.167,SEEK_CROSSWALK,14.727,1,3.890,tracking,0.1699,0.3115,1,line_center_tracking,-0.3799,-0.3704,-0.4041,-0.4041,0.3804,2,0.0336,0.0000,0.0336,-0.3929,0.3115,IDLE,1,0,step_done_latches_cleared,0,0,0.000,0,nan,nan,nan,0.0000,0,5,0.6050,0.5570,0.2743,0.5570,0.0480,本圈台阶完成,1,0.0000,0.150,0.330
3262.308,SEEK_CROSSWALK,14.867,1,3.890,tracking,0.1354,0.4458,1,line_center_tracking,-0.5298,-0.5184,-0.5593,-0.5593,0.3597,2,0.0410,0.0000,0.0410,-0.5457,0.4458,IDLE,1,0,step_done_latches_cleared,0,0,0.000,0,nan,nan,nan,0.0000,0,5,0.6050,0.5570,0.2743,0.5570,0.0480,本圈台阶完成,1,0.0000,0.150,0.330
3262.455,SEEK_CROSSWALK,15.014,1,3.890,line_bridge_loss,0.0847,0.1783,0,line_too_few_bands,0.0000,0.0000,0.0000,0.0000,0.0000,0,0.0000,0.0000,0.0000,0.0000,0.1783,IDLE,1,0,step_done_latches_cleared,0,0,0.000,0,nan,nan,nan,0.0000,0,5,0.6050,0.5570,0.2743,0.5570,0.0480,本圈台阶完成,1,0.0000,0.150,0.330
3262.588,SEEK_CROSSWALK,15.147,1,3.890,line_bridge_loss,0.0350,0.1783,0,line_too_few_bands,0.0000,0.0000,0.0000,0.0000,0.0000,0,0.0000,0.0000,0.0000,0.0000,0.1783,IDLE,1,0,step_done_latches_cleared,0,0,0.000,0,nan,nan,nan,0.0000,0,5,0.6050,0.5570,0.2743,0.5570,0.0480,本圈台阶完成,1,0.0000,0.150,0.330
3262.735,SEEK_CROSSWALK,15.294,1,3.890,line_bridge_loss,0.0350,0.1783,0,line_too_few_bands,0.0000,0.0000,0.0000,0.0000,0.0000,0,0.0000,0.0000,0.0000,0.0000,0.1783,IDLE,1,0,step_done_latches_cleared,0,0,0.000,0,nan,nan,nan,0.0000,0,5,0.6050,0.5570,0.2743,0.5570,0.0480,本圈台阶完成,1,0.0000,0.150,0.330
3262.880,SEEK_CROSSWALK,15.439,1,3.890,line_loss_hold,0.0000,0.0000,0,line_too_few_bands,0.0000,0.0000,0.0000,0.0000,0.0000,0,0.0000,0.0000,0.0000,0.0000,0.0000,IDLE,1,0,step_done_latches_cleared,0,0,0.000,0,nan,nan,nan,0.0000,0,5,0.6050,0.5570,0.2743,0.5570,0.0480,本圈台阶完成,1,0.0000,0.150,0.330
3263.010,SEEK_CROSSWALK,15.570,1,3.890,line_loss_hold,0.0000,0.0000,0,line_too_few_bands,0.0000,0.0000,0.0000,0.0000,0.0000,0,0.0000,0.0000,0.0000,0.0000,0.0000,IDLE,1,0,step_done_latches_cleared,0,0,0.000,0,nan,nan,nan,0.0000,0,5,0.6050,0.5570,0.2743,0.5570,0.0480,本圈台阶完成,1,0.0000,0.150,0.330
3263.167,SEEK_CROSSWALK,15.726,1,3.890,line_lost_stop,0.0000,0.0000,0,line_too_few_bands,0.0000,0.0000,0.0000,0.0000,0.0000,0,0.0000,0.0000,0.0000,0.0000,0.0000,IDLE,1,0,step_done_latches_cleared,0,0,0.000,0,nan,nan,nan,0.0000,0,5,0.6050,0.5570,0.2743,0.5570,0.0480,本圈台阶完成,1,0.0000,0.150,0.330
3263.302,SEEK_CROSSWALK,15.861,1,3.890,line_lost_stop,0.0000,0.0000,0,line_too_few_bands,0.0000,0.0000,0.0000,0.0000,0.0000,0,0.0000,0.0000,0.0000,0.0000,0.0000,IDLE,1,0,step_done_latches_cleared,0,0,0.000,0,nan,nan,nan,0.0000,0,5,0.6050,0.5570,0.2743,0.5570,0.0480,本圈台阶完成,1,0.0000,0.150,0.330
3263.436,SEEK_CROSSWALK,15.995,1,3.890,line_lost_stop,0.0000,0.0000,0,line_too_few_bands,0.0000,0.0000,0.0000,0.0000,0.0000,0,0.0000,0.0000,0.0000,0.0000,0.0000,IDLE,1,0,step_done_latches_cleared,0,0,0.000,0,nan,nan,nan,0.0000,0,5,0.6050,0.5570,0.2743,0.5570,0.0480,本圈台阶完成,1,0.0000,0.150,0.330
3263.566,SEEK_CROSSWALK,16.125,1,3.890,line_lost_stop,0.0000,0.0000,0,line_too_few_bands,0.0000,0.0000,0.0000,0.0000,0.0000,0,0.0000,0.0000,0.0000,0.0000,0.0000,IDLE,1,0,step_done_latches_cleared,0,0,0.000,0,nan,nan,nan,0.0000,0,5,0.6050,0.5570,0.2743,0.5570,0.0480,本圈台阶完成,1,0.0000,0.150,0.330
3263.710,SEEK_CROSSWALK,16.270,1,3.890,line_lost_stop,0.0000,0.0000,0,line_too_few_bands,0.0000,0.0000,0.0000,0.0000,0.0000,0,0.0000,0.0000,0.0000,0.0000,0.0000,IDLE,1,0,step_done_latches_cleared,0,0,0.000,0,nan,nan,nan,0.0000,0,5,0.6050,0.5570,0.2743,0.5570,0.0480,本圈台阶完成,1,0.0000,0.150,0.330
3263.875,SEEK_CROSSWALK,16.434,1,3.890,line_lost_stop,0.0000,0.0000,0,line_too_few_bands,0.0000,0.0000,0.0000,0.0000,0.0000,0,0.0000,0.0000,0.0000,0.0000,0.0000,IDLE,1,0,step_done_latches_cleared,0,0,0.000,0,nan,nan,nan,0.0000,0,5,0.6050,0.5570,0.2743,0.5570,0.0480,本圈台阶完成,1,0.0000,0.150,0.330
3264.006,SEEK_CROSSWALK,16.565,1,3.890,line_lost_stop,0.0000,0.0000,0,line_too_few_bands,0.0000,0.0000,0.0000,0.0000,0.0000,0,0.0000,0.0000,0.0000,0.0000,0.0000,IDLE,1,0,step_done_latches_cleared,0,0,0.000,0,nan,nan,nan,0.0000,0,5,0.6050,0.5570,0.2743,0.5570,0.0480,本圈台阶完成,1,0.0000,0.150,0.330
3264.140,SEEK_CROSSWALK,16.700,1,3.890,line_lost_stop,0.0000,0.0000,0,line_too_few_bands,0.0000,0.0000,0.0000,0.0000,0.0000,0,0.0000,0.0000,0.0000,0.0000,0.0000,IDLE,1,0,step_done_latches_cleared,0,0,0.000,0,nan,nan,nan,0.0000,0,5,0.6050,0.5570,0.2743,0.5570,0.0480,本圈台阶完成,1,0.0000,0.150,0.330
3264.272,SEEK_CROSSWALK,16.832,1,3.890,line_lost_stop,0.0000,0.0000,0,line_too_few_bands,0.0000,0.0000,0.0000,0.0000,0.0000,0,0.0000,0.0000,0.0000,0.0000,0.0000,IDLE,1,0,step_done_latches_cleared,0,0,0.000,0,nan,nan,nan,0.0000,0,5,0.6050,0.5570,0.2743,0.5570,0.0480,本圈台阶完成,1,0.0000,0.150,0.330
3264.408,SEEK_CROSSWALK,16.967,1,3.890,line_lost_stop,0.0000,0.0000,0,line_too_few_bands,0.0000,0.0000,0.0000,0.0000,0.0000,0,0.0000,0.0000,0.0000,0.0000,0.0000,IDLE,1,0,step_done_latches_cleared,0,0,0.000,0,nan,nan,nan,0.0000,0,5,0.6050,0.5570,0.2743,0.5570,0.0480,本圈台阶完成,1,0.0000,0.150,0.330
3264.549,SEEK_CROSSWALK,17.108,1,3.890,line_lost_stop,0.0000,0.0000,0,line_too_few_bands,0.0000,0.0000,0.0000,0.0000,0.0000,0,0.0000,0.0000,0.0000,0.0000,0.0000,IDLE,1,0,step_done_latches_cleared,0,0,0.000,0,nan,nan,nan,0.0000,0,5,0.6050,0.5570,0.2743,0.5570,0.0480,本圈台阶完成,1,0.0000,0.150,0.330
3264.683,SEEK_CROSSWALK,17.242,1,3.890,line_lost_stop,0.0000,0.0000,0,line_too_few_bands,0.0000,0.0000,0.0000,0.0000,0.0000,0,0.0000,0.0000,0.0000,0.0000,0.0000,IDLE,1,0,step_done_latches_cleared,0,0,0.000,0,nan,nan,nan,0.0000,0,5,0.6050,0.5570,0.2743,0.5570,0.0480,本圈台阶完成,1,0.0000,0.150,0.330
3264.835,SEEK_CROSSWALK,17.394,1,3.890,line_lost_stop,0.0000,0.0000,0,line_too_few_bands,0.0000,0.0000,0.0000,0.0000,0.0000,0,0.0000,0.0000,0.0000,0.0000,0.0000,IDLE,1,0,step_done_latches_cleared,0,0,0.000,0,nan,nan,nan,0.0000,0,5,0.6050,0.5570,0.2743,0.5570,0.0480,本圈台阶完成,1,0.0000,0.150,0.330
3264.970,SEEK_CROSSWALK,17.529,1,3.890,line_lost_stop,0.0000,0.0000,0,line_too_few_bands,0.0000,0.0000,0.0000,0.0000,0.0000,0,0.0000,0.0000,0.0000,0.0000,0.0000,IDLE,1,0,step_done_latches_cleared,0,0,0.000,0,nan,nan,nan,0.0000,0,5,0.6050,0.5570,0.2743,0.5570,0.0480,本圈台阶完成,1,0.0000,0.150,0.330
3265.112,SEEK_CROSSWALK,17.671,1,3.890,line_lost_stop,0.0000,0.0000,0,line_too_few_bands,0.0000,0.0000,0.0000,0.0000,0.0000,0,0.0000,0.0000,0.0000,0.0000,0.0000,IDLE,1,0,step_done_latches_cleared,0,0,0.000,0,nan,nan,nan,0.0000,0,5,0.6050,0.5570,0.2743,0.5570,0.0480,本圈台阶完成,1,0.0000,0.150,0.330
3265.276,SEEK_CROSSWALK,17.836,1,3.890,line_lost_stop,0.0000,0.0000,0,line_too_few_bands,0.0000,0.0000,0.0000,0.0000,0.0000,0,0.0000,0.0000,0.0000,0.0000,0.0000,IDLE,1,0,step_done_latches_cleared,0,0,0.000,0,nan,nan,nan,0.0000,0,5,0.6050,0.5570,0.2743,0.5570,0.0480,本圈台阶完成,1,0.0000,0.150,0.330
3265.524,SEEK_CROSSWALK,18.083,1,3.890,tracking,0.0507,0.3333,1,line_edge_single_rescue,-0.5627,-0.5627,-0.5627,-0.5627,0.3100,1,0.0000,0.0000,0.0000,-0.5627,0.3333,IDLE,1,0,step_done_latches_cleared,0,0,0.000,0,nan,nan,nan,0.0000,0,5,0.6050,0.5570,0.2743,0.5570,0.0480,本圈台阶完成,1,0.0000,0.150,0.330
3265.694,SEEK_CROSSWALK,18.253,1,3.890,tracking,0.1013,0.5600,1,line_hard_turn_centering,-0.6268,-0.6229,-0.6617,-0.6617,0.3658,2,0.0388,0.0000,0.0388,-0.6488,0.5600,IDLE,1,0,step_done_latches_cleared,0,0,0.000,0,nan,nan,nan,0.0000,0,5,0.6050,0.5570,0.2743,0.5570,0.0480,本圈台阶完成,1,0.0000,0.150,0.330
3265.895,SEEK_CROSSWALK,18.454,1,3.890,tracking,0.1000,0.5908,1,line_curve_center_riding,-0.5453,-0.5291,-0.7987,-0.7987,0.4271,3,0.2696,0.0000,0.2696,-0.7089,0.5908,IDLE,1,0,step_done_latches_cleared,0,0,0.000,0,nan,nan,nan,0.0000,0,5,0.6050,0.5570,0.2743,0.5570,0.0480,本圈台阶完成,1,0.0000,0.150,0.330
3266.073,SEEK_CROSSWALK,18.632,1,3.890,tracking,0.1289,0.4709,1,line_curve_center_riding,-0.3354,-0.3122,-0.6982,-0.6982,0.5365,4,0.3860,0.0000,0.3860,-0.5695,0.4709,IDLE,1,0,step_done_latches_cleared,0,0,0.000,0,nan,nan,nan,0.0000,0,5,0.6050,0.5570,0.2743,0.5570,0.0480,本圈台阶完成,1,0.0000,0.150,0.330
3266.255,SEEK_CROSSWALK,18.814,1,3.890,tracking,0.1450,0.2943,1,line_curve_center_riding,-0.1152,-0.0856,-0.5802,-0.5802,0.5270,4,0.4946,0.0000,0.4946,-0.4153,0.2943,IDLE,1,0,step_done_latches_cleared,0,0,0.000,0,nan,nan,nan,0.0000,0,5,0.6050,0.5570,0.2743,0.5570,0.0480,本圈台阶完成,1,0.0000,0.150,0.330
3266.447,SEEK_CROSSWALK,19.007,1,3.890,tracking,0.1388,0.1210,1,line_recenter_transition,0.0484,0.0614,-0.5887,-0.6975,0.6053,5,0.6501,0.1088,0.7589,-0.4083,0.1210,IDLE,1,0,step_done_latches_cleared,0,0,0.000,0,nan,nan,nan,0.0000,0,5,0.6050,0.5570,0.2743,0.5570,0.0480,本圈台阶完成,1,0.0000,0.150,0.330
3266.800,SEEK_CROSSWALK,19.360,1,3.890,tracking,0.1450,0.0005,1,line_recenter_transition,0.1237,0.1326,-0.3083,-0.3083,0.5388,4,0.4409,0.0000,0.4409,-0.1614,0.0005,IDLE,1,0,step_done_latches_cleared,0,0,0.000,0,nan,nan,nan,0.0000,0,5,0.6050,0.5570,0.2743,0.5570,0.0480,本圈台阶完成,1,0.0000,0.150,0.330
3267.086,SEEK_CROSSWALK,19.645,1,3.890,tracking,0.1450,-0.0262,1,line_recenter_transition,0.0538,0.0645,-0.4749,-0.4749,0.5179,4,0.5394,0.0000,0.5394,-0.2951,-0.0262,IDLE,1,0,step_done_latches_cleared,0,0,0.000,0,nan,nan,nan,0.0000,0,5,0.6050,0.5570,0.2743,0.5570,0.0480,本圈台阶完成,1,0.0000,0.150,0.330
3267.235,SEEK_CROSSWALK,19.794,1,3.890,tracking,0.1700,0.0322,1,line_curve_center_riding,-0.0756,-0.0616,-0.2958,-0.2958,0.4469,3,0.2342,0.0000,0.2342,-0.2177,0.0322,IDLE,1,0,step_done_latches_cleared,0,0,0.000,0,nan,nan,nan,0.0000,0,5,0.6050,0.5570,0.2743,0.5570,0.0480,本圈台阶完成,1,0.0000,0.150,0.330
3267.371,SEEK_CROSSWALK,19.930,1,3.890,tracking,0.1450,0.1682,1,line_curve_center_riding,-0.2682,-0.2502,-0.5501,-0.5501,0.4160,3,0.3000,0.0000,0.3000,-0.4501,0.1682,IDLE,1,0,step_done_latches_cleared,0,0,0.000,0,nan,nan,nan,0.0000,0,5,0.6050,0.5570,0.2743,0.5570,0.0480,本圈台阶完成,1,0.0000,0.150,0.330
3267.509,SEEK_CROSSWALK,20.068,1,3.890,tracking,0.1750,0.2918,1,line_center_tracking,-0.3807,-0.3706,-0.4066,-0.4066,0.3737,2,0.0360,0.0000,0.0360,-0.3946,0.2918,IDLE,1,0,step_done_latches_cleared,0,0,0.000,0,nan,nan,nan,0.0000,0,5,0.6050,0.5570,0.2743,0.5570,0.0480,本圈台阶完成,1,0.0000,0.150,0.330
3267.646,SEEK_CROSSWALK,20.206,1,3.890,line_bridge_loss,0.1243,0.1167,0,line_too_few_bands,0.0000,0.0000,0.0000,0.0000,0.0000,1,0.0000,0.0000,0.0000,0.0000,0.1167,IDLE,1,0,step_done_latches_cleared,0,0,0.000,0,nan,nan,nan,0.0000,0,5,0.6050,0.5570,0.2743,0.5570,0.0480,本圈台阶完成,1,0.0000,0.150,0.330
3267.775,SEEK_CROSSWALK,20.334,1,3.890,tracking,0.0850,0.4200,1,line_edge_single_rescue,-0.5710,-0.5710,-0.5710,-0.5710,0.3100,1,0.0000,0.0000,0.0000,-0.5710,0.4200,IDLE,1,0,step_done_latches_cleared,0,0,0.000,0,nan,nan,nan,0.0000,0,5,0.6050,0.5570,0.2743,0.5570,0.0480,本圈台阶完成,1,0.0000,0.150,0.330
3267.897,SEEK_CROSSWALK,20.457,1,3.890,tracking,0.0850,0.4200,1,line_edge_single_rescue,-0.7472,-0.7472,-0.7472,-0.7472,0.3100,1,0.0000,0.0000,0.0000,-0.7472,0.4200,IDLE,1,0,step_done_latches_cleared,0,0,0.000,0,nan,nan,nan,0.0000,0,5,0.6050,0.5570,0.2743,0.5570,0.0480,本圈台阶完成,1,0.0000,0.150,0.330
3268.047,SEEK_CROSSWALK,20.606,1,3.890,line_bridge_loss,0.0350,0.1680,0,line_too_few_bands,0.0000,0.0000,0.0000,0.0000,0.0000,0,0.0000,0.0000,0.0000,0.0000,0.1680,IDLE,1,0,step_done_latches_cleared,0,0,0.000,0,nan,nan,nan,0.0000,0,5,0.6050,0.5570,0.2743,0.5570,0.0480,本圈台阶完成,1,0.0000,0.150,0.330
3268.167,SEEK_CROSSWALK,20.726,1,3.890,line_bridge_loss,0.0350,0.1680,0,line_too_few_bands,0.0000,0.0000,0.0000,0.0000,0.0000,0,0.0000,0.0000,0.0000,0.0000,0.1680,IDLE,1,0,step_done_latches_cleared,0,0,0.000,0,nan,nan,nan,0.0000,0,5,0.6050,0.5570,0.2743,0.5570,0.0480,本圈台阶完成,1,0.0000,0.150,0.330
3268.312,SEEK_CROSSWALK,20.872,1,3.890,line_bridge_loss,0.0350,0.1680,0,line_too_few_bands,0.0000,0.0000,0.0000,0.0000,0.0000,0,0.0000,0.0000,0.0000,0.0000,0.1680,IDLE,1,0,step_done_latches_cleared,0,0,0.000,0,nan,nan,nan,0.0000,0,5,0.6050,0.5570,0.2743,0.5570,0.0480,本圈台阶完成,1,0.0000,0.150,0.330
3268.434,SEEK_CROSSWALK,20.993,1,3.890,line_loss_hold,0.0000,0.0000,0,line_too_few_bands,0.0000,0.0000,0.0000,0.0000,0.0000,0,0.0000,0.0000,0.0000,0.0000,0.0000,IDLE,1,0,step_done_latches_cleared,0,0,0.000,0,nan,nan,nan,0.0000,0,5,0.6050,0.5570,0.2743,0.5570,0.0480,本圈台阶完成,1,0.0000,0.150,0.330
3268.572,SEEK_CROSSWALK,21.131,1,3.890,line_loss_hold,0.0000,0.0000,0,line_too_few_bands,0.0000,0.0000,0.0000,0.0000,0.0000,0,0.0000,0.0000,0.0000,0.0000,0.0000,IDLE,1,0,step_done_latches_cleared,0,0,0.000,0,nan,nan,nan,0.0000,0,5,0.6050,0.5570,0.2743,0.5570,0.0480,本圈台阶完成,1,0.0000,0.150,0.330
3268.706,SEEK_CROSSWALK,21.265,1,3.890,line_lost_stop,0.0000,0.0000,0,line_too_few_bands,0.0000,0.0000,0.0000,0.0000,0.0000,0,0.0000,0.0000,0.0000,0.0000,0.0000,IDLE,1,0,step_done_latches_cleared,0,0,0.000,0,nan,nan,nan,0.0000,0,5,0.6050,0.5570,0.2743,0.5570,0.0480,本圈台阶完成,1,0.0000,0.150,0.330
3268.836,SEEK_CROSSWALK,21.395,1,3.890,line_lost_stop,0.0000,0.0000,0,line_too_few_bands,0.0000,0.0000,0.0000,0.0000,0.0000,0,0.0000,0.0000,0.0000,0.0000,0.0000,IDLE,1,0,step_done_latches_cleared,0,0,0.000,0,nan,nan,nan,0.0000,0,5,0.6050,0.5570,0.2743,0.5570,0.0480,本圈台阶完成,1,0.0000,0.150,0.330
3268.962,SEEK_CROSSWALK,21.521,1,3.890,line_lost_stop,0.0000,0.0000,0,line_too_few_bands,0.0000,0.0000,0.0000,0.0000,0.0000,0,0.0000,0.0000,0.0000,0.0000,0.0000,IDLE,1,0,step_done_latches_cleared,0,0,0.000,0,nan,nan,nan,0.0000,0,5,0.6050,0.5570,0.2743,0.5570,0.0480,本圈台阶完成,1,0.0000,0.150,0.330
3269.098,SEEK_CROSSWALK,21.657,1,3.890,line_lost_stop,0.0000,0.0000,0,line_too_few_bands,0.0000,0.0000,0.0000,0.0000,0.0000,0,0.0000,0.0000,0.0000,0.0000,0.0000,IDLE,1,0,step_done_latches_cleared,0,0,0.000,0,nan,nan,nan,0.0000,0,5,0.6050,0.5570,0.2743,0.5570,0.0480,本圈台阶完成,1,0.0000,0.150,0.330
3269.226,SEEK_CROSSWALK,21.785,1,3.890,line_lost_stop,0.0000,0.0000,0,line_too_few_bands,0.0000,0.0000,0.0000,0.0000,0.0000,0,0.0000,0.0000,0.0000,0.0000,0.0000,IDLE,1,0,step_done_latches_cleared,0,0,0.000,0,nan,nan,nan,0.0000,0,5,0.6050,0.5570,0.2743,0.5570,0.0480,本圈台阶完成,1,0.0000,0.150,0.330
3269.353,SEEK_CROSSWALK,21.912,1,3.890,line_lost_stop,0.0000,0.0000,0,line_too_few_bands,0.0000,0.0000,0.0000,0.0000,0.0000,0,0.0000,0.0000,0.0000,0.0000,0.0000,IDLE,1,0,step_done_latches_cleared,0,0,0.000,0,nan,nan,nan,0.0000,0,5,0.6050,0.5570,0.2743,0.5570,0.0480,本圈台阶完成,1,0.0000,0.150,0.330
3269.480,SEEK_CROSSWALK,22.039,1,3.890,line_lost_stop,0.0000,0.0000,0,line_too_few_bands,0.0000,0.0000,0.0000,0.0000,0.0000,0,0.0000,0.0000,0.0000,0.0000,0.0000,IDLE,1,0,step_done_latches_cleared,0,0,0.000,0,nan,nan,nan,0.0000,0,5,0.6050,0.5570,0.2743,0.5570,0.0480,本圈台阶完成,1,0.0000,0.150,0.330
3269.610,SEEK_CROSSWALK,22.169,1,3.890,line_lost_stop,0.0000,0.0000,0,line_too_few_bands,0.0000,0.0000,0.0000,0.0000,0.0000,0,0.0000,0.0000,0.0000,0.0000,0.0000,IDLE,1,0,step_done_latches_cleared,0,0,0.000,0,nan,nan,nan,0.0000,0,5,0.6050,0.5570,0.2743,0.5570,0.0480,本圈台阶完成,1,0.0000,0.150,0.330
3269.735,SEEK_CROSSWALK,22.294,1,3.890,line_lost_stop,0.0000,0.0000,0,line_too_few_bands,0.0000,0.0000,0.0000,0.0000,0.0000,0,0.0000,0.0000,0.0000,0.0000,0.0000,IDLE,1,0,step_done_latches_cleared,0,0,0.000,0,nan,nan,nan,0.0000,0,5,0.6050,0.5570,0.2743,0.5570,0.0480,本圈台阶完成,1,0.0000,0.150,0.330
3269.866,SEEK_CROSSWALK,22.426,1,3.890,line_lost_stop,0.0000,0.0000,0,line_too_few_bands,0.0000,0.0000,0.0000,0.0000,0.0000,0,0.0000,0.0000,0.0000,0.0000,0.0000,IDLE,1,0,step_done_latches_cleared,0,0,0.000,0,nan,nan,nan,0.0000,0,5,0.6050,0.5570,0.2743,0.5570,0.0480,本圈台阶完成,1,0.0000,0.150,0.330
3269.997,SEEK_CROSSWALK,22.556,1,3.890,line_lost_stop,0.0000,0.0000,0,line_too_few_bands,0.0000,0.0000,0.0000,0.0000,0.0000,0,0.0000,0.0000,0.0000,0.0000,0.0000,IDLE,1,0,step_done_latches_cleared,0,0,0.000,0,nan,nan,nan,0.0000,0,5,0.6050,0.5570,0.2743,0.5570,0.0480,本圈台阶完成,1,0.0000,0.150,0.330
3270.122,SEEK_CROSSWALK,22.682,1,3.890,line_lost_stop,0.0000,0.0000,0,line_too_few_bands,0.0000,0.0000,0.0000,0.0000,0.0000,0,0.0000,0.0000,0.0000,0.0000,0.0000,IDLE,1,0,step_done_latches_cleared,0,0,0.000,0,nan,nan,nan,0.0000,0,5,0.6050,0.5570,0.2743,0.5570,0.0480,本圈台阶完成,1,0.0000,0.150,0.330
3270.265,SEEK_CROSSWALK,22.825,1,3.890,line_lost_stop,0.0000,0.0000,0,line_too_few_bands,0.0000,0.0000,0.0000,0.0000,0.0000,0,0.0000,0.0000,0.0000,0.0000,0.0000,IDLE,1,0,step_done_latches_cleared,0,0,0.000,0,nan,nan,nan,0.0000,0,5,0.6050,0.5570,0.2743,0.5570,0.0480,本圈台阶完成,1,0.0000,0.150,0.330
3270.415,SEEK_CROSSWALK,22.974,1,3.890,line_lost_stop,0.0000,0.0000,0,line_too_few_bands,0.0000,0.0000,0.0000,0.0000,0.0000,0,0.0000,0.0000,0.0000,0.0000,0.0000,IDLE,1,0,step_done_latches_cleared,0,0,0.000,0,nan,nan,nan,0.0000,0,5,0.6050,0.5570,0.2743,0.5570,0.0480,本圈台阶完成,1,0.0000,0.150,0.330
3270.566,SEEK_CROSSWALK,23.125,1,3.890,line_lost_stop,0.0000,0.0000,0,line_too_few_bands,0.0000,0.0000,0.0000,0.0000,0.0000,0,0.0000,0.0000,0.0000,0.0000,0.0000,IDLE,1,0,step_done_latches_cleared,0,0,0.000,0,nan,nan,nan,0.0000,0,5,0.6050,0.5570,0.2743,0.5570,0.0480,本圈台阶完成,1,0.0000,0.150,0.330
3270.785,SEEK_CROSSWALK,23.344,1,3.890,tracking,0.0507,0.3333,1,line_edge_single_rescue,-0.8054,-0.8054,-0.8054,-0.8054,0.3100,1,0.0000,0.0000,0.0000,-0.8054,0.3333,IDLE,1,0,step_done_latches_cleared,0,0,0.000,0,nan,nan,nan,0.0000,0,5,0.6050,0.5570,0.2743,0.5570,0.0480,本圈台阶完成,1,0.0000,0.150,0.330
3271.031,SEEK_CROSSWALK,23.590,1,3.890,tracking,0.1013,0.5600,1,line_hard_turn_centering,-0.6978,-0.6967,-0.7086,-0.7086,0.4415,2,0.0119,0.0000,0.0119,-0.7046,0.5600,IDLE,1,0,step_done_latches_cleared,0,0,0.000,0,nan,nan,nan,0.0000,0,5,0.6050,0.5570,0.2743,0.5570,0.0480,本圈台阶完成,1,0.0000,0.150,0.330
3271.211,SEEK_CROSSWALK,23.771,1,3.890,tracking,0.1050,0.5600,1,line_hard_turn_centering,-0.5674,-0.5638,-0.5995,-0.5995,0.3747,2,0.0357,0.0000,0.0357,-0.5876,0.5600,IDLE,1,0,step_done_latches_cleared,0,0,0.000,0,nan,nan,nan,0.0000,0,5,0.6050,0.5570,0.2743,0.5570,0.0480,本圈台阶完成,1,0.0000,0.150,0.330
3271.482,SEEK_CROSSWALK,24.042,1,3.890,tracking,0.1250,0.4861,1,line_curve_center_riding,-0.2758,-0.2445,-0.7650,-0.7650,0.5173,4,0.5205,0.0000,0.5205,-0.5915,0.4861,IDLE,1,0,step_done_latches_cleared,0,0,0.000,0,nan,nan,nan,0.0000,0,5,0.6050,0.5570,0.2743,0.5570,0.0480,本圈台阶完成,1,0.0000,0.150,0.330
3271.669,SEEK_CROSSWALK,24.228,1,3.890,tracking,0.1450,0.2729,1,line_curve_center_riding,-0.0629,-0.0314,-0.5559,-0.5559,0.5182,4,0.5244,0.0000,0.5244,-0.3811,0.2729,IDLE,1,0,step_done_latches_cleared,0,0,0.000,0,nan,nan,nan,0.0000,0,5,0.6050,0.5570,0.2743,0.5570,0.0480,本圈台阶完成,1,0.0000,0.150,0.330
3271.823,SEEK_CROSSWALK,24.382,1,3.890,tracking,0.1244,0.0985,1,line_recenter_transition,0.0658,0.0805,-0.6538,-0.7774,0.5879,5,0.7343,0.1237,0.8580,-0.4502,0.0985,IDLE,1,0,step_done_latches_cleared,0,0,0.000,0,nan,nan,nan,0.0000,0,5,0.6050,0.5570,0.2743,0.5570,0.0480,本圈台阶完成,1,0.0000,0.150,0.330
3271.992,SEEK_CROSSWALK,24.551,1,3.890,tracking,0.1405,-0.0025,1,line_recenter_transition,0.1017,0.1145,-0.5256,-0.8286,0.7869,7,0.6401,0.3030,0.9431,-0.4132,-0.0025,IDLE,1,0,step_done_latches_cleared,0,0,0.000,0,nan,nan,nan,0.0000,0,5,0.6050,0.5570,0.2743,0.5570,0.0480,本圈台阶完成,1,0.0000,0.150,0.330
3272.145,SEEK_CROSSWALK,24.704,1,3.890,tracking,0.1389,-0.0804,1,line_recenter_transition,0.1465,0.1591,-0.4676,-0.8403,0.6868,6,0.6267,0.3727,0.9994,-0.3830,-0.0804,IDLE,1,0,step_done_latches_cleared,0,0,0.000,0,nan,nan,nan,0.0000,0,5,0.6050,0.5570,0.2743,0.5570,0.0480,本圈台阶完成,1,0.0000,0.150,0.330
3272.278,SEEK_CROSSWALK,24.838,1,3.890,tracking,0.1361,-0.1005,1,line_recenter_transition,0.1158,0.1291,-0.5371,-0.6298,0.6018,5,0.6662,0.0927,0.7589,-0.3460,-0.1005,IDLE,1,0,step_done_latches_cleared,0,0,0.000,0,nan,nan,nan,0.0000,0,5,0.6050,0.5570,0.2743,0.5570,0.0480,本圈台阶完成,1,0.0000,0.150,0.330
3272.414,SEEK_CROSSWALK,24.973,1,3.890,tracking,0.1450,-0.0727,1,line_recenter_transition,0.0479,0.0592,-0.5031,-0.5031,0.5099,4,0.5623,0.0000,0.5623,-0.3157,-0.0727,IDLE,1,0,step_done_latches_cleared,0,0,0.000,0,nan,nan,nan,0.0000,0,5,0.6050,0.5570,0.2743,0.5570,0.0480,本圈台阶完成,1,0.0000,0.150,0.330
3272.653,SEEK_CROSSWALK,25.213,1,3.890,tracking,0.1450,0.0832,1,line_curve_center_riding,-0.2162,-0.1986,-0.4916,-0.4916,0.4208,3,0.2929,0.0000,0.2929,-0.3939,0.0832,IDLE,1,0,step_done_latches_cleared,0,0,0.000,0,nan,nan,nan,0.0000,0,5,0.6050,0.5570,0.2743,0.5570,0.0480,本圈台阶完成,1,0.0000,0.150,0.330
3272.898,SEEK_CROSSWALK,25.457,1,3.890,tracking,0.1050,0.3396,1,line_hard_turn_centering,-0.5492,-0.5448,-0.5887,-0.5887,0.3515,2,0.0439,0.0000,0.0439,-0.5741,0.3396,IDLE,1,0,step_done_latches_cleared,0,0,0.000,0,nan,nan,nan,0.0000,0,5,0.6050,0.5570,0.2743,0.5570,0.0480,本圈台阶完成,1,0.0000,0.150,0.330
3273.036,SEEK_CROSSWALK,25.596,1,3.890,tracking,0.0850,0.4200,1,line_edge_single_rescue,-0.6272,-0.6272,-0.6272,-0.6272,0.3100,1,0.0000,0.0000,0.0000,-0.6272,0.4200,IDLE,1,0,step_done_latches_cleared,0,0,0.000,0,nan,nan,nan,0.0000,0,5,0.6050,0.5570,0.2743,0.5570,0.0480,本圈台阶完成,1,0.0000,0.150,0.330
3273.212,SEEK_CROSSWALK,25.772,1,3.890,line_bridge_loss,0.0350,0.1680,0,line_too_few_bands,0.0000,0.0000,0.0000,0.0000,0.0000,0,0.0000,0.0000,0.0000,0.0000,0.1680,IDLE,1,0,step_done_latches_cleared,0,0,0.000,0,nan,nan,nan,0.0000,0,5,0.6050,0.5570,0.2743,0.5570,0.0480,本圈台阶完成,1,0.0000,0.150,0.330
3273.447,SEEK_CROSSWALK,26.006,1,3.890,line_bridge_loss,0.0350,0.1680,0,line_too_few_bands,0.0000,0.0000,0.0000,0.0000,0.0000,0,0.0000,0.0000,0.0000,0.0000,0.1680,IDLE,1,0,step_done_latches_cleared,0,0,0.000,0,nan,nan,nan,0.0000,0,5,0.6050,0.5570,0.2743,0.5570,0.0480,本圈台阶完成,1,0.0000,0.150,0.330
3273.677,SEEK_CROSSWALK,26.236,1,3.890,line_loss_hold,0.0000,0.0000,0,line_too_few_bands,0.0000,0.0000,0.0000,0.0000,0.0000,0,0.0000,0.0000,0.0000,0.0000,0.0000,IDLE,1,0,step_done_latches_cleared,0,0,0.000,0,nan,nan,nan,0.0000,0,5,0.6050,0.5570,0.2743,0.5570,0.0480,本圈台阶完成,1,0.0000,0.150,0.330
3273.812,SEEK_CROSSWALK,26.371,1,3.890,line_loss_hold,0.0000,0.0000,0,line_too_few_bands,0.0000,0.0000,0.0000,0.0000,0.0000,0,0.0000,0.0000,0.0000,0.0000,0.0000,IDLE,1,0,step_done_latches_cleared,0,0,0.000,0,nan,nan,nan,0.0000,0,5,0.6050,0.5570,0.2743,0.5570,0.0480,本圈台阶完成,1,0.0000,0.150,0.330
3274.031,SEEK_CROSSWALK,26.591,1,3.890,line_lost_stop,0.0000,0.0000,0,line_too_few_bands,0.0000,0.0000,0.0000,0.0000,0.0000,0,0.0000,0.0000,0.0000,0.0000,0.0000,IDLE,1,0,step_done_latches_cleared,0,0,0.000,0,nan,nan,nan,0.0000,0,5,0.6050,0.5570,0.2743,0.5570,0.0480,本圈台阶完成,1,0.0000,0.150,0.330
3274.267,SEEK_CROSSWALK,26.826,1,3.890,line_lost_stop,0.0000,0.0000,0,line_too_few_bands,0.0000,0.0000,0.0000,0.0000,0.0000,0,0.0000,0.0000,0.0000,0.0000,0.0000,IDLE,1,0,step_done_latches_cleared,0,0,0.000,0,nan,nan,nan,0.0000,0,5,0.6050,0.5570,0.2743,0.5570,0.0480,本圈台阶完成,1,0.0000,0.150,0.330
3274.501,SEEK_CROSSWALK,27.061,1,3.890,line_lost_stop,0.0000,0.0000,0,line_too_few_bands,0.0000,0.0000,0.0000,0.0000,0.0000,0,0.0000,0.0000,0.0000,0.0000,0.0000,IDLE,1,0,step_done_latches_cleared,0,0,0.000,0,nan,nan,nan,0.0000,0,5,0.6050,0.5570,0.2743,0.5570,0.0480,本圈台阶完成,1,0.0000,0.150,0.330
3274.631,SEEK_CROSSWALK,27.190,1,3.890,line_lost_stop,0.0000,0.0000,0,line_too_few_bands,0.0000,0.0000,0.0000,0.0000,0.0000,0,0.0000,0.0000,0.0000,0.0000,0.0000,IDLE,1,0,step_done_latches_cleared,0,0,0.000,0,nan,nan,nan,0.0000,0,5,0.6050,0.5570,0.2743,0.5570,0.0480,本圈台阶完成,1,0.0000,0.150,0.330
3274.889,SEEK_CROSSWALK,27.448,1,3.890,line_lost_stop,0.0000,0.0000,0,line_too_few_bands,0.0000,0.0000,0.0000,0.0000,0.0000,0,0.0000,0.0000,0.0000,0.0000,0.0000,IDLE,1,0,step_done_latches_cleared,0,0,0.000,0,nan,nan,nan,0.0000,0,5,0.6050,0.5570,0.2743,0.5570,0.0480,本圈台阶完成,1,0.0000,0.150,0.330
3275.098,SEEK_CROSSWALK,27.657,1,3.890,line_lost_stop,0.0000,0.0000,0,line_too_few_bands,0.0000,0.0000,0.0000,0.0000,0.0000,0,0.0000,0.0000,0.0000,0.0000,0.0000,IDLE,1,0,step_done_latches_cleared,0,0,0.000,0,nan,nan,nan,0.0000,0,5,0.6050,0.5570,0.2743,0.5570,0.0480,本圈台阶完成,1,0.0000,0.150,0.330
3275.236,SEEK_CROSSWALK,27.796,1,3.890,line_lost_stop,0.0000,0.0000,0,line_too_few_bands,0.0000,0.0000,0.0000,0.0000,0.0000,0,0.0000,0.0000,0.0000,0.0000,0.0000,IDLE,1,0,step_done_latches_cleared,0,0,0.000,0,nan,nan,nan,0.0000,0,5,0.6050,0.5570,0.2743,0.5570,0.0480,本圈台阶完成,1,0.0000,0.150,0.330
3275.367,SEEK_CROSSWALK,27.926,1,3.890,line_lost_stop,0.0000,0.0000,0,line_too_few_bands,0.0000,0.0000,0.0000,0.0000,0.0000,0,0.0000,0.0000,0.0000,0.0000,0.0000,IDLE,1,0,step_done_latches_cleared,0,0,0.000,0,nan,nan,nan,0.0000,0,5,0.6050,0.5570,0.2743,0.5570,0.0480,本圈台阶完成,1,0.0000,0.150,0.330
3275.508,SEEK_CROSSWALK,28.067,1,3.890,line_lost_stop,0.0000,0.0000,0,line_too_few_bands,0.0000,0.0000,0.0000,0.0000,0.0000,0,0.0000,0.0000,0.0000,0.0000,0.0000,IDLE,1,0,step_done_latches_cleared,0,0,0.000,0,nan,nan,nan,0.0000,0,5,0.6050,0.5570,0.2743,0.5570,0.0480,本圈台阶完成,1,0.0000,0.150,0.330
3275.630,SEEK_CROSSWALK,28.190,1,3.890,tracking,0.0466,0.3069,1,line_hard_turn_centering,-0.8302,-0.8321,-0.8137,-0.7528,0.6335,4,0.0184,0.0608,0.0793,-0.7995,0.3069,IDLE,1,0,step_done_latches_cleared,0,0,0.000,0,nan,nan,nan,0.0000,0,5,0.6050,0.5570,0.2743,0.5570,0.0480,本圈台阶完成,1,0.0000,0.150,0.330
3275.765,SEEK_CROSSWALK,28.324,1,3.890,tracking,0.0850,0.4200,1,line_edge_single_rescue,-0.8059,-0.8059,-0.8059,-0.8059,0.3100,1,0.0000,0.0000,0.0000,-0.8059,0.4200,IDLE,1,0,step_done_latches_cleared,0,0,0.000,0,nan,nan,nan,0.0000,0,5,0.6050,0.5570,0.2743,0.5570,0.0480,本圈台阶完成,1,0.0000,0.150,0.330
3275.897,SEEK_CROSSWALK,28.456,1,3.890,tracking,0.1000,0.7000,1,line_curve_center_riding,-0.8535,-0.8558,-0.8172,-0.5380,0.6902,5,0.0386,0.2792,0.3178,-0.7370,0.7000,IDLE,1,0,step_done_latches_cleared,0,0,0.000,0,nan,nan,nan,0.0000,0,5,0.6050,0.5570,0.2743,0.5570,0.0480,本圈台阶完成,1,0.0000,0.150,0.330
3275.991,SEEK_CROSSWALK,28.550,1,3.890,tracking,0.1000,0.7000,1,line_curve_center_riding,-0.7175,-0.7161,-0.7404,-0.4748,0.8648,7,0.0243,0.2656,0.2413,-0.6438,0.7000,IDLE,1,0,step_done_latches_cleared,0,0,0.000,0,nan,nan,nan,0.0000,0,5,0.6050,0.5570,0.2743,0.5570,0.0480,本圈台阶完成,1,0.0000,0.150,0.330
3276.154,SEEK_CROSSWALK,28.713,1,3.890,tracking,0.1000,0.6993,1,line_curve_center_riding,-0.5550,-0.5517,-0.6057,-0.3859,0.8726,7,0.0539,0.2197,0.1658,-0.5144,0.6993,IDLE,1,0,step_done_latches_cleared,0,0,0.000,0,nan,nan,nan,0.0000,0,5,0.6050,0.5570,0.2743,0.5570,0.0480,本圈台阶完成,1,0.0000,0.150,0.330
3276.295,SEEK_CROSSWALK,28.854,1,3.890,tracking,0.1151,0.5247,1,line_curve_center_riding,-0.3380,-0.3336,-0.4071,-0.2331,0.8758,7,0.0735,0.1740,0.1005,-0.3246,0.5247,IDLE,1,0,step_done_latches_cleared,0,0,0.000,0,nan,nan,nan,0.0000,0,5,0.6050,0.5570,0.2743,0.5570,0.0480,本圈台阶完成,1,0.0000,0.150,0.330
3276.523,SEEK_CROSSWALK,29.082,1,3.890,tracking,0.1657,0.3069,1,line_curve_center_riding,-0.0772,-0.0723,-0.1548,0.0082,0.8775,7,0.0826,0.1631,0.0805,-0.0730,0.3069,IDLE,1,0,step_done_latches_cleared,0,0,0.000,0,nan,nan,nan,0.0000,0,5,0.6050,0.5570,0.2743,0.5570,0.0480,本圈台阶完成,1,0.0000,0.150,0.330
3276.735,SEEK_CROSSWALK,29.294,1,3.890,tracking,0.1700,0.1031,1,line_curve_center_riding,0.0943,0.0982,0.0332,0.2127,0.8771,7,0.0650,0.1795,0.1145,0.1147,0.1031,IDLE,1,0,step_done_latches_cleared,0,0,0.000,0,nan,nan,nan,0.0000,0,5,0.6050,0.5570,0.2743,0.5570,0.0480,本圈台阶完成,1,0.0000,0.150,0.330
3276.937,SEEK_CROSSWALK,29.496,1,3.890,tracking,0.1700,-0.0484,1,line_curve_center_riding,0.1882,0.1908,0.1477,0.4499,0.9390,8,0.0431,0.3022,0.2591,0.2628,-0.0484,IDLE,1,0,step_done_latches_cleared,0,0,0.000,0,nan,nan,nan,0.0000,0,5,0.6050,0.5570,0.2743,0.5570,0.0480,本圈台阶完成,1,0.0000,0.150,0.330
3277.136,SEEK_CROSSWALK,29.695,1,3.890,tracking,0.1700,-0.1482,1,line_curve_center_riding,0.2333,0.2334,0.2318,0.4779,0.8763,7,0.0016,0.2461,0.2445,0.3144,-0.1482,IDLE,1,0,step_done_latches_cleared,0,0,0.000,0,nan,nan,nan,0.0000,0,5,0.6050,0.5570,0.2743,0.5570,0.0480,本圈台阶完成,1,0.0000,0.150,0.330
3277.425,SEEK_CROSSWALK,29.984,1,3.890,tracking,0.1700,-0.1774,1,line_curve_center_riding,0.1982,0.1948,0.2520,0.5977,0.8655,7,0.0572,0.3457,0.4029,0.3482,-0.1774,IDLE,1,0,step_done_latches_cleared,0,0,0.000,0,nan,nan,nan,0.0000,0,5,0.6050,0.5570,0.2743,0.5570,0.0480,本圈台阶完成,1,0.0000,0.150,0.330
3277.637,SEEK_CROSSWALK,30.197,1,3.890,tracking,0.1700,-0.1735,1,line_curve_center_riding,0.1591,0.1526,0.2606,0.4108,0.7935,6,0.1080,0.1502,0.2582,0.2747,-0.1735,IDLE,1,0,step_done_latches_cleared,0,0,0.000,0,nan,nan,nan,0.0000,0,5,0.6050,0.5570,0.2743,0.5570,0.0480,本圈台阶完成,1,0.0000,0.150,0.330
3277.840,SEEK_CROSSWALK,30.400,1,3.890,tracking,0.1700,-0.1575,1,line_curve_center_riding,0.1320,0.1221,0.2865,0.4536,0.7834,6,0.1644,0.1671,0.3315,0.2874,-0.1575,IDLE,1,0,step_done_latches_cleared,0,0,0.000,0,nan,nan,nan,0.0000,0,5,0.6050,0.5570,0.2743,0.5570,0.0480,本圈台阶完成,1,0.0000,0.150,0.330
3278.129,SEEK_CROSSWALK,30.688,1,3.890,tracking,0.1450,-0.1604,1,line_curve_center_riding,0.1500,0.1321,0.4317,0.7360,0.7479,6,0.2996,0.3043,0.6039,0.4332,-0.1604,IDLE,1,0,step_done_latches_cleared,0,0,0.000,0,nan,nan,nan,0.0000,0,5,0.6050,0.5570,0.2743,0.5570,0.0480,本圈台阶完成,1,0.0000,0.150,0.330
3278.333,SEEK_CROSSWALK,30.892,1,3.890,tracking,0.1450,-0.1963,1,line_curve_center_riding,0.2126,0.1871,0.6130,0.7073,0.6505,5,0.4259,0.0943,0.5202,0.5025,-0.1963,IDLE,1,0,step_done_latches_cleared,0,0,0.000,0,nan,nan,nan,0.0000,0,5,0.6050,0.5570,0.2743,0.5570,0.0480,本圈台阶完成,1,0.0000,0.150,0.330
3278.536,SEEK_CROSSWALK,31.095,1,3.890,tracking,0.1450,-0.2706,1,line_curve_center_riding,0.3165,0.2941,0.6666,0.6666,0.5617,4,0.3725,0.0000,0.3725,0.5425,-0.2706,IDLE,1,0,step_done_latches_cleared,0,0,0.000,0,nan,nan,nan,0.0000,0,5,0.6050,0.5570,0.2743,0.5570,0.0480,本圈台阶完成,1,0.0000,0.150,0.330
3278.823,SEEK_CROSSWALK,31.383,1,3.890,tracking,0.1499,-0.3892,1,line_curve_center_riding,0.4720,0.4603,0.6545,0.6545,0.4706,3,0.1941,0.0000,0.1941,0.5898,-0.3892,IDLE,1,0,step_done_latches_cleared,0,0,0.000,0,nan,nan,nan,0.0000,0,5,0.6050,0.5570,0.2743,0.5570,0.0480,本圈台阶完成,1,0.0000,0.150,0.330
3279.038,SEEK_CROSSWALK,31.597,1,3.890,tracking,0.1254,-0.4846,1,line_curve_center_riding,0.5370,0.5234,0.7509,0.7509,0.4516,3,0.2276,0.0000,0.2276,0.6751,-0.4846,IDLE,1,0,step_done_latches_cleared,0,0,0.000,0,nan,nan,nan,0.0000,0,5,0.6050,0.5570,0.2743,0.5570,0.0480,本圈台阶完成,1,0.0000,0.150,0.330
3279.241,SEEK_CROSSWALK,31.800,1,3.890,tracking,0.1170,-0.5172,1,line_curve_center_riding,0.5132,0.4988,0.7380,0.7380,0.4467,3,0.2392,0.0000,0.2392,0.6583,-0.5172,IDLE,1,0,step_done_latches_cleared,0,0,0.000,0,nan,nan,nan,0.0000,0,5,0.6050,0.5570,0.2743,0.5570,0.0480,本圈台阶完成,1,0.0000,0.150,0.330
3279.528,SEEK_CROSSWALK,32.087,1,3.890,tracking,0.1341,-0.4509,1,line_curve_center_riding,0.3607,0.3480,0.5597,0.5597,0.4616,3,0.2117,0.0000,0.2117,0.4891,-0.4509,IDLE,1,0,step_done_latches_cleared,0,0,0.000,0,nan,nan,nan,0.0000,0,5,0.6050,0.5570,0.2743,0.5570,0.0480,本圈台阶完成,1,0.0000,0.150,0.330
3279.827,SEEK_CROSSWALK,32.386,1,3.890,tracking,0.1670,-0.3230,1,line_curve_center_riding,0.1806,0.1698,0.3498,0.3498,0.4756,3,0.1800,0.0000,0.1800,0.2898,-0.3230,IDLE,1,0,step_done_latches_cleared,0,0,0.000,0,nan,nan,nan,0.0000,0,5,0.6050,0.5570,0.2743,0.5570,0.0480,本圈台阶完成,1,0.0000,0.150,0.330
3280.041,SEEK_CROSSWALK,32.600,1,3.890,tracking,0.1450,-0.1729,1,line_curve_center_riding,0.0246,-0.0068,0.5165,0.6041,0.5304,4,0.5234,0.0876,0.6109,0.3713,-0.1729,IDLE,1,0,step_done_latches_cleared,0,0,0.000,0,nan,nan,nan,0.0000,0,5,0.6050,0.5570,0.2743,0.5570,0.0480,本圈台阶完成,1,0.0000,0.150,0.330
3280.331,SEEK_CROSSWALK,32.890,1,3.890,tracking,0.1450,-0.0163,1,line_recenter_transition,-0.1359,-0.1455,0.3343,0.4010,0.6425,5,0.4798,0.0668,0.5465,0.1966,-0.0163,IDLE,1,0,step_done_latches_cleared,0,0,0.000,0,nan,nan,nan,0.0000,0,5,0.6050,0.5570,0.2743,0.5570,0.0480,本圈台阶完成,1,0.0000,0.150,0.330
3280.532,SEEK_CROSSWALK,33.091,1,3.890,tracking,0.1450,0.1045,1,line_recenter_transition,-0.2078,-0.2167,0.2255,0.3052,0.6473,5,0.4422,0.0796,0.5218,0.1047,0.1045,IDLE,1,0,step_done_latches_cleared,0,0,0.000,0,nan,nan,nan,0.0000,0,5,0.6050,0.5570,0.2743,0.5570,0.0480,本圈台阶完成,1,0.0000,0.150,0.330
3280.739,SEEK_CROSSWALK,33.298,1,3.890,tracking,0.1419,0.1730,1,line_recenter_transition,-0.2276,-0.2374,0.2528,0.7347,0.6983,6,0.4902,0.4820,0.9721,0.2500,0.1730,IDLE,1,0,step_done_latches_cleared,0,0,0.000,0,nan,nan,nan,0.0000,0,5,0.6050,0.5570,0.2743,0.5570,0.0480,本圈台阶完成,1,0.0000,0.150,0.330
3280.939,SEEK_CROSSWALK,33.498,1,3.890,tracking,0.1450,0.1725,1,line_recenter_transition,-0.1643,-0.1743,0.3281,0.4278,0.6344,5,0.5025,0.0997,0.6022,0.1939,0.1725,IDLE,1,0,step_done_latches_cleared,0,0,0.000,0,nan,nan,nan,0.0000,0,5,0.6050,0.5570,0.2743,0.5570,0.0480,本圈台阶完成,1,0.0000,0.150,0.330
3281.233,SEEK_CROSSWALK,33.792,1,3.890,tracking,0.1450,0.0739,1,line_curve_center_riding,0.0200,-0.0164,0.5898,0.7084,0.6135,5,0.6062,0.1185,0.7248,0.4273,0.0739,IDLE,1,0,step_done_latches_cleared,0,0,0.000,0,nan,nan,nan,0.0000,0,5,0.6050,0.5570,0.2743,0.5570,0.0480,本圈台阶完成,1,0.0000,0.150,0.330
3281.446,SEEK_CROSSWALK,34.005,1,3.890,tracking,0.1450,-0.0613,1,line_curve_center_riding,0.1779,0.1466,0.6689,0.6689,0.5240,4,0.5223,0.0000,0.5223,0.4948,-0.0613,IDLE,1,0,step_done_latches_cleared,0,0,0.000,0,nan,nan,nan,0.0000,0,5,0.6050,0.5570,0.2743,0.5570,0.0480,本圈台阶完成,1,0.0000,0.150,0.330
3281.727,SEEK_CROSSWALK,34.286,1,3.890,tracking,0.1680,-0.2657,1,line_curve_center_riding,0.4381,0.4220,0.6900,0.6900,0.4305,3,0.2680,0.0000,0.2680,0.6007,-0.2657,IDLE,1,0,step_done_latches_cleared,0,0,0.000,0,nan,nan,nan,0.0000,0,5,0.6050,0.5570,0.2743,0.5570,0.0480,本圈台阶完成,1,0.0000,0.150,0.330
3281.932,SEEK_CROSSWALK,34.491,1,3.890,tracking,0.1173,-0.4819,1,line_hard_turn_centering,0.6421,0.6369,0.6886,0.6886,0.3297,2,0.0516,0.0000,0.0516,0.6714,-0.4819,IDLE,1,0,step_done_latches_cleared,0,0,0.000,0,nan,nan,nan,0.0000,0,5,0.6050,0.5570,0.2743,0.5570,0.0480,本圈台阶完成,1,0.0000,0.150,0.330
3282.136,SEEK_CROSSWALK,34.695,1,3.890,tracking,0.1050,-0.5600,1,line_hard_turn_centering,0.7292,0.7243,0.7731,0.7731,0.3379,2,0.0487,0.0000,0.0487,0.7568,-0.5600,IDLE,1,0,step_done_latches_cleared,0,0,0.000,0,nan,nan,nan,0.0000,0,5,0.6050,0.5570,0.2743,0.5570,0.0480,本圈台阶完成,1,0.0000,0.150,0.330
3282.337,SEEK_CROSSWALK,34.896,1,3.890,tracking,0.1050,-0.5600,1,line_hard_turn_centering,0.7586,0.7541,0.7989,0.7989,0.3489,2,0.0448,0.0000,0.0448,0.7840,-0.5600,IDLE,1,0,step_done_latches_cleared,0,0,0.000,0,nan,nan,nan,0.0000,0,5,0.6050,0.5570,0.2743,0.5570,0.0480,本圈台阶完成,1,0.0000,0.150,0.330
3282.547,SEEK_CROSSWALK,35.107,1,3.890,tracking,0.1050,-0.5600,1,line_hard_turn_centering,0.7651,0.7604,0.8071,0.8071,0.3437,2,0.0467,0.0000,0.0467,0.7915,-0.5600,IDLE,1,0,step_done_latches_cleared,0,0,0.000,0,nan,nan,nan,0.0000,0,5,0.6050,0.5570,0.2743,0.5570,0.0480,本圈台阶完成,1,0.0000,0.150,0.330
3282.705,SEEK_CROSSWALK,35.264,1,3.890,tracking,0.1050,-0.5600,1,line_hard_turn_centering,0.7709,0.7661,0.8137,0.8137,0.3410,2,0.0476,0.0000,0.0476,0.7979,-0.5600,IDLE,1,0,step_done_latches_cleared,0,0,0.000,0,nan,nan,nan,0.0000,0,5,0.6050,0.5570,0.2743,0.5570,0.0480,本圈台阶完成,1,0.0000,0.150,0.330
3282.832,SEEK_CROSSWALK,35.392,1,3.890,tracking,0.1050,-0.5600,1,line_hard_turn_centering,0.7551,0.7500,0.8006,0.8006,0.3328,2,0.0506,0.0000,0.0506,0.7837,-0.5600,IDLE,1,0,step_done_latches_cleared,0,0,0.000,0,nan,nan,nan,0.0000,0,5,0.6050,0.5570,0.2743,0.5570,0.0480,本圈台阶完成,1,0.0000,0.150,0.330
3282.957,SEEK_CROSSWALK,35.517,1,3.890,tracking,0.1050,-0.5600,1,line_hard_turn_centering,0.7204,0.7148,0.7709,0.7709,0.3173,2,0.0561,0.0000,0.0561,0.7522,-0.5600,IDLE,1,0,step_done_latches_cleared,0,0,0.000,0,nan,nan,nan,0.0000,0,5,0.6050,0.5570,0.2743,0.5570,0.0480,本圈台阶完成,1,0.0000,0.150,0.330
3283.082,SEEK_CROSSWALK,35.641,1,3.890,tracking,0.1050,-0.5600,1,line_hard_turn_centering,0.6518,0.6464,0.7010,0.7010,0.3215,2,0.0546,0.0000,0.0546,0.6828,-0.5600,IDLE,1,0,step_done_latches_cleared,0,0,0.000,0,nan,nan,nan,0.0000,0,5,0.6050,0.5570,0.2743,0.5570,0.0480,本圈台阶完成,1,0.0000,0.150,0.330
3283.212,SEEK_CROSSWALK,35.771,1,3.890,tracking,0.1000,-0.6735,1,line_curve_center_riding,0.5634,0.5488,0.7929,0.7929,0.4344,3,0.2441,0.0000,0.2441,0.7115,-0.6735,IDLE,1,0,step_done_latches_cleared,0,0,0.000,0,nan,nan,nan,0.0000,0,5,0.6050,0.5570,0.2743,0.5570,0.0480,本圈台阶完成,1,0.0000,0.150,0.330
3283.352,SEEK_CROSSWALK,35.912,1,3.890,tracking,0.1000,-0.6031,1,line_curve_center_riding,0.4952,0.4784,0.7594,0.7594,0.4223,3,0.2811,0.0000,0.2811,0.6657,-0.6031,IDLE,1,0,step_done_latches_cleared,0,0,0.000,0,nan,nan,nan,0.0000,0,5,0.6050,0.5570,0.2743,0.5570,0.0480,本圈台阶完成,1,0.0000,0.150,0.330
3283.485,SEEK_CROSSWALK,36.044,1,3.890,tracking,0.1166,-0.5187,1,line_curve_center_riding,0.4071,0.3810,0.8174,0.8006,0.9251,8,0.4364,0.0168,0.4196,0.6663,-0.5187,IDLE,1,0,step_done_latches_cleared,0,0,0.000,0,nan,nan,nan,0.0000,0,5,0.6050,0.5570,0.2743,0.5570,0.0480,本圈台阶完成,1,0.0000,0.150,0.330
3283.626,SEEK_CROSSWALK,36.185,1,3.890,tracking,0.1450,-0.4060,1,line_curve_center_riding,0.2775,0.2501,0.7071,0.7167,0.9182,8,0.4570,0.0097,0.4667,0.5580,-0.4060,IDLE,1,0,step_done_latches_cleared,0,0,0.000,0,nan,nan,nan,0.0000,0,5,0.6050,0.5570,0.2743,0.5570,0.0480,本圈台阶完成,1,0.0000,0.150,0.330
3283.762,SEEK_CROSSWALK,36.321,1,3.890,tracking,0.1450,-0.2856,1,line_curve_center_riding,0.1588,0.1325,0.5718,0.5992,0.9211,8,0.4394,0.0274,0.4668,0.4345,-0.2856,IDLE,1,0,step_done_latches_cleared,0,0,0.000,0,nan,nan,nan,0.0000,0,5,0.6050,0.5570,0.2743,0.5570,0.0480,本圈台阶完成,1,0.0000,0.150,0.330
3283.891,SEEK_CROSSWALK,36.451,1,3.890,tracking,0.1450,-0.1689,1,line_curve_center_riding,0.0536,0.0285,0.4460,0.4960,0.9263,8,0.4175,0.0499,0.4675,0.3235,-0.1689,IDLE,1,0,step_done_latches_cleared,0,0,0.000,0,nan,nan,nan,0.0000,0,5,0.6050,0.5570,0.2743,0.5570,0.0480,本圈台阶完成,1,0.0000,0.150,0.330
3284.020,SEEK_CROSSWALK,36.579,1,3.890,tracking,0.1450,-0.0560,1,line_recenter_transition,-0.0482,-0.0562,0.3464,0.4228,0.9300,8,0.4026,0.0764,0.4790,0.2377,-0.0560,IDLE,1,0,step_done_latches_cleared,0,0,0.000,0,nan,nan,nan,0.0000,0,5,0.6050,0.5570,0.2743,0.5570,0.0480,本圈台阶完成,1,0.0000,0.150,0.330
3284.152,SEEK_CROSSWALK,36.711,1,3.890,tracking,0.1450,0.0192,1,line_recenter_transition,-0.0885,-0.0963,0.2963,0.3830,0.9326,8,0.3926,0.0867,0.4793,0.1943,0.0192,IDLE,1,0,step_done_latches_cleared,0,0,0.000,0,nan,nan,nan,0.0000,0,5,0.6050,0.5570,0.2743,0.5570,0.0480,本圈台阶完成,1,0.0000,0.150,0.330
3284.285,SEEK_CROSSWALK,36.844,1,3.890,tracking,0.1450,0.0669,1,line_recenter_transition,-0.1075,-0.1153,0.2740,0.3667,0.9342,8,0.3892,0.0928,0.4820,0.1751,0.0669,IDLE,1,0,step_done_latches_cleared,0,0,0.000,0,nan,nan,nan,0.0000,0,5,0.6050,0.5570,0.2743,0.5570,0.0480,本圈台阶完成,1,0.0000,0.150,0.330
3284.417,SEEK_CROSSWALK,36.976,1,3.890,tracking,0.1450,0.0909,1,line_recenter_transition,-0.1081,-0.1158,0.2708,0.3615,0.9350,8,0.3866,0.0908,0.4774,0.1722,0.0909,IDLE,1,0,step_done_latches_cleared,0,0,0.000,0,nan,nan,nan,0.0000,0,5,0.6050,0.5570,0.2743,0.5570,0.0480,本圈台阶完成,1,0.0000,0.150,0.330
3284.560,SEEK_CROSSWALK,37.119,1,3.890,tracking,0.1450,0.0924,1,line_recenter_transition,-0.0895,-0.0971,0.2849,0.3640,0.9350,8,0.3821,0.0791,0.4611,0.1840,0.0924,IDLE,1,0,step_done_latches_cleared,0,0,0.000,0,nan,nan,nan,0.0000,0,5,0.6050,0.5570,0.2743,0.5570,0.0480,本圈台阶完成,1,0.0000,0.150,0.330
3284.699,SEEK_CROSSWALK,37.259,1,3.890,tracking,0.1450,0.0721,1,line_recenter_transition,-0.0510,-0.0585,0.3159,0.3779,0.9352,8,0.3745,0.0620,0.4364,0.2118,0.0721,IDLE,1,0,step_done_latches_cleared,0,0,0.000,0,nan,nan,nan,0.0000,0,5,0.6050,0.5570,0.2743,0.5570,0.0480,本圈台阶完成,1,0.0000,0.150,0.330
3284.830,SEEK_CROSSWALK,37.389,1,3.890,tracking,0.1450,0.0297,1,line_curve_center_riding,0.0074,-0.0148,0.3552,0.3987,0.9353,8,0.3701,0.0435,0.4135,0.2463,0.0297,IDLE,1,0,step_done_latches_cleared,0,0,0.000,0,nan,nan,nan,0.0000,0,5,0.6050,0.5570,0.2743,0.5570,0.0480,本圈台阶完成,1,0.0000,0.150,0.330
3284.966,SEEK_CROSSWALK,37.525,1,3.890,tracking,0.1450,-0.0174,1,line_curve_center_riding,0.0575,0.0358,0.3965,0.4190,0.9364,8,0.3607,0.0225,0.3832,0.2838,-0.0174,IDLE,1,0,step_done_latches_cleared,0,0,0.000,0,nan,nan,nan,0.0000,0,5,0.6050,0.5570,0.2743,0.5570,0.0480,本圈台阶完成,1,0.0000,0.150,0.330
3285.100,SEEK_CROSSWALK,37.659,1,3.890,tracking,0.1450,-0.0677,1,line_curve_center_riding,0.1070,0.0862,0.4333,0.4331,0.9375,8,0.3471,0.0002,0.3469,0.3175,-0.0677,IDLE,1,0,step_done_latches_cleared,0,0,0.000,0,nan,nan,nan,0.0000,0,5,0.6050,0.5570,0.2743,0.5570,0.0480,本圈台阶完成,1,0.0000,0.150,0.330
3285.241,SEEK_CROSSWALK,37.801,1,3.890,tracking,0.1450,-0.1211,1,line_curve_center_riding,0.1598,0.1406,0.4600,0.4332,0.9401,8,0.3193,0.0268,0.2925,0.3446,-0.1211,IDLE,1,0,step_done_latches_cleared,0,0,0.000,0,nan,nan,nan,0.0000,0,5,0.6050,0.5570,0.2743,0.5570,0.0480,本圈台阶完成,1,0.0000,0.150,0.330
3285.406,SEEK_CROSSWALK,37.965,1,3.890,tracking,0.1450,-0.1663,1,line_curve_center_riding,0.1965,0.1791,0.4690,0.4134,0.9426,8,0.2898,0.0555,0.2343,0.3538,-0.1663,IDLE,1,0,step_done_latches_cleared,0,0,0.000,0,nan,nan,nan,0.0000,0,5,0.6050,0.5570,0.2743,0.5570,0.0480,本圈台阶完成,1,0.0000,0.150,0.330
3285.575,SEEK_CROSSWALK,38.134,1,3.890,tracking,0.1700,-0.2039,1,line_curve_center_riding,0.2239,0.2097,0.4467,0.3577,0.8512,7,0.2370,0.0890,0.1480,0.3381,-0.2039,IDLE,1,0,step_done_latches_cleared,0,0,0.000,0,nan,nan,nan,0.0000,0,5,0.6050,0.5570,0.2743,0.5570,0.0480,本圈台阶完成,1,0.0000,0.150,0.330
3285.732,SEEK_CROSSWALK,38.292,1,3.890,tracking,0.1700,-0.2264,1,line_curve_center_riding,0.2312,0.2187,0.4277,0.3064,0.9472,8,0.2090,0.1213,0.0877,0.3176,-0.2264,IDLE,1,0,step_done_latches_cleared,0,0,0.000,0,nan,nan,nan,0.0000,0,5,0.6050,0.5570,0.2743,0.5570,0.0480,本圈台阶完成,1,0.0000,0.150,0.330
3285.870,SEEK_CROSSWALK,38.430,1,3.890,tracking,0.1700,-0.2402,1,line_curve_center_riding,0.2354,0.2257,0.3867,0.2350,0.9503,8,0.1610,0.1517,0.0093,0.2825,-0.2402,IDLE,1,0,step_done_latches_cleared,0,0,0.000,0,nan,nan,nan,0.0000,0,5,0.6050,0.5570,0.2743,0.5570,0.0480,本圈台阶完成,1,0.0000,0.150,0.330
3286.016,SEEK_CROSSWALK,38.575,1,3.890,tracking,0.1700,-0.2451,1,line_curve_center_riding,0.2324,0.2261,0.3302,0.1427,0.9513,8,0.1041,0.1875,0.0834,0.2330,-0.2451,IDLE,1,0,step_done_latches_cleared,0,0,0.000,0,nan,nan,nan,0.0000,0,5,0.6050,0.5570,0.2743,0.5570,0.0480,本圈台阶完成,1,0.0000,0.150,0.330
3286.154,SEEK_CROSSWALK,38.713,1,3.890,tracking,0.1700,-0.2438,1,line_curve_center_riding,0.2252,0.2214,0.2840,0.0545,0.9492,8,0.0627,0.2296,0.1669,0.1866,-0.2438,IDLE,1,0,step_done_latches_cleared,0,0,0.000,0,nan,nan,nan,0.0000,0,5,0.6050,0.5570,0.2743,0.5570,0.0480,本圈台阶完成,1,0.0000,0.150,0.330
3286.286,SEEK_CROSSWALK,38.845,1,3.890,tracking,0.1700,-0.2354,1,line_curve_center_riding,0.2114,0.2098,0.2369,-0.0505,0.9412,8,0.0271,0.2874,0.2602,0.1321,-0.2354,IDLE,1,0,step_done_latches_cleared,0,0,0.000,0,nan,nan,nan,0.0000,0,5,0.6050,0.5570,0.2743,0.5570,0.0480,本圈台阶完成,1,0.0000,0.150,0.330
3286.420,SEEK_CROSSWALK,38.980,1,3.890,tracking,0.1700,-0.2153,1,line_curve_center_riding,0.1828,0.1835,0.1712,-0.1294,0.9460,8,0.0123,0.3006,0.3129,0.0751,-0.2153,IDLE,1,0,step_done_latches_cleared,0,0,0.000,0,nan,nan,nan,0.0000,0,5,0.6050,0.5570,0.2743,0.5570,0.0480,本圈台阶完成,1,0.0000,0.150,0.330
3286.560,SEEK_CROSSWALK,39.119,1,3.890,tracking,0.1450,-0.1896,1,line_curve_center_riding,0.1532,0.1562,0.1056,-0.2666,0.9355,8,0.0506,0.3721,0.4228,-0.0016,-0.1896,IDLE,1,0,step_done_latches_cleared,0,0,0.000,0,nan,nan,nan,0.0000,0,5,0.6050,0.5570,0.2743,0.5570,0.0480,本圈台阶完成,1,0.0000,0.150,0.330
3286.699,SEEK_CROSSWALK,39.258,1,3.890,tracking,0.1700,-0.1550,1,line_curve_center_riding,0.1136,0.1197,0.0191,-0.2837,0.7802,6,0.1005,0.3028,0.4034,-0.0483,-0.1550,IDLE,1,0,step_done_latches_cleared,0,0,0.000,0,nan,nan,nan,0.0000,0,5,0.6050,0.5570,0.2743,0.5570,0.0480,本圈台阶完成,1,0.0000,0.150,0.330
3286.849,SEEK_CROSSWALK,39.408,1,3.890,tracking,0.1450,-0.1143,1,line_curve_center_riding,0.0696,0.0787,-0.0719,-0.5318,0.8468,7,0.1505,0.4599,0.6105,-0.1750,-0.1143,IDLE,1,0,step_done_latches_cleared,0,0,0.000,0,nan,nan,nan,0.0000,0,5,0.6050,0.5570,0.2743,0.5570,0.0480,本圈台阶完成,1,0.0000,0.150,0.330
3287.001,SEEK_CROSSWALK,39.561,1,3.890,tracking,0.1450,-0.0663,1,line_curve_center_riding,0.0187,0.0309,-0.1719,-0.6818,0.8371,7,0.2027,0.5099,0.7126,-0.2743,-0.0663,IDLE,1,0,step_done_latches_cleared,0,0,0.000,0,nan,nan,nan,0.0000,0,5,0.6050,0.5570,0.2743,0.5570,0.0480,本圈台阶完成,1,0.0000,0.150,0.330
3287.167,SEEK_CROSSWALK,39.727,1,3.890,tracking,0.1450,-0.0097,1,line_curve_center_riding,-0.0421,-0.0262,-0.2920,-0.5920,0.7531,6,0.2658,0.3001,0.5659,-0.3034,-0.0097,IDLE,1,0,step_done_latches_cleared,0,0,0.000,0,nan,nan,nan,0.0000,0,5,0.6050,0.5570,0.2743,0.5570,0.0480,本圈台阶完成,1,0.0000,0.150,0.330
3287.312,SEEK_CROSSWALK,39.871,1,3.890,tracking,0.1450,0.0575,1,line_curve_center_riding,-0.1118,-0.0926,-0.4128,-0.7006,0.7455,6,0.3202,0.2878,0.6080,-0.4020,0.0575,IDLE,1,0,step_done_latches_cleared,0,0,0.000,0,nan,nan,nan,0.0000,0,5,0.6050,0.5570,0.2743,0.5570,0.0480,本圈台阶完成,1,0.0000,0.150,0.330
3287.448,SEEK_CROSSWALK,40.007,1,3.890,tracking,0.1450,0.1234,1,line_curve_center_riding,-0.1723,-0.1533,-0.4709,-0.5194,0.6750,5,0.3176,0.0484,0.3661,-0.3812,0.1234,IDLE,1,0,step_done_latches_cleared,0,0,0.000,0,nan,nan,nan,0.0000,0,5,0.6050,0.5570,0.2743,0.5570,0.0480,本圈台阶完成,1,0.0000,0.150,0.330
3287.579,SEEK_CROSSWALK,40.139,1,3.890,tracking,0.1450,0.1725,1,line_curve_center_riding,-0.2047,-0.1781,-0.6216,-0.7066,0.6518,5,0.4434,0.0850,0.5284,-0.5021,0.1725,IDLE,1,0,step_done_latches_cleared,0,0,0.000,0,nan,nan,nan,0.0000,0,5,0.6050,0.5570,0.2743,0.5570,0.0480,本圈台阶完成,1,0.0000,0.150,0.330
3287.709,SEEK_CROSSWALK,40.268,1,3.890,tracking,0.1700,0.2289,1,line_curve_center_riding,-0.2612,-0.2467,-0.4882,-0.4882,0.4890,3,0.2415,0.0000,0.2415,-0.4077,0.2289,IDLE,1,0,step_done_latches_cleared,0,0,0.000,0,nan,nan,nan,0.0000,0,5,0.6050,0.5570,0.2743,0.5570,0.0480,本圈台阶完成,1,0.0000,0.150,0.330
3287.839,SEEK_CROSSWALK,40.398,1,3.890,tracking,0.1450,0.2524,1,line_curve_center_riding,-0.2577,-0.2362,-0.5949,-0.5949,0.5668,4,0.3587,0.0000,0.3587,-0.4753,0.2524,IDLE,1,0,step_done_latches_cleared,0,0,0.000,0,nan,nan,nan,0.0000,0,5,0.6050,0.5570,0.2743,0.5570,0.0480,本圈台阶完成,1,0.0000,0.150,0.330
3287.970,SEEK_CROSSWALK,40.529,1,3.890,tracking,0.1450,0.2784,1,line_curve_center_riding,-0.2809,-0.2576,-0.6452,-0.6452,0.5581,4,0.3876,0.0000,0.3876,-0.5160,0.2784,IDLE,1,0,step_done_latches_cleared,0,0,0.000,0,nan,nan,nan,0.0000,0,5,0.6050,0.5570,0.2743,0.5570,0.0480,本圈台阶完成,1,0.0000,0.150,0.330
3288.106,SEEK_CROSSWALK,40.665,1,3.890,tracking,0.1450,0.2850,1,line_curve_center_riding,-0.2717,-0.2442,-0.7026,-0.7026,0.5455,4,0.4584,0.0000,0.4584,-0.5498,0.2850,IDLE,1,0,step_done_latches_cleared,0,0,0.000,0,nan,nan,nan,0.0000,0,5,0.6050,0.5570,0.2743,0.5570,0.0480,本圈台阶完成,1,0.0000,0.150,0.330
3288.250,SEEK_CROSSWALK,40.809,1,3.890,tracking,0.1450,0.2817,1,line_curve_center_riding,-0.2591,-0.2352,-0.6348,-0.6348,0.5564,4,0.3996,0.0000,0.3996,-0.5016,0.2817,IDLE,1,0,step_done_latches_cleared,0,0,0.000,0,nan,nan,nan,0.0000,0,5,0.6050,0.5570,0.2743,0.5570,0.0480,本圈台阶完成,1,0.0000,0.150,0.330
3288.373,SEEK_CROSSWALK,40.933,1,3.890,tracking,0.1450,0.2618,1,line_curve_center_riding,-0.2268,-0.2011,-0.6296,-0.6296,0.5477,4,0.4285,0.0000,0.4285,-0.4867,0.2618,IDLE,1,0,step_done_latches_cleared,0,0,0.000,0,nan,nan,nan,0.0000,0,5,0.6050,0.5570,0.2743,0.5570,0.0480,本圈台阶完成,1,0.0000,0.150,0.330
3288.527,SEEK_CROSSWALK,41.086,1,3.890,tracking,0.1450,0.2476,1,line_curve_center_riding,-0.2158,-0.1903,-0.6163,-0.6163,0.5467,4,0.4260,0.0000,0.4260,-0.4743,0.2476,IDLE,1,0,step_done_latches_cleared,0,0,0.000,0,nan,nan,nan,0.0000,0,5,0.6050,0.5570,0.2743,0.5570,0.0480,本圈台阶完成,1,0.0000,0.150,0.330
3288.661,SEEK_CROSSWALK,41.220,1,3.890,tracking,0.1450,0.2287,1,line_curve_center_riding,-0.1955,-0.1728,-0.5500,-0.5500,0.5537,4,0.3771,0.0000,0.3771,-0.4242,0.2287,IDLE,1,0,step_done_latches_cleared,0,0,0.000,0,nan,nan,nan,0.0000,0,5,0.6050,0.5570,0.2743,0.5570,0.0480,本圈台阶完成,1,0.0000,0.150,0.330
3288.797,SEEK_CROSSWALK,41.356,1,3.890,tracking,0.1957,0.1892,1,line_center_tracking,-0.1421,-0.1355,-0.1590,-0.1590,0.4090,2,0.0235,0.0000,0.0235,-0.1512,0.1892,IDLE,1,0,step_done_latches_cleared,0,0,0.000,0,nan,nan,nan,0.0000,0,5,0.6050,0.5570,0.2743,0.5570,0.0480,本圈台阶完成,1,0.0000,0.150,0.330
3288.932,SEEK_CROSSWALK,41.491,1,3.890,tracking,0.1450,0.1663,1,line_curve_center_riding,-0.1322,-0.1078,-0.5134,-0.5134,0.5475,4,0.4056,0.0000,0.4056,-0.3782,0.1663,IDLE,1,0,step_done_latches_cleared,0,0,0.000,0,nan,nan,nan,0.0000,0,5,0.6050,0.5570,0.2743,0.5570,0.0480,本圈台阶完成,1,0.0000,0.150,0.330
3289.066,SEEK_CROSSWALK,41.625,1,3.890,tracking,0.1450,0.1381,1,line_curve_center_riding,-0.1032,-0.0668,-0.6731,-0.7868,0.6149,5,0.6063,0.1137,0.7199,-0.5089,0.1381,IDLE,1,0,step_done_latches_cleared,0,0,0.000,0,nan,nan,nan,0.0000,0,5,0.6050,0.5570,0.2743,0.5570,0.0480,本圈台阶完成,1,0.0000,0.150,0.330
3289.202,SEEK_CROSSWALK,41.762,1,3.890,tracking,0.1700,0.0894,1,line_curve_center_riding,-0.0414,-0.0326,-0.1792,-0.1792,0.4914,3,0.1466,0.0000,0.1466,-0.1303,0.0894,IDLE,1,0,step_done_latches_cleared,0,0,0.000,0,nan,nan,nan,0.0000,0,5,0.6050,0.5570,0.2743,0.5570,0.0480,本圈台阶完成,1,0.0000,0.150,0.330
3289.333,SEEK_CROSSWALK,41.892,1,3.890,tracking,0.1450,0.0492,1,line_curve_center_riding,-0.0096,0.0158,-0.4075,-0.4075,0.5537,4,0.4234,0.0000,0.4234,-0.2664,0.0492,IDLE,1,0,step_done_latches_cleared,0,0,0.000,0,nan,nan,nan,0.0000,0,5,0.6050,0.5570,0.2743,0.5570,0.0480,本圈台阶完成,1,0.0000,0.150,0.330
3289.467,SEEK_CROSSWALK,42.026,1,3.890,tracking,0.1409,0.0444,1,line_curve_center_riding,-0.0332,0.0051,-0.6329,-0.7727,0.6080,5,0.6381,0.1398,0.7778,-0.4668,0.0444,IDLE,1,0,step_done_latches_cleared,0,0,0.000,0,nan,nan,nan,0.0000,0,5,0.6050,0.5570,0.2743,0.5570,0.0480,本圈台阶完成,1,0.0000,0.150,0.330
3289.596,SEEK_CROSSWALK,42.156,1,3.890,tracking,0.1423,0.0379,1,line_curve_center_riding,-0.0292,0.0086,-0.6213,-0.7623,0.6085,5,0.6299,0.1410,0.7709,-0.4584,0.0379,IDLE,1,0,step_done_latches_cleared,0,0,0.000,0,nan,nan,nan,0.0000,0,5,0.6050,0.5570,0.2743,0.5570,0.0480,本圈台阶完成,1,0.0000,0.150,0.330
3289.727,SEEK_CROSSWALK,42.286,1,3.890,tracking,0.1450,0.0073,1,line_recenter_transition,0.0180,0.0300,-0.5713,-0.7064,0.6162,5,0.6014,0.1351,0.7364,-0.4159,0.0073,IDLE,1,0,step_done_latches_cleared,0,0,0.000,0,nan,nan,nan,0.0000,0,5,0.6050,0.5570,0.2743,0.5570,0.0480,本圈台阶完成,1,0.0000,0.150,0.330
3289.880,SEEK_CROSSWALK,42.439,1,3.890,tracking,0.1450,0.0105,1,line_curve_center_riding,-0.0094,0.0121,-0.3459,-0.3459,0.5625,4,0.3580,0.0000,0.3580,-0.2265,0.0105,IDLE,1,0,step_done_latches_cleared,0,0,0.000,0,nan,nan,nan,0.0000,0,5,0.6050,0.5570,0.2743,0.5570,0.0480,本圈台阶完成,1,0.0000,0.150,0.330
3290.023,SEEK_CROSSWALK,42.582,1,3.890,tracking,0.1450,-0.0007,1,line_curve_center_riding,0.0096,0.0304,-0.3150,-0.3150,0.5678,4,0.3453,0.0000,0.3453,-0.1999,-0.0007,IDLE,1,0,step_done_latches_cleared,0,0,0.000,0,nan,nan,nan,0.0000,0,5,0.6050,0.5570,0.2743,0.5570,0.0480,本圈台阶完成,1,0.0000,0.150,0.330
3290.163,SEEK_CROSSWALK,42.722,1,3.890,tracking,0.1357,0.0211,1,line_curve_center_riding,-0.0360,0.0042,-0.6644,-0.8038,0.6035,5,0.6685,0.1394,0.8079,-0.4880,0.0211,IDLE,1,0,step_done_latches_cleared,0,0,0.000,0,nan,nan,nan,0.0000,0,5,0.6050,0.5570,0.2743,0.5570,0.0480,本圈台阶完成,1,0.0000,0.150,0.330
3290.296,SEEK_CROSSWALK,42.856,1,3.890,tracking,0.1419,0.0383,1,line_curve_center_riding,-0.0508,-0.0129,-0.6450,-0.7911,0.6044,5,0.6321,0.1461,0.7782,-0.4830,0.0383,IDLE,1,0,step_done_latches_cleared,0,0,0.000,0,nan,nan,nan,0.0000,0,5,0.6050,0.5570,0.2743,0.5570,0.0480,本圈台阶完成,1,0.0000,0.150,0.330
3290.427,SEEK_CROSSWALK,42.986,1,3.890,tracking,0.1450,0.0634,1,line_curve_center_riding,-0.0801,-0.0516,-0.5274,-0.5274,0.5363,4,0.4758,0.0000,0.4758,-0.3688,0.0634,IDLE,1,0,step_done_latches_cleared,0,0,0.000,0,nan,nan,nan,0.0000,0,5,0.6050,0.5570,0.2743,0.5570,0.0480,本圈台阶完成,1,0.0000,0.150,0.330
3290.564,SEEK_CROSSWALK,43.123,1,3.890,tracking,0.1450,0.1089,1,line_curve_center_riding,-0.1394,-0.1157,-0.5109,-0.5109,0.5473,4,0.3952,0.0000,0.3952,-0.3792,0.1089,IDLE,1,0,step_done_latches_cleared,0,0,0.000,0,nan,nan,nan,0.0000,0,5,0.6050,0.5570,0.2743,0.5570,0.0480,本圈台阶完成,1,0.0000,0.150,0.330
3290.707,SEEK_CROSSWALK,43.267,1,3.890,tracking,0.1450,0.1415,1,line_curve_center_riding,-0.1613,-0.1347,-0.5780,-0.5780,0.5416,4,0.4432,0.0000,0.4432,-0.4302,0.1415,IDLE,1,0,step_done_latches_cleared,0,0,0.000,0,nan,nan,nan,0.0000,0,5,0.6050,0.5570,0.2743,0.5570,0.0480,本圈台阶完成,1,0.0000,0.150,0.330
3290.846,SEEK_CROSSWALK,43.405,1,3.890,tracking,0.1450,0.1891,1,line_curve_center_riding,-0.2161,-0.1846,-0.7097,-0.7097,0.5246,4,0.5251,0.0000,0.5251,-0.5347,0.1891,IDLE,1,0,step_done_latches_cleared,0,0,0.000,0,nan,nan,nan,0.0000,0,5,0.6050,0.5570,0.2743,0.5570,0.0480,本圈台阶完成,1,0.0000,0.150,0.330
3290.983,SEEK_CROSSWALK,43.542,1,3.890,tracking,0.1450,0.2040,1,line_curve_center_riding,-0.2050,-0.1686,-0.7753,-0.7753,0.5168,4,0.6066,0.0000,0.6066,-0.5731,0.2040,IDLE,1,0,step_done_latches_cleared,0,0,0.000,0,nan,nan,nan,0.0000,0,5,0.6050,0.5570,0.2743,0.5570,0.0480,本圈台阶完成,1,0.0000,0.150,0.330
3291.118,SEEK_CROSSWALK,43.677,1,3.890,tracking,0.1386,0.2572,1,line_curve_center_riding,-0.2820,-0.2429,-0.8945,-0.8945,0.4993,4,0.6516,0.0000,0.6516,-0.6773,0.2572,IDLE,1,0,step_done_latches_cleared,0,0,0.000,0,nan,nan,nan,0.0000,0,5,0.6050,0.5570,0.2743,0.5570,0.0480,本圈台阶完成,1,0.0000,0.150,0.330
3291.245,SEEK_CROSSWALK,43.804,1,3.890,tracking,0.1700,0.3111,1,line_curve_center_riding,-0.3348,-0.3196,-0.5735,-0.5735,0.4339,3,0.2539,0.0000,0.2539,-0.4889,0.3111,IDLE,1,0,step_done_latches_cleared,0,0,0.000,0,nan,nan,nan,0.0000,0,5,0.6050,0.5570,0.2743,0.5570,0.0480,本圈台阶完成,1,0.0000,0.150,0.330
3291.369,SEEK_CROSSWALK,43.928,1,3.890,tracking,0.1450,0.3729,1,line_curve_center_riding,-0.3985,-0.3765,-0.7429,-0.7429,0.3887,3,0.3664,0.0000,0.3664,-0.6207,0.3729,IDLE,1,0,step_done_latches_cleared,0,0,0.000,0,nan,nan,nan,0.0000,0,5,0.6050,0.5570,0.2743,0.5570,0.0480,本圈台阶完成,1,0.0000,0.150,0.330
3291.498,SEEK_CROSSWALK,44.058,1,3.890,tracking,0.1527,0.3782,1,line_center_tracking,-0.3608,-0.3535,-0.3794,-0.3794,0.4022,2,0.0259,0.0000,0.0259,-0.3708,0.3782,IDLE,1,0,step_done_latches_cleared,0,0,0.000,0,nan,nan,nan,0.0000,0,5,0.6050,0.5570,0.2743,0.5570,0.0480,本圈台阶完成,1,0.0000,0.150,0.330
3291.627,SEEK_CROSSWALK,44.187,1,3.890,tracking,0.1406,0.4254,1,line_curve_center_riding,-0.4320,-0.4098,-0.7801,-0.7801,0.3924,3,0.3704,0.0000,0.3704,-0.6567,0.4254,IDLE,1,0,step_done_latches_cleared,0,0,0.000,0,nan,nan,nan,0.0000,0,5,0.6050,0.5570,0.2743,0.5570,0.0480,本圈台阶完成,1,0.0000,0.150,0.330
3291.759,SEEK_CROSSWALK,44.319,1,3.890,tracking,0.1295,0.4687,1,line_curve_center_riding,-0.4725,-0.4560,-0.7323,-0.7323,0.4314,3,0.2763,0.0000,0.2763,-0.6402,0.4687,IDLE,1,0,step_done_latches_cleared,0,0,0.000,0,nan,nan,nan,0.0000,0,5,0.6050,0.5570,0.2743,0.5570,0.0480,本圈台阶完成,1,0.0000,0.150,0.330
3291.889,SEEK_CROSSWALK,44.448,1,3.890,tracking,0.1184,0.5120,1,line_center_tracking,-0.5122,-0.4965,-0.5525,-0.5525,0.3174,2,0.0560,0.0000,0.0560,-0.5339,0.5120,IDLE,1,0,step_done_latches_cleared,0,0,0.000,0,nan,nan,nan,0.0000,0,5,0.6050,0.5570,0.2743,0.5570,0.0480,本圈台阶完成,1,0.0000,0.150,0.330
3292.018,SEEK_CROSSWALK,44.577,1,3.890,line_bridge_loss,0.0695,0.2048,0,line_too_few_bands,0.0000,0.0000,0.0000,0.0000,0.0000,0,0.0000,0.0000,0.0000,0.0000,0.2048,IDLE,1,0,step_done_latches_cleared,0,0,0.000,0,nan,nan,nan,0.0000,0,5,0.6050,0.5570,0.2743,0.5570,0.0480,本圈台阶完成,1,0.0000,0.150,0.330
3292.142,SEEK_CROSSWALK,44.702,1,3.890,tracking,0.1169,0.4981,1,line_center_tracking,-0.4538,-0.4475,-0.4701,-0.4701,0.4114,2,0.0226,0.0000,0.0226,-0.4626,0.4981,IDLE,1,0,step_done_latches_cleared,0,0,0.000,0,nan,nan,nan,0.0000,0,5,0.6050,0.5570,0.2743,0.5570,0.0480,本圈台阶完成,1,0.0000,0.150,0.330
3292.274,SEEK_CROSSWALK,44.834,1,3.890,tracking,0.1050,0.5373,1,line_hard_turn_centering,-0.5279,-0.5237,-0.5666,-0.5666,0.3544,2,0.0429,0.0000,0.0429,-0.5523,0.5373,IDLE,1,0,step_done_latches_cleared,0,0,0.000,0,nan,nan,nan,0.0000,0,5,0.6050,0.5570,0.2743,0.5570,0.0480,本圈台阶完成,1,0.0000,0.150,0.330
3292.398,SEEK_CROSSWALK,44.958,1,3.890,line_bridge_loss,0.0579,0.2272,0,line_too_few_bands,0.0000,0.0000,0.0000,0.0000,0.0000,0,0.0000,0.0000,0.0000,0.0000,0.2272,IDLE,1,0,step_done_latches_cleared,0,0,0.000,0,nan,nan,nan,0.0000,0,5,0.6050,0.5570,0.2743,0.5570,0.0480,本圈台阶完成,1,0.0000,0.150,0.330
3292.526,SEEK_CROSSWALK,45.085,1,3.890,line_bridge_loss,0.0350,0.2149,0,line_too_few_bands,0.0000,0.0000,0.0000,0.0000,0.0000,0,0.0000,0.0000,0.0000,0.0000,0.2149,IDLE,1,0,step_done_latches_cleared,0,0,0.000,0,nan,nan,nan,0.0000,0,5,0.6050,0.5570,0.2743,0.5570,0.0480,本圈台阶完成,1,0.0000,0.150,0.330
3292.649,SEEK_CROSSWALK,45.209,1,3.890,line_bridge_loss,0.0350,0.2149,0,line_too_few_bands,0.0000,0.0000,0.0000,0.0000,0.0000,0,0.0000,0.0000,0.0000,0.0000,0.2149,IDLE,1,0,step_done_latches_cleared,0,0,0.000,0,nan,nan,nan,0.0000,0,5,0.6050,0.5570,0.2743,0.5570,0.0480,本圈台阶完成,1,0.0000,0.150,0.330
3292.775,SEEK_CROSSWALK,45.334,1,3.890,line_loss_hold,0.0000,0.0000,0,line_too_few_bands,0.0000,0.0000,0.0000,0.0000,0.0000,0,0.0000,0.0000,0.0000,0.0000,0.0000,IDLE,1,0,step_done_latches_cleared,0,0,0.000,0,nan,nan,nan,0.0000,0,5,0.6050,0.5570,0.2743,0.5570,0.0480,本圈台阶完成,1,0.0000,0.150,0.330
3292.902,SEEK_CROSSWALK,45.462,1,3.890,line_loss_hold,0.0000,0.0000,0,line_too_few_bands,0.0000,0.0000,0.0000,0.0000,0.0000,0,0.0000,0.0000,0.0000,0.0000,0.0000,IDLE,1,0,step_done_latches_cleared,0,0,0.000,0,nan,nan,nan,0.0000,0,5,0.6050,0.5570,0.2743,0.5570,0.0480,本圈台阶完成,1,0.0000,0.150,0.330
3293.024,SEEK_CROSSWALK,45.584,1,3.890,line_loss_hold,0.0000,0.0000,0,line_too_few_bands,0.0000,0.0000,0.0000,0.0000,0.0000,0,0.0000,0.0000,0.0000,0.0000,0.0000,IDLE,1,0,step_done_latches_cleared,0,0,0.000,0,nan,nan,nan,0.0000,0,5,0.6050,0.5570,0.2743,0.5570,0.0480,本圈台阶完成,1,0.0000,0.150,0.330
3293.148,SEEK_CROSSWALK,45.707,1,3.890,line_lost_stop,0.0000,0.0000,0,line_too_few_bands,0.0000,0.0000,0.0000,0.0000,0.0000,0,0.0000,0.0000,0.0000,0.0000,0.0000,IDLE,1,0,step_done_latches_cleared,0,0,0.000,0,nan,nan,nan,0.0000,0,5,0.6050,0.5570,0.2743,0.5570,0.0480,本圈台阶完成,1,0.0000,0.150,0.330
3293.282,SEEK_CROSSWALK,45.841,1,3.890,line_lost_stop,0.0000,0.0000,0,line_too_few_bands,0.0000,0.0000,0.0000,0.0000,0.0000,0,0.0000,0.0000,0.0000,0.0000,0.0000,IDLE,1,0,step_done_latches_cleared,0,0,0.000,0,nan,nan,nan,0.0000,0,5,0.6050,0.5570,0.2743,0.5570,0.0480,本圈台阶完成,1,0.0000,0.150,0.330
3293.407,SEEK_CROSSWALK,45.966,1,3.890,tracking,0.0476,0.3129,1,line_edge_single_rescue,-0.6745,-0.6745,-0.6745,-0.6745,0.3100,1,0.0000,0.0000,0.0000,-0.6745,0.3129,IDLE,1,0,step_done_latches_cleared,0,0,0.000,0,nan,nan,nan,0.0000,0,5,0.6050,0.5570,0.2743,0.5570,0.0480,本圈台阶完成,1,0.0000,0.150,0.330
3293.531,SEEK_CROSSWALK,46.091,1,3.890,line_bridge_loss,0.0350,0.1680,0,line_too_few_bands,0.0000,0.0000,0.0000,0.0000,0.0000,0,0.0000,0.0000,0.0000,0.0000,0.1680,IDLE,1,0,step_done_latches_cleared,0,0,0.000,0,nan,nan,nan,0.0000,0,5,0.6050,0.5570,0.2743,0.5570,0.0480,本圈台阶完成,1,0.0000,0.150,0.330
3293.661,SEEK_CROSSWALK,46.221,1,3.890,line_bridge_loss,0.0350,0.1680,0,line_too_few_bands,0.0000,0.0000,0.0000,0.0000,0.0000,0,0.0000,0.0000,0.0000,0.0000,0.1680,IDLE,1,0,step_done_latches_cleared,0,0,0.000,0,nan,nan,nan,0.0000,0,5,0.6050,0.5570,0.2743,0.5570,0.0480,本圈台阶完成,1,0.0000,0.150,0.330
3293.793,SEEK_CROSSWALK,46.352,1,3.890,tracking,0.0848,0.4958,1,line_hard_turn_centering,-0.7251,-0.7176,-0.7925,-0.7925,0.2644,2,0.0749,0.0000,0.0749,-0.7676,0.4958,IDLE,1,0,step_done_latches_cleared,0,0,0.000,0,nan,nan,nan,0.0000,0,5,0.6050,0.5570,0.2743,0.5570,0.0480,本圈台阶完成,1,0.0000,0.150,0.330
3293.927,SEEK_CROSSWALK,46.486,1,3.890,line_bridge_loss,0.0350,0.2240,0,line_too_few_bands,0.0000,0.0000,0.0000,0.0000,0.0000,0,0.0000,0.0000,0.0000,0.0000,0.2240,IDLE,1,0,step_done_latches_cleared,0,0,0.000,0,nan,nan,nan,0.0000,0,5,0.6050,0.5570,0.2743,0.5570,0.0480,本圈台阶完成,1,0.0000,0.150,0.330
3294.051,SEEK_CROSSWALK,46.611,1,3.890,tracking,0.0824,0.5359,1,line_curve_center_riding,-0.4064,-0.3869,-0.7120,-0.7120,0.4094,3,0.3250,0.0000,0.3250,-0.6036,0.5359,IDLE,1,0,step_done_latches_cleared,0,0,0.000,0,nan,nan,nan,0.0000,0,5,0.6050,0.5570,0.2743,0.5570,0.0480,本圈台阶完成,1,0.0000,0.150,0.330
3294.180,SEEK_CROSSWALK,46.739,1,3.890,line_bridge_loss,0.0350,0.2270,0,line_too_few_bands,0.0000,0.0000,0.0000,0.0000,0.0000,1,0.0000,0.0000,0.0000,0.0000,0.2270,IDLE,1,0,step_done_latches_cleared,0,0,0.000,0,nan,nan,nan,0.0000,0,5,0.6050,0.5570,0.2743,0.5570,0.0480,本圈台阶完成,1,0.0000,0.150,0.330
3294.305,SEEK_CROSSWALK,46.865,1,3.890,tracking,0.0828,0.3151,1,line_curve_center_riding,-0.0613,-0.0296,-0.5575,-0.5575,0.5318,4,0.5279,0.0000,0.5279,-0.3816,0.3151,IDLE,1,0,step_done_latches_cleared,0,0,0.000,0,nan,nan,nan,0.0000,0,5,0.6050,0.5570,0.2743,0.5570,0.0480,本圈台阶完成,1,0.0000,0.150,0.330
3294.435,SEEK_CROSSWALK,46.994,1,3.890,tracking,0.1320,0.0766,1,line_recenter_transition,0.1284,0.1337,-0.1335,-0.1335,0.3383,2,0.2672,0.0000,0.2672,-0.0445,0.0766,IDLE,1,0,step_done_latches_cleared,0,0,0.000,0,nan,nan,nan,0.0000,0,5,0.6050,0.5570,0.2743,0.5570,0.0480,本圈台阶完成,1,0.0000,0.150,0.330
3294.563,SEEK_CROSSWALK,47.122,1,3.890,tracking,0.1700,-0.0751,1,line_curve_center_riding,0.2106,0.2247,-0.0099,-0.0099,0.3551,2,0.2346,0.0000,0.2346,0.0683,-0.0751,IDLE,1,0,step_done_latches_cleared,0,0,0.000,0,nan,nan,nan,0.0000,0,5,0.6050,0.5570,0.2743,0.5570,0.0480,本圈台阶完成,1,0.0000,0.150,0.330
3294.693,SEEK_CROSSWALK,47.252,1,3.890,tracking,0.1450,-0.1658,1,line_recenter_transition,0.2410,0.2499,-0.1958,-0.1958,0.4393,3,0.4457,0.0000,0.4457,-0.0472,-0.1658,IDLE,1,0,step_done_latches_cleared,0,0,0.000,0,nan,nan,nan,0.0000,0,5,0.6050,0.5570,0.2743,0.5570,0.0480,本圈台阶完成,1,0.0000,0.150,0.330
3294.823,SEEK_CROSSWALK,47.382,1,3.890,tracking,0.1425,-0.2178,1,line_recenter_transition,0.2524,0.2650,-0.3638,-0.4787,0.5000,4,0.6288,0.1149,0.7437,-0.1925,-0.2178,IDLE,1,0,step_done_latches_cleared,0,0,0.000,0,nan,nan,nan,0.0000,0,5,0.6050,0.5570,0.2743,0.5570,0.0480,本圈台阶完成,1,0.0000,0.150,0.330
3294.951,SEEK_CROSSWALK,47.511,1,3.890,tracking,0.1450,-0.2155,1,line_recenter_transition,0.2034,0.2142,-0.3234,-0.4246,0.6316,5,0.5375,0.1013,0.6388,-0.1780,-0.2155,IDLE,1,0,step_done_latches_cleared,0,0,0.000,0,nan,nan,nan,0.0000,0,5,0.6050,0.5570,0.2743,0.5570,0.0480,本圈台阶完成,1,0.0000,0.150,0.330
3295.083,SEEK_CROSSWALK,47.642,1,3.890,line_bridge_loss,0.0950,-0.0862,0,line_too_few_bands,0.0000,0.0000,0.0000,0.0000,0.0000,1,0.0000,0.0000,0.0000,0.0000,-0.0862,IDLE,1,0,step_done_latches_cleared,0,0,0.000,0,nan,nan,nan,0.0000,0,5,0.6050,0.5570,0.2743,0.5570,0.0480,本圈台阶完成,1,0.0000,0.150,0.330
3295.214,SEEK_CROSSWALK,47.774,1,3.890,tracking,0.1448,-0.0883,1,line_curve_center_riding,-0.0306,-0.0220,-0.1656,-0.1656,0.3852,2,0.1436,0.0000,0.1436,-0.1177,-0.0883,IDLE,1,0,step_done_latches_cleared,0,0,0.000,0,nan,nan,nan,0.0000,0,5,0.6050,0.5570,0.2743,0.5570,0.0480,本圈台阶完成,1,0.0000,0.150,0.330
3295.346,SEEK_CROSSWALK,47.906,1,3.890,tracking,0.1450,-0.1169,1,line_recenter_transition,0.1248,0.1362,-0.4306,-0.5370,0.6194,5,0.5668,0.1065,0.6732,-0.2771,-0.1169,IDLE,1,0,step_done_latches_cleared,0,0,0.000,0,nan,nan,nan,0.0000,0,5,0.6050,0.5570,0.2743,0.5570,0.0480,本圈台阶完成,1,0.0000,0.150,0.330
3295.478,SEEK_CROSSWALK,48.037,1,3.890,tracking,0.1450,-0.0830,1,line_recenter_transition,0.0520,0.0640,-0.5367,-0.6690,0.6117,5,0.6007,0.1323,0.7330,-0.3806,-0.0830,IDLE,1,0,step_done_latches_cleared,0,0,0.000,0,nan,nan,nan,0.0000,0,5,0.6050,0.5570,0.2743,0.5570,0.0480,本圈台阶完成,1,0.0000,0.150,0.330
3295.612,SEEK_CROSSWALK,48.171,1,3.890,tracking,0.1450,-0.0159,1,line_curve_center_riding,-0.0410,-0.0134,-0.4734,-0.4734,0.5380,4,0.4600,0.0000,0.4600,-0.3201,-0.0159,IDLE,1,0,step_done_latches_cleared,0,0,0.000,0,nan,nan,nan,0.0000,0,5,0.6050,0.5570,0.2743,0.5570,0.0480,本圈台阶完成,1,0.0000,0.150,0.330
3295.746,SEEK_CROSSWALK,48.306,1,3.890,tracking,0.1450,0.0620,1,line_curve_center_riding,-0.1251,-0.0919,-0.6453,-0.6453,0.5284,4,0.5534,0.0000,0.5534,-0.4608,0.0620,IDLE,1,0,step_done_latches_cleared,0,0,0.000,0,nan,nan,nan,0.0000,0,5,0.6050,0.5570,0.2743,0.5570,0.0480,本圈台阶完成,1,0.0000,0.150,0.330
3295.881,SEEK_CROSSWALK,48.441,1,3.890,tracking,0.1700,0.1959,1,line_curve_center_riding,-0.2948,-0.2795,-0.5346,-0.5346,0.4423,3,0.2552,0.0000,0.2552,-0.4496,0.1959,IDLE,1,0,step_done_latches_cleared,0,0,0.000,0,nan,nan,nan,0.0000,0,5,0.6050,0.5570,0.2743,0.5570,0.0480,本圈台阶完成,1,0.0000,0.150,0.330
3296.023,SEEK_CROSSWALK,48.582,1,3.890,tracking,0.1575,0.3599,1,line_center_tracking,-0.4770,-0.4660,-0.5054,-0.5054,0.3641,2,0.0394,0.0000,0.0394,-0.4923,0.3599,IDLE,1,0,step_done_latches_cleared,0,0,0.000,0,nan,nan,nan,0.0000,0,5,0.6050,0.5570,0.2743,0.5570,0.0480,本圈台阶完成,1,0.0000,0.150,0.330
3296.148,SEEK_CROSSWALK,48.708,1,3.890,tracking,0.1099,0.4757,1,line_hard_turn_centering,-0.5451,-0.5407,-0.5841,-0.5841,0.3531,2,0.0433,0.0000,0.0433,-0.5696,0.4757,IDLE,1,0,step_done_latches_cleared,0,0,0.000,0,nan,nan,nan,0.0000,0,5,0.6050,0.5570,0.2743,0.5570,0.0480,本圈台阶完成,1,0.0000,0.150,0.330
3296.276,SEEK_CROSSWALK,48.836,1,3.890,tracking,0.1050,0.5600,1,line_hard_turn_centering,-0.6801,-0.6763,-0.7135,-0.7135,0.3705,2,0.0372,0.0000,0.0372,-0.7011,0.5600,IDLE,1,0,step_done_latches_cleared,0,0,0.000,0,nan,nan,nan,0.0000,0,5,0.6050,0.5570,0.2743,0.5570,0.0480,本圈台阶完成,1,0.0000,0.150,0.330
3296.401,SEEK_CROSSWALK,48.960,1,3.890,tracking,0.0850,0.4200,1,line_edge_single_rescue,-0.6052,-0.6052,-0.6052,-0.6052,0.3100,1,0.0000,0.0000,0.0000,-0.6052,0.4200,IDLE,1,0,step_done_latches_cleared,0,0,0.000,0,nan,nan,nan,0.0000,0,5,0.6050,0.5570,0.2743,0.5570,0.0480,本圈台阶完成,1,0.0000,0.150,0.330
3296.528,SEEK_CROSSWALK,49.087,1,3.890,line_bridge_loss,0.0368,0.1680,0,line_too_few_bands,0.0000,0.0000,0.0000,0.0000,0.0000,0,0.0000,0.0000,0.0000,0.0000,0.1680,IDLE,1,0,step_done_latches_cleared,0,0,0.000,0,nan,nan,nan,0.0000,0,5,0.6050,0.5570,0.2743,0.5570,0.0480,本圈台阶完成,1,0.0000,0.150,0.330
3296.675,SEEK_CROSSWALK,49.234,1,3.890,line_bridge_loss,0.0350,0.1680,0,line_too_few_bands,0.0000,0.0000,0.0000,0.0000,0.0000,0,0.0000,0.0000,0.0000,0.0000,0.1680,IDLE,1,0,step_done_latches_cleared,0,0,0.000,0,nan,nan,nan,0.0000,0,5,0.6050,0.5570,0.2743,0.5570,0.0480,本圈台阶完成,1,0.0000,0.150,0.330
3296.798,SEEK_CROSSWALK,49.357,1,3.890,line_bridge_loss,0.0350,0.1680,0,line_too_few_bands,0.0000,0.0000,0.0000,0.0000,0.0000,0,0.0000,0.0000,0.0000,0.0000,0.1680,IDLE,1,0,step_done_latches_cleared,0,0,0.000,0,nan,nan,nan,0.0000,0,5,0.6050,0.5570,0.2743,0.5570,0.0480,本圈台阶完成,1,0.0000,0.150,0.330
3296.934,SEEK_CROSSWALK,49.493,1,3.890,line_loss_hold,0.0000,0.0000,0,line_too_few_bands,0.0000,0.0000,0.0000,0.0000,0.0000,0,0.0000,0.0000,0.0000,0.0000,0.0000,IDLE,1,0,step_done_latches_cleared,0,0,0.000,0,nan,nan,nan,0.0000,0,5,0.6050,0.5570,0.2743,0.5570,0.0480,本圈台阶完成,1,0.0000,0.150,0.330
3297.064,SEEK_CROSSWALK,49.623,1,3.890,line_loss_hold,0.0000,0.0000,0,line_too_few_bands,0.0000,0.0000,0.0000,0.0000,0.0000,0,0.0000,0.0000,0.0000,0.0000,0.0000,IDLE,1,0,step_done_latches_cleared,0,0,0.000,0,nan,nan,nan,0.0000,0,5,0.6050,0.5570,0.2743,0.5570,0.0480,本圈台阶完成,1,0.0000,0.150,0.330
3297.194,SEEK_CROSSWALK,49.753,1,3.890,line_loss_hold,0.0000,0.0000,0,line_too_few_bands,0.0000,0.0000,0.0000,0.0000,0.0000,0,0.0000,0.0000,0.0000,0.0000,0.0000,IDLE,1,0,step_done_latches_cleared,0,0,0.000,0,nan,nan,nan,0.0000,0,5,0.6050,0.5570,0.2743,0.5570,0.0480,本圈台阶完成,1,0.0000,0.150,0.330
3297.320,SEEK_CROSSWALK,49.879,1,3.890,line_lost_stop,0.0000,0.0000,0,line_too_few_bands,0.0000,0.0000,0.0000,0.0000,0.0000,0,0.0000,0.0000,0.0000,0.0000,0.0000,IDLE,1,0,step_done_latches_cleared,0,0,0.000,0,nan,nan,nan,0.0000,0,5,0.6050,0.5570,0.2743,0.5570,0.0480,本圈台阶完成,1,0.0000,0.150,0.330
3297.454,SEEK_CROSSWALK,50.013,1,3.890,line_lost_stop,0.0000,0.0000,0,line_too_few_bands,0.0000,0.0000,0.0000,0.0000,0.0000,0,0.0000,0.0000,0.0000,0.0000,0.0000,IDLE,1,0,step_done_latches_cleared,0,0,0.000,0,1.5800,nan,0.0488,0.9135,2,5,0.6050,0.5570,0.2743,0.5570,0.0480,本圈台阶完成,1,0.0000,0.150,0.330
3297.579,SEEK_CROSSWALK,50.138,1,3.890,line_lost_stop,0.0000,0.0000,0,line_too_few_bands,0.0000,0.0000,0.0000,0.0000,0.0000,0,0.0000,0.0000,0.0000,0.0000,0.0000,IDLE,1,0,step_done_latches_cleared,0,0,0.000,0,1.5700,nan,0.0525,0.9385,4,5,0.6050,0.5570,0.2743,0.5570,0.0480,本圈台阶完成,1,0.0000,0.150,0.330
3297.705,SEEK_CROSSWALK,50.264,1,3.890,line_lost_stop,0.0000,0.0000,0,line_too_few_bands,0.0000,0.0000,0.0000,0.0000,0.0000,0,0.0000,0.0000,0.0000,0.0000,0.0000,IDLE,1,0,step_done_latches_cleared,0,0,0.000,1,1.5500,nan,0.0519,0.9464,8,5,0.6050,0.5570,0.2743,0.5570,0.0480,本圈台阶完成,1,0.0000,0.150,0.330
3297.830,SEEK_CROSSWALK,50.389,1,3.890,line_lost_stop,0.0000,0.0000,0,line_too_few_bands,0.0000,0.0000,0.0000,0.0000,0.0000,0,0.0000,0.0000,0.0000,0.0000,0.0000,IDLE,1,0,step_done_latches_cleared,0,0,0.000,1,1.5400,nan,0.0520,0.9460,12,5,0.6050,0.5570,0.2743,0.5570,0.0480,本圈台阶完成,1,0.0000,0.150,0.330
3297.962,SEEK_CROSSWALK,50.522,1,3.890,line_lost_stop,0.0000,0.0000,0,line_too_few_bands,0.0000,0.0000,0.0000,0.0000,0.0000,0,0.0000,0.0000,0.0000,0.0000,0.0000,IDLE,1,0,step_done_latches_cleared,0,0,0.000,1,1.5300,nan,0.0515,0.9501,16,5,0.6050,0.5570,0.2743,0.5570,0.0480,本圈台阶完成,1,0.0000,0.150,0.330
3298.099,SEEK_CROSSWALK,50.658,1,3.890,line_lost_stop,0.0000,0.0000,0,line_too_few_bands,0.0000,0.0000,0.0000,0.0000,0.0000,0,0.0000,0.0000,0.0000,0.0000,0.0000,IDLE,1,0,step_done_latches_cleared,0,0,0.000,1,1.5200,nan,0.0507,0.9631,20,5,0.6050,0.5570,0.2743,0.5570,0.0480,本圈台阶完成,1,0.0000,0.150,0.330
3298.222,SEEK_CROSSWALK,50.781,1,3.890,line_lost_stop,0.0000,0.0000,0,line_too_few_bands,0.0000,0.0000,0.0000,0.0000,0.0000,0,0.0000,0.0000,0.0000,0.0000,0.0000,IDLE,1,0,step_done_latches_cleared,0,0,0.000,1,1.5200,nan,0.0519,0.9458,24,5,0.6050,0.5570,0.2743,0.5570,0.0480,本圈台阶完成,1,0.0000,0.150,0.330
3298.350,SEEK_CROSSWALK,50.909,1,3.890,line_lost_stop,0.0000,0.0000,0,line_too_few_bands,0.0000,0.0000,0.0000,0.0000,0.0000,0,0.0000,0.0000,0.0000,0.0000,0.0000,IDLE,1,0,step_done_latches_cleared,0,0,0.000,1,1.5200,nan,0.0504,0.9665,27,5,0.6050,0.5570,0.2743,0.5570,0.0480,本圈台阶完成,1,0.0000,0.150,0.330
3298.495,SEEK_CROSSWALK,51.054,1,3.890,line_lost_stop,0.0000,0.0000,0,line_too_few_bands,0.0000,0.0000,0.0000,0.0000,0.0000,0,0.0000,0.0000,0.0000,0.0000,0.0000,IDLE,1,0,step_done_latches_cleared,0,0,0.000,1,1.5300,nan,0.0509,0.9589,32,5,0.6050,0.5570,0.2743,0.5570,0.0480,本圈台阶完成,1,0.0000,0.150,0.330
3298.632,SEEK_CROSSWALK,51.191,1,3.890,line_lost_stop,0.0000,0.0000,0,line_too_few_bands,0.0000,0.0000,0.0000,0.0000,0.0000,0,0.0000,0.0000,0.0000,0.0000,0.0000,IDLE,1,0,step_done_latches_cleared,0,0,0.000,1,1.5400,nan,0.0505,0.9657,36,5,0.6050,0.5570,0.2743,0.5570,0.0480,本圈台阶完成,1,0.0000,0.150,0.330
3298.758,SEEK_CROSSWALK,51.317,1,3.890,line_lost_stop,0.0000,0.0000,0,line_too_few_bands,0.0000,0.0000,0.0000,0.0000,0.0000,0,0.0000,0.0000,0.0000,0.0000,0.0000,IDLE,1,0,step_done_latches_cleared,0,0,0.000,1,1.5500,nan,0.0505,0.9488,40,5,0.6050,0.5570,0.2743,0.5570,0.0480,本圈台阶完成,1,0.0000,0.150,0.330
3298.889,SEEK_CROSSWALK,51.448,1,3.890,line_lost_stop,0.0000,0.0000,0,line_too_few_bands,0.0000,0.0000,0.0000,0.0000,0.0000,0,0.0000,0.0000,0.0000,0.0000,0.0000,IDLE,1,0,step_done_latches_cleared,0,0,0.000,1,1.5700,nan,0.0523,0.9421,44,5,0.6050,0.5570,0.2743,0.5570,0.0480,本圈台阶完成,1,0.0000,0.150,0.330
3299.023,SEEK_CROSSWALK,51.582,1,3.890,line_lost_stop,0.0000,0.0000,0,line_too_few_bands,0.0000,0.0000,0.0000,0.0000,0.0000,0,0.0000,0.0000,0.0000,0.0000,0.0000,IDLE,1,0,step_done_latches_cleared,0,0,0.000,1,1.5800,nan,0.0508,0.9484,48,5,0.6050,0.5570,0.2743,0.5570,0.0480,本圈台阶完成,1,0.0000,0.150,0.330
3299.174,SEEK_CROSSWALK,51.733,1,3.890,tracking,0.0507,0.3333,1,line_edge_single_rescue,-0.7572,-0.7572,-0.7572,-0.7572,0.3100,1,0.0000,0.0000,0.0000,-0.7572,0.3333,IDLE,1,0,step_done_latches_cleared,0,0,0.000,1,1.5900,nan,0.0494,0.8250,52,5,0.6050,0.5570,0.2743,0.5570,0.0480,本圈台阶完成,1,0.0000,0.150,0.330
3299.310,SEEK_CROSSWALK,51.869,1,3.890,line_bridge_loss,0.0350,0.1680,0,line_too_few_bands,0.0000,0.0000,0.0000,0.0000,0.0000,0,0.0000,0.0000,0.0000,0.0000,0.1680,IDLE,1,0,step_done_latches_cleared,0,0,0.000,0,nan,nan,nan,0.0000,0,5,0.6050,0.5570,0.2743,0.5570,0.0480,本圈台阶完成,1,0.0000,0.150,0.330
3299.445,SEEK_CROSSWALK,52.005,1,3.890,line_bridge_loss,0.0350,0.1680,0,line_too_few_bands,0.0000,0.0000,0.0000,0.0000,0.0000,0,0.0000,0.0000,0.0000,0.0000,0.1680,IDLE,1,0,step_done_latches_cleared,0,0,0.000,0,nan,nan,nan,0.0000,0,5,0.6050,0.5570,0.2743,0.5570,0.0480,本圈台阶完成,1,0.0000,0.150,0.330
3299.575,SEEK_CROSSWALK,52.134,1,3.890,line_bridge_loss,0.0350,0.1680,0,line_too_few_bands,0.0000,0.0000,0.0000,0.0000,0.0000,0,0.0000,0.0000,0.0000,0.0000,0.1680,IDLE,1,0,step_done_latches_cleared,0,0,0.000,0,nan,nan,nan,0.0000,0,5,0.6050,0.5570,0.2743,0.5570,0.0480,本圈台阶完成,1,0.0000,0.150,0.330
3299.744,SEEK_CROSSWALK,52.304,1,3.890,line_loss_hold,0.0000,0.0000,0,line_too_few_bands,0.0000,0.0000,0.0000,0.0000,0.0000,1,0.0000,0.0000,0.0000,0.0000,0.0000,IDLE,1,0,step_done_latches_cleared,0,0,0.000,0,nan,nan,nan,0.0000,0,5,0.6050,0.5570,0.2743,0.5570,0.0480,本圈台阶完成,1,0.0000,0.150,0.330
3299.869,SEEK_CROSSWALK,52.428,1,3.890,tracking,0.0474,0.3117,1,line_curve_center_riding,-0.3914,-0.3823,-0.5344,-0.5344,0.4932,3,0.1522,0.0000,0.1522,-0.4837,0.3117,IDLE,1,0,step_done_latches_cleared,0,0,0.000,0,nan,nan,nan,0.0000,0,5,0.6050,0.5570,0.2743,0.5570,0.0480,本圈台阶完成,1,0.0000,0.150,0.330
3300.001,SEEK_CROSSWALK,52.561,1,3.890,tracking,0.0977,0.4518,1,line_center_tracking,-0.3213,-0.3120,-0.3452,-0.3452,0.3815,2,0.0333,0.0000,0.0333,-0.3341,0.4518,IDLE,1,0,step_done_latches_cleared,0,0,0.000,0,nan,nan,nan,0.0000,0,5,0.6050,0.5570,0.2743,0.5570,0.0480,本圈台阶完成,1,0.0000,0.150,0.330
3300.170,SEEK_CROSSWALK,52.729,1,3.890,tracking,0.1483,0.3602,1,line_curve_center_riding,-0.2460,-0.2331,-0.4491,-0.4491,0.4607,3,0.2160,0.0000,0.2160,-0.3771,0.3602,IDLE,1,0,step_done_latches_cleared,0,0,0.000,0,nan,nan,nan,0.0000,0,5,0.6050,0.5570,0.2743,0.5570,0.0480,本圈台阶完成,1,0.0000,0.150,0.330
3300.298,SEEK_CROSSWALK,52.858,1,3.890,tracking,0.1450,0.2806,1,line_curve_center_riding,-0.1902,-0.1629,-0.6189,-0.6493,0.6399,5,0.4561,0.0304,0.4864,-0.4770,0.2806,IDLE,1,0,step_done_latches_cleared,0,0,0.000,0,nan,nan,nan,0.0000,0,5,0.6050,0.5570,0.2743,0.5570,0.0480,本圈台阶完成,1,0.0000,0.150,0.330
3300.440,SEEK_CROSSWALK,53.000,1,3.890,line_bridge_loss,0.0943,0.1122,0,line_too_few_bands,0.0000,0.0000,0.0000,0.0000,0.0000,1,0.0000,0.0000,0.0000,0.0000,0.1122,IDLE,1,0,step_done_latches_cleared,0,0,0.000,0,nan,nan,nan,0.0000,0,5,0.6050,0.5570,0.2743,0.5570,0.0480,本圈台阶完成,1,0.0000,0.150,0.330
3300.565,SEEK_CROSSWALK,53.124,1,3.890,tracking,0.1417,0.1750,1,line_curve_center_riding,-0.0589,-0.0332,-0.4618,-0.6124,0.7385,6,0.4286,0.1506,0.5792,-0.3691,0.1750,IDLE,1,0,step_done_latches_cleared,0,0,0.000,0,nan,nan,nan,0.0000,0,5,0.6050,0.5570,0.2743,0.5570,0.0480,本圈台阶完成,1,0.0000,0.150,0.330
3300.696,SEEK_CROSSWALK,53.255,1,3.890,tracking,0.1700,0.0868,1,line_curve_center_riding,-0.0058,0.0026,-0.1383,-0.1383,0.5001,3,0.1409,0.0000,0.1409,-0.0913,0.0868,IDLE,1,0,step_done_latches_cleared,0,0,0.000,0,nan,nan,nan,0.0000,0,5,0.6050,0.5570,0.2743,0.5570,0.0480,本圈台阶完成,1,0.0000,0.150,0.330
3300.842,SEEK_CROSSWALK,53.401,1,3.890,tracking,0.1450,0.0386,1,line_curve_center_riding,0.0117,0.0360,-0.3700,-0.3932,0.6595,5,0.4061,0.0232,0.4293,-0.2424,0.0386,IDLE,1,0,step_done_latches_cleared,0,0,0.000,0,nan,nan,nan,0.0000,0,5,0.6050,0.5570,0.2743,0.5570,0.0480,本圈台阶完成,1,0.0000,0.150,0.330
3300.996,SEEK_CROSSWALK,53.556,1,3.890,tracking,0.1450,0.0250,1,line_curve_center_riding,-0.0071,0.0149,-0.3523,-0.6727,0.8323,7,0.3672,0.3204,0.6876,-0.3367,0.0250,IDLE,1,0,step_done_latches_cleared,0,0,0.000,0,nan,nan,nan,0.0000,0,5,0.6050,0.5570,0.2743,0.5570,0.0480,本圈台阶完成,1,0.0000,0.150,0.330
3301.133,SEEK_CROSSWALK,53.693,1,3.890,tracking,0.1450,0.0373,1,line_curve_center_riding,-0.0427,-0.0211,-0.3811,-0.6706,0.7386,6,0.3600,0.2895,0.6495,-0.3576,0.0373,IDLE,1,0,step_done_latches_cleared,0,0,0.000,0,nan,nan,nan,0.0000,0,5,0.6050,0.5570,0.2743,0.5570,0.0480,本圈台阶完成,1,0.0000,0.150,0.330
3301.265,SEEK_CROSSWALK,53.824,1,3.890,tracking,0.1450,0.0870,1,line_curve_center_riding,-0.1205,-0.1009,-0.4283,-0.7057,0.8426,7,0.3275,0.2774,0.6049,-0.4116,0.0870,IDLE,1,0,step_done_latches_cleared,0,0,0.000,0,nan,nan,nan,0.0000,0,5,0.6050,0.5570,0.2743,0.5570,0.0480,本圈台阶完成,1,0.0000,0.150,0.330
3301.399,SEEK_CROSSWALK,53.958,1,3.890,tracking,0.1450,0.1495,1,line_curve_center_riding,-0.1924,-0.1757,-0.4541,-0.6920,0.8489,7,0.2784,0.2379,0.5163,-0.4406,0.1495,IDLE,1,0,step_done_latches_cleared,0,0,0.000,0,nan,nan,nan,0.0000,0,5,0.6050,0.5570,0.2743,0.5570,0.0480,本圈台阶完成,1,0.0000,0.150,0.330
3301.532,SEEK_CROSSWALK,54.091,1,3.890,tracking,0.1700,0.2075,1,line_curve_center_riding,-0.2438,-0.2272,-0.5030,-0.6525,0.7630,6,0.2757,0.1495,0.4252,-0.4609,0.2075,IDLE,1,0,step_done_latches_cleared,0,0,0.000,0,nan,nan,nan,0.0000,0,5,0.6050,0.5570,0.2743,0.5570,0.0480,本圈台阶完成,1,0.0000,0.150,0.330
3301.668,SEEK_CROSSWALK,54.228,1,3.890,tracking,0.1700,0.2637,1,line_curve_center_riding,-0.2944,-0.2799,-0.5209,-0.6408,0.7711,6,0.2410,0.1199,0.3609,-0.4806,0.2637,IDLE,1,0,step_done_latches_cleared,0,0,0.000,0,nan,nan,nan,0.0000,0,5,0.6050,0.5570,0.2743,0.5570,0.0480,本圈台阶完成,1,0.0000,0.150,0.330
3301.808,SEEK_CROSSWALK,54.367,1,3.890,tracking,0.1688,0.3160,1,line_curve_center_riding,-0.3398,-0.3258,-0.5587,-0.7398,0.8617,7,0.2329,0.1811,0.4140,-0.5414,0.3160,IDLE,1,0,step_done_latches_cleared,0,0,0.000,0,nan,nan,nan,0.0000,0,5,0.6050,0.5570,0.2743,0.5570,0.0480,本圈台阶完成,1,0.0000,0.150,0.330
3301.943,SEEK_CROSSWALK,54.503,1,3.890,tracking,0.1598,0.3507,1,line_curve_center_riding,-0.3573,-0.3443,-0.5597,-0.7320,0.8683,7,0.2154,0.1722,0.3876,-0.5453,0.3507,IDLE,1,0,step_done_latches_cleared,0,0,0.000,0,nan,nan,nan,0.0000,0,5,0.6050,0.5570,0.2743,0.5570,0.0480,本圈台阶完成,1,0.0000,0.150,0.330
3302.083,SEEK_CROSSWALK,54.642,1,3.890,tracking,0.1562,0.3646,1,line_curve_center_riding,-0.3522,-0.3410,-0.5287,-0.6786,0.8726,7,0.1878,0.1499,0.3377,-0.5161,0.3646,IDLE,1,0,step_done_latches_cleared,0,0,0.000,0,nan,nan,nan,0.0000,0,5,0.6050,0.5570,0.2743,0.5570,0.0480,本圈台阶完成,1,0.0000,0.150,0.330
3302.214,SEEK_CROSSWALK,54.773,1,3.890,tracking,0.1563,0.3642,1,line_curve_center_riding,-0.3385,-0.3297,-0.4772,-0.6224,0.8750,7,0.1475,0.1452,0.2928,-0.4765,0.3642,IDLE,1,0,step_done_latches_cleared,0,0,0.000,0,nan,nan,nan,0.0000,0,5,0.6050,0.5570,0.2743,0.5570,0.0480,本圈台阶完成,1,0.0000,0.150,0.330
3302.344,SEEK_CROSSWALK,54.903,1,3.890,tracking,0.1600,0.3501,1,line_curve_center_riding,-0.3132,-0.3053,-0.4379,-0.5564,0.9691,8,0.1327,0.1184,0.2511,-0.4332,0.3501,IDLE,1,0,step_done_latches_cleared,0,0,0.000,0,nan,nan,nan,0.0000,0,5,0.6050,0.5570,0.2743,0.5570,0.0480,本圈台阶完成,1,0.0000,0.150,0.330
3302.780,SEEK_CROSSWALK,55.340,1,3.890,tracking,0.1756,0.2893,1,line_center_tracking,-0.2097,-0.1874,-0.2670,-0.3285,0.9709,8,0.0796,0.0616,0.1411,-0.2610,0.2893,IDLE,1,0,step_done_latches_cleared,0,0,0.000,0,nan,nan,nan,0.0000,0,5,0.6050,0.5570,0.2743,0.5570,0.0480,本圈台阶完成,1,0.0000,0.150,0.330
3302.914,SEEK_CROSSWALK,55.473,1,3.890,tracking,0.1960,0.2099,1,line_center_tracking,-0.1299,-0.1126,-0.1745,-0.2316,0.8098,6,0.0619,0.0571,0.1191,-0.1729,0.2099,IDLE,1,0,step_done_latches_cleared,0,0,0.000,0,nan,nan,nan,0.0000,0,5,0.6050,0.5570,0.2743,0.5570,0.0480,本圈台阶完成,1,0.0000,0.150,0.330
3303.051,CROSSWALK_APPROACH,0.000,1,3.890,tracking,0.2328,0.0668,1,line_center_tracking,-0.0619,-0.0424,-0.1119,-0.1791,0.8954,7,0.0695,0.0671,0.1367,-0.1111,0.0668,IDLE,1,0,step_done_latches_cleared,0,0,0.000,0,nan,nan,nan,0.0000,0,5,0.6050,0.5570,0.2743,0.5570,0.0480,本圈台阶完成,1,0.0000,0.150,0.330
3303.190,CROSSWALK_APPROACH,0.139,1,3.890,tracking,0.2341,0.0350,1,line_center_tracking,-0.0070,0.0129,-0.0582,-0.1298,0.9803,8,0.0711,0.0716,0.1427,-0.0583,0.0350,IDLE,1,0,step_done_latches_cleared,0,0,0.000,0,nan,nan,nan,0.0000,0,5,0.6050,0.5570,0.2743,0.5570,0.0480,本圈台阶完成,1,0.0000,0.150,0.330
3303.327,CROSSWALK_APPROACH,0.275,1,3.890,tracking,0.2391,0.0191,1,line_center_tracking,-0.0023,0.0126,-0.0408,-0.0857,0.9015,7,0.0534,0.0449,0.0983,-0.0379,0.0191,IDLE,1,0,step_done_latches_cleared,0,0,0.000,0,nan,nan,nan,0.0000,0,5,0.6050,0.5570,0.2743,0.5570,0.0480,本圈台阶完成,1,0.0000,0.150,0.330
3303.466,CROSSWALK_APPROACH,0.415,1,3.890,tracking,0.2393,0.0125,1,line_center_tracking,-0.0046,0.0091,-0.0401,-0.0869,0.9881,8,0.0492,0.0468,0.0960,-0.0393,0.0125,IDLE,1,0,step_done_latches_cleared,0,0,0.000,0,nan,nan,nan,0.0000,0,5,0.6050,0.5570,0.2743,0.5570,0.0480,本圈台阶完成,1,0.0000,0.150,0.330
3303.603,CROSSWALK_APPROACH,0.551,1,3.890,tracking,0.2407,0.0056,1,line_center_tracking,0.0010,0.0091,-0.0199,0.0483,0.8841,7,0.0290,0.0682,0.0392,0.0125,0.0056,IDLE,1,0,step_done_latches_cleared,0,0,0.000,0,nan,nan,nan,0.0000,0,5,0.6050,0.5570,0.2743,0.5570,0.0480,本圈台阶完成,1,0.0000,0.150,0.330
3303.740,CROSSWALK_APPROACH,0.689,1,3.890,tracking,0.2432,0.0088,1,line_center_tracking,-0.0100,0.0012,-0.0388,0.0063,0.8862,7,0.0400,0.0451,0.0051,-0.0105,0.0088,IDLE,1,0,step_done_latches_cleared,0,0,0.000,0,nan,nan,nan,0.0000,0,5,0.6050,0.5570,0.2743,0.5570,0.0480,本圈台阶完成,1,0.0000,0.150,0.330
3303.874,CROSSWALK_APPROACH,0.822,1,3.890,tracking,0.2432,0.0263,1,line_center_tracking,-0.0383,-0.0297,-0.0605,-0.0634,0.9664,8,0.0308,0.0029,0.0337,-0.0512,0.0263,IDLE,1,0,step_done_latches_cleared,0,0,0.000,0,nan,nan,nan,0.0000,0,5,0.6050,0.5570,0.2743,0.5570,0.0480,本圈台阶完成,1,0.0000,0.150,0.330
3304.009,CROSSWALK_APPROACH,0.958,1,3.890,tracking,0.2414,0.0297,1,line_center_tracking,-0.0317,-0.0176,-0.0680,-0.0887,0.8129,6,0.0504,0.0207,0.0710,-0.0581,0.0297,IDLE,1,0,step_done_latches_cleared,0,0,0.000,0,nan,nan,nan,0.0000,0,5,0.6050,0.5570,0.2743,0.5570,0.0480,本圈台阶完成,1,0.0000,0.150,0.330
3304.156,CROSSWALK_APPROACH,1.104,1,3.890,tracking,0.2420,0.0252,1,line_center_tracking,-0.0202,-0.0078,-0.0522,-0.0799,0.8091,6,0.0444,0.0277,0.0720,-0.0466,0.0252,IDLE,1,0,step_done_latches_cleared,0,0,0.000,0,nan,nan,nan,0.0000,0,5,0.6050,0.5570,0.2743,0.5570,0.0480,本圈台阶完成,1,0.0000,0.150,0.330
3304.296,CROSSWALK_APPROACH,1.244,1,3.890,tracking,0.2401,0.0233,1,line_center_tracking,-0.0198,-0.0036,-0.0614,-0.0786,0.7235,5,0.0578,0.0173,0.0750,-0.0479,0.0233,IDLE,1,0,step_done_latches_cleared,0,0,0.000,0,nan,nan,nan,0.0000,0,5,0.6050,0.5570,0.2743,0.5570,0.0480,本圈台阶完成,1,0.0000,0.150,0.330
3304.436,CROSSWALK_APPROACH,1.384,1,3.890,tracking,0.2397,0.0203,1,line_center_tracking,-0.0162,-0.0025,-0.0514,-0.0955,0.8983,7,0.0488,0.0442,0.0930,-0.0498,0.0203,IDLE,1,0,step_done_latches_cleared,0,0,0.000,0,nan,nan,nan,0.0000,0,5,0.6050,0.5570,0.2743,0.5570,0.0480,本圈台阶完成,1,0.0000,0.150,0.330
3304.593,CROSSWALK_APPROACH,1.542,1,3.890,tracking,0.2425,0.0291,1,line_center_tracking,-0.0338,-0.0239,-0.0592,-0.0861,0.8103,6,0.0353,0.0269,0.0622,-0.0564,0.0291,IDLE,1,0,step_done_latches_cleared,0,0,0.000,0,nan,nan,nan,0.0000,0,5,0.6050,0.5570,0.2743,0.5570,0.0480,本圈台阶完成,1,0.0000,0.150,0.330
3304.760,CROSSWALK_APPROACH,1.708,1,3.890,tracking,0.2323,0.0257,1,line_center_tracking,-0.0216,-0.0032,-0.0689,-0.1623,0.8043,6,0.0657,0.0934,0.1590,-0.0781,0.0257,IDLE,1,0,step_done_latches_cleared,0,0,0.000,0,nan,nan,nan,0.0000,0,5,0.6050,0.5570,0.2743,0.5570,0.0480,本圈台阶完成,1,0.0000,0.150,0.330
3304.922,CROSSWALK_APPROACH,1.871,1,3.890,tracking,0.2420,0.0269,1,line_center_tracking,-0.0257,-0.0142,-0.0553,-0.0859,0.9038,7,0.0412,0.0305,0.0717,-0.0518,0.0269,IDLE,1,0,step_done_latches_cleared,0,0,0.000,0,nan,nan,nan,0.0000,0,5,0.6050,0.5570,0.2743,0.5570,0.0480,本圈台阶完成,1,0.0000,0.150,0.330
3305.085,CROSSWALK_STOP,0.000,1,3.890,crosswalk_stop,0.0000,0.0000,1,line_center_tracking,-0.0264,-0.0167,-0.0511,-0.0803,0.9927,8,0.0344,0.0292,0.0636,-0.0494,0.0000,IDLE,1,0,step_done_latches_cleared,0,0,0.000,0,nan,nan,nan,0.0000,0,5,0.6050,0.5570,0.2743,0.5570,0.0480,本圈台阶完成,1,0.0000,0.150,0.330
3305.239,CROSSWALK_STOP,0.155,1,3.890,crosswalk_stop,0.0000,0.0000,1,line_center_tracking,-0.0272,-0.0181,-0.0506,-0.0774,0.9056,7,0.0325,0.0269,0.0594,-0.0487,0.0000,IDLE,1,0,step_done_latches_cleared,0,0,0.000,0,nan,nan,nan,0.0000,0,5,0.6050,0.5570,0.2743,0.5570,0.0480,本圈台阶完成,1,0.0000,0.150,0.330
3305.388,CROSSWALK_STOP,0.303,1,3.890,crosswalk_stop,0.0000,0.0000,1,line_center_tracking,-0.0154,-0.0132,-0.0210,-0.0595,0.8751,7,0.0078,0.0384,0.0463,-0.0313,0.0000,IDLE,1,0,step_done_latches_cleared,0,0,0.000,0,nan,nan,nan,0.0000,0,5,0.6050,0.5570,0.2743,0.5570,0.0480,本圈台阶完成,1,0.0000,0.150,0.330
3305.535,CROSSWALK_STOP,0.451,1,3.890,crosswalk_stop,0.0000,0.0000,1,line_curve_center_riding,0.1362,0.1437,0.0186,-0.0735,0.7046,5,0.1251,0.0921,0.2172,0.0296,0.0000,IDLE,1,0,step_done_latches_cleared,0,0,0.000,0,nan,nan,nan,0.0000,0,5,0.6050,0.5570,0.2743,0.5570,0.0480,本圈台阶完成,1,0.0000,0.150,0.330
3305.692,CROSSWALK_STOP,0.607,1,3.890,crosswalk_stop,0.0000,0.0000,1,line_center_tracking,-0.0291,-0.0179,-0.0579,-0.0983,0.9917,8,0.0400,0.0404,0.0804,-0.0580,0.0000,IDLE,1,0,step_done_latches_cleared,0,0,0.000,0,nan,nan,nan,0.0000,0,5,0.6050,0.5570,0.2743,0.5570,0.0480,本圈台阶完成,1,0.0000,0.150,0.330
3305.847,CROSSWALK_STOP,0.763,1,3.890,crosswalk_stop,0.0000,0.0000,1,line_center_tracking,-0.0628,-0.0546,-0.0838,-0.1096,0.9937,8,0.0292,0.0258,0.0549,-0.0827,0.0000,IDLE,1,0,step_done_latches_cleared,0,0,0.000,0,nan,nan,nan,0.0000,0,5,0.6050,0.5570,0.2743,0.5570,0.0480,本圈台阶完成,1,0.0000,0.150,0.330
3306.005,CROSSWALK_STOP,0.921,1,3.890,crosswalk_stop,0.0000,0.0000,1,line_center_tracking,-0.0728,-0.0639,-0.0958,-0.1044,0.8181,6,0.0320,0.0085,0.0405,-0.0880,0.0000,IDLE,1,0,step_done_latches_cleared,0,0,0.000,0,nan,nan,nan,0.0000,0,5,0.6050,0.5570,0.2743,0.5570,0.0480,本圈台阶完成,1,0.0000,0.150,0.330
3306.160,CROSSWALK_STOP,1.076,1,3.890,crosswalk_stop,0.0000,0.0000,1,line_center_tracking,-0.0841,-0.0768,-0.1028,-0.1233,0.9945,8,0.0260,0.0205,0.0465,-0.1010,0.0000,IDLE,1,0,step_done_latches_cleared,0,0,0.000,0,nan,nan,nan,0.0000,0,5,0.6050,0.5570,0.2743,0.5570,0.0480,本圈台阶完成,1,0.0000,0.150,0.330
3306.326,CROSSWALK_STOP,1.241,1,3.890,crosswalk_stop,0.0000,0.0000,1,line_center_tracking,-0.0910,-0.0845,-0.1078,-0.1287,0.9949,8,0.0233,0.0209,0.0442,-0.1070,0.0000,IDLE,1,0,step_done_latches_cleared,0,0,0.000,0,nan,nan,nan,0.0000,0,5,0.6050,0.5570,0.2743,0.5570,0.0480,本圈台阶完成,1,0.0000,0.150,0.330
3306.470,CROSSWALK_STOP,1.385,1,3.890,crosswalk_stop,0.0000,0.0000,1,line_center_tracking,0.0470,0.0376,0.0713,0.0713,0.3800,2,0.0338,0.0000,0.0338,0.0601,0.0000,IDLE,1,0,step_done_latches_cleared,0,0,0.000,0,nan,nan,nan,0.0000,0,5,0.6050,0.5570,0.2743,0.5570,0.0480,本圈台阶完成,1,0.0000,0.150,0.330
3306.611,CROSSWALK_STOP,1.526,1,3.890,crosswalk_stop,0.0000,0.0000,1,line_center_tracking,-0.0769,-0.0641,-0.1098,-0.1335,0.9037,7,0.0457,0.0237,0.0694,-0.1024,0.0000,IDLE,1,0,step_done_latches_cleared,0,0,0.000,0,nan,nan,nan,0.0000,0,5,0.6050,0.5570,0.2743,0.5570,0.0480,本圈台阶完成,1,0.0000,0.150,0.330
3306.752,CROSSWALK_STOP,1.667,1,3.890,crosswalk_stop,0.0000,0.0000,1,line_center_tracking,-0.0894,-0.0816,-0.1094,-0.1319,0.9067,7,0.0278,0.0224,0.0502,-0.1076,0.0000,IDLE,1,0,step_done_latches_cleared,0,0,0.000,0,nan,nan,nan,0.0000,0,5,0.6050,0.5570,0.2743,0.5570,0.0480,本圈台阶完成,1,0.0000,0.150,0.330
3306.904,CROSSWALK_STOP,1.819,1,3.890,crosswalk_stop,0.0000,0.0000,1,line_center_tracking,-0.0874,-0.0805,-0.1052,-0.1293,0.9944,8,0.0247,0.0241,0.0488,-0.1050,0.0000,IDLE,1,0,step_done_latches_cleared,0,0,0.000,0,nan,nan,nan,0.0000,0,5,0.6050,0.5570,0.2743,0.5570,0.0480,本圈台阶完成,1,0.0000,0.150,0.330
3307.051,CROSSWALK_STOP,1.966,1,3.890,crosswalk_stop,0.0000,0.0000,1,line_center_tracking,-0.0817,-0.0740,-0.1015,-0.1247,0.9942,8,0.0276,0.0231,0.0507,-0.1001,0.0000,IDLE,1,0,step_done_latches_cleared,0,0,0.000,0,nan,nan,nan,0.0000,0,5,0.6050,0.5570,0.2743,0.5570,0.0480,本圈台阶完成,1,0.0000,0.150,0.330
3307.198,CROSSWALK_STOP,2.113,1,3.890,crosswalk_stop,0.0000,0.0000,1,line_center_tracking,-0.0790,-0.0709,-0.0998,-0.1238,0.9064,7,0.0289,0.0240,0.0529,-0.0981,0.0000,IDLE,1,0,step_done_latches_cleared,0,0,0.000,0,nan,nan,nan,0.0000,0,5,0.6050,0.5570,0.2743,0.5570,0.0480,本圈台阶完成,1,0.0000,0.150,0.330
3307.345,CROSSWALK_STOP,2.260,1,3.890,crosswalk_stop,0.0000,0.0000,1,line_center_tracking,-0.0732,-0.0653,-0.0934,-0.1176,0.9939,8,0.0281,0.0242,0.0523,-0.0921,0.0000,IDLE,1,0,step_done_latches_cleared,0,0,0.000,0,nan,nan,nan,0.0000,0,5,0.6050,0.5570,0.2743,0.5570,0.0480,本圈台阶完成,1,0.0000,0.150,0.330
3307.498,CROSSWALK_STOP,2.414,1,3.890,crosswalk_stop,0.0000,0.0000,1,line_center_tracking,-0.0688,-0.0607,-0.0898,-0.1162,0.9936,8,0.0292,0.0264,0.0556,-0.0889,0.0000,IDLE,1,0,step_done_latches_cleared,0,0,0.000,0,nan,nan,nan,0.0000,0,5,0.6050,0.5570,0.2743,0.5570,0.0480,本圈台阶完成,1,0.0000,0.150,0.330
3307.646,CROSSWALK_STOP,2.561,1,3.890,crosswalk_stop,0.0000,0.0000,1,line_center_tracking,-0.0609,-0.0521,-0.0834,-0.1098,0.9058,7,0.0313,0.0264,0.0577,-0.0818,0.0000,IDLE,1,0,step_done_latches_cleared,0,0,0.000,0,nan,nan,nan,0.0000,0,5,0.6050,0.5570,0.2743,0.5570,0.0480,本圈台阶完成,1,0.0000,0.150,0.330
3307.797,CROSSWALK_STOP,2.712,1,3.890,crosswalk_stop,0.0000,0.0000,1,line_center_tracking,-0.0502,-0.0362,-0.0859,-0.1104,0.9903,8,0.0497,0.0245,0.0741,-0.0775,0.0000,IDLE,1,0,step_done_latches_cleared,0,0,0.000,0,nan,nan,nan,0.0000,0,5,0.6050,0.5570,0.2743,0.5570,0.0480,本圈台阶完成,1,0.0000,0.150,0.330
3307.943,CROSSWALK_STOP,2.858,1,3.890,crosswalk_stop,0.0000,0.0000,1,line_center_tracking,-0.0570,-0.0459,-0.0857,-0.1083,0.9907,8,0.0398,0.0226,0.0624,-0.0799,0.0000,IDLE,1,0,step_done_latches_cleared,0,0,0.000,0,nan,nan,nan,0.0000,0,5,0.6050,0.5570,0.2743,0.5570,0.0480,本圈台阶完成,1,0.0000,0.150,0.330
3308.083,CROSSWALK_STOP,2.998,1,3.890,crosswalk_stop,0.0000,0.0000,1,line_center_tracking,-0.0551,-0.0451,-0.0808,-0.1084,0.8168,6,0.0357,0.0276,0.0633,-0.0781,0.0000,IDLE,1,0,step_done_latches_cleared,0,0,0.000,0,nan,nan,nan,0.0000,0,5,0.6050,0.5570,0.2743,0.5570,0.0480,本圈台阶完成,1,0.0000,0.150,0.330
3308.236,CROSSWALK_STOP,3.151,1,3.890,crosswalk_stop,0.0000,0.0000,1,line_center_tracking,-0.0523,-0.0435,-0.0751,-0.1036,0.9901,8,0.0316,0.0285,0.0601,-0.0741,0.0000,IDLE,1,0,step_done_latches_cleared,0,0,0.000,0,nan,nan,nan,0.0000,0,5,0.6050,0.5570,0.2743,0.5570,0.0480,本圈台阶完成,1,0.0000,0.150,0.330
3308.390,CROSSWALK_STOP,3.305,1,3.890,crosswalk_stop,0.0000,0.0000,1,line_center_tracking,-0.0486,-0.0397,-0.0715,-0.1049,0.9884,8,0.0318,0.0334,0.0652,-0.0720,0.0000,IDLE,1,0,step_done_latches_cleared,0,0,0.000,0,nan,nan,nan,0.0000,0,5,0.6050,0.5570,0.2743,0.5570,0.0480,本圈台阶完成,1,0.0000,0.150,0.330
3308.550,CROSSWALK_STOP,3.465,1,3.890,crosswalk_stop,0.0000,0.0000,1,line_center_tracking,-0.0481,-0.0401,-0.0689,-0.1010,0.9909,8,0.0288,0.0322,0.0610,-0.0700,0.0000,IDLE,1,0,step_done_latches_cleared,0,0,0.000,0,nan,nan,nan,0.0000,0,5,0.6050,0.5570,0.2743,0.5570,0.0480,本圈台阶完成,1,0.0000,0.150,0.330
3308.705,CROSSWALK_STOP,3.620,1,3.890,crosswalk_stop,0.0000,0.0000,1,line_center_tracking,-0.0505,-0.0418,-0.0729,-0.1018,0.9049,7,0.0311,0.0289,0.0600,-0.0722,0.0000,IDLE,1,0,step_done_latches_cleared,0,0,0.000,0,nan,nan,nan,0.0000,0,5,0.6050,0.5570,0.2743,0.5570,0.0480,本圈台阶完成,1,0.0000,0.150,0.330
3308.848,CROSSWALK_STOP,3.763,1,3.890,crosswalk_stop,0.0000,0.0000,1,line_center_tracking,-0.0489,-0.0360,-0.0821,-0.1074,0.9908,8,0.0461,0.0253,0.0714,-0.0752,0.0000,IDLE,1,0,step_done_latches_cleared,0,0,0.000,0,nan,nan,nan,0.0000,0,5,0.6050,0.5570,0.2743,0.5570,0.0480,本圈台阶完成,1,0.0000,0.150,0.330
3309.008,CROSSWALK_STOP,3.924,1,3.890,crosswalk_stop,0.0000,0.0000,1,line_center_tracking,-0.0613,-0.0493,-0.0923,-0.1129,0.9897,8,0.0430,0.0206,0.0636,-0.0848,0.0000,IDLE,1,0,step_done_latches_cleared,0,0,0.000,0,nan,nan,nan,0.0000,0,5,0.6050,0.5570,0.2743,0.5570,0.0480,本圈台阶完成,1,0.0000,0.150,0.330
3309.158,CROSSWALK_STOP,4.073,1,3.890,crosswalk_stop,0.0000,0.0000,1,line_center_tracking,-0.0725,-0.0676,-0.0849,-0.1147,0.9927,8,0.0173,0.0297,0.0470,-0.0891,0.0000,IDLE,1,0,step_done_latches_cleared,0,0,0.000,0,nan,nan,nan,0.0000,0,5,0.6050,0.5570,0.2743,0.5570,0.0480,本圈台阶完成,1,0.0000,0.150,0.330
3309.299,CROSSWALK_STOP,4.214,1,3.890,crosswalk_stop,0.0000,0.0000,1,line_center_tracking,-0.0608,-0.0486,-0.0922,-0.1194,0.9912,8,0.0436,0.0272,0.0708,-0.0867,0.0000,IDLE,1,0,step_done_latches_cleared,0,0,0.000,0,nan,nan,nan,0.0000,0,5,0.6050,0.5570,0.2743,0.5570,0.0480,本圈台阶完成,1,0.0000,0.150,0.330
3309.443,CROSSWALK_STOP,4.358,1,3.890,crosswalk_stop,0.0000,0.0000,1,line_center_tracking,-0.0679,-0.0584,-0.0923,-0.1171,0.9054,7,0.0339,0.0248,0.0587,-0.0893,0.0000,IDLE,1,0,step_done_latches_cleared,0,0,0.000,0,nan,nan,nan,0.0000,0,5,0.6050,0.5570,0.2743,0.5570,0.0480,本圈台阶完成,1,0.0000,0.150,0.330
3309.589,CROSSWALK_STOP,4.504,1,3.890,crosswalk_stop,0.0000,0.0000,1,line_center_tracking,-0.0706,-0.0614,-0.0943,-0.1207,0.9930,8,0.0329,0.0264,0.0593,-0.0922,0.0000,IDLE,1,0,step_done_latches_cleared,0,0,0.000,0,nan,nan,nan,0.0000,0,5,0.6050,0.5570,0.2743,0.5570,0.0480,本圈台阶完成,1,0.0000,0.150,0.330
3309.733,CROSSWALK_STOP,4.648,1,3.890,crosswalk_stop,0.0000,0.0000,1,line_center_tracking,-0.0759,-0.0669,-0.0990,-0.1258,0.9930,8,0.0321,0.0267,0.0589,-0.0972,0.0000,IDLE,1,0,step_done_latches_cleared,0,0,0.000,0,nan,nan,nan,0.0000,0,5,0.6050,0.5570,0.2743,0.5570,0.0480,本圈台阶完成,1,0.0000,0.150,0.330
3309.881,CROSSWALK_STOP,4.797,1,3.890,crosswalk_stop,0.0000,0.0000,1,line_center_tracking,-0.0729,-0.0610,-0.1034,-0.1153,0.8158,6,0.0423,0.0119,0.0542,-0.0932,0.0000,IDLE,1,0,step_done_latches_cleared,0,0,0.000,0,nan,nan,nan,0.0000,0,5,0.6050,0.5570,0.2743,0.5570,0.0480,本圈台阶完成,1,0.0000,0.150,0.330
3310.027,CROSSWALK_STOP,4.942,1,3.890,crosswalk_stop,0.0000,0.0000,1,line_center_tracking,-0.0779,-0.0690,-0.1009,-0.1273,0.9931,8,0.0319,0.0264,0.0583,-0.0990,0.0000,IDLE,1,0,step_done_latches_cleared,0,0,0.000,0,nan,nan,nan,0.0000,0,5,0.6050,0.5570,0.2743,0.5570,0.0480,本圈台阶完成,1,0.0000,0.150,0.330
3310.175,SEEK_FINISH,0.000,1,3.890,tracking,0.0507,0.0814,1,line_center_tracking,-0.0753,-0.0686,-0.0925,-0.1262,0.9901,8,0.0239,0.0337,0.0575,-0.0958,0.0814,IDLE,1,0,step_done_latches_cleared,0,0,0.000,0,nan,nan,nan,0.0000,0,5,0.6050,0.5570,0.2743,0.5570,0.0480,本圈台阶完成,1,0.0000,0.150,0.330
3310.324,SEEK_FINISH,0.149,1,3.890,tracking,0.1013,0.0878,1,line_center_tracking,-0.0865,-0.0832,-0.0948,-0.1266,0.9923,8,0.0116,0.0317,0.0433,-0.1015,0.0878,IDLE,1,0,step_done_latches_cleared,0,0,0.000,0,nan,nan,nan,0.0000,0,5,0.6050,0.5570,0.2743,0.5570,0.0480,本圈台阶完成,1,0.0000,0.150,0.330
3310.467,SEEK_FINISH,0.292,1,3.890,tracking,0.1520,0.0849,1,line_center_tracking,-0.0769,-0.0714,-0.0909,-0.1133,0.9920,8,0.0194,0.0224,0.0418,-0.0919,0.0849,IDLE,1,0,step_done_latches_cleared,0,0,0.000,0,nan,nan,nan,0.0000,0,5,0.6050,0.5570,0.2743,0.5570,0.0480,本圈台阶完成,1,0.0000,0.150,0.330
3310.605,SEEK_FINISH,0.430,1,3.890,tracking,0.2027,0.0749,1,line_center_tracking,-0.0612,-0.0583,-0.0689,-0.1004,0.9064,7,0.0107,0.0315,0.0422,-0.0759,0.0749,IDLE,1,0,step_done_latches_cleared,0,0,0.000,0,nan,nan,nan,0.0000,0,5,0.6050,0.5570,0.2743,0.5570,0.0480,本圈台阶完成,1,0.0000,0.150,0.330
3310.751,SEEK_FINISH,0.576,1,3.890,tracking,0.2356,0.0559,1,line_center_tracking,-0.0355,-0.0294,-0.0512,-0.0753,0.9947,8,0.0218,0.0241,0.0459,-0.0520,0.0559,IDLE,1,0,step_done_latches_cleared,0,0,0.000,0,nan,nan,nan,0.0000,0,5,0.6050,0.5570,0.2743,0.5570,0.0480,本圈台阶完成,1,0.0000,0.150,0.330
3310.901,SEEK_FINISH,0.727,1,3.890,tracking,0.2422,0.0303,1,line_center_tracking,-0.0057,0.0024,-0.0264,-0.0516,0.9007,7,0.0287,0.0253,0.0540,-0.0252,0.0303,IDLE,1,0,step_done_latches_cleared,0,0,0.000,0,nan,nan,nan,0.0000,0,5,0.6050,0.5570,0.2743,0.5570,0.0480,本圈台阶完成,1,0.0000,0.150,0.330
3311.050,SEEK_FINISH,0.876,1,3.890,tracking,0.2450,0.0118,1,line_center_tracking,0.0064,0.0133,-0.0115,-0.0319,0.9949,8,0.0248,0.0204,0.0452,-0.0100,0.0118,IDLE,1,0,step_done_latches_cleared,0,0,0.000,0,nan,nan,nan,0.0000,0,5,0.6050,0.5570,0.2743,0.5570,0.0480,本圈台阶完成,1,0.0000,0.150,0.330
3311.199,SEEK_FINISH,1.024,1,3.890,tracking,0.2445,-0.0053,1,line_center_tracking,0.0204,0.0278,0.0016,-0.0218,0.9040,7,0.0262,0.0233,0.0495,0.0025,-0.0053,IDLE,1,0,step_done_latches_cleared,0,0,0.000,0,nan,nan,nan,0.0000,0,5,0.6050,0.5570,0.2743,0.5570,0.0480,本圈台阶完成,1,0.0000,0.150,0.330
3311.346,SEEK_FINISH,1.171,1,3.890,tracking,0.2452,-0.0126,1,line_center_tracking,0.0191,0.0248,0.0045,-0.0154,0.9955,8,0.0203,0.0199,0.0402,0.0046,-0.0126,IDLE,1,0,step_done_latches_cleared,0,0,0.000,0,nan,nan,nan,0.0000,0,5,0.6050,0.5570,0.2743,0.5570,0.0480,本圈台阶完成,1,0.0000,0.150,0.330
3311.488,SEEK_FINISH,1.313,1,3.890,tracking,0.2438,-0.0190,1,line_center_tracking,0.0234,0.0321,0.0012,-0.0136,0.9940,8,0.0309,0.0148,0.0457,0.0065,-0.0190,IDLE,1,0,step_done_latches_cleared,0,0,0.000,0,nan,nan,nan,0.0000,0,5,0.6050,0.5570,0.2743,0.5570,0.0480,本圈台阶完成,1,0.0000,0.150,0.330
3311.627,SEEK_FINISH,1.452,1,3.890,tracking,0.2455,-0.0173,1,line_center_tracking,0.0154,0.0215,-0.0004,-0.0179,0.9078,7,0.0219,0.0174,0.0394,0.0011,-0.0173,IDLE,1,0,step_done_latches_cleared,0,0,0.000,0,nan,nan,nan,0.0000,0,5,0.6050,0.5570,0.2743,0.5570,0.0480,本圈台阶完成,1,0.0000,0.150,0.330
3311.767,SEEK_FINISH,1.593,1,3.890,tracking,0.2458,-0.0143,1,line_center_tracking,0.0107,0.0167,-0.0045,-0.0207,0.9079,7,0.0211,0.0163,0.0374,-0.0028,-0.0143,IDLE,1,0,step_done_latches_cleared,0,0,0.000,0,nan,nan,nan,0.0000,0,5,0.6050,0.5570,0.2743,0.5570,0.0480,本圈台阶完成,1,0.0000,0.150,0.330
3311.911,SEEK_FINISH,1.736,1,3.890,tracking,0.2456,-0.0117,1,line_center_tracking,0.0086,0.0144,-0.0066,-0.0254,0.9079,7,0.0210,0.0188,0.0398,-0.0058,-0.0117,IDLE,1,0,step_done_latches_cleared,0,0,0.000,0,nan,nan,nan,0.0000,0,5,0.6050,0.5570,0.2743,0.5570,0.0480,本圈台阶完成,1,0.0000,0.150,0.330
3312.047,SEEK_FINISH,1.872,1,3.890,tracking,0.2456,-0.0073,1,line_center_tracking,0.0030,0.0082,-0.0104,-0.0311,0.9082,7,0.0186,0.0207,0.0393,-0.0111,-0.0073,IDLE,1,0,step_done_latches_cleared,0,0,0.000,0,nan,nan,nan,0.0000,0,5,0.6050,0.5570,0.2743,0.5570,0.0480,本圈台阶完成,1,0.0000,0.150,0.330
3312.181,SEEK_FINISH,2.006,1,3.890,tracking,0.2457,-0.0047,1,line_center_tracking,0.0019,0.0064,-0.0094,-0.0321,0.9923,8,0.0158,0.0227,0.0385,-0.0117,-0.0047,IDLE,1,0,step_done_latches_cleared,0,0,0.000,0,nan,nan,nan,0.0000,0,5,0.6050,0.5570,0.2743,0.5570,0.0480,本圈台阶完成,1,0.0000,0.150,0.330
3312.315,SEEK_FINISH,2.140,1,3.890,tracking,0.2455,-0.0002,1,line_center_tracking,-0.0036,0.0014,-0.0164,-0.0388,0.9082,7,0.0178,0.0224,0.0402,-0.0179,-0.0002,IDLE,1,0,step_done_latches_cleared,0,0,0.000,0,nan,nan,nan,0.0000,0,5,0.6050,0.5570,0.2743,0.5570,0.0480,本圈台阶完成,1,0.0000,0.150,0.330
3312.465,SEEK_FINISH,2.290,1,3.890,tracking,0.2461,0.0029,1,line_center_tracking,-0.0056,-0.0006,-0.0185,-0.0358,0.9959,8,0.0178,0.0173,0.0352,-0.0183,0.0029,IDLE,1,0,step_done_latches_cleared,0,0,0.000,0,nan,nan,nan,0.0000,0,5,0.6050,0.5570,0.2743,0.5570,0.0480,本圈台阶完成,1,0.0000,0.150,0.330
3312.659,SEEK_FINISH,2.484,1,3.890,tracking,0.2467,0.0035,1,line_center_tracking,-0.0041,-0.0003,-0.0141,-0.0295,0.9939,8,0.0138,0.0155,0.0293,-0.0146,0.0035,IDLE,1,0,step_done_latches_cleared,0,0,0.000,0,nan,nan,nan,0.0000,0,5,0.6050,0.5570,0.2743,0.5570,0.0480,本圈台阶完成,1,0.0000,0.150,0.330
3312.813,SEEK_FINISH,2.638,1,3.890,tracking,0.2441,0.0004,1,line_center_tracking,0.0022,0.0118,-0.0226,-0.0342,0.9935,8,0.0344,0.0116,0.0460,-0.0150,0.0004,IDLE,1,0,step_done_latches_cleared,0,0,0.000,0,nan,nan,nan,0.0000,0,5,0.6050,0.5570,0.2743,0.5570,0.0480,本圈台阶完成,1,0.0000,0.150,0.330
3312.944,SEEK_FINISH,2.769,1,3.890,tracking,0.2427,-0.0041,1,line_center_tracking,0.0075,0.0195,-0.0233,-0.0328,0.9923,8,0.0428,0.0095,0.0522,-0.0122,-0.0041,IDLE,1,0,step_done_latches_cleared,0,0,0.000,0,nan,nan,nan,0.0000,0,5,0.6050,0.5570,0.2743,0.5570,0.0480,本圈台阶完成,1,0.0000,0.150,0.330
3313.088,FINISH_PASS,0.000,1,3.890,tracking,0.2460,0.0056,1,line_center_tracking,-0.0052,0.0012,-0.0215,-0.0346,0.9955,8,0.0227,0.0131,0.0358,-0.0183,0.0056,IDLE,1,0,step_done_latches_cleared,0,0,0.000,0,nan,nan,nan,0.0000,0,5,0.6050,0.5570,0.2743,0.5570,0.0480,本圈台阶完成,1,0.0000,0.150,0.330
3313.226,FINISH_PASS,0.138,1,3.890,tracking,0.2464,0.0085,1,line_center_tracking,-0.0102,-0.0053,-0.0225,-0.0373,0.9962,8,0.0172,0.0148,0.0320,-0.0217,0.0085,IDLE,1,0,step_done_latches_cleared,0,0,0.000,0,nan,nan,nan,0.0000,0,5,0.6050,0.5570,0.2743,0.5570,0.0480,本圈台阶完成,1,0.0000,0.150,0.330
3313.387,FINISH_PASS,0.299,1,3.890,tracking,0.2468,0.0099,1,line_center_tracking,-0.0105,-0.0058,-0.0227,-0.0348,0.9965,8,0.0168,0.0121,0.0289,-0.0211,0.0099,IDLE,1,0,step_done_latches_cleared,0,0,0.000,0,nan,nan,nan,0.0000,0,5,0.6050,0.5570,0.2743,0.5570,0.0480,本圈台阶完成,1,0.0000,0.150,0.330
3313.527,FINISH_PASS,0.439,1,3.890,tracking,0.2463,0.0145,1,line_center_tracking,-0.0172,-0.0126,-0.0290,-0.0354,0.9940,8,0.0165,0.0064,0.0229,-0.0257,0.0145,IDLE,1,0,step_done_latches_cleared,0,0,0.000,0,nan,nan,nan,0.0000,0,5,0.6050,0.5570,0.2743,0.5570,0.0480,本圈台阶完成,1,0.0000,0.150,0.330
3313.674,FINISH_PASS,0.587,1,3.890,tracking,0.2457,0.0159,1,line_center_tracking,-0.0162,-0.0092,-0.0342,-0.0385,0.9904,8,0.0250,0.0043,0.0293,-0.0273,0.0159,IDLE,1,0,step_done_latches_cleared,0,0,0.000,0,nan,nan,nan,0.0000,0,5,0.6050,0.5570,0.2743,0.5570,0.0480,本圈台阶完成,1,0.0000,0.150,0.330
3313.833,FINISH_PASS,0.746,1,3.890,tracking,0.2451,0.0191,1,line_center_tracking,-0.0204,-0.0194,-0.0232,-0.0363,0.9973,8,0.0038,0.0131,0.0169,-0.0263,0.0191,IDLE,1,0,step_done_latches_cleared,0,0,0.000,0,nan,nan,nan,0.0000,0,5,0.6050,0.5570,0.2743,0.5570,0.0480,本圈台阶完成,1,0.0000,0.150,0.330
3313.986,FINISH_PASS,0.899,1,3.890,tracking,0.2446,0.0116,1,line_center_tracking,-0.0050,0.0038,-0.0276,-0.0339,0.9946,8,0.0314,0.0063,0.0377,-0.0192,0.0116,IDLE,1,0,step_done_latches_cleared,0,0,0.000,0,nan,nan,nan,0.0000,0,5,0.6050,0.5570,0.2743,0.5570,0.0480,本圈台阶完成,1,0.0000,0.150,0.330
3314.148,FINISH_PASS,1.061,1,3.890,tracking,0.2470,0.0104,1,line_center_tracking,-0.0081,-0.0035,-0.0198,-0.0305,0.9966,8,0.0163,0.0107,0.0270,-0.0180,0.0104,IDLE,1,0,step_done_latches_cleared,0,0,0.000,0,nan,nan,nan,0.0000,0,5,0.6050,0.5570,0.2743,0.5570,0.0480,本圈台阶完成,1,0.0000,0.150,0.330
3314.299,FINISH_PASS,1.211,1,3.890,tracking,0.2474,0.0091,1,line_center_tracking,-0.0071,-0.0033,-0.0170,-0.0266,0.9973,8,0.0137,0.0096,0.0233,-0.0156,0.0091,IDLE,1,0,step_done_latches_cleared,0,0,0.000,0,nan,nan,nan,0.0000,0,5,0.6050,0.5570,0.2743,0.5570,0.0480,本圈台阶完成,1,0.0000,0.150,0.330
3314.453,FINISH_PASS,1.366,1,3.890,tracking,0.2468,0.0124,1,line_center_tracking,-0.0141,-0.0145,-0.0131,-0.0244,0.9959,8,0.0014,0.0113,0.0099,-0.0173,0.0124,IDLE,1,0,step_done_latches_cleared,0,0,0.000,0,nan,nan,nan,0.0000,0,5,0.6050,0.5570,0.2743,0.5570,0.0480,本圈台阶完成,1,0.0000,0.150,0.330
3314.602,FINISH_PASS,1.515,1,3.890,tracking,0.2471,0.0115,1,line_center_tracking,-0.0101,-0.0076,-0.0166,-0.0284,0.9974,8,0.0090,0.0118,0.0208,-0.0175,0.0115,IDLE,1,0,step_done_latches_cleared,0,0,0.000,0,nan,nan,nan,0.0000,0,5,0.6050,0.5570,0.2743,0.5570,0.0480,本圈台阶完成,1,0.0000,0.150,0.330
3314.736,FINISH_PASS,1.648,1,3.890,tracking,0.2468,0.0124,1,line_center_tracking,-0.0121,-0.0090,-0.0203,-0.0317,0.9971,8,0.0113,0.0114,0.0227,-0.0203,0.0124,IDLE,1,0,step_done_latches_cleared,0,0,0.000,0,nan,nan,nan,0.0000,0,5,0.6050,0.5570,0.2743,0.5570,0.0480,本圈台阶完成,1,0.0000,0.150,0.330
3314.872,FINISH_PASS,1.784,1,3.890,tracking,0.2456,0.0088,1,line_center_tracking,-0.0053,0.0018,-0.0237,-0.0334,0.9946,8,0.0255,0.0097,0.0352,-0.0184,0.0088,IDLE,1,0,step_done_latches_cleared,0,0,0.000,0,nan,nan,nan,0.0000,0,5,0.6050,0.5570,0.2743,0.5570,0.0480,本圈台阶完成,1,0.0000,0.150,0.330
3314.999,FINISH_PASS,1.912,1,3.890,tracking,0.2456,0.0072,1,line_center_tracking,-0.0052,0.0021,-0.0239,-0.0354,0.9942,8,0.0260,0.0115,0.0375,-0.0191,0.0072,IDLE,1,0,step_done_latches_cleared,0,0,0.000,0,nan,nan,nan,0.0000,0,5,0.6050,0.5570,0.2743,0.5570,0.0480,本圈台阶完成,1,0.0000,0.150,0.330
3315.130,FINISH_PASS,2.043,1,3.890,tracking,0.2446,0.0081,1,line_center_tracking,-0.0080,0.0009,-0.0309,-0.0420,0.9931,8,0.0319,0.0111,0.0429,-0.0240,0.0081,IDLE,1,0,step_done_latches_cleared,0,0,0.000,0,nan,nan,nan,0.0000,0,5,0.6050,0.5570,0.2743,0.5570,0.0480,本圈台阶完成,1,0.0000,0.150,0.330
3315.259,FINISH_PASS,2.172,1,3.890,tracking,0.2458,0.0164,1,line_center_tracking,-0.0217,-0.0174,-0.0330,-0.0482,0.9952,8,0.0156,0.0152,0.0308,-0.0329,0.0164,IDLE,1,0,step_done_latches_cleared,0,0,0.000,0,nan,nan,nan,0.0000,0,5,0.6050,0.5570,0.2743,0.5570,0.0480,本圈台阶完成,1,0.0000,0.150,0.330
3315.411,FINISH_PASS,2.323,1,3.890,tracking,0.2439,0.0239,1,line_center_tracking,-0.0290,-0.0255,-0.0379,-0.0555,0.9955,8,0.0124,0.0176,0.0300,-0.0396,0.0239,IDLE,1,0,step_done_latches_cleared,0,0,0.000,0,nan,nan,nan,0.0000,0,5,0.6050,0.5570,0.2743,0.5570,0.0480,本圈台阶完成,1,0.0000,0.150,0.330
3315.572,FINISH_PASS,2.484,1,3.890,tracking,0.2426,0.0287,1,line_center_tracking,-0.0312,-0.0278,-0.0399,-0.0609,0.9951,8,0.0121,0.0210,0.0331,-0.0429,0.0287,IDLE,1,0,step_done_latches_cleared,0,0,0.000,0,nan,nan,nan,0.0000,0,5,0.6050,0.5570,0.2743,0.5570,0.0480,本圈台阶完成,1,0.0000,0.150,0.330
3315.711,FINISH_PASS,2.623,1,3.890,tracking,0.2422,0.0302,1,line_center_tracking,-0.0296,-0.0269,-0.0366,-0.0596,0.9950,8,0.0097,0.0230,0.0326,-0.0410,0.0302,IDLE,1,0,step_done_latches_cleared,0,0,0.000,0,nan,nan,nan,0.0000,0,5,0.6050,0.5570,0.2743,0.5570,0.0480,本圈台阶完成,1,0.0000,0.150,0.330
3315.856,FINISH_PASS,2.769,1,3.890,tracking,0.2426,0.0287,1,line_center_tracking,-0.0254,-0.0226,-0.0327,-0.0516,0.9956,8,0.0100,0.0189,0.0290,-0.0356,0.0287,IDLE,1,0,step_done_latches_cleared,0,0,0.000,0,nan,nan,nan,0.0000,0,5,0.6050,0.5570,0.2743,0.5570,0.0480,本圈台阶完成,1,0.0000,0.150,0.330
3315.998,FINISH_PASS,2.911,1,3.890,tracking,0.2437,0.0244,1,line_center_tracking,-0.0190,-0.0164,-0.0258,-0.0445,0.9958,8,0.0094,0.0186,0.0281,-0.0289,0.0244,IDLE,1,0,step_done_latches_cleared,0,0,0.000,0,nan,nan,nan,0.0000,0,5,0.6050,0.5570,0.2743,0.5570,0.0480,本圈台阶完成,1,0.0000,0.150,0.330
3316.134,FINISH_PASS,3.046,1,3.890,tracking,0.2458,0.0163,1,line_center_tracking,-0.0083,-0.0054,-0.0158,-0.0421,0.9941,8,0.0105,0.0263,0.0367,-0.0211,0.0163,IDLE,1,0,step_done_latches_cleared,0,0,0.000,0,nan,nan,nan,0.0000,0,5,0.6050,0.5570,0.2743,0.5570,0.0480,本圈台阶完成,1,0.0000,0.150,0.330
3316.270,FINISH_PASS,3.183,1,3.890,tracking,0.2456,0.0077,1,line_center_tracking,0.0004,0.0027,-0.0056,-0.0373,0.9933,8,0.0084,0.0316,0.0400,-0.0134,0.0077,IDLE,1,0,step_done_latches_cleared,0,0,0.000,0,nan,nan,nan,0.0000,0,5,0.6050,0.5570,0.2743,0.5570,0.0480,本圈台阶完成,1,0.0000,0.150,0.330
3316.403,FINISH_PASS,3.315,1,3.890,tracking,0.2448,-0.0008,1,line_center_tracking,0.0083,0.0113,0.0006,-0.0354,0.9039,7,0.0107,0.0360,0.0467,-0.0078,-0.0008,IDLE,1,0,step_done_latches_cleared,0,0,0.000,0,nan,nan,nan,0.0000,0,5,0.6050,0.5570,0.2743,0.5570,0.0480,本圈台阶完成,1,0.0000,0.150,0.330
3316.534,FINISH_PASS,3.447,1,3.890,tracking,0.2441,-0.0071,1,line_center_tracking,0.0124,0.0149,0.0060,-0.0373,0.9912,8,0.0089,0.0433,0.0522,-0.0055,-0.0071,IDLE,1,0,step_done_latches_cleared,0,0,0.000,0,nan,nan,nan,0.0000,0,5,0.6050,0.5570,0.2743,0.5570,0.0480,本圈台阶完成,1,0.0000,0.150,0.330
3316.702,FINISH_PASS,3.614,1,3.890,tracking,0.2444,-0.0095,1,line_center_tracking,0.0114,0.0141,0.0044,-0.0361,0.9920,8,0.0097,0.0405,0.0502,-0.0059,-0.0095,IDLE,1,0,step_done_latches_cleared,0,0,0.000,0,nan,nan,nan,0.0000,0,5,0.6050,0.5570,0.2743,0.5570,0.0480,本圈台阶完成,1,0.0000,0.150,0.330
3316.836,FINISH_PASS,3.749,1,3.890,tracking,0.2417,-0.0074,1,line_center_tracking,0.0055,0.0091,-0.0038,-0.0642,0.9839,8,0.0128,0.0605,0.0733,-0.0196,-0.0074,IDLE,1,0,step_done_latches_cleared,0,0,0.000,0,nan,nan,nan,0.0000,0,5,0.6050,0.5570,0.2743,0.5570,0.0480,本圈台阶完成,1,0.0000,0.150,0.330
3316.967,FINISH_PASS,3.879,1,3.890,tracking,0.2357,-0.0080,1,line_center_tracking,0.0076,0.0093,0.0032,-0.1012,0.9799,8,0.0061,0.1044,0.1105,-0.0295,-0.0080,IDLE,1,0,step_done_latches_cleared,0,0,0.000,0,nan,nan,nan,0.0000,0,5,0.6050,0.5570,0.2743,0.5570,0.0480,本圈台阶完成,1,0.0000,0.150,0.330
3317.106,FINISH_PASS,4.018,1,3.890,tracking,0.2342,-0.0043,1,line_center_tracking,0.0011,-0.0009,0.0061,-0.1092,0.9766,8,0.0070,0.1153,0.1083,-0.0346,-0.0043,IDLE,1,0,step_done_latches_cleared,0,0,0.000,0,nan,nan,nan,0.0000,0,5,0.6050,0.5570,0.2743,0.5570,0.0480,本圈台阶完成,1,0.0000,0.150,0.330
3317.263,FINISH_PASS,4.176,1,3.890,tracking,0.2340,-0.0063,1,line_center_tracking,0.0071,0.0104,-0.0014,-0.1187,0.9790,8,0.0119,0.1173,0.1291,-0.0365,-0.0063,IDLE,1,0,step_done_latches_cleared,0,0,0.000,0,nan,nan,nan,0.0000,0,5,0.6050,0.5570,0.2743,0.5570,0.0480,本圈台阶完成,1,0.0000,0.150,0.330
3317.395,FINISH_PASS,4.308,1,3.890,tracking,0.1837,-0.0110,1,line_curve_center_riding,0.0140,0.0151,-0.0023,-0.1614,0.9721,8,0.0174,0.1591,0.1765,-0.0496,-0.0110,IDLE,1,0,step_done_latches_cleared,0,0,0.000,0,nan,nan,nan,0.0000,0,5,0.6050,0.5570,0.2743,0.5570,0.0480,本圈台阶完成,1,0.0000,0.150,0.330
3317.526,FINISH_PASS,4.438,1,3.890,tracking,0.1700,-0.0127,1,line_curve_center_riding,0.0136,0.0151,-0.0107,-0.2005,0.9674,8,0.0258,0.1898,0.2156,-0.0653,-0.0127,IDLE,1,0,step_done_latches_cleared,0,0,0.000,0,nan,nan,nan,0.0000,0,5,0.6050,0.5570,0.2743,0.5570,0.0480,本圈台阶完成,1,0.0000,0.150,0.330
3317.658,FINISH_PASS,4.570,1,3.890,tracking,0.1700,-0.0113,1,line_curve_center_riding,0.0096,0.0121,-0.0294,-0.1945,0.8900,7,0.0415,0.1651,0.2066,-0.0706,-0.0113,IDLE,1,0,step_done_latches_cleared,0,0,0.000,0,nan,nan,nan,0.0000,0,5,0.6050,0.5570,0.2743,0.5570,0.0480,本圈台阶完成,1,0.0000,0.150,0.330
3317.787,FINISH_PASS,4.700,1,3.890,tracking,0.1700,-0.0121,1,line_curve_center_riding,0.0117,0.0148,-0.0365,-0.3375,0.9491,8,0.0513,0.3010,0.3523,-0.1197,-0.0121,IDLE,1,0,step_done_latches_cleared,0,0,0.000,0,nan,nan,nan,0.0000,0,5,0.6050,0.5570,0.2743,0.5570,0.0480,本圈台阶完成,1,0.0000,0.150,0.330
3317.919,FINISH_PASS,4.832,1,3.890,tracking,0.1700,-0.0020,1,line_curve_center_riding,-0.0060,-0.0017,-0.0736,-0.4008,0.8681,7,0.0719,0.3272,0.3991,-0.1587,-0.0020,IDLE,1,0,step_done_latches_cleared,0,0,0.000,0,nan,nan,nan,0.0000,0,5,0.6050,0.5570,0.2743,0.5570,0.0480,本圈台阶完成,1,0.0000,0.150,0.330
3318.051,FINISH_PASS,4.963,1,3.890,tracking,0.1450,0.0073,1,line_curve_center_riding,-0.0150,-0.0089,-0.1108,-0.5713,0.8479,7,0.1019,0.4605,0.5624,-0.2303,0.0073,IDLE,1,0,step_done_latches_cleared,0,0,0.000,0,nan,nan,nan,0.0000,0,5,0.6050,0.5570,0.2743,0.5570,0.0480,本圈台阶完成,1,0.0000,0.150,0.330
3318.190,FINISH_PASS,5.102,1,3.890,tracking,0.1700,0.0208,1,line_curve_center_riding,-0.0309,-0.0211,-0.1845,-0.4115,0.7750,6,0.1634,0.2269,0.3904,-0.2057,0.0208,IDLE,1,0,step_done_latches_cleared,0,0,0.000,0,nan,nan,nan,0.0000,0,5,0.6050,0.5570,0.2743,0.5570,0.0480,本圈台阶完成,1,0.0000,0.150,0.330
3318.329,FINISH_PASS,5.242,1,3.890,tracking,0.1450,0.0339,1,line_curve_center_riding,-0.0432,-0.0307,-0.2381,-0.4756,0.7688,6,0.2074,0.2375,0.4449,-0.2482,0.0339,IDLE,1,0,step_done_latches_cleared,0,0,0.000,0,nan,nan,nan,0.0000,0,5,0.6050,0.5570,0.2743,0.5570,0.0480,本圈台阶完成,1,0.0000,0.150,0.330
3318.467,FINISH_PASS,5.379,1,3.890,tracking,0.1450,0.0525,1,line_curve_center_riding,-0.0646,-0.0493,-0.3054,-0.5995,0.7560,6,0.2561,0.2941,0.5502,-0.3180,0.0525,IDLE,1,0,step_done_latches_cleared,0,0,0.000,0,nan,nan,nan,0.0000,0,5,0.6050,0.5570,0.2743,0.5570,0.0480,本圈台阶完成,1,0.0000,0.150,0.330
3318.597,FINISH_PASS,5.509,1,3.890,tracking,0.1450,0.0753,1,line_curve_center_riding,-0.0894,-0.0710,-0.3764,-0.4470,0.6765,5,0.3053,0.0706,0.3759,-0.2981,0.0753,IDLE,1,0,step_done_latches_cleared,0,0,0.000,0,nan,nan,nan,0.0000,0,5,0.6050,0.5570,0.2743,0.5570,0.0480,本圈台阶完成,1,0.0000,0.150,0.330
3318.730,FINISH_PASS,5.642,1,3.890,tracking,0.1450,0.0949,1,line_curve_center_riding,-0.1054,-0.0841,-0.4401,-0.5200,0.6695,5,0.3561,0.0799,0.4359,-0.3481,0.0949,IDLE,1,0,step_done_latches_cleared,0,0,0.000,0,nan,nan,nan,0.0000,0,5,0.6050,0.5570,0.2743,0.5570,0.0480,本圈台阶完成,1,0.0000,0.150,0.330
3318.861,FINISH_PASS,5.773,1,3.890,tracking,0.1450,0.1132,1,line_curve_center_riding,-0.1211,-0.0994,-0.4608,-0.5361,0.6673,5,0.3614,0.0753,0.4367,-0.3654,0.1132,IDLE,1,0,step_done_latches_cleared,0,0,0.000,0,nan,nan,nan,0.0000,0,5,0.6050,0.5570,0.2743,0.5570,0.0480,本圈台阶完成,1,0.0000,0.150,0.330
3318.995,FINISHED,0.000,2,3.890,finished,0.0000,0.0000,1,line_curve_center_riding,-0.1492,-0.1258,-0.5156,-0.5908,0.6600,5,0.3898,0.0752,0.4650,-0.4107,0.0000,IDLE,1,0,step_done_latches_cleared,0,0,0.000,0,nan,nan,nan,0.0000,0,5,0.6050,0.5570,0.2743,0.5570,0.0480,本圈台阶完成,1,0.0000,0.150,0.330
3319.127,FINISHED,0.133,2,3.890,finished,0.0000,0.0000,1,line_curve_center_riding,-0.1565,-0.1384,-0.4398,-0.4398,0.5795,4,0.3014,0.0000,0.3014,-0.3393,0.0000,IDLE,1,0,step_done_latches_cleared,0,0,0.000,0,nan,nan,nan,0.0000,0,5,0.6050,0.5570,0.2743,0.5570,0.0480,本圈台阶完成,1,0.0000,0.150,0.330
3319.259,FINISHED,0.265,2,3.890,finished,0.0000,0.0000,1,line_curve_center_riding,-0.1887,-0.1618,-0.6105,-0.6760,0.6502,5,0.4487,0.0655,0.5142,-0.4828,0.0000,IDLE,1,0,step_done_latches_cleared,0,0,0.000,0,nan,nan,nan,0.0000,0,5,0.6050,0.5570,0.2743,0.5570,0.0480,本圈台阶完成,1,0.0000,0.150,0.330
3319.401,FINISHED,0.406,2,3.890,finished,0.0000,0.0000,1,line_curve_center_riding,-0.2309,-0.2095,-0.5672,-0.5672,0.5626,4,0.3577,0.0000,0.3577,-0.4479,0.0000,IDLE,1,0,step_done_latches_cleared,0,0,0.000,0,nan,nan,nan,0.0000,0,5,0.6050,0.5570,0.2743,0.5570,0.0480,本圈台阶完成,1,0.0000,0.150,0.330
3319.567,FINISHED,0.573,2,3.890,finished,0.0000,0.0000,1,line_curve_center_riding,-0.2951,-0.2868,-0.4239,-0.4239,0.4950,3,0.1370,0.0000,0.1370,-0.3782,0.0000,IDLE,1,0,step_done_latches_cleared,0,0,0.000,0,nan,nan,nan,0.0000,0,5,0.6050,0.5570,0.2743,0.5570,0.0480,本圈台阶完成,1,0.0000,0.150,0.330
3319.716,FINISHED,0.721,2,3.890,finished,0.0000,0.0000,1,line_curve_center_riding,-0.3313,-0.3219,-0.4784,-0.4784,0.4890,3,0.1564,0.0000,0.1564,-0.4262,0.0000,IDLE,1,0,step_done_latches_cleared,0,0,0.000,0,nan,nan,nan,0.0000,0,5,0.6050,0.5570,0.2743,0.5570,0.0480,本圈台阶完成,1,0.0000,0.150,0.330
3319.857,FINISHED,0.862,2,3.890,finished,0.0000,0.0000,1,line_curve_center_riding,-0.3398,-0.3297,-0.4977,-0.4977,0.4854,3,0.1680,0.0000,0.1680,-0.4417,0.0000,IDLE,1,0,step_done_latches_cleared,0,0,0.000,0,1.5600,nan,0.0459,0.7981,1,5,0.6050,0.5570,0.2743,0.5570,0.0480,本圈台阶完成,1,0.0000,0.150,0.330
3319.998,FINISHED,1.004,2,3.890,finished,0.0000,0.0000,1,line_curve_center_riding,-0.3256,-0.3161,-0.4751,-0.4751,0.4854,3,0.1590,0.0000,0.1590,-0.4221,0.0000,IDLE,1,0,step_done_latches_cleared,0,0,0.000,0,1.5700,nan,0.0534,0.9175,4,5,0.6050,0.5570,0.2743,0.5570,0.0480,本圈台阶完成,1,0.0000,0.150,0.330
3320.129,FINISHED,1.135,2,3.890,finished,0.0000,0.0000,1,line_curve_center_riding,-0.2920,-0.2811,-0.4628,-0.4628,0.4709,3,0.1818,0.0000,0.1818,-0.4022,0.0000,IDLE,1,0,step_done_latches_cleared,0,0,0.000,1,1.5150,nan,0.0525,0.9289,8,5,0.6050,0.5570,0.2743,0.5570,0.0480,本圈台阶完成,1,0.0000,0.150,0.330
3320.275,FINISHED,1.280,2,3.890,finished,0.0000,0.0000,1,line_curve_center_riding,-0.2598,-0.2387,-0.5903,-0.5903,0.4640,3,0.3516,0.0000,0.3516,-0.4731,0.0000,IDLE,1,0,step_done_latches_cleared,0,0,0.000,1,1.5300,nan,0.0520,0.9466,12,5,0.6050,0.5570,0.2743,0.5570,0.0480,本圈台阶完成,1,0.0000,0.150,0.330
3320.416,FINISHED,1.421,2,3.890,finished,0.0000,0.0000,1,line_curve_center_riding,-0.2322,-0.2107,-0.5686,-0.5686,0.5622,4,0.3579,0.0000,0.3579,-0.4493,0.0000,IDLE,1,0,step_done_latches_cleared,0,0,0.000,1,1.5650,nan,0.0523,0.8990,17,5,0.6050,0.5570,0.2743,0.5570,0.0480,本圈台阶完成,1,0.0000,0.150,0.330
3320.565,FINISHED,1.571,2,3.890,finished,0.0000,0.0000,1,line_curve_center_riding,-0.1744,-0.1542,-0.4907,-0.4907,0.5667,4,0.3366,0.0000,0.3366,-0.3785,0.0000,IDLE,1,0,step_done_latches_cleared,0,0,0.000,1,1.5700,nan,0.0510,0.7875,23,5,0.6050,0.5570,0.2743,0.5570,0.0480,本圈台阶完成,1,0.0000,0.150,0.330
3320.709,FINISHED,1.715,2,3.890,finished,0.0000,0.0000,1,line_curve_center_riding,-0.1459,-0.1188,-0.5703,-0.6630,0.6465,5,0.4515,0.0928,0.5442,-0.4507,0.0000,IDLE,1,0,step_done_latches_cleared,0,0,0.000,0,nan,nan,nan,0.0000,0,5,0.6050,0.5570,0.2743,0.5570,0.0480,本圈台阶完成,1,0.0000,0.150,0.330
3320.864,FINISHED,1.870,2,3.890,finished,0.0000,0.0000,1,line_curve_center_riding,-0.0944,-0.0721,-0.4445,-0.7973,0.7324,6,0.3724,0.3528,0.7252,-0.4380,0.0000,IDLE,1,0,step_done_latches_cleared,0,0,0.000,0,1.5700,nan,0.0497,0.8995,1,5,0.6050,0.5570,0.2743,0.5570,0.0480,本圈台阶完成,1,0.0000,0.150,0.330
3320.998,FINISHED,2.003,2,3.890,finished,0.0000,0.0000,1,line_curve_center_riding,-0.0494,-0.0306,-0.3441,-0.4112,0.6748,5,0.3134,0.0672,0.3806,-0.2620,0.0000,IDLE,1,0,step_done_latches_cleared,0,0,0.000,0,nan,nan,nan,0.0000,0,5,0.6050,0.5570,0.2743,0.5570,0.0480,本圈台阶完成,1,0.0000,0.150,0.330
3321.140,FINISHED,2.145,2,3.890,finished,0.0000,0.0000,1,line_curve_center_riding,0.0171,0.0355,-0.2717,-0.3245,0.5777,4,0.3072,0.0528,0.3600,-0.1869,0.0000,IDLE,1,0,step_done_latches_cleared,0,0,0.000,0,nan,nan,nan,0.0000,0,5,0.6050,0.5570,0.2743,0.5570,0.0480,本圈台阶完成,1,0.0000,0.150,0.330
3321.273,FINISHED,2.278,2,3.890,finished,0.0000,0.0000,1,line_curve_center_riding,0.0002,0.0171,-0.2658,-0.6093,0.7476,6,0.2829,0.3435,0.6264,-0.2860,0.0000,IDLE,1,0,step_done_latches_cleared,0,0,0.000,0,nan,nan,nan,0.0000,0,5,0.6050,0.5570,0.2743,0.5570,0.0480,本圈台阶完成,1,0.0000,0.150,0.330
3321.417,FINISHED,2.423,2,3.890,finished,0.0000,0.0000,1,line_curve_center_riding,0.0054,0.0193,-0.2130,-0.4850,0.7620,6,0.2323,0.2720,0.5044,-0.2262,0.0000,IDLE,1,0,step_done_latches_cleared,0,0,0.000,0,nan,nan,nan,0.0000,0,5,0.6050,0.5570,0.2743,0.5570,0.0480,本圈台阶完成,1,0.0000,0.150,0.330
3321.550,FINISHED,2.555,2,3.890,finished,0.0000,0.0000,1,line_curve_center_riding,0.0125,0.0252,-0.1864,-0.4236,0.7685,6,0.2116,0.2372,0.4488,-0.1949,0.0000,IDLE,1,0,step_done_latches_cleared,0,0,0.000,0,nan,nan,nan,0.0000,0,5,0.6050,0.5570,0.2743,0.5570,0.0480,本圈台阶完成,1,0.0000,0.150,0.330
3321.707,FINISHED,2.713,2,3.890,finished,0.0000,0.0000,1,line_curve_center_riding,0.0143,0.0257,-0.1648,-0.3613,0.7757,6,0.1906,0.1965,0.3870,-0.1668,0.0000,IDLE,1,0,step_done_latches_cleared,0,0,0.000,0,nan,nan,nan,0.0000,0,5,0.6050,0.5570,0.2743,0.5570,0.0480,本圈台阶完成,1,0.0000,0.150,0.330
3321.843,FINISHED,2.849,2,3.890,finished,0.0000,0.0000,1,line_curve_center_riding,0.0161,0.0274,-0.1603,-0.3671,0.7752,6,0.1877,0.2069,0.3945,-0.1667,0.0000,IDLE,1,0,step_done_latches_cleared,0,0,0.000,0,nan,nan,nan,0.0000,0,5,0.6050,0.5570,0.2743,0.5570,0.0480,本圈台阶完成,1,0.0000,0.150,0.330
3321.986,FINISHED,2.992,2,3.890,finished,0.0000,0.0000,1,line_curve_center_riding,-0.0087,-0.0001,-0.1431,-0.3611,0.6801,5,0.1430,0.2180,0.3610,-0.1681,0.0000,IDLE,1,0,step_done_latches_cleared,0,0,0.000,0,nan,nan,nan,0.0000,0,5,0.6050,0.5570,0.2743,0.5570,0.0480,本圈台阶完成,1,0.0000,0.150,0.330
3322.127,FINISHED,3.133,2,3.890,finished,0.0000,0.0000,1,line_curve_center_riding,0.0009,0.0100,-0.1428,-0.3134,0.7830,6,0.1529,0.1706,0.3235,-0.1487,0.0000,IDLE,1,0,step_done_latches_cleared,0,0,0.000,0,nan,nan,nan,0.0000,0,5,0.6050,0.5570,0.2743,0.5570,0.0480,本圈台阶完成,1,0.0000,0.150,0.330
3322.269,FINISHED,3.274,2,3.890,finished,0.0000,0.0000,1,line_curve_center_riding,0.0237,0.0347,-0.1489,-0.1924,0.6992,5,0.1837,0.0434,0.2271,-0.1022,0.0000,IDLE,1,0,step_done_latches_cleared,0,0,0.000,0,nan,nan,nan,0.0000,0,5,0.6050,0.5570,0.2743,0.5570,0.0480,本圈台阶完成,1,0.0000,0.150,0.330
3322.406,FINISHED,3.412,2,3.890,finished,0.0000,0.0000,1,line_curve_center_riding,0.0181,0.0296,-0.1610,-0.3785,0.7735,6,0.1905,0.2176,0.4081,-0.1700,0.0000,IDLE,1,0,step_done_latches_cleared,0,0,0.000,0,nan,nan,nan,0.0000,0,5,0.6050,0.5570,0.2743,0.5570,0.0480,本圈台阶完成,1,0.0000,0.150,0.330
3322.546,FINISHED,3.551,2,3.890,finished,0.0000,0.0000,1,line_curve_center_riding,-0.0044,0.0058,-0.1651,-0.3563,0.7795,6,0.1710,0.1911,0.3621,-0.1719,0.0000,IDLE,1,0,step_done_latches_cleared,0,0,0.000,0,nan,nan,nan,0.0000,0,5,0.6050,0.5570,0.2743,0.5570,0.0480,本圈台阶完成,1,0.0000,0.150,0.330
3322.681,FINISHED,3.687,2,3.890,finished,0.0000,0.0000,1,line_curve_center_riding,-0.0152,-0.0056,-0.1646,-0.3806,0.7754,6,0.1589,0.2161,0.3750,-0.1836,0.0000,IDLE,1,0,step_done_latches_cleared,0,0,0.000,0,nan,nan,nan,0.0000,0,5,0.6050,0.5570,0.2743,0.5570,0.0480,本圈台阶完成,1,0.0000,0.150,0.330
3322.831,FINISHED,3.836,2,3.890,finished,0.0000,0.0000,1,line_curve_center_riding,0.0182,0.0312,-0.1857,-0.4006,0.7704,6,0.2170,0.2149,0.4319,-0.1850,0.0000,IDLE,1,0,step_done_latches_cleared,0,0,0.000,0,nan,nan,nan,0.0000,0,5,0.6050,0.5570,0.2743,0.5570,0.0480,本圈台阶完成,1,0.0000,0.150,0.330
3322.970,FINISHED,3.976,2,3.890,finished,0.0000,0.0000,1,line_curve_center_riding,-0.0034,0.0103,-0.2185,-0.4611,0.7655,6,0.2288,0.2426,0.4714,-0.2231,0.0000,IDLE,1,0,step_done_latches_cleared,0,0,0.000,0,nan,nan,nan,0.0000,0,5,0.6050,0.5570,0.2743,0.5570,0.0480,本圈台阶完成,1,0.0000,0.150,0.330
3323.103,FINISHED,4.109,2,3.890,finished,0.0000,0.0000,1,line_curve_center_riding,-0.0100,0.0057,-0.2553,-0.5085,0.7577,6,0.2610,0.2532,0.5142,-0.2527,0.0000,IDLE,1,0,step_done_latches_cleared,0,0,0.000,0,nan,nan,nan,0.0000,0,5,0.6050,0.5570,0.2743,0.5570,0.0480,本圈台阶完成,1,0.0000,0.150,0.330
3323.255,FINISHED,4.261,2,3.890,finished,0.0000,0.0000,1,line_curve_center_riding,-0.0323,-0.0174,-0.2653,-0.3121,0.6881,5,0.2479,0.0468,0.2947,-0.1982,0.0000,IDLE,1,0,step_done_latches_cleared,0,0,0.000,0,nan,nan,nan,0.0000,0,5,0.6050,0.5570,0.2743,0.5570,0.0480,本圈台阶完成,1,0.0000,0.150,0.330
3323.400,FINISHED,4.405,2,3.890,finished,0.0000,0.0000,1,line_curve_center_riding,-0.0363,-0.0215,-0.2685,-0.3051,0.6855,5,0.2471,0.0366,0.2836,-0.1984,0.0000,IDLE,1,0,step_done_latches_cleared,0,0,0.000,0,nan,nan,nan,0.0000,0,5,0.6050,0.5570,0.2743,0.5570,0.0480,本圈台阶完成,1,0.0000,0.150,0.330
3323.531,FINISHED,4.537,2,3.890,finished,0.0000,0.0000,1,line_curve_center_riding,-0.0484,-0.0309,-0.3232,-0.3791,0.6777,5,0.2923,0.0559,0.3482,-0.2444,0.0000,IDLE,1,0,step_done_latches_cleared,0,0,0.000,0,nan,nan,nan,0.0000,0,5,0.6050,0.5570,0.2743,0.5570,0.0480,本圈台阶完成,1,0.0000,0.150,0.330
3323.666,FINISHED,4.671,2,3.890,finished,0.0000,0.0000,1,line_curve_center_riding,-0.0615,-0.0410,-0.3823,-0.4588,0.6676,5,0.3413,0.0765,0.4178,-0.2940,0.0000,IDLE,1,0,step_done_latches_cleared,0,0,0.000,0,nan,nan,nan,0.0000,0,5,0.6050,0.5570,0.2743,0.5570,0.0480,本圈台阶完成,1,0.0000,0.150,0.330
3323.802,FINISHED,4.807,2,3.890,finished,0.0000,0.0000,1,line_curve_center_riding,-0.0736,-0.0537,-0.3856,-0.4568,0.6707,5,0.3319,0.0712,0.4031,-0.2987,0.0000,IDLE,1,0,step_done_latches_cleared,0,0,0.000,0,nan,nan,nan,0.0000,0,5,0.6050,0.5570,0.2743,0.5570,0.0480,本圈台阶完成,1,0.0000,0.150,0.330
3323.941,FINISHED,4.946,2,3.890,finished,0.0000,0.0000,1,line_curve_center_riding,-0.0855,-0.0654,-0.4009,-0.4856,0.6687,5,0.3355,0.0848,0.4203,-0.3173,0.0000,IDLE,1,0,step_done_latches_cleared,0,0,0.000,0,nan,nan,nan,0.0000,0,5,0.6050,0.5570,0.2743,0.5570,0.0480,本圈台阶完成,1,0.0000,0.150,0.330
3324.077,FINISHED,5.083,2,3.890,finished,0.0000,0.0000,1,line_curve_center_riding,-0.1146,-0.0888,-0.5196,-0.6285,0.6508,5,0.4309,0.1088,0.5397,-0.4123,0.0000,IDLE,1,0,step_done_latches_cleared,0,0,0.000,0,nan,nan,nan,0.0000,0,5,0.6050,0.5570,0.2743,0.5570,0.0480,本圈台阶完成,1,0.0000,0.150,0.330
3324.215,FINISHED,5.221,2,3.890,finished,0.0000,0.0000,1,line_curve_center_riding,-0.1280,-0.1023,-0.5308,-0.6209,0.6495,5,0.4285,0.0901,0.5186,-0.4180,0.0000,IDLE,1,0,step_done_latches_cleared,0,0,0.000,0,nan,nan,nan,0.0000,0,5,0.6050,0.5570,0.2743,0.5570,0.0480,本圈台阶完成,1,0.0000,0.150,0.330
3324.363,FINISHED,5.368,2,3.890,finished,0.0000,0.0000,1,line_curve_center_riding,-0.1734,-0.1483,-0.5663,-0.6485,0.6568,5,0.4180,0.0821,0.5002,-0.4544,0.0000,IDLE,1,0,step_done_latches_cleared,0,0,0.000,0,nan,nan,nan,0.0000,0,5,0.6050,0.5570,0.2743,0.5570,0.0480,本圈台阶完成,1,0.0000,0.150,0.330
3324.519,FINISHED,5.524,2,3.890,finished,0.0000,0.0000,1,line_curve_center_riding,-0.1664,-0.1393,-0.5901,-0.6692,0.5437,4,0.4508,0.0790,0.5298,-0.4662,0.0000,IDLE,1,0,step_done_latches_cleared,0,0,0.000,0,nan,nan,nan,0.0000,0,5,0.6050,0.5570,0.2743,0.5570,0.0480,本圈台阶完成,1,0.0000,0.150,0.330
3324.656,FINISHED,5.661,2,3.890,finished,0.0000,0.0000,1,line_curve_center_riding,-0.1711,-0.1535,-0.4471,-0.4471,0.5817,4,0.2936,0.0000,0.2936,-0.3492,0.0000,IDLE,1,0,step_done_latches_cleared,0,0,0.000,0,nan,nan,nan,0.0000,0,5,0.6050,0.5570,0.2743,0.5570,0.0480,本圈台阶完成,1,0.0000,0.150,0.330
3324.788,FINISHED,5.793,2,3.890,finished,0.0000,0.0000,1,line_curve_center_riding,-0.1139,-0.0923,-0.4518,-0.4518,0.4617,3,0.3595,0.0000,0.3595,-0.3320,0.0000,IDLE,1,0,step_done_latches_cleared,0,0,0.000,0,nan,nan,nan,0.0000,0,5,0.6050,0.5570,0.2743,0.5570,0.0480,本圈台阶完成,1,0.0000,0.150,0.330
3324.926,FINISHED,5.932,2,3.890,finished,0.0000,0.0000,1,line_curve_center_riding,-0.1748,-0.1484,-0.5891,-0.6786,0.6500,5,0.4407,0.0895,0.5302,-0.4720,0.0000,IDLE,1,0,step_done_latches_cleared,0,0,0.000,0,nan,nan,nan,0.0000,0,5,0.6050,0.5570,0.2743,0.5570,0.0480,本圈台阶完成,1,0.0000,0.150,0.330
3325.094,FINISHED,6.099,2,3.890,finished,0.0000,0.0000,1,line_curve_center_riding,-0.1660,-0.1389,-0.5906,-0.6831,0.6474,5,0.4517,0.0925,0.5442,-0.4709,0.0000,IDLE,1,0,step_done_latches_cleared,0,0,0.000,0,nan,nan,nan,0.0000,0,5,0.6050,0.5570,0.2743,0.5570,0.0480,本圈台阶完成,1,0.0000,0.150,0.330
3325.232,FINISHED,6.237,2,3.890,finished,0.0000,0.0000,1,line_curve_center_riding,-0.1574,-0.1414,-0.4080,-0.4080,0.5861,4,0.2666,0.0000,0.2666,-0.3191,0.0000,IDLE,1,0,step_done_latches_cleared,0,0,0.000,0,nan,nan,nan,0.0000,0,5,0.6050,0.5570,0.2743,0.5570,0.0480,本圈台阶完成,1,0.0000,0.150,0.330
3325.365,FINISHED,6.370,2,3.890,finished,0.0000,0.0000,1,line_curve_center_riding,-0.1520,-0.1257,-0.5648,-0.6622,0.6490,5,0.4391,0.0974,0.5365,-0.4509,0.0000,IDLE,1,0,step_done_latches_cleared,0,0,0.000,0,nan,nan,nan,0.0000,0,5,0.6050,0.5570,0.2743,0.5570,0.0480,本圈台阶完成,1,0.0000,0.150,0.330
3325.499,FINISHED,6.504,2,3.890,finished,0.0000,0.0000,1,line_curve_center_riding,-0.1324,-0.1077,-0.5199,-0.6137,0.6552,5,0.4122,0.0938,0.5060,-0.4138,0.0000,IDLE,1,0,step_done_latches_cleared,0,0,0.000,0,nan,nan,nan,0.0000,0,5,0.6050,0.5570,0.2743,0.5570,0.0480,本圈台阶完成,1,0.0000,0.150,0.330
3325.648,FINISHED,6.653,2,3.890,finished,0.0000,0.0000,1,line_curve_center_riding,-0.1209,-0.0983,-0.4754,-0.5567,0.6619,5,0.3771,0.0813,0.4584,-0.3768,0.0000,IDLE,1,0,step_done_latches_cleared,0,0,0.000,0,nan,nan,nan,0.0000,0,5,0.6050,0.5570,0.2743,0.5570,0.0480,本圈台阶完成,1,0.0000,0.150,0.330
3325.802,FINISHED,6.808,2,3.890,finished,0.0000,0.0000,1,line_curve_center_riding,-0.1088,-0.0958,-0.3122,-0.3122,0.5969,4,0.2163,0.0000,0.2163,-0.2400,0.0000,IDLE,1,0,step_done_latches_cleared,0,0,0.000,0,nan,nan,nan,0.0000,0,5,0.6050,0.5570,0.2743,0.5570,0.0480,本圈台阶完成,1,0.0000,0.150,0.330
3325.938,FINISHED,6.943,2,3.890,finished,0.0000,0.0000,1,line_curve_center_riding,-0.0917,-0.0706,-0.4233,-0.5003,0.6663,5,0.3527,0.0770,0.4297,-0.3314,0.0000,IDLE,1,0,step_done_latches_cleared,0,0,0.000,0,nan,nan,nan,0.0000,0,5,0.6050,0.5570,0.2743,0.5570,0.0480,本圈台阶完成,1,0.0000,0.150,0.330
3326.074,FINISHED,7.079,2,3.890,finished,0.0000,0.0000,1,line_curve_center_riding,-0.0746,-0.0539,-0.3984,-0.4733,0.6670,5,0.3445,0.0748,0.4194,-0.3085,0.0000,IDLE,1,0,step_done_latches_cleared,0,0,0.000,0,nan,nan,nan,0.0000,0,5,0.6050,0.5570,0.2743,0.5570,0.0480,本圈台阶完成,1,0.0000,0.150,0.330
3326.208,FINISHED,7.213,2,3.890,finished,0.0000,0.0000,1,line_curve_center_riding,-0.0559,-0.0359,-0.3694,-0.4332,0.6683,5,0.3335,0.0638,0.3973,-0.2795,0.0000,IDLE,1,0,step_done_latches_cleared,0,0,0.000,0,nan,nan,nan,0.0000,0,5,0.6050,0.5570,0.2743,0.5570,0.0480,本圈台阶完成,1,0.0000,0.150,0.330
3326.340,FINISHED,7.346,2,3.890,finished,0.0000,0.0000,1,line_curve_center_riding,-0.0419,-0.0212,-0.3661,-0.4463,0.6678,5,0.3449,0.0802,0.4251,-0.2778,0.0000,IDLE,1,0,step_done_latches_cleared,0,0,0.000,0,nan,nan,nan,0.0000,0,5,0.6050,0.5570,0.2743,0.5570,0.0480,本圈台阶完成,1,0.0000,0.150,0.330
3326.475,FINISHED,7.480,2,3.890,finished,0.0000,0.0000,1,line_curve_center_riding,-0.0270,-0.0081,-0.3236,-0.6091,0.6550,5,0.3155,0.2855,0.6011,-0.3136,0.0000,IDLE,1,0,step_done_latches_cleared,0,0,0.000,0,nan,nan,nan,0.0000,0,5,0.6050,0.5570,0.2743,0.5570,0.0480,本圈台阶完成,1,0.0000,0.150,0.330
3326.604,FINISHED,7.610,2,3.890,finished,0.0000,0.0000,1,line_curve_center_riding,-0.0476,-0.0311,-0.3062,-0.6191,0.7513,6,0.2752,0.3128,0.5880,-0.3188,0.0000,IDLE,1,0,step_done_latches_cleared,0,0,0.000,0,nan,nan,nan,0.0000,0,5,0.6050,0.5570,0.2743,0.5570,0.0480,本圈台阶完成,1,0.0000,0.150,0.330
3326.738,FINISHED,7.744,2,3.890,finished,0.0000,0.0000,1,line_curve_center_riding,-0.0198,-0.0027,-0.2873,-0.6261,0.7469,6,0.2846,0.3389,0.6234,-0.3054,0.0000,IDLE,1,0,step_done_latches_cleared,0,0,0.000,0,nan,nan,nan,0.0000,0,5,0.6050,0.5570,0.2743,0.5570,0.0480,本圈台阶完成,1,0.0000,0.150,0.330
3326.824,FINISHED,7.830,2,3.890,finished,0.0000,0.0000,1,line_curve_center_riding,-0.0146,0.0011,-0.2603,-0.5424,0.7563,6,0.2614,0.2821,0.5435,-0.2672,0.0000,IDLE,1,0,step_done_latches_cleared,0,0,0.000,0,nan,nan,nan,0.0000,0,5,0.6050,0.5570,0.2743,0.5570,0.0480,本圈台阶完成,1,0.0000,0.150,0.330
3326.937,FINISHED,7.942,2,3.890,finished,0.0000,0.0000,1,line_curve_center_riding,-0.0146,0.0000,-0.2442,-0.4898,0.7627,6,0.2442,0.2457,0.4899,-0.2446,0.0000,IDLE,1,0,step_done_latches_cleared,0,0,0.000,0,nan,nan,nan,0.0000,0,5,0.6050,0.5570,0.2743,0.5570,0.0480,本圈台阶完成,1,0.0000,0.150,0.330
3327.100,FINISHED,8.105,2,3.890,finished,0.0000,0.0000,1,line_curve_center_riding,-0.0072,0.0072,-0.2324,-0.4953,0.7616,6,0.2395,0.2630,0.5025,-0.2402,0.0000,IDLE,1,0,step_done_latches_cleared,0,0,0.000,0,nan,nan,nan,0.0000,0,5,0.6050,0.5570,0.2743,0.5570,0.0480,本圈台阶完成,1,0.0000,0.150,0.330
