t,phase,phase_age,lap,seek_distance,roundabout_gate_score,roundabout_gate_evidence,roundabout_gate_source,first_roundabout_gate_seek,mode,cmd_v,cmd_w,line_valid,line_reason,line_error,near_error,mid_error,far_error,line_confidence,valid_bands,near_mid_delta,mid_far_delta,near_far_delta,center_error,last_cmd_w,step_state,step_done_this_lap,step_waiting_alignment,step_align_reason,step_fixed_latched,step_reverse_active,step_candidate_evidence,step_detected,step_distance,step_filtered_distance,step_height,step_confidence,step_confirm_frames,step_required_frames,step_target_travel,step_commanded_traveled,step_odom_traveled,step_trigger_traveled,step_remaining,step_stop_reason,odom_fresh,yaw_error,jump_profile_min,jump_profile_max
4146.702,SEEK_ROUNDABOUT,1.087,0,0.000,0.0000,0.0000,none,,camera_timeout,0.0000,0.0000,0,,nan,nan,nan,nan,0.0000,0,nan,nan,nan,nan,0.0000,IDLE,0,0,waiting_detection,0,0,0.000,0,nan,nan,nan,0.0000,0,5,0.0000,0.0000,0.0000,0.0000,0.0000,等待台阶,1,0.0000,0.150,0.330
4146.768,SEEK_ROUNDABOUT,1.153,0,0.000,0.0000,0.0000,none,,camera_timeout,0.0000,0.0000,0,,nan,nan,nan,nan,0.0000,0,nan,nan,nan,nan,0.0000,IDLE,0,0,waiting_detection,0,0,0.000,0,nan,nan,nan,0.0000,0,5,0.0000,0.0000,0.0000,0.0000,0.0000,等待台阶,1,0.0000,0.150,0.330
4146.834,SEEK_ROUNDABOUT,1.220,0,0.000,0.0000,0.0000,none,,camera_timeout,0.0000,0.0000,0,,nan,nan,nan,nan,0.0000,0,nan,nan,nan,nan,0.0000,IDLE,0,0,waiting_detection,0,0,0.000,0,nan,nan,nan,0.0000,0,5,0.0000,0.0000,0.0000,0.0000,0.0000,等待台阶,1,0.0000,0.150,0.330
4146.901,SEEK_ROUNDABOUT,1.287,0,0.000,0.0000,0.0000,none,,camera_timeout,0.0000,0.0000,0,,nan,nan,nan,nan,0.0000,0,nan,nan,nan,nan,0.0000,IDLE,0,0,waiting_detection,0,0,0.000,0,nan,nan,nan,0.0000,0,5,0.0000,0.0000,0.0000,0.0000,0.0000,等待台阶,1,0.0000,0.150,0.330
4146.968,SEEK_ROUNDABOUT,1.353,0,0.000,0.0000,0.0000,none,,camera_timeout,0.0000,0.0000,0,,nan,nan,nan,nan,0.0000,0,nan,nan,nan,nan,0.0000,IDLE,0,0,waiting_detection,0,0,0.000,0,nan,nan,nan,0.0000,0,5,0.0000,0.0000,0.0000,0.0000,0.0000,等待台阶,1,0.0000,0.150,0.330
4147.034,SEEK_ROUNDABOUT,1.420,0,0.000,0.0000,0.0000,none,,camera_timeout,0.0000,0.0000,0,,nan,nan,nan,nan,0.0000,0,nan,nan,nan,nan,0.0000,IDLE,0,0,waiting_detection,0,0,0.000,0,nan,nan,nan,0.0000,0,5,0.0000,0.0000,0.0000,0.0000,0.0000,等待台阶,1,0.0000,0.150,0.330
4147.101,SEEK_ROUNDABOUT,1.487,0,0.000,0.0000,0.0000,none,,camera_timeout,0.0000,0.0000,0,,nan,nan,nan,nan,0.0000,0,nan,nan,nan,nan,0.0000,IDLE,0,0,waiting_detection,0,0,0.000,0,nan,nan,nan,0.0000,0,5,0.0000,0.0000,0.0000,0.0000,0.0000,等待台阶,1,0.0000,0.150,0.330
4147.168,SEEK_ROUNDABOUT,1.554,0,0.000,0.0000,0.0000,none,,camera_timeout,0.0000,0.0000,0,,nan,nan,nan,nan,0.0000,0,nan,nan,nan,nan,0.0000,IDLE,0,0,waiting_detection,0,0,0.000,0,nan,nan,nan,0.0000,0,5,0.0000,0.0000,0.0000,0.0000,0.0000,等待台阶,1,0.0000,0.150,0.330
4147.235,SEEK_ROUNDABOUT,1.621,0,0.000,0.0000,0.0000,none,,camera_timeout,0.0000,0.0000,0,,nan,nan,nan,nan,0.0000,0,nan,nan,nan,nan,0.0000,IDLE,0,0,waiting_detection,0,0,0.000,0,nan,nan,nan,0.0000,0,5,0.0000,0.0000,0.0000,0.0000,0.0000,等待台阶,1,0.0000,0.150,0.330
4147.302,SEEK_ROUNDABOUT,1.687,0,0.000,0.0000,0.0000,none,,camera_timeout,0.0000,0.0000,0,,nan,nan,nan,nan,0.0000,0,nan,nan,nan,nan,0.0000,IDLE,0,0,waiting_detection,0,0,0.000,0,nan,nan,nan,0.0000,0,5,0.0000,0.0000,0.0000,0.0000,0.0000,等待台阶,1,0.0000,0.150,0.330
4147.369,SEEK_ROUNDABOUT,1.754,0,0.000,0.0000,0.0000,none,,camera_timeout,0.0000,0.0000,0,,nan,nan,nan,nan,0.0000,0,nan,nan,nan,nan,0.0000,IDLE,0,0,waiting_detection,0,0,0.000,0,nan,nan,nan,0.0000,0,5,0.0000,0.0000,0.0000,0.0000,0.0000,等待台阶,1,0.0000,0.150,0.330
4147.435,SEEK_ROUNDABOUT,1.820,0,0.000,0.0000,0.0000,none,,camera_timeout,0.0000,0.0000,0,,nan,nan,nan,nan,0.0000,0,nan,nan,nan,nan,0.0000,IDLE,0,0,waiting_detection,0,0,0.000,0,nan,nan,nan,0.0000,0,5,0.0000,0.0000,0.0000,0.0000,0.0000,等待台阶,1,0.0000,0.150,0.330
4147.502,SEEK_ROUNDABOUT,1.887,0,0.000,0.0000,0.0000,none,,camera_timeout,0.0000,0.0000,0,,nan,nan,nan,nan,0.0000,0,nan,nan,nan,nan,0.0000,IDLE,0,0,waiting_detection,0,0,0.000,0,nan,nan,nan,0.0000,0,5,0.0000,0.0000,0.0000,0.0000,0.0000,等待台阶,1,0.0000,0.150,0.330
4147.568,SEEK_ROUNDABOUT,1.954,0,0.000,0.0000,0.0000,none,,camera_timeout,0.0000,0.0000,0,,nan,nan,nan,nan,0.0000,0,nan,nan,nan,nan,0.0000,IDLE,0,0,waiting_detection,0,0,0.000,0,nan,nan,nan,0.0000,0,5,0.0000,0.0000,0.0000,0.0000,0.0000,等待台阶,1,0.0000,0.150,0.330
4147.635,SEEK_ROUNDABOUT,2.021,0,0.000,0.0000,0.0000,none,,camera_timeout,0.0000,0.0000,0,,nan,nan,nan,nan,0.0000,0,nan,nan,nan,nan,0.0000,IDLE,0,0,waiting_detection,0,0,0.000,0,nan,nan,nan,0.0000,0,5,0.0000,0.0000,0.0000,0.0000,0.0000,等待台阶,1,0.0000,0.150,0.330
4147.702,SEEK_ROUNDABOUT,2.087,0,0.000,0.0000,0.0000,none,,camera_timeout,0.0000,0.0000,0,,nan,nan,nan,nan,0.0000,0,nan,nan,nan,nan,0.0000,IDLE,0,0,waiting_detection,0,0,0.000,0,nan,nan,nan,0.0000,0,5,0.0000,0.0000,0.0000,0.0000,0.0000,等待台阶,1,0.0000,0.150,0.330
4147.768,SEEK_ROUNDABOUT,2.154,0,0.000,0.0000,0.0000,none,,camera_timeout,0.0000,0.0000,0,,nan,nan,nan,nan,0.0000,0,nan,nan,nan,nan,0.0000,IDLE,0,0,waiting_detection,0,0,0.000,0,nan,nan,nan,0.0000,0,5,0.0000,0.0000,0.0000,0.0000,0.0000,等待台阶,1,0.0000,0.150,0.330
4147.835,SEEK_ROUNDABOUT,2.221,0,0.000,0.0000,0.0000,none,,camera_timeout,0.0000,0.0000,0,,nan,nan,nan,nan,0.0000,0,nan,nan,nan,nan,0.0000,IDLE,0,0,waiting_detection,0,0,0.000,0,nan,nan,nan,0.0000,0,5,0.0000,0.0000,0.0000,0.0000,0.0000,等待台阶,1,0.0000,0.150,0.330
4147.902,SEEK_ROUNDABOUT,2.287,0,0.000,0.0000,0.0000,none,,camera_timeout,0.0000,0.0000,0,,nan,nan,nan,nan,0.0000,0,nan,nan,nan,nan,0.0000,IDLE,0,0,waiting_detection,0,0,0.000,0,nan,nan,nan,0.0000,0,5,0.0000,0.0000,0.0000,0.0000,0.0000,等待台阶,1,0.0000,0.150,0.330
4147.968,SEEK_ROUNDABOUT,2.354,0,0.000,0.0000,0.0000,none,,camera_timeout,0.0000,0.0000,0,,nan,nan,nan,nan,0.0000,0,nan,nan,nan,nan,0.0000,IDLE,0,0,waiting_detection,0,0,0.000,0,nan,nan,nan,0.0000,0,5,0.0000,0.0000,0.0000,0.0000,0.0000,等待台阶,1,0.0000,0.150,0.330
4148.035,SEEK_ROUNDABOUT,2.421,0,0.000,0.0000,0.0000,none,,camera_timeout,0.0000,0.0000,0,,nan,nan,nan,nan,0.0000,0,nan,nan,nan,nan,0.0000,IDLE,0,0,waiting_detection,0,0,0.000,0,nan,nan,nan,0.0000,0,5,0.0000,0.0000,0.0000,0.0000,0.0000,等待台阶,1,0.0000,0.150,0.330
4148.102,SEEK_ROUNDABOUT,2.487,0,0.000,0.0000,0.0000,none,,camera_timeout,0.0000,0.0000,0,,nan,nan,nan,nan,0.0000,0,nan,nan,nan,nan,0.0000,IDLE,0,0,waiting_detection,0,0,0.000,0,nan,nan,nan,0.0000,0,5,0.0000,0.0000,0.0000,0.0000,0.0000,等待台阶,1,0.0000,0.150,0.330
4148.168,SEEK_ROUNDABOUT,0.000,0,0.000,0.0000,0.0000,none,,tracking,0.0507,-0.0676,1,line_curve_center_riding,0.0626,0.0643,0.0355,-0.1495,0.9665,8,0.0288,0.1850,0.2138,-0.0166,-0.0676,IDLE,0,0,step_zone_before_min seek=0.00<1.25,0,0,0.000,0,nan,nan,nan,0.0000,0,5,0.0000,0.0000,0.0000,0.0000,0.0000,等待台阶,1,0.0000,0.150,0.330
4148.321,SEEK_ROUNDABOUT,0.153,0,0.000,0.0000,0.0000,none,,tracking,0.1013,-0.0665,1,line_curve_center_riding,0.0607,0.0623,0.0348,-0.1490,0.9654,8,0.0275,0.1838,0.2114,-0.0173,-0.0665,IDLE,0,0,step_zone_before_min seek=0.00<1.25,0,0,0.000,0,nan,nan,nan,0.0000,0,5,0.0000,0.0000,0.0000,0.0000,0.0000,等待台阶,1,0.0000,0.150,0.330
4148.401,SEEK_ROUNDABOUT,0.233,0,0.001,0.0000,0.0000,none,,tracking,0.1317,-0.0718,1,line_curve_center_riding,0.0699,0.0717,0.0431,-0.1644,0.9617,8,0.0286,0.2075,0.2361,-0.0166,-0.0718,IDLE,0,0,step_zone_before_min seek=0.00<1.25,0,0,0.000,0,nan,nan,nan,0.0000,0,5,0.0000,0.0000,0.0000,0.0000,0.0000,等待台阶,1,0.0000,0.150,0.330
4148.490,SEEK_ROUNDABOUT,0.322,0,0.003,0.0000,0.0000,none,,tracking,0.1653,-0.0685,1,line_curve_center_riding,0.0617,0.0635,0.0340,-0.1734,0.9622,8,0.0295,0.2073,0.2368,-0.0253,-0.0685,IDLE,0,0,step_zone_before_min seek=0.00<1.25,0,0,0.000,0,nan,nan,nan,0.0000,0,5,0.0000,0.0000,0.0000,0.0000,0.0000,等待台阶,1,0.0000,0.150,0.330
4148.594,SEEK_ROUNDABOUT,0.426,0,0.006,0.0000,0.0000,none,,tracking,0.1700,-0.0457,1,line_curve_center_riding,0.0253,0.0272,-0.0046,-0.1814,0.9682,8,0.0318,0.1768,0.2086,-0.0529,-0.0457,IDLE,0,0,step_zone_before_min seek=0.00<1.25,0,0,0.000,0,nan,nan,nan,0.0000,0,5,0.0000,0.0000,0.0000,0.0000,0.0000,等待台阶,1,0.0000,0.150,0.330
4148.731,SEEK_ROUNDABOUT,0.563,0,0.008,0.0000,0.0000,none,,tracking,0.2207,-0.0052,1,line_center_tracking,-0.0300,-0.0211,-0.0529,-0.1767,0.8922,7,0.0319,0.1238,0.1556,-0.0836,-0.0052,IDLE,0,0,step_zone_before_min seek=0.01<1.25,0,0,0.000,0,nan,nan,nan,0.0000,0,5,0.0000,0.0000,0.0000,0.0000,0.0000,等待台阶,1,0.0000,0.150,0.330
4149.189,SEEK_ROUNDABOUT,1.021,0,0.019,0.0000,0.0000,none,,tracking,0.1700,-0.0096,1,line_curve_center_riding,0.0086,0.0104,-0.0203,-0.2211,0.9630,8,0.0307,0.2008,0.2315,-0.0770,-0.0096,IDLE,0,0,step_zone_before_min seek=0.01<1.25,0,0,0.000,0,nan,nan,nan,0.0000,0,5,0.0000,0.0000,0.0000,0.0000,0.0000,等待台阶,1,0.0000,0.150,0.330
4149.424,SEEK_ROUNDABOUT,1.256,0,0.031,0.0000,0.0000,none,,tracking,0.1700,0.0042,1,line_curve_center_riding,-0.0160,-0.0141,-0.0467,-0.2240,0.9679,8,0.0326,0.1774,0.2100,-0.0949,0.0042,IDLE,0,0,step_zone_before_min seek=0.02<1.25,0,0,0.000,0,nan,nan,nan,0.0000,0,5,0.0000,0.0000,0.0000,0.0000,0.0000,等待台阶,1,0.0000,0.150,0.330
4149.598,SEEK_ROUNDABOUT,1.429,0,0.052,0.0000,0.0000,none,,tracking,0.2207,0.0393,1,line_center_tracking,-0.0663,-0.0549,-0.0956,-0.2153,0.8946,7,0.0407,0.1197,0.1604,-0.1220,0.0393,IDLE,0,0,step_zone_before_min seek=0.03<1.25,0,0,0.000,0,nan,nan,nan,0.0000,0,5,0.0000,0.0000,0.0000,0.0000,0.0000,等待台阶,1,0.0000,0.150,0.330
4149.798,SEEK_ROUNDABOUT,1.629,0,0.087,0.0000,0.0000,none,,tracking,0.1700,-0.0073,1,line_curve_center_riding,0.0439,0.0472,-0.0082,-0.2976,0.9509,8,0.0554,0.2895,0.3448,-0.0862,-0.0073,IDLE,0,0,step_zone_before_min seek=0.05<1.25,0,0,0.000,0,nan,nan,nan,0.0000,0,5,0.0000,0.0000,0.0000,0.0000,0.0000,等待台阶,1,0.0000,0.150,0.330
4149.998,SEEK_ROUNDABOUT,1.829,0,0.134,0.0000,0.0000,none,,tracking,0.1700,-0.0138,1,line_curve_center_riding,0.0211,0.0260,-0.0555,-0.3006,0.8787,7,0.0815,0.2451,0.3266,-0.1100,-0.0138,IDLE,0,0,step_zone_before_min seek=0.09<1.25,0,0,0.000,0,nan,nan,nan,0.0000,0,5,0.0000,0.0000,0.0000,0.0000,0.0000,等待台阶,1,0.0000,0.150,0.330
4150.237,SEEK_ROUNDABOUT,2.069,0,0.200,0.0000,0.0000,none,,tracking,0.1700,0.0057,1,line_curve_center_riding,-0.0217,-0.0144,-0.1367,-0.2897,0.7909,6,0.1223,0.1530,0.2753,-0.1469,0.0057,IDLE,0,0,step_zone_before_min seek=0.13<1.25,0,0,0.000,0,nan,nan,nan,0.0000,0,5,0.0000,0.0000,0.0000,0.0000,0.0000,等待台阶,1,0.0000,0.150,0.330
4150.417,SEEK_ROUNDABOUT,2.249,0,0.263,0.0000,0.0000,none,,tracking,0.1700,0.0067,1,line_curve_center_riding,-0.0080,0.0034,-0.1856,-0.3959,0.7722,6,0.1890,0.2103,0.3993,-0.1927,0.0067,IDLE,0,0,step_zone_before_min seek=0.20<1.25,0,0,0.000,0,nan,nan,nan,0.0000,0,5,0.0000,0.0000,0.0000,0.0000,0.0000,等待台阶,1,0.0000,0.150,0.330
4150.561,SEEK_ROUNDABOUT,2.393,0,0.299,0.0000,0.0000,none,,tracking,0.1450,-0.0086,1,line_curve_center_riding,0.0200,0.0389,-0.2763,-0.5866,0.7423,6,0.3152,0.3103,0.6255,-0.2747,-0.0086,IDLE,0,0,step_zone_before_min seek=0.26<1.25,0,0,0.000,0,nan,nan,nan,0.0000,0,5,0.0000,0.0000,0.0000,0.0000,0.0000,等待台阶,1,0.0000,0.150,0.330
4150.691,SEEK_ROUNDABOUT,2.523,0,0.358,0.0000,0.0000,none,,tracking,0.1450,0.0309,1,line_curve_center_riding,-0.0583,-0.0365,-0.3996,-0.4834,0.6637,5,0.3631,0.0839,0.4470,-0.3065,0.0309,IDLE,0,0,step_zone_before_min seek=0.30<1.25,0,0,0.000,0,nan,nan,nan,0.0000,0,5,0.0000,0.0000,0.0000,0.0000,0.0000,等待台阶,1,0.0000,0.150,0.330
4150.819,SEEK_ROUNDABOUT,2.651,0,0.408,0.0000,0.0000,none,,tracking,0.1700,0.1339,1,line_curve_center_riding,-0.2078,-0.1928,-0.4428,-0.4428,0.5857,4,0.2499,0.0000,0.2499,-0.3595,0.1339,IDLE,0,0,step_zone_before_min seek=0.36<1.25,0,0,0.000,0,nan,nan,nan,0.0000,0,5,0.0000,0.0000,0.0000,0.0000,0.0000,等待台阶,1,0.0000,0.150,0.330
4150.929,SEEK_ROUNDABOUT,2.761,0,0.446,0.0000,0.0000,none,,tracking,0.1700,0.2980,1,line_curve_center_riding,-0.4082,-0.3994,-0.5474,-0.5474,0.4890,3,0.1480,0.0000,0.1480,-0.4981,0.2980,IDLE,0,0,step_zone_before_min seek=0.41<1.25,0,0,0.000,0,nan,nan,nan,0.0000,0,5,0.0000,0.0000,0.0000,0.0000,0.0000,等待台阶,1,0.0000,0.150,0.330
4151.061,SEEK_ROUNDABOUT,2.893,0,0.495,0.0000,0.0000,none,,tracking,0.1475,0.3986,1,line_curve_center_riding,-0.4665,-0.4573,-0.6113,-0.6113,0.4877,3,0.1541,0.0000,0.1541,-0.5600,0.3986,IDLE,0,0,step_zone_before_min seek=0.45<1.25,0,0,0.000,0,nan,nan,nan,0.0000,0,5,0.0000,0.0000,0.0000,0.0000,0.0000,等待台阶,1,0.0000,0.150,0.330
4151.189,SEEK_ROUNDABOUT,3.021,0,0.537,0.0000,0.0000,none,,tracking,0.1050,0.5001,1,line_hard_turn_centering,-0.5531,-0.5505,-0.5758,-0.5758,0.4039,2,0.0253,0.0000,0.0253,-0.5674,0.5001,IDLE,0,0,step_zone_before_min seek=0.49<1.25,0,0,0.000,0,nan,nan,nan,0.0000,0,5,0.0000,0.0000,0.0000,0.0000,0.0000,等待台阶,1,0.0000,0.150,0.330
4151.314,SEEK_ROUNDABOUT,3.146,0,0.579,0.0000,0.0000,none,,tracking,0.1050,0.5320,1,line_hard_turn_centering,-0.5278,-0.5255,-0.5484,-0.5484,0.4106,2,0.0229,0.0000,0.0229,-0.5407,0.5320,IDLE,0,0,step_zone_before_min seek=0.54<1.25,0,0,0.000,0,nan,nan,nan,0.0000,0,5,0.0000,0.0000,0.0000,0.0000,0.0000,等待台阶,1,0.0000,0.150,0.330
4151.427,SEEK_ROUNDABOUT,3.259,0,0.604,0.0000,0.0000,none,,line_bridge_loss,0.0623,0.2513,0,line_too_few_bands,0.0000,0.0000,0.0000,0.0000,0.0000,1,0.0000,0.0000,0.0000,0.0000,0.2513,IDLE,0,0,step_zone_before_min seek=0.58<1.25,0,0,0.000,0,1.4300,nan,0.0452,0.8757,1,5,0.0000,0.0000,0.0000,0.0000,0.0000,等待台阶,1,0.0000,0.150,0.330
4151.533,SEEK_ROUNDABOUT,3.365,0,0.631,0.0000,0.0000,none,,line_bridge_loss,0.0350,0.2128,0,line_too_few_bands,0.0000,0.0000,0.0000,0.0000,0.0000,1,0.0000,0.0000,0.0000,0.0000,0.2128,IDLE,0,0,step_zone_before_min seek=0.60<1.25,0,0,0.000,0,1.4000,nan,0.0440,0.8722,4,5,0.0000,0.0000,0.0000,0.0000,0.0000,等待台阶,1,0.0000,0.150,0.330
4151.648,SEEK_ROUNDABOUT,3.479,0,0.658,0.0000,0.0000,none,,line_bridge_loss,0.0350,0.2128,0,line_too_few_bands,0.0000,0.0000,0.0000,0.0000,0.0000,1,0.0000,0.0000,0.0000,0.0000,0.2128,IDLE,0,0,step_zone_before_min seek=0.63<1.25,0,0,0.000,1,1.3900,nan,0.0459,0.9179,7,5,0.0000,0.0000,0.0000,0.0000,0.0000,等待台阶,1,0.0000,0.150,0.330
4151.760,SEEK_ROUNDABOUT,3.592,0,0.684,0.0000,0.0000,none,,tracking,0.0777,0.4665,1,line_curve_center_riding,-0.3756,-0.3618,-0.5928,-0.5928,0.2960,2,0.2310,0.0000,0.2310,-0.5158,0.4665,IDLE,0,0,step_zone_before_min seek=0.66<1.25,0,0,0.000,1,1.4700,nan,0.0501,0.9718,10,5,0.0000,0.0000,0.0000,0.0000,0.0000,等待台阶,1,0.0000,0.150,0.330
4151.867,SEEK_ROUNDABOUT,3.699,0,0.702,0.0000,0.0000,none,,tracking,0.1184,0.4050,1,line_curve_center_riding,-0.3276,-0.3130,-0.5574,-0.5574,0.2856,2,0.2445,0.0000,0.2445,-0.4759,0.4050,IDLE,0,0,step_zone_before_min seek=0.68<1.25,0,0,0.000,1,1.4300,nan,0.0489,0.9573,12,5,0.0000,0.0000,0.0000,0.0000,0.0000,等待台阶,1,0.0000,0.150,0.330
4151.985,SEEK_ROUNDABOUT,3.817,0,0.719,0.0000,0.0000,none,,tracking,0.1535,0.3754,1,line_curve_center_riding,-0.3184,-0.3030,-0.5594,-0.5594,0.2764,2,0.2564,0.0000,0.2564,-0.4739,0.3754,IDLE,0,0,step_zone_before_min seek=0.70<1.25,0,0,0.000,1,1.4000,nan,0.0497,0.9531,15,5,0.0000,0.0000,0.0000,0.0000,0.0000,等待台阶,1,0.0000,0.150,0.330
4152.117,SEEK_ROUNDABOUT,3.949,0,0.736,0.0000,0.0000,none,,line_bridge_loss,0.1032,0.1501,0,line_too_few_bands,0.0000,0.0000,0.0000,0.0000,0.0000,1,0.0000,0.0000,0.0000,0.0000,0.1501,IDLE,0,0,step_zone_before_min seek=0.72<1.25,0,0,0.000,1,1.4900,nan,0.0502,0.9500,18,5,0.0000,0.0000,0.0000,0.0000,0.0000,等待台阶,1,0.0000,0.150,0.330
4152.226,SEEK_ROUNDABOUT,4.058,0,0.746,0.0000,0.0000,none,,tracking,0.1372,0.4211,1,line_curve_center_riding,-0.4577,-0.4473,-0.6204,-0.6204,0.3668,2,0.1731,0.0000,0.1731,-0.5627,0.4211,IDLE,0,0,step_zone_before_min seek=0.74<1.25,0,0,0.000,1,1.2500,nan,0.0497,0.9679,20,5,0.0000,0.0000,0.0000,0.0000,0.0000,等待台阶,1,0.0000,0.150,0.330
4152.342,SEEK_ROUNDABOUT,4.174,0,0.754,0.0000,0.0000,none,,tracking,0.1395,0.4296,1,line_curve_center_riding,-0.3938,-0.3836,-0.5533,-0.5533,0.3689,2,0.1697,0.0000,0.1697,-0.4967,0.4296,IDLE,0,0,step_zone_before_min seek=0.75<1.25,0,0,0.000,1,1.4200,nan,0.0478,0.9431,23,5,0.0000,0.0000,0.0000,0.0000,0.0000,等待台阶,1,0.0000,0.150,0.330
4152.448,SEEK_ROUNDABOUT,4.280,0,0.755,0.0000,0.0000,none,,line_bridge_loss,0.0992,0.1719,0,line_too_few_bands,0.0000,0.0000,0.0000,0.0000,0.0000,1,0.0000,0.0000,0.0000,0.0000,0.1719,IDLE,0,0,step_zone_before_min seek=0.75<1.25,0,0,0.000,1,1.2200,nan,0.0471,0.9335,26,5,0.0000,0.0000,0.0000,0.0000,0.0000,等待台阶,1,0.0000,0.150,0.330
4152.578,SEEK_ROUNDABOUT,4.409,0,0.760,0.0000,0.0000,none,,tracking,0.1450,0.1478,1,line_recenter_transition,0.1105,0.1169,-0.2016,-0.2016,0.3111,2,0.3185,0.0000,0.3185,-0.0955,0.1478,IDLE,0,0,step_zone_before_min seek=0.75<1.25,0,0,0.000,1,1.4300,nan,0.0509,0.9614,29,5,0.0000,0.0000,0.0000,0.0000,0.0000,等待台阶,1,0.0000,0.150,0.330
4152.683,SEEK_ROUNDABOUT,4.514,0,0.766,0.0000,0.0000,none,,tracking,0.1700,0.0059,1,line_recenter_transition,0.1131,0.1184,-0.1437,-0.1437,0.4559,3,0.2621,0.0000,0.2621,-0.0563,0.0059,IDLE,0,0,step_zone_before_min seek=0.76<1.25,0,0,0.000,1,1.4200,nan,0.0515,0.9529,32,5,0.0000,0.0000,0.0000,0.0000,0.0000,等待台阶,1,0.0000,0.150,0.330
4152.801,SEEK_ROUNDABOUT,4.633,0,0.771,0.0000,0.0000,none,,tracking,0.1450,-0.1511,1,line_recenter_transition,0.2768,0.2865,-0.1966,-0.6078,0.4859,4,0.4831,0.4112,0.8943,-0.1726,-0.1511,IDLE,0,0,step_zone_before_min seek=0.77<1.25,0,0,0.000,1,1.4900,nan,0.0504,0.9672,36,5,0.0000,0.0000,0.0000,0.0000,0.0000,等待台阶,1,0.0000,0.150,0.330
4152.918,SEEK_ROUNDABOUT,4.749,0,0.775,0.0000,0.0000,none,,tracking,0.1450,-0.2169,1,line_recenter_transition,0.2677,0.2776,-0.2167,-0.6441,0.5968,5,0.4943,0.4275,0.9217,-0.1944,-0.2169,IDLE,0,0,step_zone_before_min seek=0.77<1.25,0,0,0.000,1,1.3500,nan,0.0505,0.9657,40,5,0.0000,0.0000,0.0000,0.0000,0.0000,等待台阶,1,0.0000,0.150,0.330
4153.036,SEEK_ROUNDABOUT,4.868,0,0.778,0.0000,0.0000,none,,tracking,0.1450,-0.2442,1,line_recenter_transition,0.2554,0.2646,-0.1966,-0.5985,0.6054,5,0.4612,0.4019,0.8631,-0.1768,-0.2442,IDLE,0,0,step_zone_before_min seek=0.78<1.25,0,0,0.000,1,1.3500,nan,0.0559,0.7960,45,5,0.0000,0.0000,0.0000,0.0000,0.0000,等待台阶,1,0.0000,0.150,0.330
4153.169,SEEK_ROUNDABOUT,5.001,0,0.778,0.0000,0.0000,none,,tracking,0.1450,-0.2317,1,line_recenter_transition,0.2084,0.2169,-0.2060,-0.2785,0.5482,4,0.4228,0.0725,0.4954,-0.0892,-0.2317,IDLE,0,0,step_zone_before_min seek=0.78<1.25,0,0,0.000,0,nan,nan,nan,0.0000,0,5,0.0000,0.0000,0.0000,0.0000,0.0000,等待台阶,1,0.0000,0.150,0.330
4153.282,SEEK_ROUNDABOUT,5.114,0,0.780,0.0000,0.0000,none,,tracking,0.1450,-0.1977,1,line_recenter_transition,0.1567,0.1659,-0.2935,-0.3767,0.5394,4,0.4594,0.0832,0.5426,-0.1681,-0.1977,IDLE,0,0,step_zone_before_min seek=0.78<1.25,0,0,0.000,0,nan,nan,nan,0.0000,0,5,0.0000,0.0000,0.0000,0.0000,0.0000,等待台阶,1,0.0000,0.150,0.330
4153.404,SEEK_ROUNDABOUT,5.236,0,0.785,0.0000,0.0000,none,,tracking,0.1450,-0.1041,1,line_curve_center_riding,0.0207,0.0379,-0.2482,-0.2482,0.4657,3,0.2860,0.0000,0.2860,-0.1528,-0.1041,IDLE,0,0,step_zone_before_min seek=0.78<1.25,0,0,0.000,0,nan,nan,nan,0.0000,0,5,0.0000,0.0000,0.0000,0.0000,0.0000,等待台阶,1,0.0000,0.150,0.330
4153.530,SEEK_ROUNDABOUT,5.362,0,0.791,0.0000,0.0000,none,,tracking,0.1450,-0.0248,1,line_curve_center_riding,-0.0479,-0.0294,-0.3386,-0.3386,0.5642,4,0.3092,0.0000,0.3092,-0.2355,-0.0248,IDLE,0,0,step_zone_before_min seek=0.79<1.25,0,0,0.000,0,nan,nan,nan,0.0000,0,5,0.0000,0.0000,0.0000,0.0000,0.0000,等待台阶,1,0.0000,0.150,0.330
4153.646,SEEK_ROUNDABOUT,5.478,0,0.801,0.0000,0.0000,none,,tracking,0.1450,0.0345,1,line_curve_center_riding,-0.0850,-0.0650,-0.3977,-0.3977,0.5621,4,0.3327,0.0000,0.3327,-0.2868,0.0345,IDLE,0,0,step_zone_before_min seek=0.79<1.25,0,0,0.000,0,nan,nan,nan,0.0000,0,5,0.0000,0.0000,0.0000,0.0000,0.0000,等待台阶,1,0.0000,0.150,0.330
4153.763,SEEK_ROUNDABOUT,5.595,0,0.813,0.0000,0.0000,none,,tracking,0.1700,0.1730,1,line_curve_center_riding,-0.2727,-0.2641,-0.4061,-0.4061,0.4912,3,0.1419,0.0000,0.1419,-0.3588,0.1730,IDLE,0,0,step_zone_before_min seek=0.80<1.25,0,0,0.000,0,nan,nan,nan,0.0000,0,5,0.0000,0.0000,0.0000,0.0000,0.0000,等待台阶,1,0.0000,0.150,0.330
4153.888,SEEK_ROUNDABOUT,5.720,0,0.826,0.0000,0.0000,none,,tracking,0.1700,0.2352,1,line_curve_center_riding,-0.2803,-0.2680,-0.4736,-0.4736,0.4668,3,0.2056,0.0000,0.2056,-0.4050,0.2352,IDLE,0,0,step_zone_before_min seek=0.81<1.25,0,0,0.000,0,nan,nan,nan,0.0000,0,5,0.0000,0.0000,0.0000,0.0000,0.0000,等待台阶,1,0.0000,0.150,0.330
4154.091,SEEK_ROUNDABOUT,5.923,0,0.853,0.0000,0.0000,none,,tracking,0.1620,0.3421,1,line_center_tracking,-0.4165,-0.4082,-0.4378,-0.4378,0.3916,2,0.0296,0.0000,0.0296,-0.4280,0.3421,IDLE,0,0,step_zone_before_min seek=0.83<1.25,0,0,0.000,0,nan,nan,nan,0.0000,0,5,0.0000,0.0000,0.0000,0.0000,0.0000,等待台阶,1,0.0000,0.150,0.330
4154.264,SEEK_ROUNDABOUT,6.095,0,0.881,0.0000,0.0000,none,,tracking,0.1660,0.3265,1,line_curve_center_riding,-0.2967,-0.2832,-0.5083,-0.5083,0.4482,3,0.2251,0.0000,0.2251,-0.4333,0.3265,IDLE,0,0,step_zone_before_min seek=0.85<1.25,0,0,0.000,0,nan,nan,nan,0.0000,0,5,0.0000,0.0000,0.0000,0.0000,0.0000,等待台阶,1,0.0000,0.150,0.330
4154.548,SEEK_ROUNDABOUT,6.380,0,0.918,0.0000,0.0000,none,,tracking,0.1523,0.3801,1,line_center_tracking,-0.3995,-0.3907,-0.4221,-0.4221,0.3865,2,0.0315,0.0000,0.0315,-0.4116,0.3801,IDLE,0,0,step_zone_before_min seek=0.88<1.25,0,0,0.000,1,1.2500,nan,0.0482,0.9368,6,5,0.0000,0.0000,0.0000,0.0000,0.0000,等待台阶,1,0.0000,0.150,0.330
4154.825,SEEK_ROUNDABOUT,6.657,0,0.981,0.0000,0.0000,none,,line_bridge_loss,0.1016,0.1521,0,line_too_few_bands,0.0000,0.0000,0.0000,0.0000,0.0000,1,0.0000,0.0000,0.0000,0.0000,0.1521,IDLE,0,0,step_zone_before_min seek=0.92<1.25,0,0,0.000,1,1.2300,nan,0.0530,0.8423,9,5,0.0000,0.0000,0.0000,0.0000,0.0000,等待台阶,1,0.0000,0.150,0.330
4155.102,SEEK_ROUNDABOUT,6.934,0,1.041,0.0000,0.0000,none,,tracking,0.1450,0.3339,1,line_curve_center_riding,-0.2682,-0.2494,-0.5623,-0.5623,0.5583,4,0.3129,0.0000,0.3129,-0.4580,0.3339,IDLE,0,0,step_zone_before_min seek=0.98<1.25,0,0,1.000,1,1.1100,1.1100,0.0520,0.9453,7,5,0.0000,0.0000,0.0000,0.0000,0.0000,等待台阶,1,0.0000,0.150,0.330
4155.415,SEEK_ROUNDABOUT,7.247,0,1.109,0.0000,0.0000,none,,line_bridge_loss,0.0943,0.1336,0,line_too_few_bands,0.0000,0.0000,0.0000,0.0000,0.0000,0,0.0000,0.0000,0.0000,0.0000,0.1336,IDLE,0,0,step_zone_before_min seek=1.04<1.25,0,0,2.000,1,1.1900,1.1500,0.0540,0.9142,19,5,0.0000,0.0000,0.0000,0.0000,0.0000,等待台阶,1,0.0000,0.150,0.330
4155.637,SEEK_ROUNDABOUT,7.469,0,1.168,0.0000,0.0000,none,,line_loss_hold,0.0437,0.0000,0,line_too_few_bands,0.0000,0.0000,0.0000,0.0000,0.0000,0,0.0000,0.0000,0.0000,0.0000,0.0000,IDLE,0,0,step_zone_before_min seek=1.11<1.25,0,0,1.400,0,nan,1.1500,nan,0.0000,0,5,0.0000,0.0000,0.0000,0.0000,0.0000,等待台阶,1,0.0000,0.150,0.330
4155.794,SEEK_ROUNDABOUT,7.626,0,1.194,0.0000,0.0000,none,,tracking,0.0943,0.3333,1,line_hard_turn_centering,-0.7092,-0.6982,-0.8085,-0.8306,0.4123,2,0.1104,0.0221,0.1324,-0.7791,0.3333,IDLE,0,0,step_zone_before_min seek=1.17<1.25,0,0,2.400,0,1.0000,1.1100,0.0460,0.8124,1,5,0.0000,0.0000,0.0000,0.0000,0.0000,等待台阶,1,0.0000,0.150,0.330
4156.055,SEEK_ROUNDABOUT,7.887,0,1.244,0.0000,0.0000,none,,line_bridge_loss,0.0437,0.2188,0,line_too_few_bands,0.0000,0.0000,0.0000,0.0000,0.0000,0,0.0000,0.0000,0.0000,0.0000,0.2188,IDLE,0,0,step_zone_before_min seek=1.19<1.25,0,0,3.400,1,0.9400,1.0000,0.0465,0.9233,10,5,0.0000,0.0000,0.0000,0.0000,0.0000,等待台阶,1,0.0000,0.150,0.330
4156.292,SEEK_ROUNDABOUT,8.124,0,1.273,0.0000,0.0000,none,,tracking,0.0943,0.5172,1,line_curve_center_riding,-0.4556,-0.4403,-0.6945,-0.7215,0.6792,5,0.2542,0.0269,0.2811,-0.6188,0.5172,IDLE,0,0,step_zone_before_min seek=1.24<1.25,0,0,4.400,1,0.9100,0.9400,0.0464,0.9235,16,5,0.0000,0.0000,0.0000,0.0000,0.0000,等待台阶,1,0.0000,0.150,0.330
4156.529,SEEK_ROUNDABOUT,8.361,0,1.273,0.0000,0.0000,none,,step_align_heading/course_events_frozen,0.0450,0.3400,1,line_curve_center_riding,-0.4162,-0.4016,-0.6444,-0.6644,0.5999,4,0.2427,0.0201,0.2628,-0.5701,0.3400,IDLE,0,1,step_confirmed_slow_align d=0.925,0,0,5.400,1,0.8900,0.9250,0.0468,0.9285,23,5,0.0000,0.0000,0.0000,0.0000,0.0000,等待台阶,1,0.0000,0.150,0.330
4156.840,SEEK_ROUNDABOUT,8.672,0,1.273,0.0000,0.0000,none,,step_align_heading/course_events_frozen,0.0450,0.3400,1,line_curve_center_riding,-0.2785,-0.2673,-0.4540,-0.4739,0.6961,5,0.1867,0.0199,0.2066,-0.3984,0.3400,IDLE,0,1,step_confirmed_slow_align d=0.900,0,0,6.000,1,0.8800,0.9000,0.0474,0.9371,31,5,0.0000,0.0000,0.0000,0.0000,0.0000,等待台阶,1,0.0000,0.150,0.330
4157.156,SEEK_ROUNDABOUT,8.988,0,1.273,0.0000,0.0000,none,,step_align_heading/course_events_frozen,0.0450,0.3400,1,line_curve_center_riding,-0.1002,-0.0902,-0.2566,-0.3525,0.7872,6,0.1664,0.0958,0.2623,-0.2331,0.3400,IDLE,0,1,step_confirmed_slow_align d=0.880,0,0,6.000,1,0.8600,0.8800,0.0480,0.9446,39,5,0.0000,0.0000,0.0000,0.0000,0.0000,等待台阶,1,0.0000,0.150,0.330
4157.458,SEEK_ROUNDABOUT,9.290,0,1.273,0.0000,0.0000,none,,step_align_heading/course_events_frozen,0.0450,0.2037,1,line_curve_center_riding,0.0993,0.1080,-0.0376,-0.1066,0.7932,6,0.1455,0.0690,0.2146,-0.0121,0.2037,IDLE,0,1,step_confirmed_slow_align d=0.860,0,0,6.000,1,0.8600,0.8600,0.0486,0.9532,46,5,0.0000,0.0000,0.0000,0.0000,0.0000,等待台阶,1,0.0000,0.150,0.330
4157.732,SEEK_ROUNDABOUT,9.564,0,1.292,0.0000,0.0000,none,,tracking,0.0957,-0.1296,1,line_curve_center_riding,0.2932,0.3008,0.1727,0.1036,0.7970,6,0.1282,0.0691,0.1973,0.1924,-0.1296,IDLE,0,0,fixed_candidate_confirm 1/3,0,0,6.000,1,0.8700,0.8600,0.0487,0.9537,53,5,0.0000,0.0000,0.0000,0.0000,0.0000,等待台阶,1,0.0000,0.150,0.330
4158.017,SEEK_ROUNDABOUT,9.849,0,1.292,0.0000,0.0000,none,,step_align_heading/course_events_frozen,0.0450,-0.0447,1,line_center_tracking,0.3407,0.3667,0.2737,0.2112,0.7145,5,0.0930,0.0625,0.1556,0.2839,-0.0447,IDLE,0,1,step_confirmed_slow_align d=0.870,0,0,6.000,1,0.8900,0.8700,0.0493,0.9629,59,5,0.0000,0.0000,0.0000,0.0000,0.0000,等待台阶,1,0.0000,0.150,0.330
4158.309,SEEK_ROUNDABOUT,10.141,0,1.292,0.0000,0.0000,none,,step_align_heading/course_events_frozen,0.0450,-0.0340,1,line_center_tracking,0.3350,0.3623,0.2646,0.2028,0.8038,6,0.0977,0.0618,0.1595,0.2766,-0.0340,IDLE,0,1,step_confirmed_slow_align d=0.890,0,0,6.000,1,0.9100,0.8900,0.0483,0.9489,65,5,0.0000,0.0000,0.0000,0.0000,0.0000,等待台阶,1,0.0000,0.150,0.330
4158.551,SEEK_ROUNDABOUT,10.383,0,1.292,0.0000,0.0000,none,,step_align_heading/course_events_frozen,0.0450,-0.0135,1,line_curve_center_riding,0.4252,0.4323,0.3132,0.1260,0.8749,7,0.1191,0.1872,0.3063,0.2905,-0.0135,IDLE,0,1,step_confirmed_slow_align d=0.910,0,0,6.000,1,0.9200,0.9100,0.0483,0.9489,70,5,0.0000,0.0000,0.0000,0.0000,0.0000,等待台阶,1,0.0000,0.150,0.330
4158.850,SEEK_ROUNDABOUT,10.682,0,1.336,0.0000,0.0000,none,,tracking,0.0957,-0.3230,1,line_center_tracking,0.2991,0.3321,0.2143,0.1596,0.7994,6,0.1178,0.0547,0.1725,0.2353,-0.3230,IDLE,0,0,fixed_candidate_confirm 2/3,0,0,6.000,1,0.9300,0.9200,0.0494,0.9633,77,5,0.0000,0.0000,0.0000,0.0000,0.0000,等待台阶,1,0.0000,0.150,0.330
4159.194,SEEK_ROUNDABOUT,11.026,0,1.336,0.0000,0.0000,none,,step_align_heading/course_events_frozen,0.0450,0.0103,1,line_curve_center_riding,0.2730,0.2811,0.1472,0.1011,0.7947,6,0.1339,0.0461,0.1800,0.1764,0.0103,IDLE,0,1,step_confirmed_slow_align d=0.920,0,0,6.000,1,0.9200,0.9200,0.0477,0.9404,84,5,0.0000,0.0000,0.0000,0.0000,0.0000,等待台阶,1,0.0000,0.150,0.330
4159.472,SEEK_ROUNDABOUT,11.304,0,1.336,0.0000,0.0000,none,,step_align_heading/course_events_frozen,0.0450,0.1800,1,line_curve_center_riding,0.1475,0.1565,0.0064,-0.0502,0.7937,6,0.1500,0.0566,0.2066,0.0376,0.1800,IDLE,0,1,fixed_sprint_approach depth=0.920>0.715 center=+0.038 hd=0.150,1,0,6.000,1,0.9000,0.9200,0.0489,0.9567,91,5,0.0000,0.0000,0.0000,0.0000,0.0000,等待台阶,1,0.0000,0.150,0.330
4159.746,SEEK_ROUNDABOUT,11.578,0,1.336,0.0000,0.0000,none,,step_align_heading/course_events_frozen,0.0450,0.2076,1,line_curve_center_riding,0.1030,0.1124,-0.0435,-0.0551,0.7048,5,0.1558,0.0116,0.1675,0.0046,0.2076,IDLE,0,1,fixed_sprint_approach depth=0.900>0.715 center=+0.005 hd=0.156,1,0,6.000,1,0.8700,0.9000,0.0482,0.9487,97,5,0.0000,0.0000,0.0000,0.0000,0.0000,等待台阶,1,0.0000,0.150,0.330
4160.029,SEEK_ROUNDABOUT,11.861,0,1.336,0.0000,0.0000,none,,step_align_heading/course_events_frozen,0.0450,0.1108,1,line_center_tracking,0.0761,0.1047,0.0024,0.0295,0.6278,4,0.1023,0.0271,0.0752,0.0455,0.1108,IDLE,0,1,fixed_sprint_approach depth=0.870>0.715 center=+0.046 hd=0.102,1,0,6.000,1,0.8400,0.8700,0.0484,0.9495,103,5,0.0000,0.0000,0.0000,0.0000,0.0000,等待台阶,1,0.0000,0.150,0.330
4160.305,SEEK_ROUNDABOUT,12.136,0,1.336,0.0000,0.0000,none,,step_align_heading/course_events_frozen,0.0450,0.0836,1,line_center_tracking,0.1653,0.1976,0.0821,0.0821,0.5291,3,0.1155,0.0000,0.1155,0.1206,0.0836,IDLE,0,1,fixed_sprint_approach depth=0.840>0.715 center=+0.121 hd=0.115,1,0,6.000,1,0.8000,0.8400,0.0489,0.9561,109,5,0.0000,0.0000,0.0000,0.0000,0.0000,等待台阶,1,0.0000,0.150,0.330
4160.572,SEEK_ROUNDABOUT,12.403,0,1.336,0.0000,0.0000,none,,step_align_slow/course_events_frozen,0.0300,-0.2498,1,line_curve_center_riding,0.2101,0.2039,0.3063,0.4567,0.4842,3,0.1024,0.1503,0.2527,0.3223,-0.2498,IDLE,0,1,fixed_sprint_approach depth=0.800>0.715 center=+0.322 hd=0.102,1,0,6.000,1,0.7600,0.8000,0.0487,0.9541,115,5,0.0000,0.0000,0.0000,0.0000,0.0000,等待台阶,1,0.0000,0.150,0.330
4160.818,SEEK_ROUNDABOUT,12.649,0,1.336,0.0000,0.0000,none,,step_align_slow/course_events_frozen,0.0300,-0.1102,1,line_center_tracking,0.1899,0.1927,0.1828,0.2425,0.7159,5,0.0099,0.0597,0.0498,0.2060,-0.1102,IDLE,0,1,fixed_sprint_approach depth=0.780>0.715 center=+0.206 hd=0.010,1,0,6.000,1,0.7400,0.7800,0.0507,0.9624,120,5,0.0000,0.0000,0.0000,0.0000,0.0000,等待台阶,1,0.0000,0.150,0.330
4161.064,SEEK_ROUNDABOUT,12.895,0,1.336,0.0000,0.0000,none,,step_align_slow/course_events_frozen,0.0300,0.0250,1,line_center_tracking,0.1523,0.1729,0.0994,0.0994,0.4374,2,0.0736,0.0000,0.0736,0.1239,0.0250,IDLE,0,1,fixed_sprint_approach depth=0.750>0.715 center=+0.124 hd=0.074,1,0,6.000,1,0.7100,0.7500,0.0488,0.9545,125,5,0.0000,0.0000,0.0000,0.0000,0.0000,等待台阶,1,0.0000,0.150,0.330
4161.216,SEEK_ROUNDABOUT,13.048,0,1.336,0.0000,0.0000,none,,step_align_creep/course_events_frozen,0.0150,-0.3083,1,line_curve_center_riding,0.2904,0.2850,0.3754,0.8451,0.6280,5,0.0904,0.4697,0.5601,0.5018,-0.3083,IDLE,0,1,fixed_sprint_approach depth=0.725>0.715 center=+0.502 hd=0.090,1,0,6.000,1,0.7000,0.7250,0.0465,0.9224,128,5,0.0000,0.0000,0.0000,0.0000,0.0000,等待台阶,1,0.0000,0.150,0.330
4161.416,SEEK_ROUNDABOUT,13.248,0,1.336,0.0000,0.0000,none,,step_start_window_confirm_hold/course_events_frozen,0.0000,0.0000,1,line_center_tracking,0.0882,0.1069,0.0402,0.0402,0.4409,2,0.0667,0.0000,0.0667,0.0624,0.0000,IDLE,0,1,fixed_start_confirm 1/3 d=0.705,1,0,6.000,1,0.7000,0.7050,0.0455,0.9069,132,5,0.0000,0.0000,0.0000,0.0000,0.0000,等待台阶,1,0.0000,0.150,0.330
4161.667,SEEK_ROUNDABOUT,13.499,0,1.336,0.0000,0.0000,none,,step_start_window_confirm_hold/course_events_frozen,0.0000,0.0000,1,line_center_tracking,0.0158,0.0318,-0.0253,-0.0253,0.5382,3,0.0570,0.0000,0.0570,-0.0063,0.0000,IDLE,0,1,fixed_start_confirm 2/3 d=0.700,1,0,6.000,1,0.6700,0.7000,0.0432,0.8752,137,5,0.0000,0.0000,0.0000,0.0000,0.0000,等待台阶,1,0.0000,0.150,0.330
4161.846,SEEK_ROUNDABOUT,13.678,0,1.336,0.0000,0.0000,none,,step_approach_begin,0.0000,0.0000,0,,nan,nan,nan,nan,0.0000,0,nan,nan,nan,nan,0.0000,APPROACH,0,0,normalized_depth_start,1,0,6.000,1,0.6700,0.7000,0.0429,0.8687,140,5,0.6050,0.0000,0.0000,0.0000,0.6050,开始按已验证参数直行到起跳距离,1,0.0000,0.150,0.330
4162.103,SEEK_ROUNDABOUT,13.935,0,1.336,0.0000,0.0000,none,,step_approach_tested,0.5000,0.0000,0,,nan,nan,nan,nan,0.0000,0,nan,nan,nan,nan,0.0000,APPROACH,0,0,normalized_depth_start,1,0,6.000,1,0.6700,0.6700,0.0456,0.9066,146,5,0.6050,0.1000,-0.0137,0.1000,0.5050,APPROACH 恒速前进 source=commanded cmd=0.100 odom=-0.014 remaining=0.505,1,0.0000,0.150,0.330
4162.203,SEEK_ROUNDABOUT,14.035,0,1.336,0.0000,0.0000,none,,step_approach_tested,0.5000,0.0000,0,,nan,nan,nan,nan,0.0000,0,nan,nan,nan,nan,0.0000,APPROACH,0,0,normalized_depth_start,1,0,6.000,1,0.6700,0.6700,0.0446,0.8946,148,5,0.6050,0.1500,-0.0185,0.1500,0.4550,APPROACH 恒速前进 source=commanded cmd=0.150 odom=-0.018 remaining=0.455,1,0.0000,0.150,0.330
4162.305,SEEK_ROUNDABOUT,14.137,0,1.336,0.0000,0.0000,none,,step_approach_tested,0.5000,0.0000,0,,nan,nan,nan,nan,0.0000,0,nan,nan,nan,nan,0.0000,APPROACH,0,0,normalized_depth_start,1,0,6.000,1,0.6800,0.6700,0.0463,0.9187,150,5,0.6050,0.2012,-0.0250,0.2012,0.4038,APPROACH 恒速前进 source=commanded cmd=0.201 odom=-0.025 remaining=0.404,1,0.0000,0.150,0.330
4162.410,SEEK_ROUNDABOUT,14.242,0,1.336,0.0000,0.0000,none,,step_approach_tested,0.5000,0.0000,0,,nan,nan,nan,nan,0.0000,0,nan,nan,nan,nan,0.0000,APPROACH,0,0,normalized_depth_start,1,0,6.000,1,0.7000,0.6700,0.0462,0.9164,152,5,0.6050,0.2538,-0.0327,0.2538,0.3512,APPROACH 恒速前进 source=commanded cmd=0.254 odom=-0.033 remaining=0.351,1,0.0000,0.150,0.330
4162.500,SEEK_ROUNDABOUT,14.332,0,1.336,0.0000,0.0000,none,,step_approach_tested,0.5000,0.0000,0,,nan,nan,nan,nan,0.0000,0,nan,nan,nan,nan,0.0000,APPROACH,0,0,normalized_depth_start,1,0,6.000,1,0.7000,0.6800,0.0450,0.9007,154,5,0.6050,0.2986,-0.0399,0.2986,0.3064,APPROACH 恒速前进 source=commanded cmd=0.299 odom=-0.040 remaining=0.306,1,0.0000,0.150,0.330
4162.588,SEEK_ROUNDABOUT,14.420,0,1.336,0.0000,0.0000,none,,step_approach_tested,0.5000,0.0000,0,,nan,nan,nan,nan,0.0000,0,nan,nan,nan,nan,0.0000,APPROACH,0,0,normalized_depth_start,1,0,6.000,1,0.7000,0.7000,0.0464,0.9207,156,5,0.6050,0.3428,-0.0521,0.3428,0.2622,APPROACH 恒速前进 source=commanded cmd=0.343 odom=-0.052 remaining=0.262,1,0.0000,0.150,0.330
4162.680,SEEK_ROUNDABOUT,14.512,0,1.336,0.0000,0.0000,none,,step_approach_tested,0.5000,0.0000,0,,nan,nan,nan,nan,0.0000,0,nan,nan,nan,nan,0.0000,APPROACH,0,0,normalized_depth_start,1,0,6.000,1,0.7000,0.7000,0.0454,0.9068,158,5,0.6050,0.3884,-0.0735,0.3884,0.2166,APPROACH 恒速前进 source=commanded cmd=0.388 odom=-0.074 remaining=0.217,1,0.0000,0.150,0.330
4162.797,SEEK_ROUNDABOUT,14.629,0,1.336,0.0000,0.0000,none,,step_approach_tested,0.5000,0.0000,0,,nan,nan,nan,nan,0.0000,0,nan,nan,nan,nan,0.0000,APPROACH,0,0,normalized_depth_start,1,0,6.000,1,0.7100,0.7000,0.0464,0.9204,161,5,0.6050,0.4472,-0.0928,0.4472,0.1578,APPROACH 恒速前进 source=commanded cmd=0.447 odom=-0.093 remaining=0.158,1,0.0000,0.150,0.330
4162.887,SEEK_ROUNDABOUT,14.719,0,1.336,0.0000,0.0000,none,,step_approach_tested,0.5000,0.0000,0,,nan,nan,nan,nan,0.0000,0,nan,nan,nan,nan,0.0000,APPROACH,0,0,normalized_depth_start,1,0,6.000,1,0.7100,0.7000,0.0460,0.9127,163,5,0.6050,0.4922,-0.0900,0.4922,0.1128,APPROACH 恒速前进 source=commanded cmd=0.492 odom=-0.090 remaining=0.113,1,0.0000,0.150,0.330
4162.984,SEEK_ROUNDABOUT,14.816,0,1.336,0.0000,0.0000,none,,step_wait_enter_to_jump,0.0000,0.0000,0,,nan,nan,nan,nan,0.0000,0,nan,nan,nan,nan,0.0000,JUMP_CONFIRM,0,0,normalized_depth_start,1,0,6.000,1,0.7000,0.7000,0.0459,0.9135,165,5,0.6050,0.5404,-0.0734,0.5404,0.0646,到达起跳点，等待终端回车确认,1,0.0000,0.150,0.330
4163.073,SEEK_ROUNDABOUT,14.905,0,1.336,0.0000,0.0000,none,,step_wait_enter_to_jump,0.0000,0.0000,0,,nan,nan,nan,nan,0.0000,0,nan,nan,nan,nan,0.0000,JUMP_CONFIRM,0,0,normalized_depth_start,1,0,6.000,1,0.7000,0.7000,0.0493,0.9609,167,5,0.6050,0.5404,-0.0472,0.5404,0.0646,JUMP_CONFIRM 等待终端回车,1,0.0000,0.150,0.330
4163.199,SEEK_ROUNDABOUT,15.031,0,1.336,0.0000,0.0000,none,,step_wait_enter_to_jump,0.0000,0.0000,0,,nan,nan,nan,nan,0.0000,0,nan,nan,nan,nan,0.0000,JUMP_CONFIRM,0,0,normalized_depth_start,1,0,6.000,1,0.6900,0.7000,0.0479,0.9401,170,5,0.6050,0.5404,0.0049,0.5404,0.0646,JUMP_CONFIRM 等待终端回车,1,0.0000,0.150,0.330
4163.294,SEEK_ROUNDABOUT,15.126,0,1.336,0.0000,0.0000,none,,step_wait_enter_to_jump,0.0000,0.0000,0,,nan,nan,nan,nan,0.0000,0,nan,nan,nan,nan,0.0000,JUMP_CONFIRM,0,0,normalized_depth_start,1,0,6.000,1,0.6700,0.7000,0.0485,0.9465,172,5,0.6050,0.5404,0.0496,0.5404,0.0646,JUMP_CONFIRM 等待终端回车,1,0.0000,0.150,0.330
4163.390,SEEK_ROUNDABOUT,15.222,0,1.336,0.0000,0.0000,none,,step_wait_enter_to_jump,0.0000,0.0000,0,,nan,nan,nan,nan,0.0000,0,nan,nan,nan,nan,0.0000,JUMP_CONFIRM,0,0,normalized_depth_start,1,0,6.000,1,0.6700,0.6900,0.0487,0.9500,173,5,0.6050,0.5404,0.0931,0.5404,0.0646,JUMP_CONFIRM 等待终端回车,1,0.0000,0.150,0.330
4163.487,SEEK_ROUNDABOUT,15.319,0,1.336,0.0000,0.0000,none,,step_wait_enter_to_jump,0.0000,0.0000,0,,nan,nan,nan,nan,0.0000,0,nan,nan,nan,nan,0.0000,JUMP_CONFIRM,0,0,normalized_depth_start,1,0,6.000,1,0.6300,0.6700,0.0497,0.9642,177,5,0.6050,0.5404,0.1634,0.5404,0.0646,JUMP_CONFIRM 等待终端回车,1,0.0000,0.150,0.330
4163.579,SEEK_ROUNDABOUT,15.411,0,1.336,0.0000,0.0000,none,,step_wait_enter_to_jump,0.0000,0.0000,0,,nan,nan,nan,nan,0.0000,0,nan,nan,nan,nan,0.0000,JUMP_CONFIRM,0,0,normalized_depth_start,1,0,6.000,1,0.5900,0.6700,0.0489,0.9530,181,5,0.6050,0.5404,0.2526,0.5404,0.0646,JUMP_CONFIRM 等待终端回车,1,0.0000,0.150,0.330
4163.675,SEEK_ROUNDABOUT,15.507,0,1.336,0.0000,0.0000,none,,step_jump_after_enter,0.5000,0.0000,0,,nan,nan,nan,nan,0.0000,0,nan,nan,nan,nan,0.0000,JUMP,0,0,normalized_depth_start,1,0,5.400,0,nan,0.6700,nan,0.0000,0,5,0.6050,0.5404,0.3234,0.5404,0.0646,JUMP 脉冲中,1,0.0000,0.150,0.330
4163.786,SEEK_ROUNDABOUT,15.618,0,1.336,0.0000,0.0000,none,,step_jump_pulse,0.5000,0.0000,0,,nan,nan,nan,nan,0.0000,0,nan,nan,nan,nan,0.0000,JUMP,0,0,normalized_depth_start,1,0,4.800,0,nan,0.6700,nan,0.0000,0,5,0.6050,0.5404,0.3234,0.5404,0.0646,JUMP 脉冲中,1,0.0000,0.150,0.330
4163.876,SEEK_ROUNDABOUT,15.708,0,1.336,0.0000,0.0000,none,,step_land_forward,0.3000,0.0000,0,,nan,nan,nan,nan,0.0000,0,nan,nan,nan,nan,0.0000,LAND,0,0,normalized_depth_start,1,0,4.200,0,nan,0.6700,nan,0.0000,0,5,0.6050,0.5404,0.3234,0.5404,0.0646,跳跃脉冲结束，落地继续前行,1,0.0000,0.150,0.330
4163.969,SEEK_ROUNDABOUT,15.801,0,1.336,0.0000,0.0000,none,,step_land_forward,0.3000,0.0000,0,,nan,nan,nan,nan,0.0000,0,nan,nan,nan,nan,0.0000,LAND,0,0,normalized_depth_start,1,0,3.600,0,nan,0.6700,nan,0.0000,0,5,0.6050,0.5404,0.3234,0.5404,0.0646,跳跃脉冲结束，落地继续前行,1,0.0000,0.150,0.330
4164.054,SEEK_ROUNDABOUT,15.886,0,1.336,0.0000,0.0000,none,,step_land_forward,0.3000,0.0000,0,,nan,nan,nan,nan,0.0000,0,nan,nan,nan,nan,0.0000,LAND,0,0,normalized_depth_start,1,0,3.000,0,nan,0.6500,nan,0.0000,0,5,0.6050,0.5404,0.3234,0.5404,0.0646,跳跃脉冲结束，落地继续前行,1,0.0000,0.150,0.330
4164.155,SEEK_ROUNDABOUT,15.987,0,1.336,0.0000,0.0000,none,,step_land_forward,0.3000,0.0000,0,,nan,nan,nan,nan,0.0000,0,nan,nan,nan,nan,0.0000,LAND,0,0,normalized_depth_start,1,0,2.400,0,nan,0.6300,nan,0.0000,0,5,0.6050,0.5404,0.3234,0.5404,0.0646,跳跃脉冲结束，落地继续前行,1,0.0000,0.150,0.330
4164.249,SEEK_ROUNDABOUT,16.081,0,1.336,0.0000,0.0000,none,,step_land_forward,0.3000,0.0000,0,,nan,nan,nan,nan,0.0000,0,nan,nan,nan,nan,0.0000,LAND,0,0,normalized_depth_start,1,0,1.800,0,nan,0.6100,nan,0.0000,0,5,0.6050,0.5404,0.3234,0.5404,0.0646,跳跃脉冲结束，落地继续前行,1,0.0000,0.150,0.330
4164.348,SEEK_ROUNDABOUT,16.180,0,1.336,0.0000,0.0000,none,,step_land_forward,0.3000,0.0000,0,,nan,nan,nan,nan,0.0000,0,nan,nan,nan,nan,0.0000,LAND,0,0,normalized_depth_start,1,0,1.200,0,nan,0.5900,nan,0.0000,0,5,0.6050,0.5404,0.3234,0.5404,0.0646,跳跃脉冲结束，落地继续前行,1,0.0000,0.150,0.330
4164.450,SEEK_ROUNDABOUT,16.281,0,1.336,0.0000,0.0000,none,,step_land_forward,0.3000,0.0000,0,,nan,nan,nan,nan,0.0000,0,nan,nan,nan,nan,0.0000,LAND,0,0,normalized_depth_start,1,0,0.600,0,nan,nan,nan,0.0000,0,5,0.6050,0.5404,0.3234,0.5404,0.0646,跳跃脉冲结束，落地继续前行,1,0.0000,0.150,0.330
4164.551,SEEK_ROUNDABOUT,16.382,0,1.336,0.0000,0.0000,none,,step_land_forward,0.3000,0.0000,0,,nan,nan,nan,nan,0.0000,0,nan,nan,nan,nan,0.0000,LAND,0,0,normalized_depth_start,1,0,0.000,0,nan,nan,nan,0.0000,0,5,0.6050,0.5404,0.3234,0.5404,0.0646,跳跃脉冲结束，落地继续前行,1,0.0000,0.150,0.330
4164.649,SEEK_ROUNDABOUT,16.481,0,1.336,0.0000,0.0000,none,,step_land_forward,0.3000,0.0000,0,,nan,nan,nan,nan,0.0000,0,nan,nan,nan,nan,0.0000,LAND,0,0,normalized_depth_start,1,0,1.000,0,0.6500,0.6500,0.0541,0.9181,2,5,0.6050,0.5404,0.3234,0.5404,0.0646,跳跃脉冲结束，落地继续前行,1,0.0000,0.150,0.330
4164.749,SEEK_ROUNDABOUT,16.580,0,1.336,0.0000,0.0000,none,,step_land_forward,0.3000,0.0000,0,,nan,nan,nan,nan,0.0000,0,nan,nan,nan,nan,0.0000,LAND,0,0,normalized_depth_start,1,0,0.400,0,nan,0.6500,nan,0.0000,0,5,0.6050,0.5404,0.3234,0.5404,0.0646,跳跃脉冲结束，落地继续前行,1,0.0000,0.150,0.330
4164.855,SEEK_ROUNDABOUT,16.687,0,1.336,0.0000,0.0000,none,,step_land_forward,0.3000,0.0000,0,,nan,nan,nan,nan,0.0000,0,nan,nan,nan,nan,0.0000,LAND,0,0,normalized_depth_start,1,0,0.000,0,nan,0.6500,nan,0.0000,0,5,0.6050,0.5404,0.3234,0.5404,0.0646,跳跃脉冲结束，落地继续前行,1,0.0000,0.150,0.330
4164.954,SEEK_ROUNDABOUT,16.786,0,1.336,0.0000,0.0000,none,,step_land_forward,0.3000,0.0000,0,,nan,nan,nan,nan,0.0000,0,nan,nan,nan,nan,0.0000,LAND,0,0,normalized_depth_start,1,0,0.000,0,nan,0.6500,nan,0.0000,0,5,0.6050,0.5404,0.3234,0.5404,0.0646,跳跃脉冲结束，落地继续前行,1,0.0000,0.150,0.330
4165.043,SEEK_ROUNDABOUT,16.875,0,1.336,0.0000,0.0000,none,,step_land_forward,0.3000,0.0000,0,,nan,nan,nan,nan,0.0000,0,nan,nan,nan,nan,0.0000,LAND,0,0,normalized_depth_start,1,0,0.000,0,nan,0.6500,nan,0.0000,0,5,0.6050,0.5404,0.3234,0.5404,0.0646,跳跃脉冲结束，落地继续前行,1,0.0000,0.150,0.330
4165.132,SEEK_ROUNDABOUT,16.964,0,1.336,0.0000,0.0000,none,,step_land_forward,0.3000,0.0000,0,,nan,nan,nan,nan,0.0000,0,nan,nan,nan,nan,0.0000,LAND,0,0,normalized_depth_start,1,0,0.000,0,nan,0.6500,nan,0.0000,0,5,0.6050,0.5404,0.3234,0.5404,0.0646,跳跃脉冲结束，落地继续前行,1,0.0000,0.150,0.330
4165.243,SEEK_ROUNDABOUT,17.075,0,1.336,0.0000,0.0000,none,,step_land_forward,0.3000,0.0000,0,,nan,nan,nan,nan,0.0000,0,nan,nan,nan,nan,0.0000,LAND,0,0,normalized_depth_start,1,0,0.000,0,1.4700,0.6500,0.0590,0.7654,2,5,0.6050,0.5404,0.3234,0.5404,0.0646,跳跃脉冲结束，落地继续前行,1,0.0000,0.150,0.330
4165.350,SEEK_ROUNDABOUT,17.181,0,1.336,0.0000,0.0000,none,,step_land_forward,0.3000,0.0000,0,,nan,nan,nan,nan,0.0000,0,nan,nan,nan,nan,0.0000,LAND,0,0,normalized_depth_start,1,0,0.000,0,nan,0.6500,nan,0.0000,0,5,0.6050,0.5404,0.3234,0.5404,0.0646,跳跃脉冲结束，落地继续前行,1,0.0000,0.150,0.330
4165.451,SEEK_ROUNDABOUT,17.282,0,1.336,0.0000,0.0000,none,,step_land_forward,0.3000,0.0000,0,,nan,nan,nan,nan,0.0000,0,nan,nan,nan,nan,0.0000,LAND,0,0,normalized_depth_start,1,0,0.000,0,nan,nan,nan,0.0000,0,5,0.6050,0.5404,0.3234,0.5404,0.0646,跳跃脉冲结束，落地继续前行,1,0.0000,0.150,0.330
4165.545,SEEK_ROUNDABOUT,17.377,0,1.336,0.0000,0.0000,none,,step_land_forward,0.3000,0.0000,0,,nan,nan,nan,nan,0.0000,0,nan,nan,nan,nan,0.0000,LAND,0,0,normalized_depth_start,1,0,0.000,0,nan,nan,nan,0.0000,0,5,0.6050,0.5404,0.3234,0.5404,0.0646,跳跃脉冲结束，落地继续前行,1,0.0000,0.150,0.330
4165.636,SEEK_ROUNDABOUT,17.468,0,1.336,0.0000,0.0000,none,,step_land_forward,0.3000,0.0000,0,,nan,nan,nan,nan,0.0000,0,nan,nan,nan,nan,0.0000,LAND,0,0,normalized_depth_start,1,0,0.000,0,nan,nan,nan,0.0000,0,5,0.6050,0.5404,0.3234,0.5404,0.0646,跳跃脉冲结束，落地继续前行,1,0.0000,0.150,0.330
4165.725,SEEK_ROUNDABOUT,17.557,0,1.336,0.0000,0.0000,none,,step_land_forward,0.3000,0.0000,0,,nan,nan,nan,nan,0.0000,0,nan,nan,nan,nan,0.0000,LAND,0,0,normalized_depth_start,1,0,0.000,0,nan,nan,nan,0.0000,0,5,0.6050,0.5404,0.3234,0.5404,0.0646,跳跃脉冲结束，落地继续前行,1,0.0000,0.150,0.330
4165.821,SEEK_ROUNDABOUT,17.652,0,1.336,0.0000,0.0000,none,,step_land_forward,0.3000,0.0000,0,,nan,nan,nan,nan,0.0000,0,nan,nan,nan,nan,0.0000,LAND,0,0,normalized_depth_start,1,0,0.000,0,nan,nan,nan,0.0000,0,5,0.6050,0.5404,0.3234,0.5404,0.0646,跳跃脉冲结束，落地继续前行,1,0.0000,0.150,0.330
4165.915,SEEK_ROUNDABOUT,17.747,0,1.336,0.0000,0.0000,none,,step_recover_stop,0.0000,0.0000,0,,nan,nan,nan,nan,0.0000,0,nan,nan,nan,nan,0.0000,RECOVER,0,0,normalized_depth_start,1,0,0.000,0,nan,nan,nan,0.0000,0,5,0.6050,0.5404,0.3234,0.5404,0.0646,落地前行结束，停车恢复,1,0.0000,0.150,0.330
4166.006,SEEK_ROUNDABOUT,17.838,0,1.336,0.0000,0.0000,none,,step_recover_stop,0.0000,0.0000,0,,nan,nan,nan,nan,0.0000,0,nan,nan,nan,nan,0.0000,RECOVER,0,0,normalized_depth_start,1,0,0.000,0,nan,nan,nan,0.0000,0,5,0.6050,0.5404,0.3234,0.5404,0.0646,落地前行结束，停车恢复,1,0.0000,0.150,0.330
4166.099,SEEK_ROUNDABOUT,17.931,0,1.336,0.0000,0.0000,none,,step_recover_stop,0.0000,0.0000,0,,nan,nan,nan,nan,0.0000,0,nan,nan,nan,nan,0.0000,RECOVER,0,0,normalized_depth_start,1,0,0.000,0,nan,nan,nan,0.0000,0,5,0.6050,0.5404,0.3234,0.5404,0.0646,落地前行结束，停车恢复,1,0.0000,0.150,0.330
4166.189,SEEK_ROUNDABOUT,18.020,0,1.336,0.0000,0.0000,none,,step_recover_stop,0.0000,0.0000,0,,nan,nan,nan,nan,0.0000,0,nan,nan,nan,nan,0.0000,RECOVER,0,0,normalized_depth_start,1,0,0.000,0,nan,nan,nan,0.0000,0,5,0.6050,0.5404,0.3234,0.5404,0.0646,落地前行结束，停车恢复,1,0.0000,0.150,0.330
4166.294,SEEK_ROUNDABOUT,18.126,0,1.336,0.0000,0.0000,none,,step_recover_stop,0.0000,0.0000,0,,nan,nan,nan,nan,0.0000,0,nan,nan,nan,nan,0.0000,RECOVER,0,0,normalized_depth_start,1,0,0.000,0,nan,nan,nan,0.0000,0,5,0.6050,0.5404,0.3234,0.5404,0.0646,落地前行结束，停车恢复,1,0.0000,0.150,0.330
4166.389,SEEK_ROUNDABOUT,18.221,0,1.336,0.0000,0.0000,none,,step_recover_stop,0.0000,0.0000,0,,nan,nan,nan,nan,0.0000,0,nan,nan,nan,nan,0.0000,RECOVER,0,0,normalized_depth_start,1,0,0.000,0,nan,nan,nan,0.0000,0,5,0.6050,0.5404,0.3234,0.5404,0.0646,落地前行结束，停车恢复,1,0.0000,0.150,0.330
4166.481,SEEK_ROUNDABOUT,18.313,0,1.336,0.0000,0.0000,none,,step_recover_stop,0.0000,0.0000,0,,nan,nan,nan,nan,0.0000,0,nan,nan,nan,nan,0.0000,RECOVER,0,0,normalized_depth_start,1,0,0.000,0,nan,nan,nan,0.0000,0,5,0.6050,0.5404,0.3234,0.5404,0.0646,落地前行结束，停车恢复,1,0.0000,0.150,0.330
4166.570,SEEK_ROUNDABOUT,18.402,0,1.336,0.0000,0.0000,none,,step_recover_stop,0.0000,0.0000,0,,nan,nan,nan,nan,0.0000,0,nan,nan,nan,nan,0.0000,RECOVER,0,0,normalized_depth_start,1,0,0.000,0,nan,nan,nan,0.0000,0,5,0.6050,0.5404,0.3234,0.5404,0.0646,落地前行结束，停车恢复,1,0.0000,0.150,0.330
4166.657,SEEK_ROUNDABOUT,18.488,0,1.336,0.0000,0.0000,none,,step_recover_stop,0.0000,0.0000,0,,nan,nan,nan,nan,0.0000,0,nan,nan,nan,nan,0.0000,RECOVER,0,0,normalized_depth_start,1,0,0.000,0,nan,nan,nan,0.0000,0,5,0.6050,0.5404,0.3234,0.5404,0.0646,落地前行结束，停车恢复,1,0.0000,0.150,0.330
4166.743,SEEK_ROUNDABOUT,18.575,0,1.336,0.0000,0.0000,none,,step_recover_stop,0.0000,0.0000,0,,nan,nan,nan,nan,0.0000,0,nan,nan,nan,nan,0.0000,RECOVER,0,0,normalized_depth_start,1,0,0.000,0,nan,nan,nan,0.0000,0,5,0.6050,0.5404,0.3234,0.5404,0.0646,落地前行结束，停车恢复,1,0.0000,0.150,0.330
4166.830,SEEK_ROUNDABOUT,18.662,0,1.336,0.0000,0.0000,none,,step_recover_stop,0.0000,0.0000,0,,nan,nan,nan,nan,0.0000,0,nan,nan,nan,nan,0.0000,RECOVER,0,0,normalized_depth_start,1,0,0.000,0,nan,nan,nan,0.0000,0,5,0.6050,0.5404,0.3234,0.5404,0.0646,落地前行结束，停车恢复,1,0.0000,0.150,0.330
4166.918,SEEK_ROUNDABOUT,18.750,0,1.336,0.0000,0.0000,none,,step_recover_stop,0.0000,0.0000,0,,nan,nan,nan,nan,0.0000,0,nan,nan,nan,nan,0.0000,RECOVER,0,0,normalized_depth_start,1,0,0.000,0,nan,nan,nan,0.0000,0,5,0.6050,0.5404,0.3234,0.5404,0.0646,落地前行结束，停车恢复,1,0.0000,0.150,0.330
4167.002,SEEK_ROUNDABOUT,18.833,0,1.336,0.0000,0.0000,none,,step_recover_stop,0.0000,0.0000,0,,nan,nan,nan,nan,0.0000,0,nan,nan,nan,nan,0.0000,RECOVER,0,0,normalized_depth_start,1,0,0.000,0,nan,nan,nan,0.0000,0,5,0.6050,0.5404,0.3234,0.5404,0.0646,落地前行结束，停车恢复,1,0.0000,0.150,0.330
4167.090,SEEK_ROUNDABOUT,18.922,0,1.336,0.0000,0.0000,none,,step_recover_stop,0.0000,0.0000,0,,nan,nan,nan,nan,0.0000,0,nan,nan,nan,nan,0.0000,RECOVER,0,0,normalized_depth_start,1,0,0.000,0,nan,nan,nan,0.0000,0,5,0.6050,0.5404,0.3234,0.5404,0.0646,落地前行结束，停车恢复,1,0.0000,0.150,0.330
4167.180,SEEK_ROUNDABOUT,19.011,0,1.336,0.0000,0.0000,none,,step_recover_stop,0.0000,0.0000,0,,nan,nan,nan,nan,0.0000,0,nan,nan,nan,nan,0.0000,RECOVER,0,0,normalized_depth_start,1,0,0.000,0,nan,nan,nan,0.0000,0,5,0.6050,0.5404,0.3234,0.5404,0.0646,落地前行结束，停车恢复,1,0.0000,0.150,0.330
4167.264,SEEK_ROUNDABOUT,19.096,0,1.336,0.0000,0.0000,none,,step_recover_stop,0.0000,0.0000,0,,nan,nan,nan,nan,0.0000,0,nan,nan,nan,nan,0.0000,RECOVER,0,0,normalized_depth_start,1,0,0.000,0,nan,nan,nan,0.0000,0,5,0.6050,0.5404,0.3234,0.5404,0.0646,落地前行结束，停车恢复,1,0.0000,0.150,0.330
4167.354,SEEK_ROUNDABOUT,19.186,0,1.336,0.0000,0.0000,none,,step_recover_stop,0.0000,0.0000,0,,nan,nan,nan,nan,0.0000,0,nan,nan,nan,nan,0.0000,RECOVER,0,0,normalized_depth_start,1,0,0.000,0,nan,nan,nan,0.0000,0,5,0.6050,0.5404,0.3234,0.5404,0.0646,落地前行结束，停车恢复,1,0.0000,0.150,0.330
4167.451,SEEK_ROUNDABOUT,19.282,0,1.336,0.0000,0.0000,none,,step_recover_stop,0.0000,0.0000,0,,nan,nan,nan,nan,0.0000,0,nan,nan,nan,nan,0.0000,RECOVER,0,0,normalized_depth_start,1,0,0.000,0,nan,nan,nan,0.0000,0,5,0.6050,0.5404,0.3234,0.5404,0.0646,落地前行结束，停车恢复,1,0.0000,0.150,0.330
4167.559,SEEK_ROUNDABOUT,19.391,0,1.336,0.0000,0.0000,none,,step_recover_stop,0.0000,0.0000,0,,nan,nan,nan,nan,0.0000,0,nan,nan,nan,nan,0.0000,RECOVER,0,0,normalized_depth_start,1,0,0.000,0,nan,nan,nan,0.0000,0,5,0.6050,0.5404,0.3234,0.5404,0.0646,落地前行结束，停车恢复,1,0.0000,0.150,0.330
4167.650,SEEK_ROUNDABOUT,19.482,0,1.336,0.0000,0.0000,none,,step_recover_stop,0.0000,0.0000,0,,nan,nan,nan,nan,0.0000,0,nan,nan,nan,nan,0.0000,RECOVER,0,0,normalized_depth_start,1,0,0.000,0,nan,nan,nan,0.0000,0,5,0.6050,0.5404,0.3234,0.5404,0.0646,落地前行结束，停车恢复,1,0.0000,0.150,0.330
4167.748,SEEK_ROUNDABOUT,19.580,0,1.336,0.0000,0.0000,none,,step_recover_stop,0.0000,0.0000,0,,nan,nan,nan,nan,0.0000,0,nan,nan,nan,nan,0.0000,RECOVER,0,0,normalized_depth_start,1,0,0.000,0,nan,nan,nan,0.0000,0,5,0.6050,0.5404,0.3234,0.5404,0.0646,落地前行结束，停车恢复,1,0.0000,0.150,0.330
4167.840,SEEK_ROUNDABOUT,19.671,0,1.336,0.0000,0.0000,none,,step_recover_stop,0.0000,0.0000,0,,nan,nan,nan,nan,0.0000,0,nan,nan,nan,nan,0.0000,RECOVER,0,0,normalized_depth_start,1,0,0.000,0,nan,nan,nan,0.0000,0,5,0.6050,0.5404,0.3234,0.5404,0.0646,落地前行结束，停车恢复,1,0.0000,0.150,0.330
4167.923,SEEK_ROUNDABOUT,19.755,0,1.336,0.0000,0.0000,none,,step_recover_stop,0.0000,0.0000,0,,nan,nan,nan,nan,0.0000,0,nan,nan,nan,nan,0.0000,RECOVER,0,0,normalized_depth_start,1,0,0.000,0,nan,nan,nan,0.0000,0,5,0.6050,0.5404,0.3234,0.5404,0.0646,落地前行结束，停车恢复,1,0.0000,0.150,0.330
4168.028,SEEK_ROUNDABOUT,19.859,0,1.336,0.0000,0.0000,none,,step_recover_stop,0.0000,0.0000,0,,nan,nan,nan,nan,0.0000,0,nan,nan,nan,nan,0.0000,RECOVER,0,0,normalized_depth_start,1,0,0.000,0,nan,nan,nan,0.0000,0,5,0.6050,0.5404,0.3234,0.5404,0.0646,落地前行结束，停车恢复,1,0.0000,0.150,0.330
4168.113,SEEK_ROUNDABOUT,19.944,0,1.336,0.0000,0.0000,none,,step_recover_stop,0.0000,0.0000,0,,nan,nan,nan,nan,0.0000,0,nan,nan,nan,nan,0.0000,RECOVER,0,0,normalized_depth_start,1,0,0.000,0,nan,nan,nan,0.0000,0,5,0.6050,0.5404,0.3234,0.5404,0.0646,落地前行结束，停车恢复,1,0.0000,0.150,0.330
4168.199,SEEK_ROUNDABOUT,20.031,0,1.336,0.0000,0.0000,none,,step_recover_stop,0.0000,0.0000,0,,nan,nan,nan,nan,0.0000,0,nan,nan,nan,nan,0.0000,RECOVER,0,0,normalized_depth_start,1,0,0.000,0,nan,nan,nan,0.0000,0,5,0.6050,0.5404,0.3234,0.5404,0.0646,落地前行结束，停车恢复,1,0.0000,0.150,0.330
4168.291,SEEK_ROUNDABOUT,20.123,0,1.336,0.0000,0.0000,none,,step_recover_stop,0.0000,0.0000,0,,nan,nan,nan,nan,0.0000,0,nan,nan,nan,nan,0.0000,RECOVER,0,0,normalized_depth_start,1,0,0.000,0,nan,nan,nan,0.0000,0,5,0.6050,0.5404,0.3234,0.5404,0.0646,落地前行结束，停车恢复,1,0.0000,0.150,0.330
4168.378,SEEK_ROUNDABOUT,20.210,0,1.336,0.0000,0.0000,none,,step_recover_stop,0.0000,0.0000,0,,nan,nan,nan,nan,0.0000,0,nan,nan,nan,nan,0.0000,RECOVER,0,0,normalized_depth_start,1,0,0.000,0,nan,nan,nan,0.0000,0,5,0.6050,0.5404,0.3234,0.5404,0.0646,落地前行结束，停车恢复,1,0.0000,0.150,0.330
4168.473,SEEK_ROUNDABOUT,20.305,0,1.336,0.0000,0.0000,none,,step_recover_stop,0.0000,0.0000,0,,nan,nan,nan,nan,0.0000,0,nan,nan,nan,nan,0.0000,RECOVER,0,0,normalized_depth_start,1,0,0.000,0,nan,nan,nan,0.0000,0,5,0.6050,0.5404,0.3234,0.5404,0.0646,落地前行结束，停车恢复,1,0.0000,0.150,0.330
4168.559,SEEK_ROUNDABOUT,20.390,0,1.336,0.0000,0.0000,none,,step_recover_stop,0.0000,0.0000,0,,nan,nan,nan,nan,0.0000,0,nan,nan,nan,nan,0.0000,RECOVER,0,0,normalized_depth_start,1,0,0.000,0,nan,nan,nan,0.0000,0,5,0.6050,0.5404,0.3234,0.5404,0.0646,落地前行结束，停车恢复,1,0.0000,0.150,0.330
4168.651,SEEK_ROUNDABOUT,20.483,0,1.336,0.0000,0.0000,none,,step_recover_stop,0.0000,0.0000,0,,nan,nan,nan,nan,0.0000,0,nan,nan,nan,nan,0.0000,RECOVER,0,0,normalized_depth_start,1,0,0.000,0,nan,nan,nan,0.0000,0,5,0.6050,0.5404,0.3234,0.5404,0.0646,落地前行结束，停车恢复,1,0.0000,0.150,0.330
4168.736,SEEK_ROUNDABOUT,20.568,0,1.336,0.0000,0.0000,none,,step_recover_stop,0.0000,0.0000,0,,nan,nan,nan,nan,0.0000,0,nan,nan,nan,nan,0.0000,RECOVER,0,0,normalized_depth_start,1,0,0.000,0,nan,nan,nan,0.0000,0,5,0.6050,0.5404,0.3234,0.5404,0.0646,落地前行结束，停车恢复,1,0.0000,0.150,0.330
4168.819,SEEK_ROUNDABOUT,20.651,0,1.336,0.0000,0.0000,none,,step_recover_stop,0.0000,0.0000,0,,nan,nan,nan,nan,0.0000,0,nan,nan,nan,nan,0.0000,RECOVER,0,0,normalized_depth_start,1,0,0.000,0,nan,nan,nan,0.0000,0,5,0.6050,0.5404,0.3234,0.5404,0.0646,落地前行结束，停车恢复,1,0.0000,0.150,0.330
4168.913,SEEK_ROUNDABOUT,20.745,0,1.336,0.0000,0.0000,none,,step_recover_stop,0.0000,0.0000,0,,nan,nan,nan,nan,0.0000,0,nan,nan,nan,nan,0.0000,RECOVER,0,0,normalized_depth_start,1,0,0.000,0,nan,nan,nan,0.0000,0,5,0.6050,0.5404,0.3234,0.5404,0.0646,落地前行结束，停车恢复,1,0.0000,0.150,0.330
4169.002,SEEK_ROUNDABOUT,20.834,0,1.336,0.0000,0.0000,none,,step_resume_tracking,0.0000,0.0000,0,,nan,nan,nan,nan,0.0000,0,nan,nan,nan,nan,0.0000,IDLE,1,0,step_done_latches_cleared,0,0,0.000,0,nan,nan,nan,0.0000,0,5,0.6050,0.5404,0.3234,0.5404,0.0646,本圈台阶完成,1,0.0000,0.150,0.330
4169.100,SEEK_ROUNDABOUT,20.931,0,1.338,0.0000,0.0000,none,,tracking,0.0370,0.2433,1,line_hard_turn_centering,-0.9210,-0.9205,-0.9254,-0.9281,0.8238,6,0.0049,0.0027,0.0076,-0.9247,0.2433,IDLE,1,0,step_done_latches_cleared,0,0,0.000,0,nan,nan,nan,0.0000,0,5,0.6050,0.5404,0.3234,0.5404,0.0646,本圈台阶完成,1,0.0000,0.150,0.330
4169.215,SEEK_ROUNDABOUT,21.047,0,1.339,0.0000,0.0000,none,,tracking,0.0811,0.5332,1,line_hard_turn_centering,-0.9175,-0.9166,-0.9250,-0.9257,0.8232,6,0.0084,0.0007,0.0091,-0.9224,0.5332,IDLE,1,0,step_done_latches_cleared,0,0,0.000,0,nan,nan,nan,0.0000,0,5,0.6050,0.5404,0.3234,0.5404,0.0646,本圈台阶完成,1,0.0000,0.150,0.330
4169.323,SEEK_ROUNDABOUT,21.155,0,1.339,0.0000,0.0000,none,,tracking,0.1050,0.5600,1,line_hard_turn_centering,-0.9126,-0.9120,-0.9182,-0.9265,0.9106,7,0.0062,0.0082,0.0144,-0.9189,0.5600,IDLE,1,0,step_done_latches_cleared,0,0,0.000,0,nan,nan,nan,0.0000,0,5,0.6050,0.5404,0.3234,0.5404,0.0646,本圈台阶完成,1,0.0000,0.150,0.330
4169.437,SEEK_ROUNDABOUT,21.269,0,1.339,0.0000,0.0000,none,,tracking,0.1050,0.5600,1,line_hard_turn_centering,-0.8894,-0.8892,-0.8912,-0.8874,0.8210,6,0.0020,0.0038,0.0018,-0.8893,0.5600,IDLE,1,0,step_done_latches_cleared,0,0,0.000,0,nan,nan,nan,0.0000,0,5,0.6050,0.5404,0.3234,0.5404,0.0646,本圈台阶完成,1,0.0000,0.150,0.330
4169.564,SEEK_ROUNDABOUT,21.396,0,1.341,0.0000,0.0000,none,,tracking,0.1050,0.5600,1,line_hard_turn_centering,-0.8455,-0.8445,-0.8552,-0.8715,0.9060,7,0.0108,0.0163,0.0271,-0.8571,0.5600,IDLE,1,0,step_done_latches_cleared,0,0,0.000,0,nan,nan,nan,0.0000,0,5,0.6050,0.5404,0.3234,0.5404,0.0646,本圈台阶完成,1,0.0000,0.150,0.330
4169.674,SEEK_ROUNDABOUT,21.506,0,1.346,0.0000,0.0000,none,,tracking,0.1050,0.5600,1,line_hard_turn_centering,-0.8104,-0.8115,-0.8005,-0.8501,0.9881,8,0.0110,0.0496,0.0386,-0.8207,0.5600,IDLE,1,0,step_done_latches_cleared,0,0,0.000,0,nan,nan,nan,0.0000,0,5,0.6050,0.5404,0.3234,0.5404,0.0646,本圈台阶完成,1,0.0000,0.150,0.330
4169.785,SEEK_ROUNDABOUT,21.617,0,1.351,0.0000,0.0000,none,,tracking,0.1050,0.5600,1,line_hard_turn_centering,-0.7369,-0.7376,-0.7310,-0.7912,0.9822,8,0.0065,0.0601,0.0536,-0.7533,0.5600,IDLE,1,0,step_done_latches_cleared,0,0,0.000,0,nan,nan,nan,0.0000,0,5,0.6050,0.5404,0.3234,0.5404,0.0646,本圈台阶完成,1,0.0000,0.150,0.330
4169.902,SEEK_ROUNDABOUT,21.734,0,1.359,0.0000,0.0000,none,,tracking,0.1050,0.5600,1,line_hard_turn_centering,-0.6147,-0.6173,-0.5915,-0.6650,0.9805,8,0.0258,0.0735,0.0478,-0.6246,0.5600,IDLE,1,0,step_done_latches_cleared,0,0,0.000,0,nan,nan,nan,0.0000,0,5,0.6050,0.5404,0.3234,0.5404,0.0646,本圈台阶完成,1,0.0000,0.150,0.330
4170.017,SEEK_ROUNDABOUT,21.849,0,1.370,0.0000,0.0000,none,,tracking,0.1000,0.6155,1,line_center_tracking,-0.4571,-0.4706,-0.4223,-0.5197,0.9739,8,0.0483,0.0974,0.0491,-0.4709,0.6155,IDLE,1,0,step_done_latches_cleared,0,0,0.000,0,nan,nan,nan,0.0000,0,5,0.6050,0.5404,0.3234,0.5404,0.0646,本圈台阶完成,1,0.0000,0.150,0.330
4170.130,SEEK_ROUNDABOUT,21.962,0,1.381,0.0000,0.0000,none,,tracking,0.1426,0.4124,1,line_center_tracking,-0.2147,-0.2299,-0.1756,-0.2023,0.8962,7,0.0542,0.0266,0.0276,-0.2026,0.4124,IDLE,1,0,step_done_latches_cleared,0,0,0.000,0,nan,nan,nan,0.0000,0,5,0.6050,0.5404,0.3234,0.5404,0.0646,本圈台阶完成,1,0.0000,0.150,0.330
4170.234,SEEK_ROUNDABOUT,22.066,0,1.403,0.0000,0.0000,none,,tracking,0.1822,0.2385,1,line_center_tracking,-0.0715,-0.0877,-0.0297,-0.0759,0.8929,7,0.0580,0.0462,0.0118,-0.0645,0.2385,IDLE,1,0,step_done_latches_cleared,0,0,0.000,0,nan,nan,nan,0.0000,0,5,0.6050,0.5404,0.3234,0.5404,0.0646,本圈台阶完成,1,0.0000,0.150,0.330
4170.345,SEEK_ROUNDABOUT,22.177,0,1.432,0.0000,0.0000,none,,tracking,0.2245,0.0951,1,line_center_tracking,0.0407,0.0232,0.0857,0.0387,0.8917,7,0.0625,0.0470,0.0156,0.0492,0.0951,IDLE,1,0,step_done_latches_cleared,0,0,0.000,0,nan,nan,nan,0.0000,0,5,0.6050,0.5404,0.3234,0.5404,0.0646,本圈台阶完成,1,0.0000,0.150,0.330
4170.466,SEEK_ROUNDABOUT,22.298,0,1.456,0.0000,0.0000,none,,tracking,0.2312,-0.0151,1,line_center_tracking,0.1160,0.0968,0.1653,0.1289,0.8912,7,0.0685,0.0363,0.0322,0.1303,-0.0151,IDLE,1,0,step_done_latches_cleared,0,0,0.000,0,nan,nan,nan,0.0000,0,5,0.6050,0.5404,0.3234,0.5404,0.0646,本圈台阶完成,1,0.0000,0.150,0.330
4170.589,SEEK_ROUNDABOUT,22.421,0,1.468,0.0000,0.0000,none,,tracking,0.2239,-0.0907,1,line_center_tracking,0.1549,0.1344,0.2075,0.1891,0.8928,7,0.0731,0.0184,0.0547,0.1770,-0.0907,IDLE,1,0,step_done_latches_cleared,0,0,0.000,0,nan,nan,nan,0.0000,0,5,0.6050,0.5404,0.3234,0.5404,0.0646,本圈台阶完成,1,0.0000,0.150,0.330
4170.702,SEEK_ROUNDABOUT,22.534,0,1.475,0.0000,0.0000,none,,tracking,0.2158,-0.1332,1,line_center_tracking,0.1637,0.1426,0.2179,0.2147,0.8937,7,0.0753,0.0031,0.0722,0.1917,-0.1332,IDLE,1,0,step_done_latches_cleared,0,0,0.000,0,nan,nan,nan,0.0000,0,5,0.6050,0.5404,0.3234,0.5404,0.0646,本圈台阶完成,1,0.0000,0.150,0.330
4170.814,SEEK_ROUNDABOUT,22.646,0,1.479,0.0000,0.0000,none,,tracking,0.2101,-0.1553,1,line_center_tracking,0.1655,0.1452,0.2179,0.2199,0.8947,7,0.0728,0.0020,0.0748,0.1943,-0.1553,IDLE,1,0,step_done_latches_cleared,0,0,0.000,0,nan,nan,nan,0.0000,0,5,0.6050,0.5404,0.3234,0.5404,0.0646,本圈台阶完成,1,0.0000,0.150,0.330
4170.927,SEEK_ROUNDABOUT,22.759,0,1.483,0.0000,0.0000,none,,tracking,0.2084,-0.1619,1,line_center_tracking,0.1578,0.1376,0.2098,0.2064,0.8944,7,0.0722,0.0034,0.0688,0.1846,-0.1619,IDLE,1,0,step_done_latches_cleared,0,0,0.000,0,nan,nan,nan,0.0000,0,5,0.6050,0.5404,0.3234,0.5404,0.0646,本圈台阶完成,1,0.0000,0.150,0.330
4171.036,SEEK_ROUNDABOUT,22.867,0,1.491,0.0000,0.0000,none,,tracking,0.2113,-0.1505,1,line_center_tracking,0.1318,0.1135,0.1789,0.1691,0.8958,7,0.0654,0.0097,0.0557,0.1538,-0.1505,IDLE,1,0,step_done_latches_cleared,0,0,0.000,0,nan,nan,nan,0.0000,0,5,0.6050,0.5404,0.3234,0.5404,0.0646,本圈台阶完成,1,0.0000,0.150,0.330
4171.149,SEEK_ROUNDABOUT,22.981,0,1.499,0.0000,0.0000,none,,tracking,0.2156,-0.1338,1,line_center_tracking,0.1102,0.0936,0.1530,0.1322,0.8961,7,0.0594,0.0208,0.0386,0.1263,-0.1338,IDLE,1,0,step_done_latches_cleared,0,0,0.000,0,nan,nan,nan,0.0000,0,5,0.6050,0.5404,0.3234,0.5404,0.0646,本圈台阶完成,1,0.0000,0.150,0.330
4171.259,SEEK_ROUNDABOUT,23.091,0,1.512,0.0000,0.0000,none,,tracking,0.2206,-0.1142,1,line_center_tracking,0.0893,0.0740,0.1288,0.0956,0.8957,7,0.0548,0.0332,0.0216,0.0995,-0.1142,IDLE,1,0,step_done_latches_cleared,0,0,0.000,0,nan,nan,nan,0.0000,0,5,0.6050,0.5404,0.3234,0.5404,0.0646,本圈台阶完成,1,0.0000,0.150,0.330
4171.367,SEEK_ROUNDABOUT,23.198,0,1.524,0.0000,0.0000,none,,tracking,0.2261,-0.0930,1,line_center_tracking,0.0682,0.0550,0.1021,0.0514,0.8948,7,0.0471,0.0507,0.0035,0.0695,-0.0930,IDLE,1,0,step_done_latches_cleared,0,0,0.000,0,nan,nan,nan,0.0000,0,5,0.6050,0.5404,0.3234,0.5404,0.0646,本圈台阶完成,1,0.0000,0.150,0.330
4171.471,SEEK_ROUNDABOUT,23.303,0,1.536,0.0000,0.0000,none,,tracking,0.1863,-0.0728,1,line_curve_center_riding,0.0501,0.0472,0.0950,-0.1027,0.9553,8,0.0478,0.1977,0.1499,0.0132,-0.0728,IDLE,1,0,step_done_latches_cleared,0,0,0.000,0,nan,nan,nan,0.0000,0,5,0.6050,0.5404,0.3234,0.5404,0.0646,本圈台阶完成,1,0.0000,0.150,0.330
4171.584,SEEK_ROUNDABOUT,23.416,0,1.547,0.0000,0.0000,none,,tracking,0.1700,-0.0568,1,line_curve_center_riding,0.0381,0.0358,0.0736,-0.1111,0.9606,8,0.0378,0.1848,0.1470,-0.0006,-0.0568,IDLE,1,0,step_done_latches_cleared,0,0,0.000,0,nan,nan,nan,0.0000,0,5,0.6050,0.5404,0.3234,0.5404,0.0646,本圈台阶完成,1,0.0000,0.150,0.330
4171.693,SEEK_ROUNDABOUT,23.524,0,1.565,0.0000,0.0000,none,,tracking,0.1700,-0.0465,1,line_curve_center_riding,0.0335,0.0319,0.0584,-0.1488,0.9590,8,0.0266,0.2072,0.1806,-0.0195,-0.0465,IDLE,1,0,step_done_latches_cleared,0,0,0.000,0,nan,nan,nan,0.0000,0,5,0.6050,0.5404,0.3234,0.5404,0.0646,本圈台阶完成,1,0.0000,0.150,0.330
4171.802,SEEK_ROUNDABOUT,23.634,0,1.586,0.0000,0.0000,none,,tracking,0.1700,-0.0401,1,line_curve_center_riding,0.0311,0.0302,0.0456,-0.1537,0.9620,8,0.0153,0.1993,0.1839,-0.0260,-0.0401,IDLE,1,0,step_done_latches_cleared,0,0,0.000,0,nan,nan,nan,0.0000,0,5,0.6050,0.5404,0.3234,0.5404,0.0646,本圈台阶完成,1,0.0000,0.150,0.330
4171.911,SEEK_ROUNDABOUT,23.742,0,1.600,0.0000,0.0000,none,,tracking,0.1700,-0.0404,1,line_curve_center_riding,0.0368,0.0362,0.0459,-0.2344,0.9475,8,0.0098,0.2803,0.2706,-0.0508,-0.0404,IDLE,1,0,step_done_latches_cleared,0,0,0.000,0,nan,nan,nan,0.0000,0,5,0.6050,0.5404,0.3234,0.5404,0.0646,本圈台阶完成,1,0.0000,0.150,0.330
4172.031,SEEK_ROUNDABOUT,23.863,0,1.624,0.0000,0.0000,none,,tracking,0.1700,-0.0429,1,line_curve_center_riding,0.0416,0.0419,0.0367,-0.2682,0.9458,8,0.0053,0.3049,0.3102,-0.0632,-0.0429,IDLE,1,0,step_done_latches_cleared,0,0,0.000,0,nan,nan,nan,0.0000,0,5,0.6050,0.5404,0.3234,0.5404,0.0646,本圈台阶完成,1,0.0000,0.150,0.330
4172.139,SEEK_ROUNDABOUT,23.971,0,1.643,0.0000,0.0000,none,,tracking,0.1450,-0.0478,1,line_curve_center_riding,0.0481,0.0494,0.0273,-0.3296,0.9373,8,0.0222,0.3569,0.3790,-0.0843,-0.0478,IDLE,1,0,step_done_latches_cleared,0,0,0.000,0,nan,nan,nan,0.0000,0,5,0.6050,0.5404,0.3234,0.5404,0.0646,本圈台阶完成,1,0.0000,0.150,0.330
4172.251,SEEK_ROUNDABOUT,24.083,0,1.669,0.0000,0.0000,none,,tracking,0.1450,-0.0510,1,line_curve_center_riding,0.0501,0.0528,0.0091,-0.3524,0.9379,8,0.0437,0.3615,0.4052,-0.0969,-0.0510,IDLE,1,0,step_done_latches_cleared,0,0,0.000,0,nan,nan,nan,0.0000,0,5,0.6050,0.5404,0.3234,0.5404,0.0646,本圈台阶完成,1,0.0000,0.150,0.330
4172.366,SEEK_ROUNDABOUT,24.198,0,1.693,0.0000,0.0000,none,,tracking,0.1700,-0.0499,1,line_curve_center_riding,0.0457,0.0500,-0.0219,-0.3420,0.8693,7,0.0719,0.3201,0.3920,-0.1046,-0.0499,IDLE,1,0,step_done_latches_cleared,0,0,0.000,0,nan,nan,nan,0.0000,0,5,0.6050,0.5404,0.3234,0.5404,0.0646,本圈台阶完成,1,0.0000,0.150,0.330
4172.475,SEEK_ROUNDABOUT,24.307,0,1.722,0.0000,0.0000,none,,tracking,0.1450,-0.0534,1,line_curve_center_riding,0.0520,0.0589,-0.0567,-0.4314,0.8590,7,0.1155,0.3747,0.4903,-0.1431,-0.0534,IDLE,1,0,step_done_latches_cleared,0,0,0.000,0,nan,nan,nan,0.0000,0,5,0.6050,0.5404,0.3234,0.5404,0.0646,本圈台阶完成,1,0.0000,0.150,0.330
4172.584,SEEK_ROUNDABOUT,24.416,0,1.744,0.0000,0.0000,none,,tracking,0.1450,-0.0433,1,line_curve_center_riding,0.0329,0.0406,-0.0868,-0.5474,0.8502,7,0.1273,0.4607,0.5880,-0.1979,-0.0433,IDLE,1,0,step_done_latches_cleared,0,0,0.000,0,nan,nan,nan,0.0000,0,5,0.6050,0.5404,0.3234,0.5404,0.0646,本圈台阶完成,1,0.0000,0.150,0.330
4172.701,SEEK_ROUNDABOUT,24.533,0,1.776,0.0000,0.0000,none,,tracking,0.1450,-0.0294,1,line_curve_center_riding,0.0156,0.0256,-0.1402,-0.7010,0.8348,7,0.1658,0.5608,0.7266,-0.2719,-0.0294,IDLE,1,0,step_done_latches_cleared,0,0,0.000,0,nan,nan,nan,0.0000,0,5,0.6050,0.5404,0.3234,0.5404,0.0646,本圈台阶完成,1,0.0000,0.150,0.330
4172.813,SEEK_ROUNDABOUT,24.645,0,1.807,0.0000,0.0000,none,,tracking,0.1450,-0.0168,1,line_curve_center_riding,0.0046,0.0169,-0.1882,-0.7728,0.8295,7,0.2051,0.5847,0.7897,-0.3147,-0.0168,IDLE,1,0,step_done_latches_cleared,0,0,0.000,0,nan,nan,nan,0.0000,0,5,0.6050,0.5404,0.3234,0.5404,0.0646,本圈台阶完成,1,0.0000,0.150,0.330
4172.917,SEEK_ROUNDABOUT,24.749,0,1.831,0.0000,0.0000,none,,tracking,0.1450,-0.0079,1,line_curve_center_riding,-0.0007,0.0127,-0.2104,-0.4350,0.7680,6,0.2232,0.2246,0.4477,-0.2109,-0.0079,IDLE,1,0,step_done_latches_cleared,0,0,0.000,0,nan,nan,nan,0.0000,0,5,0.6050,0.5404,0.3234,0.5404,0.0646,本圈台阶完成,1,0.0000,0.150,0.330
4173.031,SEEK_ROUNDABOUT,24.863,0,1.851,0.0000,0.0000,none,,tracking,0.1450,0.0180,1,line_curve_center_riding,-0.0374,-0.0223,-0.2750,-0.5320,0.7591,6,0.2528,0.2570,0.5098,-0.2764,0.0180,IDLE,1,0,step_done_latches_cleared,0,0,0.000,0,nan,nan,nan,0.0000,0,5,0.6050,0.5404,0.3234,0.5404,0.0646,本圈台阶完成,1,0.0000,0.150,0.330
4173.141,SEEK_ROUNDABOUT,24.973,0,1.882,0.0000,0.0000,none,,tracking,0.1450,0.0334,1,line_curve_center_riding,-0.0451,-0.0248,-0.3630,-0.7557,0.7304,6,0.3382,0.3927,0.7309,-0.3811,0.0334,IDLE,1,0,step_done_latches_cleared,0,0,0.000,0,nan,nan,nan,0.0000,0,5,0.6050,0.5404,0.3234,0.5404,0.0646,本圈台阶完成,1,0.0000,0.150,0.330
4173.253,SEEK_ROUNDABOUT,25.085,0,1.900,0.0000,0.0000,none,,tracking,0.1450,0.0631,1,line_curve_center_riding,-0.0826,-0.0628,-0.3933,-0.4780,0.6681,5,0.3305,0.0847,0.4152,-0.3114,0.0631,IDLE,1,0,step_done_latches_cleared,0,0,0.000,0,nan,nan,nan,0.0000,0,5,0.6050,0.5404,0.3234,0.5404,0.0646,本圈台阶完成,1,0.0000,0.150,0.330
4173.363,SEEK_ROUNDABOUT,25.195,0,1.931,0.0000,0.0000,none,,tracking,0.1450,0.1005,1,line_curve_center_riding,-0.1241,-0.1036,-0.4456,-0.5122,0.6666,5,0.3420,0.0666,0.4086,-0.3538,0.1005,IDLE,1,0,step_done_latches_cleared,0,0,0.000,0,nan,nan,nan,0.0000,0,5,0.6050,0.5404,0.3234,0.5404,0.0646,本圈台阶完成,1,0.0000,0.150,0.330
4173.475,SEEK_ROUNDABOUT,25.307,0,1.964,0.0000,0.0000,none,,tracking,0.1700,0.1185,1,line_curve_center_riding,-0.1275,-0.1110,-0.3854,-0.3854,0.5841,4,0.2744,0.0000,0.2744,-0.2940,0.1185,IDLE,1,0,step_done_latches_cleared,0,0,0.000,0,nan,nan,nan,0.0000,0,5,0.6050,0.5404,0.3234,0.5404,0.0646,本圈台阶完成,1,0.0000,0.150,0.330
4173.587,SEEK_ROUNDABOUT,25.419,0,1.989,0.0000,0.0000,none,,tracking,0.1700,0.1397,1,line_curve_center_riding,-0.1477,-0.1327,-0.3822,-0.3822,0.5873,4,0.2495,0.0000,0.2495,-0.2990,0.1397,IDLE,1,0,step_done_latches_cleared,0,0,0.000,0,nan,nan,nan,0.0000,0,5,0.6050,0.5404,0.3234,0.5404,0.0646,本圈台阶完成,1,0.0000,0.150,0.330
4173.715,SEEK_ROUNDABOUT,25.547,0,2.025,0.0000,0.0000,none,,tracking,0.1450,0.1713,1,line_curve_center_riding,-0.1857,-0.1527,-0.7022,-0.8220,0.6256,5,0.5495,0.1198,0.6693,-0.5590,0.1713,IDLE,1,0,step_done_latches_cleared,0,0,0.000,0,nan,nan,nan,0.0000,0,5,0.6050,0.5404,0.3234,0.5404,0.0646,本圈台阶完成,1,0.0000,0.150,0.330
4173.824,SEEK_ROUNDABOUT,25.656,0,2.047,0.0000,0.0000,none,,tracking,0.1450,0.2022,1,line_curve_center_riding,-0.2133,-0.1787,-0.7543,-0.8926,0.6169,5,0.5755,0.1383,0.7139,-0.6085,0.2022,IDLE,1,0,step_done_latches_cleared,0,0,0.000,0,nan,nan,nan,0.0000,0,5,0.6050,0.5404,0.3234,0.5404,0.0646,本圈台阶完成,1,0.0000,0.150,0.330
4173.932,SEEK_ROUNDABOUT,25.764,0,2.072,0.0000,0.0000,none,,tracking,0.1450,0.2259,1,line_curve_center_riding,-0.2302,-0.2100,-0.5467,-0.5467,0.5655,4,0.3367,0.0000,0.3367,-0.4345,0.2259,IDLE,1,0,step_done_latches_cleared,0,0,0.000,0,nan,nan,nan,0.0000,0,5,0.6050,0.5404,0.3234,0.5404,0.0646,本圈台阶完成,1,0.0000,0.150,0.330
4174.038,SEEK_ROUNDABOUT,25.870,0,2.094,0.0000,0.0000,none,,tracking,0.1450,0.2368,1,line_curve_center_riding,-0.2301,-0.2079,-0.5785,-0.5785,0.5593,4,0.3706,0.0000,0.3706,-0.4550,0.2368,IDLE,1,0,step_done_latches_cleared,0,0,0.000,0,nan,nan,nan,0.0000,0,5,0.6050,0.5404,0.3234,0.5404,0.0646,本圈台阶完成,1,0.0000,0.150,0.330
4174.143,SEEK_ROUNDABOUT,25.975,0,2.114,0.0000,0.0000,none,,tracking,0.1450,0.2470,1,line_curve_center_riding,-0.2377,-0.2156,-0.5831,-0.5831,0.5564,4,0.3675,0.0000,0.3675,-0.4606,0.2470,IDLE,1,0,step_done_latches_cleared,0,0,0.000,0,nan,nan,nan,0.0000,0,5,0.6050,0.5404,0.3234,0.5404,0.0646,本圈台阶完成,1,0.0000,0.150,0.330
4174.250,SEEK_ROUNDABOUT,26.081,0,2.132,0.0000,0.0000,none,,tracking,0.1450,0.2429,1,line_curve_center_riding,-0.2231,-0.1950,-0.6645,-0.6645,0.5385,4,0.4696,0.0000,0.4696,-0.5080,0.2429,IDLE,1,0,step_done_latches_cleared,0,0,0.000,0,nan,nan,nan,0.0000,0,5,0.6050,0.5404,0.3234,0.5404,0.0646,本圈台阶完成,1,0.0000,0.150,0.330
4174.352,SEEK_ROUNDABOUT,26.184,0,2.147,0.0000,0.0000,none,,tracking,0.1450,0.2439,1,line_curve_center_riding,-0.2263,-0.1974,-0.6800,-0.6800,0.5341,4,0.4826,0.0000,0.4826,-0.5191,0.2439,IDLE,1,0,step_done_latches_cleared,0,0,0.000,0,nan,nan,nan,0.0000,0,5,0.6050,0.5404,0.3234,0.5404,0.0646,本圈台阶完成,1,0.0000,0.150,0.330
4174.463,SEEK_ROUNDABOUT,26.295,0,2.165,0.0000,0.0000,none,,tracking,0.1450,0.2365,1,line_curve_center_riding,-0.2135,-0.1841,-0.6737,-0.6737,0.5351,4,0.4895,0.0000,0.4895,-0.5105,0.2365,IDLE,1,0,step_done_latches_cleared,0,0,0.000,0,nan,nan,nan,0.0000,0,5,0.6050,0.5404,0.3234,0.5404,0.0646,本圈台阶完成,1,0.0000,0.150,0.330
4174.575,SEEK_ROUNDABOUT,26.407,0,2.184,0.0000,0.0000,none,,tracking,0.1450,0.2345,1,line_curve_center_riding,-0.2149,-0.1884,-0.6308,-0.6308,0.5414,4,0.4425,0.0000,0.4425,-0.4833,0.2345,IDLE,1,0,step_done_latches_cleared,0,0,0.000,0,nan,nan,nan,0.0000,0,5,0.6050,0.5404,0.3234,0.5404,0.0646,本圈台阶完成,1,0.0000,0.150,0.330
4174.706,SEEK_ROUNDABOUT,26.538,0,2.205,0.0000,0.0000,none,,tracking,0.1450,0.2242,1,line_curve_center_riding,-0.1992,-0.1721,-0.6238,-0.6238,0.5413,4,0.4518,0.0000,0.4518,-0.4732,0.2242,IDLE,1,0,step_done_latches_cleared,0,0,0.000,0,nan,nan,nan,0.0000,0,5,0.6050,0.5404,0.3234,0.5404,0.0646,本圈台阶完成,1,0.0000,0.150,0.330
4174.815,SEEK_ROUNDABOUT,26.647,0,2.224,0.0000,0.0000,none,,tracking,0.1450,0.2163,1,line_curve_center_riding,-0.1935,-0.1630,-0.6711,-0.6711,0.5316,4,0.5080,0.0000,0.5080,-0.5017,0.2163,IDLE,1,0,step_done_latches_cleared,0,0,0.000,0,nan,nan,nan,0.0000,0,5,0.6050,0.5404,0.3234,0.5404,0.0646,本圈台阶完成,1,0.0000,0.150,0.330
4174.958,SEEK_ROUNDABOUT,26.790,0,2.242,0.0000,0.0000,none,,tracking,0.1450,0.2037,1,line_curve_center_riding,-0.1774,-0.1425,-0.7253,-0.7253,0.5097,4,0.5828,0.0000,0.5828,-0.5310,0.2037,IDLE,1,0,step_done_latches_cleared,0,0,0.000,0,nan,nan,nan,0.0000,0,5,0.6050,0.5404,0.3234,0.5404,0.0646,本圈台阶完成,1,0.0000,0.150,0.330
4175.066,SEEK_ROUNDABOUT,26.898,0,2.253,0.0000,0.0000,none,,tracking,0.1450,0.1888,1,line_curve_center_riding,-0.1627,-0.1306,-0.6666,-0.6666,0.5232,4,0.5360,0.0000,0.5360,-0.4879,0.1888,IDLE,1,0,step_done_latches_cleared,0,0,0.000,0,nan,nan,nan,0.0000,0,5,0.6050,0.5404,0.3234,0.5404,0.0646,本圈台阶完成,1,0.0000,0.150,0.330
4175.169,SEEK_ROUNDABOUT,27.001,0,2.263,0.0000,0.0000,none,,tracking,0.1450,0.1704,1,line_curve_center_riding,-0.1427,-0.1148,-0.5805,-0.5805,0.5388,4,0.4657,0.0000,0.4657,-0.4253,0.1704,IDLE,1,0,step_done_latches_cleared,0,0,0.000,0,nan,nan,nan,0.0000,0,5,0.6050,0.5404,0.3234,0.5404,0.0646,本圈台阶完成,1,0.0000,0.150,0.330
4175.278,SEEK_ROUNDABOUT,27.109,0,2.275,0.0000,0.0000,none,,tracking,0.1450,0.1564,1,line_curve_center_riding,-0.1321,-0.1049,-0.5592,-0.5592,0.5351,4,0.4543,0.0000,0.4543,-0.4077,0.1564,IDLE,1,0,step_done_latches_cleared,0,0,0.000,0,nan,nan,nan,0.0000,0,5,0.6050,0.5404,0.3234,0.5404,0.0646,本圈台阶完成,1,0.0000,0.150,0.330
4175.388,SEEK_ROUNDABOUT,27.220,0,2.283,0.0000,0.0000,none,,tracking,0.1285,0.1364,1,line_curve_center_riding,-0.1097,-0.0671,-0.7778,-0.9203,0.5883,5,0.7107,0.1425,0.8533,-0.5884,0.1364,IDLE,1,0,step_done_latches_cleared,0,0,0.000,0,nan,nan,nan,0.0000,0,5,0.6050,0.5404,0.3234,0.5404,0.0646,本圈台阶完成,1,0.0000,0.150,0.330
4175.502,SEEK_ROUNDABOUT,27.334,0,2.290,0.0000,0.0000,none,,tracking,0.1450,0.1106,1,line_curve_center_riding,-0.0806,-0.0562,-0.4625,-0.4625,0.5444,4,0.4063,0.0000,0.4063,-0.3271,0.1106,IDLE,1,0,step_done_latches_cleared,0,0,0.000,0,nan,nan,nan,0.0000,0,5,0.6050,0.5404,0.3234,0.5404,0.0646,本圈台阶完成,1,0.0000,0.150,0.330
4175.614,SEEK_ROUNDABOUT,27.445,0,2.296,0.0000,0.0000,none,,tracking,0.1450,0.1006,1,line_curve_center_riding,-0.0829,-0.0558,-0.5064,-0.5064,0.5379,4,0.4506,0.0000,0.4506,-0.3562,0.1006,IDLE,1,0,step_done_latches_cleared,0,0,0.000,0,nan,nan,nan,0.0000,0,5,0.6050,0.5404,0.3234,0.5404,0.0646,本圈台阶完成,1,0.0000,0.150,0.330
4175.737,SEEK_ROUNDABOUT,27.569,0,2.303,0.0000,0.0000,none,,tracking,0.1382,0.0934,1,line_curve_center_riding,-0.0795,-0.0403,-0.6940,-0.7972,0.6073,5,0.6537,0.1032,0.7569,-0.5105,0.0934,IDLE,1,0,step_done_latches_cleared,0,0,0.000,0,nan,nan,nan,0.0000,0,5,0.6050,0.5404,0.3234,0.5404,0.0646,本圈台阶完成,1,0.0000,0.150,0.330
4175.850,SEEK_ROUNDABOUT,27.682,0,2.308,0.0000,0.0000,none,,tracking,0.1398,0.0884,1,line_curve_center_riding,-0.0774,-0.0387,-0.6829,-0.7799,0.6068,5,0.6442,0.0970,0.7412,-0.5005,0.0884,IDLE,1,0,step_done_latches_cleared,0,0,0.000,0,nan,nan,nan,0.0000,0,5,0.6050,0.5404,0.3234,0.5404,0.0646,本圈台阶完成,1,0.0000,0.150,0.330
4175.959,SEEK_ROUNDABOUT,27.791,0,2.314,0.0000,0.0000,none,,tracking,0.1428,0.0824,1,line_curve_center_riding,-0.0713,-0.0337,-0.6605,-0.7493,0.6124,5,0.6269,0.0887,0.7156,-0.4812,0.0824,IDLE,1,0,step_done_latches_cleared,0,0,0.000,0,nan,nan,nan,0.0000,0,5,0.6050,0.5404,0.3234,0.5404,0.0646,本圈台阶完成,1,0.0000,0.150,0.330
4176.089,SEEK_ROUNDABOUT,27.921,0,2.318,0.0000,0.0000,none,,tracking,0.1424,0.0650,1,line_curve_center_riding,-0.0459,-0.0081,-0.6374,-0.7523,0.6083,5,0.6293,0.1149,0.7442,-0.4659,0.0650,IDLE,1,0,step_done_latches_cleared,0,0,0.000,0,nan,nan,nan,0.0000,0,5,0.6050,0.5404,0.3234,0.5404,0.0646,本圈台阶完成,1,0.0000,0.150,0.330
4176.216,SEEK_ROUNDABOUT,28.048,0,2.324,0.0000,0.0000,none,,tracking,0.1450,0.0457,1,line_curve_center_riding,-0.0256,0.0012,-0.4464,-0.4464,0.5449,4,0.4476,0.0000,0.4476,-0.2972,0.0457,IDLE,1,0,step_done_latches_cleared,0,0,0.000,0,nan,nan,nan,0.0000,0,5,0.6050,0.5404,0.3234,0.5404,0.0646,本圈台阶完成,1,0.0000,0.150,0.330
4176.342,SEEK_ROUNDABOUT,28.174,0,2.330,0.0000,0.0000,none,,tracking,0.1366,0.0464,1,line_curve_center_riding,-0.0416,-0.0018,-0.6652,-0.7822,0.6030,5,0.6634,0.1170,0.7804,-0.4830,0.0464,IDLE,1,0,step_done_latches_cleared,0,0,0.000,0,nan,nan,nan,0.0000,0,5,0.6050,0.5404,0.3234,0.5404,0.0646,本圈台阶完成,1,0.0000,0.150,0.330
4176.455,SEEK_ROUNDABOUT,28.286,0,2.335,0.0000,0.0000,none,,tracking,0.1414,0.0618,1,line_curve_center_riding,-0.0687,-0.0306,-0.6658,-0.7693,0.6081,5,0.6352,0.1034,0.7387,-0.4886,0.0618,IDLE,1,0,step_done_latches_cleared,0,0,0.000,0,nan,nan,nan,0.0000,0,5,0.6050,0.5404,0.3234,0.5404,0.0646,本圈台阶完成,1,0.0000,0.150,0.330
4176.565,SEEK_ROUNDABOUT,28.397,0,2.340,0.0000,0.0000,none,,tracking,0.1429,0.0740,1,line_curve_center_riding,-0.0791,-0.0415,-0.6678,-0.7664,0.6096,5,0.6263,0.0986,0.7249,-0.4919,0.0740,IDLE,1,0,step_done_latches_cleared,0,0,0.000,0,nan,nan,nan,0.0000,0,5,0.6050,0.5404,0.3234,0.5404,0.0646,本圈台阶完成,1,0.0000,0.150,0.330
4176.692,SEEK_ROUNDABOUT,28.524,0,2.347,0.0000,0.0000,none,,tracking,0.1437,0.0767,1,line_curve_center_riding,-0.0746,-0.0373,-0.6590,-0.7634,0.6100,5,0.6217,0.1044,0.7261,-0.4866,0.0767,IDLE,1,0,step_done_latches_cleared,0,0,0.000,0,nan,nan,nan,0.0000,0,5,0.6050,0.5404,0.3234,0.5404,0.0646,本圈台阶完成,1,0.0000,0.150,0.330
4176.862,SEEK_ROUNDABOUT,28.694,0,2.356,0.0000,0.0000,none,,tracking,0.1450,0.0947,1,line_curve_center_riding,-0.1030,-0.0667,-0.6724,-0.7481,0.6146,5,0.6057,0.0756,0.6814,-0.4957,0.0947,IDLE,1,0,step_done_latches_cleared,0,0,0.000,0,nan,nan,nan,0.0000,0,5,0.6050,0.5404,0.3234,0.5404,0.0646,本圈台阶完成,1,0.0000,0.150,0.330
4176.988,SEEK_ROUNDABOUT,28.820,0,2.362,0.0000,0.0000,none,,tracking,0.1450,0.1029,1,line_curve_center_riding,-0.1029,-0.0749,-0.5426,-0.5426,0.5321,4,0.4678,0.0000,0.4678,-0.3867,0.1029,IDLE,1,0,step_done_latches_cleared,0,0,0.000,0,nan,nan,nan,0.0000,0,5,0.6050,0.5404,0.3234,0.5404,0.0646,本圈台阶完成,1,0.0000,0.150,0.330
4177.118,SEEK_ROUNDABOUT,28.950,0,2.374,0.0000,0.0000,none,,tracking,0.1450,0.1060,1,line_curve_center_riding,-0.1015,-0.0722,-0.5606,-0.5606,0.5306,4,0.4884,0.0000,0.4884,-0.3978,0.1060,IDLE,1,0,step_done_latches_cleared,0,0,0.000,0,nan,nan,nan,0.0000,0,5,0.6050,0.5404,0.3234,0.5404,0.0646,本圈台阶完成,1,0.0000,0.150,0.330
4177.240,SEEK_ROUNDABOUT,29.072,0,2.383,0.0000,0.0000,none,,tracking,0.1450,0.1250,1,line_curve_center_riding,-0.1307,-0.1022,-0.5767,-0.5767,0.5293,4,0.4744,0.0000,0.4744,-0.4185,0.1250,IDLE,1,0,step_done_latches_cleared,0,0,0.000,0,nan,nan,nan,0.0000,0,5,0.6050,0.5404,0.3234,0.5404,0.0646,本圈台阶完成,1,0.0000,0.150,0.330
4177.363,SEEK_ROUNDABOUT,29.194,0,2.394,0.0000,0.0000,none,,tracking,0.1450,0.1419,1,line_curve_center_riding,-0.1463,-0.1177,-0.5949,-0.5949,0.5300,4,0.4772,0.0000,0.4772,-0.4358,0.1419,IDLE,1,0,step_done_latches_cleared,0,0,0.000,0,nan,nan,nan,0.0000,0,5,0.6050,0.5404,0.3234,0.5404,0.0646,本圈台阶完成,1,0.0000,0.150,0.330
4177.504,SEEK_ROUNDABOUT,29.336,0,2.408,0.0000,0.0000,none,,tracking,0.1450,0.1782,1,line_curve_center_riding,-0.1958,-0.1604,-0.7499,-0.8276,0.6146,5,0.5895,0.0777,0.6672,-0.5793,0.1782,IDLE,1,0,step_done_latches_cleared,0,0,0.000,0,nan,nan,nan,0.0000,0,5,0.6050,0.5404,0.3234,0.5404,0.0646,本圈台阶完成,1,0.0000,0.150,0.330
4177.630,SEEK_ROUNDABOUT,29.462,0,2.422,0.0000,0.0000,none,,tracking,0.1450,0.2073,1,line_curve_center_riding,-0.2178,-0.1841,-0.7462,-0.8134,0.6198,5,0.5620,0.0672,0.6293,-0.5812,0.2073,IDLE,1,0,step_done_latches_cleared,0,0,0.000,0,nan,nan,nan,0.0000,0,5,0.6050,0.5404,0.3234,0.5404,0.0646,本圈台阶完成,1,0.0000,0.150,0.330
4177.759,SEEK_ROUNDABOUT,29.591,0,2.442,0.0000,0.0000,none,,tracking,0.1450,0.2372,1,line_curve_center_riding,-0.2460,-0.2138,-0.7511,-0.8224,0.6236,5,0.5373,0.0713,0.6087,-0.5958,0.2372,IDLE,1,0,step_done_latches_cleared,0,0,0.000,0,nan,nan,nan,0.0000,0,5,0.6050,0.5404,0.3234,0.5404,0.0646,本圈台阶完成,1,0.0000,0.150,0.330
4177.868,SEEK_ROUNDABOUT,29.700,0,2.456,0.0000,0.0000,none,,tracking,0.1450,0.2468,1,line_curve_center_riding,-0.2387,-0.2145,-0.6168,-0.6168,0.5375,4,0.4023,0.0000,0.4023,-0.4827,0.2468,IDLE,1,0,step_done_latches_cleared,0,0,0.000,0,nan,nan,nan,0.0000,0,5,0.6050,0.5404,0.3234,0.5404,0.0646,本圈台阶完成,1,0.0000,0.150,0.330
4177.973,SEEK_ROUNDABOUT,29.805,0,2.473,0.0000,0.0000,none,,tracking,0.1700,0.2658,1,line_curve_center_riding,-0.2614,-0.2487,-0.4607,-0.4607,0.4558,3,0.2120,0.0000,0.2120,-0.3900,0.2658,IDLE,1,0,step_done_latches_cleared,0,0,0.000,0,nan,nan,nan,0.0000,0,5,0.6050,0.5404,0.3234,0.5404,0.0646,本圈台阶完成,1,0.0000,0.150,0.330
4178.078,SEEK_ROUNDABOUT,29.910,0,2.489,0.0000,0.0000,none,,tracking,0.1700,0.2707,1,line_curve_center_riding,-0.2563,-0.2431,-0.4645,-0.4645,0.4537,3,0.2215,0.0000,0.2215,-0.3907,0.2707,IDLE,1,0,step_done_latches_cleared,0,0,0.000,0,nan,nan,nan,0.0000,0,5,0.6050,0.5404,0.3234,0.5404,0.0646,本圈台阶完成,1,0.0000,0.150,0.330
4178.187,SEEK_ROUNDABOUT,30.019,0,2.506,0.0000,0.0000,none,,tracking,0.1450,0.2862,1,line_curve_center_riding,-0.2774,-0.2484,-0.7319,-0.7781,0.6348,5,0.4834,0.0463,0.5297,-0.5861,0.2862,IDLE,1,0,step_done_latches_cleared,0,0,0.000,0,nan,nan,nan,0.0000,0,5,0.6050,0.5404,0.3234,0.5404,0.0646,本圈台阶完成,1,0.0000,0.150,0.330
4178.299,SEEK_ROUNDABOUT,30.131,0,2.525,0.0000,0.0000,none,,tracking,0.1450,0.3072,1,line_curve_center_riding,-0.3019,-0.2765,-0.6997,-0.7464,0.6467,5,0.4232,0.0467,0.4699,-0.5742,0.3072,IDLE,1,0,step_done_latches_cleared,0,0,0.000,0,nan,nan,nan,0.0000,0,5,0.6050,0.5404,0.3234,0.5404,0.0646,本圈台阶完成,1,0.0000,0.150,0.330
4178.413,SEEK_ROUNDABOUT,30.245,0,2.540,0.0000,0.0000,none,,tracking,0.1450,0.3214,1,line_curve_center_riding,-0.3106,-0.2880,-0.6657,-0.8219,0.7454,6,0.3777,0.1562,0.5339,-0.5919,0.3214,IDLE,1,0,step_done_latches_cleared,0,0,0.000,0,nan,nan,nan,0.0000,0,5,0.6050,0.5404,0.3234,0.5404,0.0646,本圈台阶完成,1,0.0000,0.150,0.330
4178.518,SEEK_ROUNDABOUT,30.350,0,2.563,0.8000,0.3500,none,,tracking,0.1450,0.3264,1,line_curve_center_riding,-0.3075,-0.2859,-0.6468,-0.6841,0.4485,3,0.3609,0.0373,0.3982,-0.5389,0.3264,IDLE,1,0,step_done_latches_cleared,0,0,0.000,0,nan,nan,nan,0.0000,0,5,0.6050,0.5404,0.3234,0.5404,0.0646,本圈台阶完成,1,0.0000,0.150,0.330
4178.622,SEEK_ROUNDABOUT,30.454,0,2.586,0.0000,0.0500,none,,tracking,0.1676,0.3204,1,line_curve_center_riding,-0.2930,-0.2831,-0.4485,-0.4485,0.4773,3,0.1654,0.0000,0.1654,-0.3934,0.3204,IDLE,1,0,step_done_latches_cleared,0,0,0.000,0,nan,nan,nan,0.0000,0,5,0.6050,0.5404,0.3234,0.5404,0.0646,本圈台阶完成,1,0.0000,0.150,0.330
4178.726,SEEK_ROUNDABOUT,30.558,0,2.603,0.0000,0.0000,none,,tracking,0.1700,0.3103,1,line_curve_center_riding,-0.2793,-0.2699,-0.4253,-0.4253,0.4897,3,0.1554,0.0000,0.1554,-0.3735,0.3103,IDLE,1,0,step_done_latches_cleared,0,0,0.000,0,nan,nan,nan,0.0000,0,5,0.6050,0.5404,0.3234,0.5404,0.0646,本圈台阶完成,1,0.0000,0.150,0.330
4178.828,SEEK_ROUNDABOUT,30.660,0,2.626,0.0000,0.0000,none,,tracking,0.1450,0.3072,1,line_curve_center_riding,-0.2812,-0.2629,-0.5664,-0.6976,0.6644,5,0.3035,0.1312,0.4346,-0.5090,0.3072,IDLE,1,0,step_done_latches_cleared,0,0,0.000,0,nan,nan,nan,0.0000,0,5,0.6050,0.5404,0.3234,0.5404,0.0646,本圈台阶完成,1,0.0000,0.150,0.330
4178.930,SEEK_ROUNDABOUT,30.761,0,2.651,0.8000,0.3500,none,,tracking,0.1700,0.3059,1,line_curve_center_riding,-0.2818,-0.2681,-0.4978,-0.6239,0.6858,5,0.2298,0.1261,0.3558,-0.4633,0.3059,IDLE,1,0,step_done_latches_cleared,0,0,0.000,0,nan,nan,nan,0.0000,0,5,0.6050,0.5404,0.3234,0.5404,0.0646,本圈台阶完成,1,0.0000,0.150,0.330
4179.041,SEEK_ROUNDABOUT,30.873,0,2.679,0.0000,0.0500,none,,tracking,0.1700,0.3058,1,line_curve_center_riding,-0.2829,-0.2709,-0.4718,-0.4949,0.3955,2,0.2009,0.0232,0.2241,-0.4125,0.3058,IDLE,1,0,step_done_latches_cleared,0,0,0.000,0,nan,nan,nan,0.0000,0,5,0.6050,0.5404,0.3234,0.5404,0.0646,本圈台阶完成,1,0.0000,0.150,0.330
4179.143,SEEK_ROUNDABOUT,30.974,0,2.700,0.0000,0.0000,none,,line_bridge_loss,0.1314,0.1223,0,line_too_few_bands,0.0000,0.0000,0.0000,0.0000,0.0000,1,0.0000,0.0000,0.0000,0.0000,0.1223,IDLE,1,0,step_done_latches_cleared,0,0,0.000,0,nan,nan,nan,0.0000,0,5,0.6050,0.5404,0.3234,0.5404,0.0646,本圈台阶完成,1,0.0000,0.150,0.330
4179.246,SEEK_ROUNDABOUT,31.078,0,2.724,0.0000,0.0000,none,,tracking,0.1708,0.2818,1,line_center_tracking,-0.2403,-0.2233,-0.2840,-0.2840,0.4280,2,0.0606,0.0000,0.0606,-0.2638,0.2818,IDLE,1,0,step_done_latches_cleared,0,0,0.000,0,nan,nan,nan,0.0000,0,5,0.6050,0.5404,0.3234,0.5404,0.0646,本圈台阶完成,1,0.0000,0.150,0.330
4179.359,SEEK_ROUNDABOUT,31.191,0,2.754,0.8788,1.0000,none,,tracking,0.1700,0.2686,1,line_curve_center_riding,-0.2374,-0.2248,-0.4347,-0.5928,0.8671,7,0.2100,0.1581,0.3680,-0.4174,0.2686,IDLE,1,0,step_done_latches_cleared,0,0,0.000,0,nan,nan,nan,0.0000,0,5,0.6050,0.5404,0.3234,0.5404,0.0646,本圈台阶完成,1,0.0000,0.150,0.330
4179.462,SEEK_ROUNDABOUT,31.294,0,2.776,0.6000,0.7000,none,,tracking,0.1700,0.2734,1,line_curve_center_riding,-0.2552,-0.2461,-0.3981,-0.5486,0.5980,4,0.1520,0.1505,0.3025,-0.3976,0.2734,IDLE,1,0,step_done_latches_cleared,0,0,0.000,0,nan,nan,nan,0.0000,0,5,0.6050,0.5404,0.3234,0.5404,0.0646,本圈台阶完成,1,0.0000,0.150,0.330
4179.575,SEEK_ROUNDABOUT,31.407,0,2.807,0.8642,1.7000,none,,tracking,0.1700,0.2569,1,line_curve_center_riding,-0.2258,-0.2153,-0.3908,-0.5607,0.7762,6,0.1756,0.1699,0.3455,-0.3889,0.2569,IDLE,1,0,step_done_latches_cleared,0,0,0.000,0,nan,nan,nan,0.0000,0,5,0.6050,0.5404,0.3234,0.5404,0.0646,本圈台阶完成,1,0.0000,0.150,0.330
4179.681,ROUNDABOUT_APPROACH,0.000,0,2.834,0.9014,0.0000,vision,2.834,tracking,0.1700,0.2525,1,line_curve_center_riding,-0.2338,-0.2217,-0.4228,-0.5272,0.6910,5,0.2011,0.1044,0.3055,-0.3906,0.2525,IDLE,1,0,step_done_latches_cleared,0,0,0.000,0,nan,nan,nan,0.0000,0,5,0.6050,0.5404,0.3234,0.5404,0.0646,本圈台阶完成,1,0.0000,0.150,0.330
4179.798,ROUNDABOUT_APPROACH,0.117,0,2.834,0.8000,0.0000,vision,2.834,tracking,0.1865,0.2471,1,line_center_tracking,-0.2248,-0.1927,-0.3072,-0.3072,0.5222,3,0.1145,0.0000,0.1145,-0.2690,0.2471,IDLE,1,0,step_done_latches_cleared,0,0,0.000,0,nan,nan,nan,0.0000,0,5,0.6050,0.5404,0.3234,0.5404,0.0646,本圈台阶完成,1,0.0000,0.150,0.330
4179.901,ROUNDABOUT_APPROACH,0.220,0,2.834,0.8679,0.0000,vision,2.834,tracking,0.1700,0.2177,1,line_curve_center_riding,-0.1795,-0.1714,-0.3069,-0.3925,0.6102,4,0.1355,0.0857,0.2211,-0.2903,0.2177,IDLE,1,0,step_done_latches_cleared,0,0,0.000,0,nan,nan,nan,0.0000,0,5,0.6050,0.5404,0.3234,0.5404,0.0646,本圈台阶完成,1,0.0000,0.150,0.330
4180.011,ROUNDABOUT_APPROACH,0.331,0,2.834,0.8586,0.0000,vision,2.834,tracking,0.1960,0.2101,1,line_center_tracking,-0.1856,-0.1543,-0.2662,-0.2814,0.5313,3,0.1119,0.0152,0.1271,-0.2340,0.2101,IDLE,1,0,step_done_latches_cleared,0,0,0.000,0,nan,nan,nan,0.0000,0,5,0.6050,0.5404,0.3234,0.5404,0.0646,本圈台阶完成,1,0.0000,0.150,0.330
4180.127,ROUNDABOUT_APPROACH,0.447,0,2.834,0.8000,0.0000,vision,2.834,tracking,0.1700,0.1956,1,line_curve_center_riding,-0.1690,-0.1605,-0.3024,-0.2716,0.5762,4,0.1419,0.0308,0.1112,-0.2448,0.1956,IDLE,1,0,step_done_latches_cleared,0,0,0.000,0,nan,nan,nan,0.0000,0,5,0.6050,0.5404,0.3234,0.5404,0.0646,本圈台阶完成,1,0.0000,0.150,0.330
4180.232,ROUNDABOUT_APPROACH,0.551,0,2.834,0.8969,0.0000,vision,2.834,tracking,0.1700,0.1728,1,line_curve_center_riding,-0.1417,-0.1326,-0.2832,-0.3467,0.7676,6,0.1506,0.0635,0.2141,-0.2542,0.1728,IDLE,1,0,step_done_latches_cleared,0,0,0.000,0,nan,nan,nan,0.0000,0,5,0.6050,0.5404,0.3234,0.5404,0.0646,本圈台阶完成,1,0.0000,0.150,0.330
4180.352,ROUNDABOUT_APPROACH,0.671,0,2.834,0.8000,0.0000,vision,2.834,tracking,0.1700,0.1393,1,line_curve_center_riding,-0.1006,-0.0939,-0.2062,-0.2812,0.7113,5,0.1123,0.0750,0.1873,-0.1938,0.1393,IDLE,1,0,step_done_latches_cleared,0,0,0.000,0,nan,nan,nan,0.0000,0,5,0.6050,0.5404,0.3234,0.5404,0.0646,本圈台阶完成,1,0.0000,0.150,0.330
4180.466,ROUNDABOUT_APPROACH,0.786,0,2.834,0.8089,0.0000,vision,2.834,tracking,0.2136,0.1202,1,line_center_tracking,-0.0935,-0.0702,-0.1534,-0.2269,0.6243,4,0.0832,0.0736,0.1568,-0.1502,0.1202,IDLE,1,0,step_done_latches_cleared,0,0,0.000,0,nan,nan,nan,0.0000,0,5,0.6050,0.5404,0.3234,0.5404,0.0646,本圈台阶完成,1,0.0000,0.150,0.330
4180.573,ROUNDABOUT_APPROACH,0.892,0,2.834,0.8949,0.0000,vision,2.834,tracking,0.2156,0.1337,1,line_center_tracking,-0.1316,-0.1034,-0.2041,-0.1503,0.5820,4,0.1008,0.0538,0.0470,-0.1526,0.1337,IDLE,1,0,step_done_latches_cleared,0,0,0.000,0,nan,nan,nan,0.0000,0,5,0.6050,0.5404,0.3234,0.5404,0.0646,本圈台阶完成,1,0.0000,0.150,0.330
4180.695,ROUNDABOUT_APPROACH,1.014,0,2.834,0.8813,0.0000,vision,2.834,tracking,0.1700,0.1064,1,line_curve_center_riding,-0.0785,-0.0649,-0.2904,-0.2904,0.4842,3,0.2255,0.0000,0.2255,-0.2153,0.1064,IDLE,1,0,step_done_latches_cleared,0,0,0.000,0,nan,nan,nan,0.0000,0,5,0.6050,0.5404,0.3234,0.5404,0.0646,本圈台阶完成,1,0.0000,0.150,0.330
4180.830,ROUNDABOUT_APPROACH,1.149,0,2.834,0.8896,0.0000,vision,2.834,tracking,0.1700,0.2508,1,line_curve_center_riding,-0.3440,-0.3573,-0.1360,-0.1370,0.6843,5,0.2213,0.0010,0.2203,-0.2101,0.2508,IDLE,1,0,step_done_latches_cleared,0,0,0.000,0,nan,nan,nan,0.0000,0,5,0.6050,0.5404,0.3234,0.5404,0.0646,本圈台阶完成,1,0.0000,0.150,0.330
4180.964,ROUNDABOUT_APPROACH,1.283,0,2.834,0.9148,0.0000,vision,2.834,tracking,0.1450,0.1010,1,line_curve_center_riding,0.0125,0.0298,-0.2583,-0.2583,0.3277,2,0.2880,0.0000,0.2880,-0.1622,0.1010,IDLE,1,0,step_done_latches_cleared,0,0,0.000,0,nan,nan,nan,0.0000,0,5,0.6050,0.5404,0.3234,0.5404,0.0646,本圈台阶完成,1,0.0000,0.150,0.330
4181.079,ROUNDABOUT_APPROACH,1.398,0,2.834,0.6000,0.0000,vision,2.834,line_bridge_loss,0.1013,0.0404,0,line_too_few_bands,0.0000,0.0000,0.0000,0.0000,0.0000,1,0.0000,0.0000,0.0000,0.0000,0.0404,IDLE,1,0,step_done_latches_cleared,0,0,0.000,0,nan,nan,nan,0.0000,0,5,0.6050,0.5404,0.3234,0.5404,0.0646,本圈台阶完成,1,0.0000,0.150,0.330
4181.189,ROUNDABOUT_APPROACH,1.508,0,2.834,0.8000,0.0000,vision,2.834,tracking,0.1431,0.1328,1,line_center_tracking,-0.1377,-0.1306,-0.1561,-0.1561,0.4033,2,0.0255,0.0000,0.0255,-0.1476,0.1328,IDLE,1,0,step_done_latches_cleared,0,0,0.000,0,nan,nan,nan,0.0000,0,5,0.6050,0.5404,0.3234,0.5404,0.0646,本圈台阶完成,1,0.0000,0.150,0.330
4181.293,ROUNDABOUT_APPROACH,1.613,0,2.834,0.8426,0.0000,vision,2.834,tracking,0.1828,0.1367,1,line_center_tracking,-0.1303,-0.1165,-0.1660,-0.1660,0.3358,2,0.0495,0.0000,0.0495,-0.1495,0.1367,IDLE,1,0,step_done_latches_cleared,0,0,0.000,0,nan,nan,nan,0.0000,0,5,0.6050,0.5404,0.3234,0.5404,0.0646,本圈台阶完成,1,0.0000,0.150,0.330
4181.398,ROUNDABOUT_APPROACH,1.718,0,2.834,0.8274,0.0000,vision,2.834,tracking,0.2212,0.1120,1,line_center_tracking,-0.0860,-0.1129,-0.0167,-0.1352,0.7699,6,0.0961,0.1184,0.0223,-0.0883,0.1120,IDLE,1,0,step_done_latches_cleared,0,0,0.000,0,nan,nan,nan,0.0000,0,5,0.6050,0.5404,0.3234,0.5404,0.0646,本圈台阶完成,1,0.0000,0.150,0.330
4181.511,ROUNDABOUT_APPROACH,1.831,0,2.834,0.8765,0.0000,vision,2.834,tracking,0.2328,0.0637,1,line_center_tracking,-0.0200,-0.0482,0.0523,-0.0145,0.6932,5,0.1005,0.0668,0.0337,-0.0034,0.0637,IDLE,1,0,step_done_latches_cleared,0,0,0.000,0,nan,nan,nan,0.0000,0,5,0.6050,0.5404,0.3234,0.5404,0.0646,本圈台阶完成,1,0.0000,0.150,0.330
4181.619,ROUNDABOUT_APPROACH,1.938,0,2.834,0.6000,0.0000,vision,2.834,tracking,0.1921,0.0316,1,line_curve_center_riding,-0.0005,-0.0074,0.1089,-0.0548,0.7491,6,0.1164,0.1637,0.0474,0.0156,0.0316,IDLE,1,0,step_done_latches_cleared,0,0,0.000,0,nan,nan,nan,0.0000,0,5,0.6050,0.5404,0.3234,0.5404,0.0646,本圈台阶完成,1,0.0000,0.150,0.330
4181.734,ROUNDABOUT_APPROACH,2.054,0,2.834,0.8651,0.0000,vision,2.834,tracking,0.2331,-0.0313,1,line_center_tracking,0.0808,0.0868,0.0656,0.0167,0.8687,7,0.0212,0.0489,0.0701,0.0563,-0.0313,IDLE,1,0,step_done_latches_cleared,0,0,0.000,0,nan,nan,nan,0.0000,0,5,0.6050,0.5404,0.3234,0.5404,0.0646,本圈台阶完成,1,0.0000,0.150,0.330
4181.846,ROUNDABOUT_APPROACH,2.165,0,2.834,0.8247,0.0000,vision,2.834,tracking,0.2283,-0.0650,1,line_center_tracking,0.0920,0.1115,0.0420,0.0356,0.6309,4,0.0695,0.0064,0.0759,0.0630,-0.0650,IDLE,1,0,step_done_latches_cleared,0,0,0.000,0,nan,nan,nan,0.0000,0,5,0.6050,0.5404,0.3234,0.5404,0.0646,本圈台阶完成,1,0.0000,0.150,0.330
4181.953,ROUNDABOUT_APPROACH,2.273,0,2.834,0.6000,0.0000,vision,2.834,tracking,0.2286,-0.0831,1,line_center_tracking,0.0945,0.0990,0.0830,0.0830,0.4298,2,0.0161,0.0000,0.0161,0.0883,-0.0831,IDLE,1,0,step_done_latches_cleared,0,0,0.000,0,nan,nan,nan,0.0000,0,5,0.6050,0.5404,0.3234,0.5404,0.0646,本圈台阶完成,1,0.0000,0.150,0.330
4182.059,ROUNDABOUT_APPROACH,2.378,0,2.834,0.8713,0.0000,vision,2.834,tracking,0.2272,-0.0886,1,line_center_tracking,0.0884,0.1059,0.0434,0.0448,0.8046,6,0.0624,0.0014,0.0610,0.0647,-0.0886,IDLE,1,0,step_done_latches_cleared,0,0,0.000,0,nan,nan,nan,0.0000,0,5,0.6050,0.5404,0.3234,0.5404,0.0646,本圈台阶完成,1,0.0000,0.150,0.330
4182.162,ROUNDABOUT_APPROACH,2.482,0,2.834,0.8000,0.0000,vision,2.834,tracking,0.2305,-0.0759,1,line_center_tracking,0.0617,0.0655,0.0520,0.0335,0.7192,5,0.0135,0.0185,0.0320,0.0504,-0.0759,IDLE,1,0,step_done_latches_cleared,0,0,0.000,0,nan,nan,nan,0.0000,0,5,0.6050,0.5404,0.3234,0.5404,0.0646,本圈台阶完成,1,0.0000,0.150,0.330
4182.280,ROUNDABOUT_APPROACH,2.599,0,2.834,0.8702,0.0000,vision,2.834,tracking,0.2318,-0.0709,1,line_center_tracking,0.0606,0.0666,0.0452,0.0195,0.8129,6,0.0214,0.0257,0.0471,0.0437,-0.0709,IDLE,1,0,step_done_latches_cleared,0,0,0.000,0,nan,nan,nan,0.0000,0,5,0.6050,0.5404,0.3234,0.5404,0.0646,本圈台阶完成,1,0.0000,0.150,0.330
4182.391,ROUNDABOUT_APPROACH,2.710,0,2.834,0.9137,0.0000,vision,2.834,tracking,0.2355,-0.0566,1,line_center_tracking,0.0410,0.0403,0.0427,0.0046,0.7262,5,0.0024,0.0381,0.0357,0.0292,-0.0566,IDLE,1,0,step_done_latches_cleared,0,0,0.000,0,nan,nan,nan,0.0000,0,5,0.6050,0.5404,0.3234,0.5404,0.0646,本圈台阶完成,1,0.0000,0.150,0.330
4182.500,ROUNDABOUT_APPROACH,2.820,0,2.834,0.9128,0.0000,vision,2.834,line_bridge_loss,0.1939,-0.0226,0,line_too_few_bands,0.0000,0.0000,0.0000,0.0000,0.0000,1,0.0000,0.0000,0.0000,0.0000,-0.0226,IDLE,1,0,step_done_latches_cleared,0,0,0.000,0,nan,nan,nan,0.0000,0,5,0.6050,0.5404,0.3234,0.5404,0.0646,本圈台阶完成,1,0.0000,0.150,0.330
4182.607,ROUNDABOUT_APPROACH,2.927,0,2.834,0.8727,0.0000,vision,2.834,tracking,0.2347,-0.0378,1,line_center_tracking,0.0171,0.0261,-0.0060,-0.0253,0.8145,6,0.0321,0.0193,0.0514,-0.0017,-0.0378,IDLE,1,0,step_done_latches_cleared,0,0,0.000,0,nan,nan,nan,0.0000,0,5,0.6050,0.5404,0.3234,0.5404,0.0646,本圈台阶完成,1,0.0000,0.150,0.330
4182.718,ROUNDABOUT_APPROACH,3.038,0,2.834,0.8659,0.0000,vision,2.834,tracking,0.2425,-0.0232,1,line_center_tracking,0.0094,0.0216,-0.0220,-0.0450,0.7188,5,0.0436,0.0230,0.0666,-0.0151,-0.0232,IDLE,1,0,step_done_latches_cleared,0,0,0.000,0,nan,nan,nan,0.0000,0,5,0.6050,0.5404,0.3234,0.5404,0.0646,本圈台阶完成,1,0.0000,0.150,0.330
4182.830,ROUNDABOUT_APPROACH,3.150,0,2.834,0.8225,0.0000,vision,2.834,tracking,0.1999,-0.0210,1,line_curve_center_riding,0.0162,0.0194,-0.0341,-0.3133,0.5876,4,0.0534,0.2792,0.3327,-0.1093,-0.0210,IDLE,1,0,step_done_latches_cleared,0,0,0.000,0,nan,nan,nan,0.0000,0,5,0.6050,0.5404,0.3234,0.5404,0.0646,本圈台阶完成,1,0.0000,0.150,0.330
4182.954,ROUNDABOUT_APPROACH,3.273,0,2.834,0.8125,0.0000,vision,2.834,tracking,0.1700,-0.0448,1,line_curve_center_riding,0.0594,0.0697,-0.1015,-0.1143,0.7824,6,0.1712,0.0128,0.1840,-0.0487,-0.0448,IDLE,1,0,step_done_latches_cleared,0,0,0.000,0,nan,nan,nan,0.0000,0,5,0.6050,0.5404,0.3234,0.5404,0.0646,本圈台阶完成,1,0.0000,0.150,0.330
4183.065,ROUNDABOUT_APPROACH,3.385,0,2.834,0.8839,0.0000,vision,2.834,tracking,0.1450,-0.0231,1,line_curve_center_riding,0.0071,0.0093,-0.0265,-0.3973,0.5756,4,0.0357,0.3708,0.4066,-0.1382,-0.0231,IDLE,1,0,step_done_latches_cleared,0,0,0.000,0,nan,nan,nan,0.0000,0,5,0.6050,0.5404,0.3234,0.5404,0.0646,本圈台阶完成,1,0.0000,0.150,0.330
4183.182,ROUNDABOUT_APPROACH,3.502,0,2.834,0.9069,0.0000,vision,2.834,tracking,0.1895,-0.0113,1,line_center_tracking,-0.0003,0.0216,-0.0567,-0.0978,0.8008,6,0.0782,0.0411,0.1193,-0.0443,-0.0113,IDLE,1,0,step_done_latches_cleared,0,0,0.000,0,nan,nan,nan,0.0000,0,5,0.6050,0.5404,0.3234,0.5404,0.0646,本圈台阶完成,1,0.0000,0.150,0.330
4183.292,ROUNDABOUT_APPROACH,3.611,0,2.834,0.8000,0.0000,vision,2.834,tracking,0.2312,-0.0008,1,line_center_tracking,-0.0085,0.0138,-0.0657,-0.0573,0.8044,6,0.0795,0.0084,0.0711,-0.0364,-0.0008,IDLE,1,0,step_done_latches_cleared,0,0,0.000,0,nan,nan,nan,0.0000,0,5,0.6050,0.5404,0.3234,0.5404,0.0646,本圈台阶完成,1,0.0000,0.150,0.330
4183.402,ROUNDABOUT_APPROACH,3.721,0,2.834,0.9476,0.0000,vision,2.834,tracking,0.2400,0.0153,1,line_center_tracking,-0.0275,-0.0112,-0.0695,-0.0836,0.8049,6,0.0583,0.0141,0.0724,-0.0547,0.0153,IDLE,1,0,step_done_latches_cleared,0,0,0.000,0,nan,nan,nan,0.0000,0,5,0.6050,0.5404,0.3234,0.5404,0.0646,本圈台阶完成,1,0.0000,0.150,0.330
4183.509,ROUNDABOUT_APPROACH,3.828,0,2.834,0.8640,0.0000,vision,2.834,line_bridge_loss,0.1995,0.0061,0,line_too_few_bands,0.0000,0.0000,0.0000,0.0000,0.0000,1,0.0000,0.0000,0.0000,0.0000,0.0061,IDLE,1,0,step_done_latches_cleared,0,0,0.000,0,nan,nan,nan,0.0000,0,5,0.6050,0.5404,0.3234,0.5404,0.0646,本圈台阶完成,1,0.0000,0.150,0.330
4183.626,ROUNDABOUT_APPROACH,3.946,0,2.834,0.9385,0.0000,vision,2.834,tracking,0.1700,0.0120,1,line_curve_center_riding,-0.0102,0.0003,-0.1747,-0.3655,0.6825,5,0.1750,0.1907,0.3657,-0.1800,0.0120,IDLE,1,0,step_done_latches_cleared,0,0,0.000,0,nan,nan,nan,0.0000,0,5,0.6050,0.5404,0.3234,0.5404,0.0646,本圈台阶完成,1,0.0000,0.150,0.330
4183.747,ROUNDABOUT_APPROACH,4.066,0,2.834,0.9410,0.0000,vision,2.834,tracking,0.1700,0.0499,1,line_curve_center_riding,-0.0753,-0.0700,-0.1594,-0.4436,0.5593,4,0.0894,0.2842,0.3736,-0.2243,0.0499,IDLE,1,0,step_done_latches_cleared,0,0,0.000,0,nan,nan,nan,0.0000,0,5,0.6050,0.5404,0.3234,0.5404,0.0646,本圈台阶完成,1,0.0000,0.150,0.330
4183.859,ROUNDABOUT_APPROACH,4.178,0,2.834,0.8589,0.0000,vision,2.834,tracking,0.2123,0.0741,1,line_center_tracking,-0.0902,-0.0860,-0.1009,-0.1228,0.7928,6,0.0149,0.0219,0.0368,-0.1032,0.0741,IDLE,1,0,step_done_latches_cleared,0,0,0.000,0,nan,nan,nan,0.0000,0,5,0.6050,0.5404,0.3234,0.5404,0.0646,本圈台阶完成,1,0.0000,0.150,0.330
4183.988,ROUNDABOUT_APPROACH,4.307,0,2.834,0.9416,0.0000,vision,2.834,tracking,0.2255,0.0954,1,line_center_tracking,-0.1080,-0.0983,-0.1329,-0.1006,0.7901,6,0.0346,0.0324,0.0022,-0.1106,0.0954,IDLE,1,0,step_done_latches_cleared,0,0,0.000,0,nan,nan,nan,0.0000,0,5,0.6050,0.5404,0.3234,0.5404,0.0646,本圈台阶完成,1,0.0000,0.150,0.330
4184.094,ROUNDABOUT_APPROACH,4.413,0,2.834,0.9044,0.0000,vision,2.834,tracking,0.1852,0.0925,1,line_curve_center_riding,-0.0856,-0.0714,-0.3079,-0.5819,0.5458,4,0.2364,0.2741,0.5105,-0.3204,0.0925,IDLE,1,0,step_done_latches_cleared,0,0,0.000,0,nan,nan,nan,0.0000,0,5,0.6050,0.5404,0.3234,0.5404,0.0646,本圈台阶完成,1,0.0000,0.150,0.330
4184.202,ROUNDABOUT_APPROACH,4.522,0,2.834,0.8000,0.0000,vision,2.834,tracking,0.1450,0.0771,1,line_curve_center_riding,-0.0599,-0.0422,-0.3369,-0.6667,0.7306,6,0.2947,0.3298,0.6245,-0.3486,0.0771,IDLE,1,0,step_done_latches_cleared,0,0,0.000,0,nan,nan,nan,0.0000,0,5,0.6050,0.5404,0.3234,0.5404,0.0646,本圈台阶完成,1,0.0000,0.150,0.330
4184.311,ROUNDABOUT_APPROACH,4.630,0,2.834,0.9454,0.0000,vision,2.834,tracking,0.1863,0.0543,1,line_center_tracking,-0.0317,-0.0322,-0.0305,-0.0562,0.8089,6,0.0016,0.0256,0.0240,-0.0396,0.0543,IDLE,1,0,step_done_latches_cleared,0,0,0.000,0,nan,nan,nan,0.0000,0,5,0.6050,0.5404,0.3234,0.5404,0.0646,本圈台阶完成,1,0.0000,0.150,0.330
4184.416,ROUNDABOUT_APPROACH,4.735,0,2.834,0.8787,0.0000,vision,2.834,tracking,0.1465,0.0548,1,line_curve_center_riding,-0.0487,-0.0272,-0.3864,-0.4500,0.5554,4,0.3592,0.0636,0.4228,-0.2878,0.0548,IDLE,1,0,step_done_latches_cleared,0,0,0.000,0,nan,nan,nan,0.0000,0,5,0.6050,0.5404,0.3234,0.5404,0.0646,本圈台阶完成,1,0.0000,0.150,0.330
4184.520,ROUNDABOUT_APPROACH,4.840,0,2.834,0.9094,0.0000,vision,2.834,tracking,0.1450,0.0522,1,line_curve_center_riding,-0.0462,-0.0140,-0.5510,-0.6450,0.5208,4,0.5370,0.0940,0.6310,-0.4033,0.0522,IDLE,1,0,step_done_latches_cleared,0,0,0.000,0,nan,nan,nan,0.0000,0,5,0.6050,0.5404,0.3234,0.5404,0.0646,本圈台阶完成,1,0.0000,0.150,0.330
4184.635,ROUNDABOUT_APPROACH,4.954,0,2.834,0.9224,0.0000,vision,2.834,tracking,0.1450,0.0353,1,line_curve_center_riding,-0.0195,0.0147,-0.5566,-0.6733,0.6242,5,0.5713,0.1167,0.6880,-0.4050,0.0353,IDLE,1,0,step_done_latches_cleared,0,0,0.000,0,nan,nan,nan,0.0000,0,5,0.6050,0.5404,0.3234,0.5404,0.0646,本圈台阶完成,1,0.0000,0.150,0.330
4184.752,ROUNDABOUT_APPROACH,5.071,0,2.834,0.8835,0.0000,vision,2.834,tracking,0.1450,0.0787,1,line_curve_center_riding,-0.1043,-0.0735,-0.5875,-0.6868,0.5053,4,0.5140,0.0993,0.6133,-0.4493,0.0787,IDLE,1,0,step_done_latches_cleared,0,0,0.000,0,nan,nan,nan,0.0000,0,5,0.6050,0.5404,0.3234,0.5404,0.0646,本圈台阶完成,1,0.0000,0.150,0.330
4184.868,ROUNDABOUT_APPROACH,5.187,0,2.834,0.8567,0.0000,vision,2.834,tracking,0.1891,0.0878,1,line_center_tracking,-0.0921,-0.1154,-0.0321,0.0010,0.7726,6,0.0833,0.0331,0.1164,-0.0489,0.0878,IDLE,1,0,step_done_latches_cleared,0,0,0.000,0,nan,nan,nan,0.0000,0,5,0.6050,0.5404,0.3234,0.5404,0.0646,本圈台阶完成,1,0.0000,0.150,0.330
4184.995,ROUNDABOUT_APPROACH,5.315,0,2.834,0.9147,0.0000,vision,2.834,tracking,0.2376,0.0459,1,line_center_tracking,-0.0111,-0.0224,0.0180,0.0180,0.3613,2,0.0404,0.0000,0.0404,0.0045,0.0459,IDLE,1,0,step_done_latches_cleared,0,0,0.000,0,nan,nan,nan,0.0000,0,5,0.6050,0.5404,0.3234,0.5404,0.0646,本圈台阶完成,1,0.0000,0.150,0.330
4185.110,ROUNDABOUT_APPROACH,5.430,0,2.834,0.8507,0.0000,vision,2.834,tracking,0.2366,-0.0200,1,line_center_tracking,0.0720,0.0689,0.0798,0.0494,0.8143,6,0.0109,0.0304,0.0195,0.0661,-0.0200,IDLE,1,0,step_done_latches_cleared,0,0,0.000,0,nan,nan,nan,0.0000,0,5,0.6050,0.5404,0.3234,0.5404,0.0646,本圈台阶完成,1,0.0000,0.150,0.330
4185.228,ROUNDABOUT_APPROACH,5.547,0,2.834,0.4000,0.0000,vision,2.834,tracking,0.2291,-0.0676,1,line_center_tracking,0.1057,0.1074,0.1013,0.1013,0.4703,2,0.0061,0.0000,0.0061,0.1033,-0.0676,IDLE,1,0,step_done_latches_cleared,0,0,0.000,0,nan,nan,nan,0.0000,0,5,0.6050,0.5404,0.3234,0.5404,0.0646,本圈台阶完成,1,0.0000,0.150,0.330
4185.345,ROUNDABOUT_APPROACH,5.664,0,2.834,0.8698,0.0000,vision,2.834,line_bridge_loss,0.1847,-0.0270,0,line_low_confidence,-0.2945,-0.2663,-0.7375,-0.7375,0.2340,2,0.4712,0.0000,0.4712,-0.5804,-0.0270,IDLE,1,0,step_done_latches_cleared,0,0,0.000,0,nan,nan,nan,0.0000,0,5,0.6050,0.5404,0.3234,0.5404,0.0646,本圈台阶完成,1,0.0000,0.150,0.330
4185.457,ROUNDABOUT_APPROACH,5.776,0,2.834,0.8822,0.0000,vision,2.834,tracking,0.1700,0.0825,1,line_recenter_transition,-0.2011,-0.2067,0.0733,0.0833,0.6929,5,0.2800,0.0100,0.2900,-0.0167,0.0825,IDLE,1,0,step_done_latches_cleared,0,0,0.000,0,nan,nan,nan,0.0000,0,5,0.6050,0.5404,0.3234,0.5404,0.0646,本圈台阶完成,1,0.0000,0.150,0.330
4185.581,ROUNDABOUT_APPROACH,5.900,0,2.834,0.8762,0.0000,vision,2.834,tracking,0.2173,0.0005,1,line_center_tracking,0.0556,0.0428,0.0884,0.0516,0.8060,6,0.0456,0.0369,0.0088,0.0609,0.0005,IDLE,1,0,step_done_latches_cleared,0,0,0.000,0,nan,nan,nan,0.0000,0,5,0.6050,0.5404,0.3234,0.5404,0.0646,本圈台阶完成,1,0.0000,0.150,0.330
4185.691,ROUNDABOUT_APPROACH,6.010,0,2.834,0.8748,0.0000,vision,2.834,tracking,0.2300,-0.0535,1,line_center_tracking,0.0965,0.1029,0.0799,0.0518,0.7294,5,0.0230,0.0282,0.0511,0.0782,-0.0535,IDLE,1,0,step_done_latches_cleared,0,0,0.000,0,nan,nan,nan,0.0000,0,5,0.6050,0.5404,0.3234,0.5404,0.0646,本圈台阶完成,1,0.0000,0.150,0.330
4185.814,ROUNDABOUT_APPROACH,6.134,0,2.834,0.8781,0.0000,vision,2.834,tracking,0.2277,-0.0828,1,line_center_tracking,0.1057,0.1148,0.0823,0.0577,0.7286,5,0.0325,0.0247,0.0571,0.0849,-0.0828,IDLE,1,0,step_done_latches_cleared,0,0,0.000,0,nan,nan,nan,0.0000,0,5,0.6050,0.5404,0.3234,0.5404,0.0646,本圈台阶完成,1,0.0000,0.150,0.330
4185.922,ROUNDABOUT_APPROACH,6.241,0,2.834,0.0000,0.0000,vision,2.834,tracking,0.1868,0.1859,1,line_edge_single_rescue,-0.9031,-0.9031,-0.9031,-0.9031,0.3100,1,0.0000,0.0000,0.0000,-0.9031,0.1859,IDLE,1,0,step_done_latches_cleared,0,0,0.000,0,nan,nan,nan,0.0000,0,5,0.6050,0.5404,0.3234,0.5404,0.0646,本圈台阶完成,1,0.0000,0.150,0.330
4186.045,ROUNDABOUT,0.000,0,2.834,0.0000,0.0000,vision,2.834,icn_entry_left,0.1900,0.3600,1,line_center_tracking,0.0904,0.0980,0.0708,0.0491,0.8165,6,0.0272,0.0217,0.0489,0.0726,0.3600,IDLE,1,0,step_done_latches_cleared,0,0,0.000,0,nan,nan,nan,0.0000,0,5,0.6050,0.5404,0.3234,0.5404,0.0646,本圈台阶完成,1,0.0000,0.150,0.330
4186.163,ROUNDABOUT,0.119,0,2.834,0.0000,0.0000,vision,2.834,icn_entry_left,0.1900,0.3600,1,line_center_tracking,0.0940,0.1000,0.0786,0.0491,0.6401,4,0.0213,0.0296,0.0509,0.0759,0.3600,IDLE,1,0,step_done_latches_cleared,0,0,0.000,0,nan,nan,nan,0.0000,0,5,0.6050,0.5404,0.3234,0.5404,0.0646,本圈台阶完成,1,0.0000,0.150,0.330
4186.272,ROUNDABOUT,0.227,0,2.834,0.0000,0.0000,vision,2.834,icn_entry_left,0.1900,0.3600,1,line_center_tracking,0.1353,0.1420,0.1182,0.0907,0.6398,4,0.0238,0.0275,0.0513,0.1170,0.3600,IDLE,1,0,step_done_latches_cleared,0,0,0.000,0,nan,nan,nan,0.0000,0,5,0.6050,0.5404,0.3234,0.5404,0.0646,本圈台阶完成,1,0.0000,0.150,0.330
4186.378,ROUNDABOUT,0.333,0,2.834,0.0000,0.0000,vision,2.834,icn_entry_left,0.1900,0.3600,1,line_center_tracking,0.1888,0.1948,0.1732,0.1565,0.6427,4,0.0216,0.0167,0.0383,0.1748,0.3600,IDLE,1,0,step_done_latches_cleared,0,0,0.000,0,nan,nan,nan,0.0000,0,5,0.6050,0.5404,0.3234,0.5404,0.0646,本圈台阶完成,1,0.0000,0.150,0.330
4186.487,ROUNDABOUT,0.442,0,2.834,0.0000,0.0000,vision,2.834,icn_entry_left,0.1900,0.3600,1,line_center_tracking,0.2718,0.2830,0.2429,0.2065,0.8084,6,0.0401,0.0363,0.0765,0.2441,0.3600,IDLE,1,0,step_done_latches_cleared,0,0,0.000,0,nan,nan,nan,0.0000,0,5,0.6050,0.5404,0.3234,0.5404,0.0646,本圈台阶完成,1,0.0000,0.150,0.330
4186.596,ROUNDABOUT,0.551,0,2.834,0.0000,0.0000,vision,2.834,icn_entry_left,0.1900,0.3600,1,line_center_tracking,0.3008,0.2952,0.3150,0.3013,0.7275,5,0.0198,0.0137,0.0060,0.3038,0.3600,IDLE,1,0,step_done_latches_cleared,0,0,0.000,0,nan,nan,nan,0.0000,0,5,0.6050,0.5404,0.3234,0.5404,0.0646,本圈台阶完成,1,0.0000,0.150,0.330
4186.706,ROUNDABOUT,0.661,0,2.834,0.0000,0.0000,vision,2.834,icn_entry_left,0.1900,0.3600,1,line_center_tracking,0.4223,0.4256,0.4137,0.3973,0.7297,5,0.0119,0.0165,0.0284,0.4122,0.3600,IDLE,1,0,step_done_latches_cleared,0,0,0.000,0,nan,nan,nan,0.0000,0,5,0.6050,0.5404,0.3234,0.5404,0.0646,本圈台阶完成,1,0.0000,0.150,0.330
4186.814,ROUNDABOUT,0.770,0,2.834,0.0000,0.0000,vision,2.834,icn_entry_left,0.1900,0.3600,1,line_center_tracking,0.4792,0.4728,0.4956,0.5018,0.7232,5,0.0229,0.0062,0.0291,0.4901,0.3600,IDLE,1,0,step_done_latches_cleared,0,0,0.000,0,nan,nan,nan,0.0000,0,5,0.6050,0.5404,0.3234,0.5404,0.0646,本圈台阶完成,1,0.0000,0.150,0.330
4186.926,ROUNDABOUT,0.881,0,2.834,0.0000,0.0000,vision,2.834,icn_entry_left,0.1900,0.3600,1,line_hard_turn_centering,0.6107,0.6135,0.5852,0.5884,0.6417,4,0.0283,0.0032,0.0252,0.5957,0.3600,IDLE,1,0,step_done_latches_cleared,0,0,0.000,0,nan,nan,nan,0.0000,0,5,0.6050,0.5404,0.3234,0.5404,0.0646,本圈台阶完成,1,0.0000,0.150,0.330
4187.052,ROUNDABOUT,1.007,0,2.834,0.0000,0.0000,vision,2.834,icn_entry_left,0.1900,0.3600,1,line_hard_turn_centering,0.7099,0.7095,0.7134,0.7104,0.5568,3,0.0040,0.0030,0.0009,0.7111,0.3600,IDLE,1,0,step_done_latches_cleared,0,0,0.000,0,nan,nan,nan,0.0000,0,5,0.6050,0.5404,0.3234,0.5404,0.0646,本圈台阶完成,1,0.0000,0.150,0.330
4187.166,ROUNDABOUT,1.121,0,2.834,0.0000,0.0000,vision,2.834,icn_entry_left,0.1900,0.3600,1,line_hard_turn_centering,0.7811,0.7782,0.8071,0.8131,0.5529,3,0.0289,0.0060,0.0349,0.7995,0.3600,IDLE,1,0,step_done_latches_cleared,0,0,0.000,0,nan,nan,nan,0.0000,0,5,0.6050,0.5404,0.3234,0.5404,0.0646,本圈台阶完成,1,0.0000,0.150,0.330
4187.276,ROUNDABOUT,1.231,0,2.834,0.0000,0.0000,vision,2.834,icn_entry_left,0.1900,0.3600,0,line_too_few_bands,0.0000,0.0000,0.0000,0.0000,0.0000,0,0.0000,0.0000,0.0000,0.0000,0.3600,IDLE,1,0,step_done_latches_cleared,0,0,0.000,0,nan,nan,nan,0.0000,0,5,0.6050,0.5404,0.3234,0.5404,0.0646,本圈台阶完成,1,0.0000,0.150,0.330
4187.377,ROUNDABOUT,1.332,0,2.834,0.0000,0.0000,vision,2.834,icn_entry_left,0.1900,0.3600,0,line_too_few_bands,0.0000,0.0000,0.0000,0.0000,0.0000,0,0.0000,0.0000,0.0000,0.0000,0.3600,IDLE,1,0,step_done_latches_cleared,0,0,0.000,0,nan,nan,nan,0.0000,0,5,0.6050,0.5404,0.3234,0.5404,0.0646,本圈台阶完成,1,0.0000,0.150,0.330
4187.484,ROUNDABOUT,1.440,0,2.834,0.0000,0.0000,vision,2.834,icn_entry_left,0.1900,0.3600,0,line_too_few_bands,0.0000,0.0000,0.0000,0.0000,0.0000,0,0.0000,0.0000,0.0000,0.0000,0.3600,IDLE,1,0,step_done_latches_cleared,0,0,0.000,0,nan,nan,nan,0.0000,0,5,0.6050,0.5404,0.3234,0.5404,0.0646,本圈台阶完成,1,0.0000,0.150,0.330
4187.584,ROUNDABOUT,1.539,0,2.834,0.0000,0.0000,vision,2.834,icn_entry_left,0.1900,0.3600,0,line_too_few_bands,0.0000,0.0000,0.0000,0.0000,0.0000,0,0.0000,0.0000,0.0000,0.0000,0.3600,IDLE,1,0,step_done_latches_cleared,0,0,0.000,0,nan,nan,nan,0.0000,0,5,0.6050,0.5404,0.3234,0.5404,0.0646,本圈台阶完成,1,0.0000,0.150,0.330
4187.687,ROUNDABOUT,1.642,0,2.834,0.0000,0.0000,vision,2.834,icn_entry_left,0.1900,0.3600,0,line_too_few_bands,0.0000,0.0000,0.0000,0.0000,0.0000,0,0.0000,0.0000,0.0000,0.0000,0.3600,IDLE,1,0,step_done_latches_cleared,0,0,0.000,0,nan,nan,nan,0.0000,0,5,0.6050,0.5404,0.3234,0.5404,0.0646,本圈台阶完成,1,0.0000,0.150,0.330
4187.786,ROUNDABOUT,1.741,0,2.834,0.0000,0.0000,vision,2.834,icn_entry_left,0.1900,0.3600,0,line_too_few_bands,0.0000,0.0000,0.0000,0.0000,0.0000,0,0.0000,0.0000,0.0000,0.0000,0.3600,IDLE,1,0,step_done_latches_cleared,0,0,0.000,0,nan,nan,nan,0.0000,0,5,0.6050,0.5404,0.3234,0.5404,0.0646,本圈台阶完成,1,0.0000,0.150,0.330
4187.888,ROUNDABOUT,1.843,0,2.834,0.0000,0.0000,vision,2.834,icn_entry_left,0.1900,0.3600,0,line_too_few_bands,0.0000,0.0000,0.0000,0.0000,0.0000,0,0.0000,0.0000,0.0000,0.0000,0.3600,IDLE,1,0,step_done_latches_cleared,0,0,0.000,0,nan,nan,nan,0.0000,0,5,0.6050,0.5404,0.3234,0.5404,0.0646,本圈台阶完成,1,0.0000,0.150,0.330
4187.992,ROUNDABOUT,1.947,0,2.834,0.0000,0.0000,vision,2.834,icn_entry_left,0.1900,0.3600,0,line_too_few_bands,0.0000,0.0000,0.0000,0.0000,0.0000,0,0.0000,0.0000,0.0000,0.0000,0.3600,IDLE,1,0,step_done_latches_cleared,0,0,0.000,0,nan,nan,nan,0.0000,0,5,0.6050,0.5404,0.3234,0.5404,0.0646,本圈台阶完成,1,0.0000,0.150,0.330
4188.110,ROUNDABOUT,2.066,0,2.834,0.0000,0.0000,vision,2.834,icn_entry_left,0.1900,0.3600,0,line_too_few_bands,0.0000,0.0000,0.0000,0.0000,0.0000,0,0.0000,0.0000,0.0000,0.0000,0.3600,IDLE,1,0,step_done_latches_cleared,0,0,0.000,0,nan,nan,nan,0.0000,0,5,0.6050,0.5404,0.3234,0.5404,0.0646,本圈台阶完成,1,0.0000,0.150,0.330
4188.234,ROUNDABOUT,2.190,0,2.834,0.0000,0.0000,vision,2.834,icn_entry_left,0.1900,0.3600,0,line_too_few_bands,0.0000,0.0000,0.0000,0.0000,0.0000,0,0.0000,0.0000,0.0000,0.0000,0.3600,IDLE,1,0,step_done_latches_cleared,0,0,0.000,0,nan,nan,nan,0.0000,0,5,0.6050,0.5404,0.3234,0.5404,0.0646,本圈台阶完成,1,0.0000,0.150,0.330
4188.347,ROUNDABOUT,2.302,0,2.834,0.0000,0.0000,vision,2.834,icn_entry_left,0.1900,0.3600,0,line_too_few_bands,0.0000,0.0000,0.0000,0.0000,0.0000,0,0.0000,0.0000,0.0000,0.0000,0.3600,IDLE,1,0,step_done_latches_cleared,0,0,0.000,0,nan,nan,nan,0.0000,0,5,0.6050,0.5404,0.3234,0.5404,0.0646,本圈台阶完成,1,0.0000,0.150,0.330
4188.455,ROUNDABOUT,2.410,0,2.834,0.0000,0.0000,vision,2.834,icn_entry_left,0.1900,0.3600,0,line_too_few_bands,0.0000,0.0000,0.0000,0.0000,0.0000,0,0.0000,0.0000,0.0000,0.0000,0.3600,IDLE,1,0,step_done_latches_cleared,0,0,0.000,0,nan,nan,nan,0.0000,0,5,0.6050,0.5404,0.3234,0.5404,0.0646,本圈台阶完成,1,0.0000,0.150,0.330
4188.560,ROUNDABOUT,2.516,0,2.834,0.0000,0.0000,vision,2.834,icn_entry_left,0.1900,0.3600,0,line_too_few_bands,0.0000,0.0000,0.0000,0.0000,0.0000,0,0.0000,0.0000,0.0000,0.0000,0.3600,IDLE,1,0,step_done_latches_cleared,0,0,0.000,0,nan,nan,nan,0.0000,0,5,0.6050,0.5404,0.3234,0.5404,0.0646,本圈台阶完成,1,0.0000,0.150,0.330
4188.658,ROUNDABOUT,2.613,0,2.834,0.0000,0.0000,vision,2.834,icn_entry_left,0.1900,0.3600,0,line_too_few_bands,0.0000,0.0000,0.0000,0.0000,0.0000,0,0.0000,0.0000,0.0000,0.0000,0.3600,IDLE,1,0,step_done_latches_cleared,0,0,0.000,0,nan,nan,nan,0.0000,0,5,0.6050,0.5404,0.3234,0.5404,0.0646,本圈台阶完成,1,0.0000,0.150,0.330
4188.768,ROUNDABOUT,2.723,0,2.834,0.0000,0.0000,vision,2.834,icn_entry_left,0.1900,0.3600,0,line_too_few_bands,0.0000,0.0000,0.0000,0.0000,0.0000,0,0.0000,0.0000,0.0000,0.0000,0.3600,IDLE,1,0,step_done_latches_cleared,0,0,0.000,0,nan,nan,nan,0.0000,0,5,0.6050,0.5404,0.3234,0.5404,0.0646,本圈台阶完成,1,0.0000,0.150,0.330
4188.871,ROUNDABOUT,2.827,0,2.834,0.0000,0.0000,vision,2.834,icn_entry_left,0.1900,0.3600,0,line_too_few_bands,0.0000,0.0000,0.0000,0.0000,0.0000,0,0.0000,0.0000,0.0000,0.0000,0.3600,IDLE,1,0,step_done_latches_cleared,0,0,0.000,0,nan,nan,nan,0.0000,0,5,0.6050,0.5404,0.3234,0.5404,0.0646,本圈台阶完成,1,0.0000,0.150,0.330
4188.972,ROUNDABOUT,2.928,0,2.834,0.0000,0.0000,vision,2.834,icn_entry_left,0.1900,0.3600,0,line_too_few_bands,0.0000,0.0000,0.0000,0.0000,0.0000,0,0.0000,0.0000,0.0000,0.0000,0.3600,IDLE,1,0,step_done_latches_cleared,0,0,0.000,0,nan,nan,nan,0.0000,0,5,0.6050,0.5404,0.3234,0.5404,0.0646,本圈台阶完成,1,0.0000,0.150,0.330
4189.091,ROUNDABOUT,3.047,0,2.834,0.0000,0.0000,vision,2.834,icn_entry_left,0.1900,0.3600,0,line_too_few_bands,0.0000,0.0000,0.0000,0.0000,0.0000,0,0.0000,0.0000,0.0000,0.0000,0.3600,IDLE,1,0,step_done_latches_cleared,0,0,0.000,0,nan,nan,nan,0.0000,0,5,0.6050,0.5404,0.3234,0.5404,0.0646,本圈台阶完成,1,0.0000,0.150,0.330
4189.197,ROUNDABOUT,3.152,0,2.834,0.0000,0.0000,vision,2.834,icn_entry_left,0.1900,0.3600,0,line_too_few_bands,0.0000,0.0000,0.0000,0.0000,0.0000,0,0.0000,0.0000,0.0000,0.0000,0.3600,IDLE,1,0,step_done_latches_cleared,0,0,0.000,0,nan,nan,nan,0.0000,0,5,0.6050,0.5404,0.3234,0.5404,0.0646,本圈台阶完成,1,0.0000,0.150,0.330
4189.307,ROUNDABOUT,3.263,0,2.834,0.0000,0.0000,vision,2.834,icn_entry_left,0.1900,0.3600,0,line_too_few_bands,0.0000,0.0000,0.0000,0.0000,0.0000,0,0.0000,0.0000,0.0000,0.0000,0.3600,IDLE,1,0,step_done_latches_cleared,0,0,0.000,0,nan,nan,nan,0.0000,0,5,0.6050,0.5404,0.3234,0.5404,0.0646,本圈台阶完成,1,0.0000,0.150,0.330
4189.436,ROUNDABOUT,3.392,0,2.834,0.0000,0.0000,vision,2.834,icn_entry_left,0.1900,0.3600,0,line_too_few_bands,0.0000,0.0000,0.0000,0.0000,0.0000,0,0.0000,0.0000,0.0000,0.0000,0.3600,IDLE,1,0,step_done_latches_cleared,0,0,0.000,0,nan,nan,nan,0.0000,0,5,0.6050,0.5404,0.3234,0.5404,0.0646,本圈台阶完成,1,0.0000,0.150,0.330
4189.539,ROUNDABOUT,3.494,0,2.834,0.0000,0.0000,vision,2.834,icn_entry_left,0.1900,0.3600,0,line_too_few_bands,0.0000,0.0000,0.0000,0.0000,0.0000,0,0.0000,0.0000,0.0000,0.0000,0.3600,IDLE,1,0,step_done_latches_cleared,0,0,0.000,0,nan,nan,nan,0.0000,0,5,0.6050,0.5404,0.3234,0.5404,0.0646,本圈台阶完成,1,0.0000,0.150,0.330
4189.667,ROUNDABOUT,3.622,0,2.834,0.0000,0.0000,vision,2.834,icn_entry_left,0.1900,0.3600,0,line_too_few_bands,0.0000,0.0000,0.0000,0.0000,0.0000,0,0.0000,0.0000,0.0000,0.0000,0.3600,IDLE,1,0,step_done_latches_cleared,0,0,0.000,0,nan,nan,nan,0.0000,0,5,0.6050,0.5404,0.3234,0.5404,0.0646,本圈台阶完成,1,0.0000,0.150,0.330
4189.774,ROUNDABOUT,3.730,0,2.834,0.0000,0.0000,vision,2.834,icn_entry_left,0.1900,0.3600,0,line_too_few_bands,0.0000,0.0000,0.0000,0.0000,0.0000,0,0.0000,0.0000,0.0000,0.0000,0.3600,IDLE,1,0,step_done_latches_cleared,0,0,0.000,0,nan,nan,nan,0.0000,0,5,0.6050,0.5404,0.3234,0.5404,0.0646,本圈台阶完成,1,0.0000,0.150,0.330
4189.887,ROUNDABOUT,3.842,0,2.834,0.0000,0.0000,vision,2.834,icn_entry_left,0.1900,0.3600,0,line_too_few_bands,0.0000,0.0000,0.0000,0.0000,0.0000,0,0.0000,0.0000,0.0000,0.0000,0.3600,IDLE,1,0,step_done_latches_cleared,0,0,0.000,0,nan,nan,nan,0.0000,0,5,0.6050,0.5404,0.3234,0.5404,0.0646,本圈台阶完成,1,0.0000,0.150,0.330
4189.995,ROUNDABOUT,3.950,0,2.834,0.0000,0.0000,vision,2.834,icn_entry_left,0.1900,0.3600,0,line_too_few_bands,0.0000,0.0000,0.0000,0.0000,0.0000,0,0.0000,0.0000,0.0000,0.0000,0.3600,IDLE,1,0,step_done_latches_cleared,0,0,0.000,0,nan,nan,nan,0.0000,0,5,0.6050,0.5404,0.3234,0.5404,0.0646,本圈台阶完成,1,0.0000,0.150,0.330
4190.118,ROUNDABOUT,4.073,0,2.834,0.0000,0.0000,vision,2.834,icn_entry_left,0.1900,0.3600,0,line_too_few_bands,0.0000,0.0000,0.0000,0.0000,0.0000,0,0.0000,0.0000,0.0000,0.0000,0.3600,IDLE,1,0,step_done_latches_cleared,0,0,0.000,0,nan,nan,nan,0.0000,0,5,0.6050,0.5404,0.3234,0.5404,0.0646,本圈台阶完成,1,0.0000,0.150,0.330
4190.231,ROUNDABOUT,4.186,0,2.834,0.0000,0.0000,vision,2.834,icn_entry_left,0.1900,0.3600,0,line_too_few_bands,0.0000,0.0000,0.0000,0.0000,0.0000,0,0.0000,0.0000,0.0000,0.0000,0.3600,IDLE,1,0,step_done_latches_cleared,0,0,0.000,0,nan,nan,nan,0.0000,0,5,0.6050,0.5404,0.3234,0.5404,0.0646,本圈台阶完成,1,0.0000,0.150,0.330
4190.338,ROUNDABOUT,4.293,0,2.834,0.0000,0.0000,vision,2.834,icn_entry_left,0.1900,0.3600,0,line_too_few_bands,0.0000,0.0000,0.0000,0.0000,0.0000,0,0.0000,0.0000,0.0000,0.0000,0.3600,IDLE,1,0,step_done_latches_cleared,0,0,0.000,0,nan,nan,nan,0.0000,0,5,0.6050,0.5404,0.3234,0.5404,0.0646,本圈台阶完成,1,0.0000,0.150,0.330
4190.444,ROUNDABOUT,4.400,0,2.834,0.0000,0.0000,vision,2.834,icn_entry_left,0.1900,0.3600,0,line_too_few_bands,0.0000,0.0000,0.0000,0.0000,0.0000,0,0.0000,0.0000,0.0000,0.0000,0.3600,IDLE,1,0,step_done_latches_cleared,0,0,0.000,0,nan,nan,nan,0.0000,0,5,0.6050,0.5404,0.3234,0.5404,0.0646,本圈台阶完成,1,0.0000,0.150,0.330
4190.544,ROUNDABOUT,4.499,0,2.834,0.0000,0.0000,vision,2.834,icn_entry_left,0.1900,0.3600,0,line_too_few_bands,0.0000,0.0000,0.0000,0.0000,0.0000,0,0.0000,0.0000,0.0000,0.0000,0.3600,IDLE,1,0,step_done_latches_cleared,0,0,0.000,0,nan,nan,nan,0.0000,0,5,0.6050,0.5404,0.3234,0.5404,0.0646,本圈台阶完成,1,0.0000,0.150,0.330
4190.646,ROUNDABOUT,4.601,0,2.834,0.0000,0.0000,vision,2.834,icn_entry_left,0.1900,0.3600,1,line_hard_turn_centering,-0.8996,-0.8996,-0.8996,-0.8996,0.2375,1,0.0000,0.0000,0.0000,-0.8996,0.3600,IDLE,1,0,step_done_latches_cleared,0,0,0.000,0,nan,nan,nan,0.0000,0,5,0.6050,0.5404,0.3234,0.5404,0.0646,本圈台阶完成,1,0.0000,0.150,0.330
4190.748,ROUNDABOUT,4.704,0,2.834,0.0000,0.0000,vision,2.834,icn_entry_left,0.1900,0.3600,1,line_hard_turn_centering,-0.8648,-0.8648,-0.8648,-0.8648,0.2375,1,0.0000,0.0000,0.0000,-0.8648,0.3600,IDLE,1,0,step_done_latches_cleared,0,0,0.000,0,nan,nan,nan,0.0000,0,5,0.6050,0.5404,0.3234,0.5404,0.0646,本圈台阶完成,1,0.0000,0.150,0.330
4190.853,ROUNDABOUT,4.808,0,2.834,0.0000,0.0000,vision,2.834,icn_entry_left,0.1900,0.3600,1,line_hard_turn_centering,-0.8198,-0.8198,-0.8198,-0.8198,0.2375,1,0.0000,0.0000,0.0000,-0.8198,0.3600,IDLE,1,0,step_done_latches_cleared,0,0,0.000,0,nan,nan,nan,0.0000,0,5,0.6050,0.5404,0.3234,0.5404,0.0646,本圈台阶完成,1,0.0000,0.150,0.330
4190.963,ROUNDABOUT,4.918,0,2.834,0.0000,0.0000,vision,2.834,icn_entry_left,0.1900,0.3600,1,line_hard_turn_centering,-0.7650,-0.7650,-0.7650,-0.7650,0.2375,1,0.0000,0.0000,0.0000,-0.7650,0.3600,IDLE,1,0,step_done_latches_cleared,0,0,0.000,0,nan,nan,nan,0.0000,0,5,0.6050,0.5404,0.3234,0.5404,0.0646,本圈台阶完成,1,0.0000,0.150,0.330
4191.081,ROUNDABOUT,5.036,0,2.834,0.0000,0.0000,vision,2.834,icn_entry_left,0.1900,0.3600,1,line_hard_turn_centering,-0.7163,-0.7163,-0.7163,-0.7163,0.2375,1,0.0000,0.0000,0.0000,-0.7163,0.3600,IDLE,1,0,step_done_latches_cleared,0,0,0.000,0,nan,nan,nan,0.0000,0,5,0.6050,0.5404,0.3234,0.5404,0.0646,本圈台阶完成,1,0.0000,0.150,0.330
4191.188,ROUNDABOUT,5.143,0,2.834,0.0000,0.0000,vision,2.834,icn_entry_left,0.1900,0.3600,1,line_hard_turn_centering,-0.6704,-0.6704,-0.6704,-0.6704,0.2375,1,0.0000,0.0000,0.0000,-0.6704,0.3600,IDLE,1,0,step_done_latches_cleared,0,0,0.000,0,nan,nan,nan,0.0000,0,5,0.6050,0.5404,0.3234,0.5404,0.0646,本圈台阶完成,1,0.0000,0.150,0.330
4191.304,ROUNDABOUT,5.259,0,2.834,0.0000,0.0000,vision,2.834,icn_entry_left,0.1900,0.3600,1,line_hard_turn_centering,-0.6170,-0.6170,-0.6170,-0.6170,0.2375,1,0.0000,0.0000,0.0000,-0.6170,0.3600,IDLE,1,0,step_done_latches_cleared,0,0,0.000,0,nan,nan,nan,0.0000,0,5,0.6050,0.5404,0.3234,0.5404,0.0646,本圈台阶完成,1,0.0000,0.150,0.330
4191.421,ROUNDABOUT,5.376,0,2.834,0.0000,0.0000,vision,2.834,icn_entry_left,0.1900,0.3600,0,line_too_few_bands,0.0000,0.0000,0.0000,0.0000,0.0000,0,0.0000,0.0000,0.0000,0.0000,0.3600,IDLE,1,0,step_done_latches_cleared,0,0,0.000,0,nan,nan,nan,0.0000,0,5,0.6050,0.5404,0.3234,0.5404,0.0646,本圈台阶完成,1,0.0000,0.150,0.330
4191.527,ROUNDABOUT,5.482,0,2.834,0.0000,0.0000,vision,2.834,icn_entry_left,0.1900,0.3600,0,line_too_few_bands,0.0000,0.0000,0.0000,0.0000,0.0000,0,0.0000,0.0000,0.0000,0.0000,0.3600,IDLE,1,0,step_done_latches_cleared,0,0,0.000,0,nan,nan,nan,0.0000,0,5,0.6050,0.5404,0.3234,0.5404,0.0646,本圈台阶完成,1,0.0000,0.150,0.330
4191.630,ROUNDABOUT,5.586,0,2.834,0.0000,0.0000,vision,2.834,icn_entry_left,0.1900,0.3600,0,line_too_few_bands,0.0000,0.0000,0.0000,0.0000,0.0000,0,0.0000,0.0000,0.0000,0.0000,0.3600,IDLE,1,0,step_done_latches_cleared,0,0,0.000,0,nan,nan,nan,0.0000,0,5,0.6050,0.5404,0.3234,0.5404,0.0646,本圈台阶完成,1,0.0000,0.150,0.330
4191.735,ROUNDABOUT,5.690,0,2.834,0.0000,0.0000,vision,2.834,icn_entry_left,0.1900,0.3600,0,line_too_few_bands,0.0000,0.0000,0.0000,0.0000,0.0000,0,0.0000,0.0000,0.0000,0.0000,0.3600,IDLE,1,0,step_done_latches_cleared,0,0,0.000,0,nan,nan,nan,0.0000,0,5,0.6050,0.5404,0.3234,0.5404,0.0646,本圈台阶完成,1,0.0000,0.150,0.330
4191.841,ROUNDABOUT,5.796,0,2.834,0.0000,0.0000,vision,2.834,icn_entry_left,0.1900,0.3600,0,line_too_few_bands,0.0000,0.0000,0.0000,0.0000,0.0000,0,0.0000,0.0000,0.0000,0.0000,0.3600,IDLE,1,0,step_done_latches_cleared,0,0,0.000,0,nan,nan,nan,0.0000,0,5,0.6050,0.5404,0.3234,0.5404,0.0646,本圈台阶完成,1,0.0000,0.150,0.330
4191.943,ROUNDABOUT,5.898,0,2.834,0.0000,0.0000,vision,2.834,icn_entry_left,0.1900,0.3600,1,line_center_tracking,-0.4937,-0.4937,-0.4937,-0.4937,0.2375,1,0.0000,0.0000,0.0000,-0.4937,0.3600,IDLE,1,0,step_done_latches_cleared,0,0,0.000,0,nan,nan,nan,0.0000,0,5,0.6050,0.5404,0.3234,0.5404,0.0646,本圈台阶完成,1,0.0000,0.150,0.330
4192.046,ROUNDABOUT,6.001,0,2.834,0.0000,0.0000,vision,2.834,icn_entry_left,0.1900,0.3600,1,line_center_tracking,-0.4010,-0.4010,-0.4010,-0.4010,0.2375,1,0.0000,0.0000,0.0000,-0.4010,0.3600,IDLE,1,0,step_done_latches_cleared,0,0,0.000,0,nan,nan,nan,0.0000,0,5,0.6050,0.5404,0.3234,0.5404,0.0646,本圈台阶完成,1,0.0000,0.150,0.330
4192.154,ROUNDABOUT,6.109,0,2.834,0.0000,0.0000,vision,2.834,icn_entry_left,0.1900,0.3600,1,line_center_tracking,-0.3392,-0.3392,-0.3392,-0.3392,0.2375,1,0.0000,0.0000,0.0000,-0.3392,0.3600,IDLE,1,0,step_done_latches_cleared,0,0,0.000,0,nan,nan,nan,0.0000,0,5,0.6050,0.5404,0.3234,0.5404,0.0646,本圈台阶完成,1,0.0000,0.150,0.330
4192.261,ROUNDABOUT,6.216,0,2.834,0.0000,0.0000,vision,2.834,icn_entry_left,0.1900,0.3600,1,line_center_tracking,-0.2927,-0.2927,-0.2927,-0.2927,0.2375,1,0.0000,0.0000,0.0000,-0.2927,0.3600,IDLE,1,0,step_done_latches_cleared,0,0,0.000,0,nan,nan,nan,0.0000,0,5,0.6050,0.5404,0.3234,0.5404,0.0646,本圈台阶完成,1,0.0000,0.150,0.330
4192.363,ROUNDABOUT,6.318,0,2.834,0.0000,0.0000,vision,2.834,icn_entry_left,0.1900,0.3600,0,line_too_few_bands,0.0000,0.0000,0.0000,0.0000,0.0000,0,0.0000,0.0000,0.0000,0.0000,0.3600,IDLE,1,0,step_done_latches_cleared,0,0,0.000,0,nan,nan,nan,0.0000,0,5,0.6050,0.5404,0.3234,0.5404,0.0646,本圈台阶完成,1,0.0000,0.150,0.330
4192.459,ROUNDABOUT,6.414,0,2.834,0.0000,0.0000,vision,2.834,icn_entry_left,0.1900,0.3600,0,line_too_few_bands,0.0000,0.0000,0.0000,0.0000,0.0000,0,0.0000,0.0000,0.0000,0.0000,0.3600,IDLE,1,0,step_done_latches_cleared,0,0,0.000,0,nan,nan,nan,0.0000,0,5,0.6050,0.5404,0.3234,0.5404,0.0646,本圈台阶完成,1,0.0000,0.150,0.330
4192.584,ROUNDABOUT,6.539,0,2.834,0.0000,0.0000,vision,2.834,icn_entry_left,0.1900,0.3600,0,line_too_few_bands,0.0000,0.0000,0.0000,0.0000,0.0000,0,0.0000,0.0000,0.0000,0.0000,0.3600,IDLE,1,0,step_done_latches_cleared,0,0,0.000,0,nan,nan,nan,0.0000,0,5,0.6050,0.5404,0.3234,0.5404,0.0646,本圈台阶完成,1,0.0000,0.150,0.330
4192.711,ROUNDABOUT,6.666,0,2.834,0.0000,0.0000,vision,2.834,icn_entry_left,0.1900,0.3600,1,line_center_tracking,-0.2286,-0.2286,-0.2286,-0.2286,0.2375,1,0.0000,0.0000,0.0000,-0.2286,0.3600,IDLE,1,0,step_done_latches_cleared,0,0,0.000,0,nan,nan,nan,0.0000,0,5,0.6050,0.5404,0.3234,0.5404,0.0646,本圈台阶完成,1,0.0000,0.150,0.330
4192.835,ROUNDABOUT,6.790,0,2.834,0.0000,0.0000,vision,2.834,icn_entry_left,0.1900,0.3600,1,line_center_tracking,-0.1636,-0.1636,-0.1636,-0.1636,0.2375,1,0.0000,0.0000,0.0000,-0.1636,0.3600,IDLE,1,0,step_done_latches_cleared,0,0,0.000,0,nan,nan,nan,0.0000,0,5,0.6050,0.5404,0.3234,0.5404,0.0646,本圈台阶完成,1,0.0000,0.150,0.330
4192.959,ROUNDABOUT,6.914,0,2.834,0.0000,0.0000,vision,2.834,icn_entry_left,0.1900,0.3600,1,line_center_tracking,-0.0930,-0.0930,-0.0930,-0.0930,0.2375,1,0.0000,0.0000,0.0000,-0.0930,0.3600,IDLE,1,0,step_done_latches_cleared,0,0,0.000,0,nan,nan,nan,0.0000,0,5,0.6050,0.5404,0.3234,0.5404,0.0646,本圈台阶完成,1,0.0000,0.150,0.330
4193.074,ROUNDABOUT,7.029,0,2.834,0.0000,0.0000,vision,2.834,icn_entry_left,0.1900,0.3600,0,line_too_few_bands,0.0000,0.0000,0.0000,0.0000,0.0000,0,0.0000,0.0000,0.0000,0.0000,0.3600,IDLE,1,0,step_done_latches_cleared,0,0,0.000,0,nan,nan,nan,0.0000,0,5,0.6050,0.5404,0.3234,0.5404,0.0646,本圈台阶完成,1,0.0000,0.150,0.330
4193.198,ROUNDABOUT,7.153,0,2.834,0.0000,0.0000,vision,2.834,icn_entry_left,0.1900,0.3600,0,line_too_few_bands,0.0000,0.0000,0.0000,0.0000,0.0000,0,0.0000,0.0000,0.0000,0.0000,0.3600,IDLE,1,0,step_done_latches_cleared,0,0,0.000,0,nan,nan,nan,0.0000,0,5,0.6050,0.5404,0.3234,0.5404,0.0646,本圈台阶完成,1,0.0000,0.150,0.330
4193.302,ROUNDABOUT,7.257,0,2.834,0.0000,0.0000,vision,2.834,icn_entry_left,0.1900,0.3600,1,line_center_tracking,-0.0777,-0.0777,-0.0777,-0.0777,0.2375,1,0.0000,0.0000,0.0000,-0.0777,0.3600,IDLE,1,0,step_done_latches_cleared,0,0,0.000,0,nan,nan,nan,0.0000,0,5,0.6050,0.5404,0.3234,0.5404,0.0646,本圈台阶完成,1,0.0000,0.150,0.330
4193.407,ROUNDABOUT,7.362,0,2.834,0.0000,0.0000,vision,2.834,icn_entry_left,0.1900,0.3600,1,line_center_tracking,-0.0587,-0.0587,-0.0587,-0.0587,0.2375,1,0.0000,0.0000,0.0000,-0.0587,0.3600,IDLE,1,0,step_done_latches_cleared,0,0,0.000,0,nan,nan,nan,0.0000,0,5,0.6050,0.5404,0.3234,0.5404,0.0646,本圈台阶完成,1,0.0000,0.150,0.330
4193.514,ROUNDABOUT,7.469,0,2.834,0.0000,0.0000,vision,2.834,icn_entry_left,0.1900,0.3600,0,line_too_few_bands,0.0000,0.0000,0.0000,0.0000,0.0000,0,0.0000,0.0000,0.0000,0.0000,0.3600,IDLE,1,0,step_done_latches_cleared,0,0,0.000,0,nan,nan,nan,0.0000,0,5,0.6050,0.5404,0.3234,0.5404,0.0646,本圈台阶完成,1,0.0000,0.150,0.330
4193.619,ROUNDABOUT,7.574,0,2.834,0.0000,0.0000,vision,2.834,icn_entry_left,0.1900,0.3600,0,line_too_few_bands,0.0000,0.0000,0.0000,0.0000,0.0000,0,0.0000,0.0000,0.0000,0.0000,0.3600,IDLE,1,0,step_done_latches_cleared,0,0,0.000,0,nan,nan,nan,0.0000,0,5,0.6050,0.5404,0.3234,0.5404,0.0646,本圈台阶完成,1,0.0000,0.150,0.330
4193.725,ROUNDABOUT,7.680,0,2.834,0.0000,0.0000,vision,2.834,icn_entry_left,0.1900,0.3600,0,line_too_few_bands,0.0000,0.0000,0.0000,0.0000,0.0000,0,0.0000,0.0000,0.0000,0.0000,0.3600,IDLE,1,0,step_done_latches_cleared,0,0,0.000,0,nan,nan,nan,0.0000,0,5,0.6050,0.5404,0.3234,0.5404,0.0646,本圈台阶完成,1,0.0000,0.150,0.330
4193.829,ROUNDABOUT,7.785,0,2.834,0.0000,0.0000,vision,2.834,icn_entry_left,0.1900,0.3600,1,line_center_tracking,-0.0626,-0.0626,-0.0626,-0.0626,0.2375,1,0.0000,0.0000,0.0000,-0.0626,0.3600,IDLE,1,0,step_done_latches_cleared,0,0,0.000,0,nan,nan,nan,0.0000,0,5,0.6050,0.5404,0.3234,0.5404,0.0646,本圈台阶完成,1,0.0000,0.150,0.330
4193.937,ROUNDABOUT,7.892,0,2.834,0.0000,0.0000,vision,2.834,icn_entry_left,0.1900,0.3600,1,line_center_tracking,-0.0555,-0.0555,-0.0555,-0.0555,0.2375,1,0.0000,0.0000,0.0000,-0.0555,0.3600,IDLE,1,0,step_done_latches_cleared,0,0,0.000,0,1.3400,nan,0.0418,0.8250,1,5,0.6050,0.5404,0.3234,0.5404,0.0646,本圈台阶完成,1,0.0000,0.150,0.330
4194.046,ROUNDABOUT,8.002,0,2.834,0.0000,0.0000,vision,2.834,icn_entry_left,0.1900,0.3600,0,line_too_few_bands,0.0000,0.0000,0.0000,0.0000,0.0000,0,0.0000,0.0000,0.0000,0.0000,0.3600,IDLE,1,0,step_done_latches_cleared,0,0,0.000,0,1.3200,nan,0.0453,0.9089,4,5,0.6050,0.5404,0.3234,0.5404,0.0646,本圈台阶完成,1,0.0000,0.150,0.330
4194.153,ROUNDABOUT,8.108,0,2.834,0.0000,0.0000,vision,2.834,icn_entry_left,0.1900,0.3600,0,line_too_few_bands,0.0000,0.0000,0.0000,0.0000,0.0000,0,0.0000,0.0000,0.0000,0.0000,0.3600,IDLE,1,0,step_done_latches_cleared,0,0,0.000,1,1.2800,nan,0.0488,0.9558,7,5,0.6050,0.5404,0.3234,0.5404,0.0646,本圈台阶完成,1,0.0000,0.150,0.330
4194.270,ROUNDABOUT,8.225,0,2.834,0.0000,0.0000,vision,2.834,icn_entry_left,0.1900,0.3600,1,line_center_tracking,-0.1032,-0.1032,-0.1032,-0.1032,0.2375,1,0.0000,0.0000,0.0000,-0.1032,0.3600,IDLE,1,0,step_done_latches_cleared,0,0,0.000,1,1.2600,nan,0.0525,0.9401,11,5,0.6050,0.5404,0.3234,0.5404,0.0646,本圈台阶完成,1,0.0000,0.150,0.330
4194.381,ROUNDABOUT,8.337,0,2.834,0.0000,0.0000,vision,2.834,icn_entry_left,0.1900,0.3600,1,line_center_tracking,-0.1137,-0.1137,-0.1137,-0.1137,0.2375,1,0.0000,0.0000,0.0000,-0.1137,0.3600,IDLE,1,0,step_done_latches_cleared,0,0,0.000,1,1.2200,nan,0.0538,0.9214,14,5,0.6050,0.5404,0.3234,0.5404,0.0646,本圈台阶完成,1,0.0000,0.150,0.330
4194.484,ROUNDABOUT,8.440,0,2.834,0.0000,0.0000,vision,2.834,icn_entry_left,0.1900,0.3600,0,line_too_few_bands,0.0000,0.0000,0.0000,0.0000,0.0000,0,0.0000,0.0000,0.0000,0.0000,0.3600,IDLE,1,0,step_done_latches_cleared,0,0,1.000,1,1.1800,1.1800,0.0557,0.8960,17,5,0.6050,0.5404,0.3234,0.5404,0.0646,本圈台阶完成,1,0.0000,0.150,0.330
4194.591,ROUNDABOUT,8.546,0,2.834,0.0000,0.0000,vision,2.834,icn_entry_left,0.1900,0.3600,0,line_too_few_bands,0.0000,0.0000,0.0000,0.0000,0.0000,0,0.0000,0.0000,0.0000,0.0000,0.3600,IDLE,1,0,step_done_latches_cleared,0,0,2.000,1,1.1400,1.1600,0.0548,0.9091,20,5,0.6050,0.5404,0.3234,0.5404,0.0646,本圈台阶完成,1,0.0000,0.150,0.330
4194.694,ROUNDABOUT,8.649,0,2.834,0.0000,0.0000,vision,2.834,icn_entry_left,0.1900,0.3600,1,line_center_tracking,-0.1918,-0.1918,-0.1918,-0.1918,0.2375,1,0.0000,0.0000,0.0000,-0.1918,0.3600,IDLE,1,0,step_done_latches_cleared,0,0,3.000,1,1.1100,1.1400,0.0557,0.8975,24,5,0.6050,0.5404,0.3234,0.5404,0.0646,本圈台阶完成,1,0.0000,0.150,0.330
4194.799,ROUNDABOUT,8.754,0,2.834,0.0000,0.0000,vision,2.834,icn_entry_left,0.1900,0.3600,1,line_center_tracking,-0.2104,-0.2104,-0.2104,-0.2104,0.2375,1,0.0000,0.0000,0.0000,-0.2104,0.3600,IDLE,1,0,step_done_latches_cleared,0,0,4.000,1,1.1350,1.1375,0.0564,0.8876,27,5,0.6050,0.5404,0.3234,0.5404,0.0646,本圈台阶完成,1,0.0000,0.150,0.330
4194.906,ROUNDABOUT_FOLLOW,0.000,0,2.834,0.0000,0.0000,vision,2.834,roundabout_exit_guard,0.1500,0.2228,1,line_center_tracking,-0.2063,-0.2063,-0.2063,-0.2063,0.2375,1,0.0000,0.0000,0.0000,-0.2063,0.2228,IDLE,1,0,step_done_latches_cleared,0,0,3.400,1,1.2250,1.1375,0.0562,0.8898,30,5,0.6050,0.5404,0.3234,0.5404,0.0646,本圈台阶完成,1,0.0000,0.150,0.330
4195.012,ROUNDABOUT_FOLLOW,0.106,0,2.834,0.0000,0.0000,vision,2.834,roundabout_blind_arc_recovery,0.1098,0.1600,0,line_too_few_bands,0.0000,0.0000,0.0000,0.0000,0.0000,0,0.0000,0.0000,0.0000,0.0000,0.1600,IDLE,1,0,step_done_latches_cleared,0,0,2.800,1,1.2500,1.1375,0.0568,0.8819,33,5,0.6050,0.5404,0.3234,0.5404,0.0646,本圈台阶完成,1,0.0000,0.150,0.330
4195.116,ROUNDABOUT_FOLLOW,0.210,0,2.834,0.0000,0.0000,vision,2.834,roundabout_blind_arc_recovery,0.1000,0.1600,0,line_too_few_bands,0.0000,0.0000,0.0000,0.0000,0.0000,0,0.0000,0.0000,0.0000,0.0000,0.1600,IDLE,1,0,step_done_latches_cleared,0,0,2.200,1,1.2600,1.1375,0.0586,0.8572,36,5,0.6050,0.5404,0.3234,0.5404,0.0646,本圈台阶完成,1,0.0000,0.150,0.330
4195.225,ROUNDABOUT_FOLLOW,0.319,0,2.834,0.0000,0.0000,vision,2.834,roundabout_blue_guard_left,0.0587,0.3000,1,line_center_tracking,-0.3113,-0.3113,-0.3113,-0.3113,0.2375,1,0.0000,0.0000,0.0000,-0.3113,0.3000,IDLE,1,0,step_done_latches_cleared,0,0,1.600,1,1.2300,1.1375,0.0605,0.8328,39,5,0.6050,0.5404,0.3234,0.5404,0.0646,本圈台阶完成,1,0.0000,0.150,0.330
4195.336,ROUNDABOUT_FOLLOW,0.430,0,2.834,0.0000,0.0000,vision,2.834,roundabout_blue_guard_left,0.0450,0.3000,1,line_center_tracking,-0.3662,-0.3662,-0.3662,-0.3662,0.2375,1,0.0000,0.0000,0.0000,-0.3662,0.3000,IDLE,1,0,step_done_latches_cleared,0,0,1.000,0,nan,1.1350,nan,0.0000,0,5,0.6050,0.5404,0.3234,0.5404,0.0646,本圈台阶完成,1,0.0000,0.150,0.330
4195.439,ROUNDABOUT_FOLLOW,0.533,0,2.834,0.0000,0.0000,vision,2.834,roundabout_blue_guard_left,0.0450,0.3000,1,line_center_tracking,-0.3921,-0.3921,-0.3921,-0.3921,0.2375,1,0.0000,0.0000,0.0000,-0.3921,0.3000,IDLE,1,0,step_done_latches_cleared,0,0,0.400,0,nan,1.1225,nan,0.0000,0,5,0.6050,0.5404,0.3234,0.5404,0.0646,本圈台阶完成,1,0.0000,0.150,0.330
4195.541,ROUNDABOUT_FOLLOW,0.636,0,2.834,0.0000,0.0000,vision,2.834,roundabout_blue_guard_left,0.0450,0.3000,0,line_too_few_bands,0.0000,0.0000,0.0000,0.0000,0.0000,0,0.0000,0.0000,0.0000,0.0000,0.3000,IDLE,1,0,step_done_latches_cleared,0,0,0.000,0,nan,1.1350,nan,0.0000,0,5,0.6050,0.5404,0.3234,0.5404,0.0646,本圈台阶完成,1,0.0000,0.150,0.330
4195.647,ROUNDABOUT_FOLLOW,0.741,0,2.834,0.0000,0.0000,vision,2.834,roundabout_blue_guard_left,0.0450,0.3000,0,line_too_few_bands,0.0000,0.0000,0.0000,0.0000,0.0000,0,0.0000,0.0000,0.0000,0.0000,0.3000,IDLE,1,0,step_done_latches_cleared,0,0,0.000,0,nan,nan,nan,0.0000,0,5,0.6050,0.5404,0.3234,0.5404,0.0646,本圈台阶完成,1,0.0000,0.150,0.330
4195.818,ROUNDABOUT_FOLLOW,0.912,0,2.834,0.0000,0.0000,vision,2.834,roundabout_blue_guard_left,0.0450,0.3000,1,line_hard_turn_centering,-0.5225,-0.5225,-0.5225,-0.5225,0.2375,1,0.0000,0.0000,0.0000,-0.5225,0.3000,IDLE,1,0,step_done_latches_cleared,0,0,0.000,0,nan,nan,nan,0.0000,0,5,0.6050,0.5404,0.3234,0.5404,0.0646,本圈台阶完成,1,0.0000,0.150,0.330
4195.932,ROUNDABOUT_FOLLOW,1.026,0,2.834,0.0000,0.0000,vision,2.834,roundabout_blue_guard_left,0.0450,0.3000,1,line_hard_turn_centering,-0.5467,-0.5467,-0.5467,-0.5467,0.2375,1,0.0000,0.0000,0.0000,-0.5467,0.3000,IDLE,1,0,step_done_latches_cleared,0,0,0.000,0,nan,nan,nan,0.0000,0,5,0.6050,0.5404,0.3234,0.5404,0.0646,本圈台阶完成,1,0.0000,0.150,0.330
4196.041,ROUNDABOUT_FOLLOW,1.135,0,2.834,0.0000,0.0000,vision,2.834,roundabout_blue_guard_left,0.0450,0.3000,1,line_hard_turn_centering,-0.5415,-0.5415,-0.5415,-0.5415,0.2375,1,0.0000,0.0000,0.0000,-0.5415,0.3000,IDLE,1,0,step_done_latches_cleared,0,0,0.000,0,nan,nan,nan,0.0000,0,5,0.6050,0.5404,0.3234,0.5404,0.0646,本圈台阶完成,1,0.0000,0.150,0.330
4196.154,ROUNDABOUT_FOLLOW,1.248,0,2.834,0.0000,0.0000,vision,2.834,roundabout_blue_guard_left,0.0450,0.3000,1,line_center_tracking,-0.5043,-0.5043,-0.5043,-0.5043,0.2375,1,0.0000,0.0000,0.0000,-0.5043,0.3000,IDLE,1,0,step_done_latches_cleared,0,0,0.000,0,nan,nan,nan,0.0000,0,5,0.6050,0.5404,0.3234,0.5404,0.0646,本圈台阶完成,1,0.0000,0.150,0.330
4196.274,ROUNDABOUT_FOLLOW,1.368,0,2.834,0.0000,0.0000,vision,2.834,roundabout_blue_guard_left,0.0450,0.3000,1,line_center_tracking,-0.4721,-0.4721,-0.4721,-0.4721,0.2375,1,0.0000,0.0000,0.0000,-0.4721,0.3000,IDLE,1,0,step_done_latches_cleared,0,0,0.000,0,nan,nan,nan,0.0000,0,5,0.6050,0.5404,0.3234,0.5404,0.0646,本圈台阶完成,1,0.0000,0.150,0.330
4196.378,ROUNDABOUT_FOLLOW,1.472,0,2.834,0.0000,0.0000,vision,2.834,roundabout_blue_guard_left,0.0450,0.3000,1,line_center_tracking,-0.4370,-0.4370,-0.4370,-0.4370,0.2375,1,0.0000,0.0000,0.0000,-0.4370,0.3000,IDLE,1,0,step_done_latches_cleared,0,0,0.000,0,nan,nan,nan,0.0000,0,5,0.6050,0.5404,0.3234,0.5404,0.0646,本圈台阶完成,1,0.0000,0.150,0.330
4196.484,ROUNDABOUT_FOLLOW,1.578,0,2.834,0.0000,0.0000,vision,2.834,roundabout_blue_guard_left,0.0450,0.3000,1,line_center_tracking,-0.4023,-0.4023,-0.4023,-0.4023,0.2375,1,0.0000,0.0000,0.0000,-0.4023,0.3000,IDLE,1,0,step_done_latches_cleared,0,0,0.000,0,nan,nan,nan,0.0000,0,5,0.6050,0.5404,0.3234,0.5404,0.0646,本圈台阶完成,1,0.0000,0.150,0.330
4196.625,ROUNDABOUT_FOLLOW,1.719,0,2.834,0.0000,0.0000,vision,2.834,roundabout_blue_guard_left,0.0450,0.3000,1,line_center_tracking,-0.3363,-0.3363,-0.3363,-0.3363,0.2375,1,0.0000,0.0000,0.0000,-0.3363,0.3000,IDLE,1,0,step_done_latches_cleared,0,0,0.000,0,nan,nan,nan,0.0000,0,5,0.6050,0.5404,0.3234,0.5404,0.0646,本圈台阶完成,1,0.0000,0.150,0.330
4196.757,ROUNDABOUT_FOLLOW,1.851,0,2.834,0.0000,0.0000,vision,2.834,roundabout_follow_left_locked,0.0951,0.2316,1,line_center_tracking,-0.2145,-0.2145,-0.2145,-0.2145,0.2375,1,0.0000,0.0000,0.0000,-0.2145,0.2316,IDLE,1,0,step_done_latches_cleared,0,0,0.000,0,nan,nan,nan,0.0000,0,5,0.6050,0.5404,0.3234,0.5404,0.0646,本圈台阶完成,1,0.0000,0.150,0.330
4196.866,ROUNDABOUT_FOLLOW,1.960,0,2.834,0.0000,0.0000,vision,2.834,roundabout_follow_left_locked,0.1366,0.1870,1,line_center_tracking,-0.1399,-0.1399,-0.1399,-0.1399,0.2375,1,0.0000,0.0000,0.0000,-0.1399,0.1870,IDLE,1,0,step_done_latches_cleared,0,0,0.000,0,nan,nan,nan,0.0000,0,5,0.6050,0.5404,0.3234,0.5404,0.0646,本圈台阶完成,1,0.0000,0.150,0.330
4196.971,ROUNDABOUT_FOLLOW,2.065,0,2.834,0.0000,0.0000,vision,2.834,roundabout_blind_arc_recovery,0.1000,0.1600,0,line_too_few_bands,0.0000,0.0000,0.0000,0.0000,0.0000,0,0.0000,0.0000,0.0000,0.0000,0.1600,IDLE,1,0,step_done_latches_cleared,0,0,0.000,0,nan,nan,nan,0.0000,0,5,0.6050,0.5404,0.3234,0.5404,0.0646,本圈台阶完成,1,0.0000,0.150,0.330
4197.077,ROUNDABOUT_FOLLOW,2.171,0,2.834,0.0000,0.0000,vision,2.834,roundabout_blind_arc_recovery,0.1000,0.1600,0,line_too_few_bands,0.0000,0.0000,0.0000,0.0000,0.0000,0,0.0000,0.0000,0.0000,0.0000,0.1600,IDLE,1,0,step_done_latches_cleared,0,0,0.000,0,nan,nan,nan,0.0000,0,5,0.6050,0.5404,0.3234,0.5404,0.0646,本圈台阶完成,1,0.0000,0.150,0.330
4197.181,ROUNDABOUT_FOLLOW,2.275,0,2.834,0.0000,0.0000,vision,2.834,roundabout_blind_arc_recovery,0.1000,0.1600,0,line_too_few_bands,0.0000,0.0000,0.0000,0.0000,0.0000,0,0.0000,0.0000,0.0000,0.0000,0.1600,IDLE,1,0,step_done_latches_cleared,0,0,0.000,0,nan,nan,nan,0.0000,0,5,0.6050,0.5404,0.3234,0.5404,0.0646,本圈台阶完成,1,0.0000,0.150,0.330
4197.320,ROUNDABOUT_FOLLOW,2.414,0,2.834,0.2000,0.0000,vision,2.834,roundabout_blind_arc_recovery,0.1000,0.1600,0,line_too_few_bands,0.0000,0.0000,0.0000,0.0000,0.0000,0,0.0000,0.0000,0.0000,0.0000,0.1600,IDLE,1,0,step_done_latches_cleared,0,0,0.000,0,nan,nan,nan,0.0000,0,5,0.6050,0.5404,0.3234,0.5404,0.0646,本圈台阶完成,1,0.0000,0.150,0.330
4197.451,ROUNDABOUT_FOLLOW,2.545,0,2.834,0.2000,0.0000,vision,2.834,roundabout_blind_arc_recovery,0.1000,0.1600,0,line_too_few_bands,0.0000,0.0000,0.0000,0.0000,0.0000,0,0.0000,0.0000,0.0000,0.0000,0.1600,IDLE,1,0,step_done_latches_cleared,0,0,0.000,0,nan,nan,nan,0.0000,0,5,0.6050,0.5404,0.3234,0.5404,0.0646,本圈台阶完成,1,0.0000,0.150,0.330
4197.556,ROUNDABOUT_FOLLOW,2.650,0,2.834,0.2000,0.0000,vision,2.834,roundabout_blind_arc_recovery,0.1000,0.1600,0,line_too_few_bands,0.0000,0.0000,0.0000,0.0000,0.0000,0,0.0000,0.0000,0.0000,0.0000,0.1600,IDLE,1,0,step_done_latches_cleared,0,0,0.000,0,nan,nan,nan,0.0000,0,5,0.6050,0.5404,0.3234,0.5404,0.0646,本圈台阶完成,1,0.0000,0.150,0.330
4197.667,ROUNDABOUT_FOLLOW,2.761,0,2.834,0.2000,0.0000,vision,2.834,roundabout_blind_arc_recovery,0.1000,0.1600,0,line_too_few_bands,0.0000,0.0000,0.0000,0.0000,0.0000,0,0.0000,0.0000,0.0000,0.0000,0.1600,IDLE,1,0,step_done_latches_cleared,0,0,0.000,0,nan,nan,nan,0.0000,0,5,0.6050,0.5404,0.3234,0.5404,0.0646,本圈台阶完成,1,0.0000,0.150,0.330
4197.776,ROUNDABOUT_FOLLOW,2.870,0,2.834,0.4000,0.0000,vision,2.834,roundabout_blind_arc_recovery,0.1000,0.1600,0,line_too_few_bands,0.0000,0.0000,0.0000,0.0000,0.0000,0,0.0000,0.0000,0.0000,0.0000,0.1600,IDLE,1,0,step_done_latches_cleared,0,0,0.000,0,nan,nan,nan,0.0000,0,5,0.6050,0.5404,0.3234,0.5404,0.0646,本圈台阶完成,1,0.0000,0.150,0.330
4197.888,ROUNDABOUT_FOLLOW,2.982,0,2.834,0.2000,0.0000,vision,2.834,roundabout_blind_arc_recovery,0.1000,0.1600,0,line_too_few_bands,0.0000,0.0000,0.0000,0.0000,0.0000,0,0.0000,0.0000,0.0000,0.0000,0.1600,IDLE,1,0,step_done_latches_cleared,0,0,0.000,0,nan,nan,nan,0.0000,0,5,0.6050,0.5404,0.3234,0.5404,0.0646,本圈台阶完成,1,0.0000,0.150,0.330
4197.996,ROUNDABOUT_FOLLOW,3.090,0,2.834,0.4000,0.0000,vision,2.834,roundabout_blind_arc_recovery,0.1000,0.1600,0,line_too_few_bands,0.0000,0.0000,0.0000,0.0000,0.0000,0,0.0000,0.0000,0.0000,0.0000,0.1600,IDLE,1,0,step_done_latches_cleared,0,0,0.000,0,nan,nan,nan,0.0000,0,5,0.6050,0.5404,0.3234,0.5404,0.0646,本圈台阶完成,1,0.0000,0.150,0.330
4198.101,ROUNDABOUT_FOLLOW,3.195,0,2.834,0.4000,0.0000,vision,2.834,roundabout_blind_arc_recovery,0.1000,0.1600,0,line_too_few_bands,0.0000,0.0000,0.0000,0.0000,0.0000,0,0.0000,0.0000,0.0000,0.0000,0.1600,IDLE,1,0,step_done_latches_cleared,0,0,0.000,0,nan,nan,nan,0.0000,0,5,0.6050,0.5404,0.3234,0.5404,0.0646,本圈台阶完成,1,0.0000,0.150,0.330
4198.208,ROUNDABOUT_FOLLOW,3.302,0,2.834,0.4000,0.0000,vision,2.834,roundabout_blind_arc_recovery,0.1000,0.1600,0,line_too_few_bands,0.0000,0.0000,0.0000,0.0000,0.0000,0,0.0000,0.0000,0.0000,0.0000,0.1600,IDLE,1,0,step_done_latches_cleared,0,0,0.000,0,nan,nan,nan,0.0000,0,5,0.6050,0.5404,0.3234,0.5404,0.0646,本圈台阶完成,1,0.0000,0.150,0.330
4198.326,ROUNDABOUT_FOLLOW,3.420,0,2.834,0.4000,0.0000,vision,2.834,roundabout_follow_left_locked,0.1050,-0.0400,1,line_hard_turn_centering,0.5239,0.5239,0.5239,0.5239,0.2375,1,0.0000,0.0000,0.0000,0.5239,-0.0400,IDLE,1,0,step_done_latches_cleared,0,0,0.000,0,nan,nan,nan,0.0000,0,5,0.6050,0.5404,0.3234,0.5404,0.0646,本圈台阶完成,1,0.0000,0.150,0.330
4198.428,ROUNDABOUT_FOLLOW,3.522,0,2.834,0.2000,0.0000,vision,2.834,roundabout_follow_left_locked,0.1435,-0.0400,1,line_center_tracking,0.4283,0.4283,0.4283,0.4283,0.2375,1,0.0000,0.0000,0.0000,0.4283,-0.0400,IDLE,1,0,step_done_latches_cleared,0,0,0.000,0,nan,nan,nan,0.0000,0,5,0.6050,0.5404,0.3234,0.5404,0.0646,本圈台阶完成,1,0.0000,0.150,0.330
4198.530,ROUNDABOUT_FOLLOW,3.624,0,2.834,0.4000,0.0000,vision,2.834,roundabout_follow_left_locked,0.1050,-0.0400,1,line_hard_turn_centering,0.6055,0.6295,0.3897,0.3897,0.3524,2,0.2398,0.0000,0.2398,0.4696,-0.0400,IDLE,1,0,step_done_latches_cleared,0,0,0.000,0,nan,nan,nan,0.0000,0,5,0.6050,0.5404,0.3234,0.5404,0.0646,本圈台阶完成,1,0.0000,0.150,0.330
4198.641,ROUNDABOUT_FOLLOW,3.735,0,2.834,0.4000,0.0000,vision,2.834,roundabout_follow_left_locked,0.1469,-0.0400,1,line_center_tracking,0.4941,0.4941,0.4941,0.4941,0.2375,1,0.0000,0.0000,0.0000,0.4941,-0.0400,IDLE,1,0,step_done_latches_cleared,0,0,0.000,0,nan,nan,nan,0.0000,0,5,0.6050,0.5404,0.3234,0.5404,0.0646,本圈台阶完成,1,0.0000,0.150,0.330
4198.748,ROUNDABOUT_FOLLOW,3.842,0,2.834,0.0000,0.0000,vision,2.834,roundabout_follow_left_locked,0.1618,-0.0400,1,line_center_tracking,0.4536,0.4536,0.4536,0.4536,0.2375,1,0.0000,0.0000,0.0000,0.4536,-0.0400,IDLE,1,0,step_done_latches_cleared,0,0,0.000,0,nan,nan,nan,0.0000,0,5,0.6050,0.5404,0.3234,0.5404,0.0646,本圈台阶完成,1,0.0000,0.150,0.330
4198.853,ROUNDABOUT_FOLLOW,3.947,0,2.834,0.0000,0.0000,vision,2.834,roundabout_follow_left_locked,0.1687,-0.0400,1,line_center_tracking,0.4183,0.4183,0.4183,0.4183,0.2375,1,0.0000,0.0000,0.0000,0.4183,-0.0400,IDLE,1,0,step_done_latches_cleared,0,0,0.000,0,nan,nan,nan,0.0000,0,5,0.6050,0.5404,0.3234,0.5404,0.0646,本圈台阶完成,1,0.0000,0.150,0.330
4198.958,ROUNDABOUT_FOLLOW,4.052,0,2.834,0.0000,0.0000,vision,2.834,roundabout_blind_arc_recovery,0.1287,0.1600,0,line_too_few_bands,0.0000,0.0000,0.0000,0.0000,0.0000,0,0.0000,0.0000,0.0000,0.0000,0.1600,IDLE,1,0,step_done_latches_cleared,0,0,0.000,0,nan,nan,nan,0.0000,0,5,0.6050,0.5404,0.3234,0.5404,0.0646,本圈台阶完成,1,0.0000,0.150,0.330
4199.070,ROUNDABOUT_FOLLOW,4.164,0,2.834,0.2000,0.0000,vision,2.834,roundabout_follow_left_locked,0.1713,-0.0400,1,line_center_tracking,0.2450,0.2450,0.2450,0.2450,0.2375,1,0.0000,0.0000,0.0000,0.2450,-0.0400,IDLE,1,0,step_done_latches_cleared,0,0,0.000,0,nan,nan,nan,0.0000,0,5,0.6050,0.5404,0.3234,0.5404,0.0646,本圈台阶完成,1,0.0000,0.150,0.330
4199.177,ROUNDABOUT_FOLLOW,4.271,0,2.834,0.4000,0.0000,vision,2.834,roundabout_follow_left_locked,0.2117,-0.0400,1,line_center_tracking,0.1288,0.1288,0.1288,0.1288,0.2375,1,0.0000,0.0000,0.0000,0.1288,-0.0400,IDLE,1,0,step_done_latches_cleared,0,0,0.000,0,nan,nan,nan,0.0000,0,5,0.6050,0.5404,0.3234,0.5404,0.0646,本圈台阶完成,1,0.0000,0.150,0.330
4199.288,ROUNDABOUT_FOLLOW,4.382,0,2.834,0.0000,0.0000,vision,2.834,roundabout_follow_left_locked,0.1999,-0.0400,1,line_center_tracking,0.2576,0.2576,0.2576,0.2576,0.2375,1,0.0000,0.0000,0.0000,0.2576,-0.0400,IDLE,1,0,step_done_latches_cleared,0,0,0.000,0,nan,nan,nan,0.0000,0,5,0.6050,0.5404,0.3234,0.5404,0.0646,本圈台阶完成,1,0.0000,0.150,0.330
4199.411,ROUNDABOUT_FOLLOW,4.505,0,2.834,0.0000,0.0000,vision,2.834,roundabout_follow_left_locked,0.2049,-0.0400,1,line_center_tracking,0.1224,0.1963,-0.0676,-0.0676,0.3401,2,0.2639,0.0000,0.2639,0.0204,-0.0400,IDLE,1,0,step_done_latches_cleared,0,0,0.000,0,nan,nan,nan,0.0000,0,5,0.6050,0.5404,0.3234,0.5404,0.0646,本圈台阶完成,1,0.0000,0.150,0.330
4199.520,ROUNDABOUT_FOLLOW,4.614,0,2.834,0.0000,0.0000,vision,2.834,roundabout_follow_left_locked,0.2301,-0.0153,1,line_center_tracking,-0.1262,-0.0936,-0.2100,-0.2100,0.3848,2,0.1164,0.0000,0.1164,-0.1712,-0.0153,IDLE,1,0,step_done_latches_cleared,0,0,0.000,0,nan,nan,nan,0.0000,0,5,0.6050,0.5404,0.3234,0.5404,0.0646,本圈台阶完成,1,0.0000,0.150,0.330
4199.630,ROUNDABOUT_FOLLOW,4.724,0,2.834,0.0000,0.0000,vision,2.834,roundabout_blind_arc_recovery,0.1883,0.1600,0,line_too_few_bands,0.0000,0.0000,0.0000,0.0000,0.0000,0,0.0000,0.0000,0.0000,0.0000,0.1600,IDLE,1,0,step_done_latches_cleared,0,0,0.000,0,nan,nan,nan,0.0000,0,5,0.6050,0.5404,0.3234,0.5404,0.0646,本圈台阶完成,1,0.0000,0.150,0.330
4199.733,ROUNDABOUT_FOLLOW,4.827,0,2.834,0.0000,0.0000,vision,2.834,roundabout_blind_arc_recovery,0.1489,0.1600,0,line_too_few_bands,0.0000,0.0000,0.0000,0.0000,0.0000,0,0.0000,0.0000,0.0000,0.0000,0.1600,IDLE,1,0,step_done_latches_cleared,0,0,0.000,0,nan,nan,nan,0.0000,0,5,0.6050,0.5404,0.3234,0.5404,0.0646,本圈台阶完成,1,0.0000,0.150,0.330
4199.845,ROUNDABOUT_FOLLOW,4.939,0,2.834,0.0000,0.0000,vision,2.834,roundabout_follow_left_locked,0.1915,0.0896,1,line_center_tracking,-0.2011,-0.2011,-0.2011,-0.2011,0.2375,1,0.0000,0.0000,0.0000,-0.2011,0.0896,IDLE,1,0,step_done_latches_cleared,0,0,0.000,0,nan,nan,nan,0.0000,0,5,0.6050,0.5404,0.3234,0.5404,0.0646,本圈台阶完成,1,0.0000,0.150,0.330
4199.971,ROUNDABOUT_FOLLOW,5.065,0,2.834,0.0000,0.0000,vision,2.834,roundabout_blind_arc_recovery,0.1437,0.1600,0,line_too_few_bands,0.0000,0.0000,0.0000,0.0000,0.0000,0,0.0000,0.0000,0.0000,0.0000,0.1600,IDLE,1,0,step_done_latches_cleared,0,0,0.000,0,nan,nan,nan,0.0000,0,5,0.6050,0.5404,0.3234,0.5404,0.0646,本圈台阶完成,1,0.0000,0.150,0.330
4200.087,ROUNDABOUT_FOLLOW,5.181,0,2.834,0.2000,0.0000,vision,2.834,roundabout_blind_arc_recovery,0.1000,0.1600,0,line_too_few_bands,0.0000,0.0000,0.0000,0.0000,0.0000,0,0.0000,0.0000,0.0000,0.0000,0.1600,IDLE,1,0,step_done_latches_cleared,0,0,0.000,0,nan,nan,nan,0.0000,0,5,0.6050,0.5404,0.3234,0.5404,0.0646,本圈台阶完成,1,0.0000,0.150,0.330
4200.194,ROUNDABOUT_FOLLOW,5.288,0,2.834,0.0000,0.0000,vision,2.834,roundabout_blind_arc_recovery,0.1000,0.1600,0,line_too_few_bands,0.0000,0.0000,0.0000,0.0000,0.0000,0,0.0000,0.0000,0.0000,0.0000,0.1600,IDLE,1,0,step_done_latches_cleared,0,0,0.000,0,nan,nan,nan,0.0000,0,5,0.6050,0.5404,0.3234,0.5404,0.0646,本圈台阶完成,1,0.0000,0.150,0.330
4200.311,ROUNDABOUT_FOLLOW,5.406,0,2.834,0.0000,0.0000,vision,2.834,roundabout_blind_arc_recovery,0.1000,0.1600,0,line_too_few_bands,0.0000,0.0000,0.0000,0.0000,0.0000,0,0.0000,0.0000,0.0000,0.0000,0.1600,IDLE,1,0,step_done_latches_cleared,0,0,0.000,0,nan,nan,nan,0.0000,0,5,0.6050,0.5404,0.3234,0.5404,0.0646,本圈台阶完成,1,0.0000,0.150,0.330
4200.431,ROUNDABOUT_FOLLOW,5.526,0,2.834,0.2000,0.0000,vision,2.834,roundabout_blind_arc_recovery,0.1000,0.1600,0,line_too_few_bands,0.0000,0.0000,0.0000,0.0000,0.0000,0,0.0000,0.0000,0.0000,0.0000,0.1600,IDLE,1,0,step_done_latches_cleared,0,0,0.000,0,nan,nan,nan,0.0000,0,5,0.6050,0.5404,0.3234,0.5404,0.0646,本圈台阶完成,1,0.0000,0.150,0.330
4200.546,ROUNDABOUT_FOLLOW,5.640,0,2.834,0.2000,0.0000,vision,2.834,roundabout_blind_arc_recovery,0.1000,0.1600,0,line_too_few_bands,0.0000,0.0000,0.0000,0.0000,0.0000,0,0.0000,0.0000,0.0000,0.0000,0.1600,IDLE,1,0,step_done_latches_cleared,0,0,0.000,0,nan,nan,nan,0.0000,0,5,0.6050,0.5404,0.3234,0.5404,0.0646,本圈台阶完成,1,0.0000,0.150,0.330
4200.660,ROUNDABOUT_FOLLOW,5.754,0,2.834,0.0000,0.0000,vision,2.834,roundabout_blind_arc_recovery,0.1000,0.1600,0,line_too_few_bands,0.0000,0.0000,0.0000,0.0000,0.0000,0,0.0000,0.0000,0.0000,0.0000,0.1600,IDLE,1,0,step_done_latches_cleared,0,0,0.000,0,nan,nan,nan,0.0000,0,5,0.6050,0.5404,0.3234,0.5404,0.0646,本圈台阶完成,1,0.0000,0.150,0.330
4200.763,ROUNDABOUT_FOLLOW,5.857,0,2.834,0.0000,0.0000,vision,2.834,roundabout_blind_arc_recovery,0.1000,0.1600,0,line_too_few_bands,0.0000,0.0000,0.0000,0.0000,0.0000,0,0.0000,0.0000,0.0000,0.0000,0.1600,IDLE,1,0,step_done_latches_cleared,0,0,0.000,0,nan,nan,nan,0.0000,0,5,0.6050,0.5404,0.3234,0.5404,0.0646,本圈台阶完成,1,0.0000,0.150,0.330
4200.869,ROUNDABOUT_FOLLOW,5.963,0,2.834,0.0000,0.0000,vision,2.834,roundabout_blind_arc_recovery,0.1000,0.1600,0,line_too_few_bands,0.0000,0.0000,0.0000,0.0000,0.0000,0,0.0000,0.0000,0.0000,0.0000,0.1600,IDLE,1,0,step_done_latches_cleared,0,0,0.000,0,nan,nan,nan,0.0000,0,5,0.6050,0.5404,0.3234,0.5404,0.0646,本圈台阶完成,1,0.0000,0.150,0.330
4200.976,ROUNDABOUT_FOLLOW,6.071,0,2.834,0.2000,0.0000,vision,2.834,roundabout_follow_left_locked,0.1409,0.2413,1,line_center_tracking,-0.3776,-0.3776,-0.3776,-0.3776,0.2375,1,0.0000,0.0000,0.0000,-0.3776,0.2413,IDLE,1,0,step_done_latches_cleared,0,0,0.000,0,nan,nan,nan,0.0000,0,5,0.6050,0.5404,0.3234,0.5404,0.0646,本圈台阶完成,1,0.0000,0.150,0.330
4201.090,ROUNDABOUT_FOLLOW,6.184,0,2.834,0.0000,0.0000,vision,2.834,roundabout_follow_left_locked,0.1584,0.3560,1,line_center_tracking,-0.4182,-0.4182,-0.4182,-0.4182,0.2375,1,0.0000,0.0000,0.0000,-0.4182,0.3560,IDLE,1,0,step_done_latches_cleared,0,0,0.000,0,nan,nan,nan,0.0000,0,5,0.6050,0.5404,0.3234,0.5404,0.0646,本圈台阶完成,1,0.0000,0.150,0.330
4201.195,ROUNDABOUT_FOLLOW,6.289,0,2.834,0.0000,0.0000,vision,2.834,roundabout_follow_left_locked,0.1440,0.4122,1,line_center_tracking,-0.4342,-0.4342,-0.4342,-0.4342,0.2375,1,0.0000,0.0000,0.0000,-0.4342,0.4122,IDLE,1,0,step_done_latches_cleared,0,0,0.000,0,nan,nan,nan,0.0000,0,5,0.6050,0.5404,0.3234,0.5404,0.0646,本圈台阶完成,1,0.0000,0.150,0.330
4201.298,ROUNDABOUT_FOLLOW,6.392,0,2.834,0.0000,0.0000,vision,2.834,roundabout_follow_left_locked,0.1391,0.4312,1,line_center_tracking,-0.4203,-0.4203,-0.4203,-0.4203,0.2375,1,0.0000,0.0000,0.0000,-0.4203,0.4312,IDLE,1,0,step_done_latches_cleared,0,0,0.000,0,nan,nan,nan,0.0000,0,5,0.6050,0.5404,0.3234,0.5404,0.0646,本圈台阶完成,1,0.0000,0.150,0.330
4201.407,ROUNDABOUT_FOLLOW,6.501,0,2.834,0.2000,0.0000,vision,2.834,roundabout_blind_arc_recovery,0.1000,0.1600,0,line_too_few_bands,0.0000,0.0000,0.0000,0.0000,0.0000,0,0.0000,0.0000,0.0000,0.0000,0.1600,IDLE,1,0,step_done_latches_cleared,0,0,0.000,0,nan,nan,nan,0.0000,0,5,0.6050,0.5404,0.3234,0.5404,0.0646,本圈台阶完成,1,0.0000,0.150,0.330
4201.511,ROUNDABOUT_FOLLOW,6.605,0,2.834,0.2000,0.0000,vision,2.834,roundabout_follow_left_locked,0.1226,0.4214,1,line_center_tracking,-0.5174,-0.5174,-0.5174,-0.5174,0.2375,1,0.0000,0.0000,0.0000,-0.5174,0.4214,IDLE,1,0,step_done_latches_cleared,0,0,0.000,0,nan,nan,nan,0.0000,0,5,0.6050,0.5404,0.3234,0.5404,0.0646,本圈台阶完成,1,0.0000,0.150,0.330
4201.618,ROUNDABOUT_FOLLOW,6.712,0,2.834,0.0000,0.0000,vision,2.834,roundabout_follow_left_locked,0.1050,0.5372,1,line_hard_turn_centering,-0.5322,-0.5322,-0.5322,-0.5322,0.2375,1,0.0000,0.0000,0.0000,-0.5322,0.5372,IDLE,1,0,step_done_latches_cleared,0,0,0.000,0,nan,nan,nan,0.0000,0,5,0.6050,0.5404,0.3234,0.5404,0.0646,本圈台阶完成,1,0.0000,0.150,0.330
4201.728,ROUNDABOUT_FOLLOW,6.822,0,2.834,0.2000,0.0000,vision,2.834,roundabout_follow_left_locked,0.1106,0.5423,1,line_center_tracking,-0.5107,-0.5107,-0.5107,-0.5107,0.2375,1,0.0000,0.0000,0.0000,-0.5107,0.5423,IDLE,1,0,step_done_latches_cleared,0,0,0.000,0,nan,nan,nan,0.0000,0,5,0.6050,0.5404,0.3234,0.5404,0.0646,本圈台阶完成,1,0.0000,0.150,0.330
4201.830,ROUNDABOUT_FOLLOW,6.924,0,2.834,0.2000,0.0000,vision,2.834,roundabout_follow_left_locked,0.1050,0.5600,1,line_hard_turn_centering,-0.6394,-0.6394,-0.6394,-0.6394,0.2375,1,0.0000,0.0000,0.0000,-0.6394,0.5600,IDLE,1,0,step_done_latches_cleared,0,0,0.000,0,nan,nan,nan,0.0000,0,5,0.6050,0.5404,0.3234,0.5404,0.0646,本圈台阶完成,1,0.0000,0.150,0.330
4201.944,ROUNDABOUT_FOLLOW,7.038,0,2.834,0.2000,0.0000,vision,2.834,roundabout_follow_left_locked,0.1050,0.5600,1,line_hard_turn_centering,-0.6541,-0.6541,-0.6541,-0.6541,0.2375,1,0.0000,0.0000,0.0000,-0.6541,0.5600,IDLE,1,0,step_done_latches_cleared,0,0,0.000,0,nan,nan,nan,0.0000,0,5,0.6050,0.5404,0.3234,0.5404,0.0646,本圈台阶完成,1,0.0000,0.150,0.330
4202.054,ROUNDABOUT_FOLLOW,7.148,0,2.834,0.2000,0.0000,vision,2.834,roundabout_follow_left_locked,0.1050,0.5600,1,line_hard_turn_centering,-0.7673,-0.7673,-0.7673,-0.7673,0.2375,1,0.0000,0.0000,0.0000,-0.7673,0.5600,IDLE,1,0,step_done_latches_cleared,0,0,0.000,0,nan,nan,nan,0.0000,0,5,0.6050,0.5404,0.3234,0.5404,0.0646,本圈台阶完成,1,0.0000,0.150,0.330
4202.172,ROUNDABOUT_FOLLOW,7.266,0,2.834,0.2000,0.0000,vision,2.834,roundabout_follow_left_locked,0.1050,0.5600,1,line_hard_turn_centering,-0.7699,-0.7699,-0.7699,-0.7699,0.2375,1,0.0000,0.0000,0.0000,-0.7699,0.5600,IDLE,1,0,step_done_latches_cleared,0,0,0.000,0,nan,nan,nan,0.0000,0,5,0.6050,0.5404,0.3234,0.5404,0.0646,本圈台阶完成,1,0.0000,0.150,0.330
4202.292,ROUNDABOUT_FOLLOW,7.386,0,2.834,0.2000,0.0000,vision,2.834,roundabout_blind_arc_recovery,0.1000,0.2612,0,line_too_few_bands,0.0000,0.0000,0.0000,0.0000,0.0000,0,0.0000,0.0000,0.0000,0.0000,0.2612,IDLE,1,0,step_done_latches_cleared,0,0,0.000,0,nan,nan,nan,0.0000,0,5,0.6050,0.5404,0.3234,0.5404,0.0646,本圈台阶完成,1,0.0000,0.150,0.330
4202.406,ROUNDABOUT_FOLLOW,7.500,0,2.834,0.4000,0.0000,vision,2.834,roundabout_follow_left_locked,0.1072,0.5460,1,line_center_tracking,-0.3142,-0.3142,-0.3142,-0.3142,0.2375,1,0.0000,0.0000,0.0000,-0.3142,0.5460,IDLE,1,0,step_done_latches_cleared,0,0,0.000,0,nan,nan,nan,0.0000,0,5,0.6050,0.5404,0.3234,0.5404,0.0646,本圈台阶完成,1,0.0000,0.150,0.330
4202.519,ROUNDABOUT_FOLLOW,7.613,0,2.834,0.4000,0.0000,vision,2.834,roundabout_blind_arc_recovery,0.1000,0.2637,0,line_too_few_bands,0.0000,0.0000,0.0000,0.0000,0.0000,0,0.0000,0.0000,0.0000,0.0000,0.2637,IDLE,1,0,step_done_latches_cleared,0,0,0.000,0,nan,nan,nan,0.0000,0,5,0.6050,0.5404,0.3234,0.5404,0.0646,本圈台阶完成,1,0.0000,0.150,0.330
4202.627,ROUNDABOUT_FOLLOW,7.721,0,2.834,0.4000,0.0000,vision,2.834,roundabout_blind_arc_recovery,0.1000,0.1600,0,line_too_few_bands,0.0000,0.0000,0.0000,0.0000,0.0000,0,0.0000,0.0000,0.0000,0.0000,0.1600,IDLE,1,0,step_done_latches_cleared,0,0,0.000,0,nan,nan,nan,0.0000,0,5,0.6050,0.5404,0.3234,0.5404,0.0646,本圈台阶完成,1,0.0000,0.150,0.330
4202.740,ROUNDABOUT_FOLLOW,7.834,0,2.834,0.4000,0.0000,vision,2.834,roundabout_blind_arc_recovery,0.1000,0.1600,0,line_too_few_bands,0.0000,0.0000,0.0000,0.0000,0.0000,0,0.0000,0.0000,0.0000,0.0000,0.1600,IDLE,1,0,step_done_latches_cleared,0,0,0.000,0,nan,nan,nan,0.0000,0,5,0.6050,0.5404,0.3234,0.5404,0.0646,本圈台阶完成,1,0.0000,0.150,0.330
4202.849,ROUNDABOUT_FOLLOW,7.943,0,2.834,0.4000,0.0000,vision,2.834,roundabout_blind_arc_recovery,0.1000,0.1600,0,line_too_few_bands,0.0000,0.0000,0.0000,0.0000,0.0000,0,0.0000,0.0000,0.0000,0.0000,0.1600,IDLE,1,0,step_done_latches_cleared,0,0,0.000,0,nan,nan,nan,0.0000,0,5,0.6050,0.5404,0.3234,0.5404,0.0646,本圈台阶完成,1,0.0000,0.150,0.330
4202.950,ROUNDABOUT_FOLLOW,8.044,0,2.834,0.4000,0.0000,vision,2.834,roundabout_blind_arc_recovery,0.1000,0.1600,0,line_too_few_bands,0.0000,0.0000,0.0000,0.0000,0.0000,0,0.0000,0.0000,0.0000,0.0000,0.1600,IDLE,1,0,step_done_latches_cleared,0,0,0.000,0,nan,nan,nan,0.0000,0,5,0.6050,0.5404,0.3234,0.5404,0.0646,本圈台阶完成,1,0.0000,0.150,0.330
4203.060,ROUNDABOUT_FOLLOW,8.154,0,2.834,0.2000,0.0000,vision,2.834,roundabout_blind_arc_recovery,0.1000,0.1600,0,line_too_few_bands,0.0000,0.0000,0.0000,0.0000,0.0000,0,0.0000,0.0000,0.0000,0.0000,0.1600,IDLE,1,0,step_done_latches_cleared,0,0,0.000,0,nan,nan,nan,0.0000,0,5,0.6050,0.5404,0.3234,0.5404,0.0646,本圈台阶完成,1,0.0000,0.150,0.330
4203.162,ROUNDABOUT_FOLLOW,8.256,0,2.834,0.0000,0.0000,vision,2.834,roundabout_follow_left_locked,0.1050,0.4163,1,line_hard_turn_centering,-0.7342,-0.7342,-0.7342,-0.7342,0.2375,1,0.0000,0.0000,0.0000,-0.7342,0.4163,IDLE,1,0,step_done_latches_cleared,0,0,0.000,0,nan,nan,nan,0.0000,0,5,0.6050,0.5404,0.3234,0.5404,0.0646,本圈台阶完成,1,0.0000,0.150,0.330
4203.270,ROUNDABOUT_FOLLOW,8.364,0,2.834,0.0000,0.0000,vision,2.834,roundabout_follow_left_locked,0.1035,0.5696,1,line_center_tracking,-0.4473,-0.4085,-0.5471,-0.5471,0.3676,2,0.1386,0.0000,0.1386,-0.5009,0.5696,IDLE,1,0,step_done_latches_cleared,0,0,0.000,0,nan,nan,nan,0.0000,0,5,0.6050,0.5404,0.3234,0.5404,0.0646,本圈台阶完成,1,0.0000,0.150,0.330
4203.396,ROUNDABOUT_FOLLOW,8.490,0,2.834,0.0000,0.0000,vision,2.834,roundabout_follow_left_locked,0.1246,0.4876,1,line_center_tracking,-0.3764,-0.3462,-0.4542,-0.4542,0.3913,2,0.1080,0.0000,0.1080,-0.4182,0.4876,IDLE,1,0,step_done_latches_cleared,0,0,0.000,0,nan,nan,nan,0.0000,0,5,0.6050,0.5404,0.3234,0.5404,0.0646,本圈台阶完成,1,0.0000,0.150,0.330
4203.523,ROUNDABOUT_FOLLOW,8.617,0,2.834,0.0000,0.0000,vision,2.834,roundabout_follow_left_locked,0.1731,0.1912,1,line_center_tracking,0.0629,0.0409,0.1195,0.1195,0.2540,2,0.0786,0.0000,0.0786,0.0933,0.1912,IDLE,1,0,step_done_latches_cleared,0,0,0.000,0,nan,nan,nan,0.0000,0,5,0.6050,0.5404,0.3234,0.5404,0.0646,本圈台阶完成,1,0.0000,0.150,0.330
4203.637,ROUNDABOUT_FOLLOW,8.731,0,2.834,0.0000,0.0000,vision,2.834,roundabout_follow_left_locked,0.2162,0.0429,1,line_center_tracking,0.0994,0.0795,0.1506,0.1506,0.2750,2,0.0711,0.0000,0.0711,0.1269,0.0429,IDLE,1,0,step_done_latches_cleared,0,0,0.000,0,nan,nan,nan,0.0000,0,5,0.6050,0.5404,0.3234,0.5404,0.0646,本圈台阶完成,1,0.0000,0.150,0.330
4203.771,ROUNDABOUT_FOLLOW,8.865,0,2.834,0.0000,0.0000,vision,2.834,roundabout_follow_left_locked,0.2436,0.0113,1,line_center_tracking,0.0330,0.0330,0.0330,0.0330,0.2375,1,0.0000,0.0000,0.0000,0.0330,0.0113,IDLE,1,0,step_done_latches_cleared,0,0,0.000,0,nan,nan,nan,0.0000,0,5,0.6050,0.5404,0.3234,0.5404,0.0646,本圈台阶完成,1,0.0000,0.150,0.330
4203.877,ROUNDABOUT_FOLLOW,8.971,0,2.834,0.0000,0.0000,vision,2.834,roundabout_follow_left_locked,0.2435,0.0253,1,line_center_tracking,-0.0292,-0.0292,-0.0292,-0.0292,0.2375,1,0.0000,0.0000,0.0000,-0.0292,0.0253,IDLE,1,0,step_done_latches_cleared,0,0,0.000,0,nan,nan,nan,0.0000,0,5,0.6050,0.5404,0.3234,0.5404,0.0646,本圈台阶完成,1,0.0000,0.150,0.330
4203.995,ROUNDABOUT_FOLLOW,9.089,0,2.834,0.0000,0.0000,vision,2.834,roundabout_follow_left_locked,0.1987,0.2141,1,line_center_tracking,-0.3433,-0.2501,-0.5831,-0.5831,0.4123,3,0.3330,0.0000,0.3330,-0.4721,0.2141,IDLE,1,0,step_done_latches_cleared,0,0,0.000,0,nan,nan,nan,0.0000,0,5,0.6050,0.5404,0.3234,0.5404,0.0646,本圈台阶完成,1,0.0000,0.150,0.330
4204.104,ROUNDABOUT_FOLLOW,9.199,0,2.834,0.0000,0.0000,vision,2.834,roundabout_follow_left_locked,0.1578,0.3585,1,line_center_tracking,-0.4577,-0.3862,-0.6416,-0.6416,0.2771,2,0.2554,0.0000,0.2554,-0.5564,0.3585,IDLE,1,0,step_done_latches_cleared,0,0,0.000,0,nan,nan,nan,0.0000,0,5,0.6050,0.5404,0.3234,0.5404,0.0646,本圈台阶完成,1,0.0000,0.150,0.330
4204.219,ROUNDABOUT_FOLLOW,9.313,0,2.834,0.0000,0.0000,vision,2.834,roundabout_follow_left_locked,0.1656,0.3283,1,line_center_tracking,-0.2979,-0.2979,-0.2979,-0.2979,0.2375,1,0.0000,0.0000,0.0000,-0.2979,0.3283,IDLE,1,0,step_done_latches_cleared,0,0,0.000,0,nan,nan,nan,0.0000,0,5,0.6050,0.5404,0.3234,0.5404,0.0646,本圈台阶完成,1,0.0000,0.150,0.330
4204.322,ROUNDABOUT_FOLLOW,9.416,0,2.834,0.0000,0.0000,vision,2.834,roundabout_blind_arc_recovery,0.1262,0.1600,0,line_too_few_bands,0.0000,0.0000,0.0000,0.0000,0.0000,0,0.0000,0.0000,0.0000,0.0000,0.1600,IDLE,1,0,step_done_latches_cleared,0,0,0.000,0,nan,nan,nan,0.0000,0,5,0.6050,0.5404,0.3234,0.5404,0.0646,本圈台阶完成,1,0.0000,0.150,0.330
4204.430,ROUNDABOUT_FOLLOW,9.524,0,2.834,0.0000,0.0000,vision,2.834,roundabout_blind_arc_recovery,0.1000,0.1600,0,line_too_few_bands,0.0000,0.0000,0.0000,0.0000,0.0000,0,0.0000,0.0000,0.0000,0.0000,0.1600,IDLE,1,0,step_done_latches_cleared,0,0,0.000,0,nan,nan,nan,0.0000,0,5,0.6050,0.5404,0.3234,0.5404,0.0646,本圈台阶完成,1,0.0000,0.150,0.330
4204.532,ROUNDABOUT_FOLLOW,9.626,0,2.834,0.0000,0.0000,vision,2.834,roundabout_blind_arc_recovery,0.1000,0.1600,0,line_too_few_bands,0.0000,0.0000,0.0000,0.0000,0.0000,0,0.0000,0.0000,0.0000,0.0000,0.1600,IDLE,1,0,step_done_latches_cleared,0,0,0.000,0,nan,nan,nan,0.0000,0,5,0.6050,0.5404,0.3234,0.5404,0.0646,本圈台阶完成,1,0.0000,0.150,0.330
4204.645,ROUNDABOUT_FOLLOW,9.739,0,2.834,0.0000,0.0000,vision,2.834,roundabout_blue_guard_left,0.0571,0.3000,1,line_center_tracking,-0.4303,-0.4303,-0.4303,-0.4303,0.2375,1,0.0000,0.0000,0.0000,-0.4303,0.3000,IDLE,1,0,step_done_latches_cleared,0,0,0.000,0,nan,nan,nan,0.0000,0,5,0.6050,0.5404,0.3234,0.5404,0.0646,本圈台阶完成,1,0.0000,0.150,0.330
4204.755,ROUNDABOUT_FOLLOW,9.849,0,2.834,0.0000,0.0000,vision,2.834,roundabout_blue_guard_left,0.0450,0.3000,1,line_hard_turn_centering,-0.5236,-0.5236,-0.5236,-0.5236,0.2375,1,0.0000,0.0000,0.0000,-0.5236,0.3000,IDLE,1,0,step_done_latches_cleared,0,0,0.000,0,nan,nan,nan,0.0000,0,5,0.6050,0.5404,0.3234,0.5404,0.0646,本圈台阶完成,1,0.0000,0.150,0.330
4204.861,ROUNDABOUT_FOLLOW,9.955,0,2.834,0.0000,0.0000,vision,2.834,roundabout_blue_guard_left,0.0450,0.3000,0,line_too_few_bands,0.0000,0.0000,0.0000,0.0000,0.0000,0,0.0000,0.0000,0.0000,0.0000,0.3000,IDLE,1,0,step_done_latches_cleared,0,0,0.000,0,nan,nan,nan,0.0000,0,5,0.6050,0.5404,0.3234,0.5404,0.0646,本圈台阶完成,1,0.0000,0.150,0.330
4204.961,ROUNDABOUT_FOLLOW,10.055,0,2.834,0.4000,0.0000,vision,2.834,roundabout_blue_guard_left,0.0450,0.3000,1,line_hard_turn_centering,-0.7204,-0.7204,-0.7204,-0.7204,0.2375,1,0.0000,0.0000,0.0000,-0.7204,0.3000,IDLE,1,0,step_done_latches_cleared,0,0,0.000,0,nan,nan,nan,0.0000,0,5,0.6050,0.5404,0.3234,0.5404,0.0646,本圈台阶完成,1,0.0000,0.150,0.330
4205.071,ROUNDABOUT_FOLLOW,10.165,0,2.834,0.0000,0.0000,vision,2.834,roundabout_blue_guard_left,0.0450,0.3000,1,line_hard_turn_centering,-0.8035,-0.8035,-0.8035,-0.8035,0.2375,1,0.0000,0.0000,0.0000,-0.8035,0.3000,IDLE,1,0,step_done_latches_cleared,0,0,0.000,0,nan,nan,nan,0.0000,0,5,0.6050,0.5404,0.3234,0.5404,0.0646,本圈台阶完成,1,0.0000,0.150,0.330
4205.178,ROUNDABOUT_FOLLOW,10.272,0,2.834,0.0000,0.0000,vision,2.834,roundabout_blue_guard_left,0.0450,0.3000,0,line_too_few_bands,0.0000,0.0000,0.0000,0.0000,0.0000,0,0.0000,0.0000,0.0000,0.0000,0.3000,IDLE,1,0,step_done_latches_cleared,0,0,0.000,0,nan,nan,nan,0.0000,0,5,0.6050,0.5404,0.3234,0.5404,0.0646,本圈台阶完成,1,0.0000,0.150,0.330
4205.289,ROUNDABOUT_FOLLOW,10.383,0,2.834,0.0000,0.0000,vision,2.834,roundabout_blue_guard_left,0.0450,0.3000,0,line_too_few_bands,0.0000,0.0000,0.0000,0.0000,0.0000,0,0.0000,0.0000,0.0000,0.0000,0.3000,IDLE,1,0,step_done_latches_cleared,0,0,0.000,0,nan,nan,nan,0.0000,0,5,0.6050,0.5404,0.3234,0.5404,0.0646,本圈台阶完成,1,0.0000,0.150,0.330
4205.398,ROUNDABOUT_FOLLOW,10.492,0,2.834,0.0000,0.0000,vision,2.834,roundabout_blue_guard_left,0.0450,0.3000,0,line_too_few_bands,0.0000,0.0000,0.0000,0.0000,0.0000,0,0.0000,0.0000,0.0000,0.0000,0.3000,IDLE,1,0,step_done_latches_cleared,0,0,0.000,0,nan,nan,nan,0.0000,0,5,0.6050,0.5404,0.3234,0.5404,0.0646,本圈台阶完成,1,0.0000,0.150,0.330
4205.519,ROUNDABOUT_FOLLOW,10.613,0,2.834,0.0000,0.0000,vision,2.834,roundabout_blue_guard_left,0.0450,0.3000,0,line_too_few_bands,0.0000,0.0000,0.0000,0.0000,0.0000,0,0.0000,0.0000,0.0000,0.0000,0.3000,IDLE,1,0,step_done_latches_cleared,0,0,0.000,0,nan,nan,nan,0.0000,0,5,0.6050,0.5404,0.3234,0.5404,0.0646,本圈台阶完成,1,0.0000,0.150,0.330
4205.628,ROUNDABOUT_FOLLOW,10.722,0,2.834,0.0000,0.0000,vision,2.834,roundabout_blue_guard_left,0.0450,0.3000,0,line_too_few_bands,0.0000,0.0000,0.0000,0.0000,0.0000,0,0.0000,0.0000,0.0000,0.0000,0.3000,IDLE,1,0,step_done_latches_cleared,0,0,0.000,0,nan,nan,nan,0.0000,0,5,0.6050,0.5404,0.3234,0.5404,0.0646,本圈台阶完成,1,0.0000,0.150,0.330
4205.766,ROUNDABOUT_FOLLOW,10.860,0,2.834,0.0000,0.0000,vision,2.834,roundabout_blue_guard_left,0.0450,0.3000,0,line_too_few_bands,0.0000,0.0000,0.0000,0.0000,0.0000,0,0.0000,0.0000,0.0000,0.0000,0.3000,IDLE,1,0,step_done_latches_cleared,0,0,0.000,0,nan,nan,nan,0.0000,0,5,0.6050,0.5404,0.3234,0.5404,0.0646,本圈台阶完成,1,0.0000,0.150,0.330
4205.886,ROUNDABOUT_FOLLOW,10.980,0,2.834,0.0000,0.0000,vision,2.834,roundabout_blue_guard_left,0.0450,0.3000,1,line_hard_turn_centering,-0.6865,-0.6865,-0.6865,-0.6865,0.2375,1,0.0000,0.0000,0.0000,-0.6865,0.3000,IDLE,1,0,step_done_latches_cleared,0,0,0.000,0,nan,nan,nan,0.0000,0,5,0.6050,0.5404,0.3234,0.5404,0.0646,本圈台阶完成,1,0.0000,0.150,0.330
4206.012,ROUNDABOUT_FOLLOW,11.106,0,2.834,0.0000,0.0000,vision,2.834,roundabout_blue_guard_left,0.0450,0.3000,0,line_too_few_bands,0.0000,0.0000,0.0000,0.0000,0.0000,0,0.0000,0.0000,0.0000,0.0000,0.3000,IDLE,1,0,step_done_latches_cleared,0,0,0.000,0,nan,nan,nan,0.0000,0,5,0.6050,0.5404,0.3234,0.5404,0.0646,本圈台阶完成,1,0.0000,0.150,0.330
4206.131,ROUNDABOUT_FOLLOW,11.225,0,2.834,0.0000,0.0000,vision,2.834,roundabout_blue_guard_left,0.0450,0.3000,1,line_center_tracking,-0.4128,-0.3238,-0.6416,-0.6416,0.3125,2,0.3178,0.0000,0.3178,-0.5356,0.3000,IDLE,1,0,step_done_latches_cleared,0,0,0.000,0,nan,nan,nan,0.0000,0,5,0.6050,0.5404,0.3234,0.5404,0.0646,本圈台阶完成,1,0.0000,0.150,0.330
4206.307,ROUNDABOUT_FOLLOW,11.401,0,2.834,0.0000,0.0000,vision,2.834,roundabout_blue_guard_left,0.0450,0.3000,1,line_center_tracking,-0.3796,-0.3796,-0.3796,-0.3796,0.2375,1,0.0000,0.0000,0.0000,-0.3796,0.3000,IDLE,1,0,step_done_latches_cleared,0,0,0.000,0,nan,nan,nan,0.0000,0,5,0.6050,0.5404,0.3234,0.5404,0.0646,本圈台阶完成,1,0.0000,0.150,0.330
4206.432,ROUNDABOUT_FOLLOW,11.526,0,2.834,0.8000,0.0000,vision,2.834,roundabout_follow_left_locked,0.0924,0.3581,1,line_center_tracking,-0.3315,-0.3315,-0.3315,-0.3315,0.2375,1,0.0000,0.0000,0.0000,-0.3315,0.3581,IDLE,1,0,step_done_latches_cleared,0,0,0.000,0,nan,nan,nan,0.0000,0,5,0.6050,0.5404,0.3234,0.5404,0.0646,本圈台阶完成,1,0.0000,0.150,0.330
4206.563,ROUNDABOUT_FOLLOW,11.657,0,2.834,0.9092,0.0000,vision,2.834,roundabout_follow_left_locked,0.1050,0.5083,1,line_hard_turn_centering,-0.5885,-0.5885,-0.5885,-0.5885,0.2375,1,0.0000,0.0000,0.0000,-0.5885,0.5083,IDLE,1,0,step_done_latches_cleared,0,0,0.000,0,nan,nan,nan,0.0000,0,5,0.6050,0.5404,0.3234,0.5404,0.0646,本圈台阶完成,1,0.0000,0.150,0.330
4206.690,ROUNDABOUT_FOLLOW,11.785,0,2.834,0.8660,0.0000,vision,2.834,roundabout_follow_left_locked,0.1536,0.3594,1,line_center_tracking,-0.2299,-0.2299,-0.2299,-0.2299,0.2375,1,0.0000,0.0000,0.0000,-0.2299,0.3594,IDLE,1,0,step_done_latches_cleared,0,0,0.000,0,nan,nan,nan,0.0000,0,5,0.6050,0.5404,0.3234,0.5404,0.0646,本圈台阶完成,1,0.0000,0.150,0.330
4206.817,ROUNDABOUT_EXIT,0.000,0,2.834,0.9064,0.0000,vision,2.834,roundabout_exit_commit,0.1054,0.0866,1,line_center_tracking,-0.0801,-0.0801,-0.0801,-0.0801,0.2375,1,0.0000,0.0000,0.0000,-0.0801,0.0866,IDLE,1,0,step_done_latches_cleared,0,0,0.000,0,nan,nan,nan,0.0000,0,5,0.6050,0.5404,0.3234,0.5404,0.0646,本圈台阶完成,1,0.0000,0.150,0.330
4206.946,ROUNDABOUT_EXIT,0.129,0,2.834,0.9093,0.0000,vision,2.834,roundabout_exit_blind_commit,0.1050,0.1600,0,line_too_few_bands,0.0000,0.0000,0.0000,0.0000,0.0000,0,0.0000,0.0000,0.0000,0.0000,0.1600,IDLE,1,0,step_done_latches_cleared,0,0,0.000,0,nan,nan,nan,0.0000,0,5,0.6050,0.5404,0.3234,0.5404,0.0646,本圈台阶完成,1,0.0000,0.150,0.330
4207.074,ROUNDABOUT_EXIT,0.257,0,2.834,0.9330,0.0000,vision,2.834,roundabout_exit_blind_commit,0.1050,0.1600,0,line_too_few_bands,0.0000,0.0000,0.0000,0.0000,0.0000,0,0.0000,0.0000,0.0000,0.0000,0.1600,IDLE,1,0,step_done_latches_cleared,0,0,0.000,0,nan,nan,nan,0.0000,0,5,0.6050,0.5404,0.3234,0.5404,0.0646,本圈台阶完成,1,0.0000,0.150,0.330
4207.186,ROUNDABOUT_EXIT,0.368,0,2.834,0.6000,0.0000,vision,2.834,roundabout_exit_commit,0.1050,-0.0300,1,line_center_tracking,0.2989,0.2989,0.2989,0.2989,0.2375,1,0.0000,0.0000,0.0000,0.2989,-0.0300,IDLE,1,0,step_done_latches_cleared,0,0,0.000,0,nan,nan,nan,0.0000,0,5,0.6050,0.5404,0.3234,0.5404,0.0646,本圈台阶完成,1,0.0000,0.150,0.330
4207.294,ROUNDABOUT_EXIT,0.476,0,2.834,0.8949,0.0000,vision,2.834,roundabout_exit_commit,0.1050,-0.0300,1,line_center_tracking,0.2225,0.2225,0.2225,0.2225,0.2375,1,0.0000,0.0000,0.0000,0.2225,-0.0300,IDLE,1,0,step_done_latches_cleared,0,0,0.000,0,nan,nan,nan,0.0000,0,5,0.6050,0.5404,0.3234,0.5404,0.0646,本圈台阶完成,1,0.0000,0.150,0.330
4207.407,ROUNDABOUT_EXIT,0.590,0,2.834,0.9357,0.0000,vision,2.834,roundabout_exit_commit,0.1050,-0.0300,1,line_center_tracking,0.1907,0.1907,0.1907,0.1907,0.2375,1,0.0000,0.0000,0.0000,0.1907,-0.0300,IDLE,1,0,step_done_latches_cleared,0,0,0.000,0,nan,nan,nan,0.0000,0,5,0.6050,0.5404,0.3234,0.5404,0.0646,本圈台阶完成,1,0.0000,0.150,0.330
4207.516,ROUNDABOUT_EXIT,0.698,0,2.834,0.8953,0.0000,vision,2.834,roundabout_exit_commit,0.1050,-0.0300,1,line_center_tracking,0.1749,0.1749,0.1749,0.1749,0.2375,1,0.0000,0.0000,0.0000,0.1749,-0.0300,IDLE,1,0,step_done_latches_cleared,0,0,0.000,0,nan,nan,nan,0.0000,0,5,0.6050,0.5404,0.3234,0.5404,0.0646,本圈台阶完成,1,0.0000,0.150,0.330
4207.622,ROUNDABOUT_EXIT,0.805,0,2.834,0.9120,0.0000,vision,2.834,roundabout_exit_commit,0.1050,-0.0300,1,line_center_tracking,0.1645,0.1645,0.1645,0.1645,0.2375,1,0.0000,0.0000,0.0000,0.1645,-0.0300,IDLE,1,0,step_done_latches_cleared,0,0,0.000,0,nan,nan,nan,0.0000,0,5,0.6050,0.5404,0.3234,0.5404,0.0646,本圈台阶完成,1,0.0000,0.150,0.330
4207.728,ROUNDABOUT_EXIT,0.911,0,2.834,0.9423,0.0000,vision,2.834,roundabout_exit_commit,0.1050,-0.0300,1,line_center_tracking,0.1529,0.1529,0.1529,0.1529,0.2375,1,0.0000,0.0000,0.0000,0.1529,-0.0300,IDLE,1,0,step_done_latches_cleared,0,0,0.000,0,nan,nan,nan,0.0000,0,5,0.6050,0.5404,0.3234,0.5404,0.0646,本圈台阶完成,1,0.0000,0.150,0.330
4207.842,ROUNDABOUT_EXIT,1.025,0,2.834,0.9423,0.0000,vision,2.834,roundabout_exit_commit,0.1050,-0.0300,1,line_center_tracking,0.1373,0.1373,0.1373,0.1373,0.2375,1,0.0000,0.0000,0.0000,0.1373,-0.0300,IDLE,1,0,step_done_latches_cleared,0,0,0.000,0,nan,nan,nan,0.0000,0,5,0.6050,0.5404,0.3234,0.5404,0.0646,本圈台阶完成,1,0.0000,0.150,0.330
4207.954,ROUNDABOUT_EXIT,1.136,0,2.834,0.8567,0.0000,vision,2.834,roundabout_exit_commit,0.1050,-0.0300,1,line_center_tracking,0.0525,0.0249,0.1234,0.1234,0.4330,2,0.0985,0.0000,0.0985,0.0906,-0.0300,IDLE,1,0,step_done_latches_cleared,0,0,0.000,0,nan,nan,nan,0.0000,0,5,0.6050,0.5404,0.3234,0.5404,0.0646,本圈台阶完成,1,0.0000,0.150,0.330
4208.067,SEEK_CROSSWALK,0.000,0,2.834,0.8631,0.0000,vision,2.834,tracking,0.1483,-0.0847,1,line_center_tracking,0.0784,0.1218,-0.0332,-0.0332,0.4090,2,0.1550,0.0000,0.1550,0.0185,-0.0847,IDLE,1,0,step_done_latches_cleared,0,0,0.000,0,nan,nan,nan,0.0000,0,5,0.6050,0.5404,0.3234,0.5404,0.0646,本圈台阶完成,1,0.0000,0.150,0.330
4208.179,SEEK_CROSSWALK,0.111,0,2.834,0.8656,0.0000,vision,2.834,tracking,0.1450,-0.1016,1,line_recenter_transition,0.1068,0.1152,-0.3031,-0.4156,0.5392,4,0.4183,0.1125,0.5308,-0.2012,-0.1016,IDLE,1,0,step_done_latches_cleared,0,0,0.000,0,nan,nan,nan,0.0000,0,5,0.6050,0.5404,0.3234,0.5404,0.0646,本圈台阶完成,1,0.0000,0.150,0.330
4208.295,SEEK_CROSSWALK,0.227,0,2.834,0.9474,0.0000,vision,2.834,tracking,0.1700,-0.1181,1,line_curve_center_riding,0.1235,0.1318,-0.0051,-0.0051,0.6196,4,0.1369,0.0000,0.1369,0.0405,-0.1181,IDLE,1,0,step_done_latches_cleared,0,0,0.000,0,nan,nan,nan,0.0000,0,5,0.6050,0.5404,0.3234,0.5404,0.0646,本圈台阶完成,1,0.0000,0.150,0.330
4208.403,SEEK_CROSSWALK,0.336,0,2.834,0.9075,0.0000,vision,2.834,tracking,0.1450,-0.1056,1,line_recenter_transition,0.0902,0.0999,-0.3814,-0.3814,0.5468,4,0.4812,0.0000,0.4812,-0.2210,-0.1056,IDLE,1,0,step_done_latches_cleared,0,0,0.000,0,nan,nan,nan,0.0000,0,5,0.6050,0.5404,0.3234,0.5404,0.0646,本圈台阶完成,1,0.0000,0.150,0.330
4208.514,SEEK_CROSSWALK,0.446,0,2.834,0.8000,0.0000,vision,2.834,tracking,0.1450,-0.0772,1,line_recenter_transition,0.0492,0.0600,-0.4788,-0.4788,0.5303,4,0.5388,0.0000,0.5388,-0.2992,-0.0772,IDLE,1,0,step_done_latches_cleared,0,0,0.000,0,nan,nan,nan,0.0000,0,5,0.6050,0.5404,0.3234,0.5404,0.0646,本圈台阶完成,1,0.0000,0.150,0.330
4208.637,SEEK_CROSSWALK,0.570,0,2.834,0.8000,0.0000,vision,2.834,tracking,0.1918,0.0363,1,line_center_tracking,-0.1243,-0.1100,-0.1613,-0.1613,0.3305,2,0.0514,0.0000,0.0514,-0.1442,0.0363,IDLE,1,0,step_done_latches_cleared,0,0,0.000,0,nan,nan,nan,0.0000,0,5,0.6050,0.5404,0.3234,0.5404,0.0646,本圈台阶完成,1,0.0000,0.150,0.330
4208.756,SEEK_CROSSWALK,0.689,0,2.834,0.8579,0.0000,vision,2.834,tracking,0.1466,0.1385,1,line_curve_center_riding,-0.2172,-0.1963,-0.5450,-0.5450,0.3775,3,0.3487,0.0000,0.3487,-0.4288,0.1385,IDLE,1,0,step_done_latches_cleared,0,0,0.000,0,nan,nan,nan,0.0000,0,5,0.6050,0.5404,0.3234,0.5404,0.0646,本圈台阶完成,1,0.0000,0.150,0.330
4208.870,SEEK_CROSSWALK,0.803,0,2.834,0.8986,0.0000,vision,2.834,tracking,0.1899,0.1371,1,line_center_tracking,-0.1367,-0.1433,-0.1196,-0.1196,0.4085,2,0.0237,0.0000,0.0237,-0.1275,0.1371,IDLE,1,0,step_done_latches_cleared,0,0,0.000,0,nan,nan,nan,0.0000,0,5,0.6050,0.5404,0.3234,0.5404,0.0646,本圈台阶完成,1,0.0000,0.150,0.330
4208.989,SEEK_CROSSWALK,0.921,0,2.834,0.0000,0.0000,vision,2.834,tracking,0.1700,0.1376,1,line_curve_center_riding,-0.1290,-0.1225,-0.2311,-0.3107,0.7870,6,0.1086,0.0796,0.1882,-0.2214,0.1376,IDLE,1,0,step_done_latches_cleared,0,0,0.000,0,nan,nan,nan,0.0000,0,5,0.6050,0.5404,0.3234,0.5404,0.0646,本圈台阶完成,1,0.0000,0.150,0.330
4209.107,SEEK_CROSSWALK,1.040,0,2.834,0.9212,0.0000,vision,2.834,tracking,0.1700,0.1118,1,line_curve_center_riding,-0.0840,-0.0747,-0.2303,-0.3084,0.7893,6,0.1556,0.0781,0.2337,-0.2044,0.1118,IDLE,1,0,step_done_latches_cleared,0,0,0.000,0,nan,nan,nan,0.0000,0,5,0.6050,0.5404,0.3234,0.5404,0.0646,本圈台阶完成,1,0.0000,0.150,0.330
4209.225,SEEK_CROSSWALK,1.157,0,2.834,0.8770,0.0000,vision,2.834,tracking,0.1700,0.0925,1,line_curve_center_riding,-0.0686,-0.0606,-0.1937,-0.2868,0.7054,5,0.1331,0.0931,0.2262,-0.1804,0.0925,IDLE,1,0,step_done_latches_cleared,0,0,0.000,0,nan,nan,nan,0.0000,0,5,0.6050,0.5404,0.3234,0.5404,0.0646,本圈台阶完成,1,0.0000,0.150,0.330
4209.341,SEEK_CROSSWALK,1.273,0,2.834,0.8746,0.0000,vision,2.834,tracking,0.1700,0.0846,1,line_curve_center_riding,-0.0702,-0.0638,-0.1701,-0.2621,0.7076,5,0.1063,0.0920,0.1983,-0.1653,0.0846,IDLE,1,0,step_done_latches_cleared,0,0,0.000,0,nan,nan,nan,0.0000,0,5,0.6050,0.5404,0.3234,0.5404,0.0646,本圈台阶完成,1,0.0000,0.150,0.330
4209.466,SEEK_CROSSWALK,1.398,0,2.834,0.8823,0.0000,vision,2.834,tracking,0.1700,0.0783,1,line_curve_center_riding,-0.0665,-0.0589,-0.1859,-0.2705,0.9763,8,0.1270,0.0846,0.2116,-0.1718,0.0783,IDLE,1,0,step_done_latches_cleared,0,0,0.000,0,nan,nan,nan,0.0000,0,5,0.6050,0.5404,0.3234,0.5404,0.0646,本圈台阶完成,1,0.0000,0.150,0.330
4209.576,SEEK_CROSSWALK,1.508,0,2.834,0.8749,0.0000,vision,2.834,tracking,0.2118,0.1003,1,line_center_tracking,-0.1086,-0.0796,-0.1833,-0.2632,0.8022,6,0.1037,0.0799,0.1836,-0.1753,0.1003,IDLE,1,0,step_done_latches_cleared,0,0,0.000,0,nan,nan,nan,0.0000,0,5,0.6050,0.5404,0.3234,0.5404,0.0646,本圈台阶完成,1,0.0000,0.150,0.330
4209.679,SEEK_CROSSWALK,1.612,0,2.834,0.0000,0.0000,vision,2.834,tracking,0.2200,0.1165,1,line_center_tracking,-0.1219,-0.1031,-0.1701,-0.2579,0.8013,6,0.0669,0.0878,0.1548,-0.1770,0.1165,IDLE,1,0,step_done_latches_cleared,0,0,0.000,0,nan,nan,nan,0.0000,0,5,0.6050,0.5404,0.3234,0.5404,0.0646,本圈台阶完成,1,0.0000,0.150,0.330
4209.788,SEEK_CROSSWALK,1.720,0,2.834,0.0000,0.0000,vision,2.834,tracking,0.2197,0.1177,1,line_center_tracking,-0.1118,-0.1042,-0.1311,-0.1311,0.4542,2,0.0269,0.0000,0.0269,-0.1222,0.1177,IDLE,1,0,step_done_latches_cleared,0,0,0.000,0,nan,nan,nan,0.0000,0,5,0.6050,0.5404,0.3234,0.5404,0.0646,本圈台阶完成,1,0.0000,0.150,0.330
4209.897,SEEK_CROSSWALK,1.829,0,2.834,0.0000,0.0000,vision,2.834,tracking,0.2220,0.1088,1,line_center_tracking,-0.0945,-0.0812,-0.1288,-0.1288,0.4381,2,0.0476,0.0000,0.0476,-0.1129,0.1088,IDLE,1,0,step_done_latches_cleared,0,0,0.000,0,nan,nan,nan,0.0000,0,5,0.6050,0.5404,0.3234,0.5404,0.0646,本圈台阶完成,1,0.0000,0.150,0.330
4210.006,SEEK_CROSSWALK,1.939,0,2.834,0.0000,0.0000,vision,2.834,tracking,0.2206,0.1142,1,line_center_tracking,-0.1089,-0.0866,-0.1663,-0.2293,0.7169,5,0.0797,0.0629,0.1427,-0.1607,0.1142,IDLE,1,0,step_done_latches_cleared,0,0,0.000,0,nan,nan,nan,0.0000,0,5,0.6050,0.5404,0.3234,0.5404,0.0646,本圈台阶完成,1,0.0000,0.150,0.330
4210.113,SEEK_CROSSWALK,2.046,0,2.834,0.0000,0.0000,vision,2.834,tracking,0.2227,0.1061,1,line_center_tracking,-0.0926,-0.0677,-0.1567,-0.2135,0.8035,6,0.0891,0.0568,0.1459,-0.1460,0.1061,IDLE,1,0,step_done_latches_cleared,0,0,0.000,0,nan,nan,nan,0.0000,0,5,0.6050,0.5404,0.3234,0.5404,0.0646,本圈台阶完成,1,0.0000,0.150,0.330
4210.221,SEEK_CROSSWALK,2.154,0,2.834,0.0000,0.0000,vision,2.834,tracking,0.2233,0.1038,1,line_center_tracking,-0.0937,-0.0743,-0.1437,-0.1956,0.7183,5,0.0693,0.0520,0.1213,-0.1379,0.1038,IDLE,1,0,step_done_latches_cleared,0,0,0.000,0,nan,nan,nan,0.0000,0,5,0.6050,0.5404,0.3234,0.5404,0.0646,本圈台阶完成,1,0.0000,0.150,0.330
4210.337,SEEK_CROSSWALK,2.270,0,2.834,0.0000,0.0000,vision,2.834,tracking,0.2258,0.0941,1,line_center_tracking,-0.0793,-0.0616,-0.1249,-0.1730,0.8089,6,0.0633,0.0480,0.1113,-0.1198,0.0941,IDLE,1,0,step_done_latches_cleared,0,0,0.000,0,nan,nan,nan,0.0000,0,5,0.6050,0.5404,0.3234,0.5404,0.0646,本圈台阶完成,1,0.0000,0.150,0.330
4210.453,SEEK_CROSSWALK,2.385,0,2.834,0.0000,0.0000,vision,2.834,tracking,0.2282,0.0848,1,line_center_tracking,-0.0705,-0.0563,-0.1071,-0.1545,0.7229,5,0.0507,0.0474,0.0982,-0.1060,0.0848,IDLE,1,0,step_done_latches_cleared,0,0,0.000,0,nan,nan,nan,0.0000,0,5,0.6050,0.5404,0.3234,0.5404,0.0646,本圈台阶完成,1,0.0000,0.150,0.330
4210.573,SEEK_CROSSWALK,2.506,0,2.834,0.0000,0.0000,vision,2.834,tracking,0.2319,0.0702,1,line_center_tracking,-0.0527,-0.0371,-0.0930,-0.1351,0.8126,6,0.0560,0.0420,0.0980,-0.0884,0.0702,IDLE,1,0,step_done_latches_cleared,0,0,0.000,0,nan,nan,nan,0.0000,0,5,0.6050,0.5404,0.3234,0.5404,0.0646,本圈台阶完成,1,0.0000,0.150,0.330
4210.701,SEEK_CROSSWALK,2.633,0,2.834,0.0000,0.0000,vision,2.834,tracking,0.2344,0.0605,1,line_center_tracking,-0.0469,-0.0374,-0.0714,-0.1147,0.9012,7,0.0340,0.0433,0.0773,-0.0745,0.0605,IDLE,1,0,step_done_latches_cleared,0,0,0.000,0,nan,nan,nan,0.0000,0,5,0.6050,0.5404,0.3234,0.5404,0.0646,本圈台阶完成,1,0.0000,0.150,0.330
4210.809,SEEK_CROSSWALK,2.742,0,2.834,0.0000,0.0000,vision,2.834,tracking,0.2392,0.0420,1,line_center_tracking,-0.0242,-0.0082,-0.0653,-0.1027,0.8115,6,0.0571,0.0374,0.0945,-0.0587,0.0420,IDLE,1,0,step_done_latches_cleared,0,0,0.000,0,nan,nan,nan,0.0000,0,5,0.6050,0.5404,0.3234,0.5404,0.0646,本圈台阶完成,1,0.0000,0.150,0.330
4210.914,SEEK_CROSSWALK,2.847,0,2.834,0.0000,0.0000,vision,2.834,tracking,0.2406,0.0318,1,line_center_tracking,-0.0200,-0.0065,-0.0544,-0.0912,0.8131,6,0.0479,0.0368,0.0847,-0.0507,0.0318,IDLE,1,0,step_done_latches_cleared,0,0,0.000,0,nan,nan,nan,0.0000,0,5,0.6050,0.5404,0.3234,0.5404,0.0646,本圈台阶完成,1,0.0000,0.150,0.330
4211.020,SEEK_CROSSWALK,2.952,0,2.834,0.0000,0.0000,vision,2.834,tracking,0.2413,0.0225,1,line_center_tracking,-0.0126,-0.0004,-0.0439,-0.0791,0.8140,6,0.0434,0.0353,0.0787,-0.0411,0.0225,IDLE,1,0,step_done_latches_cleared,0,0,0.000,0,nan,nan,nan,0.0000,0,5,0.6050,0.5404,0.3234,0.5404,0.0646,本圈台阶完成,1,0.0000,0.150,0.330
4211.137,SEEK_CROSSWALK,3.070,0,2.834,0.0000,0.0000,vision,2.834,tracking,0.2425,0.0194,1,line_center_tracking,-0.0145,-0.0040,-0.0415,-0.0716,0.8163,6,0.0375,0.0301,0.0676,-0.0390,0.0194,IDLE,1,0,step_done_latches_cleared,0,0,0.000,0,nan,nan,nan,0.0000,0,5,0.6050,0.5404,0.3234,0.5404,0.0646,本圈台阶完成,1,0.0000,0.150,0.330
4211.238,SEEK_CROSSWALK,3.170,0,2.834,0.0000,0.0000,vision,2.834,tracking,0.2418,0.0107,1,line_center_tracking,-0.0032,0.0086,-0.0335,-0.0652,0.8157,6,0.0421,0.0317,0.0738,-0.0300,0.0107,IDLE,1,0,step_done_latches_cleared,0,0,0.000,0,nan,nan,nan,0.0000,0,5,0.6050,0.5404,0.3234,0.5404,0.0646,本圈台阶完成,1,0.0000,0.150,0.330
4211.341,SEEK_CROSSWALK,3.274,0,2.834,0.0000,0.0000,vision,2.834,tracking,0.2418,0.0052,1,line_center_tracking,0.0002,0.0120,-0.0299,-0.0619,0.8157,6,0.0419,0.0320,0.0739,-0.0266,0.0052,IDLE,1,0,step_done_latches_cleared,0,0,0.000,0,nan,nan,nan,0.0000,0,5,0.6050,0.5404,0.3234,0.5404,0.0646,本圈台阶完成,1,0.0000,0.150,0.330
4211.457,SEEK_CROSSWALK,3.390,0,2.834,0.0000,0.0000,vision,2.834,tracking,0.2424,0.0037,1,line_center_tracking,-0.0015,0.0089,-0.0283,-0.0594,0.9042,7,0.0373,0.0311,0.0684,-0.0263,0.0037,IDLE,1,0,step_done_latches_cleared,0,0,0.000,0,nan,nan,nan,0.0000,0,5,0.6050,0.5404,0.3234,0.5404,0.0646,本圈台阶完成,1,0.0000,0.150,0.330
4211.563,SEEK_CROSSWALK,3.496,0,2.834,0.0000,0.0000,vision,2.834,tracking,0.2426,0.0031,1,line_center_tracking,-0.0022,0.0082,-0.0290,-0.0587,0.8159,6,0.0372,0.0297,0.0670,-0.0265,0.0031,IDLE,1,0,step_done_latches_cleared,0,0,0.000,0,nan,nan,nan,0.0000,0,5,0.6050,0.5404,0.3234,0.5404,0.0646,本圈台阶完成,1,0.0000,0.150,0.330
4211.667,SEEK_CROSSWALK,3.600,0,2.834,0.0000,0.0000,vision,2.834,tracking,0.2425,0.0026,1,line_center_tracking,-0.0020,0.0090,-0.0302,-0.0586,0.9040,7,0.0391,0.0285,0.0676,-0.0266,0.0026,IDLE,1,0,step_done_latches_cleared,0,0,0.000,0,nan,nan,nan,0.0000,0,5,0.6050,0.5404,0.3234,0.5404,0.0646,本圈台阶完成,1,0.0000,0.150,0.330
4211.782,SEEK_CROSSWALK,3.715,0,2.834,0.0000,0.0000,vision,2.834,tracking,0.2426,0.0022,1,line_center_tracking,-0.0016,0.0089,-0.0284,-0.0581,0.9040,7,0.0373,0.0297,0.0670,-0.0259,0.0022,IDLE,1,0,step_done_latches_cleared,0,0,0.000,0,nan,nan,nan,0.0000,0,5,0.6050,0.5404,0.3234,0.5404,0.0646,本圈台阶完成,1,0.0000,0.150,0.330
4211.894,SEEK_CROSSWALK,3.826,0,2.834,0.0000,0.0000,vision,2.834,tracking,0.2421,-0.0024,1,line_center_tracking,0.0057,0.0177,-0.0251,-0.0532,0.8123,6,0.0428,0.0281,0.0709,-0.0202,-0.0024,IDLE,1,0,step_done_latches_cleared,0,0,0.000,0,nan,nan,nan,0.0000,0,5,0.6050,0.5404,0.3234,0.5404,0.0646,本圈台阶完成,1,0.0000,0.150,0.330
4212.018,SEEK_CROSSWALK,3.951,0,2.834,0.0000,0.0000,vision,2.834,tracking,0.2447,0.0152,1,line_center_tracking,-0.0273,-0.0275,-0.0271,-0.0576,0.9041,7,0.0004,0.0305,0.0301,-0.0374,0.0152,IDLE,1,0,step_done_latches_cleared,0,0,0.000,0,nan,nan,nan,0.0000,0,5,0.6050,0.5404,0.3234,0.5404,0.0646,本圈台阶完成,1,0.0000,0.150,0.330
4212.126,SEEK_CROSSWALK,4.058,0,2.834,0.0000,0.0000,vision,2.834,tracking,0.2443,0.0166,1,line_center_tracking,-0.0178,-0.0110,-0.0355,-0.0621,0.9065,7,0.0245,0.0266,0.0512,-0.0362,0.0166,IDLE,1,0,step_done_latches_cleared,0,0,0.000,0,nan,nan,nan,0.0000,0,5,0.6050,0.5404,0.3234,0.5404,0.0646,本圈台阶完成,1,0.0000,0.150,0.330
4212.231,SEEK_CROSSWALK,4.164,0,2.834,0.0000,0.0000,vision,2.834,tracking,0.2436,0.0152,1,line_center_tracking,-0.0134,-0.0047,-0.0357,-0.0627,0.9059,7,0.0310,0.0270,0.0579,-0.0344,0.0152,IDLE,1,0,step_done_latches_cleared,0,0,0.000,0,nan,nan,nan,0.0000,0,5,0.6050,0.5404,0.3234,0.5404,0.0646,本圈台阶完成,1,0.0000,0.150,0.330
4212.338,SEEK_CROSSWALK,4.271,0,2.834,0.0000,0.0000,vision,2.834,tracking,0.2432,0.0135,1,line_center_tracking,-0.0112,-0.0014,-0.0364,-0.0629,0.9927,8,0.0350,0.0265,0.0615,-0.0335,0.0135,IDLE,1,0,step_done_latches_cleared,0,0,0.000,0,nan,nan,nan,0.0000,0,5,0.6050,0.5404,0.3234,0.5404,0.0646,本圈台阶完成,1,0.0000,0.150,0.330
4212.445,SEEK_CROSSWALK,4.377,0,2.834,0.0000,0.0000,vision,2.834,tracking,0.2436,0.0125,1,line_center_tracking,-0.0106,-0.0017,-0.0335,-0.0596,0.9932,8,0.0319,0.0261,0.0579,-0.0316,0.0125,IDLE,1,0,step_done_latches_cleared,0,0,0.000,0,nan,nan,nan,0.0000,0,5,0.6050,0.5404,0.3234,0.5404,0.0646,本圈台阶完成,1,0.0000,0.150,0.330
4212.561,SEEK_CROSSWALK,4.493,0,2.834,0.0000,0.0000,vision,2.834,tracking,0.2439,0.0122,1,line_center_tracking,-0.0110,-0.0028,-0.0320,-0.0576,0.9937,8,0.0292,0.0256,0.0548,-0.0308,0.0122,IDLE,1,0,step_done_latches_cleared,0,0,0.000,0,nan,nan,nan,0.0000,0,5,0.6050,0.5404,0.3234,0.5404,0.0646,本圈台阶完成,1,0.0000,0.150,0.330
4212.672,SEEK_CROSSWALK,4.605,0,2.834,0.0000,0.0000,vision,2.834,tracking,0.2441,0.0124,1,line_center_tracking,-0.0115,-0.0038,-0.0315,-0.0566,0.9938,8,0.0277,0.0251,0.0528,-0.0306,0.0124,IDLE,1,0,step_done_latches_cleared,0,0,0.000,0,nan,nan,nan,0.0000,0,5,0.6050,0.5404,0.3234,0.5404,0.0646,本圈台阶完成,1,0.0000,0.150,0.330
4212.778,SEEK_CROSSWALK,4.710,0,2.834,0.0000,0.0000,vision,2.834,tracking,0.2443,0.0130,1,line_center_tracking,-0.0124,-0.0047,-0.0322,-0.0559,0.9941,8,0.0275,0.0236,0.0511,-0.0309,0.0130,IDLE,1,0,step_done_latches_cleared,0,0,0.000,0,nan,nan,nan,0.0000,0,5,0.6050,0.5404,0.3234,0.5404,0.0646,本圈台阶完成,1,0.0000,0.150,0.330
4212.882,SEEK_CROSSWALK,4.815,0,2.834,0.0000,0.0000,vision,2.834,tracking,0.2445,0.0148,1,line_center_tracking,-0.0150,-0.0078,-0.0336,-0.0569,0.9943,8,0.0257,0.0234,0.0491,-0.0328,0.0148,IDLE,1,0,step_done_latches_cleared,0,0,0.000,0,nan,nan,nan,0.0000,0,5,0.6050,0.5404,0.3234,0.5404,0.0646,本圈台阶完成,1,0.0000,0.150,0.330
4212.986,SEEK_CROSSWALK,4.918,0,2.834,0.0000,0.0000,vision,2.834,tracking,0.2447,0.0172,1,line_center_tracking,-0.0179,-0.0104,-0.0371,-0.0579,0.9944,8,0.0268,0.0208,0.0476,-0.0351,0.0172,IDLE,1,0,step_done_latches_cleared,0,0,0.000,0,nan,nan,nan,0.0000,0,5,0.6050,0.5404,0.3234,0.5404,0.0646,本圈台阶完成,1,0.0000,0.150,0.330
4213.092,SEEK_CROSSWALK,5.025,0,2.834,0.0000,0.0000,vision,2.834,tracking,0.2448,0.0193,1,line_center_tracking,-0.0197,-0.0126,-0.0379,-0.0597,0.9944,8,0.0253,0.0218,0.0471,-0.0368,0.0193,IDLE,1,0,step_done_latches_cleared,0,0,0.000,0,nan,nan,nan,0.0000,0,5,0.6050,0.5404,0.3234,0.5404,0.0646,本圈台阶完成,1,0.0000,0.150,0.330
4213.200,SEEK_CROSSWALK,5.132,0,2.834,0.0000,0.0000,vision,2.834,tracking,0.2446,0.0209,1,line_center_tracking,-0.0207,-0.0142,-0.0375,-0.0603,0.9944,8,0.0232,0.0229,0.0461,-0.0373,0.0209,IDLE,1,0,step_done_latches_cleared,0,0,0.000,0,nan,nan,nan,0.0000,0,5,0.6050,0.5404,0.3234,0.5404,0.0646,本圈台阶完成,1,0.0000,0.150,0.330
4213.299,SEEK_CROSSWALK,5.232,0,2.834,0.0000,0.0000,vision,2.834,tracking,0.2444,0.0217,1,line_center_tracking,-0.0208,-0.0146,-0.0369,-0.0600,0.9944,8,0.0223,0.0231,0.0454,-0.0371,0.0217,IDLE,1,0,step_done_latches_cleared,0,0,0.000,0,nan,nan,nan,0.0000,0,5,0.6050,0.5404,0.3234,0.5404,0.0646,本圈台阶完成,1,0.0000,0.150,0.330
4213.409,SEEK_CROSSWALK,5.341,0,2.834,0.0000,0.0000,vision,2.834,tracking,0.2444,0.0219,1,line_center_tracking,-0.0205,-0.0145,-0.0360,-0.0606,0.9942,8,0.0214,0.0246,0.0460,-0.0370,0.0219,IDLE,1,0,step_done_latches_cleared,0,0,0.000,0,nan,nan,nan,0.0000,0,5,0.6050,0.5404,0.3234,0.5404,0.0646,本圈台阶完成,1,0.0000,0.150,0.330
4213.518,SEEK_CROSSWALK,5.451,0,2.834,0.0000,0.0000,vision,2.834,tracking,0.2445,0.0210,1,line_center_tracking,-0.0189,-0.0129,-0.0342,-0.0626,0.9931,8,0.0213,0.0284,0.0497,-0.0366,0.0210,IDLE,1,0,step_done_latches_cleared,0,0,0.000,0,nan,nan,nan,0.0000,0,5,0.6050,0.5404,0.3234,0.5404,0.0646,本圈台阶完成,1,0.0000,0.150,0.330
4213.624,SEEK_CROSSWALK,5.557,0,2.834,0.0000,0.0000,vision,2.834,tracking,0.2442,0.0195,1,line_center_tracking,-0.0168,-0.0115,-0.0304,-0.0640,0.9924,8,0.0189,0.0336,0.0525,-0.0353,0.0195,IDLE,1,0,step_done_latches_cleared,0,0,0.000,0,nan,nan,nan,0.0000,0,5,0.6050,0.5404,0.3234,0.5404,0.0646,本圈台阶完成,1,0.0000,0.150,0.330
4213.747,SEEK_CROSSWALK,5.680,0,2.834,0.0000,0.0000,vision,2.834,tracking,0.2432,0.0165,1,line_center_tracking,-0.0128,-0.0078,-0.0259,-0.0687,0.9907,8,0.0181,0.0429,0.0609,-0.0341,0.0165,IDLE,1,0,step_done_latches_cleared,0,0,0.000,0,nan,nan,nan,0.0000,0,5,0.6050,0.5404,0.3234,0.5404,0.0646,本圈台阶完成,1,0.0000,0.150,0.330
4213.856,SEEK_CROSSWALK,5.789,0,2.834,0.0000,0.0000,vision,2.834,tracking,0.2450,0.0135,1,line_center_tracking,-0.0099,-0.0041,-0.0248,-0.0494,0.9069,7,0.0207,0.0246,0.0453,-0.0261,0.0135,IDLE,1,0,step_done_latches_cleared,0,0,0.000,0,nan,nan,nan,0.0000,0,5,0.6050,0.5404,0.3234,0.5404,0.0646,本圈台阶完成,1,0.0000,0.150,0.330
4213.958,SEEK_CROSSWALK,5.891,0,2.834,0.0000,0.0000,vision,2.834,tracking,0.2415,0.0088,1,line_center_tracking,-0.0043,0.0005,-0.0169,-0.0764,0.9885,8,0.0174,0.0595,0.0769,-0.0309,0.0088,IDLE,1,0,step_done_latches_cleared,0,0,0.000,0,nan,nan,nan,0.0000,0,5,0.6050,0.5404,0.3234,0.5404,0.0646,本圈台阶完成,1,0.0000,0.150,0.330
4214.069,SEEK_CROSSWALK,6.001,0,2.834,0.0000,0.0000,vision,2.834,tracking,0.2426,0.0073,1,line_center_tracking,-0.0051,0.0003,-0.0191,-0.0660,0.9045,7,0.0195,0.0468,0.0663,-0.0283,0.0073,IDLE,1,0,step_done_latches_cleared,0,0,0.000,0,nan,nan,nan,0.0000,0,5,0.6050,0.5404,0.3234,0.5404,0.0646,本圈台阶完成,1,0.0000,0.150,0.330
4214.173,SEEK_CROSSWALK,6.106,0,2.834,0.0000,0.0000,vision,2.834,tracking,0.2321,0.0036,1,line_center_tracking,-0.0004,0.0049,-0.0139,-0.1449,0.9759,8,0.0188,0.1310,0.1498,-0.0513,0.0036,IDLE,1,0,step_done_latches_cleared,0,0,0.000,0,nan,nan,nan,0.0000,0,5,0.6050,0.5404,0.3234,0.5404,0.0646,本圈台阶完成,1,0.0000,0.150,0.330
4214.283,SEEK_CROSSWALK,6.215,0,2.834,0.0000,0.0000,vision,2.834,tracking,0.1905,-0.0017,1,line_curve_center_riding,0.0059,0.0071,-0.0140,-0.1938,0.9673,8,0.0211,0.1798,0.2009,-0.0669,-0.0017,IDLE,1,0,step_done_latches_cleared,0,0,0.000,0,nan,nan,nan,0.0000,0,5,0.6050,0.5404,0.3234,0.5404,0.0646,本圈台阶完成,1,0.0000,0.150,0.330
4214.389,SEEK_CROSSWALK,6.322,0,2.834,0.0000,0.0000,vision,2.834,tracking,0.2304,0.0030,1,line_center_tracking,-0.0056,0.0043,-0.0311,-0.1721,0.8927,7,0.0354,0.1410,0.1763,-0.0663,0.0030,IDLE,1,0,step_done_latches_cleared,0,0,0.000,0,nan,nan,nan,0.0000,0,5,0.6050,0.5404,0.3234,0.5404,0.0646,本圈台阶完成,1,0.0000,0.150,0.330
4214.499,SEEK_CROSSWALK,6.432,0,2.834,0.0000,0.0000,vision,2.834,tracking,0.1886,0.0011,1,line_curve_center_riding,0.0000,0.0028,-0.0434,-0.2248,0.8876,7,0.0462,0.1814,0.2276,-0.0885,0.0011,IDLE,1,0,step_done_latches_cleared,0,0,0.000,0,nan,nan,nan,0.0000,0,5,0.6050,0.5404,0.3234,0.5404,0.0646,本圈台阶完成,1,0.0000,0.150,0.330
4214.603,SEEK_CROSSWALK,6.535,0,2.834,0.0000,0.0000,vision,2.834,tracking,0.2279,0.0079,1,line_center_tracking,-0.0123,0.0001,-0.0439,-0.1239,0.8099,6,0.0440,0.0800,0.1240,-0.0559,0.0079,IDLE,1,0,step_done_latches_cleared,0,0,0.000,0,nan,nan,nan,0.0000,0,5,0.6050,0.5404,0.3234,0.5404,0.0646,本圈台阶完成,1,0.0000,0.150,0.330
4214.704,SEEK_CROSSWALK,6.636,0,2.834,0.0000,0.0000,vision,2.834,tracking,0.1896,0.0019,1,line_curve_center_riding,0.0019,0.0069,-0.0760,-0.3788,0.8715,7,0.0829,0.3028,0.3857,-0.1493,0.0019,IDLE,1,0,step_done_latches_cleared,0,0,0.000,0,nan,nan,nan,0.0000,0,5,0.6050,0.5404,0.3234,0.5404,0.0646,本圈台阶完成,1,0.0000,0.150,0.330
4214.823,SEEK_CROSSWALK,6.755,0,2.834,0.0000,0.0000,vision,2.834,tracking,0.1450,0.0037,1,line_curve_center_riding,-0.0042,0.0032,-0.1197,-0.4832,0.8631,7,0.1229,0.3635,0.4864,-0.1999,0.0037,IDLE,1,0,step_done_latches_cleared,0,0,0.000,0,nan,nan,nan,0.0000,0,5,0.6050,0.5404,0.3234,0.5404,0.0646,本圈台阶完成,1,0.0000,0.150,0.330
4214.934,SEEK_CROSSWALK,6.867,0,2.834,0.0000,0.0000,vision,2.834,tracking,0.1700,0.0113,1,line_curve_center_riding,-0.0163,-0.0077,-0.1521,-0.3300,0.7851,6,0.1444,0.1779,0.3223,-0.1632,0.0113,IDLE,1,0,step_done_latches_cleared,0,0,0.000,0,nan,nan,nan,0.0000,0,5,0.6050,0.5404,0.3234,0.5404,0.0646,本圈台阶完成,1,0.0000,0.150,0.330
4215.038,SEEK_CROSSWALK,6.971,0,2.834,0.0000,0.0000,vision,2.834,tracking,0.1450,0.0154,1,line_curve_center_riding,-0.0180,-0.0068,-0.1928,-0.6996,0.8403,7,0.1860,0.5068,0.6928,-0.2998,0.0154,IDLE,1,0,step_done_latches_cleared,0,0,0.000,0,nan,nan,nan,0.0000,0,5,0.6050,0.5404,0.3234,0.5404,0.0646,本圈台阶完成,1,0.0000,0.150,0.330
4215.144,SEEK_CROSSWALK,7.076,0,2.834,0.0000,0.0000,vision,2.834,tracking,0.1450,0.0268,1,line_curve_center_riding,-0.0338,-0.0214,-0.2275,-0.4613,0.7695,6,0.2061,0.2338,0.4399,-0.2367,0.0268,IDLE,1,0,step_done_latches_cleared,0,0,0.000,0,nan,nan,nan,0.0000,0,5,0.6050,0.5404,0.3234,0.5404,0.0646,本圈台阶完成,1,0.0000,0.150,0.330
4215.252,SEEK_CROSSWALK,7.185,0,2.834,0.0000,0.0000,vision,2.834,tracking,0.1450,0.0385,1,line_curve_center_riding,-0.0456,-0.0325,-0.2504,-0.5085,0.7650,6,0.2179,0.2582,0.4760,-0.2638,0.0385,IDLE,1,0,step_done_latches_cleared,0,0,0.000,0,nan,nan,nan,0.0000,0,5,0.6050,0.5404,0.3234,0.5404,0.0646,本圈台阶完成,1,0.0000,0.150,0.330
4215.359,SEEK_CROSSWALK,7.291,0,2.834,0.0000,0.0000,vision,2.834,tracking,0.1700,0.0550,1,line_curve_center_riding,-0.0645,-0.0507,-0.2810,-0.3297,0.6919,5,0.2304,0.0487,0.2791,-0.2205,0.0550,IDLE,1,0,step_done_latches_cleared,0,0,0.000,0,nan,nan,nan,0.0000,0,5,0.6050,0.5404,0.3234,0.5404,0.0646,本圈台阶完成,1,0.0000,0.150,0.330
4215.472,SEEK_CROSSWALK,7.405,0,2.834,0.0000,0.0000,vision,2.834,tracking,0.2132,0.0744,1,line_center_tracking,-0.0855,-0.0683,-0.1299,-0.1299,0.5344,3,0.0616,0.0000,0.0616,-0.1093,0.0744,IDLE,1,0,step_done_latches_cleared,0,0,0.000,0,nan,nan,nan,0.0000,0,5,0.6050,0.5404,0.3234,0.5404,0.0646,本圈台阶完成,1,0.0000,0.150,0.330
4215.581,SEEK_CROSSWALK,7.513,0,2.834,0.0000,0.0000,vision,2.834,tracking,0.1720,0.0722,1,line_curve_center_riding,-0.0673,-0.0480,-0.3693,-0.4406,0.5833,4,0.3213,0.0713,0.3926,-0.2860,0.0722,IDLE,1,0,step_done_latches_cleared,0,0,0.000,0,nan,nan,nan,0.0000,0,5,0.6050,0.5404,0.3234,0.5404,0.0646,本圈台阶完成,1,0.0000,0.150,0.330
4215.689,SEEK_CROSSWALK,7.622,0,2.834,0.0000,0.0000,vision,2.834,tracking,0.2133,0.0794,1,line_center_tracking,-0.0790,-0.0670,-0.1098,-0.1098,0.5386,3,0.0428,0.0000,0.0428,-0.0956,0.0794,IDLE,1,0,step_done_latches_cleared,0,0,0.000,0,nan,nan,nan,0.0000,0,5,0.6050,0.5404,0.3234,0.5404,0.0646,本圈台阶完成,1,0.0000,0.150,0.330
4215.816,SEEK_CROSSWALK,7.749,0,2.834,0.0000,0.0000,vision,2.834,tracking,0.1651,0.0702,1,line_curve_center_riding,-0.0585,-0.0371,-0.3940,-0.4699,0.5750,4,0.3569,0.0758,0.4328,-0.3003,0.0702,IDLE,1,0,step_done_latches_cleared,0,0,0.000,0,nan,nan,nan,0.0000,0,5,0.6050,0.5404,0.3234,0.5404,0.0646,本圈台阶完成,1,0.0000,0.150,0.330
4215.939,SEEK_CROSSWALK,7.871,0,2.834,0.0000,0.0000,vision,2.834,tracking,0.1450,0.0949,1,line_curve_center_riding,-0.1063,-0.0891,-0.3760,-0.4592,0.4468,3,0.2869,0.0833,0.3702,-0.3081,0.0949,IDLE,1,0,step_done_latches_cleared,0,0,0.000,0,nan,nan,nan,0.0000,0,5,0.6050,0.5404,0.3234,0.5404,0.0646,本圈台阶完成,1,0.0000,0.150,0.330
4216.061,SEEK_CROSSWALK,7.994,0,2.834,0.0000,0.0000,vision,2.834,tracking,0.1916,0.0721,1,line_center_tracking,-0.0513,-0.0503,-0.0541,-0.0541,0.4644,2,0.0038,0.0000,0.0038,-0.0528,0.0721,IDLE,1,0,step_done_latches_cleared,0,0,0.000,0,nan,nan,nan,0.0000,0,5,0.6050,0.5404,0.3234,0.5404,0.0646,本圈台阶完成,1,0.0000,0.150,0.330
4216.167,SEEK_CROSSWALK,8.099,0,2.834,0.0000,0.0000,vision,2.834,tracking,0.1515,0.0501,1,line_curve_center_riding,-0.0283,-0.0102,-0.3108,-0.3911,0.6746,5,0.3006,0.0803,0.3809,-0.2374,0.0501,IDLE,1,0,step_done_latches_cleared,0,0,0.000,0,nan,nan,nan,0.0000,0,5,0.6050,0.5404,0.3234,0.5404,0.0646,本圈台阶完成,1,0.0000,0.150,0.330
4216.283,SEEK_CROSSWALK,8.215,0,2.834,0.0000,0.0000,vision,2.834,tracking,0.1450,0.0278,1,line_curve_center_riding,-0.0063,0.0139,-0.3219,-0.6774,0.7364,6,0.3358,0.3554,0.6913,-0.3285,0.0278,IDLE,1,0,step_done_latches_cleared,0,0,0.000,0,nan,nan,nan,0.0000,0,5,0.6050,0.5404,0.3234,0.5404,0.0646,本圈台阶完成,1,0.0000,0.150,0.330
4216.395,SEEK_CROSSWALK,8.328,0,2.834,0.0000,0.0000,vision,2.834,tracking,0.1450,0.0113,1,line_curve_center_riding,0.0044,0.0232,-0.2891,-0.3536,0.5759,4,0.3123,0.0645,0.3768,-0.2065,0.0113,IDLE,1,0,step_done_latches_cleared,0,0,0.000,0,nan,nan,nan,0.0000,0,5,0.6050,0.5404,0.3234,0.5404,0.0646,本圈台阶完成,1,0.0000,0.150,0.330
4216.503,SEEK_CROSSWALK,8.435,0,2.834,0.0000,0.0000,vision,2.834,tracking,0.1859,-0.0011,1,line_center_tracking,0.0122,0.0155,0.0038,0.0038,0.4421,2,0.0117,0.0000,0.0117,0.0077,-0.0011,IDLE,1,0,step_done_latches_cleared,0,0,0.000,0,nan,nan,nan,0.0000,0,5,0.6050,0.5404,0.3234,0.5404,0.0646,本圈台阶完成,1,0.0000,0.150,0.330
4216.607,SEEK_CROSSWALK,8.539,0,2.834,0.0000,0.0000,vision,2.834,tracking,0.1462,-0.0101,1,line_curve_center_riding,0.0175,0.0361,-0.2740,-0.3410,0.6712,5,0.3101,0.0671,0.3772,-0.1930,-0.0101,IDLE,1,0,step_done_latches_cleared,0,0,0.000,0,nan,nan,nan,0.0000,0,5,0.6050,0.5404,0.3234,0.5404,0.0646,本圈台阶完成,1,0.0000,0.150,0.330
4216.722,SEEK_CROSSWALK,8.655,0,2.834,0.0000,0.0000,vision,2.834,tracking,0.1450,-0.0109,1,line_curve_center_riding,0.0118,0.0331,-0.3218,-0.7243,0.7261,6,0.3548,0.4025,0.7574,-0.3376,-0.0109,IDLE,1,0,step_done_latches_cleared,0,0,0.000,0,nan,nan,nan,0.0000,0,5,0.6050,0.5404,0.3234,0.5404,0.0646,本圈台阶完成,1,0.0000,0.150,0.330
4216.834,SEEK_CROSSWALK,8.766,0,2.834,0.0000,0.0000,vision,2.834,tracking,0.1450,-0.0112,1,line_curve_center_riding,0.0109,0.0330,-0.3361,-0.7517,0.7240,6,0.3691,0.4156,0.7847,-0.3516,-0.0112,IDLE,1,0,step_done_latches_cleared,0,0,0.000,0,nan,nan,nan,0.0000,0,5,0.6050,0.5404,0.3234,0.5404,0.0646,本圈台阶完成,1,0.0000,0.150,0.330
4216.943,SEEK_CROSSWALK,8.876,0,2.834,0.0000,0.0000,vision,2.834,tracking,0.1450,-0.0061,1,line_curve_center_riding,0.0020,0.0246,-0.3535,-0.7772,0.7223,6,0.3782,0.4236,0.8018,-0.3687,-0.0061,IDLE,1,0,step_done_latches_cleared,0,0,0.000,0,nan,nan,nan,0.0000,0,5,0.6050,0.5404,0.3234,0.5404,0.0646,本圈台阶完成,1,0.0000,0.150,0.330
4217.052,SEEK_CROSSWALK,8.984,0,2.834,0.0000,0.0000,vision,2.834,tracking,0.1450,-0.0295,1,line_recenter_transition,0.0442,0.0517,-0.3265,-0.7950,0.4968,4,0.3782,0.4685,0.8467,-0.3566,-0.0295,IDLE,1,0,step_done_latches_cleared,0,0,0.000,0,nan,nan,nan,0.0000,0,5,0.6050,0.5404,0.3234,0.5404,0.0646,本圈台阶完成,1,0.0000,0.150,0.330
4217.157,SEEK_CROSSWALK,9.090,0,2.834,0.0000,0.0000,vision,2.834,line_bridge_loss,0.1049,-0.0118,0,line_too_few_bands,0.0000,0.0000,0.0000,0.0000,0.0000,1,0.0000,0.0000,0.0000,0.0000,-0.0118,IDLE,1,0,step_done_latches_cleared,0,0,0.000,0,nan,nan,nan,0.0000,0,5,0.6050,0.5404,0.3234,0.5404,0.0646,本圈台阶完成,1,0.0000,0.150,0.330
4217.261,SEEK_CROSSWALK,9.193,0,2.834,0.0000,0.0000,vision,2.834,tracking,0.1441,0.0062,1,line_curve_center_riding,-0.0339,-0.0120,-0.3770,-0.7599,0.7291,6,0.3650,0.3829,0.7479,-0.3830,0.0062,IDLE,1,0,step_done_latches_cleared,0,0,0.000,0,nan,nan,nan,0.0000,0,5,0.6050,0.5404,0.3234,0.5404,0.0646,本圈台阶完成,1,0.0000,0.150,0.330
4217.367,SEEK_CROSSWALK,9.299,0,2.834,0.0000,0.0000,vision,2.834,line_bridge_loss,0.1038,0.0025,0,line_too_few_bands,0.0000,0.0000,0.0000,0.0000,0.0000,1,0.0000,0.0000,0.0000,0.0000,0.0025,IDLE,1,0,step_done_latches_cleared,0,0,0.000,0,nan,nan,nan,0.0000,0,5,0.6050,0.5404,0.3234,0.5404,0.0646,本圈台阶完成,1,0.0000,0.150,0.330
4217.486,SEEK_CROSSWALK,9.419,0,2.834,0.0000,0.0000,vision,2.834,tracking,0.1450,0.0453,1,line_curve_center_riding,-0.0780,-0.0585,-0.3850,-0.4534,0.6719,5,0.3265,0.0684,0.3949,-0.2989,0.0453,IDLE,1,0,step_done_latches_cleared,0,0,0.000,0,nan,nan,nan,0.0000,0,5,0.6050,0.5404,0.3234,0.5404,0.0646,本圈台阶完成,1,0.0000,0.150,0.330
4217.595,SEEK_CROSSWALK,9.527,0,2.834,0.0000,0.0000,vision,2.834,tracking,0.1450,0.0666,1,line_curve_center_riding,-0.0797,-0.0569,-0.4367,-0.5068,0.5679,4,0.3798,0.0701,0.4499,-0.3335,0.0666,IDLE,1,0,step_done_latches_cleared,0,0,0.000,0,nan,nan,nan,0.0000,0,5,0.6050,0.5404,0.3234,0.5404,0.0646,本圈台阶完成,1,0.0000,0.150,0.330
4217.766,SEEK_CROSSWALK,9.698,0,2.834,0.0000,0.0000,vision,2.834,tracking,0.1450,0.0809,1,line_curve_center_riding,-0.0894,-0.0592,-0.5619,-0.6746,0.6355,5,0.5027,0.1126,0.6153,-0.4319,0.0809,IDLE,1,0,step_done_latches_cleared,0,0,0.000,0,nan,nan,nan,0.0000,0,5,0.6050,0.5404,0.3234,0.5404,0.0646,本圈台阶完成,1,0.0000,0.150,0.330
4217.904,SEEK_CROSSWALK,9.836,0,2.834,0.0000,0.0000,vision,2.834,tracking,0.1700,0.1057,1,line_curve_center_riding,-0.1189,-0.1083,-0.2839,-0.2839,0.4852,3,0.1756,0.0000,0.1756,-0.2254,0.1057,IDLE,1,0,step_done_latches_cleared,0,0,0.000,0,nan,nan,nan,0.0000,0,5,0.6050,0.5404,0.3234,0.5404,0.0646,本圈台阶完成,1,0.0000,0.150,0.330
4218.017,SEEK_CROSSWALK,9.950,0,2.834,0.0000,0.0000,vision,2.834,tracking,0.2131,0.1000,1,line_center_tracking,-0.0904,-0.0850,-0.1042,-0.1042,0.4210,2,0.0192,0.0000,0.0192,-0.0978,0.1000,IDLE,1,0,step_done_latches_cleared,0,0,0.000,0,nan,nan,nan,0.0000,0,5,0.6050,0.5404,0.3234,0.5404,0.0646,本圈台阶完成,1,0.0000,0.150,0.330
4218.138,SEEK_CROSSWALK,10.070,0,2.834,0.0000,0.0000,vision,2.834,tracking,0.1674,0.1207,1,line_curve_center_riding,-0.1273,-0.0987,-0.5767,-0.6749,0.6391,5,0.4780,0.0983,0.5763,-0.4501,0.1207,IDLE,1,0,step_done_latches_cleared,0,0,0.000,0,nan,nan,nan,0.0000,0,5,0.6050,0.5404,0.3234,0.5404,0.0646,本圈台阶完成,1,0.0000,0.150,0.330
4218.262,SEEK_CROSSWALK,10.194,0,2.834,0.0000,0.0000,vision,2.834,tracking,0.1450,0.1286,1,line_curve_center_riding,-0.1272,-0.1078,-0.4309,-0.4309,0.5755,4,0.3230,0.0000,0.3230,-0.3232,0.1286,IDLE,1,0,step_done_latches_cleared,0,0,0.000,0,nan,nan,nan,0.0000,0,5,0.6050,0.5404,0.3234,0.5404,0.0646,本圈台阶完成,1,0.0000,0.150,0.330
4218.374,SEEK_CROSSWALK,10.307,0,2.834,0.0000,0.0000,vision,2.834,line_bridge_loss,0.1023,0.0515,0,line_too_few_bands,0.0000,0.0000,0.0000,0.0000,0.0000,0,0.0000,0.0000,0.0000,0.0000,0.0515,IDLE,1,0,step_done_latches_cleared,0,0,0.000,0,nan,nan,nan,0.0000,0,5,0.6050,0.5404,0.3234,0.5404,0.0646,本圈台阶完成,1,0.0000,0.150,0.330
4218.477,SEEK_CROSSWALK,10.410,0,2.834,0.0000,0.0000,vision,2.834,line_bridge_loss,0.0631,0.0515,0,line_too_few_bands,0.0000,0.0000,0.0000,0.0000,0.0000,1,0.0000,0.0000,0.0000,0.0000,0.0515,IDLE,1,0,step_done_latches_cleared,0,0,0.000,0,nan,nan,nan,0.0000,0,5,0.6050,0.5404,0.3234,0.5404,0.0646,本圈台阶完成,1,0.0000,0.150,0.330
4218.617,SEEK_CROSSWALK,10.550,0,2.834,0.0000,0.0000,vision,2.834,tracking,0.1138,0.1532,1,line_center_tracking,-0.1655,-0.1602,-0.1791,-0.1791,0.4219,2,0.0189,0.0000,0.0189,-0.1728,0.1532,IDLE,1,0,step_done_latches_cleared,0,0,0.000,0,nan,nan,nan,0.0000,0,5,0.6050,0.5404,0.3234,0.5404,0.0646,本圈台阶完成,1,0.0000,0.150,0.330
4218.731,SEEK_CROSSWALK,10.664,0,2.834,0.0000,0.0000,vision,2.834,tracking,0.1450,0.1993,1,line_curve_center_riding,-0.2203,-0.1931,-0.6457,-0.6457,0.5396,4,0.4525,0.0000,0.4525,-0.4948,0.1993,IDLE,1,0,step_done_latches_cleared,0,0,0.000,0,nan,nan,nan,0.0000,0,5,0.6050,0.5404,0.3234,0.5404,0.0646,本圈台阶完成,1,0.0000,0.150,0.330
4218.853,SEEK_CROSSWALK,10.786,0,2.834,0.0000,0.0000,vision,2.834,tracking,0.1857,0.2502,1,line_center_tracking,-0.2756,-0.2677,-0.2958,-0.2958,0.3959,2,0.0281,0.0000,0.0281,-0.2864,0.2502,IDLE,1,0,step_done_latches_cleared,0,0,0.000,0,nan,nan,nan,0.0000,0,5,0.6050,0.5404,0.3234,0.5404,0.0646,本圈台阶完成,1,0.0000,0.150,0.330
4218.962,SEEK_CROSSWALK,10.895,0,2.834,0.0000,0.0000,vision,2.834,tracking,0.1788,0.2768,1,line_center_tracking,-0.2813,-0.2753,-0.2966,-0.2966,0.4149,2,0.0214,0.0000,0.0214,-0.2895,0.2768,IDLE,1,0,step_done_latches_cleared,0,0,0.000,0,nan,nan,nan,0.0000,0,5,0.6050,0.5404,0.3234,0.5404,0.0646,本圈台阶完成,1,0.0000,0.150,0.330
4219.095,SEEK_CROSSWALK,11.027,0,2.834,0.0000,0.0000,vision,2.834,tracking,0.1742,0.2946,1,line_center_tracking,-0.2903,-0.2840,-0.3066,-0.3066,0.4115,2,0.0226,0.0000,0.0226,-0.2990,0.2946,IDLE,1,0,step_done_latches_cleared,0,0,0.000,0,nan,nan,nan,0.0000,0,5,0.6050,0.5404,0.3234,0.5404,0.0646,本圈台阶完成,1,0.0000,0.150,0.330
4219.211,SEEK_CROSSWALK,11.144,0,2.834,0.0000,0.0000,vision,2.834,tracking,0.1687,0.3161,1,line_curve_center_riding,-0.3109,-0.3004,-0.4758,-0.4758,0.4805,3,0.1753,0.0000,0.1753,-0.4173,0.3161,IDLE,1,0,step_done_latches_cleared,0,0,0.000,0,nan,nan,nan,0.0000,0,5,0.6050,0.5404,0.3234,0.5404,0.0646,本圈台阶完成,1,0.0000,0.150,0.330
4219.318,SEEK_CROSSWALK,11.250,0,2.834,0.0000,0.0000,vision,2.834,tracking,0.1587,0.3552,1,line_curve_center_riding,-0.3601,-0.3506,-0.5093,-0.5093,0.4706,3,0.1587,0.0000,0.1587,-0.4564,0.3552,IDLE,1,0,step_done_latches_cleared,0,0,0.000,0,nan,nan,nan,0.0000,0,5,0.6050,0.5404,0.3234,0.5404,0.0646,本圈台阶完成,1,0.0000,0.150,0.330
4219.428,SEEK_CROSSWALK,11.361,0,2.834,0.0000,0.0000,vision,2.834,tracking,0.1559,0.3661,1,line_curve_center_riding,-0.3515,-0.3376,-0.5679,-0.5679,0.2966,2,0.2302,0.0000,0.2302,-0.4911,0.3661,IDLE,1,0,step_done_latches_cleared,0,0,0.000,0,nan,nan,nan,0.0000,0,5,0.6050,0.5404,0.3234,0.5404,0.0646,本圈台阶完成,1,0.0000,0.150,0.330
4219.554,SEEK_CROSSWALK,11.486,0,2.834,0.0000,0.0000,vision,2.834,tracking,0.1537,0.3747,1,line_center_tracking,-0.3552,-0.3450,-0.3815,-0.3815,0.3726,2,0.0364,0.0000,0.0364,-0.3693,0.3747,IDLE,1,0,step_done_latches_cleared,0,0,0.000,0,nan,nan,nan,0.0000,0,5,0.6050,0.5404,0.3234,0.5404,0.0646,本圈台阶完成,1,0.0000,0.150,0.330
4219.667,SEEK_CROSSWALK,11.599,0,2.834,0.0000,0.0000,vision,2.834,tracking,0.1559,0.3658,1,line_center_tracking,-0.3330,-0.3256,-0.3520,-0.3520,0.4007,2,0.0264,0.0000,0.0264,-0.3432,0.3658,IDLE,1,0,step_done_latches_cleared,0,0,0.000,0,nan,nan,nan,0.0000,0,5,0.6050,0.5404,0.3234,0.5404,0.0646,本圈台阶完成,1,0.0000,0.150,0.330
4219.777,SEEK_CROSSWALK,11.709,0,2.834,0.0000,0.0000,vision,2.834,tracking,0.1442,0.4116,1,line_curve_center_riding,-0.4147,-0.3966,-0.6977,-0.6977,0.4199,3,0.3012,0.0000,0.3012,-0.5974,0.4116,IDLE,1,0,step_done_latches_cleared,0,0,0.000,0,nan,nan,nan,0.0000,0,5,0.6050,0.5404,0.3234,0.5404,0.0646,本圈台阶完成,1,0.0000,0.150,0.330
4219.899,SEEK_CROSSWALK,11.832,0,2.834,0.0000,0.0000,vision,2.834,line_bridge_loss,0.0977,0.1646,0,line_too_few_bands,0.0000,0.0000,0.0000,0.0000,0.0000,1,0.0000,0.0000,0.0000,0.0000,0.1646,IDLE,1,0,step_done_latches_cleared,0,0,0.000,0,nan,nan,nan,0.0000,0,5,0.6050,0.5404,0.3234,0.5404,0.0646,本圈台阶完成,1,0.0000,0.150,0.330
4220.013,SEEK_CROSSWALK,11.945,0,2.834,0.0000,0.0000,vision,2.834,tracking,0.1410,0.3918,1,line_center_tracking,-0.3506,-0.3398,-0.3784,-0.3784,0.3664,2,0.0386,0.0000,0.0386,-0.3656,0.3918,IDLE,1,0,step_done_latches_cleared,0,0,0.000,0,nan,nan,nan,0.0000,0,5,0.6050,0.5404,0.3234,0.5404,0.0646,本圈台阶完成,1,0.0000,0.150,0.330
4220.127,SEEK_CROSSWALK,12.059,0,2.834,0.0000,0.0000,vision,2.834,tracking,0.1364,0.4419,1,line_center_tracking,-0.4465,-0.4361,-0.4733,-0.4733,0.3704,2,0.0372,0.0000,0.0372,-0.4609,0.4419,IDLE,1,0,step_done_latches_cleared,0,0,0.000,0,nan,nan,nan,0.0000,0,5,0.6050,0.5404,0.3234,0.5404,0.0646,本圈台阶完成,1,0.0000,0.150,0.330
4220.237,SEEK_CROSSWALK,12.170,0,2.834,0.0000,0.0000,vision,2.834,tracking,0.1308,0.4637,1,line_center_tracking,-0.4504,-0.4410,-0.4746,-0.4746,0.3804,2,0.0336,0.0000,0.0336,-0.4634,0.4637,IDLE,1,0,step_done_latches_cleared,0,0,0.000,0,nan,nan,nan,0.0000,0,5,0.6050,0.5404,0.3234,0.5404,0.0646,本圈台阶完成,1,0.0000,0.150,0.330
4220.345,SEEK_CROSSWALK,12.277,0,2.834,0.0000,0.0000,vision,2.834,line_bridge_loss,0.0900,0.1954,0,line_too_few_bands,0.0000,0.0000,0.0000,0.0000,0.0000,1,0.0000,0.0000,0.0000,0.0000,0.1954,IDLE,1,0,step_done_latches_cleared,0,0,0.000,0,nan,nan,nan,0.0000,0,5,0.6050,0.5404,0.3234,0.5404,0.0646,本圈台阶完成,1,0.0000,0.150,0.330
4220.455,SEEK_CROSSWALK,12.387,0,2.834,0.0000,0.0000,vision,2.834,line_bridge_loss,0.0482,0.1855,0,line_too_few_bands,0.0000,0.0000,0.0000,0.0000,0.0000,1,0.0000,0.0000,0.0000,0.0000,0.1855,IDLE,1,0,step_done_latches_cleared,0,0,0.000,0,nan,nan,nan,0.0000,0,5,0.6050,0.5404,0.3234,0.5404,0.0646,本圈台阶完成,1,0.0000,0.150,0.330
4220.577,SEEK_CROSSWALK,12.510,0,2.834,0.0000,0.0000,vision,2.834,line_bridge_loss,0.0350,0.1855,0,line_too_few_bands,0.0000,0.0000,0.0000,0.0000,0.0000,1,0.0000,0.0000,0.0000,0.0000,0.1855,IDLE,1,0,step_done_latches_cleared,0,0,0.000,0,nan,nan,nan,0.0000,0,5,0.6050,0.5404,0.3234,0.5404,0.0646,本圈台阶完成,1,0.0000,0.150,0.330
4220.691,SEEK_CROSSWALK,12.624,0,2.834,0.0000,0.0000,vision,2.834,line_loss_hold,0.0000,0.0000,0,line_too_few_bands,0.0000,0.0000,0.0000,0.0000,0.0000,1,0.0000,0.0000,0.0000,0.0000,0.0000,IDLE,1,0,step_done_latches_cleared,0,0,0.000,0,nan,nan,nan,0.0000,0,5,0.6050,0.5404,0.3234,0.5404,0.0646,本圈台阶完成,1,0.0000,0.150,0.330
4220.801,SEEK_CROSSWALK,12.734,0,2.834,0.0000,0.0000,vision,2.834,tracking,0.0418,0.2751,1,line_hard_turn_centering,-0.6378,-0.6328,-0.6821,-0.6821,0.3365,2,0.0493,0.0000,0.0493,-0.6657,0.2751,IDLE,1,0,step_done_latches_cleared,0,0,0.000,0,nan,nan,nan,0.0000,0,5,0.6050,0.5404,0.3234,0.5404,0.0646,本圈台阶完成,1,0.0000,0.150,0.330
4220.915,SEEK_CROSSWALK,12.847,0,2.834,0.0000,0.0000,vision,2.834,line_bridge_loss,0.0350,0.2240,0,line_too_few_bands,0.0000,0.0000,0.0000,0.0000,0.0000,0,0.0000,0.0000,0.0000,0.0000,0.2240,IDLE,1,0,step_done_latches_cleared,0,0,0.000,0,nan,nan,nan,0.0000,0,5,0.6050,0.5404,0.3234,0.5404,0.0646,本圈台阶完成,1,0.0000,0.150,0.330
4221.026,SEEK_CROSSWALK,12.959,0,2.834,0.0000,0.0000,vision,2.834,line_bridge_loss,0.0350,0.2240,0,line_too_few_bands,0.0000,0.0000,0.0000,0.0000,0.0000,0,0.0000,0.0000,0.0000,0.0000,0.2240,IDLE,1,0,step_done_latches_cleared,0,0,0.000,0,nan,nan,nan,0.0000,0,5,0.6050,0.5404,0.3234,0.5404,0.0646,本圈台阶完成,1,0.0000,0.150,0.330
4221.132,SEEK_CROSSWALK,13.064,0,2.834,0.0000,0.0000,vision,2.834,line_bridge_loss,0.0350,0.2240,0,line_too_few_bands,0.0000,0.0000,0.0000,0.0000,0.0000,0,0.0000,0.0000,0.0000,0.0000,0.2240,IDLE,1,0,step_done_latches_cleared,0,0,0.000,0,nan,nan,nan,0.0000,0,5,0.6050,0.5404,0.3234,0.5404,0.0646,本圈台阶完成,1,0.0000,0.150,0.330
4221.233,SEEK_CROSSWALK,13.165,0,2.834,0.0000,0.0000,vision,2.834,line_bridge_loss,0.0350,0.2240,0,line_too_few_bands,0.0000,0.0000,0.0000,0.0000,0.0000,0,0.0000,0.0000,0.0000,0.0000,0.2240,IDLE,1,0,step_done_latches_cleared,0,0,0.000,0,nan,nan,nan,0.0000,0,5,0.6050,0.5404,0.3234,0.5404,0.0646,本圈台阶完成,1,0.0000,0.150,0.330
4221.337,SEEK_CROSSWALK,13.270,0,2.834,0.0000,0.0000,vision,2.834,line_loss_hold,0.0000,0.0000,0,line_too_few_bands,0.0000,0.0000,0.0000,0.0000,0.0000,0,0.0000,0.0000,0.0000,0.0000,0.0000,IDLE,1,0,step_done_latches_cleared,0,0,0.000,0,nan,nan,nan,0.0000,0,5,0.6050,0.5404,0.3234,0.5404,0.0646,本圈台阶完成,1,0.0000,0.150,0.330
4221.443,SEEK_CROSSWALK,13.375,0,2.834,0.0000,0.0000,vision,2.834,line_loss_hold,0.0000,0.0000,0,line_too_few_bands,0.0000,0.0000,0.0000,0.0000,0.0000,0,0.0000,0.0000,0.0000,0.0000,0.0000,IDLE,1,0,step_done_latches_cleared,0,0,0.000,0,nan,nan,nan,0.0000,0,5,0.6050,0.5404,0.3234,0.5404,0.0646,本圈台阶完成,1,0.0000,0.150,0.330
4221.548,SEEK_CROSSWALK,13.480,0,2.834,0.0000,0.0000,vision,2.834,tracking,0.0400,0.2630,1,line_edge_single_rescue,-0.5644,-0.5644,-0.5644,-0.5644,0.3100,1,0.0000,0.0000,0.0000,-0.5644,0.2630,IDLE,1,0,step_done_latches_cleared,0,0,0.000,0,nan,nan,nan,0.0000,0,5,0.6050,0.5404,0.3234,0.5404,0.0646,本圈台阶完成,1,0.0000,0.150,0.330
4221.679,SEEK_CROSSWALK,13.611,0,2.834,0.0000,0.0000,vision,2.834,tracking,0.0850,0.4200,1,line_edge_single_rescue,-0.6385,-0.6385,-0.6385,-0.6385,0.3100,1,0.0000,0.0000,0.0000,-0.6385,0.4200,IDLE,1,0,step_done_latches_cleared,0,0,0.000,0,nan,nan,nan,0.0000,0,5,0.6050,0.5404,0.3234,0.5404,0.0646,本圈台阶完成,1,0.0000,0.150,0.330
4221.790,SEEK_CROSSWALK,13.723,0,2.834,0.0000,0.0000,vision,2.834,line_bridge_loss,0.0427,0.1680,0,line_too_few_bands,0.0000,0.0000,0.0000,0.0000,0.0000,1,0.0000,0.0000,0.0000,0.0000,0.1680,IDLE,1,0,step_done_latches_cleared,0,0,0.000,0,nan,nan,nan,0.0000,0,5,0.6050,0.5404,0.3234,0.5404,0.0646,本圈台阶完成,1,0.0000,0.150,0.330
4221.904,SEEK_CROSSWALK,13.836,0,2.834,0.0000,0.0000,vision,2.834,line_bridge_loss,0.0350,0.1680,0,line_too_few_bands,0.0000,0.0000,0.0000,0.0000,0.0000,1,0.0000,0.0000,0.0000,0.0000,0.1680,IDLE,1,0,step_done_latches_cleared,0,0,0.000,0,nan,nan,nan,0.0000,0,5,0.6050,0.5404,0.3234,0.5404,0.0646,本圈台阶完成,1,0.0000,0.150,0.330
4222.013,SEEK_CROSSWALK,13.945,0,2.834,0.0000,0.0000,vision,2.834,tracking,0.0765,0.4408,1,line_curve_center_riding,-0.3877,-0.3687,-0.6849,-0.6849,0.4266,3,0.3162,0.0000,0.3162,-0.5795,0.4408,IDLE,1,0,step_done_latches_cleared,0,0,0.000,0,nan,nan,nan,0.0000,0,5,0.6050,0.5404,0.3234,0.5404,0.0646,本圈台阶完成,1,0.0000,0.150,0.330
4222.133,SEEK_CROSSWALK,14.065,0,2.834,0.0000,0.0000,vision,2.834,tracking,0.1220,0.3761,1,line_curve_center_riding,-0.2283,-0.2155,-0.4285,-0.4285,0.3660,2,0.2131,0.0000,0.2131,-0.3575,0.3761,IDLE,1,0,step_done_latches_cleared,0,0,0.000,0,nan,nan,nan,0.0000,0,5,0.6050,0.5404,0.3234,0.5404,0.0646,本圈台阶完成,1,0.0000,0.150,0.330
4222.248,SEEK_CROSSWALK,14.180,0,2.834,0.0000,0.0000,vision,2.834,tracking,0.1450,0.2262,1,line_curve_center_riding,-0.0813,-0.0489,-0.5881,-0.5881,0.5288,4,0.5392,0.0000,0.5392,-0.4084,0.2262,IDLE,1,0,step_done_latches_cleared,0,0,0.000,0,nan,nan,nan,0.0000,0,5,0.6050,0.5404,0.3234,0.5404,0.0646,本圈台阶完成,1,0.0000,0.150,0.330
4222.365,SEEK_CROSSWALK,14.298,0,2.834,0.0000,0.0000,vision,2.834,tracking,0.1450,0.0868,1,line_recenter_transition,0.0425,0.0524,-0.4438,-0.4438,0.5238,4,0.4962,0.0000,0.4962,-0.2784,0.0868,IDLE,1,0,step_done_latches_cleared,0,0,0.000,0,nan,nan,nan,0.0000,0,5,0.6050,0.5404,0.3234,0.5404,0.0646,本圈台阶完成,1,0.0000,0.150,0.330
4222.498,SEEK_CROSSWALK,14.430,0,2.834,0.0000,0.0000,vision,2.834,tracking,0.1375,-0.0267,1,line_recenter_transition,0.1298,0.1430,-0.5150,-0.6409,0.6029,5,0.6580,0.1258,0.7839,-0.3376,-0.0267,IDLE,1,0,step_done_latches_cleared,0,0,0.000,0,nan,nan,nan,0.0000,0,5,0.6050,0.5404,0.3234,0.5404,0.0646,本圈台阶完成,1,0.0000,0.150,0.330
4222.609,SEEK_CROSSWALK,14.541,0,2.834,0.0000,0.0000,vision,2.834,tracking,0.1450,-0.1105,1,line_recenter_transition,0.1765,0.1886,-0.4187,-0.5383,0.6127,5,0.6073,0.1196,0.7269,-0.2561,-0.1105,IDLE,1,0,step_done_latches_cleared,0,0,0.000,0,nan,nan,nan,0.0000,0,5,0.6050,0.5404,0.3234,0.5404,0.0646,本圈台阶完成,1,0.0000,0.150,0.330
4222.720,SEEK_CROSSWALK,14.652,0,2.834,0.4000,0.0000,vision,2.834,tracking,0.1402,-0.1629,1,line_recenter_transition,0.1999,0.2128,-0.4294,-0.5499,0.5075,4,0.6422,0.1204,0.7626,-0.2555,-0.1629,IDLE,1,0,step_done_latches_cleared,0,0,0.000,0,nan,nan,nan,0.0000,0,5,0.6050,0.5404,0.3234,0.5404,0.0646,本圈台阶完成,1,0.0000,0.150,0.330
4222.843,SEEK_CROSSWALK,14.776,0,2.834,0.0000,0.0000,vision,2.834,tracking,0.1450,-0.1774,1,line_recenter_transition,0.1820,0.1933,-0.3750,-0.4939,0.6181,5,0.5683,0.1189,0.6872,-0.2252,-0.1774,IDLE,1,0,step_done_latches_cleared,0,0,0.000,0,nan,nan,nan,0.0000,0,5,0.6050,0.5404,0.3234,0.5404,0.0646,本圈台阶完成,1,0.0000,0.150,0.330
4222.959,SEEK_CROSSWALK,14.892,0,2.834,0.0000,0.0000,vision,2.834,tracking,0.1450,-0.1725,1,line_recenter_transition,0.1582,0.1687,-0.3574,-0.4572,0.6267,5,0.5261,0.0998,0.6259,-0.2153,-0.1725,IDLE,1,0,step_done_latches_cleared,0,0,0.000,0,nan,nan,nan,0.0000,0,5,0.6050,0.5404,0.3234,0.5404,0.0646,本圈台阶完成,1,0.0000,0.150,0.330
4223.072,SEEK_CROSSWALK,15.005,0,2.834,0.0000,0.0000,vision,2.834,tracking,0.1450,-0.1609,1,line_recenter_transition,0.1400,0.1516,-0.4287,-0.5588,0.6168,5,0.5803,0.1301,0.7104,-0.2787,-0.1609,IDLE,1,0,step_done_latches_cleared,0,0,0.000,0,nan,nan,nan,0.0000,0,5,0.6050,0.5404,0.3234,0.5404,0.0646,本圈台阶完成,1,0.0000,0.150,0.330
4223.186,SEEK_CROSSWALK,15.118,0,2.834,0.0000,0.0000,vision,2.834,tracking,0.1450,-0.1108,1,line_recenter_transition,0.0635,0.0712,-0.3131,-0.3131,0.5531,4,0.3843,0.0000,0.3843,-0.1850,-0.1108,IDLE,1,0,step_done_latches_cleared,0,0,0.000,0,nan,nan,nan,0.0000,0,5,0.6050,0.5404,0.3234,0.5404,0.0646,本圈台阶完成,1,0.0000,0.150,0.330
4223.303,SEEK_CROSSWALK,15.236,0,2.834,0.0000,0.0000,vision,2.834,tracking,0.1251,-0.0640,1,line_recenter_transition,0.0184,0.0330,-0.6976,-0.8444,0.5862,5,0.7306,0.1469,0.8775,-0.5030,-0.0640,IDLE,1,0,step_done_latches_cleared,0,0,0.000,0,nan,nan,nan,0.0000,0,5,0.6050,0.5404,0.3234,0.5404,0.0646,本圈台阶完成,1,0.0000,0.150,0.330
4223.413,SEEK_CROSSWALK,15.346,0,2.834,0.0000,0.0000,vision,2.834,tracking,0.1450,0.0322,1,line_curve_center_riding,-0.1068,-0.0751,-0.6026,-0.6026,0.5203,4,0.5275,0.0000,0.5275,-0.4268,0.0322,IDLE,1,0,step_done_latches_cleared,0,0,0.000,0,nan,nan,nan,0.0000,0,5,0.6050,0.5404,0.3234,0.5404,0.0646,本圈台阶完成,1,0.0000,0.150,0.330
4223.523,SEEK_CROSSWALK,15.456,0,2.834,0.0000,0.0000,vision,2.834,tracking,0.1450,0.1202,1,line_curve_center_riding,-0.1874,-0.1554,-0.6883,-0.6883,0.5184,4,0.5329,0.0000,0.5329,-0.5107,0.1202,IDLE,1,0,step_done_latches_cleared,0,0,0.000,0,nan,nan,nan,0.0000,0,5,0.6050,0.5404,0.3234,0.5404,0.0646,本圈台阶完成,1,0.0000,0.150,0.330
4223.642,SEEK_CROSSWALK,15.574,0,2.834,0.0000,0.0000,vision,2.834,tracking,0.1450,0.2349,1,line_curve_center_riding,-0.3155,-0.2972,-0.6027,-0.6027,0.4260,3,0.3055,0.0000,0.3055,-0.5008,0.2349,IDLE,1,0,step_done_latches_cleared,0,0,0.000,0,nan,nan,nan,0.0000,0,5,0.6050,0.5404,0.3234,0.5404,0.0646,本圈台阶完成,1,0.0000,0.150,0.330
4223.764,SEEK_CROSSWALK,15.696,0,2.834,0.0000,0.0000,vision,2.834,tracking,0.1668,0.3235,1,line_center_tracking,-0.3801,-0.3714,-0.4023,-0.4023,0.3880,2,0.0309,0.0000,0.0309,-0.3920,0.3235,IDLE,1,0,step_done_latches_cleared,0,0,0.000,0,nan,nan,nan,0.0000,0,5,0.6050,0.5404,0.3234,0.5404,0.0646,本圈台阶完成,1,0.0000,0.150,0.330
4223.869,SEEK_CROSSWALK,15.802,0,2.834,0.0000,0.0000,vision,2.834,tracking,0.1367,0.4407,1,line_center_tracking,-0.5041,-0.4904,-0.5395,-0.5395,0.3370,2,0.0491,0.0000,0.0491,-0.5231,0.4407,IDLE,1,0,step_done_latches_cleared,0,0,0.000,0,nan,nan,nan,0.0000,0,5,0.6050,0.5404,0.3234,0.5404,0.0646,本圈台阶完成,1,0.0000,0.150,0.330
4223.990,SEEK_CROSSWALK,15.922,0,2.834,0.0000,0.0000,vision,2.834,tracking,0.1149,0.5254,1,line_curve_center_riding,-0.5651,-0.5485,-0.8248,-0.8248,0.4234,3,0.2764,0.0000,0.2764,-0.7327,0.5254,IDLE,1,0,step_done_latches_cleared,0,0,0.000,0,nan,nan,nan,0.0000,0,5,0.6050,0.5404,0.3234,0.5404,0.0646,本圈台阶完成,1,0.0000,0.150,0.330
4224.096,SEEK_CROSSWALK,16.029,0,2.834,0.0000,0.0000,vision,2.834,tracking,0.1050,0.5600,1,line_hard_turn_centering,-0.5918,-0.5874,-0.6317,-0.6317,0.3502,2,0.0444,0.0000,0.0444,-0.6169,0.5600,IDLE,1,0,step_done_latches_cleared,0,0,0.000,0,nan,nan,nan,0.0000,0,5,0.6050,0.5404,0.3234,0.5404,0.0646,本圈台阶完成,1,0.0000,0.150,0.330
4224.200,SEEK_CROSSWALK,16.132,0,2.834,0.0000,0.0000,vision,2.834,tracking,0.1050,0.5600,1,line_hard_turn_centering,-0.6674,-0.6630,-0.7069,-0.7069,0.3516,2,0.0439,0.0000,0.0439,-0.6923,0.5600,IDLE,1,0,step_done_latches_cleared,0,0,0.000,0,nan,nan,nan,0.0000,0,5,0.6050,0.5404,0.3234,0.5404,0.0646,本圈台阶完成,1,0.0000,0.150,0.330
4224.302,SEEK_CROSSWALK,16.234,0,2.834,0.0000,0.0000,vision,2.834,line_bridge_loss,0.0663,0.3051,0,line_too_few_bands,0.0000,0.0000,0.0000,0.0000,0.0000,0,0.0000,0.0000,0.0000,0.0000,0.3051,IDLE,1,0,step_done_latches_cleared,0,0,0.000,0,nan,nan,nan,0.0000,0,5,0.6050,0.5404,0.3234,0.5404,0.0646,本圈台阶完成,1,0.0000,0.150,0.330
4224.405,SEEK_CROSSWALK,16.338,0,2.834,0.0000,0.0000,vision,2.834,tracking,0.0850,0.4200,1,line_edge_single_rescue,-0.5703,-0.5703,-0.5703,-0.5703,0.3100,1,0.0000,0.0000,0.0000,-0.5703,0.4200,IDLE,1,0,step_done_latches_cleared,0,0,0.000,0,nan,nan,nan,0.0000,0,5,0.6050,0.5404,0.3234,0.5404,0.0646,本圈台阶完成,1,0.0000,0.150,0.330
4224.506,SEEK_CROSSWALK,16.439,0,2.834,0.0000,0.0000,vision,2.834,line_bridge_loss,0.0466,0.1680,0,line_too_few_bands,0.0000,0.0000,0.0000,0.0000,0.0000,0,0.0000,0.0000,0.0000,0.0000,0.1680,IDLE,1,0,step_done_latches_cleared,0,0,0.000,0,nan,nan,nan,0.0000,0,5,0.6050,0.5404,0.3234,0.5404,0.0646,本圈台阶完成,1,0.0000,0.150,0.330
4224.609,SEEK_CROSSWALK,16.541,0,2.834,0.0000,0.0000,vision,2.834,line_bridge_loss,0.0350,0.1680,0,line_too_few_bands,0.0000,0.0000,0.0000,0.0000,0.0000,0,0.0000,0.0000,0.0000,0.0000,0.1680,IDLE,1,0,step_done_latches_cleared,0,0,0.000,0,nan,nan,nan,0.0000,0,5,0.6050,0.5404,0.3234,0.5404,0.0646,本圈台阶完成,1,0.0000,0.150,0.330
4224.725,SEEK_CROSSWALK,16.657,0,2.834,0.0000,0.0000,vision,2.834,tracking,0.0791,0.4200,1,line_edge_single_rescue,-0.7007,-0.7007,-0.7007,-0.7007,0.3100,1,0.0000,0.0000,0.0000,-0.7007,0.4200,IDLE,1,0,step_done_latches_cleared,0,0,0.000,0,nan,nan,nan,0.0000,0,5,0.6050,0.5404,0.3234,0.5404,0.0646,本圈台阶完成,1,0.0000,0.150,0.330
4224.827,SEEK_CROSSWALK,16.760,0,2.834,0.0000,0.0000,vision,2.834,line_bridge_loss,0.0402,0.1680,0,line_too_few_bands,0.0000,0.0000,0.0000,0.0000,0.0000,0,0.0000,0.0000,0.0000,0.0000,0.1680,IDLE,1,0,step_done_latches_cleared,0,0,0.000,0,nan,nan,nan,0.0000,0,5,0.6050,0.5404,0.3234,0.5404,0.0646,本圈台阶完成,1,0.0000,0.150,0.330
4224.933,SEEK_CROSSWALK,16.865,0,2.834,0.0000,0.0000,vision,2.834,line_bridge_loss,0.0350,0.1680,0,line_too_few_bands,0.0000,0.0000,0.0000,0.0000,0.0000,0,0.0000,0.0000,0.0000,0.0000,0.1680,IDLE,1,0,step_done_latches_cleared,0,0,0.000,0,nan,nan,nan,0.0000,0,5,0.6050,0.5404,0.3234,0.5404,0.0646,本圈台阶完成,1,0.0000,0.150,0.330
4225.073,SEEK_CROSSWALK,17.006,0,2.834,0.0000,0.0000,vision,2.834,line_bridge_loss,0.0350,0.1680,0,line_too_few_bands,0.0000,0.0000,0.0000,0.0000,0.0000,0,0.0000,0.0000,0.0000,0.0000,0.1680,IDLE,1,0,step_done_latches_cleared,0,0,0.000,0,nan,nan,nan,0.0000,0,5,0.6050,0.5404,0.3234,0.5404,0.0646,本圈台阶完成,1,0.0000,0.150,0.330
4225.184,SEEK_CROSSWALK,17.116,0,2.834,0.0000,0.0000,vision,2.834,line_loss_hold,0.0000,0.0000,0,line_too_few_bands,0.0000,0.0000,0.0000,0.0000,0.0000,0,0.0000,0.0000,0.0000,0.0000,0.0000,IDLE,1,0,step_done_latches_cleared,0,0,0.000,0,nan,nan,nan,0.0000,0,5,0.6050,0.5404,0.3234,0.5404,0.0646,本圈台阶完成,1,0.0000,0.150,0.330
4225.288,SEEK_CROSSWALK,17.220,0,2.834,0.0000,0.0000,vision,2.834,line_loss_hold,0.0000,0.0000,0,line_too_few_bands,0.0000,0.0000,0.0000,0.0000,0.0000,0,0.0000,0.0000,0.0000,0.0000,0.0000,IDLE,1,0,step_done_latches_cleared,0,0,0.000,0,nan,nan,nan,0.0000,0,5,0.6050,0.5404,0.3234,0.5404,0.0646,本圈台阶完成,1,0.0000,0.150,0.330
4225.405,SEEK_CROSSWALK,17.338,0,2.834,0.0000,0.0000,vision,2.834,line_loss_hold,0.0000,0.0000,0,line_too_few_bands,0.0000,0.0000,0.0000,0.0000,0.0000,0,0.0000,0.0000,0.0000,0.0000,0.0000,IDLE,1,0,step_done_latches_cleared,0,0,0.000,0,nan,nan,nan,0.0000,0,5,0.6050,0.5404,0.3234,0.5404,0.0646,本圈台阶完成,1,0.0000,0.150,0.330
4225.588,SEEK_CROSSWALK,17.520,0,2.834,0.0000,0.0000,vision,2.834,line_lost_stop,0.0000,0.0000,0,line_too_few_bands,0.0000,0.0000,0.0000,0.0000,0.0000,0,0.0000,0.0000,0.0000,0.0000,0.0000,IDLE,1,0,step_done_latches_cleared,0,0,0.000,0,nan,nan,nan,0.0000,0,5,0.6050,0.5404,0.3234,0.5404,0.0646,本圈台阶完成,1,0.0000,0.150,0.330
4225.742,SEEK_CROSSWALK,17.675,0,2.834,0.0000,0.0000,vision,2.834,line_lost_stop,0.0000,0.0000,0,line_too_few_bands,0.0000,0.0000,0.0000,0.0000,0.0000,0,0.0000,0.0000,0.0000,0.0000,0.0000,IDLE,1,0,step_done_latches_cleared,0,0,0.000,0,nan,nan,nan,0.0000,0,5,0.6050,0.5404,0.3234,0.5404,0.0646,本圈台阶完成,1,0.0000,0.150,0.330
4225.866,SEEK_CROSSWALK,17.799,0,2.834,0.0000,0.0000,vision,2.834,line_lost_stop,0.0000,0.0000,0,line_too_few_bands,0.0000,0.0000,0.0000,0.0000,0.0000,0,0.0000,0.0000,0.0000,0.0000,0.0000,IDLE,1,0,step_done_latches_cleared,0,0,0.000,0,nan,nan,nan,0.0000,0,5,0.6050,0.5404,0.3234,0.5404,0.0646,本圈台阶完成,1,0.0000,0.150,0.330
4225.984,SEEK_CROSSWALK,17.916,0,2.834,0.0000,0.0000,vision,2.834,line_lost_stop,0.0000,0.0000,0,line_too_few_bands,0.0000,0.0000,0.0000,0.0000,0.0000,0,0.0000,0.0000,0.0000,0.0000,0.0000,IDLE,1,0,step_done_latches_cleared,0,0,0.000,0,nan,nan,nan,0.0000,0,5,0.6050,0.5404,0.3234,0.5404,0.0646,本圈台阶完成,1,0.0000,0.150,0.330
4226.104,SEEK_CROSSWALK,18.036,0,2.834,0.0000,0.0000,vision,2.834,line_lost_stop,0.0000,0.0000,0,line_too_few_bands,0.0000,0.0000,0.0000,0.0000,0.0000,0,0.0000,0.0000,0.0000,0.0000,0.0000,IDLE,1,0,step_done_latches_cleared,0,0,0.000,0,nan,nan,nan,0.0000,0,5,0.6050,0.5404,0.3234,0.5404,0.0646,本圈台阶完成,1,0.0000,0.150,0.330
4226.223,SEEK_CROSSWALK,18.156,0,2.834,0.0000,0.0000,vision,2.834,line_lost_stop,0.0000,0.0000,0,line_too_few_bands,0.0000,0.0000,0.0000,0.0000,0.0000,0,0.0000,0.0000,0.0000,0.0000,0.0000,IDLE,1,0,step_done_latches_cleared,0,0,0.000,0,nan,nan,nan,0.0000,0,5,0.6050,0.5404,0.3234,0.5404,0.0646,本圈台阶完成,1,0.0000,0.150,0.330
4226.327,SEEK_CROSSWALK,18.259,0,2.834,0.0000,0.0000,vision,2.834,tracking,0.0394,0.2594,1,line_edge_single_rescue,-0.8050,-0.8050,-0.8050,-0.8050,0.3100,1,0.0000,0.0000,0.0000,-0.8050,0.2594,IDLE,1,0,step_done_latches_cleared,0,0,0.000,0,nan,nan,nan,0.0000,0,5,0.6050,0.5404,0.3234,0.5404,0.0646,本圈台阶完成,1,0.0000,0.150,0.330
4226.431,SEEK_CROSSWALK,18.364,0,2.834,0.0000,0.0000,vision,2.834,line_bridge_loss,0.0350,0.1680,0,line_too_few_bands,0.0000,0.0000,0.0000,0.0000,0.0000,0,0.0000,0.0000,0.0000,0.0000,0.1680,IDLE,1,0,step_done_latches_cleared,0,0,0.000,0,nan,nan,nan,0.0000,0,5,0.6050,0.5404,0.3234,0.5404,0.0646,本圈台阶完成,1,0.0000,0.150,0.330
4226.539,SEEK_CROSSWALK,18.472,0,2.834,0.0000,0.0000,vision,2.834,tracking,0.0760,0.4200,1,line_edge_single_rescue,-0.6841,-0.6841,-0.6841,-0.6841,0.3100,1,0.0000,0.0000,0.0000,-0.6841,0.4200,IDLE,1,0,step_done_latches_cleared,0,0,0.000,0,nan,nan,nan,0.0000,0,5,0.6050,0.5404,0.3234,0.5404,0.0646,本圈台阶完成,1,0.0000,0.150,0.330
4226.654,SEEK_CROSSWALK,18.586,0,2.834,0.0000,0.0000,vision,2.834,line_bridge_loss,0.0350,0.1680,0,line_too_few_bands,0.0000,0.0000,0.0000,0.0000,0.0000,1,0.0000,0.0000,0.0000,0.0000,0.1680,IDLE,1,0,step_done_latches_cleared,0,0,0.000,0,nan,nan,nan,0.0000,0,5,0.6050,0.5404,0.3234,0.5404,0.0646,本圈台阶完成,1,0.0000,0.150,0.330
4226.759,SEEK_CROSSWALK,18.692,0,2.834,0.0000,0.0000,vision,2.834,line_bridge_loss,0.0350,0.1680,0,line_too_few_bands,0.0000,0.0000,0.0000,0.0000,0.0000,1,0.0000,0.0000,0.0000,0.0000,0.1680,IDLE,1,0,step_done_latches_cleared,0,0,0.000,0,nan,nan,nan,0.0000,0,5,0.6050,0.5404,0.3234,0.5404,0.0646,本圈台阶完成,1,0.0000,0.150,0.330
4226.865,SEEK_CROSSWALK,18.797,0,2.834,0.0000,0.0000,vision,2.834,tracking,0.0750,0.4315,1,line_curve_center_riding,-0.3550,-0.3430,-0.5422,-0.5422,0.4527,3,0.1992,0.0000,0.1992,-0.4758,0.4315,IDLE,1,0,step_done_latches_cleared,0,0,0.000,0,nan,nan,nan,0.0000,0,5,0.6050,0.5404,0.3234,0.5404,0.0646,本圈台阶完成,1,0.0000,0.150,0.330
4226.981,SEEK_CROSSWALK,18.914,0,2.834,0.0000,0.0000,vision,2.834,tracking,0.1194,0.4039,1,line_curve_center_riding,-0.2410,-0.2129,-0.6804,-0.6804,0.5261,4,0.4675,0.0000,0.4675,-0.5246,0.4039,IDLE,1,0,step_done_latches_cleared,0,0,0.000,0,nan,nan,nan,0.0000,0,5,0.6050,0.5404,0.3234,0.5404,0.0646,本圈台阶完成,1,0.0000,0.150,0.330
4227.109,SEEK_CROSSWALK,19.041,0,2.834,0.0000,0.0000,vision,2.834,tracking,0.1450,0.2606,1,line_curve_center_riding,-0.1125,-0.0849,-0.5446,-0.5446,0.5334,4,0.4597,0.0000,0.4597,-0.3913,0.2606,IDLE,1,0,step_done_latches_cleared,0,0,0.000,0,nan,nan,nan,0.0000,0,5,0.6050,0.5404,0.3234,0.5404,0.0646,本圈台阶完成,1,0.0000,0.150,0.330
4227.219,SEEK_CROSSWALK,19.151,0,2.834,0.0000,0.0000,vision,2.834,tracking,0.1265,0.1208,1,line_recenter_transition,0.0072,0.0216,-0.7006,-0.8390,0.5899,5,0.7222,0.1384,0.8606,-0.5060,0.1208,IDLE,1,0,step_done_latches_cleared,0,0,0.000,0,nan,nan,nan,0.0000,0,5,0.6050,0.5404,0.3234,0.5404,0.0646,本圈台阶完成,1,0.0000,0.150,0.330
4227.332,SEEK_CROSSWALK,19.264,0,2.834,0.0000,0.0000,vision,2.834,tracking,0.1300,0.0180,1,line_recenter_transition,0.0768,0.0908,-0.6109,-0.7550,0.5934,5,0.7017,0.1441,0.8457,-0.4250,0.0180,IDLE,1,0,step_done_latches_cleared,0,0,0.000,0,nan,nan,nan,0.0000,0,5,0.6050,0.5404,0.3234,0.5404,0.0646,本圈台阶完成,1,0.0000,0.150,0.330
4227.440,SEEK_CROSSWALK,19.373,0,2.834,0.0000,0.0000,vision,2.834,tracking,0.1450,-0.0511,1,line_recenter_transition,0.1108,0.1188,-0.2849,-0.2849,0.5474,4,0.4038,0.0000,0.4038,-0.1503,-0.0511,IDLE,1,0,step_done_latches_cleared,0,0,0.000,0,nan,nan,nan,0.0000,0,5,0.6050,0.5404,0.3234,0.5404,0.0646,本圈台阶完成,1,0.0000,0.150,0.330
4227.551,SEEK_CROSSWALK,19.483,0,2.834,0.0000,0.0000,vision,2.834,tracking,0.1361,-0.1012,1,line_recenter_transition,0.1397,0.1530,-0.5128,-0.6560,0.6004,5,0.6658,0.1432,0.8090,-0.3386,-0.1012,IDLE,1,0,step_done_latches_cleared,0,0,0.000,0,nan,nan,nan,0.0000,0,5,0.6050,0.5404,0.3234,0.5404,0.0646,本圈台阶完成,1,0.0000,0.150,0.330
4227.661,SEEK_CROSSWALK,19.594,0,2.834,0.0000,0.0000,vision,2.834,tracking,0.1450,-0.1170,1,line_recenter_transition,0.1262,0.1381,-0.4576,-0.5685,0.6148,5,0.5957,0.1109,0.7066,-0.2960,-0.1170,IDLE,1,0,step_done_latches_cleared,0,0,0.000,0,nan,nan,nan,0.0000,0,5,0.6050,0.5404,0.3234,0.5404,0.0646,本圈台阶完成,1,0.0000,0.150,0.330
4227.775,SEEK_CROSSWALK,19.708,0,2.834,0.0000,0.0000,vision,2.834,tracking,0.1360,-0.1126,1,line_recenter_transition,0.1034,0.1167,-0.5498,-0.6906,0.6004,5,0.6665,0.1407,0.8072,-0.3746,-0.1126,IDLE,1,0,step_done_latches_cleared,0,0,0.000,0,nan,nan,nan,0.0000,0,5,0.6050,0.5404,0.3234,0.5404,0.0646,本圈台阶完成,1,0.0000,0.150,0.330
4227.880,SEEK_CROSSWALK,19.813,0,2.834,0.0000,0.0000,vision,2.834,tracking,0.1307,-0.0890,1,line_recenter_transition,0.0648,0.0788,-0.6192,-0.7637,0.5939,5,0.6979,0.1446,0.8425,-0.4347,-0.0890,IDLE,1,0,step_done_latches_cleared,0,0,0.000,0,nan,nan,nan,0.0000,0,5,0.6050,0.5404,0.3234,0.5404,0.0646,本圈台阶完成,1,0.0000,0.150,0.330
4227.987,SEEK_CROSSWALK,19.920,0,2.834,0.0000,0.0000,vision,2.834,tracking,0.1262,-0.0456,1,line_recenter_transition,0.0076,0.0221,-0.7019,-0.8335,0.5901,5,0.7240,0.1316,0.8556,-0.5044,-0.0456,IDLE,1,0,step_done_latches_cleared,0,0,0.000,0,nan,nan,nan,0.0000,0,5,0.6050,0.5404,0.3234,0.5404,0.0646,本圈台阶完成,1,0.0000,0.150,0.330
4228.095,SEEK_CROSSWALK,20.028,0,2.834,0.0000,0.0000,vision,2.834,tracking,0.1450,0.0221,1,line_curve_center_riding,-0.0756,-0.0445,-0.5639,-0.5639,0.5219,4,0.5195,0.0000,0.5195,-0.3908,0.0221,IDLE,1,0,step_done_latches_cleared,0,0,0.000,0,nan,nan,nan,0.0000,0,5,0.6050,0.5404,0.3234,0.5404,0.0646,本圈台阶完成,1,0.0000,0.150,0.330
4228.203,SEEK_CROSSWALK,20.136,0,2.834,0.0000,0.0000,vision,2.834,tracking,0.1450,0.1168,1,line_curve_center_riding,-0.1861,-0.1521,-0.7188,-0.7188,0.5086,4,0.5667,0.0000,0.5667,-0.5299,0.1168,IDLE,1,0,step_done_latches_cleared,0,0,0.000,0,nan,nan,nan,0.0000,0,5,0.6050,0.5404,0.3234,0.5404,0.0646,本圈台阶完成,1,0.0000,0.150,0.330
4228.307,SEEK_CROSSWALK,20.240,0,2.834,0.0000,0.0000,vision,2.834,tracking,0.1450,0.2497,1,line_curve_center_riding,-0.3394,-0.3051,-0.8772,-0.8772,0.3729,3,0.5721,0.0000,0.5721,-0.6865,0.2497,IDLE,1,0,step_done_latches_cleared,0,0,0.000,0,nan,nan,nan,0.0000,0,5,0.6050,0.5404,0.3234,0.5404,0.0646,本圈台阶完成,1,0.0000,0.150,0.330
4228.414,SEEK_CROSSWALK,20.347,0,2.834,0.0000,0.0000,vision,2.834,tracking,0.1450,0.3499,1,line_curve_center_riding,-0.4136,-0.3965,-0.6811,-0.6811,0.4214,3,0.2846,0.0000,0.2846,-0.5862,0.3499,IDLE,1,0,step_done_latches_cleared,0,0,0.000,0,nan,nan,nan,0.0000,0,5,0.6050,0.5404,0.3234,0.5404,0.0646,本圈台阶完成,1,0.0000,0.150,0.330
4228.525,SEEK_CROSSWALK,20.457,0,2.834,0.0000,0.0000,vision,2.834,tracking,0.1315,0.4608,1,line_curve_center_riding,-0.5221,-0.5040,-0.8055,-0.8055,0.4081,3,0.3015,0.0000,0.3015,-0.7050,0.4608,IDLE,1,0,step_done_latches_cleared,0,0,0.000,0,nan,nan,nan,0.0000,0,5,0.6050,0.5404,0.3234,0.5404,0.0646,本圈台阶完成,1,0.0000,0.150,0.330
4228.631,SEEK_CROSSWALK,20.563,0,2.834,0.0000,0.0000,vision,2.834,line_bridge_loss,0.0912,0.1959,0,line_low_confidence,-0.5893,-0.5711,-0.8743,-0.8743,0.2400,2,0.3033,0.0000,0.3033,-0.7732,0.1959,IDLE,1,0,step_done_latches_cleared,0,0,0.000,0,nan,nan,nan,0.0000,0,5,0.6050,0.5404,0.3234,0.5404,0.0646,本圈台阶完成,1,0.0000,0.150,0.330
4228.751,SEEK_CROSSWALK,20.683,0,2.834,0.0000,0.0000,vision,2.834,tracking,0.1050,0.4958,1,line_hard_turn_centering,-0.6236,-0.6191,-0.6643,-0.6643,0.3479,2,0.0452,0.0000,0.0452,-0.6492,0.4958,IDLE,1,0,step_done_latches_cleared,0,0,0.000,0,nan,nan,nan,0.0000,0,5,0.6050,0.5404,0.3234,0.5404,0.0646,本圈台阶完成,1,0.0000,0.150,0.330
4228.860,SEEK_CROSSWALK,20.793,0,2.834,0.0000,0.0000,vision,2.834,line_bridge_loss,0.0635,0.2240,0,line_too_few_bands,0.0000,0.0000,0.0000,0.0000,0.0000,1,0.0000,0.0000,0.0000,0.0000,0.2240,IDLE,1,0,step_done_latches_cleared,0,0,0.000,0,nan,nan,nan,0.0000,0,5,0.6050,0.5404,0.3234,0.5404,0.0646,本圈台阶完成,1,0.0000,0.150,0.330
4228.967,SEEK_CROSSWALK,20.899,0,2.834,0.0000,0.0000,vision,2.834,tracking,0.1041,0.4910,1,line_hard_turn_centering,-0.8010,-0.7977,-0.8311,-0.8311,0.3811,2,0.0334,0.0000,0.0334,-0.8200,0.4910,IDLE,1,0,step_done_latches_cleared,0,0,0.000,0,nan,nan,nan,0.0000,0,5,0.6050,0.5404,0.3234,0.5404,0.0646,本圈台阶完成,1,0.0000,0.150,0.330
4229.086,SEEK_CROSSWALK,21.019,0,2.834,0.0000,0.0000,vision,2.834,tracking,0.1050,0.5600,1,line_hard_turn_centering,-0.8651,-0.8615,-0.8970,-0.8970,0.3751,2,0.0355,0.0000,0.0355,-0.8852,0.5600,IDLE,1,0,step_done_latches_cleared,0,0,0.000,0,nan,nan,nan,0.0000,0,5,0.6050,0.5404,0.3234,0.5404,0.0646,本圈台阶完成,1,0.0000,0.150,0.330
4229.216,SEEK_CROSSWALK,21.148,0,2.834,0.0000,0.0000,vision,2.834,tracking,0.1050,0.5600,1,line_hard_turn_centering,-0.9016,-0.8997,-0.9188,-0.9188,0.4210,2,0.0192,0.0000,0.0192,-0.9124,0.5600,IDLE,1,0,step_done_latches_cleared,0,0,0.000,0,nan,nan,nan,0.0000,0,5,0.6050,0.5404,0.3234,0.5404,0.0646,本圈台阶完成,1,0.0000,0.150,0.330
4229.320,SEEK_CROSSWALK,21.252,0,2.834,0.0000,0.0000,vision,2.834,tracking,0.1000,0.7000,1,line_curve_center_riding,-0.8773,-0.8762,-0.8952,-0.6661,0.7856,6,0.0190,0.2292,0.2101,-0.8125,0.7000,IDLE,1,0,step_done_latches_cleared,0,0,0.000,0,nan,nan,nan,0.0000,0,5,0.6050,0.5404,0.3234,0.5404,0.0646,本圈台阶完成,1,0.0000,0.150,0.330
4229.438,SEEK_CROSSWALK,21.370,0,2.834,0.0000,0.0000,vision,2.834,tracking,0.1000,0.7000,1,line_curve_center_riding,-0.8108,-0.8113,-0.8041,-0.5282,0.7793,6,0.0071,0.2760,0.2831,-0.7145,0.7000,IDLE,1,0,step_done_latches_cleared,0,0,0.000,0,nan,nan,nan,0.0000,0,5,0.6050,0.5404,0.3234,0.5404,0.0646,本圈台阶完成,1,0.0000,0.150,0.330
4229.568,SEEK_CROSSWALK,21.500,0,2.834,0.0000,0.0000,vision,2.834,tracking,0.1000,0.7000,1,line_curve_center_riding,-0.6767,-0.6774,-0.6662,-0.3160,0.7720,6,0.0111,0.3503,0.3614,-0.5532,0.7000,IDLE,1,0,step_done_latches_cleared,0,0,0.000,0,nan,nan,nan,0.0000,0,5,0.6050,0.5404,0.3234,0.5404,0.0646,本圈台阶完成,1,0.0000,0.150,0.330
4229.692,SEEK_CROSSWALK,21.625,0,2.834,0.0000,0.0000,vision,2.834,tracking,0.1000,0.7000,1,line_curve_center_riding,-0.5896,-0.5942,-0.5177,-0.1846,0.8672,7,0.0764,0.3331,0.4096,-0.4322,0.7000,IDLE,1,0,step_done_latches_cleared,0,0,0.000,0,nan,nan,nan,0.0000,0,5,0.6050,0.5404,0.3234,0.5404,0.0646,本圈台阶完成,1,0.0000,0.150,0.330
4229.815,SEEK_CROSSWALK,21.748,0,2.834,0.0000,0.0000,vision,2.834,tracking,0.1000,0.5883,1,line_curve_center_riding,-0.4346,-0.4398,-0.3530,0.0137,0.8629,7,0.0868,0.3667,0.4536,-0.2597,0.5883,IDLE,1,0,step_done_latches_cleared,0,0,0.000,0,nan,nan,nan,0.0000,0,5,0.6050,0.5404,0.3234,0.5404,0.0646,本圈台阶完成,1,0.0000,0.150,0.330
4229.939,SEEK_CROSSWALK,21.872,0,2.834,0.0000,0.0000,vision,2.834,tracking,0.1361,0.4429,1,line_curve_center_riding,-0.2842,-0.2902,-0.1899,-0.0302,0.7907,6,0.1003,0.1598,0.2600,-0.1701,0.4429,IDLE,1,0,step_done_latches_cleared,0,0,0.000,0,nan,nan,nan,0.0000,0,5,0.6050,0.5404,0.3234,0.5404,0.0646,本圈台阶完成,1,0.0000,0.150,0.330
4230.050,SEEK_CROSSWALK,21.983,0,2.834,0.0000,0.0000,vision,2.834,tracking,0.1689,0.3154,1,line_curve_center_riding,-0.1819,-0.1891,-0.0701,0.1030,0.7873,6,0.1190,0.1731,0.2921,-0.0520,0.3154,IDLE,1,0,step_done_latches_cleared,0,0,0.000,0,nan,nan,nan,0.0000,0,5,0.6050,0.5404,0.3234,0.5404,0.0646,本圈台阶完成,1,0.0000,0.150,0.330
4230.182,SEEK_CROSSWALK,22.114,0,2.834,0.0000,0.0000,vision,2.834,tracking,0.1700,0.2040,1,line_curve_center_riding,-0.0862,-0.0943,0.0411,0.2274,0.7841,6,0.1354,0.1863,0.3217,0.0581,0.2040,IDLE,1,0,step_done_latches_cleared,0,0,0.000,0,nan,nan,nan,0.0000,0,5,0.6050,0.5404,0.3234,0.5404,0.0646,本圈台阶完成,1,0.0000,0.150,0.330
4230.301,SEEK_CROSSWALK,22.234,0,2.834,0.0000,0.0000,vision,2.834,tracking,0.1700,0.1073,1,line_curve_center_riding,-0.0140,-0.0224,0.1185,0.3206,0.7816,6,0.1409,0.2021,0.3430,0.1389,0.1073,IDLE,1,0,step_done_latches_cleared,0,0,0.000,0,nan,nan,nan,0.0000,0,5,0.6050,0.5404,0.3234,0.5404,0.0646,本圈台阶完成,1,0.0000,0.150,0.330
4230.419,SEEK_CROSSWALK,22.351,0,2.834,0.0000,0.0000,vision,2.834,tracking,0.1450,0.0426,1,line_curve_center_riding,0.0203,0.0105,0.1737,0.7128,0.8381,7,0.1631,0.5391,0.7023,0.2990,0.0426,IDLE,1,0,step_done_latches_cleared,0,0,0.000,0,nan,nan,nan,0.0000,0,5,0.6050,0.5404,0.3234,0.5404,0.0646,本圈台阶完成,1,0.0000,0.150,0.330
4230.528,SEEK_CROSSWALK,22.460,0,2.834,0.0000,0.0000,vision,2.834,tracking,0.1450,-0.0022,1,line_curve_center_riding,0.0428,0.0327,0.2005,0.7392,0.8375,7,0.1678,0.5387,0.7065,0.3241,-0.0022,IDLE,1,0,step_done_latches_cleared,0,0,0.000,0,nan,nan,nan,0.0000,0,5,0.6050,0.5404,0.3234,0.5404,0.0646,本圈台阶完成,1,0.0000,0.150,0.330
4230.644,SEEK_CROSSWALK,22.576,0,2.834,0.0000,0.0000,vision,2.834,tracking,0.1450,-0.0325,1,line_curve_center_riding,0.0586,0.0489,0.2107,0.7166,0.8419,7,0.1618,0.5059,0.6677,0.3254,-0.0325,IDLE,1,0,step_done_latches_cleared,0,0,0.000,0,nan,nan,nan,0.0000,0,5,0.6050,0.5404,0.3234,0.5404,0.0646,本圈台阶完成,1,0.0000,0.150,0.330
4230.754,SEEK_CROSSWALK,22.687,0,2.834,0.0000,0.0000,vision,2.834,tracking,0.1450,-0.0521,1,line_curve_center_riding,0.0665,0.0567,0.2198,0.7333,0.8406,7,0.1631,0.5135,0.6766,0.3366,-0.0521,IDLE,1,0,step_done_latches_cleared,0,0,0.000,0,nan,nan,nan,0.0000,0,5,0.6050,0.5404,0.3234,0.5404,0.0646,本圈台阶完成,1,0.0000,0.150,0.330
4230.862,SEEK_CROSSWALK,22.794,0,2.834,0.0000,0.0000,vision,2.834,tracking,0.1450,-0.0608,1,line_curve_center_riding,0.0652,0.0549,0.2253,0.7437,0.8403,7,0.1704,0.5184,0.6887,0.3413,-0.0608,IDLE,1,0,step_done_latches_cleared,0,0,0.000,0,nan,nan,nan,0.0000,0,5,0.6050,0.5404,0.3234,0.5404,0.0646,本圈台阶完成,1,0.0000,0.150,0.330
4230.977,SEEK_CROSSWALK,22.909,0,2.834,0.0000,0.0000,vision,2.834,tracking,0.1450,-0.0655,1,line_curve_center_riding,0.0654,0.0548,0.2307,0.7400,0.8411,7,0.1759,0.5093,0.6852,0.3419,-0.0655,IDLE,1,0,step_done_latches_cleared,0,0,0.000,0,nan,nan,nan,0.0000,0,5,0.6050,0.5404,0.3234,0.5404,0.0646,本圈台阶完成,1,0.0000,0.150,0.330
4231.093,SEEK_CROSSWALK,23.026,0,2.834,0.0000,0.0000,vision,2.834,tracking,0.1450,-0.0654,1,line_curve_center_riding,0.0611,0.0500,0.2357,0.7464,0.8394,7,0.1857,0.5107,0.6964,0.3440,-0.0654,IDLE,1,0,step_done_latches_cleared,0,0,0.000,0,nan,nan,nan,0.0000,0,5,0.6050,0.5404,0.3234,0.5404,0.0646,本圈台阶完成,1,0.0000,0.150,0.330
4231.218,SEEK_CROSSWALK,23.151,0,2.834,0.0000,0.0000,vision,2.834,tracking,0.1450,-0.0607,1,line_curve_center_riding,0.0527,0.0403,0.2458,0.8091,0.8307,7,0.2055,0.5632,0.7687,0.3651,-0.0607,IDLE,1,0,step_done_latches_cleared,0,0,0.000,0,nan,nan,nan,0.0000,0,5,0.6050,0.5404,0.3234,0.5404,0.0646,本圈台阶完成,1,0.0000,0.150,0.330
4231.325,SEEK_CROSSWALK,23.258,0,2.834,0.0000,0.0000,vision,2.834,tracking,0.1450,-0.0608,1,line_curve_center_riding,0.0559,0.0436,0.2493,0.4782,0.7698,6,0.2057,0.2290,0.4346,0.2570,-0.0608,IDLE,1,0,step_done_latches_cleared,0,0,0.000,0,nan,nan,nan,0.0000,0,5,0.6050,0.5404,0.3234,0.5404,0.0646,本圈台阶完成,1,0.0000,0.150,0.330
4231.443,SEEK_CROSSWALK,23.376,0,2.834,0.0000,0.0000,vision,2.834,tracking,0.1450,-0.0588,1,line_curve_center_riding,0.0528,0.0393,0.2651,0.5147,0.7647,6,0.2258,0.2496,0.4755,0.2730,-0.0588,IDLE,1,0,step_done_latches_cleared,0,0,0.000,0,nan,nan,nan,0.0000,0,5,0.6050,0.5404,0.3234,0.5404,0.0646,本圈台阶完成,1,0.0000,0.150,0.330
4231.554,SEEK_CROSSWALK,23.487,0,2.834,0.0000,0.0000,vision,2.834,tracking,0.1450,-0.0588,1,line_curve_center_riding,0.0543,0.0396,0.2838,0.5520,0.7602,6,0.2442,0.2682,0.5124,0.2918,-0.0588,IDLE,1,0,step_done_latches_cleared,0,0,0.000,0,nan,nan,nan,0.0000,0,5,0.6050,0.5404,0.3234,0.5404,0.0646,本圈台阶完成,1,0.0000,0.150,0.330
4231.700,SEEK_CROSSWALK,23.633,0,2.834,0.0000,0.0000,vision,2.834,tracking,0.1450,-0.0632,1,line_curve_center_riding,0.0621,0.0455,0.3228,0.6309,0.7510,6,0.2773,0.3081,0.5854,0.3330,-0.0632,IDLE,1,0,step_done_latches_cleared,0,0,0.000,0,nan,nan,nan,0.0000,0,5,0.6050,0.5404,0.3234,0.5404,0.0646,本圈台阶完成,1,0.0000,0.150,0.330
4231.820,SEEK_CROSSWALK,23.752,0,2.834,0.0000,0.0000,vision,2.834,tracking,0.1450,-0.0708,1,line_curve_center_riding,0.0717,0.0531,0.3629,0.7165,0.7414,6,0.3098,0.3536,0.6634,0.3775,-0.0708,IDLE,1,0,step_done_latches_cleared,0,0,0.000,0,nan,nan,nan,0.0000,0,5,0.6050,0.5404,0.3234,0.5404,0.0646,本圈台阶完成,1,0.0000,0.150,0.330
4231.962,SEEK_CROSSWALK,23.895,0,2.834,0.0000,0.0000,vision,2.834,tracking,0.1450,-0.0891,1,line_curve_center_riding,0.0980,0.0769,0.4282,0.7841,0.7338,6,0.3512,0.3559,0.7071,0.4297,-0.0891,IDLE,1,0,step_done_latches_cleared,0,0,0.000,0,nan,nan,nan,0.0000,0,5,0.6050,0.5404,0.3234,0.5404,0.0646,本圈台阶完成,1,0.0000,0.150,0.330
4232.099,SEEK_CROSSWALK,24.031,0,2.834,0.0000,0.0000,vision,2.834,tracking,0.1450,-0.1155,1,line_curve_center_riding,0.1294,0.1063,0.4917,0.8623,0.7272,6,0.3854,0.3706,0.7560,0.4868,-0.1155,IDLE,1,0,step_done_latches_cleared,0,0,0.000,0,nan,nan,nan,0.0000,0,5,0.6050,0.5404,0.3234,0.5404,0.0646,本圈台阶完成,1,0.0000,0.150,0.330
4232.218,SEEK_CROSSWALK,24.151,0,2.834,0.0000,0.0000,vision,2.834,tracking,0.1450,-0.1482,1,line_curve_center_riding,0.1647,0.1400,0.5511,0.6436,0.6538,5,0.4111,0.0925,0.5036,0.4449,-0.1482,IDLE,1,0,step_done_latches_cleared,0,0,0.000,0,nan,nan,nan,0.0000,0,5,0.6050,0.5404,0.3234,0.5404,0.0646,本圈台阶完成,1,0.0000,0.150,0.330
4232.347,SEEK_CROSSWALK,24.280,0,2.834,0.0000,0.0000,vision,2.834,tracking,0.1450,-0.1857,1,line_curve_center_riding,0.2047,0.1759,0.6563,0.7583,0.6406,5,0.4805,0.1019,0.5824,0.5302,-0.1857,IDLE,1,0,step_done_latches_cleared,0,0,0.000,0,nan,nan,nan,0.0000,0,5,0.6050,0.5404,0.3234,0.5404,0.0646,本圈台阶完成,1,0.0000,0.150,0.330
4232.483,SEEK_CROSSWALK,24.416,0,2.834,0.0000,0.0000,vision,2.834,tracking,0.1450,-0.2274,1,line_curve_center_riding,0.2475,0.2167,0.7299,0.8298,0.6328,5,0.5133,0.0999,0.6132,0.5921,-0.2274,IDLE,1,0,step_done_latches_cleared,0,0,0.000,0,nan,nan,nan,0.0000,0,5,0.6050,0.5404,0.3234,0.5404,0.0646,本圈台阶完成,1,0.0000,0.150,0.330
4232.601,SEEK_CROSSWALK,24.534,0,2.834,0.0000,0.0000,vision,2.834,tracking,0.1450,-0.2662,1,line_curve_center_riding,0.2801,0.2576,0.6316,0.6316,0.5587,4,0.3740,0.0000,0.3740,0.5070,-0.2662,IDLE,1,0,step_done_latches_cleared,0,0,0.000,0,nan,nan,nan,0.0000,0,5,0.6050,0.5404,0.3234,0.5404,0.0646,本圈台阶完成,1,0.0000,0.150,0.330
4232.724,SEEK_CROSSWALK,24.656,0,2.834,0.0000,0.0000,vision,2.834,tracking,0.1450,-0.2963,1,line_curve_center_riding,0.3017,0.2763,0.6996,0.6996,0.5492,4,0.4233,0.0000,0.4233,0.5585,-0.2963,IDLE,1,0,step_done_latches_cleared,0,0,0.000,0,nan,nan,nan,0.0000,0,5,0.6050,0.5404,0.3234,0.5404,0.0646,本圈台阶完成,1,0.0000,0.150,0.330
4232.841,SEEK_CROSSWALK,24.774,0,2.834,0.0000,0.0000,vision,2.834,tracking,0.1450,-0.3237,1,line_curve_center_riding,0.3239,0.2965,0.7535,0.7535,0.5410,4,0.4570,0.0000,0.4570,0.6012,-0.3237,IDLE,1,0,step_done_latches_cleared,0,0,0.000,0,nan,nan,nan,0.0000,0,5,0.6050,0.5404,0.3234,0.5404,0.0646,本圈台阶完成,1,0.0000,0.150,0.330
4232.989,SEEK_CROSSWALK,24.921,0,2.834,0.0000,0.0000,vision,2.834,tracking,0.1450,-0.3446,1,line_curve_center_riding,0.3391,0.3114,0.7727,0.7727,0.5371,4,0.4613,0.0000,0.4613,0.6190,-0.3446,IDLE,1,0,step_done_latches_cleared,0,0,0.000,0,nan,nan,nan,0.0000,0,5,0.6050,0.5404,0.3234,0.5404,0.0646,本圈台阶完成,1,0.0000,0.150,0.330
4233.115,SEEK_CROSSWALK,25.048,0,2.834,0.0000,0.0000,vision,2.834,tracking,0.1450,-0.3624,1,line_curve_center_riding,0.3514,0.3229,0.7964,0.7964,0.5333,4,0.4735,0.0000,0.4735,0.6386,-0.3624,IDLE,1,0,step_done_latches_cleared,0,0,0.000,0,nan,nan,nan,0.0000,0,5,0.6050,0.5404,0.3234,0.5404,0.0646,本圈台阶完成,1,0.0000,0.150,0.330
4233.261,SEEK_CROSSWALK,25.193,0,2.834,0.0000,0.0000,vision,2.834,tracking,0.1450,-0.3695,1,line_curve_center_riding,0.3498,0.3205,0.8090,0.8090,0.5314,4,0.4885,0.0000,0.4885,0.6461,-0.3695,IDLE,1,0,step_done_latches_cleared,0,0,0.000,0,nan,nan,nan,0.0000,0,5,0.6050,0.5404,0.3234,0.5404,0.0646,本圈台阶完成,1,0.0000,0.150,0.330
4233.398,SEEK_CROSSWALK,25.330,0,2.834,0.0000,0.0000,vision,2.834,tracking,0.1450,-0.3715,1,line_curve_center_riding,0.3464,0.3169,0.8093,0.8093,0.5289,4,0.4924,0.0000,0.4924,0.6451,-0.3715,IDLE,1,0,step_done_latches_cleared,0,0,0.000,0,nan,nan,nan,0.0000,0,5,0.6050,0.5404,0.3234,0.5404,0.0646,本圈台阶完成,1,0.0000,0.150,0.330
4233.514,SEEK_CROSSWALK,25.447,0,2.834,0.0000,0.0000,vision,2.834,tracking,0.1450,-0.3666,1,line_curve_center_riding,0.3359,0.3060,0.8045,0.8045,0.5264,4,0.4985,0.0000,0.4985,0.6383,-0.3666,IDLE,1,0,step_done_latches_cleared,0,0,0.000,0,nan,nan,nan,0.0000,0,5,0.6050,0.5404,0.3234,0.5404,0.0646,本圈台阶完成,1,0.0000,0.150,0.330
4233.652,SEEK_CROSSWALK,25.584,0,2.834,0.0000,0.0000,vision,2.834,tracking,0.1450,-0.3588,1,line_curve_center_riding,0.3256,0.2946,0.8107,0.8107,0.5212,4,0.5161,0.0000,0.5161,0.6387,-0.3588,IDLE,1,0,step_done_latches_cleared,0,0,0.000,0,nan,nan,nan,0.0000,0,5,0.6050,0.5404,0.3234,0.5404,0.0646,本圈台阶完成,1,0.0000,0.150,0.330
4233.782,SEEK_CROSSWALK,25.715,0,2.834,0.0000,0.0000,vision,2.834,tracking,0.1450,-0.3459,1,line_curve_center_riding,0.3095,0.2777,0.8072,0.8072,0.5196,4,0.5295,0.0000,0.5295,0.6307,-0.3459,IDLE,1,0,step_done_latches_cleared,0,0,0.000,0,nan,nan,nan,0.0000,0,5,0.6050,0.5404,0.3234,0.5404,0.0646,本圈台阶完成,1,0.0000,0.150,0.330
4233.903,SEEK_CROSSWALK,25.835,0,2.834,0.0000,0.0000,vision,2.834,tracking,0.1450,-0.3256,1,line_curve_center_riding,0.2847,0.2521,0.7967,0.7967,0.5177,4,0.5447,0.0000,0.5447,0.6152,-0.3256,IDLE,1,0,step_done_latches_cleared,0,0,0.000,0,nan,nan,nan,0.0000,0,5,0.6050,0.5404,0.3234,0.5404,0.0646,本圈台阶完成,1,0.0000,0.150,0.330
4234.042,SEEK_CROSSWALK,25.975,0,2.834,0.0000,0.0000,vision,2.834,tracking,0.1450,-0.3034,1,line_curve_center_riding,0.2610,0.2279,0.7798,0.7798,0.5163,4,0.5519,0.0000,0.5519,0.5958,-0.3034,IDLE,1,0,step_done_latches_cleared,0,0,0.000,0,nan,nan,nan,0.0000,0,5,0.6050,0.5404,0.3234,0.5404,0.0646,本圈台阶完成,1,0.0000,0.150,0.330
4234.171,SEEK_CROSSWALK,26.103,0,2.834,0.0000,0.0000,vision,2.834,tracking,0.1450,-0.2800,1,line_curve_center_riding,0.2389,0.2054,0.7639,0.7639,0.5145,4,0.5584,0.0000,0.5584,0.5777,-0.2800,IDLE,1,0,step_done_latches_cleared,0,0,0.000,0,nan,nan,nan,0.0000,0,5,0.6050,0.5404,0.3234,0.5404,0.0646,本圈台阶完成,1,0.0000,0.150,0.330
4234.287,SEEK_CROSSWALK,26.220,0,2.834,0.0000,0.0000,vision,2.834,tracking,0.1450,-0.2605,1,line_curve_center_riding,0.2241,0.1897,0.7628,0.7628,0.5105,4,0.5731,0.0000,0.5731,0.5718,-0.2605,IDLE,1,0,step_done_latches_cleared,0,0,0.000,0,nan,nan,nan,0.0000,0,5,0.6050,0.5404,0.3234,0.5404,0.0646,本圈台阶完成,1,0.0000,0.150,0.330
4234.409,SEEK_CROSSWALK,26.341,0,2.834,0.0000,0.0000,vision,2.834,tracking,0.1450,-0.2423,1,line_curve_center_riding,0.2081,0.1731,0.7553,0.7553,0.5081,4,0.5821,0.0000,0.5821,0.5612,-0.2423,IDLE,1,0,step_done_latches_cleared,0,0,0.000,0,nan,nan,nan,0.0000,0,5,0.6050,0.5404,0.3234,0.5404,0.0646,本圈台阶完成,1,0.0000,0.150,0.330
4234.579,SEEK_CROSSWALK,26.511,0,2.834,0.0000,0.0000,vision,2.834,tracking,0.1450,-0.2253,1,line_curve_center_riding,0.1925,0.1566,0.7536,0.7536,0.5055,4,0.5970,0.0000,0.5970,0.5546,-0.2253,IDLE,1,0,step_done_latches_cleared,0,0,0.000,0,nan,nan,nan,0.0000,0,5,0.6050,0.5404,0.3234,0.5404,0.0646,本圈台阶完成,1,0.0000,0.150,0.330
4234.697,SEEK_CROSSWALK,26.630,0,2.834,0.0000,0.0000,vision,2.834,tracking,0.1450,-0.2084,1,line_curve_center_riding,0.1788,0.1426,0.7459,0.7459,0.5055,4,0.6033,0.0000,0.6033,0.5448,-0.2084,IDLE,1,0,step_done_latches_cleared,0,0,0.000,0,nan,nan,nan,0.0000,0,5,0.6050,0.5404,0.3234,0.5404,0.0646,本圈台阶完成,1,0.0000,0.150,0.330
4234.827,SEEK_CROSSWALK,26.759,0,2.834,0.0000,0.0000,vision,2.834,tracking,0.1700,-0.1963,1,line_curve_center_riding,0.1705,0.1575,0.3748,0.3748,0.4573,3,0.2174,0.0000,0.2174,0.3024,-0.1963,IDLE,1,0,step_done_latches_cleared,0,0,0.000,0,nan,nan,nan,0.0000,0,5,0.6050,0.5404,0.3234,0.5404,0.0646,本圈台阶完成,1,0.0000,0.150,0.330
4234.943,SEEK_CROSSWALK,26.876,0,2.834,0.0000,0.0000,vision,2.834,tracking,0.1700,-0.1828,1,line_curve_center_riding,0.1577,0.1447,0.3603,0.3603,0.4579,3,0.2156,0.0000,0.2156,0.2885,-0.1828,IDLE,1,0,step_done_latches_cleared,0,0,0.000,0,nan,nan,nan,0.0000,0,5,0.6050,0.5404,0.3234,0.5404,0.0646,本圈台阶完成,1,0.0000,0.150,0.330
4235.050,SEEK_CROSSWALK,26.983,0,2.834,0.0000,0.0000,vision,2.834,tracking,0.1700,-0.1688,1,line_curve_center_riding,0.1444,0.1316,0.3450,0.3450,0.4587,3,0.2133,0.0000,0.2133,0.2739,-0.1688,IDLE,1,0,step_done_latches_cleared,0,0,0.000,0,nan,nan,nan,0.0000,0,5,0.6050,0.5404,0.3234,0.5404,0.0646,本圈台阶完成,1,0.0000,0.150,0.330
4235.166,SEEK_CROSSWALK,27.099,0,2.834,0.0000,0.0000,vision,2.834,tracking,0.1700,-0.1572,1,line_curve_center_riding,0.1351,0.1225,0.3318,0.3318,0.4597,3,0.2093,0.0000,0.2093,0.2621,-0.1572,IDLE,1,0,step_done_latches_cleared,0,0,0.000,0,nan,nan,nan,0.0000,0,5,0.6050,0.5404,0.3234,0.5404,0.0646,本圈台阶完成,1,0.0000,0.150,0.330
4235.275,SEEK_CROSSWALK,27.208,0,2.834,0.0000,0.0000,vision,2.834,tracking,0.1700,-0.1388,1,line_curve_center_riding,0.1136,0.1012,0.3070,0.3070,0.4607,3,0.2058,0.0000,0.2058,0.2384,-0.1388,IDLE,1,0,step_done_latches_cleared,0,0,0.000,0,nan,nan,nan,0.0000,0,5,0.6050,0.5404,0.3234,0.5404,0.0646,本圈台阶完成,1,0.0000,0.150,0.330
4235.382,SEEK_CROSSWALK,27.314,0,2.834,0.0000,0.0000,vision,2.834,tracking,0.1700,-0.1206,1,line_curve_center_riding,0.0961,0.0841,0.2845,0.2845,0.4624,3,0.2004,0.0000,0.2004,0.2177,-0.1206,IDLE,1,0,step_done_latches_cleared,0,0,0.000,0,nan,nan,nan,0.0000,0,5,0.6050,0.5404,0.3234,0.5404,0.0646,本圈台阶完成,1,0.0000,0.150,0.330
4235.488,SEEK_CROSSWALK,27.421,0,2.834,0.0000,0.0000,vision,2.834,tracking,0.1700,-0.1052,1,line_curve_center_riding,0.0839,0.0719,0.2722,0.2722,0.4620,3,0.2003,0.0000,0.2003,0.2054,-0.1052,IDLE,1,0,step_done_latches_cleared,0,0,0.000,0,nan,nan,nan,0.0000,0,5,0.6050,0.5404,0.3234,0.5404,0.0646,本圈台阶完成,1,0.0000,0.150,0.330
4235.592,SEEK_CROSSWALK,27.525,0,2.834,0.0000,0.0000,vision,2.834,tracking,0.1700,-0.0922,1,line_curve_center_riding,0.0739,0.0619,0.2622,0.2622,0.4619,3,0.2003,0.0000,0.2003,0.1954,-0.0922,IDLE,1,0,step_done_latches_cleared,0,0,0.000,0,nan,nan,nan,0.0000,0,5,0.6050,0.5404,0.3234,0.5404,0.0646,本圈台阶完成,1,0.0000,0.150,0.330
4235.699,SEEK_CROSSWALK,27.631,0,2.834,0.0000,0.0000,vision,2.834,tracking,0.1700,-0.0829,1,line_curve_center_riding,0.0683,0.0562,0.2576,0.2576,0.4612,3,0.2014,0.0000,0.2014,0.1904,-0.0829,IDLE,1,0,step_done_latches_cleared,0,0,0.000,0,nan,nan,nan,0.0000,0,5,0.6050,0.5404,0.3234,0.5404,0.0646,本圈台阶完成,1,0.0000,0.150,0.330
4235.806,SEEK_CROSSWALK,27.739,0,2.834,0.0000,0.0000,vision,2.834,tracking,0.1700,-0.0794,1,line_curve_center_riding,0.0698,0.0579,0.2565,0.2565,0.4625,3,0.1986,0.0000,0.1986,0.1903,-0.0794,IDLE,1,0,step_done_latches_cleared,0,0,0.000,0,nan,nan,nan,0.0000,0,5,0.6050,0.5404,0.3234,0.5404,0.0646,本圈台阶完成,1,0.0000,0.150,0.330
4235.915,SEEK_CROSSWALK,27.847,0,2.834,0.0000,0.0000,vision,2.834,tracking,0.1700,-0.0817,1,line_curve_center_riding,0.0768,0.0650,0.2612,0.2612,0.4636,3,0.1961,0.0000,0.1961,0.1958,-0.0817,IDLE,1,0,step_done_latches_cleared,0,0,0.000,0,nan,nan,nan,0.0000,0,5,0.6050,0.5404,0.3234,0.5404,0.0646,本圈台阶完成,1,0.0000,0.150,0.330
4236.023,SEEK_CROSSWALK,27.956,0,2.834,0.0000,0.0000,vision,2.834,tracking,0.1700,-0.0948,1,line_curve_center_riding,0.0977,0.0853,0.2915,0.2915,0.4592,3,0.2061,0.0000,0.2061,0.2227,-0.0948,IDLE,1,0,step_done_latches_cleared,0,0,0.000,0,nan,nan,nan,0.0000,0,5,0.6050,0.5404,0.3234,0.5404,0.0646,本圈台阶完成,1,0.0000,0.150,0.330
4236.138,SEEK_CROSSWALK,28.070,0,2.834,0.0000,0.0000,vision,2.834,tracking,0.1700,-0.1136,1,line_curve_center_riding,0.1208,0.1074,0.3298,0.3298,0.4529,3,0.2224,0.0000,0.2224,0.2557,-0.1136,IDLE,1,0,step_done_latches_cleared,0,0,0.000,0,nan,nan,nan,0.0000,0,5,0.6050,0.5404,0.3234,0.5404,0.0646,本圈台阶完成,1,0.0000,0.150,0.330
4236.248,SEEK_CROSSWALK,28.180,0,2.834,0.0000,0.0000,vision,2.834,tracking,0.1405,-0.1316,1,line_curve_center_riding,0.1373,0.0989,0.7394,0.7394,0.4965,4,0.6404,0.0000,0.6404,0.5259,-0.1316,IDLE,1,0,step_done_latches_cleared,0,0,0.000,0,nan,nan,nan,0.0000,0,5,0.6050,0.5404,0.3234,0.5404,0.0646,本圈台阶完成,1,0.0000,0.150,0.330
4236.361,SEEK_CROSSWALK,28.294,0,2.834,0.0000,0.0000,vision,2.834,tracking,0.1426,-0.1617,1,line_curve_center_riding,0.1745,0.1369,0.7647,0.7647,0.4974,4,0.6278,0.0000,0.6278,0.5554,-0.1617,IDLE,1,0,step_done_latches_cleared,0,0,0.000,0,nan,nan,nan,0.0000,0,5,0.6050,0.5404,0.3234,0.5404,0.0646,本圈台阶完成,1,0.0000,0.150,0.330
4236.465,SEEK_CROSSWALK,28.398,0,2.834,0.0000,0.0000,vision,2.834,tracking,0.1421,-0.1909,1,line_curve_center_riding,0.2014,0.1635,0.7947,0.7947,0.4956,4,0.6312,0.0000,0.6312,0.5843,-0.1909,IDLE,1,0,step_done_latches_cleared,0,0,0.000,0,nan,nan,nan,0.0000,0,5,0.6050,0.5404,0.3234,0.5404,0.0646,本圈台阶完成,1,0.0000,0.150,0.330
4236.579,SEEK_CROSSWALK,28.511,0,2.834,0.0000,0.0000,vision,2.834,tracking,0.1375,-0.2202,1,line_curve_center_riding,0.2294,0.1900,0.8476,0.8476,0.4886,4,0.6576,0.0000,0.6576,0.6284,-0.2202,IDLE,1,0,step_done_latches_cleared,0,0,0.000,0,nan,nan,nan,0.0000,0,5,0.6050,0.5404,0.3234,0.5404,0.0646,本圈台阶完成,1,0.0000,0.150,0.330
4236.688,SEEK_CROSSWALK,28.620,0,2.834,0.0000,0.0000,vision,2.834,tracking,0.1791,-0.2561,1,line_center_tracking,0.2672,0.2554,0.2974,0.2974,0.3570,2,0.0420,0.0000,0.0420,0.2834,-0.2561,IDLE,1,0,step_done_latches_cleared,0,0,0.000,0,nan,nan,nan,0.0000,0,5,0.6050,0.5404,0.3234,0.5404,0.0646,本圈台阶完成,1,0.0000,0.150,0.330
4236.798,SEEK_CROSSWALK,28.731,0,2.834,0.0000,0.0000,vision,2.834,tracking,0.1751,-0.2911,1,line_center_tracking,0.2999,0.2878,0.3311,0.3311,0.3531,2,0.0434,0.0000,0.0434,0.3167,-0.2911,IDLE,1,0,step_done_latches_cleared,0,0,0.000,0,nan,nan,nan,0.0000,0,5,0.6050,0.5404,0.3234,0.5404,0.0646,本圈台阶完成,1,0.0000,0.150,0.330
4236.900,SEEK_CROSSWALK,28.832,0,2.834,0.0000,0.0000,vision,2.834,tracking,0.1663,-0.3256,1,line_center_tracking,0.3306,0.3190,0.3605,0.3605,0.3583,2,0.0415,0.0000,0.0415,0.3466,-0.3256,IDLE,1,0,step_done_latches_cleared,0,0,0.000,0,nan,nan,nan,0.0000,0,5,0.6050,0.5404,0.3234,0.5404,0.0646,本圈台阶完成,1,0.0000,0.150,0.330
4237.021,SEEK_CROSSWALK,28.954,0,2.834,0.0000,0.0000,vision,2.834,tracking,0.1450,-0.3856,1,line_curve_center_riding,0.4075,0.3893,0.6926,0.6926,0.4129,3,0.3033,0.0000,0.3033,0.5915,-0.3856,IDLE,1,0,step_done_latches_cleared,0,0,0.000,0,nan,nan,nan,0.0000,0,5,0.6050,0.5404,0.3234,0.5404,0.0646,本圈台阶完成,1,0.0000,0.150,0.330
4237.132,SEEK_CROSSWALK,29.064,0,2.834,0.0000,0.0000,vision,2.834,tracking,0.1365,-0.4416,1,line_curve_center_riding,0.4569,0.4372,0.7642,0.7642,0.3986,3,0.3269,0.0000,0.3269,0.6552,-0.4416,IDLE,1,0,step_done_latches_cleared,0,0,0.000,0,nan,nan,nan,0.0000,0,5,0.6050,0.5404,0.3234,0.5404,0.0646,本圈台阶完成,1,0.0000,0.150,0.330
4237.239,SEEK_CROSSWALK,29.171,0,2.834,0.0000,0.0000,vision,2.834,tracking,0.1248,-0.4867,1,line_curve_center_riding,0.4905,0.4711,0.7946,0.7946,0.3992,3,0.3235,0.0000,0.3235,0.6867,-0.4867,IDLE,1,0,step_done_latches_cleared,0,0,0.000,0,nan,nan,nan,0.0000,0,5,0.6050,0.5404,0.3234,0.5404,0.0646,本圈台阶完成,1,0.0000,0.150,0.330
4237.350,SEEK_CROSSWALK,29.282,0,2.834,0.0000,0.0000,vision,2.834,tracking,0.1143,-0.5277,1,line_curve_center_riding,0.5248,0.5059,0.8207,0.8207,0.4032,3,0.3149,0.0000,0.3149,0.7158,-0.5277,IDLE,1,0,step_done_latches_cleared,0,0,0.000,0,nan,nan,nan,0.0000,0,5,0.6050,0.5404,0.3234,0.5404,0.0646,本圈台阶完成,1,0.0000,0.150,0.330
4237.458,SEEK_CROSSWALK,29.390,0,2.834,0.0000,0.0000,vision,2.834,line_bridge_loss,0.0732,-0.2575,0,line_too_few_bands,0.0000,0.0000,0.0000,0.0000,0.0000,1,0.0000,0.0000,0.0000,0.0000,-0.2575,IDLE,1,0,step_done_latches_cleared,0,0,0.000,0,nan,nan,nan,0.0000,0,5,0.6050,0.5404,0.3234,0.5404,0.0646,本圈台阶完成,1,0.0000,0.150,0.330
4237.560,SEEK_CROSSWALK,29.493,0,2.834,0.0000,0.0000,vision,2.834,line_bridge_loss,0.0350,-0.2111,0,line_too_few_bands,0.0000,0.0000,0.0000,0.0000,0.0000,1,0.0000,0.0000,0.0000,0.0000,-0.2111,IDLE,1,0,step_done_latches_cleared,0,0,0.000,0,nan,nan,nan,0.0000,0,5,0.6050,0.5404,0.3234,0.5404,0.0646,本圈台阶完成,1,0.0000,0.150,0.330
4237.676,SEEK_CROSSWALK,29.608,0,2.834,0.0000,0.0000,vision,2.834,tracking,0.0790,-0.5003,1,line_hard_turn_centering,0.6543,0.6487,0.7048,0.7048,0.3172,2,0.0561,0.0000,0.0561,0.6861,-0.5003,IDLE,1,0,step_done_latches_cleared,0,0,0.000,0,nan,nan,nan,0.0000,0,5,0.6050,0.5404,0.3234,0.5404,0.0646,本圈台阶完成,1,0.0000,0.150,0.330
4237.782,SEEK_CROSSWALK,29.714,0,2.834,0.0000,0.0000,vision,2.834,tracking,0.1050,-0.5600,1,line_hard_turn_centering,0.7436,0.7383,0.7912,0.7912,0.3260,2,0.0530,0.0000,0.0530,0.7736,-0.5600,IDLE,1,0,step_done_latches_cleared,0,0,0.000,0,nan,nan,nan,0.0000,0,5,0.6050,0.5404,0.3234,0.5404,0.0646,本圈台阶完成,1,0.0000,0.150,0.330
4237.910,SEEK_CROSSWALK,29.843,0,2.834,0.0000,0.0000,vision,2.834,tracking,0.1050,-0.5600,1,line_hard_turn_centering,0.8251,0.8211,0.8614,0.8614,0.3615,2,0.0404,0.0000,0.0404,0.8480,-0.5600,IDLE,1,0,step_done_latches_cleared,0,0,0.000,0,nan,nan,nan,0.0000,0,5,0.6050,0.5404,0.3234,0.5404,0.0646,本圈台阶完成,1,0.0000,0.150,0.330
4238.014,SEEK_CROSSWALK,29.946,0,2.834,0.0000,0.0000,vision,2.834,tracking,0.1050,-0.5600,1,line_hard_turn_centering,0.8289,0.8244,0.8696,0.8696,0.3480,2,0.0452,0.0000,0.0452,0.8545,-0.5600,IDLE,1,0,step_done_latches_cleared,0,0,0.000,0,nan,nan,nan,0.0000,0,5,0.6050,0.5404,0.3234,0.5404,0.0646,本圈台阶完成,1,0.0000,0.150,0.330
4238.125,SEEK_CROSSWALK,30.058,0,2.834,0.0000,0.0000,vision,2.834,tracking,0.1000,-0.7000,1,line_curve_center_riding,0.7719,0.7643,0.8923,0.8923,0.4856,3,0.1281,0.0000,0.1281,0.8496,-0.7000,IDLE,1,0,step_done_latches_cleared,0,0,0.000,0,nan,nan,nan,0.0000,0,5,0.6050,0.5404,0.3234,0.5404,0.0646,本圈台阶完成,1,0.0000,0.150,0.330
4238.268,SEEK_CROSSWALK,30.201,0,2.834,0.0000,0.0000,vision,2.834,tracking,0.1000,-0.7000,1,line_curve_center_riding,0.7239,0.7131,0.8920,0.6767,0.9379,8,0.1789,0.2153,0.0364,0.7606,-0.7000,IDLE,1,0,step_done_latches_cleared,0,0,0.000,0,nan,nan,nan,0.0000,0,5,0.6050,0.5404,0.3234,0.5404,0.0646,本圈台阶完成,1,0.0000,0.150,0.330
4238.399,SEEK_CROSSWALK,30.332,0,2.834,0.0000,0.0000,vision,2.834,tracking,0.1000,-0.7000,1,line_curve_center_riding,0.6153,0.6050,0.7773,0.5471,0.9355,8,0.1724,0.2302,0.0579,0.6431,-0.7000,IDLE,1,0,step_done_latches_cleared,0,0,0.000,0,nan,nan,nan,0.0000,0,5,0.6050,0.5404,0.3234,0.5404,0.0646,本圈台阶完成,1,0.0000,0.150,0.330
4238.520,SEEK_CROSSWALK,30.452,0,2.834,0.0000,0.0000,vision,2.834,tracking,0.1000,-0.6223,1,line_curve_center_riding,0.4852,0.4764,0.6225,0.3677,0.9352,8,0.1461,0.2548,0.1087,0.4889,-0.6223,IDLE,1,0,step_done_latches_cleared,0,0,0.000,0,nan,nan,nan,0.0000,0,5,0.6050,0.5404,0.3234,0.5404,0.0646,本圈台阶完成,1,0.0000,0.150,0.330
4238.634,SEEK_CROSSWALK,30.567,0,2.834,0.0000,0.0000,vision,2.834,tracking,0.1204,-0.5040,1,line_curve_center_riding,0.3662,0.3590,0.4781,0.2308,0.9358,8,0.1190,0.2472,0.1282,0.3560,-0.5040,IDLE,1,0,step_done_latches_cleared,0,0,0.000,0,nan,nan,nan,0.0000,0,5,0.6050,0.5404,0.3234,0.5404,0.0646,本圈台阶完成,1,0.0000,0.150,0.330
4238.787,SEEK_CROSSWALK,30.719,0,2.834,0.0000,0.0000,vision,2.834,tracking,0.1544,-0.3718,1,line_curve_center_riding,0.2230,0.2169,0.3195,0.0485,0.9375,8,0.1026,0.2710,0.1683,0.1950,-0.3718,IDLE,1,0,step_done_latches_cleared,0,0,0.000,0,nan,nan,nan,0.0000,0,5,0.6050,0.5404,0.3234,0.5404,0.0646,本圈台阶完成,1,0.0000,0.150,0.330
4238.905,SEEK_CROSSWALK,30.837,0,2.834,0.0000,0.0000,vision,2.834,tracking,0.1700,-0.2559,1,line_curve_center_riding,0.1371,0.1316,0.2234,-0.0559,0.9340,8,0.0918,0.2793,0.1874,0.0997,-0.2559,IDLE,1,0,step_done_latches_cleared,0,0,0.000,0,nan,nan,nan,0.0000,0,5,0.6050,0.5404,0.3234,0.5404,0.0646,本圈台阶完成,1,0.0000,0.150,0.330
4239.029,SEEK_CROSSWALK,30.962,0,2.834,0.0000,0.0000,vision,2.834,tracking,0.1700,-0.1436,1,line_curve_center_riding,0.0334,0.0272,0.1308,-0.1457,0.9361,8,0.1037,0.2766,0.1729,0.0041,-0.1436,IDLE,1,0,step_done_latches_cleared,0,0,0.000,0,nan,nan,nan,0.0000,0,5,0.6050,0.5404,0.3234,0.5404,0.0646,本圈台阶完成,1,0.0000,0.150,0.330
4239.127,SEEK_CROSSWALK,31.059,0,2.834,0.0000,0.0000,vision,2.834,tracking,0.1700,-0.0520,1,line_curve_center_riding,-0.0289,-0.0357,0.0790,-0.1940,0.9357,8,0.1147,0.2730,0.1583,-0.0503,-0.0520,IDLE,1,0,step_done_latches_cleared,0,0,0.000,0,nan,nan,nan,0.0000,0,5,0.6050,0.5404,0.3234,0.5404,0.0646,本圈台阶完成,1,0.0000,0.150,0.330
4239.268,SEEK_CROSSWALK,31.201,0,2.834,0.0000,0.0000,vision,2.834,tracking,0.1700,-0.0011,1,line_curve_center_riding,-0.0522,-0.0581,0.0409,-0.2117,0.9414,8,0.0991,0.2526,0.1536,-0.0763,-0.0011,IDLE,1,0,step_done_latches_cleared,0,0,0.000,0,nan,nan,nan,0.0000,0,5,0.6050,0.5404,0.3234,0.5404,0.0646,本圈台阶完成,1,0.0000,0.150,0.330
4239.460,SEEK_CROSSWALK,31.393,0,2.834,0.0000,0.0000,vision,2.834,tracking,0.1700,0.0361,1,line_curve_center_riding,-0.0709,-0.0768,0.0203,-0.2031,0.9473,8,0.0970,0.2233,0.1263,-0.0865,0.0361,IDLE,1,0,step_done_latches_cleared,0,0,0.000,0,nan,nan,nan,0.0000,0,5,0.6050,0.5404,0.3234,0.5404,0.0646,本圈台阶完成,1,0.0000,0.150,0.330
4239.618,SEEK_CROSSWALK,31.551,0,2.834,0.0000,0.0000,vision,2.834,tracking,0.1700,0.0525,1,line_curve_center_riding,-0.0649,-0.0701,0.0173,-0.2098,0.9475,8,0.0874,0.2271,0.1397,-0.0875,0.0525,IDLE,1,0,step_done_latches_cleared,0,0,0.000,0,nan,nan,nan,0.0000,0,5,0.6050,0.5404,0.3234,0.5404,0.0646,本圈台阶完成,1,0.0000,0.150,0.330
4239.753,SEEK_CROSSWALK,31.685,0,2.834,0.0000,0.0000,vision,2.834,tracking,0.1700,0.0496,1,line_curve_center_riding,-0.0452,-0.0490,0.0142,-0.1904,0.9536,8,0.0631,0.2046,0.1415,-0.0751,0.0496,IDLE,1,0,step_done_latches_cleared,0,0,0.000,0,nan,nan,nan,0.0000,0,5,0.6050,0.5404,0.3234,0.5404,0.0646,本圈台阶完成,1,0.0000,0.150,0.330
4239.925,SEEK_CROSSWALK,31.858,0,2.834,0.0000,0.0000,vision,2.834,tracking,0.1700,0.0275,1,line_curve_center_riding,-0.0070,-0.0094,0.0309,-0.2144,0.9493,8,0.0403,0.2452,0.2050,-0.0643,0.0275,IDLE,1,0,step_done_latches_cleared,0,0,0.000,0,nan,nan,nan,0.0000,0,5,0.6050,0.5404,0.3234,0.5404,0.0646,本圈台阶完成,1,0.0000,0.150,0.330
4240.065,SEEK_CROSSWALK,31.998,0,2.834,0.0000,0.0000,vision,2.834,tracking,0.1700,-0.0065,1,line_curve_center_riding,0.0347,0.0349,0.0311,-0.2303,0.8584,7,0.0038,0.2614,0.2652,-0.0548,-0.0065,IDLE,1,0,step_done_latches_cleared,0,0,0.000,0,nan,nan,nan,0.0000,0,5,0.6050,0.5404,0.3234,0.5404,0.0646,本圈台阶完成,1,0.0000,0.150,0.330
4240.191,SEEK_CROSSWALK,32.123,0,2.834,0.0000,0.0000,vision,2.834,tracking,0.1700,-0.0345,1,line_curve_center_riding,0.0567,0.0575,0.0438,-0.2769,0.9420,8,0.0138,0.3206,0.3344,-0.0585,-0.0345,IDLE,1,0,step_done_latches_cleared,0,0,0.000,0,nan,nan,nan,0.0000,0,5,0.6050,0.5404,0.3234,0.5404,0.0646,本圈台阶完成,1,0.0000,0.150,0.330
4240.323,SEEK_CROSSWALK,32.255,0,2.834,0.0000,0.0000,vision,2.834,tracking,0.2201,-0.0476,1,line_center_tracking,0.0573,0.0667,0.0334,0.0170,0.7214,5,0.0333,0.0164,0.0497,0.0390,-0.0476,IDLE,1,0,step_done_latches_cleared,0,0,0.000,0,nan,nan,nan,0.0000,0,5,0.6050,0.5404,0.3234,0.5404,0.0646,本圈台阶完成,1,0.0000,0.150,0.330
4240.481,SEEK_CROSSWALK,32.413,0,2.834,0.0000,0.0000,vision,2.834,tracking,0.1700,-0.0671,1,line_curve_center_riding,0.0796,0.0845,0.0025,-0.2848,0.8730,7,0.0820,0.2874,0.3693,-0.0659,-0.0671,IDLE,1,0,step_done_latches_cleared,0,0,0.000,0,nan,nan,nan,0.0000,0,5,0.6050,0.5404,0.3234,0.5404,0.0646,本圈台阶完成,1,0.0000,0.150,0.330
4240.632,SEEK_CROSSWALK,32.565,0,2.834,0.0000,0.0000,vision,2.834,tracking,0.1450,-0.0737,1,line_curve_center_riding,0.0753,0.0827,-0.0414,-0.4155,0.8605,7,0.1242,0.3740,0.4982,-0.1247,-0.0737,IDLE,1,0,step_done_latches_cleared,0,0,0.000,0,nan,nan,nan,0.0000,0,5,0.6050,0.5404,0.3234,0.5404,0.0646,本圈台阶完成,1,0.0000,0.150,0.330
4240.764,SEEK_CROSSWALK,32.696,0,2.834,0.0000,0.0000,vision,2.834,tracking,0.1450,-0.0695,1,line_curve_center_riding,0.0618,0.0717,-0.0937,-0.5496,0.8455,7,0.1654,0.4559,0.6213,-0.1905,-0.0695,IDLE,1,0,step_done_latches_cleared,0,0,0.000,0,nan,nan,nan,0.0000,0,5,0.6050,0.5404,0.3234,0.5404,0.0646,本圈台阶完成,1,0.0000,0.150,0.330
4240.879,SEEK_CROSSWALK,32.812,0,2.834,0.0000,0.0000,vision,2.834,tracking,0.1700,-0.0458,1,line_curve_center_riding,0.0241,0.0349,-0.1458,-0.3084,0.7809,6,0.1807,0.1626,0.3433,-0.1397,-0.0458,IDLE,1,0,step_done_latches_cleared,0,0,0.000,0,nan,nan,nan,0.0000,0,5,0.6050,0.5404,0.3234,0.5404,0.0646,本圈台阶完成,1,0.0000,0.150,0.330
4240.999,SEEK_CROSSWALK,32.931,0,2.834,0.0000,0.0000,vision,2.834,tracking,0.1450,-0.0228,1,line_curve_center_riding,0.0011,0.0152,-0.2197,-0.4676,0.7635,6,0.2349,0.2479,0.4828,-0.2240,-0.0228,IDLE,1,0,step_done_latches_cleared,0,0,0.000,0,nan,nan,nan,0.0000,0,5,0.6050,0.5404,0.3234,0.5404,0.0646,本圈台阶完成,1,0.0000,0.150,0.330
4241.159,SEEK_CROSSWALK,33.092,0,2.834,0.0000,0.0000,vision,2.834,tracking,0.1450,0.0281,1,line_curve_center_riding,-0.0704,-0.0499,-0.3926,-0.7317,0.7365,6,0.3427,0.3392,0.6819,-0.3914,0.0281,IDLE,1,0,step_done_latches_cleared,0,0,0.000,0,nan,nan,nan,0.0000,0,5,0.6050,0.5404,0.3234,0.5404,0.0646,本圈台阶完成,1,0.0000,0.150,0.330
4241.426,SEEK_CROSSWALK,33.359,0,2.834,0.0000,0.0000,vision,2.834,tracking,0.1450,0.1198,1,line_curve_center_riding,-0.1971,-0.1724,-0.5835,-0.6522,0.6562,5,0.4110,0.0687,0.4798,-0.4693,0.1198,IDLE,1,0,step_done_latches_cleared,0,0,0.000,0,nan,nan,nan,0.0000,0,5,0.6050,0.5404,0.3234,0.5404,0.0646,本圈台阶完成,1,0.0000,0.150,0.330
4241.568,SEEK_CROSSWALK,33.500,0,2.834,0.0000,0.0000,vision,2.834,tracking,0.1450,0.2116,1,line_curve_center_riding,-0.2739,-0.2555,-0.5616,-0.5616,0.5731,4,0.3061,0.0000,0.3061,-0.4596,0.2116,IDLE,1,0,step_done_latches_cleared,0,0,0.000,0,nan,nan,nan,0.0000,0,5,0.6050,0.5404,0.3234,0.5404,0.0646,本圈台阶完成,1,0.0000,0.150,0.330
4241.699,SEEK_CROSSWALK,33.631,0,2.834,0.0000,0.0000,vision,2.834,tracking,0.1450,0.2764,1,line_curve_center_riding,-0.3149,-0.2908,-0.6915,-0.6915,0.5574,4,0.4007,0.0000,0.4007,-0.5579,0.2764,IDLE,1,0,step_done_latches_cleared,0,0,0.000,0,nan,nan,nan,0.0000,0,5,0.6050,0.5404,0.3234,0.5404,0.0646,本圈台阶完成,1,0.0000,0.150,0.330
4241.825,SEEK_CROSSWALK,33.757,0,2.834,0.0000,0.0000,vision,2.834,tracking,0.1655,0.3284,1,line_curve_center_riding,-0.3512,-0.3418,-0.4974,-0.4974,0.4850,3,0.1556,0.0000,0.1556,-0.4455,0.3284,IDLE,1,0,step_done_latches_cleared,0,0,0.000,0,nan,nan,nan,0.0000,0,5,0.6050,0.5404,0.3234,0.5404,0.0646,本圈台阶完成,1,0.0000,0.150,0.330
4241.978,SEEK_CROSSWALK,33.911,0,2.834,0.0000,0.0000,vision,2.834,tracking,0.1597,0.3511,1,line_curve_center_riding,-0.3494,-0.3402,-0.4921,-0.4921,0.4906,3,0.1519,0.0000,0.1519,-0.4415,0.3511,IDLE,1,0,step_done_latches_cleared,0,0,0.000,0,nan,nan,nan,0.0000,0,5,0.6050,0.5404,0.3234,0.5404,0.0646,本圈台阶完成,1,0.0000,0.150,0.330
4242.111,SEEK_CROSSWALK,34.044,0,2.834,0.0000,0.0000,vision,2.834,tracking,0.1450,0.3557,1,line_curve_center_riding,-0.3352,-0.3116,-0.7054,-0.7054,0.5470,4,0.3939,0.0000,0.3939,-0.5742,0.3557,IDLE,1,0,step_done_latches_cleared,0,0,0.000,0,nan,nan,nan,0.0000,0,5,0.6050,0.5404,0.3234,0.5404,0.0646,本圈台阶完成,1,0.0000,0.150,0.330
4242.237,SEEK_CROSSWALK,34.170,0,2.834,0.0000,0.0000,vision,2.834,tracking,0.1450,0.3159,1,line_curve_center_riding,-0.2623,-0.2350,-0.6890,-0.6890,0.5420,4,0.4540,0.0000,0.4540,-0.5377,0.3159,IDLE,1,0,step_done_latches_cleared,0,0,0.000,0,nan,nan,nan,0.0000,0,5,0.6050,0.5404,0.3234,0.5404,0.0646,本圈台阶完成,1,0.0000,0.150,0.330
4242.347,SEEK_CROSSWALK,34.280,0,2.834,0.0000,0.0000,vision,2.834,tracking,0.1700,0.2841,1,line_curve_center_riding,-0.2359,-0.2265,-0.3823,-0.3823,0.4845,3,0.1557,0.0000,0.1557,-0.3304,0.2841,IDLE,1,0,step_done_latches_cleared,0,0,0.000,0,nan,nan,nan,0.0000,0,5,0.6050,0.5404,0.3234,0.5404,0.0646,本圈台阶完成,1,0.0000,0.150,0.330
4242.454,SEEK_CROSSWALK,34.387,0,2.834,0.0000,0.0000,vision,2.834,tracking,0.1450,0.2354,1,line_curve_center_riding,-0.1781,-0.1498,-0.6220,-0.6220,0.5417,4,0.4722,0.0000,0.4722,-0.4646,0.2354,IDLE,1,0,step_done_latches_cleared,0,0,0.000,0,nan,nan,nan,0.0000,0,5,0.6050,0.5404,0.3234,0.5404,0.0646,本圈台阶完成,1,0.0000,0.150,0.330
4242.579,SEEK_CROSSWALK,34.511,0,2.834,0.0000,0.0000,vision,2.834,tracking,0.1450,0.2070,1,line_curve_center_riding,-0.1641,-0.1359,-0.6048,-0.6048,0.5414,4,0.4689,0.0000,0.4689,-0.4485,0.2070,IDLE,1,0,step_done_latches_cleared,0,0,0.000,0,nan,nan,nan,0.0000,0,5,0.6050,0.5404,0.3234,0.5404,0.0646,本圈台阶完成,1,0.0000,0.150,0.330
4242.710,SEEK_CROSSWALK,34.642,0,2.834,0.0000,0.0000,vision,2.834,tracking,0.1450,0.1737,1,line_curve_center_riding,-0.1314,-0.1098,-0.4694,-0.4694,0.4476,3,0.3597,0.0000,0.3597,-0.3496,0.1737,IDLE,1,0,step_done_latches_cleared,0,0,0.000,0,nan,nan,nan,0.0000,0,5,0.6050,0.5404,0.3234,0.5404,0.0646,本圈台阶完成,1,0.0000,0.150,0.330
4242.833,SEEK_CROSSWALK,34.766,0,2.834,0.0000,0.0000,vision,2.834,tracking,0.1406,0.1457,1,line_curve_center_riding,-0.1100,-0.0716,-0.7116,-0.8406,0.4963,4,0.6400,0.1290,0.7690,-0.5413,0.1457,IDLE,1,0,step_done_latches_cleared,0,0,0.000,0,nan,nan,nan,0.0000,0,5,0.6050,0.5404,0.3234,0.5404,0.0646,本圈台阶完成,1,0.0000,0.150,0.330
4242.944,SEEK_CROSSWALK,34.876,0,2.834,0.0000,0.0000,vision,2.834,tracking,0.1310,0.1284,1,line_curve_center_riding,-0.1031,-0.0613,-0.7574,-0.9064,0.5933,5,0.6961,0.1490,0.8451,-0.5751,0.1284,IDLE,1,0,step_done_latches_cleared,0,0,0.000,0,nan,nan,nan,0.0000,0,5,0.6050,0.5404,0.3234,0.5404,0.0646,本圈台阶完成,1,0.0000,0.150,0.330
4243.062,SEEK_CROSSWALK,34.995,0,2.834,0.0000,0.0000,vision,2.834,tracking,0.1450,0.0993,1,line_curve_center_riding,-0.0675,-0.0472,-0.3858,-0.3858,0.5597,4,0.3386,0.0000,0.3386,-0.2729,0.0993,IDLE,1,0,step_done_latches_cleared,0,0,0.000,0,nan,nan,nan,0.0000,0,5,0.6050,0.5404,0.3234,0.5404,0.0646,本圈台阶完成,1,0.0000,0.150,0.330
4243.211,SEEK_CROSSWALK,35.143,0,2.834,0.0000,0.0000,vision,2.834,tracking,0.1450,0.1011,1,line_curve_center_riding,-0.0918,-0.0710,-0.4188,-0.4188,0.4370,3,0.3478,0.0000,0.3478,-0.3029,0.1011,IDLE,1,0,step_done_latches_cleared,0,0,0.000,0,nan,nan,nan,0.0000,0,5,0.6050,0.5404,0.3234,0.5404,0.0646,本圈台阶完成,1,0.0000,0.150,0.330
4243.334,SEEK_CROSSWALK,35.266,0,2.834,0.0000,0.0000,vision,2.834,tracking,0.1450,0.1221,1,line_curve_center_riding,-0.1291,-0.0940,-0.6789,-0.8722,0.3313,3,0.5849,0.1933,0.7782,-0.5484,0.1221,IDLE,1,0,step_done_latches_cleared,0,0,0.000,0,nan,nan,nan,0.0000,0,5,0.6050,0.5404,0.3234,0.5404,0.0646,本圈台阶完成,1,0.0000,0.150,0.330
4243.458,SEEK_CROSSWALK,35.391,0,2.834,0.0000,0.0000,vision,2.834,tracking,0.1389,0.0760,1,line_curve_center_riding,-0.0366,0.0024,-0.6472,-0.7939,0.6043,5,0.6496,0.1467,0.7963,-0.4796,0.0760,IDLE,1,0,step_done_latches_cleared,0,0,0.000,0,nan,nan,nan,0.0000,0,5,0.6050,0.5404,0.3234,0.5404,0.0646,本圈台阶完成,1,0.0000,0.150,0.330
4243.588,SEEK_CROSSWALK,35.521,0,2.834,0.0000,0.0000,vision,2.834,tracking,0.1403,0.0474,1,line_curve_center_riding,-0.0174,0.0211,-0.6205,-0.7621,0.6065,5,0.6416,0.1416,0.7832,-0.4539,0.0474,IDLE,1,0,step_done_latches_cleared,0,0,0.000,0,nan,nan,nan,0.0000,0,5,0.6050,0.5404,0.3234,0.5404,0.0646,本圈台阶完成,1,0.0000,0.150,0.330
4243.717,SEEK_CROSSWALK,35.649,0,2.834,0.0000,0.0000,vision,2.834,tracking,0.1414,-0.0087,1,line_recenter_transition,0.0550,0.0677,-0.5676,-0.6893,0.5116,4,0.6353,0.1217,0.7570,-0.3964,-0.0087,IDLE,1,0,step_done_latches_cleared,0,0,0.000,0,nan,nan,nan,0.0000,0,5,0.6050,0.5404,0.3234,0.5404,0.0646,本圈台阶完成,1,0.0000,0.150,0.330
4243.832,SEEK_CROSSWALK,35.765,0,2.834,0.0000,0.0000,vision,2.834,tracking,0.1700,-0.0114,1,line_curve_center_riding,0.0178,0.0269,-0.1255,-0.1255,0.4894,3,0.1524,0.0000,0.1524,-0.0747,-0.0114,IDLE,1,0,step_done_latches_cleared,0,0,0.000,0,nan,nan,nan,0.0000,0,5,0.6050,0.5404,0.3234,0.5404,0.0646,本圈台阶完成,1,0.0000,0.150,0.330
4243.943,SEEK_CROSSWALK,35.875,0,2.834,0.0000,0.0000,vision,2.834,tracking,0.1450,-0.0260,1,line_recenter_transition,0.0360,0.0472,-0.5146,-0.6367,0.6213,5,0.5617,0.1222,0.6839,-0.3680,-0.0260,IDLE,1,0,step_done_latches_cleared,0,0,0.000,0,nan,nan,nan,0.0000,0,5,0.6050,0.5404,0.3234,0.5404,0.0646,本圈台阶完成,1,0.0000,0.150,0.330
4244.064,SEEK_CROSSWALK,35.996,0,2.834,0.0000,0.0000,vision,2.834,tracking,0.1450,-0.0258,1,line_recenter_transition,0.0253,0.0360,-0.4980,-0.5910,0.6297,5,0.5341,0.0930,0.6270,-0.3510,-0.0258,IDLE,1,0,step_done_latches_cleared,0,0,0.000,0,nan,nan,nan,0.0000,0,5,0.6050,0.5404,0.3234,0.5404,0.0646,本圈台阶完成,1,0.0000,0.150,0.330
4244.177,SEEK_CROSSWALK,36.110,0,2.834,0.0000,0.0000,vision,2.834,tracking,0.1443,-0.0193,1,line_recenter_transition,0.0131,0.0255,-0.5927,-0.7199,0.6113,5,0.6182,0.1272,0.7454,-0.4290,-0.0193,IDLE,1,0,step_done_latches_cleared,0,0,0.000,0,nan,nan,nan,0.0000,0,5,0.6050,0.5404,0.3234,0.5404,0.0646,本圈台阶完成,1,0.0000,0.150,0.330
4244.286,SEEK_CROSSWALK,36.219,0,2.834,0.0000,0.0000,vision,2.834,tracking,0.1341,0.0061,1,line_curve_center_riding,-0.0252,0.0154,-0.6624,-0.8019,0.6012,5,0.6778,0.1395,0.8173,-0.4829,0.0061,IDLE,1,0,step_done_latches_cleared,0,0,0.000,0,nan,nan,nan,0.0000,0,5,0.6050,0.5404,0.3234,0.5404,0.0646,本圈台阶完成,1,0.0000,0.150,0.330
4244.394,SEEK_CROSSWALK,36.327,0,2.834,0.0000,0.0000,vision,2.834,tracking,0.1331,0.0336,1,line_curve_center_riding,-0.0542,-0.0132,-0.6966,-0.8419,0.5986,5,0.6834,0.1452,0.8286,-0.5172,0.0336,IDLE,1,0,step_done_latches_cleared,0,0,0.000,0,nan,nan,nan,0.0000,0,5,0.6050,0.5404,0.3234,0.5404,0.0646,本圈台阶完成,1,0.0000,0.150,0.330
4244.516,SEEK_CROSSWALK,36.449,0,2.834,0.0000,0.0000,vision,2.834,tracking,0.1450,0.0667,1,line_curve_center_riding,-0.0905,-0.0635,-0.5136,-0.5136,0.5393,4,0.4501,0.0000,0.4501,-0.3636,0.0667,IDLE,1,0,step_done_latches_cleared,0,0,0.000,0,nan,nan,nan,0.0000,0,5,0.6050,0.5404,0.3234,0.5404,0.0646,本圈台阶完成,1,0.0000,0.150,0.330
4244.653,SEEK_CROSSWALK,36.586,0,2.834,0.0000,0.0000,vision,2.834,tracking,0.1450,0.1093,1,line_curve_center_riding,-0.1386,-0.1093,-0.5981,-0.5981,0.5287,4,0.4888,0.0000,0.4888,-0.4351,0.1093,IDLE,1,0,step_done_latches_cleared,0,0,0.000,0,nan,nan,nan,0.0000,0,5,0.6050,0.5404,0.3234,0.5404,0.0646,本圈台阶完成,1,0.0000,0.150,0.330
4244.767,SEEK_CROSSWALK,36.700,0,2.834,0.0000,0.0000,vision,2.834,tracking,0.1450,0.1563,1,line_curve_center_riding,-0.1841,-0.1576,-0.5996,-0.5996,0.5365,4,0.4420,0.0000,0.4420,-0.4522,0.1563,IDLE,1,0,step_done_latches_cleared,0,0,0.000,0,nan,nan,nan,0.0000,0,5,0.6050,0.5404,0.3234,0.5404,0.0646,本圈台阶完成,1,0.0000,0.150,0.330
4244.883,SEEK_CROSSWALK,36.815,0,2.834,0.0000,0.0000,vision,2.834,tracking,0.1450,0.1687,1,line_curve_center_riding,-0.1706,-0.1342,-0.7413,-0.7413,0.5108,4,0.6071,0.0000,0.6071,-0.5389,0.1687,IDLE,1,0,step_done_latches_cleared,0,0,0.000,0,nan,nan,nan,0.0000,0,5,0.6050,0.5404,0.3234,0.5404,0.0646,本圈台阶完成,1,0.0000,0.150,0.330
4244.990,SEEK_CROSSWALK,36.923,0,2.834,0.0000,0.0000,vision,2.834,tracking,0.1450,0.2224,1,line_curve_center_riding,-0.2478,-0.2150,-0.7603,-0.7603,0.5183,4,0.5452,0.0000,0.5452,-0.5785,0.2224,IDLE,1,0,step_done_latches_cleared,0,0,0.000,0,nan,nan,nan,0.0000,0,5,0.6050,0.5404,0.3234,0.5404,0.0646,本圈台阶完成,1,0.0000,0.150,0.330
4245.104,SEEK_CROSSWALK,37.037,0,2.834,0.0000,0.0000,vision,2.834,tracking,0.1700,0.2640,1,line_curve_center_riding,-0.2816,-0.2695,-0.4709,-0.4709,0.4607,3,0.2014,0.0000,0.2014,-0.4038,0.2640,IDLE,1,0,step_done_latches_cleared,0,0,0.000,0,nan,nan,nan,0.0000,0,5,0.6050,0.5404,0.3234,0.5404,0.0646,本圈台阶完成,1,0.0000,0.150,0.330
4245.216,SEEK_CROSSWALK,37.148,0,2.834,0.0000,0.0000,vision,2.834,tracking,0.1674,0.3212,1,line_curve_center_riding,-0.3451,-0.3286,-0.6033,-0.6033,0.4350,3,0.2747,0.0000,0.2747,-0.5117,0.3212,IDLE,1,0,step_done_latches_cleared,0,0,0.000,0,nan,nan,nan,0.0000,0,5,0.6050,0.5404,0.3234,0.5404,0.0646,本圈台阶完成,1,0.0000,0.150,0.330
4245.323,SEEK_CROSSWALK,37.256,0,2.834,0.0000,0.0000,vision,2.834,tracking,0.1563,0.3645,1,line_curve_center_riding,-0.3758,-0.3630,-0.5763,-0.5763,0.4606,3,0.2133,0.0000,0.2133,-0.5052,0.3645,IDLE,1,0,step_done_latches_cleared,0,0,0.000,0,nan,nan,nan,0.0000,0,5,0.6050,0.5404,0.3234,0.5404,0.0646,本圈台阶完成,1,0.0000,0.150,0.330
4245.434,SEEK_CROSSWALK,37.366,0,2.834,0.0000,0.0000,vision,2.834,tracking,0.1424,0.4185,1,line_curve_center_riding,-0.4332,-0.4176,-0.6777,-0.6777,0.4319,3,0.2600,0.0000,0.2600,-0.5910,0.4185,IDLE,1,0,step_done_latches_cleared,0,0,0.000,0,nan,nan,nan,0.0000,0,5,0.6050,0.5404,0.3234,0.5404,0.0646,本圈台阶完成,1,0.0000,0.150,0.330
4245.560,SEEK_CROSSWALK,37.493,0,2.834,0.0000,0.0000,vision,2.834,tracking,0.1340,0.4509,1,line_curve_center_riding,-0.4490,-0.4269,-0.7950,-0.7950,0.3913,3,0.3682,0.0000,0.3682,-0.6723,0.4509,IDLE,1,0,step_done_latches_cleared,0,0,0.000,0,nan,nan,nan,0.0000,0,5,0.6050,0.5404,0.3234,0.5404,0.0646,本圈台阶完成,1,0.0000,0.150,0.330
4245.684,SEEK_CROSSWALK,37.616,0,2.834,0.0000,0.0000,vision,2.834,tracking,0.1261,0.4818,1,line_curve_center_riding,-0.4736,-0.4572,-0.7307,-0.7307,0.4289,3,0.2735,0.0000,0.2735,-0.6395,0.4818,IDLE,1,0,step_done_latches_cleared,0,0,0.000,0,nan,nan,nan,0.0000,0,5,0.6050,0.5404,0.3234,0.5404,0.0646,本圈台阶完成,1,0.0000,0.150,0.330
4245.798,SEEK_CROSSWALK,37.731,0,2.834,0.0000,0.0000,vision,2.834,tracking,0.1305,0.4647,1,line_center_tracking,-0.4205,-0.4122,-0.4419,-0.4419,0.3913,2,0.0298,0.0000,0.0298,-0.4320,0.4647,IDLE,1,0,step_done_latches_cleared,0,0,0.000,0,nan,nan,nan,0.0000,0,5,0.6050,0.5404,0.3234,0.5404,0.0646,本圈台阶完成,1,0.0000,0.150,0.330
4245.914,SEEK_CROSSWALK,37.846,0,2.834,0.0000,0.0000,vision,2.834,tracking,0.1050,0.5229,1,line_hard_turn_centering,-0.5272,-0.5213,-0.5799,-0.5799,0.3103,2,0.0585,0.0000,0.0585,-0.5603,0.5229,IDLE,1,0,step_done_latches_cleared,0,0,0.000,0,nan,nan,nan,0.0000,0,5,0.6050,0.5404,0.3234,0.5404,0.0646,本圈台阶完成,1,0.0000,0.150,0.330
4246.033,SEEK_CROSSWALK,37.965,0,2.834,0.0000,0.0000,vision,2.834,tracking,0.1122,0.5357,1,line_curve_center_riding,-0.5113,-0.4891,-0.8603,-0.8603,0.2852,2,0.3712,0.0000,0.3712,-0.7366,0.5357,IDLE,1,0,step_done_latches_cleared,0,0,0.000,0,nan,nan,nan,0.0000,0,5,0.6050,0.5404,0.3234,0.5404,0.0646,本圈台阶完成,1,0.0000,0.150,0.330
4246.161,SEEK_CROSSWALK,38.094,0,2.834,0.0000,0.0000,vision,2.834,line_bridge_loss,0.0633,0.2143,0,line_low_confidence,-0.6062,-0.5982,-0.6782,-0.6782,0.2500,2,0.0800,0.0000,0.0800,-0.6515,0.2143,IDLE,1,0,step_done_latches_cleared,0,0,0.000,0,nan,nan,nan,0.0000,0,5,0.6050,0.5404,0.3234,0.5404,0.0646,本圈台阶完成,1,0.0000,0.150,0.330
4246.283,SEEK_CROSSWALK,38.215,0,2.834,0.0000,0.0000,vision,2.834,tracking,0.1050,0.5178,1,line_hard_turn_centering,-0.5707,-0.5652,-0.6196,-0.6196,0.3219,2,0.0544,0.0000,0.0544,-0.6015,0.5178,IDLE,1,0,step_done_latches_cleared,0,0,0.000,0,nan,nan,nan,0.0000,0,5,0.6050,0.5404,0.3234,0.5404,0.0646,本圈台阶完成,1,0.0000,0.150,0.330
4246.408,SEEK_CROSSWALK,38.341,0,2.834,0.0000,0.0000,vision,2.834,line_bridge_loss,0.0574,0.2240,0,line_too_few_bands,0.0000,0.0000,0.0000,0.0000,0.0000,0,0.0000,0.0000,0.0000,0.0000,0.2240,IDLE,1,0,step_done_latches_cleared,0,0,0.000,0,nan,nan,nan,0.0000,0,5,0.6050,0.5404,0.3234,0.5404,0.0646,本圈台阶完成,1,0.0000,0.150,0.330
4246.517,SEEK_CROSSWALK,38.450,0,2.834,0.0000,0.0000,vision,2.834,tracking,0.0989,0.4970,1,line_hard_turn_centering,-0.6910,-0.6861,-0.7359,-0.7359,0.3347,2,0.0499,0.0000,0.0499,-0.7193,0.4970,IDLE,1,0,step_done_latches_cleared,0,0,0.000,0,nan,nan,nan,0.0000,0,5,0.6050,0.5404,0.3234,0.5404,0.0646,本圈台阶完成,1,0.0000,0.150,0.330
4246.643,SEEK_CROSSWALK,38.576,0,2.834,0.0000,0.0000,vision,2.834,tracking,0.1050,0.5600,1,line_hard_turn_centering,-0.7882,-0.7806,-0.8566,-0.8566,0.2613,2,0.0760,0.0000,0.0760,-0.8313,0.5600,IDLE,1,0,step_done_latches_cleared,0,0,0.000,0,nan,nan,nan,0.0000,0,5,0.6050,0.5404,0.3234,0.5404,0.0646,本圈台阶完成,1,0.0000,0.150,0.330
4246.749,SEEK_CROSSWALK,38.681,0,2.834,0.0000,0.0000,vision,2.834,line_bridge_loss,0.0649,0.2959,0,line_too_few_bands,0.0000,0.0000,0.0000,0.0000,0.0000,0,0.0000,0.0000,0.0000,0.0000,0.2959,IDLE,1,0,step_done_latches_cleared,0,0,0.000,0,nan,nan,nan,0.0000,0,5,0.6050,0.5404,0.3234,0.5404,0.0646,本圈台阶完成,1,0.0000,0.150,0.330
4246.854,SEEK_CROSSWALK,38.787,0,2.834,0.0000,0.0000,vision,2.834,line_bridge_loss,0.0350,0.2240,0,line_low_confidence,-0.7633,-0.7554,-0.8344,-0.8344,0.2528,2,0.0790,0.0000,0.0790,-0.8081,0.2240,IDLE,1,0,step_done_latches_cleared,0,0,0.000,0,nan,nan,nan,0.0000,0,5,0.6050,0.5404,0.3234,0.5404,0.0646,本圈台阶完成,1,0.0000,0.150,0.330
4246.968,SEEK_CROSSWALK,38.901,0,2.834,0.0000,0.0000,vision,2.834,line_bridge_loss,0.0350,0.2240,0,line_too_few_bands,0.0000,0.0000,0.0000,0.0000,0.0000,0,0.0000,0.0000,0.0000,0.0000,0.2240,IDLE,1,0,step_done_latches_cleared,0,0,0.000,0,nan,nan,nan,0.0000,0,5,0.6050,0.5404,0.3234,0.5404,0.0646,本圈台阶完成,1,0.0000,0.150,0.330
4247.075,SEEK_CROSSWALK,39.007,0,2.834,0.0000,0.0000,vision,2.834,line_bridge_loss,0.0350,0.2240,0,line_too_few_bands,0.0000,0.0000,0.0000,0.0000,0.0000,0,0.0000,0.0000,0.0000,0.0000,0.2240,IDLE,1,0,step_done_latches_cleared,0,0,0.000,0,nan,nan,nan,0.0000,0,5,0.6050,0.5404,0.3234,0.5404,0.0646,本圈台阶完成,1,0.0000,0.150,0.330
4247.180,SEEK_CROSSWALK,39.112,0,2.834,0.0000,0.0000,vision,2.834,tracking,0.0748,0.4859,1,line_hard_turn_centering,-0.6551,-0.6489,-0.7101,-0.7101,0.3031,2,0.0611,0.0000,0.0611,-0.6897,0.4859,IDLE,1,0,step_done_latches_cleared,0,0,0.000,0,nan,nan,nan,0.0000,0,5,0.6050,0.5404,0.3234,0.5404,0.0646,本圈台阶完成,1,0.0000,0.150,0.330
4247.291,SEEK_CROSSWALK,39.223,0,2.834,0.0000,0.0000,vision,2.834,tracking,0.0850,0.4200,1,line_edge_single_rescue,-0.6778,-0.6778,-0.6778,-0.6778,0.3100,1,0.0000,0.0000,0.0000,-0.6778,0.4200,IDLE,1,0,step_done_latches_cleared,0,0,0.000,0,nan,nan,nan,0.0000,0,5,0.6050,0.5404,0.3234,0.5404,0.0646,本圈台阶完成,1,0.0000,0.150,0.330
4247.402,SEEK_CROSSWALK,39.335,0,2.834,0.0000,0.0000,vision,2.834,line_bridge_loss,0.0425,0.1680,0,line_too_few_bands,0.0000,0.0000,0.0000,0.0000,0.0000,0,0.0000,0.0000,0.0000,0.0000,0.1680,IDLE,1,0,step_done_latches_cleared,0,0,0.000,0,nan,nan,nan,0.0000,0,5,0.6050,0.5404,0.3234,0.5404,0.0646,本圈台阶完成,1,0.0000,0.150,0.330
4247.528,SEEK_CROSSWALK,39.460,0,2.834,0.0000,0.0000,vision,2.834,tracking,0.0901,0.4811,1,line_center_tracking,-0.4866,-0.4728,-0.5221,-0.5221,0.3365,2,0.0492,0.0000,0.0492,-0.5056,0.4811,IDLE,1,0,step_done_latches_cleared,0,0,0.000,0,nan,nan,nan,0.0000,0,5,0.6050,0.5404,0.3234,0.5404,0.0646,本圈台阶完成,1,0.0000,0.150,0.330
4247.644,SEEK_CROSSWALK,39.577,0,2.834,0.0000,0.0000,vision,2.834,tracking,0.1041,0.5676,1,line_curve_center_riding,-0.4763,-0.4590,-0.7475,-0.7475,0.4288,3,0.2885,0.0000,0.2885,-0.6513,0.5676,IDLE,1,0,step_done_latches_cleared,0,0,0.000,0,nan,nan,nan,0.0000,0,5,0.6050,0.5404,0.3234,0.5404,0.0646,本圈台阶完成,1,0.0000,0.150,0.330
4247.758,SEEK_CROSSWALK,39.691,0,2.834,0.0000,0.0000,vision,2.834,tracking,0.1262,0.4816,1,line_curve_center_riding,-0.3747,-0.3575,-0.6446,-0.6446,0.4204,3,0.2871,0.0000,0.2871,-0.5489,0.4816,IDLE,1,0,step_done_latches_cleared,0,0,0.000,0,nan,nan,nan,0.0000,0,5,0.6050,0.5404,0.3234,0.5404,0.0646,本圈台阶完成,1,0.0000,0.150,0.330
4247.880,SEEK_CROSSWALK,39.812,0,2.834,0.0000,0.0000,vision,2.834,tracking,0.1693,0.3137,1,line_center_tracking,-0.1519,-0.1444,-0.1710,-0.1710,0.4003,2,0.0265,0.0000,0.0265,-0.1621,0.3137,IDLE,1,0,step_done_latches_cleared,0,0,0.000,0,nan,nan,nan,0.0000,0,5,0.6050,0.5404,0.3234,0.5404,0.0646,本圈台阶完成,1,0.0000,0.150,0.330
4247.988,SEEK_CROSSWALK,39.921,0,2.834,0.0000,0.0000,vision,2.834,line_bridge_loss,0.1280,0.1255,0,line_too_few_bands,0.0000,0.0000,0.0000,0.0000,0.0000,0,0.0000,0.0000,0.0000,0.0000,0.1255,IDLE,1,0,step_done_latches_cleared,0,0,0.000,0,nan,nan,nan,0.0000,0,5,0.6050,0.5404,0.3234,0.5404,0.0646,本圈台阶完成,1,0.0000,0.150,0.330
4248.103,SEEK_CROSSWALK,40.035,0,2.834,0.0000,0.0000,vision,2.834,tracking,0.1450,0.1690,1,line_curve_center_riding,-0.0119,0.0192,-0.4988,-0.4988,0.5180,4,0.5179,0.0000,0.5179,-0.3261,0.1690,IDLE,1,0,step_done_latches_cleared,0,0,0.000,0,nan,nan,nan,0.0000,0,5,0.6050,0.5404,0.3234,0.5404,0.0646,本圈台阶完成,1,0.0000,0.150,0.330
4248.222,SEEK_CROSSWALK,40.154,0,2.834,0.0000,0.0000,vision,2.834,tracking,0.1383,0.0366,1,line_recenter_transition,0.0765,0.0895,-0.5636,-0.6800,0.6045,5,0.6531,0.1164,0.7695,-0.3847,0.0366,IDLE,1,0,step_done_latches_cleared,0,0,0.000,0,nan,nan,nan,0.0000,0,5,0.6050,0.5404,0.3234,0.5404,0.0646,本圈台阶完成,1,0.0000,0.150,0.330
4248.348,SEEK_CROSSWALK,40.280,0,2.834,0.0000,0.0000,vision,2.834,tracking,0.1450,0.0385,1,line_curve_center_riding,-0.0233,-0.0044,-0.3191,-0.3191,0.2783,2,0.3147,0.0000,0.3147,-0.2142,0.0385,IDLE,1,0,step_done_latches_cleared,0,0,0.000,0,nan,nan,nan,0.0000,0,5,0.6050,0.5404,0.3234,0.5404,0.0646,本圈台阶完成,1,0.0000,0.150,0.330
4248.531,SEEK_CROSSWALK,40.463,0,2.834,0.0000,0.0000,vision,2.834,tracking,0.1700,0.0320,1,line_curve_center_riding,-0.0226,-0.0107,-0.2091,-0.2091,0.3510,2,0.1984,0.0000,0.1984,-0.1430,0.0320,IDLE,1,0,step_done_latches_cleared,0,0,0.000,0,nan,nan,nan,0.0000,0,5,0.6050,0.5404,0.3234,0.5404,0.0646,本圈台阶完成,1,0.0000,0.150,0.330
4248.664,SEEK_CROSSWALK,40.597,0,2.834,0.0000,0.0000,vision,2.834,line_bridge_loss,0.1193,0.0128,0,line_too_few_bands,0.0000,0.0000,0.0000,0.0000,0.0000,1,0.0000,0.0000,0.0000,0.0000,0.0128,IDLE,1,0,step_done_latches_cleared,0,0,0.000,0,nan,nan,nan,0.0000,0,5,0.6050,0.5404,0.3234,0.5404,0.0646,本圈台阶完成,1,0.0000,0.150,0.330
4248.771,SEEK_CROSSWALK,40.704,0,2.834,0.0000,0.0000,vision,2.834,tracking,0.1371,-0.0752,1,line_recenter_transition,0.1644,0.1776,-0.4826,-0.6127,0.6050,5,0.6602,0.1301,0.7904,-0.3059,-0.0752,IDLE,1,0,step_done_latches_cleared,0,0,0.000,0,nan,nan,nan,0.0000,0,5,0.6050,0.5404,0.3234,0.5404,0.0646,本圈台阶完成,1,0.0000,0.150,0.330
4248.887,SEEK_CROSSWALK,40.819,0,2.834,0.0000,0.0000,vision,2.834,tracking,0.1448,-0.1219,1,line_recenter_transition,0.1536,0.1659,-0.4495,-0.5541,0.6131,5,0.6154,0.1046,0.7200,-0.2792,-0.1219,IDLE,1,0,step_done_latches_cleared,0,0,0.000,0,nan,nan,nan,0.0000,0,5,0.6050,0.5404,0.3234,0.5404,0.0646,本圈台阶完成,1,0.0000,0.150,0.330
4249.011,SEEK_CROSSWALK,40.944,0,2.834,0.0000,0.0000,vision,2.834,tracking,0.1450,-0.1199,1,line_recenter_transition,0.1146,0.1228,-0.2840,-0.2840,0.4190,3,0.4068,0.0000,0.4068,-0.1484,-0.1199,IDLE,1,0,step_done_latches_cleared,0,0,0.000,0,nan,nan,nan,0.0000,0,5,0.6050,0.5404,0.3234,0.5404,0.0646,本圈台阶完成,1,0.0000,0.150,0.330
4249.126,SEEK_CROSSWALK,41.059,0,2.834,0.0000,0.0000,vision,2.834,tracking,0.1700,-0.0907,1,line_curve_center_riding,0.0622,0.0765,-0.1605,-0.1605,0.3538,2,0.2369,0.0000,0.2369,-0.0815,-0.0907,IDLE,1,0,step_done_latches_cleared,0,0,0.000,0,nan,nan,nan,0.0000,0,5,0.6050,0.5404,0.3234,0.5404,0.0646,本圈台阶完成,1,0.0000,0.150,0.330
4249.259,SEEK_CROSSWALK,41.192,0,2.834,0.0000,0.0000,vision,2.834,tracking,0.1450,-0.0222,1,line_curve_center_riding,-0.0363,-0.0098,-0.4500,-0.4500,0.5237,4,0.4402,0.0000,0.4402,-0.3033,-0.0222,IDLE,1,0,step_done_latches_cleared,0,0,0.000,0,nan,nan,nan,0.0000,0,5,0.6050,0.5404,0.3234,0.5404,0.0646,本圈台阶完成,1,0.0000,0.150,0.330
4249.393,SEEK_CROSSWALK,41.326,0,2.834,0.0000,0.0000,vision,2.834,tracking,0.1957,0.0477,1,line_center_tracking,-0.1057,-0.0945,-0.1347,-0.1347,0.3617,2,0.0403,0.0000,0.0403,-0.1213,0.0477,IDLE,1,0,step_done_latches_cleared,0,0,0.000,0,nan,nan,nan,0.0000,0,5,0.6050,0.5404,0.3234,0.5404,0.0646,本圈台阶完成,1,0.0000,0.150,0.330
4249.500,SEEK_CROSSWALK,41.432,0,2.834,0.0000,0.0000,vision,2.834,tracking,0.1552,0.1734,1,line_curve_center_riding,-0.2603,-0.2307,-0.7230,-0.7230,0.5170,4,0.4923,0.0000,0.4923,-0.5589,0.1734,IDLE,1,0,step_done_latches_cleared,0,0,0.000,0,nan,nan,nan,0.0000,0,5,0.6050,0.5404,0.3234,0.5404,0.0646,本圈台阶完成,1,0.0000,0.150,0.330
4249.619,SEEK_CROSSWALK,41.552,0,2.834,0.0000,0.0000,vision,2.834,tracking,0.1817,0.2654,1,line_center_tracking,-0.3302,-0.3164,-0.3659,-0.3659,0.3357,2,0.0495,0.0000,0.0495,-0.3494,0.2654,IDLE,1,0,step_done_latches_cleared,0,0,0.000,0,nan,nan,nan,0.0000,0,5,0.6050,0.5404,0.3234,0.5404,0.0646,本圈台阶完成,1,0.0000,0.150,0.330
4249.742,SEEK_CROSSWALK,41.674,0,2.834,0.0000,0.0000,vision,2.834,tracking,0.1623,0.3412,1,line_curve_center_riding,-0.3849,-0.3718,-0.5888,-0.5888,0.3069,2,0.2170,0.0000,0.2170,-0.5165,0.3412,IDLE,1,0,step_done_latches_cleared,0,0,0.000,0,nan,nan,nan,0.0000,0,5,0.6050,0.5404,0.3234,0.5404,0.0646,本圈台阶完成,1,0.0000,0.150,0.330
4249.860,SEEK_CROSSWALK,41.793,0,2.834,0.0000,0.0000,vision,2.834,line_bridge_loss,0.1171,0.1365,0,line_too_few_bands,0.0000,0.0000,0.0000,0.0000,0.0000,1,0.0000,0.0000,0.0000,0.0000,0.1365,IDLE,1,0,step_done_latches_cleared,0,0,0.000,0,nan,nan,nan,0.0000,0,5,0.6050,0.5404,0.3234,0.5404,0.0646,本圈台阶完成,1,0.0000,0.150,0.330
4249.987,SEEK_CROSSWALK,41.920,0,2.834,0.0000,0.0000,vision,2.834,tracking,0.1356,0.4450,1,line_curve_center_riding,-0.5128,-0.5018,-0.6853,-0.6853,0.4678,3,0.1835,0.0000,0.1835,-0.6241,0.4450,IDLE,1,0,step_done_latches_cleared,0,0,0.000,0,nan,nan,nan,0.0000,0,5,0.6050,0.5404,0.3234,0.5404,0.0646,本圈台阶完成,1,0.0000,0.150,0.330
4250.132,SEEK_CROSSWALK,42.065,0,2.834,0.0000,0.0000,vision,2.834,line_bridge_loss,0.0849,0.1780,0,line_too_few_bands,0.0000,0.0000,0.0000,0.0000,0.0000,0,0.0000,0.0000,0.0000,0.0000,0.1780,IDLE,1,0,step_done_latches_cleared,0,0,0.000,0,nan,nan,nan,0.0000,0,5,0.6050,0.5404,0.3234,0.5404,0.0646,本圈台阶完成,1,0.0000,0.150,0.330
4250.260,SEEK_CROSSWALK,42.192,0,2.834,0.0000,0.0000,vision,2.834,tracking,0.1057,0.4960,1,line_curve_center_riding,-0.6299,-0.6145,-0.8708,-0.8708,0.5795,4,0.2563,0.0000,0.2563,-0.7854,0.4960,IDLE,1,0,step_done_latches_cleared,0,0,0.000,0,nan,nan,nan,0.0000,0,5,0.6050,0.5404,0.3234,0.5404,0.0646,本圈台阶完成,1,0.0000,0.150,0.330
4250.371,SEEK_CROSSWALK,42.304,0,2.834,0.0000,0.0000,vision,2.834,line_bridge_loss,0.0632,0.2245,0,line_too_few_bands,0.0000,0.0000,0.0000,0.0000,0.0000,0,0.0000,0.0000,0.0000,0.0000,0.2245,IDLE,1,0,step_done_latches_cleared,0,0,0.000,0,nan,nan,nan,0.0000,0,5,0.6050,0.5404,0.3234,0.5404,0.0646,本圈台阶完成,1,0.0000,0.150,0.330
4250.478,SEEK_CROSSWALK,42.410,0,2.834,0.0000,0.0000,vision,2.834,line_bridge_loss,0.0350,0.2245,0,line_too_few_bands,0.0000,0.0000,0.0000,0.0000,0.0000,0,0.0000,0.0000,0.0000,0.0000,0.2245,IDLE,1,0,step_done_latches_cleared,0,0,0.000,0,nan,nan,nan,0.0000,0,5,0.6050,0.5404,0.3234,0.5404,0.0646,本圈台阶完成,1,0.0000,0.150,0.330
4250.587,SEEK_CROSSWALK,42.520,0,2.834,0.0000,0.0000,vision,2.834,tracking,0.0765,0.4975,1,line_hard_turn_centering,-0.7050,-0.6937,-0.8067,-0.8067,0.3874,2,0.1130,0.0000,0.1130,-0.7690,0.4975,IDLE,1,0,step_done_latches_cleared,0,0,0.000,0,nan,nan,nan,0.0000,0,5,0.6050,0.5404,0.3234,0.5404,0.0646,本圈台阶完成,1,0.0000,0.150,0.330
4250.706,SEEK_CROSSWALK,42.638,0,2.834,0.0000,0.0000,vision,2.834,line_bridge_loss,0.0350,0.2240,0,line_too_few_bands,0.0000,0.0000,0.0000,0.0000,0.0000,0,0.0000,0.0000,0.0000,0.0000,0.2240,IDLE,1,0,step_done_latches_cleared,0,0,0.000,0,nan,nan,nan,0.0000,0,5,0.6050,0.5404,0.3234,0.5404,0.0646,本圈台阶完成,1,0.0000,0.150,0.330
4250.823,SEEK_CROSSWALK,42.756,0,2.834,0.0000,0.0000,vision,2.834,line_bridge_loss,0.0350,0.2240,0,line_too_few_bands,0.0000,0.0000,0.0000,0.0000,0.0000,0,0.0000,0.0000,0.0000,0.0000,0.2240,IDLE,1,0,step_done_latches_cleared,0,0,0.000,0,nan,nan,nan,0.0000,0,5,0.6050,0.5404,0.3234,0.5404,0.0646,本圈台阶完成,1,0.0000,0.150,0.330
4250.941,SEEK_CROSSWALK,42.873,0,2.834,0.0000,0.0000,vision,2.834,line_bridge_loss,0.0350,0.2240,0,line_too_few_bands,0.0000,0.0000,0.0000,0.0000,0.0000,0,0.0000,0.0000,0.0000,0.0000,0.2240,IDLE,1,0,step_done_latches_cleared,0,0,0.000,0,nan,nan,nan,0.0000,0,5,0.6050,0.5404,0.3234,0.5404,0.0646,本圈台阶完成,1,0.0000,0.150,0.330
4251.061,SEEK_CROSSWALK,42.993,0,2.834,0.0000,0.0000,vision,2.834,tracking,0.0806,0.4200,1,line_edge_single_rescue,-0.6887,-0.6887,-0.6887,-0.6887,0.3100,1,0.0000,0.0000,0.0000,-0.6887,0.4200,IDLE,1,0,step_done_latches_cleared,0,0,0.000,0,nan,nan,nan,0.0000,0,5,0.6050,0.5404,0.3234,0.5404,0.0646,本圈台阶完成,1,0.0000,0.150,0.330
4251.177,SEEK_CROSSWALK,43.109,0,2.834,0.0000,0.0000,vision,2.834,tracking,0.0850,0.1301,1,line_edge_single_rescue,0.9094,0.9094,0.9094,0.9094,0.3100,1,0.0000,0.0000,0.0000,0.9094,0.1301,IDLE,1,0,step_done_latches_cleared,0,0,0.000,0,nan,nan,nan,0.0000,0,5,0.6050,0.5404,0.3234,0.5404,0.0646,本圈台阶完成,1,0.0000,0.150,0.330
4251.294,SEEK_CROSSWALK,43.226,0,2.834,0.0000,0.0000,vision,2.834,line_bridge_loss,0.0406,-0.0652,0,line_too_few_bands,0.0000,0.0000,0.0000,0.0000,0.0000,0,0.0000,0.0000,0.0000,0.0000,-0.0652,IDLE,1,0,step_done_latches_cleared,0,0,0.000,0,nan,nan,nan,0.0000,0,5,0.6050,0.5404,0.3234,0.5404,0.0646,本圈台阶完成,1,0.0000,0.150,0.330
4251.429,SEEK_CROSSWALK,43.362,0,2.834,0.0000,0.0000,vision,2.834,line_bridge_loss,0.0350,-0.0652,0,line_too_few_bands,0.0000,0.0000,0.0000,0.0000,0.0000,0,0.0000,0.0000,0.0000,0.0000,-0.0652,IDLE,1,0,step_done_latches_cleared,0,0,0.000,0,nan,nan,nan,0.0000,0,5,0.6050,0.5404,0.3234,0.5404,0.0646,本圈台阶完成,1,0.0000,0.150,0.330
4251.546,SEEK_CROSSWALK,43.479,0,2.834,0.0000,0.0000,vision,2.834,line_bridge_loss,0.0350,-0.0652,0,line_too_few_bands,0.0000,0.0000,0.0000,0.0000,0.0000,0,0.0000,0.0000,0.0000,0.0000,-0.0652,IDLE,1,0,step_done_latches_cleared,0,0,0.000,0,nan,nan,nan,0.0000,0,5,0.6050,0.5404,0.3234,0.5404,0.0646,本圈台阶完成,1,0.0000,0.150,0.330
4251.667,SEEK_CROSSWALK,43.600,0,2.834,0.0000,0.0000,vision,2.834,line_loss_hold,0.0000,0.0000,0,line_too_few_bands,0.0000,0.0000,0.0000,0.0000,0.0000,0,0.0000,0.0000,0.0000,0.0000,0.0000,IDLE,1,0,step_done_latches_cleared,0,0,0.000,0,nan,nan,nan,0.0000,0,5,0.6050,0.5404,0.3234,0.5404,0.0646,本圈台阶完成,1,0.0000,0.150,0.330
4251.787,SEEK_CROSSWALK,43.719,0,2.834,0.4000,0.0000,vision,2.834,tracking,0.0455,0.2775,1,line_curve_center_riding,-0.6248,-0.6156,-0.7690,-0.8395,0.6994,5,0.1533,0.0705,0.2238,-0.7414,0.2775,IDLE,1,0,step_done_latches_cleared,0,0,0.000,0,nan,nan,nan,0.0000,0,5,0.6050,0.5404,0.3234,0.5404,0.0646,本圈台阶完成,1,0.0000,0.150,0.330
4251.904,SEEK_CROSSWALK,43.837,0,2.834,0.0000,0.0000,vision,2.834,line_bridge_loss,0.0350,0.1110,0,line_too_few_bands,0.0000,0.0000,0.0000,0.0000,0.0000,0,0.0000,0.0000,0.0000,0.0000,0.1110,IDLE,1,0,step_done_latches_cleared,0,0,0.000,0,nan,nan,nan,0.0000,0,5,0.6050,0.5404,0.3234,0.5404,0.0646,本圈台阶完成,1,0.0000,0.150,0.330
4252.015,SEEK_CROSSWALK,43.948,0,2.834,0.0000,0.0000,vision,2.834,line_bridge_loss,0.0350,0.1110,0,line_too_few_bands,0.0000,0.0000,0.0000,0.0000,0.0000,0,0.0000,0.0000,0.0000,0.0000,0.1110,IDLE,1,0,step_done_latches_cleared,0,0,0.000,0,nan,nan,nan,0.0000,0,5,0.6050,0.5404,0.3234,0.5404,0.0646,本圈台阶完成,1,0.0000,0.150,0.330
4252.131,SEEK_CROSSWALK,44.064,0,2.834,0.8000,0.0000,vision,2.834,tracking,0.0791,0.4009,1,line_hard_turn_centering,-0.5327,-0.5222,-0.6277,-0.6941,0.8844,7,0.1056,0.0663,0.1719,-0.6147,0.4009,IDLE,1,0,step_done_latches_cleared,0,0,0.000,0,nan,nan,nan,0.0000,0,5,0.6050,0.5404,0.3234,0.5404,0.0646,本圈台阶完成,1,0.0000,0.150,0.330
4252.262,SEEK_CROSSWALK,44.194,0,2.834,0.4000,0.0000,vision,2.834,tracking,0.1287,0.4432,1,line_curve_center_riding,-0.4324,-0.4234,-0.5737,-0.6541,0.9621,8,0.1503,0.0804,0.2307,-0.5504,0.4432,IDLE,1,0,step_done_latches_cleared,0,0,0.000,0,nan,nan,nan,0.0000,0,5,0.6050,0.5404,0.3234,0.5404,0.0646,本圈台阶完成,1,0.0000,0.150,0.330
4252.385,SEEK_CROSSWALK,44.317,0,2.834,0.6000,0.0000,vision,2.834,tracking,0.1470,0.4005,1,line_curve_center_riding,-0.3402,-0.3322,-0.4656,-0.5354,0.7090,5,0.1333,0.0698,0.2031,-0.4444,0.4005,IDLE,1,0,step_done_latches_cleared,0,0,0.000,0,nan,nan,nan,0.0000,0,5,0.6050,0.5404,0.3234,0.5404,0.0646,本圈台阶完成,1,0.0000,0.150,0.330
4252.500,SEEK_CROSSWALK,44.432,0,2.834,0.0000,0.0000,vision,2.834,tracking,0.1700,0.3085,1,line_curve_center_riding,-0.2123,-0.2034,-0.3519,-0.4141,0.7007,5,0.1485,0.0622,0.2107,-0.3231,0.3085,IDLE,1,0,step_done_latches_cleared,0,0,0.000,0,nan,nan,nan,0.0000,0,5,0.6050,0.5404,0.3234,0.5404,0.0646,本圈台阶完成,1,0.0000,0.150,0.330
4252.612,SEEK_CROSSWALK,44.544,0,2.834,0.0000,0.0000,vision,2.834,tracking,0.1884,0.2394,1,line_center_tracking,-0.1604,-0.1432,-0.2044,-0.2044,0.6217,4,0.0612,0.0000,0.0612,-0.1840,0.2394,IDLE,1,0,step_done_latches_cleared,0,0,0.000,0,nan,nan,nan,0.0000,0,5,0.6050,0.5404,0.3234,0.5404,0.0646,本圈台阶完成,1,0.0000,0.150,0.330
4252.720,SEEK_CROSSWALK,44.653,0,2.834,0.0000,0.0000,vision,2.834,tracking,0.1700,0.1512,1,line_curve_center_riding,-0.0664,-0.0568,-0.2172,-0.2885,0.6057,4,0.1604,0.0713,0.2318,-0.1875,0.1512,IDLE,1,0,step_done_latches_cleared,0,0,0.000,0,nan,nan,nan,0.0000,0,5,0.6050,0.5404,0.3234,0.5404,0.0646,本圈台阶完成,1,0.0000,0.150,0.330
4252.835,SEEK_CROSSWALK,44.767,0,2.834,0.2000,0.0000,vision,2.834,tracking,0.1700,0.1041,1,line_curve_center_riding,-0.0507,-0.0424,-0.1800,-0.3191,0.9677,8,0.1376,0.1390,0.2766,-0.1805,0.1041,IDLE,1,0,step_done_latches_cleared,0,0,0.000,0,nan,nan,nan,0.0000,0,5,0.6050,0.5404,0.3234,0.5404,0.0646,本圈台阶完成,1,0.0000,0.150,0.330
4252.951,SEEK_CROSSWALK,44.884,0,2.834,0.2000,0.0000,vision,2.834,tracking,0.1700,0.0705,1,line_curve_center_riding,-0.0339,-0.0262,-0.1546,-0.2675,0.9719,8,0.1285,0.1129,0.2413,-0.1494,0.0705,IDLE,1,0,step_done_latches_cleared,0,0,0.000,0,nan,nan,nan,0.0000,0,5,0.6050,0.5404,0.3234,0.5404,0.0646,本圈台阶完成,1,0.0000,0.150,0.330
4253.067,SEEK_CROSSWALK,45.000,0,2.834,0.0000,0.0000,vision,2.834,tracking,0.1700,0.0471,1,line_curve_center_riding,-0.0219,-0.0146,-0.1360,-0.1923,0.7079,5,0.1215,0.0563,0.1777,-0.1143,0.0471,IDLE,1,0,step_done_latches_cleared,0,0,0.000,0,nan,nan,nan,0.0000,0,5,0.6050,0.5404,0.3234,0.5404,0.0646,本圈台阶完成,1,0.0000,0.150,0.330
4253.182,SEEK_CROSSWALK,45.114,0,2.834,0.0000,0.0000,vision,2.834,tracking,0.1700,0.0233,1,line_curve_center_riding,-0.0008,0.0065,-0.1148,-0.2245,0.8855,7,0.1213,0.1097,0.2310,-0.1109,0.0233,IDLE,1,0,step_done_latches_cleared,0,0,0.000,0,nan,nan,nan,0.0000,0,5,0.6050,0.5404,0.3234,0.5404,0.0646,本圈台阶完成,1,0.0000,0.150,0.330
4253.295,SEEK_CROSSWALK,45.228,0,2.834,0.0000,0.0000,vision,2.834,tracking,0.1700,-0.0008,1,line_curve_center_riding,0.0215,0.0286,-0.0900,-0.1956,0.7946,6,0.1186,0.1056,0.2242,-0.0857,-0.0008,IDLE,1,0,step_done_latches_cleared,0,0,0.000,0,nan,nan,nan,0.0000,0,5,0.6050,0.5404,0.3234,0.5404,0.0646,本圈台阶完成,1,0.0000,0.150,0.330
4253.402,SEEK_CROSSWALK,45.335,0,2.834,0.2000,0.0000,vision,2.834,tracking,0.1700,-0.0152,1,line_curve_center_riding,0.0274,0.0343,-0.0813,-0.1804,0.9753,8,0.1156,0.0992,0.2148,-0.0758,-0.0152,IDLE,1,0,step_done_latches_cleared,0,0,0.000,0,nan,nan,nan,0.0000,0,5,0.6050,0.5404,0.3234,0.5404,0.0646,本圈台阶完成,1,0.0000,0.150,0.330
4253.527,SEEK_CROSSWALK,45.459,0,2.834,0.2000,0.0000,vision,2.834,tracking,0.1700,-0.0232,1,line_curve_center_riding,0.0295,0.0365,-0.0795,-0.1762,0.9763,8,0.1159,0.0968,0.2127,-0.0731,-0.0232,IDLE,1,0,step_done_latches_cleared,0,0,0.000,0,nan,nan,nan,0.0000,0,5,0.6050,0.5404,0.3234,0.5404,0.0646,本圈台阶完成,1,0.0000,0.150,0.330
4253.645,SEEK_CROSSWALK,45.578,0,2.834,0.2000,0.0000,vision,2.834,tracking,0.1700,-0.0177,1,line_curve_center_riding,0.0131,0.0196,-0.0889,-0.1816,0.9767,8,0.1085,0.0927,0.2012,-0.0836,-0.0177,IDLE,1,0,step_done_latches_cleared,0,0,0.000,0,nan,nan,nan,0.0000,0,5,0.6050,0.5404,0.3234,0.5404,0.0646,本圈台阶完成,1,0.0000,0.150,0.330
4253.767,SEEK_CROSSWALK,45.700,0,2.834,0.0000,0.0000,vision,2.834,tracking,0.1700,-0.0004,1,line_curve_center_riding,-0.0134,-0.0066,-0.1207,-0.2084,0.9762,8,0.1142,0.0877,0.2018,-0.1119,-0.0004,IDLE,1,0,step_done_latches_cleared,0,0,0.000,0,nan,nan,nan,0.0000,0,5,0.6050,0.5404,0.3234,0.5404,0.0646,本圈台阶完成,1,0.0000,0.150,0.330
4253.895,SEEK_CROSSWALK,45.827,0,2.834,0.4000,0.0000,vision,2.834,tracking,0.1700,0.0196,1,line_curve_center_riding,-0.0354,-0.0295,-0.1274,-0.2948,0.9617,8,0.0979,0.1675,0.2653,-0.1506,0.0196,IDLE,1,0,step_done_latches_cleared,0,0,0.000,0,nan,nan,nan,0.0000,0,5,0.6050,0.5404,0.3234,0.5404,0.0646,本圈台阶完成,1,0.0000,0.150,0.330
4254.007,SEEK_CROSSWALK,45.940,0,2.834,0.2000,0.0000,vision,2.834,tracking,0.1700,0.0401,1,line_curve_center_riding,-0.0546,-0.0489,-0.1427,-0.2434,0.9757,8,0.0937,0.1007,0.1945,-0.1450,0.0401,IDLE,1,0,step_done_latches_cleared,0,0,0.000,0,nan,nan,nan,0.0000,0,5,0.6050,0.5404,0.3234,0.5404,0.0646,本圈台阶完成,1,0.0000,0.150,0.330
4254.118,SEEK_CROSSWALK,46.050,0,2.834,0.2000,0.0000,vision,2.834,tracking,0.2120,0.0704,1,line_center_tracking,-0.0901,-0.0649,-0.1548,-0.2373,0.9796,8,0.0898,0.0826,0.1724,-0.1523,0.0704,IDLE,1,0,step_done_latches_cleared,0,0,0.000,0,nan,nan,nan,0.0000,0,5,0.6050,0.5404,0.3234,0.5404,0.0646,本圈台阶完成,1,0.0000,0.150,0.330
4254.231,SEEK_CROSSWALK,46.164,0,2.834,0.4000,0.0000,vision,2.834,tracking,0.2263,0.0921,1,line_center_tracking,-0.1050,-0.0813,-0.1661,-0.2417,0.9814,8,0.0848,0.0756,0.1605,-0.1630,0.0921,IDLE,1,0,step_done_latches_cleared,0,0,0.000,0,nan,nan,nan,0.0000,0,5,0.6050,0.5404,0.3234,0.5404,0.0646,本圈台阶完成,1,0.0000,0.150,0.330
4254.343,SEEK_CROSSWALK,46.276,0,2.834,0.4000,0.0000,vision,2.834,tracking,0.2223,0.1077,1,line_center_tracking,-0.1139,-0.0932,-0.1672,-0.2428,0.9822,8,0.0740,0.0756,0.1496,-0.1677,0.1077,IDLE,1,0,step_done_latches_cleared,0,0,0.000,0,nan,nan,nan,0.0000,0,5,0.6050,0.5404,0.3234,0.5404,0.0646,本圈台阶完成,1,0.0000,0.150,0.330
4254.460,SEEK_CROSSWALK,46.393,0,2.834,0.4000,0.0000,vision,2.834,tracking,0.2196,0.1183,1,line_center_tracking,-0.1196,-0.0996,-0.1710,-0.2384,0.9837,8,0.0713,0.0674,0.1388,-0.1696,0.1183,IDLE,1,0,step_done_latches_cleared,0,0,0.000,0,nan,nan,nan,0.0000,0,5,0.6050,0.5404,0.3234,0.5404,0.0646,本圈台阶完成,1,0.0000,0.150,0.330
4254.575,CROSSWALK_APPROACH,0.000,0,2.834,0.6000,0.0000,vision,2.834,tracking,0.2191,0.1200,1,line_center_tracking,-0.1111,-0.0892,-0.1676,-0.2274,0.9831,8,0.0784,0.0599,0.1383,-0.1614,0.1200,IDLE,1,0,step_done_latches_cleared,0,0,0.000,0,nan,nan,nan,0.0000,0,5,0.6050,0.5404,0.3234,0.5404,0.0646,本圈台阶完成,1,0.0000,0.150,0.330
4254.707,CROSSWALK_APPROACH,0.132,0,2.834,0.4000,0.0000,vision,2.834,tracking,0.2196,0.1184,1,line_center_tracking,-0.1083,-0.0901,-0.1553,-0.2094,0.9861,8,0.0652,0.0541,0.1193,-0.1516,0.1184,IDLE,1,0,step_done_latches_cleared,0,0,0.000,0,nan,nan,nan,0.0000,0,5,0.6050,0.5404,0.3234,0.5404,0.0646,本圈台阶完成,1,0.0000,0.150,0.330
4254.822,CROSSWALK_APPROACH,0.248,0,2.834,0.4000,0.0000,vision,2.834,tracking,0.2208,0.1135,1,line_center_tracking,-0.1013,-0.0859,-0.1410,-0.1900,0.9878,8,0.0551,0.0490,0.1041,-0.1389,0.1135,IDLE,1,0,step_done_latches_cleared,0,0,0.000,0,nan,nan,nan,0.0000,0,5,0.6050,0.5404,0.3234,0.5404,0.0646,本圈台阶完成,1,0.0000,0.150,0.330
4254.938,CROSSWALK_APPROACH,0.364,0,2.834,0.4000,0.0000,vision,2.834,tracking,0.2219,0.1092,1,line_center_tracking,-0.0973,-0.0838,-0.1322,-0.1777,0.9890,8,0.0484,0.0455,0.0939,-0.1312,0.1092,IDLE,1,0,step_done_latches_cleared,0,0,0.000,0,nan,nan,nan,0.0000,0,5,0.6050,0.5404,0.3234,0.5404,0.0646,本圈台阶完成,1,0.0000,0.150,0.330
4255.050,CROSSWALK_APPROACH,0.475,0,2.834,0.4000,0.0000,vision,2.834,tracking,0.2232,0.1042,1,line_center_tracking,-0.0923,-0.0800,-0.1240,-0.1637,0.9904,8,0.0440,0.0397,0.0836,-0.1226,0.1042,IDLE,1,0,step_done_latches_cleared,0,0,0.000,0,nan,nan,nan,0.0000,0,5,0.6050,0.5404,0.3234,0.5404,0.0646,本圈台阶完成,1,0.0000,0.150,0.330
4255.165,CROSSWALK_APPROACH,0.591,0,2.834,0.4000,0.0000,vision,2.834,tracking,0.2263,0.0921,1,line_center_tracking,-0.0755,-0.0643,-0.1045,-0.1394,0.9914,8,0.0402,0.0348,0.0751,-0.1027,0.0921,IDLE,1,0,step_done_latches_cleared,0,0,0.000,0,nan,nan,nan,0.0000,0,5,0.6050,0.5404,0.3234,0.5404,0.0646,本圈台阶完成,1,0.0000,0.150,0.330
4255.297,CROSSWALK_APPROACH,0.722,0,2.834,0.4000,0.0000,vision,2.834,tracking,0.2293,0.0807,1,line_center_tracking,-0.0645,-0.0546,-0.0899,-0.1212,0.9922,8,0.0353,0.0313,0.0666,-0.0885,0.0807,IDLE,1,0,step_done_latches_cleared,0,0,0.000,0,nan,nan,nan,0.0000,0,5,0.6050,0.5404,0.3234,0.5404,0.0646,本圈台阶完成,1,0.0000,0.150,0.330
4255.418,CROSSWALK_STOP,0.000,0,2.834,0.4000,0.0000,vision,2.834,crosswalk_stop,0.0000,0.0000,1,line_center_tracking,-0.0565,-0.0474,-0.0796,-0.1073,0.9931,8,0.0322,0.0277,0.0599,-0.0781,0.0000,IDLE,1,0,step_done_latches_cleared,0,0,0.000,0,nan,nan,nan,0.0000,0,5,0.6050,0.5404,0.3234,0.5404,0.0646,本圈台阶完成,1,0.0000,0.150,0.330
4255.540,CROSSWALK_STOP,0.122,0,2.834,0.6000,0.0000,vision,2.834,crosswalk_stop,0.0000,0.0000,1,line_center_tracking,-0.0517,-0.0436,-0.0725,-0.0964,0.9061,7,0.0289,0.0239,0.0528,-0.0708,0.0000,IDLE,1,0,step_done_latches_cleared,0,0,0.000,0,nan,nan,nan,0.0000,0,5,0.6050,0.5404,0.3234,0.5404,0.0646,本圈台阶完成,1,0.0000,0.150,0.330
4255.662,CROSSWALK_STOP,0.244,0,2.834,0.4000,0.0000,vision,2.834,crosswalk_stop,0.0000,0.0000,1,line_center_tracking,-0.0516,-0.0443,-0.0703,-0.0933,0.9944,8,0.0260,0.0230,0.0490,-0.0693,0.0000,IDLE,1,0,step_done_latches_cleared,0,0,0.000,0,nan,nan,nan,0.0000,0,5,0.6050,0.5404,0.3234,0.5404,0.0646,本圈台阶完成,1,0.0000,0.150,0.330
4255.781,CROSSWALK_STOP,0.363,0,2.834,0.6000,0.0000,vision,2.834,crosswalk_stop,0.0000,0.0000,1,line_center_tracking,-0.0605,-0.0539,-0.0775,-0.0975,0.9948,8,0.0235,0.0200,0.0436,-0.0763,0.0000,IDLE,1,0,step_done_latches_cleared,0,0,0.000,0,nan,nan,nan,0.0000,0,5,0.6050,0.5404,0.3234,0.5404,0.0646,本圈台阶完成,1,0.0000,0.150,0.330
4255.923,CROSSWALK_STOP,0.505,0,2.834,0.2000,0.0000,vision,2.834,crosswalk_stop,0.0000,0.0000,1,line_center_tracking,-0.0732,-0.0686,-0.0850,-0.1080,0.9924,8,0.0164,0.0230,0.0394,-0.0872,0.0000,IDLE,1,0,step_done_latches_cleared,0,0,0.000,0,nan,nan,nan,0.0000,0,5,0.6050,0.5404,0.3234,0.5404,0.0646,本圈台阶完成,1,0.0000,0.150,0.330
4256.046,CROSSWALK_STOP,0.628,0,2.834,0.2000,0.0000,vision,2.834,crosswalk_stop,0.0000,0.0000,1,line_center_tracking,-0.0838,-0.0786,-0.0972,-0.1168,0.9957,8,0.0186,0.0196,0.0382,-0.0975,0.0000,IDLE,1,0,step_done_latches_cleared,0,0,0.000,0,nan,nan,nan,0.0000,0,5,0.6050,0.5404,0.3234,0.5404,0.0646,本圈台阶完成,1,0.0000,0.150,0.330
4256.179,CROSSWALK_STOP,0.761,0,2.834,0.2000,0.0000,vision,2.834,crosswalk_stop,0.0000,0.0000,1,line_center_tracking,-0.0926,-0.0875,-0.1058,-0.1244,0.9956,8,0.0183,0.0186,0.0369,-0.1059,0.0000,IDLE,1,0,step_done_latches_cleared,0,0,0.000,0,nan,nan,nan,0.0000,0,5,0.6050,0.5404,0.3234,0.5404,0.0646,本圈台阶完成,1,0.0000,0.150,0.330
4256.312,CROSSWALK_STOP,0.894,0,2.834,0.4000,0.0000,vision,2.834,crosswalk_stop,0.0000,0.0000,1,line_center_tracking,-0.1076,-0.1043,-0.1162,-0.1298,0.9900,8,0.0119,0.0136,0.0255,-0.1168,0.0000,IDLE,1,0,step_done_latches_cleared,0,0,0.000,0,nan,nan,nan,0.0000,0,5,0.6050,0.5404,0.3234,0.5404,0.0646,本圈台阶完成,1,0.0000,0.150,0.330
4256.441,CROSSWALK_STOP,1.023,0,2.834,0.2000,0.0000,vision,2.834,crosswalk_stop,0.0000,0.0000,1,line_center_tracking,-0.1047,-0.0998,-0.1173,-0.1334,0.9954,8,0.0175,0.0161,0.0336,-0.1169,0.0000,IDLE,1,0,step_done_latches_cleared,0,0,0.000,0,nan,nan,nan,0.0000,0,5,0.6050,0.5404,0.3234,0.5404,0.0646,本圈台阶完成,1,0.0000,0.150,0.330
4256.572,CROSSWALK_STOP,1.154,0,2.834,0.2000,0.0000,vision,2.834,crosswalk_stop,0.0000,0.0000,1,line_center_tracking,-0.0997,-0.0942,-0.1141,-0.1307,0.9958,8,0.0199,0.0167,0.0365,-0.1130,0.0000,IDLE,1,0,step_done_latches_cleared,0,0,0.000,0,nan,nan,nan,0.0000,0,5,0.6050,0.5404,0.3234,0.5404,0.0646,本圈台阶完成,1,0.0000,0.150,0.330
4256.720,CROSSWALK_STOP,1.302,0,2.834,0.2000,0.0000,vision,2.834,crosswalk_stop,0.0000,0.0000,1,line_center_tracking,-0.0955,-0.0902,-0.1092,-0.1275,0.9956,8,0.0190,0.0183,0.0373,-0.1090,0.0000,IDLE,1,0,step_done_latches_cleared,0,0,0.000,0,nan,nan,nan,0.0000,0,5,0.6050,0.5404,0.3234,0.5404,0.0646,本圈台阶完成,1,0.0000,0.150,0.330
4256.856,CROSSWALK_STOP,1.438,0,2.834,0.2000,0.0000,vision,2.834,crosswalk_stop,0.0000,0.0000,1,line_center_tracking,-0.0955,-0.0895,-0.1109,-0.1304,0.9953,8,0.0214,0.0195,0.0409,-0.1103,0.0000,IDLE,1,0,step_done_latches_cleared,0,0,0.000,0,nan,nan,nan,0.0000,0,5,0.6050,0.5404,0.3234,0.5404,0.0646,本圈台阶完成,1,0.0000,0.150,0.330
4256.991,CROSSWALK_STOP,1.573,0,2.834,0.2000,0.0000,vision,2.834,crosswalk_stop,0.0000,0.0000,1,line_center_tracking,-0.0887,-0.0825,-0.1046,-0.1237,0.9953,8,0.0221,0.0191,0.0412,-0.1036,0.0000,IDLE,1,0,step_done_latches_cleared,0,0,0.000,0,nan,nan,nan,0.0000,0,5,0.6050,0.5404,0.3234,0.5404,0.0646,本圈台阶完成,1,0.0000,0.150,0.330
4257.125,CROSSWALK_STOP,1.707,0,2.834,0.4000,0.0000,vision,2.834,crosswalk_stop,0.0000,0.0000,1,line_center_tracking,-0.0824,-0.0759,-0.0992,-0.1210,0.9948,8,0.0233,0.0218,0.0451,-0.0987,0.0000,IDLE,1,0,step_done_latches_cleared,0,0,0.000,0,nan,nan,nan,0.0000,0,5,0.6050,0.5404,0.3234,0.5404,0.0646,本圈台阶完成,1,0.0000,0.150,0.330
4257.269,CROSSWALK_STOP,1.851,0,2.834,0.4000,0.0000,vision,2.834,crosswalk_stop,0.0000,0.0000,1,line_center_tracking,-0.0889,-0.0833,-0.1033,-0.1218,0.9910,8,0.0200,0.0185,0.0385,-0.1028,0.0000,IDLE,1,0,step_done_latches_cleared,0,0,0.000,0,nan,nan,nan,0.0000,0,5,0.6050,0.5404,0.3234,0.5404,0.0646,本圈台阶完成,1,0.0000,0.150,0.330
4257.407,CROSSWALK_STOP,1.989,0,2.834,0.4000,0.0000,vision,2.834,crosswalk_stop,0.0000,0.0000,1,line_center_tracking,-0.0756,-0.0674,-0.0966,-0.1194,0.9936,8,0.0293,0.0228,0.0520,-0.0945,0.0000,IDLE,1,0,step_done_latches_cleared,0,0,0.000,0,nan,nan,nan,0.0000,0,5,0.6050,0.5404,0.3234,0.5404,0.0646,本圈台阶完成,1,0.0000,0.150,0.330
4257.543,CROSSWALK_STOP,2.125,0,2.834,0.4000,0.0000,vision,2.834,crosswalk_stop,0.0000,0.0000,1,line_center_tracking,-0.0698,-0.0615,-0.0911,-0.1166,0.9936,8,0.0296,0.0255,0.0551,-0.0898,0.0000,IDLE,1,0,step_done_latches_cleared,0,0,0.000,0,nan,nan,nan,0.0000,0,5,0.6050,0.5404,0.3234,0.5404,0.0646,本圈台阶完成,1,0.0000,0.150,0.330
4257.673,CROSSWALK_STOP,2.255,0,2.834,0.4000,0.0000,vision,2.834,crosswalk_stop,0.0000,0.0000,1,line_center_tracking,-0.0660,-0.0572,-0.0886,-0.1151,0.9931,8,0.0314,0.0265,0.0579,-0.0869,0.0000,IDLE,1,0,step_done_latches_cleared,0,0,0.000,0,nan,nan,nan,0.0000,0,5,0.6050,0.5404,0.3234,0.5404,0.0646,本圈台阶完成,1,0.0000,0.150,0.330
4257.811,CROSSWALK_STOP,2.393,0,2.834,0.4000,0.0000,vision,2.834,crosswalk_stop,0.0000,0.0000,1,line_center_tracking,-0.0654,-0.0563,-0.0888,-0.1158,0.9931,8,0.0326,0.0269,0.0595,-0.0870,0.0000,IDLE,1,0,step_done_latches_cleared,0,0,0.000,0,nan,nan,nan,0.0000,0,5,0.6050,0.5404,0.3234,0.5404,0.0646,本圈台阶完成,1,0.0000,0.150,0.330
4257.950,CROSSWALK_STOP,2.533,0,2.834,0.2000,0.0000,vision,2.834,crosswalk_stop,0.0000,0.0000,1,line_center_tracking,-0.0570,-0.0475,-0.0813,-0.1109,0.9928,8,0.0338,0.0296,0.0634,-0.0799,0.0000,IDLE,1,0,step_done_latches_cleared,0,0,0.000,0,nan,nan,nan,0.0000,0,5,0.6050,0.5404,0.3234,0.5404,0.0646,本圈台阶完成,1,0.0000,0.150,0.330
4258.083,CROSSWALK_STOP,2.665,0,2.834,0.4000,0.0000,vision,2.834,crosswalk_stop,0.0000,0.0000,1,line_center_tracking,-0.0500,-0.0400,-0.0757,-0.1050,0.9925,8,0.0357,0.0293,0.0649,-0.0736,0.0000,IDLE,1,0,step_done_latches_cleared,0,0,0.000,0,nan,nan,nan,0.0000,0,5,0.6050,0.5404,0.3234,0.5404,0.0646,本圈台阶完成,1,0.0000,0.150,0.330
4258.222,CROSSWALK_STOP,2.804,0,2.834,0.4000,0.0000,vision,2.834,crosswalk_stop,0.0000,0.0000,1,line_center_tracking,-0.0446,-0.0341,-0.0715,-0.1018,0.9920,8,0.0374,0.0303,0.0677,-0.0691,0.0000,IDLE,1,0,step_done_latches_cleared,0,0,0.000,0,nan,nan,nan,0.0000,0,5,0.6050,0.5404,0.3234,0.5404,0.0646,本圈台阶完成,1,0.0000,0.150,0.330
4258.356,CROSSWALK_STOP,2.938,0,2.834,0.6000,0.0000,vision,2.834,crosswalk_stop,0.0000,0.0000,1,line_curve_center_riding,-0.0068,0.0022,-0.1465,-0.3066,0.6916,5,0.1486,0.1601,0.3087,-0.1503,0.0000,IDLE,1,0,step_done_latches_cleared,0,0,0.000,0,nan,nan,nan,0.0000,0,5,0.6050,0.5404,0.3234,0.5404,0.0646,本圈台阶完成,1,0.0000,0.150,0.330
4258.485,CROSSWALK_STOP,3.068,0,2.834,0.6000,0.0000,vision,2.834,crosswalk_stop,0.0000,0.0000,1,line_center_tracking,-0.0374,-0.0216,-0.0782,-0.1161,0.8963,7,0.0566,0.0379,0.0945,-0.0720,0.0000,IDLE,1,0,step_done_latches_cleared,0,0,0.000,0,nan,nan,nan,0.0000,0,5,0.6050,0.5404,0.3234,0.5404,0.0646,本圈台阶完成,1,0.0000,0.150,0.330
4258.598,CROSSWALK_STOP,3.180,0,2.834,0.4000,0.0000,vision,2.834,crosswalk_stop,0.0000,0.0000,1,line_center_tracking,-0.0307,-0.0192,-0.0604,-0.0934,0.9916,8,0.0412,0.0330,0.0742,-0.0576,0.0000,IDLE,1,0,step_done_latches_cleared,0,0,0.000,0,nan,nan,nan,0.0000,0,5,0.6050,0.5404,0.3234,0.5404,0.0646,本圈台阶完成,1,0.0000,0.150,0.330
4258.719,CROSSWALK_STOP,3.301,0,2.834,0.2000,0.0000,vision,2.834,crosswalk_stop,0.0000,0.0000,1,line_center_tracking,-0.0268,-0.0156,-0.0556,-0.0865,0.9918,8,0.0400,0.0310,0.0709,-0.0526,0.0000,IDLE,1,0,step_done_latches_cleared,0,0,0.000,0,nan,nan,nan,0.0000,0,5,0.6050,0.5404,0.3234,0.5404,0.0646,本圈台阶完成,1,0.0000,0.150,0.330
4258.837,CROSSWALK_STOP,3.419,0,2.834,0.8000,0.0000,vision,2.834,crosswalk_stop,0.0000,0.0000,1,line_center_tracking,-0.0246,-0.0125,-0.0558,-0.0789,0.9033,7,0.0433,0.0230,0.0663,-0.0491,0.0000,IDLE,1,0,step_done_latches_cleared,0,0,0.000,0,nan,nan,nan,0.0000,0,5,0.6050,0.5404,0.3234,0.5404,0.0646,本圈台阶完成,1,0.0000,0.150,0.330
4258.970,CROSSWALK_STOP,3.552,0,2.834,0.2000,0.0000,vision,2.834,crosswalk_stop,0.0000,0.0000,1,line_center_tracking,-0.0131,-0.0024,-0.0406,-0.0728,0.9918,8,0.0381,0.0323,0.0704,-0.0386,0.0000,IDLE,1,0,step_done_latches_cleared,0,0,0.000,0,nan,nan,nan,0.0000,0,5,0.6050,0.5404,0.3234,0.5404,0.0646,本圈台阶完成,1,0.0000,0.150,0.330
4259.103,CROSSWALK_STOP,3.685,0,2.834,0.4000,0.0000,vision,2.834,crosswalk_stop,0.0000,0.0000,1,line_center_tracking,-0.0077,0.0031,-0.0353,-0.0662,0.9919,8,0.0384,0.0309,0.0693,-0.0328,0.0000,IDLE,1,0,step_done_latches_cleared,0,0,0.000,0,nan,nan,nan,0.0000,0,5,0.6050,0.5404,0.3234,0.5404,0.0646,本圈台阶完成,1,0.0000,0.150,0.330
4259.233,CROSSWALK_STOP,3.815,0,2.834,0.2000,0.0000,vision,2.834,crosswalk_stop,0.0000,0.0000,1,line_center_tracking,-0.0065,0.0040,-0.0335,-0.0641,0.9919,8,0.0375,0.0307,0.0682,-0.0312,0.0000,IDLE,1,0,step_done_latches_cleared,0,0,0.000,0,nan,nan,nan,0.0000,0,5,0.6050,0.5404,0.3234,0.5404,0.0646,本圈台阶完成,1,0.0000,0.150,0.330
4259.354,CROSSWALK_STOP,3.936,0,2.834,0.4000,0.0000,vision,2.834,crosswalk_stop,0.0000,0.0000,1,line_center_tracking,-0.0028,0.0089,-0.0330,-0.0685,0.9897,8,0.0419,0.0355,0.0775,-0.0309,0.0000,IDLE,1,0,step_done_latches_cleared,0,0,0.000,0,nan,nan,nan,0.0000,0,5,0.6050,0.5404,0.3234,0.5404,0.0646,本圈台阶完成,1,0.0000,0.150,0.330
4259.468,CROSSWALK_STOP,4.050,0,2.834,0.4000,0.0000,vision,2.834,crosswalk_stop,0.0000,0.0000,1,line_center_tracking,-0.0085,0.0022,-0.0358,-0.0686,0.9922,8,0.0379,0.0328,0.0708,-0.0341,0.0000,IDLE,1,0,step_done_latches_cleared,0,0,0.000,0,nan,nan,nan,0.0000,0,5,0.6050,0.5404,0.3234,0.5404,0.0646,本圈台阶完成,1,0.0000,0.150,0.330
4259.580,CROSSWALK_STOP,4.162,0,2.834,0.6000,0.0000,vision,2.834,crosswalk_stop,0.0000,0.0000,1,line_center_tracking,-0.0086,0.0008,-0.0327,-0.0689,0.9904,8,0.0335,0.0362,0.0698,-0.0336,0.0000,IDLE,1,0,step_done_latches_cleared,0,0,0.000,0,nan,nan,nan,0.0000,0,5,0.6050,0.5404,0.3234,0.5404,0.0646,本圈台阶完成,1,0.0000,0.150,0.330
4259.703,CROSSWALK_STOP,4.285,0,2.834,0.6000,0.0000,vision,2.834,crosswalk_stop,0.0000,0.0000,1,line_center_tracking,-0.0139,-0.0038,-0.0400,-0.0722,0.9924,8,0.0361,0.0322,0.0684,-0.0387,0.0000,IDLE,1,0,step_done_latches_cleared,0,0,0.000,0,nan,nan,nan,0.0000,0,5,0.6050,0.5404,0.3234,0.5404,0.0646,本圈台阶完成,1,0.0000,0.150,0.330
4259.826,CROSSWALK_STOP,4.408,0,2.834,0.4000,0.0000,vision,2.834,crosswalk_stop,0.0000,0.0000,1,line_center_tracking,-0.0174,-0.0072,-0.0436,-0.0732,0.9046,7,0.0364,0.0296,0.0660,-0.0414,0.0000,IDLE,1,0,step_done_latches_cleared,0,0,0.000,0,nan,nan,nan,0.0000,0,5,0.6050,0.5404,0.3234,0.5404,0.0646,本圈台阶完成,1,0.0000,0.150,0.330
4259.944,CROSSWALK_STOP,4.526,0,2.834,0.4000,0.0000,vision,2.834,crosswalk_stop,0.0000,0.0000,1,line_center_tracking,-0.0137,-0.0004,-0.0481,-0.0757,0.9905,8,0.0477,0.0276,0.0753,-0.0414,0.0000,IDLE,1,0,step_done_latches_cleared,0,0,0.000,0,nan,nan,nan,0.0000,0,5,0.6050,0.5404,0.3234,0.5404,0.0646,本圈台阶完成,1,0.0000,0.150,0.330
4260.075,CROSSWALK_STOP,4.658,0,2.834,0.4000,0.0000,vision,2.834,crosswalk_stop,0.0000,0.0000,1,line_center_tracking,-0.0205,-0.0098,-0.0481,-0.0770,0.9920,8,0.0383,0.0289,0.0672,-0.0450,0.0000,IDLE,1,0,step_done_latches_cleared,0,0,0.000,0,nan,nan,nan,0.0000,0,5,0.6050,0.5404,0.3234,0.5404,0.0646,本圈台阶完成,1,0.0000,0.150,0.330
4260.194,CROSSWALK_STOP,4.776,0,2.834,0.4000,0.0000,vision,2.834,crosswalk_stop,0.0000,0.0000,1,line_center_tracking,-0.0265,-0.0165,-0.0524,-0.0824,0.9042,7,0.0359,0.0301,0.0660,-0.0504,0.0000,IDLE,1,0,step_done_latches_cleared,0,0,0.000,0,nan,nan,nan,0.0000,0,5,0.6050,0.5404,0.3234,0.5404,0.0646,本圈台阶完成,1,0.0000,0.150,0.330
4260.318,CROSSWALK_STOP,4.900,0,2.834,0.4000,0.0000,vision,2.834,crosswalk_stop,0.0000,0.0000,1,line_center_tracking,-0.0317,-0.0221,-0.0566,-0.0871,0.8169,6,0.0345,0.0306,0.0651,-0.0553,0.0000,IDLE,1,0,step_done_latches_cleared,0,0,0.000,0,nan,nan,nan,0.0000,0,5,0.6050,0.5404,0.3234,0.5404,0.0646,本圈台阶完成,1,0.0000,0.150,0.330
4260.438,SEEK_FINISH,0.000,0,2.834,0.8000,0.0000,vision,2.834,tracking,0.0458,0.0274,1,line_center_tracking,-0.0254,-0.0227,-0.0324,-0.0458,0.7919,6,0.0097,0.0134,0.0232,-0.0336,0.0274,IDLE,1,0,step_done_latches_cleared,0,0,0.000,0,nan,nan,nan,0.0000,0,5,0.6050,0.5404,0.3234,0.5404,0.0646,本圈台阶完成,1,0.0000,0.150,0.330
4260.558,SEEK_FINISH,0.119,0,2.834,0.4000,0.0000,vision,2.834,tracking,0.0911,0.0335,1,line_center_tracking,-0.0356,-0.0273,-0.0568,-0.0845,0.9907,8,0.0295,0.0276,0.0571,-0.0562,0.0335,IDLE,1,0,step_done_latches_cleared,0,0,0.000,0,nan,nan,nan,0.0000,0,5,0.6050,0.5404,0.3234,0.5404,0.0646,本圈台阶完成,1,0.0000,0.150,0.330
4260.675,SEEK_FINISH,0.236,0,2.834,0.2000,0.0000,vision,2.834,tracking,0.1356,0.0375,1,line_center_tracking,-0.0384,-0.0294,-0.0614,-0.0893,0.9930,8,0.0321,0.0279,0.0599,-0.0601,0.0375,IDLE,1,0,step_done_latches_cleared,0,0,0.000,0,nan,nan,nan,0.0000,0,5,0.6050,0.5404,0.3234,0.5404,0.0646,本圈台阶完成,1,0.0000,0.150,0.330
4260.791,SEEK_FINISH,0.352,0,2.834,0.4000,0.0000,vision,2.834,tracking,0.1797,0.0369,1,line_center_tracking,-0.0341,-0.0250,-0.0576,-0.0855,0.9930,8,0.0326,0.0279,0.0606,-0.0560,0.0369,IDLE,1,0,step_done_latches_cleared,0,0,0.000,0,nan,nan,nan,0.0000,0,5,0.6050,0.5404,0.3234,0.5404,0.0646,本圈台阶完成,1,0.0000,0.150,0.330
4260.911,SEEK_FINISH,0.472,0,2.834,0.6000,0.0000,vision,2.834,tracking,0.1700,0.0268,1,line_curve_center_riding,-0.0171,-0.0011,-0.2664,-0.3059,0.6883,5,0.2652,0.0395,0.3047,-0.1911,0.0268,IDLE,1,0,step_done_latches_cleared,0,0,0.000,0,nan,nan,nan,0.0000,0,5,0.6050,0.5404,0.3234,0.5404,0.0646,本圈台阶完成,1,0.0000,0.150,0.330
4261.055,SEEK_FINISH,0.617,0,2.834,0.2000,0.0000,vision,2.834,tracking,0.2207,0.0287,1,line_center_tracking,-0.0272,-0.0110,-0.0686,-0.0828,0.9829,8,0.0576,0.0142,0.0718,-0.0541,0.0287,IDLE,1,0,step_done_latches_cleared,0,0,0.000,0,nan,nan,nan,0.0000,0,5,0.6050,0.5404,0.3234,0.5404,0.0646,本圈台阶完成,1,0.0000,0.150,0.330
4261.181,SEEK_FINISH,0.743,0,2.834,0.4000,0.0000,vision,2.834,tracking,0.2432,0.0263,1,line_center_tracking,-0.0226,-0.0120,-0.0497,-0.0716,0.9934,8,0.0377,0.0219,0.0596,-0.0445,0.0263,IDLE,1,0,step_done_latches_cleared,0,0,0.000,0,nan,nan,nan,0.0000,0,5,0.6050,0.5404,0.3234,0.5404,0.0646,本圈台阶完成,1,0.0000,0.150,0.330
4261.310,SEEK_FINISH,0.872,0,2.834,0.4000,0.0000,vision,2.834,tracking,0.2437,0.0227,1,line_center_tracking,-0.0180,-0.0095,-0.0398,-0.0661,0.9935,8,0.0303,0.0264,0.0567,-0.0385,0.0227,IDLE,1,0,step_done_latches_cleared,0,0,0.000,0,nan,nan,nan,0.0000,0,5,0.6050,0.5404,0.3234,0.5404,0.0646,本圈台阶完成,1,0.0000,0.150,0.330
4261.427,SEEK_FINISH,0.989,0,2.834,0.6000,0.0000,vision,2.834,tracking,0.2427,0.0127,1,line_center_tracking,-0.0039,0.0061,-0.0296,-0.0593,0.9886,8,0.0357,0.0297,0.0655,-0.0276,0.0127,IDLE,1,0,step_done_latches_cleared,0,0,0.000,0,nan,nan,nan,0.0000,0,5,0.6050,0.5404,0.3234,0.5404,0.0646,本圈台阶完成,1,0.0000,0.150,0.330
4261.554,SEEK_FINISH,1.115,0,2.834,0.6000,0.0000,vision,2.834,tracking,0.2440,0.0100,1,line_center_tracking,-0.0061,0.0024,-0.0280,-0.0517,0.9941,8,0.0304,0.0237,0.0541,-0.0258,0.0100,IDLE,1,0,step_done_latches_cleared,0,0,0.000,0,nan,nan,nan,0.0000,0,5,0.6050,0.5404,0.3234,0.5404,0.0646,本圈台阶完成,1,0.0000,0.150,0.330
4261.675,SEEK_FINISH,1.237,0,2.834,0.4000,0.0000,vision,2.834,tracking,0.2444,0.0078,1,line_center_tracking,-0.0052,0.0025,-0.0249,-0.0478,0.9068,7,0.0274,0.0229,0.0503,-0.0234,0.0078,IDLE,1,0,step_done_latches_cleared,0,0,0.000,0,nan,nan,nan,0.0000,0,5,0.6050,0.5404,0.3234,0.5404,0.0646,本圈台阶完成,1,0.0000,0.150,0.330
4261.797,SEEK_FINISH,1.359,0,2.834,0.4000,0.0000,vision,2.834,tracking,0.2446,0.0060,1,line_center_tracking,-0.0039,0.0038,-0.0235,-0.0449,0.9943,8,0.0273,0.0213,0.0487,-0.0216,0.0060,IDLE,1,0,step_done_latches_cleared,0,0,0.000,0,nan,nan,nan,0.0000,0,5,0.6050,0.5404,0.3234,0.5404,0.0646,本圈台阶完成,1,0.0000,0.150,0.330
4261.929,SEEK_FINISH,1.490,0,2.834,0.4000,0.0000,vision,2.834,tracking,0.2449,0.0069,1,line_center_tracking,-0.0069,0.0001,-0.0251,-0.0454,0.9946,8,0.0252,0.0203,0.0455,-0.0235,0.0069,IDLE,1,0,step_done_latches_cleared,0,0,0.000,0,nan,nan,nan,0.0000,0,5,0.6050,0.5404,0.3234,0.5404,0.0646,本圈台阶完成,1,0.0000,0.150,0.330
4262.026,SEEK_FINISH,1.587,0,2.834,0.4000,0.0000,vision,2.834,tracking,0.2449,0.0090,1,line_center_tracking,-0.0098,-0.0027,-0.0282,-0.0490,0.9947,8,0.0254,0.0209,0.0463,-0.0266,0.0090,IDLE,1,0,step_done_latches_cleared,0,0,0.000,0,nan,nan,nan,0.0000,0,5,0.6050,0.5404,0.3234,0.5404,0.0646,本圈台阶完成,1,0.0000,0.150,0.330
4262.188,SEEK_FINISH,1.750,0,2.834,0.4000,0.0000,vision,2.834,tracking,0.2452,0.0125,1,line_center_tracking,-0.0148,-0.0082,-0.0316,-0.0512,0.9949,8,0.0234,0.0196,0.0430,-0.0304,0.0125,IDLE,1,0,step_done_latches_cleared,0,0,0.000,0,nan,nan,nan,0.0000,0,5,0.6050,0.5404,0.3234,0.5404,0.0646,本圈台阶完成,1,0.0000,0.150,0.330
4262.334,SEEK_FINISH,1.895,0,2.834,0.4000,0.0000,vision,2.834,tracking,0.2452,0.0167,1,line_center_tracking,-0.0190,-0.0123,-0.0363,-0.0551,0.9950,8,0.0240,0.0188,0.0428,-0.0346,0.0167,IDLE,1,0,step_done_latches_cleared,0,0,0.000,0,nan,nan,nan,0.0000,0,5,0.6050,0.5404,0.3234,0.5404,0.0646,本圈台阶完成,1,0.0000,0.150,0.330
4262.469,SEEK_FINISH,2.030,0,2.834,0.2000,0.0000,vision,2.834,tracking,0.2447,0.0205,1,line_center_tracking,-0.0223,-0.0164,-0.0376,-0.0559,0.9954,8,0.0213,0.0183,0.0396,-0.0366,0.0205,IDLE,1,0,step_done_latches_cleared,0,0,0.000,0,nan,nan,nan,0.0000,0,5,0.6050,0.5404,0.3234,0.5404,0.0646,本圈台阶完成,1,0.0000,0.150,0.330
4262.596,SEEK_FINISH,2.158,0,2.834,0.0000,0.0000,vision,2.834,tracking,0.2443,0.0222,1,line_center_tracking,-0.0224,-0.0162,-0.0383,-0.0562,0.9073,7,0.0222,0.0179,0.0400,-0.0369,0.0222,IDLE,1,0,step_done_latches_cleared,0,0,0.000,0,nan,nan,nan,0.0000,0,5,0.6050,0.5404,0.3234,0.5404,0.0646,本圈台阶完成,1,0.0000,0.150,0.330
4262.712,SEEK_FINISH,2.274,0,2.834,0.0000,0.0000,vision,2.834,tracking,0.2436,0.0248,1,line_center_tracking,-0.0250,-0.0214,-0.0344,-0.0538,0.9088,7,0.0130,0.0193,0.0324,-0.0365,0.0248,IDLE,1,0,step_done_latches_cleared,0,0,0.000,0,nan,nan,nan,0.0000,0,5,0.6050,0.5404,0.3234,0.5404,0.0646,本圈台阶完成,1,0.0000,0.150,0.330
4262.839,SEEK_FINISH,2.401,0,2.834,0.0000,0.0000,vision,2.834,tracking,0.2438,0.0242,1,line_center_tracking,-0.0222,-0.0161,-0.0379,-0.0589,0.9058,7,0.0218,0.0210,0.0428,-0.0377,0.0242,IDLE,1,0,step_done_latches_cleared,0,0,0.000,0,nan,nan,nan,0.0000,0,5,0.6050,0.5404,0.3234,0.5404,0.0646,本圈台阶完成,1,0.0000,0.150,0.330
4262.941,SEEK_FINISH,2.503,0,2.834,0.0000,0.0000,vision,2.834,tracking,0.2444,0.0219,1,line_center_tracking,-0.0185,-0.0134,-0.0318,-0.0489,0.9959,8,0.0185,0.0171,0.0356,-0.0314,0.0219,IDLE,1,0,step_done_latches_cleared,0,0,0.000,0,nan,nan,nan,0.0000,0,5,0.6050,0.5404,0.3234,0.5404,0.0646,本圈台阶完成,1,0.0000,0.150,0.330
4263.053,SEEK_FINISH,2.615,0,2.834,0.0000,0.0000,vision,2.834,tracking,0.2455,0.0146,1,line_center_tracking,-0.0077,-0.0003,-0.0268,-0.0368,0.9071,7,0.0265,0.0100,0.0365,-0.0213,0.0146,IDLE,1,0,step_done_latches_cleared,0,0,0.000,0,nan,nan,nan,0.0000,0,5,0.6050,0.5404,0.3234,0.5404,0.0646,本圈台阶完成,1,0.0000,0.150,0.330
4263.159,SEEK_FINISH,2.721,0,2.834,0.0000,0.0000,vision,2.834,tracking,0.2452,0.0099,1,line_center_tracking,-0.0050,0.0029,-0.0253,-0.0349,0.9919,8,0.0282,0.0096,0.0378,-0.0191,0.0099,IDLE,1,0,step_done_latches_cleared,0,0,0.000,0,nan,nan,nan,0.0000,0,5,0.6050,0.5404,0.3234,0.5404,0.0646,本圈台阶完成,1,0.0000,0.150,0.330
4263.270,SEEK_FINISH,2.832,0,2.834,0.0000,0.0000,vision,2.834,tracking,0.2465,0.0064,1,line_center_tracking,-0.0026,0.0027,-0.0164,-0.0285,0.9963,8,0.0192,0.0121,0.0313,-0.0141,0.0064,IDLE,1,0,step_done_latches_cleared,0,0,0.000,0,nan,nan,nan,0.0000,0,5,0.6050,0.5404,0.3234,0.5404,0.0646,本圈台阶完成,1,0.0000,0.150,0.330
4263.377,SEEK_FINISH,2.939,0,2.834,0.0000,0.0000,vision,2.834,tracking,0.2467,0.0030,1,line_center_tracking,0.0002,0.0047,-0.0113,-0.0254,0.9085,7,0.0160,0.0140,0.0301,-0.0107,0.0030,IDLE,1,0,step_done_latches_cleared,0,0,0.000,0,nan,nan,nan,0.0000,0,5,0.6050,0.5404,0.3234,0.5404,0.0646,本圈台阶完成,1,0.0000,0.150,0.330
4263.482,SEEK_FINISH,3.044,0,2.834,0.0000,0.0000,vision,2.834,tracking,0.2470,0.0014,1,line_center_tracking,0.0003,0.0046,-0.0108,-0.0225,0.9968,8,0.0155,0.0116,0.0271,-0.0096,0.0014,IDLE,1,0,step_done_latches_cleared,0,0,0.000,0,nan,nan,nan,0.0000,0,5,0.6050,0.5404,0.3234,0.5404,0.0646,本圈台阶完成,1,0.0000,0.150,0.330
4263.585,SEEK_FINISH,3.147,0,2.834,0.0000,0.0000,vision,2.834,tracking,0.2467,0.0005,1,line_center_tracking,0.0003,0.0047,-0.0110,-0.0249,0.9965,8,0.0158,0.0138,0.0296,-0.0104,0.0005,IDLE,1,0,step_done_latches_cleared,0,0,0.000,0,nan,nan,nan,0.0000,0,5,0.6050,0.5404,0.3234,0.5404,0.0646,本圈台阶完成,1,0.0000,0.150,0.330
4263.690,SEEK_ROUNDABOUT,0.000,1,0.000,0.0000,0.0000,none,2.834,tracking,0.2468,0.0004,1,line_center_tracking,-0.0004,0.0037,-0.0107,-0.0253,0.9966,8,0.0144,0.0146,0.0290,-0.0108,0.0004,IDLE,0,0,new_lap_step_reset,0,0,0.000,0,nan,nan,nan,0.0000,0,0,0.6050,0.5404,0.3234,0.5404,0.0646,本圈台阶完成,1,0.0000,0.150,0.330
4263.795,SEEK_ROUNDABOUT,0.105,1,0.041,0.0000,0.0000,none,2.834,tracking,0.2471,0.0004,1,line_center_tracking,-0.0004,0.0023,-0.0074,-0.0242,0.9930,8,0.0097,0.0168,0.0265,-0.0098,0.0004,IDLE,0,0,step_zone_before_min seek=0.00<1.25,0,0,0.000,0,nan,nan,nan,0.0000,0,5,0.6050,0.5404,0.3234,0.5404,0.0646,本圈台阶完成,1,0.0000,0.150,0.330
4263.924,SEEK_ROUNDABOUT,0.234,1,0.098,0.0000,0.0000,none,2.834,tracking,0.2479,0.0023,1,line_center_tracking,-0.0037,-0.0018,-0.0085,-0.0204,0.9069,7,0.0067,0.0119,0.0186,-0.0102,0.0023,IDLE,0,0,step_zone_before_min seek=0.04<1.25,0,0,0.000,0,nan,nan,nan,0.0000,0,5,0.6050,0.5404,0.3234,0.5404,0.0646,本圈台阶完成,1,0.0000,0.150,0.330
4264.048,SEEK_ROUNDABOUT,0.358,1,0.141,0.0000,0.0000,none,2.834,tracking,0.2472,0.0043,1,line_center_tracking,-0.0056,-0.0023,-0.0142,-0.0270,0.9096,7,0.0119,0.0128,0.0247,-0.0145,0.0043,IDLE,0,0,step_zone_before_min seek=0.10<1.25,0,0,0.000,0,nan,nan,nan,0.0000,0,5,0.6050,0.5404,0.3234,0.5404,0.0646,本圈台阶完成,1,0.0000,0.150,0.330
4264.170,SEEK_ROUNDABOUT,0.480,1,0.179,0.0000,0.0000,none,2.834,tracking,0.2471,0.0036,1,line_center_tracking,-0.0031,-0.0007,-0.0092,-0.0270,0.9934,8,0.0085,0.0179,0.0263,-0.0123,0.0036,IDLE,0,0,step_zone_before_min seek=0.14<1.25,0,0,0.000,0,nan,nan,nan,0.0000,0,5,0.6050,0.5404,0.3234,0.5404,0.0646,本圈台阶完成,1,0.0000,0.150,0.330
4264.304,SEEK_ROUNDABOUT,0.615,1,0.233,0.0000,0.0000,none,2.834,tracking,0.2458,0.0010,1,line_center_tracking,0.0012,0.0066,-0.0126,-0.0309,0.9919,8,0.0192,0.0183,0.0375,-0.0123,0.0010,IDLE,0,0,step_zone_before_min seek=0.18<1.25,0,0,0.000,0,nan,nan,nan,0.0000,0,5,0.6050,0.5404,0.3234,0.5404,0.0646,本圈台阶完成,1,0.0000,0.150,0.330
4264.428,SEEK_ROUNDABOUT,0.738,1,0.267,0.0000,0.0000,none,2.834,tracking,0.2469,0.0058,1,line_center_tracking,-0.0089,-0.0044,-0.0204,-0.0321,0.9092,7,0.0160,0.0118,0.0277,-0.0190,0.0058,IDLE,0,0,step_zone_before_min seek=0.23<1.25,0,0,0.000,0,nan,nan,nan,0.0000,0,5,0.6050,0.5404,0.3234,0.5404,0.0646,本圈台阶完成,1,0.0000,0.150,0.330
4264.552,SEEK_ROUNDABOUT,0.862,1,0.306,0.0000,0.0000,none,2.834,tracking,0.2451,0.0164,1,line_center_tracking,-0.0238,-0.0250,-0.0208,-0.0326,0.9088,7,0.0043,0.0119,0.0076,-0.0261,0.0164,IDLE,0,0,step_zone_before_min seek=0.27<1.25,0,0,0.000,0,nan,nan,nan,0.0000,0,5,0.6050,0.5404,0.3234,0.5404,0.0646,本圈台阶完成,1,0.0000,0.150,0.330
4264.673,SEEK_ROUNDABOUT,0.984,1,0.346,0.0000,0.0000,none,2.834,tracking,0.2440,0.0061,1,line_center_tracking,0.0013,0.0112,-0.0241,-0.0340,0.9077,7,0.0353,0.0098,0.0451,-0.0156,0.0061,IDLE,0,0,step_zone_before_min seek=0.31<1.25,0,0,0.000,0,nan,nan,nan,0.0000,0,5,0.6050,0.5404,0.3234,0.5404,0.0646,本圈台阶完成,1,0.0000,0.150,0.330
4264.798,SEEK_ROUNDABOUT,1.108,1,0.387,0.0000,0.0000,none,2.834,tracking,0.2472,0.0108,1,line_center_tracking,-0.0127,-0.0102,-0.0193,-0.0295,0.8223,6,0.0091,0.0102,0.0193,-0.0197,0.0108,IDLE,0,0,step_zone_before_min seek=0.35<1.25,0,0,0.000,0,nan,nan,nan,0.0000,0,5,0.6050,0.5404,0.3234,0.5404,0.0646,本圈台阶完成,1,0.0000,0.150,0.330
4264.934,SEEK_ROUNDABOUT,1.244,1,0.417,0.0000,0.0000,none,2.834,tracking,0.2472,0.0085,1,line_center_tracking,-0.0063,-0.0023,-0.0167,-0.0272,0.9974,8,0.0143,0.0106,0.0249,-0.0154,0.0085,IDLE,0,0,step_zone_before_min seek=0.39<1.25,0,0,0.000,0,nan,nan,nan,0.0000,0,5,0.6050,0.5404,0.3234,0.5404,0.0646,本圈台阶完成,1,0.0000,0.150,0.330
4265.051,SEEK_ROUNDABOUT,1.362,1,0.448,0.0000,0.0000,none,2.834,tracking,0.2474,0.0073,1,line_center_tracking,-0.0058,-0.0018,-0.0162,-0.0252,0.8220,6,0.0144,0.0090,0.0234,-0.0144,0.0073,IDLE,0,0,step_zone_before_min seek=0.42<1.25,0,0,0.000,0,nan,nan,nan,0.0000,0,5,0.6050,0.5404,0.3234,0.5404,0.0646,本圈台阶完成,1,0.0000,0.150,0.330
4265.166,SEEK_ROUNDABOUT,1.476,1,0.475,0.0000,0.0000,none,2.834,tracking,0.2461,-0.0003,1,line_center_tracking,0.0062,0.0102,-0.0040,-0.0248,0.9047,7,0.0142,0.0208,0.0349,-0.0062,-0.0003,IDLE,0,0,step_zone_before_min seek=0.45<1.25,0,0,0.000,0,nan,nan,nan,0.0000,0,5,0.6050,0.5404,0.3234,0.5404,0.0646,本圈台阶完成,1,0.0000,0.150,0.330
4265.273,SEEK_ROUNDABOUT,1.583,1,0.497,0.0000,0.0000,none,2.834,tracking,0.2437,-0.0093,1,line_center_tracking,0.0161,0.0264,-0.0104,-0.0237,0.9032,7,0.0368,0.0133,0.0501,-0.0025,-0.0093,IDLE,0,0,step_zone_before_min seek=0.47<1.25,0,0,0.000,0,nan,nan,nan,0.0000,0,5,0.6050,0.5404,0.3234,0.5404,0.0646,本圈台阶完成,1,0.0000,0.150,0.330
4265.387,SEEK_ROUNDABOUT,1.697,1,0.521,0.0000,0.0000,none,2.834,tracking,0.2449,-0.0079,1,line_center_tracking,0.0072,0.0156,-0.0144,-0.0260,0.9948,8,0.0300,0.0116,0.0416,-0.0082,-0.0079,IDLE,0,0,step_zone_before_min seek=0.50<1.25,0,0,0.000,0,nan,nan,nan,0.0000,0,5,0.6050,0.5404,0.3234,0.5404,0.0646,本圈台阶完成,1,0.0000,0.150,0.330
4265.505,SEEK_ROUNDABOUT,1.815,1,0.542,0.0000,0.0000,none,2.834,tracking,0.2448,-0.0038,1,line_center_tracking,0.0004,0.0089,-0.0213,-0.0280,0.9949,8,0.0301,0.0067,0.0369,-0.0135,-0.0038,IDLE,0,0,step_zone_before_min seek=0.52<1.25,0,0,0.000,0,nan,nan,nan,0.0000,0,5,0.6050,0.5404,0.3234,0.5404,0.0646,本圈台阶完成,1,0.0000,0.150,0.330
4265.618,SEEK_ROUNDABOUT,1.928,1,0.560,0.0000,0.0000,none,2.834,tracking,0.2477,0.0047,1,line_center_tracking,-0.0112,-0.0080,-0.0194,-0.0291,0.9098,7,0.0114,0.0097,0.0211,-0.0188,0.0047,IDLE,0,0,step_zone_before_min seek=0.54<1.25,0,0,0.000,0,nan,nan,nan,0.0000,0,5,0.6050,0.5404,0.3234,0.5404,0.0646,本圈台阶完成,1,0.0000,0.150,0.330
4265.729,SEEK_ROUNDABOUT,2.039,1,0.578,0.0000,0.0000,none,2.834,tracking,0.2443,-0.0044,1,line_center_tracking,0.0100,0.0189,-0.0127,-0.0328,0.9942,8,0.0316,0.0201,0.0517,-0.0089,-0.0044,IDLE,0,0,step_zone_before_min seek=0.56<1.25,0,0,0.000,0,nan,nan,nan,0.0000,0,5,0.6050,0.5404,0.3234,0.5404,0.0646,本圈台阶完成,1,0.0000,0.150,0.330
4265.844,SEEK_ROUNDABOUT,2.154,1,0.599,0.0000,0.0000,none,2.834,tracking,0.2458,0.0019,1,line_center_tracking,-0.0058,0.0004,-0.0218,-0.0371,0.9925,8,0.0223,0.0153,0.0375,-0.0195,0.0019,IDLE,0,0,step_zone_before_min seek=0.58<1.25,0,0,0.000,0,nan,nan,nan,0.0000,0,5,0.6050,0.5404,0.3234,0.5404,0.0646,本圈台阶完成,1,0.0000,0.150,0.330
4265.960,SEEK_ROUNDABOUT,2.270,1,0.613,0.0000,0.0000,none,2.834,tracking,0.2458,0.0050,1,line_center_tracking,-0.0074,-0.0009,-0.0242,-0.0388,0.9918,8,0.0233,0.0146,0.0379,-0.0213,0.0050,IDLE,0,0,step_zone_before_min seek=0.60<1.25,0,0,0.000,0,nan,nan,nan,0.0000,0,5,0.6050,0.5404,0.3234,0.5404,0.0646,本圈台阶完成,1,0.0000,0.150,0.330
4266.082,SEEK_ROUNDABOUT,2.392,1,0.629,0.0000,0.0000,none,2.834,tracking,0.2456,0.0081,1,line_center_tracking,-0.0103,-0.0030,-0.0289,-0.0426,0.9897,8,0.0259,0.0137,0.0396,-0.0249,0.0081,IDLE,0,0,step_zone_before_min seek=0.61<1.25,0,0,0.000,0,nan,nan,nan,0.0000,0,5,0.6050,0.5404,0.3234,0.5404,0.0646,本圈台阶完成,1,0.0000,0.150,0.330
4266.163,SEEK_ROUNDABOUT,2.473,1,0.639,0.0000,0.0000,none,2.834,tracking,0.2454,0.0180,1,line_center_tracking,-0.0236,-0.0191,-0.0353,-0.0456,0.9960,8,0.0162,0.0103,0.0265,-0.0333,0.0180,IDLE,0,0,step_zone_before_min seek=0.63<1.25,0,0,0.000,0,nan,nan,nan,0.0000,0,5,0.6050,0.5404,0.3234,0.5404,0.0646,本圈台阶完成,1,0.0000,0.150,0.330
4266.310,SEEK_ROUNDABOUT,2.620,1,0.659,0.0000,0.0000,none,2.834,tracking,0.2437,0.0244,1,line_center_tracking,-0.0292,-0.0257,-0.0381,-0.0481,0.9095,7,0.0124,0.0100,0.0224,-0.0373,0.0244,IDLE,0,0,step_zone_before_min seek=0.64<1.25,0,0,0.000,0,nan,nan,nan,0.0000,0,5,0.6050,0.5404,0.3234,0.5404,0.0646,本圈台阶完成,1,0.0000,0.150,0.330
4266.437,SEEK_ROUNDABOUT,2.747,1,0.676,0.0000,0.0000,none,2.834,tracking,0.2426,0.0287,1,line_center_tracking,-0.0305,-0.0290,-0.0345,-0.0470,0.9055,7,0.0055,0.0124,0.0180,-0.0368,0.0287,IDLE,0,0,step_zone_before_min seek=0.66<1.25,0,0,0.000,0,nan,nan,nan,0.0000,0,5,0.6050,0.5404,0.3234,0.5404,0.0646,本圈台阶完成,1,0.0000,0.150,0.330
4266.569,SEEK_ROUNDABOUT,2.879,1,0.694,0.0000,0.0000,none,2.834,tracking,0.2437,0.0246,1,line_center_tracking,-0.0200,-0.0114,-0.0423,-0.0494,0.9939,8,0.0310,0.0071,0.0380,-0.0344,0.0246,IDLE,0,0,step_zone_before_min seek=0.68<1.25,0,0,0.000,0,nan,nan,nan,0.0000,0,5,0.6050,0.5404,0.3234,0.5404,0.0646,本圈台阶完成,1,0.0000,0.150,0.330
4266.690,SEEK_ROUNDABOUT,3.000,1,0.711,0.0000,0.0000,none,2.834,tracking,0.2441,0.0228,1,line_center_tracking,-0.0194,-0.0166,-0.0268,-0.0472,0.9890,8,0.0102,0.0205,0.0307,-0.0302,0.0228,IDLE,0,0,step_zone_before_min seek=0.69<1.25,0,0,0.000,0,nan,nan,nan,0.0000,0,5,0.6050,0.5404,0.3234,0.5404,0.0646,本圈台阶完成,1,0.0000,0.150,0.330
4266.814,SEEK_ROUNDABOUT,3.124,1,0.730,0.0000,0.0000,none,2.834,tracking,0.2445,0.0216,1,line_center_tracking,-0.0188,-0.0161,-0.0259,-0.0399,0.9968,8,0.0099,0.0140,0.0239,-0.0273,0.0216,IDLE,0,0,step_zone_before_min seek=0.71<1.25,0,0,0.000,0,nan,nan,nan,0.0000,0,5,0.6050,0.5404,0.3234,0.5404,0.0646,本圈台阶完成,1,0.0000,0.150,0.330
4266.907,SEEK_ROUNDABOUT,3.217,1,0.747,0.0000,0.0000,none,2.834,tracking,0.2451,0.0191,1,line_center_tracking,-0.0159,-0.0132,-0.0229,-0.0383,0.8207,6,0.0097,0.0154,0.0251,-0.0248,0.0191,IDLE,0,0,step_zone_before_min seek=0.73<1.25,0,0,0.000,0,nan,nan,nan,0.0000,0,5,0.6050,0.5404,0.3234,0.5404,0.0646,本圈台阶完成,1,0.0000,0.150,0.330
4267.034,SEEK_ROUNDABOUT,3.345,1,0.772,0.0000,0.0000,none,2.834,tracking,0.2464,0.0140,1,line_center_tracking,-0.0086,-0.0061,-0.0150,-0.0332,0.9960,8,0.0089,0.0183,0.0271,-0.0181,0.0140,IDLE,0,0,step_zone_before_min seek=0.75<1.25,0,0,0.000,0,nan,nan,nan,0.0000,0,5,0.6050,0.5404,0.3234,0.5404,0.0646,本圈台阶完成,1,0.0000,0.150,0.330
4267.161,SEEK_ROUNDABOUT,3.471,1,0.792,0.0000,0.0000,none,2.834,tracking,0.2468,0.0097,1,line_center_tracking,-0.0051,-0.0027,-0.0111,-0.0318,0.9954,8,0.0083,0.0207,0.0291,-0.0152,0.0097,IDLE,0,0,step_zone_before_min seek=0.77<1.25,0,0,0.000,0,nan,nan,nan,0.0000,0,5,0.6050,0.5404,0.3234,0.5404,0.0646,本圈台阶完成,1,0.0000,0.150,0.330
4267.287,SEEK_ROUNDABOUT,3.597,1,0.820,0.0000,0.0000,none,2.834,tracking,0.2453,0.0027,1,line_center_tracking,0.0034,0.0039,0.0020,-0.0320,0.9900,8,0.0019,0.0340,0.0359,-0.0087,0.0027,IDLE,0,0,step_zone_before_min seek=0.79<1.25,0,0,0.000,0,nan,nan,nan,0.0000,0,5,0.6050,0.5404,0.3234,0.5404,0.0646,本圈台阶完成,1,0.0000,0.150,0.330
4267.412,SEEK_ROUNDABOUT,3.723,1,0.843,0.0000,0.0000,none,2.834,tracking,0.2448,0.0012,1,line_center_tracking,0.0007,0.0026,-0.0042,-0.0418,0.9919,8,0.0067,0.0377,0.0444,-0.0145,0.0012,IDLE,0,0,step_zone_before_min seek=0.82<1.25,0,0,0.000,0,nan,nan,nan,0.0000,0,5,0.6050,0.5404,0.3234,0.5404,0.0646,本圈台阶完成,1,0.0000,0.150,0.330
4267.526,SEEK_ROUNDABOUT,3.836,1,0.872,0.0000,0.0000,none,2.834,tracking,0.2429,-0.0007,1,line_center_tracking,0.0024,0.0027,0.0014,-0.0502,0.9860,8,0.0013,0.0516,0.0530,-0.0154,-0.0007,IDLE,0,0,step_zone_before_min seek=0.84<1.25,0,0,0.000,0,nan,nan,nan,0.0000,0,5,0.6050,0.5404,0.3234,0.5404,0.0646,本圈台阶完成,1,0.0000,0.150,0.330
4267.638,SEEK_ROUNDABOUT,3.948,1,0.906,0.0000,0.0000,none,2.834,tracking,0.2422,0.0081,1,line_center_tracking,-0.0139,-0.0129,-0.0165,-0.0737,0.8908,7,0.0036,0.0572,0.0608,-0.0343,0.0081,IDLE,0,0,step_zone_before_min seek=0.87<1.25,0,0,0.000,0,nan,nan,nan,0.0000,0,5,0.6050,0.5404,0.3234,0.5404,0.0646,本圈台阶完成,1,0.0000,0.150,0.330
4267.768,SEEK_ROUNDABOUT,4.078,1,0.938,0.0000,0.0000,none,2.834,tracking,0.2389,0.0081,1,line_center_tracking,-0.0084,-0.0065,-0.0131,-0.0946,0.9831,8,0.0066,0.0815,0.0881,-0.0381,0.0081,IDLE,0,0,step_zone_before_min seek=0.91<1.25,0,0,0.000,0,nan,nan,nan,0.0000,0,5,0.6050,0.5404,0.3234,0.5404,0.0646,本圈台阶完成,1,0.0000,0.150,0.330
4267.895,SEEK_ROUNDABOUT,4.205,1,0.975,0.0000,0.0000,none,2.834,tracking,0.2354,0.0032,1,line_center_tracking,0.0007,0.0042,-0.0084,-0.1152,0.9769,8,0.0126,0.1068,0.1194,-0.0398,0.0032,IDLE,0,0,step_zone_before_min seek=0.94<1.25,0,0,0.000,0,nan,nan,nan,0.0000,0,5,0.6050,0.5404,0.3234,0.5404,0.0646,本圈台阶完成,1,0.0000,0.150,0.330
4268.018,SEEK_ROUNDABOUT,4.329,1,1.011,0.0000,0.0000,none,2.834,tracking,0.2345,-0.0000,1,line_center_tracking,0.0030,0.0068,-0.0068,-0.1203,0.9781,8,0.0136,0.1135,0.1271,-0.0401,-0.0000,IDLE,0,0,step_zone_before_min seek=0.98<1.25,0,0,0.000,0,nan,nan,nan,0.0000,0,5,0.6050,0.5404,0.3234,0.5404,0.0646,本圈台阶完成,1,0.0000,0.150,0.330
4268.159,SEEK_ROUNDABOUT,4.470,1,1.051,0.0000,0.0000,none,2.834,tracking,0.1838,-0.0147,1,line_curve_center_riding,0.0257,0.0268,0.0092,-0.1476,0.9724,8,0.0176,0.1568,0.1744,-0.0372,-0.0147,IDLE,0,0,step_zone_before_min seek=1.01<1.25,0,0,0.000,0,nan,nan,nan,0.0000,0,5,0.6050,0.5404,0.3234,0.5404,0.0646,本圈台阶完成,1,0.0000,0.150,0.330
4268.283,SEEK_ROUNDABOUT,4.594,1,1.083,0.0000,0.0000,none,2.834,tracking,0.1700,-0.0398,1,line_curve_center_riding,0.0574,0.0586,0.0389,-0.1649,0.9628,8,0.0197,0.2038,0.2235,-0.0225,-0.0398,IDLE,0,0,step_zone_before_min seek=1.05<1.25,0,0,0.000,0,nan,nan,nan,0.0000,0,5,0.6050,0.5404,0.3234,0.5404,0.0646,本圈台阶完成,1,0.0000,0.150,0.330
4268.414,SEEK_ROUNDABOUT,4.724,1,1.130,0.0000,0.0000,none,2.834,tracking,0.1700,-0.0384,1,line_curve_center_riding,0.0370,0.0396,-0.0032,-0.1821,0.8885,7,0.0428,0.1789,0.2217,-0.0485,-0.0384,IDLE,0,0,step_zone_before_min seek=1.08<1.25,0,0,0.000,0,nan,nan,nan,0.0000,0,5,0.6050,0.5404,0.3234,0.5404,0.0646,本圈台阶完成,1,0.0000,0.150,0.330
4268.550,SEEK_ROUNDABOUT,4.860,1,1.175,0.0000,0.0000,none,2.834,tracking,0.1700,-0.0768,1,line_curve_center_riding,0.1016,0.1061,0.0306,-0.2582,0.7697,6,0.0756,0.2888,0.3644,-0.0405,-0.0768,IDLE,0,0,step_zone_before_min seek=1.13<1.25,0,0,0.000,0,nan,nan,nan,0.0000,0,5,0.6050,0.5404,0.3234,0.5404,0.0646,本圈台阶完成,1,0.0000,0.150,0.330
4268.665,SEEK_ROUNDABOUT,4.975,1,1.212,0.0000,0.0000,none,2.834,tracking,0.1600,-0.0415,1,line_curve_center_riding,0.0148,0.0198,-0.0638,-0.1952,0.7961,6,0.0836,0.1314,0.2150,-0.0797,-0.0415,IDLE,0,0,step_zone_before_min seek=1.17<1.25,0,0,0.000,0,nan,nan,nan,0.0000,0,5,0.6050,0.5404,0.3234,0.5404,0.0646,本圈台阶完成,1,0.0000,0.150,0.330
4268.775,SEEK_ROUNDABOUT,5.085,1,1.261,0.0000,0.0000,none,2.834,tracking,0.1600,-0.0047,1,line_curve_center_riding,-0.0261,-0.0189,-0.1395,-0.1734,0.6203,4,0.1206,0.0339,0.1545,-0.1106,-0.0047,IDLE,0,0,step_zone_before_min seek=1.21<1.25,0,0,0.000,0,nan,nan,nan,0.0000,0,5,0.6050,0.5404,0.3234,0.5404,0.0646,本圈台阶完成,1,0.0000,0.150,0.330
4268.890,SEEK_ROUNDABOUT,5.200,1,1.290,0.0000,0.0000,none,2.834,tracking,0.1600,-0.0137,1,line_curve_center_riding,0.0155,0.0245,-0.1250,-0.2861,0.7837,6,0.1494,0.1611,0.3105,-0.1289,-0.0137,IDLE,0,0,candidate_fields_invalid,0,0,0.000,0,nan,nan,nan,0.0000,0,5,0.6050,0.5404,0.3234,0.5404,0.0646,本圈台阶完成,1,0.0000,0.150,0.330
4269.002,SEEK_ROUNDABOUT,5.312,1,1.330,0.0000,0.0000,none,2.834,tracking,0.1450,-0.0666,1,line_curve_center_riding,0.1018,0.1153,-0.1102,-0.3751,0.7630,6,0.2256,0.2649,0.4905,-0.1233,-0.0666,IDLE,0,0,candidate_fields_invalid,0,0,0.000,0,nan,nan,nan,0.0000,0,5,0.6050,0.5404,0.3234,0.5404,0.0646,本圈台阶完成,1,0.0000,0.150,0.330
4269.117,SEEK_ROUNDABOUT,5.427,1,1.371,0.0000,0.0000,none,2.834,tracking,0.1600,-0.0184,1,line_curve_center_riding,-0.0142,-0.0007,-0.2268,-0.2811,0.6920,5,0.2261,0.0543,0.2804,-0.1695,-0.0184,IDLE,0,0,candidate_fields_invalid,0,0,0.000,0,nan,nan,nan,0.0000,0,5,0.6050,0.5404,0.3234,0.5404,0.0646,本圈台阶完成,1,0.0000,0.150,0.330
4269.245,SEEK_ROUNDABOUT,5.555,1,1.405,0.0000,0.0000,none,2.834,tracking,0.1600,0.0164,1,line_curve_center_riding,-0.0464,-0.0336,-0.2465,-0.2465,0.5999,4,0.2129,0.0000,0.2129,-0.1755,0.0164,IDLE,0,0,candidate_fields_invalid,0,0,0.000,0,nan,nan,nan,0.0000,0,5,0.6050,0.5404,0.3234,0.5404,0.0646,本圈台阶完成,1,0.0000,0.150,0.330
4269.356,SEEK_ROUNDABOUT,5.666,1,1.432,0.0000,0.0000,none,2.834,tracking,0.1450,0.0157,1,line_curve_center_riding,-0.0176,0.0006,-0.3022,-0.3598,0.6774,5,0.3027,0.0577,0.3604,-0.2205,0.0157,IDLE,0,0,candidate_fields_invalid,0,0,0.000,0,nan,nan,nan,0.0000,0,5,0.6050,0.5404,0.3234,0.5404,0.0646,本圈台阶完成,1,0.0000,0.150,0.330
4269.474,SEEK_ROUNDABOUT,5.784,1,1.454,0.0000,0.0000,none,2.834,tracking,0.1450,0.0248,1,line_curve_center_riding,-0.0302,-0.0111,-0.3299,-0.3900,0.6732,5,0.3188,0.0602,0.3790,-0.2437,0.0248,IDLE,0,0,candidate_fields_invalid,0,0,0.000,0,nan,nan,nan,0.0000,0,5,0.6050,0.5404,0.3234,0.5404,0.0646,本圈台阶完成,1,0.0000,0.150,0.330
4269.582,SEEK_ROUNDABOUT,5.892,1,1.478,0.0000,0.0000,none,2.834,line_bridge_loss,0.1038,0.0099,0,line_too_few_bands,0.0000,0.0000,0.0000,0.0000,0.0000,1,0.0000,0.0000,0.0000,0.0000,0.0099,IDLE,0,0,candidate_fields_invalid,0,0,0.000,0,nan,nan,nan,0.0000,0,5,0.6050,0.5404,0.3234,0.5404,0.0646,本圈台阶完成,1,0.0000,0.150,0.330
4269.699,SEEK_ROUNDABOUT,6.009,1,1.496,0.0000,0.0000,none,2.834,tracking,0.1450,0.0366,1,line_curve_center_riding,-0.0453,-0.0191,-0.4549,-0.5667,0.6468,5,0.4358,0.1118,0.5476,-0.3469,0.0366,IDLE,0,0,candidate_fields_invalid,0,0,0.000,0,nan,nan,nan,0.0000,0,5,0.6050,0.5404,0.3234,0.5404,0.0646,本圈台阶完成,1,0.0000,0.150,0.330
4269.809,SEEK_ROUNDABOUT,6.119,1,1.505,0.0000,0.0000,none,2.834,tracking,0.1450,0.0422,1,line_curve_center_riding,-0.0440,-0.0169,-0.4684,-0.5205,0.2963,2,0.4516,0.0521,0.5037,-0.3353,0.0422,IDLE,0,0,candidate_fields_invalid,0,0,0.000,0,nan,nan,nan,0.0000,0,5,0.6050,0.5404,0.3234,0.5404,0.0646,本圈台阶完成,1,0.0000,0.150,0.330
4269.915,SEEK_ROUNDABOUT,6.225,1,1.517,0.0000,0.0000,none,2.834,tracking,0.1600,0.0892,1,line_curve_center_riding,-0.1180,-0.1034,-0.3469,-0.3469,0.5893,4,0.2435,0.0000,0.2435,-0.2657,0.0892,IDLE,0,0,candidate_fields_invalid,0,0,0.000,0,nan,nan,nan,0.0000,0,5,0.6050,0.5404,0.3234,0.5404,0.0646,本圈台阶完成,1,0.0000,0.150,0.330
4270.099,SEEK_ROUNDABOUT,6.409,1,1.532,0.0000,0.0000,none,2.834,tracking,0.1600,0.1154,1,line_curve_center_riding,-0.1345,-0.1202,-0.3577,-0.3577,0.5935,4,0.2375,0.0000,0.2375,-0.2786,0.1154,IDLE,0,0,candidate_fields_invalid,0,0,0.000,0,nan,nan,nan,0.0000,0,5,0.6050,0.5404,0.3234,0.5404,0.0646,本圈台阶完成,1,0.0000,0.150,0.330
4270.214,SEEK_ROUNDABOUT,6.524,1,1.537,0.0000,0.0000,none,2.834,tracking,0.1450,0.0760,1,line_curve_center_riding,-0.0425,-0.0241,-0.3299,-0.3299,0.4762,3,0.3058,0.0000,0.3058,-0.2280,0.0760,IDLE,0,0,candidate_fields_invalid,0,0,0.000,0,nan,nan,nan,0.0000,0,5,0.6050,0.5404,0.3234,0.5404,0.0646,本圈台阶完成,1,0.0000,0.150,0.330
4270.338,SEEK_ROUNDABOUT,6.648,1,1.538,0.0000,0.0000,none,2.834,tracking,0.1600,0.2124,1,line_center_tracking,-0.2987,-0.2672,-0.3797,-0.3797,0.4047,2,0.1125,0.0000,0.1125,-0.3422,0.2124,IDLE,0,0,candidate_fields_invalid,0,0,0.000,0,1.5500,nan,0.0482,0.8752,1,5,0.6050,0.5404,0.3234,0.5404,0.0646,本圈台阶完成,1,0.0000,0.150,0.330
4270.472,SEEK_ROUNDABOUT,6.782,1,1.540,0.0000,0.0000,none,2.834,tracking,0.1450,0.1011,1,line_curve_center_riding,-0.0181,-0.0008,-0.2883,-0.2883,0.3525,2,0.2875,0.0000,0.2875,-0.1925,0.1011,IDLE,0,0,candidate_fields_invalid,0,0,0.000,0,nan,nan,nan,0.0000,0,5,0.6050,0.5404,0.3234,0.5404,0.0646,本圈台阶完成,1,0.0000,0.150,0.330
4270.604,SEEK_ROUNDABOUT,6.914,1,1.542,0.0000,0.0000,none,2.834,tracking,0.1450,0.0551,1,line_curve_center_riding,-0.0066,0.0130,-0.3146,-0.3934,0.6727,5,0.3277,0.0788,0.4064,-0.2316,0.0551,IDLE,0,0,candidate_fields_invalid,0,0,0.000,0,nan,nan,nan,0.0000,0,5,0.6050,0.5404,0.3234,0.5404,0.0646,本圈台阶完成,1,0.0000,0.150,0.330
4270.720,SEEK_ROUNDABOUT,7.030,1,1.543,0.0000,0.0000,none,2.834,tracking,0.1600,0.0778,1,line_curve_center_riding,-0.0844,-0.0729,-0.2656,-0.2656,0.6039,4,0.1927,0.0000,0.1927,-0.2014,0.0778,IDLE,0,0,candidate_fields_invalid,0,0,0.000,0,nan,nan,nan,0.0000,0,5,0.6050,0.5404,0.3234,0.5404,0.0646,本圈台阶完成,1,0.0000,0.150,0.330
4270.839,SEEK_ROUNDABOUT,7.149,1,1.546,0.0000,0.0000,none,2.834,tracking,0.1600,0.0652,1,line_curve_center_riding,-0.0523,-0.0403,-0.2399,-0.2399,0.6013,4,0.1995,0.0000,0.1995,-0.1733,0.0652,IDLE,0,0,candidate_fields_invalid,0,0,0.000,0,nan,nan,nan,0.0000,0,5,0.6050,0.5404,0.3234,0.5404,0.0646,本圈台阶完成,1,0.0000,0.150,0.330
4270.951,SEEK_ROUNDABOUT,7.261,1,1.549,0.0000,0.0000,none,2.834,tracking,0.1450,-0.0101,1,line_recenter_transition,0.0670,0.0732,-0.2360,-0.2962,0.6747,5,0.3092,0.0603,0.3695,-0.1530,-0.0101,IDLE,0,0,candidate_fields_invalid,0,0,0.000,0,nan,nan,nan,0.0000,0,5,0.6050,0.5404,0.3234,0.5404,0.0646,本圈台阶完成,1,0.0000,0.150,0.330
4271.066,SEEK_ROUNDABOUT,7.376,1,1.554,0.0000,0.0000,none,2.834,tracking,0.1600,0.0234,1,line_curve_center_riding,-0.0395,-0.0281,-0.2189,-0.2189,0.6006,4,0.1908,0.0000,0.1908,-0.1553,0.0234,IDLE,0,0,candidate_fields_invalid,0,0,0.000,0,nan,nan,nan,0.0000,0,5,0.6050,0.5404,0.3234,0.5404,0.0646,本圈台阶完成,1,0.0000,0.150,0.330
4271.196,SEEK_ROUNDABOUT,7.506,1,1.560,0.0000,0.0000,none,2.834,tracking,0.1600,0.0099,1,line_curve_center_riding,-0.0009,0.0121,-0.2051,-0.2051,0.5990,4,0.2172,0.0000,0.2172,-0.1327,0.0099,IDLE,0,0,candidate_fields_invalid,0,0,0.000,0,nan,nan,nan,0.0000,0,5,0.6050,0.5404,0.3234,0.5404,0.0646,本圈台阶完成,1,0.0000,0.150,0.330
4271.330,SEEK_ROUNDABOUT,7.640,1,1.569,0.0000,0.0000,none,2.834,tracking,0.1450,-0.0425,1,line_recenter_transition,0.0817,0.0887,-0.2629,-0.3421,0.6659,5,0.3516,0.0792,0.4308,-0.1721,-0.0425,IDLE,0,0,candidate_fields_invalid,0,0,0.000,0,nan,nan,nan,0.0000,0,5,0.6050,0.5404,0.3234,0.5404,0.0646,本圈台阶完成,1,0.0000,0.150,0.330
4271.442,SEEK_ROUNDABOUT,7.752,1,1.578,0.0000,0.0000,none,2.834,tracking,0.1450,-0.0544,1,line_recenter_transition,0.0638,0.0718,-0.3270,-0.4126,0.6574,5,0.3988,0.0856,0.4844,-0.2226,-0.0544,IDLE,0,0,candidate_fields_invalid,0,0,0.000,0,nan,nan,nan,0.0000,0,5,0.6050,0.5404,0.3234,0.5404,0.0646,本圈台阶完成,1,0.0000,0.150,0.330
4271.558,SEEK_ROUNDABOUT,7.868,1,1.589,0.0000,0.0000,none,2.834,tracking,0.1450,-0.0488,1,line_recenter_transition,0.0427,0.0506,-0.3447,-0.4184,0.6589,5,0.3953,0.0737,0.4690,-0.2375,-0.0488,IDLE,0,0,candidate_fields_invalid,0,0,0.000,0,nan,nan,nan,0.0000,0,5,0.6050,0.5404,0.3234,0.5404,0.0646,本圈台阶完成,1,0.0000,0.150,0.330
4271.679,SEEK_ROUNDABOUT,7.989,1,1.605,0.0000,0.0000,none,2.834,tracking,0.1600,0.0041,1,line_curve_center_riding,-0.0449,-0.0282,-0.3058,-0.3058,0.5822,4,0.2776,0.0000,0.2776,-0.2133,0.0041,IDLE,0,0,candidate_fields_invalid,0,0,0.000,0,nan,nan,nan,0.0000,0,5,0.6050,0.5404,0.3234,0.5404,0.0646,本圈台阶完成,1,0.0000,0.150,0.330
4271.794,SEEK_ROUNDABOUT,8.104,1,1.620,0.0000,0.0000,none,2.834,tracking,0.1600,0.0577,1,line_curve_center_riding,-0.0989,-0.0831,-0.3474,-0.3474,0.5813,4,0.2644,0.0000,0.2644,-0.2593,0.0577,IDLE,0,0,candidate_fields_invalid,0,0,0.000,0,nan,nan,nan,0.0000,0,5,0.6050,0.5404,0.3234,0.5404,0.0646,本圈台阶完成,1,0.0000,0.150,0.330
4271.910,SEEK_ROUNDABOUT,8.220,1,1.638,0.0000,0.0000,none,2.834,tracking,0.1600,0.1811,1,line_curve_center_riding,-0.2672,-0.2598,-0.3841,-0.3841,0.5000,3,0.1243,0.0000,0.1243,-0.3427,0.1811,IDLE,0,0,candidate_fields_invalid,0,0,0.000,0,nan,nan,nan,0.0000,0,5,0.6050,0.5404,0.3234,0.5404,0.0646,本圈台阶完成,1,0.0000,0.150,0.330
4272.028,SEEK_ROUNDABOUT,8.338,1,1.656,0.0000,0.0000,none,2.834,tracking,0.1600,0.2598,1,line_curve_center_riding,-0.3134,-0.3054,-0.4378,-0.4378,0.4977,3,0.1323,0.0000,0.1323,-0.3937,0.2598,IDLE,0,0,candidate_fields_invalid,0,0,0.000,0,nan,nan,nan,0.0000,0,5,0.6050,0.5404,0.3234,0.5404,0.0646,本圈台阶完成,1,0.0000,0.150,0.330
4272.137,SEEK_ROUNDABOUT,8.447,1,1.677,0.0000,0.0000,none,2.834,tracking,0.1600,0.3339,1,line_center_tracking,-0.3734,-0.3405,-0.4582,-0.4582,0.5025,3,0.1177,0.0000,0.1177,-0.4189,0.3339,IDLE,0,0,candidate_fields_invalid,0,0,0.000,0,nan,nan,nan,0.0000,0,5,0.6050,0.5404,0.3234,0.5404,0.0646,本圈台阶完成,1,0.0000,0.150,0.330
4272.256,SEEK_ROUNDABOUT,8.566,1,1.700,0.0000,0.0000,none,2.834,tracking,0.1600,0.3396,1,line_center_tracking,-0.3275,-0.3222,-0.3410,-0.3410,0.4224,2,0.0187,0.0000,0.0187,-0.3347,0.3396,IDLE,0,0,candidate_fields_invalid,0,0,0.000,0,nan,nan,nan,0.0000,0,5,0.6050,0.5404,0.3234,0.5404,0.0646,本圈台阶完成,1,0.0000,0.150,0.330
4272.386,SEEK_ROUNDABOUT,8.696,1,1.723,0.0000,0.0000,none,2.834,tracking,0.1450,0.2730,1,line_curve_center_riding,-0.2022,-0.1775,-0.5890,-0.5890,0.4308,3,0.4115,0.0000,0.4115,-0.4519,0.2730,IDLE,0,0,candidate_fields_invalid,0,0,0.000,0,nan,nan,nan,0.0000,0,5,0.6050,0.5404,0.3234,0.5404,0.0646,本圈台阶完成,1,0.0000,0.150,0.330
4272.509,SEEK_ROUNDABOUT,8.819,1,1.749,0.0000,0.0000,none,2.834,tracking,0.1450,0.2527,1,line_curve_center_riding,-0.2126,-0.1861,-0.6278,-0.6278,0.4302,3,0.4417,0.0000,0.4417,-0.4806,0.2527,IDLE,0,0,candidate_fields_invalid,0,0,0.000,0,nan,nan,nan,0.0000,0,5,0.6050,0.5404,0.3234,0.5404,0.0646,本圈台阶完成,1,0.0000,0.150,0.330
4272.626,SEEK_ROUNDABOUT,8.936,1,1.775,0.0000,0.0000,none,2.834,line_bridge_loss,0.1008,0.1011,0,line_too_few_bands,0.0000,0.0000,0.0000,0.0000,0.0000,1,0.0000,0.0000,0.0000,0.0000,0.1011,IDLE,0,0,candidate_fields_invalid,0,0,0.000,0,1.3200,nan,0.0445,0.8470,2,5,0.6050,0.5404,0.3234,0.5404,0.0646,本圈台阶完成,1,0.0000,0.150,0.330
4272.738,SEEK_ROUNDABOUT,9.048,1,1.799,0.0000,0.0000,none,2.834,tracking,0.1434,0.3311,1,line_curve_center_riding,-0.3721,-0.3621,-0.5279,-0.5279,0.3465,2,0.1658,0.0000,0.1658,-0.4726,0.3311,IDLE,0,0,candidate_fields_invalid,0,0,0.000,0,nan,nan,nan,0.0000,0,5,0.6050,0.5404,0.3234,0.5404,0.0646,本圈台阶完成,1,0.0000,0.150,0.330
4272.869,SEEK_ROUNDABOUT,9.179,1,1.825,0.0000,0.0000,none,2.834,tracking,0.1482,0.3958,1,line_curve_center_riding,-0.4214,-0.4102,-0.5976,-0.5976,0.4738,3,0.1874,0.0000,0.1874,-0.5351,0.3958,IDLE,0,0,candidate_fields_invalid,0,0,0.000,0,1.2400,nan,0.0464,0.9229,4,5,0.6050,0.5404,0.3234,0.5404,0.0646,本圈台阶完成,1,0.0000,0.150,0.330
4272.985,SEEK_ROUNDABOUT,9.295,1,1.852,0.0000,0.0000,none,2.834,tracking,0.1277,0.4757,1,line_curve_center_riding,-0.5071,-0.4932,-0.7259,-0.7259,0.4516,3,0.2328,0.0000,0.2328,-0.6484,0.4757,IDLE,0,0,candidate_fields_invalid,0,0,0.000,1,1.2100,nan,0.0456,0.9121,7,5,0.6050,0.5404,0.3234,0.5404,0.0646,本圈台阶完成,1,0.0000,0.150,0.330
4273.095,SEEK_ROUNDABOUT,9.405,1,1.891,0.0000,0.0000,none,2.834,tracking,0.1050,0.5600,1,line_hard_turn_centering,-0.5953,-0.5910,-0.6336,-0.6336,0.3552,2,0.0426,0.0000,0.0426,-0.6194,0.5600,IDLE,0,0,step_candidate_ignore_center -0.619,0,0,1.000,1,1.1700,1.1700,0.0489,0.9550,11,5,0.6050,0.5404,0.3234,0.5404,0.0646,本圈台阶完成,1,0.0000,0.150,0.330
4273.223,SEEK_ROUNDABOUT,9.533,1,1.929,0.0000,0.0000,none,2.834,tracking,0.1050,0.5600,1,line_hard_turn_centering,-0.5795,-0.5769,-0.6025,-0.6025,0.4029,2,0.0256,0.0000,0.0256,-0.5940,0.5600,IDLE,0,0,step_candidate_ignore_center -0.594,0,0,2.000,1,1.1400,1.1550,0.0505,0.9015,14,5,0.6050,0.5404,0.3234,0.5404,0.0646,本圈台阶完成,1,0.0000,0.150,0.330
4273.354,SEEK_ROUNDABOUT,9.664,1,1.961,0.0000,0.0000,none,2.834,tracking,0.0850,0.4200,1,line_edge_single_rescue,-0.6396,-0.6396,-0.6396,-0.6396,0.3100,1,0.0000,0.0000,0.0000,-0.6396,0.4200,IDLE,0,0,candidate_fields_invalid,0,0,1.400,1,1.3400,1.1550,0.0469,0.9201,17,5,0.6050,0.5404,0.3234,0.5404,0.0646,本圈台阶完成,1,0.0000,0.150,0.330
4273.461,SEEK_ROUNDABOUT,9.771,1,1.987,0.0000,0.0000,none,2.834,tracking,0.1000,0.5938,1,line_center_tracking,-0.5180,-0.5084,-0.5429,-0.5429,0.3779,2,0.0345,0.0000,0.0345,-0.5314,0.5938,IDLE,0,0,candidate_fields_invalid,0,0,0.800,1,1.2800,1.1550,0.0509,0.9596,20,5,0.6050,0.5404,0.3234,0.5404,0.0646,本圈台阶完成,1,0.0000,0.150,0.330
4273.567,SEEK_ROUNDABOUT,9.877,1,2.010,0.4000,0.0000,none,2.834,tracking,0.1255,0.4841,1,line_curve_center_riding,-0.3628,-0.3463,-0.6209,-0.6209,0.4350,3,0.2746,0.0000,0.2746,-0.5293,0.4841,IDLE,0,0,candidate_fields_invalid,0,0,0.200,1,1.2800,1.1550,0.0542,0.9153,23,5,0.6050,0.5404,0.3234,0.5404,0.0646,本圈台阶完成,1,0.0000,0.150,0.330
4273.679,SEEK_ROUNDABOUT,9.990,1,2.035,0.0000,0.0000,none,2.834,line_bridge_loss,0.0827,0.2027,0,line_too_few_bands,0.0000,0.0000,0.0000,0.0000,0.0000,1,0.0000,0.0000,0.0000,0.0000,0.2027,IDLE,0,0,candidate_fields_invalid,0,0,0.000,1,1.3550,1.1550,0.0503,0.9681,26,5,0.6050,0.5404,0.3234,0.5404,0.0646,本圈台阶完成,1,0.0000,0.150,0.330
4273.786,SEEK_ROUNDABOUT,10.096,1,2.052,0.6000,0.0000,none,2.834,tracking,0.1234,0.4122,1,line_curve_center_riding,-0.3057,-0.2908,-0.5391,-0.5391,0.4423,3,0.2483,0.0000,0.2483,-0.4563,0.4122,IDLE,0,0,candidate_fields_invalid,0,0,0.000,1,1.3200,1.1550,0.0536,0.9249,30,5,0.6050,0.5404,0.3234,0.5404,0.0646,本圈台阶完成,1,0.0000,0.150,0.330
4273.897,SEEK_ROUNDABOUT,10.207,1,2.070,0.0000,0.0000,none,2.834,tracking,0.1450,0.3124,1,line_curve_center_riding,-0.2099,-0.1856,-0.5900,-0.5900,0.4194,3,0.4044,0.0000,0.4044,-0.4552,0.3124,IDLE,0,0,candidate_fields_invalid,0,0,0.000,1,1.2700,1.1400,0.0548,0.9083,33,5,0.6050,0.5404,0.3234,0.5404,0.0646,本圈台阶完成,1,0.0000,0.150,0.330
4274.007,SEEK_ROUNDABOUT,10.317,1,2.087,0.0000,0.0000,none,2.834,tracking,0.1443,0.4110,1,line_curve_center_riding,-0.4441,-0.4291,-0.6797,-0.7299,0.3326,2,0.2507,0.0501,0.3008,-0.6129,0.4110,IDLE,0,0,candidate_fields_invalid,0,0,0.000,1,1.2500,1.1400,0.0535,0.9255,37,5,0.6050,0.5404,0.3234,0.5404,0.0646,本圈台阶完成,1,0.0000,0.150,0.330
4274.114,SEEK_ROUNDABOUT,10.424,1,2.103,0.0000,0.0000,none,2.834,tracking,0.1334,0.4535,1,line_curve_center_riding,-0.4597,-0.4496,-0.6193,-0.6193,0.3689,2,0.1698,0.0000,0.1698,-0.5627,0.4535,IDLE,0,0,candidate_fields_invalid,0,0,0.000,1,1.2300,nan,0.0545,0.9123,40,5,0.6050,0.5404,0.3234,0.5404,0.0646,本圈台阶完成,1,0.0000,0.150,0.330
4274.241,SEEK_ROUNDABOUT,10.551,1,2.118,0.0000,0.0000,none,2.834,tracking,0.1450,0.2811,1,line_curve_center_riding,-0.1316,-0.1071,-0.5154,-0.6220,0.6484,5,0.4083,0.1066,0.5149,-0.4148,0.2811,IDLE,0,0,candidate_fields_invalid,0,0,0.000,1,1.2300,nan,0.0536,0.9246,44,5,0.6050,0.5404,0.3234,0.5404,0.0646,本圈台阶完成,1,0.0000,0.150,0.330
4274.357,SEEK_ROUNDABOUT,10.667,1,2.131,0.0000,0.0000,none,2.834,tracking,0.1450,0.1859,1,line_curve_center_riding,-0.0851,-0.0601,-0.4766,-0.6229,0.7397,6,0.4165,0.1463,0.5628,-0.3865,0.1859,IDLE,0,0,candidate_fields_invalid,0,0,0.000,1,1.2200,nan,0.0539,0.8857,47,5,0.6050,0.5404,0.3234,0.5404,0.0646,本圈台阶完成,1,0.0000,0.150,0.330
4274.469,SEEK_ROUNDABOUT,10.779,1,2.139,0.0000,0.0000,none,2.834,line_bridge_loss,0.1025,0.0744,0,line_too_few_bands,0.0000,0.0000,0.0000,0.0000,0.0000,0,0.0000,0.0000,0.0000,0.0000,0.0744,IDLE,0,0,step_candidate_ignore_line_invalid,0,0,1.000,1,1.0600,1.0600,0.0462,0.8755,51,5,0.6050,0.5404,0.3234,0.5404,0.0646,本圈台阶完成,1,0.0000,0.150,0.330
4274.575,SEEK_ROUNDABOUT,10.885,1,2.147,0.0000,0.0000,none,2.834,tracking,0.1427,0.0899,1,line_curve_center_riding,0.0123,0.0367,-0.3696,-0.5109,0.6590,5,0.4063,0.1414,0.5476,-0.2813,0.0899,IDLE,0,0,step_candidate_ignore_near_mid 0.406,0,0,2.000,1,1.0600,1.0600,0.0459,0.9167,54,5,0.6050,0.5404,0.3234,0.5404,0.0646,本圈台阶完成,1,0.0000,0.150,0.330
4274.686,SEEK_ROUNDABOUT,10.996,1,2.157,0.0000,0.0000,none,2.834,tracking,0.1450,0.0104,1,line_recenter_transition,0.0559,0.0636,-0.3196,-0.3637,0.5553,4,0.3831,0.0441,0.4273,-0.2066,0.0104,IDLE,0,0,step_candidate_ignore_near_mid 0.383,0,0,3.000,1,1.0500,1.0600,0.0468,0.9288,57,5,0.6050,0.5404,0.3234,0.5404,0.0646,本圈台阶完成,1,0.0000,0.150,0.330
4274.796,SEEK_ROUNDABOUT,11.106,1,2.162,0.0000,0.0000,none,2.834,tracking,0.1450,-0.0229,1,line_recenter_transition,0.0547,0.0619,-0.2995,-0.4888,0.7461,6,0.3614,0.1893,0.5507,-0.2421,-0.0229,IDLE,0,0,step_candidate_ignore_near_mid 0.361,0,0,4.000,1,1.0400,1.0550,0.0458,0.9153,60,5,0.6050,0.5404,0.3234,0.5404,0.0646,本圈台阶完成,1,0.0000,0.150,0.330
4274.908,SEEK_ROUNDABOUT,11.218,1,2.164,0.0000,0.0000,none,2.834,tracking,0.1450,-0.0727,1,line_recenter_transition,0.1093,0.1173,-0.2848,-0.3413,0.4498,3,0.4021,0.0565,0.4586,-0.1696,-0.0727,IDLE,0,0,step_candidate_ignore_near_mid 0.402,0,0,5.000,1,1.0300,1.0500,0.0457,0.9143,64,5,0.6050,0.5404,0.3234,0.5404,0.0646,本圈台阶完成,1,0.0000,0.150,0.330
4275.017,SEEK_ROUNDABOUT,11.327,1,2.164,0.0000,0.0000,none,2.834,step_align_heading/course_events_frozen,0.1038,0.1983,1,line_recenter_transition,0.0729,0.0802,-0.2873,-0.4741,0.7461,6,0.3675,0.1869,0.5543,-0.2271,0.1983,IDLE,0,1,step_confirmed_slow_align d=1.040,0,0,6.000,1,1.0200,1.0400,0.0445,0.8986,67,5,0.6050,0.5404,0.3234,0.5404,0.0646,本圈台阶完成,1,0.0000,0.150,0.330
4275.128,SEEK_ROUNDABOUT,11.438,1,2.164,0.0000,0.0000,none,2.834,step_align_heading/course_events_frozen,0.0617,0.3400,1,line_recenter_transition,0.1085,0.1163,-0.2761,-0.4417,0.4489,3,0.3924,0.1656,0.5580,-0.2005,0.3400,IDLE,0,1,step_confirmed_slow_align d=1.030,0,0,6.000,1,1.0300,1.0300,0.0467,0.9271,70,5,0.6050,0.5404,0.3234,0.5404,0.0646,本圈台阶完成,1,0.0000,0.150,0.330
4275.235,SEEK_ROUNDABOUT,11.545,1,2.164,0.0000,0.0000,none,2.834,step_align_heading/course_events_frozen,0.0450,0.3400,1,line_recenter_transition,0.0885,0.0962,-0.2889,-0.4565,0.7424,6,0.3851,0.1676,0.5527,-0.2164,0.3400,IDLE,0,1,step_confirmed_slow_align d=1.030,0,0,6.000,1,1.0100,1.0300,0.0464,0.9230,73,5,0.6050,0.5404,0.3234,0.5404,0.0646,本圈台阶完成,1,0.0000,0.150,0.330
4275.344,SEEK_ROUNDABOUT,11.654,1,2.164,0.8062,0.0000,none,2.834,step_align_heading/course_events_frozen,0.0450,0.3400,1,line_recenter_transition,0.1207,0.1279,-0.2288,-0.3841,0.4463,3,0.3567,0.1553,0.5120,-0.1617,0.3400,IDLE,0,1,step_confirmed_slow_align d=1.020,0,0,6.000,1,1.0100,1.0200,0.0474,0.9355,76,5,0.6050,0.5404,0.3234,0.5404,0.0646,本圈台阶完成,1,0.0000,0.150,0.330
4275.459,SEEK_ROUNDABOUT,11.769,1,2.164,0.0000,0.0000,none,2.834,step_align_heading/course_events_frozen,0.0450,0.3400,1,line_recenter_transition,0.1577,0.1646,-0.1802,-0.3941,0.8488,7,0.3448,0.2138,0.5587,-0.1366,0.3400,IDLE,0,1,step_confirmed_slow_align d=1.010,0,0,6.000,1,1.0000,1.0100,0.0454,0.9115,80,5,0.6050,0.5404,0.3234,0.5404,0.0646,本圈台阶完成,1,0.0000,0.150,0.330
4275.570,SEEK_ROUNDABOUT,11.880,1,2.164,0.0000,0.0000,none,2.834,step_align_heading/course_events_frozen,0.0450,0.3400,1,line_recenter_transition,0.2007,0.2071,-0.1150,-0.3861,0.8457,7,0.3221,0.2711,0.5932,-0.0980,0.3400,IDLE,0,1,step_confirmed_slow_align d=1.010,0,0,6.000,1,0.9900,1.0100,0.0455,0.9119,83,5,0.6050,0.5404,0.3234,0.5404,0.0646,本圈台阶完成,1,0.0000,0.150,0.330
4275.680,SEEK_ROUNDABOUT,11.990,1,2.164,0.0000,0.0000,none,2.834,step_align_heading/course_events_frozen,0.0450,0.3400,1,line_curve_center_riding,0.2245,0.2426,-0.0606,-0.3067,0.8488,7,0.3033,0.2461,0.5494,-0.0416,0.3400,IDLE,0,1,step_confirmed_slow_align d=1.000,0,0,6.000,1,1.0000,1.0000,0.0450,0.9051,86,5,0.6050,0.5404,0.3234,0.5404,0.0646,本圈台阶完成,1,0.0000,0.150,0.330
4275.814,SEEK_ROUNDABOUT,12.124,1,2.164,0.0000,0.0000,none,2.834,step_align_heading/course_events_frozen,0.0450,0.3400,1,line_curve_center_riding,0.3137,0.3327,0.0164,-0.3836,0.7221,6,0.3162,0.4000,0.7162,-0.0115,0.3400,IDLE,0,1,step_confirmed_slow_align d=1.000,0,0,6.000,1,0.9900,1.0000,0.0463,0.9223,90,5,0.6050,0.5404,0.3234,0.5404,0.0646,本圈台阶完成,1,0.0000,0.150,0.330
4275.925,SEEK_ROUNDABOUT,12.236,1,2.164,0.0000,0.0000,none,2.834,step_align_heading/course_events_frozen,0.0450,0.3288,1,line_curve_center_riding,0.3367,0.3544,0.0600,-0.0711,0.7610,6,0.2944,0.1310,0.4255,0.1144,0.3288,IDLE,0,1,step_confirmed_slow_align d=0.990,0,0,6.000,1,0.9900,0.9900,0.0473,0.9352,93,5,0.6050,0.5404,0.3234,0.5404,0.0646,本圈台阶完成,1,0.0000,0.150,0.330
4276.035,SEEK_ROUNDABOUT,12.345,1,2.164,0.0000,0.0000,none,2.834,step_align_heading/course_events_frozen,0.0450,0.2777,1,line_curve_center_riding,0.3560,0.3723,0.1002,-0.0244,0.7634,6,0.2721,0.1246,0.3967,0.1494,0.2777,IDLE,0,1,step_confirmed_slow_align d=0.990,0,0,6.000,1,0.9800,0.9900,0.0470,0.9317,95,5,0.6050,0.5404,0.3234,0.5404,0.0646,本圈台阶完成,1,0.0000,0.150,0.330
4276.172,SEEK_ROUNDABOUT,12.482,1,2.164,0.0000,0.0000,none,2.834,step_align_heading/course_events_frozen,0.0450,0.2392,1,line_curve_center_riding,0.4807,0.4975,0.2172,-0.0189,0.8499,7,0.2802,0.2361,0.5164,0.2319,0.2392,IDLE,0,1,step_confirmed_slow_align d=0.990,0,0,6.000,1,0.9800,0.9900,0.0476,0.9408,99,5,0.6050,0.5404,0.3234,0.5404,0.0646,本圈台阶完成,1,0.0000,0.150,0.330
4276.303,SEEK_ROUNDABOUT,12.613,1,2.224,0.0000,0.0000,none,2.834,tracking,0.0947,-0.0878,1,line_curve_center_riding,0.3606,0.3719,0.1840,0.0788,0.5890,4,0.1879,0.1051,0.2930,0.2116,-0.0878,IDLE,0,0,fixed_candidate_confirm 1/3,0,0,6.000,1,0.9700,0.9800,0.0473,0.9363,102,5,0.6050,0.5404,0.3234,0.5404,0.0646,本圈台阶完成,1,0.0000,0.150,0.330
4276.441,SEEK_ROUNDABOUT,12.751,1,2.224,0.0000,0.0000,none,2.834,step_align_heading/course_events_frozen,0.0450,0.1174,1,line_curve_center_riding,0.5087,0.5228,0.2887,0.1814,0.6872,5,0.2340,0.1073,0.3414,0.3310,0.1174,IDLE,0,1,step_confirmed_slow_align d=0.980,0,0,6.000,1,0.9600,0.9800,0.0479,0.9435,105,5,0.6050,0.5404,0.3234,0.5404,0.0646,本圈台阶完成,1,0.0000,0.150,0.330
4276.554,SEEK_ROUNDABOUT,12.864,1,2.224,0.0000,0.0000,none,2.834,step_align_heading/course_events_frozen,0.0450,0.1048,1,line_curve_center_riding,0.4945,0.5079,0.2851,0.1870,0.6899,5,0.2228,0.0981,0.3209,0.3266,0.1048,IDLE,0,1,step_confirmed_slow_align d=0.970,0,0,6.000,1,0.9500,0.9700,0.0476,0.9398,108,5,0.6050,0.5404,0.3234,0.5404,0.0646,本圈台阶完成,1,0.0000,0.150,0.330
4276.666,SEEK_ROUNDABOUT,12.976,1,2.224,0.0000,0.0000,none,2.834,step_align_heading/course_events_frozen,0.0450,0.1141,1,line_curve_center_riding,0.4918,0.5054,0.2789,0.1737,0.7780,6,0.2265,0.1053,0.3317,0.3193,0.1141,IDLE,0,1,step_confirmed_slow_align d=0.960,0,0,6.000,1,0.9500,0.9600,0.0475,0.9391,110,5,0.6050,0.5404,0.3234,0.5404,0.0646,本圈台阶完成,1,0.0000,0.150,0.330
4276.777,SEEK_ROUNDABOUT,13.088,1,2.224,0.0000,0.0000,none,2.834,step_align_heading/course_events_frozen,0.0450,0.1120,1,line_curve_center_riding,0.4639,0.4769,0.2597,0.1699,0.6823,5,0.2173,0.0898,0.3070,0.3022,0.1120,IDLE,0,1,step_confirmed_slow_align d=0.950,0,0,6.000,1,0.9400,0.9500,0.0475,0.9382,113,5,0.6050,0.5404,0.3234,0.5404,0.0646,本圈台阶完成,1,0.0000,0.150,0.330
4276.897,SEEK_ROUNDABOUT,13.207,1,2.224,0.0000,0.0000,none,2.834,step_align_heading/course_events_frozen,0.0450,0.1206,1,line_curve_center_riding,0.5028,0.5171,0.2795,0.2044,0.7749,6,0.2376,0.0751,0.3127,0.3337,0.1206,IDLE,0,1,step_confirmed_slow_align d=0.950,0,0,6.000,1,0.9300,0.9500,0.0483,0.9487,116,5,0.6050,0.5404,0.3234,0.5404,0.0646,本圈台阶完成,1,0.0000,0.150,0.330
4277.012,SEEK_ROUNDABOUT,13.322,1,2.224,0.0000,0.0000,none,2.834,step_align_heading/course_events_frozen,0.0450,0.1427,1,line_curve_center_riding,0.5866,0.6009,0.3630,-0.0720,0.8226,7,0.2378,0.4350,0.6729,0.2973,0.1427,IDLE,0,1,step_confirmed_slow_align d=0.940,0,0,6.000,1,0.9200,0.9400,0.0484,0.9499,118,5,0.6050,0.5404,0.3234,0.5404,0.0646,本圈台阶完成,1,0.0000,0.150,0.330
4277.130,SEEK_ROUNDABOUT,13.440,1,2.224,0.0000,0.0000,none,2.834,step_align_heading/course_events_frozen,0.0450,0.0075,1,line_curve_center_riding,0.5570,0.5659,0.4177,-0.0210,0.7311,6,0.1482,0.4387,0.5869,0.3209,0.0075,IDLE,0,1,step_confirmed_slow_align d=0.930,0,0,6.000,1,0.9100,0.9300,0.0494,0.9632,121,5,0.6050,0.5404,0.3234,0.5404,0.0646,本圈台阶完成,1,0.0000,0.150,0.330
4277.259,SEEK_ROUNDABOUT,13.569,1,2.224,0.0000,0.0000,none,2.834,step_align_heading/course_events_frozen,0.0450,-0.0421,1,line_curve_center_riding,0.4613,0.4703,0.3200,0.4347,0.7689,6,0.1503,0.1147,0.0356,0.4083,-0.0421,IDLE,0,1,step_confirmed_slow_align d=0.920,0,0,6.000,1,0.9000,0.9200,0.0496,0.9653,124,5,0.6050,0.5404,0.3234,0.5404,0.0646,本圈台阶完成,1,0.0000,0.150,0.330
4277.372,SEEK_ROUNDABOUT,13.682,1,2.224,0.0000,0.0000,none,2.834,step_align_heading/course_events_frozen,0.0450,0.0339,1,line_curve_center_riding,0.5052,0.5168,0.3225,0.3030,0.6940,5,0.1943,0.0195,0.2138,0.3808,0.0339,IDLE,0,1,step_confirmed_slow_align d=0.910,0,0,6.000,1,0.8900,0.9100,0.0489,0.9561,126,5,0.6050,0.5404,0.3234,0.5404,0.0646,本圈台阶完成,1,0.0000,0.150,0.330
4277.507,SEEK_ROUNDABOUT,13.817,1,2.224,0.0000,0.0000,none,2.834,step_align_heading/course_events_frozen,0.0450,0.0099,1,line_curve_center_riding,0.4679,0.4789,0.2944,0.4229,0.7573,6,0.1846,0.1285,0.0560,0.3987,0.0099,IDLE,0,1,step_confirmed_slow_align d=0.900,0,0,6.000,1,0.8900,0.9000,0.0486,0.9519,129,5,0.6050,0.5404,0.3234,0.5404,0.0646,本圈台阶完成,1,0.0000,0.150,0.330
4277.631,SEEK_ROUNDABOUT,13.941,1,2.224,0.0000,0.0000,none,2.834,step_align_heading/course_events_frozen,0.0450,-0.0220,1,line_curve_center_riding,0.4781,0.4883,0.3184,0.4507,0.7642,6,0.1699,0.1323,0.0377,0.4191,-0.0220,IDLE,0,1,step_confirmed_slow_align d=0.890,0,0,6.000,1,0.8700,0.8900,0.0493,0.9628,132,5,0.6050,0.5404,0.3234,0.5404,0.0646,本圈台阶完成,1,0.0000,0.150,0.330
4277.744,SEEK_ROUNDABOUT,14.054,1,2.224,0.0000,0.0000,none,2.834,step_align_heading/course_events_frozen,0.0450,-0.0247,1,line_curve_center_riding,0.4459,0.4553,0.2973,0.4371,0.7645,6,0.1580,0.1398,0.0182,0.3966,-0.0247,IDLE,0,1,step_confirmed_slow_align d=0.890,0,0,6.000,1,0.8600,0.8900,0.0492,0.9615,134,5,0.6050,0.5404,0.3234,0.5404,0.0646,本圈台阶完成,1,0.0000,0.150,0.330
4277.866,SEEK_ROUNDABOUT,14.176,1,2.224,0.0000,0.0000,none,2.834,step_align_heading/course_events_frozen,0.0450,-0.0288,1,line_curve_center_riding,0.4278,0.4368,0.2870,0.4310,0.7645,6,0.1498,0.1440,0.0058,0.3850,-0.0288,IDLE,0,1,step_confirmed_slow_align d=0.870,0,0,6.000,1,0.8600,0.8700,0.0499,0.9697,137,5,0.6050,0.5404,0.3234,0.5404,0.0646,本圈台阶完成,1,0.0000,0.150,0.330
4277.983,SEEK_ROUNDABOUT,14.293,1,2.224,0.0000,0.0000,none,2.834,step_align_heading/course_events_frozen,0.0450,0.1760,1,line_curve_center_riding,0.6033,0.6189,0.3580,-0.0960,0.7346,6,0.2609,0.4540,0.7150,0.2937,0.1760,IDLE,0,1,step_confirmed_slow_align d=0.860,0,0,6.000,1,0.8500,0.8600,0.0493,0.9612,139,5,0.6050,0.5404,0.3234,0.5404,0.0646,本圈台阶完成,1,0.0000,0.150,0.330
4278.097,SEEK_ROUNDABOUT,14.407,1,2.224,0.0000,0.0000,none,2.834,step_align_heading/course_events_frozen,0.0450,-0.0077,1,line_curve_center_riding,0.4492,0.4593,0.2914,0.4208,0.7636,6,0.1678,0.1293,0.0385,0.3905,-0.0077,IDLE,0,1,step_confirmed_slow_align d=0.860,0,0,6.000,1,0.8400,0.8600,0.0492,0.9611,142,5,0.6050,0.5404,0.3234,0.5404,0.0646,本圈台阶完成,1,0.0000,0.150,0.330
4278.210,SEEK_ROUNDABOUT,14.520,1,2.224,0.0000,0.0000,none,2.834,step_align_heading/course_events_frozen,0.0450,0.0737,1,line_curve_center_riding,0.5189,0.5323,0.3102,0.2881,0.4960,3,0.2221,0.0220,0.2441,0.3768,0.0737,IDLE,0,1,step_confirmed_slow_align d=0.850,0,0,6.000,1,0.8300,0.8500,0.0489,0.9575,144,5,0.6050,0.5404,0.3234,0.5404,0.0646,本圈台阶完成,1,0.0000,0.150,0.330
4278.324,SEEK_ROUNDABOUT,14.635,1,2.224,0.0000,0.0000,none,2.834,step_align_heading/course_events_frozen,0.0450,0.0287,1,line_curve_center_riding,0.5477,0.5613,0.3350,0.4876,0.6737,5,0.2263,0.1525,0.0737,0.4613,0.0287,IDLE,0,1,step_confirmed_slow_align d=0.840,0,0,6.000,1,0.8300,0.8400,0.0491,0.9591,146,5,0.6050,0.5404,0.3234,0.5404,0.0646,本圈台阶完成,1,0.0000,0.150,0.330
4278.442,SEEK_ROUNDABOUT,14.752,1,2.224,0.0000,0.0000,none,2.834,step_align_heading/course_events_frozen,0.0450,0.0553,1,line_curve_center_riding,0.4776,0.4890,0.2982,0.2243,0.7851,6,0.1908,0.0738,0.2647,0.3372,0.0553,IDLE,0,1,step_confirmed_slow_align d=0.830,0,0,6.000,1,0.8200,0.8300,0.0495,0.9650,149,5,0.6050,0.5404,0.3234,0.5404,0.0646,本圈台阶完成,1,0.0000,0.150,0.330
4278.566,SEEK_ROUNDABOUT,14.876,1,2.224,0.0000,0.0000,none,2.834,step_align_heading/course_events_frozen,0.0450,0.0639,1,line_curve_center_riding,0.5013,0.5136,0.3094,0.2352,0.7818,6,0.2041,0.0743,0.2784,0.3527,0.0639,IDLE,0,1,step_confirmed_slow_align d=0.830,0,0,6.000,1,0.8200,0.8300,0.0502,0.9695,152,5,0.6050,0.5404,0.3234,0.5404,0.0646,本圈台阶完成,1,0.0000,0.150,0.330
4278.677,SEEK_ROUNDABOUT,14.987,1,2.224,0.0000,0.0000,none,2.834,step_align_heading/course_events_frozen,0.0450,0.0830,1,line_curve_center_riding,0.6039,0.6164,0.4075,-0.0292,0.8276,7,0.2089,0.4367,0.6456,0.3316,0.0830,IDLE,0,1,step_confirmed_slow_align d=0.820,0,0,6.000,1,0.8200,0.8200,0.0497,0.9678,154,5,0.6050,0.5404,0.3234,0.5404,0.0646,本圈台阶完成,1,0.0000,0.150,0.330
4278.832,SEEK_ROUNDABOUT,15.142,1,2.224,0.0000,0.0000,none,2.834,step_align_heading/course_events_frozen,0.0450,0.0627,1,line_curve_center_riding,0.5177,0.5302,0.3212,0.2463,0.7819,6,0.2090,0.0749,0.2839,0.3659,0.0627,IDLE,0,1,step_confirmed_slow_align d=0.820,0,0,6.000,1,0.8100,0.8200,0.0498,0.9696,157,5,0.6050,0.5404,0.3234,0.5404,0.0646,本圈台阶完成,1,0.0000,0.150,0.330
4278.948,SEEK_ROUNDABOUT,15.258,1,2.224,0.0000,0.0000,none,2.834,step_align_heading/course_events_frozen,0.0450,0.0442,1,line_curve_center_riding,0.4998,0.5117,0.3135,0.2919,0.6946,5,0.1982,0.0216,0.2198,0.3723,0.0442,IDLE,0,1,step_confirmed_slow_align d=0.820,0,0,6.000,1,0.8100,0.8200,0.0494,0.9628,160,5,0.6050,0.5404,0.3234,0.5404,0.0646,本圈台阶完成,1,0.0000,0.150,0.330
4279.063,SEEK_ROUNDABOUT,15.373,1,2.224,0.0000,0.0000,none,2.834,step_align_slow/course_events_frozen,0.0300,-0.0267,1,line_center_tracking,0.3440,0.3751,0.2642,0.2432,0.5213,3,0.1109,0.0210,0.1319,0.2941,-0.0267,IDLE,0,1,step_confirmed_slow_align d=0.810,0,0,6.000,1,0.8100,0.8100,0.0505,0.9660,162,5,0.6050,0.5404,0.3234,0.5404,0.0646,本圈台阶完成,1,0.0000,0.150,0.330
4279.181,SEEK_ROUNDABOUT,15.491,1,2.224,0.0000,0.0000,none,2.834,step_align_slow/course_events_frozen,0.0300,0.0364,1,line_curve_center_riding,0.5780,0.5912,0.3699,0.3507,0.6040,4,0.2213,0.0193,0.2406,0.4373,0.0364,IDLE,0,1,step_confirmed_slow_align d=0.810,0,0,6.000,1,0.8100,0.8100,0.0502,0.9692,165,5,0.6050,0.5404,0.3234,0.5404,0.0646,本圈台阶完成,1,0.0000,0.150,0.330
4279.303,SEEK_ROUNDABOUT,15.614,1,2.224,0.0000,0.0000,none,2.834,step_align_slow/course_events_frozen,0.0300,0.0077,1,line_curve_center_riding,0.5371,0.5485,0.3586,0.3360,0.6967,5,0.1899,0.0226,0.2125,0.4144,0.0077,IDLE,0,1,step_confirmed_slow_align d=0.810,0,0,6.000,1,0.8100,0.8100,0.0498,0.9697,167,5,0.6050,0.5404,0.3234,0.5404,0.0646,本圈台阶完成,1,0.0000,0.150,0.330
4279.420,SEEK_ROUNDABOUT,15.730,1,2.224,0.0000,0.0000,none,2.834,step_align_slow/course_events_frozen,0.0300,0.0005,1,line_curve_center_riding,0.5483,0.5597,0.3701,0.3480,0.6965,5,0.1896,0.0220,0.2117,0.4259,0.0005,IDLE,0,1,step_confirmed_slow_align d=0.810,0,0,6.000,1,0.8100,0.8100,0.0493,0.9629,170,5,0.6050,0.5404,0.3234,0.5404,0.0646,本圈台阶完成,1,0.0000,0.150,0.330
4279.554,SEEK_ROUNDABOUT,15.864,1,2.224,0.0000,0.0000,none,2.834,step_align_slow/course_events_frozen,0.0300,-0.0424,1,line_curve_center_riding,0.5292,0.5397,0.3645,0.4904,0.8493,7,0.1752,0.1259,0.0493,0.4649,-0.0424,IDLE,0,1,step_confirmed_slow_align d=0.810,0,0,6.000,1,0.8200,0.8100,0.0500,0.9719,173,5,0.6050,0.5404,0.3234,0.5404,0.0646,本圈台阶完成,1,0.0000,0.150,0.330
4279.692,SEEK_ROUNDABOUT,16.002,1,2.224,0.0000,0.0000,none,2.834,step_align_slow/course_events_frozen,0.0300,-0.0048,1,line_curve_center_riding,0.5583,0.5697,0.3797,0.3576,0.6965,5,0.1900,0.0221,0.2121,0.4356,-0.0048,IDLE,0,1,step_confirmed_slow_align d=0.810,0,0,6.000,1,0.8200,0.8100,0.0488,0.9563,175,5,0.6050,0.5404,0.3234,0.5404,0.0646,本圈台阶完成,1,0.0000,0.150,0.330
4279.826,SEEK_ROUNDABOUT,16.136,1,2.224,0.0000,0.0000,none,2.834,step_align_heading/course_events_frozen,0.0450,-0.0029,1,line_curve_center_riding,0.5514,0.5627,0.3740,0.3520,0.6969,5,0.1888,0.0220,0.2107,0.4296,-0.0029,IDLE,0,1,step_confirmed_slow_align d=0.820,0,0,6.000,1,0.8200,0.8200,0.0496,0.9686,178,5,0.6050,0.5404,0.3234,0.5404,0.0646,本圈台阶完成,1,0.0000,0.150,0.330
4279.961,SEEK_ROUNDABOUT,16.271,1,2.224,0.0000,0.0000,none,2.834,step_align_heading/course_events_frozen,0.0450,0.0075,1,line_curve_center_riding,0.5651,0.5771,0.3775,0.3550,0.6928,5,0.1996,0.0225,0.2221,0.4365,0.0075,IDLE,0,1,step_confirmed_slow_align d=0.820,0,0,6.000,1,0.8200,0.8200,0.0494,0.9643,181,5,0.6050,0.5404,0.3234,0.5404,0.0646,本圈台阶完成,1,0.0000,0.150,0.330
4280.089,SEEK_ROUNDABOUT,16.399,1,2.224,0.0000,0.0000,none,2.834,step_align_heading/course_events_frozen,0.0450,-0.0855,1,line_center_tracking,0.3728,0.3967,0.3112,0.2966,0.5312,3,0.0855,0.0146,0.1001,0.3349,-0.0855,IDLE,0,1,step_confirmed_slow_align d=0.820,0,0,6.000,1,0.8200,0.8200,0.0489,0.9581,184,5,0.6050,0.5404,0.3234,0.5404,0.0646,本圈台阶完成,1,0.0000,0.150,0.330
4280.205,SEEK_ROUNDABOUT,16.515,1,2.224,0.0000,0.0000,none,2.834,step_align_heading/course_events_frozen,0.0450,0.0163,1,line_curve_center_riding,0.5653,0.5771,0.3807,0.2868,0.7817,6,0.1964,0.0939,0.2903,0.4148,0.0163,IDLE,0,1,step_confirmed_slow_align d=0.820,0,0,6.000,1,0.8300,0.8200,0.0495,0.9656,186,5,0.6050,0.5404,0.3234,0.5404,0.0646,本圈台阶完成,1,0.0000,0.150,0.330
4280.321,SEEK_ROUNDABOUT,16.631,1,2.224,0.0000,0.0000,none,2.834,step_align_heading/course_events_frozen,0.0450,0.0133,1,line_curve_center_riding,0.5684,0.5802,0.3831,0.3007,0.7826,6,0.1971,0.0825,0.2796,0.4213,0.0133,IDLE,0,1,step_confirmed_slow_align d=0.820,0,0,6.000,1,0.8300,0.8200,0.0498,0.9700,189,5,0.6050,0.5404,0.3234,0.5404,0.0646,本圈台阶完成,1,0.0000,0.150,0.330
4280.465,SEEK_ROUNDABOUT,16.775,1,2.224,0.0000,0.0000,none,2.834,step_align_heading/course_events_frozen,0.0450,0.0095,1,line_curve_center_riding,0.5541,0.5655,0.3753,0.2955,0.7846,6,0.1902,0.0798,0.2700,0.4121,0.0095,IDLE,0,1,step_confirmed_slow_align d=0.830,0,0,6.000,1,0.8300,0.8300,0.0498,0.9691,192,5,0.6050,0.5404,0.3234,0.5404,0.0646,本圈台阶完成,1,0.0000,0.150,0.330
4280.605,SEEK_ROUNDABOUT,16.915,1,2.224,0.0000,0.0000,none,2.834,step_align_heading/course_events_frozen,0.0450,-0.0008,1,line_curve_center_riding,0.5595,0.5711,0.3783,0.3563,0.6959,5,0.1928,0.0220,0.2148,0.4352,-0.0008,IDLE,0,1,step_confirmed_slow_align d=0.830,0,0,6.000,1,0.8300,0.8300,0.0498,0.9698,195,5,0.6050,0.5404,0.3234,0.5404,0.0646,本圈台阶完成,1,0.0000,0.150,0.330
4280.737,SEEK_ROUNDABOUT,17.047,1,2.224,0.0000,0.0000,none,2.834,step_align_heading/course_events_frozen,0.0450,0.0012,1,line_curve_center_riding,0.5604,0.5717,0.3839,0.3058,0.7856,6,0.1877,0.0781,0.2659,0.4205,0.0012,IDLE,0,1,step_confirmed_slow_align d=0.830,0,0,6.000,1,0.8300,0.8300,0.0500,0.9717,198,5,0.6050,0.5404,0.3234,0.5404,0.0646,本圈台阶完成,1,0.0000,0.150,0.330
4280.851,SEEK_ROUNDABOUT,17.161,1,2.224,0.0000,0.0000,none,2.834,step_align_heading/course_events_frozen,0.0450,0.0049,1,line_curve_center_riding,0.5609,0.5722,0.3830,0.2976,0.7840,6,0.1892,0.0854,0.2747,0.4176,0.0049,IDLE,0,1,step_confirmed_slow_align d=0.830,0,0,6.000,1,0.8400,0.8300,0.0498,0.9697,200,5,0.6050,0.5404,0.3234,0.5404,0.0646,本圈台阶完成,1,0.0000,0.150,0.330
4280.975,SEEK_ROUNDABOUT,17.286,1,2.224,0.0000,0.0000,none,2.834,step_align_heading/course_events_frozen,0.0450,0.0165,1,line_curve_center_riding,0.5770,0.5892,0.3866,0.3088,0.7816,6,0.2025,0.0778,0.2804,0.4282,0.0165,IDLE,0,1,step_confirmed_slow_align d=0.830,0,0,6.000,1,0.8400,0.8300,0.0489,0.9574,203,5,0.6050,0.5404,0.3234,0.5404,0.0646,本圈台阶完成,1,0.0000,0.150,0.330
4281.090,SEEK_ROUNDABOUT,17.400,1,2.224,0.0000,0.0000,none,2.834,step_align_heading/course_events_frozen,0.0450,0.0011,1,line_curve_center_riding,0.5455,0.5566,0.3717,0.3139,0.7025,5,0.1848,0.0579,0.2427,0.4141,0.0011,IDLE,0,1,step_confirmed_slow_align d=0.830,0,0,6.000,1,0.8300,0.8300,0.0493,0.9632,205,5,0.6050,0.5404,0.3234,0.5404,0.0646,本圈台阶完成,1,0.0000,0.150,0.330
4281.223,SEEK_ROUNDABOUT,17.533,1,2.224,0.0000,0.0000,none,2.834,step_align_heading/course_events_frozen,0.0450,0.0211,1,line_curve_center_riding,0.5662,0.5783,0.3760,0.3057,0.7822,6,0.2023,0.0704,0.2727,0.4200,0.0211,IDLE,0,1,step_confirmed_slow_align d=0.830,0,0,6.000,1,0.8300,0.8300,0.0494,0.9634,208,5,0.6050,0.5404,0.3234,0.5404,0.0646,本圈台阶完成,1,0.0000,0.150,0.330
4281.339,SEEK_ROUNDABOUT,17.649,1,2.224,0.0000,0.0000,none,2.834,step_align_heading/course_events_frozen,0.0450,0.0272,1,line_curve_center_riding,0.5636,0.5758,0.3713,0.2977,0.7815,6,0.2046,0.0735,0.2781,0.4149,0.0272,IDLE,0,1,step_confirmed_slow_align d=0.830,0,0,6.000,1,0.8300,0.8300,0.0486,0.9522,210,5,0.6050,0.5404,0.3234,0.5404,0.0646,本圈台阶完成,1,0.0000,0.150,0.330
4281.452,SEEK_ROUNDABOUT,17.762,1,2.224,0.0000,0.0000,none,2.834,step_align_heading/course_events_frozen,0.0450,0.0233,1,line_curve_center_riding,0.6526,0.6649,0.4600,0.1420,0.8481,7,0.2049,0.3180,0.5229,0.4223,0.0233,IDLE,0,1,step_confirmed_slow_align d=0.830,0,0,6.000,1,0.8300,0.8300,0.0487,0.9530,213,5,0.6050,0.5404,0.3234,0.5404,0.0646,本圈台阶完成,1,0.0000,0.150,0.330
4281.592,SEEK_ROUNDABOUT,17.902,1,2.224,0.0000,0.0000,none,2.834,step_align_heading/course_events_frozen,0.0450,0.0023,1,line_curve_center_riding,0.5218,0.5321,0.3607,0.2524,0.7873,6,0.1714,0.1083,0.2797,0.3817,0.0023,IDLE,0,1,step_confirmed_slow_align d=0.830,0,0,6.000,1,0.8200,0.8300,0.0485,0.9508,216,5,0.6050,0.5404,0.3234,0.5404,0.0646,本圈台阶完成,1,0.0000,0.150,0.330
4281.706,SEEK_ROUNDABOUT,18.016,1,2.224,0.6000,0.0000,none,2.834,step_align_heading/course_events_frozen,0.0450,0.0076,1,line_curve_center_riding,0.5297,0.5402,0.3642,0.2460,0.7853,6,0.1761,0.1182,0.2942,0.3835,0.0076,IDLE,0,1,step_confirmed_slow_align d=0.830,0,0,6.000,1,0.8200,0.8300,0.0487,0.9533,218,5,0.6050,0.5404,0.3234,0.5404,0.0646,本圈台阶完成,1,0.0000,0.150,0.330
4281.823,SEEK_ROUNDABOUT,18.133,1,2.224,0.0000,0.0000,none,2.834,step_align_heading/course_events_frozen,0.0450,0.0095,1,line_curve_center_riding,0.5222,0.5326,0.3578,0.2423,0.7858,6,0.1749,0.1154,0.2903,0.3776,0.0095,IDLE,0,1,step_confirmed_slow_align d=0.820,0,0,6.000,1,0.8100,0.8200,0.0495,0.9640,220,5,0.6050,0.5404,0.3234,0.5404,0.0646,本圈台阶完成,1,0.0000,0.150,0.330
4281.947,SEEK_ROUNDABOUT,18.257,1,2.224,0.0000,0.0000,none,2.834,step_align_heading/course_events_frozen,0.0450,0.0105,1,line_curve_center_riding,0.5071,0.5174,0.3459,0.2419,0.7872,6,0.1715,0.1039,0.2755,0.3684,0.0105,IDLE,0,1,step_confirmed_slow_align d=0.820,0,0,6.000,1,0.8000,0.8200,0.0495,0.9633,223,5,0.6050,0.5404,0.3234,0.5404,0.0646,本圈台阶完成,1,0.0000,0.150,0.330
4282.070,SEEK_ROUNDABOUT,18.380,1,2.224,0.6000,0.0000,none,2.834,step_align_slow/course_events_frozen,0.0300,-0.0852,1,line_curve_center_riding,0.4694,0.4776,0.3420,0.5215,0.7670,6,0.1356,0.1795,0.0439,0.4470,-0.0852,IDLE,0,1,step_confirmed_slow_align d=0.810,0,0,6.000,1,0.7900,0.8100,0.0491,0.9589,226,5,0.6050,0.5404,0.3234,0.5404,0.0646,本圈台阶完成,1,0.0000,0.150,0.330
4282.198,SEEK_ROUNDABOUT,18.508,1,2.224,0.6000,0.0000,none,2.834,step_align_slow/course_events_frozen,0.0300,0.2331,1,line_curve_center_riding,0.6323,0.6516,0.3303,-0.2522,0.6369,5,0.3214,0.5825,0.9038,0.2432,0.2331,IDLE,0,1,step_confirmed_slow_align d=0.800,0,0,6.000,1,0.7800,0.8000,0.0501,0.9698,228,5,0.6050,0.5404,0.3234,0.5404,0.0646,本圈台阶完成,1,0.0000,0.150,0.330
4282.317,SEEK_ROUNDABOUT,18.627,1,2.224,0.0000,0.0000,none,2.834,step_align_slow/course_events_frozen,0.0300,0.0822,1,line_curve_center_riding,0.5344,0.5469,0.3379,0.1157,0.5757,4,0.2091,0.2221,0.4312,0.3335,0.0822,IDLE,0,1,step_confirmed_slow_align d=0.790,0,0,6.000,1,0.7700,0.7900,0.0496,0.9665,231,5,0.6050,0.5404,0.3234,0.5404,0.0646,本圈台阶完成,1,0.0000,0.150,0.330
4282.429,SEEK_ROUNDABOUT,18.739,1,2.224,0.2000,0.0000,none,2.834,step_align_slow/course_events_frozen,0.0300,0.0223,1,line_curve_center_riding,0.4662,0.4764,0.3069,0.2498,0.6966,5,0.1695,0.0571,0.2266,0.3443,0.0223,IDLE,0,1,step_confirmed_slow_align d=0.780,0,0,6.000,1,0.7600,0.7800,0.0486,0.9530,233,5,0.6050,0.5404,0.3234,0.5404,0.0646,本圈台阶完成,1,0.0000,0.150,0.330
4282.546,SEEK_ROUNDABOUT,18.856,1,2.224,0.4000,0.0000,none,2.834,step_align_slow/course_events_frozen,0.0300,0.1476,1,line_curve_center_riding,0.6320,0.6475,0.3885,-0.0257,0.7294,6,0.2590,0.4142,0.6732,0.3368,0.1476,IDLE,0,1,step_confirmed_slow_align d=0.770,0,0,6.000,1,0.7500,0.7700,0.0490,0.9581,236,5,0.6050,0.5404,0.3234,0.5404,0.0646,本圈台阶完成,1,0.0000,0.150,0.330
4282.678,SEEK_ROUNDABOUT,18.988,1,2.224,0.0000,0.0000,none,2.834,step_align_slow/course_events_frozen,0.0300,-0.0465,1,line_curve_center_riding,0.4791,0.4876,0.3464,0.3515,0.7051,5,0.1412,0.0051,0.1361,0.3952,-0.0465,IDLE,0,1,step_confirmed_slow_align d=0.760,0,0,6.000,1,0.7300,0.7600,0.0484,0.9503,238,5,0.6050,0.5404,0.3234,0.5404,0.0646,本圈台阶完成,1,0.0000,0.150,0.330
4282.806,SEEK_ROUNDABOUT,19.117,1,2.224,0.2000,0.0000,none,2.834,step_align_slow/course_events_frozen,0.0300,-0.3124,1,line_curve_center_riding,0.5094,0.5107,0.4897,0.7029,0.6686,5,0.0210,0.2131,0.1922,0.5678,-0.3124,IDLE,0,1,step_confirmed_slow_align d=0.750,0,0,6.000,1,0.7200,0.7500,0.0493,0.9620,241,5,0.6050,0.5404,0.3234,0.5404,0.0646,本圈台阶完成,1,0.0000,0.150,0.330
4282.922,SEEK_ROUNDABOUT,19.232,1,2.224,0.4000,0.0000,none,2.834,step_align_creep/course_events_frozen,0.0150,-0.0226,1,line_curve_center_riding,0.6639,0.6867,0.3065,0.1957,0.6555,5,0.3802,0.1109,0.4910,0.3963,-0.0226,IDLE,0,1,step_confirmed_slow_align d=0.730,0,0,6.000,1,0.7100,0.7300,0.0488,0.9551,243,5,0.6050,0.5404,0.3234,0.5404,0.0646,本圈台阶完成,1,0.0000,0.150,0.330
4283.034,SEEK_ROUNDABOUT,19.344,1,2.224,0.2000,0.0000,none,2.834,step_align_creep/course_events_frozen,0.0150,0.2571,1,line_curve_center_riding,0.5978,0.6198,0.2530,-0.3055,0.6277,5,0.3668,0.5585,0.9253,0.1891,0.2571,IDLE,0,1,step_confirmed_slow_align d=0.720,0,0,6.000,1,0.6900,0.7200,0.0477,0.9394,246,5,0.6050,0.5404,0.3234,0.5404,0.0646,本圈台阶完成,1,0.0000,0.150,0.330
4283.150,SEEK_ROUNDABOUT,19.460,1,2.224,0.0000,0.0000,none,2.834,step_align_creep/course_events_frozen,0.0150,0.3400,1,line_curve_center_riding,0.6027,0.6277,0.2112,0.1245,0.4596,3,0.4166,0.0866,0.5032,0.3211,0.3400,IDLE,0,1,step_confirmed_slow_align d=0.710,0,0,6.000,1,0.6900,0.7100,0.0441,0.8868,248,5,0.6050,0.5404,0.3234,0.5404,0.0646,本圈台阶完成,1,0.0000,0.150,0.330
4283.266,SEEK_ROUNDABOUT,19.576,1,2.224,0.0000,0.0000,none,2.834,step_align_creep/course_events_frozen,0.0150,0.0494,1,line_center_tracking,0.4060,0.4178,0.3757,0.3757,0.4534,2,0.0422,0.0000,0.0422,0.3897,0.0494,IDLE,0,1,step_confirmed_slow_align d=0.690,0,0,6.000,1,0.6900,0.6900,0.0426,0.8647,251,5,0.6050,0.5404,0.3234,0.5404,0.0646,本圈台阶完成,1,0.0000,0.150,0.330
4283.375,SEEK_ROUNDABOUT,19.686,1,2.224,0.0000,0.0000,none,2.834,step_align_line_lost_stop/course_events_frozen,0.0000,0.0000,0,line_too_few_bands,0.0000,0.0000,0.0000,0.0000,0.0000,0,0.0000,0.0000,0.0000,0.0000,0.0000,IDLE,0,1,step_confirmed_slow_align d=0.690,0,0,6.000,1,0.6700,0.6900,0.0411,0.8442,253,5,0.6050,0.5404,0.3234,0.5404,0.0646,本圈台阶完成,1,0.0000,0.150,0.330
4283.486,SEEK_ROUNDABOUT,19.796,1,2.224,0.0000,0.0000,none,2.834,step_align_creep/course_events_frozen,0.0150,-0.2760,1,line_curve_center_riding,0.5872,0.5736,0.8002,0.9815,0.3196,2,0.2266,0.1813,0.4079,0.7851,-0.2760,IDLE,0,1,step_confirmed_slow_align d=0.690,0,0,6.000,1,0.6700,0.6900,0.0432,0.8765,255,5,0.6050,0.5404,0.3234,0.5404,0.0646,本圈台阶完成,1,0.0000,0.150,0.330
4283.601,SEEK_ROUNDABOUT,19.911,1,2.224,0.0000,0.0000,none,2.834,step_align_line_lost_stop/course_events_frozen,0.0000,0.0000,0,line_too_few_bands,0.0000,0.0000,0.0000,0.0000,0.0000,0,0.0000,0.0000,0.0000,0.0000,0.0000,IDLE,0,1,step_confirmed_slow_align d=0.670,0,0,6.000,1,0.6500,0.6700,0.0416,0.8515,257,5,0.6050,0.5404,0.3234,0.5404,0.0646,本圈台阶完成,1,0.0000,0.150,0.330
4283.719,SEEK_ROUNDABOUT,20.029,1,2.224,0.0000,0.0000,none,2.834,step_align_line_lost_stop/course_events_frozen,0.0000,0.0000,0,line_too_few_bands,0.0000,0.0000,0.0000,0.0000,0.0000,0,0.0000,0.0000,0.0000,0.0000,0.0000,IDLE,0,1,step_confirmed_slow_align d=0.670,0,0,6.000,1,0.6400,0.6700,0.0431,0.8732,260,5,0.6050,0.5404,0.3234,0.5404,0.0646,本圈台阶完成,1,0.0000,0.150,0.330
4283.836,SEEK_ROUNDABOUT,20.147,1,2.224,0.0000,0.0000,none,2.834,step_align_creep/course_events_frozen,0.0150,-0.2948,1,line_curve_center_riding,0.5972,0.5828,0.8231,1.0000,0.4337,3,0.2403,0.1769,0.4172,0.8020,-0.2948,IDLE,0,1,step_confirmed_slow_align d=0.660,0,0,6.000,1,0.6600,0.6600,0.0434,0.8769,262,5,0.6050,0.5404,0.3234,0.5404,0.0646,本圈台阶完成,1,0.0000,0.150,0.330
4283.955,SEEK_ROUNDABOUT,20.265,1,2.224,0.0000,0.0000,none,2.834,step_align_creep/course_events_frozen,0.0150,0.0007,1,line_curve_center_riding,0.6504,0.6781,0.2168,0.1300,0.4512,3,0.4613,0.0868,0.5481,0.3416,0.0007,IDLE,0,1,step_confirmed_slow_align d=0.650,0,0,6.000,1,0.6500,0.6500,0.0431,0.8755,265,5,0.6050,0.5404,0.3234,0.5404,0.0646,本圈台阶完成,1,0.0000,0.150,0.330
4284.065,SEEK_ROUNDABOUT,20.376,1,2.224,0.0000,0.0000,none,2.834,step_align_creep/course_events_frozen,0.0150,-0.1596,1,line_center_tracking,0.4259,0.4429,0.3823,0.3823,0.4440,2,0.0606,0.0000,0.0606,0.4025,-0.1596,IDLE,0,1,step_confirmed_slow_align d=0.650,0,0,6.000,1,0.6300,0.6500,0.0433,0.8778,267,5,0.6050,0.5404,0.3234,0.5404,0.0646,本圈台阶完成,1,0.0000,0.150,0.330
4284.183,SEEK_ROUNDABOUT,20.493,1,2.224,0.0000,0.0000,none,2.834,step_align_creep/course_events_frozen,0.0150,0.1344,1,line_curve_center_riding,0.4809,0.4957,0.2492,-0.0461,0.4310,3,0.2465,0.2953,0.5418,0.2329,0.1344,IDLE,0,1,step_confirmed_slow_align d=0.640,0,0,6.000,1,0.6400,0.6400,0.0410,0.8435,269,5,0.6050,0.5404,0.3234,0.5404,0.0646,本圈台阶完成,1,0.0000,0.150,0.330
4284.298,SEEK_ROUNDABOUT,20.608,1,2.224,0.0000,0.0000,none,2.834,step_align_line_lost_stop/course_events_frozen,0.0000,0.0000,0,line_too_few_bands,0.0000,0.0000,0.0000,0.0000,0.0000,1,0.0000,0.0000,0.0000,0.0000,0.0000,IDLE,0,1,step_confirmed_slow_align d=0.640,0,0,6.000,1,0.6400,0.6400,0.0435,0.8805,272,5,0.6050,0.5404,0.3234,0.5404,0.0646,本圈台阶完成,1,0.0000,0.150,0.330
4284.408,SEEK_ROUNDABOUT,20.718,1,2.224,0.0000,0.0000,none,2.834,step_align_creep/course_events_frozen,0.0150,-0.2731,1,line_curve_center_riding,0.4515,0.4346,0.7161,0.8776,0.4638,3,0.2815,0.1615,0.4430,0.6761,-0.2731,IDLE,0,1,step_confirmed_slow_align d=0.640,0,0,6.000,1,0.6500,0.6400,0.0392,0.8170,274,5,0.6050,0.5404,0.3234,0.5404,0.0646,本圈台阶完成,1,0.0000,0.150,0.330
4284.523,SEEK_ROUNDABOUT,20.833,1,2.224,0.0000,0.0000,none,2.834,step_align_creep/course_events_frozen,0.0150,-0.0652,1,line_center_tracking,0.3703,0.3980,0.2989,0.2989,0.3981,2,0.0992,0.0000,0.0992,0.3319,-0.0652,IDLE,0,1,step_confirmed_slow_align d=0.640,0,0,6.000,1,0.6400,0.6400,0.0449,0.9002,276,5,0.6050,0.5404,0.3234,0.5404,0.0646,本圈台阶完成,1,0.0000,0.150,0.330
4284.634,SEEK_ROUNDABOUT,20.944,1,2.224,0.0000,0.0000,none,2.834,step_align_creep/course_events_frozen,0.0150,-0.2171,1,line_center_tracking,0.2909,0.2851,0.3056,0.3567,0.5258,3,0.0205,0.0511,0.0716,0.3158,-0.2171,IDLE,0,1,step_confirmed_slow_align d=0.640,0,0,6.000,1,0.6500,0.6400,0.0436,0.8816,279,5,0.6050,0.5404,0.3234,0.5404,0.0646,本圈台阶完成,1,0.0000,0.150,0.330
4284.750,SEEK_ROUNDABOUT,21.060,1,2.224,0.6000,0.0000,none,2.834,step_align_creep/course_events_frozen,0.0150,0.0316,1,line_curve_center_riding,0.3453,0.3538,0.2122,0.2320,0.6975,5,0.1417,0.0198,0.1218,0.2660,0.0316,IDLE,0,1,step_confirmed_slow_align d=0.650,0,0,6.000,1,0.6600,0.6500,0.0411,0.8462,281,5,0.6050,0.5404,0.3234,0.5404,0.0646,本圈台阶完成,1,0.0000,0.150,0.330
4284.877,SEEK_ROUNDABOUT,21.187,1,2.224,0.6000,0.0000,none,2.834,tracking,0.0633,-0.2861,1,line_curve_center_riding,0.3384,0.3482,0.1863,0.1746,0.6999,5,0.1619,0.0117,0.1736,0.2363,-0.2861,IDLE,0,0,fixed_candidate_confirm 2/3,0,0,6.000,1,0.6500,0.6500,0.0447,0.8962,284,5,0.6050,0.5404,0.3234,0.5404,0.0646,本圈台阶完成,1,0.0000,0.150,0.330
4285.010,SEEK_ROUNDABOUT,21.320,1,2.224,0.0000,0.0000,none,2.834,step_align_creep/course_events_frozen,0.0150,0.0455,1,line_curve_center_riding,0.3475,0.3575,0.1913,0.1913,0.6047,4,0.1661,0.0000,0.1661,0.2467,0.0455,IDLE,0,1,step_confirmed_slow_align d=0.650,0,0,6.000,1,0.6900,0.6500,0.0437,0.8814,287,5,0.6050,0.5404,0.3234,0.5404,0.0646,本圈台阶完成,1,0.0000,0.150,0.330
4285.125,SEEK_ROUNDABOUT,21.435,1,2.224,0.0000,0.0000,none,2.834,step_start_too_close_confirm_hold/course_events_frozen,0.0000,0.0000,1,line_center_tracking,0.1983,0.2287,0.1201,0.1201,0.5338,3,0.1086,0.0000,0.1086,0.1563,0.0000,IDLE,0,1,fixed_start_too_close_confirm 1/3 filtered_d=0.660 raw_d=0.670,1,0,6.000,1,0.6700,0.6600,0.0439,0.8834,289,5,0.6050,0.5404,0.3234,0.5404,0.0646,本圈台阶完成,1,0.0000,0.150,0.330
4285.242,SEEK_ROUNDABOUT,21.552,1,2.224,0.0000,0.0000,none,2.834,step_start_too_close_confirm_hold/course_events_frozen,0.0000,0.0000,1,line_center_tracking,0.1419,0.1618,0.0907,0.0907,0.4305,2,0.0711,0.0000,0.0711,0.1144,0.0000,IDLE,0,1,fixed_start_too_close_confirm 2/3 filtered_d=0.670 raw_d=0.680,1,0,6.000,1,0.6800,0.6700,0.0459,0.9138,291,5,0.6050,0.5404,0.3234,0.5404,0.0646,本圈台阶完成,1,0.0000,0.150,0.330
4285.362,SEEK_ROUNDABOUT,21.672,1,2.224,0.0000,0.0000,none,2.834,step_fixed_reverse_recovery/course_events_frozen,-0.0450,0.0000,1,line_curve_center_riding,0.3506,0.3638,0.1442,0.1208,0.5937,4,0.2197,0.0234,0.2430,0.2096,0.0000,IDLE,0,1,fixed_reverse_start start_too_close_confirmed d=0.680,1,1,6.000,1,0.6900,0.6800,0.0466,0.9243,294,5,0.6050,0.5404,0.3234,0.5404,0.0646,本圈台阶完成,1,0.0000,0.150,0.330
4285.473,SEEK_ROUNDABOUT,21.783,1,2.224,0.0000,0.0000,none,2.834,step_fixed_reverse_recovery/course_events_frozen,-0.0450,0.0115,1,line_center_tracking,0.1403,0.1630,0.0820,0.0820,0.4243,2,0.0811,0.0000,0.0811,0.1090,0.0115,IDLE,0,1,fixed_reverse_search back=0.004/0.055,1,1,6.000,1,0.7000,0.6900,0.0453,0.9042,296,5,0.6050,0.5404,0.3234,0.5404,0.0646,本圈台阶完成,1,0.0096,0.150,0.330
4285.585,SEEK_ROUNDABOUT,21.896,1,2.224,0.0000,0.0000,none,2.834,step_fixed_reverse_recovery/course_events_frozen,-0.0450,0.0099,1,line_curve_center_riding,0.3690,0.3792,0.2090,-0.4347,0.6163,5,0.1702,0.6436,0.8138,0.0512,0.0099,IDLE,0,1,fixed_reverse_search back=0.007/0.055,1,1,6.000,1,0.7100,0.6900,0.0468,0.9266,299,5,0.6050,0.5404,0.3234,0.5404,0.0646,本圈台阶完成,1,0.0082,0.150,0.330
4285.716,SEEK_ROUNDABOUT,22.026,1,2.224,0.0000,0.0000,none,2.834,step_fixed_reverse_recovery/course_events_frozen,-0.0450,0.0088,1,line_center_tracking,0.1385,0.1508,0.1070,0.1070,0.4476,2,0.0438,0.0000,0.0438,0.1216,0.0088,IDLE,0,1,fixed_reverse_search back=0.007/0.055,1,1,6.000,1,0.7100,0.7000,0.0477,0.9383,301,5,0.6050,0.5404,0.3234,0.5404,0.0646,本圈台阶完成,1,0.0073,0.150,0.330
4285.830,SEEK_ROUNDABOUT,22.141,1,2.224,0.0000,0.0000,none,2.834,step_fixed_reverse_recovery/course_events_frozen,-0.0450,0.0086,0,line_too_few_bands,0.0000,0.0000,0.0000,0.0000,0.0000,0,0.0000,0.0000,0.0000,0.0000,0.0086,IDLE,0,1,fixed_reverse_search back=0.007/0.055,1,1,6.000,1,0.7100,0.7100,0.0475,0.9365,304,5,0.6050,0.5404,0.3234,0.5404,0.0646,本圈台阶完成,1,0.0071,0.150,0.330
4285.950,SEEK_ROUNDABOUT,22.260,1,2.224,0.0000,0.0000,none,2.834,step_fixed_reverse_recovery/course_events_frozen,-0.0450,0.0061,0,line_too_few_bands,0.0000,0.0000,0.0000,0.0000,0.0000,1,0.0000,0.0000,0.0000,0.0000,0.0061,IDLE,0,1,fixed_reverse_search back=0.004/0.055,1,1,6.000,1,0.7200,0.7100,0.0476,0.9382,307,5,0.6050,0.5404,0.3234,0.5404,0.0646,本圈台阶完成,1,0.0051,0.150,0.330
4286.091,SEEK_ROUNDABOUT,22.402,1,2.224,0.0000,0.0000,none,2.834,step_fixed_reverse_recovery/course_events_frozen,-0.0450,0.0068,1,line_center_tracking,0.1668,0.1954,0.0934,0.0934,0.5346,3,0.1020,0.0000,0.1020,0.1274,0.0068,IDLE,0,1,fixed_reverse_search back=0.000/0.055,1,1,6.000,1,0.7500,0.7100,0.0487,0.9519,310,5,0.6050,0.5404,0.3234,0.5404,0.0646,本圈台阶完成,1,0.0056,0.150,0.330
4286.202,SEEK_ROUNDABOUT,22.512,1,2.224,0.0000,0.0000,none,2.834,step_fixed_reverse_recovery/course_events_frozen,-0.0450,0.0094,1,line_center_tracking,0.1419,0.1636,0.0860,0.0860,0.4265,2,0.0776,0.0000,0.0776,0.1119,0.0094,IDLE,0,1,fixed_reverse_search back=0.000/0.055,1,1,6.000,1,0.7200,0.7200,0.0487,0.9523,312,5,0.6050,0.5404,0.3234,0.5404,0.0646,本圈台阶完成,1,0.0079,0.150,0.330
4286.343,SEEK_ROUNDABOUT,22.653,1,2.224,0.0000,0.0000,none,2.834,step_align_line_lost_stop/course_events_frozen,0.0000,0.0000,0,line_too_few_bands,0.0000,0.0000,0.0000,0.0000,0.0000,1,0.0000,0.0000,0.0000,0.0000,0.0000,IDLE,0,1,fixed_reverse_done depth d=0.720,1,0,6.000,1,0.7200,0.7200,0.0494,0.9623,315,5,0.6050,0.5404,0.3234,0.5404,0.0646,本圈台阶完成,1,0.0079,0.150,0.330
4286.456,SEEK_ROUNDABOUT,22.766,1,2.224,0.0000,0.0000,none,2.834,step_align_creep/course_events_frozen,0.0150,0.0974,1,line_center_tracking,0.1349,0.1665,0.0537,0.0537,0.4045,2,0.1128,0.0000,0.1128,0.0913,0.0974,IDLE,0,1,fixed_sprint_approach depth=0.720>0.715 center=+0.091 hd=0.113,1,0,6.000,1,0.7200,0.7200,0.0478,0.9406,318,5,0.6050,0.5404,0.3234,0.5404,0.0646,本圈台阶完成,1,0.0079,0.150,0.330
4286.572,SEEK_ROUNDABOUT,22.882,1,2.224,0.0000,0.0000,none,2.834,step_align_line_lost_stop/course_events_frozen,0.0000,0.0000,0,line_too_few_bands,0.0000,0.0000,0.0000,0.0000,0.0000,1,0.0000,0.0000,0.0000,0.0000,0.0000,IDLE,0,1,fixed_sprint_approach depth=0.720>0.715 center=+0.000 hd=0.000,1,0,6.000,1,0.7200,0.7200,0.0482,0.9451,320,5,0.6050,0.5404,0.3234,0.5404,0.0646,本圈台阶完成,1,0.0079,0.150,0.330
4286.683,SEEK_ROUNDABOUT,22.994,1,2.224,0.0000,0.0000,none,2.834,step_align_line_lost_stop/course_events_frozen,0.0000,0.0000,0,line_too_few_bands,0.0000,0.0000,0.0000,0.0000,0.0000,0,0.0000,0.0000,0.0000,0.0000,0.0000,IDLE,0,1,fixed_sprint_approach depth=0.720>0.715 center=+0.000 hd=0.000,1,0,6.000,1,0.7100,0.7200,0.0464,0.9206,322,5,0.6050,0.5404,0.3234,0.5404,0.0646,本圈台阶完成,1,0.0079,0.150,0.330
4286.804,SEEK_ROUNDABOUT,23.114,1,2.224,0.0000,0.0000,none,2.834,step_align_line_lost_stop/course_events_frozen,0.0000,0.0000,0,line_too_few_bands,0.0000,0.0000,0.0000,0.0000,0.0000,0,0.0000,0.0000,0.0000,0.0000,0.0000,IDLE,0,1,fixed_sprint_approach depth=0.720>0.715 center=+0.000 hd=0.000,1,0,6.000,1,0.7300,0.7200,0.0469,0.9266,325,5,0.6050,0.5404,0.3234,0.5404,0.0646,本圈台阶完成,1,0.0079,0.150,0.330
4286.918,SEEK_ROUNDABOUT,23.228,1,2.224,0.0000,0.0000,none,2.834,step_align_line_lost_stop/course_events_frozen,0.0000,0.0000,0,line_too_few_bands,0.0000,0.0000,0.0000,0.0000,0.0000,0,0.0000,0.0000,0.0000,0.0000,0.0000,IDLE,0,1,fixed_sprint_approach depth=0.720>0.715 center=+0.000 hd=0.000,1,0,6.000,1,0.7300,0.7200,0.0467,0.9236,327,5,0.6050,0.5404,0.3234,0.5404,0.0646,本圈台阶完成,1,0.0079,0.150,0.330
4287.023,SEEK_ROUNDABOUT,23.333,1,2.224,0.0000,0.0000,none,2.834,step_align_line_lost_stop/course_events_frozen,0.0000,0.0000,0,line_too_few_bands,0.0000,0.0000,0.0000,0.0000,0.0000,0,0.0000,0.0000,0.0000,0.0000,0.0000,IDLE,0,1,fixed_sprint_approach depth=0.720>0.715 center=+0.000 hd=0.000,1,0,6.000,1,0.7200,0.7200,0.0467,0.9236,330,5,0.6050,0.5404,0.3234,0.5404,0.0646,本圈台阶完成,1,0.0079,0.150,0.330
4287.129,SEEK_ROUNDABOUT,23.439,1,2.224,0.0000,0.0000,none,2.834,step_align_creep/course_events_frozen,0.0150,-0.0004,1,line_center_tracking,0.1203,0.1318,0.0906,0.0577,0.4467,2,0.0412,0.0330,0.0742,0.0934,-0.0004,IDLE,0,1,fixed_sprint_approach depth=0.720>0.715 center=+0.093 hd=0.041,1,0,6.000,1,0.7200,0.7200,0.0476,0.9384,332,5,0.6050,0.5404,0.3234,0.5404,0.0646,本圈台阶完成,1,0.0079,0.150,0.330
4287.240,SEEK_ROUNDABOUT,23.550,1,2.224,0.0000,0.0000,none,2.834,step_align_line_lost_stop/course_events_frozen,0.0000,0.0000,0,line_too_few_bands,0.0000,0.0000,0.0000,0.0000,0.0000,0,0.0000,0.0000,0.0000,0.0000,0.0000,IDLE,0,1,fixed_sprint_approach depth=0.720>0.715 center=+0.000 hd=0.000,1,0,6.000,1,0.7100,0.7200,0.0471,0.9300,334,5,0.6050,0.5404,0.3234,0.5404,0.0646,本圈台阶完成,1,0.0079,0.150,0.330
4287.427,SEEK_ROUNDABOUT,23.737,1,2.224,0.0000,0.0000,none,2.834,step_align_line_lost_stop/course_events_frozen,0.0000,0.0000,0,line_too_few_bands,0.0000,0.0000,0.0000,0.0000,0.0000,0,0.0000,0.0000,0.0000,0.0000,0.0000,IDLE,0,1,fixed_sprint_approach depth=0.720>0.715 center=+0.000 hd=0.000,1,0,6.000,1,0.6800,0.7200,0.0475,0.9356,338,5,0.6050,0.5404,0.3234,0.5404,0.0646,本圈台阶完成,1,0.0079,0.150,0.330
4287.535,SEEK_ROUNDABOUT,23.845,1,2.224,0.0000,0.0000,none,2.834,step_start_window_confirm_hold/course_events_frozen,0.0000,0.0000,0,line_too_few_bands,0.0000,0.0000,0.0000,0.0000,0.0000,0,0.0000,0.0000,0.0000,0.0000,0.0000,IDLE,0,1,fixed_start_confirm 1/3 d=0.710,1,0,6.000,1,0.7000,0.7100,0.0460,0.9148,341,5,0.6050,0.5404,0.3234,0.5404,0.0646,本圈台阶完成,1,0.0079,0.150,0.330
4287.648,SEEK_ROUNDABOUT,23.958,1,2.224,0.0000,0.0000,none,2.834,step_start_window_confirm_hold/course_events_frozen,0.0000,0.0000,0,line_too_few_bands,0.0000,0.0000,0.0000,0.0000,0.0000,1,0.0000,0.0000,0.0000,0.0000,0.0000,IDLE,0,1,fixed_start_confirm 2/3 d=0.700,1,0,6.000,1,0.7000,0.7000,0.0448,0.8963,343,5,0.6050,0.5404,0.3234,0.5404,0.0646,本圈台阶完成,1,0.0079,0.150,0.330
4287.777,SEEK_ROUNDABOUT,24.087,1,2.224,0.0000,0.0000,none,2.834,step_approach_begin,0.0000,0.0000,0,,nan,nan,nan,nan,0.0000,0,nan,nan,nan,nan,0.0000,APPROACH,0,0,normalized_depth_start,1,0,6.000,1,0.6700,0.7000,0.0461,0.9147,346,5,0.6050,0.0000,0.0000,0.0000,0.6050,开始按已验证参数直行到起跳距离,1,0.0000,0.150,0.330
4288.006,SEEK_ROUNDABOUT,24.316,1,2.224,0.0000,0.0000,none,2.834,step_approach_tested,0.5000,0.0000,0,,nan,nan,nan,nan,0.0000,0,nan,nan,nan,nan,0.0000,APPROACH,0,0,normalized_depth_start,1,0,6.000,1,0.6900,0.6900,0.0460,0.9142,351,5,0.6050,0.1000,0.0031,0.1000,0.5050,APPROACH 恒速前进 source=commanded cmd=0.100 odom=0.003 remaining=0.505,1,0.0000,0.150,0.330
4288.113,SEEK_ROUNDABOUT,24.423,1,2.224,0.0000,0.0000,none,2.834,step_approach_tested,0.5000,0.0000,0,,nan,nan,nan,nan,0.0000,0,nan,nan,nan,nan,0.0000,APPROACH,0,0,normalized_depth_start,1,0,6.000,1,0.6900,0.6900,0.0442,0.8882,353,5,0.6050,0.1535,0.0031,0.1535,0.4515,APPROACH 恒速前进 source=commanded cmd=0.154 odom=0.003 remaining=0.451,1,0.0000,0.150,0.330
4288.216,SEEK_ROUNDABOUT,24.526,1,2.224,0.0000,0.0000,none,2.834,step_approach_tested,0.5000,0.0000,0,,nan,nan,nan,nan,0.0000,0,nan,nan,nan,nan,0.0000,APPROACH,0,0,normalized_depth_start,1,0,6.000,1,0.6800,0.6900,0.0468,0.9260,355,5,0.6050,0.2052,0.0026,0.2052,0.3998,APPROACH 恒速前进 source=commanded cmd=0.205 odom=0.003 remaining=0.400,1,0.0000,0.150,0.330
4288.308,SEEK_ROUNDABOUT,24.618,1,2.224,0.0000,0.0000,none,2.834,step_approach_tested,0.5000,0.0000,0,,nan,nan,nan,nan,0.0000,0,nan,nan,nan,nan,0.0000,APPROACH,0,0,normalized_depth_start,1,0,6.000,1,0.6800,0.6800,0.0457,0.9098,357,5,0.6050,0.2508,0.0013,0.2508,0.3542,APPROACH 恒速前进 source=commanded cmd=0.251 odom=0.001 remaining=0.354,1,0.0000,0.150,0.330
4288.403,SEEK_ROUNDABOUT,24.713,1,2.224,0.0000,0.0000,none,2.834,step_approach_tested,0.5000,0.0000,0,,nan,nan,nan,nan,0.0000,0,nan,nan,nan,nan,0.0000,APPROACH,0,0,normalized_depth_start,1,0,6.000,1,0.6800,0.6800,0.0466,0.9219,359,5,0.6050,0.2984,-0.0020,0.2984,0.3066,APPROACH 恒速前进 source=commanded cmd=0.298 odom=-0.002 remaining=0.307,1,0.0000,0.150,0.330
4288.508,SEEK_ROUNDABOUT,24.818,1,2.224,0.0000,0.0000,none,2.834,step_approach_tested,0.5000,0.0000,0,,nan,nan,nan,nan,0.0000,0,nan,nan,nan,nan,0.0000,APPROACH,0,0,normalized_depth_start,1,0,6.000,1,0.6900,0.6800,0.0465,0.9205,361,5,0.6050,0.3511,-0.0105,0.3511,0.2539,APPROACH 恒速前进 source=commanded cmd=0.351 odom=-0.011 remaining=0.254,1,0.0000,0.150,0.330
4288.622,SEEK_ROUNDABOUT,24.932,1,2.224,0.0000,0.0000,none,2.834,step_approach_tested,0.5000,0.0000,0,,nan,nan,nan,nan,0.0000,0,nan,nan,nan,nan,0.0000,APPROACH,0,0,normalized_depth_start,1,0,6.000,1,0.6800,0.6800,0.0453,0.9049,364,5,0.6050,0.4078,-0.0303,0.4078,0.1972,APPROACH 恒速前进 source=commanded cmd=0.408 odom=-0.030 remaining=0.197,1,0.0000,0.150,0.330
4288.718,SEEK_ROUNDABOUT,25.028,1,2.224,0.0000,0.0000,none,2.834,step_approach_tested,0.5000,0.0000,0,,nan,nan,nan,nan,0.0000,0,nan,nan,nan,nan,0.0000,APPROACH,0,0,normalized_depth_start,1,0,6.000,1,0.6800,0.6800,0.0443,0.8905,366,5,0.6050,0.4559,-0.0353,0.4559,0.1491,APPROACH 恒速前进 source=commanded cmd=0.456 odom=-0.035 remaining=0.149,1,0.0000,0.150,0.330
4288.816,SEEK_ROUNDABOUT,25.126,1,2.224,0.0000,0.0000,none,2.834,step_approach_tested,0.5000,0.0000,0,,nan,nan,nan,nan,0.0000,0,nan,nan,nan,nan,0.0000,APPROACH,0,0,normalized_depth_start,1,0,6.000,1,0.6800,0.6800,0.0444,0.8928,368,5,0.6050,0.5051,-0.0270,0.5051,0.0999,APPROACH 恒速前进 source=commanded cmd=0.505 odom=-0.027 remaining=0.100,1,0.0000,0.150,0.330
4288.919,SEEK_ROUNDABOUT,25.229,1,2.224,0.0000,0.0000,none,2.834,step_wait_enter_to_jump,0.0000,0.0000,0,,nan,nan,nan,nan,0.0000,0,nan,nan,nan,nan,0.0000,JUMP_CONFIRM,0,0,normalized_depth_start,1,0,6.000,1,0.6500,0.6800,0.0437,0.8834,370,5,0.6050,0.5566,-0.0091,0.5566,0.0484,到达起跳点，等待终端回车确认,1,0.0000,0.150,0.330
4289.018,SEEK_ROUNDABOUT,25.328,1,2.224,0.0000,0.0000,none,2.834,step_wait_enter_to_jump,0.0000,0.0000,0,,nan,nan,nan,nan,0.0000,0,nan,nan,nan,nan,0.0000,JUMP_CONFIRM,0,0,normalized_depth_start,1,0,6.000,1,0.6500,0.6800,0.0464,0.9201,372,5,0.6050,0.5566,0.0245,0.5566,0.0484,JUMP_CONFIRM 等待终端回车,1,0.0000,0.150,0.330
4289.134,SEEK_ROUNDABOUT,25.444,1,2.224,0.0000,0.0000,none,2.834,step_wait_enter_to_jump,0.0000,0.0000,0,,nan,nan,nan,nan,0.0000,0,nan,nan,nan,nan,0.0000,JUMP_CONFIRM,0,0,normalized_depth_start,1,0,6.000,1,0.6400,0.6500,0.0475,0.9362,375,5,0.6050,0.5566,0.0707,0.5566,0.0484,JUMP_CONFIRM 等待终端回车,1,0.0000,0.150,0.330
4289.256,SEEK_ROUNDABOUT,25.567,1,2.224,0.0000,0.0000,none,2.834,step_jump_after_enter,0.5000,0.0000,0,,nan,nan,nan,nan,0.0000,0,nan,nan,nan,nan,0.0000,JUMP,0,0,normalized_depth_start,1,0,6.000,1,0.6400,0.6500,0.0491,0.9564,378,5,0.6050,0.5566,0.1307,0.5566,0.0484,JUMP 脉冲中,1,0.0000,0.150,0.330
4289.368,SEEK_ROUNDABOUT,25.678,1,2.224,0.0000,0.0000,none,2.834,step_jump_pulse,0.5000,0.0000,0,,nan,nan,nan,nan,0.0000,0,nan,nan,nan,nan,0.0000,JUMP,0,0,normalized_depth_start,1,0,6.000,1,0.5900,0.6400,0.0485,0.9489,383,5,0.6050,0.5566,0.1307,0.5566,0.0484,JUMP 脉冲中,1,0.0000,0.150,0.330
4289.457,SEEK_ROUNDABOUT,25.767,1,2.224,0.0000,0.0000,none,2.834,step_land_forward,0.3000,0.0000,0,,nan,nan,nan,nan,0.0000,0,nan,nan,nan,nan,0.0000,LAND,0,0,normalized_depth_start,1,0,5.400,0,nan,0.6400,nan,0.0000,0,5,0.6050,0.5566,0.1307,0.5566,0.0484,跳跃脉冲结束，落地继续前行,1,0.0000,0.150,0.330
4289.552,SEEK_ROUNDABOUT,25.863,1,2.224,0.0000,0.0000,none,2.834,step_land_forward,0.3000,0.0000,0,,nan,nan,nan,nan,0.0000,0,nan,nan,nan,nan,0.0000,LAND,0,0,normalized_depth_start,1,0,4.800,0,nan,0.6400,nan,0.0000,0,5,0.6050,0.5566,0.1307,0.5566,0.0484,跳跃脉冲结束，落地继续前行,1,0.0000,0.150,0.330
4289.643,SEEK_ROUNDABOUT,25.953,1,2.224,0.0000,0.0000,none,2.834,step_land_forward,0.3000,0.0000,0,,nan,nan,nan,nan,0.0000,0,nan,nan,nan,nan,0.0000,LAND,0,0,normalized_depth_start,1,0,4.200,0,nan,0.6400,nan,0.0000,0,5,0.6050,0.5566,0.1307,0.5566,0.0484,跳跃脉冲结束，落地继续前行,1,0.0000,0.150,0.330
4289.743,SEEK_ROUNDABOUT,26.053,1,2.224,0.0000,0.0000,none,2.834,step_land_forward,0.3000,0.0000,0,,nan,nan,nan,nan,0.0000,0,nan,nan,nan,nan,0.0000,LAND,0,0,normalized_depth_start,1,0,3.600,0,nan,0.6400,nan,0.0000,0,5,0.6050,0.5566,0.1307,0.5566,0.0484,跳跃脉冲结束，落地继续前行,1,0.0000,0.150,0.330
4289.849,SEEK_ROUNDABOUT,26.160,1,2.224,0.0000,0.0000,none,2.834,step_land_forward,0.3000,0.0000,0,,nan,nan,nan,nan,0.0000,0,nan,nan,nan,nan,0.0000,LAND,0,0,normalized_depth_start,1,0,3.000,0,nan,0.6400,nan,0.0000,0,5,0.6050,0.5566,0.1307,0.5566,0.0484,跳跃脉冲结束，落地继续前行,1,0.0000,0.150,0.330
4289.945,SEEK_ROUNDABOUT,26.255,1,2.224,0.0000,0.0000,none,2.834,step_land_forward,0.3000,0.0000,0,,nan,nan,nan,nan,0.0000,0,nan,nan,nan,nan,0.0000,LAND,0,0,normalized_depth_start,1,0,2.400,0,nan,0.6150,nan,0.0000,0,5,0.6050,0.5566,0.1307,0.5566,0.0484,跳跃脉冲结束，落地继续前行,1,0.0000,0.150,0.330
4290.045,SEEK_ROUNDABOUT,26.355,1,2.224,0.0000,0.0000,none,2.834,step_land_forward,0.3000,0.0000,0,,nan,nan,nan,nan,0.0000,0,nan,nan,nan,nan,0.0000,LAND,0,0,normalized_depth_start,1,0,1.800,0,nan,0.6150,nan,0.0000,0,5,0.6050,0.5566,0.1307,0.5566,0.0484,跳跃脉冲结束，落地继续前行,1,0.0000,0.150,0.330
4290.138,SEEK_ROUNDABOUT,26.448,1,2.224,0.0000,0.0000,none,2.834,step_land_forward,0.3000,0.0000,0,,nan,nan,nan,nan,0.0000,0,nan,nan,nan,nan,0.0000,LAND,0,0,normalized_depth_start,1,0,1.200,0,nan,0.5900,nan,0.0000,0,5,0.6050,0.5566,0.1307,0.5566,0.0484,跳跃脉冲结束，落地继续前行,1,0.0000,0.150,0.330
4290.227,SEEK_ROUNDABOUT,26.538,1,2.224,0.0000,0.0000,none,2.834,step_land_forward,0.3000,0.0000,0,,nan,nan,nan,nan,0.0000,0,nan,nan,nan,nan,0.0000,LAND,0,0,normalized_depth_start,1,0,2.200,0,0.6300,0.6300,0.0534,0.9267,2,5,0.6050,0.5566,0.1307,0.5566,0.0484,跳跃脉冲结束，落地继续前行,1,0.0000,0.150,0.330
4290.314,SEEK_ROUNDABOUT,26.625,1,2.224,0.0000,0.0000,none,2.834,step_land_forward,0.3000,0.0000,0,,nan,nan,nan,nan,0.0000,0,nan,nan,nan,nan,0.0000,LAND,0,0,normalized_depth_start,1,0,1.600,0,nan,0.6300,nan,0.0000,0,5,0.6050,0.5566,0.1307,0.5566,0.0484,跳跃脉冲结束，落地继续前行,1,0.0000,0.150,0.330
4290.411,SEEK_ROUNDABOUT,26.721,1,2.224,0.0000,0.0000,none,2.834,step_land_forward,0.3000,0.0000,0,,nan,nan,nan,nan,0.0000,0,nan,nan,nan,nan,0.0000,LAND,0,0,normalized_depth_start,1,0,1.000,0,nan,0.6300,nan,0.0000,0,5,0.6050,0.5566,0.1307,0.5566,0.0484,跳跃脉冲结束，落地继续前行,1,0.0000,0.150,0.330
4290.505,SEEK_ROUNDABOUT,26.815,1,2.224,0.0000,0.0000,none,2.834,step_land_forward,0.3000,0.0000,0,,nan,nan,nan,nan,0.0000,0,nan,nan,nan,nan,0.0000,LAND,0,0,normalized_depth_start,1,0,0.400,0,nan,0.6300,nan,0.0000,0,5,0.6050,0.5566,0.1307,0.5566,0.0484,跳跃脉冲结束，落地继续前行,1,0.0000,0.150,0.330
4290.597,SEEK_ROUNDABOUT,26.907,1,2.224,0.0000,0.0000,none,2.834,step_land_forward,0.3000,0.0000,0,,nan,nan,nan,nan,0.0000,0,nan,nan,nan,nan,0.0000,LAND,0,0,normalized_depth_start,1,0,0.000,0,nan,0.6300,nan,0.0000,0,5,0.6050,0.5566,0.1307,0.5566,0.0484,跳跃脉冲结束，落地继续前行,1,0.0000,0.150,0.330
4290.684,SEEK_ROUNDABOUT,26.994,1,2.224,0.0000,0.0000,none,2.834,step_land_forward,0.3000,0.0000,0,,nan,nan,nan,nan,0.0000,0,nan,nan,nan,nan,0.0000,LAND,0,0,normalized_depth_start,1,0,0.000,0,nan,0.6300,nan,0.0000,0,5,0.6050,0.5566,0.1307,0.5566,0.0484,跳跃脉冲结束，落地继续前行,1,0.0000,0.150,0.330
4290.781,SEEK_ROUNDABOUT,27.091,1,2.224,0.0000,0.0000,none,2.834,step_land_forward,0.3000,0.0000,0,,nan,nan,nan,nan,0.0000,0,nan,nan,nan,nan,0.0000,LAND,0,0,normalized_depth_start,1,0,0.000,0,nan,0.6300,nan,0.0000,0,5,0.6050,0.5566,0.1307,0.5566,0.0484,跳跃脉冲结束，落地继续前行,1,0.0000,0.150,0.330
4290.873,SEEK_ROUNDABOUT,27.183,1,2.224,0.0000,0.0000,none,2.834,step_land_forward,0.3000,0.0000,0,,nan,nan,nan,nan,0.0000,0,nan,nan,nan,nan,0.0000,LAND,0,0,normalized_depth_start,1,0,0.000,0,nan,0.6300,nan,0.0000,0,5,0.6050,0.5566,0.1307,0.5566,0.0484,跳跃脉冲结束，落地继续前行,1,0.0000,0.150,0.330
4290.966,SEEK_ROUNDABOUT,27.276,1,2.224,0.0000,0.0000,none,2.834,step_land_forward,0.3000,0.0000,0,,nan,nan,nan,nan,0.0000,0,nan,nan,nan,nan,0.0000,LAND,0,0,normalized_depth_start,1,0,0.000,0,nan,0.6300,nan,0.0000,0,5,0.6050,0.5566,0.1307,0.5566,0.0484,跳跃脉冲结束，落地继续前行,1,0.0000,0.150,0.330
4291.056,SEEK_ROUNDABOUT,27.367,1,2.224,0.0000,0.0000,none,2.834,step_land_forward,0.3000,0.0000,0,,nan,nan,nan,nan,0.0000,0,nan,nan,nan,nan,0.0000,LAND,0,0,normalized_depth_start,1,0,0.000,0,nan,nan,nan,0.0000,0,5,0.6050,0.5566,0.1307,0.5566,0.0484,跳跃脉冲结束，落地继续前行,1,0.0000,0.150,0.330
4291.153,SEEK_ROUNDABOUT,27.463,1,2.224,0.0000,0.0000,none,2.834,step_land_forward,0.3000,0.0000,0,,nan,nan,nan,nan,0.0000,0,nan,nan,nan,nan,0.0000,LAND,0,0,normalized_depth_start,1,0,0.000,0,nan,nan,nan,0.0000,0,5,0.6050,0.5566,0.1307,0.5566,0.0484,跳跃脉冲结束，落地继续前行,1,0.0000,0.150,0.330
4291.246,SEEK_ROUNDABOUT,27.557,1,2.224,0.0000,0.0000,none,2.834,step_land_forward,0.3000,0.0000,0,,nan,nan,nan,nan,0.0000,0,nan,nan,nan,nan,0.0000,LAND,0,0,normalized_depth_start,1,0,0.000,0,nan,nan,nan,0.0000,0,5,0.6050,0.5566,0.1307,0.5566,0.0484,跳跃脉冲结束，落地继续前行,1,0.0000,0.150,0.330
4291.335,SEEK_ROUNDABOUT,27.645,1,2.224,0.0000,0.0000,none,2.834,step_land_forward,0.3000,0.0000,0,,nan,nan,nan,nan,0.0000,0,nan,nan,nan,nan,0.0000,LAND,0,0,normalized_depth_start,1,0,0.000,0,nan,nan,nan,0.0000,0,5,0.6050,0.5566,0.1307,0.5566,0.0484,跳跃脉冲结束，落地继续前行,1,0.0000,0.150,0.330
4291.425,SEEK_ROUNDABOUT,27.735,1,2.224,0.0000,0.0000,none,2.834,step_land_forward,0.3000,0.0000,0,,nan,nan,nan,nan,0.0000,0,nan,nan,nan,nan,0.0000,LAND,0,0,normalized_depth_start,1,0,0.000,0,nan,nan,nan,0.0000,0,5,0.6050,0.5566,0.1307,0.5566,0.0484,跳跃脉冲结束，落地继续前行,1,0.0000,0.150,0.330
4291.526,SEEK_ROUNDABOUT,27.836,1,2.224,0.0000,0.0000,none,2.834,step_recover_stop,0.0000,0.0000,0,,nan,nan,nan,nan,0.0000,0,nan,nan,nan,nan,0.0000,RECOVER,0,0,normalized_depth_start,1,0,0.000,0,nan,nan,nan,0.0000,0,5,0.6050,0.5566,0.1307,0.5566,0.0484,落地前行结束，停车恢复,1,0.0000,0.150,0.330
4291.617,SEEK_ROUNDABOUT,27.927,1,2.224,0.0000,0.0000,none,2.834,step_recover_stop,0.0000,0.0000,0,,nan,nan,nan,nan,0.0000,0,nan,nan,nan,nan,0.0000,RECOVER,0,0,normalized_depth_start,1,0,0.000,0,nan,nan,nan,0.0000,0,5,0.6050,0.5566,0.1307,0.5566,0.0484,落地前行结束，停车恢复,1,0.0000,0.150,0.330
4291.702,SEEK_ROUNDABOUT,28.012,1,2.224,0.0000,0.0000,none,2.834,step_recover_stop,0.0000,0.0000,0,,nan,nan,nan,nan,0.0000,0,nan,nan,nan,nan,0.0000,RECOVER,0,0,normalized_depth_start,1,0,0.000,0,nan,nan,nan,0.0000,0,5,0.6050,0.5566,0.1307,0.5566,0.0484,落地前行结束，停车恢复,1,0.0000,0.150,0.330
4291.787,SEEK_ROUNDABOUT,28.097,1,2.224,0.0000,0.0000,none,2.834,step_recover_stop,0.0000,0.0000,0,,nan,nan,nan,nan,0.0000,0,nan,nan,nan,nan,0.0000,RECOVER,0,0,normalized_depth_start,1,0,0.000,0,nan,nan,nan,0.0000,0,5,0.6050,0.5566,0.1307,0.5566,0.0484,落地前行结束，停车恢复,1,0.0000,0.150,0.330
4291.877,SEEK_ROUNDABOUT,28.187,1,2.224,0.0000,0.0000,none,2.834,step_recover_stop,0.0000,0.0000,0,,nan,nan,nan,nan,0.0000,0,nan,nan,nan,nan,0.0000,RECOVER,0,0,normalized_depth_start,1,0,0.000,0,nan,nan,nan,0.0000,0,5,0.6050,0.5566,0.1307,0.5566,0.0484,落地前行结束，停车恢复,1,0.0000,0.150,0.330
4291.967,SEEK_ROUNDABOUT,28.277,1,2.224,0.0000,0.0000,none,2.834,step_recover_stop,0.0000,0.0000,0,,nan,nan,nan,nan,0.0000,0,nan,nan,nan,nan,0.0000,RECOVER,0,0,normalized_depth_start,1,0,0.000,0,nan,nan,nan,0.0000,0,5,0.6050,0.5566,0.1307,0.5566,0.0484,落地前行结束，停车恢复,1,0.0000,0.150,0.330
4292.076,SEEK_ROUNDABOUT,28.386,1,2.224,0.0000,0.0000,none,2.834,step_recover_stop,0.0000,0.0000,0,,nan,nan,nan,nan,0.0000,0,nan,nan,nan,nan,0.0000,RECOVER,0,0,normalized_depth_start,1,0,0.000,0,nan,nan,nan,0.0000,0,5,0.6050,0.5566,0.1307,0.5566,0.0484,落地前行结束，停车恢复,1,0.0000,0.150,0.330
4292.171,SEEK_ROUNDABOUT,28.481,1,2.224,0.0000,0.0000,none,2.834,step_recover_stop,0.0000,0.0000,0,,nan,nan,nan,nan,0.0000,0,nan,nan,nan,nan,0.0000,RECOVER,0,0,normalized_depth_start,1,0,0.000,0,nan,nan,nan,0.0000,0,5,0.6050,0.5566,0.1307,0.5566,0.0484,落地前行结束，停车恢复,1,0.0000,0.150,0.330
4292.258,SEEK_ROUNDABOUT,28.568,1,2.224,0.0000,0.0000,none,2.834,step_recover_stop,0.0000,0.0000,0,,nan,nan,nan,nan,0.0000,0,nan,nan,nan,nan,0.0000,RECOVER,0,0,normalized_depth_start,1,0,0.000,0,nan,nan,nan,0.0000,0,5,0.6050,0.5566,0.1307,0.5566,0.0484,落地前行结束，停车恢复,1,0.0000,0.150,0.330
4292.343,SEEK_ROUNDABOUT,28.653,1,2.224,0.0000,0.0000,none,2.834,step_recover_stop,0.0000,0.0000,0,,nan,nan,nan,nan,0.0000,0,nan,nan,nan,nan,0.0000,RECOVER,0,0,normalized_depth_start,1,0,0.000,0,nan,nan,nan,0.0000,0,5,0.6050,0.5566,0.1307,0.5566,0.0484,落地前行结束，停车恢复,1,0.0000,0.150,0.330
4292.435,SEEK_ROUNDABOUT,28.745,1,2.224,0.0000,0.0000,none,2.834,step_recover_stop,0.0000,0.0000,0,,nan,nan,nan,nan,0.0000,0,nan,nan,nan,nan,0.0000,RECOVER,0,0,normalized_depth_start,1,0,0.000,0,nan,nan,nan,0.0000,0,5,0.6050,0.5566,0.1307,0.5566,0.0484,落地前行结束，停车恢复,1,0.0000,0.150,0.330
4292.526,SEEK_ROUNDABOUT,28.836,1,2.224,0.0000,0.0000,none,2.834,step_recover_stop,0.0000,0.0000,0,,nan,nan,nan,nan,0.0000,0,nan,nan,nan,nan,0.0000,RECOVER,0,0,normalized_depth_start,1,0,0.000,0,nan,nan,nan,0.0000,0,5,0.6050,0.5566,0.1307,0.5566,0.0484,落地前行结束，停车恢复,1,0.0000,0.150,0.330
4292.611,SEEK_ROUNDABOUT,28.921,1,2.224,0.0000,0.0000,none,2.834,step_recover_stop,0.0000,0.0000,0,,nan,nan,nan,nan,0.0000,0,nan,nan,nan,nan,0.0000,RECOVER,0,0,normalized_depth_start,1,0,0.000,0,nan,nan,nan,0.0000,0,5,0.6050,0.5566,0.1307,0.5566,0.0484,落地前行结束，停车恢复,1,0.0000,0.150,0.330
4292.706,SEEK_ROUNDABOUT,29.016,1,2.224,0.0000,0.0000,none,2.834,step_recover_stop,0.0000,0.0000,0,,nan,nan,nan,nan,0.0000,0,nan,nan,nan,nan,0.0000,RECOVER,0,0,normalized_depth_start,1,0,0.000,0,nan,nan,nan,0.0000,0,5,0.6050,0.5566,0.1307,0.5566,0.0484,落地前行结束，停车恢复,1,0.0000,0.150,0.330
4292.798,SEEK_ROUNDABOUT,29.108,1,2.224,0.0000,0.0000,none,2.834,step_recover_stop,0.0000,0.0000,0,,nan,nan,nan,nan,0.0000,0,nan,nan,nan,nan,0.0000,RECOVER,0,0,normalized_depth_start,1,0,0.000,0,nan,nan,nan,0.0000,0,5,0.6050,0.5566,0.1307,0.5566,0.0484,落地前行结束，停车恢复,1,0.0000,0.150,0.330
4292.897,SEEK_ROUNDABOUT,29.207,1,2.224,0.0000,0.0000,none,2.834,step_recover_stop,0.0000,0.0000,0,,nan,nan,nan,nan,0.0000,0,nan,nan,nan,nan,0.0000,RECOVER,0,0,normalized_depth_start,1,0,0.000,0,nan,nan,nan,0.0000,0,5,0.6050,0.5566,0.1307,0.5566,0.0484,落地前行结束，停车恢复,1,0.0000,0.150,0.330
4293.017,SEEK_ROUNDABOUT,29.327,1,2.224,0.0000,0.0000,none,2.834,step_recover_stop,0.0000,0.0000,0,,nan,nan,nan,nan,0.0000,0,nan,nan,nan,nan,0.0000,RECOVER,0,0,normalized_depth_start,1,0,0.000,0,nan,nan,nan,0.0000,0,5,0.6050,0.5566,0.1307,0.5566,0.0484,落地前行结束，停车恢复,1,0.0000,0.150,0.330
4293.109,SEEK_ROUNDABOUT,29.420,1,2.224,0.0000,0.0000,none,2.834,step_recover_stop,0.0000,0.0000,0,,nan,nan,nan,nan,0.0000,0,nan,nan,nan,nan,0.0000,RECOVER,0,0,normalized_depth_start,1,0,0.000,0,nan,nan,nan,0.0000,0,5,0.6050,0.5566,0.1307,0.5566,0.0484,落地前行结束，停车恢复,1,0.0000,0.150,0.330
4293.196,SEEK_ROUNDABOUT,29.507,1,2.224,0.0000,0.0000,none,2.834,step_recover_stop,0.0000,0.0000,0,,nan,nan,nan,nan,0.0000,0,nan,nan,nan,nan,0.0000,RECOVER,0,0,normalized_depth_start,1,0,0.000,0,nan,nan,nan,0.0000,0,5,0.6050,0.5566,0.1307,0.5566,0.0484,落地前行结束，停车恢复,1,0.0000,0.150,0.330
4293.283,SEEK_ROUNDABOUT,29.593,1,2.224,0.0000,0.0000,none,2.834,step_recover_stop,0.0000,0.0000,0,,nan,nan,nan,nan,0.0000,0,nan,nan,nan,nan,0.0000,RECOVER,0,0,normalized_depth_start,1,0,0.000,0,nan,nan,nan,0.0000,0,5,0.6050,0.5566,0.1307,0.5566,0.0484,落地前行结束，停车恢复,1,0.0000,0.150,0.330
4293.365,SEEK_ROUNDABOUT,29.675,1,2.224,0.0000,0.0000,none,2.834,step_recover_stop,0.0000,0.0000,0,,nan,nan,nan,nan,0.0000,0,nan,nan,nan,nan,0.0000,RECOVER,0,0,normalized_depth_start,1,0,0.000,0,nan,nan,nan,0.0000,0,5,0.6050,0.5566,0.1307,0.5566,0.0484,落地前行结束，停车恢复,1,0.0000,0.150,0.330
4293.458,SEEK_ROUNDABOUT,29.769,1,2.224,0.0000,0.0000,none,2.834,step_recover_stop,0.0000,0.0000,0,,nan,nan,nan,nan,0.0000,0,nan,nan,nan,nan,0.0000,RECOVER,0,0,normalized_depth_start,1,0,0.000,0,nan,nan,nan,0.0000,0,5,0.6050,0.5566,0.1307,0.5566,0.0484,落地前行结束，停车恢复,1,0.0000,0.150,0.330
4293.551,SEEK_ROUNDABOUT,29.861,1,2.224,0.0000,0.0000,none,2.834,step_recover_stop,0.0000,0.0000,0,,nan,nan,nan,nan,0.0000,0,nan,nan,nan,nan,0.0000,RECOVER,0,0,normalized_depth_start,1,0,0.000,0,nan,nan,nan,0.0000,0,5,0.6050,0.5566,0.1307,0.5566,0.0484,落地前行结束，停车恢复,1,0.0000,0.150,0.330
4293.655,SEEK_ROUNDABOUT,29.965,1,2.224,0.0000,0.0000,none,2.834,step_recover_stop,0.0000,0.0000,0,,nan,nan,nan,nan,0.0000,0,nan,nan,nan,nan,0.0000,RECOVER,0,0,normalized_depth_start,1,0,0.000,0,nan,nan,nan,0.0000,0,5,0.6050,0.5566,0.1307,0.5566,0.0484,落地前行结束，停车恢复,1,0.0000,0.150,0.330
4293.750,SEEK_ROUNDABOUT,30.060,1,2.224,0.0000,0.0000,none,2.834,step_recover_stop,0.0000,0.0000,0,,nan,nan,nan,nan,0.0000,0,nan,nan,nan,nan,0.0000,RECOVER,0,0,normalized_depth_start,1,0,0.000,0,nan,nan,nan,0.0000,0,5,0.6050,0.5566,0.1307,0.5566,0.0484,落地前行结束，停车恢复,1,0.0000,0.150,0.330
4293.866,SEEK_ROUNDABOUT,30.176,1,2.224,0.0000,0.0000,none,2.834,step_recover_stop,0.0000,0.0000,0,,nan,nan,nan,nan,0.0000,0,nan,nan,nan,nan,0.0000,RECOVER,0,0,normalized_depth_start,1,0,0.000,0,nan,nan,nan,0.0000,0,5,0.6050,0.5566,0.1307,0.5566,0.0484,落地前行结束，停车恢复,1,0.0000,0.150,0.330
4293.970,SEEK_ROUNDABOUT,30.280,1,2.224,0.0000,0.0000,none,2.834,step_recover_stop,0.0000,0.0000,0,,nan,nan,nan,nan,0.0000,0,nan,nan,nan,nan,0.0000,RECOVER,0,0,normalized_depth_start,1,0,0.000,0,nan,nan,nan,0.0000,0,5,0.6050,0.5566,0.1307,0.5566,0.0484,落地前行结束，停车恢复,1,0.0000,0.150,0.330
4294.072,SEEK_ROUNDABOUT,30.382,1,2.224,0.0000,0.0000,none,2.834,step_recover_stop,0.0000,0.0000,0,,nan,nan,nan,nan,0.0000,0,nan,nan,nan,nan,0.0000,RECOVER,0,0,normalized_depth_start,1,0,0.000,0,nan,nan,nan,0.0000,0,5,0.6050,0.5566,0.1307,0.5566,0.0484,落地前行结束，停车恢复,1,0.0000,0.150,0.330
4294.159,SEEK_ROUNDABOUT,30.469,1,2.224,0.0000,0.0000,none,2.834,step_recover_stop,0.0000,0.0000,0,,nan,nan,nan,nan,0.0000,0,nan,nan,nan,nan,0.0000,RECOVER,0,0,normalized_depth_start,1,0,0.000,0,nan,nan,nan,0.0000,0,5,0.6050,0.5566,0.1307,0.5566,0.0484,落地前行结束，停车恢复,1,0.0000,0.150,0.330
4294.254,SEEK_ROUNDABOUT,30.564,1,2.224,0.0000,0.0000,none,2.834,step_recover_stop,0.0000,0.0000,0,,nan,nan,nan,nan,0.0000,0,nan,nan,nan,nan,0.0000,RECOVER,0,0,normalized_depth_start,1,0,0.000,0,nan,nan,nan,0.0000,0,5,0.6050,0.5566,0.1307,0.5566,0.0484,落地前行结束，停车恢复,1,0.0000,0.150,0.330
4294.351,SEEK_ROUNDABOUT,30.661,1,2.224,0.0000,0.0000,none,2.834,step_recover_stop,0.0000,0.0000,0,,nan,nan,nan,nan,0.0000,0,nan,nan,nan,nan,0.0000,RECOVER,0,0,normalized_depth_start,1,0,0.000,0,nan,nan,nan,0.0000,0,5,0.6050,0.5566,0.1307,0.5566,0.0484,落地前行结束，停车恢复,1,0.0000,0.150,0.330
4294.443,SEEK_ROUNDABOUT,30.753,1,2.224,0.0000,0.0000,none,2.834,step_recover_stop,0.0000,0.0000,0,,nan,nan,nan,nan,0.0000,0,nan,nan,nan,nan,0.0000,RECOVER,0,0,normalized_depth_start,1,0,0.000,0,nan,nan,nan,0.0000,0,5,0.6050,0.5566,0.1307,0.5566,0.0484,落地前行结束，停车恢复,1,0.0000,0.150,0.330
4294.546,SEEK_ROUNDABOUT,30.856,1,2.224,0.0000,0.0000,none,2.834,step_resume_tracking,0.0000,0.0000,0,,nan,nan,nan,nan,0.0000,0,nan,nan,nan,nan,0.0000,IDLE,1,0,step_done_latches_cleared,0,0,0.000,0,nan,nan,nan,0.0000,0,5,0.6050,0.5566,0.1307,0.5566,0.0484,本圈台阶完成,1,0.0000,0.150,0.330
4294.643,SEEK_ROUNDABOUT,30.953,1,2.227,0.0000,0.0000,none,2.834,tracking,0.0369,-0.2425,1,line_curve_center_riding,0.8089,0.8127,0.7503,0.5076,0.8666,7,0.0623,0.2427,0.3051,0.6902,-0.2425,IDLE,1,0,step_done_latches_cleared,0,0,0.000,0,nan,nan,nan,0.0000,0,5,0.6050,0.5566,0.1307,0.5566,0.0484,本圈台阶完成,1,0.0000,0.150,0.330
4294.760,SEEK_ROUNDABOUT,31.071,1,2.231,0.0000,0.0000,none,2.834,tracking,0.0816,-0.5368,1,line_curve_center_riding,0.8486,0.8545,0.7558,0.5696,0.8823,7,0.0987,0.1862,0.2849,0.7266,-0.5368,IDLE,1,0,step_done_latches_cleared,0,0,0.000,0,nan,nan,nan,0.0000,0,5,0.6050,0.5566,0.1307,0.5566,0.0484,本圈台阶完成,1,0.0000,0.150,0.330
4294.877,SEEK_ROUNDABOUT,31.187,1,2.233,0.0000,0.0000,none,2.834,tracking,0.1000,-0.7000,1,line_curve_center_riding,0.8551,0.8615,0.7547,0.5856,0.8824,7,0.1069,0.1691,0.2760,0.7339,-0.7000,IDLE,1,0,step_done_latches_cleared,0,0,0.000,0,nan,nan,nan,0.0000,0,5,0.6050,0.5566,0.1307,0.5566,0.0484,本圈台阶完成,1,0.0000,0.150,0.330
4294.991,SEEK_ROUNDABOUT,31.301,1,2.234,0.0000,0.0000,none,2.834,tracking,0.1000,-0.7000,1,line_curve_center_riding,0.8431,0.8499,0.7357,0.5710,0.8807,7,0.1142,0.1647,0.2789,0.7189,-0.7000,IDLE,1,0,step_done_latches_cleared,0,0,0.000,0,nan,nan,nan,0.0000,0,5,0.6050,0.5566,0.1307,0.5566,0.0484,本圈台阶完成,1,0.0000,0.150,0.330
4295.098,SEEK_ROUNDABOUT,31.408,1,2.234,0.0000,0.0000,none,2.834,tracking,0.1000,-0.7000,1,line_curve_center_riding,0.8369,0.8439,0.7270,0.5648,0.8804,7,0.1169,0.1622,0.2792,0.7119,-0.7000,IDLE,1,0,step_done_latches_cleared,0,0,0.000,0,nan,nan,nan,0.0000,0,5,0.6050,0.5566,0.1307,0.5566,0.0484,本圈台阶完成,1,0.0000,0.150,0.330
4295.214,SEEK_ROUNDABOUT,31.525,1,2.236,0.0000,0.0000,none,2.834,tracking,0.1000,-0.7000,1,line_curve_center_riding,0.8158,0.8230,0.7038,0.5535,0.8811,7,0.1192,0.1503,0.2695,0.6934,-0.7000,IDLE,1,0,step_done_latches_cleared,0,0,0.000,0,nan,nan,nan,0.0000,0,5,0.6050,0.5566,0.1307,0.5566,0.0484,本圈台阶完成,1,0.0000,0.150,0.330
4295.321,SEEK_ROUNDABOUT,31.631,1,2.239,0.0000,0.0000,none,2.834,tracking,0.1000,-0.7000,1,line_curve_center_riding,0.7273,0.7348,0.6095,0.4596,0.8799,7,0.1253,0.1499,0.2752,0.6013,-0.7000,IDLE,1,0,step_done_latches_cleared,0,0,0.000,0,nan,nan,nan,0.0000,0,5,0.6050,0.5566,0.1307,0.5566,0.0484,本圈台阶完成,1,0.0000,0.150,0.330
4295.431,SEEK_ROUNDABOUT,31.741,1,2.244,0.0000,0.0000,none,2.834,tracking,0.1000,-0.7000,1,line_curve_center_riding,0.5720,0.5802,0.4446,0.2926,0.8782,7,0.1355,0.1520,0.2875,0.4392,-0.7000,IDLE,1,0,step_done_latches_cleared,0,0,0.000,0,nan,nan,nan,0.0000,0,5,0.6050,0.5566,0.1307,0.5566,0.0484,本圈台阶完成,1,0.0000,0.150,0.330
4295.548,SEEK_ROUNDABOUT,31.858,1,2.258,0.0000,0.0000,none,2.834,tracking,0.1028,-0.5723,1,line_curve_center_riding,0.4063,0.4148,0.2740,0.1152,0.8770,7,0.1408,0.1588,0.2996,0.2680,-0.5723,IDLE,1,0,step_done_latches_cleared,0,0,0.000,0,nan,nan,nan,0.0000,0,5,0.6050,0.5566,0.1307,0.5566,0.0484,本圈台阶完成,1,0.0000,0.150,0.330
4295.659,SEEK_ROUNDABOUT,31.969,1,2.277,0.0000,0.0000,none,2.834,tracking,0.1450,-0.3590,1,line_curve_center_riding,0.1570,0.1666,0.0077,-0.1889,0.8704,7,0.1589,0.1965,0.3554,-0.0049,-0.3590,IDLE,1,0,step_done_latches_cleared,0,0,0.000,0,nan,nan,nan,0.0000,0,5,0.6050,0.5566,0.1307,0.5566,0.0484,本圈台阶完成,1,0.0000,0.150,0.330
4295.771,SEEK_ROUNDABOUT,32.081,1,2.297,0.0000,0.0000,none,2.834,tracking,0.1450,-0.1436,1,line_curve_center_riding,-0.0523,-0.0416,-0.2198,-0.4866,0.8603,7,0.1782,0.2668,0.4451,-0.2493,-0.1436,IDLE,1,0,step_done_latches_cleared,0,0,0.000,0,nan,nan,nan,0.0000,0,5,0.6050,0.5566,0.1307,0.5566,0.0484,本圈台阶完成,1,0.0000,0.150,0.330
4295.884,SEEK_ROUNDABOUT,32.194,1,2.327,0.0000,0.0000,none,2.834,tracking,0.1450,0.0528,1,line_curve_center_riding,-0.2214,-0.2094,-0.4097,-0.7254,0.8530,7,0.2003,0.3157,0.5160,-0.4482,0.0528,IDLE,1,0,step_done_latches_cleared,0,0,0.000,0,nan,nan,nan,0.0000,0,5,0.6050,0.5566,0.1307,0.5566,0.0484,本圈台阶完成,1,0.0000,0.150,0.330
4295.990,SEEK_ROUNDABOUT,32.300,1,2.355,0.0000,0.0000,none,2.834,tracking,0.1700,0.2302,1,line_curve_center_riding,-0.3663,-0.3548,-0.5473,-0.5729,0.6958,5,0.1925,0.0256,0.2181,-0.4916,0.2302,IDLE,1,0,step_done_latches_cleared,0,0,0.000,0,nan,nan,nan,0.0000,0,5,0.6050,0.5566,0.1307,0.5566,0.0484,本圈台阶完成,1,0.0000,0.150,0.330
4296.098,SEEK_ROUNDABOUT,32.408,1,2.381,0.0000,0.0000,none,2.834,tracking,0.1647,0.3319,1,line_curve_center_riding,-0.4040,-0.3906,-0.6135,-0.7746,0.7710,6,0.2229,0.1611,0.3839,-0.5929,0.3319,IDLE,1,0,step_done_latches_cleared,0,0,0.000,0,nan,nan,nan,0.0000,0,5,0.6050,0.5566,0.1307,0.5566,0.0484,本圈台阶完成,1,0.0000,0.150,0.330
4296.211,SEEK_ROUNDABOUT,32.521,1,2.398,0.0000,0.0000,none,2.834,tracking,0.1512,0.3843,1,line_curve_center_riding,-0.4085,-0.3947,-0.6256,-0.8188,0.7671,6,0.2310,0.1932,0.4241,-0.6130,0.3843,IDLE,1,0,step_done_latches_cleared,0,0,0.000,0,nan,nan,nan,0.0000,0,5,0.6050,0.5566,0.1307,0.5566,0.0484,本圈台阶完成,1,0.0000,0.150,0.330
4296.327,SEEK_ROUNDABOUT,32.637,1,2.416,0.0000,0.0000,none,2.834,tracking,0.1525,0.3792,1,line_curve_center_riding,-0.3540,-0.3407,-0.5624,-0.7529,0.7690,6,0.2217,0.1906,0.4123,-0.5520,0.3792,IDLE,1,0,step_done_latches_cleared,0,0,0.000,0,nan,nan,nan,0.0000,0,5,0.6050,0.5566,0.1307,0.5566,0.0484,本圈台阶完成,1,0.0000,0.150,0.330
4296.439,SEEK_ROUNDABOUT,32.749,1,2.430,0.0000,0.0000,none,2.834,tracking,0.1609,0.3463,1,line_curve_center_riding,-0.2963,-0.2837,-0.4937,-0.6726,0.7722,6,0.2099,0.1790,0.3889,-0.4833,0.3463,IDLE,1,0,step_done_latches_cleared,0,0,0.000,0,nan,nan,nan,0.0000,0,5,0.6050,0.5566,0.1307,0.5566,0.0484,本圈台阶完成,1,0.0000,0.150,0.330
4296.548,SEEK_ROUNDABOUT,32.858,1,2.438,0.0000,0.0000,none,2.834,tracking,0.1700,0.2920,1,line_curve_center_riding,-0.2267,-0.2146,-0.4167,-0.5819,0.7735,6,0.2022,0.1651,0.3673,-0.4044,0.2920,IDLE,1,0,step_done_latches_cleared,0,0,0.000,0,nan,nan,nan,0.0000,0,5,0.6050,0.5566,0.1307,0.5566,0.0484,本圈台阶完成,1,0.0000,0.150,0.330
4296.656,SEEK_ROUNDABOUT,32.966,1,2.445,0.0000,0.0000,none,2.834,tracking,0.1700,0.2266,1,line_curve_center_riding,-0.1552,-0.1441,-0.3289,-0.4790,0.7789,6,0.1848,0.1501,0.3349,-0.3173,0.2266,IDLE,1,0,step_done_latches_cleared,0,0,0.000,0,nan,nan,nan,0.0000,0,5,0.6050,0.5566,0.1307,0.5566,0.0484,本圈台阶完成,1,0.0000,0.150,0.330
4296.763,SEEK_ROUNDABOUT,33.073,1,2.448,0.0000,0.0000,none,2.834,tracking,0.1700,0.1665,1,line_curve_center_riding,-0.1023,-0.0919,-0.2659,-0.4052,0.7820,6,0.1739,0.1393,0.3133,-0.2543,0.1665,IDLE,1,0,step_done_latches_cleared,0,0,0.000,0,nan,nan,nan,0.0000,0,5,0.6050,0.5566,0.1307,0.5566,0.0484,本圈台阶完成,1,0.0000,0.150,0.330
4296.868,SEEK_ROUNDABOUT,33.178,1,2.450,0.0000,0.0000,none,2.834,tracking,0.1700,0.1133,1,line_curve_center_riding,-0.0587,-0.0487,-0.2144,-0.3451,0.7841,6,0.1657,0.1307,0.2964,-0.2027,0.1133,IDLE,1,0,step_done_latches_cleared,0,0,0.000,0,nan,nan,nan,0.0000,0,5,0.6050,0.5566,0.1307,0.5566,0.0484,本圈台阶完成,1,0.0000,0.150,0.330
4296.982,SEEK_ROUNDABOUT,33.292,1,2.452,0.0000,0.0000,none,2.834,tracking,0.1450,0.0623,1,line_curve_center_riding,-0.0127,-0.0026,-0.1702,-0.5133,0.8537,7,0.1675,0.3431,0.5107,-0.2287,0.0623,IDLE,1,0,step_done_latches_cleared,0,0,0.000,0,nan,nan,nan,0.0000,0,5,0.6050,0.5566,0.1307,0.5566,0.0484,本圈台阶完成,1,0.0000,0.150,0.330
4297.097,SEEK_ROUNDABOUT,33.407,1,2.453,0.0000,0.0000,none,2.834,tracking,0.1450,0.0221,1,line_curve_center_riding,0.0159,0.0253,-0.1314,-0.4174,0.8615,7,0.1567,0.2859,0.4427,-0.1745,0.0221,IDLE,1,0,step_done_latches_cleared,0,0,0.000,0,nan,nan,nan,0.0000,0,5,0.6050,0.5566,0.1307,0.5566,0.0484,本圈台阶完成,1,0.0000,0.150,0.330
4297.202,SEEK_ROUNDABOUT,33.512,1,2.456,0.0000,0.0000,none,2.834,tracking,0.1700,-0.0075,1,line_curve_center_riding,0.0332,0.0422,-0.1073,-0.3703,0.8650,7,0.1495,0.2631,0.4126,-0.1451,-0.0075,IDLE,1,0,step_done_latches_cleared,0,0,0.000,0,nan,nan,nan,0.0000,0,5,0.6050,0.5566,0.1307,0.5566,0.0484,本圈台阶完成,1,0.0000,0.150,0.330
4297.309,SEEK_ROUNDABOUT,33.619,1,2.458,0.0000,0.0000,none,2.834,tracking,0.1700,-0.0294,1,line_curve_center_riding,0.0472,0.0560,-0.0908,-0.3503,0.8657,7,0.1468,0.2595,0.4063,-0.1284,-0.0294,IDLE,1,0,step_done_latches_cleared,0,0,0.000,0,nan,nan,nan,0.0000,0,5,0.6050,0.5566,0.1307,0.5566,0.0484,本圈台阶完成,1,0.0000,0.150,0.330
4297.413,SEEK_ROUNDABOUT,33.723,1,2.461,0.0000,0.0000,none,2.834,tracking,0.1700,-0.0443,1,line_curve_center_riding,0.0546,0.0635,-0.0844,-0.3412,0.8659,7,0.1479,0.2568,0.4047,-0.1207,-0.0443,IDLE,1,0,step_done_latches_cleared,0,0,0.000,0,nan,nan,nan,0.0000,0,5,0.6050,0.5566,0.1307,0.5566,0.0484,本圈台阶完成,1,0.0000,0.150,0.330
4297.520,SEEK_ROUNDABOUT,33.830,1,2.467,0.0000,0.0000,none,2.834,tracking,0.1700,-0.0474,1,line_curve_center_riding,0.0481,0.0569,-0.0899,-0.3581,0.8649,7,0.1468,0.2683,0.4151,-0.1304,-0.0474,IDLE,1,0,step_done_latches_cleared,0,0,0.000,0,nan,nan,nan,0.0000,0,5,0.6050,0.5566,0.1307,0.5566,0.0484,本圈台阶完成,1,0.0000,0.150,0.330
4297.629,SEEK_ROUNDABOUT,33.939,1,2.474,0.0000,0.0000,none,2.834,tracking,0.1450,-0.0425,1,line_curve_center_riding,0.0362,0.0452,-0.1037,-0.3859,0.8637,7,0.1489,0.2822,0.4311,-0.1481,-0.0425,IDLE,1,0,step_done_latches_cleared,0,0,0.000,0,nan,nan,nan,0.0000,0,5,0.6050,0.5566,0.1307,0.5566,0.0484,本圈台阶完成,1,0.0000,0.150,0.330
4297.734,SEEK_ROUNDABOUT,34.044,1,2.482,0.0000,0.0000,none,2.834,tracking,0.1450,-0.0382,1,line_curve_center_riding,0.0319,0.0418,-0.1245,-0.4030,0.8609,7,0.1664,0.2785,0.4449,-0.1619,-0.0382,IDLE,1,0,step_done_latches_cleared,0,0,0.000,0,nan,nan,nan,0.0000,0,5,0.6050,0.5566,0.1307,0.5566,0.0484,本圈台阶完成,1,0.0000,0.150,0.330
4297.842,SEEK_ROUNDABOUT,34.152,1,2.495,0.0000,0.0000,none,2.834,tracking,0.1450,-0.0224,1,line_curve_center_riding,0.0085,0.0181,-0.1425,-0.4647,0.8582,7,0.1606,0.3222,0.4828,-0.1963,-0.0224,IDLE,1,0,step_done_latches_cleared,0,0,0.000,0,nan,nan,nan,0.0000,0,5,0.6050,0.5566,0.1307,0.5566,0.0484,本圈台阶完成,1,0.0000,0.150,0.330
4297.949,SEEK_ROUNDABOUT,34.259,1,2.508,0.0000,0.0000,none,2.834,tracking,0.1450,-0.0043,1,line_curve_center_riding,-0.0112,-0.0014,-0.1644,-0.5243,0.8544,7,0.1629,0.3599,0.5229,-0.2300,-0.0043,IDLE,1,0,step_done_latches_cleared,0,0,0.000,0,nan,nan,nan,0.0000,0,5,0.6050,0.5566,0.1307,0.5566,0.0484,本圈台阶完成,1,0.0000,0.150,0.330
4298.056,SEEK_ROUNDABOUT,34.366,1,2.525,0.0000,0.0000,none,2.834,tracking,0.1450,0.0174,1,line_curve_center_riding,-0.0342,-0.0239,-0.1955,-0.5773,0.8522,7,0.1716,0.3818,0.5534,-0.2656,0.0174,IDLE,1,0,step_done_latches_cleared,0,0,0.000,0,nan,nan,nan,0.0000,0,5,0.6050,0.5566,0.1307,0.5566,0.0484,本圈台阶完成,1,0.0000,0.150,0.330
4298.163,SEEK_ROUNDABOUT,34.473,1,2.538,0.0000,0.0000,none,2.834,tracking,0.1450,0.0356,1,line_curve_center_riding,-0.0489,-0.0375,-0.2280,-0.6897,0.8413,7,0.1905,0.4618,0.6523,-0.3184,0.0356,IDLE,1,0,step_done_latches_cleared,0,0,0.000,0,nan,nan,nan,0.0000,0,5,0.6050,0.5566,0.1307,0.5566,0.0484,本圈台阶完成,1,0.0000,0.150,0.330
4298.270,SEEK_ROUNDABOUT,34.580,1,2.553,0.0000,0.0000,none,2.834,tracking,0.1450,0.0463,1,line_curve_center_riding,-0.0530,-0.0404,-0.2496,-0.8024,0.8275,7,0.2092,0.5527,0.7619,-0.3641,0.0463,IDLE,1,0,step_done_latches_cleared,0,0,0.000,0,nan,nan,nan,0.0000,0,5,0.6050,0.5566,0.1307,0.5566,0.0484,本圈台阶完成,1,0.0000,0.150,0.330
4298.375,SEEK_ROUNDABOUT,34.686,1,2.580,0.0000,0.0000,none,2.834,tracking,0.1450,0.0604,1,line_curve_center_riding,-0.0678,-0.0539,-0.2858,-0.8710,0.8247,7,0.2320,0.5852,0.8171,-0.4036,0.0604,IDLE,1,0,step_done_latches_cleared,0,0,0.000,0,nan,nan,nan,0.0000,0,5,0.6050,0.5566,0.1307,0.5566,0.0484,本圈台阶完成,1,0.0000,0.150,0.330
4298.481,SEEK_ROUNDABOUT,34.791,1,2.602,0.0000,0.0000,none,2.834,tracking,0.1450,0.0735,1,line_curve_center_riding,-0.0794,-0.0646,-0.3105,-0.5697,0.7606,6,0.2459,0.2592,0.5050,-0.3150,0.0735,IDLE,1,0,step_done_latches_cleared,0,0,0.000,0,nan,nan,nan,0.0000,0,5,0.6050,0.5566,0.1307,0.5566,0.0484,本圈台阶完成,1,0.0000,0.150,0.330
4298.584,SEEK_ROUNDABOUT,34.894,1,2.625,0.0000,0.0000,none,2.834,tracking,0.1450,0.0915,1,line_curve_center_riding,-0.0995,-0.0827,-0.3627,-0.5933,0.7575,6,0.2801,0.2306,0.5107,-0.3462,0.0915,IDLE,1,0,step_done_latches_cleared,0,0,0.000,0,nan,nan,nan,0.0000,0,5,0.6050,0.5566,0.1307,0.5566,0.0484,本圈台阶完成,1,0.0000,0.150,0.330
4298.689,SEEK_ROUNDABOUT,34.999,1,2.653,0.0000,0.0000,none,2.834,tracking,0.1450,0.1022,1,line_curve_center_riding,-0.1046,-0.0859,-0.3985,-0.6912,0.7459,6,0.3126,0.2927,0.6053,-0.3918,0.1022,IDLE,1,0,step_done_latches_cleared,0,0,0.000,0,nan,nan,nan,0.0000,0,5,0.6050,0.5566,0.1307,0.5566,0.0484,本圈台阶完成,1,0.0000,0.150,0.330
4298.799,SEEK_ROUNDABOUT,35.109,1,2.679,0.0000,0.0000,none,2.834,tracking,0.1450,0.1235,1,line_curve_center_riding,-0.1317,-0.1117,-0.4442,-0.5113,0.6688,5,0.3324,0.0671,0.3996,-0.3557,0.1235,IDLE,1,0,step_done_latches_cleared,0,0,0.000,0,nan,nan,nan,0.0000,0,5,0.6050,0.5566,0.1307,0.5566,0.0484,本圈台阶完成,1,0.0000,0.150,0.330
4298.906,SEEK_ROUNDABOUT,35.217,1,2.707,0.0000,0.0000,none,2.834,tracking,0.1450,0.1503,1,line_curve_center_riding,-0.1613,-0.1393,-0.5060,-0.5780,0.6611,5,0.3667,0.0720,0.4387,-0.4078,0.1503,IDLE,1,0,step_done_latches_cleared,0,0,0.000,0,nan,nan,nan,0.0000,0,5,0.6050,0.5566,0.1307,0.5566,0.0484,本圈台阶完成,1,0.0000,0.150,0.330
4299.033,ROUNDABOUT_APPROACH,0.000,1,2.742,0.0000,0.0000,first_lap_position,2.834,tracking,0.1450,0.1941,1,line_curve_center_riding,-0.1797,-0.1531,-0.5971,-0.6829,0.6460,5,0.4440,0.0858,0.5298,-0.4777,0.1941,IDLE,1,0,step_done_latches_cleared,0,0,0.000,0,nan,nan,nan,0.0000,0,5,0.6050,0.5566,0.1307,0.5566,0.0484,本圈台阶完成,1,0.0000,0.150,0.330
4299.158,ROUNDABOUT_APPROACH,0.125,1,2.742,0.0000,0.0000,first_lap_position,2.834,tracking,0.1450,0.2315,1,line_curve_center_riding,-0.2433,-0.2131,-0.7164,-0.8230,0.6347,5,0.5033,0.1066,0.6099,-0.5842,0.2315,IDLE,1,0,step_done_latches_cleared,0,0,0.000,0,nan,nan,nan,0.0000,0,5,0.6050,0.5566,0.1307,0.5566,0.0484,本圈台阶完成,1,0.0000,0.150,0.330
4299.264,ROUNDABOUT_APPROACH,0.231,1,2.742,0.0000,0.0000,first_lap_position,2.834,tracking,0.1450,0.2697,1,line_curve_center_riding,-0.2813,-0.2608,-0.6027,-0.6027,0.5660,4,0.3419,0.0000,0.3419,-0.4887,0.2697,IDLE,1,0,step_done_latches_cleared,0,0,0.000,0,nan,nan,nan,0.0000,0,5,0.6050,0.5566,0.1307,0.5566,0.0484,本圈台阶完成,1,0.0000,0.150,0.330
4299.375,ROUNDABOUT_APPROACH,0.342,1,2.742,0.0000,0.0000,first_lap_position,2.834,tracking,0.1450,0.2907,1,line_curve_center_riding,-0.2894,-0.2689,-0.6103,-0.6103,0.5675,4,0.3415,0.0000,0.3415,-0.4965,0.2907,IDLE,1,0,step_done_latches_cleared,0,0,0.000,0,nan,nan,nan,0.0000,0,5,0.6050,0.5566,0.1307,0.5566,0.0484,本圈台阶完成,1,0.0000,0.150,0.330
4299.484,ROUNDABOUT_APPROACH,0.451,1,2.742,0.0000,0.0000,first_lap_position,2.834,tracking,0.1450,0.3082,1,line_curve_center_riding,-0.3011,-0.2756,-0.6998,-0.6998,0.5460,4,0.4242,0.0000,0.4242,-0.5584,0.3082,IDLE,1,0,step_done_latches_cleared,0,0,0.000,0,nan,nan,nan,0.0000,0,5,0.6050,0.5566,0.1307,0.5566,0.0484,本圈台阶完成,1,0.0000,0.150,0.330
4299.588,ROUNDABOUT_APPROACH,0.555,1,2.742,0.0000,0.0000,first_lap_position,2.834,tracking,0.1450,0.3370,1,line_curve_center_riding,-0.3353,-0.3074,-0.7731,-0.7731,0.5337,4,0.4657,0.0000,0.4657,-0.6178,0.3370,IDLE,1,0,step_done_latches_cleared,0,0,0.000,0,nan,nan,nan,0.0000,0,5,0.6050,0.5566,0.1307,0.5566,0.0484,本圈台阶完成,1,0.0000,0.150,0.330
4299.694,ROUNDABOUT_APPROACH,0.661,1,2.742,0.0000,0.0000,first_lap_position,2.834,tracking,0.1450,0.3477,1,line_curve_center_riding,-0.3332,-0.3053,-0.7697,-0.7697,0.5366,4,0.4644,0.0000,0.4644,-0.6149,0.3477,IDLE,1,0,step_done_latches_cleared,0,0,0.000,0,nan,nan,nan,0.0000,0,5,0.6050,0.5566,0.1307,0.5566,0.0484,本圈台阶完成,1,0.0000,0.150,0.330
4299.798,ROUNDABOUT_APPROACH,0.765,1,2.742,0.0000,0.0000,first_lap_position,2.834,tracking,0.1450,0.3552,1,line_curve_center_riding,-0.3359,-0.3043,-0.8323,-0.8323,0.5250,4,0.5281,0.0000,0.5281,-0.6563,0.3552,IDLE,1,0,step_done_latches_cleared,0,0,0.000,0,nan,nan,nan,0.0000,0,5,0.6050,0.5566,0.1307,0.5566,0.0484,本圈台阶完成,1,0.0000,0.150,0.330
4299.903,ROUNDABOUT_APPROACH,0.869,1,2.742,0.0000,0.0000,first_lap_position,2.834,tracking,0.1450,0.3649,1,line_curve_center_riding,-0.3459,-0.3149,-0.8315,-0.8315,0.5204,4,0.5166,0.0000,0.5166,-0.6593,0.3649,IDLE,1,0,step_done_latches_cleared,0,0,0.000,0,nan,nan,nan,0.0000,0,5,0.6050,0.5566,0.1307,0.5566,0.0484,本圈台阶完成,1,0.0000,0.150,0.330
4300.014,ROUNDABOUT_APPROACH,0.981,1,2.742,0.0000,0.0000,first_lap_position,2.834,tracking,0.1450,0.3517,1,line_curve_center_riding,-0.3168,-0.2802,-0.8898,-0.8898,0.5088,4,0.6096,0.0000,0.6096,-0.6866,0.3517,IDLE,1,0,step_done_latches_cleared,0,0,0.000,0,nan,nan,nan,0.0000,0,5,0.6050,0.5566,0.1307,0.5566,0.0484,本圈台阶完成,1,0.0000,0.150,0.330
4300.122,ROUNDABOUT_APPROACH,1.089,1,2.742,0.0000,0.0000,first_lap_position,2.834,tracking,0.1450,0.3398,1,line_curve_center_riding,-0.3047,-0.2707,-0.8368,-0.8368,0.5169,4,0.5661,0.0000,0.5661,-0.6481,0.3398,IDLE,1,0,step_done_latches_cleared,0,0,0.000,0,nan,nan,nan,0.0000,0,5,0.6050,0.5566,0.1307,0.5566,0.0484,本圈台阶完成,1,0.0000,0.150,0.330
4300.232,ROUNDABOUT_APPROACH,1.198,1,2.742,0.0000,0.0000,first_lap_position,2.834,tracking,0.1450,0.3267,1,line_curve_center_riding,-0.2913,-0.2588,-0.8008,-0.8008,0.5207,4,0.5420,0.0000,0.5420,-0.6201,0.3267,IDLE,1,0,step_done_latches_cleared,0,0,0.000,0,nan,nan,nan,0.0000,0,5,0.6050,0.5566,0.1307,0.5566,0.0484,本圈台阶完成,1,0.0000,0.150,0.330
4300.335,ROUNDABOUT_APPROACH,1.301,1,2.742,0.0000,0.0000,first_lap_position,2.834,tracking,0.1450,0.3070,1,line_curve_center_riding,-0.2684,-0.2349,-0.7929,-0.7929,0.5180,4,0.5579,0.0000,0.5579,-0.6069,0.3070,IDLE,1,0,step_done_latches_cleared,0,0,0.000,0,nan,nan,nan,0.0000,0,5,0.6050,0.5566,0.1307,0.5566,0.0484,本圈台阶完成,1,0.0000,0.150,0.330
4300.442,ROUNDABOUT_APPROACH,1.409,1,2.742,0.0000,0.0000,first_lap_position,2.834,tracking,0.1450,0.2893,1,line_curve_center_riding,-0.2525,-0.2186,-0.7838,-0.7838,0.5148,4,0.5652,0.0000,0.5652,-0.5954,0.2893,IDLE,1,0,step_done_latches_cleared,0,0,0.000,0,nan,nan,nan,0.0000,0,5,0.6050,0.5566,0.1307,0.5566,0.0484,本圈台阶完成,1,0.0000,0.150,0.330
4300.531,ROUNDABOUT_APPROACH,1.498,1,2.742,0.0000,0.0000,first_lap_position,2.834,tracking,0.1450,0.2722,1,line_curve_center_riding,-0.2381,-0.2036,-0.7794,-0.7794,0.5106,4,0.5758,0.0000,0.5758,-0.5874,0.2722,IDLE,1,0,step_done_latches_cleared,0,0,0.000,0,nan,nan,nan,0.0000,0,5,0.6050,0.5566,0.1307,0.5566,0.0484,本圈台阶完成,1,0.0000,0.150,0.330
4300.654,ROUNDABOUT_APPROACH,1.621,1,2.742,0.0000,0.0000,first_lap_position,2.834,tracking,0.1450,0.2438,1,line_curve_center_riding,-0.2014,-0.1655,-0.7638,-0.7638,0.5015,4,0.5983,0.0000,0.5983,-0.5643,0.2438,IDLE,1,0,step_done_latches_cleared,0,0,0.000,0,nan,nan,nan,0.0000,0,5,0.6050,0.5566,0.1307,0.5566,0.0484,本圈台阶完成,1,0.0000,0.150,0.330
4300.777,ROUNDABOUT_APPROACH,1.744,1,2.742,0.0000,0.0000,first_lap_position,2.834,tracking,0.1450,0.2205,1,line_curve_center_riding,-0.1832,-0.1478,-0.7384,-0.7384,0.5061,4,0.5906,0.0000,0.5906,-0.5415,0.2205,IDLE,1,0,step_done_latches_cleared,0,0,0.000,0,nan,nan,nan,0.0000,0,5,0.6050,0.5566,0.1307,0.5566,0.0484,本圈台阶完成,1,0.0000,0.150,0.330
4300.885,ROUNDABOUT_APPROACH,1.852,1,2.742,0.0000,0.0000,first_lap_position,2.834,tracking,0.1450,0.1953,1,line_curve_center_riding,-0.1596,-0.1252,-0.6987,-0.6987,0.5102,4,0.5735,0.0000,0.5735,-0.5075,0.1953,IDLE,1,0,step_done_latches_cleared,0,0,0.000,0,nan,nan,nan,0.0000,0,5,0.6050,0.5566,0.1307,0.5566,0.0484,本圈台阶完成,1,0.0000,0.150,0.330
4301.017,ROUNDABOUT_APPROACH,1.984,1,2.742,0.0000,0.0000,first_lap_position,2.834,tracking,0.1450,0.1713,1,line_curve_center_riding,-0.1368,-0.1065,-0.6120,-0.6120,0.5238,4,0.5055,0.0000,0.5055,-0.4435,0.1713,IDLE,1,0,step_done_latches_cleared,0,0,0.000,0,nan,nan,nan,0.0000,0,5,0.6050,0.5566,0.1307,0.5566,0.0484,本圈台阶完成,1,0.0000,0.150,0.330
4301.140,ROUNDABOUT_APPROACH,2.107,1,2.742,0.0000,0.0000,first_lap_position,2.834,tracking,0.1450,0.1493,1,line_curve_center_riding,-0.1189,-0.0872,-0.6148,-0.6148,0.5202,4,0.5276,0.0000,0.5276,-0.4389,0.1493,IDLE,1,0,step_done_latches_cleared,0,0,0.000,0,nan,nan,nan,0.0000,0,5,0.6050,0.5566,0.1307,0.5566,0.0484,本圈台阶完成,1,0.0000,0.150,0.330
4301.249,ROUNDABOUT_APPROACH,2.216,1,2.742,0.0000,0.0000,first_lap_position,2.834,tracking,0.1269,0.1235,1,line_curve_center_riding,-0.0928,-0.0496,-0.7692,-0.8977,0.5889,5,0.7196,0.1285,0.8481,-0.5722,0.1235,IDLE,1,0,step_done_latches_cleared,0,0,0.000,0,nan,nan,nan,0.0000,0,5,0.6050,0.5566,0.1307,0.5566,0.0484,本圈台阶完成,1,0.0000,0.150,0.330
4301.377,ROUNDABOUT_APPROACH,2.344,1,2.742,0.0000,0.0000,first_lap_position,2.834,tracking,0.1320,0.1033,1,line_curve_center_riding,-0.0770,-0.0356,-0.7254,-0.8337,0.5986,5,0.6899,0.1082,0.7981,-0.5316,0.1033,IDLE,1,0,step_done_latches_cleared,0,0,0.000,0,nan,nan,nan,0.0000,0,5,0.6050,0.5566,0.1307,0.5566,0.0484,本圈台阶完成,1,0.0000,0.150,0.330
4301.487,ROUNDABOUT_APPROACH,2.453,1,2.742,0.0000,0.0000,first_lap_position,2.834,tracking,0.1375,0.0843,1,line_curve_center_riding,-0.0617,-0.0222,-0.6800,-0.7806,0.6045,5,0.6578,0.1006,0.7584,-0.4943,0.0843,IDLE,1,0,step_done_latches_cleared,0,0,0.000,0,nan,nan,nan,0.0000,0,5,0.6050,0.5566,0.1307,0.5566,0.0484,本圈台阶完成,1,0.0000,0.150,0.330
4301.634,ROUNDABOUT_APPROACH,2.600,1,2.742,0.0000,0.0000,first_lap_position,2.834,tracking,0.1376,0.0661,1,line_curve_center_riding,-0.0442,-0.0048,-0.6619,-0.7616,0.6027,5,0.6571,0.0997,0.7568,-0.4761,0.0661,IDLE,1,0,step_done_latches_cleared,0,0,0.000,0,nan,nan,nan,0.0000,0,5,0.6050,0.5566,0.1307,0.5566,0.0484,本圈台阶完成,1,0.0000,0.150,0.330
4301.747,ROUNDABOUT_APPROACH,2.714,1,2.742,0.0000,0.0000,first_lap_position,2.834,tracking,0.1353,0.0576,1,line_curve_center_riding,-0.0454,-0.0051,-0.6758,-0.7842,0.6012,5,0.6706,0.1085,0.7791,-0.4884,0.0576,IDLE,1,0,step_done_latches_cleared,0,0,0.000,0,nan,nan,nan,0.0000,0,5,0.6050,0.5566,0.1307,0.5566,0.0484,本圈台阶完成,1,0.0000,0.150,0.330
4301.877,ROUNDABOUT_APPROACH,2.844,1,2.742,0.0000,0.0000,first_lap_position,2.834,tracking,0.1355,0.0555,1,line_curve_center_riding,-0.0486,-0.0084,-0.6778,-0.7868,0.6013,5,0.6694,0.1090,0.7784,-0.4910,0.0555,IDLE,1,0,step_done_latches_cleared,0,0,0.000,0,nan,nan,nan,0.0000,0,5,0.6050,0.5566,0.1307,0.5566,0.0484,本圈台阶完成,1,0.0000,0.150,0.330
4301.987,ROUNDABOUT_APPROACH,2.954,1,2.742,0.0000,0.0000,first_lap_position,2.834,tracking,0.1390,0.0560,1,line_curve_center_riding,-0.0520,-0.0131,-0.6622,-0.7605,0.6055,5,0.6491,0.0984,0.7475,-0.4786,0.0560,IDLE,1,0,step_done_latches_cleared,0,0,0.000,0,nan,nan,nan,0.0000,0,5,0.6050,0.5566,0.1307,0.5566,0.0484,本圈台阶完成,1,0.0000,0.150,0.330
4302.104,ROUNDABOUT_APPROACH,3.071,1,2.742,0.0000,0.0000,first_lap_position,2.834,tracking,0.1376,0.0573,1,line_curve_center_riding,-0.0541,-0.0146,-0.6720,-0.7743,0.6037,5,0.6574,0.1022,0.7596,-0.4870,0.0573,IDLE,1,0,step_done_latches_cleared,0,0,0.000,0,nan,nan,nan,0.0000,0,5,0.6050,0.5566,0.1307,0.5566,0.0484,本圈台阶完成,1,0.0000,0.150,0.330
4302.221,ROUNDABOUT_APPROACH,3.188,1,2.742,0.0000,0.0000,first_lap_position,2.834,tracking,0.1376,0.0591,1,line_curve_center_riding,-0.0562,-0.0168,-0.6739,-0.7748,0.6037,5,0.6571,0.1009,0.7580,-0.4885,0.0591,IDLE,1,0,step_done_latches_cleared,0,0,0.000,0,nan,nan,nan,0.0000,0,5,0.6050,0.5566,0.1307,0.5566,0.0484,本圈台阶完成,1,0.0000,0.150,0.330
4302.326,ROUNDABOUT_APPROACH,3.293,1,2.742,0.0000,0.0000,first_lap_position,2.834,tracking,0.1383,0.0619,1,line_curve_center_riding,-0.0595,-0.0203,-0.6736,-0.7725,0.6045,5,0.6534,0.0989,0.7523,-0.4888,0.0619,IDLE,1,0,step_done_latches_cleared,0,0,0.000,0,nan,nan,nan,0.0000,0,5,0.6050,0.5566,0.1307,0.5566,0.0484,本圈台阶完成,1,0.0000,0.150,0.330
4302.429,ROUNDABOUT_APPROACH,3.395,1,2.742,0.0000,0.0000,first_lap_position,2.834,tracking,0.1377,0.0637,1,line_curve_center_riding,-0.0606,-0.0212,-0.6782,-0.7745,0.6050,5,0.6570,0.0963,0.7533,-0.4913,0.0637,IDLE,1,0,step_done_latches_cleared,0,0,0.000,0,nan,nan,nan,0.0000,0,5,0.6050,0.5566,0.1307,0.5566,0.0484,本圈台阶完成,1,0.0000,0.150,0.330
4302.534,ROUNDABOUT_APPROACH,3.501,1,2.742,0.0000,0.0000,first_lap_position,2.834,tracking,0.1380,0.0695,1,line_curve_center_riding,-0.0689,-0.0296,-0.6845,-0.7773,0.6021,5,0.6549,0.0928,0.7477,-0.4971,0.0695,IDLE,1,0,step_done_latches_cleared,0,0,0.000,0,nan,nan,nan,0.0000,0,5,0.6050,0.5566,0.1307,0.5566,0.0484,本圈台阶完成,1,0.0000,0.150,0.330
4302.639,ROUNDABOUT_APPROACH,3.606,1,2.742,0.0000,0.0000,first_lap_position,2.834,tracking,0.1450,0.0611,1,line_curve_center_riding,-0.0510,-0.0203,-0.5329,-0.5329,0.5217,4,0.5126,0.0000,0.5126,-0.3620,0.0611,IDLE,1,0,step_done_latches_cleared,0,0,0.000,0,nan,nan,nan,0.0000,0,5,0.6050,0.5566,0.1307,0.5566,0.0484,本圈台阶完成,1,0.0000,0.150,0.330
4302.750,ROUNDABOUT_APPROACH,3.717,1,2.742,0.0000,0.0000,first_lap_position,2.834,tracking,0.1450,0.0719,1,line_curve_center_riding,-0.0739,-0.0449,-0.5267,-0.5267,0.5217,4,0.4818,0.0000,0.4818,-0.3661,0.0719,IDLE,1,0,step_done_latches_cleared,0,0,0.000,0,nan,nan,nan,0.0000,0,5,0.6050,0.5566,0.1307,0.5566,0.0484,本圈台阶完成,1,0.0000,0.150,0.330
4302.859,ROUNDABOUT_APPROACH,3.826,1,2.742,0.0000,0.0000,first_lap_position,2.834,tracking,0.1450,0.0893,1,line_curve_center_riding,-0.0967,-0.0692,-0.5278,-0.5278,0.5299,4,0.4586,0.0000,0.4586,-0.3749,0.0893,IDLE,1,0,step_done_latches_cleared,0,0,0.000,0,nan,nan,nan,0.0000,0,5,0.6050,0.5566,0.1307,0.5566,0.0484,本圈台阶完成,1,0.0000,0.150,0.330
4302.962,ROUNDABOUT_APPROACH,3.928,1,2.742,0.0000,0.0000,first_lap_position,2.834,tracking,0.1450,0.1019,1,line_curve_center_riding,-0.1053,-0.0755,-0.5719,-0.5719,0.5245,4,0.4964,0.0000,0.4964,-0.4065,0.1019,IDLE,1,0,step_done_latches_cleared,0,0,0.000,0,nan,nan,nan,0.0000,0,5,0.6050,0.5566,0.1307,0.5566,0.0484,本圈台阶完成,1,0.0000,0.150,0.330
4303.066,ROUNDABOUT_APPROACH,4.033,1,2.742,0.0000,0.0000,first_lap_position,2.834,tracking,0.1323,0.1219,1,line_curve_center_riding,-0.1293,-0.0880,-0.7762,-0.8706,0.5989,5,0.6883,0.0943,0.7826,-0.5783,0.1219,IDLE,1,0,step_done_latches_cleared,0,0,0.000,0,nan,nan,nan,0.0000,0,5,0.6050,0.5566,0.1307,0.5566,0.0484,本圈台阶完成,1,0.0000,0.150,0.330
4303.174,ROUNDABOUT_APPROACH,4.140,1,2.742,0.0000,0.0000,first_lap_position,2.834,tracking,0.1341,0.1419,1,line_curve_center_riding,-0.1486,-0.1079,-0.7859,-0.8765,0.5950,5,0.6780,0.0906,0.7686,-0.5901,0.1419,IDLE,1,0,step_done_latches_cleared,0,0,0.000,0,nan,nan,nan,0.0000,0,5,0.6050,0.5566,0.1307,0.5566,0.0484,本圈台阶完成,1,0.0000,0.150,0.330
4303.277,ROUNDABOUT_APPROACH,4.244,1,2.742,0.0000,0.0000,first_lap_position,2.834,tracking,0.1396,0.1695,1,line_curve_center_riding,-0.1795,-0.1408,-0.7867,-0.8704,0.6045,5,0.6459,0.0838,0.7297,-0.5993,0.1695,IDLE,1,0,step_done_latches_cleared,0,0,0.000,0,nan,nan,nan,0.0000,0,5,0.6050,0.5566,0.1307,0.5566,0.0484,本圈台阶完成,1,0.0000,0.150,0.330
4303.385,ROUNDABOUT_APPROACH,4.352,1,2.742,0.0000,0.0000,first_lap_position,2.834,tracking,0.1450,0.1953,1,line_curve_center_riding,-0.2033,-0.1668,-0.7747,-0.8521,0.6115,5,0.6079,0.0774,0.6853,-0.5978,0.1953,IDLE,1,0,step_done_latches_cleared,0,0,0.000,0,nan,nan,nan,0.0000,0,5,0.6050,0.5566,0.1307,0.5566,0.0484,本圈台阶完成,1,0.0000,0.150,0.330
4303.491,ROUNDABOUT_APPROACH,4.458,1,2.742,0.0000,0.0000,first_lap_position,2.834,tracking,0.1450,0.2132,1,line_curve_center_riding,-0.2136,-0.1785,-0.7635,-0.8407,0.6138,5,0.5850,0.0772,0.6622,-0.5942,0.2132,IDLE,1,0,step_done_latches_cleared,0,0,0.000,0,nan,nan,nan,0.0000,0,5,0.6050,0.5566,0.1307,0.5566,0.0484,本圈台阶完成,1,0.0000,0.150,0.330
4303.591,ROUNDABOUT_APPROACH,4.558,1,2.742,0.0000,0.0000,first_lap_position,2.834,tracking,0.1450,0.2367,1,line_curve_center_riding,-0.2385,-0.2140,-0.6224,-0.6224,0.5312,4,0.4084,0.0000,0.4084,-0.4863,0.2367,IDLE,1,0,step_done_latches_cleared,0,0,0.000,0,nan,nan,nan,0.0000,0,5,0.6050,0.5566,0.1307,0.5566,0.0484,本圈台阶完成,1,0.0000,0.150,0.330
4303.702,ROUNDABOUT_APPROACH,4.669,1,2.742,0.0000,0.0000,first_lap_position,2.834,tracking,0.1700,0.2517,1,line_curve_center_riding,-0.2472,-0.2328,-0.4722,-0.4722,0.4391,3,0.2394,0.0000,0.2394,-0.3924,0.2517,IDLE,1,0,step_done_latches_cleared,0,0,0.000,0,nan,nan,nan,0.0000,0,5,0.6050,0.5566,0.1307,0.5566,0.0484,本圈台阶完成,1,0.0000,0.150,0.330
4303.806,ROUNDABOUT_APPROACH,4.773,1,2.742,0.0000,0.0000,first_lap_position,2.834,tracking,0.1700,0.2698,1,line_curve_center_riding,-0.2649,-0.2507,-0.4866,-0.4866,0.4470,3,0.2359,0.0000,0.2359,-0.4080,0.2698,IDLE,1,0,step_done_latches_cleared,0,0,0.000,0,nan,nan,nan,0.0000,0,5,0.6050,0.5566,0.1307,0.5566,0.0484,本圈台阶完成,1,0.0000,0.150,0.330
4303.912,ROUNDABOUT_APPROACH,4.879,1,2.742,0.0000,0.0000,first_lap_position,2.834,tracking,0.1450,0.3033,1,line_curve_center_riding,-0.3079,-0.2771,-0.7897,-0.8406,0.6304,5,0.5125,0.0510,0.5635,-0.6358,0.3033,IDLE,1,0,step_done_latches_cleared,0,0,0.000,0,nan,nan,nan,0.0000,0,5,0.6050,0.5566,0.1307,0.5566,0.0484,本圈台阶完成,1,0.0000,0.150,0.330
4304.014,ROUNDABOUT_APPROACH,4.981,1,2.742,0.0000,0.0000,first_lap_position,2.834,tracking,0.1450,0.3275,1,line_curve_center_riding,-0.3245,-0.2958,-0.7751,-0.8309,0.6324,5,0.4794,0.0557,0.5351,-0.6339,0.3275,IDLE,1,0,step_done_latches_cleared,0,0,0.000,0,nan,nan,nan,0.0000,0,5,0.6050,0.5566,0.1307,0.5566,0.0484,本圈台阶完成,1,0.0000,0.150,0.330
4304.123,ROUNDABOUT_APPROACH,5.090,1,2.742,0.0000,0.0000,first_lap_position,2.834,tracking,0.1450,0.3381,1,line_curve_center_riding,-0.3241,-0.2979,-0.7342,-0.7751,0.6432,5,0.4362,0.0409,0.4772,-0.6024,0.3381,IDLE,1,0,step_done_latches_cleared,0,0,0.000,0,nan,nan,nan,0.0000,0,5,0.6050,0.5566,0.1307,0.5566,0.0484,本圈台阶完成,1,0.0000,0.150,0.330
4304.244,ROUNDABOUT_APPROACH,5.211,1,2.742,0.0000,0.0000,first_lap_position,2.834,tracking,0.1594,0.3523,1,line_center_tracking,-0.3386,-0.3292,-0.3630,-0.3630,0.3799,2,0.0338,0.0000,0.0338,-0.3517,0.3523,IDLE,1,0,step_done_latches_cleared,0,0,0.000,0,nan,nan,nan,0.0000,0,5,0.6050,0.5566,0.1307,0.5566,0.0484,本圈台阶完成,1,0.0000,0.150,0.330
4304.349,ROUNDABOUT_APPROACH,5.316,1,2.742,0.0000,0.0000,first_lap_position,2.834,tracking,0.1594,0.3523,1,line_curve_center_riding,-0.3277,-0.3169,-0.4965,-0.4965,0.4744,3,0.1796,0.0000,0.1796,-0.4367,0.3523,IDLE,1,0,step_done_latches_cleared,0,0,0.000,0,nan,nan,nan,0.0000,0,5,0.6050,0.5566,0.1307,0.5566,0.0484,本圈台阶完成,1,0.0000,0.150,0.330
4304.458,ROUNDABOUT_APPROACH,5.425,1,2.742,0.8000,0.0000,first_lap_position,2.834,tracking,0.1599,0.3503,1,line_curve_center_riding,-0.3230,-0.3132,-0.4773,-0.4773,0.4867,3,0.1641,0.0000,0.1641,-0.4226,0.3503,IDLE,1,0,step_done_latches_cleared,0,0,0.000,0,nan,nan,nan,0.0000,0,5,0.6050,0.5566,0.1307,0.5566,0.0484,本圈台阶完成,1,0.0000,0.150,0.330
4304.567,ROUNDABOUT_APPROACH,5.534,1,2.742,0.0000,0.0000,first_lap_position,2.834,tracking,0.1450,0.3461,1,line_curve_center_riding,-0.3171,-0.2971,-0.6314,-0.6751,0.5660,4,0.3343,0.0437,0.3780,-0.5345,0.3461,IDLE,1,0,step_done_latches_cleared,0,0,0.000,0,nan,nan,nan,0.0000,0,5,0.6050,0.5566,0.1307,0.5566,0.0484,本圈台阶完成,1,0.0000,0.150,0.330
4304.687,ROUNDABOUT_APPROACH,5.654,1,2.742,0.0000,0.0000,first_lap_position,2.834,tracking,0.1602,0.3492,1,line_curve_center_riding,-0.3253,-0.3113,-0.5448,-0.5824,0.4955,3,0.2335,0.0376,0.2711,-0.4795,0.3492,IDLE,1,0,step_done_latches_cleared,0,0,0.000,0,nan,nan,nan,0.0000,0,5,0.6050,0.5566,0.1307,0.5566,0.0484,本圈台阶完成,1,0.0000,0.150,0.330
4304.797,ROUNDABOUT_APPROACH,5.764,1,2.742,0.0000,0.0000,first_lap_position,2.834,tracking,0.1622,0.3414,1,line_curve_center_riding,-0.3104,-0.2987,-0.4951,-0.6274,0.5951,4,0.1965,0.1323,0.3287,-0.4737,0.3414,IDLE,1,0,step_done_latches_cleared,0,0,0.000,0,nan,nan,nan,0.0000,0,5,0.6050,0.5566,0.1307,0.5566,0.0484,本圈台阶完成,1,0.0000,0.150,0.330
4304.909,ROUNDABOUT_APPROACH,5.876,1,2.742,0.0000,0.0000,first_lap_position,2.834,tracking,0.1641,0.3340,1,line_curve_center_riding,-0.3030,-0.2928,-0.4631,-0.4631,0.3874,2,0.1703,0.0000,0.1703,-0.4063,0.3340,IDLE,1,0,step_done_latches_cleared,0,0,0.000,0,nan,nan,nan,0.0000,0,5,0.6050,0.5566,0.1307,0.5566,0.0484,本圈台阶完成,1,0.0000,0.150,0.330
4305.016,ROUNDABOUT_APPROACH,5.983,1,2.742,0.0000,0.0000,first_lap_position,2.834,line_bridge_loss,0.1236,0.1336,0,line_too_few_bands,0.0000,0.0000,0.0000,0.0000,0.0000,0,0.0000,0.0000,0.0000,0.0000,0.1336,IDLE,1,0,step_done_latches_cleared,0,0,0.000,0,nan,nan,nan,0.0000,0,5,0.6050,0.5566,0.1307,0.5566,0.0484,本圈台阶完成,1,0.0000,0.150,0.330
4305.115,ROUNDABOUT_APPROACH,6.082,1,2.742,0.0000,0.0000,first_lap_position,2.834,tracking,0.1613,0.3110,1,line_curve_center_riding,-0.2673,-0.2569,-0.4306,-0.5158,0.5052,3,0.1737,0.0852,0.2589,-0.4011,0.3110,IDLE,1,0,step_done_latches_cleared,0,0,0.000,0,nan,nan,nan,0.0000,0,5,0.6050,0.5566,0.1307,0.5566,0.0484,本圈台阶完成,1,0.0000,0.150,0.330
4305.222,ROUNDABOUT_APPROACH,6.189,1,2.742,0.0000,0.0000,first_lap_position,2.834,tracking,0.1700,0.2829,1,line_curve_center_riding,-0.2397,-0.2320,-0.3596,-0.3596,0.4098,2,0.1275,0.0000,0.1275,-0.3171,0.2829,IDLE,1,0,step_done_latches_cleared,0,0,0.000,0,nan,nan,nan,0.0000,0,5,0.6050,0.5566,0.1307,0.5566,0.0484,本圈台阶完成,1,0.0000,0.150,0.330
4305.333,ROUNDABOUT_APPROACH,6.300,1,2.742,0.0000,0.0000,first_lap_position,2.834,tracking,0.1717,0.3045,1,line_center_tracking,-0.2952,-0.2664,-0.3693,-0.3693,0.5262,3,0.1029,0.0000,0.1029,-0.3350,0.3045,IDLE,1,0,step_done_latches_cleared,0,0,0.000,0,nan,nan,nan,0.0000,0,5,0.6050,0.5566,0.1307,0.5566,0.0484,本圈台阶完成,1,0.0000,0.150,0.330
4305.441,ROUNDABOUT_APPROACH,6.408,1,2.742,0.8000,0.0000,first_lap_position,2.834,tracking,0.1700,0.2866,1,line_curve_center_riding,-0.2537,-0.2446,-0.3956,-0.4927,0.8804,7,0.1509,0.0971,0.2480,-0.3776,0.2866,IDLE,1,0,step_done_latches_cleared,0,0,0.000,0,nan,nan,nan,0.0000,0,5,0.6050,0.5566,0.1307,0.5566,0.0484,本圈台阶完成,1,0.0000,0.150,0.330
4305.552,ROUNDABOUT_APPROACH,6.519,1,2.742,0.0000,0.0000,first_lap_position,2.834,tracking,0.1770,0.2838,1,line_center_tracking,-0.2591,-0.2263,-0.3436,-0.3849,0.6231,4,0.1173,0.0413,0.1587,-0.3183,0.2838,IDLE,1,0,step_done_latches_cleared,0,0,0.000,0,nan,nan,nan,0.0000,0,5,0.6050,0.5566,0.1307,0.5566,0.0484,本圈台阶完成,1,0.0000,0.150,0.330
4305.663,ROUNDABOUT_APPROACH,6.630,1,2.742,0.8000,0.0000,first_lap_position,2.834,tracking,0.1825,0.2625,1,line_center_tracking,-0.2265,-0.1956,-0.3058,-0.3528,0.5304,3,0.1102,0.0470,0.1572,-0.2848,0.2625,IDLE,1,0,step_done_latches_cleared,0,0,0.000,0,nan,nan,nan,0.0000,0,5,0.6050,0.5566,0.1307,0.5566,0.0484,本圈台阶完成,1,0.0000,0.150,0.330
4305.771,ROUNDABOUT_APPROACH,6.738,1,2.742,0.0000,0.0000,first_lap_position,2.834,tracking,0.1915,0.2273,1,line_center_tracking,-0.1822,-0.1665,-0.2226,-0.2226,0.4315,2,0.0562,0.0000,0.0562,-0.2039,0.2273,IDLE,1,0,step_done_latches_cleared,0,0,0.000,0,nan,nan,nan,0.0000,0,5,0.6050,0.5566,0.1307,0.5566,0.0484,本圈台阶完成,1,0.0000,0.150,0.330
4305.886,ROUNDABOUT_APPROACH,6.853,1,2.742,0.8000,0.0000,first_lap_position,2.834,tracking,0.1700,0.1920,1,line_curve_center_riding,-0.1471,-0.1370,-0.3052,-0.4420,0.6005,4,0.1682,0.1368,0.3049,-0.2947,0.1920,IDLE,1,0,step_done_latches_cleared,0,0,0.000,0,nan,nan,nan,0.0000,0,5,0.6050,0.5566,0.1307,0.5566,0.0484,本圈台阶完成,1,0.0000,0.150,0.330
4305.992,ROUNDABOUT_APPROACH,6.959,1,2.742,0.8000,0.0000,first_lap_position,2.834,tracking,0.1700,0.1381,1,line_curve_center_riding,-0.0842,-0.0767,-0.2010,-0.2846,0.6154,4,0.1244,0.0835,0.2079,-0.1874,0.1381,IDLE,1,0,step_done_latches_cleared,0,0,0.000,0,nan,nan,nan,0.0000,0,5,0.6050,0.5566,0.1307,0.5566,0.0484,本圈台阶完成,1,0.0000,0.150,0.330
4306.111,ROUNDABOUT_APPROACH,7.078,1,2.742,0.8000,0.0000,first_lap_position,2.834,tracking,0.2151,0.1352,1,line_center_tracking,-0.1168,-0.0959,-0.1707,-0.2326,0.8017,6,0.0749,0.0619,0.1367,-0.1664,0.1352,IDLE,1,0,step_done_latches_cleared,0,0,0.000,0,nan,nan,nan,0.0000,0,5,0.6050,0.5566,0.1307,0.5566,0.0484,本圈台阶完成,1,0.0000,0.150,0.330
4306.239,ROUNDABOUT_APPROACH,7.206,1,2.742,0.6000,0.0000,first_lap_position,2.834,tracking,0.2233,0.1039,1,line_center_tracking,-0.0707,-0.0537,-0.1143,-0.1839,0.6277,4,0.0606,0.0696,0.1302,-0.1173,0.1039,IDLE,1,0,step_done_latches_cleared,0,0,0.000,0,nan,nan,nan,0.0000,0,5,0.6050,0.5566,0.1307,0.5566,0.0484,本圈台阶完成,1,0.0000,0.150,0.330
4306.355,ROUNDABOUT_APPROACH,7.322,1,2.742,0.8000,0.0000,first_lap_position,2.834,tracking,0.1790,0.0756,1,line_curve_center_riding,-0.0456,-0.0378,-0.1684,-0.0956,0.4543,3,0.1306,0.0728,0.0578,-0.1006,0.0756,IDLE,1,0,step_done_latches_cleared,0,0,0.000,0,nan,nan,nan,0.0000,0,5,0.6050,0.5566,0.1307,0.5566,0.0484,本圈台阶完成,1,0.0000,0.150,0.330
4306.463,ROUNDABOUT_APPROACH,7.430,1,2.742,0.0000,0.0000,first_lap_position,2.834,tracking,0.1700,0.0631,1,line_curve_center_riding,-0.0462,-0.0323,-0.2639,-0.2639,0.4820,3,0.2316,0.0000,0.2316,-0.1867,0.0631,IDLE,1,0,step_done_latches_cleared,0,0,0.000,0,nan,nan,nan,0.0000,0,5,0.6050,0.5566,0.1307,0.5566,0.0484,本圈台阶完成,1,0.0000,0.150,0.330
4306.567,ROUNDABOUT_APPROACH,7.534,1,2.742,0.6000,0.0000,first_lap_position,2.834,tracking,0.1700,0.0511,1,line_curve_center_riding,-0.0368,-0.0226,-0.2604,-0.2604,0.4802,3,0.2378,0.0000,0.2378,-0.1811,0.0511,IDLE,1,0,step_done_latches_cleared,0,0,0.000,0,nan,nan,nan,0.0000,0,5,0.6050,0.5566,0.1307,0.5566,0.0484,本圈台阶完成,1,0.0000,0.150,0.330
4306.675,ROUNDABOUT_APPROACH,7.642,1,2.742,0.9343,0.0000,first_lap_position,2.834,tracking,0.2108,0.0368,1,line_center_tracking,-0.0220,0.0022,-0.0843,-0.1335,0.6248,4,0.0865,0.0492,0.1357,-0.0719,0.0368,IDLE,1,0,step_done_latches_cleared,0,0,0.000,0,nan,nan,nan,0.0000,0,5,0.6050,0.5566,0.1307,0.5566,0.0484,本圈台阶完成,1,0.0000,0.150,0.330
4306.782,ROUNDABOUT_APPROACH,7.749,1,2.742,0.8681,0.0000,first_lap_position,2.834,tracking,0.2333,0.0210,1,line_center_tracking,-0.0060,0.0214,-0.0764,-0.1117,0.7142,5,0.0978,0.0353,0.1330,-0.0556,0.0210,IDLE,1,0,step_done_latches_cleared,0,0,0.000,0,nan,nan,nan,0.0000,0,5,0.6050,0.5566,0.1307,0.5566,0.0484,本圈台阶完成,1,0.0000,0.150,0.330
4306.892,ROUNDABOUT_APPROACH,7.859,1,2.742,0.8887,0.0000,first_lap_position,2.834,tracking,0.1913,0.1790,1,line_curve_center_riding,-0.2825,-0.2967,-0.0596,-0.0628,0.6762,5,0.2372,0.0033,0.2339,-0.1397,0.1790,IDLE,1,0,step_done_latches_cleared,0,0,0.000,0,nan,nan,nan,0.0000,0,5,0.6050,0.5566,0.1307,0.5566,0.0484,本圈台阶完成,1,0.0000,0.150,0.330
4307.013,ROUNDABOUT_APPROACH,7.980,1,2.742,0.8961,0.0000,first_lap_position,2.834,tracking,0.1700,0.0480,1,line_curve_center_riding,0.0405,0.0573,-0.2219,-0.2219,0.3323,2,0.2791,0.0000,0.2791,-0.1288,0.0480,IDLE,1,0,step_done_latches_cleared,0,0,0.000,0,nan,nan,nan,0.0000,0,5,0.6050,0.5566,0.1307,0.5566,0.0484,本圈台阶完成,1,0.0000,0.150,0.330
4307.119,ROUNDABOUT_APPROACH,8.086,1,2.742,0.8000,0.0000,first_lap_position,2.834,tracking,0.1450,-0.0207,1,line_recenter_transition,0.0802,0.0863,-0.2194,-0.2194,0.3187,2,0.3057,0.0000,0.3057,-0.1175,-0.0207,IDLE,1,0,step_done_latches_cleared,0,0,0.000,0,nan,nan,nan,0.0000,0,5,0.6050,0.5566,0.1307,0.5566,0.0484,本圈台阶完成,1,0.0000,0.150,0.330
4307.229,ROUNDABOUT_APPROACH,8.196,1,2.742,0.6000,0.0000,first_lap_position,2.834,tracking,0.1867,0.0068,1,line_center_tracking,-0.0186,0.0055,-0.0804,-0.1289,0.6553,5,0.0858,0.0485,0.1344,-0.0679,0.0068,IDLE,1,0,step_done_latches_cleared,0,0,0.000,0,nan,nan,nan,0.0000,0,5,0.6050,0.5566,0.1307,0.5566,0.0484,本圈台阶完成,1,0.0000,0.150,0.330
4307.344,ROUNDABOUT_APPROACH,8.311,1,2.742,0.7931,0.0000,first_lap_position,2.834,tracking,0.2304,-0.0235,1,line_center_tracking,0.0431,0.0356,0.0623,0.0623,0.3998,2,0.0267,0.0000,0.0267,0.0534,-0.0235,IDLE,1,0,step_done_latches_cleared,0,0,0.000,0,nan,nan,nan,0.0000,0,5,0.6050,0.5566,0.1307,0.5566,0.0484,本圈台阶完成,1,0.0000,0.150,0.330
4307.449,ROUNDABOUT_APPROACH,8.416,1,2.742,0.8621,0.0000,first_lap_position,2.834,tracking,0.2302,0.0596,1,line_center_tracking,-0.1139,-0.1019,-0.1447,-0.1447,0.3544,2,0.0429,0.0000,0.0429,-0.1304,0.0596,IDLE,1,0,step_done_latches_cleared,0,0,0.000,0,nan,nan,nan,0.0000,0,5,0.6050,0.5566,0.1307,0.5566,0.0484,本圈台阶完成,1,0.0000,0.150,0.330
4307.555,ROUNDABOUT_APPROACH,8.522,1,2.742,0.8178,0.0000,first_lap_position,2.834,tracking,0.2217,0.1099,1,line_center_tracking,-0.1471,-0.1313,-0.1878,-0.1878,0.3159,2,0.0566,0.0000,0.0566,-0.1690,0.1099,IDLE,1,0,step_done_latches_cleared,0,0,0.000,0,nan,nan,nan,0.0000,0,5,0.6050,0.5566,0.1307,0.5566,0.0484,本圈台阶完成,1,0.0000,0.150,0.330
4307.664,ROUNDABOUT_APPROACH,8.631,1,2.742,0.8671,0.0000,first_lap_position,2.834,tracking,0.2163,0.1311,1,line_center_tracking,-0.1434,-0.1272,-0.1851,-0.1851,0.3120,2,0.0579,0.0000,0.0579,-0.1658,0.1311,IDLE,1,0,step_done_latches_cleared,0,0,0.000,0,nan,nan,nan,0.0000,0,5,0.6050,0.5566,0.1307,0.5566,0.0484,本圈台阶完成,1,0.0000,0.150,0.330
4307.779,ROUNDABOUT_APPROACH,8.746,1,2.742,0.8765,0.0000,first_lap_position,2.834,tracking,0.2323,0.0690,1,line_center_tracking,-0.0198,-0.0277,0.0007,0.0007,0.3951,2,0.0284,0.0000,0.0284,-0.0088,0.0690,IDLE,1,0,step_done_latches_cleared,0,0,0.000,0,nan,nan,nan,0.0000,0,5,0.6050,0.5566,0.1307,0.5566,0.0484,本圈台阶完成,1,0.0000,0.150,0.330
4307.883,ROUNDABOUT_APPROACH,8.850,1,2.742,0.9046,0.0000,first_lap_position,2.834,tracking,0.2420,0.0072,1,line_center_tracking,0.0444,0.0313,0.0782,0.0782,0.3432,2,0.0469,0.0000,0.0469,0.0625,0.0072,IDLE,1,0,step_done_latches_cleared,0,0,0.000,0,nan,nan,nan,0.0000,0,5,0.6050,0.5566,0.1307,0.5566,0.0484,本圈台阶完成,1,0.0000,0.150,0.330
4307.991,ROUNDABOUT_APPROACH,8.958,1,2.742,0.8313,0.0000,first_lap_position,2.834,tracking,0.2010,0.0157,1,line_curve_center_riding,-0.0138,-0.0195,0.0748,-0.0900,0.7418,6,0.0944,0.1649,0.0705,-0.0116,0.0157,IDLE,1,0,step_done_latches_cleared,0,0,0.000,0,nan,nan,nan,0.0000,0,5,0.6050,0.5566,0.1307,0.5566,0.0484,本圈台阶完成,1,0.0000,0.150,0.330
4308.095,ROUNDABOUT_APPROACH,9.062,1,2.742,0.8323,0.0000,first_lap_position,2.834,tracking,0.2313,-0.0436,1,line_center_tracking,0.0841,0.0961,0.0533,0.0111,0.7055,5,0.0429,0.0421,0.0850,0.0535,-0.0436,IDLE,1,0,step_done_latches_cleared,0,0,0.000,0,nan,nan,nan,0.0000,0,5,0.6050,0.5566,0.1307,0.5566,0.0484,本圈台阶完成,1,0.0000,0.150,0.330
4308.204,ROUNDABOUT_APPROACH,9.171,1,2.742,0.4000,0.0000,first_lap_position,2.834,tracking,0.2363,-0.0532,1,line_center_tracking,0.0626,0.0653,0.0558,0.0558,0.5534,3,0.0095,0.0000,0.0095,0.0590,-0.0532,IDLE,1,0,step_done_latches_cleared,0,0,0.000,0,nan,nan,nan,0.0000,0,5,0.6050,0.5566,0.1307,0.5566,0.0484,本圈台阶完成,1,0.0000,0.150,0.330
4308.317,ROUNDABOUT,0.000,1,2.742,0.8661,0.0000,first_lap_position,2.834,icn_entry_left,0.1932,0.2302,1,line_center_tracking,0.0560,0.0609,0.0433,0.0433,0.4257,2,0.0175,0.0000,0.0175,0.0492,0.2302,IDLE,1,0,step_done_latches_cleared,0,0,0.000,0,nan,nan,nan,0.0000,0,5,0.6050,0.5566,0.1307,0.5566,0.0484,本圈台阶完成,1,0.0000,0.150,0.330
4308.442,ROUNDABOUT,0.125,1,2.742,0.0000,0.0000,first_lap_position,2.834,icn_entry_left,0.1900,0.3600,1,line_center_tracking,0.0648,0.0715,0.0476,0.0476,0.5472,3,0.0239,0.0000,0.0239,0.0555,0.3600,IDLE,1,0,step_done_latches_cleared,0,0,0.000,0,nan,nan,nan,0.0000,0,5,0.6050,0.5566,0.1307,0.5566,0.0484,本圈台阶完成,1,0.0000,0.150,0.330
4308.553,ROUNDABOUT,0.235,1,2.742,0.8000,0.0000,first_lap_position,2.834,icn_entry_left,0.1900,0.3600,1,line_center_tracking,0.0846,0.0883,0.0752,0.0752,0.4683,2,0.0131,0.0000,0.0131,0.0796,0.3600,IDLE,1,0,step_done_latches_cleared,0,0,0.000,0,nan,nan,nan,0.0000,0,5,0.6050,0.5566,0.1307,0.5566,0.0484,本圈台阶完成,1,0.0000,0.150,0.330
4308.657,ROUNDABOUT,0.340,1,2.742,0.8306,0.0000,first_lap_position,2.834,icn_entry_left,0.1900,0.3600,1,line_center_tracking,0.1022,0.1126,0.0755,0.0295,0.6070,4,0.0371,0.0460,0.0831,0.0726,0.3600,IDLE,1,0,step_done_latches_cleared,0,0,0.000,0,nan,nan,nan,0.0000,0,5,0.6050,0.5566,0.1307,0.5566,0.0484,本圈台阶完成,1,0.0000,0.150,0.330
4308.767,ROUNDABOUT,0.450,1,2.742,0.8000,0.0000,first_lap_position,2.834,icn_entry_left,0.1900,0.3600,1,line_center_tracking,0.1711,0.1711,0.1711,0.1711,0.2375,1,0.0000,0.0000,0.0000,0.1711,0.3600,IDLE,1,0,step_done_latches_cleared,0,0,0.000,0,nan,nan,nan,0.0000,0,5,0.6050,0.5566,0.1307,0.5566,0.0484,本圈台阶完成,1,0.0000,0.150,0.330
4308.872,ROUNDABOUT,0.555,1,2.742,0.8000,0.0000,first_lap_position,2.834,icn_entry_left,0.1900,0.3600,1,line_center_tracking,0.2081,0.2188,0.1807,0.1731,0.4534,2,0.0381,0.0076,0.0457,0.1909,0.3600,IDLE,1,0,step_done_latches_cleared,0,0,0.000,0,nan,nan,nan,0.0000,0,5,0.6050,0.5566,0.1307,0.5566,0.0484,本圈台阶完成,1,0.0000,0.150,0.330
4308.979,ROUNDABOUT,0.662,1,2.742,0.0000,0.0000,first_lap_position,2.834,icn_entry_left,0.1900,0.3600,1,line_center_tracking,0.3177,0.3177,0.3177,0.3177,0.2375,1,0.0000,0.0000,0.0000,0.3177,0.3600,IDLE,1,0,step_done_latches_cleared,0,0,0.000,0,nan,nan,nan,0.0000,0,5,0.6050,0.5566,0.1307,0.5566,0.0484,本圈台阶完成,1,0.0000,0.150,0.330
4309.090,ROUNDABOUT,0.773,1,2.742,0.0000,0.0000,first_lap_position,2.834,icn_entry_left,0.1900,0.3600,1,line_center_tracking,0.3242,0.3043,0.3754,0.4110,0.4083,2,0.0712,0.0356,0.1067,0.3636,0.3600,IDLE,1,0,step_done_latches_cleared,0,0,0.000,0,nan,nan,nan,0.0000,0,5,0.6050,0.5566,0.1307,0.5566,0.0484,本圈台阶完成,1,0.0000,0.150,0.330
4309.196,ROUNDABOUT,0.878,1,2.742,0.6000,0.0000,first_lap_position,2.834,icn_entry_left,0.1900,0.3600,1,line_center_tracking,0.4347,0.4226,0.4656,0.4871,0.4347,2,0.0430,0.0215,0.0645,0.4584,0.3600,IDLE,1,0,step_done_latches_cleared,0,0,0.000,0,nan,nan,nan,0.0000,0,5,0.6050,0.5566,0.1307,0.5566,0.0484,本圈台阶完成,1,0.0000,0.150,0.330
4309.301,ROUNDABOUT,0.983,1,2.742,0.0000,0.0000,first_lap_position,2.834,icn_entry_left,0.1900,0.3600,1,line_center_tracking,0.4891,0.4891,0.4891,0.4891,0.2375,1,0.0000,0.0000,0.0000,0.4891,0.3600,IDLE,1,0,step_done_latches_cleared,0,0,0.000,0,nan,nan,nan,0.0000,0,5,0.6050,0.5566,0.1307,0.5566,0.0484,本圈台阶完成,1,0.0000,0.150,0.330
4309.413,ROUNDABOUT,1.096,1,2.742,0.0000,0.0000,first_lap_position,2.834,icn_entry_left,0.1900,0.3600,0,line_too_few_bands,0.0000,0.0000,0.0000,0.0000,0.0000,0,0.0000,0.0000,0.0000,0.0000,0.3600,IDLE,1,0,step_done_latches_cleared,0,0,0.000,0,nan,nan,nan,0.0000,0,5,0.6050,0.5566,0.1307,0.5566,0.0484,本圈台阶完成,1,0.0000,0.150,0.330
4309.528,ROUNDABOUT,1.211,1,2.742,0.0000,0.0000,first_lap_position,2.834,icn_entry_left,0.1900,0.3600,1,line_hard_turn_centering,0.5482,0.5482,0.5482,0.5482,0.2375,1,0.0000,0.0000,0.0000,0.5482,0.3600,IDLE,1,0,step_done_latches_cleared,0,0,0.000,0,nan,nan,nan,0.0000,0,5,0.6050,0.5566,0.1307,0.5566,0.0484,本圈台阶完成,1,0.0000,0.150,0.330
4309.630,ROUNDABOUT,1.313,1,2.742,0.2000,0.0000,first_lap_position,2.834,icn_entry_left,0.1900,0.3600,0,line_too_few_bands,0.0000,0.0000,0.0000,0.0000,0.0000,0,0.0000,0.0000,0.0000,0.0000,0.3600,IDLE,1,0,step_done_latches_cleared,0,0,0.000,0,nan,nan,nan,0.0000,0,5,0.6050,0.5566,0.1307,0.5566,0.0484,本圈台阶完成,1,0.0000,0.150,0.330
4309.734,ROUNDABOUT,1.416,1,2.742,0.4000,0.0000,first_lap_position,2.834,icn_entry_left,0.1900,0.3600,1,line_hard_turn_centering,0.5774,0.5774,0.5774,0.5774,0.2375,1,0.0000,0.0000,0.0000,0.5774,0.3600,IDLE,1,0,step_done_latches_cleared,0,0,0.000,0,nan,nan,nan,0.0000,0,5,0.6050,0.5566,0.1307,0.5566,0.0484,本圈台阶完成,1,0.0000,0.150,0.330
4309.838,ROUNDABOUT,1.521,1,2.742,0.2000,0.0000,first_lap_position,2.834,icn_entry_left,0.1900,0.3600,0,line_too_few_bands,0.0000,0.0000,0.0000,0.0000,0.0000,0,0.0000,0.0000,0.0000,0.0000,0.3600,IDLE,1,0,step_done_latches_cleared,0,0,0.000,0,nan,nan,nan,0.0000,0,5,0.6050,0.5566,0.1307,0.5566,0.0484,本圈台阶完成,1,0.0000,0.150,0.330
4309.944,ROUNDABOUT,1.627,1,2.742,0.2000,0.0000,first_lap_position,2.834,icn_entry_left,0.1900,0.3600,0,line_too_few_bands,0.0000,0.0000,0.0000,0.0000,0.0000,0,0.0000,0.0000,0.0000,0.0000,0.3600,IDLE,1,0,step_done_latches_cleared,0,0,0.000,0,nan,nan,nan,0.0000,0,5,0.6050,0.5566,0.1307,0.5566,0.0484,本圈台阶完成,1,0.0000,0.150,0.330
4310.049,ROUNDABOUT,1.731,1,2.742,0.2000,0.0000,first_lap_position,2.834,icn_entry_left,0.1900,0.3600,0,line_too_few_bands,0.0000,0.0000,0.0000,0.0000,0.0000,0,0.0000,0.0000,0.0000,0.0000,0.3600,IDLE,1,0,step_done_latches_cleared,0,0,0.000,0,nan,nan,nan,0.0000,0,5,0.6050,0.5566,0.1307,0.5566,0.0484,本圈台阶完成,1,0.0000,0.150,0.330
4310.150,ROUNDABOUT,1.833,1,2.742,0.0000,0.0000,first_lap_position,2.834,icn_entry_left,0.1900,0.3600,0,line_too_few_bands,0.0000,0.0000,0.0000,0.0000,0.0000,0,0.0000,0.0000,0.0000,0.0000,0.3600,IDLE,1,0,step_done_latches_cleared,0,0,0.000,0,nan,nan,nan,0.0000,0,5,0.6050,0.5566,0.1307,0.5566,0.0484,本圈台阶完成,1,0.0000,0.150,0.330
4310.254,ROUNDABOUT,1.936,1,2.742,0.2000,0.0000,first_lap_position,2.834,icn_entry_left,0.1900,0.3600,0,line_too_few_bands,0.0000,0.0000,0.0000,0.0000,0.0000,0,0.0000,0.0000,0.0000,0.0000,0.3600,IDLE,1,0,step_done_latches_cleared,0,0,0.000,0,nan,nan,nan,0.0000,0,5,0.6050,0.5566,0.1307,0.5566,0.0484,本圈台阶完成,1,0.0000,0.150,0.330
4310.363,ROUNDABOUT,2.045,1,2.742,0.2000,0.0000,first_lap_position,2.834,icn_entry_left,0.1900,0.3600,0,line_too_few_bands,0.0000,0.0000,0.0000,0.0000,0.0000,0,0.0000,0.0000,0.0000,0.0000,0.3600,IDLE,1,0,step_done_latches_cleared,0,0,0.000,0,nan,nan,nan,0.0000,0,5,0.6050,0.5566,0.1307,0.5566,0.0484,本圈台阶完成,1,0.0000,0.150,0.330
4310.469,ROUNDABOUT,2.151,1,2.742,0.2000,0.0000,first_lap_position,2.834,icn_entry_left,0.1900,0.3600,0,line_too_few_bands,0.0000,0.0000,0.0000,0.0000,0.0000,0,0.0000,0.0000,0.0000,0.0000,0.3600,IDLE,1,0,step_done_latches_cleared,0,0,0.000,0,nan,nan,nan,0.0000,0,5,0.6050,0.5566,0.1307,0.5566,0.0484,本圈台阶完成,1,0.0000,0.150,0.330
4310.574,ROUNDABOUT,2.256,1,2.742,0.2000,0.0000,first_lap_position,2.834,icn_entry_left,0.1900,0.3600,0,line_too_few_bands,0.0000,0.0000,0.0000,0.0000,0.0000,0,0.0000,0.0000,0.0000,0.0000,0.3600,IDLE,1,0,step_done_latches_cleared,0,0,0.000,0,nan,nan,nan,0.0000,0,5,0.6050,0.5566,0.1307,0.5566,0.0484,本圈台阶完成,1,0.0000,0.150,0.330
4310.675,ROUNDABOUT,2.358,1,2.742,0.2000,0.0000,first_lap_position,2.834,icn_entry_left,0.1900,0.3600,0,line_too_few_bands,0.0000,0.0000,0.0000,0.0000,0.0000,0,0.0000,0.0000,0.0000,0.0000,0.3600,IDLE,1,0,step_done_latches_cleared,0,0,0.000,0,nan,nan,nan,0.0000,0,5,0.6050,0.5566,0.1307,0.5566,0.0484,本圈台阶完成,1,0.0000,0.150,0.330
4310.783,ROUNDABOUT,2.465,1,2.742,0.2000,0.0000,first_lap_position,2.834,icn_entry_left,0.1900,0.3600,0,line_too_few_bands,0.0000,0.0000,0.0000,0.0000,0.0000,0,0.0000,0.0000,0.0000,0.0000,0.3600,IDLE,1,0,step_done_latches_cleared,0,0,0.000,0,nan,nan,nan,0.0000,0,5,0.6050,0.5566,0.1307,0.5566,0.0484,本圈台阶完成,1,0.0000,0.150,0.330
4310.883,ROUNDABOUT,2.565,1,2.742,0.0000,0.0000,first_lap_position,2.834,icn_entry_left,0.1900,0.3600,0,line_too_few_bands,0.0000,0.0000,0.0000,0.0000,0.0000,0,0.0000,0.0000,0.0000,0.0000,0.3600,IDLE,1,0,step_done_latches_cleared,0,0,0.000,0,nan,nan,nan,0.0000,0,5,0.6050,0.5566,0.1307,0.5566,0.0484,本圈台阶完成,1,0.0000,0.150,0.330
4310.982,ROUNDABOUT,2.665,1,2.742,0.2000,0.0000,first_lap_position,2.834,icn_entry_left,0.1900,0.3600,0,line_too_few_bands,0.0000,0.0000,0.0000,0.0000,0.0000,0,0.0000,0.0000,0.0000,0.0000,0.3600,IDLE,1,0,step_done_latches_cleared,0,0,0.000,0,nan,nan,nan,0.0000,0,5,0.6050,0.5566,0.1307,0.5566,0.0484,本圈台阶完成,1,0.0000,0.150,0.330
4311.094,ROUNDABOUT,2.776,1,2.742,0.2000,0.0000,first_lap_position,2.834,icn_entry_left,0.1900,0.3600,0,line_too_few_bands,0.0000,0.0000,0.0000,0.0000,0.0000,0,0.0000,0.0000,0.0000,0.0000,0.3600,IDLE,1,0,step_done_latches_cleared,0,0,0.000,0,nan,nan,nan,0.0000,0,5,0.6050,0.5566,0.1307,0.5566,0.0484,本圈台阶完成,1,0.0000,0.150,0.330
4311.204,ROUNDABOUT,2.886,1,2.742,0.2000,0.0000,first_lap_position,2.834,icn_entry_left,0.1900,0.3600,0,line_too_few_bands,0.0000,0.0000,0.0000,0.0000,0.0000,0,0.0000,0.0000,0.0000,0.0000,0.3600,IDLE,1,0,step_done_latches_cleared,0,0,0.000,0,nan,nan,nan,0.0000,0,5,0.6050,0.5566,0.1307,0.5566,0.0484,本圈台阶完成,1,0.0000,0.150,0.330
4311.315,ROUNDABOUT,2.997,1,2.742,0.2000,0.0000,first_lap_position,2.834,icn_entry_left,0.1900,0.3600,0,line_too_few_bands,0.0000,0.0000,0.0000,0.0000,0.0000,0,0.0000,0.0000,0.0000,0.0000,0.3600,IDLE,1,0,step_done_latches_cleared,0,0,0.000,0,nan,nan,nan,0.0000,0,5,0.6050,0.5566,0.1307,0.5566,0.0484,本圈台阶完成,1,0.0000,0.150,0.330
4311.421,ROUNDABOUT,3.104,1,2.742,0.2000,0.0000,first_lap_position,2.834,icn_entry_left,0.1900,0.3600,0,line_too_few_bands,0.0000,0.0000,0.0000,0.0000,0.0000,0,0.0000,0.0000,0.0000,0.0000,0.3600,IDLE,1,0,step_done_latches_cleared,0,0,0.000,0,nan,nan,nan,0.0000,0,5,0.6050,0.5566,0.1307,0.5566,0.0484,本圈台阶完成,1,0.0000,0.150,0.330
4311.527,ROUNDABOUT,3.210,1,2.742,0.0000,0.0000,first_lap_position,2.834,icn_entry_left,0.1900,0.3600,0,line_too_few_bands,0.0000,0.0000,0.0000,0.0000,0.0000,0,0.0000,0.0000,0.0000,0.0000,0.3600,IDLE,1,0,step_done_latches_cleared,0,0,0.000,0,nan,nan,nan,0.0000,0,5,0.6050,0.5566,0.1307,0.5566,0.0484,本圈台阶完成,1,0.0000,0.150,0.330
4311.651,ROUNDABOUT,3.334,1,2.742,0.2000,0.0000,first_lap_position,2.834,icn_entry_left,0.1900,0.3600,0,line_too_few_bands,0.0000,0.0000,0.0000,0.0000,0.0000,0,0.0000,0.0000,0.0000,0.0000,0.3600,IDLE,1,0,step_done_latches_cleared,0,0,0.000,0,nan,nan,nan,0.0000,0,5,0.6050,0.5566,0.1307,0.5566,0.0484,本圈台阶完成,1,0.0000,0.150,0.330
4311.771,ROUNDABOUT,3.453,1,2.742,0.2000,0.0000,first_lap_position,2.834,icn_entry_left,0.1900,0.3600,0,line_too_few_bands,0.0000,0.0000,0.0000,0.0000,0.0000,0,0.0000,0.0000,0.0000,0.0000,0.3600,IDLE,1,0,step_done_latches_cleared,0,0,0.000,0,nan,nan,nan,0.0000,0,5,0.6050,0.5566,0.1307,0.5566,0.0484,本圈台阶完成,1,0.0000,0.150,0.330
4311.880,ROUNDABOUT,3.562,1,2.742,0.2000,0.0000,first_lap_position,2.834,icn_entry_left,0.1900,0.3600,1,line_center_tracking,0.4897,0.4897,0.4897,0.4897,0.2375,1,0.0000,0.0000,0.0000,0.4897,0.3600,IDLE,1,0,step_done_latches_cleared,0,0,0.000,0,nan,nan,nan,0.0000,0,5,0.6050,0.5566,0.1307,0.5566,0.0484,本圈台阶完成,1,0.0000,0.150,0.330
4311.990,ROUNDABOUT,3.673,1,2.742,0.0000,0.0000,first_lap_position,2.834,icn_entry_left,0.1900,0.3600,1,line_center_tracking,0.5077,0.5077,0.5077,0.5077,0.2375,1,0.0000,0.0000,0.0000,0.5077,0.3600,IDLE,1,0,step_done_latches_cleared,0,0,0.000,0,nan,nan,nan,0.0000,0,5,0.6050,0.5566,0.1307,0.5566,0.0484,本圈台阶完成,1,0.0000,0.150,0.330
4312.106,ROUNDABOUT,3.789,1,2.742,0.0000,0.0000,first_lap_position,2.834,icn_entry_left,0.1900,0.3600,0,line_too_few_bands,0.0000,0.0000,0.0000,0.0000,0.0000,0,0.0000,0.0000,0.0000,0.0000,0.3600,IDLE,1,0,step_done_latches_cleared,0,0,0.000,0,nan,nan,nan,0.0000,0,5,0.6050,0.5566,0.1307,0.5566,0.0484,本圈台阶完成,1,0.0000,0.150,0.330
4312.216,ROUNDABOUT,3.899,1,2.742,0.0000,0.0000,first_lap_position,2.834,icn_entry_left,0.1900,0.3600,0,line_too_few_bands,0.0000,0.0000,0.0000,0.0000,0.0000,0,0.0000,0.0000,0.0000,0.0000,0.3600,IDLE,1,0,step_done_latches_cleared,0,0,0.000,0,nan,nan,nan,0.0000,0,5,0.6050,0.5566,0.1307,0.5566,0.0484,本圈台阶完成,1,0.0000,0.150,0.330
4312.317,ROUNDABOUT,4.000,1,2.742,0.0000,0.0000,first_lap_position,2.834,icn_entry_left,0.1900,0.3600,1,line_center_tracking,0.4036,0.4036,0.4036,0.4036,0.2375,1,0.0000,0.0000,0.0000,0.4036,0.3600,IDLE,1,0,step_done_latches_cleared,0,0,0.000,0,nan,nan,nan,0.0000,0,5,0.6050,0.5566,0.1307,0.5566,0.0484,本圈台阶完成,1,0.0000,0.150,0.330
4312.451,ROUNDABOUT,4.133,1,2.742,0.2000,0.0000,first_lap_position,2.834,icn_entry_left,0.1900,0.3600,0,line_too_few_bands,0.0000,0.0000,0.0000,0.0000,0.0000,0,0.0000,0.0000,0.0000,0.0000,0.3600,IDLE,1,0,step_done_latches_cleared,0,0,0.000,0,nan,nan,nan,0.0000,0,5,0.6050,0.5566,0.1307,0.5566,0.0484,本圈台阶完成,1,0.0000,0.150,0.330
4312.558,ROUNDABOUT,4.240,1,2.742,0.0000,0.0000,first_lap_position,2.834,icn_entry_left,0.1900,0.3600,0,line_too_few_bands,0.0000,0.0000,0.0000,0.0000,0.0000,0,0.0000,0.0000,0.0000,0.0000,0.3600,IDLE,1,0,step_done_latches_cleared,0,0,0.000,0,nan,nan,nan,0.0000,0,5,0.6050,0.5566,0.1307,0.5566,0.0484,本圈台阶完成,1,0.0000,0.150,0.330
4312.642,ROUNDABOUT,4.325,1,2.742,0.0000,0.0000,first_lap_position,2.834,icn_entry_left,0.1900,0.3600,1,line_center_tracking,0.4270,0.4270,0.4270,0.4270,0.2375,1,0.0000,0.0000,0.0000,0.4270,0.3600,IDLE,1,0,step_done_latches_cleared,0,0,0.000,0,nan,nan,nan,0.0000,0,5,0.6050,0.5566,0.1307,0.5566,0.0484,本圈台阶完成,1,0.0000,0.150,0.330
4312.801,ROUNDABOUT,4.483,1,2.742,0.0000,0.0000,first_lap_position,2.834,icn_entry_left,0.1900,0.3600,1,line_hard_turn_centering,0.5799,0.5799,0.5799,0.5799,0.2375,1,0.0000,0.0000,0.0000,0.5799,0.3600,IDLE,1,0,step_done_latches_cleared,0,0,0.000,0,nan,nan,nan,0.0000,0,5,0.6050,0.5566,0.1307,0.5566,0.0484,本圈台阶完成,1,0.0000,0.150,0.330
4312.911,ROUNDABOUT,4.593,1,2.742,0.0000,0.0000,first_lap_position,2.834,icn_entry_left,0.1900,0.3600,0,line_too_few_bands,0.0000,0.0000,0.0000,0.0000,0.0000,0,0.0000,0.0000,0.0000,0.0000,0.3600,IDLE,1,0,step_done_latches_cleared,0,0,0.000,0,nan,nan,nan,0.0000,0,5,0.6050,0.5566,0.1307,0.5566,0.0484,本圈台阶完成,1,0.0000,0.150,0.330
4313.026,ROUNDABOUT,4.708,1,2.742,0.0000,0.0000,first_lap_position,2.834,icn_entry_left,0.1900,0.3600,0,line_too_few_bands,0.0000,0.0000,0.0000,0.0000,0.0000,0,0.0000,0.0000,0.0000,0.0000,0.3600,IDLE,1,0,step_done_latches_cleared,0,0,0.000,0,nan,nan,nan,0.0000,0,5,0.6050,0.5566,0.1307,0.5566,0.0484,本圈台阶完成,1,0.0000,0.150,0.330
4313.136,ROUNDABOUT,4.818,1,2.742,0.0000,0.0000,first_lap_position,2.834,icn_entry_left,0.1900,0.3600,1,line_center_tracking,0.5124,0.5124,0.5124,0.5124,0.2375,1,0.0000,0.0000,0.0000,0.5124,0.3600,IDLE,1,0,step_done_latches_cleared,0,0,0.000,0,nan,nan,nan,0.0000,0,5,0.6050,0.5566,0.1307,0.5566,0.0484,本圈台阶完成,1,0.0000,0.150,0.330
4313.286,ROUNDABOUT,4.969,1,2.742,0.0000,0.0000,first_lap_position,2.834,icn_entry_left,0.1900,0.3600,1,line_center_tracking,0.5195,0.5195,0.5195,0.5195,0.2375,1,0.0000,0.0000,0.0000,0.5195,0.3600,IDLE,1,0,step_done_latches_cleared,0,0,0.000,0,nan,nan,nan,0.0000,0,5,0.6050,0.5566,0.1307,0.5566,0.0484,本圈台阶完成,1,0.0000,0.150,0.330
4313.422,ROUNDABOUT,5.105,1,2.742,0.0000,0.0000,first_lap_position,2.834,icn_entry_left,0.1900,0.3600,0,line_too_few_bands,0.0000,0.0000,0.0000,0.0000,0.0000,0,0.0000,0.0000,0.0000,0.0000,0.3600,IDLE,1,0,step_done_latches_cleared,0,0,0.000,0,nan,nan,nan,0.0000,0,5,0.6050,0.5566,0.1307,0.5566,0.0484,本圈台阶完成,1,0.0000,0.150,0.330
4313.548,ROUNDABOUT,5.231,1,2.742,0.0000,0.0000,first_lap_position,2.834,icn_entry_left,0.1900,0.3600,0,line_too_few_bands,0.0000,0.0000,0.0000,0.0000,0.0000,0,0.0000,0.0000,0.0000,0.0000,0.0000,IDLE,1,0,step_done_latches_cleared,0,0,0.000,0,nan,nan,nan,0.0000,0,5,0.6050,0.5566,0.1307,0.5566,0.0484,本圈台阶完成,1,0.0000,0.150,0.330
