t,phase,phase_age,lap,seek_distance,roundabout_gate_score,roundabout_gate_evidence,roundabout_gate_source,first_roundabout_gate_seek,roundabout_entry_age,roundabout_entry_disp,mode,cmd_v,cmd_w,line_valid,line_reason,line_error,near_error,mid_error,far_error,line_confidence,valid_bands,crosswalk_detected,crosswalk_score,yellow_detected,yellow_score,near_mid_delta,mid_far_delta,near_far_delta,center_error,last_cmd_w,step_state,step_done_this_lap,step_waiting_alignment,step_align_reason,step_fixed_latched,step_reverse_active,step_candidate_evidence,step_detected,step_distance,step_filtered_distance,step_height,step_confidence,step_confirm_frames,step_required_frames,step_target_travel,step_commanded_traveled,step_odom_traveled,step_trigger_traveled,step_remaining,step_stop_reason,odom_fresh,yaw_error,jump_profile_min,jump_profile_max
6812.560,SEEK_ROUNDABOUT,0.925,0,0.000,0.0000,0.0000,none,,,,camera_timeout,0.0000,0.0000,0,,nan,nan,nan,nan,0.0000,0,0,0.0000,0,0.0000,nan,nan,nan,nan,0.0000,IDLE,0,0,waiting_detection,0,0,0.000,0,nan,nan,nan,0.0000,0,5,0.0000,0.0000,0.0000,0.0000,0.0000,等待台阶,1,0.0000,0.150,0.330
6812.625,SEEK_ROUNDABOUT,0.991,0,0.000,0.0000,0.0000,none,,,,camera_timeout,0.0000,0.0000,0,,nan,nan,nan,nan,0.0000,0,0,0.0000,0,0.0000,nan,nan,nan,nan,0.0000,IDLE,0,0,waiting_detection,0,0,0.000,0,nan,nan,nan,0.0000,0,5,0.0000,0.0000,0.0000,0.0000,0.0000,等待台阶,1,0.0000,0.150,0.330
6812.693,SEEK_ROUNDABOUT,1.059,0,0.000,0.0000,0.0000,none,,,,camera_timeout,0.0000,0.0000,0,,nan,nan,nan,nan,0.0000,0,0,0.0000,0,0.0000,nan,nan,nan,nan,0.0000,IDLE,0,0,waiting_detection,0,0,0.000,0,nan,nan,nan,0.0000,0,5,0.0000,0.0000,0.0000,0.0000,0.0000,等待台阶,1,0.0000,0.150,0.330
6812.759,SEEK_ROUNDABOUT,1.124,0,0.000,0.0000,0.0000,none,,,,camera_timeout,0.0000,0.0000,0,,nan,nan,nan,nan,0.0000,0,0,0.0000,0,0.0000,nan,nan,nan,nan,0.0000,IDLE,0,0,waiting_detection,0,0,0.000,0,nan,nan,nan,0.0000,0,5,0.0000,0.0000,0.0000,0.0000,0.0000,等待台阶,1,0.0000,0.150,0.330
6812.826,SEEK_ROUNDABOUT,1.192,0,0.000,0.0000,0.0000,none,,,,camera_timeout,0.0000,0.0000,0,,nan,nan,nan,nan,0.0000,0,0,0.0000,0,0.0000,nan,nan,nan,nan,0.0000,IDLE,0,0,waiting_detection,0,0,0.000,0,nan,nan,nan,0.0000,0,5,0.0000,0.0000,0.0000,0.0000,0.0000,等待台阶,1,0.0000,0.150,0.330
6812.896,SEEK_ROUNDABOUT,1.261,0,0.000,0.0000,0.0000,none,,,,camera_timeout,0.0000,0.0000,0,,nan,nan,nan,nan,0.0000,0,0,0.0000,0,0.0000,nan,nan,nan,nan,0.0000,IDLE,0,0,waiting_detection,0,0,0.000,0,nan,nan,nan,0.0000,0,5,0.0000,0.0000,0.0000,0.0000,0.0000,等待台阶,1,0.0000,0.150,0.330
6812.959,SEEK_ROUNDABOUT,1.324,0,0.000,0.0000,0.0000,none,,,,camera_timeout,0.0000,0.0000,0,,nan,nan,nan,nan,0.0000,0,0,0.0000,0,0.0000,nan,nan,nan,nan,0.0000,IDLE,0,0,waiting_detection,0,0,0.000,0,nan,nan,nan,0.0000,0,5,0.0000,0.0000,0.0000,0.0000,0.0000,等待台阶,1,0.0000,0.150,0.330
6813.026,SEEK_ROUNDABOUT,1.391,0,0.000,0.0000,0.0000,none,,,,camera_timeout,0.0000,0.0000,0,,nan,nan,nan,nan,0.0000,0,0,0.0000,0,0.0000,nan,nan,nan,nan,0.0000,IDLE,0,0,waiting_detection,0,0,0.000,0,nan,nan,nan,0.0000,0,5,0.0000,0.0000,0.0000,0.0000,0.0000,等待台阶,1,0.0000,0.150,0.330
6813.093,SEEK_ROUNDABOUT,1.458,0,0.000,0.0000,0.0000,none,,,,camera_timeout,0.0000,0.0000,0,,nan,nan,nan,nan,0.0000,0,0,0.0000,0,0.0000,nan,nan,nan,nan,0.0000,IDLE,0,0,waiting_detection,0,0,0.000,0,nan,nan,nan,0.0000,0,5,0.0000,0.0000,0.0000,0.0000,0.0000,等待台阶,1,0.0000,0.150,0.330
6813.159,SEEK_ROUNDABOUT,1.525,0,0.000,0.0000,0.0000,none,,,,camera_timeout,0.0000,0.0000,0,,nan,nan,nan,nan,0.0000,0,0,0.0000,0,0.0000,nan,nan,nan,nan,0.0000,IDLE,0,0,waiting_detection,0,0,0.000,0,nan,nan,nan,0.0000,0,5,0.0000,0.0000,0.0000,0.0000,0.0000,等待台阶,1,0.0000,0.150,0.330
6813.226,SEEK_ROUNDABOUT,1.592,0,0.000,0.0000,0.0000,none,,,,camera_timeout,0.0000,0.0000,0,,nan,nan,nan,nan,0.0000,0,0,0.0000,0,0.0000,nan,nan,nan,nan,0.0000,IDLE,0,0,waiting_detection,0,0,0.000,0,nan,nan,nan,0.0000,0,5,0.0000,0.0000,0.0000,0.0000,0.0000,等待台阶,1,0.0000,0.150,0.330
6813.296,SEEK_ROUNDABOUT,1.661,0,0.000,0.0000,0.0000,none,,,,camera_timeout,0.0000,0.0000,0,,nan,nan,nan,nan,0.0000,0,0,0.0000,0,0.0000,nan,nan,nan,nan,0.0000,IDLE,0,0,waiting_detection,0,0,0.000,0,nan,nan,nan,0.0000,0,5,0.0000,0.0000,0.0000,0.0000,0.0000,等待台阶,1,0.0000,0.150,0.330
6813.359,SEEK_ROUNDABOUT,1.725,0,0.000,0.0000,0.0000,none,,,,camera_timeout,0.0000,0.0000,0,,nan,nan,nan,nan,0.0000,0,0,0.0000,0,0.0000,nan,nan,nan,nan,0.0000,IDLE,0,0,waiting_detection,0,0,0.000,0,nan,nan,nan,0.0000,0,5,0.0000,0.0000,0.0000,0.0000,0.0000,等待台阶,1,0.0000,0.150,0.330
6813.426,SEEK_ROUNDABOUT,1.792,0,0.000,0.0000,0.0000,none,,,,camera_timeout,0.0000,0.0000,0,,nan,nan,nan,nan,0.0000,0,0,0.0000,0,0.0000,nan,nan,nan,nan,0.0000,IDLE,0,0,waiting_detection,0,0,0.000,0,nan,nan,nan,0.0000,0,5,0.0000,0.0000,0.0000,0.0000,0.0000,等待台阶,1,0.0000,0.150,0.330
6813.496,SEEK_ROUNDABOUT,1.862,0,0.000,0.0000,0.0000,none,,,,camera_timeout,0.0000,0.0000,0,,nan,nan,nan,nan,0.0000,0,0,0.0000,0,0.0000,nan,nan,nan,nan,0.0000,IDLE,0,0,waiting_detection,0,0,0.000,0,nan,nan,nan,0.0000,0,5,0.0000,0.0000,0.0000,0.0000,0.0000,等待台阶,1,0.0000,0.150,0.330
6813.559,SEEK_ROUNDABOUT,1.925,0,0.000,0.0000,0.0000,none,,,,camera_timeout,0.0000,0.0000,0,,nan,nan,nan,nan,0.0000,0,0,0.0000,0,0.0000,nan,nan,nan,nan,0.0000,IDLE,0,0,waiting_detection,0,0,0.000,0,nan,nan,nan,0.0000,0,5,0.0000,0.0000,0.0000,0.0000,0.0000,等待台阶,1,0.0000,0.150,0.330
6813.626,SEEK_ROUNDABOUT,1.992,0,0.000,0.0000,0.0000,none,,,,camera_timeout,0.0000,0.0000,0,,nan,nan,nan,nan,0.0000,0,0,0.0000,0,0.0000,nan,nan,nan,nan,0.0000,IDLE,0,0,waiting_detection,0,0,0.000,0,nan,nan,nan,0.0000,0,5,0.0000,0.0000,0.0000,0.0000,0.0000,等待台阶,1,0.0000,0.150,0.330
6813.693,SEEK_ROUNDABOUT,2.058,0,0.000,0.0000,0.0000,none,,,,camera_timeout,0.0000,0.0000,0,,nan,nan,nan,nan,0.0000,0,0,0.0000,0,0.0000,nan,nan,nan,nan,0.0000,IDLE,0,0,waiting_detection,0,0,0.000,0,nan,nan,nan,0.0000,0,5,0.0000,0.0000,0.0000,0.0000,0.0000,等待台阶,1,0.0000,0.150,0.330
6813.759,SEEK_ROUNDABOUT,2.125,0,0.000,0.0000,0.0000,none,,,,camera_timeout,0.0000,0.0000,0,,nan,nan,nan,nan,0.0000,0,0,0.0000,0,0.0000,nan,nan,nan,nan,0.0000,IDLE,0,0,waiting_detection,0,0,0.000,0,nan,nan,nan,0.0000,0,5,0.0000,0.0000,0.0000,0.0000,0.0000,等待台阶,1,0.0000,0.150,0.330
6813.826,SEEK_ROUNDABOUT,2.191,0,0.000,0.0000,0.0000,none,,,,camera_timeout,0.0000,0.0000,0,,nan,nan,nan,nan,0.0000,0,0,0.0000,0,0.0000,nan,nan,nan,nan,0.0000,IDLE,0,0,waiting_detection,0,0,0.000,0,nan,nan,nan,0.0000,0,5,0.0000,0.0000,0.0000,0.0000,0.0000,等待台阶,1,0.0000,0.150,0.330
6813.896,SEEK_ROUNDABOUT,2.261,0,0.000,0.0000,0.0000,none,,,,camera_timeout,0.0000,0.0000,0,,nan,nan,nan,nan,0.0000,0,0,0.0000,0,0.0000,nan,nan,nan,nan,0.0000,IDLE,0,0,waiting_detection,0,0,0.000,0,nan,nan,nan,0.0000,0,5,0.0000,0.0000,0.0000,0.0000,0.0000,等待台阶,1,0.0000,0.150,0.330
6813.959,SEEK_ROUNDABOUT,2.325,0,0.000,0.0000,0.0000,none,,,,camera_timeout,0.0000,0.0000,0,,nan,nan,nan,nan,0.0000,0,0,0.0000,0,0.0000,nan,nan,nan,nan,0.0000,IDLE,0,0,waiting_detection,0,0,0.000,0,nan,nan,nan,0.0000,0,5,0.0000,0.0000,0.0000,0.0000,0.0000,等待台阶,1,0.0000,0.150,0.330
6814.026,SEEK_ROUNDABOUT,2.391,0,0.000,0.0000,0.0000,none,,,,camera_timeout,0.0000,0.0000,0,,nan,nan,nan,nan,0.0000,0,0,0.0000,0,0.0000,nan,nan,nan,nan,0.0000,IDLE,0,0,waiting_detection,0,0,0.000,0,nan,nan,nan,0.0000,0,5,0.0000,0.0000,0.0000,0.0000,0.0000,等待台阶,1,0.0000,0.150,0.330
6814.095,SEEK_ROUNDABOUT,0.000,0,0.000,0.0000,0.0000,none,,,,tracking,0.0507,-0.0929,1,line_curve_center_riding,0.0860,0.0893,0.0357,-0.2298,0.9503,8,0,0.0000,1,1.0000,0.0536,0.2655,0.3191,-0.0350,-0.0929,IDLE,0,0,step_zone_before_min seek=0.00<1.25,0,0,0.000,0,nan,nan,nan,0.0000,0,5,0.0000,0.0000,0.0000,0.0000,0.0000,等待台阶,1,0.0000,0.150,0.330
6814.237,SEEK_ROUNDABOUT,0.143,0,0.000,0.0000,0.0000,none,,,,tracking,0.1013,-0.0954,1,line_curve_center_riding,0.0903,0.0936,0.0395,-0.2299,0.9495,8,0,0.0000,1,1.0000,0.0541,0.2694,0.3235,-0.0323,-0.0954,IDLE,0,0,step_zone_before_min seek=0.00<1.25,0,0,0.000,0,nan,nan,nan,0.0000,0,5,0.0000,0.0000,0.0000,0.0000,0.0000,等待台阶,1,0.0000,0.150,0.330
6814.315,SEEK_ROUNDABOUT,0.221,0,0.000,0.0000,0.0000,none,,,,tracking,0.1310,-0.0986,1,line_curve_center_riding,0.0935,0.0968,0.0428,-0.2307,0.9486,8,0,0.0000,1,1.0000,0.0540,0.2735,0.3275,-0.0304,-0.0986,IDLE,0,0,step_zone_before_min seek=0.00<1.25,0,0,0.000,0,nan,nan,nan,0.0000,0,5,0.0000,0.0000,0.0000,0.0000,0.0000,等待台阶,1,0.0000,0.150,0.330
6814.409,SEEK_ROUNDABOUT,0.314,0,0.000,0.0000,0.0000,none,,,,tracking,0.1666,-0.1026,1,line_curve_center_riding,0.0984,0.1015,0.0485,-0.2358,0.9469,8,0,0.0000,1,1.0000,0.0531,0.2843,0.3373,-0.0286,-0.1026,IDLE,0,0,step_zone_before_min seek=0.00<1.25,0,0,0.000,0,nan,nan,nan,0.0000,0,5,0.0000,0.0000,0.0000,0.0000,0.0000,等待台阶,1,0.0000,0.150,0.330
6814.517,SEEK_ROUNDABOUT,0.422,0,0.001,0.0000,0.0000,none,,,,tracking,0.1700,-0.0998,1,line_curve_center_riding,0.0908,0.0940,0.0419,-0.2421,0.9468,8,0,0.0000,1,1.0000,0.0521,0.2840,0.3361,-0.0354,-0.0998,IDLE,0,0,step_zone_before_min seek=0.00<1.25,0,0,0.000,0,nan,nan,nan,0.0000,0,5,0.0000,0.0000,0.0000,0.0000,0.0000,等待台阶,1,0.0000,0.150,0.330
6814.847,SEEK_ROUNDABOUT,0.752,0,0.006,0.0000,0.0000,none,,,,tracking,0.1700,-0.0205,1,line_curve_center_riding,-0.0534,-0.0497,-0.1116,-0.2369,0.8905,7,0,0.0000,0,0.0043,0.0619,0.1252,0.1871,-0.1327,-0.0205,IDLE,0,0,step_zone_before_min seek=0.00<1.25,0,0,0.000,0,nan,nan,nan,0.0000,0,5,0.0000,0.0000,0.0000,0.0000,0.0000,等待台阶,1,0.0000,0.150,0.330
6815.055,SEEK_ROUNDABOUT,0.960,0,0.011,0.0000,0.0000,none,,,,tracking,0.2207,0.0439,1,line_center_tracking,-0.0993,-0.0828,-0.1417,-0.2441,0.8934,7,0,0.0000,0,0.0043,0.0589,0.1025,0.1614,-0.1562,0.0439,IDLE,0,0,step_zone_before_min seek=0.01<1.25,0,0,0.000,0,nan,nan,nan,0.0000,0,5,0.0000,0.0000,0.0000,0.0000,0.0000,等待台阶,1,0.0000,0.150,0.330
6815.232,SEEK_ROUNDABOUT,1.137,0,0.012,0.0000,0.0000,none,,,,tracking,0.2274,0.0877,1,line_center_tracking,-0.1221,-0.1059,-0.1638,-0.2664,0.8936,7,0,0.0000,0,0.0043,0.0579,0.1025,0.1604,-0.1787,0.0877,IDLE,0,0,step_zone_before_min seek=0.01<1.25,0,0,0.000,0,nan,nan,nan,0.0000,0,5,0.0000,0.0000,0.0000,0.0000,0.0000,等待台阶,1,0.0000,0.150,0.330
6815.400,SEEK_ROUNDABOUT,1.306,0,0.024,0.0000,0.0000,none,,,,tracking,0.1768,0.0737,1,line_curve_center_riding,-0.0602,-0.0571,-0.1087,-0.3157,0.9602,8,0,0.0000,0,0.0043,0.0516,0.2070,0.2587,-0.1605,0.0737,IDLE,0,0,step_zone_before_min seek=0.01<1.25,0,0,0.000,0,nan,nan,nan,0.0000,0,5,0.0000,0.0000,0.0000,0.0000,0.0000,等待台阶,1,0.0000,0.150,0.330
6815.567,SEEK_ROUNDABOUT,1.473,0,0.044,0.0000,0.0000,none,,,,tracking,0.1700,0.0634,1,line_curve_center_riding,-0.0495,-0.0463,-0.0988,-0.3192,0.9584,8,0,0.0000,0,0.0043,0.0524,0.2204,0.2729,-0.1548,0.0634,IDLE,0,0,step_zone_before_min seek=0.02<1.25,0,0,0.000,0,nan,nan,nan,0.0000,0,5,0.0000,0.0000,0.0000,0.0000,0.0000,等待台阶,1,0.0000,0.150,0.330
6815.727,SEEK_ROUNDABOUT,1.633,0,0.071,0.0000,0.0000,none,,,,tracking,0.1700,0.0416,1,line_curve_center_riding,-0.0199,-0.0165,-0.0719,-0.3367,0.9515,8,0,0.0000,0,0.0043,0.0553,0.2649,0.3202,-0.1417,0.0416,IDLE,0,0,step_zone_before_min seek=0.04<1.25,0,0,0.000,0,nan,nan,nan,0.0000,0,5,0.0000,0.0000,0.0000,0.0000,0.0000,等待台阶,1,0.0000,0.150,0.330
6815.879,SEEK_ROUNDABOUT,1.784,0,0.107,0.0000,0.0000,none,,,,tracking,0.1700,0.0063,1,line_curve_center_riding,0.0246,0.0286,-0.0381,-0.3711,0.9410,8,0,0.0000,0,0.0043,0.0667,0.3330,0.3997,-0.1268,0.0063,IDLE,0,0,step_zone_before_min seek=0.07<1.25,0,0,0.000,0,nan,nan,nan,0.0000,0,5,0.0000,0.0000,0.0000,0.0000,0.0000,等待台阶,1,0.0000,0.150,0.330
6816.030,SEEK_ROUNDABOUT,1.936,0,0.145,0.0000,0.0000,none,,,,tracking,0.1700,-0.0080,1,line_curve_center_riding,0.0220,0.0279,-0.0703,-0.3915,0.8673,7,0,0.0000,0,0.0086,0.0982,0.3211,0.4194,-0.1447,-0.0080,IDLE,0,0,step_zone_before_min seek=0.11<1.25,0,0,0.000,0,nan,nan,nan,0.0000,0,5,0.0000,0.0000,0.0000,0.0000,0.0000,等待台阶,1,0.0000,0.150,0.330
6816.169,SEEK_ROUNDABOUT,2.074,0,0.191,0.0000,0.0000,none,,,,tracking,0.1450,-0.0314,1,line_curve_center_riding,0.0492,0.0573,-0.0782,-0.5182,0.8510,7,0,0.0000,0,0.0043,0.1355,0.4399,0.5754,-0.1797,-0.0314,IDLE,0,0,step_zone_before_min seek=0.15<1.25,0,0,0.000,0,nan,nan,nan,0.0000,0,5,0.0000,0.0000,0.0000,0.0000,0.0000,等待台阶,1,0.0000,0.150,0.330
6816.332,SEEK_ROUNDABOUT,2.237,0,0.242,0.0000,0.0000,none,,,,tracking,0.1450,-0.0141,1,line_curve_center_riding,0.0011,0.0128,-0.1824,-0.4414,0.7657,6,0,0.0000,0,0.0043,0.1951,0.2591,0.4542,-0.2037,-0.0141,IDLE,0,0,step_zone_before_min seek=0.19<1.25,0,0,0.000,0,nan,nan,nan,0.0000,0,5,0.0000,0.0000,0.0000,0.0000,0.0000,等待台阶,1,0.0000,0.150,0.330
6816.482,SEEK_ROUNDABOUT,2.387,0,0.292,0.0000,0.0000,none,,,,tracking,0.1450,0.0026,1,line_curve_center_riding,-0.0171,0.0001,-0.2863,-0.6201,0.7460,6,0,0.0000,0,0.0000,0.2864,0.3338,0.6202,-0.3021,0.0026,IDLE,0,0,step_zone_before_min seek=0.24<1.25,0,0,0.000,0,nan,nan,nan,0.0000,0,5,0.0000,0.0000,0.0000,0.0000,0.0000,等待台阶,1,0.0000,0.150,0.330
6816.629,SEEK_ROUNDABOUT,2.535,0,0.338,0.0000,0.0000,none,,,,tracking,0.1700,0.1255,1,line_curve_center_riding,-0.2168,-0.2045,-0.4096,-0.4096,0.5992,4,0,0.0000,0,0.0043,0.2051,0.0000,0.2051,-0.3412,0.1255,IDLE,0,0,step_zone_before_min seek=0.29<1.25,0,0,0.000,0,nan,nan,nan,0.0000,0,5,0.0000,0.0000,0.0000,0.0000,0.0000,等待台阶,1,0.0000,0.150,0.330
6816.774,SEEK_ROUNDABOUT,2.680,0,0.401,0.0000,0.0000,none,,,,tracking,0.1700,0.2332,1,line_curve_center_riding,-0.3127,-0.2995,-0.5199,-0.5199,0.6002,4,0,0.0000,0,0.0043,0.2204,0.0000,0.2204,-0.4465,0.2332,IDLE,0,0,step_zone_before_min seek=0.34<1.25,0,0,0.000,0,nan,nan,nan,0.0000,0,5,0.0000,0.0000,0.0000,0.0000,0.0000,等待台阶,1,0.0000,0.150,0.330
6816.919,SEEK_ROUNDABOUT,2.825,0,0.459,0.0000,0.0000,none,,,,tracking,0.1450,0.2613,1,line_curve_center_riding,-0.2746,-0.2508,-0.6483,-0.6483,0.5532,4,0,0.0000,0,0.0129,0.3976,0.0000,0.3976,-0.5158,0.2613,IDLE,0,0,step_zone_before_min seek=0.40<1.25,0,0,0.000,0,nan,nan,nan,0.0000,0,5,0.0000,0.0000,0.0000,0.0000,0.0000,等待台阶,1,0.0000,0.150,0.330
6817.060,SEEK_ROUNDABOUT,2.965,0,0.506,0.0000,0.0000,none,,,,tracking,0.1478,0.3975,1,line_curve_center_riding,-0.4801,-0.4716,-0.6138,-0.6138,0.4916,3,0,0.0000,0,0.0043,0.1422,0.0000,0.1422,-0.5664,0.3975,IDLE,0,0,step_zone_before_min seek=0.46<1.25,0,0,0.000,0,nan,nan,nan,0.0000,0,5,0.0000,0.0000,0.0000,0.0000,0.0000,等待台阶,1,0.0000,0.150,0.330
6817.204,SEEK_ROUNDABOUT,3.109,0,0.545,0.0000,0.0000,none,,,,tracking,0.1234,0.4922,1,line_center_tracking,-0.5437,-0.5127,-0.6236,-0.6236,0.5141,3,0,0.0000,0,0.0602,0.1109,0.0000,0.1109,-0.5866,0.4922,IDLE,0,0,step_zone_before_min seek=0.51<1.25,0,0,0.000,0,1.3400,nan,0.0587,0.7507,1,5,0.0000,0.0000,0.0000,0.0000,0.0000,等待台阶,1,0.0000,0.150,0.330
6817.359,SEEK_ROUNDABOUT,3.265,0,0.587,0.0000,0.0000,none,,,,tracking,0.1196,0.5071,1,line_center_tracking,-0.4910,-0.4852,-0.5060,-0.5060,0.4164,2,0,0.0000,0,0.3266,0.0208,0.0000,0.0208,-0.4991,0.5071,IDLE,0,0,step_zone_before_min seek=0.55<1.25,0,0,0.000,0,nan,nan,nan,0.0000,0,5,0.0000,0.0000,0.0000,0.0000,0.0000,等待台阶,1,0.0000,0.150,0.330
6817.507,SEEK_ROUNDABOUT,3.412,0,0.612,0.0000,0.0000,none,,,,tracking,0.1276,0.4758,1,line_center_tracking,-0.4174,-0.4103,-0.4355,-0.4355,0.4042,2,0,0.0000,1,1.0000,0.0252,0.0000,0.0252,-0.4271,0.4758,IDLE,0,0,step_zone_before_min seek=0.59<1.25,0,0,0.000,0,nan,nan,nan,0.0000,0,5,0.0000,0.0000,0.0000,0.0000,0.0000,等待台阶,1,0.0000,0.150,0.330
6817.650,SEEK_ROUNDABOUT,3.555,0,0.637,0.0000,0.0000,none,,,,tracking,0.1450,0.3410,1,line_curve_center_riding,-0.2054,-0.1779,-0.6360,-0.6360,0.4198,3,0,0.0000,1,1.0000,0.4581,0.0000,0.4581,-0.4833,0.3410,IDLE,0,0,step_zone_before_min seek=0.61<1.25,0,0,0.000,0,nan,nan,nan,0.0000,0,5,0.0000,0.0000,0.0000,0.0000,0.0000,等待台阶,1,0.0000,0.150,0.330
6817.789,SEEK_ROUNDABOUT,3.694,0,0.664,0.0000,0.0000,none,,,,tracking,0.1798,0.2731,1,line_center_tracking,-0.1873,-0.1846,-0.1941,-0.1941,0.4481,2,0,0.0000,1,1.0000,0.0095,0.0000,0.0095,-0.1910,0.2731,IDLE,0,0,step_zone_before_min seek=0.64<1.25,0,0,0.000,0,nan,nan,nan,0.0000,0,5,0.0000,0.0000,0.0000,0.0000,0.0000,等待台阶,1,0.0000,0.150,0.330
6817.928,SEEK_ROUNDABOUT,3.833,0,0.682,0.0000,0.0000,none,,,,tracking,0.1450,0.1694,1,line_curve_center_riding,-0.0673,-0.0435,-0.4407,-0.4407,0.2706,2,0,0.0000,1,0.8587,0.3972,0.0000,0.3972,-0.3083,0.1694,IDLE,0,0,step_zone_before_min seek=0.66<1.25,0,0,0.000,0,nan,nan,nan,0.0000,0,5,0.0000,0.0000,0.0000,0.0000,0.0000,等待台阶,1,0.0000,0.150,0.330
6818.068,SEEK_ROUNDABOUT,3.974,0,0.698,0.0000,0.0000,none,,,,tracking,0.1450,0.0956,1,line_curve_center_riding,-0.0199,0.0024,-0.3685,-0.3685,0.2842,2,0,0.0000,0,0.3008,0.3709,0.0000,0.3709,-0.2449,0.0956,IDLE,0,0,step_zone_before_min seek=0.68<1.25,0,0,0.000,0,1.5400,nan,0.0494,0.8874,2,5,0.0000,0.0000,0.0000,0.0000,0.0000,等待台阶,1,0.0000,0.150,0.330
6818.215,SEEK_ROUNDABOUT,4.120,0,0.709,0.0000,0.0000,none,,,,tracking,0.1450,0.0145,1,line_recenter_transition,0.0592,0.0690,-0.4228,-0.4962,0.4257,3,0,0.0000,0,0.4004,0.4919,0.0733,0.5652,-0.2833,0.0145,IDLE,0,0,step_zone_before_min seek=0.70<1.25,0,0,0.000,0,nan,nan,nan,0.0000,0,5,0.0000,0.0000,0.0000,0.0000,0.0000,等待台阶,1,0.0000,0.150,0.330
6818.353,SEEK_ROUNDABOUT,4.259,0,0.712,0.0000,0.0000,none,,,,tracking,0.1450,-0.0329,1,line_recenter_transition,0.0756,0.0850,-0.3866,-0.4660,0.4388,3,0,0.0000,0,0.0473,0.4716,0.0794,0.5510,-0.2559,-0.0329,IDLE,0,0,step_zone_before_min seek=0.71<1.25,0,0,0.000,0,nan,nan,nan,0.0000,0,5,0.0000,0.0000,0.0000,0.0000,0.0000,等待台阶,1,0.0000,0.150,0.330
6818.503,SEEK_ROUNDABOUT,4.409,0,0.714,0.0000,0.0000,none,,,,tracking,0.1450,-0.0698,1,line_recenter_transition,0.0994,0.1091,-0.3778,-0.4545,0.4305,3,0,0.0000,0,0.0344,0.4869,0.0767,0.5636,-0.2411,-0.0698,IDLE,0,0,step_zone_before_min seek=0.71<1.25,0,0,0.000,0,nan,nan,nan,0.0000,0,5,0.0000,0.0000,0.0000,0.0000,0.0000,等待台阶,1,0.0000,0.150,0.330
6818.960,SEEK_ROUNDABOUT,4.866,0,0.720,0.0000,0.0000,none,,,,tracking,0.1450,-0.0846,1,line_recenter_transition,0.0962,0.1072,-0.4428,-0.5153,0.5328,4,0,0.0000,0,0.0688,0.5500,0.0725,0.6226,-0.2836,-0.0846,IDLE,0,0,step_zone_before_min seek=0.71<1.25,0,0,0.000,0,nan,nan,nan,0.0000,0,5,0.0000,0.0000,0.0000,0.0000,0.0000,等待台阶,1,0.0000,0.150,0.330
6819.098,SEEK_ROUNDABOUT,5.003,0,0.728,0.0000,0.0000,none,,,,tracking,0.1450,-0.0821,1,line_recenter_transition,0.0746,0.0865,-0.5049,-0.6092,0.5201,4,0,0.0000,0,0.0387,0.5913,0.1043,0.6956,-0.3425,-0.0821,IDLE,0,0,step_zone_before_min seek=0.72<1.25,0,0,0.000,0,nan,nan,nan,0.0000,0,5,0.0000,0.0000,0.0000,0.0000,0.0000,等待台阶,1,0.0000,0.150,0.330
6819.251,SEEK_ROUNDABOUT,5.156,0,0.740,0.0000,0.0000,none,,,,tracking,0.1450,-0.0079,1,line_curve_center_riding,-0.0532,-0.0302,-0.4134,-0.4134,0.4441,3,0,0.0000,0,0.0301,0.3832,0.0000,0.3832,-0.2857,-0.0079,IDLE,0,0,step_zone_before_min seek=0.73<1.25,0,0,0.000,0,nan,nan,nan,0.0000,0,5,0.0000,0.0000,0.0000,0.0000,0.0000,等待台阶,1,0.0000,0.150,0.330
6819.404,SEEK_ROUNDABOUT,5.310,0,0.755,0.0000,0.0000,none,,,,tracking,0.1450,0.0516,1,line_curve_center_riding,-0.1023,-0.0774,-0.4917,-0.4917,0.5454,4,0,0.0000,0,0.0301,0.4142,0.0000,0.4142,-0.3536,0.0516,IDLE,0,0,step_zone_before_min seek=0.74<1.25,0,0,0.000,0,nan,nan,nan,0.0000,0,5,0.0000,0.0000,0.0000,0.0000,0.0000,等待台阶,1,0.0000,0.150,0.330
6819.553,SEEK_ROUNDABOUT,5.458,0,0.771,0.0000,0.0000,none,,,,tracking,0.1450,0.1035,1,line_curve_center_riding,-0.1430,-0.1115,-0.6356,-0.6356,0.5280,4,0,0.0000,0,0.0172,0.5241,0.0000,0.5241,-0.4609,0.1035,IDLE,0,0,step_zone_before_min seek=0.75<1.25,0,0,0.000,0,nan,nan,nan,0.0000,0,5,0.0000,0.0000,0.0000,0.0000,0.0000,等待台阶,1,0.0000,0.150,0.330
6819.687,SEEK_ROUNDABOUT,5.592,0,0.791,0.0000,0.0000,none,,,,tracking,0.1700,0.2448,1,line_curve_center_riding,-0.3429,-0.3314,-0.5241,-0.5241,0.3257,2,0,0.0000,0,0.0215,0.1927,0.0000,0.1927,-0.4598,0.2448,IDLE,0,0,step_zone_before_min seek=0.77<1.25,0,0,0.000,0,nan,nan,nan,0.0000,0,5,0.0000,0.0000,0.0000,0.0000,0.0000,等待台阶,1,0.0000,0.150,0.330
6819.832,SEEK_ROUNDABOUT,5.737,0,0.813,0.0000,0.0000,none,,,,tracking,0.1700,0.2999,1,line_curve_center_riding,-0.3351,-0.3210,-0.5570,-0.5570,0.4608,3,0,0.0000,0,0.0258,0.2360,0.0000,0.2360,-0.4783,0.2999,IDLE,0,0,step_zone_before_min seek=0.79<1.25,0,0,0.000,0,nan,nan,nan,0.0000,0,5,0.0000,0.0000,0.0000,0.0000,0.0000,等待台阶,1,0.0000,0.150,0.330
6819.969,SEEK_ROUNDABOUT,5.874,0,0.836,0.0000,0.0000,none,,,,tracking,0.1459,0.4050,1,line_center_tracking,-0.4643,-0.4606,-0.4739,-0.4739,0.4377,2,0,0.0000,0,0.0988,0.0132,0.0000,0.0132,-0.4694,0.4050,IDLE,0,0,step_zone_before_min seek=0.81<1.25,0,0,0.000,0,nan,nan,nan,0.0000,0,5,0.0000,0.0000,0.0000,0.0000,0.0000,等待台阶,1,0.0000,0.150,0.330
6820.099,SEEK_ROUNDABOUT,6.004,0,0.855,0.0000,0.0000,none,,,,tracking,0.1416,0.4215,1,line_curve_center_riding,-0.4127,-0.3978,-0.6467,-0.6467,0.4453,3,0,0.0000,0,0.2149,0.2489,0.0000,0.2489,-0.5637,0.4215,IDLE,0,0,step_zone_before_min seek=0.84<1.25,0,0,0.000,0,nan,nan,nan,0.0000,0,5,0.0000,0.0000,0.0000,0.0000,0.0000,等待台阶,1,0.0000,0.150,0.330
6820.235,SEEK_ROUNDABOUT,6.141,0,0.890,0.0000,0.0000,none,,,,tracking,0.1418,0.4210,1,line_curve_center_riding,-0.3920,-0.3760,-0.6423,-0.6423,0.4346,3,0,0.0000,0,0.3524,0.2664,0.0000,0.2664,-0.5536,0.4210,IDLE,0,0,step_zone_before_min seek=0.85<1.25,0,0,0.000,0,nan,nan,nan,0.0000,0,5,0.0000,0.0000,0.0000,0.0000,0.0000,等待台阶,1,0.0000,0.150,0.330
6820.376,SEEK_ROUNDABOUT,6.281,0,0.916,0.0000,0.0000,none,,,,tracking,0.1376,0.4370,1,line_curve_center_riding,-0.4176,-0.4038,-0.6346,-0.6346,0.4475,3,0,0.0000,1,1.0000,0.2308,0.0000,0.2308,-0.5577,0.4370,IDLE,0,0,step_zone_before_min seek=0.89<1.25,0,0,0.000,0,nan,nan,nan,0.0000,0,5,0.0000,0.0000,0.0000,0.0000,0.0000,等待台阶,1,0.0000,0.150,0.330
6820.512,SEEK_ROUNDABOUT,6.418,0,0.946,0.0000,0.0000,none,,,,tracking,0.1351,0.4470,1,line_curve_center_riding,-0.4231,-0.4100,-0.6289,-0.6289,0.4610,3,0,0.0000,1,0.9274,0.2189,0.0000,0.2189,-0.5559,0.4470,IDLE,0,0,step_zone_before_min seek=0.92<1.25,0,0,0.000,0,nan,nan,nan,0.0000,0,5,0.0000,0.0000,0.0000,0.0000,0.0000,等待台阶,1,0.0000,0.150,0.330
6820.647,SEEK_ROUNDABOUT,6.553,0,0.974,0.0000,0.0000,none,,,,line_bridge_loss,0.0844,0.1788,0,line_too_few_bands,0.0000,0.0000,0.0000,0.0000,0.0000,0,0,0.0000,0,0.2621,0.0000,0.0000,0.0000,0.0000,0.1788,IDLE,0,0,step_zone_before_min seek=0.95<1.25,0,0,0.000,0,nan,nan,nan,0.0000,0,5,0.0000,0.0000,0.0000,0.0000,0.0000,等待台阶,1,0.0000,0.150,0.330
6820.777,SEEK_ROUNDABOUT,6.682,0,1.006,0.0000,0.0000,none,,,,line_bridge_loss,0.0352,0.1788,0,line_too_few_bands,0.0000,0.0000,0.0000,0.0000,0.0000,0,0,0.0000,0,0.3266,0.0000,0.0000,0.0000,0.0000,0.1788,IDLE,0,0,step_zone_before_min seek=0.97<1.25,0,0,0.000,0,nan,nan,nan,0.0000,0,5,0.0000,0.0000,0.0000,0.0000,0.0000,等待台阶,1,0.0000,0.150,0.330
6820.905,SEEK_ROUNDABOUT,6.810,0,1.006,0.0000,0.0000,none,,,,line_bridge_loss,0.0350,0.1788,0,line_too_few_bands,0.0000,0.0000,0.0000,0.0000,0.0000,0,0,0.4117,0,0.3524,0.0000,0.0000,0.0000,0.0000,0.1788,IDLE,0,0,step_zone_before_min seek=1.01<1.25,0,0,0.000,0,nan,nan,nan,0.0000,0,5,0.0000,0.0000,0.0000,0.0000,0.0000,等待台阶,1,0.0000,0.150,0.330
6821.037,SEEK_ROUNDABOUT,6.943,0,1.006,0.0000,0.0000,none,,,,line_loss_hold,0.0000,0.0000,0,line_too_few_bands,0.0000,0.0000,0.0000,0.0000,0.0000,0,0,0.0000,1,0.5008,0.0000,0.0000,0.0000,0.0000,0.0000,IDLE,0,0,step_zone_before_min seek=1.01<1.25,0,0,0.000,0,nan,nan,nan,0.0000,0,5,0.0000,0.0000,0.0000,0.0000,0.0000,等待台阶,1,0.0000,0.150,0.330
6821.204,SEEK_ROUNDABOUT,7.109,0,1.006,0.0000,0.0000,none,,,,tracking,0.0507,0.3333,1,line_curve_center_riding,-0.6747,-0.6657,-0.8158,-0.8158,0.4823,3,0,0.0000,1,1.0000,0.1502,0.0000,0.1502,-0.7658,0.3333,IDLE,0,0,step_zone_before_min seek=1.01<1.25,0,0,0.000,0,nan,nan,nan,0.0000,0,5,0.0000,0.0000,0.0000,0.0000,0.0000,等待台阶,1,0.0000,0.150,0.330
6821.343,SEEK_ROUNDABOUT,7.248,0,1.006,0.0000,0.0000,none,,,,tracking,0.0850,0.4200,1,line_edge_single_rescue,-0.8424,-0.8424,-0.8424,-0.8424,0.3100,1,0,0.0000,1,1.0000,0.0000,0.0000,0.0000,-0.8424,0.4200,IDLE,0,0,step_zone_before_min seek=1.01<1.25,0,0,0.000,0,nan,nan,nan,0.0000,0,5,0.0000,0.0000,0.0000,0.0000,0.0000,等待台阶,1,0.0000,0.150,0.330
6821.487,SEEK_ROUNDABOUT,7.392,0,1.030,0.0000,0.0000,none,,,,tracking,0.1000,0.7000,1,line_curve_center_riding,-0.7571,-0.7495,-0.8774,-0.8774,0.4900,3,0,0.0000,1,1.0000,0.1279,0.0000,0.1279,-0.8348,0.7000,IDLE,0,0,step_zone_before_min seek=1.01<1.25,0,0,0.000,0,nan,nan,nan,0.0000,0,5,0.0000,0.0000,0.0000,0.0000,0.0000,等待台阶,1,0.0000,0.150,0.330
6821.636,SEEK_ROUNDABOUT,7.541,0,1.050,0.0000,0.0000,none,,,,tracking,0.1000,0.7000,1,line_curve_center_riding,-0.6807,-0.6707,-0.8370,-0.8370,0.5145,3,0,0.0000,1,1.0000,0.1662,0.0000,0.1662,-0.7816,0.7000,IDLE,0,0,step_zone_before_min seek=1.03<1.25,0,0,0.000,0,nan,nan,nan,0.0000,0,5,0.0000,0.0000,0.0000,0.0000,0.0000,等待台阶,1,0.0000,0.150,0.330
6821.775,SEEK_ROUNDABOUT,7.680,0,1.065,0.0000,0.0000,none,,,,tracking,0.1000,0.6222,1,line_curve_center_riding,-0.4690,-0.4544,-0.6968,-0.7031,0.6838,5,0,0.0000,1,1.0000,0.2424,0.0062,0.2486,-0.6181,0.6222,IDLE,0,0,step_zone_before_min seek=1.05<1.25,0,0,0.000,0,nan,nan,nan,0.0000,0,5,0.0000,0.0000,0.0000,0.0000,0.0000,等待台阶,1,0.0000,0.150,0.330
6821.911,SEEK_ROUNDABOUT,7.816,0,1.076,0.0000,0.0000,none,,,,tracking,0.1399,0.4283,1,line_curve_center_riding,-0.2313,-0.2149,-0.4894,-0.5128,0.6792,5,0,0.0000,1,1.0000,0.2745,0.0234,0.2979,-0.4057,0.4283,IDLE,0,0,step_zone_before_min seek=1.06<1.25,0,0,1.000,0,0.9600,0.9600,0.0473,0.9213,3,5,0.0000,0.0000,0.0000,0.0000,0.0000,等待台阶,1,0.0000,0.150,0.330
6822.047,SEEK_ROUNDABOUT,7.952,0,1.076,0.0000,0.0000,none,,,,tracking,0.1700,0.2286,1,line_curve_center_riding,-0.0353,-0.0201,-0.2721,-0.3856,0.7696,6,0,0.0000,1,1.0000,0.2520,0.1134,0.3655,-0.2260,0.2286,IDLE,0,0,step_zone_before_min seek=1.08<1.25,0,0,2.000,1,0.9500,0.9550,0.0471,0.9344,7,5,0.0000,0.0000,0.0000,0.0000,0.0000,等待台阶,1,0.0000,0.150,0.330
6822.182,SEEK_ROUNDABOUT,8.087,0,1.088,0.0000,0.0000,none,,,,tracking,0.1700,0.0668,1,line_curve_center_riding,0.0853,0.0987,-0.1251,-0.2303,0.7763,6,0,0.0000,1,1.0000,0.2237,0.1053,0.3290,-0.0856,0.0668,IDLE,0,0,step_zone_before_min seek=1.08<1.25,0,0,3.000,1,0.9500,0.9500,0.0468,0.9301,10,5,0.0000,0.0000,0.0000,0.0000,0.0000,等待台阶,1,0.0000,0.150,0.330
6822.332,SEEK_ROUNDABOUT,8.237,0,1.101,0.0000,0.0000,none,,,,tracking,0.1450,-0.0849,1,line_curve_center_riding,0.2179,0.2298,0.0318,-0.2037,0.7719,6,0,0.0000,1,1.0000,0.1980,0.2355,0.4335,0.0193,-0.0849,IDLE,0,0,step_zone_before_min seek=1.09<1.25,0,0,4.000,1,0.9400,0.9500,0.0460,0.9194,14,5,0.0000,0.0000,0.0000,0.0000,0.0000,等待台阶,1,0.0000,0.150,0.330
6822.477,SEEK_ROUNDABOUT,8.382,0,1.115,0.0000,0.0000,none,,,,tracking,0.1700,-0.1691,1,line_curve_center_riding,0.2383,0.2498,0.0570,-0.1300,0.8693,7,0,0.0000,1,1.0000,0.1928,0.1870,0.3798,0.0590,-0.1691,IDLE,0,0,step_zone_before_min seek=1.10<1.25,0,0,5.000,1,0.9500,0.9500,0.0461,0.9198,18,5,0.0000,0.0000,0.0000,0.0000,0.0000,等待台阶,1,0.0000,0.150,0.330
6822.646,SEEK_ROUNDABOUT,8.551,0,1.126,0.0000,0.0000,none,,,,tracking,0.1700,-0.2144,1,line_curve_center_riding,0.2447,0.2568,0.0554,-0.1210,0.8687,7,0,0.0000,1,1.0000,0.2014,0.1764,0.3778,0.0638,-0.2144,IDLE,0,0,step_zone_before_min seek=1.12<1.25,0,0,6.000,1,0.9500,0.9500,0.0482,0.9466,22,5,0.0000,0.0000,0.0000,0.0000,0.0000,等待台阶,1,0.0000,0.150,0.330
6822.814,SEEK_ROUNDABOUT,8.719,0,1.131,0.0000,0.0000,none,,,,tracking,0.1700,-0.2213,1,line_curve_center_riding,0.2147,0.2270,0.0222,-0.1451,0.8691,7,0,0.0000,1,1.0000,0.2048,0.1674,0.3722,0.0347,-0.2213,IDLE,0,0,step_zone_before_min seek=1.13<1.25,0,0,6.000,1,0.9500,0.9500,0.0461,0.9205,26,5,0.0000,0.0000,0.0000,0.0000,0.0000,等待台阶,1,0.0000,0.150,0.330
6822.955,SEEK_ROUNDABOUT,8.861,0,1.132,0.0000,0.0000,none,,,,tracking,0.1700,-0.2158,1,line_curve_center_riding,0.1963,0.2102,-0.0206,-0.1836,0.8651,7,0,0.0000,1,1.0000,0.2308,0.1630,0.3937,0.0020,-0.2158,IDLE,0,0,step_zone_before_min seek=1.13<1.25,0,0,6.000,1,0.9600,0.9500,0.0468,0.9299,30,5,0.0000,0.0000,0.0000,0.0000,0.0000,等待台阶,1,0.0000,0.150,0.330
6823.096,SEEK_ROUNDABOUT,9.002,0,1.137,0.0000,0.0000,none,,,,tracking,0.1700,-0.1611,1,line_curve_center_riding,0.1050,0.1184,-0.1042,-0.2284,0.6811,5,0,0.0000,1,1.0000,0.2226,0.1242,0.3468,-0.0714,-0.1611,IDLE,0,0,step_zone_before_min seek=1.13<1.25,0,0,6.000,1,0.9600,0.9500,0.0466,0.9259,33,5,0.0000,0.0000,0.0000,0.0000,0.0000,等待台阶,1,0.0000,0.150,0.330
6823.259,SEEK_ROUNDABOUT,9.164,0,1.146,0.0000,0.0000,none,,,,tracking,0.1700,-0.0853,1,line_curve_center_riding,0.0117,0.0258,-0.2089,-0.3185,0.4901,3,0,0.0000,1,1.0000,0.2347,0.1096,0.3443,-0.1672,-0.0853,IDLE,0,0,step_zone_before_min seek=1.14<1.25,0,0,6.000,1,0.9700,0.9600,0.0457,0.9136,38,5,0.0000,0.0000,0.0000,0.0000,0.0000,等待台阶,1,0.0000,0.150,0.330
6823.411,SEEK_ROUNDABOUT,9.316,0,1.163,0.0000,0.0000,none,,,,tracking,0.1700,0.0227,1,line_curve_center_riding,-0.1150,-0.1019,-0.3203,-0.4338,0.6882,5,0,0.0000,1,1.0000,0.2184,0.1135,0.3319,-0.2853,0.0227,IDLE,0,0,step_zone_before_min seek=1.15<1.25,0,0,6.000,1,0.9400,0.9600,0.0456,0.9122,42,5,0.0000,0.0000,0.0000,0.0000,0.0000,等待台阶,1,0.0000,0.150,0.330
6823.547,SEEK_ROUNDABOUT,9.452,0,1.183,0.0000,0.0000,none,,,,tracking,0.1450,0.0619,1,line_curve_center_riding,-0.0974,-0.0832,-0.3201,-0.5735,0.8474,7,0,0.0000,1,1.0000,0.2369,0.2534,0.4903,-0.3256,0.0619,IDLE,0,0,step_zone_before_min seek=1.16<1.25,0,0,6.000,1,0.9300,0.9600,0.0466,0.9246,46,5,0.0000,0.0000,0.0000,0.0000,0.0000,等待台阶,1,0.0000,0.150,0.330
6823.691,SEEK_ROUNDABOUT,9.596,0,1.206,0.0000,0.0000,none,,,,tracking,0.1700,0.1686,1,line_curve_center_riding,-0.2462,-0.2339,-0.4382,-0.5828,0.7766,6,0,0.0000,1,1.0000,0.2043,0.1445,0.3488,-0.4183,0.1686,IDLE,0,0,step_zone_before_min seek=1.18<1.25,0,0,6.000,1,0.9300,0.9400,0.0466,0.9244,50,5,0.0000,0.0000,0.0000,0.0000,0.0000,等待台阶,1,0.0000,0.150,0.330
6823.826,SEEK_ROUNDABOUT,9.732,0,1.235,0.0000,0.0000,none,,,,tracking,0.1700,0.2218,1,line_curve_center_riding,-0.2567,-0.2442,-0.4533,-0.6593,0.7695,6,0,0.0000,1,1.0000,0.2091,0.2060,0.4151,-0.4523,0.2218,IDLE,0,0,step_zone_before_min seek=1.21<1.25,0,0,6.000,1,0.9200,0.9300,0.0467,0.9260,53,5,0.0000,0.0000,0.0000,0.0000,0.0000,等待台阶,1,0.0000,0.150,0.330
6823.961,SEEK_ROUNDABOUT,9.866,0,1.266,0.0000,0.0000,none,,,,tracking,0.1700,0.2952,1,line_curve_center_riding,-0.3369,-0.3252,-0.5209,-0.5503,0.6927,5,0,0.0000,1,1.0000,0.1957,0.0294,0.2251,-0.4654,0.2952,IDLE,0,0,step_zone_before_min seek=1.24<1.25,0,0,6.000,1,0.9000,0.9300,0.0457,0.9124,57,5,0.0000,0.0000,0.0000,0.0000,0.0000,等待台阶,1,0.0000,0.150,0.330
6824.110,SEEK_ROUNDABOUT,10.016,0,1.266,0.0000,0.0000,none,,,,step_align_heading/course_events_frozen,0.1193,0.3400,1,line_curve_center_riding,-0.4258,-0.4184,-0.5427,-0.5925,0.7991,6,0,0.0000,1,1.0000,0.1243,0.0498,0.1741,-0.5179,0.3400,IDLE,0,1,step_confirmed_slow_align d=0.920,0,0,6.000,1,0.8800,0.9200,0.0463,0.9208,61,5,0.0000,0.0000,0.0000,0.0000,0.0000,等待台阶,1,0.0000,0.150,0.330
6824.248,SEEK_ROUNDABOUT,10.153,0,1.266,0.2000,0.0000,none,,,,step_align_heading/course_events_frozen,0.0687,0.3400,1,line_center_tracking,-0.4348,-0.4040,-0.5140,-0.5282,0.8026,6,0,0.0000,1,1.0000,0.1100,0.0142,0.1242,-0.4820,0.3400,IDLE,0,1,step_confirmed_slow_align d=0.900,0,0,6.000,1,0.8500,0.9000,0.0464,0.9225,65,5,0.0000,0.0000,0.0000,0.0000,0.0000,等待台阶,1,0.0000,0.150,0.330
6824.390,SEEK_ROUNDABOUT,10.295,0,1.266,0.2000,0.0000,none,,,,step_align_heading/course_events_frozen,0.0450,0.2500,1,line_curve_center_riding,-0.3511,-0.3484,-0.3925,-0.2115,0.6971,5,0,0.0000,1,1.0000,0.0441,0.1810,0.1369,-0.3175,0.2500,IDLE,0,1,step_confirmed_slow_align d=0.880,0,0,6.000,1,0.8300,0.8800,0.0460,0.9167,69,5,0.0000,0.0000,0.0000,0.0000,0.0000,等待台阶,1,0.0000,0.150,0.330
6824.546,SEEK_ROUNDABOUT,10.452,0,1.266,0.0000,0.0000,none,,,,step_align_heading/course_events_frozen,0.0450,0.3049,1,line_center_tracking,-0.3430,-0.3256,-0.3876,-0.3933,0.7235,5,0,0.0000,1,1.0000,0.0619,0.0058,0.0677,-0.3688,0.3049,IDLE,0,1,step_confirmed_slow_align d=0.850,0,0,6.000,1,0.8000,0.8500,0.0471,0.9321,73,5,0.0000,0.0000,0.0000,0.0000,0.0000,等待台阶,1,0.0000,0.150,0.330
6824.716,SEEK_ROUNDABOUT,10.621,0,1.266,0.0000,0.0000,none,,,,step_align_line_lost_stop/course_events_frozen,0.0000,0.0000,0,line_too_few_bands,0.0000,0.0000,0.0000,0.0000,0.0000,1,0,0.0000,1,1.0000,0.0000,0.0000,0.0000,0.0000,0.0000,IDLE,0,1,step_confirmed_slow_align d=0.830,0,0,6.000,1,0.7650,0.8300,0.0482,0.9460,77,5,0.0000,0.0000,0.0000,0.0000,0.0000,等待台阶,1,0.0000,0.150,0.330
6824.869,SEEK_ROUNDABOUT,10.775,0,1.266,0.0000,0.0000,none,,,,step_align_line_lost_stop/course_events_frozen,0.0000,0.0000,0,line_too_few_bands,0.0000,0.0000,0.0000,0.0000,0.0000,0,0,0.0000,1,1.0000,0.0000,0.0000,0.0000,0.0000,0.0000,IDLE,0,1,step_confirmed_slow_align d=0.800,0,0,6.000,1,0.7300,0.8000,0.0476,0.9382,81,5,0.0000,0.0000,0.0000,0.0000,0.0000,等待台阶,1,0.0000,0.150,0.330
6825.003,SEEK_ROUNDABOUT,10.908,0,1.266,0.0000,0.0000,none,,,,step_align_line_lost_stop/course_events_frozen,0.0000,0.0000,0,line_too_few_bands,0.0000,0.0000,0.0000,0.0000,0.0000,0,0,0.0000,1,1.0000,0.0000,0.0000,0.0000,0.0000,0.0000,IDLE,0,1,step_confirmed_slow_align d=0.765,0,0,6.000,1,0.7000,0.7650,0.0482,0.9448,84,5,0.0000,0.0000,0.0000,0.0000,0.0000,等待台阶,1,0.0000,0.150,0.330
6825.138,SEEK_ROUNDABOUT,11.043,0,1.266,0.0000,0.0000,none,,,,step_align_line_lost_stop/course_events_frozen,0.0000,0.0000,0,line_too_few_bands,0.0000,0.0000,0.0000,0.0000,0.0000,0,0,0.0000,1,1.0000,0.0000,0.0000,0.0000,0.0000,0.0000,IDLE,0,1,step_confirmed_slow_align d=0.730,0,0,6.000,1,0.6700,0.7300,0.0459,0.9133,87,5,0.0000,0.0000,0.0000,0.0000,0.0000,等待台阶,1,0.0000,0.150,0.330
6825.275,SEEK_ROUNDABOUT,11.181,0,1.266,0.0000,0.0000,none,,,,step_align_line_lost_stop/course_events_frozen,0.0000,0.0000,0,line_too_few_bands,0.0000,0.0000,0.0000,0.0000,0.0000,0,0,0.0000,1,1.0000,0.0000,0.0000,0.0000,0.0000,0.0000,IDLE,0,1,step_confirmed_slow_align d=0.700,0,0,6.000,1,0.6500,0.7000,0.0451,0.9041,90,5,0.0000,0.0000,0.0000,0.0000,0.0000,等待台阶,1,0.0000,0.150,0.330
6825.406,SEEK_ROUNDABOUT,11.312,0,1.266,0.0000,0.0000,none,,,,step_align_line_lost_stop/course_events_frozen,0.0000,0.0000,0,line_too_few_bands,0.0000,0.0000,0.0000,0.0000,0.0000,0,0,0.0000,1,1.0000,0.0000,0.0000,0.0000,0.0000,0.0000,IDLE,0,1,step_confirmed_slow_align d=0.670,0,0,6.000,1,0.6300,0.6700,0.0454,0.9065,93,5,0.0000,0.0000,0.0000,0.0000,0.0000,等待台阶,1,0.0000,0.150,0.330
6825.539,SEEK_ROUNDABOUT,11.444,0,1.266,0.0000,0.0000,none,,,,step_align_line_lost_stop/course_events_frozen,0.0000,0.0000,0,line_too_few_bands,0.0000,0.0000,0.0000,0.0000,0.0000,0,0,0.0000,1,1.0000,0.0000,0.0000,0.0000,0.0000,0.0000,IDLE,0,1,step_confirmed_slow_align d=0.650,0,0,6.000,1,0.6100,0.6500,0.0469,0.9277,96,5,0.0000,0.0000,0.0000,0.0000,0.0000,等待台阶,1,0.0000,0.150,0.330
6825.688,SEEK_ROUNDABOUT,11.594,0,1.266,0.4000,0.0000,none,,,,step_align_line_lost_stop/course_events_frozen,0.0000,0.0000,0,line_too_few_bands,0.0000,0.0000,0.0000,0.0000,0.0000,0,0,0.0000,1,1.0000,0.0000,0.0000,0.0000,0.0000,0.0000,IDLE,0,1,step_confirmed_slow_align d=0.630,0,0,6.000,1,0.6000,0.6300,0.0474,0.9344,99,5,0.0000,0.0000,0.0000,0.0000,0.0000,等待台阶,1,0.0000,0.150,0.330
6825.817,SEEK_ROUNDABOUT,11.722,0,1.266,0.0000,0.0000,none,,,,step_align_line_lost_stop/course_events_frozen,0.0000,0.0000,0,line_too_few_bands,0.0000,0.0000,0.0000,0.0000,0.0000,0,0,0.0000,1,1.0000,0.0000,0.0000,0.0000,0.0000,0.0000,IDLE,0,1,step_confirmed_slow_align d=0.610,0,0,6.000,1,0.5800,0.6100,0.0454,0.9060,102,5,0.0000,0.0000,0.0000,0.0000,0.0000,等待台阶,1,0.0000,0.150,0.330
6825.949,SEEK_ROUNDABOUT,11.855,0,1.266,0.0000,0.0000,none,,,,step_align_line_lost_stop/course_events_frozen,0.0000,0.0000,0,line_too_few_bands,0.0000,0.0000,0.0000,0.0000,0.0000,0,0,0.0000,1,1.0000,0.0000,0.0000,0.0000,0.0000,0.0000,IDLE,0,1,step_confirmed_slow_align d=0.600,0,0,6.000,1,0.6000,0.6000,0.0467,0.9227,105,5,0.0000,0.0000,0.0000,0.0000,0.0000,等待台阶,1,0.0000,0.150,0.330
6826.083,SEEK_ROUNDABOUT,11.989,0,1.266,0.0000,0.0000,none,,,,step_align_line_lost_stop/course_events_frozen,0.0000,0.0000,0,line_too_few_bands,0.0000,0.0000,0.0000,0.0000,0.0000,0,0,0.0000,1,1.0000,0.0000,0.0000,0.0000,0.0000,0.0000,IDLE,0,1,step_confirmed_slow_align d=0.600,0,0,6.000,1,0.6000,0.6000,0.0460,0.9118,108,5,0.0000,0.0000,0.0000,0.0000,0.0000,等待台阶,1,0.0000,0.150,0.330
6826.214,SEEK_ROUNDABOUT,12.119,0,1.266,0.0000,0.0000,none,,,,step_align_line_lost_stop/course_events_frozen,0.0000,0.0000,0,line_too_few_bands,0.0000,0.0000,0.0000,0.0000,0.0000,0,0,0.0000,1,1.0000,0.0000,0.0000,0.0000,0.0000,0.0000,IDLE,0,1,step_confirmed_slow_align d=0.600,0,0,6.000,1,0.6000,0.6000,0.0474,0.9327,111,5,0.0000,0.0000,0.0000,0.0000,0.0000,等待台阶,1,0.0000,0.150,0.330
6826.356,SEEK_ROUNDABOUT,12.261,0,1.266,0.0000,0.0000,none,,,,tracking,0.0507,0.1786,1,line_curve_center_riding,-0.1654,-0.1756,-0.0050,0.1315,0.3580,2,0,0.0000,1,1.0000,0.1706,0.1365,0.3071,-0.0164,0.1786,IDLE,0,0,fixed_candidate_confirm 1/3,0,0,6.000,1,0.5900,0.6000,0.0468,0.9249,114,5,0.0000,0.0000,0.0000,0.0000,0.0000,等待台阶,1,0.0000,0.150,0.330
6826.494,SEEK_ROUNDABOUT,12.399,0,1.266,0.0000,0.0000,none,,,,step_align_line_lost_stop/course_events_frozen,0.0000,0.0000,0,line_too_few_bands,0.0000,0.0000,0.0000,0.0000,0.0000,0,0,0.0000,1,1.0000,0.0000,0.0000,0.0000,0.0000,0.0000,IDLE,0,1,step_confirmed_slow_align d=0.600,0,0,6.000,1,0.6000,0.6000,0.0460,0.9146,117,5,0.0000,0.0000,0.0000,0.0000,0.0000,等待台阶,1,0.0000,0.150,0.330
6826.636,SEEK_ROUNDABOUT,12.541,0,1.266,0.0000,0.0000,none,,,,tracking,0.0507,0.1889,1,line_center_tracking,-0.1842,-0.1681,-0.2257,-0.2257,0.6366,4,0,0.0000,1,1.0000,0.0576,0.0000,0.0576,-0.2065,0.1889,IDLE,0,0,fixed_candidate_confirm 2/3,0,0,6.000,1,0.6100,0.6000,0.0459,0.9139,120,5,0.0000,0.0000,0.0000,0.0000,0.0000,等待台阶,1,0.0000,0.150,0.330
6826.790,SEEK_ROUNDABOUT,12.695,0,1.266,0.0000,0.0000,none,,,,step_start_too_close_confirm_hold/course_events_frozen,0.0000,0.0000,1,line_center_tracking,-0.1441,-0.1373,-0.1618,-0.1618,0.4597,2,0,0.0000,1,1.0000,0.0245,0.0000,0.0245,-0.1536,0.0000,IDLE,0,1,fixed_start_too_close_confirm 1/3 filtered_d=0.600 raw_d=0.630,1,0,6.000,1,0.6300,0.6000,0.0450,0.9012,124,5,0.0000,0.0000,0.0000,0.0000,0.0000,等待台阶,1,0.0000,0.150,0.330
6826.939,SEEK_ROUNDABOUT,12.845,0,1.266,0.0000,0.0000,none,,,,step_start_too_close_confirm_hold/course_events_frozen,0.0000,0.0000,1,line_center_tracking,-0.0782,-0.0606,-0.1233,-0.1233,0.5462,3,0,0.0000,1,1.0000,0.0628,0.0000,0.0628,-0.1024,0.0000,IDLE,0,1,fixed_start_too_close_confirm 2/3 filtered_d=0.610 raw_d=0.685,1,0,6.000,1,0.6850,0.6100,0.0442,0.8888,127,5,0.0000,0.0000,0.0000,0.0000,0.0000,等待台阶,1,0.0000,0.150,0.330
6827.114,SEEK_ROUNDABOUT,13.020,0,1.266,0.0000,0.0000,none,,,,step_fixed_reverse_recovery/course_events_frozen,-0.0450,0.0000,1,line_center_tracking,-0.0484,-0.0254,-0.1076,-0.1076,0.5383,3,0,0.0000,1,1.0000,0.0822,0.0000,0.0822,-0.0802,0.0000,IDLE,0,1,fixed_reverse_start start_too_close_confirmed d=0.630,1,1,6.000,1,0.6800,0.6300,0.0454,0.9070,131,5,0.0000,0.0000,0.0000,0.0000,0.0000,等待台阶,1,0.0000,0.150,0.330
6827.260,SEEK_ROUNDABOUT,13.165,0,1.266,0.0000,0.0000,none,,,,step_fixed_reverse_recovery/course_events_frozen,-0.0450,-0.0192,1,line_center_tracking,-0.0459,-0.0366,-0.0700,-0.0700,0.5418,3,0,0.0000,1,1.0000,0.0334,0.0000,0.0334,-0.0588,-0.0192,IDLE,0,1,fixed_reverse_search back=0.013/0.105,1,1,6.000,1,0.7000,0.6800,0.0466,0.9235,134,5,0.0000,0.0000,0.0000,0.0000,0.0000,等待台阶,1,-0.0160,0.150,0.330
6827.396,SEEK_ROUNDABOUT,13.301,0,1.266,0.0000,0.0000,none,,,,step_fixed_reverse_recovery/course_events_frozen,-0.0450,-0.0206,1,line_curve_center_riding,-0.0171,-0.0091,-0.1414,-0.1856,0.6118,4,0,0.0000,1,1.0000,0.1323,0.0442,0.1765,-0.1121,-0.0206,IDLE,0,1,fixed_reverse_search back=0.022/0.105,1,1,6.000,1,0.7100,0.6850,0.0491,0.9580,137,5,0.0000,0.0000,0.0000,0.0000,0.0000,等待台阶,1,-0.0171,0.150,0.330
6827.543,SEEK_ROUNDABOUT,13.448,0,1.266,0.2000,0.0000,none,,,,step_fixed_reverse_recovery/course_events_frozen,-0.0450,-0.0198,1,line_center_tracking,-0.0905,-0.0859,-0.1023,-0.1322,0.8045,6,0,0.0000,1,1.0000,0.0164,0.0299,0.0463,-0.1068,-0.0198,IDLE,0,1,fixed_reverse_search back=0.027/0.105,1,1,6.000,1,0.7300,0.7000,0.0487,0.9537,141,5,0.0000,0.0000,0.0000,0.0000,0.0000,等待台阶,1,-0.0165,0.150,0.330
6827.704,SEEK_ROUNDABOUT,13.609,0,1.266,0.0000,0.0000,none,,,,step_fixed_reverse_recovery/course_events_frozen,-0.0450,-0.0215,1,line_center_tracking,-0.0649,-0.0407,-0.1270,-0.1341,0.6322,4,0,0.0000,1,1.0000,0.0862,0.0071,0.0933,-0.1006,-0.0215,IDLE,0,1,fixed_reverse_search back=0.027/0.105,1,1,6.000,1,0.7400,0.7100,0.0492,0.9596,144,5,0.0000,0.0000,0.0000,0.0000,0.0000,等待台阶,1,-0.0179,0.150,0.330
6827.860,SEEK_ROUNDABOUT,13.766,0,1.266,0.0000,0.0000,none,,,,step_fixed_reverse_recovery/course_events_frozen,-0.0450,-0.0187,0,line_too_few_bands,0.0000,0.0000,0.0000,0.0000,0.0000,1,0,0.0000,1,1.0000,0.0000,0.0000,0.0000,0.0000,-0.0187,IDLE,0,1,fixed_reverse_search back=0.024/0.105,1,1,6.000,1,0.7500,0.7300,0.0501,0.9695,148,5,0.0000,0.0000,0.0000,0.0000,0.0000,等待台阶,1,-0.0156,0.150,0.330
6827.994,SEEK_ROUNDABOUT,13.900,0,1.266,0.0000,0.0000,none,,,,step_align_slow/course_events_frozen,0.0057,0.1118,1,line_center_tracking,-0.0738,-0.0618,-0.1045,-0.1045,0.5470,3,0,0.0000,1,1.0000,0.0427,0.0000,0.0427,-0.0903,0.1118,IDLE,0,1,fixed_reverse_done depth d=0.740,1,0,6.000,1,0.7400,0.7400,0.0497,0.9657,151,5,0.0000,0.0000,0.0000,0.0000,0.0000,等待台阶,1,-0.0156,0.150,0.330
6828.129,SEEK_ROUNDABOUT,14.034,0,1.266,0.0000,0.0000,none,,,,step_align_slow/course_events_frozen,0.0300,0.1707,1,line_center_tracking,-0.0689,-0.0460,-0.1278,-0.1278,0.5373,3,0,0.0000,1,1.0000,0.0818,0.0000,0.0818,-0.1005,0.1707,IDLE,0,1,fixed_sprint_approach depth=0.740>0.715 center=-0.101 hd=0.082,1,0,6.000,1,0.7500,0.7400,0.0495,0.9639,154,5,0.0000,0.0000,0.0000,0.0000,0.0000,等待台阶,1,-0.0156,0.150,0.330
6828.268,SEEK_ROUNDABOUT,14.173,0,1.266,0.0000,0.0000,none,,,,step_align_slow/course_events_frozen,0.0300,0.2258,1,line_curve_center_riding,0.0028,0.0096,-0.1033,-0.2736,0.7885,6,0,0.0000,1,1.0000,0.1128,0.1704,0.2832,-0.1225,0.2258,IDLE,0,1,fixed_sprint_approach depth=0.740>0.715 center=-0.122 hd=0.113,1,0,6.000,1,0.7400,0.7400,0.0492,0.9594,157,5,0.0000,0.0000,0.0000,0.0000,0.0000,等待台阶,1,-0.0156,0.150,0.330
6828.364,SEEK_ROUNDABOUT,14.269,0,1.266,0.0000,0.0000,none,,,,step_align_slow/course_events_frozen,0.0300,0.2845,1,line_curve_center_riding,0.0662,0.0761,-0.0893,-0.2926,0.6917,5,0,0.0000,1,1.0000,0.1655,0.2032,0.3687,-0.1019,0.2845,IDLE,0,1,fixed_sprint_approach depth=0.740>0.715 center=-0.102 hd=0.165,1,0,6.000,1,0.7300,0.7400,0.0489,0.9550,159,5,0.0000,0.0000,0.0000,0.0000,0.0000,等待台阶,1,-0.0156,0.150,0.330
6828.506,SEEK_ROUNDABOUT,14.411,0,1.266,0.0000,0.0000,none,,,,step_align_slow/course_events_frozen,0.0300,0.0902,1,line_center_tracking,-0.0124,0.0023,-0.0501,-0.0501,0.5327,3,0,0.0000,1,1.0000,0.0523,0.0000,0.0523,-0.0326,0.0902,IDLE,0,1,fixed_sprint_approach depth=0.740>0.715 center=-0.033 hd=0.052,1,0,6.000,1,0.7400,0.7400,0.0497,0.9664,162,5,0.0000,0.0000,0.0000,0.0000,0.0000,等待台阶,1,-0.0156,0.150,0.330
6828.644,SEEK_ROUNDABOUT,14.550,0,1.266,0.0000,0.0000,none,,,,step_align_slow/course_events_frozen,0.0300,0.0405,1,line_center_tracking,0.0404,0.0518,0.0109,0.0109,0.6362,4,0,0.0000,1,1.0000,0.0409,0.0000,0.0409,0.0246,0.0405,IDLE,0,1,fixed_sprint_approach depth=0.740>0.715 center=+0.025 hd=0.041,1,0,6.000,1,0.7200,0.7400,0.0495,0.9633,165,5,0.0000,0.0000,0.0000,0.0000,0.0000,等待台阶,1,-0.0156,0.150,0.330
6828.779,SEEK_ROUNDABOUT,14.684,0,1.266,0.0000,0.0000,none,,,,step_align_creep/course_events_frozen,0.0150,0.0313,1,line_center_tracking,0.0690,0.0809,0.0382,0.0129,0.6382,4,0,0.0000,1,1.0000,0.0427,0.0253,0.0681,0.0440,0.0313,IDLE,0,1,fixed_sprint_approach depth=0.730>0.715 center=+0.044 hd=0.043,1,0,6.000,1,0.7200,0.7300,0.0498,0.9672,168,5,0.0000,0.0000,0.0000,0.0000,0.0000,等待台阶,1,-0.0156,0.150,0.330
6828.917,SEEK_ROUNDABOUT,14.823,0,1.266,0.0000,0.0000,none,,,,step_align_creep/course_events_frozen,0.0150,-0.0388,1,line_center_tracking,0.0650,0.0650,0.0649,0.0649,0.5537,3,0,0.0000,1,1.0000,0.0001,0.0000,0.0001,0.0649,-0.0388,IDLE,0,1,fixed_sprint_approach depth=0.720>0.715 center=+0.065 hd=0.000,1,0,6.000,1,0.7200,0.7200,0.0494,0.9624,171,5,0.0000,0.0000,0.0000,0.0000,0.0000,等待台阶,1,-0.0156,0.150,0.330
6829.066,SEEK_ROUNDABOUT,14.971,0,1.266,0.0000,0.0000,none,,,,step_align_creep/course_events_frozen,0.0150,-0.2656,1,line_curve_center_riding,0.1384,0.1333,0.2189,0.3984,0.7000,5,0,0.0000,1,1.0000,0.0856,0.1795,0.2651,0.2502,-0.2656,IDLE,0,1,fixed_sprint_approach depth=0.720>0.715 center=+0.250 hd=0.086,1,0,6.000,1,0.7000,0.7200,0.0485,0.9511,174,5,0.0000,0.0000,0.0000,0.0000,0.0000,等待台阶,1,-0.0156,0.150,0.330
6829.203,SEEK_ROUNDABOUT,15.108,0,1.266,0.2000,0.0000,none,,,,step_align_creep/course_events_frozen,0.0150,0.0677,1,line_curve_center_riding,0.2842,0.2945,0.1234,-0.2727,0.7606,6,0,0.0000,1,1.0000,0.1711,0.3960,0.5672,0.0484,0.0677,IDLE,0,1,fixed_sprint_approach depth=0.720>0.715 center=+0.048 hd=0.171,1,0,6.000,1,0.7000,0.7200,0.0483,0.9470,176,5,0.0000,0.0000,0.0000,0.0000,0.0000,等待台阶,1,-0.0156,0.150,0.330
6829.349,SEEK_ROUNDABOUT,15.254,0,1.266,0.4000,0.0000,none,,,,step_start_window_confirm_hold/course_events_frozen,0.0000,0.0000,1,line_center_tracking,0.0402,0.0490,0.0178,0.0178,0.6407,4,0,0.0000,1,1.0000,0.0312,0.0000,0.0312,0.0282,0.0000,IDLE,0,1,fixed_start_confirm 1/3 d=0.700,1,0,6.000,1,0.6900,0.7000,0.0477,0.9392,180,5,0.0000,0.0000,0.0000,0.0000,0.0000,等待台阶,1,-0.0156,0.150,0.330
6829.493,SEEK_ROUNDABOUT,15.398,0,1.266,0.2000,0.0000,none,,,,step_start_window_confirm_hold/course_events_frozen,0.0000,0.0000,1,line_curve_center_riding,0.2136,0.2292,-0.0295,-0.3769,0.7488,6,0,0.0000,1,1.0000,0.2586,0.3474,0.6060,-0.0591,0.0000,IDLE,0,1,fixed_start_confirm 2/3 d=0.700,1,0,6.000,1,0.6800,0.7000,0.0461,0.9145,183,5,0.0000,0.0000,0.0000,0.0000,0.0000,等待台阶,1,-0.0156,0.150,0.330
6829.635,SEEK_ROUNDABOUT,15.540,0,1.266,0.0000,0.0000,none,,,,step_approach_begin,0.0000,0.0000,0,,nan,nan,nan,nan,0.0000,0,0,0.0000,0,0.0000,nan,nan,nan,nan,0.0000,APPROACH,0,0,normalized_depth_start,1,0,6.000,1,0.6800,0.6900,0.0435,0.8773,185,5,0.6000,0.0000,0.0000,0.0000,0.6000,开始按已验证参数直行到起跳距离,1,0.0000,0.150,0.330
6829.944,SEEK_ROUNDABOUT,15.850,0,1.266,0.0000,0.0000,none,,,,step_approach_tested,0.5000,0.0000,0,,nan,nan,nan,nan,0.0000,0,0,0.0000,0,0.0000,nan,nan,nan,nan,0.0000,APPROACH,0,0,normalized_depth_start,1,0,6.000,1,0.6500,0.6800,0.0422,0.8593,192,5,0.6000,0.1000,0.0200,0.1000,0.5000,APPROACH 恒速前进 source=commanded cmd=0.100 odom=0.020 remaining=0.500,1,0.0000,0.150,0.330
6830.107,SEEK_ROUNDABOUT,16.013,0,1.266,0.0000,0.0000,none,,,,step_approach_tested,0.5000,0.0000,0,,nan,nan,nan,nan,0.0000,0,0,0.0000,0,0.0000,nan,nan,nan,nan,0.0000,APPROACH,0,0,normalized_depth_start,1,0,6.000,1,0.6500,0.6800,0.0436,0.8792,195,5,0.6000,0.1816,0.0268,0.1816,0.4184,APPROACH 恒速前进 source=commanded cmd=0.182 odom=0.027 remaining=0.418,1,0.0000,0.150,0.330
6830.261,SEEK_ROUNDABOUT,16.166,0,1.266,0.0000,0.0000,none,,,,step_approach_tested,0.5000,0.0000,0,,nan,nan,nan,nan,0.0000,0,0,0.0000,0,0.0000,nan,nan,nan,nan,0.0000,APPROACH,0,0,normalized_depth_start,1,0,6.000,1,0.6400,0.6500,0.0421,0.8576,199,5,0.6000,0.2584,0.0327,0.2584,0.3416,APPROACH 恒速前进 source=commanded cmd=0.258 odom=0.033 remaining=0.342,1,0.0000,0.150,0.330
6830.409,SEEK_ROUNDABOUT,16.315,0,1.266,0.0000,0.0000,none,,,,step_approach_tested,0.5000,0.0000,0,,nan,nan,nan,nan,0.0000,0,0,0.0000,0,0.0000,nan,nan,nan,nan,0.0000,APPROACH,0,0,normalized_depth_start,1,0,6.000,1,0.6300,0.6500,0.0402,0.8291,202,5,0.6000,0.3326,0.0316,0.3326,0.2674,APPROACH 恒速前进 source=commanded cmd=0.333 odom=0.032 remaining=0.267,1,0.0000,0.150,0.330
6830.567,SEEK_ROUNDABOUT,16.473,0,1.266,0.0000,0.0000,none,,,,step_approach_tested,0.5000,0.0000,0,,nan,nan,nan,nan,0.0000,0,0,0.0000,0,0.0000,nan,nan,nan,nan,0.0000,APPROACH,0,0,normalized_depth_start,1,0,6.000,1,0.6300,0.6400,0.0386,0.8052,205,5,0.6000,0.4116,0.0135,0.4116,0.1884,APPROACH 恒速前进 source=commanded cmd=0.412 odom=0.014 remaining=0.188,1,0.0000,0.150,0.330
6830.732,SEEK_ROUNDABOUT,16.638,0,1.266,0.0000,0.0000,none,,,,step_approach_tested,0.5000,0.0000,0,,nan,nan,nan,nan,0.0000,0,0,0.0000,0,0.0000,nan,nan,nan,nan,0.0000,APPROACH,0,0,normalized_depth_start,1,0,6.000,1,0.6200,0.6300,0.0421,0.8583,209,5,0.6000,0.4941,0.0121,0.4941,0.1059,APPROACH 恒速前进 source=commanded cmd=0.494 odom=0.012 remaining=0.106,1,0.0000,0.150,0.330
6830.898,SEEK_ROUNDABOUT,16.803,0,1.266,0.0000,0.0000,none,,,,step_wait_enter_to_jump,0.0000,0.0000,0,,nan,nan,nan,nan,0.0000,0,0,0.0000,0,0.0000,nan,nan,nan,nan,0.0000,JUMP_CONFIRM,0,0,normalized_depth_start,1,0,6.000,1,0.6100,0.6300,0.0426,0.8663,212,5,0.6000,0.5768,0.0501,0.5768,0.0232,到达起跳点，等待终端回车确认,1,0.0000,0.150,0.330
6831.050,SEEK_ROUNDABOUT,16.956,0,1.266,0.0000,0.0000,none,,,,step_wait_enter_to_jump,0.0000,0.0000,0,,nan,nan,nan,nan,0.0000,0,0,0.0000,0,0.0000,nan,nan,nan,nan,0.0000,JUMP_CONFIRM,0,0,normalized_depth_start,1,0,6.000,1,0.6000,0.6200,0.0450,0.8979,216,5,0.6000,0.5768,0.1009,0.5768,0.0232,JUMP_CONFIRM 等待终端回车,1,0.0000,0.150,0.330
6831.200,SEEK_ROUNDABOUT,17.105,0,1.266,0.0000,0.0000,none,,,,step_wait_enter_to_jump,0.0000,0.0000,0,,nan,nan,nan,nan,0.0000,0,0,0.0000,0,0.0000,nan,nan,nan,nan,0.0000,JUMP_CONFIRM,0,0,normalized_depth_start,1,0,6.000,1,0.5400,0.6100,0.0480,0.9407,223,5,0.6000,0.5768,0.1696,0.5768,0.0232,JUMP_CONFIRM 等待终端回车,1,0.0000,0.150,0.330
6831.349,SEEK_ROUNDABOUT,17.255,0,1.266,0.0000,0.0000,none,,,,step_wait_enter_to_jump,0.0000,0.0000,0,,nan,nan,nan,nan,0.0000,0,0,0.0000,0,0.0000,nan,nan,nan,nan,0.0000,JUMP_CONFIRM,0,0,normalized_depth_start,1,0,5.400,0,nan,0.6100,nan,0.0000,0,5,0.6000,0.5768,0.2613,0.5768,0.0232,JUMP_CONFIRM 等待终端回车,1,0.0000,0.150,0.330
6831.497,SEEK_ROUNDABOUT,17.403,0,1.266,0.0000,0.0000,none,,,,step_wait_enter_to_jump,0.0000,0.0000,0,,nan,nan,nan,nan,0.0000,0,0,0.0000,0,0.0000,nan,nan,nan,nan,0.0000,JUMP_CONFIRM,0,0,normalized_depth_start,1,0,4.800,0,nan,0.6050,nan,0.0000,0,5,0.6000,0.5768,0.3687,0.5768,0.0232,JUMP_CONFIRM 等待终端回车,1,0.0000,0.150,0.330
6831.642,SEEK_ROUNDABOUT,17.548,0,1.266,0.0000,0.0000,none,,,,step_wait_enter_to_jump,0.0000,0.0000,0,,nan,nan,nan,nan,0.0000,0,0,0.0000,0,0.0000,nan,nan,nan,nan,0.0000,JUMP_CONFIRM,0,0,normalized_depth_start,1,0,4.200,0,nan,0.6000,nan,0.0000,0,5,0.6000,0.5768,0.4671,0.5768,0.0232,JUMP_CONFIRM 等待终端回车,1,0.0000,0.150,0.330
6831.797,SEEK_ROUNDABOUT,17.702,0,1.266,0.0000,0.0000,none,,,,step_wait_enter_to_jump,0.0000,0.0000,0,,nan,nan,nan,nan,0.0000,0,0,0.0000,0,0.0000,nan,nan,nan,nan,0.0000,JUMP_CONFIRM,0,0,normalized_depth_start,1,0,3.600,0,nan,0.5700,nan,0.0000,0,5,0.6000,0.5768,0.5288,0.5768,0.0232,JUMP_CONFIRM 等待终端回车,1,0.0000,0.150,0.330
6831.936,SEEK_ROUNDABOUT,17.841,0,1.266,0.0000,0.0000,none,,,,step_wait_enter_to_jump,0.0000,0.0000,0,,nan,nan,nan,nan,0.0000,0,0,0.0000,0,0.0000,nan,nan,nan,nan,0.0000,JUMP_CONFIRM,0,0,normalized_depth_start,1,0,3.000,0,nan,0.5400,nan,0.0000,0,5,0.6000,0.5768,0.5542,0.5768,0.0232,JUMP_CONFIRM 等待终端回车,1,0.0000,0.150,0.330
6832.081,SEEK_ROUNDABOUT,17.987,0,1.266,0.0000,0.0000,none,,,,step_wait_enter_to_jump,0.0000,0.0000,0,,nan,nan,nan,nan,0.0000,0,0,0.0000,0,0.0000,nan,nan,nan,nan,0.0000,JUMP_CONFIRM,0,0,normalized_depth_start,1,0,4.000,0,1.0100,1.0100,0.0507,0.9266,3,5,0.6000,0.5768,0.5489,0.5768,0.0232,JUMP_CONFIRM 等待终端回车,1,0.0000,0.150,0.330
6832.227,SEEK_ROUNDABOUT,18.133,0,1.266,0.0000,0.0000,none,,,,step_wait_enter_to_jump,0.0000,0.0000,0,,nan,nan,nan,nan,0.0000,0,0,0.0000,0,0.0000,nan,nan,nan,nan,0.0000,JUMP_CONFIRM,0,0,normalized_depth_start,1,0,5.000,1,0.9400,0.9750,0.0503,0.9312,7,5,0.6000,0.5768,0.5421,0.5768,0.0232,JUMP_CONFIRM 等待终端回车,1,0.0000,0.150,0.330
6832.369,SEEK_ROUNDABOUT,18.275,0,1.266,0.0000,0.0000,none,,,,step_wait_enter_to_jump,0.0000,0.0000,0,,nan,nan,nan,nan,0.0000,0,0,0.0000,0,0.0000,nan,nan,nan,nan,0.0000,JUMP_CONFIRM,0,0,normalized_depth_start,1,0,6.000,1,0.9200,0.9400,0.0503,0.9306,11,5,0.6000,0.5768,0.5335,0.5768,0.0232,JUMP_CONFIRM 等待终端回车,1,0.0000,0.150,0.330
6832.522,SEEK_ROUNDABOUT,18.427,0,1.266,0.0000,0.0000,none,,,,step_wait_enter_to_jump,0.0000,0.0000,0,,nan,nan,nan,nan,0.0000,0,0,0.0000,0,0.0000,nan,nan,nan,nan,0.0000,JUMP_CONFIRM,0,0,normalized_depth_start,1,0,5.400,0,nan,0.9400,nan,0.0000,0,5,0.6000,0.5768,0.5213,0.5768,0.0232,JUMP_CONFIRM 等待终端回车,1,0.0000,0.150,0.330
6832.736,SEEK_ROUNDABOUT,18.642,0,1.266,0.0000,0.0000,none,,,,step_wait_enter_to_jump,0.0000,0.0000,0,,nan,nan,nan,nan,0.0000,0,0,0.0000,0,0.0000,nan,nan,nan,nan,0.0000,JUMP_CONFIRM,0,0,normalized_depth_start,1,0,4.800,0,nan,0.9400,nan,0.0000,0,5,0.6000,0.5768,0.5042,0.5768,0.0232,JUMP_CONFIRM 等待终端回车,1,0.0000,0.150,0.330
6832.808,SEEK_ROUNDABOUT,18.714,0,1.266,0.0000,0.0000,none,,,,step_wait_enter_to_jump,0.0000,0.0000,0,,nan,nan,nan,nan,0.0000,0,0,0.0000,0,0.0000,nan,nan,nan,nan,0.0000,JUMP_CONFIRM,0,0,normalized_depth_start,1,0,4.200,0,nan,0.9400,nan,0.0000,0,5,0.6000,0.5768,0.4962,0.5768,0.0232,JUMP_CONFIRM 等待终端回车,1,0.0000,0.150,0.330
6832.970,SEEK_ROUNDABOUT,18.876,0,1.266,0.0000,0.0000,none,,,,step_wait_enter_to_jump,0.0000,0.0000,0,,nan,nan,nan,nan,0.0000,0,0,0.0000,0,0.0000,nan,nan,nan,nan,0.0000,JUMP_CONFIRM,0,0,normalized_depth_start,1,0,3.600,0,nan,0.9300,nan,0.0000,0,5,0.6000,0.5768,0.4708,0.5768,0.0232,JUMP_CONFIRM 等待终端回车,1,0.0000,0.150,0.330
6833.104,SEEK_ROUNDABOUT,19.009,0,1.266,0.0000,0.0000,none,,,,step_wait_enter_to_jump,0.0000,0.0000,0,,nan,nan,nan,nan,0.0000,0,0,0.0000,0,0.0000,nan,nan,nan,nan,0.0000,JUMP_CONFIRM,0,0,normalized_depth_start,1,0,3.000,0,nan,0.9200,nan,0.0000,0,5,0.6000,0.5768,0.4441,0.5768,0.0232,JUMP_CONFIRM 等待终端回车,1,0.0000,0.150,0.330
6833.254,SEEK_ROUNDABOUT,19.159,0,1.266,0.0000,0.0000,none,,,,step_wait_enter_to_jump,0.0000,0.0000,0,,nan,nan,nan,nan,0.0000,0,0,0.0000,0,0.0000,nan,nan,nan,nan,0.0000,JUMP_CONFIRM,0,0,normalized_depth_start,1,0,2.400,0,nan,nan,nan,0.0000,0,5,0.6000,0.5768,0.4208,0.5768,0.0232,JUMP_CONFIRM 等待终端回车,1,0.0000,0.150,0.330
6833.388,SEEK_ROUNDABOUT,19.293,0,1.266,0.0000,0.0000,none,,,,step_wait_enter_to_jump,0.0000,0.0000,0,,nan,nan,nan,nan,0.0000,0,0,0.0000,0,0.0000,nan,nan,nan,nan,0.0000,JUMP_CONFIRM,0,0,normalized_depth_start,1,0,1.800,0,nan,nan,nan,0.0000,0,5,0.6000,0.5768,0.4025,0.5768,0.0232,JUMP_CONFIRM 等待终端回车,1,0.0000,0.150,0.330
6833.524,SEEK_ROUNDABOUT,19.429,0,1.266,0.0000,0.0000,none,,,,step_wait_enter_to_jump,0.0000,0.0000,0,,nan,nan,nan,nan,0.0000,0,0,0.0000,0,0.0000,nan,nan,nan,nan,0.0000,JUMP_CONFIRM,0,0,normalized_depth_start,1,0,1.200,0,nan,nan,nan,0.0000,0,5,0.6000,0.5768,0.3854,0.5768,0.0232,JUMP_CONFIRM 等待终端回车,1,0.0000,0.150,0.330
6833.658,SEEK_ROUNDABOUT,19.563,0,1.266,0.0000,0.0000,none,,,,step_wait_enter_to_jump,0.0000,0.0000,0,,nan,nan,nan,nan,0.0000,0,0,0.0000,0,0.0000,nan,nan,nan,nan,0.0000,JUMP_CONFIRM,0,0,normalized_depth_start,1,0,0.600,0,nan,nan,nan,0.0000,0,5,0.6000,0.5768,0.3713,0.5768,0.0232,JUMP_CONFIRM 等待终端回车,1,0.0000,0.150,0.330
6833.800,SEEK_ROUNDABOUT,19.705,0,1.266,0.0000,0.0000,none,,,,step_wait_enter_to_jump,0.0000,0.0000,0,,nan,nan,nan,nan,0.0000,0,0,0.0000,0,0.0000,nan,nan,nan,nan,0.0000,JUMP_CONFIRM,0,0,normalized_depth_start,1,0,0.000,0,nan,nan,nan,0.0000,0,5,0.6000,0.5768,0.3578,0.5768,0.0232,JUMP_CONFIRM 等待终端回车,1,0.0000,0.150,0.330
6833.941,SEEK_ROUNDABOUT,19.846,0,1.266,0.0000,0.0000,none,,,,step_wait_enter_to_jump,0.0000,0.0000,0,,nan,nan,nan,nan,0.0000,0,0,0.0000,0,0.0000,nan,nan,nan,nan,0.0000,JUMP_CONFIRM,0,0,normalized_depth_start,1,0,0.000,0,nan,nan,nan,0.0000,0,5,0.6000,0.5768,0.3472,0.5768,0.0232,JUMP_CONFIRM 等待终端回车,1,0.0000,0.150,0.330
6834.089,SEEK_ROUNDABOUT,19.994,0,1.266,0.0000,0.0000,none,,,,step_wait_enter_to_jump,0.0000,0.0000,0,,nan,nan,nan,nan,0.0000,0,0,0.0000,0,0.0000,nan,nan,nan,nan,0.0000,JUMP_CONFIRM,0,0,normalized_depth_start,1,0,0.000,0,nan,nan,nan,0.0000,0,5,0.6000,0.5768,0.3406,0.5768,0.0232,JUMP_CONFIRM 等待终端回车,1,0.0000,0.150,0.330
6834.230,SEEK_ROUNDABOUT,20.136,0,1.266,0.0000,0.0000,none,,,,step_wait_enter_to_jump,0.0000,0.0000,0,,nan,nan,nan,nan,0.0000,0,0,0.0000,0,0.0000,nan,nan,nan,nan,0.0000,JUMP_CONFIRM,0,0,normalized_depth_start,1,0,0.000,0,nan,nan,nan,0.0000,0,5,0.6000,0.5768,0.3346,0.5768,0.0232,JUMP_CONFIRM 等待终端回车,1,0.0000,0.150,0.330
6834.375,SEEK_ROUNDABOUT,20.280,0,1.266,0.0000,0.0000,none,,,,step_wait_enter_to_jump,0.0000,0.0000,0,,nan,nan,nan,nan,0.0000,0,0,0.0000,0,0.0000,nan,nan,nan,nan,0.0000,JUMP_CONFIRM,0,0,normalized_depth_start,1,0,0.000,0,nan,nan,nan,0.0000,0,5,0.6000,0.5768,0.3311,0.5768,0.0232,JUMP_CONFIRM 等待终端回车,1,0.0000,0.150,0.330
6834.515,SEEK_ROUNDABOUT,20.421,0,1.266,0.0000,0.0000,none,,,,step_jump_after_enter,0.5000,0.0000,0,,nan,nan,nan,nan,0.0000,0,0,0.0000,0,0.0000,nan,nan,nan,nan,0.0000,JUMP,0,0,normalized_depth_start,1,0,0.000,0,nan,nan,nan,0.0000,0,5,0.6000,0.5768,0.3290,0.5768,0.0232,JUMP 脉冲中,1,0.0000,0.150,0.330
6834.658,SEEK_ROUNDABOUT,20.564,0,1.266,0.0000,0.0000,none,,,,step_jump_pulse,0.5000,0.0000,0,,nan,nan,nan,nan,0.0000,0,0,0.0000,0,0.0000,nan,nan,nan,nan,0.0000,JUMP,0,0,normalized_depth_start,1,0,0.000,0,nan,nan,nan,0.0000,0,5,0.6000,0.5768,0.3290,0.5768,0.0232,JUMP 脉冲中,1,0.0000,0.150,0.330
6834.802,SEEK_ROUNDABOUT,20.708,0,1.266,0.0000,0.0000,none,,,,step_land_forward,0.3000,0.0000,0,,nan,nan,nan,nan,0.0000,0,0,0.0000,0,0.0000,nan,nan,nan,nan,0.0000,LAND,0,0,normalized_depth_start,1,0,0.000,0,nan,nan,nan,0.0000,0,5,0.6000,0.5768,0.3290,0.5768,0.0232,跳跃脉冲结束，落地继续前行,1,0.0000,0.150,0.330
6834.942,SEEK_ROUNDABOUT,20.847,0,1.266,0.0000,0.0000,none,,,,step_land_forward,0.3000,0.0000,0,,nan,nan,nan,nan,0.0000,0,0,0.0000,0,0.0000,nan,nan,nan,nan,0.0000,LAND,0,0,normalized_depth_start,1,0,0.000,0,nan,nan,nan,0.0000,0,5,0.6000,0.5768,0.3290,0.5768,0.0232,跳跃脉冲结束，落地继续前行,1,0.0000,0.150,0.330
6835.083,SEEK_ROUNDABOUT,20.988,0,1.266,0.0000,0.0000,none,,,,step_land_forward,0.3000,0.0000,0,,nan,nan,nan,nan,0.0000,0,0,0.0000,0,0.0000,nan,nan,nan,nan,0.0000,LAND,0,0,normalized_depth_start,1,0,0.000,0,nan,nan,nan,0.0000,0,5,0.6000,0.5768,0.3290,0.5768,0.0232,跳跃脉冲结束，落地继续前行,1,0.0000,0.150,0.330
6835.225,SEEK_ROUNDABOUT,21.130,0,1.266,0.0000,0.0000,none,,,,step_land_forward,0.3000,0.0000,0,,nan,nan,nan,nan,0.0000,0,0,0.0000,0,0.0000,nan,nan,nan,nan,0.0000,LAND,0,0,normalized_depth_start,1,0,0.000,0,nan,nan,nan,0.0000,0,5,0.6000,0.5768,0.3290,0.5768,0.0232,跳跃脉冲结束，落地继续前行,1,0.0000,0.150,0.330
6835.379,SEEK_ROUNDABOUT,21.284,0,1.266,0.0000,0.0000,none,,,,step_land_forward,0.3000,0.0000,0,,nan,nan,nan,nan,0.0000,0,0,0.0000,0,0.0000,nan,nan,nan,nan,0.0000,LAND,0,0,normalized_depth_start,1,0,0.000,0,nan,nan,nan,0.0000,0,5,0.6000,0.5768,0.3290,0.5768,0.0232,跳跃脉冲结束，落地继续前行,1,0.0000,0.150,0.330
6835.518,SEEK_ROUNDABOUT,21.423,0,1.266,0.0000,0.0000,none,,,,step_land_forward,0.3000,0.0000,0,,nan,nan,nan,nan,0.0000,0,0,0.0000,0,0.0000,nan,nan,nan,nan,0.0000,LAND,0,0,normalized_depth_start,1,0,0.000,0,nan,nan,nan,0.0000,0,5,0.6000,0.5768,0.3290,0.5768,0.0232,跳跃脉冲结束，落地继续前行,1,0.0000,0.150,0.330
6835.653,SEEK_ROUNDABOUT,21.559,0,1.266,0.0000,0.0000,none,,,,step_land_forward,0.3000,0.0000,0,,nan,nan,nan,nan,0.0000,0,0,0.0000,0,0.0000,nan,nan,nan,nan,0.0000,LAND,0,0,normalized_depth_start,1,0,0.000,0,nan,nan,nan,0.0000,0,5,0.6000,0.5768,0.3290,0.5768,0.0232,跳跃脉冲结束，落地继续前行,1,0.0000,0.150,0.330
6835.798,SEEK_ROUNDABOUT,21.703,0,1.266,0.0000,0.0000,none,,,,step_land_forward,0.3000,0.0000,0,,nan,nan,nan,nan,0.0000,0,0,0.0000,0,0.0000,nan,nan,nan,nan,0.0000,LAND,0,0,normalized_depth_start,1,0,0.000,0,nan,nan,nan,0.0000,0,5,0.6000,0.5768,0.3290,0.5768,0.0232,跳跃脉冲结束，落地继续前行,1,0.0000,0.150,0.330
6835.938,SEEK_ROUNDABOUT,21.843,0,1.266,0.0000,0.0000,none,,,,step_land_forward,0.3000,0.0000,0,,nan,nan,nan,nan,0.0000,0,0,0.0000,0,0.0000,nan,nan,nan,nan,0.0000,LAND,0,0,normalized_depth_start,1,0,0.000,0,nan,nan,nan,0.0000,0,5,0.6000,0.5768,0.3290,0.5768,0.0232,跳跃脉冲结束，落地继续前行,1,0.0000,0.150,0.330
6836.073,SEEK_ROUNDABOUT,21.978,0,1.266,0.0000,0.0000,none,,,,step_land_forward,0.3000,0.0000,0,,nan,nan,nan,nan,0.0000,0,0,0.0000,0,0.0000,nan,nan,nan,nan,0.0000,LAND,0,0,normalized_depth_start,1,0,0.000,0,nan,nan,nan,0.0000,0,5,0.6000,0.5768,0.3290,0.5768,0.0232,跳跃脉冲结束，落地继续前行,1,0.0000,0.150,0.330
6836.214,SEEK_ROUNDABOUT,22.119,0,1.266,0.0000,0.0000,none,,,,step_land_forward,0.3000,0.0000,0,,nan,nan,nan,nan,0.0000,0,0,0.0000,0,0.0000,nan,nan,nan,nan,0.0000,LAND,0,0,normalized_depth_start,1,0,0.000,0,nan,nan,nan,0.0000,0,5,0.6000,0.5768,0.3290,0.5768,0.0232,跳跃脉冲结束，落地继续前行,1,0.0000,0.150,0.330
6836.350,SEEK_ROUNDABOUT,22.256,0,1.266,0.0000,0.0000,none,,,,step_land_forward,0.3000,0.0000,0,,nan,nan,nan,nan,0.0000,0,0,0.0000,0,0.0000,nan,nan,nan,nan,0.0000,LAND,0,0,normalized_depth_start,1,0,0.000,0,nan,nan,nan,0.0000,0,5,0.6000,0.5768,0.3290,0.5768,0.0232,跳跃脉冲结束，落地继续前行,1,0.0000,0.150,0.330
6836.484,SEEK_ROUNDABOUT,22.389,0,1.266,0.0000,0.0000,none,,,,step_land_forward,0.3000,0.0000,0,,nan,nan,nan,nan,0.0000,0,0,0.0000,0,0.0000,nan,nan,nan,nan,0.0000,LAND,0,0,normalized_depth_start,1,0,0.000,0,nan,nan,nan,0.0000,0,5,0.6000,0.5768,0.3290,0.5768,0.0232,跳跃脉冲结束，落地继续前行,1,0.0000,0.150,0.330
6836.630,SEEK_ROUNDABOUT,22.536,0,1.266,0.0000,0.0000,none,,,,step_land_forward,0.3000,0.0000,0,,nan,nan,nan,nan,0.0000,0,0,0.0000,0,0.0000,nan,nan,nan,nan,0.0000,LAND,0,0,normalized_depth_start,1,0,0.000,0,nan,nan,nan,0.0000,0,5,0.6000,0.5768,0.3290,0.5768,0.0232,跳跃脉冲结束，落地继续前行,1,0.0000,0.150,0.330
6836.774,SEEK_ROUNDABOUT,22.680,0,1.266,0.0000,0.0000,none,,,,step_land_forward,0.3000,0.0000,0,,nan,nan,nan,nan,0.0000,0,0,0.0000,0,0.0000,nan,nan,nan,nan,0.0000,LAND,0,0,normalized_depth_start,1,0,0.000,0,nan,nan,nan,0.0000,0,5,0.6000,0.5768,0.3290,0.5768,0.0232,跳跃脉冲结束，落地继续前行,1,0.0000,0.150,0.330
6836.917,SEEK_ROUNDABOUT,22.822,0,1.266,0.0000,0.0000,none,,,,step_recover_stop,0.0000,0.0000,0,,nan,nan,nan,nan,0.0000,0,0,0.0000,0,0.0000,nan,nan,nan,nan,0.0000,RECOVER,0,0,normalized_depth_start,1,0,0.000,0,nan,nan,nan,0.0000,0,5,0.6000,0.5768,0.3290,0.5768,0.0232,落地前行结束，停车恢复,1,0.0000,0.150,0.330
6837.072,SEEK_ROUNDABOUT,22.977,0,1.266,0.0000,0.0000,none,,,,step_recover_stop,0.0000,0.0000,0,,nan,nan,nan,nan,0.0000,0,0,0.0000,0,0.0000,nan,nan,nan,nan,0.0000,RECOVER,0,0,normalized_depth_start,1,0,0.000,0,nan,nan,nan,0.0000,0,5,0.6000,0.5768,0.3290,0.5768,0.0232,落地前行结束，停车恢复,1,0.0000,0.150,0.330
6837.211,SEEK_ROUNDABOUT,23.117,0,1.266,0.0000,0.0000,none,,,,step_recover_stop,0.0000,0.0000,0,,nan,nan,nan,nan,0.0000,0,0,0.0000,0,0.0000,nan,nan,nan,nan,0.0000,RECOVER,0,0,normalized_depth_start,1,0,0.000,0,nan,nan,nan,0.0000,0,5,0.6000,0.5768,0.3290,0.5768,0.0232,落地前行结束，停车恢复,1,0.0000,0.150,0.330
6837.355,SEEK_ROUNDABOUT,23.260,0,1.266,0.0000,0.0000,none,,,,step_recover_stop,0.0000,0.0000,0,,nan,nan,nan,nan,0.0000,0,0,0.0000,0,0.0000,nan,nan,nan,nan,0.0000,RECOVER,0,0,normalized_depth_start,1,0,0.000,0,nan,nan,nan,0.0000,0,5,0.6000,0.5768,0.3290,0.5768,0.0232,落地前行结束，停车恢复,1,0.0000,0.150,0.330
6837.488,SEEK_ROUNDABOUT,23.394,0,1.266,0.0000,0.0000,none,,,,step_recover_stop,0.0000,0.0000,0,,nan,nan,nan,nan,0.0000,0,0,0.0000,0,0.0000,nan,nan,nan,nan,0.0000,RECOVER,0,0,normalized_depth_start,1,0,0.000,0,nan,nan,nan,0.0000,0,5,0.6000,0.5768,0.3290,0.5768,0.0232,落地前行结束，停车恢复,1,0.0000,0.150,0.330
6837.629,SEEK_ROUNDABOUT,23.535,0,1.266,0.0000,0.0000,none,,,,step_recover_stop,0.0000,0.0000,0,,nan,nan,nan,nan,0.0000,0,0,0.0000,0,0.0000,nan,nan,nan,nan,0.0000,RECOVER,0,0,normalized_depth_start,1,0,0.000,0,nan,nan,nan,0.0000,0,5,0.6000,0.5768,0.3290,0.5768,0.0232,落地前行结束，停车恢复,1,0.0000,0.150,0.330
6837.787,SEEK_ROUNDABOUT,23.692,0,1.266,0.0000,0.0000,none,,,,step_recover_stop,0.0000,0.0000,0,,nan,nan,nan,nan,0.0000,0,0,0.0000,0,0.0000,nan,nan,nan,nan,0.0000,RECOVER,0,0,normalized_depth_start,1,0,0.000,0,nan,nan,nan,0.0000,0,5,0.6000,0.5768,0.3290,0.5768,0.0232,落地前行结束，停车恢复,1,0.0000,0.150,0.330
6837.926,SEEK_ROUNDABOUT,23.832,0,1.266,0.0000,0.0000,none,,,,step_recover_stop,0.0000,0.0000,0,,nan,nan,nan,nan,0.0000,0,0,0.0000,0,0.0000,nan,nan,nan,nan,0.0000,RECOVER,0,0,normalized_depth_start,1,0,0.000,0,nan,nan,nan,0.0000,0,5,0.6000,0.5768,0.3290,0.5768,0.0232,落地前行结束，停车恢复,1,0.0000,0.150,0.330
6838.076,SEEK_ROUNDABOUT,23.981,0,1.266,0.0000,0.0000,none,,,,step_recover_stop,0.0000,0.0000,0,,nan,nan,nan,nan,0.0000,0,0,0.0000,0,0.0000,nan,nan,nan,nan,0.0000,RECOVER,0,0,normalized_depth_start,1,0,0.000,0,nan,nan,nan,0.0000,0,5,0.6000,0.5768,0.3290,0.5768,0.0232,落地前行结束，停车恢复,1,0.0000,0.150,0.330
6838.218,SEEK_ROUNDABOUT,24.124,0,1.266,0.0000,0.0000,none,,,,step_recover_stop,0.0000,0.0000,0,,nan,nan,nan,nan,0.0000,0,0,0.0000,0,0.0000,nan,nan,nan,nan,0.0000,RECOVER,0,0,normalized_depth_start,1,0,0.000,0,nan,nan,nan,0.0000,0,5,0.6000,0.5768,0.3290,0.5768,0.0232,落地前行结束，停车恢复,1,0.0000,0.150,0.330
6838.364,SEEK_ROUNDABOUT,24.269,0,1.266,0.0000,0.0000,none,,,,step_recover_stop,0.0000,0.0000,0,,nan,nan,nan,nan,0.0000,0,0,0.0000,0,0.0000,nan,nan,nan,nan,0.0000,RECOVER,0,0,normalized_depth_start,1,0,0.000,0,nan,nan,nan,0.0000,0,5,0.6000,0.5768,0.3290,0.5768,0.0232,落地前行结束，停车恢复,1,0.0000,0.150,0.330
6838.501,SEEK_ROUNDABOUT,24.407,0,1.266,0.0000,0.0000,none,,,,step_recover_stop,0.0000,0.0000,0,,nan,nan,nan,nan,0.0000,0,0,0.0000,0,0.0000,nan,nan,nan,nan,0.0000,RECOVER,0,0,normalized_depth_start,1,0,0.000,0,nan,nan,nan,0.0000,0,5,0.6000,0.5768,0.3290,0.5768,0.0232,落地前行结束，停车恢复,1,0.0000,0.150,0.330
6838.639,SEEK_ROUNDABOUT,24.545,0,1.266,0.0000,0.0000,none,,,,step_recover_stop,0.0000,0.0000,0,,nan,nan,nan,nan,0.0000,0,0,0.0000,0,0.0000,nan,nan,nan,nan,0.0000,RECOVER,0,0,normalized_depth_start,1,0,0.000,0,nan,nan,nan,0.0000,0,5,0.6000,0.5768,0.3290,0.5768,0.0232,落地前行结束，停车恢复,1,0.0000,0.150,0.330
6838.782,SEEK_ROUNDABOUT,24.687,0,1.266,0.0000,0.0000,none,,,,step_recover_stop,0.0000,0.0000,0,,nan,nan,nan,nan,0.0000,0,0,0.0000,0,0.0000,nan,nan,nan,nan,0.0000,RECOVER,0,0,normalized_depth_start,1,0,0.000,0,nan,nan,nan,0.0000,0,5,0.6000,0.5768,0.3290,0.5768,0.0232,落地前行结束，停车恢复,1,0.0000,0.150,0.330
6838.921,SEEK_ROUNDABOUT,24.826,0,1.266,0.0000,0.0000,none,,,,step_recover_stop,0.0000,0.0000,0,,nan,nan,nan,nan,0.0000,0,0,0.0000,0,0.0000,nan,nan,nan,nan,0.0000,RECOVER,0,0,normalized_depth_start,1,0,0.000,0,nan,nan,nan,0.0000,0,5,0.6000,0.5768,0.3290,0.5768,0.0232,落地前行结束，停车恢复,1,0.0000,0.150,0.330
6839.064,SEEK_ROUNDABOUT,24.969,0,1.266,0.0000,0.0000,none,,,,step_recover_stop,0.0000,0.0000,0,,nan,nan,nan,nan,0.0000,0,0,0.0000,0,0.0000,nan,nan,nan,nan,0.0000,RECOVER,0,0,normalized_depth_start,1,0,0.000,0,nan,nan,nan,0.0000,0,5,0.6000,0.5768,0.3290,0.5768,0.0232,落地前行结束，停车恢复,1,0.0000,0.150,0.330
6839.203,SEEK_ROUNDABOUT,25.108,0,1.266,0.0000,0.0000,none,,,,step_recover_stop,0.0000,0.0000,0,,nan,nan,nan,nan,0.0000,0,0,0.0000,0,0.0000,nan,nan,nan,nan,0.0000,RECOVER,0,0,normalized_depth_start,1,0,0.000,0,nan,nan,nan,0.0000,0,5,0.6000,0.5768,0.3290,0.5768,0.0232,落地前行结束，停车恢复,1,0.0000,0.150,0.330
6839.343,SEEK_ROUNDABOUT,25.248,0,1.266,0.0000,0.0000,none,,,,step_recover_stop,0.0000,0.0000,0,,nan,nan,nan,nan,0.0000,0,0,0.0000,0,0.0000,nan,nan,nan,nan,0.0000,RECOVER,0,0,normalized_depth_start,1,0,0.000,0,nan,nan,nan,0.0000,0,5,0.6000,0.5768,0.3290,0.5768,0.0232,落地前行结束，停车恢复,1,0.0000,0.150,0.330
6839.496,SEEK_ROUNDABOUT,25.401,0,1.266,0.0000,0.0000,none,,,,step_recover_stop,0.0000,0.0000,0,,nan,nan,nan,nan,0.0000,0,0,0.0000,0,0.0000,nan,nan,nan,nan,0.0000,RECOVER,0,0,normalized_depth_start,1,0,0.000,0,nan,nan,nan,0.0000,0,5,0.6000,0.5768,0.3290,0.5768,0.0232,落地前行结束，停车恢复,1,0.0000,0.150,0.330
6839.639,SEEK_ROUNDABOUT,25.545,0,1.266,0.0000,0.0000,none,,,,step_recover_stop,0.0000,0.0000,0,,nan,nan,nan,nan,0.0000,0,0,0.0000,0,0.0000,nan,nan,nan,nan,0.0000,RECOVER,0,0,normalized_depth_start,1,0,0.000,0,nan,nan,nan,0.0000,0,5,0.6000,0.5768,0.3290,0.5768,0.0232,落地前行结束，停车恢复,1,0.0000,0.150,0.330
6839.784,SEEK_ROUNDABOUT,25.689,0,1.266,0.0000,0.0000,none,,,,step_recover_stop,0.0000,0.0000,0,,nan,nan,nan,nan,0.0000,0,0,0.0000,0,0.0000,nan,nan,nan,nan,0.0000,RECOVER,0,0,normalized_depth_start,1,0,0.000,0,nan,nan,nan,0.0000,0,5,0.6000,0.5768,0.3290,0.5768,0.0232,落地前行结束，停车恢复,1,0.0000,0.150,0.330
6839.931,SEEK_ROUNDABOUT,25.837,0,1.266,0.0000,0.0000,none,,,,step_resume_tracking,0.0000,0.0000,0,,nan,nan,nan,nan,0.0000,0,0,0.0000,0,0.0000,nan,nan,nan,nan,0.0000,IDLE,1,0,step_done_latches_cleared,0,0,0.000,0,nan,nan,nan,0.0000,0,5,0.6000,0.5768,0.3290,0.5768,0.0232,本圈台阶完成,1,0.0000,0.150,0.330
6840.071,SEEK_ROUNDABOUT,25.976,0,1.266,0.0000,0.0000,none,,,,tracking,0.0507,0.1608,1,line_center_tracking,-0.1489,-0.1611,-0.1175,-0.2469,0.7837,6,0,0.0000,0,0.0000,0.0436,0.1294,0.0858,-0.1752,0.1608,IDLE,1,0,step_done_latches_cleared,0,0,0.000,0,nan,nan,nan,0.0000,0,5,0.6000,0.5768,0.3290,0.5768,0.0232,本圈台阶完成,1,0.0000,0.150,0.330
6840.211,SEEK_ROUNDABOUT,26.117,0,1.266,0.0000,0.0000,none,,,,tracking,0.1013,0.1649,1,line_center_tracking,-0.1560,-0.1491,-0.1738,-0.1900,0.8989,7,0,0.0000,0,0.0000,0.0247,0.0162,0.0409,-0.1709,0.1649,IDLE,1,0,step_done_latches_cleared,0,0,0.000,0,nan,nan,nan,0.0000,0,5,0.6000,0.5768,0.3290,0.5768,0.0232,本圈台阶完成,1,0.0000,0.150,0.330
6840.344,SEEK_ROUNDABOUT,26.250,0,1.266,0.0000,0.0000,none,,,,tracking,0.1519,0.1700,1,line_center_tracking,-0.1618,-0.1564,-0.1758,-0.1771,0.9049,7,0,0.0000,0,0.0000,0.0194,0.0014,0.0208,-0.1698,0.1700,IDLE,1,0,step_done_latches_cleared,0,0,0.000,0,nan,nan,nan,0.0000,0,5,0.6000,0.5768,0.3290,0.5768,0.0232,本圈台阶完成,1,0.0000,0.150,0.330
6840.475,SEEK_ROUNDABOUT,26.380,0,1.267,0.0000,0.0000,none,,,,tracking,0.2014,0.1702,1,line_center_tracking,-0.1583,-0.1558,-0.1647,-0.1821,0.8192,6,0,0.0000,0,0.0000,0.0089,0.0175,0.0264,-0.1675,0.1702,IDLE,1,0,step_done_latches_cleared,0,0,0.000,0,nan,nan,nan,0.0000,0,5,0.6000,0.5768,0.3290,0.5768,0.0232,本圈台阶完成,1,0.0000,0.150,0.330
6840.613,SEEK_ROUNDABOUT,26.519,0,1.267,0.0000,0.0000,none,,,,tracking,0.2109,0.1521,1,line_center_tracking,-0.1265,-0.1264,-0.1268,-0.1348,0.9103,7,0,0.0000,0,0.0000,0.0004,0.0079,0.0084,-0.1294,0.1521,IDLE,1,0,step_done_latches_cleared,0,0,0.000,0,nan,nan,nan,0.0000,0,5,0.6000,0.5768,0.3290,0.5768,0.0232,本圈台阶完成,1,0.0000,0.150,0.330
6840.745,SEEK_ROUNDABOUT,26.650,0,1.269,0.0000,0.0000,none,,,,tracking,0.2210,0.1127,1,line_center_tracking,-0.0718,-0.0746,-0.0646,-0.1341,0.9845,8,0,0.0000,0,0.0000,0.0100,0.0695,0.0595,-0.0911,0.1127,IDLE,1,0,step_done_latches_cleared,0,0,0.000,0,nan,nan,nan,0.0000,0,5,0.6000,0.5768,0.3290,0.5768,0.0232,本圈台阶完成,1,0.0000,0.150,0.330
6840.880,SEEK_ROUNDABOUT,26.786,0,1.273,0.0000,0.0000,none,,,,tracking,0.2317,0.0711,1,line_center_tracking,-0.0293,-0.0328,-0.0202,-0.0418,0.9923,8,0,0.0000,0,0.0000,0.0126,0.0216,0.0090,-0.0316,0.0711,IDLE,1,0,step_done_latches_cleared,0,0,0.000,0,nan,nan,nan,0.0000,0,5,0.6000,0.5768,0.3290,0.5768,0.0232,本圈台阶完成,1,0.0000,0.150,0.330
6841.015,SEEK_ROUNDABOUT,26.920,0,1.278,0.0000,0.0000,none,,,,tracking,0.2421,0.0306,1,line_center_tracking,0.0078,0.0038,0.0178,0.0118,0.9942,8,0,0.0000,0,0.0000,0.0140,0.0060,0.0080,0.0112,0.0306,IDLE,1,0,step_done_latches_cleared,0,0,0.000,0,nan,nan,nan,0.0000,0,5,0.6000,0.5768,0.3290,0.5768,0.0232,本圈台阶完成,1,0.0000,0.150,0.330
6841.168,SEEK_ROUNDABOUT,27.073,0,1.279,0.0000,0.0000,none,,,,tracking,0.2435,-0.0052,1,line_center_tracking,0.0380,0.0336,0.0495,0.0474,0.9948,8,0,0.0000,0,0.0000,0.0159,0.0021,0.0138,0.0435,-0.0052,IDLE,1,0,step_done_latches_cleared,0,0,0.000,0,nan,nan,nan,0.0000,0,5,0.6000,0.5768,0.3290,0.5768,0.0232,本圈台阶完成,1,0.0000,0.150,0.330
6841.301,SEEK_ROUNDABOUT,27.206,0,1.286,0.0000,0.0000,none,,,,tracking,0.2384,-0.0383,1,line_center_tracking,0.0647,0.0598,0.0772,0.0711,0.9934,8,0,0.0000,0,0.0000,0.0174,0.0061,0.0113,0.0694,-0.0383,IDLE,1,0,step_done_latches_cleared,0,0,0.000,0,nan,nan,nan,0.0000,0,5,0.6000,0.5768,0.3290,0.5768,0.0232,本圈台阶完成,1,0.0000,0.150,0.330
6841.468,SEEK_ROUNDABOUT,27.373,0,1.310,0.0000,0.0000,none,,,,tracking,0.2340,-0.0621,1,line_center_tracking,0.0807,0.0758,0.0931,0.0765,0.9922,8,0,0.0000,0,0.0000,0.0173,0.0166,0.0006,0.0818,-0.0621,IDLE,1,0,step_done_latches_cleared,0,0,0.000,0,nan,nan,nan,0.0000,0,5,0.6000,0.5768,0.3290,0.5768,0.0232,本圈台阶完成,1,0.0000,0.150,0.330
6841.582,SEEK_ROUNDABOUT,27.488,0,1.334,0.0000,0.0000,none,,,,tracking,0.2286,-0.0833,1,line_center_tracking,0.0951,0.0917,0.1039,0.0709,0.9906,8,0,0.0000,0,0.0000,0.0122,0.0329,0.0207,0.0888,-0.0833,IDLE,1,0,step_done_latches_cleared,0,0,0.000,0,nan,nan,nan,0.0000,0,5,0.6000,0.5768,0.3290,0.5768,0.0232,本圈台阶完成,1,0.0000,0.150,0.330
6841.737,SEEK_ROUNDABOUT,27.643,0,1.371,0.0000,0.0000,none,,,,tracking,0.2254,-0.0958,1,line_center_tracking,0.1013,0.0992,0.1067,0.0997,0.9086,7,0,0.0000,0,0.0000,0.0075,0.0069,0.0005,0.1019,-0.0958,IDLE,1,0,step_done_latches_cleared,0,0,0.000,0,nan,nan,nan,0.0000,0,5,0.6000,0.5768,0.3290,0.5768,0.0232,本圈台阶完成,1,0.0000,0.150,0.330
6841.875,SEEK_ROUNDABOUT,27.780,0,1.411,0.0000,0.0000,none,,,,tracking,0.2204,-0.1150,1,line_center_tracking,0.1230,0.1229,0.1232,0.0841,0.9060,7,0,0.0000,0,0.0000,0.0004,0.0392,0.0388,0.1101,-0.1150,IDLE,1,0,step_done_latches_cleared,0,0,0.000,0,nan,nan,nan,0.0000,0,5,0.6000,0.5768,0.3290,0.5768,0.0232,本圈台阶完成,1,0.0000,0.150,0.330
6842.007,SEEK_ROUNDABOUT,27.912,0,1.446,0.0000,0.0000,none,,,,tracking,0.2125,-0.1458,1,line_center_tracking,0.1610,0.1598,0.1641,0.0224,0.9742,8,0,0.0000,0,0.0000,0.0043,0.1417,0.1374,0.1154,-0.1458,IDLE,1,0,step_done_latches_cleared,0,0,0.000,0,nan,nan,nan,0.0000,0,5,0.6000,0.5768,0.3290,0.5768,0.0232,本圈台阶完成,1,0.0000,0.150,0.330
6842.140,SEEK_ROUNDABOUT,28.045,0,1.496,0.0000,0.0000,none,,,,tracking,0.1700,-0.0981,1,line_curve_center_riding,0.0561,0.0568,0.0450,-0.1537,0.9659,8,0,0.0000,0,0.0000,0.0118,0.1987,0.2105,-0.0173,-0.0981,IDLE,1,0,step_done_latches_cleared,0,0,0.000,0,nan,nan,nan,0.0000,0,5,0.6000,0.5768,0.3290,0.5768,0.0232,本圈台阶完成,1,0.0000,0.150,0.330
6842.287,SEEK_ROUNDABOUT,28.192,0,1.574,0.0000,0.0000,none,,,,tracking,0.1700,-0.0563,1,line_curve_center_riding,0.0145,0.0163,-0.0131,-0.2923,0.9516,8,0,0.0000,0,0.0000,0.0294,0.2792,0.3086,-0.0964,-0.0563,IDLE,1,0,step_done_latches_cleared,0,0,0.000,0,nan,nan,nan,0.0000,0,5,0.6000,0.5768,0.3290,0.5768,0.0232,本圈台阶完成,1,0.0000,0.150,0.330
6842.386,SEEK_ROUNDABOUT,28.292,0,1.620,0.0000,0.0000,none,,,,tracking,0.1700,-0.0204,1,line_curve_center_riding,-0.0107,-0.0077,-0.0575,-0.4050,0.8601,7,0,0.0000,0,0.0000,0.0498,0.3476,0.3973,-0.1567,-0.0204,IDLE,1,0,step_done_latches_cleared,0,0,0.000,0,nan,nan,nan,0.0000,0,5,0.6000,0.5768,0.3290,0.5768,0.0232,本圈台阶完成,1,0.0000,0.150,0.330
6842.527,SEEK_ROUNDABOUT,28.433,0,1.679,0.0000,0.0000,none,,,,tracking,0.1700,0.0031,1,line_curve_center_riding,-0.0263,-0.0222,-0.0907,-0.3692,0.8756,7,0,0.0000,0,0.0000,0.0685,0.2785,0.3470,-0.1607,0.0031,IDLE,1,0,step_done_latches_cleared,0,0,0.000,0,nan,nan,nan,0.0000,0,5,0.6000,0.5768,0.3290,0.5768,0.0232,本圈台阶完成,1,0.0000,0.150,0.330
6842.668,SEEK_ROUNDABOUT,28.573,0,1.723,0.0000,0.0000,none,,,,tracking,0.1450,0.0143,1,line_curve_center_riding,-0.0247,-0.0186,-0.1211,-0.5038,0.8604,7,0,0.0000,0,0.0000,0.1025,0.3827,0.4853,-0.2145,0.0143,IDLE,1,0,step_done_latches_cleared,0,0,0.000,0,nan,nan,nan,0.0000,0,5,0.6000,0.5768,0.3290,0.5768,0.0232,本圈台阶完成,1,0.0000,0.150,0.330
6842.795,SEEK_ROUNDABOUT,28.700,0,1.770,0.0000,0.0000,none,,,,tracking,0.1700,0.0252,1,line_curve_center_riding,-0.0330,-0.0259,-0.1446,-0.3019,0.7912,6,0,0.0000,0,0.0000,0.1188,0.1573,0.2761,-0.1575,0.0252,IDLE,1,0,step_done_latches_cleared,0,0,0.000,0,nan,nan,nan,0.0000,0,5,0.6000,0.5768,0.3290,0.5768,0.0232,本圈台阶完成,1,0.0000,0.150,0.330
6842.926,SEEK_ROUNDABOUT,28.832,0,1.814,0.0000,0.0000,none,,,,tracking,0.1450,0.0290,1,line_curve_center_riding,-0.0310,-0.0212,-0.1834,-0.6951,0.8414,7,0,0.0000,0,0.0000,0.1621,0.5118,0.6739,-0.2999,0.0290,IDLE,1,0,step_done_latches_cleared,0,0,0.000,0,nan,nan,nan,0.0000,0,5,0.6000,0.5768,0.3290,0.5768,0.0232,本圈台阶完成,1,0.0000,0.150,0.330
6843.053,SEEK_ROUNDABOUT,28.959,0,1.848,0.0000,0.0000,none,,,,tracking,0.1700,0.0319,1,line_curve_center_riding,-0.0323,-0.0209,-0.2119,-0.4053,0.7750,6,0,0.0000,0,0.0000,0.1910,0.1934,0.3844,-0.2127,0.0319,IDLE,1,0,step_done_latches_cleared,0,0,0.000,0,nan,nan,nan,0.0000,0,5,0.6000,0.5768,0.3290,0.5768,0.0232,本圈台阶完成,1,0.0000,0.150,0.330
6843.188,SEEK_ROUNDABOUT,29.093,0,1.880,0.0000,0.0000,none,,,,tracking,0.1450,0.0332,1,line_curve_center_riding,-0.0321,-0.0189,-0.2385,-0.4792,0.7674,6,0,0.0000,0,0.0043,0.2196,0.2407,0.4603,-0.2455,0.0332,IDLE,1,0,step_done_latches_cleared,0,0,0.000,0,nan,nan,nan,0.0000,0,5,0.6000,0.5768,0.3290,0.5768,0.0232,本圈台阶完成,1,0.0000,0.150,0.330
6843.343,SEEK_ROUNDABOUT,29.248,0,1.905,0.0000,0.0000,none,,,,tracking,0.1450,0.0375,1,line_curve_center_riding,-0.0384,-0.0240,-0.2629,-0.5393,0.7605,6,0,0.0000,0,0.0043,0.2389,0.2764,0.5153,-0.2754,0.0375,IDLE,1,0,step_done_latches_cleared,0,0,0.000,0,nan,nan,nan,0.0000,0,5,0.6000,0.5768,0.3290,0.5768,0.0232,本圈台阶完成,1,0.0000,0.150,0.330
6843.491,SEEK_ROUNDABOUT,29.397,0,1.928,0.0000,0.0000,none,,,,tracking,0.1700,0.0437,1,line_curve_center_riding,-0.0458,-0.0323,-0.2576,-0.3107,0.6928,5,0,0.0000,0,0.0000,0.2253,0.0531,0.2784,-0.2002,0.0437,IDLE,1,0,step_done_latches_cleared,0,0,0.000,0,nan,nan,nan,0.0000,0,5,0.6000,0.5768,0.3290,0.5768,0.0232,本圈台阶完成,1,0.0000,0.150,0.330
6843.620,SEEK_ROUNDABOUT,29.526,0,1.946,0.0000,0.0000,none,,,,tracking,0.1450,0.0427,1,line_curve_center_riding,-0.0393,-0.0247,-0.2676,-0.5160,0.7627,6,0,0.0000,0,0.0000,0.2429,0.2483,0.4913,-0.2694,0.0427,IDLE,1,0,step_done_latches_cleared,0,0,0.000,0,nan,nan,nan,0.0000,0,5,0.6000,0.5768,0.3290,0.5768,0.0232,本圈台阶完成,1,0.0000,0.150,0.330
6843.750,SEEK_ROUNDABOUT,29.655,0,1.960,0.0000,0.0000,none,,,,tracking,0.1450,0.0405,1,line_curve_center_riding,-0.0357,-0.0210,-0.2665,-0.5279,0.7616,6,0,0.0000,0,0.0000,0.2455,0.2614,0.5069,-0.2718,0.0405,IDLE,1,0,step_done_latches_cleared,0,0,0.000,0,nan,nan,nan,0.0000,0,5,0.6000,0.5768,0.3290,0.5768,0.0232,本圈台阶完成,1,0.0000,0.150,0.330
6843.905,SEEK_ROUNDABOUT,29.811,0,1.969,0.0000,0.0000,none,,,,tracking,0.1450,0.0383,1,line_curve_center_riding,-0.0335,-0.0181,-0.2732,-0.5549,0.7577,6,0,0.0000,0,0.0000,0.2551,0.2817,0.5367,-0.2821,0.0383,IDLE,1,0,step_done_latches_cleared,0,0,0.000,0,nan,nan,nan,0.0000,0,5,0.6000,0.5768,0.3290,0.5768,0.0232,本圈台阶完成,1,0.0000,0.150,0.330
6844.041,SEEK_ROUNDABOUT,29.946,0,1.973,0.0000,0.0000,none,,,,tracking,0.1450,0.0223,1,line_curve_center_riding,-0.0078,0.0078,-0.2511,-0.5218,0.7569,6,0,0.0000,0,0.0000,0.2589,0.2707,0.5296,-0.2551,0.0223,IDLE,1,0,step_done_latches_cleared,0,0,0.000,0,nan,nan,nan,0.0000,0,5,0.6000,0.5768,0.3290,0.5768,0.0232,本圈台阶完成,1,0.0000,0.150,0.330
6844.192,SEEK_ROUNDABOUT,30.097,0,1.975,0.0000,0.0000,none,,,,tracking,0.1450,0.0169,1,line_curve_center_riding,-0.0098,0.0048,-0.2388,-0.5024,0.7607,6,0,0.0000,0,0.0000,0.2436,0.2636,0.5072,-0.2454,0.0169,IDLE,1,0,step_done_latches_cleared,0,0,0.000,0,nan,nan,nan,0.0000,0,5,0.6000,0.5768,0.3290,0.5768,0.0232,本圈台阶完成,1,0.0000,0.150,0.330
6844.319,SEEK_ROUNDABOUT,30.225,0,1.977,0.0000,0.0000,none,,,,tracking,0.1450,0.0122,1,line_curve_center_riding,-0.0071,0.0070,-0.2278,-0.4786,0.7636,6,0,0.0000,0,0.0000,0.2348,0.2508,0.4856,-0.2331,0.0122,IDLE,1,0,step_done_latches_cleared,0,0,0.000,0,nan,nan,nan,0.0000,0,5,0.6000,0.5768,0.3290,0.5768,0.0232,本圈台阶完成,1,0.0000,0.150,0.330
6844.450,SEEK_ROUNDABOUT,30.355,0,1.977,0.0000,0.0000,none,,,,tracking,0.1450,0.0055,1,line_curve_center_riding,0.0007,0.0144,-0.2147,-0.4563,0.7652,6,0,0.0000,0,0.0000,0.2291,0.2416,0.4707,-0.2189,0.0055,IDLE,1,0,step_done_latches_cleared,0,0,0.000,0,nan,nan,nan,0.0000,0,5,0.6000,0.5768,0.3290,0.5768,0.0232,本圈台阶完成,1,0.0000,0.150,0.330
6844.582,SEEK_ROUNDABOUT,30.487,0,1.977,0.0000,0.0000,none,,,,tracking,0.1450,0.0013,1,line_curve_center_riding,0.0027,0.0155,-0.1970,-0.4319,0.7692,6,0,0.0000,0,0.0000,0.2124,0.2349,0.4473,-0.2045,0.0013,IDLE,1,0,step_done_latches_cleared,0,0,0.000,0,nan,nan,nan,0.0000,0,5,0.6000,0.5768,0.3290,0.5768,0.0232,本圈台阶完成,1,0.0000,0.150,0.330
6844.715,SEEK_ROUNDABOUT,30.621,0,1.977,0.0000,0.0000,none,,,,tracking,0.1450,-0.0075,1,line_curve_center_riding,0.0144,0.0272,-0.1867,-0.4143,0.7695,6,0,0.0000,0,0.0043,0.2139,0.2276,0.4415,-0.1913,-0.0075,IDLE,1,0,step_done_latches_cleared,0,0,0.000,0,nan,nan,nan,0.0000,0,5,0.6000,0.5768,0.3290,0.5768,0.0232,本圈台阶完成,1,0.0000,0.150,0.330
6844.845,SEEK_ROUNDABOUT,30.750,0,1.979,0.0000,0.0000,none,,,,tracking,0.1450,-0.0144,1,line_curve_center_riding,0.0196,0.0327,-0.1858,-0.4153,0.7683,6,0,0.0000,0,0.0000,0.2185,0.2296,0.4480,-0.1895,-0.0144,IDLE,1,0,step_done_latches_cleared,0,0,0.000,0,nan,nan,nan,0.0000,0,5,0.6000,0.5768,0.3290,0.5768,0.0232,本圈台阶完成,1,0.0000,0.150,0.330
6844.975,SEEK_ROUNDABOUT,30.880,0,1.983,0.0000,0.0000,none,,,,tracking,0.1450,-0.0191,1,line_curve_center_riding,0.0220,0.0357,-0.1921,-0.4253,0.7665,6,0,0.0000,0,0.0000,0.2278,0.2332,0.4610,-0.1939,-0.0191,IDLE,1,0,step_done_latches_cleared,0,0,0.000,0,nan,nan,nan,0.0000,0,5,0.6000,0.5768,0.3290,0.5768,0.0232,本圈台阶完成,1,0.0000,0.150,0.330
6845.102,SEEK_ROUNDABOUT,31.008,0,1.988,0.0000,0.0000,none,,,,tracking,0.1450,-0.0202,1,line_curve_center_riding,0.0200,0.0342,-0.2017,-0.4446,0.7640,6,0,0.0000,0,0.0043,0.2358,0.2429,0.4787,-0.2040,-0.0202,IDLE,1,0,step_done_latches_cleared,0,0,0.000,0,nan,nan,nan,0.0000,0,5,0.6000,0.5768,0.3290,0.5768,0.0232,本圈台阶完成,1,0.0000,0.150,0.330
6845.248,SEEK_ROUNDABOUT,31.154,0,2.004,0.0000,0.0000,none,,,,tracking,0.1450,-0.0147,1,line_curve_center_riding,0.0093,0.0245,-0.2292,-0.5073,0.7567,6,0,0.0000,0,0.0043,0.2537,0.2781,0.5318,-0.2373,-0.0147,IDLE,1,0,step_done_latches_cleared,0,0,0.000,0,nan,nan,nan,0.0000,0,5,0.6000,0.5768,0.3290,0.5768,0.0232,本圈台阶完成,1,0.0000,0.150,0.330
6845.375,SEEK_ROUNDABOUT,31.281,0,2.020,0.0000,0.0000,none,,,,tracking,0.1450,-0.0074,1,line_curve_center_riding,0.0008,0.0197,-0.2952,-0.6210,0.7436,6,0,0.0000,0,0.0043,0.3148,0.3259,0.6407,-0.2989,-0.0074,IDLE,1,0,step_done_latches_cleared,0,0,0.000,0,nan,nan,nan,0.0000,0,5,0.6000,0.5768,0.3290,0.5768,0.0232,本圈台阶完成,1,0.0000,0.150,0.330
6845.504,SEEK_ROUNDABOUT,31.409,0,2.036,0.0000,0.0000,none,,,,tracking,0.1450,0.0028,1,line_curve_center_riding,-0.0112,0.0092,-0.3309,-0.4161,0.6669,5,0,0.0000,0,0.0000,0.3401,0.0852,0.4253,-0.2459,0.0028,IDLE,1,0,step_done_latches_cleared,0,0,0.000,0,nan,nan,nan,0.0000,0,5,0.6000,0.5768,0.3290,0.5768,0.0232,本圈台阶完成,1,0.0000,0.150,0.330
6845.646,SEEK_ROUNDABOUT,31.551,0,2.059,0.0000,0.0000,none,,,,tracking,0.1450,0.0413,1,line_curve_center_riding,-0.0701,-0.0501,-0.3842,-0.4499,0.6679,5,0,0.0000,0,0.0043,0.3341,0.0657,0.3998,-0.2947,0.0413,IDLE,1,0,step_done_latches_cleared,0,0,0.000,0,nan,nan,nan,0.0000,0,5,0.6000,0.5768,0.3290,0.5768,0.0232,本圈台阶完成,1,0.0000,0.150,0.330
6845.774,SEEK_ROUNDABOUT,31.680,0,2.080,0.0000,0.0000,none,,,,tracking,0.1450,0.0779,1,line_curve_center_riding,-0.1039,-0.0814,-0.4575,-0.5158,0.6620,5,0,0.0000,0,0.0043,0.3762,0.0582,0.4344,-0.3516,0.0779,IDLE,1,0,step_done_latches_cleared,0,0,0.000,0,nan,nan,nan,0.0000,0,5,0.6000,0.5768,0.3290,0.5768,0.0232,本圈台阶完成,1,0.0000,0.150,0.330
6845.902,SEEK_ROUNDABOUT,31.807,0,2.106,0.0000,0.0000,none,,,,tracking,0.1450,0.1093,1,line_curve_center_riding,-0.1294,-0.1030,-0.5419,-0.6253,0.6485,5,0,0.0000,0,0.0000,0.4389,0.0834,0.5223,-0.4234,0.1093,IDLE,1,0,step_done_latches_cleared,0,0,0.000,0,nan,nan,nan,0.0000,0,5,0.6000,0.5768,0.3290,0.5768,0.0232,本圈台阶完成,1,0.0000,0.150,0.330
6846.036,SEEK_ROUNDABOUT,31.941,0,2.140,0.0000,0.0000,none,,,,tracking,0.1700,0.1609,1,line_curve_center_riding,-0.1930,-0.1769,-0.4449,-0.4449,0.5792,4,0,0.0000,0,0.0043,0.2680,0.0000,0.2680,-0.3556,0.1609,IDLE,1,0,step_done_latches_cleared,0,0,0.000,0,nan,nan,nan,0.0000,0,5,0.6000,0.5768,0.3290,0.5768,0.0232,本圈台阶完成,1,0.0000,0.150,0.330
6846.167,SEEK_ROUNDABOUT,32.072,0,2.165,0.0000,0.0000,none,,,,tracking,0.1450,0.2108,1,line_curve_center_riding,-0.2392,-0.2160,-0.6024,-0.6024,0.5547,4,0,0.0000,0,0.0000,0.3864,0.0000,0.3864,-0.4736,0.2108,IDLE,1,0,step_done_latches_cleared,0,0,0.000,0,nan,nan,nan,0.0000,0,5,0.6000,0.5768,0.3290,0.5768,0.0232,本圈台阶完成,1,0.0000,0.150,0.330
6846.312,SEEK_ROUNDABOUT,32.218,0,2.205,0.0000,0.0000,none,,,,tracking,0.1450,0.2756,1,line_curve_center_riding,-0.3125,-0.2834,-0.7687,-0.7687,0.5310,4,0,0.0000,0,0.0043,0.4854,0.0000,0.4854,-0.6069,0.2756,IDLE,1,0,step_done_latches_cleared,0,0,0.000,0,nan,nan,nan,0.0000,0,5,0.6000,0.5768,0.3290,0.5768,0.0232,本圈台阶完成,1,0.0000,0.150,0.330
6846.442,SEEK_ROUNDABOUT,32.348,0,2.239,0.0000,0.0000,none,,,,tracking,0.1450,0.3407,1,line_curve_center_riding,-0.3722,-0.3446,-0.8053,-0.8053,0.5334,4,0,0.0000,0,0.0000,0.4607,0.0000,0.4607,-0.6517,0.3407,IDLE,1,0,step_done_latches_cleared,0,0,0.000,0,nan,nan,nan,0.0000,0,5,0.6000,0.5768,0.3290,0.5768,0.0232,本圈台阶完成,1,0.0000,0.150,0.330
6846.575,SEEK_ROUNDABOUT,32.480,0,2.279,0.0000,0.0000,none,,,,tracking,0.1463,0.4033,1,line_curve_center_riding,-0.4293,-0.4158,-0.6407,-0.6407,0.4546,3,0,0.0000,0,0.0688,0.2249,0.0000,0.2249,-0.5657,0.4033,IDLE,1,0,step_done_latches_cleared,0,0,0.000,0,nan,nan,nan,0.0000,0,5,0.6000,0.5768,0.3290,0.5768,0.0232,本圈台阶完成,1,0.0000,0.150,0.330
6846.704,SEEK_ROUNDABOUT,32.610,0,2.316,0.0000,0.0000,none,,,,tracking,0.1326,0.4565,1,line_curve_center_riding,-0.4704,-0.4566,-0.6870,-0.6870,0.4481,3,0,0.0000,0,0.2493,0.2303,0.0000,0.2303,-0.6102,0.4565,IDLE,1,0,step_done_latches_cleared,0,0,0.000,0,nan,nan,nan,0.0000,0,5,0.6000,0.5768,0.3290,0.5768,0.0232,本圈台阶完成,1,0.0000,0.150,0.330
6846.835,SEEK_ROUNDABOUT,32.741,0,2.356,0.0000,0.0000,none,,,,tracking,0.1226,0.4954,1,line_curve_center_riding,-0.4947,-0.4801,-0.7239,-0.7239,0.4436,3,0,0.0000,1,1.0000,0.2439,0.0000,0.2439,-0.6426,0.4954,IDLE,1,0,step_done_latches_cleared,0,0,0.000,0,nan,nan,nan,0.0000,0,5,0.6000,0.5768,0.3290,0.5768,0.0232,本圈台阶完成,1,0.0000,0.150,0.330
6846.971,SEEK_ROUNDABOUT,32.877,0,2.389,0.0000,0.0000,none,,,,tracking,0.1079,0.5527,1,line_curve_center_riding,-0.5612,-0.5449,-0.8174,-0.8174,0.4236,3,0,0.0000,1,1.0000,0.2725,0.0000,0.2725,-0.7266,0.5527,IDLE,1,0,step_done_latches_cleared,0,0,0.000,0,nan,nan,nan,0.0000,0,5,0.6000,0.5768,0.3290,0.5768,0.0232,本圈台阶完成,1,0.0000,0.150,0.330
6847.100,SEEK_ROUNDABOUT,33.005,0,2.432,0.0000,0.0000,none,,,,tracking,0.1040,0.5679,1,line_curve_center_riding,-0.5432,-0.5279,-0.7819,-0.7819,0.4383,3,0,0.0000,1,1.0000,0.2540,0.0000,0.2540,-0.6972,0.5679,IDLE,1,0,step_done_latches_cleared,0,0,0.000,0,nan,nan,nan,0.0000,0,5,0.6000,0.5768,0.3290,0.5768,0.0232,本圈台阶完成,1,0.0000,0.150,0.330
6847.237,SEEK_ROUNDABOUT,33.142,0,2.462,0.0000,0.0000,none,,,,tracking,0.1028,0.5725,1,line_curve_center_riding,-0.5357,-0.5193,-0.7936,-0.7936,0.4278,3,0,0.0000,1,1.0000,0.2743,0.0000,0.2743,-0.7021,0.5725,IDLE,1,0,step_done_latches_cleared,0,0,0.000,0,nan,nan,nan,0.0000,0,5,0.6000,0.5768,0.3290,0.5768,0.0232,本圈台阶完成,1,0.0000,0.150,0.330
6847.378,SEEK_ROUNDABOUT,33.283,0,2.494,0.0000,0.0000,none,,,,tracking,0.1154,0.5236,1,line_curve_center_riding,-0.4462,-0.4298,-0.7035,-0.7035,0.4346,3,0,0.0000,1,1.0000,0.2737,0.0000,0.2737,-0.6123,0.5236,IDLE,1,0,step_done_latches_cleared,0,0,0.000,0,nan,nan,nan,0.0000,0,5,0.6000,0.5768,0.3290,0.5768,0.0232,本圈台阶完成,1,0.0000,0.150,0.330
6847.512,SEEK_ROUNDABOUT,33.417,0,2.516,0.2000,0.0000,none,,,,tracking,0.1312,0.4622,1,line_curve_center_riding,-0.3755,-0.3500,-0.7744,-0.7744,0.5342,4,0,0.0000,1,1.0000,0.4243,0.0000,0.4243,-0.6329,0.4622,IDLE,1,0,step_done_latches_cleared,0,0,0.000,0,nan,nan,nan,0.0000,0,5,0.6000,0.5768,0.3290,0.5768,0.0232,本圈台阶完成,1,0.0000,0.150,0.330
6847.645,SEEK_ROUNDABOUT,33.551,0,2.541,0.2000,0.0000,none,,,,tracking,0.1450,0.3838,1,line_curve_center_riding,-0.2878,-0.2652,-0.6408,-0.6408,0.5443,4,0,0.0000,0,0.3180,0.3756,0.0000,0.3756,-0.5156,0.3838,IDLE,1,0,step_done_latches_cleared,0,0,0.000,0,nan,nan,nan,0.0000,0,5,0.6000,0.5768,0.3290,0.5768,0.0232,本圈台阶完成,1,0.0000,0.150,0.330
6847.775,SEEK_ROUNDABOUT,33.681,0,2.562,0.6000,0.0000,none,,,,tracking,0.1450,0.3131,1,line_curve_center_riding,-0.2271,-0.1989,-0.6684,-0.7177,0.6368,5,0,0.0000,0,0.3352,0.4695,0.0493,0.5188,-0.5283,0.3131,IDLE,1,0,step_done_latches_cleared,0,0,0.000,0,nan,nan,nan,0.0000,0,5,0.6000,0.5768,0.3290,0.5768,0.0232,本圈台阶完成,1,0.0000,0.150,0.330
6847.905,SEEK_ROUNDABOUT,33.811,0,2.575,0.0000,0.0000,none,,,,tracking,0.1450,0.2434,1,line_curve_center_riding,-0.1636,-0.1344,-0.6217,-0.6771,0.6331,5,0,0.0000,0,0.1203,0.4873,0.0554,0.5427,-0.4777,0.2434,IDLE,1,0,step_done_latches_cleared,0,0,0.000,0,nan,nan,nan,0.0000,0,5,0.6000,0.5768,0.3290,0.5768,0.0232,本圈台阶完成,1,0.0000,0.150,0.330
6848.040,SEEK_ROUNDABOUT,33.946,0,2.585,0.0000,0.0000,none,,,,tracking,0.1450,0.1739,1,line_curve_center_riding,-0.0990,-0.0698,-0.5561,-0.6170,0.6349,5,0,0.0000,0,0.0129,0.4863,0.0609,0.5472,-0.4143,0.1739,IDLE,1,0,step_done_latches_cleared,0,0,0.000,0,nan,nan,nan,0.0000,0,5,0.6000,0.5768,0.3290,0.5768,0.0232,本圈台阶完成,1,0.0000,0.150,0.330
6848.189,SEEK_ROUNDABOUT,34.094,0,2.590,0.0000,0.0000,none,,,,tracking,0.1450,0.0962,1,line_curve_center_riding,-0.0192,0.0019,-0.3501,-0.3501,0.5554,4,0,0.0000,0,0.0043,0.3520,0.0000,0.3520,-0.2328,0.0962,IDLE,1,0,step_done_latches_cleared,0,0,0.000,0,nan,nan,nan,0.0000,0,5,0.6000,0.5768,0.3290,0.5768,0.0232,本圈台阶完成,1,0.0000,0.150,0.330
6848.336,SEEK_ROUNDABOUT,34.241,0,2.592,0.0000,0.0000,none,,,,tracking,0.1450,0.0158,1,line_recenter_transition,0.0572,0.0638,-0.2696,-0.2696,0.5606,4,0,0.0000,0,0.0000,0.3334,0.0000,0.3334,-0.1584,0.0158,IDLE,1,0,step_done_latches_cleared,0,0,0.000,0,nan,nan,nan,0.0000,0,5,0.6000,0.5768,0.3290,0.5768,0.0232,本圈台阶完成,1,0.0000,0.150,0.330
6848.466,SEEK_ROUNDABOUT,34.371,0,2.595,0.0000,0.0000,none,,,,tracking,0.1450,-0.0356,1,line_recenter_transition,0.0804,0.0886,-0.3241,-0.7246,0.6272,5,0,0.0000,0,0.0000,0.4127,0.4005,0.8132,-0.3200,-0.0356,IDLE,1,0,step_done_latches_cleared,0,0,0.000,0,nan,nan,nan,0.0000,0,5,0.6000,0.5768,0.3290,0.5768,0.0232,本圈台阶完成,1,0.0000,0.150,0.330
6848.603,SEEK_ROUNDABOUT,34.508,0,2.598,0.7804,0.3500,none,,,,tracking,0.1450,-0.0686,1,line_recenter_transition,0.0952,0.1034,-0.3068,-0.7121,0.6274,5,0,0.0000,0,0.0043,0.4102,0.4053,0.8155,-0.3052,-0.0686,IDLE,1,0,step_done_latches_cleared,0,0,0.000,0,nan,nan,nan,0.0000,0,5,0.6000,0.5768,0.3290,0.5768,0.0232,本圈台阶完成,1,0.0000,0.150,0.330
6848.734,SEEK_ROUNDABOUT,34.639,0,2.598,0.8000,0.7000,none,,,,tracking,0.1450,-0.0922,1,line_recenter_transition,0.1074,0.1138,-0.2056,-0.2056,0.5645,4,0,0.0000,0,0.0000,0.3194,0.0000,0.3194,-0.0992,-0.0922,IDLE,1,0,step_done_latches_cleared,0,0,0.000,0,nan,nan,nan,0.0000,0,5,0.6000,0.5768,0.3290,0.5768,0.0232,本圈台阶完成,1,0.0000,0.150,0.330
6848.865,SEEK_ROUNDABOUT,34.770,0,2.600,0.0000,0.4000,none,,,,tracking,0.1450,-0.0935,1,line_recenter_transition,0.0900,0.0964,-0.2232,-0.2232,0.5642,4,0,0.0000,0,0.0000,0.3195,0.0000,0.3195,-0.1167,-0.0935,IDLE,1,0,step_done_latches_cleared,0,0,0.000,0,nan,nan,nan,0.0000,0,5,0.6000,0.5768,0.3290,0.5768,0.0232,本圈台阶完成,1,0.0000,0.150,0.330
6848.999,SEEK_ROUNDABOUT,34.905,0,2.605,0.0000,0.1000,none,,,,tracking,0.1450,-0.0780,1,line_recenter_transition,0.0603,0.0684,-0.3375,-0.7253,0.6294,5,0,0.0000,0,0.0000,0.4059,0.3878,0.7937,-0.3314,-0.0780,IDLE,1,0,step_done_latches_cleared,0,0,0.000,0,nan,nan,nan,0.0000,0,5,0.6000,0.5768,0.3290,0.5768,0.0232,本圈台阶完成,1,0.0000,0.150,0.330
6849.136,SEEK_ROUNDABOUT,35.042,0,2.611,0.0000,0.0000,none,,,,tracking,0.1450,-0.0397,1,line_curve_center_riding,0.0051,0.0246,-0.3004,-0.3004,0.5631,4,0,0.0000,0,0.0043,0.3250,0.0000,0.3250,-0.1921,-0.0397,IDLE,1,0,step_done_latches_cleared,0,0,0.000,0,nan,nan,nan,0.0000,0,5,0.6000,0.5768,0.3290,0.5768,0.0232,本圈台阶完成,1,0.0000,0.150,0.330
6849.270,SEEK_ROUNDABOUT,35.175,0,2.619,0.6000,0.0000,none,,,,tracking,0.1450,0.0135,1,line_curve_center_riding,-0.0579,-0.0319,-0.4657,-0.8642,0.8182,7,0,0.0000,0,0.0000,0.4339,0.3985,0.8323,-0.4539,0.0135,IDLE,1,0,step_done_latches_cleared,0,0,0.000,0,nan,nan,nan,0.0000,0,5,0.6000,0.5768,0.3290,0.5768,0.0232,本圈台阶完成,1,0.0000,0.150,0.330
6849.401,SEEK_ROUNDABOUT,35.307,0,2.630,0.8000,0.3500,none,,,,tracking,0.1450,0.0600,1,line_curve_center_riding,-0.0971,-0.0724,-0.4833,-0.8943,0.8179,7,0,0.0000,0,0.0000,0.4109,0.4110,0.8218,-0.4833,0.0600,IDLE,1,0,step_done_latches_cleared,0,0,0.000,0,nan,nan,nan,0.0000,0,5,0.6000,0.5768,0.3290,0.5768,0.0232,本圈台阶完成,1,0.0000,0.150,0.330
6849.550,SEEK_ROUNDABOUT,35.455,0,2.642,0.6000,0.0500,none,,,,tracking,0.1450,0.1057,1,line_curve_center_riding,-0.1396,-0.1151,-0.5246,-0.9243,0.7234,6,0,0.0000,0,0.0000,0.4095,0.3997,0.8092,-0.5213,0.1057,IDLE,1,0,step_done_latches_cleared,0,0,0.000,0,nan,nan,nan,0.0000,0,5,0.6000,0.5768,0.3290,0.5768,0.0232,本圈台阶完成,1,0.0000,0.150,0.330
6849.684,SEEK_ROUNDABOUT,35.589,0,2.655,0.6000,0.0000,none,,,,tracking,0.1700,0.1345,1,line_curve_center_riding,-0.1514,-0.1406,-0.3193,-0.3193,0.4766,3,0,0.0000,0,0.0000,0.1787,0.0000,0.1787,-0.2598,0.1345,IDLE,1,0,step_done_latches_cleared,0,0,0.000,0,nan,nan,nan,0.0000,0,5,0.6000,0.5768,0.3290,0.5768,0.0232,本圈台阶完成,1,0.0000,0.150,0.330
6849.814,SEEK_ROUNDABOUT,35.719,0,2.671,0.8000,0.3500,none,,,,tracking,0.1700,0.1693,1,line_curve_center_riding,-0.1870,-0.1772,-0.3408,-0.3408,0.4796,3,0,0.0000,0,0.0000,0.1636,0.0000,0.1636,-0.2863,0.1693,IDLE,1,0,step_done_latches_cleared,0,0,0.000,0,nan,nan,nan,0.0000,0,5,0.6000,0.5768,0.3290,0.5768,0.0232,本圈台阶完成,1,0.0000,0.150,0.330
6849.943,SEEK_ROUNDABOUT,35.849,0,2.687,0.0000,0.0500,none,,,,tracking,0.1450,0.2075,1,line_curve_center_riding,-0.2255,-0.2024,-0.5878,-0.6366,0.6543,5,0,0.0000,0,0.0086,0.3855,0.0488,0.4343,-0.4756,0.2075,IDLE,1,0,step_done_latches_cleared,0,0,0.000,0,nan,nan,nan,0.0000,0,5,0.6000,0.5768,0.3290,0.5768,0.0232,本圈台阶完成,1,0.0000,0.150,0.330
6850.075,SEEK_ROUNDABOUT,35.980,0,2.705,0.8644,1.0500,none,,,,tracking,0.1450,0.2358,1,line_curve_center_riding,-0.2445,-0.2246,-0.5566,-0.6965,0.7551,6,0,0.0000,0,0.0000,0.3320,0.1399,0.4719,-0.4925,0.2358,IDLE,1,0,step_done_latches_cleared,0,0,0.000,0,nan,nan,nan,0.0000,0,5,0.6000,0.5768,0.3290,0.5768,0.0232,本圈台阶完成,1,0.0000,0.150,0.330
6850.207,SEEK_ROUNDABOUT,36.113,0,2.726,0.9144,2.0500,none,,,,tracking,0.1450,0.2501,1,line_curve_center_riding,-0.2457,-0.2256,-0.5596,-0.8045,0.8401,7,0,0.0000,0,0.0000,0.3339,0.2449,0.5788,-0.5299,0.2501,IDLE,1,0,step_done_latches_cleared,0,0,0.000,0,nan,nan,nan,0.0000,0,5,0.6000,0.5768,0.3290,0.5768,0.0232,本圈台阶完成,1,0.0000,0.150,0.330
6850.344,ROUNDABOUT_APPROACH,0.000,0,2.752,0.9120,0.0000,vision,2.752,,,tracking,0.1837,0.2579,1,line_center_tracking,-0.2388,-0.2305,-0.2600,-0.2600,0.3922,2,0,0.0000,0,0.0000,0.0294,0.0000,0.0294,-0.2501,0.2579,IDLE,1,0,step_done_latches_cleared,0,0,0.000,0,nan,nan,nan,0.0000,0,5,0.6000,0.5768,0.3290,0.5768,0.0232,本圈台阶完成,1,0.0000,0.150,0.330
6850.476,ROUNDABOUT_APPROACH,0.132,0,2.752,0.8793,0.0000,vision,2.752,,,tracking,0.1796,0.2739,1,line_center_tracking,-0.2662,-0.2336,-0.3498,-0.3498,0.3850,2,0,0.0000,0,0.0000,0.1162,0.0000,0.1162,-0.3111,0.2739,IDLE,1,0,step_done_latches_cleared,0,0,0.000,0,nan,nan,nan,0.0000,0,5,0.6000,0.5768,0.3290,0.5768,0.0232,本圈台阶完成,1,0.0000,0.150,0.330
6850.605,ROUNDABOUT_APPROACH,0.261,0,2.752,0.6000,0.0000,vision,2.752,,,tracking,0.1450,0.2557,1,line_curve_center_riding,-0.2240,-0.2051,-0.5205,-0.7849,0.7414,6,0,0.0000,0,0.0000,0.3155,0.2644,0.5799,-0.5035,0.2557,IDLE,1,0,step_done_latches_cleared,0,0,0.000,0,nan,nan,nan,0.0000,0,5,0.6000,0.5768,0.3290,0.5768,0.0232,本圈台阶完成,1,0.0000,0.150,0.330
6850.735,ROUNDABOUT_APPROACH,0.391,0,2.752,0.8752,0.0000,vision,2.752,,,tracking,0.1700,0.2600,1,line_curve_center_riding,-0.2427,-0.2291,-0.4559,-0.5780,0.5882,4,0,0.0000,0,0.0000,0.2269,0.1221,0.3489,-0.4210,0.2600,IDLE,1,0,step_done_latches_cleared,0,0,0.000,0,nan,nan,nan,0.0000,0,5,0.6000,0.5768,0.3290,0.5768,0.0232,本圈台阶完成,1,0.0000,0.150,0.330
6850.866,ROUNDABOUT_APPROACH,0.522,0,2.752,0.8630,0.0000,vision,2.752,,,tracking,0.1700,0.2541,1,line_curve_center_riding,-0.2309,-0.2186,-0.4238,-0.5172,0.6874,5,0,0.0000,0,0.0000,0.2052,0.0934,0.2986,-0.3865,0.2541,IDLE,1,0,step_done_latches_cleared,0,0,0.000,0,nan,nan,nan,0.0000,0,5,0.6000,0.5768,0.3290,0.5768,0.0232,本圈台阶完成,1,0.0000,0.150,0.330
6850.996,ROUNDABOUT_APPROACH,0.653,0,2.752,0.9323,0.0000,vision,2.752,,,tracking,0.1845,0.2548,1,line_center_tracking,-0.2359,-0.2136,-0.2932,-0.2932,0.4133,2,0,0.0000,0,0.0000,0.0796,0.0000,0.0796,-0.2667,0.2548,IDLE,1,0,step_done_latches_cleared,0,0,0.000,0,nan,nan,nan,0.0000,0,5,0.6000,0.5768,0.3290,0.5768,0.0232,本圈台阶完成,1,0.0000,0.150,0.330
6851.127,ROUNDABOUT_APPROACH,0.784,0,2.752,0.9024,0.0000,vision,2.752,,,tracking,0.1700,0.2340,1,line_curve_center_riding,-0.2004,-0.1878,-0.3974,-0.5842,0.6765,5,0,0.0000,0,0.0000,0.2096,0.1868,0.3964,-0.3898,0.2340,IDLE,1,0,step_done_latches_cleared,0,0,0.000,0,nan,nan,nan,0.0000,0,5,0.6000,0.5768,0.3290,0.5768,0.0232,本圈台阶完成,1,0.0000,0.150,0.330
6851.281,ROUNDABOUT_APPROACH,0.938,0,2.752,0.8531,0.0000,vision,2.752,,,tracking,0.1700,0.2239,1,line_curve_center_riding,-0.1972,-0.1869,-0.3577,-0.4258,0.6947,5,0,0.0000,0,0.0000,0.1707,0.0681,0.2388,-0.3235,0.2239,IDLE,1,0,step_done_latches_cleared,0,0,0.000,0,nan,nan,nan,0.0000,0,5,0.6000,0.5768,0.3290,0.5768,0.0232,本圈台阶完成,1,0.0000,0.150,0.330
6851.423,ROUNDABOUT_APPROACH,1.079,0,2.752,0.8892,0.0000,vision,2.752,,,tracking,0.1934,0.2200,1,line_center_tracking,-0.1995,-0.1830,-0.2420,-0.2420,0.4292,2,0,0.0000,0,0.0000,0.0591,0.0000,0.0591,-0.2224,0.2200,IDLE,1,0,step_done_latches_cleared,0,0,0.000,0,nan,nan,nan,0.0000,0,5,0.6000,0.5768,0.3290,0.5768,0.0232,本圈台阶完成,1,0.0000,0.150,0.330
6851.554,ROUNDABOUT_APPROACH,1.211,0,2.752,0.8000,0.0000,vision,2.752,,,tracking,0.1908,0.2303,1,line_center_tracking,-0.2210,-0.1875,-0.3070,-0.3642,0.6193,4,0,0.0000,0,0.0000,0.1195,0.0572,0.1767,-0.2863,0.2303,IDLE,1,0,step_done_latches_cleared,0,0,0.000,0,nan,nan,nan,0.0000,0,5,0.6000,0.5768,0.3290,0.5768,0.0232,本圈台阶完成,1,0.0000,0.150,0.330
6851.689,ROUNDABOUT_APPROACH,1.346,0,2.752,0.8612,0.0000,vision,2.752,,,tracking,0.1922,0.2248,1,line_center_tracking,-0.2047,-0.1832,-0.2600,-0.2995,0.7196,5,0,0.0000,0,0.0000,0.0768,0.0395,0.1163,-0.2476,0.2248,IDLE,1,0,step_done_latches_cleared,0,0,0.000,0,nan,nan,nan,0.0000,0,5,0.6000,0.5768,0.3290,0.5768,0.0232,本圈台阶完成,1,0.0000,0.150,0.330
6851.826,ROUNDABOUT_APPROACH,1.482,0,2.752,0.9387,0.0000,vision,2.752,,,tracking,0.1700,0.2019,1,line_curve_center_riding,-0.1684,-0.1601,-0.2973,-0.4080,0.7739,6,0,0.0000,0,0.0000,0.1372,0.1107,0.2479,-0.2885,0.2019,IDLE,1,0,step_done_latches_cleared,0,0,0.000,0,nan,nan,nan,0.0000,0,5,0.6000,0.5768,0.3290,0.5768,0.0232,本圈台阶完成,1,0.0000,0.150,0.330
6851.973,ROUNDABOUT_APPROACH,1.629,0,2.752,0.9033,0.0000,vision,2.752,,,tracking,0.1700,0.1657,1,line_curve_center_riding,-0.1221,-0.1157,-0.2227,-0.3010,0.8003,6,0,0.0000,0,0.0000,0.1070,0.0783,0.1853,-0.2131,0.1657,IDLE,1,0,step_done_latches_cleared,0,0,0.000,0,nan,nan,nan,0.0000,0,5,0.6000,0.5768,0.3290,0.5768,0.0232,本圈台阶完成,1,0.0000,0.150,0.330
6852.113,ROUNDABOUT_APPROACH,1.770,0,2.752,0.8494,0.0000,vision,2.752,,,tracking,0.2053,0.1740,1,line_center_tracking,-0.1645,-0.1409,-0.2253,-0.1749,0.5854,4,0,0.0000,0,0.0000,0.0844,0.0504,0.0340,-0.1804,0.1740,IDLE,1,0,step_done_latches_cleared,0,0,0.000,0,nan,nan,nan,0.0000,0,5,0.6000,0.5768,0.3290,0.5768,0.0232,本圈台阶完成,1,0.0000,0.150,0.330
6852.240,ROUNDABOUT_APPROACH,1.897,0,2.752,0.8945,0.0000,vision,2.752,,,tracking,0.1700,0.1379,1,line_curve_center_riding,-0.1000,-0.0866,-0.3090,-0.3090,0.4854,3,0,0.0000,0,0.0000,0.2224,0.0000,0.2224,-0.2349,0.1379,IDLE,1,0,step_done_latches_cleared,0,0,0.000,0,nan,nan,nan,0.0000,0,5,0.6000,0.5768,0.3290,0.5768,0.0232,本圈台阶完成,1,0.0000,0.150,0.330
6852.373,ROUNDABOUT_APPROACH,2.029,0,2.752,0.0000,0.0000,vision,2.752,,,tracking,0.1700,0.2717,1,line_curve_center_riding,-0.3537,-0.3673,-0.1404,-0.1482,0.5847,4,0,0.0000,0,0.0000,0.2269,0.0078,0.2191,-0.2186,0.2717,IDLE,1,0,step_done_latches_cleared,0,0,0.000,0,nan,nan,nan,0.0000,0,5,0.6000,0.5768,0.3290,0.5768,0.0232,本圈台阶完成,1,0.0000,0.150,0.330
6852.504,ROUNDABOUT_APPROACH,2.161,0,2.752,0.8492,0.0000,vision,2.752,,,tracking,0.1450,0.1152,1,line_curve_center_riding,0.0049,0.0219,-0.2625,-0.2625,0.3296,2,0,0.0000,0,0.0000,0.2844,0.0000,0.2844,-0.1677,0.1152,IDLE,1,0,step_done_latches_cleared,0,0,0.000,0,nan,nan,nan,0.0000,0,5,0.6000,0.5768,0.3290,0.5768,0.0232,本圈台阶完成,1,0.0000,0.150,0.330
6852.632,ROUNDABOUT_APPROACH,2.288,0,2.752,0.7585,0.0000,vision,2.752,,,line_bridge_loss,0.0964,0.0461,0,line_too_few_bands,0.0000,0.0000,0.0000,0.0000,0.0000,1,0,0.0000,0,0.0000,0.0000,0.0000,0.0000,0.0000,0.0461,IDLE,1,0,step_done_latches_cleared,0,0,0.000,0,nan,nan,nan,0.0000,0,5,0.6000,0.5768,0.3290,0.5768,0.0232,本圈台阶完成,1,0.0000,0.150,0.330
6852.771,ROUNDABOUT_APPROACH,2.427,0,2.752,0.9119,0.0000,vision,2.752,,,tracking,0.1471,0.1315,1,line_center_tracking,-0.1220,-0.1156,-0.1383,-0.1383,0.4113,2,0,0.0000,0,0.0000,0.0227,0.0000,0.0227,-0.1307,0.1315,IDLE,1,0,step_done_latches_cleared,0,0,0.000,0,nan,nan,nan,0.0000,0,5,0.6000,0.5768,0.3290,0.5768,0.0232,本圈台阶完成,1,0.0000,0.150,0.330
6852.911,ROUNDABOUT_APPROACH,2.567,0,2.752,0.6000,0.0000,vision,2.752,,,tracking,0.1978,0.0809,1,line_center_tracking,-0.0345,-0.0270,-0.0538,-0.0613,0.7818,6,0,0.0000,0,0.0000,0.0268,0.0075,0.0343,-0.0473,0.0809,IDLE,1,0,step_done_latches_cleared,0,0,0.000,0,nan,nan,nan,0.0000,0,5,0.6000,0.5768,0.3290,0.5768,0.0232,本圈台阶完成,1,0.0000,0.150,0.330
6853.045,ROUNDABOUT_APPROACH,2.701,0,2.752,0.8711,0.0000,vision,2.752,,,tracking,0.2432,0.0255,1,line_center_tracking,0.0243,0.0132,0.0528,0.0528,0.3636,2,0,0.0000,0,0.0000,0.0396,0.0000,0.0396,0.0396,0.0255,IDLE,1,0,step_done_latches_cleared,0,0,0.000,0,nan,nan,nan,0.0000,0,5,0.6000,0.5768,0.3290,0.5768,0.0232,本圈台阶完成,1,0.0000,0.150,0.330
6853.176,ROUNDABOUT_APPROACH,2.832,0,2.752,0.9027,0.0000,vision,2.752,,,tracking,0.2337,0.0079,1,line_center_tracking,0.0117,-0.0149,0.0802,0.0320,0.7828,6,0,0.0000,0,0.0000,0.0951,0.0482,0.0469,0.0324,0.0079,IDLE,1,0,step_done_latches_cleared,0,0,0.000,0,nan,nan,nan,0.0000,0,5,0.6000,0.5768,0.3290,0.5768,0.0232,本圈台阶完成,1,0.0000,0.150,0.330
6853.316,ROUNDABOUT_APPROACH,2.972,0,2.752,0.8641,0.0000,vision,2.752,,,tracking,0.2246,-0.0546,1,line_center_tracking,0.1026,0.1308,0.0300,0.0276,0.7872,6,0,0.0000,0,0.0000,0.1009,0.0024,0.1033,0.0628,-0.0546,IDLE,1,0,step_done_latches_cleared,0,0,0.000,0,nan,nan,nan,0.0000,0,5,0.6000,0.5768,0.3290,0.5768,0.0232,本圈台阶完成,1,0.0000,0.150,0.330
6853.457,ROUNDABOUT_APPROACH,3.113,0,2.752,0.8343,0.0000,vision,2.752,,,tracking,0.2353,-0.0573,1,line_center_tracking,0.0608,0.0754,0.0232,0.0045,0.7966,6,0,0.0000,0,0.0000,0.0522,0.0188,0.0709,0.0344,-0.0573,IDLE,1,0,step_done_latches_cleared,0,0,0.000,0,nan,nan,nan,0.0000,0,5,0.6000,0.5768,0.3290,0.5768,0.0232,本圈台阶完成,1,0.0000,0.150,0.330
6853.588,ROUNDABOUT_APPROACH,3.244,0,2.752,0.9095,0.0000,vision,2.752,,,tracking,0.2349,-0.0588,1,line_center_tracking,0.0565,0.0614,0.0437,0.0437,0.4253,2,0,0.0000,0,0.0000,0.0177,0.0000,0.0177,0.0496,-0.0588,IDLE,1,0,step_done_latches_cleared,0,0,0.000,0,nan,nan,nan,0.0000,0,5,0.6000,0.5768,0.3290,0.5768,0.0232,本圈台阶完成,1,0.0000,0.150,0.330
6853.724,ROUNDABOUT_APPROACH,3.380,0,2.752,0.9052,0.0000,vision,2.752,,,tracking,0.2342,-0.0613,1,line_center_tracking,0.0590,0.0759,0.0155,0.0153,0.8055,6,0,0.0000,0,0.0000,0.0604,0.0002,0.0606,0.0355,-0.0613,IDLE,1,0,step_done_latches_cleared,0,0,0.000,0,nan,nan,nan,0.0000,0,5,0.6000,0.5768,0.3290,0.5768,0.0232,本圈台阶完成,1,0.0000,0.150,0.330
6853.857,ROUNDABOUT_APPROACH,3.513,0,2.752,0.9161,0.0000,vision,2.752,,,tracking,0.2381,-0.0463,1,line_center_tracking,0.0312,0.0321,0.0288,0.0075,0.7217,5,0,0.0000,0,0.0000,0.0033,0.0214,0.0247,0.0228,-0.0463,IDLE,1,0,step_done_latches_cleared,0,0,0.000,0,nan,nan,nan,0.0000,0,5,0.6000,0.5768,0.3290,0.5768,0.0232,本圈台阶完成,1,0.0000,0.150,0.330
6853.998,ROUNDABOUT_APPROACH,3.654,0,2.752,0.8250,0.0000,vision,2.752,,,tracking,0.2399,-0.0392,1,line_center_tracking,0.0293,0.0324,0.0214,0.0120,0.5477,3,0,0.0000,0,0.0000,0.0111,0.0094,0.0204,0.0219,-0.0392,IDLE,1,0,step_done_latches_cleared,0,0,0.000,0,nan,nan,nan,0.0000,0,5,0.6000,0.5768,0.3290,0.5768,0.0232,本圈台阶完成,1,0.0000,0.150,0.330
6854.132,ROUNDABOUT_APPROACH,3.788,0,2.752,0.9133,0.0000,vision,2.752,,,tracking,0.2413,-0.0337,1,line_center_tracking,0.0261,0.0278,0.0217,-0.0109,0.7288,5,0,0.0000,0,0.0000,0.0061,0.0326,0.0387,0.0128,-0.0337,IDLE,1,0,step_done_latches_cleared,0,0,0.000,0,nan,nan,nan,0.0000,0,5,0.6000,0.5768,0.3290,0.5768,0.0232,本圈台阶完成,1,0.0000,0.150,0.330
6854.266,ROUNDABOUT_APPROACH,3.923,0,2.752,0.8683,0.0000,vision,2.752,,,tracking,0.2439,-0.0235,1,line_center_tracking,0.0132,0.0126,0.0149,-0.0219,0.7266,5,0,0.0000,0,0.0000,0.0023,0.0368,0.0345,0.0018,-0.0235,IDLE,1,0,step_done_latches_cleared,0,0,0.000,0,nan,nan,nan,0.0000,0,5,0.6000,0.5768,0.3290,0.5768,0.0232,本圈台阶完成,1,0.0000,0.150,0.330
6854.399,ROUNDABOUT_APPROACH,4.056,0,2.752,0.9111,0.0000,vision,2.752,,,tracking,0.2451,-0.0162,1,line_center_tracking,0.0082,0.0106,0.0023,-0.0336,0.8128,6,0,0.0000,0,0.0000,0.0083,0.0359,0.0442,-0.0069,-0.0162,IDLE,1,0,step_done_latches_cleared,0,0,0.000,0,nan,nan,nan,0.0000,0,5,0.6000,0.5768,0.3290,0.5768,0.0232,本圈台阶完成,1,0.0000,0.150,0.330
6854.535,ROUNDABOUT_APPROACH,4.192,0,2.752,0.9098,0.0000,vision,2.752,,,tracking,0.2421,-0.0129,1,line_center_tracking,0.0087,0.0215,-0.0244,-0.0465,0.7191,5,0,0.0000,0,0.0000,0.0459,0.0221,0.0680,-0.0165,-0.0129,IDLE,1,0,step_done_latches_cleared,0,0,0.000,0,nan,nan,nan,0.0000,0,5,0.6000,0.5768,0.3290,0.5768,0.0232,本圈台阶完成,1,0.0000,0.150,0.330
6854.668,ROUNDABOUT_APPROACH,4.324,0,2.752,0.8738,0.0000,vision,2.752,,,tracking,0.1918,-0.0109,1,line_curve_center_riding,0.0081,0.0145,-0.0915,-0.2751,0.4891,3,0,0.0000,0,0.0000,0.1060,0.1836,0.2896,-0.1174,-0.0109,IDLE,1,0,step_done_latches_cleared,0,0,0.000,0,nan,nan,nan,0.0000,0,5,0.6000,0.5768,0.3290,0.5768,0.0232,本圈台阶完成,1,0.0000,0.150,0.330
6854.796,ROUNDABOUT_APPROACH,4.452,0,2.752,0.9133,0.0000,vision,2.752,,,line_bridge_loss,0.1432,-0.0044,0,line_too_few_bands,0.0000,0.0000,0.0000,0.0000,0.0000,1,0,0.0000,0,0.0000,0.0000,0.0000,0.0000,0.0000,-0.0044,IDLE,1,0,step_done_latches_cleared,0,0,0.000,0,nan,nan,nan,0.0000,0,5,0.6000,0.5768,0.3290,0.5768,0.0232,本圈台阶完成,1,0.0000,0.150,0.330
6854.924,ROUNDABOUT_APPROACH,4.580,0,2.752,0.9487,0.0000,vision,2.752,,,tracking,0.1918,-0.0040,1,line_center_tracking,-0.0026,0.0129,-0.0427,-0.0737,0.8045,6,0,0.0000,0,0.0000,0.0556,0.0311,0.0867,-0.0345,-0.0040,IDLE,1,0,step_done_latches_cleared,0,0,0.000,0,nan,nan,nan,0.0000,0,5,0.6000,0.5768,0.3290,0.5768,0.0232,本圈台阶完成,1,0.0000,0.150,0.330
6855.065,ROUNDABOUT_APPROACH,4.721,0,2.752,0.9468,0.0000,vision,2.752,,,tracking,0.2424,0.0092,1,line_center_tracking,-0.0195,-0.0069,-0.0516,-0.0643,0.8076,6,0,0.0000,0,0.0000,0.0447,0.0127,0.0573,-0.0409,0.0092,IDLE,1,0,step_done_latches_cleared,0,0,0.000,0,nan,nan,nan,0.0000,0,5,0.6000,0.5768,0.3290,0.5768,0.0232,本圈台阶完成,1,0.0000,0.150,0.330
6855.246,ROUNDABOUT_APPROACH,4.902,0,2.752,0.6000,0.0000,vision,2.752,,,tracking,0.1917,-0.0082,1,line_curve_center_riding,0.0210,0.0322,-0.1544,-0.3578,0.6763,5,0,0.0000,0,0.0000,0.1866,0.2035,0.3901,-0.1600,-0.0082,IDLE,1,0,step_done_latches_cleared,0,0,0.000,0,nan,nan,nan,0.0000,0,5,0.6000,0.5768,0.3290,0.5768,0.0232,本圈台阶完成,1,0.0000,0.150,0.330
6855.377,ROUNDABOUT_APPROACH,5.034,0,2.752,0.9125,0.0000,vision,2.752,,,tracking,0.2342,0.0401,1,line_center_tracking,-0.0741,-0.0812,-0.0559,-0.0751,0.6292,4,0,0.0000,0,0.0000,0.0254,0.0192,0.0062,-0.0707,0.0401,IDLE,1,0,step_done_latches_cleared,0,0,0.000,0,nan,nan,nan,0.0000,0,5,0.6000,0.5768,0.3290,0.5768,0.0232,本圈台阶完成,1,0.0000,0.150,0.330
6855.505,ROUNDABOUT_APPROACH,5.161,0,2.752,0.9349,0.0000,vision,2.752,,,tracking,0.1857,0.0325,1,line_curve_center_riding,-0.0283,-0.0174,-0.1998,-0.1998,0.5028,3,0,0.0000,0,0.0000,0.1824,0.0000,0.1824,-0.1390,0.0325,IDLE,1,0,step_done_latches_cleared,0,0,0.000,0,nan,nan,nan,0.0000,0,5,0.6000,0.5768,0.3290,0.5768,0.0232,本圈台阶完成,1,0.0000,0.150,0.330
6855.670,ROUNDABOUT_APPROACH,5.327,0,2.752,0.9038,0.0000,vision,2.752,,,tracking,0.1450,0.0436,1,line_curve_center_riding,-0.0492,-0.0315,-0.3266,-0.6662,0.7363,6,0,0.0000,0,0.0000,0.2951,0.3395,0.6346,-0.3414,0.0436,IDLE,1,0,step_done_latches_cleared,0,0,0.000,0,nan,nan,nan,0.0000,0,5,0.6000,0.5768,0.3290,0.5768,0.0232,本圈台阶完成,1,0.0000,0.150,0.330
6855.807,ROUNDABOUT_APPROACH,5.463,0,2.752,0.8808,0.0000,vision,2.752,,,tracking,0.1957,0.0780,1,line_center_tracking,-0.1003,-0.0720,-0.1731,-0.1731,0.5000,3,0,0.0000,0,0.0000,0.1011,0.0000,0.1011,-0.1394,0.0780,IDLE,1,0,step_done_latches_cleared,0,0,0.000,0,nan,nan,nan,0.0000,0,5,0.6000,0.5768,0.3290,0.5768,0.0232,本圈台阶完成,1,0.0000,0.150,0.330
6855.944,ROUNDABOUT_APPROACH,5.600,0,2.752,0.9439,0.0000,vision,2.752,,,tracking,0.2371,0.0502,1,line_center_tracking,-0.0274,-0.0157,-0.0576,-0.0580,0.8880,7,0,0.0000,0,0.0000,0.0419,0.0004,0.0423,-0.0438,0.0502,IDLE,1,0,step_done_latches_cleared,0,0,0.000,0,nan,nan,nan,0.0000,0,5,0.6000,0.5768,0.3290,0.5768,0.0232,本圈台阶完成,1,0.0000,0.150,0.330
6856.087,ROUNDABOUT_APPROACH,5.744,0,2.752,0.9183,0.0000,vision,2.752,,,tracking,0.2410,0.0300,1,line_center_tracking,-0.0095,0.0052,-0.0475,-0.0242,0.8026,6,0,0.0000,0,0.0000,0.0527,0.0232,0.0295,-0.0222,0.0300,IDLE,1,0,step_done_latches_cleared,0,0,0.000,0,nan,nan,nan,0.0000,0,5,0.6000,0.5768,0.3290,0.5768,0.0232,本圈台阶完成,1,0.0000,0.150,0.330
6856.226,ROUNDABOUT_APPROACH,5.883,0,2.752,0.8656,0.0000,vision,2.752,,,tracking,0.2419,0.0246,1,line_center_tracking,-0.0166,-0.0298,0.0176,0.0176,0.3416,2,0,0.0000,0,0.0000,0.0474,0.0000,0.0474,0.0018,0.0246,IDLE,1,0,step_done_latches_cleared,0,0,0.000,0,nan,nan,nan,0.0000,0,5,0.6000,0.5768,0.3290,0.5768,0.0232,本圈台阶完成,1,0.0000,0.150,0.330
6856.356,ROUNDABOUT,0.000,0,2.752,0.9148,0.0000,vision,2.752,0.000,0.000,icn_entry_left,0.1924,0.3499,1,line_center_tracking,0.0088,0.0041,0.0208,0.0208,0.4621,2,0,0.0000,0,0.0000,0.0167,0.0000,0.0167,0.0152,0.3499,IDLE,1,0,step_done_latches_cleared,0,0,0.000,0,nan,nan,nan,0.0000,0,5,0.6000,0.5768,0.3290,0.5768,0.0232,本圈台阶完成,1,0.0000,0.150,0.330
6856.527,ROUNDABOUT,0.171,0,2.752,0.9226,0.0000,vision,2.752,0.171,0.049,icn_entry_left,0.1900,0.3600,0,line_too_few_bands,0.0000,0.0000,0.0000,0.0000,0.0000,0,0,0.0000,0,0.0000,0.0000,0.0000,0.0000,0.0000,0.3600,IDLE,1,0,step_done_latches_cleared,0,0,0.000,0,nan,nan,nan,0.0000,0,5,0.6000,0.5768,0.3290,0.5768,0.0232,本圈台阶完成,1,0.0000,0.150,0.330
6856.660,ROUNDABOUT,0.304,0,2.752,0.8734,0.0000,vision,2.752,0.304,0.088,icn_entry_left,0.1900,0.3600,1,line_center_tracking,0.0660,0.0754,0.0419,0.0292,0.8994,7,0,0.0000,0,0.0000,0.0335,0.0127,0.0462,0.0489,0.3600,IDLE,1,0,step_done_latches_cleared,0,0,0.000,0,nan,nan,nan,0.0000,0,5,0.6000,0.5768,0.3290,0.5768,0.0232,本圈台阶完成,1,0.0000,0.150,0.330
6856.800,ROUNDABOUT,0.443,0,2.752,0.8728,0.0000,vision,2.752,0.443,0.122,icn_entry_left,0.1900,0.3600,1,line_center_tracking,0.1544,0.1619,0.1350,0.1262,0.6402,4,0,0.0000,0,0.0000,0.0269,0.0088,0.0357,0.1410,0.3600,IDLE,1,0,step_done_latches_cleared,0,0,0.000,0,nan,nan,nan,0.0000,0,5,0.6000,0.5768,0.3290,0.5768,0.0232,本圈台阶完成,1,0.0000,0.150,0.330
6856.944,ROUNDABOUT,0.587,0,2.752,0.8828,0.0000,vision,2.752,0.587,0.159,icn_entry_left,0.1900,0.3600,1,line_center_tracking,0.2339,0.2423,0.2125,0.2109,0.8906,7,0,0.0000,0,0.0000,0.0298,0.0016,0.0314,0.2219,0.3600,IDLE,1,0,step_done_latches_cleared,0,0,0.000,0,nan,nan,nan,0.0000,0,5,0.6000,0.5768,0.3290,0.5768,0.0232,本圈台阶完成,1,0.0000,0.150,0.330
6857.087,ROUNDABOUT,0.731,0,2.752,0.8000,0.0000,vision,2.752,0.731,0.191,icn_entry_left,0.1900,0.3600,1,line_center_tracking,0.3580,0.3596,0.3540,0.3418,0.9896,8,0,0.0000,0,0.0000,0.0056,0.0123,0.0178,0.3518,0.3600,IDLE,1,0,step_done_latches_cleared,0,0,0.000,0,nan,nan,nan,0.0000,0,5,0.6000,0.5768,0.3290,0.5768,0.0232,本圈台阶完成,1,0.0000,0.150,0.330
6857.225,ROUNDABOUT,0.869,0,2.752,0.8000,0.0000,vision,2.752,0.869,0.225,icn_entry_left,0.1900,0.3600,1,line_center_tracking,0.4874,0.4922,0.4749,0.4432,0.6420,4,0,0.0000,0,0.0000,0.0173,0.0317,0.0490,0.4701,0.3600,IDLE,1,0,step_done_latches_cleared,0,0,0.000,0,nan,nan,nan,0.0000,0,5,0.6000,0.5768,0.3290,0.5768,0.0232,本圈台阶完成,1,0.0000,0.150,0.330
6857.352,ROUNDABOUT,0.996,0,2.752,0.8000,0.0000,vision,2.752,0.996,0.251,icn_entry_left,0.1900,0.3600,0,line_too_few_bands,0.0000,0.0000,0.0000,0.0000,0.0000,0,0,0.0000,0,0.0000,0.0000,0.0000,0.0000,0.0000,0.3600,IDLE,1,0,step_done_latches_cleared,0,0,0.000,0,nan,nan,nan,0.0000,0,5,0.6000,0.5768,0.3290,0.5768,0.0232,本圈台阶完成,1,0.0000,0.150,0.330
6857.494,ROUNDABOUT,1.138,0,2.752,0.0000,0.0000,vision,2.752,1.138,0.277,icn_entry_left,0.1900,0.3600,1,line_hard_turn_centering,0.6627,0.6627,0.6627,0.6627,0.2375,1,0,0.0000,0,0.0000,0.0000,0.0000,0.0000,0.6627,0.3600,IDLE,1,0,step_done_latches_cleared,0,0,0.000,0,nan,nan,nan,0.0000,0,5,0.6000,0.5768,0.3290,0.5768,0.0232,本圈台阶完成,1,0.0000,0.150,0.330
6857.642,ROUNDABOUT,1.286,0,2.752,0.0000,0.0000,vision,2.752,1.286,0.314,icn_entry_left,0.1900,0.3600,0,line_too_few_bands,0.0000,0.0000,0.0000,0.0000,0.0000,0,0,0.0000,0,0.0000,0.0000,0.0000,0.0000,0.0000,0.3600,IDLE,1,0,step_done_latches_cleared,0,0,0.000,0,nan,nan,nan,0.0000,0,5,0.6000,0.5768,0.3290,0.5768,0.0232,本圈台阶完成,1,0.0000,0.150,0.330
6857.767,ROUNDABOUT,1.411,0,2.752,0.0000,0.0000,vision,2.752,1.411,0.330,icn_entry_left,0.1900,0.3600,0,line_too_few_bands,0.0000,0.0000,0.0000,0.0000,0.0000,0,0,0.0000,0,0.0000,0.0000,0.0000,0.0000,0.0000,0.3600,IDLE,1,0,step_done_latches_cleared,0,0,0.000,0,nan,nan,nan,0.0000,0,5,0.6000,0.5768,0.3290,0.5768,0.0232,本圈台阶完成,1,0.0000,0.150,0.330
6857.896,ROUNDABOUT,1.539,0,2.752,0.0000,0.0000,vision,2.752,1.539,0.362,icn_entry_left,0.1900,0.3600,0,line_too_few_bands,0.0000,0.0000,0.0000,0.0000,0.0000,0,0,0.0000,0,0.0000,0.0000,0.0000,0.0000,0.0000,0.3600,IDLE,1,0,step_done_latches_cleared,0,0,0.000,0,nan,nan,nan,0.0000,0,5,0.6000,0.5768,0.3290,0.5768,0.0232,本圈台阶完成,1,0.0000,0.150,0.330
6858.024,ROUNDABOUT,1.668,0,2.752,0.0000,0.0000,vision,2.752,1.668,0.386,icn_entry_left,0.1900,0.3600,0,line_too_few_bands,0.0000,0.0000,0.0000,0.0000,0.0000,0,0,0.0000,0,0.0000,0.0000,0.0000,0.0000,0.0000,0.3600,IDLE,1,0,step_done_latches_cleared,0,0,0.000,0,nan,nan,nan,0.0000,0,5,0.6000,0.5768,0.3290,0.5768,0.0232,本圈台阶完成,1,0.0000,0.150,0.330
6858.150,ROUNDABOUT,1.794,0,2.752,0.0000,0.0000,vision,2.752,1.794,0.408,icn_entry_left,0.1900,0.3600,0,line_too_few_bands,0.0000,0.0000,0.0000,0.0000,0.0000,0,0,0.0000,0,0.0000,0.0000,0.0000,0.0000,0.0000,0.3600,IDLE,1,0,step_done_latches_cleared,0,0,0.000,0,nan,nan,nan,0.0000,0,5,0.6000,0.5768,0.3290,0.5768,0.0232,本圈台阶完成,1,0.0000,0.150,0.330
6858.302,ROUNDABOUT,1.946,0,2.752,0.0000,0.0000,vision,2.752,1.946,0.433,icn_entry_left,0.1900,0.3600,0,line_too_few_bands,0.0000,0.0000,0.0000,0.0000,0.0000,0,0,0.0000,0,0.0000,0.0000,0.0000,0.0000,0.0000,0.3600,IDLE,1,0,step_done_latches_cleared,0,0,0.000,0,nan,nan,nan,0.0000,0,5,0.6000,0.5768,0.3290,0.5768,0.0232,本圈台阶完成,1,0.0000,0.150,0.330
6858.433,ROUNDABOUT,2.077,0,2.752,0.0000,0.0000,vision,2.752,2.077,0.453,icn_entry_left,0.1900,0.3600,0,line_too_few_bands,0.0000,0.0000,0.0000,0.0000,0.0000,0,0,0.0000,0,0.0000,0.0000,0.0000,0.0000,0.0000,0.3600,IDLE,1,0,step_done_latches_cleared,0,0,0.000,0,nan,nan,nan,0.0000,0,5,0.6000,0.5768,0.3290,0.5768,0.0232,本圈台阶完成,1,0.0000,0.150,0.330
6858.566,ROUNDABOUT,2.210,0,2.752,0.0000,0.0000,vision,2.752,2.210,0.472,icn_entry_left,0.1900,0.3600,0,line_too_few_bands,0.0000,0.0000,0.0000,0.0000,0.0000,0,0,0.0000,0,0.0000,0.0000,0.0000,0.0000,0.0000,0.3600,IDLE,1,0,step_done_latches_cleared,0,0,0.000,0,nan,nan,nan,0.0000,0,5,0.6000,0.5768,0.3290,0.5768,0.0232,本圈台阶完成,1,0.0000,0.150,0.330
6858.708,ROUNDABOUT,2.351,0,2.752,0.0000,0.0000,vision,2.752,2.351,0.490,icn_entry_left,0.1900,0.3600,0,line_too_few_bands,0.0000,0.0000,0.0000,0.0000,0.0000,0,0,0.0000,0,0.0000,0.0000,0.0000,0.0000,0.0000,0.3600,IDLE,1,0,step_done_latches_cleared,0,0,0.000,0,nan,nan,nan,0.0000,0,5,0.6000,0.5768,0.3290,0.5768,0.0232,本圈台阶完成,1,0.0000,0.150,0.330
6858.844,ROUNDABOUT,2.488,0,2.752,0.0000,0.0000,vision,2.752,2.488,0.511,icn_entry_left,0.1900,0.3600,0,line_too_few_bands,0.0000,0.0000,0.0000,0.0000,0.0000,0,0,0.0000,0,0.0000,0.0000,0.0000,0.0000,0.0000,0.3600,IDLE,1,0,step_done_latches_cleared,0,0,0.000,0,nan,nan,nan,0.0000,0,5,0.6000,0.5768,0.3290,0.5768,0.0232,本圈台阶完成,1,0.0000,0.150,0.330
6858.979,ROUNDABOUT,2.622,0,2.752,0.0000,0.0000,vision,2.752,2.622,0.526,icn_entry_left,0.1900,0.3600,0,line_too_few_bands,0.0000,0.0000,0.0000,0.0000,0.0000,0,0,0.0000,0,0.0000,0.0000,0.0000,0.0000,0.0000,0.3600,IDLE,1,0,step_done_latches_cleared,0,0,0.000,0,nan,nan,nan,0.0000,0,5,0.6000,0.5768,0.3290,0.5768,0.0232,本圈台阶完成,1,0.0000,0.150,0.330
6859.115,ROUNDABOUT,2.758,0,2.752,0.0000,0.0000,vision,2.752,2.758,0.544,icn_entry_left,0.1900,0.3600,0,line_too_few_bands,0.0000,0.0000,0.0000,0.0000,0.0000,0,0,0.0000,0,0.0000,0.0000,0.0000,0.0000,0.0000,0.3600,IDLE,1,0,step_done_latches_cleared,0,0,0.000,0,nan,nan,nan,0.0000,0,5,0.6000,0.5768,0.3290,0.5768,0.0232,本圈台阶完成,1,0.0000,0.150,0.330
6859.248,ROUNDABOUT,2.891,0,2.752,0.0000,0.0000,vision,2.752,2.891,0.558,icn_entry_left,0.1900,0.3600,0,line_too_few_bands,0.0000,0.0000,0.0000,0.0000,0.0000,0,0,0.0000,0,0.0000,0.0000,0.0000,0.0000,0.0000,0.3600,IDLE,1,0,step_done_latches_cleared,0,0,0.000,0,nan,nan,nan,0.0000,0,5,0.6000,0.5768,0.3290,0.5768,0.0232,本圈台阶完成,1,0.0000,0.150,0.330
6859.384,ROUNDABOUT,3.028,0,2.752,0.0000,0.0000,vision,2.752,3.028,0.572,icn_entry_left,0.1900,0.3600,0,line_too_few_bands,0.0000,0.0000,0.0000,0.0000,0.0000,0,0,0.0000,0,0.0000,0.0000,0.0000,0.0000,0.0000,0.3600,IDLE,1,0,step_done_latches_cleared,0,0,0.000,0,nan,nan,nan,0.0000,0,5,0.6000,0.5768,0.3290,0.5768,0.0232,本圈台阶完成,1,0.0000,0.150,0.330
6859.523,ROUNDABOUT,3.166,0,2.752,0.0000,0.0000,vision,2.752,3.166,0.586,icn_entry_left,0.1900,0.3600,0,line_too_few_bands,0.0000,0.0000,0.0000,0.0000,0.0000,0,0,0.0000,0,0.0000,0.0000,0.0000,0.0000,0.0000,0.3600,IDLE,1,0,step_done_latches_cleared,0,0,0.000,0,nan,nan,nan,0.0000,0,5,0.6000,0.5768,0.3290,0.5768,0.0232,本圈台阶完成,1,0.0000,0.150,0.330
6859.658,ROUNDABOUT,3.301,0,2.752,0.0000,0.0000,vision,2.752,3.301,0.599,icn_entry_left,0.1900,0.3600,0,line_too_few_bands,0.0000,0.0000,0.0000,0.0000,0.0000,0,0,0.0000,0,0.0000,0.0000,0.0000,0.0000,0.0000,0.3600,IDLE,1,0,step_done_latches_cleared,0,0,0.000,0,nan,nan,nan,0.0000,0,5,0.6000,0.5768,0.3290,0.5768,0.0232,本圈台阶完成,1,0.0000,0.150,0.330
6859.784,ROUNDABOUT,3.428,0,2.752,0.0000,0.0000,vision,2.752,3.428,0.609,icn_entry_left,0.1900,0.3600,0,line_too_few_bands,0.0000,0.0000,0.0000,0.0000,0.0000,0,0,0.0000,0,0.0043,0.0000,0.0000,0.0000,0.0000,0.3600,IDLE,1,0,step_done_latches_cleared,0,0,0.000,0,nan,nan,nan,0.0000,0,5,0.6000,0.5768,0.3290,0.5768,0.0232,本圈台阶完成,1,0.0000,0.150,0.330
6859.915,ROUNDABOUT,3.559,0,2.752,0.0000,0.0000,vision,2.752,3.559,0.624,icn_entry_left,0.1900,0.3600,0,line_too_few_bands,0.0000,0.0000,0.0000,0.0000,0.0000,0,0,0.0000,0,0.0000,0.0000,0.0000,0.0000,0.0000,0.3600,IDLE,1,0,step_done_latches_cleared,0,0,0.000,0,nan,nan,nan,0.0000,0,5,0.6000,0.5768,0.3290,0.5768,0.0232,本圈台阶完成,1,0.0000,0.150,0.330
6860.041,ROUNDABOUT,3.685,0,2.752,0.0000,0.0000,vision,2.752,3.685,0.634,icn_entry_left,0.1900,0.3600,0,line_too_few_bands,0.0000,0.0000,0.0000,0.0000,0.0000,0,0,0.0000,0,0.0000,0.0000,0.0000,0.0000,0.0000,0.3600,IDLE,1,0,step_done_latches_cleared,0,0,0.000,0,nan,nan,nan,0.0000,0,5,0.6000,0.5768,0.3290,0.5768,0.0232,本圈台阶完成,1,0.0000,0.150,0.330
6860.168,ROUNDABOUT,3.812,0,2.752,0.0000,0.0000,vision,2.752,3.812,0.647,icn_entry_left,0.1900,0.3600,0,line_too_few_bands,0.0000,0.0000,0.0000,0.0000,0.0000,0,0,0.0000,0,0.0000,0.0000,0.0000,0.0000,0.0000,0.3600,IDLE,1,0,step_done_latches_cleared,0,0,0.000,0,nan,nan,nan,0.0000,0,5,0.6000,0.5768,0.3290,0.5768,0.0232,本圈台阶完成,1,0.0000,0.150,0.330
6860.298,ROUNDABOUT,3.942,0,2.752,0.0000,0.0000,vision,2.752,3.942,0.662,icn_entry_left,0.1900,0.3600,0,line_too_few_bands,0.0000,0.0000,0.0000,0.0000,0.0000,0,0,0.0000,0,0.0000,0.0000,0.0000,0.0000,0.0000,0.3600,IDLE,1,0,step_done_latches_cleared,0,0,0.000,0,nan,nan,nan,0.0000,0,5,0.6000,0.5768,0.3290,0.5768,0.0232,本圈台阶完成,1,0.0000,0.150,0.330
6860.435,ROUNDABOUT,4.078,0,2.752,0.0000,0.0000,vision,2.752,4.078,0.674,icn_entry_left,0.1900,0.3600,0,line_too_few_bands,0.0000,0.0000,0.0000,0.0000,0.0000,0,0,0.0000,0,0.0000,0.0000,0.0000,0.0000,0.0000,0.3600,IDLE,1,0,step_done_latches_cleared,0,0,0.000,0,nan,nan,nan,0.0000,0,5,0.6000,0.5768,0.3290,0.5768,0.0232,本圈台阶完成,1,0.0000,0.150,0.330
6860.565,ROUNDABOUT,4.209,0,2.752,0.0000,0.0000,vision,2.752,4.209,0.688,icn_entry_left,0.1900,0.3600,1,line_center_tracking,0.1624,0.1624,0.1624,0.1624,0.2375,1,0,0.0000,0,0.0000,0.0000,0.0000,0.0000,0.1624,0.3600,IDLE,1,0,step_done_latches_cleared,0,0,0.000,0,nan,nan,nan,0.0000,0,5,0.6000,0.5768,0.3290,0.5768,0.0232,本圈台阶完成,1,0.0000,0.150,0.330
6860.702,ROUNDABOUT,4.345,0,2.752,0.0000,0.0000,vision,2.752,4.345,0.702,icn_entry_left,0.1900,0.3600,0,line_too_few_bands,0.0000,0.0000,0.0000,0.0000,0.0000,0,0,0.0000,0,0.0000,0.0000,0.0000,0.0000,0.0000,0.3600,IDLE,1,0,step_done_latches_cleared,0,0,0.000,0,nan,nan,nan,0.0000,0,5,0.6000,0.5768,0.3290,0.5768,0.0232,本圈台阶完成,1,0.0000,0.150,0.330
6860.830,ROUNDABOUT,4.474,0,2.752,0.0000,0.0000,vision,2.752,4.474,0.715,icn_entry_left,0.1900,0.3600,0,line_too_few_bands,0.0000,0.0000,0.0000,0.0000,0.0000,0,0,0.0000,0,0.0043,0.0000,0.0000,0.0000,0.0000,0.3600,IDLE,1,0,step_done_latches_cleared,0,0,0.000,0,nan,nan,nan,0.0000,0,5,0.6000,0.5768,0.3290,0.5768,0.0232,本圈台阶完成,1,0.0000,0.150,0.330
6860.956,ROUNDABOUT,4.599,0,2.752,0.0000,0.0000,vision,2.752,4.599,0.730,icn_entry_left,0.1900,0.3600,0,line_too_few_bands,0.0000,0.0000,0.0000,0.0000,0.0000,0,0,0.0000,0,0.0000,0.0000,0.0000,0.0000,0.0000,0.3600,IDLE,1,0,step_done_latches_cleared,0,0,0.000,0,nan,nan,nan,0.0000,0,5,0.6000,0.5768,0.3290,0.5768,0.0232,本圈台阶完成,1,0.0000,0.150,0.330
6861.083,ROUNDABOUT,4.726,0,2.752,0.0000,0.0000,vision,2.752,4.726,0.741,icn_entry_left,0.1900,0.3600,1,line_center_tracking,0.0855,0.0855,0.0855,0.0855,0.2375,1,0,0.0000,0,0.0043,0.0000,0.0000,0.0000,0.0855,0.3600,IDLE,1,0,step_done_latches_cleared,0,0,0.000,0,nan,nan,nan,0.0000,0,5,0.6000,0.5768,0.3290,0.5768,0.0232,本圈台阶完成,1,0.0000,0.150,0.330
6861.212,ROUNDABOUT,4.856,0,2.752,0.0000,0.0000,vision,2.752,4.856,0.752,icn_entry_left,0.1900,0.3600,1,line_center_tracking,0.0726,0.0726,0.0726,0.0726,0.2375,1,0,0.0000,0,0.0000,0.0000,0.0000,0.0000,0.0726,0.3600,IDLE,1,0,step_done_latches_cleared,0,0,0.000,0,nan,nan,nan,0.0000,0,5,0.6000,0.5768,0.3290,0.5768,0.0232,本圈台阶完成,1,0.0000,0.150,0.330
6861.336,ROUNDABOUT,4.980,0,2.752,0.0000,0.0000,vision,2.752,4.980,0.771,icn_entry_left,0.1900,0.3600,0,line_too_few_bands,0.0000,0.0000,0.0000,0.0000,0.0000,0,0,0.0000,0,0.0000,0.0000,0.0000,0.0000,0.0000,0.3600,IDLE,1,0,step_done_latches_cleared,0,0,0.000,0,nan,nan,nan,0.0000,0,5,0.6000,0.5768,0.3290,0.5768,0.0232,本圈台阶完成,1,0.0000,0.150,0.330
6861.467,ROUNDABOUT,5.111,0,2.752,0.0000,0.0000,vision,2.752,5.111,0.786,icn_entry_left,0.1900,0.3600,0,line_too_few_bands,0.0000,0.0000,0.0000,0.0000,0.0000,0,0,0.0000,0,0.0000,0.0000,0.0000,0.0000,0.0000,0.3600,IDLE,1,0,step_done_latches_cleared,0,0,0.000,0,nan,nan,nan,0.0000,0,5,0.6000,0.5768,0.3290,0.5768,0.0232,本圈台阶完成,1,0.0000,0.150,0.330
6861.598,ROUNDABOUT,5.241,0,2.752,0.0000,0.0000,vision,2.752,5.241,0.805,icn_entry_left,0.1900,0.3600,1,line_center_tracking,0.0039,0.0039,0.0039,0.0039,0.2375,1,0,0.0000,0,0.0043,0.0000,0.0000,0.0000,0.0039,0.3600,IDLE,1,0,step_done_latches_cleared,0,0,0.000,0,nan,nan,nan,0.0000,0,5,0.6000,0.5768,0.3290,0.5768,0.0232,本圈台阶完成,1,0.0000,0.150,0.330
6861.726,ROUNDABOUT,5.370,0,2.752,0.0000,0.0000,vision,2.752,5.370,0.821,icn_entry_left,0.1900,0.3600,0,line_too_few_bands,0.0000,0.0000,0.0000,0.0000,0.0000,0,0,0.0000,0,0.0043,0.0000,0.0000,0.0000,0.0000,0.3600,IDLE,1,0,step_done_latches_cleared,0,0,0.000,0,nan,nan,nan,0.0000,0,5,0.6000,0.5768,0.3290,0.5768,0.0232,本圈台阶完成,1,0.0000,0.150,0.330
6861.853,ROUNDABOUT,5.496,0,2.752,0.0000,0.0000,vision,2.752,5.496,0.836,icn_entry_left,0.1900,0.3600,1,line_center_tracking,-0.1348,-0.1348,-0.1348,-0.1348,0.2375,1,0,0.0000,0,0.0043,0.0000,0.0000,0.0000,-0.1348,0.3600,IDLE,1,0,step_done_latches_cleared,0,0,0.000,0,nan,nan,nan,0.0000,0,5,0.6000,0.5768,0.3290,0.5768,0.0232,本圈台阶完成,1,0.0000,0.150,0.330
6861.981,ROUNDABOUT,5.625,0,2.752,0.0000,0.0000,vision,2.752,5.625,0.855,icn_entry_left,0.1900,0.3600,1,line_center_tracking,-0.1800,-0.1800,-0.1800,-0.1800,0.2375,1,0,0.0000,0,0.0043,0.0000,0.0000,0.0000,-0.1800,0.3600,IDLE,1,0,step_done_latches_cleared,0,0,0.000,0,nan,nan,nan,0.0000,0,5,0.6000,0.5768,0.3290,0.5768,0.0232,本圈台阶完成,1,0.0000,0.150,0.330
6862.117,ROUNDABOUT,5.760,0,2.752,0.0000,0.0000,vision,2.752,5.760,0.873,icn_entry_left,0.1900,0.3600,0,line_too_few_bands,0.0000,0.0000,0.0000,0.0000,0.0000,0,0,0.0000,0,0.0043,0.0000,0.0000,0.0000,0.0000,0.3600,IDLE,1,0,step_done_latches_cleared,0,0,0.000,0,nan,nan,nan,0.0000,0,5,0.6000,0.5768,0.3290,0.5768,0.0232,本圈台阶完成,1,0.0000,0.150,0.330
6862.245,ROUNDABOUT,5.889,0,2.752,0.0000,0.0000,vision,2.752,5.889,0.887,icn_entry_left,0.1900,0.3600,1,line_center_tracking,-0.3557,-0.3557,-0.3557,-0.3557,0.2375,1,0,0.0000,0,0.0043,0.0000,0.0000,0.0000,-0.3557,0.3600,IDLE,1,0,step_done_latches_cleared,0,0,0.000,0,nan,nan,nan,0.0000,0,5,0.6000,0.5768,0.3290,0.5768,0.0232,本圈台阶完成,1,0.0000,0.150,0.330
6862.376,ROUNDABOUT,6.019,0,2.752,0.0000,0.0000,vision,2.752,6.019,0.907,icn_entry_left,0.1900,0.3600,1,line_center_tracking,-0.4173,-0.4173,-0.4173,-0.4173,0.2375,1,0,0.0000,0,0.0000,0.0000,0.0000,0.0000,-0.4173,0.3600,IDLE,1,0,step_done_latches_cleared,0,0,0.000,0,nan,nan,nan,0.0000,0,5,0.6000,0.5768,0.3290,0.5768,0.0232,本圈台阶完成,1,0.0000,0.150,0.330
6862.511,ROUNDABOUT,6.154,0,2.752,0.0000,0.0000,vision,2.752,6.154,0.925,icn_entry_left,0.1900,0.3600,0,line_too_few_bands,0.0000,0.0000,0.0000,0.0000,0.0000,0,0,0.0000,0,0.0043,0.0000,0.0000,0.0000,0.0000,0.3600,IDLE,1,0,step_done_latches_cleared,0,0,0.000,0,nan,nan,nan,0.0000,0,5,0.6000,0.5768,0.3290,0.5768,0.0232,本圈台阶完成,1,0.0000,0.150,0.330
6862.637,ROUNDABOUT,6.281,0,2.752,0.0000,0.0000,vision,2.752,6.281,0.941,icn_entry_left,0.1900,0.3600,1,line_hard_turn_centering,-0.6176,-0.6176,-0.6176,-0.6176,0.2375,1,0,0.0000,0,0.0043,0.0000,0.0000,0.0000,-0.6176,0.3600,IDLE,1,0,step_done_latches_cleared,0,0,0.000,0,nan,nan,nan,0.0000,0,5,0.6000,0.5768,0.3290,0.5768,0.0232,本圈台阶完成,1,0.0000,0.150,0.330
6862.772,ROUNDABOUT,6.416,0,2.752,0.0000,0.0000,vision,2.752,6.416,0.957,icn_entry_left,0.1900,0.3600,0,line_too_few_bands,0.0000,0.0000,0.0000,0.0000,0.0000,0,0,0.0000,0,0.0000,0.0000,0.0000,0.0000,0.0000,0.3600,IDLE,1,0,step_done_latches_cleared,0,0,0.000,0,nan,nan,nan,0.0000,0,5,0.6000,0.5768,0.3290,0.5768,0.0232,本圈台阶完成,1,0.0000,0.150,0.330
6862.908,ROUNDABOUT,6.551,0,2.752,0.0000,0.0000,vision,2.752,6.551,0.973,icn_entry_left,0.1900,0.3600,0,line_too_few_bands,0.0000,0.0000,0.0000,0.0000,0.0000,0,0,0.0000,0,0.0000,0.0000,0.0000,0.0000,0.0000,0.3600,IDLE,1,0,step_done_latches_cleared,0,0,0.000,0,nan,nan,nan,0.0000,0,5,0.6000,0.5768,0.3290,0.5768,0.0232,本圈台阶完成,1,0.0000,0.150,0.330
6863.051,ROUNDABOUT,6.694,0,2.752,0.0000,0.0000,vision,2.752,6.694,0.987,icn_entry_left,0.1900,0.3600,0,line_too_few_bands,0.0000,0.0000,0.0000,0.0000,0.0000,0,0,0.0000,0,0.0000,0.0000,0.0000,0.0000,0.0000,0.3600,IDLE,1,0,step_done_latches_cleared,0,0,0.000,0,1.2800,nan,0.0381,0.7293,2,5,0.6000,0.5768,0.3290,0.5768,0.0232,本圈台阶完成,1,0.0000,0.150,0.330
6863.178,ROUNDABOUT_FOLLOW,0.000,0,2.752,0.0000,0.0000,vision,2.752,,,roundabout_blue_guard_left,0.1417,0.3000,0,line_too_few_bands,0.0000,0.0000,0.0000,0.0000,0.0000,0,0,0.0000,0,0.0000,0.0000,0.0000,0.0000,0.0000,0.3000,IDLE,1,0,step_done_latches_cleared,0,0,0.000,1,1.2800,nan,0.0419,0.8609,6,5,0.6000,0.5768,0.3290,0.5768,0.0232,本圈台阶完成,1,0.0000,0.150,0.330
6863.311,ROUNDABOUT_FOLLOW,0.133,0,2.752,0.0000,0.0000,vision,2.752,,,roundabout_blue_guard_left,0.0911,0.3000,0,line_too_few_bands,0.0000,0.0000,0.0000,0.0000,0.0000,0,0,0.0000,0,0.0000,0.0000,0.0000,0.0000,0.0000,0.3000,IDLE,1,0,step_done_latches_cleared,0,0,0.000,1,1.2600,nan,0.0434,0.8813,9,5,0.6000,0.5768,0.3290,0.5768,0.0232,本圈台阶完成,1,0.0000,0.150,0.330
6863.439,ROUNDABOUT_FOLLOW,0.261,0,2.752,0.0000,0.0000,vision,2.752,,,roundabout_blue_guard_left,0.0450,0.3000,0,line_too_few_bands,0.0000,0.0000,0.0000,0.0000,0.0000,0,0,0.0000,0,0.0000,0.0000,0.0000,0.0000,0.0000,0.3000,IDLE,1,0,step_done_latches_cleared,0,0,0.000,1,1.2400,nan,0.0458,0.9125,13,5,0.6000,0.5768,0.3290,0.5768,0.0232,本圈台阶完成,1,0.0000,0.150,0.330
6863.564,ROUNDABOUT_FOLLOW,0.387,0,2.752,0.0000,0.0000,vision,2.752,,,roundabout_blue_guard_left,0.0450,0.3000,0,line_too_few_bands,0.0000,0.0000,0.0000,0.0000,0.0000,0,0,0.0000,0,0.0086,0.0000,0.0000,0.0000,0.0000,0.3000,IDLE,1,0,step_done_latches_cleared,0,0,0.000,1,1.2400,nan,0.0474,0.9360,16,5,0.6000,0.5768,0.3290,0.5768,0.0232,本圈台阶完成,1,0.0000,0.150,0.330
6863.690,ROUNDABOUT_FOLLOW,0.512,0,2.752,0.0000,0.0000,vision,2.752,,,roundabout_blue_guard_left,0.0450,0.3000,0,line_too_few_bands,0.0000,0.0000,0.0000,0.0000,0.0000,0,0,0.0000,0,0.0301,0.0000,0.0000,0.0000,0.0000,0.3000,IDLE,1,0,step_done_latches_cleared,0,0,0.000,1,1.2400,nan,0.0506,0.9629,20,5,0.6000,0.5768,0.3290,0.5768,0.0232,本圈台阶完成,1,0.0000,0.150,0.330
6863.813,ROUNDABOUT_FOLLOW,0.635,0,2.752,0.0000,0.0000,vision,2.752,,,roundabout_blue_guard_left,0.0450,0.3000,0,line_too_few_bands,0.0000,0.0000,0.0000,0.0000,0.0000,0,0,0.0000,0,0.1332,0.0000,0.0000,0.0000,0.0000,0.3000,IDLE,1,0,step_done_latches_cleared,0,0,0.000,1,1.2400,nan,0.0507,0.9621,23,5,0.6000,0.5768,0.3290,0.5768,0.0232,本圈台阶完成,1,0.0000,0.150,0.330
6863.942,ROUNDABOUT_FOLLOW,0.764,0,2.752,0.0000,0.0000,vision,2.752,,,roundabout_blue_guard_left,0.0450,0.3000,0,line_too_few_bands,0.0000,0.0000,0.0000,0.0000,0.0000,0,0,0.0000,0,0.1719,0.0000,0.0000,0.0000,0.0000,0.3000,IDLE,1,0,step_done_latches_cleared,0,0,0.000,1,1.2400,nan,0.0528,0.9350,26,5,0.6000,0.5768,0.3290,0.5768,0.0232,本圈台阶完成,1,0.0000,0.150,0.330
6864.066,ROUNDABOUT_FOLLOW,0.889,0,2.752,0.0000,0.0000,vision,2.752,,,roundabout_blue_guard_left,0.0450,0.3000,0,line_too_few_bands,0.0000,0.0000,0.0000,0.0000,0.0000,0,0,0.0000,0,0.2793,0.0000,0.0000,0.0000,0.0000,0.3000,IDLE,1,0,step_done_latches_cleared,0,0,0.000,1,1.2100,nan,0.0533,0.9285,29,5,0.6000,0.5768,0.3290,0.5768,0.0232,本圈台阶完成,1,0.0000,0.150,0.330
6864.190,ROUNDABOUT_FOLLOW,1.012,0,2.752,0.0000,0.0000,vision,2.752,,,roundabout_blue_guard_left,0.0450,0.3000,0,line_too_few_bands,0.0000,0.0000,0.0000,0.0000,0.0000,0,0,0.0000,1,0.6512,0.0000,0.0000,0.0000,0.0000,0.3000,IDLE,1,0,step_done_latches_cleared,0,0,0.000,1,1.2100,nan,0.0544,0.9138,32,5,0.6000,0.5768,0.3290,0.5768,0.0232,本圈台阶完成,1,0.0000,0.150,0.330
6864.312,ROUNDABOUT_FOLLOW,1.135,0,2.752,0.0000,0.0000,vision,2.752,,,roundabout_blue_guard_left,0.0450,0.3000,0,line_too_few_bands,0.0000,0.0000,0.0000,0.0000,0.0000,0,0,0.0000,1,0.8368,0.0000,0.0000,0.0000,0.0000,0.3000,IDLE,1,0,step_done_latches_cleared,0,0,1.000,1,1.1900,1.1900,0.0555,0.8999,36,5,0.6000,0.5768,0.3290,0.5768,0.0232,本圈台阶完成,1,0.0000,0.150,0.330
6864.450,ROUNDABOUT_FOLLOW,1.272,0,2.752,0.0000,0.0000,vision,2.752,,,roundabout_blue_guard_left,0.0450,0.3000,0,line_too_few_bands,0.0000,0.0000,0.0000,0.0000,0.0000,0,0,0.0000,1,1.0000,0.0000,0.0000,0.0000,0.0000,0.3000,IDLE,1,0,step_done_latches_cleared,0,0,2.000,1,1.1800,1.1850,0.0557,0.8967,39,5,0.6000,0.5768,0.3290,0.5768,0.0232,本圈台阶完成,1,0.0000,0.150,0.330
6864.592,ROUNDABOUT_FOLLOW,1.415,0,2.752,0.0000,0.0000,vision,2.752,,,roundabout_blue_guard_left,0.0450,0.3000,0,line_too_few_bands,0.0000,0.0000,0.0000,0.0000,0.0000,0,0,0.0000,1,1.0000,0.0000,0.0000,0.0000,0.0000,0.3000,IDLE,1,0,step_done_latches_cleared,0,0,3.000,1,1.1800,1.1800,0.0558,0.8961,43,5,0.6000,0.5768,0.3290,0.5768,0.0232,本圈台阶完成,1,0.0000,0.150,0.330
6864.727,ROUNDABOUT_FOLLOW,1.550,0,2.752,0.0000,0.0000,vision,2.752,,,roundabout_blue_guard_left,0.0450,0.3000,0,line_too_few_bands,0.0000,0.0000,0.0000,0.0000,0.0000,0,0,0.0000,1,1.0000,0.0000,0.0000,0.0000,0.0000,0.3000,IDLE,1,0,step_done_latches_cleared,0,0,4.000,1,1.1600,1.1800,0.0550,0.9076,46,5,0.6000,0.5768,0.3290,0.5768,0.0232,本圈台阶完成,1,0.0000,0.150,0.330
6864.861,ROUNDABOUT_FOLLOW,1.683,0,2.752,0.0000,0.0000,vision,2.752,,,roundabout_blue_guard_left,0.0450,0.3000,1,line_hard_turn_centering,-0.6847,-0.6847,-0.6847,-0.6847,0.2375,1,0,0.0000,1,0.9223,0.0000,0.0000,0.0000,-0.6847,0.3000,IDLE,1,0,step_done_latches_cleared,0,0,5.000,1,1.1600,1.1800,0.0547,0.9110,50,5,0.6000,0.5768,0.3290,0.5768,0.0232,本圈台阶完成,1,0.0000,0.150,0.330
6864.997,ROUNDABOUT_FOLLOW,1.819,0,2.752,0.0000,0.0000,vision,2.752,,,roundabout_blue_guard_left,0.0450,0.3000,0,line_too_few_bands,0.0000,0.0000,0.0000,0.0000,0.0000,0,0,0.0000,1,0.9681,0.0000,0.0000,0.0000,0.0000,0.3000,IDLE,1,0,step_done_latches_cleared,0,0,6.000,1,1.1600,1.1600,0.0549,0.9080,53,5,0.6000,0.5768,0.3290,0.5768,0.0232,本圈台阶完成,1,0.0000,0.150,0.330
6865.127,ROUNDABOUT_FOLLOW,1.949,0,2.752,0.0000,0.0000,vision,2.752,,,roundabout_blind_arc_recovery,0.0945,0.1600,0,line_too_few_bands,0.0000,0.0000,0.0000,0.0000,0.0000,0,0,0.0000,1,0.9493,0.0000,0.0000,0.0000,0.0000,0.1600,IDLE,1,0,step_done_latches_cleared,0,0,6.000,1,1.1500,1.1600,0.0548,0.9097,57,5,0.6000,0.5768,0.3290,0.5768,0.0232,本圈台阶完成,1,0.0000,0.150,0.330
6865.256,ROUNDABOUT_FOLLOW,2.078,0,2.752,0.0000,0.0000,vision,2.752,,,roundabout_blind_arc_recovery,0.1000,0.1600,0,line_too_few_bands,0.0000,0.0000,0.0000,0.0000,0.0000,0,0,0.0000,1,1.0000,0.0000,0.0000,0.0000,0.0000,0.1600,IDLE,1,0,step_done_latches_cleared,0,0,6.000,1,1.1400,1.1600,0.0546,0.9132,60,5,0.6000,0.5768,0.3290,0.5768,0.0232,本圈台阶完成,1,0.0000,0.150,0.330
6865.395,ROUNDABOUT_FOLLOW,2.217,0,2.752,0.0000,0.0000,vision,2.752,,,roundabout_blind_arc_recovery,0.1000,0.1600,0,line_too_few_bands,0.0000,0.0000,0.0000,0.0000,0.0000,0,0,0.0000,1,1.0000,0.0000,0.0000,0.0000,0.0000,0.1600,IDLE,1,0,step_done_latches_cleared,0,0,6.000,1,1.1100,1.1500,0.0546,0.9127,65,5,0.6000,0.5768,0.3290,0.5768,0.0232,本圈台阶完成,1,0.0000,0.150,0.330
6865.521,ROUNDABOUT_FOLLOW,2.343,0,2.752,0.0000,0.0000,vision,2.752,,,roundabout_blind_arc_recovery,0.1000,0.1600,0,line_too_few_bands,0.0000,0.0000,0.0000,0.0000,0.0000,0,0,0.0000,1,1.0000,0.0000,0.0000,0.0000,0.0000,0.1600,IDLE,1,0,step_done_latches_cleared,0,0,6.000,1,1.1100,1.1400,0.0558,0.8955,68,5,0.6000,0.5768,0.3290,0.5768,0.0232,本圈台阶完成,1,0.0000,0.150,0.330
6865.654,ROUNDABOUT_FOLLOW,2.476,0,2.752,0.0000,0.0000,vision,2.752,,,roundabout_blind_arc_recovery,0.1000,0.1600,0,line_too_few_bands,0.0000,0.0000,0.0000,0.0000,0.0000,0,0,0.0000,1,1.0000,0.0000,0.0000,0.0000,0.0000,0.1600,IDLE,1,0,step_done_latches_cleared,0,0,6.000,1,1.1700,1.1400,0.0567,0.8848,73,5,0.6000,0.5768,0.3290,0.5768,0.0232,本圈台阶完成,1,0.0000,0.150,0.330
6865.797,ROUNDABOUT_FOLLOW,2.619,0,2.752,0.0000,0.0000,vision,2.752,,,roundabout_blind_arc_recovery,0.1000,0.1600,0,line_too_few_bands,0.0000,0.0000,0.0000,0.0000,0.0000,0,0,0.0000,1,1.0000,0.0000,0.0000,0.0000,0.0000,0.1600,IDLE,1,0,step_done_latches_cleared,0,0,5.400,1,1.2200,1.1400,0.0565,0.8850,77,5,0.6000,0.5768,0.3290,0.5768,0.0232,本圈台阶完成,1,0.0000,0.150,0.330
6865.946,ROUNDABOUT_FOLLOW,2.768,0,2.752,0.0000,0.0000,vision,2.752,,,roundabout_blind_arc_recovery,0.1000,0.1600,0,line_too_few_bands,0.0000,0.0000,0.0000,0.0000,0.0000,0,0,0.0000,1,0.8536,0.0000,0.0000,0.0000,0.0000,0.1600,IDLE,1,0,step_done_latches_cleared,0,0,4.800,1,1.2600,1.1250,0.0566,0.8837,82,5,0.6000,0.5768,0.3290,0.5768,0.0232,本圈台阶完成,1,0.0000,0.150,0.330
6866.072,ROUNDABOUT_FOLLOW,2.895,0,2.752,0.0000,0.0000,vision,2.752,,,roundabout_blind_arc_recovery,0.1000,0.1600,0,line_too_few_bands,0.0000,0.0000,0.0000,0.0000,0.0000,0,0,0.0000,0,0.3094,0.0000,0.0000,0.0000,0.0000,0.1600,IDLE,1,0,step_done_latches_cleared,0,0,4.200,1,1.2800,1.1100,0.0577,0.8689,86,5,0.6000,0.5768,0.3290,0.5768,0.0232,本圈台阶完成,1,0.0000,0.150,0.330
6866.208,ROUNDABOUT_FOLLOW,3.030,0,2.752,0.0000,0.0000,vision,2.752,,,roundabout_blind_arc_recovery,0.1000,0.1600,0,line_too_few_bands,0.0000,0.0000,0.0000,0.0000,0.0000,0,0,0.0000,0,0.2836,0.0000,0.0000,0.0000,0.0000,0.1600,IDLE,1,0,step_done_latches_cleared,0,0,3.600,1,1.2800,1.1400,0.0560,0.8914,91,5,0.6000,0.5768,0.3290,0.5768,0.0232,本圈台阶完成,1,0.0000,0.150,0.330
6866.342,ROUNDABOUT_FOLLOW,3.164,0,2.752,0.0000,0.0000,vision,2.752,,,roundabout_follow_left_locked,0.1507,-0.0400,1,line_center_tracking,0.3014,0.3014,0.3014,0.3014,0.2375,1,0,0.0000,0,0.2579,0.0000,0.0000,0.0000,0.3014,-0.0400,IDLE,1,0,step_done_latches_cleared,0,0,3.000,1,1.3250,1.1700,0.0517,0.9406,96,5,0.6000,0.5768,0.3290,0.5768,0.0232,本圈台阶完成,1,0.0000,0.150,0.330
6866.471,ROUNDABOUT_FOLLOW,3.293,0,2.752,0.0000,0.0000,vision,2.752,,,roundabout_blind_arc_recovery,0.1017,0.1600,0,line_too_few_bands,0.0000,0.0000,0.0000,0.0000,0.0000,0,0,0.0000,0,0.1848,0.0000,0.0000,0.0000,0.0000,0.1600,IDLE,1,0,step_done_latches_cleared,0,0,2.400,1,1.2800,nan,0.0473,0.8407,101,5,0.6000,0.5768,0.3290,0.5768,0.0232,本圈台阶完成,1,0.0000,0.150,0.330
6866.635,ROUNDABOUT_FOLLOW,3.457,0,2.752,0.0000,0.0000,vision,2.752,,,roundabout_blind_arc_recovery,0.1000,0.1600,0,line_too_few_bands,0.0000,0.0000,0.0000,0.0000,0.0000,0,0,0.0000,0,0.2493,0.0000,0.0000,0.0000,0.0000,0.1600,IDLE,1,0,step_done_latches_cleared,0,0,1.800,0,nan,nan,nan,0.0000,0,5,0.6000,0.5768,0.3290,0.5768,0.0232,本圈台阶完成,1,0.0000,0.150,0.330
6866.767,ROUNDABOUT_FOLLOW,3.589,0,2.752,0.0000,0.0000,vision,2.752,,,roundabout_follow_left_locked,0.1502,-0.0400,1,line_center_tracking,0.4701,0.4701,0.4701,0.4701,0.2375,1,0,0.0000,0,0.1117,0.0000,0.0000,0.0000,0.4701,-0.0400,IDLE,1,0,step_done_latches_cleared,0,0,1.200,0,nan,nan,nan,0.0000,0,5,0.6000,0.5768,0.3290,0.5768,0.0232,本圈台阶完成,1,0.0000,0.150,0.330
6866.900,ROUNDABOUT_FOLLOW,3.722,0,2.752,0.0000,0.0000,vision,2.752,,,roundabout_follow_left_locked,0.1700,-0.0400,1,line_center_tracking,0.4116,0.4116,0.4116,0.4116,0.2375,1,0,0.0000,0,0.0860,0.0000,0.0000,0.0000,0.4116,-0.0400,IDLE,1,0,step_done_latches_cleared,0,0,0.600,0,nan,nan,nan,0.0000,0,5,0.6000,0.5768,0.3290,0.5768,0.0232,本圈台阶完成,1,0.0000,0.150,0.330
6867.034,ROUNDABOUT_FOLLOW,3.856,0,2.752,0.0000,0.0000,vision,2.752,,,roundabout_follow_left_locked,0.1923,-0.0400,1,line_center_tracking,0.2620,0.2966,0.1729,0.1729,0.3791,2,0,0.0000,0,0.0860,0.1237,0.0000,0.1237,0.2141,-0.0400,IDLE,1,0,step_done_latches_cleared,0,0,0.000,0,nan,nan,nan,0.0000,0,5,0.6000,0.5768,0.3290,0.5768,0.0232,本圈台阶完成,1,0.0000,0.150,0.330
6867.175,ROUNDABOUT_FOLLOW,3.997,0,2.752,0.0000,0.0000,vision,2.752,,,roundabout_follow_left_locked,0.2332,-0.0400,1,line_center_tracking,0.0866,0.0866,0.0866,0.0866,0.2375,1,0,0.0000,0,0.0559,0.0000,0.0000,0.0000,0.0866,-0.0400,IDLE,1,0,step_done_latches_cleared,0,0,0.000,0,nan,nan,nan,0.0000,0,5,0.6000,0.5768,0.3290,0.5768,0.0232,本圈台阶完成,1,0.0000,0.150,0.330
6867.307,ROUNDABOUT_FOLLOW,4.130,0,2.752,0.0000,0.0000,vision,2.752,,,roundabout_blind_arc_recovery,0.1829,0.1600,0,line_too_few_bands,0.0000,0.0000,0.0000,0.0000,0.0000,0,0,0.0000,0,0.0559,0.0000,0.0000,0.0000,0.0000,0.1600,IDLE,1,0,step_done_latches_cleared,0,0,0.000,0,nan,nan,nan,0.0000,0,5,0.6000,0.5768,0.3290,0.5768,0.0232,本圈台阶完成,1,0.0000,0.150,0.330
6867.443,ROUNDABOUT_FOLLOW,4.265,0,2.752,0.0000,0.0000,vision,2.752,,,roundabout_follow_left_locked,0.2111,-0.0400,1,line_center_tracking,0.2002,0.2002,0.2002,0.2002,0.2375,1,0,0.0000,0,0.0258,0.0000,0.0000,0.0000,0.2002,-0.0400,IDLE,1,0,step_done_latches_cleared,0,0,0.000,0,nan,nan,nan,0.0000,0,5,0.6000,0.5768,0.3290,0.5768,0.0232,本圈台阶完成,1,0.0000,0.150,0.330
6867.572,ROUNDABOUT_FOLLOW,4.394,0,2.752,0.0000,0.0000,vision,2.752,,,roundabout_follow_left_locked,0.2291,-0.0400,1,line_center_tracking,0.1073,0.1073,0.1073,0.1073,0.2375,1,0,0.0000,0,0.0086,0.0000,0.0000,0.0000,0.1073,-0.0400,IDLE,1,0,step_done_latches_cleared,0,0,0.000,0,nan,nan,nan,0.0000,0,5,0.6000,0.5768,0.3290,0.5768,0.0232,本圈台阶完成,1,0.0000,0.150,0.330
6867.699,ROUNDABOUT_FOLLOW,4.522,0,2.752,0.0000,0.0000,vision,2.752,,,roundabout_blind_arc_recovery,0.1808,0.1600,0,line_too_few_bands,0.0000,0.0000,0.0000,0.0000,0.0000,0,0,0.0000,0,0.0043,0.0000,0.0000,0.0000,0.0000,0.1600,IDLE,1,0,step_done_latches_cleared,0,0,0.000,0,nan,nan,nan,0.0000,0,5,0.6000,0.5768,0.3290,0.5768,0.0232,本圈台阶完成,1,0.0000,0.150,0.330
6867.835,ROUNDABOUT_FOLLOW,4.657,0,2.752,0.0000,0.0000,vision,2.752,,,roundabout_blind_arc_recovery,0.1302,0.1600,0,line_too_few_bands,0.0000,0.0000,0.0000,0.0000,0.0000,0,0,0.0000,0,0.0000,0.0000,0.0000,0.0000,0.0000,0.1600,IDLE,1,0,step_done_latches_cleared,0,0,0.000,0,nan,nan,nan,0.0000,0,5,0.6000,0.5768,0.3290,0.5768,0.0232,本圈台阶完成,1,0.0000,0.150,0.330
6867.971,ROUNDABOUT_FOLLOW,4.793,0,2.752,0.0000,0.0000,vision,2.752,,,roundabout_blue_guard_left,0.0795,0.3000,1,line_hard_turn_centering,-0.7283,-0.7283,-0.7283,-0.7283,0.2375,1,0,0.0000,0,0.0000,0.0000,0.0000,0.0000,-0.7283,0.3000,IDLE,1,0,step_done_latches_cleared,0,0,0.000,0,nan,nan,nan,0.0000,0,5,0.6000,0.5768,0.3290,0.5768,0.0232,本圈台阶完成,1,0.0000,0.150,0.330
6868.103,ROUNDABOUT_FOLLOW,4.925,0,2.752,0.0000,0.0000,vision,2.752,,,roundabout_blue_guard_left,0.0450,0.3000,0,line_too_few_bands,0.0000,0.0000,0.0000,0.0000,0.0000,0,0,0.0000,0,0.0000,0.0000,0.0000,0.0000,0.0000,0.3000,IDLE,1,0,step_done_latches_cleared,0,0,0.000,0,nan,nan,nan,0.0000,0,5,0.6000,0.5768,0.3290,0.5768,0.0232,本圈台阶完成,1,0.0000,0.150,0.330
6868.235,ROUNDABOUT_FOLLOW,5.057,0,2.752,0.0000,0.0000,vision,2.752,,,roundabout_blue_guard_left,0.0450,0.3000,0,line_too_few_bands,0.0000,0.0000,0.0000,0.0000,0.0000,0,0,0.0000,0,0.0000,0.0000,0.0000,0.0000,0.0000,0.3000,IDLE,1,0,step_done_latches_cleared,0,0,0.000,0,nan,nan,nan,0.0000,0,5,0.6000,0.5768,0.3290,0.5768,0.0232,本圈台阶完成,1,0.0000,0.150,0.330
6868.374,ROUNDABOUT_FOLLOW,5.197,0,2.752,0.0000,0.0000,vision,2.752,,,roundabout_blue_guard_left,0.0450,0.3000,0,line_too_few_bands,0.0000,0.0000,0.0000,0.0000,0.0000,0,0,0.0000,0,0.0000,0.0000,0.0000,0.0000,0.0000,0.3000,IDLE,1,0,step_done_latches_cleared,0,0,0.000,0,nan,nan,nan,0.0000,0,5,0.6000,0.5768,0.3290,0.5768,0.0232,本圈台阶完成,1,0.0000,0.150,0.330
6868.507,ROUNDABOUT_FOLLOW,5.329,0,2.752,0.0000,0.0000,vision,2.752,,,roundabout_blue_guard_left,0.0450,0.3000,0,line_too_few_bands,0.0000,0.0000,0.0000,0.0000,0.0000,0,0,0.0000,0,0.0000,0.0000,0.0000,0.0000,0.0000,0.3000,IDLE,1,0,step_done_latches_cleared,0,0,0.000,0,nan,nan,nan,0.0000,0,5,0.6000,0.5768,0.3290,0.5768,0.0232,本圈台阶完成,1,0.0000,0.150,0.330
6868.635,ROUNDABOUT_FOLLOW,5.457,0,2.752,0.0000,0.0000,vision,2.752,,,roundabout_blue_guard_left,0.0450,0.3000,0,line_too_few_bands,0.0000,0.0000,0.0000,0.0000,0.0000,0,0,0.0000,0,0.0000,0.0000,0.0000,0.0000,0.0000,0.3000,IDLE,1,0,step_done_latches_cleared,0,0,0.000,0,nan,nan,nan,0.0000,0,5,0.6000,0.5768,0.3290,0.5768,0.0232,本圈台阶完成,1,0.0000,0.150,0.330
6868.770,ROUNDABOUT_FOLLOW,5.592,0,2.752,0.0000,0.0000,vision,2.752,,,roundabout_blue_guard_left,0.0450,0.3000,0,line_too_few_bands,0.0000,0.0000,0.0000,0.0000,0.0000,0,0,0.0000,0,0.0000,0.0000,0.0000,0.0000,0.0000,0.3000,IDLE,1,0,step_done_latches_cleared,0,0,0.000,0,nan,nan,nan,0.0000,0,5,0.6000,0.5768,0.3290,0.5768,0.0232,本圈台阶完成,1,0.0000,0.150,0.330
6868.921,ROUNDABOUT_FOLLOW,5.743,0,2.752,0.0000,0.0000,vision,2.752,,,roundabout_blue_guard_left,0.0450,0.3000,0,line_too_few_bands,0.0000,0.0000,0.0000,0.0000,0.0000,0,0,0.0000,0,0.0000,0.0000,0.0000,0.0000,0.0000,0.3000,IDLE,1,0,step_done_latches_cleared,0,0,0.000,0,nan,nan,nan,0.0000,0,5,0.6000,0.5768,0.3290,0.5768,0.0232,本圈台阶完成,1,0.0000,0.150,0.330
6869.074,ROUNDABOUT_FOLLOW,5.897,0,2.752,0.0000,0.0000,vision,2.752,,,roundabout_blue_guard_left,0.0450,0.3000,0,line_too_few_bands,0.0000,0.0000,0.0000,0.0000,0.0000,0,0,0.0000,0,0.0000,0.0000,0.0000,0.0000,0.0000,0.3000,IDLE,1,0,step_done_latches_cleared,0,0,0.000,0,nan,nan,nan,0.0000,0,5,0.6000,0.5768,0.3290,0.5768,0.0232,本圈台阶完成,1,0.0000,0.150,0.330
6869.215,ROUNDABOUT_FOLLOW,6.037,0,2.752,0.0000,0.0000,vision,2.752,,,roundabout_blue_guard_left,0.0450,0.3000,0,line_too_few_bands,0.0000,0.0000,0.0000,0.0000,0.0000,0,0,0.0000,0,0.0000,0.0000,0.0000,0.0000,0.0000,0.3000,IDLE,1,0,step_done_latches_cleared,0,0,0.000,0,nan,nan,nan,0.0000,0,5,0.6000,0.5768,0.3290,0.5768,0.0232,本圈台阶完成,1,0.0000,0.150,0.330
6869.347,ROUNDABOUT_FOLLOW,6.169,0,2.752,0.0000,0.0000,vision,2.752,,,roundabout_blue_guard_left,0.0450,0.3000,0,line_too_few_bands,0.0000,0.0000,0.0000,0.0000,0.0000,0,0,0.0000,0,0.0000,0.0000,0.0000,0.0000,0.0000,0.3000,IDLE,1,0,step_done_latches_cleared,0,0,0.000,0,nan,nan,nan,0.0000,0,5,0.6000,0.5768,0.3290,0.5768,0.0232,本圈台阶完成,1,0.0000,0.150,0.330
6869.473,ROUNDABOUT_FOLLOW,6.295,0,2.752,0.0000,0.0000,vision,2.752,,,roundabout_blue_guard_left,0.0450,0.3000,0,line_too_few_bands,0.0000,0.0000,0.0000,0.0000,0.0000,0,0,0.0000,0,0.0000,0.0000,0.0000,0.0000,0.0000,0.3000,IDLE,1,0,step_done_latches_cleared,0,0,0.000,0,nan,nan,nan,0.0000,0,5,0.6000,0.5768,0.3290,0.5768,0.0232,本圈台阶完成,1,0.0000,0.150,0.330
6869.613,ROUNDABOUT_FOLLOW,6.435,0,2.752,0.0000,0.0000,vision,2.752,,,roundabout_blue_guard_left,0.0450,0.3000,0,line_too_few_bands,0.0000,0.0000,0.0000,0.0000,0.0000,0,0,0.0000,0,0.0000,0.0000,0.0000,0.0000,0.0000,0.3000,IDLE,1,0,step_done_latches_cleared,0,0,0.000,0,nan,nan,nan,0.0000,0,5,0.6000,0.5768,0.3290,0.5768,0.0232,本圈台阶完成,1,0.0000,0.150,0.330
6869.759,ROUNDABOUT_FOLLOW,6.581,0,2.752,0.0000,0.0000,vision,2.752,,,roundabout_blue_guard_left,0.0450,0.3000,0,line_too_few_bands,0.0000,0.0000,0.0000,0.0000,0.0000,0,0,0.0000,0,0.0000,0.0000,0.0000,0.0000,0.0000,0.3000,IDLE,1,0,step_done_latches_cleared,0,0,0.000,0,nan,nan,nan,0.0000,0,5,0.6000,0.5768,0.3290,0.5768,0.0232,本圈台阶完成,1,0.0000,0.150,0.330
6869.880,ROUNDABOUT_FOLLOW,6.702,0,2.752,0.0000,0.0000,vision,2.752,,,roundabout_blue_guard_left,0.0450,0.3000,0,line_too_few_bands,0.0000,0.0000,0.0000,0.0000,0.0000,0,0,0.0000,0,0.0000,0.0000,0.0000,0.0000,0.0000,0.3000,IDLE,1,0,step_done_latches_cleared,0,0,0.000,0,nan,nan,nan,0.0000,0,5,0.6000,0.5768,0.3290,0.5768,0.0232,本圈台阶完成,1,0.0000,0.150,0.330
6870.026,ROUNDABOUT_FOLLOW,6.849,0,2.752,0.0000,0.0000,vision,2.752,,,roundabout_blue_guard_left,0.0450,0.3000,1,line_hard_turn_centering,-0.7964,-0.7964,-0.7964,-0.7964,0.2375,1,0,0.0000,0,0.0000,0.0000,0.0000,0.0000,-0.7964,0.3000,IDLE,1,0,step_done_latches_cleared,0,0,0.000,0,nan,nan,nan,0.0000,0,5,0.6000,0.5768,0.3290,0.5768,0.0232,本圈台阶完成,1,0.0000,0.150,0.330
6870.169,ROUNDABOUT_FOLLOW,6.991,0,2.752,0.0000,0.0000,vision,2.752,,,roundabout_blue_guard_left,0.0450,0.3000,0,line_too_few_bands,0.0000,0.0000,0.0000,0.0000,0.0000,0,0,0.0000,0,0.0000,0.0000,0.0000,0.0000,0.0000,0.3000,IDLE,1,0,step_done_latches_cleared,0,0,0.000,0,nan,nan,nan,0.0000,0,5,0.6000,0.5768,0.3290,0.5768,0.0232,本圈台阶完成,1,0.0000,0.150,0.330
6870.303,ROUNDABOUT_FOLLOW,7.125,0,2.752,0.0000,0.0000,vision,2.752,,,roundabout_blue_guard_left,0.0450,0.3000,0,line_too_few_bands,0.0000,0.0000,0.0000,0.0000,0.0000,0,0,0.0000,0,0.0000,0.0000,0.0000,0.0000,0.0000,0.3000,IDLE,1,0,step_done_latches_cleared,0,0,0.000,0,nan,nan,nan,0.0000,0,5,0.6000,0.5768,0.3290,0.5768,0.0232,本圈台阶完成,1,0.0000,0.150,0.330
6870.431,ROUNDABOUT_FOLLOW,7.253,0,2.752,0.2000,0.0000,vision,2.752,,,roundabout_blind_arc_recovery,0.0936,0.1600,0,line_too_few_bands,0.0000,0.0000,0.0000,0.0000,0.0000,0,0,0.0000,0,0.0000,0.0000,0.0000,0.0000,0.0000,0.1600,IDLE,1,0,step_done_latches_cleared,0,0,0.000,0,nan,nan,nan,0.0000,0,5,0.6000,0.5768,0.3290,0.5768,0.0232,本圈台阶完成,1,0.0000,0.150,0.330
6870.564,ROUNDABOUT_FOLLOW,7.386,0,2.752,0.0000,0.0000,vision,2.752,,,roundabout_blind_arc_recovery,0.1000,0.1600,0,line_too_few_bands,0.0000,0.0000,0.0000,0.0000,0.0000,0,0,0.0000,0,0.0000,0.0000,0.0000,0.0000,0.0000,0.1600,IDLE,1,0,step_done_latches_cleared,0,0,0.000,0,nan,nan,nan,0.0000,0,5,0.6000,0.5768,0.3290,0.5768,0.0232,本圈台阶完成,1,0.0000,0.150,0.330
6870.705,ROUNDABOUT_FOLLOW,7.527,0,2.752,0.2000,0.0000,vision,2.752,,,roundabout_blind_arc_recovery,0.1000,0.1600,0,line_too_few_bands,0.0000,0.0000,0.0000,0.0000,0.0000,0,0,0.0000,0,0.0000,0.0000,0.0000,0.0000,0.0000,0.1600,IDLE,1,0,step_done_latches_cleared,0,0,0.000,0,nan,nan,nan,0.0000,0,5,0.6000,0.5768,0.3290,0.5768,0.0232,本圈台阶完成,1,0.0000,0.150,0.330
6870.841,ROUNDABOUT_FOLLOW,7.663,0,2.752,0.2000,0.0000,vision,2.752,,,roundabout_blind_arc_recovery,0.1000,0.1600,0,line_too_few_bands,0.0000,0.0000,0.0000,0.0000,0.0000,0,0,0.0000,0,0.0000,0.0000,0.0000,0.0000,0.0000,0.1600,IDLE,1,0,step_done_latches_cleared,0,0,0.000,0,nan,nan,nan,0.0000,0,5,0.6000,0.5768,0.3290,0.5768,0.0232,本圈台阶完成,1,0.0000,0.150,0.330
6870.975,ROUNDABOUT_FOLLOW,7.797,0,2.752,0.0000,0.0000,vision,2.752,,,roundabout_blind_arc_recovery,0.1000,0.1600,0,line_too_few_bands,0.0000,0.0000,0.0000,0.0000,0.0000,0,0,0.0000,0,0.0000,0.0000,0.0000,0.0000,0.0000,0.1600,IDLE,1,0,step_done_latches_cleared,0,0,0.000,0,nan,nan,nan,0.0000,0,5,0.6000,0.5768,0.3290,0.5768,0.0232,本圈台阶完成,1,0.0000,0.150,0.330
6871.192,ROUNDABOUT_FOLLOW,8.014,0,2.752,0.2000,0.0000,vision,2.752,,,roundabout_blind_arc_recovery,0.1000,0.1600,0,line_too_few_bands,0.0000,0.0000,0.0000,0.0000,0.0000,0,0,0.0000,0,0.0000,0.0000,0.0000,0.0000,0.0000,0.1600,IDLE,1,0,step_done_latches_cleared,0,0,0.000,0,nan,nan,nan,0.0000,0,5,0.6000,0.5768,0.3290,0.5768,0.0232,本圈台阶完成,1,0.0000,0.150,0.330
6871.328,ROUNDABOUT_FOLLOW,8.150,0,2.752,0.4000,0.0000,vision,2.752,,,roundabout_blind_arc_recovery,0.1000,0.1600,0,line_too_few_bands,0.0000,0.0000,0.0000,0.0000,0.0000,0,0,0.0000,0,0.0043,0.0000,0.0000,0.0000,0.0000,0.1600,IDLE,1,0,step_done_latches_cleared,0,0,0.000,0,nan,nan,nan,0.0000,0,5,0.6000,0.5768,0.3290,0.5768,0.0232,本圈台阶完成,1,0.0000,0.150,0.330
6871.466,ROUNDABOUT_FOLLOW,8.289,0,2.752,0.4000,0.0000,vision,2.752,,,roundabout_blind_arc_recovery,0.1000,0.1600,0,line_too_few_bands,0.0000,0.0000,0.0000,0.0000,0.0000,0,0,0.0000,0,0.0000,0.0000,0.0000,0.0000,0.0000,0.1600,IDLE,1,0,step_done_latches_cleared,0,0,0.000,0,nan,nan,nan,0.0000,0,5,0.6000,0.5768,0.3290,0.5768,0.0232,本圈台阶完成,1,0.0000,0.150,0.330
6871.599,ROUNDABOUT_FOLLOW,8.421,0,2.752,0.4000,0.0000,vision,2.752,,,roundabout_blind_arc_recovery,0.1000,0.1600,0,line_too_few_bands,0.0000,0.0000,0.0000,0.0000,0.0000,0,0,0.0000,0,0.0000,0.0000,0.0000,0.0000,0.0000,0.1600,IDLE,1,0,step_done_latches_cleared,0,0,0.000,0,nan,nan,nan,0.0000,0,5,0.6000,0.5768,0.3290,0.5768,0.0232,本圈台阶完成,1,0.0000,0.150,0.330
6871.742,ROUNDABOUT_FOLLOW,8.565,0,2.752,0.4000,0.0000,vision,2.752,,,roundabout_follow_left_locked,0.1507,-0.0400,1,line_center_tracking,0.1260,0.1260,0.1260,0.1260,0.2375,1,0,0.0000,0,0.0000,0.0000,0.0000,0.0000,0.1260,-0.0400,IDLE,1,0,step_done_latches_cleared,0,0,0.000,0,nan,nan,nan,0.0000,0,5,0.6000,0.5768,0.3290,0.5768,0.0232,本圈台阶完成,1,0.0000,0.150,0.330
6871.878,ROUNDABOUT_FOLLOW,8.700,0,2.752,0.2000,0.0000,vision,2.752,,,roundabout_follow_left_locked,0.2013,-0.0400,1,line_center_tracking,0.0559,0.0847,-0.0179,-0.0179,0.3955,2,0,0.0000,0,0.0000,0.1026,0.0000,0.1026,0.0163,-0.0400,IDLE,1,0,step_done_latches_cleared,0,0,0.000,0,nan,nan,nan,0.0000,0,5,0.6000,0.5768,0.3290,0.5768,0.0232,本圈台阶完成,1,0.0000,0.150,0.330
6872.033,ROUNDABOUT_FOLLOW,8.855,0,2.752,0.4000,0.0000,vision,2.752,,,roundabout_follow_left_locked,0.2325,0.0050,1,line_center_tracking,-0.0901,-0.0901,-0.0901,-0.0901,0.2375,1,0,0.0000,0,0.0000,0.0000,0.0000,0.0000,-0.0901,0.0050,IDLE,1,0,step_done_latches_cleared,0,0,0.000,0,nan,nan,nan,0.0000,0,5,0.6000,0.5768,0.3290,0.5768,0.0232,本圈台阶完成,1,0.0000,0.150,0.330
6872.173,ROUNDABOUT_FOLLOW,8.995,0,2.752,0.4000,0.0000,vision,2.752,,,roundabout_blind_arc_recovery,0.1818,0.1600,0,line_too_few_bands,0.0000,0.0000,0.0000,0.0000,0.0000,0,0,0.0000,0,0.0000,0.0000,0.0000,0.0000,0.0000,0.1600,IDLE,1,0,step_done_latches_cleared,0,0,0.000,0,nan,nan,nan,0.0000,0,5,0.6000,0.5768,0.3290,0.5768,0.0232,本圈台阶完成,1,0.0000,0.150,0.330
6872.311,ROUNDABOUT_FOLLOW,9.133,0,2.752,0.2000,0.0000,vision,2.752,,,roundabout_blind_arc_recovery,0.1311,0.1600,0,line_too_few_bands,0.0000,0.0000,0.0000,0.0000,0.0000,0,0,0.0000,0,0.0000,0.0000,0.0000,0.0000,0.0000,0.1600,IDLE,1,0,step_done_latches_cleared,0,0,0.000,0,nan,nan,nan,0.0000,0,5,0.6000,0.5768,0.3290,0.5768,0.0232,本圈台阶完成,1,0.0000,0.150,0.330
6872.437,ROUNDABOUT_FOLLOW,9.259,0,2.752,0.4000,0.0000,vision,2.752,,,roundabout_follow_left_locked,0.1788,0.0815,1,line_center_tracking,-0.1558,-0.1057,-0.2847,-0.2847,0.3363,2,0,0.0000,0,0.0000,0.1790,0.0000,0.1790,-0.2250,0.0815,IDLE,1,0,step_done_latches_cleared,0,0,0.000,0,nan,nan,nan,0.0000,0,5,0.6000,0.5768,0.3290,0.5768,0.0232,本圈台阶完成,1,0.0000,0.150,0.330
6872.567,ROUNDABOUT_FOLLOW,9.389,0,2.752,0.2000,0.0000,vision,2.752,,,roundabout_follow_left_locked,0.1567,0.3357,1,line_center_tracking,-0.5128,-0.4800,-0.5972,-0.5972,0.1750,2,0,0.0000,0,0.0000,0.1172,0.0000,0.1172,-0.5581,0.3357,IDLE,1,0,step_done_latches_cleared,0,0,0.000,0,nan,nan,nan,0.0000,0,5,0.6000,0.5768,0.3290,0.5768,0.0232,本圈台阶完成,1,0.0000,0.150,0.330
6872.699,ROUNDABOUT_FOLLOW,9.521,0,2.752,0.2000,0.0000,vision,2.752,,,roundabout_follow_left_locked,0.1063,0.4504,1,line_hard_turn_centering,-0.5305,-0.5305,-0.5305,-0.5305,0.2375,1,0,0.0000,0,0.0000,0.0000,0.0000,0.0000,-0.5305,0.4504,IDLE,1,0,step_done_latches_cleared,0,0,0.000,0,nan,nan,nan,0.0000,0,5,0.6000,0.5768,0.3290,0.5768,0.0232,本圈台阶完成,1,0.0000,0.150,0.330
6872.831,ROUNDABOUT_FOLLOW,9.653,0,2.752,0.2000,0.0000,vision,2.752,,,roundabout_follow_left_locked,0.1564,0.3442,1,line_center_tracking,-0.2477,-0.2477,-0.2477,-0.2477,0.2375,1,0,0.0000,0,0.0000,0.0000,0.0000,0.0000,-0.2477,0.3442,IDLE,1,0,step_done_latches_cleared,0,0,0.000,0,nan,nan,nan,0.0000,0,5,0.6000,0.5768,0.3290,0.5768,0.0232,本圈台阶完成,1,0.0000,0.150,0.330
6872.980,ROUNDABOUT_FOLLOW,9.802,0,2.752,0.2000,0.0000,vision,2.752,,,roundabout_follow_left_locked,0.1057,0.5227,1,line_hard_turn_centering,-0.6202,-0.6202,-0.6202,-0.6202,0.2375,1,0,0.0000,0,0.0000,0.0000,0.0000,0.0000,-0.6202,0.5227,IDLE,1,0,step_done_latches_cleared,0,0,0.000,0,nan,nan,nan,0.0000,0,5,0.6000,0.5768,0.3290,0.5768,0.0232,本圈台阶完成,1,0.0000,0.150,0.330
6873.106,ROUNDABOUT_FOLLOW,9.928,0,2.752,0.2000,0.0000,vision,2.752,,,roundabout_follow_left_locked,0.1243,0.4890,1,line_center_tracking,-0.4398,-0.4398,-0.4398,-0.4398,0.2375,1,0,0.0000,0,0.0000,0.0000,0.0000,0.0000,-0.4398,0.4890,IDLE,1,0,step_done_latches_cleared,0,0,0.000,0,nan,nan,nan,0.0000,0,5,0.6000,0.5768,0.3290,0.5768,0.0232,本圈台阶完成,1,0.0000,0.150,0.330
6873.235,ROUNDABOUT_FOLLOW,10.058,0,2.752,0.2000,0.0000,vision,2.752,,,roundabout_follow_left_locked,0.1050,0.5600,1,line_hard_turn_centering,-0.7355,-0.7295,-0.7891,-0.7891,0.3073,2,0,0.0000,0,0.0000,0.0596,0.0000,0.0596,-0.7692,0.5600,IDLE,1,0,step_done_latches_cleared,0,0,0.000,0,nan,nan,nan,0.0000,0,5,0.6000,0.5768,0.3290,0.5768,0.0232,本圈台阶完成,1,0.0000,0.150,0.330
6873.367,ROUNDABOUT_FOLLOW,10.189,0,2.752,0.2000,0.0000,vision,2.752,,,roundabout_follow_left_locked,0.1064,0.5586,1,line_center_tracking,-0.4560,-0.4560,-0.4560,-0.4560,0.2375,1,0,0.0000,0,0.0000,0.0000,0.0000,0.0000,-0.4560,0.5586,IDLE,1,0,step_done_latches_cleared,0,0,0.000,0,nan,nan,nan,0.0000,0,5,0.6000,0.5768,0.3290,0.5768,0.0232,本圈台阶完成,1,0.0000,0.150,0.330
6873.492,ROUNDABOUT_FOLLOW,10.314,0,2.752,0.2000,0.0000,vision,2.752,,,roundabout_follow_left_locked,0.1098,0.5452,1,line_center_tracking,-0.4876,-0.4876,-0.4876,-0.4876,0.2375,1,0,0.0000,0,0.0000,0.0000,0.0000,0.0000,-0.4876,0.5452,IDLE,1,0,step_done_latches_cleared,0,0,0.000,0,nan,nan,nan,0.0000,0,5,0.6000,0.5768,0.3290,0.5768,0.0232,本圈台阶完成,1,0.0000,0.150,0.330
6873.625,ROUNDABOUT_FOLLOW,10.447,0,2.752,0.0000,0.0000,vision,2.752,,,roundabout_follow_left_locked,0.1050,0.5600,1,line_hard_turn_centering,-0.6019,-0.6019,-0.6019,-0.6019,0.2375,1,0,0.0000,0,0.0000,0.0000,0.0000,0.0000,-0.6019,0.5600,IDLE,1,0,step_done_latches_cleared,0,0,0.000,0,nan,nan,nan,0.0000,0,5,0.6000,0.5768,0.3290,0.5768,0.0232,本圈台阶完成,1,0.0000,0.150,0.330
6873.748,ROUNDABOUT_FOLLOW,10.570,0,2.752,0.0000,0.0000,vision,2.752,,,roundabout_follow_left_locked,0.1050,0.5600,1,line_hard_turn_centering,-0.5746,-0.5746,-0.5746,-0.5746,0.2375,1,0,0.0000,0,0.0387,0.0000,0.0000,0.0000,-0.5746,0.5600,IDLE,1,0,step_done_latches_cleared,0,0,0.000,0,nan,nan,nan,0.0000,0,5,0.6000,0.5768,0.3290,0.5768,0.0232,本圈台阶完成,1,0.0000,0.150,0.330
6873.873,ROUNDABOUT_FOLLOW,10.695,0,2.752,0.0000,0.0000,vision,2.752,,,roundabout_follow_left_locked,0.1050,0.5600,1,line_hard_turn_centering,-0.7343,-0.7283,-0.7882,-0.7882,0.3066,2,0,0.0000,0,0.1074,0.0599,0.0000,0.0599,-0.7683,0.5600,IDLE,1,0,step_done_latches_cleared,0,0,0.000,0,nan,nan,nan,0.0000,0,5,0.6000,0.5768,0.3290,0.5768,0.0232,本圈台阶完成,1,0.0000,0.150,0.330
6874.004,ROUNDABOUT_FOLLOW,10.826,0,2.752,0.0000,0.0000,vision,2.752,,,roundabout_blind_arc_recovery,0.1000,0.2309,0,line_too_few_bands,0.0000,0.0000,0.0000,0.0000,0.0000,0,0,0.0000,0,0.0945,0.0000,0.0000,0.0000,0.0000,0.2309,IDLE,1,0,step_done_latches_cleared,0,0,0.000,0,nan,nan,nan,0.0000,0,5,0.6000,0.5768,0.3290,0.5768,0.0232,本圈台阶完成,1,0.0000,0.150,0.330
6874.131,ROUNDABOUT_FOLLOW,10.953,0,2.752,0.0000,0.0000,vision,2.752,,,roundabout_blind_arc_recovery,0.1000,0.1600,0,line_too_few_bands,0.0000,0.0000,0.0000,0.0000,0.0000,0,0,0.0000,0,0.3352,0.0000,0.0000,0.0000,0.0000,0.1600,IDLE,1,0,step_done_latches_cleared,0,0,0.000,0,nan,nan,nan,0.0000,0,5,0.6000,0.5768,0.3290,0.5768,0.0232,本圈台阶完成,1,0.0000,0.150,0.330
6874.257,ROUNDABOUT_FOLLOW,11.079,0,2.752,0.0000,0.0000,vision,2.752,,,roundabout_blind_arc_recovery,0.1000,0.1600,0,line_too_few_bands,0.0000,0.0000,0.0000,0.0000,0.0000,0,0,0.0000,1,0.5051,0.0000,0.0000,0.0000,0.0000,0.1600,IDLE,1,0,step_done_latches_cleared,0,0,0.000,0,nan,nan,nan,0.0000,0,5,0.6000,0.5768,0.3290,0.5768,0.0232,本圈台阶完成,1,0.0000,0.150,0.330
6874.379,ROUNDABOUT_FOLLOW,11.201,0,2.752,0.0000,0.0000,vision,2.752,,,roundabout_blind_arc_recovery,0.1000,0.1600,0,line_too_few_bands,0.0000,0.0000,0.0000,0.0000,0.0000,0,0,0.0000,0,0.4485,0.0000,0.0000,0.0000,0.0000,0.1600,IDLE,1,0,step_done_latches_cleared,0,0,0.000,0,nan,nan,nan,0.0000,0,5,0.6000,0.5768,0.3290,0.5768,0.0232,本圈台阶完成,1,0.0000,0.150,0.330
6874.509,ROUNDABOUT_FOLLOW,11.331,0,2.752,0.0000,0.0000,vision,2.752,,,roundabout_follow_left_locked,0.1130,0.4850,1,line_center_tracking,-0.3368,-0.3368,-0.3368,-0.3368,0.2375,1,0,0.0000,0,0.4133,0.0000,0.0000,0.0000,-0.3368,0.4850,IDLE,1,0,step_done_latches_cleared,0,0,0.000,0,nan,nan,nan,0.0000,0,5,0.6000,0.5768,0.3290,0.5768,0.0232,本圈台阶完成,1,0.0000,0.150,0.330
6874.644,ROUNDABOUT_FOLLOW,11.466,0,2.752,0.0000,0.0000,vision,2.752,,,roundabout_follow_left_locked,0.1267,0.4795,1,line_center_tracking,-0.3984,-0.3984,-0.3984,-0.3984,0.2375,1,0,0.0000,0,0.3051,0.0000,0.0000,0.0000,-0.3984,0.4795,IDLE,1,0,step_done_latches_cleared,0,0,0.000,0,nan,nan,nan,0.0000,0,5,0.6000,0.5768,0.3290,0.5768,0.0232,本圈台阶完成,1,0.0000,0.150,0.330
6874.774,ROUNDABOUT_FOLLOW,11.596,0,2.752,0.0000,0.0000,vision,2.752,,,roundabout_follow_left_locked,0.1587,0.3550,1,line_center_tracking,-0.2261,-0.2261,-0.2261,-0.2261,0.2375,1,0,0.0000,0,0.2278,0.0000,0.0000,0.0000,-0.2261,0.3550,IDLE,1,0,step_done_latches_cleared,0,0,0.000,0,nan,nan,nan,0.0000,0,5,0.6000,0.5768,0.3290,0.5768,0.0232,本圈台阶完成,1,0.0000,0.150,0.330
6874.905,ROUNDABOUT_FOLLOW,11.727,0,2.752,0.0000,0.0000,vision,2.752,,,roundabout_follow_left_locked,0.1511,0.3847,1,line_center_tracking,-0.3678,-0.2906,-0.5663,-0.5663,0.2614,2,0,0.0000,0,0.1289,0.2757,0.0000,0.2757,-0.4744,0.3847,IDLE,1,0,step_done_latches_cleared,0,0,0.000,0,nan,nan,nan,0.0000,0,5,0.6000,0.5768,0.3290,0.5768,0.0232,本圈台阶完成,1,0.0000,0.150,0.330
6875.036,ROUNDABOUT_FOLLOW,11.858,0,2.752,0.0000,0.0000,vision,2.752,,,roundabout_follow_left_locked,0.1497,0.3900,1,line_center_tracking,-0.3667,-0.3001,-0.5379,-0.5379,0.2907,2,0,0.0000,0,0.0774,0.2379,0.0000,0.2379,-0.4586,0.3900,IDLE,1,0,step_done_latches_cleared,0,0,0.000,0,nan,nan,nan,0.0000,0,5,0.6000,0.5768,0.3290,0.5768,0.0232,本圈台阶完成,1,0.0000,0.150,0.330
6875.172,ROUNDABOUT_FOLLOW,11.994,0,2.752,0.0000,0.0000,vision,2.752,,,roundabout_follow_left_locked,0.1641,0.3341,1,line_center_tracking,-0.2657,-0.1783,-0.4904,-0.4904,0.2332,2,0,0.0000,0,0.0902,0.3121,0.0000,0.3121,-0.3864,0.3341,IDLE,1,0,step_done_latches_cleared,0,0,0.000,0,nan,nan,nan,0.0000,0,5,0.6000,0.5768,0.3290,0.5768,0.0232,本圈台阶完成,1,0.0000,0.150,0.330
6875.303,ROUNDABOUT_FOLLOW,12.125,0,2.752,0.0000,0.0000,vision,2.752,,,roundabout_follow_left_locked,0.2137,0.0721,1,line_center_tracking,0.1437,0.1437,0.1437,0.1437,0.2375,1,0,0.0000,0,0.0516,0.0000,0.0000,0.0000,0.1437,0.0721,IDLE,1,0,step_done_latches_cleared,0,0,0.000,0,nan,nan,nan,0.0000,0,5,0.6000,0.5768,0.3290,0.5768,0.0232,本圈台阶完成,1,0.0000,0.150,0.330
6875.444,ROUNDABOUT_FOLLOW,12.266,0,2.752,0.0000,0.0000,vision,2.752,,,roundabout_follow_left_locked,0.2068,-0.0400,1,line_center_tracking,0.2225,0.2225,0.2225,0.2225,0.2375,1,0,0.0000,0,0.0430,0.0000,0.0000,0.0000,0.2225,-0.0400,IDLE,1,0,step_done_latches_cleared,0,0,0.000,0,nan,nan,nan,0.0000,0,5,0.6000,0.5768,0.3290,0.5768,0.0232,本圈台阶完成,1,0.0000,0.150,0.330
6875.571,ROUNDABOUT_FOLLOW,12.393,0,2.752,0.0000,0.0000,vision,2.752,,,roundabout_follow_left_locked,0.1973,-0.0400,1,line_center_tracking,0.2711,0.2711,0.2711,0.2711,0.2375,1,0,0.0000,0,0.0301,0.0000,0.0000,0.0000,0.2711,-0.0400,IDLE,1,0,step_done_latches_cleared,0,0,0.000,0,nan,nan,nan,0.0000,0,5,0.6000,0.5768,0.3290,0.5768,0.0232,本圈台阶完成,1,0.0000,0.150,0.330
6875.700,ROUNDABOUT_FOLLOW,12.522,0,2.752,0.0000,0.0000,vision,2.752,,,roundabout_follow_left_locked,0.1924,-0.0400,1,line_center_tracking,0.2961,0.2961,0.2961,0.2961,0.2375,1,0,0.0000,0,0.0129,0.0000,0.0000,0.0000,0.2961,-0.0400,IDLE,1,0,step_done_latches_cleared,0,0,0.000,0,nan,nan,nan,0.0000,0,5,0.6000,0.5768,0.3290,0.5768,0.0232,本圈台阶完成,1,0.0000,0.150,0.330
6875.936,ROUNDABOUT_FOLLOW,12.758,0,2.752,0.0000,0.0000,vision,2.752,,,roundabout_follow_left_locked,0.2135,-0.0400,1,line_center_tracking,0.1880,0.1880,0.1880,0.1880,0.2375,1,0,0.0000,0,0.0043,0.0000,0.0000,0.0000,0.1880,-0.0400,IDLE,1,0,step_done_latches_cleared,0,0,0.000,0,nan,nan,nan,0.0000,0,5,0.6000,0.5768,0.3290,0.5768,0.0232,本圈台阶完成,1,0.0000,0.150,0.330
6876.134,ROUNDABOUT_FOLLOW,12.956,0,2.752,0.0000,0.0000,vision,2.752,,,roundabout_follow_left_locked,0.1974,-0.0142,1,line_center_tracking,-0.1659,-0.0797,-0.3873,-0.3873,0.2367,2,0,0.0000,0,0.0258,0.3076,0.0000,0.3076,-0.2848,-0.0142,IDLE,1,0,step_done_latches_cleared,0,0,0.000,0,nan,nan,nan,0.0000,0,5,0.6000,0.5768,0.3290,0.5768,0.0232,本圈台阶完成,1,0.0000,0.150,0.330
6876.382,ROUNDABOUT_FOLLOW,13.204,0,2.752,0.0000,0.0000,vision,2.752,,,roundabout_follow_left_locked,0.1771,0.1926,1,line_center_tracking,-0.3752,-0.3752,-0.3752,-0.3752,0.2375,1,0,0.0000,0,0.0516,0.0000,0.0000,0.0000,-0.3752,0.1926,IDLE,1,0,step_done_latches_cleared,0,0,0.000,0,nan,nan,nan,0.0000,0,5,0.6000,0.5768,0.3290,0.5768,0.0232,本圈台阶完成,1,0.0000,0.150,0.330
6876.567,ROUNDABOUT_FOLLOW,13.389,0,2.752,0.0000,0.0000,vision,2.752,,,roundabout_blind_arc_recovery,0.1264,0.1600,0,line_too_few_bands,0.0000,0.0000,0.0000,0.0000,0.0000,0,0,0.0000,0,0.0945,0.0000,0.0000,0.0000,0.0000,0.1600,IDLE,1,0,step_done_latches_cleared,0,0,0.000,0,nan,nan,nan,0.0000,0,5,0.6000,0.5768,0.3290,0.5768,0.0232,本圈台阶完成,1,0.0000,0.150,0.330
6876.820,ROUNDABOUT_FOLLOW,13.642,0,2.752,0.0000,0.0000,vision,2.752,,,roundabout_blue_guard_left,0.0757,0.3000,0,line_too_few_bands,0.0000,0.0000,0.0000,0.0000,0.0000,0,0,0.0000,0,0.0731,0.0000,0.0000,0.0000,0.0000,0.3000,IDLE,1,0,step_done_latches_cleared,0,0,0.000,0,nan,nan,nan,0.0000,0,5,0.6000,0.5768,0.3290,0.5768,0.0232,本圈台阶完成,1,0.0000,0.150,0.330
6876.945,ROUNDABOUT_FOLLOW,13.767,0,2.752,0.0000,0.0000,vision,2.752,,,roundabout_follow_left_locked,0.1050,0.5600,1,line_hard_turn_centering,-0.7267,-0.7461,-0.5518,-0.5518,0.3756,2,0,0.0000,0,0.0473,0.1943,0.0000,0.1943,-0.6166,0.5600,IDLE,1,0,step_done_latches_cleared,0,0,0.000,0,nan,nan,nan,0.0000,0,5,0.6000,0.5768,0.3290,0.5768,0.0232,本圈台阶完成,1,0.0000,0.150,0.330
6877.076,ROUNDABOUT_FOLLOW,13.899,0,2.752,0.0000,0.0000,vision,2.752,,,roundabout_blue_guard_left,0.0552,0.3000,1,line_hard_turn_centering,-0.6383,-0.6383,-0.6383,-0.6383,0.2375,1,0,0.0000,0,0.0473,0.0000,0.0000,0.0000,-0.6383,0.3000,IDLE,1,0,step_done_latches_cleared,0,0,0.000,0,nan,nan,nan,0.0000,0,5,0.6000,0.5768,0.3290,0.5768,0.0232,本圈台阶完成,1,0.0000,0.150,0.330
6877.213,ROUNDABOUT_FOLLOW,14.036,0,2.752,0.0000,0.0000,vision,2.752,,,roundabout_blue_guard_left,0.0450,0.3000,1,line_hard_turn_centering,-0.6453,-0.6453,-0.6453,-0.6453,0.2375,1,0,0.0000,0,0.0215,0.0000,0.0000,0.0000,-0.6453,0.3000,IDLE,1,0,step_done_latches_cleared,0,0,0.000,0,nan,nan,nan,0.0000,0,5,0.6000,0.5768,0.3290,0.5768,0.0232,本圈台阶完成,1,0.0000,0.150,0.330
6877.362,ROUNDABOUT_FOLLOW,14.184,0,2.752,0.0000,0.0000,vision,2.752,,,roundabout_blue_guard_left,0.0450,0.3000,0,line_too_few_bands,0.0000,0.0000,0.0000,0.0000,0.0000,0,0,0.0000,0,0.0344,0.0000,0.0000,0.0000,0.0000,0.3000,IDLE,1,0,step_done_latches_cleared,0,0,0.000,0,nan,nan,nan,0.0000,0,5,0.6000,0.5768,0.3290,0.5768,0.0232,本圈台阶完成,1,0.0000,0.150,0.330
6877.499,ROUNDABOUT_FOLLOW,14.322,0,2.752,0.0000,0.0000,vision,2.752,,,roundabout_blue_guard_left,0.0450,0.3000,1,line_hard_turn_centering,-0.6374,-0.6374,-0.6374,-0.6374,0.2375,1,0,0.0000,0,0.0344,0.0000,0.0000,0.0000,-0.6374,0.3000,IDLE,1,0,step_done_latches_cleared,0,0,0.000,0,nan,nan,nan,0.0000,0,5,0.6000,0.5768,0.3290,0.5768,0.0232,本圈台阶完成,1,0.0000,0.150,0.330
6877.720,ROUNDABOUT_FOLLOW,14.543,0,2.752,0.8592,0.0000,vision,2.752,,,roundabout_blue_guard_left,0.0450,0.3000,1,line_hard_turn_centering,-0.5944,-0.5888,-0.6449,-0.6449,0.4463,2,0,0.0000,0,0.0430,0.0561,0.0000,0.0561,-0.6262,0.3000,IDLE,1,0,step_done_latches_cleared,0,0,0.000,0,nan,nan,nan,0.0000,0,5,0.6000,0.5768,0.3290,0.5768,0.0232,本圈台阶完成,1,0.0000,0.150,0.330
6877.889,ROUNDABOUT_FOLLOW,14.711,0,2.752,0.8710,0.0000,vision,2.752,,,roundabout_blue_guard_left,0.0450,0.3000,1,line_hard_turn_centering,-0.6127,-0.6127,-0.6127,-0.6127,0.2375,1,0,0.0000,0,0.0344,0.0000,0.0000,0.0000,-0.6127,0.3000,IDLE,1,0,step_done_latches_cleared,0,0,0.000,0,nan,nan,nan,0.0000,0,5,0.6000,0.5768,0.3290,0.5768,0.0232,本圈台阶完成,1,0.0000,0.150,0.330
6878.032,ROUNDABOUT_FOLLOW,14.854,0,2.752,0.0000,0.0000,vision,2.752,,,roundabout_blue_guard_left,0.0450,0.3000,1,line_hard_turn_centering,-0.5409,-0.5409,-0.5409,-0.5409,0.2375,1,0,0.0000,0,0.0215,0.0000,0.0000,0.0000,-0.5409,0.3000,IDLE,1,0,step_done_latches_cleared,0,0,0.000,0,nan,nan,nan,0.0000,0,5,0.6000,0.5768,0.3290,0.5768,0.0232,本圈台阶完成,1,0.0000,0.150,0.330
6878.226,ROUNDABOUT_EXIT,0.000,0,2.752,0.8532,0.0000,vision,2.752,,,roundabout_blue_guard_left,0.0450,0.3000,1,line_center_tracking,-0.4620,-0.4620,-0.4620,-0.4620,0.2375,1,0,0.0000,0,0.0301,0.0000,0.0000,0.0000,-0.4620,0.3000,IDLE,1,0,step_done_latches_cleared,0,0,0.000,0,nan,nan,nan,0.0000,0,5,0.6000,0.5768,0.3290,0.5768,0.0232,本圈台阶完成,1,0.0000,0.150,0.330
6878.454,ROUNDABOUT_EXIT,0.228,0,2.752,0.8000,0.0000,vision,2.752,,,roundabout_exit_commit,0.0957,0.2200,1,line_center_tracking,-0.3931,-0.4029,-0.3678,-0.3678,0.4570,2,0,0.0000,0,0.0215,0.0352,0.0000,0.0352,-0.3795,0.2200,IDLE,1,0,step_done_latches_cleared,0,0,0.000,0,nan,nan,nan,0.0000,0,5,0.6000,0.5768,0.3290,0.5768,0.0232,本圈台阶完成,1,0.0000,0.150,0.330
6878.692,ROUNDABOUT_EXIT,0.466,0,2.752,0.9178,0.0000,vision,2.752,,,roundabout_exit_commit,0.1050,0.2200,1,line_center_tracking,-0.2270,-0.2270,-0.2270,-0.2270,0.2375,1,0,0.0000,0,0.0000,0.0000,0.0000,0.0000,-0.2270,0.2200,IDLE,1,0,step_done_latches_cleared,0,0,0.000,0,nan,nan,nan,0.0000,0,5,0.6000,0.5768,0.3290,0.5768,0.0232,本圈台阶完成,1,0.0000,0.150,0.330
6878.825,ROUNDABOUT_EXIT,0.599,0,2.752,0.8701,0.0000,vision,2.752,,,roundabout_exit_commit,0.1050,0.2200,1,line_center_tracking,-0.1329,-0.1115,-0.1881,-0.1881,0.4156,2,0,0.0000,0,0.0000,0.0766,0.0000,0.0766,-0.1625,0.2200,IDLE,1,0,step_done_latches_cleared,0,0,0.000,0,nan,nan,nan,0.0000,0,5,0.6000,0.5768,0.3290,0.5768,0.0232,本圈台阶完成,1,0.0000,0.150,0.330
6879.043,ROUNDABOUT_EXIT,0.817,0,2.752,0.9120,0.0000,vision,2.752,,,roundabout_exit_commit,0.1050,0.2018,1,line_center_tracking,-0.1496,-0.1342,-0.1891,-0.1891,0.3205,2,0,0.0000,0,0.0000,0.0549,0.0000,0.0549,-0.1708,0.2018,IDLE,1,0,step_done_latches_cleared,0,0,0.000,0,nan,nan,nan,0.0000,0,5,0.6000,0.5768,0.3290,0.5768,0.0232,本圈台阶完成,1,0.0000,0.150,0.330
6879.275,ROUNDABOUT_EXIT,1.049,0,2.752,0.9526,0.0000,vision,2.752,,,roundabout_exit_commit,0.1050,0.1355,1,line_center_tracking,-0.0648,-0.0487,-0.1060,-0.1060,0.3140,2,0,0.0000,0,0.0000,0.0572,0.0000,0.0572,-0.0869,0.1355,IDLE,1,0,step_done_latches_cleared,0,0,0.000,0,nan,nan,nan,0.0000,0,5,0.6000,0.5768,0.3290,0.5768,0.0232,本圈台阶完成,1,0.0000,0.150,0.330
6879.506,SEEK_CROSSWALK,0.000,0,2.752,0.9588,0.0000,vision,2.752,,,tracking,0.1557,-0.0475,1,line_center_tracking,0.0439,0.1061,-0.1160,-0.1160,0.4556,3,0,0.0000,0,0.0000,0.2221,0.0000,0.2221,-0.0420,-0.0475,IDLE,1,0,step_done_latches_cleared,0,0,0.000,0,nan,nan,nan,0.0000,0,5,0.6000,0.5768,0.3290,0.5768,0.0232,本圈台阶完成,1,0.0000,0.150,0.330
6879.665,SEEK_CROSSWALK,0.159,0,2.752,0.9499,0.0000,vision,2.752,,,tracking,0.1700,-0.1134,1,line_curve_center_riding,0.1591,0.1733,-0.0621,-0.0621,0.4651,3,0,0.0000,0,0.0000,0.2353,0.0000,0.2353,0.0164,-0.1134,IDLE,1,0,step_done_latches_cleared,0,0,0.000,0,nan,nan,nan,0.0000,0,5,0.6000,0.5768,0.3290,0.5768,0.0232,本圈台阶完成,1,0.0000,0.150,0.330
6879.858,SEEK_CROSSWALK,0.352,0,2.752,0.9485,0.0000,vision,2.752,,,tracking,0.1700,-0.1517,1,line_curve_center_riding,0.1783,0.1935,-0.0600,-0.0600,0.4565,3,0,0.0000,0,0.0000,0.2535,0.0000,0.2535,0.0245,-0.1517,IDLE,1,0,step_done_latches_cleared,0,0,0.000,0,nan,nan,nan,0.0000,0,5,0.6000,0.5768,0.3290,0.5768,0.0232,本圈台阶完成,1,0.0000,0.150,0.330
6880.092,SEEK_CROSSWALK,0.585,0,2.752,0.9479,0.0000,vision,2.752,,,tracking,0.1384,-0.1096,1,line_recenter_transition,0.0678,0.0808,-0.5719,-0.6687,0.4776,4,0,0.0000,0,0.0000,0.6527,0.0969,0.7496,-0.3866,-0.1096,IDLE,1,0,step_done_latches_cleared,0,0,0.000,0,nan,nan,nan,0.0000,0,5,0.6000,0.5768,0.3290,0.5768,0.0232,本圈台阶完成,1,0.0000,0.150,0.330
6880.327,SEEK_CROSSWALK,0.821,0,2.752,0.9502,0.0000,vision,2.752,,,tracking,0.1891,-0.0116,1,line_center_tracking,-0.0774,-0.0570,-0.1297,-0.1297,0.2707,2,0,0.0000,0,0.0000,0.0727,0.0000,0.0727,-0.1055,-0.0116,IDLE,1,0,step_done_latches_cleared,0,0,0.000,0,nan,nan,nan,0.0000,0,5,0.6000,0.5768,0.3290,0.5768,0.0232,本圈台阶完成,1,0.0000,0.150,0.330
6880.464,SEEK_CROSSWALK,0.957,0,2.752,0.9563,0.0000,vision,2.752,,,tracking,0.2397,-0.0244,1,line_center_tracking,0.0274,0.0189,0.0495,0.0495,0.3889,2,0,0.0000,0,0.0000,0.0306,0.0000,0.0306,0.0393,-0.0244,IDLE,1,0,step_done_latches_cleared,0,0,0.000,0,nan,nan,nan,0.0000,0,5,0.6000,0.5768,0.3290,0.5768,0.0232,本圈台阶完成,1,0.0000,0.150,0.330
6880.682,SEEK_CROSSWALK,1.175,0,2.752,0.6000,0.0000,vision,2.752,,,tracking,0.2343,-0.0068,1,line_center_tracking,-0.0084,0.0152,-0.0690,0.0459,0.6737,5,0,0.0000,0,0.0000,0.0842,0.1149,0.0307,-0.0026,-0.0068,IDLE,1,0,step_done_latches_cleared,0,0,0.000,0,nan,nan,nan,0.0000,0,5,0.6000,0.5768,0.3290,0.5768,0.0232,本圈台阶完成,1,0.0000,0.150,0.330
6880.939,SEEK_CROSSWALK,1.432,0,2.752,0.9157,0.0000,vision,2.752,,,tracking,0.1836,0.2426,1,line_curve_center_riding,-0.4465,-0.4681,-0.1089,-0.1089,0.2902,2,0,0.0000,0,0.0000,0.3591,0.0000,0.3591,-0.2286,0.2426,IDLE,1,0,step_done_latches_cleared,0,0,0.000,0,nan,nan,nan,0.0000,0,5,0.6000,0.5768,0.3290,0.5768,0.0232,本圈台阶完成,1,0.0000,0.150,0.330
6881.163,SEEK_CROSSWALK,1.657,0,2.752,0.8774,0.0000,vision,2.752,,,tracking,0.2216,0.1103,1,line_center_tracking,-0.0004,0.0241,-0.0635,-0.0739,0.7998,6,0,0.0000,0,0.0000,0.0877,0.0103,0.0980,-0.0377,0.1103,IDLE,1,0,step_done_latches_cleared,0,0,0.000,0,nan,nan,nan,0.0000,0,5,0.6000,0.5768,0.3290,0.5768,0.0232,本圈台阶完成,1,0.0000,0.150,0.330
6881.316,SEEK_CROSSWALK,1.810,0,2.752,0.0000,0.0000,vision,2.752,,,tracking,0.2326,0.0281,1,line_center_tracking,0.0475,0.0760,-0.0260,-0.0748,0.7183,5,0,0.0000,0,0.0000,0.1020,0.0488,0.1508,-0.0082,0.0281,IDLE,1,0,step_done_latches_cleared,0,0,0.000,0,nan,nan,nan,0.0000,0,5,0.6000,0.5768,0.3290,0.5768,0.0232,本圈台阶完成,1,0.0000,0.150,0.330
6881.499,SEEK_CROSSWALK,1.992,0,2.752,0.0000,0.0000,vision,2.752,,,tracking,0.2344,-0.0180,1,line_center_tracking,0.0629,0.0804,0.0178,-0.0448,0.8065,6,0,0.0000,0,0.0000,0.0626,0.0626,0.1252,0.0178,-0.0180,IDLE,1,0,step_done_latches_cleared,0,0,0.000,0,nan,nan,nan,0.0000,0,5,0.6000,0.5768,0.3290,0.5768,0.0232,本圈台阶完成,1,0.0000,0.150,0.330
6881.720,SEEK_CROSSWALK,2.214,0,2.752,0.0000,0.0000,vision,2.752,,,tracking,0.2368,-0.0345,1,line_center_tracking,0.0503,0.0680,0.0050,-0.0510,0.8080,6,0,0.0000,0,0.0000,0.0629,0.0560,0.1189,0.0073,-0.0345,IDLE,1,0,step_done_latches_cleared,0,0,0.000,0,nan,nan,nan,0.0000,0,5,0.6000,0.5768,0.3290,0.5768,0.0232,本圈台阶完成,1,0.0000,0.150,0.330
6881.932,SEEK_CROSSWALK,2.426,0,2.752,0.0000,0.0000,vision,2.752,,,tracking,0.2372,-0.0301,1,line_center_tracking,0.0254,0.0434,-0.0208,-0.0718,0.7203,5,0,0.0000,0,0.0000,0.0642,0.0510,0.1151,-0.0164,-0.0301,IDLE,1,0,step_done_latches_cleared,0,0,0.000,0,nan,nan,nan,0.0000,0,5,0.6000,0.5768,0.3290,0.5768,0.0232,本圈台阶完成,1,0.0000,0.150,0.330
6882.058,SEEK_CROSSWALK,2.552,0,2.752,0.0000,0.0000,vision,2.752,,,tracking,0.2373,-0.0204,1,line_center_tracking,0.0111,0.0279,-0.0321,-0.0860,0.8089,6,0,0.0000,0,0.0000,0.0600,0.0539,0.1139,-0.0301,-0.0204,IDLE,1,0,step_done_latches_cleared,0,0,0.000,0,nan,nan,nan,0.0000,0,5,0.6000,0.5768,0.3290,0.5768,0.0232,本圈台阶完成,1,0.0000,0.150,0.330
6882.194,SEEK_CROSSWALK,2.688,0,2.752,0.0000,0.0000,vision,2.752,,,tracking,0.2380,0.0004,1,line_center_tracking,-0.0178,-0.0011,-0.0609,-0.1087,0.8113,6,0,0.0000,0,0.0000,0.0598,0.0478,0.1076,-0.0569,0.0004,IDLE,1,0,step_done_latches_cleared,0,0,0.000,0,nan,nan,nan,0.0000,0,5,0.6000,0.5768,0.3290,0.5768,0.0232,本圈台阶完成,1,0.0000,0.150,0.330
6882.325,SEEK_CROSSWALK,2.819,0,2.752,0.0000,0.0000,vision,2.752,,,tracking,0.2384,0.0222,1,line_center_tracking,-0.0395,-0.0232,-0.0816,-0.1274,0.8994,7,0,0.0000,0,0.0000,0.0584,0.0459,0.1042,-0.0774,0.0222,IDLE,1,0,step_done_latches_cleared,0,0,0.000,0,nan,nan,nan,0.0000,0,5,0.6000,0.5768,0.3290,0.5768,0.0232,本圈台阶完成,1,0.0000,0.150,0.330
6882.453,SEEK_CROSSWALK,2.947,0,2.752,0.0000,0.0000,vision,2.752,,,tracking,0.2381,0.0462,1,line_center_tracking,-0.0636,-0.0492,-0.1008,-0.1421,0.9018,7,0,0.0000,0,0.0000,0.0516,0.0413,0.0929,-0.0973,0.0462,IDLE,1,0,step_done_latches_cleared,0,0,0.000,0,nan,nan,nan,0.0000,0,5,0.6000,0.5768,0.3290,0.5768,0.0232,本圈台阶完成,1,0.0000,0.150,0.330
6882.591,SEEK_CROSSWALK,3.085,0,2.752,0.0000,0.0000,vision,2.752,,,tracking,0.2332,0.0651,1,line_center_tracking,-0.0778,-0.0646,-0.1119,-0.1496,0.9899,8,0,0.0000,0,0.0000,0.0473,0.0378,0.0850,-0.1087,0.0651,IDLE,1,0,step_done_latches_cleared,0,0,0.000,0,nan,nan,nan,0.0000,0,5,0.6000,0.5768,0.3290,0.5768,0.0232,本圈台阶完成,1,0.0000,0.150,0.330
6882.725,SEEK_CROSSWALK,3.219,0,2.752,0.0000,0.0000,vision,2.752,,,tracking,0.2298,0.0784,1,line_center_tracking,-0.0850,-0.0734,-0.1147,-0.1501,0.9910,8,0,0.0000,0,0.0000,0.0413,0.0354,0.0767,-0.1127,0.0784,IDLE,1,0,step_done_latches_cleared,0,0,0.000,0,nan,nan,nan,0.0000,0,5,0.6000,0.5768,0.3290,0.5768,0.0232,本圈台阶完成,1,0.0000,0.150,0.330
6882.831,SEEK_CROSSWALK,3.324,0,2.752,0.0000,0.0000,vision,2.752,,,tracking,0.2284,0.0839,1,line_center_tracking,-0.0830,-0.0724,-0.1103,-0.1435,0.9917,8,0,0.0000,0,0.0000,0.0379,0.0333,0.0712,-0.1087,0.0839,IDLE,1,0,step_done_latches_cleared,0,0,0.000,0,nan,nan,nan,0.0000,0,5,0.6000,0.5768,0.3290,0.5768,0.0232,本圈台阶完成,1,0.0000,0.150,0.330
6882.970,SEEK_CROSSWALK,3.464,0,2.752,0.0000,0.0000,vision,2.752,,,tracking,0.2286,0.0834,1,line_center_tracking,-0.0776,-0.0678,-0.1030,-0.1328,0.9923,8,0,0.0000,0,0.0000,0.0352,0.0298,0.0650,-0.1012,0.0834,IDLE,1,0,step_done_latches_cleared,0,0,0.000,0,nan,nan,nan,0.0000,0,5,0.6000,0.5768,0.3290,0.5768,0.0232,本圈台阶完成,1,0.0000,0.150,0.330
6883.109,SEEK_CROSSWALK,3.603,0,2.752,0.0000,0.0000,vision,2.752,,,tracking,0.2299,0.0781,1,line_center_tracking,-0.0682,-0.0596,-0.0904,-0.1198,0.9929,8,0,0.0000,0,0.0000,0.0309,0.0294,0.0603,-0.0899,0.0781,IDLE,1,0,step_done_latches_cleared,0,0,0.000,0,nan,nan,nan,0.0000,0,5,0.6000,0.5768,0.3290,0.5768,0.0232,本圈台阶完成,1,0.0000,0.150,0.330
6883.255,SEEK_CROSSWALK,3.748,0,2.752,0.0000,0.0000,vision,2.752,,,tracking,0.2329,0.0665,1,line_center_tracking,-0.0517,-0.0436,-0.0726,-0.1006,0.9930,8,0,0.0000,0,0.0000,0.0290,0.0280,0.0570,-0.0722,0.0665,IDLE,1,0,step_done_latches_cleared,0,0,0.000,0,nan,nan,nan,0.0000,0,5,0.6000,0.5768,0.3290,0.5768,0.0232,本圈台阶完成,1,0.0000,0.150,0.330
6883.389,SEEK_CROSSWALK,3.883,0,2.752,0.0000,0.0000,vision,2.752,,,tracking,0.2365,0.0526,1,line_center_tracking,-0.0368,-0.0293,-0.0560,-0.0855,0.9928,8,0,0.0000,0,0.0000,0.0268,0.0295,0.0563,-0.0569,0.0526,IDLE,1,0,step_done_latches_cleared,0,0,0.000,0,nan,nan,nan,0.0000,0,5,0.6000,0.5768,0.3290,0.5768,0.0232,本圈台阶完成,1,0.0000,0.150,0.330
6883.543,SEEK_CROSSWALK,4.037,0,2.752,0.0000,0.0000,vision,2.752,,,tracking,0.2402,0.0383,1,line_center_tracking,-0.0225,-0.0159,-0.0392,-0.0720,0.9923,8,0,0.0000,0,0.0000,0.0233,0.0327,0.0560,-0.0424,0.0383,IDLE,1,0,step_done_latches_cleared,0,0,0.000,0,nan,nan,nan,0.0000,0,5,0.6000,0.5768,0.3290,0.5768,0.0232,本圈台阶完成,1,0.0000,0.150,0.330
6883.675,SEEK_CROSSWALK,4.169,0,2.752,0.0000,0.0000,vision,2.752,,,tracking,0.2436,0.0238,1,line_center_tracking,-0.0094,-0.0032,-0.0254,-0.0604,0.9918,8,0,0.0000,0,0.0000,0.0221,0.0351,0.0572,-0.0297,0.0238,IDLE,1,0,step_done_latches_cleared,0,0,0.000,0,nan,nan,nan,0.0000,0,5,0.6000,0.5768,0.3290,0.5768,0.0232,本圈台阶完成,1,0.0000,0.150,0.330
6883.820,SEEK_CROSSWALK,4.314,0,2.752,0.0000,0.0000,vision,2.752,,,tracking,0.2441,0.0137,1,line_center_tracking,-0.0030,0.0028,-0.0180,-0.0501,0.9925,8,0,0.0000,0,0.0000,0.0208,0.0321,0.0529,-0.0218,0.0137,IDLE,1,0,step_done_latches_cleared,0,0,0.000,0,nan,nan,nan,0.0000,0,5,0.6000,0.5768,0.3290,0.5768,0.0232,本圈台阶完成,1,0.0000,0.150,0.330
6883.956,SEEK_CROSSWALK,4.450,0,2.752,0.0000,0.0000,vision,2.752,,,tracking,0.2447,0.0049,1,line_center_tracking,0.0035,0.0092,-0.0112,-0.0384,0.9936,8,0,0.0000,0,0.0000,0.0204,0.0272,0.0476,-0.0135,0.0049,IDLE,1,0,step_done_latches_cleared,0,0,0.000,0,nan,nan,nan,0.0000,0,5,0.6000,0.5768,0.3290,0.5768,0.0232,本圈台阶完成,1,0.0000,0.150,0.330
6884.096,SEEK_CROSSWALK,4.590,0,2.752,0.0000,0.0000,vision,2.752,,,tracking,0.2450,-0.0031,1,line_center_tracking,0.0100,0.0154,-0.0039,-0.0300,0.9938,8,0,0.0000,0,0.0000,0.0193,0.0261,0.0454,-0.0061,-0.0031,IDLE,1,0,step_done_latches_cleared,0,0,0.000,0,nan,nan,nan,0.0000,0,5,0.6000,0.5768,0.3290,0.5768,0.0232,本圈台阶完成,1,0.0000,0.150,0.330
6884.229,SEEK_CROSSWALK,4.723,0,2.752,0.0000,0.0000,vision,2.752,,,tracking,0.2449,-0.0077,1,line_center_tracking,0.0115,0.0169,-0.0022,-0.0291,0.9936,8,0,0.0000,0,0.0000,0.0190,0.0269,0.0459,-0.0048,-0.0077,IDLE,1,0,step_done_latches_cleared,0,0,0.000,0,nan,nan,nan,0.0000,0,5,0.6000,0.5768,0.3290,0.5768,0.0232,本圈台阶完成,1,0.0000,0.150,0.330
6884.368,SEEK_CROSSWALK,4.862,0,2.752,0.0000,0.0000,vision,2.752,,,tracking,0.2447,-0.0104,1,line_center_tracking,0.0122,0.0174,-0.0009,-0.0305,0.9932,8,0,0.0000,0,0.0000,0.0183,0.0296,0.0479,-0.0047,-0.0104,IDLE,1,0,step_done_latches_cleared,0,0,0.000,0,nan,nan,nan,0.0000,0,5,0.6000,0.5768,0.3290,0.5768,0.0232,本圈台阶完成,1,0.0000,0.150,0.330
6884.503,SEEK_CROSSWALK,4.996,0,2.752,0.0000,0.0000,vision,2.752,,,tracking,0.2447,-0.0119,1,line_center_tracking,0.0124,0.0174,-0.0004,-0.0301,0.9931,8,0,0.0000,0,0.0000,0.0179,0.0296,0.0475,-0.0044,-0.0119,IDLE,1,0,step_done_latches_cleared,0,0,0.000,0,nan,nan,nan,0.0000,0,5,0.6000,0.5768,0.3290,0.5768,0.0232,本圈台阶完成,1,0.0000,0.150,0.330
6884.639,SEEK_CROSSWALK,5.133,0,2.752,0.0000,0.0000,vision,2.752,,,tracking,0.2428,-0.0157,1,line_center_tracking,0.0178,0.0262,-0.0039,-0.0386,0.9898,8,0,0.0000,0,0.0000,0.0300,0.0348,0.0648,-0.0054,-0.0157,IDLE,1,0,step_done_latches_cleared,0,0,0.000,0,nan,nan,nan,0.0000,0,5,0.6000,0.5768,0.3290,0.5768,0.0232,本圈台阶完成,1,0.0000,0.150,0.330
6884.777,SEEK_CROSSWALK,5.271,0,2.752,0.0000,0.0000,vision,2.752,,,tracking,0.2427,-0.0153,1,line_center_tracking,0.0142,0.0208,-0.0028,-0.0445,0.9894,8,0,0.0000,0,0.0000,0.0237,0.0417,0.0653,-0.0088,-0.0153,IDLE,1,0,step_done_latches_cleared,0,0,0.000,0,nan,nan,nan,0.0000,0,5,0.6000,0.5768,0.3290,0.5768,0.0232,本圈台阶完成,1,0.0000,0.150,0.330
6884.908,SEEK_CROSSWALK,5.402,0,2.752,0.0000,0.0000,vision,2.752,,,tracking,0.2418,-0.0109,1,line_center_tracking,0.0067,0.0121,-0.0073,-0.0613,0.9887,8,0,0.0000,0,0.0000,0.0194,0.0540,0.0734,-0.0188,-0.0109,IDLE,1,0,step_done_latches_cleared,0,0,0.000,0,nan,nan,nan,0.0000,0,5,0.6000,0.5768,0.3290,0.5768,0.0232,本圈台阶完成,1,0.0000,0.150,0.330
6885.036,SEEK_CROSSWALK,5.530,0,2.752,0.0000,0.0000,vision,2.752,,,tracking,0.2406,-0.0067,1,line_center_tracking,0.0026,0.0077,-0.0106,-0.0766,0.9864,8,0,0.0000,0,0.0000,0.0183,0.0661,0.0843,-0.0265,-0.0067,IDLE,1,0,step_done_latches_cleared,0,0,0.000,0,nan,nan,nan,0.0000,0,5,0.6000,0.5768,0.3290,0.5768,0.0232,本圈台阶完成,1,0.0000,0.150,0.330
6885.168,SEEK_CROSSWALK,5.662,0,2.752,0.0000,0.0000,vision,2.752,,,tracking,0.2376,-0.0029,1,line_center_tracking,-0.0008,0.0037,-0.0122,-0.1027,0.9820,8,0,0.0000,0,0.0000,0.0159,0.0904,0.1063,-0.0371,-0.0029,IDLE,1,0,step_done_latches_cleared,0,0,0.000,0,nan,nan,nan,0.0000,0,5,0.6000,0.5768,0.3290,0.5768,0.0232,本圈台阶完成,1,0.0000,0.150,0.330
6885.309,SEEK_CROSSWALK,5.802,0,2.752,0.0000,0.0000,vision,2.752,,,tracking,0.2368,-0.0005,1,line_center_tracking,-0.0018,0.0064,-0.0231,-0.1120,0.9806,8,0,0.0000,0,0.0000,0.0295,0.0889,0.1184,-0.0429,-0.0005,IDLE,1,0,step_done_latches_cleared,0,0,0.000,0,nan,nan,nan,0.0000,0,5,0.6000,0.5768,0.3290,0.5768,0.0232,本圈台阶完成,1,0.0000,0.150,0.330
6885.436,SEEK_CROSSWALK,5.930,0,2.752,0.0000,0.0000,vision,2.752,,,tracking,0.2343,0.0037,1,line_center_tracking,-0.0070,-0.0019,-0.0200,-0.1346,0.9752,8,0,0.0000,0,0.0000,0.0180,0.1147,0.1327,-0.0522,0.0037,IDLE,1,0,step_done_latches_cleared,0,0,0.000,0,nan,nan,nan,0.0000,0,5,0.6000,0.5768,0.3290,0.5768,0.0232,本圈台阶完成,1,0.0000,0.150,0.330
6885.576,SEEK_CROSSWALK,6.070,0,2.752,0.0000,0.0000,vision,2.752,,,tracking,0.2321,0.0080,1,line_center_tracking,-0.0113,-0.0053,-0.0267,-0.1577,0.9763,8,0,0.0000,0,0.0000,0.0215,0.1309,0.1524,-0.0632,0.0080,IDLE,1,0,step_done_latches_cleared,0,0,0.000,0,nan,nan,nan,0.0000,0,5,0.6000,0.5768,0.3290,0.5768,0.0232,本圈台阶完成,1,0.0000,0.150,0.330
6885.710,SEEK_CROSSWALK,6.204,0,2.752,0.0000,0.0000,vision,2.752,,,tracking,0.1814,0.0072,1,line_curve_center_riding,-0.0064,-0.0049,-0.0303,-0.1831,0.9735,8,0,0.0000,0,0.0000,0.0253,0.1528,0.1781,-0.0727,0.0072,IDLE,1,0,step_done_latches_cleared,0,0,0.000,0,nan,nan,nan,0.0000,0,5,0.6000,0.5768,0.3290,0.5768,0.0232,本圈台阶完成,1,0.0000,0.150,0.330
6885.848,SEEK_CROSSWALK,6.342,0,2.752,0.0000,0.0000,vision,2.752,,,tracking,0.1700,0.0070,1,line_curve_center_riding,-0.0062,-0.0039,-0.0427,-0.1930,0.8909,7,0,0.0000,0,0.0043,0.0388,0.1503,0.1891,-0.0798,0.0070,IDLE,1,0,step_done_latches_cleared,0,0,0.000,0,nan,nan,nan,0.0000,0,5,0.6000,0.5768,0.3290,0.5768,0.0232,本圈台阶完成,1,0.0000,0.150,0.330
6885.990,SEEK_CROSSWALK,6.484,0,2.752,0.0000,0.0000,vision,2.752,,,tracking,0.1700,0.0052,1,line_curve_center_riding,-0.0034,-0.0007,-0.0464,-0.2791,0.9613,8,0,0.0000,0,0.0000,0.0457,0.2327,0.2784,-0.1087,0.0052,IDLE,1,0,step_done_latches_cleared,0,0,0.000,0,nan,nan,nan,0.0000,0,5,0.6000,0.5768,0.3290,0.5768,0.0232,本圈台阶完成,1,0.0000,0.150,0.330
6886.127,SEEK_CROSSWALK,6.621,0,2.752,0.0000,0.0000,vision,2.752,,,tracking,0.2207,0.0120,1,line_center_tracking,-0.0163,-0.0024,-0.0520,-0.1387,0.8082,6,0,0.0000,0,0.0000,0.0496,0.0867,0.1363,-0.0643,0.0120,IDLE,1,0,step_done_latches_cleared,0,0,0.000,0,nan,nan,nan,0.0000,0,5,0.6000,0.5768,0.3290,0.5768,0.0232,本圈台阶完成,1,0.0000,0.150,0.330
6886.260,SEEK_CROSSWALK,6.753,0,2.752,0.0000,0.0000,vision,2.752,,,tracking,0.1704,0.0072,1,line_curve_center_riding,-0.0035,0.0021,-0.0909,-0.3959,0.8705,7,0,0.0000,0,0.0000,0.0930,0.3050,0.3980,-0.1616,0.0072,IDLE,1,0,step_done_latches_cleared,0,0,0.000,0,nan,nan,nan,0.0000,0,5,0.6000,0.5768,0.3290,0.5768,0.0232,本圈台阶完成,1,0.0000,0.150,0.330
6886.403,SEEK_CROSSWALK,6.897,0,2.752,0.0000,0.0000,vision,2.752,,,tracking,0.1450,0.0097,1,line_curve_center_riding,-0.0106,-0.0030,-0.1291,-0.4813,0.8621,7,0,0.0000,0,0.0000,0.1261,0.3521,0.4783,-0.2045,0.0097,IDLE,1,0,step_done_latches_cleared,0,0,0.000,0,nan,nan,nan,0.0000,0,5,0.6000,0.5768,0.3290,0.5768,0.0232,本圈台阶完成,1,0.0000,0.150,0.330
6886.639,SEEK_CROSSWALK,7.133,0,2.752,0.0000,0.0000,vision,2.752,,,tracking,0.1700,0.0266,1,line_curve_center_riding,-0.0396,-0.0275,-0.2286,-0.4441,0.7725,6,0,0.0000,0,0.0043,0.2011,0.2154,0.4166,-0.2334,0.0266,IDLE,1,0,step_done_latches_cleared,0,0,0.000,0,nan,nan,nan,0.0000,0,5,0.6000,0.5768,0.3290,0.5768,0.0232,本圈台阶完成,1,0.0000,0.150,0.330
6886.850,SEEK_CROSSWALK,7.344,0,2.752,0.0000,0.0000,vision,2.752,,,tracking,0.1450,0.0565,1,line_curve_center_riding,-0.0791,-0.0620,-0.3469,-0.4136,0.6802,5,0,0.0000,0,0.0301,0.2849,0.0667,0.3516,-0.2742,0.0565,IDLE,1,0,step_done_latches_cleared,0,0,0.000,0,nan,nan,nan,0.0000,0,5,0.6000,0.5768,0.3290,0.5768,0.0232,本圈台阶完成,1,0.0000,0.150,0.330
6887.055,SEEK_CROSSWALK,7.549,0,2.752,0.0000,0.0000,vision,2.752,,,tracking,0.1450,0.0743,1,line_curve_center_riding,-0.0860,-0.0650,-0.4141,-0.4981,0.5637,4,0,0.0000,0,0.0086,0.3490,0.0840,0.4330,-0.3257,0.0743,IDLE,1,0,step_done_latches_cleared,0,0,0.000,0,nan,nan,nan,0.0000,0,5,0.6000,0.5768,0.3290,0.5768,0.0232,本圈台阶完成,1,0.0000,0.150,0.330
6887.248,SEEK_CROSSWALK,7.741,0,2.752,0.0000,0.0000,vision,2.752,,,tracking,0.1700,0.1198,1,line_curve_center_riding,-0.1508,-0.1397,-0.3245,-0.3245,0.3799,2,0,0.0000,0,0.0172,0.1848,0.0000,0.1848,-0.2629,0.1198,IDLE,1,0,step_done_latches_cleared,0,0,0.000,0,nan,nan,nan,0.0000,0,5,0.6000,0.5768,0.3290,0.5768,0.0232,本圈台阶完成,1,0.0000,0.150,0.330
6887.451,SEEK_CROSSWALK,7.945,0,2.752,0.6000,0.0000,vision,2.752,,,tracking,0.1450,0.1419,1,line_curve_center_riding,-0.1535,-0.1225,-0.6394,-0.7458,0.6403,5,0,0.0000,0,0.0086,0.5169,0.1064,0.6232,-0.5026,0.1419,IDLE,1,0,step_done_latches_cleared,0,0,0.000,0,nan,nan,nan,0.0000,0,5,0.6000,0.5768,0.3290,0.5768,0.0232,本圈台阶完成,1,0.0000,0.150,0.330
6887.654,SEEK_CROSSWALK,8.148,0,2.752,0.0000,0.0000,vision,2.752,,,tracking,0.1450,0.1696,1,line_curve_center_riding,-0.1824,-0.1508,-0.6787,-0.7905,0.6331,5,0,0.0000,0,0.0129,0.5279,0.1118,0.6397,-0.5400,0.1696,IDLE,1,0,step_done_latches_cleared,0,0,0.000,0,nan,nan,nan,0.0000,0,5,0.6000,0.5768,0.3290,0.5768,0.0232,本圈台阶完成,1,0.0000,0.150,0.330
6887.855,SEEK_CROSSWALK,8.349,0,2.752,0.0000,0.0000,vision,2.752,,,tracking,0.1450,0.1731,1,line_curve_center_riding,-0.1651,-0.1338,-0.6564,-0.7857,0.6262,5,0,0.0000,0,0.0344,0.5226,0.1293,0.6520,-0.5253,0.1731,IDLE,1,0,step_done_latches_cleared,0,0,0.000,0,nan,nan,nan,0.0000,0,5,0.6000,0.5768,0.3290,0.5768,0.0232,本圈台阶完成,1,0.0000,0.150,0.330
6888.151,SEEK_CROSSWALK,8.645,0,2.752,0.0000,0.0000,vision,2.752,,,tracking,0.1700,0.1522,1,line_curve_center_riding,-0.1225,-0.1070,-0.3650,-0.3650,0.4713,3,0,0.0000,0,0.0129,0.2580,0.0000,0.2580,-0.2790,0.1522,IDLE,1,0,step_done_latches_cleared,0,0,0.000,0,nan,nan,nan,0.0000,0,5,0.6000,0.5768,0.3290,0.5768,0.0232,本圈台阶完成,1,0.0000,0.150,0.330
6888.360,SEEK_CROSSWALK,8.854,0,2.752,0.0000,0.0000,vision,2.752,,,tracking,0.1450,0.1301,1,line_curve_center_riding,-0.1005,-0.0731,-0.5294,-0.6433,0.5279,4,0,0.0000,0,0.0473,0.4563,0.1139,0.5702,-0.4153,0.1301,IDLE,1,0,step_done_latches_cleared,0,0,0.000,0,nan,nan,nan,0.0000,0,5,0.6000,0.5768,0.3290,0.5768,0.0232,本圈台阶完成,1,0.0000,0.150,0.330
6888.643,SEEK_CROSSWALK,9.136,0,2.752,0.0000,0.0000,vision,2.752,,,tracking,0.1450,0.0926,1,line_curve_center_riding,-0.0506,-0.0217,-0.5045,-0.6193,0.6366,5,0,0.0000,0,0.0086,0.4828,0.1148,0.5976,-0.3818,0.0926,IDLE,1,0,step_done_latches_cleared,0,0,0.000,0,nan,nan,nan,0.0000,0,5,0.6000,0.5768,0.3290,0.5768,0.0232,本圈台阶完成,1,0.0000,0.150,0.330
6888.855,SEEK_CROSSWALK,9.349,0,2.752,0.0000,0.0000,vision,2.752,,,tracking,0.1450,0.0317,1,line_recenter_transition,0.0251,0.0347,-0.4463,-0.5531,0.6422,5,0,0.0000,0,0.0000,0.4811,0.1067,0.5878,-0.3216,0.0317,IDLE,1,0,step_done_latches_cleared,0,0,0.000,0,nan,nan,nan,0.0000,0,5,0.6000,0.5768,0.3290,0.5768,0.0232,本圈台阶完成,1,0.0000,0.150,0.330
6889.058,SEEK_CROSSWALK,9.552,0,2.752,0.4000,0.0000,vision,2.752,,,tracking,0.1450,-0.0125,1,line_recenter_transition,0.0534,0.0625,-0.3918,-0.4800,0.6480,5,0,0.0000,0,0.0043,0.4543,0.0881,0.5425,-0.2698,-0.0125,IDLE,1,0,step_done_latches_cleared,0,0,0.000,0,nan,nan,nan,0.0000,0,5,0.6000,0.5768,0.3290,0.5768,0.0232,本圈台阶完成,1,0.0000,0.150,0.330
6889.260,SEEK_CROSSWALK,9.754,0,2.752,0.0000,0.0000,vision,2.752,,,tracking,0.1450,-0.0138,1,line_curve_center_riding,0.0170,0.0411,-0.3609,-0.4347,0.6553,5,0,0.0000,0,0.0043,0.4020,0.0738,0.4757,-0.2515,-0.0138,IDLE,1,0,step_done_latches_cleared,0,0,0.000,0,nan,nan,nan,0.0000,0,5,0.6000,0.5768,0.3290,0.5768,0.0232,本圈台阶完成,1,0.0000,0.150,0.330
6889.539,SEEK_CROSSWALK,10.033,0,2.752,0.0000,0.0000,vision,2.752,,,tracking,0.1700,0.0145,1,line_curve_center_riding,-0.0384,-0.0249,-0.2497,-0.2497,0.4832,3,0,0.0000,0,0.0086,0.2248,0.0000,0.2248,-0.1748,0.0145,IDLE,1,0,step_done_latches_cleared,0,0,0.000,0,nan,nan,nan,0.0000,0,5,0.6000,0.5768,0.3290,0.5768,0.0232,本圈台阶完成,1,0.0000,0.150,0.330
6889.744,SEEK_CROSSWALK,10.237,0,2.752,0.0000,0.0000,vision,2.752,,,tracking,0.1450,0.0435,1,line_curve_center_riding,-0.0665,-0.0327,-0.5964,-0.7099,0.6207,5,0,0.0000,0,0.0129,0.5637,0.1134,0.6772,-0.4463,0.0435,IDLE,1,0,step_done_latches_cleared,0,0,0.000,0,nan,nan,nan,0.0000,0,5,0.6000,0.5768,0.3290,0.5768,0.0232,本圈台阶完成,1,0.0000,0.150,0.330
6890.040,SEEK_CROSSWALK,10.534,0,2.752,0.0000,0.0000,vision,2.752,,,tracking,0.1700,0.0882,1,line_curve_center_riding,-0.1239,-0.1161,-0.2459,-0.2459,0.4960,3,0,0.0000,0,0.0043,0.1298,0.0000,0.1298,-0.2027,0.0882,IDLE,1,0,step_done_latches_cleared,0,0,0.000,0,nan,nan,nan,0.0000,0,5,0.6000,0.5768,0.3290,0.5768,0.0232,本圈台阶完成,1,0.0000,0.150,0.330
6890.249,SEEK_CROSSWALK,10.743,0,2.752,0.0000,0.0000,vision,2.752,,,tracking,0.1450,0.1671,1,line_curve_center_riding,-0.2248,-0.1966,-0.6673,-0.6673,0.5318,4,0,0.0000,0,0.0301,0.4707,0.0000,0.4707,-0.5104,0.1671,IDLE,1,0,step_done_latches_cleared,0,0,0.000,0,nan,nan,nan,0.0000,0,5,0.6000,0.5768,0.3290,0.5768,0.0232,本圈台阶完成,1,0.0000,0.150,0.330
6890.451,SEEK_CROSSWALK,10.945,0,2.752,0.0000,0.0000,vision,2.752,,,tracking,0.1918,0.2262,1,line_center_tracking,-0.2651,-0.2570,-0.2858,-0.2858,0.3939,2,0,0.0000,0,0.0430,0.0288,0.0000,0.0288,-0.2762,0.2262,IDLE,1,0,step_done_latches_cleared,0,0,0.000,0,nan,nan,nan,0.0000,0,5,0.6000,0.5768,0.3290,0.5768,0.0232,本圈台阶完成,1,0.0000,0.150,0.330
6890.659,SEEK_CROSSWALK,11.153,0,2.752,0.0000,0.0000,vision,2.752,,,tracking,0.1667,0.3241,1,line_center_tracking,-0.3885,-0.3834,-0.4017,-0.4017,0.4236,2,0,0.0000,0,0.0902,0.0183,0.0000,0.0183,-0.3956,0.3241,IDLE,1,0,step_done_latches_cleared,0,0,0.000,0,nan,nan,nan,0.0000,0,5,0.6000,0.5768,0.3290,0.5768,0.0232,本圈台阶完成,1,0.0000,0.150,0.330
6890.854,SEEK_CROSSWALK,11.348,0,2.752,0.0000,0.0000,vision,2.752,,,tracking,0.1447,0.4094,1,line_center_tracking,-0.4582,-0.4475,-0.4857,-0.4857,0.3677,2,0,0.0000,0,0.1461,0.0381,0.0000,0.0381,-0.4730,0.4094,IDLE,1,0,step_done_latches_cleared,0,0,0.000,0,nan,nan,nan,0.0000,0,5,0.6000,0.5768,0.3290,0.5768,0.0232,本圈台阶完成,1,0.0000,0.150,0.330
6891.050,SEEK_CROSSWALK,11.543,0,2.752,0.0000,0.0000,vision,2.752,,,tracking,0.1050,0.4921,1,line_hard_turn_centering,-0.5322,-0.5285,-0.5651,-0.5651,0.3722,2,0,0.0000,0,0.2407,0.0366,0.0000,0.0366,-0.5529,0.4921,IDLE,1,0,step_done_latches_cleared,0,0,0.000,0,nan,nan,nan,0.0000,0,5,0.6000,0.5768,0.3290,0.5768,0.0232,本圈台阶完成,1,0.0000,0.150,0.330
6891.247,SEEK_CROSSWALK,11.741,0,2.752,0.0000,0.0000,vision,2.752,,,line_bridge_loss,0.0543,0.1968,0,line_too_few_bands,0.0000,0.0000,0.0000,0.0000,0.0000,0,0,0.0000,0,0.0860,0.0000,0.0000,0.0000,0.0000,0.1968,IDLE,1,0,step_done_latches_cleared,0,0,0.000,0,nan,nan,nan,0.0000,0,5,0.6000,0.5768,0.3290,0.5768,0.0232,本圈台阶完成,1,0.0000,0.150,0.330
6891.459,SEEK_CROSSWALK,11.953,0,2.752,0.0000,0.0000,vision,2.752,,,line_bridge_loss,0.0350,0.1968,0,line_too_few_bands,0.0000,0.0000,0.0000,0.0000,0.0000,0,0,0.0000,0,0.0645,0.0000,0.0000,0.0000,0.0000,0.1968,IDLE,1,0,step_done_latches_cleared,0,0,0.000,0,nan,nan,nan,0.0000,0,5,0.6000,0.5768,0.3290,0.5768,0.0232,本圈台阶完成,1,0.0000,0.150,0.330
6891.662,SEEK_CROSSWALK,12.156,0,2.752,0.0000,0.0000,vision,2.752,,,line_loss_hold,0.0000,0.0000,0,line_too_few_bands,0.0000,0.0000,0.0000,0.0000,0.0000,0,0,0.0000,0,0.0688,0.0000,0.0000,0.0000,0.0000,0.0000,IDLE,1,0,step_done_latches_cleared,0,0,0.000,0,nan,nan,nan,0.0000,0,5,0.6000,0.5768,0.3290,0.5768,0.0232,本圈台阶完成,1,0.0000,0.150,0.330
6891.855,SEEK_CROSSWALK,12.349,0,2.752,0.0000,0.0000,vision,2.752,,,line_lost_stop,0.0000,0.0000,0,line_too_few_bands,0.0000,0.0000,0.0000,0.0000,0.0000,0,0,0.0000,0,0.1418,0.0000,0.0000,0.0000,0.0000,0.0000,IDLE,1,0,step_done_latches_cleared,0,0,0.000,0,nan,nan,nan,0.0000,0,5,0.6000,0.5768,0.3290,0.5768,0.0232,本圈台阶完成,1,0.0000,0.150,0.330
6892.055,SEEK_CROSSWALK,12.549,0,2.752,0.0000,0.0000,vision,2.752,,,line_lost_stop,0.0000,0.0000,0,line_too_few_bands,0.0000,0.0000,0.0000,0.0000,0.0000,0,0,0.0000,1,1.0000,0.0000,0.0000,0.0000,0.0000,0.0000,IDLE,1,0,step_done_latches_cleared,0,0,0.000,0,nan,nan,nan,0.0000,0,5,0.6000,0.5768,0.3290,0.5768,0.0232,本圈台阶完成,1,0.0000,0.150,0.330
6892.250,SEEK_ROUNDABOUT,0.000,1,0.000,0.0000,0.0000,none,2.752,,,line_lost_stop,0.0000,0.0000,0,line_too_few_bands,0.0000,0.0000,0.0000,0.0000,0.0000,0,0,0.0000,1,1.0000,0.0000,0.0000,0.0000,0.0000,0.0000,IDLE,0,0,new_lap_step_reset,0,0,0.000,0,nan,nan,nan,0.0000,0,0,0.6000,0.5768,0.3290,0.5768,0.0232,本圈台阶完成,1,0.0000,0.150,0.330
6892.454,SEEK_ROUNDABOUT,0.204,1,0.000,0.0000,0.0000,none,2.752,,,line_lost_stop,0.0000,0.0000,0,line_too_few_bands,0.0000,0.0000,0.0000,0.0000,0.0000,0,0,0.0000,1,1.0000,0.0000,0.0000,0.0000,0.0000,0.0000,IDLE,0,0,step_zone_before_min seek=0.00<1.25,0,0,0.000,0,nan,nan,nan,0.0000,0,5,0.6000,0.5768,0.3290,0.5768,0.0232,本圈台阶完成,1,0.0000,0.150,0.330
6892.741,SEEK_ROUNDABOUT,0.491,1,0.000,0.0000,0.0000,none,2.752,,,line_lost_stop,0.0000,0.0000,0,line_too_few_bands,0.0000,0.0000,0.0000,0.0000,0.0000,0,0,0.0000,1,1.0000,0.0000,0.0000,0.0000,0.0000,0.0000,IDLE,0,0,step_zone_before_min seek=0.00<1.25,0,0,0.000,0,nan,nan,nan,0.0000,0,5,0.6000,0.5768,0.3290,0.5768,0.0232,本圈台阶完成,1,0.0000,0.150,0.330
6892.868,SEEK_ROUNDABOUT,0.617,1,0.000,0.0000,0.0000,none,2.752,,,line_lost_stop,0.0000,0.0000,0,line_too_few_bands,0.0000,0.0000,0.0000,0.0000,0.0000,0,0,0.0000,1,1.0000,0.0000,0.0000,0.0000,0.0000,0.0000,IDLE,0,0,step_zone_before_min seek=0.00<1.25,0,0,0.000,0,nan,nan,nan,0.0000,0,5,0.6000,0.5768,0.3290,0.5768,0.0232,本圈台阶完成,1,0.0000,0.150,0.330
6892.996,SEEK_ROUNDABOUT,0.746,1,0.000,0.0000,0.0000,none,2.752,,,line_lost_stop,0.0000,0.0000,0,line_too_few_bands,0.0000,0.0000,0.0000,0.0000,0.0000,0,0,0.0000,1,1.0000,0.0000,0.0000,0.0000,0.0000,0.0000,IDLE,0,0,step_zone_before_min seek=0.00<1.25,0,0,0.000,0,nan,nan,nan,0.0000,0,5,0.6000,0.5768,0.3290,0.5768,0.0232,本圈台阶完成,1,0.0000,0.150,0.330
6893.126,SEEK_ROUNDABOUT,0.876,1,0.000,0.0000,0.0000,none,2.752,,,line_lost_stop,0.0000,0.0000,0,line_too_few_bands,0.0000,0.0000,0.0000,0.0000,0.0000,0,0,0.0000,1,1.0000,0.0000,0.0000,0.0000,0.0000,0.0000,IDLE,0,0,step_zone_before_min seek=0.00<1.25,0,0,0.000,0,nan,nan,nan,0.0000,0,5,0.6000,0.5768,0.3290,0.5768,0.0232,本圈台阶完成,1,0.0000,0.150,0.330
6893.259,SEEK_ROUNDABOUT,1.009,1,0.000,0.0000,0.0000,none,2.752,,,line_lost_stop,0.0000,0.0000,0,line_too_few_bands,0.0000,0.0000,0.0000,0.0000,0.0000,0,0,0.0000,0,0.3481,0.0000,0.0000,0.0000,0.0000,0.0000,IDLE,0,0,step_zone_before_min seek=0.00<1.25,0,0,0.000,0,nan,nan,nan,0.0000,0,5,0.6000,0.5768,0.3290,0.5768,0.0232,本圈台阶完成,1,0.0000,0.150,0.330
6893.384,SEEK_ROUNDABOUT,1.133,1,0.000,0.0000,0.0000,none,2.752,,,line_lost_stop,0.0000,0.0000,0,line_too_few_bands,0.0000,0.0000,0.0000,0.0000,0.0000,0,0,0.0000,0,0.2793,0.0000,0.0000,0.0000,0.0000,0.0000,IDLE,0,0,step_zone_before_min seek=0.00<1.25,0,0,0.000,0,nan,nan,nan,0.0000,0,5,0.6000,0.5768,0.3290,0.5768,0.0232,本圈台阶完成,1,0.0000,0.150,0.330
6893.515,SEEK_ROUNDABOUT,1.265,1,0.000,0.0000,0.0000,none,2.752,,,tracking,0.0499,0.3286,1,line_edge_single_rescue,-0.6508,-0.6508,-0.6508,-0.6508,0.3100,1,0,0.0000,0,0.2707,0.0000,0.0000,0.0000,-0.6508,0.3286,IDLE,0,0,step_zone_before_min seek=0.00<1.25,0,0,0.000,0,nan,nan,nan,0.0000,0,5,0.6000,0.5768,0.3290,0.5768,0.0232,本圈台阶完成,1,0.0000,0.150,0.330
6893.651,SEEK_ROUNDABOUT,1.401,1,0.000,0.0000,0.0000,none,2.752,,,tracking,0.1006,0.5600,1,line_hard_turn_centering,-0.5275,-0.5237,-0.5624,-0.5624,0.3659,2,0,0.0000,0,0.2278,0.0388,0.0000,0.0388,-0.5495,0.5600,IDLE,0,0,step_zone_before_min seek=0.00<1.25,0,0,0.000,0,nan,nan,nan,0.0000,0,5,0.6000,0.5768,0.3290,0.5768,0.0232,本圈台阶完成,1,0.0000,0.150,0.330
6893.777,SEEK_ROUNDABOUT,1.527,1,0.021,0.0000,0.0000,none,2.752,,,line_bridge_loss,0.0527,0.2445,0,line_too_few_bands,0.0000,0.0000,0.0000,0.0000,0.0000,0,0,0.0000,0,0.0902,0.0000,0.0000,0.0000,0.0000,0.2445,IDLE,0,0,step_zone_before_min seek=0.00<1.25,0,0,0.000,0,nan,nan,nan,0.0000,0,5,0.6000,0.5768,0.3290,0.5768,0.0232,本圈台阶完成,1,0.0000,0.150,0.330
6893.909,SEEK_ROUNDABOUT,1.659,1,0.021,0.0000,0.0000,none,2.752,,,tracking,0.1029,0.3336,1,line_curve_center_riding,-0.0383,-0.0092,-0.4933,-0.4933,0.5387,4,0,0.0000,0,0.2707,0.4841,0.0000,0.4841,-0.3319,0.3336,IDLE,0,0,step_zone_before_min seek=0.02<1.25,0,0,0.000,0,nan,nan,nan,0.0000,0,5,0.6000,0.5768,0.3290,0.5768,0.0232,本圈台阶完成,1,0.0000,0.150,0.330
6894.043,SEEK_ROUNDABOUT,1.793,1,0.040,0.0000,0.0000,none,2.752,,,tracking,0.1371,0.0744,1,line_recenter_transition,0.1503,0.1635,-0.4966,-0.6148,0.6067,5,0,0.0000,0,0.2149,0.6601,0.1182,0.7783,-0.3160,0.0744,IDLE,0,0,step_zone_before_min seek=0.02<1.25,0,0,0.000,0,nan,nan,nan,0.0000,0,5,0.6000,0.5768,0.3290,0.5768,0.0232,本圈台阶完成,1,0.0000,0.150,0.330
6894.182,SEEK_ROUNDABOUT,1.932,1,0.054,0.0000,0.0000,none,2.752,,,tracking,0.1450,-0.0924,1,line_recenter_transition,0.2428,0.2509,-0.1539,-0.1539,0.5506,4,0,0.0000,0,0.1289,0.4048,0.0000,0.4048,-0.0189,-0.0924,IDLE,0,0,step_zone_before_min seek=0.04<1.25,0,0,0.000,0,nan,nan,nan,0.0000,0,5,0.6000,0.5768,0.3290,0.5768,0.0232,本圈台阶完成,1,0.0000,0.150,0.330
6894.315,SEEK_ROUNDABOUT,2.065,1,0.067,0.0000,0.0000,none,2.752,,,tracking,0.1450,-0.1969,1,line_recenter_transition,0.2815,0.2900,-0.1372,-0.1372,0.5464,4,0,0.0000,0,0.0086,0.4272,0.0000,0.4272,0.0052,-0.1969,IDLE,0,0,step_zone_before_min seek=0.05<1.25,0,0,0.000,0,nan,nan,nan,0.0000,0,5,0.6000,0.5768,0.3290,0.5768,0.0232,本圈台阶完成,1,0.0000,0.150,0.330
6894.452,SEEK_ROUNDABOUT,2.202,1,0.073,0.0000,0.0000,none,2.752,,,tracking,0.1450,-0.2464,1,line_recenter_transition,0.2786,0.2862,-0.0970,-0.0970,0.5546,4,0,0.0000,0,0.0129,0.3832,0.0000,0.3832,0.0308,-0.2464,IDLE,0,0,step_zone_before_min seek=0.07<1.25,0,0,0.000,0,nan,nan,nan,0.0000,0,5,0.6000,0.5768,0.3290,0.5768,0.0232,本圈台阶完成,1,0.0000,0.150,0.330
6894.590,SEEK_ROUNDABOUT,2.340,1,0.073,0.0000,0.0000,none,2.752,,,tracking,0.1370,-0.2726,1,line_recenter_transition,0.2788,0.2920,-0.3689,-0.5067,0.6072,5,0,0.0000,0,0.0172,0.6609,0.1378,0.7987,-0.1946,-0.2726,IDLE,0,0,step_zone_before_min seek=0.07<1.25,0,0,0.000,0,nan,nan,nan,0.0000,0,5,0.6000,0.5768,0.3290,0.5768,0.0232,本圈台阶完成,1,0.0000,0.150,0.330
6894.724,SEEK_ROUNDABOUT,2.474,1,0.075,0.0000,0.0000,none,2.752,,,tracking,0.1450,-0.2277,1,line_recenter_transition,0.1782,0.1863,-0.2172,-0.2172,0.5534,4,0,0.0000,0,0.0043,0.4034,0.0000,0.4034,-0.0827,-0.2277,IDLE,0,0,step_zone_before_min seek=0.07<1.25,0,0,0.000,0,nan,nan,nan,0.0000,0,5,0.6000,0.5768,0.3290,0.5768,0.0232,本圈台阶完成,1,0.0000,0.150,0.330
6894.856,SEEK_ROUNDABOUT,2.605,1,0.080,0.0000,0.0000,none,2.752,,,tracking,0.1450,-0.1528,1,line_recenter_transition,0.0790,0.0879,-0.3608,-0.3608,0.5465,4,0,0.0000,0,0.0043,0.4487,0.0000,0.4487,-0.2112,-0.1528,IDLE,0,0,step_zone_before_min seek=0.07<1.25,0,0,0.000,0,nan,nan,nan,0.0000,0,5,0.6000,0.5768,0.3290,0.5768,0.0232,本圈台阶完成,1,0.0000,0.150,0.330
6894.990,SEEK_ROUNDABOUT,2.740,1,0.091,0.0000,0.0000,none,2.752,,,tracking,0.1700,0.0454,1,line_curve_center_riding,-0.2057,-0.1943,-0.3841,-0.3841,0.4614,3,0,0.0000,0,0.0215,0.1898,0.0000,0.1898,-0.3208,0.0454,IDLE,0,0,step_zone_before_min seek=0.08<1.25,0,0,0.000,0,nan,nan,nan,0.0000,0,5,0.6000,0.5768,0.3290,0.5768,0.0232,本圈台阶完成,1,0.0000,0.150,0.330
6895.128,SEEK_ROUNDABOUT,2.878,1,0.111,0.0000,0.0000,none,2.752,,,tracking,0.1693,0.2586,1,line_center_tracking,-0.4272,-0.4153,-0.4580,-0.4580,0.3550,2,0,0.0000,0,0.0258,0.0427,0.0000,0.0427,-0.4437,0.2586,IDLE,0,0,step_zone_before_min seek=0.09<1.25,0,0,0.000,0,nan,nan,nan,0.0000,0,5,0.6000,0.5768,0.3290,0.5768,0.0232,本圈台阶完成,1,0.0000,0.150,0.330
6895.266,SEEK_ROUNDABOUT,3.016,1,0.132,0.0000,0.0000,none,2.752,,,tracking,0.1186,0.4574,1,line_hard_turn_centering,-0.6017,-0.5973,-0.6419,-0.6419,0.3496,2,0,0.0000,0,0.2450,0.0446,0.0000,0.0446,-0.6270,0.4574,IDLE,0,0,step_zone_before_min seek=0.11<1.25,0,0,0.000,0,nan,nan,nan,0.0000,0,5,0.6000,0.5768,0.3290,0.5768,0.0232,本圈台阶完成,1,0.0000,0.150,0.330
6895.397,SEEK_ROUNDABOUT,3.147,1,0.164,0.0000,0.0000,none,2.752,,,line_bridge_loss,0.0686,0.1830,0,line_too_few_bands,0.0000,0.0000,0.0000,0.0000,0.0000,0,0,0.0000,0,0.4047,0.0000,0.0000,0.0000,0.0000,0.1830,IDLE,0,0,step_zone_before_min seek=0.13<1.25,0,0,0.000,0,nan,nan,nan,0.0000,0,5,0.6000,0.5768,0.3290,0.5768,0.0232,本圈台阶完成,1,0.0000,0.150,0.330
6895.524,SEEK_ROUNDABOUT,3.274,1,0.164,0.0000,0.0000,none,2.752,,,line_bridge_loss,0.0350,0.1830,0,line_too_few_bands,0.0000,0.0000,0.0000,0.0000,0.0000,0,0,0.0000,0,0.4047,0.0000,0.0000,0.0000,0.0000,0.1830,IDLE,0,0,step_zone_before_min seek=0.16<1.25,0,0,0.000,0,nan,nan,nan,0.0000,0,5,0.6000,0.5768,0.3290,0.5768,0.0232,本圈台阶完成,1,0.0000,0.150,0.330
6895.658,SEEK_ROUNDABOUT,3.408,1,0.164,0.0000,0.0000,none,2.752,,,line_bridge_loss,0.0350,0.1830,0,line_too_few_bands,0.0000,0.0000,0.0000,0.0000,0.0000,0,0,0.0000,0,0.3223,0.0000,0.0000,0.0000,0.0000,0.1830,IDLE,0,0,step_zone_before_min seek=0.16<1.25,0,0,0.000,0,nan,nan,nan,0.0000,0,5,0.6000,0.5768,0.3290,0.5768,0.0232,本圈台阶完成,1,0.0000,0.150,0.330
6895.791,SEEK_ROUNDABOUT,3.540,1,0.164,0.0000,0.0000,none,2.752,,,line_loss_hold,0.0000,0.0000,0,line_too_few_bands,0.0000,0.0000,0.0000,0.0000,0.0000,0,0,0.0000,0,0.2836,0.0000,0.0000,0.0000,0.0000,0.0000,IDLE,0,0,step_zone_before_min seek=0.16<1.25,0,0,0.000,0,nan,nan,nan,0.0000,0,5,0.6000,0.5768,0.3290,0.5768,0.0232,本圈台阶完成,1,0.0000,0.150,0.330
6895.931,SEEK_ROUNDABOUT,3.680,1,0.164,0.0000,0.0000,none,2.752,,,line_loss_hold,0.0000,0.0000,0,line_too_few_bands,0.0000,0.0000,0.0000,0.0000,0.0000,0,0,0.0000,1,0.5446,0.0000,0.0000,0.0000,0.0000,0.0000,IDLE,0,0,step_zone_before_min seek=0.16<1.25,0,0,0.000,0,nan,nan,nan,0.0000,0,5,0.6000,0.5768,0.3290,0.5768,0.0232,本圈台阶完成,1,0.0000,0.150,0.330
6896.059,SEEK_ROUNDABOUT,3.809,1,0.164,0.0000,0.0000,none,2.752,,,line_loss_hold,0.0000,0.0000,0,line_too_few_bands,0.0000,0.0000,0.0000,0.0000,0.0000,0,0,0.0000,1,1.0000,0.0000,0.0000,0.0000,0.0000,0.0000,IDLE,0,0,step_zone_before_min seek=0.16<1.25,0,0,0.000,0,nan,nan,nan,0.0000,0,5,0.6000,0.5768,0.3290,0.5768,0.0232,本圈台阶完成,1,0.0000,0.150,0.330
6896.191,SEEK_ROUNDABOUT,3.941,1,0.164,0.0000,0.0000,none,2.752,,,line_lost_stop,0.0000,0.0000,0,line_too_few_bands,0.0000,0.0000,0.0000,0.0000,0.0000,0,0,0.0000,1,1.0000,0.0000,0.0000,0.0000,0.0000,0.0000,IDLE,0,0,step_zone_before_min seek=0.16<1.25,0,0,0.000,0,nan,nan,nan,0.0000,0,5,0.6000,0.5768,0.3290,0.5768,0.0232,本圈台阶完成,1,0.0000,0.150,0.330
6896.332,SEEK_ROUNDABOUT,4.082,1,0.164,0.0000,0.0000,none,2.752,,,line_lost_stop,0.0000,0.0000,0,line_too_few_bands,0.0000,0.0000,0.0000,0.0000,0.0000,0,0,0.0000,1,1.0000,0.0000,0.0000,0.0000,0.0000,0.0000,IDLE,0,0,step_zone_before_min seek=0.16<1.25,0,0,0.000,0,nan,nan,nan,0.0000,0,5,0.6000,0.5768,0.3290,0.5768,0.0232,本圈台阶完成,1,0.0000,0.150,0.330
6896.457,SEEK_ROUNDABOUT,4.207,1,0.164,0.0000,0.0000,none,2.752,,,line_lost_stop,0.0000,0.0000,0,line_too_few_bands,0.0000,0.0000,0.0000,0.0000,0.0000,0,0,0.0000,1,1.0000,0.0000,0.0000,0.0000,0.0000,0.0000,IDLE,0,0,step_zone_before_min seek=0.16<1.25,0,0,0.000,0,nan,nan,nan,0.0000,0,5,0.6000,0.5768,0.3290,0.5768,0.0232,本圈台阶完成,1,0.0000,0.150,0.330
6896.593,SEEK_ROUNDABOUT,4.343,1,0.164,0.0000,0.0000,none,2.752,,,line_lost_stop,0.0000,0.0000,0,line_too_few_bands,0.0000,0.0000,0.0000,0.0000,0.0000,0,0,0.0000,1,1.0000,0.0000,0.0000,0.0000,0.0000,0.0000,IDLE,0,0,step_zone_before_min seek=0.16<1.25,0,0,0.000,0,nan,nan,nan,0.0000,0,5,0.6000,0.5768,0.3290,0.5768,0.0232,本圈台阶完成,1,0.0000,0.150,0.330
6896.728,SEEK_ROUNDABOUT,4.478,1,0.164,0.0000,0.0000,none,2.752,,,line_lost_stop,0.0000,0.0000,0,line_too_few_bands,0.0000,0.0000,0.0000,0.0000,0.0000,0,0,0.0000,1,1.0000,0.0000,0.0000,0.0000,0.0000,0.0000,IDLE,0,0,step_zone_before_min seek=0.16<1.25,0,0,0.000,0,nan,nan,nan,0.0000,0,5,0.6000,0.5768,0.3290,0.5768,0.0232,本圈台阶完成,1,0.0000,0.150,0.330
6896.879,SEEK_ROUNDABOUT,4.629,1,0.164,0.0000,0.0000,none,2.752,,,line_lost_stop,0.0000,0.0000,0,line_too_few_bands,0.0000,0.0000,0.0000,0.0000,0.0000,0,0,0.0000,1,1.0000,0.0000,0.0000,0.0000,0.0000,0.0000,IDLE,0,0,step_zone_before_min seek=0.16<1.25,0,0,0.000,0,nan,nan,nan,0.0000,0,5,0.6000,0.5768,0.3290,0.5768,0.0232,本圈台阶完成,1,0.0000,0.150,0.330
6897.011,SEEK_ROUNDABOUT,4.761,1,0.164,0.0000,0.0000,none,2.752,,,line_lost_stop,0.0000,0.0000,0,line_too_few_bands,0.0000,0.0000,0.0000,0.0000,0.0000,0,0,0.0000,1,1.0000,0.0000,0.0000,0.0000,0.0000,0.0000,IDLE,0,0,step_zone_before_min seek=0.16<1.25,0,0,0.000,0,nan,nan,nan,0.0000,0,5,0.6000,0.5768,0.3290,0.5768,0.0232,本圈台阶完成,1,0.0000,0.150,0.330
6897.145,SEEK_ROUNDABOUT,4.895,1,0.164,0.0000,0.0000,none,2.752,,,line_lost_stop,0.0000,0.0000,0,line_too_few_bands,0.0000,0.0000,0.0000,0.0000,0.0000,0,0,0.0000,1,1.0000,0.0000,0.0000,0.0000,0.0000,0.0000,IDLE,0,0,step_zone_before_min seek=0.16<1.25,0,0,0.000,0,nan,nan,nan,0.0000,0,5,0.6000,0.5768,0.3290,0.5768,0.0232,本圈台阶完成,1,0.0000,0.150,0.330
6897.279,SEEK_ROUNDABOUT,5.029,1,0.164,0.0000,0.0000,none,2.752,,,line_lost_stop,0.0000,0.0000,0,line_too_few_bands,0.0000,0.0000,0.0000,0.0000,0.0000,0,0,0.0000,1,1.0000,0.0000,0.0000,0.0000,0.0000,0.0000,IDLE,0,0,step_zone_before_min seek=0.16<1.25,0,0,0.000,0,nan,nan,nan,0.0000,0,5,0.6000,0.5768,0.3290,0.5768,0.0232,本圈台阶完成,1,0.0000,0.150,0.330
6897.412,SEEK_ROUNDABOUT,5.162,1,0.164,0.0000,0.0000,none,2.752,,,line_lost_stop,0.0000,0.0000,0,line_too_few_bands,0.0000,0.0000,0.0000,0.0000,0.0000,0,0,0.0000,1,1.0000,0.0000,0.0000,0.0000,0.0000,0.0000,IDLE,0,0,step_zone_before_min seek=0.16<1.25,0,0,0.000,0,nan,nan,nan,0.0000,0,5,0.6000,0.5768,0.3290,0.5768,0.0232,本圈台阶完成,1,0.0000,0.150,0.330
6897.543,SEEK_ROUNDABOUT,5.293,1,0.164,0.0000,0.0000,none,2.752,,,line_lost_stop,0.0000,0.0000,0,line_too_few_bands,0.0000,0.0000,0.0000,0.0000,0.0000,0,0,0.0000,1,1.0000,0.0000,0.0000,0.0000,0.0000,0.0000,IDLE,0,0,step_zone_before_min seek=0.16<1.25,0,0,0.000,0,nan,nan,nan,0.0000,0,5,0.6000,0.5768,0.3290,0.5768,0.0232,本圈台阶完成,1,0.0000,0.150,0.330
6897.680,SEEK_ROUNDABOUT,5.430,1,0.164,0.0000,0.0000,none,2.752,,,line_lost_stop,0.0000,0.0000,0,line_too_few_bands,0.0000,0.0000,0.0000,0.0000,0.0000,0,0,0.0000,1,1.0000,0.0000,0.0000,0.0000,0.0000,0.0000,IDLE,0,0,step_zone_before_min seek=0.16<1.25,0,0,0.000,0,nan,nan,nan,0.0000,0,5,0.6000,0.5768,0.3290,0.5768,0.0232,本圈台阶完成,1,0.0000,0.150,0.330
6897.805,SEEK_ROUNDABOUT,5.555,1,0.164,0.0000,0.0000,none,2.752,,,line_lost_stop,0.0000,0.0000,0,line_too_few_bands,0.0000,0.0000,0.0000,0.0000,0.0000,0,0,0.0000,1,1.0000,0.0000,0.0000,0.0000,0.0000,0.0000,IDLE,0,0,step_zone_before_min seek=0.16<1.25,0,0,0.000,0,nan,nan,nan,0.0000,0,5,0.6000,0.5768,0.3290,0.5768,0.0232,本圈台阶完成,1,0.0000,0.150,0.330
6897.933,SEEK_ROUNDABOUT,5.683,1,0.164,0.0000,0.0000,none,2.752,,,line_lost_stop,0.0000,0.0000,0,line_too_few_bands,0.0000,0.0000,0.0000,0.0000,0.0000,0,0,0.0000,1,1.0000,0.0000,0.0000,0.0000,0.0000,0.0000,IDLE,0,0,step_zone_before_min seek=0.16<1.25,0,0,0.000,0,nan,nan,nan,0.0000,0,5,0.6000,0.5768,0.3290,0.5768,0.0232,本圈台阶完成,1,0.0000,0.150,0.330
6898.061,SEEK_ROUNDABOUT,5.811,1,0.164,0.0000,0.0000,none,2.752,,,line_lost_stop,0.0000,0.0000,0,line_too_few_bands,0.0000,0.0000,0.0000,0.0000,0.0000,0,0,0.0000,1,1.0000,0.0000,0.0000,0.0000,0.0000,0.0000,IDLE,0,0,step_zone_before_min seek=0.16<1.25,0,0,0.000,0,nan,nan,nan,0.0000,0,5,0.6000,0.5768,0.3290,0.5768,0.0232,本圈台阶完成,1,0.0000,0.150,0.330
6898.195,SEEK_ROUNDABOUT,5.944,1,0.164,0.0000,0.0000,none,2.752,,,line_lost_stop,0.0000,0.0000,0,line_too_few_bands,0.0000,0.0000,0.0000,0.0000,0.0000,0,0,0.0000,1,1.0000,0.0000,0.0000,0.0000,0.0000,0.0000,IDLE,0,0,step_zone_before_min seek=0.16<1.25,0,0,0.000,0,nan,nan,nan,0.0000,0,5,0.6000,0.5768,0.3290,0.5768,0.0232,本圈台阶完成,1,0.0000,0.150,0.330
6898.320,SEEK_ROUNDABOUT,6.070,1,0.164,0.0000,0.0000,none,2.752,,,line_lost_stop,0.0000,0.0000,0,line_too_few_bands,0.0000,0.0000,0.0000,0.0000,0.0000,0,0,0.0000,1,1.0000,0.0000,0.0000,0.0000,0.0000,0.0000,IDLE,0,0,step_zone_before_min seek=0.16<1.25,0,0,0.000,0,nan,nan,nan,0.0000,0,5,0.6000,0.5768,0.3290,0.5768,0.0232,本圈台阶完成,1,0.0000,0.150,0.330
6898.448,SEEK_ROUNDABOUT,6.198,1,0.164,0.0000,0.0000,none,2.752,,,line_lost_stop,0.0000,0.0000,0,line_too_few_bands,0.0000,0.0000,0.0000,0.0000,0.0000,0,0,0.0000,1,1.0000,0.0000,0.0000,0.0000,0.0000,0.0000,IDLE,0,0,step_zone_before_min seek=0.16<1.25,0,0,0.000,0,nan,nan,nan,0.0000,0,5,0.6000,0.5768,0.3290,0.5768,0.0232,本圈台阶完成,1,0.0000,0.150,0.330
6898.619,SEEK_ROUNDABOUT,6.369,1,0.164,0.0000,0.0000,none,2.752,,,line_lost_stop,0.0000,0.0000,0,line_too_few_bands,0.0000,0.0000,0.0000,0.0000,0.0000,0,0,0.0000,1,1.0000,0.0000,0.0000,0.0000,0.0000,0.0000,IDLE,0,0,step_zone_before_min seek=0.16<1.25,0,0,0.000,0,nan,nan,nan,0.0000,0,5,0.6000,0.5768,0.3290,0.5768,0.0232,本圈台阶完成,1,0.0000,0.150,0.330
6898.774,SEEK_ROUNDABOUT,6.524,1,0.164,0.0000,0.0000,none,2.752,,,line_lost_stop,0.0000,0.0000,0,line_too_few_bands,0.0000,0.0000,0.0000,0.0000,0.0000,0,0,0.0000,1,1.0000,0.0000,0.0000,0.0000,0.0000,0.0000,IDLE,0,0,step_zone_before_min seek=0.16<1.25,0,0,0.000,0,nan,nan,nan,0.0000,0,5,0.6000,0.5768,0.3290,0.5768,0.0232,本圈台阶完成,1,0.0000,0.150,0.330
6898.909,SEEK_ROUNDABOUT,6.659,1,0.164,0.0000,0.0000,none,2.752,,,tracking,0.0507,0.3333,1,line_edge_single_rescue,-0.7917,-0.7917,-0.7917,-0.7917,0.3100,1,0,0.0000,1,1.0000,0.0000,0.0000,0.0000,-0.7917,0.3333,IDLE,0,0,step_zone_before_min seek=0.16<1.25,0,0,0.000,0,nan,nan,nan,0.0000,0,5,0.6000,0.5768,0.3290,0.5768,0.0232,本圈台阶完成,1,0.0000,0.150,0.330
6899.043,SEEK_ROUNDABOUT,6.792,1,0.164,0.0000,0.0000,none,2.752,,,line_bridge_loss,0.0350,0.1680,0,line_too_few_bands,0.0000,0.0000,0.0000,0.0000,0.0000,0,0,0.0000,1,1.0000,0.0000,0.0000,0.0000,0.0000,0.1680,IDLE,0,0,step_zone_before_min seek=0.16<1.25,0,0,0.000,0,nan,nan,nan,0.0000,0,5,0.6000,0.5768,0.3290,0.5768,0.0232,本圈台阶完成,1,0.0000,0.150,0.330
6899.167,SEEK_ROUNDABOUT,6.917,1,0.164,0.0000,0.0000,none,2.752,,,tracking,0.0822,0.4200,1,line_edge_single_rescue,-0.8104,-0.8104,-0.8104,-0.8104,0.3100,1,0,0.0000,1,1.0000,0.0000,0.0000,0.0000,-0.8104,0.4200,IDLE,0,0,step_zone_before_min seek=0.16<1.25,0,0,0.000,0,nan,nan,nan,0.0000,0,5,0.6000,0.5768,0.3290,0.5768,0.0232,本圈台阶完成,1,0.0000,0.150,0.330
6899.301,SEEK_ROUNDABOUT,7.050,1,0.167,0.0000,0.0000,none,2.752,,,tracking,0.0850,0.4200,1,line_edge_single_rescue,-0.8023,-0.8023,-0.8023,-0.8023,0.3100,1,0,0.0000,1,1.0000,0.0000,0.0000,0.0000,-0.8023,0.4200,IDLE,0,0,step_zone_before_min seek=0.16<1.25,0,0,0.000,0,nan,nan,nan,0.0000,0,5,0.6000,0.5768,0.3290,0.5768,0.0232,本圈台阶完成,1,0.0000,0.150,0.330
6899.435,SEEK_ROUNDABOUT,7.185,1,0.169,0.0000,0.0000,none,2.752,,,tracking,0.1050,0.5600,1,line_hard_turn_centering,-0.7771,-0.7744,-0.8018,-0.8018,0.3980,2,0,0.0000,1,1.0000,0.0274,0.0000,0.0274,-0.7927,0.5600,IDLE,0,0,step_zone_before_min seek=0.17<1.25,0,0,0.000,0,nan,nan,nan,0.0000,0,5,0.6000,0.5768,0.3290,0.5768,0.0232,本圈台阶完成,1,0.0000,0.150,0.330
6899.595,SEEK_ROUNDABOUT,7.345,1,0.170,0.0000,0.0000,none,2.752,,,tracking,0.1050,0.5600,1,line_hard_turn_centering,-0.7111,-0.7058,-0.7590,-0.7590,0.3255,2,0,0.0000,1,1.0000,0.0531,0.0000,0.0531,-0.7412,0.5600,IDLE,0,0,step_zone_before_min seek=0.17<1.25,0,0,0.000,0,nan,nan,nan,0.0000,0,5,0.6000,0.5768,0.3290,0.5768,0.0232,本圈台阶完成,1,0.0000,0.150,0.330
6899.747,SEEK_ROUNDABOUT,7.496,1,0.174,0.0000,0.0000,none,2.752,,,tracking,0.1000,0.6373,1,line_curve_center_riding,-0.4612,-0.4489,-0.6536,-0.6536,0.4495,3,0,0.0000,1,0.8192,0.2047,0.0000,0.2047,-0.5854,0.6373,IDLE,0,0,step_zone_before_min seek=0.17<1.25,0,0,0.000,0,nan,nan,nan,0.0000,0,5,0.6000,0.5768,0.3290,0.5768,0.0232,本圈台阶完成,1,0.0000,0.150,0.330
6899.882,SEEK_ROUNDABOUT,7.632,1,0.180,0.0000,0.0000,none,2.752,,,tracking,0.1326,0.4565,1,line_curve_center_riding,-0.2670,-0.2509,-0.5182,-0.5182,0.4287,3,0,0.0000,0,0.3051,0.2672,0.0000,0.2672,-0.4291,0.4565,IDLE,0,0,step_zone_before_min seek=0.17<1.25,0,0,0.000,0,nan,nan,nan,0.0000,0,5,0.6000,0.5768,0.3290,0.5768,0.0232,本圈台阶完成,1,0.0000,0.150,0.330
6900.035,SEEK_ROUNDABOUT,7.784,1,0.188,0.0000,0.0000,none,2.752,,,tracking,0.1450,0.2748,1,line_curve_center_riding,-0.0892,-0.0596,-0.5532,-0.5532,0.5193,4,0,0.0000,0,0.0945,0.4936,0.0000,0.4936,-0.3887,0.2748,IDLE,0,0,step_zone_before_min seek=0.18<1.25,0,0,0.000,0,nan,nan,nan,0.0000,0,5,0.6000,0.5768,0.3290,0.5768,0.0232,本圈台阶完成,1,0.0000,0.150,0.330
6900.171,SEEK_ROUNDABOUT,7.920,1,0.200,0.0000,0.0000,none,2.752,,,tracking,0.1700,0.1712,1,line_curve_center_riding,-0.0605,-0.0469,-0.2748,-0.2748,0.4504,3,0,0.0000,0,0.0731,0.2279,0.0000,0.2279,-0.1988,0.1712,IDLE,0,0,step_zone_before_min seek=0.19<1.25,0,0,0.000,0,nan,nan,nan,0.0000,0,5,0.6000,0.5768,0.3290,0.5768,0.0232,本圈台阶完成,1,0.0000,0.150,0.330
6900.300,SEEK_ROUNDABOUT,8.050,1,0.214,0.0000,0.0000,none,2.752,,,tracking,0.1450,0.0265,1,line_recenter_transition,0.0994,0.1113,-0.4810,-0.4810,0.5072,4,0,0.0000,0,0.0258,0.5923,0.0000,0.5923,-0.2836,0.0265,IDLE,0,0,step_zone_before_min seek=0.20<1.25,0,0,0.000,0,nan,nan,nan,0.0000,0,5,0.6000,0.5768,0.3290,0.5768,0.0232,本圈台阶完成,1,0.0000,0.150,0.330
6900.437,SEEK_ROUNDABOUT,8.187,1,0.228,0.0000,0.0000,none,2.752,,,tracking,0.1700,0.0271,1,line_curve_center_riding,-0.0113,0.0020,-0.2196,-0.2196,0.4543,3,0,0.0000,0,0.0430,0.2215,0.0000,0.2215,-0.1457,0.0271,IDLE,0,0,step_zone_before_min seek=0.21<1.25,0,0,0.000,0,nan,nan,nan,0.0000,0,5,0.6000,0.5768,0.3290,0.5768,0.0232,本圈台阶完成,1,0.0000,0.150,0.330
6900.568,SEEK_ROUNDABOUT,8.317,1,0.246,0.0000,0.0000,none,2.752,,,tracking,0.1450,-0.0137,1,line_recenter_transition,0.0461,0.0584,-0.5553,-0.5553,0.4996,4,0,0.0000,0,0.0301,0.6137,0.0000,0.6137,-0.3507,-0.0137,IDLE,0,0,step_zone_before_min seek=0.23<1.25,0,0,0.000,0,nan,nan,nan,0.0000,0,5,0.6000,0.5768,0.3290,0.5768,0.0232,本圈台阶完成,1,0.0000,0.150,0.330
6900.707,SEEK_ROUNDABOUT,8.457,1,0.265,0.0000,0.0000,none,2.752,,,tracking,0.1450,0.0690,1,line_curve_center_riding,-0.1260,-0.1091,-0.3910,-0.3910,0.4244,3,0,0.0000,0,0.0559,0.2820,0.0000,0.2820,-0.2970,0.0690,IDLE,0,0,step_zone_before_min seek=0.25<1.25,0,0,0.000,0,nan,nan,nan,0.0000,0,5,0.6000,0.5768,0.3290,0.5768,0.0232,本圈台阶完成,1,0.0000,0.150,0.330
6900.847,SEEK_ROUNDABOUT,8.596,1,0.294,0.0000,0.0000,none,2.752,,,tracking,0.1450,0.1924,1,line_curve_center_riding,-0.2832,-0.2650,-0.5674,-0.5674,0.4133,3,0,0.0000,0,0.0344,0.3024,0.0000,0.3024,-0.4666,0.1924,IDLE,0,0,step_zone_before_min seek=0.27<1.25,0,0,0.000,0,nan,nan,nan,0.0000,0,5,0.6000,0.5768,0.3290,0.5768,0.0232,本圈台阶完成,1,0.0000,0.150,0.330
6900.980,SEEK_ROUNDABOUT,8.729,1,0.323,0.0000,0.0000,none,2.752,,,line_bridge_loss,0.0945,0.0770,0,line_too_few_bands,0.0000,0.0000,0.0000,0.0000,0.0000,1,0,0.0000,0,0.0086,0.0000,0.0000,0.0000,0.0000,0.0770,IDLE,0,0,step_zone_before_min seek=0.29<1.25,0,0,0.000,0,nan,nan,nan,0.0000,0,5,0.6000,0.5768,0.3290,0.5768,0.0232,本圈台阶完成,1,0.0000,0.150,0.330
6901.115,SEEK_ROUNDABOUT,8.865,1,0.353,0.0000,0.0000,none,2.752,,,tracking,0.1050,0.4103,1,line_hard_turn_centering,-0.7242,-0.7205,-0.7573,-0.7573,0.3715,2,0,0.0000,0,0.0043,0.0368,0.0000,0.0368,-0.7450,0.4103,IDLE,0,0,step_zone_before_min seek=0.32<1.25,0,0,0.000,0,nan,nan,nan,0.0000,0,5,0.6000,0.5768,0.3290,0.5768,0.0232,本圈台阶完成,1,0.0000,0.150,0.330
6901.263,SEEK_ROUNDABOUT,9.012,1,0.388,0.0000,0.0000,none,2.752,,,tracking,0.0850,0.4200,1,line_edge_single_rescue,-0.7542,-0.7542,-0.7542,-0.7542,0.3100,1,0,0.0000,0,0.0000,0.0000,0.0000,0.0000,-0.7542,0.4200,IDLE,0,0,step_zone_before_min seek=0.35<1.25,0,0,0.000,0,nan,nan,nan,0.0000,0,5,0.6000,0.5768,0.3290,0.5768,0.0232,本圈台阶完成,1,0.0000,0.150,0.330
6901.392,SEEK_ROUNDABOUT,9.141,1,0.418,0.0000,0.0000,none,2.752,,,tracking,0.0850,0.4200,1,line_edge_single_rescue,-0.8850,-0.8850,-0.8850,-0.8850,0.3100,1,0,0.0000,0,0.0000,0.0000,0.0000,0.0000,-0.8850,0.4200,IDLE,0,0,step_zone_before_min seek=0.39<1.25,0,0,0.000,0,nan,nan,nan,0.0000,0,5,0.6000,0.5768,0.3290,0.5768,0.0232,本圈台阶完成,1,0.0000,0.150,0.330
6901.529,SEEK_ROUNDABOUT,9.279,1,0.452,0.0000,0.0000,none,2.752,,,line_bridge_loss,0.0350,0.1680,0,line_too_few_bands,0.0000,0.0000,0.0000,0.0000,0.0000,0,0,0.0000,0,0.0000,0.0000,0.0000,0.0000,0.0000,0.1680,IDLE,0,0,step_zone_before_min seek=0.42<1.25,0,0,0.000,0,nan,nan,nan,0.0000,0,5,0.6000,0.5768,0.3290,0.5768,0.0232,本圈台阶完成,1,0.0000,0.150,0.330
6901.663,SEEK_ROUNDABOUT,9.413,1,0.452,0.0000,0.0000,none,2.752,,,line_bridge_loss,0.0350,0.1680,0,line_too_few_bands,0.0000,0.0000,0.0000,0.0000,0.0000,0,0,0.0000,0,0.0000,0.0000,0.0000,0.0000,0.0000,0.1680,IDLE,0,0,step_zone_before_min seek=0.45<1.25,0,0,0.000,0,nan,nan,nan,0.0000,0,5,0.6000,0.5768,0.3290,0.5768,0.0232,本圈台阶完成,1,0.0000,0.150,0.330
6901.806,SEEK_ROUNDABOUT,9.555,1,0.452,0.0000,0.0000,none,2.752,,,line_bridge_loss,0.0350,0.1680,0,line_too_few_bands,0.0000,0.0000,0.0000,0.0000,0.0000,0,0,0.0000,0,0.0000,0.0000,0.0000,0.0000,0.0000,0.1680,IDLE,0,0,step_zone_before_min seek=0.45<1.25,0,0,0.000,0,nan,nan,nan,0.0000,0,5,0.6000,0.5768,0.3290,0.5768,0.0232,本圈台阶完成,1,0.0000,0.150,0.330
6901.940,SEEK_ROUNDABOUT,9.690,1,0.452,0.0000,0.0000,none,2.752,,,line_loss_hold,0.0000,0.0000,0,line_too_few_bands,0.0000,0.0000,0.0000,0.0000,0.0000,0,0,0.0000,0,0.0000,0.0000,0.0000,0.0000,0.0000,0.0000,IDLE,0,0,step_zone_before_min seek=0.45<1.25,0,0,0.000,0,nan,nan,nan,0.0000,0,5,0.6000,0.5768,0.3290,0.5768,0.0232,本圈台阶完成,1,0.0000,0.150,0.330
6902.077,SEEK_ROUNDABOUT,9.827,1,0.452,0.0000,0.0000,none,2.752,,,line_loss_hold,0.0000,0.0000,0,line_too_few_bands,0.0000,0.0000,0.0000,0.0000,0.0000,0,0,0.0000,0,0.0000,0.0000,0.0000,0.0000,0.0000,0.0000,IDLE,0,0,step_zone_before_min seek=0.45<1.25,0,0,0.000,0,nan,nan,nan,0.0000,0,5,0.6000,0.5768,0.3290,0.5768,0.0232,本圈台阶完成,1,0.0000,0.150,0.330
6902.203,SEEK_ROUNDABOUT,9.953,1,0.452,0.0000,0.0000,none,2.752,,,line_lost_stop,0.0000,0.0000,0,line_too_few_bands,0.0000,0.0000,0.0000,0.0000,0.0000,0,0,0.0000,0,0.0043,0.0000,0.0000,0.0000,0.0000,0.0000,IDLE,0,0,step_zone_before_min seek=0.45<1.25,0,0,0.000,0,nan,nan,nan,0.0000,0,5,0.6000,0.5768,0.3290,0.5768,0.0232,本圈台阶完成,1,0.0000,0.150,0.330
6902.339,SEEK_ROUNDABOUT,10.089,1,0.452,0.0000,0.0000,none,2.752,,,line_lost_stop,0.0000,0.0000,0,line_too_few_bands,0.0000,0.0000,0.0000,0.0000,0.0000,0,0,0.0000,0,0.0000,0.0000,0.0000,0.0000,0.0000,0.0000,IDLE,0,0,step_zone_before_min seek=0.45<1.25,0,0,0.000,0,nan,nan,nan,0.0000,0,5,0.6000,0.5768,0.3290,0.5768,0.0232,本圈台阶完成,1,0.0000,0.150,0.330
6902.472,SEEK_ROUNDABOUT,10.222,1,0.452,0.0000,0.0000,none,2.752,,,line_lost_stop,0.0000,0.0000,0,line_too_few_bands,0.0000,0.0000,0.0000,0.0000,0.0000,0,0,0.0000,0,0.0129,0.0000,0.0000,0.0000,0.0000,0.0000,IDLE,0,0,step_zone_before_min seek=0.45<1.25,0,0,0.000,0,nan,nan,nan,0.0000,0,5,0.6000,0.5768,0.3290,0.5768,0.0232,本圈台阶完成,1,0.0000,0.150,0.330
6902.602,SEEK_ROUNDABOUT,10.352,1,0.452,0.0000,0.0000,none,2.752,,,line_lost_stop,0.0000,0.0000,0,line_too_few_bands,0.0000,0.0000,0.0000,0.0000,0.0000,0,0,0.0000,0,0.0043,0.0000,0.0000,0.0000,0.0000,0.0000,IDLE,0,0,step_zone_before_min seek=0.45<1.25,0,0,0.000,0,nan,nan,nan,0.0000,0,5,0.6000,0.5768,0.3290,0.5768,0.0232,本圈台阶完成,1,0.0000,0.150,0.330
6902.736,SEEK_ROUNDABOUT,10.486,1,0.452,0.0000,0.0000,none,2.752,,,line_lost_stop,0.0000,0.0000,0,line_too_few_bands,0.0000,0.0000,0.0000,0.0000,0.0000,0,0,0.0000,0,0.0000,0.0000,0.0000,0.0000,0.0000,0.0000,IDLE,0,0,step_zone_before_min seek=0.45<1.25,0,0,0.000,0,nan,nan,nan,0.0000,0,5,0.6000,0.5768,0.3290,0.5768,0.0232,本圈台阶完成,1,0.0000,0.150,0.330
6902.919,SEEK_ROUNDABOUT,10.668,1,0.452,0.0000,0.0000,none,2.752,,,line_lost_stop,0.0000,0.0000,0,line_too_few_bands,0.0000,0.0000,0.0000,0.0000,0.0000,0,0,0.0000,0,0.0000,0.0000,0.0000,0.0000,0.0000,0.0000,IDLE,0,0,step_zone_before_min seek=0.45<1.25,0,0,0.000,0,nan,nan,nan,0.0000,0,5,0.6000,0.5768,0.3290,0.5768,0.0232,本圈台阶完成,1,0.0000,0.150,0.330
6903.168,SEEK_ROUNDABOUT,10.918,1,0.452,0.0000,0.0000,none,2.752,,,line_lost_stop,0.0000,0.0000,0,line_too_few_bands,0.0000,0.0000,0.0000,0.0000,0.0000,0,0,0.0000,0,0.0000,0.0000,0.0000,0.0000,0.0000,0.0000,IDLE,0,0,step_zone_before_min seek=0.45<1.25,0,0,0.000,0,nan,nan,nan,0.0000,0,5,0.6000,0.5768,0.3290,0.5768,0.0232,本圈台阶完成,1,0.0000,0.150,0.330
6903.603,SEEK_ROUNDABOUT,11.353,1,0.452,0.0000,0.0000,none,2.752,,,line_lost_stop,0.0000,0.0000,0,line_too_few_bands,0.0000,0.0000,0.0000,0.0000,0.0000,0,0,0.0000,0,0.0000,0.0000,0.0000,0.0000,0.0000,0.0000,IDLE,0,0,step_zone_before_min seek=0.45<1.25,0,0,0.000,0,nan,nan,nan,0.0000,0,5,0.6000,0.5768,0.3290,0.5768,0.0232,本圈台阶完成,1,0.0000,0.150,0.330
6904.495,SEEK_ROUNDABOUT,12.245,1,0.452,0.0000,0.0000,none,2.752,,,tracking,0.0507,0.3333,1,line_hard_turn_centering,-0.6934,-0.6893,-0.7297,-0.7297,0.3615,2,0,0.0000,0,0.0000,0.0403,0.0000,0.0403,-0.7162,0.3333,IDLE,0,0,step_zone_before_min seek=0.45<1.25,0,0,0.000,0,nan,nan,nan,0.0000,0,5,0.6000,0.5768,0.3290,0.5768,0.0232,本圈台阶完成,1,0.0000,0.150,0.330
6905.029,SEEK_ROUNDABOUT,12.778,1,0.452,0.0000,0.0000,none,2.752,,,tracking,0.1013,0.5695,1,line_curve_center_riding,-0.3384,-0.3244,-0.5572,-0.5572,0.4447,3,0,0.0000,0,0.0043,0.2328,0.0000,0.2328,-0.4796,0.5695,IDLE,0,0,step_zone_before_min seek=0.45<1.25,0,0,0.000,0,nan,nan,nan,0.0000,0,5,0.6000,0.5768,0.3290,0.5768,0.0232,本圈台阶完成,1,0.0000,0.150,0.330
6905.870,SEEK_ROUNDABOUT,13.619,1,0.459,0.0000,0.0000,none,2.752,,,tracking,0.1450,0.2362,1,line_recenter_transition,0.2788,0.2874,-0.1402,-0.2604,0.9319,8,0,0.0000,0,0.0000,0.4276,0.1202,0.5477,-0.0378,0.2362,IDLE,0,0,step_zone_before_min seek=0.45<1.25,0,0,0.000,0,nan,nan,nan,0.0000,0,5,0.6000,0.5768,0.3290,0.5768,0.0232,本圈台阶完成,1,0.0000,0.150,0.330
6906.727,SEEK_ROUNDABOUT,14.477,1,0.528,0.0000,0.0000,none,2.752,,,tracking,0.1700,-0.0971,1,line_curve_center_riding,0.3906,0.4026,0.2031,0.3877,0.9322,8,0,0.0000,0,0.0043,0.1995,0.1847,0.0149,0.3311,-0.0971,IDLE,0,0,step_zone_before_min seek=0.46<1.25,0,0,0.000,0,nan,nan,nan,0.0000,0,5,0.6000,0.5768,0.3290,0.5768,0.0232,本圈台阶完成,1,0.0000,0.150,0.330
6907.420,SEEK_ROUNDABOUT,15.169,1,0.528,0.0000,0.0000,none,2.752,,,tracking,0.1700,-0.2681,1,line_curve_center_riding,0.3882,0.3884,0.3841,0.6787,0.8680,7,0,0.0000,0,0.0043,0.0043,0.2946,0.2903,0.4838,-0.2681,IDLE,0,0,step_zone_before_min seek=0.53<1.25,0,0,0.000,0,nan,nan,nan,0.0000,0,5,0.6000,0.5768,0.3290,0.5768,0.0232,本圈台阶完成,1,0.0000,0.150,0.330
6908.395,SEEK_ROUNDABOUT,16.145,1,0.652,0.0000,0.0000,none,2.752,,,tracking,0.1450,-0.2728,1,line_curve_center_riding,0.2606,0.2445,0.5127,0.8479,0.7496,6,0,0.0000,0,0.0043,0.2683,0.3351,0.6034,0.5350,-0.2728,IDLE,0,0,step_zone_before_min seek=0.53<1.25,0,0,0.000,0,nan,nan,nan,0.0000,0,5,0.6000,0.5768,0.3290,0.5768,0.0232,本圈台阶完成,1,0.0000,0.150,0.330
6909.355,SEEK_ROUNDABOUT,17.105,1,0.652,0.0000,0.0000,none,2.752,,,tracking,0.1450,-0.1455,1,line_curve_center_riding,0.0113,-0.0077,0.3090,0.3714,0.6732,5,0,0.0000,0,0.0043,0.3167,0.0625,0.3792,0.2242,-0.1455,IDLE,0,0,step_zone_before_min seek=0.65<1.25,0,0,0.000,0,nan,nan,nan,0.0000,0,5,0.6000,0.5768,0.3290,0.5768,0.0232,本圈台阶完成,1,0.0000,0.150,0.330
6910.036,SEEK_ROUNDABOUT,17.786,1,0.700,0.0000,0.0000,none,2.752,,,tracking,0.1406,0.0381,1,line_recenter_transition,-0.2130,-0.2198,0.1210,0.7641,0.8091,7,0,0.0000,0,0.0043,0.3408,0.6431,0.9839,0.2218,0.0381,IDLE,0,0,step_zone_before_min seek=0.65<1.25,0,0,0.000,0,nan,nan,nan,0.0000,0,5,0.6000,0.5768,0.3290,0.5768,0.0232,本圈台阶完成,1,0.0000,0.150,0.330
6910.663,SEEK_ROUNDABOUT,18.413,1,0.713,0.0000,0.0000,none,2.752,,,tracking,0.1450,0.1478,1,line_recenter_transition,-0.2457,-0.2534,0.1305,0.4753,0.7287,6,0,0.0000,0,0.0043,0.3838,0.3449,0.7287,0.1175,0.1478,IDLE,0,0,step_zone_before_min seek=0.70<1.25,0,0,0.000,0,nan,nan,nan,0.0000,0,5,0.6000,0.5768,0.3290,0.5768,0.0232,本圈台阶完成,1,0.0000,0.150,0.330
6911.111,SEEK_ROUNDABOUT,18.861,1,0.763,0.0000,0.0000,none,2.752,,,tracking,0.1450,0.1346,1,line_recenter_transition,-0.1150,-0.1245,0.3490,0.4395,0.6399,5,0,0.0000,0,0.0086,0.4735,0.0905,0.5640,0.2213,0.1346,IDLE,0,0,step_zone_before_min seek=0.71<1.25,0,0,0.000,0,nan,nan,nan,0.0000,0,5,0.6000,0.5768,0.3290,0.5768,0.0232,本圈台阶完成,1,0.0000,0.150,0.330
6911.504,SEEK_ROUNDABOUT,19.254,1,0.876,0.0000,0.0000,none,2.752,,,tracking,0.1450,-0.0264,1,line_curve_center_riding,0.1737,0.1435,0.6472,0.6472,0.5283,4,0,0.0000,0,0.0086,0.5038,0.0000,0.5038,0.4793,-0.0264,IDLE,0,0,step_zone_before_min seek=0.76<1.25,0,0,0.000,0,nan,nan,nan,0.0000,0,5,0.6000,0.5768,0.3290,0.5768,0.0232,本圈台阶完成,1,0.0000,0.150,0.330
6912.226,SEEK_ROUNDABOUT,19.975,1,1.027,0.0000,0.0000,none,2.752,,,tracking,0.0943,-0.3598,1,line_edge_single_rescue,0.7688,0.7688,0.7688,0.7688,0.3100,1,0,0.0000,0,0.0043,0.0000,0.0000,0.0000,0.7688,-0.3598,IDLE,0,0,step_zone_before_min seek=0.88<1.25,0,0,0.000,0,nan,nan,nan,0.0000,0,5,0.6000,0.5768,0.3290,0.5768,0.0232,本圈台阶完成,1,0.0000,0.150,0.330
6912.557,SEEK_ROUNDABOUT,20.307,1,1.125,0.0000,0.0000,none,2.752,,,line_bridge_loss,0.0437,-0.1671,0,line_too_few_bands,0.0000,0.0000,0.0000,0.0000,0.0000,0,0,0.0000,0,0.0988,0.0000,0.0000,0.0000,0.0000,-0.1671,IDLE,0,0,step_zone_before_min seek=1.03<1.25,0,0,0.000,0,nan,nan,nan,0.0000,0,5,0.6000,0.5768,0.3290,0.5768,0.0232,本圈台阶完成,1,0.0000,0.150,0.330
6912.876,SEEK_ROUNDABOUT,20.626,1,1.125,0.0000,0.0000,none,2.752,,,line_loss_hold,0.0000,0.0000,0,line_too_few_bands,0.0000,0.0000,0.0000,0.0000,0.0000,0,0,0.0000,1,0.8872,0.0000,0.0000,0.0000,0.0000,0.0000,IDLE,0,0,step_zone_before_min seek=1.13<1.25,0,0,0.000,0,nan,nan,nan,0.0000,0,5,0.6000,0.5768,0.3290,0.5768,0.0232,本圈台阶完成,1,0.0000,0.150,0.330
6913.161,SEEK_ROUNDABOUT,20.910,1,1.125,0.0000,0.0000,none,2.752,,,line_lost_stop,0.0000,0.0000,0,line_too_few_bands,0.0000,0.0000,0.0000,0.0000,0.0000,0,0,0.0000,1,1.0000,0.0000,0.0000,0.0000,0.0000,0.0000,IDLE,0,0,step_zone_before_min seek=1.13<1.25,0,0,0.000,0,nan,nan,nan,0.0000,0,5,0.6000,0.5768,0.3290,0.5768,0.0232,本圈台阶完成,1,0.0000,0.150,0.330
6913.486,SEEK_ROUNDABOUT,21.236,1,1.125,0.0000,0.0000,none,2.752,,,line_lost_stop,0.0000,0.0000,0,line_too_few_bands,0.0000,0.0000,0.0000,0.0000,0.0000,0,0,0.0000,1,1.0000,0.0000,0.0000,0.0000,0.0000,0.0000,IDLE,0,0,step_zone_before_min seek=1.13<1.25,0,0,0.000,0,nan,nan,nan,0.0000,0,5,0.6000,0.5768,0.3290,0.5768,0.0232,本圈台阶完成,1,0.0000,0.150,0.330
6914.118,SEEK_ROUNDABOUT,21.867,1,1.125,0.0000,0.0000,none,2.752,,,line_lost_stop,0.0000,0.0000,0,line_too_few_bands,0.0000,0.0000,0.0000,0.0000,0.0000,0,0,0.0000,1,1.0000,0.0000,0.0000,0.0000,0.0000,0.0000,IDLE,0,0,step_zone_before_min seek=1.13<1.25,0,0,0.000,0,nan,nan,nan,0.0000,0,5,0.6000,0.5768,0.3290,0.5768,0.0232,本圈台阶完成,1,0.0000,0.150,0.330
6914.630,SEEK_ROUNDABOUT,22.380,1,1.125,0.0000,0.0000,none,2.752,,,tracking,0.0507,-0.3333,1,line_hard_turn_centering,0.7849,0.7808,0.8219,0.8219,0.3595,2,0,0.0000,1,0.6005,0.0411,0.0000,0.0411,0.8082,-0.3333,IDLE,0,0,step_zone_before_min seek=1.13<1.25,0,0,0.000,0,nan,nan,nan,0.0000,0,5,0.6000,0.5768,0.3290,0.5768,0.0232,本圈台阶完成,1,0.0000,0.150,0.330
6914.847,SEEK_ROUNDABOUT,22.597,1,1.125,0.0000,0.0000,none,2.752,,,tracking,0.1013,-0.5600,1,line_hard_turn_centering,0.6017,0.5973,0.6415,0.6415,0.3506,2,0,0.0000,0,0.3266,0.0442,0.0000,0.0442,0.6268,-0.5600,IDLE,0,0,step_zone_before_min seek=1.13<1.25,0,0,0.000,0,nan,nan,nan,0.0000,0,5,0.6000,0.5768,0.3290,0.5768,0.0232,本圈台阶完成,1,0.0000,0.150,0.330
6915.079,SEEK_ROUNDABOUT,22.828,1,1.167,0.0000,0.0000,none,2.752,,,tracking,0.1319,-0.4591,1,line_center_tracking,0.2724,0.2424,0.3495,0.3495,0.4977,3,0,0.0000,1,1.0000,0.1072,0.0000,0.1072,0.3138,-0.4591,IDLE,0,0,step_zone_before_min seek=1.13<1.25,0,0,0.000,0,nan,nan,nan,0.0000,0,5,0.6000,0.5768,0.3290,0.5768,0.0232,本圈台阶完成,1,0.0000,0.150,0.330
6915.238,SEEK_ROUNDABOUT,22.987,1,1.194,0.0000,0.0000,none,2.752,,,tracking,0.1450,-0.3387,1,line_curve_center_riding,0.2051,0.1708,0.7433,0.8440,0.6190,5,0,0.0000,1,1.0000,0.5726,0.1007,0.6732,0.5860,-0.3387,IDLE,0,0,step_zone_before_min seek=1.17<1.25,0,0,0.000,0,nan,nan,nan,0.0000,0,5,0.6000,0.5768,0.3290,0.5768,0.0232,本圈台阶完成,1,0.0000,0.150,0.330
6915.411,SEEK_ROUNDABOUT,23.160,1,1.215,0.0000,0.0000,none,2.752,,,tracking,0.1450,-0.1848,1,line_curve_center_riding,0.0324,0.0108,0.3721,0.3721,0.5574,4,0,0.0000,1,1.0000,0.3613,0.0000,0.3613,0.2516,-0.1848,IDLE,0,0,step_zone_before_min seek=1.19<1.25,0,0,0.000,0,nan,nan,nan,0.0000,0,5,0.6000,0.5768,0.3290,0.5768,0.0232,本圈台阶完成,1,0.0000,0.150,0.330
6915.647,SEEK_ROUNDABOUT,23.397,1,1.236,0.0000,0.0000,none,2.752,,,tracking,0.1450,-0.0401,1,line_recenter_transition,-0.1026,-0.1136,0.4368,0.5503,0.6234,5,0,0.0000,1,1.0000,0.5504,0.1135,0.6639,0.2912,-0.0401,IDLE,0,0,step_zone_before_min seek=1.21<1.25,0,0,0.000,0,nan,nan,nan,0.0000,0,5,0.6000,0.5768,0.3290,0.5768,0.0232,本圈台阶完成,1,0.0000,0.150,0.330
6915.880,SEEK_ROUNDABOUT,23.629,1,1.237,0.0000,0.0000,none,2.752,,,tracking,0.1450,0.0598,1,line_recenter_transition,-0.1519,-0.1620,0.3456,0.4443,0.6316,5,0,0.0000,1,1.0000,0.5077,0.0986,0.6063,0.2093,0.0598,IDLE,0,0,step_zone_before_min seek=1.24<1.25,0,0,0.000,0,nan,nan,nan,0.0000,0,5,0.6000,0.5768,0.3290,0.5768,0.0232,本圈台阶完成,1,0.0000,0.150,0.330
6916.102,SEEK_ROUNDABOUT,23.852,1,1.250,0.0000,0.0000,none,2.752,,,tracking,0.1450,0.0920,1,line_recenter_transition,-0.1196,-0.1309,0.4352,0.5477,0.6201,5,0,0.0000,1,0.7719,0.5661,0.1125,0.6786,0.2840,0.0920,IDLE,0,0,step_zone_before_min seek=1.24<1.25,0,0,0.000,0,nan,nan,nan,0.0000,0,5,0.6000,0.5768,0.3290,0.5768,0.0232,本圈台阶完成,1,0.0000,0.150,0.330
6916.254,SEEK_ROUNDABOUT,24.004,1,1.271,0.0000,0.0000,none,2.752,,,tracking,0.1450,0.0518,1,line_curve_center_riding,-0.0175,-0.0409,0.3501,0.3501,0.5503,4,0,0.0000,0,0.0731,0.3911,0.0000,0.3911,0.2198,0.0518,IDLE,0,0,step_zone_before_min seek=1.25<1.25,0,0,0.000,0,nan,nan,nan,0.0000,0,5,0.6000,0.5768,0.3290,0.5768,0.0232,本圈台阶完成,1,0.0000,0.150,0.330
6916.533,SEEK_ROUNDABOUT,24.282,1,1.333,0.0000,0.0000,none,2.752,,,tracking,0.1450,-0.1174,1,line_curve_center_riding,0.2633,0.2274,0.8268,0.8268,0.4996,4,0,0.0000,0,0.0344,0.5994,0.0000,0.5994,0.6270,-0.1174,IDLE,0,0,candidate_fields_invalid,0,0,0.000,0,nan,nan,nan,0.0000,0,5,0.6000,0.5768,0.3290,0.5768,0.0232,本圈台阶完成,1,0.0000,0.150,0.330
6916.733,SEEK_ROUNDABOUT,24.483,1,1.387,0.0000,0.0000,none,2.752,,,line_bridge_loss,0.0943,-0.0470,0,line_low_confidence,0.5858,0.5669,0.8818,0.8818,0.2310,2,0,0.0000,0,0.0301,0.3149,0.0000,0.3149,0.7768,-0.0470,IDLE,0,0,candidate_fields_invalid,0,0,0.000,0,nan,nan,nan,0.0000,0,5,0.6000,0.5768,0.3290,0.5768,0.0232,本圈台阶完成,1,0.0000,0.150,0.330
6917.053,SEEK_ROUNDABOUT,24.803,1,1.485,0.0000,0.0000,none,2.752,,,tracking,0.0850,-0.3803,1,line_edge_single_rescue,0.8406,0.8406,0.8406,0.8406,0.3100,1,0,0.0000,0,0.0000,0.0000,0.0000,0.0000,0.8406,-0.3803,IDLE,0,0,candidate_fields_invalid,0,0,0.000,0,nan,nan,nan,0.0000,0,5,0.6000,0.5768,0.3290,0.5768,0.0232,本圈台阶完成,1,0.0000,0.150,0.330
6917.667,SEEK_ROUNDABOUT,25.416,1,1.577,0.0000,0.0000,none,2.752,,,line_loss_hold,0.0343,-0.0470,0,line_too_few_bands,0.0000,0.0000,0.0000,0.0000,0.0000,0,0,0.0000,0,0.0000,0.0000,0.0000,0.0000,0.0000,-0.0470,IDLE,0,0,candidate_fields_invalid,0,0,0.000,0,nan,nan,nan,0.0000,0,5,0.6000,0.5768,0.3290,0.5768,0.0232,本圈台阶完成,1,0.0000,0.150,0.330
6918.199,SEEK_ROUNDABOUT,25.949,1,1.577,0.0000,0.0000,none,2.752,,,line_lost_stop,0.0000,0.0000,0,line_too_few_bands,0.0000,0.0000,0.0000,0.0000,0.0000,0,0,0.0000,0,0.0000,0.0000,0.0000,0.0000,0.0000,0.0000,IDLE,0,0,candidate_fields_invalid,0,0,0.000,0,nan,nan,nan,0.0000,0,5,0.6000,0.5768,0.3290,0.5768,0.0232,本圈台阶完成,1,0.0000,0.150,0.330
6918.341,SEEK_ROUNDABOUT,26.091,1,1.577,0.0000,0.0000,none,2.752,,,line_lost_stop,0.0000,0.0000,0,line_too_few_bands,0.0000,0.0000,0.0000,0.0000,0.0000,0,0,0.0000,0,0.0000,0.0000,0.0000,0.0000,0.0000,0.0000,IDLE,0,0,candidate_fields_invalid,0,0,0.000,0,nan,nan,nan,0.0000,0,5,0.6000,0.5768,0.3290,0.5768,0.0232,本圈台阶完成,1,0.0000,0.150,0.330
6918.539,SEEK_ROUNDABOUT,26.288,1,1.577,0.0000,0.0000,none,2.752,,,line_lost_stop,0.0000,0.0000,0,line_too_few_bands,0.0000,0.0000,0.0000,0.0000,0.0000,0,0,0.0000,0,0.0301,0.0000,0.0000,0.0000,0.0000,0.0000,IDLE,0,0,candidate_fields_invalid,0,0,0.000,0,nan,nan,nan,0.0000,0,5,0.6000,0.5768,0.3290,0.5768,0.0232,本圈台阶完成,1,0.0000,0.150,0.330
6918.706,SEEK_ROUNDABOUT,26.456,1,1.577,0.0000,0.0000,none,2.752,,,line_lost_stop,0.0000,0.0000,0,line_too_few_bands,0.0000,0.0000,0.0000,0.0000,0.0000,0,0,0.0000,0,0.0043,0.0000,0.0000,0.0000,0.0000,0.0000,IDLE,0,0,candidate_fields_invalid,0,0,0.000,0,nan,nan,nan,0.0000,0,5,0.6000,0.5768,0.3290,0.5768,0.0232,本圈台阶完成,1,0.0000,0.150,0.330
6918.835,SEEK_ROUNDABOUT,26.585,1,1.577,0.0000,0.0000,none,2.752,,,line_lost_stop,0.0000,0.0000,0,line_too_few_bands,0.0000,0.0000,0.0000,0.0000,0.0000,0,0,0.0000,0,0.0043,0.0000,0.0000,0.0000,0.0000,0.0000,IDLE,0,0,candidate_fields_invalid,0,0,0.000,0,nan,nan,nan,0.0000,0,5,0.6000,0.5768,0.3290,0.5768,0.0232,本圈台阶完成,1,0.0000,0.150,0.330
6919.050,SEEK_ROUNDABOUT,26.800,1,1.577,0.0000,0.0000,none,2.752,,,line_lost_stop,0.0000,0.0000,0,line_too_few_bands,0.0000,0.0000,0.0000,0.0000,0.0000,0,0,0.0000,0,0.0086,0.0000,0.0000,0.0000,0.0000,0.0000,IDLE,0,0,candidate_fields_invalid,0,0,0.000,0,nan,nan,nan,0.0000,0,5,0.6000,0.5768,0.3290,0.5768,0.0232,本圈台阶完成,1,0.0000,0.150,0.330
6919.202,SEEK_ROUNDABOUT,26.952,1,1.577,0.0000,0.0000,none,2.752,,,line_lost_stop,0.0000,0.0000,0,line_too_few_bands,0.0000,0.0000,0.0000,0.0000,0.0000,0,0,0.0000,0,0.0000,0.0000,0.0000,0.0000,0.0000,0.0000,IDLE,0,0,candidate_fields_invalid,0,0,0.000,0,nan,nan,nan,0.0000,0,5,0.6000,0.5768,0.3290,0.5768,0.0232,本圈台阶完成,1,0.0000,0.150,0.330
6919.352,SEEK_ROUNDABOUT,27.102,1,1.577,0.0000,0.0000,none,2.752,,,line_lost_stop,0.0000,0.0000,0,line_too_few_bands,0.0000,0.0000,0.0000,0.0000,0.0000,0,0,0.0000,0,0.0043,0.0000,0.0000,0.0000,0.0000,0.0000,IDLE,0,0,candidate_fields_invalid,0,0,0.000,0,nan,nan,nan,0.0000,0,5,0.6000,0.5768,0.3290,0.5768,0.0232,本圈台阶完成,1,0.0000,0.150,0.330
6919.503,SEEK_ROUNDABOUT,27.253,1,1.577,0.0000,0.0000,none,2.752,,,line_lost_stop,0.0000,0.0000,0,line_too_few_bands,0.0000,0.0000,0.0000,0.0000,0.0000,0,0,0.0000,0,0.0000,0.0000,0.0000,0.0000,0.0000,0.0000,IDLE,0,0,candidate_fields_invalid,0,0,0.000,0,nan,nan,nan,0.0000,0,5,0.6000,0.5768,0.3290,0.5768,0.0232,本圈台阶完成,1,0.0000,0.150,0.330
6919.631,SEEK_ROUNDABOUT,27.381,1,1.577,0.0000,0.0000,none,2.752,,,line_lost_stop,0.0000,0.0000,0,line_too_few_bands,0.0000,0.0000,0.0000,0.0000,0.0000,0,0,0.0000,0,0.0000,0.0000,0.0000,0.0000,0.0000,0.0000,IDLE,0,0,candidate_fields_invalid,0,0,0.000,0,nan,nan,nan,0.0000,0,5,0.6000,0.5768,0.3290,0.5768,0.0232,本圈台阶完成,1,0.0000,0.150,0.330
6919.774,SEEK_ROUNDABOUT,27.524,1,1.577,0.0000,0.0000,none,2.752,,,line_lost_stop,0.0000,0.0000,0,line_too_few_bands,0.0000,0.0000,0.0000,0.0000,0.0000,0,0,0.0000,0,0.0000,0.0000,0.0000,0.0000,0.0000,0.0000,IDLE,0,0,candidate_fields_invalid,0,0,0.000,0,nan,nan,nan,0.0000,0,5,0.6000,0.5768,0.3290,0.5768,0.0232,本圈台阶完成,1,0.0000,0.150,0.330
6919.919,SEEK_ROUNDABOUT,27.669,1,1.577,0.0000,0.0000,none,2.752,,,tracking,0.0507,-0.3333,1,line_edge_single_rescue,0.8528,0.8528,0.8528,0.8528,0.3100,1,0,0.0000,0,0.0043,0.0000,0.0000,0.0000,0.8528,-0.3333,IDLE,0,0,candidate_fields_invalid,0,0,0.000,0,nan,nan,nan,0.0000,0,5,0.6000,0.5768,0.3290,0.5768,0.0232,本圈台阶完成,1,0.0000,0.150,0.330
6920.057,SEEK_ROUNDABOUT,27.807,1,1.577,0.0000,0.0000,none,2.752,,,tracking,0.0850,-0.4200,1,line_edge_single_rescue,0.8214,0.8214,0.8214,0.8214,0.3100,1,0,0.0000,0,0.0000,0.0000,0.0000,0.0000,0.8214,-0.4200,IDLE,0,0,candidate_fields_invalid,0,0,0.000,0,nan,nan,nan,0.0000,0,5,0.6000,0.5768,0.3290,0.5768,0.0232,本圈台阶完成,1,0.0000,0.150,0.330
6920.194,SEEK_ROUNDABOUT,27.944,1,1.588,0.0000,0.0000,none,2.752,,,tracking,0.1050,-0.5600,1,line_hard_turn_centering,0.8155,0.8123,0.8438,0.8438,0.3866,2,0,0.0000,0,0.0000,0.0314,0.0000,0.0314,0.8333,-0.5600,IDLE,0,0,candidate_fields_invalid,0,0,0.000,0,nan,nan,nan,0.0000,0,5,0.6000,0.5768,0.3290,0.5768,0.0232,本圈台阶完成,1,0.0000,0.150,0.330
6920.335,SEEK_ROUNDABOUT,28.084,1,1.601,0.0000,0.0000,none,2.752,,,tracking,0.1050,-0.5600,1,line_hard_turn_centering,0.6632,0.6536,0.7498,0.7498,0.4960,3,0,0.0000,0,0.0043,0.0962,0.0000,0.0962,0.7178,-0.5600,IDLE,0,0,candidate_fields_invalid,0,0,0.000,0,nan,nan,nan,0.0000,0,5,0.6000,0.5768,0.3290,0.5768,0.0232,本圈台阶完成,1,0.0000,0.150,0.330
6920.477,SEEK_ROUNDABOUT,28.227,1,1.612,0.0000,0.0000,none,2.752,,,tracking,0.1000,-0.7000,1,line_curve_center_riding,0.7192,0.7013,1.0000,0.9948,0.7511,6,0,0.0000,0,0.0043,0.2987,0.0052,0.2935,0.8987,-0.7000,IDLE,0,0,candidate_fields_invalid,0,0,0.000,0,nan,nan,nan,0.0000,0,5,0.6000,0.5768,0.3290,0.5768,0.0232,本圈台阶完成,1,0.0000,0.150,0.330
6920.620,SEEK_ROUNDABOUT,28.370,1,1.620,0.0000,0.0000,none,2.752,,,tracking,0.1000,-0.6621,1,line_curve_center_riding,0.5210,0.4998,0.8534,0.8660,0.9301,8,0,0.0000,0,0.0086,0.3536,0.0126,0.3662,0.7397,-0.6621,IDLE,0,0,candidate_fields_invalid,0,0,0.000,0,nan,nan,nan,0.0000,0,5,0.6000,0.5768,0.3290,0.5768,0.0232,本圈台阶完成,1,0.0000,0.150,0.330
6920.798,SEEK_ROUNDABOUT,28.548,1,1.624,0.0000,0.0000,none,2.752,,,tracking,0.1205,-0.5035,1,line_curve_center_riding,0.3232,0.3009,0.6727,0.7140,0.9375,8,0,0.0000,0,0.0086,0.3719,0.0413,0.4132,0.5625,-0.5035,IDLE,0,0,candidate_fields_invalid,0,0,0.000,0,nan,nan,nan,0.0000,0,5,0.6000,0.5768,0.3290,0.5768,0.0232,本圈台阶完成,1,0.0000,0.150,0.330
6921.003,SEEK_ROUNDABOUT,28.753,1,1.629,0.0000,0.0000,none,2.752,,,tracking,0.1450,-0.3260,1,line_curve_center_riding,0.1371,0.1171,0.4500,0.4806,0.9410,8,0,0.0000,0,0.0043,0.3328,0.0307,0.3635,0.3492,-0.3260,IDLE,0,0,candidate_fields_invalid,0,0,0.000,0,nan,nan,nan,0.0000,0,5,0.6000,0.5768,0.3290,0.5768,0.0232,本圈台阶完成,1,0.0000,0.150,0.330
6921.347,SEEK_ROUNDABOUT,29.096,1,1.658,0.0000,0.0000,none,2.752,,,tracking,0.1600,-0.1224,1,line_recenter_transition,-0.0859,-0.0911,0.1682,0.1438,0.9487,8,0,0.0000,0,0.0000,0.2593,0.0244,0.2349,0.0736,-0.1224,IDLE,0,0,candidate_fields_invalid,0,0,0.000,0,nan,nan,nan,0.0000,0,5,0.6000,0.5768,0.3290,0.5768,0.0232,本圈台阶完成,1,0.0000,0.150,0.330
6921.531,SEEK_ROUNDABOUT,29.281,1,1.680,0.0000,0.0000,none,2.752,,,tracking,0.1600,0.0483,1,line_curve_center_riding,-0.1973,-0.2087,-0.0176,-0.1054,0.9533,8,0,0.0000,0,0.0043,0.1911,0.0878,0.1033,-0.1106,0.0483,IDLE,0,0,candidate_fields_invalid,0,0,0.000,0,nan,nan,nan,0.0000,0,5,0.6000,0.5768,0.3290,0.5768,0.0232,本圈台阶完成,1,0.0000,0.150,0.330
6921.676,SEEK_ROUNDABOUT,29.426,1,1.707,0.0000,0.0000,none,2.752,,,tracking,0.1600,0.1508,1,line_curve_center_riding,-0.2341,-0.2427,-0.0987,-0.2535,0.9501,8,0,0.0000,0,0.0043,0.1440,0.1548,0.0107,-0.1983,0.1508,IDLE,0,0,candidate_fields_invalid,0,0,0.000,0,nan,nan,nan,0.0000,0,5,0.6000,0.5768,0.3290,0.5768,0.0232,本圈台阶完成,1,0.0000,0.150,0.330
6921.813,SEEK_ROUNDABOUT,29.563,1,1.733,0.0000,0.0000,none,2.752,,,tracking,0.1600,0.1596,1,line_curve_center_riding,-0.1643,-0.1695,-0.0834,-0.2998,0.9496,8,0,0.0000,0,0.0043,0.0860,0.2163,0.1303,-0.1842,0.1596,IDLE,0,0,candidate_fields_invalid,0,0,0.000,0,nan,nan,nan,0.0000,0,5,0.6000,0.5768,0.3290,0.5768,0.0232,本圈台阶完成,1,0.0000,0.150,0.330
6921.965,SEEK_ROUNDABOUT,29.714,1,1.776,0.0000,0.0000,none,2.752,,,tracking,0.1600,0.1127,1,line_curve_center_riding,-0.0682,-0.0714,-0.0171,-0.2907,0.9436,8,0,0.0000,0,0.0000,0.0543,0.2736,0.2193,-0.1264,0.1127,IDLE,0,0,candidate_fields_invalid,0,0,0.000,0,nan,nan,nan,0.0000,0,5,0.6000,0.5768,0.3290,0.5768,0.0232,本圈台阶完成,1,0.0000,0.150,0.330
6922.115,SEEK_ROUNDABOUT,29.865,1,1.815,0.0000,0.0000,none,2.752,,,tracking,0.1600,0.0191,1,line_curve_center_riding,0.0618,0.0625,0.0510,-0.2769,0.9403,8,0,0.0000,0,0.0000,0.0115,0.3279,0.3394,-0.0544,0.0191,IDLE,0,0,candidate_fields_invalid,0,0,0.000,0,nan,nan,nan,0.0000,0,5,0.6000,0.5768,0.3290,0.5768,0.0232,本圈台阶完成,1,0.0000,0.150,0.330
6922.249,SEEK_ROUNDABOUT,29.999,1,1.853,0.0000,0.0000,none,2.752,,,tracking,0.1600,-0.0519,1,line_curve_center_riding,0.1118,0.1161,0.0453,-0.2737,0.8690,7,0,0.0000,0,0.0000,0.0708,0.3191,0.3898,-0.0375,-0.0519,IDLE,0,0,candidate_fields_invalid,0,0,0.000,0,nan,nan,nan,0.0000,0,5,0.6000,0.5768,0.3290,0.5768,0.0232,本圈台阶完成,1,0.0000,0.150,0.330
6922.391,SEEK_ROUNDABOUT,30.141,1,1.899,0.0000,0.0000,none,2.752,,,tracking,0.1450,-0.1175,1,line_curve_center_riding,0.1684,0.1758,0.0526,-0.2923,0.8646,7,0,0.0000,0,0.0000,0.1233,0.3449,0.4682,-0.0213,-0.1175,IDLE,0,0,candidate_fields_invalid,0,0,0.000,0,nan,nan,nan,0.0000,0,5,0.6000,0.5768,0.3290,0.5768,0.0232,本圈台阶完成,1,0.0000,0.150,0.330
6922.548,SEEK_ROUNDABOUT,30.297,1,1.950,0.0000,0.0000,none,2.752,,,tracking,0.1450,-0.1393,1,line_curve_center_riding,0.1532,0.1652,-0.0343,-0.5661,0.8362,7,0,0.0000,0,0.0043,0.1995,0.5317,0.7313,-0.1451,-0.1393,IDLE,0,0,candidate_fields_invalid,0,0,0.000,0,nan,nan,nan,0.0000,0,5,0.6000,0.5768,0.3290,0.5768,0.0232,本圈台阶完成,1,0.0000,0.150,0.330
6922.715,SEEK_ROUNDABOUT,30.465,1,2.001,0.0000,0.0000,none,2.752,,,tracking,0.1450,-0.1127,1,line_recenter_transition,0.0846,0.0901,-0.1831,-0.4498,0.7554,6,0,0.0000,0,0.0129,0.2732,0.2667,0.5399,-0.1809,-0.1127,IDLE,0,0,candidate_fields_invalid,0,0,0.000,0,nan,nan,nan,0.0000,0,5,0.6000,0.5768,0.3290,0.5768,0.0232,本圈台阶完成,1,0.0000,0.150,0.330
6922.855,SEEK_ROUNDABOUT,30.605,1,2.042,0.0000,0.0000,none,2.752,,,tracking,0.1450,-0.0453,1,line_curve_center_riding,-0.0135,0.0047,-0.2993,-0.3660,0.6788,5,0,0.0000,0,0.0129,0.3040,0.0668,0.3708,-0.2202,-0.0453,IDLE,0,0,candidate_fields_invalid,0,0,0.000,0,nan,nan,nan,0.0000,0,5,0.6000,0.5768,0.3290,0.5768,0.0232,本圈台阶完成,1,0.0000,0.150,0.330
6922.998,SEEK_ROUNDABOUT,30.748,1,2.097,0.0000,0.0000,none,2.752,,,tracking,0.1450,0.0342,1,line_curve_center_riding,-0.1013,-0.0797,-0.4396,-0.5076,0.6625,5,0,0.0000,0,0.0043,0.3599,0.0680,0.4279,-0.3423,0.0342,IDLE,0,0,candidate_fields_invalid,0,0,0.000,0,nan,nan,nan,0.0000,0,5,0.6000,0.5768,0.3290,0.5768,0.0232,本圈台阶完成,1,0.0000,0.150,0.330
6923.155,SEEK_ROUNDABOUT,30.905,1,2.139,0.0000,0.0000,none,2.752,,,tracking,0.1450,0.1277,1,line_curve_center_riding,-0.2022,-0.1845,-0.4785,-0.4785,0.5776,4,0,0.0000,0,0.0344,0.2939,0.0000,0.2939,-0.3805,0.1277,IDLE,0,0,candidate_fields_invalid,0,0,0.000,0,nan,nan,nan,0.0000,0,5,0.6000,0.5768,0.3290,0.5768,0.0232,本圈台阶完成,1,0.0000,0.150,0.330
6923.294,SEEK_ROUNDABOUT,31.044,1,2.170,0.0000,0.0000,none,2.752,,,line_bridge_loss,0.0943,0.0511,0,line_too_few_bands,0.0000,0.0000,0.0000,0.0000,0.0000,1,0,0.0000,0,0.0516,0.0000,0.0000,0.0000,0.0000,0.0511,IDLE,0,0,candidate_fields_invalid,0,0,0.000,0,nan,nan,nan,0.0000,0,5,0.6000,0.5768,0.3290,0.5768,0.0232,本圈台阶完成,1,0.0000,0.150,0.330
6923.447,SEEK_ROUNDABOUT,31.197,1,2.218,0.0000,0.0000,none,2.752,,,line_bridge_loss,0.0437,0.0511,0,line_too_few_bands,0.0000,0.0000,0.0000,0.0000,0.0000,0,0,0.0000,0,0.0086,0.0000,0.0000,0.0000,0.0000,0.0511,IDLE,0,0,candidate_fields_invalid,0,0,0.000,0,nan,nan,nan,0.0000,0,5,0.6000,0.5768,0.3290,0.5768,0.0232,本圈台阶完成,1,0.0000,0.150,0.330
6923.584,SEEK_ROUNDABOUT,31.334,1,2.218,0.0000,0.0000,none,2.752,,,line_bridge_loss,0.0350,0.0511,0,line_too_few_bands,0.0000,0.0000,0.0000,0.0000,0.0000,0,0,0.0000,0,0.0215,0.0000,0.0000,0.0000,0.0000,0.0511,IDLE,0,0,candidate_fields_invalid,0,0,0.000,0,nan,nan,nan,0.0000,0,5,0.6000,0.5768,0.3290,0.5768,0.0232,本圈台阶完成,1,0.0000,0.150,0.330
6923.731,SEEK_ROUNDABOUT,31.481,1,2.218,0.0000,0.0000,none,2.752,,,tracking,0.0857,0.3583,1,line_hard_turn_centering,-0.5599,-0.5567,-0.5889,-0.5889,0.3844,2,0,0.0000,0,0.0430,0.0322,0.0000,0.0322,-0.5781,0.3583,IDLE,0,0,candidate_fields_invalid,0,0,0.000,0,nan,nan,nan,0.0000,0,5,0.6000,0.5768,0.3290,0.5768,0.0232,本圈台阶完成,1,0.0000,0.150,0.330
6923.887,SEEK_ROUNDABOUT,31.637,1,2.245,0.0000,0.0000,none,2.752,,,line_bridge_loss,0.0350,0.1433,0,line_too_few_bands,0.0000,0.0000,0.0000,0.0000,0.0000,1,0,0.0000,0,0.0172,0.0000,0.0000,0.0000,0.0000,0.1433,IDLE,0,0,candidate_fields_invalid,0,0,0.000,0,nan,nan,nan,0.0000,0,5,0.6000,0.5768,0.3290,0.5768,0.0232,本圈台阶完成,1,0.0000,0.150,0.330
6924.051,SEEK_ROUNDABOUT,31.801,1,2.245,0.0000,0.0000,none,2.752,,,line_bridge_loss,0.0350,0.1433,0,line_too_few_bands,0.0000,0.0000,0.0000,0.0000,0.0000,1,0,0.0000,0,0.0559,0.0000,0.0000,0.0000,0.0000,0.1433,IDLE,0,0,candidate_fields_invalid,0,0,0.000,0,nan,nan,nan,0.0000,0,5,0.6000,0.5768,0.3290,0.5768,0.0232,本圈台阶完成,1,0.0000,0.150,0.330
6924.220,SEEK_ROUNDABOUT,31.970,1,2.245,0.0000,0.0000,none,2.752,,,line_loss_hold,0.0000,0.0000,0,line_too_few_bands,0.0000,0.0000,0.0000,0.0000,0.0000,0,0,0.0000,0,0.0129,0.0000,0.0000,0.0000,0.0000,0.0000,IDLE,0,0,candidate_fields_invalid,0,0,0.000,0,nan,nan,nan,0.0000,0,5,0.6000,0.5768,0.3290,0.5768,0.0232,本圈台阶完成,1,0.0000,0.150,0.330
6924.391,SEEK_ROUNDABOUT,32.141,1,2.245,0.0000,0.0000,none,2.752,,,line_loss_hold,0.0000,0.0000,0,line_too_few_bands,0.0000,0.0000,0.0000,0.0000,0.0000,0,0,0.0000,0,0.0172,0.0000,0.0000,0.0000,0.0000,0.0000,IDLE,0,0,candidate_fields_invalid,0,0,0.000,0,nan,nan,nan,0.0000,0,5,0.6000,0.5768,0.3290,0.5768,0.0232,本圈台阶完成,1,0.0000,0.150,0.330
6924.607,SEEK_ROUNDABOUT,32.357,1,2.245,0.0000,0.0000,none,2.752,,,tracking,0.0507,0.3333,1,line_edge_single_rescue,-0.5927,-0.5927,-0.5927,-0.5927,0.3100,1,0,0.0000,0,0.0086,0.0000,0.0000,0.0000,-0.5927,0.3333,IDLE,0,0,candidate_fields_invalid,0,0,0.000,0,nan,nan,nan,0.0000,0,5,0.6000,0.5768,0.3290,0.5768,0.0232,本圈台阶完成,1,0.0000,0.150,0.330
6924.768,SEEK_ROUNDABOUT,32.518,1,2.245,0.0000,0.0000,none,2.752,,,line_bridge_loss,0.0350,0.1680,0,line_too_few_bands,0.0000,0.0000,0.0000,0.0000,0.0000,0,0,0.0000,0,0.0258,0.0000,0.0000,0.0000,0.0000,0.1680,IDLE,0,0,candidate_fields_invalid,0,0,0.000,0,nan,nan,nan,0.0000,0,5,0.6000,0.5768,0.3290,0.5768,0.0232,本圈台阶完成,1,0.0000,0.150,0.330
6924.928,SEEK_ROUNDABOUT,32.678,1,2.245,0.0000,0.0000,none,2.752,,,line_bridge_loss,0.0350,0.1680,0,line_too_few_bands,0.0000,0.0000,0.0000,0.0000,0.0000,1,0,0.0000,0,0.0086,0.0000,0.0000,0.0000,0.0000,0.1680,IDLE,0,0,candidate_fields_invalid,0,0,0.000,0,nan,nan,nan,0.0000,0,5,0.6000,0.5768,0.3290,0.5768,0.0232,本圈台阶完成,1,0.0000,0.150,0.330
6925.072,SEEK_ROUNDABOUT,32.822,1,2.245,0.0000,0.0000,none,2.752,,,line_loss_hold,0.0000,0.0000,0,line_too_few_bands,0.0000,0.0000,0.0000,0.0000,0.0000,1,0,0.0000,0,0.0172,0.0000,0.0000,0.0000,0.0000,0.0000,IDLE,0,0,candidate_fields_invalid,0,0,0.000,0,nan,nan,nan,0.0000,0,5,0.6000,0.5768,0.3290,0.5768,0.0232,本圈台阶完成,1,0.0000,0.150,0.330
6925.212,SEEK_ROUNDABOUT,32.961,1,2.245,0.0000,0.0000,none,2.752,,,tracking,0.0507,0.2758,1,line_curve_center_riding,-0.0516,-0.0372,-0.2769,-0.2769,0.3517,2,0,0.0000,0,0.0129,0.2397,0.0000,0.2397,-0.1970,0.2758,IDLE,0,0,candidate_fields_invalid,0,0,0.000,0,nan,nan,nan,0.0000,0,5,0.6000,0.5768,0.3290,0.5768,0.0232,本圈台阶完成,1,0.0000,0.150,0.330
6925.352,SEEK_ROUNDABOUT,33.102,1,2.245,0.4000,0.0000,none,2.752,,,tracking,0.1013,0.0988,1,line_recenter_transition,0.0546,0.0622,-0.3168,-0.4271,0.6412,5,0,0.0000,0,0.0086,0.3790,0.1102,0.4893,-0.2272,0.0988,IDLE,0,0,candidate_fields_invalid,0,0,0.000,0,nan,nan,nan,0.0000,0,5,0.6000,0.5768,0.3290,0.5768,0.0232,本圈台阶完成,1,0.0000,0.150,0.330
6925.497,SEEK_ROUNDABOUT,33.247,1,2.269,0.4000,0.0000,none,2.752,,,tracking,0.1450,-0.0507,1,line_recenter_transition,0.1826,0.1900,-0.1817,-0.4266,0.7421,6,0,0.0000,0,0.0129,0.3718,0.2448,0.6166,-0.1394,-0.0507,IDLE,0,0,candidate_fields_invalid,0,0,0.000,0,nan,nan,nan,0.0000,0,5,0.6000,0.5768,0.3290,0.5768,0.0232,本圈台阶完成,1,0.0000,0.150,0.330
6925.650,SEEK_ROUNDABOUT,33.400,1,2.286,0.0000,0.0000,none,2.752,,,tracking,0.1450,-0.1473,1,line_recenter_transition,0.2293,0.2356,-0.0796,-0.1270,0.4584,3,0,0.0000,0,0.0086,0.3152,0.0474,0.3626,0.0097,-0.1473,IDLE,0,0,candidate_fields_invalid,0,0,0.000,0,nan,nan,nan,0.0000,0,5,0.6000,0.5768,0.3290,0.5768,0.0232,本圈台阶完成,1,0.0000,0.150,0.330
6925.787,SEEK_ROUNDABOUT,33.537,1,2.305,0.0000,0.0000,none,2.752,,,tracking,0.1450,-0.2072,1,line_curve_center_riding,0.2481,0.2655,-0.0234,-0.2508,0.7549,6,0,0.0000,0,0.0301,0.2889,0.2274,0.5163,-0.0029,-0.2072,IDLE,0,0,candidate_fields_invalid,0,0,0.000,0,nan,nan,nan,0.0000,0,5,0.6000,0.5768,0.3290,0.5768,0.0232,本圈台阶完成,1,0.0000,0.150,0.330
6925.947,SEEK_ROUNDABOUT,33.697,1,2.321,0.6000,0.0000,none,2.752,,,tracking,0.1450,-0.2114,1,line_curve_center_riding,0.2056,0.2218,-0.0483,-0.2261,0.7651,6,0,0.0000,0,0.0043,0.2701,0.1777,0.4478,-0.0175,-0.2114,IDLE,0,0,candidate_fields_invalid,0,0,0.000,0,nan,nan,nan,0.0000,0,5,0.6000,0.5768,0.3290,0.5768,0.0232,本圈台阶完成,1,0.0000,0.150,0.330
6926.100,SEEK_ROUNDABOUT,33.850,1,2.337,0.0000,0.0000,none,2.752,,,tracking,0.1600,-0.1921,1,line_curve_center_riding,0.1631,0.1777,-0.0652,-0.2503,0.7686,6,0,0.0000,0,0.0086,0.2429,0.1851,0.4280,-0.0460,-0.1921,IDLE,0,0,candidate_fields_invalid,0,0,0.000,0,nan,nan,nan,0.0000,0,5,0.6000,0.5768,0.3290,0.5768,0.0232,本圈台阶完成,1,0.0000,0.150,0.330
6926.269,SEEK_ROUNDABOUT,34.019,1,2.346,0.0000,0.0000,none,2.752,,,tracking,0.1450,-0.1700,1,line_curve_center_riding,0.1376,0.1522,-0.0914,-0.2978,0.7660,6,0,0.0000,0,0.0043,0.2435,0.2064,0.4499,-0.0790,-0.1700,IDLE,0,0,candidate_fields_invalid,0,0,0.000,0,nan,nan,nan,0.0000,0,5,0.6000,0.5768,0.3290,0.5768,0.0232,本圈台阶完成,1,0.0000,0.150,0.330
6926.407,SEEK_ROUNDABOUT,34.156,1,2.348,0.0000,0.0000,none,2.752,,,tracking,0.1450,-0.1541,1,line_recenter_transition,0.1283,0.1337,-0.1347,-0.3906,0.7572,6,0,0.0000,0,0.0043,0.2683,0.2559,0.5242,-0.1305,-0.1541,IDLE,0,0,candidate_fields_invalid,0,0,0.000,0,nan,nan,nan,0.0000,0,5,0.6000,0.5768,0.3290,0.5768,0.0232,本圈台阶完成,1,0.0000,0.150,0.330
6926.551,SEEK_ROUNDABOUT,34.301,1,2.351,0.0000,0.0000,none,2.752,,,tracking,0.1450,-0.1076,1,line_recenter_transition,0.0607,0.0670,-0.2500,-0.3220,0.6753,5,0,0.0000,0,0.0043,0.3170,0.0720,0.3890,-0.1683,-0.1076,IDLE,0,0,candidate_fields_invalid,0,0,0.000,0,nan,nan,nan,0.0000,0,5,0.6000,0.5768,0.3290,0.5768,0.0232,本圈台阶完成,1,0.0000,0.150,0.330
6926.710,SEEK_ROUNDABOUT,34.460,1,2.360,0.0000,0.0000,none,2.752,,,tracking,0.1450,-0.0144,1,line_curve_center_riding,-0.0671,-0.0493,-0.3461,-0.3852,0.6800,5,0,0.0000,0,0.0043,0.2968,0.0391,0.3359,-0.2602,-0.0144,IDLE,0,0,candidate_fields_invalid,0,0,0.000,0,nan,nan,nan,0.0000,0,5,0.6000,0.5768,0.3290,0.5768,0.0232,本圈台阶完成,1,0.0000,0.150,0.330
6926.868,SEEK_ROUNDABOUT,34.618,1,2.379,0.0000,0.0000,none,2.752,,,line_bridge_loss,0.0943,-0.0058,0,line_too_few_bands,0.0000,0.0000,0.0000,0.0000,0.0000,1,0,0.0000,0,0.0086,0.0000,0.0000,0.0000,0.0000,-0.0058,IDLE,0,0,candidate_fields_invalid,0,0,0.000,0,nan,nan,nan,0.0000,0,5,0.6000,0.5768,0.3290,0.5768,0.0232,本圈台阶完成,1,0.0000,0.150,0.330
6927.017,SEEK_ROUNDABOUT,34.767,1,2.402,0.0000,0.0000,none,2.752,,,tracking,0.1450,0.1444,1,line_curve_center_riding,-0.2858,-0.2768,-0.4256,-0.4256,0.3598,2,0,0.0000,0,0.0086,0.1487,0.0000,0.1487,-0.3760,0.1444,IDLE,0,0,candidate_fields_invalid,0,0,0.000,0,nan,nan,nan,0.0000,0,5,0.6000,0.5768,0.3290,0.5768,0.0232,本圈台阶完成,1,0.0000,0.150,0.330
6927.182,SEEK_ROUNDABOUT,34.931,1,2.439,0.0000,0.0000,none,2.752,,,tracking,0.1590,0.3363,1,line_curve_center_riding,-0.4768,-0.4681,-0.6123,-0.6123,0.4848,3,0,0.0000,0,0.0086,0.1441,0.0000,0.1441,-0.5642,0.3363,IDLE,0,0,candidate_fields_invalid,0,0,0.000,0,nan,nan,nan,0.0000,0,5,0.6000,0.5768,0.3290,0.5768,0.0232,本圈台阶完成,1,0.0000,0.150,0.330
6927.335,SEEK_ROUNDABOUT,35.084,1,2.470,0.0000,0.0000,none,2.752,,,tracking,0.1083,0.4790,1,line_hard_turn_centering,-0.5747,-0.5726,-0.5934,-0.5934,0.4166,2,0,0.0000,0,0.0387,0.0208,0.0000,0.0208,-0.5864,0.4790,IDLE,0,0,candidate_fields_invalid,0,0,0.000,0,nan,nan,nan,0.0000,0,5,0.6000,0.5768,0.3290,0.5768,0.0232,本圈台阶完成,1,0.0000,0.150,0.330
6927.528,SEEK_ROUNDABOUT,35.278,1,2.526,0.0000,0.0000,none,2.752,,,tracking,0.1050,0.5600,1,line_hard_turn_centering,-0.6037,-0.6021,-0.6180,-0.6180,0.4302,2,0,0.0000,0,0.0301,0.0159,0.0000,0.0159,-0.6127,0.5600,IDLE,0,0,candidate_fields_invalid,0,0,0.000,0,nan,nan,nan,0.0000,0,5,0.6000,0.5768,0.3290,0.5768,0.0232,本圈台阶完成,1,0.0000,0.150,0.330
6927.712,SEEK_ROUNDABOUT,35.462,1,2.575,0.0000,0.0000,none,2.752,,,line_bridge_loss,0.0543,0.2267,0,line_too_few_bands,0.0000,0.0000,0.0000,0.0000,0.0000,0,0,0.0000,0,0.0043,0.0000,0.0000,0.0000,0.0000,0.2267,IDLE,0,0,candidate_fields_invalid,0,0,0.000,0,nan,nan,nan,0.0000,0,5,0.6000,0.5768,0.3290,0.5768,0.0232,本圈台阶完成,1,0.0000,0.150,0.330
6927.902,SEEK_ROUNDABOUT,35.652,1,2.575,0.0000,0.0000,none,2.752,,,tracking,0.0850,0.4200,1,line_edge_single_rescue,-0.6820,-0.6820,-0.6820,-0.6820,0.3100,1,0,0.0000,0,0.0086,0.0000,0.0000,0.0000,-0.6820,0.4200,IDLE,0,0,candidate_fields_invalid,0,0,0.000,0,nan,nan,nan,0.0000,0,5,0.6000,0.5768,0.3290,0.5768,0.0232,本圈台阶完成,1,0.0000,0.150,0.330
6928.101,SEEK_ROUNDABOUT,35.850,1,2.635,0.0000,0.0000,none,2.752,,,tracking,0.0850,0.4200,1,line_edge_single_rescue,-0.7789,-0.7789,-0.7789,-0.7789,0.3100,1,0,0.0000,0,0.0430,0.0000,0.0000,0.0000,-0.7789,0.4200,IDLE,0,0,candidate_fields_invalid,0,0,0.000,0,nan,nan,nan,0.0000,0,5,0.6000,0.5768,0.3290,0.5768,0.0232,本圈台阶完成,1,0.0000,0.150,0.330
6928.317,SEEK_ROUNDABOUT,36.067,1,2.687,0.0000,0.0000,none,2.752,,,tracking,0.1050,0.5600,1,line_hard_turn_centering,-0.8017,-0.7970,-0.8441,-0.8441,0.3425,2,0,0.0000,0,0.0473,0.0471,0.0000,0.0471,-0.8284,0.5600,IDLE,0,0,candidate_fields_invalid,0,0,0.000,0,nan,nan,nan,0.0000,0,5,0.6000,0.5768,0.3290,0.5768,0.0232,本圈台阶完成,1,0.0000,0.150,0.330
6928.495,SEEK_ROUNDABOUT,36.244,1,2.724,0.0000,0.0000,none,2.752,,,tracking,0.0850,0.4200,1,line_edge_single_rescue,-0.8073,-0.8073,-0.8073,-0.8073,0.3100,1,0,0.0000,0,0.0258,0.0000,0.0000,0.0000,-0.8073,0.4200,IDLE,0,0,candidate_fields_invalid,0,0,0.000,0,nan,nan,nan,0.0000,0,5,0.6000,0.5768,0.3290,0.5768,0.0232,本圈台阶完成,1,0.0000,0.150,0.330
6928.675,SEEK_ROUNDABOUT,36.425,1,2.760,0.0000,0.0000,none,2.752,,,tracking,0.0850,0.4200,1,line_edge_single_rescue,-0.6675,-0.6675,-0.6675,-0.6675,0.3100,1,0,0.0000,0,0.0172,0.0000,0.0000,0.0000,-0.6675,0.4200,IDLE,0,0,candidate_fields_invalid,0,0,0.000,0,nan,nan,nan,0.0000,0,5,0.6000,0.5768,0.3290,0.5768,0.0232,本圈台阶完成,1,0.0000,0.150,0.330
6928.883,SEEK_ROUNDABOUT,36.633,1,2.788,0.0000,0.0000,none,2.752,,,tracking,0.1000,0.5955,1,line_curve_center_riding,-0.3929,-0.3793,-0.6065,-0.6065,0.4525,3,0,0.0000,0,0.0516,0.2272,0.0000,0.2272,-0.5307,0.5955,IDLE,0,0,candidate_fields_invalid,0,0,0.000,0,nan,nan,nan,0.0000,0,5,0.6000,0.5768,0.3290,0.5768,0.0232,本圈台阶完成,1,0.0000,0.150,0.330
6929.041,SEEK_ROUNDABOUT,36.790,1,2.805,0.0000,0.0000,none,2.752,,,tracking,0.1344,0.4496,1,line_curve_center_riding,-0.2857,-0.2715,-0.5079,-0.5079,0.4416,3,0,0.0000,0,0.0688,0.2364,0.0000,0.2364,-0.4291,0.4496,IDLE,0,0,candidate_fields_invalid,0,0,0.000,0,nan,nan,nan,0.0000,0,5,0.6000,0.5768,0.3290,0.5768,0.0232,本圈台阶完成,1,0.0000,0.150,0.330
6929.221,SEEK_ROUNDABOUT,36.971,1,2.816,0.0000,0.0000,none,2.752,,,tracking,0.1450,0.2596,1,line_curve_center_riding,-0.0681,-0.0431,-0.4594,-0.4594,0.5396,4,0,0.0000,0,0.0344,0.4163,0.0000,0.4163,-0.3206,0.2596,IDLE,0,0,candidate_fields_invalid,0,0,0.000,0,nan,nan,nan,0.0000,0,5,0.6000,0.5768,0.3290,0.5768,0.0232,本圈台阶完成,1,0.0000,0.150,0.330
6929.398,SEEK_ROUNDABOUT,37.148,1,2.820,0.0000,0.0000,none,2.752,,,tracking,0.1450,0.0772,1,line_recenter_transition,0.0958,0.1037,-0.2922,-0.2922,0.5450,4,0,0.0000,0,0.0000,0.3958,0.0000,0.3958,-0.1602,0.0772,IDLE,0,0,candidate_fields_invalid,0,0,0.000,0,nan,nan,nan,0.0000,0,5,0.6000,0.5768,0.3290,0.5768,0.0232,本圈台阶完成,1,0.0000,0.150,0.330
6929.576,SEEK_ROUNDABOUT,37.325,1,2.821,0.0000,0.0000,none,2.752,,,tracking,0.1450,-0.0682,1,line_recenter_transition,0.1993,0.2094,-0.2945,-0.3814,0.5340,4,0,0.0000,0,0.0043,0.5039,0.0868,0.5907,-0.1555,-0.0682,IDLE,0,0,candidate_fields_invalid,0,0,0.000,0,nan,nan,nan,0.0000,0,5,0.6000,0.5768,0.3290,0.5768,0.0232,本圈台阶完成,1,0.0000,0.150,0.330
6929.751,SEEK_ROUNDABOUT,37.501,1,2.827,0.0000,0.0000,none,2.752,,,tracking,0.1450,-0.1587,1,line_recenter_transition,0.2342,0.2449,-0.2880,-0.3871,0.6290,5,0,0.0000,0,0.0043,0.5328,0.0992,0.6320,-0.1434,-0.1587,IDLE,0,0,candidate_fields_invalid,0,0,0.000,0,nan,nan,nan,0.0000,0,5,0.6000,0.5768,0.3290,0.5768,0.0232,本圈台阶完成,1,0.0000,0.150,0.330
6929.979,SEEK_ROUNDABOUT,37.729,1,2.831,0.0000,0.0000,none,2.752,,,tracking,0.1450,-0.2168,1,line_recenter_transition,0.2594,0.2705,-0.2871,-0.4055,0.6196,5,0,0.0000,0,0.0043,0.5576,0.1184,0.6760,-0.1407,-0.2168,IDLE,0,0,candidate_fields_invalid,0,0,0.000,0,nan,nan,nan,0.0000,0,5,0.6000,0.5768,0.3290,0.5768,0.0232,本圈台阶完成,1,0.0000,0.150,0.330
6930.147,SEEK_ROUNDABOUT,37.897,1,2.831,0.0000,0.0000,none,2.752,,,tracking,0.1450,-0.2270,1,line_recenter_transition,0.2224,0.2329,-0.2914,-0.3997,0.6289,5,0,0.0000,0,0.0043,0.5243,0.1084,0.6327,-0.1527,-0.2270,IDLE,0,0,candidate_fields_invalid,0,0,0.000,0,nan,nan,nan,0.0000,0,5,0.6000,0.5768,0.3290,0.5768,0.0232,本圈台阶完成,1,0.0000,0.150,0.330
6930.290,SEEK_ROUNDABOUT,38.040,1,2.833,0.0000,0.0000,none,2.752,,,tracking,0.1450,-0.2069,1,line_recenter_transition,0.1766,0.1856,-0.2636,-0.3570,0.6428,5,0,0.0000,0,0.0043,0.4492,0.0934,0.5426,-0.1450,-0.2069,IDLE,0,0,candidate_fields_invalid,0,0,0.000,0,nan,nan,nan,0.0000,0,5,0.6000,0.5768,0.3290,0.5768,0.0232,本圈台阶完成,1,0.0000,0.150,0.330
6930.430,SEEK_ROUNDABOUT,38.180,1,2.836,0.0000,0.0000,none,2.752,,,tracking,0.1450,-0.1763,1,line_recenter_transition,0.1372,0.1444,-0.2184,-0.2184,0.5603,4,0,0.0000,0,0.0000,0.3628,0.0000,0.3628,-0.0974,-0.1763,IDLE,0,0,candidate_fields_invalid,0,0,0.000,0,nan,nan,nan,0.0000,0,5,0.6000,0.5768,0.3290,0.5768,0.0232,本圈台阶完成,1,0.0000,0.150,0.330
6930.576,SEEK_ROUNDABOUT,38.326,1,2.843,0.0000,0.0000,none,2.752,,,tracking,0.1450,-0.1056,1,line_recenter_transition,0.0380,0.0492,-0.5094,-0.5865,0.6242,5,0,0.0000,0,0.0043,0.5586,0.0771,0.6357,-0.3489,-0.1056,IDLE,0,0,candidate_fields_invalid,0,0,0.000,0,nan,nan,nan,0.0000,0,5,0.6000,0.5768,0.3290,0.5768,0.0232,本圈台阶完成,1,0.0000,0.150,0.330
6930.716,SEEK_ROUNDABOUT,38.466,1,2.848,0.0000,0.0000,none,2.752,,,tracking,0.1450,-0.0132,1,line_curve_center_riding,-0.0676,-0.0403,-0.4956,-0.4956,0.5350,4,0,0.0000,0,0.0043,0.4553,0.0000,0.4553,-0.3438,-0.0132,IDLE,0,0,candidate_fields_invalid,0,0,0.000,0,nan,nan,nan,0.0000,0,5,0.6000,0.5768,0.3290,0.5768,0.0232,本圈台阶完成,1,0.0000,0.150,0.330
6930.855,SEEK_ROUNDABOUT,38.604,1,2.855,0.0000,0.0000,none,2.752,,,tracking,0.1450,0.0813,1,line_curve_center_riding,-0.1588,-0.1360,-0.5171,-0.5171,0.5526,4,0,0.0000,0,0.0215,0.3811,0.0000,0.3811,-0.3900,0.0813,IDLE,0,0,candidate_fields_invalid,0,0,0.000,0,nan,nan,nan,0.0000,0,5,0.6000,0.5768,0.3290,0.5768,0.0232,本圈台阶完成,1,0.0000,0.150,0.330
6930.985,SEEK_ROUNDABOUT,38.735,1,2.868,0.0000,0.0000,none,2.752,,,tracking,0.1600,0.2144,1,line_curve_center_riding,-0.3119,-0.2988,-0.5168,-0.5168,0.4590,3,0,0.0000,0,0.0387,0.2180,0.0000,0.2180,-0.4441,0.2144,IDLE,0,0,candidate_fields_invalid,0,0,0.000,0,nan,nan,nan,0.0000,0,5,0.6000,0.5768,0.3290,0.5768,0.0232,本圈台阶完成,1,0.0000,0.150,0.330
6931.117,SEEK_ROUNDABOUT,38.867,1,2.883,0.0000,0.0000,none,2.752,,,tracking,0.1600,0.3047,1,line_curve_center_riding,-0.3661,-0.3524,-0.5794,-0.5794,0.4559,3,0,0.0000,0,0.0559,0.2270,0.0000,0.2270,-0.5038,0.3047,IDLE,0,0,candidate_fields_invalid,0,0,0.000,0,nan,nan,nan,0.0000,0,5,0.6000,0.5768,0.3290,0.5768,0.0232,本圈台阶完成,1,0.0000,0.150,0.330
6931.249,SEEK_ROUNDABOUT,38.999,1,2.900,0.0000,0.0000,none,2.752,,,tracking,0.1476,0.3984,1,line_curve_center_riding,-0.4519,-0.4411,-0.6224,-0.6224,0.4690,3,0,0.0000,0,0.0860,0.1814,0.0000,0.1814,-0.5620,0.3984,IDLE,0,0,candidate_fields_invalid,0,0,0.000,0,nan,nan,nan,0.0000,0,5,0.6000,0.5768,0.3290,0.5768,0.0232,本圈台阶完成,1,0.0000,0.150,0.330
6931.380,SEEK_ROUNDABOUT,39.130,1,2.918,0.0000,0.0000,none,2.752,,,tracking,0.1412,0.4231,1,line_curve_center_riding,-0.4205,-0.4071,-0.6306,-0.6306,0.4566,3,0,0.0000,0,0.0387,0.2235,0.0000,0.2235,-0.5561,0.4231,IDLE,0,0,candidate_fields_invalid,0,0,0.000,0,nan,nan,nan,0.0000,0,5,0.6000,0.5768,0.3290,0.5768,0.0232,本圈台阶完成,1,0.0000,0.150,0.330
6931.513,SEEK_ROUNDABOUT,39.262,1,2.939,0.0000,0.0000,none,2.752,,,tracking,0.1292,0.4698,1,line_center_tracking,-0.4751,-0.4719,-0.4832,-0.4832,0.4434,2,0,0.0000,0,0.0000,0.0112,0.0000,0.0112,-0.4794,0.4698,IDLE,0,0,candidate_fields_invalid,0,0,0.000,0,nan,nan,nan,0.0000,0,5,0.6000,0.5768,0.3290,0.5768,0.0232,本圈台阶完成,1,0.0000,0.150,0.330
6931.645,SEEK_ROUNDABOUT,39.395,1,2.964,0.0000,0.0000,none,2.752,,,line_bridge_loss,0.0789,0.1879,0,line_too_few_bands,0.0000,0.0000,0.0000,0.0000,0.0000,1,0,0.0000,0,0.0000,0.0000,0.0000,0.0000,0.0000,0.1879,IDLE,0,0,candidate_fields_invalid,0,0,0.000,0,nan,nan,nan,0.0000,0,5,0.6000,0.5768,0.3290,0.5768,0.0232,本圈台阶完成,1,0.0000,0.150,0.330
6931.783,SEEK_ROUNDABOUT,39.533,1,2.964,0.0000,0.0000,none,2.752,,,line_bridge_loss,0.0350,0.1879,0,line_too_few_bands,0.0000,0.0000,0.0000,0.0000,0.0000,1,0,0.0000,0,0.0000,0.0000,0.0000,0.0000,0.0000,0.1879,IDLE,0,0,candidate_fields_invalid,0,0,0.000,0,nan,nan,nan,0.0000,0,5,0.6000,0.5768,0.3290,0.5768,0.0232,本圈台阶完成,1,0.0000,0.150,0.330
6931.919,SEEK_ROUNDABOUT,39.669,1,2.964,0.0000,0.0000,none,2.752,,,tracking,0.0857,0.4817,1,line_curve_center_riding,-0.4624,-0.4509,-0.6421,-0.6421,0.4632,3,0,0.0000,0,0.0086,0.1912,0.0000,0.1912,-0.5784,0.4817,IDLE,0,0,candidate_fields_invalid,0,0,0.000,0,nan,nan,nan,0.0000,0,5,0.6000,0.5768,0.3290,0.5768,0.0232,本圈台阶完成,1,0.0000,0.150,0.330
6932.072,SEEK_ROUNDABOUT,39.822,1,2.995,0.0000,0.0000,none,2.752,,,tracking,0.1050,0.5600,1,line_hard_turn_centering,-0.6365,-0.6330,-0.6683,-0.6683,0.3757,2,0,0.0000,0,0.0000,0.0353,0.0000,0.0353,-0.6565,0.5600,IDLE,0,0,candidate_fields_invalid,0,0,0.000,0,nan,nan,nan,0.0000,0,5,0.6000,0.5768,0.3290,0.5768,0.0232,本圈台阶完成,1,0.0000,0.150,0.330
6932.216,SEEK_ROUNDABOUT,39.965,1,3.021,0.0000,0.0000,none,2.752,,,tracking,0.1050,0.5600,1,line_hard_turn_centering,-0.7177,-0.7132,-0.7588,-0.7588,0.3465,2,0,0.0000,0,0.0043,0.0457,0.0000,0.0457,-0.7436,0.5600,IDLE,0,0,candidate_fields_invalid,0,0,0.000,0,nan,nan,nan,0.0000,0,5,0.6000,0.5768,0.3290,0.5768,0.0232,本圈台阶完成,1,0.0000,0.150,0.330
6932.344,SEEK_ROUNDABOUT,40.094,1,3.056,0.0000,0.0000,none,2.752,,,tracking,0.1050,0.5600,1,line_hard_turn_centering,-0.6693,-0.6650,-0.7081,-0.7081,0.3538,2,0,0.0000,0,0.0473,0.0431,0.0000,0.0431,-0.6937,0.5600,IDLE,0,0,candidate_fields_invalid,0,0,0.000,0,nan,nan,nan,0.0000,0,5,0.6000,0.5768,0.3290,0.5768,0.0232,本圈台阶完成,1,0.0000,0.150,0.330
6932.491,SEEK_ROUNDABOUT,40.241,1,3.102,0.0000,0.0000,none,2.752,,,tracking,0.1050,0.5600,1,line_hard_turn_centering,-0.6211,-0.6170,-0.6579,-0.6579,0.3600,2,0,0.0000,0,0.0559,0.0409,0.0000,0.0409,-0.6443,0.5600,IDLE,0,0,candidate_fields_invalid,0,0,0.000,0,nan,nan,nan,0.0000,0,5,0.6000,0.5768,0.3290,0.5768,0.0232,本圈台阶完成,1,0.0000,0.150,0.330
6932.625,SEEK_ROUNDABOUT,40.375,1,3.130,0.0000,0.0000,none,2.752,,,tracking,0.1050,0.5600,1,line_hard_turn_centering,-0.5656,-0.5628,-0.5908,-0.5908,0.3964,2,0,0.0000,0,0.0902,0.0280,0.0000,0.0280,-0.5815,0.5600,IDLE,0,0,candidate_fields_invalid,0,0,0.000,0,nan,nan,nan,0.0000,0,5,0.6000,0.5768,0.3290,0.5768,0.0232,本圈台阶完成,1,0.0000,0.150,0.330
6932.755,SEEK_ROUNDABOUT,40.504,1,3.161,0.0000,0.0000,none,2.752,,,line_bridge_loss,0.0558,0.2366,0,line_too_few_bands,0.0000,0.0000,0.0000,0.0000,0.0000,1,0,0.0000,0,0.0602,0.0000,0.0000,0.0000,0.0000,0.2366,IDLE,0,0,candidate_fields_invalid,0,0,0.000,0,nan,nan,nan,0.0000,0,5,0.6000,0.5768,0.3290,0.5768,0.0232,本圈台阶完成,1,0.0000,0.150,0.330
6932.892,SEEK_ROUNDABOUT,40.642,1,3.161,0.0000,0.0000,none,2.752,,,line_bridge_loss,0.0350,0.2240,0,line_too_few_bands,0.0000,0.0000,0.0000,0.0000,0.0000,1,0,0.0000,0,0.0258,0.0000,0.0000,0.0000,0.0000,0.2240,IDLE,0,0,candidate_fields_invalid,0,0,0.000,0,nan,nan,nan,0.0000,0,5,0.6000,0.5768,0.3290,0.5768,0.0232,本圈台阶完成,1,0.0000,0.150,0.330
6933.021,SEEK_ROUNDABOUT,40.771,1,3.161,0.0000,0.0000,none,2.752,,,tracking,0.0841,0.5472,1,line_curve_center_riding,-0.4446,-0.4321,-0.6412,-0.6412,0.4629,3,0,0.0000,0,0.1203,0.2091,0.0000,0.2091,-0.5715,0.5472,IDLE,0,0,candidate_fields_invalid,0,0,0.000,0,nan,nan,nan,0.0000,0,5,0.6000,0.5768,0.3290,0.5768,0.0232,本圈台阶完成,1,0.0000,0.150,0.330
6933.156,SEEK_ROUNDABOUT,40.906,1,3.186,0.0000,0.0000,none,2.752,,,line_bridge_loss,0.0350,0.2259,0,line_too_few_bands,0.0000,0.0000,0.0000,0.0000,0.0000,1,0,0.0000,0,0.0172,0.0000,0.0000,0.0000,0.0000,0.2259,IDLE,0,0,candidate_fields_invalid,0,0,0.000,0,nan,nan,nan,0.0000,0,5,0.6000,0.5768,0.3290,0.5768,0.0232,本圈台阶完成,1,0.0000,0.150,0.330
6933.297,SEEK_ROUNDABOUT,41.047,1,3.186,0.0000,0.0000,none,2.752,,,tracking,0.0857,0.5018,1,line_curve_center_riding,-0.4053,-0.3869,-0.6949,-0.6949,0.5592,4,0,0.0000,0,0.0731,0.3080,0.0000,0.3080,-0.5922,0.5018,IDLE,0,0,candidate_fields_invalid,0,0,0.000,0,nan,nan,nan,0.0000,0,5,0.6000,0.5768,0.3290,0.5768,0.0232,本圈台阶完成,1,0.0000,0.150,0.330
6933.450,SEEK_ROUNDABOUT,41.200,1,3.211,0.0000,0.0000,none,2.752,,,tracking,0.1050,0.5426,1,line_hard_turn_centering,-0.5325,-0.5286,-0.5677,-0.5677,0.3651,2,0,0.0000,0,0.1031,0.0391,0.0000,0.0391,-0.5547,0.5426,IDLE,0,0,candidate_fields_invalid,0,0,0.000,0,nan,nan,nan,0.0000,0,5,0.6000,0.5768,0.3290,0.5768,0.0232,本圈台阶完成,1,0.0000,0.150,0.330
6933.606,SEEK_ROUNDABOUT,41.355,1,3.238,0.0000,0.0000,none,2.752,,,tracking,0.1270,0.4784,1,line_curve_center_riding,-0.3936,-0.3834,-0.5530,-0.5530,0.3436,2,0,0.0000,0,0.0258,0.1696,0.0000,0.1696,-0.4964,0.4784,IDLE,0,0,step_zone_after_max seek=3.21>3.20,0,0,0.000,0,nan,nan,nan,0.0000,0,5,0.6000,0.5768,0.3290,0.5768,0.0232,本圈台阶完成,1,0.0000,0.150,0.330
6933.757,SEEK_ROUNDABOUT,41.507,1,3.261,0.0000,0.0000,none,2.752,,,line_bridge_loss,0.0763,0.1914,0,line_too_few_bands,0.0000,0.0000,0.0000,0.0000,0.0000,1,0,0.0000,0,0.0344,0.0000,0.0000,0.0000,0.0000,0.1914,IDLE,0,0,step_zone_after_max seek=3.24>3.20,0,0,0.000,0,nan,nan,nan,0.0000,0,5,0.6000,0.5768,0.3290,0.5768,0.0232,本圈台阶完成,1,0.0000,0.150,0.330
6933.947,SEEK_ROUNDABOUT,41.697,1,3.261,0.0000,0.0000,none,2.752,,,tracking,0.1270,0.4263,1,line_curve_center_riding,-0.3418,-0.3324,-0.4896,-0.4896,0.3767,2,0,0.0000,0,0.0172,0.1572,0.0000,0.1572,-0.4372,0.4263,IDLE,0,0,step_zone_after_max seek=3.26>3.20,0,0,0.000,0,nan,nan,nan,0.0000,0,5,0.6000,0.5768,0.3290,0.5768,0.0232,本圈台阶完成,1,0.0000,0.150,0.330
6934.081,SEEK_ROUNDABOUT,41.831,1,3.269,0.0000,0.0000,none,2.752,,,tracking,0.1450,0.2471,1,line_curve_center_riding,-0.0851,-0.0698,-0.3254,-0.5535,0.7596,6,0,0.0000,0,0.0086,0.2556,0.2281,0.4837,-0.3162,0.2471,IDLE,0,0,step_zone_after_max seek=3.26>3.20,0,0,0.000,0,nan,nan,nan,0.0000,0,5,0.6000,0.5768,0.3290,0.5768,0.0232,本圈台阶完成,1,0.0000,0.150,0.330
6934.225,SEEK_ROUNDABOUT,41.975,1,3.272,0.0000,0.0000,none,2.752,,,tracking,0.1450,0.1172,1,line_curve_center_riding,0.0119,0.0298,-0.2682,-0.4757,0.8547,7,0,0.0000,0,0.0172,0.2980,0.2075,0.5055,-0.2381,0.1172,IDLE,0,0,step_zone_after_max seek=3.27>3.20,0,0,0.000,0,nan,nan,nan,0.0000,0,5,0.6000,0.5768,0.3290,0.5768,0.0232,本圈台阶完成,1,0.0000,0.150,0.330
6934.365,SEEK_ROUNDABOUT,42.115,1,3.272,0.8000,0.3500,none,2.752,,,tracking,0.1450,-0.0219,1,line_recenter_transition,0.1437,0.1497,-0.1474,-0.2674,0.6672,5,0,0.0000,0,0.0000,0.2971,0.1199,0.4170,-0.0884,-0.0219,IDLE,0,0,step_zone_after_max seek=3.27>3.20,0,0,0.000,0,nan,nan,nan,0.0000,0,5,0.6000,0.5768,0.3290,0.5768,0.0232,本圈台阶完成,1,0.0000,0.150,0.330
6934.512,SEEK_ROUNDABOUT,42.261,1,3.275,0.0000,0.0500,none,2.752,,,tracking,0.1600,-0.0682,1,line_recenter_transition,0.1138,0.1188,-0.1329,-0.2456,0.7692,6,0,0.0000,0,0.0000,0.2518,0.1126,0.3644,-0.0866,-0.0682,IDLE,0,0,step_zone_after_max seek=3.27>3.20,0,0,0.000,0,nan,nan,nan,0.0000,0,5,0.6000,0.5768,0.3290,0.5768,0.0232,本圈台阶完成,1,0.0000,0.150,0.330
6934.645,SEEK_ROUNDABOUT,42.395,1,3.276,0.0000,0.0000,none,2.752,,,tracking,0.1600,-0.1117,1,line_recenter_transition,0.1429,0.1480,-0.1111,-0.2436,0.7670,6,0,0.0000,0,0.0000,0.2592,0.1325,0.3917,-0.0689,-0.1117,IDLE,0,0,step_zone_after_max seek=3.27>3.20,0,0,0.000,0,nan,nan,nan,0.0000,0,5,0.6000,0.5768,0.3290,0.5768,0.0232,本圈台阶完成,1,0.0000,0.150,0.330
6934.785,SEEK_ROUNDABOUT,42.535,1,3.276,0.0000,0.0000,none,2.752,,,tracking,0.1450,-0.1535,1,line_curve_center_riding,0.1798,0.1952,-0.0622,-0.3010,0.9422,8,0,0.0000,0,0.0000,0.2575,0.2387,0.4962,-0.0560,-0.1535,IDLE,0,0,step_zone_after_max seek=3.28>3.20,0,0,0.000,0,nan,nan,nan,0.0000,0,5,0.6000,0.5768,0.3290,0.5768,0.0232,本圈台阶完成,1,0.0000,0.150,0.330
6934.924,SEEK_ROUNDABOUT,42.674,1,3.277,0.0000,0.0000,none,2.752,,,tracking,0.1450,-0.1533,1,line_recenter_transition,0.1459,0.1509,-0.1014,-0.3183,0.9455,8,0,0.0000,0,0.0000,0.2523,0.2169,0.4693,-0.0896,-0.1533,IDLE,0,0,step_zone_after_max seek=3.28>3.20,0,0,0.000,0,nan,nan,nan,0.0000,0,5,0.6000,0.5768,0.3290,0.5768,0.0232,本圈台阶完成,1,0.0000,0.150,0.330
6935.067,SEEK_ROUNDABOUT,42.817,1,3.282,0.0000,0.0000,none,2.752,,,tracking,0.1450,-0.1168,1,line_curve_center_riding,0.0793,0.0945,-0.1587,-0.3630,0.9475,8,0,0.0000,0,0.0000,0.2531,0.2043,0.4574,-0.1424,-0.1168,IDLE,0,0,step_zone_after_max seek=3.28>3.20,0,0,0.000,0,nan,nan,nan,0.0000,0,5,0.6000,0.5768,0.3290,0.5768,0.0232,本圈台阶完成,1,0.0000,0.150,0.330
6935.209,SEEK_ROUNDABOUT,42.959,1,3.290,0.0000,0.0000,none,2.752,,,tracking,0.1450,-0.0678,1,line_curve_center_riding,0.0205,0.0354,-0.2134,-0.4208,0.8592,7,0,0.0000,0,0.0043,0.2488,0.2075,0.4563,-0.1996,-0.0678,IDLE,0,0,step_zone_after_max seek=3.28>3.20,0,0,0.000,0,nan,nan,nan,0.0000,0,5,0.6000,0.5768,0.3290,0.5768,0.0232,本圈台阶完成,1,0.0000,0.150,0.330
6935.350,SEEK_ROUNDABOUT,43.100,1,3.303,0.0000,0.0000,none,2.752,,,tracking,0.1450,-0.0104,1,line_curve_center_riding,-0.0407,-0.0261,-0.2702,-0.4822,0.9457,8,0,0.0000,0,0.0043,0.2442,0.2119,0.4561,-0.2595,-0.0104,IDLE,0,0,step_zone_after_max seek=3.29>3.20,0,0,0.000,0,nan,nan,nan,0.0000,0,5,0.6000,0.5768,0.3290,0.5768,0.0232,本圈台阶完成,1,0.0000,0.150,0.330
6935.491,SEEK_ROUNDABOUT,43.240,1,3.322,0.0000,0.0000,none,2.752,,,tracking,0.1450,0.0564,1,line_curve_center_riding,-0.1108,-0.0967,-0.3318,-0.5460,0.8608,7,0,0.0000,0,0.0000,0.2351,0.2142,0.4493,-0.3248,0.0564,IDLE,0,0,step_zone_after_max seek=3.30>3.20,0,0,0.000,0,nan,nan,nan,0.0000,0,5,0.6000,0.5768,0.3290,0.5768,0.0232,本圈台阶完成,1,0.0000,0.150,0.330
6935.630,SEEK_ROUNDABOUT,43.379,1,3.341,0.0000,0.0000,none,2.752,,,tracking,0.1600,0.1282,1,line_curve_center_riding,-0.1822,-0.1684,-0.3983,-0.5868,0.9520,8,0,0.0000,0,0.0000,0.2299,0.1886,0.4184,-0.3845,0.1282,IDLE,0,0,step_zone_after_max seek=3.32>3.20,0,0,0.000,0,nan,nan,nan,0.0000,0,5,0.6000,0.5768,0.3290,0.5768,0.0232,本圈台阶完成,1,0.0000,0.150,0.330
6935.781,SEEK_ROUNDABOUT,43.530,1,3.364,0.0000,0.0000,none,2.752,,,tracking,0.1600,0.1902,1,line_curve_center_riding,-0.2333,-0.2205,-0.4349,-0.6207,0.9527,8,0,0.0000,0,0.0000,0.2145,0.1857,0.4002,-0.4253,0.1902,IDLE,0,0,step_zone_after_max seek=3.34>3.20,0,0,0.000,0,nan,nan,nan,0.0000,0,5,0.6000,0.5768,0.3290,0.5768,0.0232,本圈台阶完成,1,0.0000,0.150,0.330
6935.921,SEEK_ROUNDABOUT,43.671,1,3.389,0.4000,0.0000,none,2.752,,,tracking,0.1600,0.2409,1,line_curve_center_riding,-0.2690,-0.2570,-0.4574,-0.6328,0.9550,8,0,0.0000,0,0.0000,0.2004,0.1754,0.3758,-0.4491,0.2409,IDLE,0,0,step_zone_after_max seek=3.36>3.20,0,0,0.000,0,nan,nan,nan,0.0000,0,5,0.6000,0.5768,0.3290,0.5768,0.0232,本圈台阶完成,1,0.0000,0.150,0.330
6936.059,SEEK_ROUNDABOUT,43.809,1,3.412,0.4000,0.0000,none,2.752,,,tracking,0.1600,0.2808,1,line_curve_center_riding,-0.2965,-0.2856,-0.4676,-0.6265,0.9594,8,0,0.0000,0,0.0000,0.1820,0.1589,0.3409,-0.4599,0.2808,IDLE,0,0,step_zone_after_max seek=3.39>3.20,0,0,0.000,0,nan,nan,nan,0.0000,0,5,0.6000,0.5768,0.3290,0.5768,0.0232,本圈台阶完成,1,0.0000,0.150,0.330
6936.195,SEEK_ROUNDABOUT,43.945,1,3.433,0.6000,0.0000,none,2.752,,,tracking,0.1600,0.3064,1,line_curve_center_riding,-0.3080,-0.2982,-0.4611,-0.6071,0.9636,8,0,0.0000,0,0.0000,0.1630,0.1460,0.3090,-0.4555,0.3064,IDLE,0,0,step_zone_after_max seek=3.41>3.20,0,0,0.000,0,nan,nan,nan,0.0000,0,5,0.6000,0.5768,0.3290,0.5768,0.0232,本圈台阶完成,1,0.0000,0.150,0.330
6936.338,SEEK_ROUNDABOUT,44.088,1,3.467,0.0000,0.0000,none,2.752,,,tracking,0.1600,0.3136,1,line_curve_center_riding,-0.2988,-0.2901,-0.4348,-0.5727,0.9674,8,0,0.0000,0,0.0000,0.1447,0.1379,0.2826,-0.4325,0.3136,IDLE,0,0,step_zone_after_max seek=3.43>3.20,0,0,0.000,0,nan,nan,nan,0.0000,0,5,0.6000,0.5768,0.3290,0.5768,0.0232,本圈台阶完成,1,0.0000,0.150,0.330
6936.488,SEEK_ROUNDABOUT,44.238,1,3.501,0.4000,0.0000,none,2.752,,,tracking,0.1600,0.3080,1,line_curve_center_riding,-0.2815,-0.2740,-0.3985,-0.5115,0.9722,8,0,0.0000,0,0.0000,0.1244,0.1130,0.2374,-0.3947,0.3080,IDLE,0,0,step_zone_after_max seek=3.47>3.20,0,0,0.000,0,nan,nan,nan,0.0000,0,5,0.6000,0.5768,0.3290,0.5768,0.0232,本圈台阶完成,1,0.0000,0.150,0.330
6936.634,SEEK_ROUNDABOUT,44.384,1,3.538,0.4000,0.0000,none,2.752,,,tracking,0.1600,0.2967,1,line_curve_center_riding,-0.2653,-0.2588,-0.3669,-0.4635,0.9760,8,0,0.6689,0,0.0000,0.1081,0.0966,0.2047,-0.3631,0.2967,IDLE,0,0,step_zone_after_max seek=3.50>3.20,0,0,0.000,0,nan,nan,nan,0.0000,0,5,0.6000,0.5768,0.3290,0.5768,0.0232,本圈台阶完成,1,0.0000,0.150,0.330
6936.797,SEEK_ROUNDABOUT,44.546,1,3.579,0.2000,0.0000,none,2.752,,,tracking,0.1600,0.2926,1,line_center_tracking,-0.2666,-0.2408,-0.3331,-0.3762,0.9782,8,0,0.5017,0,0.0000,0.0923,0.0431,0.1354,-0.3167,0.2926,IDLE,0,0,step_zone_after_max seek=3.54>3.20,0,0,0.000,0,nan,nan,nan,0.0000,0,5,0.6000,0.5768,0.3290,0.5768,0.0232,本圈台阶完成,1,0.0000,0.150,0.330
6936.943,SEEK_ROUNDABOUT,44.692,1,3.619,0.4000,0.0000,none,2.752,,,tracking,0.1600,0.2615,1,line_center_tracking,-0.2166,-0.1945,-0.2733,-0.3344,0.9844,8,0,0.7300,0,0.0000,0.0788,0.0611,0.1399,-0.2674,0.2615,IDLE,0,0,step_zone_after_max seek=3.58>3.20,0,0,0.000,0,nan,nan,nan,0.0000,0,5,0.6000,0.5768,0.3290,0.5768,0.0232,本圈台阶完成,1,0.0000,0.150,0.330
6937.106,SEEK_ROUNDABOUT,44.856,1,3.657,0.2000,0.0000,none,2.752,,,tracking,0.1600,0.2130,1,line_center_tracking,-0.1546,-0.1360,-0.2026,-0.2600,0.9857,8,1,0.9872,0,0.0043,0.0666,0.0574,0.1240,-0.1995,0.2130,IDLE,0,0,step_zone_after_max seek=3.62>3.20,0,0,0.000,0,nan,nan,nan,0.0000,0,5,0.6000,0.5768,0.3290,0.5768,0.0232,本圈台阶完成,1,0.0000,0.150,0.330
6937.255,SEEK_ROUNDABOUT,45.004,1,3.691,0.2000,0.0000,none,2.752,,,tracking,0.1600,0.1576,1,line_center_tracking,-0.0972,-0.0814,-0.1381,-0.1880,0.9877,8,1,0.9872,0,0.0043,0.0567,0.0500,0.1066,-0.1358,0.1576,IDLE,0,0,step_zone_after_max seek=3.66>3.20,0,0,0.000,0,nan,nan,nan,0.0000,0,5,0.6000,0.5768,0.3290,0.5768,0.0232,本圈台阶完成,1,0.0000,0.150,0.330
6937.404,SEEK_ROUNDABOUT,45.154,1,3.725,0.2000,0.0000,none,2.752,,,tracking,0.1600,0.1075,1,line_center_tracking,-0.0541,-0.0401,-0.0901,-0.1330,0.9892,8,1,1.0000,0,0.0000,0.0500,0.0429,0.0929,-0.0877,0.1075,IDLE,0,0,step_zone_after_max seek=3.69>3.20,0,0,0.000,0,nan,nan,nan,0.0000,0,5,0.6000,0.5768,0.3290,0.5768,0.0232,本圈台阶完成,1,0.0000,0.150,0.330
6937.564,SEEK_ROUNDABOUT,45.313,1,3.755,0.4000,0.0000,none,2.752,,,tracking,0.1600,0.0606,1,line_center_tracking,-0.0130,-0.0006,-0.0449,-0.0847,0.9027,7,0,0.6689,0,0.0043,0.0443,0.0399,0.0841,-0.0434,0.0606,IDLE,0,0,step_zone_after_max seek=3.73>3.20,0,0,0.000,0,nan,nan,nan,0.0000,0,5,0.6000,0.5768,0.3290,0.5768,0.0232,本圈台阶完成,1,0.0000,0.150,0.330
6937.709,SEEK_ROUNDABOUT,45.459,1,3.779,0.4000,0.0000,none,2.752,,,tracking,0.1600,0.0239,1,line_center_tracking,0.0113,0.0228,-0.0183,-0.0591,0.9899,8,1,0.9550,0,0.0000,0.0411,0.0408,0.0819,-0.0182,0.0239,IDLE,0,0,step_zone_after_max seek=3.76>3.20,0,0,0.000,0,nan,nan,nan,0.0000,0,5,0.6000,0.5768,0.3290,0.5768,0.0232,本圈台阶完成,1,0.0000,0.150,0.330
6937.846,SEEK_ROUNDABOUT,45.595,1,3.804,0.4000,0.0000,none,2.752,,,tracking,0.1600,0.0002,1,line_center_tracking,0.0220,0.0331,-0.0066,-0.0407,0.9039,7,0,0.5017,0,0.0043,0.0397,0.0341,0.0738,-0.0048,0.0002,IDLE,0,0,step_zone_after_max seek=3.78>3.20,0,0,0.000,0,nan,nan,nan,0.0000,0,5,0.6000,0.5768,0.3290,0.5768,0.0232,本圈台阶完成,1,0.0000,0.150,0.330
6937.985,SEEK_ROUNDABOUT,45.734,1,3.833,0.4000,0.0000,none,2.752,,,tracking,0.1600,-0.0133,1,line_center_tracking,0.0255,0.0362,-0.0018,-0.0363,0.9913,8,1,0.9550,0,0.0043,0.0380,0.0344,0.0724,-0.0006,-0.0133,IDLE,0,0,step_zone_after_max seek=3.80>3.20,0,0,0.000,0,nan,nan,nan,0.0000,0,5,0.6000,0.5768,0.3290,0.5768,0.0232,本圈台阶完成,1,0.0000,0.150,0.330
6938.151,SEEK_ROUNDABOUT,45.901,1,3.860,0.6000,0.0000,none,2.752,,,tracking,0.1600,-0.0169,1,line_center_tracking,0.0201,0.0303,-0.0060,-0.0372,0.9920,8,1,0.9100,0,0.0000,0.0363,0.0312,0.0675,-0.0043,-0.0169,IDLE,0,0,step_zone_after_max seek=3.83>3.20,0,0,0.000,0,nan,nan,nan,0.0000,0,5,0.6000,0.5768,0.3290,0.5768,0.0232,本圈台阶完成,1,0.0000,0.150,0.330
6938.303,SEEK_ROUNDABOUT,46.053,1,3.882,0.6000,0.0000,none,2.752,,,tracking,0.1600,-0.0137,1,line_center_tracking,0.0105,0.0208,-0.0158,-0.0459,0.9921,8,1,0.8939,0,0.0043,0.0366,0.0301,0.0667,-0.0137,-0.0137,IDLE,0,0,step_zone_after_max seek=3.86>3.20,0,0,0.000,0,nan,nan,nan,0.0000,0,5,0.6000,0.5768,0.3290,0.5768,0.0232,本圈台阶完成,1,0.0000,0.150,0.330
6938.461,SEEK_ROUNDABOUT,46.211,1,3.902,0.2000,0.0000,none,2.752,,,tracking,0.1600,-0.0082,1,line_center_tracking,0.0029,0.0134,-0.0242,-0.0547,0.9920,8,1,0.9550,0,0.0129,0.0376,0.0305,0.0681,-0.0218,-0.0082,IDLE,0,0,step_zone_after_max seek=3.88>3.20,0,0,0.000,0,nan,nan,nan,0.0000,0,5,0.6000,0.5768,0.3290,0.5768,0.0232,本圈台阶完成,1,0.0000,0.150,0.330
6938.618,SEEK_ROUNDABOUT,46.367,1,3.918,0.6000,0.0000,none,2.752,,,tracking,0.1600,-0.0032,1,line_center_tracking,-0.0016,0.0137,-0.0407,-0.0620,0.9876,8,1,0.9100,0,0.0043,0.0544,0.0212,0.0756,-0.0297,-0.0032,IDLE,0,0,step_zone_after_max seek=3.90>3.20,0,0,0.000,0,nan,nan,nan,0.0000,0,5,0.6000,0.5768,0.3290,0.5768,0.0232,本圈台阶完成,1,0.0000,0.150,0.330
6938.766,SEEK_ROUNDABOUT,46.516,1,3.929,0.4000,0.0000,none,2.752,,,tracking,0.1600,-0.0056,1,line_center_tracking,0.0067,0.0212,-0.0305,-0.0512,0.9893,8,1,0.8939,0,0.0000,0.0517,0.0207,0.0724,-0.0202,-0.0056,IDLE,0,0,step_zone_after_max seek=3.92>3.20,0,0,0.000,0,nan,nan,nan,0.0000,0,5,0.6000,0.5768,0.3290,0.5768,0.0232,本圈台阶完成,1,0.0000,0.150,0.330
6938.911,SEEK_ROUNDABOUT,46.661,1,3.941,0.2000,0.0000,none,2.752,,,tracking,0.1600,-0.0069,1,line_center_tracking,0.0075,0.0188,-0.0213,-0.0481,0.9918,8,1,0.9839,0,0.0086,0.0401,0.0267,0.0668,-0.0169,-0.0069,IDLE,0,0,step_zone_after_max seek=3.93>3.20,0,0,0.000,0,nan,nan,nan,0.0000,0,5,0.6000,0.5768,0.3290,0.5768,0.0232,本圈台阶完成,1,0.0000,0.150,0.330
6939.067,SEEK_ROUNDABOUT,46.817,1,3.948,0.2000,0.0000,none,2.752,,,tracking,0.1600,-0.0057,1,line_center_tracking,0.0044,0.0142,-0.0207,-0.0498,0.9923,8,1,0.9389,0,0.0301,0.0349,0.0291,0.0640,-0.0188,-0.0057,IDLE,0,0,step_zone_after_max seek=3.94>3.20,0,0,0.000,0,nan,nan,nan,0.0000,0,5,0.6000,0.5768,0.3290,0.5768,0.0232,本圈台阶完成,1,0.0000,0.150,0.330
6939.216,SEEK_ROUNDABOUT,46.966,1,3.958,0.6000,0.0000,none,2.752,,,tracking,0.1600,-0.0019,1,line_center_tracking,-0.0014,0.0083,-0.0263,-0.0560,0.9050,7,1,0.9389,0,0.0086,0.0345,0.0298,0.0643,-0.0247,-0.0019,IDLE,0,0,step_zone_after_max seek=3.95>3.20,0,0,0.000,0,nan,nan,nan,0.0000,0,5,0.6000,0.5768,0.3290,0.5768,0.0232,本圈台阶完成,1,0.0000,0.150,0.330
6939.359,SEEK_ROUNDABOUT,47.109,1,3.967,0.8000,0.3500,none,2.752,,,tracking,0.1600,0.0002,1,line_center_tracking,-0.0022,0.0122,-0.0391,-0.0507,0.8136,6,1,0.6528,0,0.0172,0.0513,0.0116,0.0629,-0.0259,0.0002,IDLE,0,0,step_zone_after_max seek=3.96>3.20,0,0,0.000,0,nan,nan,nan,0.0000,0,5,0.6000,0.5768,0.3290,0.5768,0.0232,本圈台阶完成,1,0.0000,0.150,0.330
6939.496,SEEK_ROUNDABOUT,47.246,1,3.974,0.2000,0.0500,none,2.752,,,tracking,0.1600,0.0075,1,line_center_tracking,-0.0130,-0.0020,-0.0412,-0.0679,0.9921,8,1,1.0000,0,0.0129,0.0392,0.0268,0.0659,-0.0370,0.0075,IDLE,0,0,step_zone_after_max seek=3.97>3.20,0,0,0.000,0,nan,nan,nan,0.0000,0,5,0.6000,0.5768,0.3290,0.5768,0.0232,本圈台阶完成,1,0.0000,0.150,0.330
6939.648,SEEK_ROUNDABOUT,47.398,1,3.984,0.4000,0.0000,none,2.752,,,tracking,0.1600,0.0083,1,line_center_tracking,-0.0091,0.0089,-0.0551,-0.0724,0.9872,8,1,1.0000,0,0.0043,0.0640,0.0172,0.0812,-0.0396,0.0083,IDLE,0,0,step_zone_after_max seek=3.97>3.20,0,0,0.000,0,nan,nan,nan,0.0000,0,5,0.6000,0.5768,0.3290,0.5768,0.0232,本圈台阶完成,1,0.0000,0.150,0.330
6939.797,SEEK_ROUNDABOUT,47.547,1,3.993,0.6000,0.0000,none,2.752,,,tracking,0.1600,0.0135,1,line_center_tracking,-0.0169,-0.0055,-0.0461,-0.0720,0.9919,8,1,1.0000,0,0.0086,0.0406,0.0259,0.0665,-0.0412,0.0135,IDLE,0,0,step_zone_after_max seek=3.98>3.20,0,0,0.000,0,nan,nan,nan,0.0000,0,5,0.6000,0.5768,0.3290,0.5768,0.0232,本圈台阶完成,1,0.0000,0.150,0.330
6939.950,SEEK_ROUNDABOUT,47.700,1,4.002,0.4000,0.0000,none,2.752,,,tracking,0.1600,0.0242,1,line_center_tracking,-0.0315,-0.0268,-0.0434,-0.0816,0.9043,7,1,0.9389,0,0.0043,0.0165,0.0383,0.0548,-0.0506,0.0242,IDLE,0,0,step_zone_after_max seek=3.99>3.20,0,0,0.000,0,nan,nan,nan,0.0000,0,5,0.6000,0.5768,0.3290,0.5768,0.0232,本圈台阶完成,1,0.0000,0.150,0.330
6940.096,SEEK_ROUNDABOUT,47.845,1,4.011,0.6000,0.0000,none,2.752,,,tracking,0.1600,0.0231,1,line_center_tracking,-0.0214,-0.0092,-0.0526,-0.0784,0.9851,8,1,0.8039,0,0.0043,0.0433,0.0259,0.0692,-0.0468,0.0231,IDLE,0,0,step_zone_after_max seek=4.00>3.20,0,0,0.000,0,nan,nan,nan,0.0000,0,5,0.6000,0.5768,0.3290,0.5768,0.0232,本圈台阶完成,1,0.0000,0.150,0.330
6940.246,SEEK_ROUNDABOUT,47.996,1,4.023,0.7743,0.0000,none,2.752,,,tracking,0.1600,0.0178,1,line_center_tracking,-0.0121,-0.0102,-0.0170,-0.0506,0.9670,8,1,0.9389,0,0.0086,0.0068,0.0335,0.0404,-0.0259,0.0178,IDLE,0,0,step_zone_after_max seek=4.01>3.20,0,0,0.000,0,nan,nan,nan,0.0000,0,5,0.6000,0.5768,0.3290,0.5768,0.0232,本圈台阶完成,1,0.0000,0.150,0.330
6940.394,SEEK_ROUNDABOUT,48.144,1,4.039,0.4000,0.0000,none,2.752,,,tracking,0.1600,0.0168,1,line_center_tracking,-0.0143,-0.0069,-0.0334,-0.0606,0.9910,8,1,1.0000,0,0.0516,0.0264,0.0272,0.0537,-0.0336,0.0168,IDLE,0,0,step_zone_after_max seek=4.02>3.20,0,0,0.000,0,nan,nan,nan,0.0000,0,5,0.6000,0.5768,0.3290,0.5768,0.0232,本圈台阶完成,1,0.0000,0.150,0.330
6940.552,SEEK_ROUNDABOUT,48.302,1,4.056,0.4000,0.0000,none,2.752,,,tracking,0.1600,0.0184,1,line_center_tracking,-0.0182,-0.0081,-0.0440,-0.0616,0.9896,8,1,1.0000,0,0.0086,0.0359,0.0176,0.0535,-0.0379,0.0184,IDLE,0,0,step_zone_after_max seek=4.04>3.20,0,0,0.000,0,nan,nan,nan,0.0000,0,5,0.6000,0.5768,0.3290,0.5768,0.0232,本圈台阶完成,1,0.0000,0.150,0.330
6940.695,SEEK_ROUNDABOUT,48.445,1,4.077,0.4000,0.0000,none,2.752,,,tracking,0.1600,0.0211,1,line_center_tracking,-0.0219,-0.0165,-0.0357,-0.0605,0.9056,7,1,1.0000,0,0.0086,0.0192,0.0248,0.0440,-0.0375,0.0211,IDLE,0,0,step_zone_after_max seek=4.06>3.20,0,0,0.000,0,nan,nan,nan,0.0000,0,5,0.6000,0.5768,0.3290,0.5768,0.0232,本圈台阶完成,1,0.0000,0.150,0.330
6940.840,SEEK_ROUNDABOUT,48.590,1,4.103,0.6000,0.0000,none,2.752,,,tracking,0.1600,0.0183,1,line_center_tracking,-0.0150,-0.0045,-0.0419,-0.0584,0.8980,7,1,1.0000,0,0.0043,0.0374,0.0165,0.0540,-0.0349,0.0183,IDLE,0,0,step_zone_after_max seek=4.08>3.20,0,0,0.000,0,nan,nan,nan,0.0000,0,5,0.6000,0.5768,0.3290,0.5768,0.0232,本圈台阶完成,1,0.0000,0.150,0.330
6940.982,SEEK_ROUNDABOUT,48.732,1,4.127,0.4000,0.0000,none,2.752,,,tracking,0.1600,0.0110,1,line_center_tracking,-0.0041,0.0096,-0.0392,-0.0493,0.8159,6,1,0.9100,0,0.0086,0.0487,0.0102,0.0589,-0.0263,0.0110,IDLE,0,0,step_zone_after_max seek=4.10>3.20,0,0,0.000,0,nan,nan,nan,0.0000,0,5,0.6000,0.5768,0.3290,0.5768,0.0232,本圈台阶完成,1,0.0000,0.150,0.330
6941.130,SEEK_ROUNDABOUT,48.879,1,4.155,0.6000,0.0000,none,2.752,,,tracking,0.1600,0.0078,1,line_center_tracking,-0.0040,0.0086,-0.0363,-0.0553,0.9915,8,1,0.8811,0,0.0387,0.0449,0.0190,0.0639,-0.0277,0.0078,IDLE,0,0,step_zone_after_max seek=4.13>3.20,0,0,0.000,0,nan,nan,nan,0.0000,0,5,0.6000,0.5768,0.3290,0.5768,0.0232,本圈台阶完成,1,0.0000,0.150,0.330
6941.285,SEEK_ROUNDABOUT,49.035,1,4.189,0.4000,0.0000,none,2.752,,,tracking,0.1600,0.0125,1,line_center_tracking,-0.0152,-0.0119,-0.0234,-0.0601,0.9002,7,0,0.6850,0,0.0086,0.0115,0.0367,0.0482,-0.0318,0.0125,IDLE,0,0,step_zone_after_max seek=4.16>3.20,0,0,0.000,0,nan,nan,nan,0.0000,0,5,0.6000,0.5768,0.3290,0.5768,0.0232,本圈台阶完成,1,0.0000,0.150,0.330
6941.435,SEEK_ROUNDABOUT,49.184,1,4.221,0.4000,0.0000,none,2.752,,,tracking,0.1600,0.0143,1,line_center_tracking,-0.0150,-0.0094,-0.0294,-0.0508,0.9946,8,0,0.0000,0,0.0043,0.0200,0.0214,0.0414,-0.0299,0.0143,IDLE,0,0,step_zone_after_max seek=4.19>3.20,0,0,0.000,0,nan,nan,nan,0.0000,0,5,0.6000,0.5768,0.3290,0.5768,0.0232,本圈台阶完成,1,0.0000,0.150,0.330
6941.586,SEEK_ROUNDABOUT,49.335,1,4.257,0.4000,0.0000,none,2.752,,,tracking,0.1600,0.0152,1,line_center_tracking,-0.0149,-0.0089,-0.0304,-0.0494,0.9953,8,0,0.0000,0,0.0000,0.0215,0.0190,0.0405,-0.0295,0.0152,IDLE,0,0,step_zone_after_max seek=4.22>3.20,0,0,0.000,0,nan,nan,nan,0.0000,0,5,0.6000,0.5768,0.3290,0.5768,0.0232,本圈台阶完成,1,0.0000,0.150,0.330
6941.734,SEEK_ROUNDABOUT,49.484,1,4.293,0.0000,0.0000,none,2.752,,,tracking,0.1600,0.0145,1,line_center_tracking,-0.0129,-0.0077,-0.0264,-0.0445,0.9079,7,0,0.0000,0,0.0000,0.0187,0.0181,0.0369,-0.0262,0.0145,IDLE,0,0,step_zone_after_max seek=4.26>3.20,0,0,0.000,0,nan,nan,nan,0.0000,0,5,0.6000,0.5768,0.3290,0.5768,0.0232,本圈台阶完成,1,0.0000,0.150,0.330
6941.896,SEEK_ROUNDABOUT,49.646,1,4.332,0.0000,0.0000,none,2.752,,,tracking,0.1600,0.0154,1,line_center_tracking,-0.0149,-0.0092,-0.0296,-0.0460,0.9958,8,0,0.0000,0,0.0000,0.0205,0.0163,0.0368,-0.0283,0.0154,IDLE,0,0,step_zone_after_max seek=4.29>3.20,0,0,0.000,0,nan,nan,nan,0.0000,0,5,0.6000,0.5768,0.3290,0.5768,0.0232,本圈台阶完成,1,0.0000,0.150,0.330
6942.058,SEEK_ROUNDABOUT,49.807,1,4.396,0.0000,0.0000,none,2.752,,,tracking,0.1600,0.0168,1,line_center_tracking,-0.0167,-0.0117,-0.0296,-0.0460,0.9962,8,0,0.0000,0,0.0000,0.0179,0.0164,0.0342,-0.0291,0.0168,IDLE,0,0,step_zone_after_max seek=4.33>3.20,0,0,0.000,0,nan,nan,nan,0.0000,0,5,0.6000,0.5768,0.3290,0.5768,0.0232,本圈台阶完成,1,0.0000,0.150,0.330
6942.195,SEEK_ROUNDABOUT,49.945,1,4.433,0.0000,0.0000,none,2.752,,,tracking,0.1600,0.0171,1,line_center_tracking,-0.0163,-0.0112,-0.0293,-0.0448,0.9961,8,0,0.0000,0,0.0000,0.0180,0.0155,0.0335,-0.0284,0.0171,IDLE,0,0,step_zone_after_max seek=4.40>3.20,0,0,0.000,0,nan,nan,nan,0.0000,0,5,0.6000,0.5768,0.3290,0.5768,0.0232,本圈台阶完成,1,0.0000,0.150,0.330
6942.327,SEEK_ROUNDABOUT,50.077,1,4.470,0.0000,0.0000,none,2.752,,,tracking,0.1600,0.0155,1,line_center_tracking,-0.0131,-0.0085,-0.0248,-0.0395,0.9963,8,0,0.0000,0,0.0043,0.0163,0.0147,0.0310,-0.0243,0.0155,IDLE,0,0,step_zone_after_max seek=4.43>3.20,0,0,0.000,0,nan,nan,nan,0.0000,0,5,0.6000,0.5768,0.3290,0.5768,0.0232,本圈台阶完成,1,0.0000,0.150,0.330
6942.459,SEEK_ROUNDABOUT,50.209,1,4.509,0.0000,0.0000,none,2.752,,,tracking,0.1600,0.0116,1,line_center_tracking,-0.0075,-0.0030,-0.0192,-0.0342,0.9964,8,0,0.0000,0,0.7278,0.0162,0.0150,0.0312,-0.0188,0.0116,IDLE,0,0,step_zone_after_max seek=4.47>3.20,0,0,0.000,0,nan,nan,nan,0.0000,0,5,0.6000,0.5768,0.3290,0.5768,0.0232,本圈台阶完成,1,0.0000,0.150,0.330
6942.590,SEEK_ROUNDABOUT,50.340,1,4.539,0.0000,0.0000,none,2.752,,,tracking,0.1600,0.0082,1,line_center_tracking,-0.0045,0.0003,-0.0170,-0.0306,0.9085,7,0,0.0000,0,0.7407,0.0173,0.0136,0.0309,-0.0157,0.0082,IDLE,0,0,step_zone_after_max seek=4.51>3.20,0,0,0.000,0,nan,nan,nan,0.0000,0,5,0.6000,0.5768,0.3290,0.5768,0.0232,本圈台阶完成,1,0.0000,0.150,0.330
6942.727,SEEK_ROUNDABOUT,50.477,1,4.576,0.0000,0.0000,none,2.752,,,tracking,0.1600,0.0052,1,line_center_tracking,-0.0022,0.0024,-0.0141,-0.0280,0.9088,7,0,0.0000,0,0.7579,0.0165,0.0139,0.0304,-0.0132,0.0052,IDLE,0,0,step_zone_after_max seek=4.54>3.20,0,0,0.000,0,nan,nan,nan,0.0000,0,5,0.6000,0.5768,0.3290,0.5768,0.0232,本圈台阶完成,1,0.0000,0.150,0.330
6942.860,SEEK_ROUNDABOUT,50.610,1,4.608,0.0000,0.0000,none,2.752,,,tracking,0.1600,0.0033,1,line_center_tracking,-0.0012,0.0031,-0.0122,-0.0285,0.9089,7,0,0.0000,0,0.7665,0.0152,0.0163,0.0316,-0.0125,0.0033,IDLE,0,0,step_zone_after_max seek=4.58>3.20,0,0,0.000,0,nan,nan,nan,0.0000,0,5,0.6000,0.5768,0.3290,0.5768,0.0232,本圈台阶完成,1,0.0000,0.150,0.330
6942.992,SEEK_ROUNDABOUT,50.742,1,4.626,0.0000,0.0000,none,2.752,,,tracking,0.1600,0.0023,1,line_center_tracking,-0.0011,0.0031,-0.0119,-0.0267,0.9966,8,0,0.0000,1,0.8274,0.0150,0.0148,0.0298,-0.0118,0.0023,IDLE,0,0,step_zone_after_max seek=4.61>3.20,0,0,0.000,0,nan,nan,nan,0.0000,0,5,0.6000,0.5768,0.3290,0.5768,0.0232,本圈台阶完成,1,0.0000,0.150,0.330
6943.127,SEEK_ROUNDABOUT,50.877,1,4.663,0.0000,0.0000,none,2.752,,,tracking,0.1600,-0.0023,1,line_center_tracking,0.0059,0.0145,-0.0163,-0.0273,0.9943,8,0,0.0000,1,0.8360,0.0308,0.0110,0.0418,-0.0097,-0.0023,IDLE,0,0,step_zone_after_max seek=4.63>3.20,0,0,0.000,0,nan,nan,nan,0.0000,0,5,0.6000,0.5768,0.3290,0.5768,0.0232,本圈台阶完成,1,0.0000,0.150,0.330
6943.260,SEEK_ROUNDABOUT,51.010,1,4.679,0.0000,0.0000,none,2.752,,,tracking,0.1600,-0.0004,1,line_center_tracking,-0.0007,0.0048,-0.0148,-0.0277,0.9961,8,0,0.0000,0,0.7966,0.0196,0.0129,0.0325,-0.0126,-0.0004,IDLE,0,0,step_zone_after_max seek=4.66>3.20,0,0,0.000,0,nan,nan,nan,0.0000,0,5,0.6000,0.5768,0.3290,0.5768,0.0232,本圈台阶完成,1,0.0000,0.150,0.330
6943.397,SEEK_ROUNDABOUT,51.147,1,4.714,0.0000,0.0000,none,2.752,,,tracking,0.1600,0.0019,1,line_center_tracking,-0.0037,0.0009,-0.0155,-0.0278,0.9968,8,0,0.0000,1,0.8618,0.0164,0.0123,0.0287,-0.0141,0.0019,IDLE,0,0,step_zone_after_max seek=4.68>3.20,0,0,0.000,0,nan,nan,nan,0.0000,0,5,0.6000,0.5768,0.3290,0.5768,0.0232,本圈台阶完成,1,0.0000,0.150,0.330
6943.532,SEEK_ROUNDABOUT,51.282,1,4.734,0.0000,0.0000,none,2.752,,,tracking,0.1600,0.0024,1,line_center_tracking,-0.0029,0.0009,-0.0128,-0.0292,0.9092,7,0,0.0000,1,0.8618,0.0137,0.0164,0.0301,-0.0137,0.0024,IDLE,0,0,step_zone_after_max seek=4.71>3.20,0,0,0.000,0,nan,nan,nan,0.0000,0,5,0.6000,0.5768,0.3290,0.5768,0.0232,本圈台阶完成,1,0.0000,0.150,0.330
6943.672,SEEK_ROUNDABOUT,51.422,1,4.753,0.0000,0.0000,none,2.752,,,tracking,0.1600,0.0041,1,line_center_tracking,-0.0053,-0.0011,-0.0159,-0.0276,0.9969,8,0,0.0000,1,0.8790,0.0148,0.0117,0.0265,-0.0149,0.0041,IDLE,0,0,step_zone_after_max seek=4.73>3.20,0,0,0.000,0,nan,nan,nan,0.0000,0,5,0.6000,0.5768,0.3290,0.5768,0.0232,本圈台阶完成,1,0.0000,0.150,0.330
6943.815,SEEK_ROUNDABOUT,51.565,1,4.771,0.0000,0.0000,none,2.752,,,tracking,0.1600,0.0058,1,line_center_tracking,-0.0069,-0.0027,-0.0176,-0.0317,0.9967,8,0,0.0000,1,0.8876,0.0149,0.0141,0.0290,-0.0173,0.0058,IDLE,0,0,step_zone_after_max seek=4.75>3.20,0,0,0.000,0,nan,nan,nan,0.0000,0,5,0.6000,0.5768,0.3290,0.5768,0.0232,本圈台阶完成,1,0.0000,0.150,0.330
6943.959,SEEK_ROUNDABOUT,51.709,1,4.788,0.0000,0.0000,none,2.752,,,tracking,0.1600,0.0071,1,line_center_tracking,-0.0079,-0.0037,-0.0185,-0.0327,0.9090,7,0,0.0000,1,0.8919,0.0147,0.0143,0.0290,-0.0183,0.0071,IDLE,0,0,step_zone_after_max seek=4.77>3.20,0,0,0.000,0,nan,nan,nan,0.0000,0,5,0.6000,0.5768,0.3290,0.5768,0.0232,本圈台阶完成,1,0.0000,0.150,0.330
6944.091,SEEK_ROUNDABOUT,51.841,1,4.800,0.0000,0.0000,none,2.752,,,tracking,0.1600,0.0095,1,line_center_tracking,-0.0108,-0.0065,-0.0217,-0.0351,0.9967,8,0,0.0000,1,0.9005,0.0152,0.0134,0.0286,-0.0211,0.0095,IDLE,0,0,step_zone_after_max seek=4.79>3.20,0,0,0.000,0,nan,nan,nan,0.0000,0,5,0.6000,0.5768,0.3290,0.5768,0.0232,本圈台阶完成,1,0.0000,0.150,0.330
6944.225,SEEK_ROUNDABOUT,51.974,1,4.810,0.0000,0.0000,none,2.752,,,tracking,0.1600,0.0102,1,line_center_tracking,-0.0102,-0.0072,-0.0179,-0.0298,0.9936,8,0,0.0000,1,0.9048,0.0107,0.0119,0.0225,-0.0183,0.0102,IDLE,0,0,step_zone_after_max seek=4.80>3.20,0,0,0.000,0,nan,nan,nan,0.0000,0,5,0.6000,0.5768,0.3290,0.5768,0.0232,本圈台阶完成,1,0.0000,0.150,0.330
6944.366,SEEK_ROUNDABOUT,52.116,1,4.815,0.0000,0.0000,none,2.752,,,tracking,0.1600,0.0105,1,line_center_tracking,-0.0101,-0.0058,-0.0210,-0.0331,0.9964,8,0,0.0000,1,0.9134,0.0152,0.0121,0.0273,-0.0200,0.0105,IDLE,0,0,step_zone_after_max seek=4.81>3.20,0,0,0.000,0,nan,nan,nan,0.0000,0,5,0.6000,0.5768,0.3290,0.5768,0.0232,本圈台阶完成,1,0.0000,0.150,0.330
6944.508,SEEK_ROUNDABOUT,52.258,1,4.821,0.0000,0.0000,none,2.752,,,tracking,0.1600,0.0126,1,line_center_tracking,-0.0133,-0.0132,-0.0137,-0.0287,0.9959,8,0,0.0000,1,0.9048,0.0006,0.0149,0.0155,-0.0185,0.0126,IDLE,0,0,step_zone_after_max seek=4.82>3.20,0,0,0.000,0,nan,nan,nan,0.0000,0,5,0.6000,0.5768,0.3290,0.5768,0.0232,本圈台阶完成,1,0.0000,0.150,0.330
6944.644,SEEK_ROUNDABOUT,52.394,1,4.828,0.0000,0.0000,none,2.752,,,tracking,0.1600,0.0085,1,line_center_tracking,-0.0048,-0.0016,-0.0130,-0.0278,0.9967,8,0,0.0000,1,0.9134,0.0114,0.0147,0.0261,-0.0141,0.0085,IDLE,0,0,step_zone_after_max seek=4.82>3.20,0,0,0.000,0,nan,nan,nan,0.0000,0,5,0.6000,0.5768,0.3290,0.5768,0.0232,本圈台阶完成,1,0.0000,0.150,0.330
6944.778,SEEK_ROUNDABOUT,52.528,1,4.838,0.0000,0.0000,none,2.752,,,tracking,0.1600,0.0046,1,line_center_tracking,-0.0009,0.0032,-0.0115,-0.0234,0.9970,8,0,0.0000,1,0.9349,0.0148,0.0118,0.0266,-0.0106,0.0046,IDLE,0,0,step_zone_after_max seek=4.83>3.20,0,0,0.000,0,nan,nan,nan,0.0000,0,5,0.6000,0.5768,0.3290,0.5768,0.0232,本圈台阶完成,1,0.0000,0.150,0.330
6944.915,SEEK_ROUNDABOUT,52.665,1,4.846,0.0000,0.0000,none,2.752,,,tracking,0.1600,-0.0001,1,line_center_tracking,0.0042,0.0082,-0.0060,-0.0201,0.9967,8,0,0.0000,1,0.9829,0.0142,0.0142,0.0283,-0.0060,-0.0001,IDLE,0,0,step_zone_after_max seek=4.84>3.20,0,0,0.000,0,nan,nan,nan,0.0000,0,5,0.6000,0.5768,0.3290,0.5768,0.0232,本圈台阶完成,1,0.0000,0.150,0.330
6945.053,SEEK_ROUNDABOUT,52.803,1,4.857,0.0000,0.0000,none,2.752,,,tracking,0.1600,-0.0041,1,line_center_tracking,0.0074,0.0114,-0.0029,-0.0154,0.9969,8,0,0.0000,1,0.9521,0.0144,0.0125,0.0268,-0.0023,-0.0041,IDLE,0,0,step_zone_after_max seek=4.85>3.20,0,0,0.000,0,nan,nan,nan,0.0000,0,5,0.6000,0.5768,0.3290,0.5768,0.0232,本圈台阶完成,1,0.0000,0.150,0.330
6945.188,SEEK_ROUNDABOUT,52.938,1,4.869,0.0000,0.0000,none,2.752,,,tracking,0.1600,-0.0089,1,line_center_tracking,0.0124,0.0163,0.0021,-0.0101,0.9969,8,0,0.0000,1,1.0000,0.0142,0.0123,0.0265,0.0028,-0.0089,IDLE,0,0,step_zone_after_max seek=4.86>3.20,0,0,0.000,0,nan,nan,nan,0.0000,0,5,0.6000,0.5768,0.3290,0.5768,0.0232,本圈台阶完成,1,0.0000,0.150,0.330
6945.328,SEEK_ROUNDABOUT,53.077,1,4.882,0.0000,0.0000,none,2.752,,,tracking,0.1600,-0.0198,1,line_center_tracking,0.0276,0.0381,0.0004,-0.0061,0.9937,8,0,0.0000,1,0.9650,0.0377,0.0065,0.0442,0.0108,-0.0198,IDLE,0,0,step_zone_after_max seek=4.87>3.20,0,0,0.000,0,nan,nan,nan,0.0000,0,5,0.6000,0.5768,0.3290,0.5768,0.0232,本圈台阶完成,1,0.0000,0.150,0.330
6945.459,SEEK_ROUNDABOUT,53.209,1,4.894,0.0000,0.0000,none,2.752,,,tracking,0.1600,-0.0208,1,line_center_tracking,0.0210,0.0266,0.0065,-0.0035,0.9962,8,0,0.0000,1,1.0000,0.0201,0.0100,0.0301,0.0099,-0.0208,IDLE,0,0,step_zone_after_max seek=4.88>3.20,0,0,0.000,0,nan,nan,nan,0.0000,0,5,0.6000,0.5768,0.3290,0.5768,0.0232,本圈台阶完成,1,0.0000,0.150,0.330
6945.590,SEEK_ROUNDABOUT,53.340,1,4.905,0.0000,0.0000,none,2.752,,,tracking,0.1600,-0.0231,1,line_center_tracking,0.0234,0.0272,0.0137,-0.0037,0.9937,8,0,0.0000,1,1.0000,0.0135,0.0173,0.0309,0.0124,-0.0231,IDLE,0,0,step_zone_after_max seek=4.89>3.20,0,0,0.000,0,nan,nan,nan,0.0000,0,5,0.6000,0.5768,0.3290,0.5768,0.0232,本圈台阶完成,1,0.0000,0.150,0.330
6945.729,SEEK_ROUNDABOUT,53.479,1,4.922,0.0000,0.0000,none,2.752,,,tracking,0.1600,-0.0196,1,line_center_tracking,0.0156,0.0197,0.0051,-0.0078,0.9967,8,0,0.0000,1,1.0000,0.0146,0.0130,0.0276,0.0057,-0.0196,IDLE,0,0,step_zone_after_max seek=4.91>3.20,0,0,0.000,0,nan,nan,nan,0.0000,0,5,0.6000,0.5768,0.3290,0.5768,0.0232,本圈台阶完成,1,0.0000,0.150,0.330
6945.879,SEEK_ROUNDABOUT,53.628,1,4.953,0.0000,0.0000,none,2.752,,,tracking,0.1600,-0.0143,1,line_center_tracking,0.0086,0.0128,-0.0022,-0.0136,0.9969,8,0,0.0000,1,1.0000,0.0150,0.0114,0.0264,-0.0010,-0.0143,IDLE,0,0,step_zone_after_max seek=4.92>3.20,0,0,0.000,0,nan,nan,nan,0.0000,0,5,0.6000,0.5768,0.3290,0.5768,0.0232,本圈台阶完成,1,0.0000,0.150,0.330
6946.015,SEEK_ROUNDABOUT,53.765,1,4.966,0.0000,0.0000,none,2.752,,,tracking,0.1600,-0.0045,1,line_center_tracking,-0.0041,-0.0041,-0.0041,-0.0192,0.9959,8,0,0.0000,1,1.0000,0.0001,0.0152,0.0151,-0.0091,-0.0045,IDLE,0,0,step_zone_after_max seek=4.95>3.20,0,0,0.000,0,nan,nan,nan,0.0000,0,5,0.6000,0.5768,0.3290,0.5768,0.0232,本圈台阶完成,1,0.0000,0.150,0.330
6946.155,SEEK_ROUNDABOUT,53.905,1,4.991,0.0000,0.0000,none,2.752,,,tracking,0.1600,-0.0067,1,line_center_tracking,0.0071,0.0123,-0.0065,-0.0261,0.9041,7,0,0.0000,1,1.0000,0.0188,0.0196,0.0384,-0.0067,-0.0067,IDLE,0,0,step_zone_after_max seek=4.97>3.20,0,0,0.000,0,nan,nan,nan,0.0000,0,5,0.6000,0.5768,0.3290,0.5768,0.0232,本圈台阶完成,1,0.0000,0.150,0.330
6946.299,SEEK_ROUNDABOUT,54.049,1,5.024,0.0000,0.0000,none,2.752,,,tracking,0.1600,0.0013,1,line_center_tracking,-0.0076,-0.0080,-0.0064,-0.0248,0.9936,8,0,0.0000,1,1.0000,0.0016,0.0184,0.0168,-0.0131,0.0013,IDLE,0,0,step_zone_after_max seek=4.99>3.20,0,0,0.000,0,nan,nan,nan,0.0000,0,5,0.6000,0.5768,0.3290,0.5768,0.0232,本圈台阶完成,1,0.0000,0.150,0.330
6946.431,SEEK_ROUNDABOUT,54.181,1,5.046,0.0000,0.0000,none,2.752,,,tracking,0.1600,-0.0053,1,line_center_tracking,0.0094,0.0183,-0.0135,-0.0227,0.9945,8,0,0.0000,1,1.0000,0.0318,0.0092,0.0410,-0.0060,-0.0053,IDLE,0,0,step_zone_after_max seek=5.02>3.20,0,0,0.000,0,nan,nan,nan,0.0000,0,5,0.6000,0.5768,0.3290,0.5768,0.0232,本圈台阶完成,1,0.0000,0.150,0.330
6946.566,SEEK_ROUNDABOUT,54.316,1,5.076,0.0000,0.0000,none,2.752,,,tracking,0.1600,-0.0002,1,line_center_tracking,-0.0032,-0.0040,-0.0012,-0.0165,0.9951,8,0,0.0000,1,1.0000,0.0028,0.0152,0.0124,-0.0072,-0.0002,IDLE,0,0,step_zone_after_max seek=5.05>3.20,0,0,0.000,0,nan,nan,nan,0.0000,0,5,0.6000,0.5768,0.3290,0.5768,0.0232,本圈台阶完成,1,0.0000,0.150,0.330
6946.705,SEEK_ROUNDABOUT,54.455,1,5.104,0.0000,0.0000,none,2.752,,,tracking,0.1600,0.0008,1,line_center_tracking,-0.0020,-0.0031,0.0006,-0.0145,0.9952,8,0,0.0000,1,1.0000,0.0036,0.0151,0.0115,-0.0057,0.0008,IDLE,0,0,step_zone_after_max seek=5.08>3.20,0,0,0.000,0,nan,nan,nan,0.0000,0,5,0.6000,0.5768,0.3290,0.5768,0.0232,本圈台阶完成,1,0.0000,0.150,0.330
6946.836,SEEK_ROUNDABOUT,54.585,1,5.127,0.0000,0.0000,none,2.752,,,tracking,0.1600,-0.0024,1,line_center_tracking,0.0047,0.0078,-0.0032,-0.0151,0.9974,8,0,0.0000,1,1.0000,0.0110,0.0119,0.0228,-0.0035,-0.0024,IDLE,0,0,step_zone_after_max seek=5.10>3.20,0,0,0.000,0,nan,nan,nan,0.0000,0,5,0.6000,0.5768,0.3290,0.5768,0.0232,本圈台阶完成,1,0.0000,0.150,0.330
6946.972,SEEK_ROUNDABOUT,54.721,1,5.160,0.0000,0.0000,none,2.752,,,tracking,0.1600,-0.0042,1,line_center_tracking,0.0055,0.0091,-0.0037,-0.0152,0.9973,8,0,0.0000,1,1.0000,0.0128,0.0115,0.0242,-0.0033,-0.0042,IDLE,0,0,step_zone_after_max seek=5.13>3.20,0,0,0.000,0,nan,nan,nan,0.0000,0,5,0.6000,0.5768,0.3290,0.5768,0.0232,本圈台阶完成,1,0.0000,0.150,0.330
6947.104,SEEK_ROUNDABOUT,54.854,1,5.192,0.0000,0.0000,none,2.752,,,tracking,0.1600,-0.0100,1,line_center_tracking,0.0140,0.0246,-0.0132,-0.0179,0.9935,8,0,0.0000,1,1.0000,0.0379,0.0047,0.0425,-0.0022,-0.0100,IDLE,0,0,step_zone_after_max seek=5.16>3.20,0,0,0.000,0,nan,nan,nan,0.0000,0,5,0.6000,0.5768,0.3290,0.5768,0.0232,本圈台阶完成,1,0.0000,0.150,0.330
6947.244,SEEK_ROUNDABOUT,54.993,1,5.229,0.0000,0.0000,none,2.752,,,tracking,0.1600,-0.0058,1,line_center_tracking,0.0027,0.0079,-0.0108,-0.0207,0.9964,8,0,0.0000,1,1.0000,0.0187,0.0099,0.0286,-0.0079,-0.0058,IDLE,0,0,step_zone_after_max seek=5.19>3.20,0,0,0.000,0,nan,nan,nan,0.0000,0,5,0.6000,0.5768,0.3290,0.5768,0.0232,本圈台阶完成,1,0.0000,0.150,0.330
6947.374,SEEK_ROUNDABOUT,55.124,1,5.263,0.0000,0.0000,none,2.752,,,tracking,0.1600,-0.0009,1,line_center_tracking,-0.0033,0.0008,-0.0139,-0.0235,0.9970,8,0,0.0000,1,1.0000,0.0147,0.0096,0.0243,-0.0122,-0.0009,IDLE,0,0,step_zone_after_max seek=5.23>3.20,0,0,0.000,0,nan,nan,nan,0.0000,0,5,0.6000,0.5768,0.3290,0.5768,0.0232,本圈台阶完成,1,0.0000,0.150,0.330
6947.512,SEEK_ROUNDABOUT,55.261,1,5.299,0.0000,0.0000,none,2.752,,,tracking,0.1600,0.0023,1,line_center_tracking,-0.0052,-0.0030,-0.0108,-0.0263,0.9930,8,0,0.0000,1,1.0000,0.0078,0.0155,0.0233,-0.0133,0.0023,IDLE,0,0,step_zone_after_max seek=5.26>3.20,0,0,0.000,0,nan,nan,nan,0.0000,0,5,0.6000,0.5768,0.3290,0.5768,0.0232,本圈台阶完成,1,0.0000,0.150,0.330
6947.641,SEEK_ROUNDABOUT,55.391,1,5.333,0.0000,0.0000,none,2.752,,,tracking,0.1600,0.0095,1,line_center_tracking,-0.0147,-0.0112,-0.0237,-0.0379,0.9965,8,0,0.0000,1,1.0000,0.0125,0.0142,0.0266,-0.0243,0.0095,IDLE,0,0,step_zone_after_max seek=5.30>3.20,0,0,0.000,0,nan,nan,nan,0.0000,0,5,0.6000,0.5768,0.3290,0.5768,0.0232,本圈台阶完成,1,0.0000,0.150,0.330
6947.784,SEEK_ROUNDABOUT,55.534,1,5.368,0.0000,0.0000,none,2.752,,,tracking,0.1600,0.0173,1,line_center_tracking,-0.0230,-0.0194,-0.0322,-0.0474,0.9964,8,0,0.0000,1,1.0000,0.0129,0.0152,0.0281,-0.0330,0.0173,IDLE,0,0,step_zone_after_max seek=5.33>3.20,0,0,0.000,0,nan,nan,nan,0.0000,0,5,0.6000,0.5768,0.3290,0.5768,0.0232,本圈台阶完成,1,0.0000,0.150,0.330
6947.913,SEEK_ROUNDABOUT,55.663,1,5.395,0.0000,0.0000,none,2.752,,,tracking,0.1600,0.0268,1,line_center_tracking,-0.0330,-0.0314,-0.0371,-0.0562,0.9954,8,0,0.0000,1,1.0000,0.0056,0.0191,0.0248,-0.0416,0.0268,IDLE,0,0,step_zone_after_max seek=5.37>3.20,0,0,0.000,0,nan,nan,nan,0.0000,0,5,0.6000,0.5768,0.3290,0.5768,0.0232,本圈台阶完成,1,0.0000,0.150,0.330
6948.057,SEEK_ROUNDABOUT,55.807,1,5.428,0.0000,0.0000,none,2.752,,,tracking,0.1600,0.0300,1,line_center_tracking,-0.0314,-0.0283,-0.0392,-0.0630,0.9950,8,0,0.0000,1,1.0000,0.0109,0.0238,0.0347,-0.0435,0.0300,IDLE,0,0,step_zone_after_max seek=5.40>3.20,0,0,0.000,0,nan,nan,nan,0.0000,0,5,0.6000,0.5768,0.3290,0.5768,0.0232,本圈台阶完成,1,0.0000,0.150,0.330
6948.191,SEEK_ROUNDABOUT,55.941,1,5.458,0.0000,0.0000,none,2.752,,,tracking,0.1600,0.0268,1,line_center_tracking,-0.0225,-0.0167,-0.0375,-0.0671,0.9917,8,0,0.0000,1,1.0000,0.0207,0.0296,0.0503,-0.0404,0.0268,IDLE,0,0,step_zone_after_max seek=5.43>3.20,0,0,0.000,0,nan,nan,nan,0.0000,0,5,0.6000,0.5768,0.3290,0.5768,0.0232,本圈台阶完成,1,0.0000,0.150,0.330
6948.333,SEEK_ROUNDABOUT,56.083,1,5.485,0.0000,0.0000,none,2.752,,,tracking,0.1600,0.0243,1,line_center_tracking,-0.0203,-0.0168,-0.0294,-0.0667,0.9916,8,0,0.0000,1,1.0000,0.0126,0.0373,0.0499,-0.0376,0.0243,IDLE,0,0,step_zone_after_max seek=5.46>3.20,0,0,0.000,0,nan,nan,nan,0.0000,0,5,0.6000,0.5768,0.3290,0.5768,0.0232,本圈台阶完成,1,0.0000,0.150,0.330
6948.467,SEEK_ROUNDABOUT,56.217,1,5.511,0.0000,0.0000,none,2.752,,,tracking,0.1600,0.0206,1,line_center_tracking,-0.0159,-0.0135,-0.0223,-0.0672,0.9908,8,0,0.0000,0,0.0000,0.0088,0.0449,0.0537,-0.0343,0.0206,IDLE,0,0,step_zone_after_max seek=5.49>3.20,0,0,0.000,0,nan,nan,nan,0.0000,0,5,0.6000,0.5768,0.3290,0.5768,0.0232,本圈台阶完成,1,0.0000,0.150,0.330
6948.601,SEEK_ROUNDABOUT,56.350,1,5.533,0.0000,0.0000,none,2.752,,,tracking,0.1600,0.0168,1,line_center_tracking,-0.0121,-0.0091,-0.0198,-0.0616,0.9912,8,0,0.0000,0,0.0000,0.0106,0.0418,0.0525,-0.0302,0.0168,IDLE,0,0,step_zone_after_max seek=5.51>3.20,0,0,0.000,0,nan,nan,nan,0.0000,0,5,0.6000,0.5768,0.3290,0.5768,0.0232,本圈台阶完成,1,0.0000,0.150,0.330
6948.752,SEEK_ROUNDABOUT,56.502,1,5.564,0.0000,0.0000,none,2.752,,,tracking,0.1600,0.0105,1,line_center_tracking,-0.0043,-0.0019,-0.0105,-0.0745,0.9872,8,0,0.0000,0,0.0000,0.0086,0.0640,0.0726,-0.0290,0.0105,IDLE,0,0,step_zone_after_max seek=5.53>3.20,0,0,0.000,0,nan,nan,nan,0.0000,0,5,0.6000,0.5768,0.3290,0.5768,0.0232,本圈台阶完成,1,0.0000,0.150,0.330
6948.886,SEEK_ROUNDABOUT,56.636,1,5.594,0.0000,0.0000,none,2.752,,,tracking,0.1600,0.0078,1,line_center_tracking,-0.0045,-0.0016,-0.0121,-0.0362,0.9084,7,0,0.0000,0,0.0000,0.0105,0.0241,0.0346,-0.0166,0.0078,IDLE,0,0,step_zone_after_max seek=5.56>3.20,0,0,0.000,0,nan,nan,nan,0.0000,0,5,0.6000,0.5768,0.3290,0.5768,0.0232,本圈台阶完成,1,0.0000,0.150,0.330
6949.031,SEEK_ROUNDABOUT,56.780,1,5.616,0.0000,0.0000,none,2.752,,,tracking,0.1600,0.0029,1,line_center_tracking,0.0015,0.0037,-0.0043,-0.0891,0.9834,8,0,0.0000,0,0.0000,0.0080,0.0848,0.0928,-0.0299,0.0029,IDLE,0,0,step_zone_after_max seek=5.59>3.20,0,0,0.000,0,nan,nan,nan,0.0000,0,5,0.6000,0.5768,0.3290,0.5768,0.0232,本圈台阶完成,1,0.0000,0.150,0.330
6949.168,SEEK_ROUNDABOUT,56.918,1,5.635,0.0000,0.0000,none,2.752,,,tracking,0.1600,0.0017,1,line_center_tracking,-0.0001,0.0022,-0.0058,-0.1034,0.9811,8,0,0.0000,0,0.0000,0.0080,0.0976,0.1055,-0.0357,0.0017,IDLE,0,0,step_zone_after_max seek=5.62>3.20,0,0,0.000,0,nan,nan,nan,0.0000,0,5,0.6000,0.5768,0.3290,0.5768,0.0232,本圈台阶完成,1,0.0000,0.150,0.330
6949.302,SEEK_ROUNDABOUT,57.052,1,5.654,0.0000,0.0000,none,2.752,,,tracking,0.1600,0.0035,1,line_center_tracking,-0.0045,-0.0021,-0.0105,-0.1127,0.9808,8,0,0.0000,0,0.0000,0.0084,0.1022,0.1106,-0.0418,0.0035,IDLE,0,0,step_zone_after_max seek=5.64>3.20,0,0,0.000,0,nan,nan,nan,0.0000,0,5,0.6000,0.5768,0.3290,0.5768,0.0232,本圈台阶完成,1,0.0000,0.150,0.330
6949.438,SEEK_ROUNDABOUT,57.188,1,5.670,0.0000,0.0000,none,2.752,,,tracking,0.1600,0.0057,1,line_center_tracking,-0.0073,-0.0049,-0.0133,-0.1381,0.9764,8,0,0.0000,0,0.0000,0.0084,0.1247,0.1331,-0.0521,0.0057,IDLE,0,0,step_zone_after_max seek=5.65>3.20,0,0,0.000,0,nan,nan,nan,0.0000,0,5,0.6000,0.5768,0.3290,0.5768,0.0232,本圈台阶完成,1,0.0000,0.150,0.330
6949.576,SEEK_ROUNDABOUT,57.325,1,5.680,0.0000,0.0000,none,2.752,,,tracking,0.1600,0.0079,1,line_center_tracking,-0.0093,-0.0070,-0.0152,-0.1403,0.9767,8,0,0.0000,0,0.0000,0.0083,0.1251,0.1334,-0.0542,0.0079,IDLE,0,0,step_zone_after_max seek=5.67>3.20,0,0,0.000,0,nan,nan,nan,0.0000,0,5,0.6000,0.5768,0.3290,0.5768,0.0232,本圈台阶完成,1,0.0000,0.150,0.330
6949.712,SEEK_ROUNDABOUT,57.462,1,5.693,0.0000,0.0000,none,2.752,,,tracking,0.1600,0.0064,1,line_center_tracking,-0.0049,-0.0030,-0.0099,-0.1410,0.9755,8,0,0.0000,0,0.0000,0.0069,0.1312,0.1380,-0.0513,0.0064,IDLE,0,0,step_zone_after_max seek=5.68>3.20,0,0,0.000,0,nan,nan,nan,0.0000,0,5,0.6000,0.5768,0.3290,0.5768,0.0232,本圈台阶完成,1,0.0000,0.150,0.330
6949.841,SEEK_ROUNDABOUT,57.591,1,5.700,0.0000,0.0000,none,2.752,,,tracking,0.1600,0.0082,1,line_center_tracking,-0.0088,-0.0061,-0.0158,-0.1290,0.9789,8,0,0.0000,0,0.0000,0.0096,0.1132,0.1228,-0.0503,0.0082,IDLE,0,0,step_zone_after_max seek=5.69>3.20,0,0,0.000,0,nan,nan,nan,0.0000,0,5,0.6000,0.5768,0.3290,0.5768,0.0232,本圈台阶完成,1,0.0000,0.150,0.330
6949.977,SEEK_ROUNDABOUT,57.727,1,5.708,0.0000,0.0000,none,2.752,,,tracking,0.1600,0.0075,1,line_center_tracking,-0.0066,-0.0037,-0.0143,-0.1382,0.9769,8,0,0.0000,0,0.0000,0.0106,0.1239,0.1345,-0.0520,0.0075,IDLE,0,0,step_zone_after_max seek=5.70>3.20,0,0,0.000,0,nan,nan,nan,0.0000,0,5,0.6000,0.5768,0.3290,0.5768,0.0232,本圈台阶完成,1,0.0000,0.150,0.330
6950.114,SEEK_ROUNDABOUT,57.864,1,5.715,0.0000,0.0000,none,2.752,,,tracking,0.1600,0.0056,1,line_center_tracking,-0.0036,-0.0006,-0.0115,-0.1412,0.9758,8,0,0.0000,0,0.0000,0.0109,0.1297,0.1406,-0.0511,0.0056,IDLE,0,0,step_zone_after_max seek=5.71>3.20,0,0,0.000,0,nan,nan,nan,0.0000,0,5,0.6000,0.5768,0.3290,0.5768,0.0232,本圈台阶完成,1,0.0000,0.150,0.330
6950.265,SEEK_ROUNDABOUT,58.015,1,5.726,0.0000,0.0000,none,2.752,,,tracking,0.1600,0.0099,1,line_center_tracking,-0.0124,-0.0072,-0.0260,-0.0792,0.8149,6,0,0.0000,0,0.0000,0.0188,0.0532,0.0720,-0.0374,0.0099,IDLE,0,0,step_zone_after_max seek=5.72>3.20,0,0,0.000,0,nan,nan,nan,0.0000,0,5,0.6000,0.5768,0.3290,0.5768,0.0232,本圈台阶完成,1,0.0000,0.150,0.330
6950.407,SEEK_ROUNDABOUT,58.156,1,5.734,0.0000,0.0000,none,2.752,,,tracking,0.1600,0.0046,1,line_center_tracking,-0.0004,0.0028,-0.0088,-0.1422,0.9753,8,0,0.0000,0,0.0000,0.0116,0.1335,0.1451,-0.0494,0.0046,IDLE,0,0,step_zone_after_max seek=5.73>3.20,0,0,0.000,0,nan,nan,nan,0.0000,0,5,0.6000,0.5768,0.3290,0.5768,0.0232,本圈台阶完成,1,0.0000,0.150,0.330
6950.545,SEEK_ROUNDABOUT,58.295,1,5.741,0.0000,0.0000,none,2.752,,,tracking,0.1600,-0.0004,1,line_center_tracking,0.0049,0.0085,-0.0044,-0.1457,0.9741,8,0,0.0000,0,0.0000,0.0129,0.1412,0.1541,-0.0472,-0.0004,IDLE,0,0,step_zone_after_max seek=5.73>3.20,0,0,0.000,0,nan,nan,nan,0.0000,0,5,0.6000,0.5768,0.3290,0.5768,0.0232,本圈台阶完成,1,0.0000,0.150,0.330
6950.681,SEEK_ROUNDABOUT,58.431,1,5.751,0.0000,0.0000,none,2.752,,,tracking,0.1600,-0.0110,1,line_curve_center_riding,0.0190,0.0195,0.0101,-0.1445,0.9689,8,0,0.0000,0,0.0000,0.0095,0.1546,0.1640,-0.0383,-0.0110,IDLE,0,0,step_zone_after_max seek=5.74>3.20,0,0,0.000,0,nan,nan,nan,0.0000,0,5,0.6000,0.5768,0.3290,0.5768,0.0232,本圈台阶完成,1,0.0000,0.150,0.330
6950.824,SEEK_ROUNDABOUT,58.574,1,5.762,0.0000,0.0000,none,2.752,,,tracking,0.1600,-0.0226,1,line_curve_center_riding,0.0312,0.0324,0.0121,-0.1660,0.8852,7,0,0.0000,0,0.0000,0.0204,0.1781,0.1985,-0.0405,-0.0226,IDLE,0,0,step_zone_after_max seek=5.75>3.20,0,0,0.000,0,nan,nan,nan,0.0000,0,5,0.6000,0.5768,0.3290,0.5768,0.0232,本圈台阶完成,1,0.0000,0.150,0.330
6950.954,SEEK_ROUNDABOUT,58.704,1,5.771,0.0000,0.0000,none,2.752,,,tracking,0.1600,-0.0175,1,line_curve_center_riding,0.0132,0.0143,-0.0032,-0.1608,0.9718,8,0,0.0000,0,0.0000,0.0175,0.1576,0.1751,-0.0499,-0.0175,IDLE,0,0,step_zone_after_max seek=5.76>3.20,0,0,0.000,0,nan,nan,nan,0.0000,0,5,0.6000,0.5768,0.3290,0.5768,0.0232,本圈台阶完成,1,0.0000,0.150,0.330
6951.087,SEEK_ROUNDABOUT,58.837,1,5.787,0.0000,0.0000,none,2.752,,,tracking,0.1600,-0.0205,1,line_curve_center_riding,0.0210,0.0221,0.0044,-0.1738,0.9683,8,0,0.0000,0,0.0000,0.0177,0.1782,0.1959,-0.0491,-0.0205,IDLE,0,0,step_zone_after_max seek=5.77>3.20,0,0,0.000,0,nan,nan,nan,0.0000,0,5,0.6000,0.5768,0.3290,0.5768,0.0232,本圈台阶完成,1,0.0000,0.150,0.330
6951.224,SEEK_ROUNDABOUT,58.974,1,5.801,0.0000,0.0000,none,2.752,,,tracking,0.1600,-0.0237,1,line_curve_center_riding,0.0247,0.0259,0.0049,-0.1898,0.9654,8,0,0.0000,0,0.0000,0.0210,0.1947,0.2157,-0.0530,-0.0237,IDLE,0,0,step_zone_after_max seek=5.79>3.20,0,0,0.000,0,nan,nan,nan,0.0000,0,5,0.6000,0.5768,0.3290,0.5768,0.0232,本圈台阶完成,1,0.0000,0.150,0.330
6951.354,SEEK_ROUNDABOUT,59.104,1,5.816,0.0000,0.0000,none,2.752,,,tracking,0.1600,-0.0326,1,line_curve_center_riding,0.0375,0.0389,0.0161,-0.2074,0.9600,8,0,0.0000,0,0.0000,0.0228,0.2235,0.2463,-0.0508,-0.0326,IDLE,0,0,step_zone_after_max seek=5.80>3.20,0,0,0.000,0,nan,nan,nan,0.0000,0,5,0.6000,0.5768,0.3290,0.5768,0.0232,本圈台阶完成,1,0.0000,0.150,0.330
6951.488,SEEK_ROUNDABOUT,59.237,1,5.831,0.0000,0.0000,none,2.752,,,tracking,0.1600,-0.0305,1,line_curve_center_riding,0.0275,0.0293,-0.0010,-0.2197,0.9625,8,0,0.0000,0,0.0000,0.0303,0.2187,0.2490,-0.0638,-0.0305,IDLE,0,0,step_zone_after_max seek=5.82>3.20,0,0,0.000,0,nan,nan,nan,0.0000,0,5,0.6000,0.5768,0.3290,0.5768,0.0232,本圈台阶完成,1,0.0000,0.150,0.330
6951.630,SEEK_ROUNDABOUT,59.380,1,5.855,0.0000,0.0000,none,2.752,,,tracking,0.1600,-0.0082,1,line_curve_center_riding,-0.0104,-0.0079,-0.0499,-0.2250,0.8886,7,0,0.0000,0,0.0000,0.0420,0.1751,0.2172,-0.0943,-0.0082,IDLE,0,0,step_zone_after_max seek=5.83>3.20,0,0,0.000,0,nan,nan,nan,0.0000,0,5,0.6000,0.5768,0.3290,0.5768,0.0232,本圈台阶完成,1,0.0000,0.150,0.330
6951.760,SEEK_ROUNDABOUT,59.509,1,5.881,0.0000,0.0000,none,2.752,,,tracking,0.1600,-0.0363,1,line_curve_center_riding,0.0537,0.0563,0.0136,-0.2673,0.9527,8,0,0.0000,0,0.0000,0.0427,0.2808,0.3236,-0.0658,-0.0363,IDLE,0,0,step_zone_after_max seek=5.86>3.20,0,0,0.000,0,nan,nan,nan,0.0000,0,5,0.6000,0.5768,0.3290,0.5768,0.0232,本圈台阶完成,1,0.0000,0.150,0.330
6951.898,SEEK_ROUNDABOUT,59.647,1,5.906,0.0000,0.0000,none,2.752,,,tracking,0.1450,-0.0685,1,line_curve_center_riding,0.0915,0.0946,0.0418,-0.3087,0.9411,8,0,0.0000,0,0.0043,0.0528,0.3505,0.4034,-0.0574,-0.0685,IDLE,0,0,step_zone_after_max seek=5.88>3.20,0,0,0.000,0,nan,nan,nan,0.0000,0,5,0.6000,0.5768,0.3290,0.5768,0.0232,本圈台阶完成,1,0.0000,0.150,0.330
6952.033,SEEK_ROUNDABOUT,59.783,1,5.927,0.0000,0.0000,none,2.752,,,tracking,0.1600,-0.0600,1,line_curve_center_riding,0.0518,0.0565,-0.0206,-0.3342,0.8696,7,0,0.0000,0,0.0000,0.0771,0.3136,0.3907,-0.0995,-0.0600,IDLE,0,0,step_zone_after_max seek=5.91>3.20,0,0,0.000,0,nan,nan,nan,0.0000,0,5,0.6000,0.5768,0.3290,0.5768,0.0232,本圈台阶完成,1,0.0000,0.150,0.330
6952.173,SEEK_ROUNDABOUT,59.923,1,5.955,0.0000,0.0000,none,2.752,,,tracking,0.1600,-0.0500,1,line_curve_center_riding,0.0378,0.0434,-0.0495,-0.3726,0.8693,7,0,0.0000,0,0.0000,0.0929,0.3231,0.4160,-0.1262,-0.0500,IDLE,0,0,step_zone_after_max seek=5.93>3.20,0,0,0.000,0,nan,nan,nan,0.0000,0,5,0.6000,0.5768,0.3290,0.5768,0.0232,本圈台阶完成,1,0.0000,0.150,0.330
6952.320,SEEK_ROUNDABOUT,60.069,1,5.987,0.0000,0.0000,none,2.752,,,tracking,0.1450,-0.0572,1,line_curve_center_riding,0.0579,0.0654,-0.0586,-0.4452,0.7750,6,0,0.0000,0,0.0043,0.1240,0.3865,0.5105,-0.1462,-0.0572,IDLE,0,0,step_zone_after_max seek=5.96>3.20,0,0,0.000,0,nan,nan,nan,0.0000,0,5,0.6000,0.5768,0.3290,0.5768,0.0232,本圈台阶完成,1,0.0000,0.150,0.330
6952.460,SEEK_ROUNDABOUT,60.210,1,6.015,0.0000,0.0000,none,2.752,,,tracking,0.1450,-0.0469,1,line_curve_center_riding,0.0358,0.0451,-0.1105,-0.5766,0.8471,7,0,0.0000,0,0.0000,0.1556,0.4661,0.6217,-0.2140,-0.0469,IDLE,0,0,step_zone_after_max seek=5.99>3.20,0,0,0.000,0,nan,nan,nan,0.0000,0,5,0.6000,0.5768,0.3290,0.5768,0.0232,本圈台阶完成,1,0.0000,0.150,0.330
6952.589,SEEK_ROUNDABOUT,60.339,1,6.046,0.0000,0.0000,none,2.752,,,tracking,0.1450,-0.0127,1,line_curve_center_riding,-0.0159,-0.0043,-0.1975,-0.4446,0.7697,6,0,0.0000,0,0.0000,0.1933,0.2470,0.4403,-0.2155,-0.0127,IDLE,0,0,step_zone_after_max seek=6.01>3.20,0,0,0.000,0,nan,nan,nan,0.0000,0,5,0.6000,0.5768,0.3290,0.5768,0.0232,本圈台阶完成,1,0.0000,0.150,0.330
6952.730,SEEK_ROUNDABOUT,60.480,1,6.075,0.0000,0.0000,none,2.752,,,tracking,0.1450,0.0155,1,line_curve_center_riding,-0.0401,-0.0254,-0.2710,-0.5534,0.7592,6,0,0.0000,0,0.0043,0.2457,0.2824,0.5280,-0.2833,0.0155,IDLE,0,0,step_zone_after_max seek=6.05>3.20,0,0,0.000,0,nan,nan,nan,0.0000,0,5,0.6000,0.5768,0.3290,0.5768,0.0232,本圈台阶完成,1,0.0000,0.150,0.330
6952.867,SEEK_ROUNDABOUT,60.617,1,6.113,0.0000,0.0000,none,2.752,,,tracking,0.1450,0.0629,1,line_curve_center_riding,-0.0986,-0.0806,-0.3798,-0.4442,0.6760,5,0,0.0000,0,0.0043,0.2991,0.0645,0.3636,-0.3015,0.0629,IDLE,0,0,step_zone_after_max seek=6.08>3.20,0,0,0.000,0,nan,nan,nan,0.0000,0,5,0.6000,0.5768,0.3290,0.5768,0.0232,本圈台阶完成,1,0.0000,0.150,0.330
6953.001,SEEK_ROUNDABOUT,60.751,1,6.150,0.0000,0.0000,none,2.752,,,tracking,0.1450,0.1020,1,line_curve_center_riding,-0.1296,-0.1086,-0.4585,-0.5361,0.6661,5,0,0.0000,0,0.0043,0.3499,0.0777,0.4275,-0.3677,0.1020,IDLE,0,0,step_zone_after_max seek=6.11>3.20,0,0,0.000,0,nan,nan,nan,0.0000,0,5,0.6000,0.5768,0.3290,0.5768,0.0232,本圈台阶完成,1,0.0000,0.150,0.330
6953.139,SEEK_ROUNDABOUT,60.889,1,6.184,0.0000,0.0000,none,2.752,,,tracking,0.1450,0.1495,1,line_curve_center_riding,-0.1802,-0.1581,-0.5255,-0.5991,0.6631,5,0,0.0000,0,0.0043,0.3674,0.0736,0.4410,-0.4276,0.1495,IDLE,0,0,step_zone_after_max seek=6.15>3.20,0,0,0.000,0,nan,nan,nan,0.0000,0,5,0.6000,0.5768,0.3290,0.5768,0.0232,本圈台阶完成,1,0.0000,0.150,0.330
6953.276,SEEK_ROUNDABOUT,61.025,1,6.216,0.0000,0.0000,none,2.752,,,tracking,0.1600,0.2483,1,line_curve_center_riding,-0.3127,-0.2999,-0.5125,-0.5125,0.6019,4,0,0.0000,0,0.0000,0.2126,0.0000,0.2126,-0.4416,0.2483,IDLE,0,0,step_zone_after_max seek=6.18>3.20,0,0,0.000,0,nan,nan,nan,0.0000,0,5,0.6000,0.5768,0.3290,0.5768,0.0232,本圈台阶完成,1,0.0000,0.150,0.330
6953.409,SEEK_ROUNDABOUT,61.159,1,6.248,0.0000,0.0000,none,2.752,,,tracking,0.1450,0.2412,1,line_curve_center_riding,-0.2267,-0.2077,-0.5253,-0.5253,0.5729,4,0,0.0000,0,0.0086,0.3176,0.0000,0.3176,-0.4194,0.2412,IDLE,0,0,step_zone_after_max seek=6.22>3.20,0,0,0.000,0,nan,nan,nan,0.0000,0,5,0.6000,0.5768,0.3290,0.5768,0.0232,本圈台阶完成,1,0.0000,0.150,0.330
6953.543,SEEK_ROUNDABOUT,61.293,1,6.280,0.0000,0.0000,none,2.752,,,tracking,0.1600,0.3300,1,line_curve_center_riding,-0.3761,-0.3682,-0.5006,-0.5006,0.4999,3,0,0.0000,0,0.0172,0.1325,0.0000,0.1325,-0.4565,0.3300,IDLE,0,0,step_zone_after_max seek=6.25>3.20,0,0,0.000,0,nan,nan,nan,0.0000,0,5,0.6000,0.5768,0.3290,0.5768,0.0232,本圈台阶完成,1,0.0000,0.150,0.330
6953.676,SEEK_ROUNDABOUT,61.426,1,6.307,0.0000,0.0000,none,2.752,,,tracking,0.1580,0.3578,1,line_curve_center_riding,-0.3609,-0.3520,-0.5005,-0.5005,0.4916,3,0,0.0000,0,0.0129,0.1485,0.0000,0.1485,-0.4510,0.3578,IDLE,0,0,step_zone_after_max seek=6.28>3.20,0,0,0.000,0,nan,nan,nan,0.0000,0,5,0.6000,0.5768,0.3290,0.5768,0.0232,本圈台阶完成,1,0.0000,0.150,0.330
6953.813,SEEK_ROUNDABOUT,61.563,1,6.334,0.0000,0.0000,none,2.752,,,tracking,0.1567,0.3627,1,line_curve_center_riding,-0.3431,-0.3347,-0.4755,-0.4755,0.4982,3,0,0.0000,0,0.0129,0.1408,0.0000,0.1408,-0.4285,0.3627,IDLE,0,0,step_zone_after_max seek=6.31>3.20,0,0,0.000,0,nan,nan,nan,0.0000,0,5,0.6000,0.5768,0.3290,0.5768,0.0232,本圈台阶完成,1,0.0000,0.150,0.330
6953.944,SEEK_ROUNDABOUT,61.694,1,6.357,0.0000,0.0000,none,2.752,,,tracking,0.1600,0.3456,1,line_center_tracking,-0.3073,-0.3050,-0.3133,-0.3133,0.4519,2,0,0.0000,0,0.0086,0.0082,0.0000,0.0082,-0.3105,0.3456,IDLE,0,0,step_zone_after_max seek=6.33>3.20,0,0,0.000,0,nan,nan,nan,0.0000,0,5,0.6000,0.5768,0.3290,0.5768,0.0232,本圈台阶完成,1,0.0000,0.150,0.330
6954.084,SEEK_ROUNDABOUT,61.833,1,6.385,0.0000,0.0000,none,2.752,,,tracking,0.1600,0.3306,1,line_center_tracking,-0.2927,-0.2878,-0.3054,-0.3054,0.4257,2,0,0.0000,0,0.1633,0.0175,0.0000,0.0175,-0.2995,0.3306,IDLE,0,0,step_zone_after_max seek=6.36>3.20,0,0,0.000,0,nan,nan,nan,0.0000,0,5,0.6000,0.5768,0.3290,0.5768,0.0232,本圈台阶完成,1,0.0000,0.150,0.330
6954.221,SEEK_ROUNDABOUT,61.971,1,6.405,0.0000,0.0000,none,2.752,,,tracking,0.1450,0.2191,1,line_curve_center_riding,-0.1129,-0.0876,-0.5086,-0.5086,0.4280,3,0,0.0000,0,0.0645,0.4209,0.0000,0.4209,-0.3682,0.2191,IDLE,0,0,step_zone_after_max seek=6.38>3.20,0,0,0.000,0,nan,nan,nan,0.0000,0,5,0.6000,0.5768,0.3290,0.5768,0.0232,本圈台阶完成,1,0.0000,0.150,0.330
6954.359,SEEK_ROUNDABOUT,62.108,1,6.429,0.0000,0.0000,none,2.752,,,tracking,0.1600,0.2099,1,line_center_tracking,-0.1772,-0.1735,-0.1869,-0.1869,0.4374,2,0,0.0000,0,0.0731,0.0134,0.0000,0.0134,-0.1824,0.2099,IDLE,0,0,step_zone_after_max seek=6.41>3.20,0,0,0.000,0,nan,nan,nan,0.0000,0,5,0.6000,0.5768,0.3290,0.5768,0.0232,本圈台阶完成,1,0.0000,0.150,0.330
6954.492,SEEK_ROUNDABOUT,62.242,1,6.447,0.0000,0.0000,none,2.752,,,tracking,0.1450,0.1373,1,line_curve_center_riding,-0.0680,-0.0450,-0.4273,-0.4273,0.2783,2,0,0.0000,0,0.2965,0.3823,0.0000,0.3823,-0.2999,0.1373,IDLE,0,0,step_zone_after_max seek=6.43>3.20,0,0,0.000,0,nan,nan,nan,0.0000,0,5,0.6000,0.5768,0.3290,0.5768,0.0232,本圈台阶完成,1,0.0000,0.150,0.330
6954.643,SEEK_ROUNDABOUT,62.393,1,6.467,0.0000,0.0000,none,2.752,,,tracking,0.1450,0.0707,1,line_curve_center_riding,-0.0048,0.0186,-0.3729,-0.3729,0.4456,3,0,0.0000,0,0.1547,0.3915,0.0000,0.3915,-0.2424,0.0707,IDLE,0,0,step_zone_after_max seek=6.45>3.20,0,0,0.000,0,nan,nan,nan,0.0000,0,5,0.6000,0.5768,0.3290,0.5768,0.0232,本圈台阶完成,1,0.0000,0.150,0.330
6954.778,SEEK_ROUNDABOUT,62.527,1,6.484,0.0000,0.0000,none,2.752,,,tracking,0.1450,0.0642,1,line_curve_center_riding,-0.0484,-0.0271,-0.3828,-0.3828,0.2920,2,0,0.0000,0,0.1977,0.3557,0.0000,0.3557,-0.2642,0.0642,IDLE,0,0,step_zone_after_max seek=6.47>3.20,0,0,0.000,0,nan,nan,nan,0.0000,0,5,0.6000,0.5768,0.3290,0.5768,0.0232,本圈台阶完成,1,0.0000,0.150,0.330
6954.919,SEEK_ROUNDABOUT,62.669,1,6.498,0.0000,0.0000,none,2.752,,,tracking,0.1450,0.0618,1,line_curve_center_riding,-0.0540,-0.0324,-0.3923,-0.3923,0.2898,2,0,0.0000,0,0.1934,0.3599,0.0000,0.3599,-0.2723,0.0618,IDLE,0,0,step_zone_after_max seek=6.48>3.20,0,0,0.000,0,nan,nan,nan,0.0000,0,5,0.6000,0.5768,0.3290,0.5768,0.0232,本圈台阶完成,1,0.0000,0.150,0.330
6955.063,SEEK_ROUNDABOUT,62.812,1,6.508,0.0000,0.0000,none,2.752,,,tracking,0.1450,0.0665,1,line_curve_center_riding,-0.0651,-0.0423,-0.4212,-0.4212,0.2801,2,0,0.0000,0,0.1375,0.3789,0.0000,0.3789,-0.2949,0.0665,IDLE,0,0,step_zone_after_max seek=6.50>3.20,0,0,0.000,0,nan,nan,nan,0.0000,0,5,0.6000,0.5768,0.3290,0.5768,0.0232,本圈台阶完成,1,0.0000,0.150,0.330
6955.221,SEEK_ROUNDABOUT,62.971,1,6.521,0.0000,0.0000,none,2.752,,,tracking,0.1450,0.0626,1,line_curve_center_riding,-0.0551,-0.0318,-0.4203,-0.4203,0.2751,2,0,0.0000,0,0.1547,0.3885,0.0000,0.3885,-0.2908,0.0626,IDLE,0,0,step_zone_after_max seek=6.51>3.20,0,0,0.000,0,nan,nan,nan,0.0000,0,5,0.6000,0.5768,0.3290,0.5768,0.0232,本圈台阶完成,1,0.0000,0.150,0.330
6955.359,SEEK_ROUNDABOUT,63.108,1,6.532,0.0000,0.0000,none,2.752,,,tracking,0.1450,0.0554,1,line_curve_center_riding,-0.0454,-0.0208,-0.4298,-0.4298,0.4185,3,0,0.0000,0,0.1418,0.4090,0.0000,0.4090,-0.2935,0.0554,IDLE,0,0,step_zone_after_max seek=6.52>3.20,0,0,0.000,0,nan,nan,nan,0.0000,0,5,0.6000,0.5768,0.3290,0.5768,0.0232,本圈台阶完成,1,0.0000,0.150,0.330
6955.498,SEEK_ROUNDABOUT,63.248,1,6.542,0.0000,0.0000,none,2.752,,,tracking,0.1450,0.0543,1,line_curve_center_riding,-0.0487,-0.0270,-0.3880,-0.3880,0.4351,3,0,0.0000,0,0.1590,0.3610,0.0000,0.3610,-0.2677,0.0543,IDLE,0,0,step_zone_after_max seek=6.53>3.20,0,0,0.000,0,nan,nan,nan,0.0000,0,5,0.6000,0.5768,0.3290,0.5768,0.0232,本圈台阶完成,1,0.0000,0.150,0.330
6955.634,SEEK_ROUNDABOUT,63.383,1,6.550,0.0000,0.0000,none,2.752,,,tracking,0.1450,0.0339,1,line_curve_center_riding,-0.0150,0.0118,-0.4349,-0.4349,0.5421,4,0,0.0000,0,0.2278,0.4467,0.0000,0.4467,-0.2860,0.0339,IDLE,0,0,step_zone_after_max seek=6.54>3.20,0,0,0.000,0,nan,nan,nan,0.0000,0,5,0.6000,0.5768,0.3290,0.5768,0.0232,本圈台阶完成,1,0.0000,0.150,0.330
6955.768,SEEK_ROUNDABOUT,63.518,1,6.559,0.0000,0.0000,none,2.752,,,tracking,0.1450,0.0391,1,line_curve_center_riding,-0.0385,-0.0116,-0.4598,-0.4598,0.5379,4,0,0.0000,0,0.2407,0.4482,0.0000,0.4482,-0.3104,0.0391,IDLE,0,0,step_zone_after_max seek=6.55>3.20,0,0,0.000,0,nan,nan,nan,0.0000,0,5,0.6000,0.5768,0.3290,0.5768,0.0232,本圈台阶完成,1,0.0000,0.150,0.330
6955.903,SEEK_ROUNDABOUT,63.653,1,6.569,0.0000,0.0000,none,2.752,,,tracking,0.1450,0.0812,1,line_curve_center_riding,-0.1088,-0.0796,-0.5653,-0.5653,0.3923,3,0,0.0000,0,0.1848,0.4857,0.0000,0.4857,-0.4034,0.0812,IDLE,0,0,step_zone_after_max seek=6.56>3.20,0,0,0.000,0,nan,nan,nan,0.0000,0,5,0.6000,0.5768,0.3290,0.5768,0.0232,本圈台阶完成,1,0.0000,0.150,0.330
6956.037,SEEK_ROUNDABOUT,63.786,1,6.579,0.0000,0.0000,none,2.752,,,tracking,0.1450,0.1175,1,line_curve_center_riding,-0.1412,-0.1100,-0.6299,-0.6299,0.3801,3,0,0.0000,0,0.2407,0.5199,0.0000,0.5199,-0.4566,0.1175,IDLE,0,0,step_zone_after_max seek=6.57>3.20,0,0,0.000,0,nan,nan,nan,0.0000,0,5,0.6000,0.5768,0.3290,0.5768,0.0232,本圈台阶完成,1,0.0000,0.150,0.330
6956.168,SEEK_ROUNDABOUT,63.918,1,6.590,0.0000,0.0000,none,2.752,,,tracking,0.1450,0.1071,1,line_curve_center_riding,-0.0945,-0.0633,-0.5832,-0.5832,0.5256,4,0,0.0000,0,0.3266,0.5198,0.0000,0.5198,-0.4099,0.1071,IDLE,0,0,step_zone_after_max seek=6.58>3.20,0,0,0.000,0,nan,nan,nan,0.0000,0,5,0.6000,0.5768,0.3290,0.5768,0.0232,本圈台阶完成,1,0.0000,0.150,0.330
6956.306,SEEK_ROUNDABOUT,64.056,1,6.602,0.0000,0.0000,none,2.752,,,tracking,0.1450,0.1110,1,line_curve_center_riding,-0.1054,-0.0737,-0.6021,-0.6021,0.5226,4,0,0.0000,0,0.2922,0.5284,0.0000,0.5284,-0.4260,0.1110,IDLE,0,0,step_zone_after_max seek=6.59>3.20,0,0,0.000,0,nan,nan,nan,0.0000,0,5,0.6000,0.5768,0.3290,0.5768,0.0232,本圈台阶完成,1,0.0000,0.150,0.330
6956.451,SEEK_ROUNDABOUT,64.201,1,6.614,0.0000,0.0000,none,2.752,,,tracking,0.1450,0.1197,1,line_curve_center_riding,-0.1181,-0.0835,-0.6599,-0.6599,0.5199,4,0,0.0000,0,0.1891,0.5765,0.0000,0.5765,-0.4678,0.1197,IDLE,0,0,step_zone_after_max seek=6.60>3.20,0,0,0.000,0,nan,nan,nan,0.0000,0,5,0.6000,0.5768,0.3290,0.5768,0.0232,本圈台阶完成,1,0.0000,0.150,0.330
6956.592,SEEK_ROUNDABOUT,64.342,1,6.626,0.0000,0.0000,none,2.752,,,tracking,0.1600,0.1888,1,line_curve_center_riding,-0.2307,-0.2173,-0.4409,-0.4409,0.4529,3,0,0.0000,0,0.2750,0.2235,0.0000,0.2235,-0.3663,0.1888,IDLE,0,0,step_zone_after_max seek=6.61>3.20,0,0,0.000,0,nan,nan,nan,0.0000,0,5,0.6000,0.5768,0.3290,0.5768,0.0232,本圈台阶完成,1,0.0000,0.150,0.330
6956.728,SEEK_ROUNDABOUT,64.478,1,6.642,0.0000,0.0000,none,2.752,,,tracking,0.1600,0.2241,1,line_curve_center_riding,-0.2413,-0.2281,-0.4478,-0.4478,0.4538,3,0,0.0000,0,0.2965,0.2197,0.0000,0.2197,-0.3746,0.2241,IDLE,0,0,step_zone_after_max seek=6.63>3.20,0,0,0.000,0,nan,nan,nan,0.0000,0,5,0.6000,0.5768,0.3290,0.5768,0.0232,本圈台阶完成,1,0.0000,0.150,0.330
6956.877,SEEK_ROUNDABOUT,64.627,1,6.656,0.0000,0.0000,none,2.752,,,tracking,0.1600,0.2600,1,line_curve_center_riding,-0.2736,-0.2617,-0.4594,-0.4594,0.4678,3,0,0.0000,0,0.2493,0.1977,0.0000,0.1977,-0.3935,0.2600,IDLE,0,0,step_zone_after_max seek=6.64>3.20,0,0,0.000,0,nan,nan,nan,0.0000,0,5,0.6000,0.5768,0.3290,0.5768,0.0232,本圈台阶完成,1,0.0000,0.150,0.330
6957.008,SEEK_ROUNDABOUT,64.757,1,6.673,0.0000,0.0000,none,2.752,,,tracking,0.1600,0.2753,1,line_curve_center_riding,-0.2701,-0.2572,-0.4714,-0.4714,0.4632,3,0,0.0000,0,0.3309,0.2141,0.0000,0.2141,-0.4000,0.2753,IDLE,0,0,step_zone_after_max seek=6.66>3.20,0,0,0.000,0,nan,nan,nan,0.0000,0,5,0.6000,0.5768,0.3290,0.5768,0.0232,本圈台阶完成,1,0.0000,0.150,0.330
6957.148,SEEK_ROUNDABOUT,64.898,1,6.691,0.0000,0.0000,none,2.752,,,tracking,0.1450,0.2318,1,line_curve_center_riding,-0.1816,-0.1517,-0.6507,-0.6507,0.5218,4,0,0.0000,0,0.3438,0.4991,0.0000,0.4991,-0.4844,0.2318,IDLE,0,0,step_zone_after_max seek=6.67>3.20,0,0,0.000,0,nan,nan,nan,0.0000,0,5,0.6000,0.5768,0.3290,0.5768,0.0232,本圈台阶完成,1,0.0000,0.150,0.330
6957.281,SEEK_ROUNDABOUT,65.030,1,6.708,0.0000,0.0000,none,2.752,,,tracking,0.1450,0.2186,1,line_curve_center_riding,-0.1885,-0.1582,-0.6633,-0.6633,0.3922,3,0,0.0000,0,0.3524,0.5051,0.0000,0.5051,-0.4950,0.2186,IDLE,0,0,step_zone_after_max seek=6.69>3.20,0,0,0.000,0,nan,nan,nan,0.0000,0,5,0.6000,0.5768,0.3290,0.5768,0.0232,本圈台阶完成,1,0.0000,0.150,0.330
6957.419,SEEK_ROUNDABOUT,65.168,1,6.727,0.0000,0.0000,none,2.752,,,tracking,0.1450,0.1968,1,line_curve_center_riding,-0.1633,-0.1306,-0.6758,-0.6758,0.5125,4,0,0.0000,1,0.5395,0.5453,0.0000,0.5453,-0.4941,0.1968,IDLE,0,0,step_zone_after_max seek=6.71>3.20,0,0,0.000,0,nan,nan,nan,0.0000,0,5,0.6000,0.5768,0.3290,0.5768,0.0232,本圈台阶完成,1,0.0000,0.150,0.330
6957.559,SEEK_ROUNDABOUT,65.309,1,6.746,0.0000,0.0000,none,2.752,,,tracking,0.1450,0.2122,1,line_curve_center_riding,-0.2068,-0.1794,-0.6372,-0.6372,0.5263,4,0,0.0000,0,0.4528,0.4578,0.0000,0.4578,-0.4846,0.2122,IDLE,0,0,step_zone_after_max seek=6.73>3.20,0,0,0.000,0,nan,nan,nan,0.0000,0,5,0.6000,0.5768,0.3290,0.5768,0.0232,本圈台阶完成,1,0.0000,0.150,0.330
6957.691,SEEK_ROUNDABOUT,65.441,1,6.762,0.0000,0.0000,none,2.752,,,tracking,0.1600,0.2680,1,line_curve_center_riding,-0.2931,-0.2793,-0.5086,-0.5086,0.4514,3,0,0.0000,0,0.3309,0.2292,0.0000,0.2292,-0.4322,0.2680,IDLE,0,0,step_zone_after_max seek=6.75>3.20,0,0,0.000,0,nan,nan,nan,0.0000,0,5,0.6000,0.5768,0.3290,0.5768,0.0232,本圈台阶完成,1,0.0000,0.150,0.330
6957.822,SEEK_ROUNDABOUT,65.572,1,6.785,0.0000,0.0000,none,2.752,,,tracking,0.1450,0.2642,1,line_curve_center_riding,-0.2467,-0.2219,-0.6360,-0.6360,0.5360,4,0,0.0000,0,0.3395,0.4141,0.0000,0.4141,-0.4979,0.2642,IDLE,0,0,step_zone_after_max seek=6.76>3.20,0,0,0.000,0,nan,nan,nan,0.0000,0,5,0.6000,0.5768,0.3290,0.5768,0.0232,本圈台阶完成,1,0.0000,0.150,0.330
6957.956,SEEK_ROUNDABOUT,65.706,1,6.802,0.0000,0.0000,none,2.752,,,tracking,0.1450,0.2818,1,line_curve_center_riding,-0.2750,-0.2491,-0.6804,-0.7153,0.6411,5,0,0.0000,0,0.2922,0.4312,0.0350,0.4662,-0.5483,0.2818,IDLE,0,0,step_zone_after_max seek=6.79>3.20,0,0,0.000,0,nan,nan,nan,0.0000,0,5,0.6000,0.5768,0.3290,0.5768,0.0232,本圈台阶完成,1,0.0000,0.150,0.330
6958.089,SEEK_ROUNDABOUT,65.839,1,6.826,0.0000,0.0000,none,2.752,,,tracking,0.1450,0.2880,1,line_curve_center_riding,-0.2731,-0.2477,-0.6718,-0.7165,0.6477,5,0,0.0000,0,0.2922,0.4241,0.0447,0.4688,-0.5453,0.2880,IDLE,0,0,step_zone_after_max seek=6.80>3.20,0,0,0.000,0,nan,nan,nan,0.0000,0,5,0.6000,0.5768,0.3290,0.5768,0.0232,本圈台阶完成,1,0.0000,0.150,0.330
6958.227,SEEK_ROUNDABOUT,65.977,1,6.848,0.0000,0.0000,none,2.752,,,tracking,0.1450,0.2911,1,line_curve_center_riding,-0.2727,-0.2492,-0.6408,-0.6851,0.6553,5,0,0.0000,0,0.2879,0.3916,0.0443,0.4359,-0.5250,0.2911,IDLE,0,0,step_zone_after_max seek=6.83>3.20,0,0,0.000,0,nan,nan,nan,0.0000,0,5,0.6000,0.5768,0.3290,0.5768,0.0232,本圈台阶完成,1,0.0000,0.150,0.330
6958.372,SEEK_ROUNDABOUT,66.122,1,6.874,0.0000,0.0000,none,2.752,,,line_bridge_loss,0.0943,0.1164,0,line_too_few_bands,0.0000,0.0000,0.0000,0.0000,0.0000,0,0,0.0000,0,0.2235,0.0000,0.0000,0.0000,0.0000,0.1164,IDLE,0,0,step_zone_after_max seek=6.85>3.20,0,0,0.000,0,nan,nan,nan,0.0000,0,5,0.6000,0.5768,0.3290,0.5768,0.0232,本圈台阶完成,1,0.0000,0.150,0.330
6958.498,SEEK_ROUNDABOUT,66.248,1,6.902,0.0000,0.0000,none,2.752,,,tracking,0.1421,0.2849,1,line_curve_center_riding,-0.2587,-0.2381,-0.5803,-0.6785,0.7566,6,0,0.0000,0,0.2793,0.3422,0.0981,0.4403,-0.4990,0.2849,IDLE,0,0,step_zone_after_max seek=6.87>3.20,0,0,1.000,0,1.0000,1.0000,0.0455,0.8638,2,5,0.6000,0.5768,0.3290,0.5768,0.0232,本圈台阶完成,1,0.0000,0.150,0.330
6958.629,SEEK_ROUNDABOUT,66.379,1,6.926,0.0000,0.0000,none,2.752,,,tracking,0.1450,0.3020,1,line_curve_center_riding,-0.2928,-0.2736,-0.5934,-0.6323,0.6723,5,0,0.0000,0,0.3094,0.3198,0.0389,0.3586,-0.4998,0.3020,IDLE,0,0,step_zone_after_max seek=6.90>3.20,0,0,2.000,0,0.9800,0.9900,0.0451,0.9044,3,5,0.6000,0.5768,0.3290,0.5768,0.0232,本圈台阶完成,1,0.0000,0.150,0.330
6958.762,SEEK_ROUNDABOUT,66.512,1,6.951,0.0000,0.0000,none,2.752,,,tracking,0.1450,0.3146,1,line_curve_center_riding,-0.3027,-0.2846,-0.5853,-0.6239,0.6721,5,0,0.0000,0,0.4657,0.3006,0.0386,0.3392,-0.4979,0.3146,IDLE,0,0,step_zone_after_max seek=6.93>3.20,0,0,3.000,1,0.9600,0.9800,0.0456,0.9110,7,5,0.6000,0.5768,0.3290,0.5768,0.0232,本圈台阶完成,1,0.0000,0.150,0.330
6958.897,SEEK_ROUNDABOUT,66.647,1,6.976,0.0000,0.0000,none,2.752,,,tracking,0.1600,0.3286,1,line_curve_center_riding,-0.3167,-0.3004,-0.5727,-0.6052,0.5906,4,0,0.0000,1,1.0000,0.2723,0.0325,0.3048,-0.4927,0.3286,IDLE,0,0,step_zone_after_max seek=6.95>3.20,0,0,4.000,1,0.9300,0.9700,0.0458,0.9142,11,5,0.6000,0.5768,0.3290,0.5768,0.0232,本圈台阶完成,1,0.0000,0.150,0.330
6959.028,SEEK_ROUNDABOUT,66.778,1,7.003,0.0000,0.0000,none,2.752,,,tracking,0.1600,0.3417,1,line_curve_center_riding,-0.3281,-0.3138,-0.5514,-0.5781,0.6853,5,0,0.0000,1,1.0000,0.2376,0.0267,0.2643,-0.4811,0.3417,IDLE,0,0,step_zone_after_max seek=6.98>3.20,0,0,5.000,1,0.9100,0.9600,0.0458,0.9147,15,5,0.6000,0.5768,0.3290,0.5768,0.0232,本圈台阶完成,1,0.0000,0.150,0.330
6959.161,SEEK_ROUNDABOUT,66.910,1,7.028,0.0000,0.0000,none,2.752,,,tracking,0.1600,0.3231,1,line_curve_center_riding,-0.2858,-0.2720,-0.5007,-0.5220,0.6864,5,0,0.0000,1,1.0000,0.2287,0.0213,0.2500,-0.4316,0.3231,IDLE,0,0,step_zone_after_max seek=7.00>3.20,0,0,6.000,1,0.8900,0.9300,0.0450,0.9032,18,5,0.6000,0.5768,0.3290,0.5768,0.0232,本圈台阶完成,1,0.0000,0.150,0.330
6959.297,SEEK_ROUNDABOUT,67.046,1,7.049,0.0000,0.0000,none,2.752,,,tracking,0.1600,0.3156,1,line_curve_center_riding,-0.2847,-0.2732,-0.4646,-0.4849,0.6950,5,0,0.0000,1,1.0000,0.1914,0.0203,0.2117,-0.4076,0.3156,IDLE,0,0,step_zone_after_max seek=7.03>3.20,0,0,6.000,1,0.8700,0.9100,0.0468,0.9269,22,5,0.6000,0.5768,0.3290,0.5768,0.0232,本圈台阶完成,1,0.0000,0.150,0.330
6959.432,SEEK_ROUNDABOUT,67.182,1,7.076,0.2000,0.0000,none,2.752,,,tracking,0.1600,0.3064,1,line_curve_center_riding,-0.2756,-0.2660,-0.4265,-0.4890,0.7917,6,0,0.0000,1,1.0000,0.1605,0.0625,0.2230,-0.3938,0.3064,IDLE,0,0,step_zone_after_max seek=7.05>3.20,0,0,6.000,1,0.8500,0.8900,0.0464,0.9208,25,5,0.6000,0.5768,0.3290,0.5768,0.0232,本圈台阶完成,1,0.0000,0.150,0.330
6959.565,SEEK_ROUNDABOUT,67.315,1,7.109,0.0000,0.0000,none,2.752,,,tracking,0.1600,0.3194,1,line_center_tracking,-0.3052,-0.2731,-0.3875,-0.4108,0.8038,6,0,0.0000,1,1.0000,0.1144,0.0233,0.1377,-0.3572,0.3194,IDLE,0,0,step_zone_after_max seek=7.08>3.20,0,0,6.000,1,0.8300,0.8700,0.0475,0.9368,29,5,0.6000,0.5768,0.3290,0.5768,0.0232,本圈台阶完成,1,0.0000,0.150,0.330
6959.703,SEEK_ROUNDABOUT,67.453,1,7.140,0.0000,0.0000,none,2.752,,,tracking,0.1600,0.2643,1,line_curve_center_riding,-0.2020,-0.1986,-0.2539,-0.0359,0.7779,6,0,0.0000,1,1.0000,0.0553,0.2181,0.1628,-0.1628,0.2643,IDLE,0,0,step_zone_after_max seek=7.11>3.20,0,0,6.000,1,0.8100,0.8500,0.0472,0.9324,32,5,0.6000,0.5768,0.3290,0.5768,0.0232,本圈台阶完成,1,0.0000,0.150,0.330
6959.841,SEEK_ROUNDABOUT,67.590,1,7.167,0.2000,0.0000,none,2.752,,,tracking,0.1450,0.1307,1,line_curve_center_riding,-0.0103,0.0009,-0.1851,-0.4939,0.7628,6,0,0.0000,1,1.0000,0.1860,0.3088,0.4948,-0.2261,0.1307,IDLE,0,0,step_zone_after_max seek=7.14>3.20,0,0,6.000,1,0.8000,0.8300,0.0476,0.9372,35,5,0.6000,0.5768,0.3290,0.5768,0.0232,本圈台阶完成,1,0.0000,0.150,0.330
6959.978,SEEK_ROUNDABOUT,67.728,1,7.197,0.0000,0.0000,none,2.752,,,tracking,0.1600,0.1714,1,line_center_tracking,-0.1791,-0.1571,-0.2356,-0.2356,0.6257,4,0,0.0000,1,1.0000,0.0786,0.0000,0.0786,-0.2095,0.1714,IDLE,0,0,step_zone_after_max seek=7.17>3.20,0,0,6.000,1,0.7700,0.8100,0.0481,0.9445,39,5,0.6000,0.5768,0.3290,0.5768,0.0232,本圈台阶完成,1,0.0000,0.150,0.330
6960.111,SEEK_ROUNDABOUT,67.861,1,7.222,0.0000,0.0000,none,2.752,,,tracking,0.1600,0.1778,1,line_center_tracking,-0.1718,-0.1524,-0.2216,-0.3018,0.7162,5,0,0.0000,1,1.0000,0.0692,0.0802,0.1494,-0.2253,0.1778,IDLE,0,0,step_zone_after_max seek=7.20>3.20,0,0,6.000,1,0.7600,0.8000,0.0485,0.9482,41,5,0.6000,0.5768,0.3290,0.5768,0.0232,本圈台阶完成,1,0.0000,0.150,0.330
6960.247,SEEK_ROUNDABOUT,67.997,1,7.244,0.2000,0.0000,none,2.752,,,tracking,0.1600,0.1318,1,line_curve_center_riding,-0.0864,-0.0892,-0.0427,0.1492,0.6891,5,0,0.0000,1,1.0000,0.0465,0.1919,0.2384,0.0058,0.1318,IDLE,0,0,step_zone_after_max seek=7.22>3.20,0,0,6.000,1,0.7500,0.7700,0.0490,0.9555,44,5,0.6000,0.5768,0.3290,0.5768,0.0232,本圈台阶完成,1,0.0000,0.150,0.330
6960.381,SEEK_ROUNDABOUT,68.131,1,7.273,0.2000,0.0000,none,2.752,,,tracking,0.1600,0.1338,1,line_center_tracking,-0.1215,-0.1021,-0.1716,-0.1716,0.6320,4,0,0.0000,1,1.0000,0.0695,0.0000,0.0695,-0.1484,0.1338,IDLE,0,0,step_zone_after_max seek=7.24>3.20,0,0,6.000,1,0.7300,0.7600,0.0485,0.9488,47,5,0.6000,0.5768,0.3290,0.5768,0.0232,本圈台阶完成,1,0.0000,0.150,0.330
6960.521,SEEK_ROUNDABOUT,68.271,1,7.303,0.0000,0.0000,none,2.752,,,tracking,0.1600,0.1168,1,line_center_tracking,-0.0944,-0.0909,-0.1032,-0.0968,0.6384,4,0,0.0000,1,1.0000,0.0123,0.0065,0.0058,-0.0970,0.1168,IDLE,0,0,step_zone_after_max seek=7.27>3.20,0,0,6.000,1,0.7200,0.7500,0.0487,0.9530,50,5,0.6000,0.5768,0.3290,0.5768,0.0232,本圈台阶完成,1,0.0000,0.150,0.330
6960.662,SEEK_ROUNDABOUT,68.412,1,7.319,0.4000,0.0000,none,2.752,,,tracking,0.1600,0.0965,1,line_center_tracking,-0.0717,-0.0740,-0.0658,-0.0554,0.6369,4,0,0.0000,1,1.0000,0.0081,0.0104,0.0185,-0.0651,0.0965,IDLE,0,0,step_zone_after_max seek=7.30>3.20,0,0,6.000,1,0.6900,0.7300,0.0468,0.9252,53,5,0.6000,0.5768,0.3290,0.5768,0.0232,本圈台阶完成,1,0.0000,0.150,0.330
6960.800,SEEK_ROUNDABOUT,68.549,1,7.351,0.4000,0.0000,none,2.752,,,tracking,0.1450,-0.0561,1,line_curve_center_riding,0.1750,0.1575,0.4496,0.8919,0.5290,4,0,0.0000,1,1.0000,0.2921,0.4423,0.7344,0.4997,-0.0561,IDLE,0,0,step_zone_after_max seek=7.32>3.20,0,0,6.000,1,0.6700,0.7200,0.0450,0.9004,56,5,0.6000,0.5768,0.3290,0.5768,0.0232,本圈台阶完成,1,0.0000,0.150,0.330
6960.939,SEEK_ROUNDABOUT,68.689,1,7.380,0.4000,0.0000,none,2.752,,,tracking,0.1450,-0.1122,1,line_curve_center_riding,0.1620,0.1776,-0.0834,-0.4519,0.5372,4,0,0.0000,1,1.0000,0.2611,0.3685,0.6296,-0.1192,-0.1122,IDLE,0,0,step_zone_after_max seek=7.35>3.20,0,0,6.000,1,0.6500,0.6900,0.0440,0.8851,59,5,0.6000,0.5768,0.3290,0.5768,0.0232,本圈台阶完成,1,0.0000,0.150,0.330
6961.091,SEEK_ROUNDABOUT,68.840,1,7.404,0.2000,0.0000,none,2.752,,,tracking,0.1450,0.1404,1,line_curve_center_riding,-0.3288,-0.3080,-0.6556,-0.5829,0.5705,4,0,0.0000,1,1.0000,0.3476,0.0727,0.2749,-0.5155,0.1404,IDLE,0,0,step_zone_after_max seek=7.38>3.20,0,0,6.000,1,0.6300,0.6700,0.0450,0.9001,62,5,0.6000,0.5768,0.3290,0.5768,0.0232,本圈台阶完成,1,0.0000,0.150,0.330
6961.229,SEEK_ROUNDABOUT,68.979,1,7.428,0.4000,0.0000,none,2.752,,,tracking,0.1600,0.1228,1,line_curve_center_riding,-0.1189,-0.1111,-0.2412,-0.2412,0.3742,2,0,0.0000,1,1.0000,0.1301,0.0000,0.1301,-0.1978,0.1228,IDLE,0,0,step_zone_after_max seek=7.40>3.20,0,0,6.000,1,0.6100,0.6500,0.0434,0.8765,66,5,0.6000,0.5768,0.3290,0.5768,0.0232,本圈台阶完成,1,0.0000,0.150,0.330
6961.365,SEEK_ROUNDABOUT,69.114,1,7.449,0.4000,0.0000,none,2.752,,,line_bridge_loss,0.1093,0.0491,0,line_low_confidence,0.1453,0.1240,0.4797,0.7644,0.2309,2,0,0.0000,1,1.0000,0.3558,0.2846,0.6404,0.4560,0.0491,IDLE,0,0,step_zone_after_max seek=7.43>3.20,0,0,6.000,1,0.5600,0.6300,0.0436,0.8799,72,5,0.6000,0.5768,0.3290,0.5768,0.0232,本圈台阶完成,1,0.0000,0.150,0.330
6961.508,SEEK_ROUNDABOUT,69.257,1,7.472,0.0000,0.0000,none,2.752,,,line_bridge_loss,0.0587,0.0491,0,line_too_few_bands,0.0000,0.0000,0.0000,0.0000,0.0000,1,0,0.0000,1,1.0000,0.0000,0.0000,0.0000,0.0000,0.0491,IDLE,0,0,step_zone_after_max seek=7.45>3.20,0,0,5.400,0,nan,0.6300,nan,0.0000,0,5,0.6000,0.5768,0.3290,0.5768,0.0232,本圈台阶完成,1,0.0000,0.150,0.330
6961.649,SEEK_ROUNDABOUT,69.398,1,7.472,0.0000,0.0000,none,2.752,,,line_bridge_loss,0.0350,0.0491,0,line_too_few_bands,0.0000,0.0000,0.0000,0.0000,0.0000,1,0,0.0000,1,1.0000,0.0000,0.0000,0.0000,0.0000,0.0491,IDLE,0,0,step_zone_after_max seek=7.47>3.20,0,0,4.800,0,nan,0.6200,nan,0.0000,0,5,0.6000,0.5768,0.3290,0.5768,0.0232,本圈台阶完成,1,0.0000,0.150,0.330
6961.781,SEEK_ROUNDABOUT,69.531,1,7.472,0.0000,0.0000,none,2.752,,,tracking,0.0852,-0.2814,1,line_hard_turn_centering,0.6653,0.6542,0.7653,0.7653,0.4277,2,0,0.0000,1,1.0000,0.1111,0.0000,0.1111,0.7283,-0.2814,IDLE,0,0,step_zone_after_max seek=7.47>3.20,0,0,4.200,0,nan,0.6100,nan,0.0000,0,5,0.6000,0.5768,0.3290,0.5768,0.0232,本圈台阶完成,1,0.0000,0.150,0.330
6961.921,SEEK_ROUNDABOUT,69.671,1,7.494,0.4000,0.0000,none,2.752,,,line_bridge_loss,0.0350,-0.1175,0,line_low_confidence,0.3703,0.3368,0.8948,0.8948,0.1879,2,0,0.0000,1,1.0000,0.5580,0.0000,0.5580,0.7088,-0.1175,IDLE,0,0,step_zone_after_max seek=7.47>3.20,0,0,3.600,0,nan,0.5850,nan,0.0000,0,5,0.6000,0.5768,0.3290,0.5768,0.0232,本圈台阶完成,1,0.0000,0.150,0.330
6962.056,SEEK_ROUNDABOUT,69.806,1,7.494,0.0000,0.0000,none,2.752,,,line_bridge_loss,0.0350,-0.1175,0,line_low_confidence,0.7318,0.7215,0.8243,0.8243,0.1860,2,0,0.0000,1,1.0000,0.1028,0.0000,0.1028,0.7900,-0.1175,IDLE,0,0,step_zone_after_max seek=7.49>3.20,0,0,3.000,0,nan,0.5600,nan,0.0000,0,5,0.6000,0.5768,0.3290,0.5768,0.0232,本圈台阶完成,1,0.0000,0.150,0.330
6962.198,SEEK_ROUNDABOUT,69.948,1,7.494,0.0000,0.0000,none,2.752,,,tracking,0.0857,-0.4508,1,line_curve_center_riding,0.8366,0.8342,0.8744,0.2800,0.6991,6,0,0.0000,1,1.0000,0.0402,0.5944,0.5542,0.6629,-0.4508,IDLE,0,0,step_zone_after_max seek=7.49>3.20,0,0,2.400,0,nan,nan,nan,0.0000,0,5,0.6000,0.5768,0.3290,0.5768,0.0232,本圈台阶完成,1,0.0000,0.150,0.330
6962.339,SEEK_ROUNDABOUT,70.089,1,7.512,0.0000,0.0000,none,2.752,,,tracking,0.1050,-0.1175,1,line_hard_turn_centering,-0.9094,-0.9097,-0.9062,-0.9062,0.4652,2,0,0.0000,1,1.0000,0.0035,0.0000,0.0035,-0.9074,-0.1175,IDLE,0,0,step_zone_after_max seek=7.49>3.20,0,0,1.800,0,nan,nan,nan,0.0000,0,5,0.6000,0.5768,0.3290,0.5768,0.0232,本圈台阶完成,1,0.0000,0.150,0.330
6962.487,SEEK_ROUNDABOUT,70.237,1,7.525,0.0000,0.0000,none,2.752,,,tracking,0.1060,-0.4508,1,line_curve_center_riding,0.9397,0.9571,0.6671,0.6671,0.3258,2,0,0.0000,1,1.0000,0.2900,0.0000,0.2900,0.7638,-0.4508,IDLE,0,0,step_zone_after_max seek=7.51>3.20,0,0,1.200,0,nan,nan,nan,0.0000,0,5,0.6000,0.5768,0.3290,0.5768,0.0232,本圈台阶完成,1,0.0000,0.150,0.330
6962.620,SEEK_ROUNDABOUT,70.369,1,7.535,0.0000,0.0000,none,2.752,,,tracking,0.0850,-0.4200,1,line_edge_single_rescue,0.8934,0.8934,0.8934,0.8934,0.3100,1,0,0.0000,1,1.0000,0.0000,0.0000,0.0000,0.8934,-0.4200,IDLE,0,0,step_zone_after_max seek=7.52>3.20,0,0,0.600,0,nan,nan,nan,0.0000,0,5,0.6000,0.5768,0.3290,0.5768,0.0232,本圈台阶完成,1,0.0000,0.150,0.330
6962.751,SEEK_ROUNDABOUT,70.501,1,7.542,0.0000,0.0000,none,2.752,,,tracking,0.1000,-0.7000,1,line_curve_center_riding,0.8973,0.9156,0.6112,0.4733,0.4521,3,0,0.0000,1,1.0000,0.3044,0.1379,0.4423,0.6667,-0.7000,IDLE,0,0,step_zone_after_max seek=7.54>3.20,0,0,0.000,0,nan,nan,nan,0.0000,0,5,0.6000,0.5768,0.3290,0.5768,0.0232,本圈台阶完成,1,0.0000,0.150,0.330
6962.883,SEEK_ROUNDABOUT,70.632,1,7.545,0.0000,0.0000,none,2.752,,,tracking,0.1050,-0.5600,1,line_hard_turn_centering,0.7069,0.7070,0.7063,0.7063,0.4728,2,0,0.0000,1,1.0000,0.0008,0.0000,0.0008,0.7065,-0.5600,IDLE,0,0,step_zone_after_max seek=7.54>3.20,0,0,0.000,0,nan,nan,nan,0.0000,0,5,0.6000,0.5768,0.3290,0.5768,0.0232,本圈台阶完成,1,0.0000,0.150,0.330
6963.011,SEEK_ROUNDABOUT,70.761,1,7.545,0.0000,0.0000,none,2.752,,,tracking,0.1000,-0.6376,1,line_curve_center_riding,0.4714,0.4795,0.3453,0.3453,0.5732,4,0,0.0000,1,1.0000,0.1342,0.0000,0.1342,0.3900,-0.6376,IDLE,0,0,step_zone_after_max seek=7.55>3.20,0,0,0.000,0,nan,nan,nan,0.0000,0,5,0.6000,0.5768,0.3290,0.5768,0.0232,本圈台阶完成,1,0.0000,0.150,0.330
6963.147,SEEK_ROUNDABOUT,70.896,1,7.545,0.0000,0.0000,none,2.752,,,tracking,0.1201,-0.5051,1,line_center_tracking,0.3489,0.3277,0.4037,0.4037,0.2612,2,0,0.0000,1,1.0000,0.0760,0.0000,0.0760,0.3783,-0.5051,IDLE,0,0,step_zone_after_max seek=7.55>3.20,0,0,0.000,0,nan,nan,nan,0.0000,0,5,0.6000,0.5768,0.3290,0.5768,0.0232,本圈台阶完成,1,0.0000,0.150,0.330
6963.287,SEEK_ROUNDABOUT,71.037,1,7.546,0.6000,0.0000,none,2.752,,,tracking,0.1524,-0.3797,1,line_curve_center_riding,0.2383,0.2492,0.0689,-0.0628,0.5015,4,0,0.0000,1,1.0000,0.1803,0.1317,0.3119,0.0851,-0.3797,IDLE,0,0,step_zone_after_max seek=7.55>3.20,0,0,0.000,0,nan,nan,nan,0.0000,0,5,0.6000,0.5768,0.3290,0.5768,0.0232,本圈台阶完成,1,0.0000,0.150,0.330
6963.424,SEEK_ROUNDABOUT,71.174,1,7.549,0.4000,0.0000,none,2.752,,,tracking,0.1450,-0.3585,1,line_curve_center_riding,0.3031,0.3234,-0.0143,-0.2700,0.4088,3,0,0.0000,1,1.0000,0.3377,0.2557,0.5934,0.0130,-0.3585,IDLE,0,0,step_zone_after_max seek=7.55>3.20,0,0,0.000,0,nan,nan,nan,0.0000,0,5,0.6000,0.5768,0.3290,0.5768,0.0232,本圈台阶完成,1,0.0000,0.150,0.330
6963.562,SEEK_ROUNDABOUT,71.312,1,7.552,0.0000,0.0000,none,2.752,,,tracking,0.1450,-0.3048,1,line_recenter_transition,0.2363,0.2432,-0.1025,-0.3577,0.4077,3,0,0.0000,1,1.0000,0.3458,0.2552,0.6010,-0.0723,-0.3048,IDLE,0,0,step_zone_after_max seek=7.55>3.20,0,0,0.000,0,nan,nan,nan,0.0000,0,5,0.6000,0.5768,0.3290,0.5768,0.0232,本圈台阶完成,1,0.0000,0.150,0.330
6963.721,SEEK_ROUNDABOUT,71.471,1,7.555,0.0000,0.0000,none,2.752,,,tracking,0.1450,-0.2156,1,line_recenter_transition,0.1215,0.1281,-0.2007,-0.4502,0.4127,3,0,0.0000,1,1.0000,0.3288,0.2495,0.5783,-0.1743,-0.2156,IDLE,0,0,step_zone_after_max seek=7.55>3.20,0,0,1.000,0,0.9300,0.9300,0.0487,0.9139,4,5,0.6000,0.5768,0.3290,0.5768,0.0232,本圈台阶完成,1,0.0000,0.150,0.330
6963.864,SEEK_ROUNDABOUT,71.614,1,7.557,0.4000,0.0000,none,2.752,,,tracking,0.1450,-0.1455,1,line_recenter_transition,0.0712,0.0784,-0.2792,-0.5412,0.4032,3,0,0.0000,1,1.0000,0.3576,0.2620,0.6196,-0.2473,-0.1455,IDLE,0,0,step_zone_after_max seek=7.55>3.20,0,0,2.000,1,1.0050,0.9675,0.0440,0.8511,8,5,0.6000,0.5768,0.3290,0.5768,0.0232,本圈台阶完成,1,0.0000,0.150,0.330
6964.013,SEEK_ROUNDABOUT,71.763,1,7.559,0.0000,0.0000,none,2.752,,,line_bridge_loss,0.0943,-0.0582,0,line_too_few_bands,0.0000,0.0000,0.0000,0.0000,0.0000,1,0,0.0000,1,1.0000,0.0000,0.0000,0.0000,0.0000,-0.0582,IDLE,0,0,step_zone_after_max seek=7.56>3.20,0,0,1.400,1,1.2000,0.9675,0.0375,0.7635,13,5,0.6000,0.5768,0.3290,0.5768,0.0232,本圈台阶完成,1,0.0000,0.150,0.330
6964.148,SEEK_ROUNDABOUT,71.898,1,7.564,0.0000,0.0000,none,2.752,,,tracking,0.1450,0.1371,1,line_center_tracking,-0.3877,-0.4203,-0.3037,-0.3037,0.3847,2,0,0.0000,1,1.0000,0.1166,0.0000,0.1166,-0.3426,0.1371,IDLE,0,0,step_zone_after_max seek=7.56>3.20,0,0,2.400,1,0.9300,0.9300,0.0448,0.8583,16,5,0.6000,0.5768,0.3290,0.5768,0.0232,本圈台阶完成,1,0.0000,0.150,0.330
6964.281,SEEK_ROUNDABOUT,72.030,1,7.570,0.0000,0.0000,none,2.752,,,line_bridge_loss,0.0946,0.0548,0,line_too_few_bands,0.0000,0.0000,0.0000,0.0000,0.0000,0,0,0.0000,1,0.8938,0.0000,0.0000,0.0000,0.0000,0.0548,IDLE,0,0,step_zone_after_max seek=7.56>3.20,0,0,3.400,1,0.4600,0.9300,0.0433,0.8873,20,5,0.6000,0.5768,0.3290,0.5768,0.0232,本圈台阶完成,1,0.0000,0.150,0.330
6964.418,SEEK_ROUNDABOUT,72.168,1,7.579,0.0000,0.0000,none,2.752,,,line_bridge_loss,0.0439,0.0548,0,line_too_few_bands,0.0000,0.0000,0.0000,0.0000,0.0000,0,0,0.0000,1,0.5481,0.0000,0.0000,0.0000,0.0000,0.0548,IDLE,0,0,step_zone_after_max seek=7.57>3.20,0,0,4.400,1,0.4600,0.9300,0.0445,0.9018,24,5,0.6000,0.5768,0.3290,0.5768,0.0232,本圈台阶完成,1,0.0000,0.150,0.330
6964.554,SEEK_ROUNDABOUT,72.303,1,7.579,0.0000,0.0000,none,2.752,,,line_bridge_loss,0.0350,0.0548,0,line_too_few_bands,0.0000,0.0000,0.0000,0.0000,0.0000,1,0,0.0000,0,0.3524,0.0000,0.0000,0.0000,0.0000,0.0548,IDLE,0,0,step_zone_after_max seek=7.58>3.20,0,0,5.400,1,0.4500,0.4600,0.0453,0.9123,29,5,0.6000,0.5768,0.3290,0.5768,0.0232,本圈台阶完成,1,0.0000,0.150,0.330
6964.686,SEEK_ROUNDABOUT,72.436,1,7.579,0.0000,0.0000,none,2.752,,,line_loss_hold,0.0000,0.0000,0,line_too_few_bands,0.0000,0.0000,0.0000,0.0000,0.0000,1,0,0.0000,0,0.3524,0.0000,0.0000,0.0000,0.0000,0.0000,IDLE,0,0,step_zone_after_max seek=7.58>3.20,0,0,6.000,1,0.4500,0.4600,0.0461,0.9080,33,5,0.6000,0.5768,0.3290,0.5768,0.0232,本圈台阶完成,1,0.0000,0.150,0.330
6964.853,SEEK_ROUNDABOUT,72.603,1,7.579,0.0000,0.0000,none,2.752,,,line_loss_hold,0.0000,0.0000,0,line_too_few_bands,0.0000,0.0000,0.0000,0.0000,0.0000,0,0,0.0000,0,0.2965,0.0000,0.0000,0.0000,0.0000,0.0000,IDLE,0,0,step_zone_after_max seek=7.58>3.20,0,0,6.000,1,0.4500,0.4500,0.0464,0.8666,38,5,0.6000,0.5768,0.3290,0.5768,0.0232,本圈台阶完成,1,0.0000,0.150,0.330
6964.986,SEEK_ROUNDABOUT,72.736,1,7.579,0.0000,0.0000,none,2.752,,,line_lost_stop,0.0000,0.0000,0,line_too_few_bands,0.0000,0.0000,0.0000,0.0000,0.0000,0,0,0.0000,0,0.2235,0.0000,0.0000,0.0000,0.0000,0.0000,IDLE,0,0,step_zone_after_max seek=7.58>3.20,0,0,6.000,0,0.4600,0.4500,0.0472,0.8870,2,5,0.6000,0.5768,0.3290,0.5768,0.0232,本圈台阶完成,1,0.0000,0.150,0.330
6965.123,SEEK_ROUNDABOUT,72.873,1,7.579,0.0000,0.0000,none,2.752,,,line_lost_stop,0.0000,0.0000,0,line_too_few_bands,0.0000,0.0000,0.0000,0.0000,0.0000,0,0,0.0000,0,0.1461,0.0000,0.0000,0.0000,0.0000,0.0000,IDLE,0,0,step_zone_after_max seek=7.58>3.20,0,0,6.000,1,0.4500,0.4500,0.0477,0.9137,6,5,0.6000,0.5768,0.3290,0.5768,0.0232,本圈台阶完成,1,0.0000,0.150,0.330
6965.255,SEEK_ROUNDABOUT,73.004,1,7.579,0.0000,0.0000,none,2.752,,,line_lost_stop,0.0000,0.0000,0,line_too_few_bands,0.0000,0.0000,0.0000,0.0000,0.0000,0,0,0.0000,0,0.1977,0.0000,0.0000,0.0000,0.0000,0.0000,IDLE,0,0,step_zone_after_max seek=7.58>3.20,0,0,5.400,0,nan,0.4500,nan,0.0000,0,5,0.6000,0.5768,0.3290,0.5768,0.0232,本圈台阶完成,1,0.0000,0.150,0.330
6965.385,SEEK_ROUNDABOUT,73.135,1,7.579,0.0000,0.0000,none,2.752,,,line_lost_stop,0.0000,0.0000,0,line_too_few_bands,0.0000,0.0000,0.0000,0.0000,0.0000,0,0,0.0000,0,0.2020,0.0000,0.0000,0.0000,0.0000,0.0000,IDLE,0,0,step_zone_after_max seek=7.58>3.20,0,0,4.800,0,nan,0.4500,nan,0.0000,0,5,0.6000,0.5768,0.3290,0.5768,0.0232,本圈台阶完成,1,0.0000,0.150,0.330
6965.513,SEEK_ROUNDABOUT,73.263,1,7.579,0.0000,0.0000,none,2.752,,,line_lost_stop,0.0000,0.0000,0,line_too_few_bands,0.0000,0.0000,0.0000,0.0000,0.0000,0,0,0.0000,0,0.1848,0.0000,0.0000,0.0000,0.0000,0.0000,IDLE,0,0,step_zone_after_max seek=7.58>3.20,0,0,4.200,0,nan,0.4500,nan,0.0000,0,5,0.6000,0.5768,0.3290,0.5768,0.0232,本圈台阶完成,1,0.0000,0.150,0.330
6965.656,SEEK_ROUNDABOUT,73.406,1,7.579,0.0000,0.0000,none,2.752,,,line_lost_stop,0.0000,0.0000,0,line_too_few_bands,0.0000,0.0000,0.0000,0.0000,0.0000,0,0,0.0000,0,0.1762,0.0000,0.0000,0.0000,0.0000,0.0000,IDLE,0,0,step_zone_after_max seek=7.58>3.20,0,0,3.600,0,nan,0.4550,nan,0.0000,0,5,0.6000,0.5768,0.3290,0.5768,0.0232,本圈台阶完成,1,0.0000,0.150,0.330
6965.789,SEEK_ROUNDABOUT,73.539,1,7.579,0.0000,0.0000,none,2.752,,,line_lost_stop,0.0000,0.0000,0,line_too_few_bands,0.0000,0.0000,0.0000,0.0000,0.0000,0,0,0.0000,0,0.1676,0.0000,0.0000,0.0000,0.0000,0.0000,IDLE,0,0,step_zone_after_max seek=7.58>3.20,0,0,3.000,0,nan,0.4500,nan,0.0000,0,5,0.6000,0.5768,0.3290,0.5768,0.0232,本圈台阶完成,1,0.0000,0.150,0.330
6965.922,SEEK_ROUNDABOUT,73.672,1,7.579,0.0000,0.0000,none,2.752,,,line_lost_stop,0.0000,0.0000,0,line_too_few_bands,0.0000,0.0000,0.0000,0.0000,0.0000,0,0,0.0000,0,0.2750,0.0000,0.0000,0.0000,0.0000,0.0000,IDLE,0,0,step_zone_after_max seek=7.58>3.20,0,0,2.400,0,nan,nan,nan,0.0000,0,5,0.6000,0.5768,0.3290,0.5768,0.0232,本圈台阶完成,1,0.0000,0.150,0.330
6966.057,SEEK_ROUNDABOUT,73.807,1,7.579,0.0000,0.0000,none,2.752,,,line_lost_stop,0.0000,0.0000,0,line_too_few_bands,0.0000,0.0000,0.0000,0.0000,0.0000,0,0,0.0000,0,0.2922,0.0000,0.0000,0.0000,0.0000,0.0000,IDLE,0,0,step_zone_after_max seek=7.58>3.20,0,0,1.800,0,nan,nan,nan,0.0000,0,5,0.6000,0.5768,0.3290,0.5768,0.0232,本圈台阶完成,1,0.0000,0.150,0.330
6966.197,SEEK_ROUNDABOUT,73.947,1,7.579,0.0000,0.0000,none,2.752,,,line_lost_stop,0.0000,0.0000,0,line_too_few_bands,0.0000,0.0000,0.0000,0.0000,0.0000,0,0,0.0000,0,0.2965,0.0000,0.0000,0.0000,0.0000,0.0000,IDLE,0,0,step_zone_after_max seek=7.58>3.20,0,0,1.200,0,nan,nan,nan,0.0000,0,5,0.6000,0.5768,0.3290,0.5768,0.0232,本圈台阶完成,1,0.0000,0.150,0.330
6966.329,SEEK_ROUNDABOUT,74.078,1,7.579,0.0000,0.0000,none,2.752,,,line_lost_stop,0.0000,0.0000,0,line_too_few_bands,0.0000,0.0000,0.0000,0.0000,0.0000,0,0,0.0000,0,0.3051,0.0000,0.0000,0.0000,0.0000,0.0000,IDLE,0,0,step_zone_after_max seek=7.58>3.20,0,0,2.200,0,0.4500,0.4500,0.0473,0.8949,1,5,0.6000,0.5768,0.3290,0.5768,0.0232,本圈台阶完成,1,0.0000,0.150,0.330
6966.480,SEEK_ROUNDABOUT,74.230,1,7.579,0.0000,0.0000,none,2.752,,,line_lost_stop,0.0000,0.0000,0,line_too_few_bands,0.0000,0.0000,0.0000,0.0000,0.0000,0,0,0.0000,0,0.3180,0.0000,0.0000,0.0000,0.0000,0.0000,IDLE,0,0,step_zone_after_max seek=7.58>3.20,0,0,1.600,0,nan,0.4500,nan,0.0000,0,5,0.6000,0.5768,0.3290,0.5768,0.0232,本圈台阶完成,1,0.0000,0.150,0.330
6966.631,SEEK_ROUNDABOUT,74.381,1,7.579,0.0000,0.0000,none,2.752,,,line_lost_stop,0.0000,0.0000,0,line_too_few_bands,0.0000,0.0000,0.0000,0.0000,0.0000,0,0,0.0000,0,0.3223,0.0000,0.0000,0.0000,0.0000,0.0000,IDLE,0,0,step_zone_after_max seek=7.58>3.20,0,0,2.600,0,0.4500,0.4500,0.0478,0.8924,1,5,0.6000,0.5768,0.3290,0.5768,0.0232,本圈台阶完成,1,0.0000,0.150,0.330
6966.768,SEEK_ROUNDABOUT,74.518,1,7.579,0.0000,0.0000,none,2.752,,,line_lost_stop,0.0000,0.0000,0,line_too_few_bands,0.0000,0.0000,0.0000,0.0000,0.0000,0,0,0.0000,0,0.3180,0.0000,0.0000,0.0000,0.0000,0.0000,IDLE,0,0,step_zone_after_max seek=7.58>3.20,0,0,3.600,1,0.4500,0.4500,0.0484,0.9283,5,5,0.6000,0.5768,0.3290,0.5768,0.0232,本圈台阶完成,1,0.0000,0.150,0.330
6966.904,SEEK_ROUNDABOUT,74.654,1,7.579,0.0000,0.0000,none,2.752,,,line_lost_stop,0.0000,0.0000,0,line_too_few_bands,0.0000,0.0000,0.0000,0.0000,0.0000,0,0,0.0000,0,0.3180,0.0000,0.0000,0.0000,0.0000,0.0000,IDLE,0,0,step_zone_after_max seek=7.58>3.20,0,0,3.000,0,nan,0.4500,nan,0.0000,0,5,0.6000,0.5768,0.3290,0.5768,0.0232,本圈台阶完成,1,0.0000,0.150,0.330
6967.040,SEEK_ROUNDABOUT,74.790,1,7.579,0.0000,0.0000,none,2.752,,,line_lost_stop,0.0000,0.0000,0,line_too_few_bands,0.0000,0.0000,0.0000,0.0000,0.0000,0,0,0.0000,0,0.3180,0.0000,0.0000,0.0000,0.0000,0.0000,IDLE,0,0,step_zone_after_max seek=7.58>3.20,0,0,2.400,0,nan,0.4500,nan,0.0000,0,5,0.6000,0.5768,0.3290,0.5768,0.0232,本圈台阶完成,1,0.0000,0.150,0.330
6967.197,SEEK_ROUNDABOUT,74.947,1,7.579,0.0000,0.0000,none,2.752,,,line_lost_stop,0.0000,0.0000,0,line_too_few_bands,0.0000,0.0000,0.0000,0.0000,0.0000,0,0,0.0000,0,0.3180,0.0000,0.0000,0.0000,0.0000,0.0000,IDLE,0,0,step_zone_after_max seek=7.58>3.20,0,0,1.800,0,nan,0.4500,nan,0.0000,0,5,0.6000,0.5768,0.3290,0.5768,0.0232,本圈台阶完成,1,0.0000,0.150,0.330
6967.336,SEEK_ROUNDABOUT,75.086,1,7.579,0.0000,0.0000,none,2.752,,,line_lost_stop,0.0000,0.0000,0,line_too_few_bands,0.0000,0.0000,0.0000,0.0000,0.0000,0,0,0.0000,0,0.3051,0.0000,0.0000,0.0000,0.0000,0.0000,IDLE,0,0,step_zone_after_max seek=7.58>3.20,0,0,1.200,0,nan,0.4500,nan,0.0000,0,5,0.6000,0.5768,0.3290,0.5768,0.0232,本圈台阶完成,1,0.0000,0.150,0.330
6967.485,SEEK_ROUNDABOUT,75.235,1,7.579,0.0000,0.0000,none,2.752,,,line_lost_stop,0.0000,0.0000,0,line_too_few_bands,0.0000,0.0000,0.0000,0.0000,0.0000,0,0,0.0000,0,0.2965,0.0000,0.0000,0.0000,0.0000,0.0000,IDLE,0,0,step_zone_after_max seek=7.58>3.20,0,0,0.600,0,nan,0.4500,nan,0.0000,0,5,0.6000,0.5768,0.3290,0.5768,0.0232,本圈台阶完成,1,0.0000,0.150,0.330
6967.650,SEEK_ROUNDABOUT,75.400,1,7.579,0.0000,0.0000,none,2.752,,,line_lost_stop,0.0000,0.0000,0,line_too_few_bands,0.0000,0.0000,0.0000,0.0000,0.0000,0,0,0.0000,0,0.2707,0.0000,0.0000,0.0000,0.0000,0.0000,IDLE,0,0,step_zone_after_max seek=7.58>3.20,0,0,0.000,0,nan,nan,nan,0.0000,0,5,0.6000,0.5768,0.3290,0.5768,0.0232,本圈台阶完成,1,0.0000,0.150,0.330
6967.824,SEEK_ROUNDABOUT,75.573,1,7.579,0.0000,0.0000,none,2.752,,,line_lost_stop,0.0000,0.0000,0,line_too_few_bands,0.0000,0.0000,0.0000,0.0000,0.0000,0,0,0.0000,0,0.2493,0.0000,0.0000,0.0000,0.0000,0.0000,IDLE,0,0,step_zone_after_max seek=7.58>3.20,0,0,0.000,0,nan,nan,nan,0.0000,0,5,0.6000,0.5768,0.3290,0.5768,0.0232,本圈台阶完成,1,0.0000,0.150,0.330
6968.004,SEEK_ROUNDABOUT,75.754,1,7.579,0.0000,0.0000,none,2.752,,,line_lost_stop,0.0000,0.0000,0,line_too_few_bands,0.0000,0.0000,0.0000,0.0000,0.0000,0,0,0.0000,0,0.2192,0.0000,0.0000,0.0000,0.0000,0.0000,IDLE,0,0,step_zone_after_max seek=7.58>3.20,0,0,0.000,0,nan,nan,nan,0.0000,0,5,0.6000,0.5768,0.3290,0.5768,0.0232,本圈台阶完成,1,0.0000,0.150,0.330
6968.154,SEEK_ROUNDABOUT,75.903,1,7.579,0.0000,0.0000,none,2.752,,,line_lost_stop,0.0000,0.0000,0,line_too_few_bands,0.0000,0.0000,0.0000,0.0000,0.0000,0,0,0.0000,0,0.2106,0.0000,0.0000,0.0000,0.0000,0.0000,IDLE,0,0,step_zone_after_max seek=7.58>3.20,0,0,0.000,0,nan,nan,nan,0.0000,0,5,0.6000,0.5768,0.3290,0.5768,0.0232,本圈台阶完成,1,0.0000,0.150,0.330
6968.302,SEEK_ROUNDABOUT,76.052,1,7.579,0.0000,0.0000,none,2.752,,,line_lost_stop,0.0000,0.0000,0,line_too_few_bands,0.0000,0.0000,0.0000,0.0000,0.0000,0,0,0.0000,0,0.0902,0.0000,0.0000,0.0000,0.0000,0.0000,IDLE,0,0,step_zone_after_max seek=7.58>3.20,0,0,0.000,0,nan,nan,nan,0.0000,0,5,0.6000,0.5768,0.3290,0.5768,0.0232,本圈台阶完成,1,0.0000,0.150,0.330
6968.384,SEEK_ROUNDABOUT,76.133,1,7.579,0.0000,0.0000,none,2.752,,,line_lost_stop,0.0000,0.0000,0,line_too_few_bands,0.0000,0.0000,0.0000,0.0000,0.0000,0,0,0.0000,0,0.0860,0.0000,0.0000,0.0000,0.0000,0.0000,IDLE,0,0,step_zone_after_max seek=7.58>3.20,0,0,0.000,0,nan,nan,nan,0.0000,0,5,0.6000,0.5768,0.3290,0.5768,0.0232,本圈台阶完成,1,0.0000,0.150,0.330
6968.481,SEEK_ROUNDABOUT,76.231,1,7.579,0.0000,0.0000,none,2.752,,,line_lost_stop,0.0000,0.0000,0,line_too_few_bands,0.0000,0.0000,0.0000,0.0000,0.0000,0,0,0.0000,0,0.0817,0.0000,0.0000,0.0000,0.0000,0.0000,IDLE,0,0,step_zone_after_max seek=7.58>3.20,0,0,0.000,0,nan,nan,nan,0.0000,0,5,0.6000,0.5768,0.3290,0.5768,0.0232,本圈台阶完成,1,0.0000,0.150,0.330
6968.659,SEEK_ROUNDABOUT,76.409,1,7.579,0.0000,0.0000,none,2.752,,,line_lost_stop,0.0000,0.0000,0,line_too_few_bands,0.0000,0.0000,0.0000,0.0000,0.0000,0,0,0.0000,0,0.0774,0.0000,0.0000,0.0000,0.0000,0.0000,IDLE,0,0,step_zone_after_max seek=7.58>3.20,0,0,0.000,0,nan,nan,nan,0.0000,0,5,0.6000,0.5768,0.3290,0.5768,0.0232,本圈台阶完成,1,0.0000,0.150,0.330
6968.799,SEEK_ROUNDABOUT,76.549,1,7.579,0.0000,0.0000,none,2.752,,,line_lost_stop,0.0000,0.0000,0,line_too_few_bands,0.0000,0.0000,0.0000,0.0000,0.0000,0,0,0.0000,0,0.0860,0.0000,0.0000,0.0000,0.0000,0.0000,IDLE,0,0,step_zone_after_max seek=7.58>3.20,0,0,0.000,0,nan,nan,nan,0.0000,0,5,0.6000,0.5768,0.3290,0.5768,0.0232,本圈台阶完成,1,0.0000,0.150,0.330
6968.943,SEEK_ROUNDABOUT,76.693,1,7.579,0.0000,0.0000,none,2.752,,,line_lost_stop,0.0000,0.0000,0,line_too_few_bands,0.0000,0.0000,0.0000,0.0000,0.0000,0,0,0.0000,0,0.0902,0.0000,0.0000,0.0000,0.0000,0.0000,IDLE,0,0,step_zone_after_max seek=7.58>3.20,0,0,0.000,0,nan,nan,nan,0.0000,0,5,0.6000,0.5768,0.3290,0.5768,0.0232,本圈台阶完成,1,0.0000,0.150,0.330
6969.076,SEEK_ROUNDABOUT,76.826,1,7.579,0.0000,0.0000,none,2.752,,,line_lost_stop,0.0000,0.0000,0,line_too_few_bands,0.0000,0.0000,0.0000,0.0000,0.0000,0,0,0.0000,0,0.0945,0.0000,0.0000,0.0000,0.0000,0.0000,IDLE,0,0,step_zone_after_max seek=7.58>3.20,0,0,0.000,0,nan,nan,nan,0.0000,0,5,0.6000,0.5768,0.3290,0.5768,0.0232,本圈台阶完成,1,0.0000,0.150,0.330
