t,phase,phase_age,lap,seek_distance,roundabout_gate_score,roundabout_gate_evidence,roundabout_gate_source,first_roundabout_gate_seek,roundabout_gate_first_seen_seek,roundabout_approach_compensation,roundabout_entry_age,roundabout_entry_disp,mode,cmd_v,cmd_w,line_valid,line_reason,line_error,near_error,mid_error,far_error,line_confidence,valid_bands,crosswalk_detected,crosswalk_score,yellow_detected,yellow_score,near_mid_delta,mid_far_delta,near_far_delta,center_error,last_cmd_w,step_state,step_done_this_lap,step_waiting_alignment,step_align_reason,step_fixed_latched,step_reverse_active,step_candidate_evidence,step_detected,step_distance,step_filtered_distance,step_height,step_confidence,step_pose_valid,step_edge_angle_rad,step_lateral_offset_m,step_confirm_frames,step_required_frames,step_target_travel,step_commanded_traveled,step_odom_traveled,step_trigger_traveled,step_remaining,step_stop_reason,odom_fresh,yaw_error,jump_profile_min,jump_profile_max
5691.685,SEEK_ROUNDABOUT,0.915,0,0.000,0.0000,0.0000,none,,,0.000,,,camera_timeout,0.0000,0.0000,0,,nan,nan,nan,nan,0.0000,0,0,0.0000,0,0.0000,nan,nan,nan,nan,0.0000,IDLE,0,0,waiting_detection,0,0,0.000,0,nan,nan,nan,0.0000,0,nan,nan,0,5,0.0000,0.0000,0.0000,0.0000,0.0000,等待台阶,1,0.0000,0.150,0.330
5691.752,SEEK_ROUNDABOUT,0.982,0,0.000,0.0000,0.0000,none,,,0.000,,,camera_timeout,0.0000,0.0000,0,,nan,nan,nan,nan,0.0000,0,0,0.0000,0,0.0000,nan,nan,nan,nan,0.0000,IDLE,0,0,waiting_detection,0,0,0.000,0,nan,nan,nan,0.0000,0,nan,nan,0,5,0.0000,0.0000,0.0000,0.0000,0.0000,等待台阶,1,0.0000,0.150,0.330
5691.819,SEEK_ROUNDABOUT,1.049,0,0.000,0.0000,0.0000,none,,,0.000,,,camera_timeout,0.0000,0.0000,0,,nan,nan,nan,nan,0.0000,0,0,0.0000,0,0.0000,nan,nan,nan,nan,0.0000,IDLE,0,0,waiting_detection,0,0,0.000,0,nan,nan,nan,0.0000,0,nan,nan,0,5,0.0000,0.0000,0.0000,0.0000,0.0000,等待台阶,1,0.0000,0.150,0.330
5691.885,SEEK_ROUNDABOUT,1.115,0,0.000,0.0000,0.0000,none,,,0.000,,,camera_timeout,0.0000,0.0000,0,,nan,nan,nan,nan,0.0000,0,0,0.0000,0,0.0000,nan,nan,nan,nan,0.0000,IDLE,0,0,waiting_detection,0,0,0.000,0,nan,nan,nan,0.0000,0,nan,nan,0,5,0.0000,0.0000,0.0000,0.0000,0.0000,等待台阶,1,0.0000,0.150,0.330
5691.952,SEEK_ROUNDABOUT,1.182,0,0.000,0.0000,0.0000,none,,,0.000,,,camera_timeout,0.0000,0.0000,0,,nan,nan,nan,nan,0.0000,0,0,0.0000,0,0.0000,nan,nan,nan,nan,0.0000,IDLE,0,0,waiting_detection,0,0,0.000,0,nan,nan,nan,0.0000,0,nan,nan,0,5,0.0000,0.0000,0.0000,0.0000,0.0000,等待台阶,1,0.0000,0.150,0.330
5692.019,SEEK_ROUNDABOUT,1.249,0,0.000,0.0000,0.0000,none,,,0.000,,,camera_timeout,0.0000,0.0000,0,,nan,nan,nan,nan,0.0000,0,0,0.0000,0,0.0000,nan,nan,nan,nan,0.0000,IDLE,0,0,waiting_detection,0,0,0.000,0,nan,nan,nan,0.0000,0,nan,nan,0,5,0.0000,0.0000,0.0000,0.0000,0.0000,等待台阶,1,0.0000,0.150,0.330
5692.086,SEEK_ROUNDABOUT,1.316,0,0.000,0.0000,0.0000,none,,,0.000,,,camera_timeout,0.0000,0.0000,0,,nan,nan,nan,nan,0.0000,0,0,0.0000,0,0.0000,nan,nan,nan,nan,0.0000,IDLE,0,0,waiting_detection,0,0,0.000,0,nan,nan,nan,0.0000,0,nan,nan,0,5,0.0000,0.0000,0.0000,0.0000,0.0000,等待台阶,1,0.0000,0.150,0.330
5692.152,SEEK_ROUNDABOUT,1.383,0,0.000,0.0000,0.0000,none,,,0.000,,,camera_timeout,0.0000,0.0000,0,,nan,nan,nan,nan,0.0000,0,0,0.0000,0,0.0000,nan,nan,nan,nan,0.0000,IDLE,0,0,waiting_detection,0,0,0.000,0,nan,nan,nan,0.0000,0,nan,nan,0,5,0.0000,0.0000,0.0000,0.0000,0.0000,等待台阶,1,0.0000,0.150,0.330
5692.219,SEEK_ROUNDABOUT,1.449,0,0.000,0.0000,0.0000,none,,,0.000,,,camera_timeout,0.0000,0.0000,0,,nan,nan,nan,nan,0.0000,0,0,0.0000,0,0.0000,nan,nan,nan,nan,0.0000,IDLE,0,0,waiting_detection,0,0,0.000,0,nan,nan,nan,0.0000,0,nan,nan,0,5,0.0000,0.0000,0.0000,0.0000,0.0000,等待台阶,1,0.0000,0.150,0.330
5692.286,SEEK_ROUNDABOUT,1.516,0,0.000,0.0000,0.0000,none,,,0.000,,,camera_timeout,0.0000,0.0000,0,,nan,nan,nan,nan,0.0000,0,0,0.0000,0,0.0000,nan,nan,nan,nan,0.0000,IDLE,0,0,waiting_detection,0,0,0.000,0,nan,nan,nan,0.0000,0,nan,nan,0,5,0.0000,0.0000,0.0000,0.0000,0.0000,等待台阶,1,0.0000,0.150,0.330
5692.352,SEEK_ROUNDABOUT,1.582,0,0.000,0.0000,0.0000,none,,,0.000,,,camera_timeout,0.0000,0.0000,0,,nan,nan,nan,nan,0.0000,0,0,0.0000,0,0.0000,nan,nan,nan,nan,0.0000,IDLE,0,0,waiting_detection,0,0,0.000,0,nan,nan,nan,0.0000,0,nan,nan,0,5,0.0000,0.0000,0.0000,0.0000,0.0000,等待台阶,1,0.0000,0.150,0.330
5692.419,SEEK_ROUNDABOUT,1.649,0,0.000,0.0000,0.0000,none,,,0.000,,,camera_timeout,0.0000,0.0000,0,,nan,nan,nan,nan,0.0000,0,0,0.0000,0,0.0000,nan,nan,nan,nan,0.0000,IDLE,0,0,waiting_detection,0,0,0.000,0,nan,nan,nan,0.0000,0,nan,nan,0,5,0.0000,0.0000,0.0000,0.0000,0.0000,等待台阶,1,0.0000,0.150,0.330
5692.486,SEEK_ROUNDABOUT,1.716,0,0.000,0.0000,0.0000,none,,,0.000,,,camera_timeout,0.0000,0.0000,0,,nan,nan,nan,nan,0.0000,0,0,0.0000,0,0.0000,nan,nan,nan,nan,0.0000,IDLE,0,0,waiting_detection,0,0,0.000,0,nan,nan,nan,0.0000,0,nan,nan,0,5,0.0000,0.0000,0.0000,0.0000,0.0000,等待台阶,1,0.0000,0.150,0.330
5692.552,SEEK_ROUNDABOUT,1.782,0,0.000,0.0000,0.0000,none,,,0.000,,,camera_timeout,0.0000,0.0000,0,,nan,nan,nan,nan,0.0000,0,0,0.0000,0,0.0000,nan,nan,nan,nan,0.0000,IDLE,0,0,waiting_detection,0,0,0.000,0,nan,nan,nan,0.0000,0,nan,nan,0,5,0.0000,0.0000,0.0000,0.0000,0.0000,等待台阶,1,0.0000,0.150,0.330
5692.619,SEEK_ROUNDABOUT,1.849,0,0.000,0.0000,0.0000,none,,,0.000,,,camera_timeout,0.0000,0.0000,0,,nan,nan,nan,nan,0.0000,0,0,0.0000,0,0.0000,nan,nan,nan,nan,0.0000,IDLE,0,0,waiting_detection,0,0,0.000,0,nan,nan,nan,0.0000,0,nan,nan,0,5,0.0000,0.0000,0.0000,0.0000,0.0000,等待台阶,1,0.0000,0.150,0.330
5692.686,SEEK_ROUNDABOUT,1.916,0,0.000,0.0000,0.0000,none,,,0.000,,,camera_timeout,0.0000,0.0000,0,,nan,nan,nan,nan,0.0000,0,0,0.0000,0,0.0000,nan,nan,nan,nan,0.0000,IDLE,0,0,waiting_detection,0,0,0.000,0,nan,nan,nan,0.0000,0,nan,nan,0,5,0.0000,0.0000,0.0000,0.0000,0.0000,等待台阶,1,0.0000,0.150,0.330
5692.752,SEEK_ROUNDABOUT,1.982,0,0.000,0.0000,0.0000,none,,,0.000,,,camera_timeout,0.0000,0.0000,0,,nan,nan,nan,nan,0.0000,0,0,0.0000,0,0.0000,nan,nan,nan,nan,0.0000,IDLE,0,0,waiting_detection,0,0,0.000,0,nan,nan,nan,0.0000,0,nan,nan,0,5,0.0000,0.0000,0.0000,0.0000,0.0000,等待台阶,1,0.0000,0.150,0.330
5692.819,SEEK_ROUNDABOUT,2.049,0,0.000,0.0000,0.0000,none,,,0.000,,,camera_timeout,0.0000,0.0000,0,,nan,nan,nan,nan,0.0000,0,0,0.0000,0,0.0000,nan,nan,nan,nan,0.0000,IDLE,0,0,waiting_detection,0,0,0.000,0,nan,nan,nan,0.0000,0,nan,nan,0,5,0.0000,0.0000,0.0000,0.0000,0.0000,等待台阶,1,0.0000,0.150,0.330
5692.886,SEEK_ROUNDABOUT,2.116,0,0.000,0.0000,0.0000,none,,,0.000,,,camera_timeout,0.0000,0.0000,0,,nan,nan,nan,nan,0.0000,0,0,0.0000,0,0.0000,nan,nan,nan,nan,0.0000,IDLE,0,0,waiting_detection,0,0,0.000,0,nan,nan,nan,0.0000,0,nan,nan,0,5,0.0000,0.0000,0.0000,0.0000,0.0000,等待台阶,1,0.0000,0.150,0.330
5692.954,SEEK_ROUNDABOUT,2.184,0,0.000,0.0000,0.0000,none,,,0.000,,,camera_timeout,0.0000,0.0000,0,,nan,nan,nan,nan,0.0000,0,0,0.0000,0,0.0000,nan,nan,nan,nan,0.0000,IDLE,0,0,waiting_detection,0,0,0.000,0,nan,nan,nan,0.0000,0,nan,nan,0,5,0.0000,0.0000,0.0000,0.0000,0.0000,等待台阶,1,0.0000,0.150,0.330
5693.019,SEEK_ROUNDABOUT,2.250,0,0.000,0.0000,0.0000,none,,,0.000,,,camera_timeout,0.0000,0.0000,0,,nan,nan,nan,nan,0.0000,0,0,0.0000,0,0.0000,nan,nan,nan,nan,0.0000,IDLE,0,0,waiting_detection,0,0,0.000,0,nan,nan,nan,0.0000,0,nan,nan,0,5,0.0000,0.0000,0.0000,0.0000,0.0000,等待台阶,1,0.0000,0.150,0.330
5693.086,SEEK_ROUNDABOUT,2.316,0,0.000,0.0000,0.0000,none,,,0.000,,,camera_timeout,0.0000,0.0000,0,,nan,nan,nan,nan,0.0000,0,0,0.0000,0,0.0000,nan,nan,nan,nan,0.0000,IDLE,0,0,waiting_detection,0,0,0.000,0,nan,nan,nan,0.0000,0,nan,nan,0,5,0.0000,0.0000,0.0000,0.0000,0.0000,等待台阶,1,0.0000,0.150,0.330
5693.153,SEEK_ROUNDABOUT,0.000,0,0.000,0.0000,0.0000,none,,,0.000,,,line_lost_stop,0.0000,0.0000,0,line_too_few_bands,0.0000,0.0000,0.0000,0.0000,0.0000,0,0,0.0000,0,0.0000,0.0000,0.0000,0.0000,0.0000,0.0000,IDLE,0,0,step_zone_before_min seek=0.00<1.25,0,0,0.000,0,nan,nan,nan,0.0000,0,nan,nan,0,5,0.0000,0.0000,0.0000,0.0000,0.0000,等待台阶,1,0.0000,0.150,0.330
5693.291,SEEK_ROUNDABOUT,0.138,0,0.000,0.0000,0.0000,none,,,0.000,,,line_lost_stop,0.0000,0.0000,0,line_too_few_bands,0.0000,0.0000,0.0000,0.0000,0.0000,1,0,0.0000,0,0.0000,0.0000,0.0000,0.0000,0.0000,0.0000,IDLE,0,0,step_zone_before_min seek=0.00<1.25,0,0,0.000,0,nan,nan,nan,0.0000,0,nan,nan,0,5,0.0000,0.0000,0.0000,0.0000,0.0000,等待台阶,1,0.0000,0.150,0.330
5693.363,SEEK_ROUNDABOUT,0.210,0,0.000,0.0000,0.0000,none,,,0.000,,,line_lost_stop,0.0000,0.0000,0,line_too_few_bands,0.0000,0.0000,0.0000,0.0000,0.0000,1,0,0.0000,0,0.0000,0.0000,0.0000,0.0000,0.0000,0.0000,IDLE,0,0,step_zone_before_min seek=0.00<1.25,0,0,0.000,0,nan,nan,nan,0.0000,0,nan,nan,0,5,0.0000,0.0000,0.0000,0.0000,0.0000,等待台阶,1,0.0000,0.150,0.330
5693.447,SEEK_ROUNDABOUT,0.294,0,0.000,0.0000,0.0000,none,,,0.000,,,line_lost_stop,0.0000,0.0000,0,line_too_few_bands,0.0000,0.0000,0.0000,0.0000,0.0000,0,0,0.0000,0,0.0000,0.0000,0.0000,0.0000,0.0000,0.0000,IDLE,0,0,step_zone_before_min seek=0.00<1.25,0,0,0.000,0,nan,nan,nan,0.0000,0,nan,nan,0,5,0.0000,0.0000,0.0000,0.0000,0.0000,等待台阶,1,0.0000,0.150,0.330
5693.788,SEEK_ROUNDABOUT,0.635,0,0.000,0.0000,0.0000,none,,,0.000,,,line_lost_stop,0.0000,0.0000,0,line_too_few_bands,0.0000,0.0000,0.0000,0.0000,0.0000,1,0,0.0000,0,0.0000,0.0000,0.0000,0.0000,0.0000,0.0000,IDLE,0,0,step_zone_before_min seek=0.00<1.25,0,0,0.000,0,nan,nan,nan,0.0000,0,nan,nan,0,5,0.0000,0.0000,0.0000,0.0000,0.0000,等待台阶,1,0.0000,0.150,0.330
5693.873,SEEK_ROUNDABOUT,0.720,0,0.000,0.0000,0.0000,none,,,0.000,,,tracking,0.0323,-0.1419,1,line_center_tracking,0.1314,0.1314,0.1313,0.1313,0.4746,2,0,0.0000,0,0.0000,0.0002,0.0000,0.0002,0.1313,-0.1419,IDLE,0,0,step_zone_before_min seek=0.00<1.25,0,0,0.000,0,nan,nan,nan,0.0000,0,nan,nan,0,5,0.0000,0.0000,0.0000,0.0000,0.0000,等待台阶,1,0.0000,0.150,0.330
5694.054,SEEK_ROUNDABOUT,0.901,0,0.000,0.0000,0.0000,none,,,0.000,,,line_bridge_loss,0.0350,-0.0567,0,line_too_few_bands,0.0000,0.0000,0.0000,0.0000,0.0000,1,0,0.0000,0,0.0000,0.0000,0.0000,0.0000,0.0000,-0.0567,IDLE,0,0,step_zone_before_min seek=0.00<1.25,0,0,0.000,0,nan,nan,nan,0.0000,0,nan,nan,0,5,0.0000,0.0000,0.0000,0.0000,0.0000,等待台阶,1,0.0000,0.150,0.330
5694.209,SEEK_ROUNDABOUT,1.056,0,0.000,0.0000,0.0000,none,,,0.000,,,tracking,0.0857,-0.1292,1,line_center_tracking,0.1081,0.1086,0.1069,0.1069,0.4701,2,0,0.0000,0,0.0000,0.0018,0.0000,0.0018,0.1075,-0.1292,IDLE,0,0,step_zone_before_min seek=0.00<1.25,0,0,0.000,0,nan,nan,nan,0.0000,0,nan,nan,0,5,0.0000,0.0000,0.0000,0.0000,0.0000,等待台阶,1,0.0000,0.150,0.330
5694.369,SEEK_ROUNDABOUT,1.216,0,0.010,0.0000,0.0000,none,,,0.000,,,tracking,0.1363,-0.1065,1,line_center_tracking,0.0795,0.0933,0.0439,0.0375,0.7280,5,0,0.0000,0,0.0000,0.0494,0.0064,0.0558,0.0583,-0.1065,IDLE,0,0,step_zone_before_min seek=0.00<1.25,0,0,0.000,0,nan,nan,nan,0.0000,0,nan,nan,0,5,0.0000,0.0000,0.0000,0.0000,0.0000,等待台阶,1,0.0000,0.150,0.330
5694.536,SEEK_ROUNDABOUT,1.383,0,0.020,0.0000,0.0000,none,,,0.000,,,tracking,0.1700,-0.1084,1,line_curve_center_riding,0.1000,0.1036,0.0449,-0.1095,0.8903,7,0,0.0000,0,0.0000,0.0587,0.1544,0.2130,0.0130,-0.1084,IDLE,0,0,step_zone_before_min seek=0.01<1.25,0,0,0.000,0,nan,nan,nan,0.0000,0,nan,nan,0,5,0.0000,0.0000,0.0000,0.0000,0.0000,等待台阶,1,0.0000,0.150,0.330
5694.687,SEEK_ROUNDABOUT,1.534,0,0.030,0.0000,0.0000,none,,,0.000,,,tracking,0.1700,-0.1375,1,line_curve_center_riding,0.1509,0.1533,0.1137,-0.1761,0.9475,8,0,0.0000,0,0.0000,0.0396,0.2897,0.3294,0.0303,-0.1375,IDLE,0,0,step_zone_before_min seek=0.02<1.25,0,0,0.000,0,nan,nan,nan,0.0000,0,nan,nan,0,5,0.0000,0.0000,0.0000,0.0000,0.0000,等待台阶,1,0.0000,0.150,0.330
5694.839,SEEK_ROUNDABOUT,1.686,0,0.040,0.0000,0.0000,none,,,0.000,,,tracking,0.1700,-0.1187,1,line_curve_center_riding,0.0970,0.1004,0.0421,-0.2137,0.9573,8,0,0.0000,0,0.0000,0.0583,0.2558,0.3141,-0.0237,-0.1187,IDLE,0,0,step_zone_before_min seek=0.03<1.25,0,0,0.000,0,nan,nan,nan,0.0000,0,nan,nan,0,5,0.0000,0.0000,0.0000,0.0000,0.0000,等待台阶,1,0.0000,0.150,0.330
5694.986,SEEK_ROUNDABOUT,1.833,0,0.049,0.0000,0.0000,none,,,0.000,,,tracking,0.1700,-0.1057,1,line_curve_center_riding,0.0861,0.0898,0.0285,-0.2721,0.9477,8,0,0.0000,0,0.0000,0.0613,0.3006,0.3619,-0.0513,-0.1057,IDLE,0,0,step_zone_before_min seek=0.04<1.25,0,0,0.000,0,nan,nan,nan,0.0000,0,nan,nan,0,5,0.0000,0.0000,0.0000,0.0000,0.0000,等待台阶,1,0.0000,0.150,0.330
5695.136,SEEK_ROUNDABOUT,1.983,0,0.060,0.0000,0.0000,none,,,0.000,,,tracking,0.1700,-0.0822,1,line_curve_center_riding,0.0559,0.0598,-0.0064,-0.3200,0.9458,8,0,0.0000,0,0.0000,0.0662,0.3136,0.3798,-0.0888,-0.0822,IDLE,0,0,step_zone_before_min seek=0.05<1.25,0,0,0.000,0,nan,nan,nan,0.0000,0,nan,nan,0,5,0.0000,0.0000,0.0000,0.0000,0.0000,等待台阶,1,0.0000,0.150,0.330
5695.280,SEEK_ROUNDABOUT,2.127,0,0.070,0.0000,0.0000,none,,,0.000,,,tracking,0.1700,-0.0577,1,line_curve_center_riding,0.0318,0.0364,-0.0413,-0.3720,0.9426,8,0,0.0000,0,0.0000,0.0777,0.3307,0.4084,-0.1256,-0.0577,IDLE,0,0,step_zone_before_min seek=0.06<1.25,0,0,0.000,0,nan,nan,nan,0.0000,0,nan,nan,0,5,0.0000,0.0000,0.0000,0.0000,0.0000,等待台阶,1,0.0000,0.150,0.330
5695.420,SEEK_ROUNDABOUT,2.267,0,0.080,0.0000,0.0000,none,,,0.000,,,tracking,0.1700,-0.0185,1,line_curve_center_riding,-0.0164,-0.0109,-0.1032,-0.3857,0.8724,7,0,0.0000,0,0.0000,0.0923,0.2825,0.3748,-0.1666,-0.0185,IDLE,0,0,step_zone_before_min seek=0.07<1.25,0,0,0.000,0,nan,nan,nan,0.0000,0,nan,nan,0,5,0.0000,0.0000,0.0000,0.0000,0.0000,等待台阶,1,0.0000,0.150,0.330
5695.568,SEEK_ROUNDABOUT,2.415,0,0.094,0.0000,0.0000,none,,,0.000,,,tracking,0.1700,0.0020,1,line_curve_center_riding,-0.0219,-0.0157,-0.1190,-0.4203,0.8697,7,0,0.0000,0,0.0043,0.1033,0.3013,0.4045,-0.1850,0.0020,IDLE,0,0,step_zone_before_min seek=0.08<1.25,0,0,0.000,0,nan,nan,nan,0.0000,0,nan,nan,0,5,0.0000,0.0000,0.0000,0.0000,0.0000,等待台阶,1,0.0000,0.150,0.330
5695.708,SEEK_ROUNDABOUT,2.555,0,0.112,0.0000,0.0000,none,,,0.000,,,tracking,0.1450,-0.0058,1,line_curve_center_riding,0.0095,0.0170,-0.1077,-0.4814,0.8594,7,0,0.0000,0,0.0000,0.1247,0.3737,0.4984,-0.1907,-0.0058,IDLE,0,0,step_zone_before_min seek=0.09<1.25,0,0,0.000,0,nan,nan,nan,0.0000,0,nan,nan,0,5,0.0000,0.0000,0.0000,0.0000,0.0000,等待台阶,1,0.0000,0.150,0.330
5695.858,SEEK_ROUNDABOUT,2.705,0,0.131,0.0000,0.0000,none,,,0.000,,,tracking,0.1450,0.0023,1,line_curve_center_riding,-0.0082,-0.0000,-0.1361,-0.4940,0.8615,7,0,0.0000,0,0.0000,0.1361,0.3579,0.4940,-0.2100,0.0023,IDLE,0,0,step_zone_before_min seek=0.11<1.25,0,0,0.000,0,nan,nan,nan,0.0000,0,nan,nan,0,5,0.0000,0.0000,0.0000,0.0000,0.0000,等待台阶,1,0.0000,0.150,0.330
5696.029,SEEK_ROUNDABOUT,2.876,0,0.156,0.0000,0.0000,none,,,0.000,,,tracking,0.1450,0.0161,1,line_curve_center_riding,-0.0270,-0.0174,-0.1779,-0.5875,0.8530,7,0,0.0000,0,0.0043,0.1605,0.4096,0.5701,-0.2610,0.0161,IDLE,0,0,step_zone_before_min seek=0.13<1.25,0,0,0.000,0,nan,nan,nan,0.0000,0,nan,nan,0,5,0.0000,0.0000,0.0000,0.0000,0.0000,等待台阶,1,0.0000,0.150,0.330
5696.166,SEEK_ROUNDABOUT,3.013,0,0.176,0.0000,0.0000,none,,,0.000,,,tracking,0.1700,0.0783,1,line_curve_center_riding,-0.1229,-0.1123,-0.2884,-0.4692,0.7794,6,0,0.0000,0,0.0000,0.1761,0.1807,0.3568,-0.2900,0.0783,IDLE,0,0,step_zone_before_min seek=0.16<1.25,0,0,0.000,0,nan,nan,nan,0.0000,0,nan,nan,0,5,0.0000,0.0000,0.0000,0.0000,0.0000,等待台阶,1,0.0000,0.150,0.330
5696.305,SEEK_ROUNDABOUT,3.152,0,0.200,0.0000,0.0000,none,,,0.000,,,tracking,0.1700,0.1050,1,line_curve_center_riding,-0.1240,-0.1119,-0.3142,-0.5093,0.7741,6,0,0.0000,0,0.0000,0.2023,0.1951,0.3974,-0.3118,0.1050,IDLE,0,0,step_zone_before_min seek=0.18<1.25,0,0,0.000,0,nan,nan,nan,0.0000,0,nan,nan,0,5,0.0000,0.0000,0.0000,0.0000,0.0000,等待台阶,1,0.0000,0.150,0.330
5696.468,SEEK_ROUNDABOUT,3.315,0,0.228,0.0000,0.0000,none,,,0.000,,,tracking,0.1700,0.1236,1,line_curve_center_riding,-0.1328,-0.1191,-0.3464,-0.3898,0.5949,4,0,0.0000,0,0.0000,0.2272,0.0434,0.2706,-0.2851,0.1236,IDLE,0,0,step_zone_before_min seek=0.20<1.25,0,0,0.000,0,nan,nan,nan,0.0000,0,nan,nan,0,5,0.0000,0.0000,0.0000,0.0000,0.0000,等待台阶,1,0.0000,0.150,0.330
5696.658,SEEK_ROUNDABOUT,3.505,0,0.274,0.0000,0.0000,none,,,0.000,,,tracking,0.1450,0.1153,1,line_curve_center_riding,-0.1014,-0.0849,-0.3603,-0.6357,0.7532,6,0,0.0000,0,0.0043,0.2755,0.2754,0.5509,-0.3603,0.1153,IDLE,0,0,step_zone_before_min seek=0.23<1.25,0,0,0.000,0,nan,nan,nan,0.0000,0,nan,nan,0,5,0.0000,0.0000,0.0000,0.0000,0.0000,等待台阶,1,0.0000,0.150,0.330
5696.791,SEEK_ROUNDABOUT,3.638,0,0.302,0.0000,0.0000,none,,,0.000,,,tracking,0.1450,0.1270,1,line_curve_center_riding,-0.1265,-0.1084,-0.4102,-0.4550,0.6748,5,0,0.0000,0,0.0000,0.3018,0.0448,0.3466,-0.3245,0.1270,IDLE,0,0,step_zone_before_min seek=0.27<1.25,0,0,0.000,0,nan,nan,nan,0.0000,0,nan,nan,0,5,0.0000,0.0000,0.0000,0.0000,0.0000,等待台阶,1,0.0000,0.150,0.330
5696.929,SEEK_ROUNDABOUT,3.776,0,0.334,0.0000,0.0000,none,,,0.000,,,tracking,0.1450,0.1308,1,line_curve_center_riding,-0.1250,-0.1008,-0.5055,-0.5829,0.5516,4,0,0.0000,0,0.0043,0.4047,0.0774,0.4821,-0.3964,0.1308,IDLE,0,0,step_zone_before_min seek=0.30<1.25,0,0,0.000,0,nan,nan,nan,0.0000,0,nan,nan,0,5,0.0000,0.0000,0.0000,0.0000,0.0000,等待台阶,1,0.0000,0.150,0.330
5697.066,SEEK_ROUNDABOUT,3.913,0,0.365,0.0000,0.0000,none,,,0.000,,,tracking,0.1450,0.1836,1,line_curve_center_riding,-0.2123,-0.1944,-0.4929,-0.4929,0.5792,4,0,0.0000,0,0.0344,0.2985,0.0000,0.2985,-0.3934,0.1836,IDLE,0,0,step_zone_before_min seek=0.33<1.25,0,0,0.000,0,nan,nan,nan,0.0000,0,nan,nan,0,5,0.0000,0.0000,0.0000,0.0000,0.0000,等待台阶,1,0.0000,0.150,0.330
5697.211,SEEK_ROUNDABOUT,4.058,0,0.413,0.0000,0.0000,none,,,0.000,,,tracking,0.1626,0.3400,1,line_curve_center_riding,-0.4453,-0.4370,-0.5756,-0.5756,0.4973,3,0,0.0000,0,0.0086,0.1386,0.0000,0.1386,-0.5294,0.3400,IDLE,0,0,step_zone_before_min seek=0.37<1.25,0,0,0.000,0,nan,nan,nan,0.0000,0,nan,nan,0,5,0.0000,0.0000,0.0000,0.0000,0.0000,等待台阶,1,0.0000,0.150,0.330
5697.340,SEEK_ROUNDABOUT,4.187,0,0.448,0.0000,0.0000,none,,,0.000,,,tracking,0.1342,0.4504,1,line_center_tracking,-0.5164,-0.5111,-0.5298,-0.5298,0.4226,2,0,0.0000,0,0.0129,0.0186,0.0000,0.0186,-0.5236,0.4504,IDLE,0,0,step_zone_before_min seek=0.41<1.25,0,0,0.000,0,nan,nan,nan,0.0000,0,nan,nan,0,5,0.0000,0.0000,0.0000,0.0000,0.0000,等待台阶,1,0.0000,0.150,0.330
5697.483,SEEK_ROUNDABOUT,4.330,0,0.487,0.0000,0.0000,none,,,0.000,,,tracking,0.1050,0.5068,1,line_hard_turn_centering,-0.5263,-0.5241,-0.5455,-0.5455,0.4147,2,0,0.0000,0,0.0086,0.0214,0.0000,0.0214,-0.5384,0.5068,IDLE,0,0,step_zone_before_min seek=0.45<1.25,0,0,0.000,0,nan,nan,nan,0.0000,0,nan,nan,0,5,0.0000,0.0000,0.0000,0.0000,0.0000,等待台阶,1,0.0000,0.150,0.330
5697.637,SEEK_ROUNDABOUT,4.484,0,0.531,0.0000,0.0000,none,,,0.000,,,tracking,0.1194,0.5079,1,line_center_tracking,-0.4772,-0.4701,-0.4954,-0.4954,0.4039,2,0,0.0000,0,0.0086,0.0253,0.0000,0.0253,-0.4870,0.5079,IDLE,0,0,step_zone_before_min seek=0.49<1.25,0,0,0.000,0,nan,nan,nan,0.0000,0,nan,nan,0,5,0.0000,0.0000,0.0000,0.0000,0.0000,等待台阶,1,0.0000,0.150,0.330
5697.770,SEEK_ROUNDABOUT,4.617,0,0.563,0.0000,0.0000,none,,,0.000,,,tracking,0.1395,0.4299,1,line_curve_center_riding,-0.3372,-0.3201,-0.6048,-0.6048,0.3285,2,0,0.0000,0,0.0043,0.2847,0.0000,0.2847,-0.5099,0.4299,IDLE,0,0,step_zone_before_min seek=0.53<1.25,0,0,0.000,0,nan,nan,nan,0.0000,0,nan,nan,0,5,0.0000,0.0000,0.0000,0.0000,0.0000,等待台阶,1,0.0000,0.150,0.330
5697.916,SEEK_ROUNDABOUT,4.763,0,0.592,0.0000,0.0000,none,,,0.000,,,tracking,0.1450,0.3498,1,line_curve_center_riding,-0.2525,-0.2319,-0.5762,-0.5762,0.2979,2,0,0.0000,0,0.0172,0.3443,0.0000,0.3443,-0.4614,0.3498,IDLE,0,0,step_zone_before_min seek=0.56<1.25,0,0,0.000,0,nan,nan,nan,0.0000,0,nan,nan,0,5,0.0000,0.0000,0.0000,0.0000,0.0000,等待台阶,1,0.0000,0.150,0.330
5698.042,SEEK_ROUNDABOUT,4.889,0,0.618,0.0000,0.0000,none,,,0.000,,,tracking,0.1450,0.2631,1,line_curve_center_riding,-0.1691,-0.1469,-0.5177,-0.5177,0.4450,3,0,0.0000,0,0.0172,0.3709,0.0000,0.3709,-0.3941,0.2631,IDLE,0,0,step_zone_before_min seek=0.59<1.25,0,0,0.000,0,nan,nan,nan,0.0000,0,nan,nan,0,5,0.0000,0.0000,0.0000,0.0000,0.0000,等待台阶,1,0.0000,0.150,0.330
5698.177,SEEK_ROUNDABOUT,5.024,0,0.645,0.0000,0.0000,none,,,0.000,,,tracking,0.1700,0.2567,1,line_curve_center_riding,-0.2238,-0.2124,-0.4030,-0.4030,0.4756,3,0,0.0000,0,0.0086,0.1907,0.0000,0.1907,-0.3395,0.2567,IDLE,0,0,step_zone_before_min seek=0.62<1.25,0,0,0.000,0,nan,nan,nan,0.0000,0,nan,nan,0,5,0.0000,0.0000,0.0000,0.0000,0.0000,等待台阶,1,0.0000,0.150,0.330
5698.314,SEEK_ROUNDABOUT,5.161,0,0.674,0.0000,0.0000,none,,,0.000,,,tracking,0.1450,0.1532,1,line_curve_center_riding,-0.0583,-0.0359,-0.4098,-0.4098,0.5637,4,0,0.0000,0,0.0430,0.3740,0.0000,0.3740,-0.2852,0.1532,IDLE,0,0,step_zone_before_min seek=0.64<1.25,0,0,0.000,0,nan,nan,nan,0.0000,0,nan,nan,0,5,0.0000,0.0000,0.0000,0.0000,0.0000,等待台阶,1,0.0000,0.150,0.330
5698.474,SEEK_ROUNDABOUT,5.321,0,0.698,0.0000,0.0000,none,,,0.000,,,tracking,0.1700,0.1856,1,line_curve_center_riding,-0.1890,-0.1809,-0.3160,-0.3160,0.5034,3,0,0.0000,0,0.0043,0.1351,0.0000,0.1351,-0.2710,0.1856,IDLE,0,0,step_zone_before_min seek=0.67<1.25,0,0,0.000,0,nan,nan,nan,0.0000,0,nan,nan,0,5,0.0000,0.0000,0.0000,0.0000,0.0000,等待台阶,1,0.0000,0.150,0.330
5698.611,SEEK_ROUNDABOUT,5.458,0,0.717,0.0000,0.0000,none,,,0.000,,,tracking,0.1450,0.1150,1,line_curve_center_riding,-0.0521,-0.0264,-0.4543,-0.4543,0.5514,4,0,0.0000,0,0.0129,0.4279,0.0000,0.4279,-0.3117,0.1150,IDLE,0,0,step_zone_before_min seek=0.70<1.25,0,0,0.000,0,nan,nan,nan,0.0000,0,nan,nan,0,5,0.0000,0.0000,0.0000,0.0000,0.0000,等待台阶,1,0.0000,0.150,0.330
5698.748,SEEK_ROUNDABOUT,5.595,0,0.730,0.0000,0.0000,none,,,0.000,,,tracking,0.1957,0.1626,1,line_center_tracking,-0.1825,-0.1781,-0.1938,-0.1938,0.4309,2,0,0.0000,0,0.0000,0.0157,0.0000,0.0157,-0.1886,0.1626,IDLE,0,0,step_zone_before_min seek=0.72<1.25,0,0,0.000,0,nan,nan,nan,0.0000,0,nan,nan,0,5,0.0000,0.0000,0.0000,0.0000,0.0000,等待台阶,1,0.0000,0.150,0.330
5698.883,SEEK_ROUNDABOUT,5.730,0,0.743,0.0000,0.0000,none,,,0.000,,,tracking,0.1450,0.0991,1,line_curve_center_riding,-0.0449,-0.0169,-0.4836,-0.4836,0.5413,4,0,0.0000,0,0.0000,0.4668,0.0000,0.4668,-0.3280,0.0991,IDLE,0,0,step_zone_before_min seek=0.73<1.25,0,0,0.000,0,nan,nan,nan,0.0000,0,nan,nan,0,5,0.0000,0.0000,0.0000,0.0000,0.0000,等待台阶,1,0.0000,0.150,0.330
5699.020,SEEK_ROUNDABOUT,5.867,0,0.754,0.0000,0.0000,none,,,0.000,,,tracking,0.1450,0.0727,1,line_curve_center_riding,-0.0412,-0.0149,-0.4535,-0.4535,0.5469,4,0,0.0000,0,0.0000,0.4386,0.0000,0.4386,-0.3073,0.0727,IDLE,0,0,step_zone_before_min seek=0.74<1.25,0,0,0.000,0,nan,nan,nan,0.0000,0,nan,nan,0,5,0.0000,0.0000,0.0000,0.0000,0.0000,等待台阶,1,0.0000,0.150,0.330
5699.164,SEEK_ROUNDABOUT,6.011,0,0.760,0.0000,0.0000,none,,,0.000,,,tracking,0.1450,0.0530,1,line_curve_center_riding,-0.0305,-0.0071,-0.3957,-0.3957,0.5542,4,0,0.0000,0,0.0000,0.3885,0.0000,0.3885,-0.2662,0.0530,IDLE,0,0,step_zone_before_min seek=0.75<1.25,0,0,0.000,0,nan,nan,nan,0.0000,0,nan,nan,0,5,0.0000,0.0000,0.0000,0.0000,0.0000,等待台阶,1,0.0000,0.150,0.330
5699.301,SEEK_ROUNDABOUT,6.148,0,0.768,0.0000,0.0000,none,,,0.000,,,tracking,0.1450,0.0571,1,line_curve_center_riding,-0.0542,-0.0343,-0.3659,-0.3659,0.5639,4,0,0.0000,0,0.0000,0.3316,0.0000,0.3316,-0.2554,0.0571,IDLE,0,0,step_zone_before_min seek=0.76<1.25,0,0,0.000,0,nan,nan,nan,0.0000,0,nan,nan,0,5,0.0000,0.0000,0.0000,0.0000,0.0000,等待台阶,1,0.0000,0.150,0.330
5699.449,SEEK_ROUNDABOUT,6.296,0,0.776,0.0000,0.0000,none,,,0.000,,,tracking,0.1450,0.0673,1,line_curve_center_riding,-0.0707,-0.0473,-0.4373,-0.4373,0.5534,4,0,0.0000,0,0.0000,0.3900,0.0000,0.3900,-0.3073,0.0673,IDLE,0,0,step_zone_before_min seek=0.77<1.25,0,0,0.000,0,nan,nan,nan,0.0000,0,nan,nan,0,5,0.0000,0.0000,0.0000,0.0000,0.0000,等待台阶,1,0.0000,0.150,0.330
5699.577,SEEK_ROUNDABOUT,6.424,0,0.786,0.0000,0.0000,none,,,0.000,,,tracking,0.1450,0.0958,1,line_curve_center_riding,-0.1117,-0.0854,-0.5238,-0.5238,0.5378,4,0,0.0000,0,0.0043,0.4383,0.0000,0.4383,-0.3776,0.0958,IDLE,0,0,step_zone_before_min seek=0.78<1.25,0,0,0.000,0,nan,nan,nan,0.0000,0,nan,nan,0,5,0.0000,0.0000,0.0000,0.0000,0.0000,等待台阶,1,0.0000,0.150,0.330
5699.723,SEEK_ROUNDABOUT,6.570,0,0.799,0.0000,0.0000,none,,,0.000,,,tracking,0.1700,0.1655,1,line_curve_center_riding,-0.2121,-0.2003,-0.3966,-0.3966,0.4657,3,0,0.0000,0,0.0000,0.1962,0.0000,0.1962,-0.3312,0.1655,IDLE,0,0,step_zone_before_min seek=0.79<1.25,0,0,0.000,0,nan,nan,nan,0.0000,0,nan,nan,0,5,0.0000,0.0000,0.0000,0.0000,0.0000,等待台阶,1,0.0000,0.150,0.330
5699.850,SEEK_ROUNDABOUT,6.697,0,0.812,0.0000,0.0000,none,,,0.000,,,tracking,0.1450,0.1311,1,line_curve_center_riding,-0.1005,-0.0719,-0.5476,-0.5476,0.5370,4,0,0.0000,0,0.0000,0.4757,0.0000,0.4757,-0.3891,0.1311,IDLE,0,0,step_zone_before_min seek=0.80<1.25,0,0,0.000,0,nan,nan,nan,0.0000,0,nan,nan,0,5,0.0000,0.0000,0.0000,0.0000,0.0000,等待台阶,1,0.0000,0.150,0.330
5699.980,SEEK_ROUNDABOUT,6.827,0,0.825,0.0000,0.0000,none,,,0.000,,,tracking,0.1833,0.2594,1,line_center_tracking,-0.3383,-0.3285,-0.3634,-0.3634,0.3769,2,0,0.0000,0,0.0000,0.0349,0.0000,0.0349,-0.3518,0.2594,IDLE,0,0,step_zone_before_min seek=0.81<1.25,0,0,0.000,0,nan,nan,nan,0.0000,0,nan,nan,0,5,0.0000,0.0000,0.0000,0.0000,0.0000,等待台阶,1,0.0000,0.150,0.330
5700.114,SEEK_ROUNDABOUT,6.961,0,0.840,0.0000,0.0000,none,,,0.000,,,tracking,0.1698,0.3118,1,line_center_tracking,-0.3414,-0.3312,-0.3676,-0.3676,0.3727,2,0,0.0000,0,0.0000,0.0364,0.0000,0.0364,-0.3554,0.3118,IDLE,0,0,step_zone_before_min seek=0.82<1.25,0,0,0.000,0,nan,nan,nan,0.0000,0,nan,nan,0,5,0.0000,0.0000,0.0000,0.0000,0.0000,等待台阶,1,0.0000,0.150,0.330
5700.246,SEEK_ROUNDABOUT,7.093,0,0.852,0.0000,0.0000,none,,,0.000,,,tracking,0.1698,0.3120,1,line_curve_center_riding,-0.2949,-0.2835,-0.4729,-0.4729,0.4714,3,0,0.0000,0,0.0000,0.1894,0.0000,0.1894,-0.4098,0.3120,IDLE,0,0,step_zone_before_min seek=0.84<1.25,0,0,0.000,0,nan,nan,nan,0.0000,0,nan,nan,0,5,0.0000,0.0000,0.0000,0.0000,0.0000,等待台阶,1,0.0000,0.150,0.330
5700.393,SEEK_ROUNDABOUT,7.240,0,0.874,0.0000,0.0000,none,,,0.000,,,tracking,0.1450,0.2358,1,line_curve_center_riding,-0.1575,-0.1343,-0.5212,-0.5212,0.5557,4,0,0.0000,0,0.0000,0.3869,0.0000,0.3869,-0.3922,0.2358,IDLE,0,0,step_zone_before_min seek=0.85<1.25,0,0,0.000,0,nan,nan,nan,0.0000,0,nan,nan,0,5,0.0000,0.0000,0.0000,0.0000,0.0000,等待台阶,1,0.0000,0.150,0.330
5700.549,SEEK_ROUNDABOUT,7.396,0,0.894,0.0000,0.0000,none,,,0.000,,,tracking,0.1698,0.3119,1,line_center_tracking,-0.3447,-0.3357,-0.3679,-0.3679,0.3844,2,0,0.0000,0,0.0000,0.0322,0.0000,0.0322,-0.3571,0.3119,IDLE,0,0,step_zone_before_min seek=0.87<1.25,0,0,0.000,0,nan,nan,nan,0.0000,0,nan,nan,0,5,0.0000,0.0000,0.0000,0.0000,0.0000,等待台阶,1,0.0000,0.150,0.330
5700.686,SEEK_ROUNDABOUT,7.533,0,0.914,0.0000,0.0000,none,,,0.000,,,tracking,0.1450,0.2454,1,line_curve_center_riding,-0.1797,-0.1536,-0.5888,-0.6265,0.5449,4,0,0.0000,0,0.0000,0.4352,0.0376,0.4728,-0.4563,0.2454,IDLE,0,0,step_zone_before_min seek=0.89<1.25,0,0,0.000,0,nan,nan,nan,0.0000,0,nan,nan,0,5,0.0000,0.0000,0.0000,0.0000,0.0000,等待台阶,1,0.0000,0.150,0.330
5700.815,SEEK_ROUNDABOUT,7.662,0,0.933,0.0000,0.0000,none,,,0.000,,,tracking,0.1450,0.2226,1,line_curve_center_riding,-0.1833,-0.1595,-0.5562,-0.7136,0.7422,6,0,0.0000,0,0.0516,0.3967,0.1575,0.5542,-0.4764,0.2226,IDLE,0,0,step_zone_before_min seek=0.91<1.25,0,0,0.000,0,nan,nan,nan,0.0000,0,nan,nan,0,5,0.0000,0.0000,0.0000,0.0000,0.0000,等待台阶,1,0.0000,0.150,0.330
5700.958,SEEK_ROUNDABOUT,7.805,0,0.958,0.0000,0.0000,none,,,0.000,,,tracking,0.1450,0.1956,1,line_curve_center_riding,-0.1567,-0.1323,-0.5390,-0.5859,0.3140,2,0,0.0000,0,0.0817,0.4068,0.0469,0.4537,-0.4191,0.1956,IDLE,0,0,step_zone_before_min seek=0.93<1.25,0,0,0.000,0,nan,nan,nan,0.0000,0,nan,nan,0,5,0.0000,0.0000,0.0000,0.0000,0.0000,等待台阶,1,0.0000,0.150,0.330
5701.094,SEEK_ROUNDABOUT,7.941,0,0.983,0.0000,0.0000,none,,,0.000,,,tracking,0.1450,0.2031,1,line_curve_center_riding,-0.1915,-0.1700,-0.5275,-0.6723,0.4615,3,0,0.0000,0,0.1504,0.3575,0.1448,0.5023,-0.4566,0.2031,IDLE,0,0,step_zone_before_min seek=0.96<1.25,0,0,0.000,0,nan,nan,nan,0.0000,0,nan,nan,0,5,0.0000,0.0000,0.0000,0.0000,0.0000,等待台阶,1,0.0000,0.150,0.330
5701.221,SEEK_ROUNDABOUT,8.068,0,1.004,0.0000,0.0000,none,,,0.000,,,tracking,0.1450,0.2171,1,line_curve_center_riding,-0.2123,-0.1912,-0.5418,-0.6876,0.7509,6,0,0.0000,0,0.2149,0.3506,0.1457,0.4963,-0.4735,0.2171,IDLE,0,0,step_zone_before_min seek=0.98<1.25,0,0,1.000,0,0.9900,0.9900,0.0440,0.8293,1,0.6372,-0.3776,1,5,0.0000,0.0000,0.0000,0.0000,0.0000,等待台阶,1,0.0000,0.150,0.330
5701.363,SEEK_ROUNDABOUT,8.210,0,1.032,0.0000,0.0000,none,,,0.000,,,tracking,0.1450,0.2444,1,line_curve_center_riding,-0.2495,-0.2304,-0.5483,-0.6683,0.7584,6,0,0.0000,0,0.2493,0.3179,0.1200,0.4379,-0.4823,0.2444,IDLE,0,0,step_zone_before_min seek=1.00<1.25,0,0,2.000,1,0.9700,0.9800,0.0434,0.8648,1,0.6087,-0.3548,5,5,0.0000,0.0000,0.0000,0.0000,0.0000,等待台阶,1,0.0000,0.150,0.330
5701.498,SEEK_ROUNDABOUT,8.345,0,1.062,0.0000,0.0000,none,,,0.000,,,line_bridge_loss,0.0943,0.0978,0,line_too_few_bands,0.0000,0.0000,0.0000,0.0000,0.0000,0,0,0.0000,0,0.3008,0.0000,0.0000,0.0000,0.0000,0.0978,IDLE,0,0,step_zone_before_min seek=1.03<1.25,0,0,3.000,1,0.9500,0.9700,0.0444,0.8955,1,0.5935,-0.3387,9,5,0.0000,0.0000,0.0000,0.0000,0.0000,等待台阶,1,0.0000,0.150,0.330
5701.643,SEEK_ROUNDABOUT,8.490,0,1.086,0.0000,0.0000,none,,,0.000,,,tracking,0.1450,0.3035,1,line_curve_center_riding,-0.3367,-0.3209,-0.5844,-0.6959,0.7698,6,0,0.0000,0,0.4004,0.2636,0.1115,0.3750,-0.5337,0.3035,IDLE,0,0,step_zone_before_min seek=1.06<1.25,0,0,4.000,1,0.9200,0.9600,0.0435,0.8824,1,0.5764,-0.3316,14,5,0.0000,0.0000,0.0000,0.0000,0.0000,等待台阶,1,0.0000,0.150,0.330
5701.778,SEEK_ROUNDABOUT,8.625,0,1.109,0.0000,0.0000,none,,,0.000,,,tracking,0.1293,0.4693,1,line_curve_center_riding,-0.5684,-0.5609,-0.6853,-0.7123,0.5152,3,0,0.0000,1,1.0000,0.1243,0.0270,0.1513,-0.6528,0.4693,IDLE,0,0,step_zone_before_min seek=1.09<1.25,0,0,5.000,1,0.9000,0.9500,0.0444,0.8950,1,0.5423,-0.3137,18,5,0.0000,0.0000,0.0000,0.0000,0.0000,等待台阶,1,0.0000,0.150,0.330
5701.915,SEEK_ROUNDABOUT,8.762,0,1.147,0.0000,0.0000,none,,,0.000,,,tracking,0.1050,0.5370,1,line_hard_turn_centering,-0.5657,-0.5539,-0.6723,-0.6944,0.5186,3,0,0.0000,1,1.0000,0.1185,0.0221,0.1405,-0.6402,0.5370,IDLE,0,0,step_zone_before_min seek=1.11<1.25,0,0,6.000,1,0.8800,0.9200,0.0455,0.9100,1,0.5375,-0.3045,22,5,0.0000,0.0000,0.0000,0.0000,0.0000,等待台阶,1,0.0000,0.150,0.330
5702.047,SEEK_ROUNDABOUT,8.894,0,1.174,0.0000,0.0000,none,,,0.000,,,tracking,0.1438,0.4129,1,line_curve_center_riding,-0.2920,-0.2776,-0.5177,-0.5363,0.6009,4,0,0.0000,1,1.0000,0.2401,0.0186,0.2587,-0.4438,0.4129,IDLE,0,0,step_zone_before_min seek=1.15<1.25,0,0,6.000,1,0.8600,0.9000,0.0454,0.9077,1,0.5136,-0.2867,25,5,0.0000,0.0000,0.0000,0.0000,0.0000,等待台阶,1,0.0000,0.150,0.330
5702.175,SEEK_ROUNDABOUT,9.022,0,1.209,0.0000,0.0000,none,,,0.000,,,tracking,0.1450,0.2995,1,line_curve_center_riding,-0.1788,-0.1665,-0.3715,-0.6903,0.7644,6,0,0.0000,1,1.0000,0.2050,0.3188,0.5238,-0.4095,0.2995,IDLE,0,0,step_zone_before_min seek=1.17<1.25,0,0,6.000,1,0.8400,0.8800,0.0461,0.9176,1,0.4901,-0.2789,29,5,0.0000,0.0000,0.0000,0.0000,0.0000,等待台阶,1,0.0000,0.150,0.330
5702.325,SEEK_ROUNDABOUT,9.172,0,1.236,0.2000,0.0000,none,,,0.000,,,tracking,0.1700,0.2642,1,line_curve_center_riding,-0.2042,-0.1949,-0.3505,-0.5004,0.8762,7,0,0.0000,1,1.0000,0.1556,0.1500,0.3055,-0.3486,0.2642,IDLE,0,0,step_zone_before_min seek=1.21<1.25,0,0,6.000,1,0.8200,0.8600,0.0471,0.9317,1,0.4778,-0.2648,33,5,0.0000,0.0000,0.0000,0.0000,0.0000,等待台阶,1,0.0000,0.150,0.330
5702.463,SEEK_ROUNDABOUT,9.310,0,1.258,0.4000,0.0000,none,,,0.000,,,tracking,0.1700,0.2202,1,line_curve_center_riding,-0.1650,-0.1572,-0.2867,-0.3944,0.7934,6,0,0.0000,1,1.0000,0.1294,0.1078,0.2372,-0.2794,0.2202,IDLE,0,0,step_zone_before_min seek=1.24<1.25,0,0,6.000,1,0.8000,0.8400,0.0468,0.9285,1,0.4207,-0.2439,36,5,0.0000,0.0000,0.0000,0.0000,0.0000,等待台阶,1,0.0000,0.150,0.330
5702.606,SEEK_ROUNDABOUT,9.453,0,1.258,0.4000,0.0000,none,,,0.000,,,step_align_heading/course_events_frozen,0.1193,0.2760,1,line_center_tracking,-0.2006,-0.1739,-0.2693,-0.2927,0.8052,6,0,0.0000,1,1.0000,0.0954,0.0234,0.1188,-0.2453,0.2760,IDLE,0,1,depth_pose_aligning angle=+21.6deg lat=-0.203,0,0,6.000,1,0.7900,0.8200,0.0479,0.9426,1,0.3769,-0.2028,40,5,0.0000,0.0000,0.0000,0.0000,0.0000,等待台阶,1,0.0000,0.150,0.330
5702.747,SEEK_ROUNDABOUT,9.594,0,1.258,0.2000,0.0000,none,,,0.000,,,step_align_slow/course_events_frozen,0.0687,0.2605,1,line_center_tracking,-0.1682,-0.1420,-0.2355,-0.2940,0.8042,6,0,0.0000,1,1.0000,0.0935,0.0585,0.1520,-0.2238,0.2605,IDLE,0,1,depth_pose_aligning angle=+19.2deg lat=-0.177,0,0,6.000,1,0.7800,0.8000,0.0486,0.9521,1,0.3355,-0.1771,43,5,0.0000,0.0000,0.0000,0.0000,0.0000,等待台阶,1,0.0000,0.150,0.330
5702.893,SEEK_ROUNDABOUT,9.740,0,1.258,0.0000,0.0000,none,,,0.000,,,step_align_slow/course_events_frozen,0.0300,0.1725,1,line_center_tracking,-0.1503,-0.1348,-0.1903,-0.1629,0.6315,4,0,0.0000,1,1.0000,0.0555,0.0274,0.0281,-0.1627,0.1725,IDLE,0,1,depth_pose_aligning angle=+17.4deg lat=-0.159,0,0,6.000,1,0.7700,0.7900,0.0480,0.9442,1,0.3028,-0.1594,46,5,0.0000,0.0000,0.0000,0.0000,0.0000,等待台阶,1,0.0000,0.150,0.330
5703.040,SEEK_ROUNDABOUT,9.887,0,1.258,0.0000,0.0000,none,,,0.000,,,step_align_slow/course_events_frozen,0.0300,0.1207,1,line_center_tracking,-0.0845,-0.0711,-0.1191,-0.0895,0.6331,4,0,0.0000,1,1.0000,0.0480,0.0296,0.0184,-0.0932,0.1207,IDLE,0,1,depth_pose_aligning angle=+15.1deg lat=-0.134,0,0,6.000,1,0.7500,0.7800,0.0486,0.9510,1,0.2638,-0.1343,50,5,0.0000,0.0000,0.0000,0.0000,0.0000,等待台阶,1,0.0000,0.150,0.330
5703.167,SEEK_ROUNDABOUT,10.014,0,1.258,0.2000,0.0000,none,,,0.000,,,step_align_slow/course_events_frozen,0.0300,-0.0497,1,line_curve_center_riding,0.0523,0.0533,0.0372,0.2667,0.7789,6,0,0.0000,1,1.0000,0.0161,0.2295,0.2134,0.1191,-0.0497,IDLE,0,1,depth_pose_aligning angle=+13.8deg lat=-0.127,0,0,6.000,1,0.7500,0.7700,0.0479,0.9430,1,0.2414,-0.1266,53,5,0.0000,0.0000,0.0000,0.0000,0.0000,等待台阶,1,0.0000,0.150,0.330
5703.308,SEEK_ROUNDABOUT,10.155,0,1.258,0.0000,0.0000,none,,,0.000,,,step_align_slow/course_events_frozen,0.0300,0.1059,1,line_center_tracking,0.0299,0.0518,-0.0265,-0.0265,0.5400,3,0,0.0000,1,1.0000,0.0782,0.0000,0.0782,-0.0004,0.1059,IDLE,0,1,depth_pose_aligning angle=+13.5deg lat=-0.116,0,0,6.000,1,0.7500,0.7500,0.0485,0.9496,1,0.2363,-0.1163,56,5,0.0000,0.0000,0.0000,0.0000,0.0000,等待台阶,1,0.0000,0.150,0.330
5703.446,SEEK_ROUNDABOUT,10.293,0,1.258,0.0000,0.0000,none,,,0.000,,,step_align_slow/course_events_frozen,0.0300,0.0562,1,line_center_tracking,-0.0097,-0.0008,-0.0326,-0.0326,0.5382,3,0,0.0000,1,1.0000,0.0319,0.0000,0.0319,-0.0220,0.0562,IDLE,0,1,depth_pose_aligning angle=+12.0deg lat=-0.099,0,0,6.000,1,0.7400,0.7500,0.0481,0.9445,1,0.2095,-0.0993,59,5,0.0000,0.0000,0.0000,0.0000,0.0000,等待台阶,1,0.0000,0.150,0.330
5703.577,SEEK_ROUNDABOUT,10.424,0,1.258,0.2000,0.0000,none,,,0.000,,,step_align_slow/course_events_frozen,0.0300,0.1685,1,line_curve_center_riding,0.2134,0.2210,0.0953,-0.3108,0.7616,6,0,0.0000,1,1.0000,0.1256,0.4061,0.5318,0.0018,0.1685,IDLE,0,1,depth_pose_aligning angle=+11.2deg lat=-0.094,0,0,6.000,1,0.7300,0.7500,0.0489,0.9556,1,0.1950,-0.0938,61,5,0.0000,0.0000,0.0000,0.0000,0.0000,等待台阶,1,0.0000,0.150,0.330
5703.717,SEEK_ROUNDABOUT,10.564,0,1.258,0.0000,0.0000,none,,,0.000,,,step_align_slow/course_events_frozen,0.0300,0.0910,1,line_center_tracking,-0.0122,0.0026,-0.0503,-0.0503,0.4419,2,0,0.0000,1,1.0000,0.0529,0.0000,0.0529,-0.0326,0.0910,IDLE,0,1,depth_pose_aligning angle=+9.9deg lat=-0.074,0,0,6.000,1,0.7200,0.7400,0.0479,0.9419,1,0.1725,-0.0737,64,5,0.0000,0.0000,0.0000,0.0000,0.0000,等待台阶,1,0.0000,0.150,0.330
5703.956,SEEK_ROUNDABOUT,10.803,0,1.258,0.0000,0.0000,none,,,0.000,,,step_align_creep/course_events_frozen,0.0150,0.0448,1,line_center_tracking,0.0598,0.0741,0.0231,0.0231,0.5468,3,0,0.0000,1,1.0000,0.0510,0.0000,0.0510,0.0401,0.0448,IDLE,0,1,depth_pose_aligning angle=+8.1deg lat=-0.047,0,0,6.000,1,0.7100,0.7300,0.0500,0.9707,1,0.1418,-0.0471,70,5,0.0000,0.0000,0.0000,0.0000,0.0000,等待台阶,1,0.0000,0.150,0.330
5704.152,SEEK_ROUNDABOUT,10.999,0,1.258,0.4000,0.0000,none,,,0.000,,,step_align_creep/course_events_frozen,0.0150,0.0683,1,line_center_tracking,0.0630,0.0814,0.0158,0.0040,0.7211,5,0,0.0000,1,1.0000,0.0656,0.0118,0.0774,0.0337,0.0683,IDLE,0,1,depth_pose_aligning angle=+8.8deg lat=-0.052,0,0,6.000,1,0.7000,0.7200,0.0498,0.9695,1,0.1539,-0.0516,74,5,0.0000,0.0000,0.0000,0.0000,0.0000,等待台阶,1,0.0000,0.150,0.330
5704.383,SEEK_ROUNDABOUT,11.230,0,1.258,0.2000,0.0000,none,,,0.000,,,step_align_creep/course_events_frozen,0.0150,0.3243,1,line_curve_center_riding,0.2879,0.3011,0.0811,-0.5186,0.7382,6,0,0.0000,1,1.0000,0.2200,0.5997,0.8197,-0.0455,0.3243,IDLE,0,1,depth_pose_aligning angle=+8.1deg lat=-0.038,0,0,6.000,1,0.7000,0.7050,0.0493,0.9614,1,0.1418,-0.0384,79,5,0.0000,0.0000,0.0000,0.0000,0.0000,等待台阶,1,0.0000,0.150,0.330
5704.643,SEEK_ROUNDABOUT,11.490,0,1.258,0.0000,0.0000,none,,,0.000,,,step_align_creep/course_events_frozen,0.0150,-0.0090,1,line_center_tracking,0.1346,0.1401,0.1203,0.1203,0.4626,2,0,0.0000,1,1.0000,0.0198,0.0000,0.0198,0.1269,-0.0090,IDLE,0,1,depth_pose_aligned 1/3 angle=+7.1deg lat=-0.033,0,0,6.000,1,0.7000,0.7000,0.0484,0.9501,1,0.1245,-0.0329,85,5,0.0000,0.0000,0.0000,0.0000,0.0000,等待台阶,1,0.0000,0.150,0.330
5704.809,SEEK_ROUNDABOUT,11.656,0,1.258,0.2000,0.0000,none,,,0.000,,,step_align_creep/course_events_frozen,0.0150,-0.0137,1,line_center_tracking,0.2290,0.2501,0.1748,0.1520,0.7211,5,0,0.0000,1,1.0000,0.0753,0.0228,0.0981,0.1923,-0.0137,IDLE,0,1,depth_pose_aligned 2/3 angle=+6.3deg lat=-0.035,0,0,6.000,1,0.7100,0.7000,0.0500,0.9717,1,0.1108,-0.0345,88,5,0.0000,0.0000,0.0000,0.0000,0.0000,等待台阶,1,0.0000,0.150,0.330
5704.966,SEEK_ROUNDABOUT,11.813,0,1.258,0.2000,0.0000,none,,,0.000,,,tracking,0.0657,-0.2803,1,line_center_tracking,0.2595,0.2747,0.2205,0.2114,0.7259,5,0,0.0000,1,1.0000,0.0541,0.0092,0.0633,0.2355,-0.2803,IDLE,0,0,fixed_candidate_confirm 1/3,0,0,6.000,1,0.7100,0.7050,0.0484,0.9493,0,nan,-0.0309,91,5,0.0000,0.0000,0.0000,0.0000,0.0000,等待台阶,1,0.0000,0.150,0.330
5705.186,SEEK_ROUNDABOUT,12.033,0,1.258,0.0000,0.0000,none,,,0.000,,,step_approach_begin,0.0000,0.0000,0,,nan,nan,nan,nan,0.0000,0,0,0.0000,0,0.0000,nan,nan,nan,nan,0.0000,APPROACH,0,0,depth_pose_aligned_fixed_sprint,0,0,6.000,1,0.7100,0.7100,0.0498,0.9691,1,0.0762,-0.0238,96,5,0.6000,0.0000,0.0000,0.0000,0.6000,开始按已验证参数直行到起跳距离,1,0.0000,0.150,0.330
5705.598,SEEK_ROUNDABOUT,12.445,0,1.258,0.0000,0.0000,none,,,0.000,,,step_approach_tested,0.5000,0.0000,0,,nan,nan,nan,nan,0.0000,0,0,0.0000,0,0.0000,nan,nan,nan,nan,0.0000,APPROACH,0,0,depth_pose_aligned_fixed_sprint,0,0,6.000,1,0.7300,0.7100,0.0490,0.9583,1,-0.0114,0.0005,105,5,0.6000,0.1000,-0.0356,0.1000,0.5000,APPROACH 恒速前进 source=commanded cmd=0.100 odom=-0.036 remaining=0.500,1,0.0000,0.150,0.330
5705.827,SEEK_ROUNDABOUT,12.674,0,1.258,0.0000,0.0000,none,,,0.000,,,step_approach_tested,0.5000,0.0000,0,,nan,nan,nan,nan,0.0000,0,0,0.0000,0,0.0000,nan,nan,nan,nan,0.0000,APPROACH,0,0,depth_pose_aligned_fixed_sprint,0,0,6.000,1,0.7500,0.7300,0.0477,0.9407,1,-0.0041,-0.0090,110,5,0.6000,0.2000,-0.0461,0.2000,0.4000,APPROACH 恒速前进 source=commanded cmd=0.200 odom=-0.046 remaining=0.400,1,0.0000,0.150,0.330
5706.028,SEEK_ROUNDABOUT,12.875,0,1.258,0.0000,0.0000,none,,,0.000,,,step_approach_tested,0.5000,0.0000,0,,nan,nan,nan,nan,0.0000,0,0,0.0000,0,0.0000,nan,nan,nan,nan,0.0000,APPROACH,0,0,depth_pose_aligned_fixed_sprint,0,0,6.000,1,0.7500,0.7500,0.0476,0.9386,1,0.0496,-0.0268,114,5,0.6000,0.3000,-0.0481,0.3000,0.3000,APPROACH 恒速前进 source=commanded cmd=0.300 odom=-0.048 remaining=0.300,1,0.0000,0.150,0.330
5706.211,SEEK_ROUNDABOUT,13.058,0,1.258,0.0000,0.0000,none,,,0.000,,,step_approach_tested,0.5000,0.0000,0,,nan,nan,nan,nan,0.0000,0,0,0.0000,0,0.0000,nan,nan,nan,nan,0.0000,APPROACH,0,0,depth_pose_aligned_fixed_sprint,0,0,6.000,1,0.7600,0.7500,0.0491,0.9583,1,0.0511,-0.0311,118,5,0.6000,0.3912,-0.0682,0.3912,0.2088,APPROACH 恒速前进 source=commanded cmd=0.391 odom=-0.068 remaining=0.209,1,0.0000,0.150,0.330
5706.425,SEEK_ROUNDABOUT,13.272,0,1.258,0.0000,0.0000,none,,,0.000,,,step_approach_tested,0.5000,0.0000,0,,nan,nan,nan,nan,0.0000,0,0,0.0000,0,0.0000,nan,nan,nan,nan,0.0000,APPROACH,0,0,depth_pose_aligned_fixed_sprint,0,0,6.000,1,0.7600,0.7550,0.0499,0.9708,1,0.0431,-0.0292,123,5,0.6000,0.4912,-0.0574,0.4912,0.1088,APPROACH 恒速前进 source=commanded cmd=0.491 odom=-0.057 remaining=0.109,1,0.0000,0.150,0.330
5706.621,SEEK_ROUNDABOUT,13.468,0,1.258,0.0000,0.0000,none,,,0.000,,,step_wait_enter_to_jump,0.0000,0.0000,0,,nan,nan,nan,nan,0.0000,0,0,0.0000,0,0.0000,nan,nan,nan,nan,0.0000,JUMP_CONFIRM,0,0,depth_pose_aligned_fixed_sprint,0,0,6.000,1,0.7400,0.7500,0.0474,0.9351,1,0.0592,-0.0102,127,5,0.6000,0.5892,0.0168,0.5892,0.0108,到达起跳点，等待终端回车确认,1,0.0000,0.150,0.330
5706.830,SEEK_ROUNDABOUT,13.677,0,1.258,0.0000,0.0000,none,,,0.000,,,step_wait_enter_to_jump,0.0000,0.0000,0,,nan,nan,nan,nan,0.0000,0,0,0.0000,0,0.0000,nan,nan,nan,nan,0.0000,JUMP_CONFIRM,0,0,depth_pose_aligned_fixed_sprint,0,0,6.000,1,0.6900,0.7500,0.0485,0.9476,1,0.0536,0.0053,132,5,0.6000,0.5892,0.1519,0.5892,0.0108,JUMP_CONFIRM 等待终端回车,1,0.0000,0.150,0.330
5706.971,SEEK_ROUNDABOUT,13.818,0,1.258,0.0000,0.0000,none,,,0.000,,,step_wait_enter_to_jump,0.0000,0.0000,0,,nan,nan,nan,nan,0.0000,0,0,0.0000,0,0.0000,nan,nan,nan,nan,0.0000,JUMP_CONFIRM,0,0,depth_pose_aligned_fixed_sprint,0,0,6.000,1,0.6500,0.7400,0.0491,0.9556,1,0.0667,0.0015,136,5,0.6000,0.5892,0.2444,0.5892,0.0108,JUMP_CONFIRM 等待终端回车,1,0.0000,0.150,0.330
5707.115,SEEK_ROUNDABOUT,13.962,0,1.258,0.0000,0.0000,none,,,0.000,,,step_wait_enter_to_jump,0.0000,0.0000,0,,nan,nan,nan,nan,0.0000,0,0,0.0000,0,0.0000,nan,nan,nan,nan,0.0000,JUMP_CONFIRM,0,0,depth_pose_aligned_fixed_sprint,0,0,6.000,1,0.5100,0.6900,0.0532,0.9298,0,nan,0.0095,143,5,0.6000,0.5892,0.3459,0.5892,0.0108,JUMP_CONFIRM 等待终端回车,1,0.0000,0.150,0.330
5707.259,SEEK_ROUNDABOUT,14.106,0,1.258,0.0000,0.0000,none,,,0.000,,,step_jump_after_enter,0.5000,0.0000,0,,nan,nan,nan,nan,0.0000,0,0,0.0000,0,0.0000,nan,nan,nan,nan,0.0000,JUMP,0,0,depth_pose_aligned_fixed_sprint,0,0,5.400,0,nan,0.6700,nan,0.0000,0,nan,nan,0,5,0.6000,0.5892,0.4692,0.5892,0.0108,JUMP 脉冲中,1,0.0000,0.150,0.330
5707.403,SEEK_ROUNDABOUT,14.250,0,1.258,0.0000,0.0000,none,,,0.000,,,step_jump_pulse,0.5000,0.0000,0,,nan,nan,nan,nan,0.0000,0,0,0.0000,0,0.0000,nan,nan,nan,nan,0.0000,JUMP,0,0,depth_pose_aligned_fixed_sprint,0,0,4.800,0,nan,0.6700,nan,0.0000,0,nan,nan,0,5,0.6000,0.5892,0.4692,0.5892,0.0108,JUMP 脉冲中,1,0.0000,0.150,0.330
5707.568,SEEK_ROUNDABOUT,14.415,0,1.258,0.0000,0.0000,none,,,0.000,,,step_land_forward,0.3000,0.0000,0,,nan,nan,nan,nan,0.0000,0,0,0.0000,0,0.0000,nan,nan,nan,nan,0.0000,LAND,0,0,depth_pose_aligned_fixed_sprint,0,0,4.200,0,nan,0.6500,nan,0.0000,0,nan,nan,0,5,0.6000,0.5892,0.4692,0.5892,0.0108,跳跃脉冲结束，落地继续前行,1,0.0000,0.150,0.330
5707.723,SEEK_ROUNDABOUT,14.570,0,1.258,0.0000,0.0000,none,,,0.000,,,step_land_forward,0.3000,0.0000,0,,nan,nan,nan,nan,0.0000,0,0,0.0000,0,0.0000,nan,nan,nan,nan,0.0000,LAND,0,0,depth_pose_aligned_fixed_sprint,0,0,5.200,0,0.9500,0.6500,0.0500,0.9366,1,0.0858,0.0094,2,5,0.6000,0.5892,0.4692,0.5892,0.0108,跳跃脉冲结束，落地继续前行,1,0.0000,0.150,0.330
5707.859,SEEK_ROUNDABOUT,14.706,0,1.258,0.0000,0.0000,none,,,0.000,,,step_land_forward,0.3000,0.0000,0,,nan,nan,nan,nan,0.0000,0,0,0.0000,0,0.0000,nan,nan,nan,nan,0.0000,LAND,0,0,depth_pose_aligned_fixed_sprint,0,0,6.000,0,0.7700,0.7700,0.0527,0.9106,1,-0.0268,0.2285,1,5,0.6000,0.5892,0.4692,0.5892,0.0108,跳跃脉冲结束，落地继续前行,1,0.0000,0.150,0.330
5708.005,SEEK_ROUNDABOUT,14.852,0,1.258,0.0000,0.0000,none,,,0.000,,,step_land_forward,0.3000,0.0000,0,,nan,nan,nan,nan,0.0000,0,0,0.0000,0,0.0000,nan,nan,nan,nan,0.0000,LAND,0,0,depth_pose_aligned_fixed_sprint,0,0,5.400,0,nan,0.8600,nan,0.0000,0,nan,nan,0,5,0.6000,0.5892,0.4692,0.5892,0.0108,跳跃脉冲结束，落地继续前行,1,0.0000,0.150,0.330
5708.144,SEEK_ROUNDABOUT,14.991,0,1.258,0.0000,0.0000,none,,,0.000,,,step_land_forward,0.3000,0.0000,0,,nan,nan,nan,nan,0.0000,0,0,0.0000,0,0.0000,nan,nan,nan,nan,0.0000,LAND,0,0,depth_pose_aligned_fixed_sprint,0,0,4.800,0,nan,0.8600,nan,0.0000,0,nan,nan,0,5,0.6000,0.5892,0.4692,0.5892,0.0108,跳跃脉冲结束，落地继续前行,1,0.0000,0.150,0.330
5708.283,SEEK_ROUNDABOUT,15.130,0,1.258,0.0000,0.0000,none,,,0.000,,,step_land_forward,0.3000,0.0000,0,,nan,nan,nan,nan,0.0000,0,0,0.0000,0,0.0000,nan,nan,nan,nan,0.0000,LAND,0,0,depth_pose_aligned_fixed_sprint,0,0,5.800,0,0.8300,0.8300,0.0508,0.9213,1,0.0627,0.0043,3,5,0.6000,0.5892,0.4692,0.5892,0.0108,跳跃脉冲结束，落地继续前行,1,0.0000,0.150,0.330
5708.430,SEEK_ROUNDABOUT,15.277,0,1.258,0.0000,0.0000,none,,,0.000,,,step_land_forward,0.3000,0.0000,0,,nan,nan,nan,nan,0.0000,0,0,0.0000,0,0.0000,nan,nan,nan,nan,0.0000,LAND,0,0,depth_pose_aligned_fixed_sprint,0,0,5.200,0,1.4800,0.8300,0.0638,0.7895,0,nan,0.4545,2,5,0.6000,0.5892,0.4692,0.5892,0.0108,跳跃脉冲结束，落地继续前行,1,0.0000,0.150,0.330
5708.571,SEEK_ROUNDABOUT,15.418,0,1.258,0.0000,0.0000,none,,,0.000,,,step_land_forward,0.3000,0.0000,0,,nan,nan,nan,nan,0.0000,0,0,0.0000,0,0.0000,nan,nan,nan,nan,0.0000,LAND,0,0,depth_pose_aligned_fixed_sprint,0,0,4.600,0,nan,0.8000,nan,0.0000,0,nan,nan,0,5,0.6000,0.5892,0.4692,0.5892,0.0108,跳跃脉冲结束，落地继续前行,1,0.0000,0.150,0.330
5708.709,SEEK_ROUNDABOUT,15.556,0,1.258,0.0000,0.0000,none,,,0.000,,,step_land_forward,0.3000,0.0000,0,,nan,nan,nan,nan,0.0000,0,0,0.0000,0,0.0000,nan,nan,nan,nan,0.0000,LAND,0,0,depth_pose_aligned_fixed_sprint,0,0,4.000,0,nan,0.8300,nan,0.0000,0,nan,nan,0,5,0.6000,0.5892,0.4692,0.5892,0.0108,跳跃脉冲结束，落地继续前行,1,0.0000,0.150,0.330
5708.850,SEEK_ROUNDABOUT,15.697,0,1.258,0.0000,0.0000,none,,,0.000,,,step_land_forward,0.3000,0.0000,0,,nan,nan,nan,nan,0.0000,0,0,0.0000,0,0.0000,nan,nan,nan,nan,0.0000,LAND,0,0,depth_pose_aligned_fixed_sprint,0,0,3.400,0,nan,0.8300,nan,0.0000,0,nan,nan,0,5,0.6000,0.5892,0.4692,0.5892,0.0108,跳跃脉冲结束，落地继续前行,1,0.0000,0.150,0.330
5708.998,SEEK_ROUNDABOUT,15.845,0,1.258,0.0000,0.0000,none,,,0.000,,,step_land_forward,0.3000,0.0000,0,,nan,nan,nan,nan,0.0000,0,0,0.0000,0,0.0000,nan,nan,nan,nan,0.0000,LAND,0,0,depth_pose_aligned_fixed_sprint,0,0,2.800,0,nan,0.8300,nan,0.0000,0,nan,nan,0,5,0.6000,0.5892,0.4692,0.5892,0.0108,跳跃脉冲结束，落地继续前行,1,0.0000,0.150,0.330
5709.141,SEEK_ROUNDABOUT,15.988,0,1.258,0.0000,0.0000,none,,,0.000,,,step_land_forward,0.3000,0.0000,0,,nan,nan,nan,nan,0.0000,0,0,0.0000,0,0.0000,nan,nan,nan,nan,0.0000,LAND,0,0,depth_pose_aligned_fixed_sprint,0,0,2.200,0,nan,nan,nan,0.0000,0,nan,nan,0,5,0.6000,0.5892,0.4692,0.5892,0.0108,跳跃脉冲结束，落地继续前行,1,0.0000,0.150,0.330
5709.270,SEEK_ROUNDABOUT,16.117,0,1.258,0.0000,0.0000,none,,,0.000,,,step_land_forward,0.3000,0.0000,0,,nan,nan,nan,nan,0.0000,0,0,0.0000,0,0.0000,nan,nan,nan,nan,0.0000,LAND,0,0,depth_pose_aligned_fixed_sprint,0,0,1.600,0,nan,nan,nan,0.0000,0,nan,nan,0,5,0.6000,0.5892,0.4692,0.5892,0.0108,跳跃脉冲结束，落地继续前行,1,0.0000,0.150,0.330
5709.406,SEEK_ROUNDABOUT,16.253,0,1.258,0.0000,0.0000,none,,,0.000,,,step_land_forward,0.3000,0.0000,0,,nan,nan,nan,nan,0.0000,0,0,0.0000,0,0.0000,nan,nan,nan,nan,0.0000,LAND,0,0,depth_pose_aligned_fixed_sprint,0,0,1.000,0,nan,nan,nan,0.0000,0,nan,nan,0,5,0.6000,0.5892,0.4692,0.5892,0.0108,跳跃脉冲结束，落地继续前行,1,0.0000,0.150,0.330
5709.539,SEEK_ROUNDABOUT,16.386,0,1.258,0.0000,0.0000,none,,,0.000,,,step_land_forward,0.3000,0.0000,0,,nan,nan,nan,nan,0.0000,0,0,0.0000,0,0.0000,nan,nan,nan,nan,0.0000,LAND,0,0,depth_pose_aligned_fixed_sprint,0,0,0.400,0,nan,nan,nan,0.0000,0,nan,nan,0,5,0.6000,0.5892,0.4692,0.5892,0.0108,跳跃脉冲结束，落地继续前行,1,0.0000,0.150,0.330
5709.684,SEEK_ROUNDABOUT,16.531,0,1.258,0.0000,0.0000,none,,,0.000,,,step_recover_stop,0.0000,0.0000,0,,nan,nan,nan,nan,0.0000,0,0,0.0000,0,0.0000,nan,nan,nan,nan,0.0000,RECOVER,0,0,depth_pose_aligned_fixed_sprint,0,0,0.000,0,nan,nan,nan,0.0000,0,nan,nan,0,5,0.6000,0.5892,0.4692,0.5892,0.0108,落地前行结束，停车恢复,1,0.0000,0.150,0.330
5709.844,SEEK_ROUNDABOUT,16.691,0,1.258,0.0000,0.0000,none,,,0.000,,,step_recover_stop,0.0000,0.0000,0,,nan,nan,nan,nan,0.0000,0,0,0.0000,0,0.0000,nan,nan,nan,nan,0.0000,RECOVER,0,0,depth_pose_aligned_fixed_sprint,0,0,0.000,0,nan,nan,nan,0.0000,0,nan,nan,0,5,0.6000,0.5892,0.4692,0.5892,0.0108,落地前行结束，停车恢复,1,0.0000,0.150,0.330
5709.976,SEEK_ROUNDABOUT,16.823,0,1.258,0.0000,0.0000,none,,,0.000,,,step_recover_stop,0.0000,0.0000,0,,nan,nan,nan,nan,0.0000,0,0,0.0000,0,0.0000,nan,nan,nan,nan,0.0000,RECOVER,0,0,depth_pose_aligned_fixed_sprint,0,0,0.000,0,nan,nan,nan,0.0000,0,nan,nan,0,5,0.6000,0.5892,0.4692,0.5892,0.0108,落地前行结束，停车恢复,1,0.0000,0.150,0.330
5710.114,SEEK_ROUNDABOUT,16.961,0,1.258,0.0000,0.0000,none,,,0.000,,,step_recover_stop,0.0000,0.0000,0,,nan,nan,nan,nan,0.0000,0,0,0.0000,0,0.0000,nan,nan,nan,nan,0.0000,RECOVER,0,0,depth_pose_aligned_fixed_sprint,0,0,0.000,0,nan,nan,nan,0.0000,0,nan,nan,0,5,0.6000,0.5892,0.4692,0.5892,0.0108,落地前行结束，停车恢复,1,0.0000,0.150,0.330
5710.250,SEEK_ROUNDABOUT,17.097,0,1.258,0.0000,0.0000,none,,,0.000,,,step_recover_stop,0.0000,0.0000,0,,nan,nan,nan,nan,0.0000,0,0,0.0000,0,0.0000,nan,nan,nan,nan,0.0000,RECOVER,0,0,depth_pose_aligned_fixed_sprint,0,0,0.000,0,nan,nan,nan,0.0000,0,nan,nan,0,5,0.6000,0.5892,0.4692,0.5892,0.0108,落地前行结束，停车恢复,1,0.0000,0.150,0.330
5710.386,SEEK_ROUNDABOUT,17.233,0,1.258,0.0000,0.0000,none,,,0.000,,,step_recover_stop,0.0000,0.0000,0,,nan,nan,nan,nan,0.0000,0,0,0.0000,0,0.0000,nan,nan,nan,nan,0.0000,RECOVER,0,0,depth_pose_aligned_fixed_sprint,0,0,0.000,0,nan,nan,nan,0.0000,0,nan,nan,0,5,0.6000,0.5892,0.4692,0.5892,0.0108,落地前行结束，停车恢复,1,0.0000,0.150,0.330
5710.522,SEEK_ROUNDABOUT,17.369,0,1.258,0.0000,0.0000,none,,,0.000,,,step_recover_stop,0.0000,0.0000,0,,nan,nan,nan,nan,0.0000,0,0,0.0000,0,0.0000,nan,nan,nan,nan,0.0000,RECOVER,0,0,depth_pose_aligned_fixed_sprint,0,0,0.000,0,nan,nan,nan,0.0000,0,nan,nan,0,5,0.6000,0.5892,0.4692,0.5892,0.0108,落地前行结束，停车恢复,1,0.0000,0.150,0.330
5710.664,SEEK_ROUNDABOUT,17.511,0,1.258,0.0000,0.0000,none,,,0.000,,,step_recover_stop,0.0000,0.0000,0,,nan,nan,nan,nan,0.0000,0,0,0.0000,0,0.0000,nan,nan,nan,nan,0.0000,RECOVER,0,0,depth_pose_aligned_fixed_sprint,0,0,0.000,0,nan,nan,nan,0.0000,0,nan,nan,0,5,0.6000,0.5892,0.4692,0.5892,0.0108,落地前行结束，停车恢复,1,0.0000,0.150,0.330
5710.801,SEEK_ROUNDABOUT,17.648,0,1.258,0.0000,0.0000,none,,,0.000,,,step_recover_stop,0.0000,0.0000,0,,nan,nan,nan,nan,0.0000,0,0,0.0000,0,0.0000,nan,nan,nan,nan,0.0000,RECOVER,0,0,depth_pose_aligned_fixed_sprint,0,0,0.000,0,nan,nan,nan,0.0000,0,nan,nan,0,5,0.6000,0.5892,0.4692,0.5892,0.0108,落地前行结束，停车恢复,1,0.0000,0.150,0.330
5710.933,SEEK_ROUNDABOUT,17.780,0,1.258,0.0000,0.0000,none,,,0.000,,,step_recover_stop,0.0000,0.0000,0,,nan,nan,nan,nan,0.0000,0,0,0.0000,0,0.0000,nan,nan,nan,nan,0.0000,RECOVER,0,0,depth_pose_aligned_fixed_sprint,0,0,0.000,0,nan,nan,nan,0.0000,0,nan,nan,0,5,0.6000,0.5892,0.4692,0.5892,0.0108,落地前行结束，停车恢复,1,0.0000,0.150,0.330
5711.068,SEEK_ROUNDABOUT,17.915,0,1.258,0.0000,0.0000,none,,,0.000,,,step_recover_stop,0.0000,0.0000,0,,nan,nan,nan,nan,0.0000,0,0,0.0000,0,0.0000,nan,nan,nan,nan,0.0000,RECOVER,0,0,depth_pose_aligned_fixed_sprint,0,0,0.000,0,nan,nan,nan,0.0000,0,nan,nan,0,5,0.6000,0.5892,0.4692,0.5892,0.0108,落地前行结束，停车恢复,1,0.0000,0.150,0.330
5711.214,SEEK_ROUNDABOUT,18.061,0,1.258,0.0000,0.0000,none,,,0.000,,,step_recover_stop,0.0000,0.0000,0,,nan,nan,nan,nan,0.0000,0,0,0.0000,0,0.0000,nan,nan,nan,nan,0.0000,RECOVER,0,0,depth_pose_aligned_fixed_sprint,0,0,0.000,0,nan,nan,nan,0.0000,0,nan,nan,0,5,0.6000,0.5892,0.4692,0.5892,0.0108,落地前行结束，停车恢复,1,0.0000,0.150,0.330
5711.351,SEEK_ROUNDABOUT,18.198,0,1.258,0.0000,0.0000,none,,,0.000,,,step_recover_stop,0.0000,0.0000,0,,nan,nan,nan,nan,0.0000,0,0,0.0000,0,0.0000,nan,nan,nan,nan,0.0000,RECOVER,0,0,depth_pose_aligned_fixed_sprint,0,0,0.000,0,nan,nan,nan,0.0000,0,nan,nan,0,5,0.6000,0.5892,0.4692,0.5892,0.0108,落地前行结束，停车恢复,1,0.0000,0.150,0.330
5711.499,SEEK_ROUNDABOUT,18.346,0,1.258,0.0000,0.0000,none,,,0.000,,,step_recover_stop,0.0000,0.0000,0,,nan,nan,nan,nan,0.0000,0,0,0.0000,0,0.0000,nan,nan,nan,nan,0.0000,RECOVER,0,0,depth_pose_aligned_fixed_sprint,0,0,0.000,0,nan,nan,nan,0.0000,0,nan,nan,0,5,0.6000,0.5892,0.4692,0.5892,0.0108,落地前行结束，停车恢复,1,0.0000,0.150,0.330
5711.640,SEEK_ROUNDABOUT,18.487,0,1.258,0.0000,0.0000,none,,,0.000,,,step_recover_stop,0.0000,0.0000,0,,nan,nan,nan,nan,0.0000,0,0,0.0000,0,0.0000,nan,nan,nan,nan,0.0000,RECOVER,0,0,depth_pose_aligned_fixed_sprint,0,0,0.000,0,nan,nan,nan,0.0000,0,nan,nan,0,5,0.6000,0.5892,0.4692,0.5892,0.0108,落地前行结束，停车恢复,1,0.0000,0.150,0.330
5711.773,SEEK_ROUNDABOUT,18.620,0,1.258,0.0000,0.0000,none,,,0.000,,,step_recover_stop,0.0000,0.0000,0,,nan,nan,nan,nan,0.0000,0,0,0.0000,0,0.0000,nan,nan,nan,nan,0.0000,RECOVER,0,0,depth_pose_aligned_fixed_sprint,0,0,0.000,0,nan,nan,nan,0.0000,0,nan,nan,0,5,0.6000,0.5892,0.4692,0.5892,0.0108,落地前行结束，停车恢复,1,0.0000,0.150,0.330
5711.906,SEEK_ROUNDABOUT,18.753,0,1.258,0.0000,0.0000,none,,,0.000,,,step_recover_stop,0.0000,0.0000,0,,nan,nan,nan,nan,0.0000,0,0,0.0000,0,0.0000,nan,nan,nan,nan,0.0000,RECOVER,0,0,depth_pose_aligned_fixed_sprint,0,0,0.000,0,nan,nan,nan,0.0000,0,nan,nan,0,5,0.6000,0.5892,0.4692,0.5892,0.0108,落地前行结束，停车恢复,1,0.0000,0.150,0.330
5712.041,SEEK_ROUNDABOUT,18.888,0,1.258,0.0000,0.0000,none,,,0.000,,,step_recover_stop,0.0000,0.0000,0,,nan,nan,nan,nan,0.0000,0,0,0.0000,0,0.0000,nan,nan,nan,nan,0.0000,RECOVER,0,0,depth_pose_aligned_fixed_sprint,0,0,0.000,0,nan,nan,nan,0.0000,0,nan,nan,0,5,0.6000,0.5892,0.4692,0.5892,0.0108,落地前行结束，停车恢复,1,0.0000,0.150,0.330
5712.175,SEEK_ROUNDABOUT,19.022,0,1.258,0.0000,0.0000,none,,,0.000,,,step_recover_stop,0.0000,0.0000,0,,nan,nan,nan,nan,0.0000,0,0,0.0000,0,0.0000,nan,nan,nan,nan,0.0000,RECOVER,0,0,depth_pose_aligned_fixed_sprint,0,0,0.000,0,nan,nan,nan,0.0000,0,nan,nan,0,5,0.6000,0.5892,0.4692,0.5892,0.0108,落地前行结束，停车恢复,1,0.0000,0.150,0.330
5712.319,SEEK_ROUNDABOUT,19.166,0,1.258,0.0000,0.0000,none,,,0.000,,,step_recover_stop,0.0000,0.0000,0,,nan,nan,nan,nan,0.0000,0,0,0.0000,0,0.0000,nan,nan,nan,nan,0.0000,RECOVER,0,0,depth_pose_aligned_fixed_sprint,0,0,0.000,0,nan,nan,nan,0.0000,0,nan,nan,0,5,0.6000,0.5892,0.4692,0.5892,0.0108,落地前行结束，停车恢复,1,0.0000,0.150,0.330
5712.458,SEEK_ROUNDABOUT,19.305,0,1.258,0.0000,0.0000,none,,,0.000,,,step_recover_stop,0.0000,0.0000,0,,nan,nan,nan,nan,0.0000,0,0,0.0000,0,0.0000,nan,nan,nan,nan,0.0000,RECOVER,0,0,depth_pose_aligned_fixed_sprint,0,0,0.000,0,nan,nan,nan,0.0000,0,nan,nan,0,5,0.6000,0.5892,0.4692,0.5892,0.0108,落地前行结束，停车恢复,1,0.0000,0.150,0.330
5712.594,SEEK_ROUNDABOUT,19.441,0,1.258,0.0000,0.0000,none,,,0.000,,,step_recover_stop,0.0000,0.0000,0,,nan,nan,nan,nan,0.0000,0,0,0.0000,0,0.0000,nan,nan,nan,nan,0.0000,RECOVER,0,0,depth_pose_aligned_fixed_sprint,0,0,0.000,0,nan,nan,nan,0.0000,0,nan,nan,0,5,0.6000,0.5892,0.4692,0.5892,0.0108,落地前行结束，停车恢复,1,0.0000,0.150,0.330
5712.744,SEEK_ROUNDABOUT,19.591,0,1.258,0.0000,0.0000,none,,,0.000,,,step_resume_tracking,0.0000,0.0000,0,,nan,nan,nan,nan,0.0000,0,0,0.0000,0,0.0000,nan,nan,nan,nan,0.0000,IDLE,1,0,step_done_latches_cleared,0,0,0.000,0,nan,nan,nan,0.0000,0,nan,nan,0,5,0.6000,0.5892,0.4692,0.5892,0.0108,本圈台阶完成,1,0.0000,0.150,0.330
5712.902,SEEK_ROUNDABOUT,19.749,0,1.258,0.0000,0.0000,none,,,0.000,,,tracking,0.0507,-0.3333,1,line_curve_center_riding,0.6816,0.6875,0.5904,0.4976,0.8740,7,0,0.0000,0,0.0000,0.0971,0.0928,0.1899,0.5918,-0.3333,IDLE,1,0,step_done_latches_cleared,0,0,0.000,0,nan,nan,nan,0.0000,0,nan,nan,0,5,0.6000,0.5892,0.4692,0.5892,0.0108,本圈台阶完成,1,0.0000,0.150,0.330
5713.046,SEEK_ROUNDABOUT,19.893,0,1.258,0.0000,0.0000,none,,,0.000,,,tracking,0.1000,-0.6667,1,line_curve_center_riding,0.7723,0.7800,0.6527,0.5146,0.8810,7,0,0.0000,0,0.0000,0.1273,0.1381,0.2654,0.6491,-0.6667,IDLE,1,0,step_done_latches_cleared,0,0,0.000,0,nan,nan,nan,0.0000,0,nan,nan,0,5,0.6000,0.5892,0.4692,0.5892,0.0108,本圈台阶完成,1,0.0000,0.150,0.330
5713.175,SEEK_ROUNDABOUT,20.022,0,1.260,0.0000,0.0000,none,,,0.000,,,tracking,0.1000,-0.7000,1,line_curve_center_riding,0.7711,0.7795,0.6405,0.4989,0.8797,7,0,0.0000,0,0.0000,0.1389,0.1417,0.2806,0.6396,-0.7000,IDLE,1,0,step_done_latches_cleared,0,0,0.000,0,nan,nan,nan,0.0000,0,nan,nan,0,5,0.6000,0.5892,0.4692,0.5892,0.0108,本圈台阶完成,1,0.0000,0.150,0.330
5713.308,SEEK_ROUNDABOUT,20.155,0,1.261,0.0000,0.0000,none,,,0.000,,,tracking,0.1000,-0.7000,1,line_curve_center_riding,0.7385,0.7469,0.6075,0.4554,0.8781,7,0,0.0000,0,0.0000,0.1395,0.1520,0.2915,0.6033,-0.7000,IDLE,1,0,step_done_latches_cleared,0,0,0.000,0,nan,nan,nan,0.0000,0,nan,nan,0,5,0.6000,0.5892,0.4692,0.5892,0.0108,本圈台阶完成,1,0.0000,0.150,0.330
5713.436,SEEK_ROUNDABOUT,20.283,0,1.263,0.0000,0.0000,none,,,0.000,,,tracking,0.1000,-0.7000,1,line_curve_center_riding,0.6809,0.6893,0.5482,0.3913,0.8775,7,0,0.0000,0,0.0000,0.1412,0.1569,0.2981,0.5429,-0.7000,IDLE,1,0,step_done_latches_cleared,0,0,0.000,0,nan,nan,nan,0.0000,0,nan,nan,0,5,0.6000,0.5892,0.4692,0.5892,0.0108,本圈台阶完成,1,0.0000,0.150,0.330
5713.571,SEEK_ROUNDABOUT,20.418,0,1.270,0.0000,0.0000,none,,,0.000,,,tracking,0.1000,-0.6818,1,line_curve_center_riding,0.5613,0.5690,0.4402,0.2804,0.8804,7,0,0.0000,0,0.0000,0.1288,0.1598,0.2886,0.4299,-0.6818,IDLE,1,0,step_done_latches_cleared,0,0,0.000,0,nan,nan,nan,0.0000,0,nan,nan,0,5,0.6000,0.5892,0.4692,0.5892,0.0108,本圈台阶完成,1,0.0000,0.150,0.330
5713.706,SEEK_ROUNDABOUT,20.553,0,1.279,0.0000,0.0000,none,,,0.000,,,tracking,0.1050,-0.5637,1,line_curve_center_riding,0.4209,0.4293,0.2902,-0.0106,0.9351,8,0,0.0000,0,0.0000,0.1391,0.3008,0.4399,0.2363,-0.5637,IDLE,1,0,step_done_latches_cleared,0,0,0.000,0,nan,nan,nan,0.0000,0,nan,nan,0,5,0.6000,0.5892,0.4692,0.5892,0.0108,本圈台阶完成,1,0.0000,0.150,0.330
5713.832,SEEK_ROUNDABOUT,20.679,0,1.295,0.0000,0.0000,none,,,0.000,,,tracking,0.1450,-0.3996,1,line_curve_center_riding,0.2313,0.2422,0.0618,-0.2000,0.9381,8,0,0.0000,0,0.0000,0.1804,0.2618,0.4422,0.0346,-0.3996,IDLE,1,0,step_done_latches_cleared,0,0,0.000,0,nan,nan,nan,0.0000,0,nan,nan,0,5,0.6000,0.5892,0.4692,0.5892,0.0108,本圈台阶完成,1,0.0000,0.150,0.330
5713.967,SEEK_ROUNDABOUT,20.814,0,1.315,0.0000,0.0000,none,,,0.000,,,tracking,0.1450,-0.1837,1,line_curve_center_riding,-0.0169,-0.0058,-0.1898,-0.5362,0.9267,8,0,0.0000,0,0.0000,0.1839,0.3464,0.5304,-0.2439,-0.1837,IDLE,1,0,step_done_latches_cleared,0,0,0.000,0,nan,nan,nan,0.0000,0,nan,nan,0,5,0.6000,0.5892,0.4692,0.5892,0.0108,本圈台阶完成,1,0.0000,0.150,0.330
5714.094,SEEK_ROUNDABOUT,20.941,0,1.341,0.0000,0.0000,none,,,0.000,,,tracking,0.1450,0.0353,1,line_curve_center_riding,-0.2236,-0.2102,-0.4338,-0.7102,0.8522,7,0,0.0000,0,0.0000,0.2236,0.2764,0.5000,-0.4514,0.0353,IDLE,1,0,step_done_latches_cleared,0,0,0.000,0,nan,nan,nan,0.0000,0,nan,nan,0,5,0.6000,0.5892,0.4692,0.5892,0.0108,本圈台阶完成,1,0.0000,0.150,0.330
5714.224,SEEK_ROUNDABOUT,21.071,0,1.364,0.0000,0.0000,none,,,0.000,,,tracking,0.1700,0.2227,1,line_curve_center_riding,-0.3754,-0.3616,-0.5904,-0.7241,0.7715,6,0,0.0000,0,0.0000,0.2287,0.1338,0.3625,-0.5587,0.2227,IDLE,1,0,step_done_latches_cleared,0,0,0.000,0,nan,nan,nan,0.0000,0,nan,nan,0,5,0.6000,0.5892,0.4692,0.5892,0.0108,本圈台阶完成,1,0.0000,0.150,0.330
5714.351,SEEK_ROUNDABOUT,21.198,0,1.397,0.0000,0.0000,none,,,0.000,,,tracking,0.1608,0.3469,1,line_curve_center_riding,-0.4373,-0.4240,-0.6457,-0.6717,0.6888,5,0,0.0000,0,0.0043,0.2217,0.0260,0.2477,-0.5805,0.3469,IDLE,1,0,step_done_latches_cleared,0,0,0.000,0,nan,nan,nan,0.0000,0,nan,nan,0,5,0.6000,0.5892,0.4692,0.5892,0.0108,本圈台阶完成,1,0.0000,0.150,0.330
5714.484,SEEK_ROUNDABOUT,21.331,0,1.423,0.0000,0.0000,none,,,0.000,,,tracking,0.1461,0.4041,1,line_curve_center_riding,-0.4327,-0.4185,-0.6536,-0.8150,0.7687,6,0,0.0000,0,0.0129,0.2351,0.1614,0.3964,-0.6291,0.4041,IDLE,1,0,step_done_latches_cleared,0,0,0.000,0,nan,nan,nan,0.0000,0,nan,nan,0,5,0.6000,0.5892,0.4692,0.5892,0.0108,本圈台阶完成,1,0.0000,0.150,0.330
5714.610,SEEK_ROUNDABOUT,21.457,0,1.446,0.0000,0.0000,none,,,0.000,,,tracking,0.1438,0.4132,1,line_curve_center_riding,-0.3961,-0.3837,-0.5907,-0.7424,0.7754,6,0,0.0000,0,0.0301,0.2070,0.1517,0.3587,-0.5722,0.4132,IDLE,1,0,step_done_latches_cleared,0,0,0.000,0,nan,nan,nan,0.0000,0,nan,nan,0,5,0.6000,0.5892,0.4692,0.5892,0.0108,本圈台阶完成,1,0.0000,0.150,0.330
5714.738,SEEK_ROUNDABOUT,21.585,0,1.466,0.0000,0.0000,none,,,0.000,,,tracking,0.1508,0.3859,1,line_curve_center_riding,-0.3375,-0.3256,-0.5249,-0.6874,0.7757,6,0,0.0000,0,0.0086,0.1993,0.1625,0.3618,-0.5126,0.3859,IDLE,1,0,step_done_latches_cleared,0,0,0.000,0,nan,nan,nan,0.0000,0,nan,nan,0,5,0.6000,0.5892,0.4692,0.5892,0.0108,本圈台阶完成,1,0.0000,0.150,0.330
5714.875,SEEK_ROUNDABOUT,21.722,0,1.486,0.0000,0.0000,none,,,0.000,,,tracking,0.1450,0.3139,1,line_curve_center_riding,-0.2312,-0.2202,-0.4046,-0.7800,0.8507,7,0,0.0000,0,0.0043,0.1844,0.3754,0.5598,-0.4683,0.3139,IDLE,1,0,step_done_latches_cleared,0,0,0.000,0,nan,nan,nan,0.0000,0,nan,nan,0,5,0.6000,0.5892,0.4692,0.5892,0.0108,本圈台阶完成,1,0.0000,0.150,0.330
5715.003,SEEK_ROUNDABOUT,21.850,0,1.504,0.0000,0.0000,none,,,0.000,,,tracking,0.1450,0.2372,1,line_curve_center_riding,-0.1535,-0.1425,-0.3254,-0.7344,0.8466,7,0,0.0000,0,0.0043,0.1828,0.4091,0.5919,-0.4008,0.2372,IDLE,1,0,step_done_latches_cleared,0,0,0.000,0,nan,nan,nan,0.0000,0,nan,nan,0,5,0.6000,0.5892,0.4692,0.5892,0.0108,本圈台阶完成,1,0.0000,0.150,0.330
5715.135,SEEK_ROUNDABOUT,21.982,0,1.522,0.0000,0.0000,none,,,0.000,,,tracking,0.1700,0.1648,1,line_curve_center_riding,-0.0879,-0.0783,-0.2385,-0.3818,0.7844,6,0,0.0000,0,0.0043,0.1602,0.1433,0.3035,-0.2329,0.1648,IDLE,1,0,step_done_latches_cleared,0,0,0.000,0,nan,nan,nan,0.0000,0,nan,nan,0,5,0.6000,0.5892,0.4692,0.5892,0.0108,本圈台阶完成,1,0.0000,0.150,0.330
5715.262,SEEK_ROUNDABOUT,22.109,0,1.534,0.0000,0.0000,none,,,0.000,,,tracking,0.1700,0.1009,1,line_curve_center_riding,-0.0363,-0.0269,-0.1831,-0.3229,0.7856,6,0,0.0000,0,0.0000,0.1562,0.1398,0.2960,-0.1776,0.1009,IDLE,1,0,step_done_latches_cleared,0,0,0.000,0,nan,nan,nan,0.0000,0,nan,nan,0,5,0.6000,0.5892,0.4692,0.5892,0.0108,本圈台阶完成,1,0.0000,0.150,0.330
5715.395,SEEK_ROUNDABOUT,22.242,0,1.547,0.0000,0.0000,none,,,0.000,,,tracking,0.1700,0.0523,1,line_curve_center_riding,-0.0035,0.0058,-0.1484,-0.2904,0.7859,6,0,0.0000,0,0.0000,0.1542,0.1420,0.2962,-0.1443,0.0523,IDLE,1,0,step_done_latches_cleared,0,0,0.000,0,nan,nan,nan,0.0000,0,nan,nan,0,5,0.6000,0.5892,0.4692,0.5892,0.0108,本圈台阶完成,1,0.0000,0.150,0.330
5715.521,SEEK_ROUNDABOUT,22.368,0,1.559,0.0000,0.0000,none,,,0.000,,,tracking,0.1450,0.0123,1,line_curve_center_riding,0.0246,0.0351,-0.1386,-0.5888,0.8430,7,0,0.0000,0,0.0000,0.1737,0.4502,0.6239,-0.2308,0.0123,IDLE,1,0,step_done_latches_cleared,0,0,0.000,0,nan,nan,nan,0.0000,0,nan,nan,0,5,0.6000,0.5892,0.4692,0.5892,0.0108,本圈台阶完成,1,0.0000,0.150,0.330
5715.646,SEEK_ROUNDABOUT,22.493,0,1.571,0.0000,0.0000,none,,,0.000,,,tracking,0.1450,-0.0080,1,line_curve_center_riding,0.0274,0.0377,-0.1349,-0.5227,0.8518,7,0,0.0000,0,0.0000,0.1726,0.3878,0.5605,-0.2066,-0.0080,IDLE,1,0,step_done_latches_cleared,0,0,0.000,0,nan,nan,nan,0.0000,0,nan,nan,0,5,0.6000,0.5892,0.4692,0.5892,0.0108,本圈台阶完成,1,0.0000,0.150,0.330
5715.769,SEEK_ROUNDABOUT,22.616,0,1.584,0.0000,0.0000,none,,,0.000,,,tracking,0.1450,-0.0159,1,line_curve_center_riding,0.0232,0.0338,-0.1424,-0.5192,0.8534,7,0,0.0000,0,0.0000,0.1761,0.3768,0.5529,-0.2093,-0.0159,IDLE,1,0,step_done_latches_cleared,0,0,0.000,0,nan,nan,nan,0.0000,0,nan,nan,0,5,0.6000,0.5892,0.4692,0.5892,0.0108,本圈台阶完成,1,0.0000,0.150,0.330
5715.903,SEEK_ROUNDABOUT,22.750,0,1.597,0.0000,0.0000,none,,,0.000,,,tracking,0.1450,-0.0176,1,line_curve_center_riding,0.0186,0.0300,-0.1610,-0.5969,0.8452,7,0,0.0000,0,0.0000,0.1910,0.4359,0.6269,-0.2426,-0.0176,IDLE,1,0,step_done_latches_cleared,0,0,0.000,0,nan,nan,nan,0.0000,0,nan,nan,0,5,0.6000,0.5892,0.4692,0.5892,0.0108,本圈台阶完成,1,0.0000,0.150,0.330
5716.088,SEEK_ROUNDABOUT,22.935,0,1.620,0.0000,0.0000,none,,,0.000,,,tracking,0.1450,-0.0141,1,line_curve_center_riding,0.0104,0.0234,-0.1943,-0.7219,0.8312,7,0,0.0000,0,0.0043,0.2177,0.5276,0.7453,-0.2976,-0.0141,IDLE,1,0,step_done_latches_cleared,0,0,0.000,0,nan,nan,nan,0.0000,0,nan,nan,0,5,0.6000,0.5892,0.4692,0.5892,0.0108,本圈台阶完成,1,0.0000,0.150,0.330
5716.219,SEEK_ROUNDABOUT,23.066,0,1.641,0.0000,0.0000,none,,,0.000,,,tracking,0.1450,-0.0013,1,line_curve_center_riding,-0.0090,0.0049,-0.2252,-0.7595,0.8271,7,0,0.0000,0,0.0000,0.2300,0.5343,0.7643,-0.3266,-0.0013,IDLE,1,0,step_done_latches_cleared,0,0,0.000,0,nan,nan,nan,0.0000,0,nan,nan,0,5,0.6000,0.5892,0.4692,0.5892,0.0108,本圈台阶完成,1,0.0000,0.150,0.330
5716.343,SEEK_ROUNDABOUT,23.190,0,1.658,0.0000,0.0000,none,,,0.000,,,tracking,0.1450,0.0190,1,line_curve_center_riding,-0.0344,-0.0192,-0.2729,-0.5224,0.7595,6,0,0.0000,0,0.0000,0.2537,0.2495,0.5032,-0.2715,0.0190,IDLE,1,0,step_done_latches_cleared,0,0,0.000,0,nan,nan,nan,0.0000,0,nan,nan,0,5,0.6000,0.5892,0.4692,0.5892,0.0108,本圈台阶完成,1,0.0000,0.150,0.330
5716.474,SEEK_ROUNDABOUT,23.321,0,1.682,0.0000,0.0000,none,,,0.000,,,tracking,0.1450,0.0405,1,line_curve_center_riding,-0.0565,-0.0397,-0.3193,-0.5951,0.7533,6,0,0.0000,0,0.0043,0.2796,0.2758,0.5554,-0.3181,0.0405,IDLE,1,0,step_done_latches_cleared,0,0,0.000,0,nan,nan,nan,0.0000,0,nan,nan,0,5,0.6000,0.5892,0.4692,0.5892,0.0108,本圈台阶完成,1,0.0000,0.150,0.330
5716.600,SEEK_ROUNDABOUT,23.447,0,1.701,0.0000,0.0000,none,,,0.000,,,tracking,0.1450,0.0611,1,line_curve_center_riding,-0.0747,-0.0575,-0.3446,-0.5819,0.7565,6,0,0.0000,0,0.0000,0.2871,0.2372,0.5244,-0.3280,0.0611,IDLE,1,0,step_done_latches_cleared,0,0,0.000,0,nan,nan,nan,0.0000,0,nan,nan,0,5,0.6000,0.5892,0.4692,0.5892,0.0108,本圈台阶完成,1,0.0000,0.150,0.330
5716.728,SEEK_ROUNDABOUT,23.575,0,1.721,0.0000,0.0000,none,,,0.000,,,tracking,0.1450,0.0783,1,line_curve_center_riding,-0.0880,-0.0692,-0.3822,-0.6472,0.7493,6,0,0.0000,0,0.0043,0.3130,0.2650,0.5780,-0.3662,0.0783,IDLE,1,0,step_done_latches_cleared,0,0,0.000,0,nan,nan,nan,0.0000,0,nan,nan,0,5,0.6000,0.5892,0.4692,0.5892,0.0108,本圈台阶完成,1,0.0000,0.150,0.330
5716.854,SEEK_ROUNDABOUT,23.701,0,1.749,0.0000,0.0000,none,,,0.000,,,tracking,0.1450,0.0924,1,line_curve_center_riding,-0.0984,-0.0750,-0.4644,-0.7908,0.7291,6,0,0.0000,0,0.0000,0.3893,0.3264,0.7157,-0.4434,0.0924,IDLE,1,0,step_done_latches_cleared,0,0,0.000,0,nan,nan,nan,0.0000,0,nan,nan,0,5,0.6000,0.5892,0.4692,0.5892,0.0108,本圈台阶完成,1,0.0000,0.150,0.330
5716.981,SEEK_ROUNDABOUT,23.828,0,1.772,0.0000,0.0000,none,,,0.000,,,tracking,0.1450,0.1025,1,line_curve_center_riding,-0.1042,-0.0782,-0.5118,-0.6003,0.6487,5,0,0.0000,0,0.0043,0.4336,0.0885,0.5221,-0.3967,0.1025,IDLE,1,0,step_done_latches_cleared,0,0,0.000,0,nan,nan,nan,0.0000,0,nan,nan,0,5,0.6000,0.5892,0.4692,0.5892,0.0108,本圈台阶完成,1,0.0000,0.150,0.330
5717.124,SEEK_ROUNDABOUT,23.971,0,1.803,0.0000,0.0000,none,,,0.000,,,tracking,0.1450,0.1376,1,line_curve_center_riding,-0.1566,-0.1303,-0.5687,-0.6732,0.6448,5,0,0.0000,0,0.0043,0.4384,0.1045,0.5429,-0.4574,0.1376,IDLE,1,0,step_done_latches_cleared,0,0,0.000,0,nan,nan,nan,0.0000,0,nan,nan,0,5,0.6000,0.5892,0.4692,0.5892,0.0108,本圈台阶完成,1,0.0000,0.150,0.330
5717.254,SEEK_ROUNDABOUT,24.101,0,1.837,0.0000,0.0000,none,,,0.000,,,tracking,0.1450,0.1807,1,line_curve_center_riding,-0.2042,-0.1754,-0.6545,-0.7331,0.6398,5,0,0.0000,0,0.0043,0.4791,0.0786,0.5577,-0.5210,0.1807,IDLE,1,0,step_done_latches_cleared,0,0,0.000,0,nan,nan,nan,0.0000,0,nan,nan,0,5,0.6000,0.5892,0.4692,0.5892,0.0108,本圈台阶完成,1,0.0000,0.150,0.330
5717.386,SEEK_ROUNDABOUT,24.232,0,1.860,0.0000,0.0000,none,,,0.000,,,tracking,0.1450,0.2198,1,line_curve_center_riding,-0.2384,-0.2146,-0.6119,-0.6119,0.5524,4,0,0.0000,0,0.0043,0.3973,0.0000,0.3973,-0.4794,0.2198,IDLE,1,0,step_done_latches_cleared,0,0,0.000,0,nan,nan,nan,0.0000,0,nan,nan,0,5,0.6000,0.5892,0.4692,0.5892,0.0108,本圈台阶完成,1,0.0000,0.150,0.330
5717.508,SEEK_ROUNDABOUT,24.355,0,1.893,0.0000,0.0000,none,,,0.000,,,tracking,0.1450,0.2855,1,line_curve_center_riding,-0.3190,-0.2967,-0.6684,-0.6684,0.5498,4,0,0.0000,0,0.0043,0.3718,0.0000,0.3718,-0.5445,0.2855,IDLE,1,0,step_done_latches_cleared,0,0,0.000,0,nan,nan,nan,0.0000,0,nan,nan,0,5,0.6000,0.5892,0.4692,0.5892,0.0108,本圈台阶完成,1,0.0000,0.150,0.330
5717.637,SEEK_ROUNDABOUT,24.484,0,1.931,0.0000,0.0000,none,,,0.000,,,tracking,0.1450,0.3391,1,line_curve_center_riding,-0.3625,-0.3346,-0.8003,-0.8003,0.5376,4,0,0.0000,0,0.0086,0.4657,0.0000,0.4657,-0.6451,0.3391,IDLE,1,0,step_done_latches_cleared,0,0,0.000,0,nan,nan,nan,0.0000,0,nan,nan,0,5,0.6000,0.5892,0.4692,0.5892,0.0108,本圈台阶完成,1,0.0000,0.150,0.330
5717.773,SEEK_ROUNDABOUT,24.620,0,1.966,0.0000,0.0000,none,,,0.000,,,tracking,0.1496,0.3903,1,line_curve_center_riding,-0.4077,-0.3967,-0.5794,-0.5794,0.4672,3,0,0.0000,0,0.0086,0.1827,0.0000,0.1827,-0.5185,0.3903,IDLE,1,0,step_done_latches_cleared,0,0,0.000,0,nan,nan,nan,0.0000,0,nan,nan,0,5,0.6000,0.5892,0.4692,0.5892,0.0108,本圈台阶完成,1,0.0000,0.150,0.330
5717.899,SEEK_ROUNDABOUT,24.746,0,1.997,0.0000,0.0000,none,,,0.000,,,tracking,0.1399,0.4281,1,line_curve_center_riding,-0.4306,-0.4182,-0.6247,-0.6247,0.4554,3,0,0.0000,0,0.1590,0.2065,0.0000,0.2065,-0.5559,0.4281,IDLE,1,0,step_done_latches_cleared,0,0,0.000,0,nan,nan,nan,0.0000,0,nan,nan,0,5,0.6000,0.5892,0.4692,0.5892,0.0108,本圈台阶完成,1,0.0000,0.150,0.330
5718.025,SEEK_ROUNDABOUT,24.872,0,2.028,0.0000,0.0000,none,,,0.000,,,tracking,0.1371,0.4392,1,line_curve_center_riding,-0.4194,-0.4051,-0.6444,-0.6444,0.4475,3,0,0.0000,0,0.4176,0.2394,0.0000,0.2394,-0.5646,0.4392,IDLE,1,0,step_done_latches_cleared,0,0,0.000,0,nan,nan,nan,0.0000,0,nan,nan,0,5,0.6000,0.5892,0.4692,0.5892,0.0108,本圈台阶完成,1,0.0000,0.150,0.330
5718.154,SEEK_ROUNDABOUT,25.001,0,2.059,0.0000,0.0000,none,,,0.000,,,tracking,0.1364,0.4419,1,line_curve_center_riding,-0.4128,-0.4013,-0.5927,-0.5927,0.4648,3,0,0.0000,1,0.6708,0.1914,0.0000,0.1914,-0.5289,0.4419,IDLE,1,0,step_done_latches_cleared,0,0,0.000,0,nan,nan,nan,0.0000,0,nan,nan,0,5,0.6000,0.5892,0.4692,0.5892,0.0108,本圈台阶完成,1,0.0000,0.150,0.330
5718.280,SEEK_ROUNDABOUT,25.127,0,2.082,0.0000,0.0000,none,,,0.000,,,tracking,0.1393,0.4304,1,line_curve_center_riding,-0.3900,-0.3767,-0.5984,-0.5984,0.4557,3,0,0.0000,1,1.0000,0.2217,0.0000,0.2217,-0.5245,0.4304,IDLE,1,0,step_done_latches_cleared,0,0,0.000,0,nan,nan,nan,0.0000,0,nan,nan,0,5,0.6000,0.5892,0.4692,0.5892,0.0108,本圈台阶完成,1,0.0000,0.150,0.330
5718.406,SEEK_ROUNDABOUT,25.253,0,2.110,0.0000,0.0000,none,,,0.000,,,tracking,0.1450,0.3898,1,line_curve_center_riding,-0.3285,-0.2945,-0.8610,-0.8610,0.5123,4,0,0.0000,1,1.0000,0.5665,0.0000,0.5665,-0.6722,0.3898,IDLE,1,0,step_done_latches_cleared,0,0,0.000,0,nan,nan,nan,0.0000,0,nan,nan,0,5,0.6000,0.5892,0.4692,0.5892,0.0108,本圈台阶完成,1,0.0000,0.150,0.330
5718.531,SEEK_ROUNDABOUT,25.378,0,2.131,0.0000,0.0000,none,,,0.000,,,tracking,0.1450,0.3642,1,line_curve_center_riding,-0.3135,-0.2821,-0.8061,-0.8061,0.5171,4,0,0.0000,1,1.0000,0.5240,0.0000,0.5240,-0.6314,0.3642,IDLE,1,0,step_done_latches_cleared,0,0,0.000,0,nan,nan,nan,0.0000,0,nan,nan,0,5,0.6000,0.5892,0.4692,0.5892,0.0108,本圈台阶完成,1,0.0000,0.150,0.330
5718.661,SEEK_ROUNDABOUT,25.508,0,2.156,0.0000,0.0000,none,,,0.000,,,tracking,0.1385,0.3229,1,line_curve_center_riding,-0.2638,-0.2247,-0.8769,-0.8769,0.4964,4,0,0.0000,1,1.0000,0.6522,0.0000,0.6522,-0.6595,0.3229,IDLE,1,0,step_done_latches_cleared,0,0,0.000,0,nan,nan,nan,0.0000,0,nan,nan,0,5,0.6000,0.5892,0.4692,0.5892,0.0108,本圈台阶完成,1,0.0000,0.150,0.330
5718.783,SEEK_ROUNDABOUT,25.630,0,2.174,0.0000,0.0000,none,,,0.000,,,tracking,0.1450,0.2986,1,line_curve_center_riding,-0.2538,-0.2222,-0.7487,-0.7487,0.5243,4,0,0.0000,1,1.0000,0.5265,0.0000,0.5265,-0.5732,0.2986,IDLE,1,0,step_done_latches_cleared,0,0,0.000,0,nan,nan,nan,0.0000,0,nan,nan,0,5,0.6000,0.5892,0.4692,0.5892,0.0108,本圈台阶完成,1,0.0000,0.150,0.330
5718.908,SEEK_ROUNDABOUT,25.755,0,2.195,0.0000,0.0000,none,,,0.000,,,tracking,0.1450,0.2672,1,line_curve_center_riding,-0.2203,-0.1856,-0.7643,-0.7643,0.5101,4,0,0.0000,1,1.0000,0.5787,0.0000,0.5787,-0.5714,0.2672,IDLE,1,0,step_done_latches_cleared,0,0,0.000,0,nan,nan,nan,0.0000,0,nan,nan,0,5,0.6000,0.5892,0.4692,0.5892,0.0108,本圈台阶完成,1,0.0000,0.150,0.330
5719.038,SEEK_ROUNDABOUT,25.885,0,2.222,0.2000,0.0000,none,,,0.000,,,tracking,0.1450,0.2679,1,line_curve_center_riding,-0.2454,-0.2161,-0.7044,-0.7044,0.5243,4,0,0.0000,1,1.0000,0.4883,0.0000,0.4883,-0.5416,0.2679,IDLE,1,0,step_done_latches_cleared,0,0,0.000,0,nan,nan,nan,0.0000,0,nan,nan,0,5,0.6000,0.5892,0.4692,0.5892,0.0108,本圈台阶完成,1,0.0000,0.150,0.330
5719.184,SEEK_ROUNDABOUT,26.031,0,2.240,0.0000,0.0000,none,,,0.000,,,tracking,0.1450,0.2435,1,line_curve_center_riding,-0.2054,-0.1721,-0.7278,-0.7278,0.5116,4,0,0.0000,0,0.1031,0.5557,0.0000,0.5557,-0.5426,0.2435,IDLE,1,0,step_done_latches_cleared,0,0,0.000,0,nan,nan,nan,0.0000,0,nan,nan,0,5,0.6000,0.5892,0.4692,0.5892,0.0108,本圈台阶完成,1,0.0000,0.150,0.330
5719.311,SEEK_ROUNDABOUT,26.158,0,2.258,0.0000,0.0000,none,,,0.000,,,tracking,0.1450,0.2267,1,line_curve_center_riding,-0.1949,-0.1644,-0.6720,-0.6720,0.5231,4,0,0.0000,0,0.1633,0.5076,0.0000,0.5076,-0.5028,0.2267,IDLE,1,0,step_done_latches_cleared,0,0,0.000,0,nan,nan,nan,0.0000,0,nan,nan,0,5,0.6000,0.5892,0.4692,0.5892,0.0108,本圈台阶完成,1,0.0000,0.150,0.330
5719.435,SEEK_ROUNDABOUT,26.282,0,2.271,0.0000,0.0000,none,,,0.000,,,tracking,0.1450,0.2059,1,line_curve_center_riding,-0.1727,-0.1435,-0.6305,-0.6305,0.5297,4,0,0.0000,0,0.0645,0.4869,0.0000,0.4869,-0.4681,0.2059,IDLE,1,0,step_done_latches_cleared,0,0,0.000,0,nan,nan,nan,0.0000,0,nan,nan,0,5,0.6000,0.5892,0.4692,0.5892,0.0108,本圈台阶完成,1,0.0000,0.150,0.330
5719.569,SEEK_ROUNDABOUT,26.416,0,2.283,0.0000,0.0000,none,,,0.000,,,tracking,0.1450,0.1799,1,line_curve_center_riding,-0.1438,-0.1151,-0.5945,-0.5945,0.5326,4,0,0.0000,0,0.0473,0.4794,0.0000,0.4794,-0.4347,0.1799,IDLE,1,0,step_done_latches_cleared,0,0,0.000,0,nan,nan,nan,0.0000,0,nan,nan,0,5,0.6000,0.5892,0.4692,0.5892,0.0108,本圈台阶完成,1,0.0000,0.150,0.330
5719.703,SEEK_ROUNDABOUT,26.550,0,2.292,0.0000,0.0000,none,,,0.000,,,tracking,0.1450,0.1530,1,line_curve_center_riding,-0.1179,-0.0910,-0.5403,-0.5403,0.5419,4,0,0.0000,0,0.0473,0.4493,0.0000,0.4493,-0.3905,0.1530,IDLE,1,0,step_done_latches_cleared,0,0,0.000,0,nan,nan,nan,0.0000,0,nan,nan,0,5,0.6000,0.5892,0.4692,0.5892,0.0108,本圈台阶完成,1,0.0000,0.150,0.330
5719.834,SEEK_ROUNDABOUT,26.681,0,2.303,0.0000,0.0000,none,,,0.000,,,tracking,0.1450,0.1363,1,line_curve_center_riding,-0.1105,-0.0850,-0.5089,-0.5089,0.5414,4,0,0.0000,0,0.0215,0.4238,0.0000,0.4238,-0.3676,0.1363,IDLE,1,0,step_done_latches_cleared,0,0,0.000,0,nan,nan,nan,0.0000,0,nan,nan,0,5,0.6000,0.5892,0.4692,0.5892,0.0108,本圈台阶完成,1,0.0000,0.150,0.330
5719.961,SEEK_ROUNDABOUT,26.808,0,2.308,0.0000,0.0000,none,,,0.000,,,tracking,0.1450,0.1119,1,line_curve_center_riding,-0.0828,-0.0587,-0.4605,-0.4605,0.5454,4,0,0.0000,0,0.0000,0.4018,0.0000,0.4018,-0.3266,0.1119,IDLE,1,0,step_done_latches_cleared,0,0,0.000,0,nan,nan,nan,0.0000,0,nan,nan,0,5,0.6000,0.5892,0.4692,0.5892,0.0108,本圈台阶完成,1,0.0000,0.150,0.330
5720.104,SEEK_ROUNDABOUT,26.951,0,2.314,0.0000,0.0000,none,,,0.000,,,tracking,0.1450,0.0887,1,line_curve_center_riding,-0.0610,-0.0376,-0.4279,-0.4279,0.5467,4,0,0.0000,0,0.0000,0.3904,0.0000,0.3904,-0.2978,0.0887,IDLE,1,0,step_done_latches_cleared,0,0,0.000,0,nan,nan,nan,0.0000,0,nan,nan,0,5,0.6000,0.5892,0.4692,0.5892,0.0108,本圈台阶完成,1,0.0000,0.150,0.330
5720.219,SEEK_ROUNDABOUT,27.066,0,2.318,0.0000,0.0000,none,,,0.000,,,tracking,0.1450,0.0740,1,line_curve_center_riding,-0.0554,-0.0324,-0.4159,-0.4159,0.5481,4,0,0.0000,0,0.0043,0.3835,0.0000,0.3835,-0.2880,0.0740,IDLE,1,0,step_done_latches_cleared,0,0,0.000,0,nan,nan,nan,0.0000,0,nan,nan,0,5,0.6000,0.5892,0.4692,0.5892,0.0108,本圈台阶完成,1,0.0000,0.150,0.330
5720.375,SEEK_ROUNDABOUT,27.222,0,2.326,0.0000,0.0000,none,,,0.000,,,tracking,0.1450,0.0692,1,line_curve_center_riding,-0.0583,-0.0354,-0.4157,-0.4157,0.5453,4,0,0.0000,0,0.0000,0.3802,0.0000,0.3802,-0.2889,0.0692,IDLE,1,0,step_done_latches_cleared,0,0,0.000,0,nan,nan,nan,0.0000,0,nan,nan,0,5,0.6000,0.5892,0.4692,0.5892,0.0108,本圈台阶完成,1,0.0000,0.150,0.330
5720.504,SEEK_ROUNDABOUT,27.351,0,2.333,0.0000,0.0000,none,,,0.000,,,tracking,0.1450,0.0801,1,line_curve_center_riding,-0.0822,-0.0522,-0.5511,-0.8150,0.6145,5,0,0.0000,0,0.0000,0.4989,0.2639,0.7628,-0.4728,0.0801,IDLE,1,0,step_done_latches_cleared,0,0,0.000,0,nan,nan,nan,0.0000,0,nan,nan,0,5,0.6000,0.5892,0.4692,0.5892,0.0108,本圈台阶完成,1,0.0000,0.150,0.330
5720.636,SEEK_ROUNDABOUT,27.483,0,2.343,0.0000,0.0000,none,,,0.000,,,tracking,0.1450,0.1028,1,line_curve_center_riding,-0.1141,-0.0846,-0.5749,-0.8009,0.7213,6,0,0.0000,0,0.0000,0.4903,0.2260,0.7162,-0.4868,0.1028,IDLE,1,0,step_done_latches_cleared,0,0,0.000,0,nan,nan,nan,0.0000,0,nan,nan,0,5,0.6000,0.5892,0.4692,0.5892,0.0108,本圈台阶完成,1,0.0000,0.150,0.330
5720.765,SEEK_ROUNDABOUT,27.612,0,2.352,0.0000,0.0000,none,,,0.000,,,tracking,0.1450,0.1188,1,line_curve_center_riding,-0.1246,-0.0960,-0.5716,-0.8099,0.7230,6,0,0.0000,0,0.0000,0.4756,0.2383,0.7139,-0.4925,0.1188,IDLE,1,0,step_done_latches_cleared,0,0,0.000,0,nan,nan,nan,0.0000,0,nan,nan,0,5,0.6000,0.5892,0.4692,0.5892,0.0108,本圈台阶完成,1,0.0000,0.150,0.330
5720.892,SEEK_ROUNDABOUT,27.739,0,2.363,0.0000,0.0000,none,,,0.000,,,tracking,0.1450,0.1425,1,line_curve_center_riding,-0.1521,-0.1248,-0.5798,-0.8022,0.7270,6,0,0.0000,0,0.0000,0.4550,0.2224,0.6774,-0.5023,0.1425,IDLE,1,0,step_done_latches_cleared,0,0,0.000,0,nan,nan,nan,0.0000,0,nan,nan,0,5,0.6000,0.5892,0.4692,0.5892,0.0108,本圈台阶完成,1,0.0000,0.150,0.330
5721.029,SEEK_ROUNDABOUT,27.876,0,2.376,0.0000,0.0000,none,,,0.000,,,tracking,0.1450,0.1593,1,line_curve_center_riding,-0.1632,-0.1372,-0.5707,-0.7932,0.7303,6,0,0.0000,0,0.0000,0.4335,0.2225,0.6560,-0.5003,0.1593,IDLE,1,0,step_done_latches_cleared,0,0,0.000,0,nan,nan,nan,0.0000,0,nan,nan,0,5,0.6000,0.5892,0.4692,0.5892,0.0108,本圈台阶完成,1,0.0000,0.150,0.330
5721.170,SEEK_ROUNDABOUT,28.017,0,2.390,0.0000,0.0000,none,,,0.000,,,tracking,0.1700,0.1806,1,line_curve_center_riding,-0.1860,-0.1753,-0.3523,-0.3523,0.4724,3,0,0.0000,0,0.0000,0.1770,0.0000,0.1770,-0.2933,0.1806,IDLE,1,0,step_done_latches_cleared,0,0,0.000,0,nan,nan,nan,0.0000,0,nan,nan,0,5,0.6000,0.5892,0.4692,0.5892,0.0108,本圈台阶完成,1,0.0000,0.150,0.330
5721.262,SEEK_ROUNDABOUT,28.109,0,2.400,0.0000,0.0000,none,,,0.000,,,tracking,0.1700,0.1986,1,line_curve_center_riding,-0.1984,-0.1881,-0.3603,-0.3603,0.4741,3,0,0.0000,0,0.0000,0.1722,0.0000,0.1722,-0.3029,0.1986,IDLE,1,0,step_done_latches_cleared,0,0,0.000,0,nan,nan,nan,0.0000,0,nan,nan,0,5,0.6000,0.5892,0.4692,0.5892,0.0108,本圈台阶完成,1,0.0000,0.150,0.330
5721.389,SEEK_ROUNDABOUT,28.236,0,2.416,0.0000,0.0000,none,,,0.000,,,tracking,0.1700,0.2052,1,line_curve_center_riding,-0.1975,-0.1888,-0.3352,-0.3352,0.4890,3,0,0.0000,0,0.0000,0.1464,0.0000,0.1464,-0.2864,0.2052,IDLE,1,0,step_done_latches_cleared,0,0,0.000,0,nan,nan,nan,0.0000,0,nan,nan,0,5,0.6000,0.5892,0.4692,0.5892,0.0108,本圈台阶完成,1,0.0000,0.150,0.330
5721.530,SEEK_ROUNDABOUT,28.377,0,2.433,0.8000,0.3500,none,,,0.000,,,tracking,0.1450,0.2310,1,line_curve_center_riding,-0.2354,-0.2132,-0.5832,-0.8879,0.8375,7,0,0.0000,0,0.0000,0.3700,0.3048,0.6748,-0.5614,0.2310,IDLE,1,0,step_done_latches_cleared,0,0,0.000,0,nan,nan,nan,0.0000,0,nan,nan,0,5,0.6000,0.5892,0.4692,0.5892,0.0108,本圈台阶完成,1,0.0000,0.150,0.330
5721.671,SEEK_ROUNDABOUT,28.518,0,2.459,0.8000,0.7000,none,,,0.000,,,tracking,0.1450,0.2458,1,line_curve_center_riding,-0.2417,-0.2210,-0.5659,-0.7380,0.6519,5,0,0.0000,0,0.0000,0.3449,0.1720,0.5170,-0.5083,0.2458,IDLE,1,0,step_done_latches_cleared,0,0,0.000,0,nan,nan,nan,0.0000,0,nan,nan,0,5,0.6000,0.5892,0.4692,0.5892,0.0108,本圈台阶完成,1,0.0000,0.150,0.330
5721.809,SEEK_ROUNDABOUT,28.656,0,2.479,0.0000,0.4000,none,,,0.000,,,tracking,0.1450,0.2540,1,line_curve_center_riding,-0.2432,-0.2252,-0.5239,-0.7901,0.7448,6,0,0.0000,0,0.0000,0.2986,0.2662,0.5649,-0.5131,0.2540,IDLE,1,0,step_done_latches_cleared,0,0,0.000,0,nan,nan,nan,0.0000,0,nan,nan,0,5,0.6000,0.5892,0.4692,0.5892,0.0108,本圈台阶完成,1,0.0000,0.150,0.330
5721.942,SEEK_ROUNDABOUT,28.789,0,2.504,0.6000,0.1000,none,,,0.000,,,tracking,0.1807,0.2696,1,line_center_tracking,-0.2629,-0.2298,-0.3479,-0.3479,0.3835,2,0,0.0000,0,0.0000,0.1181,0.0000,0.1181,-0.3086,0.2696,IDLE,1,0,step_done_latches_cleared,0,0,0.000,0,nan,nan,nan,0.0000,0,nan,nan,0,5,0.6000,0.5892,0.4692,0.5892,0.0108,本圈台阶完成,1,0.0000,0.150,0.330
5722.074,SEEK_ROUNDABOUT,28.921,0,2.530,0.0000,0.0000,none,,,0.000,,,tracking,0.1700,0.2493,1,line_curve_center_riding,-0.2164,-0.2026,-0.4322,-0.4322,0.4813,3,0,0.0000,0,0.0000,0.2296,0.0000,0.2296,-0.3556,0.2493,IDLE,1,0,step_done_latches_cleared,0,0,0.000,0,nan,nan,nan,0.0000,0,nan,nan,0,5,0.6000,0.5892,0.4692,0.5892,0.0108,本圈台阶完成,1,0.0000,0.150,0.330
5722.209,SEEK_ROUNDABOUT,29.056,0,2.556,0.8747,1.0000,none,,2.556,0.000,,,tracking,0.1450,0.2527,1,line_curve_center_riding,-0.2349,-0.2201,-0.4672,-0.6783,0.5775,4,0,0.0000,0,0.0000,0.2470,0.2111,0.4582,-0.4552,0.2527,IDLE,1,0,step_done_latches_cleared,0,0,0.000,0,nan,nan,nan,0.0000,0,nan,nan,0,5,0.6000,0.5892,0.4692,0.5892,0.0108,本圈台阶完成,1,0.0000,0.150,0.330
5722.335,SEEK_ROUNDABOUT,29.182,0,2.587,0.8000,1.3500,none,,2.556,0.000,,,tracking,0.1450,0.2458,1,line_curve_center_riding,-0.2223,-0.2092,-0.4277,-0.6722,0.5651,4,0,0.0000,0,0.0000,0.2185,0.2445,0.4629,-0.4364,0.2458,IDLE,1,0,step_done_latches_cleared,0,0,0.000,0,nan,nan,nan,0.0000,0,nan,nan,0,5,0.6000,0.5892,0.4692,0.5892,0.0108,本圈台阶完成,1,0.0000,0.150,0.330
5722.474,SEEK_ROUNDABOUT,29.321,0,2.613,0.6000,1.0500,none,,2.556,0.000,,,tracking,0.1450,0.2344,1,line_curve_center_riding,-0.2074,-0.1945,-0.4085,-0.6789,0.5589,4,0,0.0000,0,0.0000,0.2139,0.2704,0.4843,-0.4273,0.2344,IDLE,1,0,step_done_latches_cleared,0,0,0.000,0,nan,nan,nan,0.0000,0,nan,nan,0,5,0.6000,0.5892,0.4692,0.5892,0.0108,本圈台阶完成,1,0.0000,0.150,0.330
5722.607,SEEK_ROUNDABOUT,29.454,0,2.643,0.8791,2.0500,none,,2.556,0.000,,,tracking,0.1700,0.2401,1,line_curve_center_riding,-0.2258,-0.2139,-0.4123,-0.5802,0.4911,3,0,0.0000,0,0.0000,0.1984,0.1679,0.3663,-0.4022,0.2401,IDLE,1,0,step_done_latches_cleared,0,0,0.000,0,nan,nan,nan,0.0000,0,nan,nan,0,5,0.6000,0.5892,0.4692,0.5892,0.0108,本圈台阶完成,1,0.0000,0.150,0.330
5722.750,ROUNDABOUT_APPROACH,0.000,0,2.671,0.8773,0.0000,vision,2.671,2.556,0.035,,,tracking,0.1700,0.2466,1,line_curve_center_riding,-0.2283,-0.2187,-0.3785,-0.5407,0.7793,6,0,0.0000,0,0.0000,0.1598,0.1621,0.3219,-0.3793,0.2466,IDLE,1,0,step_done_latches_cleared,0,0,0.000,0,nan,nan,nan,0.0000,0,nan,nan,0,5,0.6000,0.5892,0.4692,0.5892,0.0108,本圈台阶完成,1,0.0000,0.150,0.330
5722.886,ROUNDABOUT_APPROACH,0.136,0,2.671,0.6000,0.0000,vision,2.671,2.556,0.035,,,tracking,0.1700,0.2573,1,line_curve_center_riding,-0.2467,-0.2341,-0.4443,-0.5585,0.5886,4,0,0.0000,0,0.0000,0.2102,0.1142,0.3244,-0.4123,0.2573,IDLE,1,0,step_done_latches_cleared,0,0,0.000,0,nan,nan,nan,0.0000,0,nan,nan,0,5,0.6000,0.5892,0.4692,0.5892,0.0108,本圈台阶完成,1,0.0000,0.150,0.330
5723.020,ROUNDABOUT_APPROACH,0.271,0,2.671,0.8836,0.0000,vision,2.671,2.556,0.035,,,tracking,0.1700,0.2635,1,line_curve_center_riding,-0.2499,-0.2438,-0.3453,-0.4516,0.6165,4,0,0.0000,0,0.0000,0.1015,0.1063,0.2079,-0.3469,0.2635,IDLE,1,0,step_done_latches_cleared,0,0,0.000,0,nan,nan,nan,0.0000,0,nan,nan,0,5,0.6000,0.5892,0.4692,0.5892,0.0108,本圈台阶完成,1,0.0000,0.150,0.330
5723.158,ROUNDABOUT_APPROACH,0.408,0,2.671,0.8000,0.0000,vision,2.671,2.556,0.035,,,tracking,0.1700,0.2395,1,line_curve_center_riding,-0.2033,-0.1966,-0.3093,-0.4026,0.7064,5,0,0.0000,0,0.0000,0.1128,0.0933,0.2061,-0.3028,0.2395,IDLE,1,0,step_done_latches_cleared,0,0,0.000,0,nan,nan,nan,0.0000,0,nan,nan,0,5,0.6000,0.5892,0.4692,0.5892,0.0108,本圈台阶完成,1,0.0000,0.150,0.330
5723.289,ROUNDABOUT_APPROACH,0.539,0,2.671,0.8000,0.0000,vision,2.671,2.556,0.035,,,tracking,0.1916,0.2271,1,line_center_tracking,-0.1986,-0.1702,-0.2716,-0.3226,0.6196,4,0,0.0000,0,0.0000,0.1014,0.0510,0.1523,-0.2548,0.2271,IDLE,1,0,step_done_latches_cleared,0,0,0.000,0,nan,nan,nan,0.0000,0,nan,nan,0,5,0.6000,0.5892,0.4692,0.5892,0.0108,本圈台阶完成,1,0.0000,0.150,0.330
5723.421,ROUNDABOUT_APPROACH,0.671,0,2.671,0.8000,0.0000,vision,2.671,2.556,0.035,,,tracking,0.1700,0.1896,1,line_curve_center_riding,-0.1447,-0.1314,-0.3528,-0.3955,0.5979,4,0,0.0000,0,0.0000,0.2214,0.0427,0.2642,-0.2932,0.1896,IDLE,1,0,step_done_latches_cleared,0,0,0.000,0,nan,nan,nan,0.0000,0,nan,nan,0,5,0.6000,0.5892,0.4692,0.5892,0.0108,本圈台阶完成,1,0.0000,0.150,0.330
5723.551,ROUNDABOUT_APPROACH,0.801,0,2.671,0.8909,0.0000,vision,2.671,2.556,0.035,,,tracking,0.1700,0.1587,1,line_curve_center_riding,-0.1192,-0.1126,-0.2226,-0.3171,0.7073,5,0,0.0000,0,0.0043,0.1100,0.0945,0.2045,-0.2175,0.1587,IDLE,1,0,step_done_latches_cleared,0,0,0.000,0,nan,nan,nan,0.0000,0,nan,nan,0,5,0.6000,0.5892,0.4692,0.5892,0.0108,本圈台阶完成,1,0.0000,0.150,0.330
5723.682,ROUNDABOUT_APPROACH,0.932,0,2.671,0.8939,0.0000,vision,2.671,2.556,0.035,,,tracking,0.1700,0.1340,1,line_curve_center_riding,-0.1016,-0.0922,-0.2483,-0.2695,0.7661,6,0,0.0000,0,0.0000,0.1561,0.0212,0.1773,-0.2034,0.1340,IDLE,1,0,step_done_latches_cleared,0,0,0.000,0,nan,nan,nan,0.0000,0,nan,nan,0,5,0.6000,0.5892,0.4692,0.5892,0.0108,本圈台阶完成,1,0.0000,0.150,0.330
5723.811,ROUNDABOUT_APPROACH,1.062,0,2.671,0.8872,0.0000,vision,2.671,2.556,0.035,,,tracking,0.1700,0.1111,1,line_curve_center_riding,-0.0824,-0.0679,-0.3101,-0.3101,0.4784,3,0,0.0000,0,0.0000,0.2422,0.0000,0.2422,-0.2294,0.1111,IDLE,1,0,step_done_latches_cleared,0,0,0.000,0,nan,nan,nan,0.0000,0,nan,nan,0,5,0.6000,0.5892,0.4692,0.5892,0.0108,本圈台阶完成,1,0.0000,0.150,0.330
5723.941,ROUNDABOUT_APPROACH,1.191,0,2.671,0.6000,0.0000,vision,2.671,2.556,0.035,,,tracking,0.1700,0.2687,1,line_curve_center_riding,-0.3699,-0.3839,-0.1501,-0.1593,0.5804,4,0,0.0000,0,0.0000,0.2338,0.0091,0.2247,-0.2311,0.2687,IDLE,1,0,step_done_latches_cleared,0,0,0.000,0,nan,nan,nan,0.0000,0,nan,nan,0,5,0.6000,0.5892,0.4692,0.5892,0.0108,本圈台阶完成,1,0.0000,0.150,0.330
5724.067,ROUNDABOUT_APPROACH,1.317,0,2.671,0.8968,0.0000,vision,2.671,2.556,0.035,,,tracking,0.1450,0.1074,1,line_curve_center_riding,0.0123,0.0310,-0.2805,-0.2805,0.3157,2,0,0.0000,0,0.0000,0.3115,0.0000,0.3115,-0.1766,0.1074,IDLE,1,0,step_done_latches_cleared,0,0,0.000,0,nan,nan,nan,0.0000,0,nan,nan,0,5,0.6000,0.5892,0.4692,0.5892,0.0108,本圈台阶完成,1,0.0000,0.150,0.330
5724.196,ROUNDABOUT_APPROACH,1.446,0,2.671,0.8602,0.0000,vision,2.671,2.556,0.035,,,tracking,0.1450,0.0162,1,line_recenter_transition,0.0694,0.0753,-0.2226,-0.2226,0.3227,2,0,0.0000,0,0.0000,0.2979,0.0000,0.2979,-0.1233,0.0162,IDLE,1,0,step_done_latches_cleared,0,0,0.000,0,nan,nan,nan,0.0000,0,nan,nan,0,5,0.6000,0.5892,0.4692,0.5892,0.0108,本圈台阶完成,1,0.0000,0.150,0.330
5724.327,ROUNDABOUT_APPROACH,1.577,0,2.671,0.8530,0.0000,vision,2.671,2.556,0.035,,,tracking,0.1948,0.1021,1,line_center_tracking,-0.1522,-0.1440,-0.1733,-0.1733,0.3927,2,0,0.0000,0,0.0000,0.0293,0.0000,0.0293,-0.1635,0.1021,IDLE,1,0,step_done_latches_cleared,0,0,0.000,0,nan,nan,nan,0.0000,0,nan,nan,0,5,0.6000,0.5892,0.4692,0.5892,0.0108,本圈台阶完成,1,0.0000,0.150,0.330
5724.460,ROUNDABOUT_APPROACH,1.711,0,2.671,0.8813,0.0000,vision,2.671,2.556,0.035,,,tracking,0.2180,0.1244,1,line_center_tracking,-0.1393,-0.1246,-0.1771,-0.1771,0.3274,2,0,0.0000,0,0.0000,0.0525,0.0000,0.0525,-0.1596,0.1244,IDLE,1,0,step_done_latches_cleared,0,0,0.000,0,nan,nan,nan,0.0000,0,nan,nan,0,5,0.6000,0.5892,0.4692,0.5892,0.0108,本圈台阶完成,1,0.0000,0.150,0.330
5724.591,ROUNDABOUT_APPROACH,1.842,0,2.671,0.8690,0.0000,vision,2.671,2.556,0.035,,,tracking,0.2264,0.0919,1,line_center_tracking,-0.0623,-0.0827,-0.0096,-0.0584,0.7109,5,0,0.0000,0,0.0000,0.0731,0.0488,0.0243,-0.0502,0.0919,IDLE,1,0,step_done_latches_cleared,0,0,0.000,0,nan,nan,nan,0.0000,0,nan,nan,0,5,0.6000,0.5892,0.4692,0.5892,0.0108,本圈台阶完成,1,0.0000,0.150,0.330
5724.724,ROUNDABOUT_APPROACH,1.974,0,2.671,0.8664,0.0000,vision,2.671,2.556,0.035,,,tracking,0.2392,0.0421,1,line_center_tracking,0.0029,-0.0093,0.0342,0.0342,0.3527,2,0,0.0000,0,0.0000,0.0435,0.0000,0.0435,0.0197,0.0421,IDLE,1,0,step_done_latches_cleared,0,0,0.000,0,nan,nan,nan,0.0000,0,nan,nan,0,5,0.6000,0.5892,0.4692,0.5892,0.0108,本圈台阶完成,1,0.0000,0.150,0.330
5724.848,ROUNDABOUT_APPROACH,2.098,0,2.671,0.8606,0.0000,vision,2.671,2.556,0.035,,,tracking,0.2339,0.0213,1,line_center_tracking,0.0009,-0.0254,0.0686,0.0156,0.7831,6,0,0.0000,0,0.0000,0.0940,0.0530,0.0410,0.0196,0.0213,IDLE,1,0,step_done_latches_cleared,0,0,0.000,0,nan,nan,nan,0.0000,0,nan,nan,0,5,0.6000,0.5892,0.4692,0.5892,0.0108,本圈台阶完成,1,0.0000,0.150,0.330
5724.975,ROUNDABOUT_APPROACH,2.225,0,2.671,0.7942,0.0000,vision,2.671,2.556,0.035,,,tracking,0.2331,-0.0358,1,line_center_tracking,0.0801,0.0867,0.0631,0.0403,0.8034,6,0,0.0000,0,0.0000,0.0237,0.0228,0.0465,0.0633,-0.0358,IDLE,1,0,step_done_latches_cleared,0,0,0.000,0,nan,nan,nan,0.0000,0,nan,nan,0,5,0.6000,0.5892,0.4692,0.5892,0.0108,本圈台阶完成,1,0.0000,0.150,0.330
5725.103,ROUNDABOUT_APPROACH,2.353,0,2.671,0.8279,0.0000,vision,2.671,2.556,0.035,,,tracking,0.2287,-0.0697,1,line_center_tracking,0.0965,0.1098,0.0623,0.0512,0.7194,5,0,0.0000,0,0.0000,0.0475,0.0112,0.0587,0.0744,-0.0697,IDLE,1,0,step_done_latches_cleared,0,0,0.000,0,nan,nan,nan,0.0000,0,nan,nan,0,5,0.6000,0.5892,0.4692,0.5892,0.0108,本圈台阶完成,1,0.0000,0.150,0.330
5725.234,ROUNDABOUT_APPROACH,2.485,0,2.671,0.8216,0.0000,vision,2.671,2.556,0.035,,,tracking,0.2260,-0.0933,1,line_center_tracking,0.1086,0.1222,0.0736,-0.0568,0.6814,5,0,0.0000,0,0.0000,0.0486,0.1304,0.1790,0.0463,-0.0933,IDLE,1,0,step_done_latches_cleared,0,0,0.000,0,nan,nan,nan,0.0000,0,nan,nan,0,5,0.6000,0.5892,0.4692,0.5892,0.0108,本圈台阶完成,1,0.0000,0.150,0.330
5725.364,ROUNDABOUT_APPROACH,2.615,0,2.671,0.9091,0.0000,vision,2.671,2.556,0.035,,,tracking,0.2311,-0.0733,1,line_center_tracking,0.0548,0.0600,0.0413,0.0413,0.4225,2,0,0.0000,0,0.0000,0.0187,0.0000,0.0187,0.0476,-0.0733,IDLE,1,0,step_done_latches_cleared,0,0,0.000,0,nan,nan,nan,0.0000,0,nan,nan,0,5,0.6000,0.5892,0.4692,0.5892,0.0108,本圈台阶完成,1,0.0000,0.150,0.330
5725.494,ROUNDABOUT_APPROACH,2.745,0,2.671,0.8835,0.0000,vision,2.671,2.556,0.035,,,tracking,0.1819,-0.0411,1,line_curve_center_riding,0.0113,0.0108,0.0196,-0.1677,0.6882,5,0,0.0000,0,0.0000,0.0088,0.1873,0.1785,-0.0458,-0.0411,IDLE,1,0,step_done_latches_cleared,0,0,0.000,0,nan,nan,nan,0.0000,0,nan,nan,0,5,0.6000,0.5892,0.4692,0.5892,0.0108,本圈台阶完成,1,0.0000,0.150,0.330
5725.620,ROUNDABOUT_APPROACH,2.870,0,2.671,0.8689,0.0000,vision,2.671,2.556,0.035,,,tracking,0.1700,-0.0428,1,line_curve_center_riding,0.0379,0.0390,0.0202,-0.1885,0.7790,6,0,0.0000,0,0.0000,0.0188,0.2086,0.2275,-0.0431,-0.0428,IDLE,1,0,step_done_latches_cleared,0,0,0.000,0,nan,nan,nan,0.0000,0,nan,nan,0,5,0.6000,0.5892,0.4692,0.5892,0.0108,本圈台阶完成,1,0.0000,0.150,0.330
5725.755,ROUNDABOUT_APPROACH,3.005,0,2.671,0.8225,0.0000,vision,2.671,2.556,0.035,,,tracking,0.2207,-0.0249,1,line_center_tracking,0.0088,0.0174,-0.0134,-0.1078,0.6030,4,0,0.0000,0,0.0000,0.0308,0.0943,0.1252,-0.0346,-0.0249,IDLE,1,0,step_done_latches_cleared,0,0,0.000,0,nan,nan,nan,0.0000,0,nan,nan,0,5,0.6000,0.5892,0.4692,0.5892,0.0108,本圈台阶完成,1,0.0000,0.150,0.330
5725.884,ROUNDABOUT_APPROACH,3.134,0,2.671,0.8599,0.0000,vision,2.671,2.556,0.035,,,tracking,0.1716,-0.0429,1,line_curve_center_riding,0.0522,0.0527,0.0445,-0.2433,0.6599,5,0,0.0000,0,0.0000,0.0082,0.2878,0.2960,-0.0487,-0.0429,IDLE,1,0,step_done_latches_cleared,0,0,0.000,0,nan,nan,nan,0.0000,0,nan,nan,0,5,0.6000,0.5892,0.4692,0.5892,0.0108,本圈台阶完成,1,0.0000,0.150,0.330
5726.012,ROUNDABOUT_APPROACH,3.262,0,2.671,0.9110,0.0000,vision,2.671,2.556,0.035,,,tracking,0.2203,-0.0338,1,line_center_tracking,0.0256,0.0330,0.0066,-0.0825,0.7109,5,0,0.0000,0,0.0000,0.0264,0.0891,0.1155,-0.0143,-0.0338,IDLE,1,0,step_done_latches_cleared,0,0,0.000,0,nan,nan,nan,0.0000,0,nan,nan,0,5,0.6000,0.5892,0.4692,0.5892,0.0108,本圈台阶完成,1,0.0000,0.150,0.330
5726.147,ROUNDABOUT_APPROACH,3.398,0,2.671,0.9109,0.0000,vision,2.671,2.556,0.035,,,tracking,0.1700,-0.0214,1,line_curve_center_riding,0.0093,0.0120,-0.0340,-0.3480,0.7576,6,0,0.0000,0,0.0000,0.0460,0.3140,0.3600,-0.1233,-0.0214,IDLE,1,0,step_done_latches_cleared,0,0,0.000,0,nan,nan,nan,0.0000,0,nan,nan,0,5,0.6000,0.5892,0.4692,0.5892,0.0108,本圈台阶完成,1,0.0000,0.150,0.330
5726.279,ROUNDABOUT_APPROACH,3.529,0,2.671,0.9209,0.0000,vision,2.671,2.556,0.035,,,tracking,0.1450,-0.0109,1,line_curve_center_riding,0.0008,0.0017,-0.0143,-0.4409,0.5663,4,0,0.0000,0,0.0000,0.0160,0.4267,0.4426,-0.1512,-0.0109,IDLE,1,0,step_done_latches_cleared,0,0,0.000,0,nan,nan,nan,0.0000,0,nan,nan,0,5,0.6000,0.5892,0.4692,0.5892,0.0108,本圈台阶完成,1,0.0000,0.150,0.330
5726.405,ROUNDABOUT_APPROACH,3.655,0,2.671,0.9475,0.0000,vision,2.671,2.556,0.035,,,tracking,0.1929,0.0010,1,line_center_tracking,-0.0112,0.0059,-0.0551,-0.1456,0.7999,6,0,0.0000,0,0.0000,0.0610,0.0905,0.1515,-0.0649,0.0010,IDLE,1,0,step_done_latches_cleared,0,0,0.000,0,nan,nan,nan,0.0000,0,nan,nan,0,5,0.6000,0.5892,0.4692,0.5892,0.0108,本圈台阶完成,1,0.0000,0.150,0.330
5726.533,ROUNDABOUT_APPROACH,3.784,0,2.671,0.9044,0.0000,vision,2.671,2.556,0.035,,,tracking,0.2404,0.0200,1,line_center_tracking,-0.0346,-0.0190,-0.0750,-0.1033,0.8013,6,0,0.0000,0,0.0000,0.0560,0.0284,0.0844,-0.0657,0.0200,IDLE,1,0,step_done_latches_cleared,0,0,0.000,0,nan,nan,nan,0.0000,0,nan,nan,0,5,0.6000,0.5892,0.4692,0.5892,0.0108,本圈台阶完成,1,0.0000,0.150,0.330
5726.661,ROUNDABOUT_APPROACH,3.911,0,2.671,0.9440,0.0000,vision,2.671,2.556,0.035,,,tracking,0.1918,0.0518,1,line_curve_center_riding,-0.0746,-0.0707,-0.1356,-0.8149,0.6237,5,0,0.0000,0,0.0000,0.0649,0.6793,0.7442,-0.3404,0.0518,IDLE,1,0,step_done_latches_cleared,0,0,0.000,0,nan,nan,nan,0.0000,0,nan,nan,0,5,0.6000,0.5892,0.4692,0.5892,0.0108,本圈台阶完成,1,0.0000,0.150,0.330
5726.791,ROUNDABOUT_APPROACH,4.041,0,2.671,0.8595,0.0000,vision,2.671,2.556,0.035,,,tracking,0.2330,0.0662,1,line_center_tracking,-0.0756,-0.0632,-0.1075,-0.1259,0.7980,6,0,0.0000,0,0.0000,0.0442,0.0185,0.0627,-0.0989,0.0662,IDLE,1,0,step_done_latches_cleared,0,0,0.000,0,nan,nan,nan,0.0000,0,nan,nan,0,5,0.6000,0.5892,0.4692,0.5892,0.0108,本圈台阶完成,1,0.0000,0.150,0.330
5726.919,ROUNDABOUT_APPROACH,4.169,0,2.671,0.9324,0.0000,vision,2.671,2.556,0.035,,,tracking,0.1844,0.0597,1,line_curve_center_riding,-0.0519,-0.0412,-0.2201,-0.2201,0.5022,3,0,0.0000,0,0.0000,0.1789,0.0000,0.1789,-0.1604,0.0597,IDLE,1,0,step_done_latches_cleared,0,0,0.000,0,nan,nan,nan,0.0000,0,nan,nan,0,5,0.6000,0.5892,0.4692,0.5892,0.0108,本圈台阶完成,1,0.0000,0.150,0.330
5727.061,ROUNDABOUT_APPROACH,4.311,0,2.671,0.8554,0.0000,vision,2.671,2.556,0.035,,,tracking,0.1450,0.0593,1,line_curve_center_riding,-0.0542,-0.0369,-0.3257,-0.6328,0.7414,6,0,0.0000,0,0.0000,0.2888,0.3072,0.5960,-0.3318,0.0593,IDLE,1,0,step_done_latches_cleared,0,0,0.000,0,nan,nan,nan,0.0000,0,nan,nan,0,5,0.6000,0.5892,0.4692,0.5892,0.0108,本圈台阶完成,1,0.0000,0.150,0.330
5727.203,ROUNDABOUT_APPROACH,4.453,0,2.671,0.9041,0.0000,vision,2.671,2.556,0.035,,,tracking,0.1450,0.0720,1,line_curve_center_riding,-0.0767,-0.0549,-0.4182,-0.7389,0.6285,5,0,0.0000,0,0.0000,0.3634,0.3206,0.6840,-0.4040,0.0720,IDLE,1,0,step_done_latches_cleared,0,0,0.000,0,nan,nan,nan,0.0000,0,nan,nan,0,5,0.6000,0.5892,0.4692,0.5892,0.0108,本圈台阶完成,1,0.0000,0.150,0.330
5727.331,ROUNDABOUT_APPROACH,4.581,0,2.671,0.8692,0.0000,vision,2.671,2.556,0.035,,,tracking,0.1450,0.0500,1,line_curve_center_riding,-0.0302,-0.0045,-0.4330,-0.4330,0.5490,4,0,0.0000,0,0.0000,0.4285,0.0000,0.4285,-0.2901,0.0500,IDLE,1,0,step_done_latches_cleared,0,0,0.000,0,nan,nan,nan,0.0000,0,nan,nan,0,5,0.6000,0.5892,0.4692,0.5892,0.0108,本圈台阶完成,1,0.0000,0.150,0.330
5727.460,ROUNDABOUT_APPROACH,4.711,0,2.671,0.9093,0.0000,vision,2.671,2.556,0.035,,,tracking,0.1450,0.1125,1,line_curve_center_riding,-0.1512,-0.1214,-0.6191,-0.6782,0.5158,4,0,0.0000,0,0.0000,0.4977,0.0591,0.5568,-0.4729,0.1125,IDLE,1,0,step_done_latches_cleared,0,0,0.000,0,nan,nan,nan,0.0000,0,nan,nan,0,5,0.6000,0.5892,0.4692,0.5892,0.0108,本圈台阶完成,1,0.0000,0.150,0.330
5727.595,ROUNDABOUT_APPROACH,4.846,0,2.671,0.9215,0.0000,vision,2.671,2.556,0.035,,,tracking,0.1450,0.1860,1,line_curve_center_riding,-0.2358,-0.2186,-0.5043,-0.5043,0.5719,4,0,0.0000,0,0.0000,0.2857,0.0000,0.2857,-0.4091,0.1860,IDLE,1,0,step_done_latches_cleared,0,0,0.000,0,nan,nan,nan,0.0000,0,nan,nan,0,5,0.6000,0.5892,0.4692,0.5892,0.0108,本圈台阶完成,1,0.0000,0.150,0.330
5727.726,ROUNDABOUT_APPROACH,4.976,0,2.671,0.8498,0.0000,vision,2.671,2.556,0.035,,,tracking,0.1947,0.0953,1,line_center_tracking,-0.0240,-0.0357,0.0060,0.0060,0.3574,2,0,0.0000,0,0.0000,0.0418,0.0000,0.0418,-0.0079,0.0953,IDLE,1,0,step_done_latches_cleared,0,0,0.000,0,nan,nan,nan,0.0000,0,nan,nan,0,5,0.6000,0.5892,0.4692,0.5892,0.0108,本圈台阶完成,1,0.0000,0.150,0.330
5727.850,ROUNDABOUT_APPROACH,5.101,0,2.671,0.9146,0.0000,vision,2.671,2.556,0.035,,,tracking,0.2419,0.0248,1,line_center_tracking,0.0389,0.0387,0.0394,0.0311,0.8879,7,0,0.0000,0,0.0000,0.0007,0.0082,0.0076,0.0364,0.0248,IDLE,1,0,step_done_latches_cleared,0,0,0.000,0,nan,nan,nan,0.0000,0,nan,nan,0,5,0.6000,0.5892,0.4692,0.5892,0.0108,本圈台阶完成,1,0.0000,0.150,0.330
5727.983,ROUNDABOUT_APPROACH,5.234,0,2.671,0.8633,0.0000,vision,2.671,2.556,0.035,,,tracking,0.2290,-0.0443,1,line_center_tracking,0.1030,0.1079,0.0903,0.0903,0.4614,2,0,0.0000,0,0.0000,0.0176,0.0000,0.0176,0.0962,-0.0443,IDLE,1,0,step_done_latches_cleared,0,0,0.000,0,nan,nan,nan,0.0000,0,nan,nan,0,5,0.6000,0.5892,0.4692,0.5892,0.0108,本圈台阶完成,1,0.0000,0.150,0.330
5728.113,ROUNDABOUT_APPROACH,5.363,0,2.671,0.9199,0.0000,vision,2.671,2.556,0.035,,,tracking,0.2254,-0.0783,1,line_center_tracking,0.1059,0.1268,0.0522,0.0688,0.8791,7,0,0.0000,0,0.0000,0.0746,0.0165,0.0580,0.0826,-0.0783,IDLE,1,0,step_done_latches_cleared,0,0,0.000,0,nan,nan,nan,0.0000,0,nan,nan,0,5,0.6000,0.5892,0.4692,0.5892,0.0108,本圈台阶完成,1,0.0000,0.150,0.330
5728.263,ROUNDABOUT_APPROACH,5.513,0,2.671,0.9217,0.0000,vision,2.671,2.556,0.035,,,tracking,0.2232,-0.1041,1,line_center_tracking,0.1212,0.1345,0.0869,0.0734,0.7288,5,0,0.0000,0,0.0000,0.0476,0.0136,0.0612,0.0983,-0.1041,IDLE,1,0,step_done_latches_cleared,0,0,0.000,0,nan,nan,nan,0.0000,0,nan,nan,0,5,0.6000,0.5892,0.4692,0.5892,0.0108,本圈台阶完成,1,0.0000,0.150,0.330
5728.391,ROUNDABOUT_APPROACH,5.641,0,2.671,0.9233,0.0000,vision,2.671,2.556,0.035,,,tracking,0.1746,0.2160,1,line_curve_center_riding,-0.6068,-0.5916,-0.8438,-0.8438,0.4551,3,0,0.0000,0,0.0000,0.2521,0.0000,0.2521,-0.7597,0.2160,IDLE,1,0,step_done_latches_cleared,0,0,0.000,0,nan,nan,nan,0.0000,0,nan,nan,0,5,0.6000,0.5892,0.4692,0.5892,0.0108,本圈台阶完成,1,0.0000,0.150,0.330
5728.516,ROUNDABOUT_APPROACH,5.766,0,2.671,0.8791,0.0000,vision,2.671,2.556,0.035,,,tracking,0.1270,0.5012,1,line_curve_center_riding,-0.6498,-0.6377,-0.8389,-0.8389,0.3192,2,0,0.0000,0,0.0000,0.2011,0.0000,0.2011,-0.7718,0.5012,IDLE,1,0,step_done_latches_cleared,0,0,0.000,0,nan,nan,nan,0.0000,0,nan,nan,0,5,0.6000,0.5892,0.4692,0.5892,0.0108,本圈台阶完成,1,0.0000,0.150,0.330
5728.646,ROUNDABOUT_APPROACH,5.896,0,2.671,0.8786,0.0000,vision,2.671,2.556,0.035,,,tracking,0.1000,0.6139,1,line_curve_center_riding,-0.6788,-0.6669,-0.8646,-0.8646,0.3218,2,0,0.0000,0,0.0000,0.1977,0.0000,0.1977,-0.7987,0.6139,IDLE,1,0,step_done_latches_cleared,0,0,0.000,0,nan,nan,nan,0.0000,0,nan,nan,0,5,0.6000,0.5892,0.4692,0.5892,0.0108,本圈台阶完成,1,0.0000,0.150,0.330
5728.779,ROUNDABOUT,0.000,0,2.671,0.8766,0.0000,vision,2.671,2.556,0.035,0.000,0.000,icn_entry_left,0.1505,0.3600,1,line_curve_center_riding,-0.6179,-0.6054,-0.8142,-0.8142,0.3132,2,0,0.0000,0,0.0000,0.2088,0.0000,0.2088,-0.7446,0.3600,IDLE,1,0,step_done_latches_cleared,0,0,0.000,0,nan,nan,nan,0.0000,0,nan,nan,0,5,0.6000,0.5892,0.4692,0.5892,0.0108,本圈台阶完成,1,0.0000,0.150,0.330
5728.926,ROUNDABOUT,0.148,0,2.671,0.8767,0.0000,vision,2.671,2.556,0.035,0.148,0.021,icn_entry_left,0.1900,0.3600,1,line_center_tracking,0.2640,0.2643,0.2633,0.2488,0.5565,3,0,0.0000,0,0.0000,0.0010,0.0145,0.0156,0.2588,0.3600,IDLE,1,0,step_done_latches_cleared,0,0,0.000,0,nan,nan,nan,0.0000,0,nan,nan,0,5,0.6000,0.5892,0.4692,0.5892,0.0108,本圈台阶完成,1,0.0000,0.150,0.330
5729.068,ROUNDABOUT,0.289,0,2.671,0.8847,0.0000,vision,2.671,2.556,0.035,0.289,0.043,icn_entry_left,0.1900,0.3600,1,line_center_tracking,-0.5052,-0.5052,-0.5052,-0.5052,0.2375,1,0,0.0000,0,0.0000,0.0000,0.0000,0.0000,-0.5052,0.3600,IDLE,1,0,step_done_latches_cleared,0,0,0.000,0,nan,nan,nan,0.0000,0,nan,nan,0,5,0.6000,0.5892,0.4692,0.5892,0.0108,本圈台阶完成,1,0.0000,0.150,0.330
5729.216,ROUNDABOUT,0.437,0,2.671,0.8000,0.0000,vision,2.671,2.556,0.035,0.437,0.070,icn_entry_left,0.1900,0.3600,1,line_center_tracking,0.4504,0.4488,0.4544,0.4655,0.4671,2,0,0.0000,0,0.0000,0.0056,0.0111,0.0167,0.4562,0.3600,IDLE,1,0,step_done_latches_cleared,0,0,0.000,0,nan,nan,nan,0.0000,0,nan,nan,0,5,0.6000,0.5892,0.4692,0.5892,0.0108,本圈台阶完成,1,0.0000,0.150,0.330
5729.349,ROUNDABOUT,0.570,0,2.671,0.0000,0.0000,vision,2.671,2.556,0.035,0.570,0.091,icn_entry_left,0.1900,0.3600,1,line_center_tracking,-0.4214,-0.4192,-0.4271,-0.4271,0.4529,2,0,0.0000,0,0.0000,0.0079,0.0000,0.0079,-0.4244,0.3600,IDLE,1,0,step_done_latches_cleared,0,0,0.000,0,nan,nan,nan,0.0000,0,nan,nan,0,5,0.6000,0.5892,0.4692,0.5892,0.0108,本圈台阶完成,1,0.0000,0.150,0.330
5729.475,ROUNDABOUT,0.696,0,2.671,0.8000,0.0000,vision,2.671,2.556,0.035,0.696,0.110,icn_entry_left,0.1900,0.3600,1,line_center_tracking,-0.3489,-0.3462,-0.3559,-0.3559,0.4478,2,0,0.0000,0,0.0000,0.0097,0.0000,0.0097,-0.3527,0.3600,IDLE,1,0,step_done_latches_cleared,0,0,0.000,0,nan,nan,nan,0.0000,0,nan,nan,0,5,0.6000,0.5892,0.4692,0.5892,0.0108,本圈台阶完成,1,0.0000,0.150,0.330
5729.603,ROUNDABOUT,0.824,0,2.671,0.0000,0.0000,vision,2.671,2.556,0.035,0.824,0.124,icn_entry_left,0.1900,0.3600,1,line_center_tracking,-0.4609,-0.3947,-0.6313,-0.6313,0.2917,2,0,0.0000,0,0.0000,0.2366,0.0000,0.2366,-0.5524,0.3600,IDLE,1,0,step_done_latches_cleared,0,0,0.000,0,nan,nan,nan,0.0000,0,nan,nan,0,5,0.6000,0.5892,0.4692,0.5892,0.0108,本圈台阶完成,1,0.0000,0.150,0.330
5729.729,ROUNDABOUT,0.950,0,2.671,0.0000,0.0000,vision,2.671,2.556,0.035,0.950,0.139,icn_entry_left,0.1900,0.3600,1,line_center_tracking,-0.3742,-0.3179,-0.5193,-0.5193,0.3190,2,0,0.0000,0,0.0000,0.2014,0.0000,0.2014,-0.4521,0.3600,IDLE,1,0,step_done_latches_cleared,0,0,0.000,0,nan,nan,nan,0.0000,0,nan,nan,0,5,0.6000,0.5892,0.4692,0.5892,0.0108,本圈台阶完成,1,0.0000,0.150,0.330
5729.858,ROUNDABOUT,1.079,0,2.671,0.0000,0.0000,vision,2.671,2.556,0.035,1.079,0.158,icn_entry_left,0.1900,0.3600,1,line_center_tracking,-0.2920,-0.2384,-0.4297,-0.4297,0.3268,2,0,0.0000,0,0.0000,0.1913,0.0000,0.1913,-0.3660,0.3600,IDLE,1,0,step_done_latches_cleared,0,0,0.000,0,nan,nan,nan,0.0000,0,nan,nan,0,5,0.6000,0.5892,0.4692,0.5892,0.0108,本圈台阶完成,1,0.0000,0.150,0.330
5729.984,ROUNDABOUT,1.205,0,2.671,0.0000,0.0000,vision,2.671,2.556,0.035,1.205,0.173,icn_entry_left,0.1900,0.3600,1,line_center_tracking,-0.3571,-0.3571,-0.3571,-0.3571,0.2375,1,0,0.0000,0,0.0000,0.0000,0.0000,0.0000,-0.3571,0.3600,IDLE,1,0,step_done_latches_cleared,0,0,0.000,0,nan,nan,nan,0.0000,0,nan,nan,0,5,0.6000,0.5892,0.4692,0.5892,0.0108,本圈台阶完成,1,0.0000,0.150,0.330
5730.135,ROUNDABOUT,1.356,0,2.671,0.0000,0.0000,vision,2.671,2.556,0.035,1.356,0.195,icn_entry_left,0.1900,0.3600,1,line_center_tracking,-0.2598,-0.2598,-0.2598,-0.2598,0.2375,1,0,0.0000,0,0.0000,0.0000,0.0000,0.0000,-0.2598,0.3600,IDLE,1,0,step_done_latches_cleared,0,0,0.000,0,nan,nan,nan,0.0000,0,nan,nan,0,5,0.6000,0.5892,0.4692,0.5892,0.0108,本圈台阶完成,1,0.0000,0.150,0.330
5730.272,ROUNDABOUT,1.493,0,2.671,0.0000,0.0000,vision,2.671,2.556,0.035,1.493,0.213,icn_entry_left,0.1900,0.3600,1,line_center_tracking,-0.1948,-0.1948,-0.1948,-0.1948,0.2375,1,0,0.0000,0,0.0000,0.0000,0.0000,0.0000,-0.1948,0.3600,IDLE,1,0,step_done_latches_cleared,0,0,0.000,0,nan,nan,nan,0.0000,0,nan,nan,0,5,0.6000,0.5892,0.4692,0.5892,0.0108,本圈台阶完成,1,0.0000,0.150,0.330
5730.397,ROUNDABOUT,1.618,0,2.671,0.0000,0.0000,vision,2.671,2.556,0.035,1.618,0.237,icn_entry_left,0.1900,0.3600,1,line_center_tracking,-0.1222,-0.1179,-0.1330,-0.1330,0.4327,2,0,0.0000,0,0.0000,0.0150,0.0000,0.0150,-0.1280,0.3600,IDLE,1,0,step_done_latches_cleared,0,0,0.000,0,nan,nan,nan,0.0000,0,nan,nan,0,5,0.6000,0.5892,0.4692,0.5892,0.0108,本圈台阶完成,1,0.0000,0.150,0.330
5730.522,ROUNDABOUT,1.743,0,2.671,0.0000,0.0000,vision,2.671,2.556,0.035,1.743,0.257,icn_entry_left,0.1900,0.3600,1,line_center_tracking,-0.1863,-0.1371,-0.3129,-0.3129,0.3388,2,0,0.0000,0,0.0000,0.1758,0.0000,0.1758,-0.2543,0.3600,IDLE,1,0,step_done_latches_cleared,0,0,0.000,0,nan,nan,nan,0.0000,0,nan,nan,0,5,0.6000,0.5892,0.4692,0.5892,0.0108,本圈台阶完成,1,0.0000,0.150,0.330
5730.654,ROUNDABOUT,1.875,0,2.671,0.0000,0.0000,vision,2.671,2.556,0.035,1.875,0.280,icn_entry_left,0.1900,0.3600,1,line_center_tracking,-0.2672,-0.2672,-0.2672,-0.2672,0.2375,1,0,0.0000,0,0.0000,0.0000,0.0000,0.0000,-0.2672,0.3600,IDLE,1,0,step_done_latches_cleared,0,0,0.000,0,nan,nan,nan,0.0000,0,nan,nan,0,5,0.6000,0.5892,0.4692,0.5892,0.0108,本圈台阶完成,1,0.0000,0.150,0.330
5730.789,ROUNDABOUT,2.010,0,2.671,0.0000,0.0000,vision,2.671,2.556,0.035,2.010,0.302,icn_entry_left,0.1900,0.3600,1,line_center_tracking,-0.1250,-0.1250,-0.1250,-0.1250,0.2375,1,0,0.0000,0,0.0000,0.0000,0.0000,0.0000,-0.1250,0.3600,IDLE,1,0,step_done_latches_cleared,0,0,0.000,0,nan,nan,nan,0.0000,0,nan,nan,0,5,0.6000,0.5892,0.4692,0.5892,0.0108,本圈台阶完成,1,0.0000,0.150,0.330
5730.914,ROUNDABOUT,2.136,0,2.671,0.0000,0.0000,vision,2.671,2.556,0.035,2.136,0.328,icn_entry_left,0.1900,0.3600,1,line_center_tracking,-0.1040,-0.1040,-0.1040,-0.1040,0.2375,1,0,0.0000,0,0.0000,0.0000,0.0000,0.0000,-0.1040,0.3600,IDLE,1,0,step_done_latches_cleared,0,0,0.000,0,nan,nan,nan,0.0000,0,nan,nan,0,5,0.6000,0.5892,0.4692,0.5892,0.0108,本圈台阶完成,1,0.0000,0.150,0.330
5731.039,ROUNDABOUT,2.260,0,2.671,0.0000,0.0000,vision,2.671,2.556,0.035,2.260,0.348,icn_entry_left,0.1900,0.3600,1,line_center_tracking,-0.1711,-0.1211,-0.2996,-0.2996,0.3368,2,0,0.0000,0,0.0000,0.1784,0.0000,0.1784,-0.2401,0.3600,IDLE,1,0,step_done_latches_cleared,0,0,0.000,0,nan,nan,nan,0.0000,0,nan,nan,0,5,0.6000,0.5892,0.4692,0.5892,0.0108,本圈台阶完成,1,0.0000,0.150,0.330
5731.171,ROUNDABOUT,2.392,0,2.671,0.0000,0.0000,vision,2.671,2.556,0.035,2.392,0.374,icn_entry_left,0.1900,0.3600,1,line_center_tracking,-0.1355,-0.0866,-0.2613,-0.2613,0.3396,2,0,0.0000,0,0.0000,0.1747,0.0000,0.1747,-0.2031,0.3600,IDLE,1,0,step_done_latches_cleared,0,0,0.000,0,nan,nan,nan,0.0000,0,nan,nan,0,5,0.6000,0.5892,0.4692,0.5892,0.0108,本圈台阶完成,1,0.0000,0.150,0.330
5731.299,ROUNDABOUT,2.520,0,2.671,0.0000,0.0000,vision,2.671,2.556,0.035,2.520,0.398,icn_entry_left,0.1900,0.3600,1,line_center_tracking,-0.1438,-0.1438,-0.1438,-0.1438,0.2375,1,0,0.0000,0,0.0000,0.0000,0.0000,0.0000,-0.1438,0.3600,IDLE,1,0,step_done_latches_cleared,0,0,0.000,0,nan,nan,nan,0.0000,0,nan,nan,0,5,0.6000,0.5892,0.4692,0.5892,0.0108,本圈台阶完成,1,0.0000,0.150,0.330
5731.438,ROUNDABOUT,2.659,0,2.671,0.0000,0.0000,vision,2.671,2.556,0.035,2.659,0.434,icn_entry_left,0.1900,0.3600,1,line_center_tracking,-0.1289,-0.1224,-0.1455,-0.1455,0.4101,2,0,0.0000,0,0.0000,0.0231,0.0000,0.0231,-0.1378,0.3600,IDLE,1,0,step_done_latches_cleared,0,0,0.000,0,nan,nan,nan,0.0000,0,nan,nan,0,5,0.6000,0.5892,0.4692,0.5892,0.0108,本圈台阶完成,1,0.0000,0.150,0.330
5731.572,ROUNDABOUT,2.793,0,2.671,0.0000,0.0000,vision,2.671,2.556,0.035,2.793,0.470,icn_entry_left,0.1900,0.3600,1,line_center_tracking,-0.2225,-0.1724,-0.3512,-0.3512,0.3364,2,0,0.0000,0,0.0000,0.1788,0.0000,0.1788,-0.2916,0.3600,IDLE,1,0,step_done_latches_cleared,0,0,0.000,0,nan,nan,nan,0.0000,0,nan,nan,0,5,0.6000,0.5892,0.4692,0.5892,0.0108,本圈台阶完成,1,0.0000,0.150,0.330
5731.700,ROUNDABOUT,2.921,0,2.671,0.0000,0.0000,vision,2.671,2.556,0.035,2.921,0.495,icn_entry_left,0.1900,0.3600,1,line_center_tracking,-0.2478,-0.2478,-0.2478,-0.2478,0.2375,1,0,0.0000,0,0.0000,0.0000,0.0000,0.0000,-0.2478,0.3600,IDLE,1,0,step_done_latches_cleared,0,0,0.000,0,nan,nan,nan,0.0000,0,nan,nan,0,5,0.6000,0.5892,0.4692,0.5892,0.0108,本圈台阶完成,1,0.0000,0.150,0.330
5731.828,ROUNDABOUT,3.049,0,2.671,0.0000,0.0000,vision,2.671,2.556,0.035,3.049,0.528,icn_entry_left,0.1900,0.3600,1,line_center_tracking,-0.3090,-0.2228,-0.5308,-0.5308,0.3175,2,0,0.0000,0,0.0000,0.3080,0.0000,0.3080,-0.4281,0.3600,IDLE,1,0,step_done_latches_cleared,0,0,0.000,0,nan,nan,nan,0.0000,0,nan,nan,0,5,0.6000,0.5892,0.4692,0.5892,0.0108,本圈台阶完成,1,0.0000,0.150,0.330
5731.950,ROUNDABOUT,3.171,0,2.671,0.0000,0.0000,vision,2.671,2.556,0.035,3.171,0.563,icn_entry_left,0.1900,0.3600,1,line_center_tracking,-0.3906,-0.3176,-0.5783,-0.5783,0.2730,2,0,0.0000,0,0.0000,0.2607,0.0000,0.2607,-0.4914,0.3600,IDLE,1,0,step_done_latches_cleared,0,0,0.000,0,nan,nan,nan,0.0000,0,nan,nan,0,5,0.6000,0.5892,0.4692,0.5892,0.0108,本圈台阶完成,1,0.0000,0.150,0.330
5732.113,ROUNDABOUT,3.334,0,2.671,0.0000,0.0000,vision,2.671,2.556,0.035,3.334,0.602,icn_entry_left,0.1900,0.3600,1,line_center_tracking,-0.4079,-0.4079,-0.4079,-0.4079,0.2375,1,0,0.0000,0,0.0000,0.0000,0.0000,0.0000,-0.4079,0.3600,IDLE,1,0,step_done_latches_cleared,0,0,0.000,0,nan,nan,nan,0.0000,0,nan,nan,0,5,0.6000,0.5892,0.4692,0.5892,0.0108,本圈台阶完成,1,0.0000,0.150,0.330
5732.238,ROUNDABOUT,3.459,0,2.671,0.0000,0.0000,vision,2.671,2.556,0.035,3.459,0.633,icn_entry_left,0.1900,0.3600,1,line_center_tracking,-0.4860,-0.4004,-0.7060,-0.7060,0.3188,2,0,0.0000,0,0.0000,0.3055,0.0000,0.3055,-0.6041,0.3600,IDLE,1,0,step_done_latches_cleared,0,0,0.000,0,nan,nan,nan,0.0000,0,nan,nan,0,5,0.6000,0.5892,0.4692,0.5892,0.0108,本圈台阶完成,1,0.0000,0.150,0.330
5732.368,ROUNDABOUT,3.590,0,2.671,0.0000,0.0000,vision,2.671,2.556,0.035,3.590,0.658,icn_entry_left,0.1900,0.3600,1,line_center_tracking,-0.2978,-0.2978,-0.2978,-0.2978,0.2375,1,0,0.0000,0,0.0000,0.0000,0.0000,0.0000,-0.2978,0.3600,IDLE,1,0,step_done_latches_cleared,0,0,0.000,0,nan,nan,nan,0.0000,0,nan,nan,0,5,0.6000,0.5892,0.4692,0.5892,0.0108,本圈台阶完成,1,0.0000,0.150,0.330
5732.500,ROUNDABOUT,3.721,0,2.671,0.0000,0.0000,vision,2.671,2.556,0.035,3.721,0.684,icn_entry_left,0.1900,0.3600,1,line_hard_turn_centering,-0.5483,-0.5426,-0.5996,-0.5996,0.3145,2,0,0.0000,0,0.0000,0.0571,0.0000,0.0571,-0.5806,0.3600,IDLE,1,0,step_done_latches_cleared,0,0,0.000,0,nan,nan,nan,0.0000,0,nan,nan,0,5,0.6000,0.5892,0.4692,0.5892,0.0108,本圈台阶完成,1,0.0000,0.150,0.330
5732.630,ROUNDABOUT,3.851,0,2.671,0.0000,0.0000,vision,2.671,2.556,0.035,3.851,0.715,icn_entry_left,0.1900,0.3600,1,line_hard_turn_centering,-0.6453,-0.6453,-0.6453,-0.6453,0.2375,1,0,0.0000,0,0.0000,0.0000,0.0000,0.0000,-0.6453,0.3600,IDLE,1,0,step_done_latches_cleared,0,0,0.000,0,nan,nan,nan,0.0000,0,nan,nan,0,5,0.6000,0.5892,0.4692,0.5892,0.0108,本圈台阶完成,1,0.0000,0.150,0.330
5732.763,ROUNDABOUT,3.984,0,2.671,0.0000,0.0000,vision,2.671,2.556,0.035,3.984,0.734,icn_entry_left,0.1900,0.3600,1,line_hard_turn_centering,-0.6252,-0.6217,-0.6567,-0.6567,0.3765,2,0,0.0000,0,0.0000,0.0350,0.0000,0.0350,-0.6450,0.3600,IDLE,1,0,step_done_latches_cleared,0,0,0.000,0,nan,nan,nan,0.0000,0,nan,nan,0,5,0.6000,0.5892,0.4692,0.5892,0.0108,本圈台阶完成,1,0.0000,0.150,0.330
5732.886,ROUNDABOUT,4.107,0,2.671,0.0000,0.0000,vision,2.671,2.556,0.035,4.107,0.756,icn_entry_left,0.1900,0.3600,1,line_hard_turn_centering,-0.5416,-0.5416,-0.5416,-0.5416,0.2375,1,0,0.0000,0,0.0000,0.0000,0.0000,0.0000,-0.5416,0.3600,IDLE,1,0,step_done_latches_cleared,0,0,0.000,0,nan,nan,nan,0.0000,0,nan,nan,0,5,0.6000,0.5892,0.4692,0.5892,0.0108,本圈台阶完成,1,0.0000,0.150,0.330
5733.019,ROUNDABOUT,4.240,0,2.671,0.0000,0.0000,vision,2.671,2.556,0.035,4.240,0.780,icn_entry_left,0.1900,0.3600,1,line_hard_turn_centering,-0.5236,-0.5236,-0.5236,-0.5236,0.2375,1,0,0.0000,0,0.0000,0.0000,0.0000,0.0000,-0.5236,0.3600,IDLE,1,0,step_done_latches_cleared,0,0,0.000,0,nan,nan,nan,0.0000,0,nan,nan,0,5,0.6000,0.5892,0.4692,0.5892,0.0108,本圈台阶完成,1,0.0000,0.150,0.330
5733.147,ROUNDABOUT,4.368,0,2.671,0.0000,0.0000,vision,2.671,2.556,0.035,4.368,0.798,icn_entry_left,0.1900,0.3600,1,line_hard_turn_centering,-0.7133,-0.7074,-0.7667,-0.7667,0.3082,2,0,0.0000,0,0.0000,0.0593,0.0000,0.0593,-0.7469,0.3600,IDLE,1,0,step_done_latches_cleared,0,0,0.000,0,nan,nan,nan,0.0000,0,nan,nan,0,5,0.6000,0.5892,0.4692,0.5892,0.0108,本圈台阶完成,1,0.0000,0.150,0.330
5733.275,ROUNDABOUT,4.496,0,2.671,0.0000,0.0000,vision,2.671,2.556,0.035,4.496,0.815,icn_entry_left,0.1900,0.3600,1,line_hard_turn_centering,-0.7290,-0.7215,-0.7958,-0.7958,0.2660,2,0,0.0000,0,0.0000,0.0743,0.0000,0.0743,-0.7711,0.3600,IDLE,1,0,step_done_latches_cleared,0,0,0.000,0,nan,nan,nan,0.0000,0,nan,nan,0,5,0.6000,0.5892,0.4692,0.5892,0.0108,本圈台阶完成,1,0.0000,0.150,0.330
5733.405,ROUNDABOUT,4.626,0,2.671,0.0000,0.0000,vision,2.671,2.556,0.035,4.626,0.829,icn_entry_left,0.1900,0.3600,1,line_hard_turn_centering,-0.7632,-0.7632,-0.7632,-0.7632,0.2375,1,0,0.0000,0,0.0043,0.0000,0.0000,0.0000,-0.7632,0.3600,IDLE,1,0,step_done_latches_cleared,0,0,0.000,0,nan,nan,nan,0.0000,0,nan,nan,0,5,0.6000,0.5892,0.4692,0.5892,0.0108,本圈台阶完成,1,0.0000,0.150,0.330
5733.534,ROUNDABOUT,4.755,0,2.671,0.0000,0.0000,vision,2.671,2.556,0.035,4.755,0.840,icn_entry_left,0.1900,0.3600,1,line_hard_turn_centering,-0.7050,-0.7050,-0.7050,-0.7050,0.2375,1,0,0.0000,0,0.0000,0.0000,0.0000,0.0000,-0.7050,0.3600,IDLE,1,0,step_done_latches_cleared,0,0,0.000,0,nan,nan,nan,0.0000,0,nan,nan,0,5,0.6000,0.5892,0.4692,0.5892,0.0108,本圈台阶完成,1,0.0000,0.150,0.330
5733.663,ROUNDABOUT,4.884,0,2.671,0.0000,0.0000,vision,2.671,2.556,0.035,4.884,0.851,icn_entry_left,0.1900,0.3600,1,line_hard_turn_centering,-0.6357,-0.6357,-0.6357,-0.6357,0.2375,1,0,0.0000,0,0.0000,0.0000,0.0000,0.0000,-0.6357,0.3600,IDLE,1,0,step_done_latches_cleared,0,0,0.000,0,nan,nan,nan,0.0000,0,nan,nan,0,5,0.6000,0.5892,0.4692,0.5892,0.0108,本圈台阶完成,1,0.0000,0.150,0.330
5733.787,ROUNDABOUT,5.008,0,2.671,0.0000,0.0000,vision,2.671,2.556,0.035,5.008,0.860,icn_entry_left,0.1900,0.3600,1,line_hard_turn_centering,-0.5493,-0.5215,-0.7989,-0.7989,0.3332,2,0,0.0000,0,0.0000,0.2773,0.0000,0.2773,-0.7064,0.3600,IDLE,1,0,step_done_latches_cleared,0,0,0.000,0,nan,nan,nan,0.0000,0,nan,nan,0,5,0.6000,0.5892,0.4692,0.5892,0.0108,本圈台阶完成,1,0.0000,0.150,0.330
5733.924,ROUNDABOUT,5.145,0,2.671,0.0000,0.0000,vision,2.671,2.556,0.035,5.145,0.870,icn_entry_left,0.1900,0.3600,1,line_hard_turn_centering,-0.5669,-0.5393,-0.8153,-0.8153,0.4406,3,0,0.0000,0,0.0000,0.2760,0.0000,0.2760,-0.7233,0.3600,IDLE,1,0,step_done_latches_cleared,0,0,0.000,0,nan,nan,nan,0.0000,0,nan,nan,0,5,0.6000,0.5892,0.4692,0.5892,0.0108,本圈台阶完成,1,0.0000,0.150,0.330
5734.052,ROUNDABOUT,5.273,0,2.671,0.0000,0.0000,vision,2.671,2.556,0.035,5.273,0.879,icn_entry_left,0.1900,0.3600,1,line_center_tracking,-0.5570,-0.4782,-0.7595,-0.7595,0.4405,3,0,0.0000,0,0.0000,0.2812,0.0000,0.2812,-0.6657,0.3600,IDLE,1,0,step_done_latches_cleared,0,0,0.000,0,nan,nan,nan,0.0000,0,nan,nan,0,5,0.6000,0.5892,0.4692,0.5892,0.0108,本圈台阶完成,1,0.0000,0.150,0.330
5734.177,ROUNDABOUT,5.398,0,2.671,0.0000,0.0000,vision,2.671,2.556,0.035,5.398,0.888,icn_entry_left,0.1900,0.3600,1,line_center_tracking,-0.5412,-0.4720,-0.7192,-0.7192,0.2835,2,0,0.0000,0,0.0000,0.2472,0.0000,0.2472,-0.6368,0.3600,IDLE,1,0,step_done_latches_cleared,0,0,0.000,0,nan,nan,nan,0.0000,0,nan,nan,0,5,0.6000,0.5892,0.4692,0.5892,0.0108,本圈台阶完成,1,0.0000,0.150,0.330
5734.298,ROUNDABOUT,5.519,0,2.671,0.0000,0.0000,vision,2.671,2.556,0.035,5.519,0.894,icn_entry_left,0.1900,0.3600,1,line_center_tracking,-0.4796,-0.4117,-0.6542,-0.6542,0.2872,2,0,0.0000,0,0.0000,0.2424,0.0000,0.2424,-0.5734,0.3600,IDLE,1,0,step_done_latches_cleared,0,0,0.000,0,nan,nan,nan,0.0000,0,nan,nan,0,5,0.6000,0.5892,0.4692,0.5892,0.0108,本圈台阶完成,1,0.0000,0.150,0.330
5734.435,ROUNDABOUT,5.656,0,2.671,0.0000,0.0000,vision,2.671,2.556,0.035,5.656,0.903,icn_entry_left,0.1900,0.3600,1,line_center_tracking,-0.4145,-0.3508,-0.5783,-0.5783,0.2987,2,0,0.0000,0,0.0043,0.2275,0.0000,0.2275,-0.5025,0.3600,IDLE,1,0,step_done_latches_cleared,0,0,0.000,0,nan,nan,nan,0.0000,0,nan,nan,0,5,0.6000,0.5892,0.4692,0.5892,0.0108,本圈台阶完成,1,0.0000,0.150,0.330
5734.562,ROUNDABOUT,5.783,0,2.671,0.0000,0.0000,vision,2.671,2.556,0.035,5.783,0.911,icn_entry_left,0.1900,0.3600,1,line_center_tracking,-0.3486,-0.2858,-0.5100,-0.5100,0.3013,2,0,0.0000,0,0.0043,0.2242,0.0000,0.2242,-0.4352,0.3600,IDLE,1,0,step_done_latches_cleared,0,0,0.000,0,nan,nan,nan,0.0000,0,nan,nan,0,5,0.6000,0.5892,0.4692,0.5892,0.0108,本圈台阶完成,1,0.0000,0.150,0.330
5734.703,ROUNDABOUT,5.924,0,2.671,0.0000,0.0000,vision,2.671,2.556,0.035,5.924,0.920,icn_entry_left,0.1900,0.3600,1,line_center_tracking,-0.3841,-0.3625,-0.4396,-0.4396,0.4356,2,0,0.0000,0,0.0043,0.0771,0.0000,0.0771,-0.4139,0.3600,IDLE,1,0,step_done_latches_cleared,0,0,0.000,0,nan,nan,nan,0.0000,0,nan,nan,0,5,0.6000,0.5892,0.4692,0.5892,0.0108,本圈台阶完成,1,0.0000,0.150,0.330
5734.839,ROUNDABOUT,6.060,0,2.671,0.0000,0.0000,vision,2.671,2.556,0.035,6.060,0.929,icn_entry_left,0.1900,0.3600,1,line_center_tracking,-0.3162,-0.3162,-0.3162,-0.3162,0.2375,1,0,0.0000,0,0.0086,0.0000,0.0000,0.0000,-0.3162,0.3600,IDLE,1,0,step_done_latches_cleared,0,0,0.000,0,nan,nan,nan,0.0000,0,nan,nan,0,5,0.6000,0.5892,0.4692,0.5892,0.0108,本圈台阶完成,1,0.0000,0.150,0.330
5734.972,ROUNDABOUT,6.193,0,2.671,0.0000,0.0000,vision,2.671,2.556,0.035,6.193,0.939,icn_entry_left,0.1900,0.3600,1,line_center_tracking,-0.2581,-0.2581,-0.2581,-0.2581,0.2375,1,0,0.0000,0,0.0043,0.0000,0.0000,0.0000,-0.2581,0.3600,IDLE,1,0,step_done_latches_cleared,0,0,0.000,0,nan,nan,nan,0.0000,0,nan,nan,0,5,0.6000,0.5892,0.4692,0.5892,0.0108,本圈台阶完成,1,0.0000,0.150,0.330
5735.108,ROUNDABOUT,6.329,0,2.671,0.0000,0.0000,vision,2.671,2.556,0.035,6.329,0.947,icn_entry_left,0.1900,0.3600,1,line_center_tracking,-0.3071,-0.2486,-0.4577,-0.4577,0.3130,2,0,0.0000,0,0.0043,0.2091,0.0000,0.2091,-0.3880,0.3600,IDLE,1,0,step_done_latches_cleared,0,0,0.000,0,nan,nan,nan,0.0000,0,nan,nan,0,5,0.6000,0.5892,0.4692,0.5892,0.0108,本圈台阶完成,1,0.0000,0.150,0.330
5735.235,ROUNDABOUT,6.456,0,2.671,0.0000,0.0000,vision,2.671,2.556,0.035,6.456,0.957,icn_entry_left,0.1900,0.3600,1,line_center_tracking,-0.2814,-0.2227,-0.4324,-0.4324,0.3126,2,0,0.0000,0,0.0043,0.2097,0.0000,0.2097,-0.3625,0.3600,IDLE,1,0,step_done_latches_cleared,0,0,0.000,0,nan,nan,nan,0.0000,0,nan,nan,0,5,0.6000,0.5892,0.4692,0.5892,0.0108,本圈台阶完成,1,0.0000,0.150,0.330
5735.374,ROUNDABOUT,6.595,0,2.671,0.0000,0.0000,vision,2.671,2.556,0.035,6.595,0.964,icn_entry_left,0.1900,0.3600,1,line_center_tracking,-0.3046,-0.2688,-0.3967,-0.3967,0.4096,2,0,0.0000,0,0.0043,0.1279,0.0000,0.1279,-0.3541,0.3600,IDLE,1,0,step_done_latches_cleared,0,0,0.000,0,nan,nan,nan,0.0000,0,nan,nan,0,5,0.6000,0.5892,0.4692,0.5892,0.0108,本圈台阶完成,1,0.0000,0.150,0.330
5735.499,ROUNDABOUT,6.720,0,2.671,0.0000,0.0000,vision,2.671,2.556,0.035,6.720,0.972,icn_entry_left,0.1900,0.3600,1,line_center_tracking,-0.2860,-0.2860,-0.2860,-0.2860,0.2375,1,0,0.0000,0,0.0086,0.0000,0.0000,0.0000,-0.2860,0.3600,IDLE,1,0,step_done_latches_cleared,0,0,0.000,0,nan,nan,nan,0.0000,0,nan,nan,0,5,0.6000,0.5892,0.4692,0.5892,0.0108,本圈台阶完成,1,0.0000,0.150,0.330
5735.625,ROUNDABOUT,6.846,0,2.671,0.0000,0.0000,vision,2.671,2.556,0.035,6.846,0.982,icn_entry_left,0.1900,0.3600,1,line_center_tracking,-0.3323,-0.2630,-0.5106,-0.5106,0.4464,3,0,0.0000,0,0.0086,0.2475,0.0000,0.2475,-0.4281,0.3600,IDLE,1,0,step_done_latches_cleared,0,0,0.000,0,nan,nan,nan,0.0000,0,nan,nan,0,5,0.6000,0.5892,0.4692,0.5892,0.0108,本圈台阶完成,1,0.0000,0.150,0.330
5735.754,ROUNDABOUT,6.975,0,2.671,0.0000,0.0000,vision,2.671,2.556,0.035,6.975,0.994,icn_entry_left,0.1900,0.3600,1,line_center_tracking,-0.3633,-0.2988,-0.5292,-0.5292,0.2965,2,0,0.0000,0,0.0043,0.2304,0.0000,0.2304,-0.4524,0.3600,IDLE,1,0,step_done_latches_cleared,0,0,0.000,0,nan,nan,nan,0.0000,0,nan,nan,0,5,0.6000,0.5892,0.4692,0.5892,0.0108,本圈台阶完成,1,0.0000,0.150,0.330
5735.882,ROUNDABOUT_FOLLOW,0.000,0,2.671,0.0000,0.0000,vision,2.671,2.556,0.035,,,roundabout_exit_guard,0.1465,0.4025,1,line_center_tracking,-0.3727,-0.3727,-0.3727,-0.3727,0.2375,1,0,0.0000,0,0.0172,0.0000,0.0000,0.0000,-0.3727,0.4025,IDLE,1,0,step_done_latches_cleared,0,0,0.000,0,nan,nan,nan,0.0000,0,nan,nan,0,5,0.6000,0.5892,0.4692,0.5892,0.0108,本圈台阶完成,1,0.0000,0.150,0.330
5736.016,ROUNDABOUT_FOLLOW,0.134,0,2.671,0.0000,0.0000,vision,2.671,2.556,0.035,,,roundabout_exit_guard,0.1276,0.4760,1,line_center_tracking,-0.4987,-0.4157,-0.7123,-0.7123,0.4259,3,0,0.0000,0,0.1074,0.2967,0.0000,0.2967,-0.6134,0.4760,IDLE,1,0,step_done_latches_cleared,0,0,0.000,0,nan,nan,nan,0.0000,0,nan,nan,0,5,0.6000,0.5892,0.4692,0.5892,0.0108,本圈台阶完成,1,0.0000,0.150,0.330
5736.144,ROUNDABOUT_FOLLOW,0.262,0,2.671,0.0000,0.0000,vision,2.671,2.556,0.035,,,roundabout_exit_guard,0.1485,0.3947,1,line_center_tracking,-0.3083,-0.3083,-0.3083,-0.3083,0.2375,1,0,0.0000,0,0.1289,0.0000,0.0000,0.0000,-0.3083,0.3947,IDLE,1,0,step_done_latches_cleared,0,0,0.000,0,1.2100,nan,0.0411,0.7862,1,0.4333,0.0157,1,5,0.6000,0.5892,0.4692,0.5892,0.0108,本圈台阶完成,1,0.0000,0.150,0.330
5736.272,ROUNDABOUT_FOLLOW,0.389,0,2.671,0.0000,0.0000,vision,2.671,2.556,0.035,,,roundabout_blue_guard_left,0.1002,0.3000,1,line_center_tracking,-0.5209,-0.5047,-0.5626,-0.5626,0.3120,2,0,0.0000,0,0.0559,0.0579,0.0000,0.0579,-0.5433,0.3000,IDLE,1,0,step_done_latches_cleared,0,0,0.000,0,1.2000,nan,0.0429,0.8771,1,0.4132,0.1107,4,5,0.6000,0.5892,0.4692,0.5892,0.0108,本圈台阶完成,1,0.0000,0.150,0.330
5736.402,ROUNDABOUT_FOLLOW,0.519,0,2.671,0.0000,0.0000,vision,2.671,2.556,0.035,,,roundabout_blue_guard_left,0.0508,0.3000,1,line_hard_turn_centering,-0.5680,-0.5649,-0.5958,-0.5958,0.3880,2,0,0.0000,0,0.0000,0.0309,0.0000,0.0309,-0.5855,0.3000,IDLE,1,0,step_done_latches_cleared,0,0,1.000,1,1.1900,1.1900,0.0497,0.9678,1,0.3454,0.1911,8,5,0.6000,0.5892,0.4692,0.5892,0.0108,本圈台阶完成,1,0.0000,0.150,0.330
5736.529,ROUNDABOUT_FOLLOW,0.647,0,2.671,0.0000,0.0000,vision,2.671,2.556,0.035,,,roundabout_blue_guard_left,0.0450,0.3000,1,line_hard_turn_centering,-0.7200,-0.7144,-0.7697,-0.7697,0.3197,2,0,0.0000,0,0.0000,0.0552,0.0000,0.0552,-0.7512,0.3000,IDLE,1,0,step_done_latches_cleared,0,0,2.000,1,1.1700,1.1800,0.0515,0.9529,1,0.2784,0.2368,11,5,0.6000,0.5892,0.4692,0.5892,0.0108,本圈台阶完成,1,0.0000,0.150,0.330
5736.658,ROUNDABOUT_FOLLOW,0.776,0,2.671,0.0000,0.0000,vision,2.671,2.556,0.035,,,roundabout_blue_guard_left,0.0450,0.3000,0,line_too_few_bands,0.0000,0.0000,0.0000,0.0000,0.0000,0,0,0.0000,0,0.0000,0.0000,0.0000,0.0000,0.0000,0.3000,IDLE,1,0,step_done_latches_cleared,0,0,3.000,1,1.1400,1.1700,0.0529,0.9342,0,nan,0.2794,14,5,0.6000,0.5892,0.4692,0.5892,0.0108,本圈台阶完成,1,0.0000,0.150,0.330
5736.779,ROUNDABOUT_FOLLOW,0.896,0,2.671,0.0000,0.0000,vision,2.671,2.556,0.035,,,roundabout_blue_guard_left,0.0450,0.3000,1,line_hard_turn_centering,-0.7158,-0.7158,-0.7158,-0.7158,0.2375,1,0,0.0000,0,0.0043,0.0000,0.0000,0.0000,-0.7158,0.3000,IDLE,1,0,step_done_latches_cleared,0,0,4.000,1,1.0900,1.1550,0.0537,0.9225,0,nan,0.2984,18,5,0.6000,0.5892,0.4692,0.5892,0.0108,本圈台阶完成,1,0.0000,0.150,0.330
5736.908,ROUNDABOUT_FOLLOW,1.026,0,2.671,0.0000,0.0000,vision,2.671,2.556,0.035,,,roundabout_blue_guard_left,0.0450,0.3000,1,line_hard_turn_centering,-0.7542,-0.7542,-0.7542,-0.7542,0.2375,1,0,0.0000,0,0.2278,0.0000,0.0000,0.0000,-0.7542,0.3000,IDLE,1,0,step_done_latches_cleared,0,0,5.000,1,1.0500,1.1400,0.0534,0.9278,0,nan,0.3438,22,5,0.6000,0.5892,0.4692,0.5892,0.0108,本圈台阶完成,1,0.0000,0.150,0.330
5737.036,ROUNDABOUT_FOLLOW,1.154,0,2.671,0.0000,0.0000,vision,2.671,2.556,0.035,,,roundabout_blue_guard_left,0.0450,0.3000,1,line_hard_turn_centering,-0.7869,-0.7869,-0.7869,-0.7869,0.2375,1,0,0.0000,0,0.3008,0.0000,0.0000,0.0000,-0.7869,0.3000,IDLE,1,0,step_done_latches_cleared,0,0,6.000,1,1.1000,1.1000,0.0545,0.9148,0,nan,0.3327,25,5,0.6000,0.5892,0.4692,0.5892,0.0108,本圈台阶完成,1,0.0000,0.150,0.330
5737.164,ROUNDABOUT_FOLLOW,1.282,0,2.671,0.0000,0.0000,vision,2.671,2.556,0.035,,,roundabout_blue_guard_left,0.0450,0.3000,1,line_hard_turn_centering,-0.7680,-0.7680,-0.7680,-0.7680,0.2375,1,0,0.0000,0,0.2707,0.0000,0.0000,0.0000,-0.7680,0.3000,IDLE,1,0,step_done_latches_cleared,0,0,6.000,1,1.1500,1.1000,0.0553,0.9035,0,nan,0.3544,29,5,0.6000,0.5892,0.4692,0.5892,0.0108,本圈台阶完成,1,0.0000,0.150,0.330
5737.286,ROUNDABOUT_FOLLOW,1.404,0,2.671,0.0000,0.0000,vision,2.671,2.556,0.035,,,roundabout_blue_guard_left,0.0450,0.3000,1,line_hard_turn_centering,-0.7299,-0.7299,-0.7299,-0.7299,0.2375,1,0,0.0000,0,0.2192,0.0000,0.0000,0.0000,-0.7299,0.3000,IDLE,1,0,step_done_latches_cleared,0,0,5.400,1,1.2100,1.1000,0.0572,0.8784,0,nan,0.3776,33,5,0.6000,0.5892,0.4692,0.5892,0.0108,本圈台阶完成,1,0.0000,0.150,0.330
5737.414,ROUNDABOUT_FOLLOW,1.532,0,2.671,0.0000,0.0000,vision,2.671,2.556,0.035,,,roundabout_blue_guard_left,0.0450,0.3000,1,line_hard_turn_centering,-0.6834,-0.6834,-0.6834,-0.6834,0.2375,1,0,0.0000,0,0.1676,0.0000,0.0000,0.0000,-0.6834,0.3000,IDLE,1,0,step_done_latches_cleared,0,0,4.800,1,1.2100,1.1000,0.0586,0.8590,0,nan,0.4064,37,5,0.6000,0.5892,0.4692,0.5892,0.0108,本圈台阶完成,1,0.0000,0.150,0.330
5737.559,ROUNDABOUT_FOLLOW,1.677,0,2.671,0.0000,0.0000,vision,2.671,2.556,0.035,,,roundabout_blue_guard_left,0.0450,0.3000,1,line_hard_turn_centering,-0.6349,-0.6349,-0.6349,-0.6349,0.2375,1,0,0.0000,0,0.1246,0.0000,0.0000,0.0000,-0.6349,0.3000,IDLE,1,0,step_done_latches_cleared,0,0,5.800,1,1.1800,1.1000,0.0614,0.8221,0,nan,0.4496,42,5,0.6000,0.5892,0.4692,0.5892,0.0108,本圈台阶完成,1,0.0000,0.150,0.330
5737.687,ROUNDABOUT_FOLLOW,1.805,0,2.671,0.0000,0.0000,vision,2.671,2.556,0.035,,,roundabout_blue_guard_left,0.0450,0.3000,1,line_hard_turn_centering,-0.5716,-0.5716,-0.5716,-0.5716,0.2375,1,0,0.0000,0,0.0817,0.0000,0.0000,0.0000,-0.5716,0.3000,IDLE,1,0,step_done_latches_cleared,0,0,6.000,1,1.1800,1.1500,0.0610,0.8263,0,nan,0.4838,46,5,0.6000,0.5892,0.4692,0.5892,0.0108,本圈台阶完成,1,0.0000,0.150,0.330
5737.812,ROUNDABOUT_FOLLOW,1.929,0,2.671,0.0000,0.0000,vision,2.671,2.556,0.035,,,roundabout_blue_guard_left,0.0450,0.3000,1,line_center_tracking,-0.5035,-0.5035,-0.5035,-0.5035,0.2375,1,0,0.0000,0,0.0559,0.0000,0.0000,0.0000,-0.5035,0.3000,IDLE,1,0,step_done_latches_cleared,0,0,5.400,1,1.2550,1.1650,0.0623,0.8087,0,nan,0.5152,50,5,0.6000,0.5892,0.4692,0.5892,0.0108,本圈台阶完成,1,0.0000,0.150,0.330
5737.939,ROUNDABOUT_FOLLOW,2.057,0,2.671,0.0000,0.0000,vision,2.671,2.556,0.035,,,roundabout_blue_guard_left,0.0450,0.3000,1,line_hard_turn_centering,-0.5492,-0.5299,-0.7229,-0.7229,0.3254,2,0,0.0000,0,0.0000,0.1930,0.0000,0.1930,-0.6586,0.3000,IDLE,1,0,step_done_latches_cleared,0,0,4.800,1,1.3100,1.1800,0.0629,0.7791,0,nan,0.5335,53,5,0.6000,0.5892,0.4692,0.5892,0.0108,本圈台阶完成,1,0.0000,0.150,0.330
5738.065,ROUNDABOUT_FOLLOW,2.183,0,2.671,0.0000,0.0000,vision,2.671,2.556,0.035,,,roundabout_follow_left_locked,0.0929,0.5600,1,line_hard_turn_centering,-0.6733,-0.6733,-0.6733,-0.6733,0.2375,1,0,0.0000,0,0.0043,0.0000,0.0000,0.0000,-0.6733,0.5600,IDLE,1,0,step_done_latches_cleared,0,0,4.200,0,nan,1.1800,nan,0.0000,0,nan,nan,0,5,0.6000,0.5892,0.4692,0.5892,0.0108,本圈台阶完成,1,0.0000,0.150,0.330
5738.186,ROUNDABOUT_FOLLOW,2.303,0,2.671,0.0000,0.0000,vision,2.671,2.556,0.035,,,roundabout_blind_arc_recovery,0.1000,0.2583,0,line_too_few_bands,0.0000,0.0000,0.0000,0.0000,0.0000,0,0,0.0000,0,0.0086,0.0000,0.0000,0.0000,0.0000,0.2583,IDLE,1,0,step_done_latches_cleared,0,0,3.600,0,nan,1.1800,nan,0.0000,0,nan,nan,0,5,0.6000,0.5892,0.4692,0.5892,0.0108,本圈台阶完成,1,0.0000,0.150,0.330
5738.303,ROUNDABOUT_FOLLOW,2.421,0,2.671,0.0000,0.0000,vision,2.671,2.556,0.035,,,roundabout_blind_arc_recovery,0.1000,0.1600,0,line_too_few_bands,0.0000,0.0000,0.0000,0.0000,0.0000,0,0,0.0000,0,0.0043,0.0000,0.0000,0.0000,0.0000,0.1600,IDLE,1,0,step_done_latches_cleared,0,0,3.000,0,nan,1.1800,nan,0.0000,0,nan,nan,0,5,0.6000,0.5892,0.4692,0.5892,0.0108,本圈台阶完成,1,0.0000,0.150,0.330
5738.447,ROUNDABOUT_FOLLOW,2.565,0,2.671,0.0000,0.0000,vision,2.671,2.556,0.035,,,roundabout_blind_arc_recovery,0.1000,0.1600,0,line_too_few_bands,0.0000,0.0000,0.0000,0.0000,0.0000,0,0,0.0000,0,0.0043,0.0000,0.0000,0.0000,0.0000,0.1600,IDLE,1,0,step_done_latches_cleared,0,0,2.400,0,nan,1.1800,nan,0.0000,0,nan,nan,0,5,0.6000,0.5892,0.4692,0.5892,0.0108,本圈台阶完成,1,0.0000,0.150,0.330
5738.575,ROUNDABOUT_FOLLOW,2.693,0,2.671,0.0000,0.0000,vision,2.671,2.556,0.035,,,roundabout_blind_arc_recovery,0.1000,0.1600,0,line_too_few_bands,0.0000,0.0000,0.0000,0.0000,0.0000,0,0,0.0000,0,0.0000,0.0000,0.0000,0.0000,0.0000,0.1600,IDLE,1,0,step_done_latches_cleared,0,0,1.800,0,nan,nan,nan,0.0000,0,nan,nan,0,5,0.6000,0.5892,0.4692,0.5892,0.0108,本圈台阶完成,1,0.0000,0.150,0.330
5738.698,ROUNDABOUT_FOLLOW,2.816,0,2.671,0.0000,0.0000,vision,2.671,2.556,0.035,,,roundabout_blind_arc_recovery,0.1000,0.1600,0,line_too_few_bands,0.0000,0.0000,0.0000,0.0000,0.0000,0,0,0.0000,0,0.0000,0.0000,0.0000,0.0000,0.0000,0.1600,IDLE,1,0,step_done_latches_cleared,0,0,1.200,0,nan,nan,nan,0.0000,0,nan,nan,0,5,0.6000,0.5892,0.4692,0.5892,0.0108,本圈台阶完成,1,0.0000,0.150,0.330
5738.822,ROUNDABOUT_FOLLOW,2.940,0,2.671,0.0000,0.0000,vision,2.671,2.556,0.035,,,roundabout_blind_arc_recovery,0.1000,0.1600,0,line_too_few_bands,0.0000,0.0000,0.0000,0.0000,0.0000,0,0,0.0000,0,0.0000,0.0000,0.0000,0.0000,0.0000,0.1600,IDLE,1,0,step_done_latches_cleared,0,0,0.600,0,nan,nan,nan,0.0000,0,nan,nan,0,5,0.6000,0.5892,0.4692,0.5892,0.0108,本圈台阶完成,1,0.0000,0.150,0.330
5738.950,ROUNDABOUT_FOLLOW,3.067,0,2.671,0.0000,0.0000,vision,2.671,2.556,0.035,,,roundabout_blind_arc_recovery,0.1000,0.1600,0,line_too_few_bands,0.0000,0.0000,0.0000,0.0000,0.0000,0,0,0.0000,0,0.0000,0.0000,0.0000,0.0000,0.0000,0.1600,IDLE,1,0,step_done_latches_cleared,0,0,0.000,0,nan,nan,nan,0.0000,0,nan,nan,0,5,0.6000,0.5892,0.4692,0.5892,0.0108,本圈台阶完成,1,0.0000,0.150,0.330
5739.097,ROUNDABOUT_FOLLOW,3.215,0,2.671,0.0000,0.0000,vision,2.671,2.556,0.035,,,roundabout_blind_arc_recovery,0.1000,0.1600,0,line_too_few_bands,0.0000,0.0000,0.0000,0.0000,0.0000,0,0,0.0000,0,0.0000,0.0000,0.0000,0.0000,0.0000,0.1600,IDLE,1,0,step_done_latches_cleared,0,0,0.000,0,nan,nan,nan,0.0000,0,nan,nan,0,5,0.6000,0.5892,0.4692,0.5892,0.0108,本圈台阶完成,1,0.0000,0.150,0.330
5739.223,ROUNDABOUT_FOLLOW,3.341,0,2.671,0.0000,0.0000,vision,2.671,2.556,0.035,,,roundabout_blind_arc_recovery,0.1000,0.1600,0,line_too_few_bands,0.0000,0.0000,0.0000,0.0000,0.0000,0,0,0.0000,0,0.0043,0.0000,0.0000,0.0000,0.0000,0.1600,IDLE,1,0,step_done_latches_cleared,0,0,0.000,0,nan,nan,nan,0.0000,0,nan,nan,0,5,0.6000,0.5892,0.4692,0.5892,0.0108,本圈台阶完成,1,0.0000,0.150,0.330
5739.359,ROUNDABOUT_FOLLOW,3.476,0,2.671,0.0000,0.0000,vision,2.671,2.556,0.035,,,roundabout_blind_arc_recovery,0.1000,0.1600,0,line_too_few_bands,0.0000,0.0000,0.0000,0.0000,0.0000,0,0,0.0000,0,0.0043,0.0000,0.0000,0.0000,0.0000,0.1600,IDLE,1,0,step_done_latches_cleared,0,0,0.000,0,nan,nan,nan,0.0000,0,nan,nan,0,5,0.6000,0.5892,0.4692,0.5892,0.0108,本圈台阶完成,1,0.0000,0.150,0.330
5739.486,ROUNDABOUT_FOLLOW,3.604,0,2.671,0.0000,0.0000,vision,2.671,2.556,0.035,,,roundabout_blind_arc_recovery,0.1000,0.1600,0,line_too_few_bands,0.0000,0.0000,0.0000,0.0000,0.0000,0,0,0.0000,0,0.0000,0.0000,0.0000,0.0000,0.0000,0.1600,IDLE,1,0,step_done_latches_cleared,0,0,0.000,0,nan,nan,nan,0.0000,0,nan,nan,0,5,0.6000,0.5892,0.4692,0.5892,0.0108,本圈台阶完成,1,0.0000,0.150,0.330
5739.615,ROUNDABOUT_FOLLOW,3.733,0,2.671,0.0000,0.0000,vision,2.671,2.556,0.035,,,roundabout_blind_arc_recovery,0.1000,0.1600,0,line_too_few_bands,0.0000,0.0000,0.0000,0.0000,0.0000,0,0,0.0000,0,0.0000,0.0000,0.0000,0.0000,0.0000,0.1600,IDLE,1,0,step_done_latches_cleared,0,0,0.000,0,nan,nan,nan,0.0000,0,nan,nan,0,5,0.6000,0.5892,0.4692,0.5892,0.0108,本圈台阶完成,1,0.0000,0.150,0.330
5739.738,ROUNDABOUT_FOLLOW,3.856,0,2.671,0.0000,0.0000,vision,2.671,2.556,0.035,,,roundabout_blind_arc_recovery,0.1000,0.1600,0,line_too_few_bands,0.0000,0.0000,0.0000,0.0000,0.0000,0,0,0.0000,0,0.0000,0.0000,0.0000,0.0000,0.0000,0.1600,IDLE,1,0,step_done_latches_cleared,0,0,0.000,0,nan,nan,nan,0.0000,0,nan,nan,0,5,0.6000,0.5892,0.4692,0.5892,0.0108,本圈台阶完成,1,0.0000,0.150,0.330
5739.866,ROUNDABOUT_FOLLOW,3.984,0,2.671,0.0000,0.0000,vision,2.671,2.556,0.035,,,roundabout_follow_left_locked,0.1396,0.4294,1,line_center_tracking,-0.1041,-0.1041,-0.1041,-0.1041,0.2375,1,0,0.0000,0,0.0000,0.0000,0.0000,0.0000,-0.1041,0.4294,IDLE,1,0,step_done_latches_cleared,0,0,0.000,0,nan,nan,nan,0.0000,0,nan,nan,0,5,0.6000,0.5892,0.4692,0.5892,0.0108,本圈台阶完成,1,0.0000,0.150,0.330
5739.994,ROUNDABOUT_FOLLOW,4.112,0,2.671,0.0000,0.0000,vision,2.671,2.556,0.035,,,roundabout_blind_arc_recovery,0.1000,0.1600,0,line_too_few_bands,0.0000,0.0000,0.0000,0.0000,0.0000,0,0,0.0000,0,0.0000,0.0000,0.0000,0.0000,0.0000,0.1600,IDLE,1,0,step_done_latches_cleared,0,0,0.000,0,nan,nan,nan,0.0000,0,nan,nan,0,5,0.6000,0.5892,0.4692,0.5892,0.0108,本圈台阶完成,1,0.0000,0.150,0.330
5740.115,ROUNDABOUT_FOLLOW,4.233,0,2.671,0.2000,0.0000,vision,2.671,2.556,0.035,,,roundabout_blind_arc_recovery,0.1000,0.1600,0,line_too_few_bands,0.0000,0.0000,0.0000,0.0000,0.0000,0,0,0.0000,0,0.0000,0.0000,0.0000,0.0000,0.0000,0.1600,IDLE,1,0,step_done_latches_cleared,0,0,0.000,0,nan,nan,nan,0.0000,0,nan,nan,0,5,0.6000,0.5892,0.4692,0.5892,0.0108,本圈台阶完成,1,0.0000,0.150,0.330
5740.244,ROUNDABOUT_FOLLOW,4.361,0,2.671,0.4000,0.0000,vision,2.671,2.556,0.035,,,roundabout_blind_arc_recovery,0.1000,0.1600,0,line_too_few_bands,0.0000,0.0000,0.0000,0.0000,0.0000,0,0,0.0000,0,0.0000,0.0000,0.0000,0.0000,0.0000,0.1600,IDLE,1,0,step_done_latches_cleared,0,0,0.000,0,nan,nan,nan,0.0000,0,nan,nan,0,5,0.6000,0.5892,0.4692,0.5892,0.0108,本圈台阶完成,1,0.0000,0.150,0.330
5740.373,ROUNDABOUT_FOLLOW,4.490,0,2.671,0.0000,0.0000,vision,2.671,2.556,0.035,,,roundabout_blind_arc_recovery,0.1000,0.1600,0,line_too_few_bands,0.0000,0.0000,0.0000,0.0000,0.0000,0,0,0.0000,0,0.0000,0.0000,0.0000,0.0000,0.0000,0.1600,IDLE,1,0,step_done_latches_cleared,0,0,0.000,0,nan,nan,nan,0.0000,0,nan,nan,0,5,0.6000,0.5892,0.4692,0.5892,0.0108,本圈台阶完成,1,0.0000,0.150,0.330
5740.496,ROUNDABOUT_FOLLOW,4.614,0,2.671,0.2000,0.0000,vision,2.671,2.556,0.035,,,roundabout_blind_arc_recovery,0.1000,0.1600,0,line_too_few_bands,0.0000,0.0000,0.0000,0.0000,0.0000,0,0,0.0000,0,0.0000,0.0000,0.0000,0.0000,0.0000,0.1600,IDLE,1,0,step_done_latches_cleared,0,0,0.000,0,nan,nan,nan,0.0000,0,nan,nan,0,5,0.6000,0.5892,0.4692,0.5892,0.0108,本圈台阶完成,1,0.0000,0.150,0.330
5740.626,ROUNDABOUT_FOLLOW,4.744,0,2.671,0.2000,0.0000,vision,2.671,2.556,0.035,,,roundabout_blind_arc_recovery,0.1000,0.1600,0,line_too_few_bands,0.0000,0.0000,0.0000,0.0000,0.0000,0,0,0.0000,0,0.0000,0.0000,0.0000,0.0000,0.0000,0.1600,IDLE,1,0,step_done_latches_cleared,0,0,0.000,0,nan,nan,nan,0.0000,0,nan,nan,0,5,0.6000,0.5892,0.4692,0.5892,0.0108,本圈台阶完成,1,0.0000,0.150,0.330
5740.757,ROUNDABOUT_FOLLOW,4.875,0,2.671,0.0000,0.0000,vision,2.671,2.556,0.035,,,roundabout_blind_arc_recovery,0.1000,0.1600,0,line_too_few_bands,0.0000,0.0000,0.0000,0.0000,0.0000,0,0,0.0000,0,0.0000,0.0000,0.0000,0.0000,0.0000,0.1600,IDLE,1,0,step_done_latches_cleared,0,0,0.000,0,nan,nan,nan,0.0000,0,nan,nan,0,5,0.6000,0.5892,0.4692,0.5892,0.0108,本圈台阶完成,1,0.0000,0.150,0.330
5740.879,ROUNDABOUT_FOLLOW,4.997,0,2.671,0.0000,0.0000,vision,2.671,2.556,0.035,,,roundabout_blind_arc_recovery,0.1000,0.1600,0,line_too_few_bands,0.0000,0.0000,0.0000,0.0000,0.0000,0,0,0.0000,0,0.0000,0.0000,0.0000,0.0000,0.0000,0.1600,IDLE,1,0,step_done_latches_cleared,0,0,0.000,0,nan,nan,nan,0.0000,0,nan,nan,0,5,0.6000,0.5892,0.4692,0.5892,0.0108,本圈台阶完成,1,0.0000,0.150,0.330
5741.007,ROUNDABOUT_FOLLOW,5.125,0,2.671,0.4000,0.0000,vision,2.671,2.556,0.035,,,roundabout_blind_arc_recovery,0.1000,0.1600,0,line_too_few_bands,0.0000,0.0000,0.0000,0.0000,0.0000,0,0,0.0000,0,0.0000,0.0000,0.0000,0.0000,0.0000,0.1600,IDLE,1,0,step_done_latches_cleared,0,0,0.000,0,nan,nan,nan,0.0000,0,nan,nan,0,5,0.6000,0.5892,0.4692,0.5892,0.0108,本圈台阶完成,1,0.0000,0.150,0.330
5741.131,ROUNDABOUT_FOLLOW,5.248,0,2.671,0.2000,0.0000,vision,2.671,2.556,0.035,,,roundabout_blind_arc_recovery,0.1000,0.1600,0,line_too_few_bands,0.0000,0.0000,0.0000,0.0000,0.0000,0,0,0.0000,0,0.0000,0.0000,0.0000,0.0000,0.0000,0.1600,IDLE,1,0,step_done_latches_cleared,0,0,0.000,0,nan,nan,nan,0.0000,0,nan,nan,0,5,0.6000,0.5892,0.4692,0.5892,0.0108,本圈台阶完成,1,0.0000,0.150,0.330
5741.270,ROUNDABOUT_FOLLOW,5.387,0,2.671,0.2000,0.0000,vision,2.671,2.556,0.035,,,roundabout_blind_arc_recovery,0.1000,0.1600,0,line_too_few_bands,0.0000,0.0000,0.0000,0.0000,0.0000,0,0,0.0000,0,0.0000,0.0000,0.0000,0.0000,0.0000,0.1600,IDLE,1,0,step_done_latches_cleared,0,0,0.000,0,nan,nan,nan,0.0000,0,nan,nan,0,5,0.6000,0.5892,0.4692,0.5892,0.0108,本圈台阶完成,1,0.0000,0.150,0.330
5741.398,ROUNDABOUT_FOLLOW,5.516,0,2.671,0.2000,0.0000,vision,2.671,2.556,0.035,,,roundabout_follow_left_locked,0.1050,0.4817,1,line_hard_turn_centering,-0.5693,-0.5693,-0.5693,-0.5693,0.2375,1,0,0.0000,0,0.0000,0.0000,0.0000,0.0000,-0.5693,0.4817,IDLE,1,0,step_done_latches_cleared,0,0,0.000,0,nan,nan,nan,0.0000,0,nan,nan,0,5,0.6000,0.5892,0.4692,0.5892,0.0108,本圈台阶完成,1,0.0000,0.150,0.330
5741.530,ROUNDABOUT_FOLLOW,5.648,0,2.671,0.2000,0.0000,vision,2.671,2.556,0.035,,,roundabout_follow_left_locked,0.1050,0.5434,1,line_hard_turn_centering,-0.5217,-0.5217,-0.5217,-0.5217,0.2375,1,0,0.0000,0,0.0000,0.0000,0.0000,0.0000,-0.5217,0.5434,IDLE,1,0,step_done_latches_cleared,0,0,0.000,0,nan,nan,nan,0.0000,0,nan,nan,0,5,0.6000,0.5892,0.4692,0.5892,0.0108,本圈台阶完成,1,0.0000,0.150,0.330
5741.660,ROUNDABOUT_FOLLOW,5.778,0,2.671,0.2000,0.0000,vision,2.671,2.556,0.035,,,roundabout_follow_left_locked,0.1115,0.5388,1,line_center_tracking,-0.4973,-0.4973,-0.4973,-0.4973,0.2375,1,0,0.0000,0,0.0000,0.0000,0.0000,0.0000,-0.4973,0.5388,IDLE,1,0,step_done_latches_cleared,0,0,0.000,0,nan,nan,nan,0.0000,0,nan,nan,0,5,0.6000,0.5892,0.4692,0.5892,0.0108,本圈台阶完成,1,0.0000,0.150,0.330
5741.789,ROUNDABOUT_FOLLOW,5.907,0,2.671,0.4000,0.0000,vision,2.671,2.556,0.035,,,roundabout_blind_arc_recovery,0.1000,0.2162,0,line_too_few_bands,0.0000,0.0000,0.0000,0.0000,0.0000,0,0,0.0000,0,0.0000,0.0000,0.0000,0.0000,0.0000,0.2162,IDLE,1,0,step_done_latches_cleared,0,0,0.000,0,nan,nan,nan,0.0000,0,nan,nan,0,5,0.6000,0.5892,0.4692,0.5892,0.0108,本圈台阶完成,1,0.0000,0.150,0.330
5741.910,ROUNDABOUT_FOLLOW,6.028,0,2.671,0.4000,0.0000,vision,2.671,2.556,0.035,,,roundabout_blind_arc_recovery,0.1000,0.1600,0,line_too_few_bands,0.0000,0.0000,0.0000,0.0000,0.0000,0,0,0.0000,0,0.0000,0.0000,0.0000,0.0000,0.0000,0.1600,IDLE,1,0,step_done_latches_cleared,0,0,0.000,0,nan,nan,nan,0.0000,0,nan,nan,0,5,0.6000,0.5892,0.4692,0.5892,0.0108,本圈台阶完成,1,0.0000,0.150,0.330
5742.031,ROUNDABOUT_FOLLOW,6.148,0,2.671,0.2000,0.0000,vision,2.671,2.556,0.035,,,roundabout_follow_left_locked,0.1085,0.4603,1,line_center_tracking,-0.5198,-0.5198,-0.5198,-0.5198,0.2375,1,0,0.0000,0,0.0000,0.0000,0.0000,0.0000,-0.5198,0.4603,IDLE,1,0,step_done_latches_cleared,0,0,0.000,0,nan,nan,nan,0.0000,0,nan,nan,0,5,0.6000,0.5892,0.4692,0.5892,0.0108,本圈台阶完成,1,0.0000,0.150,0.330
5742.163,ROUNDABOUT_FOLLOW,6.281,0,2.671,0.4000,0.0000,vision,2.671,2.556,0.035,,,roundabout_follow_left_locked,0.1126,0.5342,1,line_center_tracking,-0.4825,-0.4825,-0.4825,-0.4825,0.2375,1,0,0.0000,0,0.0043,0.0000,0.0000,0.0000,-0.4825,0.5342,IDLE,1,0,step_done_latches_cleared,0,0,0.000,0,nan,nan,nan,0.0000,0,nan,nan,0,5,0.6000,0.5892,0.4692,0.5892,0.0108,本圈台阶完成,1,0.0000,0.150,0.330
5742.289,ROUNDABOUT_FOLLOW,6.407,0,2.671,0.4000,0.0000,vision,2.671,2.556,0.035,,,roundabout_follow_left_locked,0.1233,0.4926,1,line_center_tracking,-0.4223,-0.4223,-0.4223,-0.4223,0.2375,1,0,0.0000,0,0.0000,0.0000,0.0000,0.0000,-0.4223,0.4926,IDLE,1,0,step_done_latches_cleared,0,0,0.000,0,nan,nan,nan,0.0000,0,nan,nan,0,5,0.6000,0.5892,0.4692,0.5892,0.0108,本圈台阶完成,1,0.0000,0.150,0.330
5742.422,ROUNDABOUT_FOLLOW,6.540,0,2.671,0.4000,0.0000,vision,2.671,2.556,0.035,,,roundabout_follow_left_locked,0.1339,0.4516,1,line_center_tracking,-0.3818,-0.3818,-0.3818,-0.3818,0.2375,1,0,0.0000,0,0.0000,0.0000,0.0000,0.0000,-0.3818,0.4516,IDLE,1,0,step_done_latches_cleared,0,0,0.000,0,nan,nan,nan,0.0000,0,nan,nan,0,5,0.6000,0.5892,0.4692,0.5892,0.0108,本圈台阶完成,1,0.0000,0.150,0.330
5742.569,ROUNDABOUT_FOLLOW,6.687,0,2.671,0.4000,0.0000,vision,2.671,2.556,0.035,,,roundabout_blind_arc_recovery,0.1000,0.1600,0,line_too_few_bands,0.0000,0.0000,0.0000,0.0000,0.0000,0,0,0.0000,0,0.0000,0.0000,0.0000,0.0000,0.0000,0.1600,IDLE,1,0,step_done_latches_cleared,0,0,0.000,0,nan,nan,nan,0.0000,0,nan,nan,0,5,0.6000,0.5892,0.4692,0.5892,0.0108,本圈台阶完成,1,0.0000,0.150,0.330
5742.695,ROUNDABOUT_FOLLOW,6.813,0,2.671,0.4000,0.0000,vision,2.671,2.556,0.035,,,roundabout_follow_left_locked,0.1478,0.3646,1,line_center_tracking,-0.2555,-0.2555,-0.2555,-0.2555,0.2375,1,0,0.0000,0,0.0000,0.0000,0.0000,0.0000,-0.2555,0.3646,IDLE,1,0,step_done_latches_cleared,0,0,0.000,0,nan,nan,nan,0.0000,0,nan,nan,0,5,0.6000,0.5892,0.4692,0.5892,0.0108,本圈台阶完成,1,0.0000,0.150,0.330
5742.841,ROUNDABOUT_FOLLOW,6.959,0,2.671,0.4000,0.0000,vision,2.671,2.556,0.035,,,roundabout_follow_left_locked,0.1807,0.2694,1,line_center_tracking,-0.1684,-0.1684,-0.1684,-0.1684,0.2375,1,0,0.0000,0,0.0000,0.0000,0.0000,0.0000,-0.1684,0.2694,IDLE,1,0,step_done_latches_cleared,0,0,0.000,0,nan,nan,nan,0.0000,0,nan,nan,0,5,0.6000,0.5892,0.4692,0.5892,0.0108,本圈台阶完成,1,0.0000,0.150,0.330
5742.967,ROUNDABOUT_FOLLOW,7.085,0,2.671,0.4000,0.0000,vision,2.671,2.556,0.035,,,roundabout_follow_left_locked,0.2023,0.1856,1,line_center_tracking,-0.0986,-0.0986,-0.0986,-0.0986,0.2375,1,0,0.0000,0,0.0043,0.0000,0.0000,0.0000,-0.0986,0.1856,IDLE,1,0,step_done_latches_cleared,0,0,0.000,0,nan,nan,nan,0.0000,0,nan,nan,0,5,0.6000,0.5892,0.4692,0.5892,0.0108,本圈台阶完成,1,0.0000,0.150,0.330
5743.094,ROUNDABOUT_FOLLOW,7.212,0,2.671,0.4000,0.0000,vision,2.671,2.556,0.035,,,roundabout_follow_left_locked,0.2196,0.1184,1,line_center_tracking,-0.0486,-0.0486,-0.0486,-0.0486,0.2375,1,0,0.0000,0,0.0000,0.0000,0.0000,0.0000,-0.0486,0.1184,IDLE,1,0,step_done_latches_cleared,0,0,0.000,0,nan,nan,nan,0.0000,0,nan,nan,0,5,0.6000,0.5892,0.4692,0.5892,0.0108,本圈台阶完成,1,0.0000,0.150,0.330
5743.230,ROUNDABOUT_FOLLOW,7.348,0,2.671,0.4000,0.0000,vision,2.671,2.556,0.035,,,roundabout_follow_left_locked,0.2086,0.1015,1,line_center_tracking,-0.0734,-0.0056,-0.2477,-0.2961,0.3375,2,0,0.4117,0,0.0000,0.2420,0.0484,0.2904,-0.1831,0.1015,IDLE,1,0,step_done_latches_cleared,0,0,0.000,0,nan,nan,nan,0.0000,0,nan,nan,0,5,0.6000,0.5892,0.4692,0.5892,0.0108,本圈台阶完成,1,0.0000,0.150,0.330
5743.370,ROUNDABOUT_FOLLOW,7.488,0,2.671,0.4000,0.0000,vision,2.671,2.556,0.035,,,roundabout_follow_left_locked,0.1901,0.0792,1,line_center_tracking,-0.0532,0.0448,-0.3053,-0.3753,0.2761,2,0,0.4567,0,0.0000,0.3500,0.0700,0.4200,-0.2119,0.0792,IDLE,1,0,step_done_latches_cleared,0,0,0.000,0,nan,nan,nan,0.0000,0,nan,nan,0,5,0.6000,0.5892,0.4692,0.5892,0.0108,本圈台阶完成,1,0.0000,0.150,0.330
5743.501,ROUNDABOUT_FOLLOW,7.619,0,2.671,0.4000,0.0000,vision,2.671,2.556,0.035,,,roundabout_follow_left_locked,0.1853,-0.0053,1,line_recenter_transition,0.0734,0.0809,-0.2976,-0.3734,0.2599,2,0,0.4567,0,0.0000,0.3786,0.0757,0.4543,-0.1967,-0.0053,IDLE,1,0,step_done_latches_cleared,0,0,0.000,0,nan,nan,nan,0.0000,0,nan,nan,0,5,0.6000,0.5892,0.4692,0.5892,0.0108,本圈台阶完成,1,0.0000,0.150,0.330
5743.627,ROUNDABOUT_FOLLOW,7.745,0,2.671,0.4000,0.0000,vision,2.671,2.556,0.035,,,roundabout_follow_left_locked,0.1772,0.2218,1,line_center_tracking,-0.3743,-0.3743,-0.3743,-0.3743,0.2375,1,0,0.5178,0,0.0000,0.0000,0.0000,0.0000,-0.3743,0.2218,IDLE,1,0,step_done_latches_cleared,0,0,0.000,0,nan,nan,nan,0.0000,0,nan,nan,0,5,0.6000,0.5892,0.4692,0.5892,0.0108,本圈台阶完成,1,0.0000,0.150,0.330
5743.774,ROUNDABOUT_FOLLOW,7.892,0,2.671,0.4000,0.0000,vision,2.671,2.556,0.035,,,roundabout_blind_arc_recovery,0.1266,0.1600,0,line_too_few_bands,0.0000,0.0000,0.0000,0.0000,0.0000,0,0,0.0000,0,0.0000,0.0000,0.0000,0.0000,0.0000,0.1600,IDLE,1,0,step_done_latches_cleared,0,0,0.000,0,nan,nan,nan,0.0000,0,nan,nan,0,5,0.6000,0.5892,0.4692,0.5892,0.0108,本圈台阶完成,1,0.0000,0.150,0.330
5743.894,ROUNDABOUT_FOLLOW,8.012,0,2.671,0.4000,0.0000,vision,2.671,2.556,0.035,,,roundabout_blind_arc_recovery,0.1000,0.1600,0,line_too_few_bands,0.0000,0.0000,0.0000,0.0000,0.0000,0,0,0.0000,0,0.0000,0.0000,0.0000,0.0000,0.0000,0.1600,IDLE,1,0,step_done_latches_cleared,0,0,0.000,0,nan,nan,nan,0.0000,0,nan,nan,0,5,0.6000,0.5892,0.4692,0.5892,0.0108,本圈台阶完成,1,0.0000,0.150,0.330
5744.018,ROUNDABOUT_FOLLOW,8.136,0,2.671,0.4000,0.0000,vision,2.671,2.556,0.035,,,roundabout_follow_left_locked,0.1470,0.1101,1,line_center_tracking,-0.0221,-0.0221,-0.0221,-0.0221,0.2375,1,0,0.0000,0,0.0043,0.0000,0.0000,0.0000,-0.0221,0.1101,IDLE,1,0,step_done_latches_cleared,0,0,0.000,0,nan,nan,nan,0.0000,0,nan,nan,0,5,0.6000,0.5892,0.4692,0.5892,0.0108,本圈台阶完成,1,0.0000,0.150,0.330
5744.144,ROUNDABOUT_FOLLOW,8.261,0,2.671,0.4000,0.0000,vision,2.671,2.556,0.035,,,roundabout_follow_left_locked,0.1948,0.0884,1,line_center_tracking,-0.0622,-0.0622,-0.0622,-0.0622,0.2375,1,0,0.0000,0,0.0000,0.0000,0.0000,0.0000,-0.0622,0.0884,IDLE,1,0,step_done_latches_cleared,0,0,0.000,0,nan,nan,nan,0.0000,0,nan,nan,0,5,0.6000,0.5892,0.4692,0.5892,0.0108,本圈台阶完成,1,0.0000,0.150,0.330
5744.282,ROUNDABOUT_FOLLOW,8.400,0,2.671,0.2000,0.0000,vision,2.671,2.556,0.035,,,roundabout_blind_arc_recovery,0.1442,0.1600,0,line_too_few_bands,0.0000,0.0000,0.0000,0.0000,0.0000,0,0,0.0000,0,0.0000,0.0000,0.0000,0.0000,0.0000,0.1600,IDLE,1,0,step_done_latches_cleared,0,0,0.000,0,nan,nan,nan,0.0000,0,nan,nan,0,5,0.6000,0.5892,0.4692,0.5892,0.0108,本圈台阶完成,1,0.0000,0.150,0.330
5744.403,ROUNDABOUT_FOLLOW,8.521,0,2.671,0.2000,0.0000,vision,2.671,2.556,0.035,,,roundabout_follow_left_locked,0.1901,0.1196,1,line_center_tracking,-0.1359,-0.1359,-0.1359,-0.1359,0.2375,1,0,0.0000,0,0.0000,0.0000,0.0000,0.0000,-0.1359,0.1196,IDLE,1,0,step_done_latches_cleared,0,0,0.000,0,nan,nan,nan,0.0000,0,nan,nan,0,5,0.6000,0.5892,0.4692,0.5892,0.0108,本圈台阶完成,1,0.0000,0.150,0.330
5744.529,ROUNDABOUT_FOLLOW,8.647,0,2.671,0.0000,0.0000,vision,2.671,2.556,0.035,,,roundabout_follow_left_locked,0.1423,0.3924,1,line_hard_turn_centering,-0.5766,-0.5766,-0.5766,-0.5766,0.2375,1,0,0.0000,0,0.0000,0.0000,0.0000,0.0000,-0.5766,0.3924,IDLE,1,0,step_done_latches_cleared,0,0,0.000,0,nan,nan,nan,0.0000,0,nan,nan,0,5,0.6000,0.5892,0.4692,0.5892,0.0108,本圈台阶完成,1,0.0000,0.150,0.330
5744.662,ROUNDABOUT_FOLLOW,8.779,0,2.671,0.0000,0.0000,vision,2.671,2.556,0.035,,,roundabout_blind_arc_recovery,0.1000,0.1600,0,line_too_few_bands,0.0000,0.0000,0.0000,0.0000,0.0000,0,0,0.0000,0,0.0000,0.0000,0.0000,0.0000,0.0000,0.1600,IDLE,1,0,step_done_latches_cleared,0,0,0.000,0,nan,nan,nan,0.0000,0,nan,nan,0,5,0.6000,0.5892,0.4692,0.5892,0.0108,本圈台阶完成,1,0.0000,0.150,0.330
5744.794,ROUNDABOUT_FOLLOW,8.912,0,2.671,0.0000,0.0000,vision,2.671,2.556,0.035,,,roundabout_follow_left_locked,0.1504,0.3648,1,line_center_tracking,-0.3419,-0.3419,-0.3419,-0.3419,0.2375,1,0,0.0000,0,0.0000,0.0000,0.0000,0.0000,-0.3419,0.3648,IDLE,1,0,step_done_latches_cleared,0,0,0.000,0,nan,nan,nan,0.0000,0,nan,nan,0,5,0.6000,0.5892,0.4692,0.5892,0.0108,本圈台阶完成,1,0.0000,0.150,0.330
5744.922,ROUNDABOUT_FOLLOW,9.040,0,2.671,0.0000,0.0000,vision,2.671,2.556,0.035,,,roundabout_follow_left_locked,0.1050,0.5337,1,line_hard_turn_centering,-0.6261,-0.6181,-0.6982,-0.6982,0.2496,2,0,0.0000,0,0.0043,0.0801,0.0000,0.0801,-0.6715,0.5337,IDLE,1,0,step_done_latches_cleared,0,0,0.000,0,nan,nan,nan,0.0000,0,nan,nan,0,5,0.6000,0.5892,0.4692,0.5892,0.0108,本圈台阶完成,1,0.0000,0.150,0.330
5745.047,ROUNDABOUT_FOLLOW,9.165,0,2.671,0.0000,0.0000,vision,2.671,2.556,0.035,,,roundabout_blind_arc_recovery,0.1000,0.2214,0,line_too_few_bands,0.0000,0.0000,0.0000,0.0000,0.0000,0,0,0.0000,0,0.0043,0.0000,0.0000,0.0000,0.0000,0.2214,IDLE,1,0,step_done_latches_cleared,0,0,0.000,0,nan,nan,nan,0.0000,0,nan,nan,0,5,0.6000,0.5892,0.4692,0.5892,0.0108,本圈台阶完成,1,0.0000,0.150,0.330
5745.177,ROUNDABOUT_FOLLOW,9.294,0,2.671,0.0000,0.0000,vision,2.671,2.556,0.035,,,roundabout_follow_left_locked,0.1131,0.5324,1,line_center_tracking,-0.5091,-0.5091,-0.5091,-0.5091,0.2375,1,0,0.0000,0,0.1504,0.0000,0.0000,0.0000,-0.5091,0.5324,IDLE,1,0,step_done_latches_cleared,0,0,0.000,0,nan,nan,nan,0.0000,0,nan,nan,0,5,0.6000,0.5892,0.4692,0.5892,0.0108,本圈台阶完成,1,0.0000,0.150,0.330
5745.305,ROUNDABOUT_FOLLOW,9.423,0,2.671,0.0000,0.0000,vision,2.671,2.556,0.035,,,roundabout_blue_guard_left,0.0644,0.3000,0,line_too_few_bands,0.0000,0.0000,0.0000,0.0000,0.0000,0,0,0.0000,0,0.3008,0.0000,0.0000,0.0000,0.0000,0.3000,IDLE,1,0,step_done_latches_cleared,0,0,0.000,0,nan,nan,nan,0.0000,0,nan,nan,0,5,0.6000,0.5892,0.4692,0.5892,0.0108,本圈台阶完成,1,0.0000,0.150,0.330
5745.426,ROUNDABOUT_FOLLOW,9.543,0,2.671,0.0000,0.0000,vision,2.671,2.556,0.035,,,roundabout_blue_guard_left,0.0450,0.3000,0,line_too_few_bands,0.0000,0.0000,0.0000,0.0000,0.0000,0,0,0.0000,0,0.3137,0.0000,0.0000,0.0000,0.0000,0.3000,IDLE,1,0,step_done_latches_cleared,0,0,0.000,0,nan,nan,nan,0.0000,0,nan,nan,0,5,0.6000,0.5892,0.4692,0.5892,0.0108,本圈台阶完成,1,0.0000,0.150,0.330
5745.548,ROUNDABOUT_FOLLOW,9.666,0,2.671,0.0000,0.0000,vision,2.671,2.556,0.035,,,roundabout_blue_guard_left,0.0450,0.3000,0,line_too_few_bands,0.0000,0.0000,0.0000,0.0000,0.0000,0,0,0.0000,0,0.2493,0.0000,0.0000,0.0000,0.0000,0.3000,IDLE,1,0,step_done_latches_cleared,0,0,0.000,0,nan,nan,nan,0.0000,0,nan,nan,0,5,0.6000,0.5892,0.4692,0.5892,0.0108,本圈台阶完成,1,0.0000,0.150,0.330
5745.673,ROUNDABOUT_FOLLOW,9.790,0,2.671,0.0000,0.0000,vision,2.671,2.556,0.035,,,roundabout_blue_guard_left,0.0450,0.3000,0,line_too_few_bands,0.0000,0.0000,0.0000,0.0000,0.0000,0,0,0.0000,0,0.2750,0.0000,0.0000,0.0000,0.0000,0.3000,IDLE,1,0,step_done_latches_cleared,0,0,0.000,0,nan,nan,nan,0.0000,0,nan,nan,0,5,0.6000,0.5892,0.4692,0.5892,0.0108,本圈台阶完成,1,0.0000,0.150,0.330
5745.798,ROUNDABOUT_FOLLOW,9.916,0,2.671,0.0000,0.0000,vision,2.671,2.556,0.035,,,roundabout_blue_guard_left,0.0450,0.3000,0,line_too_few_bands,0.0000,0.0000,0.0000,0.0000,0.0000,0,0,0.0000,0,0.4571,0.0000,0.0000,0.0000,0.0000,0.3000,IDLE,1,0,step_done_latches_cleared,0,0,0.000,0,nan,nan,nan,0.0000,0,nan,nan,0,5,0.6000,0.5892,0.4692,0.5892,0.0108,本圈台阶完成,1,0.0000,0.150,0.330
5745.930,ROUNDABOUT_FOLLOW,10.048,0,2.671,0.0000,0.0000,vision,2.671,2.556,0.035,,,roundabout_blue_guard_left,0.0450,0.3000,0,line_too_few_bands,0.0000,0.0000,0.0000,0.0000,0.0000,0,0,0.0000,0,0.2965,0.0000,0.0000,0.0000,0.0000,0.3000,IDLE,1,0,step_done_latches_cleared,0,0,0.000,0,nan,nan,nan,0.0000,0,nan,nan,0,5,0.6000,0.5892,0.4692,0.5892,0.0108,本圈台阶完成,1,0.0000,0.150,0.330
5746.078,ROUNDABOUT_FOLLOW,10.195,0,2.671,0.0000,0.0000,vision,2.671,2.556,0.035,,,roundabout_blue_guard_left,0.0450,0.3000,0,line_too_few_bands,0.0000,0.0000,0.0000,0.0000,0.0000,0,0,0.0000,0,0.2149,0.0000,0.0000,0.0000,0.0000,0.3000,IDLE,1,0,step_done_latches_cleared,0,0,0.000,0,nan,nan,nan,0.0000,0,nan,nan,0,5,0.6000,0.5892,0.4692,0.5892,0.0108,本圈台阶完成,1,0.0000,0.150,0.330
5746.214,ROUNDABOUT_FOLLOW,10.332,0,2.671,0.0000,0.0000,vision,2.671,2.556,0.035,,,roundabout_blue_guard_left,0.0450,0.3000,0,line_too_few_bands,0.0000,0.0000,0.0000,0.0000,0.0000,0,0,0.0000,0,0.1633,0.0000,0.0000,0.0000,0.0000,0.3000,IDLE,1,0,step_done_latches_cleared,0,0,0.000,0,nan,nan,nan,0.0000,0,nan,nan,0,5,0.6000,0.5892,0.4692,0.5892,0.0108,本圈台阶完成,1,0.0000,0.150,0.330
5746.338,ROUNDABOUT_FOLLOW,10.456,0,2.671,0.0000,0.0000,vision,2.671,2.556,0.035,,,roundabout_blue_guard_left,0.0450,0.3000,0,line_too_few_bands,0.0000,0.0000,0.0000,0.0000,0.0000,0,0,0.0000,0,0.2020,0.0000,0.0000,0.0000,0.0000,0.3000,IDLE,1,0,step_done_latches_cleared,0,0,0.000,0,nan,nan,nan,0.0000,0,nan,nan,0,5,0.6000,0.5892,0.4692,0.5892,0.0108,本圈台阶完成,1,0.0000,0.150,0.330
5746.466,ROUNDABOUT_FOLLOW,10.583,0,2.671,0.0000,0.0000,vision,2.671,2.556,0.035,,,roundabout_blue_guard_left,0.0450,0.3000,0,line_too_few_bands,0.0000,0.0000,0.0000,0.0000,0.0000,0,0,0.0000,0,0.1547,0.0000,0.0000,0.0000,0.0000,0.3000,IDLE,1,0,step_done_latches_cleared,0,0,0.000,0,nan,nan,nan,0.0000,0,nan,nan,0,5,0.6000,0.5892,0.4692,0.5892,0.0108,本圈台阶完成,1,0.0000,0.150,0.330
5746.598,ROUNDABOUT_FOLLOW,10.716,0,2.671,0.0000,0.0000,vision,2.671,2.556,0.035,,,roundabout_blue_guard_left,0.0450,0.3000,0,line_too_few_bands,0.0000,0.0000,0.0000,0.0000,0.0000,0,0,0.0000,0,0.1590,0.0000,0.0000,0.0000,0.0000,0.3000,IDLE,1,0,step_done_latches_cleared,0,0,0.000,0,nan,nan,nan,0.0000,0,nan,nan,0,5,0.6000,0.5892,0.4692,0.5892,0.0108,本圈台阶完成,1,0.0000,0.150,0.330
5746.729,ROUNDABOUT_FOLLOW,10.847,0,2.671,0.0000,0.0000,vision,2.671,2.556,0.035,,,roundabout_blind_arc_recovery,0.0947,0.1600,0,line_too_few_bands,0.0000,0.0000,0.0000,0.0000,0.0000,0,0,0.0000,0,0.0817,0.0000,0.0000,0.0000,0.0000,0.1600,IDLE,1,0,step_done_latches_cleared,0,0,0.000,0,nan,nan,nan,0.0000,0,nan,nan,0,5,0.6000,0.5892,0.4692,0.5892,0.0108,本圈台阶完成,1,0.0000,0.150,0.330
5746.859,ROUNDABOUT_FOLLOW,10.976,0,2.671,0.0000,0.0000,vision,2.671,2.556,0.035,,,roundabout_follow_left_locked,0.1050,0.4835,1,line_hard_turn_centering,-0.5479,-0.5747,-0.3065,-0.3065,0.3379,2,0,0.0000,0,0.0301,0.2682,0.0000,0.2682,-0.3959,0.4835,IDLE,1,0,step_done_latches_cleared,0,0,0.000,0,nan,nan,nan,0.0000,0,nan,nan,0,5,0.6000,0.5892,0.4692,0.5892,0.0108,本圈台阶完成,1,0.0000,0.150,0.330
5746.992,ROUNDABOUT_FOLLOW,11.109,0,2.671,0.0000,0.0000,vision,2.671,2.556,0.035,,,roundabout_follow_left_locked,0.1171,0.5168,1,line_center_tracking,-0.4194,-0.4423,-0.3606,-0.3606,0.4333,2,0,0.0000,0,0.0043,0.0816,0.0000,0.0816,-0.3878,0.5168,IDLE,1,0,step_done_latches_cleared,0,0,0.000,0,nan,nan,nan,0.0000,0,nan,nan,0,5,0.6000,0.5892,0.4692,0.5892,0.0108,本圈台阶完成,1,0.0000,0.150,0.330
5747.122,ROUNDABOUT_FOLLOW,11.239,0,2.671,0.0000,0.0000,vision,2.671,2.556,0.035,,,roundabout_blind_arc_recovery,0.1000,0.1918,0,line_too_few_bands,0.0000,0.0000,0.0000,0.0000,0.0000,0,0,0.0000,0,0.0000,0.0000,0.0000,0.0000,0.0000,0.1918,IDLE,1,0,step_done_latches_cleared,0,0,0.000,0,nan,nan,nan,0.0000,0,nan,nan,0,5,0.6000,0.5892,0.4692,0.5892,0.0108,本圈台阶完成,1,0.0000,0.150,0.330
5747.247,ROUNDABOUT_FOLLOW,11.365,0,2.671,0.6000,0.0000,vision,2.671,2.556,0.035,,,roundabout_follow_left_locked,0.1443,0.4111,1,line_center_tracking,-0.2797,-0.2567,-0.3390,-0.3554,0.4282,2,0,0.0000,0,0.0086,0.0823,0.0165,0.0988,-0.3170,0.4111,IDLE,1,0,step_done_latches_cleared,0,0,0.000,0,nan,nan,nan,0.0000,0,nan,nan,0,5,0.6000,0.5892,0.4692,0.5892,0.0108,本圈台阶完成,1,0.0000,0.150,0.330
5747.384,ROUNDABOUT_FOLLOW,11.501,0,2.671,0.4000,0.0000,vision,2.671,2.556,0.035,,,roundabout_follow_left_locked,0.1762,0.2871,1,line_center_tracking,-0.1619,-0.1619,-0.1619,-0.1619,0.2375,1,0,0.0000,0,0.0000,0.0000,0.0000,0.0000,-0.1619,0.2871,IDLE,1,0,step_done_latches_cleared,0,0,0.000,0,nan,nan,nan,0.0000,0,nan,nan,0,5,0.6000,0.5892,0.4692,0.5892,0.0108,本圈台阶完成,1,0.0000,0.150,0.330
5747.514,ROUNDABOUT_FOLLOW,11.632,0,2.671,0.4000,0.0000,vision,2.671,2.556,0.035,,,roundabout_follow_left_locked,0.2061,0.1707,1,line_center_tracking,-0.0555,-0.0555,-0.0555,-0.0555,0.2375,1,0,0.0000,0,0.0000,0.0000,0.0000,0.0000,-0.0555,0.1707,IDLE,1,0,step_done_latches_cleared,0,0,0.000,0,nan,nan,nan,0.0000,0,nan,nan,0,5,0.6000,0.5892,0.4692,0.5892,0.0108,本圈台阶完成,1,0.0000,0.150,0.330
5747.669,ROUNDABOUT_FOLLOW,11.787,0,2.671,0.6000,0.0000,vision,2.671,2.556,0.035,,,roundabout_follow_left_locked,0.2269,0.0898,1,line_center_tracking,-0.0052,-0.0052,-0.0052,-0.0052,0.2375,1,0,0.0000,0,0.0000,0.0000,0.0000,0.0000,-0.0052,0.0898,IDLE,1,0,step_done_latches_cleared,0,0,0.000,0,nan,nan,nan,0.0000,0,nan,nan,0,5,0.6000,0.5892,0.4692,0.5892,0.0108,本圈台阶完成,1,0.0000,0.150,0.330
5747.822,ROUNDABOUT_FOLLOW,11.939,0,2.671,0.8553,0.0000,vision,2.671,2.556,0.035,,,roundabout_follow_left_locked,0.2419,0.0225,1,line_center_tracking,0.0415,0.0415,0.0415,0.0415,0.2375,1,0,0.0000,0,0.0000,0.0000,0.0000,0.0000,0.0415,0.0225,IDLE,1,0,step_done_latches_cleared,0,0,0.000,0,nan,nan,nan,0.0000,0,nan,nan,0,5,0.6000,0.5892,0.4692,0.5892,0.0108,本圈台阶完成,1,0.0000,0.150,0.330
5747.959,ROUNDABOUT_FOLLOW,12.076,0,2.671,0.8000,0.0000,vision,2.671,2.556,0.035,,,roundabout_follow_left_locked,0.2352,-0.0303,1,line_center_tracking,0.0760,0.0760,0.0760,0.0760,0.2375,1,0,0.0000,0,0.0000,0.0000,0.0000,0.0000,0.0760,-0.0303,IDLE,1,0,step_done_latches_cleared,0,0,0.000,0,nan,nan,nan,0.0000,0,nan,nan,0,5,0.6000,0.5892,0.4692,0.5892,0.0108,本圈台阶完成,1,0.0000,0.150,0.330
5748.103,ROUNDABOUT_FOLLOW,12.221,0,2.671,0.8585,0.0000,vision,2.671,2.556,0.035,,,roundabout_follow_left_locked,0.2236,-0.0400,1,line_center_tracking,0.0681,0.0964,-0.0047,-0.1410,0.5209,4,0,0.0000,0,0.0000,0.1011,0.1363,0.2374,-0.0164,-0.0400,IDLE,1,0,step_done_latches_cleared,0,0,0.000,0,nan,nan,nan,0.0000,0,nan,nan,0,5,0.6000,0.5892,0.4692,0.5892,0.0108,本圈台阶完成,1,0.0000,0.150,0.330
5748.237,ROUNDABOUT_FOLLOW,12.355,0,2.671,0.8000,0.0000,vision,2.671,2.556,0.035,,,roundabout_follow_left_locked,0.2138,-0.0400,1,line_center_tracking,0.0650,0.1054,-0.0390,-0.2205,0.4946,3,0,0.0000,0,0.0000,0.1444,0.1816,0.3260,-0.0514,-0.0400,IDLE,1,0,step_done_latches_cleared,0,0,0.000,0,nan,nan,nan,0.0000,0,nan,nan,0,5,0.6000,0.5892,0.4692,0.5892,0.0108,本圈台阶完成,1,0.0000,0.150,0.330
5748.375,ROUNDABOUT_FOLLOW,12.492,0,2.671,0.8000,0.0000,vision,2.671,2.556,0.035,,,roundabout_follow_left_locked,0.2321,-0.0400,1,line_center_tracking,0.0919,0.0919,0.0919,0.0919,0.2375,1,0,0.0000,0,0.0000,0.0000,0.0000,0.0000,0.0919,-0.0400,IDLE,1,0,step_done_latches_cleared,0,0,0.000,0,nan,nan,nan,0.0000,0,nan,nan,0,5,0.6000,0.5892,0.4692,0.5892,0.0108,本圈台阶完成,1,0.0000,0.150,0.330
5748.525,ROUNDABOUT_EXIT,0.000,0,2.671,0.9087,0.0000,vision,2.671,2.556,0.035,,,roundabout_exit_blind_commit,0.1815,0.1600,0,line_too_few_bands,0.0000,0.0000,0.0000,0.0000,0.0000,0,0,0.0000,0,0.0000,0.0000,0.0000,0.0000,0.0000,0.1600,IDLE,1,0,step_done_latches_cleared,0,0,0.000,0,nan,nan,nan,0.0000,0,nan,nan,0,5,0.6000,0.5892,0.4692,0.5892,0.0108,本圈台阶完成,1,0.0000,0.150,0.330
5748.659,ROUNDABOUT_EXIT,0.134,0,2.671,0.8623,0.0000,vision,2.671,2.556,0.035,,,roundabout_exit_commit,0.1308,0.2200,1,line_center_tracking,-0.3578,-0.3578,-0.3578,-0.3578,0.2375,1,0,0.0000,0,0.0000,0.0000,0.0000,0.0000,-0.3578,0.2200,IDLE,1,0,step_done_latches_cleared,0,0,0.000,0,nan,nan,nan,0.0000,0,nan,nan,0,5,0.6000,0.5892,0.4692,0.5892,0.0108,本圈台阶完成,1,0.0000,0.150,0.330
5748.791,ROUNDABOUT_EXIT,0.265,0,2.671,0.8815,0.0000,vision,2.671,2.556,0.035,,,roundabout_exit_commit,0.1050,0.2200,1,line_center_tracking,-0.2246,-0.2372,-0.1924,-0.1924,0.3492,2,0,0.0000,0,0.0000,0.0447,0.0000,0.0447,-0.2074,0.2200,IDLE,1,0,step_done_latches_cleared,0,0,0.000,0,nan,nan,nan,0.0000,0,nan,nan,0,5,0.6000,0.5892,0.4692,0.5892,0.0108,本圈台阶完成,1,0.0000,0.150,0.330
5748.933,ROUNDABOUT_EXIT,0.408,0,2.671,0.6000,0.0000,vision,2.671,2.556,0.035,,,roundabout_exit_commit,0.1050,0.2200,1,line_center_tracking,-0.2704,-0.3599,-0.0401,-0.0401,0.2272,2,0,0.0000,0,0.0000,0.3199,0.0000,0.3199,-0.1467,0.2200,IDLE,1,0,step_done_latches_cleared,0,0,0.000,0,nan,nan,nan,0.0000,0,nan,nan,0,5,0.6000,0.5892,0.4692,0.5892,0.0108,本圈台阶完成,1,0.0000,0.150,0.330
5749.062,ROUNDABOUT_EXIT,0.537,0,2.671,0.0000,0.0000,vision,2.671,2.556,0.035,,,roundabout_exit_commit,0.1050,0.2200,1,line_center_tracking,-0.1416,-0.1145,-0.2114,-0.2933,0.5259,3,0,0.0000,0,0.0000,0.0968,0.0819,0.1788,-0.2064,0.2200,IDLE,1,0,step_done_latches_cleared,0,0,0.000,0,nan,nan,nan,0.0000,0,nan,nan,0,5,0.6000,0.5892,0.4692,0.5892,0.0108,本圈台阶完成,1,0.0000,0.150,0.330
5749.195,ROUNDABOUT_EXIT,0.670,0,2.671,0.8725,0.0000,vision,2.671,2.556,0.035,,,roundabout_exit_commit,0.1050,0.1721,1,line_center_tracking,-0.1121,-0.1121,-0.1121,-0.1121,0.2375,1,0,0.0000,0,0.0000,0.0000,0.0000,0.0000,-0.1121,0.1721,IDLE,1,0,step_done_latches_cleared,0,0,0.000,0,nan,nan,nan,0.0000,0,nan,nan,0,5,0.6000,0.5892,0.4692,0.5892,0.0108,本圈台阶完成,1,0.0000,0.150,0.330
5749.327,ROUNDABOUT_EXIT,0.802,0,2.671,0.8621,0.0000,vision,2.671,2.556,0.035,,,roundabout_exit_commit,0.1050,0.1668,1,line_center_tracking,-0.1450,-0.1129,-0.2277,-0.3248,0.5192,3,0,0.0000,0,0.0000,0.1148,0.0971,0.2119,-0.2218,0.1668,IDLE,1,0,step_done_latches_cleared,0,0,0.000,0,nan,nan,nan,0.0000,0,nan,nan,0,5,0.6000,0.5892,0.4692,0.5892,0.0108,本圈台阶完成,1,0.0000,0.150,0.330
5749.463,ROUNDABOUT_EXIT,0.937,0,2.671,0.0000,0.0000,vision,2.671,2.556,0.035,,,roundabout_exit_commit,0.1050,0.1573,1,line_center_tracking,-0.1370,-0.1101,-0.2060,-0.3318,0.6158,4,0,0.0000,0,0.0000,0.0958,0.1258,0.2217,-0.2160,0.1573,IDLE,1,0,step_done_latches_cleared,0,0,0.000,0,nan,nan,nan,0.0000,0,nan,nan,0,5,0.6000,0.5892,0.4692,0.5892,0.0108,本圈台阶完成,1,0.0000,0.150,0.330
5749.597,ROUNDABOUT_EXIT,1.072,0,2.671,0.0000,0.0000,vision,2.671,2.556,0.035,,,roundabout_exit_commit,0.1050,0.1583,1,line_center_tracking,-0.1465,-0.1465,-0.1465,-0.1465,0.2375,1,0,0.0000,0,0.0000,0.0000,0.0000,0.0000,-0.1465,0.1583,IDLE,1,0,step_done_latches_cleared,0,0,0.000,0,nan,nan,nan,0.0000,0,nan,nan,0,5,0.6000,0.5892,0.4692,0.5892,0.0108,本圈台阶完成,1,0.0000,0.150,0.330
5749.728,SEEK_CROSSWALK,0.000,0,2.671,0.0000,0.0000,vision,2.671,2.556,0.035,,,tracking,0.1548,0.1649,1,line_center_tracking,-0.1527,-0.1327,-0.2040,-0.3086,0.4204,2,0,0.0000,0,0.0000,0.0713,0.1046,0.1759,-0.2151,0.1649,IDLE,1,0,step_done_latches_cleared,0,0,0.000,0,nan,nan,nan,0.0000,0,nan,nan,0,5,0.6000,0.5892,0.4692,0.5892,0.0108,本圈台阶完成,1,0.0000,0.150,0.330
5749.869,SEEK_CROSSWALK,0.142,0,2.671,0.8869,0.0000,vision,2.671,2.556,0.035,,,tracking,0.2054,0.1109,1,line_center_tracking,-0.0595,-0.0468,-0.0921,-0.1922,0.6007,4,0,0.0000,0,0.0000,0.0454,0.1001,0.1454,-0.1104,0.1109,IDLE,1,0,step_done_latches_cleared,0,0,0.000,0,nan,nan,nan,0.0000,0,nan,nan,0,5,0.6000,0.5892,0.4692,0.5892,0.0108,本圈台阶完成,1,0.0000,0.150,0.330
5750.005,SEEK_CROSSWALK,0.277,0,2.671,0.0000,0.0000,vision,2.671,2.556,0.035,,,tracking,0.2296,0.0792,1,line_center_tracking,-0.0438,-0.0105,-0.1293,-0.1844,0.6193,4,0,0.0000,0,0.0000,0.1188,0.0550,0.1739,-0.1081,0.0792,IDLE,1,0,step_done_latches_cleared,0,0,0.000,0,nan,nan,nan,0.0000,0,nan,nan,0,5,0.6000,0.5892,0.4692,0.5892,0.0108,本圈台阶完成,1,0.0000,0.150,0.330
5750.134,SEEK_CROSSWALK,0.406,0,2.671,0.0000,0.0000,vision,2.671,2.556,0.035,,,tracking,0.1808,0.0310,1,line_curve_center_riding,0.0121,0.0203,-0.1161,-0.1985,0.7110,5,0,0.0000,0,0.0000,0.1364,0.0824,0.2188,-0.0981,0.0310,IDLE,1,0,step_done_latches_cleared,0,0,0.000,0,nan,nan,nan,0.0000,0,nan,nan,0,5,0.6000,0.5892,0.4692,0.5892,0.0108,本圈台阶完成,1,0.0000,0.150,0.330
5750.259,SEEK_CROSSWALK,0.532,0,2.671,0.0000,0.0000,vision,2.671,2.556,0.035,,,tracking,0.1700,0.0129,1,line_curve_center_riding,0.0069,0.0133,-0.0939,-0.1771,0.7106,5,0,0.0000,0,0.0000,0.1072,0.0833,0.1904,-0.0859,0.0129,IDLE,1,0,step_done_latches_cleared,0,0,0.000,0,nan,nan,nan,0.0000,0,nan,nan,0,5,0.6000,0.5892,0.4692,0.5892,0.0108,本圈台阶完成,1,0.0000,0.150,0.330
5750.382,SEEK_CROSSWALK,0.654,0,2.671,0.0000,0.0000,vision,2.671,2.556,0.035,,,tracking,0.2164,0.0154,1,line_center_tracking,-0.0141,0.0139,-0.0859,-0.1690,0.7107,5,0,0.0000,0,0.0000,0.0998,0.0830,0.1829,-0.0803,0.0154,IDLE,1,0,step_done_latches_cleared,0,0,0.000,0,nan,nan,nan,0.0000,0,nan,nan,0,5,0.6000,0.5892,0.4692,0.5892,0.0108,本圈台阶完成,1,0.0000,0.150,0.330
5750.509,SEEK_CROSSWALK,0.781,0,2.671,0.0000,0.0000,vision,2.671,2.556,0.035,,,tracking,0.2302,0.0116,1,line_center_tracking,-0.0078,0.0173,-0.0723,-0.1606,0.7103,5,0,0.0000,0,0.0000,0.0896,0.0884,0.1780,-0.0719,0.0116,IDLE,1,0,step_done_latches_cleared,0,0,0.000,0,nan,nan,nan,0.0000,0,nan,nan,0,5,0.6000,0.5892,0.4692,0.5892,0.0108,本圈台阶完成,1,0.0000,0.150,0.330
5750.644,SEEK_CROSSWALK,0.917,0,2.671,0.0000,0.0000,vision,2.671,2.556,0.035,,,tracking,0.2299,0.0098,1,line_center_tracking,-0.0072,0.0183,-0.0728,-0.1629,0.7090,5,0,0.0000,0,0.0000,0.0911,0.0901,0.1812,-0.0724,0.0098,IDLE,1,0,step_done_latches_cleared,0,0,0.000,0,nan,nan,nan,0.0000,0,nan,nan,0,5,0.6000,0.5892,0.4692,0.5892,0.0108,本圈台阶完成,1,0.0000,0.150,0.330
5750.774,SEEK_CROSSWALK,1.047,0,2.671,0.0000,0.0000,vision,2.671,2.556,0.035,,,tracking,0.2335,0.0539,1,line_center_tracking,-0.0843,-0.0847,-0.0832,-0.1434,0.7204,5,0,0.0000,0,0.0000,0.0015,0.0602,0.0587,-0.1038,0.0539,IDLE,1,0,step_done_latches_cleared,0,0,0.000,0,nan,nan,nan,0.0000,0,nan,nan,0,5,0.6000,0.5892,0.4692,0.5892,0.0108,本圈台阶完成,1,0.0000,0.150,0.330
5750.928,SEEK_CROSSWALK,1.200,0,2.671,0.8695,0.0000,vision,2.671,2.556,0.035,,,tracking,0.2362,0.0535,1,line_center_tracking,-0.0533,-0.0410,-0.0849,-0.1451,0.7225,5,0,0.0000,0,0.0000,0.0439,0.0602,0.1041,-0.0903,0.0535,IDLE,1,0,step_done_latches_cleared,0,0,0.000,0,nan,nan,nan,0.0000,0,nan,nan,0,5,0.6000,0.5892,0.4692,0.5892,0.0108,本圈台阶完成,1,0.0000,0.150,0.330
5751.052,SEEK_CROSSWALK,1.324,0,2.671,0.0000,0.0000,vision,2.671,2.556,0.035,,,tracking,0.2368,0.0504,1,line_center_tracking,-0.0446,-0.0321,-0.0767,-0.1506,0.8081,6,0,0.0000,0,0.0000,0.0446,0.0739,0.1184,-0.0865,0.0504,IDLE,1,0,step_done_latches_cleared,0,0,0.000,0,nan,nan,nan,0.0000,0,nan,nan,0,5,0.6000,0.5892,0.4692,0.5892,0.0108,本圈台阶完成,1,0.0000,0.150,0.330
5751.175,SEEK_CROSSWALK,1.447,0,2.671,0.0000,0.0000,vision,2.671,2.556,0.035,,,tracking,0.2348,0.0402,1,line_center_tracking,-0.0291,-0.0111,-0.0755,-0.1478,0.7164,5,0,0.0000,0,0.0000,0.0644,0.0723,0.1368,-0.0781,0.0402,IDLE,1,0,step_done_latches_cleared,0,0,0.000,0,nan,nan,nan,0.0000,0,nan,nan,0,5,0.6000,0.5892,0.4692,0.5892,0.0108,本圈台阶完成,1,0.0000,0.150,0.330
5751.305,SEEK_CROSSWALK,1.577,0,2.671,0.0000,0.0000,vision,2.671,2.556,0.035,,,tracking,0.2338,0.0314,1,line_center_tracking,-0.0212,0.0002,-0.0761,-0.1451,0.7160,5,0,0.0000,0,0.0000,0.0763,0.0690,0.1453,-0.0737,0.0314,IDLE,1,0,step_done_latches_cleared,0,0,0.000,0,nan,nan,nan,0.0000,0,nan,nan,0,5,0.6000,0.5892,0.4692,0.5892,0.0108,本圈台阶完成,1,0.0000,0.150,0.330
5751.439,SEEK_CROSSWALK,1.711,0,2.671,0.0000,0.0000,vision,2.671,2.556,0.035,,,tracking,0.2357,0.0311,1,line_center_tracking,-0.0277,-0.0103,-0.0726,-0.1392,0.8065,6,0,0.0000,0,0.0000,0.0624,0.0666,0.1289,-0.0740,0.0311,IDLE,1,0,step_done_latches_cleared,0,0,0.000,0,nan,nan,nan,0.0000,0,nan,nan,0,5,0.6000,0.5892,0.4692,0.5892,0.0108,本圈台阶完成,1,0.0000,0.150,0.330
5751.563,SEEK_CROSSWALK,1.835,0,2.671,0.0000,0.0000,vision,2.671,2.556,0.035,,,tracking,0.2382,0.0415,1,line_center_tracking,-0.0463,-0.0344,-0.0772,-0.1402,0.7193,5,0,0.0000,0,0.0000,0.0428,0.0630,0.1058,-0.0839,0.0415,IDLE,1,0,step_done_latches_cleared,0,0,0.000,0,nan,nan,nan,0.0000,0,nan,nan,0,5,0.6000,0.5892,0.4692,0.5892,0.0108,本圈台阶完成,1,0.0000,0.150,0.330
5751.694,SEEK_CROSSWALK,1.966,0,2.671,0.0000,0.0000,vision,2.671,2.556,0.035,,,tracking,0.2359,0.0326,1,line_center_tracking,-0.0242,-0.0055,-0.0723,-0.1327,0.8079,6,0,0.0000,0,0.0000,0.0669,0.0604,0.1272,-0.0702,0.0326,IDLE,1,0,step_done_latches_cleared,0,0,0.000,0,nan,nan,nan,0.0000,0,nan,nan,0,5,0.6000,0.5892,0.4692,0.5892,0.0108,本圈台阶完成,1,0.0000,0.150,0.330
5751.816,SEEK_CROSSWALK,2.088,0,2.671,0.0000,0.0000,vision,2.671,2.556,0.035,,,tracking,0.2365,0.0305,1,line_center_tracking,-0.0259,-0.0052,-0.0793,-0.1271,0.8962,7,0,0.0000,0,0.0000,0.0741,0.0478,0.1219,-0.0705,0.0305,IDLE,1,0,step_done_latches_cleared,0,0,0.000,0,nan,nan,nan,0.0000,0,nan,nan,0,5,0.6000,0.5892,0.4692,0.5892,0.0108,本圈台阶完成,1,0.0000,0.150,0.330
5751.953,SEEK_CROSSWALK,2.226,0,2.671,0.0000,0.0000,vision,2.671,2.556,0.035,,,tracking,0.2379,0.0469,1,line_center_tracking,-0.0561,-0.0463,-0.0816,-0.1313,0.8120,6,0,0.0000,0,0.0000,0.0353,0.0498,0.0851,-0.0864,0.0469,IDLE,1,0,step_done_latches_cleared,0,0,0.000,0,nan,nan,nan,0.0000,0,nan,nan,0,5,0.6000,0.5892,0.4692,0.5892,0.0108,本圈台阶完成,1,0.0000,0.150,0.330
5752.083,SEEK_CROSSWALK,2.356,0,2.671,0.0000,0.0000,vision,2.671,2.556,0.035,,,tracking,0.2381,0.0446,1,line_center_tracking,-0.0408,-0.0243,-0.0833,-0.1316,0.8999,7,0,0.0000,0,0.0000,0.0591,0.0483,0.1073,-0.0797,0.0446,IDLE,1,0,step_done_latches_cleared,0,0,0.000,0,nan,nan,nan,0.0000,0,nan,nan,0,5,0.6000,0.5892,0.4692,0.5892,0.0108,本圈台阶完成,1,0.0000,0.150,0.330
5752.211,SEEK_CROSSWALK,2.483,0,2.671,0.0000,0.0000,vision,2.671,2.556,0.035,,,tracking,0.2378,0.0417,1,line_center_tracking,-0.0364,-0.0174,-0.0852,-0.1267,0.9864,8,0,0.0000,0,0.0000,0.0679,0.0415,0.1094,-0.0764,0.0417,IDLE,1,0,step_done_latches_cleared,0,0,0.000,0,nan,nan,nan,0.0000,0,nan,nan,0,5,0.6000,0.5892,0.4692,0.5892,0.0108,本圈台阶完成,1,0.0000,0.150,0.330
5752.340,SEEK_CROSSWALK,2.612,0,2.671,0.0000,0.0000,vision,2.671,2.556,0.035,,,tracking,0.2383,0.0456,1,line_center_tracking,-0.0450,-0.0305,-0.0825,-0.1237,0.9890,8,0,0.0000,0,0.0000,0.0520,0.0412,0.0932,-0.0789,0.0456,IDLE,1,0,step_done_latches_cleared,0,0,0.000,0,nan,nan,nan,0.0000,0,nan,nan,0,5,0.6000,0.5892,0.4692,0.5892,0.0108,本圈台阶完成,1,0.0000,0.150,0.330
5752.469,SEEK_CROSSWALK,2.742,0,2.671,0.0000,0.0000,vision,2.671,2.556,0.035,,,tracking,0.2364,0.0530,1,line_center_tracking,-0.0552,-0.0424,-0.0883,-0.1284,0.9900,8,0,0.0000,0,0.0000,0.0460,0.0401,0.0861,-0.0864,0.0530,IDLE,1,0,step_done_latches_cleared,0,0,0.000,0,nan,nan,nan,0.0000,0,nan,nan,0,5,0.6000,0.5892,0.4692,0.5892,0.0108,本圈台阶完成,1,0.0000,0.150,0.330
5752.594,SEEK_CROSSWALK,2.866,0,2.671,0.0000,0.0000,vision,2.671,2.556,0.035,,,tracking,0.2346,0.0597,1,line_center_tracking,-0.0612,-0.0492,-0.0919,-0.1285,0.9908,8,0,0.0000,0,0.0000,0.0427,0.0366,0.0793,-0.0899,0.0597,IDLE,1,0,step_done_latches_cleared,0,0,0.000,0,nan,nan,nan,0.0000,0,nan,nan,0,5,0.6000,0.5892,0.4692,0.5892,0.0108,本圈台阶完成,1,0.0000,0.150,0.330
5752.718,SEEK_CROSSWALK,2.990,0,2.671,0.0000,0.0000,vision,2.671,2.556,0.035,,,tracking,0.2342,0.0614,1,line_center_tracking,-0.0588,-0.0477,-0.0875,-0.1238,0.9910,8,0,0.0000,0,0.0000,0.0398,0.0363,0.0761,-0.0863,0.0614,IDLE,1,0,step_done_latches_cleared,0,0,0.000,0,nan,nan,nan,0.0000,0,nan,nan,0,5,0.6000,0.5892,0.4692,0.5892,0.0108,本圈台阶完成,1,0.0000,0.150,0.330
5752.855,SEEK_CROSSWALK,3.127,0,2.671,0.0000,0.0000,vision,2.671,2.556,0.035,,,tracking,0.2367,0.0519,1,line_center_tracking,-0.0408,-0.0301,-0.0682,-0.1117,0.9900,8,0,0.0000,0,0.0000,0.0381,0.0435,0.0816,-0.0700,0.0519,IDLE,1,0,step_done_latches_cleared,0,0,0.000,0,nan,nan,nan,0.0000,0,nan,nan,0,5,0.6000,0.5892,0.4692,0.5892,0.0108,本圈台阶完成,1,0.0000,0.150,0.330
5752.984,SEEK_CROSSWALK,3.257,0,2.671,0.0000,0.0000,vision,2.671,2.556,0.035,,,tracking,0.2384,0.0450,1,line_center_tracking,-0.0355,-0.0260,-0.0601,-0.0971,0.9913,8,0,0.0000,0,0.0000,0.0341,0.0370,0.0711,-0.0611,0.0450,IDLE,1,0,step_done_latches_cleared,0,0,0.000,0,nan,nan,nan,0.0000,0,nan,nan,0,5,0.6000,0.5892,0.4692,0.5892,0.0108,本圈台阶完成,1,0.0000,0.150,0.330
5753.107,SEEK_CROSSWALK,3.379,0,2.671,0.0000,0.0000,vision,2.671,2.556,0.035,,,tracking,0.2395,0.0410,1,line_center_tracking,-0.0342,-0.0257,-0.0561,-0.0941,0.9911,8,0,0.0000,0,0.0000,0.0304,0.0380,0.0684,-0.0586,0.0410,IDLE,1,0,step_done_latches_cleared,0,0,0.000,0,nan,nan,nan,0.0000,0,nan,nan,0,5,0.6000,0.5892,0.4692,0.5892,0.0108,本圈台阶完成,1,0.0000,0.150,0.330
5753.230,SEEK_CROSSWALK,3.502,0,2.671,0.0000,0.0000,vision,2.671,2.556,0.035,,,tracking,0.2409,0.0355,1,line_center_tracking,-0.0281,-0.0167,-0.0575,-0.0948,0.9891,8,0,0.0000,0,0.0000,0.0408,0.0373,0.0781,-0.0563,0.0355,IDLE,1,0,step_done_latches_cleared,0,0,0.000,0,nan,nan,nan,0.0000,0,nan,nan,0,5,0.6000,0.5892,0.4692,0.5892,0.0108,本圈台阶完成,1,0.0000,0.150,0.330
5753.355,SEEK_CROSSWALK,3.627,0,2.671,0.0000,0.0000,vision,2.671,2.556,0.035,,,tracking,0.2393,0.0297,1,line_center_tracking,-0.0225,-0.0124,-0.0486,-0.1089,0.9821,8,0,0.0000,0,0.0000,0.0362,0.0603,0.0965,-0.0566,0.0297,IDLE,1,0,step_done_latches_cleared,0,0,0.000,0,nan,nan,nan,0.0000,0,nan,nan,0,5,0.6000,0.5892,0.4692,0.5892,0.0108,本圈台阶完成,1,0.0000,0.150,0.330
5753.483,SEEK_CROSSWALK,3.755,0,2.671,0.0000,0.0000,vision,2.671,2.556,0.035,,,tracking,0.2401,0.0287,1,line_center_tracking,-0.0251,-0.0169,-0.0464,-0.1059,0.9868,8,0,0.0000,0,0.0000,0.0295,0.0595,0.0890,-0.0564,0.0287,IDLE,1,0,step_done_latches_cleared,0,0,0.000,0,nan,nan,nan,0.0000,0,nan,nan,0,5,0.6000,0.5892,0.4692,0.5892,0.0108,本圈台阶完成,1,0.0000,0.150,0.330
5753.615,SEEK_CROSSWALK,3.888,0,2.671,0.0000,0.0000,vision,2.671,2.556,0.035,,,tracking,0.2387,0.0228,1,line_center_tracking,-0.0163,-0.0109,-0.0303,-0.1126,0.9810,8,0,0.0000,0,0.0000,0.0194,0.0823,0.1017,-0.0512,0.0228,IDLE,1,0,step_done_latches_cleared,0,0,0.000,0,nan,nan,nan,0.0000,0,nan,nan,0,5,0.6000,0.5892,0.4692,0.5892,0.0108,本圈台阶完成,1,0.0000,0.150,0.330
5753.741,SEEK_CROSSWALK,4.013,0,2.671,0.0000,0.0000,vision,2.671,2.556,0.035,,,tracking,0.2386,0.0189,1,line_center_tracking,-0.0139,-0.0085,-0.0277,-0.1111,0.9825,8,0,0.0000,0,0.0000,0.0192,0.0834,0.1026,-0.0491,0.0189,IDLE,1,0,step_done_latches_cleared,0,0,0.000,0,nan,nan,nan,0.0000,0,nan,nan,0,5,0.6000,0.5892,0.4692,0.5892,0.0108,本圈台阶完成,1,0.0000,0.150,0.330
5753.871,SEEK_CROSSWALK,4.144,0,2.671,0.0000,0.0000,vision,2.671,2.556,0.035,,,tracking,0.2360,0.0165,1,line_center_tracking,-0.0130,-0.0056,-0.0320,-0.1313,0.9812,8,0,0.0000,0,0.0000,0.0265,0.0993,0.1257,-0.0563,0.0165,IDLE,1,0,step_done_latches_cleared,0,0,0.000,0,nan,nan,nan,0.0000,0,nan,nan,0,5,0.6000,0.5892,0.4692,0.5892,0.0108,本圈台阶完成,1,0.0000,0.150,0.330
5754.008,SEEK_CROSSWALK,4.280,0,2.671,0.0000,0.0000,vision,2.671,2.556,0.035,,,tracking,0.2362,0.0078,1,line_center_tracking,-0.0001,0.0123,-0.0318,-0.1123,0.8951,7,0,0.0000,0,0.0000,0.0441,0.0805,0.1245,-0.0439,0.0078,IDLE,1,0,step_done_latches_cleared,0,0,0.000,0,nan,nan,nan,0.0000,0,nan,nan,0,5,0.6000,0.5892,0.4692,0.5892,0.0108,本圈台阶完成,1,0.0000,0.150,0.330
5754.143,SEEK_CROSSWALK,4.415,0,2.671,0.0000,0.0000,vision,2.671,2.556,0.035,,,tracking,0.2349,0.0044,1,line_center_tracking,-0.0006,0.0095,-0.0267,-0.1263,0.8967,7,0,0.0000,0,0.0000,0.0362,0.0996,0.1358,-0.0478,0.0044,IDLE,1,0,step_done_latches_cleared,0,0,0.000,0,nan,nan,nan,0.0000,0,nan,nan,0,5,0.6000,0.5892,0.4692,0.5892,0.0108,本圈台阶完成,1,0.0000,0.150,0.330
5754.268,SEEK_CROSSWALK,4.541,0,2.671,0.0000,0.0000,vision,2.671,2.556,0.035,,,tracking,0.1873,-0.0059,1,line_curve_center_riding,0.0138,0.0159,-0.0191,-0.1787,0.9716,8,0,0.0000,0,0.0000,0.0350,0.1596,0.1946,-0.0606,-0.0059,IDLE,1,0,step_done_latches_cleared,0,0,0.000,0,nan,nan,nan,0.0000,0,nan,nan,0,5,0.6000,0.5892,0.4692,0.5892,0.0108,本圈台阶完成,1,0.0000,0.150,0.330
5754.401,SEEK_CROSSWALK,4.673,0,2.671,0.0000,0.0000,vision,2.671,2.556,0.035,,,tracking,0.2305,-0.0077,1,line_center_tracking,0.0096,0.0211,-0.0199,-0.1545,0.8927,7,0,0.0000,0,0.0000,0.0410,0.1346,0.1756,-0.0511,-0.0077,IDLE,1,0,step_done_latches_cleared,0,0,0.000,0,nan,nan,nan,0.0000,0,nan,nan,0,5,0.6000,0.5892,0.4692,0.5892,0.0108,本圈台阶完成,1,0.0000,0.150,0.330
5754.527,SEEK_CROSSWALK,4.799,0,2.671,0.0000,0.0000,vision,2.671,2.556,0.035,,,tracking,0.1825,-0.0186,1,line_curve_center_riding,0.0260,0.0284,-0.0114,-0.2230,0.9632,8,0,0.0000,0,0.0000,0.0398,0.2116,0.2514,-0.0687,-0.0186,IDLE,1,0,step_done_latches_cleared,0,0,0.000,0,nan,nan,nan,0.0000,0,nan,nan,0,5,0.6000,0.5892,0.4692,0.5892,0.0108,本圈台阶完成,1,0.0000,0.150,0.330
5754.648,SEEK_CROSSWALK,4.921,0,2.671,0.0000,0.0000,vision,2.671,2.556,0.035,,,tracking,0.1700,-0.0239,1,line_curve_center_riding,0.0273,0.0304,-0.0223,-0.2033,0.8870,7,0,0.0000,0,0.0000,0.0527,0.1810,0.2337,-0.0651,-0.0239,IDLE,1,0,step_done_latches_cleared,0,0,0.000,0,nan,nan,nan,0.0000,0,nan,nan,0,5,0.6000,0.5892,0.4692,0.5892,0.0108,本圈台阶完成,1,0.0000,0.150,0.330
5754.776,SEEK_CROSSWALK,5.048,0,2.671,0.0000,0.0000,vision,2.671,2.556,0.035,,,tracking,0.1700,-0.0273,1,line_curve_center_riding,0.0286,0.0319,-0.0240,-0.2174,0.8850,7,0,0.0000,0,0.0000,0.0560,0.1934,0.2493,-0.0698,-0.0273,IDLE,1,0,step_done_latches_cleared,0,0,0.000,0,nan,nan,nan,0.0000,0,nan,nan,0,5,0.6000,0.5892,0.4692,0.5892,0.0108,本圈台阶完成,1,0.0000,0.150,0.330
5754.912,SEEK_CROSSWALK,5.184,0,2.671,0.0000,0.0000,vision,2.671,2.556,0.035,,,tracking,0.2207,-0.0198,1,line_center_tracking,0.0128,0.0317,-0.0357,-0.1075,0.8062,6,0,0.0000,0,0.0000,0.0674,0.0718,0.1392,-0.0372,-0.0198,IDLE,1,0,step_done_latches_cleared,0,0,0.000,0,nan,nan,nan,0.0000,0,nan,nan,0,5,0.6000,0.5892,0.4692,0.5892,0.0108,本圈台阶完成,1,0.0000,0.150,0.330
5755.058,SEEK_CROSSWALK,5.330,0,2.671,0.0000,0.0000,vision,2.671,2.556,0.035,,,tracking,0.1700,-0.0175,1,line_curve_center_riding,0.0136,0.0178,-0.0514,-0.2517,0.8840,7,0,0.0000,0,0.0000,0.0691,0.2003,0.2694,-0.0951,-0.0175,IDLE,1,0,step_done_latches_cleared,0,0,0.000,0,nan,nan,nan,0.0000,0,nan,nan,0,5,0.6000,0.5892,0.4692,0.5892,0.0108,本圈台阶完成,1,0.0000,0.150,0.330
5755.199,SEEK_CROSSWALK,5.471,0,2.671,0.0000,0.0000,vision,2.671,2.556,0.035,,,tracking,0.1700,-0.0148,1,line_curve_center_riding,0.0113,0.0172,-0.0809,-0.2996,0.8781,7,0,0.0000,0,0.0000,0.0982,0.2187,0.3169,-0.1211,-0.0148,IDLE,1,0,step_done_latches_cleared,0,0,0.000,0,nan,nan,nan,0.0000,0,nan,nan,0,5,0.6000,0.5892,0.4692,0.5892,0.0108,本圈台阶完成,1,0.0000,0.150,0.330
5755.330,SEEK_CROSSWALK,5.602,0,2.671,0.0000,0.0000,vision,2.671,2.556,0.035,,,tracking,0.1700,-0.0091,1,line_curve_center_riding,0.0036,0.0091,-0.0824,-0.3681,0.7873,6,0,0.0000,0,0.0000,0.0916,0.2856,0.3772,-0.1471,-0.0091,IDLE,1,0,step_done_latches_cleared,0,0,0.000,0,nan,nan,nan,0.0000,0,nan,nan,0,5,0.6000,0.5892,0.4692,0.5892,0.0108,本圈台阶完成,1,0.0000,0.150,0.330
5755.462,SEEK_CROSSWALK,5.734,0,2.671,0.0000,0.0000,vision,2.671,2.556,0.035,,,tracking,0.1700,-0.0025,1,line_curve_center_riding,-0.0034,0.0026,-0.0968,-0.3779,0.8724,7,0,0.0000,0,0.0000,0.0994,0.2811,0.3805,-0.1574,-0.0025,IDLE,1,0,step_done_latches_cleared,0,0,0.000,0,nan,nan,nan,0.0000,0,nan,nan,0,5,0.6000,0.5892,0.4692,0.5892,0.0108,本圈台阶完成,1,0.0000,0.150,0.330
5755.592,SEEK_CROSSWALK,5.864,0,2.671,0.0000,0.0000,vision,2.671,2.556,0.035,,,tracking,0.1700,0.0025,1,line_curve_center_riding,-0.0069,0.0001,-0.1150,-0.4101,0.8702,7,0,0.0000,0,0.0043,0.1150,0.2951,0.4101,-0.1750,0.0025,IDLE,1,0,step_done_latches_cleared,0,0,0.000,0,nan,nan,nan,0.0000,0,nan,nan,0,5,0.6000,0.5892,0.4692,0.5892,0.0108,本圈台阶完成,1,0.0000,0.150,0.330
5755.724,SEEK_CROSSWALK,5.996,0,2.671,0.0000,0.0000,vision,2.671,2.556,0.035,,,tracking,0.1450,0.0027,1,line_curve_center_riding,-0.0031,0.0048,-0.1272,-0.4716,0.8628,7,0,0.0000,0,0.0000,0.1320,0.3444,0.4764,-0.1980,0.0027,IDLE,1,0,step_done_latches_cleared,0,0,0.000,0,nan,nan,nan,0.0000,0,nan,nan,0,5,0.6000,0.5892,0.4692,0.5892,0.0108,本圈台阶完成,1,0.0000,0.150,0.330
5755.854,SEEK_CROSSWALK,6.126,0,2.671,0.0000,0.0000,vision,2.671,2.556,0.035,,,tracking,0.1450,-0.0009,1,line_curve_center_riding,0.0036,0.0117,-0.1247,-0.4973,0.8576,7,0,0.0000,0,0.0043,0.1364,0.3726,0.5091,-0.2034,-0.0009,IDLE,1,0,step_done_latches_cleared,0,0,0.000,0,nan,nan,nan,0.0000,0,nan,nan,0,5,0.6000,0.5892,0.4692,0.5892,0.0108,本圈台阶完成,1,0.0000,0.150,0.330
5755.986,SEEK_CROSSWALK,6.258,0,2.671,0.0000,0.0000,vision,2.671,2.556,0.035,,,tracking,0.1450,-0.0031,1,line_curve_center_riding,0.0049,0.0135,-0.1307,-0.4949,0.8568,7,0,0.0000,0,0.0000,0.1442,0.3642,0.5084,-0.2040,-0.0031,IDLE,1,0,step_done_latches_cleared,0,0,0.000,0,nan,nan,nan,0.0000,0,nan,nan,0,5,0.6000,0.5892,0.4692,0.5892,0.0108,本圈台阶完成,1,0.0000,0.150,0.330
5756.112,SEEK_CROSSWALK,6.384,0,2.671,0.0000,0.0000,vision,2.671,2.556,0.035,,,tracking,0.1700,-0.0031,1,line_curve_center_riding,0.0032,0.0140,-0.1667,-0.3360,0.6900,5,0,0.0000,0,0.0000,0.1807,0.1693,0.3499,-0.1629,-0.0031,IDLE,1,0,step_done_latches_cleared,0,0,0.000,0,nan,nan,nan,0.0000,0,nan,nan,0,5,0.6000,0.5892,0.4692,0.5892,0.0108,本圈台阶完成,1,0.0000,0.150,0.330
5756.251,SEEK_CROSSWALK,6.523,0,2.671,0.0000,0.0000,vision,2.671,2.556,0.035,,,tracking,0.1700,-0.0008,1,line_curve_center_riding,-0.0010,0.0107,-0.1849,-0.3883,0.7739,6,0,0.0000,0,0.0000,0.1956,0.2034,0.3990,-0.1875,-0.0008,IDLE,1,0,step_done_latches_cleared,0,0,0.000,0,nan,nan,nan,0.0000,0,nan,nan,0,5,0.6000,0.5892,0.4692,0.5892,0.0108,本圈台阶完成,1,0.0000,0.150,0.330
5756.381,SEEK_CROSSWALK,6.654,0,2.671,0.0000,0.0000,vision,2.671,2.556,0.035,,,tracking,0.1450,0.0046,1,line_curve_center_riding,-0.0086,0.0045,-0.2149,-0.4413,0.7681,6,0,0.0000,0,0.0000,0.2194,0.2264,0.4458,-0.2172,0.0046,IDLE,1,0,step_done_latches_cleared,0,0,0.000,0,nan,nan,nan,0.0000,0,nan,nan,0,5,0.6000,0.5892,0.4692,0.5892,0.0108,本圈台阶完成,1,0.0000,0.150,0.330
5756.508,SEEK_CROSSWALK,6.781,0,2.671,0.0000,0.0000,vision,2.671,2.556,0.035,,,tracking,0.1450,0.0166,1,line_curve_center_riding,-0.0253,-0.0109,-0.2503,-0.4944,0.7634,6,0,0.0000,0,0.0000,0.2394,0.2441,0.4835,-0.2519,0.0166,IDLE,1,0,step_done_latches_cleared,0,0,0.000,0,nan,nan,nan,0.0000,0,nan,nan,0,5,0.6000,0.5892,0.4692,0.5892,0.0108,本圈台阶完成,1,0.0000,0.150,0.330
5756.634,SEEK_CROSSWALK,6.906,0,2.671,0.0000,0.0000,vision,2.671,2.556,0.035,,,tracking,0.1450,0.0336,1,line_curve_center_riding,-0.0454,-0.0304,-0.2797,-0.5305,0.7606,6,0,0.0000,0,0.0000,0.2493,0.2508,0.5000,-0.2802,0.0336,IDLE,1,0,step_done_latches_cleared,0,0,0.000,0,nan,nan,nan,0.0000,0,nan,nan,0,5,0.6000,0.5892,0.4692,0.5892,0.0108,本圈台阶完成,1,0.0000,0.150,0.330
5756.764,SEEK_CROSSWALK,7.037,0,2.671,0.0000,0.0000,vision,2.671,2.556,0.035,,,tracking,0.1700,0.0542,1,line_curve_center_riding,-0.0681,-0.0576,-0.2312,-0.2312,0.6066,4,0,0.0000,0,0.0043,0.1735,0.0000,0.1735,-0.1733,0.0542,IDLE,1,0,step_done_latches_cleared,0,0,0.000,0,nan,nan,nan,0.0000,0,nan,nan,0,5,0.6000,0.5892,0.4692,0.5892,0.0108,本圈台阶完成,1,0.0000,0.150,0.330
5756.893,SEEK_CROSSWALK,7.165,0,2.671,0.0000,0.0000,vision,2.671,2.556,0.035,,,tracking,0.1700,0.0718,1,line_curve_center_riding,-0.0823,-0.0672,-0.3191,-0.3662,0.5931,4,0,0.0000,0,0.0000,0.2519,0.0471,0.2990,-0.2508,0.0718,IDLE,1,0,step_done_latches_cleared,0,0,0.000,0,nan,nan,nan,0.0000,0,nan,nan,0,5,0.6000,0.5892,0.4692,0.5892,0.0108,本圈台阶完成,1,0.0000,0.150,0.330
5757.027,SEEK_CROSSWALK,7.299,0,2.671,0.0000,0.0000,vision,2.671,2.556,0.035,,,tracking,0.1450,0.0895,1,line_curve_center_riding,-0.0987,-0.0777,-0.4278,-0.8016,0.7319,6,0,0.0000,0,0.0000,0.3501,0.3738,0.7239,-0.4357,0.0895,IDLE,1,0,step_done_latches_cleared,0,0,0.000,0,nan,nan,nan,0.0000,0,nan,nan,0,5,0.6000,0.5892,0.4692,0.5892,0.0108,本圈台阶完成,1,0.0000,0.150,0.330
5757.170,SEEK_CROSSWALK,7.442,0,2.671,0.0000,0.0000,vision,2.671,2.556,0.035,,,tracking,0.1450,0.1093,1,line_curve_center_riding,-0.1189,-0.0981,-0.4449,-0.5141,0.6671,5,0,0.0000,0,0.0000,0.3468,0.0693,0.4161,-0.3524,0.1093,IDLE,1,0,step_done_latches_cleared,0,0,0.000,0,nan,nan,nan,0.0000,0,nan,nan,0,5,0.6000,0.5892,0.4692,0.5892,0.0108,本圈台阶完成,1,0.0000,0.150,0.330
5757.303,SEEK_CROSSWALK,7.575,0,2.671,0.0000,0.0000,vision,2.671,2.556,0.035,,,tracking,0.1450,0.1199,1,line_curve_center_riding,-0.1211,-0.0982,-0.4812,-0.5567,0.6588,5,0,0.0000,0,0.0000,0.3830,0.0756,0.4586,-0.3787,0.1199,IDLE,1,0,step_done_latches_cleared,0,0,0.000,0,nan,nan,nan,0.0000,0,nan,nan,0,5,0.6000,0.5892,0.4692,0.5892,0.0108,本圈台阶完成,1,0.0000,0.150,0.330
5757.435,SEEK_CROSSWALK,7.708,0,2.671,0.0000,0.0000,vision,2.671,2.556,0.035,,,tracking,0.1450,0.1272,1,line_curve_center_riding,-0.1248,-0.1010,-0.4966,-0.5661,0.6562,5,0,0.0000,0,0.0000,0.3956,0.0695,0.4651,-0.3879,0.1272,IDLE,1,0,step_done_latches_cleared,0,0,0.000,0,nan,nan,nan,0.0000,0,nan,nan,0,5,0.6000,0.5892,0.4692,0.5892,0.0108,本圈台阶完成,1,0.0000,0.150,0.330
5757.570,SEEK_CROSSWALK,7.843,0,2.671,0.0000,0.0000,vision,2.671,2.556,0.035,,,tracking,0.1450,0.1385,1,line_curve_center_riding,-0.1380,-0.1138,-0.5164,-0.5609,0.6579,5,0,0.0000,0,0.0043,0.4026,0.0445,0.4470,-0.3970,0.1385,IDLE,1,0,step_done_latches_cleared,0,0,0.000,0,nan,nan,nan,0.0000,0,nan,nan,0,5,0.6000,0.5892,0.4692,0.5892,0.0108,本圈台阶完成,1,0.0000,0.150,0.330
5757.703,SEEK_CROSSWALK,7.975,0,2.671,0.0000,0.0000,vision,2.671,2.556,0.035,,,tracking,0.1450,0.1434,1,line_curve_center_riding,-0.1377,-0.1082,-0.5998,-0.6986,0.6392,5,0,0.0000,0,0.0000,0.4916,0.0988,0.5904,-0.4689,0.1434,IDLE,1,0,step_done_latches_cleared,0,0,0.000,0,nan,nan,nan,0.0000,0,nan,nan,0,5,0.6000,0.5892,0.4692,0.5892,0.0108,本圈台阶完成,1,0.0000,0.150,0.330
5757.861,SEEK_CROSSWALK,8.134,0,2.671,0.0000,0.0000,vision,2.671,2.556,0.035,,,tracking,0.1450,0.1529,1,line_curve_center_riding,-0.1499,-0.1184,-0.6446,-0.7631,0.6332,5,0,0.0000,0,0.0000,0.5263,0.1184,0.6447,-0.5087,0.1529,IDLE,1,0,step_done_latches_cleared,0,0,0.000,0,nan,nan,nan,0.0000,0,nan,nan,0,5,0.6000,0.5892,0.4692,0.5892,0.0108,本圈台阶完成,1,0.0000,0.150,0.330
5757.991,SEEK_CROSSWALK,8.263,0,2.671,0.0000,0.0000,vision,2.671,2.556,0.035,,,tracking,0.1450,0.1683,1,line_curve_center_riding,-0.1686,-0.1378,-0.6513,-0.7529,0.6327,5,0,0.0000,0,0.0043,0.5135,0.1015,0.6150,-0.5140,0.1683,IDLE,1,0,step_done_latches_cleared,0,0,0.000,0,nan,nan,nan,0.0000,0,nan,nan,0,5,0.6000,0.5892,0.4692,0.5892,0.0108,本圈台阶完成,1,0.0000,0.150,0.330
5758.124,SEEK_CROSSWALK,8.396,0,2.671,0.0000,0.0000,vision,2.671,2.556,0.035,,,tracking,0.1450,0.1827,1,line_curve_center_riding,-0.1820,-0.1644,-0.4578,-0.4578,0.5741,4,0,0.0000,0,0.0043,0.2934,0.0000,0.2934,-0.3600,0.1827,IDLE,1,0,step_done_latches_cleared,0,0,0.000,0,nan,nan,nan,0.0000,0,nan,nan,0,5,0.6000,0.5892,0.4692,0.5892,0.0108,本圈台阶完成,1,0.0000,0.150,0.330
5758.260,SEEK_CROSSWALK,8.532,0,2.671,0.0000,0.0000,vision,2.671,2.556,0.035,,,tracking,0.1700,0.1956,1,line_curve_center_riding,-0.1929,-0.1844,-0.3253,-0.3253,0.4947,3,0,0.0000,0,0.0000,0.1409,0.0000,0.1409,-0.2783,0.1956,IDLE,1,0,step_done_latches_cleared,0,0,0.000,0,nan,nan,nan,0.0000,0,nan,nan,0,5,0.6000,0.5892,0.4692,0.5892,0.0108,本圈台阶完成,1,0.0000,0.150,0.330
5758.403,SEEK_CROSSWALK,8.675,0,2.671,0.0000,0.0000,vision,2.671,2.556,0.035,,,tracking,0.1450,0.2199,1,line_curve_center_riding,-0.2244,-0.2043,-0.5395,-0.5395,0.5629,4,0,0.0000,0,0.0043,0.3352,0.0000,0.3352,-0.4277,0.2199,IDLE,1,0,step_done_latches_cleared,0,0,0.000,0,nan,nan,nan,0.0000,0,nan,nan,0,5,0.6000,0.5892,0.4692,0.5892,0.0108,本圈台阶完成,1,0.0000,0.150,0.330
5758.528,SEEK_CROSSWALK,8.800,0,2.671,0.0000,0.0000,vision,2.671,2.556,0.035,,,tracking,0.1450,0.2293,1,line_curve_center_riding,-0.2216,-0.1994,-0.5696,-0.5696,0.5572,4,0,0.0000,0,0.0043,0.3702,0.0000,0.3702,-0.4462,0.2293,IDLE,1,0,step_done_latches_cleared,0,0,0.000,0,nan,nan,nan,0.0000,0,nan,nan,0,5,0.6000,0.5892,0.4692,0.5892,0.0108,本圈台阶完成,1,0.0000,0.150,0.330
5758.653,SEEK_CROSSWALK,8.925,0,2.671,0.0000,0.0000,vision,2.671,2.556,0.035,,,tracking,0.1863,0.2476,1,line_center_tracking,-0.2445,-0.2366,-0.2650,-0.2650,0.3950,2,0,0.0000,0,0.0043,0.0284,0.0000,0.0284,-0.2555,0.2476,IDLE,1,0,step_done_latches_cleared,0,0,0.000,0,nan,nan,nan,0.0000,0,nan,nan,0,5,0.6000,0.5892,0.4692,0.5892,0.0108,本圈台阶完成,1,0.0000,0.150,0.330
5758.787,SEEK_CROSSWALK,9.059,0,2.671,0.0000,0.0000,vision,2.671,2.556,0.035,,,tracking,0.1700,0.2718,1,line_curve_center_riding,-0.2727,-0.2614,-0.4505,-0.4505,0.4761,3,0,0.0000,0,0.0258,0.1891,0.0000,0.1891,-0.3875,0.2718,IDLE,1,0,step_done_latches_cleared,0,0,0.000,0,nan,nan,nan,0.0000,0,nan,nan,0,5,0.6000,0.5892,0.4692,0.5892,0.0108,本圈台阶完成,1,0.0000,0.150,0.330
5758.910,SEEK_CROSSWALK,9.182,0,2.671,0.0000,0.0000,vision,2.671,2.556,0.035,,,line_bridge_loss,0.1232,0.1087,0,line_too_few_bands,0.0000,0.0000,0.0000,0.0000,0.0000,1,0,0.0000,0,0.0043,0.0000,0.0000,0.0000,0.0000,0.1087,IDLE,1,0,step_done_latches_cleared,0,0,0.000,0,nan,nan,nan,0.0000,0,nan,nan,0,5,0.6000,0.5892,0.4692,0.5892,0.0108,本圈台阶完成,1,0.0000,0.150,0.330
5759.055,SEEK_CROSSWALK,9.327,0,2.671,0.0000,0.0000,vision,2.671,2.556,0.035,,,tracking,0.1700,0.2927,1,line_curve_center_riding,-0.2923,-0.2800,-0.4842,-0.4842,0.4600,3,0,0.0000,0,0.0258,0.2042,0.0000,0.2042,-0.4162,0.2927,IDLE,1,0,step_done_latches_cleared,0,0,0.000,0,nan,nan,nan,0.0000,0,nan,nan,0,5,0.6000,0.5892,0.4692,0.5892,0.0108,本圈台阶完成,1,0.0000,0.150,0.330
5759.181,SEEK_CROSSWALK,9.453,0,2.671,0.0000,0.0000,vision,2.671,2.556,0.035,,,tracking,0.1661,0.3264,1,line_center_tracking,-0.3295,-0.3194,-0.3555,-0.3555,0.3733,2,0,0.0000,0,0.0086,0.0362,0.0000,0.0362,-0.3435,0.3264,IDLE,1,0,step_done_latches_cleared,0,0,0.000,0,nan,nan,nan,0.0000,0,nan,nan,0,5,0.6000,0.5892,0.4692,0.5892,0.0108,本圈台阶完成,1,0.0000,0.150,0.330
5759.302,SEEK_CROSSWALK,9.574,0,2.671,0.0000,0.0000,vision,2.671,2.556,0.035,,,tracking,0.1521,0.3808,1,line_curve_center_riding,-0.3976,-0.3838,-0.6135,-0.6135,0.4526,3,0,0.0000,0,0.0043,0.2297,0.0000,0.2297,-0.5370,0.3808,IDLE,1,0,step_done_latches_cleared,0,0,0.000,0,nan,nan,nan,0.0000,0,nan,nan,0,5,0.6000,0.5892,0.4692,0.5892,0.0108,本圈台阶完成,1,0.0000,0.150,0.330
5759.428,SEEK_CROSSWALK,9.700,0,2.671,0.0000,0.0000,vision,2.671,2.556,0.035,,,tracking,0.1357,0.4445,1,line_curve_center_riding,-0.4667,-0.4465,-0.7834,-0.7834,0.4081,3,0,0.0000,0,0.0172,0.3368,0.0000,0.3368,-0.6711,0.4445,IDLE,1,0,step_done_latches_cleared,0,0,0.000,0,nan,nan,nan,0.0000,0,nan,nan,0,5,0.6000,0.5892,0.4692,0.5892,0.0108,本圈台阶完成,1,0.0000,0.150,0.330
5759.558,SEEK_CROSSWALK,9.831,0,2.671,0.0000,0.0000,vision,2.671,2.556,0.035,,,tracking,0.1287,0.4717,1,line_curve_center_riding,-0.4646,-0.4495,-0.7013,-0.7013,0.4379,3,0,0.0000,0,0.0945,0.2518,0.0000,0.2518,-0.6174,0.4717,IDLE,1,0,step_done_latches_cleared,0,0,0.000,0,nan,nan,nan,0.0000,0,nan,nan,0,5,0.6000,0.5892,0.4692,0.5892,0.0108,本圈台阶完成,1,0.0000,0.150,0.330
5759.681,SEEK_CROSSWALK,9.953,0,2.671,0.0000,0.0000,vision,2.671,2.556,0.035,,,tracking,0.1295,0.4685,1,line_curve_center_riding,-0.4343,-0.4178,-0.6930,-0.6930,0.4284,3,0,0.0000,0,0.1074,0.2751,0.0000,0.2751,-0.6013,0.4685,IDLE,1,0,step_done_latches_cleared,0,0,0.000,0,nan,nan,nan,0.0000,0,nan,nan,0,5,0.6000,0.5892,0.4692,0.5892,0.0108,本圈台阶完成,1,0.0000,0.150,0.330
5759.808,SEEK_CROSSWALK,10.080,0,2.671,0.0000,0.0000,vision,2.671,2.556,0.035,,,tracking,0.1305,0.4646,1,line_curve_center_riding,-0.4272,-0.4120,-0.6643,-0.6643,0.4431,3,0,0.0000,0,0.0902,0.2523,0.0000,0.2523,-0.5802,0.4646,IDLE,1,0,step_done_latches_cleared,0,0,0.000,0,nan,nan,nan,0.0000,0,nan,nan,0,5,0.6000,0.5892,0.4692,0.5892,0.0108,本圈台阶完成,1,0.0000,0.150,0.330
5759.940,SEEK_CROSSWALK,10.212,0,2.671,0.0000,0.0000,vision,2.671,2.556,0.035,,,tracking,0.1340,0.4512,1,line_curve_center_riding,-0.4069,-0.3913,-0.6507,-0.6507,0.4334,3,0,0.0000,0,0.0559,0.2594,0.0000,0.2594,-0.5642,0.4512,IDLE,1,0,step_done_latches_cleared,0,0,0.000,0,nan,nan,nan,0.0000,0,nan,nan,0,5,0.6000,0.5892,0.4692,0.5892,0.0108,本圈台阶完成,1,0.0000,0.150,0.330
5760.066,SEEK_CROSSWALK,10.338,0,2.671,0.0000,0.0000,vision,2.671,2.556,0.035,,,tracking,0.1459,0.4049,1,line_curve_center_riding,-0.3377,-0.3244,-0.5453,-0.5453,0.4503,3,0,0.0000,0,0.0902,0.2209,0.0000,0.2209,-0.4717,0.4049,IDLE,1,0,step_done_latches_cleared,0,0,0.000,0,nan,nan,nan,0.0000,0,nan,nan,0,5,0.6000,0.5892,0.4692,0.5892,0.0108,本圈台阶完成,1,0.0000,0.150,0.330
5760.203,SEEK_CROSSWALK,10.475,0,2.671,0.0000,0.0000,vision,2.671,2.556,0.035,,,tracking,0.1551,0.3690,1,line_curve_center_riding,-0.3087,-0.2942,-0.5368,-0.5368,0.4357,3,0,0.0000,0,0.0516,0.2426,0.0000,0.2426,-0.4559,0.3690,IDLE,1,0,step_done_latches_cleared,0,0,0.000,0,nan,nan,nan,0.0000,0,nan,nan,0,5,0.6000,0.5892,0.4692,0.5892,0.0108,本圈台阶完成,1,0.0000,0.150,0.330
5760.324,SEEK_CROSSWALK,10.596,0,2.671,0.0000,0.0000,vision,2.671,2.556,0.035,,,tracking,0.1630,0.3385,1,line_curve_center_riding,-0.2865,-0.2744,-0.4764,-0.4764,0.4592,3,0,0.0000,0,0.0774,0.2020,0.0000,0.2020,-0.4091,0.3385,IDLE,1,0,step_done_latches_cleared,0,0,0.000,0,nan,nan,nan,0.0000,0,nan,nan,0,5,0.6000,0.5892,0.4692,0.5892,0.0108,本圈台阶完成,1,0.0000,0.150,0.330
5760.450,SEEK_CROSSWALK,10.722,0,2.671,0.0000,0.0000,vision,2.671,2.556,0.035,,,tracking,0.1450,0.3085,1,line_curve_center_riding,-0.2591,-0.2228,-0.8273,-0.8273,0.5057,4,0,0.0000,0,0.0774,0.6045,0.0000,0.6045,-0.6258,0.3085,IDLE,1,0,step_done_latches_cleared,0,0,0.000,0,nan,nan,nan,0.0000,0,nan,nan,0,5,0.6000,0.5892,0.4692,0.5892,0.0108,本圈台阶完成,1,0.0000,0.150,0.330
5760.579,SEEK_CROSSWALK,10.851,0,2.671,0.0000,0.0000,vision,2.671,2.556,0.035,,,tracking,0.1450,0.2768,1,line_curve_center_riding,-0.2283,-0.1930,-0.7816,-0.7816,0.5106,4,0,0.0000,0,0.1031,0.5886,0.0000,0.5886,-0.5854,0.2768,IDLE,1,0,step_done_latches_cleared,0,0,0.000,0,nan,nan,nan,0.0000,0,nan,nan,0,5,0.6000,0.5892,0.4692,0.5892,0.0108,本圈台阶完成,1,0.0000,0.150,0.330
5760.706,SEEK_CROSSWALK,10.978,0,2.671,0.0000,0.0000,vision,2.671,2.556,0.035,,,tracking,0.1450,0.2649,1,line_curve_center_riding,-0.2329,-0.1991,-0.7618,-0.7618,0.5107,4,0,0.0000,0,0.0817,0.5627,0.0000,0.5627,-0.5743,0.2649,IDLE,1,0,step_done_latches_cleared,0,0,0.000,0,nan,nan,nan,0.0000,0,nan,nan,0,5,0.6000,0.5892,0.4692,0.5892,0.0108,本圈台阶完成,1,0.0000,0.150,0.330
5760.859,SEEK_CROSSWALK,11.131,0,2.671,0.0000,0.0000,vision,2.671,2.556,0.035,,,tracking,0.1450,0.2576,1,line_curve_center_riding,-0.2310,-0.1968,-0.7672,-0.7672,0.5051,4,0,0.0000,0,0.0387,0.5705,0.0000,0.5705,-0.5771,0.2576,IDLE,1,0,step_done_latches_cleared,0,0,0.000,0,nan,nan,nan,0.0000,0,nan,nan,0,5,0.6000,0.5892,0.4692,0.5892,0.0108,本圈台阶完成,1,0.0000,0.150,0.330
5760.989,SEEK_CROSSWALK,11.261,0,2.671,0.0000,0.0000,vision,2.671,2.556,0.035,,,tracking,0.1700,0.2457,1,line_curve_center_riding,-0.2175,-0.2014,-0.4687,-0.4687,0.4331,3,0,0.0000,0,0.1117,0.2673,0.0000,0.2673,-0.3796,0.2457,IDLE,1,0,step_done_latches_cleared,0,0,0.000,0,nan,nan,nan,0.0000,0,nan,nan,0,5,0.6000,0.5892,0.4692,0.5892,0.0108,本圈台阶完成,1,0.0000,0.150,0.330
5761.119,SEEK_CROSSWALK,11.391,0,2.671,0.0000,0.0000,vision,2.671,2.556,0.035,,,tracking,0.1450,0.2297,1,line_curve_center_riding,-0.1990,-0.1655,-0.7245,-0.7245,0.5071,4,0,0.0000,0,0.0602,0.5590,0.0000,0.5590,-0.5382,0.2297,IDLE,1,0,step_done_latches_cleared,0,0,0.000,0,nan,nan,nan,0.0000,0,nan,nan,0,5,0.6000,0.5892,0.4692,0.5892,0.0108,本圈台阶完成,1,0.0000,0.150,0.330
5761.244,SEEK_CROSSWALK,11.516,0,2.671,0.0000,0.0000,vision,2.671,2.556,0.035,,,tracking,0.1303,0.2067,1,line_curve_center_riding,-0.1719,-0.1300,-0.8297,-0.8297,0.4825,4,0,0.0000,0,0.0387,0.6998,0.0000,0.6998,-0.5965,0.2067,IDLE,1,0,step_done_latches_cleared,0,0,0.000,0,nan,nan,nan,0.0000,0,nan,nan,0,5,0.6000,0.5892,0.4692,0.5892,0.0108,本圈台阶完成,1,0.0000,0.150,0.330
5761.383,SEEK_CROSSWALK,11.655,0,2.671,0.0000,0.0000,vision,2.671,2.556,0.035,,,tracking,0.1450,0.1826,1,line_curve_center_riding,-0.1475,-0.1150,-0.6578,-0.6578,0.5121,4,0,0.0000,0,0.0086,0.5429,0.0000,0.5429,-0.4769,0.1826,IDLE,1,0,step_done_latches_cleared,0,0,0.000,0,nan,nan,nan,0.0000,0,nan,nan,0,5,0.6000,0.5892,0.4692,0.5892,0.0108,本圈台阶完成,1,0.0000,0.150,0.330
5761.508,SEEK_CROSSWALK,11.780,0,2.671,0.0000,0.0000,vision,2.671,2.556,0.035,,,tracking,0.1450,0.1378,1,line_curve_center_riding,-0.0906,-0.0551,-0.6469,-0.6469,0.5090,4,0,0.0000,0,0.0215,0.5917,0.0000,0.5917,-0.4496,0.1378,IDLE,1,0,step_done_latches_cleared,0,0,0.000,0,nan,nan,nan,0.0000,0,nan,nan,0,5,0.6000,0.5892,0.4692,0.5892,0.0108,本圈台阶完成,1,0.0000,0.150,0.330
5761.638,SEEK_CROSSWALK,11.911,0,2.671,0.0000,0.0000,vision,2.671,2.556,0.035,,,tracking,0.1450,0.1242,1,line_curve_center_riding,-0.0998,-0.0676,-0.6054,-0.6054,0.5159,4,0,0.0000,0,0.0043,0.5379,0.0000,0.5379,-0.4261,0.1242,IDLE,1,0,step_done_latches_cleared,0,0,0.000,0,nan,nan,nan,0.0000,0,nan,nan,0,5,0.6000,0.5892,0.4692,0.5892,0.0108,本圈台阶完成,1,0.0000,0.150,0.330
5761.775,SEEK_CROSSWALK,12.047,0,2.671,0.0000,0.0000,vision,2.671,2.556,0.035,,,tracking,0.1700,0.1262,1,line_curve_center_riding,-0.1167,-0.1025,-0.3397,-0.3397,0.4476,3,0,0.0000,0,0.0043,0.2372,0.0000,0.2372,-0.2606,0.1262,IDLE,1,0,step_done_latches_cleared,0,0,0.000,0,nan,nan,nan,0.0000,0,nan,nan,0,5,0.6000,0.5892,0.4692,0.5892,0.0108,本圈台阶完成,1,0.0000,0.150,0.330
5761.903,SEEK_CROSSWALK,12.175,0,2.671,0.0000,0.0000,vision,2.671,2.556,0.035,,,tracking,0.1450,0.1157,1,line_curve_center_riding,-0.0990,-0.0640,-0.6475,-0.6475,0.5113,4,0,0.0000,0,0.0086,0.5835,0.0000,0.5835,-0.4530,0.1157,IDLE,1,0,step_done_latches_cleared,0,0,0.000,0,nan,nan,nan,0.0000,0,nan,nan,0,5,0.6000,0.5892,0.4692,0.5892,0.0108,本圈台阶完成,1,0.0000,0.150,0.330
5762.032,SEEK_CROSSWALK,12.304,0,2.671,0.0000,0.0000,vision,2.671,2.556,0.035,,,tracking,0.1284,0.1308,1,line_curve_center_riding,-0.1320,-0.0893,-0.8006,-0.8006,0.4819,4,0,0.0000,0,0.0043,0.7113,0.0000,0.7113,-0.5635,0.1308,IDLE,1,0,step_done_latches_cleared,0,0,0.000,0,nan,nan,nan,0.0000,0,nan,nan,0,5,0.6000,0.5892,0.4692,0.5892,0.0108,本圈台阶完成,1,0.0000,0.150,0.330
5762.178,SEEK_CROSSWALK,12.450,0,2.671,0.0000,0.0000,vision,2.671,2.556,0.035,,,tracking,0.1450,0.1556,1,line_curve_center_riding,-0.1654,-0.1317,-0.6929,-0.6929,0.5059,4,0,0.0000,0,0.0000,0.5612,0.0000,0.5612,-0.5058,0.1556,IDLE,1,0,step_done_latches_cleared,0,0,0.000,0,nan,nan,nan,0.0000,0,nan,nan,0,5,0.6000,0.5892,0.4692,0.5892,0.0108,本圈台阶完成,1,0.0000,0.150,0.330
5762.307,SEEK_CROSSWALK,12.579,0,2.671,0.0000,0.0000,vision,2.671,2.556,0.035,,,tracking,0.1700,0.1686,1,line_curve_center_riding,-0.1685,-0.1554,-0.3734,-0.3734,0.4566,3,0,0.0000,0,0.0000,0.2180,0.0000,0.2180,-0.3007,0.1686,IDLE,1,0,step_done_latches_cleared,0,0,0.000,0,nan,nan,nan,0.0000,0,nan,nan,0,5,0.6000,0.5892,0.4692,0.5892,0.0108,本圈台阶完成,1,0.0000,0.150,0.330
5762.433,SEEK_CROSSWALK,12.705,0,2.671,0.0000,0.0000,vision,2.671,2.556,0.035,,,tracking,0.1700,0.2257,1,line_curve_center_riding,-0.2547,-0.2385,-0.5087,-0.5087,0.4303,3,0,0.0000,0,0.0000,0.2702,0.0000,0.2702,-0.4186,0.2257,IDLE,1,0,step_done_latches_cleared,0,0,0.000,0,nan,nan,nan,0.0000,0,nan,nan,0,5,0.6000,0.5892,0.4692,0.5892,0.0108,本圈台阶完成,1,0.0000,0.150,0.330
5762.558,SEEK_CROSSWALK,12.830,0,2.671,0.0000,0.0000,vision,2.671,2.556,0.035,,,tracking,0.1700,0.2703,1,line_curve_center_riding,-0.2902,-0.2742,-0.5409,-0.5409,0.4344,3,0,0.0000,0,0.0000,0.2667,0.0000,0.2667,-0.4520,0.2703,IDLE,1,0,step_done_latches_cleared,0,0,0.000,0,nan,nan,nan,0.0000,0,nan,nan,0,5,0.6000,0.5892,0.4692,0.5892,0.0108,本圈台阶完成,1,0.0000,0.150,0.330
5762.682,SEEK_CROSSWALK,12.954,0,2.671,0.0000,0.0000,vision,2.671,2.556,0.035,,,tracking,0.1669,0.3233,1,line_center_tracking,-0.3451,-0.3325,-0.3775,-0.3775,0.3485,2,0,0.0000,0,0.0000,0.0450,0.0000,0.0450,-0.3625,0.3233,IDLE,1,0,step_done_latches_cleared,0,0,0.000,0,nan,nan,nan,0.0000,0,nan,nan,0,5,0.6000,0.5892,0.4692,0.5892,0.0108,本圈台阶完成,1,0.0000,0.150,0.330
5762.810,SEEK_CROSSWALK,13.082,0,2.671,0.0000,0.0000,vision,2.671,2.556,0.035,,,tracking,0.1507,0.3861,1,line_center_tracking,-0.4119,-0.3976,-0.4487,-0.4487,0.3314,2,0,0.0000,0,0.0043,0.0511,0.0000,0.0511,-0.4317,0.3861,IDLE,1,0,step_done_latches_cleared,0,0,0.000,0,nan,nan,nan,0.0000,0,nan,nan,0,5,0.6000,0.5892,0.4692,0.5892,0.0108,本圈台阶完成,1,0.0000,0.150,0.330
5762.937,SEEK_CROSSWALK,13.209,0,2.671,0.0000,0.0000,vision,2.671,2.556,0.035,,,tracking,0.1459,0.4047,1,line_center_tracking,-0.3956,-0.3859,-0.4205,-0.4205,0.3779,2,0,0.0000,0,0.0000,0.0345,0.0000,0.0345,-0.4090,0.4047,IDLE,1,0,step_done_latches_cleared,0,0,0.000,0,nan,nan,nan,0.0000,0,nan,nan,0,5,0.6000,0.5892,0.4692,0.5892,0.0108,本圈台阶完成,1,0.0000,0.150,0.330
5763.062,SEEK_CROSSWALK,13.334,0,2.671,0.0000,0.0000,vision,2.671,2.556,0.035,,,tracking,0.1315,0.4607,1,line_center_tracking,-0.4724,-0.4562,-0.5142,-0.5142,0.3120,2,0,0.0000,0,0.0000,0.0580,0.0000,0.0580,-0.4949,0.4607,IDLE,1,0,step_done_latches_cleared,0,0,0.000,0,nan,nan,nan,0.0000,0,nan,nan,0,5,0.6000,0.5892,0.4692,0.5892,0.0108,本圈台阶完成,1,0.0000,0.150,0.330
5763.191,SEEK_CROSSWALK,13.463,0,2.671,0.0000,0.0000,vision,2.671,2.556,0.035,,,tracking,0.1258,0.4829,1,line_center_tracking,-0.4700,-0.4552,-0.5080,-0.5080,0.3264,2,0,0.0000,0,0.0000,0.0528,0.0000,0.0528,-0.4904,0.4829,IDLE,1,0,step_done_latches_cleared,0,0,0.000,0,nan,nan,nan,0.0000,0,nan,nan,0,5,0.6000,0.5892,0.4692,0.5892,0.0108,本圈台阶完成,1,0.0000,0.150,0.330
5763.317,SEEK_CROSSWALK,13.589,0,2.671,0.0000,0.0000,vision,2.671,2.556,0.035,,,line_bridge_loss,0.0778,0.1932,0,line_too_few_bands,0.0000,0.0000,0.0000,0.0000,0.0000,1,0,0.0000,0,0.0000,0.0000,0.0000,0.0000,0.0000,0.1932,IDLE,1,0,step_done_latches_cleared,0,0,0.000,0,nan,nan,nan,0.0000,0,nan,nan,0,5,0.6000,0.5892,0.4692,0.5892,0.0108,本圈台阶完成,1,0.0000,0.150,0.330
5763.447,SEEK_CROSSWALK,13.719,0,2.671,0.0000,0.0000,vision,2.671,2.556,0.035,,,tracking,0.1050,0.5165,1,line_hard_turn_centering,-0.5314,-0.5279,-0.5627,-0.5627,0.3771,2,0,0.0000,0,0.0000,0.0348,0.0000,0.0348,-0.5511,0.5165,IDLE,1,0,step_done_latches_cleared,0,0,0.000,0,nan,nan,nan,0.0000,0,nan,nan,0,5,0.6000,0.5892,0.4692,0.5892,0.0108,本圈台阶完成,1,0.0000,0.150,0.330
5763.589,SEEK_CROSSWALK,13.861,0,2.671,0.0000,0.0000,vision,2.671,2.556,0.035,,,tracking,0.1050,0.5600,1,line_hard_turn_centering,-0.6863,-0.6819,-0.7259,-0.7259,0.3514,2,0,0.0000,0,0.0000,0.0440,0.0000,0.0440,-0.7112,0.5600,IDLE,1,0,step_done_latches_cleared,0,0,0.000,0,nan,nan,nan,0.0000,0,nan,nan,0,5,0.6000,0.5892,0.4692,0.5892,0.0108,本圈台阶完成,1,0.0000,0.150,0.330
5763.721,SEEK_CROSSWALK,13.993,0,2.671,0.0000,0.0000,vision,2.671,2.556,0.035,,,tracking,0.0850,0.4200,1,line_edge_single_rescue,-0.6305,-0.6305,-0.6305,-0.6305,0.3100,1,0,0.0000,0,0.0000,0.0000,0.0000,0.0000,-0.6305,0.4200,IDLE,1,0,step_done_latches_cleared,0,0,0.000,0,nan,nan,nan,0.0000,0,nan,nan,0,5,0.6000,0.5892,0.4692,0.5892,0.0108,本圈台阶完成,1,0.0000,0.150,0.330
5763.843,SEEK_CROSSWALK,14.115,0,2.671,0.0000,0.0000,vision,2.671,2.556,0.035,,,tracking,0.0850,0.4200,1,line_edge_single_rescue,-0.6408,-0.6408,-0.6408,-0.6408,0.3100,1,0,0.0000,0,0.0000,0.0000,0.0000,0.0000,-0.6408,0.4200,IDLE,1,0,step_done_latches_cleared,0,0,0.000,0,nan,nan,nan,0.0000,0,nan,nan,0,5,0.6000,0.5892,0.4692,0.5892,0.0108,本圈台阶完成,1,0.0000,0.150,0.330
5763.968,SEEK_CROSSWALK,14.240,0,2.671,0.0000,0.0000,vision,2.671,2.556,0.035,,,tracking,0.0850,0.4200,1,line_edge_single_rescue,-0.6407,-0.6407,-0.6407,-0.6407,0.3100,1,0,0.0000,0,0.0000,0.0000,0.0000,0.0000,-0.6407,0.4200,IDLE,1,0,step_done_latches_cleared,0,0,0.000,0,nan,nan,nan,0.0000,0,nan,nan,0,5,0.6000,0.5892,0.4692,0.5892,0.0108,本圈台阶完成,1,0.0000,0.150,0.330
5764.095,SEEK_CROSSWALK,14.367,0,2.671,0.0000,0.0000,vision,2.671,2.556,0.035,,,tracking,0.0850,0.4200,1,line_edge_single_rescue,-0.7113,-0.7113,-0.7113,-0.7113,0.3100,1,0,0.0000,0,0.0000,0.0000,0.0000,0.0000,-0.7113,0.4200,IDLE,1,0,step_done_latches_cleared,0,0,0.000,0,nan,nan,nan,0.0000,0,nan,nan,0,5,0.6000,0.5892,0.4692,0.5892,0.0108,本圈台阶完成,1,0.0000,0.150,0.330
5764.225,SEEK_CROSSWALK,14.497,0,2.671,0.0000,0.0000,vision,2.671,2.556,0.035,,,tracking,0.0850,0.4200,1,line_edge_single_rescue,-0.5928,-0.5928,-0.5928,-0.5928,0.3100,1,0,0.0000,0,0.0000,0.0000,0.0000,0.0000,-0.5928,0.4200,IDLE,1,0,step_done_latches_cleared,0,0,0.000,0,nan,nan,nan,0.0000,0,nan,nan,0,5,0.6000,0.5892,0.4692,0.5892,0.0108,本圈台阶完成,1,0.0000,0.150,0.330
5764.349,SEEK_CROSSWALK,14.621,0,2.671,0.0000,0.0000,vision,2.671,2.556,0.035,,,line_bridge_loss,0.0379,0.1680,0,line_too_few_bands,0.0000,0.0000,0.0000,0.0000,0.0000,1,0,0.0000,0,0.0000,0.0000,0.0000,0.0000,0.0000,0.1680,IDLE,1,0,step_done_latches_cleared,0,0,0.000,0,nan,nan,nan,0.0000,0,nan,nan,0,5,0.6000,0.5892,0.4692,0.5892,0.0108,本圈台阶完成,1,0.0000,0.150,0.330
5764.475,SEEK_CROSSWALK,14.748,0,2.671,0.0000,0.0000,vision,2.671,2.556,0.035,,,line_bridge_loss,0.0350,0.1680,0,line_too_few_bands,0.0000,0.0000,0.0000,0.0000,0.0000,1,0,0.0000,0,0.0000,0.0000,0.0000,0.0000,0.0000,0.1680,IDLE,1,0,step_done_latches_cleared,0,0,0.000,0,nan,nan,nan,0.0000,0,nan,nan,0,5,0.6000,0.5892,0.4692,0.5892,0.0108,本圈台阶完成,1,0.0000,0.150,0.330
5764.598,SEEK_CROSSWALK,14.870,0,2.671,0.0000,0.0000,vision,2.671,2.556,0.035,,,tracking,0.0815,0.4741,1,line_curve_center_riding,-0.6512,-0.6354,-0.8981,-0.7954,0.6704,5,0,0.0000,0,0.0000,0.2627,0.1027,0.1600,-0.7763,0.4741,IDLE,1,0,step_done_latches_cleared,0,0,0.000,0,nan,nan,nan,0.0000,0,nan,nan,0,5,0.6000,0.5892,0.4692,0.5892,0.0108,本圈台阶完成,1,0.0000,0.150,0.330
5764.722,SEEK_CROSSWALK,14.994,0,2.671,0.0000,0.0000,vision,2.671,2.556,0.035,,,tracking,0.1050,0.5600,1,line_hard_turn_centering,-0.5972,-0.5933,-0.6328,-0.6328,0.3640,2,0,0.0000,0,0.0000,0.0395,0.0000,0.0395,-0.6196,0.5600,IDLE,1,0,step_done_latches_cleared,0,0,0.000,0,nan,nan,nan,0.0000,0,nan,nan,0,5,0.6000,0.5892,0.4692,0.5892,0.0108,本圈台阶完成,1,0.0000,0.150,0.330
5764.854,SEEK_CROSSWALK,15.126,0,2.671,0.0000,0.0000,vision,2.671,2.556,0.035,,,tracking,0.1000,0.6264,1,line_curve_center_riding,-0.5457,-0.5304,-0.7863,-0.7863,0.4448,3,0,0.0000,0,0.0000,0.2559,0.0000,0.2559,-0.7010,0.6264,IDLE,1,0,step_done_latches_cleared,0,0,0.000,0,nan,nan,nan,0.0000,0,nan,nan,0,5,0.6000,0.5892,0.4692,0.5892,0.0108,本圈台阶完成,1,0.0000,0.150,0.330
5764.980,SEEK_CROSSWALK,15.252,0,2.671,0.0000,0.0000,vision,2.671,2.556,0.035,,,tracking,0.1110,0.5407,1,line_curve_center_riding,-0.4304,-0.4095,-0.7572,-0.6696,0.9317,8,0,0.0000,0,0.0000,0.3477,0.0876,0.2601,-0.6121,0.5407,IDLE,1,0,step_done_latches_cleared,0,0,0.000,0,nan,nan,nan,0.0000,0,nan,nan,0,5,0.6000,0.5892,0.4692,0.5892,0.0108,本圈台阶完成,1,0.0000,0.150,0.330
5765.107,SEEK_CROSSWALK,15.379,0,2.671,0.0000,0.0000,vision,2.671,2.556,0.035,,,tracking,0.1450,0.3956,1,line_curve_center_riding,-0.2450,-0.2239,-0.5755,-0.5358,0.9343,8,0,0.0000,0,0.0043,0.3516,0.0398,0.3119,-0.4451,0.3956,IDLE,1,0,step_done_latches_cleared,0,0,0.000,0,nan,nan,nan,0.0000,0,nan,nan,0,5,0.6000,0.5892,0.4692,0.5892,0.0108,本圈台阶完成,1,0.0000,0.150,0.330
5765.259,SEEK_CROSSWALK,15.531,0,2.671,0.0000,0.0000,vision,2.671,2.556,0.035,,,tracking,0.1450,0.2362,1,line_curve_center_riding,-0.0744,-0.0537,-0.3978,-0.3958,0.9375,8,0,0.0000,0,0.0043,0.3441,0.0020,0.3421,-0.2825,0.2362,IDLE,1,0,step_done_latches_cleared,0,0,0.000,0,nan,nan,nan,0.0000,0,nan,nan,0,5,0.6000,0.5892,0.4692,0.5892,0.0108,本圈台阶完成,1,0.0000,0.150,0.330
5765.391,SEEK_CROSSWALK,15.663,0,2.671,0.0000,0.0000,vision,2.671,2.556,0.035,,,tracking,0.1450,0.0814,1,line_recenter_transition,0.0600,0.0667,-0.2658,-0.2795,0.9403,8,0,0.0000,0,0.0000,0.3324,0.0138,0.3462,-0.1595,0.0814,IDLE,1,0,step_done_latches_cleared,0,0,0.000,0,nan,nan,nan,0.0000,0,nan,nan,0,5,0.6000,0.5892,0.4692,0.5892,0.0108,本圈台阶完成,1,0.0000,0.150,0.330
5765.519,SEEK_CROSSWALK,15.792,0,2.671,0.0000,0.0000,vision,2.671,2.556,0.035,,,tracking,0.1450,-0.0326,1,line_recenter_transition,0.1345,0.1410,-0.1828,-0.1997,0.9416,8,0,0.0000,0,0.0043,0.3238,0.0169,0.3407,-0.0805,-0.0326,IDLE,1,0,step_done_latches_cleared,0,0,0.000,0,nan,nan,nan,0.0000,0,nan,nan,0,5,0.6000,0.5892,0.4692,0.5892,0.0108,本圈台阶完成,1,0.0000,0.150,0.330
5765.657,SEEK_CROSSWALK,15.929,0,2.671,0.0000,0.0000,vision,2.671,2.556,0.035,,,tracking,0.1450,-0.1022,1,line_recenter_transition,0.1621,0.1684,-0.1473,-0.1625,0.9428,8,0,0.0000,0,0.0000,0.3157,0.0153,0.3310,-0.0471,-0.1022,IDLE,1,0,step_done_latches_cleared,0,0,0.000,0,nan,nan,nan,0.0000,0,nan,nan,0,5,0.6000,0.5892,0.4692,0.5892,0.0108,本圈台阶完成,1,0.0000,0.150,0.330
5765.788,SEEK_CROSSWALK,16.061,0,2.671,0.0000,0.0000,vision,2.671,2.556,0.035,,,tracking,0.1450,-0.1413,1,line_recenter_transition,0.1689,0.1751,-0.1369,-0.1585,0.9443,8,0,0.0000,0,0.0043,0.3120,0.0216,0.3336,-0.0401,-0.1413,IDLE,1,0,step_done_latches_cleared,0,0,0.000,0,nan,nan,nan,0.0000,0,nan,nan,0,5,0.6000,0.5892,0.4692,0.5892,0.0108,本圈台阶完成,1,0.0000,0.150,0.330
5765.919,SEEK_CROSSWALK,16.191,0,2.671,0.0000,0.0000,vision,2.671,2.556,0.035,,,tracking,0.1450,-0.1502,1,line_recenter_transition,0.1503,0.1563,-0.1474,-0.1638,0.9460,8,0,0.0000,0,0.0000,0.3037,0.0164,0.3201,-0.0516,-0.1502,IDLE,1,0,step_done_latches_cleared,0,0,0.000,0,nan,nan,nan,0.0000,0,nan,nan,0,5,0.6000,0.5892,0.4692,0.5892,0.0108,本圈台阶完成,1,0.0000,0.150,0.330
5766.049,SEEK_CROSSWALK,16.322,0,2.671,0.0000,0.0000,vision,2.671,2.556,0.035,,,tracking,0.1450,-0.1319,1,line_recenter_transition,0.1090,0.1149,-0.1797,-0.1880,0.9476,8,0,0.0000,0,0.0000,0.2945,0.0084,0.3029,-0.0843,-0.1319,IDLE,1,0,step_done_latches_cleared,0,0,0.000,0,nan,nan,nan,0.0000,0,nan,nan,0,5,0.6000,0.5892,0.4692,0.5892,0.0108,本圈台阶完成,1,0.0000,0.150,0.330
5766.184,SEEK_CROSSWALK,16.456,0,2.671,0.0000,0.0000,vision,2.671,2.556,0.035,,,tracking,0.1450,-0.0820,1,line_curve_center_riding,0.0351,0.0520,-0.2305,-0.2150,0.9478,8,0,0.0000,0,0.0000,0.2825,0.0155,0.2670,-0.1312,-0.0820,IDLE,1,0,step_done_latches_cleared,0,0,0.000,0,nan,nan,nan,0.0000,0,nan,nan,0,5,0.6000,0.5892,0.4692,0.5892,0.0108,本圈台阶完成,1,0.0000,0.150,0.330
5766.312,SEEK_CROSSWALK,16.584,0,2.671,0.0000,0.0000,vision,2.671,2.556,0.035,,,tracking,0.1700,-0.0174,1,line_curve_center_riding,-0.0388,-0.0231,-0.2842,-0.2466,0.9493,8,0,0.0000,0,0.0000,0.2611,0.0376,0.2235,-0.1847,-0.0174,IDLE,1,0,step_done_latches_cleared,0,0,0.000,0,nan,nan,nan,0.0000,0,nan,nan,0,5,0.6000,0.5892,0.4692,0.5892,0.0108,本圈台阶完成,1,0.0000,0.150,0.330
5766.437,SEEK_CROSSWALK,16.709,0,2.671,0.0000,0.0000,vision,2.671,2.556,0.035,,,tracking,0.1700,0.0582,1,line_curve_center_riding,-0.1189,-0.1054,-0.3302,-0.2659,0.9525,8,0,0.0000,0,0.0000,0.2248,0.0643,0.1605,-0.2338,0.0582,IDLE,1,0,step_done_latches_cleared,0,0,0.000,0,nan,nan,nan,0.0000,0,nan,nan,0,5,0.6000,0.5892,0.4692,0.5892,0.0108,本圈台阶完成,1,0.0000,0.150,0.330
5766.563,SEEK_CROSSWALK,16.835,0,2.671,0.0000,0.0000,vision,2.671,2.556,0.035,,,tracking,0.1700,0.1261,1,line_curve_center_riding,-0.1773,-0.1656,-0.3598,-0.2695,0.9540,8,0,0.0000,0,0.0000,0.1942,0.0903,0.1038,-0.2650,0.1261,IDLE,1,0,step_done_latches_cleared,0,0,0.000,0,nan,nan,nan,0.0000,0,nan,nan,0,5,0.6000,0.5892,0.4692,0.5892,0.0108,本圈台阶完成,1,0.0000,0.150,0.330
5766.703,SEEK_CROSSWALK,16.975,0,2.671,0.0000,0.0000,vision,2.671,2.556,0.035,,,tracking,0.1700,0.1909,1,line_curve_center_riding,-0.2357,-0.2272,-0.3683,-0.2485,0.9583,8,0,0.0000,0,0.0000,0.1411,0.1199,0.0212,-0.2813,0.1909,IDLE,1,0,step_done_latches_cleared,0,0,0.000,0,nan,nan,nan,0.0000,0,nan,nan,0,5,0.6000,0.5892,0.4692,0.5892,0.0108,本圈台阶完成,1,0.0000,0.150,0.330
5766.831,SEEK_CROSSWALK,17.103,0,2.671,0.0000,0.0000,vision,2.671,2.556,0.035,,,tracking,0.1860,0.2488,1,line_center_tracking,-0.2816,-0.2546,-0.3510,-0.2345,0.8831,7,0,0.0000,0,0.0000,0.0964,0.1165,0.0201,-0.2801,0.2488,IDLE,1,0,step_done_latches_cleared,0,0,0.000,0,nan,nan,nan,0.0000,0,nan,nan,0,5,0.6000,0.5892,0.4692,0.5892,0.0108,本圈台阶完成,1,0.0000,0.150,0.330
5766.952,SEEK_CROSSWALK,17.225,0,2.671,0.0000,0.0000,vision,2.671,2.556,0.035,,,tracking,0.1700,0.2537,1,line_curve_center_riding,-0.2445,-0.2399,-0.3170,-0.1666,0.8812,7,0,0.0000,0,0.0000,0.0771,0.1504,0.0733,-0.2412,0.2537,IDLE,1,0,step_done_latches_cleared,0,0,0.000,0,nan,nan,nan,0.0000,0,nan,nan,0,5,0.6000,0.5892,0.4692,0.5892,0.0108,本圈台阶完成,1,0.0000,0.150,0.330
5767.078,SEEK_CROSSWALK,17.350,0,2.671,0.0000,0.0000,vision,2.671,2.556,0.035,,,tracking,0.1700,0.2541,1,line_curve_center_riding,-0.2368,-0.2356,-0.2562,-0.0694,0.8823,7,0,0.0000,0,0.0000,0.0206,0.1868,0.1662,-0.1871,0.2541,IDLE,1,0,step_done_latches_cleared,0,0,0.000,0,nan,nan,nan,0.0000,0,nan,nan,0,5,0.6000,0.5892,0.4692,0.5892,0.0108,本圈台阶完成,1,0.0000,0.150,0.330
5767.215,SEEK_CROSSWALK,17.487,0,2.671,0.0000,0.0000,vision,2.671,2.556,0.035,,,tracking,0.1700,0.2408,1,line_curve_center_riding,-0.2126,-0.2145,-0.1838,0.0642,0.8777,7,0,0.0000,0,0.0000,0.0307,0.2480,0.2787,-0.1114,0.2408,IDLE,1,0,step_done_latches_cleared,0,0,0.000,0,nan,nan,nan,0.0000,0,nan,nan,0,5,0.6000,0.5892,0.4692,0.5892,0.0108,本圈台阶完成,1,0.0000,0.150,0.330
5767.361,SEEK_CROSSWALK,17.633,0,2.671,0.0000,0.0000,vision,2.671,2.556,0.035,,,tracking,0.1700,0.2055,1,line_curve_center_riding,-0.1606,-0.1658,-0.0798,0.2102,0.8741,7,0,0.0000,0,0.0000,0.0860,0.2900,0.3760,-0.0118,0.2055,IDLE,1,0,step_done_latches_cleared,0,0,0.000,0,nan,nan,nan,0.0000,0,nan,nan,0,5,0.6000,0.5892,0.4692,0.5892,0.0108,本圈台阶完成,1,0.0000,0.150,0.330
5767.486,SEEK_CROSSWALK,17.758,0,2.671,0.0000,0.0000,vision,2.671,2.556,0.035,,,tracking,0.1450,0.1571,1,line_curve_center_riding,-0.1051,-0.1121,0.0037,0.4271,0.8538,7,0,0.0000,0,0.0000,0.1157,0.4234,0.5392,0.1062,0.1571,IDLE,1,0,step_done_latches_cleared,0,0,0.000,0,nan,nan,nan,0.0000,0,nan,nan,0,5,0.6000,0.5892,0.4692,0.5892,0.0108,本圈台阶完成,1,0.0000,0.150,0.330
5767.623,SEEK_CROSSWALK,17.895,0,2.671,0.0000,0.0000,vision,2.671,2.556,0.035,,,tracking,0.1450,0.1058,1,line_curve_center_riding,-0.0523,-0.0632,0.1197,0.6539,0.8369,7,0,0.0000,0,0.0000,0.1829,0.5342,0.7171,0.2368,0.1058,IDLE,1,0,step_done_latches_cleared,0,0,0.000,0,nan,nan,nan,0.0000,0,nan,nan,0,5,0.6000,0.5892,0.4692,0.5892,0.0108,本圈台阶完成,1,0.0000,0.150,0.330
5767.747,SEEK_CROSSWALK,18.019,0,2.671,0.0000,0.0000,vision,2.671,2.556,0.035,,,tracking,0.1700,0.0299,1,line_curve_center_riding,0.0360,0.0233,0.2339,0.2754,0.6954,5,0,0.0000,0,0.0000,0.2106,0.0415,0.2520,0.1775,0.0299,IDLE,1,0,step_done_latches_cleared,0,0,0.000,0,nan,nan,nan,0.0000,0,nan,nan,0,5,0.6000,0.5892,0.4692,0.5892,0.0108,本圈台阶完成,1,0.0000,0.150,0.330
5767.878,SEEK_CROSSWALK,18.150,0,2.671,0.0000,0.0000,vision,2.671,2.556,0.035,,,tracking,0.1450,-0.0455,1,line_curve_center_riding,0.1091,0.0897,0.4128,0.7310,0.7426,6,0,0.0000,0,0.0043,0.3232,0.3181,0.6413,0.4112,-0.0455,IDLE,1,0,step_done_latches_cleared,0,0,0.000,0,nan,nan,nan,0.0000,0,nan,nan,0,5,0.6000,0.5892,0.4692,0.5892,0.0108,本圈台阶完成,1,0.0000,0.150,0.330
5768.001,SEEK_CROSSWALK,18.273,0,2.671,0.0000,0.0000,vision,2.671,2.556,0.035,,,tracking,0.1450,-0.1171,1,line_curve_center_riding,0.1711,0.1464,0.5575,0.6538,0.6546,5,0,0.0000,0,0.0043,0.4111,0.0962,0.5073,0.4526,-0.1171,IDLE,1,0,step_done_latches_cleared,0,0,0.000,0,nan,nan,nan,0.0000,0,nan,nan,0,5,0.6000,0.5892,0.4692,0.5892,0.0108,本圈台阶完成,1,0.0000,0.150,0.330
5768.130,SEEK_CROSSWALK,18.403,0,2.671,0.0000,0.0000,vision,2.671,2.556,0.035,,,tracking,0.1450,-0.1775,1,line_curve_center_riding,0.2192,0.1909,0.6623,0.7654,0.6427,5,0,0.0000,0,0.0086,0.4714,0.1031,0.5745,0.5395,-0.1775,IDLE,1,0,step_done_latches_cleared,0,0,0.000,0,nan,nan,nan,0.0000,0,nan,nan,0,5,0.6000,0.5892,0.4692,0.5892,0.0108,本圈台阶完成,1,0.0000,0.150,0.330
5768.259,SEEK_CROSSWALK,18.531,0,2.671,0.0000,0.0000,vision,2.671,2.556,0.035,,,tracking,0.1450,-0.2213,1,line_curve_center_riding,0.2454,0.2265,0.5419,0.5419,0.5733,4,0,0.0000,0,0.0043,0.3154,0.0000,0.3154,0.4368,-0.2213,IDLE,1,0,step_done_latches_cleared,0,0,0.000,0,nan,nan,nan,0.0000,0,nan,nan,0,5,0.6000,0.5892,0.4692,0.5892,0.0108,本圈台阶完成,1,0.0000,0.150,0.330
5768.386,SEEK_CROSSWALK,18.658,0,2.671,0.0000,0.0000,vision,2.671,2.556,0.035,,,tracking,0.1450,-0.2506,1,line_curve_center_riding,0.2595,0.2398,0.5677,0.5677,0.5686,4,0,0.0000,0,0.0043,0.3279,0.0000,0.3279,0.4584,-0.2506,IDLE,1,0,step_done_latches_cleared,0,0,0.000,0,nan,nan,nan,0.0000,0,nan,nan,0,5,0.6000,0.5892,0.4692,0.5892,0.0108,本圈台阶完成,1,0.0000,0.150,0.330
5768.515,SEEK_CROSSWALK,18.787,0,2.671,0.0000,0.0000,vision,2.671,2.556,0.035,,,tracking,0.1450,-0.2665,1,line_curve_center_riding,0.2624,0.2416,0.5880,0.5880,0.5656,4,0,0.0000,0,0.0043,0.3464,0.0000,0.3464,0.4726,-0.2665,IDLE,1,0,step_done_latches_cleared,0,0,0.000,0,nan,nan,nan,0.0000,0,nan,nan,0,5,0.6000,0.5892,0.4692,0.5892,0.0108,本圈台阶完成,1,0.0000,0.150,0.330
5768.639,SEEK_CROSSWALK,18.911,0,2.671,0.0000,0.0000,vision,2.671,2.556,0.035,,,tracking,0.1450,-0.2629,1,line_curve_center_riding,0.2424,0.2206,0.5852,0.5852,0.5629,4,0,0.0000,0,0.0086,0.3646,0.0000,0.3646,0.4636,-0.2629,IDLE,1,0,step_done_latches_cleared,0,0,0.000,0,nan,nan,nan,0.0000,0,nan,nan,0,5,0.6000,0.5892,0.4692,0.5892,0.0108,本圈台阶完成,1,0.0000,0.150,0.330
5768.771,SEEK_CROSSWALK,19.043,0,2.671,0.0000,0.0000,vision,2.671,2.556,0.035,,,tracking,0.1450,-0.2434,1,line_curve_center_riding,0.2098,0.1881,0.5504,0.5504,0.5638,4,0,0.0000,0,0.0129,0.3624,0.0000,0.3624,0.4296,-0.2434,IDLE,1,0,step_done_latches_cleared,0,0,0.000,0,nan,nan,nan,0.0000,0,nan,nan,0,5,0.6000,0.5892,0.4692,0.5892,0.0108,本圈台阶完成,1,0.0000,0.150,0.330
5768.899,SEEK_CROSSWALK,19.171,0,2.671,0.0000,0.0000,vision,2.671,2.556,0.035,,,tracking,0.1450,-0.2145,1,line_curve_center_riding,0.1743,0.1415,0.6887,0.7973,0.6279,5,0,0.0000,0,0.0129,0.5472,0.1086,0.6558,0.5425,-0.2145,IDLE,1,0,step_done_latches_cleared,0,0,0.000,0,nan,nan,nan,0.0000,0,nan,nan,0,5,0.6000,0.5892,0.4692,0.5892,0.0108,本圈台阶完成,1,0.0000,0.150,0.330
5769.026,SEEK_CROSSWALK,19.298,0,2.671,0.0000,0.0000,vision,2.671,2.556,0.035,,,tracking,0.1450,-0.1780,1,line_curve_center_riding,0.1336,0.1003,0.6546,0.7750,0.6262,5,0,0.0000,0,0.0258,0.5543,0.1204,0.6747,0.5100,-0.1780,IDLE,1,0,step_done_latches_cleared,0,0,0.000,0,nan,nan,nan,0.0000,0,nan,nan,0,5,0.6000,0.5892,0.4692,0.5892,0.0108,本圈台阶完成,1,0.0000,0.150,0.330
5769.159,SEEK_CROSSWALK,19.432,0,2.671,0.0000,0.0000,vision,2.671,2.556,0.035,,,tracking,0.1450,-0.1455,1,line_curve_center_riding,0.1054,0.0722,0.6259,0.7506,0.6258,5,0,0.0000,0,0.0387,0.5538,0.1247,0.6785,0.4829,-0.1455,IDLE,1,0,step_done_latches_cleared,0,0,0.000,0,nan,nan,nan,0.0000,0,nan,nan,0,5,0.6000,0.5892,0.4692,0.5892,0.0108,本圈台阶完成,1,0.0000,0.150,0.330
5769.284,SEEK_CROSSWALK,19.556,0,2.671,0.0000,0.0000,vision,2.671,2.556,0.035,,,tracking,0.1450,-0.1149,1,line_curve_center_riding,0.0795,0.0471,0.5876,0.7111,0.6280,5,0,0.0000,0,0.1418,0.5406,0.1235,0.6641,0.4486,-0.1149,IDLE,1,0,step_done_latches_cleared,0,0,0.000,0,nan,nan,nan,0.0000,0,nan,nan,0,5,0.6000,0.5892,0.4692,0.5892,0.0108,本圈台阶完成,1,0.0000,0.150,0.330
5769.410,SEEK_CROSSWALK,19.683,0,2.671,0.0000,0.0000,vision,2.671,2.556,0.035,,,tracking,0.1450,-0.0835,1,line_curve_center_riding,0.0497,0.0195,0.5237,0.6366,0.6350,5,0,0.0000,1,1.0000,0.5043,0.1129,0.6172,0.3933,-0.0835,IDLE,1,0,step_done_latches_cleared,0,0,0.000,0,nan,nan,nan,0.0000,0,nan,nan,0,5,0.6000,0.5892,0.4692,0.5892,0.0108,本圈台阶完成,1,0.0000,0.150,0.330
5769.539,SEEK_CROSSWALK,19.811,0,2.671,0.0000,0.0000,vision,2.671,2.556,0.035,,,tracking,0.1450,-0.0581,1,line_curve_center_riding,0.0306,0.0011,0.4928,0.6007,0.6372,5,0,0.0000,1,1.0000,0.4917,0.1079,0.5996,0.3649,-0.0581,IDLE,1,0,step_done_latches_cleared,0,0,0.000,0,nan,nan,nan,0.0000,0,nan,nan,0,5,0.6000,0.5892,0.4692,0.5892,0.0108,本圈台阶完成,1,0.0000,0.150,0.330
5769.670,SEEK_CROSSWALK,19.942,0,2.671,0.0000,0.0000,vision,2.671,2.556,0.035,,,tracking,0.1450,-0.0410,1,line_curve_center_riding,0.0219,-0.0078,0.4881,0.5953,0.6358,5,0,0.0000,1,1.0000,0.4959,0.1072,0.6031,0.3585,-0.0410,IDLE,1,0,step_done_latches_cleared,0,0,0.000,0,nan,nan,nan,0.0000,0,nan,nan,0,5,0.6000,0.5892,0.4692,0.5892,0.0108,本圈台阶完成,1,0.0000,0.150,0.330
5769.795,SEEK_CROSSWALK,20.067,0,2.671,0.0000,0.0000,vision,2.671,2.556,0.035,,,tracking,0.1450,-0.0342,1,line_curve_center_riding,0.0246,-0.0060,0.5038,0.6136,0.6325,5,0,0.0000,1,1.0000,0.5099,0.1097,0.6196,0.3705,-0.0342,IDLE,1,0,step_done_latches_cleared,0,0,0.000,0,nan,nan,nan,0.0000,0,nan,nan,0,5,0.6000,0.5892,0.4692,0.5892,0.0108,本圈台阶完成,1,0.0000,0.150,0.330
5769.922,SEEK_CROSSWALK,20.194,0,2.671,0.0000,0.0000,vision,2.671,2.556,0.035,,,tracking,0.1450,-0.0379,1,line_curve_center_riding,0.0371,0.0184,0.3288,0.3288,0.5717,4,0,0.0000,1,1.0000,0.3104,0.0000,0.3104,0.2254,-0.0379,IDLE,1,0,step_done_latches_cleared,0,0,0.000,0,nan,nan,nan,0.0000,0,nan,nan,0,5,0.6000,0.5892,0.4692,0.5892,0.0108,本圈台阶完成,1,0.0000,0.150,0.330
5770.052,SEEK_CROSSWALK,20.324,0,2.671,0.0000,0.0000,vision,2.671,2.556,0.035,,,tracking,0.1450,-0.0495,1,line_curve_center_riding,0.0552,0.0359,0.3575,0.3575,0.5693,4,0,0.0000,1,1.0000,0.3216,0.0000,0.3216,0.2503,-0.0495,IDLE,1,0,step_done_latches_cleared,0,0,0.000,0,nan,nan,nan,0.0000,0,nan,nan,0,5,0.6000,0.5892,0.4692,0.5892,0.0108,本圈台阶完成,1,0.0000,0.150,0.330
5770.184,SEEK_CROSSWALK,20.456,0,2.671,0.0000,0.0000,vision,2.671,2.556,0.035,,,tracking,0.1450,-0.0705,1,line_curve_center_riding,0.0828,0.0495,0.6050,0.7249,0.6236,5,0,0.0000,1,1.0000,0.5555,0.1199,0.6754,0.4598,-0.0705,IDLE,1,0,step_done_latches_cleared,0,0,0.000,0,nan,nan,nan,0.0000,0,nan,nan,0,5,0.6000,0.5892,0.4692,0.5892,0.0108,本圈台阶完成,1,0.0000,0.150,0.330
5770.317,SEEK_CROSSWALK,20.589,0,2.671,0.0000,0.0000,vision,2.671,2.556,0.035,,,tracking,0.1450,-0.0919,1,line_curve_center_riding,0.1039,0.0691,0.6498,0.7762,0.6184,5,0,0.0000,1,1.0000,0.5808,0.1263,0.7071,0.4984,-0.0919,IDLE,1,0,step_done_latches_cleared,0,0,0.000,0,nan,nan,nan,0.0000,0,nan,nan,0,5,0.6000,0.5892,0.4692,0.5892,0.0108,本圈台阶完成,1,0.0000,0.150,0.330
5770.450,SEEK_CROSSWALK,20.722,0,2.671,0.0000,0.0000,vision,2.671,2.556,0.035,,,tracking,0.1450,-0.1171,1,line_curve_center_riding,0.1304,0.0941,0.6995,0.8216,0.6149,5,0,0.0000,1,1.0000,0.6054,0.1221,0.7275,0.5384,-0.1171,IDLE,1,0,step_done_latches_cleared,0,0,0.000,0,nan,nan,nan,0.0000,0,nan,nan,0,5,0.6000,0.5892,0.4692,0.5892,0.0108,本圈台阶完成,1,0.0000,0.150,0.330
5770.579,SEEK_CROSSWALK,20.851,0,2.671,0.0000,0.0000,vision,2.671,2.556,0.035,,,tracking,0.1450,-0.1368,1,line_curve_center_riding,0.1444,0.1195,0.5354,0.5354,0.5498,4,0,0.0000,1,1.0000,0.4159,0.0000,0.4159,0.3967,-0.1368,IDLE,1,0,step_done_latches_cleared,0,0,0.000,0,nan,nan,nan,0.0000,0,nan,nan,0,5,0.6000,0.5892,0.4692,0.5892,0.0108,本圈台阶完成,1,0.0000,0.150,0.330
5770.714,SEEK_CROSSWALK,20.987,0,2.671,0.0000,0.0000,vision,2.671,2.556,0.035,,,tracking,0.1450,-0.1565,1,line_curve_center_riding,0.1626,0.1363,0.5760,0.5760,0.5437,4,0,0.0000,1,1.0000,0.4398,0.0000,0.4398,0.4294,-0.1565,IDLE,1,0,step_done_latches_cleared,0,0,0.000,0,nan,nan,nan,0.0000,0,nan,nan,0,5,0.6000,0.5892,0.4692,0.5892,0.0108,本圈台阶完成,1,0.0000,0.150,0.330
5770.839,SEEK_CROSSWALK,21.111,0,2.671,0.0000,0.0000,vision,2.671,2.556,0.035,,,tracking,0.1450,-0.1733,1,line_curve_center_riding,0.1754,0.1474,0.6142,0.6142,0.5367,4,0,0.0000,1,1.0000,0.4668,0.0000,0.4668,0.4586,-0.1733,IDLE,1,0,step_done_latches_cleared,0,0,0.000,0,nan,nan,nan,0.0000,0,nan,nan,0,5,0.6000,0.5892,0.4692,0.5892,0.0108,本圈台阶完成,1,0.0000,0.150,0.330
5770.966,SEEK_CROSSWALK,21.238,0,2.671,0.0000,0.0000,vision,2.671,2.556,0.035,,,tracking,0.1700,-0.1934,1,line_curve_center_riding,0.1965,0.1862,0.3585,0.3585,0.4759,3,0,0.0000,1,1.0000,0.1724,0.0000,0.1724,0.3011,-0.1934,IDLE,1,0,step_done_latches_cleared,0,0,0.000,0,nan,nan,nan,0.0000,0,nan,nan,0,5,0.6000,0.5892,0.4692,0.5892,0.0108,本圈台阶完成,1,0.0000,0.150,0.330
5771.098,SEEK_CROSSWALK,21.370,0,2.671,0.0000,0.0000,vision,2.671,2.556,0.035,,,tracking,0.1700,-0.2155,1,line_curve_center_riding,0.2189,0.2076,0.3958,0.3958,0.4703,3,0,0.0000,1,1.0000,0.1881,0.0000,0.1881,0.3330,-0.2155,IDLE,1,0,step_done_latches_cleared,0,0,0.000,0,nan,nan,nan,0.0000,0,nan,nan,0,5,0.6000,0.5892,0.4692,0.5892,0.0108,本圈台阶完成,1,0.0000,0.150,0.330
5771.231,SEEK_CROSSWALK,21.503,0,2.671,0.0000,0.0000,vision,2.671,2.556,0.035,,,tracking,0.1450,-0.2336,1,line_curve_center_riding,0.2327,0.2013,0.7250,0.7250,0.5239,4,0,0.0000,1,1.0000,0.5237,0.0000,0.5237,0.5504,-0.2336,IDLE,1,0,step_done_latches_cleared,0,0,0.000,0,nan,nan,nan,0.0000,0,nan,nan,0,5,0.6000,0.5892,0.4692,0.5892,0.0108,本圈台阶完成,1,0.0000,0.150,0.330
5771.353,SEEK_CROSSWALK,21.625,0,2.671,0.0000,0.0000,vision,2.671,2.556,0.035,,,tracking,0.1450,-0.2592,1,line_curve_center_riding,0.2615,0.2292,0.7689,0.7689,0.5192,4,0,0.0000,1,1.0000,0.5397,0.0000,0.5397,0.5890,-0.2592,IDLE,1,0,step_done_latches_cleared,0,0,0.000,0,nan,nan,nan,0.0000,0,nan,nan,0,5,0.6000,0.5892,0.4692,0.5892,0.0108,本圈台阶完成,1,0.0000,0.150,0.330
5771.485,SEEK_CROSSWALK,21.757,0,2.671,0.0000,0.0000,vision,2.671,2.556,0.035,,,tracking,0.1450,-0.2845,1,line_curve_center_riding,0.2860,0.2536,0.7932,0.7932,0.5171,4,0,0.0000,1,1.0000,0.5395,0.0000,0.5395,0.6133,-0.2845,IDLE,1,0,step_done_latches_cleared,0,0,0.000,0,nan,nan,nan,0.0000,0,nan,nan,0,5,0.6000,0.5892,0.4692,0.5892,0.0108,本圈台阶完成,1,0.0000,0.150,0.330
5771.618,SEEK_CROSSWALK,21.890,0,2.671,0.0000,0.0000,vision,2.671,2.556,0.035,,,tracking,0.1450,-0.3194,1,line_curve_center_riding,0.3258,0.2928,0.8424,0.8424,0.5111,4,0,0.0000,1,1.0000,0.5496,0.0000,0.5496,0.6592,-0.3194,IDLE,1,0,step_done_latches_cleared,0,0,0.000,0,nan,nan,nan,0.0000,0,nan,nan,0,5,0.6000,0.5892,0.4692,0.5892,0.0108,本圈台阶完成,1,0.0000,0.150,0.330
5771.743,SEEK_CROSSWALK,22.015,0,2.671,0.0000,0.0000,vision,2.671,2.556,0.035,,,tracking,0.1602,-0.3491,1,line_curve_center_riding,0.3495,0.3344,0.5867,0.5867,0.4400,3,0,0.0000,1,1.0000,0.2523,0.0000,0.2523,0.5026,-0.3491,IDLE,1,0,step_done_latches_cleared,0,0,0.000,0,nan,nan,nan,0.0000,0,nan,nan,0,5,0.6000,0.5892,0.4692,0.5892,0.0108,本圈台阶完成,1,0.0000,0.150,0.330
5771.876,SEEK_CROSSWALK,22.148,0,2.671,0.0000,0.0000,vision,2.671,2.556,0.035,,,tracking,0.1544,-0.3716,1,line_curve_center_riding,0.3651,0.3495,0.6093,0.6093,0.4380,3,0,0.0000,1,1.0000,0.2598,0.0000,0.2598,0.5227,-0.3716,IDLE,1,0,step_done_latches_cleared,0,0,0.000,0,nan,nan,nan,0.0000,0,nan,nan,0,5,0.6000,0.5892,0.4692,0.5892,0.0108,本圈台阶完成,1,0.0000,0.150,0.330
5772.003,SEEK_CROSSWALK,22.275,0,2.671,0.0000,0.0000,vision,2.671,2.556,0.035,,,tracking,0.1502,-0.3880,1,line_curve_center_riding,0.3742,0.3592,0.6094,0.6094,0.4399,3,0,0.0000,1,1.0000,0.2501,0.0000,0.2501,0.5260,-0.3880,IDLE,1,0,step_done_latches_cleared,0,0,0.000,0,nan,nan,nan,0.0000,0,nan,nan,0,5,0.6000,0.5892,0.4692,0.5892,0.0108,本圈台阶完成,1,0.0000,0.150,0.330
5772.131,SEEK_CROSSWALK,22.404,0,2.671,0.0000,0.0000,vision,2.671,2.556,0.035,,,tracking,0.1450,-0.4053,1,line_curve_center_riding,0.3906,0.3734,0.6606,0.6606,0.4236,3,0,0.0000,1,1.0000,0.2872,0.0000,0.2872,0.5648,-0.4053,IDLE,1,0,step_done_latches_cleared,0,0,0.000,0,nan,nan,nan,0.0000,0,nan,nan,0,5,0.6000,0.5892,0.4692,0.5892,0.0108,本圈台阶完成,1,0.0000,0.150,0.330
5772.261,SEEK_CROSSWALK,22.533,0,2.671,0.0000,0.0000,vision,2.671,2.556,0.035,,,tracking,0.1421,-0.4195,1,line_curve_center_riding,0.4013,0.3833,0.6840,0.6840,0.4184,3,0,0.0000,1,1.0000,0.3007,0.0000,0.3007,0.5838,-0.4195,IDLE,1,0,step_done_latches_cleared,0,0,0.000,0,nan,nan,nan,0.0000,0,nan,nan,0,5,0.6000,0.5892,0.4692,0.5892,0.0108,本圈台阶完成,1,0.0000,0.150,0.330
5772.387,SEEK_CROSSWALK,22.659,0,2.671,0.0000,0.0000,vision,2.671,2.556,0.035,,,tracking,0.1444,-0.4106,1,line_center_tracking,0.3747,0.3643,0.4015,0.4015,0.3705,2,0,0.0000,1,1.0000,0.0371,0.0000,0.0371,0.3891,-0.4106,IDLE,1,0,step_done_latches_cleared,0,0,0.000,0,nan,nan,nan,0.0000,0,nan,nan,0,5,0.6000,0.5892,0.4692,0.5892,0.0108,本圈台阶完成,1,0.0000,0.150,0.330
5772.507,SEEK_CROSSWALK,22.779,0,2.671,0.0000,0.0000,vision,2.671,2.556,0.035,,,tracking,0.1430,-0.4161,1,line_center_tracking,0.3889,0.3778,0.4174,0.4174,0.3637,2,0,0.0000,1,1.0000,0.0396,0.0000,0.0396,0.4042,-0.4161,IDLE,1,0,step_done_latches_cleared,0,0,0.000,0,nan,nan,nan,0.0000,0,nan,nan,0,5,0.6000,0.5892,0.4692,0.5892,0.0108,本圈台阶完成,1,0.0000,0.150,0.330
5772.635,SEEK_CROSSWALK,22.908,0,2.671,0.0000,0.0000,vision,2.671,2.556,0.035,,,tracking,0.1351,-0.4469,1,line_curve_center_riding,0.4382,0.4197,0.7282,0.7282,0.4123,3,0,0.0000,1,1.0000,0.3085,0.0000,0.3085,0.6254,-0.4469,IDLE,1,0,step_done_latches_cleared,0,0,0.000,0,nan,nan,nan,0.0000,0,nan,nan,0,5,0.6000,0.5892,0.4692,0.5892,0.0108,本圈台阶完成,1,0.0000,0.150,0.330
5772.757,SEEK_CROSSWALK,23.029,0,2.671,0.0000,0.0000,vision,2.671,2.556,0.035,,,tracking,0.1303,-0.4654,1,line_curve_center_riding,0.4481,0.4289,0.7476,0.7476,0.4083,3,0,0.0000,1,1.0000,0.3187,0.0000,0.3187,0.6414,-0.4654,IDLE,1,0,step_done_latches_cleared,0,0,0.000,0,nan,nan,nan,0.0000,0,nan,nan,0,5,0.6000,0.5892,0.4692,0.5892,0.0108,本圈台阶完成,1,0.0000,0.150,0.330
5772.900,SEEK_CROSSWALK,23.172,0,2.671,0.0000,0.0000,vision,2.671,2.556,0.035,,,tracking,0.1258,-0.4828,1,line_curve_center_riding,0.4631,0.4442,0.7592,0.7592,0.4105,3,0,0.0000,1,1.0000,0.3150,0.0000,0.3150,0.6542,-0.4828,IDLE,1,0,step_done_latches_cleared,0,0,0.000,0,nan,nan,nan,0.0000,0,nan,nan,0,5,0.6000,0.5892,0.4692,0.5892,0.0108,本圈台阶完成,1,0.0000,0.150,0.330
5773.022,SEEK_CROSSWALK,23.294,0,2.671,0.0000,0.0000,vision,2.671,2.556,0.035,,,tracking,0.1223,-0.4966,1,line_curve_center_riding,0.4720,0.4529,0.7715,0.7715,0.4057,3,0,0.0000,1,1.0000,0.3186,0.0000,0.3186,0.6653,-0.4966,IDLE,1,0,step_done_latches_cleared,0,0,0.000,0,nan,nan,nan,0.0000,0,nan,nan,0,5,0.6000,0.5892,0.4692,0.5892,0.0108,本圈台阶完成,1,0.0000,0.150,0.330
5773.154,SEEK_CROSSWALK,23.426,0,2.671,0.0000,0.0000,vision,2.671,2.556,0.035,,,tracking,0.1209,-0.5021,1,line_curve_center_riding,0.4708,0.4516,0.7718,0.7718,0.4046,3,0,0.0000,1,1.0000,0.3202,0.0000,0.3202,0.6651,-0.5021,IDLE,1,0,step_done_latches_cleared,0,0,0.000,0,nan,nan,nan,0.0000,0,nan,nan,0,5,0.6000,0.5892,0.4692,0.5892,0.0108,本圈台阶完成,1,0.0000,0.150,0.330
5773.284,SEEK_CROSSWALK,23.556,0,2.671,0.0000,0.0000,vision,2.671,2.556,0.035,,,tracking,0.1229,-0.4944,1,line_curve_center_riding,0.4523,0.4332,0.7524,0.7524,0.4059,3,0,0.0000,1,1.0000,0.3192,0.0000,0.3192,0.6460,-0.4944,IDLE,1,0,step_done_latches_cleared,0,0,0.000,0,nan,nan,nan,0.0000,0,nan,nan,0,5,0.6000,0.5892,0.4692,0.5892,0.0108,本圈台阶完成,1,0.0000,0.150,0.330
5773.409,SEEK_CROSSWALK,23.681,0,2.671,0.0000,0.0000,vision,2.671,2.556,0.035,,,tracking,0.1256,-0.4837,1,line_curve_center_riding,0.4390,0.4197,0.7408,0.7408,0.4069,3,0,0.0000,1,1.0000,0.3211,0.0000,0.3211,0.6337,-0.4837,IDLE,1,0,step_done_latches_cleared,0,0,0.000,0,nan,nan,nan,0.0000,0,nan,nan,0,5,0.6000,0.5892,0.4692,0.5892,0.0108,本圈台阶完成,1,0.0000,0.150,0.330
5773.538,SEEK_CROSSWALK,23.810,0,2.671,0.0000,0.0000,vision,2.671,2.556,0.035,,,tracking,0.1287,-0.4719,1,line_curve_center_riding,0.4266,0.4064,0.7431,0.7431,0.3988,3,0,0.0000,1,1.0000,0.3367,0.0000,0.3367,0.6309,-0.4719,IDLE,1,0,step_done_latches_cleared,0,0,0.000,0,nan,nan,nan,0.0000,0,nan,nan,0,5,0.6000,0.5892,0.4692,0.5892,0.0108,本圈台阶完成,1,0.0000,0.150,0.330
5773.672,SEEK_CROSSWALK,23.944,0,2.671,0.0000,0.0000,vision,2.671,2.556,0.035,,,tracking,0.1349,-0.4475,1,line_curve_center_riding,0.3939,0.3750,0.6900,0.6900,0.4084,3,0,0.0000,1,1.0000,0.3149,0.0000,0.3149,0.5850,-0.4475,IDLE,1,0,step_done_latches_cleared,0,0,0.000,0,nan,nan,nan,0.0000,0,nan,nan,0,5,0.6000,0.5892,0.4692,0.5892,0.0108,本圈台阶完成,1,0.0000,0.150,0.330
5773.796,SEEK_CROSSWALK,24.068,0,2.671,0.0000,0.0000,vision,2.671,2.556,0.035,,,tracking,0.1378,-0.4362,1,line_curve_center_riding,0.3930,0.3629,0.8639,0.8801,0.7316,6,0,0.0000,1,1.0000,0.5010,0.0162,0.5172,0.7023,-0.4362,IDLE,1,0,step_done_latches_cleared,0,0,0.000,0,nan,nan,nan,0.0000,0,nan,nan,0,5,0.6000,0.5892,0.4692,0.5892,0.0108,本圈台阶完成,1,0.0000,0.150,0.330
5773.924,SEEK_CROSSWALK,24.196,0,2.671,0.0000,0.0000,vision,2.671,2.556,0.035,,,tracking,0.1450,-0.4049,1,line_curve_center_riding,0.3491,0.3193,0.8148,0.8294,0.9226,8,0,0.0000,1,1.0000,0.4955,0.0146,0.5101,0.6545,-0.4049,IDLE,1,0,step_done_latches_cleared,0,0,0.000,0,nan,nan,nan,0.0000,0,nan,nan,0,5,0.6000,0.5892,0.4692,0.5892,0.0108,本圈台阶完成,1,0.0000,0.150,0.330
5774.051,SEEK_CROSSWALK,24.323,0,2.671,0.0000,0.0000,vision,2.671,2.556,0.035,,,tracking,0.1450,-0.3620,1,line_curve_center_riding,0.2988,0.2704,0.7426,0.7477,0.9196,8,0,0.0000,0,0.0430,0.4721,0.0051,0.4773,0.5869,-0.3620,IDLE,1,0,step_done_latches_cleared,0,0,0.000,0,nan,nan,nan,0.0000,0,nan,nan,0,5,0.6000,0.5892,0.4692,0.5892,0.0108,本圈台阶完成,1,0.0000,0.150,0.330
5774.183,SEEK_CROSSWALK,24.455,0,2.671,0.0000,0.0000,vision,2.671,2.556,0.035,,,tracking,0.1450,-0.3082,1,line_curve_center_riding,0.2388,0.2125,0.6500,0.6521,0.9233,8,0,0.0000,0,0.1117,0.4375,0.0020,0.4395,0.5049,-0.3082,IDLE,1,0,step_done_latches_cleared,0,0,0.000,0,nan,nan,nan,0.0000,0,nan,nan,0,5,0.6000,0.5892,0.4692,0.5892,0.0108,本圈台阶完成,1,0.0000,0.150,0.330
5774.319,SEEK_CROSSWALK,24.592,0,2.671,0.0000,0.0000,vision,2.671,2.556,0.035,,,tracking,0.1450,-0.2514,1,line_curve_center_riding,0.1824,0.1581,0.5630,0.5532,0.9270,8,0,0.0000,0,0.1074,0.4049,0.0098,0.3951,0.4248,-0.2514,IDLE,1,0,step_done_latches_cleared,0,0,0.000,0,nan,nan,nan,0.0000,0,nan,nan,0,5,0.6000,0.5892,0.4692,0.5892,0.0108,本圈台阶完成,1,0.0000,0.150,0.330
5774.447,SEEK_CROSSWALK,24.719,0,2.671,0.0000,0.0000,vision,2.671,2.556,0.035,,,tracking,0.1450,-0.1960,1,line_curve_center_riding,0.1330,0.1103,0.4892,0.4756,0.9311,8,0,0.0000,0,0.0172,0.3789,0.0136,0.3653,0.3584,-0.1960,IDLE,1,0,step_done_latches_cleared,0,0,0.000,0,nan,nan,nan,0.0000,0,nan,nan,0,5,0.6000,0.5892,0.4692,0.5892,0.0108,本圈台阶完成,1,0.0000,0.150,0.330
5774.584,SEEK_CROSSWALK,24.856,0,2.671,0.0000,0.0000,vision,2.671,2.556,0.035,,,tracking,0.1450,-0.1458,1,line_curve_center_riding,0.0895,0.0681,0.4237,0.4112,0.9352,8,0,0.0000,0,0.0344,0.3555,0.0124,0.3431,0.3010,-0.1458,IDLE,1,0,step_done_latches_cleared,0,0,0.000,0,nan,nan,nan,0.0000,0,nan,nan,0,5,0.6000,0.5892,0.4692,0.5892,0.0108,本圈台阶完成,1,0.0000,0.150,0.330
5774.719,SEEK_CROSSWALK,24.991,0,2.671,0.0000,0.0000,vision,2.671,2.556,0.035,,,tracking,0.1450,-0.1090,1,line_curve_center_riding,0.0669,0.0472,0.3761,0.3546,0.9387,8,0,0.0000,0,0.0129,0.3289,0.0214,0.3075,0.2593,-0.1090,IDLE,1,0,step_done_latches_cleared,0,0,0.000,0,nan,nan,nan,0.0000,0,nan,nan,0,5,0.6000,0.5892,0.4692,0.5892,0.0108,本圈台阶完成,1,0.0000,0.150,0.330
5774.849,SEEK_CROSSWALK,25.121,0,2.671,0.0000,0.0000,vision,2.671,2.556,0.035,,,tracking,0.1450,-0.0851,1,line_curve_center_riding,0.0564,0.0378,0.3474,0.3178,0.9417,8,0,0.0000,0,0.0043,0.3096,0.0296,0.2800,0.2343,-0.0851,IDLE,1,0,step_done_latches_cleared,0,0,0.000,0,nan,nan,nan,0.0000,0,nan,nan,0,5,0.6000,0.5892,0.4692,0.5892,0.0108,本圈台阶完成,1,0.0000,0.150,0.330
5774.989,SEEK_CROSSWALK,25.261,0,2.671,0.0000,0.0000,vision,2.671,2.556,0.035,,,tracking,0.1450,-0.0728,1,line_curve_center_riding,0.0550,0.0375,0.3292,0.2866,0.9434,8,0,0.0000,0,0.0086,0.2917,0.0426,0.2491,0.2178,-0.0728,IDLE,1,0,step_done_latches_cleared,0,0,0.000,0,nan,nan,nan,0.0000,0,nan,nan,0,5,0.6000,0.5892,0.4692,0.5892,0.0108,本圈台阶完成,1,0.0000,0.150,0.330
5775.117,SEEK_CROSSWALK,25.389,0,2.671,0.0000,0.0000,vision,2.671,2.556,0.035,,,tracking,0.1700,-0.0737,1,line_curve_center_riding,0.0676,0.0513,0.3235,0.2653,0.9456,8,0,0.0000,0,0.0086,0.2723,0.0582,0.2141,0.2134,-0.0737,IDLE,1,0,step_done_latches_cleared,0,0,0.000,0,nan,nan,nan,0.0000,0,nan,nan,0,5,0.6000,0.5892,0.4692,0.5892,0.0108,本圈台阶完成,1,0.0000,0.150,0.330
5775.244,SEEK_CROSSWALK,25.516,0,2.671,0.0000,0.0000,vision,2.671,2.556,0.035,,,tracking,0.1700,-0.0814,1,line_curve_center_riding,0.0813,0.0661,0.3185,0.2449,0.9469,8,0,0.0000,0,0.0086,0.2523,0.0736,0.1788,0.2098,-0.0814,IDLE,1,0,step_done_latches_cleared,0,0,0.000,0,nan,nan,nan,0.0000,0,nan,nan,0,5,0.6000,0.5892,0.4692,0.5892,0.0108,本圈台阶完成,1,0.0000,0.150,0.330
5775.368,SEEK_CROSSWALK,25.640,0,2.671,0.0000,0.0000,vision,2.671,2.556,0.035,,,tracking,0.1700,-0.0909,1,line_curve_center_riding,0.0922,0.0781,0.3136,0.2269,0.9474,8,0,0.0000,0,0.0086,0.2354,0.0866,0.1488,0.2062,-0.0909,IDLE,1,0,step_done_latches_cleared,0,0,0.000,0,nan,nan,nan,0.0000,0,nan,nan,0,5,0.6000,0.5892,0.4692,0.5892,0.0108,本圈台阶完成,1,0.0000,0.150,0.330
5775.507,SEEK_CROSSWALK,25.779,0,2.671,0.0000,0.0000,vision,2.671,2.556,0.035,,,tracking,0.1700,-0.0996,1,line_curve_center_riding,0.1001,0.0868,0.3074,0.2048,0.9482,8,0,0.0000,0,0.0086,0.2205,0.1026,0.1180,0.1997,-0.0996,IDLE,1,0,step_done_latches_cleared,0,0,0.000,0,nan,nan,nan,0.0000,0,nan,nan,0,5,0.6000,0.5892,0.4692,0.5892,0.0108,本圈台阶完成,1,0.0000,0.150,0.330
5775.638,SEEK_CROSSWALK,25.910,0,2.671,0.0000,0.0000,vision,2.671,2.556,0.035,,,tracking,0.1700,-0.1087,1,line_curve_center_riding,0.1087,0.0968,0.2956,0.1835,0.9507,8,0,0.0000,0,0.0043,0.1988,0.1121,0.0867,0.1920,-0.1087,IDLE,1,0,step_done_latches_cleared,0,0,0.000,0,nan,nan,nan,0.0000,0,nan,nan,0,5,0.6000,0.5892,0.4692,0.5892,0.0108,本圈台阶完成,1,0.0000,0.150,0.330
5775.769,SEEK_CROSSWALK,26.042,0,2.671,0.0000,0.0000,vision,2.671,2.556,0.035,,,tracking,0.1700,-0.1203,1,line_curve_center_riding,0.1213,0.1110,0.2826,0.1527,0.9522,8,0,0.0000,0,0.0172,0.1715,0.1299,0.0416,0.1821,-0.1203,IDLE,1,0,step_done_latches_cleared,0,0,0.000,0,nan,nan,nan,0.0000,0,nan,nan,0,5,0.6000,0.5892,0.4692,0.5892,0.0108,本圈台阶完成,1,0.0000,0.150,0.330
5775.906,SEEK_CROSSWALK,26.178,0,2.671,0.0000,0.0000,vision,2.671,2.556,0.035,,,tracking,0.1700,-0.1326,1,line_curve_center_riding,0.1337,0.1251,0.2687,0.1180,0.9536,8,0,0.0000,0,0.0043,0.1437,0.1507,0.0070,0.1706,-0.1326,IDLE,1,0,step_done_latches_cleared,0,0,0.000,0,nan,nan,nan,0.0000,0,nan,nan,0,5,0.6000,0.5892,0.4692,0.5892,0.0108,本圈台阶完成,1,0.0000,0.150,0.330
5776.038,SEEK_CROSSWALK,26.310,0,2.671,0.0000,0.0000,vision,2.671,2.556,0.035,,,tracking,0.1700,-0.1447,1,line_curve_center_riding,0.1447,0.1380,0.2495,0.0748,0.9541,8,0,0.0000,0,0.0000,0.1115,0.1747,0.0632,0.1541,-0.1447,IDLE,1,0,step_done_latches_cleared,0,0,0.000,0,nan,nan,nan,0.0000,0,nan,nan,0,5,0.6000,0.5892,0.4692,0.5892,0.0108,本圈台阶完成,1,0.0000,0.150,0.330
5776.173,SEEK_CROSSWALK,26.445,0,2.671,0.0000,0.0000,vision,2.671,2.556,0.035,,,tracking,0.1700,-0.1564,1,line_curve_center_riding,0.1553,0.1506,0.2281,0.0313,0.9540,8,0,0.0000,0,0.0000,0.0775,0.1968,0.1193,0.1367,-0.1564,IDLE,1,0,step_done_latches_cleared,0,0,0.000,0,nan,nan,nan,0.0000,0,nan,nan,0,5,0.6000,0.5892,0.4692,0.5892,0.0108,本圈台阶完成,1,0.0000,0.150,0.330
5776.304,SEEK_CROSSWALK,26.576,0,2.671,0.0000,0.0000,vision,2.671,2.556,0.035,,,tracking,0.1700,-0.1659,1,line_curve_center_riding,0.1622,0.1595,0.2034,-0.0214,0.9538,8,0,0.0000,0,0.0000,0.0439,0.2248,0.1809,0.1139,-0.1659,IDLE,1,0,step_done_latches_cleared,0,0,0.000,0,nan,nan,nan,0.0000,0,nan,nan,0,5,0.6000,0.5892,0.4692,0.5892,0.0108,本圈台阶完成,1,0.0000,0.150,0.330
5776.439,SEEK_CROSSWALK,26.711,0,2.671,0.0000,0.0000,vision,2.671,2.556,0.035,,,tracking,0.1700,-0.1683,1,line_curve_center_riding,0.1587,0.1582,0.1665,-0.0991,0.9506,8,0,0.0000,0,0.0000,0.0083,0.2656,0.2573,0.0752,-0.1683,IDLE,1,0,step_done_latches_cleared,0,0,0.000,0,nan,nan,nan,0.0000,0,nan,nan,0,5,0.6000,0.5892,0.4692,0.5892,0.0108,本圈台阶完成,1,0.0000,0.150,0.330
5776.569,SEEK_CROSSWALK,26.841,0,2.671,0.0000,0.0000,vision,2.671,2.556,0.035,,,tracking,0.1700,-0.1643,1,line_curve_center_riding,0.1493,0.1502,0.1357,-0.1618,0.9454,8,0,0.0000,0,0.0000,0.0144,0.2975,0.3119,0.0414,-0.1643,IDLE,1,0,step_done_latches_cleared,0,0,0.000,0,nan,nan,nan,0.0000,0,nan,nan,0,5,0.6000,0.5892,0.4692,0.5892,0.0108,本圈台阶完成,1,0.0000,0.150,0.330
5776.699,SEEK_CROSSWALK,26.971,0,2.671,0.0000,0.0000,vision,2.671,2.556,0.035,,,tracking,0.1700,-0.1503,1,line_curve_center_riding,0.1278,0.1307,0.0826,-0.2249,0.9473,8,0,0.0000,0,0.0000,0.0481,0.3075,0.3556,-0.0039,-0.1503,IDLE,1,0,step_done_latches_cleared,0,0,0.000,0,nan,nan,nan,0.0000,0,nan,nan,0,5,0.6000,0.5892,0.4692,0.5892,0.0108,本圈台阶完成,1,0.0000,0.150,0.330
5776.832,SEEK_CROSSWALK,27.104,0,2.671,0.0000,0.0000,vision,2.671,2.556,0.035,,,tracking,0.1450,-0.1314,1,line_curve_center_riding,0.1056,0.1106,0.0262,-0.3474,0.9356,8,0,0.0000,0,0.0000,0.0845,0.3735,0.4580,-0.0702,-0.1314,IDLE,1,0,step_done_latches_cleared,0,0,0.000,0,nan,nan,nan,0.0000,0,nan,nan,0,5,0.6000,0.5892,0.4692,0.5892,0.0108,本圈台阶完成,1,0.0000,0.150,0.330
5776.970,SEEK_CROSSWALK,27.242,0,2.671,0.0000,0.0000,vision,2.671,2.556,0.035,,,tracking,0.1450,-0.1023,1,line_curve_center_riding,0.0697,0.0774,-0.0502,-0.4024,0.8621,7,0,0.0000,0,0.0043,0.1276,0.3522,0.4798,-0.1251,-0.1023,IDLE,1,0,step_done_latches_cleared,0,0,0.000,0,nan,nan,nan,0.0000,0,nan,nan,0,5,0.6000,0.5892,0.4692,0.5892,0.0108,本圈台阶完成,1,0.0000,0.150,0.330
5777.414,SEEK_CROSSWALK,27.686,0,2.671,0.0000,0.0000,vision,2.671,2.556,0.035,,,tracking,0.1450,-0.0318,1,line_curve_center_riding,-0.0395,-0.0252,-0.2622,-0.5068,0.7639,6,0,0.0000,0,0.0000,0.2370,0.2446,0.4816,-0.2648,-0.0318,IDLE,1,0,step_done_latches_cleared,0,0,0.000,0,nan,nan,nan,0.0000,0,nan,nan,0,5,0.6000,0.5892,0.4692,0.5892,0.0108,本圈台阶完成,1,0.0000,0.150,0.330
5777.552,SEEK_CROSSWALK,27.824,0,2.671,0.0000,0.0000,vision,2.671,2.556,0.035,,,tracking,0.1700,0.0437,1,line_curve_center_riding,-0.1026,-0.0871,-0.3469,-0.3780,0.6848,5,0,0.0000,0,0.0000,0.2599,0.0310,0.2909,-0.2706,0.0437,IDLE,1,0,step_done_latches_cleared,0,0,0.000,0,nan,nan,nan,0.0000,0,nan,nan,0,5,0.6000,0.5892,0.4692,0.5892,0.0108,本圈台阶完成,1,0.0000,0.150,0.330
5777.691,SEEK_CROSSWALK,27.963,0,2.671,0.0000,0.0000,vision,2.671,2.556,0.035,,,tracking,0.1450,0.1012,1,line_curve_center_riding,-0.1461,-0.1249,-0.4785,-0.5536,0.6615,5,0,0.0000,0,0.0043,0.3536,0.0750,0.4287,-0.3857,0.1012,IDLE,1,0,step_done_latches_cleared,0,0,0.000,0,nan,nan,nan,0.0000,0,nan,nan,0,5,0.6000,0.5892,0.4692,0.5892,0.0108,本圈台阶完成,1,0.0000,0.150,0.330
5777.818,SEEK_CROSSWALK,28.090,0,2.671,0.0000,0.0000,vision,2.671,2.556,0.035,,,tracking,0.1700,0.1694,1,line_curve_center_riding,-0.2156,-0.2010,-0.4447,-0.4447,0.5909,4,0,0.0000,0,0.0043,0.2437,0.0000,0.2437,-0.3635,0.1694,IDLE,1,0,step_done_latches_cleared,0,0,0.000,0,nan,nan,nan,0.0000,0,nan,nan,0,5,0.6000,0.5892,0.4692,0.5892,0.0108,本圈台阶完成,1,0.0000,0.150,0.330
5777.949,SEEK_CROSSWALK,28.221,0,2.671,0.0000,0.0000,vision,2.671,2.556,0.035,,,tracking,0.1450,0.2244,1,line_curve_center_riding,-0.2578,-0.2327,-0.6510,-0.7117,0.6551,5,0,0.0000,0,0.0387,0.4183,0.0606,0.4790,-0.5318,0.2244,IDLE,1,0,step_done_latches_cleared,0,0,0.000,0,nan,nan,nan,0.0000,0,nan,nan,0,5,0.6000,0.5892,0.4692,0.5892,0.0108,本圈台阶完成,1,0.0000,0.150,0.330
5778.094,SEEK_CROSSWALK,28.366,0,2.671,0.0000,0.0000,vision,2.671,2.556,0.035,,,tracking,0.1450,0.2784,1,line_curve_center_riding,-0.3071,-0.2900,-0.5736,-0.5736,0.5730,4,0,0.0000,0,0.0258,0.2835,0.0000,0.2835,-0.4791,0.2784,IDLE,1,0,step_done_latches_cleared,0,0,0.000,0,nan,nan,nan,0.0000,0,nan,nan,0,5,0.6000,0.5892,0.4692,0.5892,0.0108,本圈台阶完成,1,0.0000,0.150,0.330
5778.226,SEEK_CROSSWALK,28.498,0,2.671,0.0000,0.0000,vision,2.671,2.556,0.035,,,tracking,0.1693,0.3137,1,line_curve_center_riding,-0.3231,-0.3077,-0.5649,-0.5649,0.5777,4,0,0.0000,0,0.0516,0.2572,0.0000,0.2572,-0.4792,0.3137,IDLE,1,0,step_done_latches_cleared,0,0,0.000,0,nan,nan,nan,0.0000,0,nan,nan,0,5,0.6000,0.5892,0.4692,0.5892,0.0108,本圈台阶完成,1,0.0000,0.150,0.330
5778.364,SEEK_CROSSWALK,28.636,0,2.671,0.0000,0.0000,vision,2.671,2.556,0.035,,,tracking,0.1650,0.3304,1,line_curve_center_riding,-0.3230,-0.3141,-0.4630,-0.4630,0.4915,3,0,0.0000,0,0.0731,0.1489,0.0000,0.1489,-0.4133,0.3304,IDLE,1,0,step_done_latches_cleared,0,0,0.000,0,nan,nan,nan,0.0000,0,nan,nan,0,5,0.6000,0.5892,0.4692,0.5892,0.0108,本圈台阶完成,1,0.0000,0.150,0.330
5778.494,SEEK_CROSSWALK,28.767,0,2.671,0.0000,0.0000,vision,2.671,2.556,0.035,,,tracking,0.1671,0.3223,1,line_curve_center_riding,-0.2939,-0.2839,-0.4504,-0.4504,0.4791,3,0,0.0000,0,0.0215,0.1665,0.0000,0.1665,-0.3949,0.3223,IDLE,1,0,step_done_latches_cleared,0,0,0.000,0,nan,nan,nan,0.0000,0,nan,nan,0,5,0.6000,0.5892,0.4692,0.5892,0.0108,本圈台阶完成,1,0.0000,0.150,0.330
5778.627,SEEK_CROSSWALK,28.899,0,2.671,0.0000,0.0000,vision,2.671,2.556,0.035,,,tracking,0.1694,0.3135,1,line_center_tracking,-0.2828,-0.2500,-0.3672,-0.3672,0.4984,3,0,0.0000,0,0.0301,0.1172,0.0000,0.1172,-0.3281,0.3135,IDLE,1,0,step_done_latches_cleared,0,0,0.000,0,nan,nan,nan,0.0000,0,nan,nan,0,5,0.6000,0.5892,0.4692,0.5892,0.0108,本圈台阶完成,1,0.0000,0.150,0.330
5778.769,SEEK_CROSSWALK,29.042,0,2.671,0.0000,0.0000,vision,2.671,2.556,0.035,,,tracking,0.1700,0.2865,1,line_curve_center_riding,-0.2428,-0.2340,-0.3806,-0.3806,0.4875,3,0,0.0000,0,0.0172,0.1466,0.0000,0.1466,-0.3317,0.2865,IDLE,1,0,step_done_latches_cleared,0,0,0.000,0,nan,nan,nan,0.0000,0,nan,nan,0,5,0.6000,0.5892,0.4692,0.5892,0.0108,本圈台阶完成,1,0.0000,0.150,0.330
5778.905,SEEK_CROSSWALK,29.177,0,2.671,0.0000,0.0000,vision,2.671,2.556,0.035,,,tracking,0.1450,0.2533,1,line_curve_center_riding,-0.2060,-0.1868,-0.5070,-0.5070,0.5661,4,0,0.0000,0,0.0086,0.3202,0.0000,0.3202,-0.4002,0.2533,IDLE,1,0,step_done_latches_cleared,0,0,0.000,0,nan,nan,nan,0.0000,0,nan,nan,0,5,0.6000,0.5892,0.4692,0.5892,0.0108,本圈台阶完成,1,0.0000,0.150,0.330
5779.037,SEEK_CROSSWALK,29.309,0,2.671,0.0000,0.0000,vision,2.671,2.556,0.035,,,tracking,0.1450,0.2278,1,line_curve_center_riding,-0.1878,-0.1661,-0.5283,-0.5283,0.5538,4,0,0.0000,0,0.0344,0.3623,0.0000,0.3623,-0.4076,0.2278,IDLE,1,0,step_done_latches_cleared,0,0,0.000,0,nan,nan,nan,0.0000,0,nan,nan,0,5,0.6000,0.5892,0.4692,0.5892,0.0108,本圈台阶完成,1,0.0000,0.150,0.330
5779.171,SEEK_CROSSWALK,29.443,0,2.671,0.4000,0.0000,vision,2.671,2.556,0.035,,,tracking,0.1450,0.1889,1,line_curve_center_riding,-0.1416,-0.1171,-0.5257,-0.5257,0.5527,4,0,0.0000,0,0.0129,0.4086,0.0000,0.4086,-0.3895,0.1889,IDLE,1,0,step_done_latches_cleared,0,0,0.000,0,nan,nan,nan,0.0000,0,nan,nan,0,5,0.6000,0.5892,0.4692,0.5892,0.0108,本圈台阶完成,1,0.0000,0.150,0.330
5779.302,SEEK_CROSSWALK,29.575,0,2.671,0.0000,0.0000,vision,2.671,2.556,0.035,,,tracking,0.1450,0.1752,1,line_curve_center_riding,-0.1477,-0.1205,-0.5739,-0.5739,0.5392,4,0,0.0000,0,0.0215,0.4534,0.0000,0.4534,-0.4228,0.1752,IDLE,1,0,step_done_latches_cleared,0,0,0.000,0,nan,nan,nan,0.0000,0,nan,nan,0,5,0.6000,0.5892,0.4692,0.5892,0.0108,本圈台阶完成,1,0.0000,0.150,0.330
5779.438,SEEK_CROSSWALK,29.710,0,2.671,0.0000,0.0000,vision,2.671,2.556,0.035,,,tracking,0.1450,0.1644,1,line_curve_center_riding,-0.1420,-0.1153,-0.5601,-0.5601,0.5418,4,0,0.0000,0,0.0559,0.4448,0.0000,0.4448,-0.4119,0.1644,IDLE,1,0,step_done_latches_cleared,0,0,0.000,0,nan,nan,nan,0.0000,0,nan,nan,0,5,0.6000,0.5892,0.4692,0.5892,0.0108,本圈台阶完成,1,0.0000,0.150,0.330
5779.568,SEEK_CROSSWALK,29.840,0,2.671,0.2000,0.0000,vision,2.671,2.556,0.035,,,tracking,0.1450,0.1444,1,line_curve_center_riding,-0.1170,-0.0926,-0.4986,-0.4986,0.5536,4,0,0.0000,0,0.0129,0.4060,0.0000,0.4060,-0.3633,0.1444,IDLE,1,0,step_done_latches_cleared,0,0,0.000,0,nan,nan,nan,0.0000,0,nan,nan,0,5,0.6000,0.5892,0.4692,0.5892,0.0108,本圈台阶完成,1,0.0000,0.150,0.330
5779.702,SEEK_CROSSWALK,29.974,0,2.671,0.2000,0.0000,vision,2.671,2.556,0.035,,,tracking,0.1450,0.1246,1,line_curve_center_riding,-0.0978,-0.0717,-0.5070,-0.5070,0.5506,4,0,0.0000,0,0.0387,0.4353,0.0000,0.4353,-0.3619,0.1246,IDLE,1,0,step_done_latches_cleared,0,0,0.000,0,nan,nan,nan,0.0000,0,nan,nan,0,5,0.6000,0.5892,0.4692,0.5892,0.0108,本圈台阶完成,1,0.0000,0.150,0.330
5779.827,SEEK_CROSSWALK,30.099,0,2.671,0.0000,0.0000,vision,2.671,2.556,0.035,,,tracking,0.1450,0.1231,1,line_curve_center_riding,-0.1109,-0.0859,-0.5015,-0.5015,0.5509,4,0,0.0000,0,0.0172,0.4156,0.0000,0.4156,-0.3630,0.1231,IDLE,1,0,step_done_latches_cleared,0,0,0.000,0,nan,nan,nan,0.0000,0,nan,nan,0,5,0.6000,0.5892,0.4692,0.5892,0.0108,本圈台阶完成,1,0.0000,0.150,0.330
5779.966,SEEK_CROSSWALK,30.239,0,2.671,0.2000,0.0000,vision,2.671,2.556,0.035,,,tracking,0.1450,0.1257,1,line_curve_center_riding,-0.1181,-0.0919,-0.5296,-0.5296,0.5444,4,0,0.0000,0,0.0430,0.4377,0.0000,0.4377,-0.3837,0.1257,IDLE,1,0,step_done_latches_cleared,0,0,0.000,0,nan,nan,nan,0.0000,0,nan,nan,0,5,0.6000,0.5892,0.4692,0.5892,0.0108,本圈台阶完成,1,0.0000,0.150,0.330
5780.104,SEEK_CROSSWALK,30.376,0,2.671,0.2000,0.0000,vision,2.671,2.556,0.035,,,tracking,0.1450,0.1244,1,line_curve_center_riding,-0.1143,-0.0869,-0.5431,-0.5431,0.5415,4,0,0.0000,0,0.0086,0.4561,0.0000,0.4561,-0.3910,0.1244,IDLE,1,0,step_done_latches_cleared,0,0,0.000,0,nan,nan,nan,0.0000,0,nan,nan,0,5,0.6000,0.5892,0.4692,0.5892,0.0108,本圈台阶完成,1,0.0000,0.150,0.330
5780.230,SEEK_CROSSWALK,30.503,0,2.671,0.4000,0.0000,vision,2.671,2.556,0.035,,,tracking,0.1450,0.1183,1,line_curve_center_riding,-0.1046,-0.0824,-0.4534,-0.4534,0.5550,4,0,0.0000,0,0.0344,0.3710,0.0000,0.3710,-0.3297,0.1183,IDLE,1,0,step_done_latches_cleared,0,0,0.000,0,nan,nan,nan,0.0000,0,nan,nan,0,5,0.6000,0.5892,0.4692,0.5892,0.0108,本圈台阶完成,1,0.0000,0.150,0.330
5780.358,SEEK_CROSSWALK,30.630,0,2.671,0.0000,0.0000,vision,2.671,2.556,0.035,,,tracking,0.1450,0.1078,1,line_curve_center_riding,-0.0911,-0.0635,-0.5239,-0.5239,0.5413,4,0,0.0000,0,0.0387,0.4604,0.0000,0.4604,-0.3704,0.1078,IDLE,1,0,step_done_latches_cleared,0,0,0.000,0,nan,nan,nan,0.0000,0,nan,nan,0,5,0.6000,0.5892,0.4692,0.5892,0.0108,本圈台阶完成,1,0.0000,0.150,0.330
5780.494,SEEK_CROSSWALK,30.766,0,2.671,0.0000,0.0000,vision,2.671,2.556,0.035,,,tracking,0.1450,0.0883,1,line_curve_center_riding,-0.0653,-0.0344,-0.5491,-0.5491,0.5291,4,0,0.0000,0,0.0129,0.5147,0.0000,0.5147,-0.3776,0.0883,IDLE,1,0,step_done_latches_cleared,0,0,0.000,0,nan,nan,nan,0.0000,0,nan,nan,0,5,0.6000,0.5892,0.4692,0.5892,0.0108,本圈台阶完成,1,0.0000,0.150,0.330
5780.651,SEEK_CROSSWALK,30.923,0,2.671,0.0000,0.0000,vision,2.671,2.556,0.035,,,tracking,0.1450,0.0943,1,line_curve_center_riding,-0.0903,-0.0625,-0.5254,-0.5254,0.5391,4,0,0.0000,0,0.0172,0.4629,0.0000,0.4629,-0.3711,0.0943,IDLE,1,0,step_done_latches_cleared,0,0,0.000,0,nan,nan,nan,0.0000,0,nan,nan,0,5,0.6000,0.5892,0.4692,0.5892,0.0108,本圈台阶完成,1,0.0000,0.150,0.330
5780.783,SEEK_CROSSWALK,31.055,0,2.671,0.0000,0.0000,vision,2.671,2.556,0.035,,,tracking,0.1450,0.0934,1,line_curve_center_riding,-0.0861,-0.0563,-0.5519,-0.5519,0.5357,4,0,0.0000,0,0.0043,0.4956,0.0000,0.4956,-0.3867,0.0934,IDLE,1,0,step_done_latches_cleared,0,0,0.000,0,nan,nan,nan,0.0000,0,nan,nan,0,5,0.6000,0.5892,0.4692,0.5892,0.0108,本圈台阶完成,1,0.0000,0.150,0.330
5780.915,SEEK_CROSSWALK,31.187,0,2.671,0.0000,0.0000,vision,2.671,2.556,0.035,,,tracking,0.1450,0.1038,1,line_curve_center_riding,-0.1042,-0.0728,-0.5967,-0.5967,0.5182,4,0,0.0000,0,0.0043,0.5240,0.0000,0.5240,-0.4221,0.1038,IDLE,1,0,step_done_latches_cleared,0,0,0.000,0,nan,nan,nan,0.0000,0,nan,nan,0,5,0.6000,0.5892,0.4692,0.5892,0.0108,本圈台阶完成,1,0.0000,0.150,0.330
5781.042,SEEK_CROSSWALK,31.314,0,2.671,0.0000,0.0000,vision,2.671,2.556,0.035,,,tracking,0.1450,0.1148,1,line_curve_center_riding,-0.1158,-0.0907,-0.5091,-0.5091,0.5443,4,0,0.0000,0,0.0086,0.4184,0.0000,0.4184,-0.3696,0.1148,IDLE,1,0,step_done_latches_cleared,0,0,0.000,0,nan,nan,nan,0.0000,0,nan,nan,0,5,0.6000,0.5892,0.4692,0.5892,0.0108,本圈台阶完成,1,0.0000,0.150,0.330
5781.176,SEEK_CROSSWALK,31.448,0,2.671,0.0000,0.0000,vision,2.671,2.556,0.035,,,tracking,0.1450,0.1272,1,line_curve_center_riding,-0.1287,-0.0955,-0.6483,-0.6483,0.5221,4,0,0.0000,0,0.0129,0.5527,0.0000,0.5527,-0.4640,0.1272,IDLE,1,0,step_done_latches_cleared,0,0,0.000,0,nan,nan,nan,0.0000,0,nan,nan,0,5,0.6000,0.5892,0.4692,0.5892,0.0108,本圈台阶完成,1,0.0000,0.150,0.330
5781.310,SEEK_CROSSWALK,31.582,0,2.671,0.0000,0.0000,vision,2.671,2.556,0.035,,,tracking,0.1365,0.1269,1,line_curve_center_riding,-0.1185,-0.0787,-0.7422,-0.7422,0.3833,3,0,0.0000,0,0.0043,0.6635,0.0000,0.6635,-0.5211,0.1269,IDLE,1,0,step_done_latches_cleared,0,0,0.000,0,nan,nan,nan,0.0000,0,nan,nan,0,5,0.6000,0.5892,0.4692,0.5892,0.0108,本圈台阶完成,1,0.0000,0.150,0.330
5781.444,SEEK_CROSSWALK,31.716,0,2.671,0.0000,0.0000,vision,2.671,2.556,0.035,,,tracking,0.1450,0.1966,1,line_curve_center_riding,-0.2371,-0.2059,-0.7264,-0.7264,0.3795,3,0,0.0000,0,0.0043,0.5205,0.0000,0.5205,-0.5529,0.1966,IDLE,1,0,step_done_latches_cleared,0,0,0.000,0,nan,nan,nan,0.0000,0,nan,nan,0,5,0.6000,0.5892,0.4692,0.5892,0.0108,本圈台阶完成,1,0.0000,0.150,0.330
5781.582,SEEK_CROSSWALK,31.854,0,2.671,0.0000,0.0000,vision,2.671,2.556,0.035,,,tracking,0.1700,0.2137,1,line_curve_center_riding,-0.2176,-0.2014,-0.4701,-0.4701,0.4405,3,0,0.0000,0,0.0086,0.2686,0.0000,0.2686,-0.3805,0.2137,IDLE,1,0,step_done_latches_cleared,0,0,0.000,0,nan,nan,nan,0.0000,0,nan,nan,0,5,0.6000,0.5892,0.4692,0.5892,0.0108,本圈台阶完成,1,0.0000,0.150,0.330
5781.706,SEEK_CROSSWALK,31.978,0,2.671,0.0000,0.0000,vision,2.671,2.556,0.035,,,tracking,0.1700,0.2541,1,line_curve_center_riding,-0.2686,-0.2544,-0.4910,-0.4910,0.4435,3,0,0.0000,0,0.0086,0.2365,0.0000,0.2365,-0.4121,0.2541,IDLE,1,0,step_done_latches_cleared,0,0,0.000,0,nan,nan,nan,0.0000,0,nan,nan,0,5,0.6000,0.5892,0.4692,0.5892,0.0108,本圈台阶完成,1,0.0000,0.150,0.330
5781.836,SEEK_CROSSWALK,32.108,0,2.671,0.0000,0.0000,vision,2.671,2.556,0.035,,,tracking,0.1700,0.3099,1,line_curve_center_riding,-0.3346,-0.3215,-0.5395,-0.5395,0.4472,3,0,0.0000,0,0.0043,0.2179,0.0000,0.2179,-0.4668,0.3099,IDLE,1,0,step_done_latches_cleared,0,0,0.000,0,nan,nan,nan,0.0000,0,nan,nan,0,5,0.6000,0.5892,0.4692,0.5892,0.0108,本圈台阶完成,1,0.0000,0.150,0.330
5781.966,SEEK_CROSSWALK,32.238,0,2.671,0.0000,0.0000,vision,2.671,2.556,0.035,,,line_bridge_loss,0.1203,0.1239,0,line_low_confidence,-0.4131,-0.3950,-0.6964,-0.6964,0.2415,2,0,0.0000,0,0.0129,0.3013,0.0000,0.3013,-0.5959,0.1239,IDLE,1,0,step_done_latches_cleared,0,0,0.000,0,nan,nan,nan,0.0000,0,nan,nan,0,5,0.6000,0.5892,0.4692,0.5892,0.0108,本圈台阶完成,1,0.0000,0.150,0.330
5782.098,SEEK_CROSSWALK,32.370,0,2.671,0.0000,0.0000,vision,2.671,2.556,0.035,,,tracking,0.1606,0.3477,1,line_curve_center_riding,-0.3617,-0.3470,-0.5920,-0.5920,0.4364,3,0,0.0000,0,0.0430,0.2449,0.0000,0.2449,-0.5103,0.3477,IDLE,1,0,step_done_latches_cleared,0,0,0.000,0,nan,nan,nan,0.0000,0,nan,nan,0,5,0.6000,0.5892,0.4692,0.5892,0.0108,本圈台阶完成,1,0.0000,0.150,0.330
5782.221,SEEK_CROSSWALK,32.494,0,2.671,0.0000,0.0000,vision,2.671,2.556,0.035,,,tracking,0.1434,0.4146,1,line_curve_center_riding,-0.4377,-0.4204,-0.7079,-0.7079,0.4190,3,0,0.0000,0,0.0731,0.2875,0.0000,0.2875,-0.6121,0.4146,IDLE,1,0,step_done_latches_cleared,0,0,0.000,0,nan,nan,nan,0.0000,0,nan,nan,0,5,0.6000,0.5892,0.4692,0.5892,0.0108,本圈台阶完成,1,0.0000,0.150,0.330
5782.350,SEEK_CROSSWALK,32.622,0,2.671,0.0000,0.0000,vision,2.671,2.556,0.035,,,tracking,0.1315,0.4607,1,line_curve_center_riding,-0.4690,-0.4514,-0.7456,-0.7456,0.4136,3,0,0.0000,0,0.0774,0.2942,0.0000,0.2942,-0.6475,0.4607,IDLE,1,0,step_done_latches_cleared,0,0,0.000,0,nan,nan,nan,0.0000,0,nan,nan,0,5,0.6000,0.5892,0.4692,0.5892,0.0108,本圈台阶完成,1,0.0000,0.150,0.330
5782.479,SEEK_CROSSWALK,32.751,0,2.671,0.0000,0.0000,vision,2.671,2.556,0.035,,,tracking,0.0850,0.4200,1,line_edge_single_rescue,-0.5532,-0.5532,-0.5532,-0.5532,0.3100,1,0,0.0000,0,0.0817,0.0000,0.0000,0.0000,-0.5532,0.4200,IDLE,1,0,step_done_latches_cleared,0,0,0.000,0,nan,nan,nan,0.0000,0,nan,nan,0,5,0.6000,0.5892,0.4692,0.5892,0.0108,本圈台阶完成,1,0.0000,0.150,0.330
5782.633,SEEK_CROSSWALK,32.905,0,2.671,0.0000,0.0000,vision,2.671,2.556,0.035,,,tracking,0.1143,0.5278,1,line_center_tracking,-0.4925,-0.4794,-0.5263,-0.5263,0.3430,2,0,0.0000,0,0.0086,0.0469,0.0000,0.0469,-0.5107,0.5278,IDLE,1,0,step_done_latches_cleared,0,0,0.000,0,nan,nan,nan,0.0000,0,nan,nan,0,5,0.6000,0.5892,0.4692,0.5892,0.0108,本圈台阶完成,1,0.0000,0.150,0.330
5782.776,SEEK_CROSSWALK,33.048,0,2.671,0.0000,0.0000,vision,2.671,2.556,0.035,,,tracking,0.1135,0.5307,1,line_center_tracking,-0.4941,-0.4819,-0.5253,-0.5253,0.3530,2,0,0.0000,0,0.0172,0.0434,0.0000,0.0434,-0.5108,0.5307,IDLE,1,0,step_done_latches_cleared,0,0,0.000,0,nan,nan,nan,0.0000,0,nan,nan,0,5,0.6000,0.5892,0.4692,0.5892,0.0108,本圈台阶完成,1,0.0000,0.150,0.330
5782.903,SEEK_CROSSWALK,33.175,0,2.671,0.0000,0.0000,vision,2.671,2.556,0.035,,,tracking,0.1106,0.5420,1,line_center_tracking,-0.5110,-0.4998,-0.5397,-0.5397,0.3629,2,0,0.0000,0,0.0043,0.0399,0.0000,0.0399,-0.5264,0.5420,IDLE,1,0,step_done_latches_cleared,0,0,0.000,0,nan,nan,nan,0.0000,0,nan,nan,0,5,0.6000,0.5892,0.4692,0.5892,0.0108,本圈台阶完成,1,0.0000,0.150,0.330
5783.029,SEEK_CROSSWALK,33.301,0,2.671,0.0000,0.0000,vision,2.671,2.556,0.035,,,tracking,0.1000,0.5963,1,line_curve_center_riding,-0.5954,-0.5768,-0.8855,-0.8855,0.4141,3,0,0.0000,0,0.0086,0.3087,0.0000,0.3087,-0.7826,0.5963,IDLE,1,0,step_done_latches_cleared,0,0,0.000,0,nan,nan,nan,0.0000,0,nan,nan,0,5,0.6000,0.5892,0.4692,0.5892,0.0108,本圈台阶完成,1,0.0000,0.150,0.330
5783.154,SEEK_CROSSWALK,33.426,0,2.671,0.0000,0.0000,vision,2.671,2.556,0.035,,,tracking,0.1050,0.5600,1,line_hard_turn_centering,-0.5673,-0.5630,-0.6055,-0.6055,0.3557,2,0,0.0000,0,0.0172,0.0424,0.0000,0.0424,-0.5913,0.5600,IDLE,1,0,step_done_latches_cleared,0,0,0.000,0,nan,nan,nan,0.0000,0,nan,nan,0,5,0.6000,0.5892,0.4692,0.5892,0.0108,本圈台阶完成,1,0.0000,0.150,0.330
5783.295,SEEK_CROSSWALK,33.567,0,2.671,0.0000,0.0000,vision,2.671,2.556,0.035,,,tracking,0.0850,0.4200,1,line_edge_single_rescue,-0.5598,-0.5598,-0.5598,-0.5598,0.3100,1,0,0.0000,0,0.0129,0.0000,0.0000,0.0000,-0.5598,0.4200,IDLE,1,0,step_done_latches_cleared,0,0,0.000,0,nan,nan,nan,0.0000,0,nan,nan,0,5,0.6000,0.5892,0.4692,0.5892,0.0108,本圈台阶完成,1,0.0000,0.150,0.330
5783.423,SEEK_CROSSWALK,33.695,0,2.671,0.0000,0.0000,vision,2.671,2.556,0.035,,,tracking,0.1007,0.5807,1,line_curve_center_riding,-0.5206,-0.5023,-0.8066,-0.8066,0.4204,3,0,0.0000,0,0.0344,0.3043,0.0000,0.3043,-0.7052,0.5807,IDLE,1,0,step_done_latches_cleared,0,0,0.000,0,nan,nan,nan,0.0000,0,nan,nan,0,5,0.6000,0.5892,0.4692,0.5892,0.0108,本圈台阶完成,1,0.0000,0.150,0.330
5783.557,SEEK_CROSSWALK,33.829,0,2.671,0.0000,0.0000,vision,2.671,2.556,0.035,,,tracking,0.1058,0.5607,1,line_curve_center_riding,-0.5014,-0.4845,-0.7649,-0.7649,0.4223,3,0,0.0000,0,0.0430,0.2804,0.0000,0.2804,-0.6714,0.5607,IDLE,1,0,step_done_latches_cleared,0,0,0.000,0,nan,nan,nan,0.0000,0,nan,nan,0,5,0.6000,0.5892,0.4692,0.5892,0.0108,本圈台阶完成,1,0.0000,0.150,0.330
5783.692,SEEK_CROSSWALK,33.965,0,2.671,0.0000,0.0000,vision,2.671,2.556,0.035,,,tracking,0.1165,0.5193,1,line_curve_center_riding,-0.4461,-0.4307,-0.6875,-0.6875,0.4372,3,0,0.0000,0,0.0129,0.2568,0.0000,0.2568,-0.6019,0.5193,IDLE,1,0,step_done_latches_cleared,0,0,0.000,0,nan,nan,nan,0.0000,0,nan,nan,0,5,0.6000,0.5892,0.4692,0.5892,0.0108,本圈台阶完成,1,0.0000,0.150,0.330
5783.819,SEEK_CROSSWALK,34.091,0,2.671,0.0000,0.0000,vision,2.671,2.556,0.035,,,tracking,0.1266,0.4798,1,line_curve_center_riding,-0.4098,-0.3946,-0.6485,-0.6485,0.4344,3,0,0.0000,0,0.0172,0.2539,0.0000,0.2539,-0.5639,0.4798,IDLE,1,0,step_done_latches_cleared,0,0,0.000,0,nan,nan,nan,0.0000,0,nan,nan,0,5,0.6000,0.5892,0.4692,0.5892,0.0108,本圈台阶完成,1,0.0000,0.150,0.330
5783.948,SEEK_CROSSWALK,34.220,0,2.671,0.0000,0.0000,vision,2.671,2.556,0.035,,,tracking,0.1404,0.4261,1,line_curve_center_riding,-0.3485,-0.3194,-0.8033,-0.8033,0.5195,4,0,0.0000,0,0.0387,0.4839,0.0000,0.4839,-0.6420,0.4261,IDLE,1,0,step_done_latches_cleared,0,0,0.000,0,nan,nan,nan,0.0000,0,nan,nan,0,5,0.6000,0.5892,0.4692,0.5892,0.0108,本圈台阶完成,1,0.0000,0.150,0.330
5784.085,SEEK_CROSSWALK,34.357,0,2.671,0.0000,0.0000,vision,2.671,2.556,0.035,,,tracking,0.1450,0.3624,1,line_curve_center_riding,-0.2797,-0.2545,-0.6740,-0.6740,0.5375,4,0,0.0000,0,0.0559,0.4195,0.0000,0.4195,-0.5341,0.3624,IDLE,1,0,step_done_latches_cleared,0,0,0.000,0,nan,nan,nan,0.0000,0,nan,nan,0,5,0.6000,0.5892,0.4692,0.5892,0.0108,本圈台阶完成,1,0.0000,0.150,0.330
5784.218,SEEK_CROSSWALK,34.491,0,2.671,0.0000,0.0000,vision,2.671,2.556,0.035,,,line_bridge_loss,0.0943,0.1450,0,line_too_few_bands,0.0000,0.0000,0.0000,0.0000,0.0000,1,0,0.0000,0,0.0043,0.0000,0.0000,0.0000,0.0000,0.1450,IDLE,1,0,step_done_latches_cleared,0,0,0.000,0,nan,nan,nan,0.0000,0,nan,nan,0,5,0.6000,0.5892,0.4692,0.5892,0.0108,本圈台阶完成,1,0.0000,0.150,0.330
5784.341,SEEK_CROSSWALK,34.614,0,2.671,0.0000,0.0000,vision,2.671,2.556,0.035,,,tracking,0.1410,0.3014,1,line_curve_center_riding,-0.2183,-0.1914,-0.6402,-0.7574,0.7364,6,0,0.0000,0,0.0129,0.4488,0.1173,0.5661,-0.5297,0.3014,IDLE,1,0,step_done_latches_cleared,0,0,0.000,0,nan,nan,nan,0.0000,0,nan,nan,0,5,0.6000,0.5892,0.4692,0.5892,0.0108,本圈台阶完成,1,0.0000,0.150,0.330
5784.474,SEEK_CROSSWALK,34.746,0,2.671,0.0000,0.0000,vision,2.671,2.556,0.035,,,tracking,0.1450,0.2540,1,line_curve_center_riding,-0.1945,-0.1668,-0.6270,-0.6832,0.6381,5,0,0.0000,0,0.0086,0.4602,0.0562,0.5164,-0.4924,0.2540,IDLE,1,0,step_done_latches_cleared,0,0,0.000,0,nan,nan,nan,0.0000,0,nan,nan,0,5,0.6000,0.5892,0.4692,0.5892,0.0108,本圈台阶完成,1,0.0000,0.150,0.330
5784.602,SEEK_CROSSWALK,34.875,0,2.671,0.0000,0.0000,vision,2.671,2.556,0.035,,,tracking,0.1450,0.2341,1,line_curve_center_riding,-0.1968,-0.1721,-0.5833,-0.8429,0.8344,7,0,0.0000,0,0.0086,0.4111,0.2596,0.6708,-0.5328,0.2341,IDLE,1,0,step_done_latches_cleared,0,0,0.000,0,nan,nan,nan,0.0000,0,nan,nan,0,5,0.6000,0.5892,0.4692,0.5892,0.0108,本圈台阶完成,1,0.0000,0.150,0.330
5784.735,SEEK_CROSSWALK,35.007,0,2.671,0.8621,0.0000,vision,2.671,2.556,0.035,,,tracking,0.1450,0.2088,1,line_curve_center_riding,-0.1710,-0.1458,-0.5673,-0.9088,0.7271,6,0,0.0000,0,0.0172,0.4215,0.3416,0.7631,-0.5406,0.2088,IDLE,1,0,step_done_latches_cleared,0,0,0.000,0,nan,nan,nan,0.0000,0,nan,nan,0,5,0.6000,0.5892,0.4692,0.5892,0.0108,本圈台阶完成,1,0.0000,0.150,0.330
5784.870,SEEK_CROSSWALK,35.143,0,2.671,0.0000,0.0000,vision,2.671,2.556,0.035,,,tracking,0.1450,0.1907,1,line_curve_center_riding,-0.1597,-0.1354,-0.5412,-0.7274,0.7370,6,0,0.0000,0,0.0215,0.4058,0.1862,0.5920,-0.4680,0.1907,IDLE,1,0,step_done_latches_cleared,0,0,0.000,0,nan,nan,nan,0.0000,0,nan,nan,0,5,0.6000,0.5892,0.4692,0.5892,0.0108,本圈台阶完成,1,0.0000,0.150,0.330
5784.999,SEEK_CROSSWALK,35.271,0,2.671,0.0000,0.0000,vision,2.671,2.556,0.035,,,tracking,0.1450,0.1644,1,line_curve_center_riding,-0.1298,-0.1087,-0.4605,-0.5039,0.4571,3,0,0.0000,0,0.0086,0.3518,0.0434,0.3952,-0.3577,0.1644,IDLE,1,0,step_done_latches_cleared,0,0,0.000,0,nan,nan,nan,0.0000,0,nan,nan,0,5,0.6000,0.5892,0.4692,0.5892,0.0108,本圈台阶完成,1,0.0000,0.150,0.330
5785.126,SEEK_CROSSWALK,35.398,0,2.671,0.0000,0.0000,vision,2.671,2.556,0.035,,,tracking,0.1450,0.1464,1,line_curve_center_riding,-0.1190,-0.0970,-0.4640,-0.7574,0.7362,6,0,0.0000,0,0.0086,0.3670,0.2934,0.6604,-0.4395,0.1464,IDLE,1,0,step_done_latches_cleared,0,0,0.000,0,nan,nan,nan,0.0000,0,nan,nan,0,5,0.6000,0.5892,0.4692,0.5892,0.0108,本圈台阶完成,1,0.0000,0.150,0.330
5785.257,SEEK_CROSSWALK,35.529,0,2.671,0.0000,0.0000,vision,2.671,2.556,0.035,,,tracking,0.1450,0.1276,1,line_curve_center_riding,-0.1014,-0.0806,-0.4277,-0.4818,0.6625,5,0,0.0000,0,0.0000,0.3471,0.0541,0.4012,-0.3300,0.1276,IDLE,1,0,step_done_latches_cleared,0,0,0.000,0,nan,nan,nan,0.0000,0,nan,nan,0,5,0.6000,0.5892,0.4692,0.5892,0.0108,本圈台阶完成,1,0.0000,0.150,0.330
5785.386,SEEK_CROSSWALK,35.658,0,2.671,0.0000,0.0000,vision,2.671,2.556,0.035,,,tracking,0.1450,0.1087,1,line_curve_center_riding,-0.0840,-0.0635,-0.4052,-0.7612,0.7405,6,0,0.0000,0,0.0000,0.3417,0.3560,0.6977,-0.4100,0.1087,IDLE,1,0,step_done_latches_cleared,0,0,0.000,0,nan,nan,nan,0.0000,0,nan,nan,0,5,0.6000,0.5892,0.4692,0.5892,0.0108,本圈台阶完成,1,0.0000,0.150,0.330
5785.540,SEEK_CROSSWALK,35.812,0,2.671,0.0000,0.0000,vision,2.671,2.556,0.035,,,tracking,0.1450,0.1102,1,line_curve_center_riding,-0.1013,-0.0816,-0.4089,-0.7096,0.8412,7,0,0.0000,0,0.0043,0.3273,0.3006,0.6279,-0.4000,0.1102,IDLE,1,0,step_done_latches_cleared,0,0,0.000,0,nan,nan,nan,0.0000,0,nan,nan,0,5,0.6000,0.5892,0.4692,0.5892,0.0108,本圈台阶完成,1,0.0000,0.150,0.330
5785.670,SEEK_CROSSWALK,35.943,0,2.671,0.0000,0.0000,vision,2.671,2.556,0.035,,,tracking,0.1450,0.1159,1,line_curve_center_riding,-0.1117,-0.0932,-0.4022,-0.6772,0.9316,8,0,0.0000,0,0.0000,0.3090,0.2750,0.5840,-0.3909,0.1159,IDLE,1,0,step_done_latches_cleared,0,0,0.000,0,nan,nan,nan,0.0000,0,nan,nan,0,5,0.6000,0.5892,0.4692,0.5892,0.0108,本圈台阶完成,1,0.0000,0.150,0.330
5785.803,SEEK_CROSSWALK,36.075,0,2.671,0.0000,0.0000,vision,2.671,2.556,0.035,,,tracking,0.1450,0.1242,1,line_curve_center_riding,-0.1220,-0.1044,-0.3967,-0.6502,0.9362,8,0,0.0000,0,0.0043,0.2922,0.2535,0.5458,-0.3838,0.1242,IDLE,1,0,step_done_latches_cleared,0,0,0.000,0,nan,nan,nan,0.0000,0,nan,nan,0,5,0.6000,0.5892,0.4692,0.5892,0.0108,本圈台阶完成,1,0.0000,0.150,0.330
5785.938,SEEK_CROSSWALK,36.211,0,2.671,0.0000,0.0000,vision,2.671,2.556,0.035,,,tracking,0.1450,0.1354,1,line_curve_center_riding,-0.1351,-0.1185,-0.3963,-0.6263,0.9418,8,0,0.0000,0,0.0000,0.2779,0.2300,0.5079,-0.3804,0.1354,IDLE,1,0,step_done_latches_cleared,0,0,0.000,0,nan,nan,nan,0.0000,0,nan,nan,0,5,0.6000,0.5892,0.4692,0.5892,0.0108,本圈台阶完成,1,0.0000,0.150,0.330
5786.079,SEEK_CROSSWALK,36.351,0,2.671,0.0000,0.0000,vision,2.671,2.556,0.035,,,tracking,0.1450,0.1467,1,line_curve_center_riding,-0.1458,-0.1301,-0.3924,-0.6193,0.9430,8,0,0.0000,0,0.0043,0.2624,0.2269,0.4893,-0.3806,0.1467,IDLE,1,0,step_done_latches_cleared,0,0,0.000,0,nan,nan,nan,0.0000,0,nan,nan,0,5,0.6000,0.5892,0.4692,0.5892,0.0108,本圈台阶完成,1,0.0000,0.150,0.330
5786.210,SEEK_CROSSWALK,36.482,0,2.671,0.0000,0.0000,vision,2.671,2.556,0.035,,,tracking,0.1450,0.1581,1,line_curve_center_riding,-0.1565,-0.1412,-0.3954,-0.6189,0.9450,8,0,0.0000,0,0.0000,0.2542,0.2235,0.4776,-0.3852,0.1581,IDLE,1,0,step_done_latches_cleared,0,0,0.000,0,nan,nan,nan,0.0000,0,nan,nan,0,5,0.6000,0.5892,0.4692,0.5892,0.0108,本圈台阶完成,1,0.0000,0.150,0.330
5786.337,SEEK_CROSSWALK,36.609,0,2.671,0.0000,0.0000,vision,2.671,2.556,0.035,,,tracking,0.1450,0.1734,1,line_curve_center_riding,-0.1736,-0.1594,-0.3975,-0.6103,0.9472,8,0,0.0000,0,0.0000,0.2381,0.2129,0.4510,-0.3890,0.1734,IDLE,1,0,step_done_latches_cleared,0,0,0.000,0,nan,nan,nan,0.0000,0,nan,nan,0,5,0.6000,0.5892,0.4692,0.5892,0.0108,本圈台阶完成,1,0.0000,0.150,0.330
5786.472,SEEK_CROSSWALK,36.744,0,2.671,0.0000,0.0000,vision,2.671,2.556,0.035,,,tracking,0.1700,0.1872,1,line_curve_center_riding,-0.1857,-0.1726,-0.3906,-0.5836,0.9512,8,0,0.0000,0,0.0000,0.2180,0.1930,0.4110,-0.3823,0.1872,IDLE,1,0,step_done_latches_cleared,0,0,0.000,0,nan,nan,nan,0.0000,0,nan,nan,0,5,0.6000,0.5892,0.4692,0.5892,0.0108,本圈台阶完成,1,0.0000,0.150,0.330
5786.609,SEEK_CROSSWALK,36.881,0,2.671,0.6000,0.0000,vision,2.671,2.556,0.035,,,tracking,0.1700,0.1935,1,line_curve_center_riding,-0.1856,-0.1736,-0.3743,-0.5631,0.8668,7,0,0.0000,0,0.0000,0.2007,0.1888,0.3895,-0.3703,0.1935,IDLE,1,0,step_done_latches_cleared,0,0,0.000,0,nan,nan,nan,0.0000,0,nan,nan,0,5,0.6000,0.5892,0.4692,0.5892,0.0108,本圈台阶完成,1,0.0000,0.150,0.330
5786.745,SEEK_CROSSWALK,37.017,0,2.671,0.4000,0.0000,vision,2.671,2.556,0.035,,,tracking,0.1700,0.1962,1,line_curve_center_riding,-0.1844,-0.1730,-0.3627,-0.5405,0.9563,8,0,0.0000,0,0.0000,0.1896,0.1778,0.3674,-0.3587,0.1962,IDLE,1,0,step_done_latches_cleared,0,0,0.000,0,nan,nan,nan,0.0000,0,nan,nan,0,5,0.6000,0.5892,0.4692,0.5892,0.0108,本圈台阶完成,1,0.0000,0.150,0.330
5786.878,SEEK_CROSSWALK,37.150,0,2.671,0.0000,0.0000,vision,2.671,2.556,0.035,,,tracking,0.1700,0.1876,1,line_curve_center_riding,-0.1672,-0.1557,-0.3488,-0.5042,0.9582,8,0,0.0000,0,0.0000,0.1931,0.1554,0.3486,-0.3362,0.1876,IDLE,1,0,step_done_latches_cleared,0,0,0.000,0,nan,nan,nan,0.0000,0,nan,nan,0,5,0.6000,0.5892,0.4692,0.5892,0.0108,本圈台阶完成,1,0.0000,0.150,0.330
5787.010,SEEK_CROSSWALK,37.282,0,2.671,0.2000,0.0000,vision,2.671,2.556,0.035,,,tracking,0.1700,0.1790,1,line_curve_center_riding,-0.1582,-0.1477,-0.3224,-0.4699,0.9632,8,0,0.4567,0,0.0000,0.1747,0.1475,0.3222,-0.3134,0.1790,IDLE,1,0,step_done_latches_cleared,0,0,0.000,0,nan,nan,nan,0.0000,0,nan,nan,0,5,0.6000,0.5892,0.4692,0.5892,0.0108,本圈台阶完成,1,0.0000,0.150,0.330
5787.150,SEEK_CROSSWALK,37.422,0,2.671,0.6000,0.0000,vision,2.671,2.556,0.035,,,tracking,0.1700,0.1735,1,line_curve_center_riding,-0.1554,-0.1462,-0.3000,-0.4244,0.8775,7,0,0.5178,0,0.0000,0.1538,0.1244,0.2782,-0.2902,0.1735,IDLE,1,0,step_done_latches_cleared,0,0,0.000,0,nan,nan,nan,0.0000,0,nan,nan,0,5,0.6000,0.5892,0.4692,0.5892,0.0108,本圈台阶完成,1,0.0000,0.150,0.330
5787.290,SEEK_CROSSWALK,37.562,0,2.671,0.2000,0.0000,vision,2.671,2.556,0.035,,,tracking,0.1700,0.1654,1,line_curve_center_riding,-0.1462,-0.1379,-0.2765,-0.3983,0.9701,8,0,0.4728,0,0.0000,0.1386,0.1218,0.2603,-0.2709,0.1654,IDLE,1,0,step_done_latches_cleared,0,0,0.000,0,nan,nan,nan,0.0000,0,nan,nan,0,5,0.6000,0.5892,0.4692,0.5892,0.0108,本圈台阶完成,1,0.0000,0.150,0.330
5787.423,SEEK_CROSSWALK,37.695,0,2.671,0.4000,0.0000,vision,2.671,2.556,0.035,,,tracking,0.1700,0.1531,1,line_curve_center_riding,-0.1313,-0.1232,-0.2587,-0.3773,0.9717,8,0,0.6689,0,0.0000,0.1355,0.1186,0.2541,-0.2531,0.1531,IDLE,1,0,step_done_latches_cleared,0,0,0.000,0,nan,nan,nan,0.0000,0,nan,nan,0,5,0.6000,0.5892,0.4692,0.5892,0.0108,本圈台阶完成,1,0.0000,0.150,0.330
5787.558,SEEK_CROSSWALK,37.830,0,2.671,0.4000,0.0000,vision,2.671,2.556,0.035,,,tracking,0.1700,0.1471,1,line_curve_center_riding,-0.1303,-0.1232,-0.2422,-0.3461,0.9742,8,1,0.8811,0,0.0000,0.1190,0.1039,0.2230,-0.2371,0.1471,IDLE,1,0,step_done_latches_cleared,0,0,0.000,0,nan,nan,nan,0.0000,0,nan,nan,0,5,0.6000,0.5892,0.4692,0.5892,0.0108,本圈台阶完成,1,0.0000,0.150,0.330
5787.694,CROSSWALK_APPROACH,0.000,0,2.671,0.4000,0.0000,vision,2.671,2.556,0.035,,,tracking,0.1700,0.1331,1,line_curve_center_riding,-0.1232,-0.1167,-0.2261,-0.3224,0.9760,8,1,0.9711,0,0.0000,0.1094,0.0963,0.2057,-0.2217,0.1331,IDLE,1,0,step_done_latches_cleared,0,0,0.000,0,nan,nan,nan,0.0000,0,nan,nan,0,5,0.6000,0.5892,0.4692,0.5892,0.0108,本圈台阶完成,1,0.0000,0.150,0.330
5787.834,CROSSWALK_APPROACH,0.140,0,2.671,0.2000,0.0000,vision,2.671,2.556,0.035,,,tracking,0.1700,0.1284,1,line_curve_center_riding,-0.1152,-0.1092,-0.2095,-0.2978,0.9780,8,1,0.8039,0,0.0000,0.1003,0.0883,0.1886,-0.2055,0.1284,IDLE,1,0,step_done_latches_cleared,0,0,0.000,0,nan,nan,nan,0.0000,0,nan,nan,0,5,0.6000,0.5892,0.4692,0.5892,0.0108,本圈台阶完成,1,0.0000,0.150,0.330
5787.969,CROSSWALK_APPROACH,0.274,0,2.671,0.4000,0.0000,vision,2.671,2.556,0.035,,,tracking,0.2159,0.1327,1,line_center_tracking,-0.1258,-0.1000,-0.1924,-0.2756,0.9795,8,1,1.0000,0,0.0043,0.0924,0.0833,0.1757,-0.1893,0.1327,IDLE,1,0,step_done_latches_cleared,0,0,0.000,0,nan,nan,nan,0.0000,0,nan,nan,0,5,0.6000,0.5892,0.4692,0.5892,0.0108,本圈台阶完成,1,0.0000,0.150,0.330
5788.104,CROSSWALK_APPROACH,0.410,0,2.671,0.2000,0.0000,vision,2.671,2.556,0.035,,,tracking,0.2178,0.1251,1,line_center_tracking,-0.1102,-0.0864,-0.1712,-0.2484,0.9811,8,1,1.0000,0,0.0086,0.0847,0.0772,0.1620,-0.1687,0.1251,IDLE,1,0,step_done_latches_cleared,0,0,0.000,0,nan,nan,nan,0.0000,0,nan,nan,0,5,0.6000,0.5892,0.4692,0.5892,0.0108,本圈台阶完成,1,0.0000,0.150,0.330
5788.242,CROSSWALK_APPROACH,0.547,0,2.671,0.4000,0.0000,vision,2.671,2.556,0.035,,,tracking,0.2212,0.1120,1,line_center_tracking,-0.0927,-0.0707,-0.1494,-0.2203,0.9826,8,1,0.9872,0,0.0043,0.0787,0.0709,0.1496,-0.1468,0.1120,IDLE,1,0,step_done_latches_cleared,0,0,0.000,0,nan,nan,nan,0.0000,0,nan,nan,0,5,0.6000,0.5892,0.4692,0.5892,0.0108,本圈台阶完成,1,0.0000,0.150,0.330
5788.377,CROSSWALK_APPROACH,0.682,0,2.671,0.4000,0.0000,vision,2.671,2.556,0.035,,,tracking,0.2253,0.0961,1,line_center_tracking,-0.0752,-0.0546,-0.1282,-0.1937,0.9838,8,1,1.0000,0,0.0000,0.0737,0.0655,0.1391,-0.1255,0.0961,IDLE,1,0,step_done_latches_cleared,0,0,0.000,0,nan,nan,nan,0.0000,0,nan,nan,0,5,0.6000,0.5892,0.4692,0.5892,0.0108,本圈台阶完成,1,0.0000,0.150,0.330
5788.511,CROSSWALK_APPROACH,0.817,0,2.671,0.6000,0.0000,vision,2.671,2.556,0.035,,,tracking,0.2322,0.0659,1,line_center_tracking,-0.0357,-0.0098,-0.1022,-0.1704,0.8932,7,0,0.4117,0,0.0043,0.0923,0.0682,0.1606,-0.0941,0.0659,IDLE,1,0,step_done_latches_cleared,0,0,0.000,0,nan,nan,nan,0.0000,0,nan,nan,0,5,0.6000,0.5892,0.4692,0.5892,0.0108,本圈台阶完成,1,0.0000,0.150,0.330
5788.658,CROSSWALK_APPROACH,0.964,0,2.671,0.6000,0.0000,vision,2.671,2.556,0.035,,,tracking,0.2357,0.0555,1,line_center_tracking,-0.0401,-0.0321,-0.0606,-0.0760,0.9567,8,1,0.7139,0,0.0000,0.0285,0.0154,0.0439,-0.0562,0.0555,IDLE,1,0,step_done_latches_cleared,0,0,0.000,0,nan,nan,nan,0.0000,0,nan,nan,0,5,0.6000,0.5892,0.4692,0.5892,0.0108,本圈台阶完成,1,0.0000,0.150,0.330
5788.796,CROSSWALK_APPROACH,1.101,0,2.671,0.4000,0.0000,vision,2.671,2.556,0.035,,,tracking,0.2378,0.0473,1,line_center_tracking,-0.0362,-0.0172,-0.0850,-0.1258,0.9839,8,1,0.6978,0,0.0043,0.0677,0.0408,0.1086,-0.0760,0.0473,IDLE,1,0,step_done_latches_cleared,0,0,0.000,0,nan,nan,nan,0.0000,0,nan,nan,0,5,0.6000,0.5892,0.4692,0.5892,0.0108,本圈台阶完成,1,0.0000,0.150,0.330
5788.934,CROSSWALK_APPROACH,1.240,0,2.671,0.4000,0.0000,vision,2.671,2.556,0.035,,,tracking,0.2373,0.0486,1,line_center_tracking,-0.0452,-0.0245,-0.0986,-0.1153,0.8054,6,1,0.8778,0,0.0043,0.0741,0.0167,0.0908,-0.0794,0.0486,IDLE,1,0,step_done_latches_cleared,0,0,0.000,0,nan,nan,nan,0.0000,0,nan,nan,0,5,0.6000,0.5892,0.4692,0.5892,0.0108,本圈台阶完成,1,0.0000,0.150,0.330
5789.070,CROSSWALK_APPROACH,1.376,0,2.671,0.4000,0.0000,vision,2.671,2.556,0.035,,,tracking,0.2368,0.0436,1,line_center_tracking,-0.0365,-0.0152,-0.0910,-0.1343,0.9842,8,1,0.9839,0,0.0000,0.0758,0.0433,0.1191,-0.0802,0.0436,IDLE,1,0,step_done_latches_cleared,0,0,0.000,0,nan,nan,nan,0.0000,0,nan,nan,0,5,0.6000,0.5892,0.4692,0.5892,0.0108,本圈台阶完成,1,0.0000,0.150,0.330
5789.221,CROSSWALK_STOP,0.000,0,2.671,0.4000,0.0000,vision,2.671,2.556,0.035,,,crosswalk_stop,0.0000,0.0000,1,line_center_tracking,-0.0453,-0.0278,-0.0903,-0.1291,0.8992,7,1,0.9389,0,0.0086,0.0625,0.0389,0.1013,-0.0824,0.0000,IDLE,1,0,step_done_latches_cleared,0,0,0.000,0,nan,nan,nan,0.0000,0,nan,nan,0,5,0.6000,0.5892,0.4692,0.5892,0.0108,本圈台阶完成,1,0.0000,0.150,0.330
5789.370,CROSSWALK_STOP,0.150,0,2.671,0.4000,0.0000,vision,2.671,2.556,0.035,,,crosswalk_stop,0.0000,0.0000,1,line_center_tracking,-0.0298,-0.0130,-0.0730,-0.1236,0.8969,7,1,0.7878,0,0.0043,0.0601,0.0506,0.1107,-0.0699,0.0000,IDLE,1,0,step_done_latches_cleared,0,0,0.000,0,nan,nan,nan,0.0000,0,nan,nan,0,5,0.6000,0.5892,0.4692,0.5892,0.0108,本圈台阶完成,1,0.0000,0.150,0.330
5789.504,CROSSWALK_STOP,0.283,0,2.671,0.4000,0.0000,vision,2.671,2.556,0.035,,,crosswalk_stop,0.0000,0.0000,1,line_center_tracking,-0.0363,-0.0213,-0.0749,-0.1183,0.9890,8,1,1.0000,0,0.0086,0.0536,0.0434,0.0970,-0.0715,0.0000,IDLE,1,0,step_done_latches_cleared,0,0,0.000,0,nan,nan,nan,0.0000,0,nan,nan,0,5,0.6000,0.5892,0.4692,0.5892,0.0108,本圈台阶完成,1,0.0000,0.150,0.330
5789.653,CROSSWALK_STOP,0.432,0,2.671,0.6000,0.0000,vision,2.671,2.556,0.035,,,crosswalk_stop,0.0000,0.0000,1,line_center_tracking,-0.0433,-0.0291,-0.0795,-0.1211,0.9019,7,1,0.8939,0,0.0043,0.0504,0.0415,0.0919,-0.0766,0.0000,IDLE,1,0,step_done_latches_cleared,0,0,0.000,0,nan,nan,nan,0.0000,0,nan,nan,0,5,0.6000,0.5892,0.4692,0.5892,0.0108,本圈台阶完成,1,0.0000,0.150,0.330
5789.790,CROSSWALK_STOP,0.570,0,2.671,0.6000,0.0000,vision,2.671,2.556,0.035,,,crosswalk_stop,0.0000,0.0000,1,line_center_tracking,-0.0827,-0.0531,-0.1588,-0.1597,0.8788,7,0,0.5917,0,0.0043,0.1057,0.0009,0.1066,-0.1239,0.0000,IDLE,1,0,step_done_latches_cleared,0,0,0.000,0,nan,nan,nan,0.0000,0,nan,nan,0,5,0.6000,0.5892,0.4692,0.5892,0.0108,本圈台阶完成,1,0.0000,0.150,0.330
5789.943,CROSSWALK_STOP,0.722,0,2.671,0.4000,0.0000,vision,2.671,2.556,0.035,,,crosswalk_stop,0.0000,0.0000,1,line_center_tracking,-0.0823,-0.0691,-0.1164,-0.1421,0.9011,7,1,0.9711,0,0.0086,0.0473,0.0257,0.0730,-0.1092,0.0000,IDLE,1,0,step_done_latches_cleared,0,0,0.000,0,nan,nan,nan,0.0000,0,nan,nan,0,5,0.6000,0.5892,0.4692,0.5892,0.0108,本圈台阶完成,1,0.0000,0.150,0.330
5790.077,CROSSWALK_STOP,0.857,0,2.671,0.6000,0.0000,vision,2.671,2.556,0.035,,,crosswalk_stop,0.0000,0.0000,1,line_center_tracking,-0.0803,-0.0732,-0.0984,-0.1398,0.8130,6,1,0.8650,0,0.0043,0.0252,0.0414,0.0666,-0.1038,0.0000,IDLE,1,0,step_done_latches_cleared,0,0,0.000,0,nan,nan,nan,0.0000,0,nan,nan,0,5,0.6000,0.5892,0.4692,0.5892,0.0108,本圈台阶完成,1,0.0000,0.150,0.330
5790.219,CROSSWALK_STOP,0.998,0,2.671,0.6000,0.0000,vision,2.671,2.556,0.035,,,crosswalk_stop,0.0000,0.0000,1,line_center_tracking,-0.0705,-0.0573,-0.1046,-0.1471,0.9873,8,1,0.8489,0,0.0043,0.0473,0.0425,0.0898,-0.1030,0.0000,IDLE,1,0,step_done_latches_cleared,0,0,0.000,0,nan,nan,nan,0.0000,0,nan,nan,0,5,0.6000,0.5892,0.4692,0.5892,0.0108,本圈台阶完成,1,0.0000,0.150,0.330
5790.385,CROSSWALK_STOP,1.164,0,2.671,0.6000,0.0000,vision,2.671,2.556,0.035,,,crosswalk_stop,0.0000,0.0000,1,line_center_tracking,-0.0742,-0.0612,-0.1075,-0.1476,0.9897,8,1,0.9100,0,0.0086,0.0463,0.0401,0.0864,-0.1054,0.0000,IDLE,1,0,step_done_latches_cleared,0,0,0.000,0,nan,nan,nan,0.0000,0,nan,nan,0,5,0.6000,0.5892,0.4692,0.5892,0.0108,本圈台阶完成,1,0.0000,0.150,0.330
5790.532,CROSSWALK_STOP,1.311,0,2.671,0.6000,0.0000,vision,2.671,2.556,0.035,,,crosswalk_stop,0.0000,0.0000,1,line_center_tracking,-0.0753,-0.0576,-0.1208,-0.1496,0.8998,7,1,0.8650,0,0.0043,0.0632,0.0288,0.0920,-0.1093,0.0000,IDLE,1,0,step_done_latches_cleared,0,0,0.000,0,nan,nan,nan,0.0000,0,nan,nan,0,5,0.6000,0.5892,0.4692,0.5892,0.0108,本圈台阶完成,1,0.0000,0.150,0.330
5790.673,CROSSWALK_STOP,1.452,0,2.671,0.6000,0.0000,vision,2.671,2.556,0.035,,,crosswalk_stop,0.0000,0.0000,1,line_center_tracking,-0.0899,-0.0763,-0.1250,-0.1602,0.9882,8,1,1.0000,0,0.0129,0.0487,0.0352,0.0839,-0.1205,0.0000,IDLE,1,0,step_done_latches_cleared,0,0,0.000,0,nan,nan,nan,0.0000,0,nan,nan,0,5,0.6000,0.5892,0.4692,0.5892,0.0108,本圈台阶完成,1,0.0000,0.150,0.330
5790.827,CROSSWALK_STOP,1.606,0,2.671,0.8000,0.0000,vision,2.671,2.556,0.035,,,crosswalk_stop,0.0000,0.0000,1,line_center_tracking,-0.0792,-0.0652,-0.1151,-0.1583,0.9016,7,1,1.0000,0,0.0086,0.0499,0.0432,0.0931,-0.1129,0.0000,IDLE,1,0,step_done_latches_cleared,0,0,0.000,0,nan,nan,nan,0.0000,0,nan,nan,0,5,0.6000,0.5892,0.4692,0.5892,0.0108,本圈台阶完成,1,0.0000,0.150,0.330
5790.974,CROSSWALK_STOP,1.753,0,2.671,0.4000,0.0000,vision,2.671,2.556,0.035,,,crosswalk_stop,0.0000,0.0000,1,line_center_tracking,-0.0753,-0.0576,-0.1208,-0.1615,0.9864,8,1,1.0000,0,0.0129,0.0632,0.0407,0.1039,-0.1133,0.0000,IDLE,1,0,step_done_latches_cleared,0,0,0.000,0,nan,nan,nan,0.0000,0,nan,nan,0,5,0.6000,0.5892,0.4692,0.5892,0.0108,本圈台阶完成,1,0.0000,0.150,0.330
5791.126,CROSSWALK_STOP,1.905,0,2.671,0.6000,0.0000,vision,2.671,2.556,0.035,,,crosswalk_stop,0.0000,0.0000,1,line_center_tracking,-0.0698,-0.0544,-0.1095,-0.1605,0.9882,8,1,1.0000,0,0.0000,0.0551,0.0510,0.1062,-0.1081,0.0000,IDLE,1,0,step_done_latches_cleared,0,0,0.000,0,nan,nan,nan,0.0000,0,nan,nan,0,5,0.6000,0.5892,0.4692,0.5892,0.0108,本圈台阶完成,1,0.0000,0.150,0.330
5791.266,CROSSWALK_STOP,2.046,0,2.671,0.4000,0.0000,vision,2.671,2.556,0.035,,,crosswalk_stop,0.0000,0.0000,1,line_center_tracking,-0.0628,-0.0484,-0.0998,-0.1542,0.9875,8,1,1.0000,0,0.0086,0.0514,0.0544,0.1058,-0.1008,0.0000,IDLE,1,0,step_done_latches_cleared,0,0,0.000,0,nan,nan,nan,0.0000,0,nan,nan,0,5,0.6000,0.5892,0.4692,0.5892,0.0108,本圈台阶完成,1,0.0000,0.150,0.330
5791.403,CROSSWALK_STOP,2.183,0,2.671,0.4000,0.0000,vision,2.671,2.556,0.035,,,crosswalk_stop,0.0000,0.0000,1,line_center_tracking,-0.0586,-0.0432,-0.0983,-0.1487,0.9877,8,1,1.0000,0,0.0215,0.0552,0.0504,0.1056,-0.0968,0.0000,IDLE,1,0,step_done_latches_cleared,0,0,0.000,0,nan,nan,nan,0.0000,0,nan,nan,0,5,0.6000,0.5892,0.4692,0.5892,0.0108,本圈台阶完成,1,0.0000,0.150,0.330
5791.567,CROSSWALK_STOP,2.347,0,2.671,0.4000,0.0000,vision,2.671,2.556,0.035,,,crosswalk_stop,0.0000,0.0000,1,line_center_tracking,-0.0556,-0.0393,-0.0975,-0.1473,0.9873,8,1,1.0000,0,0.0086,0.0581,0.0499,0.1080,-0.0947,0.0000,IDLE,1,0,step_done_latches_cleared,0,0,0.000,0,nan,nan,nan,0.0000,0,nan,nan,0,5,0.6000,0.5892,0.4692,0.5892,0.0108,本圈台阶完成,1,0.0000,0.150,0.330
5791.703,CROSSWALK_STOP,2.482,0,2.671,0.4000,0.0000,vision,2.671,2.556,0.035,,,crosswalk_stop,0.0000,0.0000,1,line_center_tracking,-0.0527,-0.0377,-0.0913,-0.1454,0.9865,8,1,1.0000,0,0.0043,0.0536,0.0542,0.1077,-0.0915,0.0000,IDLE,1,0,step_done_latches_cleared,0,0,0.000,0,nan,nan,nan,0.0000,0,nan,nan,0,5,0.6000,0.5892,0.4692,0.5892,0.0108,本圈台阶完成,1,0.0000,0.150,0.330
5791.838,CROSSWALK_STOP,2.617,0,2.671,0.4000,0.0000,vision,2.671,2.556,0.035,,,crosswalk_stop,0.0000,0.0000,1,line_center_tracking,-0.0552,-0.0382,-0.0990,-0.1519,0.9867,8,1,1.0000,0,0.0043,0.0608,0.0529,0.1137,-0.0963,0.0000,IDLE,1,0,step_done_latches_cleared,0,0,0.000,0,nan,nan,nan,0.0000,0,nan,nan,0,5,0.6000,0.5892,0.4692,0.5892,0.0108,本圈台阶完成,1,0.0000,0.150,0.330
5791.978,CROSSWALK_STOP,2.757,0,2.671,0.6000,0.0000,vision,2.671,2.556,0.035,,,crosswalk_stop,0.0000,0.0000,1,line_center_tracking,-0.0517,-0.0340,-0.0973,-0.1514,0.8975,7,1,0.6528,0,0.0043,0.0633,0.0542,0.1174,-0.0942,0.0000,IDLE,1,0,step_done_latches_cleared,0,0,0.000,0,nan,nan,nan,0.0000,0,nan,nan,0,5,0.6000,0.5892,0.4692,0.5892,0.0108,本圈台阶完成,1,0.0000,0.150,0.330
5792.124,CROSSWALK_STOP,2.904,0,2.671,0.6000,0.0000,vision,2.671,2.556,0.035,,,crosswalk_stop,0.0000,0.0000,1,line_center_tracking,-0.0524,-0.0442,-0.0737,0.0468,0.8872,7,1,0.9550,0,0.0043,0.0295,0.1205,0.0910,-0.0237,0.0000,IDLE,1,0,step_done_latches_cleared,0,0,0.000,0,nan,nan,nan,0.0000,0,nan,nan,0,5,0.6000,0.5892,0.4692,0.5892,0.0108,本圈台阶完成,1,0.0000,0.150,0.330
5792.270,CROSSWALK_STOP,3.049,0,2.671,0.8000,0.0000,vision,2.671,2.556,0.035,,,crosswalk_stop,0.0000,0.0000,1,line_center_tracking,-0.0466,-0.0326,-0.0827,-0.1316,0.8968,7,1,0.9389,0,0.0043,0.0501,0.0489,0.0990,-0.0823,0.0000,IDLE,1,0,step_done_latches_cleared,0,0,0.000,0,nan,nan,nan,0.0000,0,nan,nan,0,5,0.6000,0.5892,0.4692,0.5892,0.0108,本圈台阶完成,1,0.0000,0.150,0.330
5792.410,CROSSWALK_STOP,3.190,0,2.671,0.6000,0.0000,vision,2.671,2.556,0.035,,,crosswalk_stop,0.0000,0.0000,1,line_center_tracking,-0.0456,-0.0278,-0.0912,-0.1469,0.9856,8,1,0.9389,0,0.0086,0.0634,0.0557,0.1191,-0.0887,0.0000,IDLE,1,0,step_done_latches_cleared,0,0,0.000,0,nan,nan,nan,0.0000,0,nan,nan,0,5,0.6000,0.5892,0.4692,0.5892,0.0108,本圈台阶完成,1,0.0000,0.150,0.330
5792.545,CROSSWALK_STOP,3.324,0,2.671,0.6000,0.0000,vision,2.671,2.556,0.035,,,crosswalk_stop,0.0000,0.0000,1,line_curve_center_riding,-0.0193,-0.0150,-0.0865,-0.2175,0.8880,7,1,0.9550,0,0.0043,0.0715,0.1310,0.2025,-0.1063,0.0000,IDLE,1,0,step_done_latches_cleared,0,0,0.000,0,nan,nan,nan,0.0000,0,nan,nan,0,5,0.6000,0.5892,0.4692,0.5892,0.0108,本圈台阶完成,1,0.0000,0.150,0.330
5792.689,CROSSWALK_STOP,3.469,0,2.671,0.4000,0.0000,vision,2.671,2.556,0.035,,,crosswalk_stop,0.0000,0.0000,1,line_center_tracking,-0.0216,-0.0028,-0.0700,-0.1322,0.9856,8,1,0.7878,0,0.0086,0.0673,0.0622,0.1294,-0.0683,0.0000,IDLE,1,0,step_done_latches_cleared,0,0,0.000,0,nan,nan,nan,0.0000,0,nan,nan,0,5,0.6000,0.5892,0.4692,0.5892,0.0108,本圈台阶完成,1,0.0000,0.150,0.330
5792.826,CROSSWALK_STOP,3.605,0,2.671,0.6000,0.0000,vision,2.671,2.556,0.035,,,crosswalk_stop,0.0000,0.0000,1,line_center_tracking,-0.0139,0.0039,-0.0595,-0.1172,0.9859,8,1,0.8939,0,0.0086,0.0634,0.0577,0.1211,-0.0576,0.0000,IDLE,1,0,step_done_latches_cleared,0,0,0.000,0,nan,nan,nan,0.0000,0,nan,nan,0,5,0.6000,0.5892,0.4692,0.5892,0.0108,本圈台阶完成,1,0.0000,0.150,0.330
5792.992,CROSSWALK_STOP,3.771,0,2.671,0.6000,0.0000,vision,2.671,2.556,0.035,,,crosswalk_stop,0.0000,0.0000,1,line_center_tracking,-0.0104,0.0071,-0.0554,-0.1111,0.9865,8,1,0.8200,0,0.0086,0.0625,0.0557,0.1183,-0.0531,0.0000,IDLE,1,0,step_done_latches_cleared,0,0,0.000,0,nan,nan,nan,0.0000,0,nan,nan,0,5,0.6000,0.5892,0.4692,0.5892,0.0108,本圈台阶完成,1,0.0000,0.150,0.330
5793.132,CROSSWALK_STOP,3.912,0,2.671,0.4000,0.0000,vision,2.671,2.556,0.035,,,crosswalk_stop,0.0000,0.0000,1,line_center_tracking,-0.0071,0.0105,-0.0521,-0.1067,0.9864,8,1,0.6978,0,0.0043,0.0626,0.0546,0.1171,-0.0494,0.0000,IDLE,1,0,step_done_latches_cleared,0,0,0.000,0,nan,nan,nan,0.0000,0,nan,nan,0,5,0.6000,0.5892,0.4692,0.5892,0.0108,本圈台阶完成,1,0.0000,0.150,0.330
5793.283,CROSSWALK_STOP,4.062,0,2.671,0.4000,0.0000,vision,2.671,2.556,0.035,,,crosswalk_stop,0.0000,0.0000,1,line_center_tracking,-0.0077,0.0097,-0.0523,-0.1068,0.9863,8,1,1.0000,0,0.0043,0.0620,0.0545,0.1165,-0.0498,0.0000,IDLE,1,0,step_done_latches_cleared,0,0,0.000,0,nan,nan,nan,0.0000,0,nan,nan,0,5,0.6000,0.5892,0.4692,0.5892,0.0108,本圈台阶完成,1,0.0000,0.150,0.330
5793.422,CROSSWALK_STOP,4.201,0,2.671,0.6000,0.0000,vision,2.671,2.556,0.035,,,crosswalk_stop,0.0000,0.0000,1,line_center_tracking,-0.0113,0.0062,-0.0563,-0.1109,0.8989,7,1,0.8328,0,0.0086,0.0624,0.0546,0.1170,-0.0537,0.0000,IDLE,1,0,step_done_latches_cleared,0,0,0.000,0,nan,nan,nan,0.0000,0,nan,nan,0,5,0.6000,0.5892,0.4692,0.5892,0.0108,本圈台阶完成,1,0.0000,0.150,0.330
5793.566,CROSSWALK_STOP,4.345,0,2.671,0.4000,0.0000,vision,2.671,2.556,0.035,,,crosswalk_stop,0.0000,0.0000,1,line_center_tracking,-0.0162,0.0009,-0.0603,-0.1136,0.9866,8,1,1.0000,0,0.0000,0.0612,0.0534,0.1145,-0.0577,0.0000,IDLE,1,0,step_done_latches_cleared,0,0,0.000,0,nan,nan,nan,0.0000,0,nan,nan,0,5,0.6000,0.5892,0.4692,0.5892,0.0108,本圈台阶完成,1,0.0000,0.150,0.330
5793.703,CROSSWALK_STOP,4.482,0,2.671,0.6000,0.0000,vision,2.671,2.556,0.035,,,crosswalk_stop,0.0000,0.0000,1,line_center_tracking,-0.0230,-0.0056,-0.0679,-0.1209,0.9866,8,1,0.8328,0,0.0043,0.0623,0.0530,0.1153,-0.0648,0.0000,IDLE,1,0,step_done_latches_cleared,0,0,0.000,0,nan,nan,nan,0.0000,0,nan,nan,0,5,0.6000,0.5892,0.4692,0.5892,0.0108,本圈台阶完成,1,0.0000,0.150,0.330
5793.853,CROSSWALK_STOP,4.633,0,2.671,0.6000,0.0000,vision,2.671,2.556,0.035,,,crosswalk_stop,0.0000,0.0000,1,line_center_tracking,-0.0300,-0.0130,-0.0738,-0.1277,0.8993,7,1,1.0000,0,0.0043,0.0608,0.0538,0.1147,-0.0715,0.0000,IDLE,1,0,step_done_latches_cleared,0,0,0.000,0,nan,nan,nan,0.0000,0,nan,nan,0,5,0.6000,0.5892,0.4692,0.5892,0.0108,本圈台阶完成,1,0.0000,0.150,0.330
5793.989,CROSSWALK_STOP,4.769,0,2.671,0.4000,0.0000,vision,2.671,2.556,0.035,,,crosswalk_stop,0.0000,0.0000,1,line_center_tracking,-0.0373,-0.0200,-0.0818,-0.1331,0.9870,8,1,1.0000,0,0.0043,0.0618,0.0513,0.1132,-0.0783,0.0000,IDLE,1,0,step_done_latches_cleared,0,0,0.000,0,nan,nan,nan,0.0000,0,nan,nan,0,5,0.6000,0.5892,0.4692,0.5892,0.0108,本圈台阶完成,1,0.0000,0.150,0.330
5794.130,CROSSWALK_STOP,4.909,0,2.671,0.6000,0.0000,vision,2.671,2.556,0.035,,,crosswalk_stop,0.0000,0.0000,1,line_center_tracking,-0.0439,-0.0285,-0.0834,-0.1389,0.9864,8,1,0.7428,0,0.0215,0.0549,0.0555,0.1104,-0.0836,0.0000,IDLE,1,0,step_done_latches_cleared,0,0,0.000,0,nan,nan,nan,0.0000,0,nan,nan,0,5,0.6000,0.5892,0.4692,0.5892,0.0108,本圈台阶完成,1,0.0000,0.150,0.330
5794.272,SEEK_FINISH,0.000,0,2.671,0.6816,0.0000,vision,2.671,2.556,0.035,,,tracking,0.0507,0.0583,1,line_center_tracking,-0.0540,-0.0376,-0.0962,-0.1491,0.8091,6,1,0.8939,0,0.0129,0.0586,0.0530,0.1116,-0.0943,0.0583,IDLE,1,0,step_done_latches_cleared,0,0,0.000,0,nan,nan,nan,0.0000,0,nan,nan,0,5,0.6000,0.5892,0.4692,0.5892,0.0108,本圈台阶完成,1,0.0000,0.150,0.330
5794.413,SEEK_FINISH,0.141,0,2.671,0.7872,0.0000,vision,2.671,2.556,0.035,,,tracking,0.1013,0.0608,1,line_center_tracking,-0.0584,-0.0508,-0.0779,-0.0179,0.8037,6,1,0.8328,0,0.0172,0.0271,0.0600,0.0329,-0.0488,0.0608,IDLE,1,0,step_done_latches_cleared,0,0,0.000,0,nan,nan,nan,0.0000,0,nan,nan,0,5,0.6000,0.5892,0.4692,0.5892,0.0108,本圈台阶完成,1,0.0000,0.150,0.330
5794.546,SEEK_FINISH,0.274,0,2.671,0.6000,0.0000,vision,2.671,2.556,0.035,,,tracking,0.1518,0.0601,1,line_center_tracking,-0.0553,-0.0404,-0.0936,-0.1433,0.9865,8,1,0.8939,0,0.0086,0.0532,0.0497,0.1029,-0.0924,0.0601,IDLE,1,0,step_done_latches_cleared,0,0,0.000,0,nan,nan,nan,0.0000,0,nan,nan,0,5,0.6000,0.5892,0.4692,0.5892,0.0108,本圈台阶完成,1,0.0000,0.150,0.330
5794.682,SEEK_FINISH,0.410,0,2.671,0.8000,0.0000,vision,2.671,2.556,0.035,,,tracking,0.2025,0.0574,1,line_center_tracking,-0.0510,-0.0414,-0.0756,-0.1302,0.8990,7,1,0.9839,0,0.0086,0.0342,0.0546,0.0888,-0.0824,0.0574,IDLE,1,0,step_done_latches_cleared,0,0,0.000,0,nan,nan,nan,0.0000,0,nan,nan,0,5,0.6000,0.5892,0.4692,0.5892,0.0108,本圈台阶完成,1,0.0000,0.150,0.330
5794.818,SEEK_FINISH,0.546,0,2.671,0.2000,0.0000,vision,2.671,2.556,0.035,,,tracking,0.2381,0.0462,1,line_center_tracking,-0.0336,-0.0192,-0.0707,-0.1172,0.9887,8,1,1.0000,0,0.0043,0.0515,0.0465,0.0980,-0.0690,0.0462,IDLE,1,0,step_done_latches_cleared,0,0,0.000,0,nan,nan,nan,0.0000,0,nan,nan,0,5,0.6000,0.5892,0.4692,0.5892,0.0108,本圈台阶完成,1,0.0000,0.150,0.330
5794.976,SEEK_FINISH,0.703,0,2.671,0.4000,0.0000,vision,2.671,2.556,0.035,,,tracking,0.2391,0.0307,1,line_center_tracking,-0.0148,-0.0003,-0.0520,-0.0980,0.9886,8,1,1.0000,0,0.0129,0.0517,0.0460,0.0976,-0.0501,0.0307,IDLE,1,0,step_done_latches_cleared,0,0,0.000,0,nan,nan,nan,0.0000,0,nan,nan,0,5,0.6000,0.5892,0.4692,0.5892,0.0108,本圈台阶完成,1,0.0000,0.150,0.330
5795.110,SEEK_FINISH,0.838,0,2.671,0.4000,0.0000,vision,2.671,2.556,0.035,,,tracking,0.2392,0.0192,1,line_center_tracking,-0.0074,0.0077,-0.0463,-0.0894,0.9011,7,1,1.0000,0,0.0129,0.0540,0.0431,0.0971,-0.0426,0.0192,IDLE,1,0,step_done_latches_cleared,0,0,0.000,0,nan,nan,nan,0.0000,0,nan,nan,0,5,0.6000,0.5892,0.4692,0.5892,0.0108,本圈台阶完成,1,0.0000,0.150,0.330
5795.250,SEEK_FINISH,0.978,0,2.671,0.6000,0.0000,vision,2.671,2.556,0.035,,,tracking,0.2394,0.0091,1,line_center_tracking,0.0008,0.0152,-0.0364,-0.0799,0.9888,8,1,1.0000,0,0.0086,0.0516,0.0435,0.0951,-0.0337,0.0091,IDLE,1,0,step_done_latches_cleared,0,0,0.000,0,nan,nan,nan,0.0000,0,nan,nan,0,5,0.6000,0.5892,0.4692,0.5892,0.0108,本圈台阶完成,1,0.0000,0.150,0.330
5795.414,SEEK_FINISH,1.141,0,2.671,0.6000,0.0000,vision,2.671,2.556,0.035,,,tracking,0.2401,0.0058,1,line_center_tracking,-0.0016,0.0120,-0.0367,-0.0770,0.9895,8,1,1.0000,0,0.0129,0.0487,0.0403,0.0890,-0.0339,0.0058,IDLE,1,0,step_done_latches_cleared,0,0,0.000,0,nan,nan,nan,0.0000,0,nan,nan,0,5,0.6000,0.5892,0.4692,0.5892,0.0108,本圈台阶完成,1,0.0000,0.150,0.330
5795.555,SEEK_FINISH,1.282,0,2.671,0.6000,0.0000,vision,2.671,2.556,0.035,,,tracking,0.2408,0.0083,1,line_center_tracking,-0.0094,0.0057,-0.0481,-0.0764,0.9001,7,1,0.9839,0,0.0086,0.0538,0.0283,0.0821,-0.0396,0.0083,IDLE,1,0,step_done_latches_cleared,0,0,0.000,0,nan,nan,nan,0.0000,0,nan,nan,0,5,0.6000,0.5892,0.4692,0.5892,0.0108,本圈台阶完成,1,0.0000,0.150,0.330
5795.693,SEEK_FINISH,1.421,0,2.671,0.6000,0.0000,vision,2.671,2.556,0.035,,,tracking,0.2417,0.0167,1,line_center_tracking,-0.0224,-0.0160,-0.0388,-0.0908,0.9010,7,1,1.0000,0,0.0043,0.0229,0.0520,0.0749,-0.0485,0.0167,IDLE,1,0,step_done_latches_cleared,0,0,0.000,0,nan,nan,nan,0.0000,0,nan,nan,0,5,0.6000,0.5892,0.4692,0.5892,0.0108,本圈台阶完成,1,0.0000,0.150,0.330
5795.847,SEEK_FINISH,1.574,0,2.671,0.4000,0.0000,vision,2.671,2.556,0.035,,,tracking,0.2391,0.0102,1,line_center_tracking,-0.0050,0.0117,-0.0477,-0.0865,0.9892,8,1,1.0000,0,0.0086,0.0594,0.0388,0.0981,-0.0408,0.0102,IDLE,1,0,step_done_latches_cleared,0,0,0.000,0,nan,nan,nan,0.0000,0,nan,nan,0,5,0.6000,0.5892,0.4692,0.5892,0.0108,本圈台阶完成,1,0.0000,0.150,0.330
5795.984,SEEK_FINISH,1.712,0,2.671,0.4000,0.0000,vision,2.671,2.556,0.035,,,tracking,0.2407,0.0128,1,line_center_tracking,-0.0134,-0.0006,-0.0463,-0.0839,0.9904,8,1,0.8361,0,0.0086,0.0457,0.0376,0.0833,-0.0436,0.0128,IDLE,1,0,step_done_latches_cleared,0,0,0.000,0,nan,nan,nan,0.0000,0,nan,nan,0,5,0.6000,0.5892,0.4692,0.5892,0.0108,本圈台阶完成,1,0.0000,0.150,0.330
5796.163,SEEK_FINISH,1.891,0,2.671,0.6000,0.0000,vision,2.671,2.556,0.035,,,tracking,0.2414,0.0164,1,line_center_tracking,-0.0184,-0.0067,-0.0486,-0.0838,0.9909,8,0,0.4117,0,0.0000,0.0420,0.0352,0.0771,-0.0464,0.0164,IDLE,1,0,step_done_latches_cleared,0,0,0.000,0,nan,nan,nan,0.0000,0,nan,nan,0,5,0.6000,0.5892,0.4692,0.5892,0.0108,本圈台阶完成,1,0.0000,0.150,0.330
5796.306,SEEK_FINISH,2.034,0,2.671,0.4000,0.0000,vision,2.671,2.556,0.035,,,tracking,0.2429,0.0276,1,line_center_tracking,-0.0349,-0.0298,-0.0480,-0.0937,0.9036,7,0,0.0000,0,0.0000,0.0182,0.0457,0.0640,-0.0572,0.0276,IDLE,1,0,step_done_latches_cleared,0,0,0.000,0,nan,nan,nan,0.0000,0,nan,nan,0,5,0.6000,0.5892,0.4692,0.5892,0.0108,本圈台阶完成,1,0.0000,0.150,0.330
5796.442,SEEK_FINISH,2.169,0,2.671,0.0000,0.0000,vision,2.671,2.556,0.035,,,tracking,0.2417,0.0321,1,line_center_tracking,-0.0343,-0.0253,-0.0574,-0.0902,0.9927,8,0,0.0000,0,0.0000,0.0321,0.0329,0.0650,-0.0576,0.0321,IDLE,1,0,step_done_latches_cleared,0,0,0.000,0,nan,nan,nan,0.0000,0,nan,nan,0,5,0.6000,0.5892,0.4692,0.5892,0.0108,本圈台阶完成,1,0.0000,0.150,0.330
5796.580,SEEK_FINISH,2.308,0,2.671,0.0000,0.0000,vision,2.671,2.556,0.035,,,tracking,0.2413,0.0337,1,line_center_tracking,-0.0329,-0.0237,-0.0565,-0.0878,0.9927,8,0,0.0000,0,0.0000,0.0328,0.0313,0.0641,-0.0560,0.0337,IDLE,1,0,step_done_latches_cleared,0,0,0.000,0,nan,nan,nan,0.0000,0,nan,nan,0,5,0.6000,0.5892,0.4692,0.5892,0.0108,本圈台阶完成,1,0.0000,0.150,0.330
5796.715,SEEK_FINISH,2.443,0,2.671,0.0000,0.0000,vision,2.671,2.556,0.035,,,tracking,0.2424,0.0297,1,line_center_tracking,-0.0245,-0.0157,-0.0470,-0.0768,0.9930,8,0,0.0000,0,0.0000,0.0313,0.0298,0.0611,-0.0465,0.0297,IDLE,1,0,step_done_latches_cleared,0,0,0.000,0,nan,nan,nan,0.0000,0,nan,nan,0,5,0.6000,0.5892,0.4692,0.5892,0.0108,本圈台阶完成,1,0.0000,0.150,0.330
5796.840,SEEK_FINISH,2.568,0,2.671,0.0000,0.0000,vision,2.671,2.556,0.035,,,tracking,0.2437,0.0239,1,line_center_tracking,-0.0173,-0.0090,-0.0385,-0.0657,0.9934,8,0,0.0000,0,0.0000,0.0294,0.0273,0.0567,-0.0377,0.0239,IDLE,1,0,step_done_latches_cleared,0,0,0.000,0,nan,nan,nan,0.0000,0,nan,nan,0,5,0.6000,0.5892,0.4692,0.5892,0.0108,本圈台阶完成,1,0.0000,0.150,0.330
5796.971,SEEK_FINISH,2.698,0,2.671,0.0000,0.0000,vision,2.671,2.556,0.035,,,tracking,0.2431,0.0205,1,line_center_tracking,-0.0157,-0.0048,-0.0437,-0.0667,0.9922,8,0,0.0000,0,0.0000,0.0389,0.0230,0.0619,-0.0384,0.0205,IDLE,1,0,step_done_latches_cleared,0,0,0.000,0,nan,nan,nan,0.0000,0,nan,nan,0,5,0.6000,0.5892,0.4692,0.5892,0.0108,本圈台阶完成,1,0.0000,0.150,0.330
5797.098,SEEK_FINISH,2.826,0,2.671,0.0000,0.0000,vision,2.671,2.556,0.035,,,tracking,0.2439,0.0221,1,line_center_tracking,-0.0213,-0.0129,-0.0431,-0.0675,0.9937,8,0,0.0000,0,0.0000,0.0302,0.0244,0.0546,-0.0412,0.0221,IDLE,1,0,step_done_latches_cleared,0,0,0.000,0,nan,nan,nan,0.0000,0,nan,nan,0,5,0.6000,0.5892,0.4692,0.5892,0.0108,本圈台阶完成,1,0.0000,0.150,0.330
5797.230,SEEK_FINISH,2.958,0,2.671,0.0000,0.0000,vision,2.671,2.556,0.035,,,tracking,0.2435,0.0251,1,line_center_tracking,-0.0257,-0.0220,-0.0353,-0.0617,0.9936,8,0,0.0000,1,0.6942,0.0134,0.0264,0.0397,-0.0397,0.0251,IDLE,1,0,step_done_latches_cleared,0,0,0.000,0,nan,nan,nan,0.0000,0,nan,nan,0,5,0.6000,0.5892,0.4692,0.5892,0.0108,本圈台阶完成,1,0.0000,0.150,0.330
5797.381,SEEK_ROUNDABOUT,0.000,1,0.000,0.0000,0.0000,none,2.671,,0.000,,,tracking,0.2448,0.0198,1,line_center_tracking,-0.0183,-0.0118,-0.0350,-0.0583,0.9948,8,0,0.0000,1,0.7673,0.0231,0.0234,0.0465,-0.0350,0.0198,IDLE,0,0,new_lap_step_reset,0,0,0.000,0,nan,nan,nan,0.0000,0,nan,nan,0,0,0.6000,0.5892,0.4692,0.5892,0.0108,本圈台阶完成,1,0.0000,0.150,0.330
5797.515,SEEK_ROUNDABOUT,0.134,1,0.053,0.0000,0.0000,none,2.671,,0.000,,,tracking,0.2448,0.0163,1,line_center_tracking,-0.0124,-0.0052,-0.0307,-0.0517,0.9947,8,0,0.0000,1,0.7931,0.0255,0.0210,0.0465,-0.0292,0.0163,IDLE,0,0,step_zone_before_min seek=0.00<1.25,0,0,0.000,0,nan,nan,nan,0.0000,0,nan,nan,0,5,0.6000,0.5892,0.4692,0.5892,0.0108,本圈台阶完成,1,0.0000,0.150,0.330
5797.643,SEEK_ROUNDABOUT,0.261,1,0.101,0.0000,0.0000,none,2.671,,0.000,,,tracking,0.2449,0.0119,1,line_center_tracking,-0.0073,-0.0003,-0.0253,-0.0462,0.9945,8,0,0.0000,1,0.8970,0.0251,0.0209,0.0459,-0.0239,0.0119,IDLE,0,0,step_zone_before_min seek=0.05<1.25,0,0,0.000,0,nan,nan,nan,0.0000,0,nan,nan,0,5,0.6000,0.5892,0.4692,0.5892,0.0108,本圈台阶完成,1,0.0000,0.150,0.330
5797.771,SEEK_ROUNDABOUT,0.390,1,0.143,0.0000,0.0000,none,2.671,,0.000,,,tracking,0.2452,0.0077,1,line_center_tracking,-0.0034,0.0030,-0.0198,-0.0403,0.9949,8,0,0.0000,1,0.9099,0.0228,0.0205,0.0433,-0.0190,0.0077,IDLE,0,0,step_zone_before_min seek=0.10<1.25,0,0,0.000,0,nan,nan,nan,0.0000,0,nan,nan,0,5,0.6000,0.5892,0.4692,0.5892,0.0108,本圈台阶完成,1,0.0000,0.150,0.330
5797.902,SEEK_ROUNDABOUT,0.521,1,0.181,0.0000,0.0000,none,2.671,,0.000,,,tracking,0.2451,0.0020,1,line_center_tracking,0.0031,0.0079,-0.0093,-0.0366,0.9913,8,0,0.0000,1,0.9829,0.0172,0.0273,0.0445,-0.0127,0.0020,IDLE,0,0,step_zone_before_min seek=0.14<1.25,0,0,0.000,0,nan,nan,nan,0.0000,0,nan,nan,0,5,0.6000,0.5892,0.4692,0.5892,0.0108,本圈台阶完成,1,0.0000,0.150,0.330
5798.039,SEEK_ROUNDABOUT,0.657,1,0.231,0.0000,0.0000,none,2.671,,0.000,,,tracking,0.2463,0.0048,1,line_center_tracking,-0.0060,-0.0035,-0.0125,-0.0368,0.9947,8,0,0.0000,1,0.9958,0.0089,0.0243,0.0332,-0.0176,0.0048,IDLE,0,0,step_zone_before_min seek=0.18<1.25,0,0,0.000,0,nan,nan,nan,0.0000,0,nan,nan,0,5,0.6000,0.5892,0.4692,0.5892,0.0108,本圈台阶完成,1,0.0000,0.150,0.330
5798.167,SEEK_ROUNDABOUT,0.786,1,0.262,0.0000,0.0000,none,2.671,,0.000,,,tracking,0.2456,0.0035,1,line_center_tracking,-0.0025,0.0027,-0.0159,-0.0370,0.9956,8,0,0.0000,1,1.0000,0.0186,0.0212,0.0398,-0.0167,0.0035,IDLE,0,0,step_zone_before_min seek=0.23<1.25,0,0,0.000,0,nan,nan,nan,0.0000,0,nan,nan,0,5,0.6000,0.5892,0.4692,0.5892,0.0108,本圈台阶完成,1,0.0000,0.150,0.330
5798.319,SEEK_ROUNDABOUT,0.938,1,0.313,0.0000,0.0000,none,2.671,,0.000,,,tracking,0.2454,0.0028,1,line_center_tracking,-0.0019,0.0040,-0.0173,-0.0374,0.9953,8,0,0.0000,1,1.0000,0.0213,0.0201,0.0414,-0.0169,0.0028,IDLE,0,0,step_zone_before_min seek=0.26<1.25,0,0,0.000,0,nan,nan,nan,0.0000,0,nan,nan,0,5,0.6000,0.5892,0.4692,0.5892,0.0108,本圈台阶完成,1,0.0000,0.150,0.330
5798.449,SEEK_ROUNDABOUT,1.068,1,0.347,0.0000,0.0000,none,2.671,,0.000,,,tracking,0.2431,-0.0058,1,line_center_tracking,0.0121,0.0235,-0.0171,-0.0329,0.9924,8,0,0.0000,1,1.0000,0.0406,0.0158,0.0564,-0.0088,-0.0058,IDLE,0,0,step_zone_before_min seek=0.31<1.25,0,0,0.000,0,nan,nan,nan,0.0000,0,nan,nan,0,5,0.6000,0.5892,0.4692,0.5892,0.0108,本圈台阶完成,1,0.0000,0.150,0.330
5798.580,SEEK_ROUNDABOUT,1.198,1,0.383,0.0000,0.0000,none,2.671,,0.000,,,tracking,0.2450,-0.0112,1,line_center_tracking,0.0154,0.0228,-0.0035,-0.0218,0.9946,8,0,0.0000,1,1.0000,0.0263,0.0183,0.0446,-0.0008,-0.0112,IDLE,0,0,step_zone_before_min seek=0.35<1.25,0,0,0.000,0,nan,nan,nan,0.0000,0,nan,nan,0,5,0.6000,0.5892,0.4692,0.5892,0.0108,本圈台阶完成,1,0.0000,0.150,0.330
5798.718,SEEK_ROUNDABOUT,1.337,1,0.419,0.0000,0.0000,none,2.671,,0.000,,,tracking,0.2443,-0.0186,1,line_center_tracking,0.0238,0.0295,0.0089,-0.0095,0.9079,7,0,0.0000,1,1.0000,0.0206,0.0184,0.0390,0.0097,-0.0186,IDLE,0,0,step_zone_before_min seek=0.38<1.25,0,0,0.000,0,nan,nan,nan,0.0000,0,nan,nan,0,5,0.6000,0.5892,0.4692,0.5892,0.0108,本圈台阶完成,1,0.0000,0.150,0.330
5798.853,SEEK_ROUNDABOUT,1.471,1,0.450,0.0000,0.0000,none,2.671,,0.000,,,tracking,0.2396,-0.0322,1,line_center_tracking,0.0413,0.0535,0.0098,-0.0020,0.9921,8,0,0.0000,1,1.0000,0.0436,0.0118,0.0555,0.0204,-0.0322,IDLE,0,0,step_zone_before_min seek=0.42<1.25,0,0,0.000,0,nan,nan,nan,0.0000,0,nan,nan,0,5,0.6000,0.5892,0.4692,0.5892,0.0108,本圈台阶完成,1,0.0000,0.150,0.330
5798.983,SEEK_ROUNDABOUT,1.602,1,0.476,0.0000,0.0000,none,2.671,,0.000,,,tracking,0.2415,-0.0331,1,line_center_tracking,0.0325,0.0407,0.0115,-0.0080,0.9931,8,0,0.0000,1,1.0000,0.0292,0.0195,0.0487,0.0147,-0.0331,IDLE,0,0,step_zone_before_min seek=0.45<1.25,0,0,0.000,0,nan,nan,nan,0.0000,0,nan,nan,0,5,0.6000,0.5892,0.4692,0.5892,0.0108,本圈台阶完成,1,0.0000,0.150,0.330
5799.111,SEEK_ROUNDABOUT,1.730,1,0.497,0.0000,0.0000,none,2.671,,0.000,,,tracking,0.2437,-0.0246,1,line_center_tracking,0.0164,0.0231,-0.0010,-0.0176,0.9955,8,0,0.0000,1,1.0000,0.0241,0.0166,0.0407,0.0015,-0.0246,IDLE,0,0,step_zone_before_min seek=0.48<1.25,0,0,0.000,0,nan,nan,nan,0.0000,0,nan,nan,0,5,0.6000,0.5892,0.4692,0.5892,0.0108,本圈台阶完成,1,0.0000,0.150,0.330
5799.268,SEEK_ROUNDABOUT,1.887,1,0.526,0.0000,0.0000,none,2.671,,0.000,,,tracking,0.2453,-0.0137,1,line_center_tracking,0.0029,0.0096,-0.0141,-0.0324,0.9951,8,0,0.0000,1,1.0000,0.0237,0.0183,0.0420,-0.0123,-0.0137,IDLE,0,0,step_zone_before_min seek=0.50<1.25,0,0,0.000,0,nan,nan,nan,0.0000,0,nan,nan,0,5,0.6000,0.5892,0.4692,0.5892,0.0108,本圈台阶完成,1,0.0000,0.150,0.330
5799.402,SEEK_ROUNDABOUT,2.021,1,0.548,0.0000,0.0000,none,2.671,,0.000,,,tracking,0.2454,-0.0042,1,line_center_tracking,-0.0045,0.0020,-0.0213,-0.0393,0.9073,7,0,0.0000,1,1.0000,0.0233,0.0180,0.0413,-0.0195,-0.0042,IDLE,0,0,step_zone_before_min seek=0.53<1.25,0,0,0.000,0,nan,nan,nan,0.0000,0,nan,nan,0,5,0.6000,0.5892,0.4692,0.5892,0.0108,本圈台阶完成,1,0.0000,0.150,0.330
5799.530,SEEK_ROUNDABOUT,2.149,1,0.576,0.0000,0.0000,none,2.671,,0.000,,,tracking,0.2453,0.0010,1,line_center_tracking,-0.0059,0.0006,-0.0226,-0.0418,0.9950,8,0,0.0000,1,1.0000,0.0233,0.0192,0.0424,-0.0213,0.0010,IDLE,0,0,step_zone_before_min seek=0.55<1.25,0,0,0.000,0,nan,nan,nan,0.0000,0,nan,nan,0,5,0.6000,0.5892,0.4692,0.5892,0.0108,本圈台阶完成,1,0.0000,0.150,0.330
5799.673,SEEK_ROUNDABOUT,2.292,1,0.594,0.0000,0.0000,none,2.671,,0.000,,,tracking,0.2453,0.0036,1,line_center_tracking,-0.0060,0.0009,-0.0236,-0.0414,0.9950,8,0,0.0000,1,1.0000,0.0244,0.0178,0.0423,-0.0214,0.0036,IDLE,0,0,step_zone_before_min seek=0.58<1.25,0,0,0.000,0,nan,nan,nan,0.0000,0,nan,nan,0,5,0.6000,0.5892,0.4692,0.5892,0.0108,本圈台阶完成,1,0.0000,0.150,0.330
5799.799,SEEK_ROUNDABOUT,2.418,1,0.611,0.0000,0.0000,none,2.671,,0.000,,,tracking,0.2444,0.0012,1,line_center_tracking,0.0005,0.0084,-0.0198,-0.0417,0.9917,8,0,0.0000,1,1.0000,0.0282,0.0219,0.0501,-0.0177,0.0012,IDLE,0,0,step_zone_before_min seek=0.59<1.25,0,0,0.000,0,nan,nan,nan,0.0000,0,nan,nan,0,5,0.6000,0.5892,0.4692,0.5892,0.0108,本圈台阶完成,1,0.0000,0.150,0.330
5799.925,SEEK_ROUNDABOUT,2.543,1,0.626,0.0000,0.0000,none,2.671,,0.000,,,tracking,0.2451,-0.0014,1,line_center_tracking,0.0035,0.0087,-0.0100,-0.0354,0.8151,6,0,0.0000,1,1.0000,0.0188,0.0254,0.0441,-0.0123,-0.0014,IDLE,0,0,step_zone_before_min seek=0.61<1.25,0,0,0.000,0,nan,nan,nan,0.0000,0,nan,nan,0,5,0.6000,0.5892,0.4692,0.5892,0.0108,本圈台阶完成,1,0.0000,0.150,0.330
5800.055,SEEK_ROUNDABOUT,2.673,1,0.646,0.0000,0.0000,none,2.671,,0.000,,,tracking,0.2455,-0.0027,1,line_center_tracking,0.0037,0.0081,-0.0075,-0.0320,0.9919,8,0,0.0000,1,1.0000,0.0156,0.0245,0.0401,-0.0105,-0.0027,IDLE,0,0,step_zone_before_min seek=0.63<1.25,0,0,0.000,0,nan,nan,nan,0.0000,0,nan,nan,0,5,0.6000,0.5892,0.4692,0.5892,0.0108,本圈台阶完成,1,0.0000,0.150,0.330
5800.188,SEEK_ROUNDABOUT,2.807,1,0.666,0.0000,0.0000,none,2.671,,0.000,,,tracking,0.2455,-0.0006,1,line_center_tracking,-0.0010,0.0048,-0.0158,-0.0355,0.9953,8,0,0.0000,1,1.0000,0.0206,0.0197,0.0402,-0.0155,-0.0006,IDLE,0,0,step_zone_before_min seek=0.65<1.25,0,0,0.000,0,nan,nan,nan,0.0000,0,nan,nan,0,5,0.6000,0.5892,0.4692,0.5892,0.0108,本圈台阶完成,1,0.0000,0.150,0.330
5800.315,SEEK_ROUNDABOUT,2.934,1,0.693,0.0000,0.0000,none,2.671,,0.000,,,tracking,0.2455,0.0012,1,line_center_tracking,-0.0027,0.0033,-0.0181,-0.0369,0.9953,8,0,0.0000,1,1.0000,0.0215,0.0188,0.0403,-0.0172,0.0012,IDLE,0,0,step_zone_before_min seek=0.67<1.25,0,0,0.000,0,nan,nan,nan,0.0000,0,nan,nan,0,5,0.6000,0.5892,0.4692,0.5892,0.0108,本圈台阶完成,1,0.0000,0.150,0.330
5800.458,SEEK_ROUNDABOUT,3.077,1,0.716,0.0000,0.0000,none,2.671,,0.000,,,tracking,0.2455,0.0032,1,line_center_tracking,-0.0047,0.0017,-0.0212,-0.0390,0.9950,8,0,0.0000,1,1.0000,0.0228,0.0178,0.0406,-0.0195,0.0032,IDLE,0,0,step_zone_before_min seek=0.69<1.25,0,0,0.000,0,nan,nan,nan,0.0000,0,nan,nan,0,5,0.6000,0.5892,0.4692,0.5892,0.0108,本圈台阶完成,1,0.0000,0.150,0.330
5800.590,SEEK_ROUNDABOUT,3.209,1,0.746,0.0000,0.0000,none,2.671,,0.000,,,tracking,0.2425,-0.0011,1,line_center_tracking,0.0042,0.0165,-0.0273,-0.0399,0.9919,8,0,0.0000,1,1.0000,0.0438,0.0126,0.0564,-0.0169,-0.0011,IDLE,0,0,step_zone_before_min seek=0.72<1.25,0,0,0.000,0,nan,nan,nan,0.0000,0,nan,nan,0,5,0.6000,0.5892,0.4692,0.5892,0.0108,本圈台阶完成,1,0.0000,0.150,0.330
5800.716,SEEK_ROUNDABOUT,3.335,1,0.772,0.0000,0.0000,none,2.671,,0.000,,,tracking,0.2450,0.0028,1,line_center_tracking,-0.0053,0.0019,-0.0237,-0.0432,0.9941,8,0,0.0000,1,1.0000,0.0256,0.0196,0.0451,-0.0217,0.0028,IDLE,0,0,step_zone_before_min seek=0.75<1.25,0,0,0.000,0,nan,nan,nan,0.0000,0,nan,nan,0,5,0.6000,0.5892,0.4692,0.5892,0.0108,本圈台阶完成,1,0.0000,0.150,0.330
5800.852,SEEK_ROUNDABOUT,3.471,1,0.807,0.0000,0.0000,none,2.671,,0.000,,,tracking,0.2442,0.0031,1,line_center_tracking,-0.0034,0.0057,-0.0267,-0.0466,0.9928,8,0,0.0000,1,1.0000,0.0324,0.0198,0.0523,-0.0225,0.0031,IDLE,0,0,step_zone_before_min seek=0.77<1.25,0,0,0.000,0,nan,nan,nan,0.0000,0,nan,nan,0,5,0.6000,0.5892,0.4692,0.5892,0.0108,本圈台阶完成,1,0.0000,0.150,0.330
5800.986,SEEK_ROUNDABOUT,3.605,1,0.837,0.0000,0.0000,none,2.671,,0.000,,,tracking,0.2446,0.0084,1,line_center_tracking,-0.0120,-0.0052,-0.0294,-0.0540,0.9936,8,0,0.0000,1,1.0000,0.0242,0.0246,0.0487,-0.0295,0.0084,IDLE,0,0,step_zone_before_min seek=0.81<1.25,0,0,0.000,0,nan,nan,nan,0.0000,0,nan,nan,0,5,0.6000,0.5892,0.4692,0.5892,0.0108,本圈台阶完成,1,0.0000,0.150,0.330
5801.123,SEEK_ROUNDABOUT,3.742,1,0.875,0.0000,0.0000,none,2.671,,0.000,,,tracking,0.2442,0.0149,1,line_center_tracking,-0.0194,-0.0130,-0.0357,-0.0654,0.9047,7,0,0.0000,0,0.0000,0.0227,0.0296,0.0524,-0.0380,0.0149,IDLE,0,0,step_zone_before_min seek=0.84<1.25,0,0,0.000,0,nan,nan,nan,0.0000,0,nan,nan,0,5,0.6000,0.5892,0.4692,0.5892,0.0108,本圈台阶完成,1,0.0000,0.150,0.330
5801.266,SEEK_ROUNDABOUT,3.884,1,0.919,0.0000,0.0000,none,2.671,,0.000,,,tracking,0.2436,0.0201,1,line_center_tracking,-0.0234,-0.0180,-0.0371,-0.0759,0.9915,8,0,0.0000,0,0.0000,0.0191,0.0388,0.0579,-0.0437,0.0201,IDLE,0,0,step_zone_before_min seek=0.88<1.25,0,0,0.000,0,nan,nan,nan,0.0000,0,nan,nan,0,5,0.6000,0.5892,0.4692,0.5892,0.0108,本圈台阶完成,1,0.0000,0.150,0.330
5801.402,SEEK_ROUNDABOUT,4.021,1,0.962,0.0000,0.0000,none,2.671,,0.000,,,tracking,0.2422,0.0188,1,line_center_tracking,-0.0169,-0.0118,-0.0298,-0.0818,0.9890,8,0,0.0000,0,0.0000,0.0180,0.0520,0.0700,-0.0412,0.0188,IDLE,0,0,step_zone_before_min seek=0.92<1.25,0,0,0.000,0,nan,nan,nan,0.0000,0,nan,nan,0,5,0.6000,0.5892,0.4692,0.5892,0.0108,本圈台阶完成,1,0.0000,0.150,0.330
5801.534,SEEK_ROUNDABOUT,4.153,1,1.003,0.0000,0.0000,none,2.671,,0.000,,,tracking,0.2442,0.0168,1,line_center_tracking,-0.0139,-0.0083,-0.0285,-0.0606,0.9063,7,0,0.0000,0,0.0000,0.0202,0.0322,0.0524,-0.0325,0.0168,IDLE,0,0,step_zone_before_min seek=0.96<1.25,0,0,0.000,0,nan,nan,nan,0.0000,0,nan,nan,0,5,0.6000,0.5892,0.4692,0.5892,0.0108,本圈台阶完成,1,0.0000,0.150,0.330
5801.667,SEEK_ROUNDABOUT,4.286,1,1.043,0.0000,0.0000,none,2.671,,0.000,,,tracking,0.2346,0.0131,1,line_center_tracking,-0.0091,-0.0036,-0.0232,-0.1358,0.9781,8,0,0.0000,0,0.0000,0.0196,0.1126,0.1322,-0.0542,0.0131,IDLE,0,0,step_zone_before_min seek=1.00<1.25,0,0,0.000,0,nan,nan,nan,0.0000,0,nan,nan,0,5,0.6000,0.5892,0.4692,0.5892,0.0108,本圈台阶完成,1,0.0000,0.150,0.330
5801.808,SEEK_ROUNDABOUT,4.427,1,1.088,0.0000,0.0000,none,2.671,,0.000,,,tracking,0.2306,0.0053,1,line_center_tracking,0.0017,0.0087,-0.0163,-0.1580,0.9736,8,0,0.0000,0,0.0000,0.0250,0.1417,0.1667,-0.0552,0.0053,IDLE,0,0,step_zone_before_min seek=1.04<1.25,0,0,0.000,0,nan,nan,nan,0.0000,0,nan,nan,0,5,0.6000,0.5892,0.4692,0.5892,0.0108,本圈台阶完成,1,0.0000,0.150,0.330
5801.936,SEEK_ROUNDABOUT,4.555,1,1.136,0.0000,0.0000,none,2.671,,0.000,,,tracking,0.1821,-0.0179,1,line_curve_center_riding,0.0354,0.0370,0.0101,-0.1733,0.9666,8,0,0.0000,0,0.0000,0.0269,0.1834,0.2103,-0.0421,-0.0179,IDLE,0,0,step_zone_before_min seek=1.09<1.25,0,0,0.000,0,nan,nan,nan,0.0000,0,nan,nan,0,5,0.6000,0.5892,0.4692,0.5892,0.0108,本圈台阶完成,1,0.0000,0.150,0.330
5802.080,SEEK_ROUNDABOUT,4.698,1,1.180,0.0000,0.0000,none,2.671,,0.000,,,tracking,0.2301,-0.0034,1,line_center_tracking,-0.0063,0.0059,-0.0379,-0.1731,0.8930,7,0,0.0000,0,0.0000,0.0438,0.1352,0.1790,-0.0683,-0.0034,IDLE,0,0,step_zone_before_min seek=1.14<1.25,0,0,0.000,0,nan,nan,nan,0.0000,0,nan,nan,0,5,0.6000,0.5892,0.4692,0.5892,0.0108,本圈台阶完成,1,0.0000,0.150,0.330
5802.205,SEEK_ROUNDABOUT,4.823,1,1.213,0.0000,0.0000,none,2.671,,0.000,,,tracking,0.1827,0.0120,1,line_center_tracking,-0.0239,-0.0089,-0.0627,-0.1410,0.8088,6,0,0.0000,0,0.0000,0.0538,0.0782,0.1321,-0.0708,0.0120,IDLE,0,0,step_zone_before_min seek=1.18<1.25,0,0,0.000,0,nan,nan,nan,0.0000,0,nan,nan,0,5,0.6000,0.5892,0.4692,0.5892,0.0108,本圈台阶完成,1,0.0000,0.150,0.330
5802.336,SEEK_ROUNDABOUT,4.955,1,1.259,0.0000,0.0000,none,2.671,,0.000,,,tracking,0.1600,-0.0440,1,line_curve_center_riding,0.0833,0.0881,0.0082,-0.2451,0.8768,7,0,0.0000,0,0.0000,0.0799,0.2533,0.3332,-0.0496,-0.0440,IDLE,0,0,step_zone_before_min seek=1.21<1.25,0,0,0.000,0,nan,nan,nan,0.0000,0,nan,nan,0,5,0.6000,0.5892,0.4692,0.5892,0.0108,本圈台阶完成,1,0.0000,0.150,0.330
5802.466,SEEK_ROUNDABOUT,5.085,1,1.301,0.0000,0.0000,none,2.671,,0.000,,,tracking,0.1450,-0.0994,1,line_curve_center_riding,0.1402,0.1467,0.0390,-0.2921,0.8668,7,0,0.0000,0,0.0000,0.1076,0.3312,0.4388,-0.0355,-0.0994,IDLE,0,0,candidate_fields_invalid,0,0,0.000,0,nan,nan,nan,0.0000,0,nan,nan,0,5,0.6000,0.5892,0.4692,0.5892,0.0108,本圈台阶完成,1,0.0000,0.150,0.330
5802.591,SEEK_ROUNDABOUT,5.210,1,1.348,0.0000,0.0000,none,2.671,,0.000,,,tracking,0.1450,-0.1334,1,line_curve_center_riding,0.1554,0.1630,0.0361,-0.3174,0.8626,7,0,0.0000,0,0.0000,0.1270,0.3535,0.4805,-0.0394,-0.1334,IDLE,0,0,candidate_fields_invalid,0,0,0.000,0,nan,nan,nan,0.0000,0,nan,nan,0,5,0.6000,0.5892,0.4692,0.5892,0.0108,本圈台阶完成,1,0.0000,0.150,0.330
5802.725,SEEK_ROUNDABOUT,5.344,1,1.381,0.0000,0.0000,none,2.671,,0.000,,,tracking,0.1600,-0.1041,1,line_curve_center_riding,0.0771,0.0873,-0.0825,-0.2728,0.7783,6,0,0.0000,0,0.0043,0.1697,0.1903,0.3600,-0.0893,-0.1041,IDLE,0,0,candidate_fields_invalid,0,0,0.000,0,nan,nan,nan,0.0000,0,nan,nan,0,5,0.6000,0.5892,0.4692,0.5892,0.0108,本圈台阶完成,1,0.0000,0.150,0.330
5802.850,SEEK_ROUNDABOUT,5.469,1,1.412,0.0000,0.0000,none,2.671,,0.000,,,tracking,0.1600,-0.0656,1,line_curve_center_riding,0.0288,0.0412,-0.1663,-0.2042,0.5984,4,0,0.0000,0,0.0000,0.2075,0.0379,0.2454,-0.1098,-0.0656,IDLE,0,0,candidate_fields_invalid,0,0,0.000,0,nan,nan,nan,0.0000,0,nan,nan,0,5,0.6000,0.5892,0.4692,0.5892,0.0108,本圈台阶完成,1,0.0000,0.150,0.330
5802.980,SEEK_ROUNDABOUT,5.599,1,1.441,0.0000,0.0000,none,2.671,,0.000,,,tracking,0.1600,-0.0406,1,line_curve_center_riding,0.0141,0.0281,-0.2054,-0.3850,0.7688,6,0,0.0000,0,0.0000,0.2335,0.1796,0.4131,-0.1874,-0.0406,IDLE,0,0,candidate_fields_invalid,0,0,0.000,0,nan,nan,nan,0.0000,0,nan,nan,0,5,0.6000,0.5892,0.4692,0.5892,0.0108,本圈台阶完成,1,0.0000,0.150,0.330
5803.111,SEEK_ROUNDABOUT,5.730,1,1.467,0.0000,0.0000,none,2.671,,0.000,,,tracking,0.1600,0.0223,1,line_curve_center_riding,-0.0727,-0.0584,-0.2972,-0.3573,0.6892,5,0,0.0000,0,0.0000,0.2388,0.0601,0.2989,-0.2376,0.0223,IDLE,0,0,candidate_fields_invalid,0,0,0.000,0,nan,nan,nan,0.0000,0,nan,nan,0,5,0.6000,0.5892,0.4692,0.5892,0.0108,本圈台阶完成,1,0.0000,0.150,0.330
5803.246,SEEK_ROUNDABOUT,5.865,1,1.487,0.0000,0.0000,none,2.671,,0.000,,,tracking,0.1600,0.0324,1,line_curve_center_riding,-0.0439,-0.0275,-0.3002,-0.3401,0.6847,5,0,0.0000,0,0.0000,0.2727,0.0399,0.3126,-0.2226,0.0324,IDLE,0,0,candidate_fields_invalid,0,0,0.000,0,nan,nan,nan,0.0000,0,nan,nan,0,5,0.6000,0.5892,0.4692,0.5892,0.0108,本圈台阶完成,1,0.0000,0.150,0.330
5803.373,SEEK_ROUNDABOUT,5.992,1,1.505,0.0000,0.0000,none,2.671,,0.000,,,tracking,0.1600,0.0473,1,line_curve_center_riding,-0.0568,-0.0401,-0.3190,-0.3739,0.6825,5,0,0.0000,0,0.0000,0.2789,0.0550,0.3338,-0.2443,0.0473,IDLE,0,0,candidate_fields_invalid,0,0,0.000,0,nan,nan,nan,0.0000,0,nan,nan,0,5,0.6000,0.5892,0.4692,0.5892,0.0108,本圈台阶完成,1,0.0000,0.150,0.330
5803.503,SEEK_ROUNDABOUT,6.121,1,1.515,0.0000,0.0000,none,2.671,,0.000,,,tracking,0.1450,0.0281,1,line_curve_center_riding,-0.0125,0.0049,-0.2862,-0.5298,0.7543,6,0,0.0000,0,0.0043,0.2911,0.2436,0.5347,-0.2703,0.0281,IDLE,0,0,candidate_fields_invalid,0,0,0.000,0,nan,nan,nan,0.0000,0,nan,nan,0,5,0.6000,0.5892,0.4692,0.5892,0.0108,本圈台阶完成,1,0.0000,0.150,0.330
5803.635,SEEK_ROUNDABOUT,6.254,1,1.525,0.0000,0.0000,none,2.671,,0.000,,,tracking,0.1600,0.0443,1,line_curve_center_riding,-0.0523,-0.0360,-0.3067,-0.3616,0.6836,5,0,0.0000,0,0.0043,0.2706,0.0549,0.3256,-0.2348,0.0443,IDLE,0,0,candidate_fields_invalid,0,0,0.000,0,nan,nan,nan,0.0000,0,nan,nan,0,5,0.6000,0.5892,0.4692,0.5892,0.0108,本圈台阶完成,1,0.0000,0.150,0.330
5803.767,SEEK_ROUNDABOUT,6.385,1,1.529,0.0000,0.0000,none,2.671,,0.000,,,tracking,0.1600,0.0462,1,line_curve_center_riding,-0.0455,-0.0300,-0.2879,-0.3321,0.6830,5,0,0.0000,0,0.0000,0.2578,0.0442,0.3021,-0.2167,0.0462,IDLE,0,0,candidate_fields_invalid,0,0,0.000,0,nan,nan,nan,0.0000,0,nan,nan,0,5,0.6000,0.5892,0.4692,0.5892,0.0108,本圈台阶完成,1,0.0000,0.150,0.330
5803.898,SEEK_ROUNDABOUT,6.516,1,1.532,0.0000,0.0000,none,2.671,,0.000,,,tracking,0.1450,0.0119,1,line_curve_center_riding,0.0155,0.0329,-0.2571,-0.5392,0.7498,6,0,0.0000,0,0.0043,0.2900,0.2821,0.5722,-0.2545,0.0119,IDLE,0,0,candidate_fields_invalid,0,0,0.000,0,nan,nan,nan,0.0000,0,nan,nan,0,5,0.6000,0.5892,0.4692,0.5892,0.0108,本圈台阶完成,1,0.0000,0.150,0.330
5804.026,SEEK_ROUNDABOUT,6.645,1,1.534,0.0000,0.0000,none,2.671,,0.000,,,tracking,0.1600,0.0346,1,line_curve_center_riding,-0.0468,-0.0316,-0.2850,-0.3358,0.6862,5,0,0.0000,0,0.0000,0.2534,0.0508,0.3043,-0.2175,0.0346,IDLE,0,0,candidate_fields_invalid,0,0,0.000,0,nan,nan,nan,0.0000,0,nan,nan,0,5,0.6000,0.5892,0.4692,0.5892,0.0108,本圈台阶完成,1,0.0000,0.150,0.330
5804.163,SEEK_ROUNDABOUT,6.781,1,1.539,0.0000,0.0000,none,2.671,,0.000,,,tracking,0.1600,0.0254,1,line_curve_center_riding,-0.0180,-0.0019,-0.2688,-0.3281,0.6794,5,0,0.0000,0,0.0043,0.2669,0.0593,0.3262,-0.1996,0.0254,IDLE,0,0,candidate_fields_invalid,0,0,0.000,0,nan,nan,nan,0.0000,0,nan,nan,0,5,0.6000,0.5892,0.4692,0.5892,0.0108,本圈台阶完成,1,0.0000,0.150,0.330
5804.298,SEEK_ROUNDABOUT,6.917,1,1.546,0.0000,0.0000,none,2.671,,0.000,,,tracking,0.1600,0.0281,1,line_curve_center_riding,-0.0275,-0.0110,-0.2850,-0.3401,0.6813,5,0,0.0000,0,0.0043,0.2740,0.0551,0.3291,-0.2121,0.0281,IDLE,0,0,candidate_fields_invalid,0,0,0.000,0,nan,nan,nan,0.0000,0,nan,nan,0,5,0.6000,0.5892,0.4692,0.5892,0.0108,本圈台阶完成,1,0.0000,0.150,0.330
5804.431,SEEK_ROUNDABOUT,7.049,1,1.554,0.0000,0.0000,none,2.671,,0.000,,,tracking,0.1450,0.0065,1,line_curve_center_riding,0.0108,0.0288,-0.2705,-0.5510,0.7495,6,0,0.0000,0,0.0043,0.2992,0.2806,0.5798,-0.2642,0.0065,IDLE,0,0,candidate_fields_invalid,0,0,0.000,0,nan,nan,nan,0.0000,0,nan,nan,0,5,0.6000,0.5892,0.4692,0.5892,0.0108,本圈台阶完成,1,0.0000,0.150,0.330
5804.562,SEEK_ROUNDABOUT,7.181,1,1.560,0.0000,0.0000,none,2.671,,0.000,,,tracking,0.1450,-0.0023,1,line_curve_center_riding,0.0109,0.0297,-0.2829,-0.5829,0.7453,6,0,0.0000,0,0.0043,0.3126,0.3000,0.6126,-0.2787,-0.0023,IDLE,0,0,candidate_fields_invalid,0,0,0.000,0,nan,nan,nan,0.0000,0,nan,nan,0,5,0.6000,0.5892,0.4692,0.5892,0.0108,本圈台阶完成,1,0.0000,0.150,0.330
5804.690,SEEK_ROUNDABOUT,7.308,1,1.567,0.0000,0.0000,none,2.671,,0.000,,,tracking,0.1450,-0.0038,1,line_curve_center_riding,0.0057,0.0246,-0.2898,-0.5704,0.7468,6,0,0.0000,0,0.0000,0.3143,0.2806,0.5950,-0.2785,-0.0038,IDLE,0,0,candidate_fields_invalid,0,0,0.000,0,nan,nan,nan,0.0000,0,nan,nan,0,5,0.6000,0.5892,0.4692,0.5892,0.0108,本圈台阶完成,1,0.0000,0.150,0.330
5804.818,SEEK_ROUNDABOUT,7.436,1,1.575,0.0000,0.0000,none,2.671,,0.000,,,tracking,0.1450,-0.0084,1,line_curve_center_riding,0.0116,0.0318,-0.3044,-0.5725,0.7432,6,0,0.0000,0,0.0043,0.3362,0.2681,0.6043,-0.2817,-0.0084,IDLE,0,0,candidate_fields_invalid,0,0,0.000,0,nan,nan,nan,0.0000,0,nan,nan,0,5,0.6000,0.5892,0.4692,0.5892,0.0108,本圈台阶完成,1,0.0000,0.150,0.330
5804.944,SEEK_ROUNDABOUT,7.562,1,1.582,0.0000,0.0000,none,2.671,,0.000,,,tracking,0.1450,-0.0034,1,line_curve_center_riding,-0.0003,0.0195,-0.3106,-0.3893,0.6683,5,0,0.0000,0,0.0043,0.3301,0.0787,0.4088,-0.2268,-0.0034,IDLE,0,0,candidate_fields_invalid,0,0,0.000,0,nan,nan,nan,0.0000,0,nan,nan,0,5,0.6000,0.5892,0.4692,0.5892,0.0108,本圈台阶完成,1,0.0000,0.150,0.330
5805.074,SEEK_ROUNDABOUT,7.693,1,1.595,0.0000,0.0000,none,2.671,,0.000,,,tracking,0.1450,0.0077,1,line_curve_center_riding,-0.0162,0.0057,-0.3592,-0.4449,0.6629,5,0,0.0000,0,0.0043,0.3649,0.0857,0.4506,-0.2661,0.0077,IDLE,0,0,candidate_fields_invalid,0,0,0.000,0,nan,nan,nan,0.0000,0,nan,nan,0,5,0.6000,0.5892,0.4692,0.5892,0.0108,本圈台阶完成,1,0.0000,0.150,0.330
5805.210,SEEK_ROUNDABOUT,7.829,1,1.605,0.0000,0.0000,none,2.671,,0.000,,,tracking,0.1450,0.0248,1,line_curve_center_riding,-0.0376,-0.0181,-0.3430,-0.4109,0.6708,5,0,0.0000,0,0.0000,0.3249,0.0678,0.3927,-0.2573,0.0248,IDLE,0,0,candidate_fields_invalid,0,0,0.000,0,nan,nan,nan,0.0000,0,nan,nan,0,5,0.6000,0.5892,0.4692,0.5892,0.0108,本圈台阶完成,1,0.0000,0.150,0.330
5805.339,SEEK_ROUNDABOUT,7.957,1,1.621,0.0000,0.0000,none,2.671,,0.000,,,tracking,0.1450,0.0459,1,line_curve_center_riding,-0.0605,-0.0383,-0.4082,-0.4814,0.6627,5,0,0.0000,0,0.0086,0.3699,0.0731,0.4431,-0.3093,0.0459,IDLE,0,0,candidate_fields_invalid,0,0,0.000,0,nan,nan,nan,0.0000,0,nan,nan,0,5,0.6000,0.5892,0.4692,0.5892,0.0108,本圈台阶完成,1,0.0000,0.150,0.330
5805.475,SEEK_ROUNDABOUT,8.094,1,1.636,0.0000,0.0000,none,2.671,,0.000,,,tracking,0.1450,0.0701,1,line_curve_center_riding,-0.0862,-0.0621,-0.4630,-0.5359,0.6570,5,0,0.0000,0,0.0043,0.4008,0.0729,0.4737,-0.3537,0.0701,IDLE,0,0,candidate_fields_invalid,0,0,0.000,0,nan,nan,nan,0.0000,0,nan,nan,0,5,0.6000,0.5892,0.4692,0.5892,0.0108,本圈台阶完成,1,0.0000,0.150,0.330
5805.607,SEEK_ROUNDABOUT,8.226,1,1.653,0.0000,0.0000,none,2.671,,0.000,,,tracking,0.1450,0.0902,1,line_curve_center_riding,-0.1017,-0.0759,-0.5050,-0.5747,0.6535,5,0,0.0000,0,0.0215,0.4290,0.0697,0.4988,-0.3852,0.0902,IDLE,0,0,candidate_fields_invalid,0,0,0.000,0,nan,nan,nan,0.0000,0,nan,nan,0,5,0.6000,0.5892,0.4692,0.5892,0.0108,本圈台阶完成,1,0.0000,0.150,0.330
5805.740,SEEK_ROUNDABOUT,8.359,1,1.675,0.0000,0.0000,none,2.671,,0.000,,,tracking,0.1600,0.1456,1,line_curve_center_riding,-0.1805,-0.1640,-0.4384,-0.4384,0.5790,4,0,0.0000,0,0.0473,0.2745,0.0000,0.2745,-0.3470,0.1456,IDLE,0,0,candidate_fields_invalid,0,0,0.000,0,nan,nan,nan,0.0000,0,nan,nan,0,5,0.6000,0.5892,0.4692,0.5892,0.0108,本圈台阶完成,1,0.0000,0.150,0.330
5805.864,SEEK_ROUNDABOUT,8.483,1,1.695,0.0000,0.0000,none,2.671,,0.000,,,tracking,0.1600,0.2643,1,line_curve_center_riding,-0.3418,-0.3334,-0.4734,-0.4734,0.4947,3,0,0.0000,0,0.0129,0.1401,0.0000,0.1401,-0.4268,0.2643,IDLE,0,0,candidate_fields_invalid,0,0,0.000,0,nan,nan,nan,0.0000,0,nan,nan,0,5,0.6000,0.5892,0.4692,0.5892,0.0108,本圈台阶完成,1,0.0000,0.150,0.330
5805.988,SEEK_ROUNDABOUT,8.607,1,1.714,0.0000,0.0000,none,2.671,,0.000,,,tracking,0.1600,0.3408,1,line_curve_center_riding,-0.3862,-0.3781,-0.5137,-0.5137,0.4950,3,0,0.0000,0,0.0129,0.1356,0.0000,0.1356,-0.4685,0.3408,IDLE,0,0,candidate_fields_invalid,0,0,0.000,0,nan,nan,nan,0.0000,0,nan,nan,0,5,0.6000,0.5892,0.4692,0.5892,0.0108,本圈台阶完成,1,0.0000,0.150,0.330
5806.124,SEEK_ROUNDABOUT,8.742,1,1.741,0.0000,0.0000,none,2.671,,0.000,,,tracking,0.1482,0.3957,1,line_center_tracking,-0.4185,-0.3871,-0.4994,-0.4994,0.5012,3,0,0.0000,0,0.0258,0.1123,0.0000,0.1123,-0.4619,0.3957,IDLE,0,0,candidate_fields_invalid,0,0,0.000,0,nan,nan,nan,0.0000,0,nan,nan,0,5,0.6000,0.5892,0.4692,0.5892,0.0108,本圈台阶完成,1,0.0000,0.150,0.330
5806.250,SEEK_ROUNDABOUT,8.869,1,1.767,0.0000,0.0000,none,2.671,,0.000,,,tracking,0.1450,0.3396,1,line_curve_center_riding,-0.2764,-0.2511,-0.6718,-0.6718,0.4247,3,0,0.0000,0,0.0344,0.4207,0.0000,0.4207,-0.5316,0.3396,IDLE,0,0,candidate_fields_invalid,0,0,0.000,0,nan,nan,nan,0.0000,0,nan,nan,0,5,0.6000,0.5892,0.4692,0.5892,0.0108,本圈台阶完成,1,0.0000,0.150,0.330
5806.379,SEEK_ROUNDABOUT,8.998,1,1.784,0.0000,0.0000,none,2.671,,0.000,,,tracking,0.1450,0.3124,1,line_curve_center_riding,-0.2636,-0.2365,-0.6875,-0.6875,0.4191,3,0,0.0000,0,0.0129,0.4509,0.0000,0.4509,-0.5371,0.3124,IDLE,0,0,candidate_fields_invalid,0,0,0.000,0,nan,nan,nan,0.0000,0,nan,nan,0,5,0.6000,0.5892,0.4692,0.5892,0.0108,本圈台阶完成,1,0.0000,0.150,0.330
5806.508,SEEK_ROUNDABOUT,9.127,1,1.812,0.0000,0.0000,none,2.671,,0.000,,,tracking,0.1450,0.2923,1,line_curve_center_riding,-0.2520,-0.2272,-0.6397,-0.6397,0.4329,3,0,0.0000,0,0.0129,0.4125,0.0000,0.4125,-0.5022,0.2923,IDLE,0,0,candidate_fields_invalid,0,0,0.000,0,nan,nan,nan,0.0000,0,nan,nan,0,5,0.6000,0.5892,0.4692,0.5892,0.0108,本圈台阶完成,1,0.0000,0.150,0.330
5806.642,SEEK_ROUNDABOUT,9.261,1,1.850,0.0000,0.0000,none,2.671,,0.000,,,tracking,0.1600,0.3409,1,line_curve_center_riding,-0.3519,-0.3404,-0.5320,-0.5320,0.4713,3,0,0.0000,0,0.0086,0.1916,0.0000,0.1916,-0.4681,0.3409,IDLE,0,0,candidate_fields_invalid,0,0,0.000,0,nan,nan,nan,0.0000,0,nan,nan,0,5,0.6000,0.5892,0.4692,0.5892,0.0108,本圈台阶完成,1,0.0000,0.150,0.330
5806.790,SEEK_ROUNDABOUT,9.409,1,1.889,0.0000,0.0000,none,2.671,,0.000,,,tracking,0.1547,0.3706,1,line_curve_center_riding,-0.3712,-0.3583,-0.5733,-0.5733,0.4625,3,0,0.0000,0,0.0086,0.2149,0.0000,0.2149,-0.5016,0.3706,IDLE,0,0,candidate_fields_invalid,0,0,0.000,0,nan,nan,nan,0.0000,0,nan,nan,0,5,0.6000,0.5892,0.4692,0.5892,0.0108,本圈台阶完成,1,0.0000,0.150,0.330
5806.918,SEEK_ROUNDABOUT,9.536,1,1.927,0.0000,0.0000,none,2.671,,0.000,,,tracking,0.1424,0.4186,1,line_curve_center_riding,-0.4278,-0.4150,-0.6276,-0.6276,0.4552,3,0,0.0000,0,0.0473,0.2125,0.0000,0.2125,-0.5567,0.4186,IDLE,0,0,candidate_fields_invalid,0,0,0.000,0,nan,nan,nan,0.0000,0,nan,nan,0,5,0.6000,0.5892,0.4692,0.5892,0.0108,本圈台阶完成,1,0.0000,0.150,0.330
5807.056,SEEK_ROUNDABOUT,9.675,1,1.967,0.0000,0.0000,none,2.671,,0.000,,,tracking,0.1228,0.4948,1,line_center_tracking,-0.5236,-0.5151,-0.5453,-0.5453,0.3900,2,0,0.0000,0,0.0129,0.0302,0.0000,0.0302,-0.5353,0.4948,IDLE,0,0,candidate_fields_invalid,0,0,0.000,0,nan,nan,nan,0.0000,0,nan,nan,0,5,0.6000,0.5892,0.4692,0.5892,0.0108,本圈台阶完成,1,0.0000,0.150,0.330
5807.185,SEEK_ROUNDABOUT,9.804,1,2.002,0.0000,0.0000,none,2.671,,0.000,,,tracking,0.1050,0.5299,1,line_hard_turn_centering,-0.5250,-0.5217,-0.5538,-0.5538,0.3847,2,0,0.0000,0,0.3266,0.0321,0.0000,0.0321,-0.5431,0.5299,IDLE,0,0,candidate_fields_invalid,0,0,0.000,0,nan,nan,nan,0.0000,0,nan,nan,0,5,0.6000,0.5892,0.4692,0.5892,0.0108,本圈台阶完成,1,0.0000,0.150,0.330
5807.311,SEEK_ROUNDABOUT,9.929,1,2.037,0.0000,0.0000,none,2.671,,0.000,,,tracking,0.1104,0.5430,1,line_center_tracking,-0.5168,-0.5083,-0.5387,-0.5387,0.3896,2,0,0.0000,1,0.5395,0.0304,0.0000,0.0304,-0.5285,0.5430,IDLE,0,0,candidate_fields_invalid,0,0,0.000,0,nan,nan,nan,0.0000,0,nan,nan,0,5,0.6000,0.5892,0.4692,0.5892,0.0108,本圈台阶完成,1,0.0000,0.150,0.330
5807.445,SEEK_ROUNDABOUT,10.064,1,2.062,0.0000,0.0000,none,2.671,,0.000,,,line_bridge_loss,0.0597,0.2172,0,line_too_few_bands,0.0000,0.0000,0.0000,0.0000,0.0000,1,0,0.0000,0,0.2106,0.0000,0.0000,0.0000,0.0000,0.2172,IDLE,0,0,candidate_fields_invalid,0,0,0.000,0,nan,nan,nan,0.0000,0,nan,nan,0,5,0.6000,0.5892,0.4692,0.5892,0.0108,本圈台阶完成,1,0.0000,0.150,0.330
5807.574,SEEK_ROUNDABOUT,10.193,1,2.062,0.0000,0.0000,none,2.671,,0.000,,,tracking,0.1088,0.4749,1,line_curve_center_riding,-0.3812,-0.3701,-0.5547,-0.5547,0.4759,3,0,0.0000,0,0.3352,0.1846,0.0000,0.1846,-0.4932,0.4749,IDLE,0,0,candidate_fields_invalid,0,0,0.000,0,nan,nan,nan,0.0000,0,nan,nan,0,5,0.6000,0.5892,0.4692,0.5892,0.0108,本圈台阶完成,1,0.0000,0.150,0.330
5807.705,SEEK_ROUNDABOUT,10.324,1,2.084,0.0000,0.0000,none,2.671,,0.000,,,tracking,0.1406,0.4253,1,line_curve_center_riding,-0.3517,-0.3390,-0.5506,-0.5506,0.3111,2,0,0.0000,0,0.3352,0.2115,0.0000,0.2115,-0.4801,0.4253,IDLE,0,0,candidate_fields_invalid,0,0,0.000,0,nan,nan,nan,0.0000,0,nan,nan,0,5,0.6000,0.5892,0.4692,0.5892,0.0108,本圈台阶完成,1,0.0000,0.150,0.330
5807.831,SEEK_ROUNDABOUT,10.450,1,2.098,0.6000,0.0000,none,2.671,,0.000,,,tracking,0.1450,0.3287,1,line_curve_center_riding,-0.2245,-0.2013,-0.5878,-0.5878,0.4563,3,0,0.0000,1,0.5618,0.3864,0.0000,0.3864,-0.4590,0.3287,IDLE,0,0,candidate_fields_invalid,0,0,0.000,0,nan,nan,nan,0.0000,0,nan,nan,0,5,0.6000,0.5892,0.4692,0.5892,0.0108,本圈台阶完成,1,0.0000,0.150,0.330
5807.921,SEEK_ROUNDABOUT,10.539,1,2.112,0.0000,0.0000,none,2.671,,0.000,,,tracking,0.1450,0.2704,1,line_curve_center_riding,-0.2011,-0.1729,-0.6433,-0.6953,0.6376,5,0,0.0000,0,0.3524,0.4704,0.0521,0.5225,-0.5038,0.2704,IDLE,0,0,candidate_fields_invalid,0,0,0.000,0,nan,nan,nan,0.0000,0,nan,nan,0,5,0.6000,0.5892,0.4692,0.5892,0.0108,本圈台阶完成,1,0.0000,0.150,0.330
5808.050,SEEK_ROUNDABOUT,10.669,1,2.133,0.8000,0.3500,none,2.671,,0.000,,,tracking,0.1450,0.2122,1,line_curve_center_riding,-0.1423,-0.1153,-0.5654,-0.6122,0.6435,5,0,0.0000,0,0.3051,0.4501,0.0468,0.4969,-0.4310,0.2122,IDLE,0,0,candidate_fields_invalid,0,0,0.000,0,nan,nan,nan,0.0000,0,nan,nan,0,5,0.6000,0.5892,0.4692,0.5892,0.0108,本圈台阶完成,1,0.0000,0.150,0.330
5808.179,SEEK_ROUNDABOUT,10.797,1,2.153,0.0000,0.0500,none,2.671,,0.000,,,tracking,0.1450,0.1710,1,line_curve_center_riding,-0.1199,-0.0945,-0.5186,-0.6754,0.7389,6,0,0.0000,1,0.7274,0.4241,0.1568,0.5809,-0.4295,0.1710,IDLE,0,0,candidate_fields_invalid,0,0,0.000,0,nan,nan,nan,0.0000,0,nan,nan,0,5,0.6000,0.5892,0.4692,0.5892,0.0108,本圈台阶完成,1,0.0000,0.150,0.330
5808.310,SEEK_ROUNDABOUT,10.928,1,2.161,0.0000,0.0000,none,2.671,,0.000,,,tracking,0.1450,0.1266,1,line_curve_center_riding,-0.0779,-0.0522,-0.4802,-0.6907,0.4092,3,0,0.0000,0,0.1934,0.4279,0.2105,0.6384,-0.4077,0.1266,IDLE,0,0,candidate_fields_invalid,0,0,0.000,0,nan,nan,nan,0.0000,0,nan,nan,0,5,0.6000,0.5892,0.4692,0.5892,0.0108,本圈台阶完成,1,0.0000,0.150,0.330
5808.440,SEEK_ROUNDABOUT,11.059,1,2.170,0.0000,0.0000,none,2.671,,0.000,,,tracking,0.1450,0.0776,1,line_curve_center_riding,-0.0289,-0.0035,-0.4272,-0.6234,0.4333,3,0,0.0000,0,0.2149,0.4237,0.1961,0.6199,-0.3514,0.0776,IDLE,0,0,candidate_evidence_wait 1.0/2.4,0,0,1.000,0,1.0400,1.0400,0.0417,0.8465,1,0.6600,-0.4124,3,5,0.6000,0.5892,0.4692,0.5892,0.0108,本圈台阶完成,1,0.0000,0.150,0.330
5808.581,SEEK_ROUNDABOUT,11.199,1,2.170,0.0000,0.0000,none,2.671,,0.000,,,step_align_heading/course_events_frozen,0.0943,0.3400,1,line_curve_center_riding,-0.0375,-0.0131,-0.4198,-0.6654,0.8401,7,0,0.0000,0,0.2106,0.4067,0.2456,0.6522,-0.3661,0.3400,IDLE,0,1,step_confirmed_slow_align d=1.030,0,0,2.000,1,1.0200,1.0300,0.0444,0.8836,1,0.6461,-0.4146,7,5,0.6000,0.5892,0.4692,0.5892,0.0108,本圈台阶完成,1,0.0000,0.150,0.330
5808.716,SEEK_ROUNDABOUT,11.334,1,2.170,0.6000,0.0000,none,2.671,,0.000,,,step_align_heading/course_events_frozen,0.0450,0.3400,1,line_curve_center_riding,0.0125,0.0366,-0.3653,-0.6875,0.6491,5,0,0.0000,0,0.1805,0.4019,0.3222,0.7241,-0.3387,0.3400,IDLE,0,1,step_confirmed_slow_align d=1.020,0,0,3.000,1,1.0200,1.0200,0.0445,0.8978,1,0.6457,-0.3847,11,5,0.6000,0.5892,0.4692,0.5892,0.0108,本圈台阶完成,1,0.0000,0.150,0.330
5808.845,SEEK_ROUNDABOUT,11.464,1,2.170,0.0000,0.0000,none,2.671,,0.000,,,step_align_heading/course_events_frozen,0.0450,0.3400,1,line_recenter_transition,0.0412,0.0485,-0.3166,-0.6215,0.6419,5,0,0.0000,0,0.2020,0.3651,0.3048,0.6699,-0.2965,0.3400,IDLE,0,1,step_confirmed_slow_align d=1.020,0,0,4.000,1,1.0200,1.0200,0.0443,0.8960,1,0.6341,-0.3750,15,5,0.6000,0.5892,0.4692,0.5892,0.0108,本圈台阶完成,1,0.0000,0.150,0.330
5808.980,SEEK_ROUNDABOUT,11.599,1,2.170,0.0000,0.0000,none,2.671,,0.000,,,step_align_heading/course_events_frozen,0.0450,0.3400,1,line_recenter_transition,0.0881,0.0948,-0.2408,-0.5585,0.8391,7,0,0.0000,0,0.2793,0.3355,0.3178,0.6533,-0.2348,0.3400,IDLE,0,1,step_confirmed_slow_align d=1.020,0,0,5.000,1,1.0100,1.0200,0.0446,0.8991,1,0.6303,-0.3715,19,5,0.6000,0.5892,0.4692,0.5892,0.0108,本圈台阶完成,1,0.0000,0.150,0.330
5809.111,SEEK_ROUNDABOUT,11.730,1,2.170,0.0000,0.0000,none,2.671,,0.000,,,step_align_heading/course_events_frozen,0.0450,0.3400,1,line_recenter_transition,0.1534,0.1598,-0.1626,-0.4550,0.8418,7,0,0.0000,0,0.3481,0.3224,0.2924,0.6148,-0.1526,0.3400,IDLE,0,1,step_confirmed_slow_align d=1.020,0,0,6.000,1,1.0000,1.0200,0.0418,0.8614,1,0.6323,-0.3591,22,5,0.6000,0.5892,0.4692,0.5892,0.0108,本圈台阶完成,1,0.0000,0.150,0.330
5809.241,SEEK_ROUNDABOUT,11.860,1,2.170,0.0000,0.0000,none,2.671,,0.000,,,step_align_heading/course_events_frozen,0.0450,0.3400,1,line_recenter_transition,0.2424,0.2488,-0.0701,-0.3489,0.8439,7,0,0.0000,1,0.5962,0.3188,0.2789,0.5977,-0.0567,0.3400,IDLE,0,1,step_confirmed_slow_align d=1.010,0,0,6.000,1,0.9900,1.0100,0.0414,0.8560,1,0.5928,-0.3344,26,5,0.6000,0.5892,0.4692,0.5892,0.0108,本圈台阶完成,1,0.0000,0.150,0.330
5809.370,SEEK_ROUNDABOUT,11.989,1,2.170,0.0000,0.0000,none,2.671,,0.000,,,step_align_heading/course_events_frozen,0.0450,0.3400,1,line_curve_center_riding,0.2746,0.2915,0.0100,-0.2421,0.7621,6,0,0.0000,1,0.7911,0.2814,0.2521,0.5335,0.0198,0.3400,IDLE,0,1,step_confirmed_slow_align d=1.000,0,0,6.000,1,0.9850,1.0000,0.0449,0.9031,1,0.5475,-0.3091,29,5,0.6000,0.5892,0.4692,0.5892,0.0108,本圈台阶完成,1,0.0000,0.150,0.330
5809.503,SEEK_ROUNDABOUT,12.122,1,2.170,0.0000,0.0000,none,2.671,,0.000,,,step_align_heading/course_events_frozen,0.0450,0.3143,1,line_curve_center_riding,0.3309,0.3473,0.0747,-0.1534,0.8533,7,0,0.0000,1,1.0000,0.2726,0.2280,0.5006,0.0895,0.3143,IDLE,0,1,step_confirmed_slow_align d=0.990,0,0,6.000,1,0.9800,0.9900,0.0438,0.8874,1,0.5240,-0.2779,33,5,0.6000,0.5892,0.4692,0.5892,0.0108,本圈台阶完成,1,0.0000,0.150,0.330
5809.632,SEEK_ROUNDABOUT,12.251,1,2.170,0.0000,0.0000,none,2.671,,0.000,,,step_align_heading/course_events_frozen,0.0450,0.2794,1,line_curve_center_riding,0.3828,0.3992,0.1259,-0.0779,0.7625,6,0,0.0000,1,1.0000,0.2732,0.2039,0.4771,0.1491,0.2794,IDLE,0,1,step_confirmed_slow_align d=0.985,0,0,6.000,1,0.9700,0.9850,0.0442,0.8933,1,0.4870,-0.2535,36,5,0.6000,0.5892,0.4692,0.5892,0.0108,本圈台阶完成,1,0.0000,0.150,0.330
5809.763,SEEK_ROUNDABOUT,12.381,1,2.170,0.0000,0.0000,none,2.671,,0.000,,,tracking,0.0946,-0.0470,1,line_curve_center_riding,0.3243,0.3367,0.1315,-0.0456,0.7807,6,0,0.0000,1,1.0000,0.2051,0.1771,0.3822,0.1409,-0.0470,IDLE,0,0,fixed_candidate_confirm 1/3,0,0,6.000,1,0.9600,0.9800,0.0457,0.9125,1,0.4621,-0.2317,39,5,0.6000,0.5892,0.4692,0.5892,0.0108,本圈台阶完成,1,0.0000,0.150,0.330
5809.889,SEEK_ROUNDABOUT,12.508,1,2.185,0.0000,0.0000,none,2.671,,0.000,,,tracking,0.1426,-0.3624,1,line_curve_center_riding,0.3982,0.4126,0.1738,0.0753,0.7731,6,0,0.0000,1,1.0000,0.2388,0.0984,0.3372,0.2205,-0.3624,IDLE,0,0,fixed_candidate_confirm 2/3,0,0,6.000,1,0.9500,0.9700,0.0482,0.9467,1,0.4221,-0.2101,42,5,0.6000,0.5892,0.4692,0.5892,0.0108,本圈台阶完成,1,0.0000,0.150,0.330
5810.017,SEEK_ROUNDABOUT,12.636,1,2.185,0.0000,0.0000,none,2.671,,0.000,,,step_align_heading/course_events_frozen,0.0938,-0.0414,1,line_curve_center_riding,0.4703,0.4869,0.2104,0.0577,0.7759,6,0,0.0000,1,1.0000,0.2765,0.1527,0.4292,0.2516,-0.0414,IDLE,0,1,step_confirmed_slow_align d=0.960,0,0,6.000,1,0.9400,0.9600,0.0463,0.9227,1,0.3886,-0.1949,45,5,0.6000,0.5892,0.4692,0.5892,0.0108,本圈台阶完成,1,0.0000,0.150,0.330
5810.153,SEEK_ROUNDABOUT,12.772,1,2.185,0.0000,0.0000,none,2.671,,0.000,,,step_align_heading/course_events_frozen,0.0450,0.2206,1,line_curve_center_riding,0.3454,0.3596,0.1224,0.0165,0.7746,6,0,0.0000,1,1.0000,0.2372,0.1059,0.3431,0.1661,0.2206,IDLE,0,1,fixed_sprint_approach depth=0.950>0.715 center=+0.166 hd=0.237,1,0,6.000,1,0.9300,0.9500,0.0475,0.9390,1,0.3618,-0.1714,49,5,0.6000,0.5892,0.4692,0.5892,0.0108,本圈台阶完成,1,0.0000,0.150,0.330
5810.282,SEEK_ROUNDABOUT,12.901,1,2.185,0.0000,0.0000,none,2.671,,0.000,,,step_align_heading/course_events_frozen,0.0450,0.2394,1,line_curve_center_riding,0.3356,0.3503,0.1051,0.0026,0.5918,4,0,0.0000,1,1.0000,0.2452,0.1025,0.3477,0.1527,0.2394,IDLE,0,1,fixed_sprint_approach depth=0.940>0.715 center=+0.153 hd=0.245,1,0,6.000,1,0.9300,0.9400,0.0469,0.9315,1,0.3327,-0.1594,51,5,0.6000,0.5892,0.4692,0.5892,0.0108,本圈台阶完成,1,0.0000,0.150,0.330
5810.418,SEEK_ROUNDABOUT,13.036,1,2.185,0.0000,0.0000,none,2.671,,0.000,,,step_align_heading/course_events_frozen,0.0450,0.2663,1,line_curve_center_riding,0.3967,0.4116,0.1638,-0.2344,0.8278,7,0,0.0000,1,1.0000,0.2478,0.3982,0.6460,0.1137,0.2663,IDLE,0,1,fixed_sprint_approach depth=0.930>0.715 center=+0.114 hd=0.248,1,0,6.000,1,0.9200,0.9300,0.0470,0.9317,1,0.2852,-0.1392,55,5,0.6000,0.5892,0.4692,0.5892,0.0108,本圈台阶完成,1,0.0000,0.150,0.330
5810.553,SEEK_ROUNDABOUT,13.172,1,2.185,0.0000,0.0000,none,2.671,,0.000,,,step_align_heading/course_events_frozen,0.0450,0.2088,1,line_curve_center_riding,0.3519,0.3659,0.1320,0.0373,0.7745,6,0,0.0000,1,1.0000,0.2339,0.0947,0.3286,0.1784,0.2088,IDLE,0,1,fixed_sprint_approach depth=0.930>0.715 center=+0.178 hd=0.234,1,0,6.000,1,0.9100,0.9300,0.0484,0.9503,1,0.2661,-0.1214,58,5,0.6000,0.5892,0.4692,0.5892,0.0108,本圈台阶完成,1,0.0000,0.150,0.330
5810.685,SEEK_ROUNDABOUT,13.304,1,2.185,0.0000,0.0000,none,2.671,,0.000,,,step_align_heading/course_events_frozen,0.0450,0.1635,1,line_curve_center_riding,0.3893,0.4025,0.1826,0.0822,0.6845,5,0,0.0000,1,1.0000,0.2199,0.1003,0.3203,0.2224,0.1635,IDLE,0,1,fixed_sprint_approach depth=0.920>0.715 center=+0.222 hd=0.220,1,0,6.000,1,0.9000,0.9200,0.0474,0.9375,1,0.2695,-0.1279,61,5,0.6000,0.5892,0.4692,0.5892,0.0108,本圈台阶完成,1,0.0000,0.150,0.330
5810.821,SEEK_ROUNDABOUT,13.439,1,2.185,0.0000,0.0000,none,2.671,,0.000,,,step_align_heading/course_events_frozen,0.0450,0.1319,1,line_curve_center_riding,0.4163,0.4291,0.2158,0.1355,0.6829,5,0,0.0000,1,1.0000,0.2133,0.0803,0.2936,0.2601,0.1319,IDLE,0,1,fixed_sprint_approach depth=0.910>0.715 center=+0.260 hd=0.213,1,0,6.000,1,0.8900,0.9100,0.0468,0.9299,1,0.3175,-0.1576,64,5,0.6000,0.5892,0.4692,0.5892,0.0108,本圈台阶完成,1,0.0000,0.150,0.330
5810.953,SEEK_ROUNDABOUT,13.572,1,2.185,0.0000,0.0000,none,2.671,,0.000,,,step_align_heading/course_events_frozen,0.0450,0.0983,1,line_curve_center_riding,0.4225,0.4343,0.2387,0.1559,0.7830,6,0,0.0000,1,1.0000,0.1956,0.0828,0.2784,0.2763,0.0983,IDLE,0,1,fixed_sprint_approach depth=0.900>0.715 center=+0.276 hd=0.196,1,0,6.000,1,0.8900,0.9000,0.0462,0.9214,1,0.3233,-0.1588,67,5,0.6000,0.5892,0.4692,0.5892,0.0108,本圈台阶完成,1,0.0000,0.150,0.330
5811.082,SEEK_ROUNDABOUT,13.701,1,2.185,0.0000,0.0000,none,2.671,,0.000,,,step_align_heading/course_events_frozen,0.0450,0.0965,1,line_curve_center_riding,0.4850,0.4980,0.2818,0.1975,0.7795,6,0,0.0000,1,1.0000,0.2163,0.0842,0.3005,0.3258,0.0965,IDLE,0,1,depth_pose_aligning angle=+17.6deg lat=-0.141,1,0,6.000,1,0.8800,0.8900,0.0477,0.9418,1,0.3073,-0.1413,70,5,0.6000,0.5892,0.4692,0.5892,0.0108,本圈台阶完成,1,0.0000,0.150,0.330
5811.215,SEEK_ROUNDABOUT,13.834,1,2.185,0.0000,0.0000,none,2.671,,0.000,,,step_align_heading/course_events_frozen,0.0450,0.2004,1,line_curve_center_riding,0.5978,0.6141,0.3419,-0.1203,0.7309,6,0,0.0000,1,1.0000,0.2722,0.4623,0.7345,0.2786,0.2004,IDLE,0,1,depth_pose_aligning angle=+16.4deg lat=-0.124,1,0,6.000,1,0.8800,0.8900,0.0483,0.9494,1,0.2869,-0.1238,73,5,0.6000,0.5892,0.4692,0.5892,0.0108,本圈台阶完成,1,0.0000,0.150,0.330
5811.359,SEEK_ROUNDABOUT,13.977,1,2.185,0.0000,0.0000,none,2.671,,0.000,,,step_align_heading/course_events_frozen,0.0450,0.0509,1,line_curve_center_riding,0.4809,0.4922,0.3048,0.2135,0.6958,5,0,0.0000,1,1.0000,0.1874,0.0913,0.2787,0.3368,0.0509,IDLE,0,1,depth_pose_aligning angle=+13.1deg lat=-0.091,1,0,6.000,1,0.8700,0.8800,0.0484,0.9509,1,0.2289,-0.0915,76,5,0.6000,0.5892,0.4692,0.5892,0.0108,本圈台阶完成,1,0.0000,0.150,0.330
5811.490,SEEK_ROUNDABOUT,14.109,1,2.185,0.0000,0.0000,none,2.671,,0.000,,,step_align_heading/course_events_frozen,0.0450,0.0603,1,line_curve_center_riding,0.6108,0.6268,0.3604,0.5095,0.7581,6,0,0.0000,1,1.0000,0.2664,0.1491,0.1173,0.4989,0.0603,IDLE,0,1,depth_pose_aligning angle=+12.5deg lat=-0.084,1,0,6.000,1,0.8700,0.8800,0.0456,0.9126,1,0.2174,-0.0843,78,5,0.6000,0.5892,0.4692,0.5892,0.0108,本圈台阶完成,1,0.0000,0.150,0.330
5811.620,SEEK_ROUNDABOUT,14.239,1,2.185,0.0000,0.0000,none,2.671,,0.000,,,step_align_heading/course_events_frozen,0.0450,0.0686,1,line_curve_center_riding,0.6525,0.6696,0.3848,0.5245,0.7572,6,0,0.0000,1,1.0000,0.2847,0.1397,0.1451,0.5263,0.0686,IDLE,0,1,depth_pose_aligning angle=+10.5deg lat=-0.075,1,0,6.000,1,0.8600,0.8700,0.0478,0.9417,1,0.1834,-0.0747,81,5,0.6000,0.5892,0.4692,0.5892,0.0108,本圈台阶完成,1,0.0000,0.150,0.330
5811.756,SEEK_ROUNDABOUT,14.375,1,2.185,0.0000,0.0000,none,2.671,,0.000,,,step_align_heading/course_events_frozen,0.0450,0.0547,1,line_curve_center_riding,0.6333,0.6495,0.3801,0.5146,0.7586,6,0,0.0000,1,1.0000,0.2693,0.1344,0.1349,0.5147,0.0547,IDLE,0,1,depth_pose_aligning angle=+10.0deg lat=-0.059,1,0,6.000,1,0.8600,0.8700,0.0494,0.9643,1,0.1748,-0.0587,84,5,0.6000,0.5892,0.4692,0.5892,0.0108,本圈台阶完成,1,0.0000,0.150,0.330
5811.890,SEEK_ROUNDABOUT,14.509,1,2.185,0.0000,0.0000,none,2.671,,0.000,,,step_align_heading/course_events_frozen,0.0450,0.0335,1,line_curve_center_riding,0.5644,0.5768,0.3696,0.2843,0.6944,5,0,0.0000,1,1.0000,0.2072,0.0854,0.2925,0.4102,0.0335,IDLE,0,1,depth_pose_aligning angle=+8.9deg lat=-0.058,1,0,6.000,1,0.8600,0.8600,0.0479,0.9428,1,0.1547,-0.0576,87,5,0.6000,0.5892,0.4692,0.5892,0.0108,本圈台阶完成,1,0.0000,0.150,0.330
5812.022,SEEK_ROUNDABOUT,14.640,1,2.185,0.0000,0.0000,none,2.671,,0.000,,,step_align_heading/course_events_frozen,0.0450,0.0170,1,line_curve_center_riding,0.5640,0.5758,0.3794,0.2854,0.6898,5,0,0.0000,1,1.0000,0.1964,0.0940,0.2904,0.4135,0.0170,IDLE,0,1,depth_pose_aligning angle=+8.6deg lat=-0.052,1,0,6.000,1,0.8500,0.8600,0.0499,0.9707,1,0.1500,-0.0520,89,5,0.6000,0.5892,0.4692,0.5892,0.0108,本圈台阶完成,1,0.0000,0.150,0.330
5812.154,SEEK_ROUNDABOUT,14.772,1,2.185,0.0000,0.0000,none,2.671,,0.000,,,step_align_heading/course_events_frozen,0.0450,0.0073,1,line_curve_center_riding,0.5913,0.6034,0.4022,0.3159,0.7828,6,0,0.0000,1,1.0000,0.2012,0.0863,0.2875,0.4405,0.0073,IDLE,0,1,depth_pose_aligned 1/3 angle=+7.9deg lat=-0.042,1,0,6.000,1,0.8600,0.8600,0.0500,0.9715,1,0.1374,-0.0418,92,5,0.6000,0.5892,0.4692,0.5892,0.0108,本圈台阶完成,1,0.0000,0.150,0.330
5812.284,SEEK_ROUNDABOUT,14.903,1,2.185,0.0000,0.0000,none,2.671,,0.000,,,step_align_heading/course_events_frozen,0.0450,-0.0412,1,line_curve_center_riding,0.5941,0.6060,0.4089,0.5212,0.7504,6,0,0.0000,1,1.0000,0.1971,0.1122,0.0848,0.5120,-0.0412,IDLE,0,1,depth_pose_aligning angle=+8.1deg lat=-0.044,1,0,6.000,1,0.8550,0.8600,0.0499,0.9703,1,0.1410,-0.0438,95,5,0.6000,0.5892,0.4692,0.5892,0.0108,本圈台阶完成,1,0.0000,0.150,0.330
5812.411,SEEK_ROUNDABOUT,15.030,1,2.185,0.0000,0.0000,none,2.671,,0.000,,,step_align_heading/course_events_frozen,0.0450,-0.0030,1,line_curve_center_riding,0.6197,0.6320,0.4268,0.3412,0.7804,6,0,0.0000,1,1.0000,0.2052,0.0856,0.2908,0.4667,-0.0030,IDLE,0,1,depth_pose_aligned 1/3 angle=+7.7deg lat=-0.038,1,0,6.000,1,0.8600,0.8600,0.0501,0.9710,1,0.1340,-0.0378,97,5,0.6000,0.5892,0.4692,0.5892,0.0108,本圈台阶完成,1,0.0000,0.150,0.330
5812.540,SEEK_ROUNDABOUT,15.158,1,2.185,0.0000,0.0000,none,2.671,,0.000,,,step_align_heading/course_events_frozen,0.0450,-0.0007,1,line_curve_center_riding,0.6181,0.6305,0.4246,0.3377,0.7811,6,0,0.0000,1,1.0000,0.2059,0.0869,0.2928,0.4643,-0.0007,IDLE,0,1,depth_pose_aligned 2/3 angle=+7.5deg lat=-0.039,1,0,6.000,1,0.8600,0.8600,0.0490,0.9587,1,0.1312,-0.0386,100,5,0.6000,0.5892,0.4692,0.5892,0.0108,本圈台阶完成,1,0.0000,0.150,0.330
5812.677,SEEK_ROUNDABOUT,15.296,1,2.185,0.0000,0.0000,none,2.671,,0.000,,,step_approach_begin,0.0000,0.0000,0,,nan,nan,nan,nan,0.0000,0,0,0.0000,0,0.0000,nan,nan,nan,nan,0.0000,APPROACH,0,0,depth_pose_aligned_fixed_sprint,1,0,6.000,1,0.8600,0.8600,0.0498,0.9697,1,0.1211,-0.0315,103,5,0.6000,0.0000,0.0000,0.0000,0.6000,开始按已验证参数直行到起跳距离,1,0.0000,0.150,0.330
5812.949,SEEK_ROUNDABOUT,15.567,1,2.185,0.0000,0.0000,none,2.671,,0.000,,,step_approach_tested,0.5000,0.0000,0,,nan,nan,nan,nan,0.0000,0,0,0.0000,0,0.0000,nan,nan,nan,nan,0.0000,APPROACH,0,0,depth_pose_aligned_fixed_sprint,1,0,6.000,1,0.8800,0.8600,0.0490,0.9577,1,0.1027,-0.0242,108,5,0.6000,0.1000,-0.0049,0.1000,0.5000,APPROACH 恒速前进 source=commanded cmd=0.100 odom=-0.005 remaining=0.500,1,0.0000,0.150,0.330
5813.092,SEEK_ROUNDABOUT,15.711,1,2.185,0.0000,0.0000,none,2.671,,0.000,,,step_approach_tested,0.5000,0.0000,0,,nan,nan,nan,nan,0.0000,0,0,0.0000,0,0.0000,nan,nan,nan,nan,0.0000,APPROACH,0,0,depth_pose_aligned_fixed_sprint,1,0,6.000,1,0.8800,0.8600,0.0485,0.9517,1,0.1069,-0.0232,111,5,0.6000,0.1716,-0.0052,0.1716,0.4284,APPROACH 恒速前进 source=commanded cmd=0.172 odom=-0.005 remaining=0.428,1,0.0000,0.150,0.330
5813.230,SEEK_ROUNDABOUT,15.849,1,2.185,0.0000,0.0000,none,2.671,,0.000,,,step_approach_tested,0.5000,0.0000,0,,nan,nan,nan,nan,0.0000,0,0,0.0000,0,0.0000,nan,nan,nan,nan,0.0000,APPROACH,0,0,depth_pose_aligned_fixed_sprint,1,0,6.000,1,0.8800,0.8800,0.0513,0.9533,1,0.1134,-0.0268,114,5,0.6000,0.2407,-0.0049,0.2407,0.3593,APPROACH 恒速前进 source=commanded cmd=0.241 odom=-0.005 remaining=0.359,1,0.0000,0.150,0.330
5813.366,SEEK_ROUNDABOUT,15.985,1,2.185,0.0000,0.0000,none,2.671,,0.000,,,step_approach_tested,0.5000,0.0000,0,,nan,nan,nan,nan,0.0000,0,0,0.0000,0,0.0000,nan,nan,nan,nan,0.0000,APPROACH,0,0,depth_pose_aligned_fixed_sprint,1,0,6.000,1,0.8800,0.8800,0.0507,0.9617,1,0.1116,-0.0287,117,5,0.6000,0.3087,-0.0014,0.3087,0.2913,APPROACH 恒速前进 source=commanded cmd=0.309 odom=-0.001 remaining=0.291,1,0.0000,0.150,0.330
5813.512,SEEK_ROUNDABOUT,16.131,1,2.185,0.0000,0.0000,none,2.671,,0.000,,,step_approach_tested,0.5000,0.0000,0,,nan,nan,nan,nan,0.0000,0,0,0.0000,0,0.0000,nan,nan,nan,nan,0.0000,APPROACH,0,0,depth_pose_aligned_fixed_sprint,1,0,6.000,1,0.8800,0.8800,0.0520,0.9447,1,0.1120,-0.0262,120,5,0.6000,0.3815,-0.0025,0.3815,0.2185,APPROACH 恒速前进 source=commanded cmd=0.382 odom=-0.002 remaining=0.218,1,0.0000,0.150,0.330
5813.648,SEEK_ROUNDABOUT,16.266,1,2.185,0.0000,0.0000,none,2.671,,0.000,,,step_approach_tested,0.5000,0.0000,0,,nan,nan,nan,nan,0.0000,0,0,0.0000,0,0.0000,nan,nan,nan,nan,0.0000,APPROACH,0,0,depth_pose_aligned_fixed_sprint,1,0,6.000,1,0.8800,0.8800,0.0499,0.9696,1,0.1074,-0.0261,123,5,0.6000,0.4494,-0.0072,0.4494,0.1506,APPROACH 恒速前进 source=commanded cmd=0.449 odom=-0.007 remaining=0.151,1,0.0000,0.150,0.330
5813.781,SEEK_ROUNDABOUT,16.400,1,2.185,0.0000,0.0000,none,2.671,,0.000,,,step_approach_tested,0.5000,0.0000,0,,nan,nan,nan,nan,0.0000,0,0,0.0000,0,0.0000,nan,nan,nan,nan,0.0000,APPROACH,0,0,depth_pose_aligned_fixed_sprint,1,0,6.000,1,0.8700,0.8800,0.0493,0.9602,1,0.1138,-0.0261,125,5,0.6000,0.5161,0.0051,0.5161,0.0839,APPROACH 恒速前进 source=commanded cmd=0.516 odom=0.005 remaining=0.084,1,0.0000,0.150,0.330
5813.926,SEEK_ROUNDABOUT,16.545,1,2.185,0.0000,0.0000,none,2.671,,0.000,,,step_wait_enter_to_jump,0.0000,0.0000,0,,nan,nan,nan,nan,0.0000,0,0,0.0000,0,0.0000,nan,nan,nan,nan,0.0000,JUMP_CONFIRM,0,0,depth_pose_aligned_fixed_sprint,1,0,6.000,1,0.8600,0.8800,0.0465,0.9240,1,0.1084,-0.0248,128,5,0.6000,0.5888,0.0632,0.5888,0.0112,到达起跳点，等待终端回车确认,1,0.0000,0.150,0.330
5814.065,SEEK_ROUNDABOUT,16.683,1,2.185,0.0000,0.0000,none,2.671,,0.000,,,step_wait_enter_to_jump,0.0000,0.0000,0,,nan,nan,nan,nan,0.0000,0,0,0.0000,0,0.0000,nan,nan,nan,nan,0.0000,JUMP_CONFIRM,0,0,depth_pose_aligned_fixed_sprint,1,0,6.000,1,0.8400,0.8700,0.0463,0.9201,1,0.1100,-0.0007,131,5,0.6000,0.5888,0.1346,0.5888,0.0112,JUMP_CONFIRM 等待终端回车,1,0.0000,0.150,0.330
5814.208,SEEK_ROUNDABOUT,16.827,1,2.185,0.0000,0.0000,none,2.671,,0.000,,,step_wait_enter_to_jump,0.0000,0.0000,0,,nan,nan,nan,nan,0.0000,0,0,0.0000,0,0.0000,nan,nan,nan,nan,0.0000,JUMP_CONFIRM,0,0,depth_pose_aligned_fixed_sprint,1,0,6.000,1,0.8000,0.8600,0.0467,0.9254,1,0.1124,0.0088,134,5,0.6000,0.5888,0.2134,0.5888,0.0112,JUMP_CONFIRM 等待终端回车,1,0.0000,0.150,0.330
5814.347,SEEK_ROUNDABOUT,16.965,1,2.185,0.0000,0.0000,none,2.671,,0.000,,,step_wait_enter_to_jump,0.0000,0.0000,0,,nan,nan,nan,nan,0.0000,0,0,0.0000,0,0.0000,nan,nan,nan,nan,0.0000,JUMP_CONFIRM,0,0,depth_pose_aligned_fixed_sprint,1,0,6.000,1,0.7600,0.8400,0.0482,0.9445,1,0.1156,0.0083,137,5,0.6000,0.5888,0.3061,0.5888,0.0112,JUMP_CONFIRM 等待终端回车,1,0.0000,0.150,0.330
5814.496,SEEK_ROUNDABOUT,17.115,1,2.185,0.0000,0.0000,none,2.671,,0.000,,,step_wait_enter_to_jump,0.0000,0.0000,0,,nan,nan,nan,nan,0.0000,0,0,0.0000,0,0.0000,nan,nan,nan,nan,0.0000,JUMP_CONFIRM,0,0,depth_pose_aligned_fixed_sprint,1,0,6.000,1,0.6800,0.8000,0.0468,0.9274,1,0.1062,0.0027,142,5,0.6000,0.5888,0.4295,0.5888,0.0112,JUMP_CONFIRM 等待终端回车,1,0.0000,0.150,0.330
5814.647,SEEK_ROUNDABOUT,17.266,1,2.185,0.0000,0.0000,none,2.671,,0.000,,,step_wait_enter_to_jump,0.0000,0.0000,0,,nan,nan,nan,nan,0.0000,0,0,0.0000,0,0.0000,nan,nan,nan,nan,0.0000,JUMP_CONFIRM,0,0,depth_pose_aligned_fixed_sprint,1,0,6.000,1,0.5500,0.7600,0.0504,0.9655,1,0.1140,0.0151,148,5,0.6000,0.5888,0.5219,0.5888,0.0112,JUMP_CONFIRM 等待终端回车,1,0.0000,0.150,0.330
5814.788,SEEK_ROUNDABOUT,17.407,1,2.185,0.0000,0.0000,none,2.671,,0.000,,,step_wait_enter_to_jump,0.0000,0.0000,0,,nan,nan,nan,nan,0.0000,0,0,0.0000,0,0.0000,nan,nan,nan,nan,0.0000,JUMP_CONFIRM,0,0,depth_pose_aligned_fixed_sprint,1,0,5.400,0,nan,0.7600,nan,0.0000,0,nan,nan,0,5,0.6000,0.5888,0.6029,0.5888,0.0112,JUMP_CONFIRM 等待终端回车,1,0.0000,0.150,0.330
5814.932,SEEK_ROUNDABOUT,17.551,1,2.185,0.0000,0.0000,none,2.671,,0.000,,,step_wait_enter_to_jump,0.0000,0.0000,0,,nan,nan,nan,nan,0.0000,0,0,0.0000,0,0.0000,nan,nan,nan,nan,0.0000,JUMP_CONFIRM,0,0,depth_pose_aligned_fixed_sprint,1,0,4.800,0,nan,0.7200,nan,0.0000,0,nan,nan,0,5,0.6000,0.5888,0.6437,0.5888,0.0112,JUMP_CONFIRM 等待终端回车,1,0.0000,0.150,0.330
5815.079,SEEK_ROUNDABOUT,17.698,1,2.185,0.0000,0.0000,none,2.671,,0.000,,,step_jump_after_enter,0.5000,0.0000,0,,nan,nan,nan,nan,0.0000,0,0,0.0000,0,0.0000,nan,nan,nan,nan,0.0000,JUMP,0,0,depth_pose_aligned_fixed_sprint,1,0,4.200,0,nan,0.6800,nan,0.0000,0,nan,nan,0,5,0.6000,0.5888,0.6765,0.5888,0.0112,JUMP 脉冲中,1,0.0000,0.150,0.330
5815.226,SEEK_ROUNDABOUT,17.844,1,2.185,0.0000,0.0000,none,2.671,,0.000,,,step_jump_pulse,0.5000,0.0000,0,,nan,nan,nan,nan,0.0000,0,0,0.0000,0,0.0000,nan,nan,nan,nan,0.0000,JUMP,0,0,depth_pose_aligned_fixed_sprint,1,0,3.600,0,nan,0.6150,nan,0.0000,0,nan,nan,0,5,0.6000,0.5888,0.6765,0.5888,0.0112,JUMP 脉冲中,1,0.0000,0.150,0.330
5815.363,SEEK_ROUNDABOUT,17.981,1,2.185,0.0000,0.0000,none,2.671,,0.000,,,step_land_forward,0.3000,0.0000,0,,nan,nan,nan,nan,0.0000,0,0,0.0000,0,0.0000,nan,nan,nan,nan,0.0000,LAND,0,0,depth_pose_aligned_fixed_sprint,1,0,3.000,0,nan,0.5500,nan,0.0000,0,nan,nan,0,5,0.6000,0.5888,0.6765,0.5888,0.0112,跳跃脉冲结束，落地继续前行,1,0.0000,0.150,0.330
5815.509,SEEK_ROUNDABOUT,18.128,1,2.185,0.0000,0.0000,none,2.671,,0.000,,,step_land_forward,0.3000,0.0000,0,,nan,nan,nan,nan,0.0000,0,0,0.0000,0,0.0000,nan,nan,nan,nan,0.0000,LAND,0,0,depth_pose_aligned_fixed_sprint,1,0,2.400,0,nan,nan,nan,0.0000,0,nan,nan,0,5,0.6000,0.5888,0.6765,0.5888,0.0112,跳跃脉冲结束，落地继续前行,1,0.0000,0.150,0.330
5815.661,SEEK_ROUNDABOUT,18.279,1,2.185,0.0000,0.0000,none,2.671,,0.000,,,step_land_forward,0.3000,0.0000,0,,nan,nan,nan,nan,0.0000,0,0,0.0000,0,0.0000,nan,nan,nan,nan,0.0000,LAND,0,0,depth_pose_aligned_fixed_sprint,1,0,1.800,0,nan,nan,nan,0.0000,0,nan,nan,0,5,0.6000,0.5888,0.6765,0.5888,0.0112,跳跃脉冲结束，落地继续前行,1,0.0000,0.150,0.330
5815.825,SEEK_ROUNDABOUT,18.444,1,2.185,0.0000,0.0000,none,2.671,,0.000,,,step_land_forward,0.3000,0.0000,0,,nan,nan,nan,nan,0.0000,0,0,0.0000,0,0.0000,nan,nan,nan,nan,0.0000,LAND,0,0,depth_pose_aligned_fixed_sprint,1,0,1.200,0,nan,nan,nan,0.0000,0,nan,nan,0,5,0.6000,0.5888,0.6765,0.5888,0.0112,跳跃脉冲结束，落地继续前行,1,0.0000,0.150,0.330
5815.974,SEEK_ROUNDABOUT,18.593,1,2.185,0.0000,0.0000,none,2.671,,0.000,,,step_land_forward,0.3000,0.0000,0,,nan,nan,nan,nan,0.0000,0,0,0.0000,0,0.0000,nan,nan,nan,nan,0.0000,LAND,0,0,depth_pose_aligned_fixed_sprint,1,0,0.600,0,nan,nan,nan,0.0000,0,nan,nan,0,5,0.6000,0.5888,0.6765,0.5888,0.0112,跳跃脉冲结束，落地继续前行,1,0.0000,0.150,0.330
5816.127,SEEK_ROUNDABOUT,18.745,1,2.185,0.0000,0.0000,none,2.671,,0.000,,,step_land_forward,0.3000,0.0000,0,,nan,nan,nan,nan,0.0000,0,0,0.0000,0,0.0000,nan,nan,nan,nan,0.0000,LAND,0,0,depth_pose_aligned_fixed_sprint,1,0,1.600,0,0.6900,0.6900,0.0586,0.8408,1,0.1448,0.1407,2,5,0.6000,0.5888,0.6765,0.5888,0.0112,跳跃脉冲结束，落地继续前行,1,0.0000,0.150,0.330
5816.264,SEEK_ROUNDABOUT,18.883,1,2.185,0.0000,0.0000,none,2.671,,0.000,,,step_land_forward,0.3000,0.0000,0,,nan,nan,nan,nan,0.0000,0,0,0.0000,0,0.0000,nan,nan,nan,nan,0.0000,LAND,0,0,depth_pose_aligned_fixed_sprint,1,0,1.000,0,nan,0.6900,nan,0.0000,0,nan,nan,0,5,0.6000,0.5888,0.6765,0.5888,0.0112,跳跃脉冲结束，落地继续前行,1,0.0000,0.150,0.330
5816.400,SEEK_ROUNDABOUT,19.018,1,2.185,0.0000,0.0000,none,2.671,,0.000,,,step_land_forward,0.3000,0.0000,0,,nan,nan,nan,nan,0.0000,0,0,0.0000,0,0.0000,nan,nan,nan,nan,0.0000,LAND,0,0,depth_pose_aligned_fixed_sprint,1,0,0.400,0,nan,0.6900,nan,0.0000,0,nan,nan,0,5,0.6000,0.5888,0.6765,0.5888,0.0112,跳跃脉冲结束，落地继续前行,1,0.0000,0.150,0.330
5816.543,SEEK_ROUNDABOUT,19.162,1,2.185,0.0000,0.0000,none,2.671,,0.000,,,step_land_forward,0.3000,0.0000,0,,nan,nan,nan,nan,0.0000,0,0,0.0000,0,0.0000,nan,nan,nan,nan,0.0000,LAND,0,0,depth_pose_aligned_fixed_sprint,1,0,0.000,0,nan,0.6900,nan,0.0000,0,nan,nan,0,5,0.6000,0.5888,0.6765,0.5888,0.0112,跳跃脉冲结束，落地继续前行,1,0.0000,0.150,0.330
5816.690,SEEK_ROUNDABOUT,19.309,1,2.185,0.0000,0.0000,none,2.671,,0.000,,,step_land_forward,0.3000,0.0000,0,,nan,nan,nan,nan,0.0000,0,0,0.0000,0,0.0000,nan,nan,nan,nan,0.0000,LAND,0,0,depth_pose_aligned_fixed_sprint,1,0,1.000,0,0.7000,0.6950,0.0503,0.9381,1,0.0583,0.0014,2,5,0.6000,0.5888,0.6765,0.5888,0.0112,跳跃脉冲结束，落地继续前行,1,0.0000,0.150,0.330
5816.826,SEEK_ROUNDABOUT,19.445,1,2.185,0.0000,0.0000,none,2.671,,0.000,,,step_land_forward,0.3000,0.0000,0,,nan,nan,nan,nan,0.0000,0,0,0.0000,0,0.0000,nan,nan,nan,nan,0.0000,LAND,0,0,depth_pose_aligned_fixed_sprint,1,0,2.000,0,0.7600,0.7000,0.0501,0.9348,1,0.0868,0.0067,2,5,0.6000,0.5888,0.6765,0.5888,0.0112,跳跃脉冲结束，落地继续前行,1,0.0000,0.150,0.330
5816.969,SEEK_ROUNDABOUT,19.588,1,2.185,0.0000,0.0000,none,2.671,,0.000,,,step_land_forward,0.3000,0.0000,0,,nan,nan,nan,nan,0.0000,0,0,0.0000,0,0.0000,nan,nan,nan,nan,0.0000,LAND,0,0,depth_pose_aligned_fixed_sprint,1,0,1.400,0,nan,0.7300,nan,0.0000,0,nan,nan,0,5,0.6000,0.5888,0.6765,0.5888,0.0112,跳跃脉冲结束，落地继续前行,1,0.0000,0.150,0.330
5817.135,SEEK_ROUNDABOUT,19.754,1,2.185,0.0000,0.0000,none,2.671,,0.000,,,step_land_forward,0.3000,0.0000,0,,nan,nan,nan,nan,0.0000,0,0,0.0000,0,0.0000,nan,nan,nan,nan,0.0000,LAND,0,0,depth_pose_aligned_fixed_sprint,1,0,0.800,0,nan,0.7300,nan,0.0000,0,nan,nan,0,5,0.6000,0.5888,0.6765,0.5888,0.0112,跳跃脉冲结束，落地继续前行,1,0.0000,0.150,0.330
5817.284,SEEK_ROUNDABOUT,19.903,1,2.185,0.0000,0.0000,none,2.671,,0.000,,,step_land_forward,0.3000,0.0000,0,,nan,nan,nan,nan,0.0000,0,0,0.0000,0,0.0000,nan,nan,nan,nan,0.0000,LAND,0,0,depth_pose_aligned_fixed_sprint,1,0,0.200,0,nan,0.7300,nan,0.0000,0,nan,nan,0,5,0.6000,0.5888,0.6765,0.5888,0.0112,跳跃脉冲结束，落地继续前行,1,0.0000,0.150,0.330
5817.442,SEEK_ROUNDABOUT,20.060,1,2.185,0.0000,0.0000,none,2.671,,0.000,,,step_recover_stop,0.0000,0.0000,0,,nan,nan,nan,nan,0.0000,0,0,0.0000,0,0.0000,nan,nan,nan,nan,0.0000,RECOVER,0,0,depth_pose_aligned_fixed_sprint,1,0,0.000,0,nan,0.7300,nan,0.0000,0,nan,nan,0,5,0.6000,0.5888,0.6765,0.5888,0.0112,落地前行结束，停车恢复,1,0.0000,0.150,0.330
5817.586,SEEK_ROUNDABOUT,20.205,1,2.185,0.0000,0.0000,none,2.671,,0.000,,,step_recover_stop,0.0000,0.0000,0,,nan,nan,nan,nan,0.0000,0,0,0.0000,0,0.0000,nan,nan,nan,nan,0.0000,RECOVER,0,0,depth_pose_aligned_fixed_sprint,1,0,0.000,0,nan,0.7600,nan,0.0000,0,nan,nan,0,5,0.6000,0.5888,0.6765,0.5888,0.0112,落地前行结束，停车恢复,1,0.0000,0.150,0.330
5817.747,SEEK_ROUNDABOUT,20.366,1,2.185,0.0000,0.0000,none,2.671,,0.000,,,step_recover_stop,0.0000,0.0000,0,,nan,nan,nan,nan,0.0000,0,0,0.0000,0,0.0000,nan,nan,nan,nan,0.0000,RECOVER,0,0,depth_pose_aligned_fixed_sprint,1,0,0.000,0,nan,nan,nan,0.0000,0,nan,nan,0,5,0.6000,0.5888,0.6765,0.5888,0.0112,落地前行结束，停车恢复,1,0.0000,0.150,0.330
5817.887,SEEK_ROUNDABOUT,20.505,1,2.185,0.0000,0.0000,none,2.671,,0.000,,,step_recover_stop,0.0000,0.0000,0,,nan,nan,nan,nan,0.0000,0,0,0.0000,0,0.0000,nan,nan,nan,nan,0.0000,RECOVER,0,0,depth_pose_aligned_fixed_sprint,1,0,0.000,0,nan,nan,nan,0.0000,0,nan,nan,0,5,0.6000,0.5888,0.6765,0.5888,0.0112,落地前行结束，停车恢复,1,0.0000,0.150,0.330
5818.026,SEEK_ROUNDABOUT,20.645,1,2.185,0.0000,0.0000,none,2.671,,0.000,,,step_recover_stop,0.0000,0.0000,0,,nan,nan,nan,nan,0.0000,0,0,0.0000,0,0.0000,nan,nan,nan,nan,0.0000,RECOVER,0,0,depth_pose_aligned_fixed_sprint,1,0,0.000,0,nan,nan,nan,0.0000,0,nan,nan,0,5,0.6000,0.5888,0.6765,0.5888,0.0112,落地前行结束，停车恢复,1,0.0000,0.150,0.330
5818.167,SEEK_ROUNDABOUT,20.786,1,2.185,0.0000,0.0000,none,2.671,,0.000,,,step_recover_stop,0.0000,0.0000,0,,nan,nan,nan,nan,0.0000,0,0,0.0000,0,0.0000,nan,nan,nan,nan,0.0000,RECOVER,0,0,depth_pose_aligned_fixed_sprint,1,0,0.000,0,nan,nan,nan,0.0000,0,nan,nan,0,5,0.6000,0.5888,0.6765,0.5888,0.0112,落地前行结束，停车恢复,1,0.0000,0.150,0.330
5818.305,SEEK_ROUNDABOUT,20.923,1,2.185,0.0000,0.0000,none,2.671,,0.000,,,step_recover_stop,0.0000,0.0000,0,,nan,nan,nan,nan,0.0000,0,0,0.0000,0,0.0000,nan,nan,nan,nan,0.0000,RECOVER,0,0,depth_pose_aligned_fixed_sprint,1,0,0.000,0,nan,nan,nan,0.0000,0,nan,nan,0,5,0.6000,0.5888,0.6765,0.5888,0.0112,落地前行结束，停车恢复,1,0.0000,0.150,0.330
5818.449,SEEK_ROUNDABOUT,21.068,1,2.185,0.0000,0.0000,none,2.671,,0.000,,,step_recover_stop,0.0000,0.0000,0,,nan,nan,nan,nan,0.0000,0,0,0.0000,0,0.0000,nan,nan,nan,nan,0.0000,RECOVER,0,0,depth_pose_aligned_fixed_sprint,1,0,1.000,0,1.1400,1.1400,0.0490,0.9257,1,-0.0674,-0.0136,3,5,0.6000,0.5888,0.6765,0.5888,0.0112,落地前行结束，停车恢复,1,0.0000,0.150,0.330
5818.591,SEEK_ROUNDABOUT,21.210,1,2.185,0.0000,0.0000,none,2.671,,0.000,,,step_recover_stop,0.0000,0.0000,0,,nan,nan,nan,nan,0.0000,0,0,0.0000,0,0.0000,nan,nan,nan,nan,0.0000,RECOVER,0,0,depth_pose_aligned_fixed_sprint,1,0,0.400,0,nan,1.1400,nan,0.0000,0,nan,nan,0,5,0.6000,0.5888,0.6765,0.5888,0.0112,落地前行结束，停车恢复,1,0.0000,0.150,0.330
5818.740,SEEK_ROUNDABOUT,21.358,1,2.185,0.0000,0.0000,none,2.671,,0.000,,,step_recover_stop,0.0000,0.0000,0,,nan,nan,nan,nan,0.0000,0,0,0.0000,0,0.0000,nan,nan,nan,nan,0.0000,RECOVER,0,0,depth_pose_aligned_fixed_sprint,1,0,0.000,0,nan,1.1400,nan,0.0000,0,nan,nan,0,5,0.6000,0.5888,0.6765,0.5888,0.0112,落地前行结束，停车恢复,1,0.0000,0.150,0.330
5818.876,SEEK_ROUNDABOUT,21.495,1,2.185,0.0000,0.0000,none,2.671,,0.000,,,step_recover_stop,0.0000,0.0000,0,,nan,nan,nan,nan,0.0000,0,0,0.0000,0,0.0000,nan,nan,nan,nan,0.0000,RECOVER,0,0,depth_pose_aligned_fixed_sprint,1,0,0.000,0,nan,1.1400,nan,0.0000,0,nan,nan,0,5,0.6000,0.5888,0.6765,0.5888,0.0112,落地前行结束，停车恢复,1,0.0000,0.150,0.330
5819.011,SEEK_ROUNDABOUT,21.630,1,2.185,0.0000,0.0000,none,2.671,,0.000,,,step_recover_stop,0.0000,0.0000,0,,nan,nan,nan,nan,0.0000,0,0,0.0000,0,0.0000,nan,nan,nan,nan,0.0000,RECOVER,0,0,depth_pose_aligned_fixed_sprint,1,0,0.000,0,nan,1.1400,nan,0.0000,0,nan,nan,0,5,0.6000,0.5888,0.6765,0.5888,0.0112,落地前行结束，停车恢复,1,0.0000,0.150,0.330
5819.152,SEEK_ROUNDABOUT,21.771,1,2.185,0.0000,0.0000,none,2.671,,0.000,,,step_recover_stop,0.0000,0.0000,0,,nan,nan,nan,nan,0.0000,0,0,0.0000,0,0.0000,nan,nan,nan,nan,0.0000,RECOVER,0,0,depth_pose_aligned_fixed_sprint,1,0,1.000,0,0.9400,1.0400,0.0497,0.9295,1,0.1318,0.0169,2,5,0.6000,0.5888,0.6765,0.5888,0.0112,落地前行结束，停车恢复,1,0.0000,0.150,0.330
5819.297,SEEK_ROUNDABOUT,21.916,1,2.185,0.0000,0.0000,none,2.671,,0.000,,,step_recover_stop,0.0000,0.0000,0,,nan,nan,nan,nan,0.0000,0,0,0.0000,0,0.0000,nan,nan,nan,nan,0.0000,RECOVER,0,0,depth_pose_aligned_fixed_sprint,1,0,2.000,1,0.5800,0.7600,0.0537,0.9245,1,-0.0003,0.0487,7,5,0.6000,0.5888,0.6765,0.5888,0.0112,落地前行结束，停车恢复,1,0.0000,0.150,0.330
5819.458,SEEK_ROUNDABOUT,22.077,1,2.185,0.0000,0.0000,none,2.671,,0.000,,,step_recover_stop,0.0000,0.0000,0,,nan,nan,nan,nan,0.0000,0,0,0.0000,0,0.0000,nan,nan,nan,nan,0.0000,RECOVER,0,0,depth_pose_aligned_fixed_sprint,1,0,1.400,0,nan,0.7600,nan,0.0000,0,nan,nan,0,5,0.6000,0.5888,0.6765,0.5888,0.0112,落地前行结束，停车恢复,1,0.0000,0.150,0.330
5819.596,SEEK_ROUNDABOUT,22.214,1,2.185,0.0000,0.0000,none,2.671,,0.000,,,step_recover_stop,0.0000,0.0000,0,,nan,nan,nan,nan,0.0000,0,0,0.0000,0,0.0000,nan,nan,nan,nan,0.0000,RECOVER,0,0,depth_pose_aligned_fixed_sprint,1,0,0.800,0,nan,0.7600,nan,0.0000,0,nan,nan,0,5,0.6000,0.5888,0.6765,0.5888,0.0112,落地前行结束，停车恢复,1,0.0000,0.150,0.330
5819.731,SEEK_ROUNDABOUT,22.350,1,2.185,0.0000,0.0000,none,2.671,,0.000,,,step_recover_stop,0.0000,0.0000,0,,nan,nan,nan,nan,0.0000,0,0,0.0000,0,0.0000,nan,nan,nan,nan,0.0000,RECOVER,0,0,depth_pose_aligned_fixed_sprint,1,0,0.200,0,nan,0.7600,nan,0.0000,0,nan,nan,0,5,0.6000,0.5888,0.6765,0.5888,0.0112,落地前行结束，停车恢复,1,0.0000,0.150,0.330
5819.864,SEEK_ROUNDABOUT,22.482,1,2.185,0.0000,0.0000,none,2.671,,0.000,,,step_recover_stop,0.0000,0.0000,0,,nan,nan,nan,nan,0.0000,0,0,0.0000,0,0.0000,nan,nan,nan,nan,0.0000,RECOVER,0,0,depth_pose_aligned_fixed_sprint,1,0,0.000,0,nan,0.7600,nan,0.0000,0,nan,nan,0,5,0.6000,0.5888,0.6765,0.5888,0.0112,落地前行结束，停车恢复,1,0.0000,0.150,0.330
5820.028,SEEK_ROUNDABOUT,22.647,1,2.185,0.0000,0.0000,none,2.671,,0.000,,,step_recover_stop,0.0000,0.0000,0,,nan,nan,nan,nan,0.0000,0,0,0.0000,0,0.0000,nan,nan,nan,nan,0.0000,RECOVER,0,0,depth_pose_aligned_fixed_sprint,1,0,0.000,0,nan,0.5800,nan,0.0000,0,nan,nan,0,5,0.6000,0.5888,0.6765,0.5888,0.0112,落地前行结束，停车恢复,1,0.0000,0.150,0.330
5820.168,SEEK_ROUNDABOUT,22.787,1,2.185,0.0000,0.0000,none,2.671,,0.000,,,step_recover_stop,0.0000,0.0000,0,,nan,nan,nan,nan,0.0000,0,0,0.0000,0,0.0000,nan,nan,nan,nan,0.0000,RECOVER,0,0,depth_pose_aligned_fixed_sprint,1,0,0.000,0,nan,nan,nan,0.0000,0,nan,nan,0,5,0.6000,0.5888,0.6765,0.5888,0.0112,落地前行结束，停车恢复,1,0.0000,0.150,0.330
5820.302,SEEK_ROUNDABOUT,22.921,1,2.185,0.0000,0.0000,none,2.671,,0.000,,,step_recover_stop,0.0000,0.0000,0,,nan,nan,nan,nan,0.0000,0,0,0.0000,0,0.0000,nan,nan,nan,nan,0.0000,RECOVER,0,0,depth_pose_aligned_fixed_sprint,1,0,0.000,0,nan,nan,nan,0.0000,0,nan,nan,0,5,0.6000,0.5888,0.6765,0.5888,0.0112,落地前行结束，停车恢复,1,0.0000,0.150,0.330
5820.438,SEEK_ROUNDABOUT,23.057,1,2.185,0.0000,0.0000,none,2.671,,0.000,,,step_recover_stop,0.0000,0.0000,0,,nan,nan,nan,nan,0.0000,0,0,0.0000,0,0.0000,nan,nan,nan,nan,0.0000,RECOVER,0,0,depth_pose_aligned_fixed_sprint,1,0,0.000,0,nan,nan,nan,0.0000,0,nan,nan,0,5,0.6000,0.5888,0.6765,0.5888,0.0112,落地前行结束，停车恢复,1,0.0000,0.150,0.330
5820.578,SEEK_ROUNDABOUT,23.197,1,2.185,0.0000,0.0000,none,2.671,,0.000,,,step_resume_tracking,0.0000,0.0000,0,,nan,nan,nan,nan,0.0000,0,0,0.0000,0,0.0000,nan,nan,nan,nan,0.0000,IDLE,1,0,step_done_latches_cleared,0,0,0.000,0,nan,nan,nan,0.0000,0,nan,nan,0,5,0.6000,0.5888,0.6765,0.5888,0.0112,本圈台阶完成,1,0.0000,0.150,0.330
5820.717,SEEK_ROUNDABOUT,23.335,1,2.185,0.0000,0.0000,none,2.671,,0.000,,,tracking,0.0507,-0.3333,1,line_center_tracking,0.3088,0.3411,0.2259,0.1753,0.9635,8,0,0.0000,0,0.0000,0.1152,0.0506,0.1657,0.2474,-0.3333,IDLE,1,0,step_done_latches_cleared,0,0,0.000,0,nan,nan,nan,0.0000,0,nan,nan,0,5,0.6000,0.5888,0.6765,0.5888,0.0112,本圈台阶完成,1,0.0000,0.150,0.330
5820.860,SEEK_ROUNDABOUT,23.478,1,2.185,0.0000,0.0000,none,2.671,,0.000,,,tracking,0.1013,-0.3060,1,line_center_tracking,0.2612,0.2853,0.1992,0.1340,0.9831,8,0,0.0000,0,0.0000,0.0860,0.0652,0.1513,0.2062,-0.3060,IDLE,1,0,step_done_latches_cleared,0,0,0.000,0,nan,nan,nan,0.0000,0,nan,nan,0,5,0.6000,0.5888,0.6765,0.5888,0.0112,本圈台阶完成,1,0.0000,0.150,0.330
5821.006,SEEK_ROUNDABOUT,23.625,1,2.196,0.0000,0.0000,none,2.671,,0.000,,,tracking,0.1520,-0.2529,1,line_center_tracking,0.1892,0.2126,0.1289,0.0602,0.9822,8,0,0.0000,0,0.0000,0.0837,0.0687,0.1524,0.1339,-0.2529,IDLE,1,0,step_done_latches_cleared,0,0,0.000,0,nan,nan,nan,0.0000,0,nan,nan,0,5,0.6000,0.5888,0.6765,0.5888,0.0112,本圈台阶完成,1,0.0000,0.150,0.330
5821.163,SEEK_ROUNDABOUT,23.782,1,2.209,0.0000,0.0000,none,2.671,,0.000,,,tracking,0.2008,-0.1913,1,line_center_tracking,0.1219,0.1465,0.0588,-0.0150,0.9808,8,0,0.0000,0,0.0000,0.0877,0.0738,0.1615,0.0635,-0.1913,IDLE,1,0,step_done_latches_cleared,0,0,0.000,0,nan,nan,nan,0.0000,0,nan,nan,0,5,0.6000,0.5888,0.6765,0.5888,0.0112,本圈台阶完成,1,0.0000,0.150,0.330
5821.291,SEEK_ROUNDABOUT,23.909,1,2.218,0.0000,0.0000,none,2.671,,0.000,,,tracking,0.2170,-0.1284,1,line_center_tracking,0.0649,0.0907,-0.0016,-0.0797,0.9799,8,0,0.0000,0,0.0000,0.0923,0.0782,0.1704,0.0031,-0.1284,IDLE,1,0,step_done_latches_cleared,0,0,0.000,0,nan,nan,nan,0.0000,0,nan,nan,0,5,0.6000,0.5888,0.6765,0.5888,0.0112,本圈台阶完成,1,0.0000,0.150,0.330
5821.424,SEEK_ROUNDABOUT,24.043,1,2.229,0.0000,0.0000,none,2.671,,0.000,,,tracking,0.2297,-0.0727,1,line_center_tracking,0.0171,0.0447,-0.0538,-0.1375,0.9786,8,0,0.0000,0,0.0000,0.0985,0.0837,0.1822,-0.0489,-0.0727,IDLE,1,0,step_done_latches_cleared,0,0,0.000,0,nan,nan,nan,0.0000,0,nan,nan,0,5,0.6000,0.5888,0.6765,0.5888,0.0112,本圈台阶完成,1,0.0000,0.150,0.330
5821.558,SEEK_ROUNDABOUT,24.177,1,2.241,0.0000,0.0000,none,2.671,,0.000,,,tracking,0.1791,-0.0500,1,line_curve_center_riding,0.0227,0.0290,-0.0757,-0.1636,0.9774,8,0,0.0000,0,0.0000,0.1047,0.0879,0.1926,-0.0701,-0.0500,IDLE,1,0,step_done_latches_cleared,0,0,0.000,0,nan,nan,nan,0.0000,0,nan,nan,0,5,0.6000,0.5888,0.6765,0.5888,0.0112,本圈台阶完成,1,0.0000,0.150,0.330
5821.692,SEEK_ROUNDABOUT,24.310,1,2.248,0.0000,0.0000,none,2.671,,0.000,,,tracking,0.1700,-0.0331,1,line_curve_center_riding,0.0147,0.0210,-0.0826,-0.1716,0.9774,8,0,0.0000,0,0.0000,0.1035,0.0890,0.1926,-0.0777,-0.0331,IDLE,1,0,step_done_latches_cleared,0,0,0.000,0,nan,nan,nan,0.0000,0,nan,nan,0,5,0.6000,0.5888,0.6765,0.5888,0.0112,本圈台阶完成,1,0.0000,0.150,0.330
5821.827,SEEK_ROUNDABOUT,24.446,1,2.248,0.0000,0.0000,none,2.671,,0.000,,,tracking,0.1700,-0.0149,1,line_curve_center_riding,-0.0025,0.0038,-0.1011,-0.1888,0.9774,8,0,0.0000,0,0.0000,0.1050,0.0877,0.1927,-0.0954,-0.0149,IDLE,1,0,step_done_latches_cleared,0,0,0.000,0,nan,nan,nan,0.0000,0,nan,nan,0,5,0.6000,0.5888,0.6765,0.5888,0.0112,本圈台阶完成,1,0.0000,0.150,0.330
5821.963,SEEK_ROUNDABOUT,24.582,1,2.253,0.0000,0.0000,none,2.671,,0.000,,,tracking,0.1700,0.0072,1,line_curve_center_riding,-0.0260,-0.0196,-0.1258,-0.2137,0.9772,8,0,0.0000,0,0.0000,0.1062,0.0879,0.1941,-0.1197,0.0072,IDLE,1,0,step_done_latches_cleared,0,0,0.000,0,nan,nan,nan,0.0000,0,nan,nan,0,5,0.6000,0.5888,0.6765,0.5888,0.0112,本圈台阶完成,1,0.0000,0.150,0.330
5822.099,SEEK_ROUNDABOUT,24.717,1,2.265,0.0000,0.0000,none,2.671,,0.000,,,tracking,0.1700,0.0116,1,line_curve_center_riding,-0.0163,-0.0101,-0.1132,-0.1987,0.9778,8,0,0.0000,0,0.0000,0.1030,0.0855,0.1885,-0.1073,0.0116,IDLE,1,0,step_done_latches_cleared,0,0,0.000,0,nan,nan,nan,0.0000,0,nan,nan,0,5,0.6000,0.5888,0.6765,0.5888,0.0112,本圈台阶完成,1,0.0000,0.150,0.330
5822.230,SEEK_ROUNDABOUT,24.849,1,2.277,0.0000,0.0000,none,2.671,,0.000,,,tracking,0.2199,0.0156,1,line_center_tracking,-0.0183,0.0091,-0.0886,-0.1702,0.9790,8,0,0.0000,0,0.0000,0.0976,0.0816,0.1793,-0.0832,0.0156,IDLE,1,0,step_done_latches_cleared,0,0,0.000,0,nan,nan,nan,0.0000,0,nan,nan,0,5,0.6000,0.5888,0.6765,0.5888,0.0112,本圈台阶完成,1,0.0000,0.150,0.330
5822.366,SEEK_ROUNDABOUT,24.984,1,2.295,0.0000,0.0000,none,2.671,,0.000,,,tracking,0.2312,0.0102,1,line_center_tracking,-0.0055,0.0200,-0.0712,-0.1494,0.9801,8,0,0.0000,0,0.0000,0.0913,0.0781,0.1694,-0.0669,0.0102,IDLE,1,0,step_done_latches_cleared,0,0,0.000,0,nan,nan,nan,0.0000,0,nan,nan,0,5,0.6000,0.5888,0.6765,0.5888,0.0112,本圈台阶完成,1,0.0000,0.150,0.330
5822.500,SEEK_ROUNDABOUT,25.119,1,2.317,0.0000,0.0000,none,2.671,,0.000,,,tracking,0.2320,0.0065,1,line_center_tracking,-0.0027,0.0215,-0.0649,-0.1407,0.9811,8,0,0.0000,0,0.0000,0.0864,0.0758,0.1622,-0.0614,0.0065,IDLE,1,0,step_done_latches_cleared,0,0,0.000,0,nan,nan,nan,0.0000,0,nan,nan,0,5,0.6000,0.5888,0.6765,0.5888,0.0112,本圈台阶完成,1,0.0000,0.150,0.330
5822.633,SEEK_ROUNDABOUT,25.251,1,2.339,0.0000,0.0000,none,2.671,,0.000,,,tracking,0.2329,0.0079,1,line_center_tracking,-0.0080,0.0152,-0.0676,-0.1383,0.9821,8,0,0.0000,0,0.0000,0.0828,0.0706,0.1535,-0.0636,0.0079,IDLE,1,0,step_done_latches_cleared,0,0,0.000,0,nan,nan,nan,0.0000,0,nan,nan,0,5,0.6000,0.5888,0.6765,0.5888,0.0112,本圈台阶完成,1,0.0000,0.150,0.330
5822.765,SEEK_ROUNDABOUT,25.383,1,2.358,0.0000,0.0000,none,2.671,,0.000,,,tracking,0.2334,0.0103,1,line_center_tracking,-0.0115,0.0109,-0.0692,-0.1383,0.9826,8,0,0.0000,0,0.0000,0.0801,0.0690,0.1492,-0.0655,0.0103,IDLE,1,0,step_done_latches_cleared,0,0,0.000,0,nan,nan,nan,0.0000,0,nan,nan,0,5,0.6000,0.5888,0.6765,0.5888,0.0112,本圈台阶完成,1,0.0000,0.150,0.330
5822.894,SEEK_ROUNDABOUT,25.513,1,2.394,0.0000,0.0000,none,2.671,,0.000,,,tracking,0.2341,0.0082,1,line_center_tracking,-0.0061,0.0153,-0.0611,-0.1281,0.9829,8,0,0.0000,0,0.0000,0.0764,0.0670,0.1435,-0.0580,0.0082,IDLE,1,0,step_done_latches_cleared,0,0,0.000,0,nan,nan,nan,0.0000,0,nan,nan,0,5,0.6000,0.5888,0.6765,0.5888,0.0112,本圈台阶完成,1,0.0000,0.150,0.330
5823.032,SEEK_ROUNDABOUT,25.650,1,2.424,0.0000,0.0000,none,2.671,,0.000,,,tracking,0.2346,0.0143,1,line_center_tracking,-0.0180,0.0023,-0.0701,-0.1365,0.9832,8,0,0.0000,0,0.0000,0.0724,0.0664,0.1388,-0.0681,0.0143,IDLE,1,0,step_done_latches_cleared,0,0,0.000,0,nan,nan,nan,0.0000,0,nan,nan,0,5,0.6000,0.5888,0.6765,0.5888,0.0112,本圈台阶完成,1,0.0000,0.150,0.330
5823.159,SEEK_ROUNDABOUT,25.778,1,2.461,0.0000,0.0000,none,2.671,,0.000,,,tracking,0.2346,0.0251,1,line_center_tracking,-0.0322,-0.0128,-0.0821,-0.1511,0.9830,8,0,0.0000,0,0.0000,0.0692,0.0691,0.1383,-0.0820,0.0251,IDLE,1,0,step_done_latches_cleared,0,0,0.000,0,nan,nan,nan,0.0000,0,nan,nan,0,5,0.6000,0.5888,0.6765,0.5888,0.0112,本圈台阶完成,1,0.0000,0.150,0.330
5823.293,SEEK_ROUNDABOUT,25.911,1,2.506,0.0000,0.0000,none,2.671,,0.000,,,tracking,0.2342,0.0342,1,line_center_tracking,-0.0398,-0.0214,-0.0872,-0.1631,0.9817,8,0,0.0000,0,0.0000,0.0658,0.0760,0.1418,-0.0905,0.0342,IDLE,1,0,step_done_latches_cleared,0,0,0.000,0,nan,nan,nan,0.0000,0,nan,nan,0,5,0.6000,0.5888,0.6765,0.5888,0.0112,本圈台阶完成,1,0.0000,0.150,0.330
5823.424,SEEK_ROUNDABOUT,26.043,1,2.542,0.0000,0.0000,none,2.671,,0.000,,,tracking,0.2331,0.0592,1,line_center_tracking,-0.0754,-0.0598,-0.1154,-0.2114,0.9788,8,0,0.0000,0,0.0043,0.0556,0.0960,0.1516,-0.1289,0.0592,IDLE,1,0,step_done_latches_cleared,0,0,0.000,0,nan,nan,nan,0.0000,0,nan,nan,0,5,0.6000,0.5888,0.6765,0.5888,0.0112,本圈台阶完成,1,0.0000,0.150,0.330
5823.566,SEEK_ROUNDABOUT,26.185,1,2.597,0.0000,0.0000,none,2.671,,0.000,,,tracking,0.1825,0.0842,1,line_curve_center_riding,-0.1004,-0.0962,-0.1661,-0.3046,0.9705,8,0,0.0000,0,0.0000,0.0699,0.1385,0.2084,-0.1890,0.0842,IDLE,1,0,step_done_latches_cleared,0,0,0.000,0,nan,nan,nan,0.0000,0,nan,nan,0,5,0.6000,0.5888,0.6765,0.5888,0.0112,本圈台阶完成,1,0.0000,0.150,0.330
5823.706,SEEK_ROUNDABOUT,26.325,1,2.659,0.0000,0.0000,none,2.671,,0.000,,,tracking,0.1700,0.0572,1,line_curve_center_riding,-0.0337,-0.0301,-0.0887,-0.2647,0.9657,8,0,0.0000,0,0.0000,0.0586,0.1760,0.2346,-0.1279,0.0572,IDLE,1,0,step_done_latches_cleared,0,0,0.000,0,nan,nan,nan,0.0000,0,nan,nan,0,5,0.6000,0.5888,0.6765,0.5888,0.0112,本圈台阶完成,1,0.0000,0.150,0.330
5823.846,SEEK_ROUNDABOUT,26.464,1,2.723,0.0000,0.0000,none,2.671,,0.000,,,tracking,0.1700,0.0459,1,line_curve_center_riding,-0.0314,-0.0279,-0.0856,-0.3272,0.9552,8,0,0.0000,0,0.0000,0.0576,0.2416,0.2993,-0.1469,0.0459,IDLE,1,0,step_done_latches_cleared,0,0,0.000,0,nan,nan,nan,0.0000,0,nan,nan,0,5,0.6000,0.5888,0.6765,0.5888,0.0112,本圈台阶完成,1,0.0000,0.150,0.330
5823.974,SEEK_ROUNDABOUT,26.593,1,2.793,0.0000,0.0000,none,2.671,,0.000,,,tracking,0.1700,0.0423,1,line_curve_center_riding,-0.0352,-0.0311,-0.0993,-0.4395,0.9386,8,0,0.0000,0,0.0000,0.0682,0.3402,0.4084,-0.1899,0.0423,IDLE,1,0,step_done_latches_cleared,0,0,0.000,0,nan,nan,nan,0.0000,0,nan,nan,0,5,0.6000,0.5888,0.6765,0.5888,0.0112,本圈台阶完成,1,0.0000,0.150,0.330
5824.114,SEEK_ROUNDABOUT,26.733,1,2.843,0.0000,0.0000,none,2.671,,0.000,,,tracking,0.1700,0.0461,1,line_curve_center_riding,-0.0453,-0.0394,-0.1386,-0.4395,0.8688,7,0,0.0000,0,0.0043,0.0992,0.3009,0.4001,-0.2058,0.0461,IDLE,1,0,step_done_latches_cleared,0,0,0.000,0,nan,nan,nan,0.0000,0,nan,nan,0,5,0.6000,0.5888,0.6765,0.5888,0.0112,本圈台阶完成,1,0.0000,0.150,0.330
5824.251,SEEK_ROUNDABOUT,26.870,1,2.909,0.0000,0.0000,none,2.671,,0.000,,,tracking,0.1450,0.0487,1,line_curve_center_riding,-0.0474,-0.0396,-0.1697,-0.5667,0.8559,7,0,0.0000,0,0.0000,0.1301,0.3970,0.5271,-0.2587,0.0487,IDLE,1,0,step_done_latches_cleared,0,0,0.000,0,nan,nan,nan,0.0000,0,nan,nan,0,5,0.6000,0.5888,0.6765,0.5888,0.0112,本圈台阶完成,1,0.0000,0.150,0.330
5824.383,SEEK_ROUNDABOUT,27.002,1,2.963,0.0000,0.0000,none,2.671,,0.000,,,tracking,0.1450,0.0506,1,line_curve_center_riding,-0.0486,-0.0389,-0.2010,-0.6937,0.8419,7,0,0.0000,0,0.0000,0.1621,0.4926,0.6547,-0.3112,0.0506,IDLE,1,0,step_done_latches_cleared,0,0,0.000,0,nan,nan,nan,0.0000,0,nan,nan,0,5,0.6000,0.5888,0.6765,0.5888,0.0112,本圈台阶完成,1,0.0000,0.150,0.330
5824.516,SEEK_ROUNDABOUT,27.134,1,3.009,0.0000,0.0000,none,2.671,,0.000,,,tracking,0.1450,0.0570,1,line_curve_center_riding,-0.0579,-0.0462,-0.2415,-0.7842,0.8335,7,0,0.0000,0,0.0043,0.1953,0.5426,0.7379,-0.3573,0.0570,IDLE,1,0,step_done_latches_cleared,0,0,0.000,0,nan,nan,nan,0.0000,0,nan,nan,0,5,0.6000,0.5888,0.6765,0.5888,0.0112,本圈台阶完成,1,0.0000,0.150,0.330
5824.648,SEEK_ROUNDABOUT,27.267,1,3.041,0.0000,0.0000,none,2.671,,0.000,,,tracking,0.1450,0.0646,1,line_curve_center_riding,-0.0664,-0.0528,-0.2809,-0.8749,0.8253,7,0,0.0000,0,0.0000,0.2282,0.5940,0.8222,-0.4029,0.0646,IDLE,1,0,step_done_latches_cleared,0,0,0.000,0,nan,nan,nan,0.0000,0,nan,nan,0,5,0.6000,0.5888,0.6765,0.5888,0.0112,本圈台阶完成,1,0.0000,0.150,0.330
5824.778,SEEK_ROUNDABOUT,27.397,1,3.076,0.0000,0.0000,none,2.671,,0.000,,,tracking,0.1450,0.0761,1,line_curve_center_riding,-0.0803,-0.0657,-0.3091,-0.5706,0.7609,6,0,0.0000,0,0.0043,0.2434,0.2616,0.5050,-0.3151,0.0761,IDLE,1,0,step_done_latches_cleared,0,0,0.000,0,nan,nan,nan,0.0000,0,nan,nan,0,5,0.6000,0.5888,0.6765,0.5888,0.0112,本圈台阶完成,1,0.0000,0.150,0.330
5824.906,SEEK_ROUNDABOUT,27.524,1,3.099,0.0000,0.0000,none,2.671,,0.000,,,tracking,0.1450,0.0811,1,line_curve_center_riding,-0.0801,-0.0652,-0.3132,-0.5619,0.7615,6,0,0.0000,0,0.0000,0.2481,0.2486,0.4967,-0.3134,0.0811,IDLE,1,0,step_done_latches_cleared,0,0,0.000,0,nan,nan,nan,0.0000,0,nan,nan,0,5,0.6000,0.5888,0.6765,0.5888,0.0112,本圈台阶完成,1,0.0000,0.150,0.330
5825.032,SEEK_ROUNDABOUT,27.650,1,3.115,0.0000,0.0000,none,2.671,,0.000,,,tracking,0.1450,0.0751,1,line_curve_center_riding,-0.0654,-0.0496,-0.3139,-0.5940,0.7559,6,0,0.0000,0,0.0043,0.2643,0.2802,0.5445,-0.3192,0.0751,IDLE,1,0,step_done_latches_cleared,0,0,0.000,0,nan,nan,nan,0.0000,0,nan,nan,0,5,0.6000,0.5888,0.6765,0.5888,0.0112,本圈台阶完成,1,0.0000,0.150,0.330
5825.163,SEEK_ROUNDABOUT,27.782,1,3.132,0.0000,0.0000,none,2.671,,0.000,,,tracking,0.1450,0.0656,1,line_curve_center_riding,-0.0529,-0.0364,-0.3106,-0.6036,0.7531,6,0,0.0000,0,0.0043,0.2742,0.2930,0.5672,-0.3168,0.0656,IDLE,1,0,step_done_latches_cleared,0,0,0.000,0,nan,nan,nan,0.0000,0,nan,nan,0,5,0.6000,0.5888,0.6765,0.5888,0.0112,本圈台阶完成,1,0.0000,0.150,0.330
5825.293,SEEK_ROUNDABOUT,27.912,1,3.144,0.0000,0.0000,none,2.671,,0.000,,,tracking,0.1450,0.0549,1,line_curve_center_riding,-0.0414,-0.0249,-0.3005,-0.5910,0.7531,6,0,0.0000,0,0.0043,0.2755,0.2906,0.5661,-0.3055,0.0549,IDLE,1,0,step_done_latches_cleared,0,0,0.000,0,nan,nan,nan,0.0000,0,nan,nan,0,5,0.6000,0.5888,0.6765,0.5888,0.0112,本圈台阶完成,1,0.0000,0.150,0.330
5825.427,SEEK_ROUNDABOUT,28.046,1,3.154,0.0000,0.0000,none,2.671,,0.000,,,tracking,0.1450,0.0416,1,line_curve_center_riding,-0.0270,-0.0105,-0.2854,-0.5785,0.7528,6,0,0.0000,0,0.0043,0.2749,0.2931,0.5681,-0.2915,0.0416,IDLE,1,0,step_done_latches_cleared,0,0,0.000,0,nan,nan,nan,0.0000,0,nan,nan,0,5,0.6000,0.5888,0.6765,0.5888,0.0112,本圈台阶完成,1,0.0000,0.150,0.330
5825.552,SEEK_ROUNDABOUT,28.171,1,3.162,0.0000,0.0000,none,2.671,,0.000,,,tracking,0.1450,0.0268,1,line_curve_center_riding,-0.0120,0.0033,-0.2520,-0.5075,0.7598,6,0,0.0000,0,0.0000,0.2553,0.2555,0.5109,-0.2521,0.0268,IDLE,1,0,step_done_latches_cleared,0,0,0.000,0,nan,nan,nan,0.0000,0,nan,nan,0,5,0.6000,0.5888,0.6765,0.5888,0.0112,本圈台阶完成,1,0.0000,0.150,0.330
5825.688,SEEK_ROUNDABOUT,28.306,1,3.165,0.0000,0.0000,none,2.671,,0.000,,,tracking,0.1450,0.0172,1,line_curve_center_riding,-0.0069,0.0082,-0.2442,-0.4895,0.7610,6,0,0.0000,0,0.0043,0.2525,0.2452,0.4977,-0.2418,0.0172,IDLE,1,0,step_done_latches_cleared,0,0,0.000,0,nan,nan,nan,0.0000,0,nan,nan,0,5,0.6000,0.5888,0.6765,0.5888,0.0112,本圈台阶完成,1,0.0000,0.150,0.330
5825.819,SEEK_ROUNDABOUT,28.438,1,3.169,0.0000,0.0000,none,2.671,,0.000,,,tracking,0.1450,0.0132,1,line_curve_center_riding,-0.0080,0.0075,-0.2508,-0.4977,0.7597,6,0,0.0000,0,0.0000,0.2582,0.2469,0.5052,-0.2470,0.0132,IDLE,1,0,step_done_latches_cleared,0,0,0.000,0,nan,nan,nan,0.0000,0,nan,nan,0,5,0.6000,0.5888,0.6765,0.5888,0.0112,本圈台阶完成,1,0.0000,0.150,0.330
5825.949,SEEK_ROUNDABOUT,28.567,1,3.175,0.0000,0.0000,none,2.671,,0.000,,,tracking,0.1450,0.0139,1,line_curve_center_riding,-0.0130,0.0030,-0.2648,-0.5214,0.7570,6,0,0.0000,0,0.0000,0.2678,0.2567,0.5245,-0.2611,0.0139,IDLE,1,0,step_done_latches_cleared,0,0,0.000,0,nan,nan,nan,0.0000,0,nan,nan,0,5,0.6000,0.5888,0.6765,0.5888,0.0112,本圈台阶完成,1,0.0000,0.150,0.330
5826.073,SEEK_ROUNDABOUT,28.692,1,3.184,0.0000,0.0000,none,2.671,,0.000,,,tracking,0.1450,0.0183,1,line_curve_center_riding,-0.0204,-0.0031,-0.2914,-0.5681,0.7512,6,0,0.0000,0,0.0043,0.2883,0.2766,0.5650,-0.2875,0.0183,IDLE,1,0,step_done_latches_cleared,0,0,0.000,0,nan,nan,nan,0.0000,0,nan,nan,0,5,0.6000,0.5888,0.6765,0.5888,0.0112,本圈台阶完成,1,0.0000,0.150,0.330
5826.199,SEEK_ROUNDABOUT,28.818,1,3.193,0.0000,0.0000,none,2.671,,0.000,,,tracking,0.1450,0.0244,1,line_curve_center_riding,-0.0277,-0.0089,-0.3220,-0.6198,0.7448,6,0,0.0000,0,0.0043,0.3131,0.2978,0.6109,-0.3169,0.0244,IDLE,1,0,step_done_latches_cleared,0,0,0.000,0,nan,nan,nan,0.0000,0,nan,nan,0,5,0.6000,0.5888,0.6765,0.5888,0.0112,本圈台阶完成,1,0.0000,0.150,0.330
5826.327,SEEK_ROUNDABOUT,28.946,1,3.203,0.0000,0.0000,none,2.671,,0.000,,,tracking,0.1450,0.0331,1,line_curve_center_riding,-0.0380,-0.0190,-0.3359,-0.6263,0.7449,6,0,0.0000,0,0.0043,0.3169,0.2904,0.6073,-0.3271,0.0331,IDLE,1,0,step_done_latches_cleared,0,0,0.000,0,nan,nan,nan,0.0000,0,nan,nan,0,5,0.6000,0.5888,0.6765,0.5888,0.0112,本圈台阶完成,1,0.0000,0.150,0.330
5826.452,SEEK_ROUNDABOUT,29.071,1,3.215,0.0000,0.0000,none,2.671,,0.000,,,tracking,0.1450,0.0441,1,line_curve_center_riding,-0.0503,-0.0310,-0.3513,-0.6253,0.7467,6,0,0.0000,0,0.0000,0.3203,0.2739,0.5942,-0.3359,0.0441,IDLE,1,0,step_done_latches_cleared,0,0,0.000,0,nan,nan,nan,0.0000,0,nan,nan,0,5,0.6000,0.5888,0.6765,0.5888,0.0112,本圈台阶完成,1,0.0000,0.150,0.330
5826.574,SEEK_ROUNDABOUT,29.193,1,3.229,0.0000,0.0000,none,2.671,,0.000,,,tracking,0.1450,0.0579,1,line_curve_center_riding,-0.0654,-0.0440,-0.4008,-0.7469,0.7334,6,0,0.0000,0,0.0086,0.3568,0.3461,0.7030,-0.3972,0.0579,IDLE,1,0,step_done_latches_cleared,0,0,0.000,0,nan,nan,nan,0.0000,0,nan,nan,0,5,0.6000,0.5888,0.6765,0.5888,0.0112,本圈台阶完成,1,0.0000,0.150,0.330
5826.708,SEEK_ROUNDABOUT,29.327,1,3.245,0.0000,0.0000,none,2.671,,0.000,,,tracking,0.1450,0.0715,1,line_curve_center_riding,-0.0783,-0.0544,-0.4533,-0.8639,0.7205,6,0,0.0000,0,0.0043,0.3989,0.4106,0.8095,-0.4572,0.0715,IDLE,1,0,step_done_latches_cleared,0,0,0.000,0,nan,nan,nan,0.0000,0,nan,nan,0,5,0.6000,0.5888,0.6765,0.5888,0.0112,本圈台阶完成,1,0.0000,0.150,0.330
5826.841,SEEK_ROUNDABOUT,29.460,1,3.261,0.0000,0.0000,none,2.671,,0.000,,,tracking,0.1450,0.0877,1,line_curve_center_riding,-0.0954,-0.0712,-0.4740,-0.8677,0.7219,6,0,0.0000,0,0.0000,0.4028,0.3937,0.7965,-0.4710,0.0877,IDLE,1,0,step_done_latches_cleared,0,0,0.000,0,nan,nan,nan,0.0000,0,nan,nan,0,5,0.6000,0.5888,0.6765,0.5888,0.0112,本圈台阶完成,1,0.0000,0.150,0.330
5826.980,SEEK_ROUNDABOUT,29.599,1,3.284,0.0000,0.0000,none,2.671,,0.000,,,tracking,0.1450,0.1150,1,line_curve_center_riding,-0.1298,-0.1061,-0.5012,-0.5609,0.6620,5,0,0.0000,0,0.0043,0.3951,0.0597,0.4548,-0.3894,0.1150,IDLE,1,0,step_done_latches_cleared,0,0,0.000,0,nan,nan,nan,0.0000,0,nan,nan,0,5,0.6000,0.5888,0.6765,0.5888,0.0112,本圈台阶完成,1,0.0000,0.150,0.330
5827.110,SEEK_ROUNDABOUT,29.729,1,3.304,0.0000,0.0000,none,2.671,,0.000,,,tracking,0.1450,0.1263,1,line_curve_center_riding,-0.1283,-0.1005,-0.5637,-0.6450,0.6459,5,0,0.0000,0,0.0000,0.4632,0.0813,0.5445,-0.4364,0.1263,IDLE,1,0,step_done_latches_cleared,0,0,0.000,0,nan,nan,nan,0.0000,0,nan,nan,0,5,0.6000,0.5888,0.6765,0.5888,0.0112,本圈台阶完成,1,0.0000,0.150,0.330
5827.242,SEEK_ROUNDABOUT,29.861,1,3.327,0.0000,0.0000,none,2.671,,0.000,,,tracking,0.1450,0.1484,1,line_curve_center_riding,-0.1561,-0.1287,-0.5849,-0.6684,0.6438,5,0,0.0000,0,0.0043,0.4562,0.0835,0.5397,-0.4607,0.1484,IDLE,1,0,step_done_latches_cleared,0,0,0.000,0,nan,nan,nan,0.0000,0,nan,nan,0,5,0.6000,0.5888,0.6765,0.5888,0.0112,本圈台阶完成,1,0.0000,0.150,0.330
5827.374,SEEK_ROUNDABOUT,29.993,1,3.353,0.0000,0.0000,none,2.671,,0.000,,,tracking,0.1450,0.1767,1,line_curve_center_riding,-0.1880,-0.1562,-0.6864,-0.8003,0.6289,5,0,0.0000,0,0.0043,0.5302,0.1139,0.6441,-0.5476,0.1767,IDLE,1,0,step_done_latches_cleared,0,0,0.000,0,nan,nan,nan,0.0000,0,nan,nan,0,5,0.6000,0.5888,0.6765,0.5888,0.0112,本圈台阶完成,1,0.0000,0.150,0.330
5827.499,SEEK_ROUNDABOUT,30.118,1,3.377,0.0000,0.0000,none,2.671,,0.000,,,tracking,0.1450,0.2159,1,line_curve_center_riding,-0.2330,-0.2090,-0.6092,-0.6092,0.5482,4,0,0.0000,0,0.0043,0.4003,0.0000,0.4003,-0.4758,0.2159,IDLE,1,0,step_done_latches_cleared,0,0,0.000,0,nan,nan,nan,0.0000,0,nan,nan,0,5,0.6000,0.5888,0.6765,0.5888,0.0112,本圈台阶完成,1,0.0000,0.150,0.330
5827.627,SEEK_ROUNDABOUT,30.245,1,3.400,0.0000,0.0000,none,2.671,,0.000,,,tracking,0.1450,0.2542,1,line_curve_center_riding,-0.2692,-0.2464,-0.6264,-0.6264,0.5530,4,0,0.0000,0,0.0043,0.3801,0.0000,0.3801,-0.4997,0.2542,IDLE,1,0,step_done_latches_cleared,0,0,0.000,0,nan,nan,nan,0.0000,0,nan,nan,0,5,0.6000,0.5888,0.6765,0.5888,0.0112,本圈台阶完成,1,0.0000,0.150,0.330
5827.771,SEEK_ROUNDABOUT,30.390,1,3.427,0.0000,0.0000,none,2.671,,0.000,,,tracking,0.1450,0.2943,1,line_curve_center_riding,-0.3088,-0.2800,-0.7594,-0.7594,0.5317,4,0,0.0000,0,0.0000,0.4793,0.0000,0.4793,-0.5996,0.2943,IDLE,1,0,step_done_latches_cleared,0,0,0.000,0,nan,nan,nan,0.0000,0,nan,nan,0,5,0.6000,0.5888,0.6765,0.5888,0.0112,本圈台阶完成,1,0.0000,0.150,0.330
5827.895,SEEK_ROUNDABOUT,30.514,1,3.461,0.0000,0.0000,none,2.671,,0.000,,,tracking,0.1450,0.3391,1,line_curve_center_riding,-0.3523,-0.3235,-0.8032,-0.8032,0.5351,4,0,0.0000,0,0.0043,0.4797,0.0000,0.4797,-0.6433,0.3391,IDLE,1,0,step_done_latches_cleared,0,0,0.000,0,nan,nan,nan,0.0000,0,nan,nan,0,5,0.6000,0.5888,0.6765,0.5888,0.0112,本圈台阶完成,1,0.0000,0.150,0.330
5828.025,SEEK_ROUNDABOUT,30.644,1,3.486,0.0000,0.0000,none,2.671,,0.000,,,tracking,0.1512,0.3842,1,line_curve_center_riding,-0.3956,-0.3808,-0.6279,-0.6279,0.4415,3,0,0.0000,0,0.0215,0.2470,0.0000,0.2470,-0.5455,0.3842,IDLE,1,0,step_done_latches_cleared,0,0,0.000,0,nan,nan,nan,0.0000,0,nan,nan,0,5,0.6000,0.5888,0.6765,0.5888,0.0112,本圈台阶完成,1,0.0000,0.150,0.330
5828.154,SEEK_ROUNDABOUT,30.773,1,3.524,0.0000,0.0000,none,2.671,,0.000,,,tracking,0.1399,0.4281,1,line_curve_center_riding,-0.4352,-0.4203,-0.6695,-0.6695,0.4399,3,0,0.0000,0,0.0387,0.2492,0.0000,0.2492,-0.5864,0.4281,IDLE,1,0,step_done_latches_cleared,0,0,0.000,0,nan,nan,nan,0.0000,0,nan,nan,0,5,0.6000,0.5888,0.6765,0.5888,0.0112,本圈台阶完成,1,0.0000,0.150,0.330
5828.290,SEEK_ROUNDABOUT,30.909,1,3.543,0.0000,0.0000,none,2.671,,0.000,,,tracking,0.1370,0.4394,1,line_curve_center_riding,-0.4204,-0.4042,-0.6738,-0.6738,0.4357,3,0,0.0000,0,0.1117,0.2696,0.0000,0.2696,-0.5839,0.4394,IDLE,1,0,step_done_latches_cleared,0,0,0.000,0,nan,nan,nan,0.0000,0,nan,nan,0,5,0.6000,0.5888,0.6765,0.5888,0.0112,本圈台阶完成,1,0.0000,0.150,0.330
5828.419,SEEK_ROUNDABOUT,31.037,1,3.578,0.0000,0.0000,none,2.671,,0.000,,,tracking,0.1434,0.4146,1,line_curve_center_riding,-0.3660,-0.3533,-0.5650,-0.5650,0.4577,3,0,0.0000,0,0.1203,0.2118,0.0000,0.2118,-0.4945,0.4146,IDLE,1,0,step_done_latches_cleared,0,0,0.000,0,nan,nan,nan,0.0000,0,nan,nan,0,5,0.6000,0.5888,0.6765,0.5888,0.0112,本圈台阶完成,1,0.0000,0.150,0.330
5828.559,SEEK_ROUNDABOUT,31.178,1,3.611,0.0000,0.0000,none,2.671,,0.000,,,tracking,0.1510,0.3851,1,line_curve_center_riding,-0.3308,-0.3182,-0.5289,-0.5289,0.4549,3,0,0.0000,0,0.0559,0.2107,0.0000,0.2107,-0.4587,0.3851,IDLE,1,0,step_done_latches_cleared,0,0,0.000,0,nan,nan,nan,0.0000,0,nan,nan,0,5,0.6000,0.5888,0.6765,0.5888,0.0112,本圈台阶完成,1,0.0000,0.150,0.330
5828.691,SEEK_ROUNDABOUT,31.310,1,3.636,0.0000,0.0000,none,2.671,,0.000,,,tracking,0.1594,0.3524,1,line_curve_center_riding,-0.2980,-0.2861,-0.4844,-0.4844,0.4588,3,0,0.0000,0,0.0817,0.1984,0.0000,0.1984,-0.4183,0.3524,IDLE,1,0,step_done_latches_cleared,0,0,0.000,0,nan,nan,nan,0.0000,0,nan,nan,0,5,0.6000,0.5888,0.6765,0.5888,0.0112,本圈台阶完成,1,0.0000,0.150,0.330
5828.819,SEEK_ROUNDABOUT,31.438,1,3.656,0.0000,0.0000,none,2.671,,0.000,,,tracking,0.1450,0.3256,1,line_curve_center_riding,-0.2773,-0.2479,-0.7373,-0.7373,0.5288,4,0,0.0000,0,0.0945,0.4894,0.0000,0.4894,-0.5742,0.3256,IDLE,1,0,step_done_latches_cleared,0,0,0.000,0,nan,nan,nan,0.0000,0,nan,nan,0,5,0.6000,0.5888,0.6765,0.5888,0.0112,本圈台阶完成,1,0.0000,0.150,0.330
5828.954,SEEK_ROUNDABOUT,31.573,1,3.675,0.0000,0.0000,none,2.671,,0.000,,,tracking,0.1450,0.2937,1,line_curve_center_riding,-0.2439,-0.2145,-0.7033,-0.7033,0.5284,4,0,0.0000,0,0.0344,0.4888,0.0000,0.4888,-0.5404,0.2937,IDLE,1,0,step_done_latches_cleared,0,0,0.000,0,nan,nan,nan,0.0000,0,nan,nan,0,5,0.6000,0.5888,0.6765,0.5888,0.0112,本圈台阶完成,1,0.0000,0.150,0.330
5829.086,SEEK_ROUNDABOUT,31.705,1,3.689,0.0000,0.0000,none,2.671,,0.000,,,tracking,0.1450,0.2507,1,line_curve_center_riding,-0.1952,-0.1670,-0.6374,-0.6374,0.5303,4,0,0.0000,0,0.0473,0.4704,0.0000,0.4704,-0.4806,0.2507,IDLE,1,0,step_done_latches_cleared,0,0,0.000,0,nan,nan,nan,0.0000,0,nan,nan,0,5,0.6000,0.5888,0.6765,0.5888,0.0112,本圈台阶完成,1,0.0000,0.150,0.330
5829.212,SEEK_ROUNDABOUT,31.830,1,3.707,0.0000,0.0000,none,2.671,,0.000,,,tracking,0.1450,0.2153,1,line_curve_center_riding,-0.1678,-0.1417,-0.5765,-0.5765,0.5404,4,0,0.0000,0,0.0172,0.4349,0.0000,0.4349,-0.4316,0.2153,IDLE,1,0,step_done_latches_cleared,0,0,0.000,0,nan,nan,nan,0.0000,0,nan,nan,0,5,0.6000,0.5888,0.6765,0.5888,0.0112,本圈台阶完成,1,0.0000,0.150,0.330
5829.338,SEEK_ROUNDABOUT,31.957,1,3.720,0.0000,0.0000,none,2.671,,0.000,,,tracking,0.1450,0.2012,1,line_curve_center_riding,-0.1716,-0.1380,-0.6969,-0.7903,0.6176,5,0,0.0000,0,0.0000,0.5589,0.0934,0.6523,-0.5417,0.2012,IDLE,1,0,step_done_latches_cleared,0,0,0.000,0,nan,nan,nan,0.0000,0,nan,nan,0,5,0.6000,0.5888,0.6765,0.5888,0.0112,本圈台阶完成,1,0.0000,0.150,0.330
5829.466,SEEK_ROUNDABOUT,32.084,1,3.733,0.0000,0.0000,none,2.671,,0.000,,,tracking,0.1450,0.1762,1,line_curve_center_riding,-0.1419,-0.1092,-0.6553,-0.7321,0.6243,5,0,0.0000,0,0.0000,0.5462,0.0767,0.6229,-0.4988,0.1762,IDLE,1,0,step_done_latches_cleared,0,0,0.000,0,nan,nan,nan,0.0000,0,nan,nan,0,5,0.6000,0.5888,0.6765,0.5888,0.0112,本圈台阶完成,1,0.0000,0.150,0.330
5829.611,SEEK_ROUNDABOUT,32.229,1,3.745,0.0000,0.0000,none,2.671,,0.000,,,tracking,0.1450,0.1505,1,line_curve_center_riding,-0.1162,-0.0873,-0.5682,-0.8539,0.6189,5,0,0.0000,0,0.0000,0.4809,0.2857,0.7666,-0.5031,0.1505,IDLE,1,0,step_done_latches_cleared,0,0,0.000,0,nan,nan,nan,0.0000,0,nan,nan,0,5,0.6000,0.5888,0.6765,0.5888,0.0112,本圈台阶完成,1,0.0000,0.150,0.330
5829.720,SEEK_ROUNDABOUT,32.339,1,3.752,0.0000,0.0000,none,2.671,,0.000,,,tracking,0.1450,0.1212,1,line_curve_center_riding,-0.0880,-0.0668,-0.4211,-0.4211,0.5538,4,0,0.0000,0,0.0000,0.3543,0.0000,0.3543,-0.3030,0.1212,IDLE,1,0,step_done_latches_cleared,0,0,0.000,0,nan,nan,nan,0.0000,0,nan,nan,0,5,0.6000,0.5888,0.6765,0.5888,0.0112,本圈台阶完成,1,0.0000,0.150,0.330
5829.870,SEEK_ROUNDABOUT,32.489,1,3.758,0.0000,0.0000,none,2.671,,0.000,,,tracking,0.1450,0.0996,1,line_curve_center_riding,-0.0713,-0.0500,-0.4046,-0.4046,0.5511,4,0,0.0000,0,0.0000,0.3546,0.0000,0.3546,-0.2864,0.0996,IDLE,1,0,step_done_latches_cleared,0,0,0.000,0,nan,nan,nan,0.0000,0,nan,nan,0,5,0.6000,0.5888,0.6765,0.5888,0.0112,本圈台阶完成,1,0.0000,0.150,0.330
5830.002,SEEK_ROUNDABOUT,32.621,1,3.763,0.0000,0.0000,none,2.671,,0.000,,,tracking,0.1450,0.0905,1,line_curve_center_riding,-0.0747,-0.0487,-0.4818,-0.8723,0.6251,5,0,0.0000,0,0.0000,0.4331,0.3905,0.8236,-0.4676,0.0905,IDLE,1,0,step_done_latches_cleared,0,0,0.000,0,nan,nan,nan,0.0000,0,nan,nan,0,5,0.6000,0.5888,0.6765,0.5888,0.0112,本圈台阶完成,1,0.0000,0.150,0.330
5830.132,SEEK_ROUNDABOUT,32.750,1,3.771,0.0000,0.0000,none,2.671,,0.000,,,tracking,0.1450,0.0877,1,line_curve_center_riding,-0.0780,-0.0483,-0.5422,-0.6169,0.6323,5,0,0.0000,0,0.0000,0.4939,0.0746,0.5685,-0.4025,0.0877,IDLE,1,0,step_done_latches_cleared,0,0,0.000,0,nan,nan,nan,0.0000,0,nan,nan,0,5,0.6000,0.5888,0.6765,0.5888,0.0112,本圈台阶完成,1,0.0000,0.150,0.330
5830.256,SEEK_ROUNDABOUT,32.874,1,3.781,0.0000,0.0000,none,2.671,,0.000,,,tracking,0.1450,0.1039,1,line_curve_center_riding,-0.1084,-0.0828,-0.5092,-0.7241,0.6321,5,0,0.0000,0,0.0000,0.4263,0.2149,0.6413,-0.4387,0.1039,IDLE,1,0,step_done_latches_cleared,0,0,0.000,0,nan,nan,nan,0.0000,0,nan,nan,0,5,0.6000,0.5888,0.6765,0.5888,0.0112,本圈台阶完成,1,0.0000,0.150,0.330
5830.387,SEEK_ROUNDABOUT,33.006,1,3.792,0.0000,0.0000,none,2.671,,0.000,,,tracking,0.1450,0.1157,1,line_curve_center_riding,-0.1178,-0.0930,-0.5065,-0.6858,0.7400,6,0,0.0000,0,0.0000,0.4135,0.1793,0.5928,-0.4284,0.1157,IDLE,1,0,step_done_latches_cleared,0,0,0.000,0,nan,nan,nan,0.0000,0,nan,nan,0,5,0.6000,0.5888,0.6765,0.5888,0.0112,本圈台阶完成,1,0.0000,0.150,0.330
5830.487,SEEK_ROUNDABOUT,33.105,1,3.800,0.0000,0.0000,none,2.671,,0.000,,,tracking,0.1450,0.1398,1,line_curve_center_riding,-0.1481,-0.1255,-0.5012,-0.6774,0.6462,5,0,0.0000,0,0.0000,0.3757,0.1761,0.5518,-0.4347,0.1398,IDLE,1,0,step_done_latches_cleared,0,0,0.000,0,nan,nan,nan,0.0000,0,nan,nan,0,5,0.6000,0.5888,0.6765,0.5888,0.0112,本圈台阶完成,1,0.0000,0.150,0.330
5830.616,SEEK_ROUNDABOUT,33.235,1,3.816,0.8482,1.0000,none,2.671,3.816,0.000,,,tracking,0.1450,0.1594,1,line_curve_center_riding,-0.1659,-0.1429,-0.5251,-0.5689,0.5532,4,0,0.0000,0,0.0000,0.3821,0.0438,0.4259,-0.4123,0.1594,IDLE,1,0,step_done_latches_cleared,0,0,0.000,0,nan,nan,nan,0.0000,0,nan,nan,0,5,0.6000,0.5888,0.6765,0.5888,0.0112,本圈台阶完成,1,0.0000,0.150,0.330
5830.744,SEEK_ROUNDABOUT,33.362,1,3.828,0.8615,2.0000,none,2.671,3.816,0.000,,,tracking,0.1700,0.1727,1,line_curve_center_riding,-0.1724,-0.1630,-0.3184,-0.3184,0.4825,3,0,0.0000,0,0.0000,0.1553,0.0000,0.1553,-0.2666,0.1727,IDLE,1,0,step_done_latches_cleared,0,0,0.000,0,nan,nan,nan,0.0000,0,nan,nan,0,5,0.6000,0.5888,0.6765,0.5888,0.0112,本圈台阶完成,1,0.0000,0.150,0.330
5830.870,ROUNDABOUT_APPROACH,0.000,1,3.843,0.8610,0.0000,vision,2.671,3.816,0.000,,,tracking,0.1450,0.2289,1,line_curve_center_riding,-0.2120,-0.1911,-0.5387,-0.8650,0.6454,5,0,0.0000,0,0.0000,0.3475,0.3263,0.6739,-0.5316,0.2289,IDLE,1,0,step_done_latches_cleared,0,0,0.000,0,nan,nan,nan,0.0000,0,nan,nan,0,5,0.6000,0.5888,0.6765,0.5888,0.0112,本圈台阶完成,1,0.0000,0.150,0.330
5831.010,ROUNDABOUT_APPROACH,0.140,1,3.843,0.9092,0.0000,vision,2.671,3.816,0.000,,,tracking,0.1450,0.2331,1,line_curve_center_riding,-0.2192,-0.1988,-0.5394,-0.7903,0.9346,8,0,0.0000,0,0.0043,0.3406,0.2509,0.5916,-0.5095,0.2331,IDLE,1,0,step_done_latches_cleared,0,0,0.000,0,nan,nan,nan,0.0000,0,nan,nan,0,5,0.6000,0.5888,0.6765,0.5888,0.0112,本圈台阶完成,1,0.0000,0.150,0.330
5831.146,ROUNDABOUT_APPROACH,0.275,1,3.843,0.8749,0.0000,vision,2.671,3.816,0.000,,,tracking,0.1450,0.2363,1,line_curve_center_riding,-0.2216,-0.2032,-0.5093,-0.7832,0.7503,6,0,0.0000,0,0.0000,0.3060,0.2739,0.5799,-0.4985,0.2363,IDLE,1,0,step_done_latches_cleared,0,0,0.000,0,nan,nan,nan,0.0000,0,nan,nan,0,5,0.6000,0.5888,0.6765,0.5888,0.0112,本圈台阶完成,1,0.0000,0.150,0.330
5831.287,ROUNDABOUT_APPROACH,0.417,1,3.843,0.8000,0.0000,vision,2.671,3.816,0.000,,,tracking,0.1450,0.2357,1,line_curve_center_riding,-0.2181,-0.2012,-0.4832,-0.7215,0.7509,6,0,0.0000,0,0.0000,0.2820,0.2384,0.5203,-0.4686,0.2357,IDLE,1,0,step_done_latches_cleared,0,0,0.000,0,nan,nan,nan,0.0000,0,nan,nan,0,5,0.6000,0.5888,0.6765,0.5888,0.0112,本圈台阶完成,1,0.0000,0.150,0.330
5831.423,ROUNDABOUT_APPROACH,0.553,1,3.843,0.8682,0.0000,vision,2.671,3.816,0.000,,,tracking,0.1880,0.2410,1,line_center_tracking,-0.2273,-0.1961,-0.3073,-0.3073,0.3889,2,0,0.0000,0,0.0000,0.1112,0.0000,0.1112,-0.2702,0.2410,IDLE,1,0,step_done_latches_cleared,0,0,0.000,0,nan,nan,nan,0.0000,0,nan,nan,0,5,0.6000,0.5888,0.6765,0.5888,0.0112,本圈台阶完成,1,0.0000,0.150,0.330
5831.548,ROUNDABOUT_APPROACH,0.677,1,3.843,0.8862,0.0000,vision,2.671,3.816,0.000,,,tracking,0.1700,0.2296,1,line_curve_center_riding,-0.2043,-0.1925,-0.3888,-0.3888,0.5895,4,0,0.0000,0,0.0000,0.1963,0.0000,0.1963,-0.3234,0.2296,IDLE,1,0,step_done_latches_cleared,0,0,0.000,0,nan,nan,nan,0.0000,0,nan,nan,0,5,0.6000,0.5888,0.6765,0.5888,0.0112,本圈台阶完成,1,0.0000,0.150,0.330
5831.683,ROUNDABOUT_APPROACH,0.813,1,3.843,0.9626,0.0000,vision,2.671,3.816,0.000,,,tracking,0.1450,0.2306,1,line_curve_center_riding,-0.2133,-0.1990,-0.4362,-0.6375,0.7687,6,0,0.0000,0,0.0000,0.2372,0.2012,0.4384,-0.4242,0.2306,IDLE,1,0,step_done_latches_cleared,0,0,0.000,0,nan,nan,nan,0.0000,0,nan,nan,0,5,0.6000,0.5888,0.6765,0.5888,0.0112,本圈台阶完成,1,0.0000,0.150,0.330
5831.818,ROUNDABOUT_APPROACH,0.947,1,3.843,0.9352,0.0000,vision,2.671,3.816,0.000,,,tracking,0.1700,0.2345,1,line_curve_center_riding,-0.2202,-0.2090,-0.3955,-0.5957,0.8629,7,0,0.0000,0,0.0000,0.1865,0.2002,0.3866,-0.4001,0.2345,IDLE,1,0,step_done_latches_cleared,0,0,0.000,0,nan,nan,nan,0.0000,0,nan,nan,0,5,0.6000,0.5888,0.6765,0.5888,0.0112,本圈台阶完成,1,0.0000,0.150,0.330
5831.949,ROUNDABOUT_APPROACH,1.079,1,3.843,0.8616,0.0000,vision,2.671,3.816,0.000,,,tracking,0.1892,0.2363,1,line_center_tracking,-0.2205,-0.1999,-0.2734,-0.2734,0.4180,2,0,0.0000,0,0.0000,0.0735,0.0000,0.0735,-0.2489,0.2363,IDLE,1,0,step_done_latches_cleared,0,0,0.000,0,nan,nan,nan,0.0000,0,nan,nan,0,5,0.6000,0.5888,0.6765,0.5888,0.0112,本圈台阶完成,1,0.0000,0.150,0.330
5832.079,ROUNDABOUT_APPROACH,1.208,1,3.843,0.8000,0.0000,vision,2.671,3.816,0.000,,,tracking,0.1700,0.2283,1,line_curve_center_riding,-0.2053,-0.1972,-0.3326,-0.3326,0.4173,2,0,0.0000,0,0.0000,0.1355,0.0000,0.1355,-0.2875,0.2283,IDLE,1,0,step_done_latches_cleared,0,0,0.000,0,nan,nan,nan,0.0000,0,nan,nan,0,5,0.6000,0.5888,0.6765,0.5888,0.0112,本圈台阶完成,1,0.0000,0.150,0.330
5832.204,ROUNDABOUT_APPROACH,1.333,1,3.843,0.8000,0.0000,vision,2.671,3.816,0.000,,,tracking,0.1700,0.2186,1,line_curve_center_riding,-0.1942,-0.1850,-0.3374,-0.4249,0.6993,5,0,0.0000,0,0.0000,0.1523,0.0876,0.2399,-0.3158,0.2186,IDLE,1,0,step_done_latches_cleared,0,0,0.000,0,nan,nan,nan,0.0000,0,nan,nan,0,5,0.6000,0.5888,0.6765,0.5888,0.0112,本圈台阶完成,1,0.0000,0.150,0.330
5832.337,ROUNDABOUT_APPROACH,1.467,1,3.843,0.9038,0.0000,vision,2.671,3.816,0.000,,,tracking,0.1700,0.2061,1,line_curve_center_riding,-0.1800,-0.1717,-0.3102,-0.3738,0.5124,3,0,0.0000,0,0.0000,0.1385,0.0636,0.2021,-0.2852,0.2061,IDLE,1,0,step_done_latches_cleared,0,0,0.000,0,nan,nan,nan,0.0000,0,nan,nan,0,5,0.6000,0.5888,0.6765,0.5888,0.0112,本圈台阶完成,1,0.0000,0.150,0.330
5832.469,ROUNDABOUT_APPROACH,1.599,1,3.843,0.8922,0.0000,vision,2.671,3.816,0.000,,,tracking,0.1700,0.1849,1,line_curve_center_riding,-0.1533,-0.1419,-0.3321,-0.4638,0.8720,7,0,0.0000,0,0.0000,0.1902,0.1317,0.3220,-0.3126,0.1849,IDLE,1,0,step_done_latches_cleared,0,0,0.000,0,nan,nan,nan,0.0000,0,nan,nan,0,5,0.6000,0.5888,0.6765,0.5888,0.0112,本圈台阶完成,1,0.0000,0.150,0.330
5832.602,ROUNDABOUT_APPROACH,1.732,1,3.843,0.8335,0.0000,vision,2.671,3.816,0.000,,,tracking,0.1700,0.1712,1,line_curve_center_riding,-0.1457,-0.1381,-0.2648,-0.4001,0.6084,4,0,0.0000,0,0.0000,0.1267,0.1353,0.2620,-0.2677,0.1712,IDLE,1,0,step_done_latches_cleared,0,0,0.000,0,nan,nan,nan,0.0000,0,nan,nan,0,5,0.6000,0.5888,0.6765,0.5888,0.0112,本圈台阶完成,1,0.0000,0.150,0.330
5832.730,ROUNDABOUT_APPROACH,1.859,1,3.843,0.6000,0.0000,vision,2.671,3.816,0.000,,,tracking,0.1700,0.1523,1,line_curve_center_riding,-0.1249,-0.1180,-0.2328,-0.3181,0.7066,5,0,0.0000,0,0.0000,0.1147,0.0853,0.2001,-0.2230,0.1523,IDLE,1,0,step_done_latches_cleared,0,0,0.000,0,nan,nan,nan,0.0000,0,nan,nan,0,5,0.6000,0.5888,0.6765,0.5888,0.0112,本圈台阶完成,1,0.0000,0.150,0.330
5832.853,ROUNDABOUT_APPROACH,1.983,1,3.843,0.8492,0.0000,vision,2.671,3.816,0.000,,,tracking,0.1700,0.1458,1,line_curve_center_riding,-0.1281,-0.1189,-0.2734,-0.2601,0.5814,4,0,0.0000,0,0.0000,0.1546,0.0133,0.1412,-0.2175,0.1458,IDLE,1,0,step_done_latches_cleared,0,0,0.000,0,nan,nan,nan,0.0000,0,nan,nan,0,5,0.6000,0.5888,0.6765,0.5888,0.0112,本圈台阶完成,1,0.0000,0.150,0.330
5832.983,ROUNDABOUT_APPROACH,2.112,1,3.843,0.0000,0.0000,vision,2.671,3.816,0.000,,,tracking,0.1700,0.1490,1,line_curve_center_riding,-0.1397,-0.1299,-0.2925,-0.3729,0.5944,4,0,0.0000,0,0.0000,0.1626,0.0804,0.2430,-0.2651,0.1490,IDLE,1,0,step_done_latches_cleared,0,0,0.000,0,nan,nan,nan,0.0000,0,nan,nan,0,5,0.6000,0.5888,0.6765,0.5888,0.0112,本圈台阶完成,1,0.0000,0.150,0.330
5833.137,ROUNDABOUT_APPROACH,2.266,1,3.843,0.6000,0.0000,vision,2.671,3.816,0.000,,,tracking,0.1700,0.1208,1,line_curve_center_riding,-0.0891,-0.0831,-0.1831,-0.2894,0.7057,5,0,0.0000,0,0.0000,0.0999,0.1063,0.2062,-0.1852,0.1208,IDLE,1,0,step_done_latches_cleared,0,0,0.000,0,nan,nan,nan,0.0000,0,nan,nan,0,5,0.6000,0.5888,0.6765,0.5888,0.0112,本圈台阶完成,1,0.0000,0.150,0.330
5833.275,ROUNDABOUT_APPROACH,2.405,1,3.843,0.8948,0.0000,vision,2.671,3.816,0.000,,,tracking,0.2207,0.1138,1,line_center_tracking,-0.0976,-0.0787,-0.1462,-0.2445,0.8910,7,0,0.0000,0,0.0000,0.0675,0.0983,0.1659,-0.1565,0.1138,IDLE,1,0,step_done_latches_cleared,0,0,0.000,0,nan,nan,nan,0.0000,0,nan,nan,0,5,0.6000,0.5888,0.6765,0.5888,0.0112,本圈台阶完成,1,0.0000,0.150,0.330
5833.402,ROUNDABOUT_APPROACH,2.532,1,3.843,0.4000,0.0000,vision,2.671,3.816,0.000,,,tracking,0.2195,0.1185,1,line_center_tracking,-0.1126,-0.0833,-0.1878,-0.1682,0.6762,5,0,0.0000,0,0.0000,0.1045,0.0196,0.0849,-0.1465,0.1185,IDLE,1,0,step_done_latches_cleared,0,0,0.000,0,nan,nan,nan,0.0000,0,nan,nan,0,5,0.6000,0.5888,0.6765,0.5888,0.0112,本圈台阶完成,1,0.0000,0.150,0.330
5833.533,ROUNDABOUT_APPROACH,2.663,1,3.843,0.8560,0.0000,vision,2.671,3.816,0.000,,,tracking,0.1700,0.0846,1,line_curve_center_riding,-0.0521,-0.0382,-0.2693,-0.2693,0.4824,3,0,0.0000,0,0.0000,0.2311,0.0000,0.2311,-0.1923,0.0846,IDLE,1,0,step_done_latches_cleared,0,0,0.000,0,nan,nan,nan,0.0000,0,nan,nan,0,5,0.6000,0.5888,0.6765,0.5888,0.0112,本圈台阶完成,1,0.0000,0.150,0.330
5833.661,ROUNDABOUT_APPROACH,2.791,1,3.843,0.8982,0.0000,vision,2.671,3.816,0.000,,,tracking,0.2187,0.0553,1,line_center_tracking,-0.0253,0.0008,-0.0926,-0.1510,0.6219,4,0,0.0000,0,0.0000,0.0934,0.0584,0.1519,-0.0809,0.0553,IDLE,1,0,step_done_latches_cleared,0,0,0.000,0,nan,nan,nan,0.0000,0,nan,nan,0,5,0.6000,0.5888,0.6765,0.5888,0.0112,本圈台阶完成,1,0.0000,0.150,0.330
5833.790,ROUNDABOUT_APPROACH,2.919,1,3.843,0.8947,0.0000,vision,2.671,3.816,0.000,,,tracking,0.1700,0.1960,1,line_curve_center_riding,-0.2885,-0.3012,-0.0893,-0.1024,0.5834,4,0,0.0000,0,0.0000,0.2120,0.0132,0.1988,-0.1643,0.1960,IDLE,1,0,step_done_latches_cleared,0,0,0.000,0,nan,nan,nan,0.0000,0,nan,nan,0,5,0.6000,0.5888,0.6765,0.5888,0.0112,本圈台阶完成,1,0.0000,0.150,0.330
5833.913,ROUNDABOUT_APPROACH,3.042,1,3.843,0.8943,0.0000,vision,2.671,3.816,0.000,,,tracking,0.1450,0.2815,1,line_curve_center_riding,-0.3390,-0.3565,-0.0641,-0.0883,0.5489,4,0,0.0000,0,0.0000,0.2924,0.0243,0.2682,-0.1697,0.2815,IDLE,1,0,step_done_latches_cleared,0,0,0.000,0,nan,nan,nan,0.0000,0,nan,nan,0,5,0.6000,0.5888,0.6765,0.5888,0.0112,本圈台阶完成,1,0.0000,0.150,0.330
5834.039,ROUNDABOUT_APPROACH,3.168,1,3.843,0.8989,0.0000,vision,2.671,3.816,0.000,,,tracking,0.1450,0.0773,1,line_recenter_transition,0.0779,0.0840,-0.2199,-0.2199,0.3196,2,0,0.0000,0,0.0000,0.3039,0.0000,0.3039,-0.1186,0.0773,IDLE,1,0,step_done_latches_cleared,0,0,0.000,0,nan,nan,nan,0.0000,0,nan,nan,0,5,0.6000,0.5888,0.6765,0.5888,0.0112,本圈台阶完成,1,0.0000,0.150,0.330
5834.170,ROUNDABOUT_APPROACH,3.299,1,3.843,0.0000,0.0000,vision,2.671,3.816,0.000,,,tracking,0.1450,-0.0386,1,line_recenter_transition,0.1444,0.1506,-0.1605,-0.1605,0.3159,2,0,0.0000,0,0.0000,0.3112,0.0000,0.3112,-0.0568,-0.0386,IDLE,1,0,step_done_latches_cleared,0,0,0.000,0,nan,nan,nan,0.0000,0,nan,nan,0,5,0.6000,0.5888,0.6765,0.5888,0.0112,本圈台阶完成,1,0.0000,0.150,0.330
5834.302,ROUNDABOUT_APPROACH,3.432,1,3.843,0.6000,0.0000,vision,2.671,3.816,0.000,,,tracking,0.1953,0.0095,1,line_center_tracking,-0.0344,-0.0198,-0.0719,-0.0719,0.3285,2,0,0.0000,0,0.0000,0.0521,0.0000,0.0521,-0.0546,0.0095,IDLE,1,0,step_done_latches_cleared,0,0,0.000,0,nan,nan,nan,0.0000,0,nan,nan,0,5,0.6000,0.5888,0.6765,0.5888,0.0112,本圈台阶完成,1,0.0000,0.150,0.330
5834.427,ROUNDABOUT_APPROACH,3.556,1,3.843,0.6000,0.0000,vision,2.671,3.816,0.000,,,tracking,0.2390,0.0428,1,line_center_tracking,-0.0683,-0.0518,-0.1109,-0.1109,0.3087,2,0,0.0000,0,0.0000,0.0591,0.0000,0.0591,-0.0912,0.0428,IDLE,1,0,step_done_latches_cleared,0,0,0.000,0,nan,nan,nan,0.0000,0,nan,nan,0,5,0.6000,0.5888,0.6765,0.5888,0.0112,本圈台阶完成,1,0.0000,0.150,0.330
5834.554,ROUNDABOUT_APPROACH,3.683,1,3.843,0.0000,0.0000,vision,2.671,3.816,0.000,,,tracking,0.2329,0.0408,1,line_center_tracking,-0.0396,-0.0676,0.0325,-0.0512,0.7923,6,0,0.0000,0,0.0000,0.1001,0.0837,0.0164,-0.0288,0.0408,IDLE,1,0,step_done_latches_cleared,0,0,0.000,0,nan,nan,nan,0.0000,0,nan,nan,0,5,0.6000,0.5888,0.6765,0.5888,0.0112,本圈台阶完成,1,0.0000,0.150,0.330
5834.687,ROUNDABOUT_APPROACH,3.816,1,3.843,0.9144,0.0000,vision,2.671,3.816,0.000,,,tracking,0.2425,-0.0080,1,line_center_tracking,0.0457,0.0335,0.0772,0.0772,0.3523,2,0,0.0000,0,0.0000,0.0436,0.0000,0.0436,0.0626,-0.0080,IDLE,1,0,step_done_latches_cleared,0,0,0.000,0,nan,nan,nan,0.0000,0,nan,nan,0,5,0.6000,0.5888,0.6765,0.5888,0.0112,本圈台阶完成,1,0.0000,0.150,0.330
5834.809,ROUNDABOUT_APPROACH,3.938,1,3.843,0.8202,0.0000,vision,2.671,3.816,0.000,,,tracking,0.2357,-0.0123,1,line_center_tracking,0.0189,-0.0046,0.0792,0.0173,0.7731,6,0,0.0000,0,0.0000,0.0837,0.0618,0.0219,0.0306,-0.0123,IDLE,1,0,step_done_latches_cleared,0,0,0.000,0,nan,nan,nan,0.0000,0,nan,nan,0,5,0.6000,0.5888,0.6765,0.5888,0.0112,本圈台阶完成,1,0.0000,0.150,0.330
5834.935,ROUNDABOUT_APPROACH,4.065,1,3.843,0.8048,0.0000,vision,2.671,3.816,0.000,,,tracking,0.2252,-0.0688,1,line_center_tracking,0.1085,0.1274,0.0600,0.0400,0.7134,5,0,0.0000,0,0.0000,0.0675,0.0200,0.0874,0.0758,-0.0688,IDLE,1,0,step_done_latches_cleared,0,0,0.000,0,nan,nan,nan,0.0000,0,nan,nan,0,5,0.6000,0.5888,0.6765,0.5888,0.0112,本圈台阶完成,1,0.0000,0.150,0.330
5835.062,ROUNDABOUT_APPROACH,4.191,1,3.843,0.7962,0.0000,vision,2.671,3.816,0.000,,,tracking,0.2313,-0.0728,1,line_center_tracking,0.0758,0.0787,0.0684,0.0563,0.7144,5,0,0.0000,0,0.0000,0.0103,0.0121,0.0224,0.0678,-0.0728,IDLE,1,0,step_done_latches_cleared,0,0,0.000,0,nan,nan,nan,0.0000,0,nan,nan,0,5,0.6000,0.5888,0.6765,0.5888,0.0112,本圈台阶完成,1,0.0000,0.150,0.330
5835.202,ROUNDABOUT_APPROACH,4.332,1,3.843,0.8242,0.0000,vision,2.671,3.816,0.000,,,tracking,0.2307,-0.0751,1,line_center_tracking,0.0724,0.0783,0.0572,0.0572,0.4157,2,0,0.0000,0,0.0000,0.0211,0.0000,0.0211,0.0643,-0.0751,IDLE,1,0,step_done_latches_cleared,0,0,0.000,0,nan,nan,nan,0.0000,0,nan,nan,0,5,0.6000,0.5888,0.6765,0.5888,0.0112,本圈台阶完成,1,0.0000,0.150,0.330
5835.330,ROUNDABOUT_APPROACH,4.460,1,3.843,0.8000,0.0000,vision,2.671,3.816,0.000,,,tracking,0.2318,-0.0708,1,line_center_tracking,0.0625,0.0794,0.0192,-0.0244,0.6992,5,0,0.0000,0,0.0000,0.0602,0.0436,0.1038,0.0247,-0.0708,IDLE,1,0,step_done_latches_cleared,0,0,0.000,0,nan,nan,nan,0.0000,0,nan,nan,0,5,0.6000,0.5888,0.6765,0.5888,0.0112,本圈台阶完成,1,0.0000,0.150,0.330
5835.459,ROUNDABOUT_APPROACH,4.589,1,3.843,0.8000,0.0000,vision,2.671,3.816,0.000,,,tracking,0.2331,-0.0657,1,line_center_tracking,0.0565,0.0617,0.0430,0.0045,0.6391,4,0,0.0000,0,0.0000,0.0187,0.0385,0.0572,0.0364,-0.0657,IDLE,1,0,step_done_latches_cleared,0,0,0.000,0,nan,nan,nan,0.0000,0,nan,nan,0,5,0.6000,0.5888,0.6765,0.5888,0.0112,本圈台阶完成,1,0.0000,0.150,0.330
5835.591,ROUNDABOUT_APPROACH,4.720,1,3.843,0.8268,0.0000,vision,2.671,3.816,0.000,,,tracking,0.2356,-0.0560,1,line_center_tracking,0.0438,0.0555,0.0137,-0.0312,0.6312,4,0,0.0000,0,0.0000,0.0417,0.0449,0.0866,0.0127,-0.0560,IDLE,1,0,step_done_latches_cleared,0,0,0.000,0,nan,nan,nan,0.0000,0,nan,nan,0,5,0.6000,0.5888,0.6765,0.5888,0.0112,本圈台阶完成,1,0.0000,0.150,0.330
5835.719,ROUNDABOUT_APPROACH,4.849,1,3.843,0.8000,0.0000,vision,2.671,3.816,0.000,,,tracking,0.1867,-0.0879,1,line_curve_center_riding,0.1055,0.1162,-0.0621,-0.0736,0.7819,6,0,0.0000,0,0.0000,0.1782,0.0115,0.1897,-0.0065,-0.0879,IDLE,1,0,step_done_latches_cleared,0,0,0.000,0,nan,nan,nan,0.0000,0,nan,nan,0,5,0.6000,0.5888,0.6765,0.5888,0.0112,本圈台阶完成,1,0.0000,0.150,0.330
5835.841,ROUNDABOUT_APPROACH,4.971,1,3.843,0.8000,0.0000,vision,2.671,3.816,0.000,,,tracking,0.1700,-0.0786,1,line_curve_center_riding,0.0683,0.0775,-0.0765,-0.2067,0.4908,3,0,0.0000,0,0.0000,0.1540,0.1302,0.2842,-0.0686,-0.0786,IDLE,1,0,step_done_latches_cleared,0,0,0.000,0,nan,nan,nan,0.0000,0,nan,nan,0,5,0.6000,0.5888,0.6765,0.5888,0.0112,本圈台阶完成,1,0.0000,0.150,0.330
5835.972,ROUNDABOUT_APPROACH,5.101,1,3.843,0.8331,0.0000,vision,2.671,3.816,0.000,,,tracking,0.2196,-0.0370,1,line_center_tracking,0.0011,0.0200,-0.0475,-0.0754,0.7175,5,0,0.0000,0,0.0000,0.0675,0.0279,0.0954,-0.0343,-0.0370,IDLE,1,0,step_done_latches_cleared,0,0,0.000,0,nan,nan,nan,0.0000,0,nan,nan,0,5,0.6000,0.5888,0.6765,0.5888,0.0112,本圈台阶完成,1,0.0000,0.150,0.330
5836.101,ROUNDABOUT_APPROACH,5.231,1,3.843,0.8597,0.0000,vision,2.671,3.816,0.000,,,tracking,0.1702,-0.0489,1,line_curve_center_riding,0.0509,0.0634,-0.1452,-0.3885,0.5678,4,0,0.0000,0,0.0000,0.2086,0.2434,0.4520,-0.1568,-0.0489,IDLE,1,0,step_done_latches_cleared,0,0,0.000,0,nan,nan,nan,0.0000,0,nan,nan,0,5,0.6000,0.5888,0.6765,0.5888,0.0112,本圈台阶完成,1,0.0000,0.150,0.330
5836.235,ROUNDABOUT_APPROACH,5.365,1,3.843,0.8000,0.0000,vision,2.671,3.816,0.000,,,tracking,0.2209,0.0166,1,line_center_tracking,-0.0665,-0.0496,-0.1099,-0.1165,0.7947,6,0,0.0000,0,0.0000,0.0604,0.0065,0.0669,-0.0920,0.0166,IDLE,1,0,step_done_latches_cleared,0,0,0.000,0,nan,nan,nan,0.0000,0,nan,nan,0,5,0.6000,0.5888,0.6765,0.5888,0.0112,本圈台阶完成,1,0.0000,0.150,0.330
5836.375,ROUNDABOUT_APPROACH,5.504,1,3.843,0.6000,0.0000,vision,2.671,3.816,0.000,,,tracking,0.1702,0.0695,1,line_curve_center_riding,-0.1121,-0.0960,-0.3654,-0.4377,0.5712,4,0,0.0000,0,0.0000,0.2694,0.0723,0.3417,-0.2997,0.0695,IDLE,1,0,step_done_latches_cleared,0,0,0.000,0,nan,nan,nan,0.0000,0,nan,nan,0,5,0.6000,0.5888,0.6765,0.5888,0.0112,本圈台阶完成,1,0.0000,0.150,0.330
5836.505,ROUNDABOUT_APPROACH,5.635,1,3.843,0.9500,0.0000,vision,2.671,3.816,0.000,,,tracking,0.2197,0.0821,1,line_center_tracking,-0.0910,-0.0801,-0.1190,-0.1395,0.7265,5,0,0.0000,0,0.0000,0.0388,0.0205,0.0594,-0.1129,0.0821,IDLE,1,0,step_done_latches_cleared,0,0,0.000,0,nan,nan,nan,0.0000,0,nan,nan,0,5,0.6000,0.5888,0.6765,0.5888,0.0112,本圈台阶完成,1,0.0000,0.150,0.330
5836.639,ROUNDABOUT_APPROACH,5.768,1,3.843,0.9182,0.0000,vision,2.671,3.816,0.000,,,tracking,0.1691,0.0724,1,line_curve_center_riding,-0.0611,-0.0330,-0.5015,-0.5497,0.4326,3,0,0.0000,0,0.0000,0.4685,0.0482,0.5166,-0.3614,0.0724,IDLE,1,0,step_done_latches_cleared,0,0,0.000,0,nan,nan,nan,0.0000,0,nan,nan,0,5,0.6000,0.5888,0.6765,0.5888,0.0112,本圈台阶完成,1,0.0000,0.150,0.330
5836.778,ROUNDABOUT_APPROACH,5.907,1,3.843,0.8999,0.0000,vision,2.671,3.816,0.000,,,tracking,0.1450,0.1303,1,line_curve_center_riding,-0.1661,-0.1366,-0.6271,-0.7352,0.6266,5,0,0.0000,0,0.0000,0.4905,0.1080,0.5986,-0.4997,0.1303,IDLE,1,0,step_done_latches_cleared,0,0,0.000,0,nan,nan,nan,0.0000,0,nan,nan,0,5,0.6000,0.5888,0.6765,0.5888,0.0112,本圈台阶完成,1,0.0000,0.150,0.330
5836.909,ROUNDABOUT_APPROACH,6.038,1,3.843,0.9150,0.0000,vision,2.671,3.816,0.000,,,tracking,0.1450,0.1696,1,line_curve_center_riding,-0.1927,-0.1711,-0.5299,-0.5299,0.4179,3,0,0.0000,0,0.0000,0.3587,0.0000,0.3587,-0.4103,0.1696,IDLE,1,0,step_done_latches_cleared,0,0,0.000,0,nan,nan,nan,0.0000,0,nan,nan,0,5,0.6000,0.5888,0.6765,0.5888,0.0112,本圈台阶完成,1,0.0000,0.150,0.330
5837.043,ROUNDABOUT,0.000,1,3.843,0.9601,0.0000,vision,2.671,3.816,0.000,0.000,0.000,icn_entry_left,0.1900,0.3600,1,line_curve_center_riding,-0.2975,-0.2866,-0.4680,-0.4680,0.4805,3,0,0.0000,0,0.0000,0.1814,0.0000,0.1814,-0.4075,0.3600,IDLE,1,0,step_done_latches_cleared,0,0,0.000,0,nan,nan,nan,0.0000,0,nan,nan,0,5,0.6000,0.5888,0.6765,0.5888,0.0112,本圈台阶完成,1,0.0000,0.150,0.330
5837.182,ROUNDABOUT,0.140,1,3.843,0.9181,0.0000,vision,2.671,3.816,0.000,0.140,0.025,icn_entry_left,0.1900,0.3600,1,line_center_tracking,-0.1198,-0.1285,-0.0973,-0.0973,0.3875,2,0,0.0000,0,0.0000,0.0311,0.0000,0.0311,-0.1077,0.3600,IDLE,1,0,step_done_latches_cleared,0,0,0.000,0,nan,nan,nan,0.0000,0,nan,nan,0,5,0.6000,0.5888,0.6765,0.5888,0.0112,本圈台阶完成,1,0.0000,0.150,0.330
5837.318,ROUNDABOUT,0.276,1,3.843,0.8649,0.0000,vision,2.671,3.816,0.000,0.276,0.051,icn_entry_left,0.1900,0.3600,1,line_center_tracking,0.0057,0.0003,0.0194,-0.0493,0.6296,4,0,0.0000,0,0.0000,0.0191,0.0687,0.0496,-0.0098,0.3600,IDLE,1,0,step_done_latches_cleared,0,0,0.000,0,nan,nan,nan,0.0000,0,nan,nan,0,5,0.6000,0.5888,0.6765,0.5888,0.0112,本圈台阶完成,1,0.0000,0.150,0.330
5837.459,ROUNDABOUT,0.417,1,3.843,0.9153,0.0000,vision,2.671,3.816,0.000,0.417,0.076,icn_entry_left,0.1900,0.3600,1,line_center_tracking,0.1158,0.1166,0.1137,0.0557,0.6340,4,0,0.0000,0,0.0000,0.0030,0.0579,0.0609,0.0953,0.3600,IDLE,1,0,step_done_latches_cleared,0,0,0.000,0,nan,nan,nan,0.0000,0,nan,nan,0,5,0.6000,0.5888,0.6765,0.5888,0.0112,本圈台阶完成,1,0.0000,0.150,0.330
5837.597,ROUNDABOUT,0.555,1,3.843,0.8000,0.0000,vision,2.671,3.816,0.000,0.555,0.100,icn_entry_left,0.1900,0.3600,1,line_center_tracking,0.2002,0.2012,0.1975,0.1958,0.4732,2,0,0.0000,0,0.0000,0.0037,0.0017,0.0054,0.1982,0.3600,IDLE,1,0,step_done_latches_cleared,0,0,0.000,0,nan,nan,nan,0.0000,0,nan,nan,0,5,0.6000,0.5888,0.6765,0.5888,0.0112,本圈台阶完成,1,0.0000,0.150,0.330
5837.732,ROUNDABOUT,0.689,1,3.843,0.8000,0.0000,vision,2.671,3.816,0.000,0.689,0.121,icn_entry_left,0.1900,0.3600,1,line_center_tracking,-0.2118,-0.0362,-0.6633,-0.7487,0.3876,3,0,0.0000,0,0.0000,0.6272,0.0854,0.7125,-0.4827,0.3600,IDLE,1,0,step_done_latches_cleared,0,0,0.000,0,nan,nan,nan,0.0000,0,nan,nan,0,5,0.6000,0.5888,0.6765,0.5888,0.0112,本圈台阶完成,1,0.0000,0.150,0.330
5837.865,ROUNDABOUT,0.822,1,3.843,0.9231,0.0000,vision,2.671,3.816,0.000,0.822,0.134,icn_entry_left,0.1900,0.3600,1,line_center_tracking,-0.2101,-0.0540,-0.6114,-0.7039,0.4016,3,0,0.0000,0,0.0000,0.5574,0.0925,0.6499,-0.4565,0.3600,IDLE,1,0,step_done_latches_cleared,0,0,0.000,0,nan,nan,nan,0.0000,0,nan,nan,0,5,0.6000,0.5888,0.6765,0.5888,0.0112,本圈台阶完成,1,0.0000,0.150,0.330
5837.999,ROUNDABOUT,0.956,1,3.843,0.8000,0.0000,vision,2.671,3.816,0.000,0.956,0.150,icn_entry_left,0.1900,0.3600,1,line_center_tracking,0.4012,0.4012,0.4012,0.4012,0.2375,1,0,0.0000,0,0.0000,0.0000,0.0000,0.0000,0.4012,0.3600,IDLE,1,0,step_done_latches_cleared,0,0,0.000,0,nan,nan,nan,0.0000,0,nan,nan,0,5,0.6000,0.5888,0.6765,0.5888,0.0112,本圈台阶完成,1,0.0000,0.150,0.330
5838.133,ROUNDABOUT,1.091,1,3.843,0.6000,0.0000,vision,2.671,3.816,0.000,1.091,0.162,icn_entry_left,0.1900,0.3600,1,line_center_tracking,-0.1277,0.0158,-0.4968,-0.5792,0.5132,4,0,0.0000,0,0.0000,0.5126,0.0824,0.5950,-0.3534,0.3600,IDLE,1,0,step_done_latches_cleared,0,0,0.000,0,nan,nan,nan,0.0000,0,nan,nan,0,5,0.6000,0.5888,0.6765,0.5888,0.0112,本圈台阶完成,1,0.0000,0.150,0.330
5838.291,ROUNDABOUT,1.248,1,3.843,0.2000,0.0000,vision,2.671,3.816,0.000,1.248,0.175,icn_entry_left,0.1900,0.3600,1,line_center_tracking,0.1546,0.1546,0.1546,0.1546,0.2375,1,0,0.0000,0,0.0000,0.0000,0.0000,0.0000,0.1546,0.3600,IDLE,1,0,step_done_latches_cleared,0,0,0.000,0,nan,nan,nan,0.0000,0,nan,nan,0,5,0.6000,0.5888,0.6765,0.5888,0.0112,本圈台阶完成,1,0.0000,0.150,0.330
5838.412,ROUNDABOUT,1.369,1,3.843,0.0000,0.0000,vision,2.671,3.816,0.000,1.369,0.190,icn_entry_left,0.1900,0.3600,1,line_recenter_transition,0.0493,0.0584,-0.3935,-0.4456,0.2755,2,0,0.0000,0,0.0000,0.4518,0.0521,0.5040,-0.2602,0.3600,IDLE,1,0,step_done_latches_cleared,0,0,0.000,0,nan,nan,nan,0.0000,0,nan,nan,0,5,0.6000,0.5888,0.6765,0.5888,0.0112,本圈台阶完成,1,0.0000,0.150,0.330
5838.536,ROUNDABOUT,1.494,1,3.843,0.0000,0.0000,vision,2.671,3.816,0.000,1.494,0.203,icn_entry_left,0.1900,0.3600,0,line_too_few_bands,0.0000,0.0000,0.0000,0.0000,0.0000,0,0,0.0000,0,0.0000,0.0000,0.0000,0.0000,0.0000,0.3600,IDLE,1,0,step_done_latches_cleared,0,0,0.000,0,nan,nan,nan,0.0000,0,nan,nan,0,5,0.6000,0.5888,0.6765,0.5888,0.0112,本圈台阶完成,1,0.0000,0.150,0.330
5838.662,ROUNDABOUT,1.619,1,3.843,0.0000,0.0000,vision,2.671,3.816,0.000,1.619,0.216,icn_entry_left,0.1900,0.3600,0,line_too_few_bands,0.0000,0.0000,0.0000,0.0000,0.0000,0,0,0.0000,0,0.0000,0.0000,0.0000,0.0000,0.0000,0.3600,IDLE,1,0,step_done_latches_cleared,0,0,0.000,0,nan,nan,nan,0.0000,0,nan,nan,0,5,0.6000,0.5888,0.6765,0.5888,0.0112,本圈台阶完成,1,0.0000,0.150,0.330
5838.800,ROUNDABOUT,1.757,1,3.843,0.0000,0.0000,vision,2.671,3.816,0.000,1.757,0.238,icn_entry_left,0.1900,0.3600,1,line_recenter_transition,0.1346,0.1413,-0.1947,-0.1947,0.3318,2,0,0.0000,0,0.0000,0.3360,0.0000,0.3360,-0.0827,0.3600,IDLE,1,0,step_done_latches_cleared,0,0,0.000,0,nan,nan,nan,0.0000,0,nan,nan,0,5,0.6000,0.5888,0.6765,0.5888,0.0112,本圈台阶完成,1,0.0000,0.150,0.330
5838.943,ROUNDABOUT,1.900,1,3.843,0.0000,0.0000,vision,2.671,3.816,0.000,1.900,0.261,icn_entry_left,0.1900,0.3600,1,line_recenter_transition,0.2174,0.2270,-0.2567,-0.3501,0.5344,4,0,0.0000,0,0.0000,0.4837,0.0934,0.5771,-0.1266,0.3600,IDLE,1,0,step_done_latches_cleared,0,0,0.000,0,nan,nan,nan,0.0000,0,nan,nan,0,5,0.6000,0.5888,0.6765,0.5888,0.0112,本圈台阶完成,1,0.0000,0.150,0.330
5839.068,ROUNDABOUT,2.025,1,3.843,0.0000,0.0000,vision,2.671,3.816,0.000,2.025,0.281,icn_entry_left,0.1900,0.3600,1,line_center_tracking,0.3293,0.3293,0.3293,0.3293,0.2375,1,0,0.0000,0,0.0000,0.0000,0.0000,0.0000,0.3293,0.3600,IDLE,1,0,step_done_latches_cleared,0,0,0.000,0,nan,nan,nan,0.0000,0,nan,nan,0,5,0.6000,0.5888,0.6765,0.5888,0.0112,本圈台阶完成,1,0.0000,0.150,0.330
5839.208,ROUNDABOUT,2.165,1,3.843,0.0000,0.0000,vision,2.671,3.816,0.000,2.165,0.306,icn_entry_left,0.1900,0.3600,0,line_too_few_bands,0.0000,0.0000,0.0000,0.0000,0.0000,0,0,0.0000,0,0.0000,0.0000,0.0000,0.0000,0.0000,0.3600,IDLE,1,0,step_done_latches_cleared,0,0,0.000,0,nan,nan,nan,0.0000,0,nan,nan,0,5,0.6000,0.5888,0.6765,0.5888,0.0112,本圈台阶完成,1,0.0000,0.150,0.330
5839.336,ROUNDABOUT,2.294,1,3.843,0.0000,0.0000,vision,2.671,3.816,0.000,2.294,0.330,icn_entry_left,0.1900,0.3600,1,line_center_tracking,0.2523,0.2523,0.2523,0.2523,0.2375,1,0,0.0000,0,0.0000,0.0000,0.0000,0.0000,0.2523,0.3600,IDLE,1,0,step_done_latches_cleared,0,0,0.000,0,nan,nan,nan,0.0000,0,nan,nan,0,5,0.6000,0.5888,0.6765,0.5888,0.0112,本圈台阶完成,1,0.0000,0.150,0.330
5839.457,ROUNDABOUT,2.415,1,3.843,0.0000,0.0000,vision,2.671,3.816,0.000,2.415,0.354,icn_entry_left,0.1900,0.3600,1,line_recenter_transition,0.3434,0.3546,-0.2066,-0.3063,0.3984,3,0,0.0000,0,0.0000,0.5612,0.0997,0.6609,-0.0527,0.3600,IDLE,1,0,step_done_latches_cleared,0,0,0.000,0,nan,nan,nan,0.0000,0,nan,nan,0,5,0.6000,0.5888,0.6765,0.5888,0.0112,本圈台阶完成,1,0.0000,0.150,0.330
5839.583,ROUNDABOUT,2.540,1,3.843,0.0000,0.0000,vision,2.671,3.816,0.000,2.540,0.377,icn_entry_left,0.1900,0.3600,1,line_center_tracking,0.4004,0.4004,0.4004,0.4004,0.2375,1,0,0.0000,0,0.0000,0.0000,0.0000,0.0000,0.4004,0.3600,IDLE,1,0,step_done_latches_cleared,0,0,0.000,0,nan,nan,nan,0.0000,0,nan,nan,0,5,0.6000,0.5888,0.6765,0.5888,0.0112,本圈台阶完成,1,0.0000,0.150,0.330
5839.711,ROUNDABOUT,2.668,1,3.843,0.0000,0.0000,vision,2.671,3.816,0.000,2.668,0.399,icn_entry_left,0.1900,0.3600,0,line_too_few_bands,0.0000,0.0000,0.0000,0.0000,0.0000,0,0,0.0000,0,0.0000,0.0000,0.0000,0.0000,0.0000,0.3600,IDLE,1,0,step_done_latches_cleared,0,0,0.000,0,nan,nan,nan,0.0000,0,nan,nan,0,5,0.6000,0.5888,0.6765,0.5888,0.0112,本圈台阶完成,1,0.0000,0.150,0.330
5839.839,ROUNDABOUT,2.796,1,3.843,0.0000,0.0000,vision,2.671,3.816,0.000,2.796,0.433,icn_entry_left,0.1900,0.3600,1,line_recenter_transition,0.3618,0.3744,-0.2553,-0.3710,0.3771,3,0,0.0000,0,0.0000,0.6297,0.1157,0.7454,-0.0840,0.3600,IDLE,1,0,step_done_latches_cleared,0,0,0.000,0,nan,nan,nan,0.0000,0,nan,nan,0,5,0.6000,0.5888,0.6765,0.5888,0.0112,本圈台阶完成,1,0.0000,0.150,0.330
5839.971,ROUNDABOUT,2.928,1,3.843,0.0000,0.0000,vision,2.671,3.816,0.000,2.928,0.461,icn_entry_left,0.1900,0.3600,1,line_center_tracking,0.3489,0.3540,0.3358,0.3358,0.4238,2,0,0.0000,0,0.0000,0.0182,0.0000,0.0182,0.3419,0.3600,IDLE,1,0,step_done_latches_cleared,0,0,0.000,0,nan,nan,nan,0.0000,0,nan,nan,0,5,0.6000,0.5888,0.6765,0.5888,0.0112,本圈台阶完成,1,0.0000,0.150,0.330
5840.123,ROUNDABOUT,3.080,1,3.843,0.0000,0.0000,vision,2.671,3.816,0.000,3.080,0.492,icn_entry_left,0.1900,0.3600,1,line_recenter_transition,0.2766,0.2901,-0.3856,-0.5220,0.3314,3,0,0.0000,0,0.0000,0.6757,0.1364,0.8121,-0.2059,0.3600,IDLE,1,0,step_done_latches_cleared,0,0,0.000,0,nan,nan,nan,0.0000,0,nan,nan,0,5,0.6000,0.5888,0.6765,0.5888,0.0112,本圈台阶完成,1,0.0000,0.150,0.330
5840.248,ROUNDABOUT,3.205,1,3.843,0.0000,0.0000,vision,2.671,3.816,0.000,3.205,0.517,icn_entry_left,0.1900,0.3600,1,line_recenter_transition,0.3052,0.3152,-0.1873,-0.1873,0.2609,2,0,0.0000,0,0.0000,0.5025,0.0000,0.5025,-0.0198,0.3600,IDLE,1,0,step_done_latches_cleared,0,0,0.000,0,nan,nan,nan,0.0000,0,nan,nan,0,5,0.6000,0.5888,0.6765,0.5888,0.0112,本圈台阶完成,1,0.0000,0.150,0.330
5840.371,ROUNDABOUT,3.328,1,3.843,0.0000,0.0000,vision,2.671,3.816,0.000,3.328,0.556,icn_entry_left,0.1900,0.3600,1,line_recenter_transition,0.1387,0.1489,-0.3607,-0.3607,0.3827,3,0,0.0000,0,0.0000,0.5096,0.0000,0.5096,-0.1908,0.3600,IDLE,1,0,step_done_latches_cleared,0,0,0.000,0,nan,nan,nan,0.0000,0,nan,nan,0,5,0.6000,0.5888,0.6765,0.5888,0.0112,本圈台阶完成,1,0.0000,0.150,0.330
5840.492,ROUNDABOUT,3.450,1,3.843,0.0000,0.0000,vision,2.671,3.816,0.000,3.450,0.594,icn_entry_left,0.1900,0.3600,1,line_recenter_transition,0.1444,0.1557,-0.4089,-0.4089,0.3627,3,0,0.0000,0,0.0000,0.5647,0.0000,0.5647,-0.2207,0.3600,IDLE,1,0,step_done_latches_cleared,0,0,0.000,0,nan,nan,nan,0.0000,0,nan,nan,0,5,0.6000,0.5888,0.6765,0.5888,0.0112,本圈台阶完成,1,0.0000,0.150,0.330
5840.622,ROUNDABOUT,3.579,1,3.843,0.0000,0.0000,vision,2.671,3.816,0.000,3.579,0.625,icn_entry_left,0.1900,0.3600,1,line_center_tracking,0.1393,0.1393,0.1393,0.1393,0.2375,1,0,0.0000,0,0.0000,0.0000,0.0000,0.0000,0.1393,0.3600,IDLE,1,0,step_done_latches_cleared,0,0,0.000,0,nan,nan,nan,0.0000,0,nan,nan,0,5,0.6000,0.5888,0.6765,0.5888,0.0112,本圈台阶完成,1,0.0000,0.150,0.330
5840.754,ROUNDABOUT,3.712,1,3.843,0.0000,0.0000,vision,2.671,3.816,0.000,3.712,0.657,icn_entry_left,0.1900,0.3600,1,line_recenter_transition,0.0314,0.0440,-0.5842,-0.5842,0.3412,3,0,0.0000,0,0.0000,0.6281,0.0000,0.6281,-0.3748,0.3600,IDLE,1,0,step_done_latches_cleared,0,0,0.000,0,nan,nan,nan,0.0000,0,nan,nan,0,5,0.6000,0.5888,0.6765,0.5888,0.0112,本圈台阶完成,1,0.0000,0.150,0.330
5840.877,ROUNDABOUT,3.835,1,3.843,0.0000,0.0000,vision,2.671,3.816,0.000,3.835,0.685,icn_entry_left,0.1900,0.3600,1,line_center_tracking,-0.0073,0.0082,-0.0472,-0.0472,0.3192,2,0,0.0000,0,0.0000,0.0554,0.0000,0.0554,-0.0287,0.3600,IDLE,1,0,step_done_latches_cleared,0,0,0.000,0,nan,nan,nan,0.0000,0,nan,nan,0,5,0.6000,0.5888,0.6765,0.5888,0.0112,本圈台阶完成,1,0.0000,0.150,0.330
5841.007,ROUNDABOUT,3.964,1,3.843,0.0000,0.0000,vision,2.671,3.816,0.000,3.964,0.708,icn_entry_left,0.1900,0.3600,1,line_center_tracking,-0.1407,-0.0283,-0.4295,-0.4295,0.2698,2,0,0.0000,0,0.0000,0.4012,0.0000,0.4012,-0.2958,0.3600,IDLE,1,0,step_done_latches_cleared,0,0,0.000,0,nan,nan,nan,0.0000,0,nan,nan,0,5,0.6000,0.5888,0.6765,0.5888,0.0112,本圈台阶完成,1,0.0000,0.150,0.330
5841.129,ROUNDABOUT,4.087,1,3.843,0.0000,0.0000,vision,2.671,3.816,0.000,4.087,0.728,icn_entry_left,0.1900,0.3600,1,line_center_tracking,-0.2170,-0.1149,-0.4795,-0.4795,0.3925,3,0,0.0000,0,0.0000,0.3646,0.0000,0.3646,-0.3580,0.3600,IDLE,1,0,step_done_latches_cleared,0,0,0.000,0,nan,nan,nan,0.0000,0,nan,nan,0,5,0.6000,0.5888,0.6765,0.5888,0.0112,本圈台阶完成,1,0.0000,0.150,0.330
5841.261,ROUNDABOUT,4.219,1,3.843,0.0000,0.0000,vision,2.671,3.816,0.000,4.219,0.752,icn_entry_left,0.1900,0.3600,1,line_center_tracking,-0.2507,-0.1655,-0.4700,-0.4700,0.2391,2,0,0.0000,0,0.0000,0.3045,0.0000,0.3045,-0.3685,0.3600,IDLE,1,0,step_done_latches_cleared,0,0,0.000,0,nan,nan,nan,0.0000,0,nan,nan,0,5,0.6000,0.5888,0.6765,0.5888,0.0112,本圈台阶完成,1,0.0000,0.150,0.330
5841.387,ROUNDABOUT,4.344,1,3.843,0.0000,0.0000,vision,2.671,3.816,0.000,4.344,0.772,icn_entry_left,0.1900,0.3600,1,line_center_tracking,-0.3425,-0.2149,-0.6705,-0.6705,0.3414,3,0,0.0000,0,0.0000,0.4556,0.0000,0.4556,-0.5187,0.3600,IDLE,1,0,step_done_latches_cleared,0,0,0.000,0,nan,nan,nan,0.0000,0,nan,nan,0,5,0.6000,0.5888,0.6765,0.5888,0.0112,本圈台阶完成,1,0.0000,0.150,0.330
5841.523,ROUNDABOUT,4.481,1,3.843,0.0000,0.0000,vision,2.671,3.816,0.000,4.481,0.794,icn_entry_left,0.1900,0.3600,1,line_center_tracking,-0.3269,-0.1773,-0.7115,-0.7115,0.2018,2,0,0.0000,0,0.0000,0.5343,0.0000,0.5343,-0.5335,0.3600,IDLE,1,0,step_done_latches_cleared,0,0,0.000,0,nan,nan,nan,0.0000,0,nan,nan,0,5,0.6000,0.5888,0.6765,0.5888,0.0112,本圈台阶完成,1,0.0000,0.150,0.330
5841.658,ROUNDABOUT,4.616,1,3.843,0.0000,0.0000,vision,2.671,3.816,0.000,4.616,0.808,icn_entry_left,0.1900,0.3600,1,line_center_tracking,-0.3062,-0.1566,-0.6911,-0.6911,0.2017,2,0,0.0000,0,0.0000,0.5345,0.0000,0.5345,-0.5129,0.3600,IDLE,1,0,step_done_latches_cleared,0,0,0.000,0,nan,nan,nan,0.0000,0,nan,nan,0,5,0.6000,0.5888,0.6765,0.5888,0.0112,本圈台阶完成,1,0.0000,0.150,0.330
5841.782,ROUNDABOUT,4.740,1,3.843,0.0000,0.0000,vision,2.671,3.816,0.000,4.740,0.822,icn_entry_left,0.1900,0.3600,1,line_center_tracking,-0.3502,-0.2375,-0.6401,-0.6401,0.3782,3,0,0.0000,0,0.0000,0.4026,0.0000,0.4026,-0.5059,0.3600,IDLE,1,0,step_done_latches_cleared,0,0,0.000,0,nan,nan,nan,0.0000,0,nan,nan,0,5,0.6000,0.5888,0.6765,0.5888,0.0112,本圈台阶完成,1,0.0000,0.150,0.330
5841.904,ROUNDABOUT,4.861,1,3.843,0.0000,0.0000,vision,2.671,3.816,0.000,4.861,0.838,icn_entry_left,0.1900,0.3600,1,line_center_tracking,-0.3485,-0.2594,-0.5774,-0.5774,0.2287,2,0,0.0000,0,0.0000,0.3179,0.0000,0.3179,-0.4714,0.3600,IDLE,1,0,step_done_latches_cleared,0,0,0.000,0,nan,nan,nan,0.0000,0,nan,nan,0,5,0.6000,0.5888,0.6765,0.5888,0.0112,本圈台阶完成,1,0.0000,0.150,0.330
5842.030,ROUNDABOUT,4.987,1,3.843,0.0000,0.0000,vision,2.671,3.816,0.000,4.987,0.848,icn_entry_left,0.1900,0.3600,1,line_center_tracking,-0.3042,-0.2216,-0.5165,-0.5165,0.2465,2,0,0.0000,0,0.0000,0.2950,0.0000,0.2950,-0.4182,0.3600,IDLE,1,0,step_done_latches_cleared,0,0,0.000,0,nan,nan,nan,0.0000,0,nan,nan,0,5,0.6000,0.5888,0.6765,0.5888,0.0112,本圈台阶完成,1,0.0000,0.150,0.330
5842.183,ROUNDABOUT,5.140,1,3.843,0.0000,0.0000,vision,2.671,3.816,0.000,5.140,0.857,icn_entry_left,0.1900,0.3600,1,line_center_tracking,-0.2353,-0.1567,-0.4373,-0.4373,0.2576,2,0,0.0000,0,0.0000,0.2806,0.0000,0.2806,-0.3438,0.3600,IDLE,1,0,step_done_latches_cleared,0,0,0.000,0,nan,nan,nan,0.0000,0,nan,nan,0,5,0.6000,0.5888,0.6765,0.5888,0.0112,本圈台阶完成,1,0.0000,0.150,0.330
5842.308,ROUNDABOUT,5.265,1,3.843,0.0000,0.0000,vision,2.671,3.816,0.000,5.265,0.863,icn_entry_left,0.1900,0.3600,1,line_center_tracking,-0.1740,-0.0981,-0.3692,-0.3692,0.2650,2,0,0.0000,0,0.0000,0.2710,0.0000,0.2710,-0.2788,0.3600,IDLE,1,0,step_done_latches_cleared,0,0,0.000,0,nan,nan,nan,0.0000,0,nan,nan,0,5,0.6000,0.5888,0.6765,0.5888,0.0112,本圈台阶完成,1,0.0000,0.150,0.330
5842.435,ROUNDABOUT,5.393,1,3.843,0.0000,0.0000,vision,2.671,3.816,0.000,5.393,0.869,icn_entry_left,0.1900,0.3600,1,line_center_tracking,-0.1951,-0.1951,-0.1951,-0.1951,0.2375,1,0,0.0000,0,0.0043,0.0000,0.0000,0.0000,-0.1951,0.3600,IDLE,1,0,step_done_latches_cleared,0,0,0.000,0,nan,nan,nan,0.0000,0,nan,nan,0,5,0.6000,0.5888,0.6765,0.5888,0.0112,本圈台阶完成,1,0.0000,0.150,0.330
5842.563,ROUNDABOUT,5.521,1,3.843,0.0000,0.0000,vision,2.671,3.816,0.000,5.521,0.876,icn_entry_left,0.1900,0.3600,1,line_center_tracking,-0.1576,-0.1576,-0.1576,-0.1576,0.2375,1,0,0.0000,0,0.0000,0.0000,0.0000,0.0000,-0.1576,0.3600,IDLE,1,0,step_done_latches_cleared,0,0,0.000,0,nan,nan,nan,0.0000,0,nan,nan,0,5,0.6000,0.5888,0.6765,0.5888,0.0112,本圈台阶完成,1,0.0000,0.150,0.330
5842.690,ROUNDABOUT,5.648,1,3.843,0.0000,0.0000,vision,2.671,3.816,0.000,5.648,0.884,icn_entry_left,0.1900,0.3600,1,line_center_tracking,-0.1078,-0.1078,-0.1078,-0.1078,0.2375,1,0,0.0000,0,0.0043,0.0000,0.0000,0.0000,-0.1078,0.3600,IDLE,1,0,step_done_latches_cleared,0,0,0.000,0,nan,nan,nan,0.0000,0,nan,nan,0,5,0.6000,0.5888,0.6765,0.5888,0.0112,本圈台阶完成,1,0.0000,0.150,0.330
5842.814,ROUNDABOUT,5.771,1,3.843,0.0000,0.0000,vision,2.671,3.816,0.000,5.771,0.892,icn_entry_left,0.1900,0.3600,1,line_center_tracking,-0.1704,-0.0823,-0.3969,-0.3969,0.4195,3,0,0.0000,0,0.0000,0.3147,0.0000,0.3147,-0.2920,0.3600,IDLE,1,0,step_done_latches_cleared,0,0,0.000,0,nan,nan,nan,0.0000,0,nan,nan,0,5,0.6000,0.5888,0.6765,0.5888,0.0112,本圈台阶完成,1,0.0000,0.150,0.330
5842.939,ROUNDABOUT,5.896,1,3.843,0.0000,0.0000,vision,2.671,3.816,0.000,5.896,0.900,icn_entry_left,0.1900,0.3600,1,line_center_tracking,-0.2536,-0.0957,-0.6595,-0.6595,0.3637,3,0,0.0000,0,0.0000,0.5639,0.0000,0.5639,-0.4716,0.3600,IDLE,1,0,step_done_latches_cleared,0,0,0.000,0,nan,nan,nan,0.0000,0,nan,nan,0,5,0.6000,0.5888,0.6765,0.5888,0.0112,本圈台阶完成,1,0.0000,0.150,0.330
5843.070,ROUNDABOUT,6.027,1,3.843,0.0000,0.0000,vision,2.671,3.816,0.000,6.027,0.910,icn_entry_left,0.1900,0.3600,1,line_center_tracking,-0.1263,-0.0510,-0.3200,-0.3200,0.2666,2,0,0.0000,0,0.0000,0.2690,0.0000,0.2690,-0.2304,0.3600,IDLE,1,0,step_done_latches_cleared,0,0,0.000,0,nan,nan,nan,0.0000,0,nan,nan,0,5,0.6000,0.5888,0.6765,0.5888,0.0112,本圈台阶完成,1,0.0000,0.150,0.330
5843.205,ROUNDABOUT,6.162,1,3.843,0.0000,0.0000,vision,2.671,3.816,0.000,6.162,0.922,icn_entry_left,0.1900,0.3600,1,line_center_tracking,-0.1268,-0.1268,-0.1268,-0.1268,0.2375,1,0,0.0000,0,0.0000,0.0000,0.0000,0.0000,-0.1268,0.3600,IDLE,1,0,step_done_latches_cleared,0,0,0.000,0,nan,nan,nan,0.0000,0,nan,nan,0,5,0.6000,0.5888,0.6765,0.5888,0.0112,本圈台阶完成,1,0.0000,0.150,0.330
5843.342,ROUNDABOUT,6.300,1,3.843,0.0000,0.0000,vision,2.671,3.816,0.000,6.300,0.936,icn_entry_left,0.1900,0.3600,1,line_center_tracking,-0.2264,-0.1392,-0.4506,-0.4506,0.4178,3,0,0.0000,0,0.0000,0.3113,0.0000,0.3113,-0.3468,0.3600,IDLE,1,0,step_done_latches_cleared,0,0,0.000,0,nan,nan,nan,0.0000,0,nan,nan,0,5,0.6000,0.5888,0.6765,0.5888,0.0112,本圈台阶完成,1,0.0000,0.150,0.330
5843.466,ROUNDABOUT,6.424,1,3.843,0.0000,0.0000,vision,2.671,3.816,0.000,6.424,0.948,icn_entry_left,0.1900,0.3600,1,line_center_tracking,-0.2794,-0.2014,-0.4800,-0.4800,0.2592,2,0,0.0000,0,0.0043,0.2785,0.0000,0.2785,-0.3871,0.3600,IDLE,1,0,step_done_latches_cleared,0,0,0.000,0,nan,nan,nan,0.0000,0,nan,nan,0,5,0.6000,0.5888,0.6765,0.5888,0.0112,本圈台阶完成,1,0.0000,0.150,0.330
5843.603,ROUNDABOUT,6.561,1,3.843,0.0000,0.0000,vision,2.671,3.816,0.000,6.561,0.960,icn_entry_left,0.1900,0.3600,1,line_center_tracking,-0.3362,-0.2078,-0.6662,-0.6662,0.2406,2,0,0.0000,0,0.0043,0.4584,0.0000,0.4584,-0.5134,0.3600,IDLE,1,0,step_done_latches_cleared,0,0,0.000,0,nan,nan,nan,0.0000,0,nan,nan,0,5,0.6000,0.5888,0.6765,0.5888,0.0112,本圈台阶完成,1,0.0000,0.150,0.330
5843.726,ROUNDABOUT,6.683,1,3.843,0.0000,0.0000,vision,2.671,3.816,0.000,6.683,0.973,icn_entry_left,0.1900,0.3600,1,line_center_tracking,-0.4764,-0.3687,-0.7534,-0.7534,0.3873,3,0,0.0000,0,0.0043,0.3846,0.0000,0.3846,-0.6252,0.3600,IDLE,1,0,step_done_latches_cleared,0,0,0.000,0,nan,nan,nan,0.0000,0,nan,nan,0,5,0.6000,0.5888,0.6765,0.5888,0.0112,本圈台阶完成,1,0.0000,0.150,0.330
5843.860,ROUNDABOUT,6.817,1,3.843,0.0000,0.0000,vision,2.671,3.816,0.000,6.817,0.986,icn_entry_left,0.1900,0.3600,1,line_center_tracking,-0.2528,-0.2528,-0.2528,-0.2528,0.2375,1,0,0.0000,0,0.0000,0.0000,0.0000,0.0000,-0.2528,0.3600,IDLE,1,0,step_done_latches_cleared,0,0,0.000,0,nan,nan,nan,0.0000,0,nan,nan,0,5,0.6000,0.5888,0.6765,0.5888,0.0112,本圈台阶完成,1,0.0000,0.150,0.330
5843.987,ROUNDABOUT,6.944,1,3.843,0.0000,0.0000,vision,2.671,3.816,0.000,6.944,0.997,icn_entry_left,0.1900,0.3600,1,line_hard_turn_centering,-0.5474,-0.5474,-0.5474,-0.5474,0.2375,1,0,0.0000,0,0.0000,0.0000,0.0000,0.0000,-0.5474,0.3600,IDLE,1,0,step_done_latches_cleared,0,0,0.000,0,nan,nan,nan,0.0000,0,nan,nan,0,5,0.6000,0.5888,0.6765,0.5888,0.0112,本圈台阶完成,1,0.0000,0.150,0.330
5844.112,ROUNDABOUT_FOLLOW,0.000,1,3.843,0.0000,0.0000,vision,2.671,3.816,0.000,,,roundabout_blue_guard_left,0.1426,0.3000,0,line_too_few_bands,0.0000,0.0000,0.0000,0.0000,0.0000,0,0,0.0000,0,0.0000,0.0000,0.0000,0.0000,0.0000,0.3000,IDLE,1,0,step_done_latches_cleared,0,0,0.000,0,nan,nan,nan,0.0000,0,nan,nan,0,5,0.6000,0.5888,0.6765,0.5888,0.0112,本圈台阶完成,1,0.0000,0.150,0.330
5844.248,ROUNDABOUT_FOLLOW,0.136,1,3.843,0.0000,0.0000,vision,2.671,3.816,0.000,,,roundabout_blue_guard_left,0.0919,0.3000,0,line_too_few_bands,0.0000,0.0000,0.0000,0.0000,0.0000,0,0,0.0000,0,0.0000,0.0000,0.0000,0.0000,0.0000,0.3000,IDLE,1,0,step_done_latches_cleared,0,0,0.000,0,nan,nan,nan,0.0000,0,nan,nan,0,5,0.6000,0.5888,0.6765,0.5888,0.0112,本圈台阶完成,1,0.0000,0.150,0.330
5844.373,ROUNDABOUT_FOLLOW,0.261,1,3.843,0.0000,0.0000,vision,2.671,3.816,0.000,,,roundabout_blue_guard_left,0.0450,0.3000,0,line_too_few_bands,0.0000,0.0000,0.0000,0.0000,0.0000,0,0,0.0000,0,0.0000,0.0000,0.0000,0.0000,0.0000,0.3000,IDLE,1,0,step_done_latches_cleared,0,0,1.000,0,1.1600,1.1600,0.0416,0.7469,1,0.3053,-0.2308,3,5,0.6000,0.5888,0.6765,0.5888,0.0112,本圈台阶完成,1,0.0000,0.150,0.330
5844.498,ROUNDABOUT_FOLLOW,0.386,1,3.843,0.0000,0.0000,vision,2.671,3.816,0.000,,,roundabout_blue_guard_left,0.0450,0.3000,0,line_too_few_bands,0.0000,0.0000,0.0000,0.0000,0.0000,0,0,0.0000,0,0.0000,0.0000,0.0000,0.0000,0.0000,0.3000,IDLE,1,0,step_done_latches_cleared,0,0,2.000,1,1.1500,1.1550,0.0449,0.9022,0,nan,-0.1485,7,5,0.6000,0.5888,0.6765,0.5888,0.0112,本圈台阶完成,1,0.0000,0.150,0.330
5844.620,ROUNDABOUT_FOLLOW,0.508,1,3.843,0.0000,0.0000,vision,2.671,3.816,0.000,,,roundabout_blue_guard_left,0.0450,0.3000,0,line_too_few_bands,0.0000,0.0000,0.0000,0.0000,0.0000,0,0,0.0000,0,0.0000,0.0000,0.0000,0.0000,0.0000,0.3000,IDLE,1,0,step_done_latches_cleared,0,0,3.000,1,1.1500,1.1500,0.0465,0.9255,0,nan,-0.0900,10,5,0.6000,0.5888,0.6765,0.5888,0.0112,本圈台阶完成,1,0.0000,0.150,0.330
5844.754,ROUNDABOUT_FOLLOW,0.642,1,3.843,0.0000,0.0000,vision,2.671,3.816,0.000,,,roundabout_blue_guard_left,0.0450,0.3000,0,line_too_few_bands,0.0000,0.0000,0.0000,0.0000,0.0000,0,0,0.0000,0,0.0000,0.0000,0.0000,0.0000,0.0000,0.3000,IDLE,1,0,step_done_latches_cleared,0,0,4.000,1,1.1400,1.1500,0.0493,0.9623,0,nan,-0.0046,14,5,0.6000,0.5888,0.6765,0.5888,0.0112,本圈台阶完成,1,0.0000,0.150,0.330
5844.884,ROUNDABOUT_FOLLOW,0.772,1,3.843,0.0000,0.0000,vision,2.671,3.816,0.000,,,roundabout_blue_guard_left,0.0450,0.3000,0,line_too_few_bands,0.0000,0.0000,0.0000,0.0000,0.0000,0,0,0.0000,0,0.0000,0.0000,0.0000,0.0000,0.0000,0.3000,IDLE,1,0,step_done_latches_cleared,0,0,5.000,1,1.1300,1.1500,0.0537,0.9216,0,nan,0.0167,17,5,0.6000,0.5888,0.6765,0.5888,0.0112,本圈台阶完成,1,0.0000,0.150,0.330
5845.018,ROUNDABOUT_FOLLOW,0.907,1,3.843,0.0000,0.0000,vision,2.671,3.816,0.000,,,roundabout_blue_guard_left,0.0450,0.3000,0,line_too_few_bands,0.0000,0.0000,0.0000,0.0000,0.0000,0,0,0.0000,0,0.0602,0.0000,0.0000,0.0000,0.0000,0.3000,IDLE,1,0,step_done_latches_cleared,0,0,6.000,1,1.1400,1.1400,0.0535,0.9251,0,nan,0.0038,20,5,0.6000,0.5888,0.6765,0.5888,0.0112,本圈台阶完成,1,0.0000,0.150,0.330
5845.151,ROUNDABOUT_FOLLOW,1.039,1,3.843,0.0000,0.0000,vision,2.671,3.816,0.000,,,roundabout_blue_guard_left,0.0450,0.3000,0,line_too_few_bands,0.0000,0.0000,0.0000,0.0000,0.0000,0,0,0.0000,0,0.0559,0.0000,0.0000,0.0000,0.0000,0.3000,IDLE,1,0,step_done_latches_cleared,0,0,6.000,1,1.1400,1.1400,0.0534,0.9282,0,nan,0.0009,23,5,0.6000,0.5888,0.6765,0.5888,0.0112,本圈台阶完成,1,0.0000,0.150,0.330
5845.279,ROUNDABOUT_FOLLOW,1.167,1,3.843,0.0000,0.0000,vision,2.671,3.816,0.000,,,roundabout_blue_guard_left,0.0450,0.3000,0,line_too_few_bands,0.0000,0.0000,0.0000,0.0000,0.0000,0,0,0.0000,0,0.2278,0.0000,0.0000,0.0000,0.0000,0.3000,IDLE,1,0,step_done_latches_cleared,0,0,6.000,1,1.1300,1.1400,0.0527,0.9376,0,nan,0.0394,27,5,0.6000,0.5888,0.6765,0.5888,0.0112,本圈台阶完成,1,0.0000,0.150,0.330
5845.406,ROUNDABOUT_FOLLOW,1.294,1,3.843,0.0000,0.0000,vision,2.671,3.816,0.000,,,roundabout_blue_guard_left,0.0450,0.3000,0,line_too_few_bands,0.0000,0.0000,0.0000,0.0000,0.0000,0,0,0.0000,1,1.0000,0.0000,0.0000,0.0000,0.0000,0.3000,IDLE,1,0,step_done_latches_cleared,0,0,6.000,1,1.1100,1.1300,0.0551,0.9053,0,nan,0.0713,30,5,0.6000,0.5888,0.6765,0.5888,0.0112,本圈台阶完成,1,0.0000,0.150,0.330
5845.527,ROUNDABOUT_FOLLOW,1.415,1,3.843,0.0000,0.0000,vision,2.671,3.816,0.000,,,roundabout_blue_guard_left,0.0450,0.3000,0,line_too_few_bands,0.0000,0.0000,0.0000,0.0000,0.0000,0,0,0.0000,1,1.0000,0.0000,0.0000,0.0000,0.0000,0.3000,IDLE,1,0,step_done_latches_cleared,0,0,6.000,1,1.0900,1.1300,0.0533,0.9283,0,nan,0.1036,33,5,0.6000,0.5888,0.6765,0.5888,0.0112,本圈台阶完成,1,0.0000,0.150,0.330
5845.666,ROUNDABOUT_FOLLOW,1.554,1,3.843,0.0000,0.0000,vision,2.671,3.816,0.000,,,roundabout_blue_guard_left,0.0450,0.3000,0,line_too_few_bands,0.0000,0.0000,0.0000,0.0000,0.0000,0,0,0.0000,1,1.0000,0.0000,0.0000,0.0000,0.0000,0.3000,IDLE,1,0,step_done_latches_cleared,0,0,6.000,1,1.0800,1.1100,0.0532,0.9306,0,nan,0.1410,36,5,0.6000,0.5888,0.6765,0.5888,0.0112,本圈台阶完成,1,0.0000,0.150,0.330
5845.789,ROUNDABOUT_FOLLOW,1.677,1,3.843,0.0000,0.0000,vision,2.671,3.816,0.000,,,roundabout_blue_guard_left,0.0450,0.3000,0,line_too_few_bands,0.0000,0.0000,0.0000,0.0000,0.0000,0,0,0.0000,1,1.0000,0.0000,0.0000,0.0000,0.0000,0.3000,IDLE,1,0,step_done_latches_cleared,0,0,6.000,1,1.0500,1.0900,0.0528,0.9370,0,nan,0.1747,40,5,0.6000,0.5888,0.6765,0.5888,0.0112,本圈台阶完成,1,0.0000,0.150,0.330
5845.910,ROUNDABOUT_FOLLOW,1.798,1,3.843,0.0000,0.0000,vision,2.671,3.816,0.000,,,roundabout_blue_guard_left,0.0450,0.3000,1,line_hard_turn_centering,-0.6482,-0.6406,-0.7168,-0.7168,0.2606,2,0,0.0000,0,0.4907,0.0762,0.0000,0.0762,-0.6914,0.3000,IDLE,1,0,step_done_latches_cleared,0,0,6.000,1,1.0500,1.0800,0.0526,0.9400,0,nan,0.1924,43,5,0.6000,0.5888,0.6765,0.5888,0.0112,本圈台阶完成,1,0.0000,0.150,0.330
5846.045,ROUNDABOUT_FOLLOW,1.933,1,3.843,0.0000,0.0000,vision,2.671,3.816,0.000,,,roundabout_blue_guard_left,0.0450,0.3000,1,line_center_tracking,-0.3709,-0.3709,-0.3709,-0.3709,0.2375,1,0,0.0000,1,1.0000,0.0000,0.0000,0.0000,-0.3709,0.3000,IDLE,1,0,step_done_latches_cleared,0,0,6.000,1,1.0300,1.0500,0.0515,0.9544,0,nan,0.2206,47,5,0.6000,0.5888,0.6765,0.5888,0.0112,本圈台阶完成,1,0.0000,0.150,0.330
5846.171,ROUNDABOUT_FOLLOW,2.059,1,3.843,0.0000,0.0000,vision,2.671,3.816,0.000,,,roundabout_follow_left_locked,0.0930,0.5761,1,line_center_tracking,-0.5334,-0.4663,-0.7060,-0.7060,0.2893,2,0,0.0000,1,1.0000,0.2397,0.0000,0.2397,-0.6261,0.5761,IDLE,1,0,step_done_latches_cleared,0,0,6.000,1,1.0600,1.0500,0.0539,0.9223,0,nan,0.2673,51,5,0.6000,0.5888,0.6765,0.5888,0.0112,本圈台阶完成,1,0.0000,0.150,0.330
5846.300,ROUNDABOUT_FOLLOW,2.188,1,3.843,0.0000,0.0000,vision,2.671,3.816,0.000,,,roundabout_blue_guard_left,0.0450,0.3000,1,line_center_tracking,-0.5024,-0.3883,-0.7959,-0.7959,0.4182,3,0,0.0000,1,1.0000,0.4076,0.0000,0.4076,-0.6601,0.3000,IDLE,1,0,step_done_latches_cleared,0,0,6.000,1,1.1100,1.0500,0.0547,0.9103,0,nan,0.3263,54,5,0.6000,0.5888,0.6765,0.5888,0.0112,本圈台阶完成,1,0.0000,0.150,0.330
5846.434,ROUNDABOUT_FOLLOW,2.322,1,3.843,0.0000,0.0000,vision,2.671,3.816,0.000,,,roundabout_blind_arc_recovery,0.0957,0.1600,0,line_too_few_bands,0.0000,0.0000,0.0000,0.0000,0.0000,0,0,0.0000,1,1.0000,0.0000,0.0000,0.0000,0.0000,0.1600,IDLE,1,0,step_done_latches_cleared,0,0,6.000,1,1.1350,1.0600,0.0550,0.9069,0,nan,0.3778,59,5,0.6000,0.5888,0.6765,0.5888,0.0112,本圈台阶完成,1,0.0000,0.150,0.330
5846.560,ROUNDABOUT_FOLLOW,2.448,1,3.843,0.0000,0.0000,vision,2.671,3.816,0.000,,,roundabout_follow_left_locked,0.1050,0.4736,1,line_hard_turn_centering,-0.6164,-0.6164,-0.6164,-0.6164,0.2375,1,0,0.0000,1,1.0000,0.0000,0.0000,0.0000,-0.6164,0.4736,IDLE,1,0,step_done_latches_cleared,0,0,5.400,1,1.2400,1.0600,0.0559,0.8941,0,nan,0.3998,63,5,0.6000,0.5888,0.6765,0.5888,0.0112,本圈台阶完成,1,0.0000,0.150,0.330
5846.716,ROUNDABOUT_FOLLOW,2.604,1,3.843,0.0000,0.0000,vision,2.671,3.816,0.000,,,roundabout_follow_left_locked,0.1050,0.5600,1,line_hard_turn_centering,-0.6282,-0.6282,-0.6282,-0.6282,0.2375,1,0,0.0000,1,1.0000,0.0000,0.0000,0.0000,-0.6282,0.5600,IDLE,1,0,step_done_latches_cleared,0,0,4.800,1,1.2600,1.0850,0.0570,0.8785,0,nan,0.4438,69,5,0.6000,0.5888,0.6765,0.5888,0.0112,本圈台阶完成,1,0.0000,0.150,0.330
5846.844,ROUNDABOUT_FOLLOW,2.732,1,3.843,0.0000,0.0000,vision,2.671,3.816,0.000,,,roundabout_blind_arc_recovery,0.1000,0.2410,0,line_too_few_bands,0.0000,0.0000,0.0000,0.0000,0.0000,0,0,0.0000,1,1.0000,0.0000,0.0000,0.0000,0.0000,0.2410,IDLE,1,0,step_done_latches_cleared,0,0,4.200,0,nan,1.0850,nan,0.0000,0,nan,nan,0,5,0.6000,0.5888,0.6765,0.5888,0.0112,本圈台阶完成,1,0.0000,0.150,0.330
5846.968,ROUNDABOUT_FOLLOW,2.856,1,3.843,0.0000,0.0000,vision,2.671,3.816,0.000,,,roundabout_blind_arc_recovery,0.1000,0.1600,0,line_too_few_bands,0.0000,0.0000,0.0000,0.0000,0.0000,0,0,0.0000,0,0.3309,0.0000,0.0000,0.0000,0.0000,0.1600,IDLE,1,0,step_done_latches_cleared,0,0,3.600,0,nan,1.1100,nan,0.0000,0,nan,nan,0,5,0.6000,0.5888,0.6765,0.5888,0.0112,本圈台阶完成,1,0.0000,0.150,0.330
5847.095,ROUNDABOUT_FOLLOW,2.983,1,3.843,0.0000,0.0000,vision,2.671,3.816,0.000,,,roundabout_blind_arc_recovery,0.1000,0.1600,0,line_too_few_bands,0.0000,0.0000,0.0000,0.0000,0.0000,0,0,0.0000,0,0.1633,0.0000,0.0000,0.0000,0.0000,0.1600,IDLE,1,0,step_done_latches_cleared,0,0,3.000,0,nan,1.1225,nan,0.0000,0,nan,nan,0,5,0.6000,0.5888,0.6765,0.5888,0.0112,本圈台阶完成,1,0.0000,0.150,0.330
5847.216,ROUNDABOUT_FOLLOW,3.104,1,3.843,0.0000,0.0000,vision,2.671,3.816,0.000,,,roundabout_blind_arc_recovery,0.1000,0.1600,0,line_too_few_bands,0.0000,0.0000,0.0000,0.0000,0.0000,0,0,0.0000,0,0.2664,0.0000,0.0000,0.0000,0.0000,0.1600,IDLE,1,0,step_done_latches_cleared,0,0,2.400,0,nan,1.1350,nan,0.0000,0,nan,nan,0,5,0.6000,0.5888,0.6765,0.5888,0.0112,本圈台阶完成,1,0.0000,0.150,0.330
5847.345,ROUNDABOUT_FOLLOW,3.233,1,3.843,0.2000,0.0000,vision,2.671,3.816,0.000,,,roundabout_blind_arc_recovery,0.1000,0.1600,0,line_too_few_bands,0.0000,0.0000,0.0000,0.0000,0.0000,0,0,0.0000,0,0.0387,0.0000,0.0000,0.0000,0.0000,0.1600,IDLE,1,0,step_done_latches_cleared,0,0,1.800,0,nan,nan,nan,0.0000,0,nan,nan,0,5,0.6000,0.5888,0.6765,0.5888,0.0112,本圈台阶完成,1,0.0000,0.150,0.330
5847.472,ROUNDABOUT_FOLLOW,3.360,1,3.843,0.0000,0.0000,vision,2.671,3.816,0.000,,,roundabout_blind_arc_recovery,0.1000,0.1600,0,line_too_few_bands,0.0000,0.0000,0.0000,0.0000,0.0000,0,0,0.0000,0,0.0473,0.0000,0.0000,0.0000,0.0000,0.1600,IDLE,1,0,step_done_latches_cleared,0,0,1.200,0,nan,nan,nan,0.0000,0,nan,nan,0,5,0.6000,0.5888,0.6765,0.5888,0.0112,本圈台阶完成,1,0.0000,0.150,0.330
5847.600,ROUNDABOUT_FOLLOW,3.488,1,3.843,0.0000,0.0000,vision,2.671,3.816,0.000,,,roundabout_blind_arc_recovery,0.1000,0.1600,0,line_too_few_bands,0.0000,0.0000,0.0000,0.0000,0.0000,0,0,0.0000,0,0.0430,0.0000,0.0000,0.0000,0.0000,0.1600,IDLE,1,0,step_done_latches_cleared,0,0,0.600,0,nan,nan,nan,0.0000,0,nan,nan,0,5,0.6000,0.5888,0.6765,0.5888,0.0112,本圈台阶完成,1,0.0000,0.150,0.330
5847.745,ROUNDABOUT_FOLLOW,3.633,1,3.843,0.0000,0.0000,vision,2.671,3.816,0.000,,,roundabout_blind_arc_recovery,0.1000,0.1600,0,line_too_few_bands,0.0000,0.0000,0.0000,0.0000,0.0000,0,0,0.0000,0,0.0086,0.0000,0.0000,0.0000,0.0000,0.1600,IDLE,1,0,step_done_latches_cleared,0,0,0.000,0,nan,nan,nan,0.0000,0,nan,nan,0,5,0.6000,0.5888,0.6765,0.5888,0.0112,本圈台阶完成,1,0.0000,0.150,0.330
5847.868,ROUNDABOUT_FOLLOW,3.756,1,3.843,0.0000,0.0000,vision,2.671,3.816,0.000,,,roundabout_blind_arc_recovery,0.1000,0.1600,0,line_too_few_bands,0.0000,0.0000,0.0000,0.0000,0.0000,0,0,0.0000,0,0.0086,0.0000,0.0000,0.0000,0.0000,0.1600,IDLE,1,0,step_done_latches_cleared,0,0,0.000,0,nan,nan,nan,0.0000,0,nan,nan,0,5,0.6000,0.5888,0.6765,0.5888,0.0112,本圈台阶完成,1,0.0000,0.150,0.330
5847.999,ROUNDABOUT_FOLLOW,3.887,1,3.843,0.0000,0.0000,vision,2.671,3.816,0.000,,,roundabout_blind_arc_recovery,0.1000,0.1600,0,line_too_few_bands,0.0000,0.0000,0.0000,0.0000,0.0000,0,0,0.0000,0,0.0086,0.0000,0.0000,0.0000,0.0000,0.1600,IDLE,1,0,step_done_latches_cleared,0,0,0.000,0,nan,nan,nan,0.0000,0,nan,nan,0,5,0.6000,0.5888,0.6765,0.5888,0.0112,本圈台阶完成,1,0.0000,0.150,0.330
5848.121,ROUNDABOUT_FOLLOW,4.009,1,3.843,0.0000,0.0000,vision,2.671,3.816,0.000,,,roundabout_blind_arc_recovery,0.1000,0.1600,0,line_too_few_bands,0.0000,0.0000,0.0000,0.0000,0.0000,0,0,0.0000,0,0.0086,0.0000,0.0000,0.0000,0.0000,0.1600,IDLE,1,0,step_done_latches_cleared,0,0,0.000,0,nan,nan,nan,0.0000,0,nan,nan,0,5,0.6000,0.5888,0.6765,0.5888,0.0112,本圈台阶完成,1,0.0000,0.150,0.330
5848.242,ROUNDABOUT_FOLLOW,4.130,1,3.843,0.0000,0.0000,vision,2.671,3.816,0.000,,,roundabout_follow_left_locked,0.1000,0.4632,1,line_center_tracking,-0.4584,-0.4584,-0.4584,-0.4584,0.2375,1,0,0.0000,0,0.0086,0.0000,0.0000,0.0000,-0.4584,0.4632,IDLE,1,0,step_done_latches_cleared,0,0,0.000,0,nan,nan,nan,0.0000,0,nan,nan,0,5,0.6000,0.5888,0.6765,0.5888,0.0112,本圈台阶完成,1,0.0000,0.150,0.330
5848.371,ROUNDABOUT_FOLLOW,4.259,1,3.843,0.0000,0.0000,vision,2.671,3.816,0.000,,,roundabout_blind_arc_recovery,0.1000,0.1600,0,line_too_few_bands,0.0000,0.0000,0.0000,0.0000,0.0000,0,0,0.0000,0,0.0000,0.0000,0.0000,0.0000,0.0000,0.1600,IDLE,1,0,step_done_latches_cleared,0,0,0.000,0,nan,nan,nan,0.0000,0,nan,nan,0,5,0.6000,0.5888,0.6765,0.5888,0.0112,本圈台阶完成,1,0.0000,0.150,0.330
5848.505,ROUNDABOUT_FOLLOW,4.393,1,3.843,0.0000,0.0000,vision,2.671,3.816,0.000,,,roundabout_follow_left_locked,0.1050,0.4933,1,line_hard_turn_centering,-0.5202,-0.5202,-0.5202,-0.5202,0.2375,1,0,0.0000,0,0.0043,0.0000,0.0000,0.0000,-0.5202,0.4933,IDLE,1,0,step_done_latches_cleared,0,0,0.000,0,nan,nan,nan,0.0000,0,nan,nan,0,5,0.6000,0.5888,0.6765,0.5888,0.0112,本圈台阶完成,1,0.0000,0.150,0.330
5848.635,ROUNDABOUT_FOLLOW,4.523,1,3.843,0.2000,0.0000,vision,2.671,3.816,0.000,,,roundabout_blind_arc_recovery,0.1000,0.1666,0,line_too_few_bands,0.0000,0.0000,0.0000,0.0000,0.0000,0,0,0.0000,0,0.0000,0.0000,0.0000,0.0000,0.0000,0.1666,IDLE,1,0,step_done_latches_cleared,0,0,0.000,0,nan,nan,nan,0.0000,0,nan,nan,0,5,0.6000,0.5888,0.6765,0.5888,0.0112,本圈台阶完成,1,0.0000,0.150,0.330
5848.760,ROUNDABOUT_FOLLOW,4.648,1,3.843,0.2000,0.0000,vision,2.671,3.816,0.000,,,roundabout_follow_left_locked,0.1050,0.4775,1,line_hard_turn_centering,-0.6053,-0.5970,-0.6806,-0.7224,0.3966,2,0,0.0000,0,0.0000,0.0836,0.0418,0.1254,-0.6666,0.4775,IDLE,1,0,step_done_latches_cleared,0,0,0.000,0,nan,nan,nan,0.0000,0,nan,nan,0,5,0.6000,0.5888,0.6765,0.5888,0.0112,本圈台阶完成,1,0.0000,0.150,0.330
5848.888,ROUNDABOUT_FOLLOW,4.776,1,3.843,0.2000,0.0000,vision,2.671,3.816,0.000,,,roundabout_follow_left_locked,0.1043,0.5665,1,line_center_tracking,-0.4884,-0.4884,-0.4884,-0.4884,0.2375,1,0,0.0000,0,0.0043,0.0000,0.0000,0.0000,-0.4884,0.5665,IDLE,1,0,step_done_latches_cleared,0,0,0.000,0,nan,nan,nan,0.0000,0,nan,nan,0,5,0.6000,0.5888,0.6765,0.5888,0.0112,本圈台阶完成,1,0.0000,0.150,0.330
5849.014,ROUNDABOUT_FOLLOW,4.902,1,3.843,0.2000,0.0000,vision,2.671,3.816,0.000,,,roundabout_blind_arc_recovery,0.1000,0.2521,0,line_too_few_bands,0.0000,0.0000,0.0000,0.0000,0.0000,0,0,0.0000,0,0.0000,0.0000,0.0000,0.0000,0.0000,0.2521,IDLE,1,0,step_done_latches_cleared,0,0,0.000,0,nan,nan,nan,0.0000,0,nan,nan,0,5,0.6000,0.5888,0.6765,0.5888,0.0112,本圈台阶完成,1,0.0000,0.150,0.330
5849.140,ROUNDABOUT_FOLLOW,5.028,1,3.843,0.2000,0.0000,vision,2.671,3.816,0.000,,,roundabout_blind_arc_recovery,0.1000,0.1600,0,line_too_few_bands,0.0000,0.0000,0.0000,0.0000,0.0000,0,0,0.0000,0,0.0000,0.0000,0.0000,0.0000,0.0000,0.1600,IDLE,1,0,step_done_latches_cleared,0,0,0.000,0,nan,nan,nan,0.0000,0,nan,nan,0,5,0.6000,0.5888,0.6765,0.5888,0.0112,本圈台阶完成,1,0.0000,0.150,0.330
5849.271,ROUNDABOUT_FOLLOW,5.159,1,3.843,0.2000,0.0000,vision,2.671,3.816,0.000,,,roundabout_follow_left_locked,0.1061,0.4883,1,line_center_tracking,-0.5072,-0.5072,-0.5072,-0.5072,0.2375,1,0,0.0000,0,0.0000,0.0000,0.0000,0.0000,-0.5072,0.4883,IDLE,1,0,step_done_latches_cleared,0,0,0.000,0,nan,nan,nan,0.0000,0,nan,nan,0,5,0.6000,0.5888,0.6765,0.5888,0.0112,本圈台阶完成,1,0.0000,0.150,0.330
5849.412,ROUNDABOUT_FOLLOW,5.300,1,3.843,0.4000,0.0000,vision,2.671,3.816,0.000,,,roundabout_follow_left_locked,0.1088,0.5492,1,line_center_tracking,-0.4996,-0.4996,-0.4996,-0.4996,0.2375,1,0,0.0000,0,0.0000,0.0000,0.0000,0.0000,-0.4996,0.5492,IDLE,1,0,step_done_latches_cleared,0,0,0.000,0,nan,nan,nan,0.0000,0,nan,nan,0,5,0.6000,0.5888,0.6765,0.5888,0.0112,本圈台阶完成,1,0.0000,0.150,0.330
5849.548,ROUNDABOUT_FOLLOW,5.436,1,3.843,0.2000,0.0000,vision,2.671,3.816,0.000,,,roundabout_follow_left_locked,0.1133,0.5314,1,line_center_tracking,-0.4771,-0.4771,-0.4771,-0.4771,0.2375,1,0,0.0000,0,0.0000,0.0000,0.0000,0.0000,-0.4771,0.5314,IDLE,1,0,step_done_latches_cleared,0,0,0.000,0,nan,nan,nan,0.0000,0,nan,nan,0,5,0.6000,0.5888,0.6765,0.5888,0.0112,本圈台阶完成,1,0.0000,0.150,0.330
5849.679,ROUNDABOUT_FOLLOW,5.567,1,3.843,0.4000,0.0000,vision,2.671,3.816,0.000,,,roundabout_blind_arc_recovery,0.1000,0.2039,0,line_too_few_bands,0.0000,0.0000,0.0000,0.0000,0.0000,0,0,0.0000,0,0.0000,0.0000,0.0000,0.0000,0.0000,0.2039,IDLE,1,0,step_done_latches_cleared,0,0,0.000,0,nan,nan,nan,0.0000,0,nan,nan,0,5,0.6000,0.5888,0.6765,0.5888,0.0112,本圈台阶完成,1,0.0000,0.150,0.330
5849.816,ROUNDABOUT_FOLLOW,5.704,1,3.843,0.4000,0.0000,vision,2.671,3.816,0.000,,,roundabout_blind_arc_recovery,0.1000,0.1600,0,line_too_few_bands,0.0000,0.0000,0.0000,0.0000,0.0000,0,0,0.0000,0,0.0000,0.0000,0.0000,0.0000,0.0000,0.1600,IDLE,1,0,step_done_latches_cleared,0,0,0.000,0,nan,nan,nan,0.0000,0,nan,nan,0,5,0.6000,0.5888,0.6765,0.5888,0.0112,本圈台阶完成,1,0.0000,0.150,0.330
5849.943,ROUNDABOUT_FOLLOW,5.831,1,3.843,0.4000,0.0000,vision,2.671,3.816,0.000,,,roundabout_blind_arc_recovery,0.1000,0.1600,0,line_too_few_bands,0.0000,0.0000,0.0000,0.0000,0.0000,0,0,0.0000,0,0.0000,0.0000,0.0000,0.0000,0.0000,0.1600,IDLE,1,0,step_done_latches_cleared,0,0,0.000,0,nan,nan,nan,0.0000,0,nan,nan,0,5,0.6000,0.5888,0.6765,0.5888,0.0112,本圈台阶完成,1,0.0000,0.150,0.330
5850.069,ROUNDABOUT_FOLLOW,5.957,1,3.843,0.4000,0.0000,vision,2.671,3.816,0.000,,,roundabout_blind_arc_recovery,0.1000,0.1600,0,line_too_few_bands,0.0000,0.0000,0.0000,0.0000,0.0000,0,0,0.0000,0,0.0000,0.0000,0.0000,0.0000,0.0000,0.1600,IDLE,1,0,step_done_latches_cleared,0,0,0.000,0,nan,nan,nan,0.0000,0,nan,nan,0,5,0.6000,0.5888,0.6765,0.5888,0.0112,本圈台阶完成,1,0.0000,0.150,0.330
5850.198,ROUNDABOUT_FOLLOW,6.086,1,3.843,0.4000,0.0000,vision,2.671,3.816,0.000,,,roundabout_follow_left_locked,0.1196,0.4836,1,line_center_tracking,-0.4444,-0.4444,-0.4444,-0.4444,0.2375,1,0,0.0000,0,0.0000,0.0000,0.0000,0.0000,-0.4444,0.4836,IDLE,1,0,step_done_latches_cleared,0,0,0.000,0,nan,nan,nan,0.0000,0,nan,nan,0,5,0.6000,0.5888,0.6765,0.5888,0.0112,本圈台阶完成,1,0.0000,0.150,0.330
5850.330,ROUNDABOUT_FOLLOW,6.218,1,3.843,0.4000,0.0000,vision,2.671,3.816,0.000,,,roundabout_follow_left_locked,0.1281,0.4742,1,line_center_tracking,-0.4125,-0.4125,-0.4125,-0.4125,0.2375,1,0,0.0000,0,0.0000,0.0000,0.0000,0.0000,-0.4125,0.4742,IDLE,1,0,step_done_latches_cleared,0,0,0.000,0,nan,nan,nan,0.0000,0,nan,nan,0,5,0.6000,0.5888,0.6765,0.5888,0.0112,本圈台阶完成,1,0.0000,0.150,0.330
5850.463,ROUNDABOUT_FOLLOW,6.351,1,3.843,0.4000,0.0000,vision,2.671,3.816,0.000,,,roundabout_follow_left_locked,0.1405,0.4257,1,line_center_tracking,-0.3530,-0.3530,-0.3530,-0.3530,0.2375,1,0,0.0000,0,0.0000,0.0000,0.0000,0.0000,-0.3530,0.4257,IDLE,1,0,step_done_latches_cleared,0,0,0.000,0,nan,nan,nan,0.0000,0,nan,nan,0,5,0.6000,0.5888,0.6765,0.5888,0.0112,本圈台阶完成,1,0.0000,0.150,0.330
5850.593,ROUNDABOUT_FOLLOW,6.481,1,3.843,0.4000,0.0000,vision,2.671,3.816,0.000,,,roundabout_follow_left_locked,0.1448,0.4092,1,line_center_tracking,-0.3614,-0.2918,-0.5402,-0.6644,0.2422,2,0,0.0000,0,0.0000,0.2483,0.1242,0.3725,-0.4988,0.4092,IDLE,1,0,step_done_latches_cleared,0,0,0.000,0,nan,nan,nan,0.0000,0,nan,nan,0,5,0.6000,0.5888,0.6765,0.5888,0.0112,本圈台阶完成,1,0.0000,0.150,0.330
5850.725,ROUNDABOUT_FOLLOW,6.613,1,3.843,0.4000,0.0000,vision,2.671,3.816,0.000,,,roundabout_follow_left_locked,0.1705,0.3091,1,line_center_tracking,-0.2054,-0.2054,-0.2054,-0.2054,0.2375,1,0,0.0000,0,0.0000,0.0000,0.0000,0.0000,-0.2054,0.3091,IDLE,1,0,step_done_latches_cleared,0,0,0.000,0,nan,nan,nan,0.0000,0,nan,nan,0,5,0.6000,0.5888,0.6765,0.5888,0.0112,本圈台阶完成,1,0.0000,0.150,0.330
5850.859,ROUNDABOUT_FOLLOW,6.747,1,3.843,0.4000,0.0000,vision,2.671,3.816,0.000,,,roundabout_follow_left_locked,0.1826,0.2620,1,line_center_tracking,-0.1963,-0.1236,-0.3831,-0.5128,0.2318,2,0,0.0000,0,0.0000,0.2595,0.1297,0.3892,-0.3398,0.2620,IDLE,1,0,step_done_latches_cleared,0,0,0.000,0,nan,nan,nan,0.0000,0,nan,nan,0,5,0.6000,0.5888,0.6765,0.5888,0.0112,本圈台阶完成,1,0.0000,0.150,0.330
5850.993,ROUNDABOUT_FOLLOW,6.881,1,3.843,0.4000,0.0000,vision,2.671,3.816,0.000,,,roundabout_follow_left_locked,0.2226,0.1067,1,line_center_tracking,0.0291,0.0104,0.0774,0.2115,0.3798,2,0,0.0000,0,0.0000,0.0671,0.1341,0.2012,0.0998,0.1067,IDLE,1,0,step_done_latches_cleared,0,0,0.000,0,nan,nan,nan,0.0000,0,nan,nan,0,5,0.6000,0.5888,0.6765,0.5888,0.0112,本圈台阶完成,1,0.0000,0.150,0.330
5851.131,ROUNDABOUT_FOLLOW,7.020,1,3.843,0.4000,0.0000,vision,2.671,3.816,0.000,,,roundabout_follow_left_locked,0.1986,0.0167,1,line_recenter_transition,0.0703,0.0763,-0.2242,-0.3744,0.1933,2,0,0.0000,0,0.0000,0.3005,0.1502,0.4507,-0.1741,0.0167,IDLE,1,0,step_done_latches_cleared,0,0,0.000,0,nan,nan,nan,0.0000,0,nan,nan,0,5,0.6000,0.5888,0.6765,0.5888,0.0112,本圈台阶完成,1,0.0000,0.150,0.330
5851.260,ROUNDABOUT_FOLLOW,7.148,1,3.843,0.4000,0.0000,vision,2.671,3.816,0.000,,,roundabout_follow_left_locked,0.2041,-0.0400,1,line_recenter_transition,0.1105,0.1158,-0.1529,-0.2872,0.2231,2,0,0.0000,0,0.0000,0.2687,0.1344,0.4031,-0.1081,-0.0400,IDLE,1,0,step_done_latches_cleared,0,0,0.000,0,nan,nan,nan,0.0000,0,nan,nan,0,5,0.6000,0.5888,0.6765,0.5888,0.0112,本圈台阶完成,1,0.0000,0.150,0.330
5851.389,ROUNDABOUT_FOLLOW,7.277,1,3.843,0.4000,0.0000,vision,2.671,3.816,0.000,,,roundabout_blind_arc_recovery,0.1551,0.1600,0,line_too_few_bands,0.0000,0.0000,0.0000,0.0000,0.0000,0,0,0.0000,0,0.0000,0.0000,0.0000,0.0000,0.0000,0.1600,IDLE,1,0,step_done_latches_cleared,0,0,0.000,0,nan,nan,nan,0.0000,0,nan,nan,0,5,0.6000,0.5888,0.6765,0.5888,0.0112,本圈台阶完成,1,0.0000,0.150,0.330
5851.517,ROUNDABOUT_FOLLOW,7.405,1,3.843,0.4000,0.0000,vision,2.671,3.816,0.000,,,roundabout_blind_arc_recovery,0.1064,0.1600,0,line_too_few_bands,0.0000,0.0000,0.0000,0.0000,0.0000,0,0,0.0000,0,0.0000,0.0000,0.0000,0.0000,0.0000,0.1600,IDLE,1,0,step_done_latches_cleared,0,0,0.000,0,nan,nan,nan,0.0000,0,nan,nan,0,5,0.6000,0.5888,0.6765,0.5888,0.0112,本圈台阶完成,1,0.0000,0.150,0.330
5851.655,ROUNDABOUT_FOLLOW,7.543,1,3.843,0.4000,0.0000,vision,2.671,3.816,0.000,,,roundabout_follow_left_locked,0.1570,0.0316,1,line_center_tracking,-0.0978,-0.0225,-0.2913,-0.4256,0.2231,2,0,0.0000,0,0.0000,0.2687,0.1344,0.4031,-0.2465,0.0316,IDLE,1,0,step_done_latches_cleared,0,0,0.000,0,nan,nan,nan,0.0000,0,nan,nan,0,5,0.6000,0.5888,0.6765,0.5888,0.0112,本圈台阶完成,1,0.0000,0.150,0.330
5851.785,ROUNDABOUT_FOLLOW,7.673,1,3.843,0.4000,0.0000,vision,2.671,3.816,0.000,,,roundabout_follow_left_locked,0.2065,0.0873,1,line_center_tracking,-0.1270,-0.0782,-0.2524,-0.3395,0.3116,2,0,0.0000,0,0.0000,0.1742,0.0871,0.2614,-0.2234,0.0873,IDLE,1,0,step_done_latches_cleared,0,0,0.000,0,nan,nan,nan,0.0000,0,nan,nan,0,5,0.6000,0.5888,0.6765,0.5888,0.0112,本圈台阶完成,1,0.0000,0.150,0.330
5851.926,ROUNDABOUT_FOLLOW,7.814,1,3.843,0.4000,0.0000,vision,2.671,3.816,0.000,,,roundabout_blind_arc_recovery,0.1558,0.1600,0,line_too_few_bands,0.0000,0.0000,0.0000,0.0000,0.0000,0,0,0.0000,0,0.0000,0.0000,0.0000,0.0000,0.0000,0.1600,IDLE,1,0,step_done_latches_cleared,0,0,0.000,0,nan,nan,nan,0.0000,0,nan,nan,0,5,0.6000,0.5888,0.6765,0.5888,0.0112,本圈台阶完成,1,0.0000,0.150,0.330
5852.048,ROUNDABOUT_FOLLOW,7.936,1,3.843,0.4000,0.0000,vision,2.671,3.816,0.000,,,roundabout_follow_left_locked,0.2024,0.1405,1,line_center_tracking,-0.1831,-0.1831,-0.1831,-0.1831,0.2375,1,0,0.4117,0,0.0043,0.0000,0.0000,0.0000,-0.1831,0.1405,IDLE,1,0,step_done_latches_cleared,0,0,0.000,0,nan,nan,nan,0.0000,0,nan,nan,0,5,0.6000,0.5888,0.6765,0.5888,0.0112,本圈台阶完成,1,0.0000,0.150,0.330
5852.183,ROUNDABOUT_FOLLOW,8.071,1,3.843,0.4000,0.0000,vision,2.671,3.816,0.000,,,roundabout_follow_left_locked,0.2015,0.1885,1,line_center_tracking,-0.2153,-0.2153,-0.2153,-0.2153,0.2375,1,0,0.0000,0,0.0000,0.0000,0.0000,0.0000,-0.2153,0.1885,IDLE,1,0,step_done_latches_cleared,0,0,0.000,0,nan,nan,nan,0.0000,0,nan,nan,0,5,0.6000,0.5888,0.6765,0.5888,0.0112,本圈台阶完成,1,0.0000,0.150,0.330
5852.318,ROUNDABOUT_FOLLOW,8.206,1,3.843,0.2000,0.0000,vision,2.671,3.816,0.000,,,roundabout_blind_arc_recovery,0.1509,0.1600,0,line_too_few_bands,0.0000,0.0000,0.0000,0.0000,0.0000,0,0,0.0000,0,0.0000,0.0000,0.0000,0.0000,0.0000,0.1600,IDLE,1,0,step_done_latches_cleared,0,0,0.000,0,nan,nan,nan,0.0000,0,nan,nan,0,5,0.6000,0.5888,0.6765,0.5888,0.0112,本圈台阶完成,1,0.0000,0.150,0.330
5852.444,ROUNDABOUT_FOLLOW,8.333,1,3.843,0.0000,0.0000,vision,2.671,3.816,0.000,,,roundabout_follow_left_locked,0.1988,0.1171,1,line_center_tracking,-0.0502,-0.0502,-0.0502,-0.0502,0.2375,1,0,0.0000,0,0.0000,0.0000,0.0000,0.0000,-0.0502,0.1171,IDLE,1,0,step_done_latches_cleared,0,0,0.000,0,nan,nan,nan,0.0000,0,nan,nan,0,5,0.6000,0.5888,0.6765,0.5888,0.0112,本圈台阶完成,1,0.0000,0.150,0.330
5852.575,ROUNDABOUT_FOLLOW,8.463,1,3.843,0.0000,0.0000,vision,2.671,3.816,0.000,,,roundabout_follow_left_locked,0.2332,0.0654,1,line_center_tracking,-0.0168,-0.0168,-0.0168,-0.0168,0.2375,1,0,0.0000,0,0.0000,0.0000,0.0000,0.0000,-0.0168,0.0654,IDLE,1,0,step_done_latches_cleared,0,0,0.000,0,nan,nan,nan,0.0000,0,nan,nan,0,5,0.6000,0.5888,0.6765,0.5888,0.0112,本圈台阶完成,1,0.0000,0.150,0.330
5852.705,ROUNDABOUT_FOLLOW,8.593,1,3.843,0.0000,0.0000,vision,2.671,3.816,0.000,,,roundabout_follow_left_locked,0.2084,0.1579,1,line_center_tracking,-0.2139,-0.2139,-0.2139,-0.2139,0.2375,1,0,0.0000,0,0.0000,0.0000,0.0000,0.0000,-0.2139,0.1579,IDLE,1,0,step_done_latches_cleared,0,0,0.000,0,nan,nan,nan,0.0000,0,nan,nan,0,5,0.6000,0.5888,0.6765,0.5888,0.0112,本圈台阶完成,1,0.0000,0.150,0.330
5852.831,ROUNDABOUT_FOLLOW,8.719,1,3.843,0.0000,0.0000,vision,2.671,3.816,0.000,,,roundabout_follow_left_locked,0.2099,0.1558,1,line_center_tracking,-0.1501,-0.1501,-0.1501,-0.1501,0.2375,1,0,0.0000,0,0.0000,0.0000,0.0000,0.0000,-0.1501,0.1558,IDLE,1,0,step_done_latches_cleared,0,0,0.000,0,nan,nan,nan,0.0000,0,nan,nan,0,5,0.6000,0.5888,0.6765,0.5888,0.0112,本圈台阶完成,1,0.0000,0.150,0.330
5852.954,ROUNDABOUT_FOLLOW,8.842,1,3.843,0.0000,0.0000,vision,2.671,3.816,0.000,,,roundabout_blind_arc_recovery,0.1632,0.1600,0,line_too_few_bands,0.0000,0.0000,0.0000,0.0000,0.0000,0,0,0.0000,0,0.0086,0.0000,0.0000,0.0000,0.0000,0.1600,IDLE,1,0,step_done_latches_cleared,0,0,0.000,0,nan,nan,nan,0.0000,0,nan,nan,0,5,0.6000,0.5888,0.6765,0.5888,0.0112,本圈台阶完成,1,0.0000,0.150,0.330
5853.086,ROUNDABOUT_FOLLOW,8.975,1,3.843,0.0000,0.0000,vision,2.671,3.816,0.000,,,roundabout_blind_arc_recovery,0.1129,0.1600,0,line_too_few_bands,0.0000,0.0000,0.0000,0.0000,0.0000,0,0,0.0000,0,0.3438,0.0000,0.0000,0.0000,0.0000,0.1600,IDLE,1,0,step_done_latches_cleared,0,0,0.000,0,nan,nan,nan,0.0000,0,nan,nan,0,5,0.6000,0.5888,0.6765,0.5888,0.0112,本圈台阶完成,1,0.0000,0.150,0.330
5853.211,ROUNDABOUT_FOLLOW,9.099,1,3.843,0.0000,0.0000,vision,2.671,3.816,0.000,,,roundabout_blind_arc_recovery,0.1000,0.1600,0,line_too_few_bands,0.0000,0.0000,0.0000,0.0000,0.0000,0,0,0.0000,0,0.4743,0.0000,0.0000,0.0000,0.0000,0.1600,IDLE,1,0,step_done_latches_cleared,0,0,0.000,0,nan,nan,nan,0.0000,0,nan,nan,0,5,0.6000,0.5888,0.6765,0.5888,0.0112,本圈台阶完成,1,0.0000,0.150,0.330
5853.343,ROUNDABOUT_FOLLOW,9.231,1,3.843,0.0000,0.0000,vision,2.671,3.816,0.000,,,roundabout_blue_guard_left,0.0499,0.3000,0,line_too_few_bands,0.0000,0.0000,0.0000,0.0000,0.0000,0,0,0.0000,1,1.0000,0.0000,0.0000,0.0000,0.0000,0.3000,IDLE,1,0,step_done_latches_cleared,0,0,0.000,0,nan,nan,nan,0.0000,0,nan,nan,0,5,0.6000,0.5888,0.6765,0.5888,0.0112,本圈台阶完成,1,0.0000,0.150,0.330
5853.467,ROUNDABOUT_FOLLOW,9.355,1,3.843,0.0000,0.0000,vision,2.671,3.816,0.000,,,roundabout_blue_guard_left,0.0450,0.3000,0,line_too_few_bands,0.0000,0.0000,0.0000,0.0000,0.0000,0,0,0.0000,1,1.0000,0.0000,0.0000,0.0000,0.0000,0.3000,IDLE,1,0,step_done_latches_cleared,0,0,0.000,0,nan,nan,nan,0.0000,0,nan,nan,0,5,0.6000,0.5888,0.6765,0.5888,0.0112,本圈台阶完成,1,0.0000,0.150,0.330
5853.590,ROUNDABOUT_FOLLOW,9.478,1,3.843,0.0000,0.0000,vision,2.671,3.816,0.000,,,roundabout_blue_guard_left,0.0450,0.3000,0,line_too_few_bands,0.0000,0.0000,0.0000,0.0000,0.0000,0,0,0.0000,1,1.0000,0.0000,0.0000,0.0000,0.0000,0.3000,IDLE,1,0,step_done_latches_cleared,0,0,0.000,0,nan,nan,nan,0.0000,0,nan,nan,0,5,0.6000,0.5888,0.6765,0.5888,0.0112,本圈台阶完成,1,0.0000,0.150,0.330
5853.719,ROUNDABOUT_FOLLOW,9.607,1,3.843,0.0000,0.0000,vision,2.671,3.816,0.000,,,roundabout_blue_guard_left,0.0450,0.3000,0,line_too_few_bands,0.0000,0.0000,0.0000,0.0000,0.0000,0,0,0.0000,1,0.9274,0.0000,0.0000,0.0000,0.0000,0.3000,IDLE,1,0,step_done_latches_cleared,0,0,0.000,0,nan,nan,nan,0.0000,0,nan,nan,0,5,0.6000,0.5888,0.6765,0.5888,0.0112,本圈台阶完成,1,0.0000,0.150,0.330
5853.847,ROUNDABOUT_FOLLOW,9.735,1,3.843,0.0000,0.0000,vision,2.671,3.816,0.000,,,roundabout_blue_guard_left,0.0450,0.3000,0,line_too_few_bands,0.0000,0.0000,0.0000,0.0000,0.0000,0,0,0.0000,0,0.2235,0.0000,0.0000,0.0000,0.0000,0.3000,IDLE,1,0,step_done_latches_cleared,0,0,0.000,0,nan,nan,nan,0.0000,0,nan,nan,0,5,0.6000,0.5888,0.6765,0.5888,0.0112,本圈台阶完成,1,0.0000,0.150,0.330
5853.975,ROUNDABOUT_FOLLOW,9.863,1,3.843,0.0000,0.0000,vision,2.671,3.816,0.000,,,roundabout_blue_guard_left,0.0450,0.3000,0,line_too_few_bands,0.0000,0.0000,0.0000,0.0000,0.0000,0,0,0.0000,0,0.4657,0.0000,0.0000,0.0000,0.0000,0.3000,IDLE,1,0,step_done_latches_cleared,0,0,0.000,0,nan,nan,nan,0.0000,0,nan,nan,0,5,0.6000,0.5888,0.6765,0.5888,0.0112,本圈台阶完成,1,0.0000,0.150,0.330
5854.101,ROUNDABOUT_FOLLOW,9.989,1,3.843,0.0000,0.0000,vision,2.671,3.816,0.000,,,roundabout_blue_guard_left,0.0450,0.3000,0,line_too_few_bands,0.0000,0.0000,0.0000,0.0000,0.0000,0,0,0.0000,1,0.7094,0.0000,0.0000,0.0000,0.0000,0.3000,IDLE,1,0,step_done_latches_cleared,0,0,0.000,0,nan,nan,nan,0.0000,0,nan,nan,0,5,0.6000,0.5888,0.6765,0.5888,0.0112,本圈台阶完成,1,0.0000,0.150,0.330
5854.227,ROUNDABOUT_FOLLOW,10.115,1,3.843,0.0000,0.0000,vision,2.671,3.816,0.000,,,roundabout_blue_guard_left,0.0450,0.3000,0,line_too_few_bands,0.0000,0.0000,0.0000,0.0000,0.0000,0,0,0.0000,0,0.3137,0.0000,0.0000,0.0000,0.0000,0.3000,IDLE,1,0,step_done_latches_cleared,0,0,0.000,0,nan,nan,nan,0.0000,0,nan,nan,0,5,0.6000,0.5888,0.6765,0.5888,0.0112,本圈台阶完成,1,0.0000,0.150,0.330
5854.366,ROUNDABOUT_FOLLOW,10.254,1,3.843,0.0000,0.0000,vision,2.671,3.816,0.000,,,roundabout_blue_guard_left,0.0450,0.3000,0,line_too_few_bands,0.0000,0.0000,0.0000,0.0000,0.0000,0,0,0.0000,0,0.0902,0.0000,0.0000,0.0000,0.0000,0.3000,IDLE,1,0,step_done_latches_cleared,0,0,0.000,0,nan,nan,nan,0.0000,0,nan,nan,0,5,0.6000,0.5888,0.6765,0.5888,0.0112,本圈台阶完成,1,0.0000,0.150,0.330
5854.494,ROUNDABOUT_FOLLOW,10.382,1,3.843,0.0000,0.0000,vision,2.671,3.816,0.000,,,roundabout_blue_guard_left,0.0450,0.3000,0,line_too_few_bands,0.0000,0.0000,0.0000,0.0000,0.0000,0,0,0.0000,0,0.0688,0.0000,0.0000,0.0000,0.0000,0.3000,IDLE,1,0,step_done_latches_cleared,0,0,0.000,0,nan,nan,nan,0.0000,0,nan,nan,0,5,0.6000,0.5888,0.6765,0.5888,0.0112,本圈台阶完成,1,0.0000,0.150,0.330
5854.623,ROUNDABOUT_FOLLOW,10.511,1,3.843,0.0000,0.0000,vision,2.671,3.816,0.000,,,roundabout_blue_guard_left,0.0450,0.3000,0,line_too_few_bands,0.0000,0.0000,0.0000,0.0000,0.0000,0,0,0.0000,0,0.0129,0.0000,0.0000,0.0000,0.0000,0.3000,IDLE,1,0,step_done_latches_cleared,0,0,0.000,0,nan,nan,nan,0.0000,0,nan,nan,0,5,0.6000,0.5888,0.6765,0.5888,0.0112,本圈台阶完成,1,0.0000,0.150,0.330
5854.752,ROUNDABOUT_FOLLOW,10.641,1,3.843,0.0000,0.0000,vision,2.671,3.816,0.000,,,roundabout_blue_guard_left,0.0450,0.3000,0,line_too_few_bands,0.0000,0.0000,0.0000,0.0000,0.0000,0,0,0.0000,0,0.0086,0.0000,0.0000,0.0000,0.0000,0.3000,IDLE,1,0,step_done_latches_cleared,0,0,0.000,0,nan,nan,nan,0.0000,0,nan,nan,0,5,0.6000,0.5888,0.6765,0.5888,0.0112,本圈台阶完成,1,0.0000,0.150,0.330
5854.878,ROUNDABOUT_FOLLOW,10.766,1,3.843,0.0000,0.0000,vision,2.671,3.816,0.000,,,roundabout_blue_guard_left,0.0450,0.3000,0,line_too_few_bands,0.0000,0.0000,0.0000,0.0000,0.0000,0,0,0.0000,0,0.0000,0.0000,0.0000,0.0000,0.0000,0.3000,IDLE,1,0,step_done_latches_cleared,0,0,0.000,0,nan,nan,nan,0.0000,0,nan,nan,0,5,0.6000,0.5888,0.6765,0.5888,0.0112,本圈台阶完成,1,0.0000,0.150,0.330
5855.003,ROUNDABOUT_FOLLOW,10.891,1,3.843,0.0000,0.0000,vision,2.671,3.816,0.000,,,roundabout_blue_guard_left,0.0450,0.3000,0,line_too_few_bands,0.0000,0.0000,0.0000,0.0000,0.0000,0,0,0.0000,0,0.0000,0.0000,0.0000,0.0000,0.0000,0.3000,IDLE,1,0,step_done_latches_cleared,0,0,0.000,0,nan,nan,nan,0.0000,0,nan,nan,0,5,0.6000,0.5888,0.6765,0.5888,0.0112,本圈台阶完成,1,0.0000,0.150,0.330
5855.128,ROUNDABOUT_FOLLOW,11.016,1,3.843,0.0000,0.0000,vision,2.671,3.816,0.000,,,roundabout_blue_guard_left,0.0450,0.3000,0,line_too_few_bands,0.0000,0.0000,0.0000,0.0000,0.0000,0,0,0.0000,0,0.0172,0.0000,0.0000,0.0000,0.0000,0.3000,IDLE,1,0,step_done_latches_cleared,0,0,0.000,0,nan,nan,nan,0.0000,0,nan,nan,0,5,0.6000,0.5888,0.6765,0.5888,0.0112,本圈台阶完成,1,0.0000,0.150,0.330
5855.251,ROUNDABOUT_FOLLOW,11.139,1,3.843,0.0000,0.0000,vision,2.671,3.816,0.000,,,roundabout_blue_guard_left,0.0450,0.3000,0,line_too_few_bands,0.0000,0.0000,0.0000,0.0000,0.0000,0,0,0.0000,0,0.0215,0.0000,0.0000,0.0000,0.0000,0.3000,IDLE,1,0,step_done_latches_cleared,0,0,0.000,0,nan,nan,nan,0.0000,0,nan,nan,0,5,0.6000,0.5888,0.6765,0.5888,0.0112,本圈台阶完成,1,0.0000,0.150,0.330
5855.376,ROUNDABOUT_FOLLOW,11.264,1,3.843,0.0000,0.0000,vision,2.671,3.816,0.000,,,roundabout_blue_guard_left,0.0450,0.3000,0,line_too_few_bands,0.0000,0.0000,0.0000,0.0000,0.0000,0,0,0.0000,0,0.0172,0.0000,0.0000,0.0000,0.0000,0.3000,IDLE,1,0,step_done_latches_cleared,0,0,0.000,0,nan,nan,nan,0.0000,0,nan,nan,0,5,0.6000,0.5888,0.6765,0.5888,0.0112,本圈台阶完成,1,0.0000,0.150,0.330
5855.496,ROUNDABOUT_FOLLOW,11.384,1,3.843,0.0000,0.0000,vision,2.671,3.816,0.000,,,roundabout_blue_guard_left,0.0450,0.3000,0,line_too_few_bands,0.0000,0.0000,0.0000,0.0000,0.0000,0,0,0.0000,0,0.3137,0.0000,0.0000,0.0000,0.0000,0.3000,IDLE,1,0,step_done_latches_cleared,0,0,0.000,0,nan,nan,nan,0.0000,0,nan,nan,0,5,0.6000,0.5888,0.6765,0.5888,0.0112,本圈台阶完成,1,0.0000,0.150,0.330
5855.630,ROUNDABOUT_FOLLOW,11.518,1,3.843,0.0000,0.0000,vision,2.671,3.816,0.000,,,roundabout_blue_guard_left,0.0450,0.3000,0,line_too_few_bands,0.0000,0.0000,0.0000,0.0000,0.0000,0,0,0.0000,0,0.1719,0.0000,0.0000,0.0000,0.0000,0.3000,IDLE,1,0,step_done_latches_cleared,0,0,0.000,0,nan,nan,nan,0.0000,0,nan,nan,0,5,0.6000,0.5888,0.6765,0.5888,0.0112,本圈台阶完成,1,0.0000,0.150,0.330
5855.756,ROUNDABOUT_FOLLOW,11.644,1,3.843,0.0000,0.0000,vision,2.671,3.816,0.000,,,roundabout_follow_left_locked,0.0931,0.5600,1,line_hard_turn_centering,-0.6231,-0.6249,-0.6070,-0.6070,0.4658,2,0,0.0000,0,0.2450,0.0179,0.0000,0.0179,-0.6130,0.5600,IDLE,1,0,step_done_latches_cleared,0,0,0.000,0,nan,nan,nan,0.0000,0,nan,nan,0,5,0.6000,0.5888,0.6765,0.5888,0.0112,本圈台阶完成,1,0.0000,0.150,0.330
5855.890,ROUNDABOUT_FOLLOW,11.779,1,3.843,0.0000,0.0000,vision,2.671,3.816,0.000,,,roundabout_follow_left_locked,0.1000,0.6079,1,line_center_tracking,-0.5115,-0.5115,-0.5115,-0.5115,0.2375,1,0,0.0000,0,0.0129,0.0000,0.0000,0.0000,-0.5115,0.6079,IDLE,1,0,step_done_latches_cleared,0,0,0.000,0,nan,nan,nan,0.0000,0,nan,nan,0,5,0.6000,0.5888,0.6765,0.5888,0.0112,本圈台阶完成,1,0.0000,0.150,0.330
5856.018,ROUNDABOUT_FOLLOW,11.906,1,3.843,0.8599,0.0000,vision,2.671,3.816,0.000,,,roundabout_follow_left_locked,0.1296,0.4683,1,line_center_tracking,-0.3192,-0.2689,-0.4485,-0.4749,0.5290,4,0,0.0000,0,0.0215,0.1796,0.0264,0.2060,-0.3974,0.4683,IDLE,1,0,step_done_latches_cleared,0,0,0.000,0,nan,nan,nan,0.0000,0,nan,nan,0,5,0.6000,0.5888,0.6765,0.5888,0.0112,本圈台阶完成,1,0.0000,0.150,0.330
5856.149,ROUNDABOUT_FOLLOW,12.037,1,3.843,0.9373,0.0000,vision,2.671,3.816,0.000,,,roundabout_follow_left_locked,0.1581,0.3573,1,line_center_tracking,-0.2303,-0.1582,-0.4155,-0.4470,0.5595,4,0,0.0000,0,0.0387,0.2573,0.0314,0.2887,-0.3402,0.3573,IDLE,1,0,step_done_latches_cleared,0,0,0.000,0,nan,nan,nan,0.0000,0,nan,nan,0,5,0.6000,0.5888,0.6765,0.5888,0.0112,本圈台阶完成,1,0.0000,0.150,0.330
5856.285,ROUNDABOUT_EXIT,0.000,1,3.843,0.8624,0.0000,vision,2.671,3.816,0.000,,,roundabout_exit_commit,0.1074,0.1045,1,line_center_tracking,-0.0968,-0.0388,-0.2457,-0.2457,0.4880,3,0,0.0000,0,0.0344,0.2069,0.0000,0.2069,-0.1768,0.1045,IDLE,1,0,step_done_latches_cleared,0,0,0.000,0,nan,nan,nan,0.0000,0,nan,nan,0,5,0.6000,0.5888,0.6765,0.5888,0.0112,本圈台阶完成,1,0.0000,0.150,0.330
5856.421,ROUNDABOUT_EXIT,0.136,1,3.843,0.8000,0.0000,vision,2.671,3.816,0.000,,,roundabout_exit_commit,0.1050,0.0568,1,line_center_tracking,-0.0148,0.0433,-0.1641,-0.1641,0.4881,3,0,0.0000,0,0.0086,0.2074,0.0000,0.2074,-0.0950,0.0568,IDLE,1,0,step_done_latches_cleared,0,0,0.000,0,nan,nan,nan,0.0000,0,nan,nan,0,5,0.6000,0.5888,0.6765,0.5888,0.0112,本圈台阶完成,1,0.0000,0.150,0.330
5856.548,ROUNDABOUT_EXIT,0.263,1,3.843,0.8940,0.0000,vision,2.671,3.816,0.000,,,roundabout_exit_commit,0.1050,0.0825,1,line_center_tracking,-0.0924,-0.0846,-0.1125,-0.1125,0.4576,2,0,0.0000,0,0.0000,0.0279,0.0000,0.0279,-0.1032,0.0825,IDLE,1,0,step_done_latches_cleared,0,0,0.000,0,nan,nan,nan,0.0000,0,nan,nan,0,5,0.6000,0.5888,0.6765,0.5888,0.0112,本圈台阶完成,1,0.0000,0.150,0.330
5856.683,ROUNDABOUT_EXIT,0.398,1,3.843,0.9017,0.0000,vision,2.671,3.816,0.000,,,roundabout_exit_commit,0.1050,0.0706,1,line_center_tracking,-0.0578,-0.0495,-0.0792,-0.0792,0.4564,2,0,0.0000,0,0.0000,0.0298,0.0000,0.0298,-0.0693,0.0706,IDLE,1,0,step_done_latches_cleared,0,0,0.000,0,nan,nan,nan,0.0000,0,nan,nan,0,5,0.6000,0.5888,0.6765,0.5888,0.0112,本圈台阶完成,1,0.0000,0.150,0.330
5856.819,ROUNDABOUT_EXIT,0.534,1,3.843,0.8617,0.0000,vision,2.671,3.816,0.000,,,roundabout_exit_commit,0.1050,0.0554,1,line_center_tracking,-0.0384,-0.0323,-0.0541,-0.0541,0.4613,2,0,0.0000,0,0.0000,0.0218,0.0000,0.0218,-0.0468,0.0554,IDLE,1,0,step_done_latches_cleared,0,0,0.000,0,nan,nan,nan,0.0000,0,nan,nan,0,5,0.6000,0.5888,0.6765,0.5888,0.0112,本圈台阶完成,1,0.0000,0.150,0.330
5856.953,ROUNDABOUT_EXIT,0.668,1,3.843,0.9098,0.0000,vision,2.671,3.816,0.000,,,roundabout_exit_commit,0.1050,0.0743,1,line_center_tracking,-0.0823,-0.0396,-0.1921,-0.2684,0.3320,2,0,0.0000,0,0.0000,0.1526,0.0763,0.2288,-0.1667,0.0743,IDLE,1,0,step_done_latches_cleared,0,0,0.000,0,nan,nan,nan,0.0000,0,nan,nan,0,5,0.6000,0.5888,0.6765,0.5888,0.0112,本圈台阶完成,1,0.0000,0.150,0.330
5857.052,ROUNDABOUT_EXIT,0.767,1,3.843,0.9429,0.0000,vision,2.671,3.816,0.000,,,roundabout_exit_commit,0.1050,0.0577,1,line_center_tracking,-0.0427,-0.0142,-0.1161,-0.1757,0.6933,5,0,0.0000,0,0.0043,0.1019,0.0597,0.1615,-0.1020,0.0577,IDLE,1,0,step_done_latches_cleared,0,0,0.000,0,nan,nan,nan,0.0000,0,nan,nan,0,5,0.6000,0.5888,0.6765,0.5888,0.0112,本圈台阶完成,1,0.0000,0.150,0.330
5857.186,ROUNDABOUT_EXIT,0.901,1,3.843,0.9467,0.0000,vision,2.671,3.816,0.000,,,roundabout_exit_commit,0.1050,0.0329,1,line_center_tracking,-0.0092,0.0617,-0.1913,-0.1913,0.4743,3,0,0.0000,0,0.0000,0.2530,0.0000,0.2530,-0.1070,0.0329,IDLE,1,0,step_done_latches_cleared,0,0,0.000,0,nan,nan,nan,0.0000,0,nan,nan,0,5,0.6000,0.5888,0.6765,0.5888,0.0112,本圈台阶完成,1,0.0000,0.150,0.330
5857.322,ROUNDABOUT_EXIT,1.037,1,3.843,0.9522,0.0000,vision,2.671,3.816,0.000,,,roundabout_exit_commit,0.1050,0.0180,1,line_center_tracking,-0.0025,0.0463,-0.1279,-0.1279,0.5017,3,0,0.0000,0,0.0000,0.1742,0.0000,0.1742,-0.0699,0.0180,IDLE,1,0,step_done_latches_cleared,0,0,0.000,0,nan,nan,nan,0.0000,0,nan,nan,0,5,0.6000,0.5888,0.6765,0.5888,0.0112,本圈台阶完成,1,0.0000,0.150,0.330
5857.452,ROUNDABOUT_EXIT,1.167,1,3.843,0.8773,0.0000,vision,2.671,3.816,0.000,,,roundabout_exit_commit,0.1050,0.0435,1,line_center_tracking,-0.0588,-0.0171,-0.1659,-0.1659,0.3597,2,0,0.0000,0,0.0000,0.1489,0.0000,0.1489,-0.1163,0.0435,IDLE,1,0,step_done_latches_cleared,0,0,0.000,0,nan,nan,nan,0.0000,0,nan,nan,0,5,0.6000,0.5888,0.6765,0.5888,0.0112,本圈台阶完成,1,0.0000,0.150,0.330
5857.585,SEEK_CROSSWALK,0.000,1,3.843,0.8662,0.0000,vision,2.671,3.816,0.000,,,tracking,0.1554,0.3279,1,line_center_tracking,-0.3036,-0.2750,-0.3773,-0.3773,0.1872,2,0,0.0000,0,0.0000,0.1023,0.0000,0.1023,-0.3432,0.3279,IDLE,1,0,step_done_latches_cleared,0,0,0.000,0,nan,nan,nan,0.0000,0,nan,nan,0,5,0.6000,0.5888,0.6765,0.5888,0.0112,本圈台阶完成,1,0.0000,0.150,0.330
5857.726,SEEK_CROSSWALK,0.141,1,3.843,0.9535,0.0000,vision,2.671,3.816,0.000,,,tracking,0.1700,0.1557,1,line_curve_center_riding,-0.0064,0.0048,-0.1819,-0.2999,0.6857,5,0,0.0000,0,0.0000,0.1866,0.1180,0.3047,-0.1590,0.1557,IDLE,1,0,step_done_latches_cleared,0,0,0.000,0,nan,nan,nan,0.0000,0,nan,nan,0,5,0.6000,0.5888,0.6765,0.5888,0.0112,本圈台阶完成,1,0.0000,0.150,0.330
5857.866,SEEK_CROSSWALK,0.281,1,3.843,0.9619,0.0000,vision,2.671,3.816,0.000,,,tracking,0.2152,0.1353,1,line_center_tracking,-0.0945,-0.1008,-0.0781,-0.0781,0.4112,2,0,0.0000,0,0.0000,0.0227,0.0000,0.0227,-0.0857,0.1353,IDLE,1,0,step_done_latches_cleared,0,0,0.000,0,nan,nan,nan,0.0000,0,nan,nan,0,5,0.6000,0.5888,0.6765,0.5888,0.0112,本圈台阶完成,1,0.0000,0.150,0.330
5857.995,SEEK_CROSSWALK,0.411,1,3.843,0.9156,0.0000,vision,2.671,3.816,0.000,,,tracking,0.1700,0.0691,1,line_curve_center_riding,-0.0089,-0.0034,-0.0961,-0.2394,0.7762,6,0,0.0000,0,0.0000,0.0927,0.1433,0.2360,-0.1129,0.0691,IDLE,1,0,step_done_latches_cleared,0,0,0.000,0,nan,nan,nan,0.0000,0,nan,nan,0,5,0.6000,0.5888,0.6765,0.5888,0.0112,本圈台阶完成,1,0.0000,0.150,0.330
5858.130,SEEK_CROSSWALK,0.545,1,3.843,0.9198,0.0000,vision,2.671,3.816,0.000,,,tracking,0.1700,0.0170,1,line_curve_center_riding,0.0318,0.0395,-0.0897,-0.2276,0.6926,5,0,0.0000,0,0.0000,0.1293,0.1379,0.2671,-0.0926,0.0170,IDLE,1,0,step_done_latches_cleared,0,0,0.000,0,nan,nan,nan,0.0000,0,nan,nan,0,5,0.6000,0.5888,0.6765,0.5888,0.0112,本圈台阶完成,1,0.0000,0.150,0.330
5858.269,SEEK_CROSSWALK,0.684,1,3.843,0.8687,0.0000,vision,2.671,3.816,0.000,,,tracking,0.1450,0.2708,1,line_curve_center_riding,-0.4474,-0.4706,-0.0831,-0.0831,0.2756,2,0,0.0000,0,0.0000,0.3875,0.0000,0.3875,-0.2123,0.2708,IDLE,1,0,step_done_latches_cleared,0,0,0.000,0,nan,nan,nan,0.0000,0,nan,nan,0,5,0.6000,0.5888,0.6765,0.5888,0.0112,本圈台阶完成,1,0.0000,0.150,0.330
5858.401,SEEK_CROSSWALK,0.816,1,3.843,0.8772,0.0000,vision,2.671,3.816,0.000,,,tracking,0.1700,0.1089,1,line_curve_center_riding,0.0057,0.0136,-0.1188,-0.2304,0.8793,7,0,0.0000,0,0.0000,0.1324,0.1116,0.2440,-0.1118,0.1089,IDLE,1,0,step_done_latches_cleared,0,0,0.000,0,nan,nan,nan,0.0000,0,nan,nan,0,5,0.6000,0.5888,0.6765,0.5888,0.0112,本圈台阶完成,1,0.0000,0.150,0.330
5858.535,SEEK_CROSSWALK,0.950,1,3.843,0.8771,0.0000,vision,2.671,3.816,0.000,,,tracking,0.1700,0.0461,1,line_curve_center_riding,0.0189,0.0264,-0.0991,-0.2100,0.7912,6,0,0.0000,0,0.0000,0.1255,0.1110,0.2364,-0.0942,0.0461,IDLE,1,0,step_done_latches_cleared,0,0,0.000,0,nan,nan,nan,0.0000,0,nan,nan,0,5,0.6000,0.5888,0.6765,0.5888,0.0112,本圈台阶完成,1,0.0000,0.150,0.330
5858.671,SEEK_CROSSWALK,1.086,1,3.843,0.8783,0.0000,vision,2.671,3.816,0.000,,,tracking,0.1700,0.0050,1,line_curve_center_riding,0.0348,0.0419,-0.0769,-0.1823,0.6067,4,0,0.0000,0,0.0000,0.1189,0.1054,0.2242,-0.0724,0.0050,IDLE,1,0,step_done_latches_cleared,0,0,0.000,0,nan,nan,nan,0.0000,0,nan,nan,0,5,0.6000,0.5888,0.6765,0.5888,0.0112,本圈台阶完成,1,0.0000,0.150,0.330
5858.802,SEEK_CROSSWALK,1.218,1,3.843,0.8812,0.0000,vision,2.671,3.816,0.000,,,tracking,0.1700,-0.0070,1,line_curve_center_riding,0.0201,0.0268,-0.0840,-0.1813,0.6181,4,0,0.0000,0,0.0000,0.1107,0.0974,0.2081,-0.0795,-0.0070,IDLE,1,0,step_done_latches_cleared,0,0,0.000,0,nan,nan,nan,0.0000,0,nan,nan,0,5,0.6000,0.5888,0.6765,0.5888,0.0112,本圈台阶完成,1,0.0000,0.150,0.330
5858.939,SEEK_CROSSWALK,1.354,1,3.843,0.0000,0.0000,vision,2.671,3.816,0.000,,,tracking,0.1700,-0.0155,1,line_curve_center_riding,0.0227,0.0291,-0.0786,-0.1736,0.8873,7,0,0.0000,0,0.0000,0.1077,0.0950,0.2027,-0.0743,-0.0155,IDLE,1,0,step_done_latches_cleared,0,0,0.000,0,nan,nan,nan,0.0000,0,nan,nan,0,5,0.6000,0.5888,0.6765,0.5888,0.0112,本圈台阶完成,1,0.0000,0.150,0.330
5859.085,SEEK_CROSSWALK,1.500,1,3.843,0.0000,0.0000,vision,2.671,3.816,0.000,,,tracking,0.1700,-0.0232,1,line_curve_center_riding,0.0287,0.0347,-0.0654,-0.1691,0.7978,6,0,0.0000,0,0.0000,0.1000,0.1038,0.2038,-0.0666,-0.0232,IDLE,1,0,step_done_latches_cleared,0,0,0.000,0,nan,nan,nan,0.0000,0,nan,nan,0,5,0.6000,0.5888,0.6765,0.5888,0.0112,本圈台阶完成,1,0.0000,0.150,0.330
5859.258,SEEK_CROSSWALK,1.673,1,3.843,0.0000,0.0000,vision,2.671,3.816,0.000,,,tracking,0.1700,-0.0183,1,line_curve_center_riding,0.0135,0.0194,-0.0781,-0.1698,0.7081,5,0,0.0000,0,0.0000,0.0975,0.0918,0.1892,-0.0762,-0.0183,IDLE,1,0,step_done_latches_cleared,0,0,0.000,0,nan,nan,nan,0.0000,0,nan,nan,0,5,0.6000,0.5888,0.6765,0.5888,0.0112,本圈台阶完成,1,0.0000,0.150,0.330
5859.434,SEEK_CROSSWALK,1.849,1,3.843,0.0000,0.0000,vision,2.671,3.816,0.000,,,tracking,0.2207,0.0225,1,line_center_tracking,-0.0553,-0.0402,-0.0940,-0.1783,0.6250,4,0,0.0000,0,0.0000,0.0538,0.0843,0.1381,-0.1042,0.0225,IDLE,1,0,step_done_latches_cleared,0,0,0.000,0,nan,nan,nan,0.0000,0,nan,nan,0,5,0.6000,0.5888,0.6765,0.5888,0.0112,本圈台阶完成,1,0.0000,0.150,0.330
5859.586,SEEK_CROSSWALK,2.002,1,3.843,0.0000,0.0000,vision,2.671,3.816,0.000,,,tracking,0.2327,0.0427,1,line_center_tracking,-0.0588,-0.0369,-0.1151,-0.1929,0.7115,5,0,0.0000,0,0.0000,0.0782,0.0778,0.1561,-0.1150,0.0427,IDLE,1,0,step_done_latches_cleared,0,0,0.000,0,nan,nan,nan,0.0000,0,nan,nan,0,5,0.6000,0.5888,0.6765,0.5888,0.0112,本圈台阶完成,1,0.0000,0.150,0.330
5859.741,SEEK_CROSSWALK,2.156,1,3.843,0.0000,0.0000,vision,2.671,3.816,0.000,,,tracking,0.2304,0.0562,1,line_center_tracking,-0.0649,-0.0380,-0.1341,-0.2141,0.8003,6,0,0.0000,0,0.0000,0.0961,0.0799,0.1761,-0.1287,0.0562,IDLE,1,0,step_done_latches_cleared,0,0,0.000,0,nan,nan,nan,0.0000,0,nan,nan,0,5,0.6000,0.5888,0.6765,0.5888,0.0112,本圈台阶完成,1,0.0000,0.150,0.330
5859.945,SEEK_CROSSWALK,2.360,1,3.843,0.0000,0.0000,vision,2.671,3.816,0.000,,,tracking,0.2309,0.0628,1,line_center_tracking,-0.0652,-0.0399,-0.1301,-0.2117,0.8013,6,0,0.0000,0,0.0000,0.0901,0.0817,0.1718,-0.1272,0.0628,IDLE,1,0,step_done_latches_cleared,0,0,0.000,0,nan,nan,nan,0.0000,0,nan,nan,0,5,0.6000,0.5888,0.6765,0.5888,0.0112,本圈台阶完成,1,0.0000,0.150,0.330
5860.124,SEEK_CROSSWALK,2.539,1,3.843,0.0000,0.0000,vision,2.671,3.816,0.000,,,tracking,0.2322,0.0659,1,line_center_tracking,-0.0641,-0.0403,-0.1253,-0.2008,0.7127,5,0,0.0000,0,0.0000,0.0849,0.0755,0.1605,-0.1221,0.0659,IDLE,1,0,step_done_latches_cleared,0,0,0.000,0,nan,nan,nan,0.0000,0,nan,nan,0,5,0.6000,0.5888,0.6765,0.5888,0.0112,本圈台阶完成,1,0.0000,0.150,0.330
5860.282,SEEK_CROSSWALK,2.697,1,3.843,0.0000,0.0000,vision,2.671,3.816,0.000,,,tracking,0.2326,0.0675,1,line_center_tracking,-0.0640,-0.0366,-0.1347,-0.1900,0.7155,5,0,0.0000,0,0.0000,0.0981,0.0554,0.1535,-0.1204,0.0675,IDLE,1,0,step_done_latches_cleared,0,0,0.000,0,nan,nan,nan,0.0000,0,nan,nan,0,5,0.6000,0.5888,0.6765,0.5888,0.0112,本圈台阶完成,1,0.0000,0.150,0.330
5860.440,SEEK_CROSSWALK,2.855,1,3.843,0.0000,0.0000,vision,2.671,3.816,0.000,,,tracking,0.2343,0.0600,1,line_center_tracking,-0.0496,-0.0280,-0.1052,-0.1688,0.7167,5,0,0.0000,0,0.0000,0.0772,0.0637,0.1408,-0.1007,0.0600,IDLE,1,0,step_done_latches_cleared,0,0,0.000,0,nan,nan,nan,0.0000,0,nan,nan,0,5,0.6000,0.5888,0.6765,0.5888,0.0112,本圈台阶完成,1,0.0000,0.150,0.330
5860.577,SEEK_CROSSWALK,2.992,1,3.843,0.0000,0.0000,vision,2.671,3.816,0.000,,,tracking,0.2355,0.0547,1,line_center_tracking,-0.0459,-0.0259,-0.0973,-0.1565,0.8066,6,0,0.0000,0,0.0000,0.0714,0.0592,0.1305,-0.0932,0.0547,IDLE,1,0,step_done_latches_cleared,0,0,0.000,0,nan,nan,nan,0.0000,0,nan,nan,0,5,0.6000,0.5888,0.6765,0.5888,0.0112,本圈台阶完成,1,0.0000,0.150,0.330
5860.737,SEEK_CROSSWALK,3.152,1,3.843,0.0000,0.0000,vision,2.671,3.816,0.000,,,tracking,0.2364,0.0494,1,line_center_tracking,-0.0409,-0.0229,-0.0872,-0.1452,0.8094,6,0,0.0000,0,0.0000,0.0644,0.0580,0.1223,-0.0851,0.0494,IDLE,1,0,step_done_latches_cleared,0,0,0.000,0,nan,nan,nan,0.0000,0,nan,nan,0,5,0.6000,0.5888,0.6765,0.5888,0.0112,本圈台阶完成,1,0.0000,0.150,0.330
5861.227,SEEK_CROSSWALK,3.642,1,3.843,0.0000,0.0000,vision,2.671,3.816,0.000,,,tracking,0.2385,0.0447,1,line_center_tracking,-0.0363,-0.0214,-0.0749,-0.1196,0.9010,7,0,0.0000,0,0.0000,0.0535,0.0448,0.0983,-0.0720,0.0447,IDLE,1,0,step_done_latches_cleared,0,0,0.000,0,nan,nan,nan,0.0000,0,nan,nan,0,5,0.6000,0.5888,0.6765,0.5888,0.0112,本圈台阶完成,1,0.0000,0.150,0.330
5861.380,SEEK_CROSSWALK,3.795,1,3.843,0.0000,0.0000,vision,2.671,3.816,0.000,,,tracking,0.2389,0.0432,1,line_center_tracking,-0.0387,-0.0257,-0.0721,-0.1129,0.9898,8,0,0.0000,0,0.0000,0.0464,0.0409,0.0872,-0.0702,0.0432,IDLE,1,0,step_done_latches_cleared,0,0,0.000,0,nan,nan,nan,0.0000,0,nan,nan,0,5,0.6000,0.5888,0.6765,0.5888,0.0112,本圈台阶完成,1,0.0000,0.150,0.330
5861.527,SEEK_CROSSWALK,3.942,1,3.843,0.0000,0.0000,vision,2.671,3.816,0.000,,,tracking,0.2384,0.0450,1,line_center_tracking,-0.0430,-0.0306,-0.0749,-0.1117,0.9904,8,0,0.0000,0,0.0000,0.0443,0.0368,0.0811,-0.0724,0.0450,IDLE,1,0,step_done_latches_cleared,0,0,0.000,0,nan,nan,nan,0.0000,0,nan,nan,0,5,0.6000,0.5888,0.6765,0.5888,0.0112,本圈台阶完成,1,0.0000,0.150,0.330
5861.678,SEEK_CROSSWALK,4.093,1,3.843,0.0000,0.0000,vision,2.671,3.816,0.000,,,tracking,0.2378,0.0473,1,line_center_tracking,-0.0459,-0.0343,-0.0755,-0.1104,0.9911,8,0,0.0000,0,0.0000,0.0412,0.0348,0.0760,-0.0734,0.0473,IDLE,1,0,step_done_latches_cleared,0,0,0.000,0,nan,nan,nan,0.0000,0,nan,nan,0,5,0.6000,0.5888,0.6765,0.5888,0.0112,本圈台阶完成,1,0.0000,0.150,0.330
5861.814,SEEK_CROSSWALK,4.229,1,3.843,0.0000,0.0000,vision,2.671,3.816,0.000,,,tracking,0.2383,0.0454,1,line_center_tracking,-0.0407,-0.0300,-0.0684,-0.1006,0.9917,8,0,0.0000,0,0.0000,0.0385,0.0321,0.0706,-0.0663,0.0454,IDLE,1,0,step_done_latches_cleared,0,0,0.000,0,nan,nan,nan,0.0000,0,nan,nan,0,5,0.6000,0.5888,0.6765,0.5888,0.0112,本圈台阶完成,1,0.0000,0.150,0.330
5861.982,SEEK_CROSSWALK,4.397,1,3.843,0.0000,0.0000,vision,2.671,3.816,0.000,,,tracking,0.2398,0.0395,1,line_center_tracking,-0.0316,-0.0215,-0.0574,-0.0878,0.9921,8,0,0.0000,0,0.0000,0.0359,0.0303,0.0663,-0.0556,0.0395,IDLE,1,0,step_done_latches_cleared,0,0,0.000,0,nan,nan,nan,0.0000,0,nan,nan,0,5,0.6000,0.5888,0.6765,0.5888,0.0112,本圈台阶完成,1,0.0000,0.150,0.330
5862.181,SEEK_CROSSWALK,4.596,1,3.843,0.0000,0.0000,vision,2.671,3.816,0.000,,,tracking,0.2403,0.0376,1,line_center_tracking,-0.0327,-0.0236,-0.0559,-0.0911,0.9913,8,0,0.0000,0,0.0000,0.0323,0.0351,0.0674,-0.0569,0.0376,IDLE,1,0,step_done_latches_cleared,0,0,0.000,0,nan,nan,nan,0.0000,0,nan,nan,0,5,0.6000,0.5888,0.6765,0.5888,0.0112,本圈台阶完成,1,0.0000,0.150,0.330
5862.331,SEEK_CROSSWALK,4.746,1,3.843,0.0000,0.0000,vision,2.671,3.816,0.000,,,tracking,0.2411,0.0347,1,line_center_tracking,-0.0296,-0.0216,-0.0501,-0.0916,0.9905,8,0,0.0000,0,0.0000,0.0285,0.0416,0.0700,-0.0544,0.0347,IDLE,1,0,step_done_latches_cleared,0,0,0.000,0,nan,nan,nan,0.0000,0,nan,nan,0,5,0.6000,0.5888,0.6765,0.5888,0.0112,本圈台阶完成,1,0.0000,0.150,0.330
5862.496,SEEK_CROSSWALK,4.911,1,3.843,0.0000,0.0000,vision,2.671,3.816,0.000,,,tracking,0.2416,0.0291,1,line_center_tracking,-0.0220,-0.0144,-0.0415,-0.0905,0.9890,8,0,0.0000,0,0.0000,0.0270,0.0490,0.0760,-0.0488,0.0291,IDLE,1,0,step_done_latches_cleared,0,0,0.000,0,nan,nan,nan,0.0000,0,nan,nan,0,5,0.6000,0.5888,0.6765,0.5888,0.0112,本圈台阶完成,1,0.0000,0.150,0.330
5862.654,SEEK_CROSSWALK,5.069,1,3.843,0.0000,0.0000,vision,2.671,3.816,0.000,,,tracking,0.2400,0.0228,1,line_center_tracking,-0.0155,-0.0084,-0.0337,-0.0980,0.9865,8,0,0.0000,0,0.0000,0.0253,0.0643,0.0896,-0.0467,0.0228,IDLE,1,0,step_done_latches_cleared,0,0,0.000,0,nan,nan,nan,0.0000,0,nan,nan,0,5,0.6000,0.5888,0.6765,0.5888,0.0112,本圈台阶完成,1,0.0000,0.150,0.330
5862.796,SEEK_CROSSWALK,5.211,1,3.843,0.0000,0.0000,vision,2.671,3.816,0.000,,,tracking,0.2384,0.0160,1,line_center_tracking,-0.0089,-0.0017,-0.0273,-0.1059,0.9840,8,0,0.0000,0,0.0000,0.0256,0.0786,0.1042,-0.0450,0.0160,IDLE,1,0,step_done_latches_cleared,0,0,0.000,0,nan,nan,nan,0.0000,0,nan,nan,0,5,0.6000,0.5888,0.6765,0.5888,0.0112,本圈台阶完成,1,0.0000,0.150,0.330
5862.931,SEEK_CROSSWALK,5.346,1,3.843,0.0000,0.0000,vision,2.671,3.816,0.000,,,tracking,0.2360,0.0101,1,line_center_tracking,-0.0041,0.0024,-0.0208,-0.1229,0.9795,8,0,0.0000,0,0.0000,0.0231,0.1021,0.1253,-0.0471,0.0101,IDLE,1,0,step_done_latches_cleared,0,0,0.000,0,nan,nan,nan,0.0000,0,nan,nan,0,5,0.6000,0.5888,0.6765,0.5888,0.0112,本圈台阶完成,1,0.0000,0.150,0.330
5863.062,SEEK_CROSSWALK,5.477,1,3.843,0.0000,0.0000,vision,2.671,3.816,0.000,,,tracking,0.2346,0.0057,1,line_center_tracking,-0.0012,0.0059,-0.0192,-0.1319,0.9779,8,0,0.0000,0,0.0000,0.0251,0.1126,0.1377,-0.0484,0.0057,IDLE,1,0,step_done_latches_cleared,0,0,0.000,0,nan,nan,nan,0.0000,0,nan,nan,0,5,0.6000,0.5888,0.6765,0.5888,0.0112,本圈台阶完成,1,0.0000,0.150,0.330
5863.221,SEEK_CROSSWALK,5.636,1,3.843,0.0000,0.0000,vision,2.671,3.816,0.000,,,tracking,0.2314,0.0008,1,line_center_tracking,0.0037,0.0108,-0.0144,-0.1503,0.9742,8,0,0.0000,0,0.0000,0.0252,0.1359,0.1611,-0.0513,0.0008,IDLE,1,0,step_done_latches_cleared,0,0,0.000,0,nan,nan,nan,0.0000,0,nan,nan,0,5,0.6000,0.5888,0.6765,0.5888,0.0112,本圈台阶完成,1,0.0000,0.150,0.330
5863.357,SEEK_CROSSWALK,5.772,1,3.843,0.0000,0.0000,vision,2.671,3.816,0.000,,,tracking,0.2364,-0.0020,1,line_center_tracking,0.0045,0.0134,-0.0183,-0.1088,0.8985,7,0,0.0000,0,0.0000,0.0317,0.0905,0.1222,-0.0379,-0.0020,IDLE,1,0,step_done_latches_cleared,0,0,0.000,0,nan,nan,nan,0.0000,0,nan,nan,0,5,0.6000,0.5888,0.6765,0.5888,0.0112,本圈台阶完成,1,0.0000,0.150,0.330
5863.551,SEEK_CROSSWALK,5.966,1,3.843,0.0000,0.0000,vision,2.671,3.816,0.000,,,tracking,0.2302,-0.0102,1,line_center_tracking,0.0168,0.0255,-0.0058,-0.1502,0.9742,8,0,0.0000,0,0.0000,0.0313,0.1444,0.1757,-0.0435,-0.0102,IDLE,1,0,step_done_latches_cleared,0,0,0.000,0,nan,nan,nan,0.0000,0,nan,nan,0,5,0.6000,0.5888,0.6765,0.5888,0.0112,本圈台阶完成,1,0.0000,0.150,0.330
5863.745,SEEK_CROSSWALK,6.160,1,3.843,0.0000,0.0000,vision,2.671,3.816,0.000,,,tracking,0.2302,-0.0127,1,line_center_tracking,0.0144,0.0236,-0.0091,-0.1537,0.9743,8,0,0.0000,0,0.0000,0.0327,0.1446,0.1773,-0.0464,-0.0127,IDLE,1,0,step_done_latches_cleared,0,0,0.000,0,nan,nan,nan,0.0000,0,nan,nan,0,5,0.6000,0.5888,0.6765,0.5888,0.0112,本圈台阶完成,1,0.0000,0.150,0.330
5863.929,SEEK_CROSSWALK,6.344,1,3.843,0.0000,0.0000,vision,2.671,3.816,0.000,,,tracking,0.1796,-0.0173,1,line_curve_center_riding,0.0201,0.0225,-0.0176,-0.2187,0.9643,8,0,0.0000,0,0.0000,0.0401,0.2010,0.2412,-0.0713,-0.0173,IDLE,1,0,step_done_latches_cleared,0,0,0.000,0,nan,nan,nan,0.0000,0,nan,nan,0,5,0.6000,0.5888,0.6765,0.5888,0.0112,本圈台阶完成,1,0.0000,0.150,0.330
5864.063,SEEK_CROSSWALK,6.478,1,3.843,0.0000,0.0000,vision,2.671,3.816,0.000,,,tracking,0.1700,-0.0185,1,line_curve_center_riding,0.0183,0.0212,-0.0262,-0.2659,0.9578,8,0,0.0000,0,0.0000,0.0474,0.2397,0.2871,-0.0903,-0.0185,IDLE,1,0,step_done_latches_cleared,0,0,0.000,0,nan,nan,nan,0.0000,0,nan,nan,0,5,0.6000,0.5888,0.6765,0.5888,0.0112,本圈台阶完成,1,0.0000,0.150,0.330
5864.210,SEEK_CROSSWALK,6.625,1,3.843,0.0000,0.0000,vision,2.671,3.816,0.000,,,tracking,0.1700,-0.0160,1,line_curve_center_riding,0.0130,0.0163,-0.0391,-0.2838,0.9572,8,0,0.0000,0,0.0000,0.0554,0.2447,0.3001,-0.1022,-0.0160,IDLE,1,0,step_done_latches_cleared,0,0,0.000,0,nan,nan,nan,0.0000,0,nan,nan,0,5,0.6000,0.5888,0.6765,0.5888,0.0112,本圈台阶完成,1,0.0000,0.150,0.330
5864.340,SEEK_CROSSWALK,6.755,1,3.843,0.0000,0.0000,vision,2.671,3.816,0.000,,,tracking,0.1700,-0.0139,1,line_curve_center_riding,0.0110,0.0152,-0.0539,-0.3239,0.9538,8,0,0.0000,0,0.0043,0.0691,0.2700,0.3390,-0.1209,-0.0139,IDLE,1,0,step_done_latches_cleared,0,0,0.000,0,nan,nan,nan,0.0000,0,nan,nan,0,5,0.6000,0.5888,0.6765,0.5888,0.0112,本圈台阶完成,1,0.0000,0.150,0.330
5864.479,SEEK_CROSSWALK,6.894,1,3.843,0.0000,0.0000,vision,2.671,3.816,0.000,,,tracking,0.1700,-0.0124,1,line_curve_center_riding,0.0101,0.0153,-0.0720,-0.3468,0.8739,7,0,0.0000,0,0.0000,0.0873,0.2748,0.3621,-0.1345,-0.0124,IDLE,1,0,step_done_latches_cleared,0,0,0.000,0,nan,nan,nan,0.0000,0,nan,nan,0,5,0.6000,0.5888,0.6765,0.5888,0.0112,本圈台阶完成,1,0.0000,0.150,0.330
5864.624,SEEK_CROSSWALK,7.039,1,3.843,0.0000,0.0000,vision,2.671,3.816,0.000,,,tracking,0.1700,-0.0124,1,line_curve_center_riding,0.0113,0.0178,-0.0900,-0.3941,0.8687,7,0,0.0000,0,0.0000,0.1078,0.3041,0.4118,-0.1554,-0.0124,IDLE,1,0,step_done_latches_cleared,0,0,0.000,0,nan,nan,nan,0.0000,0,nan,nan,0,5,0.6000,0.5888,0.6765,0.5888,0.0112,本圈台阶完成,1,0.0000,0.150,0.330
5864.769,SEEK_CROSSWALK,7.184,1,3.843,0.0000,0.0000,vision,2.671,3.816,0.000,,,tracking,0.1450,-0.0098,1,line_curve_center_riding,0.0071,0.0151,-0.1184,-0.4628,0.8625,7,0,0.0000,0,0.0043,0.1335,0.3444,0.4779,-0.1887,-0.0098,IDLE,1,0,step_done_latches_cleared,0,0,0.000,0,nan,nan,nan,0.0000,0,nan,nan,0,5,0.6000,0.5888,0.6765,0.5888,0.0112,本圈台阶完成,1,0.0000,0.150,0.330
5864.971,SEEK_CROSSWALK,7.386,1,3.843,0.0000,0.0000,vision,2.671,3.816,0.000,,,tracking,0.1450,0.0013,1,line_curve_center_riding,-0.0110,-0.0009,-0.1684,-0.5461,0.8553,7,0,0.0000,0,0.0000,0.1675,0.3777,0.5451,-0.2385,0.0013,IDLE,1,0,step_done_latches_cleared,0,0,0.000,0,nan,nan,nan,0.0000,0,nan,nan,0,5,0.6000,0.5888,0.6765,0.5888,0.0112,本圈台阶完成,1,0.0000,0.150,0.330
5865.111,SEEK_CROSSWALK,7.526,1,3.843,0.0000,0.0000,vision,2.671,3.816,0.000,,,tracking,0.1450,0.0151,1,line_curve_center_riding,-0.0257,-0.0136,-0.2150,-0.7522,0.8316,7,0,0.0000,0,0.0000,0.2014,0.5372,0.7386,-0.3270,0.0151,IDLE,1,0,step_done_latches_cleared,0,0,0.000,0,nan,nan,nan,0.0000,0,nan,nan,0,5,0.6000,0.5888,0.6765,0.5888,0.0112,本圈台阶完成,1,0.0000,0.150,0.330
5865.269,SEEK_CROSSWALK,7.685,1,3.843,0.0000,0.0000,vision,2.671,3.816,0.000,,,tracking,0.1450,0.0363,1,line_curve_center_riding,-0.0522,-0.0382,-0.2719,-0.5126,0.7646,6,0,0.0000,0,0.0043,0.2337,0.2407,0.4744,-0.2743,0.0363,IDLE,1,0,step_done_latches_cleared,0,0,0.000,0,nan,nan,nan,0.0000,0,nan,nan,0,5,0.6000,0.5888,0.6765,0.5888,0.0112,本圈台阶完成,1,0.0000,0.150,0.330
5865.427,SEEK_CROSSWALK,7.842,1,3.843,0.0000,0.0000,vision,2.671,3.816,0.000,,,tracking,0.1450,0.0530,1,line_curve_center_riding,-0.0645,-0.0487,-0.3123,-0.6052,0.7538,6,0,0.0000,0,0.0000,0.2636,0.2928,0.5564,-0.3221,0.0530,IDLE,1,0,step_done_latches_cleared,0,0,0.000,0,nan,nan,nan,0.0000,0,nan,nan,0,5,0.6000,0.5888,0.6765,0.5888,0.0112,本圈台阶完成,1,0.0000,0.150,0.330
5865.591,SEEK_CROSSWALK,8.006,1,3.843,0.0000,0.0000,vision,2.671,3.816,0.000,,,tracking,0.1450,0.0809,1,line_curve_center_riding,-0.0995,-0.0823,-0.3691,-0.6304,0.6562,5,0,0.0000,0,0.0000,0.2868,0.2613,0.5481,-0.3606,0.0809,IDLE,1,0,step_done_latches_cleared,0,0,0.000,0,nan,nan,nan,0.0000,0,nan,nan,0,5,0.6000,0.5888,0.6765,0.5888,0.0112,本圈台阶完成,1,0.0000,0.150,0.330
5865.722,SEEK_CROSSWALK,8.137,1,3.843,0.0000,0.0000,vision,2.671,3.816,0.000,,,tracking,0.1450,0.1063,1,line_curve_center_riding,-0.1205,-0.1021,-0.4081,-0.4751,0.6727,5,0,0.0000,0,0.0000,0.3060,0.0670,0.3729,-0.3284,0.1063,IDLE,1,0,step_done_latches_cleared,0,0,0.000,0,nan,nan,nan,0.0000,0,nan,nan,0,5,0.6000,0.5888,0.6765,0.5888,0.0112,本圈台阶完成,1,0.0000,0.150,0.330
5865.855,SEEK_CROSSWALK,8.271,1,3.843,0.0000,0.0000,vision,2.671,3.816,0.000,,,tracking,0.1450,0.1337,1,line_curve_center_riding,-0.1479,-0.1271,-0.4731,-0.5555,0.6650,5,0,0.0000,0,0.0000,0.3460,0.0824,0.4284,-0.3852,0.1337,IDLE,1,0,step_done_latches_cleared,0,0,0.000,0,nan,nan,nan,0.0000,0,nan,nan,0,5,0.6000,0.5888,0.6765,0.5888,0.0112,本圈台阶完成,1,0.0000,0.150,0.330
5866.001,SEEK_CROSSWALK,8.416,1,3.843,0.0000,0.0000,vision,2.671,3.816,0.000,,,tracking,0.1450,0.1632,1,line_curve_center_riding,-0.1777,-0.1561,-0.5154,-0.5780,0.6629,5,0,0.0000,0,0.0043,0.3593,0.0626,0.4219,-0.4165,0.1632,IDLE,1,0,step_done_latches_cleared,0,0,0.000,0,nan,nan,nan,0.0000,0,nan,nan,0,5,0.6000,0.5888,0.6765,0.5888,0.0112,本圈台阶完成,1,0.0000,0.150,0.330
5866.131,SEEK_CROSSWALK,8.547,1,3.843,0.0000,0.0000,vision,2.671,3.816,0.000,,,tracking,0.1948,0.1811,1,line_center_tracking,-0.1843,-0.1557,-0.2581,-0.2581,0.5124,3,0,0.0000,0,0.0000,0.1024,0.0000,0.1024,-0.2239,0.1811,IDLE,1,0,step_done_latches_cleared,0,0,0.000,0,nan,nan,nan,0.0000,0,nan,nan,0,5,0.6000,0.5888,0.6765,0.5888,0.0112,本圈台阶完成,1,0.0000,0.150,0.330
5866.276,SEEK_CROSSWALK,8.691,1,3.843,0.0000,0.0000,vision,2.671,3.816,0.000,,,tracking,0.1700,0.1748,1,line_curve_center_riding,-0.1588,-0.1429,-0.4076,-0.4076,0.5828,4,0,0.0000,0,0.0043,0.2647,0.0000,0.2647,-0.3193,0.1748,IDLE,1,0,step_done_latches_cleared,0,0,0.000,0,nan,nan,nan,0.0000,0,nan,nan,0,5,0.6000,0.5888,0.6765,0.5888,0.0112,本圈台阶完成,1,0.0000,0.150,0.330
5866.427,SEEK_CROSSWALK,8.842,1,3.843,0.0000,0.0000,vision,2.671,3.816,0.000,,,tracking,0.1450,0.1412,1,line_curve_center_riding,-0.1031,-0.0859,-0.3724,-0.3724,0.5844,4,0,0.0000,0,0.0000,0.2865,0.0000,0.2865,-0.2769,0.1412,IDLE,1,0,step_done_latches_cleared,0,0,0.000,0,nan,nan,nan,0.0000,0,nan,nan,0,5,0.6000,0.5888,0.6765,0.5888,0.0112,本圈台阶完成,1,0.0000,0.150,0.330
5866.579,SEEK_CROSSWALK,8.994,1,3.843,0.0000,0.0000,vision,2.671,3.816,0.000,,,tracking,0.1450,0.1247,1,line_curve_center_riding,-0.0993,-0.0699,-0.5604,-0.6585,0.6389,5,0,0.0000,0,0.0258,0.4905,0.0982,0.5887,-0.4296,0.1247,IDLE,1,0,step_done_latches_cleared,0,0,0.000,0,nan,nan,nan,0.0000,0,nan,nan,0,5,0.6000,0.5888,0.6765,0.5888,0.0112,本圈台阶完成,1,0.0000,0.150,0.330
5866.757,SEEK_CROSSWALK,9.172,1,3.843,0.0000,0.0000,vision,2.671,3.816,0.000,,,tracking,0.1450,0.1176,1,line_curve_center_riding,-0.1013,-0.0736,-0.5354,-0.6324,0.6412,5,0,0.0000,0,0.0129,0.4618,0.0970,0.5588,-0.4138,0.1176,IDLE,1,0,step_done_latches_cleared,0,0,0.000,0,nan,nan,nan,0.0000,0,nan,nan,0,5,0.6000,0.5888,0.6765,0.5888,0.0112,本圈台阶完成,1,0.0000,0.150,0.330
5866.898,SEEK_CROSSWALK,9.313,1,3.843,0.0000,0.0000,vision,2.671,3.816,0.000,,,tracking,0.1450,0.1053,1,line_curve_center_riding,-0.0871,-0.0579,-0.5448,-0.6486,0.6367,5,0,0.0000,0,0.0129,0.4869,0.1038,0.5907,-0.4171,0.1053,IDLE,1,0,step_done_latches_cleared,0,0,0.000,0,nan,nan,nan,0.0000,0,nan,nan,0,5,0.6000,0.5888,0.6765,0.5888,0.0112,本圈台阶完成,1,0.0000,0.150,0.330
5867.068,SEEK_CROSSWALK,9.483,1,3.843,0.0000,0.0000,vision,2.671,3.816,0.000,,,tracking,0.1450,0.0895,1,line_curve_center_riding,-0.0686,-0.0383,-0.5427,-0.6521,0.6353,5,0,0.0000,0,0.0086,0.5043,0.1095,0.6138,-0.4110,0.0895,IDLE,1,0,step_done_latches_cleared,0,0,0.000,0,nan,nan,nan,0.0000,0,nan,nan,0,5,0.6000,0.5888,0.6765,0.5888,0.0112,本圈台阶完成,1,0.0000,0.150,0.330
5867.197,SEEK_CROSSWALK,9.612,1,3.843,0.0000,0.0000,vision,2.671,3.816,0.000,,,tracking,0.1450,0.0894,1,line_curve_center_riding,-0.0815,-0.0510,-0.5595,-0.6895,0.6316,5,0,0.0000,0,0.0129,0.5085,0.1300,0.6385,-0.4333,0.0894,IDLE,1,0,step_done_latches_cleared,0,0,0.000,0,nan,nan,nan,0.0000,0,nan,nan,0,5,0.6000,0.5888,0.6765,0.5888,0.0112,本圈台阶完成,1,0.0000,0.150,0.330
5867.325,SEEK_CROSSWALK,9.740,1,3.843,0.0000,0.0000,vision,2.671,3.816,0.000,,,tracking,0.1700,0.0981,1,line_curve_center_riding,-0.0975,-0.0826,-0.3313,-0.3313,0.4836,3,0,0.0000,0,0.0086,0.2487,0.0000,0.2487,-0.2484,0.0981,IDLE,1,0,step_done_latches_cleared,0,0,0.000,0,nan,nan,nan,0.0000,0,nan,nan,0,5,0.6000,0.5888,0.6765,0.5888,0.0112,本圈台阶完成,1,0.0000,0.150,0.330
5867.480,SEEK_CROSSWALK,9.895,1,3.843,0.0000,0.0000,vision,2.671,3.816,0.000,,,tracking,0.2196,0.1181,1,line_center_tracking,-0.1265,-0.0957,-0.2059,-0.2059,0.5069,3,0,0.0000,0,0.0000,0.1103,0.0000,0.1103,-0.1692,0.1181,IDLE,1,0,step_done_latches_cleared,0,0,0.000,0,nan,nan,nan,0.0000,0,nan,nan,0,5,0.6000,0.5888,0.6765,0.5888,0.0112,本圈台阶完成,1,0.0000,0.150,0.330
5867.636,SEEK_CROSSWALK,10.051,1,3.843,0.0000,0.0000,vision,2.671,3.816,0.000,,,tracking,0.1700,0.1110,1,line_curve_center_riding,-0.0987,-0.0903,-0.2306,-0.2306,0.4871,3,0,0.0000,0,0.0043,0.1403,0.0000,0.1403,-0.1838,0.1110,IDLE,1,0,step_done_latches_cleared,0,0,0.000,0,nan,nan,nan,0.0000,0,nan,nan,0,5,0.6000,0.5888,0.6765,0.5888,0.0112,本圈台阶完成,1,0.0000,0.150,0.330
5867.774,SEEK_CROSSWALK,10.189,1,3.843,0.0000,0.0000,vision,2.671,3.816,0.000,,,tracking,0.2187,0.1219,1,line_center_tracking,-0.1211,-0.1114,-0.1460,-0.1460,0.3777,2,0,0.0000,0,0.0043,0.0346,0.0000,0.0346,-0.1345,0.1219,IDLE,1,0,step_done_latches_cleared,0,0,0.000,0,nan,nan,nan,0.0000,0,nan,nan,0,5,0.6000,0.5888,0.6765,0.5888,0.0112,本圈台阶完成,1,0.0000,0.150,0.330
5867.947,SEEK_CROSSWALK,10.362,1,3.843,0.0000,0.0000,vision,2.671,3.816,0.000,,,tracking,0.1680,0.1269,1,line_curve_center_riding,-0.1226,-0.1006,-0.4678,-0.4678,0.5552,4,0,0.0000,0,0.0172,0.3672,0.0000,0.3672,-0.3454,0.1269,IDLE,1,0,step_done_latches_cleared,0,0,0.000,0,nan,nan,nan,0.0000,0,nan,nan,0,5,0.6000,0.5888,0.6765,0.5888,0.0112,本圈台阶完成,1,0.0000,0.150,0.330
5868.118,SEEK_CROSSWALK,10.533,1,3.843,0.0000,0.0000,vision,2.671,3.816,0.000,,,tracking,0.2170,0.1283,1,line_center_tracking,-0.1204,-0.1146,-0.1354,-0.1354,0.4165,2,0,0.0000,0,0.0043,0.0208,0.0000,0.0208,-0.1285,0.1283,IDLE,1,0,step_done_latches_cleared,0,0,0.000,0,nan,nan,nan,0.0000,0,nan,nan,0,5,0.6000,0.5888,0.6765,0.5888,0.0112,本圈台阶完成,1,0.0000,0.150,0.330
5868.292,SEEK_CROSSWALK,10.708,1,3.843,0.0000,0.0000,vision,2.671,3.816,0.000,,,tracking,0.1663,0.1609,1,line_curve_center_riding,-0.1763,-0.1536,-0.5319,-0.5319,0.5589,4,0,0.0000,0,0.0129,0.3783,0.0000,0.3783,-0.4058,0.1609,IDLE,1,0,step_done_latches_cleared,0,0,0.000,0,nan,nan,nan,0.0000,0,nan,nan,0,5,0.6000,0.5888,0.6765,0.5888,0.0112,本圈台阶完成,1,0.0000,0.150,0.330
5868.538,SEEK_CROSSWALK,10.953,1,3.843,0.0000,0.0000,vision,2.671,3.816,0.000,,,tracking,0.1450,0.2316,1,line_curve_center_riding,-0.2793,-0.2509,-0.7240,-0.7240,0.5304,4,0,0.0000,0,0.1074,0.4731,0.0000,0.4731,-0.5663,0.2316,IDLE,1,0,step_done_latches_cleared,0,0,0.000,0,nan,nan,nan,0.0000,0,nan,nan,0,5,0.6000,0.5888,0.6765,0.5888,0.0112,本圈台阶完成,1,0.0000,0.150,0.330
5868.928,SEEK_CROSSWALK,11.343,1,3.843,0.0000,0.0000,vision,2.671,3.816,0.000,,,tracking,0.1672,0.3221,1,line_center_tracking,-0.3861,-0.3778,-0.4074,-0.4074,0.3918,2,0,0.0000,0,0.0645,0.0296,0.0000,0.0296,-0.3975,0.3221,IDLE,1,0,step_done_latches_cleared,0,0,0.000,0,nan,nan,nan,0.0000,0,nan,nan,0,5,0.6000,0.5888,0.6765,0.5888,0.0112,本圈台阶完成,1,0.0000,0.150,0.330
5869.361,SEEK_CROSSWALK,11.776,1,3.843,0.0000,0.0000,vision,2.671,3.816,0.000,,,line_bridge_loss,0.1165,0.1288,0,line_too_few_bands,0.0000,0.0000,0.0000,0.0000,0.0000,0,0,0.0000,0,0.1117,0.0000,0.0000,0.0000,0.0000,0.1288,IDLE,1,0,step_done_latches_cleared,0,0,0.000,0,nan,nan,nan,0.0000,0,nan,nan,0,5,0.6000,0.5888,0.6765,0.5888,0.0112,本圈台阶完成,1,0.0000,0.150,0.330
5869.770,SEEK_CROSSWALK,12.185,1,3.843,0.0000,0.0000,vision,2.671,3.816,0.000,,,line_lost_stop,0.0659,0.0000,0,line_too_few_bands,0.0000,0.0000,0.0000,0.0000,0.0000,0,0,0.0000,0,0.1590,0.0000,0.0000,0.0000,0.0000,0.0000,IDLE,1,0,step_done_latches_cleared,0,0,0.000,0,nan,nan,nan,0.0000,0,nan,nan,0,5,0.6000,0.5888,0.6765,0.5888,0.0112,本圈台阶完成,1,0.0000,0.150,0.330
5869.954,SEEK_CROSSWALK,12.369,1,3.843,0.0000,0.0000,vision,2.671,3.816,0.000,,,line_lost_stop,0.0152,0.0000,0,line_too_few_bands,0.0000,0.0000,0.0000,0.0000,0.0000,0,0,0.0000,1,1.0000,0.0000,0.0000,0.0000,0.0000,0.0000,IDLE,1,0,step_done_latches_cleared,0,0,0.000,0,nan,nan,nan,0.0000,0,nan,nan,0,5,0.6000,0.5888,0.6765,0.5888,0.0112,本圈台阶完成,1,0.0000,0.150,0.330
5870.155,SEEK_CROSSWALK,12.570,1,3.843,0.0000,0.0000,vision,2.671,3.816,0.000,,,line_lost_stop,0.0000,0.0000,0,line_too_few_bands,0.0000,0.0000,0.0000,0.0000,0.0000,0,0,0.0000,1,1.0000,0.0000,0.0000,0.0000,0.0000,0.0000,IDLE,1,0,step_done_latches_cleared,0,0,0.000,0,nan,nan,nan,0.0000,0,nan,nan,0,5,0.6000,0.5888,0.6765,0.5888,0.0112,本圈台阶完成,1,0.0000,0.150,0.330
5870.333,SEEK_CROSSWALK,12.748,1,3.843,0.0000,0.0000,vision,2.671,3.816,0.000,,,line_lost_stop,0.0000,0.0000,0,line_too_few_bands,0.0000,0.0000,0.0000,0.0000,0.0000,0,0,0.0000,1,1.0000,0.0000,0.0000,0.0000,0.0000,0.0000,IDLE,1,0,step_done_latches_cleared,0,0,0.000,0,nan,nan,nan,0.0000,0,nan,nan,0,5,0.6000,0.5888,0.6765,0.5888,0.0112,本圈台阶完成,1,0.0000,0.150,0.330
5870.604,SEEK_CROSSWALK,13.019,1,3.843,0.0000,0.0000,vision,2.671,3.816,0.000,,,line_lost_stop,0.0000,0.0000,0,line_too_few_bands,0.0000,0.0000,0.0000,0.0000,0.0000,0,0,0.0000,1,1.0000,0.0000,0.0000,0.0000,0.0000,0.0000,IDLE,1,0,step_done_latches_cleared,0,0,0.000,0,nan,nan,nan,0.0000,0,nan,nan,0,5,0.6000,0.5888,0.6765,0.5888,0.0112,本圈台阶完成,1,0.0000,0.150,0.330
5871.046,SEEK_CROSSWALK,13.461,1,3.843,0.0000,0.0000,vision,2.671,3.816,0.000,,,line_lost_stop,0.0000,0.0000,0,line_too_few_bands,0.0000,0.0000,0.0000,0.0000,0.0000,0,0,0.0000,1,1.0000,0.0000,0.0000,0.0000,0.0000,0.0000,IDLE,1,0,step_done_latches_cleared,0,0,0.000,0,nan,nan,nan,0.0000,0,nan,nan,0,5,0.6000,0.5888,0.6765,0.5888,0.0112,本圈台阶完成,1,0.0000,0.150,0.330
5871.387,SEEK_CROSSWALK,13.802,1,3.843,0.0000,0.0000,vision,2.671,3.816,0.000,,,line_lost_stop,0.0000,0.0000,0,line_too_few_bands,0.0000,0.0000,0.0000,0.0000,0.0000,0,0,0.0000,1,1.0000,0.0000,0.0000,0.0000,0.0000,0.0000,IDLE,1,0,step_done_latches_cleared,0,0,0.000,0,nan,nan,nan,0.0000,0,nan,nan,0,5,0.6000,0.5888,0.6765,0.5888,0.0112,本圈台阶完成,1,0.0000,0.150,0.330
5871.739,SEEK_CROSSWALK,14.154,1,3.843,0.0000,0.0000,vision,2.671,3.816,0.000,,,line_lost_stop,0.0000,0.0000,0,line_too_few_bands,0.0000,0.0000,0.0000,0.0000,0.0000,0,0,0.0000,1,1.0000,0.0000,0.0000,0.0000,0.0000,0.0000,IDLE,1,0,step_done_latches_cleared,0,0,0.000,0,nan,nan,nan,0.0000,0,nan,nan,0,5,0.6000,0.5888,0.6765,0.5888,0.0112,本圈台阶完成,1,0.0000,0.150,0.330
5871.870,SEEK_CROSSWALK,14.285,1,3.843,0.0000,0.0000,vision,2.671,3.816,0.000,,,line_lost_stop,0.0000,0.0000,0,line_too_few_bands,0.0000,0.0000,0.0000,0.0000,0.0000,0,0,0.0000,1,1.0000,0.0000,0.0000,0.0000,0.0000,0.0000,IDLE,1,0,step_done_latches_cleared,0,0,0.000,0,nan,nan,nan,0.0000,0,nan,nan,0,5,0.6000,0.5888,0.6765,0.5888,0.0112,本圈台阶完成,1,0.0000,0.150,0.330
5872.014,SEEK_CROSSWALK,14.429,1,3.843,0.0000,0.0000,vision,2.671,3.816,0.000,,,line_lost_stop,0.0000,0.0000,0,line_too_few_bands,0.0000,0.0000,0.0000,0.0000,0.0000,0,0,0.0000,1,1.0000,0.0000,0.0000,0.0000,0.0000,0.0000,IDLE,1,0,step_done_latches_cleared,0,0,0.000,0,nan,nan,nan,0.0000,0,nan,nan,0,5,0.6000,0.5888,0.6765,0.5888,0.0112,本圈台阶完成,1,0.0000,0.150,0.330
5872.193,SEEK_CROSSWALK,14.608,1,3.843,0.0000,0.0000,vision,2.671,3.816,0.000,,,line_lost_stop,0.0000,0.0000,0,line_too_few_bands,0.0000,0.0000,0.0000,0.0000,0.0000,0,0,0.0000,1,1.0000,0.0000,0.0000,0.0000,0.0000,0.0000,IDLE,1,0,step_done_latches_cleared,0,0,0.000,0,nan,nan,nan,0.0000,0,nan,nan,0,5,0.6000,0.5888,0.6765,0.5888,0.0112,本圈台阶完成,1,0.0000,0.150,0.330
5872.459,SEEK_CROSSWALK,14.874,1,3.843,0.0000,0.0000,vision,2.671,3.816,0.000,,,line_lost_stop,0.0000,0.0000,0,line_too_few_bands,0.0000,0.0000,0.0000,0.0000,0.0000,0,0,0.0000,0,0.2149,0.0000,0.0000,0.0000,0.0000,0.0000,IDLE,1,0,step_done_latches_cleared,0,0,0.000,0,nan,nan,nan,0.0000,0,nan,nan,0,5,0.6000,0.5888,0.6765,0.5888,0.0112,本圈台阶完成,1,0.0000,0.150,0.330
5872.636,SEEK_CROSSWALK,15.051,1,3.843,0.0000,0.0000,vision,2.671,3.816,0.000,,,line_lost_stop,0.0000,0.0000,0,line_too_few_bands,0.0000,0.0000,0.0000,0.0000,0.0000,0,0,0.0000,0,0.1676,0.0000,0.0000,0.0000,0.0000,0.0000,IDLE,1,0,step_done_latches_cleared,0,0,0.000,0,nan,nan,nan,0.0000,0,nan,nan,0,5,0.6000,0.5888,0.6765,0.5888,0.0112,本圈台阶完成,1,0.0000,0.150,0.330
5872.889,SEEK_CROSSWALK,15.304,1,3.843,0.0000,0.0000,vision,2.671,3.816,0.000,,,line_lost_stop,0.0000,0.0000,0,line_too_few_bands,0.0000,0.0000,0.0000,0.0000,0.0000,0,0,0.0000,0,0.3137,0.0000,0.0000,0.0000,0.0000,0.0000,IDLE,1,0,step_done_latches_cleared,0,0,0.000,0,nan,nan,nan,0.0000,0,nan,nan,0,5,0.6000,0.5888,0.6765,0.5888,0.0112,本圈台阶完成,1,0.0000,0.150,0.330
5873.051,SEEK_CROSSWALK,15.466,1,3.843,0.0000,0.0000,vision,2.671,3.816,0.000,,,tracking,0.0507,0.3333,1,line_edge_single_rescue,-0.6656,-0.6656,-0.6656,-0.6656,0.3100,1,0,0.0000,0,0.3352,0.0000,0.0000,0.0000,-0.6656,0.3333,IDLE,1,0,step_done_latches_cleared,0,0,0.000,0,nan,nan,nan,0.0000,0,nan,nan,0,5,0.6000,0.5888,0.6765,0.5888,0.0112,本圈台阶完成,1,0.0000,0.150,0.330
5873.276,SEEK_CROSSWALK,15.691,1,3.843,0.0000,0.0000,vision,2.671,3.816,0.000,,,tracking,0.1013,0.4477,1,line_center_tracking,-0.3599,-0.3512,-0.3821,-0.3821,0.3881,2,0,0.0000,0,0.2793,0.0309,0.0000,0.0309,-0.3718,0.4477,IDLE,1,0,step_done_latches_cleared,0,0,0.000,0,nan,nan,nan,0.0000,0,nan,nan,0,5,0.6000,0.5888,0.6765,0.5888,0.0112,本圈台阶完成,1,0.0000,0.150,0.330
5873.516,SEEK_CROSSWALK,15.931,1,3.843,0.0000,0.0000,vision,2.671,3.816,0.000,,,tracking,0.1496,0.3905,1,line_curve_center_riding,-0.3076,-0.2961,-0.4877,-0.4877,0.4725,3,0,0.0000,0,0.1934,0.1916,0.0000,0.1916,-0.4238,0.3905,IDLE,1,0,step_done_latches_cleared,0,0,0.000,0,nan,nan,nan,0.0000,0,nan,nan,0,5,0.6000,0.5888,0.6765,0.5888,0.0112,本圈台阶完成,1,0.0000,0.150,0.330
5873.747,SEEK_CROSSWALK,16.162,1,3.843,0.0000,0.0000,vision,2.671,3.816,0.000,,,tracking,0.1450,0.2612,1,line_curve_center_riding,-0.1254,-0.0902,-0.6762,-0.7659,0.6152,5,0,0.0000,0,0.0258,0.5860,0.0897,0.6757,-0.5108,0.2612,IDLE,1,0,step_done_latches_cleared,0,0,0.000,0,nan,nan,nan,0.0000,0,nan,nan,0,5,0.6000,0.5888,0.6765,0.5888,0.0112,本圈台阶完成,1,0.0000,0.150,0.330
5873.933,SEEK_CROSSWALK,16.348,1,3.843,0.2000,0.0000,vision,2.671,3.816,0.000,,,tracking,0.1404,0.1058,1,line_recenter_transition,0.0409,0.0537,-0.5871,-0.7023,0.6074,5,0,0.0000,0,0.0043,0.6408,0.1152,0.7560,-0.4119,0.1058,IDLE,1,0,step_done_latches_cleared,0,0,0.000,0,nan,nan,nan,0.0000,0,nan,nan,0,5,0.6000,0.5888,0.6765,0.5888,0.0112,本圈台阶完成,1,0.0000,0.150,0.330
5874.060,SEEK_CROSSWALK,16.476,1,3.843,0.0000,0.0000,vision,2.671,3.816,0.000,,,tracking,0.1450,-0.0054,1,line_recenter_transition,0.1023,0.1141,-0.4763,-0.5981,0.6163,5,0,0.0000,0,0.0043,0.5903,0.1219,0.7122,-0.3201,-0.0054,IDLE,1,0,step_done_latches_cleared,0,0,0.000,0,nan,nan,nan,0.0000,0,nan,nan,0,5,0.6000,0.5888,0.6765,0.5888,0.0112,本圈台阶完成,1,0.0000,0.150,0.330
5874.193,SEEK_CROSSWALK,16.608,1,3.843,0.0000,0.0000,vision,2.671,3.816,0.000,,,tracking,0.1450,-0.0637,1,line_recenter_transition,0.1162,0.1223,-0.1835,-0.1835,0.5661,4,0,0.0000,0,0.0000,0.3058,0.0000,0.3058,-0.0816,-0.0637,IDLE,1,0,step_done_latches_cleared,0,0,0.000,0,nan,nan,nan,0.0000,0,nan,nan,0,5,0.6000,0.5888,0.6765,0.5888,0.0112,本圈台阶完成,1,0.0000,0.150,0.330
5874.329,SEEK_CROSSWALK,16.744,1,3.843,0.0000,0.0000,vision,2.671,3.816,0.000,,,tracking,0.1450,-0.0915,1,line_recenter_transition,0.1132,0.1195,-0.1988,-0.1988,0.5660,4,0,0.0000,0,0.0000,0.3183,0.0000,0.3183,-0.0927,-0.0915,IDLE,1,0,step_done_latches_cleared,0,0,0.000,0,nan,nan,nan,0.0000,0,nan,nan,0,5,0.6000,0.5888,0.6765,0.5888,0.0112,本圈台阶完成,1,0.0000,0.150,0.330
5874.485,SEEK_CROSSWALK,16.900,1,3.843,0.0000,0.0000,vision,2.671,3.816,0.000,,,tracking,0.1394,-0.0695,1,line_recenter_transition,0.0496,0.0625,-0.5842,-0.7020,0.6063,5,0,0.0000,0,0.0043,0.6468,0.1177,0.7645,-0.4079,-0.0695,IDLE,1,0,step_done_latches_cleared,0,0,0.000,0,nan,nan,nan,0.0000,0,nan,nan,0,5,0.6000,0.5888,0.6765,0.5888,0.0112,本圈台阶完成,1,0.0000,0.150,0.330
5874.646,SEEK_CROSSWALK,17.061,1,3.843,0.0000,0.0000,vision,2.671,3.816,0.000,,,tracking,0.1450,0.0323,1,line_curve_center_riding,-0.1150,-0.0854,-0.5782,-0.5782,0.5248,4,0,0.0000,0,0.0043,0.4928,0.0000,0.4928,-0.4139,0.0323,IDLE,1,0,step_done_latches_cleared,0,0,0.000,0,nan,nan,nan,0.0000,0,nan,nan,0,5,0.6000,0.5888,0.6765,0.5888,0.0112,本圈台阶完成,1,0.0000,0.150,0.330
5874.789,SEEK_CROSSWALK,17.204,1,3.843,0.0000,0.0000,vision,2.671,3.816,0.000,,,tracking,0.1700,0.1561,1,line_curve_center_riding,-0.2515,-0.2369,-0.4802,-0.4802,0.4444,3,0,0.0000,0,0.0043,0.2433,0.0000,0.2433,-0.3991,0.1561,IDLE,1,0,step_done_latches_cleared,0,0,0.000,0,nan,nan,nan,0.0000,0,nan,nan,0,5,0.6000,0.5888,0.6765,0.5888,0.0112,本圈台阶完成,1,0.0000,0.150,0.330
5875.065,SEEK_CROSSWALK,17.480,1,3.843,0.0000,0.0000,vision,2.671,3.816,0.000,,,line_bridge_loss,0.1193,0.0624,0,line_too_few_bands,0.0000,0.0000,0.0000,0.0000,0.0000,1,0,0.0000,0,0.0215,0.0000,0.0000,0.0000,0.0000,0.0624,IDLE,1,0,step_done_latches_cleared,0,0,0.000,0,nan,nan,nan,0.0000,0,nan,nan,0,5,0.6000,0.5888,0.6765,0.5888,0.0112,本圈台阶完成,1,0.0000,0.150,0.330
5875.534,SEEK_CROSSWALK,17.950,1,3.843,0.0000,0.0000,vision,2.671,3.816,0.000,,,line_loss_hold,0.0687,0.0000,0,line_too_few_bands,0.0000,0.0000,0.0000,0.0000,0.0000,0,0,0.0000,1,0.6493,0.0000,0.0000,0.0000,0.0000,0.0000,IDLE,1,0,step_done_latches_cleared,0,0,0.000,0,nan,nan,nan,0.0000,0,nan,nan,0,5,0.6000,0.5888,0.6765,0.5888,0.0112,本圈台阶完成,1,0.0000,0.150,0.330
5876.078,SEEK_CROSSWALK,18.493,1,3.843,0.0000,0.0000,vision,2.671,3.816,0.000,,,line_lost_stop,0.0180,0.0000,0,line_too_few_bands,0.0000,0.0000,0.0000,0.0000,0.0000,0,0,0.0000,1,1.0000,0.0000,0.0000,0.0000,0.0000,0.0000,IDLE,1,0,step_done_latches_cleared,0,0,0.000,0,nan,nan,nan,0.0000,0,nan,nan,0,5,0.6000,0.5888,0.6765,0.5888,0.0112,本圈台阶完成,1,0.0000,0.150,0.330
5876.656,SEEK_CROSSWALK,19.071,1,3.843,0.0000,0.0000,vision,2.671,3.816,0.000,,,line_lost_stop,0.0000,0.0000,0,line_too_few_bands,0.0000,0.0000,0.0000,0.0000,0.0000,0,0,0.0000,1,1.0000,0.0000,0.0000,0.0000,0.0000,0.0000,IDLE,1,0,step_done_latches_cleared,0,0,0.000,0,nan,nan,nan,0.0000,0,nan,nan,0,5,0.6000,0.5888,0.6765,0.5888,0.0112,本圈台阶完成,1,0.0000,0.150,0.330
5876.810,SEEK_CROSSWALK,19.225,1,3.843,0.0000,0.0000,vision,2.671,3.816,0.000,,,line_lost_stop,0.0000,0.0000,0,line_too_few_bands,0.0000,0.0000,0.0000,0.0000,0.0000,0,0,0.0000,1,1.0000,0.0000,0.0000,0.0000,0.0000,0.0000,IDLE,1,0,step_done_latches_cleared,0,0,0.000,0,nan,nan,nan,0.0000,0,nan,nan,0,5,0.6000,0.5888,0.6765,0.5888,0.0112,本圈台阶完成,1,0.0000,0.150,0.330
5876.953,SEEK_CROSSWALK,19.369,1,3.843,0.0000,0.0000,vision,2.671,3.816,0.000,,,line_lost_stop,0.0000,0.0000,0,line_too_few_bands,0.0000,0.0000,0.0000,0.0000,0.0000,0,0,0.0000,1,1.0000,0.0000,0.0000,0.0000,0.0000,0.0000,IDLE,1,0,step_done_latches_cleared,0,0,0.000,0,nan,nan,nan,0.0000,0,nan,nan,0,5,0.6000,0.5888,0.6765,0.5888,0.0112,本圈台阶完成,1,0.0000,0.150,0.330
5877.114,SEEK_CROSSWALK,19.529,1,3.843,0.0000,0.0000,vision,2.671,3.816,0.000,,,line_lost_stop,0.0000,0.0000,0,line_too_few_bands,0.0000,0.0000,0.0000,0.0000,0.0000,0,0,0.0000,1,1.0000,0.0000,0.0000,0.0000,0.0000,0.0000,IDLE,1,0,step_done_latches_cleared,0,0,0.000,0,nan,nan,nan,0.0000,0,nan,nan,0,5,0.6000,0.5888,0.6765,0.5888,0.0112,本圈台阶完成,1,0.0000,0.150,0.330
5877.412,SEEK_CROSSWALK,19.827,1,3.843,0.0000,0.0000,vision,2.671,3.816,0.000,,,line_lost_stop,0.0000,0.0000,0,line_too_few_bands,0.0000,0.0000,0.0000,0.0000,0.0000,0,0,0.0000,1,1.0000,0.0000,0.0000,0.0000,0.0000,0.0000,IDLE,1,0,step_done_latches_cleared,0,0,0.000,0,nan,nan,nan,0.0000,0,nan,nan,0,5,0.6000,0.5888,0.6765,0.5888,0.0112,本圈台阶完成,1,0.0000,0.150,0.330
5877.629,SEEK_CROSSWALK,20.044,1,3.843,0.0000,0.0000,vision,2.671,3.816,0.000,,,line_lost_stop,0.0000,0.0000,0,line_too_few_bands,0.0000,0.0000,0.0000,0.0000,0.0000,0,0,0.0000,1,1.0000,0.0000,0.0000,0.0000,0.0000,0.0000,IDLE,1,0,step_done_latches_cleared,0,0,0.000,0,nan,nan,nan,0.0000,0,nan,nan,0,5,0.6000,0.5888,0.6765,0.5888,0.0112,本圈台阶完成,1,0.0000,0.150,0.330
5877.866,SEEK_CROSSWALK,20.281,1,3.843,0.0000,0.0000,vision,2.671,3.816,0.000,,,line_lost_stop,0.0000,0.0000,0,line_too_few_bands,0.0000,0.0000,0.0000,0.0000,0.0000,0,0,0.0000,1,1.0000,0.0000,0.0000,0.0000,0.0000,0.0000,IDLE,1,0,step_done_latches_cleared,0,0,0.000,0,nan,nan,nan,0.0000,0,nan,nan,0,5,0.6000,0.5888,0.6765,0.5888,0.0112,本圈台阶完成,1,0.0000,0.150,0.330
5878.098,SEEK_CROSSWALK,20.513,1,3.843,0.0000,0.0000,vision,2.671,3.816,0.000,,,line_lost_stop,0.0000,0.0000,0,line_too_few_bands,0.0000,0.0000,0.0000,0.0000,0.0000,0,0,0.0000,1,1.0000,0.0000,0.0000,0.0000,0.0000,0.0000,IDLE,1,0,step_done_latches_cleared,0,0,0.000,0,nan,nan,nan,0.0000,0,nan,nan,0,5,0.6000,0.5888,0.6765,0.5888,0.0112,本圈台阶完成,1,0.0000,0.150,0.330
5878.269,SEEK_CROSSWALK,20.684,1,3.843,0.0000,0.0000,vision,2.671,3.816,0.000,,,line_lost_stop,0.0000,0.0000,0,line_too_few_bands,0.0000,0.0000,0.0000,0.0000,0.0000,0,0,0.0000,1,1.0000,0.0000,0.0000,0.0000,0.0000,0.0000,IDLE,1,0,step_done_latches_cleared,0,0,0.000,0,nan,nan,nan,0.0000,0,nan,nan,0,5,0.6000,0.5888,0.6765,0.5888,0.0112,本圈台阶完成,1,0.0000,0.150,0.330
5878.500,SEEK_CROSSWALK,20.915,1,3.843,0.0000,0.0000,vision,2.671,3.816,0.000,,,line_lost_stop,0.0000,0.0000,0,line_too_few_bands,0.0000,0.0000,0.0000,0.0000,0.0000,0,0,0.0000,1,1.0000,0.0000,0.0000,0.0000,0.0000,0.0000,IDLE,1,0,step_done_latches_cleared,0,0,0.000,0,nan,nan,nan,0.0000,0,nan,nan,0,5,0.6000,0.5888,0.6765,0.5888,0.0112,本圈台阶完成,1,0.0000,0.150,0.330
5878.712,SEEK_CROSSWALK,21.127,1,3.843,0.0000,0.0000,vision,2.671,3.816,0.000,,,line_lost_stop,0.0000,0.0000,0,line_too_few_bands,0.0000,0.0000,0.0000,0.0000,0.0000,0,0,0.0000,1,1.0000,0.0000,0.0000,0.0000,0.0000,0.0000,IDLE,1,0,step_done_latches_cleared,0,0,0.000,0,nan,nan,nan,0.0000,0,nan,nan,0,5,0.6000,0.5888,0.6765,0.5888,0.0112,本圈台阶完成,1,0.0000,0.150,0.330
5878.896,SEEK_CROSSWALK,21.311,1,3.843,0.0000,0.0000,vision,2.671,3.816,0.000,,,line_lost_stop,0.0000,0.0000,0,line_too_few_bands,0.0000,0.0000,0.0000,0.0000,0.0000,0,0,0.0000,1,1.0000,0.0000,0.0000,0.0000,0.0000,0.0000,IDLE,1,0,step_done_latches_cleared,0,0,0.000,0,nan,nan,nan,0.0000,0,nan,nan,0,5,0.6000,0.5888,0.6765,0.5888,0.0112,本圈台阶完成,1,0.0000,0.150,0.330
5879.035,SEEK_CROSSWALK,21.450,1,3.843,0.0000,0.0000,vision,2.671,3.816,0.000,,,line_lost_stop,0.0000,0.0000,0,line_too_few_bands,0.0000,0.0000,0.0000,0.0000,0.0000,0,0,0.0000,1,1.0000,0.0000,0.0000,0.0000,0.0000,0.0000,IDLE,1,0,step_done_latches_cleared,0,0,0.000,0,nan,nan,nan,0.0000,0,nan,nan,0,5,0.6000,0.5888,0.6765,0.5888,0.0112,本圈台阶完成,1,0.0000,0.150,0.330
5879.163,SEEK_CROSSWALK,21.578,1,3.843,0.0000,0.0000,vision,2.671,3.816,0.000,,,line_lost_stop,0.0000,0.0000,0,line_too_few_bands,0.0000,0.0000,0.0000,0.0000,0.0000,0,0,0.0000,1,1.0000,0.0000,0.0000,0.0000,0.0000,0.0000,IDLE,1,0,step_done_latches_cleared,0,0,0.000,0,nan,nan,nan,0.0000,0,nan,nan,0,5,0.6000,0.5888,0.6765,0.5888,0.0112,本圈台阶完成,1,0.0000,0.150,0.330
5879.296,SEEK_CROSSWALK,21.711,1,3.843,0.0000,0.0000,vision,2.671,3.816,0.000,,,line_lost_stop,0.0000,0.0000,0,line_too_few_bands,0.0000,0.0000,0.0000,0.0000,0.0000,0,0,0.0000,1,1.0000,0.0000,0.0000,0.0000,0.0000,0.0000,IDLE,1,0,step_done_latches_cleared,0,0,0.000,0,nan,nan,nan,0.0000,0,nan,nan,0,5,0.6000,0.5888,0.6765,0.5888,0.0112,本圈台阶完成,1,0.0000,0.150,0.330
5879.438,SEEK_CROSSWALK,21.853,1,3.843,0.0000,0.0000,vision,2.671,3.816,0.000,,,line_lost_stop,0.0000,0.0000,0,line_too_few_bands,0.0000,0.0000,0.0000,0.0000,0.0000,0,0,0.0000,1,1.0000,0.0000,0.0000,0.0000,0.0000,0.0000,IDLE,1,0,step_done_latches_cleared,0,0,0.000,0,nan,nan,nan,0.0000,0,nan,nan,0,5,0.6000,0.5888,0.6765,0.5888,0.0112,本圈台阶完成,1,0.0000,0.150,0.330
5879.641,SEEK_CROSSWALK,22.056,1,3.843,0.0000,0.0000,vision,2.671,3.816,0.000,,,line_lost_stop,0.0000,0.0000,0,line_too_few_bands,0.0000,0.0000,0.0000,0.0000,0.0000,0,0,0.0000,1,1.0000,0.0000,0.0000,0.0000,0.0000,0.0000,IDLE,1,0,step_done_latches_cleared,0,0,0.000,0,nan,nan,nan,0.0000,0,nan,nan,0,5,0.6000,0.5888,0.6765,0.5888,0.0112,本圈台阶完成,1,0.0000,0.150,0.330
5879.833,SEEK_CROSSWALK,22.248,1,3.843,0.0000,0.0000,vision,2.671,3.816,0.000,,,line_lost_stop,0.0000,0.0000,0,line_too_few_bands,0.0000,0.0000,0.0000,0.0000,0.0000,0,0,0.0000,1,1.0000,0.0000,0.0000,0.0000,0.0000,0.0000,IDLE,1,0,step_done_latches_cleared,0,0,0.000,0,nan,nan,nan,0.0000,0,nan,nan,0,5,0.6000,0.5888,0.6765,0.5888,0.0112,本圈台阶完成,1,0.0000,0.150,0.330
5879.977,SEEK_CROSSWALK,22.392,1,3.843,0.0000,0.0000,vision,2.671,3.816,0.000,,,line_lost_stop,0.0000,0.0000,0,line_too_few_bands,0.0000,0.0000,0.0000,0.0000,0.0000,0,0,0.0000,1,1.0000,0.0000,0.0000,0.0000,0.0000,0.0000,IDLE,1,0,step_done_latches_cleared,0,0,0.000,0,nan,nan,nan,0.0000,0,nan,nan,0,5,0.6000,0.5888,0.6765,0.5888,0.0112,本圈台阶完成,1,0.0000,0.150,0.330
5880.118,SEEK_CROSSWALK,22.533,1,3.843,0.0000,0.0000,vision,2.671,3.816,0.000,,,line_lost_stop,0.0000,0.0000,0,line_too_few_bands,0.0000,0.0000,0.0000,0.0000,0.0000,0,0,0.0000,1,1.0000,0.0000,0.0000,0.0000,0.0000,0.0000,IDLE,1,0,step_done_latches_cleared,0,0,0.000,0,nan,nan,nan,0.0000,0,nan,nan,0,5,0.6000,0.5888,0.6765,0.5888,0.0112,本圈台阶完成,1,0.0000,0.150,0.330
5880.244,SEEK_CROSSWALK,22.659,1,3.843,0.0000,0.0000,vision,2.671,3.816,0.000,,,line_lost_stop,0.0000,0.0000,0,line_too_few_bands,0.0000,0.0000,0.0000,0.0000,0.0000,0,0,0.0000,1,1.0000,0.0000,0.0000,0.0000,0.0000,0.0000,IDLE,1,0,step_done_latches_cleared,0,0,0.000,0,nan,nan,nan,0.0000,0,nan,nan,0,5,0.6000,0.5888,0.6765,0.5888,0.0112,本圈台阶完成,1,0.0000,0.150,0.330
5880.389,SEEK_CROSSWALK,22.804,1,3.843,0.0000,0.0000,vision,2.671,3.816,0.000,,,line_lost_stop,0.0000,0.0000,0,line_too_few_bands,0.0000,0.0000,0.0000,0.0000,0.0000,0,0,0.0000,1,1.0000,0.0000,0.0000,0.0000,0.0000,0.0000,IDLE,1,0,step_done_latches_cleared,0,0,0.000,0,nan,nan,nan,0.0000,0,nan,nan,0,5,0.6000,0.5888,0.6765,0.5888,0.0112,本圈台阶完成,1,0.0000,0.150,0.330
5880.547,SEEK_CROSSWALK,22.962,1,3.843,0.0000,0.0000,vision,2.671,3.816,0.000,,,line_lost_stop,0.0000,0.0000,0,line_too_few_bands,0.0000,0.0000,0.0000,0.0000,0.0000,0,0,0.0000,1,1.0000,0.0000,0.0000,0.0000,0.0000,0.0000,IDLE,1,0,step_done_latches_cleared,0,0,0.000,0,nan,nan,nan,0.0000,0,nan,nan,0,5,0.6000,0.5888,0.6765,0.5888,0.0112,本圈台阶完成,1,0.0000,0.150,0.330
5880.709,SEEK_CROSSWALK,23.124,1,3.843,0.0000,0.0000,vision,2.671,3.816,0.000,,,line_lost_stop,0.0000,0.0000,0,line_too_few_bands,0.0000,0.0000,0.0000,0.0000,0.0000,0,0,0.0000,1,1.0000,0.0000,0.0000,0.0000,0.0000,0.0000,IDLE,1,0,step_done_latches_cleared,0,0,0.000,0,nan,nan,nan,0.0000,0,nan,nan,0,5,0.6000,0.5888,0.6765,0.5888,0.0112,本圈台阶完成,1,0.0000,0.150,0.330
5880.847,SEEK_CROSSWALK,23.262,1,3.843,0.0000,0.0000,vision,2.671,3.816,0.000,,,line_lost_stop,0.0000,0.0000,0,line_too_few_bands,0.0000,0.0000,0.0000,0.0000,0.0000,0,0,0.0000,1,1.0000,0.0000,0.0000,0.0000,0.0000,0.0000,IDLE,1,0,step_done_latches_cleared,0,0,0.000,0,nan,nan,nan,0.0000,0,nan,nan,0,5,0.6000,0.5888,0.6765,0.5888,0.0112,本圈台阶完成,1,0.0000,0.150,0.330
5880.992,SEEK_CROSSWALK,23.407,1,3.843,0.0000,0.0000,vision,2.671,3.816,0.000,,,line_lost_stop,0.0000,0.0000,0,line_too_few_bands,0.0000,0.0000,0.0000,0.0000,0.0000,0,0,0.0000,1,1.0000,0.0000,0.0000,0.0000,0.0000,0.0000,IDLE,1,0,step_done_latches_cleared,0,0,0.000,0,nan,nan,nan,0.0000,0,nan,nan,0,5,0.6000,0.5888,0.6765,0.5888,0.0112,本圈台阶完成,1,0.0000,0.150,0.330
5881.159,SEEK_CROSSWALK,23.574,1,3.843,0.0000,0.0000,vision,2.671,3.816,0.000,,,line_lost_stop,0.0000,0.0000,0,line_too_few_bands,0.0000,0.0000,0.0000,0.0000,0.0000,0,0,0.0000,1,1.0000,0.0000,0.0000,0.0000,0.0000,0.0000,IDLE,1,0,step_done_latches_cleared,0,0,0.000,0,nan,nan,nan,0.0000,0,nan,nan,0,5,0.6000,0.5888,0.6765,0.5888,0.0112,本圈台阶完成,1,0.0000,0.150,0.330
5881.302,SEEK_CROSSWALK,23.717,1,3.843,0.0000,0.0000,vision,2.671,3.816,0.000,,,line_lost_stop,0.0000,0.0000,0,line_too_few_bands,0.0000,0.0000,0.0000,0.0000,0.0000,0,0,0.0000,1,1.0000,0.0000,0.0000,0.0000,0.0000,0.0000,IDLE,1,0,step_done_latches_cleared,0,0,0.000,0,nan,nan,nan,0.0000,0,nan,nan,0,5,0.6000,0.5888,0.6765,0.5888,0.0112,本圈台阶完成,1,0.0000,0.150,0.330
5881.448,SEEK_CROSSWALK,23.863,1,3.843,0.0000,0.0000,vision,2.671,3.816,0.000,,,line_lost_stop,0.0000,0.0000,0,line_too_few_bands,0.0000,0.0000,0.0000,0.0000,0.0000,0,0,0.0000,1,1.0000,0.0000,0.0000,0.0000,0.0000,0.0000,IDLE,1,0,step_done_latches_cleared,0,0,0.000,0,nan,nan,nan,0.0000,0,nan,nan,0,5,0.6000,0.5888,0.6765,0.5888,0.0112,本圈台阶完成,1,0.0000,0.150,0.330
5881.620,SEEK_CROSSWALK,24.035,1,3.843,0.0000,0.0000,vision,2.671,3.816,0.000,,,line_lost_stop,0.0000,0.0000,0,line_too_few_bands,0.0000,0.0000,0.0000,0.0000,0.0000,0,0,0.0000,1,1.0000,0.0000,0.0000,0.0000,0.0000,0.0000,IDLE,1,0,step_done_latches_cleared,0,0,0.000,0,nan,nan,nan,0.0000,0,nan,nan,0,5,0.6000,0.5888,0.6765,0.5888,0.0112,本圈台阶完成,1,0.0000,0.150,0.330
5881.762,SEEK_CROSSWALK,24.177,1,3.843,0.0000,0.0000,vision,2.671,3.816,0.000,,,line_lost_stop,0.0000,0.0000,0,line_too_few_bands,0.0000,0.0000,0.0000,0.0000,0.0000,0,0,0.0000,1,1.0000,0.0000,0.0000,0.0000,0.0000,0.0000,IDLE,1,0,step_done_latches_cleared,0,0,0.000,0,nan,nan,nan,0.0000,0,nan,nan,0,5,0.6000,0.5888,0.6765,0.5888,0.0112,本圈台阶完成,1,0.0000,0.150,0.330
5881.966,SEEK_CROSSWALK,24.381,1,3.843,0.0000,0.0000,vision,2.671,3.816,0.000,,,line_lost_stop,0.0000,0.0000,0,line_too_few_bands,0.0000,0.0000,0.0000,0.0000,0.0000,0,0,0.0000,1,1.0000,0.0000,0.0000,0.0000,0.0000,0.0000,IDLE,1,0,step_done_latches_cleared,0,0,0.000,0,nan,nan,nan,0.0000,0,nan,nan,0,5,0.6000,0.5888,0.6765,0.5888,0.0112,本圈台阶完成,1,0.0000,0.150,0.330
5882.128,SEEK_CROSSWALK,24.543,1,3.843,0.0000,0.0000,vision,2.671,3.816,0.000,,,line_lost_stop,0.0000,0.0000,0,line_too_few_bands,0.0000,0.0000,0.0000,0.0000,0.0000,0,0,0.0000,1,1.0000,0.0000,0.0000,0.0000,0.0000,0.0000,IDLE,1,0,step_done_latches_cleared,0,0,0.000,0,nan,nan,nan,0.0000,0,nan,nan,0,5,0.6000,0.5888,0.6765,0.5888,0.0112,本圈台阶完成,1,0.0000,0.150,0.330
5882.376,SEEK_CROSSWALK,24.791,1,3.843,0.0000,0.0000,vision,2.671,3.816,0.000,,,line_lost_stop,0.0000,0.0000,0,line_too_few_bands,0.0000,0.0000,0.0000,0.0000,0.0000,0,0,0.0000,1,1.0000,0.0000,0.0000,0.0000,0.0000,0.0000,IDLE,1,0,step_done_latches_cleared,0,0,0.000,0,nan,nan,nan,0.0000,0,nan,nan,0,5,0.6000,0.5888,0.6765,0.5888,0.0112,本圈台阶完成,1,0.0000,0.150,0.330
5882.580,SEEK_CROSSWALK,24.995,1,3.843,0.0000,0.0000,vision,2.671,3.816,0.000,,,line_lost_stop,0.0000,0.0000,0,line_too_few_bands,0.0000,0.0000,0.0000,0.0000,0.0000,0,0,0.0000,1,1.0000,0.0000,0.0000,0.0000,0.0000,0.0000,IDLE,1,0,step_done_latches_cleared,0,0,0.000,0,nan,nan,nan,0.0000,0,nan,nan,0,5,0.6000,0.5888,0.6765,0.5888,0.0112,本圈台阶完成,1,0.0000,0.150,0.330
5882.771,SEEK_CROSSWALK,25.186,1,3.843,0.0000,0.0000,vision,2.671,3.816,0.000,,,line_lost_stop,0.0000,0.0000,0,line_too_few_bands,0.0000,0.0000,0.0000,0.0000,0.0000,0,0,0.0000,1,1.0000,0.0000,0.0000,0.0000,0.0000,0.0000,IDLE,1,0,step_done_latches_cleared,0,0,0.000,0,nan,nan,nan,0.0000,0,nan,nan,0,5,0.6000,0.5888,0.6765,0.5888,0.0112,本圈台阶完成,1,0.0000,0.150,0.330
5882.967,SEEK_CROSSWALK,25.382,1,3.843,0.0000,0.0000,vision,2.671,3.816,0.000,,,line_lost_stop,0.0000,0.0000,0,line_too_few_bands,0.0000,0.0000,0.0000,0.0000,0.0000,0,0,0.0000,1,1.0000,0.0000,0.0000,0.0000,0.0000,0.0000,IDLE,1,0,step_done_latches_cleared,0,0,0.000,0,nan,nan,nan,0.0000,0,nan,nan,0,5,0.6000,0.5888,0.6765,0.5888,0.0112,本圈台阶完成,1,0.0000,0.150,0.330
5883.165,SEEK_CROSSWALK,25.580,1,3.843,0.0000,0.0000,vision,2.671,3.816,0.000,,,line_lost_stop,0.0000,0.0000,0,line_too_few_bands,0.0000,0.0000,0.0000,0.0000,0.0000,0,0,0.0000,1,1.0000,0.0000,0.0000,0.0000,0.0000,0.0000,IDLE,1,0,step_done_latches_cleared,0,0,0.000,0,nan,nan,nan,0.0000,0,nan,nan,0,5,0.6000,0.5888,0.6765,0.5888,0.0112,本圈台阶完成,1,0.0000,0.150,0.330
5883.314,SEEK_CROSSWALK,25.729,1,3.843,0.0000,0.0000,vision,2.671,3.816,0.000,,,line_lost_stop,0.0000,0.0000,0,line_too_few_bands,0.0000,0.0000,0.0000,0.0000,0.0000,0,0,0.0000,1,1.0000,0.0000,0.0000,0.0000,0.0000,0.0000,IDLE,1,0,step_done_latches_cleared,0,0,0.000,0,nan,nan,nan,0.0000,0,nan,nan,0,5,0.6000,0.5888,0.6765,0.5888,0.0112,本圈台阶完成,1,0.0000,0.150,0.330
5883.481,SEEK_CROSSWALK,25.896,1,3.843,0.0000,0.0000,vision,2.671,3.816,0.000,,,line_lost_stop,0.0000,0.0000,0,line_too_few_bands,0.0000,0.0000,0.0000,0.0000,0.0000,0,0,0.0000,1,1.0000,0.0000,0.0000,0.0000,0.0000,0.0000,IDLE,1,0,step_done_latches_cleared,0,0,0.000,0,nan,nan,nan,0.0000,0,nan,nan,0,5,0.6000,0.5888,0.6765,0.5888,0.0112,本圈台阶完成,1,0.0000,0.150,0.330
5883.676,SEEK_CROSSWALK,26.091,1,3.843,0.0000,0.0000,vision,2.671,3.816,0.000,,,line_lost_stop,0.0000,0.0000,0,line_too_few_bands,0.0000,0.0000,0.0000,0.0000,0.0000,0,0,0.0000,1,1.0000,0.0000,0.0000,0.0000,0.0000,0.0000,IDLE,1,0,step_done_latches_cleared,0,0,0.000,0,nan,nan,nan,0.0000,0,nan,nan,0,5,0.6000,0.5888,0.6765,0.5888,0.0112,本圈台阶完成,1,0.0000,0.150,0.330
5883.864,SEEK_CROSSWALK,26.279,1,3.843,0.0000,0.0000,vision,2.671,3.816,0.000,,,line_lost_stop,0.0000,0.0000,0,line_too_few_bands,0.0000,0.0000,0.0000,0.0000,0.0000,0,0,0.0000,1,1.0000,0.0000,0.0000,0.0000,0.0000,0.0000,IDLE,1,0,step_done_latches_cleared,0,0,0.000,0,nan,nan,nan,0.0000,0,nan,nan,0,5,0.6000,0.5888,0.6765,0.5888,0.0112,本圈台阶完成,1,0.0000,0.150,0.330
5884.025,SEEK_CROSSWALK,26.440,1,3.843,0.0000,0.0000,vision,2.671,3.816,0.000,,,line_lost_stop,0.0000,0.0000,0,line_too_few_bands,0.0000,0.0000,0.0000,0.0000,0.0000,0,0,0.0000,1,1.0000,0.0000,0.0000,0.0000,0.0000,0.0000,IDLE,1,0,step_done_latches_cleared,0,0,0.000,0,nan,nan,nan,0.0000,0,nan,nan,0,5,0.6000,0.5888,0.6765,0.5888,0.0112,本圈台阶完成,1,0.0000,0.150,0.330
5884.178,SEEK_CROSSWALK,26.593,1,3.843,0.0000,0.0000,vision,2.671,3.816,0.000,,,line_lost_stop,0.0000,0.0000,0,line_too_few_bands,0.0000,0.0000,0.0000,0.0000,0.0000,0,0,0.0000,1,1.0000,0.0000,0.0000,0.0000,0.0000,0.0000,IDLE,1,0,step_done_latches_cleared,0,0,0.000,0,nan,nan,nan,0.0000,0,nan,nan,0,5,0.6000,0.5888,0.6765,0.5888,0.0112,本圈台阶完成,1,0.0000,0.150,0.330
5884.321,SEEK_CROSSWALK,26.736,1,3.843,0.0000,0.0000,vision,2.671,3.816,0.000,,,line_lost_stop,0.0000,0.0000,0,line_too_few_bands,0.0000,0.0000,0.0000,0.0000,0.0000,0,0,0.0000,1,1.0000,0.0000,0.0000,0.0000,0.0000,0.0000,IDLE,1,0,step_done_latches_cleared,0,0,0.000,0,nan,nan,nan,0.0000,0,nan,nan,0,5,0.6000,0.5888,0.6765,0.5888,0.0112,本圈台阶完成,1,0.0000,0.150,0.330
5884.484,SEEK_CROSSWALK,26.899,1,3.843,0.0000,0.0000,vision,2.671,3.816,0.000,,,line_lost_stop,0.0000,0.0000,0,line_too_few_bands,0.0000,0.0000,0.0000,0.0000,0.0000,0,0,0.0000,1,1.0000,0.0000,0.0000,0.0000,0.0000,0.0000,IDLE,1,0,step_done_latches_cleared,0,0,0.000,0,nan,nan,nan,0.0000,0,nan,nan,0,5,0.6000,0.5888,0.6765,0.5888,0.0112,本圈台阶完成,1,0.0000,0.150,0.330
5884.685,SEEK_CROSSWALK,27.100,1,3.843,0.0000,0.0000,vision,2.671,3.816,0.000,,,line_lost_stop,0.0000,0.0000,0,line_too_few_bands,0.0000,0.0000,0.0000,0.0000,0.0000,0,0,0.0000,1,1.0000,0.0000,0.0000,0.0000,0.0000,0.0000,IDLE,1,0,step_done_latches_cleared,0,0,0.000,0,nan,nan,nan,0.0000,0,nan,nan,0,5,0.6000,0.5888,0.6765,0.5888,0.0112,本圈台阶完成,1,0.0000,0.150,0.330
5884.879,SEEK_CROSSWALK,27.294,1,3.843,0.0000,0.0000,vision,2.671,3.816,0.000,,,line_lost_stop,0.0000,0.0000,0,line_too_few_bands,0.0000,0.0000,0.0000,0.0000,0.0000,0,0,0.0000,1,1.0000,0.0000,0.0000,0.0000,0.0000,0.0000,IDLE,1,0,step_done_latches_cleared,0,0,0.000,0,nan,nan,nan,0.0000,0,nan,nan,0,5,0.6000,0.5888,0.6765,0.5888,0.0112,本圈台阶完成,1,0.0000,0.150,0.330
5885.072,SEEK_CROSSWALK,27.487,1,3.843,0.0000,0.0000,vision,2.671,3.816,0.000,,,line_lost_stop,0.0000,0.0000,0,line_too_few_bands,0.0000,0.0000,0.0000,0.0000,0.0000,0,0,0.0000,1,1.0000,0.0000,0.0000,0.0000,0.0000,0.0000,IDLE,1,0,step_done_latches_cleared,0,0,0.000,0,nan,nan,nan,0.0000,0,nan,nan,0,5,0.6000,0.5888,0.6765,0.5888,0.0112,本圈台阶完成,1,0.0000,0.150,0.330
5885.253,SEEK_CROSSWALK,27.669,1,3.843,0.0000,0.0000,vision,2.671,3.816,0.000,,,line_lost_stop,0.0000,0.0000,0,line_too_few_bands,0.0000,0.0000,0.0000,0.0000,0.0000,0,0,0.0000,1,1.0000,0.0000,0.0000,0.0000,0.0000,0.0000,IDLE,1,0,step_done_latches_cleared,0,0,0.000,0,nan,nan,nan,0.0000,0,nan,nan,0,5,0.6000,0.5888,0.6765,0.5888,0.0112,本圈台阶完成,1,0.0000,0.150,0.330
5885.405,SEEK_CROSSWALK,27.820,1,3.843,0.0000,0.0000,vision,2.671,3.816,0.000,,,line_lost_stop,0.0000,0.0000,0,line_too_few_bands,0.0000,0.0000,0.0000,0.0000,0.0000,0,0,0.0000,1,1.0000,0.0000,0.0000,0.0000,0.0000,0.0000,IDLE,1,0,step_done_latches_cleared,0,0,0.000,0,nan,nan,nan,0.0000,0,nan,nan,0,5,0.6000,0.5888,0.6765,0.5888,0.0112,本圈台阶完成,1,0.0000,0.150,0.330
5885.564,SEEK_CROSSWALK,27.979,1,3.843,0.0000,0.0000,vision,2.671,3.816,0.000,,,line_lost_stop,0.0000,0.0000,0,line_too_few_bands,0.0000,0.0000,0.0000,0.0000,0.0000,0,0,0.0000,1,1.0000,0.0000,0.0000,0.0000,0.0000,0.0000,IDLE,1,0,step_done_latches_cleared,0,0,0.000,0,nan,nan,nan,0.0000,0,nan,nan,0,5,0.6000,0.5888,0.6765,0.5888,0.0112,本圈台阶完成,1,0.0000,0.150,0.330
5885.726,SEEK_CROSSWALK,28.141,1,3.843,0.0000,0.0000,vision,2.671,3.816,0.000,,,line_lost_stop,0.0000,0.0000,0,line_too_few_bands,0.0000,0.0000,0.0000,0.0000,0.0000,0,0,0.0000,1,1.0000,0.0000,0.0000,0.0000,0.0000,0.0000,IDLE,1,0,step_done_latches_cleared,0,0,0.000,0,nan,nan,nan,0.0000,0,nan,nan,0,5,0.6000,0.5888,0.6765,0.5888,0.0112,本圈台阶完成,1,0.0000,0.150,0.330
5885.943,SEEK_CROSSWALK,28.358,1,3.843,0.0000,0.0000,vision,2.671,3.816,0.000,,,line_lost_stop,0.0000,0.0000,0,line_too_few_bands,0.0000,0.0000,0.0000,0.0000,0.0000,0,0,0.0000,1,1.0000,0.0000,0.0000,0.0000,0.0000,0.0000,IDLE,1,0,step_done_latches_cleared,0,0,0.000,0,nan,nan,nan,0.0000,0,nan,nan,0,5,0.6000,0.5888,0.6765,0.5888,0.0112,本圈台阶完成,1,0.0000,0.150,0.330
5886.388,SEEK_CROSSWALK,28.803,1,3.843,0.0000,0.0000,vision,2.671,3.816,0.000,,,line_lost_stop,0.0000,0.0000,0,line_too_few_bands,0.0000,0.0000,0.0000,0.0000,0.0000,0,0,0.0000,1,1.0000,0.0000,0.0000,0.0000,0.0000,0.0000,IDLE,1,0,step_done_latches_cleared,0,0,0.000,0,nan,nan,nan,0.0000,0,nan,nan,0,5,0.6000,0.5888,0.6765,0.5888,0.0112,本圈台阶完成,1,0.0000,0.150,0.330
5887.067,SEEK_CROSSWALK,29.483,1,3.843,0.0000,0.0000,vision,2.671,3.816,0.000,,,line_lost_stop,0.0000,0.0000,0,line_too_few_bands,0.0000,0.0000,0.0000,0.0000,0.0000,0,0,0.0000,1,1.0000,0.0000,0.0000,0.0000,0.0000,0.0000,IDLE,1,0,step_done_latches_cleared,0,0,0.000,0,nan,nan,nan,0.0000,0,nan,nan,0,5,0.6000,0.5888,0.6765,0.5888,0.0112,本圈台阶完成,1,0.0000,0.150,0.330
5888.067,SEEK_CROSSWALK,30.483,1,3.843,0.0000,0.0000,vision,2.671,3.816,0.000,,,line_lost_stop,0.0000,0.0000,0,line_too_few_bands,0.0000,0.0000,0.0000,0.0000,0.0000,0,0,0.0000,1,1.0000,0.0000,0.0000,0.0000,0.0000,0.0000,IDLE,1,0,step_done_latches_cleared,0,0,0.000,0,nan,nan,nan,0.0000,0,nan,nan,0,5,0.6000,0.5888,0.6765,0.5888,0.0112,本圈台阶完成,1,0.0000,0.150,0.330
5888.772,SEEK_CROSSWALK,31.187,1,3.843,0.0000,0.0000,vision,2.671,3.816,0.000,,,line_lost_stop,0.0000,0.0000,0,line_too_few_bands,0.0000,0.0000,0.0000,0.0000,0.0000,0,0,0.0000,1,1.0000,0.0000,0.0000,0.0000,0.0000,0.0000,IDLE,1,0,step_done_latches_cleared,0,0,0.000,0,nan,nan,nan,0.0000,0,nan,nan,0,5,0.6000,0.5888,0.6765,0.5888,0.0112,本圈台阶完成,1,0.0000,0.150,0.330
5889.231,SEEK_CROSSWALK,31.646,1,3.843,0.0000,0.0000,vision,2.671,3.816,0.000,,,line_lost_stop,0.0000,0.0000,0,line_too_few_bands,0.0000,0.0000,0.0000,0.0000,0.0000,0,0,0.0000,1,1.0000,0.0000,0.0000,0.0000,0.0000,0.0000,IDLE,1,0,step_done_latches_cleared,0,0,0.000,0,nan,nan,nan,0.0000,0,nan,nan,0,5,0.6000,0.5888,0.6765,0.5888,0.0112,本圈台阶完成,1,0.0000,0.150,0.330
5889.907,SEEK_CROSSWALK,32.322,1,3.843,0.0000,0.0000,vision,2.671,3.816,0.000,,,line_lost_stop,0.0000,0.0000,0,line_too_few_bands,0.0000,0.0000,0.0000,0.0000,0.0000,0,0,0.0000,1,1.0000,0.0000,0.0000,0.0000,0.0000,0.0000,IDLE,1,0,step_done_latches_cleared,0,0,0.000,0,nan,nan,nan,0.0000,0,nan,nan,0,5,0.6000,0.5888,0.6765,0.5888,0.0112,本圈台阶完成,1,0.0000,0.150,0.330
5890.049,SEEK_CROSSWALK,32.464,1,3.843,0.0000,0.0000,vision,2.671,3.816,0.000,,,line_lost_stop,0.0000,0.0000,0,line_too_few_bands,0.0000,0.0000,0.0000,0.0000,0.0000,0,0,0.0000,1,1.0000,0.0000,0.0000,0.0000,0.0000,0.0000,IDLE,1,0,step_done_latches_cleared,0,0,0.000,0,nan,nan,nan,0.0000,0,nan,nan,0,5,0.6000,0.5888,0.6765,0.5888,0.0112,本圈台阶完成,1,0.0000,0.150,0.330
5890.231,SEEK_CROSSWALK,32.646,1,3.843,0.0000,0.0000,vision,2.671,3.816,0.000,,,line_lost_stop,0.0000,0.0000,0,line_too_few_bands,0.0000,0.0000,0.0000,0.0000,0.0000,0,0,0.0000,1,1.0000,0.0000,0.0000,0.0000,0.0000,0.0000,IDLE,1,0,step_done_latches_cleared,0,0,0.000,0,nan,nan,nan,0.0000,0,nan,nan,0,5,0.6000,0.5888,0.6765,0.5888,0.0112,本圈台阶完成,1,0.0000,0.150,0.330
5890.375,SEEK_CROSSWALK,32.790,1,3.843,0.0000,0.0000,vision,2.671,3.816,0.000,,,line_lost_stop,0.0000,0.0000,0,line_too_few_bands,0.0000,0.0000,0.0000,0.0000,0.0000,0,0,0.0000,1,1.0000,0.0000,0.0000,0.0000,0.0000,0.0000,IDLE,1,0,step_done_latches_cleared,0,0,0.000,0,nan,nan,nan,0.0000,0,nan,nan,0,5,0.6000,0.5888,0.6765,0.5888,0.0112,本圈台阶完成,1,0.0000,0.150,0.330
5890.513,SEEK_CROSSWALK,32.928,1,3.843,0.0000,0.0000,vision,2.671,3.816,0.000,,,line_lost_stop,0.0000,0.0000,0,line_too_few_bands,0.0000,0.0000,0.0000,0.0000,0.0000,0,0,0.0000,1,1.0000,0.0000,0.0000,0.0000,0.0000,0.0000,IDLE,1,0,step_done_latches_cleared,0,0,0.000,0,nan,nan,nan,0.0000,0,nan,nan,0,5,0.6000,0.5888,0.6765,0.5888,0.0112,本圈台阶完成,1,0.0000,0.150,0.330
5890.656,SEEK_CROSSWALK,33.071,1,3.843,0.0000,0.0000,vision,2.671,3.816,0.000,,,line_lost_stop,0.0000,0.0000,0,line_too_few_bands,0.0000,0.0000,0.0000,0.0000,0.0000,0,0,0.0000,1,1.0000,0.0000,0.0000,0.0000,0.0000,0.0000,IDLE,1,0,step_done_latches_cleared,0,0,0.000,0,nan,nan,nan,0.0000,0,nan,nan,0,5,0.6000,0.5888,0.6765,0.5888,0.0112,本圈台阶完成,1,0.0000,0.150,0.330
5890.877,SEEK_CROSSWALK,33.293,1,3.843,0.0000,0.0000,vision,2.671,3.816,0.000,,,line_lost_stop,0.0000,0.0000,0,line_too_few_bands,0.0000,0.0000,0.0000,0.0000,0.0000,0,0,0.0000,1,1.0000,0.0000,0.0000,0.0000,0.0000,0.0000,IDLE,1,0,step_done_latches_cleared,0,0,0.000,0,nan,nan,nan,0.0000,0,nan,nan,0,5,0.6000,0.5888,0.6765,0.5888,0.0112,本圈台阶完成,1,0.0000,0.150,0.330
5891.101,SEEK_CROSSWALK,33.516,1,3.843,0.0000,0.0000,vision,2.671,3.816,0.000,,,line_lost_stop,0.0000,0.0000,0,line_too_few_bands,0.0000,0.0000,0.0000,0.0000,0.0000,0,0,0.0000,1,1.0000,0.0000,0.0000,0.0000,0.0000,0.0000,IDLE,1,0,step_done_latches_cleared,0,0,0.000,0,nan,nan,nan,0.0000,0,nan,nan,0,5,0.6000,0.5888,0.6765,0.5888,0.0112,本圈台阶完成,1,0.0000,0.150,0.330
5891.258,SEEK_CROSSWALK,33.673,1,3.843,0.0000,0.0000,vision,2.671,3.816,0.000,,,line_lost_stop,0.0000,0.0000,0,line_too_few_bands,0.0000,0.0000,0.0000,0.0000,0.0000,0,0,0.0000,1,1.0000,0.0000,0.0000,0.0000,0.0000,0.0000,IDLE,1,0,step_done_latches_cleared,0,0,0.000,0,nan,nan,nan,0.0000,0,nan,nan,0,5,0.6000,0.5888,0.6765,0.5888,0.0112,本圈台阶完成,1,0.0000,0.150,0.330
5891.458,SEEK_CROSSWALK,33.873,1,3.843,0.0000,0.0000,vision,2.671,3.816,0.000,,,line_lost_stop,0.0000,0.0000,0,line_too_few_bands,0.0000,0.0000,0.0000,0.0000,0.0000,0,0,0.0000,1,1.0000,0.0000,0.0000,0.0000,0.0000,0.0000,IDLE,1,0,step_done_latches_cleared,0,0,0.000,0,nan,nan,nan,0.0000,0,nan,nan,0,5,0.6000,0.5888,0.6765,0.5888,0.0112,本圈台阶完成,1,0.0000,0.150,0.330
5891.717,SEEK_CROSSWALK,34.132,1,3.843,0.0000,0.0000,vision,2.671,3.816,0.000,,,line_lost_stop,0.0000,0.0000,0,line_too_few_bands,0.0000,0.0000,0.0000,0.0000,0.0000,0,0,0.0000,1,1.0000,0.0000,0.0000,0.0000,0.0000,0.0000,IDLE,1,0,step_done_latches_cleared,0,0,0.000,0,nan,nan,nan,0.0000,0,nan,nan,0,5,0.6000,0.5888,0.6765,0.5888,0.0112,本圈台阶完成,1,0.0000,0.150,0.330
5891.892,SEEK_CROSSWALK,34.307,1,3.843,0.0000,0.0000,vision,2.671,3.816,0.000,,,line_lost_stop,0.0000,0.0000,0,line_too_few_bands,0.0000,0.0000,0.0000,0.0000,0.0000,0,0,0.0000,1,1.0000,0.0000,0.0000,0.0000,0.0000,0.0000,IDLE,1,0,step_done_latches_cleared,0,0,0.000,0,nan,nan,nan,0.0000,0,nan,nan,0,5,0.6000,0.5888,0.6765,0.5888,0.0112,本圈台阶完成,1,0.0000,0.150,0.330
5892.068,SEEK_CROSSWALK,34.483,1,3.843,0.0000,0.0000,vision,2.671,3.816,0.000,,,line_lost_stop,0.0000,0.0000,0,line_too_few_bands,0.0000,0.0000,0.0000,0.0000,0.0000,0,0,0.0000,1,1.0000,0.0000,0.0000,0.0000,0.0000,0.0000,IDLE,1,0,step_done_latches_cleared,0,0,0.000,0,nan,nan,nan,0.0000,0,nan,nan,0,5,0.6000,0.5888,0.6765,0.5888,0.0112,本圈台阶完成,1,0.0000,0.150,0.330
5892.205,SEEK_CROSSWALK,34.620,1,3.843,0.0000,0.0000,vision,2.671,3.816,0.000,,,line_lost_stop,0.0000,0.0000,0,line_too_few_bands,0.0000,0.0000,0.0000,0.0000,0.0000,0,0,0.0000,1,1.0000,0.0000,0.0000,0.0000,0.0000,0.0000,IDLE,1,0,step_done_latches_cleared,0,0,0.000,0,nan,nan,nan,0.0000,0,nan,nan,0,5,0.6000,0.5888,0.6765,0.5888,0.0112,本圈台阶完成,1,0.0000,0.150,0.330
5892.343,SEEK_CROSSWALK,34.758,1,3.843,0.0000,0.0000,vision,2.671,3.816,0.000,,,line_lost_stop,0.0000,0.0000,0,line_too_few_bands,0.0000,0.0000,0.0000,0.0000,0.0000,0,0,0.0000,1,1.0000,0.0000,0.0000,0.0000,0.0000,0.0000,IDLE,1,0,step_done_latches_cleared,0,0,0.000,0,nan,nan,nan,0.0000,0,nan,nan,0,5,0.6000,0.5888,0.6765,0.5888,0.0112,本圈台阶完成,1,0.0000,0.150,0.330
5892.520,SEEK_CROSSWALK,34.935,1,3.843,0.0000,0.0000,vision,2.671,3.816,0.000,,,line_lost_stop,0.0000,0.0000,0,line_too_few_bands,0.0000,0.0000,0.0000,0.0000,0.0000,0,0,0.0000,1,1.0000,0.0000,0.0000,0.0000,0.0000,0.0000,IDLE,1,0,step_done_latches_cleared,0,0,0.000,0,nan,nan,nan,0.0000,0,nan,nan,0,5,0.6000,0.5888,0.6765,0.5888,0.0112,本圈台阶完成,1,0.0000,0.150,0.330
5892.680,SEEK_CROSSWALK,35.095,1,3.843,0.0000,0.0000,vision,2.671,3.816,0.000,,,line_lost_stop,0.0000,0.0000,0,line_too_few_bands,0.0000,0.0000,0.0000,0.0000,0.0000,0,0,0.0000,1,1.0000,0.0000,0.0000,0.0000,0.0000,0.0000,IDLE,1,0,step_done_latches_cleared,0,0,0.000,0,nan,nan,nan,0.0000,0,nan,nan,0,5,0.6000,0.5888,0.6765,0.5888,0.0112,本圈台阶完成,1,0.0000,0.150,0.330
5892.876,SEEK_CROSSWALK,35.291,1,3.843,0.0000,0.0000,vision,2.671,3.816,0.000,,,line_lost_stop,0.0000,0.0000,0,line_too_few_bands,0.0000,0.0000,0.0000,0.0000,0.0000,0,0,0.0000,1,1.0000,0.0000,0.0000,0.0000,0.0000,0.0000,IDLE,1,0,step_done_latches_cleared,0,0,0.000,0,nan,nan,nan,0.0000,0,nan,nan,0,5,0.6000,0.5888,0.6765,0.5888,0.0112,本圈台阶完成,1,0.0000,0.150,0.330
5893.059,SEEK_CROSSWALK,35.474,1,3.843,0.0000,0.0000,vision,2.671,3.816,0.000,,,line_lost_stop,0.0000,0.0000,0,line_too_few_bands,0.0000,0.0000,0.0000,0.0000,0.0000,0,0,0.0000,1,1.0000,0.0000,0.0000,0.0000,0.0000,0.0000,IDLE,1,0,step_done_latches_cleared,0,0,0.000,0,nan,nan,nan,0.0000,0,nan,nan,0,5,0.6000,0.5888,0.6765,0.5888,0.0112,本圈台阶完成,1,0.0000,0.150,0.330
5893.253,SEEK_CROSSWALK,35.668,1,3.843,0.0000,0.0000,vision,2.671,3.816,0.000,,,line_lost_stop,0.0000,0.0000,0,line_too_few_bands,0.0000,0.0000,0.0000,0.0000,0.0000,0,0,0.0000,1,1.0000,0.0000,0.0000,0.0000,0.0000,0.0000,IDLE,1,0,step_done_latches_cleared,0,0,0.000,0,nan,nan,nan,0.0000,0,nan,nan,0,5,0.6000,0.5888,0.6765,0.5888,0.0112,本圈台阶完成,1,0.0000,0.150,0.330
5893.477,SEEK_CROSSWALK,35.892,1,3.843,0.0000,0.0000,vision,2.671,3.816,0.000,,,line_lost_stop,0.0000,0.0000,0,line_too_few_bands,0.0000,0.0000,0.0000,0.0000,0.0000,0,0,0.0000,1,1.0000,0.0000,0.0000,0.0000,0.0000,0.0000,IDLE,1,0,step_done_latches_cleared,0,0,0.000,0,nan,nan,nan,0.0000,0,nan,nan,0,5,0.6000,0.5888,0.6765,0.5888,0.0112,本圈台阶完成,1,0.0000,0.150,0.330
5893.656,SEEK_CROSSWALK,36.071,1,3.843,0.0000,0.0000,vision,2.671,3.816,0.000,,,line_lost_stop,0.0000,0.0000,0,line_too_few_bands,0.0000,0.0000,0.0000,0.0000,0.0000,0,0,0.0000,1,1.0000,0.0000,0.0000,0.0000,0.0000,0.0000,IDLE,1,0,step_done_latches_cleared,0,0,0.000,0,nan,nan,nan,0.0000,0,nan,nan,0,5,0.6000,0.5888,0.6765,0.5888,0.0112,本圈台阶完成,1,0.0000,0.150,0.330
5893.805,SEEK_CROSSWALK,36.220,1,3.843,0.0000,0.0000,vision,2.671,3.816,0.000,,,line_lost_stop,0.0000,0.0000,0,line_too_few_bands,0.0000,0.0000,0.0000,0.0000,0.0000,0,0,0.0000,1,1.0000,0.0000,0.0000,0.0000,0.0000,0.0000,IDLE,1,0,step_done_latches_cleared,0,0,0.000,0,nan,nan,nan,0.0000,0,nan,nan,0,5,0.6000,0.5888,0.6765,0.5888,0.0112,本圈台阶完成,1,0.0000,0.150,0.330
5893.953,SEEK_CROSSWALK,36.368,1,3.843,0.0000,0.0000,vision,2.671,3.816,0.000,,,line_lost_stop,0.0000,0.0000,0,line_too_few_bands,0.0000,0.0000,0.0000,0.0000,0.0000,0,0,0.0000,1,1.0000,0.0000,0.0000,0.0000,0.0000,0.0000,IDLE,1,0,step_done_latches_cleared,0,0,0.000,0,nan,nan,nan,0.0000,0,nan,nan,0,5,0.6000,0.5888,0.6765,0.5888,0.0112,本圈台阶完成,1,0.0000,0.150,0.330
5894.135,SEEK_CROSSWALK,36.550,1,3.843,0.0000,0.0000,vision,2.671,3.816,0.000,,,line_lost_stop,0.0000,0.0000,0,line_too_few_bands,0.0000,0.0000,0.0000,0.0000,0.0000,0,0,0.0000,1,1.0000,0.0000,0.0000,0.0000,0.0000,0.0000,IDLE,1,0,step_done_latches_cleared,0,0,0.000,0,nan,nan,nan,0.0000,0,nan,nan,0,5,0.6000,0.5888,0.6765,0.5888,0.0112,本圈台阶完成,1,0.0000,0.150,0.330
5894.263,SEEK_CROSSWALK,36.678,1,3.843,0.0000,0.0000,vision,2.671,3.816,0.000,,,line_lost_stop,0.0000,0.0000,0,line_too_few_bands,0.0000,0.0000,0.0000,0.0000,0.0000,0,0,0.0000,1,1.0000,0.0000,0.0000,0.0000,0.0000,0.0000,IDLE,1,0,step_done_latches_cleared,0,0,0.000,0,nan,nan,nan,0.0000,0,nan,nan,0,5,0.6000,0.5888,0.6765,0.5888,0.0112,本圈台阶完成,1,0.0000,0.150,0.330
5894.396,SEEK_CROSSWALK,36.811,1,3.843,0.0000,0.0000,vision,2.671,3.816,0.000,,,line_lost_stop,0.0000,0.0000,0,line_too_few_bands,0.0000,0.0000,0.0000,0.0000,0.0000,0,0,0.0000,1,1.0000,0.0000,0.0000,0.0000,0.0000,0.0000,IDLE,1,0,step_done_latches_cleared,0,0,0.000,0,nan,nan,nan,0.0000,0,nan,nan,0,5,0.6000,0.5888,0.6765,0.5888,0.0112,本圈台阶完成,1,0.0000,0.150,0.330
5894.525,SEEK_CROSSWALK,36.941,1,3.843,0.0000,0.0000,vision,2.671,3.816,0.000,,,line_lost_stop,0.0000,0.0000,0,line_too_few_bands,0.0000,0.0000,0.0000,0.0000,0.0000,0,0,0.0000,1,1.0000,0.0000,0.0000,0.0000,0.0000,0.0000,IDLE,1,0,step_done_latches_cleared,0,0,0.000,0,nan,nan,nan,0.0000,0,nan,nan,0,5,0.6000,0.5888,0.6765,0.5888,0.0112,本圈台阶完成,1,0.0000,0.150,0.330
5894.657,SEEK_CROSSWALK,37.072,1,3.843,0.0000,0.0000,vision,2.671,3.816,0.000,,,line_lost_stop,0.0000,0.0000,0,line_too_few_bands,0.0000,0.0000,0.0000,0.0000,0.0000,0,0,0.0000,1,1.0000,0.0000,0.0000,0.0000,0.0000,0.0000,IDLE,1,0,step_done_latches_cleared,0,0,0.000,0,nan,nan,nan,0.0000,0,nan,nan,0,5,0.6000,0.5888,0.6765,0.5888,0.0112,本圈台阶完成,1,0.0000,0.150,0.330
5894.792,SEEK_CROSSWALK,37.207,1,3.843,0.0000,0.0000,vision,2.671,3.816,0.000,,,line_lost_stop,0.0000,0.0000,0,line_too_few_bands,0.0000,0.0000,0.0000,0.0000,0.0000,0,0,0.0000,1,1.0000,0.0000,0.0000,0.0000,0.0000,0.0000,IDLE,1,0,step_done_latches_cleared,0,0,0.000,0,nan,nan,nan,0.0000,0,nan,nan,0,5,0.6000,0.5888,0.6765,0.5888,0.0112,本圈台阶完成,1,0.0000,0.150,0.330
5894.931,SEEK_CROSSWALK,37.346,1,3.843,0.0000,0.0000,vision,2.671,3.816,0.000,,,line_lost_stop,0.0000,0.0000,0,line_too_few_bands,0.0000,0.0000,0.0000,0.0000,0.0000,0,0,0.0000,1,1.0000,0.0000,0.0000,0.0000,0.0000,0.0000,IDLE,1,0,step_done_latches_cleared,0,0,0.000,0,nan,nan,nan,0.0000,0,nan,nan,0,5,0.6000,0.5888,0.6765,0.5888,0.0112,本圈台阶完成,1,0.0000,0.150,0.330
5895.062,SEEK_CROSSWALK,37.477,1,3.843,0.0000,0.0000,vision,2.671,3.816,0.000,,,tracking,0.0498,-0.2982,1,line_curve_center_riding,0.7171,0.7172,0.7159,0.1100,0.6826,6,0,0.0000,1,1.0000,0.0013,0.6060,0.6073,0.5144,-0.2982,IDLE,1,0,step_done_latches_cleared,0,0,0.000,0,nan,nan,nan,0.0000,0,nan,nan,0,5,0.6000,0.5888,0.6765,0.5888,0.0112,本圈台阶完成,1,0.0000,0.150,0.330
5895.216,SEEK_CROSSWALK,37.631,1,3.843,0.0000,0.0000,vision,2.671,3.816,0.000,,,line_bridge_loss,0.0350,-0.1193,0,line_too_few_bands,0.0000,0.0000,0.0000,0.0000,0.0000,0,0,0.0000,1,1.0000,0.0000,0.0000,0.0000,0.0000,-0.1193,IDLE,1,0,step_done_latches_cleared,0,0,0.000,0,nan,nan,nan,0.0000,0,nan,nan,0,5,0.6000,0.5888,0.6765,0.5888,0.0112,本圈台阶完成,1,0.0000,0.150,0.330
5895.445,SEEK_CROSSWALK,37.860,1,3.843,0.0000,0.0000,vision,2.671,3.816,0.000,,,line_bridge_loss,0.0350,-0.1193,0,line_too_few_bands,0.0000,0.0000,0.0000,0.0000,0.0000,0,0,0.0000,1,1.0000,0.0000,0.0000,0.0000,0.0000,-0.1193,IDLE,1,0,step_done_latches_cleared,0,0,0.000,0,nan,nan,nan,0.0000,0,nan,nan,0,5,0.6000,0.5888,0.6765,0.5888,0.0112,本圈台阶完成,1,0.0000,0.150,0.330
5895.580,SEEK_CROSSWALK,37.995,1,3.843,0.0000,0.0000,vision,2.671,3.816,0.000,,,line_loss_hold,0.0000,0.0000,0,line_too_few_bands,0.0000,0.0000,0.0000,0.0000,0.0000,0,0,0.0000,1,1.0000,0.0000,0.0000,0.0000,0.0000,0.0000,IDLE,1,0,step_done_latches_cleared,0,0,0.000,0,nan,nan,nan,0.0000,0,nan,nan,0,5,0.6000,0.5888,0.6765,0.5888,0.0112,本圈台阶完成,1,0.0000,0.150,0.330
5895.717,SEEK_CROSSWALK,38.133,1,3.843,0.0000,0.0000,vision,2.671,3.816,0.000,,,line_loss_hold,0.0000,0.0000,0,line_too_few_bands,0.0000,0.0000,0.0000,0.0000,0.0000,0,0,0.0000,1,1.0000,0.0000,0.0000,0.0000,0.0000,0.0000,IDLE,1,0,step_done_latches_cleared,0,0,0.000,0,nan,nan,nan,0.0000,0,nan,nan,0,5,0.6000,0.5888,0.6765,0.5888,0.0112,本圈台阶完成,1,0.0000,0.150,0.330
5895.814,SEEK_CROSSWALK,38.229,1,3.843,0.0000,0.0000,vision,2.671,3.816,0.000,,,line_loss_hold,0.0000,0.0000,0,line_too_few_bands,0.0000,0.0000,0.0000,0.0000,0.0000,0,0,0.0000,1,1.0000,0.0000,0.0000,0.0000,0.0000,0.0000,IDLE,1,0,step_done_latches_cleared,0,0,0.000,0,nan,nan,nan,0.0000,0,nan,nan,0,5,0.6000,0.5888,0.6765,0.5888,0.0112,本圈台阶完成,1,0.0000,0.150,0.330
5896.003,SEEK_CROSSWALK,38.418,1,3.843,0.0000,0.0000,vision,2.671,3.816,0.000,,,line_lost_stop,0.0000,0.0000,0,line_too_few_bands,0.0000,0.0000,0.0000,0.0000,0.0000,0,0,0.0000,1,1.0000,0.0000,0.0000,0.0000,0.0000,0.0000,IDLE,1,0,step_done_latches_cleared,0,0,0.000,0,nan,nan,nan,0.0000,0,nan,nan,0,5,0.6000,0.5888,0.6765,0.5888,0.0112,本圈台阶完成,1,0.0000,0.150,0.330
5896.184,SEEK_CROSSWALK,38.599,1,3.843,0.0000,0.0000,vision,2.671,3.816,0.000,,,line_lost_stop,0.0000,0.0000,0,line_too_few_bands,0.0000,0.0000,0.0000,0.0000,0.0000,0,0,0.0000,1,1.0000,0.0000,0.0000,0.0000,0.0000,0.0000,IDLE,1,0,step_done_latches_cleared,0,0,0.000,0,nan,nan,nan,0.0000,0,nan,nan,0,5,0.6000,0.5888,0.6765,0.5888,0.0112,本圈台阶完成,1,0.0000,0.150,0.330
5896.420,SEEK_CROSSWALK,38.835,1,3.843,0.0000,0.0000,vision,2.671,3.816,0.000,,,line_lost_stop,0.0000,0.0000,0,line_too_few_bands,0.0000,0.0000,0.0000,0.0000,0.0000,0,0,0.0000,1,1.0000,0.0000,0.0000,0.0000,0.0000,0.0000,IDLE,1,0,step_done_latches_cleared,0,0,0.000,0,nan,nan,nan,0.0000,0,nan,nan,0,5,0.6000,0.5888,0.6765,0.5888,0.0112,本圈台阶完成,1,0.0000,0.150,0.330
5896.760,SEEK_CROSSWALK,39.175,1,3.843,0.0000,0.0000,vision,2.671,3.816,0.000,,,line_lost_stop,0.0000,0.0000,0,line_too_few_bands,0.0000,0.0000,0.0000,0.0000,0.0000,0,0,0.0000,1,1.0000,0.0000,0.0000,0.0000,0.0000,0.0000,IDLE,1,0,step_done_latches_cleared,0,0,0.000,0,nan,nan,nan,0.0000,0,nan,nan,0,5,0.6000,0.5888,0.6765,0.5888,0.0112,本圈台阶完成,1,0.0000,0.150,0.330
5896.896,SEEK_CROSSWALK,39.311,1,3.843,0.0000,0.0000,vision,2.671,3.816,0.000,,,line_lost_stop,0.0000,0.0000,0,line_too_few_bands,0.0000,0.0000,0.0000,0.0000,0.0000,0,0,0.0000,1,1.0000,0.0000,0.0000,0.0000,0.0000,0.0000,IDLE,1,0,step_done_latches_cleared,0,0,0.000,0,nan,nan,nan,0.0000,0,nan,nan,0,5,0.6000,0.5888,0.6765,0.5888,0.0112,本圈台阶完成,1,0.0000,0.150,0.330
5897.040,SEEK_CROSSWALK,39.455,1,3.843,0.0000,0.0000,vision,2.671,3.816,0.000,,,line_lost_stop,0.0000,0.0000,0,line_too_few_bands,0.0000,0.0000,0.0000,0.0000,0.0000,0,0,0.0000,1,1.0000,0.0000,0.0000,0.0000,0.0000,0.0000,IDLE,1,0,step_done_latches_cleared,0,0,0.000,0,nan,nan,nan,0.0000,0,nan,nan,0,5,0.6000,0.5888,0.6765,0.5888,0.0112,本圈台阶完成,1,0.0000,0.150,0.330
5897.188,SEEK_CROSSWALK,39.603,1,3.843,0.0000,0.0000,vision,2.671,3.816,0.000,,,line_lost_stop,0.0000,0.0000,0,line_too_few_bands,0.0000,0.0000,0.0000,0.0000,0.0000,0,0,0.0000,1,1.0000,0.0000,0.0000,0.0000,0.0000,0.0000,IDLE,1,0,step_done_latches_cleared,0,0,0.000,0,nan,nan,nan,0.0000,0,nan,nan,0,5,0.6000,0.5888,0.6765,0.5888,0.0112,本圈台阶完成,1,0.0000,0.150,0.330
5897.344,SEEK_CROSSWALK,39.759,1,3.843,0.0000,0.0000,vision,2.671,3.816,0.000,,,line_lost_stop,0.0000,0.0000,0,line_too_few_bands,0.0000,0.0000,0.0000,0.0000,0.0000,0,0,0.0000,1,1.0000,0.0000,0.0000,0.0000,0.0000,0.0000,IDLE,1,0,step_done_latches_cleared,0,0,0.000,0,nan,nan,nan,0.0000,0,nan,nan,0,5,0.6000,0.5888,0.6765,0.5888,0.0112,本圈台阶完成,1,0.0000,0.150,0.330
5897.498,SEEK_CROSSWALK,39.913,1,3.843,0.0000,0.0000,vision,2.671,3.816,0.000,,,line_lost_stop,0.0000,0.0000,0,line_too_few_bands,0.0000,0.0000,0.0000,0.0000,0.0000,0,0,0.0000,1,1.0000,0.0000,0.0000,0.0000,0.0000,0.0000,IDLE,1,0,step_done_latches_cleared,0,0,0.000,0,nan,nan,nan,0.0000,0,nan,nan,0,5,0.6000,0.5888,0.6765,0.5888,0.0112,本圈台阶完成,1,0.0000,0.150,0.330
5897.644,SEEK_CROSSWALK,40.059,1,3.843,0.0000,0.0000,vision,2.671,3.816,0.000,,,line_lost_stop,0.0000,0.0000,0,line_too_few_bands,0.0000,0.0000,0.0000,0.0000,0.0000,0,0,0.0000,1,1.0000,0.0000,0.0000,0.0000,0.0000,0.0000,IDLE,1,0,step_done_latches_cleared,0,0,0.000,0,nan,nan,nan,0.0000,0,nan,nan,0,5,0.6000,0.5888,0.6765,0.5888,0.0112,本圈台阶完成,1,0.0000,0.150,0.330
5897.800,SEEK_CROSSWALK,40.215,1,3.843,0.0000,0.0000,vision,2.671,3.816,0.000,,,line_lost_stop,0.0000,0.0000,0,line_too_few_bands,0.0000,0.0000,0.0000,0.0000,0.0000,0,0,0.0000,1,1.0000,0.0000,0.0000,0.0000,0.0000,0.0000,IDLE,1,0,step_done_latches_cleared,0,0,0.000,0,nan,nan,nan,0.0000,0,nan,nan,0,5,0.6000,0.5888,0.6765,0.5888,0.0112,本圈台阶完成,1,0.0000,0.150,0.330
5897.927,SEEK_CROSSWALK,40.342,1,3.843,0.0000,0.0000,vision,2.671,3.816,0.000,,,line_lost_stop,0.0000,0.0000,0,line_too_few_bands,0.0000,0.0000,0.0000,0.0000,0.0000,0,0,0.0000,1,1.0000,0.0000,0.0000,0.0000,0.0000,0.0000,IDLE,1,0,step_done_latches_cleared,0,0,0.000,0,nan,nan,nan,0.0000,0,nan,nan,0,5,0.6000,0.5888,0.6765,0.5888,0.0112,本圈台阶完成,1,0.0000,0.150,0.330
5898.066,SEEK_CROSSWALK,40.481,1,3.843,0.0000,0.0000,vision,2.671,3.816,0.000,,,line_lost_stop,0.0000,0.0000,0,line_too_few_bands,0.0000,0.0000,0.0000,0.0000,0.0000,0,0,0.0000,1,1.0000,0.0000,0.0000,0.0000,0.0000,0.0000,IDLE,1,0,step_done_latches_cleared,0,0,0.000,0,nan,nan,nan,0.0000,0,nan,nan,0,5,0.6000,0.5888,0.6765,0.5888,0.0112,本圈台阶完成,1,0.0000,0.150,0.330
5898.207,SEEK_CROSSWALK,40.622,1,3.843,0.0000,0.0000,vision,2.671,3.816,0.000,,,line_lost_stop,0.0000,0.0000,0,line_too_few_bands,0.0000,0.0000,0.0000,0.0000,0.0000,0,0,0.0000,1,1.0000,0.0000,0.0000,0.0000,0.0000,0.0000,IDLE,1,0,step_done_latches_cleared,0,0,0.000,0,nan,nan,nan,0.0000,0,nan,nan,0,5,0.6000,0.5888,0.6765,0.5888,0.0112,本圈台阶完成,1,0.0000,0.150,0.330
5898.403,SEEK_CROSSWALK,40.818,1,3.843,0.0000,0.0000,vision,2.671,3.816,0.000,,,line_lost_stop,0.0000,0.0000,0,line_too_few_bands,0.0000,0.0000,0.0000,0.0000,0.0000,0,0,0.0000,1,1.0000,0.0000,0.0000,0.0000,0.0000,0.0000,IDLE,1,0,step_done_latches_cleared,0,0,0.000,0,nan,nan,nan,0.0000,0,nan,nan,0,5,0.6000,0.5888,0.6765,0.5888,0.0112,本圈台阶完成,1,0.0000,0.150,0.330
5898.552,SEEK_CROSSWALK,40.967,1,3.843,0.0000,0.0000,vision,2.671,3.816,0.000,,,line_lost_stop,0.0000,0.0000,0,line_too_few_bands,0.0000,0.0000,0.0000,0.0000,0.0000,0,0,0.0000,1,1.0000,0.0000,0.0000,0.0000,0.0000,0.0000,IDLE,1,0,step_done_latches_cleared,0,0,0.000,0,nan,nan,nan,0.0000,0,nan,nan,0,5,0.6000,0.5888,0.6765,0.5888,0.0112,本圈台阶完成,1,0.0000,0.150,0.330
5898.685,SEEK_CROSSWALK,41.100,1,3.843,0.0000,0.0000,vision,2.671,3.816,0.000,,,line_lost_stop,0.0000,0.0000,0,line_too_few_bands,0.0000,0.0000,0.0000,0.0000,0.0000,0,0,0.0000,1,1.0000,0.0000,0.0000,0.0000,0.0000,0.0000,IDLE,1,0,step_done_latches_cleared,0,0,0.000,0,nan,nan,nan,0.0000,0,nan,nan,0,5,0.6000,0.5888,0.6765,0.5888,0.0112,本圈台阶完成,1,0.0000,0.150,0.330
5898.854,SEEK_CROSSWALK,41.269,1,3.843,0.0000,0.0000,vision,2.671,3.816,0.000,,,line_lost_stop,0.0000,0.0000,0,line_too_few_bands,0.0000,0.0000,0.0000,0.0000,0.0000,0,0,0.0000,1,1.0000,0.0000,0.0000,0.0000,0.0000,0.0000,IDLE,1,0,step_done_latches_cleared,0,0,0.000,0,nan,nan,nan,0.0000,0,nan,nan,0,5,0.6000,0.5888,0.6765,0.5888,0.0112,本圈台阶完成,1,0.0000,0.150,0.330
5899.040,SEEK_CROSSWALK,41.455,1,3.843,0.0000,0.0000,vision,2.671,3.816,0.000,,,line_lost_stop,0.0000,0.0000,0,line_too_few_bands,0.0000,0.0000,0.0000,0.0000,0.0000,0,0,0.0000,1,1.0000,0.0000,0.0000,0.0000,0.0000,0.0000,IDLE,1,0,step_done_latches_cleared,0,0,0.000,0,nan,nan,nan,0.0000,0,nan,nan,0,5,0.6000,0.5888,0.6765,0.5888,0.0112,本圈台阶完成,1,0.0000,0.150,0.330
5899.174,SEEK_CROSSWALK,41.589,1,3.843,0.0000,0.0000,vision,2.671,3.816,0.000,,,line_lost_stop,0.0000,0.0000,0,line_too_few_bands,0.0000,0.0000,0.0000,0.0000,0.0000,0,0,0.0000,1,1.0000,0.0000,0.0000,0.0000,0.0000,0.0000,IDLE,1,0,step_done_latches_cleared,0,0,0.000,0,nan,nan,nan,0.0000,0,nan,nan,0,5,0.6000,0.5888,0.6765,0.5888,0.0112,本圈台阶完成,1,0.0000,0.150,0.330
5899.339,SEEK_CROSSWALK,41.754,1,3.843,0.0000,0.0000,vision,2.671,3.816,0.000,,,line_lost_stop,0.0000,0.0000,0,line_too_few_bands,0.0000,0.0000,0.0000,0.0000,0.0000,0,0,0.0000,1,1.0000,0.0000,0.0000,0.0000,0.0000,0.0000,IDLE,1,0,step_done_latches_cleared,0,0,0.000,0,nan,nan,nan,0.0000,0,nan,nan,0,5,0.6000,0.5888,0.6765,0.5888,0.0112,本圈台阶完成,1,0.0000,0.150,0.330
5899.482,SEEK_CROSSWALK,41.897,1,3.843,0.0000,0.0000,vision,2.671,3.816,0.000,,,line_lost_stop,0.0000,0.0000,0,line_too_few_bands,0.0000,0.0000,0.0000,0.0000,0.0000,0,0,0.0000,1,1.0000,0.0000,0.0000,0.0000,0.0000,0.0000,IDLE,1,0,step_done_latches_cleared,0,0,0.000,0,nan,nan,nan,0.0000,0,nan,nan,0,5,0.6000,0.5888,0.6765,0.5888,0.0112,本圈台阶完成,1,0.0000,0.150,0.330
5899.618,SEEK_CROSSWALK,42.033,1,3.843,0.0000,0.0000,vision,2.671,3.816,0.000,,,line_lost_stop,0.0000,0.0000,0,line_too_few_bands,0.0000,0.0000,0.0000,0.0000,0.0000,0,0,0.0000,1,1.0000,0.0000,0.0000,0.0000,0.0000,0.0000,IDLE,1,0,step_done_latches_cleared,0,0,0.000,0,nan,nan,nan,0.0000,0,nan,nan,0,5,0.6000,0.5888,0.6765,0.5888,0.0112,本圈台阶完成,1,0.0000,0.150,0.330
5899.751,SEEK_CROSSWALK,42.166,1,3.843,0.0000,0.0000,vision,2.671,3.816,0.000,,,line_lost_stop,0.0000,0.0000,0,line_too_few_bands,0.0000,0.0000,0.0000,0.0000,0.0000,0,0,0.0000,1,1.0000,0.0000,0.0000,0.0000,0.0000,0.0000,IDLE,1,0,step_done_latches_cleared,0,0,0.000,0,nan,nan,nan,0.0000,0,nan,nan,0,5,0.6000,0.5888,0.6765,0.5888,0.0112,本圈台阶完成,1,0.0000,0.150,0.330
5899.903,SEEK_CROSSWALK,42.318,1,3.843,0.0000,0.0000,vision,2.671,3.816,0.000,,,line_lost_stop,0.0000,0.0000,0,line_too_few_bands,0.0000,0.0000,0.0000,0.0000,0.0000,0,0,0.0000,1,1.0000,0.0000,0.0000,0.0000,0.0000,0.0000,IDLE,1,0,step_done_latches_cleared,0,0,0.000,0,nan,nan,nan,0.0000,0,nan,nan,0,5,0.6000,0.5888,0.6765,0.5888,0.0112,本圈台阶完成,1,0.0000,0.150,0.330
5900.070,SEEK_CROSSWALK,42.485,1,3.843,0.0000,0.0000,vision,2.671,3.816,0.000,,,line_lost_stop,0.0000,0.0000,0,line_too_few_bands,0.0000,0.0000,0.0000,0.0000,0.0000,0,0,0.0000,1,1.0000,0.0000,0.0000,0.0000,0.0000,0.0000,IDLE,1,0,step_done_latches_cleared,0,0,0.000,0,nan,nan,nan,0.0000,0,nan,nan,0,5,0.6000,0.5888,0.6765,0.5888,0.0112,本圈台阶完成,1,0.0000,0.150,0.330
5900.212,SEEK_CROSSWALK,42.627,1,3.843,0.0000,0.0000,vision,2.671,3.816,0.000,,,line_lost_stop,0.0000,0.0000,0,line_too_few_bands,0.0000,0.0000,0.0000,0.0000,0.0000,0,0,0.0000,1,1.0000,0.0000,0.0000,0.0000,0.0000,0.0000,IDLE,1,0,step_done_latches_cleared,0,0,0.000,0,nan,nan,nan,0.0000,0,nan,nan,0,5,0.6000,0.5888,0.6765,0.5888,0.0112,本圈台阶完成,1,0.0000,0.150,0.330
5900.353,SEEK_CROSSWALK,42.768,1,3.843,0.0000,0.0000,vision,2.671,3.816,0.000,,,line_lost_stop,0.0000,0.0000,0,line_too_few_bands,0.0000,0.0000,0.0000,0.0000,0.0000,0,0,0.0000,1,1.0000,0.0000,0.0000,0.0000,0.0000,0.0000,IDLE,1,0,step_done_latches_cleared,0,0,0.000,0,nan,nan,nan,0.0000,0,nan,nan,0,5,0.6000,0.5888,0.6765,0.5888,0.0112,本圈台阶完成,1,0.0000,0.150,0.330
5900.505,SEEK_CROSSWALK,42.920,1,3.843,0.0000,0.0000,vision,2.671,3.816,0.000,,,line_lost_stop,0.0000,0.0000,0,line_too_few_bands,0.0000,0.0000,0.0000,0.0000,0.0000,0,0,0.0000,1,1.0000,0.0000,0.0000,0.0000,0.0000,0.0000,IDLE,1,0,step_done_latches_cleared,0,0,0.000,0,nan,nan,nan,0.0000,0,nan,nan,0,5,0.6000,0.5888,0.6765,0.5888,0.0112,本圈台阶完成,1,0.0000,0.150,0.330
5900.667,SEEK_CROSSWALK,43.082,1,3.843,0.0000,0.0000,vision,2.671,3.816,0.000,,,line_lost_stop,0.0000,0.0000,0,line_too_few_bands,0.0000,0.0000,0.0000,0.0000,0.0000,0,0,0.0000,1,1.0000,0.0000,0.0000,0.0000,0.0000,0.0000,IDLE,1,0,step_done_latches_cleared,0,0,0.000,0,nan,nan,nan,0.0000,0,nan,nan,0,5,0.6000,0.5888,0.6765,0.5888,0.0112,本圈台阶完成,1,0.0000,0.150,0.330
5900.837,SEEK_CROSSWALK,43.252,1,3.843,0.0000,0.0000,vision,2.671,3.816,0.000,,,line_lost_stop,0.0000,0.0000,0,line_too_few_bands,0.0000,0.0000,0.0000,0.0000,0.0000,0,0,0.0000,1,1.0000,0.0000,0.0000,0.0000,0.0000,0.0000,IDLE,1,0,step_done_latches_cleared,0,0,0.000,0,nan,nan,nan,0.0000,0,nan,nan,0,5,0.6000,0.5888,0.6765,0.5888,0.0112,本圈台阶完成,1,0.0000,0.150,0.330
5900.997,SEEK_CROSSWALK,43.412,1,3.843,0.0000,0.0000,vision,2.671,3.816,0.000,,,line_lost_stop,0.0000,0.0000,0,line_too_few_bands,0.0000,0.0000,0.0000,0.0000,0.0000,0,0,0.0000,1,1.0000,0.0000,0.0000,0.0000,0.0000,0.0000,IDLE,1,0,step_done_latches_cleared,0,0,0.000,0,nan,nan,nan,0.0000,0,nan,nan,0,5,0.6000,0.5888,0.6765,0.5888,0.0112,本圈台阶完成,1,0.0000,0.150,0.330
5901.240,SEEK_CROSSWALK,43.655,1,3.843,0.0000,0.0000,vision,2.671,3.816,0.000,,,line_lost_stop,0.0000,0.0000,0,line_too_few_bands,0.0000,0.0000,0.0000,0.0000,0.0000,0,0,0.0000,1,1.0000,0.0000,0.0000,0.0000,0.0000,0.0000,IDLE,1,0,step_done_latches_cleared,0,0,0.000,0,nan,nan,nan,0.0000,0,nan,nan,0,5,0.6000,0.5888,0.6765,0.5888,0.0112,本圈台阶完成,1,0.0000,0.150,0.330
5901.657,SEEK_CROSSWALK,44.072,1,3.843,0.0000,0.0000,vision,2.671,3.816,0.000,,,line_lost_stop,0.0000,0.0000,0,line_too_few_bands,0.0000,0.0000,0.0000,0.0000,0.0000,0,0,0.0000,1,1.0000,0.0000,0.0000,0.0000,0.0000,0.0000,IDLE,1,0,step_done_latches_cleared,0,0,0.000,0,nan,nan,nan,0.0000,0,nan,nan,0,5,0.6000,0.5888,0.6765,0.5888,0.0112,本圈台阶完成,1,0.0000,0.150,0.330
5901.879,SEEK_CROSSWALK,44.294,1,3.843,0.0000,0.0000,vision,2.671,3.816,0.000,,,line_lost_stop,0.0000,0.0000,0,line_too_few_bands,0.0000,0.0000,0.0000,0.0000,0.0000,0,0,0.0000,1,1.0000,0.0000,0.0000,0.0000,0.0000,0.0000,IDLE,1,0,step_done_latches_cleared,0,0,0.000,0,nan,nan,nan,0.0000,0,nan,nan,0,5,0.6000,0.5888,0.6765,0.5888,0.0112,本圈台阶完成,1,0.0000,0.150,0.330
5902.014,SEEK_CROSSWALK,44.429,1,3.843,0.0000,0.0000,vision,2.671,3.816,0.000,,,line_lost_stop,0.0000,0.0000,0,line_too_few_bands,0.0000,0.0000,0.0000,0.0000,0.0000,0,0,0.0000,1,1.0000,0.0000,0.0000,0.0000,0.0000,0.0000,IDLE,1,0,step_done_latches_cleared,0,0,0.000,0,nan,nan,nan,0.0000,0,nan,nan,0,5,0.6000,0.5888,0.6765,0.5888,0.0112,本圈台阶完成,1,0.0000,0.150,0.330
5902.142,SEEK_CROSSWALK,44.557,1,3.843,0.0000,0.0000,vision,2.671,3.816,0.000,,,line_lost_stop,0.0000,0.0000,0,line_too_few_bands,0.0000,0.0000,0.0000,0.0000,0.0000,0,0,0.0000,1,1.0000,0.0000,0.0000,0.0000,0.0000,0.0000,IDLE,1,0,step_done_latches_cleared,0,0,0.000,0,nan,nan,nan,0.0000,0,nan,nan,0,5,0.6000,0.5888,0.6765,0.5888,0.0112,本圈台阶完成,1,0.0000,0.150,0.330
5902.274,SEEK_CROSSWALK,44.689,1,3.843,0.0000,0.0000,vision,2.671,3.816,0.000,,,line_lost_stop,0.0000,0.0000,0,line_too_few_bands,0.0000,0.0000,0.0000,0.0000,0.0000,0,0,0.0000,1,1.0000,0.0000,0.0000,0.0000,0.0000,0.0000,IDLE,1,0,step_done_latches_cleared,0,0,0.000,0,nan,nan,nan,0.0000,0,nan,nan,0,5,0.6000,0.5888,0.6765,0.5888,0.0112,本圈台阶完成,1,0.0000,0.150,0.330
5902.406,SEEK_CROSSWALK,44.821,1,3.843,0.0000,0.0000,vision,2.671,3.816,0.000,,,line_lost_stop,0.0000,0.0000,0,line_too_few_bands,0.0000,0.0000,0.0000,0.0000,0.0000,0,0,0.0000,1,1.0000,0.0000,0.0000,0.0000,0.0000,0.0000,IDLE,1,0,step_done_latches_cleared,0,0,0.000,0,nan,nan,nan,0.0000,0,nan,nan,0,5,0.6000,0.5888,0.6765,0.5888,0.0112,本圈台阶完成,1,0.0000,0.150,0.330
5902.537,SEEK_CROSSWALK,44.952,1,3.843,0.0000,0.0000,vision,2.671,3.816,0.000,,,line_lost_stop,0.0000,0.0000,0,line_too_few_bands,0.0000,0.0000,0.0000,0.0000,0.0000,0,0,0.0000,1,1.0000,0.0000,0.0000,0.0000,0.0000,0.0000,IDLE,1,0,step_done_latches_cleared,0,0,0.000,0,nan,nan,nan,0.0000,0,nan,nan,0,5,0.6000,0.5888,0.6765,0.5888,0.0112,本圈台阶完成,1,0.0000,0.150,0.330
5902.670,SEEK_CROSSWALK,45.085,1,3.843,0.0000,0.0000,vision,2.671,3.816,0.000,,,line_lost_stop,0.0000,0.0000,0,line_too_few_bands,0.0000,0.0000,0.0000,0.0000,0.0000,0,0,0.0000,1,1.0000,0.0000,0.0000,0.0000,0.0000,0.0000,IDLE,1,0,step_done_latches_cleared,0,0,0.000,0,nan,nan,nan,0.0000,0,nan,nan,0,5,0.6000,0.5888,0.6765,0.5888,0.0112,本圈台阶完成,1,0.0000,0.150,0.330
5902.800,SEEK_CROSSWALK,45.215,1,3.843,0.0000,0.0000,vision,2.671,3.816,0.000,,,line_lost_stop,0.0000,0.0000,0,line_too_few_bands,0.0000,0.0000,0.0000,0.0000,0.0000,0,0,0.0000,1,1.0000,0.0000,0.0000,0.0000,0.0000,0.0000,IDLE,1,0,step_done_latches_cleared,0,0,0.000,0,nan,nan,nan,0.0000,0,nan,nan,0,5,0.6000,0.5888,0.6765,0.5888,0.0112,本圈台阶完成,1,0.0000,0.150,0.330
5902.922,SEEK_CROSSWALK,45.337,1,3.843,0.0000,0.0000,vision,2.671,3.816,0.000,,,line_lost_stop,0.0000,0.0000,0,line_too_few_bands,0.0000,0.0000,0.0000,0.0000,0.0000,0,0,0.0000,1,1.0000,0.0000,0.0000,0.0000,0.0000,0.0000,IDLE,1,0,step_done_latches_cleared,0,0,0.000,0,nan,nan,nan,0.0000,0,nan,nan,0,5,0.6000,0.5888,0.6765,0.5888,0.0112,本圈台阶完成,1,0.0000,0.150,0.330
5903.055,SEEK_CROSSWALK,45.470,1,3.843,0.0000,0.0000,vision,2.671,3.816,0.000,,,line_lost_stop,0.0000,0.0000,0,line_too_few_bands,0.0000,0.0000,0.0000,0.0000,0.0000,0,0,0.0000,1,1.0000,0.0000,0.0000,0.0000,0.0000,0.0000,IDLE,1,0,step_done_latches_cleared,0,0,0.000,0,nan,nan,nan,0.0000,0,nan,nan,0,5,0.6000,0.5888,0.6765,0.5888,0.0112,本圈台阶完成,1,0.0000,0.150,0.330
5903.239,SEEK_CROSSWALK,45.654,1,3.843,0.0000,0.0000,vision,2.671,3.816,0.000,,,line_lost_stop,0.0000,0.0000,0,line_too_few_bands,0.0000,0.0000,0.0000,0.0000,0.0000,0,0,0.0000,1,1.0000,0.0000,0.0000,0.0000,0.0000,0.0000,IDLE,1,0,step_done_latches_cleared,0,0,0.000,0,nan,nan,nan,0.0000,0,nan,nan,0,5,0.6000,0.5888,0.6765,0.5888,0.0112,本圈台阶完成,1,0.0000,0.150,0.330
5903.453,SEEK_CROSSWALK,45.868,1,3.843,0.0000,0.0000,vision,2.671,3.816,0.000,,,line_lost_stop,0.0000,0.0000,0,line_too_few_bands,0.0000,0.0000,0.0000,0.0000,0.0000,0,0,0.0000,1,1.0000,0.0000,0.0000,0.0000,0.0000,0.0000,IDLE,1,0,step_done_latches_cleared,0,0,0.000,0,nan,nan,nan,0.0000,0,nan,nan,0,5,0.6000,0.5888,0.6765,0.5888,0.0112,本圈台阶完成,1,0.0000,0.150,0.330
5903.633,SEEK_CROSSWALK,46.048,1,3.843,0.0000,0.0000,vision,2.671,3.816,0.000,,,line_lost_stop,0.0000,0.0000,0,line_too_few_bands,0.0000,0.0000,0.0000,0.0000,0.0000,0,0,0.0000,1,1.0000,0.0000,0.0000,0.0000,0.0000,0.0000,IDLE,1,0,step_done_latches_cleared,0,0,0.000,0,nan,nan,nan,0.0000,0,nan,nan,0,5,0.6000,0.5888,0.6765,0.5888,0.0112,本圈台阶完成,1,0.0000,0.150,0.330
5903.881,SEEK_CROSSWALK,46.296,1,3.843,0.0000,0.0000,vision,2.671,3.816,0.000,,,line_lost_stop,0.0000,0.0000,0,line_too_few_bands,0.0000,0.0000,0.0000,0.0000,0.0000,0,0,0.0000,1,1.0000,0.0000,0.0000,0.0000,0.0000,0.0000,IDLE,1,0,step_done_latches_cleared,0,0,0.000,0,nan,nan,nan,0.0000,0,nan,nan,0,5,0.6000,0.5888,0.6765,0.5888,0.0112,本圈台阶完成,1,0.0000,0.150,0.330
5904.093,SEEK_CROSSWALK,46.508,1,3.843,0.0000,0.0000,vision,2.671,3.816,0.000,,,line_lost_stop,0.0000,0.0000,0,line_too_few_bands,0.0000,0.0000,0.0000,0.0000,0.0000,0,0,0.0000,1,1.0000,0.0000,0.0000,0.0000,0.0000,0.0000,IDLE,1,0,step_done_latches_cleared,0,0,0.000,0,nan,nan,nan,0.0000,0,nan,nan,0,5,0.6000,0.5888,0.6765,0.5888,0.0112,本圈台阶完成,1,0.0000,0.150,0.330
5904.359,SEEK_CROSSWALK,46.774,1,3.843,0.0000,0.0000,vision,2.671,3.816,0.000,,,line_lost_stop,0.0000,0.0000,0,line_too_few_bands,0.0000,0.0000,0.0000,0.0000,0.0000,0,0,0.0000,1,1.0000,0.0000,0.0000,0.0000,0.0000,0.0000,IDLE,1,0,step_done_latches_cleared,0,0,0.000,0,nan,nan,nan,0.0000,0,nan,nan,0,5,0.6000,0.5888,0.6765,0.5888,0.0112,本圈台阶完成,1,0.0000,0.150,0.330
5904.580,SEEK_CROSSWALK,46.995,1,3.843,0.0000,0.0000,vision,2.671,3.816,0.000,,,line_lost_stop,0.0000,0.0000,0,line_too_few_bands,0.0000,0.0000,0.0000,0.0000,0.0000,0,0,0.0000,1,1.0000,0.0000,0.0000,0.0000,0.0000,0.0000,IDLE,1,0,step_done_latches_cleared,0,0,0.000,0,nan,nan,nan,0.0000,0,nan,nan,0,5,0.6000,0.5888,0.6765,0.5888,0.0112,本圈台阶完成,1,0.0000,0.150,0.330
5904.773,SEEK_CROSSWALK,47.188,1,3.843,0.0000,0.0000,vision,2.671,3.816,0.000,,,line_lost_stop,0.0000,0.0000,0,line_too_few_bands,0.0000,0.0000,0.0000,0.0000,0.0000,0,0,0.0000,1,1.0000,0.0000,0.0000,0.0000,0.0000,0.0000,IDLE,1,0,step_done_latches_cleared,0,0,0.000,0,nan,nan,nan,0.0000,0,nan,nan,0,5,0.6000,0.5888,0.6765,0.5888,0.0112,本圈台阶完成,1,0.0000,0.150,0.330
5904.903,SEEK_CROSSWALK,47.318,1,3.843,0.0000,0.0000,vision,2.671,3.816,0.000,,,line_lost_stop,0.0000,0.0000,0,line_too_few_bands,0.0000,0.0000,0.0000,0.0000,0.0000,0,0,0.0000,1,1.0000,0.0000,0.0000,0.0000,0.0000,0.0000,IDLE,1,0,step_done_latches_cleared,0,0,0.000,0,nan,nan,nan,0.0000,0,nan,nan,0,5,0.6000,0.5888,0.6765,0.5888,0.0112,本圈台阶完成,1,0.0000,0.150,0.330
5905.048,SEEK_CROSSWALK,47.463,1,3.843,0.0000,0.0000,vision,2.671,3.816,0.000,,,line_lost_stop,0.0000,0.0000,0,line_too_few_bands,0.0000,0.0000,0.0000,0.0000,0.0000,0,0,0.0000,1,1.0000,0.0000,0.0000,0.0000,0.0000,0.0000,IDLE,1,0,step_done_latches_cleared,0,0,0.000,0,nan,nan,nan,0.0000,0,nan,nan,0,5,0.6000,0.5888,0.6765,0.5888,0.0112,本圈台阶完成,1,0.0000,0.150,0.330
5905.204,SEEK_CROSSWALK,47.620,1,3.843,0.0000,0.0000,vision,2.671,3.816,0.000,,,line_lost_stop,0.0000,0.0000,0,line_too_few_bands,0.0000,0.0000,0.0000,0.0000,0.0000,0,0,0.0000,1,1.0000,0.0000,0.0000,0.0000,0.0000,0.0000,IDLE,1,0,step_done_latches_cleared,0,0,0.000,0,nan,nan,nan,0.0000,0,nan,nan,0,5,0.6000,0.5888,0.6765,0.5888,0.0112,本圈台阶完成,1,0.0000,0.150,0.330
5905.437,SEEK_CROSSWALK,47.853,1,3.843,0.0000,0.0000,vision,2.671,3.816,0.000,,,line_lost_stop,0.0000,0.0000,0,line_too_few_bands,0.0000,0.0000,0.0000,0.0000,0.0000,0,0,0.0000,1,1.0000,0.0000,0.0000,0.0000,0.0000,0.0000,IDLE,1,0,step_done_latches_cleared,0,0,0.000,0,nan,nan,nan,0.0000,0,nan,nan,0,5,0.6000,0.5888,0.6765,0.5888,0.0112,本圈台阶完成,1,0.0000,0.150,0.330
5905.573,SEEK_CROSSWALK,47.988,1,3.843,0.0000,0.0000,vision,2.671,3.816,0.000,,,line_lost_stop,0.0000,0.0000,0,line_too_few_bands,0.0000,0.0000,0.0000,0.0000,0.0000,0,0,0.0000,1,1.0000,0.0000,0.0000,0.0000,0.0000,0.0000,IDLE,1,0,step_done_latches_cleared,0,0,0.000,0,nan,nan,nan,0.0000,0,nan,nan,0,5,0.6000,0.5888,0.6765,0.5888,0.0112,本圈台阶完成,1,0.0000,0.150,0.330
5905.694,SEEK_CROSSWALK,48.109,1,3.843,0.0000,0.0000,vision,2.671,3.816,0.000,,,line_lost_stop,0.0000,0.0000,0,line_too_few_bands,0.0000,0.0000,0.0000,0.0000,0.0000,0,0,0.0000,1,1.0000,0.0000,0.0000,0.0000,0.0000,0.0000,IDLE,1,0,step_done_latches_cleared,0,0,0.000,0,nan,nan,nan,0.0000,0,nan,nan,0,5,0.6000,0.5888,0.6765,0.5888,0.0112,本圈台阶完成,1,0.0000,0.150,0.330
5905.834,SEEK_CROSSWALK,48.250,1,3.843,0.0000,0.0000,vision,2.671,3.816,0.000,,,line_lost_stop,0.0000,0.0000,0,line_too_few_bands,0.0000,0.0000,0.0000,0.0000,0.0000,0,0,0.0000,1,1.0000,0.0000,0.0000,0.0000,0.0000,0.0000,IDLE,1,0,step_done_latches_cleared,0,0,0.000,0,nan,nan,nan,0.0000,0,nan,nan,0,5,0.6000,0.5888,0.6765,0.5888,0.0112,本圈台阶完成,1,0.0000,0.150,0.330
5905.963,SEEK_CROSSWALK,48.378,1,3.843,0.0000,0.0000,vision,2.671,3.816,0.000,,,line_lost_stop,0.0000,0.0000,0,line_too_few_bands,0.0000,0.0000,0.0000,0.0000,0.0000,0,0,0.0000,1,1.0000,0.0000,0.0000,0.0000,0.0000,0.0000,IDLE,1,0,step_done_latches_cleared,0,0,0.000,0,nan,nan,nan,0.0000,0,nan,nan,0,5,0.6000,0.5888,0.6765,0.5888,0.0112,本圈台阶完成,1,0.0000,0.150,0.330
5906.103,SEEK_CROSSWALK,48.518,1,3.843,0.0000,0.0000,vision,2.671,3.816,0.000,,,line_lost_stop,0.0000,0.0000,0,line_too_few_bands,0.0000,0.0000,0.0000,0.0000,0.0000,0,0,0.0000,1,1.0000,0.0000,0.0000,0.0000,0.0000,0.0000,IDLE,1,0,step_done_latches_cleared,0,0,0.000,0,nan,nan,nan,0.0000,0,nan,nan,0,5,0.6000,0.5888,0.6765,0.5888,0.0112,本圈台阶完成,1,0.0000,0.150,0.330
5906.235,SEEK_CROSSWALK,48.650,1,3.843,0.0000,0.0000,vision,2.671,3.816,0.000,,,line_lost_stop,0.0000,0.0000,0,line_too_few_bands,0.0000,0.0000,0.0000,0.0000,0.0000,0,0,0.0000,1,1.0000,0.0000,0.0000,0.0000,0.0000,0.0000,IDLE,1,0,step_done_latches_cleared,0,0,0.000,0,nan,nan,nan,0.0000,0,nan,nan,0,5,0.6000,0.5888,0.6765,0.5888,0.0112,本圈台阶完成,1,0.0000,0.150,0.330
5906.377,SEEK_CROSSWALK,48.792,1,3.843,0.0000,0.0000,vision,2.671,3.816,0.000,,,line_lost_stop,0.0000,0.0000,0,line_too_few_bands,0.0000,0.0000,0.0000,0.0000,0.0000,0,0,0.0000,1,1.0000,0.0000,0.0000,0.0000,0.0000,0.0000,IDLE,1,0,step_done_latches_cleared,0,0,0.000,0,nan,nan,nan,0.0000,0,nan,nan,0,5,0.6000,0.5888,0.6765,0.5888,0.0112,本圈台阶完成,1,0.0000,0.150,0.330
5906.516,SEEK_CROSSWALK,48.931,1,3.843,0.0000,0.0000,vision,2.671,3.816,0.000,,,line_lost_stop,0.0000,0.0000,0,line_too_few_bands,0.0000,0.0000,0.0000,0.0000,0.0000,0,0,0.0000,1,1.0000,0.0000,0.0000,0.0000,0.0000,0.0000,IDLE,1,0,step_done_latches_cleared,0,0,0.000,0,nan,nan,nan,0.0000,0,nan,nan,0,5,0.6000,0.5888,0.6765,0.5888,0.0112,本圈台阶完成,1,0.0000,0.150,0.330
5906.709,SEEK_CROSSWALK,49.124,1,3.843,0.0000,0.0000,vision,2.671,3.816,0.000,,,line_lost_stop,0.0000,0.0000,0,line_too_few_bands,0.0000,0.0000,0.0000,0.0000,0.0000,0,0,0.0000,1,1.0000,0.0000,0.0000,0.0000,0.0000,0.0000,IDLE,1,0,step_done_latches_cleared,0,0,0.000,0,nan,nan,nan,0.0000,0,nan,nan,0,5,0.6000,0.5888,0.6765,0.5888,0.0112,本圈台阶完成,1,0.0000,0.150,0.330
5907.542,SEEK_CROSSWALK,49.958,1,3.843,0.0000,0.0000,vision,2.671,3.816,0.000,,,line_lost_stop,0.0000,0.0000,0,line_too_few_bands,0.0000,0.0000,0.0000,0.0000,0.0000,0,0,0.0000,1,1.0000,0.0000,0.0000,0.0000,0.0000,0.0000,IDLE,1,0,step_done_latches_cleared,0,0,0.000,0,nan,nan,nan,0.0000,0,nan,nan,0,5,0.6000,0.5888,0.6765,0.5888,0.0112,本圈台阶完成,1,0.0000,0.150,0.330
5908.546,SEEK_CROSSWALK,50.961,1,3.843,0.0000,0.0000,vision,2.671,3.816,0.000,,,line_lost_stop,0.0000,0.0000,0,line_too_few_bands,0.0000,0.0000,0.0000,0.0000,0.0000,0,0,0.0000,1,1.0000,0.0000,0.0000,0.0000,0.0000,0.0000,IDLE,1,0,step_done_latches_cleared,0,0,0.000,0,nan,nan,nan,0.0000,0,nan,nan,0,5,0.6000,0.5888,0.6765,0.5888,0.0112,本圈台阶完成,1,0.0000,0.150,0.330
5908.679,SEEK_CROSSWALK,51.095,1,3.843,0.0000,0.0000,vision,2.671,3.816,0.000,,,line_lost_stop,0.0000,0.0000,0,line_too_few_bands,0.0000,0.0000,0.0000,0.0000,0.0000,0,0,0.0000,1,1.0000,0.0000,0.0000,0.0000,0.0000,0.0000,IDLE,1,0,step_done_latches_cleared,0,0,0.000,0,nan,nan,nan,0.0000,0,nan,nan,0,5,0.6000,0.5888,0.6765,0.5888,0.0112,本圈台阶完成,1,0.0000,0.150,0.330
5908.879,SEEK_CROSSWALK,51.294,1,3.843,0.0000,0.0000,vision,2.671,3.816,0.000,,,line_lost_stop,0.0000,0.0000,0,line_too_few_bands,0.0000,0.0000,0.0000,0.0000,0.0000,0,0,0.0000,1,1.0000,0.0000,0.0000,0.0000,0.0000,0.0000,IDLE,1,0,step_done_latches_cleared,0,0,0.000,0,nan,nan,nan,0.0000,0,nan,nan,0,5,0.6000,0.5888,0.6765,0.5888,0.0112,本圈台阶完成,1,0.0000,0.150,0.330
5909.026,SEEK_CROSSWALK,51.441,1,3.843,0.0000,0.0000,vision,2.671,3.816,0.000,,,line_lost_stop,0.0000,0.0000,0,line_too_few_bands,0.0000,0.0000,0.0000,0.0000,0.0000,0,0,0.0000,1,1.0000,0.0000,0.0000,0.0000,0.0000,0.0000,IDLE,1,0,step_done_latches_cleared,0,0,0.000,0,nan,nan,nan,0.0000,0,nan,nan,0,5,0.6000,0.5888,0.6765,0.5888,0.0112,本圈台阶完成,1,0.0000,0.150,0.330
5909.232,SEEK_CROSSWALK,51.647,1,3.843,0.0000,0.0000,vision,2.671,3.816,0.000,,,line_lost_stop,0.0000,0.0000,0,line_too_few_bands,0.0000,0.0000,0.0000,0.0000,0.0000,0,0,0.0000,1,1.0000,0.0000,0.0000,0.0000,0.0000,0.0000,IDLE,1,0,step_done_latches_cleared,0,0,0.000,0,nan,nan,nan,0.0000,0,nan,nan,0,5,0.6000,0.5888,0.6765,0.5888,0.0112,本圈台阶完成,1,0.0000,0.150,0.330
5909.399,SEEK_CROSSWALK,51.814,1,3.843,0.0000,0.0000,vision,2.671,3.816,0.000,,,line_lost_stop,0.0000,0.0000,0,line_too_few_bands,0.0000,0.0000,0.0000,0.0000,0.0000,0,0,0.0000,1,1.0000,0.0000,0.0000,0.0000,0.0000,0.0000,IDLE,1,0,step_done_latches_cleared,0,0,0.000,0,nan,nan,nan,0.0000,0,nan,nan,0,5,0.6000,0.5888,0.6765,0.5888,0.0112,本圈台阶完成,1,0.0000,0.150,0.330
5909.563,SEEK_CROSSWALK,51.978,1,3.843,0.0000,0.0000,vision,2.671,3.816,0.000,,,line_lost_stop,0.0000,0.0000,0,line_too_few_bands,0.0000,0.0000,0.0000,0.0000,0.0000,0,0,0.0000,1,1.0000,0.0000,0.0000,0.0000,0.0000,0.0000,IDLE,1,0,step_done_latches_cleared,0,0,0.000,0,nan,nan,nan,0.0000,0,nan,nan,0,5,0.6000,0.5888,0.6765,0.5888,0.0112,本圈台阶完成,1,0.0000,0.150,0.330
5909.777,SEEK_CROSSWALK,52.192,1,3.843,0.0000,0.0000,vision,2.671,3.816,0.000,,,line_lost_stop,0.0000,0.0000,0,line_too_few_bands,0.0000,0.0000,0.0000,0.0000,0.0000,0,0,0.0000,1,1.0000,0.0000,0.0000,0.0000,0.0000,0.0000,IDLE,1,0,step_done_latches_cleared,0,0,0.000,0,nan,nan,nan,0.0000,0,nan,nan,0,5,0.6000,0.5888,0.6765,0.5888,0.0112,本圈台阶完成,1,0.0000,0.150,0.330
5909.919,SEEK_CROSSWALK,52.334,1,3.843,0.0000,0.0000,vision,2.671,3.816,0.000,,,line_lost_stop,0.0000,0.0000,0,line_too_few_bands,0.0000,0.0000,0.0000,0.0000,0.0000,0,0,0.0000,1,1.0000,0.0000,0.0000,0.0000,0.0000,0.0000,IDLE,1,0,step_done_latches_cleared,0,0,0.000,0,nan,nan,nan,0.0000,0,nan,nan,0,5,0.6000,0.5888,0.6765,0.5888,0.0112,本圈台阶完成,1,0.0000,0.150,0.330
5910.066,SEEK_CROSSWALK,52.481,1,3.843,0.0000,0.0000,vision,2.671,3.816,0.000,,,line_lost_stop,0.0000,0.0000,0,line_too_few_bands,0.0000,0.0000,0.0000,0.0000,0.0000,0,0,0.0000,1,1.0000,0.0000,0.0000,0.0000,0.0000,0.0000,IDLE,1,0,step_done_latches_cleared,0,0,0.000,0,nan,nan,nan,0.0000,0,nan,nan,0,5,0.6000,0.5888,0.6765,0.5888,0.0112,本圈台阶完成,1,0.0000,0.150,0.330
5910.377,SEEK_CROSSWALK,52.792,1,3.843,0.0000,0.0000,vision,2.671,3.816,0.000,,,line_lost_stop,0.0000,0.0000,0,line_too_few_bands,0.0000,0.0000,0.0000,0.0000,0.0000,0,0,0.0000,1,1.0000,0.0000,0.0000,0.0000,0.0000,0.0000,IDLE,1,0,step_done_latches_cleared,0,0,0.000,0,nan,nan,nan,0.0000,0,nan,nan,0,5,0.6000,0.5888,0.6765,0.5888,0.0112,本圈台阶完成,1,0.0000,0.150,0.330
5910.545,SEEK_CROSSWALK,52.961,1,3.843,0.0000,0.0000,vision,2.671,3.816,0.000,,,line_lost_stop,0.0000,0.0000,0,line_too_few_bands,0.0000,0.0000,0.0000,0.0000,0.0000,0,0,0.0000,1,1.0000,0.0000,0.0000,0.0000,0.0000,0.0000,IDLE,1,0,step_done_latches_cleared,0,0,0.000,0,nan,nan,nan,0.0000,0,nan,nan,0,5,0.6000,0.5888,0.6765,0.5888,0.0112,本圈台阶完成,1,0.0000,0.150,0.330
5910.742,SEEK_CROSSWALK,53.157,1,3.843,0.0000,0.0000,vision,2.671,3.816,0.000,,,line_lost_stop,0.0000,0.0000,0,line_too_few_bands,0.0000,0.0000,0.0000,0.0000,0.0000,0,0,0.0000,1,1.0000,0.0000,0.0000,0.0000,0.0000,0.0000,IDLE,1,0,step_done_latches_cleared,0,0,0.000,0,nan,nan,nan,0.0000,0,nan,nan,0,5,0.6000,0.5888,0.6765,0.5888,0.0112,本圈台阶完成,1,0.0000,0.150,0.330
5910.932,SEEK_CROSSWALK,53.347,1,3.843,0.0000,0.0000,vision,2.671,3.816,0.000,,,line_lost_stop,0.0000,0.0000,0,line_too_few_bands,0.0000,0.0000,0.0000,0.0000,0.0000,0,0,0.0000,1,1.0000,0.0000,0.0000,0.0000,0.0000,0.0000,IDLE,1,0,step_done_latches_cleared,0,0,0.000,0,nan,nan,nan,0.0000,0,nan,nan,0,5,0.6000,0.5888,0.6765,0.5888,0.0112,本圈台阶完成,1,0.0000,0.150,0.330
5911.093,SEEK_CROSSWALK,53.508,1,3.843,0.0000,0.0000,vision,2.671,3.816,0.000,,,line_lost_stop,0.0000,0.0000,0,line_too_few_bands,0.0000,0.0000,0.0000,0.0000,0.0000,0,0,0.0000,1,1.0000,0.0000,0.0000,0.0000,0.0000,0.0000,IDLE,1,0,step_done_latches_cleared,0,0,0.000,0,nan,nan,nan,0.0000,0,nan,nan,0,5,0.6000,0.5888,0.6765,0.5888,0.0112,本圈台阶完成,1,0.0000,0.150,0.330
5911.235,SEEK_CROSSWALK,53.651,1,3.843,0.0000,0.0000,vision,2.671,3.816,0.000,,,line_lost_stop,0.0000,0.0000,0,line_too_few_bands,0.0000,0.0000,0.0000,0.0000,0.0000,0,0,0.0000,1,1.0000,0.0000,0.0000,0.0000,0.0000,0.0000,IDLE,1,0,step_done_latches_cleared,0,0,0.000,0,nan,nan,nan,0.0000,0,nan,nan,0,5,0.6000,0.5888,0.6765,0.5888,0.0112,本圈台阶完成,1,0.0000,0.150,0.330
5911.385,SEEK_CROSSWALK,53.800,1,3.843,0.0000,0.0000,vision,2.671,3.816,0.000,,,line_lost_stop,0.0000,0.0000,0,line_too_few_bands,0.0000,0.0000,0.0000,0.0000,0.0000,0,0,0.0000,1,1.0000,0.0000,0.0000,0.0000,0.0000,0.0000,IDLE,1,0,step_done_latches_cleared,0,0,0.000,0,nan,nan,nan,0.0000,0,nan,nan,0,5,0.6000,0.5888,0.6765,0.5888,0.0112,本圈台阶完成,1,0.0000,0.150,0.330
5911.604,SEEK_CROSSWALK,54.019,1,3.843,0.0000,0.0000,vision,2.671,3.816,0.000,,,line_lost_stop,0.0000,0.0000,0,line_too_few_bands,0.0000,0.0000,0.0000,0.0000,0.0000,0,0,0.0000,1,1.0000,0.0000,0.0000,0.0000,0.0000,0.0000,IDLE,1,0,step_done_latches_cleared,0,0,0.000,0,nan,nan,nan,0.0000,0,nan,nan,0,5,0.6000,0.5888,0.6765,0.5888,0.0112,本圈台阶完成,1,0.0000,0.150,0.330
5911.818,SEEK_CROSSWALK,54.233,1,3.843,0.0000,0.0000,vision,2.671,3.816,0.000,,,line_lost_stop,0.0000,0.0000,0,line_too_few_bands,0.0000,0.0000,0.0000,0.0000,0.0000,0,0,0.0000,1,1.0000,0.0000,0.0000,0.0000,0.0000,0.0000,IDLE,1,0,step_done_latches_cleared,0,0,0.000,0,nan,nan,nan,0.0000,0,nan,nan,0,5,0.6000,0.5888,0.6765,0.5888,0.0112,本圈台阶完成,1,0.0000,0.150,0.330
5911.999,SEEK_CROSSWALK,54.415,1,3.843,0.0000,0.0000,vision,2.671,3.816,0.000,,,line_lost_stop,0.0000,0.0000,0,line_too_few_bands,0.0000,0.0000,0.0000,0.0000,0.0000,0,0,0.0000,1,1.0000,0.0000,0.0000,0.0000,0.0000,0.0000,IDLE,1,0,step_done_latches_cleared,0,0,0.000,0,nan,nan,nan,0.0000,0,nan,nan,0,5,0.6000,0.5888,0.6765,0.5888,0.0112,本圈台阶完成,1,0.0000,0.150,0.330
5912.140,SEEK_CROSSWALK,54.555,1,3.843,0.0000,0.0000,vision,2.671,3.816,0.000,,,line_lost_stop,0.0000,0.0000,0,line_too_few_bands,0.0000,0.0000,0.0000,0.0000,0.0000,0,0,0.0000,1,1.0000,0.0000,0.0000,0.0000,0.0000,0.0000,IDLE,1,0,step_done_latches_cleared,0,0,0.000,0,nan,nan,nan,0.0000,0,nan,nan,0,5,0.6000,0.5888,0.6765,0.5888,0.0112,本圈台阶完成,1,0.0000,0.150,0.330
5912.342,SEEK_CROSSWALK,54.757,1,3.843,0.0000,0.0000,vision,2.671,3.816,0.000,,,line_lost_stop,0.0000,0.0000,0,line_too_few_bands,0.0000,0.0000,0.0000,0.0000,0.0000,0,0,0.0000,1,1.0000,0.0000,0.0000,0.0000,0.0000,0.0000,IDLE,1,0,step_done_latches_cleared,0,0,0.000,0,nan,nan,nan,0.0000,0,nan,nan,0,5,0.6000,0.5888,0.6765,0.5888,0.0112,本圈台阶完成,1,0.0000,0.150,0.330
5912.475,SEEK_CROSSWALK,54.890,1,3.843,0.0000,0.0000,vision,2.671,3.816,0.000,,,line_lost_stop,0.0000,0.0000,0,line_too_few_bands,0.0000,0.0000,0.0000,0.0000,0.0000,0,0,0.0000,1,1.0000,0.0000,0.0000,0.0000,0.0000,0.0000,IDLE,1,0,step_done_latches_cleared,0,0,0.000,0,nan,nan,nan,0.0000,0,nan,nan,0,5,0.6000,0.5888,0.6765,0.5888,0.0112,本圈台阶完成,1,0.0000,0.150,0.330
5912.603,SEEK_CROSSWALK,55.019,1,3.843,0.0000,0.0000,vision,2.671,3.816,0.000,,,line_lost_stop,0.0000,0.0000,0,line_too_few_bands,0.0000,0.0000,0.0000,0.0000,0.0000,0,0,0.0000,1,1.0000,0.0000,0.0000,0.0000,0.0000,0.0000,IDLE,1,0,step_done_latches_cleared,0,0,0.000,0,nan,nan,nan,0.0000,0,nan,nan,0,5,0.6000,0.5888,0.6765,0.5888,0.0112,本圈台阶完成,1,0.0000,0.150,0.330
5912.816,SEEK_CROSSWALK,55.231,1,3.843,0.0000,0.0000,vision,2.671,3.816,0.000,,,line_lost_stop,0.0000,0.0000,0,line_too_few_bands,0.0000,0.0000,0.0000,0.0000,0.0000,0,0,0.0000,1,1.0000,0.0000,0.0000,0.0000,0.0000,0.0000,IDLE,1,0,step_done_latches_cleared,0,0,0.000,0,nan,nan,nan,0.0000,0,nan,nan,0,5,0.6000,0.5888,0.6765,0.5888,0.0112,本圈台阶完成,1,0.0000,0.150,0.330
5912.982,SEEK_CROSSWALK,55.397,1,3.843,0.0000,0.0000,vision,2.671,3.816,0.000,,,line_lost_stop,0.0000,0.0000,0,line_too_few_bands,0.0000,0.0000,0.0000,0.0000,0.0000,0,0,0.0000,1,1.0000,0.0000,0.0000,0.0000,0.0000,0.0000,IDLE,1,0,step_done_latches_cleared,0,0,0.000,0,nan,nan,nan,0.0000,0,nan,nan,0,5,0.6000,0.5888,0.6765,0.5888,0.0112,本圈台阶完成,1,0.0000,0.150,0.330
5913.152,SEEK_CROSSWALK,55.567,1,3.843,0.0000,0.0000,vision,2.671,3.816,0.000,,,line_lost_stop,0.0000,0.0000,0,line_too_few_bands,0.0000,0.0000,0.0000,0.0000,0.0000,0,0,0.0000,1,1.0000,0.0000,0.0000,0.0000,0.0000,0.0000,IDLE,1,0,step_done_latches_cleared,0,0,0.000,0,nan,nan,nan,0.0000,0,nan,nan,0,5,0.6000,0.5888,0.6765,0.5888,0.0112,本圈台阶完成,1,0.0000,0.150,0.330
5913.308,SEEK_CROSSWALK,55.723,1,3.843,0.0000,0.0000,vision,2.671,3.816,0.000,,,line_lost_stop,0.0000,0.0000,0,line_too_few_bands,0.0000,0.0000,0.0000,0.0000,0.0000,0,0,0.0000,1,1.0000,0.0000,0.0000,0.0000,0.0000,0.0000,IDLE,1,0,step_done_latches_cleared,0,0,0.000,0,nan,nan,nan,0.0000,0,nan,nan,0,5,0.6000,0.5888,0.6765,0.5888,0.0112,本圈台阶完成,1,0.0000,0.150,0.330
5913.537,SEEK_CROSSWALK,55.952,1,3.843,0.0000,0.0000,vision,2.671,3.816,0.000,,,line_lost_stop,0.0000,0.0000,0,line_too_few_bands,0.0000,0.0000,0.0000,0.0000,0.0000,0,0,0.0000,1,1.0000,0.0000,0.0000,0.0000,0.0000,0.0000,IDLE,1,0,step_done_latches_cleared,0,0,0.000,0,nan,nan,nan,0.0000,0,nan,nan,0,5,0.6000,0.5888,0.6765,0.5888,0.0112,本圈台阶完成,1,0.0000,0.150,0.330
5913.723,SEEK_CROSSWALK,56.138,1,3.843,0.0000,0.0000,vision,2.671,3.816,0.000,,,line_lost_stop,0.0000,0.0000,0,line_too_few_bands,0.0000,0.0000,0.0000,0.0000,0.0000,0,0,0.0000,1,1.0000,0.0000,0.0000,0.0000,0.0000,0.0000,IDLE,1,0,step_done_latches_cleared,0,0,0.000,0,nan,nan,nan,0.0000,0,nan,nan,0,5,0.6000,0.5888,0.6765,0.5888,0.0112,本圈台阶完成,1,0.0000,0.150,0.330
5914.231,SEEK_CROSSWALK,56.646,1,3.843,0.0000,0.0000,vision,2.671,3.816,0.000,,,line_lost_stop,0.0000,0.0000,0,line_too_few_bands,0.0000,0.0000,0.0000,0.0000,0.0000,0,0,0.0000,1,1.0000,0.0000,0.0000,0.0000,0.0000,0.0000,IDLE,1,0,step_done_latches_cleared,0,0,0.000,0,nan,nan,nan,0.0000,0,nan,nan,0,5,0.6000,0.5888,0.6765,0.5888,0.0112,本圈台阶完成,1,0.0000,0.150,0.330
5914.404,SEEK_CROSSWALK,56.819,1,3.843,0.0000,0.0000,vision,2.671,3.816,0.000,,,line_lost_stop,0.0000,0.0000,0,line_too_few_bands,0.0000,0.0000,0.0000,0.0000,0.0000,0,0,0.0000,1,1.0000,0.0000,0.0000,0.0000,0.0000,0.0000,IDLE,1,0,step_done_latches_cleared,0,0,0.000,0,nan,nan,nan,0.0000,0,nan,nan,0,5,0.6000,0.5888,0.6765,0.5888,0.0112,本圈台阶完成,1,0.0000,0.150,0.330
5914.570,SEEK_CROSSWALK,56.986,1,3.843,0.0000,0.0000,vision,2.671,3.816,0.000,,,line_lost_stop,0.0000,0.0000,0,line_too_few_bands,0.0000,0.0000,0.0000,0.0000,0.0000,0,0,0.0000,1,1.0000,0.0000,0.0000,0.0000,0.0000,0.0000,IDLE,1,0,step_done_latches_cleared,0,0,0.000,0,nan,nan,nan,0.0000,0,nan,nan,0,5,0.6000,0.5888,0.6765,0.5888,0.0112,本圈台阶完成,1,0.0000,0.150,0.330
5914.726,SEEK_CROSSWALK,57.141,1,3.843,0.0000,0.0000,vision,2.671,3.816,0.000,,,line_lost_stop,0.0000,0.0000,0,line_too_few_bands,0.0000,0.0000,0.0000,0.0000,0.0000,0,0,0.0000,1,1.0000,0.0000,0.0000,0.0000,0.0000,0.0000,IDLE,1,0,step_done_latches_cleared,0,0,0.000,0,nan,nan,nan,0.0000,0,nan,nan,0,5,0.6000,0.5888,0.6765,0.5888,0.0112,本圈台阶完成,1,0.0000,0.150,0.330
5914.943,SEEK_CROSSWALK,57.358,1,3.843,0.0000,0.0000,vision,2.671,3.816,0.000,,,line_lost_stop,0.0000,0.0000,0,line_too_few_bands,0.0000,0.0000,0.0000,0.0000,0.0000,0,0,0.0000,1,1.0000,0.0000,0.0000,0.0000,0.0000,0.0000,IDLE,1,0,step_done_latches_cleared,0,0,0.000,0,nan,nan,nan,0.0000,0,nan,nan,0,5,0.6000,0.5888,0.6765,0.5888,0.0112,本圈台阶完成,1,0.0000,0.150,0.330
5915.922,SEEK_CROSSWALK,58.337,1,3.843,0.0000,0.0000,vision,2.671,3.816,0.000,,,line_lost_stop,0.0000,0.0000,0,line_too_few_bands,0.0000,0.0000,0.0000,0.0000,0.0000,0,0,0.0000,1,1.0000,0.0000,0.0000,0.0000,0.0000,0.0000,IDLE,1,0,step_done_latches_cleared,0,0,0.000,0,nan,nan,nan,0.0000,0,nan,nan,0,5,0.6000,0.5888,0.6765,0.5888,0.0112,本圈台阶完成,1,0.0000,0.150,0.330
5916.896,SEEK_CROSSWALK,59.312,1,3.843,0.0000,0.0000,vision,2.671,3.816,0.000,,,line_lost_stop,0.0000,0.0000,0,line_too_few_bands,0.0000,0.0000,0.0000,0.0000,0.0000,0,0,0.0000,1,1.0000,0.0000,0.0000,0.0000,0.0000,0.0000,IDLE,1,0,step_done_latches_cleared,0,0,0.000,0,nan,nan,nan,0.0000,0,nan,nan,0,5,0.6000,0.5888,0.6765,0.5888,0.0112,本圈台阶完成,1,0.0000,0.150,0.330
5917.891,SEEK_CROSSWALK,60.306,1,3.843,0.0000,0.0000,vision,2.671,3.816,0.000,,,line_lost_stop,0.0000,0.0000,0,line_too_few_bands,0.0000,0.0000,0.0000,0.0000,0.0000,0,0,0.0000,1,1.0000,0.0000,0.0000,0.0000,0.0000,0.0000,IDLE,1,0,step_done_latches_cleared,0,0,0.000,0,nan,nan,nan,0.0000,0,nan,nan,0,5,0.6000,0.5888,0.6765,0.5888,0.0112,本圈台阶完成,1,0.0000,0.150,0.330
5918.126,SEEK_CROSSWALK,60.541,1,3.843,0.0000,0.0000,vision,2.671,3.816,0.000,,,line_lost_stop,0.0000,0.0000,0,line_too_few_bands,0.0000,0.0000,0.0000,0.0000,0.0000,0,0,0.0000,1,1.0000,0.0000,0.0000,0.0000,0.0000,0.0000,IDLE,1,0,step_done_latches_cleared,0,0,0.000,0,nan,nan,nan,0.0000,0,nan,nan,0,5,0.6000,0.5888,0.6765,0.5888,0.0112,本圈台阶完成,1,0.0000,0.150,0.330
5918.288,SEEK_CROSSWALK,60.703,1,3.843,0.0000,0.0000,vision,2.671,3.816,0.000,,,line_lost_stop,0.0000,0.0000,0,line_too_few_bands,0.0000,0.0000,0.0000,0.0000,0.0000,0,0,0.0000,1,1.0000,0.0000,0.0000,0.0000,0.0000,0.0000,IDLE,1,0,step_done_latches_cleared,0,0,0.000,0,nan,nan,nan,0.0000,0,nan,nan,0,5,0.6000,0.5888,0.6765,0.5888,0.0112,本圈台阶完成,1,0.0000,0.150,0.330
5918.427,SEEK_CROSSWALK,60.842,1,3.843,0.0000,0.0000,vision,2.671,3.816,0.000,,,line_lost_stop,0.0000,0.0000,0,line_too_few_bands,0.0000,0.0000,0.0000,0.0000,0.0000,0,0,0.0000,1,1.0000,0.0000,0.0000,0.0000,0.0000,0.0000,IDLE,1,0,step_done_latches_cleared,0,0,0.000,0,nan,nan,nan,0.0000,0,nan,nan,0,5,0.6000,0.5888,0.6765,0.5888,0.0112,本圈台阶完成,1,0.0000,0.150,0.330
5918.611,SEEK_CROSSWALK,61.026,1,3.843,0.0000,0.0000,vision,2.671,3.816,0.000,,,line_lost_stop,0.0000,0.0000,0,line_too_few_bands,0.0000,0.0000,0.0000,0.0000,0.0000,0,0,0.0000,1,1.0000,0.0000,0.0000,0.0000,0.0000,0.0000,IDLE,1,0,step_done_latches_cleared,0,0,0.000,0,nan,nan,nan,0.0000,0,nan,nan,0,5,0.6000,0.5888,0.6765,0.5888,0.0112,本圈台阶完成,1,0.0000,0.150,0.330
5918.764,SEEK_CROSSWALK,61.179,1,3.843,0.0000,0.0000,vision,2.671,3.816,0.000,,,line_lost_stop,0.0000,0.0000,0,line_too_few_bands,0.0000,0.0000,0.0000,0.0000,0.0000,0,0,0.0000,1,1.0000,0.0000,0.0000,0.0000,0.0000,0.0000,IDLE,1,0,step_done_latches_cleared,0,0,0.000,0,nan,nan,nan,0.0000,0,nan,nan,0,5,0.6000,0.5888,0.6765,0.5888,0.0112,本圈台阶完成,1,0.0000,0.150,0.330
5918.968,SEEK_CROSSWALK,61.383,1,3.843,0.0000,0.0000,vision,2.671,3.816,0.000,,,line_lost_stop,0.0000,0.0000,0,line_too_few_bands,0.0000,0.0000,0.0000,0.0000,0.0000,0,0,0.0000,1,1.0000,0.0000,0.0000,0.0000,0.0000,0.0000,IDLE,1,0,step_done_latches_cleared,0,0,0.000,0,nan,nan,nan,0.0000,0,nan,nan,0,5,0.6000,0.5888,0.6765,0.5888,0.0112,本圈台阶完成,1,0.0000,0.150,0.330
5919.146,SEEK_CROSSWALK,61.561,1,3.843,0.0000,0.0000,vision,2.671,3.816,0.000,,,line_lost_stop,0.0000,0.0000,0,line_too_few_bands,0.0000,0.0000,0.0000,0.0000,0.0000,0,0,0.0000,1,1.0000,0.0000,0.0000,0.0000,0.0000,0.0000,IDLE,1,0,step_done_latches_cleared,0,0,0.000,0,nan,nan,nan,0.0000,0,nan,nan,0,5,0.6000,0.5888,0.6765,0.5888,0.0112,本圈台阶完成,1,0.0000,0.150,0.330
5919.305,SEEK_CROSSWALK,61.720,1,3.843,0.0000,0.0000,vision,2.671,3.816,0.000,,,line_lost_stop,0.0000,0.0000,0,line_too_few_bands,0.0000,0.0000,0.0000,0.0000,0.0000,0,0,0.0000,1,1.0000,0.0000,0.0000,0.0000,0.0000,0.0000,IDLE,1,0,step_done_latches_cleared,0,0,0.000,0,nan,nan,nan,0.0000,0,nan,nan,0,5,0.6000,0.5888,0.6765,0.5888,0.0112,本圈台阶完成,1,0.0000,0.150,0.330
5919.469,SEEK_CROSSWALK,61.884,1,3.843,0.0000,0.0000,vision,2.671,3.816,0.000,,,line_lost_stop,0.0000,0.0000,0,line_too_few_bands,0.0000,0.0000,0.0000,0.0000,0.0000,0,0,0.0000,1,1.0000,0.0000,0.0000,0.0000,0.0000,0.0000,IDLE,1,0,step_done_latches_cleared,0,0,0.000,0,nan,nan,nan,0.0000,0,nan,nan,0,5,0.6000,0.5888,0.6765,0.5888,0.0112,本圈台阶完成,1,0.0000,0.150,0.330
5919.641,SEEK_CROSSWALK,62.056,1,3.843,0.0000,0.0000,vision,2.671,3.816,0.000,,,line_lost_stop,0.0000,0.0000,0,line_too_few_bands,0.0000,0.0000,0.0000,0.0000,0.0000,0,0,0.0000,1,1.0000,0.0000,0.0000,0.0000,0.0000,0.0000,IDLE,1,0,step_done_latches_cleared,0,0,0.000,0,nan,nan,nan,0.0000,0,nan,nan,0,5,0.6000,0.5888,0.6765,0.5888,0.0112,本圈台阶完成,1,0.0000,0.150,0.330
5919.861,SEEK_CROSSWALK,62.276,1,3.843,0.0000,0.0000,vision,2.671,3.816,0.000,,,line_lost_stop,0.0000,0.0000,0,line_too_few_bands,0.0000,0.0000,0.0000,0.0000,0.0000,0,0,0.0000,1,1.0000,0.0000,0.0000,0.0000,0.0000,0.0000,IDLE,1,0,step_done_latches_cleared,0,0,0.000,0,nan,nan,nan,0.0000,0,nan,nan,0,5,0.6000,0.5888,0.6765,0.5888,0.0112,本圈台阶完成,1,0.0000,0.150,0.330
5920.027,SEEK_CROSSWALK,62.442,1,3.843,0.0000,0.0000,vision,2.671,3.816,0.000,,,line_lost_stop,0.0000,0.0000,0,line_too_few_bands,0.0000,0.0000,0.0000,0.0000,0.0000,0,0,0.0000,1,1.0000,0.0000,0.0000,0.0000,0.0000,0.0000,IDLE,1,0,step_done_latches_cleared,0,0,0.000,0,nan,nan,nan,0.0000,0,nan,nan,0,5,0.6000,0.5888,0.6765,0.5888,0.0112,本圈台阶完成,1,0.0000,0.150,0.330
5920.368,SEEK_CROSSWALK,62.783,1,3.843,0.0000,0.0000,vision,2.671,3.816,0.000,,,line_lost_stop,0.0000,0.0000,0,line_too_few_bands,0.0000,0.0000,0.0000,0.0000,0.0000,0,0,0.0000,1,1.0000,0.0000,0.0000,0.0000,0.0000,0.0000,IDLE,1,0,step_done_latches_cleared,0,0,0.000,0,nan,nan,nan,0.0000,0,nan,nan,0,5,0.6000,0.5888,0.6765,0.5888,0.0112,本圈台阶完成,1,0.0000,0.150,0.330
5920.516,SEEK_CROSSWALK,62.931,1,3.843,0.0000,0.0000,vision,2.671,3.816,0.000,,,line_lost_stop,0.0000,0.0000,0,line_too_few_bands,0.0000,0.0000,0.0000,0.0000,0.0000,0,0,0.0000,1,1.0000,0.0000,0.0000,0.0000,0.0000,0.0000,IDLE,1,0,step_done_latches_cleared,0,0,0.000,0,nan,nan,nan,0.0000,0,nan,nan,0,5,0.6000,0.5888,0.6765,0.5888,0.0112,本圈台阶完成,1,0.0000,0.150,0.330
5920.675,SEEK_CROSSWALK,63.090,1,3.843,0.0000,0.0000,vision,2.671,3.816,0.000,,,line_lost_stop,0.0000,0.0000,0,line_too_few_bands,0.0000,0.0000,0.0000,0.0000,0.0000,0,0,0.0000,1,1.0000,0.0000,0.0000,0.0000,0.0000,0.0000,IDLE,1,0,step_done_latches_cleared,0,0,0.000,0,nan,nan,nan,0.0000,0,nan,nan,0,5,0.6000,0.5888,0.6765,0.5888,0.0112,本圈台阶完成,1,0.0000,0.150,0.330
5920.876,SEEK_CROSSWALK,63.291,1,3.843,0.0000,0.0000,vision,2.671,3.816,0.000,,,line_lost_stop,0.0000,0.0000,0,line_too_few_bands,0.0000,0.0000,0.0000,0.0000,0.0000,0,0,0.0000,1,1.0000,0.0000,0.0000,0.0000,0.0000,0.0000,IDLE,1,0,step_done_latches_cleared,0,0,0.000,0,nan,nan,nan,0.0000,0,nan,nan,0,5,0.6000,0.5888,0.6765,0.5888,0.0112,本圈台阶完成,1,0.0000,0.150,0.330
5921.087,SEEK_CROSSWALK,63.502,1,3.843,0.0000,0.0000,vision,2.671,3.816,0.000,,,line_lost_stop,0.0000,0.0000,0,line_too_few_bands,0.0000,0.0000,0.0000,0.0000,0.0000,0,0,0.0000,1,1.0000,0.0000,0.0000,0.0000,0.0000,0.0000,IDLE,1,0,step_done_latches_cleared,0,0,0.000,0,nan,nan,nan,0.0000,0,nan,nan,0,5,0.6000,0.5888,0.6765,0.5888,0.0112,本圈台阶完成,1,0.0000,0.150,0.330
5921.266,SEEK_CROSSWALK,63.681,1,3.843,0.0000,0.0000,vision,2.671,3.816,0.000,,,line_lost_stop,0.0000,0.0000,0,line_too_few_bands,0.0000,0.0000,0.0000,0.0000,0.0000,0,0,0.0000,1,1.0000,0.0000,0.0000,0.0000,0.0000,0.0000,IDLE,1,0,step_done_latches_cleared,0,0,0.000,0,nan,nan,nan,0.0000,0,nan,nan,0,5,0.6000,0.5888,0.6765,0.5888,0.0112,本圈台阶完成,1,0.0000,0.150,0.330
5921.490,SEEK_CROSSWALK,63.905,1,3.843,0.0000,0.0000,vision,2.671,3.816,0.000,,,line_lost_stop,0.0000,0.0000,0,line_too_few_bands,0.0000,0.0000,0.0000,0.0000,0.0000,0,0,0.0000,1,1.0000,0.0000,0.0000,0.0000,0.0000,0.0000,IDLE,1,0,step_done_latches_cleared,0,0,0.000,0,nan,nan,nan,0.0000,0,nan,nan,0,5,0.6000,0.5888,0.6765,0.5888,0.0112,本圈台阶完成,1,0.0000,0.150,0.330
5921.630,SEEK_CROSSWALK,64.045,1,3.843,0.0000,0.0000,vision,2.671,3.816,0.000,,,line_lost_stop,0.0000,0.0000,0,line_too_few_bands,0.0000,0.0000,0.0000,0.0000,0.0000,0,0,0.0000,1,1.0000,0.0000,0.0000,0.0000,0.0000,0.0000,IDLE,1,0,step_done_latches_cleared,0,0,0.000,0,nan,nan,nan,0.0000,0,nan,nan,0,5,0.6000,0.5888,0.6765,0.5888,0.0112,本圈台阶完成,1,0.0000,0.150,0.330
5921.775,SEEK_CROSSWALK,64.190,1,3.843,0.0000,0.0000,vision,2.671,3.816,0.000,,,line_lost_stop,0.0000,0.0000,0,line_too_few_bands,0.0000,0.0000,0.0000,0.0000,0.0000,0,0,0.0000,1,1.0000,0.0000,0.0000,0.0000,0.0000,0.0000,IDLE,1,0,step_done_latches_cleared,0,0,0.000,0,nan,nan,nan,0.0000,0,nan,nan,0,5,0.6000,0.5888,0.6765,0.5888,0.0112,本圈台阶完成,1,0.0000,0.150,0.330
5921.981,SEEK_CROSSWALK,64.396,1,3.843,0.0000,0.0000,vision,2.671,3.816,0.000,,,line_lost_stop,0.0000,0.0000,0,line_too_few_bands,0.0000,0.0000,0.0000,0.0000,0.0000,0,0,0.0000,1,1.0000,0.0000,0.0000,0.0000,0.0000,0.0000,IDLE,1,0,step_done_latches_cleared,0,0,0.000,0,nan,nan,nan,0.0000,0,nan,nan,0,5,0.6000,0.5888,0.6765,0.5888,0.0112,本圈台阶完成,1,0.0000,0.150,0.330
5922.148,SEEK_CROSSWALK,64.563,1,3.843,0.0000,0.0000,vision,2.671,3.816,0.000,,,tracking,0.0507,-0.3333,1,line_curve_center_riding,0.7001,0.7012,0.6837,0.3031,0.6152,5,0,0.0000,1,1.0000,0.0175,0.3806,0.3981,0.5627,-0.3333,IDLE,1,0,step_done_latches_cleared,0,0,0.000,0,nan,nan,nan,0.0000,0,nan,nan,0,5,0.6000,0.5888,0.6765,0.5888,0.0112,本圈台阶完成,1,0.0000,0.150,0.330
5922.364,SEEK_CROSSWALK,64.779,1,3.843,0.0000,0.0000,vision,2.671,3.816,0.000,,,line_bridge_loss,0.0350,-0.2072,0,line_too_few_bands,0.0000,0.0000,0.0000,0.0000,0.0000,0,0,0.0000,1,1.0000,0.0000,0.0000,0.0000,0.0000,-0.2072,IDLE,1,0,step_done_latches_cleared,0,0,0.000,0,nan,nan,nan,0.0000,0,nan,nan,0,5,0.6000,0.5888,0.6765,0.5888,0.0112,本圈台阶完成,1,0.0000,0.150,0.330
5922.538,SEEK_CROSSWALK,64.953,1,3.843,0.0000,0.0000,vision,2.671,3.816,0.000,,,line_bridge_loss,0.0350,-0.2072,0,line_too_few_bands,0.0000,0.0000,0.0000,0.0000,0.0000,0,0,0.0000,1,1.0000,0.0000,0.0000,0.0000,0.0000,-0.2072,IDLE,1,0,step_done_latches_cleared,0,0,0.000,0,nan,nan,nan,0.0000,0,nan,nan,0,5,0.6000,0.5888,0.6765,0.5888,0.0112,本圈台阶完成,1,0.0000,0.150,0.330
5922.700,SEEK_CROSSWALK,65.115,1,3.843,0.0000,0.0000,vision,2.671,3.816,0.000,,,line_loss_hold,0.0000,0.0000,0,line_too_few_bands,0.0000,0.0000,0.0000,0.0000,0.0000,0,0,0.0000,1,1.0000,0.0000,0.0000,0.0000,0.0000,0.0000,IDLE,1,0,step_done_latches_cleared,0,0,0.000,0,nan,nan,nan,0.0000,0,nan,nan,0,5,0.6000,0.5888,0.6765,0.5888,0.0112,本圈台阶完成,1,0.0000,0.150,0.330
5922.888,SEEK_CROSSWALK,65.303,1,3.843,0.0000,0.0000,vision,2.671,3.816,0.000,,,line_loss_hold,0.0000,0.0000,0,line_too_few_bands,0.0000,0.0000,0.0000,0.0000,0.0000,0,0,0.0000,1,1.0000,0.0000,0.0000,0.0000,0.0000,0.0000,IDLE,1,0,step_done_latches_cleared,0,0,0.000,0,nan,nan,nan,0.0000,0,nan,nan,0,5,0.6000,0.5888,0.6765,0.5888,0.0112,本圈台阶完成,1,0.0000,0.150,0.330
5923.052,SEEK_CROSSWALK,65.467,1,3.843,0.0000,0.0000,vision,2.671,3.816,0.000,,,line_lost_stop,0.0000,0.0000,0,line_too_few_bands,0.0000,0.0000,0.0000,0.0000,0.0000,0,0,0.0000,1,1.0000,0.0000,0.0000,0.0000,0.0000,0.0000,IDLE,1,0,step_done_latches_cleared,0,0,0.000,0,nan,nan,nan,0.0000,0,nan,nan,0,5,0.6000,0.5888,0.6765,0.5888,0.0112,本圈台阶完成,1,0.0000,0.150,0.330
5923.206,SEEK_CROSSWALK,65.621,1,3.843,0.0000,0.0000,vision,2.671,3.816,0.000,,,line_lost_stop,0.0000,0.0000,0,line_too_few_bands,0.0000,0.0000,0.0000,0.0000,0.0000,0,0,0.0000,1,1.0000,0.0000,0.0000,0.0000,0.0000,0.0000,IDLE,1,0,step_done_latches_cleared,0,0,0.000,0,nan,nan,nan,0.0000,0,nan,nan,0,5,0.6000,0.5888,0.6765,0.5888,0.0112,本圈台阶完成,1,0.0000,0.150,0.330
5923.388,SEEK_CROSSWALK,65.803,1,3.843,0.0000,0.0000,vision,2.671,3.816,0.000,,,line_lost_stop,0.0000,0.0000,0,line_too_few_bands,0.0000,0.0000,0.0000,0.0000,0.0000,0,0,0.0000,1,1.0000,0.0000,0.0000,0.0000,0.0000,0.0000,IDLE,1,0,step_done_latches_cleared,0,0,0.000,0,nan,nan,nan,0.0000,0,nan,nan,0,5,0.6000,0.5888,0.6765,0.5888,0.0112,本圈台阶完成,1,0.0000,0.150,0.330
5923.605,SEEK_CROSSWALK,66.020,1,3.843,0.0000,0.0000,vision,2.671,3.816,0.000,,,line_lost_stop,0.0000,0.0000,0,line_too_few_bands,0.0000,0.0000,0.0000,0.0000,0.0000,0,0,0.0000,1,1.0000,0.0000,0.0000,0.0000,0.0000,0.0000,IDLE,1,0,step_done_latches_cleared,0,0,0.000,0,nan,nan,nan,0.0000,0,nan,nan,0,5,0.6000,0.5888,0.6765,0.5888,0.0112,本圈台阶完成,1,0.0000,0.150,0.330
5923.791,SEEK_CROSSWALK,66.206,1,3.843,0.0000,0.0000,vision,2.671,3.816,0.000,,,line_lost_stop,0.0000,0.0000,0,line_too_few_bands,0.0000,0.0000,0.0000,0.0000,0.0000,0,0,0.0000,1,1.0000,0.0000,0.0000,0.0000,0.0000,0.0000,IDLE,1,0,step_done_latches_cleared,0,0,0.000,0,nan,nan,nan,0.0000,0,nan,nan,0,5,0.6000,0.5888,0.6765,0.5888,0.0112,本圈台阶完成,1,0.0000,0.150,0.330
5923.945,SEEK_CROSSWALK,66.360,1,3.843,0.0000,0.0000,vision,2.671,3.816,0.000,,,line_lost_stop,0.0000,0.0000,0,line_too_few_bands,0.0000,0.0000,0.0000,0.0000,0.0000,0,0,0.0000,1,1.0000,0.0000,0.0000,0.0000,0.0000,0.0000,IDLE,1,0,step_done_latches_cleared,0,0,0.000,0,nan,nan,nan,0.0000,0,nan,nan,0,5,0.6000,0.5888,0.6765,0.5888,0.0112,本圈台阶完成,1,0.0000,0.150,0.330
5924.223,SEEK_CROSSWALK,66.638,1,3.843,0.0000,0.0000,vision,2.671,3.816,0.000,,,line_lost_stop,0.0000,0.0000,0,line_too_few_bands,0.0000,0.0000,0.0000,0.0000,0.0000,0,0,0.0000,1,1.0000,0.0000,0.0000,0.0000,0.0000,0.0000,IDLE,1,0,step_done_latches_cleared,0,0,0.000,0,nan,nan,nan,0.0000,0,nan,nan,0,5,0.6000,0.5888,0.6765,0.5888,0.0112,本圈台阶完成,1,0.0000,0.150,0.330
5924.392,SEEK_CROSSWALK,66.807,1,3.843,0.0000,0.0000,vision,2.671,3.816,0.000,,,line_lost_stop,0.0000,0.0000,0,line_too_few_bands,0.0000,0.0000,0.0000,0.0000,0.0000,0,0,0.0000,1,1.0000,0.0000,0.0000,0.0000,0.0000,0.0000,IDLE,1,0,step_done_latches_cleared,0,0,0.000,0,nan,nan,nan,0.0000,0,nan,nan,0,5,0.6000,0.5888,0.6765,0.5888,0.0112,本圈台阶完成,1,0.0000,0.150,0.330
5924.595,SEEK_CROSSWALK,67.010,1,3.843,0.0000,0.0000,vision,2.671,3.816,0.000,,,line_lost_stop,0.0000,0.0000,0,line_too_few_bands,0.0000,0.0000,0.0000,0.0000,0.0000,0,0,0.0000,1,1.0000,0.0000,0.0000,0.0000,0.0000,0.0000,IDLE,1,0,step_done_latches_cleared,0,0,0.000,0,nan,nan,nan,0.0000,0,nan,nan,0,5,0.6000,0.5888,0.6765,0.5888,0.0112,本圈台阶完成,1,0.0000,0.150,0.330
5924.762,SEEK_CROSSWALK,67.177,1,3.843,0.0000,0.0000,vision,2.671,3.816,0.000,,,line_lost_stop,0.0000,0.0000,0,line_too_few_bands,0.0000,0.0000,0.0000,0.0000,0.0000,0,0,0.0000,1,1.0000,0.0000,0.0000,0.0000,0.0000,0.0000,IDLE,1,0,step_done_latches_cleared,0,0,0.000,0,nan,nan,nan,0.0000,0,nan,nan,0,5,0.6000,0.5888,0.6765,0.5888,0.0112,本圈台阶完成,1,0.0000,0.150,0.330
5924.934,SEEK_CROSSWALK,67.349,1,3.843,0.0000,0.0000,vision,2.671,3.816,0.000,,,line_lost_stop,0.0000,0.0000,0,line_too_few_bands,0.0000,0.0000,0.0000,0.0000,0.0000,0,0,0.0000,1,1.0000,0.0000,0.0000,0.0000,0.0000,0.0000,IDLE,1,0,step_done_latches_cleared,0,0,0.000,0,nan,nan,nan,0.0000,0,nan,nan,0,5,0.6000,0.5888,0.6765,0.5888,0.0112,本圈台阶完成,1,0.0000,0.150,0.330
5925.096,SEEK_CROSSWALK,67.511,1,3.843,0.0000,0.0000,vision,2.671,3.816,0.000,,,line_lost_stop,0.0000,0.0000,0,line_too_few_bands,0.0000,0.0000,0.0000,0.0000,0.0000,0,0,0.0000,1,1.0000,0.0000,0.0000,0.0000,0.0000,0.0000,IDLE,1,0,step_done_latches_cleared,0,0,0.000,0,nan,nan,nan,0.0000,0,nan,nan,0,5,0.6000,0.5888,0.6765,0.5888,0.0112,本圈台阶完成,1,0.0000,0.150,0.330
5925.265,SEEK_CROSSWALK,67.680,1,3.843,0.0000,0.0000,vision,2.671,3.816,0.000,,,line_lost_stop,0.0000,0.0000,0,line_too_few_bands,0.0000,0.0000,0.0000,0.0000,0.0000,0,0,0.0000,1,1.0000,0.0000,0.0000,0.0000,0.0000,0.0000,IDLE,1,0,step_done_latches_cleared,0,0,0.000,0,nan,nan,nan,0.0000,0,nan,nan,0,5,0.6000,0.5888,0.6765,0.5888,0.0112,本圈台阶完成,1,0.0000,0.150,0.330
5925.468,SEEK_CROSSWALK,67.883,1,3.843,0.0000,0.0000,vision,2.671,3.816,0.000,,,line_lost_stop,0.0000,0.0000,0,line_too_few_bands,0.0000,0.0000,0.0000,0.0000,0.0000,0,0,0.0000,1,1.0000,0.0000,0.0000,0.0000,0.0000,0.0000,IDLE,1,0,step_done_latches_cleared,0,0,0.000,0,nan,nan,nan,0.0000,0,nan,nan,0,5,0.6000,0.5888,0.6765,0.5888,0.0112,本圈台阶完成,1,0.0000,0.150,0.330
5925.652,SEEK_CROSSWALK,68.067,1,3.843,0.0000,0.0000,vision,2.671,3.816,0.000,,,line_lost_stop,0.0000,0.0000,0,line_too_few_bands,0.0000,0.0000,0.0000,0.0000,0.0000,0,0,0.0000,1,1.0000,0.0000,0.0000,0.0000,0.0000,0.0000,IDLE,1,0,step_done_latches_cleared,0,0,0.000,0,nan,nan,nan,0.0000,0,nan,nan,0,5,0.6000,0.5888,0.6765,0.5888,0.0112,本圈台阶完成,1,0.0000,0.150,0.330
5925.799,SEEK_CROSSWALK,68.214,1,3.843,0.0000,0.0000,vision,2.671,3.816,0.000,,,line_lost_stop,0.0000,0.0000,0,line_too_few_bands,0.0000,0.0000,0.0000,0.0000,0.0000,0,0,0.0000,1,1.0000,0.0000,0.0000,0.0000,0.0000,0.0000,IDLE,1,0,step_done_latches_cleared,0,0,0.000,0,nan,nan,nan,0.0000,0,nan,nan,0,5,0.6000,0.5888,0.6765,0.5888,0.0112,本圈台阶完成,1,0.0000,0.150,0.330
5925.948,SEEK_CROSSWALK,68.363,1,3.843,0.0000,0.0000,vision,2.671,3.816,0.000,,,line_lost_stop,0.0000,0.0000,0,line_too_few_bands,0.0000,0.0000,0.0000,0.0000,0.0000,0,0,0.0000,1,1.0000,0.0000,0.0000,0.0000,0.0000,0.0000,IDLE,1,0,step_done_latches_cleared,0,0,0.000,0,nan,nan,nan,0.0000,0,nan,nan,0,5,0.6000,0.5888,0.6765,0.5888,0.0112,本圈台阶完成,1,0.0000,0.150,0.330
5926.118,SEEK_CROSSWALK,68.533,1,3.843,0.0000,0.0000,vision,2.671,3.816,0.000,,,line_lost_stop,0.0000,0.0000,0,line_too_few_bands,0.0000,0.0000,0.0000,0.0000,0.0000,0,0,0.0000,1,1.0000,0.0000,0.0000,0.0000,0.0000,0.0000,IDLE,1,0,step_done_latches_cleared,0,0,0.000,0,nan,nan,nan,0.0000,0,nan,nan,0,5,0.6000,0.5888,0.6765,0.5888,0.0112,本圈台阶完成,1,0.0000,0.150,0.330
5926.286,SEEK_CROSSWALK,68.701,1,3.843,0.0000,0.0000,vision,2.671,3.816,0.000,,,line_lost_stop,0.0000,0.0000,0,line_too_few_bands,0.0000,0.0000,0.0000,0.0000,0.0000,0,0,0.0000,1,1.0000,0.0000,0.0000,0.0000,0.0000,0.0000,IDLE,1,0,step_done_latches_cleared,0,0,0.000,0,nan,nan,nan,0.0000,0,nan,nan,0,5,0.6000,0.5888,0.6765,0.5888,0.0112,本圈台阶完成,1,0.0000,0.150,0.330
5926.474,SEEK_CROSSWALK,68.889,1,3.843,0.0000,0.0000,vision,2.671,3.816,0.000,,,tracking,0.0507,-0.3333,1,line_edge_single_rescue,0.8562,0.8562,0.8562,0.8562,0.3100,1,0,0.0000,1,1.0000,0.0000,0.0000,0.0000,0.8562,-0.3333,IDLE,1,0,step_done_latches_cleared,0,0,0.000,0,nan,nan,nan,0.0000,0,nan,nan,0,5,0.6000,0.5888,0.6765,0.5888,0.0112,本圈台阶完成,1,0.0000,0.150,0.330
5926.621,SEEK_CROSSWALK,69.036,1,3.843,0.0000,0.0000,vision,2.671,3.816,0.000,,,line_bridge_loss,0.0350,-0.1680,0,line_too_few_bands,0.0000,0.0000,0.0000,0.0000,0.0000,0,0,0.0000,1,1.0000,0.0000,0.0000,0.0000,0.0000,-0.1680,IDLE,1,0,step_done_latches_cleared,0,0,0.000,0,nan,nan,nan,0.0000,0,nan,nan,0,5,0.6000,0.5888,0.6765,0.5888,0.0112,本圈台阶完成,1,0.0000,0.150,0.330
5926.801,SEEK_CROSSWALK,69.216,1,3.843,0.0000,0.0000,vision,2.671,3.816,0.000,,,line_bridge_loss,0.0350,-0.1680,0,line_too_few_bands,0.0000,0.0000,0.0000,0.0000,0.0000,0,0,0.0000,1,1.0000,0.0000,0.0000,0.0000,0.0000,-0.1680,IDLE,1,0,step_done_latches_cleared,0,0,0.000,0,nan,nan,nan,0.0000,0,nan,nan,0,5,0.6000,0.5888,0.6765,0.5888,0.0112,本圈台阶完成,1,0.0000,0.150,0.330
5926.979,SEEK_CROSSWALK,69.394,1,3.843,0.0000,0.0000,vision,2.671,3.816,0.000,,,line_loss_hold,0.0000,0.0000,0,line_too_few_bands,0.0000,0.0000,0.0000,0.0000,0.0000,0,0,0.0000,1,1.0000,0.0000,0.0000,0.0000,0.0000,0.0000,IDLE,1,0,step_done_latches_cleared,0,0,0.000,0,nan,nan,nan,0.0000,0,nan,nan,0,5,0.6000,0.5888,0.6765,0.5888,0.0112,本圈台阶完成,1,0.0000,0.150,0.330
5927.152,SEEK_CROSSWALK,69.567,1,3.843,0.0000,0.0000,vision,2.671,3.816,0.000,,,line_loss_hold,0.0000,0.0000,0,line_too_few_bands,0.0000,0.0000,0.0000,0.0000,0.0000,0,0,0.0000,1,1.0000,0.0000,0.0000,0.0000,0.0000,0.0000,IDLE,1,0,step_done_latches_cleared,0,0,0.000,0,nan,nan,nan,0.0000,0,nan,nan,0,5,0.6000,0.5888,0.6765,0.5888,0.0112,本圈台阶完成,1,0.0000,0.150,0.330
5927.321,SEEK_CROSSWALK,69.736,1,3.843,0.0000,0.0000,vision,2.671,3.816,0.000,,,line_lost_stop,0.0000,0.0000,0,line_too_few_bands,0.0000,0.0000,0.0000,0.0000,0.0000,0,0,0.0000,1,1.0000,0.0000,0.0000,0.0000,0.0000,0.0000,IDLE,1,0,step_done_latches_cleared,0,0,0.000,0,nan,nan,nan,0.0000,0,nan,nan,0,5,0.6000,0.5888,0.6765,0.5888,0.0112,本圈台阶完成,1,0.0000,0.150,0.330
5927.538,SEEK_CROSSWALK,69.953,1,3.843,0.0000,0.0000,vision,2.671,3.816,0.000,,,line_lost_stop,0.0000,0.0000,0,line_too_few_bands,0.0000,0.0000,0.0000,0.0000,0.0000,0,0,0.0000,1,1.0000,0.0000,0.0000,0.0000,0.0000,0.0000,IDLE,1,0,step_done_latches_cleared,0,0,0.000,0,nan,nan,nan,0.0000,0,nan,nan,0,5,0.6000,0.5888,0.6765,0.5888,0.0112,本圈台阶完成,1,0.0000,0.150,0.330
5927.712,SEEK_CROSSWALK,70.128,1,3.843,0.0000,0.0000,vision,2.671,3.816,0.000,,,line_lost_stop,0.0000,0.0000,0,line_too_few_bands,0.0000,0.0000,0.0000,0.0000,0.0000,0,0,0.0000,1,1.0000,0.0000,0.0000,0.0000,0.0000,0.0000,IDLE,1,0,step_done_latches_cleared,0,0,0.000,0,nan,nan,nan,0.0000,0,nan,nan,0,5,0.6000,0.5888,0.6765,0.5888,0.0112,本圈台阶完成,1,0.0000,0.150,0.330
5927.850,SEEK_CROSSWALK,70.265,1,3.843,0.0000,0.0000,vision,2.671,3.816,0.000,,,line_lost_stop,0.0000,0.0000,0,line_too_few_bands,0.0000,0.0000,0.0000,0.0000,0.0000,0,0,0.0000,1,1.0000,0.0000,0.0000,0.0000,0.0000,0.0000,IDLE,1,0,step_done_latches_cleared,0,0,0.000,0,nan,nan,nan,0.0000,0,nan,nan,0,5,0.6000,0.5888,0.6765,0.5888,0.0112,本圈台阶完成,1,0.0000,0.150,0.330
5928.017,SEEK_CROSSWALK,70.432,1,3.843,0.0000,0.0000,vision,2.671,3.816,0.000,,,line_lost_stop,0.0000,0.0000,0,line_too_few_bands,0.0000,0.0000,0.0000,0.0000,0.0000,0,0,0.0000,1,1.0000,0.0000,0.0000,0.0000,0.0000,0.0000,IDLE,1,0,step_done_latches_cleared,0,0,0.000,0,nan,nan,nan,0.0000,0,nan,nan,0,5,0.6000,0.5888,0.6765,0.5888,0.0112,本圈台阶完成,1,0.0000,0.150,0.330
5928.166,SEEK_CROSSWALK,70.581,1,3.843,0.0000,0.0000,vision,2.671,3.816,0.000,,,line_lost_stop,0.0000,0.0000,0,line_too_few_bands,0.0000,0.0000,0.0000,0.0000,0.0000,0,0,0.0000,1,1.0000,0.0000,0.0000,0.0000,0.0000,0.0000,IDLE,1,0,step_done_latches_cleared,0,0,0.000,0,nan,nan,nan,0.0000,0,nan,nan,0,5,0.6000,0.5888,0.6765,0.5888,0.0112,本圈台阶完成,1,0.0000,0.150,0.330
5928.312,SEEK_CROSSWALK,70.727,1,3.843,0.0000,0.0000,vision,2.671,3.816,0.000,,,tracking,0.0507,-0.3333,1,line_edge_single_rescue,0.8315,0.8315,0.8315,0.8315,0.3100,1,0,0.0000,1,1.0000,0.0000,0.0000,0.0000,0.8315,-0.3333,IDLE,1,0,step_done_latches_cleared,0,0,0.000,0,nan,nan,nan,0.0000,0,nan,nan,0,5,0.6000,0.5888,0.6765,0.5888,0.0112,本圈台阶完成,1,0.0000,0.150,0.330
5928.458,SEEK_CROSSWALK,70.873,1,3.843,0.0000,0.0000,vision,2.671,3.816,0.000,,,line_bridge_loss,0.0350,-0.1680,0,line_too_few_bands,0.0000,0.0000,0.0000,0.0000,0.0000,0,0,0.0000,1,1.0000,0.0000,0.0000,0.0000,0.0000,-0.1680,IDLE,1,0,step_done_latches_cleared,0,0,0.000,0,nan,nan,nan,0.0000,0,nan,nan,0,5,0.6000,0.5888,0.6765,0.5888,0.0112,本圈台阶完成,1,0.0000,0.150,0.330
5928.597,SEEK_CROSSWALK,71.013,1,3.843,0.0000,0.0000,vision,2.671,3.816,0.000,,,line_bridge_loss,0.0350,-0.1680,0,line_too_few_bands,0.0000,0.0000,0.0000,0.0000,0.0000,0,0,0.0000,1,1.0000,0.0000,0.0000,0.0000,0.0000,-0.1680,IDLE,1,0,step_done_latches_cleared,0,0,0.000,0,nan,nan,nan,0.0000,0,nan,nan,0,5,0.6000,0.5888,0.6765,0.5888,0.0112,本圈台阶完成,1,0.0000,0.150,0.330
5928.744,SEEK_CROSSWALK,71.159,1,3.843,0.0000,0.0000,vision,2.671,3.816,0.000,,,line_bridge_loss,0.0350,-0.1680,0,line_too_few_bands,0.0000,0.0000,0.0000,0.0000,0.0000,0,0,0.0000,1,1.0000,0.0000,0.0000,0.0000,0.0000,-0.1680,IDLE,1,0,step_done_latches_cleared,0,0,0.000,0,nan,nan,nan,0.0000,0,nan,nan,0,5,0.6000,0.5888,0.6765,0.5888,0.0112,本圈台阶完成,1,0.0000,0.150,0.330
5928.932,SEEK_CROSSWALK,71.347,1,3.843,0.0000,0.0000,vision,2.671,3.816,0.000,,,line_loss_hold,0.0000,0.0000,0,line_too_few_bands,0.0000,0.0000,0.0000,0.0000,0.0000,0,0,0.0000,1,1.0000,0.0000,0.0000,0.0000,0.0000,0.0000,IDLE,1,0,step_done_latches_cleared,0,0,0.000,0,nan,nan,nan,0.0000,0,nan,nan,0,5,0.6000,0.5888,0.6765,0.5888,0.0112,本圈台阶完成,1,0.0000,0.150,0.330
5929.114,SEEK_CROSSWALK,71.529,1,3.843,0.0000,0.0000,vision,2.671,3.816,0.000,,,line_lost_stop,0.0000,0.0000,0,line_too_few_bands,0.0000,0.0000,0.0000,0.0000,0.0000,0,0,0.0000,1,1.0000,0.0000,0.0000,0.0000,0.0000,0.0000,IDLE,1,0,step_done_latches_cleared,0,0,0.000,0,nan,nan,nan,0.0000,0,nan,nan,0,5,0.6000,0.5888,0.6765,0.5888,0.0112,本圈台阶完成,1,0.0000,0.150,0.330
5929.257,SEEK_CROSSWALK,71.672,1,3.843,0.0000,0.0000,vision,2.671,3.816,0.000,,,line_lost_stop,0.0000,0.0000,0,line_too_few_bands,0.0000,0.0000,0.0000,0.0000,0.0000,0,0,0.0000,1,1.0000,0.0000,0.0000,0.0000,0.0000,0.0000,IDLE,1,0,step_done_latches_cleared,0,0,0.000,0,nan,nan,nan,0.0000,0,nan,nan,0,5,0.6000,0.5888,0.6765,0.5888,0.0112,本圈台阶完成,1,0.0000,0.150,0.330
5929.471,SEEK_CROSSWALK,71.886,1,3.843,0.0000,0.0000,vision,2.671,3.816,0.000,,,line_lost_stop,0.0000,0.0000,0,line_too_few_bands,0.0000,0.0000,0.0000,0.0000,0.0000,0,0,0.0000,1,1.0000,0.0000,0.0000,0.0000,0.0000,0.0000,IDLE,1,0,step_done_latches_cleared,0,0,0.000,0,nan,nan,nan,0.0000,0,nan,nan,0,5,0.6000,0.5888,0.6765,0.5888,0.0112,本圈台阶完成,1,0.0000,0.150,0.330
5929.835,SEEK_CROSSWALK,72.250,1,3.843,0.0000,0.0000,vision,2.671,3.816,0.000,,,line_lost_stop,0.0000,0.0000,0,line_too_few_bands,0.0000,0.0000,0.0000,0.0000,0.0000,0,0,0.0000,1,1.0000,0.0000,0.0000,0.0000,0.0000,0.0000,IDLE,1,0,step_done_latches_cleared,0,0,0.000,0,nan,nan,nan,0.0000,0,nan,nan,0,5,0.6000,0.5888,0.6765,0.5888,0.0112,本圈台阶完成,1,0.0000,0.150,0.330
5930.036,SEEK_CROSSWALK,72.451,1,3.843,0.0000,0.0000,vision,2.671,3.816,0.000,,,line_lost_stop,0.0000,0.0000,0,line_too_few_bands,0.0000,0.0000,0.0000,0.0000,0.0000,0,0,0.0000,1,1.0000,0.0000,0.0000,0.0000,0.0000,0.0000,IDLE,1,0,step_done_latches_cleared,0,0,0.000,0,nan,nan,nan,0.0000,0,nan,nan,0,5,0.6000,0.5888,0.6765,0.5888,0.0112,本圈台阶完成,1,0.0000,0.150,0.330
5930.198,SEEK_CROSSWALK,72.613,1,3.843,0.0000,0.0000,vision,2.671,3.816,0.000,,,line_lost_stop,0.0000,0.0000,0,line_too_few_bands,0.0000,0.0000,0.0000,0.0000,0.0000,0,0,0.0000,1,1.0000,0.0000,0.0000,0.0000,0.0000,0.0000,IDLE,1,0,step_done_latches_cleared,0,0,0.000,0,nan,nan,nan,0.0000,0,nan,nan,0,5,0.6000,0.5888,0.6765,0.5888,0.0112,本圈台阶完成,1,0.0000,0.150,0.330
5930.367,SEEK_CROSSWALK,72.782,1,3.843,0.0000,0.0000,vision,2.671,3.816,0.000,,,line_lost_stop,0.0000,0.0000,0,line_too_few_bands,0.0000,0.0000,0.0000,0.0000,0.0000,0,0,0.0000,1,1.0000,0.0000,0.0000,0.0000,0.0000,0.0000,IDLE,1,0,step_done_latches_cleared,0,0,0.000,0,nan,nan,nan,0.0000,0,nan,nan,0,5,0.6000,0.5888,0.6765,0.5888,0.0112,本圈台阶完成,1,0.0000,0.150,0.330
5930.526,SEEK_CROSSWALK,72.941,1,3.843,0.0000,0.0000,vision,2.671,3.816,0.000,,,line_lost_stop,0.0000,0.0000,0,line_too_few_bands,0.0000,0.0000,0.0000,0.0000,0.0000,0,0,0.0000,1,1.0000,0.0000,0.0000,0.0000,0.0000,0.0000,IDLE,1,0,step_done_latches_cleared,0,0,0.000,0,nan,nan,nan,0.0000,0,nan,nan,0,5,0.6000,0.5888,0.6765,0.5888,0.0112,本圈台阶完成,1,0.0000,0.150,0.330
5930.699,SEEK_CROSSWALK,73.114,1,3.843,0.0000,0.0000,vision,2.671,3.816,0.000,,,line_lost_stop,0.0000,0.0000,0,line_too_few_bands,0.0000,0.0000,0.0000,0.0000,0.0000,0,0,0.0000,1,1.0000,0.0000,0.0000,0.0000,0.0000,0.0000,IDLE,1,0,step_done_latches_cleared,0,0,0.000,0,nan,nan,nan,0.0000,0,nan,nan,0,5,0.6000,0.5888,0.6765,0.5888,0.0112,本圈台阶完成,1,0.0000,0.150,0.330
5930.856,SEEK_CROSSWALK,73.271,1,3.843,0.0000,0.0000,vision,2.671,3.816,0.000,,,line_lost_stop,0.0000,0.0000,0,line_too_few_bands,0.0000,0.0000,0.0000,0.0000,0.0000,0,0,0.0000,1,1.0000,0.0000,0.0000,0.0000,0.0000,0.0000,IDLE,1,0,step_done_latches_cleared,0,0,0.000,0,nan,nan,nan,0.0000,0,nan,nan,0,5,0.6000,0.5888,0.6765,0.5888,0.0112,本圈台阶完成,1,0.0000,0.150,0.330
5931.001,SEEK_CROSSWALK,73.416,1,3.843,0.0000,0.0000,vision,2.671,3.816,0.000,,,line_lost_stop,0.0000,0.0000,0,line_too_few_bands,0.0000,0.0000,0.0000,0.0000,0.0000,0,0,0.0000,1,1.0000,0.0000,0.0000,0.0000,0.0000,0.0000,IDLE,1,0,step_done_latches_cleared,0,0,0.000,0,nan,nan,nan,0.0000,0,nan,nan,0,5,0.6000,0.5888,0.6765,0.5888,0.0112,本圈台阶完成,1,0.0000,0.150,0.330
5931.178,SEEK_CROSSWALK,73.593,1,3.843,0.0000,0.0000,vision,2.671,3.816,0.000,,,line_lost_stop,0.0000,0.0000,0,line_too_few_bands,0.0000,0.0000,0.0000,0.0000,0.0000,0,0,0.0000,1,1.0000,0.0000,0.0000,0.0000,0.0000,0.0000,IDLE,1,0,step_done_latches_cleared,0,0,0.000,0,nan,nan,nan,0.0000,0,nan,nan,0,5,0.6000,0.5888,0.6765,0.5888,0.0112,本圈台阶完成,1,0.0000,0.150,0.330
5931.386,SEEK_CROSSWALK,73.801,1,3.843,0.0000,0.0000,vision,2.671,3.816,0.000,,,line_lost_stop,0.0000,0.0000,0,line_too_few_bands,0.0000,0.0000,0.0000,0.0000,0.0000,0,0,0.0000,1,1.0000,0.0000,0.0000,0.0000,0.0000,0.0000,IDLE,1,0,step_done_latches_cleared,0,0,0.000,0,nan,nan,nan,0.0000,0,nan,nan,0,5,0.6000,0.5888,0.6765,0.5888,0.0112,本圈台阶完成,1,0.0000,0.150,0.330
5931.570,SEEK_CROSSWALK,73.985,1,3.843,0.0000,0.0000,vision,2.671,3.816,0.000,,,line_lost_stop,0.0000,0.0000,0,line_too_few_bands,0.0000,0.0000,0.0000,0.0000,0.0000,0,0,0.0000,1,1.0000,0.0000,0.0000,0.0000,0.0000,0.0000,IDLE,1,0,step_done_latches_cleared,0,0,0.000,0,nan,nan,nan,0.0000,0,nan,nan,0,5,0.6000,0.5888,0.6765,0.5888,0.0112,本圈台阶完成,1,0.0000,0.150,0.330
5931.779,SEEK_CROSSWALK,74.194,1,3.843,0.0000,0.0000,vision,2.671,3.816,0.000,,,line_lost_stop,0.0000,0.0000,0,line_too_few_bands,0.0000,0.0000,0.0000,0.0000,0.0000,0,0,0.0000,1,1.0000,0.0000,0.0000,0.0000,0.0000,0.0000,IDLE,1,0,step_done_latches_cleared,0,0,0.000,0,nan,nan,nan,0.0000,0,nan,nan,0,5,0.6000,0.5888,0.6765,0.5888,0.0112,本圈台阶完成,1,0.0000,0.150,0.330
5931.939,SEEK_CROSSWALK,74.354,1,3.843,0.0000,0.0000,vision,2.671,3.816,0.000,,,line_lost_stop,0.0000,0.0000,0,line_too_few_bands,0.0000,0.0000,0.0000,0.0000,0.0000,0,0,0.0000,1,1.0000,0.0000,0.0000,0.0000,0.0000,0.0000,IDLE,1,0,step_done_latches_cleared,0,0,0.000,0,nan,nan,nan,0.0000,0,nan,nan,0,5,0.6000,0.5888,0.6765,0.5888,0.0112,本圈台阶完成,1,0.0000,0.150,0.330
5932.091,SEEK_CROSSWALK,74.506,1,3.843,0.0000,0.0000,vision,2.671,3.816,0.000,,,line_lost_stop,0.0000,0.0000,0,line_too_few_bands,0.0000,0.0000,0.0000,0.0000,0.0000,0,0,0.0000,1,1.0000,0.0000,0.0000,0.0000,0.0000,0.0000,IDLE,1,0,step_done_latches_cleared,0,0,0.000,0,nan,nan,nan,0.0000,0,nan,nan,0,5,0.6000,0.5888,0.6765,0.5888,0.0112,本圈台阶完成,1,0.0000,0.150,0.330
5932.230,SEEK_CROSSWALK,74.645,1,3.843,0.0000,0.0000,vision,2.671,3.816,0.000,,,line_lost_stop,0.0000,0.0000,0,line_too_few_bands,0.0000,0.0000,0.0000,0.0000,0.0000,0,0,0.0000,1,1.0000,0.0000,0.0000,0.0000,0.0000,0.0000,IDLE,1,0,step_done_latches_cleared,0,0,0.000,0,nan,nan,nan,0.0000,0,nan,nan,0,5,0.6000,0.5888,0.6765,0.5888,0.0112,本圈台阶完成,1,0.0000,0.150,0.330
5932.371,SEEK_CROSSWALK,74.786,1,3.843,0.0000,0.0000,vision,2.671,3.816,0.000,,,line_lost_stop,0.0000,0.0000,0,line_too_few_bands,0.0000,0.0000,0.0000,0.0000,0.0000,0,0,0.0000,1,1.0000,0.0000,0.0000,0.0000,0.0000,0.0000,IDLE,1,0,step_done_latches_cleared,0,0,0.000,0,nan,nan,nan,0.0000,0,nan,nan,0,5,0.6000,0.5888,0.6765,0.5888,0.0112,本圈台阶完成,1,0.0000,0.150,0.330
5932.584,SEEK_CROSSWALK,74.999,1,3.843,0.0000,0.0000,vision,2.671,3.816,0.000,,,line_lost_stop,0.0000,0.0000,0,line_too_few_bands,0.0000,0.0000,0.0000,0.0000,0.0000,0,0,0.0000,1,1.0000,0.0000,0.0000,0.0000,0.0000,0.0000,IDLE,1,0,step_done_latches_cleared,0,0,0.000,0,nan,nan,nan,0.0000,0,nan,nan,0,5,0.6000,0.5888,0.6765,0.5888,0.0112,本圈台阶完成,1,0.0000,0.150,0.330
5932.713,SEEK_CROSSWALK,75.128,1,3.843,0.0000,0.0000,vision,2.671,3.816,0.000,,,line_lost_stop,0.0000,0.0000,0,line_too_few_bands,0.0000,0.0000,0.0000,0.0000,0.0000,0,0,0.0000,1,1.0000,0.0000,0.0000,0.0000,0.0000,0.0000,IDLE,1,0,step_done_latches_cleared,0,0,0.000,0,nan,nan,nan,0.0000,0,nan,nan,0,5,0.6000,0.5888,0.6765,0.5888,0.0112,本圈台阶完成,1,0.0000,0.150,0.330
5932.853,SEEK_CROSSWALK,75.268,1,3.843,0.0000,0.0000,vision,2.671,3.816,0.000,,,line_lost_stop,0.0000,0.0000,0,line_too_few_bands,0.0000,0.0000,0.0000,0.0000,0.0000,0,0,0.0000,1,1.0000,0.0000,0.0000,0.0000,0.0000,0.0000,IDLE,1,0,step_done_latches_cleared,0,0,0.000,0,nan,nan,nan,0.0000,0,nan,nan,0,5,0.6000,0.5888,0.6765,0.5888,0.0112,本圈台阶完成,1,0.0000,0.150,0.330
5933.030,SEEK_CROSSWALK,75.445,1,3.843,0.0000,0.0000,vision,2.671,3.816,0.000,,,line_lost_stop,0.0000,0.0000,0,line_too_few_bands,0.0000,0.0000,0.0000,0.0000,0.0000,0,0,0.0000,1,1.0000,0.0000,0.0000,0.0000,0.0000,0.0000,IDLE,1,0,step_done_latches_cleared,0,0,0.000,0,nan,nan,nan,0.0000,0,nan,nan,0,5,0.6000,0.5888,0.6765,0.5888,0.0112,本圈台阶完成,1,0.0000,0.150,0.330
5933.204,SEEK_CROSSWALK,75.620,1,3.843,0.0000,0.0000,vision,2.671,3.816,0.000,,,line_lost_stop,0.0000,0.0000,0,line_too_few_bands,0.0000,0.0000,0.0000,0.0000,0.0000,0,0,0.0000,1,1.0000,0.0000,0.0000,0.0000,0.0000,0.0000,IDLE,1,0,step_done_latches_cleared,0,0,0.000,0,nan,nan,nan,0.0000,0,nan,nan,0,5,0.6000,0.5888,0.6765,0.5888,0.0112,本圈台阶完成,1,0.0000,0.150,0.330
5933.362,SEEK_CROSSWALK,75.777,1,3.843,0.0000,0.0000,vision,2.671,3.816,0.000,,,line_lost_stop,0.0000,0.0000,0,line_too_few_bands,0.0000,0.0000,0.0000,0.0000,0.0000,0,0,0.0000,1,1.0000,0.0000,0.0000,0.0000,0.0000,0.0000,IDLE,1,0,step_done_latches_cleared,0,0,0.000,0,nan,nan,nan,0.0000,0,nan,nan,0,5,0.6000,0.5888,0.6765,0.5888,0.0112,本圈台阶完成,1,0.0000,0.150,0.330
5933.493,SEEK_CROSSWALK,75.908,1,3.843,0.0000,0.0000,vision,2.671,3.816,0.000,,,line_lost_stop,0.0000,0.0000,0,line_too_few_bands,0.0000,0.0000,0.0000,0.0000,0.0000,0,0,0.0000,1,1.0000,0.0000,0.0000,0.0000,0.0000,0.0000,IDLE,1,0,step_done_latches_cleared,0,0,0.000,0,nan,nan,nan,0.0000,0,nan,nan,0,5,0.6000,0.5888,0.6765,0.5888,0.0112,本圈台阶完成,1,0.0000,0.150,0.330
5933.674,SEEK_CROSSWALK,76.089,1,3.843,0.0000,0.0000,vision,2.671,3.816,0.000,,,line_lost_stop,0.0000,0.0000,0,line_too_few_bands,0.0000,0.0000,0.0000,0.0000,0.0000,0,0,0.0000,1,1.0000,0.0000,0.0000,0.0000,0.0000,0.0000,IDLE,1,0,step_done_latches_cleared,0,0,0.000,0,nan,nan,nan,0.0000,0,nan,nan,0,5,0.6000,0.5888,0.6765,0.5888,0.0112,本圈台阶完成,1,0.0000,0.150,0.330
5933.857,SEEK_CROSSWALK,76.272,1,3.843,0.0000,0.0000,vision,2.671,3.816,0.000,,,line_lost_stop,0.0000,0.0000,0,line_too_few_bands,0.0000,0.0000,0.0000,0.0000,0.0000,0,0,0.0000,1,1.0000,0.0000,0.0000,0.0000,0.0000,0.0000,IDLE,1,0,step_done_latches_cleared,0,0,0.000,0,nan,nan,nan,0.0000,0,nan,nan,0,5,0.6000,0.5888,0.6765,0.5888,0.0112,本圈台阶完成,1,0.0000,0.150,0.330
5934.022,SEEK_CROSSWALK,76.437,1,3.843,0.0000,0.0000,vision,2.671,3.816,0.000,,,camera_timeout,0.0000,0.0000,0,,nan,nan,nan,nan,0.0000,0,0,0.0000,0,0.0000,nan,nan,nan,nan,0.0000,IDLE,1,0,step_done_latches_cleared,0,0,0.000,0,nan,nan,nan,0.0000,0,nan,nan,0,5,0.6000,0.5888,0.6765,0.5888,0.0112,本圈台阶完成,1,0.0000,0.150,0.330
5934.085,SEEK_CROSSWALK,76.500,1,3.843,0.0000,0.0000,vision,2.671,3.816,0.000,,,camera_timeout,0.0000,0.0000,0,,nan,nan,nan,nan,0.0000,0,0,0.0000,0,0.0000,nan,nan,nan,nan,0.0000,IDLE,1,0,step_done_latches_cleared,0,0,0.000,0,nan,nan,nan,0.0000,0,nan,nan,0,5,0.6000,0.5888,0.6765,0.5888,0.0112,本圈台阶完成,1,0.0000,0.150,0.330
5934.152,SEEK_CROSSWALK,76.568,1,3.843,0.0000,0.0000,vision,2.671,3.816,0.000,,,camera_timeout,0.0000,0.0000,0,,nan,nan,nan,nan,0.0000,0,0,0.0000,0,0.0000,nan,nan,nan,nan,0.0000,IDLE,1,0,step_done_latches_cleared,0,0,0.000,0,nan,nan,nan,0.0000,0,nan,nan,0,5,0.6000,0.5888,0.6765,0.5888,0.0112,本圈台阶完成,1,0.0000,0.150,0.330
5934.218,SEEK_CROSSWALK,76.634,1,3.843,0.0000,0.0000,vision,2.671,3.816,0.000,,,camera_timeout,0.0000,0.0000,0,,nan,nan,nan,nan,0.0000,0,0,0.0000,0,0.0000,nan,nan,nan,nan,0.0000,IDLE,1,0,step_done_latches_cleared,0,0,0.000,0,nan,nan,nan,0.0000,0,nan,nan,0,5,0.6000,0.5888,0.6765,0.5888,0.0112,本圈台阶完成,1,0.0000,0.150,0.330
5934.286,SEEK_CROSSWALK,76.701,1,3.843,0.0000,0.0000,vision,2.671,3.816,0.000,,,camera_timeout,0.0000,0.0000,0,,nan,nan,nan,nan,0.0000,0,0,0.0000,0,0.0000,nan,nan,nan,nan,0.0000,IDLE,1,0,step_done_latches_cleared,0,0,0.000,0,nan,nan,nan,0.0000,0,nan,nan,0,5,0.6000,0.5888,0.6765,0.5888,0.0112,本圈台阶完成,1,0.0000,0.150,0.330
5934.356,SEEK_CROSSWALK,76.772,1,3.843,0.0000,0.0000,vision,2.671,3.816,0.000,,,camera_timeout,0.0000,0.0000,0,,nan,nan,nan,nan,0.0000,0,0,0.0000,0,0.0000,nan,nan,nan,nan,0.0000,IDLE,1,0,step_done_latches_cleared,0,0,0.000,0,nan,nan,nan,0.0000,0,nan,nan,0,5,0.6000,0.5888,0.6765,0.5888,0.0112,本圈台阶完成,1,0.0000,0.150,0.330
5934.420,SEEK_CROSSWALK,76.835,1,3.843,0.0000,0.0000,vision,2.671,3.816,0.000,,,camera_timeout,0.0000,0.0000,0,,nan,nan,nan,nan,0.0000,0,0,0.0000,0,0.0000,nan,nan,nan,nan,0.0000,IDLE,1,0,step_done_latches_cleared,0,0,0.000,0,nan,nan,nan,0.0000,0,nan,nan,0,5,0.6000,0.5888,0.6765,0.5888,0.0112,本圈台阶完成,1,0.0000,0.150,0.330
5934.485,SEEK_CROSSWALK,76.900,1,3.843,0.0000,0.0000,vision,2.671,3.816,0.000,,,camera_timeout,0.0000,0.0000,0,,nan,nan,nan,nan,0.0000,0,0,0.0000,0,0.0000,nan,nan,nan,nan,0.0000,IDLE,1,0,step_done_latches_cleared,0,0,0.000,0,nan,nan,nan,0.0000,0,nan,nan,0,5,0.6000,0.5888,0.6765,0.5888,0.0112,本圈台阶完成,1,0.0000,0.150,0.330
5934.553,SEEK_CROSSWALK,76.968,1,3.843,0.0000,0.0000,vision,2.671,3.816,0.000,,,camera_timeout,0.0000,0.0000,0,,nan,nan,nan,nan,0.0000,0,0,0.0000,0,0.0000,nan,nan,nan,nan,0.0000,IDLE,1,0,step_done_latches_cleared,0,0,0.000,0,nan,nan,nan,0.0000,0,nan,nan,0,5,0.6000,0.5888,0.6765,0.5888,0.0112,本圈台阶完成,1,0.0000,0.150,0.330
5934.619,SEEK_CROSSWALK,77.034,1,3.843,0.0000,0.0000,vision,2.671,3.816,0.000,,,camera_timeout,0.0000,0.0000,0,,nan,nan,nan,nan,0.0000,0,0,0.0000,0,0.0000,nan,nan,nan,nan,0.0000,IDLE,1,0,step_done_latches_cleared,0,0,0.000,0,nan,nan,nan,0.0000,0,nan,nan,0,5,0.6000,0.5888,0.6765,0.5888,0.0112,本圈台阶完成,1,0.0000,0.150,0.330
5934.686,SEEK_CROSSWALK,77.101,1,3.843,0.0000,0.0000,vision,2.671,3.816,0.000,,,camera_timeout,0.0000,0.0000,0,,nan,nan,nan,nan,0.0000,0,0,0.0000,0,0.0000,nan,nan,nan,nan,0.0000,IDLE,1,0,step_done_latches_cleared,0,0,0.000,0,nan,nan,nan,0.0000,0,nan,nan,0,5,0.6000,0.5888,0.6765,0.5888,0.0112,本圈台阶完成,1,0.0000,0.150,0.330
5934.755,SEEK_CROSSWALK,77.170,1,3.843,0.0000,0.0000,vision,2.671,3.816,0.000,,,camera_timeout,0.0000,0.0000,0,,nan,nan,nan,nan,0.0000,0,0,0.0000,0,0.0000,nan,nan,nan,nan,0.0000,IDLE,1,0,step_done_latches_cleared,0,0,0.000,0,nan,nan,nan,0.0000,0,nan,nan,0,5,0.6000,0.5888,0.6765,0.5888,0.0112,本圈台阶完成,1,0.0000,0.150,0.330
5934.819,SEEK_CROSSWALK,77.234,1,3.843,0.0000,0.0000,vision,2.671,3.816,0.000,,,camera_timeout,0.0000,0.0000,0,,nan,nan,nan,nan,0.0000,0,0,0.0000,0,0.0000,nan,nan,nan,nan,0.0000,IDLE,1,0,step_done_latches_cleared,0,0,0.000,0,nan,nan,nan,0.0000,0,nan,nan,0,5,0.6000,0.5888,0.6765,0.5888,0.0112,本圈台阶完成,1,0.0000,0.150,0.330
5934.885,SEEK_CROSSWALK,77.300,1,3.843,0.0000,0.0000,vision,2.671,3.816,0.000,,,camera_timeout,0.0000,0.0000,0,,nan,nan,nan,nan,0.0000,0,0,0.0000,0,0.0000,nan,nan,nan,nan,0.0000,IDLE,1,0,step_done_latches_cleared,0,0,0.000,0,nan,nan,nan,0.0000,0,nan,nan,0,5,0.6000,0.5888,0.6765,0.5888,0.0112,本圈台阶完成,1,0.0000,0.150,0.330
5934.956,SEEK_CROSSWALK,77.371,1,3.843,0.0000,0.0000,vision,2.671,3.816,0.000,,,camera_timeout,0.0000,0.0000,0,,nan,nan,nan,nan,0.0000,0,0,0.0000,0,0.0000,nan,nan,nan,nan,0.0000,IDLE,1,0,step_done_latches_cleared,0,0,0.000,0,nan,nan,nan,0.0000,0,nan,nan,0,5,0.6000,0.5888,0.6765,0.5888,0.0112,本圈台阶完成,1,0.0000,0.150,0.330
5935.019,SEEK_CROSSWALK,77.434,1,3.843,0.0000,0.0000,vision,2.671,3.816,0.000,,,camera_timeout,0.0000,0.0000,0,,nan,nan,nan,nan,0.0000,0,0,0.0000,0,0.0000,nan,nan,nan,nan,0.0000,IDLE,1,0,step_done_latches_cleared,0,0,0.000,0,nan,nan,nan,0.0000,0,nan,nan,0,5,0.6000,0.5888,0.6765,0.5888,0.0112,本圈台阶完成,1,0.0000,0.150,0.330
5935.086,SEEK_CROSSWALK,77.501,1,3.843,0.0000,0.0000,vision,2.671,3.816,0.000,,,camera_timeout,0.0000,0.0000,0,,nan,nan,nan,nan,0.0000,0,0,0.0000,0,0.0000,nan,nan,nan,nan,0.0000,IDLE,1,0,step_done_latches_cleared,0,0,0.000,0,nan,nan,nan,0.0000,0,nan,nan,0,5,0.6000,0.5888,0.6765,0.5888,0.0112,本圈台阶完成,1,0.0000,0.150,0.330
5935.153,SEEK_CROSSWALK,77.568,1,3.843,0.0000,0.0000,vision,2.671,3.816,0.000,,,camera_timeout,0.0000,0.0000,0,,nan,nan,nan,nan,0.0000,0,0,0.0000,0,0.0000,nan,nan,nan,nan,0.0000,IDLE,1,0,step_done_latches_cleared,0,0,0.000,0,nan,nan,nan,0.0000,0,nan,nan,0,5,0.6000,0.5888,0.6765,0.5888,0.0112,本圈台阶完成,1,0.0000,0.150,0.330
5935.219,SEEK_CROSSWALK,77.634,1,3.843,0.0000,0.0000,vision,2.671,3.816,0.000,,,camera_timeout,0.0000,0.0000,0,,nan,nan,nan,nan,0.0000,0,0,0.0000,0,0.0000,nan,nan,nan,nan,0.0000,IDLE,1,0,step_done_latches_cleared,0,0,0.000,0,nan,nan,nan,0.0000,0,nan,nan,0,5,0.6000,0.5888,0.6765,0.5888,0.0112,本圈台阶完成,1,0.0000,0.150,0.330
5935.286,SEEK_CROSSWALK,77.701,1,3.843,0.0000,0.0000,vision,2.671,3.816,0.000,,,camera_timeout,0.0000,0.0000,0,,nan,nan,nan,nan,0.0000,0,0,0.0000,0,0.0000,nan,nan,nan,nan,0.0000,IDLE,1,0,step_done_latches_cleared,0,0,0.000,0,nan,nan,nan,0.0000,0,nan,nan,0,5,0.6000,0.5888,0.6765,0.5888,0.0112,本圈台阶完成,1,0.0000,0.150,0.330
5935.353,SEEK_CROSSWALK,77.768,1,3.843,0.0000,0.0000,vision,2.671,3.816,0.000,,,camera_timeout,0.0000,0.0000,0,,nan,nan,nan,nan,0.0000,0,0,0.0000,0,0.0000,nan,nan,nan,nan,0.0000,IDLE,1,0,step_done_latches_cleared,0,0,0.000,0,nan,nan,nan,0.0000,0,nan,nan,0,5,0.6000,0.5888,0.6765,0.5888,0.0112,本圈台阶完成,1,0.0000,0.150,0.330
5935.419,SEEK_CROSSWALK,77.834,1,3.843,0.0000,0.0000,vision,2.671,3.816,0.000,,,camera_timeout,0.0000,0.0000,0,,nan,nan,nan,nan,0.0000,0,0,0.0000,0,0.0000,nan,nan,nan,nan,0.0000,IDLE,1,0,step_done_latches_cleared,0,0,0.000,0,nan,nan,nan,0.0000,0,nan,nan,0,5,0.6000,0.5888,0.6765,0.5888,0.0112,本圈台阶完成,1,0.0000,0.150,0.330
5935.486,SEEK_CROSSWALK,77.901,1,3.843,0.0000,0.0000,vision,2.671,3.816,0.000,,,camera_timeout,0.0000,0.0000,0,,nan,nan,nan,nan,0.0000,0,0,0.0000,0,0.0000,nan,nan,nan,nan,0.0000,IDLE,1,0,step_done_latches_cleared,0,0,0.000,0,nan,nan,nan,0.0000,0,nan,nan,0,5,0.6000,0.5888,0.6765,0.5888,0.0112,本圈台阶完成,1,0.0000,0.150,0.330
5935.556,SEEK_CROSSWALK,77.971,1,3.843,0.0000,0.0000,vision,2.671,3.816,0.000,,,camera_timeout,0.0000,0.0000,0,,nan,nan,nan,nan,0.0000,0,0,0.0000,0,0.0000,nan,nan,nan,nan,0.0000,IDLE,1,0,step_done_latches_cleared,0,0,0.000,0,nan,nan,nan,0.0000,0,nan,nan,0,5,0.6000,0.5888,0.6765,0.5888,0.0112,本圈台阶完成,1,0.0000,0.150,0.330
5935.619,SEEK_CROSSWALK,78.034,1,3.843,0.0000,0.0000,vision,2.671,3.816,0.000,,,camera_timeout,0.0000,0.0000,0,,nan,nan,nan,nan,0.0000,0,0,0.0000,0,0.0000,nan,nan,nan,nan,0.0000,IDLE,1,0,step_done_latches_cleared,0,0,0.000,0,nan,nan,nan,0.0000,0,nan,nan,0,5,0.6000,0.5888,0.6765,0.5888,0.0112,本圈台阶完成,1,0.0000,0.150,0.330
5935.686,SEEK_CROSSWALK,78.101,1,3.843,0.0000,0.0000,vision,2.671,3.816,0.000,,,camera_timeout,0.0000,0.0000,0,,nan,nan,nan,nan,0.0000,0,0,0.0000,0,0.0000,nan,nan,nan,nan,0.0000,IDLE,1,0,step_done_latches_cleared,0,0,0.000,0,nan,nan,nan,0.0000,0,nan,nan,0,5,0.6000,0.5888,0.6765,0.5888,0.0112,本圈台阶完成,1,0.0000,0.150,0.330
5935.753,SEEK_CROSSWALK,78.168,1,3.843,0.0000,0.0000,vision,2.671,3.816,0.000,,,camera_timeout,0.0000,0.0000,0,,nan,nan,nan,nan,0.0000,0,0,0.0000,0,0.0000,nan,nan,nan,nan,0.0000,IDLE,1,0,step_done_latches_cleared,0,0,0.000,0,nan,nan,nan,0.0000,0,nan,nan,0,5,0.6000,0.5888,0.6765,0.5888,0.0112,本圈台阶完成,1,0.0000,0.150,0.330
5935.819,SEEK_CROSSWALK,78.234,1,3.843,0.0000,0.0000,vision,2.671,3.816,0.000,,,camera_timeout,0.0000,0.0000,0,,nan,nan,nan,nan,0.0000,0,0,0.0000,0,0.0000,nan,nan,nan,nan,0.0000,IDLE,1,0,step_done_latches_cleared,0,0,0.000,0,nan,nan,nan,0.0000,0,nan,nan,0,5,0.6000,0.5888,0.6765,0.5888,0.0112,本圈台阶完成,1,0.0000,0.150,0.330
5935.886,SEEK_CROSSWALK,78.301,1,3.843,0.0000,0.0000,vision,2.671,3.816,0.000,,,camera_timeout,0.0000,0.0000,0,,nan,nan,nan,nan,0.0000,0,0,0.0000,0,0.0000,nan,nan,nan,nan,0.0000,IDLE,1,0,step_done_latches_cleared,0,0,0.000,0,nan,nan,nan,0.0000,0,nan,nan,0,5,0.6000,0.5888,0.6765,0.5888,0.0112,本圈台阶完成,1,0.0000,0.150,0.330
5935.955,SEEK_CROSSWALK,78.370,1,3.843,0.0000,0.0000,vision,2.671,3.816,0.000,,,camera_timeout,0.0000,0.0000,0,,nan,nan,nan,nan,0.0000,0,0,0.0000,0,0.0000,nan,nan,nan,nan,0.0000,IDLE,1,0,step_done_latches_cleared,0,0,0.000,0,nan,nan,nan,0.0000,0,nan,nan,0,5,0.6000,0.5888,0.6765,0.5888,0.0112,本圈台阶完成,1,0.0000,0.150,0.330
5936.019,SEEK_CROSSWALK,78.434,1,3.843,0.0000,0.0000,vision,2.671,3.816,0.000,,,camera_timeout,0.0000,0.0000,0,,nan,nan,nan,nan,0.0000,0,0,0.0000,0,0.0000,nan,nan,nan,nan,0.0000,IDLE,1,0,step_done_latches_cleared,0,0,0.000,0,nan,nan,nan,0.0000,0,nan,nan,0,5,0.6000,0.5888,0.6765,0.5888,0.0112,本圈台阶完成,1,0.0000,0.150,0.330
5936.086,SEEK_CROSSWALK,78.501,1,3.843,0.0000,0.0000,vision,2.671,3.816,0.000,,,camera_timeout,0.0000,0.0000,0,,nan,nan,nan,nan,0.0000,0,0,0.0000,0,0.0000,nan,nan,nan,nan,0.0000,IDLE,1,0,step_done_latches_cleared,0,0,0.000,0,nan,nan,nan,0.0000,0,nan,nan,0,5,0.6000,0.5888,0.6765,0.5888,0.0112,本圈台阶完成,1,0.0000,0.150,0.330
5936.155,SEEK_CROSSWALK,78.570,1,3.843,0.0000,0.0000,vision,2.671,3.816,0.000,,,camera_timeout,0.0000,0.0000,0,,nan,nan,nan,nan,0.0000,0,0,0.0000,0,0.0000,nan,nan,nan,nan,0.0000,IDLE,1,0,step_done_latches_cleared,0,0,0.000,0,nan,nan,nan,0.0000,0,nan,nan,0,5,0.6000,0.5888,0.6765,0.5888,0.0112,本圈台阶完成,1,0.0000,0.150,0.330
5936.219,SEEK_CROSSWALK,78.634,1,3.843,0.0000,0.0000,vision,2.671,3.816,0.000,,,camera_timeout,0.0000,0.0000,0,,nan,nan,nan,nan,0.0000,0,0,0.0000,0,0.0000,nan,nan,nan,nan,0.0000,IDLE,1,0,step_done_latches_cleared,0,0,0.000,0,nan,nan,nan,0.0000,0,nan,nan,0,5,0.6000,0.5888,0.6765,0.5888,0.0112,本圈台阶完成,1,0.0000,0.150,0.330
5936.286,SEEK_CROSSWALK,78.701,1,3.843,0.0000,0.0000,vision,2.671,3.816,0.000,,,camera_timeout,0.0000,0.0000,0,,nan,nan,nan,nan,0.0000,0,0,0.0000,0,0.0000,nan,nan,nan,nan,0.0000,IDLE,1,0,step_done_latches_cleared,0,0,0.000,0,nan,nan,nan,0.0000,0,nan,nan,0,5,0.6000,0.5888,0.6765,0.5888,0.0112,本圈台阶完成,1,0.0000,0.150,0.330
5936.354,SEEK_CROSSWALK,78.769,1,3.843,0.0000,0.0000,vision,2.671,3.816,0.000,,,line_lost_stop,0.0000,0.0000,0,line_too_few_bands,0.0000,0.0000,0.0000,0.0000,0.0000,0,0,0.0000,0,0.0000,0.0000,0.0000,0.0000,0.0000,0.0000,IDLE,1,0,step_done_latches_cleared,0,0,0.000,0,nan,nan,nan,0.0000,0,nan,nan,0,5,0.6000,0.5888,0.6765,0.5888,0.0112,本圈台阶完成,1,0.0000,0.150,0.330
5936.516,SEEK_CROSSWALK,78.931,1,3.843,0.0000,0.0000,vision,2.671,3.816,0.000,,,line_lost_stop,0.0000,0.0000,0,line_too_few_bands,0.0000,0.0000,0.0000,0.0000,0.0000,0,0,0.0000,0,0.0086,0.0000,0.0000,0.0000,0.0000,0.0000,IDLE,1,0,step_done_latches_cleared,0,0,0.000,0,nan,nan,nan,0.0000,0,nan,nan,0,5,0.6000,0.5888,0.6765,0.5888,0.0112,本圈台阶完成,1,0.0000,0.150,0.330
5936.647,SEEK_CROSSWALK,79.062,1,3.843,0.0000,0.0000,vision,2.671,3.816,0.000,,,line_lost_stop,0.0000,0.0000,0,line_too_few_bands,0.0000,0.0000,0.0000,0.0000,0.0000,0,0,0.0000,0,0.0086,0.0000,0.0000,0.0000,0.0000,0.0000,IDLE,1,0,step_done_latches_cleared,0,0,0.000,0,nan,nan,nan,0.0000,0,nan,nan,0,5,0.6000,0.5888,0.6765,0.5888,0.0112,本圈台阶完成,1,0.0000,0.150,0.330
5936.815,SEEK_CROSSWALK,79.230,1,3.843,0.0000,0.0000,vision,2.671,3.816,0.000,,,line_lost_stop,0.0000,0.0000,0,line_too_few_bands,0.0000,0.0000,0.0000,0.0000,0.0000,0,0,0.0000,0,0.0473,0.0000,0.0000,0.0000,0.0000,0.0000,IDLE,1,0,step_done_latches_cleared,0,0,0.000,0,nan,nan,nan,0.0000,0,nan,nan,0,5,0.6000,0.5888,0.6765,0.5888,0.0112,本圈台阶完成,1,0.0000,0.150,0.330
5936.960,SEEK_CROSSWALK,79.375,1,3.843,0.0000,0.0000,vision,2.671,3.816,0.000,,,line_lost_stop,0.0000,0.0000,0,line_too_few_bands,0.0000,0.0000,0.0000,0.0000,0.0000,0,0,0.0000,0,0.0344,0.0000,0.0000,0.0000,0.0000,0.0000,IDLE,1,0,step_done_latches_cleared,0,0,0.000,0,nan,nan,nan,0.0000,0,nan,nan,0,5,0.6000,0.5888,0.6765,0.5888,0.0112,本圈台阶完成,1,0.0000,0.150,0.330
5937.141,SEEK_CROSSWALK,79.556,1,3.843,0.0000,0.0000,vision,2.671,3.816,0.000,,,line_lost_stop,0.0000,0.0000,0,line_too_few_bands,0.0000,0.0000,0.0000,0.0000,0.0000,0,0,0.0000,0,0.0645,0.0000,0.0000,0.0000,0.0000,0.0000,IDLE,1,0,step_done_latches_cleared,0,0,0.000,0,nan,nan,nan,0.0000,0,nan,nan,0,5,0.6000,0.5888,0.6765,0.5888,0.0112,本圈台阶完成,1,0.0000,0.150,0.330
5937.294,SEEK_CROSSWALK,79.709,1,3.843,0.0000,0.0000,vision,2.671,3.816,0.000,,,line_lost_stop,0.0000,0.0000,0,line_too_few_bands,0.0000,0.0000,0.0000,0.0000,0.0000,0,0,0.0000,0,0.1246,0.0000,0.0000,0.0000,0.0000,0.0000,IDLE,1,0,step_done_latches_cleared,0,0,0.000,0,nan,nan,nan,0.0000,0,nan,nan,0,5,0.6000,0.5888,0.6765,0.5888,0.0112,本圈台阶完成,1,0.0000,0.150,0.330
5937.449,SEEK_CROSSWALK,79.864,1,3.843,0.0000,0.0000,vision,2.671,3.816,0.000,,,line_lost_stop,0.0000,0.0000,0,line_too_few_bands,0.0000,0.0000,0.0000,0.0000,0.0000,0,0,0.0000,0,0.2750,0.0000,0.0000,0.0000,0.0000,0.0000,IDLE,1,0,step_done_latches_cleared,0,0,0.000,0,nan,nan,nan,0.0000,0,nan,nan,0,5,0.6000,0.5888,0.6765,0.5888,0.0112,本圈台阶完成,1,0.0000,0.150,0.330
5937.614,SEEK_CROSSWALK,80.029,1,3.843,0.0000,0.0000,vision,2.671,3.816,0.000,,,line_lost_stop,0.0000,0.0000,0,line_too_few_bands,0.0000,0.0000,0.0000,0.0000,0.0000,0,0,0.0000,1,1.0000,0.0000,0.0000,0.0000,0.0000,0.0000,IDLE,1,0,step_done_latches_cleared,0,0,0.000,0,nan,nan,nan,0.0000,0,nan,nan,0,5,0.6000,0.5888,0.6765,0.5888,0.0112,本圈台阶完成,1,0.0000,0.150,0.330
5937.762,SEEK_CROSSWALK,80.177,1,3.843,0.0000,0.0000,vision,2.671,3.816,0.000,,,line_lost_stop,0.0000,0.0000,0,line_too_few_bands,0.0000,0.0000,0.0000,0.0000,0.0000,0,0,0.0000,1,1.0000,0.0000,0.0000,0.0000,0.0000,0.0000,IDLE,1,0,step_done_latches_cleared,0,0,0.000,0,nan,nan,nan,0.0000,0,nan,nan,0,5,0.6000,0.5888,0.6765,0.5888,0.0112,本圈台阶完成,1,0.0000,0.150,0.330
5937.904,SEEK_CROSSWALK,80.320,1,3.843,0.0000,0.0000,vision,2.671,3.816,0.000,,,line_lost_stop,0.0000,0.0000,0,line_too_few_bands,0.0000,0.0000,0.0000,0.0000,0.0000,0,0,0.0000,1,1.0000,0.0000,0.0000,0.0000,0.0000,0.0000,IDLE,1,0,step_done_latches_cleared,0,0,0.000,0,nan,nan,nan,0.0000,0,nan,nan,0,5,0.6000,0.5888,0.6765,0.5888,0.0112,本圈台阶完成,1,0.0000,0.150,0.330
5938.063,SEEK_CROSSWALK,80.478,1,3.843,0.0000,0.0000,vision,2.671,3.816,0.000,,,line_lost_stop,0.0000,0.0000,0,line_too_few_bands,0.0000,0.0000,0.0000,0.0000,0.0000,0,0,0.0000,1,1.0000,0.0000,0.0000,0.0000,0.0000,0.0000,IDLE,1,0,step_done_latches_cleared,0,0,0.000,0,nan,nan,nan,0.0000,0,nan,nan,0,5,0.6000,0.5888,0.6765,0.5888,0.0112,本圈台阶完成,1,0.0000,0.150,0.330
5938.222,SEEK_CROSSWALK,80.637,1,3.843,0.0000,0.0000,vision,2.671,3.816,0.000,,,line_lost_stop,0.0000,0.0000,0,line_too_few_bands,0.0000,0.0000,0.0000,0.0000,0.0000,0,0,0.0000,1,1.0000,0.0000,0.0000,0.0000,0.0000,0.0000,IDLE,1,0,step_done_latches_cleared,0,0,0.000,0,nan,nan,nan,0.0000,0,nan,nan,0,5,0.6000,0.5888,0.6765,0.5888,0.0112,本圈台阶完成,1,0.0000,0.150,0.330
5938.383,SEEK_CROSSWALK,80.798,1,3.843,0.0000,0.0000,vision,2.671,3.816,0.000,,,line_lost_stop,0.0000,0.0000,0,line_too_few_bands,0.0000,0.0000,0.0000,0.0000,0.0000,0,0,0.0000,1,1.0000,0.0000,0.0000,0.0000,0.0000,0.0000,IDLE,1,0,step_done_latches_cleared,0,0,0.000,0,nan,nan,nan,0.0000,0,nan,nan,0,5,0.6000,0.5888,0.6765,0.5888,0.0112,本圈台阶完成,1,0.0000,0.150,0.330
5938.556,SEEK_CROSSWALK,80.971,1,3.843,0.0000,0.0000,vision,2.671,3.816,0.000,,,line_lost_stop,0.0000,0.0000,0,line_too_few_bands,0.0000,0.0000,0.0000,0.0000,0.0000,0,0,0.0000,1,1.0000,0.0000,0.0000,0.0000,0.0000,0.0000,IDLE,1,0,step_done_latches_cleared,0,0,0.000,0,nan,nan,nan,0.0000,0,nan,nan,0,5,0.6000,0.5888,0.6765,0.5888,0.0112,本圈台阶完成,1,0.0000,0.150,0.330
5938.687,SEEK_CROSSWALK,81.102,1,3.843,0.0000,0.0000,vision,2.671,3.816,0.000,,,line_lost_stop,0.0000,0.0000,0,line_too_few_bands,0.0000,0.0000,0.0000,0.0000,0.0000,0,0,0.0000,1,1.0000,0.0000,0.0000,0.0000,0.0000,0.0000,IDLE,1,0,step_done_latches_cleared,0,0,0.000,0,nan,nan,nan,0.0000,0,nan,nan,0,5,0.6000,0.5888,0.6765,0.5888,0.0112,本圈台阶完成,1,0.0000,0.150,0.330
5938.849,SEEK_CROSSWALK,81.265,1,3.843,0.0000,0.0000,vision,2.671,3.816,0.000,,,line_lost_stop,0.0000,0.0000,0,line_too_few_bands,0.0000,0.0000,0.0000,0.0000,0.0000,0,0,0.0000,1,1.0000,0.0000,0.0000,0.0000,0.0000,0.0000,IDLE,1,0,step_done_latches_cleared,0,0,0.000,0,nan,nan,nan,0.0000,0,nan,nan,0,5,0.6000,0.5888,0.6765,0.5888,0.0112,本圈台阶完成,1,0.0000,0.150,0.330
5939.026,SEEK_CROSSWALK,81.441,1,3.843,0.0000,0.0000,vision,2.671,3.816,0.000,,,line_lost_stop,0.0000,0.0000,0,line_too_few_bands,0.0000,0.0000,0.0000,0.0000,0.0000,0,0,0.0000,1,1.0000,0.0000,0.0000,0.0000,0.0000,0.0000,IDLE,1,0,step_done_latches_cleared,0,0,0.000,0,nan,nan,nan,0.0000,0,nan,nan,0,5,0.6000,0.5888,0.6765,0.5888,0.0112,本圈台阶完成,1,0.0000,0.150,0.330
5939.167,SEEK_CROSSWALK,81.582,1,3.843,0.0000,0.0000,vision,2.671,3.816,0.000,,,line_lost_stop,0.0000,0.0000,0,line_too_few_bands,0.0000,0.0000,0.0000,0.0000,0.0000,0,0,0.0000,1,1.0000,0.0000,0.0000,0.0000,0.0000,0.0000,IDLE,1,0,step_done_latches_cleared,0,0,0.000,0,nan,nan,nan,0.0000,0,nan,nan,0,5,0.6000,0.5888,0.6765,0.5888,0.0112,本圈台阶完成,1,0.0000,0.150,0.330
5939.324,SEEK_CROSSWALK,81.739,1,3.843,0.0000,0.0000,vision,2.671,3.816,0.000,,,line_lost_stop,0.0000,0.0000,0,line_too_few_bands,0.0000,0.0000,0.0000,0.0000,0.0000,0,0,0.0000,1,1.0000,0.0000,0.0000,0.0000,0.0000,0.0000,IDLE,1,0,step_done_latches_cleared,0,0,0.000,0,nan,nan,nan,0.0000,0,nan,nan,0,5,0.6000,0.5888,0.6765,0.5888,0.0112,本圈台阶完成,1,0.0000,0.150,0.330
5939.474,SEEK_CROSSWALK,81.889,1,3.843,0.0000,0.0000,vision,2.671,3.816,0.000,,,line_lost_stop,0.0000,0.0000,0,line_too_few_bands,0.0000,0.0000,0.0000,0.0000,0.0000,0,0,0.0000,1,1.0000,0.0000,0.0000,0.0000,0.0000,0.0000,IDLE,1,0,step_done_latches_cleared,0,0,0.000,0,nan,nan,nan,0.0000,0,nan,nan,0,5,0.6000,0.5888,0.6765,0.5888,0.0112,本圈台阶完成,1,0.0000,0.150,0.330
5939.626,SEEK_CROSSWALK,82.041,1,3.843,0.0000,0.0000,vision,2.671,3.816,0.000,,,line_lost_stop,0.0000,0.0000,0,line_too_few_bands,0.0000,0.0000,0.0000,0.0000,0.0000,0,0,0.0000,1,1.0000,0.0000,0.0000,0.0000,0.0000,0.0000,IDLE,1,0,step_done_latches_cleared,0,0,0.000,0,nan,nan,nan,0.0000,0,nan,nan,0,5,0.6000,0.5888,0.6765,0.5888,0.0112,本圈台阶完成,1,0.0000,0.150,0.330
5939.775,SEEK_CROSSWALK,82.190,1,3.843,0.0000,0.0000,vision,2.671,3.816,0.000,,,line_lost_stop,0.0000,0.0000,0,line_too_few_bands,0.0000,0.0000,0.0000,0.0000,0.0000,0,0,0.0000,1,1.0000,0.0000,0.0000,0.0000,0.0000,0.0000,IDLE,1,0,step_done_latches_cleared,0,0,0.000,0,nan,nan,nan,0.0000,0,nan,nan,0,5,0.6000,0.5888,0.6765,0.5888,0.0112,本圈台阶完成,1,0.0000,0.150,0.330
5939.900,SEEK_CROSSWALK,82.315,1,3.843,0.0000,0.0000,vision,2.671,3.816,0.000,,,line_lost_stop,0.0000,0.0000,0,line_too_few_bands,0.0000,0.0000,0.0000,0.0000,0.0000,0,0,0.0000,1,1.0000,0.0000,0.0000,0.0000,0.0000,0.0000,IDLE,1,0,step_done_latches_cleared,0,0,0.000,0,nan,nan,nan,0.0000,0,nan,nan,0,5,0.6000,0.5888,0.6765,0.5888,0.0112,本圈台阶完成,1,0.0000,0.150,0.330
5940.051,SEEK_CROSSWALK,82.466,1,3.843,0.0000,0.0000,vision,2.671,3.816,0.000,,,line_lost_stop,0.0000,0.0000,0,line_too_few_bands,0.0000,0.0000,0.0000,0.0000,0.0000,0,0,0.0000,1,1.0000,0.0000,0.0000,0.0000,0.0000,0.0000,IDLE,1,0,step_done_latches_cleared,0,0,0.000,0,nan,nan,nan,0.0000,0,nan,nan,0,5,0.6000,0.5888,0.6765,0.5888,0.0112,本圈台阶完成,1,0.0000,0.150,0.330
5940.257,SEEK_CROSSWALK,82.672,1,3.843,0.0000,0.0000,vision,2.671,3.816,0.000,,,line_lost_stop,0.0000,0.0000,0,line_too_few_bands,0.0000,0.0000,0.0000,0.0000,0.0000,0,0,0.0000,1,1.0000,0.0000,0.0000,0.0000,0.0000,0.0000,IDLE,1,0,step_done_latches_cleared,0,0,0.000,0,nan,nan,nan,0.0000,0,nan,nan,0,5,0.6000,0.5888,0.6765,0.5888,0.0112,本圈台阶完成,1,0.0000,0.150,0.330
5940.407,SEEK_CROSSWALK,82.822,1,3.843,0.0000,0.0000,vision,2.671,3.816,0.000,,,line_lost_stop,0.0000,0.0000,0,line_too_few_bands,0.0000,0.0000,0.0000,0.0000,0.0000,0,0,0.0000,1,1.0000,0.0000,0.0000,0.0000,0.0000,0.0000,IDLE,1,0,step_done_latches_cleared,0,0,0.000,0,nan,nan,nan,0.0000,0,nan,nan,0,5,0.6000,0.5888,0.6765,0.5888,0.0112,本圈台阶完成,1,0.0000,0.150,0.330
5940.529,SEEK_CROSSWALK,82.944,1,3.843,0.0000,0.0000,vision,2.671,3.816,0.000,,,line_lost_stop,0.0000,0.0000,0,line_too_few_bands,0.0000,0.0000,0.0000,0.0000,0.0000,0,0,0.0000,1,1.0000,0.0000,0.0000,0.0000,0.0000,0.0000,IDLE,1,0,step_done_latches_cleared,0,0,0.000,0,nan,nan,nan,0.0000,0,nan,nan,0,5,0.6000,0.5888,0.6765,0.5888,0.0112,本圈台阶完成,1,0.0000,0.150,0.330
5940.645,SEEK_CROSSWALK,83.060,1,3.843,0.0000,0.0000,vision,2.671,3.816,0.000,,,line_lost_stop,0.0000,0.0000,0,line_too_few_bands,0.0000,0.0000,0.0000,0.0000,0.0000,0,0,0.0000,1,1.0000,0.0000,0.0000,0.0000,0.0000,0.0000,IDLE,1,0,step_done_latches_cleared,0,0,0.000,0,nan,nan,nan,0.0000,0,nan,nan,0,5,0.6000,0.5888,0.6765,0.5888,0.0112,本圈台阶完成,1,0.0000,0.150,0.330
5940.769,SEEK_CROSSWALK,83.184,1,3.843,0.0000,0.0000,vision,2.671,3.816,0.000,,,line_lost_stop,0.0000,0.0000,0,line_too_few_bands,0.0000,0.0000,0.0000,0.0000,0.0000,0,0,0.0000,1,1.0000,0.0000,0.0000,0.0000,0.0000,0.0000,IDLE,1,0,step_done_latches_cleared,0,0,0.000,0,nan,nan,nan,0.0000,0,nan,nan,0,5,0.6000,0.5888,0.6765,0.5888,0.0112,本圈台阶完成,1,0.0000,0.150,0.330
5940.929,SEEK_CROSSWALK,83.344,1,3.843,0.0000,0.0000,vision,2.671,3.816,0.000,,,line_lost_stop,0.0000,0.0000,0,line_too_few_bands,0.0000,0.0000,0.0000,0.0000,0.0000,0,0,0.0000,1,1.0000,0.0000,0.0000,0.0000,0.0000,0.0000,IDLE,1,0,step_done_latches_cleared,0,0,0.000,0,nan,nan,nan,0.0000,0,nan,nan,0,5,0.6000,0.5888,0.6765,0.5888,0.0112,本圈台阶完成,1,0.0000,0.150,0.330
5941.050,SEEK_CROSSWALK,83.465,1,3.843,0.0000,0.0000,vision,2.671,3.816,0.000,,,line_lost_stop,0.0000,0.0000,0,line_too_few_bands,0.0000,0.0000,0.0000,0.0000,0.0000,0,0,0.0000,1,1.0000,0.0000,0.0000,0.0000,0.0000,0.0000,IDLE,1,0,step_done_latches_cleared,0,0,0.000,0,nan,nan,nan,0.0000,0,nan,nan,0,5,0.6000,0.5888,0.6765,0.5888,0.0112,本圈台阶完成,1,0.0000,0.150,0.330
5941.183,SEEK_CROSSWALK,83.598,1,3.843,0.0000,0.0000,vision,2.671,3.816,0.000,,,line_lost_stop,0.0000,0.0000,0,line_too_few_bands,0.0000,0.0000,0.0000,0.0000,0.0000,0,0,0.0000,1,1.0000,0.0000,0.0000,0.0000,0.0000,0.0000,IDLE,1,0,step_done_latches_cleared,0,0,0.000,0,nan,nan,nan,0.0000,0,nan,nan,0,5,0.6000,0.5888,0.6765,0.5888,0.0112,本圈台阶完成,1,0.0000,0.150,0.330
5941.301,SEEK_CROSSWALK,83.716,1,3.843,0.0000,0.0000,vision,2.671,3.816,0.000,,,line_lost_stop,0.0000,0.0000,0,line_too_few_bands,0.0000,0.0000,0.0000,0.0000,0.0000,0,0,0.0000,1,1.0000,0.0000,0.0000,0.0000,0.0000,0.0000,IDLE,1,0,step_done_latches_cleared,0,0,0.000,0,nan,nan,nan,0.0000,0,nan,nan,0,5,0.6000,0.5888,0.6765,0.5888,0.0112,本圈台阶完成,1,0.0000,0.150,0.330
5941.429,SEEK_CROSSWALK,83.844,1,3.843,0.0000,0.0000,vision,2.671,3.816,0.000,,,line_lost_stop,0.0000,0.0000,0,line_too_few_bands,0.0000,0.0000,0.0000,0.0000,0.0000,0,0,0.0000,1,1.0000,0.0000,0.0000,0.0000,0.0000,0.0000,IDLE,1,0,step_done_latches_cleared,0,0,0.000,0,nan,nan,nan,0.0000,0,nan,nan,0,5,0.6000,0.5888,0.6765,0.5888,0.0112,本圈台阶完成,1,0.0000,0.150,0.330
5941.579,SEEK_CROSSWALK,83.994,1,3.843,0.0000,0.0000,vision,2.671,3.816,0.000,,,line_lost_stop,0.0000,0.0000,0,line_too_few_bands,0.0000,0.0000,0.0000,0.0000,0.0000,0,0,0.0000,1,1.0000,0.0000,0.0000,0.0000,0.0000,0.0000,IDLE,1,0,step_done_latches_cleared,0,0,0.000,0,nan,nan,nan,0.0000,0,nan,nan,0,5,0.6000,0.5888,0.6765,0.5888,0.0112,本圈台阶完成,1,0.0000,0.150,0.330
5941.729,SEEK_CROSSWALK,84.144,1,3.843,0.0000,0.0000,vision,2.671,3.816,0.000,,,line_lost_stop,0.0000,0.0000,0,line_too_few_bands,0.0000,0.0000,0.0000,0.0000,0.0000,0,0,0.0000,1,1.0000,0.0000,0.0000,0.0000,0.0000,0.0000,IDLE,1,0,step_done_latches_cleared,0,0,0.000,0,nan,nan,nan,0.0000,0,nan,nan,0,5,0.6000,0.5888,0.6765,0.5888,0.0112,本圈台阶完成,1,0.0000,0.150,0.330
5941.866,SEEK_CROSSWALK,84.281,1,3.843,0.0000,0.0000,vision,2.671,3.816,0.000,,,line_lost_stop,0.0000,0.0000,0,line_too_few_bands,0.0000,0.0000,0.0000,0.0000,0.0000,0,0,0.0000,1,1.0000,0.0000,0.0000,0.0000,0.0000,0.0000,IDLE,1,0,step_done_latches_cleared,0,0,0.000,0,nan,nan,nan,0.0000,0,nan,nan,0,5,0.6000,0.5888,0.6765,0.5888,0.0112,本圈台阶完成,1,0.0000,0.150,0.330
5942.048,SEEK_CROSSWALK,84.463,1,3.843,0.0000,0.0000,vision,2.671,3.816,0.000,,,line_lost_stop,0.0000,0.0000,0,line_too_few_bands,0.0000,0.0000,0.0000,0.0000,0.0000,0,0,0.0000,1,1.0000,0.0000,0.0000,0.0000,0.0000,0.0000,IDLE,1,0,step_done_latches_cleared,0,0,0.000,0,nan,nan,nan,0.0000,0,nan,nan,0,5,0.6000,0.5888,0.6765,0.5888,0.0112,本圈台阶完成,1,0.0000,0.150,0.330
5942.335,SEEK_CROSSWALK,84.750,1,3.843,0.0000,0.0000,vision,2.671,3.816,0.000,,,line_lost_stop,0.0000,0.0000,0,line_too_few_bands,0.0000,0.0000,0.0000,0.0000,0.0000,0,0,0.0000,1,1.0000,0.0000,0.0000,0.0000,0.0000,0.0000,IDLE,1,0,step_done_latches_cleared,0,0,0.000,0,nan,nan,nan,0.0000,0,nan,nan,0,5,0.6000,0.5888,0.6765,0.5888,0.0112,本圈台阶完成,1,0.0000,0.150,0.330
5942.490,SEEK_CROSSWALK,84.905,1,3.843,0.0000,0.0000,vision,2.671,3.816,0.000,,,line_lost_stop,0.0000,0.0000,0,line_too_few_bands,0.0000,0.0000,0.0000,0.0000,0.0000,0,0,0.0000,1,1.0000,0.0000,0.0000,0.0000,0.0000,0.0000,IDLE,1,0,step_done_latches_cleared,0,0,0.000,0,nan,nan,nan,0.0000,0,nan,nan,0,5,0.6000,0.5888,0.6765,0.5888,0.0112,本圈台阶完成,1,0.0000,0.150,0.330
5942.644,SEEK_CROSSWALK,85.059,1,3.843,0.0000,0.0000,vision,2.671,3.816,0.000,,,line_lost_stop,0.0000,0.0000,0,line_too_few_bands,0.0000,0.0000,0.0000,0.0000,0.0000,0,0,0.0000,1,1.0000,0.0000,0.0000,0.0000,0.0000,0.0000,IDLE,1,0,step_done_latches_cleared,0,0,0.000,0,nan,nan,nan,0.0000,0,nan,nan,0,5,0.6000,0.5888,0.6765,0.5888,0.0112,本圈台阶完成,1,0.0000,0.150,0.330
5942.808,SEEK_CROSSWALK,85.223,1,3.843,0.0000,0.0000,vision,2.671,3.816,0.000,,,line_lost_stop,0.0000,0.0000,0,line_too_few_bands,0.0000,0.0000,0.0000,0.0000,0.0000,0,0,0.0000,1,1.0000,0.0000,0.0000,0.0000,0.0000,0.0000,IDLE,1,0,step_done_latches_cleared,0,0,0.000,0,nan,nan,nan,0.0000,0,nan,nan,0,5,0.6000,0.5888,0.6765,0.5888,0.0112,本圈台阶完成,1,0.0000,0.150,0.330
5942.903,SEEK_CROSSWALK,85.318,1,3.843,0.0000,0.0000,vision,2.671,3.816,0.000,,,line_lost_stop,0.0000,0.0000,0,line_too_few_bands,0.0000,0.0000,0.0000,0.0000,0.0000,0,0,0.0000,1,1.0000,0.0000,0.0000,0.0000,0.0000,0.0000,IDLE,1,0,step_done_latches_cleared,0,0,0.000,0,nan,nan,nan,0.0000,0,nan,nan,0,5,0.6000,0.5888,0.6765,0.5888,0.0112,本圈台阶完成,1,0.0000,0.150,0.330
5943.125,SEEK_CROSSWALK,85.540,1,3.843,0.0000,0.0000,vision,2.671,3.816,0.000,,,line_lost_stop,0.0000,0.0000,0,line_too_few_bands,0.0000,0.0000,0.0000,0.0000,0.0000,0,0,0.0000,1,1.0000,0.0000,0.0000,0.0000,0.0000,0.0000,IDLE,1,0,step_done_latches_cleared,0,0,0.000,0,nan,nan,nan,0.0000,0,nan,nan,0,5,0.6000,0.5888,0.6765,0.5888,0.0112,本圈台阶完成,1,0.0000,0.150,0.330
5943.347,SEEK_CROSSWALK,85.762,1,3.843,0.0000,0.0000,vision,2.671,3.816,0.000,,,line_lost_stop,0.0000,0.0000,0,line_too_few_bands,0.0000,0.0000,0.0000,0.0000,0.0000,0,0,0.0000,1,1.0000,0.0000,0.0000,0.0000,0.0000,0.0000,IDLE,1,0,step_done_latches_cleared,0,0,0.000,0,nan,nan,nan,0.0000,0,nan,nan,0,5,0.6000,0.5888,0.6765,0.5888,0.0112,本圈台阶完成,1,0.0000,0.150,0.330
5943.602,SEEK_CROSSWALK,86.017,1,3.843,0.0000,0.0000,vision,2.671,3.816,0.000,,,line_lost_stop,0.0000,0.0000,0,line_too_few_bands,0.0000,0.0000,0.0000,0.0000,0.0000,0,0,0.0000,1,1.0000,0.0000,0.0000,0.0000,0.0000,0.0000,IDLE,1,0,step_done_latches_cleared,0,0,0.000,0,nan,nan,nan,0.0000,0,nan,nan,0,5,0.6000,0.5888,0.6765,0.5888,0.0112,本圈台阶完成,1,0.0000,0.150,0.330
5943.744,SEEK_CROSSWALK,86.159,1,3.843,0.0000,0.0000,vision,2.671,3.816,0.000,,,line_lost_stop,0.0000,0.0000,0,line_too_few_bands,0.0000,0.0000,0.0000,0.0000,0.0000,0,0,0.0000,1,1.0000,0.0000,0.0000,0.0000,0.0000,0.0000,IDLE,1,0,step_done_latches_cleared,0,0,0.000,0,nan,nan,nan,0.0000,0,nan,nan,0,5,0.6000,0.5888,0.6765,0.5888,0.0112,本圈台阶完成,1,0.0000,0.150,0.330
5943.864,SEEK_CROSSWALK,86.279,1,3.843,0.0000,0.0000,vision,2.671,3.816,0.000,,,line_lost_stop,0.0000,0.0000,0,line_too_few_bands,0.0000,0.0000,0.0000,0.0000,0.0000,0,0,0.0000,1,1.0000,0.0000,0.0000,0.0000,0.0000,0.0000,IDLE,1,0,step_done_latches_cleared,0,0,0.000,0,nan,nan,nan,0.0000,0,nan,nan,0,5,0.6000,0.5888,0.6765,0.5888,0.0112,本圈台阶完成,1,0.0000,0.150,0.330
