t,phase,phase_age,lap,seek_distance,mode,cmd_v,cmd_w,line_valid,line_reason,line_error,near_error,mid_error,far_error,line_confidence,valid_bands,near_mid_delta,mid_far_delta,near_far_delta,center_error,last_cmd_w,step_state,step_done_this_lap,step_waiting_alignment,step_align_reason,step_fixed_latched,step_reverse_active,step_candidate_evidence,step_detected,step_distance,step_filtered_distance,step_height,step_confidence,step_confirm_frames,step_required_frames,step_target_travel,step_commanded_traveled,step_odom_traveled,step_trigger_traveled,step_remaining,step_stop_reason,odom_fresh,yaw_error,jump_profile_min,jump_profile_max
480.974,SEEK_ROUNDABOUT,1.186,0,0.000,camera_timeout,0.0000,0.0000,0,,nan,nan,nan,nan,0.0000,0,nan,nan,nan,nan,0.0000,IDLE,0,0,waiting_detection,0,0,0.000,0,nan,nan,nan,0.0000,0,5,0.0000,0.0000,0.0000,0.0000,0.0000,等待台阶,1,0.0000,0.150,0.330
481.041,SEEK_ROUNDABOUT,1.253,0,0.000,camera_timeout,0.0000,0.0000,0,,nan,nan,nan,nan,0.0000,0,nan,nan,nan,nan,0.0000,IDLE,0,0,waiting_detection,0,0,0.000,0,nan,nan,nan,0.0000,0,5,0.0000,0.0000,0.0000,0.0000,0.0000,等待台阶,1,0.0000,0.150,0.330
481.108,SEEK_ROUNDABOUT,1.320,0,0.000,camera_timeout,0.0000,0.0000,0,,nan,nan,nan,nan,0.0000,0,nan,nan,nan,nan,0.0000,IDLE,0,0,waiting_detection,0,0,0.000,0,nan,nan,nan,0.0000,0,5,0.0000,0.0000,0.0000,0.0000,0.0000,等待台阶,1,0.0000,0.150,0.330
481.174,SEEK_ROUNDABOUT,1.386,0,0.000,camera_timeout,0.0000,0.0000,0,,nan,nan,nan,nan,0.0000,0,nan,nan,nan,nan,0.0000,IDLE,0,0,waiting_detection,0,0,0.000,0,nan,nan,nan,0.0000,0,5,0.0000,0.0000,0.0000,0.0000,0.0000,等待台阶,1,0.0000,0.150,0.330
481.241,SEEK_ROUNDABOUT,1.453,0,0.000,camera_timeout,0.0000,0.0000,0,,nan,nan,nan,nan,0.0000,0,nan,nan,nan,nan,0.0000,IDLE,0,0,waiting_detection,0,0,0.000,0,nan,nan,nan,0.0000,0,5,0.0000,0.0000,0.0000,0.0000,0.0000,等待台阶,1,0.0000,0.150,0.330
481.308,SEEK_ROUNDABOUT,1.520,0,0.000,camera_timeout,0.0000,0.0000,0,,nan,nan,nan,nan,0.0000,0,nan,nan,nan,nan,0.0000,IDLE,0,0,waiting_detection,0,0,0.000,0,nan,nan,nan,0.0000,0,5,0.0000,0.0000,0.0000,0.0000,0.0000,等待台阶,1,0.0000,0.150,0.330
481.374,SEEK_ROUNDABOUT,1.586,0,0.000,camera_timeout,0.0000,0.0000,0,,nan,nan,nan,nan,0.0000,0,nan,nan,nan,nan,0.0000,IDLE,0,0,waiting_detection,0,0,0.000,0,nan,nan,nan,0.0000,0,5,0.0000,0.0000,0.0000,0.0000,0.0000,等待台阶,1,0.0000,0.150,0.330
481.441,SEEK_ROUNDABOUT,1.653,0,0.000,camera_timeout,0.0000,0.0000,0,,nan,nan,nan,nan,0.0000,0,nan,nan,nan,nan,0.0000,IDLE,0,0,waiting_detection,0,0,0.000,0,nan,nan,nan,0.0000,0,5,0.0000,0.0000,0.0000,0.0000,0.0000,等待台阶,1,0.0000,0.150,0.330
481.508,SEEK_ROUNDABOUT,1.720,0,0.000,camera_timeout,0.0000,0.0000,0,,nan,nan,nan,nan,0.0000,0,nan,nan,nan,nan,0.0000,IDLE,0,0,waiting_detection,0,0,0.000,0,nan,nan,nan,0.0000,0,5,0.0000,0.0000,0.0000,0.0000,0.0000,等待台阶,1,0.0000,0.150,0.330
481.574,SEEK_ROUNDABOUT,1.786,0,0.000,camera_timeout,0.0000,0.0000,0,,nan,nan,nan,nan,0.0000,0,nan,nan,nan,nan,0.0000,IDLE,0,0,waiting_detection,0,0,0.000,0,nan,nan,nan,0.0000,0,5,0.0000,0.0000,0.0000,0.0000,0.0000,等待台阶,1,0.0000,0.150,0.330
481.641,SEEK_ROUNDABOUT,1.853,0,0.000,camera_timeout,0.0000,0.0000,0,,nan,nan,nan,nan,0.0000,0,nan,nan,nan,nan,0.0000,IDLE,0,0,waiting_detection,0,0,0.000,0,nan,nan,nan,0.0000,0,5,0.0000,0.0000,0.0000,0.0000,0.0000,等待台阶,1,0.0000,0.150,0.330
481.708,SEEK_ROUNDABOUT,1.920,0,0.000,camera_timeout,0.0000,0.0000,0,,nan,nan,nan,nan,0.0000,0,nan,nan,nan,nan,0.0000,IDLE,0,0,waiting_detection,0,0,0.000,0,nan,nan,nan,0.0000,0,5,0.0000,0.0000,0.0000,0.0000,0.0000,等待台阶,1,0.0000,0.150,0.330
481.775,SEEK_ROUNDABOUT,1.987,0,0.000,camera_timeout,0.0000,0.0000,0,,nan,nan,nan,nan,0.0000,0,nan,nan,nan,nan,0.0000,IDLE,0,0,waiting_detection,0,0,0.000,0,nan,nan,nan,0.0000,0,5,0.0000,0.0000,0.0000,0.0000,0.0000,等待台阶,1,0.0000,0.150,0.330
481.842,SEEK_ROUNDABOUT,2.054,0,0.000,camera_timeout,0.0000,0.0000,0,,nan,nan,nan,nan,0.0000,0,nan,nan,nan,nan,0.0000,IDLE,0,0,waiting_detection,0,0,0.000,0,nan,nan,nan,0.0000,0,5,0.0000,0.0000,0.0000,0.0000,0.0000,等待台阶,1,0.0000,0.150,0.330
481.908,SEEK_ROUNDABOUT,2.120,0,0.000,camera_timeout,0.0000,0.0000,0,,nan,nan,nan,nan,0.0000,0,nan,nan,nan,nan,0.0000,IDLE,0,0,waiting_detection,0,0,0.000,0,nan,nan,nan,0.0000,0,5,0.0000,0.0000,0.0000,0.0000,0.0000,等待台阶,1,0.0000,0.150,0.330
481.975,SEEK_ROUNDABOUT,2.187,0,0.000,camera_timeout,0.0000,0.0000,0,,nan,nan,nan,nan,0.0000,0,nan,nan,nan,nan,0.0000,IDLE,0,0,waiting_detection,0,0,0.000,0,nan,nan,nan,0.0000,0,5,0.0000,0.0000,0.0000,0.0000,0.0000,等待台阶,1,0.0000,0.150,0.330
482.041,SEEK_ROUNDABOUT,2.253,0,0.000,camera_timeout,0.0000,0.0000,0,,nan,nan,nan,nan,0.0000,0,nan,nan,nan,nan,0.0000,IDLE,0,0,waiting_detection,0,0,0.000,0,nan,nan,nan,0.0000,0,5,0.0000,0.0000,0.0000,0.0000,0.0000,等待台阶,1,0.0000,0.150,0.330
482.108,SEEK_ROUNDABOUT,2.320,0,0.000,camera_timeout,0.0000,0.0000,0,,nan,nan,nan,nan,0.0000,0,nan,nan,nan,nan,0.0000,IDLE,0,0,waiting_detection,0,0,0.000,0,nan,nan,nan,0.0000,0,5,0.0000,0.0000,0.0000,0.0000,0.0000,等待台阶,1,0.0000,0.150,0.330
482.175,SEEK_ROUNDABOUT,2.387,0,0.000,camera_timeout,0.0000,0.0000,0,,nan,nan,nan,nan,0.0000,0,nan,nan,nan,nan,0.0000,IDLE,0,0,waiting_detection,0,0,0.000,0,nan,nan,nan,0.0000,0,5,0.0000,0.0000,0.0000,0.0000,0.0000,等待台阶,1,0.0000,0.150,0.330
482.241,SEEK_ROUNDABOUT,2.453,0,0.000,camera_timeout,0.0000,0.0000,0,,nan,nan,nan,nan,0.0000,0,nan,nan,nan,nan,0.0000,IDLE,0,0,waiting_detection,0,0,0.000,0,nan,nan,nan,0.0000,0,5,0.0000,0.0000,0.0000,0.0000,0.0000,等待台阶,1,0.0000,0.150,0.330
482.308,SEEK_ROUNDABOUT,2.520,0,0.000,camera_timeout,0.0000,0.0000,0,,nan,nan,nan,nan,0.0000,0,nan,nan,nan,nan,0.0000,IDLE,0,0,waiting_detection,0,0,0.000,0,nan,nan,nan,0.0000,0,5,0.0000,0.0000,0.0000,0.0000,0.0000,等待台阶,1,0.0000,0.150,0.330
482.375,SEEK_ROUNDABOUT,2.587,0,0.000,camera_timeout,0.0000,0.0000,0,,nan,nan,nan,nan,0.0000,0,nan,nan,nan,nan,0.0000,IDLE,0,0,waiting_detection,0,0,0.000,0,nan,nan,nan,0.0000,0,5,0.0000,0.0000,0.0000,0.0000,0.0000,等待台阶,1,0.0000,0.150,0.330
482.442,SEEK_ROUNDABOUT,0.000,0,0.000,tracking,0.0507,-0.1197,1,line_curve_center_riding,0.1108,0.1149,0.0907,-0.1435,0.9573,8,0.0242,0.2342,0.2584,0.0207,-0.1197,IDLE,0,0,step_zone_before_min seek=0.00<1.25,0,0,0.000,0,nan,nan,nan,0.0000,0,5,0.0000,0.0000,0.0000,0.0000,0.0000,等待台阶,1,0.0000,0.150,0.330
482.575,SEEK_ROUNDABOUT,0.134,0,0.000,tracking,0.1013,-0.1179,1,line_curve_center_riding,0.1078,0.1119,0.0880,-0.1420,0.9580,8,0.0239,0.2299,0.2538,0.0193,-0.1179,IDLE,0,0,step_zone_before_min seek=0.00<1.25,0,0,0.000,0,nan,nan,nan,0.0000,0,5,0.0000,0.0000,0.0000,0.0000,0.0000,等待台阶,1,0.0000,0.150,0.330
482.651,SEEK_ROUNDABOUT,0.209,0,0.000,tracking,0.1300,-0.1158,1,line_curve_center_riding,0.1057,0.1094,0.0880,-0.1428,0.9583,8,0.0214,0.2308,0.2522,0.0182,-0.1158,IDLE,0,0,step_zone_before_min seek=0.00<1.25,0,0,0.000,0,nan,nan,nan,0.0000,0,5,0.0000,0.0000,0.0000,0.0000,0.0000,等待台阶,1,0.0000,0.150,0.330
482.738,SEEK_ROUNDABOUT,0.296,0,0.000,tracking,0.1632,-0.1122,1,line_curve_center_riding,0.1011,0.1050,0.0817,-0.1464,0.9584,8,0.0233,0.2281,0.2514,0.0134,-0.1122,IDLE,0,0,step_zone_before_min seek=0.00<1.25,0,0,0.000,0,nan,nan,nan,0.0000,0,5,0.0000,0.0000,0.0000,0.0000,0.0000,等待台阶,1,0.0000,0.150,0.330
483.087,SEEK_ROUNDABOUT,0.646,0,0.000,tracking,0.1700,-0.0854,1,line_curve_center_riding,0.0540,0.0578,0.0356,-0.1566,0.9650,8,0.0222,0.1922,0.2144,-0.0211,-0.0854,IDLE,0,0,step_zone_before_min seek=0.00<1.25,0,0,0.000,0,nan,nan,nan,0.0000,0,5,0.0000,0.0000,0.0000,0.0000,0.0000,等待台阶,1,0.0000,0.150,0.330
483.194,SEEK_ROUNDABOUT,0.752,0,0.001,tracking,0.1700,-0.0512,1,line_curve_center_riding,0.0210,0.0249,0.0020,-0.1645,0.9697,8,0.0229,0.1665,0.1894,-0.0459,-0.0512,IDLE,0,0,step_zone_before_min seek=0.00<1.25,0,0,0.000,0,nan,nan,nan,0.0000,0,5,0.0000,0.0000,0.0000,0.0000,0.0000,等待台阶,1,0.0000,0.150,0.330
483.402,SEEK_ROUNDABOUT,0.961,0,0.001,tracking,0.1700,-0.0089,1,line_curve_center_riding,-0.0322,-0.0278,-0.0537,-0.2202,0.9694,8,0.0260,0.1664,0.1924,-0.1006,-0.0089,IDLE,0,0,step_zone_before_min seek=0.00<1.25,0,0,0.000,0,nan,nan,nan,0.0000,0,5,0.0000,0.0000,0.0000,0.0000,0.0000,等待台阶,1,0.0000,0.150,0.330
483.570,SEEK_ROUNDABOUT,1.129,0,0.009,tracking,0.1700,0.0289,1,line_curve_center_riding,-0.0610,-0.0560,-0.0851,-0.2707,0.9658,8,0.0291,0.1856,0.2146,-0.1373,0.0289,IDLE,0,0,step_zone_before_min seek=0.00<1.25,0,0,0.000,0,nan,nan,nan,0.0000,0,5,0.0000,0.0000,0.0000,0.0000,0.0000,等待台阶,1,0.0000,0.150,0.330
483.739,SEEK_ROUNDABOUT,1.298,0,0.023,tracking,0.1700,0.0465,1,line_curve_center_riding,-0.0608,-0.0556,-0.0863,-0.3049,0.9603,8,0.0307,0.2187,0.2493,-0.1489,0.0465,IDLE,0,0,step_zone_before_min seek=0.01<1.25,0,0,0.000,0,nan,nan,nan,0.0000,0,5,0.0000,0.0000,0.0000,0.0000,0.0000,等待台阶,1,0.0000,0.150,0.330
483.899,SEEK_ROUNDABOUT,1.458,0,0.047,tracking,0.1700,0.0441,1,line_curve_center_riding,-0.0405,-0.0341,-0.0715,-0.3341,0.9532,8,0.0373,0.2626,0.2999,-0.1465,0.0441,IDLE,0,0,step_zone_before_min seek=0.02<1.25,0,0,0.000,0,nan,nan,nan,0.0000,0,5,0.0000,0.0000,0.0000,0.0000,0.0000,等待台阶,1,0.0000,0.150,0.330
484.052,SEEK_ROUNDABOUT,1.611,0,0.075,tracking,0.1700,0.0198,1,line_curve_center_riding,0.0015,0.0094,-0.0371,-0.3625,0.9431,8,0.0466,0.3254,0.3719,-0.1301,0.0198,IDLE,0,0,step_zone_before_min seek=0.05<1.25,0,0,0.000,0,nan,nan,nan,0.0000,0,5,0.0000,0.0000,0.0000,0.0000,0.0000,等待台阶,1,0.0000,0.150,0.330
484.216,SEEK_ROUNDABOUT,1.774,0,0.112,tracking,0.1700,0.0258,1,line_curve_center_riding,-0.0269,-0.0144,-0.0878,-0.3672,0.8743,7,0.0734,0.2794,0.3528,-0.1565,0.0258,IDLE,0,0,step_zone_before_min seek=0.07<1.25,0,0,0.000,0,nan,nan,nan,0.0000,0,5,0.0000,0.0000,0.0000,0.0000,0.0000,等待台阶,1,0.0000,0.150,0.330
484.388,SEEK_ROUNDABOUT,1.946,0,0.158,tracking,0.1450,-0.0121,1,line_curve_center_riding,0.0424,0.0605,-0.0457,-0.4279,0.8604,7,0.1062,0.3821,0.4884,-0.1377,-0.0121,IDLE,0,0,step_zone_before_min seek=0.11<1.25,0,0,0.000,0,nan,nan,nan,0.0000,0,5,0.0000,0.0000,0.0000,0.0000,0.0000,等待台阶,1,0.0000,0.150,0.330
484.555,SEEK_ROUNDABOUT,2.114,0,0.198,tracking,0.1450,-0.0225,1,line_curve_center_riding,0.0323,0.0568,-0.0876,-0.5604,0.8467,7,0.1444,0.4728,0.6172,-0.1971,-0.0225,IDLE,0,0,step_zone_before_min seek=0.16<1.25,0,0,0.000,0,nan,nan,nan,0.0000,0,5,0.0000,0.0000,0.0000,0.0000,0.0000,等待台阶,1,0.0000,0.150,0.330
484.718,SEEK_ROUNDABOUT,2.276,0,0.248,tracking,0.1700,0.0235,1,line_curve_center_riding,-0.0586,-0.0261,-0.2172,-0.4278,0.7743,6,0.1912,0.2105,0.4017,-0.2237,0.0235,IDLE,0,0,step_zone_before_min seek=0.20<1.25,0,0,0.000,0,nan,nan,nan,0.0000,0,5,0.0000,0.0000,0.0000,0.0000,0.0000,等待台阶,1,0.0000,0.150,0.330
484.875,SEEK_ROUNDABOUT,2.434,0,0.292,tracking,0.1450,0.0560,1,line_curve_center_riding,-0.0819,-0.0337,-0.3169,-0.6549,0.7459,6,0.2832,0.3379,0.6211,-0.3352,0.0560,IDLE,0,0,step_zone_before_min seek=0.25<1.25,0,0,0.000,0,nan,nan,nan,0.0000,0,5,0.0000,0.0000,0.0000,0.0000,0.0000,等待台阶,1,0.0000,0.150,0.330
485.029,SEEK_ROUNDABOUT,2.587,0,0.348,tracking,0.1450,0.1166,1,line_curve_center_riding,-0.1602,-0.0975,-0.4665,-0.5687,0.5506,4,0.3690,0.1022,0.4712,-0.3776,0.1166,IDLE,0,0,step_zone_before_min seek=0.29<1.25,0,0,0.000,0,nan,nan,nan,0.0000,0,5,0.0000,0.0000,0.0000,0.0000,0.0000,等待台阶,1,0.0000,0.150,0.330
485.188,SEEK_ROUNDABOUT,2.746,0,0.392,tracking,0.1450,0.1648,1,line_curve_center_riding,-0.1972,-0.1258,-0.5461,-0.6380,0.6524,5,0.4204,0.0918,0.5122,-0.4366,0.1648,IDLE,0,0,step_zone_before_min seek=0.35<1.25,0,0,0.000,0,nan,nan,nan,0.0000,0,5,0.0000,0.0000,0.0000,0.0000,0.0000,等待台阶,1,0.0000,0.150,0.330
485.379,SEEK_ROUNDABOUT,2.938,0,0.447,tracking,0.1450,0.2090,1,line_curve_center_riding,-0.2354,-0.1807,-0.5022,-0.5022,0.5742,4,0.3215,0.0000,0.3215,-0.3950,0.2090,IDLE,0,0,step_zone_before_min seek=0.39<1.25,0,0,0.000,0,nan,nan,nan,0.0000,0,5,0.0000,0.0000,0.0000,0.0000,0.0000,等待台阶,1,0.0000,0.150,0.330
485.545,SEEK_ROUNDABOUT,3.104,0,0.488,tracking,0.1660,0.3268,1,line_curve_center_riding,-0.4033,-0.3777,-0.5284,-0.5284,0.4901,3,0.1506,0.0000,0.1506,-0.4782,0.3268,IDLE,0,0,step_zone_before_min seek=0.45<1.25,0,0,0.000,0,nan,nan,nan,0.0000,0,5,0.0000,0.0000,0.0000,0.0000,0.0000,等待台阶,1,0.0000,0.150,0.330
485.695,SEEK_ROUNDABOUT,3.254,0,0.529,tracking,0.1502,0.3882,1,line_curve_center_riding,-0.4181,-0.3976,-0.5181,-0.5181,0.5062,3,0.1205,0.0000,0.1205,-0.4779,0.3882,IDLE,0,0,step_zone_before_min seek=0.49<1.25,0,0,0.000,0,nan,nan,nan,0.0000,0,5,0.0000,0.0000,0.0000,0.0000,0.0000,等待台阶,1,0.0000,0.150,0.330
485.834,SEEK_ROUNDABOUT,3.392,0,0.561,tracking,0.1450,0.3753,1,line_curve_center_riding,-0.3430,-0.2735,-0.6818,-0.6818,0.4339,3,0.4083,0.0000,0.4083,-0.5457,0.3753,IDLE,0,0,step_zone_before_min seek=0.53<1.25,0,0,0.000,0,nan,nan,nan,0.0000,0,5,0.0000,0.0000,0.0000,0.0000,0.0000,等待台阶,1,0.0000,0.150,0.330
485.979,SEEK_ROUNDABOUT,3.537,0,0.588,tracking,0.1450,0.3554,1,line_curve_center_riding,-0.3126,-0.2364,-0.6848,-0.6848,0.4233,3,0.4484,0.0000,0.4484,-0.5353,0.3554,IDLE,0,0,step_zone_before_min seek=0.56<1.25,0,0,0.000,0,nan,nan,nan,0.0000,0,5,0.0000,0.0000,0.0000,0.0000,0.0000,等待台阶,1,0.0000,0.150,0.330
486.119,SEEK_ROUNDABOUT,3.677,0,0.619,tracking,0.1450,0.3063,1,line_curve_center_riding,-0.2428,-0.1701,-0.5977,-0.5977,0.4350,3,0.4276,0.0000,0.4276,-0.4552,0.3063,IDLE,0,0,step_zone_before_min seek=0.59<1.25,0,0,0.000,0,1.4600,nan,0.0425,0.7824,1,5,0.0000,0.0000,0.0000,0.0000,0.0000,等待台阶,1,0.0000,0.150,0.330
486.266,SEEK_ROUNDABOUT,3.824,0,0.641,tracking,0.1450,0.2757,1,line_curve_center_riding,-0.2262,-0.1605,-0.5468,-0.5468,0.2762,2,0.3863,0.0000,0.3863,-0.4181,0.2757,IDLE,0,0,step_zone_before_min seek=0.62<1.25,0,0,0.000,0,1.4400,nan,0.0423,0.7961,1,5,0.0000,0.0000,0.0000,0.0000,0.0000,等待台阶,1,0.0000,0.150,0.330
486.407,SEEK_ROUNDABOUT,3.965,0,0.668,tracking,0.1450,0.2333,1,line_curve_center_riding,-0.1792,-0.1172,-0.4820,-0.4820,0.2873,2,0.3649,0.0000,0.3649,-0.3604,0.2333,IDLE,0,0,step_zone_before_min seek=0.64<1.25,0,0,0.000,0,1.4400,nan,0.0436,0.8296,2,5,0.0000,0.0000,0.0000,0.0000,0.0000,等待台阶,1,0.0000,0.150,0.330
486.568,SEEK_ROUNDABOUT,4.126,0,0.687,tracking,0.1450,0.1893,1,line_curve_center_riding,-0.1351,-0.0730,-0.4385,-0.4385,0.2869,2,0.3655,0.0000,0.3655,-0.3167,0.1893,IDLE,0,0,step_zone_before_min seek=0.67<1.25,0,0,0.000,1,1.3900,nan,0.0499,0.9725,7,5,0.0000,0.0000,0.0000,0.0000,0.0000,等待台阶,1,0.0000,0.150,0.330
486.714,SEEK_ROUNDABOUT,4.272,0,0.704,tracking,0.1450,0.1294,1,line_curve_center_riding,-0.0679,-0.0137,-0.3325,-0.3325,0.3110,2,0.3188,0.0000,0.3188,-0.2262,0.1294,IDLE,0,0,step_zone_before_min seek=0.69<1.25,0,0,0.000,1,1.4000,nan,0.0438,0.8686,11,5,0.0000,0.0000,0.0000,0.0000,0.0000,等待台阶,1,0.0000,0.150,0.330
486.861,SEEK_ROUNDABOUT,4.419,0,0.716,tracking,0.1450,0.0814,1,line_curve_center_riding,-0.0312,0.0203,-0.2828,-0.2828,0.3191,2,0.3030,0.0000,0.3030,-0.1818,0.0814,IDLE,0,0,step_zone_before_min seek=0.70<1.25,0,0,0.000,1,1.3900,nan,0.0442,0.8956,15,5,0.0000,0.0000,0.0000,0.0000,0.0000,等待台阶,1,0.0000,0.150,0.330
487.002,SEEK_ROUNDABOUT,4.560,0,0.725,tracking,0.1450,0.0482,1,line_curve_center_riding,-0.0136,0.0428,-0.2893,-0.2893,0.3041,2,0.3321,0.0000,0.3321,-0.1786,0.0482,IDLE,0,0,step_zone_before_min seek=0.72<1.25,0,0,0.000,1,1.3800,nan,0.0489,0.9598,18,5,0.0000,0.0000,0.0000,0.0000,0.0000,等待台阶,1,0.0000,0.150,0.330
487.142,SEEK_ROUNDABOUT,4.701,0,0.731,tracking,0.1450,0.0216,1,line_curve_center_riding,0.0044,0.0615,-0.2742,-0.2742,0.4453,3,0.3357,0.0000,0.3357,-0.1623,0.0216,IDLE,0,0,step_zone_before_min seek=0.73<1.25,0,0,0.000,1,1.3700,nan,0.0483,0.9512,22,5,0.0000,0.0000,0.0000,0.0000,0.0000,等待台阶,1,0.0000,0.150,0.330
487.284,SEEK_ROUNDABOUT,4.843,0,0.734,tracking,0.1450,-0.0018,1,line_curve_center_riding,0.0231,0.1196,-0.4482,-0.5581,0.5111,4,0.5678,0.1100,0.6778,-0.2956,-0.0018,IDLE,0,0,step_zone_before_min seek=0.73<1.25,0,0,0.000,1,1.3500,nan,0.0488,0.9572,27,5,0.0000,0.0000,0.0000,0.0000,0.0000,等待台阶,1,0.0000,0.150,0.330
487.434,SEEK_ROUNDABOUT,4.993,0,0.737,tracking,0.1450,-0.0103,1,line_curve_center_riding,0.0186,0.1188,-0.4705,-0.5869,0.5072,4,0.5893,0.1164,0.7057,-0.3129,-0.0103,IDLE,0,0,step_zone_before_min seek=0.73<1.25,0,0,0.000,1,1.2500,nan,0.0447,0.8453,32,5,0.0000,0.0000,0.0000,0.0000,0.0000,等待台阶,1,0.0000,0.150,0.330
487.575,SEEK_ROUNDABOUT,5.133,0,0.740,tracking,0.1450,-0.0180,1,line_curve_center_riding,0.0237,0.0766,-0.2345,-0.2345,0.4607,3,0.3110,0.0000,0.3110,-0.1308,-0.0180,IDLE,0,0,step_zone_before_min seek=0.74<1.25,0,0,0.000,1,1.2800,nan,0.0470,0.9322,36,5,0.0000,0.0000,0.0000,0.0000,0.0000,等待台阶,1,0.0000,0.150,0.330
487.723,SEEK_ROUNDABOUT,5.282,0,0.746,tracking,0.1450,-0.0077,1,line_curve_center_riding,-0.0004,0.0966,-0.4742,-0.6054,0.6181,5,0.5708,0.1312,0.7020,-0.3277,-0.0077,IDLE,0,0,step_zone_before_min seek=0.74<1.25,0,0,0.000,1,1.2800,nan,0.0476,0.9411,41,5,0.0000,0.0000,0.0000,0.0000,0.0000,等待台阶,1,0.0000,0.150,0.330
487.866,SEEK_ROUNDABOUT,5.424,0,0.756,tracking,0.1450,-0.0010,1,line_curve_center_riding,-0.0052,0.0499,-0.2740,-0.2740,0.5650,4,0.3239,0.0000,0.3239,-0.1660,-0.0010,IDLE,0,0,step_zone_before_min seek=0.75<1.25,0,0,0.000,1,1.2800,nan,0.0464,0.9256,45,5,0.0000,0.0000,0.0000,0.0000,0.0000,等待台阶,1,0.0000,0.150,0.330
488.004,SEEK_ROUNDABOUT,5.562,0,0.765,tracking,0.1450,0.0113,1,line_curve_center_riding,-0.0208,0.0474,-0.3537,-0.3537,0.5551,4,0.4011,0.0000,0.4011,-0.2200,0.0113,IDLE,0,0,step_zone_before_min seek=0.76<1.25,0,0,0.000,1,1.2800,nan,0.0447,0.9031,49,5,0.0000,0.0000,0.0000,0.0000,0.0000,等待台阶,1,0.0000,0.150,0.330
488.145,SEEK_ROUNDABOUT,5.703,0,0.777,tracking,0.1450,0.0604,1,line_curve_center_riding,-0.0963,-0.0359,-0.3908,-0.3908,0.4376,3,0.3549,0.0000,0.3549,-0.2725,0.0604,IDLE,0,0,step_zone_before_min seek=0.77<1.25,0,0,0.000,1,1.2600,nan,0.0465,0.9276,53,5,0.0000,0.0000,0.0000,0.0000,0.0000,等待台阶,1,0.0000,0.150,0.330
488.279,SEEK_ROUNDABOUT,5.837,0,0.790,tracking,0.1450,0.0895,1,line_curve_center_riding,-0.1101,-0.0229,-0.5355,-0.5355,0.5318,4,0.5125,0.0000,0.5125,-0.3646,0.0895,IDLE,0,0,step_zone_before_min seek=0.78<1.25,0,0,0.000,1,1.2500,nan,0.0456,0.9152,57,5,0.0000,0.0000,0.0000,0.0000,0.0000,等待台阶,1,0.0000,0.150,0.330
488.426,SEEK_ROUNDABOUT,5.984,0,0.806,tracking,0.1700,0.1845,1,line_curve_center_riding,-0.2505,-0.2155,-0.4213,-0.4213,0.4635,3,0.2058,0.0000,0.2058,-0.3527,0.1845,IDLE,0,0,step_zone_before_min seek=0.79<1.25,0,0,0.000,1,1.2300,nan,0.0459,0.9186,62,5,0.0000,0.0000,0.0000,0.0000,0.0000,等待台阶,1,0.0000,0.150,0.330
488.569,SEEK_ROUNDABOUT,6.127,0,0.825,tracking,0.1700,0.2447,1,line_curve_center_riding,-0.2829,-0.2479,-0.4539,-0.4539,0.4607,3,0.2061,0.0000,0.2061,-0.3852,0.2447,IDLE,0,0,step_zone_before_min seek=0.81<1.25,0,0,0.000,1,1.2200,nan,0.0455,0.9128,66,5,0.0000,0.0000,0.0000,0.0000,0.0000,等待台阶,1,0.0000,0.150,0.330
488.705,SEEK_ROUNDABOUT,6.264,0,0.843,tracking,0.1450,0.2561,1,line_curve_center_riding,-0.2520,-0.1690,-0.6575,-0.6575,0.5291,4,0.4885,0.0000,0.4885,-0.4946,0.2561,IDLE,0,0,step_zone_before_min seek=0.82<1.25,0,0,0.000,1,1.2500,nan,0.0470,0.9327,70,5,0.0000,0.0000,0.0000,0.0000,0.0000,等待台阶,1,0.0000,0.150,0.330
488.845,SEEK_ROUNDABOUT,6.403,0,0.858,tracking,0.1450,0.2660,1,line_curve_center_riding,-0.2559,-0.1656,-0.6965,-0.6965,0.5244,4,0.5308,0.0000,0.5308,-0.5195,0.2660,IDLE,0,0,step_zone_before_min seek=0.84<1.25,0,0,0.000,1,1.2100,nan,0.0475,0.9390,74,5,0.0000,0.0000,0.0000,0.0000,0.0000,等待台阶,1,0.0000,0.150,0.330
488.982,SEEK_ROUNDABOUT,6.540,0,0.880,tracking,0.1700,0.3108,1,line_curve_center_riding,-0.3243,-0.2839,-0.5214,-0.5214,0.4525,3,0.2375,0.0000,0.2375,-0.4422,0.3108,IDLE,0,0,step_zone_before_min seek=0.86<1.25,0,0,0.000,1,1.2100,nan,0.0500,0.9724,78,5,0.0000,0.0000,0.0000,0.0000,0.0000,等待台阶,1,0.0000,0.150,0.330
489.180,SEEK_ROUNDABOUT,6.738,0,0.913,tracking,0.1641,0.3341,1,line_curve_center_riding,-0.3334,-0.2932,-0.5298,-0.5298,0.4469,3,0.2366,0.0000,0.2366,-0.4510,0.3341,IDLE,0,0,step_zone_before_min seek=0.88<1.25,0,0,1.000,1,1.1800,1.1800,0.0482,0.9487,84,5,0.0000,0.0000,0.0000,0.0000,0.0000,等待台阶,1,0.0000,0.150,0.330
489.314,SEEK_ROUNDABOUT,6.873,0,0.940,tracking,0.1555,0.3674,1,line_curve_center_riding,-0.3683,-0.3341,-0.5357,-0.5357,0.4571,3,0.2017,0.0000,0.2017,-0.4685,0.3674,IDLE,0,0,step_zone_before_min seek=0.91<1.25,0,0,2.000,1,1.1600,1.1700,0.0515,0.9545,88,5,0.0000,0.0000,0.0000,0.0000,0.0000,等待台阶,1,0.0000,0.150,0.330
489.453,SEEK_ROUNDABOUT,7.012,0,0.963,tracking,0.1450,0.3571,1,line_curve_center_riding,-0.3255,-0.2498,-0.6953,-0.6953,0.4052,3,0.4455,0.0000,0.4455,-0.5468,0.3571,IDLE,0,0,step_zone_before_min seek=0.94<1.25,0,0,3.000,1,1.1500,1.1600,0.0491,0.9618,92,5,0.0000,0.0000,0.0000,0.0000,0.0000,等待台阶,1,0.0000,0.150,0.330
489.596,SEEK_ROUNDABOUT,7.154,0,0.994,tracking,0.1450,0.3557,1,line_curve_center_riding,-0.3277,-0.2644,-0.6366,-0.6366,0.5486,4,0.3722,0.0000,0.3722,-0.5125,0.3557,IDLE,0,0,step_zone_before_min seek=0.96<1.25,0,0,2.400,1,1.2100,1.1600,0.0495,0.9663,97,5,0.0000,0.0000,0.0000,0.0000,0.0000,等待台阶,1,0.0000,0.150,0.330
489.734,SEEK_ROUNDABOUT,7.292,0,1.023,tracking,0.1450,0.3542,1,line_curve_center_riding,-0.3266,-0.2538,-0.6825,-0.7143,0.6472,5,0.4287,0.0318,0.4605,-0.5502,0.3542,IDLE,0,0,step_zone_before_min seek=0.99<1.25,0,0,1.800,1,1.2100,1.1600,0.0530,0.9338,101,5,0.0000,0.0000,0.0000,0.0000,0.0000,等待台阶,1,0.0000,0.150,0.330
489.867,SEEK_ROUNDABOUT,7.426,0,1.050,tracking,0.1450,0.3411,1,line_curve_center_riding,-0.3053,-0.2357,-0.6453,-0.6968,0.6514,5,0.4096,0.0515,0.4611,-0.5259,0.3411,IDLE,0,0,step_zone_before_min seek=1.02<1.25,0,0,1.200,1,1.2000,1.1600,0.0546,0.9119,104,5,0.0000,0.0000,0.0000,0.0000,0.0000,等待台阶,1,0.0000,0.150,0.330
490.005,SEEK_ROUNDABOUT,7.563,0,1.077,tracking,0.1450,0.3411,1,line_curve_center_riding,-0.3147,-0.2573,-0.5948,-0.7105,0.7565,6,0.3374,0.1158,0.4532,-0.5209,0.3411,IDLE,0,0,step_zone_before_min seek=1.05<1.25,0,0,0.600,0,nan,1.1550,nan,0.0000,0,5,0.0000,0.0000,0.0000,0.0000,0.0000,等待台阶,1,0.0000,0.150,0.330
490.137,SEEK_ROUNDABOUT,7.695,0,1.107,tracking,0.1450,0.3376,1,line_curve_center_riding,-0.3097,-0.2588,-0.5586,-0.6833,0.7636,6,0.2998,0.1247,0.4245,-0.5002,0.3376,IDLE,0,0,step_zone_before_min seek=1.08<1.25,0,0,1.600,0,1.0100,1.0800,0.0462,0.8803,3,5,0.0000,0.0000,0.0000,0.0000,0.0000,等待台阶,1,0.0000,0.150,0.330
490.280,SEEK_ROUNDABOUT,7.838,0,1.133,tracking,0.1450,0.3222,1,line_curve_center_riding,-0.2856,-0.2367,-0.5242,-0.6423,0.7646,6,0.2875,0.1181,0.4056,-0.4677,0.3222,IDLE,0,0,step_zone_before_min seek=1.11<1.25,0,0,2.600,1,0.9900,1.0000,0.0468,0.9304,7,5,0.0000,0.0000,0.0000,0.0000,0.0000,等待台阶,1,0.0000,0.150,0.330
490.427,SEEK_ROUNDABOUT,7.986,0,1.172,tracking,0.1687,0.3163,1,line_curve_center_riding,-0.2869,-0.2433,-0.4996,-0.5304,0.6808,5,0.2563,0.0307,0.2871,-0.4244,0.3163,IDLE,0,0,step_zone_before_min seek=1.13<1.25,0,0,3.600,1,0.9600,0.9900,0.0467,0.9289,11,5,0.0000,0.0000,0.0000,0.0000,0.0000,等待台阶,1,0.0000,0.150,0.330
490.566,SEEK_ROUNDABOUT,8.124,0,1.198,tracking,0.1700,0.2947,1,line_curve_center_riding,-0.2551,-0.2137,-0.4575,-0.4854,0.6839,5,0.2438,0.0279,0.2717,-0.3855,0.2947,IDLE,0,0,step_zone_before_min seek=1.17<1.25,0,0,4.600,1,0.9300,0.9750,0.0470,0.9326,15,5,0.0000,0.0000,0.0000,0.0000,0.0000,等待台阶,1,0.0000,0.150,0.330
490.698,SEEK_ROUNDABOUT,8.257,0,1.224,tracking,0.1700,0.2997,1,line_curve_center_riding,-0.2796,-0.2457,-0.4448,-0.4684,0.6945,5,0.1991,0.0236,0.2227,-0.3863,0.2997,IDLE,0,0,step_zone_before_min seek=1.20<1.25,0,0,5.600,1,0.9100,0.9600,0.0471,0.9339,18,5,0.0000,0.0000,0.0000,0.0000,0.0000,等待台阶,1,0.0000,0.150,0.330
490.834,SEEK_ROUNDABOUT,8.393,0,1.252,tracking,0.1700,0.2831,1,line_curve_center_riding,-0.2492,-0.2173,-0.4051,-0.4244,0.6941,5,0.1878,0.0193,0.2071,-0.3489,0.2831,IDLE,0,0,step_zone_before_min seek=1.22<1.25,0,0,6.000,1,0.8900,0.9300,0.0479,0.9452,22,5,0.0000,0.0000,0.0000,0.0000,0.0000,等待台阶,1,0.0000,0.150,0.330
490.973,SEEK_ROUNDABOUT,8.531,0,1.279,tracking,0.1700,0.2589,1,line_curve_center_riding,-0.2190,-0.1889,-0.3661,-0.3848,0.6960,5,0.1773,0.0186,0.1959,-0.3133,0.2589,IDLE,0,0,step_candidate_ignore_center -0.313,0,0,6.000,1,0.8700,0.9100,0.0484,0.9530,25,5,0.0000,0.0000,0.0000,0.0000,0.0000,等待台阶,1,0.0000,0.150,0.330
491.135,SEEK_ROUNDABOUT,8.694,0,1.310,tracking,0.1700,0.2432,1,line_curve_center_riding,-0.2100,-0.1853,-0.3304,-0.3469,0.7055,5,0.1451,0.0165,0.1616,-0.2875,0.2432,IDLE,0,0,step_candidate_ignore_center -0.288,0,0,6.000,1,0.8400,0.8900,0.0488,0.9577,29,5,0.0000,0.0000,0.0000,0.0000,0.0000,等待台阶,1,0.0000,0.150,0.330
491.272,SEEK_ROUNDABOUT,8.831,0,1.335,tracking,0.1700,0.1493,1,line_curve_center_riding,-0.0623,-0.0393,-0.1743,0.1239,0.6824,5,0.1350,0.2982,0.1632,-0.0299,0.1493,IDLE,0,0,step_candidate_ignore_mid_far 0.298,0,0,6.000,1,0.8300,0.8700,0.0490,0.9595,33,5,0.0000,0.0000,0.0000,0.0000,0.0000,等待台阶,1,0.0000,0.150,0.330
491.412,SEEK_ROUNDABOUT,8.970,0,1.356,tracking,0.1700,0.1293,1,line_curve_center_riding,-0.0956,-0.0874,-0.1353,0.1174,0.7749,6,0.0479,0.2527,0.2048,-0.0351,0.1293,IDLE,0,0,fixed_candidate_confirm 1/3,0,0,6.000,1,0.8100,0.8400,0.0491,0.9614,36,5,0.0000,0.0000,0.0000,0.0000,0.0000,等待台阶,1,0.0000,0.150,0.330
491.561,SEEK_ROUNDABOUT,9.120,0,1.377,tracking,0.1450,0.0365,1,line_curve_center_riding,0.0440,0.0763,-0.1135,-0.5180,0.8383,7,0.1898,0.4045,0.5943,-0.1851,0.0365,IDLE,0,0,step_candidate_ignore_mid_far 0.404,0,0,6.000,1,0.7900,0.8300,0.0500,0.9727,40,5,0.0000,0.0000,0.0000,0.0000,0.0000,等待台阶,1,0.0000,0.150,0.330
491.708,SEEK_ROUNDABOUT,9.266,0,1.395,tracking,0.1957,0.0968,1,line_center_tracking,-0.1304,-0.1068,-0.1913,-0.1958,0.7197,5,0.0846,0.0045,0.0890,-0.1646,0.0968,IDLE,0,0,fixed_candidate_confirm 1/3,0,0,6.000,1,0.7800,0.8100,0.0492,0.9623,43,5,0.0000,0.0000,0.0000,0.0000,0.0000,等待台阶,1,0.0000,0.150,0.330
491.854,SEEK_ROUNDABOUT,9.412,0,1.414,tracking,0.1450,0.0391,1,line_curve_center_riding,0.0060,0.0334,-0.1274,-0.4297,0.5706,4,0.1608,0.3023,0.4630,-0.1746,0.0391,IDLE,0,0,step_candidate_ignore_mid_far 0.302,0,0,6.000,1,0.7600,0.7900,0.0496,0.9676,47,5,0.0000,0.0000,0.0000,0.0000,0.0000,等待台阶,1,0.0000,0.150,0.330
492.009,SEEK_ROUNDABOUT,9.568,0,1.432,tracking,0.1957,0.0871,1,line_center_tracking,-0.1153,-0.0871,-0.1878,-0.2203,0.7141,5,0.1007,0.0325,0.1332,-0.1651,0.0871,IDLE,0,0,fixed_candidate_confirm 1/3,0,0,6.000,1,0.7500,0.7800,0.0496,0.9669,50,5,0.0000,0.0000,0.0000,0.0000,0.0000,等待台阶,1,0.0000,0.150,0.330
492.139,SEEK_ROUNDABOUT,9.697,0,1.446,tracking,0.2243,0.1001,1,line_center_tracking,-0.1061,-0.0738,-0.1892,-0.2188,0.6208,4,0.1154,0.0296,0.1450,-0.1606,0.1001,IDLE,0,0,fixed_candidate_confirm 2/3,0,0,6.000,1,0.7400,0.7600,0.0496,0.9666,53,5,0.0000,0.0000,0.0000,0.0000,0.0000,等待台阶,1,0.0000,0.150,0.330
492.285,SEEK_ROUNDABOUT,9.843,0,1.446,step_align_slow/course_events_frozen,0.1736,0.1596,1,line_center_tracking,-0.1013,-0.0827,-0.1490,-0.1192,0.7087,5,0.0662,0.0298,0.0364,-0.1169,0.1596,IDLE,0,1,fixed_sprint_approach depth=0.750>0.715 center=-0.117 hd=0.066,1,0,6.000,1,0.7300,0.7500,0.0491,0.9594,57,5,0.0000,0.0000,0.0000,0.0000,0.0000,等待台阶,1,0.0000,0.150,0.330
492.432,SEEK_ROUNDABOUT,9.990,0,1.446,step_align_slow/course_events_frozen,0.1229,0.1286,1,line_center_tracking,-0.0655,-0.0490,-0.1081,-0.0872,0.7176,5,0.0591,0.0209,0.0382,-0.0814,0.1286,IDLE,0,1,fixed_sprint_approach depth=0.740>0.715 center=-0.081 hd=0.059,1,0,6.000,1,0.7100,0.7400,0.0484,0.9500,60,5,0.0000,0.0000,0.0000,0.0000,0.0000,等待台阶,1,0.0000,0.150,0.330
492.571,SEEK_ROUNDABOUT,10.129,0,1.446,step_align_creep/course_events_frozen,0.0723,0.0184,1,line_center_tracking,-0.0359,-0.0362,-0.0350,-0.0289,0.5496,3,0.0012,0.0061,0.0073,-0.0334,0.0184,IDLE,0,1,fixed_sprint_approach depth=0.730>0.715 center=-0.033 hd=0.001,1,0,6.000,1,0.7100,0.7300,0.0467,0.9274,63,5,0.0000,0.0000,0.0000,0.0000,0.0000,等待台阶,1,0.0000,0.150,0.330
492.724,SEEK_ROUNDABOUT,10.283,0,1.446,step_start_window_confirm_hold/course_events_frozen,0.0216,0.0000,1,line_center_tracking,0.0153,0.0457,-0.0629,-0.0629,0.4195,2,0.1086,0.0000,0.1086,-0.0267,0.0000,IDLE,0,1,fixed_start_confirm 1/3 d=0.710,1,0,6.000,1,0.6900,0.7100,0.0465,0.9231,66,5,0.0000,0.0000,0.0000,0.0000,0.0000,等待台阶,1,0.0000,0.150,0.330
492.865,SEEK_ROUNDABOUT,10.424,0,1.446,step_start_window_confirm_hold/course_events_frozen,0.0000,0.0000,0,line_too_few_bands,0.0000,0.0000,0.0000,0.0000,0.0000,0,0.0000,0.0000,0.0000,0.0000,0.0000,IDLE,0,1,fixed_start_confirm 2/3 d=0.710,1,0,6.000,1,0.6800,0.7100,0.0458,0.9132,69,5,0.0000,0.0000,0.0000,0.0000,0.0000,等待台阶,1,0.0000,0.150,0.330
493.008,SEEK_ROUNDABOUT,10.567,0,1.446,step_approach_begin,0.0000,0.0000,0,,nan,nan,nan,nan,0.0000,0,nan,nan,nan,nan,0.0000,APPROACH,0,0,normalized_depth_start,1,0,6.000,1,0.6700,0.6900,0.0457,0.9122,72,5,0.6050,0.0000,0.0000,0.0000,0.6050,开始按已验证参数直行到起跳距离,1,0.0000,0.150,0.330
493.315,SEEK_ROUNDABOUT,10.873,0,1.446,step_approach_tested,0.5000,0.0000,0,,nan,nan,nan,nan,0.0000,0,nan,nan,nan,nan,0.0000,APPROACH,0,0,normalized_depth_start,1,0,6.000,1,0.6500,0.6800,0.0468,0.9260,79,5,0.6050,0.1000,0.0446,0.1000,0.5050,APPROACH 恒速前进 source=commanded cmd=0.100 odom=0.045 remaining=0.505,1,0.0000,0.150,0.330
493.478,SEEK_ROUNDABOUT,11.036,0,1.446,step_approach_tested,0.5000,0.0000,0,,nan,nan,nan,nan,0.0000,0,nan,nan,nan,nan,0.0000,APPROACH,0,0,normalized_depth_start,1,0,6.000,1,0.6300,0.6700,0.0450,0.8986,83,5,0.6050,0.1815,0.0651,0.1815,0.4235,APPROACH 恒速前进 source=commanded cmd=0.181 odom=0.065 remaining=0.424,1,0.0000,0.150,0.330
493.653,SEEK_ROUNDABOUT,11.211,0,1.446,step_approach_tested,0.5000,0.0000,0,,nan,nan,nan,nan,0.0000,0,nan,nan,nan,nan,0.0000,APPROACH,0,0,normalized_depth_start,1,0,6.000,1,0.6100,0.6500,0.0442,0.8875,87,5,0.6050,0.2690,0.0914,0.2690,0.3360,APPROACH 恒速前进 source=commanded cmd=0.269 odom=0.091 remaining=0.336,1,0.0000,0.150,0.330
493.843,SEEK_ROUNDABOUT,11.402,0,1.446,step_approach_tested,0.5000,0.0000,0,,nan,nan,nan,nan,0.0000,0,nan,nan,nan,nan,0.0000,APPROACH,0,0,normalized_depth_start,1,0,6.000,1,0.5900,0.6200,0.0443,0.8897,93,5,0.6050,0.3642,0.1009,0.3642,0.2408,APPROACH 恒速前进 source=commanded cmd=0.364 odom=0.101 remaining=0.241,1,0.0000,0.150,0.330
494.051,SEEK_ROUNDABOUT,11.609,0,1.446,step_approach_tested,0.5000,0.0000,0,,nan,nan,nan,nan,0.0000,0,nan,nan,nan,nan,0.0000,APPROACH,0,0,normalized_depth_start,1,0,6.000,0,0.5600,0.6100,0.0423,0.8610,1,5,0.6050,0.4642,0.1006,0.4642,0.1408,APPROACH 恒速前进 source=commanded cmd=0.464 odom=0.101 remaining=0.141,1,0.0000,0.150,0.330
494.266,SEEK_ROUNDABOUT,11.824,0,1.446,step_wait_enter_to_jump,0.0000,0.0000,0,,nan,nan,nan,nan,0.0000,0,nan,nan,nan,nan,0.0000,JUMP_CONFIRM,0,0,normalized_depth_start,1,0,6.000,1,0.5300,0.5900,0.0465,0.9207,6,5,0.6050,0.5642,0.1555,0.5642,0.0408,到达起跳点，等待终端回车确认,1,0.0000,0.150,0.330
494.418,SEEK_ROUNDABOUT,11.976,0,1.446,step_wait_enter_to_jump,0.0000,0.0000,0,,nan,nan,nan,nan,0.0000,0,nan,nan,nan,nan,0.0000,JUMP_CONFIRM,0,0,normalized_depth_start,1,0,5.400,0,nan,0.5750,nan,0.0000,0,5,0.6050,0.5642,0.2081,0.5642,0.0408,JUMP_CONFIRM 等待终端回车,1,0.0000,0.150,0.330
494.562,SEEK_ROUNDABOUT,12.120,0,1.446,step_wait_enter_to_jump,0.0000,0.0000,0,,nan,nan,nan,nan,0.0000,0,nan,nan,nan,nan,0.0000,JUMP_CONFIRM,0,0,normalized_depth_start,1,0,4.800,0,nan,0.5600,nan,0.0000,0,5,0.6050,0.5642,0.2885,0.5642,0.0408,JUMP_CONFIRM 等待终端回车,1,0.0000,0.150,0.330
494.716,SEEK_ROUNDABOUT,12.274,0,1.446,step_wait_enter_to_jump,0.0000,0.0000,0,,nan,nan,nan,nan,0.0000,0,nan,nan,nan,nan,0.0000,JUMP_CONFIRM,0,0,normalized_depth_start,1,0,4.200,0,nan,0.5450,nan,0.0000,0,5,0.6050,0.5642,0.3794,0.5642,0.0408,JUMP_CONFIRM 等待终端回车,1,0.0000,0.150,0.330
494.883,SEEK_ROUNDABOUT,12.441,0,1.446,step_wait_enter_to_jump,0.0000,0.0000,0,,nan,nan,nan,nan,0.0000,0,nan,nan,nan,nan,0.0000,JUMP_CONFIRM,0,0,normalized_depth_start,1,0,3.600,0,nan,0.5300,nan,0.0000,0,5,0.6050,0.5642,0.5151,0.5642,0.0408,JUMP_CONFIRM 等待终端回车,1,0.0000,0.150,0.330
495.021,SEEK_ROUNDABOUT,12.579,0,1.446,step_wait_enter_to_jump,0.0000,0.0000,0,,nan,nan,nan,nan,0.0000,0,nan,nan,nan,nan,0.0000,JUMP_CONFIRM,0,0,normalized_depth_start,1,0,3.000,0,nan,0.5300,nan,0.0000,0,5,0.6050,0.5642,0.5728,0.5642,0.0408,JUMP_CONFIRM 等待终端回车,1,0.0000,0.150,0.330
495.169,SEEK_ROUNDABOUT,12.728,0,1.446,step_wait_enter_to_jump,0.0000,0.0000,0,,nan,nan,nan,nan,0.0000,0,nan,nan,nan,nan,0.0000,JUMP_CONFIRM,0,0,normalized_depth_start,1,0,2.400,0,nan,nan,nan,0.0000,0,5,0.6050,0.5642,0.6592,0.5642,0.0408,JUMP_CONFIRM 等待终端回车,1,0.0000,0.150,0.330
495.301,SEEK_ROUNDABOUT,12.860,0,1.446,step_wait_enter_to_jump,0.0000,0.0000,0,,nan,nan,nan,nan,0.0000,0,nan,nan,nan,nan,0.0000,JUMP_CONFIRM,0,0,normalized_depth_start,1,0,3.400,0,0.9600,0.9600,0.0497,0.9306,1,5,0.6050,0.5642,0.6184,0.5642,0.0408,JUMP_CONFIRM 等待终端回车,1,0.0000,0.150,0.330
495.432,SEEK_ROUNDABOUT,12.991,0,1.446,step_wait_enter_to_jump,0.0000,0.0000,0,,nan,nan,nan,nan,0.0000,0,nan,nan,nan,nan,0.0000,JUMP_CONFIRM,0,0,normalized_depth_start,1,0,2.800,0,nan,0.9600,nan,0.0000,0,5,0.6050,0.5642,0.5329,0.5642,0.0408,JUMP_CONFIRM 等待终端回车,1,0.0000,0.150,0.330
495.598,SEEK_ROUNDABOUT,13.156,0,1.446,step_wait_enter_to_jump,0.0000,0.0000,0,,nan,nan,nan,nan,0.0000,0,nan,nan,nan,nan,0.0000,JUMP_CONFIRM,0,0,normalized_depth_start,1,0,2.200,0,nan,0.9600,nan,0.0000,0,5,0.6050,0.5642,0.4675,0.5642,0.0408,JUMP_CONFIRM 等待终端回车,1,0.0000,0.150,0.330
495.743,SEEK_ROUNDABOUT,13.302,0,1.446,step_wait_enter_to_jump,0.0000,0.0000,0,,nan,nan,nan,nan,0.0000,0,nan,nan,nan,nan,0.0000,JUMP_CONFIRM,0,0,normalized_depth_start,1,0,1.600,0,nan,0.9600,nan,0.0000,0,5,0.6050,0.5642,0.4447,0.5642,0.0408,JUMP_CONFIRM 等待终端回车,1,0.0000,0.150,0.330
495.887,SEEK_ROUNDABOUT,13.446,0,1.446,step_wait_enter_to_jump,0.0000,0.0000,0,,nan,nan,nan,nan,0.0000,0,nan,nan,nan,nan,0.0000,JUMP_CONFIRM,0,0,normalized_depth_start,1,0,1.000,0,nan,0.9600,nan,0.0000,0,5,0.6050,0.5642,0.4363,0.5642,0.0408,JUMP_CONFIRM 等待终端回车,1,0.0000,0.150,0.330
496.023,SEEK_ROUNDABOUT,13.581,0,1.446,step_wait_enter_to_jump,0.0000,0.0000,0,,nan,nan,nan,nan,0.0000,0,nan,nan,nan,nan,0.0000,JUMP_CONFIRM,0,0,normalized_depth_start,1,0,0.400,0,nan,0.9600,nan,0.0000,0,5,0.6050,0.5642,0.4306,0.5642,0.0408,JUMP_CONFIRM 等待终端回车,1,0.0000,0.150,0.330
496.162,SEEK_ROUNDABOUT,13.721,0,1.446,step_wait_enter_to_jump,0.0000,0.0000,0,,nan,nan,nan,nan,0.0000,0,nan,nan,nan,nan,0.0000,JUMP_CONFIRM,0,0,normalized_depth_start,1,0,0.000,0,nan,nan,nan,0.0000,0,5,0.6050,0.5642,0.4244,0.5642,0.0408,JUMP_CONFIRM 等待终端回车,1,0.0000,0.150,0.330
496.309,SEEK_ROUNDABOUT,13.868,0,1.446,step_wait_enter_to_jump,0.0000,0.0000,0,,nan,nan,nan,nan,0.0000,0,nan,nan,nan,nan,0.0000,JUMP_CONFIRM,0,0,normalized_depth_start,1,0,0.000,0,nan,nan,nan,0.0000,0,5,0.6050,0.5642,0.4216,0.5642,0.0408,JUMP_CONFIRM 等待终端回车,1,0.0000,0.150,0.330
496.451,SEEK_ROUNDABOUT,14.010,0,1.446,step_wait_enter_to_jump,0.0000,0.0000,0,,nan,nan,nan,nan,0.0000,0,nan,nan,nan,nan,0.0000,JUMP_CONFIRM,0,0,normalized_depth_start,1,0,0.000,0,nan,nan,nan,0.0000,0,5,0.6050,0.5642,0.4222,0.5642,0.0408,JUMP_CONFIRM 等待终端回车,1,0.0000,0.150,0.330
496.595,SEEK_ROUNDABOUT,14.153,0,1.446,step_wait_enter_to_jump,0.0000,0.0000,0,,nan,nan,nan,nan,0.0000,0,nan,nan,nan,nan,0.0000,JUMP_CONFIRM,0,0,normalized_depth_start,1,0,0.000,0,nan,nan,nan,0.0000,0,5,0.6050,0.5642,0.4272,0.5642,0.0408,JUMP_CONFIRM 等待终端回车,1,0.0000,0.150,0.330
496.734,SEEK_ROUNDABOUT,14.293,0,1.446,step_wait_enter_to_jump,0.0000,0.0000,0,,nan,nan,nan,nan,0.0000,0,nan,nan,nan,nan,0.0000,JUMP_CONFIRM,0,0,normalized_depth_start,1,0,0.000,0,nan,nan,nan,0.0000,0,5,0.6050,0.5642,0.4417,0.5642,0.0408,JUMP_CONFIRM 等待终端回车,1,0.0000,0.150,0.330
496.877,SEEK_ROUNDABOUT,14.436,0,1.446,step_wait_enter_to_jump,0.0000,0.0000,0,,nan,nan,nan,nan,0.0000,0,nan,nan,nan,nan,0.0000,JUMP_CONFIRM,0,0,normalized_depth_start,1,0,0.000,0,nan,nan,nan,0.0000,0,5,0.6050,0.5642,0.4542,0.5642,0.0408,JUMP_CONFIRM 等待终端回车,1,0.0000,0.150,0.330
497.017,SEEK_ROUNDABOUT,14.576,0,1.446,step_wait_enter_to_jump,0.0000,0.0000,0,,nan,nan,nan,nan,0.0000,0,nan,nan,nan,nan,0.0000,JUMP_CONFIRM,0,0,normalized_depth_start,1,0,0.000,0,nan,nan,nan,0.0000,0,5,0.6050,0.5642,0.4665,0.5642,0.0408,JUMP_CONFIRM 等待终端回车,1,0.0000,0.150,0.330
497.158,SEEK_ROUNDABOUT,14.717,0,1.446,step_wait_enter_to_jump,0.0000,0.0000,0,,nan,nan,nan,nan,0.0000,0,nan,nan,nan,nan,0.0000,JUMP_CONFIRM,0,0,normalized_depth_start,1,0,0.000,0,nan,nan,nan,0.0000,0,5,0.6050,0.5642,0.4802,0.5642,0.0408,JUMP_CONFIRM 等待终端回车,1,0.0000,0.150,0.330
497.299,SEEK_ROUNDABOUT,14.857,0,1.446,step_wait_enter_to_jump,0.0000,0.0000,0,,nan,nan,nan,nan,0.0000,0,nan,nan,nan,nan,0.0000,JUMP_CONFIRM,0,0,normalized_depth_start,1,0,0.000,0,nan,nan,nan,0.0000,0,5,0.6050,0.5642,0.4937,0.5642,0.0408,JUMP_CONFIRM 等待终端回车,1,0.0000,0.150,0.330
497.435,SEEK_ROUNDABOUT,14.994,0,1.446,step_wait_enter_to_jump,0.0000,0.0000,0,,nan,nan,nan,nan,0.0000,0,nan,nan,nan,nan,0.0000,JUMP_CONFIRM,0,0,normalized_depth_start,1,0,0.000,0,nan,nan,nan,0.0000,0,5,0.6050,0.5642,0.5067,0.5642,0.0408,JUMP_CONFIRM 等待终端回车,1,0.0000,0.150,0.330
497.577,SEEK_ROUNDABOUT,15.136,0,1.446,step_wait_enter_to_jump,0.0000,0.0000,0,,nan,nan,nan,nan,0.0000,0,nan,nan,nan,nan,0.0000,JUMP_CONFIRM,0,0,normalized_depth_start,1,0,0.000,0,nan,nan,nan,0.0000,0,5,0.6050,0.5642,0.5227,0.5642,0.0408,JUMP_CONFIRM 等待终端回车,1,0.0000,0.150,0.330
497.716,SEEK_ROUNDABOUT,15.275,0,1.446,step_wait_enter_to_jump,0.0000,0.0000,0,,nan,nan,nan,nan,0.0000,0,nan,nan,nan,nan,0.0000,JUMP_CONFIRM,0,0,normalized_depth_start,1,0,0.000,0,nan,nan,nan,0.0000,0,5,0.6050,0.5642,0.5349,0.5642,0.0408,JUMP_CONFIRM 等待终端回车,1,0.0000,0.150,0.330
497.856,SEEK_ROUNDABOUT,15.414,0,1.446,step_wait_enter_to_jump,0.0000,0.0000,0,,nan,nan,nan,nan,0.0000,0,nan,nan,nan,nan,0.0000,JUMP_CONFIRM,0,0,normalized_depth_start,1,0,0.000,0,nan,nan,nan,0.0000,0,5,0.6050,0.5642,0.5498,0.5642,0.0408,JUMP_CONFIRM 等待终端回车,1,0.0000,0.150,0.330
497.992,SEEK_ROUNDABOUT,15.551,0,1.446,step_wait_enter_to_jump,0.0000,0.0000,0,,nan,nan,nan,nan,0.0000,0,nan,nan,nan,nan,0.0000,JUMP_CONFIRM,0,0,normalized_depth_start,1,0,0.000,0,nan,nan,nan,0.0000,0,5,0.6050,0.5642,0.5617,0.5642,0.0408,JUMP_CONFIRM 等待终端回车,1,0.0000,0.150,0.330
498.132,SEEK_ROUNDABOUT,15.691,0,1.446,step_wait_enter_to_jump,0.0000,0.0000,0,,nan,nan,nan,nan,0.0000,0,nan,nan,nan,nan,0.0000,JUMP_CONFIRM,0,0,normalized_depth_start,1,0,0.000,0,nan,nan,nan,0.0000,0,5,0.6050,0.5642,0.5765,0.5642,0.0408,JUMP_CONFIRM 等待终端回车,1,0.0000,0.150,0.330
498.271,SEEK_ROUNDABOUT,15.829,0,1.446,step_wait_enter_to_jump,0.0000,0.0000,0,,nan,nan,nan,nan,0.0000,0,nan,nan,nan,nan,0.0000,JUMP_CONFIRM,0,0,normalized_depth_start,1,0,0.000,0,nan,nan,nan,0.0000,0,5,0.6050,0.5642,0.5899,0.5642,0.0408,JUMP_CONFIRM 等待终端回车,1,0.0000,0.150,0.330
498.409,SEEK_ROUNDABOUT,15.968,0,1.446,step_wait_enter_to_jump,0.0000,0.0000,0,,nan,nan,nan,nan,0.0000,0,nan,nan,nan,nan,0.0000,JUMP_CONFIRM,0,0,normalized_depth_start,1,0,0.000,0,nan,nan,nan,0.0000,0,5,0.6050,0.5642,0.6011,0.5642,0.0408,JUMP_CONFIRM 等待终端回车,1,0.0000,0.150,0.330
498.550,SEEK_ROUNDABOUT,16.108,0,1.446,step_wait_enter_to_jump,0.0000,0.0000,0,,nan,nan,nan,nan,0.0000,0,nan,nan,nan,nan,0.0000,JUMP_CONFIRM,0,0,normalized_depth_start,1,0,0.000,0,nan,nan,nan,0.0000,0,5,0.6050,0.5642,0.6108,0.5642,0.0408,JUMP_CONFIRM 等待终端回车,1,0.0000,0.150,0.330
498.688,SEEK_ROUNDABOUT,16.246,0,1.446,step_wait_enter_to_jump,0.0000,0.0000,0,,nan,nan,nan,nan,0.0000,0,nan,nan,nan,nan,0.0000,JUMP_CONFIRM,0,0,normalized_depth_start,1,0,0.000,0,nan,nan,nan,0.0000,0,5,0.6050,0.5642,0.6178,0.5642,0.0408,JUMP_CONFIRM 等待终端回车,1,0.0000,0.150,0.330
498.824,SEEK_ROUNDABOUT,16.382,0,1.446,step_wait_enter_to_jump,0.0000,0.0000,0,,nan,nan,nan,nan,0.0000,0,nan,nan,nan,nan,0.0000,JUMP_CONFIRM,0,0,normalized_depth_start,1,0,0.000,0,nan,nan,nan,0.0000,0,5,0.6050,0.5642,0.6217,0.5642,0.0408,JUMP_CONFIRM 等待终端回车,1,0.0000,0.150,0.330
498.967,SEEK_ROUNDABOUT,16.526,0,1.446,step_wait_enter_to_jump,0.0000,0.0000,0,,nan,nan,nan,nan,0.0000,0,nan,nan,nan,nan,0.0000,JUMP_CONFIRM,0,0,normalized_depth_start,1,0,0.000,0,nan,nan,nan,0.0000,0,5,0.6050,0.5642,0.6226,0.5642,0.0408,JUMP_CONFIRM 等待终端回车,1,0.0000,0.150,0.330
499.105,SEEK_ROUNDABOUT,16.664,0,1.446,step_wait_enter_to_jump,0.0000,0.0000,0,,nan,nan,nan,nan,0.0000,0,nan,nan,nan,nan,0.0000,JUMP_CONFIRM,0,0,normalized_depth_start,1,0,0.000,0,nan,nan,nan,0.0000,0,5,0.6050,0.5642,0.6208,0.5642,0.0408,JUMP_CONFIRM 等待终端回车,1,0.0000,0.150,0.330
499.252,SEEK_ROUNDABOUT,16.810,0,1.446,step_wait_enter_to_jump,0.0000,0.0000,0,,nan,nan,nan,nan,0.0000,0,nan,nan,nan,nan,0.0000,JUMP_CONFIRM,0,0,normalized_depth_start,1,0,0.000,0,nan,nan,nan,0.0000,0,5,0.6050,0.5642,0.6162,0.5642,0.0408,JUMP_CONFIRM 等待终端回车,1,0.0000,0.150,0.330
499.392,SEEK_ROUNDABOUT,16.950,0,1.446,step_wait_enter_to_jump,0.0000,0.0000,0,,nan,nan,nan,nan,0.0000,0,nan,nan,nan,nan,0.0000,JUMP_CONFIRM,0,0,normalized_depth_start,1,0,0.000,0,nan,nan,nan,0.0000,0,5,0.6050,0.5642,0.6094,0.5642,0.0408,JUMP_CONFIRM 等待终端回车,1,0.0000,0.150,0.330
499.530,SEEK_ROUNDABOUT,17.089,0,1.446,step_wait_enter_to_jump,0.0000,0.0000,0,,nan,nan,nan,nan,0.0000,0,nan,nan,nan,nan,0.0000,JUMP_CONFIRM,0,0,normalized_depth_start,1,0,0.000,0,nan,nan,nan,0.0000,0,5,0.6050,0.5642,0.6030,0.5642,0.0408,JUMP_CONFIRM 等待终端回车,1,0.0000,0.150,0.330
499.687,SEEK_ROUNDABOUT,17.245,0,1.446,step_wait_enter_to_jump,0.0000,0.0000,0,,nan,nan,nan,nan,0.0000,0,nan,nan,nan,nan,0.0000,JUMP_CONFIRM,0,0,normalized_depth_start,1,0,0.000,0,nan,nan,nan,0.0000,0,5,0.6050,0.5642,0.5923,0.5642,0.0408,JUMP_CONFIRM 等待终端回车,1,0.0000,0.150,0.330
499.852,SEEK_ROUNDABOUT,17.410,0,1.446,step_wait_enter_to_jump,0.0000,0.0000,0,,nan,nan,nan,nan,0.0000,0,nan,nan,nan,nan,0.0000,JUMP_CONFIRM,0,0,normalized_depth_start,1,0,0.000,0,nan,nan,nan,0.0000,0,5,0.6050,0.5642,0.5814,0.5642,0.0408,JUMP_CONFIRM 等待终端回车,1,0.0000,0.150,0.330
499.994,SEEK_ROUNDABOUT,17.553,0,1.446,step_wait_enter_to_jump,0.0000,0.0000,0,,nan,nan,nan,nan,0.0000,0,nan,nan,nan,nan,0.0000,JUMP_CONFIRM,0,0,normalized_depth_start,1,0,0.000,0,nan,nan,nan,0.0000,0,5,0.6050,0.5642,0.5724,0.5642,0.0408,JUMP_CONFIRM 等待终端回车,1,0.0000,0.150,0.330
500.132,SEEK_ROUNDABOUT,17.691,0,1.446,step_wait_enter_to_jump,0.0000,0.0000,0,,nan,nan,nan,nan,0.0000,0,nan,nan,nan,nan,0.0000,JUMP_CONFIRM,0,0,normalized_depth_start,1,0,0.000,0,nan,nan,nan,0.0000,0,5,0.6050,0.5642,0.5613,0.5642,0.0408,JUMP_CONFIRM 等待终端回车,1,0.0000,0.150,0.330
500.268,SEEK_ROUNDABOUT,17.826,0,1.446,step_wait_enter_to_jump,0.0000,0.0000,0,,nan,nan,nan,nan,0.0000,0,nan,nan,nan,nan,0.0000,JUMP_CONFIRM,0,0,normalized_depth_start,1,0,0.000,0,nan,nan,nan,0.0000,0,5,0.6050,0.5642,0.5510,0.5642,0.0408,JUMP_CONFIRM 等待终端回车,1,0.0000,0.150,0.330
500.409,SEEK_ROUNDABOUT,17.967,0,1.446,step_wait_enter_to_jump,0.0000,0.0000,0,,nan,nan,nan,nan,0.0000,0,nan,nan,nan,nan,0.0000,JUMP_CONFIRM,0,0,normalized_depth_start,1,0,0.000,0,nan,nan,nan,0.0000,0,5,0.6050,0.5642,0.5413,0.5642,0.0408,JUMP_CONFIRM 等待终端回车,1,0.0000,0.150,0.330
500.548,SEEK_ROUNDABOUT,18.106,0,1.446,step_wait_enter_to_jump,0.0000,0.0000,0,,nan,nan,nan,nan,0.0000,0,nan,nan,nan,nan,0.0000,JUMP_CONFIRM,0,0,normalized_depth_start,1,0,0.000,0,nan,nan,nan,0.0000,0,5,0.6050,0.5642,0.5319,0.5642,0.0408,JUMP_CONFIRM 等待终端回车,1,0.0000,0.150,0.330
500.697,SEEK_ROUNDABOUT,18.255,0,1.446,step_wait_enter_to_jump,0.0000,0.0000,0,,nan,nan,nan,nan,0.0000,0,nan,nan,nan,nan,0.0000,JUMP_CONFIRM,0,0,normalized_depth_start,1,0,0.000,0,nan,nan,nan,0.0000,0,5,0.6050,0.5642,0.5223,0.5642,0.0408,JUMP_CONFIRM 等待终端回车,1,0.0000,0.150,0.330
500.837,SEEK_ROUNDABOUT,18.396,0,1.446,step_wait_enter_to_jump,0.0000,0.0000,0,,nan,nan,nan,nan,0.0000,0,nan,nan,nan,nan,0.0000,JUMP_CONFIRM,0,0,normalized_depth_start,1,0,0.000,0,nan,nan,nan,0.0000,0,5,0.6050,0.5642,0.5127,0.5642,0.0408,JUMP_CONFIRM 等待终端回车,1,0.0000,0.150,0.330
500.979,SEEK_ROUNDABOUT,18.538,0,1.446,step_wait_enter_to_jump,0.0000,0.0000,0,,nan,nan,nan,nan,0.0000,0,nan,nan,nan,nan,0.0000,JUMP_CONFIRM,0,0,normalized_depth_start,1,0,0.000,0,nan,nan,nan,0.0000,0,5,0.6050,0.5642,0.5058,0.5642,0.0408,JUMP_CONFIRM 等待终端回车,1,0.0000,0.150,0.330
501.120,SEEK_ROUNDABOUT,18.678,0,1.446,step_wait_enter_to_jump,0.0000,0.0000,0,,nan,nan,nan,nan,0.0000,0,nan,nan,nan,nan,0.0000,JUMP_CONFIRM,0,0,normalized_depth_start,1,0,0.000,0,nan,nan,nan,0.0000,0,5,0.6050,0.5642,0.4976,0.5642,0.0408,JUMP_CONFIRM 等待终端回车,1,0.0000,0.150,0.330
501.256,SEEK_ROUNDABOUT,18.815,0,1.446,step_wait_enter_to_jump,0.0000,0.0000,0,,nan,nan,nan,nan,0.0000,0,nan,nan,nan,nan,0.0000,JUMP_CONFIRM,0,0,normalized_depth_start,1,0,0.000,0,nan,nan,nan,0.0000,0,5,0.6050,0.5642,0.4909,0.5642,0.0408,JUMP_CONFIRM 等待终端回车,1,0.0000,0.150,0.330
501.392,SEEK_ROUNDABOUT,18.951,0,1.446,step_wait_enter_to_jump,0.0000,0.0000,0,,nan,nan,nan,nan,0.0000,0,nan,nan,nan,nan,0.0000,JUMP_CONFIRM,0,0,normalized_depth_start,1,0,0.000,0,nan,nan,nan,0.0000,0,5,0.6050,0.5642,0.4862,0.5642,0.0408,JUMP_CONFIRM 等待终端回车,1,0.0000,0.150,0.330
501.540,SEEK_ROUNDABOUT,19.099,0,1.446,step_wait_enter_to_jump,0.0000,0.0000,0,,nan,nan,nan,nan,0.0000,0,nan,nan,nan,nan,0.0000,JUMP_CONFIRM,0,0,normalized_depth_start,1,0,0.000,0,nan,nan,nan,0.0000,0,5,0.6050,0.5642,0.4825,0.5642,0.0408,JUMP_CONFIRM 等待终端回车,1,0.0000,0.150,0.330
501.693,SEEK_ROUNDABOUT,19.252,0,1.446,step_wait_enter_to_jump,0.0000,0.0000,0,,nan,nan,nan,nan,0.0000,0,nan,nan,nan,nan,0.0000,JUMP_CONFIRM,0,0,normalized_depth_start,1,0,0.000,0,nan,nan,nan,0.0000,0,5,0.6050,0.5642,0.4803,0.5642,0.0408,JUMP_CONFIRM 等待终端回车,1,0.0000,0.150,0.330
501.848,SEEK_ROUNDABOUT,19.406,0,1.446,step_wait_enter_to_jump,0.0000,0.0000,0,,nan,nan,nan,nan,0.0000,0,nan,nan,nan,nan,0.0000,JUMP_CONFIRM,0,0,normalized_depth_start,1,0,0.000,0,nan,nan,nan,0.0000,0,5,0.6050,0.5642,0.4791,0.5642,0.0408,JUMP_CONFIRM 等待终端回车,1,0.0000,0.150,0.330
501.991,SEEK_ROUNDABOUT,19.549,0,1.446,step_wait_enter_to_jump,0.0000,0.0000,0,,nan,nan,nan,nan,0.0000,0,nan,nan,nan,nan,0.0000,JUMP_CONFIRM,0,0,normalized_depth_start,1,0,0.000,0,nan,nan,nan,0.0000,0,5,0.6050,0.5642,0.4791,0.5642,0.0408,JUMP_CONFIRM 等待终端回车,1,0.0000,0.150,0.330
502.154,SEEK_ROUNDABOUT,19.712,0,1.446,step_wait_enter_to_jump,0.0000,0.0000,0,,nan,nan,nan,nan,0.0000,0,nan,nan,nan,nan,0.0000,JUMP_CONFIRM,0,0,normalized_depth_start,1,0,0.000,0,nan,nan,nan,0.0000,0,5,0.6050,0.5642,0.4795,0.5642,0.0408,JUMP_CONFIRM 等待终端回车,1,0.0000,0.150,0.330
502.311,SEEK_ROUNDABOUT,19.870,0,1.446,step_wait_enter_to_jump,0.0000,0.0000,0,,nan,nan,nan,nan,0.0000,0,nan,nan,nan,nan,0.0000,JUMP_CONFIRM,0,0,normalized_depth_start,1,0,0.000,0,nan,nan,nan,0.0000,0,5,0.6050,0.5642,0.4829,0.5642,0.0408,JUMP_CONFIRM 等待终端回车,1,0.0000,0.150,0.330
502.462,SEEK_ROUNDABOUT,20.020,0,1.446,step_wait_enter_to_jump,0.0000,0.0000,0,,nan,nan,nan,nan,0.0000,0,nan,nan,nan,nan,0.0000,JUMP_CONFIRM,0,0,normalized_depth_start,1,0,0.000,0,nan,nan,nan,0.0000,0,5,0.6050,0.5642,0.4863,0.5642,0.0408,JUMP_CONFIRM 等待终端回车,1,0.0000,0.150,0.330
502.615,SEEK_ROUNDABOUT,20.173,0,1.446,step_wait_enter_to_jump,0.0000,0.0000,0,,nan,nan,nan,nan,0.0000,0,nan,nan,nan,nan,0.0000,JUMP_CONFIRM,0,0,normalized_depth_start,1,0,0.000,0,nan,nan,nan,0.0000,0,5,0.6050,0.5642,0.4920,0.5642,0.0408,JUMP_CONFIRM 等待终端回车,1,0.0000,0.150,0.330
502.764,SEEK_ROUNDABOUT,20.322,0,1.446,step_wait_enter_to_jump,0.0000,0.0000,0,,nan,nan,nan,nan,0.0000,0,nan,nan,nan,nan,0.0000,JUMP_CONFIRM,0,0,normalized_depth_start,1,0,0.000,0,nan,nan,nan,0.0000,0,5,0.6050,0.5642,0.4974,0.5642,0.0408,JUMP_CONFIRM 等待终端回车,1,0.0000,0.150,0.330
502.941,SEEK_ROUNDABOUT,20.499,0,1.446,step_wait_enter_to_jump,0.0000,0.0000,0,,nan,nan,nan,nan,0.0000,0,nan,nan,nan,nan,0.0000,JUMP_CONFIRM,0,0,normalized_depth_start,1,0,0.000,0,nan,nan,nan,0.0000,0,5,0.6050,0.5642,0.5042,0.5642,0.0408,JUMP_CONFIRM 等待终端回车,1,0.0000,0.150,0.330
503.096,SEEK_ROUNDABOUT,20.655,0,1.446,step_wait_enter_to_jump,0.0000,0.0000,0,,nan,nan,nan,nan,0.0000,0,nan,nan,nan,nan,0.0000,JUMP_CONFIRM,0,0,normalized_depth_start,1,0,0.000,0,nan,nan,nan,0.0000,0,5,0.6050,0.5642,0.5106,0.5642,0.0408,JUMP_CONFIRM 等待终端回车,1,0.0000,0.150,0.330
503.253,SEEK_ROUNDABOUT,20.811,0,1.446,step_wait_enter_to_jump,0.0000,0.0000,0,,nan,nan,nan,nan,0.0000,0,nan,nan,nan,nan,0.0000,JUMP_CONFIRM,0,0,normalized_depth_start,1,0,0.000,0,nan,nan,nan,0.0000,0,5,0.6050,0.5642,0.5166,0.5642,0.0408,JUMP_CONFIRM 等待终端回车,1,0.0000,0.150,0.330
503.398,SEEK_ROUNDABOUT,20.956,0,1.446,step_wait_enter_to_jump,0.0000,0.0000,0,,nan,nan,nan,nan,0.0000,0,nan,nan,nan,nan,0.0000,JUMP_CONFIRM,0,0,normalized_depth_start,1,0,0.000,0,nan,nan,nan,0.0000,0,5,0.6050,0.5642,0.5221,0.5642,0.0408,JUMP_CONFIRM 等待终端回车,1,0.0000,0.150,0.330
503.571,SEEK_ROUNDABOUT,21.130,0,1.446,step_jump_after_enter,0.5000,0.0000,0,,nan,nan,nan,nan,0.0000,0,nan,nan,nan,nan,0.0000,JUMP,0,0,normalized_depth_start,1,0,0.000,0,nan,nan,nan,0.0000,0,5,0.6050,0.5642,0.5301,0.5642,0.0408,JUMP 脉冲中,1,0.0000,0.150,0.330
503.742,SEEK_ROUNDABOUT,21.301,0,1.446,step_jump_pulse,0.5000,0.0000,0,,nan,nan,nan,nan,0.0000,0,nan,nan,nan,nan,0.0000,JUMP,0,0,normalized_depth_start,1,0,0.000,0,nan,nan,nan,0.0000,0,5,0.6050,0.5642,0.5301,0.5642,0.0408,JUMP 脉冲中,1,0.0000,0.150,0.330
503.906,SEEK_ROUNDABOUT,21.464,0,1.446,step_land_forward,0.3000,0.0000,0,,nan,nan,nan,nan,0.0000,0,nan,nan,nan,nan,0.0000,LAND,0,0,normalized_depth_start,1,0,0.000,0,nan,nan,nan,0.0000,0,5,0.6050,0.5642,0.5301,0.5642,0.0408,跳跃脉冲结束，落地继续前行,1,0.0000,0.150,0.330
504.084,SEEK_ROUNDABOUT,21.643,0,1.446,step_land_forward,0.3000,0.0000,0,,nan,nan,nan,nan,0.0000,0,nan,nan,nan,nan,0.0000,LAND,0,0,normalized_depth_start,1,0,0.000,0,nan,nan,nan,0.0000,0,5,0.6050,0.5642,0.5301,0.5642,0.0408,跳跃脉冲结束，落地继续前行,1,0.0000,0.150,0.330
504.267,SEEK_ROUNDABOUT,21.825,0,1.446,step_land_forward,0.3000,0.0000,0,,nan,nan,nan,nan,0.0000,0,nan,nan,nan,nan,0.0000,LAND,0,0,normalized_depth_start,1,0,0.000,0,nan,nan,nan,0.0000,0,5,0.6050,0.5642,0.5301,0.5642,0.0408,跳跃脉冲结束，落地继续前行,1,0.0000,0.150,0.330
504.420,SEEK_ROUNDABOUT,21.978,0,1.446,step_land_forward,0.3000,0.0000,0,,nan,nan,nan,nan,0.0000,0,nan,nan,nan,nan,0.0000,LAND,0,0,normalized_depth_start,1,0,0.000,0,nan,nan,nan,0.0000,0,5,0.6050,0.5642,0.5301,0.5642,0.0408,跳跃脉冲结束，落地继续前行,1,0.0000,0.150,0.330
504.565,SEEK_ROUNDABOUT,22.123,0,1.446,step_land_forward,0.3000,0.0000,0,,nan,nan,nan,nan,0.0000,0,nan,nan,nan,nan,0.0000,LAND,0,0,normalized_depth_start,1,0,1.000,0,1.0100,1.0100,0.0503,0.9283,2,5,0.6050,0.5642,0.5301,0.5642,0.0408,跳跃脉冲结束，落地继续前行,1,0.0000,0.150,0.330
504.712,SEEK_ROUNDABOUT,22.270,0,1.446,step_land_forward,0.3000,0.0000,0,,nan,nan,nan,nan,0.0000,0,nan,nan,nan,nan,0.0000,LAND,0,0,normalized_depth_start,1,0,0.400,0,nan,1.0100,nan,0.0000,0,5,0.6050,0.5642,0.5301,0.5642,0.0408,跳跃脉冲结束，落地继续前行,1,0.0000,0.150,0.330
504.871,SEEK_ROUNDABOUT,22.429,0,1.446,step_land_forward,0.3000,0.0000,0,,nan,nan,nan,nan,0.0000,0,nan,nan,nan,nan,0.0000,LAND,0,0,normalized_depth_start,1,0,0.000,0,nan,1.0100,nan,0.0000,0,5,0.6050,0.5642,0.5301,0.5642,0.0408,跳跃脉冲结束，落地继续前行,1,0.0000,0.150,0.330
505.015,SEEK_ROUNDABOUT,22.573,0,1.446,step_land_forward,0.3000,0.0000,0,,nan,nan,nan,nan,0.0000,0,nan,nan,nan,nan,0.0000,LAND,0,0,normalized_depth_start,1,0,0.000,0,nan,1.0100,nan,0.0000,0,5,0.6050,0.5642,0.5301,0.5642,0.0408,跳跃脉冲结束，落地继续前行,1,0.0000,0.150,0.330
505.156,SEEK_ROUNDABOUT,22.715,0,1.446,step_land_forward,0.3000,0.0000,0,,nan,nan,nan,nan,0.0000,0,nan,nan,nan,nan,0.0000,LAND,0,0,normalized_depth_start,1,0,0.000,0,nan,1.0100,nan,0.0000,0,5,0.6050,0.5642,0.5301,0.5642,0.0408,跳跃脉冲结束，落地继续前行,1,0.0000,0.150,0.330
505.293,SEEK_ROUNDABOUT,22.851,0,1.446,step_land_forward,0.3000,0.0000,0,,nan,nan,nan,nan,0.0000,0,nan,nan,nan,nan,0.0000,LAND,0,0,normalized_depth_start,1,0,0.000,0,nan,1.0100,nan,0.0000,0,5,0.6050,0.5642,0.5301,0.5642,0.0408,跳跃脉冲结束，落地继续前行,1,0.0000,0.150,0.330
505.451,SEEK_ROUNDABOUT,23.009,0,1.446,step_land_forward,0.3000,0.0000,0,,nan,nan,nan,nan,0.0000,0,nan,nan,nan,nan,0.0000,LAND,0,0,normalized_depth_start,1,0,0.000,0,nan,nan,nan,0.0000,0,5,0.6050,0.5642,0.5301,0.5642,0.0408,跳跃脉冲结束，落地继续前行,1,0.0000,0.150,0.330
505.587,SEEK_ROUNDABOUT,23.146,0,1.446,step_land_forward,0.3000,0.0000,0,,nan,nan,nan,nan,0.0000,0,nan,nan,nan,nan,0.0000,LAND,0,0,normalized_depth_start,1,0,0.000,0,nan,nan,nan,0.0000,0,5,0.6050,0.5642,0.5301,0.5642,0.0408,跳跃脉冲结束，落地继续前行,1,0.0000,0.150,0.330
505.727,SEEK_ROUNDABOUT,23.285,0,1.446,step_land_forward,0.3000,0.0000,0,,nan,nan,nan,nan,0.0000,0,nan,nan,nan,nan,0.0000,LAND,0,0,normalized_depth_start,1,0,0.000,0,nan,nan,nan,0.0000,0,5,0.6050,0.5642,0.5301,0.5642,0.0408,跳跃脉冲结束，落地继续前行,1,0.0000,0.150,0.330
505.866,SEEK_ROUNDABOUT,23.424,0,1.446,step_land_forward,0.3000,0.0000,0,,nan,nan,nan,nan,0.0000,0,nan,nan,nan,nan,0.0000,LAND,0,0,normalized_depth_start,1,0,0.000,0,nan,nan,nan,0.0000,0,5,0.6050,0.5642,0.5301,0.5642,0.0408,跳跃脉冲结束，落地继续前行,1,0.0000,0.150,0.330
506.002,SEEK_ROUNDABOUT,23.561,0,1.446,step_recover_stop,0.0000,0.0000,0,,nan,nan,nan,nan,0.0000,0,nan,nan,nan,nan,0.0000,RECOVER,0,0,normalized_depth_start,1,0,0.000,0,nan,nan,nan,0.0000,0,5,0.6050,0.5642,0.5301,0.5642,0.0408,落地前行结束，停车恢复,1,0.0000,0.150,0.330
506.163,SEEK_ROUNDABOUT,23.721,0,1.446,step_recover_stop,0.0000,0.0000,0,,nan,nan,nan,nan,0.0000,0,nan,nan,nan,nan,0.0000,RECOVER,0,0,normalized_depth_start,1,0,0.000,0,nan,nan,nan,0.0000,0,5,0.6050,0.5642,0.5301,0.5642,0.0408,落地前行结束，停车恢复,1,0.0000,0.150,0.330
506.299,SEEK_ROUNDABOUT,23.857,0,1.446,step_recover_stop,0.0000,0.0000,0,,nan,nan,nan,nan,0.0000,0,nan,nan,nan,nan,0.0000,RECOVER,0,0,normalized_depth_start,1,0,0.000,0,nan,nan,nan,0.0000,0,5,0.6050,0.5642,0.5301,0.5642,0.0408,落地前行结束，停车恢复,1,0.0000,0.150,0.330
506.439,SEEK_ROUNDABOUT,23.998,0,1.446,step_recover_stop,0.0000,0.0000,0,,nan,nan,nan,nan,0.0000,0,nan,nan,nan,nan,0.0000,RECOVER,0,0,normalized_depth_start,1,0,0.000,0,nan,nan,nan,0.0000,0,5,0.6050,0.5642,0.5301,0.5642,0.0408,落地前行结束，停车恢复,1,0.0000,0.150,0.330
506.580,SEEK_ROUNDABOUT,24.138,0,1.446,step_recover_stop,0.0000,0.0000,0,,nan,nan,nan,nan,0.0000,0,nan,nan,nan,nan,0.0000,RECOVER,0,0,normalized_depth_start,1,0,0.000,0,nan,nan,nan,0.0000,0,5,0.6050,0.5642,0.5301,0.5642,0.0408,落地前行结束，停车恢复,1,0.0000,0.150,0.330
506.715,SEEK_ROUNDABOUT,24.273,0,1.446,step_recover_stop,0.0000,0.0000,0,,nan,nan,nan,nan,0.0000,0,nan,nan,nan,nan,0.0000,RECOVER,0,0,normalized_depth_start,1,0,0.000,0,nan,nan,nan,0.0000,0,5,0.6050,0.5642,0.5301,0.5642,0.0408,落地前行结束，停车恢复,1,0.0000,0.150,0.330
506.873,SEEK_ROUNDABOUT,24.431,0,1.446,step_recover_stop,0.0000,0.0000,0,,nan,nan,nan,nan,0.0000,0,nan,nan,nan,nan,0.0000,RECOVER,0,0,normalized_depth_start,1,0,0.000,0,nan,nan,nan,0.0000,0,5,0.6050,0.5642,0.5301,0.5642,0.0408,落地前行结束，停车恢复,1,0.0000,0.150,0.330
507.011,SEEK_ROUNDABOUT,24.570,0,1.446,step_recover_stop,0.0000,0.0000,0,,nan,nan,nan,nan,0.0000,0,nan,nan,nan,nan,0.0000,RECOVER,0,0,normalized_depth_start,1,0,0.000,0,nan,nan,nan,0.0000,0,5,0.6050,0.5642,0.5301,0.5642,0.0408,落地前行结束，停车恢复,1,0.0000,0.150,0.330
507.170,SEEK_ROUNDABOUT,24.728,0,1.446,step_recover_stop,0.0000,0.0000,0,,nan,nan,nan,nan,0.0000,0,nan,nan,nan,nan,0.0000,RECOVER,0,0,normalized_depth_start,1,0,0.000,0,nan,nan,nan,0.0000,0,5,0.6050,0.5642,0.5301,0.5642,0.0408,落地前行结束，停车恢复,1,0.0000,0.150,0.330
507.310,SEEK_ROUNDABOUT,24.868,0,1.446,step_recover_stop,0.0000,0.0000,0,,nan,nan,nan,nan,0.0000,0,nan,nan,nan,nan,0.0000,RECOVER,0,0,normalized_depth_start,1,0,0.000,0,nan,nan,nan,0.0000,0,5,0.6050,0.5642,0.5301,0.5642,0.0408,落地前行结束，停车恢复,1,0.0000,0.150,0.330
507.455,SEEK_ROUNDABOUT,25.014,0,1.446,step_recover_stop,0.0000,0.0000,0,,nan,nan,nan,nan,0.0000,0,nan,nan,nan,nan,0.0000,RECOVER,0,0,normalized_depth_start,1,0,0.000,0,nan,nan,nan,0.0000,0,5,0.6050,0.5642,0.5301,0.5642,0.0408,落地前行结束，停车恢复,1,0.0000,0.150,0.330
507.600,SEEK_ROUNDABOUT,25.158,0,1.446,step_recover_stop,0.0000,0.0000,0,,nan,nan,nan,nan,0.0000,0,nan,nan,nan,nan,0.0000,RECOVER,0,0,normalized_depth_start,1,0,0.000,0,nan,nan,nan,0.0000,0,5,0.6050,0.5642,0.5301,0.5642,0.0408,落地前行结束，停车恢复,1,0.0000,0.150,0.330
507.744,SEEK_ROUNDABOUT,25.302,0,1.446,step_recover_stop,0.0000,0.0000,0,,nan,nan,nan,nan,0.0000,0,nan,nan,nan,nan,0.0000,RECOVER,0,0,normalized_depth_start,1,0,0.000,0,nan,nan,nan,0.0000,0,5,0.6050,0.5642,0.5301,0.5642,0.0408,落地前行结束，停车恢复,1,0.0000,0.150,0.330
507.888,SEEK_ROUNDABOUT,25.446,0,1.446,step_recover_stop,0.0000,0.0000,0,,nan,nan,nan,nan,0.0000,0,nan,nan,nan,nan,0.0000,RECOVER,0,0,normalized_depth_start,1,0,0.000,0,nan,nan,nan,0.0000,0,5,0.6050,0.5642,0.5301,0.5642,0.0408,落地前行结束，停车恢复,1,0.0000,0.150,0.330
508.025,SEEK_ROUNDABOUT,25.583,0,1.446,step_recover_stop,0.0000,0.0000,0,,nan,nan,nan,nan,0.0000,0,nan,nan,nan,nan,0.0000,RECOVER,0,0,normalized_depth_start,1,0,0.000,0,nan,nan,nan,0.0000,0,5,0.6050,0.5642,0.5301,0.5642,0.0408,落地前行结束，停车恢复,1,0.0000,0.150,0.330
508.166,SEEK_ROUNDABOUT,25.725,0,1.446,step_recover_stop,0.0000,0.0000,0,,nan,nan,nan,nan,0.0000,0,nan,nan,nan,nan,0.0000,RECOVER,0,0,normalized_depth_start,1,0,0.000,0,nan,nan,nan,0.0000,0,5,0.6050,0.5642,0.5301,0.5642,0.0408,落地前行结束，停车恢复,1,0.0000,0.150,0.330
508.338,SEEK_ROUNDABOUT,25.897,0,1.446,step_recover_stop,0.0000,0.0000,0,,nan,nan,nan,nan,0.0000,0,nan,nan,nan,nan,0.0000,RECOVER,0,0,normalized_depth_start,1,0,0.000,0,nan,nan,nan,0.0000,0,5,0.6050,0.5642,0.5301,0.5642,0.0408,落地前行结束，停车恢复,1,0.0000,0.150,0.330
508.474,SEEK_ROUNDABOUT,26.033,0,1.446,step_recover_stop,0.0000,0.0000,0,,nan,nan,nan,nan,0.0000,0,nan,nan,nan,nan,0.0000,RECOVER,0,0,normalized_depth_start,1,0,0.000,0,nan,nan,nan,0.0000,0,5,0.6050,0.5642,0.5301,0.5642,0.0408,落地前行结束，停车恢复,1,0.0000,0.150,0.330
508.616,SEEK_ROUNDABOUT,26.174,0,1.446,step_recover_stop,0.0000,0.0000,0,,nan,nan,nan,nan,0.0000,0,nan,nan,nan,nan,0.0000,RECOVER,0,0,normalized_depth_start,1,0,0.000,0,nan,nan,nan,0.0000,0,5,0.6050,0.5642,0.5301,0.5642,0.0408,落地前行结束，停车恢复,1,0.0000,0.150,0.330
508.751,SEEK_ROUNDABOUT,26.310,0,1.446,step_recover_stop,0.0000,0.0000,0,,nan,nan,nan,nan,0.0000,0,nan,nan,nan,nan,0.0000,RECOVER,0,0,normalized_depth_start,1,0,0.000,0,nan,nan,nan,0.0000,0,5,0.6050,0.5642,0.5301,0.5642,0.0408,落地前行结束，停车恢复,1,0.0000,0.150,0.330
508.898,SEEK_ROUNDABOUT,26.456,0,1.446,step_recover_stop,0.0000,0.0000,0,,nan,nan,nan,nan,0.0000,0,nan,nan,nan,nan,0.0000,RECOVER,0,0,normalized_depth_start,1,0,0.000,0,nan,nan,nan,0.0000,0,5,0.6050,0.5642,0.5301,0.5642,0.0408,落地前行结束，停车恢复,1,0.0000,0.150,0.330
509.035,SEEK_ROUNDABOUT,26.593,0,1.446,step_resume_tracking,0.0000,0.0000,0,,nan,nan,nan,nan,0.0000,0,nan,nan,nan,nan,0.0000,IDLE,1,0,step_done_latches_cleared,0,0,0.000,0,nan,nan,nan,0.0000,0,5,0.6050,0.5642,0.5301,0.5642,0.0408,本圈台阶完成,1,0.0000,0.150,0.330
509.176,SEEK_ROUNDABOUT,26.734,0,1.453,tracking,0.0507,0.3333,1,line_center_tracking,-0.4206,-0.4276,-0.4025,-0.3525,0.8154,6,0.0251,0.0500,0.0751,-0.3942,0.3333,IDLE,1,0,step_done_latches_cleared,0,0,0.000,0,nan,nan,nan,0.0000,0,5,0.6050,0.5642,0.5301,0.5642,0.0408,本圈台阶完成,1,0.0000,0.150,0.330
509.305,SEEK_ROUNDABOUT,26.863,0,1.461,tracking,0.0997,0.5122,1,line_hard_turn_centering,-0.5197,-0.5242,-0.4790,-0.4227,0.9008,7,0.0451,0.0564,0.1015,-0.4753,0.5122,IDLE,1,0,step_done_latches_cleared,0,0,0.000,0,nan,nan,nan,0.0000,0,5,0.6050,0.5642,0.5301,0.5642,0.0408,本圈台阶完成,1,0.0000,0.150,0.330
509.439,SEEK_ROUNDABOUT,26.998,0,1.468,tracking,0.1178,0.5142,1,line_curve_center_riding,-0.4829,-0.4919,-0.4390,-0.6335,0.9489,8,0.0529,0.1945,0.1416,-0.5215,0.5142,IDLE,1,0,step_done_latches_cleared,0,0,0.000,0,nan,nan,nan,0.0000,0,5,0.6050,0.5642,0.5301,0.5642,0.0408,本圈台阶完成,1,0.0000,0.150,0.330
509.602,SEEK_ROUNDABOUT,27.161,0,1.476,tracking,0.1312,0.4620,1,line_center_tracking,-0.3856,-0.4032,-0.3402,-0.3187,0.8124,6,0.0630,0.0215,0.0846,-0.3540,0.4620,IDLE,1,0,step_done_latches_cleared,0,0,0.000,0,nan,nan,nan,0.0000,0,5,0.6050,0.5642,0.5301,0.5642,0.0408,本圈台阶完成,1,0.0000,0.150,0.330
509.738,SEEK_ROUNDABOUT,27.297,0,1.483,tracking,0.1555,0.3676,1,line_center_tracking,-0.2619,-0.2773,-0.2221,-0.2570,0.8930,7,0.0552,0.0349,0.0204,-0.2521,0.3676,IDLE,1,0,step_done_latches_cleared,0,0,0.000,0,nan,nan,nan,0.0000,0,5,0.6050,0.5642,0.5301,0.5642,0.0408,本圈台阶完成,1,0.0000,0.150,0.330
509.866,SEEK_ROUNDABOUT,27.425,0,1.490,tracking,0.1819,0.2647,1,line_center_tracking,-0.1562,-0.1763,-0.1046,-0.1184,0.8930,7,0.0717,0.0138,0.0578,-0.1331,0.2647,IDLE,1,0,step_done_latches_cleared,0,0,0.000,0,nan,nan,nan,0.0000,0,5,0.6050,0.5642,0.5301,0.5642,0.0408,本圈台阶完成,1,0.0000,0.150,0.330
509.997,SEEK_ROUNDABOUT,27.556,0,1.494,tracking,0.2083,0.1623,1,line_center_tracking,-0.0596,-0.0792,-0.0090,-0.0075,0.8945,7,0.0702,0.0015,0.0717,-0.0319,0.1623,IDLE,1,0,step_done_latches_cleared,0,0,0.000,0,nan,nan,nan,0.0000,0,5,0.6050,0.5642,0.5301,0.5642,0.0408,本圈台阶完成,1,0.0000,0.150,0.330
510.130,SEEK_ROUNDABOUT,27.689,0,1.497,tracking,0.2298,0.0787,1,line_center_tracking,0.0033,-0.0203,0.0640,0.0688,0.8928,7,0.0843,0.0048,0.0891,0.0375,0.0787,IDLE,1,0,step_done_latches_cleared,0,0,0.000,0,nan,nan,nan,0.0000,0,5,0.6050,0.5642,0.5301,0.5642,0.0408,本圈台阶完成,1,0.0000,0.150,0.330
510.256,SEEK_ROUNDABOUT,27.814,0,1.502,tracking,0.2347,0.0063,1,line_center_tracking,0.0588,0.0338,0.1230,0.1300,0.8922,7,0.0892,0.0070,0.0962,0.0956,0.0063,IDLE,1,0,step_done_latches_cleared,0,0,0.000,0,nan,nan,nan,0.0000,0,5,0.6050,0.5642,0.5301,0.5642,0.0408,本圈台阶完成,1,0.0000,0.150,0.330
510.387,SEEK_ROUNDABOUT,27.945,0,1.508,tracking,0.2345,-0.0538,1,line_center_tracking,0.1046,0.0796,0.1689,0.1733,0.8920,7,0.0893,0.0044,0.0937,0.1406,-0.0538,IDLE,1,0,step_done_latches_cleared,0,0,0.000,0,nan,nan,nan,0.0000,0,5,0.6050,0.5642,0.5301,0.5642,0.0408,本圈台阶完成,1,0.0000,0.150,0.330
510.515,SEEK_ROUNDABOUT,28.074,0,1.516,tracking,0.2254,-0.0955,1,line_center_tracking,0.1272,0.1025,0.1907,0.1895,0.8920,7,0.0882,0.0011,0.0870,0.1609,-0.0955,IDLE,1,0,step_done_latches_cleared,0,0,0.000,0,nan,nan,nan,0.0000,0,5,0.6050,0.5642,0.5301,0.5642,0.0408,本圈台阶完成,1,0.0000,0.150,0.330
510.643,SEEK_ROUNDABOUT,28.201,0,1.526,tracking,0.2181,-0.1240,1,line_center_tracking,0.1416,0.1192,0.1990,0.1887,0.8930,7,0.0798,0.0103,0.0695,0.1690,-0.1240,IDLE,1,0,step_done_latches_cleared,0,0,0.000,0,nan,nan,nan,0.0000,0,5,0.6050,0.5642,0.5301,0.5642,0.0408,本圈台阶完成,1,0.0000,0.150,0.330
510.784,SEEK_ROUNDABOUT,28.342,0,1.544,tracking,0.2133,-0.1429,1,line_center_tracking,0.1505,0.1292,0.2052,0.0968,0.9672,8,0.0760,0.1084,0.0324,0.1438,-0.1429,IDLE,1,0,step_done_latches_cleared,0,0,0.000,0,nan,nan,nan,0.0000,0,5,0.6050,0.5642,0.5301,0.5642,0.0408,本圈台阶完成,1,0.0000,0.150,0.330
510.922,SEEK_ROUNDABOUT,28.481,0,1.566,tracking,0.2120,-0.1478,1,line_center_tracking,0.1427,0.1271,0.1829,0.0453,0.9665,8,0.0558,0.1376,0.0818,0.1184,-0.1478,IDLE,1,0,step_done_latches_cleared,0,0,0.000,0,nan,nan,nan,0.0000,0,5,0.6050,0.5642,0.5301,0.5642,0.0408,本圈台阶完成,1,0.0000,0.150,0.330
511.071,SEEK_ROUNDABOUT,28.630,0,1.600,tracking,0.1700,-0.1422,1,line_curve_center_riding,0.1277,0.1221,0.1552,-0.0067,0.9667,8,0.0331,0.1619,0.1288,0.0902,-0.1422,IDLE,1,0,step_done_latches_cleared,0,0,0.000,0,nan,nan,nan,0.0000,0,5,0.6050,0.5642,0.5301,0.5642,0.0408,本圈台阶完成,1,0.0000,0.150,0.330
511.214,SEEK_ROUNDABOUT,28.773,0,1.628,tracking,0.1700,-0.1337,1,line_curve_center_riding,0.1167,0.1146,0.1271,-0.1125,0.9555,8,0.0125,0.2395,0.2270,0.0431,-0.1337,IDLE,1,0,step_done_latches_cleared,0,0,0.000,0,nan,nan,nan,0.0000,0,5,0.6050,0.5642,0.5301,0.5642,0.0408,本圈台阶完成,1,0.0000,0.150,0.330
511.353,SEEK_ROUNDABOUT,28.911,0,1.668,tracking,0.1700,-0.1246,1,line_curve_center_riding,0.1074,0.1121,0.0844,-0.2216,0.9476,8,0.0277,0.3060,0.3337,-0.0083,-0.1246,IDLE,1,0,step_done_latches_cleared,0,0,0.000,0,nan,nan,nan,0.0000,0,5,0.6050,0.5642,0.5301,0.5642,0.0408,本圈台阶完成,1,0.0000,0.150,0.330
511.498,SEEK_ROUNDABOUT,29.056,0,1.712,tracking,0.1450,-0.1071,1,line_curve_center_riding,0.0842,0.1001,0.0067,-0.3402,0.8663,7,0.0934,0.3468,0.4402,-0.0778,-0.1071,IDLE,1,0,step_done_latches_cleared,0,0,0.000,0,nan,nan,nan,0.0000,0,5,0.6050,0.5642,0.5301,0.5642,0.0408,本圈台阶完成,1,0.0000,0.150,0.330
511.628,SEEK_ROUNDABOUT,29.186,0,1.758,tracking,0.1700,-0.0782,1,line_curve_center_riding,0.0482,0.0723,-0.0693,-0.2416,0.7864,6,0.1416,0.1724,0.3139,-0.0795,-0.0782,IDLE,1,0,step_done_latches_cleared,0,0,0.000,0,nan,nan,nan,0.0000,0,5,0.6050,0.5642,0.5301,0.5642,0.0408,本圈台阶完成,1,0.0000,0.150,0.330
511.758,SEEK_ROUNDABOUT,29.317,0,1.802,tracking,0.1450,-0.0499,1,line_curve_center_riding,0.0212,0.0552,-0.1446,-0.6946,0.8357,7,0.1997,0.5500,0.7497,-0.2613,-0.0499,IDLE,1,0,step_done_latches_cleared,0,0,0.000,0,nan,nan,nan,0.0000,0,5,0.6050,0.5642,0.5301,0.5642,0.0408,本圈台阶完成,1,0.0000,0.150,0.330
511.888,SEEK_ROUNDABOUT,29.446,0,1.849,tracking,0.1450,-0.0071,1,line_curve_center_riding,-0.0298,0.0194,-0.2698,-0.5702,0.7482,6,0.2892,0.3004,0.5896,-0.2735,-0.0071,IDLE,1,0,step_done_latches_cleared,0,0,0.000,0,nan,nan,nan,0.0000,0,5,0.6050,0.5642,0.5301,0.5642,0.0408,本圈台阶完成,1,0.0000,0.150,0.330
512.024,SEEK_ROUNDABOUT,29.582,0,1.884,tracking,0.1450,0.0510,1,line_curve_center_riding,-0.0974,-0.0404,-0.3753,-0.7470,0.7350,6,0.3349,0.3717,0.7066,-0.3876,0.0510,IDLE,1,0,step_done_latches_cleared,0,0,0.000,0,nan,nan,nan,0.0000,0,5,0.6050,0.5642,0.5301,0.5642,0.0408,本圈台阶完成,1,0.0000,0.150,0.330
512.159,SEEK_ROUNDABOUT,29.717,0,1.933,tracking,0.1450,0.1162,1,line_curve_center_riding,-0.1646,-0.0897,-0.5305,-0.6245,0.6492,5,0.4407,0.0940,0.5348,-0.4149,0.1162,IDLE,1,0,step_done_latches_cleared,0,0,0.000,0,nan,nan,nan,0.0000,0,5,0.6050,0.5642,0.5301,0.5642,0.0408,本圈台阶完成,1,0.0000,0.150,0.330
512.290,SEEK_ROUNDABOUT,29.849,0,1.977,tracking,0.1450,0.1879,1,line_curve_center_riding,-0.2366,-0.1569,-0.6259,-0.7126,0.6408,5,0.4691,0.0867,0.5558,-0.4985,0.1879,IDLE,1,0,step_done_latches_cleared,0,0,0.000,0,nan,nan,nan,0.0000,0,5,0.6050,0.5642,0.5301,0.5642,0.0408,本圈台阶完成,1,0.0000,0.150,0.330
512.432,SEEK_ROUNDABOUT,29.991,0,2.022,tracking,0.1450,0.2350,1,line_curve_center_riding,-0.2625,-0.2024,-0.5561,-0.5561,0.5598,4,0.3537,0.0000,0.3537,-0.4382,0.2350,IDLE,1,0,step_done_latches_cleared,0,0,0.000,0,nan,nan,nan,0.0000,0,5,0.6050,0.5642,0.5301,0.5642,0.0408,本圈台阶完成,1,0.0000,0.150,0.330
512.561,SEEK_ROUNDABOUT,30.119,0,2.060,tracking,0.1450,0.2806,1,line_curve_center_riding,-0.3000,-0.2451,-0.5684,-0.5684,0.5672,4,0.3233,0.0000,0.3233,-0.4606,0.2806,IDLE,1,0,step_done_latches_cleared,0,0,0.000,0,nan,nan,nan,0.0000,0,5,0.6050,0.5642,0.5301,0.5642,0.0408,本圈台阶完成,1,0.0000,0.150,0.330
512.695,SEEK_ROUNDABOUT,30.253,0,2.096,tracking,0.1450,0.3021,1,line_curve_center_riding,-0.3014,-0.2352,-0.6247,-0.6247,0.5515,4,0.3895,0.0000,0.3895,-0.4949,0.3021,IDLE,1,0,step_done_latches_cleared,0,0,0.000,0,nan,nan,nan,0.0000,0,5,0.6050,0.5642,0.5301,0.5642,0.0408,本圈台阶完成,1,0.0000,0.150,0.330
512.824,SEEK_ROUNDABOUT,30.382,0,2.123,tracking,0.1450,0.3126,1,line_curve_center_riding,-0.3000,-0.2130,-0.7249,-0.7249,0.5268,4,0.5119,0.0000,0.5119,-0.5542,0.3126,IDLE,1,0,step_done_latches_cleared,0,0,0.000,0,nan,nan,nan,0.0000,0,5,0.6050,0.5642,0.5301,0.5642,0.0408,本圈台阶完成,1,0.0000,0.150,0.330
512.956,SEEK_ROUNDABOUT,30.515,0,2.151,tracking,0.1450,0.3059,1,line_curve_center_riding,-0.2792,-0.2023,-0.6543,-0.6543,0.5355,4,0.4520,0.0000,0.4520,-0.5036,0.3059,IDLE,1,0,step_done_latches_cleared,0,0,0.000,0,nan,nan,nan,0.0000,0,5,0.6050,0.5642,0.5301,0.5642,0.0408,本圈台阶完成,1,0.0000,0.150,0.330
513.089,SEEK_ROUNDABOUT,30.647,0,2.175,tracking,0.1450,0.2869,1,line_curve_center_riding,-0.2502,-0.1616,-0.6826,-0.6826,0.5283,4,0.5210,0.0000,0.5210,-0.5090,0.2869,IDLE,1,0,step_done_latches_cleared,0,0,0.000,0,nan,nan,nan,0.0000,0,5,0.6050,0.5642,0.5301,0.5642,0.0408,本圈台阶完成,1,0.0000,0.150,0.330
513.217,SEEK_ROUNDABOUT,30.776,0,2.192,tracking,0.1450,0.2407,1,line_curve_center_riding,-0.1851,-0.1019,-0.5914,-0.5914,0.5364,4,0.4895,0.0000,0.4895,-0.4282,0.2407,IDLE,1,0,step_done_latches_cleared,0,0,0.000,0,nan,nan,nan,0.0000,0,5,0.6050,0.5642,0.5301,0.5642,0.0408,本圈台阶完成,1,0.0000,0.150,0.330
513.347,SEEK_ROUNDABOUT,30.906,0,2.207,tracking,0.1450,0.2092,1,line_curve_center_riding,-0.1647,-0.0859,-0.5494,-0.5494,0.5402,4,0.4634,0.0000,0.4634,-0.3949,0.2092,IDLE,1,0,step_done_latches_cleared,0,0,0.000,0,nan,nan,nan,0.0000,0,5,0.6050,0.5642,0.5301,0.5642,0.0408,本圈台阶完成,1,0.0000,0.150,0.330
513.482,SEEK_ROUNDABOUT,31.041,0,2.218,tracking,0.1300,0.1892,1,line_curve_center_riding,-0.1560,-0.0367,-0.7386,-0.8758,0.5972,5,0.7019,0.1372,0.8391,-0.5504,0.1892,IDLE,1,0,step_done_latches_cleared,0,0,0.000,0,nan,nan,nan,0.0000,0,5,0.6050,0.5642,0.5301,0.5642,0.0408,本圈台阶完成,1,0.0000,0.150,0.330
513.626,SEEK_ROUNDABOUT,31.185,0,2.228,tracking,0.1365,0.1567,1,line_curve_center_riding,-0.1169,-0.0041,-0.6678,-0.8167,0.6023,5,0.6637,0.1489,0.8126,-0.4962,0.1567,IDLE,1,0,step_done_latches_cleared,0,0,0.000,0,nan,nan,nan,0.0000,0,5,0.6050,0.5642,0.5301,0.5642,0.0408,本圈台阶完成,1,0.0000,0.150,0.330
513.766,SEEK_ROUNDABOUT,31.324,0,2.232,tracking,0.1399,0.1198,1,line_curve_center_riding,-0.0786,0.0309,-0.6132,-0.7354,0.6057,5,0.6441,0.1222,0.7664,-0.4392,0.1198,IDLE,1,0,step_done_latches_cleared,0,0,0.000,0,nan,nan,nan,0.0000,0,5,0.6050,0.5642,0.5301,0.5642,0.0408,本圈台阶完成,1,0.0000,0.150,0.330
513.855,SEEK_ROUNDABOUT,31.414,0,2.233,tracking,0.1450,0.0811,1,line_curve_center_riding,-0.0449,0.0513,-0.5145,-0.6176,0.6228,5,0.5658,0.1031,0.6689,-0.3603,0.0811,IDLE,1,0,step_done_latches_cleared,0,0,0.000,0,nan,nan,nan,0.0000,0,5,0.6050,0.5642,0.5301,0.5642,0.0408,本圈台阶完成,1,0.0000,0.150,0.330
513.998,SEEK_ROUNDABOUT,31.556,0,2.235,tracking,0.1450,0.0460,1,line_curve_center_riding,-0.0091,0.0897,-0.4913,-0.6039,0.6216,5,0.5810,0.1126,0.6936,-0.3352,0.0460,IDLE,1,0,step_done_latches_cleared,0,0,0.000,0,nan,nan,nan,0.0000,0,5,0.6050,0.5642,0.5301,0.5642,0.0408,本圈台阶完成,1,0.0000,0.150,0.330
514.146,SEEK_ROUNDABOUT,31.704,0,2.237,tracking,0.1450,0.0203,1,line_curve_center_riding,0.0056,0.0998,-0.4546,-0.5643,0.6248,5,0.5544,0.1097,0.6641,-0.3064,0.0203,IDLE,1,0,step_done_latches_cleared,0,0,0.000,0,nan,nan,nan,0.0000,0,5,0.6050,0.5642,0.5301,0.5642,0.0408,本圈台阶完成,1,0.0000,0.150,0.330
514.290,SEEK_ROUNDABOUT,31.849,0,2.239,tracking,0.1450,-0.0032,1,line_curve_center_riding,0.0242,0.1161,-0.4241,-0.5312,0.6270,5,0.5402,0.1071,0.6473,-0.2797,-0.0032,IDLE,1,0,step_done_latches_cleared,0,0,0.000,0,nan,nan,nan,0.0000,0,5,0.6050,0.5642,0.5301,0.5642,0.0408,本圈台阶完成,1,0.0000,0.150,0.330
514.431,SEEK_ROUNDABOUT,31.989,0,2.242,tracking,0.1450,-0.0223,1,line_curve_center_riding,0.0382,0.1289,-0.4045,-0.5093,0.6283,5,0.5334,0.1048,0.6382,-0.2617,-0.0223,IDLE,1,0,step_done_latches_cleared,0,0,0.000,0,nan,nan,nan,0.0000,0,5,0.6050,0.5642,0.5301,0.5642,0.0408,本圈台阶完成,1,0.0000,0.150,0.330
514.588,SEEK_ROUNDABOUT,32.147,0,2.247,tracking,0.1450,-0.0256,1,line_curve_center_riding,0.0282,0.1210,-0.4249,-0.5313,0.6259,5,0.5459,0.1064,0.6523,-0.2784,-0.0256,IDLE,1,0,step_done_latches_cleared,0,0,0.000,0,nan,nan,nan,0.0000,0,5,0.6050,0.5642,0.5301,0.5642,0.0408,本圈台阶完成,1,0.0000,0.150,0.330
514.730,SEEK_ROUNDABOUT,32.289,0,2.255,tracking,0.1450,-0.0210,1,line_curve_center_riding,0.0162,0.1138,-0.4603,-0.5678,0.6227,5,0.5742,0.1075,0.6816,-0.3048,-0.0210,IDLE,1,0,step_done_latches_cleared,0,0,0.000,0,nan,nan,nan,0.0000,0,5,0.6050,0.5642,0.5301,0.5642,0.0408,本圈台阶完成,1,0.0000,0.150,0.330
514.861,SEEK_ROUNDABOUT,32.419,0,2.262,tracking,0.1450,0.0068,1,line_curve_center_riding,-0.0285,0.0731,-0.5241,-0.6417,0.6155,5,0.5971,0.1176,0.7147,-0.3642,0.0068,IDLE,1,0,step_done_latches_cleared,0,0,0.000,0,nan,nan,nan,0.0000,0,5,0.6050,0.5642,0.5301,0.5642,0.0408,本圈台阶完成,1,0.0000,0.150,0.330
514.958,SEEK_ROUNDABOUT,32.517,0,2.271,tracking,0.1450,0.0400,1,line_curve_center_riding,-0.0632,0.0377,-0.5559,-0.6652,0.6158,5,0.5935,0.1094,0.7029,-0.3945,0.0400,IDLE,1,0,step_done_latches_cleared,0,0,0.000,0,nan,nan,nan,0.0000,0,5,0.6050,0.5642,0.5301,0.5642,0.0408,本圈台阶完成,1,0.0000,0.150,0.330
515.114,SEEK_ROUNDABOUT,32.672,0,2.285,tracking,0.1450,0.0746,1,line_curve_center_riding,-0.1017,0.0014,-0.6049,-0.7265,0.6117,5,0.6064,0.1215,0.7279,-0.4433,0.0746,IDLE,1,0,step_done_latches_cleared,0,0,0.000,0,nan,nan,nan,0.0000,0,5,0.6050,0.5642,0.5301,0.5642,0.0408,本圈台阶完成,1,0.0000,0.150,0.330
515.251,SEEK_ROUNDABOUT,32.809,0,2.301,tracking,0.1389,0.1263,1,line_curve_center_riding,-0.1611,-0.0506,-0.7005,-0.7984,0.6066,5,0.6499,0.0980,0.7479,-0.5165,0.1263,IDLE,1,0,step_done_latches_cleared,0,0,0.000,0,nan,nan,nan,0.0000,0,5,0.6050,0.5642,0.5301,0.5642,0.0408,本圈台阶完成,1,0.0000,0.150,0.330
515.388,SEEK_ROUNDABOUT,32.947,0,2.318,tracking,0.1450,0.1436,1,line_curve_center_riding,-0.1515,-0.0620,-0.5885,-0.5885,0.5205,4,0.5265,0.0000,0.5265,-0.4130,0.1436,IDLE,1,0,step_done_latches_cleared,0,0,0.000,0,nan,nan,nan,0.0000,0,5,0.6050,0.5642,0.5301,0.5642,0.0408,本圈台阶完成,1,0.0000,0.150,0.330
515.519,SEEK_ROUNDABOUT,33.077,0,2.334,tracking,0.1450,0.1842,1,line_curve_center_riding,-0.2044,-0.1149,-0.6414,-0.6414,0.5159,4,0.5265,0.0000,0.5265,-0.4659,0.1842,IDLE,1,0,step_done_latches_cleared,0,0,0.000,0,nan,nan,nan,0.0000,0,5,0.6050,0.5642,0.5301,0.5642,0.0408,本圈台阶完成,1,0.0000,0.150,0.330
515.672,SEEK_ROUNDABOUT,33.230,0,2.361,tracking,0.1450,0.2258,1,line_curve_center_riding,-0.2468,-0.1532,-0.7042,-0.7042,0.5139,4,0.5510,0.0000,0.5510,-0.5205,0.2258,IDLE,1,0,step_done_latches_cleared,0,0,0.000,0,nan,nan,nan,0.0000,0,5,0.6050,0.5642,0.5301,0.5642,0.0408,本圈台阶完成,1,0.0000,0.150,0.330
515.798,SEEK_ROUNDABOUT,33.356,0,2.381,tracking,0.1450,0.2610,1,line_curve_center_riding,-0.2726,-0.1894,-0.6790,-0.6790,0.5286,4,0.4896,0.0000,0.4896,-0.5158,0.2610,IDLE,1,0,step_done_latches_cleared,0,0,0.000,0,nan,nan,nan,0.0000,0,5,0.6050,0.5642,0.5301,0.5642,0.0408,本圈台阶完成,1,0.0000,0.150,0.330
515.939,SEEK_ROUNDABOUT,33.498,0,2.405,tracking,0.1450,0.3051,1,line_curve_center_riding,-0.3215,-0.2354,-0.7417,-0.7417,0.5141,4,0.5063,0.0000,0.5063,-0.5729,0.3051,IDLE,1,0,step_done_latches_cleared,0,0,0.000,0,nan,nan,nan,0.0000,0,5,0.6050,0.5642,0.5301,0.5642,0.0408,本圈台阶完成,1,0.0000,0.150,0.330
516.068,SEEK_ROUNDABOUT,33.627,0,2.433,tracking,0.1450,0.3399,1,line_curve_center_riding,-0.3459,-0.2700,-0.7165,-0.7165,0.5257,4,0.4464,0.0000,0.4464,-0.5677,0.3399,IDLE,1,0,step_done_latches_cleared,0,0,0.000,0,nan,nan,nan,0.0000,0,5,0.6050,0.5642,0.5301,0.5642,0.0408,本圈台阶完成,1,0.0000,0.150,0.330
516.207,SEEK_ROUNDABOUT,33.766,0,2.459,tracking,0.1616,0.3436,1,line_curve_center_riding,-0.3248,-0.2860,-0.5143,-0.5143,0.4496,3,0.2283,0.0000,0.2283,-0.4382,0.3436,IDLE,1,0,step_done_latches_cleared,0,0,0.000,0,nan,nan,nan,0.0000,0,5,0.6050,0.5642,0.5301,0.5642,0.0408,本圈台阶完成,1,0.0000,0.150,0.330
516.339,SEEK_ROUNDABOUT,33.897,0,2.481,tracking,0.1450,0.3817,1,line_curve_center_riding,-0.3840,-0.3110,-0.7402,-0.7402,0.5389,4,0.4292,0.0000,0.4292,-0.5971,0.3817,IDLE,1,0,step_done_latches_cleared,0,0,0.000,0,nan,nan,nan,0.0000,0,5,0.6050,0.5642,0.5301,0.5642,0.0408,本圈台阶完成,1,0.0000,0.150,0.330
516.471,SEEK_ROUNDABOUT,34.030,0,2.511,tracking,0.1450,0.4046,1,line_curve_center_riding,-0.3961,-0.3331,-0.7040,-0.7040,0.5499,4,0.3709,0.0000,0.3709,-0.5803,0.4046,IDLE,1,0,step_done_latches_cleared,0,0,0.000,0,nan,nan,nan,0.0000,0,5,0.6050,0.5642,0.5301,0.5642,0.0408,本圈台阶完成,1,0.0000,0.150,0.330
516.611,SEEK_ROUNDABOUT,34.170,0,2.543,tracking,0.1488,0.3935,1,line_center_tracking,-0.3580,-0.3510,-0.3759,-0.3759,0.4048,2,0.0249,0.0000,0.0249,-0.3676,0.3935,IDLE,1,0,step_done_latches_cleared,0,0,0.000,0,nan,nan,nan,0.0000,0,5,0.6050,0.5642,0.5301,0.5642,0.0408,本圈台阶完成,1,0.0000,0.150,0.330
516.740,SEEK_ROUNDABOUT,34.299,0,2.571,tracking,0.1482,0.3957,1,line_center_tracking,-0.3674,-0.3597,-0.3874,-0.3874,0.3971,2,0.0277,0.0000,0.0277,-0.3782,0.3957,IDLE,1,0,step_done_latches_cleared,0,0,0.000,0,nan,nan,nan,0.0000,0,5,0.6050,0.5642,0.5301,0.5642,0.0408,本圈台阶完成,1,0.0000,0.150,0.330
516.866,SEEK_ROUNDABOUT,34.424,0,2.598,tracking,0.1450,0.4074,1,line_curve_center_riding,-0.3864,-0.3308,-0.6580,-0.7859,0.5600,4,0.3271,0.1279,0.4551,-0.5916,0.4074,IDLE,1,0,step_done_latches_cleared,0,0,0.000,0,nan,nan,nan,0.0000,0,5,0.6050,0.5642,0.5301,0.5642,0.0408,本圈台阶完成,1,0.0000,0.150,0.330
517.004,SEEK_ROUNDABOUT,34.563,0,2.627,tracking,0.1450,0.3898,1,line_curve_center_riding,-0.3481,-0.2939,-0.6127,-0.6461,0.5704,4,0.3188,0.0334,0.3522,-0.5176,0.3898,IDLE,1,0,step_done_latches_cleared,0,0,0.000,0,nan,nan,nan,0.0000,0,5,0.6050,0.5642,0.5301,0.5642,0.0408,本圈台阶完成,1,0.0000,0.150,0.330
517.155,SEEK_ROUNDABOUT,34.713,0,2.675,tracking,0.1450,0.3664,1,line_curve_center_riding,-0.3188,-0.2778,-0.5189,-0.7230,0.4762,3,0.2411,0.2040,0.4452,-0.5066,0.3664,IDLE,1,0,step_done_latches_cleared,0,0,0.000,0,nan,nan,nan,0.0000,0,5,0.6050,0.5642,0.5301,0.5642,0.0408,本圈台阶完成,1,0.0000,0.150,0.330
517.284,SEEK_ROUNDABOUT,34.843,0,2.703,tracking,0.1702,0.3102,1,line_center_tracking,-0.2413,-0.2097,-0.3228,-0.3228,0.4171,2,0.1132,0.0000,0.1132,-0.2851,0.3102,IDLE,1,0,step_done_latches_cleared,0,0,0.000,0,nan,nan,nan,0.0000,0,5,0.6050,0.5642,0.5301,0.5642,0.0408,本圈台阶完成,1,0.0000,0.150,0.330
517.408,SEEK_ROUNDABOUT,34.966,0,2.738,tracking,0.1756,0.2895,1,line_center_tracking,-0.2469,-0.2262,-0.3001,-0.3001,0.4177,2,0.0740,0.0000,0.0740,-0.2755,0.2895,IDLE,1,0,step_done_latches_cleared,0,0,0.000,0,nan,nan,nan,0.0000,0,5,0.6050,0.5642,0.5301,0.5642,0.0408,本圈台阶完成,1,0.0000,0.150,0.330
517.535,SEEK_ROUNDABOUT,35.093,0,2.766,tracking,0.1700,0.2578,1,line_curve_center_riding,-0.2114,-0.1730,-0.3987,-0.5703,0.7761,6,0.2257,0.1716,0.3973,-0.3807,0.2578,IDLE,1,0,step_done_latches_cleared,0,0,0.000,0,nan,nan,nan,0.0000,0,5,0.6050,0.5642,0.5301,0.5642,0.0408,本圈台阶完成,1,0.0000,0.150,0.330
517.670,SEEK_ROUNDABOUT,35.228,0,2.794,tracking,0.1700,0.2304,1,line_curve_center_riding,-0.1884,-0.1603,-0.3258,-0.4091,0.6063,4,0.1655,0.0833,0.2488,-0.2984,0.2304,IDLE,1,0,step_done_latches_cleared,0,0,0.000,0,nan,nan,nan,0.0000,0,5,0.6050,0.5642,0.5301,0.5642,0.0408,本圈台阶完成,1,0.0000,0.150,0.330
517.808,SEEK_ROUNDABOUT,35.366,0,2.822,tracking,0.1700,0.1920,1,line_curve_center_riding,-0.1446,-0.1196,-0.2664,-0.3435,0.5137,3,0.1468,0.0771,0.2239,-0.2432,0.1920,IDLE,1,0,step_done_latches_cleared,0,0,0.000,0,nan,nan,nan,0.0000,0,5,0.6050,0.5642,0.5301,0.5642,0.0408,本圈台阶完成,1,0.0000,0.150,0.330
517.935,ROUNDABOUT_APPROACH,0.000,0,2.842,tracking,0.1700,0.1350,1,line_curve_center_riding,-0.1250,-0.0888,-0.3018,-0.4537,0.6870,5,0.2130,0.1519,0.3650,-0.2814,0.1350,IDLE,1,0,step_done_latches_cleared,0,0,0.000,0,nan,nan,nan,0.0000,0,5,0.6050,0.5642,0.5301,0.5642,0.0408,本圈台阶完成,1,0.0000,0.150,0.330
518.072,ROUNDABOUT_APPROACH,0.137,0,2.842,tracking,0.1700,0.1243,1,line_curve_center_riding,-0.1066,-0.0679,-0.2955,-0.4232,0.4828,3,0.2276,0.1277,0.3553,-0.2622,0.1243,IDLE,1,0,step_done_latches_cleared,0,0,0.000,0,nan,nan,nan,0.0000,0,5,0.6050,0.5642,0.5301,0.5642,0.0408,本圈台阶完成,1,0.0000,0.150,0.330
518.211,ROUNDABOUT_APPROACH,0.277,0,2.842,tracking,0.1700,0.0972,1,line_curve_center_riding,-0.0675,-0.0467,-0.1694,-0.1694,0.5194,3,0.1227,0.0000,0.1227,-0.1285,0.0972,IDLE,1,0,step_done_latches_cleared,0,0,0.000,0,nan,nan,nan,0.0000,0,5,0.6050,0.5642,0.5301,0.5642,0.0408,本圈台阶完成,1,0.0000,0.150,0.330
518.350,ROUNDABOUT_APPROACH,0.415,0,2.842,tracking,0.1700,0.0706,1,line_curve_center_riding,-0.0419,-0.0148,-0.1741,-0.3063,0.7840,6,0.1593,0.1322,0.2915,-0.1651,0.0706,IDLE,1,0,step_done_latches_cleared,0,0,0.000,0,nan,nan,nan,0.0000,0,5,0.6050,0.5642,0.5301,0.5642,0.0408,本圈台阶完成,1,0.0000,0.150,0.330
518.492,ROUNDABOUT_APPROACH,0.557,0,2.842,tracking,0.1700,0.0587,1,line_curve_center_riding,-0.0422,-0.0211,-0.1454,-0.2660,0.6076,4,0.1243,0.1206,0.2449,-0.1442,0.0587,IDLE,1,0,step_done_latches_cleared,0,0,0.000,0,nan,nan,nan,0.0000,0,5,0.6050,0.5642,0.5301,0.5642,0.0408,本圈台阶完成,1,0.0000,0.150,0.330
518.621,ROUNDABOUT_APPROACH,0.687,0,2.842,tracking,0.1700,0.0521,1,line_curve_center_riding,-0.0418,-0.0230,-0.1334,-0.2510,0.7023,5,0.1104,0.1176,0.2280,-0.1358,0.0521,IDLE,1,0,step_done_latches_cleared,0,0,0.000,0,nan,nan,nan,0.0000,0,5,0.6050,0.5642,0.5301,0.5642,0.0408,本圈台阶完成,1,0.0000,0.150,0.330
518.762,ROUNDABOUT_APPROACH,0.827,0,2.842,tracking,0.1700,0.0436,1,line_curve_center_riding,-0.0330,-0.0153,-0.1190,-0.2350,0.7032,5,0.1036,0.1160,0.2196,-0.1231,0.0436,IDLE,1,0,step_done_latches_cleared,0,0,0.000,0,nan,nan,nan,0.0000,0,5,0.6050,0.5642,0.5301,0.5642,0.0408,本圈台阶完成,1,0.0000,0.150,0.330
518.895,ROUNDABOUT_APPROACH,0.960,0,2.842,tracking,0.2205,0.0473,1,line_center_tracking,-0.0459,-0.0210,-0.1100,-0.1247,0.5389,3,0.0890,0.0147,0.1037,-0.0853,0.0473,IDLE,1,0,step_done_latches_cleared,0,0,0.000,0,nan,nan,nan,0.0000,0,5,0.6050,0.5642,0.5301,0.5642,0.0408,本圈台阶完成,1,0.0000,0.150,0.330
519.023,ROUNDABOUT_APPROACH,1.088,0,2.842,tracking,0.1717,0.0334,1,line_curve_center_riding,-0.0203,-0.0045,-0.0973,-0.2036,0.7959,6,0.0928,0.1063,0.1991,-0.1018,0.0334,IDLE,1,0,step_done_latches_cleared,0,0,0.000,0,nan,nan,nan,0.0000,0,5,0.6050,0.5642,0.5301,0.5642,0.0408,本圈台阶完成,1,0.0000,0.150,0.330
519.162,ROUNDABOUT_APPROACH,1.227,0,2.842,tracking,0.2224,0.0289,1,line_center_tracking,-0.0219,0.0054,-0.0922,-0.1307,0.6222,4,0.0976,0.0385,0.1361,-0.0725,0.0289,IDLE,1,0,step_done_latches_cleared,0,0,0.000,0,nan,nan,nan,0.0000,0,5,0.6050,0.5642,0.5301,0.5642,0.0408,本圈台阶完成,1,0.0000,0.150,0.330
519.299,ROUNDABOUT_APPROACH,1.364,0,2.842,tracking,0.2339,0.0199,1,line_center_tracking,-0.0109,0.0155,-0.0787,-0.1214,0.6225,4,0.0943,0.0426,0.1369,-0.0615,0.0199,IDLE,1,0,step_done_latches_cleared,0,0,0.000,0,nan,nan,nan,0.0000,0,5,0.6050,0.5642,0.5301,0.5642,0.0408,本圈台阶完成,1,0.0000,0.150,0.330
519.438,ROUNDABOUT_APPROACH,1.503,0,2.842,tracking,0.1832,0.0236,1,line_curve_center_riding,-0.0240,0.0107,-0.1930,-0.2485,0.4934,3,0.2037,0.0555,0.2591,-0.1436,0.0236,IDLE,1,0,step_done_latches_cleared,0,0,0.000,0,nan,nan,nan,0.0000,0,5,0.6050,0.5642,0.5301,0.5642,0.0408,本圈台阶完成,1,0.0000,0.150,0.330
519.580,ROUNDABOUT_APPROACH,1.645,0,2.842,tracking,0.1700,0.0226,1,line_curve_center_riding,-0.0203,0.0056,-0.1470,-0.2269,0.7673,6,0.1526,0.0798,0.2325,-0.1228,0.0226,IDLE,1,0,step_done_latches_cleared,0,0,0.000,0,nan,nan,nan,0.0000,0,5,0.6050,0.5642,0.5301,0.5642,0.0408,本圈台阶完成,1,0.0000,0.150,0.330
519.711,ROUNDABOUT_APPROACH,1.776,0,2.842,tracking,0.1700,0.0173,1,line_curve_center_riding,-0.0119,0.0084,-0.1107,-0.2061,0.7099,5,0.1191,0.0954,0.2144,-0.1028,0.0173,IDLE,1,0,step_done_latches_cleared,0,0,0.000,0,nan,nan,nan,0.0000,0,5,0.6050,0.5642,0.5301,0.5642,0.0408,本圈台阶完成,1,0.0000,0.150,0.330
519.848,ROUNDABOUT_APPROACH,1.913,0,2.842,tracking,0.1700,0.0153,1,line_curve_center_riding,-0.0121,0.0104,-0.1220,-0.2028,0.7084,5,0.1324,0.0808,0.2132,-0.1048,0.0153,IDLE,1,0,step_done_latches_cleared,0,0,0.000,0,nan,nan,nan,0.0000,0,5,0.6050,0.5642,0.5301,0.5642,0.0408,本圈台阶完成,1,0.0000,0.150,0.330
519.978,ROUNDABOUT_APPROACH,2.043,0,2.842,tracking,0.1700,0.0278,1,line_curve_center_riding,-0.0353,0.0093,-0.2534,-0.2534,0.5999,4,0.2627,0.0000,0.2627,-0.1658,0.0278,IDLE,1,0,step_done_latches_cleared,0,0,0.000,0,nan,nan,nan,0.0000,0,5,0.6050,0.5642,0.5301,0.5642,0.0408,本圈台阶完成,1,0.0000,0.150,0.330
520.107,ROUNDABOUT_APPROACH,2.173,0,2.842,tracking,0.2192,0.0326,1,line_center_tracking,-0.0351,-0.0267,-0.0566,-0.0566,0.4518,2,0.0299,0.0000,0.0299,-0.0467,0.0326,IDLE,1,0,step_done_latches_cleared,0,0,0.000,0,nan,nan,nan,0.0000,0,5,0.6050,0.5642,0.5301,0.5642,0.0408,本圈台阶完成,1,0.0000,0.150,0.330
520.247,ROUNDABOUT_APPROACH,2.312,0,2.842,tracking,0.1700,0.2077,1,line_curve_center_riding,-0.3325,-0.3689,-0.1549,-0.2262,0.6721,5,0.2140,0.0713,0.1427,-0.2500,0.2077,IDLE,1,0,step_done_latches_cleared,0,0,0.000,0,nan,nan,nan,0.0000,0,5,0.6050,0.5642,0.5301,0.5642,0.0408,本圈台阶完成,1,0.0000,0.150,0.330
520.394,ROUNDABOUT_APPROACH,2.459,0,2.842,tracking,0.1450,0.1102,1,line_curve_center_riding,-0.0385,0.0127,-0.2887,-0.2887,0.3209,2,0.3014,0.0000,0.3014,-0.1882,0.1102,IDLE,1,0,step_done_latches_cleared,0,0,0.000,0,nan,nan,nan,0.0000,0,5,0.6050,0.5642,0.5301,0.5642,0.0408,本圈台阶完成,1,0.0000,0.150,0.330
520.519,ROUNDABOUT_APPROACH,2.584,0,2.842,tracking,0.1925,0.1754,1,line_center_tracking,-0.2068,-0.1993,-0.2262,-0.2262,0.3992,2,0.0269,0.0000,0.0269,-0.2172,0.1754,IDLE,1,0,step_done_latches_cleared,0,0,0.000,0,nan,nan,nan,0.0000,0,5,0.6050,0.5642,0.5301,0.5642,0.0408,本圈台阶完成,1,0.0000,0.150,0.330
520.653,ROUNDABOUT_APPROACH,2.718,0,2.842,tracking,0.2140,0.1399,1,line_center_tracking,-0.1069,-0.1283,-0.0517,-0.1397,0.7021,5,0.0766,0.0880,0.0114,-0.1066,0.1399,IDLE,1,0,step_done_latches_cleared,0,0,0.000,0,nan,nan,nan,0.0000,0,5,0.6050,0.5642,0.5301,0.5642,0.0408,本圈台阶完成,1,0.0000,0.150,0.330
520.782,ROUNDABOUT_APPROACH,2.847,0,2.842,tracking,0.2308,0.0748,1,line_center_tracking,-0.0158,0.0023,-0.0623,-0.0996,0.7134,5,0.0646,0.0373,0.1019,-0.0532,0.0748,IDLE,1,0,step_done_latches_cleared,0,0,0.000,0,nan,nan,nan,0.0000,0,5,0.6050,0.5642,0.5301,0.5642,0.0408,本圈台阶完成,1,0.0000,0.150,0.330
520.910,ROUNDABOUT_APPROACH,2.975,0,2.842,tracking,0.2375,0.0488,1,line_center_tracking,-0.0187,-0.0058,-0.0520,-0.0612,0.8065,6,0.0462,0.0092,0.0554,-0.0397,0.0488,IDLE,1,0,step_done_latches_cleared,0,0,0.000,0,nan,nan,nan,0.0000,0,5,0.6050,0.5642,0.5301,0.5642,0.0408,本圈台阶完成,1,0.0000,0.150,0.330
521.049,ROUNDABOUT_APPROACH,3.114,0,2.842,tracking,0.2379,0.0083,1,line_center_tracking,0.0277,0.0475,-0.0232,-0.0293,0.8026,6,0.0706,0.0061,0.0768,-0.0017,0.0083,IDLE,1,0,step_done_latches_cleared,0,0,0.000,0,nan,nan,nan,0.0000,0,5,0.6050,0.5642,0.5301,0.5642,0.0408,本圈台阶完成,1,0.0000,0.150,0.330
521.187,ROUNDABOUT_APPROACH,3.252,0,2.842,tracking,0.2423,-0.0152,1,line_center_tracking,0.0365,0.0395,0.0290,-0.0046,0.7291,5,0.0105,0.0336,0.0440,0.0213,-0.0152,IDLE,1,0,step_done_latches_cleared,0,0,0.000,0,nan,nan,nan,0.0000,0,5,0.6050,0.5642,0.5301,0.5642,0.0408,本圈台阶完成,1,0.0000,0.150,0.330
521.319,ROUNDABOUT_APPROACH,3.384,0,2.842,tracking,0.2412,-0.0255,1,line_center_tracking,0.0341,0.0452,0.0057,-0.0025,0.7194,5,0.0395,0.0082,0.0477,0.0161,-0.0255,IDLE,1,0,step_done_latches_cleared,0,0,0.000,0,nan,nan,nan,0.0000,0,5,0.6050,0.5642,0.5301,0.5642,0.0408,本圈台阶完成,1,0.0000,0.150,0.330
521.458,ROUNDABOUT_APPROACH,3.524,0,2.842,tracking,0.2331,-0.0260,1,line_center_tracking,0.0256,0.0533,-0.0454,-0.0484,0.6921,5,0.0987,0.0029,0.1016,-0.0135,-0.0260,IDLE,1,0,step_done_latches_cleared,0,0,0.000,0,nan,nan,nan,0.0000,0,5,0.6050,0.5642,0.5301,0.5642,0.0408,本圈台阶完成,1,0.0000,0.150,0.330
521.593,ROUNDABOUT_APPROACH,3.658,0,2.842,tracking,0.2394,-0.0356,1,line_center_tracking,0.0407,0.0544,0.0053,-0.0229,0.8121,6,0.0491,0.0282,0.0773,0.0123,-0.0356,IDLE,1,0,step_done_latches_cleared,0,0,0.000,0,nan,nan,nan,0.0000,0,5,0.6050,0.5642,0.5301,0.5642,0.0408,本圈台阶完成,1,0.0000,0.150,0.330
521.722,ROUNDABOUT_APPROACH,3.788,0,2.842,tracking,0.2414,-0.0301,1,line_center_tracking,0.0244,0.0385,-0.0119,-0.0275,0.7179,5,0.0504,0.0157,0.0660,-0.0003,-0.0301,IDLE,1,0,step_done_latches_cleared,0,0,0.000,0,nan,nan,nan,0.0000,0,5,0.6050,0.5642,0.5301,0.5642,0.0408,本圈台阶完成,1,0.0000,0.150,0.330
521.850,ROUNDABOUT_APPROACH,3.915,0,2.842,tracking,0.1931,-0.0419,1,line_curve_center_riding,0.0477,0.0796,-0.1082,-0.3199,0.6782,5,0.1878,0.2117,0.3995,-0.1162,-0.0419,IDLE,1,0,step_done_latches_cleared,0,0,0.000,0,nan,nan,nan,0.0000,0,5,0.6050,0.5642,0.5301,0.5642,0.0408,本圈台阶完成,1,0.0000,0.150,0.330
521.983,ROUNDABOUT_APPROACH,4.048,0,2.842,tracking,0.2419,0.0064,1,line_center_tracking,-0.0430,-0.0416,-0.0465,-0.0594,0.7992,6,0.0049,0.0129,0.0178,-0.0492,0.0064,IDLE,1,0,step_done_latches_cleared,0,0,0.000,0,nan,nan,nan,0.0000,0,5,0.6050,0.5642,0.5301,0.5642,0.0408,本圈台阶完成,1,0.0000,0.150,0.330
522.119,ROUNDABOUT_APPROACH,4.184,0,2.842,tracking,0.1912,0.0325,1,line_curve_center_riding,-0.0550,-0.0152,-0.2492,-0.5357,0.5559,4,0.2340,0.2865,0.5205,-0.2667,0.0325,IDLE,1,0,step_done_latches_cleared,0,0,0.000,0,nan,nan,nan,0.0000,0,5,0.6050,0.5642,0.5301,0.5642,0.0408,本圈台阶完成,1,0.0000,0.150,0.330
522.255,ROUNDABOUT_APPROACH,4.320,0,2.842,tracking,0.1450,0.0515,1,line_curve_center_riding,-0.0655,-0.0134,-0.3199,-0.6834,0.7267,6,0.3065,0.3634,0.6699,-0.3389,0.0515,IDLE,1,0,step_done_latches_cleared,0,0,0.000,0,nan,nan,nan,0.0000,0,5,0.6050,0.5642,0.5301,0.5642,0.0408,本圈台阶完成,1,0.0000,0.150,0.330
522.393,ROUNDABOUT_APPROACH,4.458,0,2.842,tracking,0.1957,0.0556,1,line_center_tracking,-0.0566,-0.0412,-0.0963,-0.1028,0.8681,7,0.0551,0.0065,0.0616,-0.0801,0.0556,IDLE,1,0,step_done_latches_cleared,0,0,0.000,0,nan,nan,nan,0.0000,0,5,0.6050,0.5642,0.5301,0.5642,0.0408,本圈台阶完成,1,0.0000,0.150,0.330
522.529,ROUNDABOUT_APPROACH,4.595,0,2.842,tracking,0.1450,0.0847,1,line_curve_center_riding,-0.1020,0.0048,-0.6238,-0.7531,0.6143,5,0.6286,0.1293,0.7579,-0.4574,0.0847,IDLE,1,0,step_done_latches_cleared,0,0,0.000,0,nan,nan,nan,0.0000,0,5,0.6050,0.5642,0.5301,0.5642,0.0408,本圈台阶完成,1,0.0000,0.150,0.330
522.666,ROUNDABOUT_APPROACH,4.731,0,2.842,tracking,0.1450,0.1580,1,line_curve_center_riding,-0.2070,-0.1126,-0.6681,-0.7678,0.4973,4,0.5555,0.0997,0.6552,-0.5161,0.1580,IDLE,1,0,step_done_latches_cleared,0,0,0.000,0,nan,nan,nan,0.0000,0,5,0.6050,0.5642,0.5301,0.5642,0.0408,本圈台阶完成,1,0.0000,0.150,0.330
522.801,ROUNDABOUT_APPROACH,4.866,0,2.842,tracking,0.1700,0.2252,1,line_curve_center_riding,-0.2682,-0.2393,-0.4092,-0.4092,0.4848,3,0.1700,0.0000,0.1700,-0.3526,0.2252,IDLE,1,0,step_done_latches_cleared,0,0,0.000,0,nan,nan,nan,0.0000,0,5,0.6050,0.5642,0.5301,0.5642,0.0408,本圈台阶完成,1,0.0000,0.150,0.330
522.931,ROUNDABOUT_APPROACH,4.997,0,2.842,tracking,0.2194,0.1192,1,line_center_tracking,-0.0336,-0.0469,0.0006,0.0006,0.3413,2,0.0475,0.0000,0.0475,-0.0153,0.1192,IDLE,1,0,step_done_latches_cleared,0,0,0.000,0,nan,nan,nan,0.0000,0,5,0.6050,0.5642,0.5301,0.5642,0.0408,本圈台阶完成,1,0.0000,0.150,0.330
523.057,ROUNDABOUT_APPROACH,5.123,0,2.842,tracking,0.2391,0.0348,1,line_center_tracking,0.0420,0.0558,0.0065,0.0190,0.8050,6,0.0493,0.0125,0.0369,0.0271,0.0348,IDLE,1,0,step_done_latches_cleared,0,0,0.000,0,nan,nan,nan,0.0000,0,5,0.6050,0.5642,0.5301,0.5642,0.0408,本圈台阶完成,1,0.0000,0.150,0.330
523.186,ROUNDABOUT_APPROACH,5.251,0,2.842,tracking,0.2240,-0.0537,1,line_center_tracking,0.1277,0.1336,0.1125,0.1125,0.4586,2,0.0211,0.0000,0.0211,0.1195,-0.0537,IDLE,1,0,step_done_latches_cleared,0,0,0.000,0,nan,nan,nan,0.0000,0,5,0.6050,0.5642,0.5301,0.5642,0.0408,本圈台阶完成,1,0.0000,0.150,0.330
523.318,ROUNDABOUT_APPROACH,5.383,0,2.842,tracking,0.2206,-0.0990,1,line_center_tracking,0.1363,0.1512,0.0979,0.1017,0.9695,8,0.0534,0.0038,0.0496,0.1169,-0.0990,IDLE,1,0,step_done_latches_cleared,0,0,0.000,0,nan,nan,nan,0.0000,0,5,0.6050,0.5642,0.5301,0.5642,0.0408,本圈台阶完成,1,0.0000,0.150,0.330
523.459,ROUNDABOUT_APPROACH,5.524,0,2.842,tracking,0.1699,0.2118,1,line_curve_center_riding,-0.4396,-0.3856,-0.7031,-0.7031,0.4306,3,0.3175,0.0000,0.3175,-0.5973,0.2118,IDLE,1,0,step_done_latches_cleared,0,0,0.000,0,nan,nan,nan,0.0000,0,5,0.6050,0.5642,0.5301,0.5642,0.0408,本圈台阶完成,1,0.0000,0.150,0.330
523.599,ROUNDABOUT_APPROACH,5.664,0,2.842,tracking,0.1412,0.4232,1,line_curve_center_riding,-0.5860,-0.5511,-0.7568,-0.7568,0.3156,2,0.2057,0.0000,0.2057,-0.6882,0.4232,IDLE,1,0,step_done_latches_cleared,0,0,0.000,0,nan,nan,nan,0.0000,0,5,0.6050,0.5642,0.5301,0.5642,0.0408,本圈台阶完成,1,0.0000,0.150,0.330
523.729,ROUNDABOUT_APPROACH,5.794,0,2.842,tracking,0.1144,0.5274,1,line_curve_center_riding,-0.5903,-0.5573,-0.7515,-0.7515,0.3245,2,0.1942,0.0000,0.1942,-0.6867,0.5274,IDLE,1,0,step_done_latches_cleared,0,0,0.000,0,nan,nan,nan,0.0000,0,5,0.6050,0.5642,0.5301,0.5642,0.0408,本圈台阶完成,1,0.0000,0.150,0.330
523.851,ROUNDABOUT_APPROACH,5.916,0,2.842,tracking,0.1103,0.5432,1,line_curve_center_riding,-0.5266,-0.4938,-0.6870,-0.6870,0.3253,2,0.1932,0.0000,0.1932,-0.6226,0.5432,IDLE,1,0,step_done_latches_cleared,0,0,0.000,0,nan,nan,nan,0.0000,0,5,0.6050,0.5642,0.5301,0.5642,0.0408,本圈台阶完成,1,0.0000,0.150,0.330
523.982,ROUNDABOUT_APPROACH,6.047,0,2.842,tracking,0.1111,0.5400,1,line_curve_center_riding,-0.5003,-0.4313,-0.8375,-0.8375,0.4196,3,0.4062,0.0000,0.4062,-0.7021,0.5400,IDLE,1,0,step_done_latches_cleared,0,0,0.000,0,nan,nan,nan,0.0000,0,5,0.6050,0.5642,0.5301,0.5642,0.0408,本圈台阶完成,1,0.0000,0.150,0.330
524.122,ROUNDABOUT_APPROACH,6.187,0,2.842,tracking,0.1449,0.2066,1,line_hard_turn_centering,0.5342,0.5408,0.4742,0.4008,0.8942,7,0.0667,0.0734,0.1400,0.4720,0.2066,IDLE,1,0,step_done_latches_cleared,0,0,0.000,0,nan,nan,nan,0.0000,0,5,0.6050,0.5642,0.5301,0.5642,0.0408,本圈台阶完成,1,0.0000,0.150,0.330
524.253,ROUNDABOUT_APPROACH,6.318,0,2.842,tracking,0.1135,-0.1201,1,line_hard_turn_centering,0.6955,0.7021,0.6356,0.5925,0.7227,5,0.0666,0.0431,0.1096,0.6434,-0.1201,IDLE,1,0,step_done_latches_cleared,0,0,0.000,0,nan,nan,nan,0.0000,0,5,0.6050,0.5642,0.5301,0.5642,0.0408,本圈台阶完成,1,0.0000,0.150,0.330
524.386,ROUNDABOUT_APPROACH,6.451,0,2.842,tracking,0.1000,-0.4521,1,line_hard_turn_centering,0.7546,0.7550,0.7510,0.7319,0.8127,6,0.0041,0.0190,0.0231,0.7460,-0.4521,IDLE,1,0,step_done_latches_cleared,0,0,0.000,0,nan,nan,nan,0.0000,0,5,0.6050,0.5642,0.5301,0.5642,0.0408,本圈台阶完成,1,0.0000,0.150,0.330
524.515,ROUNDABOUT_APPROACH,6.580,0,2.842,tracking,0.1000,-0.7000,1,line_hard_turn_centering,0.7953,0.7961,0.7885,0.7668,0.6447,4,0.0076,0.0216,0.0293,0.7838,-0.7000,IDLE,1,0,step_done_latches_cleared,0,0,0.000,0,nan,nan,nan,0.0000,0,5,0.6050,0.5642,0.5301,0.5642,0.0408,本圈台阶完成,1,0.0000,0.150,0.330
524.648,ROUNDABOUT_APPROACH,6.713,0,2.842,tracking,0.1000,-0.7000,1,line_hard_turn_centering,0.7396,0.7402,0.7335,0.6660,0.7126,5,0.0068,0.0674,0.0742,0.7132,-0.7000,IDLE,1,0,step_done_latches_cleared,0,0,0.000,0,nan,nan,nan,0.0000,0,5,0.6050,0.5642,0.5301,0.5642,0.0408,本圈台阶完成,1,0.0000,0.150,0.330
524.792,ROUNDABOUT_APPROACH,6.857,0,2.842,tracking,0.1000,-0.6869,1,line_hard_turn_centering,0.5822,0.5817,0.5866,0.5866,0.4712,2,0.0048,0.0000,0.0048,0.5850,-0.6869,IDLE,1,0,step_done_latches_cleared,0,0,0.000,0,nan,nan,nan,0.0000,0,5,0.6050,0.5642,0.5301,0.5642,0.0408,本圈台阶完成,1,0.0000,0.150,0.330
524.916,ROUNDABOUT_APPROACH,6.981,0,2.842,tracking,0.1048,-0.5648,1,line_center_tracking,0.4229,0.4235,0.4215,0.4215,0.4735,2,0.0019,0.0000,0.0019,0.4222,-0.5648,IDLE,1,0,step_done_latches_cleared,0,0,0.000,0,nan,nan,nan,0.0000,0,5,0.6050,0.5642,0.5301,0.5642,0.0408,本圈台阶完成,1,0.0000,0.150,0.330
525.056,ROUNDABOUT,0.000,0,2.842,icn_entry_left,0.1554,-0.2315,1,line_center_tracking,0.2703,0.2758,0.2561,0.2561,0.4597,2,0.0198,0.0000,0.0198,0.2626,-0.2315,IDLE,1,0,step_done_latches_cleared,0,0,0.000,0,nan,nan,nan,0.0000,0,5,0.6050,0.5642,0.5301,0.5642,0.0408,本圈台阶完成,1,0.0000,0.150,0.330
525.198,ROUNDABOUT,0.142,0,2.842,icn_entry_left,0.1900,0.1018,1,line_center_tracking,0.1575,0.1647,0.1389,0.1389,0.4550,2,0.0258,0.0000,0.0258,0.1475,0.1018,IDLE,1,0,step_done_latches_cleared,0,0,0.000,0,nan,nan,nan,0.0000,0,5,0.6050,0.5642,0.5301,0.5642,0.0408,本圈台阶完成,1,0.0000,0.150,0.330
525.330,ROUNDABOUT,0.273,0,2.842,icn_entry_left,0.1900,0.3600,1,line_center_tracking,0.0752,0.0841,0.0524,0.0524,0.4505,2,0.0317,0.0000,0.0317,0.0629,0.3600,IDLE,1,0,step_done_latches_cleared,0,0,0.000,0,nan,nan,nan,0.0000,0,5,0.6050,0.5642,0.5301,0.5642,0.0408,本圈台阶完成,1,0.0000,0.150,0.330
525.472,ROUNDABOUT,0.416,0,2.842,icn_entry_left,0.1900,0.3600,1,line_center_tracking,0.0195,0.0195,0.0195,0.0195,0.2375,1,0.0000,0.0000,0.0000,0.0195,0.3600,IDLE,1,0,step_done_latches_cleared,0,0,0.000,0,nan,nan,nan,0.0000,0,5,0.6050,0.5642,0.5301,0.5642,0.0408,本圈台阶完成,1,0.0000,0.150,0.330
525.603,ROUNDABOUT,0.546,0,2.842,icn_entry_left,0.1900,0.3600,0,line_too_few_bands,0.0000,0.0000,0.0000,0.0000,0.0000,0,0.0000,0.0000,0.0000,0.0000,0.3600,IDLE,1,0,step_done_latches_cleared,0,0,0.000,0,nan,nan,nan,0.0000,0,5,0.6050,0.5642,0.5301,0.5642,0.0408,本圈台阶完成,1,0.0000,0.150,0.330
525.732,ROUNDABOUT,0.675,0,2.842,icn_entry_left,0.1900,0.3600,0,line_too_few_bands,0.0000,0.0000,0.0000,0.0000,0.0000,0,0.0000,0.0000,0.0000,0.0000,0.3600,IDLE,1,0,step_done_latches_cleared,0,0,0.000,0,nan,nan,nan,0.0000,0,5,0.6050,0.5642,0.5301,0.5642,0.0408,本圈台阶完成,1,0.0000,0.150,0.330
525.858,ROUNDABOUT,0.802,0,2.842,icn_entry_left,0.1900,0.3600,0,line_too_few_bands,0.0000,0.0000,0.0000,0.0000,0.0000,0,0.0000,0.0000,0.0000,0.0000,0.3600,IDLE,1,0,step_done_latches_cleared,0,0,0.000,0,nan,nan,nan,0.0000,0,5,0.6050,0.5642,0.5301,0.5642,0.0408,本圈台阶完成,1,0.0000,0.150,0.330
525.994,ROUNDABOUT,0.938,0,2.842,icn_entry_left,0.1900,0.3600,1,line_center_tracking,0.3032,0.2871,0.3447,0.3935,0.4451,2,0.0576,0.0488,0.1064,0.3418,0.3600,IDLE,1,0,step_done_latches_cleared,0,0,0.000,0,nan,nan,nan,0.0000,0,5,0.6050,0.5642,0.5301,0.5642,0.0408,本圈台阶完成,1,0.0000,0.150,0.330
526.127,ROUNDABOUT,1.071,0,2.842,icn_entry_left,0.1900,0.3600,1,line_center_tracking,0.5159,0.4803,0.6073,0.4918,0.6003,4,0.1270,0.1155,0.0115,0.5265,0.3600,IDLE,1,0,step_done_latches_cleared,0,0,0.000,0,nan,nan,nan,0.0000,0,5,0.6050,0.5642,0.5301,0.5642,0.0408,本圈台阶完成,1,0.0000,0.150,0.330
526.255,ROUNDABOUT,1.199,0,2.842,icn_entry_left,0.1900,0.3600,1,line_hard_turn_centering,0.5449,0.5400,0.5891,0.4803,0.6987,5,0.0491,0.1088,0.0597,0.5364,0.3600,IDLE,1,0,step_done_latches_cleared,0,0,0.000,0,nan,nan,nan,0.0000,0,5,0.6050,0.5642,0.5301,0.5642,0.0408,本圈台阶完成,1,0.0000,0.150,0.330
526.388,ROUNDABOUT,1.332,0,2.842,icn_entry_left,0.1900,0.3600,1,line_hard_turn_centering,0.6997,0.7073,0.6307,0.5378,0.5989,4,0.0766,0.0929,0.1695,0.6253,0.3600,IDLE,1,0,step_done_latches_cleared,0,0,0.000,0,nan,nan,nan,0.0000,0,5,0.6050,0.5642,0.5301,0.5642,0.0408,本圈台阶完成,1,0.0000,0.150,0.330
526.517,ROUNDABOUT,1.460,0,2.842,icn_entry_left,0.1900,0.3600,1,line_hard_turn_centering,0.7032,0.7033,0.7025,0.5978,0.7938,6,0.0008,0.1047,0.1054,0.6679,0.3600,IDLE,1,0,step_done_latches_cleared,0,0,0.000,0,nan,nan,nan,0.0000,0,5,0.6050,0.5642,0.5301,0.5642,0.0408,本圈台阶完成,1,0.0000,0.150,0.330
526.647,ROUNDABOUT,1.590,0,2.842,icn_entry_left,0.1900,0.3600,1,line_hard_turn_centering,0.7902,0.7920,0.7734,0.7043,0.7204,5,0.0186,0.0691,0.0877,0.7566,0.3600,IDLE,1,0,step_done_latches_cleared,0,0,0.000,0,nan,nan,nan,0.0000,0,5,0.6050,0.5642,0.5301,0.5642,0.0408,本圈台阶完成,1,0.0000,0.150,0.330
526.778,ROUNDABOUT,1.722,0,2.842,icn_entry_left,0.1900,0.3600,0,line_too_few_bands,0.0000,0.0000,0.0000,0.0000,0.0000,0,0.0000,0.0000,0.0000,0.0000,0.3600,IDLE,1,0,step_done_latches_cleared,0,0,0.000,0,nan,nan,nan,0.0000,0,5,0.6050,0.5642,0.5301,0.5642,0.0408,本圈台阶完成,1,0.0000,0.150,0.330
526.919,ROUNDABOUT,1.862,0,2.842,icn_entry_left,0.1900,0.3600,0,line_too_few_bands,0.0000,0.0000,0.0000,0.0000,0.0000,0,0.0000,0.0000,0.0000,0.0000,0.3600,IDLE,1,0,step_done_latches_cleared,0,0,0.000,0,nan,nan,nan,0.0000,0,5,0.6050,0.5642,0.5301,0.5642,0.0408,本圈台阶完成,1,0.0000,0.150,0.330
527.046,ROUNDABOUT,1.990,0,2.842,icn_entry_left,0.1900,0.3600,0,line_too_few_bands,0.0000,0.0000,0.0000,0.0000,0.0000,0,0.0000,0.0000,0.0000,0.0000,0.3600,IDLE,1,0,step_done_latches_cleared,0,0,0.000,0,nan,nan,nan,0.0000,0,5,0.6050,0.5642,0.5301,0.5642,0.0408,本圈台阶完成,1,0.0000,0.150,0.330
527.165,ROUNDABOUT,2.108,0,2.842,icn_entry_left,0.1900,0.3600,0,line_too_few_bands,0.0000,0.0000,0.0000,0.0000,0.0000,0,0.0000,0.0000,0.0000,0.0000,0.3600,IDLE,1,0,step_done_latches_cleared,0,0,0.000,0,nan,nan,nan,0.0000,0,5,0.6050,0.5642,0.5301,0.5642,0.0408,本圈台阶完成,1,0.0000,0.150,0.330
527.292,ROUNDABOUT,2.235,0,2.842,icn_entry_left,0.1900,0.3600,0,line_too_few_bands,0.0000,0.0000,0.0000,0.0000,0.0000,0,0.0000,0.0000,0.0000,0.0000,0.3600,IDLE,1,0,step_done_latches_cleared,0,0,0.000,0,nan,nan,nan,0.0000,0,5,0.6050,0.5642,0.5301,0.5642,0.0408,本圈台阶完成,1,0.0000,0.150,0.330
527.423,ROUNDABOUT,2.366,0,2.842,icn_entry_left,0.1900,0.3600,0,line_too_few_bands,0.0000,0.0000,0.0000,0.0000,0.0000,0,0.0000,0.0000,0.0000,0.0000,0.3600,IDLE,1,0,step_done_latches_cleared,0,0,0.000,0,nan,nan,nan,0.0000,0,5,0.6050,0.5642,0.5301,0.5642,0.0408,本圈台阶完成,1,0.0000,0.150,0.330
527.557,ROUNDABOUT,2.501,0,2.842,icn_entry_left,0.1900,0.3600,0,line_too_few_bands,0.0000,0.0000,0.0000,0.0000,0.0000,0,0.0000,0.0000,0.0000,0.0000,0.3600,IDLE,1,0,step_done_latches_cleared,0,0,0.000,0,nan,nan,nan,0.0000,0,5,0.6050,0.5642,0.5301,0.5642,0.0408,本圈台阶完成,1,0.0000,0.150,0.330
527.687,ROUNDABOUT,2.631,0,2.842,icn_entry_left,0.1900,0.3600,0,line_too_few_bands,0.0000,0.0000,0.0000,0.0000,0.0000,0,0.0000,0.0000,0.0000,0.0000,0.3600,IDLE,1,0,step_done_latches_cleared,0,0,0.000,0,nan,nan,nan,0.0000,0,5,0.6050,0.5642,0.5301,0.5642,0.0408,本圈台阶完成,1,0.0000,0.150,0.330
527.828,ROUNDABOUT,2.772,0,2.842,icn_entry_left,0.1900,0.3600,0,line_too_few_bands,0.0000,0.0000,0.0000,0.0000,0.0000,0,0.0000,0.0000,0.0000,0.0000,0.3600,IDLE,1,0,step_done_latches_cleared,0,0,0.000,0,nan,nan,nan,0.0000,0,5,0.6050,0.5642,0.5301,0.5642,0.0408,本圈台阶完成,1,0.0000,0.150,0.330
527.957,ROUNDABOUT,2.901,0,2.842,icn_entry_left,0.1900,0.3600,0,line_too_few_bands,0.0000,0.0000,0.0000,0.0000,0.0000,0,0.0000,0.0000,0.0000,0.0000,0.3600,IDLE,1,0,step_done_latches_cleared,0,0,0.000,0,nan,nan,nan,0.0000,0,5,0.6050,0.5642,0.5301,0.5642,0.0408,本圈台阶完成,1,0.0000,0.150,0.330
528.089,ROUNDABOUT,3.033,0,2.842,icn_entry_left,0.1900,0.3600,0,line_too_few_bands,0.0000,0.0000,0.0000,0.0000,0.0000,0,0.0000,0.0000,0.0000,0.0000,0.3600,IDLE,1,0,step_done_latches_cleared,0,0,0.000,0,nan,nan,nan,0.0000,0,5,0.6050,0.5642,0.5301,0.5642,0.0408,本圈台阶完成,1,0.0000,0.150,0.330
528.220,ROUNDABOUT,3.164,0,2.842,icn_entry_left,0.1900,0.3600,0,line_too_few_bands,0.0000,0.0000,0.0000,0.0000,0.0000,0,0.0000,0.0000,0.0000,0.0000,0.3600,IDLE,1,0,step_done_latches_cleared,0,0,0.000,0,nan,nan,nan,0.0000,0,5,0.6050,0.5642,0.5301,0.5642,0.0408,本圈台阶完成,1,0.0000,0.150,0.330
528.363,ROUNDABOUT,3.307,0,2.842,icn_entry_left,0.1900,0.3600,0,line_too_few_bands,0.0000,0.0000,0.0000,0.0000,0.0000,0,0.0000,0.0000,0.0000,0.0000,0.3600,IDLE,1,0,step_done_latches_cleared,0,0,0.000,0,nan,nan,nan,0.0000,0,5,0.6050,0.5642,0.5301,0.5642,0.0408,本圈台阶完成,1,0.0000,0.150,0.330
528.509,ROUNDABOUT,3.453,0,2.842,icn_entry_left,0.1900,0.3600,0,line_too_few_bands,0.0000,0.0000,0.0000,0.0000,0.0000,0,0.0000,0.0000,0.0000,0.0000,0.3600,IDLE,1,0,step_done_latches_cleared,0,0,0.000,0,nan,nan,nan,0.0000,0,5,0.6050,0.5642,0.5301,0.5642,0.0408,本圈台阶完成,1,0.0000,0.150,0.330
528.631,ROUNDABOUT,3.575,0,2.842,icn_entry_left,0.1900,0.3600,0,line_too_few_bands,0.0000,0.0000,0.0000,0.0000,0.0000,0,0.0000,0.0000,0.0000,0.0000,0.3600,IDLE,1,0,step_done_latches_cleared,0,0,0.000,0,nan,nan,nan,0.0000,0,5,0.6050,0.5642,0.5301,0.5642,0.0408,本圈台阶完成,1,0.0000,0.150,0.330
528.768,ROUNDABOUT,3.711,0,2.842,icn_entry_left,0.1900,0.3600,0,line_too_few_bands,0.0000,0.0000,0.0000,0.0000,0.0000,0,0.0000,0.0000,0.0000,0.0000,0.3600,IDLE,1,0,step_done_latches_cleared,0,0,0.000,0,nan,nan,nan,0.0000,0,5,0.6050,0.5642,0.5301,0.5642,0.0408,本圈台阶完成,1,0.0000,0.150,0.330
528.906,ROUNDABOUT,3.850,0,2.842,icn_entry_left,0.1900,0.3600,0,line_too_few_bands,0.0000,0.0000,0.0000,0.0000,0.0000,0,0.0000,0.0000,0.0000,0.0000,0.3600,IDLE,1,0,step_done_latches_cleared,0,0,0.000,0,nan,nan,nan,0.0000,0,5,0.6050,0.5642,0.5301,0.5642,0.0408,本圈台阶完成,1,0.0000,0.150,0.330
529.035,ROUNDABOUT,3.978,0,2.842,icn_entry_left,0.1900,0.3600,0,line_too_few_bands,0.0000,0.0000,0.0000,0.0000,0.0000,0,0.0000,0.0000,0.0000,0.0000,0.3600,IDLE,1,0,step_done_latches_cleared,0,0,0.000,0,nan,nan,nan,0.0000,0,5,0.6050,0.5642,0.5301,0.5642,0.0408,本圈台阶完成,1,0.0000,0.150,0.330
529.181,ROUNDABOUT,4.125,0,2.842,icn_entry_left,0.1900,0.3600,0,line_too_few_bands,0.0000,0.0000,0.0000,0.0000,0.0000,0,0.0000,0.0000,0.0000,0.0000,0.3600,IDLE,1,0,step_done_latches_cleared,0,0,0.000,0,nan,nan,nan,0.0000,0,5,0.6050,0.5642,0.5301,0.5642,0.0408,本圈台阶完成,1,0.0000,0.150,0.330
529.313,ROUNDABOUT,4.256,0,2.842,icn_entry_left,0.1900,0.3600,0,line_too_few_bands,0.0000,0.0000,0.0000,0.0000,0.0000,0,0.0000,0.0000,0.0000,0.0000,0.3600,IDLE,1,0,step_done_latches_cleared,0,0,0.000,0,nan,nan,nan,0.0000,0,5,0.6050,0.5642,0.5301,0.5642,0.0408,本圈台阶完成,1,0.0000,0.150,0.330
529.443,ROUNDABOUT,4.387,0,2.842,icn_entry_left,0.1900,0.3600,0,line_too_few_bands,0.0000,0.0000,0.0000,0.0000,0.0000,0,0.0000,0.0000,0.0000,0.0000,0.3600,IDLE,1,0,step_done_latches_cleared,0,0,0.000,0,nan,nan,nan,0.0000,0,5,0.6050,0.5642,0.5301,0.5642,0.0408,本圈台阶完成,1,0.0000,0.150,0.330
529.575,ROUNDABOUT,4.519,0,2.842,icn_entry_left,0.1900,0.3600,0,line_too_few_bands,0.0000,0.0000,0.0000,0.0000,0.0000,0,0.0000,0.0000,0.0000,0.0000,0.3600,IDLE,1,0,step_done_latches_cleared,0,0,0.000,0,nan,nan,nan,0.0000,0,5,0.6050,0.5642,0.5301,0.5642,0.0408,本圈台阶完成,1,0.0000,0.150,0.330
529.719,ROUNDABOUT,4.663,0,2.842,icn_entry_left,0.1900,0.3600,0,line_too_few_bands,0.0000,0.0000,0.0000,0.0000,0.0000,0,0.0000,0.0000,0.0000,0.0000,0.3600,IDLE,1,0,step_done_latches_cleared,0,0,0.000,0,nan,nan,nan,0.0000,0,5,0.6050,0.5642,0.5301,0.5642,0.0408,本圈台阶完成,1,0.0000,0.150,0.330
529.853,ROUNDABOUT,4.797,0,2.842,icn_entry_left,0.1900,0.3600,0,line_too_few_bands,0.0000,0.0000,0.0000,0.0000,0.0000,0,0.0000,0.0000,0.0000,0.0000,0.3600,IDLE,1,0,step_done_latches_cleared,0,0,0.000,0,nan,nan,nan,0.0000,0,5,0.6050,0.5642,0.5301,0.5642,0.0408,本圈台阶完成,1,0.0000,0.150,0.330
529.985,ROUNDABOUT,4.928,0,2.842,icn_entry_left,0.1900,0.3600,0,line_too_few_bands,0.0000,0.0000,0.0000,0.0000,0.0000,0,0.0000,0.0000,0.0000,0.0000,0.3600,IDLE,1,0,step_done_latches_cleared,0,0,0.000,0,nan,nan,nan,0.0000,0,5,0.6050,0.5642,0.5301,0.5642,0.0408,本圈台阶完成,1,0.0000,0.150,0.330
530.112,ROUNDABOUT,5.055,0,2.842,icn_entry_left,0.1900,0.3600,0,line_too_few_bands,0.0000,0.0000,0.0000,0.0000,0.0000,0,0.0000,0.0000,0.0000,0.0000,0.3600,IDLE,1,0,step_done_latches_cleared,0,0,0.000,0,nan,nan,nan,0.0000,0,5,0.6050,0.5642,0.5301,0.5642,0.0408,本圈台阶完成,1,0.0000,0.150,0.330
530.241,ROUNDABOUT,5.185,0,2.842,icn_entry_left,0.1900,0.3600,0,line_too_few_bands,0.0000,0.0000,0.0000,0.0000,0.0000,0,0.0000,0.0000,0.0000,0.0000,0.3600,IDLE,1,0,step_done_latches_cleared,0,0,0.000,0,nan,nan,nan,0.0000,0,5,0.6050,0.5642,0.5301,0.5642,0.0408,本圈台阶完成,1,0.0000,0.150,0.330
530.368,ROUNDABOUT,5.312,0,2.842,icn_entry_left,0.1900,0.3600,0,line_too_few_bands,0.0000,0.0000,0.0000,0.0000,0.0000,0,0.0000,0.0000,0.0000,0.0000,0.3600,IDLE,1,0,step_done_latches_cleared,0,0,0.000,0,nan,nan,nan,0.0000,0,5,0.6050,0.5642,0.5301,0.5642,0.0408,本圈台阶完成,1,0.0000,0.150,0.330
530.497,ROUNDABOUT,5.440,0,2.842,icn_entry_left,0.1900,0.3600,0,line_too_few_bands,0.0000,0.0000,0.0000,0.0000,0.0000,0,0.0000,0.0000,0.0000,0.0000,0.3600,IDLE,1,0,step_done_latches_cleared,0,0,0.000,0,nan,nan,nan,0.0000,0,5,0.6050,0.5642,0.5301,0.5642,0.0408,本圈台阶完成,1,0.0000,0.150,0.330
530.626,ROUNDABOUT,5.570,0,2.842,icn_entry_left,0.1900,0.3600,0,line_too_few_bands,0.0000,0.0000,0.0000,0.0000,0.0000,0,0.0000,0.0000,0.0000,0.0000,0.3600,IDLE,1,0,step_done_latches_cleared,0,0,0.000,0,nan,nan,nan,0.0000,0,5,0.6050,0.5642,0.5301,0.5642,0.0408,本圈台阶完成,1,0.0000,0.150,0.330
530.752,ROUNDABOUT,5.696,0,2.842,icn_entry_left,0.1900,0.3600,0,line_too_few_bands,0.0000,0.0000,0.0000,0.0000,0.0000,0,0.0000,0.0000,0.0000,0.0000,0.3600,IDLE,1,0,step_done_latches_cleared,0,0,0.000,0,nan,nan,nan,0.0000,0,5,0.6050,0.5642,0.5301,0.5642,0.0408,本圈台阶完成,1,0.0000,0.150,0.330
530.879,ROUNDABOUT,5.823,0,2.842,icn_entry_left,0.1900,0.3600,0,line_too_few_bands,0.0000,0.0000,0.0000,0.0000,0.0000,0,0.0000,0.0000,0.0000,0.0000,0.3600,IDLE,1,0,step_done_latches_cleared,0,0,0.000,0,nan,nan,nan,0.0000,0,5,0.6050,0.5642,0.5301,0.5642,0.0408,本圈台阶完成,1,0.0000,0.150,0.330
531.003,ROUNDABOUT,5.947,0,2.842,icn_entry_left,0.1900,0.3600,0,line_too_few_bands,0.0000,0.0000,0.0000,0.0000,0.0000,0,0.0000,0.0000,0.0000,0.0000,0.3600,IDLE,1,0,step_done_latches_cleared,0,0,0.000,0,nan,nan,nan,0.0000,0,5,0.6050,0.5642,0.5301,0.5642,0.0408,本圈台阶完成,1,0.0000,0.150,0.330
531.137,ROUNDABOUT,6.081,0,2.842,icn_entry_left,0.1900,0.3600,0,line_too_few_bands,0.0000,0.0000,0.0000,0.0000,0.0000,0,0.0000,0.0000,0.0000,0.0000,0.3600,IDLE,1,0,step_done_latches_cleared,0,0,0.000,0,nan,nan,nan,0.0000,0,5,0.6050,0.5642,0.5301,0.5642,0.0408,本圈台阶完成,1,0.0000,0.150,0.330
531.264,ROUNDABOUT,6.208,0,2.842,icn_entry_left,0.1900,0.3600,0,line_too_few_bands,0.0000,0.0000,0.0000,0.0000,0.0000,0,0.0000,0.0000,0.0000,0.0000,0.3600,IDLE,1,0,step_done_latches_cleared,0,0,0.000,0,nan,nan,nan,0.0000,0,5,0.6050,0.5642,0.5301,0.5642,0.0408,本圈台阶完成,1,0.0000,0.150,0.330
531.393,ROUNDABOUT,6.337,0,2.842,icn_entry_left,0.1900,0.3600,0,line_too_few_bands,0.0000,0.0000,0.0000,0.0000,0.0000,0,0.0000,0.0000,0.0000,0.0000,0.3600,IDLE,1,0,step_done_latches_cleared,0,0,0.000,0,nan,nan,nan,0.0000,0,5,0.6050,0.5642,0.5301,0.5642,0.0408,本圈台阶完成,1,0.0000,0.150,0.330
531.532,ROUNDABOUT,6.475,0,2.842,icn_entry_left,0.1900,0.3600,0,line_too_few_bands,0.0000,0.0000,0.0000,0.0000,0.0000,0,0.0000,0.0000,0.0000,0.0000,0.3600,IDLE,1,0,step_done_latches_cleared,0,0,0.000,0,nan,nan,nan,0.0000,0,5,0.6050,0.5642,0.5301,0.5642,0.0408,本圈台阶完成,1,0.0000,0.150,0.330
531.670,ROUNDABOUT,6.614,0,2.842,icn_entry_left,0.1900,0.3600,0,line_too_few_bands,0.0000,0.0000,0.0000,0.0000,0.0000,0,0.0000,0.0000,0.0000,0.0000,0.3600,IDLE,1,0,step_done_latches_cleared,0,0,0.000,0,nan,nan,nan,0.0000,0,5,0.6050,0.5642,0.5301,0.5642,0.0408,本圈台阶完成,1,0.0000,0.150,0.330
531.798,ROUNDABOUT,6.742,0,2.842,icn_entry_left,0.1900,0.3600,0,line_too_few_bands,0.0000,0.0000,0.0000,0.0000,0.0000,0,0.0000,0.0000,0.0000,0.0000,0.3600,IDLE,1,0,step_done_latches_cleared,0,0,0.000,0,nan,nan,nan,0.0000,0,5,0.6050,0.5642,0.5301,0.5642,0.0408,本圈台阶完成,1,0.0000,0.150,0.330
531.931,ROUNDABOUT,6.875,0,2.842,icn_entry_left,0.1900,0.3600,0,line_too_few_bands,0.0000,0.0000,0.0000,0.0000,0.0000,0,0.0000,0.0000,0.0000,0.0000,0.3600,IDLE,1,0,step_done_latches_cleared,0,0,0.000,0,nan,nan,nan,0.0000,0,5,0.6050,0.5642,0.5301,0.5642,0.0408,本圈台阶完成,1,0.0000,0.150,0.330
532.057,ROUNDABOUT,7.000,0,2.842,icn_entry_left,0.1900,0.3600,0,line_too_few_bands,0.0000,0.0000,0.0000,0.0000,0.0000,0,0.0000,0.0000,0.0000,0.0000,0.3600,IDLE,1,0,step_done_latches_cleared,0,0,0.000,0,nan,nan,nan,0.0000,0,5,0.6050,0.5642,0.5301,0.5642,0.0408,本圈台阶完成,1,0.0000,0.150,0.330
532.187,ROUNDABOUT,7.131,0,2.842,icn_entry_left,0.1900,0.3600,0,line_too_few_bands,0.0000,0.0000,0.0000,0.0000,0.0000,0,0.0000,0.0000,0.0000,0.0000,0.3600,IDLE,1,0,step_done_latches_cleared,0,0,0.000,0,nan,nan,nan,0.0000,0,5,0.6050,0.5642,0.5301,0.5642,0.0408,本圈台阶完成,1,0.0000,0.150,0.330
532.312,ROUNDABOUT,7.256,0,2.842,icn_entry_left,0.1900,0.3600,0,line_too_few_bands,0.0000,0.0000,0.0000,0.0000,0.0000,0,0.0000,0.0000,0.0000,0.0000,0.3600,IDLE,1,0,step_done_latches_cleared,0,0,0.000,0,nan,nan,nan,0.0000,0,5,0.6050,0.5642,0.5301,0.5642,0.0408,本圈台阶完成,1,0.0000,0.150,0.330
532.442,ROUNDABOUT,7.385,0,2.842,icn_entry_left,0.1900,0.3600,0,line_too_few_bands,0.0000,0.0000,0.0000,0.0000,0.0000,0,0.0000,0.0000,0.0000,0.0000,0.3600,IDLE,1,0,step_done_latches_cleared,0,0,0.000,0,nan,nan,nan,0.0000,0,5,0.6050,0.5642,0.5301,0.5642,0.0408,本圈台阶完成,1,0.0000,0.150,0.330
532.576,ROUNDABOUT,7.520,0,2.842,icn_entry_left,0.1900,0.3600,0,line_too_few_bands,0.0000,0.0000,0.0000,0.0000,0.0000,0,0.0000,0.0000,0.0000,0.0000,0.3600,IDLE,1,0,step_done_latches_cleared,0,0,0.000,0,nan,nan,nan,0.0000,0,5,0.6050,0.5642,0.5301,0.5642,0.0408,本圈台阶完成,1,0.0000,0.150,0.330
532.703,ROUNDABOUT_FOLLOW,0.000,0,2.842,roundabout_blind_arc_recovery,0.1416,0.1600,0,line_too_few_bands,0.0000,0.0000,0.0000,0.0000,0.0000,0,0.0000,0.0000,0.0000,0.0000,0.1600,IDLE,1,0,step_done_latches_cleared,0,0,0.000,0,nan,nan,nan,0.0000,0,5,0.6050,0.5642,0.5301,0.5642,0.0408,本圈台阶完成,1,0.0000,0.150,0.330
532.837,ROUNDABOUT_FOLLOW,0.134,0,2.842,roundabout_blind_arc_recovery,0.1000,0.1600,0,line_too_few_bands,0.0000,0.0000,0.0000,0.0000,0.0000,0,0.0000,0.0000,0.0000,0.0000,0.1600,IDLE,1,0,step_done_latches_cleared,0,0,0.000,0,nan,nan,nan,0.0000,0,5,0.6050,0.5642,0.5301,0.5642,0.0408,本圈台阶完成,1,0.0000,0.150,0.330
532.968,ROUNDABOUT_FOLLOW,0.264,0,2.842,roundabout_blind_arc_recovery,0.1000,0.1600,0,line_too_few_bands,0.0000,0.0000,0.0000,0.0000,0.0000,0,0.0000,0.0000,0.0000,0.0000,0.1600,IDLE,1,0,step_done_latches_cleared,0,0,0.000,0,nan,nan,nan,0.0000,0,5,0.6050,0.5642,0.5301,0.5642,0.0408,本圈台阶完成,1,0.0000,0.150,0.330
533.093,ROUNDABOUT_FOLLOW,0.390,0,2.842,roundabout_blind_arc_recovery,0.1000,0.1600,0,line_too_few_bands,0.0000,0.0000,0.0000,0.0000,0.0000,0,0.0000,0.0000,0.0000,0.0000,0.1600,IDLE,1,0,step_done_latches_cleared,0,0,0.000,0,nan,nan,nan,0.0000,0,5,0.6050,0.5642,0.5301,0.5642,0.0408,本圈台阶完成,1,0.0000,0.150,0.330
533.238,ROUNDABOUT_FOLLOW,0.535,0,2.842,roundabout_blind_arc_recovery,0.1000,0.1600,0,line_too_few_bands,0.0000,0.0000,0.0000,0.0000,0.0000,0,0.0000,0.0000,0.0000,0.0000,0.1600,IDLE,1,0,step_done_latches_cleared,0,0,0.000,0,nan,nan,nan,0.0000,0,5,0.6050,0.5642,0.5301,0.5642,0.0408,本圈台阶完成,1,0.0000,0.150,0.330
533.366,ROUNDABOUT_FOLLOW,0.663,0,2.842,roundabout_blind_arc_recovery,0.1000,0.1600,0,line_too_few_bands,0.0000,0.0000,0.0000,0.0000,0.0000,0,0.0000,0.0000,0.0000,0.0000,0.1600,IDLE,1,0,step_done_latches_cleared,0,0,0.000,0,nan,nan,nan,0.0000,0,5,0.6050,0.5642,0.5301,0.5642,0.0408,本圈台阶完成,1,0.0000,0.150,0.330
533.504,ROUNDABOUT_FOLLOW,0.801,0,2.842,roundabout_blue_guard_left,0.0493,0.3000,0,line_too_few_bands,0.0000,0.0000,0.0000,0.0000,0.0000,0,0.0000,0.0000,0.0000,0.0000,0.3000,IDLE,1,0,step_done_latches_cleared,0,0,0.000,0,1.3850,nan,0.0423,0.8692,2,5,0.6050,0.5642,0.5301,0.5642,0.0408,本圈台阶完成,1,0.0000,0.150,0.330
533.630,ROUNDABOUT_FOLLOW,0.927,0,2.842,roundabout_blue_guard_left,0.0450,0.3000,0,line_too_few_bands,0.0000,0.0000,0.0000,0.0000,0.0000,0,0.0000,0.0000,0.0000,0.0000,0.3000,IDLE,1,0,step_done_latches_cleared,0,0,0.000,1,1.3700,nan,0.0456,0.9140,6,5,0.6050,0.5642,0.5301,0.5642,0.0408,本圈台阶完成,1,0.0000,0.150,0.330
533.766,ROUNDABOUT_FOLLOW,1.063,0,2.842,roundabout_blue_guard_left,0.0450,0.3000,0,line_too_few_bands,0.0000,0.0000,0.0000,0.0000,0.0000,0,0.0000,0.0000,0.0000,0.0000,0.3000,IDLE,1,0,step_done_latches_cleared,0,0,0.000,1,1.3700,nan,0.0473,0.9382,10,5,0.6050,0.5642,0.5301,0.5642,0.0408,本圈台阶完成,1,0.0000,0.150,0.330
533.896,ROUNDABOUT_FOLLOW,1.193,0,2.842,roundabout_blue_guard_left,0.0450,0.3000,0,line_too_few_bands,0.0000,0.0000,0.0000,0.0000,0.0000,0,0.0000,0.0000,0.0000,0.0000,0.3000,IDLE,1,0,step_done_latches_cleared,0,0,0.000,1,1.3450,nan,0.0491,0.9624,13,5,0.6050,0.5642,0.5301,0.5642,0.0408,本圈台阶完成,1,0.0000,0.150,0.330
534.023,ROUNDABOUT_FOLLOW,1.320,0,2.842,roundabout_blue_guard_left,0.0450,0.3000,0,line_too_few_bands,0.0000,0.0000,0.0000,0.0000,0.0000,0,0.0000,0.0000,0.0000,0.0000,0.3000,IDLE,1,0,step_done_latches_cleared,0,0,0.000,1,1.3400,nan,0.0512,0.9582,17,5,0.6050,0.5642,0.5301,0.5642,0.0408,本圈台阶完成,1,0.0000,0.150,0.330
534.154,ROUNDABOUT_FOLLOW,1.451,0,2.842,roundabout_blue_guard_left,0.0450,0.3000,0,line_too_few_bands,0.0000,0.0000,0.0000,0.0000,0.0000,0,0.0000,0.0000,0.0000,0.0000,0.3000,IDLE,1,0,step_done_latches_cleared,0,0,0.000,1,1.3200,nan,0.0523,0.9438,20,5,0.6050,0.5642,0.5301,0.5642,0.0408,本圈台阶完成,1,0.0000,0.150,0.330
534.287,ROUNDABOUT_FOLLOW,1.584,0,2.842,roundabout_blue_guard_left,0.0450,0.3000,0,line_too_few_bands,0.0000,0.0000,0.0000,0.0000,0.0000,0,0.0000,0.0000,0.0000,0.0000,0.3000,IDLE,1,0,step_done_latches_cleared,0,0,0.000,1,1.3150,nan,0.0538,0.9250,24,5,0.6050,0.5642,0.5301,0.5642,0.0408,本圈台阶完成,1,0.0000,0.150,0.330
534.415,ROUNDABOUT_FOLLOW,1.711,0,2.842,roundabout_blue_guard_left,0.0450,0.3000,0,line_too_few_bands,0.0000,0.0000,0.0000,0.0000,0.0000,0,0.0000,0.0000,0.0000,0.0000,0.3000,IDLE,1,0,step_done_latches_cleared,0,0,0.000,1,1.2800,nan,0.0546,0.9140,27,5,0.6050,0.5642,0.5301,0.5642,0.0408,本圈台阶完成,1,0.0000,0.150,0.330
534.543,ROUNDABOUT_FOLLOW,1.840,0,2.842,roundabout_blue_guard_left,0.0450,0.3000,0,line_too_few_bands,0.0000,0.0000,0.0000,0.0000,0.0000,0,0.0000,0.0000,0.0000,0.0000,0.3000,IDLE,1,0,step_done_latches_cleared,0,0,0.000,1,1.2800,nan,0.0561,0.8944,31,5,0.6050,0.5642,0.5301,0.5642,0.0408,本圈台阶完成,1,0.0000,0.150,0.330
534.671,ROUNDABOUT_FOLLOW,1.968,0,2.842,roundabout_blue_guard_left,0.0450,0.3000,0,line_too_few_bands,0.0000,0.0000,0.0000,0.0000,0.0000,0,0.0000,0.0000,0.0000,0.0000,0.3000,IDLE,1,0,step_done_latches_cleared,0,0,0.000,1,1.2800,nan,0.0559,0.8971,34,5,0.6050,0.5642,0.5301,0.5642,0.0408,本圈台阶完成,1,0.0000,0.150,0.330
534.799,ROUNDABOUT_FOLLOW,2.096,0,2.842,roundabout_blue_guard_left,0.0450,0.3000,0,line_too_few_bands,0.0000,0.0000,0.0000,0.0000,0.0000,0,0.0000,0.0000,0.0000,0.0000,0.3000,IDLE,1,0,step_done_latches_cleared,0,0,0.000,1,1.2800,nan,0.0560,0.8949,38,5,0.6050,0.5642,0.5301,0.5642,0.0408,本圈台阶完成,1,0.0000,0.150,0.330
534.938,ROUNDABOUT_FOLLOW,2.234,0,2.842,roundabout_blind_arc_recovery,0.0957,0.1600,0,line_too_few_bands,0.0000,0.0000,0.0000,0.0000,0.0000,0,0.0000,0.0000,0.0000,0.0000,0.1600,IDLE,1,0,step_done_latches_cleared,0,0,0.000,1,1.2800,nan,0.0553,0.9047,42,5,0.6050,0.5642,0.5301,0.5642,0.0408,本圈台阶完成,1,0.0000,0.150,0.330
535.060,ROUNDABOUT_FOLLOW,2.357,0,2.842,roundabout_follow_left_locked,0.1423,0.0191,1,line_center_tracking,-0.0177,-0.0177,-0.0177,-0.0177,0.2375,1,0.0000,0.0000,0.0000,-0.0177,0.0191,IDLE,1,0,step_done_latches_cleared,0,0,0.000,1,1.2800,nan,0.0545,0.9161,46,5,0.6050,0.5642,0.5301,0.5642,0.0408,本圈台阶完成,1,0.0000,0.150,0.330
535.192,ROUNDABOUT_FOLLOW,2.488,0,2.842,roundabout_blind_arc_recovery,0.1000,0.1600,0,line_too_few_bands,0.0000,0.0000,0.0000,0.0000,0.0000,0,0.0000,0.0000,0.0000,0.0000,0.1600,IDLE,1,0,step_done_latches_cleared,0,0,0.000,1,1.2700,nan,0.0546,0.9152,50,5,0.6050,0.5642,0.5301,0.5642,0.0408,本圈台阶完成,1,0.0000,0.150,0.330
535.317,ROUNDABOUT_FOLLOW,2.613,0,2.842,roundabout_blind_arc_recovery,0.1000,0.1600,0,line_too_few_bands,0.0000,0.0000,0.0000,0.0000,0.0000,0,0.0000,0.0000,0.0000,0.0000,0.1600,IDLE,1,0,step_done_latches_cleared,0,0,0.000,1,1.2500,nan,0.0524,0.9437,54,5,0.6050,0.5642,0.5301,0.5642,0.0408,本圈台阶完成,1,0.0000,0.150,0.330
535.443,ROUNDABOUT_FOLLOW,2.740,0,2.842,roundabout_blind_arc_recovery,0.1000,0.1600,0,line_too_few_bands,0.0000,0.0000,0.0000,0.0000,0.0000,0,0.0000,0.0000,0.0000,0.0000,0.1600,IDLE,1,0,step_done_latches_cleared,0,0,0.000,1,1.2300,nan,0.0526,0.9395,59,5,0.6050,0.5642,0.5301,0.5642,0.0408,本圈台阶完成,1,0.0000,0.150,0.330
535.578,ROUNDABOUT_FOLLOW,2.874,0,2.842,roundabout_follow_left_locked,0.1507,-0.0087,1,line_center_tracking,0.0342,0.0342,0.0342,0.0342,0.2375,1,0.0000,0.0000,0.0000,0.0342,-0.0087,IDLE,1,0,step_done_latches_cleared,0,0,0.000,1,1.2400,nan,0.0513,0.9579,63,5,0.6050,0.5642,0.5301,0.5642,0.0408,本圈台阶完成,1,0.0000,0.150,0.330
535.711,ROUNDABOUT_FOLLOW,3.008,0,2.842,roundabout_follow_left_locked,0.2013,-0.0400,1,line_center_tracking,0.0711,0.0711,0.0711,0.0711,0.2375,1,0.0000,0.0000,0.0000,0.0711,-0.0400,IDLE,1,0,step_done_latches_cleared,0,0,0.000,1,1.2400,nan,0.0509,0.9627,68,5,0.6050,0.5642,0.5301,0.5642,0.0408,本圈台阶完成,1,0.0000,0.150,0.330
535.853,ROUNDABOUT_FOLLOW,3.149,0,2.842,roundabout_follow_left_locked,0.2341,-0.0400,1,line_center_tracking,0.0820,0.0820,0.0820,0.0820,0.2375,1,0.0000,0.0000,0.0000,0.0820,-0.0400,IDLE,1,0,step_done_latches_cleared,0,0,0.000,1,1.2400,nan,0.0491,0.9270,73,5,0.6050,0.5642,0.5301,0.5642,0.0408,本圈台阶完成,1,0.0000,0.150,0.330
535.985,ROUNDABOUT_FOLLOW,3.281,0,2.842,roundabout_follow_left_locked,0.2338,-0.0400,1,line_center_tracking,0.0833,0.0833,0.0833,0.0833,0.2375,1,0.0000,0.0000,0.0000,0.0833,-0.0400,IDLE,1,0,step_done_latches_cleared,0,0,0.000,0,nan,nan,nan,0.0000,0,5,0.6050,0.5642,0.5301,0.5642,0.0408,本圈台阶完成,1,0.0000,0.150,0.330
536.119,ROUNDABOUT_FOLLOW,3.415,0,2.842,roundabout_follow_left_locked,0.2357,-0.0400,1,line_center_tracking,0.0734,0.0734,0.0734,0.0734,0.2375,1,0.0000,0.0000,0.0000,0.0734,-0.0400,IDLE,1,0,step_done_latches_cleared,0,0,0.000,0,nan,nan,nan,0.0000,0,5,0.6050,0.5642,0.5301,0.5642,0.0408,本圈台阶完成,1,0.0000,0.150,0.330
536.248,ROUNDABOUT_FOLLOW,3.545,0,2.842,roundabout_follow_left_locked,0.2379,-0.0400,1,line_center_tracking,0.0621,0.0621,0.0621,0.0621,0.2375,1,0.0000,0.0000,0.0000,0.0621,-0.0400,IDLE,1,0,step_done_latches_cleared,0,0,0.000,0,nan,nan,nan,0.0000,0,5,0.6050,0.5642,0.5301,0.5642,0.0408,本圈台阶完成,1,0.0000,0.150,0.330
536.377,ROUNDABOUT_FOLLOW,3.674,0,2.842,roundabout_blind_arc_recovery,0.1888,0.1600,0,line_too_few_bands,0.0000,0.0000,0.0000,0.0000,0.0000,0,0.0000,0.0000,0.0000,0.0000,0.1600,IDLE,1,0,step_done_latches_cleared,0,0,0.000,0,nan,nan,nan,0.0000,0,5,0.6050,0.5642,0.5301,0.5642,0.0408,本圈台阶完成,1,0.0000,0.150,0.330
536.503,ROUNDABOUT_FOLLOW,3.800,0,2.842,roundabout_blind_arc_recovery,0.1409,0.1600,0,line_too_few_bands,0.0000,0.0000,0.0000,0.0000,0.0000,0,0.0000,0.0000,0.0000,0.0000,0.1600,IDLE,1,0,step_done_latches_cleared,0,0,0.000,0,nan,nan,nan,0.0000,0,5,0.6050,0.5642,0.5301,0.5642,0.0408,本圈台阶完成,1,0.0000,0.150,0.330
536.640,ROUNDABOUT_FOLLOW,3.937,0,2.842,roundabout_blind_arc_recovery,0.1000,0.1600,0,line_too_few_bands,0.0000,0.0000,0.0000,0.0000,0.0000,0,0.0000,0.0000,0.0000,0.0000,0.1600,IDLE,1,0,step_done_latches_cleared,0,0,0.000,0,nan,nan,nan,0.0000,0,5,0.6050,0.5642,0.5301,0.5642,0.0408,本圈台阶完成,1,0.0000,0.150,0.330
536.778,ROUNDABOUT_FOLLOW,4.074,0,2.842,roundabout_follow_left_locked,0.1507,-0.0363,1,line_center_tracking,-0.0007,-0.0007,-0.0007,-0.0007,0.2375,1,0.0000,0.0000,0.0000,-0.0007,-0.0363,IDLE,1,0,step_done_latches_cleared,0,0,0.000,0,nan,nan,nan,0.0000,0,5,0.6050,0.5642,0.5301,0.5642,0.0408,本圈台阶完成,1,0.0000,0.150,0.330
536.908,ROUNDABOUT_FOLLOW,4.205,0,2.842,roundabout_blind_arc_recovery,0.1012,0.1600,0,line_too_few_bands,0.0000,0.0000,0.0000,0.0000,0.0000,0,0.0000,0.0000,0.0000,0.0000,0.1600,IDLE,1,0,step_done_latches_cleared,0,0,0.000,0,nan,nan,nan,0.0000,0,5,0.6050,0.5642,0.5301,0.5642,0.0408,本圈台阶完成,1,0.0000,0.150,0.330
537.045,ROUNDABOUT_FOLLOW,4.341,0,2.842,roundabout_follow_left_locked,0.1519,0.0522,1,line_center_tracking,-0.1281,-0.1281,-0.1281,-0.1281,0.2375,1,0.0000,0.0000,0.0000,-0.1281,0.0522,IDLE,1,0,step_done_latches_cleared,0,0,0.000,0,nan,nan,nan,0.0000,0,5,0.6050,0.5642,0.5301,0.5642,0.0408,本圈台阶完成,1,0.0000,0.150,0.330
537.175,ROUNDABOUT_FOLLOW,4.472,0,2.842,roundabout_follow_left_locked,0.2014,0.1384,1,line_center_tracking,-0.1998,-0.1998,-0.1998,-0.1998,0.2375,1,0.0000,0.0000,0.0000,-0.1998,0.1384,IDLE,1,0,step_done_latches_cleared,0,0,0.000,0,nan,nan,nan,0.0000,0,5,0.6050,0.5642,0.5301,0.5642,0.0408,本圈台阶完成,1,0.0000,0.150,0.330
537.321,ROUNDABOUT_FOLLOW,4.618,0,2.842,roundabout_blue_guard_left,0.1508,0.3000,0,line_too_few_bands,0.0000,0.0000,0.0000,0.0000,0.0000,0,0.0000,0.0000,0.0000,0.0000,0.3000,IDLE,1,0,step_done_latches_cleared,0,0,0.000,0,1.3400,nan,0.0541,0.8392,4,5,0.6050,0.5642,0.5301,0.5642,0.0408,本圈台阶完成,1,0.0000,0.150,0.330
537.450,ROUNDABOUT_FOLLOW,4.746,0,2.842,roundabout_blue_guard_left,0.1019,0.3000,1,line_center_tracking,-0.3767,-0.3767,-0.3767,-0.3767,0.2375,1,0.0000,0.0000,0.0000,-0.3767,0.3000,IDLE,1,0,step_done_latches_cleared,0,0,0.000,1,1.3200,nan,0.0588,0.8248,8,5,0.6050,0.5642,0.5301,0.5642,0.0408,本圈台阶完成,1,0.0000,0.150,0.330
537.582,ROUNDABOUT_FOLLOW,4.878,0,2.842,roundabout_blue_guard_left,0.0517,0.3000,1,line_center_tracking,-0.4440,-0.4440,-0.4440,-0.4440,0.2375,1,0.0000,0.0000,0.0000,-0.4440,0.3000,IDLE,1,0,step_done_latches_cleared,0,0,0.000,1,1.2800,nan,0.0631,0.7454,12,5,0.6050,0.5642,0.5301,0.5642,0.0408,本圈台阶完成,1,0.0000,0.150,0.330
537.734,ROUNDABOUT_FOLLOW,5.031,0,2.842,roundabout_blue_guard_left,0.0450,0.3000,0,line_too_few_bands,0.0000,0.0000,0.0000,0.0000,0.0000,0,0.0000,0.0000,0.0000,0.0000,0.3000,IDLE,1,0,step_done_latches_cleared,0,0,0.000,1,1.2600,nan,0.0640,0.7249,17,5,0.6050,0.5642,0.5301,0.5642,0.0408,本圈台阶完成,1,0.0000,0.150,0.330
537.869,ROUNDABOUT_FOLLOW,5.165,0,2.842,roundabout_blue_guard_left,0.0450,0.3000,1,line_hard_turn_centering,-0.5751,-0.5751,-0.5751,-0.5751,0.2375,1,0.0000,0.0000,0.0000,-0.5751,0.3000,IDLE,1,0,step_done_latches_cleared,0,0,0.000,0,nan,nan,nan,0.0000,0,5,0.6050,0.5642,0.5301,0.5642,0.0408,本圈台阶完成,1,0.0000,0.150,0.330
537.997,ROUNDABOUT_FOLLOW,5.293,0,2.842,roundabout_blue_guard_left,0.0450,0.3000,0,line_too_few_bands,0.0000,0.0000,0.0000,0.0000,0.0000,0,0.0000,0.0000,0.0000,0.0000,0.3000,IDLE,1,0,step_done_latches_cleared,0,0,0.000,0,nan,nan,nan,0.0000,0,5,0.6050,0.5642,0.5301,0.5642,0.0408,本圈台阶完成,1,0.0000,0.150,0.330
538.126,ROUNDABOUT_FOLLOW,5.423,0,2.842,roundabout_blue_guard_left,0.0450,0.3000,1,line_hard_turn_centering,-0.7518,-0.7518,-0.7518,-0.7518,0.2375,1,0.0000,0.0000,0.0000,-0.7518,0.3000,IDLE,1,0,step_done_latches_cleared,0,0,0.000,0,nan,nan,nan,0.0000,0,5,0.6050,0.5642,0.5301,0.5642,0.0408,本圈台阶完成,1,0.0000,0.150,0.330
538.252,ROUNDABOUT_FOLLOW,5.549,0,2.842,roundabout_blue_guard_left,0.0450,0.3000,1,line_hard_turn_centering,-0.7875,-0.7875,-0.7875,-0.7875,0.2375,1,0.0000,0.0000,0.0000,-0.7875,0.3000,IDLE,1,0,step_done_latches_cleared,0,0,0.000,0,nan,nan,nan,0.0000,0,5,0.6050,0.5642,0.5301,0.5642,0.0408,本圈台阶完成,1,0.0000,0.150,0.330
538.385,ROUNDABOUT_FOLLOW,5.681,0,2.842,roundabout_blue_guard_left,0.0450,0.3000,1,line_hard_turn_centering,-0.7718,-0.7718,-0.7718,-0.7718,0.2375,1,0.0000,0.0000,0.0000,-0.7718,0.3000,IDLE,1,0,step_done_latches_cleared,0,0,0.000,0,nan,nan,nan,0.0000,0,5,0.6050,0.5642,0.5301,0.5642,0.0408,本圈台阶完成,1,0.0000,0.150,0.330
538.510,ROUNDABOUT_FOLLOW,5.807,0,2.842,roundabout_blue_guard_left,0.0450,0.3000,0,line_too_few_bands,0.0000,0.0000,0.0000,0.0000,0.0000,0,0.0000,0.0000,0.0000,0.0000,0.3000,IDLE,1,0,step_done_latches_cleared,0,0,0.000,0,nan,nan,nan,0.0000,0,5,0.6050,0.5642,0.5301,0.5642,0.0408,本圈台阶完成,1,0.0000,0.150,0.330
538.645,ROUNDABOUT_FOLLOW,5.941,0,2.842,roundabout_blue_guard_left,0.0450,0.3000,1,line_hard_turn_centering,-0.7158,-0.7158,-0.7158,-0.7158,0.2375,1,0.0000,0.0000,0.0000,-0.7158,0.3000,IDLE,1,0,step_done_latches_cleared,0,0,0.000,0,nan,nan,nan,0.0000,0,5,0.6050,0.5642,0.5301,0.5642,0.0408,本圈台阶完成,1,0.0000,0.150,0.330
538.775,ROUNDABOUT_FOLLOW,6.072,0,2.842,roundabout_blue_guard_left,0.0450,0.3000,1,line_hard_turn_centering,-0.6650,-0.6650,-0.6650,-0.6650,0.2375,1,0.0000,0.0000,0.0000,-0.6650,0.3000,IDLE,1,0,step_done_latches_cleared,0,0,0.000,0,nan,nan,nan,0.0000,0,5,0.6050,0.5642,0.5301,0.5642,0.0408,本圈台阶完成,1,0.0000,0.150,0.330
538.904,ROUNDABOUT_FOLLOW,6.201,0,2.842,roundabout_blue_guard_left,0.0450,0.3000,1,line_hard_turn_centering,-0.6216,-0.6216,-0.6216,-0.6216,0.2375,1,0.0000,0.0000,0.0000,-0.6216,0.3000,IDLE,1,0,step_done_latches_cleared,0,0,0.000,0,nan,nan,nan,0.0000,0,5,0.6050,0.5642,0.5301,0.5642,0.0408,本圈台阶完成,1,0.0000,0.150,0.330
539.035,ROUNDABOUT_FOLLOW,6.331,0,2.842,roundabout_blue_guard_left,0.0450,0.3000,1,line_hard_turn_centering,-0.5710,-0.5710,-0.5710,-0.5710,0.2375,1,0.0000,0.0000,0.0000,-0.5710,0.3000,IDLE,1,0,step_done_latches_cleared,0,0,0.000,0,nan,nan,nan,0.0000,0,5,0.6050,0.5642,0.5301,0.5642,0.0408,本圈台阶完成,1,0.0000,0.150,0.330
539.168,ROUNDABOUT_FOLLOW,6.465,0,2.842,roundabout_follow_left_locked,0.0956,0.5492,1,line_center_tracking,-0.5085,-0.5085,-0.5085,-0.5085,0.2375,1,0.0000,0.0000,0.0000,-0.5085,0.5492,IDLE,1,0,step_done_latches_cleared,0,0,0.000,0,nan,nan,nan,0.0000,0,5,0.6050,0.5642,0.5301,0.5642,0.0408,本圈台阶完成,1,0.0000,0.150,0.330
539.304,ROUNDABOUT_FOLLOW,6.601,0,2.842,roundabout_follow_left_locked,0.1236,0.4914,1,line_center_tracking,-0.4092,-0.4092,-0.4092,-0.4092,0.2375,1,0.0000,0.0000,0.0000,-0.4092,0.4914,IDLE,1,0,step_done_latches_cleared,0,0,0.000,0,nan,nan,nan,0.0000,0,5,0.6050,0.5642,0.5301,0.5642,0.0408,本圈台阶完成,1,0.0000,0.150,0.330
539.448,ROUNDABOUT_FOLLOW,6.745,0,2.842,roundabout_blind_arc_recovery,0.1000,0.1600,0,line_too_few_bands,0.0000,0.0000,0.0000,0.0000,0.0000,0,0.0000,0.0000,0.0000,0.0000,0.1600,IDLE,1,0,step_done_latches_cleared,0,0,0.000,0,nan,nan,nan,0.0000,0,5,0.6050,0.5642,0.5301,0.5642,0.0408,本圈台阶完成,1,0.0000,0.150,0.330
539.577,ROUNDABOUT_FOLLOW,6.874,0,2.842,roundabout_blind_arc_recovery,0.1000,0.1600,0,line_too_few_bands,0.0000,0.0000,0.0000,0.0000,0.0000,0,0.0000,0.0000,0.0000,0.0000,0.1600,IDLE,1,0,step_done_latches_cleared,0,0,0.000,0,nan,nan,nan,0.0000,0,5,0.6050,0.5642,0.5301,0.5642,0.0408,本圈台阶完成,1,0.0000,0.150,0.330
539.712,ROUNDABOUT_FOLLOW,7.009,0,2.842,roundabout_blind_arc_recovery,0.1000,0.1600,0,line_too_few_bands,0.0000,0.0000,0.0000,0.0000,0.0000,0,0.0000,0.0000,0.0000,0.0000,0.1600,IDLE,1,0,step_done_latches_cleared,0,0,0.000,0,nan,nan,nan,0.0000,0,5,0.6050,0.5642,0.5301,0.5642,0.0408,本圈台阶完成,1,0.0000,0.150,0.330
539.839,ROUNDABOUT_FOLLOW,7.135,0,2.842,roundabout_blind_arc_recovery,0.1000,0.1600,0,line_too_few_bands,0.0000,0.0000,0.0000,0.0000,0.0000,0,0.0000,0.0000,0.0000,0.0000,0.1600,IDLE,1,0,step_done_latches_cleared,0,0,0.000,0,nan,nan,nan,0.0000,0,5,0.6050,0.5642,0.5301,0.5642,0.0408,本圈台阶完成,1,0.0000,0.150,0.330
539.968,ROUNDABOUT_FOLLOW,7.264,0,2.842,roundabout_blind_arc_recovery,0.1000,0.1600,0,line_too_few_bands,0.0000,0.0000,0.0000,0.0000,0.0000,0,0.0000,0.0000,0.0000,0.0000,0.1600,IDLE,1,0,step_done_latches_cleared,0,0,0.000,0,nan,nan,nan,0.0000,0,5,0.6050,0.5642,0.5301,0.5642,0.0408,本圈台阶完成,1,0.0000,0.150,0.330
540.104,ROUNDABOUT_FOLLOW,7.401,0,2.842,roundabout_blind_arc_recovery,0.1000,0.1600,0,line_too_few_bands,0.0000,0.0000,0.0000,0.0000,0.0000,0,0.0000,0.0000,0.0000,0.0000,0.1600,IDLE,1,0,step_done_latches_cleared,0,0,0.000,0,nan,nan,nan,0.0000,0,5,0.6050,0.5642,0.5301,0.5642,0.0408,本圈台阶完成,1,0.0000,0.150,0.330
540.231,ROUNDABOUT_FOLLOW,7.528,0,2.842,roundabout_follow_left_locked,0.1443,-0.0325,1,line_hard_turn_centering,0.5439,0.5439,0.5439,0.5439,0.2375,1,0.0000,0.0000,0.0000,0.5439,-0.0325,IDLE,1,0,step_done_latches_cleared,0,0,0.000,0,nan,nan,nan,0.0000,0,5,0.6050,0.5642,0.5301,0.5642,0.0408,本圈台阶完成,1,0.0000,0.150,0.330
540.362,ROUNDABOUT_FOLLOW,7.658,0,2.842,roundabout_follow_left_locked,0.1569,-0.0400,1,line_center_tracking,0.4791,0.4791,0.4791,0.4791,0.2375,1,0.0000,0.0000,0.0000,0.4791,-0.0400,IDLE,1,0,step_done_latches_cleared,0,0,0.000,0,nan,nan,nan,0.0000,0,5,0.6050,0.5642,0.5301,0.5642,0.0408,本圈台阶完成,1,0.0000,0.150,0.330
540.491,ROUNDABOUT_FOLLOW,7.788,0,2.842,roundabout_follow_left_locked,0.1570,-0.0400,1,line_center_tracking,0.4785,0.4785,0.4785,0.4785,0.2375,1,0.0000,0.0000,0.0000,0.4785,-0.0400,IDLE,1,0,step_done_latches_cleared,0,0,0.000,0,nan,nan,nan,0.0000,0,5,0.6050,0.5642,0.5301,0.5642,0.0408,本圈台阶完成,1,0.0000,0.150,0.330
540.629,ROUNDABOUT_FOLLOW,7.925,0,2.842,roundabout_follow_left_locked,0.1631,-0.0400,1,line_center_tracking,0.4468,0.4468,0.4468,0.4468,0.2375,1,0.0000,0.0000,0.0000,0.4468,-0.0400,IDLE,1,0,step_done_latches_cleared,0,0,0.000,0,nan,nan,nan,0.0000,0,5,0.6050,0.5642,0.5301,0.5642,0.0408,本圈台阶完成,1,0.0000,0.150,0.330
540.780,ROUNDABOUT_FOLLOW,8.077,0,2.842,roundabout_follow_left_locked,0.1655,-0.0400,1,line_center_tracking,0.4346,0.4346,0.4346,0.4346,0.2375,1,0.0000,0.0000,0.0000,0.4346,-0.0400,IDLE,1,0,step_done_latches_cleared,0,0,0.000,0,nan,nan,nan,0.0000,0,5,0.6050,0.5642,0.5301,0.5642,0.0408,本圈台阶完成,1,0.0000,0.150,0.330
540.908,ROUNDABOUT_FOLLOW,8.204,0,2.842,roundabout_follow_left_locked,0.1329,-0.0400,1,line_hard_turn_centering,0.6026,0.6026,0.6026,0.6026,0.2375,1,0.0000,0.0000,0.0000,0.6026,-0.0400,IDLE,1,0,step_done_latches_cleared,0,0,0.000,0,nan,nan,nan,0.0000,0,5,0.6050,0.5642,0.5301,0.5642,0.0408,本圈台阶完成,1,0.0000,0.150,0.330
541.033,ROUNDABOUT_FOLLOW,8.330,0,2.842,roundabout_follow_left_locked,0.1525,-0.0400,1,line_center_tracking,0.5014,0.5014,0.5014,0.5014,0.2375,1,0.0000,0.0000,0.0000,0.5014,-0.0400,IDLE,1,0,step_done_latches_cleared,0,0,0.000,0,nan,nan,nan,0.0000,0,5,0.6050,0.5642,0.5301,0.5642,0.0408,本圈台阶完成,1,0.0000,0.150,0.330
541.157,ROUNDABOUT_FOLLOW,8.454,0,2.842,roundabout_blind_arc_recovery,0.1053,0.1600,0,line_too_few_bands,0.0000,0.0000,0.0000,0.0000,0.0000,0,0.0000,0.0000,0.0000,0.0000,0.1600,IDLE,1,0,step_done_latches_cleared,0,0,0.000,0,nan,nan,nan,0.0000,0,5,0.6050,0.5642,0.5301,0.5642,0.0408,本圈台阶完成,1,0.0000,0.150,0.330
541.288,ROUNDABOUT_FOLLOW,8.585,0,2.842,roundabout_follow_left_locked,0.1548,-0.0400,1,line_center_tracking,0.2682,0.2682,0.2682,0.2682,0.2375,1,0.0000,0.0000,0.0000,0.2682,-0.0400,IDLE,1,0,step_done_latches_cleared,0,0,0.000,0,nan,nan,nan,0.0000,0,5,0.6050,0.5642,0.5301,0.5642,0.0408,本圈台阶完成,1,0.0000,0.150,0.330
541.416,ROUNDABOUT_FOLLOW,8.713,0,2.842,roundabout_follow_left_locked,0.1786,-0.0400,1,line_recenter_transition,0.1070,0.1655,-0.2518,-0.2518,0.3733,3,0.4173,0.0000,0.4173,-0.1127,-0.0400,IDLE,1,0,step_done_latches_cleared,0,0,0.000,0,nan,nan,nan,0.0000,0,5,0.6050,0.5642,0.5301,0.5642,0.0408,本圈台阶完成,1,0.0000,0.150,0.330
541.546,ROUNDABOUT_FOLLOW,8.843,0,2.842,roundabout_follow_left_locked,0.1999,-0.0400,1,line_center_tracking,-0.0186,0.0635,-0.2298,-0.2298,0.2478,2,0.2933,0.0000,0.2933,-0.1320,-0.0400,IDLE,1,0,step_done_latches_cleared,0,0,0.000,0,nan,nan,nan,0.0000,0,5,0.6050,0.5642,0.5301,0.5642,0.0408,本圈台阶完成,1,0.0000,0.150,0.330
541.675,ROUNDABOUT_FOLLOW,8.972,0,2.842,roundabout_follow_left_locked,0.1678,-0.0400,1,line_recenter_transition,0.0062,0.0735,-0.4074,-0.4074,0.2291,2,0.4808,0.0000,0.4808,-0.2471,-0.0400,IDLE,1,0,step_done_latches_cleared,0,0,0.000,0,nan,nan,nan,0.0000,0,5,0.6050,0.5642,0.5301,0.5642,0.0408,本圈台阶完成,1,0.0000,0.150,0.330
541.817,ROUNDABOUT_FOLLOW,9.113,0,2.842,roundabout_follow_left_locked,0.1454,0.2781,1,line_hard_turn_centering,-0.5380,-0.5380,-0.5380,-0.5380,0.2375,1,0.0000,0.0000,0.0000,-0.5380,0.2781,IDLE,1,0,step_done_latches_cleared,0,0,0.000,0,nan,nan,nan,0.0000,0,5,0.6050,0.5642,0.5301,0.5642,0.0408,本圈台阶完成,1,0.0000,0.150,0.330
541.961,ROUNDABOUT_FOLLOW,9.258,0,2.842,roundabout_blind_arc_recovery,0.1000,0.1600,0,line_too_few_bands,0.0000,0.0000,0.0000,0.0000,0.0000,0,0.0000,0.0000,0.0000,0.0000,0.1600,IDLE,1,0,step_done_latches_cleared,0,0,0.000,0,nan,nan,nan,0.0000,0,5,0.6050,0.5642,0.5301,0.5642,0.0408,本圈台阶完成,1,0.0000,0.150,0.330
542.087,ROUNDABOUT_FOLLOW,9.384,0,2.842,roundabout_blind_arc_recovery,0.1000,0.1600,0,line_too_few_bands,0.0000,0.0000,0.0000,0.0000,0.0000,0,0.0000,0.0000,0.0000,0.0000,0.1600,IDLE,1,0,step_done_latches_cleared,0,0,0.000,0,nan,nan,nan,0.0000,0,5,0.6050,0.5642,0.5301,0.5642,0.0408,本圈台阶完成,1,0.0000,0.150,0.330
542.212,ROUNDABOUT_FOLLOW,9.509,0,2.842,roundabout_blind_arc_recovery,0.1000,0.1600,0,line_too_few_bands,0.0000,0.0000,0.0000,0.0000,0.0000,0,0.0000,0.0000,0.0000,0.0000,0.1600,IDLE,1,0,step_done_latches_cleared,0,0,0.000,0,nan,nan,nan,0.0000,0,5,0.6050,0.5642,0.5301,0.5642,0.0408,本圈台阶完成,1,0.0000,0.150,0.330
542.340,ROUNDABOUT_FOLLOW,9.636,0,2.842,roundabout_blind_arc_recovery,0.1000,0.1600,0,line_too_few_bands,0.0000,0.0000,0.0000,0.0000,0.0000,0,0.0000,0.0000,0.0000,0.0000,0.1600,IDLE,1,0,step_done_latches_cleared,0,0,0.000,0,nan,nan,nan,0.0000,0,5,0.6050,0.5642,0.5301,0.5642,0.0408,本圈台阶完成,1,0.0000,0.150,0.330
542.471,ROUNDABOUT_FOLLOW,9.768,0,2.842,roundabout_blind_arc_recovery,0.1000,0.1600,0,line_too_few_bands,0.0000,0.0000,0.0000,0.0000,0.0000,0,0.0000,0.0000,0.0000,0.0000,0.1600,IDLE,1,0,step_done_latches_cleared,0,0,0.000,0,nan,nan,nan,0.0000,0,5,0.6050,0.5642,0.5301,0.5642,0.0408,本圈台阶完成,1,0.0000,0.150,0.330
542.595,ROUNDABOUT_FOLLOW,9.892,0,2.842,roundabout_blind_arc_recovery,0.1000,0.1600,0,line_too_few_bands,0.0000,0.0000,0.0000,0.0000,0.0000,0,0.0000,0.0000,0.0000,0.0000,0.1600,IDLE,1,0,step_done_latches_cleared,0,0,0.000,0,nan,nan,nan,0.0000,0,5,0.6050,0.5642,0.5301,0.5642,0.0408,本圈台阶完成,1,0.0000,0.150,0.330
542.731,ROUNDABOUT_FOLLOW,10.027,0,2.842,roundabout_blind_arc_recovery,0.1000,0.1600,0,line_too_few_bands,0.0000,0.0000,0.0000,0.0000,0.0000,0,0.0000,0.0000,0.0000,0.0000,0.1600,IDLE,1,0,step_done_latches_cleared,0,0,0.000,0,nan,nan,nan,0.0000,0,5,0.6050,0.5642,0.5301,0.5642,0.0408,本圈台阶完成,1,0.0000,0.150,0.330
542.856,ROUNDABOUT_FOLLOW,10.153,0,2.842,roundabout_blind_arc_recovery,0.1000,0.1600,0,line_too_few_bands,0.0000,0.0000,0.0000,0.0000,0.0000,0,0.0000,0.0000,0.0000,0.0000,0.1600,IDLE,1,0,step_done_latches_cleared,0,0,0.000,0,nan,nan,nan,0.0000,0,5,0.6050,0.5642,0.5301,0.5642,0.0408,本圈台阶完成,1,0.0000,0.150,0.330
542.987,ROUNDABOUT_FOLLOW,10.284,0,2.842,roundabout_blind_arc_recovery,0.1000,0.1600,0,line_too_few_bands,0.0000,0.0000,0.0000,0.0000,0.0000,0,0.0000,0.0000,0.0000,0.0000,0.1600,IDLE,1,0,step_done_latches_cleared,0,0,0.000,0,nan,nan,nan,0.0000,0,5,0.6050,0.5642,0.5301,0.5642,0.0408,本圈台阶完成,1,0.0000,0.150,0.330
543.117,ROUNDABOUT_FOLLOW,10.414,0,2.842,roundabout_blind_arc_recovery,0.1000,0.1600,0,line_too_few_bands,0.0000,0.0000,0.0000,0.0000,0.0000,0,0.0000,0.0000,0.0000,0.0000,0.1600,IDLE,1,0,step_done_latches_cleared,0,0,0.000,0,nan,nan,nan,0.0000,0,5,0.6050,0.5642,0.5301,0.5642,0.0408,本圈台阶完成,1,0.0000,0.150,0.330
543.246,ROUNDABOUT_FOLLOW,10.542,0,2.842,roundabout_follow_left_locked,0.1125,0.4808,1,line_hard_turn_centering,-0.7075,-0.7075,-0.7075,-0.7075,0.2375,1,0.0000,0.0000,0.0000,-0.7075,0.4808,IDLE,1,0,step_done_latches_cleared,0,0,0.000,0,nan,nan,nan,0.0000,0,5,0.6050,0.5642,0.5301,0.5642,0.0408,本圈台阶完成,1,0.0000,0.150,0.330
543.374,ROUNDABOUT_FOLLOW,10.671,0,2.842,roundabout_follow_left_locked,0.1000,0.6536,1,line_hard_turn_centering,-0.7313,-0.7313,-0.7313,-0.7313,0.2375,1,0.0000,0.0000,0.0000,-0.7313,0.6536,IDLE,1,0,step_done_latches_cleared,0,0,0.000,0,nan,nan,nan,0.0000,0,5,0.6050,0.5642,0.5301,0.5642,0.0408,本圈台阶完成,1,0.0000,0.150,0.330
543.508,ROUNDABOUT_FOLLOW,10.805,0,2.842,roundabout_follow_left_locked,0.1000,0.7000,1,line_hard_turn_centering,-0.7138,-0.7138,-0.7138,-0.7138,0.2375,1,0.0000,0.0000,0.0000,-0.7138,0.7000,IDLE,1,0,step_done_latches_cleared,0,0,0.000,0,nan,nan,nan,0.0000,0,5,0.6050,0.5642,0.5301,0.5642,0.0408,本圈台阶完成,1,0.0000,0.150,0.330
543.638,ROUNDABOUT_FOLLOW,10.935,0,2.842,roundabout_follow_left_locked,0.1000,0.6961,1,line_hard_turn_centering,-0.6413,-0.6413,-0.6413,-0.6413,0.2375,1,0.0000,0.0000,0.0000,-0.6413,0.6961,IDLE,1,0,step_done_latches_cleared,0,0,0.000,0,nan,nan,nan,0.0000,0,5,0.6050,0.5642,0.5301,0.5642,0.0408,本圈台阶完成,1,0.0000,0.150,0.330
543.765,ROUNDABOUT_FOLLOW,11.062,0,2.842,roundabout_follow_left_locked,0.1000,0.6337,1,line_hard_turn_centering,-0.5377,-0.5377,-0.5377,-0.5377,0.2375,1,0.0000,0.0000,0.0000,-0.5377,0.6337,IDLE,1,0,step_done_latches_cleared,0,0,0.000,0,nan,nan,nan,0.0000,0,5,0.6050,0.5642,0.5301,0.5642,0.0408,本圈台阶完成,1,0.0000,0.150,0.330
543.896,ROUNDABOUT_FOLLOW,11.193,0,2.842,roundabout_follow_left_locked,0.1000,0.6257,1,line_hard_turn_centering,-0.5673,-0.5673,-0.5673,-0.5673,0.2375,1,0.0000,0.0000,0.0000,-0.5673,0.6257,IDLE,1,0,step_done_latches_cleared,0,0,0.000,0,nan,nan,nan,0.0000,0,5,0.6050,0.5642,0.5301,0.5642,0.0408,本圈台阶完成,1,0.0000,0.150,0.330
544.031,ROUNDABOUT_FOLLOW,11.328,0,2.842,roundabout_blind_arc_recovery,0.1000,0.2923,0,line_too_few_bands,0.0000,0.0000,0.0000,0.0000,0.0000,0,0.0000,0.0000,0.0000,0.0000,0.2923,IDLE,1,0,step_done_latches_cleared,0,0,0.000,0,nan,nan,nan,0.0000,0,5,0.6050,0.5642,0.5301,0.5642,0.0408,本圈台阶完成,1,0.0000,0.150,0.330
544.162,ROUNDABOUT_FOLLOW,11.459,0,2.842,roundabout_follow_left_locked,0.1000,0.6068,1,line_hard_turn_centering,-0.5436,-0.5436,-0.5436,-0.5436,0.2375,1,0.0000,0.0000,0.0000,-0.5436,0.6068,IDLE,1,0,step_done_latches_cleared,0,0,0.000,0,nan,nan,nan,0.0000,0,5,0.6050,0.5642,0.5301,0.5642,0.0408,本圈台阶完成,1,0.0000,0.150,0.330
544.298,ROUNDABOUT_FOLLOW,11.594,0,2.842,roundabout_follow_left_locked,0.1439,0.4125,1,line_center_tracking,-0.2272,-0.1327,-0.4702,-0.4702,0.2135,2,0.3375,0.0000,0.3375,-0.3577,0.4125,IDLE,1,0,step_done_latches_cleared,0,0,0.000,0,nan,nan,nan,0.0000,0,5,0.6050,0.5642,0.5301,0.5642,0.0408,本圈台阶完成,1,0.0000,0.150,0.330
544.430,ROUNDABOUT_FOLLOW,11.727,0,2.842,roundabout_follow_left_locked,0.1753,0.2905,1,line_center_tracking,-0.1560,-0.0770,-0.3591,-0.3591,0.2564,2,0.2822,0.0000,0.2822,-0.2651,0.2905,IDLE,1,0,step_done_latches_cleared,0,0,0.000,0,nan,nan,nan,0.0000,0,5,0.6050,0.5642,0.5301,0.5642,0.0408,本圈台阶完成,1,0.0000,0.150,0.330
544.561,ROUNDABOUT_FOLLOW,11.858,0,2.842,roundabout_follow_left_locked,0.2003,0.1933,1,line_center_tracking,-0.0900,-0.0241,-0.2595,-0.2595,0.2926,2,0.2354,0.0000,0.2354,-0.1811,0.1933,IDLE,1,0,step_done_latches_cleared,0,0,0.000,0,nan,nan,nan,0.0000,0,5,0.6050,0.5642,0.5301,0.5642,0.0408,本圈台阶完成,1,0.0000,0.150,0.330
544.700,ROUNDABOUT_FOLLOW,11.997,0,2.842,roundabout_follow_left_locked,0.2146,0.1064,1,line_center_tracking,-0.0192,0.0389,-0.1684,-0.1684,0.3144,2,0.2073,0.0000,0.2073,-0.0993,0.1064,IDLE,1,0,step_done_latches_cleared,0,0,0.000,0,nan,nan,nan,0.0000,0,5,0.6050,0.5642,0.5301,0.5642,0.0408,本圈台阶完成,1,0.0000,0.150,0.330
544.835,ROUNDABOUT_FOLLOW,12.132,0,2.842,roundabout_follow_left_locked,0.2167,0.0327,1,line_center_tracking,0.0365,0.0911,-0.1039,-0.1039,0.3240,2,0.1949,0.0000,0.1949,-0.0389,0.0327,IDLE,1,0,step_done_latches_cleared,0,0,0.000,0,nan,nan,nan,0.0000,0,5,0.6050,0.5642,0.5301,0.5642,0.0408,本圈台阶完成,1,0.0000,0.150,0.330
544.971,ROUNDABOUT_FOLLOW,12.268,0,2.842,roundabout_follow_left_locked,0.2167,-0.0275,1,line_center_tracking,0.0806,0.1352,-0.0597,-0.0597,0.3240,2,0.1949,0.0000,0.1949,0.0053,-0.0275,IDLE,1,0,step_done_latches_cleared,0,0,0.000,0,nan,nan,nan,0.0000,0,5,0.6050,0.5642,0.5301,0.5642,0.0408,本圈台阶完成,1,0.0000,0.150,0.330
545.104,ROUNDABOUT_FOLLOW,12.400,0,2.842,roundabout_follow_left_locked,0.2435,0.0102,1,line_center_tracking,-0.0333,-0.0333,-0.0333,-0.0333,0.2375,1,0.0000,0.0000,0.0000,-0.0333,0.0102,IDLE,1,0,step_done_latches_cleared,0,0,0.000,0,nan,nan,nan,0.0000,0,5,0.6050,0.5642,0.5301,0.5642,0.0408,本圈台阶完成,1,0.0000,0.150,0.330
545.236,ROUNDABOUT_FOLLOW,12.533,0,2.842,roundabout_follow_left_locked,0.2427,0.0250,1,line_center_tracking,-0.0374,-0.0374,-0.0374,-0.0374,0.2375,1,0.0000,0.0000,0.0000,-0.0374,0.0250,IDLE,1,0,step_done_latches_cleared,0,0,0.000,0,nan,nan,nan,0.0000,0,5,0.6050,0.5642,0.5301,0.5642,0.0408,本圈台阶完成,1,0.0000,0.150,0.330
545.380,ROUNDABOUT_FOLLOW,12.677,0,2.842,roundabout_follow_left_locked,0.2266,0.0044,1,line_center_tracking,0.0108,-0.0276,0.1095,0.1095,0.4049,2,0.1371,0.0000,0.1371,0.0638,0.0044,IDLE,1,0,step_done_latches_cleared,0,0,0.000,0,nan,nan,nan,0.0000,0,5,0.6050,0.5642,0.5301,0.5642,0.0408,本圈台阶完成,1,0.0000,0.150,0.330
545.508,ROUNDABOUT_FOLLOW,12.805,0,2.842,roundabout_follow_left_locked,0.2101,-0.0058,1,line_center_tracking,0.0148,-0.0506,0.1830,0.1830,0.3556,2,0.2336,0.0000,0.2336,0.1051,-0.0058,IDLE,1,0,step_done_latches_cleared,0,0,0.000,0,nan,nan,nan,0.0000,0,5,0.6050,0.5642,0.5301,0.5642,0.0408,本圈台阶完成,1,0.0000,0.150,0.330
545.642,ROUNDABOUT_FOLLOW,12.939,0,2.842,roundabout_follow_left_locked,0.2246,-0.0400,1,line_center_tracking,0.1329,0.1309,0.1382,0.1382,0.4545,2,0.0073,0.0000,0.0073,0.1357,-0.0400,IDLE,1,0,step_done_latches_cleared,0,0,0.000,0,nan,nan,nan,0.0000,0,5,0.6050,0.5642,0.5301,0.5642,0.0408,本圈台阶完成,1,0.0000,0.150,0.330
545.798,ROUNDABOUT_FOLLOW,13.095,0,2.842,roundabout_follow_left_locked,0.2371,-0.0400,1,line_center_tracking,0.0522,0.0665,0.0153,0.0153,0.3309,2,0.0512,0.0000,0.0512,0.0324,-0.0400,IDLE,1,0,step_done_latches_cleared,0,0,0.000,0,nan,nan,nan,0.0000,0,5,0.6050,0.5642,0.5301,0.5642,0.0408,本圈台阶完成,1,0.0000,0.150,0.330
545.925,ROUNDABOUT_FOLLOW,13.222,0,2.842,roundabout_follow_left_locked,0.2361,-0.0400,1,line_center_tracking,0.0714,0.0714,0.0714,0.0714,0.2375,1,0.0000,0.0000,0.0000,0.0714,-0.0400,IDLE,1,0,step_done_latches_cleared,0,0,0.000,0,nan,nan,nan,0.0000,0,5,0.6050,0.5642,0.5301,0.5642,0.0408,本圈台阶完成,1,0.0000,0.150,0.330
546.055,ROUNDABOUT_FOLLOW,13.352,0,2.842,roundabout_blind_arc_recovery,0.1866,0.1600,0,line_too_few_bands,0.0000,0.0000,0.0000,0.0000,0.0000,0,0.0000,0.0000,0.0000,0.0000,0.1600,IDLE,1,0,step_done_latches_cleared,0,0,0.000,0,nan,nan,nan,0.0000,0,5,0.6050,0.5642,0.5301,0.5642,0.0408,本圈台阶完成,1,0.0000,0.150,0.330
546.179,ROUNDABOUT_FOLLOW,13.476,0,2.842,roundabout_blind_arc_recovery,0.1396,0.1600,0,line_too_few_bands,0.0000,0.0000,0.0000,0.0000,0.0000,0,0.0000,0.0000,0.0000,0.0000,0.1600,IDLE,1,0,step_done_latches_cleared,0,0,0.000,0,nan,nan,nan,0.0000,0,5,0.6050,0.5642,0.5301,0.5642,0.0408,本圈台阶完成,1,0.0000,0.150,0.330
546.303,ROUNDABOUT_FOLLOW,13.600,0,2.842,roundabout_blue_guard_left,0.0924,0.3000,0,line_too_few_bands,0.0000,0.0000,0.0000,0.0000,0.0000,0,0.0000,0.0000,0.0000,0.0000,0.3000,IDLE,1,0,step_done_latches_cleared,0,0,0.000,0,nan,nan,nan,0.0000,0,5,0.6050,0.5642,0.5301,0.5642,0.0408,本圈台阶完成,1,0.0000,0.150,0.330
546.436,ROUNDABOUT_FOLLOW,13.732,0,2.842,roundabout_blue_guard_left,0.0450,0.3000,0,line_too_few_bands,0.0000,0.0000,0.0000,0.0000,0.0000,0,0.0000,0.0000,0.0000,0.0000,0.3000,IDLE,1,0,step_done_latches_cleared,0,0,0.000,0,nan,nan,nan,0.0000,0,5,0.6050,0.5642,0.5301,0.5642,0.0408,本圈台阶完成,1,0.0000,0.150,0.330
546.565,ROUNDABOUT_FOLLOW,13.862,0,2.842,roundabout_blue_guard_left,0.0450,0.3000,0,line_too_few_bands,0.0000,0.0000,0.0000,0.0000,0.0000,0,0.0000,0.0000,0.0000,0.0000,0.3000,IDLE,1,0,step_done_latches_cleared,0,0,0.000,0,nan,nan,nan,0.0000,0,5,0.6050,0.5642,0.5301,0.5642,0.0408,本圈台阶完成,1,0.0000,0.150,0.330
546.696,ROUNDABOUT_FOLLOW,13.992,0,2.842,roundabout_blue_guard_left,0.0450,0.3000,1,line_hard_turn_centering,0.7712,0.7704,0.7782,0.7712,0.6454,4,0.0078,0.0070,0.0008,0.7733,0.3000,IDLE,1,0,step_done_latches_cleared,0,0,0.000,0,nan,nan,nan,0.0000,0,5,0.6050,0.5642,0.5301,0.5642,0.0408,本圈台阶完成,1,0.0000,0.150,0.330
546.831,ROUNDABOUT_FOLLOW,14.128,0,2.842,roundabout_blue_guard_left,0.0450,0.3000,0,line_too_few_bands,0.0000,0.0000,0.0000,0.0000,0.0000,0,0.0000,0.0000,0.0000,0.0000,0.3000,IDLE,1,0,step_done_latches_cleared,0,0,0.000,0,nan,nan,nan,0.0000,0,5,0.6050,0.5642,0.5301,0.5642,0.0408,本圈台阶完成,1,0.0000,0.150,0.330
546.963,ROUNDABOUT_FOLLOW,14.260,0,2.842,roundabout_blue_guard_left,0.0450,0.3000,0,line_too_few_bands,0.0000,0.0000,0.0000,0.0000,0.0000,0,0.0000,0.0000,0.0000,0.0000,0.3000,IDLE,1,0,step_done_latches_cleared,0,0,0.000,0,nan,nan,nan,0.0000,0,5,0.6050,0.5642,0.5301,0.5642,0.0408,本圈台阶完成,1,0.0000,0.150,0.330
547.093,ROUNDABOUT_FOLLOW,14.390,0,2.842,roundabout_blue_guard_left,0.0450,0.3000,0,line_too_few_bands,0.0000,0.0000,0.0000,0.0000,0.0000,0,0.0000,0.0000,0.0000,0.0000,0.3000,IDLE,1,0,step_done_latches_cleared,0,0,0.000,0,nan,nan,nan,0.0000,0,5,0.6050,0.5642,0.5301,0.5642,0.0408,本圈台阶完成,1,0.0000,0.150,0.330
547.221,ROUNDABOUT_FOLLOW,14.518,0,2.842,roundabout_blue_guard_left,0.0450,0.3000,0,line_too_few_bands,0.0000,0.0000,0.0000,0.0000,0.0000,0,0.0000,0.0000,0.0000,0.0000,0.3000,IDLE,1,0,step_done_latches_cleared,0,0,0.000,0,nan,nan,nan,0.0000,0,5,0.6050,0.5642,0.5301,0.5642,0.0408,本圈台阶完成,1,0.0000,0.150,0.330
547.352,ROUNDABOUT_FOLLOW,14.648,0,2.842,roundabout_blue_guard_left,0.0450,0.3000,0,line_too_few_bands,0.0000,0.0000,0.0000,0.0000,0.0000,0,0.0000,0.0000,0.0000,0.0000,0.3000,IDLE,1,0,step_done_latches_cleared,0,0,0.000,0,nan,nan,nan,0.0000,0,5,0.6050,0.5642,0.5301,0.5642,0.0408,本圈台阶完成,1,0.0000,0.150,0.330
547.482,ROUNDABOUT_FOLLOW,14.779,0,2.842,roundabout_blue_guard_left,0.0450,0.3000,0,line_too_few_bands,0.0000,0.0000,0.0000,0.0000,0.0000,0,0.0000,0.0000,0.0000,0.0000,0.3000,IDLE,1,0,step_done_latches_cleared,0,0,0.000,0,nan,nan,nan,0.0000,0,5,0.6050,0.5642,0.5301,0.5642,0.0408,本圈台阶完成,1,0.0000,0.150,0.330
547.606,ROUNDABOUT_FOLLOW,14.903,0,2.842,roundabout_blue_guard_left,0.0450,0.3000,0,line_too_few_bands,0.0000,0.0000,0.0000,0.0000,0.0000,0,0.0000,0.0000,0.0000,0.0000,0.3000,IDLE,1,0,step_done_latches_cleared,0,0,0.000,0,nan,nan,nan,0.0000,0,5,0.6050,0.5642,0.5301,0.5642,0.0408,本圈台阶完成,1,0.0000,0.150,0.330
547.739,ROUNDABOUT_FOLLOW,15.036,0,2.842,roundabout_blue_guard_left,0.0450,0.3000,0,line_too_few_bands,0.0000,0.0000,0.0000,0.0000,0.0000,0,0.0000,0.0000,0.0000,0.0000,0.3000,IDLE,1,0,step_done_latches_cleared,0,0,0.000,0,nan,nan,nan,0.0000,0,5,0.6050,0.5642,0.5301,0.5642,0.0408,本圈台阶完成,1,0.0000,0.150,0.330
547.863,ROUNDABOUT_FOLLOW,15.160,0,2.842,roundabout_blue_guard_left,0.0450,0.3000,0,line_too_few_bands,0.0000,0.0000,0.0000,0.0000,0.0000,0,0.0000,0.0000,0.0000,0.0000,0.3000,IDLE,1,0,step_done_latches_cleared,0,0,0.000,0,nan,nan,nan,0.0000,0,5,0.6050,0.5642,0.5301,0.5642,0.0408,本圈台阶完成,1,0.0000,0.150,0.330
547.999,ROUNDABOUT_FOLLOW,15.295,0,2.842,roundabout_blue_guard_left,0.0450,0.3000,0,line_too_few_bands,0.0000,0.0000,0.0000,0.0000,0.0000,0,0.0000,0.0000,0.0000,0.0000,0.3000,IDLE,1,0,step_done_latches_cleared,0,0,0.000,0,nan,nan,nan,0.0000,0,5,0.6050,0.5642,0.5301,0.5642,0.0408,本圈台阶完成,1,0.0000,0.150,0.330
548.122,ROUNDABOUT_FOLLOW,15.419,0,2.842,roundabout_blue_guard_left,0.0450,0.3000,0,line_too_few_bands,0.0000,0.0000,0.0000,0.0000,0.0000,0,0.0000,0.0000,0.0000,0.0000,0.3000,IDLE,1,0,step_done_latches_cleared,0,0,0.000,0,nan,nan,nan,0.0000,0,5,0.6050,0.5642,0.5301,0.5642,0.0408,本圈台阶完成,1,0.0000,0.150,0.330
548.244,ROUNDABOUT_FOLLOW,15.541,0,2.842,roundabout_blue_guard_left,0.0450,0.3000,0,line_too_few_bands,0.0000,0.0000,0.0000,0.0000,0.0000,0,0.0000,0.0000,0.0000,0.0000,0.3000,IDLE,1,0,step_done_latches_cleared,0,0,0.000,0,nan,nan,nan,0.0000,0,5,0.6050,0.5642,0.5301,0.5642,0.0408,本圈台阶完成,1,0.0000,0.150,0.330
548.376,ROUNDABOUT_FOLLOW,15.673,0,2.842,roundabout_blue_guard_left,0.0450,0.3000,0,line_too_few_bands,0.0000,0.0000,0.0000,0.0000,0.0000,0,0.0000,0.0000,0.0000,0.0000,0.3000,IDLE,1,0,step_done_latches_cleared,0,0,0.000,0,nan,nan,nan,0.0000,0,5,0.6050,0.5642,0.5301,0.5642,0.0408,本圈台阶完成,1,0.0000,0.150,0.330
548.517,ROUNDABOUT_FOLLOW,15.814,0,2.842,roundabout_blue_guard_left,0.0450,0.3000,0,line_too_few_bands,0.0000,0.0000,0.0000,0.0000,0.0000,0,0.0000,0.0000,0.0000,0.0000,0.3000,IDLE,1,0,step_done_latches_cleared,0,0,0.000,0,nan,nan,nan,0.0000,0,5,0.6050,0.5642,0.5301,0.5642,0.0408,本圈台阶完成,1,0.0000,0.150,0.330
548.646,ROUNDABOUT_FOLLOW,15.943,0,2.842,roundabout_blue_guard_left,0.0450,0.3000,0,line_too_few_bands,0.0000,0.0000,0.0000,0.0000,0.0000,0,0.0000,0.0000,0.0000,0.0000,0.3000,IDLE,1,0,step_done_latches_cleared,0,0,0.000,0,nan,nan,nan,0.0000,0,5,0.6050,0.5642,0.5301,0.5642,0.0408,本圈台阶完成,1,0.0000,0.150,0.330
548.780,ROUNDABOUT_FOLLOW,16.077,0,2.842,roundabout_blue_guard_left,0.0450,0.3000,0,line_too_few_bands,0.0000,0.0000,0.0000,0.0000,0.0000,0,0.0000,0.0000,0.0000,0.0000,0.3000,IDLE,1,0,step_done_latches_cleared,0,0,0.000,0,nan,nan,nan,0.0000,0,5,0.6050,0.5642,0.5301,0.5642,0.0408,本圈台阶完成,1,0.0000,0.150,0.330
548.909,ROUNDABOUT_FOLLOW,16.206,0,2.842,roundabout_blue_guard_left,0.0450,0.3000,0,line_too_few_bands,0.0000,0.0000,0.0000,0.0000,0.0000,0,0.0000,0.0000,0.0000,0.0000,0.3000,IDLE,1,0,step_done_latches_cleared,0,0,0.000,0,nan,nan,nan,0.0000,0,5,0.6050,0.5642,0.5301,0.5642,0.0408,本圈台阶完成,1,0.0000,0.150,0.330
549.042,ROUNDABOUT_FOLLOW,16.338,0,2.842,roundabout_follow_left_locked,0.0954,0.2101,1,line_center_tracking,-0.1945,-0.1945,-0.1945,-0.1945,0.2375,1,0.0000,0.0000,0.0000,-0.1945,0.2101,IDLE,1,0,step_done_latches_cleared,0,0,0.000,0,nan,nan,nan,0.0000,0,5,0.6050,0.5642,0.5301,0.5642,0.0408,本圈台阶完成,1,0.0000,0.150,0.330
549.169,ROUNDABOUT_FOLLOW,16.466,0,2.842,roundabout_follow_left_locked,0.1438,0.2375,1,line_center_tracking,-0.2413,-0.2413,-0.2413,-0.2413,0.2375,1,0.0000,0.0000,0.0000,-0.2413,0.2375,IDLE,1,0,step_done_latches_cleared,0,0,0.000,0,nan,nan,nan,0.0000,0,5,0.6050,0.5642,0.5301,0.5642,0.0408,本圈台阶完成,1,0.0000,0.150,0.330
549.312,ROUNDABOUT_FOLLOW,16.609,0,2.842,roundabout_follow_left_locked,0.1851,0.2523,1,line_center_tracking,-0.2479,-0.2479,-0.2479,-0.2479,0.2375,1,0.0000,0.0000,0.0000,-0.2479,0.2523,IDLE,1,0,step_done_latches_cleared,0,0,0.000,0,nan,nan,nan,0.0000,0,5,0.6050,0.5642,0.5301,0.5642,0.0408,本圈台阶完成,1,0.0000,0.150,0.330
549.450,ROUNDABOUT_FOLLOW,16.747,0,2.842,roundabout_blind_arc_recovery,0.1345,0.1600,0,line_too_few_bands,0.0000,0.0000,0.0000,0.0000,0.0000,0,0.0000,0.0000,0.0000,0.0000,0.1600,IDLE,1,0,step_done_latches_cleared,0,0,0.000,0,nan,nan,nan,0.0000,0,5,0.6050,0.5642,0.5301,0.5642,0.0408,本圈台阶完成,1,0.0000,0.150,0.330
549.577,ROUNDABOUT_FOLLOW,16.874,0,2.842,roundabout_follow_left_locked,0.1826,0.1352,1,line_center_tracking,-0.0228,-0.0228,-0.0228,-0.0228,0.2375,1,0.0000,0.0000,0.0000,-0.0228,0.1352,IDLE,1,0,step_done_latches_cleared,0,0,0.000,0,nan,nan,nan,0.0000,0,5,0.6050,0.5642,0.5301,0.5642,0.0408,本圈台阶完成,1,0.0000,0.150,0.330
549.708,ROUNDABOUT_FOLLOW,17.005,0,2.842,roundabout_follow_left_locked,0.2196,0.1181,1,line_center_tracking,-0.0905,-0.0905,-0.0905,-0.0905,0.2375,1,0.0000,0.0000,0.0000,-0.0905,0.1181,IDLE,1,0,step_done_latches_cleared,0,0,0.000,0,nan,nan,nan,0.0000,0,5,0.6050,0.5642,0.5301,0.5642,0.0408,本圈台阶完成,1,0.0000,0.150,0.330
549.841,ROUNDABOUT_FOLLOW,17.138,0,2.842,roundabout_follow_left_locked,0.2177,0.1257,1,line_center_tracking,-0.1203,-0.1203,-0.1203,-0.1203,0.2375,1,0.0000,0.0000,0.0000,-0.1203,0.1257,IDLE,1,0,step_done_latches_cleared,0,0,0.000,0,nan,nan,nan,0.0000,0,5,0.6050,0.5642,0.5301,0.5642,0.0408,本圈台阶完成,1,0.0000,0.150,0.330
549.968,ROUNDABOUT_FOLLOW,17.265,0,2.842,roundabout_follow_left_locked,0.2181,0.1242,1,line_center_tracking,-0.1142,-0.1142,-0.1142,-0.1142,0.2375,1,0.0000,0.0000,0.0000,-0.1142,0.1242,IDLE,1,0,step_done_latches_cleared,0,0,0.000,0,nan,nan,nan,0.0000,0,5,0.6050,0.5642,0.5301,0.5642,0.0408,本圈台阶完成,1,0.0000,0.150,0.330
550.092,ROUNDABOUT_FOLLOW,17.388,0,2.842,roundabout_follow_left_locked,0.2166,0.1300,1,line_center_tracking,-0.1248,-0.1248,-0.1248,-0.1248,0.2375,1,0.0000,0.0000,0.0000,-0.1248,0.1300,IDLE,1,0,step_done_latches_cleared,0,0,0.000,0,nan,nan,nan,0.0000,0,5,0.6050,0.5642,0.5301,0.5642,0.0408,本圈台阶完成,1,0.0000,0.150,0.330
550.252,ROUNDABOUT_EXIT,0.000,0,2.842,roundabout_exit_commit,0.1659,0.0716,1,line_center_tracking,-0.0663,-0.0739,-0.0467,-0.0467,0.4611,2,0.0271,0.0000,0.0271,-0.0558,0.0716,IDLE,1,0,step_done_latches_cleared,0,0,0.000,0,nan,nan,nan,0.0000,0,5,0.6050,0.5642,0.5301,0.5642,0.0408,本圈台阶完成,1,0.0000,0.150,0.330
550.387,ROUNDABOUT_EXIT,0.135,0,2.842,roundabout_exit_commit,0.1152,0.0252,1,line_center_tracking,0.0134,0.0197,-0.0031,-0.0031,0.5352,3,0.0228,0.0000,0.0228,0.0045,0.0252,IDLE,1,0,step_done_latches_cleared,0,0,0.000,0,nan,nan,nan,0.0000,0,5,0.6050,0.5642,0.5301,0.5642,0.0408,本圈台阶完成,1,0.0000,0.150,0.330
550.513,ROUNDABOUT_EXIT,0.261,0,2.842,roundabout_exit_commit,0.1050,0.0299,1,line_center_tracking,-0.0274,0.0081,-0.1186,-0.1186,0.5071,3,0.1267,0.0000,0.1267,-0.0764,0.0299,IDLE,1,0,step_done_latches_cleared,0,0,0.000,0,nan,nan,nan,0.0000,0,5,0.6050,0.5642,0.5301,0.5642,0.0408,本圈台阶完成,1,0.0000,0.150,0.330
550.663,ROUNDABOUT_EXIT,0.411,0,2.842,roundabout_exit_commit,0.1050,0.0605,1,line_center_tracking,-0.0807,-0.0690,-0.1110,-0.1110,0.3567,2,0.0421,0.0000,0.0421,-0.0970,0.0605,IDLE,1,0,step_done_latches_cleared,0,0,0.000,0,nan,nan,nan,0.0000,0,5,0.6050,0.5642,0.5301,0.5642,0.0408,本圈台阶完成,1,0.0000,0.150,0.330
550.796,ROUNDABOUT_EXIT,0.544,0,2.842,roundabout_exit_commit,0.1050,0.0561,1,line_center_tracking,-0.0509,-0.0545,-0.0419,-0.0419,0.4396,2,0.0126,0.0000,0.0126,-0.0461,0.0561,IDLE,1,0,step_done_latches_cleared,0,0,0.000,0,nan,nan,nan,0.0000,0,5,0.6050,0.5642,0.5301,0.5642,0.0408,本圈台阶完成,1,0.0000,0.150,0.330
550.920,ROUNDABOUT_EXIT,0.668,0,2.842,roundabout_exit_commit,0.1050,0.0578,1,line_center_tracking,-0.0547,-0.0475,-0.0732,-0.0732,0.4551,2,0.0257,0.0000,0.0257,-0.0646,0.0578,IDLE,1,0,step_done_latches_cleared,0,0,0.000,0,nan,nan,nan,0.0000,0,5,0.6050,0.5642,0.5301,0.5642,0.0408,本圈台阶完成,1,0.0000,0.150,0.330
551.067,ROUNDABOUT_EXIT,0.815,0,2.842,roundabout_exit_blind_commit,0.1050,0.1600,0,line_too_few_bands,0.0000,0.0000,0.0000,0.0000,0.0000,0,0.0000,0.0000,0.0000,0.0000,0.1600,IDLE,1,0,step_done_latches_cleared,0,0,0.000,0,nan,nan,nan,0.0000,0,5,0.6050,0.5642,0.5301,0.5642,0.0408,本圈台阶完成,1,0.0000,0.150,0.330
551.196,ROUNDABOUT_EXIT,0.945,0,2.842,roundabout_exit_commit,0.1050,0.0581,1,line_center_tracking,-0.0542,-0.0499,-0.0655,-0.0655,0.4629,2,0.0156,0.0000,0.0156,-0.0603,0.0581,IDLE,1,0,step_done_latches_cleared,0,0,0.000,0,nan,nan,nan,0.0000,0,5,0.6050,0.5642,0.5301,0.5642,0.0408,本圈台阶完成,1,0.0000,0.150,0.330
551.334,ROUNDABOUT_EXIT,1.082,0,2.842,roundabout_exit_commit,0.1050,0.0384,1,line_center_tracking,-0.0200,-0.0091,-0.0480,-0.0480,0.4448,2,0.0389,0.0000,0.0389,-0.0351,0.0384,IDLE,1,0,step_done_latches_cleared,0,0,0.000,0,nan,nan,nan,0.0000,0,5,0.6050,0.5642,0.5301,0.5642,0.0408,本圈台阶完成,1,0.0000,0.150,0.330
551.464,SEEK_CROSSWALK,0.000,0,2.842,tracking,0.1544,0.0274,1,line_center_tracking,-0.0254,-0.0254,-0.0254,-0.0254,0.2375,1,0.0000,0.0000,0.0000,-0.0254,0.0274,IDLE,1,0,step_done_latches_cleared,0,0,0.000,0,nan,nan,nan,0.0000,0,5,0.6050,0.5642,0.5301,0.5642,0.0408,本圈台阶完成,1,0.0000,0.150,0.330
551.604,SEEK_CROSSWALK,0.141,0,2.842,tracking,0.2050,0.0260,1,line_center_tracking,-0.0228,-0.0068,-0.0641,-0.1261,0.8102,6,0.0573,0.0620,0.1194,-0.0657,0.0260,IDLE,1,0,step_done_latches_cleared,0,0,0.000,0,nan,nan,nan,0.0000,0,5,0.6050,0.5642,0.5301,0.5642,0.0408,本圈台阶完成,1,0.0000,0.150,0.330
551.735,SEEK_CROSSWALK,0.271,0,2.842,tracking,0.2438,0.0193,1,line_center_tracking,-0.0126,-0.0025,-0.0386,-0.0386,0.4470,2,0.0361,0.0000,0.0361,-0.0266,0.0193,IDLE,1,0,step_done_latches_cleared,0,0,0.000,0,nan,nan,nan,0.0000,0,5,0.6050,0.5642,0.5301,0.5642,0.0408,本圈台阶完成,1,0.0000,0.150,0.330
551.867,SEEK_CROSSWALK,0.404,0,2.842,short_loss,0.1935,0.2400,0,line_too_few_bands,0.0000,0.0000,0.0000,0.0000,0.0000,0,0.0000,0.0000,0.0000,0.0000,0.2400,IDLE,1,0,step_done_latches_cleared,0,0,0.000,0,nan,nan,nan,0.0000,0,5,0.6050,0.5642,0.5301,0.5642,0.0408,本圈台阶完成,1,0.0000,0.150,0.330
552.001,SEEK_CROSSWALK,0.537,0,2.842,tracking,0.2378,0.0303,1,line_center_tracking,-0.0372,-0.0208,-0.0793,-0.1307,0.8107,6,0.0586,0.0513,0.1099,-0.0769,0.0303,IDLE,1,0,step_done_latches_cleared,0,0,0.000,0,nan,nan,nan,0.0000,0,5,0.6050,0.5642,0.5301,0.5642,0.0408,本圈台阶完成,1,0.0000,0.150,0.330
552.133,SEEK_CROSSWALK,0.670,0,2.842,tracking,0.2360,0.0113,1,line_center_tracking,0.0041,0.0250,-0.0497,-0.1010,0.7208,5,0.0747,0.0513,0.1260,-0.0419,0.0113,IDLE,1,0,step_done_latches_cleared,0,0,0.000,0,nan,nan,nan,0.0000,0,5,0.6050,0.5642,0.5301,0.5642,0.0408,本圈台阶完成,1,0.0000,0.150,0.330
552.262,SEEK_CROSSWALK,0.799,0,2.842,tracking,0.2397,0.0032,1,line_center_tracking,0.0049,0.0192,-0.0319,-0.0733,0.7228,5,0.0511,0.0414,0.0925,-0.0286,0.0032,IDLE,1,0,step_done_latches_cleared,0,0,0.000,0,nan,nan,nan,0.0000,0,5,0.6050,0.5642,0.5301,0.5642,0.0408,本圈台阶完成,1,0.0000,0.150,0.330
552.389,SEEK_CROSSWALK,0.926,0,2.842,tracking,0.2400,-0.0027,1,line_center_tracking,0.0081,0.0221,-0.0281,-0.0682,0.7231,5,0.0503,0.0401,0.0903,-0.0247,-0.0027,IDLE,1,0,step_done_latches_cleared,0,0,0.000,0,nan,nan,nan,0.0000,0,5,0.6050,0.5642,0.5301,0.5642,0.0408,本圈台阶完成,1,0.0000,0.150,0.330
552.516,SEEK_CROSSWALK,1.053,0,2.842,tracking,0.2384,-0.0076,1,line_center_tracking,0.0114,0.0304,-0.0374,-0.0720,0.8100,6,0.0679,0.0346,0.1024,-0.0263,-0.0076,IDLE,1,0,step_done_latches_cleared,0,0,0.000,0,nan,nan,nan,0.0000,0,5,0.6050,0.5642,0.5301,0.5642,0.0408,本圈台阶完成,1,0.0000,0.150,0.330
552.650,SEEK_CROSSWALK,1.187,0,2.842,tracking,0.2402,-0.0036,1,line_center_tracking,0.0007,0.0145,-0.0346,-0.0739,0.8139,6,0.0490,0.0393,0.0883,-0.0313,-0.0036,IDLE,1,0,step_done_latches_cleared,0,0,0.000,0,nan,nan,nan,0.0000,0,5,0.6050,0.5642,0.5301,0.5642,0.0408,本圈台阶完成,1,0.0000,0.150,0.330
552.787,SEEK_CROSSWALK,1.324,0,2.842,tracking,0.2409,-0.0006,1,line_center_tracking,-0.0020,0.0099,-0.0328,-0.0720,0.7251,5,0.0427,0.0393,0.0819,-0.0316,-0.0006,IDLE,1,0,step_done_latches_cleared,0,0,0.000,0,nan,nan,nan,0.0000,0,5,0.6050,0.5642,0.5301,0.5642,0.0408,本圈台阶完成,1,0.0000,0.150,0.330
552.922,SEEK_CROSSWALK,1.459,0,2.842,tracking,0.2408,0.0024,1,line_center_tracking,-0.0048,0.0079,-0.0376,-0.0747,0.8144,6,0.0455,0.0371,0.0825,-0.0348,0.0024,IDLE,1,0,step_done_latches_cleared,0,0,0.000,0,nan,nan,nan,0.0000,0,5,0.6050,0.5642,0.5301,0.5642,0.0408,本圈台阶完成,1,0.0000,0.150,0.330
553.057,SEEK_CROSSWALK,1.594,0,2.842,tracking,0.2406,0.0041,1,line_center_tracking,-0.0055,0.0080,-0.0399,-0.0767,0.8131,6,0.0479,0.0368,0.0846,-0.0362,0.0041,IDLE,1,0,step_done_latches_cleared,0,0,0.000,0,nan,nan,nan,0.0000,0,5,0.6050,0.5642,0.5301,0.5642,0.0408,本圈台阶完成,1,0.0000,0.150,0.330
553.188,SEEK_CROSSWALK,1.725,0,2.842,tracking,0.2412,0.0088,1,line_center_tracking,-0.0121,0.0002,-0.0438,-0.0789,0.8140,6,0.0440,0.0351,0.0791,-0.0408,0.0088,IDLE,1,0,step_done_latches_cleared,0,0,0.000,0,nan,nan,nan,0.0000,0,5,0.6050,0.5642,0.5301,0.5642,0.0408,本圈台阶完成,1,0.0000,0.150,0.330
553.326,SEEK_CROSSWALK,1.862,0,2.842,tracking,0.2380,0.0020,1,line_center_tracking,0.0032,0.0228,-0.0473,-0.0838,0.8126,6,0.0700,0.0365,0.1066,-0.0361,0.0020,IDLE,1,0,step_done_latches_cleared,0,0,0.000,0,nan,nan,nan,0.0000,0,5,0.6050,0.5642,0.5301,0.5642,0.0408,本圈台阶完成,1,0.0000,0.150,0.330
553.452,SEEK_CROSSWALK,1.988,0,2.842,tracking,0.2410,0.0119,1,line_center_tracking,-0.0183,-0.0046,-0.0534,-0.0856,0.8151,6,0.0487,0.0322,0.0810,-0.0479,0.0119,IDLE,1,0,step_done_latches_cleared,0,0,0.000,0,nan,nan,nan,0.0000,0,5,0.6050,0.5642,0.5301,0.5642,0.0408,本圈台阶完成,1,0.0000,0.150,0.330
553.583,SEEK_CROSSWALK,2.119,0,2.842,tracking,0.2420,0.0203,1,line_center_tracking,-0.0262,-0.0146,-0.0560,-0.0866,0.8155,6,0.0415,0.0306,0.0720,-0.0524,0.0203,IDLE,1,0,step_done_latches_cleared,0,0,0.000,0,nan,nan,nan,0.0000,0,5,0.6050,0.5642,0.5301,0.5642,0.0408,本圈台阶完成,1,0.0000,0.150,0.330
553.713,SEEK_CROSSWALK,2.250,0,2.842,tracking,0.2422,0.0258,1,line_center_tracking,-0.0291,-0.0182,-0.0571,-0.0885,0.9036,7,0.0389,0.0314,0.0703,-0.0546,0.0258,IDLE,1,0,step_done_latches_cleared,0,0,0.000,0,nan,nan,nan,0.0000,0,5,0.6050,0.5642,0.5301,0.5642,0.0408,本圈台阶完成,1,0.0000,0.150,0.330
553.846,SEEK_CROSSWALK,2.383,0,2.842,tracking,0.2424,0.0297,1,line_center_tracking,-0.0311,-0.0205,-0.0584,-0.0879,0.9048,7,0.0379,0.0295,0.0674,-0.0556,0.0297,IDLE,1,0,step_done_latches_cleared,0,0,0.000,0,nan,nan,nan,0.0000,0,5,0.6050,0.5642,0.5301,0.5642,0.0408,本圈台阶完成,1,0.0000,0.150,0.330
553.983,SEEK_CROSSWALK,2.520,0,2.842,tracking,0.2401,0.0384,1,line_center_tracking,-0.0429,-0.0390,-0.0529,-0.0843,0.9921,8,0.0139,0.0313,0.0452,-0.0588,0.0384,IDLE,1,0,step_done_latches_cleared,0,0,0.000,0,nan,nan,nan,0.0000,0,5,0.6050,0.5642,0.5301,0.5642,0.0408,本圈台阶完成,1,0.0000,0.150,0.330
554.127,SEEK_CROSSWALK,2.663,0,2.842,tracking,0.2409,0.0354,1,line_center_tracking,-0.0312,-0.0231,-0.0520,-0.0829,0.9909,8,0.0289,0.0309,0.0598,-0.0526,0.0354,IDLE,1,0,step_done_latches_cleared,0,0,0.000,0,nan,nan,nan,0.0000,0,5,0.6050,0.5642,0.5301,0.5642,0.0408,本圈台阶完成,1,0.0000,0.150,0.330
554.272,SEEK_CROSSWALK,2.808,0,2.842,tracking,0.2417,0.0324,1,line_center_tracking,-0.0274,-0.0205,-0.0453,-0.0729,0.9922,8,0.0248,0.0277,0.0524,-0.0462,0.0324,IDLE,1,0,step_done_latches_cleared,0,0,0.000,0,nan,nan,nan,0.0000,0,5,0.6050,0.5642,0.5301,0.5642,0.0408,本圈台阶完成,1,0.0000,0.150,0.330
554.412,SEEK_CROSSWALK,2.948,0,2.842,tracking,0.2421,0.0309,1,line_center_tracking,-0.0271,-0.0198,-0.0457,-0.0687,0.9943,8,0.0259,0.0230,0.0489,-0.0448,0.0309,IDLE,1,0,step_done_latches_cleared,0,0,0.000,0,nan,nan,nan,0.0000,0,5,0.6050,0.5642,0.5301,0.5642,0.0408,本圈台阶完成,1,0.0000,0.150,0.330
554.563,SEEK_CROSSWALK,3.099,0,2.842,tracking,0.2424,0.0295,1,line_center_tracking,-0.0260,-0.0192,-0.0434,-0.0658,0.9944,8,0.0242,0.0223,0.0465,-0.0428,0.0295,IDLE,1,0,step_done_latches_cleared,0,0,0.000,0,nan,nan,nan,0.0000,0,5,0.6050,0.5642,0.5301,0.5642,0.0408,本圈台阶完成,1,0.0000,0.150,0.330
554.701,SEEK_CROSSWALK,3.238,0,2.842,tracking,0.2426,0.0288,1,line_center_tracking,-0.0261,-0.0201,-0.0415,-0.0660,0.9942,8,0.0214,0.0245,0.0459,-0.0425,0.0288,IDLE,1,0,step_done_latches_cleared,0,0,0.000,0,nan,nan,nan,0.0000,0,5,0.6050,0.5642,0.5301,0.5642,0.0408,本圈台阶完成,1,0.0000,0.150,0.330
554.834,SEEK_CROSSWALK,3.370,0,2.842,tracking,0.2432,0.0264,1,line_center_tracking,-0.0224,-0.0159,-0.0392,-0.0619,0.9927,8,0.0233,0.0227,0.0460,-0.0390,0.0264,IDLE,1,0,step_done_latches_cleared,0,0,0.000,0,nan,nan,nan,0.0000,0,5,0.6050,0.5642,0.5301,0.5642,0.0408,本圈台阶完成,1,0.0000,0.150,0.330
554.970,SEEK_CROSSWALK,3.507,0,2.842,tracking,0.2433,0.0259,1,line_center_tracking,-0.0234,-0.0177,-0.0380,-0.0693,0.9927,8,0.0203,0.0313,0.0516,-0.0417,0.0259,IDLE,1,0,step_done_latches_cleared,0,0,0.000,0,nan,nan,nan,0.0000,0,5,0.6050,0.5642,0.5301,0.5642,0.0408,本圈台阶完成,1,0.0000,0.150,0.330
555.108,SEEK_CROSSWALK,3.645,0,2.842,tracking,0.2442,0.0226,1,line_center_tracking,-0.0181,-0.0147,-0.0269,-0.0640,0.9905,8,0.0121,0.0371,0.0492,-0.0352,0.0226,IDLE,1,0,step_done_latches_cleared,0,0,0.000,0,nan,nan,nan,0.0000,0,5,0.6050,0.5642,0.5301,0.5642,0.0408,本圈台阶完成,1,0.0000,0.150,0.330
555.241,SEEK_CROSSWALK,3.777,0,2.842,tracking,0.2449,0.0198,1,line_center_tracking,-0.0159,-0.0111,-0.0282,-0.0550,0.9073,7,0.0171,0.0267,0.0439,-0.0314,0.0198,IDLE,1,0,step_done_latches_cleared,0,0,0.000,0,nan,nan,nan,0.0000,0,5,0.6050,0.5642,0.5301,0.5642,0.0408,本圈台阶完成,1,0.0000,0.150,0.330
555.395,SEEK_CROSSWALK,3.932,0,2.842,tracking,0.2402,0.0140,1,line_center_tracking,-0.0079,-0.0033,-0.0197,-0.0911,0.9861,8,0.0164,0.0714,0.0878,-0.0381,0.0140,IDLE,1,0,step_done_latches_cleared,0,0,0.000,0,nan,nan,nan,0.0000,0,5,0.6050,0.5642,0.5301,0.5642,0.0408,本圈台阶完成,1,0.0000,0.150,0.330
555.522,SEEK_CROSSWALK,4.059,0,2.842,tracking,0.2309,0.0087,1,line_center_tracking,-0.0035,0.0011,-0.0154,-0.1553,0.9732,8,0.0165,0.1399,0.1564,-0.0565,0.0087,IDLE,1,0,step_done_latches_cleared,0,0,0.000,0,nan,nan,nan,0.0000,0,5,0.6050,0.5642,0.5301,0.5642,0.0408,本圈台阶完成,1,0.0000,0.150,0.330
555.699,SEEK_CROSSWALK,4.235,0,2.842,tracking,0.2374,0.0085,1,line_center_tracking,-0.0070,-0.0000,-0.0250,-0.1138,0.8993,7,0.0250,0.0888,0.1137,-0.0463,0.0085,IDLE,1,0,step_done_latches_cleared,0,0,0.000,0,nan,nan,nan,0.0000,0,5,0.6050,0.5642,0.5301,0.5642,0.0408,本圈台阶完成,1,0.0000,0.150,0.330
555.829,SEEK_CROSSWALK,4.365,0,2.842,tracking,0.2337,0.0077,1,line_center_tracking,-0.0065,0.0017,-0.0277,-0.1451,0.8956,7,0.0294,0.1175,0.1469,-0.0570,0.0077,IDLE,1,0,step_done_latches_cleared,0,0,0.000,0,nan,nan,nan,0.0000,0,5,0.6050,0.5642,0.5301,0.5642,0.0408,本圈台阶完成,1,0.0000,0.150,0.330
555.963,SEEK_CROSSWALK,4.500,0,2.842,tracking,0.2298,0.0079,1,line_center_tracking,-0.0074,0.0031,-0.0344,-0.1787,0.8923,7,0.0374,0.1444,0.1818,-0.0700,0.0079,IDLE,1,0,step_done_latches_cleared,0,0,0.000,0,nan,nan,nan,0.0000,0,5,0.6050,0.5642,0.5301,0.5642,0.0408,本圈台阶完成,1,0.0000,0.150,0.330
556.099,SEEK_CROSSWALK,4.635,0,2.842,tracking,0.1791,0.0051,1,line_curve_center_riding,-0.0026,0.0059,-0.0441,-0.2439,0.8852,7,0.0501,0.1998,0.2499,-0.0940,0.0051,IDLE,1,0,step_done_latches_cleared,0,0,0.000,0,nan,nan,nan,0.0000,0,5,0.6050,0.5642,0.5301,0.5642,0.0408,本圈台阶完成,1,0.0000,0.150,0.330
556.230,SEEK_CROSSWALK,4.767,0,2.842,tracking,0.2292,0.0097,1,line_center_tracking,-0.0124,0.0006,-0.0459,-0.1058,0.8118,6,0.0465,0.0600,0.1065,-0.0504,0.0097,IDLE,1,0,step_done_latches_cleared,0,0,0.000,0,nan,nan,nan,0.0000,0,5,0.6050,0.5642,0.5301,0.5642,0.0408,本圈台阶完成,1,0.0000,0.150,0.330
556.364,SEEK_CROSSWALK,4.901,0,2.842,tracking,0.2319,0.0134,1,line_center_tracking,-0.0157,0.0031,-0.0642,-0.1598,0.8050,6,0.0674,0.0955,0.1629,-0.0736,0.0134,IDLE,1,0,step_done_latches_cleared,0,0,0.000,0,nan,nan,nan,0.0000,0,5,0.6050,0.5642,0.5301,0.5642,0.0408,本圈台阶完成,1,0.0000,0.150,0.330
556.494,SEEK_CROSSWALK,5.031,0,2.842,tracking,0.1824,0.0099,1,line_curve_center_riding,-0.0068,0.0087,-0.0823,-0.3922,0.8692,7,0.0911,0.3099,0.4009,-0.1553,0.0099,IDLE,1,0,step_done_latches_cleared,0,0,0.000,0,nan,nan,nan,0.0000,0,5,0.6050,0.5642,0.5301,0.5642,0.0408,本圈台阶完成,1,0.0000,0.150,0.330
556.639,SEEK_CROSSWALK,5.175,0,2.842,tracking,0.1450,0.0091,1,line_curve_center_riding,-0.0076,0.0147,-0.1165,-0.4339,0.8623,7,0.1312,0.3174,0.4486,-0.1785,0.0091,IDLE,1,0,step_done_latches_cleared,0,0,0.000,0,nan,nan,nan,0.0000,0,5,0.6050,0.5642,0.5301,0.5642,0.0408,本圈台阶完成,1,0.0000,0.150,0.330
556.782,SEEK_CROSSWALK,5.318,0,2.842,tracking,0.1700,0.0158,1,line_curve_center_riding,-0.0199,0.0040,-0.1365,-0.2981,0.7871,6,0.1406,0.1616,0.3021,-0.1435,0.0158,IDLE,1,0,step_done_latches_cleared,0,0,0.000,0,nan,nan,nan,0.0000,0,5,0.6050,0.5642,0.5301,0.5642,0.0408,本圈台阶完成,1,0.0000,0.150,0.330
556.916,SEEK_CROSSWALK,5.453,0,2.842,tracking,0.1700,0.0188,1,line_curve_center_riding,-0.0204,0.0076,-0.1571,-0.3191,0.6933,5,0.1648,0.1619,0.3267,-0.1562,0.0188,IDLE,1,0,step_done_latches_cleared,0,0,0.000,0,nan,nan,nan,0.0000,0,5,0.6050,0.5642,0.5301,0.5642,0.0408,本圈台阶完成,1,0.0000,0.150,0.330
557.057,SEEK_CROSSWALK,5.593,0,2.842,tracking,0.2207,0.0164,1,line_center_tracking,-0.0136,-0.0002,-0.0482,-0.0482,0.5398,3,0.0480,0.0000,0.0480,-0.0322,0.0164,IDLE,1,0,step_done_latches_cleared,0,0,0.000,0,nan,nan,nan,0.0000,0,5,0.6050,0.5642,0.5301,0.5642,0.0408,本圈台阶完成,1,0.0000,0.150,0.330
557.199,SEEK_CROSSWALK,5.735,0,2.842,tracking,0.1700,0.0303,1,line_curve_center_riding,-0.0390,-0.0039,-0.2101,-0.2533,0.6952,5,0.2062,0.0433,0.2494,-0.1558,0.0303,IDLE,1,0,step_done_latches_cleared,0,0,0.000,0,nan,nan,nan,0.0000,0,5,0.6050,0.5642,0.5301,0.5642,0.0408,本圈台阶完成,1,0.0000,0.150,0.330
557.331,SEEK_CROSSWALK,5.867,0,2.842,tracking,0.1700,0.0476,1,line_curve_center_riding,-0.0588,-0.0221,-0.2380,-0.4431,0.7719,6,0.2158,0.2052,0.4210,-0.2344,0.0476,IDLE,1,0,step_done_latches_cleared,0,0,0.000,0,nan,nan,nan,0.0000,0,5,0.6050,0.5642,0.5301,0.5642,0.0408,本圈台阶完成,1,0.0000,0.150,0.330
557.467,SEEK_CROSSWALK,6.004,0,2.842,tracking,0.1700,0.0537,1,line_curve_center_riding,-0.0563,-0.0154,-0.2561,-0.3086,0.6884,5,0.2408,0.0524,0.2932,-0.1934,0.0537,IDLE,1,0,step_done_latches_cleared,0,0,0.000,0,nan,nan,nan,0.0000,0,5,0.6050,0.5642,0.5301,0.5642,0.0408,本圈台阶完成,1,0.0000,0.150,0.330
557.598,SEEK_CROSSWALK,6.135,0,2.842,tracking,0.1450,0.0616,1,line_curve_center_riding,-0.0638,-0.0210,-0.2731,-0.4924,0.7639,6,0.2521,0.2192,0.4714,-0.2622,0.0616,IDLE,1,0,step_done_latches_cleared,0,0,0.000,0,nan,nan,nan,0.0000,0,5,0.6050,0.5642,0.5301,0.5642,0.0408,本圈台阶完成,1,0.0000,0.150,0.330
557.735,SEEK_CROSSWALK,6.271,0,2.842,tracking,0.1700,0.0601,1,line_curve_center_riding,-0.0553,-0.0167,-0.2434,-0.2893,0.6920,5,0.2267,0.0459,0.2726,-0.1831,0.0601,IDLE,1,0,step_done_latches_cleared,0,0,0.000,0,nan,nan,nan,0.0000,0,5,0.6050,0.5642,0.5301,0.5642,0.0408,本圈台阶完成,1,0.0000,0.150,0.330
557.866,SEEK_CROSSWALK,6.402,0,2.842,tracking,0.1700,0.0572,1,line_curve_center_riding,-0.0507,-0.0116,-0.2418,-0.2806,0.6917,5,0.2303,0.0388,0.2690,-0.1780,0.0572,IDLE,1,0,step_done_latches_cleared,0,0,0.000,0,nan,nan,nan,0.0000,0,5,0.6050,0.5642,0.5301,0.5642,0.0408,本圈台阶完成,1,0.0000,0.150,0.330
558.001,SEEK_CROSSWALK,6.538,0,2.842,tracking,0.1450,0.0494,1,line_curve_center_riding,-0.0393,0.0175,-0.3170,-0.6689,0.6394,5,0.3346,0.3519,0.6865,-0.3228,0.0494,IDLE,1,0,step_done_latches_cleared,0,0,0.000,0,nan,nan,nan,0.0000,0,5,0.6050,0.5642,0.5301,0.5642,0.0408,本圈台阶完成,1,0.0000,0.150,0.330
558.134,SEEK_CROSSWALK,6.671,0,2.842,tracking,0.1700,0.0375,1,line_curve_center_riding,-0.0246,0.0228,-0.2560,-0.3236,0.6811,5,0.2789,0.0675,0.3464,-0.1856,0.0375,IDLE,1,0,step_done_latches_cleared,0,0,0.000,0,nan,nan,nan,0.0000,0,5,0.6050,0.5642,0.5301,0.5642,0.0408,本圈台阶完成,1,0.0000,0.150,0.330
558.265,SEEK_CROSSWALK,6.801,0,2.842,tracking,0.1450,0.0242,1,line_curve_center_riding,-0.0108,0.0362,-0.2400,-0.5079,0.7556,6,0.2761,0.2680,0.5441,-0.2372,0.0242,IDLE,1,0,step_done_latches_cleared,0,0,0.000,0,nan,nan,nan,0.0000,0,5,0.6050,0.5642,0.5301,0.5642,0.0408,本圈台阶完成,1,0.0000,0.150,0.330
558.395,SEEK_CROSSWALK,6.932,0,2.842,tracking,0.1450,0.0164,1,line_curve_center_riding,-0.0078,0.0378,-0.2305,-0.4627,0.7595,6,0.2683,0.2323,0.5006,-0.2185,0.0164,IDLE,1,0,step_done_latches_cleared,0,0,0.000,0,nan,nan,nan,0.0000,0,5,0.6050,0.5642,0.5301,0.5642,0.0408,本圈台阶完成,1,0.0000,0.150,0.330
558.542,SEEK_CROSSWALK,7.078,0,2.842,tracking,0.1700,0.0154,1,line_curve_center_riding,-0.0126,0.0343,-0.2413,-0.2898,0.6817,5,0.2756,0.0485,0.3241,-0.1656,0.0154,IDLE,1,0,step_done_latches_cleared,0,0,0.000,0,nan,nan,nan,0.0000,0,5,0.6050,0.5642,0.5301,0.5642,0.0408,本圈台阶完成,1,0.0000,0.150,0.330
558.675,SEEK_CROSSWALK,7.212,0,2.842,tracking,0.1700,0.0146,1,line_curve_center_riding,-0.0127,0.0315,-0.2285,-0.2880,0.6826,5,0.2600,0.0595,0.3195,-0.1617,0.0146,IDLE,1,0,step_done_latches_cleared,0,0,0.000,0,nan,nan,nan,0.0000,0,5,0.6050,0.5642,0.5301,0.5642,0.0408,本圈台阶完成,1,0.0000,0.150,0.330
558.808,SEEK_CROSSWALK,7.344,0,2.842,tracking,0.1450,0.0166,1,line_curve_center_riding,-0.0169,0.0383,-0.2864,-0.6259,0.7395,6,0.3247,0.3394,0.6641,-0.2913,0.0166,IDLE,1,0,step_done_latches_cleared,0,0,0.000,0,nan,nan,nan,0.0000,0,5,0.6050,0.5642,0.5301,0.5642,0.0408,本圈台阶完成,1,0.0000,0.150,0.330
558.944,SEEK_CROSSWALK,7.480,0,2.842,tracking,0.1450,0.0217,1,line_curve_center_riding,-0.0242,0.0372,-0.3241,-0.7105,0.7297,6,0.3613,0.3864,0.7477,-0.3325,0.0217,IDLE,1,0,step_done_latches_cleared,0,0,0.000,0,nan,nan,nan,0.0000,0,5,0.6050,0.5642,0.5301,0.5642,0.0408,本圈台阶完成,1,0.0000,0.150,0.330
559.076,SEEK_CROSSWALK,7.613,0,2.842,tracking,0.1450,0.0317,1,line_curve_center_riding,-0.0378,0.0214,-0.3266,-0.6706,0.7361,6,0.3479,0.3441,0.6920,-0.3253,0.0317,IDLE,1,0,step_done_latches_cleared,0,0,0.000,0,nan,nan,nan,0.0000,0,5,0.6050,0.5642,0.5301,0.5642,0.0408,本圈台阶完成,1,0.0000,0.150,0.330
559.208,SEEK_CROSSWALK,7.744,0,2.842,tracking,0.1450,0.0414,1,line_curve_center_riding,-0.0468,0.0184,-0.3650,-0.7667,0.7229,6,0.3834,0.4016,0.7850,-0.3711,0.0414,IDLE,1,0,step_done_latches_cleared,0,0,0.000,0,nan,nan,nan,0.0000,0,5,0.6050,0.5642,0.5301,0.5642,0.0408,本圈台阶完成,1,0.0000,0.150,0.330
559.362,SEEK_CROSSWALK,7.899,0,2.842,tracking,0.1450,0.0575,1,line_curve_center_riding,-0.0673,-0.0118,-0.3385,-0.3928,0.6691,5,0.3267,0.0543,0.3810,-0.2477,0.0575,IDLE,1,0,step_done_latches_cleared,0,0,0.000,0,nan,nan,nan,0.0000,0,5,0.6050,0.5642,0.5301,0.5642,0.0408,本圈台阶完成,1,0.0000,0.150,0.330
559.495,SEEK_CROSSWALK,8.031,0,2.842,tracking,0.1450,0.0772,1,line_curve_center_riding,-0.0883,-0.0283,-0.3809,-0.4545,0.6649,5,0.3525,0.0736,0.4261,-0.2879,0.0772,IDLE,1,0,step_done_latches_cleared,0,0,0.000,0,nan,nan,nan,0.0000,0,5,0.6050,0.5642,0.5301,0.5642,0.0408,本圈台阶完成,1,0.0000,0.150,0.330
559.632,SEEK_CROSSWALK,8.168,0,2.842,tracking,0.1450,0.0914,1,line_curve_center_riding,-0.0979,-0.0374,-0.3931,-0.4534,0.6671,5,0.3556,0.0604,0.4160,-0.2946,0.0914,IDLE,1,0,step_done_latches_cleared,0,0,0.000,0,nan,nan,nan,0.0000,0,5,0.6050,0.5642,0.5301,0.5642,0.0408,本圈台阶完成,1,0.0000,0.150,0.330
559.778,SEEK_CROSSWALK,8.314,0,2.842,tracking,0.1700,0.0936,1,line_curve_center_riding,-0.0899,-0.0497,-0.2862,-0.2862,0.5915,4,0.2365,0.0000,0.2365,-0.2074,0.0936,IDLE,1,0,step_done_latches_cleared,0,0,0.000,0,nan,nan,nan,0.0000,0,5,0.6050,0.5642,0.5301,0.5642,0.0408,本圈台阶完成,1,0.0000,0.150,0.330
559.906,SEEK_CROSSWALK,8.443,0,2.842,tracking,0.1450,0.1213,1,line_curve_center_riding,-0.1343,-0.0565,-0.5142,-0.6141,0.6425,5,0.4577,0.0999,0.5576,-0.3949,0.1213,IDLE,1,0,step_done_latches_cleared,0,0,0.000,0,nan,nan,nan,0.0000,0,5,0.6050,0.5642,0.5301,0.5642,0.0408,本圈台阶完成,1,0.0000,0.150,0.330
560.038,SEEK_CROSSWALK,8.574,0,2.842,tracking,0.1700,0.1277,1,line_curve_center_riding,-0.1257,-0.0829,-0.3347,-0.3347,0.5785,4,0.2518,0.0000,0.2518,-0.2508,0.1277,IDLE,1,0,step_done_latches_cleared,0,0,0.000,0,nan,nan,nan,0.0000,0,5,0.6050,0.5642,0.5301,0.5642,0.0408,本圈台阶完成,1,0.0000,0.150,0.330
560.176,SEEK_CROSSWALK,8.712,0,2.842,tracking,0.1450,0.1530,1,line_curve_center_riding,-0.1627,-0.0750,-0.5905,-0.7201,0.6285,5,0.5155,0.1296,0.6451,-0.4619,0.1530,IDLE,1,0,step_done_latches_cleared,0,0,0.000,0,nan,nan,nan,0.0000,0,5,0.6050,0.5642,0.5301,0.5642,0.0408,本圈台阶完成,1,0.0000,0.150,0.330
560.311,SEEK_CROSSWALK,8.848,0,2.842,short_loss,0.0943,0.2400,0,line_too_few_bands,0.0000,0.0000,0.0000,0.0000,0.0000,1,0.0000,0.0000,0.0000,0.0000,0.2400,IDLE,1,0,step_done_latches_cleared,0,0,0.000,0,nan,nan,nan,0.0000,0,5,0.6050,0.5642,0.5301,0.5642,0.0408,本圈台阶完成,1,0.0000,0.150,0.330
560.434,SEEK_CROSSWALK,8.971,0,2.842,tracking,0.1409,0.1768,1,line_curve_center_riding,-0.1874,-0.1239,-0.4971,-0.4971,0.5535,4,0.3732,0.0000,0.3732,-0.3727,0.1768,IDLE,1,0,step_done_latches_cleared,0,0,0.000,0,nan,nan,nan,0.0000,0,5,0.6050,0.5642,0.5301,0.5642,0.0408,本圈台阶完成,1,0.0000,0.150,0.330
560.566,SEEK_CROSSWALK,9.102,0,2.842,tracking,0.1700,0.1796,1,line_curve_center_riding,-0.1698,-0.1461,-0.2854,-0.2854,0.4833,3,0.1393,0.0000,0.1393,-0.2390,0.1796,IDLE,1,0,step_done_latches_cleared,0,0,0.000,0,nan,nan,nan,0.0000,0,5,0.6050,0.5642,0.5301,0.5642,0.0408,本圈台阶完成,1,0.0000,0.150,0.330
560.695,SEEK_CROSSWALK,9.231,0,2.842,tracking,0.1700,0.1905,1,line_curve_center_riding,-0.1853,-0.1614,-0.3017,-0.3017,0.4925,3,0.1402,0.0000,0.1402,-0.2549,0.1905,IDLE,1,0,step_done_latches_cleared,0,0,0.000,0,nan,nan,nan,0.0000,0,5,0.6050,0.5642,0.5301,0.5642,0.0408,本圈台阶完成,1,0.0000,0.150,0.330
560.828,SEEK_CROSSWALK,9.364,0,2.842,tracking,0.1973,0.2048,1,line_center_tracking,-0.2018,-0.1948,-0.2199,-0.2199,0.4046,2,0.0250,0.0000,0.0250,-0.2115,0.2048,IDLE,1,0,step_done_latches_cleared,0,0,0.000,0,nan,nan,nan,0.0000,0,5,0.6050,0.5642,0.5301,0.5642,0.0408,本圈台阶完成,1,0.0000,0.150,0.330
560.953,SEEK_CROSSWALK,9.489,0,2.842,tracking,0.1700,0.2421,1,line_curve_center_riding,-0.2545,-0.2241,-0.4027,-0.4027,0.4775,3,0.1786,0.0000,0.1786,-0.3432,0.2421,IDLE,1,0,step_done_latches_cleared,0,0,0.000,0,nan,nan,nan,0.0000,0,5,0.6050,0.5642,0.5301,0.5642,0.0408,本圈台阶完成,1,0.0000,0.150,0.330
561.076,SEEK_CROSSWALK,9.612,0,2.842,tracking,0.1682,0.3179,1,line_curve_center_riding,-0.3566,-0.3116,-0.5761,-0.5761,0.2701,2,0.2645,0.0000,0.2645,-0.4879,0.3179,IDLE,1,0,step_done_latches_cleared,0,0,0.000,0,nan,nan,nan,0.0000,0,5,0.6050,0.5642,0.5301,0.5642,0.0408,本圈台阶完成,1,0.0000,0.150,0.330
561.207,SEEK_CROSSWALK,9.744,0,2.842,tracking,0.1563,0.3645,1,line_curve_center_riding,-0.3816,-0.3419,-0.5752,-0.5752,0.4505,3,0.2333,0.0000,0.2333,-0.4975,0.3645,IDLE,1,0,step_done_latches_cleared,0,0,0.000,0,nan,nan,nan,0.0000,0,5,0.6050,0.5642,0.5301,0.5642,0.0408,本圈台阶完成,1,0.0000,0.150,0.330
561.346,SEEK_CROSSWALK,9.883,0,2.842,tracking,0.1518,0.3817,1,line_center_tracking,-0.3722,-0.3626,-0.3969,-0.3969,0.3786,2,0.0343,0.0000,0.0343,-0.3855,0.3817,IDLE,1,0,step_done_latches_cleared,0,0,0.000,0,nan,nan,nan,0.0000,0,5,0.6050,0.5642,0.5301,0.5642,0.0408,本圈台阶完成,1,0.0000,0.150,0.330
561.485,SEEK_CROSSWALK,10.022,0,2.842,short_loss,0.1012,0.3817,0,line_too_few_bands,0.0000,0.0000,0.0000,0.0000,0.0000,0,0.0000,0.0000,0.0000,0.0000,0.3817,IDLE,1,0,step_done_latches_cleared,0,0,0.000,0,nan,nan,nan,0.0000,0,5,0.6050,0.5642,0.5301,0.5642,0.0408,本圈台阶完成,1,0.0000,0.150,0.330
561.619,SEEK_CROSSWALK,10.155,0,2.842,short_loss,0.0550,0.3817,0,line_too_few_bands,0.0000,0.0000,0.0000,0.0000,0.0000,0,0.0000,0.0000,0.0000,0.0000,0.3817,IDLE,1,0,step_done_latches_cleared,0,0,0.000,0,nan,nan,nan,0.0000,0,5,0.6050,0.5642,0.5301,0.5642,0.0408,本圈台阶完成,1,0.0000,0.150,0.330
561.743,SEEK_CROSSWALK,10.279,0,2.842,short_loss,0.0550,0.3817,0,line_too_few_bands,0.0000,0.0000,0.0000,0.0000,0.0000,1,0.0000,0.0000,0.0000,0.0000,0.3817,IDLE,1,0,step_done_latches_cleared,0,0,0.000,0,nan,nan,nan,0.0000,0,5,0.6050,0.5642,0.5301,0.5642,0.0408,本圈台阶完成,1,0.0000,0.150,0.330
561.871,SEEK_CROSSWALK,10.407,0,2.842,short_loss,0.0550,0.3817,0,line_too_few_bands,0.0000,0.0000,0.0000,0.0000,0.0000,1,0.0000,0.0000,0.0000,0.0000,0.3817,IDLE,1,0,step_done_latches_cleared,0,0,0.000,0,nan,nan,nan,0.0000,0,5,0.6050,0.5642,0.5301,0.5642,0.0408,本圈台阶完成,1,0.0000,0.150,0.330
562.014,SEEK_CROSSWALK,10.551,0,2.842,short_loss,0.0550,0.3817,0,line_too_few_bands,0.0000,0.0000,0.0000,0.0000,0.0000,0,0.0000,0.0000,0.0000,0.0000,0.3817,IDLE,1,0,step_done_latches_cleared,0,0,0.000,0,nan,nan,nan,0.0000,0,5,0.6050,0.5642,0.5301,0.5642,0.0408,本圈台阶完成,1,0.0000,0.150,0.330
562.144,SEEK_CROSSWALK,10.680,0,2.842,search_loss,0.0350,0.4800,0,line_too_few_bands,0.0000,0.0000,0.0000,0.0000,0.0000,1,0.0000,0.0000,0.0000,0.0000,0.4800,IDLE,1,0,step_done_latches_cleared,0,0,0.000,0,nan,nan,nan,0.0000,0,5,0.6050,0.5642,0.5301,0.5642,0.0408,本圈台阶完成,1,0.0000,0.150,0.330
562.272,SEEK_CROSSWALK,10.808,0,2.842,search_loss,0.0350,0.4800,0,line_too_few_bands,0.0000,0.0000,0.0000,0.0000,0.0000,1,0.0000,0.0000,0.0000,0.0000,0.4800,IDLE,1,0,step_done_latches_cleared,0,0,0.000,0,nan,nan,nan,0.0000,0,5,0.6050,0.5642,0.5301,0.5642,0.0408,本圈台阶完成,1,0.0000,0.150,0.330
562.399,SEEK_CROSSWALK,10.935,0,2.842,search_loss,0.0350,0.4800,0,line_too_few_bands,0.0000,0.0000,0.0000,0.0000,0.0000,0,0.0000,0.0000,0.0000,0.0000,0.4800,IDLE,1,0,step_done_latches_cleared,0,0,0.000,0,nan,nan,nan,0.0000,0,5,0.6050,0.5642,0.5301,0.5642,0.0408,本圈台阶完成,1,0.0000,0.150,0.330
562.527,SEEK_CROSSWALK,11.063,0,2.842,search_loss,0.0350,0.4800,0,line_too_few_bands,0.0000,0.0000,0.0000,0.0000,0.0000,0,0.0000,0.0000,0.0000,0.0000,0.4800,IDLE,1,0,step_done_latches_cleared,0,0,0.000,0,nan,nan,nan,0.0000,0,5,0.6050,0.5642,0.5301,0.5642,0.0408,本圈台阶完成,1,0.0000,0.150,0.330
562.662,SEEK_CROSSWALK,11.199,0,2.842,tracking,0.0857,0.4301,1,line_center_tracking,-0.4480,-0.4375,-0.4749,-0.4749,0.3700,2,0.0373,0.0000,0.0373,-0.4624,0.4301,IDLE,1,0,step_done_latches_cleared,0,0,0.000,0,nan,nan,nan,0.0000,0,5,0.6050,0.5642,0.5301,0.5642,0.0408,本圈台阶完成,1,0.0000,0.150,0.330
562.804,SEEK_CROSSWALK,11.341,0,2.842,tracking,0.1285,0.4724,1,line_curve_center_riding,-0.4718,-0.4282,-0.6847,-0.6847,0.4290,3,0.2566,0.0000,0.2566,-0.5992,0.4724,IDLE,1,0,step_done_latches_cleared,0,0,0.000,0,nan,nan,nan,0.0000,0,5,0.6050,0.5642,0.5301,0.5642,0.0408,本圈台阶完成,1,0.0000,0.150,0.330
562.968,SEEK_CROSSWALK,11.504,0,2.842,tracking,0.1416,0.4217,1,line_curve_center_riding,-0.3523,-0.3008,-0.6040,-0.6040,0.4143,3,0.3032,0.0000,0.3032,-0.5029,0.4217,IDLE,1,0,step_done_latches_cleared,0,0,0.000,0,nan,nan,nan,0.0000,0,5,0.6050,0.5642,0.5301,0.5642,0.0408,本圈台阶完成,1,0.0000,0.150,0.330
563.099,SEEK_CROSSWALK,11.636,0,2.842,tracking,0.1450,0.3486,1,line_curve_center_riding,-0.2620,-0.1634,-0.7431,-0.7431,0.5001,4,0.5797,0.0000,0.5797,-0.5499,0.3486,IDLE,1,0,step_done_latches_cleared,0,0,0.000,0,nan,nan,nan,0.0000,0,5,0.6050,0.5642,0.5301,0.5642,0.0408,本圈台阶完成,1,0.0000,0.150,0.330
563.236,SEEK_CROSSWALK,11.773,0,2.842,tracking,0.1450,0.1978,1,line_curve_center_riding,-0.0564,0.0329,-0.4925,-0.4925,0.5205,4,0.5255,0.0000,0.5255,-0.3174,0.1978,IDLE,1,0,step_done_latches_cleared,0,0,0.000,0,nan,nan,nan,0.0000,0,5,0.6050,0.5642,0.5301,0.5642,0.0408,本圈台阶完成,1,0.0000,0.150,0.330
563.375,SEEK_CROSSWALK,11.911,0,2.842,tracking,0.1450,0.0460,1,line_curve_center_riding,0.0920,0.1685,-0.2814,-0.2814,0.5382,4,0.4499,0.0000,0.4499,-0.1315,0.0460,IDLE,1,0,step_done_latches_cleared,0,0,0.000,0,nan,nan,nan,0.0000,0,5,0.6050,0.5642,0.5301,0.5642,0.0408,本圈台阶完成,1,0.0000,0.150,0.330
563.514,SEEK_CROSSWALK,12.051,0,2.842,tracking,0.1450,-0.0664,1,line_curve_center_riding,0.1656,0.2351,-0.1740,-0.1740,0.5472,4,0.4092,0.0000,0.4092,-0.0376,-0.0664,IDLE,1,0,step_done_latches_cleared,0,0,0.000,0,nan,nan,nan,0.0000,0,5,0.6050,0.5642,0.5301,0.5642,0.0408,本圈台阶完成,1,0.0000,0.150,0.330
563.646,SEEK_CROSSWALK,12.183,0,2.842,tracking,0.1334,-0.1144,1,line_curve_center_riding,0.1546,0.2705,-0.4114,-0.5582,0.5978,5,0.6819,0.1468,0.8287,-0.2330,-0.1144,IDLE,1,0,step_done_latches_cleared,0,0,0.000,0,nan,nan,nan,0.0000,0,5,0.6050,0.5642,0.5301,0.5642,0.0408,本圈台阶完成,1,0.0000,0.150,0.330
563.804,SEEK_CROSSWALK,12.340,0,2.842,tracking,0.1417,-0.1390,1,line_curve_center_riding,0.1545,0.2621,-0.3710,-0.5177,0.6074,5,0.6331,0.1467,0.7798,-0.2089,-0.1390,IDLE,1,0,step_done_latches_cleared,0,0,0.000,0,nan,nan,nan,0.0000,0,5,0.6050,0.5642,0.5301,0.5642,0.0408,本圈台阶完成,1,0.0000,0.150,0.330
563.942,SEEK_CROSSWALK,12.478,0,2.842,tracking,0.1450,-0.1515,1,line_curve_center_riding,0.1526,0.2196,-0.1745,-0.1745,0.5510,4,0.3941,0.0000,0.3941,-0.0431,-0.1515,IDLE,1,0,step_done_latches_cleared,0,0,0.000,0,nan,nan,nan,0.0000,0,5,0.6050,0.5642,0.5301,0.5642,0.0408,本圈台阶完成,1,0.0000,0.150,0.330
564.075,SEEK_CROSSWALK,12.612,0,2.842,tracking,0.1450,-0.1300,1,line_curve_center_riding,0.1047,0.1779,-0.2529,-0.2529,0.5414,4,0.4308,0.0000,0.4308,-0.1093,-0.1300,IDLE,1,0,step_done_latches_cleared,0,0,0.000,0,nan,nan,nan,0.0000,0,5,0.6050,0.5642,0.5301,0.5642,0.0408,本圈台阶完成,1,0.0000,0.150,0.330
564.221,SEEK_CROSSWALK,12.758,0,2.842,tracking,0.1450,-0.0827,1,line_curve_center_riding,0.0368,0.1161,-0.3506,-0.3506,0.5327,4,0.4667,0.0000,0.4667,-0.1950,-0.0827,IDLE,1,0,step_done_latches_cleared,0,0,0.000,0,nan,nan,nan,0.0000,0,5,0.6050,0.5642,0.5301,0.5642,0.0408,本圈台阶完成,1,0.0000,0.150,0.330
564.722,SEEK_CROSSWALK,13.258,0,2.842,tracking,0.1957,0.0844,1,line_center_tracking,-0.2403,-0.2250,-0.2796,-0.2796,0.3213,2,0.0547,0.0000,0.0547,-0.2614,0.0844,IDLE,1,0,step_done_latches_cleared,0,0,0.000,0,nan,nan,nan,0.0000,0,5,0.6050,0.5642,0.5301,0.5642,0.0408,本圈台阶完成,1,0.0000,0.150,0.330
564.853,SEEK_CROSSWALK,13.389,0,2.842,tracking,0.1459,0.3466,1,line_curve_center_riding,-0.5312,-0.4601,-0.8781,-0.8781,0.3536,3,0.4180,0.0000,0.4180,-0.7388,0.3466,IDLE,1,0,step_done_latches_cleared,0,0,0.000,0,nan,nan,nan,0.0000,0,5,0.6050,0.5642,0.5301,0.5642,0.0408,本圈台阶完成,1,0.0000,0.150,0.330
564.987,SEEK_CROSSWALK,13.524,0,2.842,tracking,0.1176,0.5149,1,line_hard_turn_centering,-0.6337,-0.6278,-0.6861,-0.6861,0.3112,2,0.0583,0.0000,0.0583,-0.6667,0.5149,IDLE,1,0,step_done_latches_cleared,0,0,0.000,0,nan,nan,nan,0.0000,0,5,0.6050,0.5642,0.5301,0.5642,0.0408,本圈台阶完成,1,0.0000,0.150,0.330
565.119,SEEK_CROSSWALK,13.655,0,2.842,tracking,0.1000,0.6329,1,line_hard_turn_centering,-0.6961,-0.6890,-0.7603,-0.7603,0.2744,2,0.0713,0.0000,0.0713,-0.7365,0.6329,IDLE,1,0,step_done_latches_cleared,0,0,0.000,0,nan,nan,nan,0.0000,0,5,0.6050,0.5642,0.5301,0.5642,0.0408,本圈台阶完成,1,0.0000,0.150,0.330
565.251,SEEK_CROSSWALK,13.788,0,2.842,short_loss,0.0550,0.4800,0,line_too_few_bands,0.0000,0.0000,0.0000,0.0000,0.0000,1,0.0000,0.0000,0.0000,0.0000,0.4800,IDLE,1,0,step_done_latches_cleared,0,0,0.000,0,nan,nan,nan,0.0000,0,5,0.6050,0.5642,0.5301,0.5642,0.0408,本圈台阶完成,1,0.0000,0.150,0.330
565.387,SEEK_CROSSWALK,13.923,0,2.842,tracking,0.1000,0.6987,1,line_hard_turn_centering,-0.7194,-0.7128,-0.7791,-0.7791,0.2886,2,0.0663,0.0000,0.0663,-0.7570,0.6987,IDLE,1,0,step_done_latches_cleared,0,0,0.000,0,nan,nan,nan,0.0000,0,5,0.6050,0.5642,0.5301,0.5642,0.0408,本圈台阶完成,1,0.0000,0.150,0.330
565.522,SEEK_CROSSWALK,14.059,0,2.842,tracking,0.1000,0.7000,1,line_hard_turn_centering,-0.7945,-0.7887,-0.8466,-0.8466,0.3121,2,0.0579,0.0000,0.0579,-0.8273,0.7000,IDLE,1,0,step_done_latches_cleared,0,0,0.000,0,nan,nan,nan,0.0000,0,5,0.6050,0.5642,0.5301,0.5642,0.0408,本圈台阶完成,1,0.0000,0.150,0.330
565.662,SEEK_CROSSWALK,14.198,0,2.842,tracking,0.1000,0.6883,1,line_edge_single_rescue,-0.5701,-0.5701,-0.5701,-0.5701,0.3100,1,0.0000,0.0000,0.0000,-0.5701,0.6883,IDLE,1,0,step_done_latches_cleared,0,0,0.000,0,nan,nan,nan,0.0000,0,5,0.6050,0.5642,0.5301,0.5642,0.0408,本圈台阶完成,1,0.0000,0.150,0.330
565.797,SEEK_CROSSWALK,14.334,0,2.842,tracking,0.1000,0.6797,1,line_edge_single_rescue,-0.6154,-0.6154,-0.6154,-0.6154,0.3100,1,0.0000,0.0000,0.0000,-0.6154,0.6797,IDLE,1,0,step_done_latches_cleared,0,0,0.000,0,nan,nan,nan,0.0000,0,5,0.6050,0.5642,0.5301,0.5642,0.0408,本圈台阶完成,1,0.0000,0.150,0.330
565.933,SEEK_CROSSWALK,14.470,0,2.842,tracking,0.1000,0.6832,1,line_hard_turn_centering,-0.6338,-0.6286,-0.6811,-0.6811,0.3274,2,0.0525,0.0000,0.0525,-0.6636,0.6832,IDLE,1,0,step_done_latches_cleared,0,0,0.000,0,nan,nan,nan,0.0000,0,5,0.6050,0.5642,0.5301,0.5642,0.0408,本圈台阶完成,1,0.0000,0.150,0.330
566.063,SEEK_CROSSWALK,14.599,0,2.842,tracking,0.1000,0.6353,1,line_hard_turn_centering,-0.5509,-0.5445,-0.6081,-0.6081,0.2963,2,0.0635,0.0000,0.0635,-0.5869,0.6353,IDLE,1,0,step_done_latches_cleared,0,0,0.000,0,nan,nan,nan,0.0000,0,5,0.6050,0.5642,0.5301,0.5642,0.0408,本圈台阶完成,1,0.0000,0.150,0.330
566.194,SEEK_CROSSWALK,14.730,0,2.842,tracking,0.1000,0.6194,1,line_curve_center_riding,-0.5567,-0.4834,-0.9147,-0.9147,0.3529,3,0.4313,0.0000,0.4313,-0.7709,0.6194,IDLE,1,0,step_done_latches_cleared,0,0,0.000,0,nan,nan,nan,0.0000,0,5,0.6050,0.5642,0.5301,0.5642,0.0408,本圈台阶完成,1,0.0000,0.150,0.330
566.332,SEEK_CROSSWALK,14.868,0,2.842,tracking,0.1211,0.5014,1,line_curve_center_riding,-0.3687,-0.3116,-0.6473,-0.6473,0.4006,3,0.3357,0.0000,0.3357,-0.5354,0.5014,IDLE,1,0,step_done_latches_cleared,0,0,0.000,0,nan,nan,nan,0.0000,0,5,0.6050,0.5642,0.5301,0.5642,0.0408,本圈台阶完成,1,0.0000,0.150,0.330
566.479,SEEK_CROSSWALK,15.015,0,2.842,tracking,0.1433,0.4149,1,line_curve_center_riding,-0.3039,-0.2147,-0.7397,-0.8159,0.8129,7,0.5250,0.0762,0.6012,-0.5901,0.4149,IDLE,1,0,step_done_latches_cleared,0,0,0.000,0,nan,nan,nan,0.0000,0,5,0.6050,0.5642,0.5301,0.5642,0.0408,本圈台阶完成,1,0.0000,0.150,0.330
566.610,SEEK_CROSSWALK,15.146,0,2.842,tracking,0.1450,0.3165,1,line_curve_center_riding,-0.2077,-0.1146,-0.6624,-0.7958,0.8167,7,0.5478,0.1334,0.6812,-0.5243,0.3165,IDLE,1,0,step_done_latches_cleared,0,0,0.000,0,nan,nan,nan,0.0000,0,5,0.6050,0.5642,0.5301,0.5642,0.0408,本圈台阶完成,1,0.0000,0.150,0.330
566.743,SEEK_CROSSWALK,15.279,0,2.842,tracking,0.1450,0.2135,1,line_curve_center_riding,-0.1068,-0.0171,-0.5448,-0.7006,0.8267,7,0.5276,0.1558,0.6835,-0.4208,0.2135,IDLE,1,0,step_done_latches_cleared,0,0,0.000,0,nan,nan,nan,0.0000,0,5,0.6050,0.5642,0.5301,0.5642,0.0408,本圈台阶完成,1,0.0000,0.150,0.330
566.880,SEEK_CROSSWALK,15.416,0,2.842,tracking,0.1450,0.1136,1,line_curve_center_riding,-0.0157,0.0722,-0.4445,-0.6453,0.8248,7,0.5167,0.2008,0.7175,-0.3392,0.1136,IDLE,1,0,step_done_latches_cleared,0,0,0.000,0,nan,nan,nan,0.0000,0,5,0.6050,0.5642,0.5301,0.5642,0.0408,本圈台阶完成,1,0.0000,0.150,0.330
567.009,SEEK_CROSSWALK,15.545,0,2.842,tracking,0.1450,0.0260,1,line_curve_center_riding,0.0540,0.1392,-0.3622,-0.4874,0.8168,7,0.5014,0.1252,0.6266,-0.2368,0.0260,IDLE,1,0,step_done_latches_cleared,0,0,0.000,0,nan,nan,nan,0.0000,0,5,0.6050,0.5642,0.5301,0.5642,0.0408,本圈台阶完成,1,0.0000,0.150,0.330
567.140,SEEK_CROSSWALK,15.677,0,2.842,tracking,0.1450,-0.0358,1,line_curve_center_riding,0.0907,0.1750,-0.3210,-0.4846,0.9157,8,0.4960,0.1637,0.6597,-0.2102,-0.0358,IDLE,1,0,step_done_latches_cleared,0,0,0.000,0,nan,nan,nan,0.0000,0,5,0.6050,0.5642,0.5301,0.5642,0.0408,本圈台阶完成,1,0.0000,0.150,0.330
567.277,SEEK_CROSSWALK,15.813,0,2.842,tracking,0.1450,-0.0703,1,line_curve_center_riding,0.0990,0.1815,-0.3042,-0.4602,0.9194,8,0.4857,0.1561,0.6418,-0.1943,-0.0703,IDLE,1,0,step_done_latches_cleared,0,0,0.000,0,nan,nan,nan,0.0000,0,5,0.6050,0.5642,0.5301,0.5642,0.0408,本圈台阶完成,1,0.0000,0.150,0.330
567.415,SEEK_CROSSWALK,15.951,0,2.842,tracking,0.1450,-0.0765,1,line_curve_center_riding,0.0794,0.1607,-0.3171,-0.4545,0.9220,8,0.4778,0.1374,0.6152,-0.2037,-0.0765,IDLE,1,0,step_done_latches_cleared,0,0,0.000,0,nan,nan,nan,0.0000,0,5,0.6050,0.5642,0.5301,0.5642,0.0408,本圈台阶完成,1,0.0000,0.150,0.330
567.548,SEEK_CROSSWALK,16.085,0,2.842,tracking,0.1450,-0.0577,1,line_curve_center_riding,0.0395,0.1203,-0.3550,-0.4660,0.9234,8,0.4753,0.1111,0.5863,-0.2336,-0.0577,IDLE,1,0,step_done_latches_cleared,0,0,0.000,0,nan,nan,nan,0.0000,0,5,0.6050,0.5642,0.5301,0.5642,0.0408,本圈台阶完成,1,0.0000,0.150,0.330
567.683,SEEK_CROSSWALK,16.220,0,2.842,tracking,0.1450,-0.0130,1,line_curve_center_riding,-0.0248,0.0534,-0.4068,-0.4894,0.9244,8,0.4602,0.0826,0.5428,-0.2809,-0.0130,IDLE,1,0,step_done_latches_cleared,0,0,0.000,0,nan,nan,nan,0.0000,0,5,0.6050,0.5642,0.5301,0.5642,0.0408,本圈台阶完成,1,0.0000,0.150,0.330
567.821,SEEK_CROSSWALK,16.357,0,2.842,tracking,0.1450,0.0463,1,line_curve_center_riding,-0.0941,-0.0196,-0.4581,-0.5094,0.9266,8,0.4386,0.0513,0.4898,-0.3290,0.0463,IDLE,1,0,step_done_latches_cleared,0,0,0.000,0,nan,nan,nan,0.0000,0,5,0.6050,0.5642,0.5301,0.5642,0.0408,本圈台阶完成,1,0.0000,0.150,0.330
567.961,SEEK_CROSSWALK,16.497,0,2.842,tracking,0.1450,0.1265,1,line_curve_center_riding,-0.1866,-0.1187,-0.5183,-0.5163,0.9292,8,0.3996,0.0021,0.3976,-0.3844,0.1265,IDLE,1,0,step_done_latches_cleared,0,0,0.000,0,nan,nan,nan,0.0000,0,5,0.6050,0.5642,0.5301,0.5642,0.0408,本圈台阶完成,1,0.0000,0.150,0.330
568.091,SEEK_CROSSWALK,16.627,0,2.842,tracking,0.1450,0.2047,1,line_curve_center_riding,-0.2582,-0.1991,-0.5468,-0.5360,0.8514,7,0.3477,0.0108,0.3369,-0.4273,0.2047,IDLE,1,0,step_done_latches_cleared,0,0,0.000,0,nan,nan,nan,0.0000,0,5,0.6050,0.5642,0.5301,0.5642,0.0408,本圈台阶完成,1,0.0000,0.150,0.330
568.224,SEEK_CROSSWALK,16.761,0,2.842,tracking,0.1450,0.2671,1,line_curve_center_riding,-0.3043,-0.2548,-0.5458,-0.4926,0.8592,7,0.2910,0.0533,0.2377,-0.4311,0.2671,IDLE,1,0,step_done_latches_cleared,0,0,0.000,0,nan,nan,nan,0.0000,0,5,0.6050,0.5642,0.5301,0.5642,0.0408,本圈台阶完成,1,0.0000,0.150,0.330
568.353,SEEK_CROSSWALK,16.890,0,2.842,tracking,0.1700,0.3098,1,line_curve_center_riding,-0.3265,-0.2853,-0.5279,-0.4442,0.8635,7,0.2426,0.0837,0.1590,-0.4191,0.3098,IDLE,1,0,step_done_latches_cleared,0,0,0.000,0,nan,nan,nan,0.0000,0,5,0.6050,0.5642,0.5301,0.5642,0.0408,本圈台阶完成,1,0.0000,0.150,0.330
568.491,SEEK_CROSSWALK,17.027,0,2.842,tracking,0.1646,0.3320,1,line_curve_center_riding,-0.3297,-0.2984,-0.4826,-0.3665,0.8690,7,0.1842,0.1161,0.0681,-0.3825,0.3320,IDLE,1,0,step_done_latches_cleared,0,0,0.000,0,nan,nan,nan,0.0000,0,5,0.6050,0.5642,0.5301,0.5642,0.0408,本圈台阶完成,1,0.0000,0.150,0.330
568.626,SEEK_CROSSWALK,17.163,0,2.842,tracking,0.1645,0.3324,1,line_curve_center_riding,-0.3106,-0.2916,-0.4034,-0.2503,0.8752,7,0.1118,0.1531,0.0412,-0.3151,0.3324,IDLE,1,0,step_done_latches_cleared,0,0,0.000,0,nan,nan,nan,0.0000,0,5,0.6050,0.5642,0.5301,0.5642,0.0408,本圈台阶完成,1,0.0000,0.150,0.330
568.758,SEEK_CROSSWALK,17.294,0,2.842,tracking,0.1683,0.3175,1,line_curve_center_riding,-0.2826,-0.2712,-0.3381,-0.1563,0.8779,7,0.0669,0.1818,0.1149,-0.2552,0.3175,IDLE,1,0,step_done_latches_cleared,0,0,0.000,0,nan,nan,nan,0.0000,0,5,0.6050,0.5642,0.5301,0.5642,0.0408,本圈台阶完成,1,0.0000,0.150,0.330
568.912,SEEK_CROSSWALK,17.449,0,2.842,tracking,0.1450,0.2862,1,line_curve_center_riding,-0.2381,-0.2346,-0.2551,0.1410,0.9266,8,0.0204,0.3961,0.3756,-0.1162,0.2862,IDLE,1,0,step_done_latches_cleared,0,0,0.000,0,nan,nan,nan,0.0000,0,5,0.6050,0.5642,0.5301,0.5642,0.0408,本圈台阶完成,1,0.0000,0.150,0.330
569.055,SEEK_CROSSWALK,17.592,0,2.842,tracking,0.1700,0.2287,1,line_curve_center_riding,-0.1631,-0.1710,-0.1241,0.1836,0.8711,7,0.0469,0.3077,0.3546,-0.0372,0.2287,IDLE,1,0,step_done_latches_cleared,0,0,0.000,0,nan,nan,nan,0.0000,0,5,0.6050,0.5642,0.5301,0.5642,0.0408,本圈台阶完成,1,0.0000,0.150,0.330
569.187,SEEK_CROSSWALK,17.724,0,2.842,tracking,0.1700,0.1747,1,line_curve_center_riding,-0.1143,-0.1291,-0.0420,0.2979,0.8672,7,0.0871,0.3399,0.4270,0.0423,0.1747,IDLE,1,0,step_done_latches_cleared,0,0,0.000,0,nan,nan,nan,0.0000,0,5,0.6050,0.5642,0.5301,0.5642,0.0408,本圈台阶完成,1,0.0000,0.150,0.330
569.316,SEEK_CROSSWALK,17.852,0,2.842,tracking,0.1700,0.1145,1,line_curve_center_riding,-0.0536,-0.0749,0.0504,0.2172,0.7897,6,0.1253,0.1668,0.2921,0.0642,0.1145,IDLE,1,0,step_done_latches_cleared,0,0,0.000,0,nan,nan,nan,0.0000,0,5,0.6050,0.5642,0.5301,0.5642,0.0408,本圈台阶完成,1,0.0000,0.150,0.330
569.463,SEEK_CROSSWALK,17.999,0,2.842,tracking,0.1700,0.0462,1,line_curve_center_riding,0.0186,-0.0102,0.1593,0.3378,0.7816,6,0.1696,0.1785,0.3481,0.1623,0.0462,IDLE,1,0,step_done_latches_cleared,0,0,0.000,0,nan,nan,nan,0.0000,0,5,0.6050,0.5642,0.5301,0.5642,0.0408,本圈台阶完成,1,0.0000,0.150,0.330
569.593,SEEK_CROSSWALK,18.130,0,2.842,tracking,0.1450,-0.0161,1,line_curve_center_riding,0.0698,0.0282,0.2728,0.5521,0.7591,6,0.2446,0.2793,0.5238,0.2844,-0.0161,IDLE,1,0,step_done_latches_cleared,0,0,0.000,0,nan,nan,nan,0.0000,0,5,0.6050,0.5642,0.5301,0.5642,0.0408,本圈台阶完成,1,0.0000,0.150,0.330
569.724,SEEK_CROSSWALK,18.261,0,2.842,tracking,0.1450,-0.0718,1,line_curve_center_riding,0.1165,0.0642,0.3720,0.7138,0.7422,6,0.3079,0.3418,0.6496,0.3833,-0.0718,IDLE,1,0,step_done_latches_cleared,0,0,0.000,0,nan,nan,nan,0.0000,0,5,0.6050,0.5642,0.5301,0.5642,0.0408,本圈台阶完成,1,0.0000,0.150,0.330
569.854,SEEK_CROSSWALK,18.390,0,2.842,tracking,0.1450,-0.1179,1,line_curve_center_riding,0.1509,0.0942,0.4278,0.7664,0.7388,6,0.3336,0.3386,0.6722,0.4295,-0.1179,IDLE,1,0,step_done_latches_cleared,0,0,0.000,0,nan,nan,nan,0.0000,0,5,0.6050,0.5642,0.5301,0.5642,0.0408,本圈台阶完成,1,0.0000,0.150,0.330
569.995,SEEK_CROSSWALK,18.532,0,2.842,tracking,0.1450,-0.1638,1,line_curve_center_riding,0.1932,0.1294,0.5050,0.5879,0.6620,5,0.3756,0.0829,0.4585,0.4074,-0.1638,IDLE,1,0,step_done_latches_cleared,0,0,0.000,0,nan,nan,nan,0.0000,0,5,0.6050,0.5642,0.5301,0.5642,0.0408,本圈台阶完成,1,0.0000,0.150,0.330
570.131,SEEK_CROSSWALK,18.667,0,2.842,tracking,0.1450,-0.2075,1,line_curve_center_riding,0.2311,0.1531,0.6119,0.7168,0.6443,5,0.4588,0.1048,0.5637,0.4939,-0.2075,IDLE,1,0,step_done_latches_cleared,0,0,0.000,0,nan,nan,nan,0.0000,0,5,0.6050,0.5642,0.5301,0.5642,0.0408,本圈台阶完成,1,0.0000,0.150,0.330
570.257,SEEK_CROSSWALK,18.794,0,2.842,tracking,0.1450,-0.2384,1,line_curve_center_riding,0.2490,0.1649,0.6599,0.7695,0.6366,5,0.4950,0.1096,0.6046,0.5314,-0.2384,IDLE,1,0,step_done_latches_cleared,0,0,0.000,0,nan,nan,nan,0.0000,0,5,0.6050,0.5642,0.5301,0.5642,0.0408,本圈台阶完成,1,0.0000,0.150,0.330
570.384,SEEK_CROSSWALK,18.921,0,2.842,tracking,0.1450,-0.2589,1,line_curve_center_riding,0.2589,0.1718,0.6841,0.7982,0.6327,5,0.5123,0.1140,0.6263,0.5514,-0.2589,IDLE,1,0,step_done_latches_cleared,0,0,0.000,0,nan,nan,nan,0.0000,0,5,0.6050,0.5642,0.5301,0.5642,0.0408,本圈台阶完成,1,0.0000,0.150,0.330
570.520,SEEK_CROSSWALK,19.057,0,2.842,tracking,0.1450,-0.2686,1,line_curve_center_riding,0.2587,0.1668,0.7078,0.8215,0.6280,5,0.5410,0.1138,0.6548,0.5653,-0.2686,IDLE,1,0,step_done_latches_cleared,0,0,0.000,0,nan,nan,nan,0.0000,0,5,0.6050,0.5642,0.5301,0.5642,0.0408,本圈台阶完成,1,0.0000,0.150,0.330
570.649,SEEK_CROSSWALK,19.186,0,2.842,tracking,0.1450,-0.2677,1,line_curve_center_riding,0.2483,0.1531,0.7128,0.8267,0.6250,5,0.5597,0.1139,0.6735,0.5642,-0.2677,IDLE,1,0,step_done_latches_cleared,0,0,0.000,0,nan,nan,nan,0.0000,0,5,0.6050,0.5642,0.5301,0.5642,0.0408,本圈台阶完成,1,0.0000,0.150,0.330
570.780,SEEK_CROSSWALK,19.317,0,2.842,tracking,0.1450,-0.2577,1,line_curve_center_riding,0.2308,0.1346,0.7005,0.8156,0.6233,5,0.5659,0.1151,0.6810,0.5502,-0.2577,IDLE,1,0,step_done_latches_cleared,0,0,0.000,0,nan,nan,nan,0.0000,0,5,0.6050,0.5642,0.5301,0.5642,0.0408,本圈台阶完成,1,0.0000,0.150,0.330
570.909,SEEK_CROSSWALK,19.446,0,2.842,tracking,0.1450,-0.2369,1,line_curve_center_riding,0.2021,0.1041,0.6809,0.8010,0.6202,5,0.5768,0.1201,0.6969,0.5287,-0.2369,IDLE,1,0,step_done_latches_cleared,0,0,0.000,0,nan,nan,nan,0.0000,0,5,0.6050,0.5642,0.5301,0.5642,0.0408,本圈台阶完成,1,0.0000,0.150,0.330
571.053,SEEK_CROSSWALK,19.589,0,2.842,tracking,0.1450,-0.2089,1,line_curve_center_riding,0.1690,0.0695,0.6548,0.7807,0.6180,5,0.5854,0.1259,0.7113,0.5017,-0.2089,IDLE,1,0,step_done_latches_cleared,0,0,0.000,0,nan,nan,nan,0.0000,0,5,0.6050,0.5642,0.5301,0.5642,0.0408,本圈台阶完成,1,0.0000,0.150,0.330
571.185,SEEK_CROSSWALK,19.722,0,2.842,tracking,0.1450,-0.1729,1,line_curve_center_riding,0.1292,0.0291,0.6178,0.7494,0.6168,5,0.5888,0.1316,0.7204,0.4655,-0.1729,IDLE,1,0,step_done_latches_cleared,0,0,0.000,0,nan,nan,nan,0.0000,0,5,0.6050,0.5642,0.5301,0.5642,0.0408,本圈台阶完成,1,0.0000,0.150,0.330
571.315,SEEK_CROSSWALK,19.852,0,2.842,tracking,0.1450,-0.1233,1,line_curve_center_riding,0.0719,0.0152,0.3487,0.3487,0.5661,4,0.3335,0.0000,0.3335,0.2375,-0.1233,IDLE,1,0,step_done_latches_cleared,0,0,0.000,0,nan,nan,nan,0.0000,0,5,0.6050,0.5642,0.5301,0.5642,0.0408,本圈台阶完成,1,0.0000,0.150,0.330
571.457,SEEK_CROSSWALK,19.994,0,2.842,tracking,0.1450,-0.0898,1,line_curve_center_riding,0.0515,-0.0041,0.3229,0.3229,0.5676,4,0.3270,0.0000,0.3270,0.2139,-0.0898,IDLE,1,0,step_done_latches_cleared,0,0,0.000,0,nan,nan,nan,0.0000,0,5,0.6050,0.5642,0.5301,0.5642,0.0408,本圈台阶完成,1,0.0000,0.150,0.330
571.605,SEEK_CROSSWALK,20.141,0,2.842,tracking,0.1450,-0.0663,1,line_curve_center_riding,0.0390,-0.0160,0.3075,0.3075,0.5679,4,0.3234,0.0000,0.3234,0.1997,-0.0663,IDLE,1,0,step_done_latches_cleared,0,0,0.000,0,nan,nan,nan,0.0000,0,5,0.6050,0.5642,0.5301,0.5642,0.0408,本圈台阶完成,1,0.0000,0.150,0.330
571.735,SEEK_CROSSWALK,20.272,0,2.842,tracking,0.1450,-0.0427,1,line_curve_center_riding,0.0188,-0.0356,0.2846,0.2846,0.5695,4,0.3202,0.0000,0.3202,0.1779,-0.0427,IDLE,1,0,step_done_latches_cleared,0,0,0.000,0,nan,nan,nan,0.0000,0,5,0.6050,0.5642,0.5301,0.5642,0.0408,本圈台阶完成,1,0.0000,0.150,0.330
571.867,SEEK_CROSSWALK,20.403,0,2.842,tracking,0.1450,-0.0348,1,line_curve_center_riding,0.0237,-0.0725,0.4933,0.6256,0.6210,5,0.5658,0.1322,0.6981,0.3488,-0.0348,IDLE,1,0,step_done_latches_cleared,0,0,0.000,0,nan,nan,nan,0.0000,0,5,0.6050,0.5642,0.5301,0.5642,0.0408,本圈台阶完成,1,0.0000,0.150,0.330
572.032,SEEK_CROSSWALK,20.568,0,2.842,tracking,0.1450,-0.0201,1,line_curve_center_riding,0.0054,-0.0818,0.4309,0.5422,0.6319,5,0.5127,0.1113,0.6240,0.2971,-0.0201,IDLE,1,0,step_done_latches_cleared,0,0,0.000,0,nan,nan,nan,0.0000,0,5,0.6050,0.5642,0.5301,0.5642,0.0408,本圈台阶完成,1,0.0000,0.150,0.330
572.163,SEEK_CROSSWALK,20.700,0,2.842,tracking,0.1450,-0.0048,1,line_curve_center_riding,-0.0087,-0.0910,0.3934,0.4947,0.6377,5,0.4844,0.1013,0.5857,0.2657,-0.0048,IDLE,1,0,step_done_latches_cleared,0,0,0.000,0,nan,nan,nan,0.0000,0,5,0.6050,0.5642,0.5301,0.5642,0.0408,本圈台阶完成,1,0.0000,0.150,0.330
572.293,SEEK_CROSSWALK,20.830,0,2.842,tracking,0.1450,0.0048,1,line_curve_center_riding,-0.0135,-0.0946,0.3826,0.4818,0.6390,5,0.4772,0.0991,0.5763,0.2566,0.0048,IDLE,1,0,step_done_latches_cleared,0,0,0.000,0,nan,nan,nan,0.0000,0,5,0.6050,0.5642,0.5301,0.5642,0.0408,本圈台阶完成,1,0.0000,0.150,0.330
572.422,SEEK_CROSSWALK,20.958,0,2.842,tracking,0.1450,0.0025,1,line_curve_center_riding,-0.0015,-0.0845,0.4037,0.5057,0.6370,5,0.4882,0.1021,0.5903,0.2750,0.0025,IDLE,1,0,step_done_latches_cleared,0,0,0.000,0,nan,nan,nan,0.0000,0,5,0.6050,0.5642,0.5301,0.5642,0.0408,本圈台阶完成,1,0.0000,0.150,0.330
572.557,SEEK_CROSSWALK,21.094,0,2.842,tracking,0.1450,-0.0121,1,line_curve_center_riding,0.0228,-0.0651,0.4519,0.5646,0.6312,5,0.5169,0.1128,0.6297,0.3171,-0.0121,IDLE,1,0,step_done_latches_cleared,0,0,0.000,0,nan,nan,nan,0.0000,0,5,0.6050,0.5642,0.5301,0.5642,0.0408,本圈台阶完成,1,0.0000,0.150,0.330
572.691,SEEK_CROSSWALK,21.227,0,2.842,tracking,0.1450,-0.0223,1,line_curve_center_riding,0.0300,-0.0226,0.2869,0.2869,0.5722,4,0.3095,0.0000,0.3095,0.1837,-0.0223,IDLE,1,0,step_done_latches_cleared,0,0,0.000,0,nan,nan,nan,0.0000,0,5,0.6050,0.5642,0.5301,0.5642,0.0408,本圈台阶完成,1,0.0000,0.150,0.330
572.833,SEEK_CROSSWALK,21.369,0,2.842,tracking,0.1450,-0.0609,1,line_curve_center_riding,0.0883,-0.0107,0.5714,0.6995,0.6191,5,0.5821,0.1280,0.7101,0.4201,-0.0609,IDLE,1,0,step_done_latches_cleared,0,0,0.000,0,nan,nan,nan,0.0000,0,5,0.6050,0.5642,0.5301,0.5642,0.0408,本圈台阶完成,1,0.0000,0.150,0.330
572.971,SEEK_CROSSWALK,21.507,0,2.842,tracking,0.1450,-0.0992,1,line_curve_center_riding,0.1256,0.0217,0.6326,0.7608,0.6136,5,0.6109,0.1282,0.7391,0.4717,-0.0992,IDLE,1,0,step_done_latches_cleared,0,0,0.000,0,nan,nan,nan,0.0000,0,5,0.6050,0.5642,0.5301,0.5642,0.0408,本圈台阶完成,1,0.0000,0.150,0.330
573.099,SEEK_CROSSWALK,21.635,0,2.842,tracking,0.1450,-0.1187,1,line_curve_center_riding,0.1287,0.0600,0.4644,0.4644,0.5513,4,0.4044,0.0000,0.4044,0.3296,-0.1187,IDLE,1,0,step_done_latches_cleared,0,0,0.000,0,nan,nan,nan,0.0000,0,5,0.6050,0.5642,0.5301,0.5642,0.0408,本圈台阶完成,1,0.0000,0.150,0.330
573.249,SEEK_CROSSWALK,21.785,0,2.842,tracking,0.1450,-0.1464,1,line_curve_center_riding,0.1603,0.0873,0.5165,0.5165,0.5440,4,0.4292,0.0000,0.4292,0.3735,-0.1464,IDLE,1,0,step_done_latches_cleared,0,0,0.000,0,nan,nan,nan,0.0000,0,5,0.6050,0.5642,0.5301,0.5642,0.0408,本圈台阶完成,1,0.0000,0.150,0.330
573.395,SEEK_CROSSWALK,21.932,0,2.842,tracking,0.1450,-0.1867,1,line_curve_center_riding,0.2078,0.1252,0.6109,0.6109,0.5317,4,0.4857,0.0000,0.4857,0.4490,-0.1867,IDLE,1,0,step_done_latches_cleared,0,0,0.000,0,nan,nan,nan,0.0000,0,5,0.6050,0.5642,0.5301,0.5642,0.0408,本圈台阶完成,1,0.0000,0.150,0.330
573.525,SEEK_CROSSWALK,22.062,0,2.842,tracking,0.1450,-0.2309,1,line_curve_center_riding,0.2519,0.1586,0.7072,0.7072,0.5194,4,0.5486,0.0000,0.5486,0.5244,-0.2309,IDLE,1,0,step_done_latches_cleared,0,0,0.000,0,nan,nan,nan,0.0000,0,5,0.6050,0.5642,0.5301,0.5642,0.0408,本圈台阶完成,1,0.0000,0.150,0.330
573.671,SEEK_CROSSWALK,22.208,0,2.842,tracking,0.1450,-0.2764,1,line_curve_center_riding,0.2971,0.2027,0.7576,0.7576,0.5156,4,0.5549,0.0000,0.5549,0.5727,-0.2764,IDLE,1,0,step_done_latches_cleared,0,0,0.000,0,nan,nan,nan,0.0000,0,5,0.6050,0.5642,0.5301,0.5642,0.0408,本圈台阶完成,1,0.0000,0.150,0.330
573.806,SEEK_CROSSWALK,22.343,0,2.842,tracking,0.1450,-0.3276,1,line_curve_center_riding,0.3479,0.2527,0.8126,0.8126,0.5102,4,0.5599,0.0000,0.5599,0.6260,-0.3276,IDLE,1,0,step_done_latches_cleared,0,0,0.000,0,nan,nan,nan,0.0000,0,5,0.6050,0.5642,0.5301,0.5642,0.0408,本圈台阶完成,1,0.0000,0.150,0.330
573.940,SEEK_CROSSWALK,22.476,0,2.842,tracking,0.1559,-0.3661,1,line_curve_center_riding,0.3743,0.3300,0.5911,0.5911,0.4355,3,0.2611,0.0000,0.2611,0.5040,-0.3661,IDLE,1,0,step_done_latches_cleared,0,0,0.000,0,nan,nan,nan,0.0000,0,5,0.6050,0.5642,0.5301,0.5642,0.0408,本圈台阶完成,1,0.0000,0.150,0.330
574.067,SEEK_CROSSWALK,22.603,0,2.842,tracking,0.1430,-0.4162,1,line_curve_center_riding,0.4283,0.3821,0.6541,0.6541,0.4310,3,0.2720,0.0000,0.2720,0.5634,-0.4162,IDLE,1,0,step_done_latches_cleared,0,0,0.000,0,nan,nan,nan,0.0000,0,5,0.6050,0.5642,0.5301,0.5642,0.0408,本圈台阶完成,1,0.0000,0.150,0.330
574.195,SEEK_CROSSWALK,22.731,0,2.842,tracking,0.1287,-0.4716,1,line_curve_center_riding,0.4848,0.4333,0.7362,0.7362,0.4140,3,0.3029,0.0000,0.3029,0.6352,-0.4716,IDLE,1,0,step_done_latches_cleared,0,0,0.000,0,nan,nan,nan,0.0000,0,5,0.6050,0.5642,0.5301,0.5642,0.0408,本圈台阶完成,1,0.0000,0.150,0.330
574.322,SEEK_CROSSWALK,22.859,0,2.842,tracking,0.1172,-0.5163,1,line_curve_center_riding,0.5186,0.4673,0.7689,0.7689,0.4148,3,0.3016,0.0000,0.3016,0.6684,-0.5163,IDLE,1,0,step_done_latches_cleared,0,0,0.000,0,nan,nan,nan,0.0000,0,5,0.6050,0.5642,0.5301,0.5642,0.0408,本圈台阶完成,1,0.0000,0.150,0.330
574.451,SEEK_CROSSWALK,22.987,0,2.842,tracking,0.1079,-0.5526,1,line_curve_center_riding,0.5448,0.4959,0.7834,0.7834,0.4196,3,0.2875,0.0000,0.2875,0.6876,-0.5526,IDLE,1,0,step_done_latches_cleared,0,0,0.000,0,nan,nan,nan,0.0000,0,5,0.6050,0.5642,0.5301,0.5642,0.0408,本圈台阶完成,1,0.0000,0.150,0.330
574.580,SEEK_CROSSWALK,23.116,0,2.842,tracking,0.1000,-0.5915,1,line_curve_center_riding,0.5820,0.5311,0.8305,0.8305,0.4107,3,0.2994,0.0000,0.2994,0.7307,-0.5915,IDLE,1,0,step_done_latches_cleared,0,0,0.000,0,nan,nan,nan,0.0000,0,5,0.6050,0.5642,0.5301,0.5642,0.0408,本圈台阶完成,1,0.0000,0.150,0.330
574.708,SEEK_CROSSWALK,23.245,0,2.842,tracking,0.1000,-0.5872,1,line_hard_turn_centering,0.5443,0.5391,0.5907,0.5907,0.3299,2,0.0516,0.0000,0.0516,0.5735,-0.5872,IDLE,1,0,step_done_latches_cleared,0,0,0.000,0,nan,nan,nan,0.0000,0,5,0.6050,0.5642,0.5301,0.5642,0.0408,本圈台阶完成,1,0.0000,0.150,0.330
574.839,SEEK_CROSSWALK,23.376,0,2.842,tracking,0.1000,-0.6027,1,line_hard_turn_centering,0.5702,0.5647,0.6199,0.6199,0.3197,2,0.0552,0.0000,0.0552,0.6015,-0.6027,IDLE,1,0,step_done_latches_cleared,0,0,0.000,0,nan,nan,nan,0.0000,0,5,0.6050,0.5642,0.5301,0.5642,0.0408,本圈台阶完成,1,0.0000,0.150,0.330
574.979,SEEK_CROSSWALK,23.516,0,2.842,tracking,0.1000,-0.6241,1,line_curve_center_riding,0.5963,0.5443,0.8506,0.8506,0.4037,3,0.3063,0.0000,0.3063,0.7485,-0.6241,IDLE,1,0,step_done_latches_cleared,0,0,0.000,0,nan,nan,nan,0.0000,0,5,0.6050,0.5642,0.5301,0.5642,0.0408,本圈台阶完成,1,0.0000,0.150,0.330
575.133,SEEK_CROSSWALK,23.670,0,2.842,tracking,0.1000,-0.6106,1,line_curve_center_riding,0.5564,0.5028,0.8184,0.8184,0.4026,3,0.3157,0.0000,0.3157,0.7132,-0.6106,IDLE,1,0,step_done_latches_cleared,0,0,0.000,0,nan,nan,nan,0.0000,0,5,0.6050,0.5642,0.5301,0.5642,0.0408,本圈台阶完成,1,0.0000,0.150,0.330
575.263,SEEK_CROSSWALK,23.800,0,2.842,tracking,0.1033,-0.5707,1,line_curve_center_riding,0.4962,0.4407,0.7675,0.7675,0.4016,3,0.3268,0.0000,0.3268,0.6586,-0.5707,IDLE,1,0,step_done_latches_cleared,0,0,0.000,0,nan,nan,nan,0.0000,0,5,0.6050,0.5642,0.5301,0.5642,0.0408,本圈台阶完成,1,0.0000,0.150,0.330
575.388,SEEK_CROSSWALK,23.925,0,2.842,tracking,0.1282,-0.4737,1,line_center_tracking,0.3597,0.3473,0.3916,0.3916,0.3503,2,0.0443,0.0000,0.0443,0.3768,-0.4737,IDLE,1,0,step_done_latches_cleared,0,0,0.000,0,nan,nan,nan,0.0000,0,5,0.6050,0.5642,0.5301,0.5642,0.0408,本圈台阶完成,1,0.0000,0.150,0.330
575.512,SEEK_CROSSWALK,24.048,0,2.842,tracking,0.1346,-0.4488,1,line_curve_center_riding,0.3871,0.2930,0.8467,0.8467,0.4992,4,0.5537,0.0000,0.5537,0.6621,-0.4488,IDLE,1,0,step_done_latches_cleared,0,0,0.000,0,nan,nan,nan,0.0000,0,5,0.6050,0.5642,0.5301,0.5642,0.0408,本圈台阶完成,1,0.0000,0.150,0.330
575.643,SEEK_CROSSWALK,24.180,0,2.842,tracking,0.1450,-0.3991,1,line_curve_center_riding,0.3269,0.2265,0.8176,0.8176,0.4955,4,0.5911,0.0000,0.5911,0.6205,-0.3991,IDLE,1,0,step_done_latches_cleared,0,0,0.000,0,nan,nan,nan,0.0000,0,5,0.6050,0.5642,0.5301,0.5642,0.0408,本圈台阶完成,1,0.0000,0.150,0.330
575.770,SEEK_CROSSWALK,24.307,0,2.842,tracking,0.1450,-0.3688,1,line_curve_center_riding,0.3131,0.2204,0.7658,0.7809,0.9075,8,0.5454,0.0151,0.5605,0.5890,-0.3688,IDLE,1,0,step_done_latches_cleared,0,0,0.000,0,nan,nan,nan,0.0000,0,5,0.6050,0.5642,0.5301,0.5642,0.0408,本圈台阶完成,1,0.0000,0.150,0.330
575.911,SEEK_CROSSWALK,24.448,0,2.842,tracking,0.1450,-0.3183,1,line_curve_center_riding,0.2511,0.1594,0.6985,0.7436,0.9072,8,0.5390,0.0451,0.5842,0.5338,-0.3183,IDLE,1,0,step_done_latches_cleared,0,0,0.000,0,nan,nan,nan,0.0000,0,5,0.6050,0.5642,0.5301,0.5642,0.0408,本圈台阶完成,1,0.0000,0.150,0.330
576.038,SEEK_CROSSWALK,24.574,0,2.842,tracking,0.1450,-0.2680,1,line_curve_center_riding,0.2045,0.1158,0.6376,0.6885,0.9097,8,0.5218,0.0509,0.5727,0.4806,-0.2680,IDLE,1,0,step_done_latches_cleared,0,0,0.000,0,nan,nan,nan,0.0000,0,5,0.6050,0.5642,0.5301,0.5642,0.0408,本圈台阶完成,1,0.0000,0.150,0.330
576.174,SEEK_CROSSWALK,24.710,0,2.842,tracking,0.1450,-0.2063,1,line_curve_center_riding,0.1370,0.0511,0.5560,0.6305,0.9140,8,0.5048,0.0746,0.5794,0.4125,-0.2063,IDLE,1,0,step_done_latches_cleared,0,0,0.000,0,nan,nan,nan,0.0000,0,5,0.6050,0.5642,0.5301,0.5642,0.0408,本圈台阶完成,1,0.0000,0.150,0.330
576.307,SEEK_CROSSWALK,24.844,0,2.842,tracking,0.1450,-0.1443,1,line_curve_center_riding,0.0789,-0.0041,0.4837,0.5743,0.9180,8,0.4878,0.0905,0.5783,0.3513,-0.1443,IDLE,1,0,step_done_latches_cleared,0,0,0.000,0,nan,nan,nan,0.0000,0,5,0.6050,0.5642,0.5301,0.5642,0.0408,本圈台阶完成,1,0.0000,0.150,0.330
576.443,SEEK_CROSSWALK,24.979,0,2.842,tracking,0.1450,-0.0899,1,line_curve_center_riding,0.0341,-0.0464,0.4270,0.5261,0.9214,8,0.4734,0.0991,0.5725,0.3022,-0.0899,IDLE,1,0,step_done_latches_cleared,0,0,0.000,0,nan,nan,nan,0.0000,0,5,0.6050,0.5642,0.5301,0.5642,0.0408,本圈台阶完成,1,0.0000,0.150,0.330
576.578,SEEK_CROSSWALK,25.115,0,2.842,tracking,0.1450,-0.0466,1,line_curve_center_riding,0.0035,-0.0755,0.3890,0.4948,0.9235,8,0.4644,0.1058,0.5703,0.2694,-0.0466,IDLE,1,0,step_done_latches_cleared,0,0,0.000,0,nan,nan,nan,0.0000,0,5,0.6050,0.5642,0.5301,0.5642,0.0408,本圈台阶完成,1,0.0000,0.150,0.330
576.719,SEEK_CROSSWALK,25.256,0,2.842,tracking,0.1450,-0.0065,1,line_curve_center_riding,-0.0304,-0.1075,0.3460,0.4613,0.9259,8,0.4536,0.1153,0.5689,0.2333,-0.0065,IDLE,1,0,step_done_latches_cleared,0,0,0.000,0,nan,nan,nan,0.0000,0,5,0.6050,0.5642,0.5301,0.5642,0.0408,本圈台阶完成,1,0.0000,0.150,0.330
576.849,SEEK_CROSSWALK,25.386,0,2.842,tracking,0.1450,0.0125,1,line_curve_center_riding,-0.0302,-0.1052,0.3360,0.4333,0.9278,8,0.4412,0.0972,0.5385,0.2214,0.0125,IDLE,1,0,step_done_latches_cleared,0,0,0.000,0,nan,nan,nan,0.0000,0,5,0.6050,0.5642,0.5301,0.5642,0.0408,本圈台阶完成,1,0.0000,0.150,0.330
576.985,SEEK_CROSSWALK,25.521,0,2.842,tracking,0.1450,0.0086,1,line_curve_center_riding,-0.0070,-0.0796,0.3475,0.4228,0.9290,8,0.4272,0.0753,0.5025,0.2303,0.0086,IDLE,1,0,step_done_latches_cleared,0,0,0.000,0,nan,nan,nan,0.0000,0,5,0.6050,0.5642,0.5301,0.5642,0.0408,本圈台阶完成,1,0.0000,0.150,0.330
577.119,SEEK_CROSSWALK,25.655,0,2.842,tracking,0.1450,-0.0144,1,line_curve_center_riding,0.0316,-0.0385,0.3740,0.4241,0.9302,8,0.4125,0.0502,0.4626,0.2532,-0.0144,IDLE,1,0,step_done_latches_cleared,0,0,0.000,0,nan,nan,nan,0.0000,0,5,0.6050,0.5642,0.5301,0.5642,0.0408,本圈台阶完成,1,0.0000,0.150,0.330
577.248,SEEK_CROSSWALK,25.785,0,2.842,tracking,0.1450,-0.0511,1,line_curve_center_riding,0.0779,0.0114,0.4030,0.4281,0.9324,8,0.3916,0.0251,0.4167,0.2808,-0.0511,IDLE,1,0,step_done_latches_cleared,0,0,0.000,0,nan,nan,nan,0.0000,0,5,0.6050,0.5642,0.5301,0.5642,0.0408,本圈台阶完成,1,0.0000,0.150,0.330
577.403,SEEK_CROSSWALK,25.939,0,2.842,tracking,0.1450,-0.0989,1,line_curve_center_riding,0.1343,0.0719,0.4386,0.4329,0.9303,8,0.3667,0.0057,0.3610,0.3145,-0.0989,IDLE,1,0,step_done_latches_cleared,0,0,0.000,0,nan,nan,nan,0.0000,0,5,0.6050,0.5642,0.5301,0.5642,0.0408,本圈台阶完成,1,0.0000,0.150,0.330
577.548,SEEK_CROSSWALK,26.085,0,2.842,tracking,0.1450,-0.1554,1,line_curve_center_riding,0.1935,0.1394,0.4576,0.4105,0.9377,8,0.3181,0.0471,0.2711,0.3358,-0.1554,IDLE,1,0,step_done_latches_cleared,0,0,0.000,0,nan,nan,nan,0.0000,0,5,0.6050,0.5642,0.5301,0.5642,0.0408,本圈台阶完成,1,0.0000,0.150,0.330
577.683,SEEK_CROSSWALK,26.220,0,2.842,tracking,0.1700,-0.2067,1,line_curve_center_riding,0.2370,0.1906,0.4634,0.3788,0.9425,8,0.2728,0.0846,0.1882,0.3442,-0.2067,IDLE,1,0,step_done_latches_cleared,0,0,0.000,0,nan,nan,nan,0.0000,0,5,0.6050,0.5642,0.5301,0.5642,0.0408,本圈台阶完成,1,0.0000,0.150,0.330
577.812,SEEK_CROSSWALK,26.349,0,2.842,tracking,0.1700,-0.2470,1,line_curve_center_riding,0.2651,0.2286,0.4435,0.3211,0.9456,8,0.2149,0.1224,0.0925,0.3311,-0.2470,IDLE,1,0,step_done_latches_cleared,0,0,0.000,0,nan,nan,nan,0.0000,0,5,0.6050,0.5642,0.5301,0.5642,0.0408,本圈台阶完成,1,0.0000,0.150,0.330
577.967,SEEK_CROSSWALK,26.504,0,2.842,tracking,0.1700,-0.2734,1,line_curve_center_riding,0.2791,0.2512,0.4156,0.2580,0.9484,8,0.1644,0.1576,0.0069,0.3083,-0.2734,IDLE,1,0,step_done_latches_cleared,0,0,0.000,0,nan,nan,nan,0.0000,0,5,0.6050,0.5642,0.5301,0.5642,0.0408,本圈台阶完成,1,0.0000,0.150,0.330
578.111,SEEK_CROSSWALK,26.647,0,2.842,tracking,0.1700,-0.2864,1,line_curve_center_riding,0.2780,0.2612,0.3602,0.1551,0.9500,8,0.0990,0.2051,0.1061,0.2588,-0.2864,IDLE,1,0,step_done_latches_cleared,0,0,0.000,0,nan,nan,nan,0.0000,0,5,0.6050,0.5642,0.5301,0.5642,0.0408,本圈台阶完成,1,0.0000,0.150,0.330
578.248,SEEK_CROSSWALK,26.784,0,2.842,tracking,0.1700,-0.2838,1,line_curve_center_riding,0.2621,0.2537,0.3033,0.0542,0.9490,8,0.0496,0.2491,0.1995,0.2037,-0.2838,IDLE,1,0,step_done_latches_cleared,0,0,0.000,0,nan,nan,nan,0.0000,0,5,0.6050,0.5642,0.5301,0.5642,0.0408,本圈台阶完成,1,0.0000,0.150,0.330
578.416,SEEK_CROSSWALK,26.953,0,2.842,tracking,0.1700,-0.2592,1,line_curve_center_riding,0.2194,0.2205,0.2141,-0.0214,0.8776,7,0.0065,0.2354,0.2419,0.1378,-0.2592,IDLE,1,0,step_done_latches_cleared,0,0,0.000,0,nan,nan,nan,0.0000,0,5,0.6050,0.5642,0.5301,0.5642,0.0408,本圈台阶完成,1,0.0000,0.150,0.330
578.565,SEEK_CROSSWALK,27.102,0,2.842,tracking,0.1450,-0.2269,1,line_curve_center_riding,0.1821,0.1892,0.1476,-0.2027,0.9395,8,0.0416,0.3503,0.3919,0.0447,-0.2269,IDLE,1,0,step_done_latches_cleared,0,0,0.000,0,nan,nan,nan,0.0000,0,5,0.6050,0.5642,0.5301,0.5642,0.0408,本圈台阶完成,1,0.0000,0.150,0.330
578.701,SEEK_CROSSWALK,27.238,0,2.842,tracking,0.1700,-0.1809,1,line_curve_center_riding,0.1284,0.1462,0.0412,-0.2815,0.8691,7,0.1050,0.3227,0.4277,-0.0313,-0.1809,IDLE,1,0,step_done_latches_cleared,0,0,0.000,0,nan,nan,nan,0.0000,0,5,0.6050,0.5642,0.5301,0.5642,0.0408,本圈台阶完成,1,0.0000,0.150,0.330
578.838,SEEK_CROSSWALK,27.374,0,2.842,tracking,0.1450,-0.1304,1,line_curve_center_riding,0.0764,0.1029,-0.0531,-0.4805,0.8512,7,0.1560,0.4273,0.5833,-0.1436,-0.1304,IDLE,1,0,step_done_latches_cleared,0,0,0.000,0,nan,nan,nan,0.0000,0,5,0.6050,0.5642,0.5301,0.5642,0.0408,本圈台阶完成,1,0.0000,0.150,0.330
578.991,SEEK_CROSSWALK,27.528,0,2.842,tracking,0.1450,-0.0689,1,line_curve_center_riding,0.0088,0.0469,-0.1775,-0.7634,0.8261,7,0.2244,0.5859,0.8103,-0.2980,-0.0689,IDLE,1,0,step_done_latches_cleared,0,0,0.000,0,nan,nan,nan,0.0000,0,5,0.6050,0.5642,0.5301,0.5642,0.0408,本圈台阶完成,1,0.0000,0.150,0.330
579.131,SEEK_CROSSWALK,27.667,0,2.842,tracking,0.1450,-0.0028,1,line_curve_center_riding,-0.0554,-0.0134,-0.2601,-0.5259,0.7592,6,0.2466,0.2658,0.5125,-0.2665,-0.0028,IDLE,1,0,step_done_latches_cleared,0,0,0.000,0,nan,nan,nan,0.0000,0,5,0.6050,0.5642,0.5301,0.5642,0.0408,本圈台阶完成,1,0.0000,0.150,0.330
579.263,SEEK_CROSSWALK,27.800,0,2.842,tracking,0.1450,0.0585,1,line_curve_center_riding,-0.1085,-0.0525,-0.3823,-0.7275,0.7380,6,0.3299,0.3452,0.6751,-0.3874,0.0585,IDLE,1,0,step_done_latches_cleared,0,0,0.000,0,nan,nan,nan,0.0000,0,5,0.6050,0.5642,0.5301,0.5642,0.0408,本圈台阶完成,1,0.0000,0.150,0.330
579.395,SEEK_CROSSWALK,27.932,0,2.842,tracking,0.1450,0.1209,1,line_curve_center_riding,-0.1671,-0.1027,-0.4815,-0.8645,0.7269,6,0.3788,0.3830,0.7618,-0.4829,0.1209,IDLE,1,0,step_done_latches_cleared,0,0,0.000,0,nan,nan,nan,0.0000,0,5,0.6050,0.5642,0.5301,0.5642,0.0408,本圈台阶完成,1,0.0000,0.150,0.330
579.526,SEEK_CROSSWALK,28.063,0,2.842,tracking,0.1450,0.1794,1,line_curve_center_riding,-0.2182,-0.1392,-0.6042,-0.7166,0.6439,5,0.4650,0.1124,0.5775,-0.4867,0.1794,IDLE,1,0,step_done_latches_cleared,0,0,0.000,0,nan,nan,nan,0.0000,0,5,0.6050,0.5642,0.5301,0.5642,0.0408,本圈台阶完成,1,0.0000,0.150,0.330
579.681,SEEK_CROSSWALK,28.217,0,2.842,tracking,0.1450,0.2193,1,line_curve_center_riding,-0.2418,-0.1650,-0.6164,-0.7085,0.6468,5,0.4513,0.0922,0.5435,-0.4967,0.2193,IDLE,1,0,step_done_latches_cleared,0,0,0.000,0,nan,nan,nan,0.0000,0,5,0.6050,0.5642,0.5301,0.5642,0.0408,本圈台阶完成,1,0.0000,0.150,0.330
579.845,SEEK_CROSSWALK,28.382,0,2.842,tracking,0.1700,0.2006,1,line_curve_center_riding,-0.1742,-0.1532,-0.2767,-0.2767,0.5046,3,0.1236,0.0000,0.1236,-0.2355,0.2006,IDLE,1,0,step_done_latches_cleared,0,0,0.000,0,nan,nan,nan,0.0000,0,5,0.6050,0.5642,0.5301,0.5642,0.0408,本圈台阶完成,1,0.0000,0.150,0.330
579.975,SEEK_CROSSWALK,28.512,0,2.842,tracking,0.1700,0.2031,1,line_curve_center_riding,-0.1889,-0.1425,-0.4158,-0.4158,0.5772,4,0.2733,0.0000,0.2733,-0.3247,0.2031,IDLE,1,0,step_done_latches_cleared,0,0,0.000,0,nan,nan,nan,0.0000,0,5,0.6050,0.5642,0.5301,0.5642,0.0408,本圈台阶完成,1,0.0000,0.150,0.330
580.109,SEEK_CROSSWALK,28.646,0,2.842,tracking,0.1450,0.1986,1,line_curve_center_riding,-0.1805,-0.1193,-0.4790,-0.4790,0.5649,4,0.3597,0.0000,0.3597,-0.3591,0.1986,IDLE,1,0,step_done_latches_cleared,0,0,0.000,0,nan,nan,nan,0.0000,0,5,0.6050,0.5642,0.5301,0.5642,0.0408,本圈台阶完成,1,0.0000,0.150,0.330
580.251,SEEK_CROSSWALK,28.788,0,2.842,tracking,0.1449,0.2094,1,line_curve_center_riding,-0.2022,-0.0976,-0.7125,-0.8457,0.6135,5,0.6148,0.1332,0.7480,-0.5519,0.2094,IDLE,1,0,step_done_latches_cleared,0,0,0.000,0,nan,nan,nan,0.0000,0,5,0.6050,0.5642,0.5301,0.5642,0.0408,本圈台阶完成,1,0.0000,0.150,0.330
580.394,SEEK_CROSSWALK,28.930,0,2.842,tracking,0.1410,0.1866,1,line_curve_center_riding,-0.1553,-0.0469,-0.6845,-0.8344,0.4981,4,0.6376,0.1499,0.7875,-0.5220,0.1866,IDLE,1,0,step_done_latches_cleared,0,0,0.000,0,nan,nan,nan,0.0000,0,5,0.6050,0.5642,0.5301,0.5642,0.0408,本圈台阶完成,1,0.0000,0.150,0.330
580.527,SEEK_CROSSWALK,29.063,0,2.842,tracking,0.1450,0.1618,1,line_curve_center_riding,-0.1284,-0.0345,-0.5873,-0.7028,0.6281,5,0.5528,0.1155,0.6683,-0.4415,0.1618,IDLE,1,0,step_done_latches_cleared,0,0,0.000,0,nan,nan,nan,0.0000,0,5,0.6050,0.5642,0.5301,0.5642,0.0408,本圈台阶完成,1,0.0000,0.150,0.330
580.674,SEEK_CROSSWALK,29.211,0,2.842,tracking,0.1450,0.1335,1,line_curve_center_riding,-0.0984,-0.0015,-0.5713,-0.6982,0.6224,5,0.5697,0.1269,0.6966,-0.4237,0.1335,IDLE,1,0,step_done_latches_cleared,0,0,0.000,0,nan,nan,nan,0.0000,0,5,0.6050,0.5642,0.5301,0.5642,0.0408,本圈台阶完成,1,0.0000,0.150,0.330
580.824,SEEK_CROSSWALK,29.361,0,2.842,tracking,0.1450,0.1112,1,line_curve_center_riding,-0.0823,0.0079,-0.5230,-0.6338,0.6303,5,0.5309,0.1108,0.6417,-0.3830,0.1112,IDLE,1,0,step_done_latches_cleared,0,0,0.000,0,nan,nan,nan,0.0000,0,5,0.6050,0.5642,0.5301,0.5642,0.0408,本圈台阶完成,1,0.0000,0.150,0.330
580.960,SEEK_CROSSWALK,29.496,0,2.842,tracking,0.1450,0.0743,1,line_curve_center_riding,-0.0375,0.0387,-0.4098,-0.5002,0.6431,5,0.4485,0.0904,0.5389,-0.2904,0.0743,IDLE,1,0,step_done_latches_cleared,0,0,0.000,0,nan,nan,nan,0.0000,0,5,0.6050,0.5642,0.5301,0.5642,0.0408,本圈台阶完成,1,0.0000,0.150,0.330
581.104,SEEK_CROSSWALK,29.640,0,2.842,tracking,0.1450,0.0623,1,line_curve_center_riding,-0.0445,0.0288,-0.4026,-0.5074,0.5385,4,0.4314,0.1048,0.5362,-0.2937,0.0623,IDLE,1,0,step_done_latches_cleared,0,0,0.000,0,nan,nan,nan,0.0000,0,5,0.6050,0.5642,0.5301,0.5642,0.0408,本圈台阶完成,1,0.0000,0.150,0.330
581.252,SEEK_CROSSWALK,29.788,0,2.842,tracking,0.1450,0.0278,1,line_curve_center_riding,0.0034,0.0760,-0.3505,-0.4382,0.6494,5,0.4265,0.0877,0.5142,-0.2376,0.0278,IDLE,1,0,step_done_latches_cleared,0,0,0.000,0,nan,nan,nan,0.0000,0,5,0.6050,0.5642,0.5301,0.5642,0.0408,本圈台阶完成,1,0.0000,0.150,0.330
581.394,SEEK_CROSSWALK,29.930,0,2.842,tracking,0.1450,0.0016,1,line_curve_center_riding,0.0224,0.0977,-0.3450,-0.4328,0.6473,5,0.4427,0.0878,0.5305,-0.2267,0.0016,IDLE,1,0,step_done_latches_cleared,0,0,0.000,0,nan,nan,nan,0.0000,0,5,0.6050,0.5642,0.5301,0.5642,0.0408,本圈台阶完成,1,0.0000,0.150,0.330
581.530,SEEK_CROSSWALK,30.067,0,2.842,tracking,0.1700,-0.0313,1,line_curve_center_riding,0.0576,0.1037,-0.1675,-0.1675,0.5826,4,0.2712,0.0000,0.2712,-0.0771,-0.0313,IDLE,1,0,step_done_latches_cleared,0,0,0.000,0,nan,nan,nan,0.0000,0,5,0.6050,0.5642,0.5301,0.5642,0.0408,本圈台阶完成,1,0.0000,0.150,0.330
581.678,SEEK_CROSSWALK,30.214,0,2.842,tracking,0.1450,-0.0228,1,line_curve_center_riding,0.0174,0.0997,-0.3844,-0.4828,0.6380,5,0.4841,0.0984,0.5825,-0.2558,-0.0228,IDLE,1,0,step_done_latches_cleared,0,0,0.000,0,nan,nan,nan,0.0000,0,5,0.6050,0.5642,0.5301,0.5642,0.0408,本圈台阶完成,1,0.0000,0.150,0.330
581.823,SEEK_CROSSWALK,30.360,0,2.842,tracking,0.1450,0.0075,1,line_curve_center_riding,-0.0316,0.0421,-0.3914,-0.4523,0.4388,3,0.4335,0.0609,0.4944,-0.2672,0.0075,IDLE,1,0,step_done_latches_cleared,0,0,0.000,0,nan,nan,nan,0.0000,0,5,0.6050,0.5642,0.5301,0.5642,0.0408,本圈台阶完成,1,0.0000,0.150,0.330
581.955,SEEK_CROSSWALK,30.491,0,2.842,tracking,0.1450,0.0267,1,line_curve_center_riding,-0.0423,0.0558,-0.5212,-0.6601,0.6182,5,0.5771,0.1389,0.7160,-0.3752,0.0267,IDLE,1,0,step_done_latches_cleared,0,0,0.000,0,nan,nan,nan,0.0000,0,5,0.6050,0.5642,0.5301,0.5642,0.0408,本圈台阶完成,1,0.0000,0.150,0.330
582.092,SEEK_CROSSWALK,30.628,0,2.842,tracking,0.1450,0.0429,1,line_curve_center_riding,-0.0546,0.0413,-0.5226,-0.6693,0.6195,5,0.5639,0.1467,0.7106,-0.3835,0.0429,IDLE,1,0,step_done_latches_cleared,0,0,0.000,0,nan,nan,nan,0.0000,0,5,0.6050,0.5642,0.5301,0.5642,0.0408,本圈台阶完成,1,0.0000,0.150,0.330
582.232,SEEK_CROSSWALK,30.769,0,2.842,tracking,0.1450,0.0741,1,line_curve_center_riding,-0.0951,0.0044,-0.5813,-0.7006,0.6190,5,0.5857,0.1193,0.7050,-0.4258,0.0741,IDLE,1,0,step_done_latches_cleared,0,0,0.000,0,nan,nan,nan,0.0000,0,5,0.6050,0.5642,0.5301,0.5642,0.0408,本圈台阶完成,1,0.0000,0.150,0.330
582.366,SEEK_CROSSWALK,30.902,0,2.842,tracking,0.1450,0.0838,1,line_curve_center_riding,-0.0880,-0.0224,-0.4082,-0.4082,0.5521,4,0.3858,0.0000,0.3858,-0.2796,0.0838,IDLE,1,0,step_done_latches_cleared,0,0,0.000,0,nan,nan,nan,0.0000,0,5,0.6050,0.5642,0.5301,0.5642,0.0408,本圈台阶完成,1,0.0000,0.150,0.330
582.503,SEEK_CROSSWALK,31.039,0,2.842,tracking,0.1700,0.0921,1,line_curve_center_riding,-0.0930,-0.0700,-0.2051,-0.2051,0.4889,3,0.1350,0.0000,0.1350,-0.1601,0.0921,IDLE,1,0,step_done_latches_cleared,0,0,0.000,0,nan,nan,nan,0.0000,0,5,0.6050,0.5642,0.5301,0.5642,0.0408,本圈台阶完成,1,0.0000,0.150,0.330
582.643,SEEK_CROSSWALK,31.180,0,2.842,tracking,0.2207,0.1077,1,line_center_tracking,-0.1131,-0.1075,-0.1276,-0.1276,0.4185,2,0.0201,0.0000,0.0201,-0.1209,0.1077,IDLE,1,0,step_done_latches_cleared,0,0,0.000,0,nan,nan,nan,0.0000,0,5,0.6050,0.5642,0.5301,0.5642,0.0408,本圈台阶完成,1,0.0000,0.150,0.330
582.776,SEEK_CROSSWALK,31.312,0,2.842,tracking,0.1704,0.1637,1,line_curve_center_riding,-0.1969,-0.0961,-0.6894,-0.6894,0.5192,4,0.5933,0.0000,0.5933,-0.4916,0.1637,IDLE,1,0,step_done_latches_cleared,0,0,0.000,0,nan,nan,nan,0.0000,0,5,0.6050,0.5642,0.5301,0.5642,0.0408,本圈台阶完成,1,0.0000,0.150,0.330
582.918,SEEK_CROSSWALK,31.454,0,2.842,tracking,0.1700,0.2008,1,line_curve_center_riding,-0.2208,-0.1941,-0.3514,-0.3514,0.4851,3,0.1573,0.0000,0.1573,-0.2990,0.2008,IDLE,1,0,step_done_latches_cleared,0,0,0.000,0,nan,nan,nan,0.0000,0,5,0.6050,0.5642,0.5301,0.5642,0.0408,本圈台阶完成,1,0.0000,0.150,0.330
583.066,SEEK_CROSSWALK,31.603,0,2.842,tracking,0.1700,0.2580,1,line_curve_center_riding,-0.2888,-0.2488,-0.4844,-0.4844,0.4586,3,0.2356,0.0000,0.2356,-0.4058,0.2580,IDLE,1,0,step_done_latches_cleared,0,0,0.000,0,nan,nan,nan,0.0000,0,5,0.6050,0.5642,0.5301,0.5642,0.0408,本圈台阶完成,1,0.0000,0.150,0.330
583.220,SEEK_CROSSWALK,31.756,0,2.842,tracking,0.1450,0.3368,1,line_curve_center_riding,-0.3811,-0.3290,-0.6355,-0.6355,0.4147,3,0.3065,0.0000,0.3065,-0.5333,0.3368,IDLE,1,0,step_done_latches_cleared,0,0,0.000,0,nan,nan,nan,0.0000,0,5,0.6050,0.5642,0.5301,0.5642,0.0408,本圈台阶完成,1,0.0000,0.150,0.330
583.379,SEEK_CROSSWALK,31.916,0,2.842,tracking,0.1450,0.3965,1,line_curve_center_riding,-0.4229,-0.3751,-0.6566,-0.6566,0.4256,3,0.2815,0.0000,0.2815,-0.5627,0.3965,IDLE,1,0,step_done_latches_cleared,0,0,0.000,0,nan,nan,nan,0.0000,0,5,0.6050,0.5642,0.5301,0.5642,0.0408,本圈台阶完成,1,0.0000,0.150,0.330
583.518,SEEK_CROSSWALK,32.054,0,2.842,tracking,0.1404,0.4262,1,line_curve_center_riding,-0.4234,-0.3747,-0.6612,-0.6612,0.4257,3,0.2865,0.0000,0.2865,-0.5657,0.4262,IDLE,1,0,step_done_latches_cleared,0,0,0.000,0,nan,nan,nan,0.0000,0,5,0.6050,0.5642,0.5301,0.5642,0.0408,本圈台阶完成,1,0.0000,0.150,0.330
583.651,SEEK_CROSSWALK,32.188,0,2.842,tracking,0.1217,0.4991,1,line_curve_center_riding,-0.5226,-0.4651,-0.8036,-0.8036,0.3991,3,0.3385,0.0000,0.3385,-0.6908,0.4991,IDLE,1,0,step_done_latches_cleared,0,0,0.000,0,nan,nan,nan,0.0000,0,5,0.6050,0.5642,0.5301,0.5642,0.0408,本圈台阶完成,1,0.0000,0.150,0.330
583.782,SEEK_CROSSWALK,32.318,0,2.842,tracking,0.1320,0.4590,1,line_center_tracking,-0.4002,-0.3921,-0.4210,-0.4210,0.3937,2,0.0289,0.0000,0.0289,-0.4113,0.4590,IDLE,1,0,step_done_latches_cleared,0,0,0.000,0,nan,nan,nan,0.0000,0,5,0.6050,0.5642,0.5301,0.5642,0.0408,本圈台阶完成,1,0.0000,0.150,0.330
583.916,SEEK_CROSSWALK,32.453,0,2.842,short_loss,0.0813,0.4590,0,line_too_few_bands,0.0000,0.0000,0.0000,0.0000,0.0000,0,0.0000,0.0000,0.0000,0.0000,0.4590,IDLE,1,0,step_done_latches_cleared,0,0,0.000,0,nan,nan,nan,0.0000,0,5,0.6050,0.5642,0.5301,0.5642,0.0408,本圈台阶完成,1,0.0000,0.150,0.330
584.047,SEEK_CROSSWALK,32.583,0,2.842,short_loss,0.0550,0.4590,0,line_too_few_bands,0.0000,0.0000,0.0000,0.0000,0.0000,1,0.0000,0.0000,0.0000,0.0000,0.4590,IDLE,1,0,step_done_latches_cleared,0,0,0.000,0,nan,nan,nan,0.0000,0,5,0.6050,0.5642,0.5301,0.5642,0.0408,本圈台阶完成,1,0.0000,0.150,0.330
584.175,SEEK_CROSSWALK,32.712,0,2.842,tracking,0.1039,0.5079,1,line_center_tracking,-0.5122,-0.4944,-0.5582,-0.5582,0.2956,2,0.0638,0.0000,0.0638,-0.5369,0.5079,IDLE,1,0,step_done_latches_cleared,0,0,0.000,0,nan,nan,nan,0.0000,0,5,0.6050,0.5642,0.5301,0.5642,0.0408,本圈台阶完成,1,0.0000,0.150,0.330
584.304,SEEK_CROSSWALK,32.840,0,2.842,short_loss,0.0551,0.4800,0,line_too_few_bands,0.0000,0.0000,0.0000,0.0000,0.0000,0,0.0000,0.0000,0.0000,0.0000,0.4800,IDLE,1,0,step_done_latches_cleared,0,0,0.000,0,nan,nan,nan,0.0000,0,5,0.6050,0.5642,0.5301,0.5642,0.0408,本圈台阶完成,1,0.0000,0.150,0.330
584.436,SEEK_CROSSWALK,32.973,0,2.842,tracking,0.1055,0.5203,1,line_center_tracking,-0.4944,-0.4768,-0.5396,-0.5396,0.2984,2,0.0628,0.0000,0.0628,-0.5187,0.5203,IDLE,1,0,step_done_latches_cleared,0,0,0.000,0,nan,nan,nan,0.0000,0,5,0.6050,0.5642,0.5301,0.5642,0.0408,本圈台阶完成,1,0.0000,0.150,0.330
584.572,SEEK_CROSSWALK,33.109,0,2.842,tracking,0.1091,0.5479,1,line_center_tracking,-0.5299,-0.5125,-0.5745,-0.5745,0.3006,2,0.0620,0.0000,0.0620,-0.5539,0.5479,IDLE,1,0,step_done_latches_cleared,0,0,0.000,0,nan,nan,nan,0.0000,0,5,0.6050,0.5642,0.5301,0.5642,0.0408,本圈台阶完成,1,0.0000,0.150,0.330
584.699,SEEK_CROSSWALK,33.235,0,2.842,short_loss,0.0610,0.4800,0,line_too_few_bands,0.0000,0.0000,0.0000,0.0000,0.0000,1,0.0000,0.0000,0.0000,0.0000,0.4800,IDLE,1,0,step_done_latches_cleared,0,0,0.000,0,nan,nan,nan,0.0000,0,5,0.6050,0.5642,0.5301,0.5642,0.0408,本圈台阶完成,1,0.0000,0.150,0.330
584.833,SEEK_CROSSWALK,33.370,0,2.842,tracking,0.1116,0.5018,1,line_curve_center_riding,-0.4264,-0.3812,-0.6472,-0.6472,0.4263,3,0.2661,0.0000,0.2661,-0.5585,0.5018,IDLE,1,0,step_done_latches_cleared,0,0,0.000,0,nan,nan,nan,0.0000,0,5,0.6050,0.5642,0.5301,0.5642,0.0408,本圈台阶完成,1,0.0000,0.150,0.330
584.966,SEEK_CROSSWALK,33.503,0,2.842,tracking,0.1349,0.4476,1,line_curve_center_riding,-0.3698,-0.3205,-0.6104,-0.6104,0.4206,3,0.2899,0.0000,0.2899,-0.5138,0.4476,IDLE,1,0,step_done_latches_cleared,0,0,0.000,0,nan,nan,nan,0.0000,0,5,0.6050,0.5642,0.5301,0.5642,0.0408,本圈台阶完成,1,0.0000,0.150,0.330
585.103,SEEK_CROSSWALK,33.640,0,2.842,tracking,0.1574,0.3601,1,line_curve_center_riding,-0.2590,-0.2156,-0.4707,-0.4707,0.4406,3,0.2550,0.0000,0.2550,-0.3856,0.3601,IDLE,1,0,step_done_latches_cleared,0,0,0.000,0,nan,nan,nan,0.0000,0,5,0.6050,0.5642,0.5301,0.5642,0.0408,本圈台阶完成,1,0.0000,0.150,0.330
585.235,SEEK_CROSSWALK,33.772,0,2.842,tracking,0.1450,0.3021,1,line_curve_center_riding,-0.2260,-0.1772,-0.4643,-0.4643,0.4268,3,0.2871,0.0000,0.2871,-0.3686,0.3021,IDLE,1,0,step_done_latches_cleared,0,0,0.000,0,nan,nan,nan,0.0000,0,5,0.6050,0.5642,0.5301,0.5642,0.0408,本圈台阶完成,1,0.0000,0.150,0.330
585.373,SEEK_CROSSWALK,33.909,0,2.842,tracking,0.1360,0.2468,1,line_curve_center_riding,-0.1785,-0.0652,-0.7318,-0.7318,0.4806,4,0.6666,0.0000,0.6666,-0.5096,0.2468,IDLE,1,0,step_done_latches_cleared,0,0,0.000,0,nan,nan,nan,0.0000,0,5,0.6050,0.5642,0.5301,0.5642,0.0408,本圈台阶完成,1,0.0000,0.150,0.330
585.512,SEEK_CROSSWALK,34.049,0,2.842,tracking,0.1403,0.1367,1,line_curve_center_riding,-0.0333,0.0758,-0.5656,-0.5656,0.4975,4,0.6414,0.0000,0.6414,-0.3518,0.1367,IDLE,1,0,step_done_latches_cleared,0,0,0.000,0,nan,nan,nan,0.0000,0,5,0.6050,0.5642,0.5301,0.5642,0.0408,本圈台阶完成,1,0.0000,0.150,0.330
585.642,SEEK_CROSSWALK,34.178,0,2.842,tracking,0.1450,0.0606,1,line_curve_center_riding,0.0132,0.1068,-0.4437,-0.4437,0.5139,4,0.5506,0.0000,0.5506,-0.2602,0.0606,IDLE,1,0,step_done_latches_cleared,0,0,0.000,0,nan,nan,nan,0.0000,0,5,0.6050,0.5642,0.5301,0.5642,0.0408,本圈台阶完成,1,0.0000,0.150,0.330
585.777,SEEK_CROSSWALK,34.314,0,2.842,tracking,0.1450,0.0164,1,line_curve_center_riding,0.0277,0.1018,-0.3341,-0.3341,0.5307,4,0.4359,0.0000,0.4359,-0.1888,0.0164,IDLE,1,0,step_done_latches_cleared,0,0,0.000,0,nan,nan,nan,0.0000,0,5,0.6050,0.5642,0.5301,0.5642,0.0408,本圈台阶完成,1,0.0000,0.150,0.330
585.926,SEEK_CROSSWALK,34.463,0,2.842,tracking,0.1450,-0.0280,1,line_curve_center_riding,0.0667,0.1483,-0.3319,-0.3319,0.5252,4,0.4802,0.0000,0.4802,-0.1718,-0.0280,IDLE,1,0,step_done_latches_cleared,0,0,0.000,0,nan,nan,nan,0.0000,0,5,0.6050,0.5642,0.5301,0.5642,0.0408,本圈台阶完成,1,0.0000,0.150,0.330
586.062,SEEK_CROSSWALK,34.598,0,2.842,tracking,0.1450,-0.0447,1,line_curve_center_riding,0.0586,0.1465,-0.3704,-0.3704,0.5149,4,0.5169,0.0000,0.5169,-0.1981,-0.0447,IDLE,1,0,step_done_latches_cleared,0,0,0.000,0,nan,nan,nan,0.0000,0,5,0.6050,0.5642,0.5301,0.5642,0.0408,本圈台阶完成,1,0.0000,0.150,0.330
586.208,SEEK_CROSSWALK,34.745,0,2.842,tracking,0.1450,-0.0555,1,line_curve_center_riding,0.0620,0.1418,-0.3277,-0.3277,0.5329,4,0.4695,0.0000,0.4695,-0.1712,-0.0555,IDLE,1,0,step_done_latches_cleared,0,0,0.000,0,nan,nan,nan,0.0000,0,5,0.6050,0.5642,0.5301,0.5642,0.0408,本圈台阶完成,1,0.0000,0.150,0.330
586.347,SEEK_CROSSWALK,34.883,0,2.842,tracking,0.1450,-0.0352,1,line_curve_center_riding,0.0175,0.0948,-0.3597,-0.3597,0.5344,4,0.4545,0.0000,0.4545,-0.2082,-0.0352,IDLE,1,0,step_done_latches_cleared,0,0,0.000,0,nan,nan,nan,0.0000,0,5,0.6050,0.5642,0.5301,0.5642,0.0408,本圈台阶完成,1,0.0000,0.150,0.330
586.482,SEEK_CROSSWALK,35.018,0,2.842,tracking,0.1422,-0.0004,1,line_curve_center_riding,-0.0288,0.0784,-0.5520,-0.5520,0.5139,4,0.6304,0.0000,0.6304,-0.3419,-0.0004,IDLE,1,0,step_done_latches_cleared,0,0,0.000,0,nan,nan,nan,0.0000,0,5,0.6050,0.5642,0.5301,0.5642,0.0408,本圈台阶完成,1,0.0000,0.150,0.330
586.619,SEEK_CROSSWALK,35.155,0,2.842,tracking,0.1318,0.0511,1,line_curve_center_riding,-0.0914,0.0261,-0.6650,-0.6650,0.4845,4,0.6911,0.0000,0.6911,-0.4346,0.0511,IDLE,1,0,step_done_latches_cleared,0,0,0.000,0,nan,nan,nan,0.0000,0,5,0.6050,0.5642,0.5301,0.5642,0.0408,本圈台阶完成,1,0.0000,0.150,0.330
586.754,SEEK_CROSSWALK,35.290,0,2.842,tracking,0.1450,0.0956,1,line_curve_center_riding,-0.1284,-0.0804,-0.3632,-0.3632,0.4195,3,0.2828,0.0000,0.2828,-0.2689,0.0956,IDLE,1,0,step_done_latches_cleared,0,0,0.000,0,nan,nan,nan,0.0000,0,5,0.6050,0.5642,0.5301,0.5642,0.0408,本圈台阶完成,1,0.0000,0.150,0.330
586.888,SEEK_CROSSWALK,35.424,0,2.842,tracking,0.1700,0.1488,1,line_curve_center_riding,-0.1841,-0.1396,-0.4017,-0.4017,0.4389,3,0.2621,0.0000,0.2621,-0.3143,0.1488,IDLE,1,0,step_done_latches_cleared,0,0,0.000,0,nan,nan,nan,0.0000,0,5,0.6050,0.5642,0.5301,0.5642,0.0408,本圈台阶完成,1,0.0000,0.150,0.330
587.030,SEEK_CROSSWALK,35.567,0,2.842,tracking,0.1700,0.2211,1,line_curve_center_riding,-0.2679,-0.2268,-0.4686,-0.4686,0.4401,3,0.2419,0.0000,0.2419,-0.3880,0.2211,IDLE,1,0,step_done_latches_cleared,0,0,0.000,0,nan,nan,nan,0.0000,0,5,0.6050,0.5642,0.5301,0.5642,0.0408,本圈台阶完成,1,0.0000,0.150,0.330
587.161,SEEK_CROSSWALK,35.697,0,2.842,tracking,0.1450,0.3054,1,line_curve_center_riding,-0.3554,-0.3077,-0.5882,-0.5882,0.4198,3,0.2804,0.0000,0.2804,-0.4947,0.3054,IDLE,1,0,step_done_latches_cleared,0,0,0.000,0,nan,nan,nan,0.0000,0,5,0.6050,0.5642,0.5301,0.5642,0.0408,本圈台阶完成,1,0.0000,0.150,0.330
587.295,SEEK_CROSSWALK,35.831,0,2.842,tracking,0.1643,0.3332,1,line_center_tracking,-0.3387,-0.3262,-0.3708,-0.3708,0.3497,2,0.0445,0.0000,0.0445,-0.3559,0.3332,IDLE,1,0,step_done_latches_cleared,0,0,0.000,0,nan,nan,nan,0.0000,0,5,0.6050,0.5642,0.5301,0.5642,0.0408,本圈台阶完成,1,0.0000,0.150,0.330
587.447,SEEK_CROSSWALK,35.984,0,2.842,tracking,0.1532,0.3766,1,line_center_tracking,-0.3874,-0.3727,-0.4253,-0.4253,0.3271,2,0.0526,0.0000,0.0526,-0.4077,0.3766,IDLE,1,0,step_done_latches_cleared,0,0,0.000,0,nan,nan,nan,0.0000,0,5,0.6050,0.5642,0.5301,0.5642,0.0408,本圈台阶完成,1,0.0000,0.150,0.330
587.587,SEEK_CROSSWALK,36.123,0,2.842,short_loss,0.1025,0.3766,0,line_too_few_bands,0.0000,0.0000,0.0000,0.0000,0.0000,1,0.0000,0.0000,0.0000,0.0000,0.3766,IDLE,1,0,step_done_latches_cleared,0,0,0.000,0,nan,nan,nan,0.0000,0,5,0.6050,0.5642,0.5301,0.5642,0.0408,本圈台阶完成,1,0.0000,0.150,0.330
587.714,SEEK_CROSSWALK,36.250,0,2.842,short_loss,0.0550,0.3766,0,line_too_few_bands,0.0000,0.0000,0.0000,0.0000,0.0000,0,0.0000,0.0000,0.0000,0.0000,0.3766,IDLE,1,0,step_done_latches_cleared,0,0,0.000,0,nan,nan,nan,0.0000,0,5,0.6050,0.5642,0.5301,0.5642,0.0408,本圈台阶完成,1,0.0000,0.150,0.330
587.858,SEEK_CROSSWALK,36.394,0,2.842,short_loss,0.0550,0.3766,0,line_too_few_bands,0.0000,0.0000,0.0000,0.0000,0.0000,1,0.0000,0.0000,0.0000,0.0000,0.3766,IDLE,1,0,step_done_latches_cleared,0,0,0.000,0,nan,nan,nan,0.0000,0,5,0.6050,0.5642,0.5301,0.5642,0.0408,本圈台阶完成,1,0.0000,0.150,0.330
587.989,SEEK_CROSSWALK,36.525,0,2.842,short_loss,0.0550,0.3766,0,line_too_few_bands,0.0000,0.0000,0.0000,0.0000,0.0000,0,0.0000,0.0000,0.0000,0.0000,0.3766,IDLE,1,0,step_done_latches_cleared,0,0,0.000,0,nan,nan,nan,0.0000,0,5,0.6050,0.5642,0.5301,0.5642,0.0408,本圈台阶完成,1,0.0000,0.150,0.330
588.125,SEEK_CROSSWALK,36.661,0,2.842,short_loss,0.0550,0.3766,0,line_too_few_bands,0.0000,0.0000,0.0000,0.0000,0.0000,1,0.0000,0.0000,0.0000,0.0000,0.3766,IDLE,1,0,step_done_latches_cleared,0,0,0.000,0,nan,nan,nan,0.0000,0,5,0.6050,0.5642,0.5301,0.5642,0.0408,本圈台阶完成,1,0.0000,0.150,0.330
588.258,SEEK_CROSSWALK,36.795,0,2.842,tracking,0.1057,0.4936,1,line_curve_center_riding,-0.5744,-0.5497,-0.6949,-0.6949,0.3625,2,0.1451,0.0000,0.1451,-0.6465,0.4936,IDLE,1,0,step_done_latches_cleared,0,0,0.000,0,nan,nan,nan,0.0000,0,5,0.6050,0.5642,0.5301,0.5642,0.0408,本圈台阶完成,1,0.0000,0.150,0.330
588.395,SEEK_CROSSWALK,36.931,0,2.842,tracking,0.1063,0.5589,1,line_curve_center_riding,-0.5712,-0.5475,-0.6867,-0.6867,0.3672,2,0.1392,0.0000,0.1392,-0.6403,0.5589,IDLE,1,0,step_done_latches_cleared,0,0,0.000,0,nan,nan,nan,0.0000,0,5,0.6050,0.5642,0.5301,0.5642,0.0408,本圈台阶完成,1,0.0000,0.150,0.330
588.536,SEEK_CROSSWALK,37.072,0,2.842,tracking,0.1088,0.5489,1,line_center_tracking,-0.5062,-0.4727,-0.5923,-0.5923,0.5072,3,0.1195,0.0000,0.1195,-0.5524,0.5489,IDLE,1,0,step_done_latches_cleared,0,0,0.000,0,nan,nan,nan,0.0000,0,5,0.6050,0.5642,0.5301,0.5642,0.0408,本圈台阶完成,1,0.0000,0.150,0.330
588.692,SEEK_CROSSWALK,37.228,0,2.842,tracking,0.1230,0.4938,1,line_center_tracking,-0.4119,-0.3792,-0.4959,-0.4959,0.5062,3,0.1167,0.0000,0.1167,-0.4570,0.4938,IDLE,1,0,step_done_latches_cleared,0,0,0.000,0,nan,nan,nan,0.0000,0,5,0.6050,0.5642,0.5301,0.5642,0.0408,本圈台阶完成,1,0.0000,0.150,0.330
588.822,SEEK_CROSSWALK,37.359,0,2.842,tracking,0.1417,0.4210,1,line_curve_center_riding,-0.3286,-0.2875,-0.5291,-0.7270,0.6752,5,0.2416,0.1979,0.4395,-0.5145,0.4210,IDLE,1,0,step_done_latches_cleared,0,0,0.000,0,nan,nan,nan,0.0000,0,5,0.6050,0.5642,0.5301,0.5642,0.0408,本圈台阶完成,1,0.0000,0.150,0.330
588.979,SEEK_CROSSWALK,37.515,0,2.842,tracking,0.1640,0.3346,1,line_curve_center_riding,-0.2319,-0.1941,-0.4162,-0.5314,0.6821,5,0.2221,0.1152,0.3373,-0.3806,0.3346,IDLE,1,0,step_done_latches_cleared,0,0,0.000,0,nan,nan,nan,0.0000,0,5,0.6050,0.5642,0.5301,0.5642,0.0408,本圈台阶完成,1,0.0000,0.150,0.330
589.131,SEEK_CROSSWALK,37.668,0,2.842,tracking,0.1700,0.2352,1,line_curve_center_riding,-0.1296,-0.1050,-0.2500,-0.2500,0.6085,4,0.1450,0.0000,0.1450,-0.2017,0.2352,IDLE,1,0,step_done_latches_cleared,0,0,0.000,0,nan,nan,nan,0.0000,0,5,0.6050,0.5642,0.5301,0.5642,0.0408,本圈台阶完成,1,0.0000,0.150,0.330
589.311,SEEK_CROSSWALK,37.848,0,2.842,tracking,0.1700,0.1503,1,line_curve_center_riding,-0.0588,-0.0283,-0.2081,-0.4040,0.8713,7,0.1798,0.1959,0.3757,-0.2134,0.1503,IDLE,1,0,step_done_latches_cleared,0,0,0.000,0,nan,nan,nan,0.0000,0,5,0.6050,0.5642,0.5301,0.5642,0.0408,本圈台阶完成,1,0.0000,0.150,0.330
589.448,SEEK_CROSSWALK,37.984,0,2.842,tracking,0.1700,0.0759,1,line_curve_center_riding,-0.0048,0.0223,-0.1375,-0.2795,0.9640,8,0.1598,0.1420,0.3019,-0.1316,0.0759,IDLE,1,0,step_done_latches_cleared,0,0,0.000,0,nan,nan,nan,0.0000,0,5,0.6050,0.5642,0.5301,0.5642,0.0408,本圈台阶完成,1,0.0000,0.150,0.330
589.611,SEEK_CROSSWALK,38.148,0,2.842,tracking,0.1700,0.0183,1,line_curve_center_riding,0.0380,0.0638,-0.0879,-0.2077,0.8782,7,0.1516,0.1198,0.2715,-0.0773,0.0183,IDLE,1,0,step_done_latches_cleared,0,0,0.000,0,nan,nan,nan,0.0000,0,5,0.6050,0.5642,0.5301,0.5642,0.0408,本圈台阶完成,1,0.0000,0.150,0.330
589.754,SEEK_CROSSWALK,38.290,0,2.842,tracking,0.1700,-0.0261,1,line_curve_center_riding,0.0647,0.0886,-0.0519,-0.1799,0.9696,8,0.1405,0.1281,0.2686,-0.0477,-0.0261,IDLE,1,0,step_done_latches_cleared,0,0,0.000,0,nan,nan,nan,0.0000,0,5,0.6050,0.5642,0.5301,0.5642,0.0408,本圈台阶完成,1,0.0000,0.150,0.330
589.890,SEEK_CROSSWALK,38.426,0,2.842,tracking,0.1700,-0.0572,1,line_curve_center_riding,0.0818,0.1055,-0.0341,-0.1552,0.9698,8,0.1397,0.1211,0.2607,-0.0279,-0.0572,IDLE,1,0,step_done_latches_cleared,0,0,0.000,0,nan,nan,nan,0.0000,0,5,0.6050,0.5642,0.5301,0.5642,0.0408,本圈台阶完成,1,0.0000,0.150,0.330
590.027,SEEK_CROSSWALK,38.563,0,2.842,tracking,0.1700,-0.0693,1,line_curve_center_riding,0.0769,0.1001,-0.0367,-0.1550,0.9703,8,0.1368,0.1183,0.2551,-0.0305,-0.0693,IDLE,1,0,step_done_latches_cleared,0,0,0.000,0,nan,nan,nan,0.0000,0,5,0.6050,0.5642,0.5301,0.5642,0.0408,本圈台阶完成,1,0.0000,0.150,0.330
590.159,SEEK_CROSSWALK,38.696,0,2.842,tracking,0.1700,-0.0617,1,line_curve_center_riding,0.0525,0.0756,-0.0603,-0.1739,0.9708,8,0.1359,0.1136,0.2495,-0.0529,-0.0617,IDLE,1,0,step_done_latches_cleared,0,0,0.000,0,nan,nan,nan,0.0000,0,5,0.6050,0.5642,0.5301,0.5642,0.0408,本圈台阶完成,1,0.0000,0.150,0.330
590.295,SEEK_CROSSWALK,38.831,0,2.842,tracking,0.1700,-0.0423,1,line_curve_center_riding,0.0233,0.0457,-0.0860,-0.1984,0.9714,8,0.1317,0.1124,0.2441,-0.0796,-0.0423,IDLE,1,0,step_done_latches_cleared,0,0,0.000,0,nan,nan,nan,0.0000,0,5,0.6050,0.5642,0.5301,0.5642,0.0408,本圈台阶完成,1,0.0000,0.150,0.330
590.443,SEEK_CROSSWALK,38.979,0,2.842,tracking,0.1700,-0.0158,1,line_curve_center_riding,-0.0086,0.0120,-0.1091,-0.2551,0.9652,8,0.1211,0.1459,0.2671,-0.1174,-0.0158,IDLE,1,0,step_done_latches_cleared,0,0,0.000,0,nan,nan,nan,0.0000,0,5,0.6050,0.5642,0.5301,0.5642,0.0408,本圈台阶完成,1,0.0000,0.150,0.330
590.583,SEEK_CROSSWALK,39.119,0,2.842,tracking,0.1700,0.0176,1,line_curve_center_riding,-0.0452,-0.0249,-0.1438,-0.2608,0.9717,8,0.1189,0.1169,0.2358,-0.1432,0.0176,IDLE,1,0,step_done_latches_cleared,0,0,0.000,0,nan,nan,nan,0.0000,0,5,0.6050,0.5642,0.5301,0.5642,0.0408,本圈台阶完成,1,0.0000,0.150,0.330
590.733,SEEK_CROSSWALK,39.269,0,2.842,tracking,0.2207,0.0603,1,line_center_tracking,-0.0937,-0.0602,-0.1796,-0.2438,0.9739,8,0.1194,0.0642,0.1836,-0.1612,0.0603,IDLE,1,0,step_done_latches_cleared,0,0,0.000,0,nan,nan,nan,0.0000,0,5,0.6050,0.5642,0.5301,0.5642,0.0408,本圈台阶完成,1,0.0000,0.150,0.330
590.867,SEEK_CROSSWALK,39.404,0,2.842,tracking,0.1700,0.0857,1,line_curve_center_riding,-0.1031,-0.0839,-0.1965,-0.2854,0.9774,8,0.1126,0.0888,0.2015,-0.1886,0.0857,IDLE,1,0,step_done_latches_cleared,0,0,0.000,0,nan,nan,nan,0.0000,0,5,0.6050,0.5642,0.5301,0.5642,0.0408,本圈台阶完成,1,0.0000,0.150,0.330
591.014,SEEK_CROSSWALK,39.550,0,2.842,tracking,0.1700,0.1078,1,line_curve_center_riding,-0.1203,-0.1029,-0.2051,-0.2963,0.9778,8,0.1022,0.0911,0.1933,-0.2014,0.1078,IDLE,1,0,step_done_latches_cleared,0,0,0.000,0,nan,nan,nan,0.0000,0,5,0.6050,0.5642,0.5301,0.5642,0.0408,本圈台阶完成,1,0.0000,0.150,0.330
591.154,SEEK_CROSSWALK,39.691,0,2.842,tracking,0.1700,0.1191,1,line_curve_center_riding,-0.1214,-0.1032,-0.2100,-0.2921,0.9775,8,0.1067,0.0822,0.1889,-0.2018,0.1191,IDLE,1,0,step_done_latches_cleared,0,0,0.000,0,nan,nan,nan,0.0000,0,5,0.6050,0.5642,0.5301,0.5642,0.0408,本圈台阶完成,1,0.0000,0.150,0.330
591.293,SEEK_CROSSWALK,39.830,0,2.842,tracking,0.2158,0.1331,1,line_center_tracking,-0.1355,-0.1104,-0.2001,-0.2762,0.9807,8,0.0897,0.0761,0.1658,-0.1956,0.1331,IDLE,1,0,step_done_latches_cleared,0,0,0.000,0,nan,nan,nan,0.0000,0,5,0.6050,0.5642,0.5301,0.5642,0.0408,本圈台阶完成,1,0.0000,0.150,0.330
591.434,SEEK_CROSSWALK,39.970,0,2.842,tracking,0.2149,0.1366,1,line_center_tracking,-0.1306,-0.1052,-0.1957,-0.2636,0.9810,8,0.0905,0.0679,0.1584,-0.1882,0.1366,IDLE,1,0,step_done_latches_cleared,0,0,0.000,0,nan,nan,nan,0.0000,0,5,0.6050,0.5642,0.5301,0.5642,0.0408,本圈台阶完成,1,0.0000,0.150,0.330
591.576,CROSSWALK_APPROACH,0.000,0,2.842,tracking,0.2140,0.1399,1,line_center_tracking,-0.1295,-0.1088,-0.1829,-0.2473,0.9838,8,0.0741,0.0645,0.1386,-0.1797,0.1399,IDLE,1,0,step_done_latches_cleared,0,0,0.000,0,nan,nan,nan,0.0000,0,5,0.6050,0.5642,0.5301,0.5642,0.0408,本圈台阶完成,1,0.0000,0.150,0.330
591.719,CROSSWALK_APPROACH,0.143,0,2.842,tracking,0.2155,0.1343,1,line_center_tracking,-0.1199,-0.1016,-0.1671,-0.2262,0.9856,8,0.0656,0.0591,0.1246,-0.1650,0.1343,IDLE,1,0,step_done_latches_cleared,0,0,0.000,0,nan,nan,nan,0.0000,0,5,0.6050,0.5642,0.5301,0.5642,0.0408,本圈台阶完成,1,0.0000,0.150,0.330
591.863,CROSSWALK_APPROACH,0.287,0,2.842,tracking,0.2198,0.1174,1,line_center_tracking,-0.0946,-0.0764,-0.1415,-0.1864,0.8989,7,0.0650,0.0449,0.1100,-0.1348,0.1174,IDLE,1,0,step_done_latches_cleared,0,0,0.000,0,nan,nan,nan,0.0000,0,5,0.6050,0.5642,0.5301,0.5642,0.0408,本圈台阶完成,1,0.0000,0.150,0.330
592.003,CROSSWALK_APPROACH,0.428,0,2.842,tracking,0.2241,0.1009,1,line_center_tracking,-0.0788,-0.0651,-0.1138,-0.1630,0.9871,8,0.0487,0.0491,0.0978,-0.1140,0.1009,IDLE,1,0,step_done_latches_cleared,0,0,0.000,0,nan,nan,nan,0.0000,0,5,0.6050,0.5642,0.5301,0.5642,0.0408,本圈台阶完成,1,0.0000,0.150,0.330
592.169,CROSSWALK_APPROACH,0.593,0,2.842,tracking,0.2285,0.0835,1,line_center_tracking,-0.0613,-0.0483,-0.0948,-0.1350,0.9897,8,0.0465,0.0402,0.0867,-0.0927,0.0835,IDLE,1,0,step_done_latches_cleared,0,0,0.000,0,nan,nan,nan,0.0000,0,5,0.6050,0.5642,0.5301,0.5642,0.0408,本圈台阶完成,1,0.0000,0.150,0.330
592.318,CROSSWALK_APPROACH,0.742,0,2.842,tracking,0.2327,0.0671,1,line_center_tracking,-0.0474,-0.0358,-0.0775,-0.1131,0.9910,8,0.0417,0.0356,0.0773,-0.0754,0.0671,IDLE,1,0,step_done_latches_cleared,0,0,0.000,0,nan,nan,nan,0.0000,0,5,0.6050,0.5642,0.5301,0.5642,0.0408,本圈台阶完成,1,0.0000,0.150,0.330
592.463,CROSSWALK_APPROACH,0.887,0,2.842,tracking,0.2365,0.0525,1,line_center_tracking,-0.0354,-0.0245,-0.0635,-0.0968,0.9917,8,0.0390,0.0333,0.0723,-0.0616,0.0525,IDLE,1,0,step_done_latches_cleared,0,0,0.000,0,nan,nan,nan,0.0000,0,5,0.6050,0.5642,0.5301,0.5642,0.0408,本圈台阶完成,1,0.0000,0.150,0.330
592.615,CROSSWALK_APPROACH,1.039,0,2.842,tracking,0.2393,0.0414,1,line_center_tracking,-0.0280,-0.0179,-0.0539,-0.0845,0.9921,8,0.0360,0.0306,0.0666,-0.0521,0.0414,IDLE,1,0,step_done_latches_cleared,0,0,0.000,0,nan,nan,nan,0.0000,0,5,0.6050,0.5642,0.5301,0.5642,0.0408,本圈台阶完成,1,0.0000,0.150,0.330
592.762,CROSSWALK_STOP,0.000,0,2.842,crosswalk_stop,0.0000,0.0000,1,line_center_tracking,-0.0192,-0.0101,-0.0428,-0.0714,0.9928,8,0.0328,0.0286,0.0614,-0.0415,0.0000,IDLE,1,0,step_done_latches_cleared,0,0,0.000,0,nan,nan,nan,0.0000,0,5,0.6050,0.5642,0.5301,0.5642,0.0408,本圈台阶完成,1,0.0000,0.150,0.330
592.911,CROSSWALK_STOP,0.149,0,2.842,crosswalk_stop,0.0000,0.0000,1,line_center_tracking,-0.0124,-0.0036,-0.0350,-0.0615,0.9932,8,0.0314,0.0265,0.0579,-0.0334,0.0000,IDLE,1,0,step_done_latches_cleared,0,0,0.000,0,nan,nan,nan,0.0000,0,5,0.6050,0.5642,0.5301,0.5642,0.0408,本圈台阶完成,1,0.0000,0.150,0.330
593.073,CROSSWALK_STOP,0.311,0,2.842,crosswalk_stop,0.0000,0.0000,1,line_center_tracking,-0.0034,0.0077,-0.0318,-0.0553,0.9920,8,0.0395,0.0235,0.0630,-0.0265,0.0000,IDLE,1,0,step_done_latches_cleared,0,0,0.000,0,nan,nan,nan,0.0000,0,5,0.6050,0.5642,0.5301,0.5642,0.0408,本圈台阶完成,1,0.0000,0.150,0.330
593.233,CROSSWALK_STOP,0.471,0,2.842,crosswalk_stop,0.0000,0.0000,1,line_center_tracking,-0.0130,-0.0044,-0.0351,-0.0581,0.9937,8,0.0307,0.0230,0.0537,-0.0325,0.0000,IDLE,1,0,step_done_latches_cleared,0,0,0.000,0,nan,nan,nan,0.0000,0,5,0.6050,0.5642,0.5301,0.5642,0.0408,本圈台阶完成,1,0.0000,0.150,0.330
593.402,CROSSWALK_STOP,0.640,0,2.842,crosswalk_stop,0.0000,0.0000,1,line_center_tracking,-0.0192,-0.0130,-0.0352,-0.0655,0.9917,8,0.0222,0.0303,0.0525,-0.0379,0.0000,IDLE,1,0,step_done_latches_cleared,0,0,0.000,0,nan,nan,nan,0.0000,0,5,0.6050,0.5642,0.5301,0.5642,0.0408,本圈台阶完成,1,0.0000,0.150,0.330
593.547,CROSSWALK_STOP,0.784,0,2.842,crosswalk_stop,0.0000,0.0000,1,line_center_tracking,-0.0239,-0.0172,-0.0413,-0.0721,0.9907,8,0.0240,0.0309,0.0549,-0.0435,0.0000,IDLE,1,0,step_done_latches_cleared,0,0,0.000,0,nan,nan,nan,0.0000,0,5,0.6050,0.5642,0.5301,0.5642,0.0408,本圈台阶完成,1,0.0000,0.150,0.330
593.691,CROSSWALK_STOP,0.929,0,2.842,crosswalk_stop,0.0000,0.0000,1,line_center_tracking,-0.0391,-0.0316,-0.0585,-0.0838,0.9060,7,0.0269,0.0253,0.0522,-0.0579,0.0000,IDLE,1,0,step_done_latches_cleared,0,0,0.000,0,nan,nan,nan,0.0000,0,5,0.6050,0.5642,0.5301,0.5642,0.0408,本圈台阶完成,1,0.0000,0.150,0.330
593.832,CROSSWALK_STOP,1.070,0,2.842,crosswalk_stop,0.0000,0.0000,1,line_center_tracking,-0.0450,-0.0371,-0.0653,-0.0886,0.9060,7,0.0282,0.0233,0.0516,-0.0637,0.0000,IDLE,1,0,step_done_latches_cleared,0,0,0.000,0,nan,nan,nan,0.0000,0,5,0.6050,0.5642,0.5301,0.5642,0.0408,本圈台阶完成,1,0.0000,0.150,0.330
593.985,CROSSWALK_STOP,1.223,0,2.842,crosswalk_stop,0.0000,0.0000,1,line_center_tracking,-0.0474,-0.0401,-0.0662,-0.0892,0.9941,8,0.0261,0.0230,0.0491,-0.0652,0.0000,IDLE,1,0,step_done_latches_cleared,0,0,0.000,0,nan,nan,nan,0.0000,0,5,0.6050,0.5642,0.5301,0.5642,0.0408,本圈台阶完成,1,0.0000,0.150,0.330
594.124,CROSSWALK_STOP,1.362,0,2.842,crosswalk_stop,0.0000,0.0000,1,line_center_tracking,-0.0461,-0.0381,-0.0668,-0.0930,0.9057,7,0.0287,0.0262,0.0549,-0.0659,0.0000,IDLE,1,0,step_done_latches_cleared,0,0,0.000,0,nan,nan,nan,0.0000,0,5,0.6050,0.5642,0.5301,0.5642,0.0408,本圈台阶完成,1,0.0000,0.150,0.330
594.263,CROSSWALK_STOP,1.501,0,2.842,crosswalk_stop,0.0000,0.0000,1,line_center_tracking,-0.0444,-0.0362,-0.0654,-0.0897,0.9058,7,0.0292,0.0243,0.0535,-0.0638,0.0000,IDLE,1,0,step_done_latches_cleared,0,0,0.000,0,nan,nan,nan,0.0000,0,5,0.6050,0.5642,0.5301,0.5642,0.0408,本圈台阶完成,1,0.0000,0.150,0.330
594.405,CROSSWALK_STOP,1.643,0,2.842,crosswalk_stop,0.0000,0.0000,1,line_center_tracking,-0.0394,-0.0308,-0.0614,-0.0879,0.9934,8,0.0306,0.0265,0.0571,-0.0600,0.0000,IDLE,1,0,step_done_latches_cleared,0,0,0.000,0,nan,nan,nan,0.0000,0,5,0.6050,0.5642,0.5301,0.5642,0.0408,本圈台阶完成,1,0.0000,0.150,0.330
594.555,CROSSWALK_STOP,1.793,0,2.842,crosswalk_stop,0.0000,0.0000,1,line_center_tracking,-0.0326,-0.0236,-0.0559,-0.0839,0.9929,8,0.0324,0.0280,0.0604,-0.0545,0.0000,IDLE,1,0,step_done_latches_cleared,0,0,0.000,0,nan,nan,nan,0.0000,0,5,0.6050,0.5642,0.5301,0.5642,0.0408,本圈台阶完成,1,0.0000,0.150,0.330
594.702,CROSSWALK_STOP,1.940,0,2.842,crosswalk_stop,0.0000,0.0000,1,line_center_tracking,-0.0300,-0.0211,-0.0530,-0.0811,0.9930,8,0.0319,0.0280,0.0600,-0.0517,0.0000,IDLE,1,0,step_done_latches_cleared,0,0,0.000,0,nan,nan,nan,0.0000,0,5,0.6050,0.5642,0.5301,0.5642,0.0408,本圈台阶完成,1,0.0000,0.150,0.330
594.846,CROSSWALK_STOP,2.084,0,2.842,crosswalk_stop,0.0000,0.0000,1,line_center_tracking,-0.0208,-0.0124,-0.0426,-0.0707,0.9904,8,0.0303,0.0281,0.0584,-0.0419,0.0000,IDLE,1,0,step_done_latches_cleared,0,0,0.000,0,nan,nan,nan,0.0000,0,5,0.6050,0.5642,0.5301,0.5642,0.0408,本圈台阶完成,1,0.0000,0.150,0.330
594.989,CROSSWALK_STOP,2.227,0,2.842,crosswalk_stop,0.0000,0.0000,1,line_center_tracking,-0.0165,-0.0073,-0.0401,-0.0685,0.9927,8,0.0328,0.0284,0.0611,-0.0386,0.0000,IDLE,1,0,step_done_latches_cleared,0,0,0.000,0,nan,nan,nan,0.0000,0,5,0.6050,0.5642,0.5301,0.5642,0.0408,本圈台阶完成,1,0.0000,0.150,0.330
595.130,CROSSWALK_STOP,2.368,0,2.842,crosswalk_stop,0.0000,0.0000,1,line_center_tracking,-0.0165,-0.0068,-0.0414,-0.0702,0.9925,8,0.0346,0.0288,0.0635,-0.0395,0.0000,IDLE,1,0,step_done_latches_cleared,0,0,0.000,0,nan,nan,nan,0.0000,0,5,0.6050,0.5642,0.5301,0.5642,0.0408,本圈台阶完成,1,0.0000,0.150,0.330
595.270,CROSSWALK_STOP,2.508,0,2.842,crosswalk_stop,0.0000,0.0000,1,line_center_tracking,-0.0157,-0.0054,-0.0422,-0.0716,0.9923,8,0.0368,0.0294,0.0662,-0.0397,0.0000,IDLE,1,0,step_done_latches_cleared,0,0,0.000,0,nan,nan,nan,0.0000,0,5,0.6050,0.5642,0.5301,0.5642,0.0408,本圈台阶完成,1,0.0000,0.150,0.330
595.415,CROSSWALK_STOP,2.653,0,2.842,crosswalk_stop,0.0000,0.0000,1,line_center_tracking,-0.0164,-0.0063,-0.0425,-0.0738,0.9920,8,0.0362,0.0314,0.0676,-0.0409,0.0000,IDLE,1,0,step_done_latches_cleared,0,0,0.000,0,nan,nan,nan,0.0000,0,5,0.6050,0.5642,0.5301,0.5642,0.0408,本圈台阶完成,1,0.0000,0.150,0.330
595.565,CROSSWALK_STOP,2.803,0,2.842,crosswalk_stop,0.0000,0.0000,1,line_center_tracking,-0.0178,-0.0071,-0.0454,-0.0767,0.9919,8,0.0383,0.0313,0.0696,-0.0430,0.0000,IDLE,1,0,step_done_latches_cleared,0,0,0.000,0,nan,nan,nan,0.0000,0,5,0.6050,0.5642,0.5301,0.5642,0.0408,本圈台阶完成,1,0.0000,0.150,0.330
595.723,CROSSWALK_STOP,2.960,0,2.842,crosswalk_stop,0.0000,0.0000,1,line_center_tracking,-0.0183,-0.0073,-0.0465,-0.0778,0.9919,8,0.0392,0.0313,0.0705,-0.0439,0.0000,IDLE,1,0,step_done_latches_cleared,0,0,0.000,0,nan,nan,nan,0.0000,0,5,0.6050,0.5642,0.5301,0.5642,0.0408,本圈台阶完成,1,0.0000,0.150,0.330
595.866,CROSSWALK_STOP,3.104,0,2.842,crosswalk_stop,0.0000,0.0000,1,line_center_tracking,-0.0191,-0.0084,-0.0468,-0.0804,0.9043,7,0.0384,0.0337,0.0721,-0.0452,0.0000,IDLE,1,0,step_done_latches_cleared,0,0,0.000,0,nan,nan,nan,0.0000,0,5,0.6050,0.5642,0.5301,0.5642,0.0408,本圈台阶完成,1,0.0000,0.150,0.330
596.025,CROSSWALK_STOP,3.263,0,2.842,crosswalk_stop,0.0000,0.0000,1,line_center_tracking,-0.0187,-0.0075,-0.0475,-0.0811,0.9915,8,0.0399,0.0336,0.0735,-0.0454,0.0000,IDLE,1,0,step_done_latches_cleared,0,0,0.000,0,nan,nan,nan,0.0000,0,5,0.6050,0.5642,0.5301,0.5642,0.0408,本圈台阶完成,1,0.0000,0.150,0.330
596.170,CROSSWALK_STOP,3.408,0,2.842,crosswalk_stop,0.0000,0.0000,1,line_center_tracking,-0.0174,-0.0058,-0.0471,-0.0810,0.9912,8,0.0413,0.0339,0.0752,-0.0446,0.0000,IDLE,1,0,step_done_latches_cleared,0,0,0.000,0,nan,nan,nan,0.0000,0,5,0.6050,0.5642,0.5301,0.5642,0.0408,本圈台阶完成,1,0.0000,0.150,0.330
596.312,CROSSWALK_STOP,3.550,0,2.842,crosswalk_stop,0.0000,0.0000,1,line_center_tracking,-0.0183,-0.0070,-0.0473,-0.0809,0.9913,8,0.0403,0.0337,0.0740,-0.0451,0.0000,IDLE,1,0,step_done_latches_cleared,0,0,0.000,0,nan,nan,nan,0.0000,0,5,0.6050,0.5642,0.5301,0.5642,0.0408,本圈台阶完成,1,0.0000,0.150,0.330
596.455,CROSSWALK_STOP,3.693,0,2.842,crosswalk_stop,0.0000,0.0000,1,line_center_tracking,-0.0185,-0.0072,-0.0473,-0.0809,0.9913,8,0.0401,0.0336,0.0737,-0.0452,0.0000,IDLE,1,0,step_done_latches_cleared,0,0,0.000,0,nan,nan,nan,0.0000,0,5,0.6050,0.5642,0.5301,0.5642,0.0408,本圈台阶完成,1,0.0000,0.150,0.330
596.597,CROSSWALK_STOP,3.835,0,2.842,crosswalk_stop,0.0000,0.0000,1,line_center_tracking,-0.0196,-0.0082,-0.0490,-0.0822,0.9913,8,0.0408,0.0332,0.0740,-0.0464,0.0000,IDLE,1,0,step_done_latches_cleared,0,0,0.000,0,nan,nan,nan,0.0000,0,5,0.6050,0.5642,0.5301,0.5642,0.0408,本圈台阶完成,1,0.0000,0.150,0.330
596.741,CROSSWALK_STOP,3.978,0,2.842,crosswalk_stop,0.0000,0.0000,1,line_center_tracking,-0.0251,-0.0141,-0.0532,-0.0872,0.9916,8,0.0390,0.0340,0.0731,-0.0515,0.0000,IDLE,1,0,step_done_latches_cleared,0,0,0.000,0,nan,nan,nan,0.0000,0,5,0.6050,0.5642,0.5301,0.5642,0.0408,本圈台阶完成,1,0.0000,0.150,0.330
596.883,CROSSWALK_STOP,4.120,0,2.842,crosswalk_stop,0.0000,0.0000,1,line_center_tracking,-0.0279,-0.0167,-0.0569,-0.0892,0.9916,8,0.0402,0.0323,0.0725,-0.0543,0.0000,IDLE,1,0,step_done_latches_cleared,0,0,0.000,0,nan,nan,nan,0.0000,0,5,0.6050,0.5642,0.5301,0.5642,0.0408,本圈台阶完成,1,0.0000,0.150,0.330
597.024,CROSSWALK_STOP,4.262,0,2.842,crosswalk_stop,0.0000,0.0000,1,line_center_tracking,-0.0309,-0.0198,-0.0596,-0.0932,0.9914,8,0.0399,0.0335,0.0734,-0.0575,0.0000,IDLE,1,0,step_done_latches_cleared,0,0,0.000,0,nan,nan,nan,0.0000,0,5,0.6050,0.5642,0.5301,0.5642,0.0408,本圈台阶完成,1,0.0000,0.150,0.330
597.169,CROSSWALK_STOP,4.406,0,2.842,crosswalk_stop,0.0000,0.0000,1,line_center_tracking,-0.0359,-0.0247,-0.0647,-0.0982,0.9914,8,0.0400,0.0336,0.0736,-0.0625,0.0000,IDLE,1,0,step_done_latches_cleared,0,0,0.000,0,nan,nan,nan,0.0000,0,5,0.6050,0.5642,0.5301,0.5642,0.0408,本圈台阶完成,1,0.0000,0.150,0.330
597.312,CROSSWALK_STOP,4.550,0,2.842,crosswalk_stop,0.0000,0.0000,1,line_center_tracking,-0.0386,-0.0277,-0.0666,-0.1001,0.9916,8,0.0389,0.0335,0.0723,-0.0648,0.0000,IDLE,1,0,step_done_latches_cleared,0,0,0.000,0,nan,nan,nan,0.0000,0,5,0.6050,0.5642,0.5301,0.5642,0.0408,本圈台阶完成,1,0.0000,0.150,0.330
597.464,CROSSWALK_STOP,4.702,0,2.842,crosswalk_stop,0.0000,0.0000,1,line_center_tracking,-0.0427,-0.0320,-0.0701,-0.1046,0.9916,8,0.0382,0.0345,0.0727,-0.0689,0.0000,IDLE,1,0,step_done_latches_cleared,0,0,0.000,0,nan,nan,nan,0.0000,0,5,0.6050,0.5642,0.5301,0.5642,0.0408,本圈台阶完成,1,0.0000,0.150,0.330
597.608,CROSSWALK_STOP,4.846,0,2.842,crosswalk_stop,0.0000,0.0000,1,line_center_tracking,-0.0481,-0.0371,-0.0763,-0.1083,0.9918,8,0.0392,0.0320,0.0712,-0.0739,0.0000,IDLE,1,0,step_done_latches_cleared,0,0,0.000,0,nan,nan,nan,0.0000,0,5,0.6050,0.5642,0.5301,0.5642,0.0408,本圈台阶完成,1,0.0000,0.150,0.330
597.745,CROSSWALK_STOP,4.983,0,2.842,crosswalk_stop,0.0000,0.0000,1,line_center_tracking,-0.0508,-0.0402,-0.0782,-0.1093,0.9921,8,0.0381,0.0311,0.0691,-0.0759,0.0000,IDLE,1,0,step_done_latches_cleared,0,0,0.000,0,nan,nan,nan,0.0000,0,5,0.6050,0.5642,0.5301,0.5642,0.0408,本圈台阶完成,1,0.0000,0.150,0.330
597.896,SEEK_FINISH,0.000,0,2.842,tracking,0.0507,0.0574,1,line_center_tracking,-0.0532,-0.0431,-0.0792,-0.1094,0.9924,8,0.0361,0.0302,0.0663,-0.0772,0.0574,IDLE,1,0,step_done_latches_cleared,0,0,0.000,0,nan,nan,nan,0.0000,0,5,0.6050,0.5642,0.5301,0.5642,0.0408,本圈台阶完成,1,0.0000,0.150,0.330
598.042,SEEK_FINISH,0.147,0,2.842,tracking,0.1013,0.0593,1,line_center_tracking,-0.0565,-0.0464,-0.0823,-0.1112,0.9924,8,0.0359,0.0289,0.0648,-0.0800,0.0593,IDLE,1,0,step_done_latches_cleared,0,0,0.000,0,nan,nan,nan,0.0000,0,5,0.6050,0.5642,0.5301,0.5642,0.0408,本圈台阶完成,1,0.0000,0.150,0.330
598.187,SEEK_FINISH,0.292,0,2.842,tracking,0.1520,0.0576,1,line_center_tracking,-0.0521,-0.0422,-0.0776,-0.1072,0.9922,8,0.0354,0.0296,0.0650,-0.0757,0.0576,IDLE,1,0,step_done_latches_cleared,0,0,0.000,0,nan,nan,nan,0.0000,0,5,0.6050,0.5642,0.5301,0.5642,0.0408,本圈台阶完成,1,0.0000,0.150,0.330
598.331,SEEK_FINISH,0.436,0,2.842,tracking,0.2027,0.0516,1,line_center_tracking,-0.0429,-0.0334,-0.0671,-0.0953,0.9929,8,0.0337,0.0281,0.0619,-0.0653,0.0516,IDLE,1,0,step_done_latches_cleared,0,0,0.000,0,nan,nan,nan,0.0000,0,5,0.6050,0.5642,0.5301,0.5642,0.0408,本圈台阶完成,1,0.0000,0.150,0.330
598.476,SEEK_FINISH,0.580,0,2.842,tracking,0.2397,0.0402,1,line_center_tracking,-0.0275,-0.0184,-0.0507,-0.0777,0.9932,8,0.0323,0.0270,0.0593,-0.0490,0.0402,IDLE,1,0,step_done_latches_cleared,0,0,0.000,0,nan,nan,nan,0.0000,0,5,0.6050,0.5642,0.5301,0.5642,0.0408,本圈台阶完成,1,0.0000,0.150,0.330
598.614,SEEK_FINISH,0.718,0,2.842,tracking,0.2433,0.0260,1,line_center_tracking,-0.0118,-0.0029,-0.0345,-0.0612,0.9933,8,0.0315,0.0267,0.0582,-0.0329,0.0260,IDLE,1,0,step_done_latches_cleared,0,0,0.000,0,nan,nan,nan,0.0000,0,5,0.6050,0.5642,0.5301,0.5642,0.0408,本圈台阶完成,1,0.0000,0.150,0.330
598.753,SEEK_FINISH,0.857,0,2.842,tracking,0.2439,0.0089,1,line_center_tracking,0.0067,0.0150,-0.0149,-0.0397,0.9935,8,0.0299,0.0249,0.0547,-0.0132,0.0089,IDLE,1,0,step_done_latches_cleared,0,0,0.000,0,nan,nan,nan,0.0000,0,5,0.6050,0.5642,0.5301,0.5642,0.0408,本圈台阶完成,1,0.0000,0.150,0.330
598.896,SEEK_FINISH,1.001,0,2.842,tracking,0.2441,-0.0036,1,line_center_tracking,0.0149,0.0232,-0.0062,-0.0302,0.9060,7,0.0294,0.0240,0.0534,-0.0044,-0.0036,IDLE,1,0,step_done_latches_cleared,0,0,0.000,0,nan,nan,nan,0.0000,0,5,0.6050,0.5642,0.5301,0.5642,0.0408,本圈台阶完成,1,0.0000,0.150,0.330
599.053,SEEK_FINISH,1.158,0,2.842,tracking,0.2443,-0.0107,1,line_center_tracking,0.0170,0.0249,-0.0035,-0.0263,0.9063,7,0.0285,0.0227,0.0512,-0.0016,-0.0107,IDLE,1,0,step_done_latches_cleared,0,0,0.000,0,nan,nan,nan,0.0000,0,5,0.6050,0.5642,0.5301,0.5642,0.0408,本圈台阶完成,1,0.0000,0.150,0.330
599.202,SEEK_FINISH,1.307,0,2.842,tracking,0.2442,-0.0153,1,line_center_tracking,0.0185,0.0263,-0.0014,-0.0257,0.9938,8,0.0277,0.0243,0.0520,-0.0003,-0.0153,IDLE,1,0,step_done_latches_cleared,0,0,0.000,0,nan,nan,nan,0.0000,0,5,0.6050,0.5642,0.5301,0.5642,0.0408,本圈台阶完成,1,0.0000,0.150,0.330
599.348,SEEK_FINISH,1.452,0,2.842,tracking,0.2445,-0.0161,1,line_center_tracking,0.0159,0.0233,-0.0031,-0.0262,0.9943,8,0.0264,0.0232,0.0495,-0.0020,-0.0161,IDLE,1,0,step_done_latches_cleared,0,0,0.000,0,nan,nan,nan,0.0000,0,5,0.6050,0.5642,0.5301,0.5642,0.0408,本圈台阶完成,1,0.0000,0.150,0.330
599.491,SEEK_FINISH,1.595,0,2.842,tracking,0.2447,-0.0129,1,line_center_tracking,0.0095,0.0168,-0.0093,-0.0312,0.9944,8,0.0261,0.0220,0.0481,-0.0079,-0.0129,IDLE,1,0,step_done_latches_cleared,0,0,0.000,0,nan,nan,nan,0.0000,0,5,0.6050,0.5642,0.5301,0.5642,0.0408,本圈台阶完成,1,0.0000,0.150,0.330
599.642,SEEK_FINISH,1.746,0,2.842,tracking,0.2447,-0.0065,1,line_center_tracking,0.0005,0.0078,-0.0181,-0.0401,0.9944,8,0.0259,0.0220,0.0479,-0.0168,-0.0065,IDLE,1,0,step_done_latches_cleared,0,0,0.000,0,nan,nan,nan,0.0000,0,5,0.6050,0.5642,0.5301,0.5642,0.0408,本圈台阶完成,1,0.0000,0.150,0.330
599.790,SEEK_FINISH,1.894,0,2.842,tracking,0.2447,0.0009,1,line_center_tracking,-0.0074,-0.0002,-0.0257,-0.0476,0.9946,8,0.0254,0.0219,0.0474,-0.0245,0.0009,IDLE,1,0,step_done_latches_cleared,0,0,0.000,0,nan,nan,nan,0.0000,0,5,0.6050,0.5642,0.5301,0.5642,0.0408,本圈台阶完成,1,0.0000,0.150,0.330
599.970,SEEK_FINISH,2.074,0,2.842,tracking,0.2448,0.0082,1,line_center_tracking,-0.0143,-0.0072,-0.0328,-0.0536,0.9947,8,0.0256,0.0208,0.0464,-0.0312,0.0082,IDLE,1,0,step_done_latches_cleared,0,0,0.000,0,nan,nan,nan,0.0000,0,5,0.6050,0.5642,0.5301,0.5642,0.0408,本圈台阶完成,1,0.0000,0.150,0.330
600.094,SEEK_FINISH,2.198,0,2.842,tracking,0.2452,0.0141,1,line_center_tracking,-0.0182,-0.0116,-0.0351,-0.0546,0.9949,8,0.0235,0.0195,0.0430,-0.0338,0.0141,IDLE,1,0,step_done_latches_cleared,0,0,0.000,0,nan,nan,nan,0.0000,0,5,0.6050,0.5642,0.5301,0.5642,0.0408,本圈台阶完成,1,0.0000,0.150,0.330
600.231,SEEK_FINISH,2.335,0,2.842,tracking,0.2454,0.0178,1,line_center_tracking,-0.0200,-0.0138,-0.0359,-0.0551,0.9952,8,0.0221,0.0192,0.0413,-0.0349,0.0178,IDLE,1,0,step_done_latches_cleared,0,0,0.000,0,nan,nan,nan,0.0000,0,5,0.6050,0.5642,0.5301,0.5642,0.0408,本圈台阶完成,1,0.0000,0.150,0.330
600.377,SEEK_FINISH,2.481,0,2.842,tracking,0.2450,0.0196,1,line_center_tracking,-0.0200,-0.0142,-0.0350,-0.0545,0.9952,8,0.0208,0.0195,0.0403,-0.0345,0.0196,IDLE,1,0,step_done_latches_cleared,0,0,0.000,0,nan,nan,nan,0.0000,0,5,0.6050,0.5642,0.5301,0.5642,0.0408,本圈台阶完成,1,0.0000,0.150,0.330
600.525,SEEK_FINISH,2.629,0,2.842,tracking,0.2447,0.0206,1,line_center_tracking,-0.0202,-0.0144,-0.0350,-0.0524,0.9957,8,0.0206,0.0174,0.0380,-0.0339,0.0206,IDLE,1,0,step_done_latches_cleared,0,0,0.000,0,nan,nan,nan,0.0000,0,5,0.6050,0.5642,0.5301,0.5642,0.0408,本圈台阶完成,1,0.0000,0.150,0.330
600.656,SEEK_FINISH,2.760,0,2.842,tracking,0.2446,0.0209,1,line_center_tracking,-0.0197,-0.0143,-0.0334,-0.0499,0.9958,8,0.0191,0.0164,0.0356,-0.0325,0.0209,IDLE,1,0,step_done_latches_cleared,0,0,0.000,0,nan,nan,nan,0.0000,0,5,0.6050,0.5642,0.5301,0.5642,0.0408,本圈台阶完成,1,0.0000,0.150,0.330
600.791,SEEK_ROUNDABOUT,0.000,1,0.000,tracking,0.2456,0.0170,1,line_center_tracking,-0.0157,-0.0107,-0.0286,-0.0445,0.9960,8,0.0179,0.0159,0.0338,-0.0279,0.0170,IDLE,0,0,new_lap_step_reset,0,0,0.000,0,nan,nan,nan,0.0000,0,0,0.6050,0.5642,0.5301,0.5642,0.0408,本圈台阶完成,1,0.0000,0.150,0.330
600.928,SEEK_ROUNDABOUT,0.137,1,0.047,tracking,0.2454,0.0110,1,line_center_tracking,-0.0054,0.0006,-0.0209,-0.0413,0.9910,8,0.0214,0.0204,0.0418,-0.0205,0.0110,IDLE,0,0,step_zone_before_min seek=0.00<1.25,0,0,0.000,0,nan,nan,nan,0.0000,0,5,0.6050,0.5642,0.5301,0.5642,0.0408,本圈台阶完成,1,0.0000,0.150,0.330
601.028,SEEK_ROUNDABOUT,0.237,1,0.090,tracking,0.2463,0.0105,1,line_center_tracking,-0.0088,-0.0038,-0.0219,-0.0367,0.9961,8,0.0181,0.0148,0.0329,-0.0208,0.0105,IDLE,0,0,step_zone_before_min seek=0.05<1.25,0,0,0.000,0,nan,nan,nan,0.0000,0,5,0.6050,0.5642,0.5301,0.5642,0.0408,本圈台阶完成,1,0.0000,0.150,0.330
601.169,SEEK_ROUNDABOUT,0.378,1,0.138,tracking,0.2459,0.0061,1,line_center_tracking,-0.0020,0.0037,-0.0168,-0.0331,0.9928,8,0.0206,0.0162,0.0368,-0.0154,0.0061,IDLE,0,0,step_zone_before_min seek=0.09<1.25,0,0,0.000,0,nan,nan,nan,0.0000,0,5,0.6050,0.5642,0.5301,0.5642,0.0408,本圈台阶完成,1,0.0000,0.150,0.330
601.311,SEEK_ROUNDABOUT,0.520,1,0.203,tracking,0.2472,0.0108,1,line_center_tracking,-0.0134,-0.0087,-0.0253,-0.0320,0.9038,7,0.0166,0.0067,0.0232,-0.0220,0.0108,IDLE,0,0,step_zone_before_min seek=0.14<1.25,0,0,0.000,0,nan,nan,nan,0.0000,0,5,0.6050,0.5642,0.5301,0.5642,0.0408,本圈台阶完成,1,0.0000,0.150,0.330
601.506,SEEK_ROUNDABOUT,0.715,1,0.261,tracking,0.2464,0.0072,1,line_center_tracking,-0.0040,0.0014,-0.0180,-0.0311,0.9938,8,0.0194,0.0131,0.0325,-0.0159,0.0072,IDLE,0,0,step_zone_before_min seek=0.20<1.25,0,0,0.000,0,nan,nan,nan,0.0000,0,5,0.6050,0.5642,0.5301,0.5642,0.0408,本圈台阶完成,1,0.0000,0.150,0.330
601.636,SEEK_ROUNDABOUT,0.845,1,0.312,tracking,0.2468,0.0066,1,line_center_tracking,-0.0054,-0.0005,-0.0180,-0.0292,0.9967,8,0.0175,0.0112,0.0287,-0.0159,0.0066,IDLE,0,0,step_zone_before_min seek=0.26<1.25,0,0,0.000,0,nan,nan,nan,0.0000,0,5,0.6050,0.5642,0.5301,0.5642,0.0408,本圈台阶完成,1,0.0000,0.150,0.330
601.769,SEEK_ROUNDABOUT,0.978,1,0.357,tracking,0.2470,0.0111,1,line_center_tracking,-0.0138,-0.0155,-0.0093,-0.0245,0.9945,8,0.0062,0.0151,0.0089,-0.0164,0.0111,IDLE,0,0,step_zone_before_min seek=0.31<1.25,0,0,0.000,0,nan,nan,nan,0.0000,0,5,0.6050,0.5642,0.5301,0.5642,0.0408,本圈台阶完成,1,0.0000,0.150,0.330
601.898,SEEK_ROUNDABOUT,1.107,1,0.391,tracking,0.2463,0.0046,1,line_center_tracking,0.0004,0.0065,-0.0154,-0.0248,0.9959,8,0.0219,0.0094,0.0313,-0.0112,0.0046,IDLE,0,0,step_zone_before_min seek=0.36<1.25,0,0,0.000,0,nan,nan,nan,0.0000,0,5,0.6050,0.5642,0.5301,0.5642,0.0408,本圈台阶完成,1,0.0000,0.150,0.330
602.035,SEEK_ROUNDABOUT,1.244,1,0.431,tracking,0.2471,0.0041,1,line_center_tracking,-0.0028,0.0015,-0.0137,-0.0246,0.9969,8,0.0152,0.0109,0.0261,-0.0123,0.0041,IDLE,0,0,step_zone_before_min seek=0.39<1.25,0,0,0.000,0,nan,nan,nan,0.0000,0,5,0.6050,0.5642,0.5301,0.5642,0.0408,本圈台阶完成,1,0.0000,0.150,0.330
602.179,SEEK_ROUNDABOUT,1.388,1,0.466,tracking,0.2449,0.0016,1,line_center_tracking,0.0007,0.0091,-0.0209,-0.0279,0.9948,8,0.0300,0.0069,0.0369,-0.0132,0.0016,IDLE,0,0,step_zone_before_min seek=0.43<1.25,0,0,0.000,0,nan,nan,nan,0.0000,0,5,0.6050,0.5642,0.5301,0.5642,0.0408,本圈台阶完成,1,0.0000,0.150,0.330
602.315,SEEK_ROUNDABOUT,1.524,1,0.491,tracking,0.2469,0.0044,1,line_center_tracking,-0.0062,-0.0013,-0.0187,-0.0292,0.9965,8,0.0174,0.0105,0.0279,-0.0164,0.0044,IDLE,0,0,step_zone_before_min seek=0.47<1.25,0,0,0.000,0,nan,nan,nan,0.0000,0,5,0.6050,0.5642,0.5301,0.5642,0.0408,本圈台阶完成,1,0.0000,0.150,0.330
602.445,SEEK_ROUNDABOUT,1.654,1,0.519,tracking,0.2449,0.0037,1,line_center_tracking,-0.0031,0.0052,-0.0244,-0.0313,0.9949,8,0.0297,0.0069,0.0366,-0.0168,0.0037,IDLE,0,0,step_zone_before_min seek=0.49<1.25,0,0,0.000,0,nan,nan,nan,0.0000,0,5,0.6050,0.5642,0.5301,0.5642,0.0408,本圈台阶完成,1,0.0000,0.150,0.330
602.590,SEEK_ROUNDABOUT,1.799,1,0.556,tracking,0.2446,0.0046,1,line_center_tracking,-0.0050,0.0039,-0.0278,-0.0342,0.9945,8,0.0318,0.0063,0.0381,-0.0194,0.0046,IDLE,0,0,step_zone_before_min seek=0.52<1.25,0,0,0.000,0,nan,nan,nan,0.0000,0,5,0.6050,0.5642,0.5301,0.5642,0.0408,本圈台阶完成,1,0.0000,0.150,0.330
602.731,SEEK_ROUNDABOUT,1.940,1,0.583,tracking,0.2469,0.0119,1,line_center_tracking,-0.0169,-0.0122,-0.0288,-0.0386,0.9964,8,0.0166,0.0098,0.0264,-0.0265,0.0119,IDLE,0,0,step_zone_before_min seek=0.56<1.25,0,0,0.000,0,nan,nan,nan,0.0000,0,5,0.6050,0.5642,0.5301,0.5642,0.0408,本圈台阶完成,1,0.0000,0.150,0.330
602.867,SEEK_ROUNDABOUT,2.076,1,0.602,tracking,0.2451,0.0154,1,line_center_tracking,-0.0176,-0.0096,-0.0383,-0.0474,0.9944,8,0.0287,0.0091,0.0379,-0.0318,0.0154,IDLE,0,0,step_zone_before_min seek=0.58<1.25,0,0,0.000,0,nan,nan,nan,0.0000,0,5,0.6050,0.5642,0.5301,0.5642,0.0408,本圈台阶完成,1,0.0000,0.150,0.330
603.007,SEEK_ROUNDABOUT,2.216,1,0.621,tracking,0.2441,0.0231,1,line_center_tracking,-0.0279,-0.0229,-0.0409,-0.0525,0.9962,8,0.0180,0.0116,0.0297,-0.0388,0.0231,IDLE,0,0,step_zone_before_min seek=0.60<1.25,0,0,0.000,0,nan,nan,nan,0.0000,0,5,0.6050,0.5642,0.5301,0.5642,0.0408,本圈台阶完成,1,0.0000,0.150,0.330
603.140,SEEK_ROUNDABOUT,2.349,1,0.642,tracking,0.2436,0.0250,1,line_center_tracking,-0.0254,-0.0217,-0.0349,-0.0459,0.9970,8,0.0132,0.0110,0.0241,-0.0342,0.0250,IDLE,0,0,step_zone_before_min seek=0.62<1.25,0,0,0.000,0,nan,nan,nan,0.0000,0,5,0.6050,0.5642,0.5301,0.5642,0.0408,本圈台阶完成,1,0.0000,0.150,0.330
603.284,SEEK_ROUNDABOUT,2.493,1,0.657,tracking,0.2438,0.0239,1,line_center_tracking,-0.0215,-0.0178,-0.0310,-0.0424,0.9969,8,0.0132,0.0114,0.0246,-0.0304,0.0239,IDLE,0,0,step_zone_before_min seek=0.64<1.25,0,0,0.000,0,nan,nan,nan,0.0000,0,5,0.6050,0.5642,0.5301,0.5642,0.0408,本圈台阶完成,1,0.0000,0.150,0.330
603.442,SEEK_ROUNDABOUT,2.651,1,0.675,tracking,0.2441,0.0231,1,line_center_tracking,-0.0206,-0.0165,-0.0310,-0.0373,0.9926,8,0.0145,0.0063,0.0208,-0.0283,0.0231,IDLE,0,0,step_zone_before_min seek=0.66<1.25,0,0,0.000,0,nan,nan,nan,0.0000,0,5,0.6050,0.5642,0.5301,0.5642,0.0408,本圈台阶完成,1,0.0000,0.150,0.330
603.574,SEEK_ROUNDABOUT,2.783,1,0.695,tracking,0.2458,0.0163,1,line_center_tracking,-0.0097,-0.0060,-0.0191,-0.0310,0.9962,8,0.0132,0.0119,0.0250,-0.0187,0.0163,IDLE,0,0,step_zone_before_min seek=0.67<1.25,0,0,0.000,0,nan,nan,nan,0.0000,0,5,0.6050,0.5642,0.5301,0.5642,0.0408,本圈台阶完成,1,0.0000,0.150,0.330
603.712,SEEK_ROUNDABOUT,2.921,1,0.717,tracking,0.2472,0.0095,1,line_center_tracking,-0.0028,0.0005,-0.0111,-0.0244,0.9964,8,0.0116,0.0133,0.0249,-0.0117,0.0095,IDLE,0,0,step_zone_before_min seek=0.70<1.25,0,0,0.000,0,nan,nan,nan,0.0000,0,5,0.6050,0.5642,0.5301,0.5642,0.0408,本圈台阶完成,1,0.0000,0.150,0.330
603.837,SEEK_ROUNDABOUT,3.046,1,0.731,tracking,0.2469,0.0021,1,line_center_tracking,0.0044,0.0076,-0.0040,-0.0200,0.9960,8,0.0116,0.0161,0.0277,-0.0055,0.0021,IDLE,0,0,step_zone_before_min seek=0.72<1.25,0,0,0.000,0,nan,nan,nan,0.0000,0,5,0.6050,0.5642,0.5301,0.5642,0.0408,本圈台阶完成,1,0.0000,0.150,0.330
603.970,SEEK_ROUNDABOUT,3.179,1,0.759,tracking,0.2467,-0.0038,1,line_center_tracking,0.0090,0.0103,0.0058,-0.0186,0.9911,8,0.0045,0.0243,0.0288,-0.0008,-0.0038,IDLE,0,0,step_zone_before_min seek=0.73<1.25,0,0,0.000,0,nan,nan,nan,0.0000,0,5,0.6050,0.5642,0.5301,0.5642,0.0408,本圈台阶完成,1,0.0000,0.150,0.330
604.100,SEEK_ROUNDABOUT,3.309,1,0.783,tracking,0.2460,-0.0053,1,line_center_tracking,0.0067,0.0095,-0.0004,-0.0266,0.9941,8,0.0098,0.0262,0.0361,-0.0059,-0.0053,IDLE,0,0,step_zone_before_min seek=0.76<1.25,0,0,0.000,0,nan,nan,nan,0.0000,0,5,0.6050,0.5642,0.5301,0.5642,0.0408,本圈台阶完成,1,0.0000,0.150,0.330
604.235,SEEK_ROUNDABOUT,3.444,1,0.816,tracking,0.2450,-0.0043,1,line_center_tracking,0.0033,0.0058,-0.0030,-0.0389,0.9924,8,0.0089,0.0359,0.0447,-0.0120,-0.0043,IDLE,0,0,step_zone_before_min seek=0.78<1.25,0,0,0.000,0,nan,nan,nan,0.0000,0,5,0.6050,0.5642,0.5301,0.5642,0.0408,本圈台阶完成,1,0.0000,0.150,0.330
604.365,SEEK_ROUNDABOUT,3.574,1,0.844,tracking,0.2436,-0.0025,1,line_center_tracking,0.0008,0.0034,-0.0057,-0.0525,0.9905,8,0.0091,0.0468,0.0559,-0.0183,-0.0025,IDLE,0,0,step_zone_before_min seek=0.82<1.25,0,0,0.000,0,nan,nan,nan,0.0000,0,5,0.6050,0.5642,0.5301,0.5642,0.0408,本圈台阶完成,1,0.0000,0.150,0.330
604.510,SEEK_ROUNDABOUT,3.719,1,0.881,tracking,0.2407,-0.0026,1,line_center_tracking,0.0023,0.0047,-0.0039,-0.0715,0.9843,8,0.0086,0.0677,0.0762,-0.0236,-0.0026,IDLE,0,0,step_zone_before_min seek=0.84<1.25,0,0,0.000,0,nan,nan,nan,0.0000,0,5,0.6050,0.5642,0.5301,0.5642,0.0408,本圈台阶完成,1,0.0000,0.150,0.330
604.643,SEEK_ROUNDABOUT,3.852,1,0.913,tracking,0.2386,0.0021,1,line_center_tracking,-0.0056,-0.0029,-0.0127,-0.0960,0.9837,8,0.0098,0.0833,0.0931,-0.0372,0.0021,IDLE,0,0,step_zone_before_min seek=0.88<1.25,0,0,0.000,0,nan,nan,nan,0.0000,0,5,0.6050,0.5642,0.5301,0.5642,0.0408,本圈台阶完成,1,0.0000,0.150,0.330
604.773,SEEK_ROUNDABOUT,3.982,1,0.949,tracking,0.2356,0.0050,1,line_center_tracking,-0.0073,-0.0040,-0.0160,-0.1216,0.9799,8,0.0120,0.1056,0.1176,-0.0472,0.0050,IDLE,0,0,step_zone_before_min seek=0.91<1.25,0,0,0.000,0,nan,nan,nan,0.0000,0,5,0.6050,0.5642,0.5301,0.5642,0.0408,本圈台阶完成,1,0.0000,0.150,0.330
604.910,SEEK_ROUNDABOUT,4.119,1,0.990,tracking,0.2327,0.0104,1,line_center_tracking,-0.0142,-0.0143,-0.0140,-0.1407,0.9757,8,0.0004,0.1268,0.1264,-0.0563,0.0104,IDLE,0,0,step_zone_before_min seek=0.95<1.25,0,0,0.000,0,nan,nan,nan,0.0000,0,5,0.6050,0.5642,0.5301,0.5642,0.0408,本圈台阶完成,1,0.0000,0.150,0.330
605.046,SEEK_ROUNDABOUT,4.255,1,1.026,tracking,0.1820,-0.0069,1,line_curve_center_riding,0.0196,0.0223,0.0065,-0.1587,0.9707,8,0.0159,0.1652,0.1810,-0.0433,-0.0069,IDLE,0,0,step_zone_before_min seek=0.99<1.25,0,0,0.000,0,nan,nan,nan,0.0000,0,5,0.6050,0.5642,0.5301,0.5642,0.0408,本圈台阶完成,1,0.0000,0.150,0.330
605.182,SEEK_ROUNDABOUT,4.391,1,1.061,tracking,0.1700,-0.0265,1,line_curve_center_riding,0.0416,0.0459,0.0203,-0.1820,0.9654,8,0.0256,0.2023,0.2279,-0.0386,-0.0265,IDLE,0,0,step_zone_before_min seek=1.03<1.25,0,0,0.000,0,nan,nan,nan,0.0000,0,5,0.6050,0.5642,0.5301,0.5642,0.0408,本圈台阶完成,1,0.0000,0.150,0.330
605.315,SEEK_ROUNDABOUT,4.524,1,1.100,tracking,0.1700,-0.0691,1,line_curve_center_riding,0.0994,0.1059,0.0676,-0.2171,0.9489,8,0.0384,0.2846,0.3230,-0.0145,-0.0691,IDLE,0,0,step_zone_before_min seek=1.06<1.25,0,0,0.000,0,nan,nan,nan,0.0000,0,5,0.6050,0.5642,0.5301,0.5642,0.0408,本圈台阶完成,1,0.0000,0.150,0.330
605.455,SEEK_ROUNDABOUT,4.664,1,1.158,tracking,0.1700,-0.0659,1,line_curve_center_riding,0.0625,0.0736,0.0084,-0.2370,0.8769,7,0.0652,0.2453,0.3105,-0.0517,-0.0659,IDLE,0,0,step_zone_before_min seek=1.10<1.25,0,0,0.000,0,nan,nan,nan,0.0000,0,5,0.6050,0.5642,0.5301,0.5642,0.0408,本圈台阶完成,1,0.0000,0.150,0.330
605.587,SEEK_ROUNDABOUT,4.796,1,1.193,tracking,0.1450,-0.0941,1,line_curve_center_riding,0.1095,0.1268,0.0251,-0.3249,0.8658,7,0.1017,0.3500,0.4517,-0.0577,-0.0941,IDLE,0,0,step_zone_before_min seek=1.16<1.25,0,0,0.000,0,nan,nan,nan,0.0000,0,5,0.6050,0.5642,0.5301,0.5642,0.0408,本圈台阶完成,1,0.0000,0.150,0.330
605.719,SEEK_ROUNDABOUT,4.928,1,1.238,tracking,0.1450,-0.1047,1,line_curve_center_riding,0.1078,0.1329,-0.0148,-0.5325,0.8415,7,0.1477,0.5177,0.6654,-0.1381,-0.1047,IDLE,0,0,step_zone_before_min seek=1.19<1.25,0,0,0.000,0,nan,nan,nan,0.0000,0,5,0.6050,0.5642,0.5301,0.5642,0.0408,本圈台阶完成,1,0.0000,0.150,0.330
605.854,SEEK_ROUNDABOUT,5.063,1,1.280,tracking,0.1600,-0.0604,1,line_curve_center_riding,0.0222,0.0527,-0.1269,-0.3537,0.7749,6,0.1796,0.2268,0.4064,-0.1426,-0.0604,IDLE,0,0,step_zone_before_min seek=1.24<1.25,0,0,0.000,0,nan,nan,nan,0.0000,0,5,0.6050,0.5642,0.5301,0.5642,0.0408,本圈台阶完成,1,0.0000,0.150,0.330
605.987,SEEK_ROUNDABOUT,5.196,1,1.324,tracking,0.1450,-0.0463,1,line_curve_center_riding,0.0280,0.0676,-0.1654,-0.4563,0.7597,6,0.2330,0.2909,0.5239,-0.1847,-0.0463,IDLE,0,0,candidate_fields_invalid,0,0,0.000,0,nan,nan,nan,0.0000,0,5,0.6050,0.5642,0.5301,0.5642,0.0408,本圈台阶完成,1,0.0000,0.150,0.330
606.115,SEEK_ROUNDABOUT,5.324,1,1.362,tracking,0.1450,-0.0143,1,line_curve_center_riding,-0.0135,0.0368,-0.2591,-0.6547,0.7393,6,0.2959,0.3956,0.6915,-0.2923,-0.0143,IDLE,0,0,candidate_fields_invalid,0,0,0.000,0,nan,nan,nan,0.0000,0,5,0.6050,0.5642,0.5301,0.5642,0.0408,本圈台阶完成,1,0.0000,0.150,0.330
606.249,SEEK_ROUNDABOUT,5.458,1,1.388,tracking,0.1450,0.0442,1,line_curve_center_riding,-0.0902,-0.0413,-0.3286,-0.3945,0.6807,5,0.2872,0.0660,0.3532,-0.2548,0.0442,IDLE,0,0,candidate_fields_invalid,0,0,0.000,0,nan,nan,nan,0.0000,0,5,0.6050,0.5642,0.5301,0.5642,0.0408,本圈台阶完成,1,0.0000,0.150,0.330
606.386,SEEK_ROUNDABOUT,5.595,1,1.417,tracking,0.1450,0.0759,1,line_curve_center_riding,-0.1010,-0.0476,-0.3619,-0.4278,0.6751,5,0.3143,0.0659,0.3802,-0.2791,0.0759,IDLE,0,0,candidate_fields_invalid,0,0,0.000,0,nan,nan,nan,0.0000,0,5,0.6050,0.5642,0.5301,0.5642,0.0408,本圈台阶完成,1,0.0000,0.150,0.330
606.532,SEEK_ROUNDABOUT,5.741,1,1.444,tracking,0.1450,0.1012,1,line_curve_center_riding,-0.1174,-0.0483,-0.4546,-0.5572,0.6552,5,0.4063,0.1026,0.5089,-0.3534,0.1012,IDLE,0,0,candidate_fields_invalid,0,0,0.000,0,nan,nan,nan,0.0000,0,5,0.6050,0.5642,0.5301,0.5642,0.0408,本圈台阶完成,1,0.0000,0.150,0.330
606.666,SEEK_ROUNDABOUT,5.875,1,1.459,tracking,0.1450,0.1117,1,line_curve_center_riding,-0.1142,-0.0525,-0.4156,-0.4941,0.6638,5,0.3631,0.0785,0.4416,-0.3207,0.1117,IDLE,0,0,candidate_fields_invalid,0,0,0.000,0,nan,nan,nan,0.0000,0,5,0.6050,0.5642,0.5301,0.5642,0.0408,本圈台阶完成,1,0.0000,0.150,0.330
606.799,SEEK_ROUNDABOUT,6.008,1,1.477,tracking,0.1600,0.1449,1,line_curve_center_riding,-0.1614,-0.1230,-0.3492,-0.3492,0.5945,4,0.2262,0.0000,0.2262,-0.2738,0.1449,IDLE,0,0,candidate_fields_invalid,0,0,0.000,0,nan,nan,nan,0.0000,0,5,0.6050,0.5642,0.5301,0.5642,0.0408,本圈台阶完成,1,0.0000,0.150,0.330
606.930,SEEK_ROUNDABOUT,6.139,1,1.490,tracking,0.1450,0.1116,1,line_curve_center_riding,-0.0803,-0.0169,-0.3898,-0.4729,0.6613,5,0.3729,0.0830,0.4559,-0.2932,0.1116,IDLE,0,0,candidate_fields_invalid,0,0,0.000,0,nan,nan,nan,0.0000,0,5,0.6050,0.5642,0.5301,0.5642,0.0408,本圈台阶完成,1,0.0000,0.150,0.330
607.065,SEEK_ROUNDABOUT,6.274,1,1.496,tracking,0.1450,0.0989,1,line_curve_center_riding,-0.0788,-0.0194,-0.3687,-0.4511,0.6697,5,0.3493,0.0824,0.4317,-0.2797,0.0989,IDLE,0,0,candidate_fields_invalid,0,0,0.000,0,nan,nan,nan,0.0000,0,5,0.6050,0.5642,0.5301,0.5642,0.0408,本圈台阶完成,1,0.0000,0.150,0.330
607.214,SEEK_ROUNDABOUT,6.423,1,1.500,tracking,0.1450,0.0712,1,line_curve_center_riding,-0.0421,0.0167,-0.3293,-0.4122,0.6670,5,0.3461,0.0829,0.4290,-0.2416,0.0712,IDLE,0,0,candidate_fields_invalid,0,0,0.000,0,nan,nan,nan,0.0000,0,5,0.6050,0.5642,0.5301,0.5642,0.0408,本圈台阶完成,1,0.0000,0.150,0.330
607.363,SEEK_ROUNDABOUT,6.572,1,1.501,tracking,0.1450,0.0481,1,line_curve_center_riding,-0.0234,0.0288,-0.2783,-0.3484,0.6740,5,0.3071,0.0702,0.3772,-0.1993,0.0481,IDLE,0,0,candidate_fields_invalid,0,0,0.000,0,nan,nan,nan,0.0000,0,5,0.6050,0.5642,0.5301,0.5642,0.0408,本圈台阶完成,1,0.0000,0.150,0.330
607.506,SEEK_ROUNDABOUT,6.715,1,1.501,tracking,0.1450,0.0187,1,line_curve_center_riding,0.0083,0.0628,-0.2575,-0.3264,0.6721,5,0.3202,0.0689,0.3891,-0.1737,0.0187,IDLE,0,0,candidate_fields_invalid,0,0,0.000,0,nan,nan,nan,0.0000,0,5,0.6050,0.5642,0.5301,0.5642,0.0408,本圈台阶完成,1,0.0000,0.150,0.330
607.642,SEEK_ROUNDABOUT,6.851,1,1.504,tracking,0.1450,-0.0033,1,line_curve_center_riding,0.0232,0.0775,-0.2419,-0.3097,0.6725,5,0.3194,0.0679,0.3872,-0.1580,-0.0033,IDLE,0,0,candidate_fields_invalid,0,0,0.000,0,nan,nan,nan,0.0000,0,5,0.6050,0.5642,0.5301,0.5642,0.0408,本圈台阶完成,1,0.0000,0.150,0.330
607.804,SEEK_ROUNDABOUT,7.012,1,1.510,tracking,0.1450,-0.0121,1,line_curve_center_riding,0.0206,0.0714,-0.2271,-0.2792,0.6752,5,0.2984,0.0522,0.3506,-0.1450,-0.0121,IDLE,0,0,candidate_fields_invalid,0,0,0.000,0,nan,nan,nan,0.0000,0,5,0.6050,0.5642,0.5301,0.5642,0.0408,本圈台阶完成,1,0.0000,0.150,0.330
607.938,SEEK_ROUNDABOUT,7.147,1,1.517,tracking,0.1450,-0.0085,1,line_curve_center_riding,0.0059,0.0570,-0.2434,-0.3012,0.6766,5,0.3005,0.0578,0.3582,-0.1625,-0.0085,IDLE,0,0,candidate_fields_invalid,0,0,0.000,0,nan,nan,nan,0.0000,0,5,0.6050,0.5642,0.5301,0.5642,0.0408,本圈台阶完成,1,0.0000,0.150,0.330
608.081,SEEK_ROUNDABOUT,7.290,1,1.526,tracking,0.1450,-0.0093,1,line_curve_center_riding,0.0090,0.0726,-0.3012,-0.7251,0.7234,6,0.3738,0.4239,0.7977,-0.3179,-0.0093,IDLE,0,0,candidate_fields_invalid,0,0,0.000,0,nan,nan,nan,0.0000,0,5,0.6050,0.5642,0.5301,0.5642,0.0408,本圈台阶完成,1,0.0000,0.150,0.330
608.227,SEEK_ROUNDABOUT,7.436,1,1.538,tracking,0.1450,0.0080,1,line_curve_center_riding,-0.0213,0.0400,-0.3210,-0.3952,0.6645,5,0.3610,0.0742,0.4352,-0.2254,0.0080,IDLE,0,0,candidate_fields_invalid,0,0,0.000,0,nan,nan,nan,0.0000,0,5,0.6050,0.5642,0.5301,0.5642,0.0408,本圈台阶完成,1,0.0000,0.150,0.330
608.368,SEEK_ROUNDABOUT,7.576,1,1.550,tracking,0.1450,0.0325,1,line_curve_center_riding,-0.0510,0.0154,-0.3752,-0.4511,0.6594,5,0.3906,0.0759,0.4665,-0.2703,0.0325,IDLE,0,0,candidate_fields_invalid,0,0,0.000,0,nan,nan,nan,0.0000,0,5,0.6050,0.5642,0.5301,0.5642,0.0408,本圈台阶完成,1,0.0000,0.150,0.330
608.504,SEEK_ROUNDABOUT,7.713,1,1.564,tracking,0.1450,0.0534,1,line_curve_center_riding,-0.0683,-0.0169,-0.3192,-0.3192,0.5809,4,0.3023,0.0000,0.3023,-0.2184,0.0534,IDLE,0,0,candidate_fields_invalid,0,0,0.000,0,nan,nan,nan,0.0000,0,5,0.6050,0.5642,0.5301,0.5642,0.0408,本圈台阶完成,1,0.0000,0.150,0.330
608.648,SEEK_ROUNDABOUT,7.857,1,1.582,tracking,0.1450,0.0886,1,line_curve_center_riding,-0.1123,-0.0253,-0.5374,-0.6608,0.6331,5,0.5122,0.1234,0.6356,-0.4079,0.0886,IDLE,0,0,candidate_fields_invalid,0,0,0.000,0,nan,nan,nan,0.0000,0,5,0.6050,0.5642,0.5301,0.5642,0.0408,本圈台阶完成,1,0.0000,0.150,0.330
608.792,SEEK_ROUNDABOUT,8.001,1,1.602,tracking,0.1600,0.1956,1,line_curve_center_riding,-0.2703,-0.2484,-0.3770,-0.3770,0.4972,3,0.1286,0.0000,0.1286,-0.3342,0.1956,IDLE,0,0,candidate_fields_invalid,0,0,0.000,0,nan,nan,nan,0.0000,0,5,0.6050,0.5642,0.5301,0.5642,0.0408,本圈台阶完成,1,0.0000,0.150,0.330
608.922,SEEK_ROUNDABOUT,8.131,1,1.622,tracking,0.1600,0.2560,1,line_curve_center_riding,-0.2934,-0.2692,-0.4117,-0.4117,0.4941,3,0.1425,0.0000,0.1425,-0.3642,0.2560,IDLE,0,0,candidate_fields_invalid,0,0,0.000,0,nan,nan,nan,0.0000,0,5,0.6050,0.5642,0.5301,0.5642,0.0408,本圈台阶完成,1,0.0000,0.150,0.330
609.061,SEEK_ROUNDABOUT,8.270,1,1.646,tracking,0.1600,0.2930,1,line_curve_center_riding,-0.3072,-0.2838,-0.4211,-0.4211,0.5002,3,0.1373,0.0000,0.1373,-0.3754,0.2930,IDLE,0,0,candidate_fields_invalid,0,0,0.000,0,nan,nan,nan,0.0000,0,5,0.6050,0.5642,0.5301,0.5642,0.0408,本圈台阶完成,1,0.0000,0.150,0.330
609.193,SEEK_ROUNDABOUT,8.402,1,1.671,tracking,0.1600,0.3243,1,line_center_tracking,-0.3287,-0.3223,-0.3449,-0.3449,0.4114,2,0.0226,0.0000,0.0226,-0.3374,0.3243,IDLE,0,0,candidate_fields_invalid,0,0,0.000,0,nan,nan,nan,0.0000,0,5,0.6050,0.5642,0.5301,0.5642,0.0408,本圈台阶完成,1,0.0000,0.150,0.330
609.332,SEEK_ROUNDABOUT,8.541,1,1.699,tracking,0.1450,0.2831,1,line_curve_center_riding,-0.2325,-0.1619,-0.5773,-0.5773,0.4312,3,0.4154,0.0000,0.4154,-0.4389,0.2831,IDLE,0,0,candidate_fields_invalid,0,0,0.000,0,nan,nan,nan,0.0000,0,5,0.6050,0.5642,0.5301,0.5642,0.0408,本圈台阶完成,1,0.0000,0.150,0.330
609.481,SEEK_ROUNDABOUT,8.690,1,1.727,tracking,0.1450,0.2631,1,line_curve_center_riding,-0.2242,-0.1505,-0.5838,-0.5838,0.4324,3,0.4333,0.0000,0.4333,-0.4394,0.2631,IDLE,0,0,candidate_fields_invalid,0,0,0.000,0,nan,nan,nan,0.0000,0,5,0.6050,0.5642,0.5301,0.5642,0.0408,本圈台阶完成,1,0.0000,0.150,0.330
609.626,SEEK_ROUNDABOUT,8.835,1,1.755,tracking,0.1600,0.3147,1,line_curve_center_riding,-0.3309,-0.2979,-0.4924,-0.4924,0.3242,2,0.1946,0.0000,0.1946,-0.4276,0.3147,IDLE,0,0,candidate_fields_invalid,0,0,0.000,0,nan,nan,nan,0.0000,0,5,0.6050,0.5642,0.5301,0.5642,0.0408,本圈台阶完成,1,0.0000,0.150,0.330
609.758,SEEK_ROUNDABOUT,8.967,1,1.788,tracking,0.1600,0.3369,1,line_curve_center_riding,-0.3334,-0.2937,-0.5276,-0.5276,0.4507,3,0.2340,0.0000,0.2340,-0.4496,0.3369,IDLE,0,0,candidate_fields_invalid,0,0,0.000,0,nan,nan,nan,0.0000,0,5,0.6050,0.5642,0.5301,0.5642,0.0408,本圈台阶完成,1,0.0000,0.150,0.330
609.888,SEEK_ROUNDABOUT,9.097,1,1.821,tracking,0.1587,0.3552,1,line_curve_center_riding,-0.3457,-0.3029,-0.5547,-0.5547,0.4465,3,0.2518,0.0000,0.2518,-0.4707,0.3552,IDLE,0,0,candidate_fields_invalid,0,0,0.000,0,1.3500,nan,0.0437,0.8332,1,5,0.6050,0.5642,0.5301,0.5642,0.0408,本圈台阶完成,1,0.0000,0.150,0.330
610.032,SEEK_ROUNDABOUT,9.241,1,1.859,tracking,0.1521,0.3807,1,line_curve_center_riding,-0.3748,-0.3363,-0.5627,-0.5627,0.4471,3,0.2264,0.0000,0.2264,-0.4873,0.3807,IDLE,0,0,candidate_fields_invalid,0,0,0.000,1,1.3400,nan,0.0417,0.8606,5,5,0.6050,0.5642,0.5301,0.5642,0.0408,本圈台阶完成,1,0.0000,0.150,0.330
610.166,SEEK_ROUNDABOUT,9.375,1,1.887,tracking,0.1438,0.4130,1,line_curve_center_riding,-0.4102,-0.3721,-0.5960,-0.5960,0.4495,3,0.2239,0.0000,0.2239,-0.5214,0.4130,IDLE,0,0,candidate_fields_invalid,0,0,0.000,1,1.3200,nan,0.0447,0.9030,8,5,0.6050,0.5642,0.5301,0.5642,0.0408,本圈台阶完成,1,0.0000,0.150,0.330
610.297,SEEK_ROUNDABOUT,9.506,1,1.922,tracking,0.1423,0.4189,1,line_curve_center_riding,-0.3957,-0.3521,-0.6083,-0.6083,0.4333,3,0.2561,0.0000,0.2561,-0.5229,0.4189,IDLE,0,0,candidate_fields_invalid,0,0,0.000,1,1.3200,nan,0.0488,0.9569,12,5,0.6050,0.5642,0.5301,0.5642,0.0408,本圈台阶完成,1,0.0000,0.150,0.330
610.432,SEEK_ROUNDABOUT,9.641,1,1.958,tracking,0.1430,0.4160,1,line_curve_center_riding,-0.3838,-0.3328,-0.6324,-0.6324,0.4183,3,0.2996,0.0000,0.2996,-0.5325,0.4160,IDLE,0,0,candidate_fields_invalid,0,0,0.000,1,1.2800,nan,0.0481,0.9486,15,5,0.6050,0.5642,0.5301,0.5642,0.0408,本圈台阶完成,1,0.0000,0.150,0.330
610.565,SEEK_ROUNDABOUT,9.774,1,1.985,tracking,0.1396,0.4295,1,line_curve_center_riding,-0.4082,-0.3607,-0.6401,-0.6401,0.4279,3,0.2794,0.0000,0.2794,-0.5470,0.4295,IDLE,0,0,candidate_fields_invalid,0,0,0.000,1,1.2500,nan,0.0478,0.9438,19,5,0.6050,0.5642,0.5301,0.5642,0.0408,本圈台阶完成,1,0.0000,0.150,0.330
610.702,SEEK_ROUNDABOUT,9.911,1,2.014,tracking,0.1404,0.4263,1,line_curve_center_riding,-0.3933,-0.3525,-0.5924,-0.5924,0.4423,3,0.2399,0.0000,0.2399,-0.5125,0.4263,IDLE,0,0,candidate_fields_invalid,0,0,0.000,1,1.2200,nan,0.0501,0.9728,23,5,0.6050,0.5642,0.5301,0.5642,0.0408,本圈台阶完成,1,0.0000,0.150,0.330
610.834,SEEK_ROUNDABOUT,10.043,1,2.043,short_loss,0.0902,0.4263,0,line_too_few_bands,0.0000,0.0000,0.0000,0.0000,0.0000,0,0.0000,0.0000,0.0000,0.0000,0.4263,IDLE,0,0,candidate_fields_invalid,0,0,0.000,1,1.2300,nan,0.0511,0.9604,28,5,0.6050,0.5642,0.5301,0.5642,0.0408,本圈台阶完成,1,0.0000,0.150,0.330
610.962,SEEK_ROUNDABOUT,10.171,1,2.064,tracking,0.1388,0.3680,1,line_curve_center_riding,-0.2889,-0.2317,-0.5682,-0.5682,0.5490,4,0.3365,0.0000,0.3365,-0.4560,0.3680,IDLE,0,0,step_candidate_ignore_near_mid 0.336,0,0,1.000,1,1.1900,1.1900,0.0550,0.9080,32,5,0.6050,0.5642,0.5301,0.5642,0.0408,本圈台阶完成,1,0.0000,0.150,0.330
611.113,SEEK_ROUNDABOUT,10.321,1,2.089,tracking,0.1450,0.3070,1,line_curve_center_riding,-0.2320,-0.1538,-0.6136,-0.6802,0.6377,5,0.4598,0.0666,0.5264,-0.4825,0.3070,IDLE,0,0,candidate_fields_invalid,0,0,0.400,1,1.2300,1.1900,0.0548,0.9101,37,5,0.6050,0.5642,0.5301,0.5642,0.0408,本圈台阶完成,1,0.0000,0.150,0.330
611.275,SEEK_ROUNDABOUT,10.484,1,2.114,tracking,0.1450,0.2459,1,line_curve_center_riding,-0.1721,-0.1010,-0.5195,-0.6992,0.7340,6,0.4186,0.1797,0.5982,-0.4399,0.2459,IDLE,0,0,candidate_fields_invalid,0,0,0.000,1,1.2200,1.1900,0.0552,0.9046,42,5,0.6050,0.5642,0.5301,0.5642,0.0408,本圈台阶完成,1,0.0000,0.150,0.330
611.407,SEEK_ROUNDABOUT,10.616,1,2.127,tracking,0.1450,0.2718,1,line_curve_center_riding,-0.2671,-0.2242,-0.4762,-0.6617,0.5589,4,0.2520,0.1855,0.4375,-0.4540,0.2718,IDLE,0,0,step_candidate_ignore_near_mid 0.252,0,0,1.000,1,1.0600,1.1250,0.0471,0.8170,46,5,0.6050,0.5642,0.5301,0.5642,0.0408,本圈台阶完成,1,0.0000,0.150,0.330
611.555,SEEK_ROUNDABOUT,10.764,1,2.147,tracking,0.1450,0.1762,1,line_curve_center_riding,-0.0877,-0.0271,-0.3836,-0.5618,0.7486,6,0.3564,0.1783,0.5347,-0.3242,0.1762,IDLE,0,0,step_candidate_ignore_near_mid 0.356,0,0,2.000,1,1.0400,1.0600,0.0482,0.9489,51,5,0.6050,0.5642,0.5301,0.5642,0.0408,本圈台阶完成,1,0.0000,0.150,0.330
611.695,SEEK_ROUNDABOUT,10.904,1,2.158,tracking,0.1450,0.1008,1,line_curve_center_riding,-0.0256,0.0347,-0.3200,-0.4878,0.7497,6,0.3547,0.1677,0.5225,-0.2577,0.1008,IDLE,0,0,step_candidate_ignore_near_mid 0.355,0,0,3.000,1,1.0200,1.0500,0.0465,0.9266,55,5,0.6050,0.5642,0.5301,0.5642,0.0408,本圈台阶完成,1,0.0000,0.150,0.330
611.826,SEEK_ROUNDABOUT,11.035,1,2.169,tracking,0.1450,0.0515,1,line_curve_center_riding,-0.0018,0.0554,-0.2812,-0.4325,0.7524,6,0.3367,0.1512,0.4879,-0.2194,0.0515,IDLE,0,0,step_candidate_ignore_near_mid 0.337,0,0,4.000,1,1.0100,1.0300,0.0463,0.9237,59,5,0.6050,0.5642,0.5301,0.5642,0.0408,本圈台阶完成,1,0.0000,0.150,0.330
611.975,SEEK_ROUNDABOUT,11.184,1,2.178,tracking,0.1450,0.0230,1,line_curve_center_riding,0.0071,0.0606,-0.2542,-0.4026,0.7569,6,0.3148,0.1484,0.4632,-0.1987,0.0230,IDLE,0,0,step_candidate_ignore_near_mid 0.315,0,0,5.000,1,1.0000,1.0200,0.0458,0.9184,63,5,0.6050,0.5642,0.5301,0.5642,0.0408,本圈台阶完成,1,0.0000,0.150,0.330
612.114,SEEK_ROUNDABOUT,11.323,1,2.183,tracking,0.1450,0.0133,1,line_curve_center_riding,-0.0019,0.0504,-0.2570,-0.4012,0.7585,6,0.3074,0.1442,0.4516,-0.2026,0.0133,IDLE,0,0,step_candidate_ignore_near_mid 0.307,0,0,6.000,1,0.9850,1.0100,0.0471,0.9345,67,5,0.6050,0.5642,0.5301,0.5642,0.0408,本圈台阶完成,1,0.0000,0.150,0.330
612.279,SEEK_ROUNDABOUT,11.488,1,2.188,tracking,0.1450,0.0157,1,line_curve_center_riding,-0.0154,0.0337,-0.2549,-0.4027,0.7610,6,0.2886,0.1478,0.4364,-0.2080,0.0157,IDLE,0,0,step_candidate_ignore_near_mid 0.289,0,0,6.000,1,0.9800,1.0000,0.0473,0.9369,72,5,0.6050,0.5642,0.5301,0.5642,0.0408,本圈台阶完成,1,0.0000,0.150,0.330
612.422,SEEK_ROUNDABOUT,11.631,1,2.191,tracking,0.1450,0.0166,1,line_curve_center_riding,-0.0162,0.0334,-0.2585,-0.3994,0.7616,6,0.2919,0.1409,0.4328,-0.2081,0.0166,IDLE,0,0,step_candidate_ignore_near_mid 0.292,0,0,6.000,1,0.9700,0.9850,0.0475,0.9396,76,5,0.6050,0.5642,0.5301,0.5642,0.0408,本圈台阶完成,1,0.0000,0.150,0.330
612.574,SEEK_ROUNDABOUT,11.783,1,2.194,tracking,0.1450,0.0059,1,line_curve_center_riding,0.0031,0.0543,-0.2467,-0.4940,0.8488,7,0.3010,0.2473,0.5483,-0.2288,0.0059,IDLE,0,0,step_candidate_ignore_near_mid 0.301,0,0,6.000,1,0.9700,0.9800,0.0474,0.9384,81,5,0.6050,0.5642,0.5301,0.5642,0.0408,本圈台阶完成,1,0.0000,0.150,0.330
612.705,SEEK_ROUNDABOUT,11.914,1,2.200,tracking,0.1450,0.0242,1,line_curve_center_riding,-0.0360,0.0137,-0.2786,-0.4157,0.7629,6,0.2923,0.1371,0.4294,-0.2268,0.0242,IDLE,0,0,step_candidate_ignore_near_mid 0.292,0,0,6.000,1,0.9500,0.9700,0.0478,0.9432,84,5,0.6050,0.5642,0.5301,0.5642,0.0408,本圈台阶完成,1,0.0000,0.150,0.330
612.839,SEEK_ROUNDABOUT,12.048,1,2.208,tracking,0.1450,0.0311,1,line_curve_center_riding,-0.0358,0.0152,-0.2851,-0.4253,0.7602,6,0.3003,0.1402,0.4405,-0.2317,0.0311,IDLE,0,0,step_candidate_ignore_near_mid 0.300,0,0,6.000,1,0.9500,0.9700,0.0470,0.9323,88,5,0.6050,0.5642,0.5301,0.5642,0.0408,本圈台阶完成,1,0.0000,0.150,0.330
612.982,SEEK_ROUNDABOUT,12.191,1,2.219,tracking,0.1450,0.0535,1,line_curve_center_riding,-0.0683,-0.0180,-0.3140,-0.4373,0.7620,6,0.2960,0.1232,0.4192,-0.2564,0.0535,IDLE,0,0,step_candidate_ignore_near_mid 0.296,0,0,6.000,1,0.9500,0.9500,0.0465,0.9250,92,5,0.6050,0.5642,0.5301,0.5642,0.0408,本圈台阶完成,1,0.0000,0.150,0.330
613.117,SEEK_ROUNDABOUT,12.326,1,2.231,tracking,0.1450,0.0816,1,line_curve_center_riding,-0.0997,-0.0519,-0.3334,-0.4607,0.7648,6,0.2815,0.1273,0.4088,-0.2820,0.0816,IDLE,0,0,step_candidate_ignore_near_mid 0.282,0,0,6.000,1,0.9400,0.9500,0.0479,0.9444,96,5,0.6050,0.5642,0.5301,0.5642,0.0408,本圈台阶完成,1,0.0000,0.150,0.330
613.247,SEEK_ROUNDABOUT,12.456,1,2.243,tracking,0.1600,0.1067,1,line_curve_center_riding,-0.1211,-0.0737,-0.3526,-0.4702,0.7664,6,0.2790,0.1176,0.3966,-0.2989,0.1067,IDLE,0,0,step_candidate_ignore_near_mid 0.279,0,0,6.000,1,0.9300,0.9500,0.0473,0.9367,100,5,0.6050,0.5642,0.5301,0.5642,0.0408,本圈台阶完成,1,0.0000,0.150,0.330
613.380,SEEK_ROUNDABOUT,12.589,1,2.260,tracking,0.1600,0.1364,1,line_curve_center_riding,-0.1522,-0.1080,-0.3680,-0.4874,0.7691,6,0.2600,0.1194,0.3794,-0.3211,0.1364,IDLE,0,0,step_candidate_ignore_near_mid 0.260,0,0,6.000,1,0.9200,0.9400,0.0472,0.9350,104,5,0.6050,0.5642,0.5301,0.5642,0.0408,本圈台阶完成,1,0.0000,0.150,0.330
613.510,SEEK_ROUNDABOUT,12.719,1,2.278,tracking,0.1600,0.1598,1,line_curve_center_riding,-0.1692,-0.1253,-0.3839,-0.4889,0.7704,6,0.2586,0.1050,0.3636,-0.3327,0.1598,IDLE,0,0,step_candidate_ignore_near_mid 0.259,0,0,6.000,1,0.9100,0.9300,0.0472,0.9349,108,5,0.6050,0.5642,0.5301,0.5642,0.0408,本圈台阶完成,1,0.0000,0.150,0.330
613.648,SEEK_ROUNDABOUT,12.857,1,2.294,tracking,0.1600,0.1815,1,line_curve_center_riding,-0.1878,-0.1480,-0.3821,-0.4920,0.7743,6,0.2341,0.1099,0.3439,-0.3407,0.1815,IDLE,0,0,step_candidate_ignore_near_far 0.344,0,0,6.000,1,0.8900,0.9200,0.0474,0.9381,112,5,0.6050,0.5642,0.5301,0.5642,0.0408,本圈台阶完成,1,0.0000,0.150,0.330
613.781,SEEK_ROUNDABOUT,12.990,1,2.315,tracking,0.1600,0.2004,1,line_curve_center_riding,-0.2025,-0.1664,-0.3787,-0.4719,0.7797,6,0.2123,0.0932,0.3055,-0.3390,0.2004,IDLE,0,0,step_candidate_ignore_near_far 0.306,0,0,6.000,1,0.8800,0.9100,0.0471,0.9334,115,5,0.6050,0.5642,0.5301,0.5642,0.0408,本圈台阶完成,1,0.0000,0.150,0.330
613.927,SEEK_ROUNDABOUT,13.136,1,2.333,tracking,0.1450,0.1516,1,line_curve_center_riding,-0.1030,-0.0634,-0.2960,-0.6390,0.7588,6,0.2326,0.3430,0.5756,-0.3328,0.1516,IDLE,0,0,step_candidate_ignore_mid_far 0.343,0,0,6.000,1,0.8700,0.8900,0.0476,0.9401,119,5,0.6050,0.5642,0.5301,0.5642,0.0408,本圈台阶完成,1,0.0000,0.150,0.330
614.058,SEEK_ROUNDABOUT,13.267,1,2.353,tracking,0.1600,0.1969,1,line_curve_center_riding,-0.2141,-0.1824,-0.3692,-0.3866,0.6992,5,0.1868,0.0174,0.2042,-0.3127,0.1969,IDLE,0,0,step_candidate_ignore_center -0.313,0,0,6.000,1,0.8500,0.8800,0.0476,0.9400,123,5,0.6050,0.5642,0.5301,0.5642,0.0408,本圈台阶完成,1,0.0000,0.150,0.330
614.196,SEEK_ROUNDABOUT,13.405,1,2.382,tracking,0.1600,0.2178,1,line_curve_center_riding,-0.2221,-0.1956,-0.3513,-0.4543,0.7897,6,0.1557,0.1030,0.2588,-0.3337,0.2178,IDLE,0,0,step_candidate_ignore_center -0.334,0,0,6.000,1,0.8400,0.8700,0.0486,0.9530,126,5,0.6050,0.5642,0.5301,0.5642,0.0408,本圈台阶完成,1,0.0000,0.150,0.330
614.327,SEEK_ROUNDABOUT,13.536,1,2.405,tracking,0.1600,0.2493,1,line_curve_center_riding,-0.2577,-0.2413,-0.3374,-0.1830,0.7801,6,0.0961,0.1544,0.0583,-0.2539,0.2493,IDLE,0,0,step_candidate_ignore_center -0.254,0,0,6.000,1,0.8200,0.8500,0.0486,0.9535,130,5,0.6050,0.5642,0.5301,0.5642,0.0408,本圈台阶完成,1,0.0000,0.150,0.330
614.460,SEEK_ROUNDABOUT,13.669,1,2.437,tracking,0.1600,0.2219,1,line_curve_center_riding,-0.1868,-0.1808,-0.2164,0.0092,0.6905,5,0.0357,0.2257,0.1900,-0.1293,0.2219,IDLE,0,0,step_zone_after_max seek=2.41>2.40,0,0,6.000,1,0.8000,0.8400,0.0498,0.9700,133,5,0.6050,0.5642,0.5301,0.5642,0.0408,本圈台阶完成,1,0.0000,0.150,0.330
614.590,SEEK_ROUNDABOUT,13.799,1,2.464,tracking,0.1600,0.2232,1,line_curve_center_riding,-0.2057,-0.1820,-0.3213,-0.3795,0.7039,5,0.1393,0.0582,0.1975,-0.2943,0.2232,IDLE,0,0,step_zone_after_max seek=2.44>2.40,0,0,6.000,1,0.7800,0.8200,0.0498,0.9693,136,5,0.6050,0.5642,0.5301,0.5642,0.0408,本圈台阶完成,1,0.0000,0.150,0.330
614.725,SEEK_ROUNDABOUT,13.934,1,2.495,tracking,0.1600,0.2460,1,line_center_tracking,-0.2456,-0.2352,-0.2726,-0.2726,0.4516,2,0.0374,0.0000,0.0374,-0.2601,0.2460,IDLE,0,0,step_zone_after_max seek=2.46>2.40,0,0,6.000,1,0.7600,0.8000,0.0497,0.9682,140,5,0.6050,0.5642,0.5301,0.5642,0.0408,本圈台阶完成,1,0.0000,0.150,0.330
614.856,SEEK_ROUNDABOUT,14.065,1,2.530,tracking,0.1600,0.2104,1,line_center_tracking,-0.1688,-0.1527,-0.2102,-0.2102,0.4456,2,0.0575,0.0000,0.0575,-0.1910,0.2104,IDLE,0,0,step_zone_after_max seek=2.50>2.40,0,0,6.000,1,0.7500,0.7800,0.0496,0.9668,143,5,0.6050,0.5642,0.5301,0.5642,0.0408,本圈台阶完成,1,0.0000,0.150,0.330
614.993,SEEK_ROUNDABOUT,14.202,1,2.562,tracking,0.1600,0.1904,1,line_center_tracking,-0.1574,-0.1444,-0.1909,-0.1962,0.4566,2,0.0464,0.0054,0.0518,-0.1772,0.1904,IDLE,0,0,step_zone_after_max seek=2.53>2.40,0,0,6.000,1,0.7300,0.7600,0.0491,0.9590,146,5,0.6050,0.5642,0.5301,0.5642,0.0408,本圈台阶完成,1,0.0000,0.150,0.330
615.132,SEEK_ROUNDABOUT,14.341,1,2.598,tracking,0.1600,0.1611,1,line_center_tracking,-0.1237,-0.1179,-0.1389,-0.1389,0.5532,3,0.0210,0.0000,0.0210,-0.1319,0.1611,IDLE,0,0,step_zone_after_max seek=2.56>2.40,0,0,6.000,1,0.7100,0.7500,0.0486,0.9520,149,5,0.6050,0.5642,0.5301,0.5642,0.0408,本圈台阶完成,1,0.0000,0.150,0.330
615.270,SEEK_ROUNDABOUT,14.479,1,2.633,tracking,0.1450,0.0816,1,line_curve_center_riding,-0.0098,0.0523,-0.3128,-0.7126,0.5383,4,0.3651,0.3998,0.7649,-0.3244,0.0816,IDLE,0,0,step_zone_after_max seek=2.60>2.40,0,0,6.000,1,0.6900,0.7300,0.0471,0.9299,152,5,0.6050,0.5642,0.5301,0.5642,0.0408,本圈台阶完成,1,0.0000,0.150,0.330
615.421,SEEK_ROUNDABOUT,14.630,1,2.663,tracking,0.1600,0.0937,1,line_center_tracking,-0.0892,-0.0819,-0.1080,-0.1080,0.4639,2,0.0261,0.0000,0.0261,-0.0993,0.0937,IDLE,0,0,step_zone_after_max seek=2.63>2.40,0,0,6.000,1,0.6700,0.7100,0.0452,0.9044,155,5,0.6050,0.5642,0.5301,0.5642,0.0408,本圈台阶完成,1,0.0000,0.150,0.330
615.556,SEEK_ROUNDABOUT,14.765,1,2.700,tracking,0.1450,-0.1278,1,line_curve_center_riding,0.2933,0.2311,0.5972,0.7519,0.4284,3,0.3662,0.1546,0.5208,0.5267,-0.1278,IDLE,0,0,step_zone_after_max seek=2.66>2.40,0,0,6.000,1,0.6300,0.6900,0.0455,0.9071,158,5,0.6050,0.5642,0.5301,0.5642,0.0408,本圈台阶完成,1,0.0000,0.150,0.330
615.714,SEEK_ROUNDABOUT,14.923,1,2.734,tracking,0.1600,-0.1548,1,line_curve_center_riding,0.1853,0.1429,0.3923,0.4130,0.4912,3,0.2493,0.0207,0.2700,0.3161,-0.1548,IDLE,0,0,step_zone_after_max seek=2.70>2.40,0,0,6.000,1,0.5900,0.6700,0.0411,0.8432,164,5,0.6050,0.5642,0.5301,0.5642,0.0408,本圈台阶完成,1,0.0000,0.150,0.330
615.862,SEEK_ROUNDABOUT,15.071,1,2.765,short_loss,0.1093,-0.2400,0,line_too_few_bands,0.0000,0.0000,0.0000,0.0000,0.0000,1,0.0000,0.0000,0.0000,0.0000,-0.2400,IDLE,0,0,step_zone_after_max seek=2.73>2.40,0,0,6.000,0,0.5000,0.6300,0.0333,0.6600,1,5,0.6050,0.5642,0.5301,0.5642,0.0408,本圈台阶完成,1,0.0000,0.150,0.330
615.998,SEEK_ROUNDABOUT,15.207,1,2.793,tracking,0.1359,-0.4091,1,line_curve_center_riding,0.6110,0.5868,0.7290,0.2063,0.6186,5,0.1422,0.5227,0.3805,0.5074,-0.4091,IDLE,0,0,step_zone_after_max seek=2.77>2.40,0,0,5.400,0,nan,0.6300,nan,0.0000,0,5,0.6050,0.5642,0.5301,0.5642,0.0408,本圈台阶完成,1,0.0000,0.150,0.330
616.142,SEEK_ROUNDABOUT,15.351,1,2.831,tracking,0.1122,-0.5360,1,line_curve_center_riding,0.6098,0.5616,0.8453,1.0000,0.4495,3,0.2837,0.1547,0.4384,0.8023,-0.5360,IDLE,0,0,step_zone_after_max seek=2.79>2.40,0,0,4.800,0,nan,0.6100,nan,0.0000,0,5,0.6050,0.5642,0.5301,0.5642,0.0408,本圈台阶完成,1,0.0000,0.150,0.330
616.286,SEEK_ROUNDABOUT,15.495,1,2.859,tracking,0.1000,-0.6471,1,line_hard_turn_centering,0.7001,0.6993,0.7076,0.7076,0.4517,2,0.0083,0.0000,0.0083,0.7048,-0.6471,IDLE,0,0,step_zone_after_max seek=2.83>2.40,0,0,4.200,0,nan,0.5900,nan,0.0000,0,5,0.6050,0.5642,0.5301,0.5642,0.0408,本圈台阶完成,1,0.0000,0.150,0.330
616.431,SEEK_ROUNDABOUT,15.640,1,2.886,tracking,0.1000,-0.6885,1,line_edge_single_rescue,0.6813,0.6813,0.6813,0.6813,0.3100,1,0.0000,0.0000,0.0000,0.6813,-0.6885,IDLE,0,0,step_zone_after_max seek=2.86>2.40,0,0,3.600,0,nan,0.5450,nan,0.0000,0,5,0.6050,0.5642,0.5301,0.5642,0.0408,本圈台阶完成,1,0.0000,0.150,0.330
616.564,SEEK_ROUNDABOUT,15.773,1,2.907,tracking,0.1000,-0.6489,1,line_edge_single_rescue,0.5740,0.5740,0.5740,0.5740,0.3100,1,0.0000,0.0000,0.0000,0.5740,-0.6489,IDLE,0,0,step_zone_after_max seek=2.89>2.40,0,0,3.000,0,nan,0.5000,nan,0.0000,0,5,0.6050,0.5642,0.5301,0.5642,0.0408,本圈台阶完成,1,0.0000,0.150,0.330
616.693,SEEK_ROUNDABOUT,15.902,1,2.926,tracking,0.1060,-0.3257,1,line_edge_single_rescue,-0.8969,-0.8969,-0.8969,-0.8969,0.3100,1,0.0000,0.0000,0.0000,-0.8969,-0.3257,IDLE,0,0,step_zone_after_max seek=2.91>2.40,0,0,2.400,0,nan,nan,nan,0.0000,0,5,0.6050,0.5642,0.5301,0.5642,0.0408,本圈台阶完成,1,0.0000,0.150,0.330
616.833,SEEK_ROUNDABOUT,16.042,1,2.943,tracking,0.1450,-0.1223,1,line_curve_center_riding,0.3109,0.3730,0.0081,0.0081,0.4538,3,0.3648,0.0000,0.3648,0.1297,-0.1223,IDLE,0,0,step_zone_after_max seek=2.93>2.40,0,0,1.800,0,nan,nan,nan,0.0000,0,5,0.6050,0.5642,0.5301,0.5642,0.0408,本圈台阶完成,1,0.0000,0.150,0.330
616.993,SEEK_ROUNDABOUT,16.202,1,2.964,tracking,0.1600,-0.0698,1,line_center_tracking,0.0432,0.0551,0.0127,0.0127,0.3557,2,0.0424,0.0000,0.0424,0.0268,-0.0698,IDLE,0,0,step_zone_after_max seek=2.94>2.40,0,0,1.200,0,nan,nan,nan,0.0000,0,5,0.6050,0.5642,0.5301,0.5642,0.0408,本圈台阶完成,1,0.0000,0.150,0.330
617.128,SEEK_ROUNDABOUT,16.337,1,2.974,short_loss,0.1093,-0.2400,0,line_too_few_bands,0.0000,0.0000,0.0000,0.0000,0.0000,0,0.0000,0.0000,0.0000,0.0000,-0.2400,IDLE,0,0,step_zone_after_max seek=2.96>2.40,0,0,2.200,0,0.9800,0.9800,0.0468,0.8869,2,5,0.6050,0.5642,0.5301,0.5642,0.0408,本圈台阶完成,1,0.0000,0.150,0.330
617.267,SEEK_ROUNDABOUT,16.476,1,2.983,tracking,0.1450,-0.0828,1,line_curve_center_riding,0.0861,0.1383,-0.1685,-0.1685,0.3172,2,0.3067,0.0000,0.3067,-0.0662,-0.0828,IDLE,0,0,step_zone_after_max seek=2.97>2.40,0,0,3.200,1,0.9400,0.9600,0.0462,0.8788,6,5,0.6050,0.5642,0.5301,0.5642,0.0408,本圈台阶完成,1,0.0000,0.150,0.330
617.412,SEEK_ROUNDABOUT,16.621,1,2.991,short_loss,0.0943,-0.2400,0,line_too_few_bands,0.0000,0.0000,0.0000,0.0000,0.0000,1,0.0000,0.0000,0.0000,0.0000,-0.2400,IDLE,0,0,step_zone_after_max seek=2.98>2.40,0,0,4.200,1,0.9600,0.9600,0.0456,0.8740,10,5,0.6050,0.5642,0.5301,0.5642,0.0408,本圈台阶完成,1,0.0000,0.150,0.330
617.563,SEEK_ROUNDABOUT,16.772,1,2.998,short_loss,0.0550,-0.2400,0,line_too_few_bands,0.0000,0.0000,0.0000,0.0000,0.0000,0,0.0000,0.0000,0.0000,0.0000,-0.2400,IDLE,0,0,step_zone_after_max seek=2.99>2.40,0,0,5.200,1,0.9800,0.9700,0.0441,0.8508,14,5,0.6050,0.5642,0.5301,0.5642,0.0408,本圈台阶完成,1,0.0000,0.150,0.330
617.714,SEEK_ROUNDABOUT,16.923,1,3.003,short_loss,0.0550,-0.2400,0,line_too_few_bands,0.0000,0.0000,0.0000,0.0000,0.0000,0,0.0000,0.0000,0.0000,0.0000,-0.2400,IDLE,0,0,step_zone_after_max seek=3.00>2.40,0,0,6.000,1,0.9000,0.9600,0.0481,0.9038,18,5,0.6050,0.5642,0.5301,0.5642,0.0408,本圈台阶完成,1,0.0000,0.150,0.330
617.900,SEEK_ROUNDABOUT,17.109,1,3.003,short_loss,0.0550,-0.2400,0,line_too_few_bands,0.0000,0.0000,0.0000,0.0000,0.0000,0,0.0000,0.0000,0.0000,0.0000,-0.2400,IDLE,0,0,step_zone_after_max seek=3.00>2.40,0,0,6.000,1,0.4600,0.9400,0.0476,0.9445,23,5,0.6050,0.5642,0.5301,0.5642,0.0408,本圈台阶完成,1,0.0000,0.150,0.330
618.071,SEEK_ROUNDABOUT,17.280,1,3.006,search_loss,0.0350,-0.4800,0,line_too_few_bands,0.0000,0.0000,0.0000,0.0000,0.0000,0,0.0000,0.0000,0.0000,0.0000,-0.4800,IDLE,0,0,step_zone_after_max seek=3.00>2.40,0,0,6.000,1,0.4500,0.9000,0.0473,0.9401,28,5,0.6050,0.5642,0.5301,0.5642,0.0408,本圈台阶完成,1,0.0000,0.150,0.330
618.230,SEEK_ROUNDABOUT,17.439,1,3.010,search_loss,0.0350,-0.4800,0,line_too_few_bands,0.0000,0.0000,0.0000,0.0000,0.0000,0,0.0000,0.0000,0.0000,0.0000,-0.4800,IDLE,0,0,step_zone_after_max seek=3.01>2.40,0,0,6.000,1,0.4600,0.4600,0.0475,0.9424,32,5,0.6050,0.5642,0.5301,0.5642,0.0408,本圈台阶完成,1,0.0000,0.150,0.330
618.418,SEEK_ROUNDABOUT,17.627,1,3.014,search_loss,0.0350,-0.4800,0,line_too_few_bands,0.0000,0.0000,0.0000,0.0000,0.0000,0,0.0000,0.0000,0.0000,0.0000,-0.4800,IDLE,0,0,step_zone_after_max seek=3.01>2.40,0,0,6.000,1,0.4500,0.4600,0.0482,0.9513,38,5,0.6050,0.5642,0.5301,0.5642,0.0408,本圈台阶完成,1,0.0000,0.150,0.330
618.564,SEEK_ROUNDABOUT,17.773,1,3.015,search_loss,0.0350,-0.4800,0,line_too_few_bands,0.0000,0.0000,0.0000,0.0000,0.0000,0,0.0000,0.0000,0.0000,0.0000,-0.4800,IDLE,0,0,step_zone_after_max seek=3.01>2.40,0,0,6.000,1,0.4500,0.4500,0.0487,0.9561,42,5,0.6050,0.5642,0.5301,0.5642,0.0408,本圈台阶完成,1,0.0000,0.150,0.330
618.698,SEEK_ROUNDABOUT,17.907,1,3.020,search_loss,0.0350,-0.4800,0,line_too_few_bands,0.0000,0.0000,0.0000,0.0000,0.0000,0,0.0000,0.0000,0.0000,0.0000,-0.4800,IDLE,0,0,step_zone_after_max seek=3.02>2.40,0,0,6.000,1,0.4500,0.4500,0.0485,0.9385,47,5,0.6050,0.5642,0.5301,0.5642,0.0408,本圈台阶完成,1,0.0000,0.150,0.330
618.829,SEEK_ROUNDABOUT,18.038,1,3.025,search_loss,0.0350,-0.4800,0,line_too_few_bands,0.0000,0.0000,0.0000,0.0000,0.0000,0,0.0000,0.0000,0.0000,0.0000,-0.4800,IDLE,0,0,step_zone_after_max seek=3.02>2.40,0,0,6.000,0,0.4500,0.4500,0.0484,0.9256,2,5,0.6050,0.5642,0.5301,0.5642,0.0408,本圈台阶完成,1,0.0000,0.150,0.330
618.970,SEEK_ROUNDABOUT,18.179,1,3.039,line_lost_stop,0.0000,-0.1467,0,line_too_few_bands,0.0000,0.0000,0.0000,0.0000,0.0000,0,0.0000,0.0000,0.0000,0.0000,-0.1467,IDLE,0,0,step_zone_after_max seek=3.03>2.40,0,0,5.400,0,nan,0.4500,nan,0.0000,0,5,0.6050,0.5642,0.5301,0.5642,0.0408,本圈台阶完成,1,0.0000,0.150,0.330
619.098,SEEK_ROUNDABOUT,18.307,1,3.049,line_lost_stop,0.0000,0.0000,0,line_too_few_bands,0.0000,0.0000,0.0000,0.0000,0.0000,0,0.0000,0.0000,0.0000,0.0000,0.0000,IDLE,0,0,step_zone_after_max seek=3.04>2.40,0,0,4.800,0,nan,0.4500,nan,0.0000,0,5,0.6050,0.5642,0.5301,0.5642,0.0408,本圈台阶完成,1,0.0000,0.150,0.330
619.226,SEEK_ROUNDABOUT,18.435,1,3.059,line_lost_stop,0.0000,0.0000,0,line_too_few_bands,0.0000,0.0000,0.0000,0.0000,0.0000,0,0.0000,0.0000,0.0000,0.0000,0.0000,IDLE,0,0,step_zone_after_max seek=3.05>2.40,0,0,4.200,0,nan,0.4500,nan,0.0000,0,5,0.6050,0.5642,0.5301,0.5642,0.0408,本圈台阶完成,1,0.0000,0.150,0.330
619.353,SEEK_ROUNDABOUT,18.562,1,3.070,line_lost_stop,0.0000,0.0000,0,line_too_few_bands,0.0000,0.0000,0.0000,0.0000,0.0000,0,0.0000,0.0000,0.0000,0.0000,0.0000,IDLE,0,0,step_zone_after_max seek=3.06>2.40,0,0,3.600,0,nan,0.4500,nan,0.0000,0,5,0.6050,0.5642,0.5301,0.5642,0.0408,本圈台阶完成,1,0.0000,0.150,0.330
619.483,SEEK_ROUNDABOUT,18.692,1,3.075,line_lost_stop,0.0000,0.0000,0,line_too_few_bands,0.0000,0.0000,0.0000,0.0000,0.0000,0,0.0000,0.0000,0.0000,0.0000,0.0000,IDLE,0,0,step_zone_after_max seek=3.07>2.40,0,0,3.000,0,nan,0.4500,nan,0.0000,0,5,0.6050,0.5642,0.5301,0.5642,0.0408,本圈台阶完成,1,0.0000,0.150,0.330
619.616,SEEK_ROUNDABOUT,18.825,1,3.076,line_lost_stop,0.0000,0.0000,0,line_too_few_bands,0.0000,0.0000,0.0000,0.0000,0.0000,0,0.0000,0.0000,0.0000,0.0000,0.0000,IDLE,0,0,step_zone_after_max seek=3.07>2.40,0,0,2.400,0,nan,0.4500,nan,0.0000,0,5,0.6050,0.5642,0.5301,0.5642,0.0408,本圈台阶完成,1,0.0000,0.150,0.330
619.746,SEEK_ROUNDABOUT,18.955,1,3.076,line_lost_stop,0.0000,0.0000,0,line_too_few_bands,0.0000,0.0000,0.0000,0.0000,0.0000,0,0.0000,0.0000,0.0000,0.0000,0.0000,IDLE,0,0,step_zone_after_max seek=3.08>2.40,0,0,1.800,0,nan,nan,nan,0.0000,0,5,0.6050,0.5642,0.5301,0.5642,0.0408,本圈台阶完成,1,0.0000,0.150,0.330
619.883,SEEK_ROUNDABOUT,19.092,1,3.076,line_lost_stop,0.0000,0.0000,0,line_too_few_bands,0.0000,0.0000,0.0000,0.0000,0.0000,0,0.0000,0.0000,0.0000,0.0000,0.0000,IDLE,0,0,step_zone_after_max seek=3.08>2.40,0,0,1.200,0,nan,nan,nan,0.0000,0,5,0.6050,0.5642,0.5301,0.5642,0.0408,本圈台阶完成,1,0.0000,0.150,0.330
620.016,SEEK_ROUNDABOUT,19.225,1,3.080,line_lost_stop,0.0000,0.0000,0,line_too_few_bands,0.0000,0.0000,0.0000,0.0000,0.0000,0,0.0000,0.0000,0.0000,0.0000,0.0000,IDLE,0,0,step_zone_after_max seek=3.08>2.40,0,0,0.600,0,nan,nan,nan,0.0000,0,5,0.6050,0.5642,0.5301,0.5642,0.0408,本圈台阶完成,1,0.0000,0.150,0.330
620.151,SEEK_ROUNDABOUT,19.360,1,3.087,line_lost_stop,0.0000,0.0000,0,line_too_few_bands,0.0000,0.0000,0.0000,0.0000,0.0000,0,0.0000,0.0000,0.0000,0.0000,0.0000,IDLE,0,0,step_zone_after_max seek=3.08>2.40,0,0,0.000,0,nan,nan,nan,0.0000,0,5,0.6050,0.5642,0.5301,0.5642,0.0408,本圈台阶完成,1,0.0000,0.150,0.330
620.289,SEEK_ROUNDABOUT,19.498,1,3.094,line_lost_stop,0.0000,0.0000,0,line_too_few_bands,0.0000,0.0000,0.0000,0.0000,0.0000,0,0.0000,0.0000,0.0000,0.0000,0.0000,IDLE,0,0,step_zone_after_max seek=3.09>2.40,0,0,0.000,0,nan,nan,nan,0.0000,0,5,0.6050,0.5642,0.5301,0.5642,0.0408,本圈台阶完成,1,0.0000,0.150,0.330
620.432,SEEK_ROUNDABOUT,19.641,1,3.102,line_lost_stop,0.0000,0.0000,0,line_too_few_bands,0.0000,0.0000,0.0000,0.0000,0.0000,0,0.0000,0.0000,0.0000,0.0000,0.0000,IDLE,0,0,step_zone_after_max seek=3.09>2.40,0,0,0.000,0,nan,nan,nan,0.0000,0,5,0.6050,0.5642,0.5301,0.5642,0.0408,本圈台阶完成,1,0.0000,0.150,0.330
620.568,SEEK_ROUNDABOUT,19.777,1,3.105,line_lost_stop,0.0000,0.0000,0,line_too_few_bands,0.0000,0.0000,0.0000,0.0000,0.0000,0,0.0000,0.0000,0.0000,0.0000,0.0000,IDLE,0,0,step_zone_after_max seek=3.10>2.40,0,0,0.000,0,nan,nan,nan,0.0000,0,5,0.6050,0.5642,0.5301,0.5642,0.0408,本圈台阶完成,1,0.0000,0.150,0.330
620.708,SEEK_ROUNDABOUT,19.917,1,3.107,line_lost_stop,0.0000,0.0000,0,line_too_few_bands,0.0000,0.0000,0.0000,0.0000,0.0000,0,0.0000,0.0000,0.0000,0.0000,0.0000,IDLE,0,0,step_zone_after_max seek=3.11>2.40,0,0,0.000,0,nan,nan,nan,0.0000,0,5,0.6050,0.5642,0.5301,0.5642,0.0408,本圈台阶完成,1,0.0000,0.150,0.330
620.845,SEEK_ROUNDABOUT,20.054,1,3.107,line_lost_stop,0.0000,0.0000,0,line_too_few_bands,0.0000,0.0000,0.0000,0.0000,0.0000,0,0.0000,0.0000,0.0000,0.0000,0.0000,IDLE,0,0,step_zone_after_max seek=3.11>2.40,0,0,0.000,0,nan,nan,nan,0.0000,0,5,0.6050,0.5642,0.5301,0.5642,0.0408,本圈台阶完成,1,0.0000,0.150,0.330
620.987,SEEK_ROUNDABOUT,20.196,1,3.110,line_lost_stop,0.0000,0.0000,0,line_too_few_bands,0.0000,0.0000,0.0000,0.0000,0.0000,0,0.0000,0.0000,0.0000,0.0000,0.0000,IDLE,0,0,step_zone_after_max seek=3.11>2.40,0,0,0.000,1,1.2900,nan,0.0498,0.7898,5,5,0.6050,0.5642,0.5301,0.5642,0.0408,本圈台阶完成,1,0.0000,0.150,0.330
621.121,SEEK_ROUNDABOUT,20.330,1,3.112,line_lost_stop,0.0000,0.0000,0,line_too_few_bands,0.0000,0.0000,0.0000,0.0000,0.0000,0,0.0000,0.0000,0.0000,0.0000,0.0000,IDLE,0,0,step_zone_after_max seek=3.11>2.40,0,0,0.000,1,1.3300,nan,0.0463,0.8559,9,5,0.6050,0.5642,0.5301,0.5642,0.0408,本圈台阶完成,1,0.0000,0.150,0.330
621.248,SEEK_ROUNDABOUT,20.457,1,3.112,line_lost_stop,0.0000,0.0000,0,line_too_few_bands,0.0000,0.0000,0.0000,0.0000,0.0000,0,0.0000,0.0000,0.0000,0.0000,0.0000,IDLE,0,0,step_zone_after_max seek=3.11>2.40,0,0,0.000,1,1.3300,nan,0.0471,0.8627,12,5,0.6050,0.5642,0.5301,0.5642,0.0408,本圈台阶完成,1,0.0000,0.150,0.330
621.376,SEEK_ROUNDABOUT,20.585,1,3.113,line_lost_stop,0.0000,0.0000,0,line_too_few_bands,0.0000,0.0000,0.0000,0.0000,0.0000,0,0.0000,0.0000,0.0000,0.0000,0.0000,IDLE,0,0,step_zone_after_max seek=3.11>2.40,0,0,0.000,1,1.3300,nan,0.0465,0.8893,16,5,0.6050,0.5642,0.5301,0.5642,0.0408,本圈台阶完成,1,0.0000,0.150,0.330
621.503,SEEK_ROUNDABOUT,20.712,1,3.113,line_lost_stop,0.0000,0.0000,0,line_too_few_bands,0.0000,0.0000,0.0000,0.0000,0.0000,0,0.0000,0.0000,0.0000,0.0000,0.0000,IDLE,0,0,step_zone_after_max seek=3.11>2.40,0,0,0.000,1,1.3300,nan,0.0473,0.8701,20,5,0.6050,0.5642,0.5301,0.5642,0.0408,本圈台阶完成,1,0.0000,0.150,0.330
621.638,SEEK_ROUNDABOUT,20.847,1,3.113,line_lost_stop,0.0000,0.0000,0,line_too_few_bands,0.0000,0.0000,0.0000,0.0000,0.0000,0,0.0000,0.0000,0.0000,0.0000,0.0000,IDLE,0,0,step_zone_after_max seek=3.11>2.40,0,0,0.000,1,1.3300,nan,0.0459,0.8415,24,5,0.6050,0.5642,0.5301,0.5642,0.0408,本圈台阶完成,1,0.0000,0.150,0.330
621.771,SEEK_ROUNDABOUT,20.980,1,3.113,line_lost_stop,0.0000,0.0000,0,line_too_few_bands,0.0000,0.0000,0.0000,0.0000,0.0000,0,0.0000,0.0000,0.0000,0.0000,0.0000,IDLE,0,0,step_zone_after_max seek=3.11>2.40,0,0,0.000,1,1.3200,nan,0.0484,0.8606,28,5,0.6050,0.5642,0.5301,0.5642,0.0408,本圈台阶完成,1,0.0000,0.150,0.330
621.915,SEEK_ROUNDABOUT,21.124,1,3.113,line_lost_stop,0.0000,0.0000,0,line_too_few_bands,0.0000,0.0000,0.0000,0.0000,0.0000,0,0.0000,0.0000,0.0000,0.0000,0.0000,IDLE,0,0,step_zone_after_max seek=3.11>2.40,0,0,0.000,0,nan,nan,nan,0.0000,0,5,0.6050,0.5642,0.5301,0.5642,0.0408,本圈台阶完成,1,0.0000,0.150,0.330
622.046,SEEK_ROUNDABOUT,21.255,1,3.113,line_lost_stop,0.0000,0.0000,0,line_too_few_bands,0.0000,0.0000,0.0000,0.0000,0.0000,0,0.0000,0.0000,0.0000,0.0000,0.0000,IDLE,0,0,step_zone_after_max seek=3.11>2.40,0,0,0.000,0,nan,nan,nan,0.0000,0,5,0.6050,0.5642,0.5301,0.5642,0.0408,本圈台阶完成,1,0.0000,0.150,0.330
622.175,SEEK_ROUNDABOUT,21.384,1,3.113,line_lost_stop,0.0000,0.0000,0,line_too_few_bands,0.0000,0.0000,0.0000,0.0000,0.0000,0,0.0000,0.0000,0.0000,0.0000,0.0000,IDLE,0,0,step_zone_after_max seek=3.11>2.40,0,0,0.000,0,nan,nan,nan,0.0000,0,5,0.6050,0.5642,0.5301,0.5642,0.0408,本圈台阶完成,1,0.0000,0.150,0.330
622.306,SEEK_ROUNDABOUT,21.515,1,3.113,line_lost_stop,0.0000,0.0000,0,line_too_few_bands,0.0000,0.0000,0.0000,0.0000,0.0000,0,0.0000,0.0000,0.0000,0.0000,0.0000,IDLE,0,0,step_zone_after_max seek=3.11>2.40,0,0,0.000,0,1.3200,nan,0.0483,0.8582,3,5,0.6050,0.5642,0.5301,0.5642,0.0408,本圈台阶完成,1,0.0000,0.150,0.330
622.439,SEEK_ROUNDABOUT,21.648,1,3.113,line_lost_stop,0.0000,0.0000,0,line_too_few_bands,0.0000,0.0000,0.0000,0.0000,0.0000,0,0.0000,0.0000,0.0000,0.0000,0.0000,IDLE,0,0,step_zone_after_max seek=3.11>2.40,0,0,0.000,0,1.3200,nan,0.0493,0.8838,1,5,0.6050,0.5642,0.5301,0.5642,0.0408,本圈台阶完成,1,0.0000,0.150,0.330
622.579,SEEK_ROUNDABOUT,21.788,1,3.113,line_lost_stop,0.0000,0.0000,0,line_too_few_bands,0.0000,0.0000,0.0000,0.0000,0.0000,0,0.0000,0.0000,0.0000,0.0000,0.0000,IDLE,0,0,step_zone_after_max seek=3.11>2.40,0,0,0.000,0,1.3200,nan,0.0489,0.8629,3,5,0.6050,0.5642,0.5301,0.5642,0.0408,本圈台阶完成,1,0.0000,0.150,0.330
622.715,SEEK_ROUNDABOUT,21.924,1,3.113,line_lost_stop,0.0000,0.0000,0,line_too_few_bands,0.0000,0.0000,0.0000,0.0000,0.0000,0,0.0000,0.0000,0.0000,0.0000,0.0000,IDLE,0,0,step_zone_after_max seek=3.11>2.40,0,0,0.000,0,1.3200,nan,0.0478,0.8443,1,5,0.6050,0.5642,0.5301,0.5642,0.0408,本圈台阶完成,1,0.0000,0.150,0.330
622.849,SEEK_ROUNDABOUT,22.058,1,3.113,line_lost_stop,0.0000,0.0000,0,line_too_few_bands,0.0000,0.0000,0.0000,0.0000,0.0000,0,0.0000,0.0000,0.0000,0.0000,0.0000,IDLE,0,0,step_zone_after_max seek=3.11>2.40,0,0,0.000,1,1.3200,nan,0.0473,0.8365,5,5,0.6050,0.5642,0.5301,0.5642,0.0408,本圈台阶完成,1,0.0000,0.150,0.330
622.981,SEEK_ROUNDABOUT,22.190,1,3.113,line_lost_stop,0.0000,0.0000,0,line_too_few_bands,0.0000,0.0000,0.0000,0.0000,0.0000,0,0.0000,0.0000,0.0000,0.0000,0.0000,IDLE,0,0,step_zone_after_max seek=3.11>2.40,0,0,0.000,1,1.3200,nan,0.0476,0.8375,9,5,0.6050,0.5642,0.5301,0.5642,0.0408,本圈台阶完成,1,0.0000,0.150,0.330
623.107,SEEK_ROUNDABOUT,22.316,1,3.113,line_lost_stop,0.0000,0.0000,0,line_too_few_bands,0.0000,0.0000,0.0000,0.0000,0.0000,0,0.0000,0.0000,0.0000,0.0000,0.0000,IDLE,0,0,step_zone_after_max seek=3.11>2.40,0,0,0.000,0,nan,nan,nan,0.0000,0,5,0.6050,0.5642,0.5301,0.5642,0.0408,本圈台阶完成,1,0.0000,0.150,0.330
623.235,SEEK_ROUNDABOUT,22.444,1,3.113,line_lost_stop,0.0000,0.0000,0,line_too_few_bands,0.0000,0.0000,0.0000,0.0000,0.0000,0,0.0000,0.0000,0.0000,0.0000,0.0000,IDLE,0,0,step_zone_after_max seek=3.11>2.40,0,0,0.000,0,1.3200,nan,0.0476,0.8540,2,5,0.6050,0.5642,0.5301,0.5642,0.0408,本圈台阶完成,1,0.0000,0.150,0.330
623.385,SEEK_ROUNDABOUT,22.594,1,3.113,line_lost_stop,0.0000,0.0000,0,line_too_few_bands,0.0000,0.0000,0.0000,0.0000,0.0000,0,0.0000,0.0000,0.0000,0.0000,0.0000,IDLE,0,0,step_zone_after_max seek=3.11>2.40,0,0,0.000,0,1.3200,nan,0.0468,0.8406,1,5,0.6050,0.5642,0.5301,0.5642,0.0408,本圈台阶完成,1,0.0000,0.150,0.330
623.520,SEEK_ROUNDABOUT,22.729,1,3.113,line_lost_stop,0.0000,0.0000,0,line_too_few_bands,0.0000,0.0000,0.0000,0.0000,0.0000,0,0.0000,0.0000,0.0000,0.0000,0.0000,IDLE,0,0,step_zone_after_max seek=3.11>2.40,0,0,0.000,1,1.3200,nan,0.0473,0.8376,5,5,0.6050,0.5642,0.5301,0.5642,0.0408,本圈台阶完成,1,0.0000,0.150,0.330
623.650,SEEK_ROUNDABOUT,22.859,1,3.113,line_lost_stop,0.0000,0.0000,0,line_too_few_bands,0.0000,0.0000,0.0000,0.0000,0.0000,0,0.0000,0.0000,0.0000,0.0000,0.0000,IDLE,0,0,step_zone_after_max seek=3.11>2.40,0,0,0.000,0,nan,nan,nan,0.0000,0,5,0.6050,0.5642,0.5301,0.5642,0.0408,本圈台阶完成,1,0.0000,0.150,0.330
623.787,SEEK_ROUNDABOUT,22.996,1,3.113,line_lost_stop,0.0000,0.0000,0,line_too_few_bands,0.0000,0.0000,0.0000,0.0000,0.0000,0,0.0000,0.0000,0.0000,0.0000,0.0000,IDLE,0,0,step_zone_after_max seek=3.11>2.40,0,0,0.000,0,1.3200,nan,0.0487,0.8639,1,5,0.6050,0.5642,0.5301,0.5642,0.0408,本圈台阶完成,1,0.0000,0.150,0.330
623.916,SEEK_ROUNDABOUT,23.125,1,3.113,line_lost_stop,0.0000,0.0000,0,line_too_few_bands,0.0000,0.0000,0.0000,0.0000,0.0000,0,0.0000,0.0000,0.0000,0.0000,0.0000,IDLE,0,0,step_zone_after_max seek=3.11>2.40,0,0,0.000,0,1.3200,nan,0.0503,0.8795,4,5,0.6050,0.5642,0.5301,0.5642,0.0408,本圈台阶完成,1,0.0000,0.150,0.330
624.051,SEEK_ROUNDABOUT,23.260,1,3.113,line_lost_stop,0.0000,0.0000,0,line_too_few_bands,0.0000,0.0000,0.0000,0.0000,0.0000,0,0.0000,0.0000,0.0000,0.0000,0.0000,IDLE,0,0,step_zone_after_max seek=3.11>2.40,0,0,0.000,1,1.3200,nan,0.0487,0.8603,8,5,0.6050,0.5642,0.5301,0.5642,0.0408,本圈台阶完成,1,0.0000,0.150,0.330
624.189,SEEK_ROUNDABOUT,23.398,1,3.113,line_lost_stop,0.0000,0.0000,0,line_too_few_bands,0.0000,0.0000,0.0000,0.0000,0.0000,0,0.0000,0.0000,0.0000,0.0000,0.0000,IDLE,0,0,step_zone_after_max seek=3.11>2.40,0,0,0.000,0,1.3200,nan,0.0475,0.8429,1,5,0.6050,0.5642,0.5301,0.5642,0.0408,本圈台阶完成,1,0.0000,0.150,0.330
624.317,SEEK_ROUNDABOUT,23.526,1,3.113,line_lost_stop,0.0000,0.0000,0,line_too_few_bands,0.0000,0.0000,0.0000,0.0000,0.0000,0,0.0000,0.0000,0.0000,0.0000,0.0000,IDLE,0,0,step_zone_after_max seek=3.11>2.40,0,0,0.000,0,nan,nan,nan,0.0000,0,5,0.6050,0.5642,0.5301,0.5642,0.0408,本圈台阶完成,1,0.0000,0.150,0.330
624.441,SEEK_ROUNDABOUT,23.650,1,3.113,line_lost_stop,0.0000,0.0000,0,line_too_few_bands,0.0000,0.0000,0.0000,0.0000,0.0000,0,0.0000,0.0000,0.0000,0.0000,0.0000,IDLE,0,0,step_zone_after_max seek=3.11>2.40,0,0,0.000,0,1.3200,nan,0.0482,0.8552,1,5,0.6050,0.5642,0.5301,0.5642,0.0408,本圈台阶完成,1,0.0000,0.150,0.330
624.575,SEEK_ROUNDABOUT,23.784,1,3.113,line_lost_stop,0.0000,0.0000,0,line_too_few_bands,0.0000,0.0000,0.0000,0.0000,0.0000,0,0.0000,0.0000,0.0000,0.0000,0.0000,IDLE,0,0,step_zone_after_max seek=3.11>2.40,0,0,0.000,0,1.3200,nan,0.0476,0.8602,1,5,0.6050,0.5642,0.5301,0.5642,0.0408,本圈台阶完成,1,0.0000,0.150,0.330
624.703,SEEK_ROUNDABOUT,23.912,1,3.113,line_lost_stop,0.0000,0.0000,0,line_too_few_bands,0.0000,0.0000,0.0000,0.0000,0.0000,0,0.0000,0.0000,0.0000,0.0000,0.0000,IDLE,0,0,step_zone_after_max seek=3.11>2.40,0,0,0.000,1,1.3200,nan,0.0474,0.8462,5,5,0.6050,0.5642,0.5301,0.5642,0.0408,本圈台阶完成,1,0.0000,0.150,0.330
624.838,SEEK_ROUNDABOUT,24.047,1,3.113,line_lost_stop,0.0000,0.0000,0,line_too_few_bands,0.0000,0.0000,0.0000,0.0000,0.0000,0,0.0000,0.0000,0.0000,0.0000,0.0000,IDLE,0,0,step_zone_after_max seek=3.11>2.40,0,0,0.000,0,1.3200,nan,0.0472,0.8576,3,5,0.6050,0.5642,0.5301,0.5642,0.0408,本圈台阶完成,1,0.0000,0.150,0.330
624.970,SEEK_ROUNDABOUT,24.179,1,3.113,line_lost_stop,0.0000,0.0000,0,line_too_few_bands,0.0000,0.0000,0.0000,0.0000,0.0000,0,0.0000,0.0000,0.0000,0.0000,0.0000,IDLE,0,0,step_zone_after_max seek=3.11>2.40,0,0,0.000,0,1.3200,nan,0.0480,0.8715,1,5,0.6050,0.5642,0.5301,0.5642,0.0408,本圈台阶完成,1,0.0000,0.150,0.330
625.098,SEEK_ROUNDABOUT,24.307,1,3.113,line_lost_stop,0.0000,0.0000,0,line_too_few_bands,0.0000,0.0000,0.0000,0.0000,0.0000,0,0.0000,0.0000,0.0000,0.0000,0.0000,IDLE,0,0,step_zone_after_max seek=3.11>2.40,0,0,0.000,1,1.3200,nan,0.0490,0.8675,5,5,0.6050,0.5642,0.5301,0.5642,0.0408,本圈台阶完成,1,0.0000,0.150,0.330
625.226,SEEK_ROUNDABOUT,24.435,1,3.113,line_lost_stop,0.0000,0.0000,0,line_too_few_bands,0.0000,0.0000,0.0000,0.0000,0.0000,0,0.0000,0.0000,0.0000,0.0000,0.0000,IDLE,0,0,step_zone_after_max seek=3.11>2.40,0,0,0.000,0,1.3200,nan,0.0483,0.8737,1,5,0.6050,0.5642,0.5301,0.5642,0.0408,本圈台阶完成,1,0.0000,0.150,0.330
625.352,SEEK_ROUNDABOUT,24.561,1,3.113,line_lost_stop,0.0000,0.0000,0,line_too_few_bands,0.0000,0.0000,0.0000,0.0000,0.0000,0,0.0000,0.0000,0.0000,0.0000,0.0000,IDLE,0,0,step_zone_after_max seek=3.11>2.40,0,0,0.000,0,1.3250,nan,0.0477,0.8497,1,5,0.6050,0.5642,0.5301,0.5642,0.0408,本圈台阶完成,1,0.0000,0.150,0.330
625.481,SEEK_ROUNDABOUT,24.690,1,3.113,line_lost_stop,0.0000,0.0000,0,line_too_few_bands,0.0000,0.0000,0.0000,0.0000,0.0000,0,0.0000,0.0000,0.0000,0.0000,0.0000,IDLE,0,0,step_zone_after_max seek=3.11>2.40,0,0,0.000,0,nan,nan,nan,0.0000,0,5,0.6050,0.5642,0.5301,0.5642,0.0408,本圈台阶完成,1,0.0000,0.150,0.330
625.616,SEEK_ROUNDABOUT,24.825,1,3.113,line_lost_stop,0.0000,0.0000,0,line_too_few_bands,0.0000,0.0000,0.0000,0.0000,0.0000,0,0.0000,0.0000,0.0000,0.0000,0.0000,IDLE,0,0,step_zone_after_max seek=3.11>2.40,0,0,0.000,0,1.3200,nan,0.0484,0.8636,4,5,0.6050,0.5642,0.5301,0.5642,0.0408,本圈台阶完成,1,0.0000,0.150,0.330
625.765,SEEK_ROUNDABOUT,24.974,1,3.113,line_lost_stop,0.0000,0.0000,0,line_too_few_bands,0.0000,0.0000,0.0000,0.0000,0.0000,0,0.0000,0.0000,0.0000,0.0000,0.0000,IDLE,0,0,step_zone_after_max seek=3.11>2.40,0,0,0.000,1,1.3200,nan,0.0482,0.8657,8,5,0.6050,0.5642,0.5301,0.5642,0.0408,本圈台阶完成,1,0.0000,0.150,0.330
625.895,SEEK_ROUNDABOUT,25.104,1,3.113,line_lost_stop,0.0000,0.0000,0,line_too_few_bands,0.0000,0.0000,0.0000,0.0000,0.0000,0,0.0000,0.0000,0.0000,0.0000,0.0000,IDLE,0,0,step_zone_after_max seek=3.11>2.40,0,0,0.000,0,1.3200,nan,0.0473,0.8511,3,5,0.6050,0.5642,0.5301,0.5642,0.0408,本圈台阶完成,1,0.0000,0.150,0.330
626.056,SEEK_ROUNDABOUT,25.265,1,3.113,line_lost_stop,0.0000,0.0000,0,line_too_few_bands,0.0000,0.0000,0.0000,0.0000,0.0000,0,0.0000,0.0000,0.0000,0.0000,0.0000,IDLE,0,0,step_zone_after_max seek=3.11>2.40,0,0,0.000,1,1.3200,nan,0.0489,0.8753,7,5,0.6050,0.5642,0.5301,0.5642,0.0408,本圈台阶完成,1,0.0000,0.150,0.330
626.186,SEEK_ROUNDABOUT,25.395,1,3.113,line_lost_stop,0.0000,0.0000,0,line_too_few_bands,0.0000,0.0000,0.0000,0.0000,0.0000,0,0.0000,0.0000,0.0000,0.0000,0.0000,IDLE,0,0,step_zone_after_max seek=3.11>2.40,0,0,0.000,0,nan,nan,nan,0.0000,0,5,0.6050,0.5642,0.5301,0.5642,0.0408,本圈台阶完成,1,0.0000,0.150,0.330
626.318,SEEK_ROUNDABOUT,25.527,1,3.113,line_lost_stop,0.0000,0.0000,0,line_too_few_bands,0.0000,0.0000,0.0000,0.0000,0.0000,0,0.0000,0.0000,0.0000,0.0000,0.0000,IDLE,0,0,step_zone_after_max seek=3.11>2.40,0,0,0.000,0,1.3250,nan,0.0470,0.8557,3,5,0.6050,0.5642,0.5301,0.5642,0.0408,本圈台阶完成,1,0.0000,0.150,0.330
626.460,SEEK_ROUNDABOUT,25.669,1,3.113,line_lost_stop,0.0000,0.0000,0,line_too_few_bands,0.0000,0.0000,0.0000,0.0000,0.0000,0,0.0000,0.0000,0.0000,0.0000,0.0000,IDLE,0,0,step_zone_after_max seek=3.11>2.40,0,0,0.000,1,1.3200,nan,0.0487,0.8643,7,5,0.6050,0.5642,0.5301,0.5642,0.0408,本圈台阶完成,1,0.0000,0.150,0.330
626.591,SEEK_ROUNDABOUT,25.799,1,3.113,line_lost_stop,0.0000,0.0000,0,line_too_few_bands,0.0000,0.0000,0.0000,0.0000,0.0000,0,0.0000,0.0000,0.0000,0.0000,0.0000,IDLE,0,0,step_zone_after_max seek=3.11>2.40,0,0,0.000,0,1.3200,nan,0.0492,0.8821,1,5,0.6050,0.5642,0.5301,0.5642,0.0408,本圈台阶完成,1,0.0000,0.150,0.330
626.730,SEEK_ROUNDABOUT,25.939,1,3.113,line_lost_stop,0.0000,0.0000,0,line_too_few_bands,0.0000,0.0000,0.0000,0.0000,0.0000,0,0.0000,0.0000,0.0000,0.0000,0.0000,IDLE,0,0,step_zone_after_max seek=3.11>2.40,0,0,0.000,0,1.3200,nan,0.0482,0.8633,1,5,0.6050,0.5642,0.5301,0.5642,0.0408,本圈台阶完成,1,0.0000,0.150,0.330
626.863,SEEK_ROUNDABOUT,26.072,1,3.113,line_lost_stop,0.0000,0.0000,0,line_too_few_bands,0.0000,0.0000,0.0000,0.0000,0.0000,0,0.0000,0.0000,0.0000,0.0000,0.0000,IDLE,0,0,step_zone_after_max seek=3.11>2.40,0,0,0.000,0,1.3300,nan,0.0469,0.8497,1,5,0.6050,0.5642,0.5301,0.5642,0.0408,本圈台阶完成,1,0.0000,0.150,0.330
626.994,SEEK_ROUNDABOUT,26.203,1,3.113,line_lost_stop,0.0000,0.0000,0,line_too_few_bands,0.0000,0.0000,0.0000,0.0000,0.0000,0,0.0000,0.0000,0.0000,0.0000,0.0000,IDLE,0,0,step_zone_after_max seek=3.11>2.40,0,0,0.000,0,1.3200,nan,0.0501,0.8956,2,5,0.6050,0.5642,0.5301,0.5642,0.0408,本圈台阶完成,1,0.0000,0.150,0.330
627.129,SEEK_ROUNDABOUT,26.338,1,3.113,line_lost_stop,0.0000,0.0000,0,line_too_few_bands,0.0000,0.0000,0.0000,0.0000,0.0000,0,0.0000,0.0000,0.0000,0.0000,0.0000,IDLE,0,0,step_zone_after_max seek=3.11>2.40,0,0,0.000,0,1.3200,nan,0.0493,0.8825,1,5,0.6050,0.5642,0.5301,0.5642,0.0408,本圈台阶完成,1,0.0000,0.150,0.330
