t,phase,phase_age,lap,seek_distance,roundabout_gate_score,roundabout_gate_evidence,roundabout_gate_source,first_roundabout_gate_seek,roundabout_entry_age,roundabout_entry_disp,mode,cmd_v,cmd_w,line_valid,line_reason,line_error,near_error,mid_error,far_error,line_confidence,valid_bands,near_mid_delta,mid_far_delta,near_far_delta,center_error,last_cmd_w,step_state,step_done_this_lap,step_waiting_alignment,step_align_reason,step_fixed_latched,step_reverse_active,step_candidate_evidence,step_detected,step_distance,step_filtered_distance,step_height,step_confidence,step_confirm_frames,step_required_frames,step_target_travel,step_commanded_traveled,step_odom_traveled,step_trigger_traveled,step_remaining,step_stop_reason,odom_fresh,yaw_error,jump_profile_min,jump_profile_max
5418.372,SEEK_ROUNDABOUT,1.399,0,0.000,0.0000,0.0000,none,,,,camera_timeout,0.0000,0.0000,0,,nan,nan,nan,nan,0.0000,0,nan,nan,nan,nan,0.0000,IDLE,0,0,waiting_detection,0,0,0.000,0,nan,nan,nan,0.0000,0,5,0.0000,0.0000,0.0000,0.0000,0.0000,等待台阶,1,0.0000,0.150,0.330
5418.438,SEEK_ROUNDABOUT,1.464,0,0.000,0.0000,0.0000,none,,,,camera_timeout,0.0000,0.0000,0,,nan,nan,nan,nan,0.0000,0,nan,nan,nan,nan,0.0000,IDLE,0,0,waiting_detection,0,0,0.000,0,nan,nan,nan,0.0000,0,5,0.0000,0.0000,0.0000,0.0000,0.0000,等待台阶,1,0.0000,0.150,0.330
5418.505,SEEK_ROUNDABOUT,1.531,0,0.000,0.0000,0.0000,none,,,,camera_timeout,0.0000,0.0000,0,,nan,nan,nan,nan,0.0000,0,nan,nan,nan,nan,0.0000,IDLE,0,0,waiting_detection,0,0,0.000,0,nan,nan,nan,0.0000,0,5,0.0000,0.0000,0.0000,0.0000,0.0000,等待台阶,1,0.0000,0.150,0.330
5418.571,SEEK_ROUNDABOUT,1.598,0,0.000,0.0000,0.0000,none,,,,camera_timeout,0.0000,0.0000,0,,nan,nan,nan,nan,0.0000,0,nan,nan,nan,nan,0.0000,IDLE,0,0,waiting_detection,0,0,0.000,0,nan,nan,nan,0.0000,0,5,0.0000,0.0000,0.0000,0.0000,0.0000,等待台阶,1,0.0000,0.150,0.330
5418.638,SEEK_ROUNDABOUT,1.664,0,0.000,0.0000,0.0000,none,,,,camera_timeout,0.0000,0.0000,0,,nan,nan,nan,nan,0.0000,0,nan,nan,nan,nan,0.0000,IDLE,0,0,waiting_detection,0,0,0.000,0,nan,nan,nan,0.0000,0,5,0.0000,0.0000,0.0000,0.0000,0.0000,等待台阶,1,0.0000,0.150,0.330
5418.704,SEEK_ROUNDABOUT,1.731,0,0.000,0.0000,0.0000,none,,,,camera_timeout,0.0000,0.0000,0,,nan,nan,nan,nan,0.0000,0,nan,nan,nan,nan,0.0000,IDLE,0,0,waiting_detection,0,0,0.000,0,nan,nan,nan,0.0000,0,5,0.0000,0.0000,0.0000,0.0000,0.0000,等待台阶,1,0.0000,0.150,0.330
5418.771,SEEK_ROUNDABOUT,1.797,0,0.000,0.0000,0.0000,none,,,,camera_timeout,0.0000,0.0000,0,,nan,nan,nan,nan,0.0000,0,nan,nan,nan,nan,0.0000,IDLE,0,0,waiting_detection,0,0,0.000,0,nan,nan,nan,0.0000,0,5,0.0000,0.0000,0.0000,0.0000,0.0000,等待台阶,1,0.0000,0.150,0.330
5418.838,SEEK_ROUNDABOUT,1.864,0,0.000,0.0000,0.0000,none,,,,camera_timeout,0.0000,0.0000,0,,nan,nan,nan,nan,0.0000,0,nan,nan,nan,nan,0.0000,IDLE,0,0,waiting_detection,0,0,0.000,0,nan,nan,nan,0.0000,0,5,0.0000,0.0000,0.0000,0.0000,0.0000,等待台阶,1,0.0000,0.150,0.330
5418.904,SEEK_ROUNDABOUT,1.931,0,0.000,0.0000,0.0000,none,,,,camera_timeout,0.0000,0.0000,0,,nan,nan,nan,nan,0.0000,0,nan,nan,nan,nan,0.0000,IDLE,0,0,waiting_detection,0,0,0.000,0,nan,nan,nan,0.0000,0,5,0.0000,0.0000,0.0000,0.0000,0.0000,等待台阶,1,0.0000,0.150,0.330
5418.971,SEEK_ROUNDABOUT,1.998,0,0.000,0.0000,0.0000,none,,,,camera_timeout,0.0000,0.0000,0,,nan,nan,nan,nan,0.0000,0,nan,nan,nan,nan,0.0000,IDLE,0,0,waiting_detection,0,0,0.000,0,nan,nan,nan,0.0000,0,5,0.0000,0.0000,0.0000,0.0000,0.0000,等待台阶,1,0.0000,0.150,0.330
5419.038,SEEK_ROUNDABOUT,2.064,0,0.000,0.0000,0.0000,none,,,,camera_timeout,0.0000,0.0000,0,,nan,nan,nan,nan,0.0000,0,nan,nan,nan,nan,0.0000,IDLE,0,0,waiting_detection,0,0,0.000,0,nan,nan,nan,0.0000,0,5,0.0000,0.0000,0.0000,0.0000,0.0000,等待台阶,1,0.0000,0.150,0.330
5419.105,SEEK_ROUNDABOUT,2.131,0,0.000,0.0000,0.0000,none,,,,camera_timeout,0.0000,0.0000,0,,nan,nan,nan,nan,0.0000,0,nan,nan,nan,nan,0.0000,IDLE,0,0,waiting_detection,0,0,0.000,0,nan,nan,nan,0.0000,0,5,0.0000,0.0000,0.0000,0.0000,0.0000,等待台阶,1,0.0000,0.150,0.330
5419.171,SEEK_ROUNDABOUT,2.197,0,0.000,0.0000,0.0000,none,,,,camera_timeout,0.0000,0.0000,0,,nan,nan,nan,nan,0.0000,0,nan,nan,nan,nan,0.0000,IDLE,0,0,waiting_detection,0,0,0.000,0,nan,nan,nan,0.0000,0,5,0.0000,0.0000,0.0000,0.0000,0.0000,等待台阶,1,0.0000,0.150,0.330
5419.238,SEEK_ROUNDABOUT,2.264,0,0.000,0.0000,0.0000,none,,,,camera_timeout,0.0000,0.0000,0,,nan,nan,nan,nan,0.0000,0,nan,nan,nan,nan,0.0000,IDLE,0,0,waiting_detection,0,0,0.000,0,nan,nan,nan,0.0000,0,5,0.0000,0.0000,0.0000,0.0000,0.0000,等待台阶,1,0.0000,0.150,0.330
5419.304,SEEK_ROUNDABOUT,2.331,0,0.000,0.0000,0.0000,none,,,,camera_timeout,0.0000,0.0000,0,,nan,nan,nan,nan,0.0000,0,nan,nan,nan,nan,0.0000,IDLE,0,0,waiting_detection,0,0,0.000,0,nan,nan,nan,0.0000,0,5,0.0000,0.0000,0.0000,0.0000,0.0000,等待台阶,1,0.0000,0.150,0.330
5419.371,SEEK_ROUNDABOUT,2.397,0,0.000,0.0000,0.0000,none,,,,camera_timeout,0.0000,0.0000,0,,nan,nan,nan,nan,0.0000,0,nan,nan,nan,nan,0.0000,IDLE,0,0,waiting_detection,0,0,0.000,0,nan,nan,nan,0.0000,0,5,0.0000,0.0000,0.0000,0.0000,0.0000,等待台阶,1,0.0000,0.150,0.330
5419.438,SEEK_ROUNDABOUT,2.464,0,0.000,0.0000,0.0000,none,,,,camera_timeout,0.0000,0.0000,0,,nan,nan,nan,nan,0.0000,0,nan,nan,nan,nan,0.0000,IDLE,0,0,waiting_detection,0,0,0.000,0,nan,nan,nan,0.0000,0,5,0.0000,0.0000,0.0000,0.0000,0.0000,等待台阶,1,0.0000,0.150,0.330
5419.505,SEEK_ROUNDABOUT,2.531,0,0.000,0.0000,0.0000,none,,,,camera_timeout,0.0000,0.0000,0,,nan,nan,nan,nan,0.0000,0,nan,nan,nan,nan,0.0000,IDLE,0,0,waiting_detection,0,0,0.000,0,nan,nan,nan,0.0000,0,5,0.0000,0.0000,0.0000,0.0000,0.0000,等待台阶,1,0.0000,0.150,0.330
5419.571,SEEK_ROUNDABOUT,2.598,0,0.000,0.0000,0.0000,none,,,,camera_timeout,0.0000,0.0000,0,,nan,nan,nan,nan,0.0000,0,nan,nan,nan,nan,0.0000,IDLE,0,0,waiting_detection,0,0,0.000,0,nan,nan,nan,0.0000,0,5,0.0000,0.0000,0.0000,0.0000,0.0000,等待台阶,1,0.0000,0.150,0.330
5419.638,SEEK_ROUNDABOUT,2.664,0,0.000,0.0000,0.0000,none,,,,camera_timeout,0.0000,0.0000,0,,nan,nan,nan,nan,0.0000,0,nan,nan,nan,nan,0.0000,IDLE,0,0,waiting_detection,0,0,0.000,0,nan,nan,nan,0.0000,0,5,0.0000,0.0000,0.0000,0.0000,0.0000,等待台阶,1,0.0000,0.150,0.330
5419.705,SEEK_ROUNDABOUT,2.731,0,0.000,0.0000,0.0000,none,,,,camera_timeout,0.0000,0.0000,0,,nan,nan,nan,nan,0.0000,0,nan,nan,nan,nan,0.0000,IDLE,0,0,waiting_detection,0,0,0.000,0,nan,nan,nan,0.0000,0,5,0.0000,0.0000,0.0000,0.0000,0.0000,等待台阶,1,0.0000,0.150,0.330
5419.772,SEEK_ROUNDABOUT,2.798,0,0.000,0.0000,0.0000,none,,,,camera_timeout,0.0000,0.0000,0,,nan,nan,nan,nan,0.0000,0,nan,nan,nan,nan,0.0000,IDLE,0,0,waiting_detection,0,0,0.000,0,nan,nan,nan,0.0000,0,5,0.0000,0.0000,0.0000,0.0000,0.0000,等待台阶,1,0.0000,0.150,0.330
5419.838,SEEK_ROUNDABOUT,0.000,0,0.000,0.0000,0.0000,none,,,,tracking,0.0507,-0.0092,1,line_curve_center_riding,0.0085,0.0101,-0.0163,-0.1738,0.9704,8,0.0263,0.1576,0.1839,-0.0600,-0.0092,IDLE,0,0,step_zone_before_min seek=0.00<1.25,0,0,0.000,0,nan,nan,nan,0.0000,0,5,0.0000,0.0000,0.0000,0.0000,0.0000,等待台阶,1,0.0000,0.150,0.330
5419.988,SEEK_ROUNDABOUT,0.150,0,0.000,0.0000,0.0000,none,,,,tracking,0.1013,-0.0067,1,line_curve_center_riding,0.0042,0.0051,-0.0099,-0.1773,0.9681,8,0.0150,0.1674,0.1824,-0.0607,-0.0067,IDLE,0,0,step_zone_before_min seek=0.00<1.25,0,0,0.000,0,nan,nan,nan,0.0000,0,5,0.0000,0.0000,0.0000,0.0000,0.0000,等待台阶,1,0.0000,0.150,0.330
5420.063,SEEK_ROUNDABOUT,0.225,0,0.000,0.0000,0.0000,none,,,,tracking,0.1298,-0.0123,1,line_curve_center_riding,0.0150,0.0163,-0.0065,-0.1826,0.9671,8,0.0228,0.1762,0.1990,-0.0576,-0.0123,IDLE,0,0,step_zone_before_min seek=0.00<1.25,0,0,0.000,0,nan,nan,nan,0.0000,0,5,0.0000,0.0000,0.0000,0.0000,0.0000,等待台阶,1,0.0000,0.150,0.330
5420.168,SEEK_ROUNDABOUT,0.329,0,0.000,0.0000,0.0000,none,,,,tracking,0.1694,-0.0173,1,line_curve_center_riding,0.0203,0.0218,-0.0022,-0.1844,0.9658,8,0.0240,0.1822,0.2062,-0.0550,-0.0173,IDLE,0,0,step_zone_before_min seek=0.00<1.25,0,0,0.000,0,nan,nan,nan,0.0000,0,5,0.0000,0.0000,0.0000,0.0000,0.0000,等待台阶,1,0.0000,0.150,0.330
5420.263,SEEK_ROUNDABOUT,0.425,0,0.001,0.0000,0.0000,none,,,,tracking,0.1700,-0.0120,1,line_curve_center_riding,0.0080,0.0096,-0.0171,-0.1837,0.9688,8,0.0267,0.1666,0.1933,-0.0638,-0.0120,IDLE,0,0,step_zone_before_min seek=0.00<1.25,0,0,0.000,0,nan,nan,nan,0.0000,0,5,0.0000,0.0000,0.0000,0.0000,0.0000,等待台阶,1,0.0000,0.150,0.330
5420.582,SEEK_ROUNDABOUT,0.743,0,0.002,0.0000,0.0000,none,,,,tracking,0.2207,0.0144,1,line_center_tracking,-0.0380,-0.0371,-0.0402,-0.1892,0.9710,8,0.0030,0.1491,0.1521,-0.0888,0.0144,IDLE,0,0,step_zone_before_min seek=0.00<1.25,0,0,0.000,0,nan,nan,nan,0.0000,0,5,0.0000,0.0000,0.0000,0.0000,0.0000,等待台阶,1,0.0000,0.150,0.330
5420.805,SEEK_ROUNDABOUT,0.967,0,0.006,0.0000,0.0000,none,,,,tracking,0.2337,0.0288,1,line_center_tracking,-0.0403,-0.0346,-0.0548,-0.1737,0.9771,8,0.0201,0.1189,0.1390,-0.0877,0.0288,IDLE,0,0,step_zone_before_min seek=0.00<1.25,0,0,0.000,0,nan,nan,nan,0.0000,0,5,0.0000,0.0000,0.0000,0.0000,0.0000,等待台阶,1,0.0000,0.150,0.330
5420.990,SEEK_ROUNDABOUT,1.151,0,0.006,0.0000,0.0000,none,,,,tracking,0.2364,0.0345,1,line_center_tracking,-0.0377,-0.0323,-0.0517,-0.1513,0.9776,8,0.0194,0.0996,0.1190,-0.0785,0.0345,IDLE,0,0,step_zone_before_min seek=0.01<1.25,0,0,0.000,0,nan,nan,nan,0.0000,0,5,0.0000,0.0000,0.0000,0.0000,0.0000,等待台阶,1,0.0000,0.150,0.330
5421.157,SEEK_ROUNDABOUT,1.318,0,0.015,0.0000,0.0000,none,,,,tracking,0.2361,0.0320,1,line_center_tracking,-0.0280,-0.0213,-0.0451,-0.1463,0.9800,8,0.0238,0.1012,0.1249,-0.0709,0.0320,IDLE,0,0,step_zone_before_min seek=0.01<1.25,0,0,0.000,0,nan,nan,nan,0.0000,0,5,0.0000,0.0000,0.0000,0.0000,0.0000,等待台阶,1,0.0000,0.150,0.330
5421.318,SEEK_ROUNDABOUT,1.479,0,0.033,0.0000,0.0000,none,,,,tracking,0.2348,0.0286,1,line_center_tracking,-0.0235,-0.0181,-0.0375,-0.1488,0.9759,8,0.0194,0.1114,0.1308,-0.0681,0.0286,IDLE,0,0,step_zone_before_min seek=0.02<1.25,0,0,0.000,0,nan,nan,nan,0.0000,0,5,0.0000,0.0000,0.0000,0.0000,0.0000,等待台阶,1,0.0000,0.150,0.330
5421.498,SEEK_ROUNDABOUT,1.660,0,0.064,0.0000,0.0000,none,,,,tracking,0.1841,0.0025,1,line_curve_center_riding,0.0199,0.0216,-0.0055,-0.1573,0.9723,8,0.0271,0.1518,0.1789,-0.0471,0.0025,IDLE,0,0,step_zone_before_min seek=0.03<1.25,0,0,0.000,0,nan,nan,nan,0.0000,0,5,0.0000,0.0000,0.0000,0.0000,0.0000,等待台阶,1,0.0000,0.150,0.330
5421.655,SEEK_ROUNDABOUT,1.816,0,0.098,0.0000,0.0000,none,,,,tracking,0.1700,-0.0325,1,line_curve_center_riding,0.0605,0.0624,0.0313,-0.1685,0.9623,8,0.0311,0.1998,0.2308,-0.0249,-0.0325,IDLE,0,0,step_zone_before_min seek=0.06<1.25,0,0,0.000,0,nan,nan,nan,0.0000,0,5,0.0000,0.0000,0.0000,0.0000,0.0000,等待台阶,1,0.0000,0.150,0.330
5421.828,SEEK_ROUNDABOUT,1.990,0,0.159,0.0000,0.0000,none,,,,tracking,0.1700,-0.0591,1,line_curve_center_riding,0.0799,0.0836,0.0209,-0.2040,0.8818,7,0.0627,0.2249,0.2876,-0.0332,-0.0591,IDLE,0,0,step_zone_before_min seek=0.10<1.25,0,0,0.000,0,nan,nan,nan,0.0000,0,5,0.0000,0.0000,0.0000,0.0000,0.0000,等待台阶,1,0.0000,0.150,0.330
5422.008,SEEK_ROUNDABOUT,2.169,0,0.222,0.0000,0.0000,none,,,,tracking,0.1450,-0.1169,1,line_curve_center_riding,0.1590,0.1657,0.0545,-0.2990,0.8641,7,0.1111,0.3535,0.4647,-0.0263,-0.1169,IDLE,0,0,step_zone_before_min seek=0.16<1.25,0,0,0.000,0,nan,nan,nan,0.0000,0,5,0.0000,0.0000,0.0000,0.0000,0.0000,等待台阶,1,0.0000,0.150,0.330
5422.177,SEEK_ROUNDABOUT,2.338,0,0.275,0.0000,0.0000,none,,,,tracking,0.1450,-0.1070,1,line_curve_center_riding,0.0952,0.1071,-0.0907,-0.3265,0.7707,6,0.1978,0.2358,0.4336,-0.1034,-0.1070,IDLE,0,0,step_zone_before_min seek=0.22<1.25,0,0,0.000,0,nan,nan,nan,0.0000,0,5,0.0000,0.0000,0.0000,0.0000,0.0000,等待台阶,1,0.0000,0.150,0.330
5422.332,SEEK_ROUNDABOUT,2.494,0,0.351,0.0000,0.0000,none,,,,tracking,0.1450,-0.0524,1,line_curve_center_riding,0.0035,0.0204,-0.2600,-0.3216,0.6816,5,0.2803,0.0616,0.3419,-0.1871,-0.0524,IDLE,0,0,step_zone_before_min seek=0.28<1.25,0,0,0.000,0,nan,nan,nan,0.0000,0,5,0.0000,0.0000,0.0000,0.0000,0.0000,等待台阶,1,0.0000,0.150,0.330
5422.483,SEEK_ROUNDABOUT,2.645,0,0.422,0.0000,0.0000,none,,,,tracking,0.1450,0.0065,1,line_curve_center_riding,-0.0582,-0.0378,-0.3782,-0.4448,0.6685,5,0.3405,0.0666,0.4071,-0.2869,0.0065,IDLE,0,0,step_zone_before_min seek=0.35<1.25,0,0,0.000,0,nan,nan,nan,0.0000,0,5,0.0000,0.0000,0.0000,0.0000,0.0000,等待台阶,1,0.0000,0.150,0.330
5422.651,SEEK_ROUNDABOUT,2.812,0,0.480,0.0000,0.0000,none,,,,tracking,0.1450,0.0696,1,line_curve_center_riding,-0.1220,-0.0985,-0.4899,-0.4899,0.4550,3,0.3914,0.0000,0.3914,-0.3594,0.0696,IDLE,0,0,step_zone_before_min seek=0.42<1.25,0,0,0.000,0,nan,nan,nan,0.0000,0,5,0.0000,0.0000,0.0000,0.0000,0.0000,等待台阶,1,0.0000,0.150,0.330
5422.802,SEEK_ROUNDABOUT,2.963,0,0.537,0.0000,0.0000,none,,,,tracking,0.1700,0.2705,1,line_curve_center_riding,-0.4185,-0.4078,-0.5866,-0.5866,0.4737,3,0.1788,0.0000,0.1788,-0.5270,0.2705,IDLE,0,0,step_zone_before_min seek=0.48<1.25,0,0,0.000,0,nan,nan,nan,0.0000,0,5,0.0000,0.0000,0.0000,0.0000,0.0000,等待台阶,1,0.0000,0.150,0.330
5422.958,SEEK_ROUNDABOUT,3.120,0,0.579,0.0000,0.0000,none,,,,tracking,0.1193,0.4268,1,line_hard_turn_centering,-0.5398,-0.5381,-0.5546,-0.5546,0.4287,2,0.0165,0.0000,0.0165,-0.5491,0.4268,IDLE,0,0,step_zone_before_min seek=0.54<1.25,0,0,0.000,0,nan,nan,nan,0.0000,0,5,0.0000,0.0000,0.0000,0.0000,0.0000,等待台阶,1,0.0000,0.150,0.330
5423.105,SEEK_ROUNDABOUT,3.267,0,0.615,0.0000,0.0000,none,,,,tracking,0.1050,0.5303,1,line_hard_turn_centering,-0.5882,-0.5861,-0.6071,-0.6071,0.4161,2,0.0210,0.0000,0.0210,-0.6001,0.5303,IDLE,0,0,step_zone_before_min seek=0.58<1.25,0,0,0.000,0,nan,nan,nan,0.0000,0,5,0.0000,0.0000,0.0000,0.0000,0.0000,等待台阶,1,0.0000,0.150,0.330
5423.250,SEEK_ROUNDABOUT,3.412,0,0.651,0.0000,0.0000,none,,,,tracking,0.1050,0.5478,1,line_hard_turn_centering,-0.5311,-0.5284,-0.5552,-0.5552,0.3996,2,0.0268,0.0000,0.0268,-0.5463,0.5478,IDLE,0,0,step_zone_before_min seek=0.61<1.25,0,0,0.000,0,nan,nan,nan,0.0000,0,5,0.0000,0.0000,0.0000,0.0000,0.0000,等待台阶,1,0.0000,0.150,0.330
5423.406,SEEK_ROUNDABOUT,3.567,0,0.690,0.0000,0.0000,none,,,,line_bridge_loss,0.0543,0.2191,0,line_too_few_bands,0.0000,0.0000,0.0000,0.0000,0.0000,1,0.0000,0.0000,0.0000,0.0000,0.2191,IDLE,0,0,step_zone_before_min seek=0.65<1.25,0,0,0.000,0,1.4200,nan,0.0466,0.9272,2,5,0.0000,0.0000,0.0000,0.0000,0.0000,等待台阶,1,0.0000,0.150,0.330
5423.539,SEEK_ROUNDABOUT,3.701,0,0.712,0.0000,0.0000,none,,,,line_bridge_loss,0.0350,0.2191,0,line_too_few_bands,0.0000,0.0000,0.0000,0.0000,0.0000,1,0.0000,0.0000,0.0000,0.0000,0.2191,IDLE,0,0,step_zone_before_min seek=0.69<1.25,0,0,0.000,1,1.4000,nan,0.0478,0.9434,6,5,0.0000,0.0000,0.0000,0.0000,0.0000,等待台阶,1,0.0000,0.150,0.330
5423.704,SEEK_ROUNDABOUT,3.865,0,0.740,0.0000,0.0000,none,,,,line_loss_hold,0.0000,0.0000,0,line_too_few_bands,0.0000,0.0000,0.0000,0.0000,0.0000,1,0.0000,0.0000,0.0000,0.0000,0.0000,IDLE,0,0,step_zone_before_min seek=0.71<1.25,0,0,0.000,1,1.4400,nan,0.0505,0.9667,10,5,0.0000,0.0000,0.0000,0.0000,0.0000,等待台阶,1,0.0000,0.150,0.330
5423.860,SEEK_ROUNDABOUT,4.021,0,0.754,0.0000,0.0000,none,,,,tracking,0.0507,0.3333,1,line_curve_center_riding,-0.1563,-0.1331,-0.5207,-0.5207,0.2756,2,0.3876,0.0000,0.3876,-0.3915,0.3333,IDLE,0,0,step_zone_before_min seek=0.74<1.25,0,0,0.000,1,1.3500,nan,0.0512,0.9572,13,5,0.0000,0.0000,0.0000,0.0000,0.0000,等待台阶,1,0.0000,0.150,0.330
5424.015,SEEK_ROUNDABOUT,4.176,0,0.764,0.0000,0.0000,none,,,,line_bridge_loss,0.0350,0.1437,0,line_too_few_bands,0.0000,0.0000,0.0000,0.0000,0.0000,1,0.0000,0.0000,0.0000,0.0000,0.1437,IDLE,0,0,step_zone_before_min seek=0.75<1.25,0,0,0.000,1,1.3300,nan,0.0527,0.9378,17,5,0.0000,0.0000,0.0000,0.0000,0.0000,等待台阶,1,0.0000,0.150,0.330
5424.169,SEEK_ROUNDABOUT,4.330,0,0.769,0.0000,0.0000,none,,,,tracking,0.0857,0.2423,1,line_curve_center_riding,-0.1141,-0.0911,-0.4738,-0.4738,0.2781,2,0.3827,0.0000,0.3827,-0.3463,0.2423,IDLE,0,0,step_zone_before_min seek=0.76<1.25,0,0,0.000,1,1.4200,nan,0.0497,0.9663,21,5,0.0000,0.0000,0.0000,0.0000,0.0000,等待台阶,1,0.0000,0.150,0.330
5424.381,SEEK_ROUNDABOUT,4.542,0,0.770,0.0000,0.0000,none,,,,tracking,0.1363,0.1287,1,line_curve_center_riding,-0.0159,0.0070,-0.3733,-0.3733,0.2793,2,0.3803,0.0000,0.3803,-0.2466,0.1287,IDLE,0,0,step_zone_before_min seek=0.77<1.25,0,0,0.000,1,1.4300,nan,0.0491,0.9614,26,5,0.0000,0.0000,0.0000,0.0000,0.0000,等待台阶,1,0.0000,0.150,0.330
5424.521,SEEK_ROUNDABOUT,4.683,0,0.780,0.0000,0.0000,none,,,,tracking,0.1450,0.0040,1,line_recenter_transition,0.1028,0.1122,-0.3599,-0.4108,0.4150,3,0.4722,0.0509,0.5231,-0.2195,0.0040,IDLE,0,0,step_zone_before_min seek=0.77<1.25,0,0,0.000,1,1.4300,nan,0.0483,0.9429,29,5,0.0000,0.0000,0.0000,0.0000,0.0000,等待台阶,1,0.0000,0.150,0.330
5424.671,SEEK_ROUNDABOUT,4.832,0,0.792,0.0000,0.0000,none,,,,tracking,0.1450,-0.1396,1,line_recenter_transition,0.2571,0.2664,-0.1984,-0.5437,0.5078,4,0.4648,0.3453,0.8100,-0.1586,-0.1396,IDLE,0,0,step_zone_before_min seek=0.78<1.25,0,0,0.000,1,1.5300,nan,0.0511,0.9590,33,5,0.0000,0.0000,0.0000,0.0000,0.0000,等待台阶,1,0.0000,0.150,0.330
5424.821,SEEK_ROUNDABOUT,4.983,0,0.815,0.0000,0.0000,none,,,,tracking,0.1450,-0.2473,1,line_recenter_transition,0.3291,0.3376,-0.0860,-0.4691,0.6237,5,0.4235,0.3832,0.8067,-0.0725,-0.2473,IDLE,0,0,step_zone_before_min seek=0.79<1.25,0,0,0.000,1,1.5200,nan,0.0491,0.9425,38,5,0.0000,0.0000,0.0000,0.0000,0.0000,等待台阶,1,0.0000,0.150,0.330
5424.969,SEEK_ROUNDABOUT,5.130,0,0.835,0.0000,0.0000,none,,,,tracking,0.1450,-0.2896,1,line_recenter_transition,0.3122,0.3204,-0.0912,-0.4552,0.6258,5,0.4116,0.3640,0.7756,-0.0753,-0.2896,IDLE,0,0,step_zone_before_min seek=0.81<1.25,0,0,0.000,1,1.4900,nan,0.0484,0.9501,45,5,0.0000,0.0000,0.0000,0.0000,0.0000,等待台阶,1,0.0000,0.150,0.330
5425.115,SEEK_ROUNDABOUT,5.276,0,0.844,0.0000,0.0000,none,,,,tracking,0.1450,-0.2919,1,line_recenter_transition,0.2766,0.2844,-0.1033,-0.4229,0.5438,4,0.3877,0.3195,0.7073,-0.0806,-0.2919,IDLE,0,0,step_zone_before_min seek=0.83<1.25,0,0,0.000,0,nan,nan,nan,0.0000,0,5,0.0000,0.0000,0.0000,0.0000,0.0000,等待台阶,1,0.0000,0.150,0.330
5425.271,SEEK_ROUNDABOUT,5.433,0,0.850,0.0000,0.0000,none,,,,tracking,0.1450,-0.2616,1,line_recenter_transition,0.2180,0.2261,-0.1760,-0.2518,0.5615,4,0.4020,0.0758,0.4779,-0.0672,-0.2616,IDLE,0,0,step_zone_before_min seek=0.84<1.25,0,0,0.000,0,nan,nan,nan,0.0000,0,5,0.0000,0.0000,0.0000,0.0000,0.0000,等待台阶,1,0.0000,0.150,0.330
5425.413,SEEK_ROUNDABOUT,5.575,0,0.852,0.0000,0.0000,none,,,,tracking,0.1450,-0.2164,1,line_recenter_transition,0.1620,0.1708,-0.2663,-0.3391,0.5479,4,0.4371,0.0728,0.5099,-0.1449,-0.2164,IDLE,0,0,step_zone_before_min seek=0.85<1.25,0,0,0.000,0,nan,nan,nan,0.0000,0,5,0.0000,0.0000,0.0000,0.0000,0.0000,等待台阶,1,0.0000,0.150,0.330
5425.583,SEEK_ROUNDABOUT,5.745,0,0.862,0.0000,0.0000,none,,,,tracking,0.1450,-0.0896,1,line_curve_center_riding,-0.0267,0.0012,-0.4642,-0.5314,0.4312,3,0.4654,0.0672,0.5326,-0.3315,-0.0896,IDLE,0,0,step_zone_before_min seek=0.85<1.25,0,0,0.000,0,nan,nan,nan,0.0000,0,5,0.0000,0.0000,0.0000,0.0000,0.0000,等待台阶,1,0.0000,0.150,0.330
5425.731,SEEK_ROUNDABOUT,5.892,0,0.872,0.0000,0.0000,none,,,,tracking,0.1450,0.0449,1,line_curve_center_riding,-0.1595,-0.1376,-0.5024,-0.5024,0.4471,3,0.3647,0.0000,0.3647,-0.3808,0.0449,IDLE,0,0,step_zone_before_min seek=0.86<1.25,0,0,0.000,0,nan,nan,nan,0.0000,0,5,0.0000,0.0000,0.0000,0.0000,0.0000,等待台阶,1,0.0000,0.150,0.330
5425.897,SEEK_ROUNDABOUT,6.058,0,0.891,0.0000,0.0000,none,,,,tracking,0.1734,0.2409,1,line_center_tracking,-0.3975,-0.3939,-0.4068,-0.4068,0.4388,2,0.0129,0.0000,0.0129,-0.4025,0.2409,IDLE,0,0,step_zone_before_min seek=0.87<1.25,0,0,0.000,0,1.2500,nan,0.0453,0.8214,4,5,0.0000,0.0000,0.0000,0.0000,0.0000,等待台阶,1,0.0000,0.150,0.330
5426.036,SEEK_ROUNDABOUT,6.198,0,0.914,0.0000,0.0000,none,,,,tracking,0.1433,0.4150,1,line_center_tracking,-0.5385,-0.5062,-0.6213,-0.6213,0.5012,3,0.1150,0.0000,0.1150,-0.5829,0.4150,IDLE,0,0,step_zone_before_min seek=0.89<1.25,0,0,0.000,1,1.2500,nan,0.0413,0.6842,8,5,0.0000,0.0000,0.0000,0.0000,0.0000,等待台阶,1,0.0000,0.150,0.330
5426.195,SEEK_ROUNDABOUT,6.357,0,0.955,0.0000,0.0000,none,,,,line_bridge_loss,0.0926,0.1660,0,line_too_few_bands,0.0000,0.0000,0.0000,0.0000,0.0000,1,0.0000,0.0000,0.0000,0.0000,0.1660,IDLE,0,0,step_zone_before_min seek=0.91<1.25,0,0,0.000,0,nan,nan,nan,0.0000,0,5,0.0000,0.0000,0.0000,0.0000,0.0000,等待台阶,1,0.0000,0.150,0.330
5426.332,SEEK_ROUNDABOUT,6.494,0,0.988,0.0000,0.0000,none,,,,tracking,0.1224,0.4963,1,line_curve_center_riding,-0.5512,-0.5425,-0.6875,-0.6875,0.4888,3,0.1450,0.0000,0.1450,-0.6392,0.4963,IDLE,0,0,step_zone_before_min seek=0.95<1.25,0,0,1.000,0,1.1900,1.1900,0.0455,0.8392,2,5,0.0000,0.0000,0.0000,0.0000,0.0000,等待台阶,1,0.0000,0.150,0.330
5426.490,SEEK_ROUNDABOUT,6.651,0,1.026,0.0000,0.0000,none,,,,line_bridge_loss,0.0717,0.1985,0,line_too_few_bands,0.0000,0.0000,0.0000,0.0000,0.0000,1,0.0000,0.0000,0.0000,0.0000,0.1985,IDLE,0,0,step_zone_before_min seek=0.99<1.25,0,0,2.000,1,1.1700,1.1800,0.0486,0.9510,6,5,0.0000,0.0000,0.0000,0.0000,0.0000,等待台阶,1,0.0000,0.150,0.330
5426.658,SEEK_ROUNDABOUT,6.820,0,1.069,0.0000,0.0000,none,,,,tracking,0.0850,0.4200,1,line_edge_single_rescue,-0.5515,-0.5515,-0.5515,-0.5515,0.3100,1,0.0000,0.0000,0.0000,-0.5515,0.4200,IDLE,0,0,step_zone_before_min seek=1.03<1.25,0,0,3.000,1,1.1200,1.1700,0.0494,0.9245,11,5,0.0000,0.0000,0.0000,0.0000,0.0000,等待台阶,1,0.0000,0.150,0.330
5426.808,SEEK_ROUNDABOUT,6.970,0,1.114,0.0000,0.0000,none,,,,line_bridge_loss,0.0350,0.1680,0,line_too_few_bands,0.0000,0.0000,0.0000,0.0000,0.0000,0,0.0000,0.0000,0.0000,0.0000,0.1680,IDLE,0,0,step_zone_before_min seek=1.07<1.25,0,0,2.400,1,1.2600,1.1700,0.0455,0.7715,14,5,0.0000,0.0000,0.0000,0.0000,0.0000,等待台阶,1,0.0000,0.150,0.330
5426.957,SEEK_ROUNDABOUT,7.119,0,1.143,0.0000,0.0000,none,,,,line_bridge_loss,0.0350,0.1680,0,line_too_few_bands,0.0000,0.0000,0.0000,0.0000,0.0000,0,0.0000,0.0000,0.0000,0.0000,0.1680,IDLE,0,0,step_zone_before_min seek=1.11<1.25,0,0,1.800,1,1.3200,1.1700,0.0497,0.9666,19,5,0.0000,0.0000,0.0000,0.0000,0.0000,等待台阶,1,0.0000,0.150,0.330
5427.101,SEEK_ROUNDABOUT,7.263,0,1.181,0.0000,0.0000,none,,,,line_bridge_loss,0.0350,0.1680,0,line_too_few_bands,0.0000,0.0000,0.0000,0.0000,0.0000,0,0.0000,0.0000,0.0000,0.0000,0.1680,IDLE,0,0,step_zone_before_min seek=1.14<1.25,0,0,1.200,1,1.2750,1.1700,0.0509,0.9596,23,5,0.0000,0.0000,0.0000,0.0000,0.0000,等待台阶,1,0.0000,0.150,0.330
5427.241,SEEK_ROUNDABOUT,7.403,0,1.213,0.0000,0.0000,none,,,,line_loss_hold,0.0000,0.0000,0,line_too_few_bands,0.0000,0.0000,0.0000,0.0000,0.0000,0,0.0000,0.0000,0.0000,0.0000,0.0000,IDLE,0,0,step_zone_before_min seek=1.18<1.25,0,0,0.600,1,1.3400,1.1450,0.0497,0.9695,27,5,0.0000,0.0000,0.0000,0.0000,0.0000,等待台阶,1,0.0000,0.150,0.330
5427.383,SEEK_ROUNDABOUT,7.545,0,1.243,0.0000,0.0000,none,,,,line_loss_hold,0.0000,0.0000,0,line_too_few_bands,0.0000,0.0000,0.0000,0.0000,0.0000,0,0.0000,0.0000,0.0000,0.0000,0.0000,IDLE,0,0,step_zone_before_min seek=1.21<1.25,0,0,0.000,1,1.2600,1.1200,0.0530,0.9334,31,5,0.0000,0.0000,0.0000,0.0000,0.0000,等待台阶,1,0.0000,0.150,0.330
5427.527,SEEK_ROUNDABOUT,7.688,0,1.267,0.0000,0.0000,none,,,,line_lost_stop,0.0000,0.0000,0,line_too_few_bands,0.0000,0.0000,0.0000,0.0000,0.0000,0,0.0000,0.0000,0.0000,0.0000,0.0000,IDLE,0,0,step_zone_before_min seek=1.24<1.25,0,0,0.000,1,1.2800,nan,0.0553,0.9025,35,5,0.0000,0.0000,0.0000,0.0000,0.0000,等待台阶,1,0.0000,0.150,0.330
5427.657,SEEK_ROUNDABOUT,7.819,0,1.285,0.0000,0.0000,none,,,,line_lost_stop,0.0000,0.0000,0,line_too_few_bands,0.0000,0.0000,0.0000,0.0000,0.0000,0,0.0000,0.0000,0.0000,0.0000,0.0000,IDLE,0,0,candidate_fields_invalid,0,0,0.000,1,1.2150,nan,0.0557,0.8966,38,5,0.0000,0.0000,0.0000,0.0000,0.0000,等待台阶,1,0.0000,0.150,0.330
5427.792,SEEK_ROUNDABOUT,7.954,0,1.300,0.4000,0.0000,none,,,,line_lost_stop,0.0000,0.0000,0,line_too_few_bands,0.0000,0.0000,0.0000,0.0000,0.0000,0,0.0000,0.0000,0.0000,0.0000,0.0000,IDLE,0,0,candidate_fields_invalid,0,0,0.000,1,1.2200,nan,0.0543,0.9154,42,5,0.0000,0.0000,0.0000,0.0000,0.0000,等待台阶,1,0.0000,0.150,0.330
5427.930,SEEK_ROUNDABOUT,8.092,0,1.310,0.0000,0.0000,none,,,,line_lost_stop,0.0000,0.0000,0,line_too_few_bands,0.0000,0.0000,0.0000,0.0000,0.0000,0,0.0000,0.0000,0.0000,0.0000,0.0000,IDLE,0,0,candidate_fields_invalid,0,0,0.000,1,1.2400,nan,0.0550,0.9051,46,5,0.0000,0.0000,0.0000,0.0000,0.0000,等待台阶,1,0.0000,0.150,0.330
5428.103,SEEK_ROUNDABOUT,8.265,0,1.316,0.0000,0.0000,none,,,,line_lost_stop,0.0000,0.0000,0,line_too_few_bands,0.0000,0.0000,0.0000,0.0000,0.0000,0,0.0000,0.0000,0.0000,0.0000,0.0000,IDLE,0,0,candidate_fields_invalid,0,0,0.000,1,1.2300,nan,0.0541,0.9186,51,5,0.0000,0.0000,0.0000,0.0000,0.0000,等待台阶,1,0.0000,0.150,0.330
5428.234,SEEK_ROUNDABOUT,8.395,0,1.317,0.0000,0.0000,none,,,,line_lost_stop,0.0000,0.0000,0,line_too_few_bands,0.0000,0.0000,0.0000,0.0000,0.0000,0,0.0000,0.0000,0.0000,0.0000,0.0000,IDLE,0,0,step_candidate_ignore_line_invalid,0,0,1.000,1,1.1800,1.1800,0.0544,0.9144,55,5,0.0000,0.0000,0.0000,0.0000,0.0000,等待台阶,1,0.0000,0.150,0.330
5428.370,SEEK_ROUNDABOUT,8.532,0,1.320,0.0000,0.0000,none,,,,line_lost_stop,0.0000,0.0000,0,line_too_few_bands,0.0000,0.0000,0.0000,0.0000,0.0000,0,0.0000,0.0000,0.0000,0.0000,0.0000,IDLE,0,0,step_candidate_ignore_line_invalid,0,0,2.000,1,1.1700,1.1750,0.0541,0.9181,58,5,0.0000,0.0000,0.0000,0.0000,0.0000,等待台阶,1,0.0000,0.150,0.330
5428.546,SEEK_ROUNDABOUT,8.707,0,1.332,0.0000,0.0000,none,,,,line_lost_stop,0.0000,0.0000,0,line_too_few_bands,0.0000,0.0000,0.0000,0.0000,0.0000,0,0.0000,0.0000,0.0000,0.0000,0.0000,IDLE,0,0,candidate_fields_invalid,0,0,1.400,1,1.2300,1.1750,0.0543,0.9163,64,5,0.0000,0.0000,0.0000,0.0000,0.0000,等待台阶,1,0.0000,0.150,0.330
5428.707,SEEK_ROUNDABOUT,8.869,0,1.348,0.0000,0.0000,none,,,,line_lost_stop,0.0000,0.0000,0,line_too_few_bands,0.0000,0.0000,0.0000,0.0000,0.0000,0,0.0000,0.0000,0.0000,0.0000,0.0000,IDLE,0,0,step_candidate_ignore_line_invalid,0,0,2.400,1,1.1850,1.1800,0.0549,0.9076,68,5,0.0000,0.0000,0.0000,0.0000,0.0000,等待台阶,1,0.0000,0.150,0.330
5428.855,SEEK_ROUNDABOUT,9.017,0,1.365,0.0000,0.0000,none,,,,line_lost_stop,0.0000,0.0000,0,line_too_few_bands,0.0000,0.0000,0.0000,0.0000,0.0000,0,0.0000,0.0000,0.0000,0.0000,0.0000,IDLE,0,0,candidate_fields_invalid,0,0,1.800,1,1.2100,1.1800,0.0543,0.9155,72,5,0.0000,0.0000,0.0000,0.0000,0.0000,等待台阶,1,0.0000,0.150,0.330
5429.003,SEEK_ROUNDABOUT,9.164,0,1.388,0.0000,0.0000,none,,,,tracking,0.0507,0.3333,1,line_edge_single_rescue,-0.6039,-0.6039,-0.6039,-0.6039,0.3100,1,0.0000,0.0000,0.0000,-0.6039,0.3333,IDLE,0,0,candidate_fields_invalid,0,0,1.200,1,1.2200,1.1800,0.0531,0.9320,77,5,0.0000,0.0000,0.0000,0.0000,0.0000,等待台阶,1,0.0000,0.150,0.330
5429.142,SEEK_ROUNDABOUT,9.303,0,1.412,0.0000,0.0000,none,,,,line_bridge_loss,0.0350,0.1680,0,line_too_few_bands,0.0000,0.0000,0.0000,0.0000,0.0000,1,0.0000,0.0000,0.0000,0.0000,0.1680,IDLE,0,0,candidate_fields_invalid,0,0,0.600,1,1.2200,1.1775,0.0540,0.9191,81,5,0.0000,0.0000,0.0000,0.0000,0.0000,等待台阶,1,0.0000,0.150,0.330
5429.289,SEEK_ROUNDABOUT,9.451,0,1.437,0.0000,0.0000,none,,,,tracking,0.0857,0.4555,1,line_curve_center_riding,-0.2971,-0.2728,-0.6770,-0.6770,0.5457,4,0.4042,0.0000,0.4042,-0.5423,0.4555,IDLE,0,0,candidate_fields_invalid,0,0,0.000,1,1.2300,1.1850,0.0546,0.9110,85,5,0.0000,0.0000,0.0000,0.0000,0.0000,等待台阶,1,0.0000,0.150,0.330
5429.432,SEEK_ROUNDABOUT,9.594,0,1.459,0.0000,0.0000,none,,,,tracking,0.1363,0.3052,1,line_curve_center_riding,-0.1561,-0.1311,-0.5472,-0.5472,0.5478,4,0.4161,0.0000,0.4161,-0.4085,0.3052,IDLE,0,0,candidate_fields_invalid,0,0,0.000,1,1.2800,1.1850,0.0545,0.9137,89,5,0.0000,0.0000,0.0000,0.0000,0.0000,等待台阶,1,0.0000,0.150,0.330
5429.570,SEEK_ROUNDABOUT,9.731,0,1.484,0.0000,0.0000,none,,,,tracking,0.1700,0.2257,1,line_curve_center_riding,-0.1328,-0.1241,-0.2686,-0.2686,0.4941,3,0.1445,0.0000,0.1445,-0.2204,0.2257,IDLE,0,0,candidate_fields_invalid,0,0,0.000,1,1.3200,nan,0.0532,0.9303,93,5,0.0000,0.0000,0.0000,0.0000,0.0000,等待台阶,1,0.0000,0.150,0.330
5429.706,SEEK_ROUNDABOUT,9.868,0,1.504,0.0000,0.0000,none,,,,tracking,0.1450,0.0368,1,line_recenter_transition,0.1239,0.1328,-0.3120,-0.5498,0.7301,6,0.4448,0.2378,0.6827,-0.2430,0.0368,IDLE,0,0,candidate_fields_invalid,0,0,0.000,1,1.2700,nan,0.0535,0.9261,97,5,0.0000,0.0000,0.0000,0.0000,0.0000,等待台阶,1,0.0000,0.150,0.330
5429.856,SEEK_ROUNDABOUT,10.017,0,1.520,0.0000,0.0000,none,,,,tracking,0.1450,-0.1027,1,line_recenter_transition,0.2257,0.2337,-0.1691,-0.6458,0.8215,7,0.4028,0.4767,0.8795,-0.1937,-0.1027,IDLE,0,0,step_candidate_ignore_near_mid 0.403,0,0,1.000,1,1.1600,1.1600,0.0509,0.9600,103,5,0.0000,0.0000,0.0000,0.0000,0.0000,等待台阶,1,0.0000,0.150,0.330
5430.011,SEEK_ROUNDABOUT,10.173,0,1.535,0.0000,0.0000,none,,,,tracking,0.1450,-0.1884,1,line_recenter_transition,0.2576,0.2654,-0.1234,-0.6575,0.8155,7,0.3887,0.5342,0.9229,-0.1718,-0.1884,IDLE,0,0,candidate_fields_invalid,0,0,0.400,0,nan,1.1600,nan,0.0000,0,5,0.0000,0.0000,0.0000,0.0000,0.0000,等待台阶,1,0.0000,0.150,0.330
5430.157,SEEK_ROUNDABOUT,10.318,0,1.542,0.0000,0.0000,none,,,,tracking,0.1450,-0.2259,1,line_recenter_transition,0.2472,0.2547,-0.1186,-0.6813,0.8163,7,0.3733,0.5627,0.9360,-0.1817,-0.2259,IDLE,0,0,candidate_fields_invalid,0,0,0.000,0,nan,1.1600,nan,0.0000,0,5,0.0000,0.0000,0.0000,0.0000,0.0000,等待台阶,1,0.0000,0.150,0.330
5430.296,SEEK_ROUNDABOUT,10.458,0,1.543,0.0000,0.0000,none,,,,tracking,0.1450,-0.2058,1,line_recenter_transition,0.1784,0.1864,-0.2133,-0.7477,0.8146,7,0.3997,0.5344,0.9341,-0.2582,-0.2058,IDLE,0,0,candidate_fields_invalid,0,0,0.000,0,nan,1.1600,nan,0.0000,0,5,0.0000,0.0000,0.0000,0.0000,0.0000,等待台阶,1,0.0000,0.150,0.330
5430.459,SEEK_ROUNDABOUT,10.621,0,1.549,0.0000,0.0000,none,,,,tracking,0.1450,-0.1496,1,line_recenter_transition,0.0909,0.0997,-0.3399,-0.6583,0.7233,6,0.4396,0.3184,0.7580,-0.2995,-0.1496,IDLE,0,0,candidate_fields_invalid,0,0,0.000,0,nan,1.1600,nan,0.0000,0,5,0.0000,0.0000,0.0000,0.0000,0.0000,等待台阶,1,0.0000,0.150,0.330
5430.596,SEEK_ROUNDABOUT,10.758,0,1.568,0.0000,0.0000,none,,,,tracking,0.1450,-0.0162,1,line_curve_center_riding,-0.0951,-0.0648,-0.5691,-0.6404,0.6322,5,0.5043,0.0712,0.5755,-0.4248,-0.0162,IDLE,0,0,candidate_fields_invalid,0,0,0.000,0,nan,1.1600,nan,0.0000,0,5,0.0000,0.0000,0.0000,0.0000,0.0000,等待台阶,1,0.0000,0.150,0.330
5430.736,SEEK_ROUNDABOUT,10.897,0,1.594,0.0000,0.0000,none,,,,tracking,0.1450,0.1312,1,line_curve_center_riding,-0.2512,-0.2272,-0.6263,-0.6263,0.5441,4,0.3991,0.0000,0.3991,-0.4933,0.1312,IDLE,0,0,candidate_fields_invalid,0,0,0.000,0,nan,nan,nan,0.0000,0,5,0.0000,0.0000,0.0000,0.0000,0.0000,等待台阶,1,0.0000,0.150,0.330
5430.870,SEEK_ROUNDABOUT,11.031,0,1.626,0.0000,0.0000,none,,,,line_bridge_loss,0.0943,0.0525,0,line_too_few_bands,0.0000,0.0000,0.0000,0.0000,0.0000,0,0.0000,0.0000,0.0000,0.0000,0.0525,IDLE,0,0,candidate_fields_invalid,0,0,0.000,0,nan,nan,nan,0.0000,0,5,0.0000,0.0000,0.0000,0.0000,0.0000,等待台阶,1,0.0000,0.150,0.330
5430.995,SEEK_ROUNDABOUT,11.157,0,1.658,0.0000,0.0000,none,,,,line_bridge_loss,0.0466,0.0525,0,line_too_few_bands,0.0000,0.0000,0.0000,0.0000,0.0000,1,0.0000,0.0000,0.0000,0.0000,0.0525,IDLE,0,0,candidate_fields_invalid,0,0,0.000,0,nan,nan,nan,0.0000,0,5,0.0000,0.0000,0.0000,0.0000,0.0000,等待台阶,1,0.0000,0.150,0.330
5431.125,SEEK_ROUNDABOUT,11.287,0,1.694,0.0000,0.0000,none,,,,line_bridge_loss,0.0350,0.0525,0,line_too_few_bands,0.0000,0.0000,0.0000,0.0000,0.0000,0,0.0000,0.0000,0.0000,0.0000,0.0525,IDLE,0,0,candidate_evidence_wait 1.0/2.4,0,0,1.000,0,1.0700,1.0700,0.0483,0.9410,3,5,0.0000,0.0000,0.0000,0.0000,0.0000,等待台阶,1,0.0000,0.150,0.330
5431.258,SEEK_ROUNDABOUT,11.419,0,1.723,0.0000,0.0000,none,,,,line_loss_hold,0.0000,0.0000,0,line_too_few_bands,0.0000,0.0000,0.0000,0.0000,0.0000,0,0.0000,0.0000,0.0000,0.0000,0.0000,IDLE,0,0,step_candidate_ignore_line_invalid,0,0,2.000,1,1.0600,1.0650,0.0489,0.9576,7,5,0.0000,0.0000,0.0000,0.0000,0.0000,等待台阶,1,0.0000,0.150,0.330
5431.391,SEEK_ROUNDABOUT,11.553,0,1.767,0.0000,0.0000,none,,,,line_loss_hold,0.0000,0.0000,0,line_too_few_bands,0.0000,0.0000,0.0000,0.0000,0.0000,0,0.0000,0.0000,0.0000,0.0000,0.0000,IDLE,0,0,step_candidate_ignore_line_invalid,0,0,3.000,1,1.1400,1.0700,0.0499,0.9699,11,5,0.0000,0.0000,0.0000,0.0000,0.0000,等待台阶,1,0.0000,0.150,0.330
5431.531,SEEK_ROUNDABOUT,11.693,0,1.811,0.0000,0.0000,none,,,,line_loss_hold,0.0000,0.0000,0,line_too_few_bands,0.0000,0.0000,0.0000,0.0000,0.0000,0,0.0000,0.0000,0.0000,0.0000,0.0000,IDLE,0,0,step_candidate_ignore_line_invalid,0,0,4.000,1,1.1300,1.1000,0.0537,0.9218,15,5,0.0000,0.0000,0.0000,0.0000,0.0000,等待台阶,1,0.0000,0.150,0.330
5431.683,SEEK_ROUNDABOUT,11.844,0,1.872,0.0000,0.0000,none,,,,line_lost_stop,0.0000,0.0000,0,line_too_few_bands,0.0000,0.0000,0.0000,0.0000,0.0000,0,0.0000,0.0000,0.0000,0.0000,0.0000,IDLE,0,0,step_candidate_ignore_line_invalid,0,0,5.000,1,1.1100,1.1100,0.0544,0.9112,19,5,0.0000,0.0000,0.0000,0.0000,0.0000,等待台阶,1,0.0000,0.150,0.330
5431.809,SEEK_ROUNDABOUT,11.971,0,1.910,0.0000,0.0000,none,,,,line_lost_stop,0.0000,0.0000,0,line_too_few_bands,0.0000,0.0000,0.0000,0.0000,0.0000,0,0.0000,0.0000,0.0000,0.0000,0.0000,IDLE,0,0,step_candidate_ignore_line_invalid,0,0,6.000,1,1.0900,1.1100,0.0557,0.8947,23,5,0.0000,0.0000,0.0000,0.0000,0.0000,等待台阶,1,0.0000,0.150,0.330
5431.947,SEEK_ROUNDABOUT,12.108,0,1.941,0.0000,0.0000,none,,,,line_lost_stop,0.0000,0.0000,0,line_too_few_bands,0.0000,0.0000,0.0000,0.0000,0.0000,0,0.0000,0.0000,0.0000,0.0000,0.0000,IDLE,0,0,step_candidate_ignore_line_invalid,0,0,6.000,1,1.0700,1.1100,0.0541,0.9171,27,5,0.0000,0.0000,0.0000,0.0000,0.0000,等待台阶,1,0.0000,0.150,0.330
5432.094,SEEK_ROUNDABOUT,12.255,0,1.968,0.0000,0.0000,none,,,,line_lost_stop,0.0000,0.0000,0,line_too_few_bands,0.0000,0.0000,0.0000,0.0000,0.0000,0,0.0000,0.0000,0.0000,0.0000,0.0000,IDLE,0,0,step_candidate_ignore_line_invalid,0,0,6.000,1,1.0500,1.0900,0.0554,0.9008,32,5,0.0000,0.0000,0.0000,0.0000,0.0000,等待台阶,1,0.0000,0.150,0.330
5432.254,SEEK_ROUNDABOUT,12.416,0,1.987,0.0000,0.0000,none,,,,line_lost_stop,0.0000,0.0000,0,line_too_few_bands,0.0000,0.0000,0.0000,0.0000,0.0000,0,0.0000,0.0000,0.0000,0.0000,0.0000,IDLE,0,0,step_candidate_ignore_line_invalid,0,0,6.000,1,1.0300,1.0700,0.0558,0.8952,36,5,0.0000,0.0000,0.0000,0.0000,0.0000,等待台阶,1,0.0000,0.150,0.330
5432.386,SEEK_ROUNDABOUT,12.547,0,1.996,0.0000,0.0000,none,,,,line_lost_stop,0.0000,0.0000,0,line_too_few_bands,0.0000,0.0000,0.0000,0.0000,0.0000,0,0.0000,0.0000,0.0000,0.0000,0.0000,IDLE,0,0,step_candidate_ignore_line_invalid,0,0,6.000,1,1.0200,1.0500,0.0543,0.9148,40,5,0.0000,0.0000,0.0000,0.0000,0.0000,等待台阶,1,0.0000,0.150,0.330
5432.516,SEEK_ROUNDABOUT,12.678,0,1.996,0.0000,0.0000,none,,,,step_align_line_lost_stop/course_events_frozen,0.0000,0.0000,0,line_too_few_bands,0.0000,0.0000,0.0000,0.0000,0.0000,0,0.0000,0.0000,0.0000,0.0000,0.0000,IDLE,0,1,step_confirmed_slow_align d=1.030,0,0,6.000,1,1.0100,1.0300,0.0550,0.9058,43,5,0.0000,0.0000,0.0000,0.0000,0.0000,等待台阶,1,0.0000,0.150,0.330
5432.643,SEEK_ROUNDABOUT,12.804,0,1.996,0.0000,0.0000,none,,,,step_align_line_lost_stop/course_events_frozen,0.0000,0.0000,0,line_too_few_bands,0.0000,0.0000,0.0000,0.0000,0.0000,0,0.0000,0.0000,0.0000,0.0000,0.0000,IDLE,0,1,step_confirmed_slow_align d=1.020,0,0,6.000,1,1.0100,1.0200,0.0534,0.9266,47,5,0.0000,0.0000,0.0000,0.0000,0.0000,等待台阶,1,0.0000,0.150,0.330
5432.774,SEEK_ROUNDABOUT,12.935,0,1.996,0.0000,0.0000,none,,,,step_align_line_lost_stop/course_events_frozen,0.0000,0.0000,0,line_too_few_bands,0.0000,0.0000,0.0000,0.0000,0.0000,0,0.0000,0.0000,0.0000,0.0000,0.0000,IDLE,0,1,step_confirmed_slow_align d=1.010,0,0,6.000,1,1.0100,1.0100,0.0546,0.9118,51,5,0.0000,0.0000,0.0000,0.0000,0.0000,等待台阶,1,0.0000,0.150,0.330
5432.916,SEEK_ROUNDABOUT,13.077,0,1.996,0.0000,0.0000,none,,,,step_align_line_lost_stop/course_events_frozen,0.0000,0.0000,0,line_too_few_bands,0.0000,0.0000,0.0000,0.0000,0.0000,0,0.0000,0.0000,0.0000,0.0000,0.0000,IDLE,0,1,step_confirmed_slow_align d=1.010,0,0,6.000,1,1.0200,1.0100,0.0558,0.8959,55,5,0.0000,0.0000,0.0000,0.0000,0.0000,等待台阶,1,0.0000,0.150,0.330
5433.053,SEEK_ROUNDABOUT,13.215,0,1.996,0.0000,0.0000,none,,,,step_align_line_lost_stop/course_events_frozen,0.0000,0.0000,0,line_too_few_bands,0.0000,0.0000,0.0000,0.0000,0.0000,0,0.0000,0.0000,0.0000,0.0000,0.0000,IDLE,0,1,step_confirmed_slow_align d=1.010,0,0,6.000,1,1.0200,1.0100,0.0546,0.9116,59,5,0.0000,0.0000,0.0000,0.0000,0.0000,等待台阶,1,0.0000,0.150,0.330
5433.196,SEEK_ROUNDABOUT,13.357,0,1.996,0.0000,0.0000,none,,,,step_align_line_lost_stop/course_events_frozen,0.0000,0.0000,0,line_too_few_bands,0.0000,0.0000,0.0000,0.0000,0.0000,0,0.0000,0.0000,0.0000,0.0000,0.0000,IDLE,0,1,step_confirmed_slow_align d=1.020,0,0,6.000,1,1.0400,1.0200,0.0552,0.9024,63,5,0.0000,0.0000,0.0000,0.0000,0.0000,等待台阶,1,0.0000,0.150,0.330
5433.327,SEEK_ROUNDABOUT,13.488,0,1.996,0.0000,0.0000,none,,,,step_align_line_lost_stop/course_events_frozen,0.0000,0.0000,0,line_too_few_bands,0.0000,0.0000,0.0000,0.0000,0.0000,0,0.0000,0.0000,0.0000,0.0000,0.0000,IDLE,0,1,step_confirmed_slow_align d=1.020,0,0,6.000,1,1.0500,1.0200,0.0553,0.9017,67,5,0.0000,0.0000,0.0000,0.0000,0.0000,等待台阶,1,0.0000,0.150,0.330
5433.479,SEEK_ROUNDABOUT,13.641,0,1.996,0.0000,0.0000,none,,,,step_align_line_lost_stop/course_events_frozen,0.0000,0.0000,0,line_too_few_bands,0.0000,0.0000,0.0000,0.0000,0.0000,0,0.0000,0.0000,0.0000,0.0000,0.0000,IDLE,0,1,step_confirmed_slow_align d=1.040,0,0,6.000,1,1.0700,1.0400,0.0555,0.8990,72,5,0.0000,0.0000,0.0000,0.0000,0.0000,等待台阶,1,0.0000,0.150,0.330
5433.652,SEEK_ROUNDABOUT,13.813,0,2.141,0.0000,0.0000,none,,,,line_lost_stop,0.0000,0.0000,0,line_too_few_bands,0.0000,0.0000,0.0000,0.0000,0.0000,0,0.0000,0.0000,0.0000,0.0000,0.0000,IDLE,0,0,step_candidate_ignore_line_invalid,0,0,6.000,1,1.0700,1.0500,0.0533,0.9276,77,5,0.0000,0.0000,0.0000,0.0000,0.0000,等待台阶,1,0.0000,0.150,0.330
5433.791,SEEK_ROUNDABOUT,13.952,0,2.161,0.0000,0.0000,none,,,,line_lost_stop,0.0000,0.0000,0,line_too_few_bands,0.0000,0.0000,0.0000,0.0000,0.0000,0,0.0000,0.0000,0.0000,0.0000,0.0000,IDLE,0,0,step_candidate_ignore_line_invalid,0,0,6.000,1,1.0900,1.0700,0.0545,0.9112,81,5,0.0000,0.0000,0.0000,0.0000,0.0000,等待台阶,1,0.0000,0.150,0.330
5433.929,SEEK_ROUNDABOUT,14.091,0,2.177,0.0000,0.0000,none,,,,line_lost_stop,0.0000,0.0000,0,line_too_few_bands,0.0000,0.0000,0.0000,0.0000,0.0000,0,0.0000,0.0000,0.0000,0.0000,0.0000,IDLE,0,0,step_candidate_ignore_line_invalid,0,0,6.000,1,1.1200,1.0700,0.0548,0.9073,85,5,0.0000,0.0000,0.0000,0.0000,0.0000,等待台阶,1,0.0000,0.150,0.330
5434.059,SEEK_ROUNDABOUT,14.221,0,2.188,0.0000,0.0000,none,,,,line_lost_stop,0.0000,0.0000,0,line_too_few_bands,0.0000,0.0000,0.0000,0.0000,0.0000,0,0.0000,0.0000,0.0000,0.0000,0.0000,IDLE,0,0,step_candidate_ignore_line_invalid,0,0,6.000,1,1.1100,1.0900,0.0540,0.9184,89,5,0.0000,0.0000,0.0000,0.0000,0.0000,等待台阶,1,0.0000,0.150,0.330
5434.194,SEEK_ROUNDABOUT,14.356,0,2.198,0.0000,0.0000,none,,,,line_lost_stop,0.0000,0.0000,0,line_too_few_bands,0.0000,0.0000,0.0000,0.0000,0.0000,0,0.0000,0.0000,0.0000,0.0000,0.0000,IDLE,0,0,step_candidate_ignore_line_invalid,0,0,6.000,1,1.1200,1.1100,0.0545,0.9112,93,5,0.0000,0.0000,0.0000,0.0000,0.0000,等待台阶,1,0.0000,0.150,0.330
5434.323,SEEK_ROUNDABOUT,14.485,0,2.207,0.0000,0.0000,none,,,,line_lost_stop,0.0000,0.0000,0,line_too_few_bands,0.0000,0.0000,0.0000,0.0000,0.0000,0,0.0000,0.0000,0.0000,0.0000,0.0000,IDLE,0,0,step_candidate_ignore_line_invalid,0,0,6.000,1,1.1300,1.1200,0.0537,0.9220,97,5,0.0000,0.0000,0.0000,0.0000,0.0000,等待台阶,1,0.0000,0.150,0.330
5434.476,SEEK_ROUNDABOUT,14.638,0,2.213,0.0000,0.0000,none,,,,line_lost_stop,0.0000,0.0000,0,line_too_few_bands,0.0000,0.0000,0.0000,0.0000,0.0000,0,0.0000,0.0000,0.0000,0.0000,0.0000,IDLE,0,0,step_candidate_ignore_line_invalid,0,0,6.000,1,1.1300,1.1200,0.0545,0.9123,101,5,0.0000,0.0000,0.0000,0.0000,0.0000,等待台阶,1,0.0000,0.150,0.330
5434.613,SEEK_ROUNDABOUT,14.774,0,2.217,0.0000,0.0000,none,,,,line_lost_stop,0.0000,0.0000,0,line_too_few_bands,0.0000,0.0000,0.0000,0.0000,0.0000,0,0.0000,0.0000,0.0000,0.0000,0.0000,IDLE,0,0,step_candidate_ignore_line_invalid,0,0,6.000,1,1.1600,1.1300,0.0550,0.9053,105,5,0.0000,0.0000,0.0000,0.0000,0.0000,等待台阶,1,0.0000,0.150,0.330
5434.747,SEEK_ROUNDABOUT,14.909,0,2.217,0.0000,0.0000,none,,,,line_lost_stop,0.0000,0.0000,0,line_too_few_bands,0.0000,0.0000,0.0000,0.0000,0.0000,0,0.0000,0.0000,0.0000,0.0000,0.0000,IDLE,0,0,step_candidate_ignore_line_invalid,0,0,6.000,1,1.1400,1.1300,0.0541,0.9165,109,5,0.0000,0.0000,0.0000,0.0000,0.0000,等待台阶,1,0.0000,0.150,0.330
5434.896,SEEK_ROUNDABOUT,15.058,0,2.218,0.0000,0.0000,none,,,,line_lost_stop,0.0000,0.0000,0,line_too_few_bands,0.0000,0.0000,0.0000,0.0000,0.0000,0,0.0000,0.0000,0.0000,0.0000,0.0000,IDLE,0,0,step_candidate_ignore_line_invalid,0,0,6.000,1,1.1400,1.1400,0.0540,0.9179,114,5,0.0000,0.0000,0.0000,0.0000,0.0000,等待台阶,1,0.0000,0.150,0.330
5435.022,SEEK_ROUNDABOUT,15.184,0,2.223,0.0000,0.0000,none,,,,line_lost_stop,0.0000,0.0000,0,line_too_few_bands,0.0000,0.0000,0.0000,0.0000,0.0000,0,0.0000,0.0000,0.0000,0.0000,0.0000,IDLE,0,0,step_candidate_ignore_line_invalid,0,0,6.000,1,1.1400,1.1400,0.0541,0.9177,117,5,0.0000,0.0000,0.0000,0.0000,0.0000,等待台阶,1,0.0000,0.150,0.330
5435.146,SEEK_ROUNDABOUT,15.308,0,2.229,0.0000,0.0000,none,,,,line_lost_stop,0.0000,0.0000,0,line_too_few_bands,0.0000,0.0000,0.0000,0.0000,0.0000,0,0.0000,0.0000,0.0000,0.0000,0.0000,IDLE,0,0,step_candidate_ignore_line_invalid,0,0,6.000,1,1.1300,1.1400,0.0545,0.9109,121,5,0.0000,0.0000,0.0000,0.0000,0.0000,等待台阶,1,0.0000,0.150,0.330
5435.301,SEEK_ROUNDABOUT,15.462,0,2.238,0.0000,0.0000,none,,,,line_lost_stop,0.0000,0.0000,0,line_too_few_bands,0.0000,0.0000,0.0000,0.0000,0.0000,0,0.0000,0.0000,0.0000,0.0000,0.0000,IDLE,0,0,step_candidate_ignore_line_invalid,0,0,6.000,1,1.1300,1.1400,0.0541,0.9161,126,5,0.0000,0.0000,0.0000,0.0000,0.0000,等待台阶,1,0.0000,0.150,0.330
5435.434,SEEK_ROUNDABOUT,15.596,0,2.247,0.0000,0.0000,none,,,,line_lost_stop,0.0000,0.0000,0,line_too_few_bands,0.0000,0.0000,0.0000,0.0000,0.0000,0,0.0000,0.0000,0.0000,0.0000,0.0000,IDLE,0,0,step_candidate_ignore_line_invalid,0,0,6.000,1,1.1300,1.1300,0.0549,0.9062,130,5,0.0000,0.0000,0.0000,0.0000,0.0000,等待台阶,1,0.0000,0.150,0.330
5435.579,SEEK_ROUNDABOUT,15.740,0,2.256,0.0000,0.0000,none,,,,line_lost_stop,0.0000,0.0000,0,line_too_few_bands,0.0000,0.0000,0.0000,0.0000,0.0000,0,0.0000,0.0000,0.0000,0.0000,0.0000,IDLE,0,0,step_candidate_ignore_line_invalid,0,0,6.000,1,1.1200,1.1300,0.0535,0.9247,134,5,0.0000,0.0000,0.0000,0.0000,0.0000,等待台阶,1,0.0000,0.150,0.330
5435.710,SEEK_ROUNDABOUT,15.872,0,2.268,0.0000,0.0000,none,,,,line_lost_stop,0.0000,0.0000,0,line_too_few_bands,0.0000,0.0000,0.0000,0.0000,0.0000,0,0.0000,0.0000,0.0000,0.0000,0.0000,IDLE,0,0,step_candidate_ignore_line_invalid,0,0,6.000,1,1.1100,1.1300,0.0543,0.9131,138,5,0.0000,0.0000,0.0000,0.0000,0.0000,等待台阶,1,0.0000,0.150,0.330
5435.843,SEEK_ROUNDABOUT,16.005,0,2.277,0.0000,0.0000,none,,,,line_lost_stop,0.0000,0.0000,0,line_too_few_bands,0.0000,0.0000,0.0000,0.0000,0.0000,0,0.0000,0.0000,0.0000,0.0000,0.0000,IDLE,0,0,step_candidate_ignore_line_invalid,0,0,6.000,1,1.1200,1.1200,0.0539,0.9194,142,5,0.0000,0.0000,0.0000,0.0000,0.0000,等待台阶,1,0.0000,0.150,0.330
5435.978,SEEK_ROUNDABOUT,16.140,0,2.292,0.0000,0.0000,none,,,,line_lost_stop,0.0000,0.0000,0,line_too_few_bands,0.0000,0.0000,0.0000,0.0000,0.0000,0,0.0000,0.0000,0.0000,0.0000,0.0000,IDLE,0,0,step_candidate_ignore_line_invalid,0,0,6.000,1,1.1100,1.1200,0.0543,0.9140,145,5,0.0000,0.0000,0.0000,0.0000,0.0000,等待台阶,1,0.0000,0.150,0.330
5436.113,SEEK_ROUNDABOUT,16.275,0,2.303,0.0000,0.0000,none,,,,line_lost_stop,0.0000,0.0000,0,line_too_few_bands,0.0000,0.0000,0.0000,0.0000,0.0000,0,0.0000,0.0000,0.0000,0.0000,0.0000,IDLE,0,0,step_candidate_ignore_line_invalid,0,0,6.000,1,1.0900,1.1100,0.0544,0.9129,149,5,0.0000,0.0000,0.0000,0.0000,0.0000,等待台阶,1,0.0000,0.150,0.330
5436.249,SEEK_ROUNDABOUT,16.411,0,2.316,0.0000,0.0000,none,,,,line_lost_stop,0.0000,0.0000,0,line_too_few_bands,0.0000,0.0000,0.0000,0.0000,0.0000,0,0.0000,0.0000,0.0000,0.0000,0.0000,IDLE,0,0,step_candidate_ignore_line_invalid,0,0,6.000,1,1.0900,1.1100,0.0539,0.9188,153,5,0.0000,0.0000,0.0000,0.0000,0.0000,等待台阶,1,0.0000,0.150,0.330
5436.402,SEEK_ROUNDABOUT,16.564,0,2.330,0.0000,0.0000,none,,,,line_lost_stop,0.0000,0.0000,0,line_too_few_bands,0.0000,0.0000,0.0000,0.0000,0.0000,0,0.0000,0.0000,0.0000,0.0000,0.0000,IDLE,0,0,step_candidate_ignore_line_invalid,0,0,6.000,1,1.0800,1.0900,0.0545,0.9117,157,5,0.0000,0.0000,0.0000,0.0000,0.0000,等待台阶,1,0.0000,0.150,0.330
5436.534,SEEK_ROUNDABOUT,16.696,0,2.338,0.0000,0.0000,none,,,,line_lost_stop,0.0000,0.0000,0,line_too_few_bands,0.0000,0.0000,0.0000,0.0000,0.0000,0,0.0000,0.0000,0.0000,0.0000,0.0000,IDLE,0,0,step_candidate_ignore_line_invalid,0,0,6.000,1,1.0700,1.0900,0.0559,0.8913,161,5,0.0000,0.0000,0.0000,0.0000,0.0000,等待台阶,1,0.0000,0.150,0.330
5436.667,SEEK_ROUNDABOUT,16.829,0,2.348,0.0000,0.0000,none,,,,line_lost_stop,0.0000,0.0000,0,line_too_few_bands,0.0000,0.0000,0.0000,0.0000,0.0000,0,0.0000,0.0000,0.0000,0.0000,0.0000,IDLE,0,0,step_candidate_ignore_line_invalid,0,0,6.000,1,1.0600,1.0800,0.0538,0.9199,165,5,0.0000,0.0000,0.0000,0.0000,0.0000,等待台阶,1,0.0000,0.150,0.330
5436.830,SEEK_ROUNDABOUT,16.991,0,2.358,0.0000,0.0000,none,,,,line_lost_stop,0.0000,0.0000,0,line_too_few_bands,0.0000,0.0000,0.0000,0.0000,0.0000,0,0.0000,0.0000,0.0000,0.0000,0.0000,IDLE,0,0,step_candidate_ignore_line_invalid,0,0,6.000,1,1.0500,1.0700,0.0545,0.9111,170,5,0.0000,0.0000,0.0000,0.0000,0.0000,等待台阶,1,0.0000,0.150,0.330
5436.961,SEEK_ROUNDABOUT,17.123,0,2.364,0.0000,0.0000,none,,,,line_lost_stop,0.0000,0.0000,0,line_too_few_bands,0.0000,0.0000,0.0000,0.0000,0.0000,0,0.0000,0.0000,0.0000,0.0000,0.0000,IDLE,0,0,step_candidate_ignore_line_invalid,0,0,6.000,1,1.0500,1.0600,0.0541,0.9155,174,5,0.0000,0.0000,0.0000,0.0000,0.0000,等待台阶,1,0.0000,0.150,0.330
5437.104,SEEK_ROUNDABOUT,17.266,0,2.373,0.0000,0.0000,none,,,,line_lost_stop,0.0000,0.0000,0,line_too_few_bands,0.0000,0.0000,0.0000,0.0000,0.0000,0,0.0000,0.0000,0.0000,0.0000,0.0000,IDLE,0,0,step_candidate_ignore_line_invalid,0,0,6.000,1,1.0400,1.0500,0.0561,0.8899,178,5,0.0000,0.0000,0.0000,0.0000,0.0000,等待台阶,1,0.0000,0.150,0.330
5437.233,SEEK_ROUNDABOUT,17.394,0,2.377,0.0000,0.0000,none,,,,line_lost_stop,0.0000,0.0000,0,line_too_few_bands,0.0000,0.0000,0.0000,0.0000,0.0000,0,0.0000,0.0000,0.0000,0.0000,0.0000,IDLE,0,0,step_candidate_ignore_line_invalid,0,0,6.000,1,1.0300,1.0500,0.0549,0.9061,182,5,0.0000,0.0000,0.0000,0.0000,0.0000,等待台阶,1,0.0000,0.150,0.330
5437.359,SEEK_ROUNDABOUT,17.521,0,2.377,0.0000,0.0000,none,,,,step_align_line_lost_stop/course_events_frozen,0.0000,0.0000,0,line_too_few_bands,0.0000,0.0000,0.0000,0.0000,0.0000,0,0.0000,0.0000,0.0000,0.0000,0.0000,IDLE,0,1,step_confirmed_slow_align d=1.040,0,0,6.000,1,1.0300,1.0400,0.0551,0.9036,186,5,0.0000,0.0000,0.0000,0.0000,0.0000,等待台阶,1,0.0000,0.150,0.330
5437.495,SEEK_ROUNDABOUT,17.657,0,2.377,0.0000,0.0000,none,,,,step_align_line_lost_stop/course_events_frozen,0.0000,0.0000,0,line_too_few_bands,0.0000,0.0000,0.0000,0.0000,0.0000,0,0.0000,0.0000,0.0000,0.0000,0.0000,IDLE,0,1,step_confirmed_slow_align d=1.030,0,0,6.000,1,1.0200,1.0300,0.0545,0.9123,190,5,0.0000,0.0000,0.0000,0.0000,0.0000,等待台阶,1,0.0000,0.150,0.330
5437.629,SEEK_ROUNDABOUT,17.791,0,2.377,0.0000,0.0000,none,,,,step_align_line_lost_stop/course_events_frozen,0.0000,0.0000,0,line_too_few_bands,0.0000,0.0000,0.0000,0.0000,0.0000,0,0.0000,0.0000,0.0000,0.0000,0.0000,IDLE,0,1,step_confirmed_slow_align d=1.030,0,0,6.000,1,1.0200,1.0300,0.0543,0.9128,194,5,0.0000,0.0000,0.0000,0.0000,0.0000,等待台阶,1,0.0000,0.150,0.330
5437.769,SEEK_ROUNDABOUT,17.931,0,2.377,0.0000,0.0000,none,,,,step_align_line_lost_stop/course_events_frozen,0.0000,0.0000,0,line_too_few_bands,0.0000,0.0000,0.0000,0.0000,0.0000,0,0.0000,0.0000,0.0000,0.0000,0.0000,IDLE,0,1,step_confirmed_slow_align d=1.025,0,0,6.000,1,1.0250,1.0250,0.0541,0.9170,198,5,0.0000,0.0000,0.0000,0.0000,0.0000,等待台阶,1,0.0000,0.150,0.330
5437.906,SEEK_ROUNDABOUT,18.068,0,2.377,0.0000,0.0000,none,,,,step_align_line_lost_stop/course_events_frozen,0.0000,0.0000,0,line_too_few_bands,0.0000,0.0000,0.0000,0.0000,0.0000,0,0.0000,0.0000,0.0000,0.0000,0.0000,IDLE,0,1,step_confirmed_slow_align d=1.020,0,0,6.000,1,1.0200,1.0200,0.0553,0.9000,202,5,0.0000,0.0000,0.0000,0.0000,0.0000,等待台阶,1,0.0000,0.150,0.330
5438.039,SEEK_ROUNDABOUT,18.200,0,2.377,0.0000,0.0000,none,,,,step_align_line_lost_stop/course_events_frozen,0.0000,0.0000,0,line_too_few_bands,0.0000,0.0000,0.0000,0.0000,0.0000,0,0.0000,0.0000,0.0000,0.0000,0.0000,IDLE,0,1,step_confirmed_slow_align d=1.020,0,0,6.000,1,1.0200,1.0200,0.0524,0.9296,206,5,0.0000,0.0000,0.0000,0.0000,0.0000,等待台阶,1,0.0000,0.150,0.330
5438.169,SEEK_ROUNDABOUT,18.330,0,2.377,0.0000,0.0000,none,,,,step_align_line_lost_stop/course_events_frozen,0.0000,0.0000,0,line_too_few_bands,0.0000,0.0000,0.0000,0.0000,0.0000,0,0.0000,0.0000,0.0000,0.0000,0.0000,IDLE,0,1,step_confirmed_slow_align d=1.020,0,0,6.000,1,1.0300,1.0200,0.0560,0.8927,210,5,0.0000,0.0000,0.0000,0.0000,0.0000,等待台阶,1,0.0000,0.150,0.330
5438.295,SEEK_ROUNDABOUT,18.457,0,2.377,0.0000,0.0000,none,,,,step_align_line_lost_stop/course_events_frozen,0.0000,0.0000,0,line_too_few_bands,0.0000,0.0000,0.0000,0.0000,0.0000,0,0.0000,0.0000,0.0000,0.0000,0.0000,IDLE,0,1,step_confirmed_slow_align d=1.025,0,0,6.000,1,1.0300,1.0250,0.0551,0.9043,214,5,0.0000,0.0000,0.0000,0.0000,0.0000,等待台阶,1,0.0000,0.150,0.330
5438.436,SEEK_ROUNDABOUT,18.598,0,2.377,0.0000,0.0000,none,,,,step_align_line_lost_stop/course_events_frozen,0.0000,0.0000,0,line_too_few_bands,0.0000,0.0000,0.0000,0.0000,0.0000,0,0.0000,0.0000,0.0000,0.0000,0.0000,IDLE,0,1,step_confirmed_slow_align d=1.030,0,0,6.000,1,1.0300,1.0300,0.0537,0.9220,218,5,0.0000,0.0000,0.0000,0.0000,0.0000,等待台阶,1,0.0000,0.150,0.330
5438.584,SEEK_ROUNDABOUT,18.746,0,2.377,0.0000,0.0000,none,,,,step_align_line_lost_stop/course_events_frozen,0.0000,0.0000,0,line_too_few_bands,0.0000,0.0000,0.0000,0.0000,0.0000,0,0.0000,0.0000,0.0000,0.0000,0.0000,IDLE,0,1,step_confirmed_slow_align d=1.030,0,0,6.000,1,1.0400,1.0300,0.0553,0.9008,222,5,0.0000,0.0000,0.0000,0.0000,0.0000,等待台阶,1,0.0000,0.150,0.330
5438.734,SEEK_ROUNDABOUT,18.896,0,2.377,0.0000,0.0000,none,,,,step_align_line_lost_stop/course_events_frozen,0.0000,0.0000,0,line_too_few_bands,0.0000,0.0000,0.0000,0.0000,0.0000,0,0.0000,0.0000,0.0000,0.0000,0.0000,IDLE,0,1,step_confirmed_slow_align d=1.030,0,0,6.000,1,1.0500,1.0300,0.0541,0.9166,227,5,0.0000,0.0000,0.0000,0.0000,0.0000,等待台阶,1,0.0000,0.150,0.330
5438.864,SEEK_ROUNDABOUT,19.025,0,2.377,0.0000,0.0000,none,,,,step_align_line_lost_stop/course_events_frozen,0.0000,0.0000,0,line_too_few_bands,0.0000,0.0000,0.0000,0.0000,0.0000,0,0.0000,0.0000,0.0000,0.0000,0.0000,IDLE,0,1,step_confirmed_slow_align d=1.040,0,0,6.000,1,1.0500,1.0400,0.0542,0.9162,230,5,0.0000,0.0000,0.0000,0.0000,0.0000,等待台阶,1,0.0000,0.150,0.330
5438.999,SEEK_ROUNDABOUT,19.160,0,2.401,0.0000,0.0000,none,,,,line_lost_stop,0.0000,0.0000,0,line_too_few_bands,0.0000,0.0000,0.0000,0.0000,0.0000,0,0.0000,0.0000,0.0000,0.0000,0.0000,IDLE,0,0,step_candidate_ignore_line_invalid,0,0,6.000,1,1.0550,1.0500,0.0555,0.8988,234,5,0.0000,0.0000,0.0000,0.0000,0.0000,等待台阶,1,0.0000,0.150,0.330
5439.127,SEEK_ROUNDABOUT,19.289,0,2.407,0.0000,0.0000,none,,,,line_lost_stop,0.0000,0.0000,0,line_too_few_bands,0.0000,0.0000,0.0000,0.0000,0.0000,0,0.0000,0.0000,0.0000,0.0000,0.0000,IDLE,0,0,step_candidate_ignore_line_invalid,0,0,6.000,1,1.0500,1.0500,0.0551,0.9039,238,5,0.0000,0.0000,0.0000,0.0000,0.0000,等待台阶,1,0.0000,0.150,0.330
5439.265,SEEK_ROUNDABOUT,19.426,0,2.414,0.0000,0.0000,none,,,,line_lost_stop,0.0000,0.0000,0,line_too_few_bands,0.0000,0.0000,0.0000,0.0000,0.0000,0,0.0000,0.0000,0.0000,0.0000,0.0000,IDLE,0,0,step_candidate_ignore_line_invalid,0,0,6.000,1,1.0600,1.0500,0.0557,0.8954,242,5,0.0000,0.0000,0.0000,0.0000,0.0000,等待台阶,1,0.0000,0.150,0.330
5439.433,SEEK_ROUNDABOUT,19.595,0,2.421,0.0000,0.0000,none,,,,line_lost_stop,0.0000,0.0000,0,line_too_few_bands,0.0000,0.0000,0.0000,0.0000,0.0000,0,0.0000,0.0000,0.0000,0.0000,0.0000,IDLE,0,0,step_candidate_ignore_line_invalid,0,0,6.000,1,1.0700,1.0550,0.0551,0.9033,248,5,0.0000,0.0000,0.0000,0.0000,0.0000,等待台阶,1,0.0000,0.150,0.330
5439.581,SEEK_ROUNDABOUT,19.742,0,2.428,0.0000,0.0000,none,,,,line_lost_stop,0.0000,0.0000,0,line_too_few_bands,0.0000,0.0000,0.0000,0.0000,0.0000,0,0.0000,0.0000,0.0000,0.0000,0.0000,IDLE,0,0,step_candidate_ignore_line_invalid,0,0,6.000,1,1.0600,1.0600,0.0537,0.9212,252,5,0.0000,0.0000,0.0000,0.0000,0.0000,等待台阶,1,0.0000,0.150,0.330
5439.710,SEEK_ROUNDABOUT,19.872,0,2.434,0.0000,0.0000,none,,,,line_lost_stop,0.0000,0.0000,0,line_too_few_bands,0.0000,0.0000,0.0000,0.0000,0.0000,0,0.0000,0.0000,0.0000,0.0000,0.0000,IDLE,0,0,step_candidate_ignore_line_invalid,0,0,6.000,1,1.0700,1.0600,0.0557,0.8953,256,5,0.0000,0.0000,0.0000,0.0000,0.0000,等待台阶,1,0.0000,0.150,0.330
5439.849,SEEK_ROUNDABOUT,20.010,0,2.439,0.0000,0.0000,none,,,,line_lost_stop,0.0000,0.0000,0,line_too_few_bands,0.0000,0.0000,0.0000,0.0000,0.0000,0,0.0000,0.0000,0.0000,0.0000,0.0000,IDLE,0,0,step_candidate_ignore_line_invalid,0,0,6.000,1,1.0700,1.0700,0.0556,0.8971,260,5,0.0000,0.0000,0.0000,0.0000,0.0000,等待台阶,1,0.0000,0.150,0.330
5440.003,SEEK_ROUNDABOUT,20.164,0,2.446,0.0000,0.0000,none,,,,line_lost_stop,0.0000,0.0000,0,line_too_few_bands,0.0000,0.0000,0.0000,0.0000,0.0000,0,0.0000,0.0000,0.0000,0.0000,0.0000,IDLE,0,0,step_candidate_ignore_line_invalid,0,0,6.000,1,1.0800,1.0700,0.0552,0.9014,264,5,0.0000,0.0000,0.0000,0.0000,0.0000,等待台阶,1,0.0000,0.150,0.330
5440.137,SEEK_ROUNDABOUT,20.299,0,2.449,0.0000,0.0000,none,,,,line_lost_stop,0.0000,0.0000,0,line_too_few_bands,0.0000,0.0000,0.0000,0.0000,0.0000,0,0.0000,0.0000,0.0000,0.0000,0.0000,IDLE,0,0,step_candidate_ignore_line_invalid,0,0,6.000,1,1.0900,1.0700,0.0535,0.9238,268,5,0.0000,0.0000,0.0000,0.0000,0.0000,等待台阶,1,0.0000,0.150,0.330
5440.270,SEEK_ROUNDABOUT,20.432,0,2.454,0.0000,0.0000,none,,,,line_lost_stop,0.0000,0.0000,0,line_too_few_bands,0.0000,0.0000,0.0000,0.0000,0.0000,0,0.0000,0.0000,0.0000,0.0000,0.0000,IDLE,0,0,step_candidate_ignore_line_invalid,0,0,6.000,1,1.0900,1.0800,0.0536,0.9225,272,5,0.0000,0.0000,0.0000,0.0000,0.0000,等待台阶,1,0.0000,0.150,0.330
5440.406,SEEK_ROUNDABOUT,20.567,0,2.457,0.0000,0.0000,none,,,,line_lost_stop,0.0000,0.0000,0,line_too_few_bands,0.0000,0.0000,0.0000,0.0000,0.0000,0,0.0000,0.0000,0.0000,0.0000,0.0000,IDLE,0,0,step_candidate_ignore_line_invalid,0,0,6.000,1,1.0900,1.0900,0.0550,0.9047,276,5,0.0000,0.0000,0.0000,0.0000,0.0000,等待台阶,1,0.0000,0.150,0.330
5440.530,SEEK_ROUNDABOUT,20.692,0,2.462,0.0000,0.0000,none,,,,line_lost_stop,0.0000,0.0000,0,line_too_few_bands,0.0000,0.0000,0.0000,0.0000,0.0000,0,0.0000,0.0000,0.0000,0.0000,0.0000,IDLE,0,0,step_candidate_ignore_line_invalid,0,0,6.000,1,1.0900,1.0900,0.0545,0.9114,280,5,0.0000,0.0000,0.0000,0.0000,0.0000,等待台阶,1,0.0000,0.150,0.330
5440.675,SEEK_ROUNDABOUT,20.836,0,2.465,0.0000,0.0000,none,,,,line_lost_stop,0.0000,0.0000,0,line_too_few_bands,0.0000,0.0000,0.0000,0.0000,0.0000,0,0.0000,0.0000,0.0000,0.0000,0.0000,IDLE,0,0,step_candidate_ignore_line_invalid,0,0,6.000,1,1.1000,1.0900,0.0536,0.9225,284,5,0.0000,0.0000,0.0000,0.0000,0.0000,等待台阶,1,0.0000,0.150,0.330
5440.802,SEEK_ROUNDABOUT,20.964,0,2.467,0.0000,0.0000,none,,,,line_lost_stop,0.0000,0.0000,0,line_too_few_bands,0.0000,0.0000,0.0000,0.0000,0.0000,0,0.0000,0.0000,0.0000,0.0000,0.0000,IDLE,0,0,step_candidate_ignore_line_invalid,0,0,6.000,1,1.1000,1.0900,0.0551,0.9031,288,5,0.0000,0.0000,0.0000,0.0000,0.0000,等待台阶,1,0.0000,0.150,0.330
5440.930,SEEK_ROUNDABOUT,21.092,0,2.470,0.0000,0.0000,none,,,,line_lost_stop,0.0000,0.0000,0,line_too_few_bands,0.0000,0.0000,0.0000,0.0000,0.0000,0,0.0000,0.0000,0.0000,0.0000,0.0000,IDLE,0,0,step_candidate_ignore_line_invalid,0,0,6.000,1,1.1000,1.1000,0.0540,0.9179,292,5,0.0000,0.0000,0.0000,0.0000,0.0000,等待台阶,1,0.0000,0.150,0.330
5441.076,SEEK_ROUNDABOUT,21.238,0,2.471,0.0000,0.0000,none,,,,line_lost_stop,0.0000,0.0000,0,line_too_few_bands,0.0000,0.0000,0.0000,0.0000,0.0000,0,0.0000,0.0000,0.0000,0.0000,0.0000,IDLE,0,0,step_candidate_ignore_line_invalid,0,0,6.000,1,1.1000,1.1000,0.0549,0.9063,296,5,0.0000,0.0000,0.0000,0.0000,0.0000,等待台阶,1,0.0000,0.150,0.330
5441.215,SEEK_ROUNDABOUT,21.377,0,2.472,0.0000,0.0000,none,,,,line_lost_stop,0.0000,0.0000,0,line_too_few_bands,0.0000,0.0000,0.0000,0.0000,0.0000,0,0.0000,0.0000,0.0000,0.0000,0.0000,IDLE,0,0,step_candidate_ignore_line_invalid,0,0,6.000,1,1.1000,1.1000,0.0542,0.9144,300,5,0.0000,0.0000,0.0000,0.0000,0.0000,等待台阶,1,0.0000,0.150,0.330
5441.348,SEEK_ROUNDABOUT,21.510,0,2.472,0.0000,0.0000,none,,,,line_lost_stop,0.0000,0.0000,0,line_too_few_bands,0.0000,0.0000,0.0000,0.0000,0.0000,0,0.0000,0.0000,0.0000,0.0000,0.0000,IDLE,0,0,step_candidate_ignore_line_invalid,0,0,6.000,1,1.1000,1.1000,0.0550,0.9061,304,5,0.0000,0.0000,0.0000,0.0000,0.0000,等待台阶,1,0.0000,0.150,0.330
5441.779,SEEK_ROUNDABOUT,21.941,0,2.475,0.0000,0.0000,none,,,,line_lost_stop,0.0000,0.0000,0,line_too_few_bands,0.0000,0.0000,0.0000,0.0000,0.0000,0,0.0000,0.0000,0.0000,0.0000,0.0000,IDLE,0,0,step_candidate_ignore_line_invalid,0,0,6.000,1,1.0900,1.1000,0.0545,0.9110,317,5,0.0000,0.0000,0.0000,0.0000,0.0000,等待台阶,1,0.0000,0.150,0.330
5441.911,SEEK_ROUNDABOUT,22.072,0,2.477,0.0000,0.0000,none,,,,line_lost_stop,0.0000,0.0000,0,line_too_few_bands,0.0000,0.0000,0.0000,0.0000,0.0000,0,0.0000,0.0000,0.0000,0.0000,0.0000,IDLE,0,0,step_candidate_ignore_line_invalid,0,0,6.000,1,1.1000,1.1000,0.0549,0.9050,321,5,0.0000,0.0000,0.0000,0.0000,0.0000,等待台阶,1,0.0000,0.150,0.330
5442.048,SEEK_ROUNDABOUT,22.210,0,2.480,0.0000,0.0000,none,,,,line_lost_stop,0.0000,0.0000,0,line_too_few_bands,0.0000,0.0000,0.0000,0.0000,0.0000,0,0.0000,0.0000,0.0000,0.0000,0.0000,IDLE,0,0,step_candidate_ignore_line_invalid,0,0,6.000,1,1.1100,1.1000,0.0531,0.9305,325,5,0.0000,0.0000,0.0000,0.0000,0.0000,等待台阶,1,0.0000,0.150,0.330
5442.174,SEEK_ROUNDABOUT,22.336,0,2.481,0.0000,0.0000,none,,,,line_lost_stop,0.0000,0.0000,0,line_too_few_bands,0.0000,0.0000,0.0000,0.0000,0.0000,0,0.0000,0.0000,0.0000,0.0000,0.0000,IDLE,0,0,step_candidate_ignore_line_invalid,0,0,6.000,1,1.1400,1.1050,0.0551,0.9032,329,5,0.0000,0.0000,0.0000,0.0000,0.0000,等待台阶,1,0.0000,0.150,0.330
5442.309,SEEK_ROUNDABOUT,22.470,0,2.484,0.0000,0.0000,none,,,,line_lost_stop,0.0000,0.0000,0,line_too_few_bands,0.0000,0.0000,0.0000,0.0000,0.0000,0,0.0000,0.0000,0.0000,0.0000,0.0000,IDLE,0,0,step_candidate_ignore_line_invalid,0,0,6.000,1,1.1500,1.1100,0.0553,0.9011,333,5,0.0000,0.0000,0.0000,0.0000,0.0000,等待台阶,1,0.0000,0.150,0.330
5442.438,SEEK_ROUNDABOUT,22.599,0,2.486,0.0000,0.0000,none,,,,line_lost_stop,0.0000,0.0000,0,line_too_few_bands,0.0000,0.0000,0.0000,0.0000,0.0000,0,0.0000,0.0000,0.0000,0.0000,0.0000,IDLE,0,0,step_candidate_ignore_line_invalid,0,0,6.000,1,1.1700,1.1400,0.0557,0.8950,337,5,0.0000,0.0000,0.0000,0.0000,0.0000,等待台阶,1,0.0000,0.150,0.330
5442.569,SEEK_ROUNDABOUT,22.731,0,2.488,0.0000,0.0000,none,,,,line_lost_stop,0.0000,0.0000,0,line_too_few_bands,0.0000,0.0000,0.0000,0.0000,0.0000,0,0.0000,0.0000,0.0000,0.0000,0.0000,IDLE,0,0,step_candidate_ignore_line_invalid,0,0,6.000,1,1.1800,1.1500,0.0543,0.9141,340,5,0.0000,0.0000,0.0000,0.0000,0.0000,等待台阶,1,0.0000,0.150,0.330
5442.702,SEEK_ROUNDABOUT,22.863,0,2.490,0.0000,0.0000,none,,,,line_lost_stop,0.0000,0.0000,0,line_too_few_bands,0.0000,0.0000,0.0000,0.0000,0.0000,0,0.0000,0.0000,0.0000,0.0000,0.0000,IDLE,0,0,step_candidate_ignore_line_invalid,0,0,6.000,1,1.1900,1.1700,0.0555,0.8981,344,5,0.0000,0.0000,0.0000,0.0000,0.0000,等待台阶,1,0.0000,0.150,0.330
5442.836,SEEK_ROUNDABOUT,22.998,0,2.492,0.0000,0.0000,none,,,,line_lost_stop,0.0000,0.0000,0,line_too_few_bands,0.0000,0.0000,0.0000,0.0000,0.0000,0,0.0000,0.0000,0.0000,0.0000,0.0000,IDLE,0,0,candidate_fields_invalid,0,0,5.400,1,1.2000,1.1700,0.0537,0.9220,348,5,0.0000,0.0000,0.0000,0.0000,0.0000,等待台阶,1,0.0000,0.150,0.330
5442.968,SEEK_ROUNDABOUT,23.130,0,2.494,0.0000,0.0000,none,,,,line_lost_stop,0.0000,0.0000,0,line_too_few_bands,0.0000,0.0000,0.0000,0.0000,0.0000,0,0.0000,0.0000,0.0000,0.0000,0.0000,IDLE,0,0,candidate_fields_invalid,0,0,4.800,1,1.2000,1.1700,0.0544,0.9117,352,5,0.0000,0.0000,0.0000,0.0000,0.0000,等待台阶,1,0.0000,0.150,0.330
5443.098,SEEK_ROUNDABOUT,23.259,0,2.495,0.0000,0.0000,none,,,,line_lost_stop,0.0000,0.0000,0,line_too_few_bands,0.0000,0.0000,0.0000,0.0000,0.0000,0,0.0000,0.0000,0.0000,0.0000,0.0000,IDLE,0,0,candidate_fields_invalid,0,0,4.200,1,1.2100,1.1750,0.0551,0.9022,356,5,0.0000,0.0000,0.0000,0.0000,0.0000,等待台阶,1,0.0000,0.150,0.330
5443.223,SEEK_ROUNDABOUT,23.385,0,2.496,0.0000,0.0000,none,,,,line_lost_stop,0.0000,0.0000,0,line_too_few_bands,0.0000,0.0000,0.0000,0.0000,0.0000,0,0.0000,0.0000,0.0000,0.0000,0.0000,IDLE,0,0,candidate_fields_invalid,0,0,3.600,1,1.2100,1.1800,0.0552,0.9023,360,5,0.0000,0.0000,0.0000,0.0000,0.0000,等待台阶,1,0.0000,0.150,0.330
5443.353,SEEK_ROUNDABOUT,23.515,0,2.498,0.0000,0.0000,none,,,,line_lost_stop,0.0000,0.0000,0,line_too_few_bands,0.0000,0.0000,0.0000,0.0000,0.0000,0,0.0000,0.0000,0.0000,0.0000,0.0000,IDLE,0,0,candidate_fields_invalid,0,0,3.000,1,1.2300,1.1850,0.0549,0.9056,364,5,0.0000,0.0000,0.0000,0.0000,0.0000,等待台阶,1,0.0000,0.150,0.330
5443.486,SEEK_ROUNDABOUT,23.648,0,2.498,0.0000,0.0000,none,,,,line_lost_stop,0.0000,0.0000,0,line_too_few_bands,0.0000,0.0000,0.0000,0.0000,0.0000,0,0.0000,0.0000,0.0000,0.0000,0.0000,IDLE,0,0,candidate_fields_invalid,0,0,2.400,1,1.2400,1.1900,0.0542,0.9146,368,5,0.0000,0.0000,0.0000,0.0000,0.0000,等待台阶,1,0.0000,0.150,0.330
5443.611,SEEK_ROUNDABOUT,23.773,0,2.499,0.0000,0.0000,none,,,,line_lost_stop,0.0000,0.0000,0,line_too_few_bands,0.0000,0.0000,0.0000,0.0000,0.0000,0,0.0000,0.0000,0.0000,0.0000,0.0000,IDLE,0,0,candidate_fields_invalid,0,0,1.800,1,1.2400,nan,0.0536,0.9232,371,5,0.0000,0.0000,0.0000,0.0000,0.0000,等待台阶,1,0.0000,0.150,0.330
5443.745,SEEK_ROUNDABOUT,23.906,0,2.500,0.0000,0.0000,none,,,,line_lost_stop,0.0000,0.0000,0,line_too_few_bands,0.0000,0.0000,0.0000,0.0000,0.0000,0,0.0000,0.0000,0.0000,0.0000,0.0000,IDLE,0,0,candidate_fields_invalid,0,0,1.200,1,1.2500,nan,0.0530,0.9083,375,5,0.0000,0.0000,0.0000,0.0000,0.0000,等待台阶,1,0.0000,0.150,0.330
5443.906,SEEK_ROUNDABOUT,24.067,0,2.501,0.0000,0.0000,none,,,,line_lost_stop,0.0000,0.0000,0,line_too_few_bands,0.0000,0.0000,0.0000,0.0000,0.0000,0,0.0000,0.0000,0.0000,0.0000,0.0000,IDLE,0,0,candidate_fields_invalid,0,0,0.600,1,1.2700,nan,0.0555,0.8986,380,5,0.0000,0.0000,0.0000,0.0000,0.0000,等待台阶,1,0.0000,0.150,0.330
5444.035,SEEK_ROUNDABOUT,24.196,0,2.501,0.0000,0.0000,none,,,,line_lost_stop,0.0000,0.0000,0,line_too_few_bands,0.0000,0.0000,0.0000,0.0000,0.0000,0,0.0000,0.0000,0.0000,0.0000,0.0000,IDLE,0,0,candidate_fields_invalid,0,0,0.000,1,1.2800,nan,0.0514,0.9532,384,5,0.0000,0.0000,0.0000,0.0000,0.0000,等待台阶,1,0.0000,0.150,0.330
5444.192,SEEK_ROUNDABOUT,24.354,0,2.502,0.0000,0.0000,none,,,,line_lost_stop,0.0000,0.0000,0,line_too_few_bands,0.0000,0.0000,0.0000,0.0000,0.0000,0,0.0000,0.0000,0.0000,0.0000,0.0000,IDLE,0,0,candidate_fields_invalid,0,0,0.000,1,1.2800,nan,0.0496,0.9664,389,5,0.0000,0.0000,0.0000,0.0000,0.0000,等待台阶,1,0.0000,0.150,0.330
5444.321,SEEK_ROUNDABOUT,24.482,0,2.502,0.0000,0.0000,none,,,,line_lost_stop,0.0000,0.0000,0,line_too_few_bands,0.0000,0.0000,0.0000,0.0000,0.0000,0,0.0000,0.0000,0.0000,0.0000,0.0000,IDLE,0,0,candidate_fields_invalid,0,0,0.000,1,1.2800,nan,0.0495,0.9653,392,5,0.0000,0.0000,0.0000,0.0000,0.0000,等待台阶,1,0.0000,0.150,0.330
5444.449,SEEK_ROUNDABOUT,24.611,0,2.502,0.0000,0.0000,none,,,,line_lost_stop,0.0000,0.0000,0,line_too_few_bands,0.0000,0.0000,0.0000,0.0000,0.0000,0,0.0000,0.0000,0.0000,0.0000,0.0000,IDLE,0,0,candidate_fields_invalid,0,0,0.000,1,1.2800,nan,0.0491,0.9538,396,5,0.0000,0.0000,0.0000,0.0000,0.0000,等待台阶,1,0.0000,0.150,0.330
5444.586,SEEK_ROUNDABOUT,24.748,0,2.502,0.0000,0.0000,none,,,,line_lost_stop,0.0000,0.0000,0,line_too_few_bands,0.0000,0.0000,0.0000,0.0000,0.0000,0,0.0000,0.0000,0.0000,0.0000,0.0000,IDLE,0,0,candidate_fields_invalid,0,0,0.000,1,1.3200,nan,0.0484,0.9379,400,5,0.0000,0.0000,0.0000,0.0000,0.0000,等待台阶,1,0.0000,0.150,0.330
5444.718,SEEK_ROUNDABOUT,24.880,0,2.503,0.0000,0.0000,none,,,,line_lost_stop,0.0000,0.0000,0,line_too_few_bands,0.0000,0.0000,0.0000,0.0000,0.0000,0,0.0000,0.0000,0.0000,0.0000,0.0000,IDLE,0,0,candidate_fields_invalid,0,0,0.000,1,1.3200,nan,0.0465,0.8938,404,5,0.0000,0.0000,0.0000,0.0000,0.0000,等待台阶,1,0.0000,0.150,0.330
5444.851,SEEK_ROUNDABOUT,25.013,0,2.503,0.0000,0.0000,none,,,,line_lost_stop,0.0000,0.0000,0,line_too_few_bands,0.0000,0.0000,0.0000,0.0000,0.0000,0,0.0000,0.0000,0.0000,0.0000,0.0000,IDLE,0,0,candidate_fields_invalid,0,0,0.000,1,1.3200,nan,0.0477,0.9053,408,5,0.0000,0.0000,0.0000,0.0000,0.0000,等待台阶,1,0.0000,0.150,0.330
5444.986,SEEK_ROUNDABOUT,25.148,0,2.504,0.0000,0.0000,none,,,,line_lost_stop,0.0000,0.0000,0,line_too_few_bands,0.0000,0.0000,0.0000,0.0000,0.0000,0,0.0000,0.0000,0.0000,0.0000,0.0000,IDLE,0,0,candidate_fields_invalid,0,0,0.000,1,1.3300,nan,0.0467,0.8833,412,5,0.0000,0.0000,0.0000,0.0000,0.0000,等待台阶,1,0.0000,0.150,0.330
5445.118,SEEK_ROUNDABOUT,25.280,0,2.505,0.0000,0.0000,none,,,,line_lost_stop,0.0000,0.0000,0,line_too_few_bands,0.0000,0.0000,0.0000,0.0000,0.0000,0,0.0000,0.0000,0.0000,0.0000,0.0000,IDLE,0,0,candidate_fields_invalid,0,0,0.000,1,1.3300,nan,0.0460,0.8681,416,5,0.0000,0.0000,0.0000,0.0000,0.0000,等待台阶,1,0.0000,0.150,0.330
5445.256,SEEK_ROUNDABOUT,25.417,0,2.506,0.0000,0.0000,none,,,,line_lost_stop,0.0000,0.0000,0,line_too_few_bands,0.0000,0.0000,0.0000,0.0000,0.0000,0,0.0000,0.0000,0.0000,0.0000,0.0000,IDLE,0,0,candidate_fields_invalid,0,0,0.000,1,1.3300,nan,0.0453,0.7839,420,5,0.0000,0.0000,0.0000,0.0000,0.0000,等待台阶,1,0.0000,0.150,0.330
5445.397,SEEK_ROUNDABOUT,25.559,0,2.507,0.0000,0.0000,none,,,,line_lost_stop,0.0000,0.0000,0,line_too_few_bands,0.0000,0.0000,0.0000,0.0000,0.0000,0,0.0000,0.0000,0.0000,0.0000,0.0000,IDLE,0,0,candidate_fields_invalid,0,0,0.000,1,1.3400,nan,0.0456,0.8538,424,5,0.0000,0.0000,0.0000,0.0000,0.0000,等待台阶,1,0.0000,0.150,0.330
5445.537,SEEK_ROUNDABOUT,25.699,0,2.507,0.0000,0.0000,none,,,,line_lost_stop,0.0000,0.0000,0,line_too_few_bands,0.0000,0.0000,0.0000,0.0000,0.0000,0,0.0000,0.0000,0.0000,0.0000,0.0000,IDLE,0,0,candidate_fields_invalid,0,0,0.000,1,1.3400,nan,0.0476,0.8893,429,5,0.0000,0.0000,0.0000,0.0000,0.0000,等待台阶,1,0.0000,0.150,0.330
5445.666,SEEK_ROUNDABOUT,25.828,0,2.507,0.0000,0.0000,none,,,,line_lost_stop,0.0000,0.0000,0,line_too_few_bands,0.0000,0.0000,0.0000,0.0000,0.0000,0,0.0000,0.0000,0.0000,0.0000,0.0000,IDLE,0,0,candidate_fields_invalid,0,0,0.000,1,1.3400,nan,0.0480,0.8293,432,5,0.0000,0.0000,0.0000,0.0000,0.0000,等待台阶,1,0.0000,0.150,0.330
5445.800,SEEK_ROUNDABOUT,25.961,0,2.507,0.0000,0.0000,none,,,,line_lost_stop,0.0000,0.0000,0,line_too_few_bands,0.0000,0.0000,0.0000,0.0000,0.0000,0,0.0000,0.0000,0.0000,0.0000,0.0000,IDLE,0,0,candidate_fields_invalid,0,0,0.000,0,nan,nan,nan,0.0000,0,5,0.0000,0.0000,0.0000,0.0000,0.0000,等待台阶,1,0.0000,0.150,0.330
5445.931,SEEK_ROUNDABOUT,26.093,0,2.508,0.0000,0.0000,none,,,,line_lost_stop,0.0000,0.0000,0,line_too_few_bands,0.0000,0.0000,0.0000,0.0000,0.0000,0,0.0000,0.0000,0.0000,0.0000,0.0000,IDLE,0,0,candidate_fields_invalid,0,0,0.000,0,1.3300,nan,0.0473,0.7926,1,5,0.0000,0.0000,0.0000,0.0000,0.0000,等待台阶,1,0.0000,0.150,0.330
5446.060,SEEK_ROUNDABOUT,26.222,0,2.508,0.0000,0.0000,none,,,,line_lost_stop,0.0000,0.0000,0,line_too_few_bands,0.0000,0.0000,0.0000,0.0000,0.0000,0,0.0000,0.0000,0.0000,0.0000,0.0000,IDLE,0,0,candidate_fields_invalid,0,0,0.000,1,1.3400,nan,0.0462,0.8652,5,5,0.0000,0.0000,0.0000,0.0000,0.0000,等待台阶,1,0.0000,0.150,0.330
5446.193,SEEK_ROUNDABOUT,26.355,0,2.508,0.0000,0.0000,none,,,,line_lost_stop,0.0000,0.0000,0,line_too_few_bands,0.0000,0.0000,0.0000,0.0000,0.0000,0,0.0000,0.0000,0.0000,0.0000,0.0000,IDLE,0,0,candidate_fields_invalid,0,0,0.000,1,1.3400,nan,0.0453,0.8472,9,5,0.0000,0.0000,0.0000,0.0000,0.0000,等待台阶,1,0.0000,0.150,0.330
5446.327,SEEK_ROUNDABOUT,26.489,0,2.510,0.0000,0.0000,none,,,,line_lost_stop,0.0000,0.0000,0,line_too_few_bands,0.0000,0.0000,0.0000,0.0000,0.0000,0,0.0000,0.0000,0.0000,0.0000,0.0000,IDLE,0,0,candidate_fields_invalid,0,0,0.000,0,1.3300,nan,0.0450,0.7582,2,5,0.0000,0.0000,0.0000,0.0000,0.0000,等待台阶,1,0.0000,0.150,0.330
5446.489,SEEK_ROUNDABOUT,26.651,0,2.511,0.0000,0.0000,none,,,,line_lost_stop,0.0000,0.0000,0,line_too_few_bands,0.0000,0.0000,0.0000,0.0000,0.0000,0,0.0000,0.0000,0.0000,0.0000,0.0000,IDLE,0,0,candidate_fields_invalid,0,0,0.000,1,1.3300,nan,0.0470,0.8145,7,5,0.0000,0.0000,0.0000,0.0000,0.0000,等待台阶,1,0.0000,0.150,0.330
5446.626,SEEK_ROUNDABOUT,26.788,0,2.512,0.0000,0.0000,none,,,,line_lost_stop,0.0000,0.0000,0,line_too_few_bands,0.0000,0.0000,0.0000,0.0000,0.0000,0,0.0000,0.0000,0.0000,0.0000,0.0000,IDLE,0,0,candidate_fields_invalid,0,0,0.000,1,1.3300,nan,0.0464,0.8864,11,5,0.0000,0.0000,0.0000,0.0000,0.0000,等待台阶,1,0.0000,0.150,0.330
5446.757,SEEK_ROUNDABOUT,26.919,0,2.513,0.0000,0.0000,none,,,,line_lost_stop,0.0000,0.0000,0,line_too_few_bands,0.0000,0.0000,0.0000,0.0000,0.0000,0,0.0000,0.0000,0.0000,0.0000,0.0000,IDLE,0,0,candidate_fields_invalid,0,0,0.000,1,1.3300,nan,0.0477,0.9035,15,5,0.0000,0.0000,0.0000,0.0000,0.0000,等待台阶,1,0.0000,0.150,0.330
5446.889,SEEK_ROUNDABOUT,27.050,0,2.514,0.0000,0.0000,none,,,,line_lost_stop,0.0000,0.0000,0,line_too_few_bands,0.0000,0.0000,0.0000,0.0000,0.0000,0,0.0000,0.0000,0.0000,0.0000,0.0000,IDLE,0,0,candidate_fields_invalid,0,0,0.000,1,1.3300,nan,0.0458,0.8005,19,5,0.0000,0.0000,0.0000,0.0000,0.0000,等待台阶,1,0.0000,0.150,0.330
5447.030,SEEK_ROUNDABOUT,27.191,0,2.514,0.0000,0.0000,none,,,,line_lost_stop,0.0000,0.0000,0,line_too_few_bands,0.0000,0.0000,0.0000,0.0000,0.0000,0,0.0000,0.0000,0.0000,0.0000,0.0000,IDLE,0,0,candidate_fields_invalid,0,0,0.000,1,1.3350,nan,0.0478,0.9084,23,5,0.0000,0.0000,0.0000,0.0000,0.0000,等待台阶,1,0.0000,0.150,0.330
5447.165,SEEK_ROUNDABOUT,27.326,0,2.514,0.0000,0.0000,none,,,,line_lost_stop,0.0000,0.0000,0,line_too_few_bands,0.0000,0.0000,0.0000,0.0000,0.0000,0,0.0000,0.0000,0.0000,0.0000,0.0000,IDLE,0,0,candidate_fields_invalid,0,0,0.000,1,1.3300,nan,0.0486,0.9141,27,5,0.0000,0.0000,0.0000,0.0000,0.0000,等待台阶,1,0.0000,0.150,0.330
5447.297,SEEK_ROUNDABOUT,27.459,0,2.514,0.0000,0.0000,none,,,,line_lost_stop,0.0000,0.0000,0,line_too_few_bands,0.0000,0.0000,0.0000,0.0000,0.0000,0,0.0000,0.0000,0.0000,0.0000,0.0000,IDLE,0,0,candidate_fields_invalid,0,0,0.000,1,1.3300,nan,0.0457,0.8625,31,5,0.0000,0.0000,0.0000,0.0000,0.0000,等待台阶,1,0.0000,0.150,0.330
5447.429,SEEK_ROUNDABOUT,27.590,0,2.516,0.0000,0.0000,none,,,,line_lost_stop,0.0000,0.0000,0,line_too_few_bands,0.0000,0.0000,0.0000,0.0000,0.0000,0,0.0000,0.0000,0.0000,0.0000,0.0000,IDLE,0,0,candidate_fields_invalid,0,0,0.000,1,1.3300,nan,0.0450,0.8501,34,5,0.0000,0.0000,0.0000,0.0000,0.0000,等待台阶,1,0.0000,0.150,0.330
5447.565,SEEK_ROUNDABOUT,27.726,0,2.516,0.0000,0.0000,none,,,,line_lost_stop,0.0000,0.0000,0,line_too_few_bands,0.0000,0.0000,0.0000,0.0000,0.0000,0,0.0000,0.0000,0.0000,0.0000,0.0000,IDLE,0,0,candidate_fields_invalid,0,0,0.000,1,1.3300,nan,0.0490,0.9164,38,5,0.0000,0.0000,0.0000,0.0000,0.0000,等待台阶,1,0.0000,0.150,0.330
5447.702,SEEK_ROUNDABOUT,27.864,0,2.516,0.0000,0.0000,none,,,,line_lost_stop,0.0000,0.0000,0,line_too_few_bands,0.0000,0.0000,0.0000,0.0000,0.0000,0,0.0000,0.0000,0.0000,0.0000,0.0000,IDLE,0,0,candidate_fields_invalid,0,0,0.000,1,1.3300,nan,0.0481,0.9113,42,5,0.0000,0.0000,0.0000,0.0000,0.0000,等待台阶,1,0.0000,0.150,0.330
5447.834,SEEK_ROUNDABOUT,27.996,0,2.516,0.0000,0.0000,none,,,,line_lost_stop,0.0000,0.0000,0,line_too_few_bands,0.0000,0.0000,0.0000,0.0000,0.0000,0,0.0000,0.0000,0.0000,0.0000,0.0000,IDLE,0,0,candidate_fields_invalid,0,0,0.000,1,1.3350,nan,0.0480,0.9140,45,5,0.0000,0.0000,0.0000,0.0000,0.0000,等待台阶,1,0.0000,0.150,0.330
5447.964,SEEK_ROUNDABOUT,28.125,0,2.516,0.0000,0.0000,none,,,,line_lost_stop,0.0000,0.0000,0,line_too_few_bands,0.0000,0.0000,0.0000,0.0000,0.0000,0,0.0000,0.0000,0.0000,0.0000,0.0000,IDLE,0,0,candidate_fields_invalid,0,0,0.000,1,1.3300,nan,0.0468,0.8879,49,5,0.0000,0.0000,0.0000,0.0000,0.0000,等待台阶,1,0.0000,0.150,0.330
5448.092,SEEK_ROUNDABOUT,28.253,0,2.516,0.0000,0.0000,none,,,,line_lost_stop,0.0000,0.0000,0,line_too_few_bands,0.0000,0.0000,0.0000,0.0000,0.0000,0,0.0000,0.0000,0.0000,0.0000,0.0000,IDLE,0,0,candidate_fields_invalid,0,0,0.000,1,1.3400,nan,0.0474,0.9165,52,5,0.0000,0.0000,0.0000,0.0000,0.0000,等待台阶,1,0.0000,0.150,0.330
5448.226,SEEK_ROUNDABOUT,28.388,0,2.517,0.0000,0.0000,none,,,,line_lost_stop,0.0000,0.0000,0,line_too_few_bands,0.0000,0.0000,0.0000,0.0000,0.0000,0,0.0000,0.0000,0.0000,0.0000,0.0000,IDLE,0,0,candidate_fields_invalid,0,0,0.000,1,1.3300,nan,0.0484,0.9115,56,5,0.0000,0.0000,0.0000,0.0000,0.0000,等待台阶,1,0.0000,0.150,0.330
5448.355,SEEK_ROUNDABOUT,28.517,0,2.517,0.0000,0.0000,none,,,,line_lost_stop,0.0000,0.0000,0,line_too_few_bands,0.0000,0.0000,0.0000,0.0000,0.0000,0,0.0000,0.0000,0.0000,0.0000,0.0000,IDLE,0,0,candidate_fields_invalid,0,0,0.000,1,1.3300,nan,0.0472,0.9093,60,5,0.0000,0.0000,0.0000,0.0000,0.0000,等待台阶,1,0.0000,0.150,0.330
5448.490,SEEK_ROUNDABOUT,28.652,0,2.517,0.0000,0.0000,none,,,,line_lost_stop,0.0000,0.0000,0,line_too_few_bands,0.0000,0.0000,0.0000,0.0000,0.0000,0,0.0000,0.0000,0.0000,0.0000,0.0000,IDLE,0,0,candidate_fields_invalid,0,0,0.000,1,1.3350,nan,0.0470,0.9095,64,5,0.0000,0.0000,0.0000,0.0000,0.0000,等待台阶,1,0.0000,0.150,0.330
5448.625,SEEK_ROUNDABOUT,28.787,0,2.517,0.0000,0.0000,none,,,,line_lost_stop,0.0000,0.0000,0,line_too_few_bands,0.0000,0.0000,0.0000,0.0000,0.0000,0,0.0000,0.0000,0.0000,0.0000,0.0000,IDLE,0,0,candidate_fields_invalid,0,0,0.000,1,1.3300,nan,0.0473,0.9153,68,5,0.0000,0.0000,0.0000,0.0000,0.0000,等待台阶,1,0.0000,0.150,0.330
5448.757,SEEK_ROUNDABOUT,28.918,0,2.517,0.0000,0.0000,none,,,,line_lost_stop,0.0000,0.0000,0,line_too_few_bands,0.0000,0.0000,0.0000,0.0000,0.0000,0,0.0000,0.0000,0.0000,0.0000,0.0000,IDLE,0,0,candidate_fields_invalid,0,0,0.000,1,1.3300,nan,0.0501,0.8751,72,5,0.0000,0.0000,0.0000,0.0000,0.0000,等待台阶,1,0.0000,0.150,0.330
5448.894,SEEK_ROUNDABOUT,29.056,0,2.517,0.0000,0.0000,none,,,,line_lost_stop,0.0000,0.0000,0,line_too_few_bands,0.0000,0.0000,0.0000,0.0000,0.0000,0,0.0000,0.0000,0.0000,0.0000,0.0000,IDLE,0,0,candidate_fields_invalid,0,0,0.000,1,1.3400,nan,0.0489,0.9309,76,5,0.0000,0.0000,0.0000,0.0000,0.0000,等待台阶,1,0.0000,0.150,0.330
5449.034,SEEK_ROUNDABOUT,29.196,0,2.517,0.0000,0.0000,none,,,,line_lost_stop,0.0000,0.0000,0,line_too_few_bands,0.0000,0.0000,0.0000,0.0000,0.0000,0,0.0000,0.0000,0.0000,0.0000,0.0000,IDLE,0,0,candidate_fields_invalid,0,0,0.000,1,1.3300,nan,0.0491,0.8762,80,5,0.0000,0.0000,0.0000,0.0000,0.0000,等待台阶,1,0.0000,0.150,0.330
5449.168,SEEK_ROUNDABOUT,29.329,0,2.517,0.0000,0.0000,none,,,,line_lost_stop,0.0000,0.0000,0,line_too_few_bands,0.0000,0.0000,0.0000,0.0000,0.0000,0,0.0000,0.0000,0.0000,0.0000,0.0000,IDLE,0,0,candidate_fields_invalid,0,0,0.000,1,1.3300,nan,0.0512,0.8670,85,5,0.0000,0.0000,0.0000,0.0000,0.0000,等待台阶,1,0.0000,0.150,0.330
5449.301,SEEK_ROUNDABOUT,29.462,0,2.517,0.0000,0.0000,none,,,,line_lost_stop,0.0000,0.0000,0,line_too_few_bands,0.0000,0.0000,0.0000,0.0000,0.0000,0,0.0000,0.0000,0.0000,0.0000,0.0000,IDLE,0,0,candidate_fields_invalid,0,0,0.000,1,1.3300,nan,0.0507,0.8778,88,5,0.0000,0.0000,0.0000,0.0000,0.0000,等待台阶,1,0.0000,0.150,0.330
5449.447,SEEK_ROUNDABOUT,29.608,0,2.517,0.0000,0.0000,none,,,,line_lost_stop,0.0000,0.0000,0,line_too_few_bands,0.0000,0.0000,0.0000,0.0000,0.0000,0,0.0000,0.0000,0.0000,0.0000,0.0000,IDLE,0,0,candidate_fields_invalid,0,0,0.000,1,1.3300,nan,0.0506,0.8823,93,5,0.0000,0.0000,0.0000,0.0000,0.0000,等待台阶,1,0.0000,0.150,0.330
5449.582,SEEK_ROUNDABOUT,29.744,0,2.517,0.0000,0.0000,none,,,,line_lost_stop,0.0000,0.0000,0,line_too_few_bands,0.0000,0.0000,0.0000,0.0000,0.0000,0,0.0000,0.0000,0.0000,0.0000,0.0000,IDLE,0,0,candidate_fields_invalid,0,0,0.000,1,1.3400,nan,0.0487,0.9318,97,5,0.0000,0.0000,0.0000,0.0000,0.0000,等待台阶,1,0.0000,0.150,0.330
5449.710,SEEK_ROUNDABOUT,29.872,0,2.517,0.0000,0.0000,none,,,,line_lost_stop,0.0000,0.0000,0,line_too_few_bands,0.0000,0.0000,0.0000,0.0000,0.0000,0,0.0000,0.0000,0.0000,0.0000,0.0000,IDLE,0,0,candidate_fields_invalid,0,0,0.000,1,1.3350,nan,0.0492,0.9385,101,5,0.0000,0.0000,0.0000,0.0000,0.0000,等待台阶,1,0.0000,0.150,0.330
5449.835,SEEK_ROUNDABOUT,29.997,0,2.517,0.0000,0.0000,none,,,,line_lost_stop,0.0000,0.0000,0,line_too_few_bands,0.0000,0.0000,0.0000,0.0000,0.0000,0,0.0000,0.0000,0.0000,0.0000,0.0000,IDLE,0,0,candidate_fields_invalid,0,0,0.000,1,1.3400,nan,0.0491,0.9416,104,5,0.0000,0.0000,0.0000,0.0000,0.0000,等待台阶,1,0.0000,0.150,0.330
5449.981,SEEK_ROUNDABOUT,30.143,0,2.517,0.0000,0.0000,none,,,,line_lost_stop,0.0000,0.0000,0,line_too_few_bands,0.0000,0.0000,0.0000,0.0000,0.0000,0,0.0000,0.0000,0.0000,0.0000,0.0000,IDLE,0,0,candidate_fields_invalid,0,0,0.000,1,1.3400,nan,0.0506,0.9524,109,5,0.0000,0.0000,0.0000,0.0000,0.0000,等待台阶,1,0.0000,0.150,0.330
5450.142,SEEK_ROUNDABOUT,30.304,0,2.517,0.0000,0.0000,none,,,,line_lost_stop,0.0000,0.0000,0,line_too_few_bands,0.0000,0.0000,0.0000,0.0000,0.0000,0,0.0000,0.0000,0.0000,0.0000,0.0000,IDLE,0,0,candidate_fields_invalid,0,0,0.000,1,1.3400,nan,0.0498,0.9597,113,5,0.0000,0.0000,0.0000,0.0000,0.0000,等待台阶,1,0.0000,0.150,0.330
5450.285,SEEK_ROUNDABOUT,30.446,0,2.517,0.0000,0.0000,none,,,,line_lost_stop,0.0000,0.0000,0,line_too_few_bands,0.0000,0.0000,0.0000,0.0000,0.0000,0,0.0000,0.0000,0.0000,0.0000,0.0000,IDLE,0,0,candidate_fields_invalid,0,0,0.000,1,1.3400,nan,0.0482,0.8829,118,5,0.0000,0.0000,0.0000,0.0000,0.0000,等待台阶,1,0.0000,0.150,0.330
5450.416,SEEK_ROUNDABOUT,30.578,0,2.517,0.0000,0.0000,none,,,,line_lost_stop,0.0000,0.0000,0,line_too_few_bands,0.0000,0.0000,0.0000,0.0000,0.0000,0,0.0000,0.0000,0.0000,0.0000,0.0000,IDLE,0,0,candidate_fields_invalid,0,0,0.000,1,1.3400,nan,0.0495,0.9641,121,5,0.0000,0.0000,0.0000,0.0000,0.0000,等待台阶,1,0.0000,0.150,0.330
5450.564,SEEK_ROUNDABOUT,30.726,0,2.517,0.0000,0.0000,none,,,,line_lost_stop,0.0000,0.0000,0,line_too_few_bands,0.0000,0.0000,0.0000,0.0000,0.0000,0,0.0000,0.0000,0.0000,0.0000,0.0000,IDLE,0,0,candidate_fields_invalid,0,0,0.000,1,1.3400,nan,0.0503,0.9683,126,5,0.0000,0.0000,0.0000,0.0000,0.0000,等待台阶,1,0.0000,0.150,0.330
5450.701,SEEK_ROUNDABOUT,30.863,0,2.517,0.0000,0.0000,none,,,,line_lost_stop,0.0000,0.0000,0,line_too_few_bands,0.0000,0.0000,0.0000,0.0000,0.0000,0,0.0000,0.0000,0.0000,0.0000,0.0000,IDLE,0,0,candidate_fields_invalid,0,0,0.000,1,1.3400,nan,0.0504,0.9625,130,5,0.0000,0.0000,0.0000,0.0000,0.0000,等待台阶,1,0.0000,0.150,0.330
5450.837,SEEK_ROUNDABOUT,30.999,0,2.518,0.0000,0.0000,none,,,,line_lost_stop,0.0000,0.0000,0,line_too_few_bands,0.0000,0.0000,0.0000,0.0000,0.0000,0,0.0000,0.0000,0.0000,0.0000,0.0000,IDLE,0,0,candidate_fields_invalid,0,0,0.000,1,1.3450,nan,0.0509,0.9514,134,5,0.0000,0.0000,0.0000,0.0000,0.0000,等待台阶,1,0.0000,0.150,0.330
5450.972,SEEK_ROUNDABOUT,31.134,0,2.518,0.0000,0.0000,none,,,,line_lost_stop,0.0000,0.0000,0,line_too_few_bands,0.0000,0.0000,0.0000,0.0000,0.0000,0,0.0000,0.0000,0.0000,0.0000,0.0000,IDLE,0,0,candidate_fields_invalid,0,0,0.000,1,1.3350,nan,0.0515,0.8739,138,5,0.0000,0.0000,0.0000,0.0000,0.0000,等待台阶,1,0.0000,0.150,0.330
5451.102,SEEK_ROUNDABOUT,31.264,0,2.518,0.0000,0.0000,none,,,,line_lost_stop,0.0000,0.0000,0,line_too_few_bands,0.0000,0.0000,0.0000,0.0000,0.0000,0,0.0000,0.0000,0.0000,0.0000,0.0000,IDLE,0,0,candidate_fields_invalid,0,0,0.000,1,1.3400,nan,0.0490,0.9436,142,5,0.0000,0.0000,0.0000,0.0000,0.0000,等待台阶,1,0.0000,0.150,0.330
5451.233,SEEK_ROUNDABOUT,31.395,0,2.518,0.0000,0.0000,none,,,,line_lost_stop,0.0000,0.0000,0,line_too_few_bands,0.0000,0.0000,0.0000,0.0000,0.0000,0,0.0000,0.0000,0.0000,0.0000,0.0000,IDLE,0,0,candidate_fields_invalid,0,0,0.000,1,1.3400,nan,0.0492,0.9390,146,5,0.0000,0.0000,0.0000,0.0000,0.0000,等待台阶,1,0.0000,0.150,0.330
5451.360,SEEK_ROUNDABOUT,31.521,0,2.518,0.0000,0.0000,none,,,,line_lost_stop,0.0000,0.0000,0,line_too_few_bands,0.0000,0.0000,0.0000,0.0000,0.0000,0,0.0000,0.0000,0.0000,0.0000,0.0000,IDLE,0,0,candidate_fields_invalid,0,0,0.000,1,1.3400,nan,0.0495,0.9482,149,5,0.0000,0.0000,0.0000,0.0000,0.0000,等待台阶,1,0.0000,0.150,0.330
5451.489,SEEK_ROUNDABOUT,31.650,0,2.519,0.0000,0.0000,none,,,,line_lost_stop,0.0000,0.0000,0,line_too_few_bands,0.0000,0.0000,0.0000,0.0000,0.0000,0,0.0000,0.0000,0.0000,0.0000,0.0000,IDLE,0,0,candidate_fields_invalid,0,0,0.000,1,1.3300,nan,0.0482,0.9153,153,5,0.0000,0.0000,0.0000,0.0000,0.0000,等待台阶,1,0.0000,0.150,0.330
5451.623,SEEK_ROUNDABOUT,31.784,0,2.520,0.0000,0.0000,none,,,,line_lost_stop,0.0000,0.0000,0,line_too_few_bands,0.0000,0.0000,0.0000,0.0000,0.0000,0,0.0000,0.0000,0.0000,0.0000,0.0000,IDLE,0,0,candidate_fields_invalid,0,0,0.000,1,1.3300,nan,0.0484,0.8589,157,5,0.0000,0.0000,0.0000,0.0000,0.0000,等待台阶,1,0.0000,0.150,0.330
5451.755,SEEK_ROUNDABOUT,31.917,0,2.520,0.0000,0.0000,none,,,,line_lost_stop,0.0000,0.0000,0,line_too_few_bands,0.0000,0.0000,0.0000,0.0000,0.0000,0,0.0000,0.0000,0.0000,0.0000,0.0000,IDLE,0,0,candidate_fields_invalid,0,0,0.000,1,1.3400,nan,0.0488,0.9157,161,5,0.0000,0.0000,0.0000,0.0000,0.0000,等待台阶,1,0.0000,0.150,0.330
5451.882,SEEK_ROUNDABOUT,32.044,0,2.521,0.0000,0.0000,none,,,,line_lost_stop,0.0000,0.0000,0,line_too_few_bands,0.0000,0.0000,0.0000,0.0000,0.0000,0,0.0000,0.0000,0.0000,0.0000,0.0000,IDLE,0,0,candidate_fields_invalid,0,0,0.000,1,1.3300,nan,0.0481,0.9056,165,5,0.0000,0.0000,0.0000,0.0000,0.0000,等待台阶,1,0.0000,0.150,0.330
5452.007,SEEK_ROUNDABOUT,32.169,0,2.522,0.0000,0.0000,none,,,,line_lost_stop,0.0000,0.0000,0,line_too_few_bands,0.0000,0.0000,0.0000,0.0000,0.0000,0,0.0000,0.0000,0.0000,0.0000,0.0000,IDLE,0,0,candidate_fields_invalid,0,0,0.000,1,1.3300,nan,0.0470,0.8885,169,5,0.0000,0.0000,0.0000,0.0000,0.0000,等待台阶,1,0.0000,0.150,0.330
5452.143,SEEK_ROUNDABOUT,32.304,0,2.522,0.0000,0.0000,none,,,,line_lost_stop,0.0000,0.0000,0,line_too_few_bands,0.0000,0.0000,0.0000,0.0000,0.0000,0,0.0000,0.0000,0.0000,0.0000,0.0000,IDLE,0,0,candidate_fields_invalid,0,0,0.000,1,1.3300,nan,0.0493,0.9231,173,5,0.0000,0.0000,0.0000,0.0000,0.0000,等待台阶,1,0.0000,0.150,0.330
5452.273,SEEK_ROUNDABOUT,32.435,0,2.522,0.0000,0.0000,none,,,,line_lost_stop,0.0000,0.0000,0,line_too_few_bands,0.0000,0.0000,0.0000,0.0000,0.0000,0,0.0000,0.0000,0.0000,0.0000,0.0000,IDLE,0,0,candidate_fields_invalid,0,0,0.000,1,1.3400,nan,0.0480,0.9058,177,5,0.0000,0.0000,0.0000,0.0000,0.0000,等待台阶,1,0.0000,0.150,0.330
5452.403,SEEK_ROUNDABOUT,32.564,0,2.522,0.0000,0.0000,none,,,,line_lost_stop,0.0000,0.0000,0,line_too_few_bands,0.0000,0.0000,0.0000,0.0000,0.0000,0,0.0000,0.0000,0.0000,0.0000,0.0000,IDLE,0,0,candidate_fields_invalid,0,0,0.000,1,1.3300,nan,0.0482,0.9088,180,5,0.0000,0.0000,0.0000,0.0000,0.0000,等待台阶,1,0.0000,0.150,0.330
5452.528,SEEK_ROUNDABOUT,32.690,0,2.522,0.0000,0.0000,none,,,,line_lost_stop,0.0000,0.0000,0,line_too_few_bands,0.0000,0.0000,0.0000,0.0000,0.0000,0,0.0000,0.0000,0.0000,0.0000,0.0000,IDLE,0,0,candidate_fields_invalid,0,0,0.000,1,1.3300,nan,0.0497,0.9411,183,5,0.0000,0.0000,0.0000,0.0000,0.0000,等待台阶,1,0.0000,0.150,0.330
5452.665,SEEK_ROUNDABOUT,32.826,0,2.522,0.0000,0.0000,none,,,,line_lost_stop,0.0000,0.0000,0,line_too_few_bands,0.0000,0.0000,0.0000,0.0000,0.0000,0,0.0000,0.0000,0.0000,0.0000,0.0000,IDLE,0,0,candidate_fields_invalid,0,0,0.000,1,1.3300,nan,0.0509,0.9340,187,5,0.0000,0.0000,0.0000,0.0000,0.0000,等待台阶,1,0.0000,0.150,0.330
5452.797,SEEK_ROUNDABOUT,32.959,0,2.522,0.0000,0.0000,none,,,,line_lost_stop,0.0000,0.0000,0,line_too_few_bands,0.0000,0.0000,0.0000,0.0000,0.0000,0,0.0000,0.0000,0.0000,0.0000,0.0000,IDLE,0,0,candidate_fields_invalid,0,0,0.000,1,1.3400,nan,0.0483,0.9368,190,5,0.0000,0.0000,0.0000,0.0000,0.0000,等待台阶,1,0.0000,0.150,0.330
5452.923,SEEK_ROUNDABOUT,33.085,0,2.524,0.0000,0.0000,none,,,,line_lost_stop,0.0000,0.0000,0,line_too_few_bands,0.0000,0.0000,0.0000,0.0000,0.0000,0,0.0000,0.0000,0.0000,0.0000,0.0000,IDLE,0,0,candidate_fields_invalid,0,0,0.000,1,1.3400,nan,0.0505,0.9644,194,5,0.0000,0.0000,0.0000,0.0000,0.0000,等待台阶,1,0.0000,0.150,0.330
5453.054,SEEK_ROUNDABOUT,33.216,0,2.524,0.0000,0.0000,none,,,,line_lost_stop,0.0000,0.0000,0,line_too_few_bands,0.0000,0.0000,0.0000,0.0000,0.0000,0,0.0000,0.0000,0.0000,0.0000,0.0000,IDLE,0,0,candidate_fields_invalid,0,0,0.000,1,1.3400,nan,0.0492,0.9606,198,5,0.0000,0.0000,0.0000,0.0000,0.0000,等待台阶,1,0.0000,0.150,0.330
5453.187,SEEK_ROUNDABOUT,33.348,0,2.525,0.0000,0.0000,none,,,,line_lost_stop,0.0000,0.0000,0,line_too_few_bands,0.0000,0.0000,0.0000,0.0000,0.0000,0,0.0000,0.0000,0.0000,0.0000,0.0000,IDLE,0,0,candidate_fields_invalid,0,0,0.000,1,1.3500,nan,0.0509,0.9595,202,5,0.0000,0.0000,0.0000,0.0000,0.0000,等待台阶,1,0.0000,0.150,0.330
5453.314,SEEK_ROUNDABOUT,33.475,0,2.525,0.0000,0.0000,none,,,,line_lost_stop,0.0000,0.0000,0,line_too_few_bands,0.0000,0.0000,0.0000,0.0000,0.0000,0,0.0000,0.0000,0.0000,0.0000,0.0000,IDLE,0,0,candidate_fields_invalid,0,0,0.000,1,1.3400,nan,0.0495,0.9434,205,5,0.0000,0.0000,0.0000,0.0000,0.0000,等待台阶,1,0.0000,0.150,0.330
5453.444,SEEK_ROUNDABOUT,33.606,0,2.525,0.0000,0.0000,none,,,,line_lost_stop,0.0000,0.0000,0,line_too_few_bands,0.0000,0.0000,0.0000,0.0000,0.0000,0,0.0000,0.0000,0.0000,0.0000,0.0000,IDLE,0,0,candidate_fields_invalid,0,0,0.000,1,1.3400,nan,0.0485,0.8699,209,5,0.0000,0.0000,0.0000,0.0000,0.0000,等待台阶,1,0.0000,0.150,0.330
5453.569,SEEK_ROUNDABOUT,33.731,0,2.525,0.0000,0.0000,none,,,,line_lost_stop,0.0000,0.0000,0,line_too_few_bands,0.0000,0.0000,0.0000,0.0000,0.0000,0,0.0000,0.0000,0.0000,0.0000,0.0000,IDLE,0,0,candidate_fields_invalid,0,0,0.000,1,1.3400,nan,0.0482,0.9266,213,5,0.0000,0.0000,0.0000,0.0000,0.0000,等待台阶,1,0.0000,0.150,0.330
5453.698,SEEK_ROUNDABOUT,33.860,0,2.525,0.0000,0.0000,none,,,,line_lost_stop,0.0000,0.0000,0,line_too_few_bands,0.0000,0.0000,0.0000,0.0000,0.0000,0,0.0000,0.0000,0.0000,0.0000,0.0000,IDLE,0,0,candidate_fields_invalid,0,0,0.000,1,1.3400,nan,0.0482,0.9200,217,5,0.0000,0.0000,0.0000,0.0000,0.0000,等待台阶,1,0.0000,0.150,0.330
5453.831,SEEK_ROUNDABOUT,33.993,0,2.526,0.0000,0.0000,none,,,,line_lost_stop,0.0000,0.0000,0,line_too_few_bands,0.0000,0.0000,0.0000,0.0000,0.0000,0,0.0000,0.0000,0.0000,0.0000,0.0000,IDLE,0,0,candidate_fields_invalid,0,0,0.000,1,1.3400,nan,0.0495,0.9277,221,5,0.0000,0.0000,0.0000,0.0000,0.0000,等待台阶,1,0.0000,0.150,0.330
5453.968,SEEK_ROUNDABOUT,34.130,0,2.527,0.0000,0.0000,none,,,,line_lost_stop,0.0000,0.0000,0,line_too_few_bands,0.0000,0.0000,0.0000,0.0000,0.0000,0,0.0000,0.0000,0.0000,0.0000,0.0000,IDLE,0,0,candidate_fields_invalid,0,0,0.000,0,nan,nan,nan,0.0000,0,5,0.0000,0.0000,0.0000,0.0000,0.0000,等待台阶,1,0.0000,0.150,0.330
5454.100,SEEK_ROUNDABOUT,34.262,0,2.528,0.0000,0.0000,none,,,,line_lost_stop,0.0000,0.0000,0,line_too_few_bands,0.0000,0.0000,0.0000,0.0000,0.0000,0,0.0000,0.0000,0.0000,0.0000,0.0000,IDLE,0,0,candidate_fields_invalid,0,0,0.000,0,1.3300,nan,0.0465,0.8765,4,5,0.0000,0.0000,0.0000,0.0000,0.0000,等待台阶,1,0.0000,0.150,0.330
5454.243,SEEK_ROUNDABOUT,34.405,0,2.529,0.0000,0.0000,none,,,,line_lost_stop,0.0000,0.0000,0,line_too_few_bands,0.0000,0.0000,0.0000,0.0000,0.0000,0,0.0000,0.0000,0.0000,0.0000,0.0000,IDLE,0,0,candidate_fields_invalid,0,0,0.000,1,1.3350,nan,0.0484,0.9102,8,5,0.0000,0.0000,0.0000,0.0000,0.0000,等待台阶,1,0.0000,0.150,0.330
5454.371,SEEK_ROUNDABOUT,34.533,0,2.529,0.0000,0.0000,none,,,,line_lost_stop,0.0000,0.0000,0,line_too_few_bands,0.0000,0.0000,0.0000,0.0000,0.0000,0,0.0000,0.0000,0.0000,0.0000,0.0000,IDLE,0,0,candidate_fields_invalid,0,0,0.000,1,1.3300,nan,0.0486,0.8466,12,5,0.0000,0.0000,0.0000,0.0000,0.0000,等待台阶,1,0.0000,0.150,0.330
5454.497,SEEK_ROUNDABOUT,34.658,0,2.529,0.0000,0.0000,none,,,,line_lost_stop,0.0000,0.0000,0,line_too_few_bands,0.0000,0.0000,0.0000,0.0000,0.0000,0,0.0000,0.0000,0.0000,0.0000,0.0000,IDLE,0,0,candidate_fields_invalid,0,0,0.000,1,1.3300,nan,0.0487,0.8470,16,5,0.0000,0.0000,0.0000,0.0000,0.0000,等待台阶,1,0.0000,0.150,0.330
5454.626,SEEK_ROUNDABOUT,34.788,0,2.529,0.0000,0.0000,none,,,,line_lost_stop,0.0000,0.0000,0,line_too_few_bands,0.0000,0.0000,0.0000,0.0000,0.0000,0,0.0000,0.0000,0.0000,0.0000,0.0000,IDLE,0,0,candidate_fields_invalid,0,0,0.000,1,1.3400,nan,0.0493,0.9372,19,5,0.0000,0.0000,0.0000,0.0000,0.0000,等待台阶,1,0.0000,0.150,0.330
5454.759,SEEK_ROUNDABOUT,34.920,0,2.529,0.0000,0.0000,none,,,,line_lost_stop,0.0000,0.0000,0,line_too_few_bands,0.0000,0.0000,0.0000,0.0000,0.0000,0,0.0000,0.0000,0.0000,0.0000,0.0000,IDLE,0,0,candidate_fields_invalid,0,0,0.000,1,1.3300,nan,0.0513,0.9166,24,5,0.0000,0.0000,0.0000,0.0000,0.0000,等待台阶,1,0.0000,0.150,0.330
5454.884,SEEK_ROUNDABOUT,35.045,0,2.529,0.0000,0.0000,none,,,,line_lost_stop,0.0000,0.0000,0,line_too_few_bands,0.0000,0.0000,0.0000,0.0000,0.0000,0,0.0000,0.0000,0.0000,0.0000,0.0000,IDLE,0,0,candidate_fields_invalid,0,0,0.000,1,1.3300,nan,0.0506,0.9435,27,5,0.0000,0.0000,0.0000,0.0000,0.0000,等待台阶,1,0.0000,0.150,0.330
5455.008,SEEK_ROUNDABOUT,35.170,0,2.530,0.0000,0.0000,none,,,,line_lost_stop,0.0000,0.0000,0,line_too_few_bands,0.0000,0.0000,0.0000,0.0000,0.0000,0,0.0000,0.0000,0.0000,0.0000,0.0000,IDLE,0,0,candidate_fields_invalid,0,0,0.000,1,1.3400,nan,0.0510,0.9327,31,5,0.0000,0.0000,0.0000,0.0000,0.0000,等待台阶,1,0.0000,0.150,0.330
5455.143,SEEK_ROUNDABOUT,35.305,0,2.531,0.0000,0.0000,none,,,,line_lost_stop,0.0000,0.0000,0,line_too_few_bands,0.0000,0.0000,0.0000,0.0000,0.0000,0,0.0000,0.0000,0.0000,0.0000,0.0000,IDLE,0,0,candidate_fields_invalid,0,0,0.000,1,1.3400,nan,0.0502,0.9576,35,5,0.0000,0.0000,0.0000,0.0000,0.0000,等待台阶,1,0.0000,0.150,0.330
5455.278,SEEK_ROUNDABOUT,35.440,0,2.532,0.0000,0.0000,none,,,,line_lost_stop,0.0000,0.0000,0,line_too_few_bands,0.0000,0.0000,0.0000,0.0000,0.0000,0,0.0000,0.0000,0.0000,0.0000,0.0000,IDLE,0,0,candidate_fields_invalid,0,0,0.000,1,1.3400,nan,0.0514,0.9410,39,5,0.0000,0.0000,0.0000,0.0000,0.0000,等待台阶,1,0.0000,0.150,0.330
5455.402,SEEK_ROUNDABOUT,35.564,0,2.533,0.0000,0.0000,none,,,,line_lost_stop,0.0000,0.0000,0,line_too_few_bands,0.0000,0.0000,0.0000,0.0000,0.0000,0,0.0000,0.0000,0.0000,0.0000,0.0000,IDLE,0,0,candidate_fields_invalid,0,0,0.000,1,1.3400,nan,0.0499,0.9604,42,5,0.0000,0.0000,0.0000,0.0000,0.0000,等待台阶,1,0.0000,0.150,0.330
5455.538,SEEK_ROUNDABOUT,35.700,0,2.533,0.0000,0.0000,none,,,,line_lost_stop,0.0000,0.0000,0,line_too_few_bands,0.0000,0.0000,0.0000,0.0000,0.0000,0,0.0000,0.0000,0.0000,0.0000,0.0000,IDLE,0,0,candidate_fields_invalid,0,0,0.000,1,1.3400,nan,0.0498,0.9573,47,5,0.0000,0.0000,0.0000,0.0000,0.0000,等待台阶,1,0.0000,0.150,0.330
5455.665,SEEK_ROUNDABOUT,35.827,0,2.533,0.0000,0.0000,none,,,,line_lost_stop,0.0000,0.0000,0,line_too_few_bands,0.0000,0.0000,0.0000,0.0000,0.0000,0,0.0000,0.0000,0.0000,0.0000,0.0000,IDLE,0,0,candidate_fields_invalid,0,0,0.000,1,1.3500,nan,0.0506,0.9584,50,5,0.0000,0.0000,0.0000,0.0000,0.0000,等待台阶,1,0.0000,0.150,0.330
5455.793,SEEK_ROUNDABOUT,35.954,0,2.533,0.0000,0.0000,none,,,,line_lost_stop,0.0000,0.0000,0,line_too_few_bands,0.0000,0.0000,0.0000,0.0000,0.0000,0,0.0000,0.0000,0.0000,0.0000,0.0000,IDLE,0,0,candidate_fields_invalid,0,0,0.000,1,1.3400,nan,0.0538,0.8962,54,5,0.0000,0.0000,0.0000,0.0000,0.0000,等待台阶,1,0.0000,0.150,0.330
5455.918,SEEK_ROUNDABOUT,36.079,0,2.533,0.0000,0.0000,none,,,,line_lost_stop,0.0000,0.0000,0,line_too_few_bands,0.0000,0.0000,0.0000,0.0000,0.0000,0,0.0000,0.0000,0.0000,0.0000,0.0000,IDLE,0,0,candidate_fields_invalid,0,0,0.000,1,1.3400,nan,0.0496,0.9518,58,5,0.0000,0.0000,0.0000,0.0000,0.0000,等待台阶,1,0.0000,0.150,0.330
5456.046,SEEK_ROUNDABOUT,36.208,0,2.533,0.0000,0.0000,none,,,,line_lost_stop,0.0000,0.0000,0,line_too_few_bands,0.0000,0.0000,0.0000,0.0000,0.0000,0,0.0000,0.0000,0.0000,0.0000,0.0000,IDLE,0,0,candidate_fields_invalid,0,0,0.000,1,1.3500,nan,0.0470,0.9078,62,5,0.0000,0.0000,0.0000,0.0000,0.0000,等待台阶,1,0.0000,0.150,0.330
5456.174,SEEK_ROUNDABOUT,36.336,0,2.533,0.0000,0.0000,none,,,,line_lost_stop,0.0000,0.0000,0,line_too_few_bands,0.0000,0.0000,0.0000,0.0000,0.0000,0,0.0000,0.0000,0.0000,0.0000,0.0000,IDLE,0,0,candidate_fields_invalid,0,0,0.000,1,1.3400,nan,0.0489,0.9028,65,5,0.0000,0.0000,0.0000,0.0000,0.0000,等待台阶,1,0.0000,0.150,0.330
5456.301,SEEK_ROUNDABOUT,36.463,0,2.534,0.0000,0.0000,none,,,,line_lost_stop,0.0000,0.0000,0,line_too_few_bands,0.0000,0.0000,0.0000,0.0000,0.0000,0,0.0000,0.0000,0.0000,0.0000,0.0000,IDLE,0,0,candidate_fields_invalid,0,0,0.000,1,1.3400,nan,0.0479,0.8850,69,5,0.0000,0.0000,0.0000,0.0000,0.0000,等待台阶,1,0.0000,0.150,0.330
5456.426,SEEK_ROUNDABOUT,36.587,0,2.535,0.0000,0.0000,none,,,,line_lost_stop,0.0000,0.0000,0,line_too_few_bands,0.0000,0.0000,0.0000,0.0000,0.0000,0,0.0000,0.0000,0.0000,0.0000,0.0000,IDLE,0,0,candidate_fields_invalid,0,0,0.000,1,1.3400,nan,0.0468,0.8802,73,5,0.0000,0.0000,0.0000,0.0000,0.0000,等待台阶,1,0.0000,0.150,0.330
5456.556,SEEK_ROUNDABOUT,36.718,0,2.536,0.0000,0.0000,none,,,,line_lost_stop,0.0000,0.0000,0,line_too_few_bands,0.0000,0.0000,0.0000,0.0000,0.0000,0,0.0000,0.0000,0.0000,0.0000,0.0000,IDLE,0,0,candidate_fields_invalid,0,0,0.000,1,1.3300,nan,0.0479,0.8933,77,5,0.0000,0.0000,0.0000,0.0000,0.0000,等待台阶,1,0.0000,0.150,0.330
5456.719,SEEK_ROUNDABOUT,36.881,0,2.536,0.0000,0.0000,none,,,,line_lost_stop,0.0000,0.0000,0,line_too_few_bands,0.0000,0.0000,0.0000,0.0000,0.0000,0,0.0000,0.0000,0.0000,0.0000,0.0000,IDLE,0,0,candidate_fields_invalid,0,0,0.000,1,1.3300,nan,0.0488,0.9193,82,5,0.0000,0.0000,0.0000,0.0000,0.0000,等待台阶,1,0.0000,0.150,0.330
5456.862,SEEK_ROUNDABOUT,37.024,0,2.536,0.0000,0.0000,none,,,,line_lost_stop,0.0000,0.0000,0,line_too_few_bands,0.0000,0.0000,0.0000,0.0000,0.0000,0,0.0000,0.0000,0.0000,0.0000,0.0000,IDLE,0,0,candidate_fields_invalid,0,0,0.000,1,1.3300,nan,0.0492,0.8575,86,5,0.0000,0.0000,0.0000,0.0000,0.0000,等待台阶,1,0.0000,0.150,0.330
5456.992,SEEK_ROUNDABOUT,37.154,0,2.536,0.0000,0.0000,none,,,,line_lost_stop,0.0000,0.0000,0,line_too_few_bands,0.0000,0.0000,0.0000,0.0000,0.0000,0,0.0000,0.0000,0.0000,0.0000,0.0000,IDLE,0,0,candidate_fields_invalid,0,0,0.000,1,1.3400,nan,0.0491,0.9319,90,5,0.0000,0.0000,0.0000,0.0000,0.0000,等待台阶,1,0.0000,0.150,0.330
5457.125,SEEK_ROUNDABOUT,37.286,0,2.536,0.0000,0.0000,none,,,,line_lost_stop,0.0000,0.0000,0,line_too_few_bands,0.0000,0.0000,0.0000,0.0000,0.0000,0,0.0000,0.0000,0.0000,0.0000,0.0000,IDLE,0,0,candidate_fields_invalid,0,0,0.000,1,1.3300,nan,0.0492,0.8619,94,5,0.0000,0.0000,0.0000,0.0000,0.0000,等待台阶,1,0.0000,0.150,0.330
5457.253,SEEK_ROUNDABOUT,37.415,0,2.536,0.0000,0.0000,none,,,,line_lost_stop,0.0000,0.0000,0,line_too_few_bands,0.0000,0.0000,0.0000,0.0000,0.0000,0,0.0000,0.0000,0.0000,0.0000,0.0000,IDLE,0,0,candidate_fields_invalid,0,0,0.000,1,1.3400,nan,0.0468,0.9030,98,5,0.0000,0.0000,0.0000,0.0000,0.0000,等待台阶,1,0.0000,0.150,0.330
5457.385,SEEK_ROUNDABOUT,37.546,0,2.536,0.0000,0.0000,none,,,,line_lost_stop,0.0000,0.0000,0,line_too_few_bands,0.0000,0.0000,0.0000,0.0000,0.0000,0,0.0000,0.0000,0.0000,0.0000,0.0000,IDLE,0,0,candidate_fields_invalid,0,0,0.000,1,1.3400,nan,0.0477,0.9221,101,5,0.0000,0.0000,0.0000,0.0000,0.0000,等待台阶,1,0.0000,0.150,0.330
5457.519,SEEK_ROUNDABOUT,37.680,0,2.536,0.0000,0.0000,none,,,,line_lost_stop,0.0000,0.0000,0,line_too_few_bands,0.0000,0.0000,0.0000,0.0000,0.0000,0,0.0000,0.0000,0.0000,0.0000,0.0000,IDLE,0,0,candidate_fields_invalid,0,0,0.000,1,1.3400,nan,0.0494,0.9514,105,5,0.0000,0.0000,0.0000,0.0000,0.0000,等待台阶,1,0.0000,0.150,0.330
5457.645,SEEK_ROUNDABOUT,37.807,0,2.537,0.0000,0.0000,none,,,,line_lost_stop,0.0000,0.0000,0,line_too_few_bands,0.0000,0.0000,0.0000,0.0000,0.0000,0,0.0000,0.0000,0.0000,0.0000,0.0000,IDLE,0,0,candidate_fields_invalid,0,0,0.000,1,1.3400,nan,0.0504,0.9567,109,5,0.0000,0.0000,0.0000,0.0000,0.0000,等待台阶,1,0.0000,0.150,0.330
5457.774,SEEK_ROUNDABOUT,37.936,0,2.538,0.0000,0.0000,none,,,,line_lost_stop,0.0000,0.0000,0,line_too_few_bands,0.0000,0.0000,0.0000,0.0000,0.0000,0,0.0000,0.0000,0.0000,0.0000,0.0000,IDLE,0,0,candidate_fields_invalid,0,0,0.000,1,1.3450,nan,0.0511,0.9497,113,5,0.0000,0.0000,0.0000,0.0000,0.0000,等待台阶,1,0.0000,0.150,0.330
5457.903,SEEK_ROUNDABOUT,38.065,0,2.539,0.0000,0.0000,none,,,,line_lost_stop,0.0000,0.0000,0,line_too_few_bands,0.0000,0.0000,0.0000,0.0000,0.0000,0,0.0000,0.0000,0.0000,0.0000,0.0000,IDLE,0,0,candidate_fields_invalid,0,0,0.000,1,1.3400,nan,0.0524,0.8978,117,5,0.0000,0.0000,0.0000,0.0000,0.0000,等待台阶,1,0.0000,0.150,0.330
5458.027,SEEK_ROUNDABOUT,38.189,0,2.539,0.0000,0.0000,none,,,,line_lost_stop,0.0000,0.0000,0,line_too_few_bands,0.0000,0.0000,0.0000,0.0000,0.0000,0,0.0000,0.0000,0.0000,0.0000,0.0000,IDLE,0,0,candidate_fields_invalid,0,0,0.000,1,1.3400,nan,0.0501,0.9593,120,5,0.0000,0.0000,0.0000,0.0000,0.0000,等待台阶,1,0.0000,0.150,0.330
5458.160,SEEK_ROUNDABOUT,38.322,0,2.539,0.0000,0.0000,none,,,,line_lost_stop,0.0000,0.0000,0,line_too_few_bands,0.0000,0.0000,0.0000,0.0000,0.0000,0,0.0000,0.0000,0.0000,0.0000,0.0000,IDLE,0,0,candidate_fields_invalid,0,0,0.000,1,1.3400,nan,0.0498,0.9493,124,5,0.0000,0.0000,0.0000,0.0000,0.0000,等待台阶,1,0.0000,0.150,0.330
5458.287,SEEK_ROUNDABOUT,38.449,0,2.539,0.0000,0.0000,none,,,,line_lost_stop,0.0000,0.0000,0,line_too_few_bands,0.0000,0.0000,0.0000,0.0000,0.0000,0,0.0000,0.0000,0.0000,0.0000,0.0000,IDLE,0,0,candidate_fields_invalid,0,0,0.000,1,1.3400,nan,0.0499,0.9536,128,5,0.0000,0.0000,0.0000,0.0000,0.0000,等待台阶,1,0.0000,0.150,0.330
5458.419,SEEK_ROUNDABOUT,38.580,0,2.539,0.0000,0.0000,none,,,,line_lost_stop,0.0000,0.0000,0,line_too_few_bands,0.0000,0.0000,0.0000,0.0000,0.0000,0,0.0000,0.0000,0.0000,0.0000,0.0000,IDLE,0,0,candidate_fields_invalid,0,0,0.000,1,1.3300,nan,0.0492,0.8853,132,5,0.0000,0.0000,0.0000,0.0000,0.0000,等待台阶,1,0.0000,0.150,0.330
5458.556,SEEK_ROUNDABOUT,38.717,0,2.539,0.0000,0.0000,none,,,,line_lost_stop,0.0000,0.0000,0,line_too_few_bands,0.0000,0.0000,0.0000,0.0000,0.0000,0,0.0000,0.0000,0.0000,0.0000,0.0000,IDLE,0,0,candidate_fields_invalid,0,0,0.000,1,1.3400,nan,0.0472,0.9127,136,5,0.0000,0.0000,0.0000,0.0000,0.0000,等待台阶,1,0.0000,0.150,0.330
5458.683,SEEK_ROUNDABOUT,38.845,0,2.540,0.0000,0.0000,none,,,,line_lost_stop,0.0000,0.0000,0,line_too_few_bands,0.0000,0.0000,0.0000,0.0000,0.0000,0,0.0000,0.0000,0.0000,0.0000,0.0000,IDLE,0,0,candidate_fields_invalid,0,0,0.000,1,1.3400,nan,0.0469,0.8764,140,5,0.0000,0.0000,0.0000,0.0000,0.0000,等待台阶,1,0.0000,0.150,0.330
5458.818,SEEK_ROUNDABOUT,38.980,0,2.541,0.0000,0.0000,none,,,,line_lost_stop,0.0000,0.0000,0,line_too_few_bands,0.0000,0.0000,0.0000,0.0000,0.0000,0,0.0000,0.0000,0.0000,0.0000,0.0000,IDLE,0,0,candidate_fields_invalid,0,0,0.000,1,1.3200,nan,0.0457,0.7545,144,5,0.0000,0.0000,0.0000,0.0000,0.0000,等待台阶,1,0.0000,0.150,0.330
5458.952,SEEK_ROUNDABOUT,39.114,0,2.543,0.0000,0.0000,none,,,,line_lost_stop,0.0000,0.0000,0,line_too_few_bands,0.0000,0.0000,0.0000,0.0000,0.0000,0,0.0000,0.0000,0.0000,0.0000,0.0000,IDLE,0,0,candidate_fields_invalid,0,0,0.000,1,1.3300,nan,0.0457,0.8626,148,5,0.0000,0.0000,0.0000,0.0000,0.0000,等待台阶,1,0.0000,0.150,0.330
5459.077,SEEK_ROUNDABOUT,39.239,0,2.544,0.0000,0.0000,none,,,,line_lost_stop,0.0000,0.0000,0,line_too_few_bands,0.0000,0.0000,0.0000,0.0000,0.0000,0,0.0000,0.0000,0.0000,0.0000,0.0000,IDLE,0,0,candidate_fields_invalid,0,0,0.000,1,1.3300,nan,0.0456,0.8648,152,5,0.0000,0.0000,0.0000,0.0000,0.0000,等待台阶,1,0.0000,0.150,0.330
5459.210,SEEK_ROUNDABOUT,39.372,0,2.545,0.0000,0.0000,none,,,,line_lost_stop,0.0000,0.0000,0,line_too_few_bands,0.0000,0.0000,0.0000,0.0000,0.0000,0,0.0000,0.0000,0.0000,0.0000,0.0000,IDLE,0,0,candidate_fields_invalid,0,0,0.000,1,1.3300,nan,0.0490,0.9294,156,5,0.0000,0.0000,0.0000,0.0000,0.0000,等待台阶,1,0.0000,0.150,0.330
5459.344,SEEK_ROUNDABOUT,39.505,0,2.545,0.0000,0.0000,none,,,,line_lost_stop,0.0000,0.0000,0,line_too_few_bands,0.0000,0.0000,0.0000,0.0000,0.0000,0,0.0000,0.0000,0.0000,0.0000,0.0000,IDLE,0,0,candidate_fields_invalid,0,0,0.000,1,1.3300,nan,0.0484,0.9119,159,5,0.0000,0.0000,0.0000,0.0000,0.0000,等待台阶,1,0.0000,0.150,0.330
5459.470,SEEK_ROUNDABOUT,39.631,0,2.545,0.0000,0.0000,none,,,,line_lost_stop,0.0000,0.0000,0,line_too_few_bands,0.0000,0.0000,0.0000,0.0000,0.0000,0,0.0000,0.0000,0.0000,0.0000,0.0000,IDLE,0,0,candidate_fields_invalid,0,0,0.000,1,1.3300,nan,0.0490,0.9242,163,5,0.0000,0.0000,0.0000,0.0000,0.0000,等待台阶,1,0.0000,0.150,0.330
5459.598,SEEK_ROUNDABOUT,39.760,0,2.545,0.0000,0.0000,none,,,,line_lost_stop,0.0000,0.0000,0,line_too_few_bands,0.0000,0.0000,0.0000,0.0000,0.0000,0,0.0000,0.0000,0.0000,0.0000,0.0000,IDLE,0,0,candidate_fields_invalid,0,0,0.000,1,1.3300,nan,0.0497,0.9441,167,5,0.0000,0.0000,0.0000,0.0000,0.0000,等待台阶,1,0.0000,0.150,0.330
5459.735,SEEK_ROUNDABOUT,39.896,0,2.546,0.0000,0.0000,none,,,,line_lost_stop,0.0000,0.0000,0,line_too_few_bands,0.0000,0.0000,0.0000,0.0000,0.0000,0,0.0000,0.0000,0.0000,0.0000,0.0000,IDLE,0,0,candidate_fields_invalid,0,0,0.000,1,1.3400,nan,0.0495,0.9647,171,5,0.0000,0.0000,0.0000,0.0000,0.0000,等待台阶,1,0.0000,0.150,0.330
5460.065,SEEK_ROUNDABOUT,40.227,0,2.548,0.0000,0.0000,none,,,,line_lost_stop,0.0000,0.0000,0,line_too_few_bands,0.0000,0.0000,0.0000,0.0000,0.0000,0,0.0000,0.0000,0.0000,0.0000,0.0000,IDLE,0,0,candidate_fields_invalid,0,0,0.000,1,1.3400,nan,0.0529,0.9279,181,5,0.0000,0.0000,0.0000,0.0000,0.0000,等待台阶,1,0.0000,0.150,0.330
5460.217,SEEK_ROUNDABOUT,40.379,0,2.550,0.0000,0.0000,none,,,,line_lost_stop,0.0000,0.0000,0,line_too_few_bands,0.0000,0.0000,0.0000,0.0000,0.0000,0,0.0000,0.0000,0.0000,0.0000,0.0000,IDLE,0,0,candidate_fields_invalid,0,0,0.000,1,1.3500,nan,0.0507,0.9536,185,5,0.0000,0.0000,0.0000,0.0000,0.0000,等待台阶,1,0.0000,0.150,0.330
5460.345,SEEK_ROUNDABOUT,40.506,0,2.551,0.0000,0.0000,none,,,,line_lost_stop,0.0000,0.0000,0,line_too_few_bands,0.0000,0.0000,0.0000,0.0000,0.0000,0,0.0000,0.0000,0.0000,0.0000,0.0000,IDLE,0,0,candidate_fields_invalid,0,0,0.000,1,1.3400,nan,0.0516,0.9434,189,5,0.0000,0.0000,0.0000,0.0000,0.0000,等待台阶,1,0.0000,0.150,0.330
5460.473,SEEK_ROUNDABOUT,40.635,0,2.552,0.0000,0.0000,none,,,,line_lost_stop,0.0000,0.0000,0,line_too_few_bands,0.0000,0.0000,0.0000,0.0000,0.0000,0,0.0000,0.0000,0.0000,0.0000,0.0000,IDLE,0,0,candidate_fields_invalid,0,0,0.000,1,1.3400,nan,0.0529,0.9098,193,5,0.0000,0.0000,0.0000,0.0000,0.0000,等待台阶,1,0.0000,0.150,0.330
5460.600,SEEK_ROUNDABOUT,40.761,0,2.552,0.0000,0.0000,none,,,,line_lost_stop,0.0000,0.0000,0,line_too_few_bands,0.0000,0.0000,0.0000,0.0000,0.0000,0,0.0000,0.0000,0.0000,0.0000,0.0000,IDLE,0,0,candidate_fields_invalid,0,0,0.000,1,1.3400,nan,0.0513,0.9307,197,5,0.0000,0.0000,0.0000,0.0000,0.0000,等待台阶,1,0.0000,0.150,0.330
5460.723,SEEK_ROUNDABOUT,40.885,0,2.552,0.0000,0.0000,none,,,,line_lost_stop,0.0000,0.0000,0,line_too_few_bands,0.0000,0.0000,0.0000,0.0000,0.0000,0,0.0000,0.0000,0.0000,0.0000,0.0000,IDLE,0,0,candidate_fields_invalid,0,0,0.000,1,1.3400,nan,0.0508,0.9417,200,5,0.0000,0.0000,0.0000,0.0000,0.0000,等待台阶,1,0.0000,0.150,0.330
5460.814,SEEK_ROUNDABOUT,40.976,0,2.552,0.0000,0.0000,none,,,,line_lost_stop,0.0000,0.0000,0,line_too_few_bands,0.0000,0.0000,0.0000,0.0000,0.0000,0,0.0000,0.0000,0.0000,0.0000,0.0000,IDLE,0,0,candidate_fields_invalid,0,0,0.000,1,1.3400,nan,0.0486,0.9335,203,5,0.0000,0.0000,0.0000,0.0000,0.0000,等待台阶,1,0.0000,0.150,0.330
5460.975,SEEK_ROUNDABOUT,41.136,0,2.553,0.0000,0.0000,none,,,,line_lost_stop,0.0000,0.0000,0,line_too_few_bands,0.0000,0.0000,0.0000,0.0000,0.0000,0,0.0000,0.0000,0.0000,0.0000,0.0000,IDLE,0,0,candidate_fields_invalid,0,0,0.000,1,1.3400,nan,0.0475,0.9014,208,5,0.0000,0.0000,0.0000,0.0000,0.0000,等待台阶,1,0.0000,0.150,0.330
5461.108,SEEK_ROUNDABOUT,41.269,0,2.554,0.0000,0.0000,none,,,,line_lost_stop,0.0000,0.0000,0,line_too_few_bands,0.0000,0.0000,0.0000,0.0000,0.0000,0,0.0000,0.0000,0.0000,0.0000,0.0000,IDLE,0,0,candidate_fields_invalid,0,0,0.000,1,1.3300,nan,0.0484,0.9080,212,5,0.0000,0.0000,0.0000,0.0000,0.0000,等待台阶,1,0.0000,0.150,0.330
5461.235,SEEK_ROUNDABOUT,41.397,0,2.555,0.0000,0.0000,none,,,,line_lost_stop,0.0000,0.0000,0,line_too_few_bands,0.0000,0.0000,0.0000,0.0000,0.0000,0,0.0000,0.0000,0.0000,0.0000,0.0000,IDLE,0,0,candidate_fields_invalid,0,0,0.000,1,1.3300,nan,0.0483,0.9083,216,5,0.0000,0.0000,0.0000,0.0000,0.0000,等待台阶,1,0.0000,0.150,0.330
5461.368,SEEK_ROUNDABOUT,41.529,0,2.556,0.0000,0.0000,none,,,,line_lost_stop,0.0000,0.0000,0,line_too_few_bands,0.0000,0.0000,0.0000,0.0000,0.0000,0,0.0000,0.0000,0.0000,0.0000,0.0000,IDLE,0,0,candidate_fields_invalid,0,0,0.000,1,1.3300,nan,0.0482,0.9082,220,5,0.0000,0.0000,0.0000,0.0000,0.0000,等待台阶,1,0.0000,0.150,0.330
5461.499,SEEK_ROUNDABOUT,41.661,0,2.557,0.0000,0.0000,none,,,,line_lost_stop,0.0000,0.0000,0,line_too_few_bands,0.0000,0.0000,0.0000,0.0000,0.0000,0,0.0000,0.0000,0.0000,0.0000,0.0000,IDLE,0,0,candidate_fields_invalid,0,0,0.000,0,nan,nan,nan,0.0000,0,5,0.0000,0.0000,0.0000,0.0000,0.0000,等待台阶,1,0.0000,0.150,0.330
5461.625,SEEK_ROUNDABOUT,41.787,0,2.558,0.0000,0.0000,none,,,,line_lost_stop,0.0000,0.0000,0,line_too_few_bands,0.0000,0.0000,0.0000,0.0000,0.0000,0,0.0000,0.0000,0.0000,0.0000,0.0000,IDLE,0,0,candidate_fields_invalid,0,0,0.000,0,1.3300,nan,0.0459,0.8669,3,5,0.0000,0.0000,0.0000,0.0000,0.0000,等待台阶,1,0.0000,0.150,0.330
5461.756,SEEK_ROUNDABOUT,41.918,0,2.558,0.0000,0.0000,none,,,,line_lost_stop,0.0000,0.0000,0,line_too_few_bands,0.0000,0.0000,0.0000,0.0000,0.0000,0,0.0000,0.0000,0.0000,0.0000,0.0000,IDLE,0,0,candidate_fields_invalid,0,0,0.000,1,1.3350,nan,0.0482,0.9124,7,5,0.0000,0.0000,0.0000,0.0000,0.0000,等待台阶,1,0.0000,0.150,0.330
5461.883,SEEK_ROUNDABOUT,42.045,0,2.558,0.0000,0.0000,none,,,,line_lost_stop,0.0000,0.0000,0,line_too_few_bands,0.0000,0.0000,0.0000,0.0000,0.0000,0,0.0000,0.0000,0.0000,0.0000,0.0000,IDLE,0,0,candidate_fields_invalid,0,0,0.000,1,1.3250,nan,0.0491,0.8581,11,5,0.0000,0.0000,0.0000,0.0000,0.0000,等待台阶,1,0.0000,0.150,0.330
5462.022,SEEK_ROUNDABOUT,42.184,0,2.558,0.0000,0.0000,none,,,,line_lost_stop,0.0000,0.0000,0,line_too_few_bands,0.0000,0.0000,0.0000,0.0000,0.0000,0,0.0000,0.0000,0.0000,0.0000,0.0000,IDLE,0,0,candidate_fields_invalid,0,0,0.000,1,1.3300,nan,0.0497,0.8647,15,5,0.0000,0.0000,0.0000,0.0000,0.0000,等待台阶,1,0.0000,0.150,0.330
5462.151,SEEK_ROUNDABOUT,42.313,0,2.558,0.0000,0.0000,none,,,,line_lost_stop,0.0000,0.0000,0,line_too_few_bands,0.0000,0.0000,0.0000,0.0000,0.0000,0,0.0000,0.0000,0.0000,0.0000,0.0000,IDLE,0,0,candidate_fields_invalid,0,0,0.000,1,1.3400,nan,0.0482,0.9291,19,5,0.0000,0.0000,0.0000,0.0000,0.0000,等待台阶,1,0.0000,0.150,0.330
5462.277,SEEK_ROUNDABOUT,42.438,0,2.559,0.0000,0.0000,none,,,,line_lost_stop,0.0000,0.0000,0,line_too_few_bands,0.0000,0.0000,0.0000,0.0000,0.0000,0,0.0000,0.0000,0.0000,0.0000,0.0000,IDLE,0,0,candidate_fields_invalid,0,0,0.000,1,1.3400,nan,0.0505,0.9650,23,5,0.0000,0.0000,0.0000,0.0000,0.0000,等待台阶,1,0.0000,0.150,0.330
5462.407,SEEK_ROUNDABOUT,42.569,0,2.560,0.0000,0.0000,none,,,,line_lost_stop,0.0000,0.0000,0,line_too_few_bands,0.0000,0.0000,0.0000,0.0000,0.0000,0,0.0000,0.0000,0.0000,0.0000,0.0000,IDLE,0,0,candidate_fields_invalid,0,0,0.000,1,1.3400,nan,0.0517,0.9198,27,5,0.0000,0.0000,0.0000,0.0000,0.0000,等待台阶,1,0.0000,0.150,0.330
5462.534,SEEK_ROUNDABOUT,42.696,0,2.561,0.0000,0.0000,none,,,,line_lost_stop,0.0000,0.0000,0,line_too_few_bands,0.0000,0.0000,0.0000,0.0000,0.0000,0,0.0000,0.0000,0.0000,0.0000,0.0000,IDLE,0,0,candidate_fields_invalid,0,0,0.000,1,1.3400,nan,0.0511,0.9495,30,5,0.0000,0.0000,0.0000,0.0000,0.0000,等待台阶,1,0.0000,0.150,0.330
5462.663,SEEK_ROUNDABOUT,42.825,0,2.562,0.0000,0.0000,none,,,,line_lost_stop,0.0000,0.0000,0,line_too_few_bands,0.0000,0.0000,0.0000,0.0000,0.0000,0,0.0000,0.0000,0.0000,0.0000,0.0000,IDLE,0,0,candidate_fields_invalid,0,0,0.000,1,1.3500,nan,0.0517,0.9397,34,5,0.0000,0.0000,0.0000,0.0000,0.0000,等待台阶,1,0.0000,0.150,0.330
5462.792,SEEK_ROUNDABOUT,42.954,0,2.563,0.0000,0.0000,none,,,,line_lost_stop,0.0000,0.0000,0,line_too_few_bands,0.0000,0.0000,0.0000,0.0000,0.0000,0,0.0000,0.0000,0.0000,0.0000,0.0000,IDLE,0,0,candidate_fields_invalid,0,0,0.000,1,1.3500,nan,0.0513,0.9365,38,5,0.0000,0.0000,0.0000,0.0000,0.0000,等待台阶,1,0.0000,0.150,0.330
5462.933,SEEK_ROUNDABOUT,43.094,0,2.563,0.0000,0.0000,none,,,,line_lost_stop,0.0000,0.0000,0,line_too_few_bands,0.0000,0.0000,0.0000,0.0000,0.0000,0,0.0000,0.0000,0.0000,0.0000,0.0000,IDLE,0,0,candidate_fields_invalid,0,0,0.000,1,1.3400,nan,0.0515,0.9193,42,5,0.0000,0.0000,0.0000,0.0000,0.0000,等待台阶,1,0.0000,0.150,0.330
5463.059,SEEK_ROUNDABOUT,43.220,0,2.563,0.0000,0.0000,none,,,,line_lost_stop,0.0000,0.0000,0,line_too_few_bands,0.0000,0.0000,0.0000,0.0000,0.0000,0,0.0000,0.0000,0.0000,0.0000,0.0000,IDLE,0,0,candidate_fields_invalid,0,0,0.000,1,1.3400,nan,0.0498,0.9491,46,5,0.0000,0.0000,0.0000,0.0000,0.0000,等待台阶,1,0.0000,0.150,0.330
5463.189,SEEK_ROUNDABOUT,43.351,0,2.563,0.0000,0.0000,none,,,,line_lost_stop,0.0000,0.0000,0,line_too_few_bands,0.0000,0.0000,0.0000,0.0000,0.0000,0,0.0000,0.0000,0.0000,0.0000,0.0000,IDLE,0,0,candidate_fields_invalid,0,0,0.000,1,1.3450,nan,0.0506,0.9479,50,5,0.0000,0.0000,0.0000,0.0000,0.0000,等待台阶,1,0.0000,0.150,0.330
5463.321,SEEK_ROUNDABOUT,43.482,0,2.563,0.0000,0.0000,none,,,,line_lost_stop,0.0000,0.0000,0,line_too_few_bands,0.0000,0.0000,0.0000,0.0000,0.0000,0,0.0000,0.0000,0.0000,0.0000,0.0000,IDLE,0,0,candidate_fields_invalid,0,0,0.000,1,1.3400,nan,0.0501,0.9322,54,5,0.0000,0.0000,0.0000,0.0000,0.0000,等待台阶,1,0.0000,0.150,0.330
5463.447,SEEK_ROUNDABOUT,43.609,0,2.564,0.0000,0.0000,none,,,,line_lost_stop,0.0000,0.0000,0,line_too_few_bands,0.0000,0.0000,0.0000,0.0000,0.0000,0,0.0000,0.0000,0.0000,0.0000,0.0000,IDLE,0,0,candidate_fields_invalid,0,0,0.000,1,1.3300,nan,0.0495,0.8427,57,5,0.0000,0.0000,0.0000,0.0000,0.0000,等待台阶,1,0.0000,0.150,0.330
5463.572,SEEK_ROUNDABOUT,43.734,0,2.565,0.0000,0.0000,none,,,,line_lost_stop,0.0000,0.0000,0,line_too_few_bands,0.0000,0.0000,0.0000,0.0000,0.0000,0,0.0000,0.0000,0.0000,0.0000,0.0000,IDLE,0,0,candidate_fields_invalid,0,0,0.000,1,1.3400,nan,0.0461,0.8642,61,5,0.0000,0.0000,0.0000,0.0000,0.0000,等待台阶,1,0.0000,0.150,0.330
5463.703,SEEK_ROUNDABOUT,43.865,0,2.567,0.0000,0.0000,none,,,,line_lost_stop,0.0000,0.0000,0,line_too_few_bands,0.0000,0.0000,0.0000,0.0000,0.0000,0,0.0000,0.0000,0.0000,0.0000,0.0000,IDLE,0,0,candidate_fields_invalid,0,0,0.000,1,1.3400,nan,0.0488,0.9168,64,5,0.0000,0.0000,0.0000,0.0000,0.0000,等待台阶,1,0.0000,0.150,0.330
5463.833,SEEK_ROUNDABOUT,43.995,0,2.568,0.0000,0.0000,none,,,,line_lost_stop,0.0000,0.0000,0,line_too_few_bands,0.0000,0.0000,0.0000,0.0000,0.0000,0,0.0000,0.0000,0.0000,0.0000,0.0000,IDLE,0,0,candidate_fields_invalid,0,0,0.000,1,1.3400,nan,0.0488,0.9168,68,5,0.0000,0.0000,0.0000,0.0000,0.0000,等待台阶,1,0.0000,0.150,0.330
5463.962,SEEK_ROUNDABOUT,44.123,0,2.568,0.0000,0.0000,none,,,,line_lost_stop,0.0000,0.0000,0,line_too_few_bands,0.0000,0.0000,0.0000,0.0000,0.0000,0,0.0000,0.0000,0.0000,0.0000,0.0000,IDLE,0,0,candidate_fields_invalid,0,0,0.000,1,1.3300,nan,0.0478,0.8958,71,5,0.0000,0.0000,0.0000,0.0000,0.0000,等待台阶,1,0.0000,0.150,0.330
5464.086,SEEK_ROUNDABOUT,44.248,0,2.568,0.0000,0.0000,none,,,,line_lost_stop,0.0000,0.0000,0,line_too_few_bands,0.0000,0.0000,0.0000,0.0000,0.0000,0,0.0000,0.0000,0.0000,0.0000,0.0000,IDLE,0,0,candidate_fields_invalid,0,0,0.000,1,1.3350,nan,0.0478,0.8942,74,5,0.0000,0.0000,0.0000,0.0000,0.0000,等待台阶,1,0.0000,0.150,0.330
5464.217,SEEK_ROUNDABOUT,44.379,0,2.569,0.0000,0.0000,none,,,,line_lost_stop,0.0000,0.0000,0,line_too_few_bands,0.0000,0.0000,0.0000,0.0000,0.0000,0,0.0000,0.0000,0.0000,0.0000,0.0000,IDLE,0,0,candidate_fields_invalid,0,0,0.000,1,1.3300,nan,0.0480,0.9064,78,5,0.0000,0.0000,0.0000,0.0000,0.0000,等待台阶,1,0.0000,0.150,0.330
5464.346,SEEK_ROUNDABOUT,44.508,0,2.569,0.0000,0.0000,none,,,,line_lost_stop,0.0000,0.0000,0,line_too_few_bands,0.0000,0.0000,0.0000,0.0000,0.0000,0,0.0000,0.0000,0.0000,0.0000,0.0000,IDLE,0,0,candidate_fields_invalid,0,0,0.000,1,1.3300,nan,0.0478,0.8945,82,5,0.0000,0.0000,0.0000,0.0000,0.0000,等待台阶,1,0.0000,0.150,0.330
5464.478,SEEK_ROUNDABOUT,44.639,0,2.569,0.0000,0.0000,none,,,,line_lost_stop,0.0000,0.0000,0,line_too_few_bands,0.0000,0.0000,0.0000,0.0000,0.0000,0,0.0000,0.0000,0.0000,0.0000,0.0000,IDLE,0,0,candidate_fields_invalid,0,0,0.000,1,1.3300,nan,0.0495,0.9180,86,5,0.0000,0.0000,0.0000,0.0000,0.0000,等待台阶,1,0.0000,0.150,0.330
5464.605,SEEK_ROUNDABOUT,44.767,0,2.569,0.0000,0.0000,none,,,,line_lost_stop,0.0000,0.0000,0,line_too_few_bands,0.0000,0.0000,0.0000,0.0000,0.0000,0,0.0000,0.0000,0.0000,0.0000,0.0000,IDLE,0,0,candidate_fields_invalid,0,0,0.000,1,1.3400,nan,0.0476,0.9033,90,5,0.0000,0.0000,0.0000,0.0000,0.0000,等待台阶,1,0.0000,0.150,0.330
5464.731,SEEK_ROUNDABOUT,44.893,0,2.570,0.0000,0.0000,none,,,,line_lost_stop,0.0000,0.0000,0,line_too_few_bands,0.0000,0.0000,0.0000,0.0000,0.0000,0,0.0000,0.0000,0.0000,0.0000,0.0000,IDLE,0,0,candidate_fields_invalid,0,0,0.000,1,1.3400,nan,0.0505,0.9439,93,5,0.0000,0.0000,0.0000,0.0000,0.0000,等待台阶,1,0.0000,0.150,0.330
5464.862,SEEK_ROUNDABOUT,45.024,0,2.570,0.0000,0.0000,none,,,,line_lost_stop,0.0000,0.0000,0,line_too_few_bands,0.0000,0.0000,0.0000,0.0000,0.0000,0,0.0000,0.0000,0.0000,0.0000,0.0000,IDLE,0,0,candidate_fields_invalid,0,0,0.000,1,1.3400,nan,0.0516,0.9324,97,5,0.0000,0.0000,0.0000,0.0000,0.0000,等待台阶,1,0.0000,0.150,0.330
5464.988,SEEK_ROUNDABOUT,45.149,0,2.572,0.0000,0.0000,none,,,,line_lost_stop,0.0000,0.0000,0,line_too_few_bands,0.0000,0.0000,0.0000,0.0000,0.0000,0,0.0000,0.0000,0.0000,0.0000,0.0000,IDLE,0,0,candidate_fields_invalid,0,0,0.000,1,1.3500,nan,0.0521,0.9390,101,5,0.0000,0.0000,0.0000,0.0000,0.0000,等待台阶,1,0.0000,0.150,0.330
5465.115,SEEK_ROUNDABOUT,45.276,0,2.572,0.0000,0.0000,none,,,,line_lost_stop,0.0000,0.0000,0,line_too_few_bands,0.0000,0.0000,0.0000,0.0000,0.0000,0,0.0000,0.0000,0.0000,0.0000,0.0000,IDLE,0,0,candidate_fields_invalid,0,0,0.000,1,1.3450,nan,0.0525,0.9194,105,5,0.0000,0.0000,0.0000,0.0000,0.0000,等待台阶,1,0.0000,0.150,0.330
5465.241,SEEK_ROUNDABOUT,45.402,0,2.573,0.0000,0.0000,none,,,,line_lost_stop,0.0000,0.0000,0,line_too_few_bands,0.0000,0.0000,0.0000,0.0000,0.0000,0,0.0000,0.0000,0.0000,0.0000,0.0000,IDLE,0,0,candidate_fields_invalid,0,0,0.000,1,1.3450,nan,0.0533,0.9066,108,5,0.0000,0.0000,0.0000,0.0000,0.0000,等待台阶,1,0.0000,0.150,0.330
5465.393,SEEK_ROUNDABOUT,45.555,0,2.574,0.0000,0.0000,none,,,,line_lost_stop,0.0000,0.0000,0,line_too_few_bands,0.0000,0.0000,0.0000,0.0000,0.0000,0,0.0000,0.0000,0.0000,0.0000,0.0000,IDLE,0,0,candidate_fields_invalid,0,0,0.000,1,1.3400,nan,0.0517,0.9185,113,5,0.0000,0.0000,0.0000,0.0000,0.0000,等待台阶,1,0.0000,0.150,0.330
5465.527,SEEK_ROUNDABOUT,45.688,0,2.575,0.0000,0.0000,none,,,,line_lost_stop,0.0000,0.0000,0,line_too_few_bands,0.0000,0.0000,0.0000,0.0000,0.0000,0,0.0000,0.0000,0.0000,0.0000,0.0000,IDLE,0,0,candidate_fields_invalid,0,0,0.000,1,1.3400,nan,0.0505,0.9427,117,5,0.0000,0.0000,0.0000,0.0000,0.0000,等待台阶,1,0.0000,0.150,0.330
5465.654,SEEK_ROUNDABOUT,45.816,0,2.575,0.0000,0.0000,none,,,,line_lost_stop,0.0000,0.0000,0,line_too_few_bands,0.0000,0.0000,0.0000,0.0000,0.0000,0,0.0000,0.0000,0.0000,0.0000,0.0000,IDLE,0,0,candidate_fields_invalid,0,0,0.000,1,1.3400,nan,0.0506,0.9358,121,5,0.0000,0.0000,0.0000,0.0000,0.0000,等待台阶,1,0.0000,0.150,0.330
5465.785,SEEK_ROUNDABOUT,45.946,0,2.575,0.0000,0.0000,none,,,,line_lost_stop,0.0000,0.0000,0,line_too_few_bands,0.0000,0.0000,0.0000,0.0000,0.0000,0,0.0000,0.0000,0.0000,0.0000,0.0000,IDLE,0,0,candidate_fields_invalid,0,0,0.000,1,1.3400,nan,0.0488,0.9189,125,5,0.0000,0.0000,0.0000,0.0000,0.0000,等待台阶,1,0.0000,0.150,0.330
5465.918,SEEK_ROUNDABOUT,46.080,0,2.577,0.0000,0.0000,none,,,,line_lost_stop,0.0000,0.0000,0,line_too_few_bands,0.0000,0.0000,0.0000,0.0000,0.0000,0,0.0000,0.0000,0.0000,0.0000,0.0000,IDLE,0,0,candidate_fields_invalid,0,0,0.000,1,1.3400,nan,0.0467,0.8821,128,5,0.0000,0.0000,0.0000,0.0000,0.0000,等待台阶,1,0.0000,0.150,0.330
5466.057,SEEK_ROUNDABOUT,46.219,0,2.578,0.0000,0.0000,none,,,,line_lost_stop,0.0000,0.0000,0,line_too_few_bands,0.0000,0.0000,0.0000,0.0000,0.0000,0,0.0000,0.0000,0.0000,0.0000,0.0000,IDLE,0,0,candidate_fields_invalid,0,0,0.000,1,1.3300,nan,0.0476,0.8991,131,5,0.0000,0.0000,0.0000,0.0000,0.0000,等待台阶,1,0.0000,0.150,0.330
5466.201,SEEK_ROUNDABOUT,46.363,0,2.579,0.0000,0.0000,none,,,,line_lost_stop,0.0000,0.0000,0,line_too_few_bands,0.0000,0.0000,0.0000,0.0000,0.0000,0,0.0000,0.0000,0.0000,0.0000,0.0000,IDLE,0,0,candidate_fields_invalid,0,0,0.000,1,1.3350,nan,0.0487,0.9147,135,5,0.0000,0.0000,0.0000,0.0000,0.0000,等待台阶,1,0.0000,0.150,0.330
5466.335,SEEK_ROUNDABOUT,46.497,0,2.579,0.0000,0.0000,none,,,,line_lost_stop,0.0000,0.0000,0,line_too_few_bands,0.0000,0.0000,0.0000,0.0000,0.0000,0,0.0000,0.0000,0.0000,0.0000,0.0000,IDLE,0,0,candidate_fields_invalid,0,0,0.000,1,1.3300,nan,0.0492,0.8601,139,5,0.0000,0.0000,0.0000,0.0000,0.0000,等待台阶,1,0.0000,0.150,0.330
5466.471,SEEK_ROUNDABOUT,46.632,0,2.580,0.0000,0.0000,none,,,,line_lost_stop,0.0000,0.0000,0,line_too_few_bands,0.0000,0.0000,0.0000,0.0000,0.0000,0,0.0000,0.0000,0.0000,0.0000,0.0000,IDLE,0,0,candidate_fields_invalid,0,0,0.000,1,1.3300,nan,0.0474,0.8920,143,5,0.0000,0.0000,0.0000,0.0000,0.0000,等待台阶,1,0.0000,0.150,0.330
5466.601,SEEK_ROUNDABOUT,46.763,0,2.580,0.0000,0.0000,none,,,,line_lost_stop,0.0000,0.0000,0,line_too_few_bands,0.0000,0.0000,0.0000,0.0000,0.0000,0,0.0000,0.0000,0.0000,0.0000,0.0000,IDLE,0,0,candidate_fields_invalid,0,0,0.000,1,1.3300,nan,0.0467,0.8837,147,5,0.0000,0.0000,0.0000,0.0000,0.0000,等待台阶,1,0.0000,0.150,0.330
5466.732,SEEK_ROUNDABOUT,46.894,0,2.580,0.0000,0.0000,none,,,,line_lost_stop,0.0000,0.0000,0,line_too_few_bands,0.0000,0.0000,0.0000,0.0000,0.0000,0,0.0000,0.0000,0.0000,0.0000,0.0000,IDLE,0,0,candidate_fields_invalid,0,0,0.000,1,1.3300,nan,0.0477,0.9006,151,5,0.0000,0.0000,0.0000,0.0000,0.0000,等待台阶,1,0.0000,0.150,0.330
5466.862,SEEK_ROUNDABOUT,47.024,0,2.580,0.0000,0.0000,none,,,,line_lost_stop,0.0000,0.0000,0,line_too_few_bands,0.0000,0.0000,0.0000,0.0000,0.0000,0,0.0000,0.0000,0.0000,0.0000,0.0000,IDLE,0,0,candidate_fields_invalid,0,0,0.000,1,1.3300,nan,0.0494,0.9207,155,5,0.0000,0.0000,0.0000,0.0000,0.0000,等待台阶,1,0.0000,0.150,0.330
5467.007,SEEK_ROUNDABOUT,47.169,0,2.580,0.0000,0.0000,none,,,,line_lost_stop,0.0000,0.0000,0,line_too_few_bands,0.0000,0.0000,0.0000,0.0000,0.0000,0,0.0000,0.0000,0.0000,0.0000,0.0000,IDLE,0,0,candidate_fields_invalid,0,0,0.000,1,1.3400,nan,0.0507,0.9338,159,5,0.0000,0.0000,0.0000,0.0000,0.0000,等待台阶,1,0.0000,0.150,0.330
5467.134,SEEK_ROUNDABOUT,47.296,0,2.581,0.0000,0.0000,none,,,,line_lost_stop,0.0000,0.0000,0,line_too_few_bands,0.0000,0.0000,0.0000,0.0000,0.0000,0,0.0000,0.0000,0.0000,0.0000,0.0000,IDLE,0,0,candidate_fields_invalid,0,0,0.000,1,1.3400,nan,0.0523,0.9260,163,5,0.0000,0.0000,0.0000,0.0000,0.0000,等待台阶,1,0.0000,0.150,0.330
5467.259,SEEK_ROUNDABOUT,47.420,0,2.582,0.0000,0.0000,none,,,,line_lost_stop,0.0000,0.0000,0,line_too_few_bands,0.0000,0.0000,0.0000,0.0000,0.0000,0,0.0000,0.0000,0.0000,0.0000,0.0000,IDLE,0,0,candidate_fields_invalid,0,0,0.000,1,1.3400,nan,0.0530,0.8855,166,5,0.0000,0.0000,0.0000,0.0000,0.0000,等待台阶,1,0.0000,0.150,0.330
5467.387,SEEK_ROUNDABOUT,47.549,0,2.583,0.0000,0.0000,none,,,,line_lost_stop,0.0000,0.0000,0,line_too_few_bands,0.0000,0.0000,0.0000,0.0000,0.0000,0,0.0000,0.0000,0.0000,0.0000,0.0000,IDLE,0,0,candidate_fields_invalid,0,0,0.000,1,1.3400,nan,0.0511,0.9515,170,5,0.0000,0.0000,0.0000,0.0000,0.0000,等待台阶,1,0.0000,0.150,0.330
5467.516,SEEK_ROUNDABOUT,47.678,0,2.583,0.0000,0.0000,none,,,,line_lost_stop,0.0000,0.0000,0,line_too_few_bands,0.0000,0.0000,0.0000,0.0000,0.0000,0,0.0000,0.0000,0.0000,0.0000,0.0000,IDLE,0,0,candidate_fields_invalid,0,0,0.000,1,1.3400,nan,0.0495,0.9540,174,5,0.0000,0.0000,0.0000,0.0000,0.0000,等待台阶,1,0.0000,0.150,0.330
5467.647,SEEK_ROUNDABOUT,47.808,0,2.584,0.0000,0.0000,none,,,,line_lost_stop,0.0000,0.0000,0,line_too_few_bands,0.0000,0.0000,0.0000,0.0000,0.0000,0,0.0000,0.0000,0.0000,0.0000,0.0000,IDLE,0,0,candidate_fields_invalid,0,0,0.000,1,1.3400,nan,0.0518,0.9271,178,5,0.0000,0.0000,0.0000,0.0000,0.0000,等待台阶,1,0.0000,0.150,0.330
5467.778,SEEK_ROUNDABOUT,47.940,0,2.585,0.0000,0.0000,none,,,,line_lost_stop,0.0000,0.0000,0,line_too_few_bands,0.0000,0.0000,0.0000,0.0000,0.0000,0,0.0000,0.0000,0.0000,0.0000,0.0000,IDLE,0,0,candidate_fields_invalid,0,0,0.000,1,1.3400,nan,0.0497,0.9482,182,5,0.0000,0.0000,0.0000,0.0000,0.0000,等待台阶,1,0.0000,0.150,0.330
5467.913,SEEK_ROUNDABOUT,48.075,0,2.585,0.0000,0.0000,none,,,,line_lost_stop,0.0000,0.0000,0,line_too_few_bands,0.0000,0.0000,0.0000,0.0000,0.0000,0,0.0000,0.0000,0.0000,0.0000,0.0000,IDLE,0,0,candidate_fields_invalid,0,0,0.000,1,1.3400,nan,0.0499,0.9234,186,5,0.0000,0.0000,0.0000,0.0000,0.0000,等待台阶,1,0.0000,0.150,0.330
5468.043,SEEK_ROUNDABOUT,48.204,0,2.585,0.0000,0.0000,none,,,,line_lost_stop,0.0000,0.0000,0,line_too_few_bands,0.0000,0.0000,0.0000,0.0000,0.0000,0,0.0000,0.0000,0.0000,0.0000,0.0000,IDLE,0,0,candidate_fields_invalid,0,0,0.000,1,1.3400,nan,0.0502,0.9202,190,5,0.0000,0.0000,0.0000,0.0000,0.0000,等待台阶,1,0.0000,0.150,0.330
5468.179,SEEK_ROUNDABOUT,48.341,0,2.586,0.0000,0.0000,none,,,,line_lost_stop,0.0000,0.0000,0,line_too_few_bands,0.0000,0.0000,0.0000,0.0000,0.0000,0,0.0000,0.0000,0.0000,0.0000,0.0000,IDLE,0,0,candidate_fields_invalid,0,0,0.000,1,1.3400,nan,0.0471,0.8917,194,5,0.0000,0.0000,0.0000,0.0000,0.0000,等待台阶,1,0.0000,0.150,0.330
5468.312,SEEK_ROUNDABOUT,48.474,0,2.587,0.0000,0.0000,none,,,,line_lost_stop,0.0000,0.0000,0,line_too_few_bands,0.0000,0.0000,0.0000,0.0000,0.0000,0,0.0000,0.0000,0.0000,0.0000,0.0000,IDLE,0,0,candidate_fields_invalid,0,0,0.000,1,1.3300,nan,0.0505,0.8393,198,5,0.0000,0.0000,0.0000,0.0000,0.0000,等待台阶,1,0.0000,0.150,0.330
5468.459,SEEK_ROUNDABOUT,48.621,0,2.588,0.0000,0.0000,none,,,,line_lost_stop,0.0000,0.0000,0,line_too_few_bands,0.0000,0.0000,0.0000,0.0000,0.0000,0,0.0000,0.0000,0.0000,0.0000,0.0000,IDLE,0,0,candidate_fields_invalid,0,0,0.000,1,1.3300,nan,0.0481,0.9000,202,5,0.0000,0.0000,0.0000,0.0000,0.0000,等待台阶,1,0.0000,0.150,0.330
5468.606,SEEK_ROUNDABOUT,48.768,0,2.588,0.0000,0.0000,none,,,,line_lost_stop,0.0000,0.0000,0,line_too_few_bands,0.0000,0.0000,0.0000,0.0000,0.0000,0,0.0000,0.0000,0.0000,0.0000,0.0000,IDLE,0,0,candidate_fields_invalid,0,0,0.000,1,1.3400,nan,0.0492,0.9261,206,5,0.0000,0.0000,0.0000,0.0000,0.0000,等待台阶,1,0.0000,0.150,0.330
5468.742,SEEK_ROUNDABOUT,48.904,0,2.588,0.0000,0.0000,none,,,,line_lost_stop,0.0000,0.0000,0,line_too_few_bands,0.0000,0.0000,0.0000,0.0000,0.0000,0,0.0000,0.0000,0.0000,0.0000,0.0000,IDLE,0,0,candidate_fields_invalid,0,0,0.000,1,1.3300,nan,0.0481,0.9041,210,5,0.0000,0.0000,0.0000,0.0000,0.0000,等待台阶,1,0.0000,0.150,0.330
5468.834,SEEK_ROUNDABOUT,48.996,0,2.588,0.0000,0.0000,none,,,,line_lost_stop,0.0000,0.0000,0,line_too_few_bands,0.0000,0.0000,0.0000,0.0000,0.0000,0,0.0000,0.0000,0.0000,0.0000,0.0000,IDLE,0,0,candidate_fields_invalid,0,0,0.000,1,1.3300,nan,0.0487,0.9126,213,5,0.0000,0.0000,0.0000,0.0000,0.0000,等待台阶,1,0.0000,0.150,0.330
5468.968,SEEK_ROUNDABOUT,49.129,0,2.588,0.0000,0.0000,none,,,,line_lost_stop,0.0000,0.0000,0,line_too_few_bands,0.0000,0.0000,0.0000,0.0000,0.0000,0,0.0000,0.0000,0.0000,0.0000,0.0000,IDLE,0,0,candidate_fields_invalid,0,0,0.000,1,1.3300,nan,0.0496,0.9112,215,5,0.0000,0.0000,0.0000,0.0000,0.0000,等待台阶,1,0.0000,0.150,0.330
5469.097,SEEK_ROUNDABOUT,49.259,0,2.588,0.0000,0.0000,none,,,,line_lost_stop,0.0000,0.0000,0,line_too_few_bands,0.0000,0.0000,0.0000,0.0000,0.0000,0,0.0000,0.0000,0.0000,0.0000,0.0000,IDLE,0,0,candidate_fields_invalid,0,0,0.000,1,1.3300,nan,0.0481,0.9073,219,5,0.0000,0.0000,0.0000,0.0000,0.0000,等待台阶,1,0.0000,0.150,0.330
5469.235,SEEK_ROUNDABOUT,49.397,0,2.588,0.0000,0.0000,none,,,,line_lost_stop,0.0000,0.0000,0,line_too_few_bands,0.0000,0.0000,0.0000,0.0000,0.0000,0,0.0000,0.0000,0.0000,0.0000,0.0000,IDLE,0,0,candidate_fields_invalid,0,0,0.000,1,1.3300,nan,0.0487,0.8326,223,5,0.0000,0.0000,0.0000,0.0000,0.0000,等待台阶,1,0.0000,0.150,0.330
5469.365,SEEK_ROUNDABOUT,49.527,0,2.588,0.0000,0.0000,none,,,,line_lost_stop,0.0000,0.0000,0,line_too_few_bands,0.0000,0.0000,0.0000,0.0000,0.0000,0,0.0000,0.0000,0.0000,0.0000,0.0000,IDLE,0,0,candidate_fields_invalid,0,0,0.000,1,1.3300,nan,0.0493,0.9282,227,5,0.0000,0.0000,0.0000,0.0000,0.0000,等待台阶,1,0.0000,0.150,0.330
5469.490,SEEK_ROUNDABOUT,49.652,0,2.588,0.0000,0.0000,none,,,,line_lost_stop,0.0000,0.0000,0,line_too_few_bands,0.0000,0.0000,0.0000,0.0000,0.0000,0,0.0000,0.0000,0.0000,0.0000,0.0000,IDLE,0,0,candidate_fields_invalid,0,0,0.000,1,1.3300,nan,0.0492,0.9161,231,5,0.0000,0.0000,0.0000,0.0000,0.0000,等待台阶,1,0.0000,0.150,0.330
5469.622,SEEK_ROUNDABOUT,49.783,0,2.588,0.0000,0.0000,none,,,,line_lost_stop,0.0000,0.0000,0,line_too_few_bands,0.0000,0.0000,0.0000,0.0000,0.0000,0,0.0000,0.0000,0.0000,0.0000,0.0000,IDLE,0,0,candidate_fields_invalid,0,0,0.000,1,1.3400,nan,0.0514,0.8539,235,5,0.0000,0.0000,0.0000,0.0000,0.0000,等待台阶,1,0.0000,0.150,0.330
5469.748,SEEK_ROUNDABOUT,49.909,0,2.588,0.0000,0.0000,none,,,,line_lost_stop,0.0000,0.0000,0,line_too_few_bands,0.0000,0.0000,0.0000,0.0000,0.0000,0,0.0000,0.0000,0.0000,0.0000,0.0000,IDLE,0,0,candidate_fields_invalid,0,0,0.000,1,1.3400,nan,0.0483,0.9225,238,5,0.0000,0.0000,0.0000,0.0000,0.0000,等待台阶,1,0.0000,0.150,0.330
5469.880,SEEK_ROUNDABOUT,50.041,0,2.588,0.0000,0.0000,none,,,,line_lost_stop,0.0000,0.0000,0,line_too_few_bands,0.0000,0.0000,0.0000,0.0000,0.0000,0,0.0000,0.0000,0.0000,0.0000,0.0000,IDLE,0,0,candidate_fields_invalid,0,0,0.000,1,1.3400,nan,0.0508,0.9348,242,5,0.0000,0.0000,0.0000,0.0000,0.0000,等待台阶,1,0.0000,0.150,0.330
5470.004,SEEK_ROUNDABOUT,50.165,0,2.589,0.0000,0.0000,none,,,,line_lost_stop,0.0000,0.0000,0,line_too_few_bands,0.0000,0.0000,0.0000,0.0000,0.0000,0,0.0000,0.0000,0.0000,0.0000,0.0000,IDLE,0,0,candidate_fields_invalid,0,0,0.000,1,1.3400,nan,0.0507,0.9615,246,5,0.0000,0.0000,0.0000,0.0000,0.0000,等待台阶,1,0.0000,0.150,0.330
5470.152,SEEK_ROUNDABOUT,50.313,0,2.589,0.0000,0.0000,none,,,,line_lost_stop,0.0000,0.0000,0,line_too_few_bands,0.0000,0.0000,0.0000,0.0000,0.0000,0,0.0000,0.0000,0.0000,0.0000,0.0000,IDLE,0,0,candidate_fields_invalid,0,0,0.000,1,1.3400,nan,0.0522,0.9171,250,5,0.0000,0.0000,0.0000,0.0000,0.0000,等待台阶,1,0.0000,0.150,0.330
5470.233,SEEK_ROUNDABOUT,50.394,0,2.590,0.0000,0.0000,none,,,,line_lost_stop,0.0000,0.0000,0,line_too_few_bands,0.0000,0.0000,0.0000,0.0000,0.0000,0,0.0000,0.0000,0.0000,0.0000,0.0000,IDLE,0,0,candidate_fields_invalid,0,0,0.000,1,1.3400,nan,0.0542,0.8774,253,5,0.0000,0.0000,0.0000,0.0000,0.0000,等待台阶,1,0.0000,0.150,0.330
5470.359,SEEK_ROUNDABOUT,50.521,0,2.591,0.0000,0.0000,none,,,,line_lost_stop,0.0000,0.0000,0,line_too_few_bands,0.0000,0.0000,0.0000,0.0000,0.0000,0,0.0000,0.0000,0.0000,0.0000,0.0000,IDLE,0,0,candidate_fields_invalid,0,0,0.000,1,1.3400,nan,0.0509,0.9554,256,5,0.0000,0.0000,0.0000,0.0000,0.0000,等待台阶,1,0.0000,0.150,0.330
5470.492,SEEK_ROUNDABOUT,50.654,0,2.591,0.0000,0.0000,none,,,,line_lost_stop,0.0000,0.0000,0,line_too_few_bands,0.0000,0.0000,0.0000,0.0000,0.0000,0,0.0000,0.0000,0.0000,0.0000,0.0000,IDLE,0,0,candidate_fields_invalid,0,0,0.000,1,1.3400,nan,0.0520,0.9146,261,5,0.0000,0.0000,0.0000,0.0000,0.0000,等待台阶,1,0.0000,0.150,0.330
5470.621,SEEK_ROUNDABOUT,50.782,0,2.591,0.0000,0.0000,none,,,,line_lost_stop,0.0000,0.0000,0,line_too_few_bands,0.0000,0.0000,0.0000,0.0000,0.0000,0,0.0000,0.0000,0.0000,0.0000,0.0000,IDLE,0,0,candidate_fields_invalid,0,0,0.000,1,1.3400,nan,0.0506,0.9529,264,5,0.0000,0.0000,0.0000,0.0000,0.0000,等待台阶,1,0.0000,0.150,0.330
5470.750,SEEK_ROUNDABOUT,50.912,0,2.592,0.0000,0.0000,none,,,,line_lost_stop,0.0000,0.0000,0,line_too_few_bands,0.0000,0.0000,0.0000,0.0000,0.0000,0,0.0000,0.0000,0.0000,0.0000,0.0000,IDLE,0,0,candidate_fields_invalid,0,0,0.000,1,1.3500,nan,0.0504,0.9410,268,5,0.0000,0.0000,0.0000,0.0000,0.0000,等待台阶,1,0.0000,0.150,0.330
5470.881,SEEK_ROUNDABOUT,51.043,0,2.592,0.0000,0.0000,none,,,,line_lost_stop,0.0000,0.0000,0,line_too_few_bands,0.0000,0.0000,0.0000,0.0000,0.0000,0,0.0000,0.0000,0.0000,0.0000,0.0000,IDLE,0,0,candidate_fields_invalid,0,0,0.000,1,1.3400,nan,0.0484,0.9251,272,5,0.0000,0.0000,0.0000,0.0000,0.0000,等待台阶,1,0.0000,0.150,0.330
5471.026,SEEK_ROUNDABOUT,51.187,0,2.593,0.0000,0.0000,none,,,,line_lost_stop,0.0000,0.0000,0,line_too_few_bands,0.0000,0.0000,0.0000,0.0000,0.0000,0,0.0000,0.0000,0.0000,0.0000,0.0000,IDLE,0,0,candidate_fields_invalid,0,0,0.000,1,1.3400,nan,0.0485,0.9100,276,5,0.0000,0.0000,0.0000,0.0000,0.0000,等待台阶,1,0.0000,0.150,0.330
5471.152,SEEK_ROUNDABOUT,51.314,0,2.594,0.0000,0.0000,none,,,,line_lost_stop,0.0000,0.0000,0,line_too_few_bands,0.0000,0.0000,0.0000,0.0000,0.0000,0,0.0000,0.0000,0.0000,0.0000,0.0000,IDLE,0,0,candidate_fields_invalid,0,0,0.000,1,1.3400,nan,0.0500,0.9304,280,5,0.0000,0.0000,0.0000,0.0000,0.0000,等待台阶,1,0.0000,0.150,0.330
5471.279,SEEK_ROUNDABOUT,51.441,0,2.594,0.0000,0.0000,none,,,,line_lost_stop,0.0000,0.0000,0,line_too_few_bands,0.0000,0.0000,0.0000,0.0000,0.0000,0,0.0000,0.0000,0.0000,0.0000,0.0000,IDLE,0,0,candidate_fields_invalid,0,0,0.000,1,1.3300,nan,0.0477,0.8734,284,5,0.0000,0.0000,0.0000,0.0000,0.0000,等待台阶,1,0.0000,0.150,0.330
5471.436,SEEK_ROUNDABOUT,51.597,0,2.595,0.0000,0.0000,none,,,,line_lost_stop,0.0000,0.0000,0,line_too_few_bands,0.0000,0.0000,0.0000,0.0000,0.0000,0,0.0000,0.0000,0.0000,0.0000,0.0000,IDLE,0,0,candidate_fields_invalid,0,0,0.000,1,1.3300,nan,0.0476,0.8883,288,5,0.0000,0.0000,0.0000,0.0000,0.0000,等待台阶,1,0.0000,0.150,0.330
5471.611,SEEK_ROUNDABOUT,51.773,0,2.596,0.0000,0.0000,none,,,,line_lost_stop,0.0000,0.0000,0,line_too_few_bands,0.0000,0.0000,0.0000,0.0000,0.0000,0,0.0000,0.0000,0.0000,0.0000,0.0000,IDLE,0,0,candidate_fields_invalid,0,0,0.000,1,1.3400,nan,0.0490,0.9185,293,5,0.0000,0.0000,0.0000,0.0000,0.0000,等待台阶,1,0.0000,0.150,0.330
5471.719,SEEK_ROUNDABOUT,51.881,0,2.596,0.0000,0.0000,none,,,,line_lost_stop,0.0000,0.0000,0,line_too_few_bands,0.0000,0.0000,0.0000,0.0000,0.0000,0,0.0000,0.0000,0.0000,0.0000,0.0000,IDLE,0,0,candidate_fields_invalid,0,0,0.000,1,1.3400,nan,0.0489,0.9149,296,5,0.0000,0.0000,0.0000,0.0000,0.0000,等待台阶,1,0.0000,0.150,0.330
5471.871,SEEK_ROUNDABOUT,52.033,0,2.596,0.0000,0.0000,none,,,,line_lost_stop,0.0000,0.0000,0,line_too_few_bands,0.0000,0.0000,0.0000,0.0000,0.0000,0,0.0000,0.0000,0.0000,0.0000,0.0000,IDLE,0,0,candidate_fields_invalid,0,0,0.000,1,1.3400,nan,0.0501,0.9341,300,5,0.0000,0.0000,0.0000,0.0000,0.0000,等待台阶,1,0.0000,0.150,0.330
5472.008,SEEK_ROUNDABOUT,52.170,0,2.596,0.0000,0.0000,none,,,,line_lost_stop,0.0000,0.0000,0,line_too_few_bands,0.0000,0.0000,0.0000,0.0000,0.0000,0,0.0000,0.0000,0.0000,0.0000,0.0000,IDLE,0,0,candidate_fields_invalid,0,0,0.000,1,1.3400,nan,0.0502,0.9569,304,5,0.0000,0.0000,0.0000,0.0000,0.0000,等待台阶,1,0.0000,0.150,0.330
5472.142,SEEK_ROUNDABOUT,52.304,0,2.598,0.0000,0.0000,none,,,,line_lost_stop,0.0000,0.0000,0,line_too_few_bands,0.0000,0.0000,0.0000,0.0000,0.0000,0,0.0000,0.0000,0.0000,0.0000,0.0000,IDLE,0,0,candidate_fields_invalid,0,0,0.000,1,1.3400,nan,0.0519,0.9187,307,5,0.0000,0.0000,0.0000,0.0000,0.0000,等待台阶,1,0.0000,0.150,0.330
5472.288,SEEK_ROUNDABOUT,52.449,0,2.599,0.0000,0.0000,none,,,,line_lost_stop,0.0000,0.0000,0,line_too_few_bands,0.0000,0.0000,0.0000,0.0000,0.0000,0,0.0000,0.0000,0.0000,0.0000,0.0000,IDLE,0,0,candidate_fields_invalid,0,0,0.000,1,1.3400,nan,0.0510,0.9427,312,5,0.0000,0.0000,0.0000,0.0000,0.0000,等待台阶,1,0.0000,0.150,0.330
5472.444,SEEK_ROUNDABOUT,52.605,0,2.600,0.0000,0.0000,none,,,,line_lost_stop,0.0000,0.0000,0,line_too_few_bands,0.0000,0.0000,0.0000,0.0000,0.0000,0,0.0000,0.0000,0.0000,0.0000,0.0000,IDLE,0,0,candidate_fields_invalid,0,0,0.000,1,1.3400,nan,0.0499,0.9630,316,5,0.0000,0.0000,0.0000,0.0000,0.0000,等待台阶,1,0.0000,0.150,0.330
5472.628,SEEK_ROUNDABOUT,52.790,0,2.600,0.0000,0.0000,none,,,,line_lost_stop,0.0000,0.0000,0,line_too_few_bands,0.0000,0.0000,0.0000,0.0000,0.0000,0,0.0000,0.0000,0.0000,0.0000,0.0000,IDLE,0,0,candidate_fields_invalid,0,0,0.000,1,1.3400,nan,0.0523,0.9137,322,5,0.0000,0.0000,0.0000,0.0000,0.0000,等待台阶,1,0.0000,0.150,0.330
5472.775,SEEK_ROUNDABOUT,52.937,0,2.600,0.0000,0.0000,none,,,,line_lost_stop,0.0000,0.0000,0,line_too_few_bands,0.0000,0.0000,0.0000,0.0000,0.0000,0,0.0000,0.0000,0.0000,0.0000,0.0000,IDLE,0,0,candidate_fields_invalid,0,0,0.000,1,1.3500,nan,0.0529,0.9084,326,5,0.0000,0.0000,0.0000,0.0000,0.0000,等待台阶,1,0.0000,0.150,0.330
5472.906,SEEK_ROUNDABOUT,53.068,0,2.600,0.0000,0.0000,none,,,,line_lost_stop,0.0000,0.0000,0,line_too_few_bands,0.0000,0.0000,0.0000,0.0000,0.0000,0,0.0000,0.0000,0.0000,0.0000,0.0000,IDLE,0,0,candidate_fields_invalid,0,0,0.000,1,1.3400,nan,0.0509,0.9236,330,5,0.0000,0.0000,0.0000,0.0000,0.0000,等待台阶,1,0.0000,0.150,0.330
5473.034,SEEK_ROUNDABOUT,53.196,0,2.601,0.0000,0.0000,none,,,,line_lost_stop,0.0000,0.0000,0,line_too_few_bands,0.0000,0.0000,0.0000,0.0000,0.0000,0,0.0000,0.0000,0.0000,0.0000,0.0000,IDLE,0,0,candidate_fields_invalid,0,0,0.000,1,1.3400,nan,0.0486,0.9165,334,5,0.0000,0.0000,0.0000,0.0000,0.0000,等待台阶,1,0.0000,0.150,0.330
5473.166,SEEK_ROUNDABOUT,53.328,0,2.602,0.0000,0.0000,none,,,,line_lost_stop,0.0000,0.0000,0,line_too_few_bands,0.0000,0.0000,0.0000,0.0000,0.0000,0,0.0000,0.0000,0.0000,0.0000,0.0000,IDLE,0,0,candidate_fields_invalid,0,0,0.000,1,1.3400,nan,0.0478,0.8942,338,5,0.0000,0.0000,0.0000,0.0000,0.0000,等待台阶,1,0.0000,0.150,0.330
5473.298,SEEK_ROUNDABOUT,53.460,0,2.603,0.0000,0.0000,none,,,,line_lost_stop,0.0000,0.0000,0,line_too_few_bands,0.0000,0.0000,0.0000,0.0000,0.0000,0,0.0000,0.0000,0.0000,0.0000,0.0000,IDLE,0,0,candidate_fields_invalid,0,0,0.000,1,1.3300,nan,0.0481,0.8369,342,5,0.0000,0.0000,0.0000,0.0000,0.0000,等待台阶,1,0.0000,0.150,0.330
5473.422,SEEK_ROUNDABOUT,53.584,0,2.604,0.0000,0.0000,none,,,,line_lost_stop,0.0000,0.0000,0,line_too_few_bands,0.0000,0.0000,0.0000,0.0000,0.0000,0,0.0000,0.0000,0.0000,0.0000,0.0000,IDLE,0,0,candidate_fields_invalid,0,0,0.000,1,1.3300,nan,0.0468,0.8860,345,5,0.0000,0.0000,0.0000,0.0000,0.0000,等待台阶,1,0.0000,0.150,0.330
5473.547,SEEK_ROUNDABOUT,53.708,0,2.605,0.0000,0.0000,none,,,,line_lost_stop,0.0000,0.0000,0,line_too_few_bands,0.0000,0.0000,0.0000,0.0000,0.0000,0,0.0000,0.0000,0.0000,0.0000,0.0000,IDLE,0,0,candidate_fields_invalid,0,0,0.000,1,1.3350,nan,0.0463,0.8765,349,5,0.0000,0.0000,0.0000,0.0000,0.0000,等待台阶,1,0.0000,0.150,0.330
5473.684,SEEK_ROUNDABOUT,53.845,0,2.605,0.0000,0.0000,none,,,,line_lost_stop,0.0000,0.0000,0,line_too_few_bands,0.0000,0.0000,0.0000,0.0000,0.0000,0,0.0000,0.0000,0.0000,0.0000,0.0000,IDLE,0,0,candidate_fields_invalid,0,0,0.000,1,1.3400,nan,0.0478,0.9000,353,5,0.0000,0.0000,0.0000,0.0000,0.0000,等待台阶,1,0.0000,0.150,0.330
5473.771,SEEK_ROUNDABOUT,53.933,0,2.605,0.0000,0.0000,none,,,,line_lost_stop,0.0000,0.0000,0,line_too_few_bands,0.0000,0.0000,0.0000,0.0000,0.0000,0,0.0000,0.0000,0.0000,0.0000,0.0000,IDLE,0,0,candidate_fields_invalid,0,0,0.000,1,1.3300,nan,0.0479,0.8988,356,5,0.0000,0.0000,0.0000,0.0000,0.0000,等待台阶,1,0.0000,0.150,0.330
5473.894,SEEK_ROUNDABOUT,54.056,0,2.605,0.0000,0.0000,none,,,,line_lost_stop,0.0000,0.0000,0,line_too_few_bands,0.0000,0.0000,0.0000,0.0000,0.0000,0,0.0000,0.0000,0.0000,0.0000,0.0000,IDLE,0,0,candidate_fields_invalid,0,0,0.000,1,1.3300,nan,0.0485,0.9133,359,5,0.0000,0.0000,0.0000,0.0000,0.0000,等待台阶,1,0.0000,0.150,0.330
