t,phase,phase_age,lap,seek_distance,roundabout_gate_score,roundabout_gate_evidence,roundabout_gate_source,first_roundabout_gate_seek,mode,cmd_v,cmd_w,line_valid,line_reason,line_error,near_error,mid_error,far_error,line_confidence,valid_bands,near_mid_delta,mid_far_delta,near_far_delta,center_error,last_cmd_w,step_state,step_done_this_lap,step_waiting_alignment,step_align_reason,step_fixed_latched,step_reverse_active,step_candidate_evidence,step_detected,step_distance,step_filtered_distance,step_height,step_confidence,step_confirm_frames,step_required_frames,step_target_travel,step_commanded_traveled,step_odom_traveled,step_trigger_traveled,step_remaining,step_stop_reason,odom_fresh,yaw_error,jump_profile_min,jump_profile_max
4645.073,SEEK_ROUNDABOUT,1.095,0,0.000,0.0000,0.0000,none,,camera_timeout,0.0000,0.0000,0,,nan,nan,nan,nan,0.0000,0,nan,nan,nan,nan,0.0000,IDLE,0,0,waiting_detection,0,0,0.000,0,nan,nan,nan,0.0000,0,5,0.0000,0.0000,0.0000,0.0000,0.0000,等待台阶,1,0.0000,0.150,0.330
4645.140,SEEK_ROUNDABOUT,1.162,0,0.000,0.0000,0.0000,none,,camera_timeout,0.0000,0.0000,0,,nan,nan,nan,nan,0.0000,0,nan,nan,nan,nan,0.0000,IDLE,0,0,waiting_detection,0,0,0.000,0,nan,nan,nan,0.0000,0,5,0.0000,0.0000,0.0000,0.0000,0.0000,等待台阶,1,0.0000,0.150,0.330
4645.207,SEEK_ROUNDABOUT,1.229,0,0.000,0.0000,0.0000,none,,camera_timeout,0.0000,0.0000,0,,nan,nan,nan,nan,0.0000,0,nan,nan,nan,nan,0.0000,IDLE,0,0,waiting_detection,0,0,0.000,0,nan,nan,nan,0.0000,0,5,0.0000,0.0000,0.0000,0.0000,0.0000,等待台阶,1,0.0000,0.150,0.330
4645.274,SEEK_ROUNDABOUT,1.296,0,0.000,0.0000,0.0000,none,,camera_timeout,0.0000,0.0000,0,,nan,nan,nan,nan,0.0000,0,nan,nan,nan,nan,0.0000,IDLE,0,0,waiting_detection,0,0,0.000,0,nan,nan,nan,0.0000,0,5,0.0000,0.0000,0.0000,0.0000,0.0000,等待台阶,1,0.0000,0.150,0.330
4645.340,SEEK_ROUNDABOUT,1.362,0,0.000,0.0000,0.0000,none,,camera_timeout,0.0000,0.0000,0,,nan,nan,nan,nan,0.0000,0,nan,nan,nan,nan,0.0000,IDLE,0,0,waiting_detection,0,0,0.000,0,nan,nan,nan,0.0000,0,5,0.0000,0.0000,0.0000,0.0000,0.0000,等待台阶,1,0.0000,0.150,0.330
4645.407,SEEK_ROUNDABOUT,1.429,0,0.000,0.0000,0.0000,none,,camera_timeout,0.0000,0.0000,0,,nan,nan,nan,nan,0.0000,0,nan,nan,nan,nan,0.0000,IDLE,0,0,waiting_detection,0,0,0.000,0,nan,nan,nan,0.0000,0,5,0.0000,0.0000,0.0000,0.0000,0.0000,等待台阶,1,0.0000,0.150,0.330
4645.474,SEEK_ROUNDABOUT,1.496,0,0.000,0.0000,0.0000,none,,camera_timeout,0.0000,0.0000,0,,nan,nan,nan,nan,0.0000,0,nan,nan,nan,nan,0.0000,IDLE,0,0,waiting_detection,0,0,0.000,0,nan,nan,nan,0.0000,0,5,0.0000,0.0000,0.0000,0.0000,0.0000,等待台阶,1,0.0000,0.150,0.330
4645.541,SEEK_ROUNDABOUT,1.563,0,0.000,0.0000,0.0000,none,,camera_timeout,0.0000,0.0000,0,,nan,nan,nan,nan,0.0000,0,nan,nan,nan,nan,0.0000,IDLE,0,0,waiting_detection,0,0,0.000,0,nan,nan,nan,0.0000,0,5,0.0000,0.0000,0.0000,0.0000,0.0000,等待台阶,1,0.0000,0.150,0.330
4645.607,SEEK_ROUNDABOUT,1.629,0,0.000,0.0000,0.0000,none,,camera_timeout,0.0000,0.0000,0,,nan,nan,nan,nan,0.0000,0,nan,nan,nan,nan,0.0000,IDLE,0,0,waiting_detection,0,0,0.000,0,nan,nan,nan,0.0000,0,5,0.0000,0.0000,0.0000,0.0000,0.0000,等待台阶,1,0.0000,0.150,0.330
4645.674,SEEK_ROUNDABOUT,1.696,0,0.000,0.0000,0.0000,none,,camera_timeout,0.0000,0.0000,0,,nan,nan,nan,nan,0.0000,0,nan,nan,nan,nan,0.0000,IDLE,0,0,waiting_detection,0,0,0.000,0,nan,nan,nan,0.0000,0,5,0.0000,0.0000,0.0000,0.0000,0.0000,等待台阶,1,0.0000,0.150,0.330
4645.740,SEEK_ROUNDABOUT,1.762,0,0.000,0.0000,0.0000,none,,camera_timeout,0.0000,0.0000,0,,nan,nan,nan,nan,0.0000,0,nan,nan,nan,nan,0.0000,IDLE,0,0,waiting_detection,0,0,0.000,0,nan,nan,nan,0.0000,0,5,0.0000,0.0000,0.0000,0.0000,0.0000,等待台阶,1,0.0000,0.150,0.330
4645.807,SEEK_ROUNDABOUT,1.829,0,0.000,0.0000,0.0000,none,,camera_timeout,0.0000,0.0000,0,,nan,nan,nan,nan,0.0000,0,nan,nan,nan,nan,0.0000,IDLE,0,0,waiting_detection,0,0,0.000,0,nan,nan,nan,0.0000,0,5,0.0000,0.0000,0.0000,0.0000,0.0000,等待台阶,1,0.0000,0.150,0.330
4645.873,SEEK_ROUNDABOUT,1.895,0,0.000,0.0000,0.0000,none,,camera_timeout,0.0000,0.0000,0,,nan,nan,nan,nan,0.0000,0,nan,nan,nan,nan,0.0000,IDLE,0,0,waiting_detection,0,0,0.000,0,nan,nan,nan,0.0000,0,5,0.0000,0.0000,0.0000,0.0000,0.0000,等待台阶,1,0.0000,0.150,0.330
4645.940,SEEK_ROUNDABOUT,1.962,0,0.000,0.0000,0.0000,none,,camera_timeout,0.0000,0.0000,0,,nan,nan,nan,nan,0.0000,0,nan,nan,nan,nan,0.0000,IDLE,0,0,waiting_detection,0,0,0.000,0,nan,nan,nan,0.0000,0,5,0.0000,0.0000,0.0000,0.0000,0.0000,等待台阶,1,0.0000,0.150,0.330
4646.007,SEEK_ROUNDABOUT,2.029,0,0.000,0.0000,0.0000,none,,camera_timeout,0.0000,0.0000,0,,nan,nan,nan,nan,0.0000,0,nan,nan,nan,nan,0.0000,IDLE,0,0,waiting_detection,0,0,0.000,0,nan,nan,nan,0.0000,0,5,0.0000,0.0000,0.0000,0.0000,0.0000,等待台阶,1,0.0000,0.150,0.330
4646.073,SEEK_ROUNDABOUT,2.095,0,0.000,0.0000,0.0000,none,,camera_timeout,0.0000,0.0000,0,,nan,nan,nan,nan,0.0000,0,nan,nan,nan,nan,0.0000,IDLE,0,0,waiting_detection,0,0,0.000,0,nan,nan,nan,0.0000,0,5,0.0000,0.0000,0.0000,0.0000,0.0000,等待台阶,1,0.0000,0.150,0.330
4646.140,SEEK_ROUNDABOUT,2.162,0,0.000,0.0000,0.0000,none,,camera_timeout,0.0000,0.0000,0,,nan,nan,nan,nan,0.0000,0,nan,nan,nan,nan,0.0000,IDLE,0,0,waiting_detection,0,0,0.000,0,nan,nan,nan,0.0000,0,5,0.0000,0.0000,0.0000,0.0000,0.0000,等待台阶,1,0.0000,0.150,0.330
4646.206,SEEK_ROUNDABOUT,2.228,0,0.000,0.0000,0.0000,none,,camera_timeout,0.0000,0.0000,0,,nan,nan,nan,nan,0.0000,0,nan,nan,nan,nan,0.0000,IDLE,0,0,waiting_detection,0,0,0.000,0,nan,nan,nan,0.0000,0,5,0.0000,0.0000,0.0000,0.0000,0.0000,等待台阶,1,0.0000,0.150,0.330
4646.274,SEEK_ROUNDABOUT,2.296,0,0.000,0.0000,0.0000,none,,camera_timeout,0.0000,0.0000,0,,nan,nan,nan,nan,0.0000,0,nan,nan,nan,nan,0.0000,IDLE,0,0,waiting_detection,0,0,0.000,0,nan,nan,nan,0.0000,0,5,0.0000,0.0000,0.0000,0.0000,0.0000,等待台阶,1,0.0000,0.150,0.330
4646.340,SEEK_ROUNDABOUT,2.362,0,0.000,0.0000,0.0000,none,,camera_timeout,0.0000,0.0000,0,,nan,nan,nan,nan,0.0000,0,nan,nan,nan,nan,0.0000,IDLE,0,0,waiting_detection,0,0,0.000,0,nan,nan,nan,0.0000,0,5,0.0000,0.0000,0.0000,0.0000,0.0000,等待台阶,1,0.0000,0.150,0.330
4646.409,SEEK_ROUNDABOUT,2.431,0,0.000,0.0000,0.0000,none,,camera_timeout,0.0000,0.0000,0,,nan,nan,nan,nan,0.0000,0,nan,nan,nan,nan,0.0000,IDLE,0,0,waiting_detection,0,0,0.000,0,nan,nan,nan,0.0000,0,5,0.0000,0.0000,0.0000,0.0000,0.0000,等待台阶,1,0.0000,0.150,0.330
4646.474,SEEK_ROUNDABOUT,2.496,0,0.000,0.0000,0.0000,none,,camera_timeout,0.0000,0.0000,0,,nan,nan,nan,nan,0.0000,0,nan,nan,nan,nan,0.0000,IDLE,0,0,waiting_detection,0,0,0.000,0,nan,nan,nan,0.0000,0,5,0.0000,0.0000,0.0000,0.0000,0.0000,等待台阶,1,0.0000,0.150,0.330
4646.541,SEEK_ROUNDABOUT,0.000,0,0.000,0.0000,0.0000,none,,tracking,0.0507,-0.3333,1,line_curve_center_riding,0.3254,0.3270,0.3012,0.0661,0.9593,8,0.0258,0.2351,0.2609,0.2314,-0.3333,IDLE,0,0,step_zone_before_min seek=0.00<1.25,0,0,0.000,0,nan,nan,nan,0.0000,0,5,0.0000,0.0000,0.0000,0.0000,0.0000,等待台阶,1,0.0000,0.150,0.330
4646.682,SEEK_ROUNDABOUT,0.141,0,0.000,0.0000,0.0000,none,,tracking,0.1013,-0.3546,1,line_curve_center_riding,0.3309,0.3324,0.3072,0.0640,0.9573,8,0.0252,0.2432,0.2683,0.2345,-0.3546,IDLE,0,0,step_zone_before_min seek=0.00<1.25,0,0,0.000,0,nan,nan,nan,0.0000,0,5,0.0000,0.0000,0.0000,0.0000,0.0000,等待台阶,1,0.0000,0.150,0.330
4646.757,SEEK_ROUNDABOUT,0.216,0,0.000,0.0000,0.0000,none,,tracking,0.1299,-0.3533,1,line_curve_center_riding,0.3265,0.3279,0.3042,0.0547,0.9562,8,0.0238,0.2494,0.2732,0.2290,-0.3533,IDLE,0,0,step_zone_before_min seek=0.00<1.25,0,0,0.000,0,nan,nan,nan,0.0000,0,5,0.0000,0.0000,0.0000,0.0000,0.0000,等待台阶,1,0.0000,0.150,0.330
4646.833,SEEK_ROUNDABOUT,0.292,0,0.000,0.0000,0.0000,none,,tracking,0.1588,-0.3369,1,line_curve_center_riding,0.3010,0.3025,0.2770,0.0216,0.9551,8,0.0255,0.2554,0.2809,0.2004,-0.3369,IDLE,0,0,step_zone_before_min seek=0.00<1.25,0,0,0.000,0,nan,nan,nan,0.0000,0,5,0.0000,0.0000,0.0000,0.0000,0.0000,等待台阶,1,0.0000,0.150,0.330
4646.923,SEEK_ROUNDABOUT,0.382,0,0.001,0.0000,0.0000,none,,tracking,0.1681,-0.3183,1,line_curve_center_riding,0.2797,0.2812,0.2555,-0.0161,0.9520,8,0.0257,0.2716,0.2973,0.1736,-0.3183,IDLE,0,0,step_zone_before_min seek=0.00<1.25,0,0,0.000,0,nan,nan,nan,0.0000,0,5,0.0000,0.0000,0.0000,0.0000,0.0000,等待台阶,1,0.0000,0.150,0.330
4647.040,SEEK_ROUNDABOUT,0.499,0,0.002,0.0000,0.0000,none,,tracking,0.1700,-0.2571,1,line_curve_center_riding,0.1887,0.1906,0.1604,-0.0724,0.9599,8,0.0301,0.2328,0.2629,0.0929,-0.2571,IDLE,0,0,step_zone_before_min seek=0.00<1.25,0,0,0.000,0,nan,nan,nan,0.0000,0,5,0.0000,0.0000,0.0000,0.0000,0.0000,等待台阶,1,0.0000,0.150,0.330
4647.414,SEEK_ROUNDABOUT,0.873,0,0.003,0.0000,0.0000,none,,tracking,0.1700,-0.1601,1,line_curve_center_riding,0.0516,0.0546,0.0032,-0.2441,0.9537,8,0.0514,0.2473,0.2987,-0.0621,-0.1601,IDLE,0,0,step_zone_before_min seek=0.00<1.25,0,0,0.000,0,nan,nan,nan,0.0000,0,5,0.0000,0.0000,0.0000,0.0000,0.0000,等待台阶,1,0.0000,0.150,0.330
4647.617,SEEK_ROUNDABOUT,1.076,0,0.007,0.0000,0.0000,none,,tracking,0.1700,-0.0553,1,line_curve_center_riding,-0.0425,-0.0394,-0.0914,-0.3452,0.9544,8,0.0520,0.2538,0.3058,-0.1586,-0.0553,IDLE,0,0,step_zone_before_min seek=0.00<1.25,0,0,0.000,0,nan,nan,nan,0.0000,0,5,0.0000,0.0000,0.0000,0.0000,0.0000,等待台阶,1,0.0000,0.150,0.330
4647.793,SEEK_ROUNDABOUT,1.252,0,0.017,0.0000,0.0000,none,,tracking,0.1700,0.0702,1,line_curve_center_riding,-0.1768,-0.1728,-0.2400,-0.3966,0.7959,6,0.0672,0.1567,0.2238,-0.2698,0.0702,IDLE,0,0,step_zone_before_min seek=0.01<1.25,0,0,0.000,0,nan,nan,nan,0.0000,0,5,0.0000,0.0000,0.0000,0.0000,0.0000,等待台阶,1,0.0000,0.150,0.330
4647.965,SEEK_ROUNDABOUT,1.424,0,0.031,0.0000,0.0000,none,,tracking,0.1700,0.1256,1,line_curve_center_riding,-0.1721,-0.1665,-0.2596,-0.4543,0.7900,6,0.0931,0.1947,0.2878,-0.2935,0.1256,IDLE,0,0,step_zone_before_min seek=0.02<1.25,0,0,0.000,0,nan,nan,nan,0.0000,0,5,0.0000,0.0000,0.0000,0.0000,0.0000,等待台阶,1,0.0000,0.150,0.330
4648.134,SEEK_ROUNDABOUT,1.593,0,0.049,0.0000,0.0000,none,,tracking,0.1700,0.1564,1,line_curve_center_riding,-0.1753,-0.1704,-0.2525,-0.4992,0.8771,7,0.0822,0.2467,0.3289,-0.3074,0.1564,IDLE,0,0,step_zone_before_min seek=0.03<1.25,0,0,0.000,0,nan,nan,nan,0.0000,0,5,0.0000,0.0000,0.0000,0.0000,0.0000,等待台阶,1,0.0000,0.150,0.330
4648.285,SEEK_ROUNDABOUT,1.744,0,0.071,0.0000,0.0000,none,,tracking,0.1896,0.2350,1,line_center_tracking,-0.2840,-0.2668,-0.3282,-0.4287,0.8027,6,0.0614,0.1005,0.1619,-0.3412,0.2350,IDLE,0,0,step_zone_before_min seek=0.05<1.25,0,0,0.000,0,nan,nan,nan,0.0000,0,5,0.0000,0.0000,0.0000,0.0000,0.0000,等待台阶,1,0.0000,0.150,0.330
4648.445,SEEK_ROUNDABOUT,1.904,0,0.094,0.0000,0.0000,none,,tracking,0.1700,0.2289,1,line_curve_center_riding,-0.2137,-0.2087,-0.2920,-0.4124,0.8006,6,0.0833,0.1204,0.2037,-0.3044,0.2289,IDLE,0,0,step_zone_before_min seek=0.07<1.25,0,0,0.000,0,nan,nan,nan,0.0000,0,5,0.0000,0.0000,0.0000,0.0000,0.0000,等待台阶,1,0.0000,0.150,0.330
4648.596,SEEK_ROUNDABOUT,2.055,0,0.125,0.0000,0.0000,none,,tracking,0.1450,0.1101,1,line_curve_center_riding,-0.0056,0.0014,-0.1157,-0.5125,0.8587,7,0.1171,0.3968,0.5139,-0.2089,0.1101,IDLE,0,0,step_zone_before_min seek=0.09<1.25,0,0,0.000,0,nan,nan,nan,0.0000,0,5,0.0000,0.0000,0.0000,0.0000,0.0000,等待台阶,1,0.0000,0.150,0.330
4648.744,SEEK_ROUNDABOUT,2.203,0,0.165,0.0000,0.0000,none,,tracking,0.1700,0.0883,1,line_curve_center_riding,-0.0546,-0.0463,-0.1849,-0.3532,0.7852,6,0.1386,0.1683,0.3069,-0.1948,0.0883,IDLE,0,0,step_zone_before_min seek=0.13<1.25,0,0,0.000,0,nan,nan,nan,0.0000,0,5,0.0000,0.0000,0.0000,0.0000,0.0000,等待台阶,1,0.0000,0.150,0.330
4648.900,SEEK_ROUNDABOUT,2.359,0,0.207,0.0000,0.0000,none,,tracking,0.1700,0.0447,1,line_curve_center_riding,-0.0030,0.0081,-0.1764,-0.3867,0.7752,6,0.1844,0.2104,0.3948,-0.1850,0.0447,IDLE,0,0,step_zone_before_min seek=0.17<1.25,0,0,0.000,0,nan,nan,nan,0.0000,0,5,0.0000,0.0000,0.0000,0.0000,0.0000,等待台阶,1,0.0000,0.150,0.330
4649.063,SEEK_ROUNDABOUT,2.522,0,0.250,0.0000,0.0000,none,,tracking,0.1450,0.0028,1,line_curve_center_riding,0.0356,0.0511,-0.2068,-0.5061,0.7549,6,0.2579,0.2993,0.5572,-0.2206,0.0028,IDLE,0,0,step_zone_before_min seek=0.21<1.25,0,0,0.000,0,nan,nan,nan,0.0000,0,5,0.0000,0.0000,0.0000,0.0000,0.0000,等待台阶,1,0.0000,0.150,0.330
4649.213,SEEK_ROUNDABOUT,2.672,0,0.305,0.0000,0.0000,none,,tracking,0.1450,0.0066,1,line_curve_center_riding,-0.0057,0.0137,-0.3082,-0.3835,0.6717,5,0.3219,0.0753,0.3972,-0.2260,0.0066,IDLE,0,0,step_zone_before_min seek=0.25<1.25,0,0,0.000,0,nan,nan,nan,0.0000,0,5,0.0000,0.0000,0.0000,0.0000,0.0000,等待台阶,1,0.0000,0.150,0.330
4649.377,SEEK_ROUNDABOUT,2.836,0,0.358,0.0000,0.0000,none,,tracking,0.1450,0.0551,1,line_curve_center_riding,-0.0910,-0.0669,-0.4683,-0.5607,0.6590,5,0.4013,0.0924,0.4937,-0.3653,0.0551,IDLE,0,0,step_zone_before_min seek=0.31<1.25,0,0,0.000,0,nan,nan,nan,0.0000,0,5,0.0000,0.0000,0.0000,0.0000,0.0000,等待台阶,1,0.0000,0.150,0.330
4649.542,SEEK_ROUNDABOUT,3.001,0,0.409,0.0000,0.0000,none,,tracking,0.1795,0.2462,1,line_center_tracking,-0.3894,-0.3629,-0.4577,-0.4577,0.5120,3,0.0949,0.0000,0.0949,-0.4261,0.2462,IDLE,0,0,step_zone_before_min seek=0.36<1.25,0,0,0.000,0,nan,nan,nan,0.0000,0,5,0.0000,0.0000,0.0000,0.0000,0.0000,等待台阶,1,0.0000,0.150,0.330
4649.682,SEEK_ROUNDABOUT,3.141,0,0.456,0.0000,0.0000,none,,tracking,0.1514,0.3834,1,line_center_tracking,-0.4789,-0.4504,-0.5524,-0.5524,0.5125,3,0.1020,0.0000,0.1020,-0.5184,0.3834,IDLE,0,0,step_zone_before_min seek=0.41<1.25,0,0,0.000,0,nan,nan,nan,0.0000,0,5,0.0000,0.0000,0.0000,0.0000,0.0000,等待台阶,1,0.0000,0.150,0.330
4649.836,SEEK_ROUNDABOUT,3.295,0,0.504,0.0000,0.0000,none,,tracking,0.1295,0.4688,1,line_center_tracking,-0.5169,-0.5098,-0.5353,-0.5353,0.4034,2,0.0255,0.0000,0.0255,-0.5268,0.4688,IDLE,0,0,step_zone_before_min seek=0.46<1.25,0,0,0.000,0,nan,nan,nan,0.0000,0,5,0.0000,0.0000,0.0000,0.0000,0.0000,等待台阶,1,0.0000,0.150,0.330
4649.995,SEEK_ROUNDABOUT,3.455,0,0.546,0.0000,0.0000,none,,line_bridge_loss,0.0788,0.1875,0,line_too_few_bands,0.0000,0.0000,0.0000,0.0000,0.0000,1,0.0000,0.0000,0.0000,0.0000,0.1875,IDLE,0,0,step_zone_before_min seek=0.50<1.25,0,0,0.000,0,nan,nan,nan,0.0000,0,5,0.0000,0.0000,0.0000,0.0000,0.0000,等待台阶,1,0.0000,0.150,0.330
4650.186,SEEK_ROUNDABOUT,3.645,0,0.587,0.0000,0.0000,none,,line_bridge_loss,0.0350,0.1875,0,line_too_few_bands,0.0000,0.0000,0.0000,0.0000,0.0000,1,0.0000,0.0000,0.0000,0.0000,0.1875,IDLE,0,0,step_zone_before_min seek=0.55<1.25,0,0,0.000,0,nan,nan,nan,0.0000,0,5,0.0000,0.0000,0.0000,0.0000,0.0000,等待台阶,1,0.0000,0.150,0.330
4650.394,SEEK_ROUNDABOUT,3.853,0,0.646,0.0000,0.0000,none,,tracking,0.0857,0.4539,1,line_curve_center_riding,-0.4156,-0.4015,-0.6359,-0.6359,0.2934,2,0.2344,0.0000,0.2344,-0.5578,0.4539,IDLE,0,0,step_zone_before_min seek=0.59<1.25,0,0,0.000,0,1.3500,nan,0.0459,0.9187,3,5,0.0000,0.0000,0.0000,0.0000,0.0000,等待台阶,1,0.0000,0.150,0.330
4650.614,SEEK_ROUNDABOUT,4.073,0,0.688,0.0000,0.0000,none,,tracking,0.0850,0.4200,1,line_edge_single_rescue,-0.7198,-0.7198,-0.7198,-0.7198,0.3100,1,0.0000,0.0000,0.0000,-0.7198,0.4200,IDLE,0,0,step_zone_before_min seek=0.65<1.25,0,0,0.000,1,1.3350,nan,0.0505,0.9641,8,5,0.0000,0.0000,0.0000,0.0000,0.0000,等待台阶,1,0.0000,0.150,0.330
4650.826,SEEK_ROUNDABOUT,4.285,0,0.718,0.0000,0.0000,none,,tracking,0.1228,0.4946,1,line_curve_center_riding,-0.3591,-0.3483,-0.5275,-0.5275,0.3362,2,0.1791,0.0000,0.1791,-0.4678,0.4946,IDLE,0,0,step_zone_before_min seek=0.69<1.25,0,0,0.000,1,1.2300,nan,0.0537,0.9230,13,5,0.0000,0.0000,0.0000,0.0000,0.0000,等待台阶,1,0.0000,0.150,0.330
4650.964,SEEK_ROUNDABOUT,4.423,0,0.732,0.0000,0.0000,none,,tracking,0.1496,0.3906,1,line_curve_center_riding,-0.2725,-0.2607,-0.4565,-0.4565,0.3233,2,0.1958,0.0000,0.1958,-0.3912,0.3906,IDLE,0,0,step_zone_before_min seek=0.72<1.25,0,0,0.000,1,1.2100,nan,0.0524,0.9396,16,5,0.0000,0.0000,0.0000,0.0000,0.0000,等待台阶,1,0.0000,0.150,0.330
4651.123,SEEK_ROUNDABOUT,4.582,0,0.740,0.0000,0.0000,none,,tracking,0.1700,0.2768,1,line_curve_center_riding,-0.1529,-0.1431,-0.3068,-0.3068,0.3481,2,0.1637,0.0000,0.1637,-0.2523,0.2768,IDLE,0,0,step_zone_before_min seek=0.73<1.25,0,0,1.000,1,1.1900,1.1900,0.0495,0.9554,20,5,0.0000,0.0000,0.0000,0.0000,0.0000,等待台阶,1,0.0000,0.150,0.330
4651.271,SEEK_ROUNDABOUT,4.730,0,0.740,0.0000,0.0000,none,,tracking,0.1450,0.0777,1,line_recenter_transition,0.0984,0.1086,-0.4027,-0.4973,0.5228,4,0.5113,0.0946,0.6059,-0.2638,0.0777,IDLE,0,0,step_zone_before_min seek=0.74<1.25,0,0,2.000,1,1.1700,1.1800,0.0501,0.9332,23,5,0.0000,0.0000,0.0000,0.0000,0.0000,等待台阶,1,0.0000,0.150,0.330
4651.406,SEEK_ROUNDABOUT,4.865,0,0.748,0.0000,0.0000,none,,tracking,0.1450,-0.0937,1,line_recenter_transition,0.2394,0.2497,-0.2647,-0.6754,0.5930,5,0.5144,0.4107,0.9251,-0.2301,-0.0937,IDLE,0,0,step_zone_before_min seek=0.74<1.25,0,0,1.400,1,1.4000,1.1800,0.0527,0.9370,27,5,0.0000,0.0000,0.0000,0.0000,0.0000,等待台阶,1,0.0000,0.150,0.330
4651.556,SEEK_ROUNDABOUT,5.015,0,0.759,0.0000,0.0000,none,,tracking,0.1450,-0.2126,1,line_recenter_transition,0.3103,0.3194,-0.1330,-0.2200,0.5401,4,0.4523,0.0870,0.5393,-0.0112,-0.2126,IDLE,0,0,step_zone_before_min seek=0.75<1.25,0,0,0.800,1,1.3700,1.1800,0.0533,0.9298,32,5,0.0000,0.0000,0.0000,0.0000,0.0000,等待台阶,1,0.0000,0.150,0.330
4651.699,SEEK_ROUNDABOUT,5.158,0,0.772,0.0000,0.0000,none,,tracking,0.1450,-0.2715,1,line_recenter_transition,0.3099,0.3190,-0.1352,-0.5420,0.6033,5,0.4542,0.4068,0.8610,-0.1194,-0.2715,IDLE,0,0,step_zone_before_min seek=0.76<1.25,0,0,0.200,1,1.4800,1.1800,0.0488,0.8898,37,5,0.0000,0.0000,0.0000,0.0000,0.0000,等待台阶,1,0.0000,0.150,0.330
4651.837,SEEK_ROUNDABOUT,5.296,0,0.778,0.0000,0.0000,none,,tracking,0.1450,-0.2921,1,line_recenter_transition,0.2928,0.3021,-0.1586,-0.5858,0.6002,5,0.4606,0.4272,0.8878,-0.1474,-0.2921,IDLE,0,0,step_zone_before_min seek=0.77<1.25,0,0,0.000,1,1.2800,1.1800,0.0526,0.9370,41,5,0.0000,0.0000,0.0000,0.0000,0.0000,等待台阶,1,0.0000,0.150,0.330
4651.977,SEEK_ROUNDABOUT,5.436,0,0.780,0.0000,0.0000,none,,tracking,0.1700,-0.2291,1,line_recenter_transition,0.1644,0.1696,-0.0902,-0.0902,0.4727,3,0.2598,0.0000,0.2598,-0.0036,-0.2291,IDLE,0,0,step_zone_before_min seek=0.78<1.25,0,0,0.000,1,1.2700,1.1700,0.0512,0.9203,47,5,0.0000,0.0000,0.0000,0.0000,0.0000,等待台阶,1,0.0000,0.150,0.330
4652.141,SEEK_ROUNDABOUT,5.600,0,0.782,0.0000,0.0000,none,,tracking,0.1700,-0.1498,1,line_curve_center_riding,0.0680,0.0827,-0.1632,-0.1632,0.4806,3,0.2459,0.0000,0.2459,-0.0812,-0.1498,IDLE,0,0,step_zone_before_min seek=0.78<1.25,0,0,0.000,0,nan,nan,nan,0.0000,0,5,0.0000,0.0000,0.0000,0.0000,0.0000,等待台阶,1,0.0000,0.150,0.330
4652.280,SEEK_ROUNDABOUT,5.740,0,0.788,0.0000,0.0000,none,,tracking,0.1450,-0.0893,1,line_curve_center_riding,0.0282,0.0458,-0.2476,-0.2476,0.5754,4,0.2934,0.0000,0.2934,-0.1498,-0.0893,IDLE,0,0,step_zone_before_min seek=0.78<1.25,0,0,0.000,0,1.2800,nan,0.0440,0.7844,1,5,0.0000,0.0000,0.0000,0.0000,0.0000,等待台阶,1,0.0000,0.150,0.330
4652.418,SEEK_ROUNDABOUT,5.877,0,0.797,0.0000,0.0000,none,,tracking,0.1450,-0.0218,1,line_curve_center_riding,-0.0392,-0.0194,-0.3505,-0.3505,0.5666,4,0.3311,0.0000,0.3311,-0.2401,-0.0218,IDLE,0,0,step_zone_before_min seek=0.79<1.25,0,0,0.000,0,1.2800,nan,0.0454,0.7681,1,5,0.0000,0.0000,0.0000,0.0000,0.0000,等待台阶,1,0.0000,0.150,0.330
4652.565,SEEK_ROUNDABOUT,6.024,0,0.809,0.0000,0.0000,none,,tracking,0.1700,0.1276,1,line_curve_center_riding,-0.2452,-0.2354,-0.3993,-0.3993,0.4890,3,0.1639,0.0000,0.1639,-0.3446,0.1276,IDLE,0,0,step_zone_before_min seek=0.80<1.25,0,0,0.000,0,nan,nan,nan,0.0000,0,5,0.0000,0.0000,0.0000,0.0000,0.0000,等待台阶,1,0.0000,0.150,0.330
4652.724,SEEK_ROUNDABOUT,6.183,0,0.830,0.0000,0.0000,none,,tracking,0.1700,0.2495,1,line_curve_center_riding,-0.3442,-0.3347,-0.4929,-0.4929,0.4922,3,0.1582,0.0000,0.1582,-0.4402,0.2495,IDLE,0,0,step_zone_before_min seek=0.81<1.25,0,0,0.000,0,nan,nan,nan,0.0000,0,5,0.0000,0.0000,0.0000,0.0000,0.0000,等待台阶,1,0.0000,0.150,0.330
4652.864,SEEK_ROUNDABOUT,6.324,0,0.845,0.0000,0.0000,none,,tracking,0.1644,0.3328,1,line_curve_center_riding,-0.3851,-0.3714,-0.5993,-0.5993,0.4579,3,0.2279,0.0000,0.2279,-0.5233,0.3328,IDLE,0,0,step_zone_before_min seek=0.83<1.25,0,0,0.000,0,nan,nan,nan,0.0000,0,5,0.0000,0.0000,0.0000,0.0000,0.0000,等待台阶,1,0.0000,0.150,0.330
4652.996,SEEK_ROUNDABOUT,6.455,0,0.872,0.0000,0.0000,none,,tracking,0.1481,0.3965,1,line_curve_center_riding,-0.4251,-0.4104,-0.6554,-0.6554,0.4458,3,0.2449,0.0000,0.2449,-0.5737,0.3965,IDLE,0,0,step_zone_before_min seek=0.85<1.25,0,0,0.000,0,nan,nan,nan,0.0000,0,5,0.0000,0.0000,0.0000,0.0000,0.0000,等待台阶,1,0.0000,0.150,0.330
4653.123,SEEK_ROUNDABOUT,6.582,0,0.892,0.0000,0.0000,none,,line_bridge_loss,0.0998,0.1586,0,line_too_few_bands,0.0000,0.0000,0.0000,0.0000,0.0000,1,0.0000,0.0000,0.0000,0.0000,0.1586,IDLE,0,0,step_zone_before_min seek=0.87<1.25,0,0,0.000,0,nan,nan,nan,0.0000,0,5,0.0000,0.0000,0.0000,0.0000,0.0000,等待台阶,1,0.0000,0.150,0.330
4653.267,SEEK_ROUNDABOUT,6.726,0,0.926,0.0000,0.0000,none,,tracking,0.1441,0.4120,1,line_curve_center_riding,-0.4027,-0.3873,-0.6441,-0.6441,0.4325,3,0.2568,0.0000,0.2568,-0.5585,0.4120,IDLE,0,0,step_zone_before_min seek=0.89<1.25,0,0,0.000,0,1.2600,nan,0.0457,0.8248,1,5,0.0000,0.0000,0.0000,0.0000,0.0000,等待台阶,1,0.0000,0.150,0.330
4653.406,SEEK_ROUNDABOUT,6.866,0,0.961,0.0000,0.0000,none,,line_bridge_loss,0.0934,0.1648,0,line_too_few_bands,0.0000,0.0000,0.0000,0.0000,0.0000,0,0.0000,0.0000,0.0000,0.0000,0.1648,IDLE,0,0,step_zone_before_min seek=0.93<1.25,0,0,0.000,1,1.2300,nan,0.0461,0.7669,5,5,0.0000,0.0000,0.0000,0.0000,0.0000,等待台阶,1,0.0000,0.150,0.330
4653.593,SEEK_ROUNDABOUT,7.053,0,1.004,0.0000,0.0000,none,,line_bridge_loss,0.0427,0.1648,0,line_too_few_bands,0.0000,0.0000,0.0000,0.0000,0.0000,0,0.0000,0.0000,0.0000,0.0000,0.1648,IDLE,0,0,step_zone_before_min seek=0.96<1.25,0,0,1.000,0,1.1300,1.1300,0.0462,0.8284,3,5,0.0000,0.0000,0.0000,0.0000,0.0000,等待台阶,1,0.0000,0.150,0.330
4654.023,SEEK_ROUNDABOUT,7.483,0,1.107,0.0000,0.0000,none,,line_loss_hold,0.0000,0.0000,0,line_too_few_bands,0.0000,0.0000,0.0000,0.0000,0.0000,0,0.0000,0.0000,0.0000,0.0000,0.0000,IDLE,0,0,step_zone_before_min seek=1.00<1.25,0,0,2.000,1,1.1700,1.1500,0.0538,0.9212,16,5,0.0000,0.0000,0.0000,0.0000,0.0000,等待台阶,1,0.0000,0.150,0.330
4654.258,SEEK_ROUNDABOUT,7.717,0,1.150,0.0000,0.0000,none,,line_lost_stop,0.0000,0.0000,0,line_too_few_bands,0.0000,0.0000,0.0000,0.0000,0.0000,0,0.0000,0.0000,0.0000,0.0000,0.0000,IDLE,0,0,step_zone_before_min seek=1.11<1.25,0,0,3.000,1,1.1400,1.1400,0.0544,0.9133,23,5,0.0000,0.0000,0.0000,0.0000,0.0000,等待台阶,1,0.0000,0.150,0.330
4654.456,SEEK_ROUNDABOUT,7.915,0,1.188,0.0000,0.0000,none,,line_lost_stop,0.0000,0.0000,0,line_too_few_bands,0.0000,0.0000,0.0000,0.0000,0.0000,0,0.0000,0.0000,0.0000,0.0000,0.0000,IDLE,0,0,step_zone_before_min seek=1.15<1.25,0,0,4.000,1,1.1200,1.1400,0.0566,0.8644,29,5,0.0000,0.0000,0.0000,0.0000,0.0000,等待台阶,1,0.0000,0.150,0.330
4654.627,SEEK_ROUNDABOUT,8.086,0,1.216,0.0000,0.0000,none,,line_lost_stop,0.0000,0.0000,0,line_too_few_bands,0.0000,0.0000,0.0000,0.0000,0.0000,0,0.0000,0.0000,0.0000,0.0000,0.0000,IDLE,0,0,step_zone_before_min seek=1.19<1.25,0,0,5.000,1,1.1000,1.1300,0.0557,0.8627,34,5,0.0000,0.0000,0.0000,0.0000,0.0000,等待台阶,1,0.0000,0.150,0.330
4654.778,SEEK_ROUNDABOUT,8.237,0,1.233,0.0000,0.0000,none,,line_lost_stop,0.0000,0.0000,0,line_too_few_bands,0.0000,0.0000,0.0000,0.0000,0.0000,0,0.0000,0.0000,0.0000,0.0000,0.0000,IDLE,0,0,step_zone_before_min seek=1.22<1.25,0,0,6.000,1,1.0900,1.1200,0.0560,0.8553,38,5,0.0000,0.0000,0.0000,0.0000,0.0000,等待台阶,1,0.0000,0.150,0.330
4654.948,SEEK_ROUNDABOUT,8.407,0,1.243,0.0000,0.0000,none,,line_lost_stop,0.0000,0.0000,0,line_too_few_bands,0.0000,0.0000,0.0000,0.0000,0.0000,0,0.0000,0.0000,0.0000,0.0000,0.0000,IDLE,0,0,step_zone_before_min seek=1.23<1.25,0,0,6.000,1,1.0800,1.1000,0.0565,0.8500,42,5,0.0000,0.0000,0.0000,0.0000,0.0000,等待台阶,1,0.0000,0.150,0.330
4655.089,SEEK_ROUNDABOUT,8.548,0,1.244,0.0000,0.0000,none,,line_lost_stop,0.0000,0.0000,0,line_too_few_bands,0.0000,0.0000,0.0000,0.0000,0.0000,0,0.0000,0.0000,0.0000,0.0000,0.0000,IDLE,0,0,step_zone_before_min seek=1.24<1.25,0,0,6.000,1,1.0800,1.0900,0.0564,0.8537,46,5,0.0000,0.0000,0.0000,0.0000,0.0000,等待台阶,1,0.0000,0.150,0.330
4655.233,SEEK_ROUNDABOUT,8.692,0,1.248,0.0000,0.0000,none,,line_lost_stop,0.0000,0.0000,0,line_too_few_bands,0.0000,0.0000,0.0000,0.0000,0.0000,0,0.0000,0.0000,0.0000,0.0000,0.0000,IDLE,0,0,step_zone_before_min seek=1.24<1.25,0,0,6.000,1,1.0800,1.0800,0.0563,0.8610,50,5,0.0000,0.0000,0.0000,0.0000,0.0000,等待台阶,1,0.0000,0.150,0.330
4655.371,SEEK_ROUNDABOUT,8.830,0,1.262,0.0000,0.0000,none,,line_lost_stop,0.0000,0.0000,0,line_too_few_bands,0.0000,0.0000,0.0000,0.0000,0.0000,0,0.0000,0.0000,0.0000,0.0000,0.0000,IDLE,0,0,step_zone_before_min seek=1.25<1.25,0,0,6.000,1,1.0800,1.0800,0.0555,0.8671,54,5,0.0000,0.0000,0.0000,0.0000,0.0000,等待台阶,1,0.0000,0.150,0.330
4655.506,SEEK_ROUNDABOUT,8.965,0,1.279,0.0000,0.0000,none,,line_lost_stop,0.0000,0.0000,0,line_too_few_bands,0.0000,0.0000,0.0000,0.0000,0.0000,0,0.0000,0.0000,0.0000,0.0000,0.0000,IDLE,0,0,step_candidate_ignore_line_invalid,0,0,6.000,1,1.0900,1.0800,0.0550,0.8777,58,5,0.0000,0.0000,0.0000,0.0000,0.0000,等待台阶,1,0.0000,0.150,0.330
4655.629,SEEK_ROUNDABOUT,9.088,0,1.294,0.0000,0.0000,none,,line_lost_stop,0.0000,0.0000,0,line_too_few_bands,0.0000,0.0000,0.0000,0.0000,0.0000,0,0.0000,0.0000,0.0000,0.0000,0.0000,IDLE,0,0,step_candidate_ignore_line_invalid,0,0,6.000,1,1.1000,1.0800,0.0557,0.8700,62,5,0.0000,0.0000,0.0000,0.0000,0.0000,等待台阶,1,0.0000,0.150,0.330
4655.767,SEEK_ROUNDABOUT,9.226,0,1.316,0.0000,0.0000,none,,line_lost_stop,0.0000,0.0000,0,line_too_few_bands,0.0000,0.0000,0.0000,0.0000,0.0000,0,0.0000,0.0000,0.0000,0.0000,0.0000,IDLE,0,0,step_candidate_ignore_line_invalid,0,0,6.000,1,1.1100,1.0900,0.0543,0.9035,66,5,0.0000,0.0000,0.0000,0.0000,0.0000,等待台阶,1,0.0000,0.150,0.330
4655.927,SEEK_ROUNDABOUT,9.386,0,1.348,0.0000,0.0000,none,,line_lost_stop,0.0000,0.0000,0,line_too_few_bands,0.0000,0.0000,0.0000,0.0000,0.0000,0,0.0000,0.0000,0.0000,0.0000,0.0000,IDLE,0,0,step_candidate_ignore_line_invalid,0,0,6.000,1,1.1300,1.1000,0.0550,0.8993,71,5,0.0000,0.0000,0.0000,0.0000,0.0000,等待台阶,1,0.0000,0.150,0.330
4656.063,SEEK_ROUNDABOUT,9.522,0,1.378,0.0000,0.0000,none,,line_lost_stop,0.0000,0.0000,0,line_too_few_bands,0.0000,0.0000,0.0000,0.0000,0.0000,1,0.0000,0.0000,0.0000,0.0000,0.0000,IDLE,0,0,step_candidate_ignore_line_invalid,0,0,6.000,1,1.1400,1.1100,0.0551,0.9034,75,5,0.0000,0.0000,0.0000,0.0000,0.0000,等待台阶,1,0.0000,0.150,0.330
4656.198,SEEK_ROUNDABOUT,9.657,0,1.401,0.0000,0.0000,none,,tracking,0.0507,0.3333,1,line_curve_center_riding,-0.3986,-0.3855,-0.6028,-0.6028,0.4539,3,0.2173,0.0000,0.2173,-0.5304,0.3333,IDLE,0,0,step_candidate_ignore_center -0.530,0,0,6.000,1,1.1600,1.1300,0.0548,0.9073,79,5,0.0000,0.0000,0.0000,0.0000,0.0000,等待台阶,1,0.0000,0.150,0.330
4656.346,SEEK_ROUNDABOUT,9.805,0,1.432,0.4000,0.0000,none,,tracking,0.1013,0.3485,1,line_curve_center_riding,-0.2648,-0.2472,-0.5408,-0.5408,0.5636,4,0.2936,0.0000,0.2936,-0.4430,0.3485,IDLE,0,0,step_candidate_ignore_near_mid 0.294,0,0,6.000,1,1.1800,1.1400,0.0541,0.9169,83,5,0.0000,0.0000,0.0000,0.0000,0.0000,等待台阶,1,0.0000,0.150,0.330
4656.489,SEEK_ROUNDABOUT,9.948,0,1.453,0.4000,0.0000,none,,tracking,0.1450,0.2323,1,line_curve_center_riding,-0.1162,-0.0910,-0.5122,-0.7002,0.7335,6,0.4212,0.1880,0.6093,-0.4345,0.2323,IDLE,0,0,step_candidate_ignore_near_mid 0.421,0,0,6.000,1,1.1850,1.1600,0.0555,0.8989,87,5,0.0000,0.0000,0.0000,0.0000,0.0000,等待台阶,1,0.0000,0.150,0.330
4656.684,SEEK_ROUNDABOUT,10.143,0,1.475,0.0000,0.0000,none,,tracking,0.1450,0.0643,1,line_recenter_transition,0.0946,0.1035,-0.3407,-0.5621,0.6302,5,0.4441,0.2214,0.6655,-0.2664,0.0643,IDLE,0,0,candidate_fields_invalid,0,0,5.400,1,1.2100,1.1600,0.0532,0.9301,93,5,0.0000,0.0000,0.0000,0.0000,0.0000,等待台阶,1,0.0000,0.150,0.330
4656.874,SEEK_ROUNDABOUT,10.333,0,1.496,0.0000,0.0000,none,,tracking,0.1450,-0.0679,1,line_recenter_transition,0.1869,0.1951,-0.2161,-0.6030,0.8244,7,0.4113,0.3868,0.7981,-0.2080,-0.0679,IDLE,0,0,candidate_fields_invalid,0,0,4.800,1,1.2300,1.1800,0.0529,0.9080,99,5,0.0000,0.0000,0.0000,0.0000,0.0000,等待台阶,1,0.0000,0.150,0.330
4657.012,SEEK_ROUNDABOUT,10.471,0,1.509,0.0000,0.0000,none,,tracking,0.1450,-0.1570,1,line_recenter_transition,0.2256,0.2335,-0.1651,-0.5679,0.8276,7,0.3987,0.4028,0.8014,-0.1665,-0.1570,IDLE,0,0,step_candidate_ignore_near_mid 0.399,0,0,5.800,1,1.1100,1.1800,0.0463,0.9225,103,5,0.0000,0.0000,0.0000,0.0000,0.0000,等待台阶,1,0.0000,0.150,0.330
4657.166,SEEK_ROUNDABOUT,10.625,0,1.517,0.0000,0.0000,none,,tracking,0.1450,-0.1882,1,line_recenter_transition,0.2086,0.2164,-0.1763,-0.5405,0.9158,8,0.3927,0.3643,0.7570,-0.1668,-0.1882,IDLE,0,0,step_candidate_ignore_near_mid 0.393,0,0,6.000,1,1.1050,1.1100,0.0449,0.9036,108,5,0.0000,0.0000,0.0000,0.0000,0.0000,等待台阶,1,0.0000,0.150,0.330
4657.310,SEEK_ROUNDABOUT,10.769,0,1.518,0.0000,0.0000,none,,tracking,0.1450,-0.1752,1,line_recenter_transition,0.1551,0.1625,-0.2053,-0.6449,0.8269,7,0.3677,0.4396,0.8074,-0.2292,-0.1752,IDLE,0,0,step_candidate_ignore_near_mid 0.368,0,0,6.000,1,1.1000,1.1050,0.0458,0.9144,112,5,0.0000,0.0000,0.0000,0.0000,0.0000,等待台阶,1,0.0000,0.150,0.330
4657.461,SEEK_ROUNDABOUT,10.920,0,1.529,0.0000,0.0000,none,,tracking,0.1450,-0.1140,1,line_recenter_transition,0.0553,0.0633,-0.3401,-0.6016,0.7353,6,0.4034,0.2615,0.6649,-0.2928,-0.1140,IDLE,0,0,step_candidate_ignore_near_mid 0.403,0,0,6.000,1,1.0900,1.1025,0.0439,0.8894,116,5,0.0000,0.0000,0.0000,0.0000,0.0000,等待台阶,1,0.0000,0.150,0.330
4657.599,SEEK_ROUNDABOUT,11.058,0,1.548,0.0000,0.0000,none,,tracking,0.1450,0.0041,1,line_curve_center_riding,-0.1027,-0.0752,-0.5332,-0.6067,0.5416,4,0.4580,0.0735,0.5315,-0.4050,0.0041,IDLE,0,0,step_candidate_ignore_near_mid 0.458,0,0,6.000,1,1.0700,1.1000,0.0432,0.8203,121,5,0.0000,0.0000,0.0000,0.0000,0.0000,等待台阶,1,0.0000,0.150,0.330
4657.761,SEEK_ROUNDABOUT,11.220,0,1.583,0.0000,0.0000,none,,line_bridge_loss,0.0943,0.0017,0,line_too_few_bands,0.0000,0.0000,0.0000,0.0000,0.0000,1,0.0000,0.0000,0.0000,0.0000,0.0017,IDLE,0,0,step_candidate_ignore_line_invalid,0,0,6.000,1,1.0600,1.0900,0.0423,0.7660,125,5,0.0000,0.0000,0.0000,0.0000,0.0000,等待台阶,1,0.0000,0.150,0.330
4657.907,SEEK_ROUNDABOUT,11.366,0,1.624,0.0000,0.0000,none,,tracking,0.1391,0.3122,1,line_curve_center_riding,-0.5799,-0.5706,-0.7243,-0.7243,0.4893,3,0.1537,0.0000,0.1537,-0.6731,0.3122,IDLE,0,0,candidate_fields_invalid,0,0,5.400,0,nan,1.0900,nan,0.0000,0,5,0.0000,0.0000,0.0000,0.0000,0.0000,等待台阶,1,0.0000,0.150,0.330
4658.042,SEEK_ROUNDABOUT,11.501,0,1.647,0.0000,0.0000,none,,line_bridge_loss,0.0884,0.1249,0,line_too_few_bands,0.0000,0.0000,0.0000,0.0000,0.0000,0,0.0000,0.0000,0.0000,0.0000,0.1249,IDLE,0,0,step_candidate_ignore_line_invalid,0,0,6.000,0,1.1600,1.0900,0.0482,0.8089,2,5,0.0000,0.0000,0.0000,0.0000,0.0000,等待台阶,1,0.0000,0.150,0.330
4658.183,SEEK_ROUNDABOUT,11.642,0,1.690,0.0000,0.0000,none,,line_bridge_loss,0.0377,0.1249,0,line_too_few_bands,0.0000,0.0000,0.0000,0.0000,0.0000,0,0.0000,0.0000,0.0000,0.0000,0.1249,IDLE,0,0,candidate_fields_invalid,0,0,5.400,0,nan,1.0800,nan,0.0000,0,5,0.0000,0.0000,0.0000,0.0000,0.0000,等待台阶,1,0.0000,0.150,0.330
4658.309,SEEK_ROUNDABOUT,11.768,0,1.739,0.0000,0.0000,none,,line_bridge_loss,0.0350,0.1249,0,line_too_few_bands,0.0000,0.0000,0.0000,0.0000,0.0000,0,0.0000,0.0000,0.0000,0.0000,0.1249,IDLE,0,0,candidate_fields_invalid,0,0,4.800,0,nan,1.0700,nan,0.0000,0,5,0.0000,0.0000,0.0000,0.0000,0.0000,等待台阶,1,0.0000,0.150,0.330
4658.441,SEEK_ROUNDABOUT,11.900,0,1.782,0.0000,0.0000,none,,line_loss_hold,0.0000,0.0000,0,line_too_few_bands,0.0000,0.0000,0.0000,0.0000,0.0000,0,0.0000,0.0000,0.0000,0.0000,0.0000,IDLE,0,0,candidate_fields_invalid,0,0,4.200,0,nan,1.1100,nan,0.0000,0,5,0.0000,0.0000,0.0000,0.0000,0.0000,等待台阶,1,0.0000,0.150,0.330
4658.585,SEEK_ROUNDABOUT,12.044,0,1.844,0.0000,0.0000,none,,line_loss_hold,0.0000,0.0000,0,line_too_few_bands,0.0000,0.0000,0.0000,0.0000,0.0000,0,0.0000,0.0000,0.0000,0.0000,0.0000,IDLE,0,0,candidate_fields_invalid,0,0,3.600,0,nan,1.1600,nan,0.0000,0,5,0.0000,0.0000,0.0000,0.0000,0.0000,等待台阶,1,0.0000,0.150,0.330
4658.716,SEEK_ROUNDABOUT,12.175,0,1.884,0.0000,0.0000,none,,line_lost_stop,0.0000,0.0000,0,line_too_few_bands,0.0000,0.0000,0.0000,0.0000,0.0000,0,0.0000,0.0000,0.0000,0.0000,0.0000,IDLE,0,0,candidate_fields_invalid,0,0,3.000,0,nan,1.1600,nan,0.0000,0,5,0.0000,0.0000,0.0000,0.0000,0.0000,等待台阶,1,0.0000,0.150,0.330
4658.844,SEEK_ROUNDABOUT,12.303,0,1.930,0.0000,0.0000,none,,line_lost_stop,0.0000,0.0000,0,line_too_few_bands,0.0000,0.0000,0.0000,0.0000,0.0000,0,0.0000,0.0000,0.0000,0.0000,0.0000,IDLE,0,0,candidate_fields_invalid,0,0,2.400,0,nan,nan,nan,0.0000,0,5,0.0000,0.0000,0.0000,0.0000,0.0000,等待台阶,1,0.0000,0.150,0.330
4658.983,SEEK_ROUNDABOUT,12.442,0,1.966,0.0000,0.0000,none,,line_lost_stop,0.0000,0.0000,0,line_too_few_bands,0.0000,0.0000,0.0000,0.0000,0.0000,0,0.0000,0.0000,0.0000,0.0000,0.0000,IDLE,0,0,candidate_fields_invalid,0,0,1.800,0,nan,nan,nan,0.0000,0,5,0.0000,0.0000,0.0000,0.0000,0.0000,等待台阶,1,0.0000,0.150,0.330
4659.112,SEEK_ROUNDABOUT,12.571,0,1.989,0.0000,0.0000,none,,line_lost_stop,0.0000,0.0000,0,line_too_few_bands,0.0000,0.0000,0.0000,0.0000,0.0000,0,0.0000,0.0000,0.0000,0.0000,0.0000,IDLE,0,0,candidate_fields_invalid,0,0,1.200,0,nan,nan,nan,0.0000,0,5,0.0000,0.0000,0.0000,0.0000,0.0000,等待台阶,1,0.0000,0.150,0.330
4659.250,SEEK_ROUNDABOUT,12.709,0,2.005,0.0000,0.0000,none,,line_lost_stop,0.0000,0.0000,0,line_too_few_bands,0.0000,0.0000,0.0000,0.0000,0.0000,0,0.0000,0.0000,0.0000,0.0000,0.0000,IDLE,0,0,candidate_fields_invalid,0,0,0.600,0,nan,nan,nan,0.0000,0,5,0.0000,0.0000,0.0000,0.0000,0.0000,等待台阶,1,0.0000,0.150,0.330
4659.386,SEEK_ROUNDABOUT,12.845,0,2.021,0.0000,0.0000,none,,line_lost_stop,0.0000,0.0000,0,line_too_few_bands,0.0000,0.0000,0.0000,0.0000,0.0000,0,0.0000,0.0000,0.0000,0.0000,0.0000,IDLE,0,0,candidate_fields_invalid,0,0,0.000,0,nan,nan,nan,0.0000,0,5,0.0000,0.0000,0.0000,0.0000,0.0000,等待台阶,1,0.0000,0.150,0.330
4659.526,SEEK_ROUNDABOUT,12.985,0,2.029,0.0000,0.0000,none,,line_lost_stop,0.0000,0.0000,0,line_too_few_bands,0.0000,0.0000,0.0000,0.0000,0.0000,0,0.0000,0.0000,0.0000,0.0000,0.0000,IDLE,0,0,candidate_fields_invalid,0,0,0.000,0,nan,nan,nan,0.0000,0,5,0.0000,0.0000,0.0000,0.0000,0.0000,等待台阶,1,0.0000,0.150,0.330
4659.651,SEEK_ROUNDABOUT,13.111,0,2.029,0.0000,0.0000,none,,line_lost_stop,0.0000,0.0000,0,line_too_few_bands,0.0000,0.0000,0.0000,0.0000,0.0000,0,0.0000,0.0000,0.0000,0.0000,0.0000,IDLE,0,0,candidate_fields_invalid,0,0,0.000,0,nan,nan,nan,0.0000,0,5,0.0000,0.0000,0.0000,0.0000,0.0000,等待台阶,1,0.0000,0.150,0.330
4659.790,SEEK_ROUNDABOUT,13.249,0,2.034,0.0000,0.0000,none,,line_lost_stop,0.0000,0.0000,0,line_too_few_bands,0.0000,0.0000,0.0000,0.0000,0.0000,0,0.0000,0.0000,0.0000,0.0000,0.0000,IDLE,0,0,candidate_fields_invalid,0,0,0.000,0,nan,nan,nan,0.0000,0,5,0.0000,0.0000,0.0000,0.0000,0.0000,等待台阶,1,0.0000,0.150,0.330
4659.923,SEEK_ROUNDABOUT,13.382,0,2.049,0.0000,0.0000,none,,line_lost_stop,0.0000,0.0000,0,line_too_few_bands,0.0000,0.0000,0.0000,0.0000,0.0000,0,0.0000,0.0000,0.0000,0.0000,0.0000,IDLE,0,0,candidate_fields_invalid,0,0,0.000,0,nan,nan,nan,0.0000,0,5,0.0000,0.0000,0.0000,0.0000,0.0000,等待台阶,1,0.0000,0.150,0.330
4660.063,SEEK_ROUNDABOUT,13.522,0,2.062,0.0000,0.0000,none,,line_lost_stop,0.0000,0.0000,0,line_too_few_bands,0.0000,0.0000,0.0000,0.0000,0.0000,0,0.0000,0.0000,0.0000,0.0000,0.0000,IDLE,0,0,candidate_fields_invalid,0,0,0.000,0,nan,nan,nan,0.0000,0,5,0.0000,0.0000,0.0000,0.0000,0.0000,等待台阶,1,0.0000,0.150,0.330
4660.215,SEEK_ROUNDABOUT,13.674,0,2.084,0.0000,0.0000,none,,line_lost_stop,0.0000,0.0000,0,line_too_few_bands,0.0000,0.0000,0.0000,0.0000,0.0000,0,0.0000,0.0000,0.0000,0.0000,0.0000,IDLE,0,0,candidate_fields_invalid,0,0,0.000,0,nan,nan,nan,0.0000,0,5,0.0000,0.0000,0.0000,0.0000,0.0000,等待台阶,1,0.0000,0.150,0.330
4660.345,SEEK_ROUNDABOUT,13.804,0,2.110,0.0000,0.0000,none,,line_lost_stop,0.0000,0.0000,0,line_too_few_bands,0.0000,0.0000,0.0000,0.0000,0.0000,0,0.0000,0.0000,0.0000,0.0000,0.0000,IDLE,0,0,candidate_fields_invalid,0,0,0.000,0,nan,nan,nan,0.0000,0,5,0.0000,0.0000,0.0000,0.0000,0.0000,等待台阶,1,0.0000,0.150,0.330
4660.478,SEEK_ROUNDABOUT,13.937,0,2.133,0.0000,0.0000,none,,line_lost_stop,0.0000,0.0000,0,line_too_few_bands,0.0000,0.0000,0.0000,0.0000,0.0000,0,0.0000,0.0000,0.0000,0.0000,0.0000,IDLE,0,0,candidate_fields_invalid,0,0,0.000,0,nan,nan,nan,0.0000,0,5,0.0000,0.0000,0.0000,0.0000,0.0000,等待台阶,1,0.0000,0.150,0.330
4660.615,SEEK_ROUNDABOUT,14.074,0,2.160,0.0000,0.0000,none,,line_lost_stop,0.0000,0.0000,0,line_too_few_bands,0.0000,0.0000,0.0000,0.0000,0.0000,0,0.0000,0.0000,0.0000,0.0000,0.0000,IDLE,0,0,candidate_fields_invalid,0,0,0.000,0,nan,nan,nan,0.0000,0,5,0.0000,0.0000,0.0000,0.0000,0.0000,等待台阶,1,0.0000,0.150,0.330
4660.746,SEEK_ROUNDABOUT,14.206,0,2.179,0.0000,0.0000,none,,line_lost_stop,0.0000,0.0000,0,line_too_few_bands,0.0000,0.0000,0.0000,0.0000,0.0000,0,0.0000,0.0000,0.0000,0.0000,0.0000,IDLE,0,0,candidate_fields_invalid,0,0,0.000,0,nan,nan,nan,0.0000,0,5,0.0000,0.0000,0.0000,0.0000,0.0000,等待台阶,1,0.0000,0.150,0.330
4660.879,SEEK_ROUNDABOUT,14.338,0,2.193,0.0000,0.0000,none,,line_lost_stop,0.0000,0.0000,0,line_too_few_bands,0.0000,0.0000,0.0000,0.0000,0.0000,0,0.0000,0.0000,0.0000,0.0000,0.0000,IDLE,0,0,candidate_fields_invalid,0,0,0.000,0,nan,nan,nan,0.0000,0,5,0.0000,0.0000,0.0000,0.0000,0.0000,等待台阶,1,0.0000,0.150,0.330
4661.003,SEEK_ROUNDABOUT,14.462,0,2.211,0.0000,0.0000,none,,line_lost_stop,0.0000,0.0000,0,line_too_few_bands,0.0000,0.0000,0.0000,0.0000,0.0000,0,0.0000,0.0000,0.0000,0.0000,0.0000,IDLE,0,0,candidate_fields_invalid,0,0,0.000,0,nan,nan,nan,0.0000,0,5,0.0000,0.0000,0.0000,0.0000,0.0000,等待台阶,1,0.0000,0.150,0.330
4661.145,SEEK_ROUNDABOUT,14.604,0,2.223,0.0000,0.0000,none,,tracking,0.0507,0.3333,1,line_edge_single_rescue,-0.8000,-0.8000,-0.8000,-0.8000,0.3100,1,0.0000,0.0000,0.0000,-0.8000,0.3333,IDLE,0,0,candidate_fields_invalid,0,0,0.000,0,nan,nan,nan,0.0000,0,5,0.0000,0.0000,0.0000,0.0000,0.0000,等待台阶,1,0.0000,0.150,0.330
4661.273,SEEK_ROUNDABOUT,14.732,0,2.236,0.0000,0.0000,none,,line_bridge_loss,0.0350,0.1680,0,line_too_few_bands,0.0000,0.0000,0.0000,0.0000,0.0000,0,0.0000,0.0000,0.0000,0.0000,0.1680,IDLE,0,0,candidate_fields_invalid,0,0,0.000,0,nan,nan,nan,0.0000,0,5,0.0000,0.0000,0.0000,0.0000,0.0000,等待台阶,1,0.0000,0.150,0.330
4661.393,SEEK_ROUNDABOUT,14.852,0,2.246,0.0000,0.0000,none,,line_bridge_loss,0.0350,0.1680,0,line_too_few_bands,0.0000,0.0000,0.0000,0.0000,0.0000,0,0.0000,0.0000,0.0000,0.0000,0.1680,IDLE,0,0,candidate_fields_invalid,0,0,0.000,0,nan,nan,nan,0.0000,0,5,0.0000,0.0000,0.0000,0.0000,0.0000,等待台阶,1,0.0000,0.150,0.330
4661.517,SEEK_ROUNDABOUT,14.976,0,2.252,0.0000,0.0000,none,,tracking,0.0819,0.4766,1,line_hard_turn_centering,-0.7484,-0.7366,-0.8542,-0.8542,0.4149,2,0.1176,0.0000,0.1176,-0.8150,0.4766,IDLE,0,0,candidate_fields_invalid,0,0,0.000,0,nan,nan,nan,0.0000,0,5,0.0000,0.0000,0.0000,0.0000,0.0000,等待台阶,1,0.0000,0.150,0.330
4661.650,SEEK_ROUNDABOUT,15.109,0,2.258,0.0000,0.0000,none,,tracking,0.1050,0.5600,1,line_hard_turn_centering,-0.7664,-0.7617,-0.8083,-0.8083,0.5073,3,0.0466,0.0000,0.0466,-0.7928,0.5600,IDLE,0,0,candidate_fields_invalid,0,0,0.000,0,nan,nan,nan,0.0000,0,5,0.0000,0.0000,0.0000,0.0000,0.0000,等待台阶,1,0.0000,0.150,0.330
4661.787,SEEK_ROUNDABOUT,15.246,0,2.261,0.0000,0.0000,none,,tracking,0.1000,0.6816,1,line_curve_center_riding,-0.5747,-0.5623,-0.7689,-0.7878,0.6069,4,0.2067,0.0189,0.2255,-0.7063,0.6816,IDLE,0,0,candidate_evidence_wait 1.0/2.4,0,0,1.000,0,0.9000,0.9000,0.0459,0.9016,4,5,0.0000,0.0000,0.0000,0.0000,0.0000,等待台阶,1,0.0000,0.150,0.330
4661.919,SEEK_ROUNDABOUT,15.378,0,2.261,0.0000,0.0000,none,,step_align_heading/course_events_frozen,0.0497,0.3510,1,line_curve_center_riding,-0.5147,-0.5046,-0.6725,-0.6952,0.6126,4,0.1679,0.0227,0.1905,-0.6241,0.3510,IDLE,0,1,step_confirmed_slow_align d=0.900,0,0,2.000,1,0.9000,0.9000,0.0466,0.9114,8,5,0.0000,0.0000,0.0000,0.0000,0.0000,等待台阶,1,0.0000,0.150,0.330
4662.053,SEEK_ROUNDABOUT,15.512,0,2.261,0.0000,0.0000,none,,step_align_heading/course_events_frozen,0.0450,0.3400,1,line_curve_center_riding,-0.3766,-0.3680,-0.5120,-0.5989,0.7928,6,0.1441,0.0869,0.2310,-0.4930,0.3400,IDLE,0,1,step_confirmed_slow_align d=0.900,0,0,3.000,1,0.9000,0.9000,0.0461,0.9170,11,5,0.0000,0.0000,0.0000,0.0000,0.0000,等待台阶,1,0.0000,0.150,0.330
4662.191,SEEK_ROUNDABOUT,15.650,0,2.261,0.0000,0.0000,none,,step_align_heading/course_events_frozen,0.0450,0.3400,1,line_curve_center_riding,-0.2026,-0.1918,-0.3711,-0.4464,0.7876,6,0.1793,0.0753,0.2546,-0.3365,0.3400,IDLE,0,1,step_confirmed_slow_align d=0.900,0,0,4.000,1,0.9000,0.9000,0.0465,0.9239,15,5,0.0000,0.0000,0.0000,0.0000,0.0000,等待台阶,1,0.0000,0.150,0.330
4662.326,SEEK_ROUNDABOUT,15.785,0,2.261,0.0000,0.0000,none,,step_align_heading/course_events_frozen,0.0450,0.3400,1,line_curve_center_riding,-0.1353,-0.1255,-0.2886,-0.3631,0.7887,6,0.1631,0.0745,0.2376,-0.2590,0.3400,IDLE,0,1,step_confirmed_slow_align d=0.900,0,0,5.000,1,0.8900,0.9000,0.0459,0.9152,19,5,0.0000,0.0000,0.0000,0.0000,0.0000,等待台阶,1,0.0000,0.150,0.330
4662.469,SEEK_ROUNDABOUT,15.928,0,2.261,0.0000,0.0000,none,,step_align_heading/course_events_frozen,0.0450,0.3400,1,line_curve_center_riding,-0.0004,0.0111,-0.1799,-0.2435,0.7007,5,0.1910,0.0636,0.2546,-0.1374,0.3400,IDLE,0,1,step_confirmed_slow_align d=0.900,0,0,6.000,1,0.8800,0.9000,0.0461,0.9189,22,5,0.0000,0.0000,0.0000,0.0000,0.0000,等待台阶,1,0.0000,0.150,0.330
4662.608,SEEK_ROUNDABOUT,16.067,0,2.261,0.0000,0.0000,none,,step_align_heading/course_events_frozen,0.0450,0.2463,1,line_curve_center_riding,0.0003,0.0086,-0.1289,-0.1831,0.7096,5,0.1375,0.0542,0.1917,-0.1011,0.2463,IDLE,0,1,step_confirmed_slow_align d=0.890,0,0,6.000,1,0.8800,0.8900,0.0461,0.9179,26,5,0.0000,0.0000,0.0000,0.0000,0.0000,等待台阶,1,0.0000,0.150,0.330
4662.741,SEEK_ROUNDABOUT,16.200,0,2.323,0.0000,0.0000,none,,tracking,0.0955,-0.0212,1,line_center_tracking,0.0196,0.0525,-0.0650,-0.0781,0.6248,4,0.1174,0.0131,0.1306,-0.0302,-0.0212,IDLE,0,0,fixed_candidate_confirm 1/3,0,0,6.000,1,0.8700,0.8800,0.0470,0.9297,29,5,0.0000,0.0000,0.0000,0.0000,0.0000,等待台阶,1,0.0000,0.150,0.330
4662.877,SEEK_ROUNDABOUT,16.336,0,2.345,0.0000,0.0000,none,,tracking,0.1462,-0.0424,1,line_center_tracking,0.0561,0.0851,-0.0186,-0.0319,0.6272,4,0.1038,0.0132,0.1170,0.0115,-0.0424,IDLE,0,0,fixed_candidate_confirm 2/3,0,0,6.000,1,0.8600,0.8800,0.0467,0.9267,32,5,0.0000,0.0000,0.0000,0.0000,0.0000,等待台阶,1,0.0000,0.150,0.330
4663.005,SEEK_ROUNDABOUT,16.464,0,2.345,0.0000,0.0000,none,,step_align_heading/course_events_frozen,0.0974,0.0908,1,line_center_tracking,0.0399,0.0597,-0.0108,-0.0272,0.7136,5,0.0704,0.0164,0.0868,0.0072,0.0908,IDLE,0,1,fixed_sprint_approach depth=0.870>0.715 center=+0.007 hd=0.070,1,0,6.000,1,0.8400,0.8700,0.0482,0.9464,35,5,0.0000,0.0000,0.0000,0.0000,0.0000,等待台阶,1,0.0000,0.150,0.330
4663.135,SEEK_ROUNDABOUT,16.594,0,2.345,0.0000,0.0000,none,,step_align_heading/course_events_frozen,0.0483,0.1397,1,line_center_tracking,0.0507,0.0804,-0.0256,-0.0376,0.7140,5,0.1060,0.0120,0.1180,0.0057,0.1397,IDLE,0,1,fixed_sprint_approach depth=0.860>0.715 center=+0.006 hd=0.106,1,0,6.000,1,0.8300,0.8600,0.0486,0.9525,38,5,0.0000,0.0000,0.0000,0.0000,0.0000,等待台阶,1,0.0000,0.150,0.330
4663.277,SEEK_ROUNDABOUT,16.737,0,2.345,0.4000,0.0000,none,,step_align_heading/course_events_frozen,0.0450,-0.1004,1,line_curve_center_riding,0.1448,0.1464,0.1196,0.4171,0.7734,6,0.0268,0.2974,0.2706,0.2277,-0.1004,IDLE,0,1,fixed_sprint_approach depth=0.840>0.715 center=+0.228 hd=0.027,1,0,6.000,1,0.8200,0.8400,0.0481,0.9458,41,5,0.0000,0.0000,0.0000,0.0000,0.0000,等待台阶,1,0.0000,0.150,0.330
4663.410,SEEK_ROUNDABOUT,16.869,0,2.345,0.0000,0.0000,none,,step_align_heading/course_events_frozen,0.0450,0.0855,1,line_center_tracking,0.0445,0.0644,-0.0066,-0.0066,0.6296,4,0.0709,0.0000,0.0709,0.0171,0.0855,IDLE,0,1,fixed_sprint_approach depth=0.830>0.715 center=+0.017 hd=0.071,1,0,6.000,1,0.8000,0.8300,0.0486,0.9527,44,5,0.0000,0.0000,0.0000,0.0000,0.0000,等待台阶,1,0.0000,0.150,0.330
4663.544,SEEK_ROUNDABOUT,17.003,0,2.345,0.2000,0.0000,none,,step_align_heading/course_events_frozen,0.0450,0.2717,1,line_curve_center_riding,0.2348,0.2464,0.0523,-0.3470,0.7478,6,0.1941,0.3993,0.5934,-0.0161,0.2717,IDLE,0,1,fixed_sprint_approach depth=0.820>0.715 center=-0.016 hd=0.194,1,0,6.000,1,0.7900,0.8200,0.0497,0.9664,47,5,0.0000,0.0000,0.0000,0.0000,0.0000,等待台阶,1,0.0000,0.150,0.330
4663.681,SEEK_ROUNDABOUT,17.140,0,2.345,0.0000,0.0000,none,,step_align_slow/course_events_frozen,0.0300,0.1482,1,line_center_tracking,0.0422,0.0712,-0.0321,-0.0825,0.6206,4,0.1033,0.0504,0.1537,-0.0145,0.1482,IDLE,0,1,fixed_sprint_approach depth=0.800>0.715 center=-0.014 hd=0.103,1,0,6.000,1,0.7700,0.8000,0.0491,0.9586,50,5,0.0000,0.0000,0.0000,0.0000,0.0000,等待台阶,1,0.0000,0.150,0.330
4663.818,SEEK_ROUNDABOUT,17.277,0,2.345,0.0000,0.0000,none,,step_align_slow/course_events_frozen,0.0300,-0.1852,1,line_curve_center_riding,0.1710,0.1629,0.2992,0.4228,0.4845,3,0.1363,0.1237,0.2600,0.2949,-0.1852,IDLE,0,1,fixed_sprint_approach depth=0.790>0.715 center=+0.295 hd=0.136,1,0,6.000,1,0.7500,0.7900,0.0497,0.9660,53,5,0.0000,0.0000,0.0000,0.0000,0.0000,等待台阶,1,0.0000,0.150,0.330
4663.950,SEEK_ROUNDABOUT,17.410,0,2.345,0.0000,0.0000,none,,step_align_slow/course_events_frozen,0.0300,0.0197,1,line_center_tracking,0.1351,0.1529,0.0892,0.0892,0.4424,2,0.0637,0.0000,0.0637,0.1105,0.0197,IDLE,0,1,fixed_sprint_approach depth=0.770>0.715 center=+0.110 hd=0.064,1,0,6.000,1,0.7300,0.7700,0.0491,0.9597,56,5,0.0000,0.0000,0.0000,0.0000,0.0000,等待台阶,1,0.0000,0.150,0.330
4664.081,SEEK_ROUNDABOUT,17.540,0,2.345,0.0000,0.0000,none,,step_align_slow/course_events_frozen,0.0300,0.3400,1,line_curve_center_riding,0.3186,0.3372,0.0265,-0.1864,0.5714,4,0.3107,0.2129,0.5236,0.0591,0.3400,IDLE,0,1,fixed_sprint_approach depth=0.750>0.715 center=+0.059 hd=0.311,1,0,6.000,1,0.7200,0.7500,0.0493,0.9618,58,5,0.0000,0.0000,0.0000,0.0000,0.0000,等待台阶,1,0.0000,0.150,0.330
4664.214,SEEK_ROUNDABOUT,17.673,0,2.345,0.4000,0.0000,none,,step_align_creep/course_events_frozen,0.0150,0.0757,1,line_curve_center_riding,0.1509,0.1551,0.0858,-0.1519,0.6913,5,0.0693,0.2378,0.3070,0.0297,0.0757,IDLE,0,1,fixed_sprint_approach depth=0.730>0.715 center=+0.030 hd=0.069,1,0,6.000,1,0.6900,0.7300,0.0472,0.9318,61,5,0.0000,0.0000,0.0000,0.0000,0.0000,等待台阶,1,0.0000,0.150,0.330
4664.351,SEEK_ROUNDABOUT,17.810,0,2.345,0.0000,0.0000,none,,step_align_line_lost_stop/course_events_frozen,0.0000,0.0000,0,line_too_few_bands,0.0000,0.0000,0.0000,0.0000,0.0000,1,0.0000,0.0000,0.0000,0.0000,0.0000,IDLE,0,1,fixed_sprint_approach depth=0.720>0.715 center=+0.000 hd=0.000,1,0,6.000,1,0.6800,0.7200,0.0457,0.9109,64,5,0.0000,0.0000,0.0000,0.0000,0.0000,等待台阶,1,0.0000,0.150,0.330
4664.479,SEEK_ROUNDABOUT,17.938,0,2.345,0.0000,0.0000,none,,step_start_window_confirm_hold/course_events_frozen,0.0000,0.0000,0,line_too_few_bands,0.0000,0.0000,0.0000,0.0000,0.0000,0,0.0000,0.0000,0.0000,0.0000,0.0000,IDLE,0,1,fixed_start_confirm 1/3 d=0.690,1,0,6.000,1,0.6700,0.6900,0.0432,0.8734,67,5,0.0000,0.0000,0.0000,0.0000,0.0000,等待台阶,1,0.0000,0.150,0.330
4664.614,SEEK_ROUNDABOUT,18.073,0,2.345,0.0000,0.0000,none,,step_start_too_close_confirm_hold/course_events_frozen,0.0000,0.0000,0,line_too_few_bands,0.0000,0.0000,0.0000,0.0000,0.0000,0,0.0000,0.0000,0.0000,0.0000,0.0000,IDLE,0,1,fixed_start_too_close_confirm 1/3 filtered_d=0.680 raw_d=0.650,1,0,6.000,1,0.6500,0.6800,0.0424,0.8623,69,5,0.0000,0.0000,0.0000,0.0000,0.0000,等待台阶,1,0.0000,0.150,0.330
4664.743,SEEK_ROUNDABOUT,18.202,0,2.345,0.2000,0.0000,none,,step_start_too_close_confirm_hold/course_events_frozen,0.0000,0.0000,1,line_center_tracking,0.0944,0.0741,0.1465,0.0252,0.6134,4,0.0724,0.1213,0.0489,0.0819,0.0000,IDLE,0,1,fixed_start_too_close_confirm 2/3 filtered_d=0.670 raw_d=0.630,1,0,6.000,1,0.6300,0.6700,0.0433,0.8751,72,5,0.0000,0.0000,0.0000,0.0000,0.0000,等待台阶,1,0.0000,0.150,0.330
4664.886,SEEK_ROUNDABOUT,18.345,0,2.345,0.0000,0.0000,none,,step_fixed_reverse_recovery/course_events_frozen,-0.0450,0.0000,0,line_too_few_bands,0.0000,0.0000,0.0000,0.0000,0.0000,0,0.0000,0.0000,0.0000,0.0000,0.0000,IDLE,0,1,fixed_reverse_start start_too_close_confirmed d=0.650,1,1,6.000,1,0.6300,0.6500,0.0426,0.8657,75,5,0.0000,0.0000,0.0000,0.0000,0.0000,等待台阶,1,0.0000,0.150,0.330
4665.019,SEEK_ROUNDABOUT,18.478,0,2.345,0.0000,0.0000,none,,step_fixed_reverse_recovery/course_events_frozen,-0.0450,0.0023,0,line_low_confidence,0.2611,0.2164,0.9626,1.0000,0.1797,2,0.7463,0.0374,0.7836,0.7263,0.0023,IDLE,0,1,fixed_reverse_search back=0.000/0.085,1,1,6.000,1,0.6200,0.6300,0.0448,0.8974,78,5,0.0000,0.0000,0.0000,0.0000,0.0000,等待台阶,1,0.0020,0.150,0.330
4665.159,SEEK_ROUNDABOUT,18.618,0,2.345,0.0000,0.0000,none,,step_fixed_reverse_recovery/course_events_frozen,-0.0450,0.0024,0,line_too_few_bands,0.0000,0.0000,0.0000,0.0000,0.0000,0,0.0000,0.0000,0.0000,0.0000,0.0024,IDLE,0,1,fixed_reverse_search back=0.002/0.085,1,1,6.000,1,0.6600,0.6300,0.0427,0.8672,81,5,0.0000,0.0000,0.0000,0.0000,0.0000,等待台阶,1,0.0020,0.150,0.330
4665.289,SEEK_ROUNDABOUT,18.748,0,2.345,0.0000,0.0000,none,,step_fixed_reverse_recovery/course_events_frozen,-0.0450,0.0068,0,line_too_few_bands,0.0000,0.0000,0.0000,0.0000,0.0000,0,0.0000,0.0000,0.0000,0.0000,0.0068,IDLE,0,1,fixed_reverse_search back=0.010/0.085,1,1,6.000,1,0.6200,0.6300,0.0421,0.8596,84,5,0.0000,0.0000,0.0000,0.0000,0.0000,等待台阶,1,0.0057,0.150,0.330
4665.429,SEEK_ROUNDABOUT,18.889,0,2.345,0.0000,0.0000,none,,step_fixed_reverse_recovery/course_events_frozen,-0.0450,0.0102,0,line_too_few_bands,0.0000,0.0000,0.0000,0.0000,0.0000,0,0.0000,0.0000,0.0000,0.0000,0.0102,IDLE,0,1,fixed_reverse_search back=0.020/0.085,1,1,6.000,1,0.6200,0.6200,0.0430,0.8714,87,5,0.0000,0.0000,0.0000,0.0000,0.0000,等待台阶,1,0.0085,0.150,0.330
4665.563,SEEK_ROUNDABOUT,19.022,0,2.345,0.0000,0.0000,none,,step_fixed_reverse_recovery/course_events_frozen,-0.0450,0.0124,0,line_too_few_bands,0.0000,0.0000,0.0000,0.0000,0.0000,1,0.0000,0.0000,0.0000,0.0000,0.0124,IDLE,0,1,fixed_reverse_search back=0.031/0.085,1,1,6.000,1,0.6400,0.6200,0.0428,0.8692,89,5,0.0000,0.0000,0.0000,0.0000,0.0000,等待台阶,1,0.0104,0.150,0.330
4665.694,SEEK_ROUNDABOUT,19.153,0,2.345,0.0000,0.0000,none,,step_fixed_reverse_recovery/course_events_frozen,-0.0450,0.0148,1,line_center_tracking,0.1345,0.1644,0.0576,0.0576,0.5312,3,0.1068,0.0000,0.1068,0.0932,0.0148,IDLE,0,1,fixed_reverse_search back=0.047/0.085,1,1,6.000,1,0.6400,0.6400,0.0442,0.8890,92,5,0.0000,0.0000,0.0000,0.0000,0.0000,等待台阶,1,0.0123,0.150,0.330
4665.832,SEEK_ROUNDABOUT,19.292,0,2.345,0.0000,0.0000,none,,step_fixed_reverse_recovery/course_events_frozen,-0.0450,0.0137,1,line_center_tracking,0.1341,0.1363,0.1286,0.1903,0.7159,5,0.0077,0.0617,0.0540,0.1517,0.0137,IDLE,0,1,fixed_reverse_search back=0.066/0.085,1,1,6.000,1,0.6400,0.6400,0.0417,0.8519,95,5,0.0000,0.0000,0.0000,0.0000,0.0000,等待台阶,1,0.0114,0.150,0.330
4665.973,SEEK_ROUNDABOUT,19.432,0,2.345,0.0000,0.0000,none,,step_align_creep/course_events_frozen,0.0057,0.0082,1,line_center_tracking,0.1470,0.1640,0.1031,0.1031,0.5454,3,0.0609,0.0000,0.0609,0.1234,0.0082,IDLE,0,1,fixed_reverse_done odom_target d=0.640,1,0,6.000,1,0.6500,0.6400,0.0420,0.8572,98,5,0.0000,0.0000,0.0000,0.0000,0.0000,等待台阶,1,0.0114,0.150,0.330
4666.111,SEEK_ROUNDABOUT,19.570,0,2.345,0.0000,0.0000,none,,step_start_too_close_confirm_hold/course_events_frozen,0.0000,0.0000,1,line_center_tracking,0.1513,0.1672,0.1104,0.1104,0.5465,3,0.0567,0.0000,0.0567,0.1293,0.0000,IDLE,0,1,fixed_start_too_close_confirm 1/3 filtered_d=0.640 raw_d=0.660,1,0,6.000,1,0.6600,0.6400,0.0442,0.8886,101,5,0.0000,0.0000,0.0000,0.0000,0.0000,等待台阶,1,0.0114,0.150,0.330
4666.257,SEEK_ROUNDABOUT,19.716,0,2.345,0.0000,0.0000,none,,step_start_too_close_confirm_hold/course_events_frozen,0.0000,0.0000,1,line_center_tracking,0.1596,0.1803,0.1063,0.1032,0.7197,5,0.0740,0.0031,0.0771,0.1299,0.0000,IDLE,0,1,fixed_start_too_close_confirm 2/3 filtered_d=0.650 raw_d=0.690,1,0,6.000,1,0.6900,0.6500,0.0442,0.8885,104,5,0.0000,0.0000,0.0000,0.0000,0.0000,等待台阶,1,0.0114,0.150,0.330
4666.406,SEEK_ROUNDABOUT,19.865,0,2.345,0.0000,0.0000,none,,step_fixed_reverse_recovery/course_events_frozen,-0.0450,0.0000,1,line_center_tracking,0.1543,0.1723,0.1081,0.1096,0.8102,6,0.0641,0.0015,0.0626,0.1300,0.0000,IDLE,0,1,fixed_reverse_start start_too_close_confirmed d=0.660,1,1,6.000,1,0.6900,0.6600,0.0437,0.8829,107,5,0.0000,0.0000,0.0000,0.0000,0.0000,等待台阶,1,0.0000,0.150,0.330
4666.545,SEEK_ROUNDABOUT,20.004,0,2.345,0.0000,0.0000,none,,step_fixed_reverse_recovery/course_events_frozen,-0.0450,-0.0004,1,line_center_tracking,0.1639,0.1887,0.1003,0.0937,0.7161,5,0.0883,0.0067,0.0950,0.1276,-0.0004,IDLE,0,1,fixed_reverse_search back=0.018/0.075,1,1,6.000,1,0.7100,0.6900,0.0477,0.9396,110,5,0.0000,0.0000,0.0000,0.0000,0.0000,等待台阶,1,-0.0003,0.150,0.330
4666.685,SEEK_ROUNDABOUT,20.144,0,2.345,0.0000,0.0000,none,,step_fixed_reverse_recovery/course_events_frozen,-0.0450,0.0009,1,line_curve_center_riding,0.2640,0.2672,0.2127,0.4612,0.7779,6,0.0545,0.2485,0.1940,0.3137,0.0009,IDLE,0,1,fixed_reverse_search back=0.038/0.075,1,1,6.000,1,0.7200,0.6900,0.0492,0.9618,113,5,0.0000,0.0000,0.0000,0.0000,0.0000,等待台阶,1,0.0008,0.150,0.330
4666.829,SEEK_ROUNDABOUT,20.288,0,2.345,0.0000,0.0000,none,,step_fixed_reverse_recovery/course_events_frozen,-0.0450,0.0024,1,line_center_tracking,0.1744,0.2027,0.1017,0.0941,0.7151,5,0.1011,0.0076,0.1086,0.1328,0.0024,IDLE,0,1,fixed_reverse_search back=0.053/0.075,1,1,6.000,1,0.7400,0.7100,0.0493,0.9629,116,5,0.0000,0.0000,0.0000,0.0000,0.0000,等待台阶,1,0.0020,0.150,0.330
4666.965,SEEK_ROUNDABOUT,20.424,0,2.345,0.0000,0.0000,none,,step_fixed_reverse_recovery/course_events_frozen,-0.0450,0.0039,1,line_center_tracking,0.1682,0.1932,0.1039,0.0961,0.6315,4,0.0893,0.0078,0.0972,0.1311,0.0039,IDLE,0,1,fixed_reverse_search back=0.067/0.075,1,1,6.000,1,0.7500,0.7200,0.0495,0.9650,119,5,0.0000,0.0000,0.0000,0.0000,0.0000,等待台阶,1,0.0033,0.150,0.330
4667.097,SEEK_ROUNDABOUT,20.556,0,2.345,0.0000,0.0000,none,,step_align_slow/course_events_frozen,0.0053,-0.0069,1,line_center_tracking,0.1324,0.1449,0.1002,0.0918,0.5459,3,0.0448,0.0083,0.0531,0.1123,-0.0069,IDLE,0,1,fixed_reverse_done depth d=0.740,1,0,6.000,1,0.7700,0.7400,0.0492,0.9612,122,5,0.0000,0.0000,0.0000,0.0000,0.0000,等待台阶,1,0.0033,0.150,0.330
4667.234,SEEK_ROUNDABOUT,20.693,0,2.345,0.0000,0.0000,none,,step_align_slow/course_events_frozen,0.0300,0.0694,1,line_center_tracking,0.2006,0.2339,0.1150,0.1063,0.6204,4,0.1188,0.0087,0.1276,0.1517,0.0694,IDLE,0,1,fixed_sprint_approach depth=0.750>0.715 center=+0.152 hd=0.119,1,0,6.000,1,0.7900,0.7500,0.0495,0.9653,125,5,0.0000,0.0000,0.0000,0.0000,0.0000,等待台阶,1,0.0033,0.150,0.330
4667.366,SEEK_ROUNDABOUT,20.825,0,2.345,0.0000,0.0000,none,,step_align_slow/course_events_frozen,0.0300,0.0013,1,line_center_tracking,0.1359,0.1502,0.0989,0.0907,0.5439,3,0.0513,0.0082,0.0596,0.1133,0.0013,IDLE,0,1,fixed_sprint_approach depth=0.770>0.715 center=+0.113 hd=0.051,1,0,6.000,1,0.7900,0.7700,0.0488,0.9553,127,5,0.0000,0.0000,0.0000,0.0000,0.0000,等待台阶,1,0.0033,0.150,0.330
4667.499,SEEK_ROUNDABOUT,20.959,0,2.345,0.0000,0.0000,none,,step_align_slow/course_events_frozen,0.0300,0.0636,1,line_center_tracking,0.2012,0.2336,0.1180,0.1107,0.6269,4,0.1156,0.0073,0.1229,0.1541,0.0636,IDLE,0,1,fixed_sprint_approach depth=0.790>0.715 center=+0.154 hd=0.116,1,0,6.000,1,0.8000,0.7900,0.0495,0.9653,130,5,0.0000,0.0000,0.0000,0.0000,0.0000,等待台阶,1,0.0033,0.150,0.330
4667.633,SEEK_ROUNDABOUT,21.092,0,2.345,0.0000,0.0000,none,,step_align_slow/course_events_frozen,0.0300,-0.0081,1,line_center_tracking,0.1404,0.1535,0.1065,0.0979,0.6381,4,0.0470,0.0086,0.0556,0.1193,-0.0081,IDLE,0,1,fixed_sprint_approach depth=0.790>0.715 center=+0.119 hd=0.047,1,0,6.000,1,0.8100,0.7900,0.0491,0.9604,133,5,0.0000,0.0000,0.0000,0.0000,0.0000,等待台阶,1,0.0033,0.150,0.330
4667.766,SEEK_ROUNDABOUT,21.225,0,2.345,0.0000,0.0000,none,,step_align_slow/course_events_frozen,0.0300,0.0772,1,line_curve_center_riding,0.2600,0.2680,0.1342,0.1150,0.7154,5,0.1338,0.0192,0.1530,0.1724,0.0772,IDLE,0,1,fixed_sprint_approach depth=0.800>0.715 center=+0.172 hd=0.134,1,0,6.000,1,0.8100,0.8000,0.0501,0.9707,136,5,0.0000,0.0000,0.0000,0.0000,0.0000,等待台阶,1,0.0033,0.150,0.330
4667.903,SEEK_ROUNDABOUT,21.362,0,2.345,0.0000,0.0000,none,,step_align_slow/course_events_frozen,0.0300,0.0811,1,line_curve_center_riding,0.2605,0.2687,0.1329,0.1094,0.7144,5,0.1358,0.0235,0.1592,0.1703,0.0811,IDLE,0,1,fixed_sprint_approach depth=0.810>0.715 center=+0.170 hd=0.136,1,0,6.000,1,0.8200,0.8100,0.0497,0.9680,139,5,0.0000,0.0000,0.0000,0.0000,0.0000,等待台阶,1,0.0033,0.150,0.330
4668.035,SEEK_ROUNDABOUT,21.494,0,2.345,0.0000,0.0000,none,,step_align_slow/course_events_frozen,0.0300,-0.0031,1,line_center_tracking,0.1614,0.1776,0.1196,0.1100,0.6365,4,0.0580,0.0096,0.0676,0.1357,-0.0031,IDLE,0,1,fixed_sprint_approach depth=0.810>0.715 center=+0.136 hd=0.058,1,0,6.000,1,0.8200,0.8100,0.0499,0.9711,142,5,0.0000,0.0000,0.0000,0.0000,0.0000,等待台阶,1,0.0033,0.150,0.330
4668.166,SEEK_ROUNDABOUT,21.625,0,2.345,0.0000,0.0000,none,,step_align_heading/course_events_frozen,0.0450,-0.0230,1,line_center_tracking,0.1651,0.1774,0.1335,0.1005,0.6340,4,0.0439,0.0330,0.0769,0.1371,-0.0230,IDLE,0,1,fixed_sprint_approach depth=0.820>0.715 center=+0.137 hd=0.044,1,0,6.000,1,0.8200,0.8200,0.0497,0.9680,145,5,0.0000,0.0000,0.0000,0.0000,0.0000,等待台阶,1,0.0033,0.150,0.330
4668.312,SEEK_ROUNDABOUT,21.771,0,2.345,0.0000,0.0000,none,,step_align_heading/course_events_frozen,0.0450,-0.0312,1,line_center_tracking,0.1707,0.1828,0.1394,0.1269,0.6384,4,0.0434,0.0125,0.0559,0.1497,-0.0312,IDLE,0,1,fixed_sprint_approach depth=0.820>0.715 center=+0.150 hd=0.043,1,0,6.000,1,0.8200,0.8200,0.0492,0.9614,148,5,0.0000,0.0000,0.0000,0.0000,0.0000,等待台阶,1,0.0033,0.150,0.330
4668.452,SEEK_ROUNDABOUT,21.912,0,2.345,0.0000,0.0000,none,,step_align_heading/course_events_frozen,0.0450,-0.0253,1,line_center_tracking,0.1741,0.1878,0.1390,0.1286,0.7213,5,0.0487,0.0104,0.0592,0.1518,-0.0253,IDLE,0,1,fixed_sprint_approach depth=0.820>0.715 center=+0.152 hd=0.049,1,0,6.000,1,0.8200,0.8200,0.0488,0.9558,151,5,0.0000,0.0000,0.0000,0.0000,0.0000,等待台阶,1,0.0033,0.150,0.330
4668.591,SEEK_ROUNDABOUT,22.050,0,2.345,0.0000,0.0000,none,,step_align_heading/course_events_frozen,0.0450,-0.0495,1,line_center_tracking,0.1731,0.1857,0.1405,0.2265,0.7148,5,0.0452,0.0859,0.0407,0.1843,-0.0495,IDLE,0,1,fixed_sprint_approach depth=0.820>0.715 center=+0.184 hd=0.045,1,0,6.000,1,0.8100,0.8200,0.0495,0.9647,154,5,0.0000,0.0000,0.0000,0.0000,0.0000,等待台阶,1,0.0033,0.150,0.330
4668.731,SEEK_ROUNDABOUT,22.190,0,2.345,0.0000,0.0000,none,,step_align_heading/course_events_frozen,0.0450,0.0053,1,line_center_tracking,0.1613,0.1790,0.1156,0.1065,0.6357,4,0.0634,0.0091,0.0725,0.1337,0.0053,IDLE,0,1,fixed_sprint_approach depth=0.820>0.715 center=+0.134 hd=0.063,1,0,6.000,1,0.8000,0.8200,0.0495,0.9649,157,5,0.0000,0.0000,0.0000,0.0000,0.0000,等待台阶,1,0.0033,0.150,0.330
4668.871,SEEK_ROUNDABOUT,22.330,0,2.345,0.0000,0.0000,none,,step_align_slow/course_events_frozen,0.0300,0.0306,1,line_center_tracking,0.1613,0.1834,0.1045,0.0918,0.8094,6,0.0789,0.0127,0.0916,0.1265,0.0306,IDLE,0,1,fixed_sprint_approach depth=0.810>0.715 center=+0.127 hd=0.079,1,0,6.000,1,0.8000,0.8100,0.0495,0.9651,160,5,0.0000,0.0000,0.0000,0.0000,0.0000,等待台阶,1,0.0033,0.150,0.330
4669.015,SEEK_ROUNDABOUT,22.474,0,2.345,0.0000,0.0000,none,,step_align_slow/course_events_frozen,0.0300,0.0217,1,line_center_tracking,0.1228,0.1391,0.0808,0.0651,0.5394,3,0.0583,0.0157,0.0740,0.0950,0.0217,IDLE,0,1,fixed_sprint_approach depth=0.800>0.715 center=+0.095 hd=0.058,1,0,6.000,1,0.7900,0.8000,0.0494,0.9627,163,5,0.0000,0.0000,0.0000,0.0000,0.0000,等待台阶,1,0.0033,0.150,0.330
4669.152,SEEK_ROUNDABOUT,22.611,0,2.345,0.0000,0.0000,none,,step_align_slow/course_events_frozen,0.0300,-0.0367,1,line_center_tracking,0.1282,0.1353,0.1098,0.1098,0.5505,3,0.0254,0.0000,0.0254,0.1183,-0.0367,IDLE,0,1,fixed_sprint_approach depth=0.800>0.715 center=+0.118 hd=0.025,1,0,6.000,1,0.7700,0.8000,0.0495,0.9647,166,5,0.0000,0.0000,0.0000,0.0000,0.0000,等待台阶,1,0.0033,0.150,0.330
4669.282,SEEK_ROUNDABOUT,22.741,0,2.345,0.0000,0.0000,none,,step_align_slow/course_events_frozen,0.0300,-0.0150,1,line_center_tracking,0.1479,0.1609,0.1144,0.1144,0.5499,3,0.0466,0.0000,0.0466,0.1299,-0.0150,IDLE,0,1,fixed_sprint_approach depth=0.790>0.715 center=+0.130 hd=0.047,1,0,6.000,1,0.7600,0.7900,0.0496,0.9660,168,5,0.0000,0.0000,0.0000,0.0000,0.0000,等待台阶,1,0.0033,0.150,0.330
4669.417,SEEK_ROUNDABOUT,22.876,0,2.345,0.0000,0.0000,none,,step_align_slow/course_events_frozen,0.0300,0.0828,1,line_curve_center_riding,0.3002,0.3072,0.1903,-0.1222,0.6662,5,0.1169,0.3125,0.4294,0.1251,0.0828,IDLE,0,1,fixed_sprint_approach depth=0.770>0.715 center=+0.125 hd=0.117,1,0,6.000,1,0.7500,0.7700,0.0493,0.9622,171,5,0.0000,0.0000,0.0000,0.0000,0.0000,等待台阶,1,0.0033,0.150,0.330
4669.556,SEEK_ROUNDABOUT,23.015,0,2.345,0.0000,0.0000,none,,step_align_line_lost_stop/course_events_frozen,0.0000,0.0000,0,line_low_confidence,0.3450,0.3225,0.6982,0.9988,0.2173,2,0.3757,0.3006,0.6763,0.6731,0.0000,IDLE,0,1,fixed_sprint_approach depth=0.760>0.715 center=+0.673 hd=0.376,1,0,6.000,1,0.7400,0.7600,0.0491,0.9598,174,5,0.0000,0.0000,0.0000,0.0000,0.0000,等待台阶,1,0.0033,0.150,0.330
4669.691,SEEK_ROUNDABOUT,23.150,0,2.345,0.2000,0.0000,none,,step_align_slow/course_events_frozen,0.0300,0.3333,1,line_curve_center_riding,0.3230,0.3428,0.0121,-0.2677,0.4348,3,0.3307,0.2798,0.6105,0.0291,0.3333,IDLE,0,1,fixed_sprint_approach depth=0.750>0.715 center=+0.029 hd=0.331,1,0,6.000,1,0.7200,0.7500,0.0492,0.9600,177,5,0.0000,0.0000,0.0000,0.0000,0.0000,等待台阶,1,0.0033,0.150,0.330
4669.836,SEEK_ROUNDABOUT,23.295,0,2.345,0.0000,0.0000,none,,step_align_slow/course_events_frozen,0.0300,0.0055,1,line_center_tracking,0.1458,0.1623,0.1035,0.1035,0.4449,2,0.0588,0.0000,0.0588,0.1231,0.0055,IDLE,0,1,fixed_sprint_approach depth=0.740>0.715 center=+0.123 hd=0.059,1,0,6.000,1,0.7100,0.7400,0.0494,0.9630,180,5,0.0000,0.0000,0.0000,0.0000,0.0000,等待台阶,1,0.0033,0.150,0.330
4669.969,SEEK_ROUNDABOUT,23.428,0,2.345,0.0000,0.0000,none,,step_align_creep/course_events_frozen,0.0150,-0.1075,1,line_curve_center_riding,0.1955,0.1947,0.2070,0.0526,0.6156,4,0.0123,0.1544,0.1421,0.1514,-0.1075,IDLE,0,1,fixed_sprint_approach depth=0.720>0.715 center=+0.151 hd=0.012,1,0,6.000,1,0.6800,0.7200,0.0472,0.9320,183,5,0.0000,0.0000,0.0000,0.0000,0.0000,等待台阶,1,0.0033,0.150,0.330
4670.103,SEEK_ROUNDABOUT,23.562,0,2.345,0.0000,0.0000,none,,step_start_window_confirm_hold/course_events_frozen,0.0000,0.0000,0,line_too_few_bands,0.0000,0.0000,0.0000,0.0000,0.0000,1,0.0000,0.0000,0.0000,0.0000,0.0000,IDLE,0,1,fixed_start_confirm 1/3 d=0.710,1,0,6.000,1,0.6700,0.7100,0.0459,0.9133,185,5,0.0000,0.0000,0.0000,0.0000,0.0000,等待台阶,1,0.0033,0.150,0.330
4670.232,SEEK_ROUNDABOUT,23.691,0,2.345,0.0000,0.0000,none,,step_start_too_close_confirm_hold/course_events_frozen,0.0000,0.0000,0,line_too_few_bands,0.0000,0.0000,0.0000,0.0000,0.0000,1,0.0000,0.0000,0.0000,0.0000,0.0000,IDLE,0,1,fixed_start_too_close_confirm 1/3 filtered_d=0.680 raw_d=0.660,1,0,6.000,1,0.6600,0.6800,0.0431,0.8710,188,5,0.0000,0.0000,0.0000,0.0000,0.0000,等待台阶,1,0.0033,0.150,0.330
4670.358,SEEK_ROUNDABOUT,23.817,0,2.345,0.0000,0.0000,none,,step_start_too_close_confirm_hold/course_events_frozen,0.0000,0.0000,0,line_too_few_bands,0.0000,0.0000,0.0000,0.0000,0.0000,1,0.0000,0.0000,0.0000,0.0000,0.0000,IDLE,0,1,fixed_start_too_close_confirm 2/3 filtered_d=0.670 raw_d=0.650,1,0,6.000,1,0.6500,0.6700,0.0441,0.8873,191,5,0.0000,0.0000,0.0000,0.0000,0.0000,等待台阶,1,0.0033,0.150,0.330
4670.487,SEEK_ROUNDABOUT,23.946,0,2.345,0.0000,0.0000,none,,step_fixed_reverse_recovery/course_events_frozen,-0.0450,0.0000,1,line_center_tracking,0.1690,0.1689,0.1695,0.1695,0.4733,2,0.0006,0.0000,0.0006,0.1693,0.0000,IDLE,0,1,fixed_reverse_start start_too_close_confirmed d=0.660,1,1,6.000,1,0.6200,0.6600,0.0415,0.8499,193,5,0.0000,0.0000,0.0000,0.0000,0.0000,等待台阶,1,0.0000,0.150,0.330
4670.617,SEEK_ROUNDABOUT,24.077,0,2.345,0.0000,0.0000,none,,step_fixed_reverse_recovery/course_events_frozen,-0.0450,0.0060,0,line_too_few_bands,0.0000,0.0000,0.0000,0.0000,0.0000,1,0.0000,0.0000,0.0000,0.0000,0.0060,IDLE,0,1,fixed_reverse_search back=0.000/0.075,1,1,6.000,1,0.6100,0.6500,0.0401,0.8325,196,5,0.0000,0.0000,0.0000,0.0000,0.0000,等待台阶,1,0.0050,0.150,0.330
4670.755,SEEK_ROUNDABOUT,24.214,0,2.345,0.0000,0.0000,none,,step_fixed_reverse_recovery/course_events_frozen,-0.0450,0.0050,1,line_center_tracking,0.2190,0.2206,0.2147,0.2147,0.4583,2,0.0059,0.0000,0.0059,0.2167,0.0050,IDLE,0,1,fixed_reverse_search back=0.000/0.075,1,1,6.000,1,0.6800,0.6500,0.0414,0.8485,199,5,0.0000,0.0000,0.0000,0.0000,0.0000,等待台阶,1,0.0042,0.150,0.330
4670.895,SEEK_ROUNDABOUT,24.354,0,2.345,0.0000,0.0000,none,,step_fixed_reverse_recovery/course_events_frozen,-0.0450,0.0036,1,line_center_tracking,0.2335,0.2282,0.2469,0.2610,0.5326,3,0.0186,0.0141,0.0328,0.2454,0.0036,IDLE,0,1,fixed_reverse_search back=0.007/0.075,1,1,6.000,1,0.6000,0.6200,0.0450,0.9001,202,5,0.0000,0.0000,0.0000,0.0000,0.0000,等待台阶,1,0.0030,0.150,0.330
4671.032,SEEK_ROUNDABOUT,24.491,0,2.345,0.2000,0.0000,none,,step_fixed_reverse_recovery/course_events_frozen,-0.0450,0.0028,1,line_center_tracking,0.2006,0.2141,0.1660,0.0771,0.7049,5,0.0481,0.0889,0.1370,0.1524,0.0028,IDLE,0,1,fixed_reverse_search back=0.019/0.075,1,1,6.000,1,0.6700,0.6200,0.0428,0.8686,205,5,0.0000,0.0000,0.0000,0.0000,0.0000,等待台阶,1,0.0023,0.150,0.330
4671.168,SEEK_ROUNDABOUT,24.627,0,2.345,0.0000,0.0000,none,,step_fixed_reverse_recovery/course_events_frozen,-0.0450,0.0029,1,line_center_tracking,0.1948,0.1968,0.1898,0.2130,0.6153,4,0.0070,0.0232,0.0162,0.1999,0.0029,IDLE,0,1,fixed_reverse_search back=0.035/0.075,1,1,6.000,1,0.6350,0.6350,0.0418,0.8553,208,5,0.0000,0.0000,0.0000,0.0000,0.0000,等待台阶,1,0.0024,0.150,0.330
4671.297,SEEK_ROUNDABOUT,24.756,0,2.345,0.0000,0.0000,none,,step_fixed_reverse_recovery/course_events_frozen,-0.0450,0.0054,1,line_center_tracking,0.2155,0.2377,0.1583,0.1583,0.4344,2,0.0793,0.0000,0.0793,0.1848,0.0054,IDLE,0,1,fixed_reverse_search back=0.050/0.075,1,1,6.000,1,0.6300,0.6350,0.0433,0.8788,210,5,0.0000,0.0000,0.0000,0.0000,0.0000,等待台阶,1,0.0045,0.150,0.330
4671.423,SEEK_ROUNDABOUT,24.882,0,2.345,0.0000,0.0000,none,,step_align_creep/course_events_frozen,0.0031,0.0480,1,line_center_tracking,0.1840,0.2105,0.1159,0.0720,0.5338,3,0.0946,0.0439,0.1385,0.1328,0.0480,IDLE,0,1,fixed_reverse_done odom_target d=0.630,1,0,6.000,1,0.6300,0.6300,0.0399,0.8288,213,5,0.0000,0.0000,0.0000,0.0000,0.0000,等待台阶,1,0.0045,0.150,0.330
4671.566,SEEK_ROUNDABOUT,25.025,0,2.345,0.0000,0.0000,none,,step_start_too_close_confirm_hold/course_events_frozen,0.0000,0.0000,1,line_center_tracking,0.2116,0.2380,0.1437,0.1437,0.5348,3,0.0943,0.0000,0.0943,0.1752,0.0000,IDLE,0,1,fixed_start_too_close_confirm 1/3 filtered_d=0.630 raw_d=0.630,1,0,6.000,1,0.6300,0.6300,0.0414,0.8491,216,5,0.0000,0.0000,0.0000,0.0000,0.0000,等待台阶,1,0.0045,0.150,0.330
4671.704,SEEK_ROUNDABOUT,25.164,0,2.345,0.0000,0.0000,none,,step_start_too_close_confirm_hold/course_events_frozen,0.0000,0.0000,1,line_center_tracking,0.1963,0.2100,0.1608,0.1608,0.6355,4,0.0492,0.0000,0.0492,0.1772,0.0000,IDLE,0,1,fixed_start_too_close_confirm 2/3 filtered_d=0.630 raw_d=0.640,1,0,6.000,1,0.6400,0.6300,0.0413,0.8472,219,5,0.0000,0.0000,0.0000,0.0000,0.0000,等待台阶,1,0.0045,0.150,0.330
4671.846,SEEK_ROUNDABOUT,25.305,0,2.345,0.0000,0.0000,none,,step_fixed_reverse_recovery/course_events_frozen,-0.0450,0.0000,1,line_center_tracking,0.2155,0.2429,0.1452,0.1346,0.6290,4,0.0977,0.0106,0.1083,0.1742,0.0000,IDLE,0,1,fixed_reverse_start start_too_close_confirmed d=0.630,1,1,6.000,1,0.6600,0.6300,0.0441,0.8882,222,5,0.0000,0.0000,0.0000,0.0000,0.0000,等待台阶,1,0.0000,0.150,0.330
4671.980,SEEK_ROUNDABOUT,25.439,0,2.345,0.0000,0.0000,none,,step_fixed_reverse_recovery/course_events_frozen,-0.0450,-0.0055,1,line_center_tracking,0.1871,0.1900,0.1798,0.1929,0.6424,4,0.0102,0.0131,0.0029,0.1876,-0.0055,IDLE,0,1,fixed_reverse_search back=0.023/0.105,1,1,6.000,1,0.6900,0.6400,0.0435,0.8783,225,5,0.0000,0.0000,0.0000,0.0000,0.0000,等待台阶,1,-0.0046,0.150,0.330
4672.112,SEEK_ROUNDABOUT,25.571,0,2.345,0.0000,0.0000,none,,step_fixed_reverse_recovery/course_events_frozen,-0.0450,-0.0057,1,line_center_tracking,0.2122,0.2376,0.1470,0.1393,0.7190,5,0.0906,0.0077,0.0983,0.1746,-0.0057,IDLE,0,1,fixed_reverse_search back=0.045/0.105,1,1,6.000,1,0.7000,0.6600,0.0438,0.8834,227,5,0.0000,0.0000,0.0000,0.0000,0.0000,等待台阶,1,-0.0047,0.150,0.330
4672.243,SEEK_ROUNDABOUT,25.702,0,2.345,0.0000,0.0000,none,,step_fixed_reverse_recovery/course_events_frozen,-0.0450,-0.0041,1,line_center_tracking,0.2021,0.2229,0.1485,0.1403,0.6340,4,0.0744,0.0081,0.0826,0.1706,-0.0041,IDLE,0,1,fixed_reverse_search back=0.065/0.105,1,1,6.000,1,0.7200,0.6900,0.0494,0.9647,230,5,0.0000,0.0000,0.0000,0.0000,0.0000,等待台阶,1,-0.0034,0.150,0.330
4672.375,SEEK_ROUNDABOUT,25.834,0,2.345,0.0000,0.0000,none,,step_fixed_reverse_recovery/course_events_frozen,-0.0450,-0.0021,1,line_center_tracking,0.1785,0.1900,0.1489,0.1406,0.5471,3,0.0410,0.0084,0.0494,0.1598,-0.0021,IDLE,0,1,fixed_reverse_search back=0.078/0.105,1,1,6.000,1,0.7400,0.7000,0.0490,0.9595,233,5,0.0000,0.0000,0.0000,0.0000,0.0000,等待台阶,1,-0.0017,0.150,0.330
4672.508,SEEK_ROUNDABOUT,25.967,0,2.345,0.0000,0.0000,none,,step_fixed_reverse_recovery/course_events_frozen,-0.0450,-0.0015,1,line_center_tracking,0.1916,0.2080,0.1495,0.1406,0.6355,4,0.0586,0.0089,0.0674,0.1660,-0.0015,IDLE,0,1,fixed_reverse_search back=0.088/0.105,1,1,6.000,1,0.7500,0.7200,0.0489,0.9582,236,5,0.0000,0.0000,0.0000,0.0000,0.0000,等待台阶,1,-0.0012,0.150,0.330
4672.645,SEEK_ROUNDABOUT,26.104,0,2.345,0.0000,0.0000,none,,step_align_slow/course_events_frozen,0.0057,0.0222,1,line_center_tracking,0.2185,0.2454,0.1493,0.1431,0.6308,4,0.0961,0.0062,0.1023,0.1792,0.0222,IDLE,0,1,fixed_reverse_done depth d=0.740,1,0,6.000,1,0.7700,0.7400,0.0489,0.9576,239,5,0.0000,0.0000,0.0000,0.0000,0.0000,等待台阶,1,-0.0012,0.150,0.330
4672.776,SEEK_ROUNDABOUT,26.235,0,2.345,0.0000,0.0000,none,,step_align_slow/course_events_frozen,0.0300,-0.0428,1,line_center_tracking,0.1776,0.1886,0.1493,0.1412,0.5477,3,0.0393,0.0082,0.0474,0.1597,-0.0428,IDLE,0,1,fixed_sprint_approach depth=0.750>0.715 center=+0.160 hd=0.039,1,0,6.000,1,0.7800,0.7500,0.0495,0.9645,241,5,0.0000,0.0000,0.0000,0.0000,0.0000,等待台阶,1,-0.0012,0.150,0.330
4672.928,SEEK_ROUNDABOUT,26.387,0,2.345,0.0000,0.0000,none,,step_align_slow/course_events_frozen,0.0300,-0.0556,1,line_center_tracking,0.1716,0.1796,0.1509,0.1407,0.6398,4,0.0287,0.0102,0.0389,0.1571,-0.0556,IDLE,0,1,fixed_sprint_approach depth=0.770>0.715 center=+0.157 hd=0.029,1,0,6.000,1,0.8000,0.7700,0.0490,0.9596,245,5,0.0000,0.0000,0.0000,0.0000,0.0000,等待台阶,1,-0.0012,0.150,0.330
4673.055,SEEK_ROUNDABOUT,26.514,0,2.345,0.0000,0.0000,none,,step_align_slow/course_events_frozen,0.0300,-0.0398,1,line_center_tracking,0.1713,0.1821,0.1433,0.1358,0.5480,3,0.0389,0.0075,0.0464,0.1537,-0.0398,IDLE,0,1,fixed_sprint_approach depth=0.780>0.715 center=+0.154 hd=0.039,1,0,6.000,1,0.8000,0.7800,0.0492,0.9604,247,5,0.0000,0.0000,0.0000,0.0000,0.0000,等待台阶,1,-0.0012,0.150,0.330
4673.183,SEEK_ROUNDABOUT,26.642,0,2.345,0.0000,0.0000,none,,step_align_slow/course_events_frozen,0.0300,0.0131,1,line_center_tracking,0.1915,0.2139,0.1338,0.1274,0.6291,4,0.0801,0.0065,0.0865,0.1584,0.0131,IDLE,0,1,fixed_sprint_approach depth=0.800>0.715 center=+0.158 hd=0.080,1,0,6.000,1,0.8100,0.8000,0.0492,0.9597,250,5,0.0000,0.0000,0.0000,0.0000,0.0000,等待台阶,1,-0.0012,0.150,0.330
4673.318,SEEK_ROUNDABOUT,26.777,0,2.345,0.0000,0.0000,none,,step_align_slow/course_events_frozen,0.0300,0.0056,1,line_center_tracking,0.1762,0.1956,0.1262,0.1182,0.7216,5,0.0694,0.0080,0.0774,0.1467,0.0056,IDLE,0,1,fixed_sprint_approach depth=0.800>0.715 center=+0.147 hd=0.069,1,0,6.000,1,0.8100,0.8000,0.0499,0.9709,253,5,0.0000,0.0000,0.0000,0.0000,0.0000,等待台阶,1,-0.0012,0.150,0.330
4673.455,SEEK_ROUNDABOUT,26.914,0,2.345,0.0000,0.0000,none,,step_align_slow/course_events_frozen,0.0300,-0.0354,1,line_center_tracking,0.1504,0.1597,0.1263,0.1162,0.6397,4,0.0334,0.0101,0.0435,0.1341,-0.0354,IDLE,0,1,fixed_sprint_approach depth=0.810>0.715 center=+0.134 hd=0.033,1,0,6.000,1,0.8100,0.8100,0.0494,0.9633,256,5,0.0000,0.0000,0.0000,0.0000,0.0000,等待台阶,1,-0.0012,0.150,0.330
4673.589,SEEK_ROUNDABOUT,27.049,0,2.345,0.0000,0.0000,none,,step_align_slow/course_events_frozen,0.0300,-0.1020,1,line_curve_center_riding,0.3671,0.3736,0.2667,0.5914,0.6834,5,0.1069,0.3248,0.2179,0.4106,-0.1020,IDLE,0,1,fixed_sprint_approach depth=0.810>0.715 center=+0.411 hd=0.107,1,0,6.000,1,0.8000,0.8100,0.0493,0.9607,259,5,0.0000,0.0000,0.0000,0.0000,0.0000,等待台阶,1,-0.0012,0.150,0.330
4673.728,SEEK_ROUNDABOUT,27.187,0,2.345,0.0000,0.0000,none,,step_align_slow/course_events_frozen,0.0300,0.0628,1,line_curve_center_riding,0.2409,0.2481,0.1276,0.1241,0.6272,4,0.1206,0.0035,0.1240,0.1666,0.0628,IDLE,0,1,fixed_sprint_approach depth=0.810>0.715 center=+0.167 hd=0.121,1,0,6.000,1,0.8000,0.8100,0.0491,0.9604,262,5,0.0000,0.0000,0.0000,0.0000,0.0000,等待台阶,1,-0.0012,0.150,0.330
4673.859,SEEK_ROUNDABOUT,27.318,0,2.345,0.0000,0.0000,none,,step_align_slow/course_events_frozen,0.0300,0.0562,1,line_curve_center_riding,0.2396,0.2474,0.1172,0.2337,0.7054,5,0.1302,0.1165,0.0138,0.1994,0.0562,IDLE,0,1,fixed_sprint_approach depth=0.800>0.715 center=+0.199 hd=0.130,1,0,6.000,1,0.8000,0.8000,0.0481,0.9465,265,5,0.0000,0.0000,0.0000,0.0000,0.0000,等待台阶,1,-0.0012,0.150,0.330
4673.993,SEEK_ROUNDABOUT,27.452,0,2.345,0.0000,0.0000,none,,step_align_slow/course_events_frozen,0.0300,0.0230,1,line_center_tracking,0.1512,0.1713,0.0994,0.0990,0.6370,4,0.0718,0.0004,0.0722,0.1233,0.0230,IDLE,0,1,fixed_sprint_approach depth=0.800>0.715 center=+0.123 hd=0.072,1,0,6.000,1,0.7900,0.8000,0.0493,0.9623,267,5,0.0000,0.0000,0.0000,0.0000,0.0000,等待台阶,1,-0.0012,0.150,0.330
4674.127,SEEK_ROUNDABOUT,27.586,0,2.345,0.0000,0.0000,none,,step_align_slow/course_events_frozen,0.0300,-0.0279,1,line_center_tracking,0.1382,0.1479,0.1131,0.1131,0.5504,3,0.0347,0.0000,0.0347,0.1247,-0.0279,IDLE,0,1,fixed_sprint_approach depth=0.800>0.715 center=+0.125 hd=0.035,1,0,6.000,1,0.7800,0.8000,0.0490,0.9586,270,5,0.0000,0.0000,0.0000,0.0000,0.0000,等待台阶,1,-0.0012,0.150,0.330
4674.259,SEEK_ROUNDABOUT,27.718,0,2.345,0.0000,0.0000,none,,step_align_slow/course_events_frozen,0.0300,-0.0039,1,line_center_tracking,0.1626,0.1792,0.1200,0.1200,0.6313,4,0.0592,0.0000,0.0592,0.1397,-0.0039,IDLE,0,1,fixed_sprint_approach depth=0.790>0.715 center=+0.140 hd=0.059,1,0,6.000,1,0.7700,0.7900,0.0494,0.9642,273,5,0.0000,0.0000,0.0000,0.0000,0.0000,等待台阶,1,-0.0012,0.150,0.330
4674.392,SEEK_ROUNDABOUT,27.851,0,2.345,0.0000,0.0000,none,,step_align_slow/course_events_frozen,0.0300,-0.0292,1,line_center_tracking,0.1781,0.1934,0.1389,0.1816,0.7132,5,0.0545,0.0427,0.0118,0.1713,-0.0292,IDLE,0,1,fixed_sprint_approach depth=0.780>0.715 center=+0.171 hd=0.054,1,0,6.000,1,0.7500,0.7800,0.0489,0.9567,276,5,0.0000,0.0000,0.0000,0.0000,0.0000,等待台阶,1,-0.0012,0.150,0.330
4674.519,SEEK_ROUNDABOUT,27.978,0,2.345,0.0000,0.0000,none,,step_align_slow/course_events_frozen,0.0300,-0.0043,1,line_center_tracking,0.1790,0.2004,0.1240,0.2130,0.6146,4,0.0764,0.0890,0.0126,0.1791,-0.0043,IDLE,0,1,fixed_sprint_approach depth=0.770>0.715 center=+0.179 hd=0.076,1,0,6.000,1,0.7400,0.7700,0.0490,0.9576,278,5,0.0000,0.0000,0.0000,0.0000,0.0000,等待台阶,1,-0.0012,0.150,0.330
4674.663,SEEK_ROUNDABOUT,28.122,0,2.345,0.2000,0.0000,none,,step_align_slow/course_events_frozen,0.0300,0.0269,1,line_center_tracking,0.1495,0.1702,0.0965,0.0965,0.6300,4,0.0737,0.0000,0.0737,0.1210,0.0269,IDLE,0,1,fixed_sprint_approach depth=0.750>0.715 center=+0.121 hd=0.074,1,0,6.000,1,0.7300,0.7500,0.0497,0.9678,281,5,0.0000,0.0000,0.0000,0.0000,0.0000,等待台阶,1,-0.0012,0.150,0.330
4674.800,SEEK_ROUNDABOUT,28.259,0,2.345,0.0000,0.0000,none,,step_align_slow/course_events_frozen,0.0300,-0.0430,1,line_center_tracking,0.1518,0.1603,0.1299,0.1299,0.4595,2,0.0304,0.0000,0.0304,0.1400,-0.0430,IDLE,0,1,fixed_sprint_approach depth=0.740>0.715 center=+0.140 hd=0.030,1,0,6.000,1,0.7100,0.7400,0.0495,0.9656,284,5,0.0000,0.0000,0.0000,0.0000,0.0000,等待台阶,1,-0.0012,0.150,0.330
4674.953,SEEK_ROUNDABOUT,28.412,0,2.345,0.0000,0.0000,none,,step_align_creep/course_events_frozen,0.0150,-0.0430,1,line_center_tracking,0.1129,0.1173,0.1017,0.1017,0.4670,2,0.0156,0.0000,0.0156,0.1069,-0.0430,IDLE,0,1,fixed_sprint_approach depth=0.730>0.715 center=+0.107 hd=0.016,1,0,6.000,1,0.7000,0.7300,0.0503,0.9684,287,5,0.0000,0.0000,0.0000,0.0000,0.0000,等待台阶,1,-0.0012,0.150,0.330
4675.096,SEEK_ROUNDABOUT,28.555,0,2.345,0.0000,0.0000,none,,step_start_window_confirm_hold/course_events_frozen,0.0000,0.0000,0,line_too_few_bands,0.0000,0.0000,0.0000,0.0000,0.0000,0,0.0000,0.0000,0.0000,0.0000,0.0000,IDLE,0,1,fixed_start_confirm 1/3 d=0.710,1,0,6.000,1,0.6900,0.7100,0.0470,0.9287,290,5,0.0000,0.0000,0.0000,0.0000,0.0000,等待台阶,1,-0.0012,0.150,0.330
4675.221,SEEK_ROUNDABOUT,28.680,0,2.345,0.0000,0.0000,none,,step_start_window_confirm_hold/course_events_frozen,0.0000,0.0000,1,line_curve_center_riding,0.0915,0.0839,0.2099,0.1019,0.6047,4,0.1260,0.1081,0.0179,0.1319,0.0000,IDLE,0,1,fixed_start_confirm 2/3 d=0.700,1,0,6.000,1,0.6700,0.7000,0.0454,0.9055,293,5,0.0000,0.0000,0.0000,0.0000,0.0000,等待台阶,1,-0.0012,0.150,0.330
4675.358,SEEK_ROUNDABOUT,28.817,0,2.345,0.0000,0.0000,none,,step_approach_begin,0.0000,0.0000,0,,nan,nan,nan,nan,0.0000,0,nan,nan,nan,nan,0.0000,APPROACH,0,0,normalized_depth_start,1,0,6.000,1,0.6500,0.6900,0.0406,0.8369,296,5,0.6050,0.0000,0.0000,0.0000,0.6050,开始按已验证参数直行到起跳距离,1,0.0000,0.150,0.330
4675.639,SEEK_ROUNDABOUT,29.099,0,2.345,0.0000,0.0000,none,,step_approach_tested,0.5000,0.0000,0,,nan,nan,nan,nan,0.0000,0,nan,nan,nan,nan,0.0000,APPROACH,0,0,normalized_depth_start,1,0,6.000,1,0.6300,0.6700,0.0426,0.8671,302,5,0.6050,0.1000,0.0168,0.1000,0.5050,APPROACH 恒速前进 source=commanded cmd=0.100 odom=0.017 remaining=0.505,1,0.0000,0.150,0.330
4675.786,SEEK_ROUNDABOUT,29.245,0,2.345,0.0000,0.0000,none,,step_approach_tested,0.5000,0.0000,0,,nan,nan,nan,nan,0.0000,0,nan,nan,nan,nan,0.0000,APPROACH,0,0,normalized_depth_start,1,0,6.000,1,0.6300,0.6500,0.0425,0.8651,305,5,0.6050,0.1730,0.0198,0.1730,0.4320,APPROACH 恒速前进 source=commanded cmd=0.173 odom=0.020 remaining=0.432,1,0.0000,0.150,0.330
4675.947,SEEK_ROUNDABOUT,29.406,0,2.345,0.0000,0.0000,none,,step_approach_tested,0.5000,0.0000,0,,nan,nan,nan,nan,0.0000,0,nan,nan,nan,nan,0.0000,APPROACH,0,0,normalized_depth_start,1,0,6.000,1,0.6200,0.6300,0.0388,0.8123,308,5,0.6050,0.2537,0.0193,0.2537,0.3513,APPROACH 恒速前进 source=commanded cmd=0.254 odom=0.019 remaining=0.351,1,0.0000,0.150,0.330
4676.098,SEEK_ROUNDABOUT,29.557,0,2.345,0.0000,0.0000,none,,step_approach_tested,0.5000,0.0000,0,,nan,nan,nan,nan,0.0000,0,nan,nan,nan,nan,0.0000,APPROACH,0,0,normalized_depth_start,1,0,6.000,1,0.6200,0.6300,0.0426,0.8666,312,5,0.6050,0.3291,0.0114,0.3291,0.2759,APPROACH 恒速前进 source=commanded cmd=0.329 odom=0.011 remaining=0.276,1,0.0000,0.150,0.330
4676.245,SEEK_ROUNDABOUT,29.704,0,2.345,0.0000,0.0000,none,,step_approach_tested,0.5000,0.0000,0,,nan,nan,nan,nan,0.0000,0,nan,nan,nan,nan,0.0000,APPROACH,0,0,normalized_depth_start,1,0,6.000,1,0.6100,0.6200,0.0397,0.8248,315,5,0.6050,0.4025,-0.0163,0.4025,0.2025,APPROACH 恒速前进 source=commanded cmd=0.403 odom=-0.016 remaining=0.202,1,0.0000,0.150,0.330
4676.703,SEEK_ROUNDABOUT,30.162,0,2.345,0.0000,0.0000,none,,step_approach_tested,0.5000,0.0000,0,,nan,nan,nan,nan,0.0000,0,nan,nan,nan,nan,0.0000,APPROACH,0,0,normalized_depth_start,1,0,6.000,1,0.5900,0.6150,0.0421,0.8598,325,5,0.6050,0.5025,0.0373,0.5025,0.1025,APPROACH 恒速前进 source=commanded cmd=0.503 odom=0.037 remaining=0.102,1,0.0000,0.150,0.330
4676.838,SEEK_ROUNDABOUT,30.297,0,2.345,0.0000,0.0000,none,,step_wait_enter_to_jump,0.0000,0.0000,0,,nan,nan,nan,nan,0.0000,0,nan,nan,nan,nan,0.0000,JUMP_CONFIRM,0,0,normalized_depth_start,1,0,6.000,1,0.5500,0.6000,0.0473,0.9292,332,5,0.6050,0.5698,0.1066,0.5698,0.0352,到达起跳点，等待终端回车确认,1,0.0000,0.150,0.330
4677.006,SEEK_ROUNDABOUT,30.466,0,2.345,0.0000,0.0000,none,,step_wait_enter_to_jump,0.0000,0.0000,0,,nan,nan,nan,nan,0.0000,0,nan,nan,nan,nan,0.0000,JUMP_CONFIRM,0,0,normalized_depth_start,1,0,5.400,0,nan,0.5900,nan,0.0000,0,5,0.6050,0.5698,0.2059,0.5698,0.0352,JUMP_CONFIRM 等待终端回车,1,0.0000,0.150,0.330
4677.167,SEEK_ROUNDABOUT,30.626,0,2.345,0.0000,0.0000,none,,step_wait_enter_to_jump,0.0000,0.0000,0,,nan,nan,nan,nan,0.0000,0,nan,nan,nan,nan,0.0000,JUMP_CONFIRM,0,0,normalized_depth_start,1,0,4.800,0,nan,0.5700,nan,0.0000,0,5,0.6050,0.5698,0.3036,0.5698,0.0352,JUMP_CONFIRM 等待终端回车,1,0.0000,0.150,0.330
4677.314,SEEK_ROUNDABOUT,30.773,0,2.345,0.0000,0.0000,none,,step_wait_enter_to_jump,0.0000,0.0000,0,,nan,nan,nan,nan,0.0000,0,nan,nan,nan,nan,0.0000,JUMP_CONFIRM,0,0,normalized_depth_start,1,0,4.200,0,nan,0.5700,nan,0.0000,0,5,0.6050,0.5698,0.4074,0.5698,0.0352,JUMP_CONFIRM 等待终端回车,1,0.0000,0.150,0.330
4677.453,SEEK_ROUNDABOUT,30.912,0,2.345,0.0000,0.0000,none,,step_wait_enter_to_jump,0.0000,0.0000,0,,nan,nan,nan,nan,0.0000,0,nan,nan,nan,nan,0.0000,JUMP_CONFIRM,0,0,normalized_depth_start,1,0,3.600,0,nan,0.5700,nan,0.0000,0,5,0.6050,0.5698,0.5101,0.5698,0.0352,JUMP_CONFIRM 等待终端回车,1,0.0000,0.150,0.330
4677.591,SEEK_ROUNDABOUT,31.051,0,2.345,0.0000,0.0000,none,,step_wait_enter_to_jump,0.0000,0.0000,0,,nan,nan,nan,nan,0.0000,0,nan,nan,nan,nan,0.0000,JUMP_CONFIRM,0,0,normalized_depth_start,1,0,3.000,0,nan,0.5500,nan,0.0000,0,5,0.6050,0.5698,0.6470,0.5698,0.0352,JUMP_CONFIRM 等待终端回车,1,0.0000,0.150,0.330
4677.734,SEEK_ROUNDABOUT,31.193,0,2.345,0.0000,0.0000,none,,step_wait_enter_to_jump,0.0000,0.0000,0,,nan,nan,nan,nan,0.0000,0,nan,nan,nan,nan,0.0000,JUMP_CONFIRM,0,0,normalized_depth_start,1,0,2.400,0,nan,nan,nan,0.0000,0,5,0.6050,0.5698,0.6860,0.5698,0.0352,JUMP_CONFIRM 等待终端回车,1,0.0000,0.150,0.330
4677.870,SEEK_ROUNDABOUT,31.329,0,2.345,0.0000,0.0000,none,,step_wait_enter_to_jump,0.0000,0.0000,0,,nan,nan,nan,nan,0.0000,0,nan,nan,nan,nan,0.0000,JUMP_CONFIRM,0,0,normalized_depth_start,1,0,3.400,1,0.5700,0.5700,0.0533,0.9370,5,5,0.6050,0.5698,0.5867,0.5698,0.0352,JUMP_CONFIRM 等待终端回车,1,0.0000,0.150,0.330
4678.011,SEEK_ROUNDABOUT,31.470,0,2.345,0.0000,0.0000,none,,step_wait_enter_to_jump,0.0000,0.0000,0,,nan,nan,nan,nan,0.0000,0,nan,nan,nan,nan,0.0000,JUMP_CONFIRM,0,0,normalized_depth_start,1,0,4.400,0,0.8000,0.6850,0.0501,0.9522,1,5,0.6050,0.5698,0.4937,0.5698,0.0352,JUMP_CONFIRM 等待终端回车,1,0.0000,0.150,0.330
4678.143,SEEK_ROUNDABOUT,31.602,0,2.345,0.0000,0.0000,none,,step_wait_enter_to_jump,0.0000,0.0000,0,,nan,nan,nan,nan,0.0000,0,nan,nan,nan,nan,0.0000,JUMP_CONFIRM,0,0,normalized_depth_start,1,0,3.800,0,nan,0.6850,nan,0.0000,0,5,0.6050,0.5698,0.4525,0.5698,0.0352,JUMP_CONFIRM 等待终端回车,1,0.0000,0.150,0.330
4678.283,SEEK_ROUNDABOUT,31.742,0,2.345,0.0000,0.0000,none,,step_wait_enter_to_jump,0.0000,0.0000,0,,nan,nan,nan,nan,0.0000,0,nan,nan,nan,nan,0.0000,JUMP_CONFIRM,0,0,normalized_depth_start,1,0,3.200,0,nan,0.6850,nan,0.0000,0,5,0.6050,0.5698,0.4286,0.5698,0.0352,JUMP_CONFIRM 等待终端回车,1,0.0000,0.150,0.330
4678.437,SEEK_ROUNDABOUT,31.896,0,2.345,0.0000,0.0000,none,,step_wait_enter_to_jump,0.0000,0.0000,0,,nan,nan,nan,nan,0.0000,0,nan,nan,nan,nan,0.0000,JUMP_CONFIRM,0,0,normalized_depth_start,1,0,2.600,0,nan,0.6850,nan,0.0000,0,5,0.6050,0.5698,0.4091,0.5698,0.0352,JUMP_CONFIRM 等待终端回车,1,0.0000,0.150,0.330
4678.579,SEEK_ROUNDABOUT,32.038,0,2.345,0.0000,0.0000,none,,step_wait_enter_to_jump,0.0000,0.0000,0,,nan,nan,nan,nan,0.0000,0,nan,nan,nan,nan,0.0000,JUMP_CONFIRM,0,0,normalized_depth_start,1,0,2.000,0,nan,0.6850,nan,0.0000,0,5,0.6050,0.5698,0.3960,0.5698,0.0352,JUMP_CONFIRM 等待终端回车,1,0.0000,0.150,0.330
4678.721,SEEK_ROUNDABOUT,32.180,0,2.345,0.0000,0.0000,none,,step_wait_enter_to_jump,0.0000,0.0000,0,,nan,nan,nan,nan,0.0000,0,nan,nan,nan,nan,0.0000,JUMP_CONFIRM,0,0,normalized_depth_start,1,0,1.400,0,nan,0.8000,nan,0.0000,0,5,0.6050,0.5698,0.3882,0.5698,0.0352,JUMP_CONFIRM 等待终端回车,1,0.0000,0.150,0.330
4678.893,SEEK_ROUNDABOUT,32.352,0,2.345,0.0000,0.0000,none,,step_wait_enter_to_jump,0.0000,0.0000,0,,nan,nan,nan,nan,0.0000,0,nan,nan,nan,nan,0.0000,JUMP_CONFIRM,0,0,normalized_depth_start,1,0,0.800,0,nan,nan,nan,0.0000,0,5,0.6050,0.5698,0.3849,0.5698,0.0352,JUMP_CONFIRM 等待终端回车,1,0.0000,0.150,0.330
4679.057,SEEK_ROUNDABOUT,32.516,0,2.345,0.0000,0.0000,none,,step_wait_enter_to_jump,0.0000,0.0000,0,,nan,nan,nan,nan,0.0000,0,nan,nan,nan,nan,0.0000,JUMP_CONFIRM,0,0,normalized_depth_start,1,0,0.200,0,nan,nan,nan,0.0000,0,5,0.6050,0.5698,0.3850,0.5698,0.0352,JUMP_CONFIRM 等待终端回车,1,0.0000,0.150,0.330
4679.213,SEEK_ROUNDABOUT,32.673,0,2.345,0.0000,0.0000,none,,step_wait_enter_to_jump,0.0000,0.0000,0,,nan,nan,nan,nan,0.0000,0,nan,nan,nan,nan,0.0000,JUMP_CONFIRM,0,0,normalized_depth_start,1,0,0.000,0,nan,nan,nan,0.0000,0,5,0.6050,0.5698,0.3912,0.5698,0.0352,JUMP_CONFIRM 等待终端回车,1,0.0000,0.150,0.330
4679.368,SEEK_ROUNDABOUT,32.828,0,2.345,0.0000,0.0000,none,,step_wait_enter_to_jump,0.0000,0.0000,0,,nan,nan,nan,nan,0.0000,0,nan,nan,nan,nan,0.0000,JUMP_CONFIRM,0,0,normalized_depth_start,1,0,0.000,0,nan,nan,nan,0.0000,0,5,0.6050,0.5698,0.4012,0.5698,0.0352,JUMP_CONFIRM 等待终端回车,1,0.0000,0.150,0.330
4679.529,SEEK_ROUNDABOUT,32.989,0,2.345,0.0000,0.0000,none,,step_wait_enter_to_jump,0.0000,0.0000,0,,nan,nan,nan,nan,0.0000,0,nan,nan,nan,nan,0.0000,JUMP_CONFIRM,0,0,normalized_depth_start,1,0,0.000,0,nan,nan,nan,0.0000,0,5,0.6050,0.5698,0.4140,0.5698,0.0352,JUMP_CONFIRM 等待终端回车,1,0.0000,0.150,0.330
4679.686,SEEK_ROUNDABOUT,33.145,0,2.345,0.0000,0.0000,none,,step_wait_enter_to_jump,0.0000,0.0000,0,,nan,nan,nan,nan,0.0000,0,nan,nan,nan,nan,0.0000,JUMP_CONFIRM,0,0,normalized_depth_start,1,0,0.000,0,nan,nan,nan,0.0000,0,5,0.6050,0.5698,0.4261,0.5698,0.0352,JUMP_CONFIRM 等待终端回车,1,0.0000,0.150,0.330
4679.836,SEEK_ROUNDABOUT,33.295,0,2.345,0.0000,0.0000,none,,step_wait_enter_to_jump,0.0000,0.0000,0,,nan,nan,nan,nan,0.0000,0,nan,nan,nan,nan,0.0000,JUMP_CONFIRM,0,0,normalized_depth_start,1,0,0.000,0,nan,nan,nan,0.0000,0,5,0.6050,0.5698,0.4379,0.5698,0.0352,JUMP_CONFIRM 等待终端回车,1,0.0000,0.150,0.330
4679.986,SEEK_ROUNDABOUT,33.445,0,2.345,0.0000,0.0000,none,,step_wait_enter_to_jump,0.0000,0.0000,0,,nan,nan,nan,nan,0.0000,0,nan,nan,nan,nan,0.0000,JUMP_CONFIRM,0,0,normalized_depth_start,1,0,0.000,0,nan,nan,nan,0.0000,0,5,0.6050,0.5698,0.4513,0.5698,0.0352,JUMP_CONFIRM 等待终端回车,1,0.0000,0.150,0.330
4680.134,SEEK_ROUNDABOUT,33.594,0,2.345,0.0000,0.0000,none,,step_wait_enter_to_jump,0.0000,0.0000,0,,nan,nan,nan,nan,0.0000,0,nan,nan,nan,nan,0.0000,JUMP_CONFIRM,0,0,normalized_depth_start,1,0,0.000,0,nan,nan,nan,0.0000,0,5,0.6050,0.5698,0.4633,0.5698,0.0352,JUMP_CONFIRM 等待终端回车,1,0.0000,0.150,0.330
4680.301,SEEK_ROUNDABOUT,33.760,0,2.345,0.0000,0.0000,none,,step_wait_enter_to_jump,0.0000,0.0000,0,,nan,nan,nan,nan,0.0000,0,nan,nan,nan,nan,0.0000,JUMP_CONFIRM,0,0,normalized_depth_start,1,0,0.000,0,nan,nan,nan,0.0000,0,5,0.6050,0.5698,0.4764,0.5698,0.0352,JUMP_CONFIRM 等待终端回车,1,0.0000,0.150,0.330
4680.476,SEEK_ROUNDABOUT,33.935,0,2.345,0.0000,0.0000,none,,step_jump_after_enter,0.5000,0.0000,0,,nan,nan,nan,nan,0.0000,0,nan,nan,nan,nan,0.0000,JUMP,0,0,normalized_depth_start,1,0,0.000,0,nan,nan,nan,0.0000,0,5,0.6050,0.5698,0.4909,0.5698,0.0352,JUMP 脉冲中,1,0.0000,0.150,0.330
4680.625,SEEK_ROUNDABOUT,34.084,0,2.345,0.0000,0.0000,none,,step_jump_pulse,0.5000,0.0000,0,,nan,nan,nan,nan,0.0000,0,nan,nan,nan,nan,0.0000,JUMP,0,0,normalized_depth_start,1,0,0.000,0,nan,nan,nan,0.0000,0,5,0.6050,0.5698,0.4909,0.5698,0.0352,JUMP 脉冲中,1,0.0000,0.150,0.330
4680.799,SEEK_ROUNDABOUT,34.258,0,2.345,0.0000,0.0000,none,,step_land_forward,0.3000,0.0000,0,,nan,nan,nan,nan,0.0000,0,nan,nan,nan,nan,0.0000,LAND,0,0,normalized_depth_start,1,0,0.000,0,nan,nan,nan,0.0000,0,5,0.6050,0.5698,0.4909,0.5698,0.0352,跳跃脉冲结束，落地继续前行,1,0.0000,0.150,0.330
4680.958,SEEK_ROUNDABOUT,34.417,0,2.345,0.0000,0.0000,none,,step_land_forward,0.3000,0.0000,0,,nan,nan,nan,nan,0.0000,0,nan,nan,nan,nan,0.0000,LAND,0,0,normalized_depth_start,1,0,0.000,0,nan,nan,nan,0.0000,0,5,0.6050,0.5698,0.4909,0.5698,0.0352,跳跃脉冲结束，落地继续前行,1,0.0000,0.150,0.330
4681.121,SEEK_ROUNDABOUT,34.580,0,2.345,0.0000,0.0000,none,,step_land_forward,0.3000,0.0000,0,,nan,nan,nan,nan,0.0000,0,nan,nan,nan,nan,0.0000,LAND,0,0,normalized_depth_start,1,0,0.000,0,nan,nan,nan,0.0000,0,5,0.6050,0.5698,0.4909,0.5698,0.0352,跳跃脉冲结束，落地继续前行,1,0.0000,0.150,0.330
4681.263,SEEK_ROUNDABOUT,34.722,0,2.345,0.0000,0.0000,none,,step_land_forward,0.3000,0.0000,0,,nan,nan,nan,nan,0.0000,0,nan,nan,nan,nan,0.0000,LAND,0,0,normalized_depth_start,1,0,0.000,0,nan,nan,nan,0.0000,0,5,0.6050,0.5698,0.4909,0.5698,0.0352,跳跃脉冲结束，落地继续前行,1,0.0000,0.150,0.330
4681.417,SEEK_ROUNDABOUT,34.876,0,2.345,0.0000,0.0000,none,,step_land_forward,0.3000,0.0000,0,,nan,nan,nan,nan,0.0000,0,nan,nan,nan,nan,0.0000,LAND,0,0,normalized_depth_start,1,0,1.000,0,0.9300,0.9300,0.0513,0.9123,1,5,0.6050,0.5698,0.4909,0.5698,0.0352,跳跃脉冲结束，落地继续前行,1,0.0000,0.150,0.330
4681.578,SEEK_ROUNDABOUT,35.037,0,2.345,0.0000,0.0000,none,,step_land_forward,0.3000,0.0000,0,,nan,nan,nan,nan,0.0000,0,nan,nan,nan,nan,0.0000,LAND,0,0,normalized_depth_start,1,0,0.400,0,nan,0.9300,nan,0.0000,0,5,0.6050,0.5698,0.4909,0.5698,0.0352,跳跃脉冲结束，落地继续前行,1,0.0000,0.150,0.330
4681.714,SEEK_ROUNDABOUT,35.173,0,2.345,0.0000,0.0000,none,,step_land_forward,0.3000,0.0000,0,,nan,nan,nan,nan,0.0000,0,nan,nan,nan,nan,0.0000,LAND,0,0,normalized_depth_start,1,0,0.000,0,nan,0.9300,nan,0.0000,0,5,0.6050,0.5698,0.4909,0.5698,0.0352,跳跃脉冲结束，落地继续前行,1,0.0000,0.150,0.330
4681.850,SEEK_ROUNDABOUT,35.309,0,2.345,0.0000,0.0000,none,,step_land_forward,0.3000,0.0000,0,,nan,nan,nan,nan,0.0000,0,nan,nan,nan,nan,0.0000,LAND,0,0,normalized_depth_start,1,0,1.000,0,0.7200,0.8250,0.0350,0.7757,1,5,0.6050,0.5698,0.4909,0.5698,0.0352,跳跃脉冲结束，落地继续前行,1,0.0000,0.150,0.330
4682.019,SEEK_ROUNDABOUT,35.478,0,2.345,0.0000,0.0000,none,,step_land_forward,0.3000,0.0000,0,,nan,nan,nan,nan,0.0000,0,nan,nan,nan,nan,0.0000,LAND,0,0,normalized_depth_start,1,0,0.400,0,nan,0.8250,nan,0.0000,0,5,0.6050,0.5698,0.4909,0.5698,0.0352,跳跃脉冲结束，落地继续前行,1,0.0000,0.150,0.330
4682.159,SEEK_ROUNDABOUT,35.619,0,2.345,0.0000,0.0000,none,,step_land_forward,0.3000,0.0000,0,,nan,nan,nan,nan,0.0000,0,nan,nan,nan,nan,0.0000,LAND,0,0,normalized_depth_start,1,0,0.000,0,nan,0.8250,nan,0.0000,0,5,0.6050,0.5698,0.4909,0.5698,0.0352,跳跃脉冲结束，落地继续前行,1,0.0000,0.150,0.330
4682.315,SEEK_ROUNDABOUT,35.774,0,2.345,0.0000,0.0000,none,,step_land_forward,0.3000,0.0000,0,,nan,nan,nan,nan,0.0000,0,nan,nan,nan,nan,0.0000,LAND,0,0,normalized_depth_start,1,0,0.000,0,nan,0.7200,nan,0.0000,0,5,0.6050,0.5698,0.4909,0.5698,0.0352,跳跃脉冲结束，落地继续前行,1,0.0000,0.150,0.330
4682.457,SEEK_ROUNDABOUT,35.916,0,2.345,0.0000,0.0000,none,,step_land_forward,0.3000,0.0000,0,,nan,nan,nan,nan,0.0000,0,nan,nan,nan,nan,0.0000,LAND,0,0,normalized_depth_start,1,0,0.000,0,nan,0.7200,nan,0.0000,0,5,0.6050,0.5698,0.4909,0.5698,0.0352,跳跃脉冲结束，落地继续前行,1,0.0000,0.150,0.330
4682.598,SEEK_ROUNDABOUT,36.057,0,2.345,0.0000,0.0000,none,,step_land_forward,0.3000,0.0000,0,,nan,nan,nan,nan,0.0000,0,nan,nan,nan,nan,0.0000,LAND,0,0,normalized_depth_start,1,0,0.000,0,nan,0.7200,nan,0.0000,0,5,0.6050,0.5698,0.4909,0.5698,0.0352,跳跃脉冲结束，落地继续前行,1,0.0000,0.150,0.330
4682.743,SEEK_ROUNDABOUT,36.202,0,2.345,0.0000,0.0000,none,,step_land_forward,0.3000,0.0000,0,,nan,nan,nan,nan,0.0000,0,nan,nan,nan,nan,0.0000,LAND,0,0,normalized_depth_start,1,0,0.000,0,nan,nan,nan,0.0000,0,5,0.6050,0.5698,0.4909,0.5698,0.0352,跳跃脉冲结束，落地继续前行,1,0.0000,0.150,0.330
4682.883,SEEK_ROUNDABOUT,36.342,0,2.345,0.0000,0.0000,none,,step_recover_stop,0.0000,0.0000,0,,nan,nan,nan,nan,0.0000,0,nan,nan,nan,nan,0.0000,RECOVER,0,0,normalized_depth_start,1,0,0.000,0,nan,nan,nan,0.0000,0,5,0.6050,0.5698,0.4909,0.5698,0.0352,落地前行结束，停车恢复,1,0.0000,0.150,0.330
4683.044,SEEK_ROUNDABOUT,36.503,0,2.345,0.0000,0.0000,none,,step_recover_stop,0.0000,0.0000,0,,nan,nan,nan,nan,0.0000,0,nan,nan,nan,nan,0.0000,RECOVER,0,0,normalized_depth_start,1,0,0.000,0,nan,nan,nan,0.0000,0,5,0.6050,0.5698,0.4909,0.5698,0.0352,落地前行结束，停车恢复,1,0.0000,0.150,0.330
4683.188,SEEK_ROUNDABOUT,36.647,0,2.345,0.0000,0.0000,none,,step_recover_stop,0.0000,0.0000,0,,nan,nan,nan,nan,0.0000,0,nan,nan,nan,nan,0.0000,RECOVER,0,0,normalized_depth_start,1,0,0.000,0,nan,nan,nan,0.0000,0,5,0.6050,0.5698,0.4909,0.5698,0.0352,落地前行结束，停车恢复,1,0.0000,0.150,0.330
4683.324,SEEK_ROUNDABOUT,36.783,0,2.345,0.0000,0.0000,none,,step_recover_stop,0.0000,0.0000,0,,nan,nan,nan,nan,0.0000,0,nan,nan,nan,nan,0.0000,RECOVER,0,0,normalized_depth_start,1,0,0.000,0,nan,nan,nan,0.0000,0,5,0.6050,0.5698,0.4909,0.5698,0.0352,落地前行结束，停车恢复,1,0.0000,0.150,0.330
4683.461,SEEK_ROUNDABOUT,36.920,0,2.345,0.0000,0.0000,none,,step_recover_stop,0.0000,0.0000,0,,nan,nan,nan,nan,0.0000,0,nan,nan,nan,nan,0.0000,RECOVER,0,0,normalized_depth_start,1,0,0.000,0,nan,nan,nan,0.0000,0,5,0.6050,0.5698,0.4909,0.5698,0.0352,落地前行结束，停车恢复,1,0.0000,0.150,0.330
4683.600,SEEK_ROUNDABOUT,37.059,0,2.345,0.0000,0.0000,none,,step_recover_stop,0.0000,0.0000,0,,nan,nan,nan,nan,0.0000,0,nan,nan,nan,nan,0.0000,RECOVER,0,0,normalized_depth_start,1,0,0.000,0,nan,nan,nan,0.0000,0,5,0.6050,0.5698,0.4909,0.5698,0.0352,落地前行结束，停车恢复,1,0.0000,0.150,0.330
4683.752,SEEK_ROUNDABOUT,37.211,0,2.345,0.0000,0.0000,none,,step_recover_stop,0.0000,0.0000,0,,nan,nan,nan,nan,0.0000,0,nan,nan,nan,nan,0.0000,RECOVER,0,0,normalized_depth_start,1,0,0.000,0,nan,nan,nan,0.0000,0,5,0.6050,0.5698,0.4909,0.5698,0.0352,落地前行结束，停车恢复,1,0.0000,0.150,0.330
4683.903,SEEK_ROUNDABOUT,37.362,0,2.345,0.0000,0.0000,none,,step_recover_stop,0.0000,0.0000,0,,nan,nan,nan,nan,0.0000,0,nan,nan,nan,nan,0.0000,RECOVER,0,0,normalized_depth_start,1,0,0.000,0,nan,nan,nan,0.0000,0,5,0.6050,0.5698,0.4909,0.5698,0.0352,落地前行结束，停车恢复,1,0.0000,0.150,0.330
4684.053,SEEK_ROUNDABOUT,37.512,0,2.345,0.0000,0.0000,none,,step_recover_stop,0.0000,0.0000,0,,nan,nan,nan,nan,0.0000,0,nan,nan,nan,nan,0.0000,RECOVER,0,0,normalized_depth_start,1,0,0.000,0,nan,nan,nan,0.0000,0,5,0.6050,0.5698,0.4909,0.5698,0.0352,落地前行结束，停车恢复,1,0.0000,0.150,0.330
4684.207,SEEK_ROUNDABOUT,37.666,0,2.345,0.0000,0.0000,none,,step_recover_stop,0.0000,0.0000,0,,nan,nan,nan,nan,0.0000,0,nan,nan,nan,nan,0.0000,RECOVER,0,0,normalized_depth_start,1,0,0.000,0,nan,nan,nan,0.0000,0,5,0.6050,0.5698,0.4909,0.5698,0.0352,落地前行结束，停车恢复,1,0.0000,0.150,0.330
4684.358,SEEK_ROUNDABOUT,37.818,0,2.345,0.0000,0.0000,none,,step_recover_stop,0.0000,0.0000,0,,nan,nan,nan,nan,0.0000,0,nan,nan,nan,nan,0.0000,RECOVER,0,0,normalized_depth_start,1,0,0.000,0,nan,nan,nan,0.0000,0,5,0.6050,0.5698,0.4909,0.5698,0.0352,落地前行结束，停车恢复,1,0.0000,0.150,0.330
4684.502,SEEK_ROUNDABOUT,37.961,0,2.345,0.0000,0.0000,none,,step_recover_stop,0.0000,0.0000,0,,nan,nan,nan,nan,0.0000,0,nan,nan,nan,nan,0.0000,RECOVER,0,0,normalized_depth_start,1,0,0.000,0,nan,nan,nan,0.0000,0,5,0.6050,0.5698,0.4909,0.5698,0.0352,落地前行结束，停车恢复,1,0.0000,0.150,0.330
4684.640,SEEK_ROUNDABOUT,38.099,0,2.345,0.0000,0.0000,none,,step_recover_stop,0.0000,0.0000,0,,nan,nan,nan,nan,0.0000,0,nan,nan,nan,nan,0.0000,RECOVER,0,0,normalized_depth_start,1,0,0.000,0,nan,nan,nan,0.0000,0,5,0.6050,0.5698,0.4909,0.5698,0.0352,落地前行结束，停车恢复,1,0.0000,0.150,0.330
4684.799,SEEK_ROUNDABOUT,38.258,0,2.345,0.0000,0.0000,none,,step_recover_stop,0.0000,0.0000,0,,nan,nan,nan,nan,0.0000,0,nan,nan,nan,nan,0.0000,RECOVER,0,0,normalized_depth_start,1,0,0.000,0,nan,nan,nan,0.0000,0,5,0.6050,0.5698,0.4909,0.5698,0.0352,落地前行结束，停车恢复,1,0.0000,0.150,0.330
4684.944,SEEK_ROUNDABOUT,38.403,0,2.345,0.0000,0.0000,none,,step_recover_stop,0.0000,0.0000,0,,nan,nan,nan,nan,0.0000,0,nan,nan,nan,nan,0.0000,RECOVER,0,0,normalized_depth_start,1,0,0.000,0,nan,nan,nan,0.0000,0,5,0.6050,0.5698,0.4909,0.5698,0.0352,落地前行结束，停车恢复,1,0.0000,0.150,0.330
4685.133,SEEK_ROUNDABOUT,38.592,0,2.345,0.0000,0.0000,none,,step_recover_stop,0.0000,0.0000,0,,nan,nan,nan,nan,0.0000,0,nan,nan,nan,nan,0.0000,RECOVER,0,0,normalized_depth_start,1,0,0.000,0,nan,nan,nan,0.0000,0,5,0.6050,0.5698,0.4909,0.5698,0.0352,落地前行结束，停车恢复,1,0.0000,0.150,0.330
4685.282,SEEK_ROUNDABOUT,38.741,0,2.345,0.0000,0.0000,none,,step_recover_stop,0.0000,0.0000,0,,nan,nan,nan,nan,0.0000,0,nan,nan,nan,nan,0.0000,RECOVER,0,0,normalized_depth_start,1,0,0.000,0,nan,nan,nan,0.0000,0,5,0.6050,0.5698,0.4909,0.5698,0.0352,落地前行结束，停车恢复,1,0.0000,0.150,0.330
4685.459,SEEK_ROUNDABOUT,38.918,0,2.345,0.0000,0.0000,none,,step_recover_stop,0.0000,0.0000,0,,nan,nan,nan,nan,0.0000,0,nan,nan,nan,nan,0.0000,RECOVER,0,0,normalized_depth_start,1,0,0.000,0,nan,nan,nan,0.0000,0,5,0.6050,0.5698,0.4909,0.5698,0.0352,落地前行结束，停车恢复,1,0.0000,0.150,0.330
4685.607,SEEK_ROUNDABOUT,39.066,0,2.345,0.0000,0.0000,none,,step_recover_stop,0.0000,0.0000,0,,nan,nan,nan,nan,0.0000,0,nan,nan,nan,nan,0.0000,RECOVER,0,0,normalized_depth_start,1,0,0.000,0,nan,nan,nan,0.0000,0,5,0.6050,0.5698,0.4909,0.5698,0.0352,落地前行结束，停车恢复,1,0.0000,0.150,0.330
4685.773,SEEK_ROUNDABOUT,39.232,0,2.345,0.0000,0.0000,none,,step_recover_stop,0.0000,0.0000,0,,nan,nan,nan,nan,0.0000,0,nan,nan,nan,nan,0.0000,RECOVER,0,0,normalized_depth_start,1,0,0.000,0,nan,nan,nan,0.0000,0,5,0.6050,0.5698,0.4909,0.5698,0.0352,落地前行结束，停车恢复,1,0.0000,0.150,0.330
4686.057,SEEK_ROUNDABOUT,39.517,0,2.345,0.0000,0.0000,none,,step_resume_tracking,0.0000,0.0000,0,,nan,nan,nan,nan,0.0000,0,nan,nan,nan,nan,0.0000,IDLE,1,0,step_done_latches_cleared,0,0,0.000,0,nan,nan,nan,0.0000,0,5,0.6050,0.5698,0.4909,0.5698,0.0352,本圈台阶完成,1,0.0000,0.150,0.330
4686.404,SEEK_ROUNDABOUT,39.863,0,2.350,0.0000,0.0000,none,,tracking,0.0507,-0.1298,1,line_curve_center_riding,0.1202,0.1236,0.0680,-0.1843,0.8674,7,0.0555,0.2524,0.3079,0.0024,-0.1298,IDLE,1,0,step_done_latches_cleared,0,0,0.000,0,nan,nan,nan,0.0000,0,5,0.6050,0.5698,0.4909,0.5698,0.0352,本圈台阶完成,1,0.0000,0.150,0.330
4686.615,SEEK_ROUNDABOUT,40.074,0,2.358,0.0000,0.0000,none,,tracking,0.1013,-0.1220,1,line_curve_center_riding,0.1062,0.1093,0.0585,-0.2044,0.9471,8,0.0508,0.2629,0.3137,-0.0122,-0.1220,IDLE,1,0,step_done_latches_cleared,0,0,0.000,0,nan,nan,nan,0.0000,0,5,0.6050,0.5698,0.4909,0.5698,0.0352,本圈台阶完成,1,0.0000,0.150,0.330
4686.812,SEEK_ROUNDABOUT,40.271,0,2.372,0.0000,0.0000,none,,tracking,0.1520,-0.0949,1,line_curve_center_riding,0.0642,0.0677,0.0090,-0.2240,0.9546,8,0.0587,0.2330,0.2917,-0.0491,-0.0949,IDLE,1,0,step_done_latches_cleared,0,0,0.000,0,nan,nan,nan,0.0000,0,5,0.6050,0.5698,0.4909,0.5698,0.0352,本圈台阶完成,1,0.0000,0.150,0.330
4687.005,SEEK_ROUNDABOUT,40.464,0,2.389,0.0000,0.0000,none,,tracking,0.1700,-0.1063,1,line_curve_center_riding,0.1064,0.1112,0.0311,-0.0798,0.8883,7,0.0801,0.1109,0.1910,0.0208,-0.1063,IDLE,1,0,step_done_latches_cleared,0,0,0.000,0,nan,nan,nan,0.0000,0,5,0.6050,0.5698,0.4909,0.5698,0.0352,本圈台阶完成,1,0.0000,0.150,0.330
4687.175,SEEK_ROUNDABOUT,40.635,0,2.407,0.0000,0.0000,none,,tracking,0.2207,-0.1030,1,line_center_tracking,0.0932,0.1106,0.0482,-0.0456,0.8937,7,0.0624,0.0939,0.1563,0.0377,-0.1030,IDLE,1,0,step_done_latches_cleared,0,0,0.000,0,nan,nan,nan,0.0000,0,5,0.6050,0.5698,0.4909,0.5698,0.0352,本圈台阶完成,1,0.0000,0.150,0.330
4687.364,SEEK_ROUNDABOUT,40.823,0,2.413,0.0000,0.0000,none,,tracking,0.2289,-0.0820,1,line_center_tracking,0.0580,0.0785,0.0052,-0.0639,0.8936,7,0.0733,0.0691,0.1424,0.0066,-0.0820,IDLE,1,0,step_done_latches_cleared,0,0,0.000,0,nan,nan,nan,0.0000,0,5,0.6050,0.5698,0.4909,0.5698,0.0352,本圈台阶完成,1,0.0000,0.150,0.330
4687.559,SEEK_ROUNDABOUT,41.019,0,2.419,0.0000,0.0000,none,,tracking,0.1782,-0.0373,1,line_curve_center_riding,-0.0050,-0.0008,-0.0700,-0.2271,0.9650,8,0.0692,0.1571,0.2263,-0.0993,-0.0373,IDLE,1,0,step_done_latches_cleared,0,0,0.000,0,nan,nan,nan,0.0000,0,5,0.6050,0.5698,0.4909,0.5698,0.0352,本圈台阶完成,1,0.0000,0.150,0.330
4687.756,SEEK_ROUNDABOUT,41.215,0,2.441,0.0000,0.0000,none,,tracking,0.1700,0.0175,1,line_curve_center_riding,-0.0661,-0.0614,-0.1387,-0.3340,0.9575,8,0.0772,0.1953,0.2725,-0.1780,0.0175,IDLE,1,0,step_done_latches_cleared,0,0,0.000,0,nan,nan,nan,0.0000,0,5,0.6050,0.5698,0.4909,0.5698,0.0352,本圈台阶完成,1,0.0000,0.150,0.330
4688.011,SEEK_ROUNDABOUT,41.470,0,2.485,0.0000,0.0000,none,,tracking,0.1700,0.0807,1,line_curve_center_riding,-0.1346,-0.1303,-0.2030,-0.4814,0.8656,7,0.0728,0.2783,0.3511,-0.2716,0.0807,IDLE,1,0,step_done_latches_cleared,0,0,0.000,0,nan,nan,nan,0.0000,0,5,0.6050,0.5698,0.4909,0.5698,0.0352,本圈台阶完成,1,0.0000,0.150,0.330
4688.360,SEEK_ROUNDABOUT,41.819,0,2.565,0.0000,0.0000,none,,tracking,0.1700,0.1280,1,line_curve_center_riding,-0.1657,-0.1601,-0.2530,-0.5098,0.8747,7,0.0929,0.2567,0.3496,-0.3076,0.1280,IDLE,1,0,step_done_latches_cleared,0,0,0.000,0,nan,nan,nan,0.0000,0,5,0.6050,0.5698,0.4909,0.5698,0.0352,本圈台阶完成,1,0.0000,0.150,0.330
4688.741,SEEK_ROUNDABOUT,42.200,0,2.673,0.0000,0.0000,none,,tracking,0.1700,0.1497,1,line_curve_center_riding,-0.1607,-0.1515,-0.3041,-0.5033,0.7814,6,0.1526,0.1992,0.3518,-0.3197,0.1497,IDLE,1,0,step_done_latches_cleared,0,0,0.000,0,nan,nan,nan,0.0000,0,5,0.6050,0.5698,0.4909,0.5698,0.0352,本圈台阶完成,1,0.0000,0.150,0.330
4688.959,SEEK_ROUNDABOUT,42.418,0,2.747,0.0000,0.0000,none,,tracking,0.2041,0.1786,1,line_center_tracking,-0.1913,-0.1601,-0.2713,-0.2713,0.6244,4,0.1111,0.0000,0.1111,-0.2342,0.1786,IDLE,1,0,step_done_latches_cleared,0,0,0.000,0,nan,nan,nan,0.0000,0,5,0.6050,0.5698,0.4909,0.5698,0.0352,本圈台阶完成,1,0.0000,0.150,0.330
4689.141,SEEK_ROUNDABOUT,42.600,0,2.801,0.0000,0.0000,none,,tracking,0.1534,0.1775,1,line_curve_center_riding,-0.1652,-0.1473,-0.4444,-0.7640,0.7461,6,0.2970,0.3196,0.6166,-0.4519,0.1775,IDLE,1,0,step_done_latches_cleared,0,0,0.000,0,nan,nan,nan,0.0000,0,5,0.6050,0.5698,0.4909,0.5698,0.0352,本圈台阶完成,1,0.0000,0.150,0.330
4689.340,SEEK_ROUNDABOUT,42.799,0,2.865,0.0000,0.0000,none,,tracking,0.1700,0.1818,1,line_curve_center_riding,-0.1722,-0.1582,-0.3914,-0.3914,0.5994,4,0.2333,0.0000,0.2333,-0.3137,0.1818,IDLE,1,0,step_done_latches_cleared,0,0,0.000,0,nan,nan,nan,0.0000,0,5,0.6050,0.5698,0.4909,0.5698,0.0352,本圈台阶完成,1,0.0000,0.150,0.330
4689.533,SEEK_ROUNDABOUT,42.993,0,2.928,0.0000,0.0000,none,,tracking,0.1700,0.1977,1,line_curve_center_riding,-0.1968,-0.1805,-0.4517,-0.4517,0.5856,4,0.2712,0.0000,0.2712,-0.3613,0.1977,IDLE,1,0,step_done_latches_cleared,0,0,0.000,0,nan,nan,nan,0.0000,0,5,0.6050,0.5698,0.4909,0.5698,0.0352,本圈台阶完成,1,0.0000,0.150,0.330
4689.715,SEEK_ROUNDABOUT,43.174,0,2.973,0.0000,0.0000,none,,tracking,0.1450,0.2203,1,line_curve_center_riding,-0.2240,-0.2055,-0.5138,-0.5138,0.5718,4,0.3082,0.0000,0.3082,-0.4110,0.2203,IDLE,1,0,step_done_latches_cleared,0,0,0.000,0,nan,nan,nan,0.0000,0,5,0.6050,0.5698,0.4909,0.5698,0.0352,本圈台阶完成,1,0.0000,0.150,0.330
4689.859,SEEK_ROUNDABOUT,43.319,0,3.009,0.0000,0.0000,none,,tracking,0.1700,0.2384,1,line_curve_center_riding,-0.2370,-0.2279,-0.3799,-0.3799,0.4899,3,0.1520,0.0000,0.1520,-0.3292,0.2384,IDLE,1,0,step_done_latches_cleared,0,0,0.000,0,nan,nan,nan,0.0000,0,5,0.6050,0.5698,0.4909,0.5698,0.0352,本圈台阶完成,1,0.0000,0.150,0.330
4690.062,SEEK_ROUNDABOUT,43.521,0,3.052,0.0000,0.0000,none,,tracking,0.1450,0.2577,1,line_curve_center_riding,-0.2570,-0.2369,-0.5713,-0.5713,0.5626,4,0.3344,0.0000,0.3344,-0.4598,0.2577,IDLE,1,0,step_done_latches_cleared,0,0,0.000,0,nan,nan,nan,0.0000,0,5,0.6050,0.5698,0.4909,0.5698,0.0352,本圈台阶完成,1,0.0000,0.150,0.330
4690.447,SEEK_ROUNDABOUT,43.906,0,3.113,0.0000,0.0000,none,,tracking,0.1450,0.2287,1,line_curve_center_riding,-0.1865,-0.1647,-0.5279,-0.5279,0.5566,4,0.3631,0.0000,0.3631,-0.4068,0.2287,IDLE,1,0,step_done_latches_cleared,0,0,0.000,0,nan,nan,nan,0.0000,0,5,0.6050,0.5698,0.4909,0.5698,0.0352,本圈台阶完成,1,0.0000,0.150,0.330
4690.616,SEEK_ROUNDABOUT,44.075,0,3.130,0.0000,0.0000,none,,tracking,0.1450,0.1744,1,line_curve_center_riding,-0.1155,-0.0915,-0.4915,-0.4915,0.5533,4,0.4000,0.0000,0.4000,-0.3582,0.1744,IDLE,1,0,step_done_latches_cleared,0,0,0.000,0,nan,nan,nan,0.0000,0,5,0.6050,0.5698,0.4909,0.5698,0.0352,本圈台阶完成,1,0.0000,0.150,0.330
4691.086,SEEK_ROUNDABOUT,44.546,0,3.147,0.6000,0.0000,none,,tracking,0.1450,0.1101,1,line_curve_center_riding,-0.0370,-0.0022,-0.5821,-0.7125,0.6183,5,0.5799,0.1304,0.7103,-0.4323,0.1101,IDLE,1,0,step_done_latches_cleared,0,0,0.000,0,nan,nan,nan,0.0000,0,5,0.6050,0.5698,0.4909,0.5698,0.0352,本圈台阶完成,1,0.0000,0.150,0.330
4691.270,SEEK_ROUNDABOUT,44.729,0,3.148,0.0000,0.0000,none,,tracking,0.1450,0.0274,1,line_recenter_transition,0.0463,0.0572,-0.4863,-0.6272,0.6241,5,0.5436,0.1409,0.6844,-0.3521,0.0274,IDLE,1,0,step_done_latches_cleared,0,0,0.000,0,nan,nan,nan,0.0000,0,5,0.6050,0.5698,0.4909,0.5698,0.0352,本圈台阶完成,1,0.0000,0.150,0.330
4691.465,SEEK_ROUNDABOUT,44.924,0,3.153,0.0000,0.0000,none,,tracking,0.1450,-0.0241,1,line_recenter_transition,0.0722,0.0825,-0.4349,-0.5475,0.6303,5,0.5174,0.1126,0.6300,-0.2999,-0.0241,IDLE,1,0,step_done_latches_cleared,0,0,0.000,0,nan,nan,nan,0.0000,0,5,0.6050,0.5698,0.4909,0.5698,0.0352,本圈台阶完成,1,0.0000,0.150,0.330
4691.654,SEEK_ROUNDABOUT,45.113,0,3.160,0.0000,0.0000,none,,tracking,0.1450,-0.0546,1,line_recenter_transition,0.0803,0.0905,-0.4235,-0.5299,0.6316,5,0.5140,0.1064,0.6205,-0.2876,-0.0546,IDLE,1,0,step_done_latches_cleared,0,0,0.000,0,nan,nan,nan,0.0000,0,5,0.6050,0.5698,0.4909,0.5698,0.0352,本圈台阶完成,1,0.0000,0.150,0.330
4691.821,SEEK_ROUNDABOUT,45.280,0,3.169,0.0000,0.0000,none,,tracking,0.1450,-0.0550,1,line_recenter_transition,0.0537,0.0635,-0.4285,-0.5163,0.6369,5,0.4920,0.0879,0.5799,-0.2938,-0.0550,IDLE,1,0,step_done_latches_cleared,0,0,0.000,0,nan,nan,nan,0.0000,0,5,0.6050,0.5698,0.4909,0.5698,0.0352,本圈台阶完成,1,0.0000,0.150,0.330
4691.956,SEEK_ROUNDABOUT,45.416,0,3.180,0.0000,0.0000,none,,tracking,0.1407,-0.0531,1,line_recenter_transition,0.0479,0.0607,-0.5784,-0.7157,0.6072,5,0.6391,0.1373,0.7764,-0.4111,-0.0531,IDLE,1,0,step_done_latches_cleared,0,0,0.000,0,nan,nan,nan,0.0000,0,5,0.6050,0.5698,0.4909,0.5698,0.0352,本圈台阶完成,1,0.0000,0.150,0.330
4692.161,SEEK_ROUNDABOUT,45.620,0,3.197,0.0000,0.0000,none,,tracking,0.1450,-0.0039,1,line_curve_center_riding,-0.0387,-0.0130,-0.4407,-0.4407,0.5452,4,0.4277,0.0000,0.4277,-0.2981,-0.0039,IDLE,1,0,step_done_latches_cleared,0,0,0.000,0,nan,nan,nan,0.0000,0,5,0.6050,0.5698,0.4909,0.5698,0.0352,本圈台阶完成,1,0.0000,0.150,0.330
4692.406,SEEK_ROUNDABOUT,45.865,0,3.219,0.0000,0.0000,none,,tracking,0.1450,0.0917,1,line_curve_center_riding,-0.1723,-0.1484,-0.5479,-0.5479,0.5416,4,0.3995,0.0000,0.3995,-0.4147,0.0917,IDLE,1,0,step_done_latches_cleared,0,0,0.000,0,nan,nan,nan,0.0000,0,5,0.6050,0.5698,0.4909,0.5698,0.0352,本圈台阶完成,1,0.0000,0.150,0.330
4692.779,SEEK_ROUNDABOUT,46.238,0,3.283,0.0000,0.0000,none,,tracking,0.1700,0.2401,1,line_curve_center_riding,-0.3648,-0.3500,-0.5956,-0.5956,0.4354,3,0.2455,0.0000,0.2455,-0.5137,0.2401,IDLE,1,0,step_done_latches_cleared,0,0,0.000,0,nan,nan,nan,0.0000,0,5,0.6050,0.5698,0.4909,0.5698,0.0352,本圈台阶完成,1,0.0000,0.150,0.330
4693.105,SEEK_ROUNDABOUT,46.564,0,3.344,0.0000,0.0000,none,,tracking,0.1193,0.4174,1,line_hard_turn_centering,-0.5538,-0.5508,-0.5807,-0.5807,0.3909,2,0.0299,0.0000,0.0299,-0.5707,0.4174,IDLE,1,0,step_done_latches_cleared,0,0,0.000,0,nan,nan,nan,0.0000,0,5,0.6050,0.5698,0.4909,0.5698,0.0352,本圈台阶完成,1,0.0000,0.150,0.330
4693.307,SEEK_ROUNDABOUT,46.766,0,3.385,0.0000,0.0000,none,,line_bridge_loss,0.0687,0.1670,0,line_too_few_bands,0.0000,0.0000,0.0000,0.0000,0.0000,1,0.0000,0.0000,0.0000,0.0000,0.1670,IDLE,1,0,step_done_latches_cleared,0,0,0.000,0,nan,nan,nan,0.0000,0,5,0.6050,0.5698,0.4909,0.5698,0.0352,本圈台阶完成,1,0.0000,0.150,0.330
4693.505,SEEK_ROUNDABOUT,46.964,0,3.427,0.0000,0.0000,none,,tracking,0.1050,0.5003,1,line_hard_turn_centering,-0.7145,-0.7106,-0.7493,-0.7493,0.3662,2,0.0387,0.0000,0.0387,-0.7364,0.5003,IDLE,1,0,step_done_latches_cleared,0,0,0.000,0,nan,nan,nan,0.0000,0,5,0.6050,0.5698,0.4909,0.5698,0.0352,本圈台阶完成,1,0.0000,0.150,0.330
4693.708,SEEK_ROUNDABOUT,47.167,0,3.478,0.0000,0.0000,none,,line_bridge_loss,0.0543,0.2240,0,line_too_few_bands,0.0000,0.0000,0.0000,0.0000,0.0000,0,0.0000,0.0000,0.0000,0.0000,0.2240,IDLE,1,0,step_done_latches_cleared,0,0,0.000,0,nan,nan,nan,0.0000,0,5,0.6050,0.5698,0.4909,0.5698,0.0352,本圈台阶完成,1,0.0000,0.150,0.330
4693.900,SEEK_ROUNDABOUT,47.359,0,3.526,0.0000,0.0000,none,,tracking,0.0850,0.4200,1,line_edge_single_rescue,-0.7091,-0.7091,-0.7091,-0.7091,0.3100,1,0.0000,0.0000,0.0000,-0.7091,0.4200,IDLE,1,0,step_done_latches_cleared,0,0,0.000,0,nan,nan,nan,0.0000,0,5,0.6050,0.5698,0.4909,0.5698,0.0352,本圈台阶完成,1,0.0000,0.150,0.330
4694.069,SEEK_ROUNDABOUT,47.528,0,3.570,0.0000,0.0000,none,,tracking,0.0850,0.4200,1,line_edge_single_rescue,-0.7459,-0.7459,-0.7459,-0.7459,0.3100,1,0.0000,0.0000,0.0000,-0.7459,0.4200,IDLE,1,0,step_done_latches_cleared,0,0,0.000,0,nan,nan,nan,0.0000,0,5,0.6050,0.5698,0.4909,0.5698,0.0352,本圈台阶完成,1,0.0000,0.150,0.330
4694.251,SEEK_ROUNDABOUT,47.710,0,3.600,0.0000,0.0000,none,,tracking,0.0850,0.4200,1,line_edge_single_rescue,-0.6882,-0.6882,-0.6882,-0.6882,0.3100,1,0.0000,0.0000,0.0000,-0.6882,0.4200,IDLE,1,0,step_done_latches_cleared,0,0,0.000,0,nan,nan,nan,0.0000,0,5,0.6050,0.5698,0.4909,0.5698,0.0352,本圈台阶完成,1,0.0000,0.150,0.330
4694.417,SEEK_ROUNDABOUT,47.876,0,3.622,0.0000,0.0000,none,,line_bridge_loss,0.0350,0.1680,0,line_too_few_bands,0.0000,0.0000,0.0000,0.0000,0.0000,0,0.0000,0.0000,0.0000,0.0000,0.1680,IDLE,1,0,step_done_latches_cleared,0,0,0.000,0,nan,nan,nan,0.0000,0,5,0.6050,0.5698,0.4909,0.5698,0.0352,本圈台阶完成,1,0.0000,0.150,0.330
4694.854,SEEK_ROUNDABOUT,48.313,0,3.634,0.0000,0.0000,none,,tracking,0.0857,0.5013,1,line_center_tracking,-0.3685,-0.3653,-0.3769,-0.3769,0.4422,2,0.0117,0.0000,0.0117,-0.3730,0.5013,IDLE,1,0,step_done_latches_cleared,0,0,0.000,0,nan,nan,nan,0.0000,0,5,0.6050,0.5698,0.4909,0.5698,0.0352,本圈台阶完成,1,0.0000,0.150,0.330
4695.071,SEEK_ROUNDABOUT,48.530,0,3.646,0.8785,1.0000,none,,tracking,0.1363,0.4044,1,line_curve_center_riding,-0.2264,-0.2110,-0.4676,-0.4963,0.5865,4,0.2565,0.0287,0.2852,-0.3916,0.4044,IDLE,1,0,step_done_latches_cleared,0,0,0.000,0,nan,nan,nan,0.0000,0,5,0.6050,0.5698,0.4909,0.5698,0.0352,本圈台阶完成,1,0.0000,0.150,0.330
4695.233,SEEK_ROUNDABOUT,48.692,0,3.653,0.0000,0.7000,none,,tracking,0.1700,0.2467,1,line_curve_center_riding,-0.0885,-0.0733,-0.3270,-0.3529,0.6786,5,0.2538,0.0259,0.2797,-0.2511,0.2467,IDLE,1,0,step_done_latches_cleared,0,0,0.000,0,nan,nan,nan,0.0000,0,5,0.6050,0.5698,0.4909,0.5698,0.0352,本圈台阶完成,1,0.0000,0.150,0.330
4695.387,SEEK_ROUNDABOUT,48.846,0,3.661,0.8673,1.7000,none,,tracking,0.1700,0.0966,1,line_curve_center_riding,0.0457,0.0600,-0.1788,-0.3692,0.6757,5,0.2388,0.1904,0.4292,-0.1627,0.0966,IDLE,1,0,step_done_latches_cleared,0,0,0.000,0,nan,nan,nan,0.0000,0,5,0.6050,0.5698,0.4909,0.5698,0.0352,本圈台阶完成,1,0.0000,0.150,0.330
4695.538,ROUNDABOUT_APPROACH,0.000,0,3.669,0.8633,0.0000,vision,3.669,tracking,0.2193,-0.1194,1,line_center_tracking,0.1105,0.1365,0.0438,0.0438,0.5149,3,0.0927,0.0000,0.0927,0.0747,-0.1194,IDLE,1,0,step_done_latches_cleared,0,0,0.000,0,nan,nan,nan,0.0000,0,5,0.6050,0.5698,0.4909,0.5698,0.0352,本圈台阶完成,1,0.0000,0.150,0.330
4695.988,ROUNDABOUT_APPROACH,0.450,0,3.669,0.9471,0.0000,vision,3.669,tracking,0.2089,-0.1600,1,line_center_tracking,0.1861,0.2101,0.1242,0.1242,0.5185,3,0.0859,0.0000,0.0859,0.1528,-0.1600,IDLE,1,0,step_done_latches_cleared,0,0,0.000,0,nan,nan,nan,0.0000,0,5,0.6050,0.5698,0.4909,0.5698,0.0352,本圈台阶完成,1,0.0000,0.150,0.330
4696.151,ROUNDABOUT_APPROACH,0.612,0,3.669,0.8715,0.0000,vision,3.669,tracking,0.1582,-0.1838,1,line_recenter_transition,0.1909,0.1967,-0.0934,-0.4099,0.7441,6,0.2902,0.3165,0.6066,-0.1022,-0.1838,IDLE,1,0,step_done_latches_cleared,0,0,0.000,0,nan,nan,nan,0.0000,0,5,0.6050,0.5698,0.4909,0.5698,0.0352,本圈台阶完成,1,0.0000,0.150,0.330
4696.278,ROUNDABOUT_APPROACH,0.740,0,3.669,0.9535,0.0000,vision,3.669,tracking,0.1700,-0.1611,1,line_curve_center_riding,0.1333,0.1474,-0.0875,-0.2677,0.7699,6,0.2349,0.1803,0.4152,-0.0693,-0.1611,IDLE,1,0,step_done_latches_cleared,0,0,0.000,0,nan,nan,nan,0.0000,0,5,0.6050,0.5698,0.4909,0.5698,0.0352,本圈台阶完成,1,0.0000,0.150,0.330
4696.406,ROUNDABOUT_APPROACH,0.868,0,3.669,0.9296,0.0000,vision,3.669,tracking,0.1700,-0.1274,1,line_curve_center_riding,0.0898,0.1040,-0.1331,-0.2923,0.9492,8,0.2371,0.1592,0.3963,-0.1071,-0.1274,IDLE,1,0,step_done_latches_cleared,0,0,0.000,0,nan,nan,nan,0.0000,0,5,0.6050,0.5698,0.4909,0.5698,0.0352,本圈台阶完成,1,0.0000,0.150,0.330
4696.548,ROUNDABOUT_APPROACH,1.010,0,3.669,0.8499,0.0000,vision,3.669,tracking,0.1700,-0.0669,1,line_curve_center_riding,0.0102,0.0224,-0.1800,-0.2734,0.4893,3,0.2023,0.0934,0.2957,-0.1437,-0.0669,IDLE,1,0,step_done_latches_cleared,0,0,0.000,0,nan,nan,nan,0.0000,0,5,0.6050,0.5698,0.4909,0.5698,0.0352,本圈台阶完成,1,0.0000,0.150,0.330
4696.674,ROUNDABOUT_APPROACH,1.135,0,3.669,0.9278,0.0000,vision,3.669,tracking,0.1450,0.0204,1,line_curve_center_riding,-0.0921,-0.0769,-0.3292,-0.6866,0.5452,4,0.2523,0.3573,0.6096,-0.3643,0.0204,IDLE,1,0,step_done_latches_cleared,0,0,0.000,0,nan,nan,nan,0.0000,0,5,0.6050,0.5698,0.4909,0.5698,0.0352,本圈台阶完成,1,0.0000,0.150,0.330
4696.805,ROUNDABOUT_APPROACH,1.267,0,3.669,0.8845,0.0000,vision,3.669,tracking,0.1700,0.0861,1,line_curve_center_riding,-0.1401,-0.1289,-0.3152,-0.4600,0.9527,8,0.1863,0.1449,0.3312,-0.3014,0.0861,IDLE,1,0,step_done_latches_cleared,0,0,0.000,0,nan,nan,nan,0.0000,0,5,0.6050,0.5698,0.4909,0.5698,0.0352,本圈台阶完成,1,0.0000,0.150,0.330
4696.945,ROUNDABOUT_APPROACH,1.407,0,3.669,0.9189,0.0000,vision,3.669,tracking,0.1700,0.1544,1,line_curve_center_riding,-0.2044,-0.1943,-0.3623,-0.4996,0.6925,5,0.1680,0.1373,0.3053,-0.3520,0.1544,IDLE,1,0,step_done_latches_cleared,0,0,0.000,0,nan,nan,nan,0.0000,0,5,0.6050,0.5698,0.4909,0.5698,0.0352,本圈台阶完成,1,0.0000,0.150,0.330
4697.078,ROUNDABOUT_APPROACH,1.540,0,3.669,0.8774,0.0000,vision,3.669,tracking,0.1700,0.1998,1,line_curve_center_riding,-0.2272,-0.2178,-0.3750,-0.5105,0.6946,5,0.1572,0.1355,0.2927,-0.3678,0.1998,IDLE,1,0,step_done_latches_cleared,0,0,0.000,0,nan,nan,nan,0.0000,0,5,0.6050,0.5698,0.4909,0.5698,0.0352,本圈台阶完成,1,0.0000,0.150,0.330
4697.211,ROUNDABOUT_APPROACH,1.673,0,3.669,0.0000,0.0000,vision,3.669,tracking,0.1700,0.2321,1,line_curve_center_riding,-0.2450,-0.2367,-0.3760,-0.4476,0.7047,5,0.1393,0.0717,0.2110,-0.3534,0.2321,IDLE,1,0,step_done_latches_cleared,0,0,0.000,0,nan,nan,nan,0.0000,0,5,0.6050,0.5698,0.4909,0.5698,0.0352,本圈台阶完成,1,0.0000,0.150,0.330
4697.339,ROUNDABOUT_APPROACH,1.801,0,3.669,0.6000,0.0000,vision,3.669,tracking,0.1700,0.2536,1,line_curve_center_riding,-0.2549,-0.2449,-0.4115,-0.5437,0.8659,7,0.1666,0.1322,0.2987,-0.4000,0.2536,IDLE,1,0,step_done_latches_cleared,0,0,0.000,0,nan,nan,nan,0.0000,0,5,0.6050,0.5698,0.4909,0.5698,0.0352,本圈台阶完成,1,0.0000,0.150,0.330
4697.475,ROUNDABOUT_APPROACH,1.937,0,3.669,0.6000,0.0000,vision,3.669,tracking,0.1763,0.2866,1,line_center_tracking,-0.2939,-0.2625,-0.3747,-0.4445,0.7986,6,0.1122,0.0698,0.1820,-0.3606,0.2866,IDLE,1,0,step_done_latches_cleared,0,0,0.000,0,nan,nan,nan,0.0000,0,5,0.6050,0.5698,0.4909,0.5698,0.0352,本圈台阶完成,1,0.0000,0.150,0.330
4697.611,ROUNDABOUT_APPROACH,2.073,0,3.669,0.6000,0.0000,vision,3.669,tracking,0.1700,0.2617,1,line_curve_center_riding,-0.2256,-0.2124,-0.4333,-0.4948,0.5942,4,0.2209,0.0615,0.2824,-0.3801,0.2617,IDLE,1,0,step_done_latches_cleared,0,0,0.000,0,nan,nan,nan,0.0000,0,5,0.6050,0.5698,0.4909,0.5698,0.0352,本圈台阶完成,1,0.0000,0.150,0.330
4697.741,ROUNDABOUT_APPROACH,2.203,0,3.669,0.8000,0.0000,vision,3.669,tracking,0.1813,0.2673,1,line_center_tracking,-0.2501,-0.2233,-0.3192,-0.3920,0.7170,5,0.0959,0.0729,0.1687,-0.3115,0.2673,IDLE,1,0,step_done_latches_cleared,0,0,0.000,0,nan,nan,nan,0.0000,0,5,0.6050,0.5698,0.4909,0.5698,0.0352,本圈台阶完成,1,0.0000,0.150,0.330
4697.872,ROUNDABOUT_APPROACH,2.334,0,3.669,0.6000,0.0000,vision,3.669,tracking,0.1810,0.2683,1,line_center_tracking,-0.2495,-0.2207,-0.3234,-0.2918,0.5853,4,0.1027,0.0316,0.0711,-0.2787,0.2683,IDLE,1,0,step_done_latches_cleared,0,0,0.000,0,nan,nan,nan,0.0000,0,5,0.6050,0.5698,0.4909,0.5698,0.0352,本圈台阶完成,1,0.0000,0.150,0.330
4698.006,ROUNDABOUT_APPROACH,2.468,0,3.669,0.8000,0.0000,vision,3.669,tracking,0.1461,0.4039,1,line_curve_center_riding,-0.4812,-0.4968,-0.2357,-0.2740,0.7731,6,0.2612,0.0383,0.2229,-0.3355,0.4039,IDLE,1,0,step_done_latches_cleared,0,0,0.000,0,nan,nan,nan,0.0000,0,5,0.6050,0.5698,0.4909,0.5698,0.0352,本圈台阶完成,1,0.0000,0.150,0.330
4698.136,ROUNDABOUT_APPROACH,2.598,0,3.669,0.4000,0.0000,vision,3.669,tracking,0.1700,0.2346,1,line_curve_center_riding,-0.0963,-0.0811,-0.3347,-0.3347,0.3454,2,0.2535,0.0000,0.2535,-0.2501,0.2346,IDLE,1,0,step_done_latches_cleared,0,0,0.000,0,nan,nan,nan,0.0000,0,5,0.6050,0.5698,0.4909,0.5698,0.0352,本圈台阶完成,1,0.0000,0.150,0.330
4698.283,ROUNDABOUT_APPROACH,2.745,0,3.669,0.8728,0.0000,vision,3.669,tracking,0.1882,0.2404,1,line_center_tracking,-0.2132,-0.2074,-0.2279,-0.2279,0.4175,2,0.0204,0.0000,0.0204,-0.2211,0.2404,IDLE,1,0,step_done_latches_cleared,0,0,0.000,0,nan,nan,nan,0.0000,0,5,0.6050,0.5698,0.4909,0.5698,0.0352,本圈台阶完成,1,0.0000,0.150,0.330
4698.418,ROUNDABOUT_APPROACH,2.880,0,3.669,0.8881,0.0000,vision,3.669,tracking,0.2112,0.1509,1,line_center_tracking,-0.0679,-0.0951,0.0019,-0.0892,0.7009,5,0.0970,0.0912,0.0058,-0.0608,0.1509,IDLE,1,0,step_done_latches_cleared,0,0,0.000,0,nan,nan,nan,0.0000,0,5,0.6050,0.5698,0.4909,0.5698,0.0352,本圈台阶完成,1,0.0000,0.150,0.330
4698.549,ROUNDABOUT_APPROACH,3.011,0,3.669,0.8745,0.0000,vision,3.669,tracking,0.1700,0.0944,1,line_curve_center_riding,-0.0353,-0.0432,0.0893,0.0214,0.7720,6,0.1326,0.0679,0.0647,0.0225,0.0944,IDLE,1,0,step_done_latches_cleared,0,0,0.000,0,nan,nan,nan,0.0000,0,5,0.6050,0.5698,0.4909,0.5698,0.0352,本圈台阶完成,1,0.0000,0.150,0.330
4698.693,ROUNDABOUT_APPROACH,3.155,0,3.669,0.8998,0.0000,vision,3.669,tracking,0.2207,0.0117,1,line_center_tracking,0.0616,0.0737,0.0307,0.0462,0.7978,6,0.0430,0.0155,0.0274,0.0502,0.0117,IDLE,1,0,step_done_latches_cleared,0,0,0.000,0,nan,nan,nan,0.0000,0,5,0.6050,0.5698,0.4909,0.5698,0.0352,本圈台阶完成,1,0.0000,0.150,0.330
4698.820,ROUNDABOUT_APPROACH,3.282,0,3.669,0.6000,0.0000,vision,3.669,tracking,0.1721,-0.0635,1,line_curve_center_riding,0.1248,0.1287,0.0633,-0.1202,0.6864,5,0.0654,0.1835,0.2489,0.0239,-0.0635,IDLE,1,0,step_done_latches_cleared,0,0,0.000,0,nan,nan,nan,0.0000,0,5,0.6050,0.5698,0.4909,0.5698,0.0352,本圈台阶完成,1,0.0000,0.150,0.330
4698.953,ROUNDABOUT_APPROACH,3.414,0,3.669,0.9139,0.0000,vision,3.669,tracking,0.2223,-0.0847,1,line_center_tracking,0.1028,0.0894,0.1371,0.0897,0.7181,5,0.0477,0.0474,0.0003,0.1054,-0.0847,IDLE,1,0,step_done_latches_cleared,0,0,0.000,0,nan,nan,nan,0.0000,0,5,0.6050,0.5698,0.4909,0.5698,0.0352,本圈台阶完成,1,0.0000,0.150,0.330
4699.100,ROUNDABOUT_APPROACH,3.562,0,3.669,0.8680,0.0000,vision,3.669,tracking,0.2230,-0.1051,1,line_center_tracking,0.1166,0.1118,0.1289,0.1099,0.8161,6,0.0171,0.0190,0.0019,0.1169,-0.1051,IDLE,1,0,step_done_latches_cleared,0,0,0.000,0,nan,nan,nan,0.0000,0,5,0.6050,0.5698,0.4909,0.5698,0.0352,本圈台阶完成,1,0.0000,0.150,0.330
4699.247,ROUNDABOUT_APPROACH,3.709,0,3.669,0.8351,0.0000,vision,3.669,tracking,0.2238,-0.1017,1,line_center_tracking,0.0934,0.0873,0.1092,0.0888,0.7285,5,0.0219,0.0204,0.0015,0.0951,-0.1017,IDLE,1,0,step_done_latches_cleared,0,0,0.000,0,nan,nan,nan,0.0000,0,5,0.6050,0.5698,0.4909,0.5698,0.0352,本圈台阶完成,1,0.0000,0.150,0.330
4699.374,ROUNDABOUT_APPROACH,3.836,0,3.669,0.9085,0.0000,vision,3.669,line_bridge_loss,0.1754,-0.0407,0,line_too_few_bands,0.0000,0.0000,0.0000,0.0000,0.0000,1,0.0000,0.0000,0.0000,0.0000,-0.0407,IDLE,1,0,step_done_latches_cleared,0,0,0.000,0,nan,nan,nan,0.0000,0,5,0.6050,0.5698,0.4909,0.5698,0.0352,本圈台阶完成,1,0.0000,0.150,0.330
4699.501,ROUNDABOUT_APPROACH,3.963,0,3.669,0.9116,0.0000,vision,3.669,tracking,0.2234,-0.0771,1,line_center_tracking,0.0495,0.0500,0.0482,0.0402,0.8093,6,0.0018,0.0080,0.0098,0.0462,-0.0771,IDLE,1,0,step_done_latches_cleared,0,0,0.000,0,nan,nan,nan,0.0000,0,5,0.6050,0.5698,0.4909,0.5698,0.0352,本圈台阶完成,1,0.0000,0.150,0.330
4699.635,ROUNDABOUT_APPROACH,4.096,0,3.669,0.9057,0.0000,vision,3.669,tracking,0.2351,-0.0581,1,line_center_tracking,0.0377,0.0391,0.0340,0.0217,0.8073,6,0.0051,0.0122,0.0173,0.0316,-0.0581,IDLE,1,0,step_done_latches_cleared,0,0,0.000,0,nan,nan,nan,0.0000,0,5,0.6050,0.5698,0.4909,0.5698,0.0352,本圈台阶完成,1,0.0000,0.150,0.330
4699.767,ROUNDABOUT_APPROACH,4.229,0,3.669,0.9056,0.0000,vision,3.669,tracking,0.2376,-0.0484,1,line_center_tracking,0.0353,0.0507,-0.0044,-0.0091,0.6323,4,0.0551,0.0048,0.0598,0.0124,-0.0484,IDLE,1,0,step_done_latches_cleared,0,0,0.000,0,nan,nan,nan,0.0000,0,5,0.6050,0.5698,0.4909,0.5698,0.0352,本圈台阶完成,1,0.0000,0.150,0.330
4699.899,ROUNDABOUT_APPROACH,4.361,0,3.669,0.9060,0.0000,vision,3.669,tracking,0.1873,-0.0439,1,line_curve_center_riding,0.0361,0.0355,0.0442,-0.4121,0.6167,5,0.0087,0.4563,0.4476,-0.1108,-0.0439,IDLE,1,0,step_done_latches_cleared,0,0,0.000,0,nan,nan,nan,0.0000,0,5,0.6050,0.5698,0.4909,0.5698,0.0352,本圈台阶完成,1,0.0000,0.150,0.330
4700.041,ROUNDABOUT_APPROACH,4.502,0,3.669,0.9092,0.0000,vision,3.669,tracking,0.1450,-0.0360,1,line_curve_center_riding,0.0265,0.0273,0.0143,-0.4575,0.6096,5,0.0130,0.4718,0.4848,-0.1386,-0.0360,IDLE,1,0,step_done_latches_cleared,0,0,0.000,0,nan,nan,nan,0.0000,0,5,0.6050,0.5698,0.4909,0.5698,0.0352,本圈台阶完成,1,0.0000,0.150,0.330
4700.177,ROUNDABOUT_APPROACH,4.639,0,3.669,0.8317,0.0000,vision,3.669,line_bridge_loss,0.0943,-0.0144,0,line_too_few_bands,0.0000,0.0000,0.0000,0.0000,0.0000,1,0.0000,0.0000,0.0000,0.0000,-0.0144,IDLE,1,0,step_done_latches_cleared,0,0,0.000,0,nan,nan,nan,0.0000,0,5,0.6050,0.5698,0.4909,0.5698,0.0352,本圈台阶完成,1,0.0000,0.150,0.330
4700.307,ROUNDABOUT_APPROACH,4.769,0,3.669,0.9148,0.0000,vision,3.669,tracking,0.1437,-0.0240,1,line_curve_center_riding,0.0108,0.0118,-0.0043,-0.4290,0.5668,4,0.0161,0.4247,0.4408,-0.1405,-0.0240,IDLE,1,0,step_done_latches_cleared,0,0,0.000,0,nan,nan,nan,0.0000,0,5,0.6050,0.5698,0.4909,0.5698,0.0352,本圈台阶完成,1,0.0000,0.150,0.330
4700.521,ROUNDABOUT_APPROACH,4.983,0,3.669,0.8674,0.0000,vision,3.669,tracking,0.1944,-0.0088,1,line_center_tracking,-0.0057,0.0094,-0.0443,-0.0857,0.8915,7,0.0536,0.0414,0.0950,-0.0402,-0.0088,IDLE,1,0,step_done_latches_cleared,0,0,0.000,0,nan,nan,nan,0.0000,0,5,0.6050,0.5698,0.4909,0.5698,0.0352,本圈台阶完成,1,0.0000,0.150,0.330
4700.677,ROUNDABOUT_APPROACH,5.139,0,3.669,0.9057,0.0000,vision,3.669,tracking,0.2405,0.0136,1,line_center_tracking,-0.0318,-0.0163,-0.0718,-0.0729,0.7223,5,0.0555,0.0012,0.0567,-0.0537,0.0136,IDLE,1,0,step_done_latches_cleared,0,0,0.000,0,nan,nan,nan,0.0000,0,5,0.6050,0.5698,0.4909,0.5698,0.0352,本圈台阶完成,1,0.0000,0.150,0.330
4700.849,ROUNDABOUT_APPROACH,5.311,0,3.669,0.9037,0.0000,vision,3.669,tracking,0.1898,-0.0004,1,line_curve_center_riding,0.0101,0.0206,-0.1545,-0.5769,0.7538,6,0.1751,0.4224,0.5975,-0.2369,-0.0004,IDLE,1,0,step_done_latches_cleared,0,0,0.000,0,nan,nan,nan,0.0000,0,5,0.6050,0.5698,0.4909,0.5698,0.0352,本圈台阶完成,1,0.0000,0.150,0.330
4700.983,ROUNDABOUT_APPROACH,5.445,0,3.669,0.9124,0.0000,vision,3.669,tracking,0.1450,0.0469,1,line_curve_center_riding,-0.0799,-0.0768,-0.1280,-0.8942,0.6034,5,0.0512,0.7662,0.8174,-0.3664,0.0469,IDLE,1,0,step_done_latches_cleared,0,0,0.000,0,nan,nan,nan,0.0000,0,5,0.6050,0.5698,0.4909,0.5698,0.0352,本圈台阶完成,1,0.0000,0.150,0.330
4701.085,ROUNDABOUT_APPROACH,5.547,0,3.669,0.9346,0.0000,vision,3.669,tracking,0.1836,0.0503,1,line_center_tracking,-0.0529,-0.0424,-0.0797,-0.0827,0.8800,7,0.0373,0.0030,0.0403,-0.0683,0.0503,IDLE,1,0,step_done_latches_cleared,0,0,0.000,0,nan,nan,nan,0.0000,0,5,0.6050,0.5698,0.4909,0.5698,0.0352,本圈台阶完成,1,0.0000,0.150,0.330
4701.240,ROUNDABOUT_APPROACH,5.701,0,3.669,0.9308,0.0000,vision,3.669,tracking,0.1450,0.0646,1,line_curve_center_riding,-0.0725,-0.0604,-0.2617,-0.5662,0.5497,4,0.2013,0.3045,0.5058,-0.2961,0.0646,IDLE,1,0,step_done_latches_cleared,0,0,0.000,0,nan,nan,nan,0.0000,0,5,0.6050,0.5698,0.4909,0.5698,0.0352,本圈台阶完成,1,0.0000,0.150,0.330
4701.411,ROUNDABOUT_APPROACH,5.873,0,3.669,0.9467,0.0000,vision,3.669,tracking,0.1957,0.0479,1,line_center_tracking,-0.0317,-0.0322,-0.0304,-0.0428,0.8104,6,0.0018,0.0124,0.0106,-0.0351,0.0479,IDLE,1,0,step_done_latches_cleared,0,0,0.000,0,nan,nan,nan,0.0000,0,5,0.6050,0.5698,0.4909,0.5698,0.0352,本圈台阶完成,1,0.0000,0.150,0.330
4701.541,ROUNDABOUT_APPROACH,6.003,0,3.669,0.9330,0.0000,vision,3.669,tracking,0.1461,0.0523,1,line_curve_center_riding,-0.0509,-0.0325,-0.3398,-0.6901,0.6252,5,0.3074,0.3502,0.6576,-0.3541,0.0523,IDLE,1,0,step_done_latches_cleared,0,0,0.000,0,nan,nan,nan,0.0000,0,5,0.6050,0.5698,0.4909,0.5698,0.0352,本圈台阶完成,1,0.0000,0.150,0.330
4701.678,ROUNDABOUT_APPROACH,6.140,0,3.669,0.8955,0.0000,vision,3.669,tracking,0.1700,0.0547,1,line_curve_center_riding,-0.0529,-0.0424,-0.2164,-0.2164,0.4699,3,0.1739,0.0000,0.1739,-0.1584,0.0547,IDLE,1,0,step_done_latches_cleared,0,0,0.000,0,nan,nan,nan,0.0000,0,5,0.6050,0.5698,0.4909,0.5698,0.0352,本圈台阶完成,1,0.0000,0.150,0.330
4701.817,ROUNDABOUT_APPROACH,6.279,0,3.669,0.8624,0.0000,vision,3.669,tracking,0.1700,0.0728,1,line_curve_center_riding,-0.0820,-0.0660,-0.3320,-0.3320,0.4604,3,0.2659,0.0000,0.2659,-0.2433,0.0728,IDLE,1,0,step_done_latches_cleared,0,0,0.000,0,nan,nan,nan,0.0000,0,5,0.6050,0.5698,0.4909,0.5698,0.0352,本圈台阶完成,1,0.0000,0.150,0.330
4701.960,ROUNDABOUT_APPROACH,6.422,0,3.669,0.8851,0.0000,vision,3.669,tracking,0.2207,0.0808,1,line_center_tracking,-0.0827,-0.1079,-0.0181,0.0151,0.6860,5,0.0898,0.0332,0.1230,-0.0370,0.0808,IDLE,1,0,step_done_latches_cleared,0,0,0.000,0,nan,nan,nan,0.0000,0,5,0.6050,0.5698,0.4909,0.5698,0.0352,本圈台阶完成,1,0.0000,0.150,0.330
4702.099,ROUNDABOUT_APPROACH,6.561,0,3.669,0.8000,0.0000,vision,3.669,tracking,0.2393,0.0416,1,line_center_tracking,-0.0081,-0.0206,0.0241,0.0241,0.3493,2,0.0447,0.0000,0.0447,0.0092,0.0416,IDLE,1,0,step_done_latches_cleared,0,0,0.000,0,nan,nan,nan,0.0000,0,5,0.6050,0.5698,0.4909,0.5698,0.0352,本圈台阶完成,1,0.0000,0.150,0.330
4702.229,ROUNDABOUT,0.000,0,3.669,0.9148,0.0000,vision,3.669,icn_entry_left,0.1900,0.3600,1,line_center_tracking,0.0586,0.0627,0.0480,0.0368,0.8865,7,0.0147,0.0112,0.0259,0.0491,0.3600,IDLE,1,0,step_done_latches_cleared,0,0,0.000,0,nan,nan,nan,0.0000,0,5,0.6050,0.5698,0.4909,0.5698,0.0352,本圈台阶完成,1,0.0000,0.150,0.330
4702.357,ROUNDABOUT,0.128,0,3.669,0.9178,0.0000,vision,3.669,icn_entry_left,0.1900,0.3600,1,line_center_tracking,0.0956,0.0954,0.0961,0.0961,0.4745,2,0.0007,0.0000,0.0007,0.0959,0.3600,IDLE,1,0,step_done_latches_cleared,0,0,0.000,0,nan,nan,nan,0.0000,0,5,0.6050,0.5698,0.4909,0.5698,0.0352,本圈台阶完成,1,0.0000,0.150,0.330
4702.502,ROUNDABOUT,0.273,0,3.669,0.8000,0.0000,vision,3.669,icn_entry_left,0.1900,0.3600,1,line_center_tracking,0.1347,0.1564,0.0791,0.1156,0.6325,4,0.0773,0.0365,0.0407,0.1170,0.3600,IDLE,1,0,step_done_latches_cleared,0,0,0.000,0,nan,nan,nan,0.0000,0,5,0.6050,0.5698,0.4909,0.5698,0.0352,本圈台阶完成,1,0.0000,0.150,0.330
4702.632,ROUNDABOUT,0.403,0,3.669,0.0000,0.0000,vision,3.669,icn_entry_left,0.1900,0.3600,1,line_center_tracking,0.2030,0.2043,0.1997,0.1944,0.8137,6,0.0046,0.0054,0.0100,0.1995,0.3600,IDLE,1,0,step_done_latches_cleared,0,0,0.000,0,nan,nan,nan,0.0000,0,5,0.6050,0.5698,0.4909,0.5698,0.0352,本圈台阶完成,1,0.0000,0.150,0.330
4702.797,ROUNDABOUT,0.568,0,3.669,0.8000,0.0000,vision,3.669,icn_entry_left,0.1900,0.3600,0,line_too_few_bands,0.0000,0.0000,0.0000,0.0000,0.0000,0,0.0000,0.0000,0.0000,0.0000,0.3600,IDLE,1,0,step_done_latches_cleared,0,0,0.000,0,nan,nan,nan,0.0000,0,5,0.6050,0.5698,0.4909,0.5698,0.0352,本圈台阶完成,1,0.0000,0.150,0.330
4702.898,ROUNDABOUT,0.669,0,3.669,0.6000,0.0000,vision,3.669,icn_entry_left,0.1900,0.3600,1,line_center_tracking,0.3913,0.4066,0.3520,0.3518,0.5496,3,0.0546,0.0002,0.0549,0.3701,0.3600,IDLE,1,0,step_done_latches_cleared,0,0,0.000,0,nan,nan,nan,0.0000,0,5,0.6050,0.5698,0.4909,0.5698,0.0352,本圈台阶完成,1,0.0000,0.150,0.330
4703.046,ROUNDABOUT,0.817,0,3.669,0.0000,0.0000,vision,3.669,icn_entry_left,0.1900,0.3600,1,line_hard_turn_centering,0.5293,0.5316,0.5091,0.5065,0.4661,2,0.0224,0.0026,0.0250,0.5157,0.3600,IDLE,1,0,step_done_latches_cleared,0,0,0.000,0,nan,nan,nan,0.0000,0,5,0.6050,0.5698,0.4909,0.5698,0.0352,本圈台阶完成,1,0.0000,0.150,0.330
4703.177,ROUNDABOUT,0.948,0,3.669,0.0000,0.0000,vision,3.669,icn_entry_left,0.1900,0.3600,0,line_too_few_bands,0.0000,0.0000,0.0000,0.0000,0.0000,0,0.0000,0.0000,0.0000,0.0000,0.3600,IDLE,1,0,step_done_latches_cleared,0,0,0.000,0,nan,nan,nan,0.0000,0,5,0.6050,0.5698,0.4909,0.5698,0.0352,本圈台阶完成,1,0.0000,0.150,0.330
4703.311,ROUNDABOUT,1.082,0,3.669,0.0000,0.0000,vision,3.669,icn_entry_left,0.1900,0.3600,0,line_too_few_bands,0.0000,0.0000,0.0000,0.0000,0.0000,0,0.0000,0.0000,0.0000,0.0000,0.3600,IDLE,1,0,step_done_latches_cleared,0,0,0.000,0,nan,nan,nan,0.0000,0,5,0.6050,0.5698,0.4909,0.5698,0.0352,本圈台阶完成,1,0.0000,0.150,0.330
4703.441,ROUNDABOUT,1.212,0,3.669,0.0000,0.0000,vision,3.669,icn_entry_left,0.1900,0.3600,0,line_too_few_bands,0.0000,0.0000,0.0000,0.0000,0.0000,0,0.0000,0.0000,0.0000,0.0000,0.3600,IDLE,1,0,step_done_latches_cleared,0,0,0.000,0,nan,nan,nan,0.0000,0,5,0.6050,0.5698,0.4909,0.5698,0.0352,本圈台阶完成,1,0.0000,0.150,0.330
4703.571,ROUNDABOUT,1.341,0,3.669,0.0000,0.0000,vision,3.669,icn_entry_left,0.1900,0.3600,0,line_too_few_bands,0.0000,0.0000,0.0000,0.0000,0.0000,0,0.0000,0.0000,0.0000,0.0000,0.3600,IDLE,1,0,step_done_latches_cleared,0,0,0.000,0,nan,nan,nan,0.0000,0,5,0.6050,0.5698,0.4909,0.5698,0.0352,本圈台阶完成,1,0.0000,0.150,0.330
4703.704,ROUNDABOUT,1.475,0,3.669,0.0000,0.0000,vision,3.669,icn_entry_left,0.1900,0.3600,0,line_too_few_bands,0.0000,0.0000,0.0000,0.0000,0.0000,0,0.0000,0.0000,0.0000,0.0000,0.3600,IDLE,1,0,step_done_latches_cleared,0,0,0.000,0,nan,nan,nan,0.0000,0,5,0.6050,0.5698,0.4909,0.5698,0.0352,本圈台阶完成,1,0.0000,0.150,0.330
4703.829,ROUNDABOUT,1.600,0,3.669,0.0000,0.0000,vision,3.669,icn_entry_left,0.1900,0.3600,0,line_too_few_bands,0.0000,0.0000,0.0000,0.0000,0.0000,0,0.0000,0.0000,0.0000,0.0000,0.3600,IDLE,1,0,step_done_latches_cleared,0,0,0.000,0,nan,nan,nan,0.0000,0,5,0.6050,0.5698,0.4909,0.5698,0.0352,本圈台阶完成,1,0.0000,0.150,0.330
4703.957,ROUNDABOUT,1.728,0,3.669,0.0000,0.0000,vision,3.669,icn_entry_left,0.1900,0.3600,0,line_too_few_bands,0.0000,0.0000,0.0000,0.0000,0.0000,0,0.0000,0.0000,0.0000,0.0000,0.3600,IDLE,1,0,step_done_latches_cleared,0,0,0.000,0,nan,nan,nan,0.0000,0,5,0.6050,0.5698,0.4909,0.5698,0.0352,本圈台阶完成,1,0.0000,0.150,0.330
4704.081,ROUNDABOUT,1.852,0,3.669,0.0000,0.0000,vision,3.669,icn_entry_left,0.1900,0.3600,0,line_too_few_bands,0.0000,0.0000,0.0000,0.0000,0.0000,0,0.0000,0.0000,0.0000,0.0000,0.3600,IDLE,1,0,step_done_latches_cleared,0,0,0.000,0,nan,nan,nan,0.0000,0,5,0.6050,0.5698,0.4909,0.5698,0.0352,本圈台阶完成,1,0.0000,0.150,0.330
4704.204,ROUNDABOUT,1.975,0,3.669,0.0000,0.0000,vision,3.669,icn_entry_left,0.1900,0.3600,0,line_too_few_bands,0.0000,0.0000,0.0000,0.0000,0.0000,0,0.0000,0.0000,0.0000,0.0000,0.3600,IDLE,1,0,step_done_latches_cleared,0,0,0.000,0,nan,nan,nan,0.0000,0,5,0.6050,0.5698,0.4909,0.5698,0.0352,本圈台阶完成,1,0.0000,0.150,0.330
4704.339,ROUNDABOUT,2.110,0,3.669,0.0000,0.0000,vision,3.669,icn_entry_left,0.1900,0.3600,0,line_too_few_bands,0.0000,0.0000,0.0000,0.0000,0.0000,0,0.0000,0.0000,0.0000,0.0000,0.3600,IDLE,1,0,step_done_latches_cleared,0,0,0.000,0,nan,nan,nan,0.0000,0,5,0.6050,0.5698,0.4909,0.5698,0.0352,本圈台阶完成,1,0.0000,0.150,0.330
4704.467,ROUNDABOUT,2.238,0,3.669,0.0000,0.0000,vision,3.669,icn_entry_left,0.1900,0.3600,0,line_too_few_bands,0.0000,0.0000,0.0000,0.0000,0.0000,0,0.0000,0.0000,0.0000,0.0000,0.3600,IDLE,1,0,step_done_latches_cleared,0,0,0.000,0,nan,nan,nan,0.0000,0,5,0.6050,0.5698,0.4909,0.5698,0.0352,本圈台阶完成,1,0.0000,0.150,0.330
4704.605,ROUNDABOUT,2.376,0,3.669,0.0000,0.0000,vision,3.669,icn_entry_left,0.1900,0.3600,0,line_too_few_bands,0.0000,0.0000,0.0000,0.0000,0.0000,0,0.0000,0.0000,0.0000,0.0000,0.3600,IDLE,1,0,step_done_latches_cleared,0,0,0.000,0,nan,nan,nan,0.0000,0,5,0.6050,0.5698,0.4909,0.5698,0.0352,本圈台阶完成,1,0.0000,0.150,0.330
4704.751,ROUNDABOUT,2.521,0,3.669,0.0000,0.0000,vision,3.669,icn_entry_left,0.1900,0.3600,0,line_too_few_bands,0.0000,0.0000,0.0000,0.0000,0.0000,0,0.0000,0.0000,0.0000,0.0000,0.3600,IDLE,1,0,step_done_latches_cleared,0,0,0.000,0,nan,nan,nan,0.0000,0,5,0.6050,0.5698,0.4909,0.5698,0.0352,本圈台阶完成,1,0.0000,0.150,0.330
4704.879,ROUNDABOUT,2.650,0,3.669,0.0000,0.0000,vision,3.669,icn_entry_left,0.1900,0.3600,0,line_too_few_bands,0.0000,0.0000,0.0000,0.0000,0.0000,0,0.0000,0.0000,0.0000,0.0000,0.3600,IDLE,1,0,step_done_latches_cleared,0,0,0.000,0,nan,nan,nan,0.0000,0,5,0.6050,0.5698,0.4909,0.5698,0.0352,本圈台阶完成,1,0.0000,0.150,0.330
4705.010,ROUNDABOUT,2.781,0,3.669,0.0000,0.0000,vision,3.669,icn_entry_left,0.1900,0.3600,0,line_too_few_bands,0.0000,0.0000,0.0000,0.0000,0.0000,0,0.0000,0.0000,0.0000,0.0000,0.3600,IDLE,1,0,step_done_latches_cleared,0,0,0.000,0,nan,nan,nan,0.0000,0,5,0.6050,0.5698,0.4909,0.5698,0.0352,本圈台阶完成,1,0.0000,0.150,0.330
4705.155,ROUNDABOUT,2.926,0,3.669,0.0000,0.0000,vision,3.669,icn_entry_left,0.1900,0.3600,0,line_too_few_bands,0.0000,0.0000,0.0000,0.0000,0.0000,0,0.0000,0.0000,0.0000,0.0000,0.3600,IDLE,1,0,step_done_latches_cleared,0,0,0.000,0,nan,nan,nan,0.0000,0,5,0.6050,0.5698,0.4909,0.5698,0.0352,本圈台阶完成,1,0.0000,0.150,0.330
4705.298,ROUNDABOUT,3.069,0,3.669,0.0000,0.0000,vision,3.669,icn_entry_left,0.1900,0.3600,0,line_too_few_bands,0.0000,0.0000,0.0000,0.0000,0.0000,0,0.0000,0.0000,0.0000,0.0000,0.3600,IDLE,1,0,step_done_latches_cleared,0,0,0.000,0,nan,nan,nan,0.0000,0,5,0.6050,0.5698,0.4909,0.5698,0.0352,本圈台阶完成,1,0.0000,0.150,0.330
4705.432,ROUNDABOUT,3.203,0,3.669,0.0000,0.0000,vision,3.669,icn_entry_left,0.1900,0.3600,1,line_center_tracking,0.0080,0.0080,0.0080,0.0080,0.2375,1,0.0000,0.0000,0.0000,0.0080,0.3600,IDLE,1,0,step_done_latches_cleared,0,0,0.000,0,nan,nan,nan,0.0000,0,5,0.6050,0.5698,0.4909,0.5698,0.0352,本圈台阶完成,1,0.0000,0.150,0.330
4705.578,ROUNDABOUT,3.349,0,3.669,0.0000,0.0000,vision,3.669,icn_entry_left,0.1900,0.3600,1,line_center_tracking,-0.0367,-0.0367,-0.0367,-0.0367,0.2375,1,0.0000,0.0000,0.0000,-0.0367,0.3600,IDLE,1,0,step_done_latches_cleared,0,0,0.000,0,nan,nan,nan,0.0000,0,5,0.6050,0.5698,0.4909,0.5698,0.0352,本圈台阶完成,1,0.0000,0.150,0.330
4705.704,ROUNDABOUT,3.475,0,3.669,0.0000,0.0000,vision,3.669,icn_entry_left,0.1900,0.3600,1,line_center_tracking,-0.0092,-0.0092,-0.0092,-0.0092,0.2375,1,0.0000,0.0000,0.0000,-0.0092,0.3600,IDLE,1,0,step_done_latches_cleared,0,0,0.000,0,nan,nan,nan,0.0000,0,5,0.6050,0.5698,0.4909,0.5698,0.0352,本圈台阶完成,1,0.0000,0.150,0.330
4705.840,ROUNDABOUT,3.610,0,3.669,0.0000,0.0000,vision,3.669,icn_entry_left,0.1900,0.3600,0,line_too_few_bands,0.0000,0.0000,0.0000,0.0000,0.0000,0,0.0000,0.0000,0.0000,0.0000,0.3600,IDLE,1,0,step_done_latches_cleared,0,0,0.000,0,nan,nan,nan,0.0000,0,5,0.6050,0.5698,0.4909,0.5698,0.0352,本圈台阶完成,1,0.0000,0.150,0.330
4705.971,ROUNDABOUT,3.742,0,3.669,0.0000,0.0000,vision,3.669,icn_entry_left,0.1900,0.3600,0,line_too_few_bands,0.0000,0.0000,0.0000,0.0000,0.0000,0,0.0000,0.0000,0.0000,0.0000,0.3600,IDLE,1,0,step_done_latches_cleared,0,0,0.000,0,nan,nan,nan,0.0000,0,5,0.6050,0.5698,0.4909,0.5698,0.0352,本圈台阶完成,1,0.0000,0.150,0.330
4706.101,ROUNDABOUT,3.872,0,3.669,0.0000,0.0000,vision,3.669,icn_entry_left,0.1900,0.3600,0,line_too_few_bands,0.0000,0.0000,0.0000,0.0000,0.0000,0,0.0000,0.0000,0.0000,0.0000,0.3600,IDLE,1,0,step_done_latches_cleared,0,0,0.000,0,nan,nan,nan,0.0000,0,5,0.6050,0.5698,0.4909,0.5698,0.0352,本圈台阶完成,1,0.0000,0.150,0.330
4706.239,ROUNDABOUT,4.010,0,3.669,0.0000,0.0000,vision,3.669,icn_entry_left,0.1900,0.3600,1,line_center_tracking,0.0187,0.0187,0.0187,0.0187,0.2375,1,0.0000,0.0000,0.0000,0.0187,0.3600,IDLE,1,0,step_done_latches_cleared,0,0,0.000,0,nan,nan,nan,0.0000,0,5,0.6050,0.5698,0.4909,0.5698,0.0352,本圈台阶完成,1,0.0000,0.150,0.330
4706.378,ROUNDABOUT,4.149,0,3.669,0.0000,0.0000,vision,3.669,icn_entry_left,0.1900,0.3600,1,line_center_tracking,0.0572,0.0572,0.0572,0.0572,0.2375,1,0.0000,0.0000,0.0000,0.0572,0.3600,IDLE,1,0,step_done_latches_cleared,0,0,0.000,0,nan,nan,nan,0.0000,0,5,0.6050,0.5698,0.4909,0.5698,0.0352,本圈台阶完成,1,0.0000,0.150,0.330
4706.517,ROUNDABOUT,4.287,0,3.669,0.0000,0.0000,vision,3.669,icn_entry_left,0.1900,0.3600,1,line_center_tracking,0.0987,0.0987,0.0987,0.0987,0.2375,1,0.0000,0.0000,0.0000,0.0987,0.3600,IDLE,1,0,step_done_latches_cleared,0,0,0.000,0,nan,nan,nan,0.0000,0,5,0.6050,0.5698,0.4909,0.5698,0.0352,本圈台阶完成,1,0.0000,0.150,0.330
4706.644,ROUNDABOUT,4.415,0,3.669,0.0000,0.0000,vision,3.669,icn_entry_left,0.1900,0.3600,0,line_too_few_bands,0.0000,0.0000,0.0000,0.0000,0.0000,0,0.0000,0.0000,0.0000,0.0000,0.3600,IDLE,1,0,step_done_latches_cleared,0,0,0.000,0,nan,nan,nan,0.0000,0,5,0.6050,0.5698,0.4909,0.5698,0.0352,本圈台阶完成,1,0.0000,0.150,0.330
4706.804,ROUNDABOUT,4.575,0,3.669,0.0000,0.0000,vision,3.669,icn_entry_left,0.1900,0.3600,0,line_too_few_bands,0.0000,0.0000,0.0000,0.0000,0.0000,0,0.0000,0.0000,0.0000,0.0000,0.3600,IDLE,1,0,step_done_latches_cleared,0,0,0.000,0,nan,nan,nan,0.0000,0,5,0.6050,0.5698,0.4909,0.5698,0.0352,本圈台阶完成,1,0.0000,0.150,0.330
4706.947,ROUNDABOUT,4.718,0,3.669,0.0000,0.0000,vision,3.669,icn_entry_left,0.1900,0.3600,1,line_center_tracking,0.1099,0.1099,0.1099,0.1099,0.2375,1,0.0000,0.0000,0.0000,0.1099,0.3600,IDLE,1,0,step_done_latches_cleared,0,0,0.000,0,nan,nan,nan,0.0000,0,5,0.6050,0.5698,0.4909,0.5698,0.0352,本圈台阶完成,1,0.0000,0.150,0.330
4707.074,ROUNDABOUT,4.845,0,3.669,0.0000,0.0000,vision,3.669,icn_entry_left,0.1900,0.3600,1,line_center_tracking,0.1516,0.1516,0.1516,0.1516,0.2375,1,0.0000,0.0000,0.0000,0.1516,0.3600,IDLE,1,0,step_done_latches_cleared,0,0,0.000,0,nan,nan,nan,0.0000,0,5,0.6050,0.5698,0.4909,0.5698,0.0352,本圈台阶完成,1,0.0000,0.150,0.330
4707.218,ROUNDABOUT,4.989,0,3.669,0.0000,0.0000,vision,3.669,icn_entry_left,0.1900,0.3600,1,line_center_tracking,0.0996,0.1265,0.0306,0.0306,0.4008,2,0.0958,0.0000,0.0958,0.0626,0.3600,IDLE,1,0,step_done_latches_cleared,0,0,0.000,0,nan,nan,nan,0.0000,0,5,0.6050,0.5698,0.4909,0.5698,0.0352,本圈台阶完成,1,0.0000,0.150,0.330
4707.349,ROUNDABOUT,5.120,0,3.669,0.0000,0.0000,vision,3.669,icn_entry_left,0.1900,0.3600,0,line_too_few_bands,0.0000,0.0000,0.0000,0.0000,0.0000,0,0.0000,0.0000,0.0000,0.0000,0.3600,IDLE,1,0,step_done_latches_cleared,0,0,0.000,0,nan,nan,nan,0.0000,0,5,0.6050,0.5698,0.4909,0.5698,0.0352,本圈台阶完成,1,0.0000,0.150,0.330
4707.478,ROUNDABOUT,5.249,0,3.669,0.0000,0.0000,vision,3.669,icn_entry_left,0.1900,0.3600,0,line_too_few_bands,0.0000,0.0000,0.0000,0.0000,0.0000,0,0.0000,0.0000,0.0000,0.0000,0.3600,IDLE,1,0,step_done_latches_cleared,0,0,0.000,0,nan,nan,nan,0.0000,0,5,0.6050,0.5698,0.4909,0.5698,0.0352,本圈台阶完成,1,0.0000,0.150,0.330
4707.629,ROUNDABOUT,5.400,0,3.669,0.0000,0.0000,vision,3.669,icn_entry_left,0.1900,0.3600,1,line_center_tracking,0.0298,0.0791,-0.0968,-0.0968,0.3388,2,0.1758,0.0000,0.1758,-0.0381,0.3600,IDLE,1,0,step_done_latches_cleared,0,0,0.000,0,nan,nan,nan,0.0000,0,5,0.6050,0.5698,0.4909,0.5698,0.0352,本圈台阶完成,1,0.0000,0.150,0.330
4707.772,ROUNDABOUT,5.543,0,3.669,0.0000,0.0000,vision,3.669,icn_entry_left,0.1900,0.3600,1,line_center_tracking,0.0247,0.0808,-0.1196,-0.1196,0.3198,2,0.2004,0.0000,0.2004,-0.0528,0.3600,IDLE,1,0,step_done_latches_cleared,0,0,0.000,0,nan,nan,nan,0.0000,0,5,0.6050,0.5698,0.4909,0.5698,0.0352,本圈台阶完成,1,0.0000,0.150,0.330
4707.908,ROUNDABOUT,5.679,0,3.669,0.0000,0.0000,vision,3.669,icn_entry_left,0.1900,0.3600,0,line_too_few_bands,0.0000,0.0000,0.0000,0.0000,0.0000,0,0.0000,0.0000,0.0000,0.0000,0.3600,IDLE,1,0,step_done_latches_cleared,0,0,0.000,0,nan,nan,nan,0.0000,0,5,0.6050,0.5698,0.4909,0.5698,0.0352,本圈台阶完成,1,0.0000,0.150,0.330
4708.034,ROUNDABOUT,5.805,0,3.669,0.0000,0.0000,vision,3.669,icn_entry_left,0.1900,0.3600,0,line_too_few_bands,0.0000,0.0000,0.0000,0.0000,0.0000,0,0.0000,0.0000,0.0000,0.0000,0.3600,IDLE,1,0,step_done_latches_cleared,0,0,0.000,0,nan,nan,nan,0.0000,0,5,0.6050,0.5698,0.4909,0.5698,0.0352,本圈台阶完成,1,0.0000,0.150,0.330
4708.161,ROUNDABOUT,5.932,0,3.669,0.0000,0.0000,vision,3.669,icn_entry_left,0.1900,0.3600,1,line_center_tracking,-0.0415,0.0227,-0.2066,-0.2066,0.2973,2,0.2293,0.0000,0.2293,-0.1302,0.3600,IDLE,1,0,step_done_latches_cleared,0,0,0.000,0,nan,nan,nan,0.0000,0,5,0.6050,0.5698,0.4909,0.5698,0.0352,本圈台阶完成,1,0.0000,0.150,0.330
4708.291,ROUNDABOUT,6.062,0,3.669,0.0000,0.0000,vision,3.669,icn_entry_left,0.1900,0.3600,1,line_center_tracking,-0.0420,0.0240,-0.2117,-0.2117,0.2924,2,0.2357,0.0000,0.2357,-0.1331,0.3600,IDLE,1,0,step_done_latches_cleared,0,0,0.000,0,nan,nan,nan,0.0000,0,5,0.6050,0.5698,0.4909,0.5698,0.0352,本圈台阶完成,1,0.0000,0.150,0.330
4708.416,ROUNDABOUT,6.187,0,3.669,0.0000,0.0000,vision,3.669,icn_entry_left,0.1900,0.3600,0,line_too_few_bands,0.0000,0.0000,0.0000,0.0000,0.0000,0,0.0000,0.0000,0.0000,0.0000,0.3600,IDLE,1,0,step_done_latches_cleared,0,0,0.000,0,nan,nan,nan,0.0000,0,5,0.6050,0.5698,0.4909,0.5698,0.0352,本圈台阶完成,1,0.0000,0.150,0.330
4708.548,ROUNDABOUT,6.319,0,3.669,0.0000,0.0000,vision,3.669,icn_entry_left,0.1900,0.3600,0,line_too_few_bands,0.0000,0.0000,0.0000,0.0000,0.0000,0,0.0000,0.0000,0.0000,0.0000,0.3600,IDLE,1,0,step_done_latches_cleared,0,0,0.000,0,nan,nan,nan,0.0000,0,5,0.6050,0.5698,0.4909,0.5698,0.0352,本圈台阶完成,1,0.0000,0.150,0.330
4708.675,ROUNDABOUT,6.446,0,3.669,0.0000,0.0000,vision,3.669,icn_entry_left,0.1900,0.3600,1,line_center_tracking,-0.1279,-0.0563,-0.3119,-0.3119,0.2770,2,0.2555,0.0000,0.2555,-0.2267,0.3600,IDLE,1,0,step_done_latches_cleared,0,0,0.000,0,nan,nan,nan,0.0000,0,5,0.6050,0.5698,0.4909,0.5698,0.0352,本圈台阶完成,1,0.0000,0.150,0.330
4708.810,ROUNDABOUT,6.581,0,3.669,0.0000,0.0000,vision,3.669,icn_entry_left,0.1900,0.3600,1,line_center_tracking,0.0958,0.0958,0.0958,0.0958,0.2375,1,0.0000,0.0000,0.0000,0.0958,0.3600,IDLE,1,0,step_done_latches_cleared,0,0,0.000,0,nan,nan,nan,0.0000,0,5,0.6050,0.5698,0.4909,0.5698,0.0352,本圈台阶完成,1,0.0000,0.150,0.330
4708.943,ROUNDABOUT,6.714,0,3.669,0.0000,0.0000,vision,3.669,icn_entry_left,0.1900,0.3600,1,line_center_tracking,-0.5135,-0.5135,-0.5135,-0.5135,0.2375,1,0.0000,0.0000,0.0000,-0.5135,0.3600,IDLE,1,0,step_done_latches_cleared,0,0,0.000,0,nan,nan,nan,0.0000,0,5,0.6050,0.5698,0.4909,0.5698,0.0352,本圈台阶完成,1,0.0000,0.150,0.330
4709.071,ROUNDABOUT,6.842,0,3.669,0.0000,0.0000,vision,3.669,icn_entry_left,0.1900,0.3600,1,line_center_tracking,-0.3298,-0.2402,-0.5602,-0.5602,0.2271,2,0.3200,0.0000,0.3200,-0.4535,0.3600,IDLE,1,0,step_done_latches_cleared,0,0,0.000,0,nan,nan,nan,0.0000,0,5,0.6050,0.5698,0.4909,0.5698,0.0352,本圈台阶完成,1,0.0000,0.150,0.330
4709.206,ROUNDABOUT,6.977,0,3.669,0.0000,0.0000,vision,3.669,icn_entry_left,0.1900,0.3600,1,line_center_tracking,-0.0826,-0.0826,-0.0826,-0.0826,0.2375,1,0.0000,0.0000,0.0000,-0.0826,0.3600,IDLE,1,0,step_done_latches_cleared,0,0,0.000,0,1.2800,nan,0.0409,0.7705,2,5,0.6050,0.5698,0.4909,0.5698,0.0352,本圈台阶完成,1,0.0000,0.150,0.330
4709.347,ROUNDABOUT,7.118,0,3.669,0.0000,0.0000,vision,3.669,icn_entry_left,0.1900,0.3600,0,line_too_few_bands,0.0000,0.0000,0.0000,0.0000,0.0000,0,0.0000,0.0000,0.0000,0.0000,0.3600,IDLE,1,0,step_done_latches_cleared,0,0,0.000,1,1.2800,nan,0.0443,0.8919,6,5,0.6050,0.5698,0.4909,0.5698,0.0352,本圈台阶完成,1,0.0000,0.150,0.330
4709.473,ROUNDABOUT,7.244,0,3.669,0.0000,0.0000,vision,3.669,icn_entry_left,0.1900,0.3600,1,line_center_tracking,-0.2621,-0.2621,-0.2621,-0.2621,0.2375,1,0.0000,0.0000,0.0000,-0.2621,0.3600,IDLE,1,0,step_done_latches_cleared,0,0,0.000,1,1.2700,nan,0.0462,0.9193,10,5,0.6050,0.5698,0.4909,0.5698,0.0352,本圈台阶完成,1,0.0000,0.150,0.330
4709.597,ROUNDABOUT,7.368,0,3.669,0.0000,0.0000,vision,3.669,icn_entry_left,0.1900,0.3600,1,line_center_tracking,-0.3236,-0.3236,-0.3236,-0.3236,0.2375,1,0.0000,0.0000,0.0000,-0.3236,0.3600,IDLE,1,0,step_done_latches_cleared,0,0,0.000,1,1.2600,nan,0.0476,0.9390,13,5,0.6050,0.5698,0.4909,0.5698,0.0352,本圈台阶完成,1,0.0000,0.150,0.330
4709.731,ROUNDABOUT,7.502,0,3.669,0.0000,0.0000,vision,3.669,icn_entry_left,0.1900,0.3600,0,line_too_few_bands,0.0000,0.0000,0.0000,0.0000,0.0000,0,0.0000,0.0000,0.0000,0.0000,0.3600,IDLE,1,0,step_done_latches_cleared,0,0,0.000,1,1.2500,nan,0.0498,0.9688,17,5,0.6050,0.5698,0.4909,0.5698,0.0352,本圈台阶完成,1,0.0000,0.150,0.330
4709.869,ROUNDABOUT,7.640,0,3.669,0.0000,0.0000,vision,3.669,icn_entry_left,0.1900,0.3600,0,line_too_few_bands,0.0000,0.0000,0.0000,0.0000,0.0000,0,0.0000,0.0000,0.0000,0.0000,0.3600,IDLE,1,0,step_done_latches_cleared,0,0,0.000,1,1.2300,nan,0.0515,0.9522,20,5,0.6050,0.5698,0.4909,0.5698,0.0352,本圈台阶完成,1,0.0000,0.150,0.330
4710.000,ROUNDABOUT,7.771,0,3.669,0.0000,0.0000,vision,3.669,icn_entry_left,0.1900,0.3600,0,line_too_few_bands,0.0000,0.0000,0.0000,0.0000,0.0000,0,0.0000,0.0000,0.0000,0.0000,0.3600,IDLE,1,0,step_done_latches_cleared,0,0,0.000,1,1.2100,nan,0.0511,0.9566,24,5,0.6050,0.5698,0.4909,0.5698,0.0352,本圈台阶完成,1,0.0000,0.150,0.330
4710.124,ROUNDABOUT,7.895,0,3.669,0.0000,0.0000,vision,3.669,icn_entry_left,0.1900,0.3600,0,line_too_few_bands,0.0000,0.0000,0.0000,0.0000,0.0000,0,0.0000,0.0000,0.0000,0.0000,0.3600,IDLE,1,0,step_done_latches_cleared,0,0,1.000,1,1.1800,1.1800,0.0523,0.9415,27,5,0.6050,0.5698,0.4909,0.5698,0.0352,本圈台阶完成,1,0.0000,0.150,0.330
4710.264,ROUNDABOUT,8.035,0,3.669,0.0000,0.0000,vision,3.669,icn_entry_left,0.1900,0.3600,0,line_too_few_bands,0.0000,0.0000,0.0000,0.0000,0.0000,0,0.0000,0.0000,0.0000,0.0000,0.3600,IDLE,1,0,step_done_latches_cleared,0,0,2.000,1,1.1500,1.1650,0.0522,0.9440,31,5,0.6050,0.5698,0.4909,0.5698,0.0352,本圈台阶完成,1,0.0000,0.150,0.330
4710.396,ROUNDABOUT,8.167,0,3.669,0.0000,0.0000,vision,3.669,icn_entry_left,0.1900,0.3600,0,line_too_few_bands,0.0000,0.0000,0.0000,0.0000,0.0000,0,0.0000,0.0000,0.0000,0.0000,0.3600,IDLE,1,0,step_done_latches_cleared,0,0,3.000,1,1.1200,1.1500,0.0535,0.9254,34,5,0.6050,0.5698,0.4909,0.5698,0.0352,本圈台阶完成,1,0.0000,0.150,0.330
4710.526,ROUNDABOUT,8.297,0,3.669,0.0000,0.0000,vision,3.669,icn_entry_left,0.1900,0.3600,0,line_too_few_bands,0.0000,0.0000,0.0000,0.0000,0.0000,0,0.0000,0.0000,0.0000,0.0000,0.3600,IDLE,1,0,step_done_latches_cleared,0,0,4.000,1,1.0700,1.1350,0.0548,0.9079,38,5,0.6050,0.5698,0.4909,0.5698,0.0352,本圈台阶完成,1,0.0000,0.150,0.330
4710.657,ROUNDABOUT,8.428,0,3.669,0.0000,0.0000,vision,3.669,icn_entry_left,0.1900,0.3600,0,line_too_few_bands,0.0000,0.0000,0.0000,0.0000,0.0000,0,0.0000,0.0000,0.0000,0.0000,0.3600,IDLE,1,0,step_done_latches_cleared,0,0,5.000,1,1.0400,1.1200,0.0541,0.9182,41,5,0.6050,0.5698,0.4909,0.5698,0.0352,本圈台阶完成,1,0.0000,0.150,0.330
4710.791,ROUNDABOUT,8.562,0,3.669,0.0000,0.0000,vision,3.669,icn_entry_left,0.1900,0.3600,0,line_too_few_bands,0.0000,0.0000,0.0000,0.0000,0.0000,0,0.0000,0.0000,0.0000,0.0000,0.3600,IDLE,1,0,step_done_latches_cleared,0,0,6.000,1,1.0500,1.0700,0.0532,0.9299,45,5,0.6050,0.5698,0.4909,0.5698,0.0352,本圈台阶完成,1,0.0000,0.150,0.330
4710.924,ROUNDABOUT,8.695,0,3.669,0.0000,0.0000,vision,3.669,icn_entry_left,0.1900,0.3600,0,line_too_few_bands,0.0000,0.0000,0.0000,0.0000,0.0000,0,0.0000,0.0000,0.0000,0.0000,0.3600,IDLE,1,0,step_done_latches_cleared,0,0,6.000,1,1.0800,1.0700,0.0537,0.9239,49,5,0.6050,0.5698,0.4909,0.5698,0.0352,本圈台阶完成,1,0.0000,0.150,0.330
4711.068,ROUNDABOUT,8.839,0,3.669,0.0000,0.0000,vision,3.669,icn_entry_left,0.1900,0.3600,0,line_too_few_bands,0.0000,0.0000,0.0000,0.0000,0.0000,0,0.0000,0.0000,0.0000,0.0000,0.3600,IDLE,1,0,step_done_latches_cleared,0,0,6.000,1,1.1500,1.0700,0.0544,0.9136,54,5,0.6050,0.5698,0.4909,0.5698,0.0352,本圈台阶完成,1,0.0000,0.150,0.330
4711.199,ROUNDABOUT,8.970,0,3.669,0.0000,0.0000,vision,3.669,icn_entry_left,0.1900,0.3600,0,line_too_few_bands,0.0000,0.0000,0.0000,0.0000,0.0000,0,0.0000,0.0000,0.0000,0.0000,0.3600,IDLE,1,0,step_done_latches_cleared,0,0,6.000,1,1.1200,1.0800,0.0565,0.8864,58,5,0.6050,0.5698,0.4909,0.5698,0.0352,本圈台阶完成,1,0.0000,0.150,0.330
4711.334,ROUNDABOUT,9.105,0,3.669,0.0000,0.0000,vision,3.669,icn_entry_left,0.1900,0.3600,0,line_too_few_bands,0.0000,0.0000,0.0000,0.0000,0.0000,0,0.0000,0.0000,0.0000,0.0000,0.3600,IDLE,1,0,step_done_latches_cleared,0,0,6.000,1,1.1200,1.1200,0.0582,0.8627,64,5,0.6050,0.5698,0.4909,0.5698,0.0352,本圈台阶完成,1,0.0000,0.150,0.330
4711.459,ROUNDABOUT,9.230,0,3.669,0.0000,0.0000,vision,3.669,icn_entry_left,0.1900,0.3600,0,line_too_few_bands,0.0000,0.0000,0.0000,0.0000,0.0000,0,0.0000,0.0000,0.0000,0.0000,0.3600,IDLE,1,0,step_done_latches_cleared,0,0,6.000,1,1.1850,1.1200,0.0596,0.7996,68,5,0.6050,0.5698,0.4909,0.5698,0.0352,本圈台阶完成,1,0.0000,0.150,0.330
4711.597,ROUNDABOUT,9.368,0,3.669,0.0000,0.0000,vision,3.669,icn_entry_left,0.1900,0.3600,0,line_too_few_bands,0.0000,0.0000,0.0000,0.0000,0.0000,0,0.0000,0.0000,0.0000,0.0000,0.3600,IDLE,1,0,step_done_latches_cleared,0,0,5.400,0,nan,1.1200,nan,0.0000,0,5,0.6050,0.5698,0.4909,0.5698,0.0352,本圈台阶完成,1,0.0000,0.150,0.330
4711.733,ROUNDABOUT,9.504,0,3.669,0.0000,0.0000,vision,3.669,icn_entry_left,0.1900,0.3600,0,line_too_few_bands,0.0000,0.0000,0.0000,0.0000,0.0000,0,0.0000,0.0000,0.0000,0.0000,0.3600,IDLE,1,0,step_done_latches_cleared,0,0,4.800,0,nan,1.1350,nan,0.0000,0,5,0.6050,0.5698,0.4909,0.5698,0.0352,本圈台阶完成,1,0.0000,0.150,0.330
4711.857,ROUNDABOUT,9.628,0,3.669,0.0000,0.0000,vision,3.669,icn_entry_left,0.1900,0.3600,0,line_too_few_bands,0.0000,0.0000,0.0000,0.0000,0.0000,0,0.0000,0.0000,0.0000,0.0000,0.3600,IDLE,1,0,step_done_latches_cleared,0,0,4.200,0,nan,1.1350,nan,0.0000,0,5,0.6050,0.5698,0.4909,0.5698,0.0352,本圈台阶完成,1,0.0000,0.150,0.330
4711.994,ROUNDABOUT,9.765,0,3.669,0.0000,0.0000,vision,3.669,icn_entry_left,0.1900,0.3600,0,line_too_few_bands,0.0000,0.0000,0.0000,0.0000,0.0000,0,0.0000,0.0000,0.0000,0.0000,0.3600,IDLE,1,0,step_done_latches_cleared,0,0,3.600,0,nan,1.1200,nan,0.0000,0,5,0.6050,0.5698,0.4909,0.5698,0.0352,本圈台阶完成,1,0.0000,0.150,0.330
4712.127,ROUNDABOUT,9.898,0,3.669,0.0000,0.0000,vision,3.669,icn_entry_left,0.1900,0.3600,0,line_too_few_bands,0.0000,0.0000,0.0000,0.0000,0.0000,0,0.0000,0.0000,0.0000,0.0000,0.3600,IDLE,1,0,step_done_latches_cleared,0,0,3.000,0,nan,1.1525,nan,0.0000,0,5,0.6050,0.5698,0.4909,0.5698,0.0352,本圈台阶完成,1,0.0000,0.150,0.330
4712.260,ROUNDABOUT,10.031,0,3.669,0.0000,0.0000,vision,3.669,icn_entry_left,0.1900,0.3600,0,line_too_few_bands,0.0000,0.0000,0.0000,0.0000,0.0000,0,0.0000,0.0000,0.0000,0.0000,0.3600,IDLE,1,0,step_done_latches_cleared,0,0,2.400,0,nan,nan,nan,0.0000,0,5,0.6050,0.5698,0.4909,0.5698,0.0352,本圈台阶完成,1,0.0000,0.150,0.330
4712.385,ROUNDABOUT,10.156,0,3.669,0.0000,0.0000,vision,3.669,icn_entry_left,0.1900,0.3600,0,line_too_few_bands,0.0000,0.0000,0.0000,0.0000,0.0000,0,0.0000,0.0000,0.0000,0.0000,0.3600,IDLE,1,0,step_done_latches_cleared,0,0,1.800,0,nan,nan,nan,0.0000,0,5,0.6050,0.5698,0.4909,0.5698,0.0352,本圈台阶完成,1,0.0000,0.150,0.330
4712.514,ROUNDABOUT,10.285,0,3.669,0.0000,0.0000,vision,3.669,icn_entry_left,0.1900,0.3600,0,line_too_few_bands,0.0000,0.0000,0.0000,0.0000,0.0000,0,0.0000,0.0000,0.0000,0.0000,0.3600,IDLE,1,0,step_done_latches_cleared,0,0,1.200,0,nan,nan,nan,0.0000,0,5,0.6050,0.5698,0.4909,0.5698,0.0352,本圈台阶完成,1,0.0000,0.150,0.330
4712.646,ROUNDABOUT,10.417,0,3.669,0.0000,0.0000,vision,3.669,icn_entry_left,0.1900,0.3600,0,line_too_few_bands,0.0000,0.0000,0.0000,0.0000,0.0000,0,0.0000,0.0000,0.0000,0.0000,0.3600,IDLE,1,0,step_done_latches_cleared,0,0,0.600,0,nan,nan,nan,0.0000,0,5,0.6050,0.5698,0.4909,0.5698,0.0352,本圈台阶完成,1,0.0000,0.150,0.330
4712.776,ROUNDABOUT,10.547,0,3.669,0.0000,0.0000,vision,3.669,icn_entry_left,0.1900,0.3600,0,line_too_few_bands,0.0000,0.0000,0.0000,0.0000,0.0000,0,0.0000,0.0000,0.0000,0.0000,0.3600,IDLE,1,0,step_done_latches_cleared,0,0,0.000,0,nan,nan,nan,0.0000,0,5,0.6050,0.5698,0.4909,0.5698,0.0352,本圈台阶完成,1,0.0000,0.150,0.330
4712.904,ROUNDABOUT,10.675,0,3.669,0.0000,0.0000,vision,3.669,icn_entry_left,0.1900,0.3600,0,line_too_few_bands,0.0000,0.0000,0.0000,0.0000,0.0000,0,0.0000,0.0000,0.0000,0.0000,0.3600,IDLE,1,0,step_done_latches_cleared,0,0,0.000,0,nan,nan,nan,0.0000,0,5,0.6050,0.5698,0.4909,0.5698,0.0352,本圈台阶完成,1,0.0000,0.150,0.330
4713.034,ROUNDABOUT,10.805,0,3.669,0.0000,0.0000,vision,3.669,icn_entry_left,0.1900,0.3600,0,line_too_few_bands,0.0000,0.0000,0.0000,0.0000,0.0000,0,0.0000,0.0000,0.0000,0.0000,0.3600,IDLE,1,0,step_done_latches_cleared,0,0,0.000,0,nan,nan,nan,0.0000,0,5,0.6050,0.5698,0.4909,0.5698,0.0352,本圈台阶完成,1,0.0000,0.150,0.330
4713.183,ROUNDABOUT,10.954,0,3.669,0.0000,0.0000,vision,3.669,icn_entry_left,0.1900,0.3600,0,line_too_few_bands,0.0000,0.0000,0.0000,0.0000,0.0000,0,0.0000,0.0000,0.0000,0.0000,0.3600,IDLE,1,0,step_done_latches_cleared,0,0,0.000,0,nan,nan,nan,0.0000,0,5,0.6050,0.5698,0.4909,0.5698,0.0352,本圈台阶完成,1,0.0000,0.150,0.330
4713.315,ROUNDABOUT,11.086,0,3.669,0.0000,0.0000,vision,3.669,icn_entry_left,0.1900,0.3600,0,line_too_few_bands,0.0000,0.0000,0.0000,0.0000,0.0000,0,0.0000,0.0000,0.0000,0.0000,0.3600,IDLE,1,0,step_done_latches_cleared,0,0,0.000,0,nan,nan,nan,0.0000,0,5,0.6050,0.5698,0.4909,0.5698,0.0352,本圈台阶完成,1,0.0000,0.150,0.330
4713.442,ROUNDABOUT,11.213,0,3.669,0.0000,0.0000,vision,3.669,icn_entry_left,0.1900,0.3600,0,line_too_few_bands,0.0000,0.0000,0.0000,0.0000,0.0000,0,0.0000,0.0000,0.0000,0.0000,0.3600,IDLE,1,0,step_done_latches_cleared,0,0,0.000,0,nan,nan,nan,0.0000,0,5,0.6050,0.5698,0.4909,0.5698,0.0352,本圈台阶完成,1,0.0000,0.150,0.330
4713.578,ROUNDABOUT,11.349,0,3.669,0.0000,0.0000,vision,3.669,icn_entry_left,0.1900,0.3600,0,line_too_few_bands,0.0000,0.0000,0.0000,0.0000,0.0000,0,0.0000,0.0000,0.0000,0.0000,0.3600,IDLE,1,0,step_done_latches_cleared,0,0,0.000,0,nan,nan,nan,0.0000,0,5,0.6050,0.5698,0.4909,0.5698,0.0352,本圈台阶完成,1,0.0000,0.150,0.330
4713.728,ROUNDABOUT,11.499,0,3.669,0.0000,0.0000,vision,3.669,icn_entry_left,0.1900,0.3600,0,line_too_few_bands,0.0000,0.0000,0.0000,0.0000,0.0000,0,0.0000,0.0000,0.0000,0.0000,0.3600,IDLE,1,0,step_done_latches_cleared,0,0,0.000,0,nan,nan,nan,0.0000,0,5,0.6050,0.5698,0.4909,0.5698,0.0352,本圈台阶完成,1,0.0000,0.150,0.330
4713.853,ROUNDABOUT,11.624,0,3.669,0.0000,0.0000,vision,3.669,icn_entry_left,0.1900,0.3600,0,line_too_few_bands,0.0000,0.0000,0.0000,0.0000,0.0000,0,0.0000,0.0000,0.0000,0.0000,0.3600,IDLE,1,0,step_done_latches_cleared,0,0,0.000,0,nan,nan,nan,0.0000,0,5,0.6050,0.5698,0.4909,0.5698,0.0352,本圈台阶完成,1,0.0000,0.150,0.330
4713.976,ROUNDABOUT,11.747,0,3.669,0.0000,0.0000,vision,3.669,icn_entry_left,0.1900,0.3600,0,line_too_few_bands,0.0000,0.0000,0.0000,0.0000,0.0000,0,0.0000,0.0000,0.0000,0.0000,0.3600,IDLE,1,0,step_done_latches_cleared,0,0,0.000,0,nan,nan,nan,0.0000,0,5,0.6050,0.5698,0.4909,0.5698,0.0352,本圈台阶完成,1,0.0000,0.150,0.330
4714.100,ROUNDABOUT,11.871,0,3.669,0.0000,0.0000,vision,3.669,icn_entry_left,0.1900,0.3600,0,line_too_few_bands,0.0000,0.0000,0.0000,0.0000,0.0000,0,0.0000,0.0000,0.0000,0.0000,0.3600,IDLE,1,0,step_done_latches_cleared,0,0,0.000,0,nan,nan,nan,0.0000,0,5,0.6050,0.5698,0.4909,0.5698,0.0352,本圈台阶完成,1,0.0000,0.150,0.330
4714.227,ROUNDABOUT,11.998,0,3.669,0.0000,0.0000,vision,3.669,icn_entry_left,0.1900,0.3600,0,line_too_few_bands,0.0000,0.0000,0.0000,0.0000,0.0000,0,0.0000,0.0000,0.0000,0.0000,0.3600,IDLE,1,0,step_done_latches_cleared,0,0,0.000,0,nan,nan,nan,0.0000,0,5,0.6050,0.5698,0.4909,0.5698,0.0352,本圈台阶完成,1,0.0000,0.150,0.330
4714.350,ROUNDABOUT,12.121,0,3.669,0.0000,0.0000,vision,3.669,icn_entry_left,0.1900,0.3600,0,line_too_few_bands,0.0000,0.0000,0.0000,0.0000,0.0000,0,0.0000,0.0000,0.0000,0.0000,0.3600,IDLE,1,0,step_done_latches_cleared,0,0,0.000,0,nan,nan,nan,0.0000,0,5,0.6050,0.5698,0.4909,0.5698,0.0352,本圈台阶完成,1,0.0000,0.150,0.330
4714.479,ROUNDABOUT,12.250,0,3.669,0.0000,0.0000,vision,3.669,icn_entry_left,0.1900,0.3600,0,line_too_few_bands,0.0000,0.0000,0.0000,0.0000,0.0000,0,0.0000,0.0000,0.0000,0.0000,0.3600,IDLE,1,0,step_done_latches_cleared,0,0,0.000,0,nan,nan,nan,0.0000,0,5,0.6050,0.5698,0.4909,0.5698,0.0352,本圈台阶完成,1,0.0000,0.150,0.330
4714.603,ROUNDABOUT,12.374,0,3.669,0.0000,0.0000,vision,3.669,icn_entry_left,0.1900,0.3600,0,line_too_few_bands,0.0000,0.0000,0.0000,0.0000,0.0000,0,0.0000,0.0000,0.0000,0.0000,0.3600,IDLE,1,0,step_done_latches_cleared,0,0,0.000,0,nan,nan,nan,0.0000,0,5,0.6050,0.5698,0.4909,0.5698,0.0352,本圈台阶完成,1,0.0000,0.150,0.330
4714.725,ROUNDABOUT,12.495,0,3.669,0.0000,0.0000,vision,3.669,icn_entry_left,0.1900,0.3600,0,line_too_few_bands,0.0000,0.0000,0.0000,0.0000,0.0000,0,0.0000,0.0000,0.0000,0.0000,0.3600,IDLE,1,0,step_done_latches_cleared,0,0,0.000,0,nan,nan,nan,0.0000,0,5,0.6050,0.5698,0.4909,0.5698,0.0352,本圈台阶完成,1,0.0000,0.150,0.330
4714.852,ROUNDABOUT,12.623,0,3.669,0.0000,0.0000,vision,3.669,icn_entry_left,0.1900,0.3600,0,line_too_few_bands,0.0000,0.0000,0.0000,0.0000,0.0000,0,0.0000,0.0000,0.0000,0.0000,0.3600,IDLE,1,0,step_done_latches_cleared,0,0,0.000,0,nan,nan,nan,0.0000,0,5,0.6050,0.5698,0.4909,0.5698,0.0352,本圈台阶完成,1,0.0000,0.150,0.330
4714.979,ROUNDABOUT,12.750,0,3.669,0.0000,0.0000,vision,3.669,icn_entry_left,0.1900,0.3600,0,line_too_few_bands,0.0000,0.0000,0.0000,0.0000,0.0000,0,0.0000,0.0000,0.0000,0.0000,0.3600,IDLE,1,0,step_done_latches_cleared,0,0,0.000,0,nan,nan,nan,0.0000,0,5,0.6050,0.5698,0.4909,0.5698,0.0352,本圈台阶完成,1,0.0000,0.150,0.330
4715.119,ROUNDABOUT,12.890,0,3.669,0.0000,0.0000,vision,3.669,icn_entry_left,0.1900,0.3600,0,line_too_few_bands,0.0000,0.0000,0.0000,0.0000,0.0000,0,0.0000,0.0000,0.0000,0.0000,0.3600,IDLE,1,0,step_done_latches_cleared,0,0,0.000,0,nan,nan,nan,0.0000,0,5,0.6050,0.5698,0.4909,0.5698,0.0352,本圈台阶完成,1,0.0000,0.150,0.330
4715.239,ROUNDABOUT,13.010,0,3.669,0.0000,0.0000,vision,3.669,icn_entry_left,0.1900,0.3600,0,line_too_few_bands,0.0000,0.0000,0.0000,0.0000,0.0000,0,0.0000,0.0000,0.0000,0.0000,0.3600,IDLE,1,0,step_done_latches_cleared,0,0,0.000,0,nan,nan,nan,0.0000,0,5,0.6050,0.5698,0.4909,0.5698,0.0352,本圈台阶完成,1,0.0000,0.150,0.330
4715.363,ROUNDABOUT,13.134,0,3.669,0.2000,0.0000,vision,3.669,icn_entry_left,0.1900,0.3600,0,line_too_few_bands,0.0000,0.0000,0.0000,0.0000,0.0000,0,0.0000,0.0000,0.0000,0.0000,0.3600,IDLE,1,0,step_done_latches_cleared,0,0,0.000,0,nan,nan,nan,0.0000,0,5,0.6050,0.5698,0.4909,0.5698,0.0352,本圈台阶完成,1,0.0000,0.150,0.330
4715.497,ROUNDABOUT,13.268,0,3.669,0.2000,0.0000,vision,3.669,icn_entry_left,0.1900,0.3600,0,line_too_few_bands,0.0000,0.0000,0.0000,0.0000,0.0000,0,0.0000,0.0000,0.0000,0.0000,0.3600,IDLE,1,0,step_done_latches_cleared,0,0,0.000,0,nan,nan,nan,0.0000,0,5,0.6050,0.5698,0.4909,0.5698,0.0352,本圈台阶完成,1,0.0000,0.150,0.330
4715.625,ROUNDABOUT,13.396,0,3.669,0.2000,0.0000,vision,3.669,icn_entry_left,0.1900,0.3600,0,line_too_few_bands,0.0000,0.0000,0.0000,0.0000,0.0000,0,0.0000,0.0000,0.0000,0.0000,0.3600,IDLE,1,0,step_done_latches_cleared,0,0,0.000,0,nan,nan,nan,0.0000,0,5,0.6050,0.5698,0.4909,0.5698,0.0352,本圈台阶完成,1,0.0000,0.150,0.330
4715.749,ROUNDABOUT,13.520,0,3.669,0.2000,0.0000,vision,3.669,icn_entry_left,0.1900,0.3600,0,line_too_few_bands,0.0000,0.0000,0.0000,0.0000,0.0000,0,0.0000,0.0000,0.0000,0.0000,0.3600,IDLE,1,0,step_done_latches_cleared,0,0,0.000,0,nan,nan,nan,0.0000,0,5,0.6050,0.5698,0.4909,0.5698,0.0352,本圈台阶完成,1,0.0000,0.150,0.330
4715.871,ROUNDABOUT,13.642,0,3.669,0.2000,0.0000,vision,3.669,icn_entry_left,0.1900,0.3600,0,line_too_few_bands,0.0000,0.0000,0.0000,0.0000,0.0000,0,0.0000,0.0000,0.0000,0.0000,0.3600,IDLE,1,0,step_done_latches_cleared,0,0,0.000,0,nan,nan,nan,0.0000,0,5,0.6050,0.5698,0.4909,0.5698,0.0352,本圈台阶完成,1,0.0000,0.150,0.330
4716.007,ROUNDABOUT,13.778,0,3.669,0.2000,0.0000,vision,3.669,icn_entry_left,0.1900,0.3600,0,line_too_few_bands,0.0000,0.0000,0.0000,0.0000,0.0000,0,0.0000,0.0000,0.0000,0.0000,0.3600,IDLE,1,0,step_done_latches_cleared,0,0,0.000,0,nan,nan,nan,0.0000,0,5,0.6050,0.5698,0.4909,0.5698,0.0352,本圈台阶完成,1,0.0000,0.150,0.330
4716.151,ROUNDABOUT,13.922,0,3.669,0.0000,0.0000,vision,3.669,icn_entry_left,0.1900,0.3600,1,line_hard_turn_centering,0.6951,0.6951,0.6951,0.6951,0.2375,1,0.0000,0.0000,0.0000,0.6951,0.3600,IDLE,1,0,step_done_latches_cleared,0,0,0.000,0,nan,nan,nan,0.0000,0,5,0.6050,0.5698,0.4909,0.5698,0.0352,本圈台阶完成,1,0.0000,0.150,0.330
4716.279,ROUNDABOUT,14.050,0,3.669,0.0000,0.0000,vision,3.669,icn_entry_left,0.1900,0.3600,1,line_hard_turn_centering,0.6016,0.6016,0.6016,0.6016,0.2375,1,0.0000,0.0000,0.0000,0.6016,0.3600,IDLE,1,0,step_done_latches_cleared,0,0,0.000,0,nan,nan,nan,0.0000,0,5,0.6050,0.5698,0.4909,0.5698,0.0352,本圈台阶完成,1,0.0000,0.150,0.330
4716.417,ROUNDABOUT,14.188,0,3.669,0.4000,0.0000,vision,3.669,icn_entry_left,0.1900,0.3600,1,line_center_tracking,0.4117,0.4117,0.4117,0.4117,0.2375,1,0.0000,0.0000,0.0000,0.4117,0.3600,IDLE,1,0,step_done_latches_cleared,0,0,0.000,0,nan,nan,nan,0.0000,0,5,0.6050,0.5698,0.4909,0.5698,0.0352,本圈台阶完成,1,0.0000,0.150,0.330
4716.545,ROUNDABOUT,14.316,0,3.669,0.0000,0.0000,vision,3.669,icn_entry_left,0.1900,0.3600,1,line_center_tracking,-0.4075,-0.4075,-0.4075,-0.4075,0.2375,1,0.0000,0.0000,0.0000,-0.4075,0.3600,IDLE,1,0,step_done_latches_cleared,0,0,0.000,0,nan,nan,nan,0.0000,0,5,0.6050,0.5698,0.4909,0.5698,0.0352,本圈台阶完成,1,0.0000,0.150,0.330
4716.681,ROUNDABOUT,14.452,0,3.669,0.0000,0.0000,vision,3.669,icn_entry_left,0.1900,0.3600,1,line_recenter_transition,0.3091,0.3225,-0.3490,-0.3490,0.1750,2,0.6715,0.0000,0.6715,-0.1252,0.3600,IDLE,1,0,step_done_latches_cleared,0,0,0.000,0,nan,nan,nan,0.0000,0,5,0.6050,0.5698,0.4909,0.5698,0.0352,本圈台阶完成,1,0.0000,0.150,0.330
4716.822,ROUNDABOUT,14.593,0,3.669,0.0000,0.0000,vision,3.669,icn_entry_left,0.1900,0.3600,1,line_center_tracking,-0.0635,-0.0898,0.0042,0.0042,0.2106,2,0.0940,0.0000,0.0940,-0.0272,0.3600,IDLE,1,0,step_done_latches_cleared,0,0,0.000,0,nan,nan,nan,0.0000,0,5,0.6050,0.5698,0.4909,0.5698,0.0352,本圈台阶完成,1,0.0000,0.150,0.330
4716.952,ROUNDABOUT,14.723,0,3.669,0.0000,0.0000,vision,3.669,icn_entry_left,0.1900,0.3600,1,line_center_tracking,-0.4833,-0.4727,-0.5106,-0.5106,0.4456,2,0.0379,0.0000,0.0379,-0.4979,0.3600,IDLE,1,0,step_done_latches_cleared,0,0,0.000,0,nan,nan,nan,0.0000,0,5,0.6050,0.5698,0.4909,0.5698,0.0352,本圈台阶完成,1,0.0000,0.150,0.330
4717.083,ROUNDABOUT,14.854,0,3.669,0.0000,0.0000,vision,3.669,icn_entry_left,0.1900,0.3600,1,line_center_tracking,-0.1924,-0.1924,-0.1924,-0.1924,0.2375,1,0.0000,0.0000,0.0000,-0.1924,0.3600,IDLE,1,0,step_done_latches_cleared,0,0,0.000,0,nan,nan,nan,0.0000,0,5,0.6050,0.5698,0.4909,0.5698,0.0352,本圈台阶完成,1,0.0000,0.150,0.330
4717.211,ROUNDABOUT,14.982,0,3.669,0.0000,0.0000,vision,3.669,icn_entry_left,0.1900,0.3600,1,line_center_tracking,-0.3782,-0.3753,-0.3857,-0.3857,0.4459,2,0.0103,0.0000,0.0103,-0.3822,0.3600,IDLE,1,0,step_done_latches_cleared,0,0,0.000,0,nan,nan,nan,0.0000,0,5,0.6050,0.5698,0.4909,0.5698,0.0352,本圈台阶完成,1,0.0000,0.150,0.330
4717.339,ROUNDABOUT,15.110,0,3.669,0.0000,0.0000,vision,3.669,icn_entry_left,0.1900,0.3600,1,line_center_tracking,-0.4838,-0.4281,-0.6272,-0.6272,0.3208,2,0.1990,0.0000,0.1990,-0.5608,0.3600,IDLE,1,0,step_done_latches_cleared,0,0,0.000,0,nan,nan,nan,0.0000,0,5,0.6050,0.5698,0.4909,0.5698,0.0352,本圈台阶完成,1,0.0000,0.150,0.330
4717.474,ROUNDABOUT,15.245,0,3.669,0.0000,0.0000,vision,3.669,icn_entry_left,0.1900,0.3600,1,line_hard_turn_centering,-0.6609,-0.6609,-0.6609,-0.6609,0.2375,1,0.0000,0.0000,0.0000,-0.6609,0.3600,IDLE,1,0,step_done_latches_cleared,0,0,0.000,0,nan,nan,nan,0.0000,0,5,0.6050,0.5698,0.4909,0.5698,0.0352,本圈台阶完成,1,0.0000,0.150,0.330
4717.596,ROUNDABOUT,15.367,0,3.669,0.0000,0.0000,vision,3.669,icn_entry_left,0.1900,0.3600,1,line_center_tracking,-0.5074,-0.5074,-0.5074,-0.5074,0.2375,1,0.0000,0.0000,0.0000,-0.5074,0.3600,IDLE,1,0,step_done_latches_cleared,0,0,0.000,0,nan,nan,nan,0.0000,0,5,0.6050,0.5698,0.4909,0.5698,0.0352,本圈台阶完成,1,0.0000,0.150,0.330
4717.725,ROUNDABOUT,15.496,0,3.669,0.0000,0.0000,vision,3.669,icn_entry_left,0.1900,0.3600,0,line_too_few_bands,0.0000,0.0000,0.0000,0.0000,0.0000,0,0.0000,0.0000,0.0000,0.0000,0.3600,IDLE,1,0,step_done_latches_cleared,0,0,0.000,0,nan,nan,nan,0.0000,0,5,0.6050,0.5698,0.4909,0.5698,0.0352,本圈台阶完成,1,0.0000,0.150,0.330
4717.851,ROUNDABOUT,15.621,0,3.669,0.0000,0.0000,vision,3.669,icn_entry_left,0.1900,0.3600,1,line_hard_turn_centering,-0.5441,-0.5258,-0.7091,-0.7091,0.3330,2,0.1833,0.0000,0.1833,-0.6480,0.3600,IDLE,1,0,step_done_latches_cleared,0,0,0.000,0,nan,nan,nan,0.0000,0,5,0.6050,0.5698,0.4909,0.5698,0.0352,本圈台阶完成,1,0.0000,0.150,0.330
4717.995,ROUNDABOUT,15.766,0,3.669,0.0000,0.0000,vision,3.669,icn_entry_left,0.1900,0.3600,1,line_hard_turn_centering,-0.5706,-0.5534,-0.7250,-0.7250,0.3421,2,0.1715,0.0000,0.1715,-0.6678,0.3600,IDLE,1,0,step_done_latches_cleared,0,0,0.000,0,nan,nan,nan,0.0000,0,5,0.6050,0.5698,0.4909,0.5698,0.0352,本圈台阶完成,1,0.0000,0.150,0.330
4718.142,ROUNDABOUT,15.913,0,3.669,0.0000,0.0000,vision,3.669,icn_entry_left,0.1900,0.3600,1,line_hard_turn_centering,-0.5744,-0.5608,-0.6970,-0.6970,0.4053,2,0.1362,0.0000,0.1362,-0.6516,0.3600,IDLE,1,0,step_done_latches_cleared,0,0,0.000,0,nan,nan,nan,0.0000,0,5,0.6050,0.5698,0.4909,0.5698,0.0352,本圈台阶完成,1,0.0000,0.150,0.330
4718.288,ROUNDABOUT,16.059,0,3.669,0.0000,0.0000,vision,3.669,icn_entry_left,0.1900,0.3600,1,line_hard_turn_centering,-0.5896,-0.5829,-0.6497,-0.6497,0.5267,3,0.0668,0.0000,0.0668,-0.6274,0.3600,IDLE,1,0,step_done_latches_cleared,0,0,0.000,0,nan,nan,nan,0.0000,0,5,0.6050,0.5698,0.4909,0.5698,0.0352,本圈台阶完成,1,0.0000,0.150,0.330
4718.423,ROUNDABOUT,16.194,0,3.669,0.0000,0.0000,vision,3.669,icn_entry_left,0.1900,0.3600,1,line_hard_turn_centering,-0.5531,-0.5505,-0.5764,-0.5764,0.5484,3,0.0259,0.0000,0.0259,-0.5677,0.3600,IDLE,1,0,step_done_latches_cleared,0,0,0.000,0,nan,nan,nan,0.0000,0,5,0.6050,0.5698,0.4909,0.5698,0.0352,本圈台阶完成,1,0.0000,0.150,0.330
4718.564,ROUNDABOUT,16.335,0,3.669,0.4000,0.0000,vision,3.669,icn_entry_left,0.1900,0.3600,1,line_center_tracking,-0.4987,-0.4997,-0.4962,-0.4962,0.4652,2,0.0035,0.0000,0.0035,-0.4974,0.3600,IDLE,1,0,step_done_latches_cleared,0,0,0.000,0,nan,nan,nan,0.0000,0,5,0.6050,0.5698,0.4909,0.5698,0.0352,本圈台阶完成,1,0.0000,0.150,0.330
4718.700,ROUNDABOUT,16.471,0,3.669,0.0000,0.0000,vision,3.669,icn_entry_left,0.1900,0.3600,1,line_center_tracking,-0.4446,-0.4182,-0.5126,-0.5126,0.4267,2,0.0944,0.0000,0.0944,-0.4811,0.3600,IDLE,1,0,step_done_latches_cleared,0,0,0.000,0,nan,nan,nan,0.0000,0,5,0.6050,0.5698,0.4909,0.5698,0.0352,本圈台阶完成,1,0.0000,0.150,0.330
4718.839,ROUNDABOUT,16.610,0,3.669,0.0000,0.0000,vision,3.669,icn_entry_left,0.1900,0.3600,1,line_center_tracking,-0.5238,-0.5156,-0.5451,-0.5451,0.3922,2,0.0295,0.0000,0.0295,-0.5352,0.3600,IDLE,1,0,step_done_latches_cleared,0,0,0.000,0,nan,nan,nan,0.0000,0,5,0.6050,0.5698,0.4909,0.5698,0.0352,本圈台阶完成,1,0.0000,0.150,0.330
4718.970,ROUNDABOUT,16.741,0,3.669,0.6000,0.0000,vision,3.669,icn_entry_left,0.1900,0.3600,1,line_center_tracking,-0.5595,-0.4975,-0.7190,-0.7190,0.4421,3,0.2215,0.0000,0.2215,-0.6452,0.3600,IDLE,1,0,step_done_latches_cleared,0,0,0.000,0,nan,nan,nan,0.0000,0,5,0.6050,0.5698,0.4909,0.5698,0.0352,本圈台阶完成,1,0.0000,0.150,0.330
4719.103,ROUNDABOUT,16.874,0,3.669,0.8729,0.0000,vision,3.669,icn_entry_left,0.1900,0.3600,1,line_center_tracking,-0.3688,-0.3727,-0.3588,-0.3588,0.4357,2,0.0140,0.0000,0.0140,-0.3634,0.3600,IDLE,1,0,step_done_latches_cleared,0,0,0.000,0,nan,nan,nan,0.0000,0,5,0.6050,0.5698,0.4909,0.5698,0.0352,本圈台阶完成,1,0.0000,0.150,0.330
4719.236,ROUNDABOUT,17.007,0,3.669,0.0000,0.0000,vision,3.669,icn_entry_left,0.1900,0.3600,1,line_center_tracking,-0.2760,-0.2865,-0.2489,-0.2489,0.3691,2,0.0376,0.0000,0.0376,-0.2614,0.3600,IDLE,1,0,step_done_latches_cleared,0,0,0.000,0,nan,nan,nan,0.0000,0,5,0.6050,0.5698,0.4909,0.5698,0.0352,本圈台阶完成,1,0.0000,0.150,0.330
4719.370,ROUNDABOUT,17.141,0,3.669,0.0000,0.0000,vision,3.669,icn_entry_left,0.1900,0.3600,1,line_center_tracking,-0.1221,-0.1506,-0.0489,-0.0020,0.4301,2,0.1017,0.0469,0.1486,-0.0671,0.3600,IDLE,1,0,step_done_latches_cleared,0,0,0.000,0,nan,nan,nan,0.0000,0,5,0.6050,0.5698,0.4909,0.5698,0.0352,本圈台阶完成,1,0.0000,0.150,0.330
4719.500,ROUNDABOUT,17.271,0,3.669,0.9160,0.0000,vision,3.669,icn_entry_left,0.1900,0.3600,1,line_center_tracking,-0.0639,-0.0697,-0.0489,-0.0394,0.4659,2,0.0207,0.0096,0.0303,-0.0527,0.3600,IDLE,1,0,step_done_latches_cleared,0,0,0.000,0,nan,nan,nan,0.0000,0,5,0.6050,0.5698,0.4909,0.5698,0.0352,本圈台阶完成,1,0.0000,0.150,0.330
4719.631,ROUNDABOUT,17.402,0,3.669,0.8717,0.0000,vision,3.669,icn_entry_left,0.1900,0.3600,0,line_too_few_bands,0.0000,0.0000,0.0000,0.0000,0.0000,0,0.0000,0.0000,0.0000,0.0000,0.3600,IDLE,1,0,step_done_latches_cleared,0,0,0.000,0,nan,nan,nan,0.0000,0,5,0.6050,0.5698,0.4909,0.5698,0.0352,本圈台阶完成,1,0.0000,0.150,0.330
4719.765,ROUNDABOUT,17.536,0,3.669,0.8636,0.0000,vision,3.669,icn_entry_left,0.1900,0.3600,0,line_too_few_bands,0.0000,0.0000,0.0000,0.0000,0.0000,0,0.0000,0.0000,0.0000,0.0000,0.3600,IDLE,1,0,step_done_latches_cleared,0,0,0.000,0,nan,nan,nan,0.0000,0,5,0.6050,0.5698,0.4909,0.5698,0.0352,本圈台阶完成,1,0.0000,0.150,0.330
4719.891,ROUNDABOUT,17.662,0,3.669,0.0000,0.0000,vision,3.669,icn_entry_left,0.1900,0.3600,1,line_center_tracking,0.2741,0.2741,0.2741,0.2741,0.2375,1,0.0000,0.0000,0.0000,0.2741,0.3600,IDLE,1,0,step_done_latches_cleared,0,0,0.000,0,nan,nan,nan,0.0000,0,5,0.6050,0.5698,0.4909,0.5698,0.0352,本圈台阶完成,1,0.0000,0.150,0.330
4720.018,ROUNDABOUT,17.789,0,3.669,0.6000,0.0000,vision,3.669,icn_entry_left,0.1900,0.3600,1,line_recenter_transition,-0.2176,-0.2294,0.3602,0.3821,0.4171,3,0.5896,0.0219,0.6115,0.1710,0.3600,IDLE,1,0,step_done_latches_cleared,0,0,0.000,0,nan,nan,nan,0.0000,0,5,0.6050,0.5698,0.4909,0.5698,0.0352,本圈台阶完成,1,0.0000,0.150,0.330
4720.150,ROUNDABOUT,17.921,0,3.669,0.8000,0.0000,vision,3.669,icn_entry_left,0.1900,0.3600,1,line_recenter_transition,-0.2893,-0.3032,0.3915,0.1981,0.5293,4,0.6947,0.1934,0.5013,0.0955,0.3600,IDLE,1,0,step_done_latches_cleared,0,0,0.000,0,nan,nan,nan,0.0000,0,5,0.6050,0.5698,0.4909,0.5698,0.0352,本圈台阶完成,1,0.0000,0.150,0.330
4720.286,ROUNDABOUT,18.057,0,3.669,0.8000,0.0000,vision,3.669,icn_entry_left,0.1900,0.3600,1,line_center_tracking,-0.1813,-0.1859,-0.1695,-0.1695,0.4287,2,0.0165,0.0000,0.0165,-0.1750,0.3600,IDLE,1,0,step_done_latches_cleared,0,0,0.000,0,nan,nan,nan,0.0000,0,5,0.6050,0.5698,0.4909,0.5698,0.0352,本圈台阶完成,1,0.0000,0.150,0.330
4720.417,ROUNDABOUT,18.188,0,3.669,0.0000,0.0000,vision,3.669,icn_entry_left,0.1900,0.3600,1,line_center_tracking,-0.1212,-0.1212,-0.1212,-0.1212,0.2375,1,0.0000,0.0000,0.0000,-0.1212,0.3600,IDLE,1,0,step_done_latches_cleared,0,0,0.000,0,nan,nan,nan,0.0000,0,5,0.6050,0.5698,0.4909,0.5698,0.0352,本圈台阶完成,1,0.0000,0.150,0.330
4720.548,ROUNDABOUT,18.319,0,3.669,0.8000,0.0000,vision,3.669,icn_entry_left,0.1900,0.3600,1,line_center_tracking,-0.0288,-0.0288,-0.0288,-0.0288,0.2375,1,0.0000,0.0000,0.0000,-0.0288,0.3600,IDLE,1,0,step_done_latches_cleared,0,0,0.000,0,nan,nan,nan,0.0000,0,5,0.6050,0.5698,0.4909,0.5698,0.0352,本圈台阶完成,1,0.0000,0.150,0.330
4720.674,ROUNDABOUT,18.445,0,3.669,0.8000,0.0000,vision,3.669,icn_entry_left,0.1900,0.3600,1,line_center_tracking,0.0381,0.0381,0.0381,0.0381,0.2375,1,0.0000,0.0000,0.0000,0.0381,0.3600,IDLE,1,0,step_done_latches_cleared,0,0,0.000,0,nan,nan,nan,0.0000,0,5,0.6050,0.5698,0.4909,0.5698,0.0352,本圈台阶完成,1,0.0000,0.150,0.330
4720.808,ROUNDABOUT,18.579,0,3.669,0.8000,0.0000,vision,3.669,icn_entry_left,0.1900,0.3600,1,line_center_tracking,0.0973,0.0973,0.0973,0.0973,0.2375,1,0.0000,0.0000,0.0000,0.0973,0.3600,IDLE,1,0,step_done_latches_cleared,0,0,0.000,0,nan,nan,nan,0.0000,0,5,0.6050,0.5698,0.4909,0.5698,0.0352,本圈台阶完成,1,0.0000,0.150,0.330
4720.939,ROUNDABOUT,18.710,0,3.669,0.0000,0.0000,vision,3.669,icn_entry_left,0.1900,0.3600,1,line_center_tracking,0.1653,0.1653,0.1653,0.1653,0.2375,1,0.0000,0.0000,0.0000,0.1653,0.3600,IDLE,1,0,step_done_latches_cleared,0,0,0.000,0,nan,nan,nan,0.0000,0,5,0.6050,0.5698,0.4909,0.5698,0.0352,本圈台阶完成,1,0.0000,0.150,0.330
4721.072,ROUNDABOUT,18.843,0,3.669,0.0000,0.0000,vision,3.669,icn_entry_left,0.1900,0.3600,0,line_too_few_bands,0.0000,0.0000,0.0000,0.0000,0.0000,0,0.0000,0.0000,0.0000,0.0000,0.3600,IDLE,1,0,step_done_latches_cleared,0,0,0.000,0,nan,nan,nan,0.0000,0,5,0.6050,0.5698,0.4909,0.5698,0.0352,本圈台阶完成,1,0.0000,0.150,0.330
4721.205,ROUNDABOUT,18.976,0,3.669,0.0000,0.0000,vision,3.669,icn_entry_left,0.1900,0.3600,1,line_center_tracking,0.0322,0.0322,0.0322,0.0322,0.2375,1,0.0000,0.0000,0.0000,0.0322,0.3600,IDLE,1,0,step_done_latches_cleared,0,0,0.000,0,nan,nan,nan,0.0000,0,5,0.6050,0.5698,0.4909,0.5698,0.0352,本圈台阶完成,1,0.0000,0.150,0.330
4721.334,ROUNDABOUT,19.105,0,3.669,0.0000,0.0000,vision,3.669,icn_entry_left,0.1900,0.3600,1,line_center_tracking,0.1612,0.1612,0.1612,0.1612,0.2375,1,0.0000,0.0000,0.0000,0.1612,0.3600,IDLE,1,0,step_done_latches_cleared,0,0,0.000,0,nan,nan,nan,0.0000,0,5,0.6050,0.5698,0.4909,0.5698,0.0352,本圈台阶完成,1,0.0000,0.150,0.330
4721.466,ROUNDABOUT,19.237,0,3.669,0.0000,0.0000,vision,3.669,icn_entry_left,0.1900,0.3600,1,line_center_tracking,0.2341,0.2569,0.1755,0.1755,0.5334,3,0.0814,0.0000,0.0814,0.2026,0.3600,IDLE,1,0,step_done_latches_cleared,0,0,0.000,0,nan,nan,nan,0.0000,0,5,0.6050,0.5698,0.4909,0.5698,0.0352,本圈台阶完成,1,0.0000,0.150,0.330
4721.591,ROUNDABOUT,19.362,0,3.669,0.0000,0.0000,vision,3.669,icn_entry_left,0.1900,0.3600,1,line_center_tracking,0.3849,0.3849,0.3849,0.3849,0.2375,1,0.0000,0.0000,0.0000,0.3849,0.3600,IDLE,1,0,step_done_latches_cleared,0,0,0.000,0,nan,nan,nan,0.0000,0,5,0.6050,0.5698,0.4909,0.5698,0.0352,本圈台阶完成,1,0.0000,0.150,0.330
4721.722,ROUNDABOUT,19.493,0,3.669,0.0000,0.0000,vision,3.669,icn_entry_left,0.1900,0.3600,1,line_center_tracking,0.4599,0.4599,0.4599,0.4599,0.2375,1,0.0000,0.0000,0.0000,0.4599,0.3600,IDLE,1,0,step_done_latches_cleared,0,0,0.000,0,nan,nan,nan,0.0000,0,5,0.6050,0.5698,0.4909,0.5698,0.0352,本圈台阶完成,1,0.0000,0.150,0.330
4721.859,ROUNDABOUT,19.630,0,3.669,0.0000,0.0000,vision,3.669,icn_entry_left,0.1900,0.3600,0,line_too_few_bands,0.0000,0.0000,0.0000,0.0000,0.0000,0,0.0000,0.0000,0.0000,0.0000,0.3600,IDLE,1,0,step_done_latches_cleared,0,0,0.000,0,nan,nan,nan,0.0000,0,5,0.6050,0.5698,0.4909,0.5698,0.0352,本圈台阶完成,1,0.0000,0.150,0.330
4721.984,ROUNDABOUT,19.755,0,3.669,0.2000,0.0000,vision,3.669,icn_entry_left,0.1900,0.3600,1,line_center_tracking,0.3242,0.3923,0.1490,0.1490,0.3713,2,0.2433,0.0000,0.2433,0.2301,0.3600,IDLE,1,0,step_done_latches_cleared,0,0,0.000,0,nan,nan,nan,0.0000,0,5,0.6050,0.5698,0.4909,0.5698,0.0352,本圈台阶完成,1,0.0000,0.150,0.330
4722.117,ROUNDABOUT,19.888,0,3.669,0.0000,0.0000,vision,3.669,icn_entry_left,0.1900,0.3600,1,line_center_tracking,0.3768,0.4557,0.1740,0.1740,0.4688,3,0.2817,0.0000,0.2817,0.2679,0.3600,IDLE,1,0,step_done_latches_cleared,0,0,0.000,0,nan,nan,nan,0.0000,0,5,0.6050,0.5698,0.4909,0.5698,0.0352,本圈台阶完成,1,0.0000,0.150,0.330
4722.246,ROUNDABOUT,20.017,0,3.669,0.0000,0.0000,vision,3.669,icn_entry_left,0.1900,0.3600,1,line_hard_turn_centering,0.6051,0.6051,0.6051,0.6051,0.2375,1,0.0000,0.0000,0.0000,0.6051,0.3600,IDLE,1,0,step_done_latches_cleared,0,0,0.000,0,nan,nan,nan,0.0000,0,5,0.6050,0.5698,0.4909,0.5698,0.0352,本圈台阶完成,1,0.0000,0.150,0.330
4722.378,ROUNDABOUT,20.149,0,3.669,0.0000,0.0000,vision,3.669,icn_entry_left,0.1900,0.3600,0,line_too_few_bands,0.0000,0.0000,0.0000,0.0000,0.0000,0,0.0000,0.0000,0.0000,0.0000,0.3600,IDLE,1,0,step_done_latches_cleared,0,0,0.000,0,nan,nan,nan,0.0000,0,5,0.6050,0.5698,0.4909,0.5698,0.0352,本圈台阶完成,1,0.0000,0.150,0.330
4722.510,ROUNDABOUT,20.281,0,3.669,0.2000,0.0000,vision,3.669,icn_entry_left,0.1900,0.3600,1,line_hard_turn_centering,0.5012,0.5389,0.1623,0.1623,0.3145,2,0.3766,0.0000,0.3766,0.2879,0.3600,IDLE,1,0,step_done_latches_cleared,0,0,0.000,0,nan,nan,nan,0.0000,0,5,0.6050,0.5698,0.4909,0.5698,0.0352,本圈台阶完成,1,0.0000,0.150,0.330
4722.640,ROUNDABOUT,20.411,0,3.669,0.0000,0.0000,vision,3.669,icn_entry_left,0.1900,0.3600,1,line_hard_turn_centering,0.5045,0.5394,0.1904,0.1904,0.4521,3,0.3490,0.0000,0.3490,0.3068,0.3600,IDLE,1,0,step_done_latches_cleared,0,0,0.000,0,nan,nan,nan,0.0000,0,5,0.6050,0.5698,0.4909,0.5698,0.0352,本圈台阶完成,1,0.0000,0.150,0.330
4722.780,ROUNDABOUT,20.551,0,3.669,0.0000,0.0000,vision,3.669,icn_entry_left,0.1900,0.3600,1,line_hard_turn_centering,0.6798,0.6798,0.6798,0.6798,0.2375,1,0.0000,0.0000,0.0000,0.6798,0.3600,IDLE,1,0,step_done_latches_cleared,0,0,0.000,0,nan,nan,nan,0.0000,0,5,0.6050,0.5698,0.4909,0.5698,0.0352,本圈台阶完成,1,0.0000,0.150,0.330
4722.916,ROUNDABOUT,20.687,0,3.669,0.0000,0.0000,vision,3.669,icn_entry_left,0.1900,0.3600,1,line_hard_turn_centering,0.5245,0.5690,0.1240,0.1240,0.2854,2,0.4450,0.0000,0.4450,0.2724,0.3600,IDLE,1,0,step_done_latches_cleared,0,0,0.000,0,nan,nan,nan,0.0000,0,5,0.6050,0.5698,0.4909,0.5698,0.0352,本圈台阶完成,1,0.0000,0.150,0.330
4723.051,ROUNDABOUT,20.822,0,3.669,0.0000,0.0000,vision,3.669,icn_entry_left,0.1900,0.3600,1,line_hard_turn_centering,0.4936,0.5348,0.1228,0.1228,0.4278,3,0.4120,0.0000,0.4120,0.2601,0.3600,IDLE,1,0,step_done_latches_cleared,0,0,0.000,0,nan,nan,nan,0.0000,0,5,0.6050,0.5698,0.4909,0.5698,0.0352,本圈台阶完成,1,0.0000,0.150,0.330
4723.183,ROUNDABOUT,20.954,0,3.669,0.0000,0.0000,vision,3.669,icn_entry_left,0.1900,0.3600,1,line_center_tracking,0.3505,0.4895,-0.0072,-0.0072,0.2194,2,0.4967,0.0000,0.4967,0.1584,0.3600,IDLE,1,0,step_done_latches_cleared,0,0,0.000,0,nan,nan,nan,0.0000,0,5,0.6050,0.5698,0.4909,0.5698,0.0352,本圈台阶完成,1,0.0000,0.150,0.330
4723.348,ROUNDABOUT,21.119,0,3.669,0.0000,0.0000,vision,3.669,icn_entry_left,0.1900,0.3600,1,line_recenter_transition,0.5083,0.5193,-0.0312,-0.0312,0.2404,2,0.5504,0.0000,0.5504,0.1523,0.3600,IDLE,1,0,step_done_latches_cleared,0,0,0.000,0,nan,nan,nan,0.0000,0,5,0.6050,0.5698,0.4909,0.5698,0.0352,本圈台阶完成,1,0.0000,0.150,0.330
4723.488,ROUNDABOUT,21.259,0,3.669,0.0000,0.0000,vision,3.669,icn_entry_left,0.1900,0.3600,1,line_recenter_transition,0.4227,0.4355,-0.2027,-0.2027,0.3693,3,0.6382,0.0000,0.6382,0.0100,0.3600,IDLE,1,0,step_done_latches_cleared,0,0,0.000,0,nan,nan,nan,0.0000,0,5,0.6050,0.5698,0.4909,0.5698,0.0352,本圈台阶完成,1,0.0000,0.150,0.330
4723.624,ROUNDABOUT,21.395,0,3.669,0.0000,0.0000,vision,3.669,icn_entry_left,0.1900,0.3600,1,line_center_tracking,0.3586,0.3755,0.3153,0.3153,0.3057,2,0.0602,0.0000,0.0602,0.3353,0.3600,IDLE,1,0,step_done_latches_cleared,0,0,0.000,0,nan,nan,nan,0.0000,0,5,0.6050,0.5698,0.4909,0.5698,0.0352,本圈台阶完成,1,0.0000,0.150,0.330
4723.759,ROUNDABOUT,21.530,0,3.669,0.0000,0.0000,vision,3.669,icn_entry_left,0.1900,0.3600,1,line_center_tracking,0.2904,0.3011,0.2630,0.2630,0.3677,2,0.0382,0.0000,0.0382,0.2757,0.3600,IDLE,1,0,step_done_latches_cleared,0,0,0.000,0,nan,nan,nan,0.0000,0,5,0.6050,0.5698,0.4909,0.5698,0.0352,本圈台阶完成,1,0.0000,0.150,0.330
4723.884,ROUNDABOUT,21.655,0,3.669,0.0000,0.0000,vision,3.669,icn_entry_left,0.1900,0.3600,1,line_center_tracking,0.1286,0.1473,0.0807,0.0807,0.2878,2,0.0666,0.0000,0.0666,0.1029,0.3600,IDLE,1,0,step_done_latches_cleared,0,0,0.000,0,nan,nan,nan,0.0000,0,5,0.6050,0.5698,0.4909,0.5698,0.0352,本圈台阶完成,1,0.0000,0.150,0.330
4724.014,ROUNDABOUT,21.785,0,3.669,0.0000,0.0000,vision,3.669,icn_entry_left,0.1900,0.3600,1,line_recenter_transition,0.1364,0.1512,-0.5911,-0.5911,0.1750,2,0.7424,0.0000,0.7424,-0.3437,0.3600,IDLE,1,0,step_done_latches_cleared,0,0,0.000,0,nan,nan,nan,0.0000,0,5,0.6050,0.5698,0.4909,0.5698,0.0352,本圈台阶完成,1,0.0000,0.150,0.330
4724.152,ROUNDABOUT,21.923,0,3.669,0.0000,0.0000,vision,3.669,icn_entry_left,0.1900,0.3600,1,line_center_tracking,0.2006,0.2006,0.2006,0.2006,0.2375,1,0.0000,0.0000,0.0000,0.2006,0.3600,IDLE,1,0,step_done_latches_cleared,0,0,0.000,0,nan,nan,nan,0.0000,0,5,0.6050,0.5698,0.4909,0.5698,0.0352,本圈台阶完成,1,0.0000,0.150,0.330
4724.306,ROUNDABOUT,22.077,0,3.669,0.0000,0.0000,vision,3.669,icn_entry_left,0.1900,0.3600,0,line_too_few_bands,0.0000,0.0000,0.0000,0.0000,0.0000,0,0.0000,0.0000,0.0000,0.0000,0.3600,IDLE,1,0,step_done_latches_cleared,0,0,0.000,0,nan,nan,nan,0.0000,0,5,0.6050,0.5698,0.4909,0.5698,0.0352,本圈台阶完成,1,0.0000,0.150,0.330
4724.462,ROUNDABOUT,22.233,0,3.669,0.0000,0.0000,vision,3.669,icn_entry_left,0.1900,0.3600,0,line_too_few_bands,0.0000,0.0000,0.0000,0.0000,0.0000,0,0.0000,0.0000,0.0000,0.0000,0.3600,IDLE,1,0,step_done_latches_cleared,0,0,0.000,0,nan,nan,nan,0.0000,0,5,0.6050,0.5698,0.4909,0.5698,0.0352,本圈台阶完成,1,0.0000,0.150,0.330
4724.606,ROUNDABOUT,22.377,0,3.669,0.0000,0.0000,vision,3.669,icn_entry_left,0.1900,0.3600,0,line_too_few_bands,0.0000,0.0000,0.0000,0.0000,0.0000,0,0.0000,0.0000,0.0000,0.0000,0.3600,IDLE,1,0,step_done_latches_cleared,0,0,0.000,0,nan,nan,nan,0.0000,0,5,0.6050,0.5698,0.4909,0.5698,0.0352,本圈台阶完成,1,0.0000,0.150,0.330
4724.731,ROUNDABOUT,22.502,0,3.669,0.0000,0.0000,vision,3.669,icn_entry_left,0.1900,0.3600,0,line_too_few_bands,0.0000,0.0000,0.0000,0.0000,0.0000,0,0.0000,0.0000,0.0000,0.0000,0.3600,IDLE,1,0,step_done_latches_cleared,0,0,0.000,0,nan,nan,nan,0.0000,0,5,0.6050,0.5698,0.4909,0.5698,0.0352,本圈台阶完成,1,0.0000,0.150,0.330
4724.870,ROUNDABOUT,22.641,0,3.669,0.0000,0.0000,vision,3.669,icn_entry_left,0.1900,0.3600,0,line_too_few_bands,0.0000,0.0000,0.0000,0.0000,0.0000,0,0.0000,0.0000,0.0000,0.0000,0.3600,IDLE,1,0,step_done_latches_cleared,0,0,0.000,0,nan,nan,nan,0.0000,0,5,0.6050,0.5698,0.4909,0.5698,0.0352,本圈台阶完成,1,0.0000,0.150,0.330
4724.998,ROUNDABOUT,22.769,0,3.669,0.0000,0.0000,vision,3.669,icn_entry_left,0.1900,0.3600,0,line_too_few_bands,0.0000,0.0000,0.0000,0.0000,0.0000,0,0.0000,0.0000,0.0000,0.0000,0.3600,IDLE,1,0,step_done_latches_cleared,0,0,0.000,0,nan,nan,nan,0.0000,0,5,0.6050,0.5698,0.4909,0.5698,0.0352,本圈台阶完成,1,0.0000,0.150,0.330
4725.132,ROUNDABOUT,22.903,0,3.669,0.0000,0.0000,vision,3.669,icn_entry_left,0.1900,0.3600,0,line_too_few_bands,0.0000,0.0000,0.0000,0.0000,0.0000,0,0.0000,0.0000,0.0000,0.0000,0.3600,IDLE,1,0,step_done_latches_cleared,0,0,0.000,0,nan,nan,nan,0.0000,0,5,0.6050,0.5698,0.4909,0.5698,0.0352,本圈台阶完成,1,0.0000,0.150,0.330
4725.255,ROUNDABOUT,23.026,0,3.669,0.0000,0.0000,vision,3.669,icn_entry_left,0.1900,0.3600,0,line_too_few_bands,0.0000,0.0000,0.0000,0.0000,0.0000,0,0.0000,0.0000,0.0000,0.0000,0.3600,IDLE,1,0,step_done_latches_cleared,0,0,0.000,0,nan,nan,nan,0.0000,0,5,0.6050,0.5698,0.4909,0.5698,0.0352,本圈台阶完成,1,0.0000,0.150,0.330
4725.377,ROUNDABOUT,23.148,0,3.669,0.0000,0.0000,vision,3.669,icn_entry_left,0.1900,0.3600,0,line_too_few_bands,0.0000,0.0000,0.0000,0.0000,0.0000,0,0.0000,0.0000,0.0000,0.0000,0.3600,IDLE,1,0,step_done_latches_cleared,0,0,0.000,0,nan,nan,nan,0.0000,0,5,0.6050,0.5698,0.4909,0.5698,0.0352,本圈台阶完成,1,0.0000,0.150,0.330
4725.502,ROUNDABOUT,23.273,0,3.669,0.0000,0.0000,vision,3.669,icn_entry_left,0.1900,0.3600,0,line_too_few_bands,0.0000,0.0000,0.0000,0.0000,0.0000,0,0.0000,0.0000,0.0000,0.0000,0.3600,IDLE,1,0,step_done_latches_cleared,0,0,0.000,0,nan,nan,nan,0.0000,0,5,0.6050,0.5698,0.4909,0.5698,0.0352,本圈台阶完成,1,0.0000,0.150,0.330
4725.631,ROUNDABOUT,23.402,0,3.669,0.0000,0.0000,vision,3.669,icn_entry_left,0.1900,0.3600,0,line_too_few_bands,0.0000,0.0000,0.0000,0.0000,0.0000,0,0.0000,0.0000,0.0000,0.0000,0.3600,IDLE,1,0,step_done_latches_cleared,0,0,0.000,0,nan,nan,nan,0.0000,0,5,0.6050,0.5698,0.4909,0.5698,0.0352,本圈台阶完成,1,0.0000,0.150,0.330
4725.764,ROUNDABOUT,23.534,0,3.669,0.0000,0.0000,vision,3.669,icn_entry_left,0.1900,0.3600,0,line_too_few_bands,0.0000,0.0000,0.0000,0.0000,0.0000,0,0.0000,0.0000,0.0000,0.0000,0.3600,IDLE,1,0,step_done_latches_cleared,0,0,0.000,0,nan,nan,nan,0.0000,0,5,0.6050,0.5698,0.4909,0.5698,0.0352,本圈台阶完成,1,0.0000,0.150,0.330
4725.887,ROUNDABOUT,23.657,0,3.669,0.0000,0.0000,vision,3.669,icn_entry_left,0.1900,0.3600,0,line_too_few_bands,0.0000,0.0000,0.0000,0.0000,0.0000,0,0.0000,0.0000,0.0000,0.0000,0.3600,IDLE,1,0,step_done_latches_cleared,0,0,0.000,0,nan,nan,nan,0.0000,0,5,0.6050,0.5698,0.4909,0.5698,0.0352,本圈台阶完成,1,0.0000,0.150,0.330
4726.015,ROUNDABOUT_FOLLOW,0.000,0,3.669,0.0000,0.0000,vision,3.669,roundabout_blue_guard_left,0.1413,0.3000,0,line_too_few_bands,0.0000,0.0000,0.0000,0.0000,0.0000,0,0.0000,0.0000,0.0000,0.0000,0.3000,IDLE,1,0,step_done_latches_cleared,0,0,0.000,0,1.2700,nan,0.0448,0.8731,3,5,0.6050,0.5698,0.4909,0.5698,0.0352,本圈台阶完成,1,0.0000,0.150,0.330
4726.151,ROUNDABOUT_FOLLOW,0.137,0,3.669,0.0000,0.0000,vision,3.669,roundabout_blue_guard_left,0.0907,0.3000,0,line_too_few_bands,0.0000,0.0000,0.0000,0.0000,0.0000,0,0.0000,0.0000,0.0000,0.0000,0.3000,IDLE,1,0,step_done_latches_cleared,0,0,0.000,1,1.2400,nan,0.0459,0.9146,7,5,0.6050,0.5698,0.4909,0.5698,0.0352,本圈台阶完成,1,0.0000,0.150,0.330
4726.286,ROUNDABOUT_FOLLOW,0.271,0,3.669,0.0000,0.0000,vision,3.669,roundabout_blue_guard_left,0.0450,0.3000,0,line_too_few_bands,0.0000,0.0000,0.0000,0.0000,0.0000,0,0.0000,0.0000,0.0000,0.0000,0.3000,IDLE,1,0,step_done_latches_cleared,0,0,0.000,1,1.2100,nan,0.0481,0.9430,11,5,0.6050,0.5698,0.4909,0.5698,0.0352,本圈台阶完成,1,0.0000,0.150,0.330
4726.415,ROUNDABOUT_FOLLOW,0.400,0,3.669,0.0000,0.0000,vision,3.669,roundabout_blue_guard_left,0.0450,0.3000,0,line_too_few_bands,0.0000,0.0000,0.0000,0.0000,0.0000,0,0.0000,0.0000,0.0000,0.0000,0.3000,IDLE,1,0,step_done_latches_cleared,0,0,1.000,1,1.1800,1.1800,0.0486,0.9510,15,5,0.6050,0.5698,0.4909,0.5698,0.0352,本圈台阶完成,1,0.0000,0.150,0.330
4726.549,ROUNDABOUT_FOLLOW,0.535,0,3.669,0.0000,0.0000,vision,3.669,roundabout_blue_guard_left,0.0450,0.3000,0,line_too_few_bands,0.0000,0.0000,0.0000,0.0000,0.0000,0,0.0000,0.0000,0.0000,0.0000,0.3000,IDLE,1,0,step_done_latches_cleared,0,0,2.000,1,1.1700,1.1750,0.0488,0.9547,19,5,0.6050,0.5698,0.4909,0.5698,0.0352,本圈台阶完成,1,0.0000,0.150,0.330
4726.671,ROUNDABOUT_FOLLOW,0.656,0,3.669,0.0000,0.0000,vision,3.669,roundabout_blue_guard_left,0.0450,0.3000,0,line_too_few_bands,0.0000,0.0000,0.0000,0.0000,0.0000,0,0.0000,0.0000,0.0000,0.0000,0.3000,IDLE,1,0,step_done_latches_cleared,0,0,3.000,1,1.1800,1.1800,0.0494,0.9630,22,5,0.6050,0.5698,0.4909,0.5698,0.0352,本圈台阶完成,1,0.0000,0.150,0.330
4726.818,ROUNDABOUT_FOLLOW,0.803,0,3.669,0.0000,0.0000,vision,3.669,roundabout_blue_guard_left,0.0450,0.3000,0,line_too_few_bands,0.0000,0.0000,0.0000,0.0000,0.0000,0,0.0000,0.0000,0.0000,0.0000,0.3000,IDLE,1,0,step_done_latches_cleared,0,0,4.000,1,1.1900,1.1800,0.0524,0.9391,26,5,0.6050,0.5698,0.4909,0.5698,0.0352,本圈台阶完成,1,0.0000,0.150,0.330
4726.948,ROUNDABOUT_FOLLOW,0.934,0,3.669,0.0000,0.0000,vision,3.669,roundabout_blue_guard_left,0.0450,0.3000,0,line_too_few_bands,0.0000,0.0000,0.0000,0.0000,0.0000,0,0.0000,0.0000,0.0000,0.0000,0.3000,IDLE,1,0,step_done_latches_cleared,0,0,3.400,1,1.2000,1.1800,0.0523,0.9414,29,5,0.6050,0.5698,0.4909,0.5698,0.0352,本圈台阶完成,1,0.0000,0.150,0.330
4727.076,ROUNDABOUT_FOLLOW,1.062,0,3.669,0.0000,0.0000,vision,3.669,roundabout_blue_guard_left,0.0450,0.3000,0,line_too_few_bands,0.0000,0.0000,0.0000,0.0000,0.0000,0,0.0000,0.0000,0.0000,0.0000,0.3000,IDLE,1,0,step_done_latches_cleared,0,0,2.800,1,1.2000,1.1800,0.0527,0.9344,32,5,0.6050,0.5698,0.4909,0.5698,0.0352,本圈台阶完成,1,0.0000,0.150,0.330
4727.210,ROUNDABOUT_FOLLOW,1.196,0,3.669,0.0000,0.0000,vision,3.669,roundabout_blue_guard_left,0.0450,0.3000,0,line_too_few_bands,0.0000,0.0000,0.0000,0.0000,0.0000,0,0.0000,0.0000,0.0000,0.0000,0.3000,IDLE,1,0,step_done_latches_cleared,0,0,2.200,1,1.2100,1.1800,0.0551,0.9038,36,5,0.6050,0.5698,0.4909,0.5698,0.0352,本圈台阶完成,1,0.0000,0.150,0.330
4727.338,ROUNDABOUT_FOLLOW,1.323,0,3.669,0.0000,0.0000,vision,3.669,roundabout_blue_guard_left,0.0450,0.3000,0,line_too_few_bands,0.0000,0.0000,0.0000,0.0000,0.0000,0,0.0000,0.0000,0.0000,0.0000,0.3000,IDLE,1,0,step_done_latches_cleared,0,0,1.600,1,1.2100,1.1800,0.0544,0.9140,39,5,0.6050,0.5698,0.4909,0.5698,0.0352,本圈台阶完成,1,0.0000,0.150,0.330
4727.466,ROUNDABOUT_FOLLOW,1.451,0,3.669,0.0000,0.0000,vision,3.669,roundabout_blue_guard_left,0.0450,0.3000,0,line_too_few_bands,0.0000,0.0000,0.0000,0.0000,0.0000,0,0.0000,0.0000,0.0000,0.0000,0.3000,IDLE,1,0,step_done_latches_cleared,0,0,1.000,1,1.2100,1.1850,0.0533,0.9283,42,5,0.6050,0.5698,0.4909,0.5698,0.0352,本圈台阶完成,1,0.0000,0.150,0.330
4727.591,ROUNDABOUT_FOLLOW,1.577,0,3.669,0.0000,0.0000,vision,3.669,roundabout_blue_guard_left,0.0450,0.3000,0,line_too_few_bands,0.0000,0.0000,0.0000,0.0000,0.0000,0,0.0000,0.0000,0.0000,0.0000,0.3000,IDLE,1,0,step_done_latches_cleared,0,0,0.400,1,1.2000,1.1900,0.0547,0.9091,46,5,0.6050,0.5698,0.4909,0.5698,0.0352,本圈台阶完成,1,0.0000,0.150,0.330
4727.715,ROUNDABOUT_FOLLOW,1.701,0,3.669,0.0000,0.0000,vision,3.669,roundabout_blue_guard_left,0.0450,0.3000,0,line_too_few_bands,0.0000,0.0000,0.0000,0.0000,0.0000,0,0.0000,0.0000,0.0000,0.0000,0.3000,IDLE,1,0,step_done_latches_cleared,0,0,0.000,1,1.2000,nan,0.0542,0.9166,49,5,0.6050,0.5698,0.4909,0.5698,0.0352,本圈台阶完成,1,0.0000,0.150,0.330
4727.841,ROUNDABOUT_FOLLOW,1.827,0,3.669,0.0000,0.0000,vision,3.669,roundabout_blue_guard_left,0.0450,0.3000,0,line_too_few_bands,0.0000,0.0000,0.0000,0.0000,0.0000,0,0.0000,0.0000,0.0000,0.0000,0.3000,IDLE,1,0,step_done_latches_cleared,0,0,1.000,1,1.1900,1.1900,0.0558,0.8956,52,5,0.6050,0.5698,0.4909,0.5698,0.0352,本圈台阶完成,1,0.0000,0.150,0.330
4727.967,ROUNDABOUT_FOLLOW,1.952,0,3.669,0.0000,0.0000,vision,3.669,roundabout_blue_guard_left,0.0450,0.3000,0,line_too_few_bands,0.0000,0.0000,0.0000,0.0000,0.0000,0,0.0000,0.0000,0.0000,0.0000,0.3000,IDLE,1,0,step_done_latches_cleared,0,0,2.000,1,1.1900,1.1900,0.0548,0.9080,55,5,0.6050,0.5698,0.4909,0.5698,0.0352,本圈台阶完成,1,0.0000,0.150,0.330
4728.107,ROUNDABOUT_FOLLOW,2.093,0,3.669,0.0000,0.0000,vision,3.669,roundabout_blue_guard_left,0.0450,0.3000,0,line_too_few_bands,0.0000,0.0000,0.0000,0.0000,0.0000,0,0.0000,0.0000,0.0000,0.0000,0.3000,IDLE,1,0,step_done_latches_cleared,0,0,3.000,1,1.1800,1.1900,0.0540,0.9189,59,5,0.6050,0.5698,0.4909,0.5698,0.0352,本圈台阶完成,1,0.0000,0.150,0.330
4728.244,ROUNDABOUT_FOLLOW,2.230,0,3.669,0.0000,0.0000,vision,3.669,roundabout_blue_guard_left,0.0450,0.3000,0,line_too_few_bands,0.0000,0.0000,0.0000,0.0000,0.0000,0,0.0000,0.0000,0.0000,0.0000,0.3000,IDLE,1,0,step_done_latches_cleared,0,0,4.000,1,1.1700,1.1850,0.0538,0.9222,63,5,0.6050,0.5698,0.4909,0.5698,0.0352,本圈台阶完成,1,0.0000,0.150,0.330
4728.374,ROUNDABOUT_FOLLOW,2.359,0,3.669,0.0000,0.0000,vision,3.669,roundabout_blue_guard_left,0.0450,0.3000,1,line_center_tracking,0.0095,0.0095,0.0095,0.0095,0.2375,1,0.0000,0.0000,0.0000,0.0095,0.3000,IDLE,1,0,step_done_latches_cleared,0,0,5.000,1,1.1600,1.1800,0.0537,0.9237,66,5,0.6050,0.5698,0.4909,0.5698,0.0352,本圈台阶完成,1,0.0000,0.150,0.330
4728.512,ROUNDABOUT_FOLLOW,2.498,0,3.669,0.0000,0.0000,vision,3.669,roundabout_blue_guard_left,0.0450,0.3000,1,line_center_tracking,-0.3015,-0.2183,-0.5156,-0.5156,0.2446,2,0.2973,0.0000,0.2973,-0.4165,0.3000,IDLE,1,0,step_done_latches_cleared,0,0,6.000,1,1.1400,1.1700,0.0548,0.9094,70,5,0.6050,0.5698,0.4909,0.5698,0.0352,本圈台阶完成,1,0.0000,0.150,0.330
4728.645,ROUNDABOUT_FOLLOW,2.631,0,3.669,0.0000,0.0000,vision,3.669,roundabout_follow_left_locked,0.0954,0.2664,1,line_center_tracking,-0.2466,-0.1720,-0.4386,-0.4386,0.2684,2,0.2666,0.0000,0.2666,-0.3497,0.2664,IDLE,1,0,step_done_latches_cleared,0,0,6.000,1,1.1300,1.1600,0.0550,0.9066,74,5,0.6050,0.5698,0.4909,0.5698,0.0352,本圈台阶完成,1,0.0000,0.150,0.330
4728.778,ROUNDABOUT_FOLLOW,2.764,0,3.669,0.0000,0.0000,vision,3.669,roundabout_follow_left_locked,0.1460,0.0884,1,line_center_tracking,0.0585,0.0585,0.0585,0.0585,0.2375,1,0.0000,0.0000,0.0000,0.0585,0.0884,IDLE,1,0,step_done_latches_cleared,0,0,6.000,1,1.1150,1.1400,0.0550,0.9065,78,5,0.6050,0.5698,0.4909,0.5698,0.0352,本圈台阶完成,1,0.0000,0.150,0.330
4728.909,ROUNDABOUT_FOLLOW,2.895,0,3.669,0.0000,0.0000,vision,3.669,roundabout_follow_left_locked,0.1958,-0.0216,1,line_center_tracking,0.1220,0.1220,0.1220,0.1220,0.2375,1,0.0000,0.0000,0.0000,0.1220,-0.0216,IDLE,1,0,step_done_latches_cleared,0,0,6.000,1,1.1400,1.1400,0.0560,0.8932,82,5,0.6050,0.5698,0.4909,0.5698,0.0352,本圈台阶完成,1,0.0000,0.150,0.330
4729.041,ROUNDABOUT_FOLLOW,3.027,0,3.669,0.0000,0.0000,vision,3.669,roundabout_follow_left_locked,0.2171,-0.0400,1,line_center_tracking,0.1692,0.1692,0.1692,0.1692,0.2375,1,0.0000,0.0000,0.0000,0.1692,-0.0400,IDLE,1,0,step_done_latches_cleared,0,0,6.000,1,1.1850,1.1400,0.0550,0.9058,87,5,0.6050,0.5698,0.4909,0.5698,0.0352,本圈台阶完成,1,0.0000,0.150,0.330
4729.168,ROUNDABOUT_FOLLOW,3.153,0,3.669,0.0000,0.0000,vision,3.669,roundabout_follow_left_locked,0.2110,-0.0400,1,line_center_tracking,0.2004,0.2004,0.2004,0.2004,0.2375,1,0.0000,0.0000,0.0000,0.2004,-0.0400,IDLE,1,0,step_done_latches_cleared,0,0,5.400,1,1.2350,1.1400,0.0558,0.8948,91,5,0.6050,0.5698,0.4909,0.5698,0.0352,本圈台阶完成,1,0.0000,0.150,0.330
4729.295,ROUNDABOUT_FOLLOW,3.280,0,3.669,0.0000,0.0000,vision,3.669,roundabout_follow_left_locked,0.1967,-0.0400,1,line_recenter_transition,0.1113,0.1176,-0.1942,-0.1942,0.4553,3,0.3118,0.0000,0.3118,-0.0903,-0.0400,IDLE,1,0,step_done_latches_cleared,0,0,4.800,1,1.3300,1.1400,0.0567,0.8833,95,5,0.6050,0.5698,0.4909,0.5698,0.0352,本圈台阶完成,1,0.0000,0.150,0.330
4729.428,ROUNDABOUT_FOLLOW,3.413,0,3.669,0.0000,0.0000,vision,3.669,roundabout_follow_left_locked,0.1943,-0.0400,1,line_recenter_transition,0.1303,0.1368,-0.1887,-0.1887,0.4562,3,0.3255,0.0000,0.3255,-0.0802,-0.0400,IDLE,1,0,step_done_latches_cleared,0,0,4.200,1,1.3400,1.1350,0.0550,0.9034,99,5,0.6050,0.5698,0.4909,0.5698,0.0352,本圈台阶完成,1,0.0000,0.150,0.330
4729.563,ROUNDABOUT_FOLLOW,3.549,0,3.669,0.0000,0.0000,vision,3.669,roundabout_follow_left_locked,0.2062,-0.0400,1,line_center_tracking,0.2253,0.2253,0.2253,0.2253,0.2375,1,0.0000,0.0000,0.0000,0.2253,-0.0400,IDLE,1,0,step_done_latches_cleared,0,0,3.600,1,1.3300,1.1400,0.0499,0.8960,103,5,0.6050,0.5698,0.4909,0.5698,0.0352,本圈台阶完成,1,0.0000,0.150,0.330
4729.689,ROUNDABOUT_FOLLOW,3.674,0,3.669,0.0000,0.0000,vision,3.669,roundabout_follow_left_locked,0.2023,-0.0400,1,line_center_tracking,-0.0516,0.0265,-0.2525,-0.2525,0.2588,2,0.2790,0.0000,0.2790,-0.1595,-0.0400,IDLE,1,0,step_done_latches_cleared,0,0,3.000,0,nan,1.1625,nan,0.0000,0,5,0.6050,0.5698,0.4909,0.5698,0.0352,本圈台阶完成,1,0.0000,0.150,0.330
4729.823,ROUNDABOUT_FOLLOW,3.809,0,3.669,0.0000,0.0000,vision,3.669,roundabout_follow_left_locked,0.2109,-0.0111,1,line_center_tracking,-0.0375,0.0266,-0.2021,-0.2021,0.2978,2,0.2287,0.0000,0.2287,-0.1259,-0.0111,IDLE,1,0,step_done_latches_cleared,0,0,2.400,0,nan,1.1850,nan,0.0000,0,5,0.6050,0.5698,0.4909,0.5698,0.0352,本圈台阶完成,1,0.0000,0.150,0.330
4729.955,ROUNDABOUT_FOLLOW,3.941,0,3.669,0.0000,0.0000,vision,3.669,roundabout_follow_left_locked,0.1822,0.0473,1,line_center_tracking,-0.0949,0.0161,-0.3805,-0.3805,0.3060,2,0.3966,0.0000,0.3966,-0.2483,0.0473,IDLE,1,0,step_done_latches_cleared,0,0,1.800,0,nan,nan,nan,0.0000,0,5,0.6050,0.5698,0.4909,0.5698,0.0352,本圈台阶完成,1,0.0000,0.150,0.330
4730.086,ROUNDABOUT_FOLLOW,4.072,0,3.669,0.0000,0.0000,vision,3.669,roundabout_follow_left_locked,0.2255,0.0919,1,line_center_tracking,-0.1259,-0.1259,-0.1259,-0.1259,0.2375,1,0.0000,0.0000,0.0000,-0.1259,0.0919,IDLE,1,0,step_done_latches_cleared,0,0,1.200,0,nan,nan,nan,0.0000,0,5,0.6050,0.5698,0.4909,0.5698,0.0352,本圈台阶完成,1,0.0000,0.150,0.330
4730.211,ROUNDABOUT_FOLLOW,4.196,0,3.669,0.0000,0.0000,vision,3.669,roundabout_blue_guard_left,0.1782,0.3000,1,line_center_tracking,-0.0398,-0.0398,-0.0398,-0.0398,0.2375,1,0.0000,0.0000,0.0000,-0.0398,0.3000,IDLE,1,0,step_done_latches_cleared,0,0,0.600,0,nan,nan,nan,0.0000,0,5,0.6050,0.5698,0.4909,0.5698,0.0352,本圈台阶完成,1,0.0000,0.150,0.330
4730.345,ROUNDABOUT_FOLLOW,4.331,0,3.669,0.0000,0.0000,vision,3.669,roundabout_blue_guard_left,0.1276,0.3000,0,line_too_few_bands,0.0000,0.0000,0.0000,0.0000,0.0000,0,0.0000,0.0000,0.0000,0.0000,0.3000,IDLE,1,0,step_done_latches_cleared,0,0,0.000,0,1.2300,nan,0.0456,0.7627,1,5,0.6050,0.5698,0.4909,0.5698,0.0352,本圈台阶完成,1,0.0000,0.150,0.330
4730.482,ROUNDABOUT_FOLLOW,4.468,0,3.669,0.0000,0.0000,vision,3.669,roundabout_blue_guard_left,0.0769,0.3000,0,line_too_few_bands,0.0000,0.0000,0.0000,0.0000,0.0000,0,0.0000,0.0000,0.0000,0.0000,0.3000,IDLE,1,0,step_done_latches_cleared,0,0,0.000,1,1.2200,nan,0.0471,0.8343,5,5,0.6050,0.5698,0.4909,0.5698,0.0352,本圈台阶完成,1,0.0000,0.150,0.330
4730.611,ROUNDABOUT_FOLLOW,4.597,0,3.669,0.0000,0.0000,vision,3.669,roundabout_blue_guard_left,0.0450,0.3000,0,line_too_few_bands,0.0000,0.0000,0.0000,0.0000,0.0000,0,0.0000,0.0000,0.0000,0.0000,0.3000,IDLE,1,0,step_done_latches_cleared,0,0,1.000,1,1.1900,1.1900,0.0536,0.8693,9,5,0.6050,0.5698,0.4909,0.5698,0.0352,本圈台阶完成,1,0.0000,0.150,0.330
4730.734,ROUNDABOUT_FOLLOW,4.719,0,3.669,0.0000,0.0000,vision,3.669,roundabout_blue_guard_left,0.0450,0.3000,0,line_too_few_bands,0.0000,0.0000,0.0000,0.0000,0.0000,0,0.0000,0.0000,0.0000,0.0000,0.3000,IDLE,1,0,step_done_latches_cleared,0,0,0.400,0,nan,1.1900,nan,0.0000,0,5,0.6050,0.5698,0.4909,0.5698,0.0352,本圈台阶完成,1,0.0000,0.150,0.330
4730.867,ROUNDABOUT_FOLLOW,4.853,0,3.669,0.0000,0.0000,vision,3.669,roundabout_blue_guard_left,0.0450,0.3000,0,line_too_few_bands,0.0000,0.0000,0.0000,0.0000,0.0000,0,0.0000,0.0000,0.0000,0.0000,0.3000,IDLE,1,0,step_done_latches_cleared,0,0,0.000,0,nan,1.1900,nan,0.0000,0,5,0.6050,0.5698,0.4909,0.5698,0.0352,本圈台阶完成,1,0.0000,0.150,0.330
4730.988,ROUNDABOUT_FOLLOW,4.974,0,3.669,0.0000,0.0000,vision,3.669,roundabout_blue_guard_left,0.0450,0.3000,0,line_too_few_bands,0.0000,0.0000,0.0000,0.0000,0.0000,0,0.0000,0.0000,0.0000,0.0000,0.3000,IDLE,1,0,step_done_latches_cleared,0,0,0.000,0,nan,1.1900,nan,0.0000,0,5,0.6050,0.5698,0.4909,0.5698,0.0352,本圈台阶完成,1,0.0000,0.150,0.330
4731.125,ROUNDABOUT_FOLLOW,5.110,0,3.669,0.0000,0.0000,vision,3.669,roundabout_blue_guard_left,0.0450,0.3000,0,line_too_few_bands,0.0000,0.0000,0.0000,0.0000,0.0000,0,0.0000,0.0000,0.0000,0.0000,0.3000,IDLE,1,0,step_done_latches_cleared,0,0,0.000,0,nan,1.1900,nan,0.0000,0,5,0.6050,0.5698,0.4909,0.5698,0.0352,本圈台阶完成,1,0.0000,0.150,0.330
4731.256,ROUNDABOUT_FOLLOW,5.241,0,3.669,0.0000,0.0000,vision,3.669,roundabout_blue_guard_left,0.0450,0.3000,0,line_too_few_bands,0.0000,0.0000,0.0000,0.0000,0.0000,0,0.0000,0.0000,0.0000,0.0000,0.3000,IDLE,1,0,step_done_latches_cleared,0,0,0.000,0,nan,1.1900,nan,0.0000,0,5,0.6050,0.5698,0.4909,0.5698,0.0352,本圈台阶完成,1,0.0000,0.150,0.330
4731.395,ROUNDABOUT_FOLLOW,5.380,0,3.669,0.0000,0.0000,vision,3.669,roundabout_blue_guard_left,0.0450,0.3000,0,line_too_few_bands,0.0000,0.0000,0.0000,0.0000,0.0000,0,0.0000,0.0000,0.0000,0.0000,0.3000,IDLE,1,0,step_done_latches_cleared,0,0,0.000,0,nan,1.1900,nan,0.0000,0,5,0.6050,0.5698,0.4909,0.5698,0.0352,本圈台阶完成,1,0.0000,0.150,0.330
4731.529,ROUNDABOUT_FOLLOW,5.515,0,3.669,0.0000,0.0000,vision,3.669,roundabout_blue_guard_left,0.0450,0.3000,0,line_too_few_bands,0.0000,0.0000,0.0000,0.0000,0.0000,0,0.0000,0.0000,0.0000,0.0000,0.3000,IDLE,1,0,step_done_latches_cleared,0,0,0.000,0,nan,nan,nan,0.0000,0,5,0.6050,0.5698,0.4909,0.5698,0.0352,本圈台阶完成,1,0.0000,0.150,0.330
4731.661,ROUNDABOUT_FOLLOW,5.646,0,3.669,0.0000,0.0000,vision,3.669,roundabout_blue_guard_left,0.0450,0.3000,0,line_too_few_bands,0.0000,0.0000,0.0000,0.0000,0.0000,0,0.0000,0.0000,0.0000,0.0000,0.3000,IDLE,1,0,step_done_latches_cleared,0,0,0.000,0,nan,nan,nan,0.0000,0,5,0.6050,0.5698,0.4909,0.5698,0.0352,本圈台阶完成,1,0.0000,0.150,0.330
4731.801,ROUNDABOUT_FOLLOW,5.786,0,3.669,0.0000,0.0000,vision,3.669,roundabout_blue_guard_left,0.0450,0.3000,0,line_too_few_bands,0.0000,0.0000,0.0000,0.0000,0.0000,0,0.0000,0.0000,0.0000,0.0000,0.3000,IDLE,1,0,step_done_latches_cleared,0,0,0.000,0,nan,nan,nan,0.0000,0,5,0.6050,0.5698,0.4909,0.5698,0.0352,本圈台阶完成,1,0.0000,0.150,0.330
4731.935,ROUNDABOUT_FOLLOW,5.920,0,3.669,0.0000,0.0000,vision,3.669,roundabout_blue_guard_left,0.0450,0.3000,0,line_too_few_bands,0.0000,0.0000,0.0000,0.0000,0.0000,0,0.0000,0.0000,0.0000,0.0000,0.3000,IDLE,1,0,step_done_latches_cleared,0,0,0.000,0,nan,nan,nan,0.0000,0,5,0.6050,0.5698,0.4909,0.5698,0.0352,本圈台阶完成,1,0.0000,0.150,0.330
4732.071,ROUNDABOUT_FOLLOW,6.057,0,3.669,0.0000,0.0000,vision,3.669,roundabout_blue_guard_left,0.0450,0.3000,0,line_too_few_bands,0.0000,0.0000,0.0000,0.0000,0.0000,0,0.0000,0.0000,0.0000,0.0000,0.3000,IDLE,1,0,step_done_latches_cleared,0,0,0.000,0,nan,nan,nan,0.0000,0,5,0.6050,0.5698,0.4909,0.5698,0.0352,本圈台阶完成,1,0.0000,0.150,0.330
4732.515,ROUNDABOUT_FOLLOW,6.501,0,3.669,0.0000,0.0000,vision,3.669,roundabout_blue_guard_left,0.0450,0.3000,0,line_too_few_bands,0.0000,0.0000,0.0000,0.0000,0.0000,0,0.0000,0.0000,0.0000,0.0000,0.3000,IDLE,1,0,step_done_latches_cleared,0,0,0.000,0,nan,nan,nan,0.0000,0,5,0.6050,0.5698,0.4909,0.5698,0.0352,本圈台阶完成,1,0.0000,0.150,0.330
4732.690,ROUNDABOUT_FOLLOW,6.675,0,3.669,0.0000,0.0000,vision,3.669,roundabout_blue_guard_left,0.0450,0.3000,0,line_too_few_bands,0.0000,0.0000,0.0000,0.0000,0.0000,0,0.0000,0.0000,0.0000,0.0000,0.3000,IDLE,1,0,step_done_latches_cleared,0,0,0.000,0,nan,nan,nan,0.0000,0,5,0.6050,0.5698,0.4909,0.5698,0.0352,本圈台阶完成,1,0.0000,0.150,0.330
4732.822,ROUNDABOUT_FOLLOW,6.807,0,3.669,0.0000,0.0000,vision,3.669,roundabout_blue_guard_left,0.0450,0.3000,0,line_too_few_bands,0.0000,0.0000,0.0000,0.0000,0.0000,0,0.0000,0.0000,0.0000,0.0000,0.3000,IDLE,1,0,step_done_latches_cleared,0,0,0.000,0,nan,nan,nan,0.0000,0,5,0.6050,0.5698,0.4909,0.5698,0.0352,本圈台阶完成,1,0.0000,0.150,0.330
4732.954,ROUNDABOUT_FOLLOW,6.940,0,3.669,0.2000,0.0000,vision,3.669,roundabout_blue_guard_left,0.0450,0.3000,0,line_too_few_bands,0.0000,0.0000,0.0000,0.0000,0.0000,0,0.0000,0.0000,0.0000,0.0000,0.3000,IDLE,1,0,step_done_latches_cleared,0,0,0.000,0,nan,nan,nan,0.0000,0,5,0.6050,0.5698,0.4909,0.5698,0.0352,本圈台阶完成,1,0.0000,0.150,0.330
4733.083,ROUNDABOUT_FOLLOW,7.068,0,3.669,0.0000,0.0000,vision,3.669,roundabout_blue_guard_left,0.0450,0.3000,0,line_too_few_bands,0.0000,0.0000,0.0000,0.0000,0.0000,0,0.0000,0.0000,0.0000,0.0000,0.3000,IDLE,1,0,step_done_latches_cleared,0,0,0.000,0,nan,nan,nan,0.0000,0,5,0.6050,0.5698,0.4909,0.5698,0.0352,本圈台阶完成,1,0.0000,0.150,0.330
4733.216,ROUNDABOUT_FOLLOW,7.201,0,3.669,0.0000,0.0000,vision,3.669,roundabout_blue_guard_left,0.0450,0.3000,1,line_center_tracking,-0.2916,-0.2916,-0.2916,-0.2916,0.2375,1,0.0000,0.0000,0.0000,-0.2916,0.3000,IDLE,1,0,step_done_latches_cleared,0,0,0.000,0,nan,nan,nan,0.0000,0,5,0.6050,0.5698,0.4909,0.5698,0.0352,本圈台阶完成,1,0.0000,0.150,0.330
4733.666,ROUNDABOUT_FOLLOW,7.651,0,3.669,0.2000,0.0000,vision,3.669,roundabout_follow_left_locked,0.0957,0.2907,1,line_center_tracking,-0.2691,-0.2134,-0.4124,-0.4124,0.3902,2,0.1990,0.0000,0.1990,-0.3461,0.2907,IDLE,1,0,step_done_latches_cleared,0,0,0.000,0,nan,nan,nan,0.0000,0,5,0.6050,0.5698,0.4909,0.5698,0.0352,本圈台阶完成,1,0.0000,0.150,0.330
4733.830,ROUNDABOUT_FOLLOW,7.816,0,3.669,0.2000,0.0000,vision,3.669,roundabout_follow_left_locked,0.1463,0.2532,1,line_center_tracking,-0.2035,-0.1256,-0.4037,-0.4037,0.3565,2,0.2781,0.0000,0.2781,-0.3110,0.2532,IDLE,1,0,step_done_latches_cleared,0,0,0.000,0,nan,nan,nan,0.0000,0,5,0.6050,0.5698,0.4909,0.5698,0.0352,本圈台阶完成,1,0.0000,0.150,0.330
4733.962,ROUNDABOUT_FOLLOW,7.947,0,3.669,0.4000,0.0000,vision,3.669,roundabout_follow_left_locked,0.1964,0.1979,1,line_center_tracking,-0.1371,-0.0615,-0.3316,-0.3316,0.3599,2,0.2702,0.0000,0.2702,-0.2416,0.1979,IDLE,1,0,step_done_latches_cleared,0,0,0.000,0,nan,nan,nan,0.0000,0,5,0.6050,0.5698,0.4909,0.5698,0.0352,本圈台阶完成,1,0.0000,0.150,0.330
4734.090,ROUNDABOUT_FOLLOW,8.075,0,3.669,0.4000,0.0000,vision,3.669,roundabout_follow_left_locked,0.2014,0.1535,1,line_center_tracking,-0.1023,-0.0228,-0.3069,-0.3069,0.3539,2,0.2841,0.0000,0.2841,-0.2122,0.1535,IDLE,1,0,step_done_latches_cleared,0,0,0.000,0,nan,nan,nan,0.0000,0,5,0.6050,0.5698,0.4909,0.5698,0.0352,本圈台阶完成,1,0.0000,0.150,0.330
4734.232,ROUNDABOUT_FOLLOW,8.218,0,3.669,0.4000,0.0000,vision,3.669,roundabout_follow_left_locked,0.2067,0.1043,1,line_center_tracking,-0.0524,0.0186,-0.2348,-0.2348,0.3670,2,0.2534,0.0000,0.2534,-0.1503,0.1043,IDLE,1,0,step_done_latches_cleared,0,0,0.000,0,nan,nan,nan,0.0000,0,5,0.6050,0.5698,0.4909,0.5698,0.0352,本圈台阶完成,1,0.0000,0.150,0.330
4734.361,ROUNDABOUT_FOLLOW,8.347,0,3.669,0.4000,0.0000,vision,3.669,roundabout_follow_left_locked,0.2023,0.0073,1,line_recenter_transition,0.0736,0.0791,-0.1996,-0.1996,0.3562,2,0.2787,0.0000,0.2787,-0.1067,0.0073,IDLE,1,0,step_done_latches_cleared,0,0,0.000,0,nan,nan,nan,0.0000,0,5,0.6050,0.5698,0.4909,0.5698,0.0352,本圈台阶完成,1,0.0000,0.150,0.330
4734.492,ROUNDABOUT_FOLLOW,8.477,0,3.669,0.4000,0.0000,vision,3.669,roundabout_follow_left_locked,0.2220,0.0383,1,line_center_tracking,-0.0505,-0.0048,-0.1683,-0.1683,0.3909,2,0.1636,0.0000,0.1636,-0.1138,0.0383,IDLE,1,0,step_done_latches_cleared,0,0,0.000,0,nan,nan,nan,0.0000,0,5,0.6050,0.5698,0.4909,0.5698,0.0352,本圈台阶完成,1,0.0000,0.150,0.330
4734.626,ROUNDABOUT_FOLLOW,8.611,0,3.669,0.4000,0.0000,vision,3.669,roundabout_follow_left_locked,0.2244,0.0332,1,line_center_tracking,-0.0284,0.0136,-0.1362,-0.1362,0.3590,2,0.1497,0.0000,0.1497,-0.0863,0.0332,IDLE,1,0,step_done_latches_cleared,0,0,0.000,0,nan,nan,nan,0.0000,0,5,0.6050,0.5698,0.4909,0.5698,0.0352,本圈台阶完成,1,0.0000,0.150,0.330
4734.756,ROUNDABOUT_FOLLOW,8.742,0,3.669,0.4000,0.0000,vision,3.669,roundabout_follow_left_locked,0.2250,0.0175,1,line_center_tracking,-0.0037,0.0372,-0.1089,-0.1089,0.3618,2,0.1461,0.0000,0.1461,-0.0602,0.0175,IDLE,1,0,step_done_latches_cleared,0,0,0.000,0,nan,nan,nan,0.0000,0,5,0.6050,0.5698,0.4909,0.5698,0.0352,本圈台阶完成,1,0.0000,0.150,0.330
4734.892,ROUNDABOUT_FOLLOW,8.878,0,3.669,0.4000,0.0000,vision,3.669,roundabout_follow_left_locked,0.2207,0.1116,1,line_center_tracking,-0.1764,-0.1284,-0.2998,-0.2998,0.3679,2,0.1714,0.0000,0.1714,-0.2427,0.1116,IDLE,1,0,step_done_latches_cleared,0,0,0.000,0,nan,nan,nan,0.0000,0,5,0.6050,0.5698,0.4909,0.5698,0.0352,本圈台阶完成,1,0.0000,0.150,0.330
4735.021,ROUNDABOUT_FOLLOW,9.006,0,3.669,0.4000,0.0000,vision,3.669,roundabout_follow_left_locked,0.1831,0.1001,1,line_center_tracking,-0.0916,0.0179,-0.3734,-0.3734,0.3082,2,0.3914,0.0000,0.3914,-0.2430,0.1001,IDLE,1,0,step_done_latches_cleared,0,0,0.000,0,nan,nan,nan,0.0000,0,5,0.6050,0.5698,0.4909,0.5698,0.0352,本圈台阶完成,1,0.0000,0.150,0.330
4735.147,ROUNDABOUT_FOLLOW,9.133,0,3.669,0.4000,0.0000,vision,3.669,roundabout_follow_left_locked,0.2169,0.1266,1,line_center_tracking,-0.1376,-0.0834,-0.2770,-0.2770,0.3250,2,0.1936,0.0000,0.1936,-0.2125,0.1266,IDLE,1,0,step_done_latches_cleared,0,0,0.000,0,nan,nan,nan,0.0000,0,5,0.6050,0.5698,0.4909,0.5698,0.0352,本圈台阶完成,1,0.0000,0.150,0.330
4735.283,ROUNDABOUT_FOLLOW,9.268,0,3.669,0.4000,0.0000,vision,3.669,roundabout_follow_left_locked,0.1790,0.2240,1,line_center_tracking,-0.2870,-0.1707,-0.5861,-0.5861,0.4162,3,0.4154,0.0000,0.4154,-0.4476,0.2240,IDLE,1,0,step_done_latches_cleared,0,0,0.000,0,nan,nan,nan,0.0000,0,5,0.6050,0.5698,0.4909,0.5698,0.0352,本圈台阶完成,1,0.0000,0.150,0.330
4735.413,ROUNDABOUT_FOLLOW,9.398,0,3.669,0.2000,0.0000,vision,3.669,roundabout_follow_left_locked,0.1296,0.4247,1,line_hard_turn_centering,-0.5591,-0.5591,-0.5591,-0.5591,0.2375,1,0.0000,0.0000,0.0000,-0.5591,0.4247,IDLE,1,0,step_done_latches_cleared,0,0,0.000,0,nan,nan,nan,0.0000,0,5,0.6050,0.5698,0.4909,0.5698,0.0352,本圈台阶完成,1,0.0000,0.150,0.330
4735.543,ROUNDABOUT_FOLLOW,9.529,0,3.669,0.2000,0.0000,vision,3.669,roundabout_follow_left_locked,0.1701,0.3107,1,line_center_tracking,-0.2172,-0.2172,-0.2172,-0.2172,0.2375,1,0.0000,0.0000,0.0000,-0.2172,0.3107,IDLE,1,0,step_done_latches_cleared,0,0,0.000,0,nan,nan,nan,0.0000,0,5,0.6050,0.5698,0.4909,0.5698,0.0352,本圈台阶完成,1,0.0000,0.150,0.330
4735.677,ROUNDABOUT_FOLLOW,9.662,0,3.669,0.2000,0.0000,vision,3.669,roundabout_blind_arc_recovery,0.1194,0.1600,0,line_too_few_bands,0.0000,0.0000,0.0000,0.0000,0.0000,0,0.0000,0.0000,0.0000,0.0000,0.1600,IDLE,1,0,step_done_latches_cleared,0,0,0.000,0,nan,nan,nan,0.0000,0,5,0.6050,0.5698,0.4909,0.5698,0.0352,本圈台阶完成,1,0.0000,0.150,0.330
4735.808,ROUNDABOUT_FOLLOW,9.794,0,3.669,0.2000,0.0000,vision,3.669,roundabout_follow_left_locked,0.1050,0.4889,1,line_hard_turn_centering,-0.6779,-0.6779,-0.6779,-0.6779,0.2375,1,0.0000,0.0000,0.0000,-0.6779,0.4889,IDLE,1,0,step_done_latches_cleared,0,0,0.000,0,nan,nan,nan,0.0000,0,5,0.6050,0.5698,0.4909,0.5698,0.0352,本圈台阶完成,1,0.0000,0.150,0.330
4735.941,ROUNDABOUT_FOLLOW,9.926,0,3.669,0.2000,0.0000,vision,3.669,roundabout_follow_left_locked,0.1050,0.5600,1,line_hard_turn_centering,-0.6608,-0.6608,-0.6608,-0.6608,0.2375,1,0.0000,0.0000,0.0000,-0.6608,0.5600,IDLE,1,0,step_done_latches_cleared,0,0,0.000,0,nan,nan,nan,0.0000,0,5,0.6050,0.5698,0.4909,0.5698,0.0352,本圈台阶完成,1,0.0000,0.150,0.330
4736.086,ROUNDABOUT_FOLLOW,10.071,0,3.669,0.0000,0.0000,vision,3.669,roundabout_blind_arc_recovery,0.1000,0.2267,0,line_too_few_bands,0.0000,0.0000,0.0000,0.0000,0.0000,0,0.0000,0.0000,0.0000,0.0000,0.2267,IDLE,1,0,step_done_latches_cleared,0,0,0.000,0,nan,nan,nan,0.0000,0,5,0.6050,0.5698,0.4909,0.5698,0.0352,本圈台阶完成,1,0.0000,0.150,0.330
4736.220,ROUNDABOUT_FOLLOW,10.206,0,3.669,0.0000,0.0000,vision,3.669,roundabout_follow_left_locked,0.1507,0.3809,1,line_center_tracking,-0.1458,-0.1458,-0.1458,-0.1458,0.2375,1,0.0000,0.0000,0.0000,-0.1458,0.3809,IDLE,1,0,step_done_latches_cleared,0,0,0.000,0,nan,nan,nan,0.0000,0,5,0.6050,0.5698,0.4909,0.5698,0.0352,本圈台阶完成,1,0.0000,0.150,0.330
4736.362,ROUNDABOUT_FOLLOW,10.347,0,3.669,0.0000,0.0000,vision,3.669,roundabout_follow_left_locked,0.1768,0.2845,1,line_center_tracking,-0.1761,-0.1761,-0.1761,-0.1761,0.2375,1,0.0000,0.0000,0.0000,-0.1761,0.2845,IDLE,1,0,step_done_latches_cleared,0,0,0.000,0,nan,nan,nan,0.0000,0,5,0.6050,0.5698,0.4909,0.5698,0.0352,本圈台阶完成,1,0.0000,0.150,0.330
4736.491,ROUNDABOUT_FOLLOW,10.476,0,3.669,0.0000,0.0000,vision,3.669,roundabout_follow_left_locked,0.1621,0.3418,1,line_center_tracking,-0.3522,-0.3522,-0.3522,-0.3522,0.2375,1,0.0000,0.0000,0.0000,-0.3522,0.3418,IDLE,1,0,step_done_latches_cleared,0,0,0.000,0,nan,nan,nan,0.0000,0,5,0.6050,0.5698,0.4909,0.5698,0.0352,本圈台阶完成,1,0.0000,0.150,0.330
4736.622,ROUNDABOUT_FOLLOW,10.607,0,3.669,0.0000,0.0000,vision,3.669,roundabout_blind_arc_recovery,0.1125,0.1600,0,line_too_few_bands,0.0000,0.0000,0.0000,0.0000,0.0000,0,0.0000,0.0000,0.0000,0.0000,0.1600,IDLE,1,0,step_done_latches_cleared,0,0,0.000,0,nan,nan,nan,0.0000,0,5,0.6050,0.5698,0.4909,0.5698,0.0352,本圈台阶完成,1,0.0000,0.150,0.330
4736.755,ROUNDABOUT_FOLLOW,10.740,0,3.669,0.0000,0.0000,vision,3.669,roundabout_blind_arc_recovery,0.1000,0.1600,0,line_too_few_bands,0.0000,0.0000,0.0000,0.0000,0.0000,0,0.0000,0.0000,0.0000,0.0000,0.1600,IDLE,1,0,step_done_latches_cleared,0,0,0.000,0,nan,nan,nan,0.0000,0,5,0.6050,0.5698,0.4909,0.5698,0.0352,本圈台阶完成,1,0.0000,0.150,0.330
4736.880,ROUNDABOUT_FOLLOW,10.866,0,3.669,0.0000,0.0000,vision,3.669,roundabout_blind_arc_recovery,0.1000,0.1600,0,line_too_few_bands,0.0000,0.0000,0.0000,0.0000,0.0000,0,0.0000,0.0000,0.0000,0.0000,0.1600,IDLE,1,0,step_done_latches_cleared,0,0,0.000,0,nan,nan,nan,0.0000,0,5,0.6050,0.5698,0.4909,0.5698,0.0352,本圈台阶完成,1,0.0000,0.150,0.330
4737.011,ROUNDABOUT_FOLLOW,10.996,0,3.669,0.0000,0.0000,vision,3.669,roundabout_blind_arc_recovery,0.1000,0.1600,0,line_too_few_bands,0.0000,0.0000,0.0000,0.0000,0.0000,0,0.0000,0.0000,0.0000,0.0000,0.1600,IDLE,1,0,step_done_latches_cleared,0,0,0.000,0,nan,nan,nan,0.0000,0,5,0.6050,0.5698,0.4909,0.5698,0.0352,本圈台阶完成,1,0.0000,0.150,0.330
4737.139,ROUNDABOUT_FOLLOW,11.124,0,3.669,0.0000,0.0000,vision,3.669,roundabout_blind_arc_recovery,0.1000,0.1600,0,line_too_few_bands,0.0000,0.0000,0.0000,0.0000,0.0000,0,0.0000,0.0000,0.0000,0.0000,0.1600,IDLE,1,0,step_done_latches_cleared,0,0,0.000,0,nan,nan,nan,0.0000,0,5,0.6050,0.5698,0.4909,0.5698,0.0352,本圈台阶完成,1,0.0000,0.150,0.330
4737.265,ROUNDABOUT_FOLLOW,11.250,0,3.669,0.0000,0.0000,vision,3.669,roundabout_blind_arc_recovery,0.1000,0.1600,0,line_too_few_bands,0.0000,0.0000,0.0000,0.0000,0.0000,0,0.0000,0.0000,0.0000,0.0000,0.1600,IDLE,1,0,step_done_latches_cleared,0,0,0.000,0,nan,nan,nan,0.0000,0,5,0.6050,0.5698,0.4909,0.5698,0.0352,本圈台阶完成,1,0.0000,0.150,0.330
4737.402,ROUNDABOUT_FOLLOW,11.387,0,3.669,0.0000,0.0000,vision,3.669,roundabout_blind_arc_recovery,0.1000,0.1600,0,line_too_few_bands,0.0000,0.0000,0.0000,0.0000,0.0000,0,0.0000,0.0000,0.0000,0.0000,0.1600,IDLE,1,0,step_done_latches_cleared,0,0,0.000,0,nan,nan,nan,0.0000,0,5,0.6050,0.5698,0.4909,0.5698,0.0352,本圈台阶完成,1,0.0000,0.150,0.330
4737.530,ROUNDABOUT_FOLLOW,11.515,0,3.669,0.0000,0.0000,vision,3.669,roundabout_blind_arc_recovery,0.1000,0.1600,0,line_too_few_bands,0.0000,0.0000,0.0000,0.0000,0.0000,0,0.0000,0.0000,0.0000,0.0000,0.1600,IDLE,1,0,step_done_latches_cleared,0,0,0.000,0,nan,nan,nan,0.0000,0,5,0.6050,0.5698,0.4909,0.5698,0.0352,本圈台阶完成,1,0.0000,0.150,0.330
4737.658,ROUNDABOUT_FOLLOW,11.643,0,3.669,0.0000,0.0000,vision,3.669,roundabout_blind_arc_recovery,0.1000,0.1600,0,line_too_few_bands,0.0000,0.0000,0.0000,0.0000,0.0000,0,0.0000,0.0000,0.0000,0.0000,0.1600,IDLE,1,0,step_done_latches_cleared,0,0,0.000,0,nan,nan,nan,0.0000,0,5,0.6050,0.5698,0.4909,0.5698,0.0352,本圈台阶完成,1,0.0000,0.150,0.330
4737.784,ROUNDABOUT_FOLLOW,11.769,0,3.669,0.0000,0.0000,vision,3.669,roundabout_blind_arc_recovery,0.1000,0.1600,0,line_too_few_bands,0.0000,0.0000,0.0000,0.0000,0.0000,0,0.0000,0.0000,0.0000,0.0000,0.1600,IDLE,1,0,step_done_latches_cleared,0,0,0.000,0,nan,nan,nan,0.0000,0,5,0.6050,0.5698,0.4909,0.5698,0.0352,本圈台阶完成,1,0.0000,0.150,0.330
4737.926,ROUNDABOUT_FOLLOW,11.912,0,3.669,0.0000,0.0000,vision,3.669,roundabout_blind_arc_recovery,0.1000,0.1600,0,line_too_few_bands,0.0000,0.0000,0.0000,0.0000,0.0000,0,0.0000,0.0000,0.0000,0.0000,0.1600,IDLE,1,0,step_done_latches_cleared,0,0,0.000,0,nan,nan,nan,0.0000,0,5,0.6050,0.5698,0.4909,0.5698,0.0352,本圈台阶完成,1,0.0000,0.150,0.330
4738.050,ROUNDABOUT_FOLLOW,12.035,0,3.669,0.0000,0.0000,vision,3.669,roundabout_blind_arc_recovery,0.1000,0.1600,0,line_too_few_bands,0.0000,0.0000,0.0000,0.0000,0.0000,0,0.0000,0.0000,0.0000,0.0000,0.1600,IDLE,1,0,step_done_latches_cleared,0,0,0.000,0,nan,nan,nan,0.0000,0,5,0.6050,0.5698,0.4909,0.5698,0.0352,本圈台阶完成,1,0.0000,0.150,0.330
4738.173,ROUNDABOUT_FOLLOW,12.158,0,3.669,0.0000,0.0000,vision,3.669,roundabout_follow_left_locked,0.1467,0.3819,1,line_center_tracking,-0.3982,-0.3982,-0.3982,-0.3982,0.2375,1,0.0000,0.0000,0.0000,-0.3982,0.3819,IDLE,1,0,step_done_latches_cleared,0,0,0.000,0,nan,nan,nan,0.0000,0,5,0.6050,0.5698,0.4909,0.5698,0.0352,本圈台阶完成,1,0.0000,0.150,0.330
4738.299,ROUNDABOUT_FOLLOW,12.285,0,3.669,0.0000,0.0000,vision,3.669,roundabout_follow_left_locked,0.1400,0.4280,1,line_center_tracking,-0.4325,-0.4325,-0.4325,-0.4325,0.2375,1,0.0000,0.0000,0.0000,-0.4325,0.4280,IDLE,1,0,step_done_latches_cleared,0,0,0.000,0,nan,nan,nan,0.0000,0,5,0.6050,0.5698,0.4909,0.5698,0.0352,本圈台阶完成,1,0.0000,0.150,0.330
4738.444,ROUNDABOUT_FOLLOW,12.429,0,3.669,0.4000,0.0000,vision,3.669,roundabout_follow_left_locked,0.1429,0.4166,1,line_center_tracking,-0.3810,-0.3810,-0.3810,-0.3810,0.2375,1,0.0000,0.0000,0.0000,-0.3810,0.4166,IDLE,1,0,step_done_latches_cleared,0,0,0.000,0,nan,nan,nan,0.0000,0,5,0.6050,0.5698,0.4909,0.5698,0.0352,本圈台阶完成,1,0.0000,0.150,0.330
4738.575,ROUNDABOUT_FOLLOW,12.561,0,3.669,0.0000,0.0000,vision,3.669,roundabout_blind_arc_recovery,0.1000,0.1600,0,line_too_few_bands,0.0000,0.0000,0.0000,0.0000,0.0000,0,0.0000,0.0000,0.0000,0.0000,0.1600,IDLE,1,0,step_done_latches_cleared,0,0,0.000,0,nan,nan,nan,0.0000,0,5,0.6050,0.5698,0.4909,0.5698,0.0352,本圈台阶完成,1,0.0000,0.150,0.330
4738.654,ROUNDABOUT_FOLLOW,12.639,0,3.669,0.0000,0.0000,vision,3.669,roundabout_blind_arc_recovery,0.1000,0.1600,0,line_too_few_bands,0.0000,0.0000,0.0000,0.0000,0.0000,0,0.0000,0.0000,0.0000,0.0000,0.1600,IDLE,1,0,step_done_latches_cleared,0,0,0.000,0,nan,nan,nan,0.0000,0,5,0.6050,0.5698,0.4909,0.5698,0.0352,本圈台阶完成,1,0.0000,0.150,0.330
4738.813,ROUNDABOUT_FOLLOW,12.798,0,3.669,0.0000,0.0000,vision,3.669,roundabout_follow_left_locked,0.1507,0.3272,1,line_center_tracking,-0.2202,-0.2202,-0.2202,-0.2202,0.2375,1,0.0000,0.0000,0.0000,-0.2202,0.3272,IDLE,1,0,step_done_latches_cleared,0,0,0.000,0,nan,nan,nan,0.0000,0,5,0.6050,0.5698,0.4909,0.5698,0.0352,本圈台阶完成,1,0.0000,0.150,0.330
4738.946,ROUNDABOUT_FOLLOW,12.931,0,3.669,0.0000,0.0000,vision,3.669,roundabout_follow_left_locked,0.1388,0.4325,1,line_center_tracking,-0.4804,-0.4167,-0.6442,-0.6442,0.2987,2,0.2276,0.0000,0.2276,-0.5684,0.4325,IDLE,1,0,step_done_latches_cleared,0,0,0.000,0,nan,nan,nan,0.0000,0,5,0.6050,0.5698,0.4909,0.5698,0.0352,本圈台阶完成,1,0.0000,0.150,0.330
4739.078,ROUNDABOUT_FOLLOW,13.063,0,3.669,0.0000,0.0000,vision,3.669,roundabout_follow_left_locked,0.1395,0.4298,1,line_center_tracking,-0.4047,-0.3294,-0.5985,-0.5985,0.2665,2,0.2691,0.0000,0.2691,-0.5088,0.4298,IDLE,1,0,step_done_latches_cleared,0,0,0.000,0,nan,nan,nan,0.0000,0,5,0.6050,0.5698,0.4909,0.5698,0.0352,本圈台阶完成,1,0.0000,0.150,0.330
4739.208,ROUNDABOUT_FOLLOW,13.193,0,3.669,0.0000,0.0000,vision,3.669,roundabout_follow_left_locked,0.1711,0.3069,1,line_center_tracking,-0.1886,-0.1886,-0.1886,-0.1886,0.2375,1,0.0000,0.0000,0.0000,-0.1886,0.3069,IDLE,1,0,step_done_latches_cleared,0,0,0.000,0,nan,nan,nan,0.0000,0,5,0.6050,0.5698,0.4909,0.5698,0.0352,本圈台阶完成,1,0.0000,0.150,0.330
4739.336,ROUNDABOUT_FOLLOW,13.321,0,3.669,0.0000,0.0000,vision,3.669,roundabout_follow_left_locked,0.1501,0.3885,1,line_center_tracking,-0.4126,-0.2985,-0.7060,-0.7060,0.4185,3,0.4075,0.0000,0.4075,-0.5702,0.3885,IDLE,1,0,step_done_latches_cleared,0,0,0.000,0,nan,nan,nan,0.0000,0,5,0.6050,0.5698,0.4909,0.5698,0.0352,本圈台阶完成,1,0.0000,0.150,0.330
4739.427,ROUNDABOUT_FOLLOW,13.413,0,3.669,0.0000,0.0000,vision,3.669,roundabout_follow_left_locked,0.1282,0.4735,1,line_center_tracking,-0.5039,-0.4335,-0.6851,-0.6851,0.3177,2,0.2517,0.0000,0.2517,-0.6012,0.4735,IDLE,1,0,step_done_latches_cleared,0,0,0.000,0,nan,nan,nan,0.0000,0,5,0.6050,0.5698,0.4909,0.5698,0.0352,本圈台阶完成,1,0.0000,0.150,0.330
4739.569,ROUNDABOUT_FOLLOW,13.554,0,3.669,0.0000,0.0000,vision,3.669,roundabout_follow_left_locked,0.1656,0.3281,1,line_center_tracking,-0.1989,-0.1989,-0.1989,-0.1989,0.2375,1,0.0000,0.0000,0.0000,-0.1989,0.3281,IDLE,1,0,step_done_latches_cleared,0,0,0.000,0,nan,nan,nan,0.0000,0,5,0.6050,0.5698,0.4909,0.5698,0.0352,本圈台阶完成,1,0.0000,0.150,0.330
4739.740,ROUNDABOUT_FOLLOW,13.726,0,3.669,0.4000,0.0000,vision,3.669,roundabout_follow_left_locked,0.1707,0.3082,1,line_center_tracking,-0.2574,-0.1293,-0.5867,-0.5867,0.2801,2,0.4574,0.0000,0.4574,-0.4342,0.3082,IDLE,1,0,step_done_latches_cleared,0,0,0.000,0,nan,nan,nan,0.0000,0,5,0.6050,0.5698,0.4909,0.5698,0.0352,本圈台阶完成,1,0.0000,0.150,0.330
4739.918,ROUNDABOUT_FOLLOW,13.903,0,3.669,0.6000,0.0000,vision,3.669,roundabout_follow_left_locked,0.1704,0.3096,1,line_center_tracking,-0.2853,-0.2081,-0.4839,-0.4839,0.4646,3,0.2758,0.0000,0.2758,-0.3920,0.3096,IDLE,1,0,step_done_latches_cleared,0,0,0.000,0,nan,nan,nan,0.0000,0,5,0.6050,0.5698,0.4909,0.5698,0.0352,本圈台阶完成,1,0.0000,0.150,0.330
4740.070,ROUNDABOUT_FOLLOW,14.055,0,3.669,0.4000,0.0000,vision,3.669,roundabout_blind_arc_recovery,0.1197,0.1600,0,line_too_few_bands,0.0000,0.0000,0.0000,0.0000,0.0000,0,0.0000,0.0000,0.0000,0.0000,0.1600,IDLE,1,0,step_done_latches_cleared,0,0,0.000,0,nan,nan,nan,0.0000,0,5,0.6050,0.5698,0.4909,0.5698,0.0352,本圈台阶完成,1,0.0000,0.150,0.330
4740.214,ROUNDABOUT_FOLLOW,14.199,0,3.669,0.4000,0.0000,vision,3.669,roundabout_follow_left_locked,0.1704,0.2830,1,line_center_tracking,-0.2379,-0.2033,-0.3269,-0.3269,0.4118,2,0.1236,0.0000,0.1236,-0.2857,0.2830,IDLE,1,0,step_done_latches_cleared,0,0,0.000,0,nan,nan,nan,0.0000,0,5,0.6050,0.5698,0.4909,0.5698,0.0352,本圈台阶完成,1,0.0000,0.150,0.330
4740.349,ROUNDABOUT_FOLLOW,14.334,0,3.669,0.6000,0.0000,vision,3.669,roundabout_follow_left_locked,0.1695,0.3130,1,line_center_tracking,-0.3125,-0.2675,-0.4282,-0.4282,0.4861,3,0.1607,0.0000,0.1607,-0.3746,0.3130,IDLE,1,0,step_done_latches_cleared,0,0,0.000,0,nan,nan,nan,0.0000,0,5,0.6050,0.5698,0.4909,0.5698,0.0352,本圈台阶完成,1,0.0000,0.150,0.330
4740.495,ROUNDABOUT_FOLLOW,14.480,0,3.669,0.9154,0.0000,vision,3.669,roundabout_follow_left_locked,0.1772,0.2829,1,line_center_tracking,-0.2403,-0.2386,-0.2446,-0.2446,0.4582,2,0.0060,0.0000,0.0060,-0.2426,0.2829,IDLE,1,0,step_done_latches_cleared,0,0,0.000,0,nan,nan,nan,0.0000,0,5,0.6050,0.5698,0.4909,0.5698,0.0352,本圈台阶完成,1,0.0000,0.150,0.330
4740.629,ROUNDABOUT_FOLLOW,14.614,0,3.669,0.6000,0.0000,vision,3.669,roundabout_follow_left_locked,0.1716,0.3051,1,line_center_tracking,-0.2978,-0.2687,-0.3726,-0.3726,0.3945,2,0.1039,0.0000,0.1039,-0.3380,0.3051,IDLE,1,0,step_done_latches_cleared,0,0,0.000,0,nan,nan,nan,0.0000,0,5,0.6050,0.5698,0.4909,0.5698,0.0352,本圈台阶完成,1,0.0000,0.150,0.330
4740.761,ROUNDABOUT_FOLLOW,14.746,0,3.669,0.6000,0.0000,vision,3.669,roundabout_follow_left_locked,0.1681,0.3187,1,line_center_tracking,-0.3075,-0.2877,-0.3581,-0.3581,0.6122,4,0.0704,0.0000,0.0704,-0.3347,0.3187,IDLE,1,0,step_done_latches_cleared,0,0,0.000,0,nan,nan,nan,0.0000,0,5,0.6050,0.5698,0.4909,0.5698,0.0352,本圈台阶完成,1,0.0000,0.150,0.330
4740.896,ROUNDABOUT_FOLLOW,14.881,0,3.669,0.0000,0.0000,vision,3.669,roundabout_follow_left_locked,0.1746,0.2932,1,line_center_tracking,-0.2527,-0.2504,-0.2588,-0.2238,0.5170,3,0.0084,0.0350,0.0265,-0.2443,0.2932,IDLE,1,0,step_done_latches_cleared,0,0,0.000,0,nan,nan,nan,0.0000,0,5,0.6050,0.5698,0.4909,0.5698,0.0352,本圈台阶完成,1,0.0000,0.150,0.330
4741.033,ROUNDABOUT_FOLLOW,15.019,0,3.669,0.8748,0.0000,vision,3.669,roundabout_follow_left_locked,0.1819,0.2648,1,line_center_tracking,-0.2205,-0.2137,-0.2381,-0.2381,0.4561,2,0.0244,0.0000,0.0244,-0.2300,0.2648,IDLE,1,0,step_done_latches_cleared,0,0,0.000,0,nan,nan,nan,0.0000,0,5,0.6050,0.5698,0.4909,0.5698,0.0352,本圈台阶完成,1,0.0000,0.150,0.330
4741.167,ROUNDABOUT_FOLLOW,15.152,0,3.669,0.0000,0.0000,vision,3.669,roundabout_follow_left_locked,0.1905,0.2313,1,line_center_tracking,-0.1851,-0.1574,-0.2564,-0.2564,0.5278,3,0.0990,0.0000,0.0990,-0.2234,0.2313,IDLE,1,0,step_done_latches_cleared,0,0,0.000,0,nan,nan,nan,0.0000,0,5,0.6050,0.5698,0.4909,0.5698,0.0352,本圈台阶完成,1,0.0000,0.150,0.330
4741.303,ROUNDABOUT_FOLLOW,15.288,0,3.669,0.8723,0.0000,vision,3.669,roundabout_follow_left_locked,0.1982,0.2015,1,line_center_tracking,-0.1597,-0.1422,-0.2048,-0.2297,0.5423,3,0.0626,0.0249,0.0875,-0.1922,0.2015,IDLE,1,0,step_done_latches_cleared,0,0,0.000,0,nan,nan,nan,0.0000,0,5,0.6050,0.5698,0.4909,0.5698,0.0352,本圈台阶完成,1,0.0000,0.150,0.330
4741.436,ROUNDABOUT_EXIT,0.000,0,3.669,0.8734,0.0000,vision,3.669,roundabout_exit_commit,0.1478,0.1075,1,line_center_tracking,-0.0996,-0.0692,-0.1776,-0.1567,0.6179,4,0.1084,0.0209,0.0875,-0.1345,0.1075,IDLE,1,0,step_done_latches_cleared,0,0,0.000,0,nan,nan,nan,0.0000,0,5,0.6050,0.5698,0.4909,0.5698,0.0352,本圈台阶完成,1,0.0000,0.150,0.330
4741.567,ROUNDABOUT_EXIT,0.131,0,3.669,0.8783,0.0000,vision,3.669,roundabout_exit_commit,0.1050,0.1114,1,line_center_tracking,-0.1062,-0.0850,-0.1607,-0.1693,0.6330,4,0.0756,0.0087,0.0843,-0.1383,0.1114,IDLE,1,0,step_done_latches_cleared,0,0,0.000,0,nan,nan,nan,0.0000,0,5,0.6050,0.5698,0.4909,0.5698,0.0352,本圈台阶完成,1,0.0000,0.150,0.330
4741.706,ROUNDABOUT_EXIT,0.270,0,3.669,0.8742,0.0000,vision,3.669,roundabout_exit_commit,0.1050,0.0758,1,line_center_tracking,-0.0422,-0.0308,-0.0717,-0.0717,0.4433,2,0.0409,0.0000,0.0409,-0.0580,0.0758,IDLE,1,0,step_done_latches_cleared,0,0,0.000,0,nan,nan,nan,0.0000,0,5,0.6050,0.5698,0.4909,0.5698,0.0352,本圈台阶完成,1,0.0000,0.150,0.330
4741.833,ROUNDABOUT_EXIT,0.398,0,3.669,0.9312,0.0000,vision,3.669,roundabout_exit_commit,0.1050,0.0584,1,line_center_tracking,-0.0375,-0.0385,-0.0349,0.0131,0.5242,3,0.0036,0.0480,0.0516,-0.0201,0.0584,IDLE,1,0,step_done_latches_cleared,0,0,0.000,0,nan,nan,nan,0.0000,0,5,0.6050,0.5698,0.4909,0.5698,0.0352,本圈台阶完成,1,0.0000,0.150,0.330
4741.970,ROUNDABOUT_EXIT,0.535,0,3.669,0.8754,0.0000,vision,3.669,roundabout_exit_commit,0.1050,0.0515,1,line_center_tracking,-0.0403,-0.0276,-0.0729,-0.1142,0.7006,5,0.0452,0.0413,0.0866,-0.0716,0.0515,IDLE,1,0,step_done_latches_cleared,0,0,0.000,0,nan,nan,nan,0.0000,0,5,0.6050,0.5698,0.4909,0.5698,0.0352,本圈台阶完成,1,0.0000,0.150,0.330
4742.107,ROUNDABOUT_EXIT,0.671,0,3.669,0.0000,0.0000,vision,3.669,roundabout_exit_commit,0.1050,0.0290,1,line_center_tracking,-0.0083,0.0147,-0.0673,-0.1165,0.7107,5,0.0820,0.0492,0.1312,-0.0564,0.0290,IDLE,1,0,step_done_latches_cleared,0,0,0.000,0,nan,nan,nan,0.0000,0,5,0.6050,0.5698,0.4909,0.5698,0.0352,本圈台阶完成,1,0.0000,0.150,0.330
4742.237,ROUNDABOUT_EXIT,0.802,0,3.669,0.0000,0.0000,vision,3.669,roundabout_exit_commit,0.1050,0.0229,1,line_center_tracking,-0.0143,0.0090,-0.0744,-0.1147,0.7149,5,0.0834,0.0404,0.1238,-0.0600,0.0229,IDLE,1,0,step_done_latches_cleared,0,0,0.000,0,nan,nan,nan,0.0000,0,5,0.6050,0.5698,0.4909,0.5698,0.0352,本圈台阶完成,1,0.0000,0.150,0.330
4742.371,ROUNDABOUT_EXIT,0.935,0,3.669,0.0000,0.0000,vision,3.669,roundabout_exit_commit,0.1050,0.0078,1,line_center_tracking,0.0054,0.0165,-0.0233,-0.0233,0.4442,2,0.0398,0.0000,0.0398,-0.0100,0.0078,IDLE,1,0,step_done_latches_cleared,0,0,0.000,0,nan,nan,nan,0.0000,0,5,0.6050,0.5698,0.4909,0.5698,0.0352,本圈台阶完成,1,0.0000,0.150,0.330
4742.516,ROUNDABOUT_EXIT,1.080,0,3.669,0.0000,0.0000,vision,3.669,roundabout_exit_commit,0.1050,0.0059,1,line_center_tracking,-0.0025,0.0192,-0.0584,-0.1119,0.7156,5,0.0776,0.0535,0.1311,-0.0504,0.0059,IDLE,1,0,step_done_latches_cleared,0,0,0.000,0,nan,nan,nan,0.0000,0,5,0.6050,0.5698,0.4909,0.5698,0.0352,本圈台阶完成,1,0.0000,0.150,0.330
4742.657,SEEK_CROSSWALK,0.000,0,3.669,0.0000,0.0000,vision,3.669,tracking,0.1557,0.0256,1,line_center_tracking,-0.0237,-0.0124,-0.0527,-0.1083,0.6316,4,0.0403,0.0556,0.0960,-0.0578,0.0256,IDLE,1,0,step_done_latches_cleared,0,0,0.000,0,nan,nan,nan,0.0000,0,5,0.6050,0.5698,0.4909,0.5698,0.0352,本圈台阶完成,1,0.0000,0.150,0.330
4742.794,SEEK_CROSSWALK,0.136,0,3.669,0.0000,0.0000,vision,3.669,tracking,0.2063,0.0181,1,line_center_tracking,-0.0108,-0.0101,-0.0126,-0.0956,0.7003,5,0.0025,0.0830,0.0855,-0.0395,0.0181,IDLE,1,0,step_done_latches_cleared,0,0,0.000,0,nan,nan,nan,0.0000,0,5,0.6050,0.5698,0.4909,0.5698,0.0352,本圈台阶完成,1,0.0000,0.150,0.330
4742.927,SEEK_CROSSWALK,0.270,0,3.669,0.0000,0.0000,vision,3.669,tracking,0.2369,0.0171,1,line_center_tracking,-0.0144,0.0010,-0.0541,-0.1171,0.8091,6,0.0552,0.0630,0.1181,-0.0567,0.0171,IDLE,1,0,step_done_latches_cleared,0,0,0.000,0,nan,nan,nan,0.0000,0,5,0.6050,0.5698,0.4909,0.5698,0.0352,本圈台阶完成,1,0.0000,0.150,0.330
4743.059,SEEK_CROSSWALK,0.402,0,3.669,0.0000,0.0000,vision,3.669,tracking,0.2362,0.0157,1,line_center_tracking,-0.0133,0.0045,-0.0591,-0.1195,0.8088,6,0.0637,0.0604,0.1241,-0.0580,0.0157,IDLE,1,0,step_done_latches_cleared,0,0,0.000,0,nan,nan,nan,0.0000,0,5,0.6050,0.5698,0.4909,0.5698,0.0352,本圈台阶完成,1,0.0000,0.150,0.330
4743.187,SEEK_CROSSWALK,0.530,0,3.669,0.0000,0.0000,vision,3.669,tracking,0.2361,0.0120,1,line_center_tracking,-0.0082,0.0107,-0.0565,-0.1145,0.8091,6,0.0672,0.0580,0.1252,-0.0535,0.0120,IDLE,1,0,step_done_latches_cleared,0,0,0.000,0,nan,nan,nan,0.0000,0,5,0.6050,0.5698,0.4909,0.5698,0.0352,本圈台阶完成,1,0.0000,0.150,0.330
4743.318,SEEK_CROSSWALK,0.661,0,3.669,0.0000,0.0000,vision,3.669,tracking,0.2366,0.0099,1,line_center_tracking,-0.0071,0.0112,-0.0541,-0.1097,0.7198,5,0.0653,0.0556,0.1209,-0.0509,0.0099,IDLE,1,0,step_done_latches_cleared,0,0,0.000,0,nan,nan,nan,0.0000,0,5,0.6050,0.5698,0.4909,0.5698,0.0352,本圈台阶完成,1,0.0000,0.150,0.330
4743.470,SEEK_CROSSWALK,0.813,0,3.669,0.0000,0.0000,vision,3.669,tracking,0.2367,0.0067,1,line_center_tracking,-0.0034,0.0141,-0.0485,-0.1056,0.8084,6,0.0626,0.0571,0.1197,-0.0467,0.0067,IDLE,1,0,step_done_latches_cleared,0,0,0.000,0,nan,nan,nan,0.0000,0,5,0.6050,0.5698,0.4909,0.5698,0.0352,本圈台阶完成,1,0.0000,0.150,0.330
4743.599,SEEK_CROSSWALK,0.942,0,3.669,0.0000,0.0000,vision,3.669,tracking,0.2368,0.0063,1,line_center_tracking,-0.0052,0.0127,-0.0512,-0.1064,0.8090,6,0.0639,0.0552,0.1191,-0.0483,0.0063,IDLE,1,0,step_done_latches_cleared,0,0,0.000,0,nan,nan,nan,0.0000,0,5,0.6050,0.5698,0.4909,0.5698,0.0352,本圈台阶完成,1,0.0000,0.150,0.330
4743.730,SEEK_CROSSWALK,1.073,0,3.669,0.0000,0.0000,vision,3.669,tracking,0.2371,0.0086,1,line_center_tracking,-0.0096,0.0076,-0.0539,-0.1083,0.8086,6,0.0615,0.0544,0.1159,-0.0515,0.0086,IDLE,1,0,step_done_latches_cleared,0,0,0.000,0,nan,nan,nan,0.0000,0,5,0.6050,0.5698,0.4909,0.5698,0.0352,本圈台阶完成,1,0.0000,0.150,0.330
4743.869,SEEK_CROSSWALK,1.212,0,3.669,0.0000,0.0000,vision,3.669,tracking,0.2376,0.0128,1,line_center_tracking,-0.0155,0.0014,-0.0589,-0.1102,0.7202,5,0.0603,0.0512,0.1116,-0.0559,0.0128,IDLE,1,0,step_done_latches_cleared,0,0,0.000,0,nan,nan,nan,0.0000,0,5,0.6050,0.5698,0.4909,0.5698,0.0352,本圈台阶完成,1,0.0000,0.150,0.330
4744.002,SEEK_CROSSWALK,1.345,0,3.669,0.0000,0.0000,vision,3.669,tracking,0.2379,0.0177,1,line_center_tracking,-0.0205,-0.0045,-0.0617,-0.1131,0.8113,6,0.0572,0.0514,0.1086,-0.0598,0.0177,IDLE,1,0,step_done_latches_cleared,0,0,0.000,0,nan,nan,nan,0.0000,0,5,0.6050,0.5698,0.4909,0.5698,0.0352,本圈台阶完成,1,0.0000,0.150,0.330
4744.132,SEEK_CROSSWALK,1.475,0,3.669,0.0000,0.0000,vision,3.669,tracking,0.2381,0.0216,1,line_center_tracking,-0.0236,-0.0071,-0.0659,-0.1143,0.7220,5,0.0588,0.0484,0.1072,-0.0624,0.0216,IDLE,1,0,step_done_latches_cleared,0,0,0.000,0,nan,nan,nan,0.0000,0,5,0.6050,0.5698,0.4909,0.5698,0.0352,本圈台阶完成,1,0.0000,0.150,0.330
4744.254,SEEK_CROSSWALK,1.597,0,3.669,0.0000,0.0000,vision,3.669,tracking,0.2383,0.0235,1,line_center_tracking,-0.0237,-0.0072,-0.0660,-0.1129,0.8116,6,0.0588,0.0468,0.1057,-0.0620,0.0235,IDLE,1,0,step_done_latches_cleared,0,0,0.000,0,nan,nan,nan,0.0000,0,5,0.6050,0.5698,0.4909,0.5698,0.0352,本圈台阶完成,1,0.0000,0.150,0.330
4744.388,SEEK_CROSSWALK,1.731,0,3.669,0.0000,0.0000,vision,3.669,tracking,0.2373,0.0215,1,line_center_tracking,-0.0186,0.0008,-0.0686,-0.1132,0.8090,6,0.0694,0.0446,0.1140,-0.0603,0.0215,IDLE,1,0,step_done_latches_cleared,0,0,0.000,0,nan,nan,nan,0.0000,0,5,0.6050,0.5698,0.4909,0.5698,0.0352,本圈台阶完成,1,0.0000,0.150,0.330
4744.530,SEEK_CROSSWALK,1.873,0,3.669,0.0000,0.0000,vision,3.669,tracking,0.2396,0.0292,1,line_center_tracking,-0.0330,-0.0190,-0.0693,-0.1125,0.8133,6,0.0503,0.0432,0.0936,-0.0669,0.0292,IDLE,1,0,step_done_latches_cleared,0,0,0.000,0,nan,nan,nan,0.0000,0,5,0.6050,0.5698,0.4909,0.5698,0.0352,本圈台阶完成,1,0.0000,0.150,0.330
4744.674,SEEK_CROSSWALK,2.017,0,3.669,0.0000,0.0000,vision,3.669,tracking,0.2384,0.0294,1,line_center_tracking,-0.0279,-0.0091,-0.0764,-0.1136,0.8977,7,0.0674,0.0372,0.1045,-0.0664,0.0294,IDLE,1,0,step_done_latches_cleared,0,0,0.000,0,nan,nan,nan,0.0000,0,5,0.6050,0.5698,0.4909,0.5698,0.0352,本圈台阶完成,1,0.0000,0.150,0.330
4744.859,SEEK_CROSSWALK,2.202,0,3.669,0.0000,0.0000,vision,3.669,tracking,0.2407,0.0363,1,line_center_tracking,-0.0395,-0.0262,-0.0739,-0.1100,0.9018,7,0.0477,0.0361,0.0838,-0.0700,0.0363,IDLE,1,0,step_done_latches_cleared,0,0,0.000,0,nan,nan,nan,0.0000,0,5,0.6050,0.5698,0.4909,0.5698,0.0352,本圈台阶完成,1,0.0000,0.150,0.330
4745.017,SEEK_CROSSWALK,2.359,0,3.669,0.0000,0.0000,vision,3.669,tracking,0.2385,0.0447,1,line_center_tracking,-0.0487,-0.0377,-0.0769,-0.1094,0.9040,7,0.0392,0.0325,0.0717,-0.0747,0.0447,IDLE,1,0,step_done_latches_cleared,0,0,0.000,0,nan,nan,nan,0.0000,0,5,0.6050,0.5698,0.4909,0.5698,0.0352,本圈台阶完成,1,0.0000,0.150,0.330
4745.158,SEEK_CROSSWALK,2.501,0,3.669,0.0000,0.0000,vision,3.669,tracking,0.2372,0.0496,1,line_center_tracking,-0.0506,-0.0400,-0.0779,-0.1074,0.9922,8,0.0379,0.0294,0.0674,-0.0751,0.0496,IDLE,1,0,step_done_latches_cleared,0,0,0.000,0,nan,nan,nan,0.0000,0,5,0.6050,0.5698,0.4909,0.5698,0.0352,本圈台阶完成,1,0.0000,0.150,0.330
4745.299,SEEK_CROSSWALK,2.642,0,3.669,0.0000,0.0000,vision,3.669,tracking,0.2366,0.0523,1,line_center_tracking,-0.0510,-0.0418,-0.0746,-0.1018,0.9931,8,0.0328,0.0273,0.0600,-0.0727,0.0523,IDLE,1,0,step_done_latches_cleared,0,0,0.000,0,nan,nan,nan,0.0000,0,5,0.6050,0.5698,0.4909,0.5698,0.0352,本圈台阶完成,1,0.0000,0.150,0.330
4745.453,SEEK_CROSSWALK,2.795,0,3.669,0.0000,0.0000,vision,3.669,tracking,0.2366,0.0522,1,line_center_tracking,-0.0486,-0.0406,-0.0692,-0.0940,0.9939,8,0.0286,0.0248,0.0535,-0.0679,0.0522,IDLE,1,0,step_done_latches_cleared,0,0,0.000,0,nan,nan,nan,0.0000,0,5,0.6050,0.5698,0.4909,0.5698,0.0352,本圈台阶完成,1,0.0000,0.150,0.330
4745.593,SEEK_CROSSWALK,2.936,0,3.669,0.0000,0.0000,vision,3.669,tracking,0.2367,0.0518,1,line_center_tracking,-0.0476,-0.0403,-0.0667,-0.0908,0.9941,8,0.0264,0.0241,0.0505,-0.0659,0.0518,IDLE,1,0,step_done_latches_cleared,0,0,0.000,0,nan,nan,nan,0.0000,0,5,0.6050,0.5698,0.4909,0.5698,0.0352,本圈台阶完成,1,0.0000,0.150,0.330
4745.727,SEEK_CROSSWALK,3.070,0,3.669,0.0000,0.0000,vision,3.669,tracking,0.2371,0.0501,1,line_center_tracking,-0.0449,-0.0382,-0.0623,-0.0881,0.9937,8,0.0241,0.0258,0.0499,-0.0629,0.0501,IDLE,1,0,step_done_latches_cleared,0,0,0.000,0,nan,nan,nan,0.0000,0,5,0.6050,0.5698,0.4909,0.5698,0.0352,本圈台阶完成,1,0.0000,0.150,0.330
4745.874,SEEK_CROSSWALK,3.217,0,3.669,0.0000,0.0000,vision,3.669,tracking,0.2385,0.0445,1,line_center_tracking,-0.0366,-0.0305,-0.0525,-0.0854,0.9921,8,0.0220,0.0329,0.0549,-0.0561,0.0445,IDLE,1,0,step_done_latches_cleared,0,0,0.000,0,nan,nan,nan,0.0000,0,5,0.6050,0.5698,0.4909,0.5698,0.0352,本圈台阶完成,1,0.0000,0.150,0.330
4746.026,SEEK_CROSSWALK,3.369,0,3.669,0.0000,0.0000,vision,3.669,tracking,0.2405,0.0369,1,line_center_tracking,-0.0275,-0.0218,-0.0421,-0.0845,0.9906,8,0.0203,0.0424,0.0627,-0.0494,0.0369,IDLE,1,0,step_done_latches_cleared,0,0,0.000,0,nan,nan,nan,0.0000,0,5,0.6050,0.5698,0.4909,0.5698,0.0352,本圈台阶完成,1,0.0000,0.150,0.330
4746.170,SEEK_CROSSWALK,3.513,0,3.669,0.0000,0.0000,vision,3.669,tracking,0.2422,0.0265,1,line_center_tracking,-0.0156,-0.0108,-0.0278,-0.0812,0.9888,8,0.0170,0.0534,0.0703,-0.0399,0.0265,IDLE,1,0,step_done_latches_cleared,0,0,0.000,0,nan,nan,nan,0.0000,0,5,0.6050,0.5698,0.4909,0.5698,0.0352,本圈台阶完成,1,0.0000,0.150,0.330
4746.322,SEEK_CROSSWALK,3.665,0,3.669,0.0000,0.0000,vision,3.669,tracking,0.2397,0.0161,1,line_center_tracking,-0.0055,-0.0011,-0.0168,-0.0924,0.9847,8,0.0157,0.0756,0.0913,-0.0368,0.0161,IDLE,1,0,step_done_latches_cleared,0,0,0.000,0,nan,nan,nan,0.0000,0,5,0.6050,0.5698,0.4909,0.5698,0.0352,本圈台阶完成,1,0.0000,0.150,0.330
4746.523,SEEK_CROSSWALK,3.865,0,3.669,0.0000,0.0000,vision,3.669,tracking,0.2429,0.0090,1,line_center_tracking,-0.0013,0.0043,-0.0156,-0.0595,0.9047,7,0.0199,0.0439,0.0639,-0.0236,0.0090,IDLE,1,0,step_done_latches_cleared,0,0,0.000,0,nan,nan,nan,0.0000,0,5,0.6050,0.5698,0.4909,0.5698,0.0352,本圈台阶完成,1,0.0000,0.150,0.330
4746.670,SEEK_CROSSWALK,4.013,0,3.669,0.0000,0.0000,vision,3.669,tracking,0.2305,0.0013,1,line_center_tracking,0.0056,0.0107,-0.0074,-0.1497,0.9734,8,0.0181,0.1423,0.1604,-0.0488,0.0013,IDLE,1,0,step_done_latches_cleared,0,0,0.000,0,nan,nan,nan,0.0000,0,5,0.6050,0.5698,0.4909,0.5698,0.0352,本圈台阶完成,1,0.0000,0.150,0.330
4746.795,SEEK_CROSSWALK,4.138,0,3.669,0.0000,0.0000,vision,3.669,tracking,0.1829,-0.0056,1,line_curve_center_riding,0.0113,0.0125,-0.0080,-0.1741,0.9698,8,0.0205,0.1661,0.1866,-0.0565,-0.0056,IDLE,1,0,step_done_latches_cleared,0,0,0.000,0,nan,nan,nan,0.0000,0,5,0.6050,0.5698,0.4909,0.5698,0.0352,本圈台阶完成,1,0.0000,0.150,0.330
4746.936,SEEK_CROSSWALK,4.278,0,3.669,0.0000,0.0000,vision,3.669,tracking,0.1700,-0.0094,1,line_curve_center_riding,0.0125,0.0143,-0.0168,-0.2318,0.8796,7,0.0311,0.2150,0.2461,-0.0781,-0.0094,IDLE,1,0,step_done_latches_cleared,0,0,0.000,0,nan,nan,nan,0.0000,0,5,0.6050,0.5698,0.4909,0.5698,0.0352,本圈台阶完成,1,0.0000,0.150,0.330
4747.066,SEEK_CROSSWALK,4.409,0,3.669,0.0000,0.0000,vision,3.669,tracking,0.2194,-0.0043,1,line_center_tracking,0.0004,0.0096,-0.0235,-0.1544,0.8939,7,0.0331,0.1309,0.1640,-0.0561,-0.0043,IDLE,1,0,step_done_latches_cleared,0,0,0.000,0,nan,nan,nan,0.0000,0,5,0.6050,0.5698,0.4909,0.5698,0.0352,本圈台阶完成,1,0.0000,0.150,0.330
4747.197,SEEK_CROSSWALK,4.540,0,3.669,0.0000,0.0000,vision,3.669,tracking,0.1700,-0.0076,1,line_curve_center_riding,0.0092,0.0118,-0.0310,-0.2038,0.8886,7,0.0427,0.1728,0.2156,-0.0743,-0.0076,IDLE,1,0,step_done_latches_cleared,0,0,0.000,0,nan,nan,nan,0.0000,0,5,0.6050,0.5698,0.4909,0.5698,0.0352,本圈台阶完成,1,0.0000,0.150,0.330
4747.325,SEEK_CROSSWALK,4.668,0,3.669,0.0000,0.0000,vision,3.669,tracking,0.1700,-0.0090,1,line_curve_center_riding,0.0098,0.0129,-0.0394,-0.2484,0.8841,7,0.0523,0.2091,0.2613,-0.0916,-0.0090,IDLE,1,0,step_done_latches_cleared,0,0,0.000,0,nan,nan,nan,0.0000,0,5,0.6050,0.5698,0.4909,0.5698,0.0352,本圈台阶完成,1,0.0000,0.150,0.330
4747.463,SEEK_CROSSWALK,4.806,0,3.669,0.0000,0.0000,vision,3.669,tracking,0.1700,-0.0107,1,line_curve_center_riding,0.0113,0.0150,-0.0459,-0.2916,0.8788,7,0.0609,0.2457,0.3065,-0.1075,-0.0107,IDLE,1,0,step_done_latches_cleared,0,0,0.000,0,nan,nan,nan,0.0000,0,5,0.6050,0.5698,0.4909,0.5698,0.0352,本圈台阶完成,1,0.0000,0.150,0.330
4747.595,SEEK_CROSSWALK,4.938,0,3.669,0.0000,0.0000,vision,3.669,tracking,0.1700,-0.0119,1,line_curve_center_riding,0.0121,0.0165,-0.0559,-0.3373,0.8744,7,0.0724,0.2814,0.3538,-0.1256,-0.0119,IDLE,1,0,step_done_latches_cleared,0,0,0.000,0,nan,nan,nan,0.0000,0,5,0.6050,0.5698,0.4909,0.5698,0.0352,本圈台阶完成,1,0.0000,0.150,0.330
4747.751,SEEK_CROSSWALK,5.094,0,3.669,0.0000,0.0000,vision,3.669,tracking,0.1700,-0.0126,1,line_curve_center_riding,0.0123,0.0176,-0.0708,-0.3741,0.8709,7,0.0884,0.3033,0.3917,-0.1424,-0.0126,IDLE,1,0,step_done_latches_cleared,0,0,0.000,0,nan,nan,nan,0.0000,0,5,0.6050,0.5698,0.4909,0.5698,0.0352,本圈台阶完成,1,0.0000,0.150,0.330
4747.878,SEEK_CROSSWALK,5.221,0,3.669,0.0000,0.0000,vision,3.669,tracking,0.1700,-0.0104,1,line_curve_center_riding,0.0081,0.0142,-0.0872,-0.4026,0.8691,7,0.1013,0.3154,0.4167,-0.1585,-0.0104,IDLE,1,0,step_done_latches_cleared,0,0,0.000,0,nan,nan,nan,0.0000,0,5,0.6050,0.5698,0.4909,0.5698,0.0352,本圈台阶完成,1,0.0000,0.150,0.330
4748.010,SEEK_CROSSWALK,5.352,0,3.669,0.0000,0.0000,vision,3.669,tracking,0.1450,-0.0073,1,line_curve_center_riding,0.0041,0.0111,-0.1060,-0.4637,0.8633,7,0.1171,0.3578,0.4749,-0.1862,-0.0073,IDLE,1,0,step_done_latches_cleared,0,0,0.000,0,nan,nan,nan,0.0000,0,5,0.6050,0.5698,0.4909,0.5698,0.0352,本圈台阶完成,1,0.0000,0.150,0.330
4748.150,SEEK_CROSSWALK,5.493,0,3.669,0.0000,0.0000,vision,3.669,tracking,0.1450,-0.0022,1,line_curve_center_riding,-0.0023,0.0054,-0.1224,-0.4838,0.8626,7,0.1278,0.3614,0.4892,-0.2003,-0.0022,IDLE,1,0,step_done_latches_cleared,0,0,0.000,0,nan,nan,nan,0.0000,0,5,0.6050,0.5698,0.4909,0.5698,0.0352,本圈台阶完成,1,0.0000,0.150,0.330
4748.282,SEEK_CROSSWALK,5.625,0,3.669,0.0000,0.0000,vision,3.669,tracking,0.1700,0.0025,1,line_curve_center_riding,-0.0065,0.0020,-0.1400,-0.1669,0.6184,4,0.1420,0.0269,0.1689,-0.1016,0.0025,IDLE,1,0,step_done_latches_cleared,0,0,0.000,0,nan,nan,nan,0.0000,0,5,0.6050,0.5698,0.4909,0.5698,0.0352,本圈台阶完成,1,0.0000,0.150,0.330
4748.417,SEEK_CROSSWALK,5.760,0,3.669,0.0000,0.0000,vision,3.669,tracking,0.1700,0.0021,1,line_curve_center_riding,-0.0021,0.0072,-0.1483,-0.3147,0.7831,6,0.1555,0.1664,0.3219,-0.1520,0.0021,IDLE,1,0,step_done_latches_cleared,0,0,0.000,0,nan,nan,nan,0.0000,0,5,0.6050,0.5698,0.4909,0.5698,0.0352,本圈台阶完成,1,0.0000,0.150,0.330
4748.557,SEEK_CROSSWALK,5.900,0,3.669,0.0000,0.0000,vision,3.669,tracking,0.1700,0.0034,1,line_curve_center_riding,-0.0041,0.0063,-0.1664,-0.3325,0.6916,5,0.1726,0.1661,0.3387,-0.1642,0.0034,IDLE,1,0,step_done_latches_cleared,0,0,0.000,0,nan,nan,nan,0.0000,0,5,0.6050,0.5698,0.4909,0.5698,0.0352,本圈台阶完成,1,0.0000,0.150,0.330
4748.700,SEEK_CROSSWALK,6.042,0,3.669,0.0000,0.0000,vision,3.669,tracking,0.1700,0.0117,1,line_curve_center_riding,-0.0176,-0.0090,-0.1520,-0.2974,0.7881,6,0.1430,0.1454,0.2884,-0.1528,0.0117,IDLE,1,0,step_done_latches_cleared,0,0,0.000,0,nan,nan,nan,0.0000,0,5,0.6050,0.5698,0.4909,0.5698,0.0352,本圈台阶完成,1,0.0000,0.150,0.330
4748.831,SEEK_CROSSWALK,6.174,0,3.669,0.0000,0.0000,vision,3.669,tracking,0.1700,0.0208,1,line_curve_center_riding,-0.0271,-0.0190,-0.1531,-0.1781,0.7113,5,0.1341,0.0250,0.1591,-0.1167,0.0208,IDLE,1,0,step_done_latches_cleared,0,0,0.000,0,nan,nan,nan,0.0000,0,5,0.6050,0.5698,0.4909,0.5698,0.0352,本圈台阶完成,1,0.0000,0.150,0.330
4748.963,SEEK_CROSSWALK,6.306,0,3.669,0.0000,0.0000,vision,3.669,tracking,0.1700,0.0206,1,line_curve_center_riding,-0.0198,-0.0108,-0.1609,-0.3262,0.7854,6,0.1501,0.1654,0.3155,-0.1660,0.0206,IDLE,1,0,step_done_latches_cleared,0,0,0.000,0,nan,nan,nan,0.0000,0,5,0.6050,0.5698,0.4909,0.5698,0.0352,本圈台阶完成,1,0.0000,0.150,0.330
4749.104,SEEK_CROSSWALK,6.447,0,3.669,0.0000,0.0000,vision,3.669,tracking,0.1700,0.0152,1,line_curve_center_riding,-0.0098,-0.0009,-0.1501,-0.2985,0.7858,6,0.1492,0.1483,0.2976,-0.1498,0.0152,IDLE,1,0,step_done_latches_cleared,0,0,0.000,0,nan,nan,nan,0.0000,0,5,0.6050,0.5698,0.4909,0.5698,0.0352,本圈台阶完成,1,0.0000,0.150,0.330
4749.240,SEEK_CROSSWALK,6.582,0,3.669,0.0000,0.0000,vision,3.669,tracking,0.1450,0.0137,1,line_curve_center_riding,-0.0111,-0.0012,-0.1655,-0.5425,0.8559,7,0.1643,0.3770,0.5413,-0.2364,0.0137,IDLE,1,0,step_done_latches_cleared,0,0,0.000,0,nan,nan,nan,0.0000,0,5,0.6050,0.5698,0.4909,0.5698,0.0352,本圈台阶完成,1,0.0000,0.150,0.330
4749.373,SEEK_CROSSWALK,6.716,0,3.669,0.0000,0.0000,vision,3.669,tracking,0.1700,0.0120,1,line_curve_center_riding,-0.0095,-0.0001,-0.1569,-0.3318,0.7828,6,0.1568,0.1749,0.3317,-0.1630,0.0120,IDLE,1,0,step_done_latches_cleared,0,0,0.000,0,nan,nan,nan,0.0000,0,5,0.6050,0.5698,0.4909,0.5698,0.0352,本圈台阶完成,1,0.0000,0.150,0.330
4749.508,SEEK_CROSSWALK,6.851,0,3.669,0.0000,0.0000,vision,3.669,tracking,0.1450,0.0078,1,line_curve_center_riding,-0.0038,0.0077,-0.1834,-0.7110,0.8350,7,0.1911,0.5276,0.7187,-0.2956,0.0078,IDLE,1,0,step_done_latches_cleared,0,0,0.000,0,nan,nan,nan,0.0000,0,5,0.6050,0.5698,0.4909,0.5698,0.0352,本圈台阶完成,1,0.0000,0.150,0.330
4749.642,SEEK_CROSSWALK,6.985,0,3.669,0.0000,0.0000,vision,3.669,tracking,0.1700,0.0118,1,line_curve_center_riding,-0.0137,-0.0026,-0.1879,-0.3686,0.7778,6,0.1853,0.1807,0.3660,-0.1864,0.0118,IDLE,1,0,step_done_latches_cleared,0,0,0.000,0,nan,nan,nan,0.0000,0,5,0.6050,0.5698,0.4909,0.5698,0.0352,本圈台阶完成,1,0.0000,0.150,0.330
4749.791,SEEK_CROSSWALK,7.134,0,3.669,0.0000,0.0000,vision,3.669,tracking,0.1450,0.0151,1,line_curve_center_riding,-0.0169,-0.0051,-0.2023,-0.4394,0.7701,6,0.1972,0.2371,0.4343,-0.2156,0.0151,IDLE,1,0,step_done_latches_cleared,0,0,0.000,0,nan,nan,nan,0.0000,0,5,0.6050,0.5698,0.4909,0.5698,0.0352,本圈台阶完成,1,0.0000,0.150,0.330
4749.928,SEEK_CROSSWALK,7.271,0,3.669,0.0000,0.0000,vision,3.669,tracking,0.1450,0.0210,1,line_curve_center_riding,-0.0244,-0.0105,-0.2427,-0.4891,0.7645,6,0.2322,0.2464,0.4786,-0.2474,0.0210,IDLE,1,0,step_done_latches_cleared,0,0,0.000,0,nan,nan,nan,0.0000,0,5,0.6050,0.5698,0.4909,0.5698,0.0352,本圈台阶完成,1,0.0000,0.150,0.330
4750.063,SEEK_CROSSWALK,7.406,0,3.669,0.0000,0.0000,vision,3.669,tracking,0.1450,0.0286,1,line_curve_center_riding,-0.0331,-0.0182,-0.2674,-0.5171,0.7614,6,0.2493,0.2497,0.4989,-0.2676,0.0286,IDLE,1,0,step_done_latches_cleared,0,0,0.000,0,nan,nan,nan,0.0000,0,5,0.6050,0.5698,0.4909,0.5698,0.0352,本圈台阶完成,1,0.0000,0.150,0.330
4750.201,SEEK_CROSSWALK,7.543,0,3.669,0.0000,0.0000,vision,3.669,tracking,0.1450,0.0391,1,line_curve_center_riding,-0.0452,-0.0298,-0.2862,-0.5330,0.7598,6,0.2564,0.2468,0.5032,-0.2830,0.0391,IDLE,1,0,step_done_latches_cleared,0,0,0.000,0,nan,nan,nan,0.0000,0,5,0.6050,0.5698,0.4909,0.5698,0.0352,本圈台阶完成,1,0.0000,0.150,0.330
4750.335,SEEK_CROSSWALK,7.677,0,3.669,0.0000,0.0000,vision,3.669,tracking,0.1450,0.0492,1,line_curve_center_riding,-0.0546,-0.0363,-0.3416,-0.4074,0.6758,5,0.3053,0.0658,0.3711,-0.2617,0.0492,IDLE,1,0,step_done_latches_cleared,0,0,0.000,0,nan,nan,nan,0.0000,0,5,0.6050,0.5698,0.4909,0.5698,0.0352,本圈台阶完成,1,0.0000,0.150,0.330
4750.463,SEEK_CROSSWALK,7.805,0,3.669,0.0000,0.0000,vision,3.669,tracking,0.1450,0.0665,1,line_curve_center_riding,-0.0760,-0.0578,-0.3623,-0.4358,0.6733,5,0.3046,0.0734,0.3780,-0.2853,0.0665,IDLE,1,0,step_done_latches_cleared,0,0,0.000,0,nan,nan,nan,0.0000,0,5,0.6050,0.5698,0.4909,0.5698,0.0352,本圈台阶完成,1,0.0000,0.150,0.330
4750.593,SEEK_CROSSWALK,7.936,0,3.669,0.0000,0.0000,vision,3.669,tracking,0.1450,0.0890,1,line_curve_center_riding,-0.1017,-0.0805,-0.4330,-0.7461,0.7385,6,0.3525,0.3131,0.6656,-0.4199,0.0890,IDLE,1,0,step_done_latches_cleared,0,0,0.000,0,nan,nan,nan,0.0000,0,5,0.6050,0.5698,0.4909,0.5698,0.0352,本圈台阶完成,1,0.0000,0.150,0.330
4750.730,SEEK_CROSSWALK,8.073,0,3.669,0.0000,0.0000,vision,3.669,tracking,0.1450,0.1129,1,line_curve_center_riding,-0.1258,-0.1041,-0.4647,-0.5443,0.6646,5,0.3606,0.0796,0.4401,-0.3710,0.1129,IDLE,1,0,step_done_latches_cleared,0,0,0.000,0,nan,nan,nan,0.0000,0,5,0.6050,0.5698,0.4909,0.5698,0.0352,本圈台阶完成,1,0.0000,0.150,0.330
4750.892,SEEK_CROSSWALK,8.235,0,3.669,0.0000,0.0000,vision,3.669,tracking,0.1450,0.1365,1,line_curve_center_riding,-0.1482,-0.1190,-0.6055,-0.7291,0.6362,5,0.4865,0.1237,0.6101,-0.4845,0.1365,IDLE,1,0,step_done_latches_cleared,0,0,0.000,0,nan,nan,nan,0.0000,0,5,0.6050,0.5698,0.4909,0.5698,0.0352,本圈台阶完成,1,0.0000,0.150,0.330
4751.031,SEEK_CROSSWALK,8.374,0,3.669,0.0000,0.0000,vision,3.669,tracking,0.1700,0.1777,1,line_curve_center_riding,-0.1994,-0.1852,-0.4213,-0.4213,0.5862,4,0.2361,0.0000,0.2361,-0.3426,0.1777,IDLE,1,0,step_done_latches_cleared,0,0,0.000,0,nan,nan,nan,0.0000,0,5,0.6050,0.5698,0.4909,0.5698,0.0352,本圈台阶完成,1,0.0000,0.150,0.330
4751.189,SEEK_CROSSWALK,8.532,0,3.669,0.0000,0.0000,vision,3.669,tracking,0.1450,0.1993,1,line_curve_center_riding,-0.2060,-0.1882,-0.4851,-0.4851,0.5766,4,0.2969,0.0000,0.2969,-0.3862,0.1993,IDLE,1,0,step_done_latches_cleared,0,0,0.000,0,nan,nan,nan,0.0000,0,5,0.6050,0.5698,0.4909,0.5698,0.0352,本圈台阶完成,1,0.0000,0.150,0.330
4751.322,SEEK_CROSSWALK,8.665,0,3.669,0.0000,0.0000,vision,3.669,tracking,0.1450,0.2199,1,line_curve_center_riding,-0.2219,-0.2028,-0.5211,-0.5211,0.5704,4,0.3183,0.0000,0.3183,-0.4150,0.2199,IDLE,1,0,step_done_latches_cleared,0,0,0.000,0,nan,nan,nan,0.0000,0,5,0.6050,0.5698,0.4909,0.5698,0.0352,本圈台阶完成,1,0.0000,0.150,0.330
4751.461,SEEK_CROSSWALK,8.804,0,3.669,0.0000,0.0000,vision,3.669,tracking,0.1450,0.2733,1,line_curve_center_riding,-0.2976,-0.2757,-0.6411,-0.6411,0.4494,3,0.3654,0.0000,0.3654,-0.5193,0.2733,IDLE,1,0,step_done_latches_cleared,0,0,0.000,0,nan,nan,nan,0.0000,0,5,0.6050,0.5698,0.4909,0.5698,0.0352,本圈台阶完成,1,0.0000,0.150,0.330
4751.598,SEEK_CROSSWALK,8.940,0,3.669,0.0000,0.0000,vision,3.669,tracking,0.1700,0.2948,1,line_curve_center_riding,-0.2948,-0.2866,-0.4235,-0.4235,0.4872,3,0.1369,0.0000,0.1369,-0.3779,0.2948,IDLE,1,0,step_done_latches_cleared,0,0,0.000,0,nan,nan,nan,0.0000,0,5,0.6050,0.5698,0.4909,0.5698,0.0352,本圈台阶完成,1,0.0000,0.150,0.330
4751.746,SEEK_CROSSWALK,9.089,0,3.669,0.0000,0.0000,vision,3.669,tracking,0.1657,0.3278,1,line_center_tracking,-0.3325,-0.3251,-0.3515,-0.3515,0.4007,2,0.0264,0.0000,0.0264,-0.3427,0.3278,IDLE,1,0,step_done_latches_cleared,0,0,0.000,0,nan,nan,nan,0.0000,0,5,0.6050,0.5698,0.4909,0.5698,0.0352,本圈台阶完成,1,0.0000,0.150,0.330
4751.889,SEEK_CROSSWALK,9.232,0,3.669,0.0000,0.0000,vision,3.669,tracking,0.1635,0.3365,1,line_center_tracking,-0.3215,-0.3150,-0.3381,-0.3381,0.4099,2,0.0231,0.0000,0.0231,-0.3304,0.3365,IDLE,1,0,step_done_latches_cleared,0,0,0.000,0,nan,nan,nan,0.0000,0,5,0.6050,0.5698,0.4909,0.5698,0.0352,本圈台阶完成,1,0.0000,0.150,0.330
4752.021,SEEK_CROSSWALK,9.363,0,3.669,0.0000,0.0000,vision,3.669,line_bridge_loss,0.1135,0.1346,0,line_too_few_bands,0.0000,0.0000,0.0000,0.0000,0.0000,1,0.0000,0.0000,0.0000,0.0000,0.1346,IDLE,1,0,step_done_latches_cleared,0,0,0.000,0,nan,nan,nan,0.0000,0,5,0.6050,0.5698,0.4909,0.5698,0.0352,本圈台阶完成,1,0.0000,0.150,0.330
4752.157,SEEK_CROSSWALK,9.500,0,3.669,0.0000,0.0000,vision,3.669,tracking,0.1524,0.3795,1,line_center_tracking,-0.3909,-0.3795,-0.4203,-0.4203,0.3603,2,0.0408,0.0000,0.0408,-0.4067,0.3795,IDLE,1,0,step_done_latches_cleared,0,0,0.000,0,nan,nan,nan,0.0000,0,5,0.6050,0.5698,0.4909,0.5698,0.0352,本圈台阶完成,1,0.0000,0.150,0.330
4752.293,SEEK_CROSSWALK,9.635,0,3.669,0.0000,0.0000,vision,3.669,line_bridge_loss,0.1017,0.1518,0,line_too_few_bands,0.0000,0.0000,0.0000,0.0000,0.0000,0,0.0000,0.0000,0.0000,0.0000,0.1518,IDLE,1,0,step_done_latches_cleared,0,0,0.000,0,nan,nan,nan,0.0000,0,5,0.6050,0.5698,0.4909,0.5698,0.0352,本圈台阶完成,1,0.0000,0.150,0.330
4752.420,SEEK_CROSSWALK,9.763,0,3.669,0.0000,0.0000,vision,3.669,line_bridge_loss,0.0534,0.1518,0,line_too_few_bands,0.0000,0.0000,0.0000,0.0000,0.0000,1,0.0000,0.0000,0.0000,0.0000,0.1518,IDLE,1,0,step_done_latches_cleared,0,0,0.000,0,nan,nan,nan,0.0000,0,5,0.6050,0.5698,0.4909,0.5698,0.0352,本圈台阶完成,1,0.0000,0.150,0.330
4752.569,SEEK_CROSSWALK,9.912,0,3.669,0.0000,0.0000,vision,3.669,tracking,0.1041,0.4714,1,line_curve_center_riding,-0.5241,-0.5074,-0.7854,-0.7854,0.4298,3,0.2780,0.0000,0.2780,-0.6927,0.4714,IDLE,1,0,step_done_latches_cleared,0,0,0.000,0,nan,nan,nan,0.0000,0,5,0.6050,0.5698,0.4909,0.5698,0.0352,本圈台阶完成,1,0.0000,0.150,0.330
4752.700,SEEK_CROSSWALK,10.043,0,3.669,0.0000,0.0000,vision,3.669,line_bridge_loss,0.0543,0.1885,0,line_too_few_bands,0.0000,0.0000,0.0000,0.0000,0.0000,1,0.0000,0.0000,0.0000,0.0000,0.1885,IDLE,1,0,step_done_latches_cleared,0,0,0.000,0,nan,nan,nan,0.0000,0,5,0.6050,0.5698,0.4909,0.5698,0.0352,本圈台阶完成,1,0.0000,0.150,0.330
4752.830,SEEK_CROSSWALK,10.173,0,3.669,0.0000,0.0000,vision,3.669,line_bridge_loss,0.0350,0.1885,0,line_too_few_bands,0.0000,0.0000,0.0000,0.0000,0.0000,0,0.0000,0.0000,0.0000,0.0000,0.1885,IDLE,1,0,step_done_latches_cleared,0,0,0.000,0,nan,nan,nan,0.0000,0,5,0.6050,0.5698,0.4909,0.5698,0.0352,本圈台阶完成,1,0.0000,0.150,0.330
4752.959,SEEK_CROSSWALK,10.302,0,3.669,0.0000,0.0000,vision,3.669,line_bridge_loss,0.0350,0.1885,0,line_too_few_bands,0.0000,0.0000,0.0000,0.0000,0.0000,1,0.0000,0.0000,0.0000,0.0000,0.1885,IDLE,1,0,step_done_latches_cleared,0,0,0.000,0,nan,nan,nan,0.0000,0,5,0.6050,0.5698,0.4909,0.5698,0.0352,本圈台阶完成,1,0.0000,0.150,0.330
4753.103,SEEK_CROSSWALK,10.446,0,3.669,0.0000,0.0000,vision,3.669,line_loss_hold,0.0000,0.0000,0,line_too_few_bands,0.0000,0.0000,0.0000,0.0000,0.0000,1,0.0000,0.0000,0.0000,0.0000,0.0000,IDLE,1,0,step_done_latches_cleared,0,0,0.000,0,nan,nan,nan,0.0000,0,5,0.6050,0.5698,0.4909,0.5698,0.0352,本圈台阶完成,1,0.0000,0.150,0.330
4753.231,SEEK_CROSSWALK,10.574,0,3.669,0.0000,0.0000,vision,3.669,line_loss_hold,0.0000,0.0000,0,line_too_few_bands,0.0000,0.0000,0.0000,0.0000,0.0000,1,0.0000,0.0000,0.0000,0.0000,0.0000,IDLE,1,0,step_done_latches_cleared,0,0,0.000,0,nan,nan,nan,0.0000,0,5,0.6050,0.5698,0.4909,0.5698,0.0352,本圈台阶完成,1,0.0000,0.150,0.330
4753.359,SEEK_CROSSWALK,10.702,0,3.669,0.0000,0.0000,vision,3.669,line_loss_hold,0.0000,0.0000,0,line_too_few_bands,0.0000,0.0000,0.0000,0.0000,0.0000,1,0.0000,0.0000,0.0000,0.0000,0.0000,IDLE,1,0,step_done_latches_cleared,0,0,0.000,0,nan,nan,nan,0.0000,0,5,0.6050,0.5698,0.4909,0.5698,0.0352,本圈台阶完成,1,0.0000,0.150,0.330
4753.523,SEEK_CROSSWALK,10.866,0,3.669,0.0000,0.0000,vision,3.669,tracking,0.0507,0.3333,1,line_edge_single_rescue,-0.6353,-0.6353,-0.6353,-0.6353,0.3100,1,0.0000,0.0000,0.0000,-0.6353,0.3333,IDLE,1,0,step_done_latches_cleared,0,0,0.000,0,nan,nan,nan,0.0000,0,5,0.6050,0.5698,0.4909,0.5698,0.0352,本圈台阶完成,1,0.0000,0.150,0.330
4753.659,SEEK_CROSSWALK,11.002,0,3.669,0.0000,0.0000,vision,3.669,line_bridge_loss,0.0350,0.1680,0,line_too_few_bands,0.0000,0.0000,0.0000,0.0000,0.0000,0,0.0000,0.0000,0.0000,0.0000,0.1680,IDLE,1,0,step_done_latches_cleared,0,0,0.000,0,nan,nan,nan,0.0000,0,5,0.6050,0.5698,0.4909,0.5698,0.0352,本圈台阶完成,1,0.0000,0.150,0.330
4753.787,SEEK_CROSSWALK,11.130,0,3.669,0.0000,0.0000,vision,3.669,line_bridge_loss,0.0350,0.1680,0,line_too_few_bands,0.0000,0.0000,0.0000,0.0000,0.0000,1,0.0000,0.0000,0.0000,0.0000,0.1680,IDLE,1,0,step_done_latches_cleared,0,0,0.000,0,nan,nan,nan,0.0000,0,5,0.6050,0.5698,0.4909,0.5698,0.0352,本圈台阶完成,1,0.0000,0.150,0.330
4753.919,SEEK_CROSSWALK,11.262,0,3.669,0.0000,0.0000,vision,3.669,line_bridge_loss,0.0350,0.1680,0,line_too_few_bands,0.0000,0.0000,0.0000,0.0000,0.0000,1,0.0000,0.0000,0.0000,0.0000,0.1680,IDLE,1,0,step_done_latches_cleared,0,0,0.000,0,nan,nan,nan,0.0000,0,5,0.6050,0.5698,0.4909,0.5698,0.0352,本圈台阶完成,1,0.0000,0.150,0.330
4754.043,SEEK_CROSSWALK,11.386,0,3.669,0.0000,0.0000,vision,3.669,line_loss_hold,0.0000,0.0000,0,line_too_few_bands,0.0000,0.0000,0.0000,0.0000,0.0000,1,0.0000,0.0000,0.0000,0.0000,0.0000,IDLE,1,0,step_done_latches_cleared,0,0,0.000,0,nan,nan,nan,0.0000,0,5,0.6050,0.5698,0.4909,0.5698,0.0352,本圈台阶完成,1,0.0000,0.150,0.330
4754.180,SEEK_CROSSWALK,11.523,0,3.669,0.0000,0.0000,vision,3.669,line_loss_hold,0.0000,0.0000,0,line_too_few_bands,0.0000,0.0000,0.0000,0.0000,0.0000,0,0.0000,0.0000,0.0000,0.0000,0.0000,IDLE,1,0,step_done_latches_cleared,0,0,0.000,0,nan,nan,nan,0.0000,0,5,0.6050,0.5698,0.4909,0.5698,0.0352,本圈台阶完成,1,0.0000,0.150,0.330
4754.305,SEEK_CROSSWALK,11.648,0,3.669,0.0000,0.0000,vision,3.669,tracking,0.0474,0.3120,1,line_curve_center_riding,-0.3359,-0.3213,-0.5652,-0.5652,0.4404,3,0.2439,0.0000,0.2439,-0.4839,0.3120,IDLE,1,0,step_done_latches_cleared,0,0,0.000,0,nan,nan,nan,0.0000,0,5,0.6050,0.5698,0.4909,0.5698,0.0352,本圈台阶完成,1,0.0000,0.150,0.330
4754.435,SEEK_CROSSWALK,11.778,0,3.669,0.0000,0.0000,vision,3.669,tracking,0.0967,0.3400,1,line_center_tracking,-0.2115,-0.2038,-0.2315,-0.2315,0.3970,2,0.0277,0.0000,0.0277,-0.2222,0.3400,IDLE,1,0,step_done_latches_cleared,0,0,0.000,0,nan,nan,nan,0.0000,0,5,0.6050,0.5698,0.4909,0.5698,0.0352,本圈台阶完成,1,0.0000,0.150,0.330
4754.565,SEEK_CROSSWALK,11.907,0,3.669,0.0000,0.0000,vision,3.669,line_bridge_loss,0.0474,0.1360,0,line_too_few_bands,0.0000,0.0000,0.0000,0.0000,0.0000,1,0.0000,0.0000,0.0000,0.0000,0.1360,IDLE,1,0,step_done_latches_cleared,0,0,0.000,0,nan,nan,nan,0.0000,0,5,0.6050,0.5698,0.4909,0.5698,0.0352,本圈台阶完成,1,0.0000,0.150,0.330
4754.691,SEEK_CROSSWALK,12.034,0,3.669,0.0000,0.0000,vision,3.669,tracking,0.0956,0.2830,1,line_curve_center_riding,-0.1982,-0.1684,-0.6649,-0.7966,0.3662,3,0.4965,0.1317,0.6282,-0.5433,0.2830,IDLE,1,0,step_done_latches_cleared,0,0,0.000,0,nan,nan,nan,0.0000,0,5,0.6050,0.5698,0.4909,0.5698,0.0352,本圈台阶完成,1,0.0000,0.150,0.330
4754.820,SEEK_CROSSWALK,12.163,0,3.669,0.0000,0.0000,vision,3.669,tracking,0.1445,0.0935,1,line_recenter_transition,0.0649,0.0765,-0.5010,-0.6262,0.6182,5,0.5775,0.1252,0.7027,-0.3502,0.0935,IDLE,1,0,step_done_latches_cleared,0,0,0.000,0,nan,nan,nan,0.0000,0,5,0.6050,0.5698,0.4909,0.5698,0.0352,本圈台阶完成,1,0.0000,0.150,0.330
4754.953,SEEK_CROSSWALK,12.296,0,3.669,0.0000,0.0000,vision,3.669,tracking,0.1450,-0.0491,1,line_recenter_transition,0.1755,0.1864,-0.3586,-0.4766,0.6240,5,0.5450,0.1180,0.6630,-0.2163,-0.0491,IDLE,1,0,step_done_latches_cleared,0,0,0.000,0,nan,nan,nan,0.0000,0,5,0.6050,0.5698,0.4909,0.5698,0.0352,本圈台阶完成,1,0.0000,0.150,0.330
4755.086,SEEK_CROSSWALK,12.429,0,3.669,0.0000,0.0000,vision,3.669,tracking,0.1450,-0.1398,1,line_recenter_transition,0.2153,0.2256,-0.2849,-0.3852,0.6314,5,0.5105,0.1002,0.6107,-0.1482,-0.1398,IDLE,1,0,step_done_latches_cleared,0,0,0.000,0,nan,nan,nan,0.0000,0,5,0.6050,0.5698,0.4909,0.5698,0.0352,本圈台阶完成,1,0.0000,0.150,0.330
4755.224,SEEK_CROSSWALK,12.566,0,3.669,0.0000,0.0000,vision,3.669,tracking,0.1400,-0.2041,1,line_recenter_transition,0.2498,0.2600,-0.2506,-0.7297,0.6952,6,0.5105,0.4791,0.9896,-0.2401,-0.2041,IDLE,1,0,step_done_latches_cleared,0,0,0.000,0,nan,nan,nan,0.0000,0,5,0.6050,0.5698,0.4909,0.5698,0.0352,本圈台阶完成,1,0.0000,0.150,0.330
4755.367,SEEK_CROSSWALK,12.710,0,3.669,0.0000,0.0000,vision,3.669,tracking,0.1450,-0.2284,1,line_recenter_transition,0.2375,0.2471,-0.2326,-0.3277,0.6376,5,0.4797,0.0951,0.5749,-0.1044,-0.2284,IDLE,1,0,step_done_latches_cleared,0,0,0.000,0,nan,nan,nan,0.0000,0,5,0.6050,0.5698,0.4909,0.5698,0.0352,本圈台阶完成,1,0.0000,0.150,0.330
4755.501,SEEK_CROSSWALK,12.844,0,3.669,0.0000,0.0000,vision,3.669,tracking,0.1450,-0.2372,1,line_recenter_transition,0.2293,0.2392,-0.2585,-0.6553,0.6091,5,0.4978,0.3968,0.8946,-0.2249,-0.2372,IDLE,1,0,step_done_latches_cleared,0,0,0.000,0,nan,nan,nan,0.0000,0,5,0.6050,0.5698,0.4909,0.5698,0.0352,本圈台阶完成,1,0.0000,0.150,0.330
4755.629,SEEK_CROSSWALK,12.972,0,3.669,0.0000,0.0000,vision,3.669,tracking,0.1450,-0.1941,1,line_recenter_transition,0.1471,0.1528,-0.1330,-0.1330,0.5748,4,0.2858,0.0000,0.2858,-0.0377,-0.1941,IDLE,1,0,step_done_latches_cleared,0,0,0.000,0,nan,nan,nan,0.0000,0,5,0.6050,0.5698,0.4909,0.5698,0.0352,本圈台阶完成,1,0.0000,0.150,0.330
4755.760,SEEK_CROSSWALK,13.103,0,3.669,0.0000,0.0000,vision,3.669,tracking,0.1450,-0.1425,1,line_recenter_transition,0.0876,0.0982,-0.4307,-0.5401,0.6285,5,0.5290,0.1094,0.6383,-0.2909,-0.1425,IDLE,1,0,step_done_latches_cleared,0,0,0.000,0,nan,nan,nan,0.0000,0,5,0.6050,0.5698,0.4909,0.5698,0.0352,本圈台阶完成,1,0.0000,0.150,0.330
4755.903,SEEK_CROSSWALK,13.246,0,3.669,0.0000,0.0000,vision,3.669,tracking,0.1425,-0.0565,1,line_curve_center_riding,-0.0217,0.0160,-0.6124,-0.7648,0.6065,5,0.6285,0.1523,0.7808,-0.4537,-0.0565,IDLE,1,0,step_done_latches_cleared,0,0,0.000,0,nan,nan,nan,0.0000,0,5,0.6050,0.5698,0.4909,0.5698,0.0352,本圈台阶完成,1,0.0000,0.150,0.330
4756.031,SEEK_CROSSWALK,13.374,0,3.669,0.0000,0.0000,vision,3.669,tracking,0.1450,0.0348,1,line_curve_center_riding,-0.1111,-0.0837,-0.5402,-0.5402,0.5376,4,0.4564,0.0000,0.4564,-0.3880,0.0348,IDLE,1,0,step_done_latches_cleared,0,0,0.000,0,nan,nan,nan,0.0000,0,5,0.6050,0.5698,0.4909,0.5698,0.0352,本圈台阶完成,1,0.0000,0.150,0.330
4756.170,SEEK_CROSSWALK,13.512,0,3.669,0.0000,0.0000,vision,3.669,tracking,0.1450,0.1313,1,line_curve_center_riding,-0.2077,-0.1785,-0.6648,-0.6648,0.5349,4,0.4864,0.0000,0.4864,-0.5027,0.1313,IDLE,1,0,step_done_latches_cleared,0,0,0.000,0,nan,nan,nan,0.0000,0,5,0.6050,0.5698,0.4909,0.5698,0.0352,本圈台阶完成,1,0.0000,0.150,0.330
4756.299,SEEK_CROSSWALK,13.642,0,3.669,0.0000,0.0000,vision,3.669,tracking,0.1875,0.2430,1,line_center_tracking,-0.3216,-0.3166,-0.3345,-0.3345,0.4246,2,0.0179,0.0000,0.0179,-0.3286,0.2430,IDLE,1,0,step_done_latches_cleared,0,0,0.000,0,nan,nan,nan,0.0000,0,5,0.6050,0.5698,0.4909,0.5698,0.0352,本圈台阶完成,1,0.0000,0.150,0.330
4756.463,SEEK_CROSSWALK,13.805,0,3.669,0.0000,0.0000,vision,3.669,tracking,0.1561,0.3651,1,line_center_tracking,-0.4502,-0.4412,-0.4733,-0.4733,0.3847,2,0.0321,0.0000,0.0321,-0.4626,0.3651,IDLE,1,0,step_done_latches_cleared,0,0,0.000,0,nan,nan,nan,0.0000,0,5,0.6050,0.5698,0.4909,0.5698,0.0352,本圈台阶完成,1,0.0000,0.150,0.330
4756.594,SEEK_CROSSWALK,13.937,0,3.669,0.0000,0.0000,vision,3.669,line_bridge_loss,0.1061,0.1460,0,line_too_few_bands,0.0000,0.0000,0.0000,0.0000,0.0000,1,0.0000,0.0000,0.0000,0.0000,0.1460,IDLE,1,0,step_done_latches_cleared,0,0,0.000,0,nan,nan,nan,0.0000,0,5,0.6050,0.5698,0.4909,0.5698,0.0352,本圈台阶完成,1,0.0000,0.150,0.330
4756.720,SEEK_CROSSWALK,14.063,0,3.669,0.0000,0.0000,vision,3.669,tracking,0.1050,0.4603,1,line_hard_turn_centering,-0.6678,-0.6624,-0.7159,-0.7159,0.3244,2,0.0535,0.0000,0.0535,-0.6981,0.4603,IDLE,1,0,step_done_latches_cleared,0,0,0.000,0,nan,nan,nan,0.0000,0,5,0.6050,0.5698,0.4909,0.5698,0.0352,本圈台阶完成,1,0.0000,0.150,0.330
4756.850,SEEK_CROSSWALK,14.193,0,3.669,0.0000,0.0000,vision,3.669,line_bridge_loss,0.0554,0.2164,0,line_too_few_bands,0.0000,0.0000,0.0000,0.0000,0.0000,0,0.0000,0.0000,0.0000,0.0000,0.2164,IDLE,1,0,step_done_latches_cleared,0,0,0.000,0,nan,nan,nan,0.0000,0,5,0.6050,0.5698,0.4909,0.5698,0.0352,本圈台阶完成,1,0.0000,0.150,0.330
4756.974,SEEK_CROSSWALK,14.317,0,3.669,0.0000,0.0000,vision,3.669,line_bridge_loss,0.0350,0.2164,0,line_too_few_bands,0.0000,0.0000,0.0000,0.0000,0.0000,0,0.0000,0.0000,0.0000,0.0000,0.2164,IDLE,1,0,step_done_latches_cleared,0,0,0.000,0,nan,nan,nan,0.0000,0,5,0.6050,0.5698,0.4909,0.5698,0.0352,本圈台阶完成,1,0.0000,0.150,0.330
4757.116,SEEK_CROSSWALK,14.459,0,3.669,0.0000,0.0000,vision,3.669,line_bridge_loss,0.0350,0.2164,0,line_too_few_bands,0.0000,0.0000,0.0000,0.0000,0.0000,0,0.0000,0.0000,0.0000,0.0000,0.2164,IDLE,1,0,step_done_latches_cleared,0,0,0.000,0,nan,nan,nan,0.0000,0,5,0.6050,0.5698,0.4909,0.5698,0.0352,本圈台阶完成,1,0.0000,0.150,0.330
4757.262,SEEK_CROSSWALK,14.605,0,3.669,0.0000,0.0000,vision,3.669,line_loss_hold,0.0000,0.0000,0,line_too_few_bands,0.0000,0.0000,0.0000,0.0000,0.0000,0,0.0000,0.0000,0.0000,0.0000,0.0000,IDLE,1,0,step_done_latches_cleared,0,0,0.000,0,nan,nan,nan,0.0000,0,5,0.6050,0.5698,0.4909,0.5698,0.0352,本圈台阶完成,1,0.0000,0.150,0.330
4757.398,SEEK_CROSSWALK,14.741,0,3.669,0.0000,0.0000,vision,3.669,line_loss_hold,0.0000,0.0000,0,line_too_few_bands,0.0000,0.0000,0.0000,0.0000,0.0000,0,0.0000,0.0000,0.0000,0.0000,0.0000,IDLE,1,0,step_done_latches_cleared,0,0,0.000,0,nan,nan,nan,0.0000,0,5,0.6050,0.5698,0.4909,0.5698,0.0352,本圈台阶完成,1,0.0000,0.150,0.330
4757.518,SEEK_CROSSWALK,14.861,0,3.669,0.0000,0.0000,vision,3.669,line_loss_hold,0.0000,0.0000,0,line_too_few_bands,0.0000,0.0000,0.0000,0.0000,0.0000,0,0.0000,0.0000,0.0000,0.0000,0.0000,IDLE,1,0,step_done_latches_cleared,0,0,0.000,0,nan,nan,nan,0.0000,0,5,0.6050,0.5698,0.4909,0.5698,0.0352,本圈台阶完成,1,0.0000,0.150,0.330
4757.647,SEEK_CROSSWALK,14.990,0,3.669,0.0000,0.0000,vision,3.669,line_lost_stop,0.0000,0.0000,0,line_too_few_bands,0.0000,0.0000,0.0000,0.0000,0.0000,0,0.0000,0.0000,0.0000,0.0000,0.0000,IDLE,1,0,step_done_latches_cleared,0,0,0.000,0,nan,nan,nan,0.0000,0,5,0.6050,0.5698,0.4909,0.5698,0.0352,本圈台阶完成,1,0.0000,0.150,0.330
4757.794,SEEK_CROSSWALK,15.137,0,3.669,0.0000,0.0000,vision,3.669,line_lost_stop,0.0000,0.0000,0,line_too_few_bands,0.0000,0.0000,0.0000,0.0000,0.0000,0,0.0000,0.0000,0.0000,0.0000,0.0000,IDLE,1,0,step_done_latches_cleared,0,0,0.000,0,nan,nan,nan,0.0000,0,5,0.6050,0.5698,0.4909,0.5698,0.0352,本圈台阶完成,1,0.0000,0.150,0.330
4757.924,SEEK_CROSSWALK,15.266,0,3.669,0.0000,0.0000,vision,3.669,line_lost_stop,0.0000,0.0000,0,line_too_few_bands,0.0000,0.0000,0.0000,0.0000,0.0000,0,0.0000,0.0000,0.0000,0.0000,0.0000,IDLE,1,0,step_done_latches_cleared,0,0,0.000,0,nan,nan,nan,0.0000,0,5,0.6050,0.5698,0.4909,0.5698,0.0352,本圈台阶完成,1,0.0000,0.150,0.330
4758.058,SEEK_CROSSWALK,15.401,0,3.669,0.0000,0.0000,vision,3.669,line_lost_stop,0.0000,0.0000,0,line_too_few_bands,0.0000,0.0000,0.0000,0.0000,0.0000,0,0.0000,0.0000,0.0000,0.0000,0.0000,IDLE,1,0,step_done_latches_cleared,0,0,0.000,0,nan,nan,nan,0.0000,0,5,0.6050,0.5698,0.4909,0.5698,0.0352,本圈台阶完成,1,0.0000,0.150,0.330
4758.193,SEEK_CROSSWALK,15.536,0,3.669,0.0000,0.0000,vision,3.669,line_lost_stop,0.0000,0.0000,0,line_too_few_bands,0.0000,0.0000,0.0000,0.0000,0.0000,0,0.0000,0.0000,0.0000,0.0000,0.0000,IDLE,1,0,step_done_latches_cleared,0,0,0.000,0,nan,nan,nan,0.0000,0,5,0.6050,0.5698,0.4909,0.5698,0.0352,本圈台阶完成,1,0.0000,0.150,0.330
4758.319,SEEK_CROSSWALK,15.662,0,3.669,0.0000,0.0000,vision,3.669,line_lost_stop,0.0000,0.0000,0,line_too_few_bands,0.0000,0.0000,0.0000,0.0000,0.0000,0,0.0000,0.0000,0.0000,0.0000,0.0000,IDLE,1,0,step_done_latches_cleared,0,0,0.000,0,nan,nan,nan,0.0000,0,5,0.6050,0.5698,0.4909,0.5698,0.0352,本圈台阶完成,1,0.0000,0.150,0.330
4758.445,SEEK_CROSSWALK,15.787,0,3.669,0.0000,0.0000,vision,3.669,line_lost_stop,0.0000,0.0000,0,line_too_few_bands,0.0000,0.0000,0.0000,0.0000,0.0000,0,0.0000,0.0000,0.0000,0.0000,0.0000,IDLE,1,0,step_done_latches_cleared,0,0,0.000,0,nan,nan,nan,0.0000,0,5,0.6050,0.5698,0.4909,0.5698,0.0352,本圈台阶完成,1,0.0000,0.150,0.330
4758.577,SEEK_CROSSWALK,15.920,0,3.669,0.0000,0.0000,vision,3.669,line_lost_stop,0.0000,0.0000,0,line_too_few_bands,0.0000,0.0000,0.0000,0.0000,0.0000,0,0.0000,0.0000,0.0000,0.0000,0.0000,IDLE,1,0,step_done_latches_cleared,0,0,0.000,0,nan,nan,nan,0.0000,0,5,0.6050,0.5698,0.4909,0.5698,0.0352,本圈台阶完成,1,0.0000,0.150,0.330
4758.719,SEEK_CROSSWALK,16.062,0,3.669,0.0000,0.0000,vision,3.669,line_lost_stop,0.0000,0.0000,0,line_too_few_bands,0.0000,0.0000,0.0000,0.0000,0.0000,0,0.0000,0.0000,0.0000,0.0000,0.0000,IDLE,1,0,step_done_latches_cleared,0,0,0.000,0,nan,nan,nan,0.0000,0,5,0.6050,0.5698,0.4909,0.5698,0.0352,本圈台阶完成,1,0.0000,0.150,0.330
4758.860,SEEK_CROSSWALK,16.203,0,3.669,0.0000,0.0000,vision,3.669,line_lost_stop,0.0000,0.0000,0,line_too_few_bands,0.0000,0.0000,0.0000,0.0000,0.0000,0,0.0000,0.0000,0.0000,0.0000,0.0000,IDLE,1,0,step_done_latches_cleared,0,0,0.000,0,nan,nan,nan,0.0000,0,5,0.6050,0.5698,0.4909,0.5698,0.0352,本圈台阶完成,1,0.0000,0.150,0.330
4758.993,SEEK_CROSSWALK,16.336,0,3.669,0.0000,0.0000,vision,3.669,line_lost_stop,0.0000,0.0000,0,line_too_few_bands,0.0000,0.0000,0.0000,0.0000,0.0000,0,0.0000,0.0000,0.0000,0.0000,0.0000,IDLE,1,0,step_done_latches_cleared,0,0,0.000,0,nan,nan,nan,0.0000,0,5,0.6050,0.5698,0.4909,0.5698,0.0352,本圈台阶完成,1,0.0000,0.150,0.330
4759.122,SEEK_CROSSWALK,16.465,0,3.669,0.0000,0.0000,vision,3.669,tracking,0.0490,0.3223,1,line_edge_single_rescue,-0.7578,-0.7578,-0.7578,-0.7578,0.3100,1,0.0000,0.0000,0.0000,-0.7578,0.3223,IDLE,1,0,step_done_latches_cleared,0,0,0.000,0,nan,nan,nan,0.0000,0,5,0.6050,0.5698,0.4909,0.5698,0.0352,本圈台阶完成,1,0.0000,0.150,0.330
4759.280,SEEK_CROSSWALK,16.623,0,3.669,0.0000,0.0000,vision,3.669,tracking,0.0997,0.5600,1,line_hard_turn_centering,-0.8160,-0.8128,-0.8449,-0.8449,0.3848,2,0.0321,0.0000,0.0321,-0.8342,0.5600,IDLE,1,0,step_done_latches_cleared,0,0,0.000,0,nan,nan,nan,0.0000,0,5,0.6050,0.5698,0.4909,0.5698,0.0352,本圈台阶完成,1,0.0000,0.150,0.330
4759.410,SEEK_CROSSWALK,16.753,0,3.669,0.0000,0.0000,vision,3.669,tracking,0.1050,0.5600,1,line_hard_turn_centering,-0.7075,-0.7026,-0.7514,-0.7514,0.3378,2,0.0488,0.0000,0.0488,-0.7351,0.5600,IDLE,1,0,step_done_latches_cleared,0,0,0.000,0,nan,nan,nan,0.0000,0,5,0.6050,0.5698,0.4909,0.5698,0.0352,本圈台阶完成,1,0.0000,0.150,0.330
4759.537,SEEK_CROSSWALK,16.880,0,3.669,0.0000,0.0000,vision,3.669,tracking,0.1000,0.6369,1,line_curve_center_riding,-0.4882,-0.4764,-0.6728,-0.6728,0.4589,3,0.1963,0.0000,0.1963,-0.6073,0.6369,IDLE,1,0,step_done_latches_cleared,0,0,0.000,0,nan,nan,nan,0.0000,0,5,0.6050,0.5698,0.4909,0.5698,0.0352,本圈台阶完成,1,0.0000,0.150,0.330
4759.691,SEEK_CROSSWALK,17.034,0,3.669,0.0000,0.0000,vision,3.669,tracking,0.1355,0.4454,1,line_curve_center_riding,-0.2438,-0.2170,-0.6630,-0.6630,0.5341,4,0.4460,0.0000,0.4460,-0.5144,0.4454,IDLE,1,0,step_done_latches_cleared,0,0,0.000,0,nan,nan,nan,0.0000,0,5,0.6050,0.5698,0.4909,0.5698,0.0352,本圈台阶完成,1,0.0000,0.150,0.330
4759.823,SEEK_CROSSWALK,17.166,0,3.669,0.0000,0.0000,vision,3.669,tracking,0.1420,0.2486,1,line_curve_center_riding,-0.0597,-0.0218,-0.6536,-0.7679,0.6075,5,0.6318,0.1143,0.7461,-0.4811,0.2486,IDLE,1,0,step_done_latches_cleared,0,0,0.000,0,nan,nan,nan,0.0000,0,5,0.6050,0.5698,0.4909,0.5698,0.0352,本圈台阶完成,1,0.0000,0.150,0.330
4759.956,SEEK_CROSSWALK,17.299,0,3.669,0.0000,0.0000,vision,3.669,tracking,0.1450,0.0679,1,line_recenter_transition,0.0989,0.1109,-0.4918,-0.6101,0.6133,5,0.6027,0.1183,0.7210,-0.3303,0.0679,IDLE,1,0,step_done_latches_cleared,0,0,0.000,0,nan,nan,nan,0.0000,0,5,0.6050,0.5698,0.4909,0.5698,0.0352,本圈台阶完成,1,0.0000,0.150,0.330
4760.100,SEEK_CROSSWALK,17.443,0,3.669,0.0000,0.0000,vision,3.669,tracking,0.1450,-0.0529,1,line_recenter_transition,0.1643,0.1755,-0.3855,-0.4950,0.6218,5,0.5611,0.1095,0.6705,-0.2350,-0.0529,IDLE,1,0,step_done_latches_cleared,0,0,0.000,0,nan,nan,nan,0.0000,0,5,0.6050,0.5698,0.4909,0.5698,0.0352,本圈台阶完成,1,0.0000,0.150,0.330
4760.228,SEEK_CROSSWALK,17.570,0,3.669,0.0000,0.0000,vision,3.669,tracking,0.1450,-0.1293,1,line_recenter_transition,0.1909,0.2017,-0.3391,-0.4428,0.6256,5,0.5408,0.1037,0.6446,-0.1934,-0.1293,IDLE,1,0,step_done_latches_cleared,0,0,0.000,0,nan,nan,nan,0.0000,0,5,0.6050,0.5698,0.4909,0.5698,0.0352,本圈台阶完成,1,0.0000,0.150,0.330
4760.365,SEEK_CROSSWALK,17.708,0,3.669,0.0000,0.0000,vision,3.669,tracking,0.1450,-0.1588,1,line_recenter_transition,0.1788,0.1899,-0.3650,-0.4728,0.6226,5,0.5549,0.1078,0.6627,-0.2160,-0.1588,IDLE,1,0,step_done_latches_cleared,0,0,0.000,0,nan,nan,nan,0.0000,0,5,0.6050,0.5698,0.4909,0.5698,0.0352,本圈台阶完成,1,0.0000,0.150,0.330
4760.495,SEEK_CROSSWALK,17.838,0,3.669,0.0000,0.0000,vision,3.669,tracking,0.1450,-0.1396,1,line_recenter_transition,0.1176,0.1250,-0.2452,-0.2452,0.5559,4,0.3702,0.0000,0.3702,-0.1218,-0.1396,IDLE,1,0,step_done_latches_cleared,0,0,0.000,0,nan,nan,nan,0.0000,0,5,0.6050,0.5698,0.4909,0.5698,0.0352,本圈台阶完成,1,0.0000,0.150,0.330
4760.622,SEEK_CROSSWALK,17.965,0,3.669,0.0000,0.0000,vision,3.669,tracking,0.1376,-0.0810,1,line_recenter_transition,0.0281,0.0413,-0.6160,-0.7378,0.6033,5,0.6572,0.1218,0.7790,-0.4375,-0.0810,IDLE,1,0,step_done_latches_cleared,0,0,0.000,0,nan,nan,nan,0.0000,0,5,0.6050,0.5698,0.4909,0.5698,0.0352,本圈台阶完成,1,0.0000,0.150,0.330
4760.748,SEEK_CROSSWALK,18.091,0,3.669,0.0000,0.0000,vision,3.669,tracking,0.1700,0.0310,1,line_curve_center_riding,-0.1213,-0.1089,-0.3164,-0.3164,0.4599,3,0.2075,0.0000,0.2075,-0.2472,0.0310,IDLE,1,0,step_done_latches_cleared,0,0,0.000,0,nan,nan,nan,0.0000,0,5,0.6050,0.5698,0.4909,0.5698,0.0352,本圈台阶完成,1,0.0000,0.150,0.330
4760.880,SEEK_CROSSWALK,18.223,0,3.669,0.0000,0.0000,vision,3.669,tracking,0.1700,0.1871,1,line_curve_center_riding,-0.3069,-0.2901,-0.5693,-0.5693,0.4264,3,0.2792,0.0000,0.2792,-0.4762,0.1871,IDLE,1,0,step_done_latches_cleared,0,0,0.000,0,nan,nan,nan,0.0000,0,5,0.6050,0.5698,0.4909,0.5698,0.0352,本圈台阶完成,1,0.0000,0.150,0.330
4761.040,SEEK_CROSSWALK,18.383,0,3.669,0.0000,0.0000,vision,3.669,tracking,0.1450,0.3698,1,line_curve_center_riding,-0.5081,-0.4909,-0.7785,-0.7785,0.4153,3,0.2876,0.0000,0.2876,-0.6826,0.3698,IDLE,1,0,step_done_latches_cleared,0,0,0.000,0,nan,nan,nan,0.0000,0,5,0.6050,0.5698,0.4909,0.5698,0.0352,本圈台阶完成,1,0.0000,0.150,0.330
4761.184,SEEK_CROSSWALK,18.527,0,3.669,0.0000,0.0000,vision,3.669,tracking,0.1050,0.5600,1,line_hard_turn_centering,-0.7001,-0.6953,-0.7437,-0.7437,0.3389,2,0.0484,0.0000,0.0484,-0.7275,0.5600,IDLE,1,0,step_done_latches_cleared,0,0,0.000,0,nan,nan,nan,0.0000,0,5,0.6050,0.5698,0.4909,0.5698,0.0352,本圈台阶完成,1,0.0000,0.150,0.330
4761.314,SEEK_CROSSWALK,18.657,0,3.669,0.0000,0.0000,vision,3.669,tracking,0.0850,0.4200,1,line_edge_single_rescue,-0.8729,-0.8729,-0.8729,-0.8729,0.3100,1,0.0000,0.0000,0.0000,-0.8729,0.4200,IDLE,1,0,step_done_latches_cleared,0,0,0.000,0,nan,nan,nan,0.0000,0,5,0.6050,0.5698,0.4909,0.5698,0.0352,本圈台阶完成,1,0.0000,0.150,0.330
4761.439,SEEK_CROSSWALK,18.782,0,3.669,0.0000,0.0000,vision,3.669,tracking,0.0850,0.4200,1,line_edge_single_rescue,-0.7178,-0.7178,-0.7178,-0.7178,0.3100,1,0.0000,0.0000,0.0000,-0.7178,0.4200,IDLE,1,0,step_done_latches_cleared,0,0,0.000,0,nan,nan,nan,0.0000,0,5,0.6050,0.5698,0.4909,0.5698,0.0352,本圈台阶完成,1,0.0000,0.150,0.330
4761.573,SEEK_CROSSWALK,18.916,0,3.669,0.0000,0.0000,vision,3.669,tracking,0.0850,0.4200,1,line_edge_single_rescue,-0.8331,-0.8331,-0.8331,-0.8331,0.3100,1,0.0000,0.0000,0.0000,-0.8331,0.4200,IDLE,1,0,step_done_latches_cleared,0,0,0.000,0,nan,nan,nan,0.0000,0,5,0.6050,0.5698,0.4909,0.5698,0.0352,本圈台阶完成,1,0.0000,0.150,0.330
4761.703,SEEK_CROSSWALK,19.046,0,3.669,0.0000,0.0000,vision,3.669,line_bridge_loss,0.0356,0.1680,0,line_too_few_bands,0.0000,0.0000,0.0000,0.0000,0.0000,0,0.0000,0.0000,0.0000,0.0000,0.1680,IDLE,1,0,step_done_latches_cleared,0,0,0.000,0,nan,nan,nan,0.0000,0,5,0.6050,0.5698,0.4909,0.5698,0.0352,本圈台阶完成,1,0.0000,0.150,0.330
4761.827,SEEK_CROSSWALK,19.170,0,3.669,0.0000,0.0000,vision,3.669,line_bridge_loss,0.0350,0.1680,0,line_too_few_bands,0.0000,0.0000,0.0000,0.0000,0.0000,0,0.0000,0.0000,0.0000,0.0000,0.1680,IDLE,1,0,step_done_latches_cleared,0,0,0.000,0,nan,nan,nan,0.0000,0,5,0.6050,0.5698,0.4909,0.5698,0.0352,本圈台阶完成,1,0.0000,0.150,0.330
4761.947,SEEK_CROSSWALK,19.289,0,3.669,0.0000,0.0000,vision,3.669,line_bridge_loss,0.0350,0.1680,0,line_too_few_bands,0.0000,0.0000,0.0000,0.0000,0.0000,0,0.0000,0.0000,0.0000,0.0000,0.1680,IDLE,1,0,step_done_latches_cleared,0,0,0.000,0,nan,nan,nan,0.0000,0,5,0.6050,0.5698,0.4909,0.5698,0.0352,本圈台阶完成,1,0.0000,0.150,0.330
4762.080,SEEK_CROSSWALK,19.423,0,3.669,0.0000,0.0000,vision,3.669,line_loss_hold,0.0000,0.0000,0,line_too_few_bands,0.0000,0.0000,0.0000,0.0000,0.0000,0,0.0000,0.0000,0.0000,0.0000,0.0000,IDLE,1,0,step_done_latches_cleared,0,0,0.000,0,nan,nan,nan,0.0000,0,5,0.6050,0.5698,0.4909,0.5698,0.0352,本圈台阶完成,1,0.0000,0.150,0.330
4762.215,SEEK_CROSSWALK,19.557,0,3.669,0.0000,0.0000,vision,3.669,line_loss_hold,0.0000,0.0000,0,line_too_few_bands,0.0000,0.0000,0.0000,0.0000,0.0000,0,0.0000,0.0000,0.0000,0.0000,0.0000,IDLE,1,0,step_done_latches_cleared,0,0,0.000,0,nan,nan,nan,0.0000,0,5,0.6050,0.5698,0.4909,0.5698,0.0352,本圈台阶完成,1,0.0000,0.150,0.330
4762.343,SEEK_CROSSWALK,19.686,0,3.669,0.0000,0.0000,vision,3.669,line_loss_hold,0.0000,0.0000,0,line_too_few_bands,0.0000,0.0000,0.0000,0.0000,0.0000,0,0.0000,0.0000,0.0000,0.0000,0.0000,IDLE,1,0,step_done_latches_cleared,0,0,0.000,0,nan,nan,nan,0.0000,0,5,0.6050,0.5698,0.4909,0.5698,0.0352,本圈台阶完成,1,0.0000,0.150,0.330
4762.467,SEEK_CROSSWALK,19.810,0,3.669,0.0000,0.0000,vision,3.669,line_lost_stop,0.0000,0.0000,0,line_too_few_bands,0.0000,0.0000,0.0000,0.0000,0.0000,0,0.0000,0.0000,0.0000,0.0000,0.0000,IDLE,1,0,step_done_latches_cleared,0,0,0.000,0,nan,nan,nan,0.0000,0,5,0.6050,0.5698,0.4909,0.5698,0.0352,本圈台阶完成,1,0.0000,0.150,0.330
4762.591,SEEK_CROSSWALK,19.934,0,3.669,0.0000,0.0000,vision,3.669,line_lost_stop,0.0000,0.0000,0,line_too_few_bands,0.0000,0.0000,0.0000,0.0000,0.0000,0,0.0000,0.0000,0.0000,0.0000,0.0000,IDLE,1,0,step_done_latches_cleared,0,0,0.000,0,nan,nan,nan,0.0000,0,5,0.6050,0.5698,0.4909,0.5698,0.0352,本圈台阶完成,1,0.0000,0.150,0.330
4762.712,SEEK_CROSSWALK,20.054,0,3.669,0.0000,0.0000,vision,3.669,line_lost_stop,0.0000,0.0000,0,line_too_few_bands,0.0000,0.0000,0.0000,0.0000,0.0000,0,0.0000,0.0000,0.0000,0.0000,0.0000,IDLE,1,0,step_done_latches_cleared,0,0,0.000,0,nan,nan,nan,0.0000,0,5,0.6050,0.5698,0.4909,0.5698,0.0352,本圈台阶完成,1,0.0000,0.150,0.330
4762.840,SEEK_CROSSWALK,20.182,0,3.669,0.0000,0.0000,vision,3.669,line_lost_stop,0.0000,0.0000,0,line_too_few_bands,0.0000,0.0000,0.0000,0.0000,0.0000,0,0.0000,0.0000,0.0000,0.0000,0.0000,IDLE,1,0,step_done_latches_cleared,0,0,0.000,0,nan,nan,nan,0.0000,0,5,0.6050,0.5698,0.4909,0.5698,0.0352,本圈台阶完成,1,0.0000,0.150,0.330
4762.971,SEEK_CROSSWALK,20.314,0,3.669,0.0000,0.0000,vision,3.669,line_lost_stop,0.0000,0.0000,0,line_too_few_bands,0.0000,0.0000,0.0000,0.0000,0.0000,0,0.0000,0.0000,0.0000,0.0000,0.0000,IDLE,1,0,step_done_latches_cleared,0,0,0.000,0,nan,nan,nan,0.0000,0,5,0.6050,0.5698,0.4909,0.5698,0.0352,本圈台阶完成,1,0.0000,0.150,0.330
4763.105,SEEK_CROSSWALK,20.448,0,3.669,0.0000,0.0000,vision,3.669,line_lost_stop,0.0000,0.0000,0,line_too_few_bands,0.0000,0.0000,0.0000,0.0000,0.0000,0,0.0000,0.0000,0.0000,0.0000,0.0000,IDLE,1,0,step_done_latches_cleared,0,0,0.000,0,nan,nan,nan,0.0000,0,5,0.6050,0.5698,0.4909,0.5698,0.0352,本圈台阶完成,1,0.0000,0.150,0.330
4763.236,SEEK_CROSSWALK,20.579,0,3.669,0.0000,0.0000,vision,3.669,line_lost_stop,0.0000,0.0000,0,line_too_few_bands,0.0000,0.0000,0.0000,0.0000,0.0000,0,0.0000,0.0000,0.0000,0.0000,0.0000,IDLE,1,0,step_done_latches_cleared,0,0,0.000,0,nan,nan,nan,0.0000,0,5,0.6050,0.5698,0.4909,0.5698,0.0352,本圈台阶完成,1,0.0000,0.150,0.330
4763.376,SEEK_CROSSWALK,20.719,0,3.669,0.0000,0.0000,vision,3.669,line_lost_stop,0.0000,0.0000,0,line_too_few_bands,0.0000,0.0000,0.0000,0.0000,0.0000,0,0.0000,0.0000,0.0000,0.0000,0.0000,IDLE,1,0,step_done_latches_cleared,0,0,0.000,0,nan,nan,nan,0.0000,0,5,0.6050,0.5698,0.4909,0.5698,0.0352,本圈台阶完成,1,0.0000,0.150,0.330
4763.499,SEEK_CROSSWALK,20.842,0,3.669,0.0000,0.0000,vision,3.669,line_lost_stop,0.0000,0.0000,0,line_too_few_bands,0.0000,0.0000,0.0000,0.0000,0.0000,0,0.0000,0.0000,0.0000,0.0000,0.0000,IDLE,1,0,step_done_latches_cleared,0,0,0.000,0,nan,nan,nan,0.0000,0,5,0.6050,0.5698,0.4909,0.5698,0.0352,本圈台阶完成,1,0.0000,0.150,0.330
4763.634,SEEK_CROSSWALK,20.977,0,3.669,0.0000,0.0000,vision,3.669,line_lost_stop,0.0000,0.0000,0,line_too_few_bands,0.0000,0.0000,0.0000,0.0000,0.0000,0,0.0000,0.0000,0.0000,0.0000,0.0000,IDLE,1,0,step_done_latches_cleared,0,0,0.000,0,nan,nan,nan,0.0000,0,5,0.6050,0.5698,0.4909,0.5698,0.0352,本圈台阶完成,1,0.0000,0.150,0.330
4763.778,SEEK_CROSSWALK,21.121,0,3.669,0.0000,0.0000,vision,3.669,line_lost_stop,0.0000,0.0000,0,line_too_few_bands,0.0000,0.0000,0.0000,0.0000,0.0000,0,0.0000,0.0000,0.0000,0.0000,0.0000,IDLE,1,0,step_done_latches_cleared,0,0,0.000,0,nan,nan,nan,0.0000,0,5,0.6050,0.5698,0.4909,0.5698,0.0352,本圈台阶完成,1,0.0000,0.150,0.330
4763.904,SEEK_CROSSWALK,21.247,0,3.669,0.0000,0.0000,vision,3.669,tracking,0.0479,0.3150,1,line_edge_single_rescue,-0.8950,-0.8950,-0.8950,-0.8950,0.3100,1,0.0000,0.0000,0.0000,-0.8950,0.3150,IDLE,1,0,step_done_latches_cleared,0,0,0.000,0,nan,nan,nan,0.0000,0,5,0.6050,0.5698,0.4909,0.5698,0.0352,本圈台阶完成,1,0.0000,0.150,0.330
4764.036,SEEK_CROSSWALK,21.379,0,3.669,0.0000,0.0000,vision,3.669,line_bridge_loss,0.0350,0.1680,0,line_too_few_bands,0.0000,0.0000,0.0000,0.0000,0.0000,0,0.0000,0.0000,0.0000,0.0000,0.1680,IDLE,1,0,step_done_latches_cleared,0,0,0.000,0,nan,nan,nan,0.0000,0,5,0.6050,0.5698,0.4909,0.5698,0.0352,本圈台阶完成,1,0.0000,0.150,0.330
4764.161,SEEK_CROSSWALK,21.503,0,3.669,0.0000,0.0000,vision,3.669,tracking,0.0824,0.4801,1,line_hard_turn_centering,-0.8726,-0.8686,-0.9087,-0.9087,0.3623,2,0.0401,0.0000,0.0401,-0.8953,0.4801,IDLE,1,0,step_done_latches_cleared,0,0,0.000,0,nan,nan,nan,0.0000,0,5,0.6050,0.5698,0.4909,0.5698,0.0352,本圈台阶完成,1,0.0000,0.150,0.330
4764.290,SEEK_CROSSWALK,21.633,0,3.669,0.0000,0.0000,vision,3.669,tracking,0.1050,0.5600,1,line_hard_turn_centering,-0.6814,-0.6783,-0.7093,-0.7093,0.3877,2,0.0310,0.0000,0.0310,-0.6990,0.5600,IDLE,1,0,step_done_latches_cleared,0,0,0.000,0,nan,nan,nan,0.0000,0,5,0.6050,0.5698,0.4909,0.5698,0.0352,本圈台阶完成,1,0.0000,0.150,0.330
4764.424,SEEK_CROSSWALK,21.767,0,3.669,0.0000,0.0000,vision,3.669,tracking,0.1000,0.6771,1,line_curve_center_riding,-0.5063,-0.4915,-0.7392,-0.7392,0.4476,3,0.2477,0.0000,0.2477,-0.6566,0.6771,IDLE,1,0,step_done_latches_cleared,0,0,0.000,0,nan,nan,nan,0.0000,0,5,0.6050,0.5698,0.4909,0.5698,0.0352,本圈台阶完成,1,0.0000,0.150,0.330
4764.554,SEEK_CROSSWALK,21.897,0,3.669,0.0000,0.0000,vision,3.669,tracking,0.1177,0.5147,1,line_curve_center_riding,-0.3359,-0.3063,-0.7992,-0.7992,0.5213,4,0.4929,0.0000,0.4929,-0.6349,0.5147,IDLE,1,0,step_done_latches_cleared,0,0,0.000,0,nan,nan,nan,0.0000,0,5,0.6050,0.5698,0.4909,0.5698,0.0352,本圈台阶完成,1,0.0000,0.150,0.330
4764.696,SEEK_CROSSWALK,22.039,0,3.669,0.0000,0.0000,vision,3.669,tracking,0.1405,0.3375,1,line_curve_center_riding,-0.1543,-0.1159,-0.7561,-0.8375,0.6076,5,0.6402,0.0814,0.7216,-0.5698,0.3375,IDLE,1,0,step_done_latches_cleared,0,0,0.000,0,nan,nan,nan,0.0000,0,5,0.6050,0.5698,0.4909,0.5698,0.0352,本圈台阶完成,1,0.0000,0.150,0.330
4764.826,SEEK_CROSSWALK,22.169,0,3.669,0.0000,0.0000,vision,3.669,tracking,0.1450,0.1749,1,line_curve_center_riding,-0.0183,0.0157,-0.5517,-0.8265,0.8153,7,0.5674,0.2748,0.8422,-0.4542,0.1749,IDLE,1,0,step_done_latches_cleared,0,0,0.000,0,nan,nan,nan,0.0000,0,5,0.6050,0.5698,0.4909,0.5698,0.0352,本圈台阶完成,1,0.0000,0.150,0.330
4764.958,SEEK_CROSSWALK,22.301,0,3.669,0.0000,0.0000,vision,3.669,tracking,0.1450,0.0331,1,line_recenter_transition,0.0973,0.1081,-0.4297,-0.7779,0.8082,7,0.5378,0.3482,0.8860,-0.3665,0.0331,IDLE,1,0,step_done_latches_cleared,0,0,0.000,0,nan,nan,nan,0.0000,0,5,0.6050,0.5698,0.4909,0.5698,0.0352,本圈台阶完成,1,0.0000,0.150,0.330
4765.118,SEEK_CROSSWALK,22.461,0,3.669,0.0000,0.0000,vision,3.669,tracking,0.1450,-0.0712,1,line_recenter_transition,0.1666,0.1771,-0.3490,-0.6534,0.7103,6,0.5261,0.3044,0.8305,-0.2751,-0.0712,IDLE,1,0,step_done_latches_cleared,0,0,0.000,0,nan,nan,nan,0.0000,0,5,0.6050,0.5698,0.4909,0.5698,0.0352,本圈台阶完成,1,0.0000,0.150,0.330
4765.266,SEEK_CROSSWALK,22.609,0,3.669,0.0000,0.0000,vision,3.669,tracking,0.1450,-0.1162,1,line_recenter_transition,0.1533,0.1637,-0.3549,-0.7290,0.9074,8,0.5186,0.3741,0.8927,-0.3068,-0.1162,IDLE,1,0,step_done_latches_cleared,0,0,0.000,0,nan,nan,nan,0.0000,0,5,0.6050,0.5698,0.4909,0.5698,0.0352,本圈台阶完成,1,0.0000,0.150,0.330
4765.397,SEEK_CROSSWALK,22.740,0,3.669,0.0000,0.0000,vision,3.669,tracking,0.1450,-0.1136,1,line_recenter_transition,0.1077,0.1184,-0.4180,-0.7641,0.9065,8,0.5364,0.3460,0.8824,-0.3546,-0.1136,IDLE,1,0,step_done_latches_cleared,0,0,0.000,0,nan,nan,nan,0.0000,0,5,0.6050,0.5698,0.4909,0.5698,0.0352,本圈台阶完成,1,0.0000,0.150,0.330
4765.553,SEEK_CROSSWALK,22.896,0,3.669,0.0000,0.0000,vision,3.669,tracking,0.1450,-0.0318,1,line_curve_center_riding,-0.0371,-0.0042,-0.5516,-0.8266,0.9072,8,0.5474,0.2751,0.8224,-0.4608,-0.0318,IDLE,1,0,step_done_latches_cleared,0,0,0.000,0,nan,nan,nan,0.0000,0,5,0.6050,0.5698,0.4909,0.5698,0.0352,本圈台阶完成,1,0.0000,0.150,0.330
4765.692,SEEK_CROSSWALK,23.035,0,3.669,0.0000,0.0000,vision,3.669,tracking,0.1450,0.0857,1,line_curve_center_riding,-0.1793,-0.1465,-0.6938,-0.8840,0.9128,8,0.5473,0.1902,0.7376,-0.5748,0.0857,IDLE,1,0,step_done_latches_cleared,0,0,0.000,0,nan,nan,nan,0.0000,0,5,0.6050,0.5698,0.4909,0.5698,0.0352,本圈台阶完成,1,0.0000,0.150,0.330
4765.822,SEEK_CROSSWALK,23.165,0,3.669,0.0000,0.0000,vision,3.669,tracking,0.1450,0.2442,1,line_curve_center_riding,-0.3608,-0.3307,-0.8323,-0.9032,0.8251,7,0.5016,0.0709,0.5726,-0.6887,0.2442,IDLE,1,0,step_done_latches_cleared,0,0,0.000,0,nan,nan,nan,0.0000,0,5,0.6050,0.5698,0.4909,0.5698,0.0352,本圈台阶完成,1,0.0000,0.150,0.330
4765.962,SEEK_CROSSWALK,23.305,0,3.669,0.0000,0.0000,vision,3.669,tracking,0.1442,0.4116,1,line_curve_center_riding,-0.5303,-0.5056,-0.9181,-0.8976,0.7383,6,0.4126,0.0205,0.3921,-0.7738,0.4116,IDLE,1,0,step_done_latches_cleared,0,0,0.000,0,nan,nan,nan,0.0000,0,5,0.6050,0.5698,0.4909,0.5698,0.0352,本圈台阶完成,1,0.0000,0.150,0.330
4766.096,SEEK_CROSSWALK,23.439,0,3.669,0.0000,0.0000,vision,3.669,tracking,0.1050,0.5639,1,line_curve_center_riding,-0.6581,-0.6402,-0.9379,-0.8501,0.8476,7,0.2977,0.0878,0.2099,-0.8094,0.5639,IDLE,1,0,step_done_latches_cleared,0,0,0.000,0,nan,nan,nan,0.0000,0,5,0.6050,0.5698,0.4909,0.5698,0.0352,本圈台阶完成,1,0.0000,0.150,0.330
4766.231,SEEK_CROSSWALK,23.574,0,3.669,0.0000,0.0000,vision,3.669,tracking,0.1000,0.6680,1,line_curve_center_riding,-0.7161,-0.7038,-0.9077,-0.7496,0.8570,7,0.2039,0.1581,0.0458,-0.7871,0.6680,IDLE,1,0,step_done_latches_cleared,0,0,0.000,0,nan,nan,nan,0.0000,0,5,0.6050,0.5698,0.4909,0.5698,0.0352,本圈台阶完成,1,0.0000,0.150,0.330
4766.370,SEEK_CROSSWALK,23.713,0,3.669,0.0000,0.0000,vision,3.669,tracking,0.1000,0.6903,1,line_curve_center_riding,-0.6677,-0.6607,-0.7780,-0.5688,0.9473,8,0.1173,0.2092,0.0919,-0.6691,0.6903,IDLE,1,0,step_done_latches_cleared,0,0,0.000,0,nan,nan,nan,0.0000,0,5,0.6050,0.5698,0.4909,0.5698,0.0352,本圈台阶完成,1,0.0000,0.150,0.330
4766.504,SEEK_CROSSWALK,23.847,0,3.669,0.0000,0.0000,vision,3.669,tracking,0.1000,0.6629,1,line_curve_center_riding,-0.5951,-0.5937,-0.6181,-0.3183,0.9412,8,0.0244,0.2997,0.2753,-0.5100,0.6629,IDLE,1,0,step_done_latches_cleared,0,0,0.000,0,nan,nan,nan,0.0000,0,5,0.6050,0.5698,0.4909,0.5698,0.0352,本圈台阶完成,1,0.0000,0.150,0.330
4766.640,SEEK_CROSSWALK,23.983,0,3.669,0.0000,0.0000,vision,3.669,tracking,0.1003,0.5820,1,line_curve_center_riding,-0.4728,-0.4759,-0.4243,-0.1029,0.8675,7,0.0516,0.3214,0.3730,-0.3344,0.5820,IDLE,1,0,step_done_latches_cleared,0,0,0.000,0,nan,nan,nan,0.0000,0,5,0.6050,0.5698,0.4909,0.5698,0.0352,本圈台阶完成,1,0.0000,0.150,0.330
4766.784,SEEK_CROSSWALK,24.126,0,3.669,0.0000,0.0000,vision,3.669,tracking,0.1291,0.4704,1,line_curve_center_riding,-0.3385,-0.3451,-0.2352,0.1597,0.8577,7,0.1099,0.3949,0.5048,-0.1402,0.4704,IDLE,1,0,step_done_latches_cleared,0,0,0.000,0,nan,nan,nan,0.0000,0,5,0.6050,0.5698,0.4909,0.5698,0.0352,本圈台阶完成,1,0.0000,0.150,0.330
4766.912,SEEK_CROSSWALK,24.255,0,3.669,0.0000,0.0000,vision,3.669,tracking,0.1633,0.3371,1,line_curve_center_riding,-0.1982,-0.2076,-0.0504,0.1369,0.7823,6,0.1571,0.1873,0.3444,-0.0404,0.3371,IDLE,1,0,step_done_latches_cleared,0,0,0.000,0,nan,nan,nan,0.0000,0,5,0.6050,0.5698,0.4909,0.5698,0.0352,本圈台阶完成,1,0.0000,0.150,0.330
4767.043,SEEK_CROSSWALK,24.386,0,3.669,0.0000,0.0000,vision,3.669,tracking,0.1450,0.2065,1,line_curve_center_riding,-0.0755,-0.0884,0.1256,0.3665,0.7678,6,0.2139,0.2409,0.4548,0.1346,0.2065,IDLE,1,0,step_done_latches_cleared,0,0,0.000,0,nan,nan,nan,0.0000,0,5,0.6050,0.5698,0.4909,0.5698,0.0352,本圈台阶完成,1,0.0000,0.150,0.330
4767.170,SEEK_CROSSWALK,24.513,0,3.669,0.0000,0.0000,vision,3.669,tracking,0.1700,0.0824,1,line_curve_center_riding,0.0333,0.0187,0.2624,0.3172,0.6890,5,0.2437,0.0548,0.2985,0.1994,0.0824,IDLE,1,0,step_done_latches_cleared,0,0,0.000,0,nan,nan,nan,0.0000,0,5,0.6050,0.5698,0.4909,0.5698,0.0352,本圈台阶完成,1,0.0000,0.150,0.330
4767.307,SEEK_CROSSWALK,24.650,0,3.669,0.0000,0.0000,vision,3.669,tracking,0.1450,-0.0174,1,line_curve_center_riding,0.1084,0.0893,0.4090,0.7290,0.7435,6,0.3197,0.3200,0.6397,0.4091,-0.0174,IDLE,1,0,step_done_latches_cleared,0,0,0.000,0,nan,nan,nan,0.0000,0,5,0.6050,0.5698,0.4909,0.5698,0.0352,本圈台阶完成,1,0.0000,0.150,0.330
4767.441,SEEK_CROSSWALK,24.783,0,3.669,0.0000,0.0000,vision,3.669,tracking,0.1450,-0.0973,1,line_curve_center_riding,0.1631,0.1412,0.5068,0.5873,0.6640,5,0.3656,0.0805,0.4461,0.4118,-0.0973,IDLE,1,0,step_done_latches_cleared,0,0,0.000,0,nan,nan,nan,0.0000,0,5,0.6050,0.5698,0.4909,0.5698,0.0352,本圈台阶完成,1,0.0000,0.150,0.330
4767.579,SEEK_CROSSWALK,24.922,0,3.669,0.0000,0.0000,vision,3.669,tracking,0.1450,-0.1498,1,line_curve_center_riding,0.1886,0.1636,0.5793,0.6728,0.6528,5,0.4156,0.0935,0.5091,0.4719,-0.1498,IDLE,1,0,step_done_latches_cleared,0,0,0.000,0,nan,nan,nan,0.0000,0,5,0.6050,0.5698,0.4909,0.5698,0.0352,本圈台阶完成,1,0.0000,0.150,0.330
4767.714,SEEK_CROSSWALK,25.056,0,3.669,0.0000,0.0000,vision,3.669,tracking,0.1450,-0.1821,1,line_curve_center_riding,0.1994,0.1721,0.6278,0.7354,0.6450,5,0.4557,0.1077,0.5634,0.5118,-0.1821,IDLE,1,0,step_done_latches_cleared,0,0,0.000,0,nan,nan,nan,0.0000,0,5,0.6050,0.5698,0.4909,0.5698,0.0352,本圈台阶完成,1,0.0000,0.150,0.330
4767.850,SEEK_CROSSWALK,25.193,0,3.669,0.0000,0.0000,vision,3.669,tracking,0.1450,-0.1982,1,line_curve_center_riding,0.1997,0.1714,0.6430,0.7541,0.6417,5,0.4717,0.1111,0.5827,0.5228,-0.1982,IDLE,1,0,step_done_latches_cleared,0,0,0.000,0,nan,nan,nan,0.0000,0,5,0.6050,0.5698,0.4909,0.5698,0.0352,本圈台阶完成,1,0.0000,0.150,0.330
4767.998,SEEK_CROSSWALK,25.341,0,3.669,0.0000,0.0000,vision,3.669,tracking,0.1450,-0.1970,1,line_curve_center_riding,0.1833,0.1534,0.6513,0.7655,0.6372,5,0.4979,0.1143,0.6121,0.5234,-0.1970,IDLE,1,0,step_done_latches_cleared,0,0,0.000,0,nan,nan,nan,0.0000,0,5,0.6050,0.5698,0.4909,0.5698,0.0352,本圈台阶完成,1,0.0000,0.150,0.330
4768.128,SEEK_CROSSWALK,25.471,0,3.669,0.0000,0.0000,vision,3.669,tracking,0.1450,-0.1881,1,line_curve_center_riding,0.1672,0.1399,0.5952,0.6974,0.6450,5,0.4553,0.1021,0.5575,0.4775,-0.1881,IDLE,1,0,step_done_latches_cleared,0,0,0.000,0,nan,nan,nan,0.0000,0,5,0.6050,0.5698,0.4909,0.5698,0.0352,本圈台阶完成,1,0.0000,0.150,0.330
4768.260,SEEK_CROSSWALK,25.603,0,3.669,0.0000,0.0000,vision,3.669,tracking,0.1450,-0.1706,1,line_curve_center_riding,0.1434,0.1134,0.6132,0.7262,0.6364,5,0.4999,0.1130,0.6129,0.4843,-0.1706,IDLE,1,0,step_done_latches_cleared,0,0,0.000,0,nan,nan,nan,0.0000,0,5,0.6050,0.5698,0.4909,0.5698,0.0352,本圈台阶完成,1,0.0000,0.150,0.330
4768.387,SEEK_CROSSWALK,25.730,0,3.669,0.0000,0.0000,vision,3.669,tracking,0.1450,-0.1493,1,line_curve_center_riding,0.1200,0.0901,0.5890,0.7009,0.6360,5,0.4990,0.1119,0.6108,0.4600,-0.1493,IDLE,1,0,step_done_latches_cleared,0,0,0.000,0,nan,nan,nan,0.0000,0,5,0.6050,0.5698,0.4909,0.5698,0.0352,本圈台阶完成,1,0.0000,0.150,0.330
4768.528,SEEK_CROSSWALK,25.871,0,3.669,0.0000,0.0000,vision,3.669,tracking,0.1450,-0.1250,1,line_curve_center_riding,0.0942,0.0647,0.5570,0.6661,0.6371,5,0.4923,0.1091,0.6014,0.4293,-0.1250,IDLE,1,0,step_done_latches_cleared,0,0,0.000,0,nan,nan,nan,0.0000,0,5,0.6050,0.5698,0.4909,0.5698,0.0352,本圈台阶完成,1,0.0000,0.150,0.330
4768.665,SEEK_CROSSWALK,26.008,0,3.669,0.0000,0.0000,vision,3.669,tracking,0.1450,-0.1008,1,line_curve_center_riding,0.0718,0.0427,0.5272,0.6316,0.6385,5,0.4844,0.1044,0.5889,0.4005,-0.1008,IDLE,1,0,step_done_latches_cleared,0,0,0.000,0,nan,nan,nan,0.0000,0,5,0.6050,0.5698,0.4909,0.5698,0.0352,本圈台阶完成,1,0.0000,0.150,0.330
4768.794,SEEK_CROSSWALK,26.136,0,3.669,0.0000,0.0000,vision,3.669,tracking,0.1450,-0.0804,1,line_curve_center_riding,0.0561,0.0270,0.5124,0.6167,0.6376,5,0.4854,0.1043,0.5897,0.3854,-0.0804,IDLE,1,0,step_done_latches_cleared,0,0,0.000,0,nan,nan,nan,0.0000,0,5,0.6050,0.5698,0.4909,0.5698,0.0352,本圈台阶完成,1,0.0000,0.150,0.330
4768.919,SEEK_CROSSWALK,26.262,0,3.669,0.0000,0.0000,vision,3.669,tracking,0.1450,-0.0643,1,line_curve_center_riding,0.0450,0.0161,0.4985,0.6012,0.6382,5,0.4824,0.1027,0.5851,0.3720,-0.0643,IDLE,1,0,step_done_latches_cleared,0,0,0.000,0,nan,nan,nan,0.0000,0,5,0.6050,0.5698,0.4909,0.5698,0.0352,本圈台阶完成,1,0.0000,0.150,0.330
4769.055,SEEK_CROSSWALK,26.398,0,3.669,0.0000,0.0000,vision,3.669,tracking,0.1450,-0.0526,1,line_curve_center_riding,0.0377,0.0085,0.4958,0.6003,0.6376,5,0.4873,0.1045,0.5918,0.3682,-0.0526,IDLE,1,0,step_done_latches_cleared,0,0,0.000,0,nan,nan,nan,0.0000,0,5,0.6050,0.5698,0.4909,0.5698,0.0352,本圈台阶完成,1,0.0000,0.150,0.330
4769.186,SEEK_CROSSWALK,26.529,0,3.669,0.0000,0.0000,vision,3.669,tracking,0.1450,-0.0428,1,line_curve_center_riding,0.0307,0.0019,0.4811,0.5830,0.6393,5,0.4792,0.1019,0.5811,0.3553,-0.0428,IDLE,1,0,step_done_latches_cleared,0,0,0.000,0,nan,nan,nan,0.0000,0,5,0.6050,0.5698,0.4909,0.5698,0.0352,本圈台阶完成,1,0.0000,0.150,0.330
4769.314,SEEK_CROSSWALK,26.657,0,3.669,0.0000,0.0000,vision,3.669,tracking,0.1450,-0.0375,1,line_curve_center_riding,0.0296,0.0008,0.4809,0.5841,0.6394,5,0.4801,0.1032,0.5833,0.3553,-0.0375,IDLE,1,0,step_done_latches_cleared,0,0,0.000,0,nan,nan,nan,0.0000,0,5,0.6050,0.5698,0.4909,0.5698,0.0352,本圈台阶完成,1,0.0000,0.150,0.330
4769.439,SEEK_CROSSWALK,26.782,0,3.669,0.0000,0.0000,vision,3.669,tracking,0.1450,-0.0389,1,line_curve_center_riding,0.0364,0.0069,0.4987,0.6062,0.6367,5,0.4918,0.1075,0.5993,0.3706,-0.0389,IDLE,1,0,step_done_latches_cleared,0,0,0.000,0,nan,nan,nan,0.0000,0,5,0.6050,0.5698,0.4909,0.5698,0.0352,本圈台阶完成,1,0.0000,0.150,0.330
4769.578,SEEK_CROSSWALK,26.921,0,3.669,0.0000,0.0000,vision,3.669,tracking,0.1450,-0.0436,1,line_curve_center_riding,0.0442,0.0136,0.5245,0.6404,0.6327,5,0.5109,0.1159,0.6268,0.3928,-0.0436,IDLE,1,0,step_done_latches_cleared,0,0,0.000,0,nan,nan,nan,0.0000,0,5,0.6050,0.5698,0.4909,0.5698,0.0352,本圈台阶完成,1,0.0000,0.150,0.330
4769.710,SEEK_CROSSWALK,27.053,0,3.669,0.0000,0.0000,vision,3.669,tracking,0.1450,-0.0543,1,line_curve_center_riding,0.0591,0.0416,0.3335,0.3335,0.5766,4,0.2919,0.0000,0.2919,0.2362,-0.0543,IDLE,1,0,step_done_latches_cleared,0,0,0.000,0,nan,nan,nan,0.0000,0,5,0.6050,0.5698,0.4909,0.5698,0.0352,本圈台阶完成,1,0.0000,0.150,0.330
4769.843,SEEK_CROSSWALK,27.186,0,3.669,0.0000,0.0000,vision,3.669,tracking,0.1450,-0.0672,1,line_curve_center_riding,0.0733,0.0549,0.3610,0.3610,0.5739,4,0.3061,0.0000,0.3061,0.2590,-0.0672,IDLE,1,0,step_done_latches_cleared,0,0,0.000,0,nan,nan,nan,0.0000,0,5,0.6050,0.5698,0.4909,0.5698,0.0352,本圈台阶完成,1,0.0000,0.150,0.330
4769.975,SEEK_CROSSWALK,27.318,0,3.669,0.0000,0.0000,vision,3.669,tracking,0.1450,-0.0846,1,line_curve_center_riding,0.0933,0.0600,0.6149,0.7332,0.6251,5,0.5549,0.1183,0.6731,0.4694,-0.0846,IDLE,1,0,step_done_latches_cleared,0,0,0.000,0,nan,nan,nan,0.0000,0,5,0.6050,0.5698,0.4909,0.5698,0.0352,本圈台阶完成,1,0.0000,0.150,0.330
4770.107,SEEK_CROSSWALK,27.450,0,3.669,0.0000,0.0000,vision,3.669,tracking,0.1450,-0.1025,1,line_curve_center_riding,0.1106,0.0759,0.6539,0.7731,0.6206,5,0.5780,0.1192,0.6972,0.5010,-0.1025,IDLE,1,0,step_done_latches_cleared,0,0,0.000,0,nan,nan,nan,0.0000,0,5,0.6050,0.5698,0.4909,0.5698,0.0352,本圈台阶完成,1,0.0000,0.150,0.330
4770.234,SEEK_CROSSWALK,27.577,0,3.669,0.0000,0.0000,vision,3.669,tracking,0.1450,-0.1220,1,line_curve_center_riding,0.1299,0.0946,0.6843,0.8014,0.6177,5,0.5897,0.1171,0.7068,0.5268,-0.1220,IDLE,1,0,step_done_latches_cleared,0,0,0.000,0,nan,nan,nan,0.0000,0,5,0.6050,0.5698,0.4909,0.5698,0.0352,本圈台阶完成,1,0.0000,0.150,0.330
4770.379,SEEK_CROSSWALK,27.722,0,3.669,0.0000,0.0000,vision,3.669,tracking,0.1450,-0.1373,1,line_curve_center_riding,0.1414,0.1181,0.5072,0.5072,0.5535,4,0.3892,0.0000,0.3892,0.3775,-0.1373,IDLE,1,0,step_done_latches_cleared,0,0,0.000,0,nan,nan,nan,0.0000,0,5,0.6050,0.5698,0.4909,0.5698,0.0352,本圈台阶完成,1,0.0000,0.150,0.330
4770.509,SEEK_CROSSWALK,27.852,0,3.669,0.0000,0.0000,vision,3.669,tracking,0.1450,-0.1570,1,line_curve_center_riding,0.1623,0.1380,0.5430,0.5430,0.5491,4,0.4050,0.0000,0.4050,0.4080,-0.1570,IDLE,1,0,step_done_latches_cleared,0,0,0.000,0,nan,nan,nan,0.0000,0,5,0.6050,0.5698,0.4909,0.5698,0.0352,本圈台阶完成,1,0.0000,0.150,0.330
4770.639,SEEK_CROSSWALK,27.982,0,3.669,0.0000,0.0000,vision,3.669,tracking,0.1450,-0.1795,1,line_curve_center_riding,0.1857,0.1587,0.6094,0.6094,0.5404,4,0.4508,0.0000,0.4508,0.4592,-0.1795,IDLE,1,0,step_done_latches_cleared,0,0,0.000,0,nan,nan,nan,0.0000,0,5,0.6050,0.5698,0.4909,0.5698,0.0352,本圈台阶完成,1,0.0000,0.150,0.330
4770.772,SEEK_CROSSWALK,28.115,0,3.669,0.0000,0.0000,vision,3.669,tracking,0.1450,-0.2029,1,line_curve_center_riding,0.2086,0.1786,0.6776,0.6776,0.5314,4,0.4990,0.0000,0.4990,0.5113,-0.2029,IDLE,1,0,step_done_latches_cleared,0,0,0.000,0,nan,nan,nan,0.0000,0,5,0.6050,0.5698,0.4909,0.5698,0.0352,本圈台阶完成,1,0.0000,0.150,0.330
4770.901,SEEK_CROSSWALK,28.244,0,3.669,0.0000,0.0000,vision,3.669,tracking,0.1450,-0.2305,1,line_curve_center_riding,0.2373,0.2056,0.7341,0.7341,0.5239,4,0.5285,0.0000,0.5285,0.5579,-0.2305,IDLE,1,0,step_done_latches_cleared,0,0,0.000,0,nan,nan,nan,0.0000,0,5,0.6050,0.5698,0.4909,0.5698,0.0352,本圈台阶完成,1,0.0000,0.150,0.330
4771.058,SEEK_CROSSWALK,28.401,0,3.669,0.0000,0.0000,vision,3.669,tracking,0.1450,-0.2635,1,line_curve_center_riding,0.2739,0.2424,0.7660,0.7660,0.5207,4,0.5236,0.0000,0.5236,0.5915,-0.2635,IDLE,1,0,step_done_latches_cleared,0,0,0.000,0,nan,nan,nan,0.0000,0,5,0.6050,0.5698,0.4909,0.5698,0.0352,本圈台阶完成,1,0.0000,0.150,0.330
4771.190,SEEK_CROSSWALK,28.533,0,3.669,0.0000,0.0000,vision,3.669,tracking,0.1450,-0.2980,1,line_curve_center_riding,0.3059,0.2740,0.8047,0.8047,0.5180,4,0.5307,0.0000,0.5307,0.6278,-0.2980,IDLE,1,0,step_done_latches_cleared,0,0,0.000,0,nan,nan,nan,0.0000,0,5,0.6050,0.5698,0.4909,0.5698,0.0352,本圈台阶完成,1,0.0000,0.150,0.330
4771.324,SEEK_CROSSWALK,28.667,0,3.669,0.0000,0.0000,vision,3.669,tracking,0.1450,-0.3326,1,line_curve_center_riding,0.3386,0.3066,0.8400,0.8400,0.5168,4,0.5334,0.0000,0.5334,0.6622,-0.3326,IDLE,1,0,step_done_latches_cleared,0,0,0.000,0,nan,nan,nan,0.0000,0,5,0.6050,0.5698,0.4909,0.5698,0.0352,本圈台阶完成,1,0.0000,0.150,0.330
4771.451,SEEK_CROSSWALK,28.794,0,3.669,0.0000,0.0000,vision,3.669,tracking,0.1551,-0.3690,1,line_curve_center_riding,0.3733,0.3589,0.5995,0.5995,0.4453,3,0.2406,0.0000,0.2406,0.5193,-0.3690,IDLE,1,0,step_done_latches_cleared,0,0,0.000,0,nan,nan,nan,0.0000,0,5,0.6050,0.5698,0.4909,0.5698,0.0352,本圈台阶完成,1,0.0000,0.150,0.330
4771.582,SEEK_CROSSWALK,28.924,0,3.669,0.0000,0.0000,vision,3.669,tracking,0.1453,-0.4071,1,line_curve_center_riding,0.4105,0.3941,0.6681,0.6681,0.4286,3,0.2741,0.0000,0.2741,0.5768,-0.4071,IDLE,1,0,step_done_latches_cleared,0,0,0.000,0,nan,nan,nan,0.0000,0,5,0.6050,0.5698,0.4909,0.5698,0.0352,本圈台阶完成,1,0.0000,0.150,0.330
4771.715,SEEK_CROSSWALK,29.057,0,3.669,0.0000,0.0000,vision,3.669,tracking,0.1350,-0.4473,1,line_curve_center_riding,0.4497,0.4320,0.7271,0.7271,0.4203,3,0.2951,0.0000,0.2951,0.6287,-0.4473,IDLE,1,0,step_done_latches_cleared,0,0,0.000,0,nan,nan,nan,0.0000,0,5,0.6050,0.5698,0.4909,0.5698,0.0352,本圈台阶完成,1,0.0000,0.150,0.330
4771.841,SEEK_CROSSWALK,29.184,0,3.669,0.0000,0.0000,vision,3.669,tracking,0.1270,-0.4784,1,line_curve_center_riding,0.4710,0.4535,0.7450,0.7450,0.4215,3,0.2914,0.0000,0.2914,0.6478,-0.4784,IDLE,1,0,step_done_latches_cleared,0,0,0.000,0,nan,nan,nan,0.0000,0,5,0.6050,0.5698,0.4909,0.5698,0.0352,本圈台阶完成,1,0.0000,0.150,0.330
4771.970,SEEK_CROSSWALK,29.312,0,3.669,0.0000,0.0000,vision,3.669,tracking,0.1210,-0.5017,1,line_curve_center_riding,0.4861,0.4682,0.7660,0.7660,0.4157,3,0.2977,0.0000,0.2977,0.6667,-0.5017,IDLE,1,0,step_done_latches_cleared,0,0,0.000,0,nan,nan,nan,0.0000,0,5,0.6050,0.5698,0.4909,0.5698,0.0352,本圈台阶完成,1,0.0000,0.150,0.330
4772.108,SEEK_CROSSWALK,29.451,0,3.669,0.0000,0.0000,vision,3.669,tracking,0.1173,-0.5161,1,line_curve_center_riding,0.4918,0.4736,0.7754,0.7754,0.4137,3,0.3018,0.0000,0.3018,0.6748,-0.5161,IDLE,1,0,step_done_latches_cleared,0,0,0.000,0,nan,nan,nan,0.0000,0,5,0.6050,0.5698,0.4909,0.5698,0.0352,本圈台阶完成,1,0.0000,0.150,0.330
4772.240,SEEK_CROSSWALK,29.583,0,3.669,0.0000,0.0000,vision,3.669,tracking,0.1149,-0.5254,1,line_curve_center_riding,0.4953,0.4776,0.7727,0.7727,0.4185,3,0.2951,0.0000,0.2951,0.6743,-0.5254,IDLE,1,0,step_done_latches_cleared,0,0,0.000,0,nan,nan,nan,0.0000,0,5,0.6050,0.5698,0.4909,0.5698,0.0352,本圈台阶完成,1,0.0000,0.150,0.330
4772.406,SEEK_CROSSWALK,29.749,0,3.669,0.0000,0.0000,vision,3.669,tracking,0.1147,-0.5263,1,line_curve_center_riding,0.4891,0.4710,0.7720,0.7720,0.4128,3,0.3010,0.0000,0.3010,0.6717,-0.5263,IDLE,1,0,step_done_latches_cleared,0,0,0.000,0,nan,nan,nan,0.0000,0,5,0.6050,0.5698,0.4909,0.5698,0.0352,本圈台阶完成,1,0.0000,0.150,0.330
4772.485,SEEK_CROSSWALK,29.828,0,3.669,0.0000,0.0000,vision,3.669,tracking,0.1159,-0.5216,1,line_curve_center_riding,0.4799,0.4613,0.7719,0.7719,0.4084,3,0.3107,0.0000,0.3107,0.6684,-0.5216,IDLE,1,0,step_done_latches_cleared,0,0,0.000,0,nan,nan,nan,0.0000,0,5,0.6050,0.5698,0.4909,0.5698,0.0352,本圈台阶完成,1,0.0000,0.150,0.330
4772.669,SEEK_CROSSWALK,30.012,0,3.669,0.0000,0.0000,vision,3.669,tracking,0.1209,-0.5022,1,line_curve_center_riding,0.4480,0.4286,0.7524,0.7524,0.4060,3,0.3238,0.0000,0.3238,0.6445,-0.5022,IDLE,1,0,step_done_latches_cleared,0,0,0.000,0,nan,nan,nan,0.0000,0,5,0.6050,0.5698,0.4909,0.5698,0.0352,本圈台阶完成,1,0.0000,0.150,0.330
4772.799,SEEK_CROSSWALK,30.142,0,3.669,0.0000,0.0000,vision,3.669,tracking,0.1329,-0.4553,1,line_center_tracking,0.3835,0.3720,0.4130,0.4130,0.3596,2,0.0410,0.0000,0.0410,0.3993,-0.4553,IDLE,1,0,step_done_latches_cleared,0,0,0.000,0,nan,nan,nan,0.0000,0,5,0.6050,0.5698,0.4909,0.5698,0.0352,本圈台阶完成,1,0.0000,0.150,0.330
4772.959,SEEK_CROSSWALK,30.302,0,3.669,0.0000,0.0000,vision,3.669,tracking,0.1432,-0.4154,1,line_center_tracking,0.3474,0.3353,0.3785,0.3785,0.3536,2,0.0432,0.0000,0.0432,0.3641,-0.4154,IDLE,1,0,step_done_latches_cleared,0,0,0.000,0,nan,nan,nan,0.0000,0,5,0.6050,0.5698,0.4909,0.5698,0.0352,本圈台阶完成,1,0.0000,0.150,0.330
4773.099,SEEK_CROSSWALK,30.442,0,3.669,0.0000,0.0000,vision,3.669,tracking,0.1513,-0.3837,1,line_center_tracking,0.3265,0.3140,0.3587,0.3587,0.3493,2,0.0447,0.0000,0.0447,0.3438,-0.3837,IDLE,1,0,step_done_latches_cleared,0,0,0.000,0,nan,nan,nan,0.0000,0,5,0.6050,0.5698,0.4909,0.5698,0.0352,本圈台阶完成,1,0.0000,0.150,0.330
4773.262,SEEK_CROSSWALK,30.605,0,3.669,0.0000,0.0000,vision,3.669,tracking,0.1602,-0.3492,1,line_center_tracking,0.2918,0.2798,0.3227,0.3227,0.3544,2,0.0429,0.0000,0.0429,0.3084,-0.3492,IDLE,1,0,step_done_latches_cleared,0,0,0.000,0,nan,nan,nan,0.0000,0,5,0.6050,0.5698,0.4909,0.5698,0.0352,本圈台阶完成,1,0.0000,0.150,0.330
4773.446,SEEK_CROSSWALK,30.789,0,3.669,0.0000,0.0000,vision,3.669,tracking,0.1450,-0.3409,1,line_curve_center_riding,0.3056,0.2861,0.6116,0.6116,0.4070,3,0.3255,0.0000,0.3255,0.5031,-0.3409,IDLE,1,0,step_done_latches_cleared,0,0,0.000,0,nan,nan,nan,0.0000,0,5,0.6050,0.5698,0.4909,0.5698,0.0352,本圈台阶完成,1,0.0000,0.150,0.330
4773.585,SEEK_CROSSWALK,30.928,0,3.669,0.0000,0.0000,vision,3.669,tracking,0.1450,-0.3182,1,line_curve_center_riding,0.2758,0.2396,0.8429,0.8429,0.4938,4,0.6033,0.0000,0.6033,0.6418,-0.3182,IDLE,1,0,step_done_latches_cleared,0,0,0.000,0,nan,nan,nan,0.0000,0,5,0.6050,0.5698,0.4909,0.5698,0.0352,本圈台阶完成,1,0.0000,0.150,0.330
4773.739,SEEK_CROSSWALK,31.082,0,3.669,0.0000,0.0000,vision,3.669,tracking,0.1450,-0.2903,1,line_curve_center_riding,0.2440,0.2077,0.8119,0.8119,0.4943,4,0.6042,0.0000,0.6042,0.6105,-0.2903,IDLE,1,0,step_done_latches_cleared,0,0,0.000,0,nan,nan,nan,0.0000,0,5,0.6050,0.5698,0.4909,0.5698,0.0352,本圈台阶完成,1,0.0000,0.150,0.330
4773.884,SEEK_CROSSWALK,31.227,0,3.669,0.0000,0.0000,vision,3.669,tracking,0.1450,-0.2889,1,line_curve_center_riding,0.2639,0.2298,0.7989,0.8908,0.8121,7,0.5691,0.0919,0.6610,0.6398,-0.2889,IDLE,1,0,step_done_latches_cleared,0,0,0.000,0,nan,nan,nan,0.0000,0,5,0.6050,0.5698,0.4909,0.5698,0.0352,本圈台阶完成,1,0.0000,0.150,0.330
4774.039,SEEK_CROSSWALK,31.382,0,3.669,0.0000,0.0000,vision,3.669,tracking,0.1450,-0.2665,1,line_curve_center_riding,0.2281,0.1948,0.7498,0.8339,0.9123,8,0.5549,0.0841,0.6390,0.5928,-0.2665,IDLE,1,0,step_done_latches_cleared,0,0,0.000,0,nan,nan,nan,0.0000,0,5,0.6050,0.5698,0.4909,0.5698,0.0352,本圈台阶完成,1,0.0000,0.150,0.330
4774.180,SEEK_CROSSWALK,31.523,0,3.669,0.0000,0.0000,vision,3.669,tracking,0.1450,-0.2328,1,line_curve_center_riding,0.1868,0.1545,0.6925,0.7737,0.9122,8,0.5380,0.0811,0.6192,0.5402,-0.2328,IDLE,1,0,step_done_latches_cleared,0,0,0.000,0,nan,nan,nan,0.0000,0,5,0.6050,0.5698,0.4909,0.5698,0.0352,本圈台阶完成,1,0.0000,0.150,0.330
4774.319,SEEK_CROSSWALK,31.662,0,3.669,0.0000,0.0000,vision,3.669,tracking,0.1450,-0.1937,1,line_curve_center_riding,0.1451,0.1147,0.6215,0.6924,0.9156,8,0.5067,0.0709,0.5776,0.4762,-0.1937,IDLE,1,0,step_done_latches_cleared,0,0,0.000,0,nan,nan,nan,0.0000,0,5,0.6050,0.5698,0.4909,0.5698,0.0352,本圈台阶完成,1,0.0000,0.150,0.330
4774.455,SEEK_CROSSWALK,31.798,0,3.669,0.0000,0.0000,vision,3.669,tracking,0.1450,-0.1603,1,line_curve_center_riding,0.1184,0.0894,0.5718,0.6310,0.9188,8,0.4824,0.0592,0.5416,0.4307,-0.1603,IDLE,1,0,step_done_latches_cleared,0,0,0.000,0,nan,nan,nan,0.0000,0,5,0.6050,0.5698,0.4909,0.5698,0.0352,本圈台阶完成,1,0.0000,0.150,0.330
4774.620,SEEK_CROSSWALK,31.962,0,3.669,0.0000,0.0000,vision,3.669,tracking,0.1450,-0.1314,1,line_curve_center_riding,0.0944,0.0672,0.5201,0.5697,0.9231,8,0.4530,0.0495,0.5025,0.3857,-0.1314,IDLE,1,0,step_done_latches_cleared,0,0,0.000,0,nan,nan,nan,0.0000,0,5,0.6050,0.5698,0.4909,0.5698,0.0352,本圈台阶完成,1,0.0000,0.150,0.330
4774.795,SEEK_CROSSWALK,32.138,0,3.669,0.0000,0.0000,vision,3.669,tracking,0.1450,-0.1098,1,line_curve_center_riding,0.0811,0.0552,0.4872,0.5224,0.9254,8,0.4321,0.0352,0.4673,0.3549,-0.1098,IDLE,1,0,step_done_latches_cleared,0,0,0.000,0,nan,nan,nan,0.0000,0,5,0.6050,0.5698,0.4909,0.5698,0.0352,本圈台阶完成,1,0.0000,0.150,0.330
4774.935,SEEK_CROSSWALK,32.278,0,3.669,0.0000,0.0000,vision,3.669,tracking,0.1450,-0.0976,1,line_curve_center_riding,0.0790,0.0543,0.4659,0.4872,0.9283,8,0.4116,0.0213,0.4329,0.3358,-0.0976,IDLE,1,0,step_done_latches_cleared,0,0,0.000,0,nan,nan,nan,0.0000,0,5,0.6050,0.5698,0.4909,0.5698,0.0352,本圈台阶完成,1,0.0000,0.150,0.330
4775.085,SEEK_CROSSWALK,32.428,0,3.669,0.0000,0.0000,vision,3.669,tracking,0.1450,-0.0976,1,line_curve_center_riding,0.0890,0.0657,0.4552,0.4580,0.9305,8,0.3896,0.0028,0.3923,0.3263,-0.0976,IDLE,1,0,step_done_latches_cleared,0,0,0.000,0,nan,nan,nan,0.0000,0,5,0.6050,0.5698,0.4909,0.5698,0.0352,本圈台阶完成,1,0.0000,0.150,0.330
4775.229,SEEK_CROSSWALK,32.572,0,3.669,0.0000,0.0000,vision,3.669,tracking,0.1450,-0.1086,1,line_curve_center_riding,0.1094,0.0877,0.4483,0.4278,0.9336,8,0.3605,0.0205,0.3400,0.3213,-0.1086,IDLE,1,0,step_done_latches_cleared,0,0,0.000,0,nan,nan,nan,0.0000,0,5,0.6050,0.5698,0.4909,0.5698,0.0352,本圈台阶完成,1,0.0000,0.150,0.330
4775.373,SEEK_CROSSWALK,32.716,0,3.669,0.0000,0.0000,vision,3.669,tracking,0.1450,-0.1218,1,line_curve_center_riding,0.1243,0.1040,0.4419,0.4024,0.9358,8,0.3379,0.0395,0.2984,0.3161,-0.1218,IDLE,1,0,step_done_latches_cleared,0,0,0.000,0,nan,nan,nan,0.0000,0,5,0.6050,0.5698,0.4909,0.5698,0.0352,本圈台阶完成,1,0.0000,0.150,0.330
4775.513,SEEK_CROSSWALK,32.856,0,3.669,0.0000,0.0000,vision,3.669,tracking,0.1450,-0.1352,1,line_curve_center_riding,0.1371,0.1185,0.4291,0.3716,0.9384,8,0.3106,0.0574,0.2531,0.3064,-0.1352,IDLE,1,0,step_done_latches_cleared,0,0,0.000,0,nan,nan,nan,0.0000,0,5,0.6050,0.5698,0.4909,0.5698,0.0352,本圈台阶完成,1,0.0000,0.150,0.330
4775.684,SEEK_CROSSWALK,33.027,0,3.669,0.0000,0.0000,vision,3.669,tracking,0.1700,-0.1510,1,line_curve_center_riding,0.1543,0.1376,0.4160,0.3232,0.9421,8,0.2784,0.0928,0.1856,0.2922,-0.1510,IDLE,1,0,step_done_latches_cleared,0,0,0.000,0,nan,nan,nan,0.0000,0,5,0.6050,0.5698,0.4909,0.5698,0.0352,本圈台阶完成,1,0.0000,0.150,0.330
4775.818,SEEK_CROSSWALK,33.160,0,3.669,0.0000,0.0000,vision,3.669,tracking,0.1700,-0.1571,1,line_curve_center_riding,0.1515,0.1365,0.3862,0.3219,0.8648,7,0.2497,0.0643,0.1854,0.2816,-0.1571,IDLE,1,0,step_done_latches_cleared,0,0,0.000,0,nan,nan,nan,0.0000,0,5,0.6050,0.5698,0.4909,0.5698,0.0352,本圈台阶完成,1,0.0000,0.150,0.330
4775.962,SEEK_CROSSWALK,33.305,0,3.669,0.0000,0.0000,vision,3.669,tracking,0.1700,-0.1676,1,line_curve_center_riding,0.1642,0.1515,0.3633,0.2399,0.9470,8,0.2118,0.1235,0.0884,0.2516,-0.1676,IDLE,1,0,step_done_latches_cleared,0,0,0.000,0,nan,nan,nan,0.0000,0,5,0.6050,0.5698,0.4909,0.5698,0.0352,本圈台阶完成,1,0.0000,0.150,0.330
4776.116,SEEK_CROSSWALK,33.459,0,3.669,0.0000,0.0000,vision,3.669,tracking,0.1700,-0.1758,1,line_curve_center_riding,0.1704,0.1602,0.3295,0.1861,0.9501,8,0.1693,0.1434,0.0259,0.2253,-0.1758,IDLE,1,0,step_done_latches_cleared,0,0,0.000,0,nan,nan,nan,0.0000,0,5,0.6050,0.5698,0.4909,0.5698,0.0352,本圈台阶完成,1,0.0000,0.150,0.330
4776.250,SEEK_CROSSWALK,33.593,0,3.669,0.0000,0.0000,vision,3.669,tracking,0.1700,-0.1808,1,line_curve_center_riding,0.1720,0.1644,0.2922,0.1222,0.9508,8,0.1279,0.1701,0.0422,0.1929,-0.1808,IDLE,1,0,step_done_latches_cleared,0,0,0.000,0,nan,nan,nan,0.0000,0,5,0.6050,0.5698,0.4909,0.5698,0.0352,本圈台阶完成,1,0.0000,0.150,0.330
4776.400,SEEK_CROSSWALK,33.743,0,3.669,0.0000,0.0000,vision,3.669,tracking,0.1700,-0.1853,1,line_curve_center_riding,0.1757,0.1701,0.2642,0.0662,0.9522,8,0.0942,0.1980,0.1039,0.1668,-0.1853,IDLE,1,0,step_done_latches_cleared,0,0,0.000,0,nan,nan,nan,0.0000,0,5,0.6050,0.5698,0.4909,0.5698,0.0352,本圈台阶完成,1,0.0000,0.150,0.330
4776.536,SEEK_CROSSWALK,33.879,0,3.669,0.0000,0.0000,vision,3.669,tracking,0.1700,-0.1865,1,line_curve_center_riding,0.1741,0.1707,0.2278,-0.0009,0.9516,8,0.0571,0.2287,0.1715,0.1325,-0.1865,IDLE,1,0,step_done_latches_cleared,0,0,0.000,0,nan,nan,nan,0.0000,0,5,0.6050,0.5698,0.4909,0.5698,0.0352,本圈台阶完成,1,0.0000,0.150,0.330
4776.666,SEEK_CROSSWALK,34.008,0,3.669,0.0000,0.0000,vision,3.669,tracking,0.1700,-0.1810,1,line_curve_center_riding,0.1635,0.1619,0.1893,-0.0783,0.9487,8,0.0274,0.2676,0.2402,0.0909,-0.1810,IDLE,1,0,step_done_latches_cleared,0,0,0.000,0,nan,nan,nan,0.0000,0,5,0.6050,0.5698,0.4909,0.5698,0.0352,本圈台阶完成,1,0.0000,0.150,0.330
4776.799,SEEK_CROSSWALK,34.142,0,3.669,0.0000,0.0000,vision,3.669,tracking,0.1700,-0.1644,1,line_curve_center_riding,0.1386,0.1380,0.1474,-0.1606,0.9421,8,0.0095,0.3080,0.2986,0.0416,-0.1644,IDLE,1,0,step_done_latches_cleared,0,0,0.000,0,nan,nan,nan,0.0000,0,5,0.6050,0.5698,0.4909,0.5698,0.0352,本圈台阶完成,1,0.0000,0.150,0.330
4776.947,SEEK_CROSSWALK,34.290,0,3.669,0.0000,0.0000,vision,3.669,tracking,0.1450,-0.1453,1,line_curve_center_riding,0.1175,0.1189,0.0954,-0.2625,0.9357,8,0.0236,0.3579,0.3815,-0.0161,-0.1453,IDLE,1,0,step_done_latches_cleared,0,0,0.000,0,nan,nan,nan,0.0000,0,5,0.6050,0.5698,0.4909,0.5698,0.0352,本圈台阶完成,1,0.0000,0.150,0.330
4777.090,SEEK_CROSSWALK,34.432,0,3.669,0.0000,0.0000,vision,3.669,tracking,0.1450,-0.1296,1,line_curve_center_riding,0.1058,0.1119,0.0113,-0.3254,0.8674,7,0.1005,0.3367,0.4373,-0.0674,-0.1296,IDLE,1,0,step_done_latches_cleared,0,0,0.000,0,nan,nan,nan,0.0000,0,5,0.6050,0.5698,0.4909,0.5698,0.0352,本圈台阶完成,1,0.0000,0.150,0.330
4777.223,SEEK_CROSSWALK,34.566,0,3.669,0.0000,0.0000,vision,3.669,tracking,0.1700,-0.1006,1,line_curve_center_riding,0.0688,0.0759,-0.0436,-0.1933,0.7914,6,0.1195,0.1497,0.2692,-0.0536,-0.1006,IDLE,1,0,step_done_latches_cleared,0,0,0.000,0,nan,nan,nan,0.0000,0,5,0.6050,0.5698,0.4909,0.5698,0.0352,本圈台阶完成,1,0.0000,0.150,0.330
4777.359,SEEK_CROSSWALK,34.702,0,3.669,0.0000,0.0000,vision,3.669,tracking,0.1700,-0.0673,1,line_curve_center_riding,0.0332,0.0425,-0.1135,-0.2887,0.7835,6,0.1560,0.1752,0.3312,-0.1199,-0.0673,IDLE,1,0,step_done_latches_cleared,0,0,0.000,0,nan,nan,nan,0.0000,0,5,0.6050,0.5698,0.4909,0.5698,0.0352,本圈台阶完成,1,0.0000,0.150,0.330
4777.494,SEEK_CROSSWALK,34.837,0,3.669,0.0000,0.0000,vision,3.669,tracking,0.1700,-0.0287,1,line_curve_center_riding,-0.0071,0.0037,-0.1765,-0.4096,0.7737,6,0.1802,0.2332,0.4133,-0.1941,-0.0287,IDLE,1,0,step_done_latches_cleared,0,0,0.000,0,nan,nan,nan,0.0000,0,5,0.6050,0.5698,0.4909,0.5698,0.0352,本圈台阶完成,1,0.0000,0.150,0.330
4777.626,SEEK_CROSSWALK,34.969,0,3.669,0.0000,0.0000,vision,3.669,tracking,0.1450,0.0032,1,line_curve_center_riding,-0.0318,-0.0186,-0.2385,-0.5045,0.7640,6,0.2200,0.2660,0.4859,-0.2539,0.0032,IDLE,1,0,step_done_latches_cleared,0,0,0.000,0,nan,nan,nan,0.0000,0,5,0.6050,0.5698,0.4909,0.5698,0.0352,本圈台阶完成,1,0.0000,0.150,0.330
4777.794,SEEK_CROSSWALK,35.137,0,3.669,0.0000,0.0000,vision,3.669,tracking,0.1700,0.0539,1,line_curve_center_riding,-0.0953,-0.0808,-0.3225,-0.3588,0.6881,5,0.2417,0.0364,0.2780,-0.2540,0.0539,IDLE,1,0,step_done_latches_cleared,0,0,0.000,0,nan,nan,nan,0.0000,0,5,0.6050,0.5698,0.4909,0.5698,0.0352,本圈台阶完成,1,0.0000,0.150,0.330
4777.944,SEEK_CROSSWALK,35.287,0,3.669,0.0000,0.0000,vision,3.669,tracking,0.1450,0.1055,1,line_curve_center_riding,-0.1434,-0.1257,-0.4217,-0.4689,0.6786,5,0.2960,0.0472,0.3433,-0.3388,0.1055,IDLE,1,0,step_done_latches_cleared,0,0,0.000,0,nan,nan,nan,0.0000,0,5,0.6050,0.5698,0.4909,0.5698,0.0352,本圈台阶完成,1,0.0000,0.150,0.330
4778.092,SEEK_CROSSWALK,35.435,0,3.669,0.0000,0.0000,vision,3.669,tracking,0.1450,0.1621,1,line_curve_center_riding,-0.2005,-0.1749,-0.6005,-0.6955,0.6503,5,0.4255,0.0950,0.5205,-0.4903,0.1621,IDLE,1,0,step_done_latches_cleared,0,0,0.000,0,nan,nan,nan,0.0000,0,5,0.6050,0.5698,0.4909,0.5698,0.0352,本圈台阶完成,1,0.0000,0.150,0.330
4778.238,SEEK_CROSSWALK,35.581,0,3.669,0.0000,0.0000,vision,3.669,tracking,0.1700,0.2052,1,line_curve_center_riding,-0.2298,-0.2225,-0.3440,-0.3440,0.5018,3,0.1214,0.0000,0.1214,-0.3035,0.2052,IDLE,1,0,step_done_latches_cleared,0,0,0.000,0,nan,nan,nan,0.0000,0,5,0.6050,0.5698,0.4909,0.5698,0.0352,本圈台阶完成,1,0.0000,0.150,0.330
4778.366,SEEK_CROSSWALK,35.709,0,3.669,0.0000,0.0000,vision,3.669,tracking,0.1450,0.2592,1,line_curve_center_riding,-0.2861,-0.2662,-0.5985,-0.5985,0.5632,4,0.3323,0.0000,0.3323,-0.4877,0.2592,IDLE,1,0,step_done_latches_cleared,0,0,0.000,0,nan,nan,nan,0.0000,0,5,0.6050,0.5698,0.4909,0.5698,0.0352,本圈台阶完成,1,0.0000,0.150,0.330
4778.502,SEEK_CROSSWALK,35.844,0,3.669,0.0000,0.0000,vision,3.669,tracking,0.1450,0.3014,1,line_curve_center_riding,-0.3179,-0.2930,-0.7069,-0.7069,0.5522,4,0.4139,0.0000,0.4139,-0.5690,0.3014,IDLE,1,0,step_done_latches_cleared,0,0,0.000,0,nan,nan,nan,0.0000,0,5,0.6050,0.5698,0.4909,0.5698,0.0352,本圈台阶完成,1,0.0000,0.150,0.330
4778.636,SEEK_CROSSWALK,35.979,0,3.669,0.0000,0.0000,vision,3.669,tracking,0.1450,0.3389,1,line_curve_center_riding,-0.3477,-0.3257,-0.6918,-0.6918,0.5574,4,0.3660,0.0000,0.3660,-0.5698,0.3389,IDLE,1,0,step_done_latches_cleared,0,0,0.000,0,nan,nan,nan,0.0000,0,5,0.6050,0.5698,0.4909,0.5698,0.0352,本圈台阶完成,1,0.0000,0.150,0.330
4778.783,SEEK_CROSSWALK,36.126,0,3.669,0.0000,0.0000,vision,3.669,tracking,0.1570,0.3617,1,line_center_tracking,-0.3571,-0.3493,-0.3772,-0.3772,0.3967,2,0.0279,0.0000,0.0279,-0.3679,0.3617,IDLE,1,0,step_done_latches_cleared,0,0,0.000,0,nan,nan,nan,0.0000,0,5,0.6050,0.5698,0.4909,0.5698,0.0352,本圈台阶完成,1,0.0000,0.150,0.330
4778.928,SEEK_CROSSWALK,36.271,0,3.669,0.0000,0.0000,vision,3.669,tracking,0.1599,0.3506,1,line_center_tracking,-0.3179,-0.3117,-0.3340,-0.3340,0.4121,2,0.0224,0.0000,0.0224,-0.3266,0.3506,IDLE,1,0,step_done_latches_cleared,0,0,0.000,0,nan,nan,nan,0.0000,0,5,0.6050,0.5698,0.4909,0.5698,0.0352,本圈台阶完成,1,0.0000,0.150,0.330
4779.055,SEEK_CROSSWALK,36.398,0,3.669,0.0000,0.0000,vision,3.669,tracking,0.1577,0.3591,1,line_curve_center_riding,-0.3384,-0.3275,-0.5104,-0.5104,0.4739,3,0.1830,0.0000,0.1830,-0.4494,0.3591,IDLE,1,0,step_done_latches_cleared,0,0,0.000,0,nan,nan,nan,0.0000,0,5,0.6050,0.5698,0.4909,0.5698,0.0352,本圈台阶完成,1,0.0000,0.150,0.330
4779.192,SEEK_CROSSWALK,36.534,0,3.669,0.0000,0.0000,vision,3.669,tracking,0.1450,0.3325,1,line_curve_center_riding,-0.2875,-0.2597,-0.7226,-0.7226,0.5454,4,0.4628,0.0000,0.4628,-0.5683,0.3325,IDLE,1,0,step_done_latches_cleared,0,0,0.000,0,nan,nan,nan,0.0000,0,5,0.6050,0.5698,0.4909,0.5698,0.0352,本圈台阶完成,1,0.0000,0.150,0.330
4779.318,SEEK_CROSSWALK,36.661,0,3.669,0.0000,0.0000,vision,3.669,tracking,0.1411,0.3071,1,line_curve_center_riding,-0.2625,-0.2242,-0.8610,-0.8610,0.5000,4,0.6367,0.0000,0.6367,-0.6487,0.3071,IDLE,1,0,step_done_latches_cleared,0,0,0.000,0,nan,nan,nan,0.0000,0,5,0.6050,0.5698,0.4909,0.5698,0.0352,本圈台阶完成,1,0.0000,0.150,0.330
4779.448,SEEK_CROSSWALK,36.791,0,3.669,0.0000,0.0000,vision,3.669,tracking,0.1450,0.2686,1,line_curve_center_riding,-0.2160,-0.1850,-0.7013,-0.7013,0.5292,4,0.5163,0.0000,0.5163,-0.5292,0.2686,IDLE,1,0,step_done_latches_cleared,0,0,0.000,0,nan,nan,nan,0.0000,0,5,0.6050,0.5698,0.4909,0.5698,0.0352,本圈台阶完成,1,0.0000,0.150,0.330
4779.586,SEEK_CROSSWALK,36.929,0,3.669,0.0000,0.0000,vision,3.669,tracking,0.1450,0.2404,1,line_curve_center_riding,-0.1964,-0.1636,-0.7100,-0.7100,0.5163,4,0.5464,0.0000,0.5464,-0.5279,0.2404,IDLE,1,0,step_done_latches_cleared,0,0,0.000,0,nan,nan,nan,0.0000,0,5,0.6050,0.5698,0.4909,0.5698,0.0352,本圈台阶完成,1,0.0000,0.150,0.330
4779.719,SEEK_CROSSWALK,37.062,0,3.669,0.0000,0.0000,vision,3.669,tracking,0.1450,0.2309,1,line_curve_center_riding,-0.2035,-0.1754,-0.6437,-0.6437,0.5327,4,0.4683,0.0000,0.4683,-0.4876,0.2309,IDLE,1,0,step_done_latches_cleared,0,0,0.000,0,nan,nan,nan,0.0000,0,5,0.6050,0.5698,0.4909,0.5698,0.0352,本圈台阶完成,1,0.0000,0.150,0.330
4779.855,SEEK_CROSSWALK,37.198,0,3.669,0.0000,0.0000,vision,3.669,tracking,0.1450,0.2083,1,line_curve_center_riding,-0.1739,-0.1453,-0.6218,-0.6218,0.5343,4,0.4765,0.0000,0.4765,-0.4630,0.2083,IDLE,1,0,step_done_latches_cleared,0,0,0.000,0,nan,nan,nan,0.0000,0,5,0.6050,0.5698,0.4909,0.5698,0.0352,本圈台阶完成,1,0.0000,0.150,0.330
4779.984,SEEK_CROSSWALK,37.327,0,3.669,0.0000,0.0000,vision,3.669,tracking,0.1450,0.1662,1,line_curve_center_riding,-0.1189,-0.0846,-0.6560,-0.6560,0.5225,4,0.5714,0.0000,0.5714,-0.4655,0.1662,IDLE,1,0,step_done_latches_cleared,0,0,0.000,0,nan,nan,nan,0.0000,0,5,0.6050,0.5698,0.4909,0.5698,0.0352,本圈台阶完成,1,0.0000,0.150,0.330
4780.125,SEEK_CROSSWALK,37.467,0,3.669,0.0000,0.0000,vision,3.669,tracking,0.1450,0.1539,1,line_curve_center_riding,-0.1286,-0.0982,-0.6050,-0.6050,0.5270,4,0.5068,0.0000,0.5068,-0.4361,0.1539,IDLE,1,0,step_done_latches_cleared,0,0,0.000,0,nan,nan,nan,0.0000,0,5,0.6050,0.5698,0.4909,0.5698,0.0352,本圈台阶完成,1,0.0000,0.150,0.330
4780.262,SEEK_CROSSWALK,37.605,0,3.669,0.0000,0.0000,vision,3.669,tracking,0.1450,0.1362,1,line_curve_center_riding,-0.1105,-0.0806,-0.5792,-0.5792,0.5280,4,0.4986,0.0000,0.4986,-0.4130,0.1362,IDLE,1,0,step_done_latches_cleared,0,0,0.000,0,nan,nan,nan,0.0000,0,5,0.6050,0.5698,0.4909,0.5698,0.0352,本圈台阶完成,1,0.0000,0.150,0.330
4780.391,SEEK_CROSSWALK,37.734,0,3.669,0.0000,0.0000,vision,3.669,tracking,0.1450,0.1034,1,line_curve_center_riding,-0.0685,-0.0354,-0.5857,-0.5857,0.5201,4,0.5502,0.0000,0.5502,-0.4023,0.1034,IDLE,1,0,step_done_latches_cleared,0,0,0.000,0,nan,nan,nan,0.0000,0,5,0.6050,0.5698,0.4909,0.5698,0.0352,本圈台阶完成,1,0.0000,0.150,0.330
4780.531,SEEK_CROSSWALK,37.874,0,3.669,0.0000,0.0000,vision,3.669,tracking,0.1450,0.0831,1,line_curve_center_riding,-0.0576,-0.0269,-0.5383,-0.5383,0.5290,4,0.5114,0.0000,0.5114,-0.3679,0.0831,IDLE,1,0,step_done_latches_cleared,0,0,0.000,0,nan,nan,nan,0.0000,0,5,0.6050,0.5698,0.4909,0.5698,0.0352,本圈台阶完成,1,0.0000,0.150,0.330
4780.660,SEEK_CROSSWALK,38.003,0,3.669,0.0000,0.0000,vision,3.669,tracking,0.1450,0.0637,1,line_curve_center_riding,-0.0417,-0.0130,-0.4914,-0.4914,0.5320,4,0.4784,0.0000,0.4784,-0.3319,0.0637,IDLE,1,0,step_done_latches_cleared,0,0,0.000,0,nan,nan,nan,0.0000,0,5,0.6050,0.5698,0.4909,0.5698,0.0352,本圈台阶完成,1,0.0000,0.150,0.330
4780.812,SEEK_CROSSWALK,38.155,0,3.669,0.0000,0.0000,vision,3.669,tracking,0.1450,0.0497,1,line_curve_center_riding,-0.0327,-0.0070,-0.4347,-0.4347,0.5433,4,0.4277,0.0000,0.4277,-0.2922,0.0497,IDLE,1,0,step_done_latches_cleared,0,0,0.000,0,nan,nan,nan,0.0000,0,5,0.6050,0.5698,0.4909,0.5698,0.0352,本圈台阶完成,1,0.0000,0.150,0.330
4780.952,SEEK_CROSSWALK,38.295,0,3.669,0.0000,0.0000,vision,3.669,tracking,0.1450,0.0216,1,line_curve_center_riding,0.0037,0.0310,-0.4247,-0.4247,0.5407,4,0.4557,0.0000,0.4557,-0.2728,0.0216,IDLE,1,0,step_done_latches_cleared,0,0,0.000,0,nan,nan,nan,0.0000,0,5,0.6050,0.5698,0.4909,0.5698,0.0352,本圈台阶完成,1,0.0000,0.150,0.330
4781.102,SEEK_CROSSWALK,38.445,0,3.669,0.0000,0.0000,vision,3.669,tracking,0.1450,0.0088,1,line_curve_center_riding,0.0048,0.0307,-0.4006,-0.4006,0.5442,4,0.4313,0.0000,0.4313,-0.2568,0.0088,IDLE,1,0,step_done_latches_cleared,0,0,0.000,0,nan,nan,nan,0.0000,0,5,0.6050,0.5698,0.4909,0.5698,0.0352,本圈台阶完成,1,0.0000,0.150,0.330
4781.234,SEEK_CROSSWALK,38.576,0,3.669,0.0000,0.0000,vision,3.669,tracking,0.1450,-0.0139,1,line_recenter_transition,0.0319,0.0403,-0.3806,-0.3806,0.5455,4,0.4210,0.0000,0.4210,-0.2403,-0.0139,IDLE,1,0,step_done_latches_cleared,0,0,0.000,0,nan,nan,nan,0.0000,0,5,0.6050,0.5698,0.4909,0.5698,0.0352,本圈台阶完成,1,0.0000,0.150,0.330
4781.368,SEEK_CROSSWALK,38.711,0,3.669,0.0000,0.0000,vision,3.669,tracking,0.1450,-0.0099,1,line_curve_center_riding,0.0082,0.0339,-0.3933,-0.3933,0.5432,4,0.4272,0.0000,0.4272,-0.2509,-0.0099,IDLE,1,0,step_done_latches_cleared,0,0,0.000,0,nan,nan,nan,0.0000,0,5,0.6050,0.5698,0.4909,0.5698,0.0352,本圈台阶完成,1,0.0000,0.150,0.330
4781.501,SEEK_CROSSWALK,38.843,0,3.669,0.0000,0.0000,vision,3.669,tracking,0.1450,0.0002,1,line_curve_center_riding,-0.0082,0.0142,-0.3595,-0.3595,0.5574,4,0.3738,0.0000,0.3738,-0.2349,0.0002,IDLE,1,0,step_done_latches_cleared,0,0,0.000,0,nan,nan,nan,0.0000,0,5,0.6050,0.5698,0.4909,0.5698,0.0352,本圈台阶完成,1,0.0000,0.150,0.330
4788.020,SEEK_CROSSWALK,45.363,0,3.669,0.0000,0.0000,vision,3.669,line_lost_stop,0.0943,0.0000,0,line_too_few_bands,0.0000,0.0000,0.0000,0.0000,0.0000,0,0.0000,0.0000,0.0000,0.0000,0.0000,IDLE,1,0,step_done_latches_cleared,0,0,0.000,0,nan,nan,nan,0.0000,0,5,0.6050,0.5698,0.4909,0.5698,0.0352,本圈台阶完成,1,0.0000,0.150,0.330
4788.181,SEEK_CROSSWALK,45.524,0,3.669,0.0000,0.0000,vision,3.669,line_lost_stop,0.0437,0.0000,0,line_too_few_bands,0.0000,0.0000,0.0000,0.0000,0.0000,0,0.0000,0.0000,0.0000,0.0000,0.0000,IDLE,1,0,step_done_latches_cleared,0,0,0.000,0,nan,nan,nan,0.0000,0,5,0.6050,0.5698,0.4909,0.5698,0.0352,本圈台阶完成,1,0.0000,0.150,0.330
4788.314,SEEK_CROSSWALK,45.657,0,3.669,0.0000,0.0000,vision,3.669,line_lost_stop,0.0000,0.0000,0,line_too_few_bands,0.0000,0.0000,0.0000,0.0000,0.0000,0,0.0000,0.0000,0.0000,0.0000,0.0000,IDLE,1,0,step_done_latches_cleared,0,0,0.000,0,nan,nan,nan,0.0000,0,5,0.6050,0.5698,0.4909,0.5698,0.0352,本圈台阶完成,1,0.0000,0.150,0.330
4788.444,SEEK_CROSSWALK,45.786,0,3.669,0.0000,0.0000,vision,3.669,line_lost_stop,0.0000,0.0000,0,line_too_few_bands,0.0000,0.0000,0.0000,0.0000,0.0000,0,0.0000,0.0000,0.0000,0.0000,0.0000,IDLE,1,0,step_done_latches_cleared,0,0,0.000,0,nan,nan,nan,0.0000,0,5,0.6050,0.5698,0.4909,0.5698,0.0352,本圈台阶完成,1,0.0000,0.150,0.330
4788.569,SEEK_CROSSWALK,45.912,0,3.669,0.0000,0.0000,vision,3.669,line_lost_stop,0.0000,0.0000,0,line_too_few_bands,0.0000,0.0000,0.0000,0.0000,0.0000,0,0.0000,0.0000,0.0000,0.0000,0.0000,IDLE,1,0,step_done_latches_cleared,0,0,0.000,0,nan,nan,nan,0.0000,0,5,0.6050,0.5698,0.4909,0.5698,0.0352,本圈台阶完成,1,0.0000,0.150,0.330
4788.727,SEEK_CROSSWALK,46.070,0,3.669,0.0000,0.0000,vision,3.669,line_lost_stop,0.0000,0.0000,0,line_too_few_bands,0.0000,0.0000,0.0000,0.0000,0.0000,0,0.0000,0.0000,0.0000,0.0000,0.0000,IDLE,1,0,step_done_latches_cleared,0,0,0.000,0,nan,nan,nan,0.0000,0,5,0.6050,0.5698,0.4909,0.5698,0.0352,本圈台阶完成,1,0.0000,0.150,0.330
4788.850,SEEK_CROSSWALK,46.193,0,3.669,0.0000,0.0000,vision,3.669,line_lost_stop,0.0000,0.0000,0,line_too_few_bands,0.0000,0.0000,0.0000,0.0000,0.0000,0,0.0000,0.0000,0.0000,0.0000,0.0000,IDLE,1,0,step_done_latches_cleared,0,0,0.000,0,nan,nan,nan,0.0000,0,5,0.6050,0.5698,0.4909,0.5698,0.0352,本圈台阶完成,1,0.0000,0.150,0.330
4788.996,SEEK_CROSSWALK,46.339,0,3.669,0.0000,0.0000,vision,3.669,line_lost_stop,0.0000,0.0000,0,line_too_few_bands,0.0000,0.0000,0.0000,0.0000,0.0000,0,0.0000,0.0000,0.0000,0.0000,0.0000,IDLE,1,0,step_done_latches_cleared,0,0,0.000,0,nan,nan,nan,0.0000,0,5,0.6050,0.5698,0.4909,0.5698,0.0352,本圈台阶完成,1,0.0000,0.150,0.330
4789.127,SEEK_CROSSWALK,46.470,0,3.669,0.0000,0.0000,vision,3.669,line_lost_stop,0.0000,0.0000,0,line_too_few_bands,0.0000,0.0000,0.0000,0.0000,0.0000,0,0.0000,0.0000,0.0000,0.0000,0.0000,IDLE,1,0,step_done_latches_cleared,0,0,0.000,0,nan,nan,nan,0.0000,0,5,0.6050,0.5698,0.4909,0.5698,0.0352,本圈台阶完成,1,0.0000,0.150,0.330
4789.261,SEEK_CROSSWALK,46.604,0,3.669,0.0000,0.0000,vision,3.669,line_lost_stop,0.0000,0.0000,0,line_too_few_bands,0.0000,0.0000,0.0000,0.0000,0.0000,0,0.0000,0.0000,0.0000,0.0000,0.0000,IDLE,1,0,step_done_latches_cleared,0,0,0.000,0,nan,nan,nan,0.0000,0,5,0.6050,0.5698,0.4909,0.5698,0.0352,本圈台阶完成,1,0.0000,0.150,0.330
4789.396,SEEK_CROSSWALK,46.739,0,3.669,0.0000,0.0000,vision,3.669,line_lost_stop,0.0000,0.0000,0,line_too_few_bands,0.0000,0.0000,0.0000,0.0000,0.0000,0,0.0000,0.0000,0.0000,0.0000,0.0000,IDLE,1,0,step_done_latches_cleared,0,0,0.000,0,nan,nan,nan,0.0000,0,5,0.6050,0.5698,0.4909,0.5698,0.0352,本圈台阶完成,1,0.0000,0.150,0.330
4789.545,SEEK_CROSSWALK,46.888,0,3.669,0.0000,0.0000,vision,3.669,line_lost_stop,0.0000,0.0000,0,line_too_few_bands,0.0000,0.0000,0.0000,0.0000,0.0000,0,0.0000,0.0000,0.0000,0.0000,0.0000,IDLE,1,0,step_done_latches_cleared,0,0,0.000,0,nan,nan,nan,0.0000,0,5,0.6050,0.5698,0.4909,0.5698,0.0352,本圈台阶完成,1,0.0000,0.150,0.330
4789.763,SEEK_CROSSWALK,47.106,0,3.669,0.0000,0.0000,vision,3.669,line_lost_stop,0.0000,0.0000,0,line_too_few_bands,0.0000,0.0000,0.0000,0.0000,0.0000,0,0.0000,0.0000,0.0000,0.0000,0.0000,IDLE,1,0,step_done_latches_cleared,0,0,0.000,0,nan,nan,nan,0.0000,0,5,0.6050,0.5698,0.4909,0.5698,0.0352,本圈台阶完成,1,0.0000,0.150,0.330
4790.004,SEEK_CROSSWALK,47.347,0,3.669,0.0000,0.0000,vision,3.669,line_lost_stop,0.0000,0.0000,0,line_too_few_bands,0.0000,0.0000,0.0000,0.0000,0.0000,0,0.0000,0.0000,0.0000,0.0000,0.0000,IDLE,1,0,step_done_latches_cleared,0,0,0.000,0,nan,nan,nan,0.0000,0,5,0.6050,0.5698,0.4909,0.5698,0.0352,本圈台阶完成,1,0.0000,0.150,0.330
4790.173,SEEK_CROSSWALK,47.516,0,3.669,0.0000,0.0000,vision,3.669,line_lost_stop,0.0000,0.0000,0,line_too_few_bands,0.0000,0.0000,0.0000,0.0000,0.0000,0,0.0000,0.0000,0.0000,0.0000,0.0000,IDLE,1,0,step_done_latches_cleared,0,0,0.000,0,nan,nan,nan,0.0000,0,5,0.6050,0.5698,0.4909,0.5698,0.0352,本圈台阶完成,1,0.0000,0.150,0.330
4790.333,SEEK_CROSSWALK,47.676,0,3.669,0.0000,0.0000,vision,3.669,line_lost_stop,0.0000,0.0000,0,line_too_few_bands,0.0000,0.0000,0.0000,0.0000,0.0000,0,0.0000,0.0000,0.0000,0.0000,0.0000,IDLE,1,0,step_done_latches_cleared,0,0,0.000,0,nan,nan,nan,0.0000,0,5,0.6050,0.5698,0.4909,0.5698,0.0352,本圈台阶完成,1,0.0000,0.150,0.330
4790.479,SEEK_CROSSWALK,47.822,0,3.669,0.0000,0.0000,vision,3.669,line_lost_stop,0.0000,0.0000,0,line_too_few_bands,0.0000,0.0000,0.0000,0.0000,0.0000,0,0.0000,0.0000,0.0000,0.0000,0.0000,IDLE,1,0,step_done_latches_cleared,0,0,0.000,0,nan,nan,nan,0.0000,0,5,0.6050,0.5698,0.4909,0.5698,0.0352,本圈台阶完成,1,0.0000,0.150,0.330
4790.620,SEEK_CROSSWALK,47.962,0,3.669,0.0000,0.0000,vision,3.669,line_lost_stop,0.0000,0.0000,0,line_too_few_bands,0.0000,0.0000,0.0000,0.0000,0.0000,0,0.0000,0.0000,0.0000,0.0000,0.0000,IDLE,1,0,step_done_latches_cleared,0,0,0.000,0,nan,nan,nan,0.0000,0,5,0.6050,0.5698,0.4909,0.5698,0.0352,本圈台阶完成,1,0.0000,0.150,0.330
4790.759,SEEK_CROSSWALK,48.102,0,3.669,0.0000,0.0000,vision,3.669,line_lost_stop,0.0000,0.0000,0,line_too_few_bands,0.0000,0.0000,0.0000,0.0000,0.0000,0,0.0000,0.0000,0.0000,0.0000,0.0000,IDLE,1,0,step_done_latches_cleared,0,0,0.000,0,nan,nan,nan,0.0000,0,5,0.6050,0.5698,0.4909,0.5698,0.0352,本圈台阶完成,1,0.0000,0.150,0.330
4790.909,SEEK_CROSSWALK,48.251,0,3.669,0.0000,0.0000,vision,3.669,line_lost_stop,0.0000,0.0000,0,line_too_few_bands,0.0000,0.0000,0.0000,0.0000,0.0000,0,0.0000,0.0000,0.0000,0.0000,0.0000,IDLE,1,0,step_done_latches_cleared,0,0,0.000,0,nan,nan,nan,0.0000,0,5,0.6050,0.5698,0.4909,0.5698,0.0352,本圈台阶完成,1,0.0000,0.150,0.330
4791.071,SEEK_CROSSWALK,48.413,0,3.669,0.0000,0.0000,vision,3.669,line_lost_stop,0.0000,0.0000,0,line_too_few_bands,0.0000,0.0000,0.0000,0.0000,0.0000,0,0.0000,0.0000,0.0000,0.0000,0.0000,IDLE,1,0,step_done_latches_cleared,0,0,0.000,0,nan,nan,nan,0.0000,0,5,0.6050,0.5698,0.4909,0.5698,0.0352,本圈台阶完成,1,0.0000,0.150,0.330
4791.217,SEEK_CROSSWALK,48.560,0,3.669,0.0000,0.0000,vision,3.669,line_lost_stop,0.0000,0.0000,0,line_too_few_bands,0.0000,0.0000,0.0000,0.0000,0.0000,0,0.0000,0.0000,0.0000,0.0000,0.0000,IDLE,1,0,step_done_latches_cleared,0,0,0.000,0,nan,nan,nan,0.0000,0,5,0.6050,0.5698,0.4909,0.5698,0.0352,本圈台阶完成,1,0.0000,0.150,0.330
4791.352,SEEK_CROSSWALK,48.694,0,3.669,0.0000,0.0000,vision,3.669,line_lost_stop,0.0000,0.0000,0,line_too_few_bands,0.0000,0.0000,0.0000,0.0000,0.0000,0,0.0000,0.0000,0.0000,0.0000,0.0000,IDLE,1,0,step_done_latches_cleared,0,0,0.000,0,nan,nan,nan,0.0000,0,5,0.6050,0.5698,0.4909,0.5698,0.0352,本圈台阶完成,1,0.0000,0.150,0.330
4791.489,SEEK_CROSSWALK,48.832,0,3.669,0.0000,0.0000,vision,3.669,line_lost_stop,0.0000,0.0000,0,line_too_few_bands,0.0000,0.0000,0.0000,0.0000,0.0000,0,0.0000,0.0000,0.0000,0.0000,0.0000,IDLE,1,0,step_done_latches_cleared,0,0,0.000,0,nan,nan,nan,0.0000,0,5,0.6050,0.5698,0.4909,0.5698,0.0352,本圈台阶完成,1,0.0000,0.150,0.330
4791.634,SEEK_CROSSWALK,48.977,0,3.669,0.0000,0.0000,vision,3.669,line_lost_stop,0.0000,0.0000,0,line_too_few_bands,0.0000,0.0000,0.0000,0.0000,0.0000,0,0.0000,0.0000,0.0000,0.0000,0.0000,IDLE,1,0,step_done_latches_cleared,0,0,0.000,0,nan,nan,nan,0.0000,0,5,0.6050,0.5698,0.4909,0.5698,0.0352,本圈台阶完成,1,0.0000,0.150,0.330
4791.763,SEEK_CROSSWALK,49.106,0,3.669,0.0000,0.0000,vision,3.669,line_lost_stop,0.0000,0.0000,0,line_too_few_bands,0.0000,0.0000,0.0000,0.0000,0.0000,0,0.0000,0.0000,0.0000,0.0000,0.0000,IDLE,1,0,step_done_latches_cleared,0,0,0.000,0,nan,nan,nan,0.0000,0,5,0.6050,0.5698,0.4909,0.5698,0.0352,本圈台阶完成,1,0.0000,0.150,0.330
4791.912,SEEK_CROSSWALK,49.255,0,3.669,0.0000,0.0000,vision,3.669,line_lost_stop,0.0000,0.0000,0,line_too_few_bands,0.0000,0.0000,0.0000,0.0000,0.0000,0,0.0000,0.0000,0.0000,0.0000,0.0000,IDLE,1,0,step_done_latches_cleared,0,0,0.000,0,nan,nan,nan,0.0000,0,5,0.6050,0.5698,0.4909,0.5698,0.0352,本圈台阶完成,1,0.0000,0.150,0.330
4792.036,SEEK_CROSSWALK,49.379,0,3.669,0.0000,0.0000,vision,3.669,line_lost_stop,0.0000,0.0000,0,line_too_few_bands,0.0000,0.0000,0.0000,0.0000,0.0000,0,0.0000,0.0000,0.0000,0.0000,0.0000,IDLE,1,0,step_done_latches_cleared,0,0,0.000,0,nan,nan,nan,0.0000,0,5,0.6050,0.5698,0.4909,0.5698,0.0352,本圈台阶完成,1,0.0000,0.150,0.330
4792.159,SEEK_CROSSWALK,49.502,0,3.669,0.0000,0.0000,vision,3.669,line_lost_stop,0.0000,0.0000,0,line_too_few_bands,0.0000,0.0000,0.0000,0.0000,0.0000,0,0.0000,0.0000,0.0000,0.0000,0.0000,IDLE,1,0,step_done_latches_cleared,0,0,0.000,0,nan,nan,nan,0.0000,0,5,0.6050,0.5698,0.4909,0.5698,0.0352,本圈台阶完成,1,0.0000,0.150,0.330
4792.284,SEEK_CROSSWALK,49.627,0,3.669,0.0000,0.0000,vision,3.669,line_lost_stop,0.0000,0.0000,0,line_too_few_bands,0.0000,0.0000,0.0000,0.0000,0.0000,0,0.0000,0.0000,0.0000,0.0000,0.0000,IDLE,1,0,step_done_latches_cleared,0,0,0.000,0,nan,nan,nan,0.0000,0,5,0.6050,0.5698,0.4909,0.5698,0.0352,本圈台阶完成,1,0.0000,0.150,0.330
4792.407,SEEK_CROSSWALK,49.750,0,3.669,0.0000,0.0000,vision,3.669,line_lost_stop,0.0000,0.0000,0,line_too_few_bands,0.0000,0.0000,0.0000,0.0000,0.0000,0,0.0000,0.0000,0.0000,0.0000,0.0000,IDLE,1,0,step_done_latches_cleared,0,0,0.000,0,nan,nan,nan,0.0000,0,5,0.6050,0.5698,0.4909,0.5698,0.0352,本圈台阶完成,1,0.0000,0.150,0.330
4792.544,SEEK_CROSSWALK,49.887,0,3.669,0.0000,0.0000,vision,3.669,line_lost_stop,0.0000,0.0000,0,line_too_few_bands,0.0000,0.0000,0.0000,0.0000,0.0000,0,0.0000,0.0000,0.0000,0.0000,0.0000,IDLE,1,0,step_done_latches_cleared,0,0,0.000,0,nan,nan,nan,0.0000,0,5,0.6050,0.5698,0.4909,0.5698,0.0352,本圈台阶完成,1,0.0000,0.150,0.330
4792.671,SEEK_CROSSWALK,50.014,0,3.669,0.0000,0.0000,vision,3.669,line_lost_stop,0.0000,0.0000,0,line_too_few_bands,0.0000,0.0000,0.0000,0.0000,0.0000,0,0.0000,0.0000,0.0000,0.0000,0.0000,IDLE,1,0,step_done_latches_cleared,0,0,0.000,0,nan,nan,nan,0.0000,0,5,0.6050,0.5698,0.4909,0.5698,0.0352,本圈台阶完成,1,0.0000,0.150,0.330
4792.800,SEEK_CROSSWALK,50.143,0,3.669,0.0000,0.0000,vision,3.669,line_lost_stop,0.0000,0.0000,0,line_too_few_bands,0.0000,0.0000,0.0000,0.0000,0.0000,0,0.0000,0.0000,0.0000,0.0000,0.0000,IDLE,1,0,step_done_latches_cleared,0,0,0.000,0,nan,nan,nan,0.0000,0,5,0.6050,0.5698,0.4909,0.5698,0.0352,本圈台阶完成,1,0.0000,0.150,0.330
4792.933,SEEK_CROSSWALK,50.275,0,3.669,0.0000,0.0000,vision,3.669,line_lost_stop,0.0000,0.0000,0,line_too_few_bands,0.0000,0.0000,0.0000,0.0000,0.0000,0,0.0000,0.0000,0.0000,0.0000,0.0000,IDLE,1,0,step_done_latches_cleared,0,0,0.000,0,nan,nan,nan,0.0000,0,5,0.6050,0.5698,0.4909,0.5698,0.0352,本圈台阶完成,1,0.0000,0.150,0.330
4793.064,SEEK_CROSSWALK,50.407,0,3.669,0.0000,0.0000,vision,3.669,line_lost_stop,0.0000,0.0000,0,line_too_few_bands,0.0000,0.0000,0.0000,0.0000,0.0000,0,0.0000,0.0000,0.0000,0.0000,0.0000,IDLE,1,0,step_done_latches_cleared,0,0,0.000,0,nan,nan,nan,0.0000,0,5,0.6050,0.5698,0.4909,0.5698,0.0352,本圈台阶完成,1,0.0000,0.150,0.330
4793.198,SEEK_CROSSWALK,50.541,0,3.669,0.0000,0.0000,vision,3.669,line_lost_stop,0.0000,0.0000,0,line_too_few_bands,0.0000,0.0000,0.0000,0.0000,0.0000,0,0.0000,0.0000,0.0000,0.0000,0.0000,IDLE,1,0,step_done_latches_cleared,0,0,0.000,0,nan,nan,nan,0.0000,0,5,0.6050,0.5698,0.4909,0.5698,0.0352,本圈台阶完成,1,0.0000,0.150,0.330
4793.323,SEEK_CROSSWALK,50.666,0,3.669,0.0000,0.0000,vision,3.669,line_lost_stop,0.0000,0.0000,0,line_too_few_bands,0.0000,0.0000,0.0000,0.0000,0.0000,0,0.0000,0.0000,0.0000,0.0000,0.0000,IDLE,1,0,step_done_latches_cleared,0,0,0.000,0,nan,nan,nan,0.0000,0,5,0.6050,0.5698,0.4909,0.5698,0.0352,本圈台阶完成,1,0.0000,0.150,0.330
4793.452,SEEK_CROSSWALK,50.795,0,3.669,0.0000,0.0000,vision,3.669,line_lost_stop,0.0000,0.0000,0,line_too_few_bands,0.0000,0.0000,0.0000,0.0000,0.0000,0,0.0000,0.0000,0.0000,0.0000,0.0000,IDLE,1,0,step_done_latches_cleared,0,0,0.000,0,nan,nan,nan,0.0000,0,5,0.6050,0.5698,0.4909,0.5698,0.0352,本圈台阶完成,1,0.0000,0.150,0.330
4793.588,SEEK_CROSSWALK,50.931,0,3.669,0.0000,0.0000,vision,3.669,line_lost_stop,0.0000,0.0000,0,line_too_few_bands,0.0000,0.0000,0.0000,0.0000,0.0000,0,0.0000,0.0000,0.0000,0.0000,0.0000,IDLE,1,0,step_done_latches_cleared,0,0,0.000,0,nan,nan,nan,0.0000,0,5,0.6050,0.5698,0.4909,0.5698,0.0352,本圈台阶完成,1,0.0000,0.150,0.330
4793.714,SEEK_CROSSWALK,51.057,0,3.669,0.0000,0.0000,vision,3.669,line_lost_stop,0.0000,0.0000,0,line_too_few_bands,0.0000,0.0000,0.0000,0.0000,0.0000,0,0.0000,0.0000,0.0000,0.0000,0.0000,IDLE,1,0,step_done_latches_cleared,0,0,0.000,0,nan,nan,nan,0.0000,0,5,0.6050,0.5698,0.4909,0.5698,0.0352,本圈台阶完成,1,0.0000,0.150,0.330
4793.852,SEEK_CROSSWALK,51.195,0,3.669,0.0000,0.0000,vision,3.669,line_lost_stop,0.0000,0.0000,0,line_too_few_bands,0.0000,0.0000,0.0000,0.0000,0.0000,0,0.0000,0.0000,0.0000,0.0000,0.0000,IDLE,1,0,step_done_latches_cleared,0,0,0.000,0,nan,nan,nan,0.0000,0,5,0.6050,0.5698,0.4909,0.5698,0.0352,本圈台阶完成,1,0.0000,0.150,0.330
4793.983,SEEK_CROSSWALK,51.326,0,3.669,0.0000,0.0000,vision,3.669,line_lost_stop,0.0000,0.0000,0,line_too_few_bands,0.0000,0.0000,0.0000,0.0000,0.0000,0,0.0000,0.0000,0.0000,0.0000,0.0000,IDLE,1,0,step_done_latches_cleared,0,0,0.000,0,nan,nan,nan,0.0000,0,5,0.6050,0.5698,0.4909,0.5698,0.0352,本圈台阶完成,1,0.0000,0.150,0.330
4794.116,SEEK_CROSSWALK,51.459,0,3.669,0.0000,0.0000,vision,3.669,line_lost_stop,0.0000,0.0000,0,line_too_few_bands,0.0000,0.0000,0.0000,0.0000,0.0000,0,0.0000,0.0000,0.0000,0.0000,0.0000,IDLE,1,0,step_done_latches_cleared,0,0,0.000,0,nan,nan,nan,0.0000,0,5,0.6050,0.5698,0.4909,0.5698,0.0352,本圈台阶完成,1,0.0000,0.150,0.330
4794.252,SEEK_CROSSWALK,51.595,0,3.669,0.0000,0.0000,vision,3.669,line_lost_stop,0.0000,0.0000,0,line_too_few_bands,0.0000,0.0000,0.0000,0.0000,0.0000,0,0.0000,0.0000,0.0000,0.0000,0.0000,IDLE,1,0,step_done_latches_cleared,0,0,0.000,0,nan,nan,nan,0.0000,0,5,0.6050,0.5698,0.4909,0.5698,0.0352,本圈台阶完成,1,0.0000,0.150,0.330
4794.376,SEEK_CROSSWALK,51.719,0,3.669,0.0000,0.0000,vision,3.669,line_lost_stop,0.0000,0.0000,0,line_too_few_bands,0.0000,0.0000,0.0000,0.0000,0.0000,0,0.0000,0.0000,0.0000,0.0000,0.0000,IDLE,1,0,step_done_latches_cleared,0,0,0.000,0,nan,nan,nan,0.0000,0,5,0.6050,0.5698,0.4909,0.5698,0.0352,本圈台阶完成,1,0.0000,0.150,0.330
4794.505,SEEK_CROSSWALK,51.848,0,3.669,0.0000,0.0000,vision,3.669,line_lost_stop,0.0000,0.0000,0,line_too_few_bands,0.0000,0.0000,0.0000,0.0000,0.0000,0,0.0000,0.0000,0.0000,0.0000,0.0000,IDLE,1,0,step_done_latches_cleared,0,0,0.000,0,nan,nan,nan,0.0000,0,5,0.6050,0.5698,0.4909,0.5698,0.0352,本圈台阶完成,1,0.0000,0.150,0.330
4794.635,SEEK_CROSSWALK,51.978,0,3.669,0.0000,0.0000,vision,3.669,line_lost_stop,0.0000,0.0000,0,line_too_few_bands,0.0000,0.0000,0.0000,0.0000,0.0000,0,0.0000,0.0000,0.0000,0.0000,0.0000,IDLE,1,0,step_done_latches_cleared,0,0,0.000,0,nan,nan,nan,0.0000,0,5,0.6050,0.5698,0.4909,0.5698,0.0352,本圈台阶完成,1,0.0000,0.150,0.330
4794.771,SEEK_CROSSWALK,52.114,0,3.669,0.0000,0.0000,vision,3.669,line_lost_stop,0.0000,0.0000,0,line_too_few_bands,0.0000,0.0000,0.0000,0.0000,0.0000,0,0.0000,0.0000,0.0000,0.0000,0.0000,IDLE,1,0,step_done_latches_cleared,0,0,0.000,0,nan,nan,nan,0.0000,0,5,0.6050,0.5698,0.4909,0.5698,0.0352,本圈台阶完成,1,0.0000,0.150,0.330
4794.910,SEEK_CROSSWALK,52.253,0,3.669,0.0000,0.0000,vision,3.669,line_lost_stop,0.0000,0.0000,0,line_too_few_bands,0.0000,0.0000,0.0000,0.0000,0.0000,0,0.0000,0.0000,0.0000,0.0000,0.0000,IDLE,1,0,step_done_latches_cleared,0,0,0.000,0,nan,nan,nan,0.0000,0,5,0.6050,0.5698,0.4909,0.5698,0.0352,本圈台阶完成,1,0.0000,0.150,0.330
4795.042,SEEK_CROSSWALK,52.385,0,3.669,0.0000,0.0000,vision,3.669,line_lost_stop,0.0000,0.0000,0,line_too_few_bands,0.0000,0.0000,0.0000,0.0000,0.0000,0,0.0000,0.0000,0.0000,0.0000,0.0000,IDLE,1,0,step_done_latches_cleared,0,0,0.000,0,nan,nan,nan,0.0000,0,5,0.6050,0.5698,0.4909,0.5698,0.0352,本圈台阶完成,1,0.0000,0.150,0.330
4795.192,SEEK_CROSSWALK,52.535,0,3.669,0.0000,0.0000,vision,3.669,line_lost_stop,0.0000,0.0000,0,line_too_few_bands,0.0000,0.0000,0.0000,0.0000,0.0000,0,0.0000,0.0000,0.0000,0.0000,0.0000,IDLE,1,0,step_done_latches_cleared,0,0,0.000,0,nan,nan,nan,0.0000,0,5,0.6050,0.5698,0.4909,0.5698,0.0352,本圈台阶完成,1,0.0000,0.150,0.330
4795.320,SEEK_CROSSWALK,52.663,0,3.669,0.0000,0.0000,vision,3.669,line_lost_stop,0.0000,0.0000,0,line_too_few_bands,0.0000,0.0000,0.0000,0.0000,0.0000,0,0.0000,0.0000,0.0000,0.0000,0.0000,IDLE,1,0,step_done_latches_cleared,0,0,0.000,0,nan,nan,nan,0.0000,0,5,0.6050,0.5698,0.4909,0.5698,0.0352,本圈台阶完成,1,0.0000,0.150,0.330
4795.446,SEEK_CROSSWALK,52.789,0,3.669,0.0000,0.0000,vision,3.669,line_lost_stop,0.0000,0.0000,0,line_too_few_bands,0.0000,0.0000,0.0000,0.0000,0.0000,0,0.0000,0.0000,0.0000,0.0000,0.0000,IDLE,1,0,step_done_latches_cleared,0,0,0.000,0,nan,nan,nan,0.0000,0,5,0.6050,0.5698,0.4909,0.5698,0.0352,本圈台阶完成,1,0.0000,0.150,0.330
4795.599,SEEK_CROSSWALK,52.941,0,3.669,0.0000,0.0000,vision,3.669,line_lost_stop,0.0000,0.0000,0,line_too_few_bands,0.0000,0.0000,0.0000,0.0000,0.0000,0,0.0000,0.0000,0.0000,0.0000,0.0000,IDLE,1,0,step_done_latches_cleared,0,0,0.000,0,nan,nan,nan,0.0000,0,5,0.6050,0.5698,0.4909,0.5698,0.0352,本圈台阶完成,1,0.0000,0.150,0.330
4795.781,SEEK_CROSSWALK,53.124,0,3.669,0.0000,0.0000,vision,3.669,line_lost_stop,0.0000,0.0000,0,line_too_few_bands,0.0000,0.0000,0.0000,0.0000,0.0000,0,0.0000,0.0000,0.0000,0.0000,0.0000,IDLE,1,0,step_done_latches_cleared,0,0,0.000,0,nan,nan,nan,0.0000,0,5,0.6050,0.5698,0.4909,0.5698,0.0352,本圈台阶完成,1,0.0000,0.150,0.330
4795.931,SEEK_CROSSWALK,53.274,0,3.669,0.0000,0.0000,vision,3.669,line_lost_stop,0.0000,0.0000,0,line_too_few_bands,0.0000,0.0000,0.0000,0.0000,0.0000,0,0.0000,0.0000,0.0000,0.0000,0.0000,IDLE,1,0,step_done_latches_cleared,0,0,0.000,0,nan,nan,nan,0.0000,0,5,0.6050,0.5698,0.4909,0.5698,0.0352,本圈台阶完成,1,0.0000,0.150,0.330
4796.068,SEEK_CROSSWALK,53.411,0,3.669,0.0000,0.0000,vision,3.669,line_lost_stop,0.0000,0.0000,0,line_too_few_bands,0.0000,0.0000,0.0000,0.0000,0.0000,0,0.0000,0.0000,0.0000,0.0000,0.0000,IDLE,1,0,step_done_latches_cleared,0,0,0.000,0,nan,nan,nan,0.0000,0,5,0.6050,0.5698,0.4909,0.5698,0.0352,本圈台阶完成,1,0.0000,0.150,0.330
4796.212,SEEK_CROSSWALK,53.555,0,3.669,0.0000,0.0000,vision,3.669,line_lost_stop,0.0000,0.0000,0,line_too_few_bands,0.0000,0.0000,0.0000,0.0000,0.0000,0,0.0000,0.0000,0.0000,0.0000,0.0000,IDLE,1,0,step_done_latches_cleared,0,0,0.000,0,nan,nan,nan,0.0000,0,5,0.6050,0.5698,0.4909,0.5698,0.0352,本圈台阶完成,1,0.0000,0.150,0.330
4796.353,SEEK_CROSSWALK,53.696,0,3.669,0.0000,0.0000,vision,3.669,line_lost_stop,0.0000,0.0000,0,line_too_few_bands,0.0000,0.0000,0.0000,0.0000,0.0000,0,0.0000,0.0000,0.0000,0.0000,0.0000,IDLE,1,0,step_done_latches_cleared,0,0,0.000,0,nan,nan,nan,0.0000,0,5,0.6050,0.5698,0.4909,0.5698,0.0352,本圈台阶完成,1,0.0000,0.150,0.330
4796.487,SEEK_CROSSWALK,53.830,0,3.669,0.0000,0.0000,vision,3.669,line_lost_stop,0.0000,0.0000,0,line_too_few_bands,0.0000,0.0000,0.0000,0.0000,0.0000,0,0.0000,0.0000,0.0000,0.0000,0.0000,IDLE,1,0,step_done_latches_cleared,0,0,0.000,0,nan,nan,nan,0.0000,0,5,0.6050,0.5698,0.4909,0.5698,0.0352,本圈台阶完成,1,0.0000,0.150,0.330
4796.632,SEEK_CROSSWALK,53.975,0,3.669,0.0000,0.0000,vision,3.669,line_lost_stop,0.0000,0.0000,0,line_too_few_bands,0.0000,0.0000,0.0000,0.0000,0.0000,0,0.0000,0.0000,0.0000,0.0000,0.0000,IDLE,1,0,step_done_latches_cleared,0,0,0.000,0,nan,nan,nan,0.0000,0,5,0.6050,0.5698,0.4909,0.5698,0.0352,本圈台阶完成,1,0.0000,0.150,0.330
4796.791,SEEK_CROSSWALK,54.134,0,3.669,0.0000,0.0000,vision,3.669,line_lost_stop,0.0000,0.0000,0,line_too_few_bands,0.0000,0.0000,0.0000,0.0000,0.0000,0,0.0000,0.0000,0.0000,0.0000,0.0000,IDLE,1,0,step_done_latches_cleared,0,0,0.000,0,nan,nan,nan,0.0000,0,5,0.6050,0.5698,0.4909,0.5698,0.0352,本圈台阶完成,1,0.0000,0.150,0.330
4796.933,SEEK_CROSSWALK,54.276,0,3.669,0.0000,0.0000,vision,3.669,line_lost_stop,0.0000,0.0000,0,line_too_few_bands,0.0000,0.0000,0.0000,0.0000,0.0000,0,0.0000,0.0000,0.0000,0.0000,0.0000,IDLE,1,0,step_done_latches_cleared,0,0,0.000,0,nan,nan,nan,0.0000,0,5,0.6050,0.5698,0.4909,0.5698,0.0352,本圈台阶完成,1,0.0000,0.150,0.330
4797.079,SEEK_CROSSWALK,54.422,0,3.669,0.0000,0.0000,vision,3.669,line_lost_stop,0.0000,0.0000,0,line_too_few_bands,0.0000,0.0000,0.0000,0.0000,0.0000,0,0.0000,0.0000,0.0000,0.0000,0.0000,IDLE,1,0,step_done_latches_cleared,0,0,0.000,0,nan,nan,nan,0.0000,0,5,0.6050,0.5698,0.4909,0.5698,0.0352,本圈台阶完成,1,0.0000,0.150,0.330
4797.227,SEEK_CROSSWALK,54.570,0,3.669,0.0000,0.0000,vision,3.669,line_lost_stop,0.0000,0.0000,0,line_too_few_bands,0.0000,0.0000,0.0000,0.0000,0.0000,0,0.0000,0.0000,0.0000,0.0000,0.0000,IDLE,1,0,step_done_latches_cleared,0,0,0.000,0,nan,nan,nan,0.0000,0,5,0.6050,0.5698,0.4909,0.5698,0.0352,本圈台阶完成,1,0.0000,0.150,0.330
4797.355,SEEK_CROSSWALK,54.697,0,3.669,0.0000,0.0000,vision,3.669,line_lost_stop,0.0000,0.0000,0,line_too_few_bands,0.0000,0.0000,0.0000,0.0000,0.0000,0,0.0000,0.0000,0.0000,0.0000,0.0000,IDLE,1,0,step_done_latches_cleared,0,0,0.000,0,nan,nan,nan,0.0000,0,5,0.6050,0.5698,0.4909,0.5698,0.0352,本圈台阶完成,1,0.0000,0.150,0.330
4797.490,SEEK_CROSSWALK,54.833,0,3.669,0.0000,0.0000,vision,3.669,line_lost_stop,0.0000,0.0000,0,line_too_few_bands,0.0000,0.0000,0.0000,0.0000,0.0000,0,0.0000,0.0000,0.0000,0.0000,0.0000,IDLE,1,0,step_done_latches_cleared,0,0,0.000,0,nan,nan,nan,0.0000,0,5,0.6050,0.5698,0.4909,0.5698,0.0352,本圈台阶完成,1,0.0000,0.150,0.330
4797.625,SEEK_CROSSWALK,54.968,0,3.669,0.0000,0.0000,vision,3.669,line_lost_stop,0.0000,0.0000,0,line_too_few_bands,0.0000,0.0000,0.0000,0.0000,0.0000,0,0.0000,0.0000,0.0000,0.0000,0.0000,IDLE,1,0,step_done_latches_cleared,0,0,0.000,0,nan,nan,nan,0.0000,0,5,0.6050,0.5698,0.4909,0.5698,0.0352,本圈台阶完成,1,0.0000,0.150,0.330
4797.715,SEEK_CROSSWALK,55.057,0,3.669,0.0000,0.0000,vision,3.669,line_lost_stop,0.0000,0.0000,0,line_too_few_bands,0.0000,0.0000,0.0000,0.0000,0.0000,0,0.0000,0.0000,0.0000,0.0000,0.0000,IDLE,1,0,step_done_latches_cleared,0,0,0.000,0,nan,nan,nan,0.0000,0,5,0.6050,0.5698,0.4909,0.5698,0.0352,本圈台阶完成,1,0.0000,0.150,0.330
4797.850,SEEK_CROSSWALK,55.193,0,3.669,0.0000,0.0000,vision,3.669,line_lost_stop,0.0000,0.0000,0,line_too_few_bands,0.0000,0.0000,0.0000,0.0000,0.0000,0,0.0000,0.0000,0.0000,0.0000,0.0000,IDLE,1,0,step_done_latches_cleared,0,0,0.000,0,nan,nan,nan,0.0000,0,5,0.6050,0.5698,0.4909,0.5698,0.0352,本圈台阶完成,1,0.0000,0.150,0.330
4797.980,SEEK_CROSSWALK,55.323,0,3.669,0.0000,0.0000,vision,3.669,line_lost_stop,0.0000,0.0000,0,line_too_few_bands,0.0000,0.0000,0.0000,0.0000,0.0000,0,0.0000,0.0000,0.0000,0.0000,0.0000,IDLE,1,0,step_done_latches_cleared,0,0,0.000,0,nan,nan,nan,0.0000,0,5,0.6050,0.5698,0.4909,0.5698,0.0352,本圈台阶完成,1,0.0000,0.150,0.330
4798.113,SEEK_CROSSWALK,55.456,0,3.669,0.0000,0.0000,vision,3.669,line_lost_stop,0.0000,0.0000,0,line_too_few_bands,0.0000,0.0000,0.0000,0.0000,0.0000,0,0.0000,0.0000,0.0000,0.0000,0.0000,IDLE,1,0,step_done_latches_cleared,0,0,0.000,0,nan,nan,nan,0.0000,0,5,0.6050,0.5698,0.4909,0.5698,0.0352,本圈台阶完成,1,0.0000,0.150,0.330
4798.247,SEEK_CROSSWALK,55.590,0,3.669,0.0000,0.0000,vision,3.669,line_lost_stop,0.0000,0.0000,0,line_too_few_bands,0.0000,0.0000,0.0000,0.0000,0.0000,0,0.0000,0.0000,0.0000,0.0000,0.0000,IDLE,1,0,step_done_latches_cleared,0,0,0.000,0,nan,nan,nan,0.0000,0,5,0.6050,0.5698,0.4909,0.5698,0.0352,本圈台阶完成,1,0.0000,0.150,0.330
4798.382,SEEK_CROSSWALK,55.725,0,3.669,0.0000,0.0000,vision,3.669,line_lost_stop,0.0000,0.0000,0,line_too_few_bands,0.0000,0.0000,0.0000,0.0000,0.0000,0,0.0000,0.0000,0.0000,0.0000,0.0000,IDLE,1,0,step_done_latches_cleared,0,0,0.000,0,nan,nan,nan,0.0000,0,5,0.6050,0.5698,0.4909,0.5698,0.0352,本圈台阶完成,1,0.0000,0.150,0.330
4798.512,SEEK_CROSSWALK,55.855,0,3.669,0.0000,0.0000,vision,3.669,line_lost_stop,0.0000,0.0000,0,line_too_few_bands,0.0000,0.0000,0.0000,0.0000,0.0000,0,0.0000,0.0000,0.0000,0.0000,0.0000,IDLE,1,0,step_done_latches_cleared,0,0,0.000,0,nan,nan,nan,0.0000,0,5,0.6050,0.5698,0.4909,0.5698,0.0352,本圈台阶完成,1,0.0000,0.150,0.330
4798.648,SEEK_CROSSWALK,55.990,0,3.669,0.0000,0.0000,vision,3.669,line_lost_stop,0.0000,0.0000,0,line_too_few_bands,0.0000,0.0000,0.0000,0.0000,0.0000,0,0.0000,0.0000,0.0000,0.0000,0.0000,IDLE,1,0,step_done_latches_cleared,0,0,0.000,0,nan,nan,nan,0.0000,0,5,0.6050,0.5698,0.4909,0.5698,0.0352,本圈台阶完成,1,0.0000,0.150,0.330
4798.774,SEEK_CROSSWALK,56.117,0,3.669,0.0000,0.0000,vision,3.669,line_lost_stop,0.0000,0.0000,0,line_too_few_bands,0.0000,0.0000,0.0000,0.0000,0.0000,0,0.0000,0.0000,0.0000,0.0000,0.0000,IDLE,1,0,step_done_latches_cleared,0,0,0.000,0,nan,nan,nan,0.0000,0,5,0.6050,0.5698,0.4909,0.5698,0.0352,本圈台阶完成,1,0.0000,0.150,0.330
4798.911,SEEK_CROSSWALK,56.254,0,3.669,0.0000,0.0000,vision,3.669,line_lost_stop,0.0000,0.0000,0,line_too_few_bands,0.0000,0.0000,0.0000,0.0000,0.0000,0,0.0000,0.0000,0.0000,0.0000,0.0000,IDLE,1,0,step_done_latches_cleared,0,0,0.000,0,nan,nan,nan,0.0000,0,5,0.6050,0.5698,0.4909,0.5698,0.0352,本圈台阶完成,1,0.0000,0.150,0.330
4799.038,SEEK_CROSSWALK,56.381,0,3.669,0.0000,0.0000,vision,3.669,line_lost_stop,0.0000,0.0000,0,line_too_few_bands,0.0000,0.0000,0.0000,0.0000,0.0000,0,0.0000,0.0000,0.0000,0.0000,0.0000,IDLE,1,0,step_done_latches_cleared,0,0,0.000,0,nan,nan,nan,0.0000,0,5,0.6050,0.5698,0.4909,0.5698,0.0352,本圈台阶完成,1,0.0000,0.150,0.330
4799.175,SEEK_CROSSWALK,56.518,0,3.669,0.0000,0.0000,vision,3.669,line_lost_stop,0.0000,0.0000,0,line_too_few_bands,0.0000,0.0000,0.0000,0.0000,0.0000,0,0.0000,0.0000,0.0000,0.0000,0.0000,IDLE,1,0,step_done_latches_cleared,0,0,0.000,0,nan,nan,nan,0.0000,0,5,0.6050,0.5698,0.4909,0.5698,0.0352,本圈台阶完成,1,0.0000,0.150,0.330
4799.308,SEEK_CROSSWALK,56.651,0,3.669,0.0000,0.0000,vision,3.669,line_lost_stop,0.0000,0.0000,0,line_too_few_bands,0.0000,0.0000,0.0000,0.0000,0.0000,0,0.0000,0.0000,0.0000,0.0000,0.0000,IDLE,1,0,step_done_latches_cleared,0,0,0.000,0,nan,nan,nan,0.0000,0,5,0.6050,0.5698,0.4909,0.5698,0.0352,本圈台阶完成,1,0.0000,0.150,0.330
4799.437,SEEK_CROSSWALK,56.779,0,3.669,0.0000,0.0000,vision,3.669,line_lost_stop,0.0000,0.0000,0,line_too_few_bands,0.0000,0.0000,0.0000,0.0000,0.0000,0,0.0000,0.0000,0.0000,0.0000,0.0000,IDLE,1,0,step_done_latches_cleared,0,0,0.000,0,nan,nan,nan,0.0000,0,5,0.6050,0.5698,0.4909,0.5698,0.0352,本圈台阶完成,1,0.0000,0.150,0.330
4799.559,SEEK_CROSSWALK,56.902,0,3.669,0.0000,0.0000,vision,3.669,line_lost_stop,0.0000,0.0000,0,line_too_few_bands,0.0000,0.0000,0.0000,0.0000,0.0000,0,0.0000,0.0000,0.0000,0.0000,0.0000,IDLE,1,0,step_done_latches_cleared,0,0,0.000,0,nan,nan,nan,0.0000,0,5,0.6050,0.5698,0.4909,0.5698,0.0352,本圈台阶完成,1,0.0000,0.150,0.330
