t,phase,phase_age,lap,seek_distance,roundabout_gate_score,roundabout_gate_evidence,roundabout_gate_source,first_roundabout_gate_seek,roundabout_gate_first_seen_seek,roundabout_approach_compensation,roundabout_entry_age,roundabout_entry_disp,mode,cmd_v,cmd_w,line_valid,line_reason,line_error,near_error,mid_error,far_error,line_confidence,valid_bands,crosswalk_detected,crosswalk_score,yellow_detected,yellow_score,near_mid_delta,mid_far_delta,near_far_delta,center_error,last_cmd_w,step_state,step_done_this_lap,step_waiting_alignment,step_align_reason,step_fixed_latched,step_reverse_active,step_candidate_evidence,step_detected,step_distance,step_filtered_distance,step_height,step_confidence,step_pose_valid,step_edge_angle_rad,step_lateral_offset_m,step_confirm_frames,step_required_frames,step_target_travel,step_commanded_traveled,step_odom_traveled,step_trigger_traveled,step_remaining,step_stop_reason,odom_fresh,yaw_error,jump_profile_min,jump_profile_max
3555.478,SEEK_ROUNDABOUT,4.373,0,0.000,0.0000,0.0000,none,,,0.000,,,camera_timeout,0.0000,0.0000,0,,nan,nan,nan,nan,0.0000,0,0,0.0000,0,0.0000,nan,nan,nan,nan,0.0000,IDLE,0,0,waiting_detection,0,0,0.000,0,nan,nan,nan,0.0000,0,nan,nan,0,5,0.0000,0.0000,0.0000,0.0000,0.0000,等待台阶,1,0.0000,0.150,0.330
3555.545,SEEK_ROUNDABOUT,4.440,0,0.000,0.0000,0.0000,none,,,0.000,,,camera_timeout,0.0000,0.0000,0,,nan,nan,nan,nan,0.0000,0,0,0.0000,0,0.0000,nan,nan,nan,nan,0.0000,IDLE,0,0,waiting_detection,0,0,0.000,0,nan,nan,nan,0.0000,0,nan,nan,0,5,0.0000,0.0000,0.0000,0.0000,0.0000,等待台阶,1,0.0000,0.150,0.330
3555.611,SEEK_ROUNDABOUT,4.506,0,0.000,0.0000,0.0000,none,,,0.000,,,camera_timeout,0.0000,0.0000,0,,nan,nan,nan,nan,0.0000,0,0,0.0000,0,0.0000,nan,nan,nan,nan,0.0000,IDLE,0,0,waiting_detection,0,0,0.000,0,nan,nan,nan,0.0000,0,nan,nan,0,5,0.0000,0.0000,0.0000,0.0000,0.0000,等待台阶,1,0.0000,0.150,0.330
3555.678,SEEK_ROUNDABOUT,4.573,0,0.000,0.0000,0.0000,none,,,0.000,,,camera_timeout,0.0000,0.0000,0,,nan,nan,nan,nan,0.0000,0,0,0.0000,0,0.0000,nan,nan,nan,nan,0.0000,IDLE,0,0,waiting_detection,0,0,0.000,0,nan,nan,nan,0.0000,0,nan,nan,0,5,0.0000,0.0000,0.0000,0.0000,0.0000,等待台阶,1,0.0000,0.150,0.330
3555.745,SEEK_ROUNDABOUT,4.640,0,0.000,0.0000,0.0000,none,,,0.000,,,camera_timeout,0.0000,0.0000,0,,nan,nan,nan,nan,0.0000,0,0,0.0000,0,0.0000,nan,nan,nan,nan,0.0000,IDLE,0,0,waiting_detection,0,0,0.000,0,nan,nan,nan,0.0000,0,nan,nan,0,5,0.0000,0.0000,0.0000,0.0000,0.0000,等待台阶,1,0.0000,0.150,0.330
3555.812,SEEK_ROUNDABOUT,4.707,0,0.000,0.0000,0.0000,none,,,0.000,,,camera_timeout,0.0000,0.0000,0,,nan,nan,nan,nan,0.0000,0,0,0.0000,0,0.0000,nan,nan,nan,nan,0.0000,IDLE,0,0,waiting_detection,0,0,0.000,0,nan,nan,nan,0.0000,0,nan,nan,0,5,0.0000,0.0000,0.0000,0.0000,0.0000,等待台阶,1,0.0000,0.150,0.330
3555.878,SEEK_ROUNDABOUT,4.773,0,0.000,0.0000,0.0000,none,,,0.000,,,camera_timeout,0.0000,0.0000,0,,nan,nan,nan,nan,0.0000,0,0,0.0000,0,0.0000,nan,nan,nan,nan,0.0000,IDLE,0,0,waiting_detection,0,0,0.000,0,nan,nan,nan,0.0000,0,nan,nan,0,5,0.0000,0.0000,0.0000,0.0000,0.0000,等待台阶,1,0.0000,0.150,0.330
3555.945,SEEK_ROUNDABOUT,4.840,0,0.000,0.0000,0.0000,none,,,0.000,,,camera_timeout,0.0000,0.0000,0,,nan,nan,nan,nan,0.0000,0,0,0.0000,0,0.0000,nan,nan,nan,nan,0.0000,IDLE,0,0,waiting_detection,0,0,0.000,0,nan,nan,nan,0.0000,0,nan,nan,0,5,0.0000,0.0000,0.0000,0.0000,0.0000,等待台阶,1,0.0000,0.150,0.330
3556.011,SEEK_ROUNDABOUT,4.906,0,0.000,0.0000,0.0000,none,,,0.000,,,camera_timeout,0.0000,0.0000,0,,nan,nan,nan,nan,0.0000,0,0,0.0000,0,0.0000,nan,nan,nan,nan,0.0000,IDLE,0,0,waiting_detection,0,0,0.000,0,nan,nan,nan,0.0000,0,nan,nan,0,5,0.0000,0.0000,0.0000,0.0000,0.0000,等待台阶,1,0.0000,0.150,0.330
3556.078,SEEK_ROUNDABOUT,4.973,0,0.000,0.0000,0.0000,none,,,0.000,,,camera_timeout,0.0000,0.0000,0,,nan,nan,nan,nan,0.0000,0,0,0.0000,0,0.0000,nan,nan,nan,nan,0.0000,IDLE,0,0,waiting_detection,0,0,0.000,0,nan,nan,nan,0.0000,0,nan,nan,0,5,0.0000,0.0000,0.0000,0.0000,0.0000,等待台阶,1,0.0000,0.150,0.330
3556.145,SEEK_ROUNDABOUT,5.040,0,0.000,0.0000,0.0000,none,,,0.000,,,camera_timeout,0.0000,0.0000,0,,nan,nan,nan,nan,0.0000,0,0,0.0000,0,0.0000,nan,nan,nan,nan,0.0000,IDLE,0,0,waiting_detection,0,0,0.000,0,nan,nan,nan,0.0000,0,nan,nan,0,5,0.0000,0.0000,0.0000,0.0000,0.0000,等待台阶,1,0.0000,0.150,0.330
3556.213,SEEK_ROUNDABOUT,5.108,0,0.000,0.0000,0.0000,none,,,0.000,,,camera_timeout,0.0000,0.0000,0,,nan,nan,nan,nan,0.0000,0,0,0.0000,0,0.0000,nan,nan,nan,nan,0.0000,IDLE,0,0,waiting_detection,0,0,0.000,0,nan,nan,nan,0.0000,0,nan,nan,0,5,0.0000,0.0000,0.0000,0.0000,0.0000,等待台阶,1,0.0000,0.150,0.330
3556.279,SEEK_ROUNDABOUT,5.174,0,0.000,0.0000,0.0000,none,,,0.000,,,camera_timeout,0.0000,0.0000,0,,nan,nan,nan,nan,0.0000,0,0,0.0000,0,0.0000,nan,nan,nan,nan,0.0000,IDLE,0,0,waiting_detection,0,0,0.000,0,nan,nan,nan,0.0000,0,nan,nan,0,5,0.0000,0.0000,0.0000,0.0000,0.0000,等待台阶,1,0.0000,0.150,0.330
3556.345,SEEK_ROUNDABOUT,5.240,0,0.000,0.0000,0.0000,none,,,0.000,,,camera_timeout,0.0000,0.0000,0,,nan,nan,nan,nan,0.0000,0,0,0.0000,0,0.0000,nan,nan,nan,nan,0.0000,IDLE,0,0,waiting_detection,0,0,0.000,0,nan,nan,nan,0.0000,0,nan,nan,0,5,0.0000,0.0000,0.0000,0.0000,0.0000,等待台阶,1,0.0000,0.150,0.330
3556.412,SEEK_ROUNDABOUT,5.307,0,0.000,0.0000,0.0000,none,,,0.000,,,camera_timeout,0.0000,0.0000,0,,nan,nan,nan,nan,0.0000,0,0,0.0000,0,0.0000,nan,nan,nan,nan,0.0000,IDLE,0,0,waiting_detection,0,0,0.000,0,nan,nan,nan,0.0000,0,nan,nan,0,5,0.0000,0.0000,0.0000,0.0000,0.0000,等待台阶,1,0.0000,0.150,0.330
3556.478,SEEK_ROUNDABOUT,5.373,0,0.000,0.0000,0.0000,none,,,0.000,,,camera_timeout,0.0000,0.0000,0,,nan,nan,nan,nan,0.0000,0,0,0.0000,0,0.0000,nan,nan,nan,nan,0.0000,IDLE,0,0,waiting_detection,0,0,0.000,0,nan,nan,nan,0.0000,0,nan,nan,0,5,0.0000,0.0000,0.0000,0.0000,0.0000,等待台阶,1,0.0000,0.150,0.330
3556.545,SEEK_ROUNDABOUT,5.440,0,0.000,0.0000,0.0000,none,,,0.000,,,camera_timeout,0.0000,0.0000,0,,nan,nan,nan,nan,0.0000,0,0,0.0000,0,0.0000,nan,nan,nan,nan,0.0000,IDLE,0,0,waiting_detection,0,0,0.000,0,nan,nan,nan,0.0000,0,nan,nan,0,5,0.0000,0.0000,0.0000,0.0000,0.0000,等待台阶,1,0.0000,0.150,0.330
3556.613,SEEK_ROUNDABOUT,5.508,0,0.000,0.0000,0.0000,none,,,0.000,,,camera_timeout,0.0000,0.0000,0,,nan,nan,nan,nan,0.0000,0,0,0.0000,0,0.0000,nan,nan,nan,nan,0.0000,IDLE,0,0,waiting_detection,0,0,0.000,0,nan,nan,nan,0.0000,0,nan,nan,0,5,0.0000,0.0000,0.0000,0.0000,0.0000,等待台阶,1,0.0000,0.150,0.330
3556.680,SEEK_ROUNDABOUT,5.575,0,0.000,0.0000,0.0000,none,,,0.000,,,camera_timeout,0.0000,0.0000,0,,nan,nan,nan,nan,0.0000,0,0,0.0000,0,0.0000,nan,nan,nan,nan,0.0000,IDLE,0,0,waiting_detection,0,0,0.000,0,nan,nan,nan,0.0000,0,nan,nan,0,5,0.0000,0.0000,0.0000,0.0000,0.0000,等待台阶,1,0.0000,0.150,0.330
3556.745,SEEK_ROUNDABOUT,5.640,0,0.000,0.0000,0.0000,none,,,0.000,,,camera_timeout,0.0000,0.0000,0,,nan,nan,nan,nan,0.0000,0,0,0.0000,0,0.0000,nan,nan,nan,nan,0.0000,IDLE,0,0,waiting_detection,0,0,0.000,0,nan,nan,nan,0.0000,0,nan,nan,0,5,0.0000,0.0000,0.0000,0.0000,0.0000,等待台阶,1,0.0000,0.150,0.330
3556.812,SEEK_ROUNDABOUT,5.707,0,0.000,0.0000,0.0000,none,,,0.000,,,camera_timeout,0.0000,0.0000,0,,nan,nan,nan,nan,0.0000,0,0,0.0000,0,0.0000,nan,nan,nan,nan,0.0000,IDLE,0,0,waiting_detection,0,0,0.000,0,nan,nan,nan,0.0000,0,nan,nan,0,5,0.0000,0.0000,0.0000,0.0000,0.0000,等待台阶,1,0.0000,0.150,0.330
3556.878,SEEK_ROUNDABOUT,5.773,0,0.000,0.0000,0.0000,none,,,0.000,,,camera_timeout,0.0000,0.0000,0,,nan,nan,nan,nan,0.0000,0,0,0.0000,0,0.0000,nan,nan,nan,nan,0.0000,IDLE,0,0,waiting_detection,0,0,0.000,0,nan,nan,nan,0.0000,0,nan,nan,0,5,0.0000,0.0000,0.0000,0.0000,0.0000,等待台阶,1,0.0000,0.150,0.330
3556.947,SEEK_ROUNDABOUT,0.000,0,0.000,0.0000,0.0000,none,,,0.000,,,tracking,0.0507,0.0298,1,line_curve_center_riding,-0.0276,-0.0150,-0.2250,-0.5137,0.7633,6,0,0.0000,0,0.0000,0.2100,0.2887,0.4987,-0.2513,0.0298,IDLE,0,0,step_zone_before_min seek=0.00<1.25,0,0,0.000,0,nan,nan,nan,0.0000,0,nan,nan,0,5,0.0000,0.0000,0.0000,0.0000,0.0000,等待台阶,1,0.0000,0.150,0.330
3557.260,SEEK_ROUNDABOUT,0.313,0,0.000,0.0000,0.0000,none,,,0.000,,,tracking,0.1013,0.0467,1,line_curve_center_riding,-0.0586,-0.0465,-0.2482,-0.4843,0.6825,5,0,0.0000,0,0.0000,0.2017,0.2360,0.4378,-0.2597,0.0467,IDLE,0,0,step_zone_before_min seek=0.00<1.25,0,0,0.000,0,nan,nan,nan,0.0000,0,nan,nan,0,5,0.0000,0.0000,0.0000,0.0000,0.0000,等待台阶,1,0.0000,0.150,0.330
3557.338,SEEK_ROUNDABOUT,0.391,0,0.001,0.0000,0.0000,none,,,0.000,,,tracking,0.1311,0.1347,1,line_curve_center_riding,-0.1838,-0.1749,-0.3240,-0.3682,0.7016,5,0,0.0000,0,0.0000,0.1491,0.0442,0.1933,-0.2890,0.1347,IDLE,0,0,step_zone_before_min seek=0.00<1.25,0,0,0.000,0,nan,nan,nan,0.0000,0,nan,nan,0,5,0.0000,0.0000,0.0000,0.0000,0.0000,等待台阶,1,0.0000,0.150,0.330
3557.416,SEEK_ROUNDABOUT,0.469,0,0.001,0.0000,0.0000,none,,,0.000,,,tracking,0.1609,0.1531,1,line_curve_center_riding,-0.1643,-0.1548,-0.3126,-0.3546,0.7051,5,0,0.0000,0,0.0043,0.1578,0.0420,0.1998,-0.2740,0.1531,IDLE,0,0,step_zone_before_min seek=0.00<1.25,0,0,0.000,0,nan,nan,nan,0.0000,0,nan,nan,0,5,0.0000,0.0000,0.0000,0.0000,0.0000,等待台阶,1,0.0000,0.150,0.330
3557.506,SEEK_ROUNDABOUT,0.559,0,0.001,0.0000,0.0000,none,,,0.000,,,tracking,0.1700,0.1618,1,line_curve_center_riding,-0.1601,-0.1506,-0.3097,-0.3520,0.7052,5,0,0.0000,0,0.0043,0.1591,0.0423,0.2014,-0.2708,0.1618,IDLE,0,0,step_zone_before_min seek=0.00<1.25,0,0,0.000,0,nan,nan,nan,0.0000,0,nan,nan,0,5,0.0000,0.0000,0.0000,0.0000,0.0000,等待台阶,1,0.0000,0.150,0.330
3557.615,SEEK_ROUNDABOUT,0.668,0,0.001,0.0000,0.0000,none,,,0.000,,,tracking,0.1700,0.1558,1,line_curve_center_riding,-0.1415,-0.1316,-0.2961,-0.3400,0.7041,5,0,0.0000,0,0.0043,0.1645,0.0438,0.2084,-0.2559,0.1558,IDLE,0,0,step_zone_before_min seek=0.00<1.25,0,0,0.000,0,nan,nan,nan,0.0000,0,nan,nan,0,5,0.0000,0.0000,0.0000,0.0000,0.0000,等待台阶,1,0.0000,0.150,0.330
3557.743,SEEK_ROUNDABOUT,0.796,0,0.001,0.0000,0.0000,none,,,0.000,,,tracking,0.1700,0.1585,1,line_curve_center_riding,-0.1485,-0.1400,-0.2814,-0.3231,0.6111,4,0,0.0000,0,0.0000,0.1414,0.0417,0.1831,-0.2482,0.1585,IDLE,0,0,step_zone_before_min seek=0.00<1.25,0,0,0.000,0,nan,nan,nan,0.0000,0,nan,nan,0,5,0.0000,0.0000,0.0000,0.0000,0.0000,等待台阶,1,0.0000,0.150,0.330
3558.140,SEEK_ROUNDABOUT,1.193,0,0.002,0.0000,0.0000,none,,,0.000,,,tracking,0.1700,0.0437,1,line_curve_center_riding,0.0656,0.0758,-0.0944,-0.3300,0.7753,6,0,0.0000,0,0.0000,0.1702,0.2355,0.4058,-0.1162,0.0437,IDLE,0,0,step_zone_before_min seek=0.00<1.25,0,0,0.000,0,nan,nan,nan,0.0000,0,nan,nan,0,5,0.0000,0.0000,0.0000,0.0000,0.0000,等待台阶,1,0.0000,0.150,0.330
3558.340,SEEK_ROUNDABOUT,1.393,0,0.011,0.0000,0.0000,none,,,0.000,,,tracking,0.2207,0.0617,1,line_center_tracking,-0.0686,-0.0443,-0.1311,-0.1672,0.6227,4,0,0.0000,0,0.0000,0.0868,0.0361,0.1229,-0.1142,0.0617,IDLE,0,0,step_zone_before_min seek=0.00<1.25,0,0,0.000,0,nan,nan,nan,0.0000,0,nan,nan,0,5,0.0000,0.0000,0.0000,0.0000,0.0000,等待台阶,1,0.0000,0.150,0.330
3558.532,SEEK_ROUNDABOUT,1.585,0,0.035,0.0000,0.0000,none,,,0.000,,,tracking,0.1700,-0.0570,1,line_curve_center_riding,0.1527,0.1633,-0.0132,-0.2289,0.7769,6,0,0.0000,0,0.0000,0.1764,0.2157,0.3921,-0.0263,-0.0570,IDLE,0,0,step_zone_before_min seek=0.01<1.25,0,0,0.000,0,nan,nan,nan,0.0000,0,nan,nan,0,5,0.0000,0.0000,0.0000,0.0000,0.0000,等待台阶,1,0.0000,0.150,0.330
3558.712,SEEK_ROUNDABOUT,1.765,0,0.060,0.0000,0.0000,none,,,0.000,,,tracking,0.1450,-0.1387,1,line_curve_center_riding,0.2050,0.2177,0.0053,-0.2310,0.7684,6,0,0.0000,0,0.0000,0.2124,0.2363,0.4487,-0.0026,-0.1387,IDLE,0,0,step_zone_before_min seek=0.03<1.25,0,0,0.000,0,nan,nan,nan,0.0000,0,nan,nan,0,5,0.0000,0.0000,0.0000,0.0000,0.0000,等待台阶,1,0.0000,0.150,0.330
3558.889,SEEK_ROUNDABOUT,1.942,0,0.095,0.0000,0.0000,none,,,0.000,,,tracking,0.1700,-0.1416,1,line_curve_center_riding,0.1400,0.1542,-0.0826,-0.1354,0.6898,5,0,0.0000,0,0.0000,0.2368,0.0528,0.2896,-0.0213,-0.1416,IDLE,0,0,step_zone_before_min seek=0.06<1.25,0,0,0.000,0,nan,nan,nan,0.0000,0,nan,nan,0,5,0.0000,0.0000,0.0000,0.0000,0.0000,等待台阶,1,0.0000,0.150,0.330
3559.064,SEEK_ROUNDABOUT,2.117,0,0.125,0.0000,0.0000,none,,,0.000,,,tracking,0.1450,-0.1464,1,line_recenter_transition,0.1404,0.1470,-0.1862,-0.2595,0.6710,5,0,0.0000,0,0.0043,0.3332,0.0733,0.4066,-0.0996,-0.1464,IDLE,0,0,step_zone_before_min seek=0.10<1.25,0,0,0.000,0,nan,nan,nan,0.0000,0,nan,nan,0,5,0.0000,0.0000,0.0000,0.0000,0.0000,等待台阶,1,0.0000,0.150,0.330
3559.205,SEEK_ROUNDABOUT,2.258,0,0.163,0.0000,0.0000,none,,,0.000,,,tracking,0.1450,-0.0880,1,line_recenter_transition,0.0351,0.0454,-0.4676,-0.5943,0.6334,5,0,0.0000,0,0.0215,0.5130,0.1267,0.6397,-0.3389,-0.0880,IDLE,0,0,step_zone_before_min seek=0.12<1.25,0,0,0.000,0,nan,nan,nan,0.0000,0,nan,nan,0,5,0.0000,0.0000,0.0000,0.0000,0.0000,等待台阶,1,0.0000,0.150,0.330
3559.360,SEEK_ROUNDABOUT,2.413,0,0.216,0.0000,0.0000,none,,,0.000,,,tracking,0.1450,0.0327,1,line_curve_center_riding,-0.1336,-0.1163,-0.4048,-0.4048,0.5786,4,0,0.0000,0,0.0086,0.2885,0.0000,0.2885,-0.3087,0.0327,IDLE,0,0,step_zone_before_min seek=0.16<1.25,0,0,0.000,0,nan,nan,nan,0.0000,0,nan,nan,0,5,0.0000,0.0000,0.0000,0.0000,0.0000,等待台阶,1,0.0000,0.150,0.330
3559.499,SEEK_ROUNDABOUT,2.552,0,0.247,0.0000,0.0000,none,,,0.000,,,tracking,0.1450,0.1455,1,line_curve_center_riding,-0.2345,-0.2095,-0.6255,-0.6255,0.5434,4,0,0.0000,0,0.0516,0.4160,0.0000,0.4160,-0.4868,0.1455,IDLE,0,0,step_zone_before_min seek=0.22<1.25,0,0,0.000,0,nan,nan,nan,0.0000,0,nan,nan,0,5,0.0000,0.0000,0.0000,0.0000,0.0000,等待台阶,1,0.0000,0.150,0.330
3559.640,SEEK_ROUNDABOUT,2.694,0,0.298,0.0000,0.0000,none,,,0.000,,,tracking,0.1544,0.3529,1,line_curve_center_riding,-0.5032,-0.4918,-0.6821,-0.6821,0.4699,3,0,0.0000,0,0.2922,0.1903,0.0000,0.1903,-0.6187,0.3529,IDLE,0,0,step_zone_before_min seek=0.25<1.25,0,0,0.000,0,nan,nan,nan,0.0000,0,nan,nan,0,5,0.0000,0.0000,0.0000,0.0000,0.0000,等待台阶,1,0.0000,0.150,0.330
3559.795,SEEK_ROUNDABOUT,2.848,0,0.335,0.0000,0.0000,none,,,0.000,,,line_bridge_loss,0.1037,0.1411,0,line_too_few_bands,0.0000,0.0000,0.0000,0.0000,0.0000,0,0,0.0000,1,1.0000,0.0000,0.0000,0.0000,0.0000,0.1411,IDLE,0,0,step_zone_before_min seek=0.30<1.25,0,0,0.000,0,1.3700,nan,0.0544,0.7980,0,nan,0.5782,2,5,0.0000,0.0000,0.0000,0.0000,0.0000,等待台阶,1,0.0000,0.150,0.330
3559.951,SEEK_ROUNDABOUT,3.004,0,0.393,0.0000,0.0000,none,,,0.000,,,line_bridge_loss,0.0531,0.1411,0,line_too_few_bands,0.0000,0.0000,0.0000,0.0000,0.0000,1,0,0.0000,1,1.0000,0.0000,0.0000,0.0000,0.0000,0.1411,IDLE,0,0,step_zone_before_min seek=0.33<1.25,0,0,0.000,0,nan,nan,nan,0.0000,0,nan,nan,0,5,0.0000,0.0000,0.0000,0.0000,0.0000,等待台阶,1,0.0000,0.150,0.330
3560.092,SEEK_ROUNDABOUT,3.145,0,0.393,0.0000,0.0000,none,,,0.000,,,line_loss_hold,0.0024,0.0000,0,line_too_few_bands,0.0000,0.0000,0.0000,0.0000,0.0000,1,0,0.0000,1,1.0000,0.0000,0.0000,0.0000,0.0000,0.0000,IDLE,0,0,step_zone_before_min seek=0.39<1.25,0,0,0.000,0,nan,nan,nan,0.0000,0,nan,nan,0,5,0.0000,0.0000,0.0000,0.0000,0.0000,等待台阶,1,0.0000,0.150,0.330
3560.225,SEEK_ROUNDABOUT,3.278,0,0.393,0.0000,0.0000,none,,,0.000,,,line_loss_hold,0.0000,0.0000,0,line_too_few_bands,0.0000,0.0000,0.0000,0.0000,0.0000,0,0,0.0000,1,1.0000,0.0000,0.0000,0.0000,0.0000,0.0000,IDLE,0,0,step_zone_before_min seek=0.39<1.25,0,0,0.000,0,nan,nan,nan,0.0000,0,nan,nan,0,5,0.0000,0.0000,0.0000,0.0000,0.0000,等待台阶,1,0.0000,0.150,0.330
3560.382,SEEK_ROUNDABOUT,3.435,0,0.393,0.0000,0.0000,none,,,0.000,,,line_loss_hold,0.0000,0.0000,0,line_too_few_bands,0.0000,0.0000,0.0000,0.0000,0.0000,0,0,0.0000,1,1.0000,0.0000,0.0000,0.0000,0.0000,0.0000,IDLE,0,0,step_zone_before_min seek=0.39<1.25,0,0,0.000,0,nan,nan,nan,0.0000,0,nan,nan,0,5,0.0000,0.0000,0.0000,0.0000,0.0000,等待台阶,1,0.0000,0.150,0.330
3560.554,SEEK_ROUNDABOUT,3.607,0,0.393,0.0000,0.0000,none,,,0.000,,,line_lost_stop,0.0000,0.0000,0,line_too_few_bands,0.0000,0.0000,0.0000,0.0000,0.0000,0,0,0.0000,1,1.0000,0.0000,0.0000,0.0000,0.0000,0.0000,IDLE,0,0,step_zone_before_min seek=0.39<1.25,0,0,0.000,0,nan,nan,nan,0.0000,0,nan,nan,0,5,0.0000,0.0000,0.0000,0.0000,0.0000,等待台阶,1,0.0000,0.150,0.330
3560.707,SEEK_ROUNDABOUT,3.760,0,0.393,0.0000,0.0000,none,,,0.000,,,line_lost_stop,0.0000,0.0000,0,line_too_few_bands,0.0000,0.0000,0.0000,0.0000,0.0000,0,0,0.0000,1,1.0000,0.0000,0.0000,0.0000,0.0000,0.0000,IDLE,0,0,step_zone_before_min seek=0.39<1.25,0,0,0.000,0,nan,nan,nan,0.0000,0,nan,nan,0,5,0.0000,0.0000,0.0000,0.0000,0.0000,等待台阶,1,0.0000,0.150,0.330
3560.863,SEEK_ROUNDABOUT,3.916,0,0.393,0.0000,0.0000,none,,,0.000,,,line_lost_stop,0.0000,0.0000,0,line_too_few_bands,0.0000,0.0000,0.0000,0.0000,0.0000,0,0,0.0000,1,1.0000,0.0000,0.0000,0.0000,0.0000,0.0000,IDLE,0,0,step_zone_before_min seek=0.39<1.25,0,0,0.000,0,nan,nan,nan,0.0000,0,nan,nan,0,5,0.0000,0.0000,0.0000,0.0000,0.0000,等待台阶,1,0.0000,0.150,0.330
3561.013,SEEK_ROUNDABOUT,4.066,0,0.393,0.0000,0.0000,none,,,0.000,,,line_lost_stop,0.0000,0.0000,0,line_too_few_bands,0.0000,0.0000,0.0000,0.0000,0.0000,0,0,0.0000,1,1.0000,0.0000,0.0000,0.0000,0.0000,0.0000,IDLE,0,0,step_zone_before_min seek=0.39<1.25,0,0,0.000,0,nan,nan,nan,0.0000,0,nan,nan,0,5,0.0000,0.0000,0.0000,0.0000,0.0000,等待台阶,1,0.0000,0.150,0.330
3561.177,SEEK_ROUNDABOUT,4.230,0,0.393,0.2000,0.0000,none,,,0.000,,,line_lost_stop,0.0000,0.0000,0,line_too_few_bands,0.0000,0.0000,0.0000,0.0000,0.0000,0,0,0.0000,1,1.0000,0.0000,0.0000,0.0000,0.0000,0.0000,IDLE,0,0,step_zone_before_min seek=0.39<1.25,0,0,0.000,0,nan,nan,nan,0.0000,0,nan,nan,0,5,0.0000,0.0000,0.0000,0.0000,0.0000,等待台阶,1,0.0000,0.150,0.330
3561.363,SEEK_ROUNDABOUT,4.416,0,0.393,0.0000,0.0000,none,,,0.000,,,line_lost_stop,0.0000,0.0000,0,line_too_few_bands,0.0000,0.0000,0.0000,0.0000,0.0000,0,0,0.0000,1,1.0000,0.0000,0.0000,0.0000,0.0000,0.0000,IDLE,0,0,step_zone_before_min seek=0.39<1.25,0,0,0.000,0,nan,nan,nan,0.0000,0,nan,nan,0,5,0.0000,0.0000,0.0000,0.0000,0.0000,等待台阶,1,0.0000,0.150,0.330
3561.526,SEEK_ROUNDABOUT,4.579,0,0.393,0.0000,0.0000,none,,,0.000,,,line_lost_stop,0.0000,0.0000,0,line_too_few_bands,0.0000,0.0000,0.0000,0.0000,0.0000,0,0,0.0000,1,1.0000,0.0000,0.0000,0.0000,0.0000,0.0000,IDLE,0,0,step_zone_before_min seek=0.39<1.25,0,0,0.000,0,nan,nan,nan,0.0000,0,nan,nan,0,5,0.0000,0.0000,0.0000,0.0000,0.0000,等待台阶,1,0.0000,0.150,0.330
3561.658,SEEK_ROUNDABOUT,4.711,0,0.393,0.0000,0.0000,none,,,0.000,,,line_lost_stop,0.0000,0.0000,0,line_too_few_bands,0.0000,0.0000,0.0000,0.0000,0.0000,0,0,0.0000,1,1.0000,0.0000,0.0000,0.0000,0.0000,0.0000,IDLE,0,0,step_zone_before_min seek=0.39<1.25,0,0,0.000,0,nan,nan,nan,0.0000,0,nan,nan,0,5,0.0000,0.0000,0.0000,0.0000,0.0000,等待台阶,1,0.0000,0.150,0.330
3561.832,SEEK_ROUNDABOUT,4.885,0,0.393,0.4000,0.0000,none,,,0.000,,,line_lost_stop,0.0000,0.0000,0,line_too_few_bands,0.0000,0.0000,0.0000,0.0000,0.0000,0,0,0.0000,1,1.0000,0.0000,0.0000,0.0000,0.0000,0.0000,IDLE,0,0,step_zone_before_min seek=0.39<1.25,0,0,0.000,0,nan,nan,nan,0.0000,0,nan,nan,0,5,0.0000,0.0000,0.0000,0.0000,0.0000,等待台阶,1,0.0000,0.150,0.330
3561.968,SEEK_ROUNDABOUT,5.021,0,0.393,0.4000,0.0000,none,,,0.000,,,line_lost_stop,0.0000,0.0000,0,line_too_few_bands,0.0000,0.0000,0.0000,0.0000,0.0000,0,0,0.0000,1,1.0000,0.0000,0.0000,0.0000,0.0000,0.0000,IDLE,0,0,step_zone_before_min seek=0.39<1.25,0,0,0.000,0,nan,nan,nan,0.0000,0,nan,nan,0,5,0.0000,0.0000,0.0000,0.0000,0.0000,等待台阶,1,0.0000,0.150,0.330
3562.123,SEEK_ROUNDABOUT,5.176,0,0.393,0.0000,0.0000,none,,,0.000,,,line_lost_stop,0.0000,0.0000,0,line_too_few_bands,0.0000,0.0000,0.0000,0.0000,0.0000,0,0,0.0000,0,0.4090,0.0000,0.0000,0.0000,0.0000,0.0000,IDLE,0,0,step_zone_before_min seek=0.39<1.25,0,0,0.000,0,nan,nan,nan,0.0000,0,nan,nan,0,5,0.0000,0.0000,0.0000,0.0000,0.0000,等待台阶,1,0.0000,0.150,0.330
3562.257,SEEK_ROUNDABOUT,5.310,0,0.393,0.0000,0.0000,none,,,0.000,,,line_lost_stop,0.0000,0.0000,0,line_too_few_bands,0.0000,0.0000,0.0000,0.0000,0.0000,1,0,0.0000,1,1.0000,0.0000,0.0000,0.0000,0.0000,0.0000,IDLE,0,0,step_zone_before_min seek=0.39<1.25,0,0,0.000,0,nan,nan,nan,0.0000,0,nan,nan,0,5,0.0000,0.0000,0.0000,0.0000,0.0000,等待台阶,1,0.0000,0.150,0.330
3562.390,SEEK_ROUNDABOUT,5.443,0,0.393,0.0000,0.0000,none,,,0.000,,,tracking,0.0505,0.3323,1,line_center_tracking,-0.4805,-0.4727,-0.5005,-0.5005,0.3966,2,0,0.0000,1,0.7997,0.0279,0.0000,0.0279,-0.4912,0.3323,IDLE,0,0,step_zone_before_min seek=0.39<1.25,0,0,0.000,0,nan,nan,nan,0.0000,0,nan,nan,0,5,0.0000,0.0000,0.0000,0.0000,0.0000,等待台阶,1,0.0000,0.150,0.330
3562.525,SEEK_ROUNDABOUT,5.578,0,0.393,0.0000,0.0000,none,,,0.000,,,tracking,0.1012,0.4699,1,line_center_tracking,-0.4742,-0.4650,-0.4977,-0.4977,0.3831,2,0,0.0000,1,1.0000,0.0327,0.0000,0.0327,-0.4868,0.4699,IDLE,0,0,step_zone_before_min seek=0.39<1.25,0,0,0.000,0,nan,nan,nan,0.0000,0,nan,nan,0,5,0.0000,0.0000,0.0000,0.0000,0.0000,等待台阶,1,0.0000,0.150,0.330
3562.670,SEEK_ROUNDABOUT,5.723,0,0.418,0.0000,0.0000,none,,,0.000,,,tracking,0.1512,0.3843,1,line_curve_center_riding,-0.2914,-0.2807,-0.4585,-0.4585,0.4775,3,0,0.0000,1,1.0000,0.1778,0.0000,0.1778,-0.3992,0.3843,IDLE,0,0,step_zone_before_min seek=0.39<1.25,0,0,0.000,0,nan,nan,nan,0.0000,0,nan,nan,0,5,0.0000,0.0000,0.0000,0.0000,0.0000,等待台阶,1,0.0000,0.150,0.330
3562.793,SEEK_ROUNDABOUT,5.846,0,0.428,0.0000,0.0000,none,,,0.000,,,tracking,0.1700,0.2880,1,line_curve_center_riding,-0.1857,-0.1764,-0.3310,-0.3310,0.4905,3,0,0.0000,1,1.0000,0.1546,0.0000,0.1546,-0.2795,0.2880,IDLE,0,0,step_zone_before_min seek=0.42<1.25,0,0,0.000,0,nan,nan,nan,0.0000,0,nan,nan,0,5,0.0000,0.0000,0.0000,0.0000,0.0000,等待台阶,1,0.0000,0.150,0.330
3562.944,SEEK_ROUNDABOUT,5.997,0,0.450,0.0000,0.0000,none,,,0.000,,,tracking,0.1450,0.0572,1,line_recenter_transition,0.1443,0.1515,-0.2093,-0.2093,0.5629,4,0,0.0000,1,1.0000,0.3607,0.0000,0.3607,-0.0890,0.0572,IDLE,0,0,step_zone_before_min seek=0.43<1.25,0,0,0.000,0,nan,nan,nan,0.0000,0,nan,nan,0,5,0.0000,0.0000,0.0000,0.0000,0.0000,等待台阶,1,0.0000,0.150,0.330
3563.075,SEEK_ROUNDABOUT,6.128,0,0.466,0.0000,0.0000,none,,,0.000,,,tracking,0.1450,-0.0890,1,line_recenter_transition,0.2164,0.2224,-0.0778,-0.0778,0.5765,4,0,0.0000,1,0.9618,0.3002,0.0000,0.3002,0.0222,-0.0890,IDLE,0,0,step_zone_before_min seek=0.45<1.25,0,0,0.000,0,nan,nan,nan,0.0000,0,nan,nan,0,5,0.0000,0.0000,0.0000,0.0000,0.0000,等待台阶,1,0.0000,0.150,0.330
3563.216,SEEK_ROUNDABOUT,6.269,0,0.477,0.0000,0.0000,none,,,0.000,,,tracking,0.1700,-0.1589,1,line_curve_center_riding,0.2183,0.2351,-0.0435,-0.0435,0.5800,4,0,0.0000,0,0.2879,0.2786,0.0000,0.2786,0.0493,-0.1589,IDLE,0,0,step_zone_before_min seek=0.47<1.25,0,0,0.000,0,nan,nan,nan,0.0000,0,nan,nan,0,5,0.0000,0.0000,0.0000,0.0000,0.0000,等待台阶,1,0.0000,0.150,0.330
3563.357,SEEK_ROUNDABOUT,6.411,0,0.481,0.0000,0.0000,none,,,0.000,,,tracking,0.1700,-0.1920,1,line_curve_center_riding,0.2117,0.2285,-0.0509,-0.0509,0.5798,4,0,0.0000,0,0.0516,0.2794,0.0000,0.2794,0.0422,-0.1920,IDLE,0,0,step_zone_before_min seek=0.48<1.25,0,0,0.000,0,nan,nan,nan,0.0000,0,nan,nan,0,5,0.0000,0.0000,0.0000,0.0000,0.0000,等待台阶,1,0.0000,0.150,0.330
3563.545,SEEK_ROUNDABOUT,6.599,0,0.487,0.0000,0.0000,none,,,0.000,,,tracking,0.1700,-0.1637,1,line_recenter_transition,0.1314,0.1368,-0.1307,-0.1307,0.5812,4,0,0.0000,0,0.0430,0.2675,0.0000,0.2675,-0.0415,-0.1637,IDLE,0,0,step_zone_before_min seek=0.48<1.25,0,0,0.000,0,nan,nan,nan,0.0000,0,nan,nan,0,5,0.0000,0.0000,0.0000,0.0000,0.0000,等待台阶,1,0.0000,0.150,0.330
3563.689,SEEK_ROUNDABOUT,6.742,0,0.505,0.0000,0.0000,none,,,0.000,,,tracking,0.1441,-0.1263,1,line_recenter_transition,0.0853,0.0977,-0.5215,-0.6387,0.5143,4,0,0.0000,0,0.0129,0.6192,0.1172,0.7364,-0.3542,-0.1263,IDLE,0,0,step_zone_before_min seek=0.49<1.25,0,0,0.000,0,nan,nan,nan,0.0000,0,nan,nan,0,5,0.0000,0.0000,0.0000,0.0000,0.0000,等待台阶,1,0.0000,0.150,0.330
3563.819,SEEK_ROUNDABOUT,6.872,0,0.524,0.0000,0.0000,none,,,0.000,,,tracking,0.1933,0.0758,1,line_center_tracking,-0.2315,-0.2217,-0.2567,-0.2567,0.3766,2,0,0.0000,0,0.0043,0.0350,0.0000,0.0350,-0.2451,0.0758,IDLE,0,0,step_zone_before_min seek=0.51<1.25,0,0,0.000,0,nan,nan,nan,0.0000,0,nan,nan,0,5,0.0000,0.0000,0.0000,0.0000,0.0000,等待台阶,1,0.0000,0.150,0.330
3563.958,SEEK_ROUNDABOUT,7.012,0,0.550,0.0000,0.0000,none,,,0.000,,,tracking,0.1847,0.2233,1,line_center_tracking,-0.3431,-0.3361,-0.3612,-0.3612,0.4046,2,0,0.0000,0,0.0172,0.0250,0.0000,0.0250,-0.3528,0.2233,IDLE,0,0,step_zone_before_min seek=0.52<1.25,0,0,0.000,0,nan,nan,nan,0.0000,0,nan,nan,0,5,0.0000,0.0000,0.0000,0.0000,0.0000,等待台阶,1,0.0000,0.150,0.330
3564.098,SEEK_ROUNDABOUT,7.151,0,0.579,0.0000,0.0000,none,,,0.000,,,line_bridge_loss,0.1340,0.0893,0,line_too_few_bands,0.0000,0.0000,0.0000,0.0000,0.0000,1,0,0.0000,0,0.0387,0.0000,0.0000,0.0000,0.0000,0.0893,IDLE,0,0,step_zone_before_min seek=0.55<1.25,0,0,0.000,0,nan,nan,nan,0.0000,0,nan,nan,0,5,0.0000,0.0000,0.0000,0.0000,0.0000,等待台阶,1,0.0000,0.150,0.330
3564.262,SEEK_ROUNDABOUT,7.316,0,0.639,0.0000,0.0000,none,,,0.000,,,tracking,0.0850,0.4200,1,line_edge_single_rescue,-0.7449,-0.7449,-0.7449,-0.7449,0.3100,1,0,0.0000,1,1.0000,0.0000,0.0000,0.0000,-0.7449,0.4200,IDLE,0,0,step_zone_before_min seek=0.58<1.25,0,0,0.000,0,nan,nan,nan,0.0000,0,nan,nan,0,5,0.0000,0.0000,0.0000,0.0000,0.0000,等待台阶,1,0.0000,0.150,0.330
3564.394,SEEK_ROUNDABOUT,7.447,0,0.683,0.0000,0.0000,none,,,0.000,,,tracking,0.0850,0.4200,1,line_edge_single_rescue,-0.6275,-0.6275,-0.6275,-0.6275,0.3100,1,0,0.0000,1,1.0000,0.0000,0.0000,0.0000,-0.6275,0.4200,IDLE,0,0,step_zone_before_min seek=0.64<1.25,0,0,0.000,0,nan,nan,nan,0.0000,0,nan,nan,0,5,0.0000,0.0000,0.0000,0.0000,0.0000,等待台阶,1,0.0000,0.150,0.330
3564.532,SEEK_ROUNDABOUT,7.585,0,0.736,0.0000,0.0000,none,,,0.000,,,line_bridge_loss,0.0350,0.1680,0,line_too_few_bands,0.0000,0.0000,0.0000,0.0000,0.0000,0,0,0.0000,1,1.0000,0.0000,0.0000,0.0000,0.0000,0.1680,IDLE,0,0,step_zone_before_min seek=0.68<1.25,0,0,0.000,0,nan,nan,nan,0.0000,0,nan,nan,0,5,0.0000,0.0000,0.0000,0.0000,0.0000,等待台阶,1,0.0000,0.150,0.330
3564.665,SEEK_ROUNDABOUT,7.718,0,0.736,0.0000,0.0000,none,,,0.000,,,line_bridge_loss,0.0350,0.1680,0,line_too_few_bands,0.0000,0.0000,0.0000,0.0000,0.0000,0,0,0.0000,1,1.0000,0.0000,0.0000,0.0000,0.0000,0.1680,IDLE,0,0,step_zone_before_min seek=0.74<1.25,0,0,0.000,0,1.5500,nan,0.0554,0.8046,1,0.4984,0.2404,3,5,0.0000,0.0000,0.0000,0.0000,0.0000,等待台阶,1,0.0000,0.150,0.330
3564.801,SEEK_ROUNDABOUT,7.854,0,0.736,0.0000,0.0000,none,,,0.000,,,line_bridge_loss,0.0350,0.1680,0,line_too_few_bands,0.0000,0.0000,0.0000,0.0000,0.0000,0,0,0.0000,1,1.0000,0.0000,0.0000,0.0000,0.0000,0.1680,IDLE,0,0,step_zone_before_min seek=0.74<1.25,0,0,0.000,1,1.5600,nan,0.0552,0.8870,0,nan,0.5417,7,5,0.0000,0.0000,0.0000,0.0000,0.0000,等待台阶,1,0.0000,0.150,0.330
3564.927,SEEK_ROUNDABOUT,7.980,0,0.736,0.0000,0.0000,none,,,0.000,,,line_loss_hold,0.0000,0.0000,0,line_too_few_bands,0.0000,0.0000,0.0000,0.0000,0.0000,0,0,0.0000,1,1.0000,0.0000,0.0000,0.0000,0.0000,0.0000,IDLE,0,0,step_zone_before_min seek=0.74<1.25,0,0,0.000,1,1.5000,nan,0.0541,0.9212,0,nan,0.4419,11,5,0.0000,0.0000,0.0000,0.0000,0.0000,等待台阶,1,0.0000,0.150,0.330
3565.070,SEEK_ROUNDABOUT,8.123,0,0.736,0.0000,0.0000,none,,,0.000,,,line_loss_hold,0.0000,0.0000,0,line_too_few_bands,0.0000,0.0000,0.0000,0.0000,0.0000,0,0,0.0000,1,1.0000,0.0000,0.0000,0.0000,0.0000,0.0000,IDLE,0,0,step_zone_before_min seek=0.74<1.25,0,0,0.000,1,1.3900,nan,0.0538,0.9005,1,0.4218,0.4817,16,5,0.0000,0.0000,0.0000,0.0000,0.0000,等待台阶,1,0.0000,0.150,0.330
3565.199,SEEK_ROUNDABOUT,8.252,0,0.736,0.0000,0.0000,none,,,0.000,,,line_lost_stop,0.0000,0.0000,0,line_too_few_bands,0.0000,0.0000,0.0000,0.0000,0.0000,0,0,0.0000,1,1.0000,0.0000,0.0000,0.0000,0.0000,0.0000,IDLE,0,0,step_zone_before_min seek=0.74<1.25,0,0,0.000,1,1.3500,nan,0.0553,0.8565,1,0.3472,0.4896,19,5,0.0000,0.0000,0.0000,0.0000,0.0000,等待台阶,1,0.0000,0.150,0.330
3565.354,SEEK_ROUNDABOUT,8.407,0,0.736,0.0000,0.0000,none,,,0.000,,,line_lost_stop,0.0000,0.0000,0,line_too_few_bands,0.0000,0.0000,0.0000,0.0000,0.0000,0,0,0.0000,1,1.0000,0.0000,0.0000,0.0000,0.0000,0.0000,IDLE,0,0,step_zone_before_min seek=0.74<1.25,0,0,0.000,1,1.2800,nan,0.0512,0.8315,1,0.3719,0.4880,24,5,0.0000,0.0000,0.0000,0.0000,0.0000,等待台阶,1,0.0000,0.150,0.330
3565.482,SEEK_ROUNDABOUT,8.535,0,0.736,0.0000,0.0000,none,,,0.000,,,line_lost_stop,0.0000,0.0000,0,line_too_few_bands,0.0000,0.0000,0.0000,0.0000,0.0000,0,0,0.0000,1,1.0000,0.0000,0.0000,0.0000,0.0000,0.0000,IDLE,0,0,step_zone_before_min seek=0.74<1.25,0,0,0.000,0,nan,nan,nan,0.0000,0,nan,nan,0,5,0.0000,0.0000,0.0000,0.0000,0.0000,等待台阶,1,0.0000,0.150,0.330
3565.633,SEEK_ROUNDABOUT,8.686,0,0.736,0.0000,0.0000,none,,,0.000,,,line_lost_stop,0.0000,0.0000,0,line_too_few_bands,0.0000,0.0000,0.0000,0.0000,0.0000,0,0,0.0000,1,1.0000,0.0000,0.0000,0.0000,0.0000,0.0000,IDLE,0,0,step_zone_before_min seek=0.74<1.25,0,0,0.000,0,1.5700,nan,0.0565,0.7645,0,nan,0.0680,4,5,0.0000,0.0000,0.0000,0.0000,0.0000,等待台阶,1,0.0000,0.150,0.330
3565.777,SEEK_ROUNDABOUT,8.830,0,0.736,0.0000,0.0000,none,,,0.000,,,line_lost_stop,0.0000,0.0000,0,line_too_few_bands,0.0000,0.0000,0.0000,0.0000,0.0000,0,0,0.0000,1,1.0000,0.0000,0.0000,0.0000,0.0000,0.0000,IDLE,0,0,step_zone_before_min seek=0.74<1.25,0,0,0.000,1,1.5700,nan,0.0534,0.8175,1,-0.4450,0.0543,8,5,0.0000,0.0000,0.0000,0.0000,0.0000,等待台阶,1,0.0000,0.150,0.330
3565.916,SEEK_ROUNDABOUT,8.969,0,0.736,0.0000,0.0000,none,,,0.000,,,line_lost_stop,0.0000,0.0000,0,line_too_few_bands,0.0000,0.0000,0.0000,0.0000,0.0000,0,0,0.0000,0,0.2321,0.0000,0.0000,0.0000,0.0000,0.0000,IDLE,0,0,step_zone_before_min seek=0.74<1.25,0,0,0.000,1,1.5700,nan,0.0539,0.8921,0,nan,0.0381,11,5,0.0000,0.0000,0.0000,0.0000,0.0000,等待台阶,1,0.0000,0.150,0.330
3566.052,SEEK_ROUNDABOUT,9.105,0,0.736,0.0000,0.0000,none,,,0.000,,,line_lost_stop,0.0000,0.0000,0,line_too_few_bands,0.0000,0.0000,0.0000,0.0000,0.0000,0,0,0.0000,0,0.2793,0.0000,0.0000,0.0000,0.0000,0.0000,IDLE,0,0,step_zone_before_min seek=0.74<1.25,0,0,0.000,1,1.5700,nan,0.0526,0.8812,0,nan,0.0558,15,5,0.0000,0.0000,0.0000,0.0000,0.0000,等待台阶,1,0.0000,0.150,0.330
3566.206,SEEK_ROUNDABOUT,9.259,0,0.736,0.0000,0.0000,none,,,0.000,,,line_lost_stop,0.0000,0.0000,0,line_too_few_bands,0.0000,0.0000,0.0000,0.0000,0.0000,0,0,0.0000,0,0.2321,0.0000,0.0000,0.0000,0.0000,0.0000,IDLE,0,0,step_zone_before_min seek=0.74<1.25,0,0,0.000,1,1.5700,nan,0.0520,0.8749,0,nan,0.0595,20,5,0.0000,0.0000,0.0000,0.0000,0.0000,等待台阶,1,0.0000,0.150,0.330
3566.346,SEEK_ROUNDABOUT,9.399,0,0.736,0.0000,0.0000,none,,,0.000,,,line_lost_stop,0.0000,0.0000,0,line_too_few_bands,0.0000,0.0000,0.0000,0.0000,0.0000,0,0,0.0000,0,0.1590,0.0000,0.0000,0.0000,0.0000,0.0000,IDLE,0,0,step_zone_before_min seek=0.74<1.25,0,0,0.000,1,1.5700,nan,0.0531,0.8641,0,nan,0.0519,24,5,0.0000,0.0000,0.0000,0.0000,0.0000,等待台阶,1,0.0000,0.150,0.330
3566.474,SEEK_ROUNDABOUT,9.527,0,0.736,0.0000,0.0000,none,,,0.000,,,line_lost_stop,0.0000,0.0000,0,line_too_few_bands,0.0000,0.0000,0.0000,0.0000,0.0000,0,0,0.0000,0,0.1074,0.0000,0.0000,0.0000,0.0000,0.0000,IDLE,0,0,step_zone_before_min seek=0.74<1.25,0,0,0.000,1,1.2800,nan,0.0512,0.8284,1,0.1855,0.4858,28,5,0.0000,0.0000,0.0000,0.0000,0.0000,等待台阶,1,0.0000,0.150,0.330
3566.610,SEEK_ROUNDABOUT,9.663,0,0.736,0.0000,0.0000,none,,,0.000,,,line_lost_stop,0.0000,0.0000,0,line_too_few_bands,0.0000,0.0000,0.0000,0.0000,0.0000,0,0,0.0000,0,0.0731,0.0000,0.0000,0.0000,0.0000,0.0000,IDLE,0,0,step_zone_before_min seek=0.74<1.25,0,0,0.000,1,1.2800,nan,0.0529,0.8233,1,0.3929,0.4858,32,5,0.0000,0.0000,0.0000,0.0000,0.0000,等待台阶,1,0.0000,0.150,0.330
3566.777,SEEK_ROUNDABOUT,9.830,0,0.736,0.0000,0.0000,none,,,0.000,,,line_lost_stop,0.0000,0.0000,0,line_too_few_bands,0.0000,0.0000,0.0000,0.0000,0.0000,0,0,0.0000,0,0.0301,0.0000,0.0000,0.0000,0.0000,0.0000,IDLE,0,0,step_zone_before_min seek=0.74<1.25,0,0,0.000,1,1.3300,nan,0.0526,0.8183,1,0.2039,0.4947,37,5,0.0000,0.0000,0.0000,0.0000,0.0000,等待台阶,1,0.0000,0.150,0.330
3566.904,SEEK_ROUNDABOUT,9.957,0,0.736,0.0000,0.0000,none,,,0.000,,,line_lost_stop,0.0000,0.0000,0,line_too_few_bands,0.0000,0.0000,0.0000,0.0000,0.0000,0,0,0.0000,0,0.0129,0.0000,0.0000,0.0000,0.0000,0.0000,IDLE,0,0,step_zone_before_min seek=0.74<1.25,0,0,0.000,1,1.3400,nan,0.0538,0.8479,1,0.3035,0.4968,41,5,0.0000,0.0000,0.0000,0.0000,0.0000,等待台阶,1,0.0000,0.150,0.330
3567.056,SEEK_ROUNDABOUT,10.109,0,0.736,0.0000,0.0000,none,,,0.000,,,tracking,0.0507,0.3333,1,line_edge_single_rescue,-0.6499,-0.6499,-0.6499,-0.6499,0.3100,1,0,0.0000,0,0.2364,0.0000,0.0000,0.0000,-0.6499,0.3333,IDLE,0,0,step_zone_before_min seek=0.74<1.25,0,0,0.000,1,1.3600,nan,0.0545,0.8337,1,0.3724,0.5037,45,5,0.0000,0.0000,0.0000,0.0000,0.0000,等待台阶,1,0.0000,0.150,0.330
3567.198,SEEK_ROUNDABOUT,10.251,0,0.736,0.0000,0.0000,none,,,0.000,,,tracking,0.0850,0.4200,1,line_edge_single_rescue,-0.6183,-0.6183,-0.6183,-0.6183,0.3100,1,0,0.0000,0,0.2707,0.0000,0.0000,0.0000,-0.6183,0.4200,IDLE,0,0,step_zone_before_min seek=0.74<1.25,0,0,0.000,1,1.3800,nan,0.0525,0.8678,1,0.3097,0.5051,50,5,0.0000,0.0000,0.0000,0.0000,0.0000,等待台阶,1,0.0000,0.150,0.330
3567.353,SEEK_ROUNDABOUT,10.406,0,0.754,0.0000,0.0000,none,,,0.000,,,line_bridge_loss,0.0350,0.1680,0,line_too_few_bands,0.0000,0.0000,0.0000,0.0000,0.0000,1,0,0.0000,0,0.2235,0.0000,0.0000,0.0000,0.0000,0.1680,IDLE,0,0,step_zone_before_min seek=0.74<1.25,0,0,0.000,1,1.3900,nan,0.0541,0.8467,1,0.2565,0.5096,54,5,0.0000,0.0000,0.0000,0.0000,0.0000,等待台阶,1,0.0000,0.150,0.330
3567.474,SEEK_ROUNDABOUT,10.527,0,0.754,0.0000,0.0000,none,,,0.000,,,tracking,0.0811,0.4713,1,line_center_tracking,-0.4916,-0.4779,-0.5271,-0.5271,0.3367,2,0,0.0000,0,0.2364,0.0492,0.0000,0.0492,-0.5107,0.4713,IDLE,0,0,step_zone_before_min seek=0.75<1.25,0,0,0.000,1,1.4000,nan,0.0553,0.8220,1,0.3122,0.5173,58,5,0.0000,0.0000,0.0000,0.0000,0.0000,等待台阶,1,0.0000,0.150,0.330
3567.622,SEEK_ROUNDABOUT,10.675,0,0.768,0.0000,0.0000,none,,,0.000,,,line_bridge_loss,0.0350,0.2363,0,line_too_few_bands,0.0000,0.0000,0.0000,0.0000,0.0000,1,0,0.0000,0,0.1289,0.0000,0.0000,0.0000,0.0000,0.2363,IDLE,0,0,step_zone_before_min seek=0.75<1.25,0,0,0.000,1,1.4000,nan,0.0532,0.8519,1,0.2752,0.5188,62,5,0.0000,0.0000,0.0000,0.0000,0.0000,等待台阶,1,0.0000,0.150,0.330
3567.766,SEEK_ROUNDABOUT,10.819,0,0.768,0.0000,0.0000,none,,,0.000,,,line_bridge_loss,0.0350,0.2363,0,line_too_few_bands,0.0000,0.0000,0.0000,0.0000,0.0000,1,0,0.0000,0,0.0902,0.0000,0.0000,0.0000,0.0000,0.2363,IDLE,0,0,step_zone_before_min seek=0.77<1.25,0,0,0.000,0,nan,nan,nan,0.0000,0,nan,nan,0,5,0.0000,0.0000,0.0000,0.0000,0.0000,等待台阶,1,0.0000,0.150,0.330
3567.917,SEEK_ROUNDABOUT,10.970,0,0.768,0.0000,0.0000,none,,,0.000,,,tracking,0.0857,0.4273,1,line_center_tracking,-0.2396,-0.2163,-0.2994,-0.2994,0.4325,2,0,0.0000,0,0.1676,0.0831,0.0000,0.0831,-0.2717,0.4273,IDLE,0,0,step_zone_before_min seek=0.77<1.25,0,0,0.000,0,nan,nan,nan,0.0000,0,nan,nan,0,5,0.0000,0.0000,0.0000,0.0000,0.0000,等待台阶,1,0.0000,0.150,0.330
3568.059,SEEK_ROUNDABOUT,11.112,0,0.772,0.0000,0.0000,none,,,0.000,,,tracking,0.1363,0.1874,1,line_curve_center_riding,0.0233,0.0432,-0.2884,-0.2884,0.4524,3,0,0.0000,0,0.2278,0.3316,0.0000,0.3316,-0.1779,0.1874,IDLE,0,0,step_zone_before_min seek=0.77<1.25,0,0,0.000,0,nan,nan,nan,0.0000,0,nan,nan,0,5,0.0000,0.0000,0.0000,0.0000,0.0000,等待台阶,1,0.0000,0.150,0.330
3568.223,SEEK_ROUNDABOUT,11.276,0,0.782,0.0000,0.0000,none,,,0.000,,,tracking,0.1450,0.0195,1,line_recenter_transition,0.1416,0.1502,-0.2814,-0.2814,0.5419,4,0,0.0000,0,0.1332,0.4316,0.0000,0.4316,-0.1375,0.0195,IDLE,0,0,step_zone_before_min seek=0.77<1.25,0,0,0.000,0,1.4500,nan,0.0540,0.7294,0,nan,0.4417,1,5,0.0000,0.0000,0.0000,0.0000,0.0000,等待台阶,1,0.0000,0.150,0.330
3568.358,SEEK_ROUNDABOUT,11.411,0,0.796,0.0000,0.0000,none,,,0.000,,,tracking,0.1433,-0.0751,1,line_recenter_transition,0.1586,0.1711,-0.4530,-0.5559,0.6145,5,0,0.0000,0,0.1719,0.6241,0.1029,0.7270,-0.2792,-0.0751,IDLE,0,0,step_zone_before_min seek=0.78<1.25,0,0,0.000,0,nan,nan,nan,0.0000,0,nan,nan,0,5,0.0000,0.0000,0.0000,0.0000,0.0000,等待台阶,1,0.0000,0.150,0.330
3568.495,SEEK_ROUNDABOUT,11.548,0,0.812,0.0000,0.0000,none,,,0.000,,,tracking,0.1394,-0.1030,1,line_recenter_transition,0.1274,0.1403,-0.5065,-0.5961,0.6087,5,0,0.0000,0,0.1031,0.6468,0.0896,0.7364,-0.3208,-0.1030,IDLE,0,0,step_zone_before_min seek=0.80<1.25,0,0,0.000,0,nan,nan,nan,0.0000,0,nan,nan,0,5,0.0000,0.0000,0.0000,0.0000,0.0000,等待台阶,1,0.0000,0.150,0.330
3568.650,SEEK_ROUNDABOUT,11.703,0,0.838,0.8000,0.0000,none,,,0.000,,,tracking,0.1358,-0.0813,1,line_recenter_transition,0.0610,0.0744,-0.5933,-0.6733,0.5999,5,0,0.0000,0,0.1160,0.6677,0.0799,0.7476,-0.3974,-0.0813,IDLE,0,0,step_zone_before_min seek=0.81<1.25,0,0,0.000,0,nan,nan,nan,0.0000,0,nan,nan,0,5,0.0000,0.0000,0.0000,0.0000,0.0000,等待台阶,1,0.0000,0.150,0.330
3568.788,SEEK_ROUNDABOUT,11.841,0,0.852,0.0000,0.0000,none,,,0.000,,,tracking,0.1450,0.0172,1,line_curve_center_riding,-0.0955,-0.0665,-0.5511,-0.5511,0.5289,4,0,0.0000,0,0.1418,0.4847,0.0000,0.4847,-0.3896,0.0172,IDLE,0,0,step_zone_before_min seek=0.84<1.25,0,0,0.000,0,nan,nan,nan,0.0000,0,nan,nan,0,5,0.0000,0.0000,0.0000,0.0000,0.0000,等待台阶,1,0.0000,0.150,0.330
3568.940,SEEK_ROUNDABOUT,11.993,0,0.886,0.0000,0.0000,none,,,0.000,,,line_bridge_loss,0.0943,0.0069,0,line_too_few_bands,0.0000,0.0000,0.0000,0.0000,0.0000,0,0,0.0000,0,0.0172,0.0000,0.0000,0.0000,0.0000,0.0069,IDLE,0,0,step_zone_before_min seek=0.85<1.25,0,0,0.000,0,nan,nan,nan,0.0000,0,nan,nan,0,5,0.0000,0.0000,0.0000,0.0000,0.0000,等待台阶,1,0.0000,0.150,0.330
3569.080,SEEK_ROUNDABOUT,12.133,0,0.913,0.0000,0.0000,none,,,0.000,,,line_bridge_loss,0.0437,0.0069,0,line_too_few_bands,0.0000,0.0000,0.0000,0.0000,0.0000,0,0,0.0000,0,0.0988,0.0000,0.0000,0.0000,0.0000,0.0069,IDLE,0,0,step_zone_before_min seek=0.89<1.25,0,0,0.000,0,1.5700,nan,0.0532,0.8866,1,-0.5100,0.5522,1,5,0.0000,0.0000,0.0000,0.0000,0.0000,等待台阶,1,0.0000,0.150,0.330
3569.205,SEEK_ROUNDABOUT,12.258,0,0.913,0.0000,0.0000,none,,,0.000,,,line_bridge_loss,0.0350,0.0069,0,line_too_few_bands,0.0000,0.0000,0.0000,0.0000,0.0000,0,0,0.0000,0,0.1461,0.0000,0.0000,0.0000,0.0000,0.0069,IDLE,0,0,step_zone_before_min seek=0.91<1.25,0,0,0.000,1,1.5400,nan,0.0541,0.8729,1,-0.6355,0.5409,5,5,0.0000,0.0000,0.0000,0.0000,0.0000,等待台阶,1,0.0000,0.150,0.330
3569.329,SEEK_ROUNDABOUT,12.382,0,0.913,0.0000,0.0000,none,,,0.000,,,line_loss_hold,0.0000,0.0000,0,line_too_few_bands,0.0000,0.0000,0.0000,0.0000,0.0000,0,0,0.0000,1,0.5223,0.0000,0.0000,0.0000,0.0000,0.0000,IDLE,0,0,step_zone_before_min seek=0.91<1.25,0,0,0.000,1,1.5200,nan,0.0547,0.8973,1,-0.5476,0.5208,9,5,0.0000,0.0000,0.0000,0.0000,0.0000,等待台阶,1,0.0000,0.150,0.330
3569.489,SEEK_ROUNDABOUT,12.542,0,0.913,0.0000,0.0000,none,,,0.000,,,line_loss_hold,0.0000,0.0000,0,line_too_few_bands,0.0000,0.0000,0.0000,0.0000,0.0000,0,0,0.0000,1,1.0000,0.0000,0.0000,0.0000,0.0000,0.0000,IDLE,0,0,step_zone_before_min seek=0.91<1.25,0,0,0.000,1,1.4900,nan,0.0543,0.8766,1,-0.4982,0.5243,14,5,0.0000,0.0000,0.0000,0.0000,0.0000,等待台阶,1,0.0000,0.150,0.330
3569.622,SEEK_ROUNDABOUT,12.675,0,0.913,0.0000,0.0000,none,,,0.000,,,line_lost_stop,0.0000,0.0000,0,line_too_few_bands,0.0000,0.0000,0.0000,0.0000,0.0000,0,0,0.0000,0,0.1375,0.0000,0.0000,0.0000,0.0000,0.0000,IDLE,0,0,step_zone_before_min seek=0.91<1.25,0,0,0.000,1,1.4800,nan,0.0550,0.8610,1,-0.4954,0.5191,17,5,0.0000,0.0000,0.0000,0.0000,0.0000,等待台阶,1,0.0000,0.150,0.330
3569.791,SEEK_ROUNDABOUT,12.844,0,0.913,0.0000,0.0000,none,,,0.000,,,line_lost_stop,0.0000,0.0000,0,line_too_few_bands,0.0000,0.0000,0.0000,0.0000,0.0000,0,0,0.0000,0,0.2149,0.0000,0.0000,0.0000,0.0000,0.0000,IDLE,0,0,step_zone_before_min seek=0.91<1.25,0,0,0.000,1,1.4500,nan,0.0536,0.8639,1,-0.4617,0.5126,22,5,0.0000,0.0000,0.0000,0.0000,0.0000,等待台阶,1,0.0000,0.150,0.330
3569.920,SEEK_ROUNDABOUT,12.973,0,0.913,0.0000,0.0000,none,,,0.000,,,line_lost_stop,0.0000,0.0000,0,line_too_few_bands,0.0000,0.0000,0.0000,0.0000,0.0000,0,0,0.0000,0,0.1719,0.0000,0.0000,0.0000,0.0000,0.0000,IDLE,0,0,step_zone_before_min seek=0.91<1.25,0,0,0.000,1,1.4400,nan,0.0553,0.8457,1,-0.4081,0.5070,25,5,0.0000,0.0000,0.0000,0.0000,0.0000,等待台阶,1,0.0000,0.150,0.330
3570.062,SEEK_ROUNDABOUT,13.115,0,0.913,0.0000,0.0000,none,,,0.000,,,line_lost_stop,0.0000,0.0000,0,line_too_few_bands,0.0000,0.0000,0.0000,0.0000,0.0000,0,0,0.0000,0,0.1504,0.0000,0.0000,0.0000,0.0000,0.0000,IDLE,0,0,step_zone_before_min seek=0.91<1.25,0,0,0.000,1,1.4100,nan,0.0538,0.8579,1,-0.4065,0.4997,30,5,0.0000,0.0000,0.0000,0.0000,0.0000,等待台阶,1,0.0000,0.150,0.330
3570.213,SEEK_ROUNDABOUT,13.266,0,0.913,0.0000,0.0000,none,,,0.000,,,line_lost_stop,0.0000,0.0000,0,line_too_few_bands,0.0000,0.0000,0.0000,0.0000,0.0000,0,0,0.0000,0,0.2407,0.0000,0.0000,0.0000,0.0000,0.0000,IDLE,0,0,step_zone_before_min seek=0.91<1.25,0,0,0.000,1,1.4000,nan,0.0577,0.7904,1,-0.5450,0.4956,34,5,0.0000,0.0000,0.0000,0.0000,0.0000,等待台阶,1,0.0000,0.150,0.330
3570.329,SEEK_ROUNDABOUT,13.382,0,0.913,0.0000,0.0000,none,,,0.000,,,line_lost_stop,0.0000,0.0000,0,line_too_few_bands,0.0000,0.0000,0.0000,0.0000,0.0000,0,0,0.0000,0,0.1504,0.0000,0.0000,0.0000,0.0000,0.0000,IDLE,0,0,step_zone_before_min seek=0.91<1.25,0,0,0.000,1,1.3900,nan,0.0555,0.8449,1,-0.4092,0.4917,37,5,0.0000,0.0000,0.0000,0.0000,0.0000,等待台阶,1,0.0000,0.150,0.330
3570.448,SEEK_ROUNDABOUT,13.501,0,0.913,0.0000,0.0000,none,,,0.000,,,line_lost_stop,0.0000,0.0000,0,line_too_few_bands,0.0000,0.0000,0.0000,0.0000,0.0000,0,0,0.0000,0,0.1375,0.0000,0.0000,0.0000,0.0000,0.0000,IDLE,0,0,step_zone_before_min seek=0.91<1.25,0,0,0.000,1,1.3900,nan,0.0523,0.9367,0,nan,0.4703,41,5,0.0000,0.0000,0.0000,0.0000,0.0000,等待台阶,1,0.0000,0.150,0.330
3570.560,SEEK_ROUNDABOUT,13.613,0,0.913,0.0000,0.0000,none,,,0.000,,,line_lost_stop,0.0000,0.0000,0,line_too_few_bands,0.0000,0.0000,0.0000,0.0000,0.0000,0,0,0.0000,0,0.0860,0.0000,0.0000,0.0000,0.0000,0.0000,IDLE,0,0,step_zone_before_min seek=0.91<1.25,0,0,0.000,1,1.3700,nan,0.0584,0.7765,1,-0.4581,0.4874,44,5,0.0000,0.0000,0.0000,0.0000,0.0000,等待台阶,1,0.0000,0.150,0.330
3570.677,SEEK_ROUNDABOUT,13.730,0,0.913,0.0000,0.0000,none,,,0.000,,,line_lost_stop,0.0000,0.0000,0,line_too_few_bands,0.0000,0.0000,0.0000,0.0000,0.0000,0,0,0.0000,0,0.0430,0.0000,0.0000,0.0000,0.0000,0.0000,IDLE,0,0,step_zone_before_min seek=0.91<1.25,0,0,0.000,1,1.3900,nan,0.0540,0.8784,1,-0.4149,0.4852,48,5,0.0000,0.0000,0.0000,0.0000,0.0000,等待台阶,1,0.0000,0.150,0.330
3570.788,SEEK_ROUNDABOUT,13.841,0,0.913,0.0000,0.0000,none,,,0.000,,,line_lost_stop,0.0000,0.0000,0,line_too_few_bands,0.0000,0.0000,0.0000,0.0000,0.0000,0,0,0.0000,0,0.0258,0.0000,0.0000,0.0000,0.0000,0.0000,IDLE,0,0,step_zone_before_min seek=0.91<1.25,0,0,0.000,1,1.3900,nan,0.0584,0.8336,1,-0.4301,0.4830,51,5,0.0000,0.0000,0.0000,0.0000,0.0000,等待台阶,1,0.0000,0.150,0.330
3570.906,SEEK_ROUNDABOUT,13.959,0,0.913,0.0000,0.0000,none,,,0.000,,,line_lost_stop,0.0000,0.0000,0,line_too_few_bands,0.0000,0.0000,0.0000,0.0000,0.0000,0,0,0.0000,0,0.0473,0.0000,0.0000,0.0000,0.0000,0.0000,IDLE,0,0,step_zone_before_min seek=0.91<1.25,0,0,0.000,1,1.3900,nan,0.0570,0.8435,1,-0.4789,0.4841,55,5,0.0000,0.0000,0.0000,0.0000,0.0000,等待台阶,1,0.0000,0.150,0.330
3571.016,SEEK_ROUNDABOUT,14.069,0,0.913,0.0000,0.0000,none,,,0.000,,,line_lost_stop,0.0000,0.0000,0,line_too_few_bands,0.0000,0.0000,0.0000,0.0000,0.0000,0,0,0.0000,0,0.0516,0.0000,0.0000,0.0000,0.0000,0.0000,IDLE,0,0,step_zone_before_min seek=0.91<1.25,0,0,0.000,1,1.4100,nan,0.0542,0.9089,1,-0.4152,0.4829,58,5,0.0000,0.0000,0.0000,0.0000,0.0000,等待台阶,1,0.0000,0.150,0.330
3571.137,SEEK_ROUNDABOUT,14.190,0,0.913,0.0000,0.0000,none,,,0.000,,,line_lost_stop,0.0000,0.0000,0,line_too_few_bands,0.0000,0.0000,0.0000,0.0000,0.0000,0,0,0.0000,0,0.0387,0.0000,0.0000,0.0000,0.0000,0.0000,IDLE,0,0,step_zone_before_min seek=0.91<1.25,0,0,0.000,1,1.4200,nan,0.0543,0.8993,1,-0.4753,0.4892,61,5,0.0000,0.0000,0.0000,0.0000,0.0000,等待台阶,1,0.0000,0.150,0.330
3571.243,SEEK_ROUNDABOUT,14.296,0,0.913,0.0000,0.0000,none,,,0.000,,,line_lost_stop,0.0000,0.0000,0,line_too_few_bands,0.0000,0.0000,0.0000,0.0000,0.0000,0,0,0.0000,0,0.0430,0.0000,0.0000,0.0000,0.0000,0.0000,IDLE,0,0,step_zone_before_min seek=0.91<1.25,0,0,0.000,1,1.4300,nan,0.0548,0.9098,1,-0.4955,0.4828,65,5,0.0000,0.0000,0.0000,0.0000,0.0000,等待台阶,1,0.0000,0.150,0.330
3571.361,SEEK_ROUNDABOUT,14.414,0,0.913,0.0000,0.0000,none,,,0.000,,,line_lost_stop,0.0000,0.0000,0,line_too_few_bands,0.0000,0.0000,0.0000,0.0000,0.0000,0,0,0.0000,0,0.0301,0.0000,0.0000,0.0000,0.0000,0.0000,IDLE,0,0,step_zone_before_min seek=0.91<1.25,0,0,0.000,1,1.4300,nan,0.0574,0.8723,1,-0.5197,0.4844,67,5,0.0000,0.0000,0.0000,0.0000,0.0000,等待台阶,1,0.0000,0.150,0.330
3571.484,SEEK_ROUNDABOUT,14.537,0,0.913,0.0000,0.0000,none,,,0.000,,,line_lost_stop,0.0000,0.0000,0,line_too_few_bands,0.0000,0.0000,0.0000,0.0000,0.0000,0,0,0.0000,0,0.0344,0.0000,0.0000,0.0000,0.0000,0.0000,IDLE,0,0,step_zone_before_min seek=0.91<1.25,0,0,0.000,1,1.4350,nan,0.0538,0.9237,1,-0.5069,0.4840,71,5,0.0000,0.0000,0.0000,0.0000,0.0000,等待台阶,1,0.0000,0.150,0.330
3571.600,SEEK_ROUNDABOUT,14.653,0,0.913,0.0000,0.0000,none,,,0.000,,,line_lost_stop,0.0000,0.0000,0,line_too_few_bands,0.0000,0.0000,0.0000,0.0000,0.0000,0,0,0.0000,0,0.0344,0.0000,0.0000,0.0000,0.0000,0.0000,IDLE,0,0,step_zone_before_min seek=0.91<1.25,0,0,0.000,1,1.4500,nan,0.0557,0.8852,1,-0.6803,0.4937,73,5,0.0000,0.0000,0.0000,0.0000,0.0000,等待台阶,1,0.0000,0.150,0.330
3571.709,SEEK_ROUNDABOUT,14.762,0,0.913,0.0000,0.0000,none,,,0.000,,,line_lost_stop,0.0000,0.0000,0,line_too_few_bands,0.0000,0.0000,0.0000,0.0000,0.0000,0,0,0.0000,0,0.0430,0.0000,0.0000,0.0000,0.0000,0.0000,IDLE,0,0,step_zone_before_min seek=0.91<1.25,0,0,0.000,1,1.4600,nan,0.0548,0.9104,1,-0.5302,0.4874,76,5,0.0000,0.0000,0.0000,0.0000,0.0000,等待台阶,1,0.0000,0.150,0.330
3571.832,SEEK_ROUNDABOUT,14.885,0,0.913,0.0000,0.0000,none,,,0.000,,,line_lost_stop,0.0000,0.0000,0,line_too_few_bands,0.0000,0.0000,0.0000,0.0000,0.0000,0,0,0.0000,0,0.0301,0.0000,0.0000,0.0000,0.0000,0.0000,IDLE,0,0,step_zone_before_min seek=0.91<1.25,0,0,0.000,1,1.4800,nan,0.0536,0.9225,1,-0.5465,0.4943,80,5,0.0000,0.0000,0.0000,0.0000,0.0000,等待台阶,1,0.0000,0.150,0.330
3571.949,SEEK_ROUNDABOUT,15.002,0,0.913,0.0000,0.0000,none,,,0.000,,,line_lost_stop,0.0000,0.0000,0,line_too_few_bands,0.0000,0.0000,0.0000,0.0000,0.0000,0,0,0.0000,0,0.0387,0.0000,0.0000,0.0000,0.0000,0.0000,IDLE,0,0,step_zone_before_min seek=0.91<1.25,0,0,0.000,1,1.4800,nan,0.0532,0.9321,1,-0.5343,0.4976,84,5,0.0000,0.0000,0.0000,0.0000,0.0000,等待台阶,1,0.0000,0.150,0.330
3572.074,SEEK_ROUNDABOUT,15.127,0,0.913,0.0000,0.0000,none,,,0.000,,,line_lost_stop,0.0000,0.0000,0,line_too_few_bands,0.0000,0.0000,0.0000,0.0000,0.0000,0,0,0.0000,0,0.0258,0.0000,0.0000,0.0000,0.0000,0.0000,IDLE,0,0,step_zone_before_min seek=0.91<1.25,0,0,0.000,1,1.4900,nan,0.0546,0.9133,1,-0.5832,0.4944,87,5,0.0000,0.0000,0.0000,0.0000,0.0000,等待台阶,1,0.0000,0.150,0.330
3572.196,SEEK_ROUNDABOUT,15.249,0,0.913,0.0000,0.0000,none,,,0.000,,,line_lost_stop,0.0000,0.0000,0,line_too_few_bands,0.0000,0.0000,0.0000,0.0000,0.0000,0,0,0.0000,0,0.0387,0.0000,0.0000,0.0000,0.0000,0.0000,IDLE,0,0,step_zone_before_min seek=0.91<1.25,0,0,0.000,1,1.5000,nan,0.0536,0.9262,1,-0.5799,0.4940,91,5,0.0000,0.0000,0.0000,0.0000,0.0000,等待台阶,1,0.0000,0.150,0.330
3572.306,SEEK_ROUNDABOUT,15.359,0,0.913,0.0000,0.0000,none,,,0.000,,,line_lost_stop,0.0000,0.0000,0,line_too_few_bands,0.0000,0.0000,0.0000,0.0000,0.0000,0,0,0.0000,0,0.0344,0.0000,0.0000,0.0000,0.0000,0.0000,IDLE,0,0,step_zone_before_min seek=0.91<1.25,0,0,0.000,1,1.5100,nan,0.0540,0.9206,1,-0.6014,0.5014,94,5,0.0000,0.0000,0.0000,0.0000,0.0000,等待台阶,1,0.0000,0.150,0.330
3572.422,SEEK_ROUNDABOUT,15.475,0,0.913,0.0000,0.0000,none,,,0.000,,,line_lost_stop,0.0000,0.0000,0,line_too_few_bands,0.0000,0.0000,0.0000,0.0000,0.0000,0,0,0.0000,0,0.0301,0.0000,0.0000,0.0000,0.0000,0.0000,IDLE,0,0,step_zone_before_min seek=0.91<1.25,0,0,0.000,1,1.5200,nan,0.0523,0.9435,1,-0.5970,0.4991,98,5,0.0000,0.0000,0.0000,0.0000,0.0000,等待台阶,1,0.0000,0.150,0.330
3572.534,SEEK_ROUNDABOUT,15.587,0,0.913,0.0000,0.0000,none,,,0.000,,,line_lost_stop,0.0000,0.0000,0,line_too_few_bands,0.0000,0.0000,0.0000,0.0000,0.0000,0,0,0.0000,0,0.0258,0.0000,0.0000,0.0000,0.0000,0.0000,IDLE,0,0,step_zone_before_min seek=0.91<1.25,0,0,0.000,1,1.5200,nan,0.0536,0.9264,1,-0.5706,0.5010,101,5,0.0000,0.0000,0.0000,0.0000,0.0000,等待台阶,1,0.0000,0.150,0.330
3572.659,SEEK_ROUNDABOUT,15.712,0,0.913,0.0000,0.0000,none,,,0.000,,,line_lost_stop,0.0000,0.0000,0,line_too_few_bands,0.0000,0.0000,0.0000,0.0000,0.0000,0,0,0.0000,0,0.0301,0.0000,0.0000,0.0000,0.0000,0.0000,IDLE,0,0,step_zone_before_min seek=0.91<1.25,0,0,0.000,1,1.5200,nan,0.0537,0.9204,1,-0.6002,0.5111,105,5,0.0000,0.0000,0.0000,0.0000,0.0000,等待台阶,1,0.0000,0.150,0.330
3572.803,SEEK_ROUNDABOUT,15.856,0,0.913,0.0000,0.0000,none,,,0.000,,,line_lost_stop,0.0000,0.0000,0,line_too_few_bands,0.0000,0.0000,0.0000,0.0000,0.0000,0,0,0.0000,0,0.0258,0.0000,0.0000,0.0000,0.0000,0.0000,IDLE,0,0,step_zone_before_min seek=0.91<1.25,0,0,0.000,1,1.5200,nan,0.0530,0.9243,1,-0.6681,0.5139,108,5,0.0000,0.0000,0.0000,0.0000,0.0000,等待台阶,1,0.0000,0.150,0.330
3572.922,SEEK_ROUNDABOUT,15.975,0,0.913,0.0000,0.0000,none,,,0.000,,,line_lost_stop,0.0000,0.0000,0,line_too_few_bands,0.0000,0.0000,0.0000,0.0000,0.0000,0,0,0.0000,0,0.0860,0.0000,0.0000,0.0000,0.0000,0.0000,IDLE,0,0,step_zone_before_min seek=0.91<1.25,0,0,0.000,1,1.5400,nan,0.0544,0.9155,1,-0.5454,0.5085,111,5,0.0000,0.0000,0.0000,0.0000,0.0000,等待台阶,1,0.0000,0.150,0.330
3573.050,SEEK_ROUNDABOUT,16.103,0,0.913,0.0000,0.0000,none,,,0.000,,,line_lost_stop,0.0000,0.0000,0,line_too_few_bands,0.0000,0.0000,0.0000,0.0000,0.0000,0,0,0.0000,0,0.0731,0.0000,0.0000,0.0000,0.0000,0.0000,IDLE,0,0,step_zone_before_min seek=0.91<1.25,0,0,0.000,1,1.5300,nan,0.0522,0.9391,1,-0.6050,0.5195,115,5,0.0000,0.0000,0.0000,0.0000,0.0000,等待台阶,1,0.0000,0.150,0.330
3573.174,SEEK_ROUNDABOUT,16.227,0,0.913,0.0000,0.0000,none,,,0.000,,,line_lost_stop,0.0000,0.0000,0,line_too_few_bands,0.0000,0.0000,0.0000,0.0000,0.0000,0,0,0.0000,0,0.0258,0.0000,0.0000,0.0000,0.0000,0.0000,IDLE,0,0,step_zone_before_min seek=0.91<1.25,0,0,0.000,1,1.5400,nan,0.0541,0.9097,1,-0.5705,0.5215,119,5,0.0000,0.0000,0.0000,0.0000,0.0000,等待台阶,1,0.0000,0.150,0.330
3573.310,SEEK_ROUNDABOUT,16.363,0,0.913,0.0000,0.0000,none,,,0.000,,,line_lost_stop,0.0000,0.0000,0,line_too_few_bands,0.0000,0.0000,0.0000,0.0000,0.0000,0,0,0.0000,0,0.1719,0.0000,0.0000,0.0000,0.0000,0.0000,IDLE,0,0,step_zone_before_min seek=0.91<1.25,0,0,0.000,1,1.5300,nan,0.0531,0.9123,1,-0.5674,0.5214,123,5,0.0000,0.0000,0.0000,0.0000,0.0000,等待台阶,1,0.0000,0.150,0.330
3573.442,SEEK_ROUNDABOUT,16.495,0,0.913,0.0000,0.0000,none,,,0.000,,,line_lost_stop,0.0000,0.0000,0,line_too_few_bands,0.0000,0.0000,0.0000,0.0000,0.0000,1,0,0.0000,1,0.7059,0.0000,0.0000,0.0000,0.0000,0.0000,IDLE,0,0,step_zone_before_min seek=0.91<1.25,0,0,0.000,1,1.5400,nan,0.0536,0.9102,1,-0.5647,0.5202,127,5,0.0000,0.0000,0.0000,0.0000,0.0000,等待台阶,1,0.0000,0.150,0.330
3573.577,SEEK_ROUNDABOUT,16.630,0,0.913,0.0000,0.0000,none,,,0.000,,,line_lost_stop,0.0000,0.0000,0,line_too_few_bands,0.0000,0.0000,0.0000,0.0000,0.0000,0,0,0.0000,0,0.4485,0.0000,0.0000,0.0000,0.0000,0.0000,IDLE,0,0,step_zone_before_min seek=0.91<1.25,0,0,0.000,1,1.5300,nan,0.0541,0.8947,1,-0.5492,0.5212,131,5,0.0000,0.0000,0.0000,0.0000,0.0000,等待台阶,1,0.0000,0.150,0.330
3573.718,SEEK_ROUNDABOUT,16.772,0,0.913,0.0000,0.0000,none,,,0.000,,,line_lost_stop,0.0000,0.0000,0,line_too_few_bands,0.0000,0.0000,0.0000,0.0000,0.0000,1,0,0.0000,0,0.4176,0.0000,0.0000,0.0000,0.0000,0.0000,IDLE,0,0,step_zone_before_min seek=0.91<1.25,0,0,0.000,1,1.5200,nan,0.0518,0.9231,1,-0.5182,0.5231,135,5,0.0000,0.0000,0.0000,0.0000,0.0000,等待台阶,1,0.0000,0.150,0.330
3573.853,SEEK_ROUNDABOUT,16.906,0,0.913,0.0000,0.0000,none,,,0.000,,,line_lost_stop,0.0000,0.0000,0,line_too_few_bands,0.0000,0.0000,0.0000,0.0000,0.0000,0,0,0.0000,0,0.4047,0.0000,0.0000,0.0000,0.0000,0.0000,IDLE,0,0,step_zone_before_min seek=0.91<1.25,0,0,0.000,1,1.5200,nan,0.0528,0.9091,1,-0.5589,0.5219,139,5,0.0000,0.0000,0.0000,0.0000,0.0000,等待台阶,1,0.0000,0.150,0.330
3573.996,SEEK_ROUNDABOUT,17.049,0,0.913,0.0000,0.0000,none,,,0.000,,,line_lost_stop,0.0000,0.0000,0,line_too_few_bands,0.0000,0.0000,0.0000,0.0000,0.0000,0,0,0.0000,1,0.5309,0.0000,0.0000,0.0000,0.0000,0.0000,IDLE,0,0,step_zone_before_min seek=0.91<1.25,0,0,0.000,1,1.5200,nan,0.0541,0.8793,1,-0.5681,0.5312,144,5,0.0000,0.0000,0.0000,0.0000,0.0000,等待台阶,1,0.0000,0.150,0.330
3574.108,SEEK_ROUNDABOUT,17.161,0,0.913,0.0000,0.0000,none,,,0.000,,,line_lost_stop,0.0000,0.0000,0,line_too_few_bands,0.0000,0.0000,0.0000,0.0000,0.0000,1,0,0.0000,0,0.4133,0.0000,0.0000,0.0000,0.0000,0.0000,IDLE,0,0,step_zone_before_min seek=0.91<1.25,0,0,0.000,1,1.5100,nan,0.0551,0.8701,1,-0.5266,0.5282,147,5,0.0000,0.0000,0.0000,0.0000,0.0000,等待台阶,1,0.0000,0.150,0.330
3574.226,SEEK_ROUNDABOUT,17.279,0,0.913,0.0000,0.0000,none,,,0.000,,,line_lost_stop,0.0000,0.0000,0,line_too_few_bands,0.0000,0.0000,0.0000,0.0000,0.0000,0,0,0.0000,1,0.5876,0.0000,0.0000,0.0000,0.0000,0.0000,IDLE,0,0,step_zone_before_min seek=0.91<1.25,0,0,0.000,1,1.5100,nan,0.0548,0.8706,1,-0.5054,0.5282,150,5,0.0000,0.0000,0.0000,0.0000,0.0000,等待台阶,1,0.0000,0.150,0.330
3574.337,SEEK_ROUNDABOUT,17.390,0,0.913,0.0000,0.0000,none,,,0.000,,,line_lost_stop,0.0000,0.0000,0,line_too_few_bands,0.0000,0.0000,0.0000,0.0000,0.0000,0,0,0.0000,0,0.5087,0.0000,0.0000,0.0000,0.0000,0.0000,IDLE,0,0,step_zone_before_min seek=0.91<1.25,0,0,0.000,1,1.5000,nan,0.0566,0.8264,1,-0.5052,0.5260,154,5,0.0000,0.0000,0.0000,0.0000,0.0000,等待台阶,1,0.0000,0.150,0.330
3574.448,SEEK_ROUNDABOUT,17.501,0,0.913,0.0000,0.0000,none,,,0.000,,,line_lost_stop,0.0000,0.0000,0,line_too_few_bands,0.0000,0.0000,0.0000,0.0000,0.0000,0,0,0.0000,0,0.4614,0.0000,0.0000,0.0000,0.0000,0.0000,IDLE,0,0,step_zone_before_min seek=0.91<1.25,0,0,0.000,1,1.4900,nan,0.0558,0.8527,1,-0.5049,0.5226,157,5,0.0000,0.0000,0.0000,0.0000,0.0000,等待台阶,1,0.0000,0.150,0.330
3574.584,SEEK_ROUNDABOUT,17.637,0,0.913,0.0000,0.0000,none,,,0.000,,,line_lost_stop,0.0000,0.0000,0,line_too_few_bands,0.0000,0.0000,0.0000,0.0000,0.0000,0,0,0.0000,1,0.6665,0.0000,0.0000,0.0000,0.0000,0.0000,IDLE,0,0,step_zone_before_min seek=0.91<1.25,0,0,0.000,1,1.4900,nan,0.0530,0.8827,1,-0.4851,0.5226,161,5,0.0000,0.0000,0.0000,0.0000,0.0000,等待台阶,1,0.0000,0.150,0.330
3574.714,SEEK_ROUNDABOUT,17.767,0,0.913,0.0000,0.0000,none,,,0.000,,,line_lost_stop,0.0000,0.0000,0,line_too_few_bands,0.0000,0.0000,0.0000,0.0000,0.0000,0,0,0.0000,1,0.8235,0.0000,0.0000,0.0000,0.0000,0.0000,IDLE,0,0,step_zone_before_min seek=0.91<1.25,0,0,0.000,1,1.4800,nan,0.0550,0.8762,1,-0.4905,0.5179,165,5,0.0000,0.0000,0.0000,0.0000,0.0000,等待台阶,1,0.0000,0.150,0.330
3574.840,SEEK_ROUNDABOUT,17.893,0,0.913,0.0000,0.0000,none,,,0.000,,,line_lost_stop,0.0000,0.0000,0,line_too_few_bands,0.0000,0.0000,0.0000,0.0000,0.0000,0,0,0.0000,0,0.4614,0.0000,0.0000,0.0000,0.0000,0.0000,IDLE,0,0,step_zone_before_min seek=0.91<1.25,0,0,0.000,1,1.4700,nan,0.0566,0.8199,1,-0.5791,0.5178,168,5,0.0000,0.0000,0.0000,0.0000,0.0000,等待台阶,1,0.0000,0.150,0.330
3574.964,SEEK_ROUNDABOUT,18.017,0,0.913,0.0000,0.0000,none,,,0.000,,,line_lost_stop,0.0000,0.0000,0,line_too_few_bands,0.0000,0.0000,0.0000,0.0000,0.0000,0,0,0.0000,0,0.3309,0.0000,0.0000,0.0000,0.0000,0.0000,IDLE,0,0,step_zone_before_min seek=0.91<1.25,0,0,0.000,1,1.4800,nan,0.0557,0.8521,1,-0.5398,0.5143,172,5,0.0000,0.0000,0.0000,0.0000,0.0000,等待台阶,1,0.0000,0.150,0.330
3575.081,SEEK_ROUNDABOUT,18.134,0,0.913,0.0000,0.0000,none,,,0.000,,,line_lost_stop,0.0000,0.0000,0,line_too_few_bands,0.0000,0.0000,0.0000,0.0000,0.0000,0,0,0.0000,0,0.2493,0.0000,0.0000,0.0000,0.0000,0.0000,IDLE,0,0,step_zone_before_min seek=0.91<1.25,0,0,0.000,1,1.4650,nan,0.0564,0.8556,1,-0.4822,0.5074,176,5,0.0000,0.0000,0.0000,0.0000,0.0000,等待台阶,1,0.0000,0.150,0.330
3575.190,SEEK_ROUNDABOUT,18.243,0,0.913,0.0000,0.0000,none,,,0.000,,,line_lost_stop,0.0000,0.0000,0,line_too_few_bands,0.0000,0.0000,0.0000,0.0000,0.0000,0,0,0.0000,0,0.2450,0.0000,0.0000,0.0000,0.0000,0.0000,IDLE,0,0,step_zone_before_min seek=0.91<1.25,0,0,0.000,1,1.4600,nan,0.0537,0.8822,1,-0.4813,0.5112,179,5,0.0000,0.0000,0.0000,0.0000,0.0000,等待台阶,1,0.0000,0.150,0.330
3575.302,SEEK_ROUNDABOUT,18.355,0,0.913,0.0000,0.0000,none,,,0.000,,,line_lost_stop,0.0000,0.0000,0,line_too_few_bands,0.0000,0.0000,0.0000,0.0000,0.0000,0,0,0.0000,0,0.2836,0.0000,0.0000,0.0000,0.0000,0.0000,IDLE,0,0,step_zone_before_min seek=0.91<1.25,0,0,0.000,1,1.4500,nan,0.0567,0.8409,1,-0.4844,0.5049,182,5,0.0000,0.0000,0.0000,0.0000,0.0000,等待台阶,1,0.0000,0.150,0.330
3575.411,SEEK_ROUNDABOUT,18.464,0,0.913,0.0000,0.0000,none,,,0.000,,,line_lost_stop,0.0000,0.0000,0,line_too_few_bands,0.0000,0.0000,0.0000,0.0000,0.0000,0,0,0.0000,0,0.1934,0.0000,0.0000,0.0000,0.0000,0.0000,IDLE,0,0,step_zone_before_min seek=0.91<1.25,0,0,0.000,1,1.4500,nan,0.0526,0.8974,1,-0.4765,0.5069,185,5,0.0000,0.0000,0.0000,0.0000,0.0000,等待台阶,1,0.0000,0.150,0.330
3575.537,SEEK_ROUNDABOUT,18.590,0,0.913,0.0000,0.0000,none,,,0.000,,,line_lost_stop,0.0000,0.0000,0,line_too_few_bands,0.0000,0.0000,0.0000,0.0000,0.0000,0,0,0.0000,0,0.4262,0.0000,0.0000,0.0000,0.0000,0.0000,IDLE,0,0,step_zone_before_min seek=0.91<1.25,0,0,0.000,1,1.4350,nan,0.0539,0.8762,1,-0.4878,0.5050,189,5,0.0000,0.0000,0.0000,0.0000,0.0000,等待台阶,1,0.0000,0.150,0.330
3575.649,SEEK_ROUNDABOUT,18.702,0,0.913,0.0000,0.0000,none,,,0.000,,,line_lost_stop,0.0000,0.0000,0,line_too_few_bands,0.0000,0.0000,0.0000,0.0000,0.0000,0,0,0.0000,0,0.2621,0.0000,0.0000,0.0000,0.0000,0.0000,IDLE,0,0,step_zone_before_min seek=0.91<1.25,0,0,0.000,1,1.4300,nan,0.0545,0.8884,1,-0.4591,0.4974,193,5,0.0000,0.0000,0.0000,0.0000,0.0000,等待台阶,1,0.0000,0.150,0.330
3575.799,SEEK_ROUNDABOUT,18.852,0,0.913,0.0000,0.0000,none,,,0.000,,,line_lost_stop,0.0000,0.0000,0,line_too_few_bands,0.0000,0.0000,0.0000,0.0000,0.0000,0,0,0.0000,0,0.2278,0.0000,0.0000,0.0000,0.0000,0.0000,IDLE,0,0,step_zone_before_min seek=0.91<1.25,0,0,0.000,1,1.4300,nan,0.0532,0.8910,1,-0.5140,0.5024,197,5,0.0000,0.0000,0.0000,0.0000,0.0000,等待台阶,1,0.0000,0.150,0.330
3575.904,SEEK_ROUNDABOUT,18.957,0,0.913,0.0000,0.0000,none,,,0.000,,,line_lost_stop,0.0000,0.0000,0,line_too_few_bands,0.0000,0.0000,0.0000,0.0000,0.0000,0,0,0.0000,0,0.2192,0.0000,0.0000,0.0000,0.0000,0.0000,IDLE,0,0,step_zone_before_min seek=0.91<1.25,0,0,0.000,1,1.4300,nan,0.0547,0.8911,1,-0.4782,0.4951,200,5,0.0000,0.0000,0.0000,0.0000,0.0000,等待台阶,1,0.0000,0.150,0.330
3576.020,SEEK_ROUNDABOUT,19.073,0,0.913,0.0000,0.0000,none,,,0.000,,,line_lost_stop,0.0000,0.0000,0,line_too_few_bands,0.0000,0.0000,0.0000,0.0000,0.0000,0,0,0.0000,1,0.6098,0.0000,0.0000,0.0000,0.0000,0.0000,IDLE,0,0,step_zone_before_min seek=0.91<1.25,0,0,0.000,1,1.4200,nan,0.0536,0.9083,1,-0.4776,0.4931,203,5,0.0000,0.0000,0.0000,0.0000,0.0000,等待台阶,1,0.0000,0.150,0.330
3576.134,SEEK_ROUNDABOUT,19.187,0,0.913,0.0000,0.0000,none,,,0.000,,,line_lost_stop,0.0000,0.0000,0,line_too_few_bands,0.0000,0.0000,0.0000,0.0000,0.0000,0,0,0.0000,0,0.5215,0.0000,0.0000,0.0000,0.0000,0.0000,IDLE,0,0,step_zone_before_min seek=0.91<1.25,0,0,0.000,1,1.4200,nan,0.0559,0.8785,1,-0.4500,0.4915,207,5,0.0000,0.0000,0.0000,0.0000,0.0000,等待台阶,1,0.0000,0.150,0.330
3576.247,SEEK_ROUNDABOUT,19.300,0,0.913,0.0000,0.0000,none,,,0.000,,,line_lost_stop,0.0000,0.0000,0,line_too_few_bands,0.0000,0.0000,0.0000,0.0000,0.0000,0,0,0.0000,1,0.6493,0.0000,0.0000,0.0000,0.0000,0.0000,IDLE,0,0,step_zone_before_min seek=0.91<1.25,0,0,0.000,1,1.4200,nan,0.0542,0.8856,1,-0.5208,0.4914,210,5,0.0000,0.0000,0.0000,0.0000,0.0000,等待台阶,1,0.0000,0.150,0.330
3576.366,SEEK_ROUNDABOUT,19.419,0,0.913,0.0000,0.0000,none,,,0.000,,,line_lost_stop,0.0000,0.0000,0,line_too_few_bands,0.0000,0.0000,0.0000,0.0000,0.0000,0,0,0.0000,0,0.1246,0.0000,0.0000,0.0000,0.0000,0.0000,IDLE,0,0,step_zone_before_min seek=0.91<1.25,0,0,0.000,1,1.4200,nan,0.0550,0.8942,1,-0.4884,0.4844,214,5,0.0000,0.0000,0.0000,0.0000,0.0000,等待台阶,1,0.0000,0.150,0.330
3576.476,SEEK_ROUNDABOUT,19.529,0,0.913,0.0000,0.0000,none,,,0.000,,,line_lost_stop,0.0000,0.0000,0,line_too_few_bands,0.0000,0.0000,0.0000,0.0000,0.0000,0,0,0.0000,1,0.5876,0.0000,0.0000,0.0000,0.0000,0.0000,IDLE,0,0,step_zone_before_min seek=0.91<1.25,0,0,0.000,1,1.4200,nan,0.0552,0.8975,1,-0.4322,0.4808,217,5,0.0000,0.0000,0.0000,0.0000,0.0000,等待台阶,1,0.0000,0.150,0.330
3576.584,SEEK_ROUNDABOUT,19.637,0,0.913,0.0000,0.0000,none,,,0.000,,,line_lost_stop,0.0000,0.0000,0,line_too_few_bands,0.0000,0.0000,0.0000,0.0000,0.0000,0,0,0.0000,0,0.2235,0.0000,0.0000,0.0000,0.0000,0.0000,IDLE,0,0,step_zone_before_min seek=0.91<1.25,0,0,0.000,1,1.4200,nan,0.0541,0.9140,1,-0.4738,0.4844,220,5,0.0000,0.0000,0.0000,0.0000,0.0000,等待台阶,1,0.0000,0.150,0.330
3576.695,SEEK_ROUNDABOUT,19.748,0,0.913,0.0000,0.0000,none,,,0.000,,,line_lost_stop,0.0000,0.0000,0,line_too_few_bands,0.0000,0.0000,0.0000,0.0000,0.0000,0,0,0.0000,0,0.2149,0.0000,0.0000,0.0000,0.0000,0.0000,IDLE,0,0,step_zone_before_min seek=0.91<1.25,0,0,0.000,1,1.4300,nan,0.0544,0.9085,1,-0.4670,0.4828,223,5,0.0000,0.0000,0.0000,0.0000,0.0000,等待台阶,1,0.0000,0.150,0.330
3576.813,SEEK_ROUNDABOUT,19.866,0,0.913,0.0000,0.0000,none,,,0.000,,,line_lost_stop,0.0000,0.0000,0,line_too_few_bands,0.0000,0.0000,0.0000,0.0000,0.0000,0,0,0.0000,0,0.4614,0.0000,0.0000,0.0000,0.0000,0.0000,IDLE,0,0,step_zone_before_min seek=0.91<1.25,0,0,0.000,1,1.4300,nan,0.0527,0.9345,1,-0.4749,0.4809,227,5,0.0000,0.0000,0.0000,0.0000,0.0000,等待台阶,1,0.0000,0.150,0.330
3576.934,SEEK_ROUNDABOUT,19.987,0,0.913,0.0000,0.0000,none,,,0.000,,,line_lost_stop,0.0000,0.0000,0,line_too_few_bands,0.0000,0.0000,0.0000,0.0000,0.0000,0,0,0.0000,0,0.2106,0.0000,0.0000,0.0000,0.0000,0.0000,IDLE,0,0,step_zone_before_min seek=0.91<1.25,0,0,0.000,1,1.4300,nan,0.0539,0.9213,1,-0.4879,0.4813,231,5,0.0000,0.0000,0.0000,0.0000,0.0000,等待台阶,1,0.0000,0.150,0.330
3577.051,SEEK_ROUNDABOUT,20.104,0,0.913,0.0000,0.0000,none,,,0.000,,,line_lost_stop,0.0000,0.0000,0,line_too_few_bands,0.0000,0.0000,0.0000,0.0000,0.0000,0,0,0.0000,0,0.2364,0.0000,0.0000,0.0000,0.0000,0.0000,IDLE,0,0,step_zone_before_min seek=0.91<1.25,0,0,0.000,1,1.4300,nan,0.0537,0.9257,1,-0.5267,0.4823,234,5,0.0000,0.0000,0.0000,0.0000,0.0000,等待台阶,1,0.0000,0.150,0.330
3577.163,SEEK_ROUNDABOUT,20.216,0,0.913,0.0000,0.0000,none,,,0.000,,,line_lost_stop,0.0000,0.0000,0,line_too_few_bands,0.0000,0.0000,0.0000,0.0000,0.0000,0,0,0.0000,0,0.1891,0.0000,0.0000,0.0000,0.0000,0.0000,IDLE,0,0,step_zone_before_min seek=0.91<1.25,0,0,0.000,1,1.4300,nan,0.0544,0.9149,1,-0.5476,0.4825,237,5,0.0000,0.0000,0.0000,0.0000,0.0000,等待台阶,1,0.0000,0.150,0.330
3577.283,SEEK_ROUNDABOUT,20.336,0,0.913,0.0000,0.0000,none,,,0.000,,,line_lost_stop,0.0000,0.0000,0,line_too_few_bands,0.0000,0.0000,0.0000,0.0000,0.0000,0,0,0.0000,0,0.2321,0.0000,0.0000,0.0000,0.0000,0.0000,IDLE,0,0,step_zone_before_min seek=0.91<1.25,0,0,0.000,1,1.4400,nan,0.0537,0.9248,1,-0.5433,0.4808,241,5,0.0000,0.0000,0.0000,0.0000,0.0000,等待台阶,1,0.0000,0.150,0.330
3577.401,SEEK_ROUNDABOUT,20.454,0,0.913,0.0000,0.0000,none,,,0.000,,,line_lost_stop,0.0000,0.0000,0,line_too_few_bands,0.0000,0.0000,0.0000,0.0000,0.0000,0,0,0.0000,0,0.2493,0.0000,0.0000,0.0000,0.0000,0.0000,IDLE,0,0,step_zone_before_min seek=0.91<1.25,0,0,0.000,1,1.4400,nan,0.0534,0.9289,1,-0.5478,0.4802,244,5,0.0000,0.0000,0.0000,0.0000,0.0000,等待台阶,1,0.0000,0.150,0.330
3577.519,SEEK_ROUNDABOUT,20.572,0,0.913,0.0000,0.0000,none,,,0.000,,,line_lost_stop,0.0000,0.0000,0,line_too_few_bands,0.0000,0.0000,0.0000,0.0000,0.0000,0,0,0.0000,0,0.3481,0.0000,0.0000,0.0000,0.0000,0.0000,IDLE,0,0,step_zone_before_min seek=0.91<1.25,0,0,0.000,1,1.4500,nan,0.0535,0.9267,1,-0.5411,0.4802,248,5,0.0000,0.0000,0.0000,0.0000,0.0000,等待台阶,1,0.0000,0.150,0.330
3577.631,SEEK_ROUNDABOUT,20.684,0,0.913,0.0000,0.0000,none,,,0.000,,,line_lost_stop,0.0000,0.0000,0,line_too_few_bands,0.0000,0.0000,0.0000,0.0000,0.0000,0,0,0.0000,0,0.3266,0.0000,0.0000,0.0000,0.0000,0.0000,IDLE,0,0,step_zone_before_min seek=0.91<1.25,0,0,0.000,1,1.4500,nan,0.0542,0.9175,1,-0.5678,0.4819,251,5,0.0000,0.0000,0.0000,0.0000,0.0000,等待台阶,1,0.0000,0.150,0.330
3577.762,SEEK_ROUNDABOUT,20.815,0,0.913,0.0000,0.0000,none,,,0.000,,,tracking,0.0498,0.3275,1,line_edge_single_rescue,-0.8656,-0.8656,-0.8656,-0.8656,0.3100,1,0,0.0000,0,0.3481,0.0000,0.0000,0.0000,-0.8656,0.3275,IDLE,0,0,step_zone_before_min seek=0.91<1.25,0,0,0.000,1,1.4600,nan,0.0538,0.9237,1,-0.5547,0.4801,255,5,0.0000,0.0000,0.0000,0.0000,0.0000,等待台阶,1,0.0000,0.150,0.330
3577.873,SEEK_ROUNDABOUT,20.926,0,0.913,0.0000,0.0000,none,,,0.000,,,tracking,0.0850,0.4200,1,line_edge_single_rescue,-0.8291,-0.8291,-0.8291,-0.8291,0.3100,1,0,0.0000,1,1.0000,0.0000,0.0000,0.0000,-0.8291,0.4200,IDLE,0,0,step_zone_before_min seek=0.91<1.25,0,0,0.000,1,1.4700,nan,0.0534,0.9295,1,-0.6143,0.4850,258,5,0.0000,0.0000,0.0000,0.0000,0.0000,等待台阶,1,0.0000,0.150,0.330
3577.993,SEEK_ROUNDABOUT,21.046,0,0.922,0.0000,0.0000,none,,,0.000,,,line_bridge_loss,0.0393,0.1680,0,line_too_few_bands,0.0000,0.0000,0.0000,0.0000,0.0000,0,0,0.0000,0,0.2450,0.0000,0.0000,0.0000,0.0000,0.1680,IDLE,0,0,step_zone_before_min seek=0.91<1.25,0,0,0.000,1,1.4700,nan,0.0540,0.9219,1,-0.5634,0.4869,262,5,0.0000,0.0000,0.0000,0.0000,0.0000,等待台阶,1,0.0000,0.150,0.330
3578.121,SEEK_ROUNDABOUT,21.174,0,0.922,0.0000,0.0000,none,,,0.000,,,line_bridge_loss,0.0350,0.1680,0,line_too_few_bands,0.0000,0.0000,0.0000,0.0000,0.0000,0,0,0.0000,0,0.0945,0.0000,0.0000,0.0000,0.0000,0.1680,IDLE,0,0,step_zone_before_min seek=0.92<1.25,0,0,0.000,1,1.4800,nan,0.0533,0.9302,1,-0.5525,0.4906,266,5,0.0000,0.0000,0.0000,0.0000,0.0000,等待台阶,1,0.0000,0.150,0.330
3578.242,SEEK_ROUNDABOUT,21.295,0,0.922,0.0000,0.0000,none,,,0.000,,,tracking,0.0810,0.4706,1,line_curve_center_riding,-0.5625,-0.5534,-0.7048,-0.7048,0.4981,3,0,0.0000,0,0.3309,0.1514,0.0000,0.1514,-0.6543,0.4706,IDLE,0,0,step_zone_before_min seek=0.92<1.25,0,0,0.000,1,1.4900,nan,0.0540,0.9215,1,-0.5539,0.4927,270,5,0.0000,0.0000,0.0000,0.0000,0.0000,等待台阶,1,0.0000,0.150,0.330
3578.355,SEEK_ROUNDABOUT,21.408,0,0.930,0.0000,0.0000,none,,,0.000,,,line_bridge_loss,0.0382,0.2544,0,line_too_few_bands,0.0000,0.0000,0.0000,0.0000,0.0000,0,0,0.0000,0,0.1461,0.0000,0.0000,0.0000,0.0000,0.2544,IDLE,0,0,step_zone_before_min seek=0.92<1.25,0,0,0.000,1,1.4900,nan,0.0547,0.8990,1,-0.5081,0.5086,273,5,0.0000,0.0000,0.0000,0.0000,0.0000,等待台阶,1,0.0000,0.150,0.330
3578.461,SEEK_ROUNDABOUT,21.514,0,0.930,0.0000,0.0000,none,,,0.000,,,tracking,0.0786,0.4840,1,line_curve_center_riding,-0.3152,-0.2968,-0.6035,-0.6035,0.5631,4,0,0.0000,0,0.3094,0.3067,0.0000,0.3067,-0.5013,0.4840,IDLE,0,0,step_zone_before_min seek=0.93<1.25,0,0,0.000,1,1.4800,nan,0.0561,0.7847,1,-0.3057,0.5438,276,5,0.0000,0.0000,0.0000,0.0000,0.0000,等待台阶,1,0.0000,0.150,0.330
3578.585,SEEK_ROUNDABOUT,21.638,0,0.930,0.0000,0.0000,none,,,0.000,,,tracking,0.1258,0.4202,1,line_curve_center_riding,-0.3313,-0.3219,-0.4773,-0.4773,0.3956,2,0,0.0000,0,0.3395,0.1553,0.0000,0.1553,-0.4255,0.4202,IDLE,0,0,step_zone_before_min seek=0.93<1.25,0,0,0.000,0,nan,nan,nan,0.0000,0,nan,nan,0,5,0.0000,0.0000,0.0000,0.0000,0.0000,等待台阶,1,0.0000,0.150,0.330
3578.698,SEEK_ROUNDABOUT,21.751,0,0.934,0.0000,0.0000,none,,,0.000,,,tracking,0.1450,0.2850,1,line_curve_center_riding,-0.1552,-0.1313,-0.5297,-0.6049,0.6692,5,0,0.0000,1,0.9231,0.3984,0.0751,0.4736,-0.4220,0.2850,IDLE,0,0,step_zone_before_min seek=0.93<1.25,0,0,0.000,0,nan,nan,nan,0.0000,0,nan,nan,0,5,0.0000,0.0000,0.0000,0.0000,0.0000,等待台阶,1,0.0000,0.150,0.330
3578.832,SEEK_ROUNDABOUT,21.885,0,0.934,0.0000,0.0000,none,,,0.000,,,tracking,0.1450,0.1731,1,line_curve_center_riding,-0.0571,-0.0334,-0.4288,-0.4755,0.6526,5,0,0.0000,1,1.0000,0.3954,0.0468,0.4422,-0.3126,0.1731,IDLE,0,0,step_zone_before_min seek=0.93<1.25,0,0,1.000,0,1.0150,1.0150,0.0470,0.9064,1,0.6626,-0.3910,4,5,0.0000,0.0000,0.0000,0.0000,0.0000,等待台阶,1,0.0000,0.150,0.330
3578.969,SEEK_ROUNDABOUT,22.022,0,0.937,0.0000,0.0000,none,,,0.000,,,tracking,0.1450,0.0390,1,line_recenter_transition,0.0816,0.0896,-0.3092,-0.4899,0.7404,6,0,0.0000,1,1.0000,0.3988,0.1807,0.5795,-0.2365,0.0390,IDLE,0,0,step_zone_before_min seek=0.93<1.25,0,0,2.000,1,1.0200,1.0175,0.0470,0.9338,1,0.6619,-0.3952,8,5,0.0000,0.0000,0.0000,0.0000,0.0000,等待台阶,1,0.0000,0.150,0.330
3579.081,SEEK_ROUNDABOUT,22.134,0,0.942,0.0000,0.0000,none,,,0.000,,,tracking,0.1450,-0.0488,1,line_recenter_transition,0.1236,0.1312,-0.2486,-0.3891,0.7461,6,0,0.0000,1,1.0000,0.3799,0.1404,0.5203,-0.1688,-0.0488,IDLE,0,0,step_zone_before_min seek=0.94<1.25,0,0,3.000,1,1.0100,1.0150,0.0460,0.9195,1,0.6523,-0.3909,11,5,0.0000,0.0000,0.0000,0.0000,0.0000,等待台阶,1,0.0000,0.150,0.330
3579.214,SEEK_ROUNDABOUT,22.267,0,0.946,0.0000,0.0000,none,,,0.000,,,tracking,0.1450,-0.1017,1,line_recenter_transition,0.1464,0.1537,-0.2101,-0.3523,0.7467,6,0,0.0000,1,1.0000,0.3638,0.1421,0.5060,-0.1362,-0.1017,IDLE,0,0,step_zone_before_min seek=0.94<1.25,0,0,4.000,1,0.9900,1.0125,0.0449,0.9057,1,0.6023,-0.3502,15,5,0.0000,0.0000,0.0000,0.0000,0.0000,等待台阶,1,0.0000,0.150,0.330
3579.329,SEEK_ROUNDABOUT,22.382,0,0.952,0.0000,0.0000,none,,,0.000,,,tracking,0.1450,-0.1138,1,line_recenter_transition,0.1202,0.1264,-0.1855,-0.3508,0.6668,5,0,0.0000,1,1.0000,0.3119,0.1653,0.4772,-0.1366,-0.1138,IDLE,0,0,step_zone_before_min seek=0.95<1.25,0,0,5.000,1,0.9800,1.0100,0.0469,0.9313,1,0.5915,-0.3227,18,5,0.0000,0.0000,0.0000,0.0000,0.0000,等待台阶,1,0.0000,0.150,0.330
3579.445,SEEK_ROUNDABOUT,22.498,0,0.965,0.0000,0.0000,none,,,0.000,,,tracking,0.1450,-0.0934,1,line_recenter_transition,0.0728,0.0794,-0.2532,-0.3936,0.7532,6,0,0.0000,1,1.0000,0.3326,0.1404,0.4730,-0.1891,-0.0934,IDLE,0,0,step_zone_before_min seek=0.95<1.25,0,0,6.000,1,0.9700,0.9900,0.0451,0.9086,1,0.5538,-0.3026,22,5,0.0000,0.0000,0.0000,0.0000,0.0000,等待台阶,1,0.0000,0.150,0.330
3579.565,SEEK_ROUNDABOUT,22.618,0,0.979,0.0000,0.0000,none,,,0.000,,,tracking,0.1450,-0.0399,1,line_curve_center_riding,-0.0058,0.0136,-0.3090,-0.4410,0.7559,6,0,0.0000,1,1.0000,0.3225,0.1320,0.4546,-0.2455,-0.0399,IDLE,0,0,step_zone_before_min seek=0.96<1.25,0,0,6.000,1,0.9700,0.9800,0.0466,0.9284,1,0.5398,-0.2903,25,5,0.0000,0.0000,0.0000,0.0000,0.0000,等待台阶,1,0.0000,0.150,0.330
3579.706,SEEK_ROUNDABOUT,22.759,0,0.998,0.0000,0.0000,none,,,0.000,,,tracking,0.1450,0.0440,1,line_curve_center_riding,-0.1132,-0.0939,-0.4159,-0.4496,0.6674,5,0,0.0000,1,1.0000,0.3220,0.0337,0.3557,-0.3198,0.0440,IDLE,0,0,step_zone_before_min seek=0.98<1.25,0,0,6.000,1,0.9500,0.9700,0.0473,0.9375,1,0.5338,-0.2836,29,5,0.0000,0.0000,0.0000,0.0000,0.0000,等待台阶,1,0.0000,0.150,0.330
3579.835,SEEK_ROUNDABOUT,22.888,0,1.020,0.0000,0.0000,none,,,0.000,,,tracking,0.1450,0.1339,1,line_curve_center_riding,-0.2018,-0.1828,-0.4995,-0.5316,0.6653,5,0,0.0000,1,1.0000,0.3167,0.0321,0.3488,-0.4046,0.1339,IDLE,0,0,step_zone_before_min seek=1.00<1.25,0,0,6.000,1,0.9300,0.9700,0.0451,0.9081,1,0.5332,-0.2927,33,5,0.0000,0.0000,0.0000,0.0000,0.0000,等待台阶,1,0.0000,0.150,0.330
3579.974,SEEK_ROUNDABOUT,23.027,0,1.056,0.0000,0.0000,none,,,0.000,,,tracking,0.1700,0.2662,1,line_curve_center_riding,-0.3611,-0.3468,-0.5849,-0.5849,0.4980,3,0,0.0000,1,1.0000,0.2380,0.0000,0.2380,-0.5055,0.2662,IDLE,0,0,step_zone_before_min seek=1.02<1.25,0,0,6.000,1,0.9200,0.9500,0.0476,0.9405,1,0.5590,-0.2967,37,5,0.0000,0.0000,0.0000,0.0000,0.0000,等待台阶,1,0.0000,0.150,0.330
3580.110,SEEK_ROUNDABOUT,23.163,0,1.092,0.0000,0.0000,none,,,0.000,,,tracking,0.1554,0.3680,1,line_curve_center_riding,-0.4335,-0.4198,-0.6483,-0.6701,0.5907,4,0,0.0000,1,1.0000,0.2285,0.0218,0.2503,-0.5794,0.3680,IDLE,0,0,step_zone_before_min seek=1.06<1.25,0,0,6.000,1,0.9000,0.9300,0.0469,0.9318,1,0.5636,-0.3092,41,5,0.0000,0.0000,0.0000,0.0000,0.0000,等待台阶,1,0.0000,0.150,0.330
3580.228,SEEK_ROUNDABOUT,23.281,0,1.118,0.0000,0.0000,none,,,0.000,,,tracking,0.1341,0.4507,1,line_curve_center_riding,-0.4903,-0.4803,-0.6471,-0.6471,0.6018,4,0,0.0000,1,1.0000,0.1668,0.0000,0.1668,-0.5915,0.4507,IDLE,0,0,step_zone_before_min seek=1.09<1.25,0,0,6.000,1,0.8800,0.9200,0.0468,0.9310,1,0.5714,-0.3098,45,5,0.0000,0.0000,0.0000,0.0000,0.0000,等待台阶,1,0.0000,0.150,0.330
3580.354,SEEK_ROUNDABOUT,23.407,0,1.162,0.0000,0.0000,none,,,0.000,,,tracking,0.1233,0.4927,1,line_curve_center_riding,-0.4981,-0.4906,-0.6144,-0.6144,0.4117,2,0,0.0000,1,1.0000,0.1237,0.0000,0.1237,-0.5731,0.4927,IDLE,0,0,step_zone_before_min seek=1.12<1.25,0,0,6.000,1,0.8600,0.9000,0.0451,0.9082,1,0.5813,-0.3035,48,5,0.0000,0.0000,0.0000,0.0000,0.0000,等待台阶,1,0.0000,0.150,0.330
3580.483,SEEK_ROUNDABOUT,23.536,0,1.197,0.4000,0.0000,none,,,0.000,,,tracking,0.1154,0.5233,1,line_center_tracking,-0.5135,-0.4893,-0.5757,-0.5757,0.5200,3,0,0.0000,1,1.0000,0.0865,0.0000,0.0865,-0.5469,0.5233,IDLE,0,0,step_zone_before_min seek=1.16<1.25,0,0,6.000,1,0.8300,0.8800,0.0463,0.9247,1,0.5560,-0.2872,52,5,0.0000,0.0000,0.0000,0.0000,0.0000,等待台阶,1,0.0000,0.150,0.330
3580.606,SEEK_ROUNDABOUT,23.659,0,1.221,0.4000,0.0000,none,,,0.000,,,tracking,0.1224,0.4963,1,line_center_tracking,-0.4419,-0.4252,-0.4850,-0.4850,0.4444,2,0,0.0000,1,1.0000,0.0598,0.0000,0.0598,-0.4650,0.4963,IDLE,0,0,step_zone_before_min seek=1.20<1.25,0,0,6.000,1,0.8100,0.8600,0.0460,0.9203,1,0.5404,-0.2668,55,5,0.0000,0.0000,0.0000,0.0000,0.0000,等待台阶,1,0.0000,0.150,0.330
3580.716,SEEK_ROUNDABOUT,23.769,0,1.256,0.2000,0.0000,none,,,0.000,,,tracking,0.1319,0.4594,1,line_center_tracking,-0.3956,-0.3813,-0.4324,-0.3642,0.7090,5,0,0.0000,1,1.0000,0.0511,0.0682,0.0171,-0.3927,0.4594,IDLE,0,0,step_zone_before_min seek=1.22<1.25,0,0,6.000,1,0.7800,0.8300,0.0450,0.9062,1,0.4884,-0.2492,58,5,0.0000,0.0000,0.0000,0.0000,0.0000,等待台阶,1,0.0000,0.150,0.330
3580.833,SEEK_ROUNDABOUT,23.886,0,1.256,0.2000,0.0000,none,,,0.000,,,step_align_slow/course_events_frozen,0.0873,0.2158,1,line_center_tracking,-0.3089,-0.3065,-0.3151,-0.3992,0.6225,4,0,0.0000,1,1.0000,0.0086,0.0841,0.0928,-0.3403,0.2158,IDLE,0,1,depth_pose_aligning angle=+26.4deg lat=-0.225,0,0,6.000,1,0.7600,0.8100,0.0448,0.9047,1,0.4611,-0.2248,61,5,0.0000,0.0000,0.0000,0.0000,0.0000,等待台阶,1,0.0000,0.150,0.330
3581.006,SEEK_ROUNDABOUT,24.059,0,1.256,0.0000,0.0000,none,,,0.000,,,step_align_slow/course_events_frozen,0.0367,0.1087,1,line_center_tracking,-0.1643,-0.1625,-0.1689,-0.1689,0.4570,2,0,0.0000,1,1.0000,0.0064,0.0000,0.0064,-0.1668,0.1087,IDLE,0,1,depth_pose_aligning angle=+23.0deg lat=-0.188,0,0,6.000,1,0.7300,0.7800,0.0433,0.8821,1,0.4012,-0.1879,65,5,0.0000,0.0000,0.0000,0.0000,0.0000,等待台阶,1,0.0000,0.150,0.330
3581.133,SEEK_ROUNDABOUT,24.186,0,1.256,0.0000,0.0000,none,,,0.000,,,step_depth_pose_align/course_events_frozen,0.0000,0.3000,0,line_too_few_bands,0.0000,0.0000,0.0000,0.0000,0.0000,1,0,0.0000,1,1.0000,0.0000,0.0000,0.0000,0.0000,0.3000,IDLE,0,1,depth_pose_aligning angle=+21.2deg lat=-0.159,0,0,6.000,1,0.7000,0.7600,0.0445,0.8987,1,0.3701,-0.1592,68,5,0.0000,0.0000,0.0000,0.0000,0.0000,等待台阶,1,0.0000,0.150,0.330
3581.248,SEEK_ROUNDABOUT,24.301,0,1.256,0.2000,0.0000,none,,,0.000,,,step_align_creep/course_events_frozen,0.0150,0.0139,1,line_curve_center_riding,0.2418,0.2186,0.6050,0.6050,0.2762,2,0,0.0000,1,1.0000,0.3864,0.0000,0.3864,0.4762,0.0139,IDLE,0,1,depth_pose_aligning angle=+19.3deg lat=-0.142,0,0,6.000,1,0.6900,0.7300,0.0440,0.8891,1,0.3364,-0.1423,70,5,0.0000,0.0000,0.0000,0.0000,0.0000,等待台阶,1,0.0000,0.150,0.330
3581.375,SEEK_ROUNDABOUT,24.428,0,1.256,0.4000,0.0000,none,,,0.000,,,step_align_creep/course_events_frozen,0.0150,0.0579,1,line_center_tracking,-0.0714,-0.0687,-0.0782,-0.0782,0.4676,2,0,0.0000,1,1.0000,0.0095,0.0000,0.0095,-0.0751,0.0579,IDLE,0,1,depth_pose_aligning angle=+16.2deg lat=-0.106,0,0,6.000,1,0.6600,0.7000,0.0447,0.8991,1,0.2822,-0.1064,74,5,0.0000,0.0000,0.0000,0.0000,0.0000,等待台阶,1,0.0000,0.150,0.330
3581.493,SEEK_ROUNDABOUT,24.546,0,1.256,0.2000,0.0000,none,,,0.000,,,step_depth_pose_align/course_events_frozen,0.0000,0.3000,0,line_too_few_bands,0.0000,0.0000,0.0000,0.0000,0.0000,1,0,0.0000,1,1.0000,0.0000,0.0000,0.0000,0.0000,0.3000,IDLE,0,1,depth_pose_aligning angle=+12.8deg lat=-0.076,0,0,6.000,1,0.6300,0.6900,0.0474,0.9355,1,0.2235,-0.0756,78,5,0.0000,0.0000,0.0000,0.0000,0.0000,等待台阶,1,0.0000,0.150,0.330
3581.619,SEEK_ROUNDABOUT,24.672,0,1.256,0.4000,0.0000,none,,,0.000,,,tracking,0.0482,0.2651,1,line_curve_center_riding,-0.2455,-0.2174,-0.6856,-0.6856,0.2755,2,0,0.0000,1,1.0000,0.4682,0.0000,0.4682,-0.5295,0.2651,IDLE,0,0,candidate_fields_invalid,0,0,5.400,0,nan,0.6900,nan,0.0000,0,nan,nan,0,5,0.0000,0.0000,0.0000,0.0000,0.0000,等待台阶,1,0.0000,0.150,0.330
3581.749,SEEK_ROUNDABOUT,24.802,0,1.256,0.0000,0.0000,none,,,0.000,,,line_bridge_loss,0.0350,0.1061,0,line_too_few_bands,0.0000,0.0000,0.0000,0.0000,0.0000,0,0,0.0000,1,1.0000,0.0000,0.0000,0.0000,0.0000,0.1061,IDLE,0,0,candidate_fields_invalid,0,0,4.800,0,nan,0.6900,nan,0.0000,0,nan,nan,0,5,0.0000,0.0000,0.0000,0.0000,0.0000,等待台阶,1,0.0000,0.150,0.330
3581.866,SEEK_ROUNDABOUT,24.919,0,1.256,0.4000,0.0000,none,,,0.000,,,line_bridge_loss,0.0350,0.1061,0,line_too_few_bands,0.0000,0.0000,0.0000,0.0000,0.0000,1,0,0.0000,1,1.0000,0.0000,0.0000,0.0000,0.0000,0.1061,IDLE,0,0,candidate_fields_invalid,0,0,4.200,0,nan,0.6750,nan,0.0000,0,nan,nan,0,5,0.0000,0.0000,0.0000,0.0000,0.0000,等待台阶,1,0.0000,0.150,0.330
3581.984,SEEK_ROUNDABOUT,25.037,0,1.256,0.0000,0.0000,none,,,0.000,,,line_bridge_loss,0.0350,0.1061,0,line_too_few_bands,0.0000,0.0000,0.0000,0.0000,0.0000,1,0,0.0000,1,1.0000,0.0000,0.0000,0.0000,0.0000,0.1061,IDLE,0,0,candidate_fields_invalid,0,0,3.600,0,nan,0.6600,nan,0.0000,0,nan,nan,0,5,0.0000,0.0000,0.0000,0.0000,0.0000,等待台阶,1,0.0000,0.150,0.330
3582.109,SEEK_ROUNDABOUT,25.162,0,1.256,0.6000,0.0000,none,,,0.000,,,tracking,0.0826,0.2122,1,line_curve_center_riding,-0.1467,-0.1253,-0.4818,-0.4236,0.4286,3,0,0.0000,1,1.0000,0.3564,0.0582,0.2983,-0.3436,0.2122,IDLE,0,0,candidate_fields_invalid,0,0,3.000,0,nan,0.6450,nan,0.0000,0,nan,nan,0,5,0.0000,0.0000,0.0000,0.0000,0.0000,等待台阶,1,0.0000,0.150,0.330
3582.257,SEEK_ROUNDABOUT,25.310,0,1.261,0.0000,0.0000,none,,,0.000,,,line_bridge_loss,0.0350,0.0849,0,line_low_confidence,0.3081,0.3164,-0.0965,-0.4269,0.1918,2,0,0.0000,1,1.0000,0.4129,0.3303,0.7432,-0.0690,0.0849,IDLE,0,0,candidate_fields_invalid,0,0,2.400,0,nan,0.6300,nan,0.0000,0,nan,nan,0,5,0.0000,0.0000,0.0000,0.0000,0.0000,等待台阶,1,0.0000,0.150,0.330
3582.370,SEEK_ROUNDABOUT,25.423,0,1.261,0.0000,0.0000,none,,,0.000,,,line_bridge_loss,0.0350,0.0849,0,line_too_few_bands,0.0000,0.0000,0.0000,0.0000,0.0000,1,0,0.0000,1,1.0000,0.0000,0.0000,0.0000,0.0000,0.0849,IDLE,0,0,candidate_fields_invalid,0,0,1.800,0,nan,nan,nan,0.0000,0,nan,nan,0,5,0.0000,0.0000,0.0000,0.0000,0.0000,等待台阶,1,0.0000,0.150,0.330
3582.491,SEEK_ROUNDABOUT,25.544,0,1.261,0.4000,0.0000,none,,,0.000,,,tracking,0.0810,-0.2118,1,line_curve_center_riding,0.5889,0.5658,0.9513,0.4980,0.5345,5,0,0.0000,1,1.0000,0.3855,0.4533,0.0678,0.6717,-0.2118,IDLE,0,0,candidate_fields_invalid,0,0,1.200,0,nan,nan,nan,0.0000,0,nan,nan,0,5,0.0000,0.0000,0.0000,0.0000,0.0000,等待台阶,1,0.0000,0.150,0.330
3582.608,SEEK_ROUNDABOUT,25.661,0,1.276,0.0000,0.0000,none,,,0.000,,,line_bridge_loss,0.0368,-0.0847,0,line_too_few_bands,0.0000,0.0000,0.0000,0.0000,0.0000,1,0,0.0000,1,1.0000,0.0000,0.0000,0.0000,0.0000,-0.0847,IDLE,0,0,candidate_fields_invalid,0,0,0.600,0,nan,nan,nan,0.0000,0,nan,nan,0,5,0.0000,0.0000,0.0000,0.0000,0.0000,等待台阶,1,0.0000,0.150,0.330
3582.739,SEEK_ROUNDABOUT,25.792,0,1.276,0.0000,0.0000,none,,,0.000,,,tracking,0.0869,-0.2762,1,line_curve_center_riding,0.3281,0.3161,0.5171,0.5171,0.3716,2,0,0.0000,1,1.0000,0.2010,0.0000,0.2010,0.4501,-0.2762,IDLE,0,0,candidate_fields_invalid,0,0,0.000,0,nan,nan,nan,0.0000,0,nan,nan,0,5,0.0000,0.0000,0.0000,0.0000,0.0000,等待台阶,1,0.0000,0.150,0.330
3582.860,SEEK_ROUNDABOUT,25.913,0,1.288,0.0000,0.0000,none,,,0.000,,,tracking,0.1326,-0.2169,1,line_center_tracking,0.1593,0.1575,0.1638,0.1638,0.4718,2,0,0.0000,1,1.0000,0.0063,0.0000,0.0063,0.1617,-0.2169,IDLE,0,0,candidate_fields_invalid,0,0,0.000,0,nan,nan,nan,0.0000,0,nan,nan,0,5,0.0000,0.0000,0.0000,0.0000,0.0000,等待台阶,1,0.0000,0.150,0.330
3582.989,SEEK_ROUNDABOUT,26.042,0,1.301,0.0000,0.0000,none,,,0.000,,,tracking,0.1817,-0.1387,1,line_center_tracking,0.0620,0.0627,0.0604,0.0604,0.5130,3,0,0.0000,1,1.0000,0.0022,0.0000,0.0022,0.0612,-0.1387,IDLE,0,0,candidate_fields_invalid,0,0,0.000,0,nan,nan,nan,0.0000,0,nan,nan,0,5,0.0000,0.0000,0.0000,0.0000,0.0000,等待台阶,1,0.0000,0.150,0.330
3583.118,SEEK_ROUNDABOUT,26.171,0,1.315,0.4000,0.0000,none,,,0.000,,,tracking,0.1700,-0.1247,1,line_curve_center_riding,0.0970,0.1111,-0.1231,-0.1231,0.4921,3,0,0.0000,1,1.0000,0.2342,0.0000,0.2342,-0.0451,-0.1247,IDLE,0,0,candidate_fields_invalid,0,0,0.000,0,nan,nan,nan,0.0000,0,nan,nan,0,5,0.0000,0.0000,0.0000,0.0000,0.0000,等待台阶,1,0.0000,0.150,0.330
3583.244,SEEK_ROUNDABOUT,26.297,0,1.323,0.0000,0.0000,none,,,0.000,,,tracking,0.2180,-0.0629,1,line_center_tracking,0.0080,0.0113,-0.0007,-0.0007,0.4413,2,0,0.0000,1,1.0000,0.0120,0.0000,0.0120,0.0033,-0.0629,IDLE,0,0,candidate_fields_invalid,0,0,0.000,0,nan,nan,nan,0.0000,0,nan,nan,0,5,0.0000,0.0000,0.0000,0.0000,0.0000,等待台阶,1,0.0000,0.150,0.330
3583.365,SEEK_ROUNDABOUT,26.418,0,1.333,0.8000,0.3500,none,,,0.000,,,tracking,0.2361,-0.0440,1,line_center_tracking,0.0205,0.0108,0.0453,-0.0567,0.6968,5,0,0.0000,1,1.0000,0.0344,0.1020,0.0675,-0.0002,-0.0440,IDLE,0,0,candidate_evidence_wait 1.0/2.4,0,0,1.000,0,0.6100,0.6100,0.0390,0.8153,0,nan,0.0081,1,5,0.0000,0.0000,0.0000,0.0000,0.0000,等待台阶,1,0.0000,0.150,0.330
3583.488,SEEK_ROUNDABOUT,26.541,0,1.345,0.0000,0.0500,none,,,0.000,,,tracking,0.2401,-0.0061,1,line_center_tracking,-0.0261,-0.0198,-0.0424,-0.1089,0.7046,5,0,0.0000,1,1.0000,0.0225,0.0665,0.0891,-0.0570,-0.0061,IDLE,0,0,candidate_evidence_wait 2.0/2.4,0,0,2.000,0,0.6200,0.6150,0.0421,0.8604,1,0.0720,-0.0058,4,5,0.0000,0.0000,0.0000,0.0000,0.0000,等待台阶,1,0.0000,0.150,0.330
3583.642,SEEK_ROUNDABOUT,26.696,0,1.345,0.0000,0.0500,none,,,0.000,,,step_align_creep/course_events_frozen,0.1894,-0.0446,1,line_center_tracking,-0.0284,-0.0385,-0.0025,0.0209,0.6346,4,0,0.0000,1,1.0000,0.0360,0.0233,0.0593,-0.0067,-0.0446,IDLE,0,1,depth_pose_aligned 1/3 angle=+5.3deg lat=+0.001,0,0,3.000,1,0.6200,0.6200,0.0401,0.8296,1,0.0931,0.0014,7,5,0.0000,0.0000,0.0000,0.0000,0.0000,等待台阶,1,0.0000,0.150,0.330
3583.769,SEEK_ROUNDABOUT,26.822,0,1.345,0.8000,0.0500,none,,,0.000,,,step_align_creep/course_events_frozen,0.1414,0.0039,1,line_center_tracking,-0.0402,-0.0434,-0.0319,-0.0220,0.6381,4,0,0.0000,1,1.0000,0.0115,0.0100,0.0215,-0.0324,0.0039,IDLE,0,1,depth_pose_aligned 2/3 angle=+6.8deg lat=-0.002,0,0,4.000,1,0.6300,0.6200,0.0379,0.7956,1,0.1182,-0.0022,10,5,0.0000,0.0000,0.0000,0.0000,0.0000,等待台阶,1,0.0000,0.150,0.330
3583.894,SEEK_ROUNDABOUT,26.947,0,1.345,0.4000,0.0500,none,,,0.000,,,step_align_creep/course_events_frozen,0.0938,-0.3091,1,line_curve_center_riding,0.0714,0.0555,0.3195,0.3975,0.5871,4,0,0.0000,1,1.0000,0.2640,0.0779,0.3419,0.2575,-0.3091,IDLE,0,1,step_confirmed_slow_align d=0.620,0,0,5.000,1,0.6400,0.6200,0.0418,0.8548,0,nan,-0.0206,12,5,0.0000,0.0000,0.0000,0.0000,0.0000,等待台阶,1,0.0000,0.150,0.330
3584.028,SEEK_ROUNDABOUT,27.081,0,1.345,0.4000,0.0500,none,,,0.000,,,step_align_creep/course_events_frozen,0.0431,0.0242,1,line_recenter_transition,0.2086,0.2166,-0.1862,-0.5270,0.4253,3,0,0.0000,1,1.0000,0.4028,0.3408,0.7436,-0.1655,0.0242,IDLE,0,1,step_confirmed_slow_align d=0.630,0,0,6.000,1,0.6400,0.6300,0.0427,0.8666,0,nan,-0.0303,15,5,0.0000,0.0000,0.0000,0.0000,0.0000,等待台阶,1,0.0000,0.150,0.330
3584.188,SEEK_ROUNDABOUT,27.241,0,1.345,0.4000,0.0500,none,,,0.000,,,step_align_line_lost_stop/course_events_frozen,0.0000,0.0000,0,line_too_few_bands,0.0000,0.0000,0.0000,0.0000,0.0000,0,0,0.0000,1,1.0000,0.0000,0.0000,0.0000,0.0000,0.0000,IDLE,0,1,step_confirmed_slow_align d=0.640,0,0,6.000,1,0.6400,0.6400,0.0411,0.8411,0,nan,-0.0335,19,5,0.0000,0.0000,0.0000,0.0000,0.0000,等待台阶,1,0.0000,0.150,0.330
3584.331,SEEK_ROUNDABOUT,27.384,0,1.345,0.0000,0.0500,none,,,0.000,,,step_align_line_lost_stop/course_events_frozen,0.0000,0.0000,0,line_too_few_bands,0.0000,0.0000,0.0000,0.0000,0.0000,1,0,0.0000,1,1.0000,0.0000,0.0000,0.0000,0.0000,0.0000,IDLE,0,1,step_confirmed_slow_align d=0.640,0,0,6.000,1,0.6200,0.6400,0.0387,0.8084,0,nan,-0.0265,23,5,0.0000,0.0000,0.0000,0.0000,0.0000,等待台阶,1,0.0000,0.150,0.330
3584.451,SEEK_ROUNDABOUT,27.504,0,1.345,0.2000,0.0500,none,,,0.000,,,step_align_creep/course_events_frozen,0.0150,-0.3001,1,line_curve_center_riding,0.0864,0.0559,0.5644,0.6231,0.2738,2,0,0.0000,1,1.0000,0.5085,0.0587,0.5672,0.4144,-0.3001,IDLE,0,1,depth_pose_aligning angle=+8.7deg lat=-0.031,0,0,6.000,1,0.5900,0.6400,0.0428,0.8688,1,0.1520,-0.0310,28,5,0.0000,0.0000,0.0000,0.0000,0.0000,等待台阶,1,0.0000,0.150,0.330
3584.670,SEEK_ROUNDABOUT,27.723,0,1.345,0.0000,0.0000,none,,,0.000,,,line_bridge_loss,0.0350,-0.1360,0,line_too_few_bands,0.0000,0.0000,0.0000,0.0000,0.0000,1,0,0.0000,1,1.0000,0.0000,0.0000,0.0000,0.0000,-0.1360,IDLE,0,0,candidate_fields_invalid,0,0,5.400,0,nan,0.6400,nan,0.0000,0,nan,nan,0,5,0.0000,0.0000,0.0000,0.0000,0.0000,等待台阶,1,0.0000,0.150,0.330
3584.793,SEEK_ROUNDABOUT,27.846,0,1.345,0.0000,0.0000,none,,,0.000,,,tracking,0.0818,-0.4442,1,line_curve_center_riding,0.4984,0.5067,0.3682,0.3682,0.5351,4,0,0.0000,1,1.0000,0.1385,0.0000,0.1385,0.4144,-0.4442,IDLE,0,0,candidate_fields_invalid,0,0,4.800,0,nan,0.6300,nan,0.0000,0,nan,nan,0,5,0.0000,0.0000,0.0000,0.0000,0.0000,等待台阶,1,0.0000,0.150,0.330
3584.962,SEEK_ROUNDABOUT,28.015,0,1.390,0.0000,0.0000,none,,,0.000,,,tracking,0.0850,-0.4200,1,line_edge_single_rescue,0.6449,0.6449,0.6449,0.6449,0.3100,1,0,0.0000,1,1.0000,0.0000,0.0000,0.0000,0.6449,-0.4200,IDLE,0,0,candidate_fields_invalid,0,0,4.200,0,nan,0.6200,nan,0.0000,0,nan,nan,0,5,0.0000,0.0000,0.0000,0.0000,0.0000,等待台阶,1,0.0000,0.150,0.330
3585.121,SEEK_ROUNDABOUT,28.174,0,1.418,0.0000,0.0000,none,,,0.000,,,tracking,0.1000,-0.6572,1,line_curve_center_riding,0.6437,0.6619,0.3592,0.3632,0.5602,4,0,0.0000,1,1.0000,0.3027,0.0040,0.2987,0.4615,-0.6572,IDLE,0,0,candidate_fields_invalid,0,0,3.600,0,nan,0.6050,nan,0.0000,0,nan,nan,0,5,0.0000,0.0000,0.0000,0.0000,0.0000,等待台阶,1,0.0000,0.150,0.330
3585.349,SEEK_ROUNDABOUT,28.402,0,1.443,0.0000,0.0000,none,,,0.000,,,line_bridge_loss,0.0493,-0.3239,0,line_too_few_bands,0.0000,0.0000,0.0000,0.0000,0.0000,1,0,0.0000,1,1.0000,0.0000,0.0000,0.0000,0.0000,-0.3239,IDLE,0,0,candidate_fields_invalid,0,0,3.000,0,nan,nan,nan,0.0000,0,nan,nan,0,5,0.0000,0.0000,0.0000,0.0000,0.0000,等待台阶,1,0.0000,0.150,0.330
3585.508,SEEK_ROUNDABOUT,28.561,0,1.443,0.8000,0.3500,none,,,0.000,,,tracking,0.1000,-0.4480,1,line_center_tracking,0.2254,0.2344,0.2025,0.2025,0.3853,2,0,0.0000,1,1.0000,0.0319,0.0000,0.0319,0.2131,-0.4480,IDLE,0,0,candidate_fields_invalid,0,0,2.400,0,nan,nan,nan,0.0000,0,nan,nan,0,5,0.0000,0.0000,0.0000,0.0000,0.0000,等待台阶,1,0.0000,0.150,0.330
3585.699,SEEK_ROUNDABOUT,28.752,0,1.446,0.6000,0.0500,none,,,0.000,,,tracking,0.1164,-0.5195,1,line_curve_center_riding,0.5345,0.5120,0.8878,0.8878,0.2816,2,0,0.0000,1,1.0000,0.3758,0.0000,0.3758,0.7625,-0.5195,IDLE,0,0,candidate_fields_invalid,0,0,1.800,0,nan,nan,nan,0.0000,0,nan,nan,0,5,0.0000,0.0000,0.0000,0.0000,0.0000,等待台阶,1,0.0000,0.150,0.330
3585.858,SEEK_ROUNDABOUT,28.911,0,1.451,0.0000,0.0000,none,,,0.000,,,line_bridge_loss,0.0657,-0.2078,0,line_too_few_bands,0.0000,0.0000,0.0000,0.0000,0.0000,0,0,0.0000,1,1.0000,0.0000,0.0000,0.0000,0.0000,-0.2078,IDLE,0,0,candidate_fields_invalid,0,0,1.200,0,nan,nan,nan,0.0000,0,nan,nan,0,5,0.0000,0.0000,0.0000,0.0000,0.0000,等待台阶,1,0.0000,0.150,0.330
3586.097,SEEK_ROUNDABOUT,29.150,0,1.451,0.4000,0.0000,none,,,0.000,,,step_align_line_lost_stop/course_events_frozen,0.0151,0.0000,0,line_too_few_bands,0.0000,0.0000,0.0000,0.0000,0.0000,1,0,0.0000,1,1.0000,0.0000,0.0000,0.0000,0.0000,0.0000,IDLE,0,1,step_confirmed_slow_align d=0.990,0,0,2.200,1,0.9900,0.9900,0.0465,0.8865,0,nan,0.1686,7,5,0.0000,0.0000,0.0000,0.0000,0.0000,等待台阶,1,0.0000,0.150,0.330
3586.266,SEEK_ROUNDABOUT,29.319,0,1.451,0.0000,0.0000,none,,,0.000,,,step_align_line_lost_stop/course_events_frozen,0.0000,0.0000,0,line_low_confidence,-0.2166,-0.1970,-0.5231,-0.5231,0.2223,2,0,0.0000,1,1.0000,0.3261,0.0000,0.3261,-0.4144,0.0000,IDLE,0,1,step_confirmed_slow_align d=0.960,0,0,3.200,1,0.9300,0.9600,0.0468,0.8852,0,nan,0.2112,12,5,0.0000,0.0000,0.0000,0.0000,0.0000,等待台阶,1,0.0000,0.150,0.330
3586.398,SEEK_ROUNDABOUT,29.451,0,1.451,0.0000,0.0000,none,,,0.000,,,step_align_heading/course_events_frozen,0.0450,0.3312,1,line_curve_center_riding,-0.6760,-0.6673,-0.8111,-0.8111,0.3852,2,0,0.0000,1,0.7934,0.1438,0.0000,0.1438,-0.7632,0.3312,IDLE,0,1,step_confirmed_slow_align d=0.930,0,0,4.200,1,0.4800,0.9300,0.0477,0.9448,1,-0.0789,-0.1596,16,5,0.0000,0.0000,0.0000,0.0000,0.0000,等待台阶,1,0.0000,0.150,0.330
3586.561,SEEK_ROUNDABOUT,29.614,0,1.451,0.0000,0.0000,none,,,0.000,,,step_depth_pose_align/course_events_frozen,0.0000,0.1064,0,line_too_few_bands,0.0000,0.0000,0.0000,0.0000,0.0000,0,0,0.0000,1,0.5137,0.0000,0.0000,0.0000,0.0000,0.1064,IDLE,0,1,depth_pose_aligning angle=-2.8deg lat=-0.156,0,0,5.200,1,0.4700,0.7050,0.0484,0.9538,1,-0.0484,-0.1562,21,5,0.0000,0.0000,0.0000,0.0000,0.0000,等待台阶,1,0.0000,0.150,0.330
3586.777,SEEK_ROUNDABOUT,29.830,0,1.451,0.0000,0.0000,none,,,0.000,,,step_depth_pose_align/course_events_frozen,0.0000,0.1633,0,line_too_few_bands,0.0000,0.0000,0.0000,0.0000,0.0000,0,0,0.0000,0,0.4692,0.0000,0.0000,0.0000,0.0000,0.1633,IDLE,0,1,depth_pose_aligning angle=-0.6deg lat=-0.160,0,0,6.000,1,0.4700,0.4800,0.0488,0.9297,1,-0.0096,-0.1602,28,5,0.0000,0.0000,0.0000,0.0000,0.0000,等待台阶,1,0.0000,0.150,0.330
3586.909,SEEK_ROUNDABOUT,29.962,0,1.451,0.0000,0.0000,none,,,0.000,,,step_depth_pose_align/course_events_frozen,0.0000,0.0849,0,line_too_few_bands,0.0000,0.0000,0.0000,0.0000,0.0000,0,0,0.0000,0,0.2836,0.0000,0.0000,0.0000,0.0000,0.0849,IDLE,0,1,depth_pose_aligning angle=-3.7deg lat=-0.157,0,0,6.000,1,0.4700,0.4700,0.0490,0.9480,1,-0.0652,-0.1572,32,5,0.0000,0.0000,0.0000,0.0000,0.0000,等待台阶,1,0.0000,0.150,0.330
3587.120,SEEK_ROUNDABOUT,30.173,0,1.451,0.0000,0.0000,none,,,0.000,,,step_depth_pose_align/course_events_frozen,0.0000,0.0636,0,line_too_few_bands,0.0000,0.0000,0.0000,0.0000,0.0000,0,0,0.0000,0,0.3008,0.0000,0.0000,0.0000,0.0000,0.0636,IDLE,0,1,depth_pose_aligning angle=-4.5deg lat=-0.154,0,0,6.000,1,0.4700,0.4700,0.0486,0.9557,1,-0.0784,-0.1540,38,5,0.0000,0.0000,0.0000,0.0000,0.0000,等待台阶,1,0.0000,0.150,0.330
3587.355,SEEK_ROUNDABOUT,30.408,0,1.451,0.0000,0.0000,none,,,0.000,,,step_depth_pose_align/course_events_frozen,0.0000,-0.0029,0,line_too_few_bands,0.0000,0.0000,0.0000,0.0000,0.0000,0,0,0.0000,0,0.3180,0.0000,0.0000,0.0000,0.0000,-0.0029,IDLE,0,1,depth_pose_aligning angle=-8.3deg lat=-0.174,0,0,6.000,1,0.4800,0.4700,0.0486,0.9563,1,-0.1443,-0.1744,46,5,0.0000,0.0000,0.0000,0.0000,0.0000,等待台阶,1,0.0000,0.150,0.330
3587.587,SEEK_ROUNDABOUT,30.640,0,1.451,0.0000,0.0000,none,,,0.000,,,step_depth_pose_align/course_events_frozen,0.0000,0.0662,0,line_too_few_bands,0.0000,0.0000,0.0000,0.0000,0.0000,0,0,0.0000,0,0.3309,0.0000,0.0000,0.0000,0.0000,0.0662,IDLE,0,1,depth_pose_aligning angle=-5.7deg lat=-0.181,0,0,6.000,1,0.4800,0.4750,0.0488,0.9386,1,-0.0987,-0.1813,53,5,0.0000,0.0000,0.0000,0.0000,0.0000,等待台阶,1,0.0000,0.150,0.330
3587.719,SEEK_ROUNDABOUT,30.772,0,1.451,0.0000,0.0000,none,,,0.000,,,step_depth_pose_align/course_events_frozen,0.0000,0.0763,0,line_too_few_bands,0.0000,0.0000,0.0000,0.0000,0.0000,0,0,0.0000,0,0.3266,0.0000,0.0000,0.0000,0.0000,0.0763,IDLE,0,1,depth_pose_aligning angle=-5.0deg lat=-0.176,0,0,6.000,1,0.4800,0.4800,0.0492,0.9530,1,-0.0865,-0.1755,57,5,0.0000,0.0000,0.0000,0.0000,0.0000,等待台阶,1,0.0000,0.150,0.330
3587.970,SEEK_ROUNDABOUT,31.024,0,1.451,0.0000,0.0000,none,,,0.000,,,line_lost_stop,0.0000,0.0000,0,line_too_few_bands,0.0000,0.0000,0.0000,0.0000,0.0000,0,0,0.0000,0,0.3481,0.0000,0.0000,0.0000,0.0000,0.0000,IDLE,0,0,candidate_fields_invalid,0,0,5.400,0,nan,0.4800,nan,0.0000,0,nan,nan,0,5,0.0000,0.0000,0.0000,0.0000,0.0000,等待台阶,1,0.0000,0.150,0.330
3588.182,SEEK_ROUNDABOUT,31.235,0,1.451,0.0000,0.0000,none,,,0.000,,,step_depth_pose_align/course_events_frozen,0.0000,0.1445,0,line_too_few_bands,0.0000,0.0000,0.0000,0.0000,0.0000,0,0,0.0000,1,0.4965,0.0000,0.0000,0.0000,0.0000,0.1445,IDLE,0,1,depth_pose_aligning angle=-2.3deg lat=-0.180,0,0,6.000,1,0.4900,0.4800,0.0488,0.9432,1,-0.0393,-0.1796,5,5,0.0000,0.0000,0.0000,0.0000,0.0000,等待台阶,1,0.0000,0.150,0.330
3588.417,SEEK_ROUNDABOUT,31.470,0,1.451,0.0000,0.0000,none,,,0.000,,,step_depth_pose_align/course_events_frozen,0.0000,0.0713,0,line_too_few_bands,0.0000,0.0000,0.0000,0.0000,0.0000,0,0,0.0000,1,0.6758,0.0000,0.0000,0.0000,0.0000,0.0713,IDLE,0,1,depth_pose_aligning angle=-5.1deg lat=-0.175,0,0,6.000,1,0.4900,0.4900,0.0486,0.9545,1,-0.0896,-0.1748,12,5,0.0000,0.0000,0.0000,0.0000,0.0000,等待台阶,1,0.0000,0.150,0.330
3588.544,SEEK_ROUNDABOUT,31.597,0,1.451,0.0000,0.0000,none,,,0.000,,,step_depth_pose_align/course_events_frozen,0.0000,0.0444,0,line_too_few_bands,0.0000,0.0000,0.0000,0.0000,0.0000,0,0,0.0000,0,0.4743,0.0000,0.0000,0.0000,0.0000,0.0444,IDLE,0,1,depth_pose_aligning angle=-5.7deg lat=-0.163,0,0,6.000,1,0.4800,0.4900,0.0485,0.9551,1,-0.0997,-0.1628,16,5,0.0000,0.0000,0.0000,0.0000,0.0000,等待台阶,1,0.0000,0.150,0.330
3588.787,SEEK_ROUNDABOUT,31.840,0,1.451,0.0000,0.0000,none,,,0.000,,,step_depth_pose_align/course_events_frozen,0.0000,0.0656,0,line_too_few_bands,0.0000,0.0000,0.0000,0.0000,0.0000,0,0,0.0000,1,1.0000,0.0000,0.0000,0.0000,0.0000,0.0656,IDLE,0,1,depth_pose_aligning angle=-4.3deg lat=-0.152,0,0,6.000,1,0.4800,0.4850,0.0484,0.9530,1,-0.0755,-0.1523,23,5,0.0000,0.0000,0.0000,0.0000,0.0000,等待台阶,1,0.0000,0.150,0.330
3589.023,SEEK_ROUNDABOUT,32.076,0,1.451,0.0000,0.0000,none,,,0.000,,,step_depth_pose_align/course_events_frozen,0.0000,0.0681,0,line_too_few_bands,0.0000,0.0000,0.0000,0.0000,0.0000,0,0,0.0000,1,1.0000,0.0000,0.0000,0.0000,0.0000,0.0681,IDLE,0,1,depth_pose_aligning angle=-3.7deg lat=-0.140,0,0,6.000,1,0.4800,0.4800,0.0477,0.9452,1,-0.0639,-0.1404,29,5,0.0000,0.0000,0.0000,0.0000,0.0000,等待台阶,1,0.0000,0.150,0.330
3589.152,SEEK_ROUNDABOUT,32.205,0,1.451,0.0000,0.0000,none,,,0.000,,,step_align_line_lost_stop/course_events_frozen,0.0000,0.0000,0,line_too_few_bands,0.0000,0.0000,0.0000,0.0000,0.0000,0,0,0.0000,1,1.0000,0.0000,0.0000,0.0000,0.0000,0.0000,IDLE,0,1,step_confirmed_slow_align d=0.480,0,0,6.000,1,1.0150,0.4800,0.0437,0.8465,0,nan,0.3618,33,5,0.0000,0.0000,0.0000,0.0000,0.0000,等待台阶,1,0.0000,0.150,0.330
3589.283,SEEK_ROUNDABOUT,32.336,0,1.451,0.0000,0.0000,none,,,0.000,,,step_align_line_lost_stop/course_events_frozen,0.0000,0.0000,0,line_too_few_bands,0.0000,0.0000,0.0000,0.0000,0.0000,0,0,0.0000,1,1.0000,0.0000,0.0000,0.0000,0.0000,0.0000,IDLE,0,1,step_confirmed_slow_align d=0.480,0,0,6.000,1,1.0600,0.4800,0.0460,0.8747,0,nan,0.2828,36,5,0.0000,0.0000,0.0000,0.0000,0.0000,等待台阶,1,0.0000,0.150,0.330
3589.417,SEEK_ROUNDABOUT,32.470,0,1.451,0.0000,0.0000,none,,,0.000,,,step_align_line_lost_stop/course_events_frozen,0.0000,0.0000,0,line_too_few_bands,0.0000,0.0000,0.0000,0.0000,0.0000,0,0,0.0000,1,1.0000,0.0000,0.0000,0.0000,0.0000,0.0000,IDLE,0,1,step_confirmed_slow_align d=1.015,0,0,6.000,1,1.0600,1.0150,0.0457,0.8723,0,nan,0.3032,40,5,0.0000,0.0000,0.0000,0.0000,0.0000,等待台阶,1,0.0000,0.150,0.330
3589.546,SEEK_ROUNDABOUT,32.599,0,1.451,0.0000,0.0000,none,,,0.000,,,step_align_line_lost_stop/course_events_frozen,0.0000,0.0000,0,line_too_few_bands,0.0000,0.0000,0.0000,0.0000,0.0000,0,0,0.0000,1,1.0000,0.0000,0.0000,0.0000,0.0000,0.0000,IDLE,0,1,step_confirmed_slow_align d=1.030,0,0,6.000,1,1.0300,1.0300,0.0467,0.8830,0,nan,0.1988,43,5,0.0000,0.0000,0.0000,0.0000,0.0000,等待台阶,1,0.0000,0.150,0.330
3589.669,SEEK_ROUNDABOUT,32.722,0,1.451,0.0000,0.0000,none,,,0.000,,,step_align_line_lost_stop/course_events_frozen,0.0000,0.0000,0,line_too_few_bands,0.0000,0.0000,0.0000,0.0000,0.0000,0,0,0.0000,1,1.0000,0.0000,0.0000,0.0000,0.0000,0.0000,IDLE,0,1,step_confirmed_slow_align d=1.040,0,0,6.000,1,1.0400,1.0400,0.0479,0.8987,0,nan,0.0792,46,5,0.0000,0.0000,0.0000,0.0000,0.0000,等待台阶,1,0.0000,0.150,0.330
3589.799,SEEK_ROUNDABOUT,32.852,0,1.451,0.0000,0.0000,none,,,0.000,,,step_align_line_lost_stop/course_events_frozen,0.0000,0.0000,0,line_too_few_bands,0.0000,0.0000,0.0000,0.0000,0.0000,0,0,0.0000,1,1.0000,0.0000,0.0000,0.0000,0.0000,0.0000,IDLE,0,1,step_confirmed_slow_align d=1.040,0,0,6.000,1,1.0100,1.0400,0.0468,0.8909,0,nan,0.2017,50,5,0.0000,0.0000,0.0000,0.0000,0.0000,等待台阶,1,0.0000,0.150,0.330
3589.913,SEEK_ROUNDABOUT,32.966,0,1.451,0.0000,0.0000,none,,,0.000,,,step_align_line_lost_stop/course_events_frozen,0.0000,0.0000,0,line_too_few_bands,0.0000,0.0000,0.0000,0.0000,0.0000,0,0,0.0000,1,1.0000,0.0000,0.0000,0.0000,0.0000,0.0000,IDLE,0,1,step_confirmed_slow_align d=1.030,0,0,6.000,1,0.9800,1.0300,0.0476,0.8961,0,nan,0.1530,52,5,0.0000,0.0000,0.0000,0.0000,0.0000,等待台阶,1,0.0000,0.150,0.330
3590.031,SEEK_ROUNDABOUT,33.084,0,1.451,0.0000,0.0000,none,,,0.000,,,step_align_line_lost_stop/course_events_frozen,0.0000,0.0000,0,line_too_few_bands,0.0000,0.0000,0.0000,0.0000,0.0000,0,0,0.0000,1,1.0000,0.0000,0.0000,0.0000,0.0000,0.0000,IDLE,0,1,step_confirmed_slow_align d=1.010,0,0,6.000,1,1.0100,1.0100,0.0474,0.8930,0,nan,0.1387,56,5,0.0000,0.0000,0.0000,0.0000,0.0000,等待台阶,1,0.0000,0.150,0.330
3590.170,SEEK_ROUNDABOUT,33.223,0,1.451,0.0000,0.0000,none,,,0.000,,,step_align_line_lost_stop/course_events_frozen,0.0000,0.0000,0,line_too_few_bands,0.0000,0.0000,0.0000,0.0000,0.0000,0,0,0.0000,1,1.0000,0.0000,0.0000,0.0000,0.0000,0.0000,IDLE,0,1,step_confirmed_slow_align d=1.010,0,0,6.000,1,1.0300,1.0100,0.0461,0.8805,0,nan,0.2654,59,5,0.0000,0.0000,0.0000,0.0000,0.0000,等待台阶,1,0.0000,0.150,0.330
3590.314,SEEK_ROUNDABOUT,33.367,0,1.451,0.0000,0.0000,none,,,0.000,,,step_align_line_lost_stop/course_events_frozen,0.0000,0.0000,0,line_too_few_bands,0.0000,0.0000,0.0000,0.0000,0.0000,0,0,0.0000,1,1.0000,0.0000,0.0000,0.0000,0.0000,0.0000,IDLE,0,1,step_confirmed_slow_align d=1.010,0,0,6.000,1,1.0000,1.0100,0.0444,0.8593,0,nan,0.3244,63,5,0.0000,0.0000,0.0000,0.0000,0.0000,等待台阶,1,0.0000,0.150,0.330
3590.430,SEEK_ROUNDABOUT,33.483,0,1.451,0.0000,0.0000,none,,,0.000,,,step_align_line_lost_stop/course_events_frozen,0.0000,0.0000,0,line_too_few_bands,0.0000,0.0000,0.0000,0.0000,0.0000,0,0,0.0000,1,1.0000,0.0000,0.0000,0.0000,0.0000,0.0000,IDLE,0,1,step_confirmed_slow_align d=1.000,0,0,6.000,1,0.9800,1.0000,0.0469,0.8912,0,nan,0.2354,66,5,0.0000,0.0000,0.0000,0.0000,0.0000,等待台阶,1,0.0000,0.150,0.330
3590.549,SEEK_ROUNDABOUT,33.602,0,1.451,0.0000,0.0000,none,,,0.000,,,step_align_line_lost_stop/course_events_frozen,0.0000,0.0000,0,line_too_few_bands,0.0000,0.0000,0.0000,0.0000,0.0000,1,0,0.0000,1,1.0000,0.0000,0.0000,0.0000,0.0000,0.0000,IDLE,0,1,step_confirmed_slow_align d=1.000,0,0,6.000,1,0.9650,1.0000,0.0477,0.8970,0,nan,0.0314,69,5,0.0000,0.0000,0.0000,0.0000,0.0000,等待台阶,1,0.0000,0.150,0.330
3590.692,SEEK_ROUNDABOUT,33.745,0,1.451,0.0000,0.0000,none,,,0.000,,,step_align_line_lost_stop/course_events_frozen,0.0000,0.0000,0,line_too_few_bands,0.0000,0.0000,0.0000,0.0000,0.0000,0,0,0.0000,1,1.0000,0.0000,0.0000,0.0000,0.0000,0.0000,IDLE,0,1,step_confirmed_slow_align d=0.980,0,0,6.000,1,0.9600,0.9800,0.0472,0.8964,0,nan,0.1702,73,5,0.0000,0.0000,0.0000,0.0000,0.0000,等待台阶,1,0.0000,0.150,0.330
3590.806,SEEK_ROUNDABOUT,33.859,0,1.451,0.0000,0.0000,none,,,0.000,,,step_align_line_lost_stop/course_events_frozen,0.0000,0.0000,0,line_too_few_bands,0.0000,0.0000,0.0000,0.0000,0.0000,1,0,0.0000,1,1.0000,0.0000,0.0000,0.0000,0.0000,0.0000,IDLE,0,1,step_confirmed_slow_align d=0.965,0,0,6.000,1,0.9300,0.9650,0.0479,0.9039,0,nan,0.1432,76,5,0.0000,0.0000,0.0000,0.0000,0.0000,等待台阶,1,0.0000,0.150,0.330
3590.926,SEEK_ROUNDABOUT,33.979,0,1.451,0.0000,0.0000,none,,,0.000,,,step_align_line_lost_stop/course_events_frozen,0.0000,0.0000,0,line_too_few_bands,0.0000,0.0000,0.0000,0.0000,0.0000,0,0,0.0000,1,1.0000,0.0000,0.0000,0.0000,0.0000,0.0000,IDLE,0,1,step_confirmed_slow_align d=0.965,0,0,6.000,1,1.0000,0.9650,0.0467,0.8900,0,nan,0.2031,79,5,0.0000,0.0000,0.0000,0.0000,0.0000,等待台阶,1,0.0000,0.150,0.330
3591.043,SEEK_ROUNDABOUT,34.097,0,1.451,0.0000,0.0000,none,,,0.000,,,step_align_line_lost_stop/course_events_frozen,0.0000,0.0000,0,line_too_few_bands,0.0000,0.0000,0.0000,0.0000,0.0000,0,0,0.0000,1,1.0000,0.0000,0.0000,0.0000,0.0000,0.0000,IDLE,0,1,step_confirmed_slow_align d=0.965,0,0,6.000,1,1.0300,0.9650,0.0476,0.8964,0,nan,0.1994,82,5,0.0000,0.0000,0.0000,0.0000,0.0000,等待台阶,1,0.0000,0.150,0.330
3591.158,SEEK_ROUNDABOUT,34.211,0,1.451,0.4000,0.0000,none,,,0.000,,,step_align_line_lost_stop/course_events_frozen,0.0000,0.0000,0,line_too_few_bands,0.0000,0.0000,0.0000,0.0000,0.0000,0,0,0.0000,1,1.0000,0.0000,0.0000,0.0000,0.0000,0.0000,IDLE,0,1,step_confirmed_slow_align d=1.000,0,0,6.000,1,1.0300,1.0000,0.0467,0.8848,0,nan,0.1970,85,5,0.0000,0.0000,0.0000,0.0000,0.0000,等待台阶,1,0.0000,0.150,0.330
3591.303,SEEK_ROUNDABOUT,34.356,0,1.451,0.0000,0.0000,none,,,0.000,,,step_align_line_lost_stop/course_events_frozen,0.0000,0.0000,0,line_too_few_bands,0.0000,0.0000,0.0000,0.0000,0.0000,0,0,0.0000,1,1.0000,0.0000,0.0000,0.0000,0.0000,0.0000,IDLE,0,1,step_confirmed_slow_align d=1.010,0,0,6.000,1,1.0100,1.0100,0.0471,0.8926,0,nan,0.1926,89,5,0.0000,0.0000,0.0000,0.0000,0.0000,等待台阶,1,0.0000,0.150,0.330
3591.425,SEEK_ROUNDABOUT,34.478,0,1.451,0.0000,0.0000,none,,,0.000,,,step_align_line_lost_stop/course_events_frozen,0.0000,0.0000,0,line_too_few_bands,0.0000,0.0000,0.0000,0.0000,0.0000,0,0,0.0000,1,1.0000,0.0000,0.0000,0.0000,0.0000,0.0000,IDLE,0,1,step_confirmed_slow_align d=1.020,0,0,6.000,1,1.0200,1.0200,0.0494,0.9254,0,nan,-0.0689,92,5,0.0000,0.0000,0.0000,0.0000,0.0000,等待台阶,1,0.0000,0.150,0.330
3591.537,SEEK_ROUNDABOUT,34.590,0,1.451,0.0000,0.0000,none,,,0.000,,,step_align_line_lost_stop/course_events_frozen,0.0000,0.0000,0,line_too_few_bands,0.0000,0.0000,0.0000,0.0000,0.0000,0,0,0.0000,1,1.0000,0.0000,0.0000,0.0000,0.0000,0.0000,IDLE,0,1,step_confirmed_slow_align d=1.030,0,0,6.000,1,1.0600,1.0300,0.0437,0.8469,0,nan,0.3754,95,5,0.0000,0.0000,0.0000,0.0000,0.0000,等待台阶,1,0.0000,0.150,0.330
3591.656,SEEK_ROUNDABOUT,34.709,0,1.451,0.0000,0.0000,none,,,0.000,,,step_align_line_lost_stop/course_events_frozen,0.0000,0.0000,0,line_too_few_bands,0.0000,0.0000,0.0000,0.0000,0.0000,0,0,0.0000,1,1.0000,0.0000,0.0000,0.0000,0.0000,0.0000,IDLE,0,1,step_confirmed_slow_align d=1.020,0,0,6.000,1,0.9800,1.0200,0.0472,0.8954,0,nan,0.2100,99,5,0.0000,0.0000,0.0000,0.0000,0.0000,等待台阶,1,0.0000,0.150,0.330
3591.771,SEEK_ROUNDABOUT,34.824,0,1.451,0.0000,0.0000,none,,,0.000,,,step_align_line_lost_stop/course_events_frozen,0.0000,0.0000,0,line_too_few_bands,0.0000,0.0000,0.0000,0.0000,0.0000,0,0,0.0000,1,1.0000,0.0000,0.0000,0.0000,0.0000,0.0000,IDLE,0,1,step_confirmed_slow_align d=1.010,0,0,6.000,1,0.9950,1.0100,0.0461,0.8787,0,nan,0.2428,101,5,0.0000,0.0000,0.0000,0.0000,0.0000,等待台阶,1,0.0000,0.150,0.330
3591.889,SEEK_ROUNDABOUT,34.942,0,1.451,0.4000,0.0000,none,,,0.000,,,tracking,0.0448,-0.0611,1,line_center_tracking,0.0566,0.0612,0.0445,0.0445,0.4281,2,0,0.0000,1,1.0000,0.0167,0.0000,0.0167,0.0501,-0.0611,IDLE,0,0,fixed_candidate_confirm 1/3,0,0,6.000,1,1.0100,1.0100,0.0475,0.8950,0,nan,0.1400,104,5,0.0000,0.0000,0.0000,0.0000,0.0000,等待台阶,1,0.0000,0.150,0.330
3592.007,SEEK_ROUNDABOUT,35.060,0,1.451,0.0000,0.0000,none,,,0.000,,,step_align_line_lost_stop/course_events_frozen,0.0000,0.0000,0,line_too_few_bands,0.0000,0.0000,0.0000,0.0000,0.0000,0,0,0.0000,1,1.0000,0.0000,0.0000,0.0000,0.0000,0.0000,IDLE,0,1,step_confirmed_slow_align d=1.010,0,0,6.000,1,1.0100,1.0100,0.0470,0.8892,0,nan,0.2315,107,5,0.0000,0.0000,0.0000,0.0000,0.0000,等待台阶,1,0.0000,0.150,0.330
3592.120,SEEK_ROUNDABOUT,35.173,0,1.451,0.0000,0.0000,none,,,0.000,,,step_align_line_lost_stop/course_events_frozen,0.0000,0.0000,0,line_too_few_bands,0.0000,0.0000,0.0000,0.0000,0.0000,1,0,0.0000,1,1.0000,0.0000,0.0000,0.0000,0.0000,0.0000,IDLE,0,1,step_confirmed_slow_align d=0.995,0,0,6.000,1,0.9300,0.9950,0.0477,0.8966,0,nan,0.1347,110,5,0.0000,0.0000,0.0000,0.0000,0.0000,等待台阶,1,0.0000,0.150,0.330
3592.234,SEEK_ROUNDABOUT,35.287,0,1.451,0.0000,0.0000,none,,,0.000,,,step_align_line_lost_stop/course_events_frozen,0.0000,0.0000,0,line_too_few_bands,0.0000,0.0000,0.0000,0.0000,0.0000,0,0,0.0000,1,1.0000,0.0000,0.0000,0.0000,0.0000,0.0000,IDLE,0,1,step_confirmed_slow_align d=0.995,0,0,6.000,1,0.9200,0.9950,0.0482,0.9052,0,nan,0.0316,113,5,0.0000,0.0000,0.0000,0.0000,0.0000,等待台阶,1,0.0000,0.150,0.330
3592.347,SEEK_ROUNDABOUT,35.400,0,1.451,0.0000,0.0000,none,,,0.000,,,step_align_line_lost_stop/course_events_frozen,0.0000,0.0000,0,line_too_few_bands,0.0000,0.0000,0.0000,0.0000,0.0000,0,0,0.0000,1,1.0000,0.0000,0.0000,0.0000,0.0000,0.0000,IDLE,0,1,step_confirmed_slow_align d=1.010,0,0,6.000,1,1.0300,1.0100,0.0466,0.8906,0,nan,0.2345,116,5,0.0000,0.0000,0.0000,0.0000,0.0000,等待台阶,1,0.0000,0.150,0.330
3592.459,SEEK_ROUNDABOUT,35.512,0,1.451,0.0000,0.0000,none,,,0.000,,,step_align_line_lost_stop/course_events_frozen,0.0000,0.0000,0,line_too_few_bands,0.0000,0.0000,0.0000,0.0000,0.0000,0,0,0.0000,1,1.0000,0.0000,0.0000,0.0000,0.0000,0.0000,IDLE,0,1,step_confirmed_slow_align d=0.945,0,0,6.000,1,0.9450,0.9450,0.0472,0.8939,0,nan,0.2039,119,5,0.0000,0.0000,0.0000,0.0000,0.0000,等待台阶,1,0.0000,0.150,0.330
3592.571,SEEK_ROUNDABOUT,35.624,0,1.451,0.0000,0.0000,none,,,0.000,,,step_align_line_lost_stop/course_events_frozen,0.0000,0.0000,0,line_too_few_bands,0.0000,0.0000,0.0000,0.0000,0.0000,0,0,0.0000,1,1.0000,0.0000,0.0000,0.0000,0.0000,0.0000,IDLE,0,1,step_confirmed_slow_align d=0.945,0,0,6.000,1,0.9600,0.9450,0.0472,0.8923,0,nan,0.1566,122,5,0.0000,0.0000,0.0000,0.0000,0.0000,等待台阶,1,0.0000,0.150,0.330
3592.682,SEEK_ROUNDABOUT,35.735,0,1.451,0.0000,0.0000,none,,,0.000,,,step_align_line_lost_stop/course_events_frozen,0.0000,0.0000,0,line_too_few_bands,0.0000,0.0000,0.0000,0.0000,0.0000,0,0,0.0000,1,1.0000,0.0000,0.0000,0.0000,0.0000,0.0000,IDLE,0,1,step_confirmed_slow_align d=0.945,0,0,6.000,1,0.9250,0.9450,0.0474,0.8932,0,nan,0.1464,125,5,0.0000,0.0000,0.0000,0.0000,0.0000,等待台阶,1,0.0000,0.150,0.330
3592.793,SEEK_ROUNDABOUT,35.846,0,1.451,0.0000,0.0000,none,,,0.000,,,step_align_line_lost_stop/course_events_frozen,0.0000,0.0000,0,line_too_few_bands,0.0000,0.0000,0.0000,0.0000,0.0000,0,0,0.0000,1,1.0000,0.0000,0.0000,0.0000,0.0000,0.0000,IDLE,0,1,step_confirmed_slow_align d=0.945,0,0,6.000,1,0.9200,0.9450,0.0480,0.9036,0,nan,0.1070,128,5,0.0000,0.0000,0.0000,0.0000,0.0000,等待台阶,1,0.0000,0.150,0.330
3592.903,SEEK_ROUNDABOUT,35.956,0,1.451,0.0000,0.0000,none,,,0.000,,,step_align_line_lost_stop/course_events_frozen,0.0000,0.0000,0,line_too_few_bands,0.0000,0.0000,0.0000,0.0000,0.0000,1,0,0.0000,1,1.0000,0.0000,0.0000,0.0000,0.0000,0.0000,IDLE,0,1,step_confirmed_slow_align d=0.925,0,0,6.000,1,0.9200,0.9250,0.0480,0.9016,0,nan,0.0552,132,5,0.0000,0.0000,0.0000,0.0000,0.0000,等待台阶,1,0.0000,0.150,0.330
3593.019,SEEK_ROUNDABOUT,36.072,0,1.451,0.0000,0.0000,none,,,0.000,,,step_align_line_lost_stop/course_events_frozen,0.0000,0.0000,0,line_too_few_bands,0.0000,0.0000,0.0000,0.0000,0.0000,0,0,0.0000,1,1.0000,0.0000,0.0000,0.0000,0.0000,0.0000,IDLE,0,1,step_confirmed_slow_align d=0.925,0,0,6.000,1,0.9300,0.9250,0.0477,0.8951,0,nan,0.1151,135,5,0.0000,0.0000,0.0000,0.0000,0.0000,等待台阶,1,0.0000,0.150,0.330
3593.162,SEEK_ROUNDABOUT,36.215,0,1.451,0.0000,0.0000,none,,,0.000,,,step_align_line_lost_stop/course_events_frozen,0.0000,0.0000,0,line_too_few_bands,0.0000,0.0000,0.0000,0.0000,0.0000,0,0,0.0000,1,1.0000,0.0000,0.0000,0.0000,0.0000,0.0000,IDLE,0,1,step_confirmed_slow_align d=0.925,0,0,6.000,1,0.9500,0.9250,0.0473,0.8915,0,nan,0.1389,138,5,0.0000,0.0000,0.0000,0.0000,0.0000,等待台阶,1,0.0000,0.150,0.330
3593.285,SEEK_ROUNDABOUT,36.338,0,1.451,0.0000,0.0000,none,,,0.000,,,step_align_line_lost_stop/course_events_frozen,0.0000,0.0000,0,line_too_few_bands,0.0000,0.0000,0.0000,0.0000,0.0000,0,0,0.0000,1,1.0000,0.0000,0.0000,0.0000,0.0000,0.0000,IDLE,0,1,step_confirmed_slow_align d=0.930,0,0,6.000,1,1.1300,0.9300,0.0409,0.8102,0,nan,0.4356,141,5,0.0000,0.0000,0.0000,0.0000,0.0000,等待台阶,1,0.0000,0.150,0.330
3593.401,SEEK_ROUNDABOUT,36.454,0,1.451,0.0000,0.0000,none,,,0.000,,,step_align_line_lost_stop/course_events_frozen,0.0000,0.0000,0,line_too_few_bands,0.0000,0.0000,0.0000,0.0000,0.0000,0,0,0.0000,1,1.0000,0.0000,0.0000,0.0000,0.0000,0.0000,IDLE,0,1,step_confirmed_slow_align d=0.950,0,0,6.000,1,1.0000,0.9500,0.0453,0.8688,0,nan,0.3164,144,5,0.0000,0.0000,0.0000,0.0000,0.0000,等待台阶,1,0.0000,0.150,0.330
3593.537,SEEK_ROUNDABOUT,36.590,0,1.451,0.0000,0.0000,none,,,0.000,,,step_align_line_lost_stop/course_events_frozen,0.0000,0.0000,0,line_too_few_bands,0.0000,0.0000,0.0000,0.0000,0.0000,0,0,0.0000,1,1.0000,0.0000,0.0000,0.0000,0.0000,0.0000,IDLE,0,1,step_confirmed_slow_align d=0.950,0,0,6.000,1,0.9400,0.9500,0.0481,0.9002,0,nan,0.0045,148,5,0.0000,0.0000,0.0000,0.0000,0.0000,等待台阶,1,0.0000,0.150,0.330
3593.649,SEEK_ROUNDABOUT,36.702,0,1.451,0.0000,0.0000,none,,,0.000,,,step_align_line_lost_stop/course_events_frozen,0.0000,0.0000,0,line_too_few_bands,0.0000,0.0000,0.0000,0.0000,0.0000,0,0,0.0000,1,1.0000,0.0000,0.0000,0.0000,0.0000,0.0000,IDLE,0,1,step_confirmed_slow_align d=0.950,0,0,6.000,1,0.9400,0.9500,0.0470,0.8899,0,nan,0.1915,151,5,0.0000,0.0000,0.0000,0.0000,0.0000,等待台阶,1,0.0000,0.150,0.330
3593.790,SEEK_ROUNDABOUT,36.843,0,1.451,0.0000,0.0000,none,,,0.000,,,step_align_line_lost_stop/course_events_frozen,0.0000,0.0000,0,line_too_few_bands,0.0000,0.0000,0.0000,0.0000,0.0000,0,0,0.0000,1,1.0000,0.0000,0.0000,0.0000,0.0000,0.0000,IDLE,0,1,step_confirmed_slow_align d=0.940,0,0,6.000,1,0.9200,0.9400,0.0485,0.9046,0,nan,-0.0113,154,5,0.0000,0.0000,0.0000,0.0000,0.0000,等待台阶,1,0.0000,0.150,0.330
3593.914,SEEK_ROUNDABOUT,36.967,0,1.451,0.0000,0.0000,none,,,0.000,,,step_align_line_lost_stop/course_events_frozen,0.0000,0.0000,0,line_too_few_bands,0.0000,0.0000,0.0000,0.0000,0.0000,0,0,0.0000,1,1.0000,0.0000,0.0000,0.0000,0.0000,0.0000,IDLE,0,1,step_confirmed_slow_align d=0.940,0,0,6.000,1,1.0100,0.9400,0.0447,0.8591,0,nan,0.3055,158,5,0.0000,0.0000,0.0000,0.0000,0.0000,等待台阶,1,0.0000,0.150,0.330
3594.084,SEEK_ROUNDABOUT,37.137,0,1.451,0.0000,0.0000,none,,,0.000,,,step_align_line_lost_stop/course_events_frozen,0.0000,0.0000,0,line_too_few_bands,0.0000,0.0000,0.0000,0.0000,0.0000,0,0,0.0000,1,1.0000,0.0000,0.0000,0.0000,0.0000,0.0000,IDLE,0,1,step_confirmed_slow_align d=0.940,0,0,6.000,1,0.9500,0.9400,0.0465,0.8839,0,nan,0.2195,162,5,0.0000,0.0000,0.0000,0.0000,0.0000,等待台阶,1,0.0000,0.150,0.330
3594.219,SEEK_ROUNDABOUT,37.272,0,1.451,0.0000,0.0000,none,,,0.000,,,step_depth_pose_align/course_events_frozen,0.0000,0.0403,0,line_too_few_bands,0.0000,0.0000,0.0000,0.0000,0.0000,0,0,0.0000,1,1.0000,0.0000,0.0000,0.0000,0.0000,0.0403,IDLE,0,1,step_confirmed_slow_align d=0.940,0,0,6.000,1,0.4800,0.9400,0.0471,0.9379,1,-0.0835,-0.1391,166,5,0.0000,0.0000,0.0000,0.0000,0.0000,等待台阶,1,0.0000,0.150,0.330
3594.350,SEEK_ROUNDABOUT,37.403,0,1.451,0.0000,0.0000,none,,,0.000,,,step_depth_pose_align/course_events_frozen,0.0000,0.0526,0,line_too_few_bands,0.0000,0.0000,0.0000,0.0000,0.0000,0,0,0.0000,1,1.0000,0.0000,0.0000,0.0000,0.0000,0.0526,IDLE,0,1,step_confirmed_slow_align d=0.920,0,0,6.000,1,0.4800,0.9200,0.0470,0.9356,1,-0.0742,-0.1388,170,5,0.0000,0.0000,0.0000,0.0000,0.0000,等待台阶,1,0.0000,0.150,0.330
3594.473,SEEK_ROUNDABOUT,37.526,0,1.451,0.0000,0.0000,none,,,0.000,,,step_depth_pose_align/course_events_frozen,0.0000,0.0466,0,line_too_few_bands,0.0000,0.0000,0.0000,0.0000,0.0000,0,0,0.0000,1,1.0000,0.0000,0.0000,0.0000,0.0000,0.0466,IDLE,0,1,depth_pose_aligning angle=-4.7deg lat=-0.143,0,0,6.000,1,0.4800,0.4800,0.0472,0.9371,1,-0.0821,-0.1431,173,5,0.0000,0.0000,0.0000,0.0000,0.0000,等待台阶,1,0.0000,0.150,0.330
3594.601,SEEK_ROUNDABOUT,37.654,0,1.451,0.0000,0.0000,none,,,0.000,,,step_depth_pose_align/course_events_frozen,0.0000,0.0149,0,line_too_few_bands,0.0000,0.0000,0.0000,0.0000,0.0000,0,0,0.0000,1,1.0000,0.0000,0.0000,0.0000,0.0000,0.0149,IDLE,0,1,depth_pose_aligning angle=-6.1deg lat=-0.145,0,0,6.000,1,0.4800,0.4800,0.0473,0.9386,1,-0.1069,-0.1447,177,5,0.0000,0.0000,0.0000,0.0000,0.0000,等待台阶,1,0.0000,0.150,0.330
3594.685,SEEK_ROUNDABOUT,37.738,0,1.451,0.0000,0.0000,none,,,0.000,,,step_depth_pose_align/course_events_frozen,0.0000,0.0300,0,line_too_few_bands,0.0000,0.0000,0.0000,0.0000,0.0000,0,0,0.0000,1,1.0000,0.0000,0.0000,0.0000,0.0000,0.0300,IDLE,0,1,depth_pose_aligning angle=-5.6deg lat=-0.146,0,0,6.000,1,0.4800,0.4800,0.0472,0.9371,1,-0.0969,-0.1462,179,5,0.0000,0.0000,0.0000,0.0000,0.0000,等待台阶,1,0.0000,0.150,0.330
3594.784,SEEK_ROUNDABOUT,37.837,0,1.451,0.0000,0.0000,none,,,0.000,,,step_depth_pose_align/course_events_frozen,0.0000,0.0351,0,line_too_few_bands,0.0000,0.0000,0.0000,0.0000,0.0000,0,0,0.0000,1,1.0000,0.0000,0.0000,0.0000,0.0000,0.0351,IDLE,0,1,depth_pose_aligning angle=-5.2deg lat=-0.143,0,0,6.000,1,0.4800,0.4800,0.0474,0.9412,1,-0.0908,-0.1433,182,5,0.0000,0.0000,0.0000,0.0000,0.0000,等待台阶,1,0.0000,0.150,0.330
3594.907,SEEK_ROUNDABOUT,37.960,0,1.451,0.0000,0.0000,none,,,0.000,,,step_depth_pose_align/course_events_frozen,0.0000,0.0407,0,line_too_few_bands,0.0000,0.0000,0.0000,0.0000,0.0000,1,0,0.0000,1,1.0000,0.0000,0.0000,0.0000,0.0000,0.0407,IDLE,0,1,depth_pose_aligning angle=-5.2deg lat=-0.149,0,0,6.000,1,0.4800,0.4800,0.0469,0.9336,1,-0.0912,-0.1489,185,5,0.0000,0.0000,0.0000,0.0000,0.0000,等待台阶,1,0.0000,0.150,0.330
3595.030,SEEK_ROUNDABOUT,38.083,0,1.451,0.0000,0.0000,none,,,0.000,,,step_align_line_lost_stop/course_events_frozen,0.0000,0.0000,0,line_too_few_bands,0.0000,0.0000,0.0000,0.0000,0.0000,0,0,0.0000,1,1.0000,0.0000,0.0000,0.0000,0.0000,0.0000,IDLE,0,1,step_confirmed_slow_align d=0.480,0,0,6.000,1,0.9700,0.4800,0.0475,0.8947,0,nan,0.1453,189,5,0.0000,0.0000,0.0000,0.0000,0.0000,等待台阶,1,0.0000,0.150,0.330
3595.160,SEEK_ROUNDABOUT,38.213,0,1.451,0.0000,0.0000,none,,,0.000,,,step_depth_pose_align/course_events_frozen,0.0000,0.0593,0,line_too_few_bands,0.0000,0.0000,0.0000,0.0000,0.0000,0,0,0.0000,1,1.0000,0.0000,0.0000,0.0000,0.0000,0.0593,IDLE,0,1,depth_pose_aligning angle=-4.6deg lat=-0.153,0,0,6.000,1,0.4800,0.4800,0.0468,0.9327,1,-0.0807,-0.1529,192,5,0.0000,0.0000,0.0000,0.0000,0.0000,等待台阶,1,0.0000,0.150,0.330
3595.284,SEEK_ROUNDABOUT,38.337,0,1.451,0.0000,0.0000,none,,,0.000,,,step_depth_pose_align/course_events_frozen,0.0000,0.0417,0,line_too_few_bands,0.0000,0.0000,0.0000,0.0000,0.0000,0,0,0.0000,1,1.0000,0.0000,0.0000,0.0000,0.0000,0.0417,IDLE,0,1,depth_pose_aligning angle=-5.2deg lat=-0.149,0,0,6.000,1,0.4800,0.4800,0.0477,0.9454,1,-0.0906,-0.1492,196,5,0.0000,0.0000,0.0000,0.0000,0.0000,等待台阶,1,0.0000,0.150,0.330
3595.429,SEEK_ROUNDABOUT,38.482,0,1.451,0.0000,0.0000,none,,,0.000,,,step_depth_pose_align/course_events_frozen,0.0000,0.0451,0,line_too_few_bands,0.0000,0.0000,0.0000,0.0000,0.0000,0,0,0.0000,1,1.0000,0.0000,0.0000,0.0000,0.0000,0.0451,IDLE,0,1,depth_pose_aligning angle=-4.8deg lat=-0.144,0,0,6.000,1,0.4800,0.4800,0.0478,0.9454,1,-0.0840,-0.1441,200,5,0.0000,0.0000,0.0000,0.0000,0.0000,等待台阶,1,0.0000,0.150,0.330
3595.551,SEEK_ROUNDABOUT,38.605,0,1.451,0.0000,0.0000,none,,,0.000,,,step_depth_pose_align/course_events_frozen,0.0000,0.0575,0,line_too_few_bands,0.0000,0.0000,0.0000,0.0000,0.0000,0,0,0.0000,1,1.0000,0.0000,0.0000,0.0000,0.0000,0.0575,IDLE,0,1,depth_pose_aligning angle=-4.3deg lat=-0.145,0,0,6.000,1,0.4800,0.4800,0.0477,0.9449,1,-0.0758,-0.1453,203,5,0.0000,0.0000,0.0000,0.0000,0.0000,等待台阶,1,0.0000,0.150,0.330
3595.672,SEEK_ROUNDABOUT,38.725,0,1.451,0.0000,0.0000,none,,,0.000,,,step_depth_pose_align/course_events_frozen,0.0000,0.0555,0,line_too_few_bands,0.0000,0.0000,0.0000,0.0000,0.0000,0,0,0.0000,1,1.0000,0.0000,0.0000,0.0000,0.0000,0.0555,IDLE,0,1,depth_pose_aligning angle=-4.3deg lat=-0.142,0,0,6.000,1,0.4800,0.4800,0.0476,0.9437,1,-0.0750,-0.1424,206,5,0.0000,0.0000,0.0000,0.0000,0.0000,等待台阶,1,0.0000,0.150,0.330
3595.798,SEEK_ROUNDABOUT,38.851,0,1.451,0.0000,0.0000,none,,,0.000,,,step_depth_pose_align/course_events_frozen,0.0000,0.0526,0,line_too_few_bands,0.0000,0.0000,0.0000,0.0000,0.0000,0,0,0.0000,1,1.0000,0.0000,0.0000,0.0000,0.0000,0.0526,IDLE,0,1,depth_pose_aligning angle=-4.3deg lat=-0.140,0,0,6.000,1,0.4800,0.4800,0.0481,0.9502,1,-0.0748,-0.1396,210,5,0.0000,0.0000,0.0000,0.0000,0.0000,等待台阶,1,0.0000,0.150,0.330
3595.926,SEEK_ROUNDABOUT,38.979,0,1.451,0.0000,0.0000,none,,,0.000,,,step_depth_pose_align/course_events_frozen,0.0000,0.0471,0,line_too_few_bands,0.0000,0.0000,0.0000,0.0000,0.0000,0,0,0.0000,1,1.0000,0.0000,0.0000,0.0000,0.0000,0.0471,IDLE,0,1,depth_pose_aligning angle=-4.4deg lat=-0.136,0,0,6.000,1,0.4800,0.4800,0.0476,0.9434,1,-0.0759,-0.1360,213,5,0.0000,0.0000,0.0000,0.0000,0.0000,等待台阶,1,0.0000,0.150,0.330
3596.048,SEEK_ROUNDABOUT,39.101,0,1.451,0.0000,0.0000,none,,,0.000,,,step_align_line_lost_stop/course_events_frozen,0.0000,0.0000,0,line_too_few_bands,0.0000,0.0000,0.0000,0.0000,0.0000,0,0,0.0000,1,1.0000,0.0000,0.0000,0.0000,0.0000,0.0000,IDLE,0,1,step_confirmed_slow_align d=0.480,0,0,6.000,1,0.9900,0.4800,0.0468,0.8892,0,nan,0.2149,216,5,0.0000,0.0000,0.0000,0.0000,0.0000,等待台阶,1,0.0000,0.150,0.330
3596.182,SEEK_ROUNDABOUT,39.235,0,1.451,0.0000,0.0000,none,,,0.000,,,step_align_line_lost_stop/course_events_frozen,0.0000,0.0000,0,line_too_few_bands,0.0000,0.0000,0.0000,0.0000,0.0000,0,0,0.0000,1,1.0000,0.0000,0.0000,0.0000,0.0000,0.0000,IDLE,0,1,step_confirmed_slow_align d=0.480,0,0,6.000,1,0.9700,0.4800,0.0478,0.8997,0,nan,0.0806,220,5,0.0000,0.0000,0.0000,0.0000,0.0000,等待台阶,1,0.0000,0.150,0.330
3596.305,SEEK_ROUNDABOUT,39.358,0,1.451,0.0000,0.0000,none,,,0.000,,,step_align_line_lost_stop/course_events_frozen,0.0000,0.0000,0,line_too_few_bands,0.0000,0.0000,0.0000,0.0000,0.0000,0,0,0.0000,1,1.0000,0.0000,0.0000,0.0000,0.0000,0.0000,IDLE,0,1,step_confirmed_slow_align d=0.970,0,0,6.000,1,1.0200,0.9700,0.0450,0.8659,0,nan,0.3121,223,5,0.0000,0.0000,0.0000,0.0000,0.0000,等待台阶,1,0.0000,0.150,0.330
3596.441,SEEK_ROUNDABOUT,39.494,0,1.451,0.0000,0.0000,none,,,0.000,,,step_align_line_lost_stop/course_events_frozen,0.0000,0.0000,0,line_too_few_bands,0.0000,0.0000,0.0000,0.0000,0.0000,0,0,0.0000,1,1.0000,0.0000,0.0000,0.0000,0.0000,0.0000,IDLE,0,1,step_confirmed_slow_align d=0.990,0,0,6.000,1,1.0300,0.9900,0.0447,0.8622,0,nan,0.3530,226,5,0.0000,0.0000,0.0000,0.0000,0.0000,等待台阶,1,0.0000,0.150,0.330
3596.567,SEEK_ROUNDABOUT,39.620,0,1.451,0.0000,0.0000,none,,,0.000,,,step_align_line_lost_stop/course_events_frozen,0.0000,0.0000,0,line_too_few_bands,0.0000,0.0000,0.0000,0.0000,0.0000,0,0,0.0000,1,1.0000,0.0000,0.0000,0.0000,0.0000,0.0000,IDLE,0,1,step_confirmed_slow_align d=0.990,0,0,6.000,1,0.9700,0.9900,0.0462,0.8797,0,nan,0.2613,230,5,0.0000,0.0000,0.0000,0.0000,0.0000,等待台阶,1,0.0000,0.150,0.330
3596.693,SEEK_ROUNDABOUT,39.746,0,1.451,0.0000,0.0000,none,,,0.000,,,step_align_line_lost_stop/course_events_frozen,0.0000,0.0000,0,line_too_few_bands,0.0000,0.0000,0.0000,0.0000,0.0000,1,0,0.0000,1,1.0000,0.0000,0.0000,0.0000,0.0000,0.0000,IDLE,0,1,step_confirmed_slow_align d=0.970,0,0,6.000,1,0.9600,0.9700,0.0468,0.8880,0,nan,0.1843,233,5,0.0000,0.0000,0.0000,0.0000,0.0000,等待台阶,1,0.0000,0.150,0.330
3596.816,SEEK_ROUNDABOUT,39.869,0,1.451,0.0000,0.0000,none,,,0.000,,,step_align_line_lost_stop/course_events_frozen,0.0000,0.0000,0,line_too_few_bands,0.0000,0.0000,0.0000,0.0000,0.0000,0,0,0.0000,1,1.0000,0.0000,0.0000,0.0000,0.0000,0.0000,IDLE,0,1,step_confirmed_slow_align d=0.970,0,0,6.000,1,0.9400,0.9700,0.0476,0.8961,0,nan,0.1318,237,5,0.0000,0.0000,0.0000,0.0000,0.0000,等待台阶,1,0.0000,0.150,0.330
3596.942,SEEK_ROUNDABOUT,39.995,0,1.451,0.0000,0.0000,none,,,0.000,,,step_align_line_lost_stop/course_events_frozen,0.0000,0.0000,0,line_too_few_bands,0.0000,0.0000,0.0000,0.0000,0.0000,0,0,0.0000,1,1.0000,0.0000,0.0000,0.0000,0.0000,0.0000,IDLE,0,1,step_confirmed_slow_align d=0.970,0,0,6.000,1,1.0150,0.9700,0.0448,0.8624,0,nan,0.3197,240,5,0.0000,0.0000,0.0000,0.0000,0.0000,等待台阶,1,0.0000,0.150,0.330
3597.071,SEEK_ROUNDABOUT,40.124,0,1.451,0.0000,0.0000,none,,,0.000,,,step_align_line_lost_stop/course_events_frozen,0.0000,0.0000,0,line_too_few_bands,0.0000,0.0000,0.0000,0.0000,0.0000,0,0,0.0000,1,1.0000,0.0000,0.0000,0.0000,0.0000,0.0000,IDLE,0,1,step_confirmed_slow_align d=0.970,0,0,6.000,1,1.0300,0.9700,0.0468,0.8860,0,nan,0.2298,243,5,0.0000,0.0000,0.0000,0.0000,0.0000,等待台阶,1,0.0000,0.150,0.330
3597.189,SEEK_ROUNDABOUT,40.242,0,1.451,0.0000,0.0000,none,,,0.000,,,step_align_line_lost_stop/course_events_frozen,0.0000,0.0000,0,line_too_few_bands,0.0000,0.0000,0.0000,0.0000,0.0000,0,0,0.0000,1,1.0000,0.0000,0.0000,0.0000,0.0000,0.0000,IDLE,0,1,step_confirmed_slow_align d=1.015,0,0,6.000,1,1.0600,1.0150,0.0460,0.8742,0,nan,0.2735,246,5,0.0000,0.0000,0.0000,0.0000,0.0000,等待台阶,1,0.0000,0.150,0.330
3597.307,SEEK_ROUNDABOUT,40.360,0,1.451,0.0000,0.0000,none,,,0.000,,,step_align_line_lost_stop/course_events_frozen,0.0000,0.0000,0,line_too_few_bands,0.0000,0.0000,0.0000,0.0000,0.0000,0,0,0.0000,1,1.0000,0.0000,0.0000,0.0000,0.0000,0.0000,IDLE,0,1,step_confirmed_slow_align d=1.015,0,0,6.000,1,1.0000,1.0150,0.0476,0.8948,0,nan,0.0905,249,5,0.0000,0.0000,0.0000,0.0000,0.0000,等待台阶,1,0.0000,0.150,0.330
3597.438,SEEK_ROUNDABOUT,40.491,0,1.451,0.0000,0.0000,none,,,0.000,,,step_align_line_lost_stop/course_events_frozen,0.0000,0.0000,0,line_too_few_bands,0.0000,0.0000,0.0000,0.0000,0.0000,0,0,0.0000,1,1.0000,0.0000,0.0000,0.0000,0.0000,0.0000,IDLE,0,1,step_confirmed_slow_align d=1.015,0,0,6.000,1,0.9350,1.0150,0.0468,0.8867,0,nan,0.1698,253,5,0.0000,0.0000,0.0000,0.0000,0.0000,等待台阶,1,0.0000,0.150,0.330
3597.565,SEEK_ROUNDABOUT,40.618,0,1.451,0.0000,0.0000,none,,,0.000,,,step_align_line_lost_stop/course_events_frozen,0.0000,0.0000,0,line_too_few_bands,0.0000,0.0000,0.0000,0.0000,0.0000,0,0,0.0000,1,1.0000,0.0000,0.0000,0.0000,0.0000,0.0000,IDLE,0,1,step_confirmed_slow_align d=1.030,0,0,6.000,1,1.0600,1.0300,0.0484,0.9115,0,nan,-0.0478,256,5,0.0000,0.0000,0.0000,0.0000,0.0000,等待台阶,1,0.0000,0.150,0.330
3597.689,SEEK_ROUNDABOUT,40.742,0,1.451,0.0000,0.0000,none,,,0.000,,,step_align_line_lost_stop/course_events_frozen,0.0000,0.0000,0,line_too_few_bands,0.0000,0.0000,0.0000,0.0000,0.0000,0,0,0.0000,1,1.0000,0.0000,0.0000,0.0000,0.0000,0.0000,IDLE,0,1,step_confirmed_slow_align d=1.030,0,0,6.000,1,1.0300,1.0300,0.0459,0.8745,0,nan,0.2579,260,5,0.0000,0.0000,0.0000,0.0000,0.0000,等待台阶,1,0.0000,0.150,0.330
3597.823,SEEK_ROUNDABOUT,40.876,0,1.451,0.0000,0.0000,none,,,0.000,,,step_align_line_lost_stop/course_events_frozen,0.0000,0.0000,0,line_too_few_bands,0.0000,0.0000,0.0000,0.0000,0.0000,0,0,0.0000,1,1.0000,0.0000,0.0000,0.0000,0.0000,0.0000,IDLE,0,1,step_confirmed_slow_align d=1.030,0,0,6.000,1,1.0350,1.0300,0.0460,0.8791,0,nan,0.2739,263,5,0.0000,0.0000,0.0000,0.0000,0.0000,等待台阶,1,0.0000,0.150,0.330
3597.955,SEEK_ROUNDABOUT,41.008,0,1.451,0.0000,0.0000,none,,,0.000,,,step_align_line_lost_stop/course_events_frozen,0.0000,0.0000,0,line_too_few_bands,0.0000,0.0000,0.0000,0.0000,0.0000,0,0,0.0000,1,1.0000,0.0000,0.0000,0.0000,0.0000,0.0000,IDLE,0,1,step_confirmed_slow_align d=1.030,0,0,6.000,1,0.9550,1.0300,0.0469,0.8899,0,nan,0.2348,267,5,0.0000,0.0000,0.0000,0.0000,0.0000,等待台阶,1,0.0000,0.150,0.330
3598.074,SEEK_ROUNDABOUT,41.127,0,1.451,0.0000,0.0000,none,,,0.000,,,step_align_line_lost_stop/course_events_frozen,0.0000,0.0000,0,line_too_few_bands,0.0000,0.0000,0.0000,0.0000,0.0000,0,0,0.0000,1,1.0000,0.0000,0.0000,0.0000,0.0000,0.0000,IDLE,0,1,step_confirmed_slow_align d=1.030,0,0,6.000,1,1.0100,1.0300,0.0481,0.9039,0,nan,0.0786,270,5,0.0000,0.0000,0.0000,0.0000,0.0000,等待台阶,1,0.0000,0.150,0.330
3598.181,SEEK_ROUNDABOUT,41.234,0,1.451,0.0000,0.0000,none,,,0.000,,,step_align_line_lost_stop/course_events_frozen,0.0000,0.0000,0,line_too_few_bands,0.0000,0.0000,0.0000,0.0000,0.0000,0,0,0.0000,1,1.0000,0.0000,0.0000,0.0000,0.0000,0.0000,IDLE,0,1,step_confirmed_slow_align d=1.030,0,0,6.000,1,1.0600,1.0300,0.0447,0.8627,0,nan,0.3212,273,5,0.0000,0.0000,0.0000,0.0000,0.0000,等待台阶,1,0.0000,0.150,0.330
3598.316,SEEK_ROUNDABOUT,41.369,0,1.451,0.0000,0.0000,none,,,0.000,,,step_align_line_lost_stop/course_events_frozen,0.0000,0.0000,0,line_too_few_bands,0.0000,0.0000,0.0000,0.0000,0.0000,0,0,0.0000,1,1.0000,0.0000,0.0000,0.0000,0.0000,0.0000,IDLE,0,1,step_confirmed_slow_align d=1.010,0,0,6.000,1,0.9800,1.0100,0.0470,0.8889,0,nan,0.2241,276,5,0.0000,0.0000,0.0000,0.0000,0.0000,等待台阶,1,0.0000,0.150,0.330
3598.460,SEEK_ROUNDABOUT,41.513,0,1.451,0.0000,0.0000,none,,,0.000,,,step_align_line_lost_stop/course_events_frozen,0.0000,0.0000,0,line_too_few_bands,0.0000,0.0000,0.0000,0.0000,0.0000,0,0,0.0000,1,1.0000,0.0000,0.0000,0.0000,0.0000,0.0000,IDLE,0,1,step_confirmed_slow_align d=1.000,0,0,6.000,1,1.0000,1.0000,0.0469,0.8894,0,nan,0.2456,280,5,0.0000,0.0000,0.0000,0.0000,0.0000,等待台阶,1,0.0000,0.150,0.330
3598.576,SEEK_ROUNDABOUT,41.629,0,1.451,0.0000,0.0000,none,,,0.000,,,step_align_line_lost_stop/course_events_frozen,0.0000,0.0000,0,line_too_few_bands,0.0000,0.0000,0.0000,0.0000,0.0000,0,0,0.0000,1,1.0000,0.0000,0.0000,0.0000,0.0000,0.0000,IDLE,0,1,step_confirmed_slow_align d=1.010,0,0,6.000,1,1.0100,1.0100,0.0469,0.8882,0,nan,0.1915,283,5,0.0000,0.0000,0.0000,0.0000,0.0000,等待台阶,1,0.0000,0.150,0.330
3598.692,SEEK_ROUNDABOUT,41.745,0,1.451,0.0000,0.0000,none,,,0.000,,,step_align_line_lost_stop/course_events_frozen,0.0000,0.0000,0,line_too_few_bands,0.0000,0.0000,0.0000,0.0000,0.0000,0,0,0.0000,1,1.0000,0.0000,0.0000,0.0000,0.0000,0.0000,IDLE,0,1,step_confirmed_slow_align d=1.000,0,0,6.000,1,0.9800,1.0000,0.0472,0.8925,0,nan,0.1947,286,5,0.0000,0.0000,0.0000,0.0000,0.0000,等待台阶,1,0.0000,0.150,0.330
3598.798,SEEK_ROUNDABOUT,41.851,0,1.451,0.0000,0.0000,none,,,0.000,,,step_align_line_lost_stop/course_events_frozen,0.0000,0.0000,0,line_too_few_bands,0.0000,0.0000,0.0000,0.0000,0.0000,0,0,0.0000,1,1.0000,0.0000,0.0000,0.0000,0.0000,0.0000,IDLE,0,1,step_confirmed_slow_align d=0.980,0,0,6.000,1,0.9550,0.9800,0.0477,0.8983,0,nan,0.0999,289,5,0.0000,0.0000,0.0000,0.0000,0.0000,等待台阶,1,0.0000,0.150,0.330
3598.911,SEEK_ROUNDABOUT,41.964,0,1.451,0.0000,0.0000,none,,,0.000,,,step_align_line_lost_stop/course_events_frozen,0.0000,0.0000,0,line_too_few_bands,0.0000,0.0000,0.0000,0.0000,0.0000,0,0,0.0000,1,1.0000,0.0000,0.0000,0.0000,0.0000,0.0000,IDLE,0,1,step_confirmed_slow_align d=1.000,0,0,6.000,1,1.0000,1.0000,0.0464,0.8811,0,nan,0.2683,292,5,0.0000,0.0000,0.0000,0.0000,0.0000,等待台阶,1,0.0000,0.150,0.330
3599.022,SEEK_ROUNDABOUT,42.075,0,1.451,0.0000,0.0000,none,,,0.000,,,step_align_line_lost_stop/course_events_frozen,0.0000,0.0000,0,line_too_few_bands,0.0000,0.0000,0.0000,0.0000,0.0000,0,0,0.0000,1,1.0000,0.0000,0.0000,0.0000,0.0000,0.0000,IDLE,0,1,step_confirmed_slow_align d=0.980,0,0,6.000,1,0.9600,0.9800,0.0472,0.8900,0,nan,0.1546,295,5,0.0000,0.0000,0.0000,0.0000,0.0000,等待台阶,1,0.0000,0.150,0.330
3599.131,SEEK_ROUNDABOUT,42.184,0,1.451,0.0000,0.0000,none,,,0.000,,,step_align_line_lost_stop/course_events_frozen,0.0000,0.0000,0,line_too_few_bands,0.0000,0.0000,0.0000,0.0000,0.0000,0,0,0.0000,1,1.0000,0.0000,0.0000,0.0000,0.0000,0.0000,IDLE,0,1,step_confirmed_slow_align d=0.960,0,0,6.000,1,0.9200,0.9600,0.0476,0.8968,0,nan,0.1413,297,5,0.0000,0.0000,0.0000,0.0000,0.0000,等待台阶,1,0.0000,0.150,0.330
3599.244,SEEK_ROUNDABOUT,42.297,0,1.451,0.0000,0.0000,none,,,0.000,,,step_align_line_lost_stop/course_events_frozen,0.0000,0.0000,0,line_too_few_bands,0.0000,0.0000,0.0000,0.0000,0.0000,0,0,0.0000,1,1.0000,0.0000,0.0000,0.0000,0.0000,0.0000,IDLE,0,1,step_confirmed_slow_align d=0.960,0,0,6.000,1,1.0300,0.9600,0.0471,0.8903,0,nan,0.1622,301,5,0.0000,0.0000,0.0000,0.0000,0.0000,等待台阶,1,0.0000,0.150,0.330
