t,phase,phase_age,lap,seek_distance,roundabout_gate_score,roundabout_gate_evidence,roundabout_gate_source,first_roundabout_gate_seek,roundabout_entry_age,roundabout_entry_disp,mode,cmd_v,cmd_w,line_valid,line_reason,line_error,near_error,mid_error,far_error,line_confidence,valid_bands,crosswalk_detected,crosswalk_score,yellow_detected,yellow_score,near_mid_delta,mid_far_delta,near_far_delta,center_error,last_cmd_w,step_state,step_done_this_lap,step_waiting_alignment,step_align_reason,step_fixed_latched,step_reverse_active,step_candidate_evidence,step_detected,step_distance,step_filtered_distance,step_height,step_confidence,step_confirm_frames,step_required_frames,step_target_travel,step_commanded_traveled,step_odom_traveled,step_trigger_traveled,step_remaining,step_stop_reason,odom_fresh,yaw_error,jump_profile_min,jump_profile_max
312.588,SEEK_ROUNDABOUT,1.503,0,0.000,0.0000,0.0000,none,,,,camera_timeout,0.0000,0.0000,0,,nan,nan,nan,nan,0.0000,0,0,0.0000,0,0.0000,nan,nan,nan,nan,0.0000,IDLE,0,0,waiting_detection,0,0,0.000,0,nan,nan,nan,0.0000,0,5,0.0000,0.0000,0.0000,0.0000,0.0000,等待台阶,1,0.0000,0.150,0.330
312.653,SEEK_ROUNDABOUT,1.568,0,0.000,0.0000,0.0000,none,,,,camera_timeout,0.0000,0.0000,0,,nan,nan,nan,nan,0.0000,0,0,0.0000,0,0.0000,nan,nan,nan,nan,0.0000,IDLE,0,0,waiting_detection,0,0,0.000,0,nan,nan,nan,0.0000,0,5,0.0000,0.0000,0.0000,0.0000,0.0000,等待台阶,1,0.0000,0.150,0.330
312.720,SEEK_ROUNDABOUT,1.635,0,0.000,0.0000,0.0000,none,,,,camera_timeout,0.0000,0.0000,0,,nan,nan,nan,nan,0.0000,0,0,0.0000,0,0.0000,nan,nan,nan,nan,0.0000,IDLE,0,0,waiting_detection,0,0,0.000,0,nan,nan,nan,0.0000,0,5,0.0000,0.0000,0.0000,0.0000,0.0000,等待台阶,1,0.0000,0.150,0.330
312.788,SEEK_ROUNDABOUT,1.703,0,0.000,0.0000,0.0000,none,,,,camera_timeout,0.0000,0.0000,0,,nan,nan,nan,nan,0.0000,0,0,0.0000,0,0.0000,nan,nan,nan,nan,0.0000,IDLE,0,0,waiting_detection,0,0,0.000,0,nan,nan,nan,0.0000,0,5,0.0000,0.0000,0.0000,0.0000,0.0000,等待台阶,1,0.0000,0.150,0.330
312.854,SEEK_ROUNDABOUT,1.768,0,0.000,0.0000,0.0000,none,,,,camera_timeout,0.0000,0.0000,0,,nan,nan,nan,nan,0.0000,0,0,0.0000,0,0.0000,nan,nan,nan,nan,0.0000,IDLE,0,0,waiting_detection,0,0,0.000,0,nan,nan,nan,0.0000,0,5,0.0000,0.0000,0.0000,0.0000,0.0000,等待台阶,1,0.0000,0.150,0.330
312.921,SEEK_ROUNDABOUT,1.836,0,0.000,0.0000,0.0000,none,,,,camera_timeout,0.0000,0.0000,0,,nan,nan,nan,nan,0.0000,0,0,0.0000,0,0.0000,nan,nan,nan,nan,0.0000,IDLE,0,0,waiting_detection,0,0,0.000,0,nan,nan,nan,0.0000,0,5,0.0000,0.0000,0.0000,0.0000,0.0000,等待台阶,1,0.0000,0.150,0.330
312.990,SEEK_ROUNDABOUT,1.905,0,0.000,0.0000,0.0000,none,,,,camera_timeout,0.0000,0.0000,0,,nan,nan,nan,nan,0.0000,0,0,0.0000,0,0.0000,nan,nan,nan,nan,0.0000,IDLE,0,0,waiting_detection,0,0,0.000,0,nan,nan,nan,0.0000,0,5,0.0000,0.0000,0.0000,0.0000,0.0000,等待台阶,1,0.0000,0.150,0.330
313.054,SEEK_ROUNDABOUT,1.969,0,0.000,0.0000,0.0000,none,,,,camera_timeout,0.0000,0.0000,0,,nan,nan,nan,nan,0.0000,0,0,0.0000,0,0.0000,nan,nan,nan,nan,0.0000,IDLE,0,0,waiting_detection,0,0,0.000,0,nan,nan,nan,0.0000,0,5,0.0000,0.0000,0.0000,0.0000,0.0000,等待台阶,1,0.0000,0.150,0.330
313.121,SEEK_ROUNDABOUT,2.036,0,0.000,0.0000,0.0000,none,,,,camera_timeout,0.0000,0.0000,0,,nan,nan,nan,nan,0.0000,0,0,0.0000,0,0.0000,nan,nan,nan,nan,0.0000,IDLE,0,0,waiting_detection,0,0,0.000,0,nan,nan,nan,0.0000,0,5,0.0000,0.0000,0.0000,0.0000,0.0000,等待台阶,1,0.0000,0.150,0.330
313.191,SEEK_ROUNDABOUT,2.105,0,0.000,0.0000,0.0000,none,,,,camera_timeout,0.0000,0.0000,0,,nan,nan,nan,nan,0.0000,0,0,0.0000,0,0.0000,nan,nan,nan,nan,0.0000,IDLE,0,0,waiting_detection,0,0,0.000,0,nan,nan,nan,0.0000,0,5,0.0000,0.0000,0.0000,0.0000,0.0000,等待台阶,1,0.0000,0.150,0.330
313.255,SEEK_ROUNDABOUT,2.169,0,0.000,0.0000,0.0000,none,,,,camera_timeout,0.0000,0.0000,0,,nan,nan,nan,nan,0.0000,0,0,0.0000,0,0.0000,nan,nan,nan,nan,0.0000,IDLE,0,0,waiting_detection,0,0,0.000,0,nan,nan,nan,0.0000,0,5,0.0000,0.0000,0.0000,0.0000,0.0000,等待台阶,1,0.0000,0.150,0.330
313.321,SEEK_ROUNDABOUT,2.235,0,0.000,0.0000,0.0000,none,,,,camera_timeout,0.0000,0.0000,0,,nan,nan,nan,nan,0.0000,0,0,0.0000,0,0.0000,nan,nan,nan,nan,0.0000,IDLE,0,0,waiting_detection,0,0,0.000,0,nan,nan,nan,0.0000,0,5,0.0000,0.0000,0.0000,0.0000,0.0000,等待台阶,1,0.0000,0.150,0.330
313.388,SEEK_ROUNDABOUT,2.302,0,0.000,0.0000,0.0000,none,,,,camera_timeout,0.0000,0.0000,0,,nan,nan,nan,nan,0.0000,0,0,0.0000,0,0.0000,nan,nan,nan,nan,0.0000,IDLE,0,0,waiting_detection,0,0,0.000,0,nan,nan,nan,0.0000,0,5,0.0000,0.0000,0.0000,0.0000,0.0000,等待台阶,1,0.0000,0.150,0.330
313.454,SEEK_ROUNDABOUT,2.368,0,0.000,0.0000,0.0000,none,,,,camera_timeout,0.0000,0.0000,0,,nan,nan,nan,nan,0.0000,0,0,0.0000,0,0.0000,nan,nan,nan,nan,0.0000,IDLE,0,0,waiting_detection,0,0,0.000,0,nan,nan,nan,0.0000,0,5,0.0000,0.0000,0.0000,0.0000,0.0000,等待台阶,1,0.0000,0.150,0.330
313.521,SEEK_ROUNDABOUT,2.435,0,0.000,0.0000,0.0000,none,,,,camera_timeout,0.0000,0.0000,0,,nan,nan,nan,nan,0.0000,0,0,0.0000,0,0.0000,nan,nan,nan,nan,0.0000,IDLE,0,0,waiting_detection,0,0,0.000,0,nan,nan,nan,0.0000,0,5,0.0000,0.0000,0.0000,0.0000,0.0000,等待台阶,1,0.0000,0.150,0.330
313.587,SEEK_ROUNDABOUT,2.502,0,0.000,0.0000,0.0000,none,,,,camera_timeout,0.0000,0.0000,0,,nan,nan,nan,nan,0.0000,0,0,0.0000,0,0.0000,nan,nan,nan,nan,0.0000,IDLE,0,0,waiting_detection,0,0,0.000,0,nan,nan,nan,0.0000,0,5,0.0000,0.0000,0.0000,0.0000,0.0000,等待台阶,1,0.0000,0.150,0.330
313.654,SEEK_ROUNDABOUT,2.569,0,0.000,0.0000,0.0000,none,,,,camera_timeout,0.0000,0.0000,0,,nan,nan,nan,nan,0.0000,0,0,0.0000,0,0.0000,nan,nan,nan,nan,0.0000,IDLE,0,0,waiting_detection,0,0,0.000,0,nan,nan,nan,0.0000,0,5,0.0000,0.0000,0.0000,0.0000,0.0000,等待台阶,1,0.0000,0.150,0.330
313.721,SEEK_ROUNDABOUT,2.635,0,0.000,0.0000,0.0000,none,,,,camera_timeout,0.0000,0.0000,0,,nan,nan,nan,nan,0.0000,0,0,0.0000,0,0.0000,nan,nan,nan,nan,0.0000,IDLE,0,0,waiting_detection,0,0,0.000,0,nan,nan,nan,0.0000,0,5,0.0000,0.0000,0.0000,0.0000,0.0000,等待台阶,1,0.0000,0.150,0.330
313.787,SEEK_ROUNDABOUT,2.702,0,0.000,0.0000,0.0000,none,,,,camera_timeout,0.0000,0.0000,0,,nan,nan,nan,nan,0.0000,0,0,0.0000,0,0.0000,nan,nan,nan,nan,0.0000,IDLE,0,0,waiting_detection,0,0,0.000,0,nan,nan,nan,0.0000,0,5,0.0000,0.0000,0.0000,0.0000,0.0000,等待台阶,1,0.0000,0.150,0.330
313.854,SEEK_ROUNDABOUT,2.769,0,0.000,0.0000,0.0000,none,,,,camera_timeout,0.0000,0.0000,0,,nan,nan,nan,nan,0.0000,0,0,0.0000,0,0.0000,nan,nan,nan,nan,0.0000,IDLE,0,0,waiting_detection,0,0,0.000,0,nan,nan,nan,0.0000,0,5,0.0000,0.0000,0.0000,0.0000,0.0000,等待台阶,1,0.0000,0.150,0.330
313.921,SEEK_ROUNDABOUT,2.835,0,0.000,0.0000,0.0000,none,,,,camera_timeout,0.0000,0.0000,0,,nan,nan,nan,nan,0.0000,0,0,0.0000,0,0.0000,nan,nan,nan,nan,0.0000,IDLE,0,0,waiting_detection,0,0,0.000,0,nan,nan,nan,0.0000,0,5,0.0000,0.0000,0.0000,0.0000,0.0000,等待台阶,1,0.0000,0.150,0.330
313.987,SEEK_ROUNDABOUT,2.902,0,0.000,0.0000,0.0000,none,,,,camera_timeout,0.0000,0.0000,0,,nan,nan,nan,nan,0.0000,0,0,0.0000,0,0.0000,nan,nan,nan,nan,0.0000,IDLE,0,0,waiting_detection,0,0,0.000,0,nan,nan,nan,0.0000,0,5,0.0000,0.0000,0.0000,0.0000,0.0000,等待台阶,1,0.0000,0.150,0.330
314.055,SEEK_ROUNDABOUT,2.969,0,0.000,0.0000,0.0000,none,,,,camera_timeout,0.0000,0.0000,0,,nan,nan,nan,nan,0.0000,0,0,0.0000,0,0.0000,nan,nan,nan,nan,0.0000,IDLE,0,0,waiting_detection,0,0,0.000,0,nan,nan,nan,0.0000,0,5,0.0000,0.0000,0.0000,0.0000,0.0000,等待台阶,1,0.0000,0.150,0.330
314.121,SEEK_ROUNDABOUT,0.000,0,0.000,0.0000,0.0000,none,,,,line_lost_stop,0.0000,0.0000,0,line_too_few_bands,0.0000,0.0000,0.0000,0.0000,0.0000,0,0,0.0000,0,0.0000,0.0000,0.0000,0.0000,0.0000,0.0000,IDLE,0,0,step_zone_before_min seek=0.00<1.25,0,0,0.000,0,nan,nan,nan,0.0000,0,5,0.0000,0.0000,0.0000,0.0000,0.0000,等待台阶,1,0.0000,0.150,0.330
314.645,SEEK_ROUNDABOUT,0.525,0,0.000,0.4000,0.0000,none,,,,tracking,0.0507,0.1068,1,line_center_tracking,-0.0989,-0.0790,-0.1501,-0.2000,0.6155,4,0,0.0000,0,0.0000,0.0712,0.0499,0.1210,-0.1430,0.1068,IDLE,0,0,step_zone_before_min seek=0.00<1.25,0,0,0.000,0,nan,nan,nan,0.0000,0,5,0.0000,0.0000,0.0000,0.0000,0.0000,等待台阶,0,0.0000,0.150,0.330
314.732,SEEK_ROUNDABOUT,0.612,0,0.000,0.0000,0.0000,none,,,,tracking,0.0838,0.0117,1,line_curve_center_riding,0.0551,0.0633,-0.0738,-0.2926,0.7820,6,0,0.0000,0,0.0000,0.1372,0.2187,0.3559,-0.1010,0.0117,IDLE,0,0,step_zone_before_min seek=0.00<1.25,0,0,0.000,0,nan,nan,nan,0.0000,0,5,0.0000,0.0000,0.0000,0.0000,0.0000,等待台阶,1,0.0000,0.150,0.330
314.821,SEEK_ROUNDABOUT,0.700,0,0.001,0.0000,0.0000,none,,,,tracking,0.1173,0.0522,1,line_center_tracking,-0.0659,-0.0521,-0.1012,-0.1012,0.5494,3,0,0.0000,0,0.0000,0.0490,0.0000,0.0490,-0.0848,0.0522,IDLE,0,0,step_zone_before_min seek=0.00<1.25,0,0,0.000,0,nan,nan,nan,0.0000,0,5,0.0000,0.0000,0.0000,0.0000,0.0000,等待台阶,1,0.0000,0.150,0.330
315.178,SEEK_ROUNDABOUT,1.057,0,0.005,0.0000,0.0000,none,,,,tracking,0.1680,0.0634,1,line_center_tracking,-0.0726,-0.0472,-0.1381,-0.1732,0.6222,4,0,0.0000,0,0.0000,0.0909,0.0351,0.1260,-0.1195,0.0634,IDLE,0,0,step_zone_before_min seek=0.00<1.25,0,0,0.000,0,nan,nan,nan,0.0000,0,5,0.0000,0.0000,0.0000,0.0000,0.0000,等待台阶,1,0.0000,0.150,0.330
315.280,SEEK_ROUNDABOUT,1.159,0,0.007,0.0000,0.0000,none,,,,tracking,0.1700,-0.0200,1,line_curve_center_riding,0.0791,0.0870,-0.0456,-0.2382,0.7849,6,0,0.0000,0,0.0000,0.1326,0.1926,0.3252,-0.0656,-0.0200,IDLE,0,0,step_zone_before_min seek=0.01<1.25,0,0,0.000,0,nan,nan,nan,0.0000,0,5,0.0000,0.0000,0.0000,0.0000,0.0000,等待台阶,1,0.0000,0.150,0.330
315.473,SEEK_ROUNDABOUT,1.352,0,0.014,0.0000,0.0000,none,,,,tracking,0.2207,0.0188,1,line_center_tracking,-0.0404,-0.0175,-0.0995,-0.1295,0.7168,5,0,0.0000,0,0.0000,0.0820,0.0300,0.1120,-0.0822,0.0188,IDLE,0,0,step_zone_before_min seek=0.01<1.25,0,0,0.000,0,nan,nan,nan,0.0000,0,5,0.0000,0.0000,0.0000,0.0000,0.0000,等待台阶,1,0.0000,0.150,0.330
315.656,SEEK_ROUNDABOUT,1.535,0,0.016,0.0000,0.0000,none,,,,tracking,0.1700,0.0041,1,line_curve_center_riding,0.0067,0.0104,-0.0522,-0.2244,0.6986,5,0,0.0000,0,0.0000,0.0626,0.1722,0.2348,-0.0887,0.0041,IDLE,0,0,step_zone_before_min seek=0.01<1.25,0,0,0.000,0,nan,nan,nan,0.0000,0,5,0.0000,0.0000,0.0000,0.0000,0.0000,等待台阶,1,0.0000,0.150,0.330
316.096,SEEK_ROUNDABOUT,1.975,0,0.031,0.0000,0.0000,none,,,,tracking,0.1700,-0.0155,1,line_curve_center_riding,0.0336,0.0384,-0.0424,-0.2392,0.6916,5,0,0.0000,0,0.0000,0.0808,0.1969,0.2776,-0.0811,-0.0155,IDLE,0,0,step_zone_before_min seek=0.02<1.25,0,0,0.000,0,nan,nan,nan,0.0000,0,5,0.0000,0.0000,0.0000,0.0000,0.0000,等待台阶,1,0.0000,0.150,0.330
316.273,SEEK_ROUNDABOUT,2.152,0,0.056,0.0000,0.0000,none,,,,tracking,0.1700,-0.0572,1,line_curve_center_riding,0.0886,0.0974,-0.0506,-0.2527,0.7824,6,0,0.0000,0,0.0000,0.1481,0.2021,0.3502,-0.0686,-0.0572,IDLE,0,0,step_zone_before_min seek=0.03<1.25,0,0,0.000,0,nan,nan,nan,0.0000,0,5,0.0000,0.0000,0.0000,0.0000,0.0000,等待台阶,1,0.0000,0.150,0.330
316.456,SEEK_ROUNDABOUT,2.335,0,0.091,0.0000,0.0000,none,,,,tracking,0.1700,-0.0359,1,line_curve_center_riding,0.0183,0.0300,-0.1653,-0.2232,0.5962,4,0,0.0000,0,0.0000,0.1953,0.0579,0.2532,-0.1195,-0.0359,IDLE,0,0,step_zone_before_min seek=0.06<1.25,0,0,0.000,0,nan,nan,nan,0.0000,0,5,0.0000,0.0000,0.0000,0.0000,0.0000,等待台阶,1,0.0000,0.150,0.330
316.617,SEEK_ROUNDABOUT,2.496,0,0.131,0.0000,0.0000,none,,,,tracking,0.1450,-0.0722,1,line_recenter_transition,0.0955,0.1016,-0.2072,-0.5860,0.7390,6,0,0.0000,0,0.0000,0.3089,0.3787,0.6876,-0.2305,-0.0722,IDLE,0,0,step_zone_before_min seek=0.09<1.25,0,0,0.000,0,nan,nan,nan,0.0000,0,5,0.0000,0.0000,0.0000,0.0000,0.0000,等待台阶,1,0.0000,0.150,0.330
316.799,SEEK_ROUNDABOUT,2.678,0,0.188,0.0000,0.0000,none,,,,tracking,0.1450,-0.0560,1,line_recenter_transition,0.0410,0.0492,-0.3602,-0.4621,0.6550,5,0,0.0000,0,0.0645,0.4094,0.1019,0.5113,-0.2577,-0.0560,IDLE,0,0,step_zone_before_min seek=0.13<1.25,0,0,0.000,0,nan,nan,nan,0.0000,0,5,0.0000,0.0000,0.0000,0.0000,0.0000,等待台阶,1,0.0000,0.150,0.330
316.960,SEEK_ROUNDABOUT,2.840,0,0.241,0.0000,0.0000,none,,,,tracking,0.1700,0.0391,1,line_curve_center_riding,-0.1154,-0.1006,-0.3472,-0.3472,0.4938,3,0,0.0000,0,0.0086,0.2466,0.0000,0.2466,-0.2650,0.0391,IDLE,0,0,step_zone_before_min seek=0.19<1.25,0,0,0.000,0,nan,nan,nan,0.0000,0,5,0.0000,0.0000,0.0000,0.0000,0.0000,等待台阶,1,0.0000,0.150,0.330
317.111,SEEK_ROUNDABOUT,2.990,0,0.291,0.0000,0.0000,none,,,,tracking,0.1450,0.1355,1,line_curve_center_riding,-0.2109,-0.1902,-0.5346,-0.5346,0.5576,4,0,0.0000,0,0.1590,0.3444,0.0000,0.3444,-0.4198,0.1355,IDLE,0,0,step_zone_before_min seek=0.24<1.25,0,0,0.000,0,nan,nan,nan,0.0000,0,5,0.0000,0.0000,0.0000,0.0000,0.0000,等待台阶,1,0.0000,0.150,0.330
317.255,SEEK_ROUNDABOUT,3.134,0,0.334,0.0000,0.0000,none,,,,tracking,0.1660,0.3136,1,line_curve_center_riding,-0.4417,-0.4321,-0.5931,-0.5931,0.4830,3,0,0.0000,0,0.0817,0.1610,0.0000,0.1610,-0.5394,0.3136,IDLE,0,0,step_zone_before_min seek=0.29<1.25,0,0,0.000,0,nan,nan,nan,0.0000,0,5,0.0000,0.0000,0.0000,0.0000,0.0000,等待台阶,1,0.0000,0.150,0.330
317.404,SEEK_ROUNDABOUT,3.284,0,0.381,0.0000,0.0000,none,,,,tracking,0.1153,0.4538,1,line_hard_turn_centering,-0.5495,-0.5461,-0.5802,-0.5802,0.3791,2,0,0.0000,1,1.0000,0.0341,0.0000,0.0341,-0.5688,0.4538,IDLE,0,0,step_zone_before_min seek=0.33<1.25,0,0,0.000,0,nan,nan,nan,0.0000,0,5,0.0000,0.0000,0.0000,0.0000,0.0000,等待台阶,1,0.0000,0.150,0.330
317.608,SEEK_ROUNDABOUT,3.487,0,0.432,0.0000,0.0000,none,,,,line_bridge_loss,0.0647,0.1815,0,line_too_few_bands,0.0000,0.0000,0.0000,0.0000,0.0000,1,0,0.0000,1,1.0000,0.0000,0.0000,0.0000,0.0000,0.1815,IDLE,0,0,step_zone_before_min seek=0.38<1.25,0,0,0.000,0,nan,nan,nan,0.0000,0,5,0.0000,0.0000,0.0000,0.0000,0.0000,等待台阶,1,0.0000,0.150,0.330
317.749,SEEK_ROUNDABOUT,3.628,0,0.432,0.0000,0.0000,none,,,,line_bridge_loss,0.0350,0.1815,0,line_too_few_bands,0.0000,0.0000,0.0000,0.0000,0.0000,0,0,0.0000,1,1.0000,0.0000,0.0000,0.0000,0.0000,0.1815,IDLE,0,0,step_zone_before_min seek=0.43<1.25,0,0,0.000,0,nan,nan,nan,0.0000,0,5,0.0000,0.0000,0.0000,0.0000,0.0000,等待台阶,1,0.0000,0.150,0.330
317.882,SEEK_ROUNDABOUT,3.762,0,0.432,0.0000,0.0000,none,,,,line_loss_hold,0.0000,0.0000,0,line_too_few_bands,0.0000,0.0000,0.0000,0.0000,0.0000,0,0,0.0000,1,1.0000,0.0000,0.0000,0.0000,0.0000,0.0000,IDLE,0,0,step_zone_before_min seek=0.43<1.25,0,0,0.000,0,nan,nan,nan,0.0000,0,5,0.0000,0.0000,0.0000,0.0000,0.0000,等待台阶,1,0.0000,0.150,0.330
318.030,SEEK_ROUNDABOUT,3.909,0,0.432,0.0000,0.0000,none,,,,line_loss_hold,0.0000,0.0000,0,line_too_few_bands,0.0000,0.0000,0.0000,0.0000,0.0000,0,0,0.0000,1,1.0000,0.0000,0.0000,0.0000,0.0000,0.0000,IDLE,0,0,step_zone_before_min seek=0.43<1.25,0,0,0.000,0,nan,nan,nan,0.0000,0,5,0.0000,0.0000,0.0000,0.0000,0.0000,等待台阶,1,0.0000,0.150,0.330
318.181,SEEK_ROUNDABOUT,4.060,0,0.432,0.0000,0.0000,none,,,,line_loss_hold,0.0000,0.0000,0,line_too_few_bands,0.0000,0.0000,0.0000,0.0000,0.0000,0,0,0.0000,1,1.0000,0.0000,0.0000,0.0000,0.0000,0.0000,IDLE,0,0,step_zone_before_min seek=0.43<1.25,0,0,0.000,0,nan,nan,nan,0.0000,0,5,0.0000,0.0000,0.0000,0.0000,0.0000,等待台阶,1,0.0000,0.150,0.330
318.349,SEEK_ROUNDABOUT,4.229,0,0.432,0.0000,0.0000,none,,,,line_lost_stop,0.0000,0.0000,0,line_too_few_bands,0.0000,0.0000,0.0000,0.0000,0.0000,0,0,0.0000,1,1.0000,0.0000,0.0000,0.0000,0.0000,0.0000,IDLE,0,0,step_zone_before_min seek=0.43<1.25,0,0,0.000,0,nan,nan,nan,0.0000,0,5,0.0000,0.0000,0.0000,0.0000,0.0000,等待台阶,1,0.0000,0.150,0.330
318.503,SEEK_ROUNDABOUT,4.382,0,0.432,0.0000,0.0000,none,,,,tracking,0.0507,0.3333,1,line_edge_single_rescue,-0.7297,-0.7297,-0.7297,-0.7297,0.3100,1,0,0.0000,1,1.0000,0.0000,0.0000,0.0000,-0.7297,0.3333,IDLE,0,0,step_zone_before_min seek=0.43<1.25,0,0,0.000,0,nan,nan,nan,0.0000,0,5,0.0000,0.0000,0.0000,0.0000,0.0000,等待台阶,1,0.0000,0.150,0.330
318.640,SEEK_ROUNDABOUT,4.520,0,0.432,0.0000,0.0000,none,,,,line_bridge_loss,0.0350,0.1680,0,line_too_few_bands,0.0000,0.0000,0.0000,0.0000,0.0000,0,0,0.0000,1,1.0000,0.0000,0.0000,0.0000,0.0000,0.1680,IDLE,0,0,step_zone_before_min seek=0.43<1.25,0,0,0.000,0,nan,nan,nan,0.0000,0,5,0.0000,0.0000,0.0000,0.0000,0.0000,等待台阶,1,0.0000,0.150,0.330
318.771,SEEK_ROUNDABOUT,4.650,0,0.432,0.0000,0.0000,none,,,,tracking,0.0846,0.4200,1,line_edge_single_rescue,-0.7285,-0.7285,-0.7285,-0.7285,0.3100,1,0,0.0000,1,1.0000,0.0000,0.0000,0.0000,-0.7285,0.4200,IDLE,0,0,step_zone_before_min seek=0.43<1.25,0,0,0.000,0,nan,nan,nan,0.0000,0,5,0.0000,0.0000,0.0000,0.0000,0.0000,等待台阶,1,0.0000,0.150,0.330
318.915,SEEK_ROUNDABOUT,4.794,0,0.433,0.0000,0.0000,none,,,,line_bridge_loss,0.0350,0.1680,0,line_too_few_bands,0.0000,0.0000,0.0000,0.0000,0.0000,0,0,0.0000,1,1.0000,0.0000,0.0000,0.0000,0.0000,0.1680,IDLE,0,0,step_zone_before_min seek=0.43<1.25,0,0,0.000,0,nan,nan,nan,0.0000,0,5,0.0000,0.0000,0.0000,0.0000,0.0000,等待台阶,1,0.0000,0.150,0.330
319.053,SEEK_ROUNDABOUT,4.932,0,0.433,0.0000,0.0000,none,,,,tracking,0.0850,0.4200,1,line_edge_single_rescue,-0.7265,-0.7265,-0.7265,-0.7265,0.3100,1,0,0.0000,1,1.0000,0.0000,0.0000,0.0000,-0.7265,0.4200,IDLE,0,0,step_zone_before_min seek=0.43<1.25,0,0,0.000,0,nan,nan,nan,0.0000,0,5,0.0000,0.0000,0.0000,0.0000,0.0000,等待台阶,1,0.0000,0.150,0.330
319.186,SEEK_ROUNDABOUT,5.065,0,0.440,0.0000,0.0000,none,,,,line_bridge_loss,0.0350,0.1680,0,line_too_few_bands,0.0000,0.0000,0.0000,0.0000,0.0000,0,0,0.0000,1,1.0000,0.0000,0.0000,0.0000,0.0000,0.1680,IDLE,0,0,step_zone_before_min seek=0.43<1.25,0,0,0.000,0,nan,nan,nan,0.0000,0,5,0.0000,0.0000,0.0000,0.0000,0.0000,等待台阶,1,0.0000,0.150,0.330
319.332,SEEK_ROUNDABOUT,5.211,0,0.440,0.0000,0.0000,none,,,,line_bridge_loss,0.0350,0.1680,0,line_too_few_bands,0.0000,0.0000,0.0000,0.0000,0.0000,0,0,0.0000,0,0.3309,0.0000,0.0000,0.0000,0.0000,0.1680,IDLE,0,0,step_zone_before_min seek=0.44<1.25,0,0,0.000,0,nan,nan,nan,0.0000,0,5,0.0000,0.0000,0.0000,0.0000,0.0000,等待台阶,1,0.0000,0.150,0.330
319.471,SEEK_ROUNDABOUT,5.350,0,0.440,0.0000,0.0000,none,,,,tracking,0.0857,0.3527,1,line_curve_center_riding,0.0304,0.0503,-0.2819,-0.2819,0.3041,2,0,0.0000,1,0.5618,0.3322,0.0000,0.3322,-0.1712,0.3527,IDLE,0,0,step_zone_before_min seek=0.44<1.25,0,0,0.000,0,nan,nan,nan,0.0000,0,5,0.0000,0.0000,0.0000,0.0000,0.0000,等待台阶,1,0.0000,0.150,0.330
319.618,SEEK_ROUNDABOUT,5.497,0,0.454,0.0000,0.0000,none,,,,tracking,0.1363,0.0901,1,line_recenter_transition,0.1402,0.1499,-0.3366,-0.4414,0.3933,3,0,0.0000,1,0.8141,0.4865,0.1049,0.5914,-0.2094,0.0901,IDLE,0,0,step_zone_before_min seek=0.44<1.25,0,0,0.000,0,nan,nan,nan,0.0000,0,5,0.0000,0.0000,0.0000,0.0000,0.0000,等待台阶,1,0.0000,0.150,0.330
319.771,SEEK_ROUNDABOUT,5.651,0,0.471,0.0000,0.0000,none,,,,tracking,0.1402,-0.1528,1,line_recenter_transition,0.3622,0.3729,-0.1608,-0.6149,0.4963,4,0,0.0000,0,0.4090,0.5338,0.4541,0.9879,-0.1343,-0.1528,IDLE,0,0,step_zone_before_min seek=0.45<1.25,0,0,0.000,0,nan,nan,nan,0.0000,0,5,0.0000,0.0000,0.0000,0.0000,0.0000,等待台阶,1,0.0000,0.150,0.330
319.923,SEEK_ROUNDABOUT,5.802,0,0.479,0.0000,0.0000,none,,,,tracking,0.1450,-0.2515,1,line_recenter_transition,0.3345,0.3447,-0.1686,-0.2567,0.4292,3,0,0.0000,0,0.2965,0.5133,0.0880,0.6014,-0.0268,-0.2515,IDLE,0,0,step_zone_before_min seek=0.47<1.25,0,0,0.000,0,nan,nan,nan,0.0000,0,5,0.0000,0.0000,0.0000,0.0000,0.0000,等待台阶,1,0.0000,0.150,0.330
320.087,SEEK_ROUNDABOUT,5.966,0,0.485,0.0000,0.0000,none,,,,line_bridge_loss,0.0943,-0.1006,0,line_low_confidence,0.3999,0.4119,-0.1903,-0.2598,0.2367,2,0,0.0000,0,0.0473,0.6022,0.0695,0.6717,-0.0127,-0.1006,IDLE,0,0,step_zone_before_min seek=0.48<1.25,0,0,0.000,0,nan,nan,nan,0.0000,0,5,0.0000,0.0000,0.0000,0.0000,0.0000,等待台阶,1,0.0000,0.150,0.330
320.224,SEEK_ROUNDABOUT,6.104,0,0.487,0.0000,0.0000,none,,,,tracking,0.1450,-0.2757,1,line_recenter_transition,0.2884,0.2981,-0.1899,-0.2702,0.4330,3,0,0.0000,0,0.1934,0.4880,0.0803,0.5683,-0.0540,-0.2757,IDLE,0,0,step_zone_before_min seek=0.49<1.25,0,0,0.000,0,nan,nan,nan,0.0000,0,5,0.0000,0.0000,0.0000,0.0000,0.0000,等待台阶,1,0.0000,0.150,0.330
320.366,SEEK_ROUNDABOUT,6.245,0,0.488,0.0000,0.0000,none,,,,tracking,0.1450,-0.2728,1,line_recenter_transition,0.2517,0.2623,-0.2670,-0.3554,0.4230,3,0,0.0000,0,0.1805,0.5294,0.0883,0.6177,-0.1200,-0.2728,IDLE,0,0,step_zone_before_min seek=0.49<1.25,0,0,0.000,0,nan,nan,nan,0.0000,0,5,0.0000,0.0000,0.0000,0.0000,0.0000,等待台阶,1,0.0000,0.150,0.330
320.546,SEEK_ROUNDABOUT,6.425,0,0.492,0.0000,0.0000,none,,,,tracking,0.1450,-0.2357,1,line_recenter_transition,0.1870,0.1987,-0.3868,-0.4716,0.5244,4,0,0.0000,0,0.1031,0.5855,0.0848,0.6703,-0.2199,-0.2357,IDLE,0,0,step_zone_before_min seek=0.49<1.25,0,0,0.000,0,nan,nan,nan,0.0000,0,5,0.0000,0.0000,0.0000,0.0000,0.0000,等待台阶,1,0.0000,0.150,0.330
320.702,SEEK_ROUNDABOUT,6.582,0,0.503,0.0000,0.0000,none,,,,tracking,0.1450,-0.1064,1,line_curve_center_riding,-0.0097,0.0128,-0.3627,-0.3627,0.2818,2,0,0.0000,0,0.0731,0.3755,0.0000,0.3755,-0.2376,-0.1064,IDLE,0,0,step_zone_before_min seek=0.49<1.25,0,0,0.000,0,nan,nan,nan,0.0000,0,5,0.0000,0.0000,0.0000,0.0000,0.0000,等待台阶,1,0.0000,0.150,0.330
320.850,SEEK_ROUNDABOUT,6.729,0,0.513,0.0000,0.0000,none,,,,tracking,0.1700,0.0635,1,line_curve_center_riding,-0.2062,-0.1903,-0.4545,-0.4545,0.2703,2,0,0.0000,0,0.0774,0.2642,0.0000,0.2642,-0.3665,0.0635,IDLE,0,0,step_zone_before_min seek=0.50<1.25,0,0,0.000,0,nan,nan,nan,0.0000,0,5,0.0000,0.0000,0.0000,0.0000,0.0000,等待台阶,1,0.0000,0.150,0.330
320.983,SEEK_ROUNDABOUT,6.862,0,0.535,0.0000,0.0000,none,,,,tracking,0.1700,0.1994,1,line_curve_center_riding,-0.3064,-0.2920,-0.5319,-0.5319,0.2892,2,0,0.0000,0,0.4700,0.2398,0.0000,0.2398,-0.4519,0.1994,IDLE,0,0,step_zone_before_min seek=0.51<1.25,0,0,0.000,0,nan,nan,nan,0.0000,0,5,0.0000,0.0000,0.0000,0.0000,0.0000,等待台阶,1,0.0000,0.150,0.330
321.124,SEEK_ROUNDABOUT,7.003,0,0.555,0.0000,0.0000,none,,,,tracking,0.1689,0.3153,1,line_center_tracking,-0.3983,-0.3915,-0.4157,-0.4157,0.4070,2,0,0.0000,0,0.5087,0.0242,0.0000,0.0242,-0.4076,0.3153,IDLE,0,0,step_zone_before_min seek=0.54<1.25,0,0,0.000,0,nan,nan,nan,0.0000,0,5,0.0000,0.0000,0.0000,0.0000,0.0000,等待台阶,1,0.0000,0.150,0.330
321.295,SEEK_ROUNDABOUT,7.174,0,0.594,0.0000,0.0000,none,,,,tracking,0.1365,0.4415,1,line_center_tracking,-0.5255,-0.5132,-0.5570,-0.5570,0.3519,2,0,0.0000,1,1.0000,0.0438,0.0000,0.0438,-0.5424,0.4415,IDLE,0,0,step_zone_before_min seek=0.55<1.25,0,0,0.000,0,nan,nan,nan,0.0000,0,5,0.0000,0.0000,0.0000,0.0000,0.0000,等待台阶,1,0.0000,0.150,0.330
321.467,SEEK_ROUNDABOUT,7.346,0,0.631,0.0000,0.0000,none,,,,tracking,0.1050,0.5432,1,line_hard_turn_centering,-0.5980,-0.5939,-0.6344,-0.6344,0.3611,2,0,0.0000,1,1.0000,0.0405,0.0000,0.0405,-0.6209,0.5432,IDLE,0,0,step_zone_before_min seek=0.59<1.25,0,0,0.000,0,nan,nan,nan,0.0000,0,5,0.0000,0.0000,0.0000,0.0000,0.0000,等待台阶,1,0.0000,0.150,0.330
321.602,SEEK_ROUNDABOUT,7.481,0,0.664,0.0000,0.0000,none,,,,tracking,0.1050,0.5600,1,line_hard_turn_centering,-0.6020,-0.5973,-0.6441,-0.6441,0.3433,2,0,0.0000,1,1.0000,0.0468,0.0000,0.0468,-0.6285,0.5600,IDLE,0,0,step_zone_before_min seek=0.63<1.25,0,0,0.000,0,nan,nan,nan,0.0000,0,5,0.0000,0.0000,0.0000,0.0000,0.0000,等待台阶,1,0.0000,0.150,0.330
321.733,SEEK_ROUNDABOUT,7.612,0,0.702,0.0000,0.0000,none,,,,line_bridge_loss,0.0554,0.2334,0,line_too_few_bands,0.0000,0.0000,0.0000,0.0000,0.0000,1,0,0.0000,1,1.0000,0.0000,0.0000,0.0000,0.0000,0.2334,IDLE,0,0,step_zone_before_min seek=0.66<1.25,0,0,0.000,0,1.6000,nan,0.0503,0.9139,1,5,0.0000,0.0000,0.0000,0.0000,0.0000,等待台阶,1,0.0000,0.150,0.330
321.886,SEEK_ROUNDABOUT,7.765,0,0.702,0.0000,0.0000,none,,,,tracking,0.1050,0.5600,1,line_hard_turn_centering,-0.6024,-0.5983,-0.6390,-0.6390,0.3606,2,0,0.0000,1,1.0000,0.0407,0.0000,0.0407,-0.6254,0.5600,IDLE,0,0,step_zone_before_min seek=0.70<1.25,0,0,0.000,1,1.5400,nan,0.0493,0.8949,5,5,0.0000,0.0000,0.0000,0.0000,0.0000,等待台阶,1,0.0000,0.150,0.330
322.030,SEEK_ROUNDABOUT,7.909,0,0.730,0.0000,0.0000,none,,,,tracking,0.0850,0.4200,1,line_edge_single_rescue,-0.6817,-0.6817,-0.6817,-0.6817,0.3100,1,0,0.0000,1,0.5833,0.0000,0.0000,0.0000,-0.6817,0.4200,IDLE,0,0,step_zone_before_min seek=0.70<1.25,0,0,0.000,0,nan,nan,nan,0.0000,0,5,0.0000,0.0000,0.0000,0.0000,0.0000,等待台阶,1,0.0000,0.150,0.330
322.233,SEEK_ROUNDABOUT,8.112,0,0.790,0.0000,0.0000,none,,,,tracking,0.1000,0.6017,1,line_curve_center_riding,-0.4942,-0.4798,-0.7207,-0.7207,0.4936,3,0,0.0000,0,0.4829,0.2409,0.0000,0.2409,-0.6404,0.6017,IDLE,0,0,step_zone_before_min seek=0.73<1.25,0,0,0.000,0,nan,nan,nan,0.0000,0,5,0.0000,0.0000,0.0000,0.0000,0.0000,等待台阶,1,0.0000,0.150,0.330
322.376,SEEK_ROUNDABOUT,8.256,0,0.828,0.0000,0.0000,none,,,,tracking,0.1240,0.4901,1,line_curve_center_riding,-0.3598,-0.3415,-0.6470,-0.6470,0.4574,3,0,0.0000,1,0.6880,0.3056,0.0000,0.3056,-0.5452,0.4901,IDLE,0,0,step_zone_before_min seek=0.79<1.25,0,0,0.000,0,1.5500,nan,0.0535,0.9298,2,5,0.0000,0.0000,0.0000,0.0000,0.0000,等待台阶,1,0.0000,0.150,0.330
322.521,SEEK_ROUNDABOUT,8.400,0,0.857,0.0000,0.0000,none,,,,tracking,0.1450,0.3776,1,line_curve_center_riding,-0.2495,-0.2271,-0.6002,-0.6190,0.6557,5,0,0.0000,1,1.0000,0.3731,0.0188,0.3919,-0.4821,0.3776,IDLE,0,0,step_zone_before_min seek=0.83<1.25,0,0,0.000,1,1.5400,nan,0.0550,0.7892,6,5,0.0000,0.0000,0.0000,0.0000,0.0000,等待台阶,1,0.0000,0.150,0.330
322.702,SEEK_ROUNDABOUT,8.581,0,0.879,0.0000,0.0000,none,,,,tracking,0.1450,0.2620,1,line_curve_center_riding,-0.1345,-0.1132,-0.4684,-0.5004,0.6597,5,0,0.0000,1,1.0000,0.3552,0.0319,0.3872,-0.3606,0.2620,IDLE,0,0,step_zone_before_min seek=0.86<1.25,0,0,1.000,0,1.0600,1.0600,0.0469,0.9152,3,5,0.0000,0.0000,0.0000,0.0000,0.0000,等待台阶,1,0.0000,0.150,0.330
322.835,SEEK_ROUNDABOUT,8.714,0,0.891,0.0000,0.0000,none,,,,tracking,0.1450,0.1432,1,line_curve_center_riding,-0.0305,-0.0099,-0.3532,-0.3914,0.6659,5,0,0.0000,1,1.0000,0.3433,0.0382,0.3815,-0.2515,0.1432,IDLE,0,0,step_zone_before_min seek=0.88<1.25,0,0,2.000,1,1.0400,1.0500,0.0469,0.9353,7,5,0.0000,0.0000,0.0000,0.0000,0.0000,等待台阶,1,0.0000,0.150,0.330
322.966,SEEK_ROUNDABOUT,8.845,0,0.896,0.0000,0.0000,none,,,,tracking,0.1450,0.0584,1,line_curve_center_riding,0.0240,0.0422,-0.2605,-0.4250,0.7590,6,0,0.0000,1,1.0000,0.3027,0.1646,0.4672,-0.2144,0.0584,IDLE,0,0,step_zone_before_min seek=0.89<1.25,0,0,3.000,1,1.0200,1.0400,0.0468,0.9326,11,5,0.0000,0.0000,0.0000,0.0000,0.0000,等待台阶,1,0.0000,0.150,0.330
323.106,SEEK_ROUNDABOUT,8.985,0,0.899,0.0000,0.0000,none,,,,tracking,0.1450,-0.0274,1,line_recenter_transition,0.1027,0.1089,-0.2050,-0.2426,0.6687,5,0,0.0000,1,1.0000,0.3140,0.0376,0.3516,-0.1129,-0.0274,IDLE,0,0,step_zone_before_min seek=0.90<1.25,0,0,4.000,1,1.0100,1.0300,0.0472,0.9386,15,5,0.0000,0.0000,0.0000,0.0000,0.0000,等待台阶,1,0.0000,0.150,0.330
323.235,SEEK_ROUNDABOUT,9.114,0,0.904,0.0000,0.0000,none,,,,tracking,0.1450,-0.0707,1,line_recenter_transition,0.1075,0.1134,-0.1820,-0.3408,0.7603,6,0,0.0000,1,1.0000,0.2954,0.1588,0.4542,-0.1365,-0.0707,IDLE,0,0,step_zone_before_min seek=0.90<1.25,0,0,5.000,1,1.0100,1.0200,0.0464,0.9281,18,5,0.0000,0.0000,0.0000,0.0000,0.0000,等待台阶,1,0.0000,0.150,0.330
323.399,SEEK_ROUNDABOUT,9.279,0,0.905,0.0000,0.0000,none,,,,tracking,0.1450,-0.0908,1,line_recenter_transition,0.1056,0.1115,-0.1819,-0.3200,0.7617,6,0,0.0000,1,1.0000,0.2934,0.1381,0.4315,-0.1301,-0.0908,IDLE,0,0,step_zone_before_min seek=0.90<1.25,0,0,6.000,1,1.0000,1.0100,0.0477,0.9449,23,5,0.0000,0.0000,0.0000,0.0000,0.0000,等待台阶,1,0.0000,0.150,0.330
323.569,SEEK_ROUNDABOUT,9.448,0,0.910,0.0000,0.0000,none,,,,tracking,0.1450,-0.0792,1,line_recenter_transition,0.0657,0.0714,-0.2130,-0.3419,0.7642,6,0,0.0000,1,1.0000,0.2844,0.1290,0.4133,-0.1612,-0.0792,IDLE,0,0,step_zone_before_min seek=0.91<1.25,0,0,6.000,1,1.0050,1.0100,0.0474,0.9408,27,5,0.0000,0.0000,0.0000,0.0000,0.0000,等待台阶,1,0.0000,0.150,0.330
323.720,SEEK_ROUNDABOUT,9.599,0,0.920,0.0000,0.0000,none,,,,tracking,0.1450,-0.0554,1,line_curve_center_riding,0.0314,0.0487,-0.2399,-0.3611,0.7647,6,0,0.0000,1,1.0000,0.2886,0.1212,0.4099,-0.1841,-0.0554,IDLE,0,0,step_zone_before_min seek=0.91<1.25,0,0,6.000,1,1.0000,1.0050,0.0471,0.9363,31,5,0.0000,0.0000,0.0000,0.0000,0.0000,等待台阶,1,0.0000,0.150,0.330
323.899,SEEK_ROUNDABOUT,9.778,0,0.935,0.0000,0.0000,none,,,,tracking,0.1450,-0.0100,1,line_curve_center_riding,-0.0309,-0.0135,-0.3041,-0.3375,0.6771,5,0,0.0000,1,1.0000,0.2906,0.0334,0.3240,-0.2184,-0.0100,IDLE,0,0,step_zone_before_min seek=0.92<1.25,0,0,6.000,1,0.9900,1.0000,0.0473,0.9389,37,5,0.0000,0.0000,0.0000,0.0000,0.0000,等待台阶,1,0.0000,0.150,0.330
324.047,SEEK_ROUNDABOUT,9.926,0,0.948,0.0000,0.0000,none,,,,tracking,0.1700,0.1452,1,line_curve_center_riding,-0.2631,-0.2521,-0.4353,-0.4694,0.4946,3,0,0.0000,1,1.0000,0.1833,0.0341,0.2174,-0.3856,0.1452,IDLE,0,0,step_zone_before_min seek=0.94<1.25,0,0,6.000,1,0.9800,1.0000,0.0476,0.9426,41,5,0.0000,0.0000,0.0000,0.0000,0.0000,等待台阶,1,0.0000,0.150,0.330
324.181,SEEK_ROUNDABOUT,10.060,0,0.964,0.0000,0.0000,none,,,,tracking,0.1700,0.2243,1,line_curve_center_riding,-0.2829,-0.2712,-0.4655,-0.4970,0.4920,3,0,0.0000,1,1.0000,0.1942,0.0315,0.2258,-0.4112,0.2243,IDLE,0,0,step_zone_before_min seek=0.95<1.25,0,0,6.000,1,0.9600,0.9900,0.0479,0.9466,45,5,0.0000,0.0000,0.0000,0.0000,0.0000,等待台阶,1,0.0000,0.150,0.330
324.314,SEEK_ROUNDABOUT,10.193,0,0.981,0.0000,0.0000,none,,,,tracking,0.1450,0.1560,1,line_curve_center_riding,-0.0989,-0.0806,-0.3852,-0.4172,0.5741,4,0,0.0000,1,1.0000,0.3046,0.0320,0.3366,-0.2943,0.1560,IDLE,0,0,step_zone_before_min seek=0.96<1.25,0,0,6.000,1,0.9600,0.9800,0.0474,0.9401,48,5,0.0000,0.0000,0.0000,0.0000,0.0000,等待台阶,1,0.0000,0.150,0.330
324.497,SEEK_ROUNDABOUT,10.377,0,0.998,0.0000,0.0000,none,,,,tracking,0.1700,0.1535,1,line_curve_center_riding,-0.1347,-0.1186,-0.3859,-0.4134,0.6849,5,0,0.0000,1,1.0000,0.2673,0.0275,0.2948,-0.3060,0.1535,IDLE,0,0,step_zone_before_min seek=0.98<1.25,0,0,6.000,1,0.9300,0.9600,0.0472,0.9373,54,5,0.0000,0.0000,0.0000,0.0000,0.0000,等待台阶,1,0.0000,0.150,0.330
324.672,SEEK_ROUNDABOUT,10.551,0,1.033,0.4000,0.0000,none,,,,tracking,0.1700,0.1800,1,line_curve_center_riding,-0.1882,-0.1754,-0.3895,-0.4079,0.6920,5,0,0.0000,1,1.0000,0.2141,0.0184,0.2326,-0.3243,0.1800,IDLE,0,0,step_zone_before_min seek=1.00<1.25,0,0,6.000,1,0.9100,0.9600,0.0472,0.9368,59,5,0.0000,0.0000,0.0000,0.0000,0.0000,等待台阶,1,0.0000,0.150,0.330
324.817,SEEK_ROUNDABOUT,10.697,0,1.058,0.4000,0.0000,none,,,,tracking,0.1450,0.1414,1,line_curve_center_riding,-0.1017,-0.0878,-0.3186,-0.5867,0.7621,6,0,0.0000,1,1.0000,0.2308,0.2680,0.4988,-0.3310,0.1414,IDLE,0,0,step_zone_before_min seek=1.03<1.25,0,0,6.000,1,0.9000,0.9300,0.0473,0.9390,62,5,0.0000,0.0000,0.0000,0.0000,0.0000,等待台阶,1,0.0000,0.150,0.330
324.962,SEEK_ROUNDABOUT,10.841,0,1.087,0.4000,0.0000,none,,,,tracking,0.1450,0.1216,1,line_curve_center_riding,-0.0937,-0.0775,-0.3475,-0.5907,0.6672,5,0,0.0000,1,1.0000,0.2700,0.2433,0.5133,-0.3386,0.1216,IDLE,0,0,step_zone_before_min seek=1.06<1.25,0,0,6.000,1,0.8800,0.9100,0.0477,0.9433,66,5,0.0000,0.0000,0.0000,0.0000,0.0000,等待台阶,1,0.0000,0.150,0.330
325.105,SEEK_ROUNDABOUT,10.984,0,1.112,0.8000,0.3500,none,,,,tracking,0.1700,0.1989,1,line_curve_center_riding,-0.2442,-0.2361,-0.3712,-0.3712,0.6165,4,0,0.0000,1,1.0000,0.1351,0.0000,0.1351,-0.3262,0.1989,IDLE,0,0,step_zone_before_min seek=1.09<1.25,0,0,6.000,1,0.8600,0.9000,0.0482,0.9502,70,5,0.0000,0.0000,0.0000,0.0000,0.0000,等待台阶,1,0.0000,0.150,0.330
325.254,SEEK_ROUNDABOUT,11.133,0,1.148,0.4000,0.0500,none,,,,tracking,0.1815,0.2663,1,line_center_tracking,-0.3074,-0.2784,-0.3822,-0.3822,0.6172,4,0,0.0000,1,1.0000,0.1038,0.0000,0.1038,-0.3476,0.2663,IDLE,0,0,step_zone_before_min seek=1.11<1.25,0,0,6.000,1,0.8450,0.8800,0.0485,0.9552,74,5,0.0000,0.0000,0.0000,0.0000,0.0000,等待台阶,1,0.0000,0.150,0.330
325.439,SEEK_ROUNDABOUT,11.318,0,1.188,0.6000,0.0000,none,,,,tracking,0.1767,0.2852,1,line_center_tracking,-0.2863,-0.2683,-0.3327,-0.3327,0.5275,3,0,0.0000,1,1.0000,0.0643,0.0000,0.0643,-0.3112,0.2852,IDLE,0,0,step_zone_before_min seek=1.15<1.25,0,0,6.000,1,0.8100,0.8600,0.0483,0.9520,79,5,0.0000,0.0000,0.0000,0.0000,0.0000,等待台阶,1,0.0000,0.150,0.330
325.577,SEEK_ROUNDABOUT,11.456,0,1.223,0.6000,0.0000,none,,,,tracking,0.1700,0.2486,1,line_curve_center_riding,-0.2029,-0.1957,-0.3165,-0.4216,0.6997,5,0,0.0000,1,1.0000,0.1208,0.1051,0.2260,-0.3113,0.2486,IDLE,0,0,step_zone_before_min seek=1.19<1.25,0,0,6.000,1,0.7900,0.8450,0.0479,0.9461,82,5,0.0000,0.0000,0.0000,0.0000,0.0000,等待台阶,1,0.0000,0.150,0.330
325.738,SEEK_ROUNDABOUT,11.617,0,1.259,0.4000,0.0000,none,,,,tracking,0.1700,0.2086,1,line_curve_center_riding,-0.1571,-0.1526,-0.2287,-0.3442,0.6955,5,0,0.0000,1,1.0000,0.0762,0.1155,0.1917,-0.2418,0.2086,IDLE,0,0,step_zone_before_min seek=1.22<1.25,0,0,6.000,1,0.7700,0.8100,0.0464,0.9238,86,5,0.0000,0.0000,0.0000,0.0000,0.0000,等待台阶,1,0.0000,0.150,0.330
325.871,SEEK_ROUNDABOUT,11.750,0,1.259,0.4000,0.0000,none,,,,step_align_slow/course_events_frozen,0.1196,0.3400,1,line_curve_center_riding,-0.0051,0.0151,-0.3216,-0.3216,0.4461,3,0,0.0000,1,1.0000,0.3366,0.0000,0.3366,-0.2094,0.3400,IDLE,0,1,step_confirmed_slow_align d=0.790,0,0,6.000,1,0.7500,0.7900,0.0454,0.9095,89,5,0.0000,0.0000,0.0000,0.0000,0.0000,等待台阶,1,0.0000,0.150,0.330
326.031,SEEK_ROUNDABOUT,11.910,0,1.259,0.0000,0.0000,none,,,,step_align_slow/course_events_frozen,0.0689,0.1998,1,line_center_tracking,-0.1307,-0.1092,-0.1859,-0.1859,0.5342,3,0,0.0000,1,1.0000,0.0768,0.0000,0.0768,-0.1603,0.1998,IDLE,0,1,step_confirmed_slow_align d=0.770,0,0,6.000,1,0.7300,0.7700,0.0441,0.8907,93,5,0.0000,0.0000,0.0000,0.0000,0.0000,等待台阶,1,0.0000,0.150,0.330
326.196,SEEK_ROUNDABOUT,12.075,0,1.259,0.2000,0.0000,none,,,,step_align_slow/course_events_frozen,0.0300,-0.1335,1,line_curve_center_riding,0.2305,0.2036,0.6505,1.0000,0.6119,5,0,0.0000,1,1.0000,0.4469,0.3495,0.7964,0.6180,-0.1335,IDLE,0,1,step_confirmed_slow_align d=0.750,0,0,6.000,1,0.7000,0.7500,0.0440,0.8897,96,5,0.0000,0.0000,0.0000,0.0000,0.0000,等待台阶,1,0.0000,0.150,0.330
326.350,SEEK_ROUNDABOUT,12.229,0,1.259,0.6000,0.0000,none,,,,tracking,0.0807,0.0114,1,line_center_tracking,-0.0106,0.0071,-0.0561,-0.0561,0.4260,2,0,0.0000,1,1.0000,0.0632,0.0000,0.0632,-0.0350,0.0114,IDLE,0,0,fixed_candidate_confirm 1/3,0,0,6.000,1,0.6700,0.7300,0.0438,0.8857,100,5,0.0000,0.0000,0.0000,0.0000,0.0000,等待台阶,1,0.0000,0.150,0.330
326.494,SEEK_ROUNDABOUT,12.373,0,1.259,0.0000,0.0000,none,,,,step_align_creep/course_events_frozen,0.0300,-0.3219,1,line_edge_single_rescue,0.8344,0.8344,0.8344,0.8344,0.3100,1,0,0.0000,1,1.0000,0.0000,0.0000,0.0000,0.8344,-0.3219,IDLE,0,1,step_confirmed_slow_align d=0.700,0,0,6.000,1,0.6200,0.7000,0.0440,0.8862,106,5,0.0000,0.0000,0.0000,0.0000,0.0000,等待台阶,1,0.0000,0.150,0.330
326.658,SEEK_ROUNDABOUT,12.537,0,1.259,0.0000,0.0000,none,,,,line_bridge_loss,0.0350,-0.1360,0,line_too_few_bands,0.0000,0.0000,0.0000,0.0000,0.0000,1,0,0.0000,1,1.0000,0.0000,0.0000,0.0000,0.0000,-0.1360,IDLE,0,0,candidate_fields_invalid,0,0,5.400,0,nan,0.7000,nan,0.0000,0,5,0.0000,0.0000,0.0000,0.0000,0.0000,等待台阶,1,0.0000,0.150,0.330
326.801,SEEK_ROUNDABOUT,12.680,0,1.259,0.2000,0.0000,none,,,,line_bridge_loss,0.0350,-0.1360,0,line_too_few_bands,0.0000,0.0000,0.0000,0.0000,0.0000,1,0,0.0000,1,1.0000,0.0000,0.0000,0.0000,0.0000,-0.1360,IDLE,0,0,candidate_fields_invalid,0,0,4.800,0,nan,0.6850,nan,0.0000,0,5,0.0000,0.0000,0.0000,0.0000,0.0000,等待台阶,1,0.0000,0.150,0.330
326.937,SEEK_ROUNDABOUT,12.817,0,1.259,0.0000,0.0000,none,,,,line_bridge_loss,0.0350,-0.1360,0,line_too_few_bands,0.0000,0.0000,0.0000,0.0000,0.0000,1,0,0.0000,1,1.0000,0.0000,0.0000,0.0000,0.0000,-0.1360,IDLE,0,0,candidate_fields_invalid,0,0,4.200,0,nan,0.6700,nan,0.0000,0,5,0.0000,0.0000,0.0000,0.0000,0.0000,等待台阶,1,0.0000,0.150,0.330
327.108,SEEK_ROUNDABOUT,12.987,0,1.259,0.0000,0.0000,none,,,,tracking,0.0857,-0.4693,1,line_curve_center_riding,0.9762,0.9947,0.6858,0.6311,0.4599,3,0,0.0000,1,1.0000,0.3089,0.0548,0.3636,0.7706,-0.4693,IDLE,0,0,candidate_fields_invalid,0,0,3.600,0,nan,0.6450,nan,0.0000,0,5,0.0000,0.0000,0.0000,0.0000,0.0000,等待台阶,1,0.0000,0.150,0.330
327.240,SEEK_ROUNDABOUT,13.119,0,1.264,0.0000,0.0000,none,,,,line_bridge_loss,0.0358,-0.2600,0,line_too_few_bands,0.0000,0.0000,0.0000,0.0000,0.0000,1,0,0.0000,1,1.0000,0.0000,0.0000,0.0000,0.0000,-0.2600,IDLE,0,0,candidate_fields_invalid,0,0,3.000,0,nan,0.6200,nan,0.0000,0,5,0.0000,0.0000,0.0000,0.0000,0.0000,等待台阶,1,0.0000,0.150,0.330
327.378,SEEK_ROUNDABOUT,13.258,0,1.264,0.0000,0.0000,none,,,,line_bridge_loss,0.0350,-0.2600,0,line_low_confidence,0.2213,0.1869,0.7611,0.7611,0.1813,2,0,0.0000,1,1.0000,0.5743,0.0000,0.5743,0.5697,-0.2600,IDLE,0,0,candidate_fields_invalid,0,0,2.400,0,nan,nan,nan,0.0000,0,5,0.0000,0.0000,0.0000,0.0000,0.0000,等待台阶,1,0.0000,0.150,0.330
327.515,SEEK_ROUNDABOUT,13.395,0,1.264,0.2000,0.0000,none,,,,line_bridge_loss,0.0350,-0.2600,0,line_too_few_bands,0.0000,0.0000,0.0000,0.0000,0.0000,1,0,0.0000,1,1.0000,0.0000,0.0000,0.0000,0.0000,-0.2600,IDLE,0,0,candidate_fields_invalid,0,0,1.800,0,nan,nan,nan,0.0000,0,5,0.0000,0.0000,0.0000,0.0000,0.0000,等待台阶,1,0.0000,0.150,0.330
327.650,SEEK_ROUNDABOUT,13.530,0,1.264,0.0000,0.0000,none,,,,line_loss_hold,0.0000,0.0000,0,line_too_few_bands,0.0000,0.0000,0.0000,0.0000,0.0000,1,0,0.0000,1,1.0000,0.0000,0.0000,0.0000,0.0000,0.0000,IDLE,0,0,candidate_fields_invalid,0,0,1.200,0,nan,nan,nan,0.0000,0,5,0.0000,0.0000,0.0000,0.0000,0.0000,等待台阶,1,0.0000,0.150,0.330
327.802,SEEK_ROUNDABOUT,13.681,0,1.264,0.4000,0.0000,none,,,,tracking,0.0507,-0.0550,1,line_edge_single_rescue,-0.9062,-0.9062,-0.9062,-0.9062,0.3100,1,0,0.0000,1,1.0000,0.0000,0.0000,0.0000,-0.9062,-0.0550,IDLE,0,0,candidate_fields_invalid,0,0,0.600,0,nan,nan,nan,0.0000,0,5,0.0000,0.0000,0.0000,0.0000,0.0000,等待台阶,1,0.0000,0.150,0.330
327.934,SEEK_ROUNDABOUT,13.814,0,1.264,0.4000,0.0000,none,,,,line_bridge_loss,0.0350,-0.0220,0,line_too_few_bands,0.0000,0.0000,0.0000,0.0000,0.0000,0,0,0.0000,1,1.0000,0.0000,0.0000,0.0000,0.0000,-0.0220,IDLE,0,0,candidate_fields_invalid,0,0,0.000,0,nan,nan,nan,0.0000,0,5,0.0000,0.0000,0.0000,0.0000,0.0000,等待台阶,1,0.0000,0.150,0.330
328.070,SEEK_ROUNDABOUT,13.950,0,1.264,0.0000,0.0000,none,,,,line_bridge_loss,0.0350,-0.0220,0,line_too_few_bands,0.0000,0.0000,0.0000,0.0000,0.0000,0,0,0.0000,1,1.0000,0.0000,0.0000,0.0000,0.0000,-0.0220,IDLE,0,0,candidate_fields_invalid,0,0,0.000,0,nan,nan,nan,0.0000,0,5,0.0000,0.0000,0.0000,0.0000,0.0000,等待台阶,1,0.0000,0.150,0.330
328.200,SEEK_ROUNDABOUT,14.079,0,1.264,0.6000,0.0000,none,,,,line_bridge_loss,0.0350,-0.0220,0,line_too_few_bands,0.0000,0.0000,0.0000,0.0000,0.0000,0,0,0.0000,1,1.0000,0.0000,0.0000,0.0000,0.0000,-0.0220,IDLE,0,0,candidate_fields_invalid,0,0,0.000,0,nan,nan,nan,0.0000,0,5,0.0000,0.0000,0.0000,0.0000,0.0000,等待台阶,1,0.0000,0.150,0.330
328.348,SEEK_ROUNDABOUT,14.228,0,1.264,0.0000,0.0000,none,,,,line_loss_hold,0.0000,0.0000,0,line_too_few_bands,0.0000,0.0000,0.0000,0.0000,0.0000,0,0,0.0000,1,1.0000,0.0000,0.0000,0.0000,0.0000,0.0000,IDLE,0,0,candidate_fields_invalid,0,0,0.000,0,nan,nan,nan,0.0000,0,5,0.0000,0.0000,0.0000,0.0000,0.0000,等待台阶,1,0.0000,0.150,0.330
328.488,SEEK_ROUNDABOUT,14.367,0,1.264,0.0000,0.0000,none,,,,line_loss_hold,0.0000,0.0000,0,line_too_few_bands,0.0000,0.0000,0.0000,0.0000,0.0000,0,0,0.0000,1,1.0000,0.0000,0.0000,0.0000,0.0000,0.0000,IDLE,0,0,candidate_evidence_wait 1.0/2.4,0,0,1.000,0,0.5300,0.5300,0.0449,0.9029,1,5,0.0000,0.0000,0.0000,0.0000,0.0000,等待台阶,1,0.0000,0.150,0.330
328.667,SEEK_ROUNDABOUT,14.546,0,1.264,0.0000,0.0000,none,,,,step_align_line_lost_stop/course_events_frozen,0.0000,0.0000,0,line_too_few_bands,0.0000,0.0000,0.0000,0.0000,0.0000,0,0,0.0000,1,1.0000,0.0000,0.0000,0.0000,0.0000,0.0000,IDLE,0,1,step_confirmed_slow_align d=0.535,0,0,2.000,1,0.5400,0.5350,0.0450,0.9050,5,5,0.0000,0.0000,0.0000,0.0000,0.0000,等待台阶,1,0.0000,0.150,0.330
328.799,SEEK_ROUNDABOUT,14.678,0,1.264,0.2000,0.0000,none,,,,step_align_line_lost_stop/course_events_frozen,0.0000,0.0000,0,line_too_few_bands,0.0000,0.0000,0.0000,0.0000,0.0000,0,0,0.0000,1,1.0000,0.0000,0.0000,0.0000,0.0000,0.0000,IDLE,0,1,step_confirmed_slow_align d=0.540,0,0,3.000,1,0.5500,0.5400,0.0449,0.9034,9,5,0.0000,0.0000,0.0000,0.0000,0.0000,等待台阶,1,0.0000,0.150,0.330
328.941,SEEK_ROUNDABOUT,14.820,0,1.264,0.4000,0.0000,none,,,,step_align_creep/course_events_frozen,0.0150,-0.3333,1,line_recenter_transition,-0.1966,-0.2048,0.2046,0.2046,0.2643,2,0,0.0000,1,1.0000,0.4095,0.0000,0.4095,0.0682,-0.3333,IDLE,0,1,step_confirmed_slow_align d=0.545,0,0,4.000,1,0.6000,0.5450,0.0459,0.9180,12,5,0.0000,0.0000,0.0000,0.0000,0.0000,等待台阶,1,0.0000,0.150,0.330
329.090,SEEK_ROUNDABOUT,14.969,0,1.264,0.4000,0.0000,none,,,,step_align_line_lost_stop/course_events_frozen,0.0000,0.0000,0,line_too_few_bands,0.0000,0.0000,0.0000,0.0000,0.0000,0,0,0.0000,1,1.0000,0.0000,0.0000,0.0000,0.0000,0.0000,IDLE,0,1,step_confirmed_slow_align d=0.540,0,0,5.000,1,0.5400,0.5400,0.0449,0.9041,16,5,0.0000,0.0000,0.0000,0.0000,0.0000,等待台阶,1,0.0000,0.150,0.330
329.258,SEEK_ROUNDABOUT,15.138,0,1.264,0.4000,0.0000,none,,,,step_align_creep/course_events_frozen,0.0150,0.3333,1,line_hard_turn_centering,-0.6236,-0.6186,-0.6687,-0.6687,0.4361,2,0,0.0000,1,1.0000,0.0502,0.0000,0.0502,-0.6520,0.3333,IDLE,0,1,step_confirmed_slow_align d=0.550,0,0,6.000,1,0.5900,0.5500,0.0452,0.9096,20,5,0.0000,0.0000,0.0000,0.0000,0.0000,等待台阶,1,0.0000,0.150,0.330
329.398,SEEK_ROUNDABOUT,15.277,0,1.264,0.4000,0.0000,none,,,,step_align_creep/course_events_frozen,0.0150,0.0000,1,line_recenter_transition,-0.4378,-0.4508,0.2001,0.3007,0.5010,4,0,0.0000,1,1.0000,0.6508,0.1007,0.7515,0.0167,0.0000,IDLE,0,1,step_confirmed_slow_align d=0.590,0,0,6.000,1,0.6100,0.5900,0.0456,0.9126,24,5,0.0000,0.0000,0.0000,0.0000,0.0000,等待台阶,1,0.0000,0.150,0.330
329.539,SEEK_ROUNDABOUT,15.419,0,1.264,0.4000,0.0000,none,,,,step_align_creep/course_events_frozen,0.0150,0.3333,1,line_edge_single_rescue,-0.7673,-0.7673,-0.7673,-0.7673,0.3100,1,0,0.0000,1,1.0000,0.0000,0.0000,0.0000,-0.7673,0.3333,IDLE,0,1,step_confirmed_slow_align d=0.590,0,0,6.000,1,0.5500,0.5900,0.0446,0.8993,28,5,0.0000,0.0000,0.0000,0.0000,0.0000,等待台阶,1,0.0000,0.150,0.330
329.706,SEEK_ROUNDABOUT,15.585,0,1.264,0.6000,0.0000,none,,,,step_align_line_lost_stop/course_events_frozen,0.0000,0.0000,0,line_low_confidence,-0.3364,-0.3454,0.1081,0.1081,0.1916,2,0,0.0000,1,1.0000,0.4535,0.0000,0.4535,-0.0431,0.0000,IDLE,0,1,step_confirmed_slow_align d=0.550,0,0,6.000,1,0.5500,0.5500,0.0451,0.9071,32,5,0.0000,0.0000,0.0000,0.0000,0.0000,等待台阶,1,0.0000,0.150,0.330
329.866,SEEK_ROUNDABOUT,15.745,0,1.264,0.4000,0.0000,none,,,,step_align_creep/course_events_frozen,0.0150,-0.3333,1,line_recenter_transition,-0.5871,-0.6027,0.1788,0.1788,0.3532,3,0,0.0000,1,1.0000,0.7815,0.0000,0.7815,-0.0817,-0.3333,IDLE,0,1,step_confirmed_slow_align d=0.550,0,0,6.000,1,0.5500,0.5500,0.0456,0.9155,36,5,0.0000,0.0000,0.0000,0.0000,0.0000,等待台阶,1,0.0000,0.150,0.330
330.019,SEEK_ROUNDABOUT,15.898,0,1.264,0.0000,0.0000,none,,,,step_align_creep/course_events_frozen,0.0150,-0.3400,1,line_recenter_transition,-0.2581,-0.2726,0.4496,0.9813,0.4497,4,0,0.0000,1,1.0000,0.7221,0.5317,1.2538,0.3861,-0.3400,IDLE,0,1,step_confirmed_slow_align d=0.550,0,0,6.000,1,0.5500,0.5500,0.0463,0.9248,41,5,0.0000,0.0000,0.0000,0.0000,0.0000,等待台阶,1,0.0000,0.150,0.330
330.167,SEEK_ROUNDABOUT,16.047,0,1.264,0.4000,0.0000,none,,,,step_align_line_lost_stop/course_events_frozen,0.0000,-0.0067,0,line_too_few_bands,0.0000,0.0000,0.0000,0.0000,0.0000,0,0,0.0000,1,1.0000,0.0000,0.0000,0.0000,0.0000,-0.0067,IDLE,0,1,step_confirmed_slow_align d=0.550,0,0,6.000,1,0.5400,0.5500,0.0458,0.9154,46,5,0.0000,0.0000,0.0000,0.0000,0.0000,等待台阶,1,0.0000,0.150,0.330
330.299,SEEK_ROUNDABOUT,16.178,0,1.264,0.0000,0.0000,none,,,,step_align_creep/course_events_frozen,0.0150,-0.3352,1,line_recenter_transition,-0.1519,-0.1658,0.5281,1.0000,0.4554,4,0,0.0000,1,1.0000,0.6939,0.4719,1.1658,0.4541,-0.3352,IDLE,0,1,step_confirmed_slow_align d=0.550,0,0,6.000,0,0.5300,0.5500,0.0456,0.9143,1,5,0.0000,0.0000,0.0000,0.0000,0.0000,等待台阶,1,0.0000,0.150,0.330
330.444,SEEK_ROUNDABOUT,16.323,0,1.264,0.4000,0.0000,none,,,,step_align_creep/course_events_frozen,0.0150,-0.3400,1,line_recenter_transition,-0.1309,-0.1447,0.5468,1.0000,0.4521,4,0,0.0000,1,1.0000,0.6914,0.4532,1.1447,0.4674,-0.3400,IDLE,0,1,step_confirmed_slow_align d=0.540,0,0,6.000,0,0.5300,0.5400,0.0461,0.9207,1,5,0.0000,0.0000,0.0000,0.0000,0.0000,等待台阶,1,0.0000,0.150,0.330
330.590,SEEK_ROUNDABOUT,16.469,0,1.264,0.0000,0.0000,none,,,,line_bridge_loss,0.0350,-0.1360,0,line_too_few_bands,0.0000,0.0000,0.0000,0.0000,0.0000,0,0,0.0000,1,1.0000,0.0000,0.0000,0.0000,0.0000,-0.1360,IDLE,0,0,candidate_fields_invalid,0,0,5.400,0,nan,0.5400,nan,0.0000,0,5,0.0000,0.0000,0.0000,0.0000,0.0000,等待台阶,1,0.0000,0.150,0.330
330.721,SEEK_ROUNDABOUT,16.601,0,1.264,0.0000,0.0000,none,,,,step_align_line_lost_stop/course_events_frozen,0.0000,0.0000,0,line_too_few_bands,0.0000,0.0000,0.0000,0.0000,0.0000,0,0,0.0000,1,1.0000,0.0000,0.0000,0.0000,0.0000,0.0000,IDLE,0,1,step_confirmed_slow_align d=0.530,0,0,6.000,0,0.5300,0.5300,0.0449,0.9044,3,5,0.0000,0.0000,0.0000,0.0000,0.0000,等待台阶,1,0.0000,0.150,0.330
330.859,SEEK_ROUNDABOUT,16.739,0,1.264,0.4000,0.0000,none,,,,step_align_line_lost_stop/course_events_frozen,0.0000,0.0000,0,line_too_few_bands,0.0000,0.0000,0.0000,0.0000,0.0000,0,0,0.0000,1,1.0000,0.0000,0.0000,0.0000,0.0000,0.0000,IDLE,0,1,step_confirmed_slow_align d=0.530,0,0,6.000,1,0.5200,0.5300,0.0458,0.9189,6,5,0.0000,0.0000,0.0000,0.0000,0.0000,等待台阶,1,0.0000,0.150,0.330
331.000,SEEK_ROUNDABOUT,16.879,0,1.264,0.6000,0.0000,none,,,,step_align_line_lost_stop/course_events_frozen,0.0000,0.0000,0,line_low_confidence,-0.2635,-0.2717,0.1395,0.1395,0.2180,2,0,0.0000,1,1.0000,0.4112,0.0000,0.4112,0.0024,0.0000,IDLE,0,1,step_confirmed_slow_align d=0.530,0,0,6.000,0,0.5300,0.5300,0.0446,0.9005,3,5,0.0000,0.0000,0.0000,0.0000,0.0000,等待台阶,1,0.0000,0.150,0.330
331.156,SEEK_ROUNDABOUT,17.035,0,1.264,0.6000,0.0000,none,,,,step_align_line_lost_stop/course_events_frozen,0.0000,0.0000,0,line_too_few_bands,0.0000,0.0000,0.0000,0.0000,0.0000,0,0,0.0000,1,1.0000,0.0000,0.0000,0.0000,0.0000,0.0000,IDLE,0,1,step_confirmed_slow_align d=0.530,0,0,6.000,1,0.5200,0.5300,0.0454,0.9138,7,5,0.0000,0.0000,0.0000,0.0000,0.0000,等待台阶,1,0.0000,0.150,0.330
331.302,SEEK_ROUNDABOUT,17.181,0,1.264,0.6000,0.0000,none,,,,step_align_creep/course_events_frozen,0.0150,0.3333,1,line_edge_single_rescue,-0.7545,-0.7545,-0.7545,-0.7545,0.3100,1,0,0.0000,1,1.0000,0.0000,0.0000,0.0000,-0.7545,0.3333,IDLE,0,1,step_confirmed_slow_align d=0.520,0,0,6.000,1,0.5200,0.5200,0.0450,0.9090,12,5,0.0000,0.0000,0.0000,0.0000,0.0000,等待台阶,1,0.0000,0.150,0.330
331.443,SEEK_ROUNDABOUT,17.322,0,1.264,0.0000,0.0000,none,,,,step_align_line_lost_stop/course_events_frozen,0.0000,0.0000,0,line_too_few_bands,0.0000,0.0000,0.0000,0.0000,0.0000,0,0,0.0000,1,1.0000,0.0000,0.0000,0.0000,0.0000,0.0000,IDLE,0,1,step_confirmed_slow_align d=0.520,0,0,6.000,1,0.5100,0.5200,0.0447,0.9047,16,5,0.0000,0.0000,0.0000,0.0000,0.0000,等待台阶,1,0.0000,0.150,0.330
331.582,SEEK_ROUNDABOUT,17.461,0,1.264,0.0000,0.0000,none,,,,step_align_creep/course_events_frozen,0.0150,0.3333,1,line_edge_single_rescue,-0.7802,-0.7802,-0.7802,-0.7802,0.3100,1,0,0.0000,1,1.0000,0.0000,0.0000,0.0000,-0.7802,0.3333,IDLE,0,1,step_confirmed_slow_align d=0.520,0,0,6.000,1,0.5150,0.5200,0.0444,0.8993,20,5,0.0000,0.0000,0.0000,0.0000,0.0000,等待台阶,1,0.0000,0.150,0.330
331.751,SEEK_ROUNDABOUT,17.631,0,1.264,0.0000,0.0000,none,,,,step_align_line_lost_stop/course_events_frozen,0.0000,0.0000,0,line_too_few_bands,0.0000,0.0000,0.0000,0.0000,0.0000,1,0,0.0000,1,1.0000,0.0000,0.0000,0.0000,0.0000,0.0000,IDLE,0,1,step_confirmed_slow_align d=0.520,0,0,6.000,1,0.5200,0.5200,0.0451,0.9103,24,5,0.0000,0.0000,0.0000,0.0000,0.0000,等待台阶,1,0.0000,0.150,0.330
331.883,SEEK_ROUNDABOUT,17.762,0,1.264,0.4000,0.0000,none,,,,step_align_line_lost_stop/course_events_frozen,0.0000,0.0000,0,line_too_few_bands,0.0000,0.0000,0.0000,0.0000,0.0000,0,0,0.0000,1,1.0000,0.0000,0.0000,0.0000,0.0000,0.0000,IDLE,0,1,step_confirmed_slow_align d=0.520,0,0,6.000,1,0.5200,0.5200,0.0448,0.9062,28,5,0.0000,0.0000,0.0000,0.0000,0.0000,等待台阶,1,0.0000,0.150,0.330
332.050,SEEK_ROUNDABOUT,17.929,0,1.264,0.0000,0.0000,none,,,,step_align_line_lost_stop/course_events_frozen,0.0000,0.0000,0,line_too_few_bands,0.0000,0.0000,0.0000,0.0000,0.0000,1,0,0.0000,1,1.0000,0.0000,0.0000,0.0000,0.0000,0.0000,IDLE,0,1,step_confirmed_slow_align d=0.520,0,0,6.000,1,0.5200,0.5200,0.0446,0.9038,32,5,0.0000,0.0000,0.0000,0.0000,0.0000,等待台阶,1,0.0000,0.150,0.330
332.182,SEEK_ROUNDABOUT,18.062,0,1.264,0.4000,0.0000,none,,,,step_align_creep/course_events_frozen,0.0150,0.2106,1,line_center_tracking,-0.3897,-0.3934,-0.3801,-0.3694,0.4659,2,0,0.0000,1,1.0000,0.0133,0.0106,0.0239,-0.3810,0.2106,IDLE,0,1,step_confirmed_slow_align d=0.520,0,0,6.000,1,0.5200,0.5200,0.0446,0.9029,36,5,0.0000,0.0000,0.0000,0.0000,0.0000,等待台阶,1,0.0000,0.150,0.330
332.359,SEEK_ROUNDABOUT,18.239,0,1.264,0.2000,0.0000,none,,,,step_align_line_lost_stop/course_events_frozen,0.0000,0.0000,0,line_too_few_bands,0.0000,0.0000,0.0000,0.0000,0.0000,1,0,0.0000,1,1.0000,0.0000,0.0000,0.0000,0.0000,0.0000,IDLE,0,1,step_confirmed_slow_align d=0.520,0,0,6.000,1,0.5300,0.5200,0.0447,0.9036,41,5,0.0000,0.0000,0.0000,0.0000,0.0000,等待台阶,1,0.0000,0.150,0.330
332.498,SEEK_ROUNDABOUT,18.377,0,1.264,0.0000,0.0000,none,,,,step_align_line_lost_stop/course_events_frozen,0.0000,0.0000,0,line_too_few_bands,0.0000,0.0000,0.0000,0.0000,0.0000,0,0,0.0000,1,1.0000,0.0000,0.0000,0.0000,0.0000,0.0000,IDLE,0,1,step_confirmed_slow_align d=0.520,0,0,6.000,1,0.5200,0.5200,0.0447,0.9035,44,5,0.0000,0.0000,0.0000,0.0000,0.0000,等待台阶,1,0.0000,0.150,0.330
332.630,SEEK_ROUNDABOUT,18.509,0,1.264,0.0000,0.0000,none,,,,step_align_line_lost_stop/course_events_frozen,0.0000,0.0000,0,line_too_few_bands,0.0000,0.0000,0.0000,0.0000,0.0000,0,0,0.0000,1,1.0000,0.0000,0.0000,0.0000,0.0000,0.0000,IDLE,0,1,step_confirmed_slow_align d=0.520,0,0,6.000,1,0.5300,0.5200,0.0448,0.9049,48,5,0.0000,0.0000,0.0000,0.0000,0.0000,等待台阶,1,0.0000,0.150,0.330
332.779,SEEK_ROUNDABOUT,18.658,0,1.264,0.0000,0.0000,none,,,,step_align_line_lost_stop/course_events_frozen,0.0000,0.0000,0,line_too_few_bands,0.0000,0.0000,0.0000,0.0000,0.0000,0,0,0.0000,1,1.0000,0.0000,0.0000,0.0000,0.0000,0.0000,IDLE,0,1,step_confirmed_slow_align d=0.520,0,0,6.000,1,0.5200,0.5200,0.0445,0.9009,52,5,0.0000,0.0000,0.0000,0.0000,0.0000,等待台阶,1,0.0000,0.150,0.330
332.918,SEEK_ROUNDABOUT,18.798,0,1.264,0.0000,0.0000,none,,,,step_align_line_lost_stop/course_events_frozen,0.0000,0.0000,0,line_too_few_bands,0.0000,0.0000,0.0000,0.0000,0.0000,1,0,0.0000,1,1.0000,0.0000,0.0000,0.0000,0.0000,0.0000,IDLE,0,1,step_confirmed_slow_align d=0.530,0,0,6.000,1,0.5300,0.5300,0.0445,0.9010,56,5,0.0000,0.0000,0.0000,0.0000,0.0000,等待台阶,1,0.0000,0.150,0.330
333.069,SEEK_ROUNDABOUT,18.948,0,1.264,0.4000,0.0000,none,,,,step_align_creep/course_events_frozen,0.0150,-0.2605,1,line_curve_center_riding,-0.2438,-0.2581,-0.0207,-0.0207,0.3266,2,0,0.0000,1,1.0000,0.2374,0.0000,0.2374,-0.0998,-0.2605,IDLE,0,1,step_confirmed_slow_align d=0.520,0,0,6.000,1,0.5200,0.5200,0.0448,0.9046,60,5,0.0000,0.0000,0.0000,0.0000,0.0000,等待台阶,1,0.0000,0.150,0.330
333.209,SEEK_ROUNDABOUT,19.088,0,1.264,0.2000,0.0000,none,,,,step_align_line_lost_stop/course_events_frozen,0.0000,0.0000,0,line_too_few_bands,0.0000,0.0000,0.0000,0.0000,0.0000,0,0,0.0000,1,1.0000,0.0000,0.0000,0.0000,0.0000,0.0000,IDLE,0,1,step_confirmed_slow_align d=0.530,0,0,6.000,1,0.5300,0.5300,0.0448,0.9050,64,5,0.0000,0.0000,0.0000,0.0000,0.0000,等待台阶,1,0.0000,0.150,0.330
333.350,SEEK_ROUNDABOUT,19.229,0,1.264,0.0000,0.0000,none,,,,step_align_line_lost_stop/course_events_frozen,0.0000,0.0000,0,line_too_few_bands,0.0000,0.0000,0.0000,0.0000,0.0000,0,0,0.0000,1,1.0000,0.0000,0.0000,0.0000,0.0000,0.0000,IDLE,0,1,step_confirmed_slow_align d=0.520,0,0,6.000,1,0.5200,0.5200,0.0446,0.9023,67,5,0.0000,0.0000,0.0000,0.0000,0.0000,等待台阶,1,0.0000,0.150,0.330
333.484,SEEK_ROUNDABOUT,19.364,0,1.264,0.0000,0.0000,none,,,,step_align_line_lost_stop/course_events_frozen,0.0000,0.0000,0,line_too_few_bands,0.0000,0.0000,0.0000,0.0000,0.0000,0,0,0.0000,1,1.0000,0.0000,0.0000,0.0000,0.0000,0.0000,IDLE,0,1,step_confirmed_slow_align d=0.520,0,0,6.000,1,0.5200,0.5200,0.0446,0.9020,71,5,0.0000,0.0000,0.0000,0.0000,0.0000,等待台阶,1,0.0000,0.150,0.330
333.617,SEEK_ROUNDABOUT,19.496,0,1.264,0.4000,0.0000,none,,,,step_align_creep/course_events_frozen,0.0150,0.3310,1,line_edge_single_rescue,-0.7347,-0.7347,-0.7347,-0.7347,0.3100,1,0,0.0000,1,1.0000,0.0000,0.0000,0.0000,-0.7347,0.3310,IDLE,0,1,step_confirmed_slow_align d=0.520,0,0,6.000,1,0.5300,0.5200,0.0452,0.9087,74,5,0.0000,0.0000,0.0000,0.0000,0.0000,等待台阶,1,0.0000,0.150,0.330
333.756,SEEK_ROUNDABOUT,19.635,0,1.264,0.0000,0.0000,none,,,,step_align_line_lost_stop/course_events_frozen,0.0000,0.0000,0,line_too_few_bands,0.0000,0.0000,0.0000,0.0000,0.0000,0,0,0.0000,1,1.0000,0.0000,0.0000,0.0000,0.0000,0.0000,IDLE,0,1,step_confirmed_slow_align d=0.520,0,0,6.000,1,0.5200,0.5200,0.0445,0.8996,78,5,0.0000,0.0000,0.0000,0.0000,0.0000,等待台阶,1,0.0000,0.150,0.330
333.899,SEEK_ROUNDABOUT,19.779,0,1.264,0.0000,0.0000,none,,,,step_align_line_lost_stop/course_events_frozen,0.0000,0.0000,0,line_too_few_bands,0.0000,0.0000,0.0000,0.0000,0.0000,0,0,0.0000,1,1.0000,0.0000,0.0000,0.0000,0.0000,0.0000,IDLE,0,1,step_confirmed_slow_align d=0.520,0,0,6.000,1,0.5300,0.5200,0.0444,0.9004,82,5,0.0000,0.0000,0.0000,0.0000,0.0000,等待台阶,1,0.0000,0.150,0.330
334.031,SEEK_ROUNDABOUT,19.910,0,1.264,0.0000,0.0000,none,,,,step_align_line_lost_stop/course_events_frozen,0.0000,0.0000,0,line_too_few_bands,0.0000,0.0000,0.0000,0.0000,0.0000,0,0,0.0000,1,1.0000,0.0000,0.0000,0.0000,0.0000,0.0000,IDLE,0,1,step_confirmed_slow_align d=0.530,0,0,6.000,1,0.5300,0.5300,0.0453,0.9124,85,5,0.0000,0.0000,0.0000,0.0000,0.0000,等待台阶,1,0.0000,0.150,0.330
334.164,SEEK_ROUNDABOUT,20.044,0,1.264,0.0000,0.0000,none,,,,step_align_creep/course_events_frozen,0.0150,0.3333,1,line_edge_single_rescue,-0.7271,-0.7271,-0.7271,-0.7271,0.3100,1,0,0.0000,1,1.0000,0.0000,0.0000,0.0000,-0.7271,0.3333,IDLE,0,1,step_confirmed_slow_align d=0.530,0,0,6.000,1,0.5300,0.5300,0.0450,0.9074,88,5,0.0000,0.0000,0.0000,0.0000,0.0000,等待台阶,1,0.0000,0.150,0.330
334.306,SEEK_ROUNDABOUT,20.185,0,1.264,0.0000,0.0000,none,,,,step_align_line_lost_stop/course_events_frozen,0.0000,0.0000,0,line_low_confidence,-0.1914,-0.1989,0.1751,0.1751,0.2413,2,0,0.0000,1,1.0000,0.3740,0.0000,0.3740,0.0504,0.0000,IDLE,0,1,step_confirmed_slow_align d=0.530,0,0,6.000,1,0.5200,0.5300,0.0443,0.8974,92,5,0.0000,0.0000,0.0000,0.0000,0.0000,等待台阶,1,0.0000,0.150,0.330
334.456,SEEK_ROUNDABOUT,20.335,0,1.264,0.0000,0.0000,none,,,,step_align_creep/course_events_frozen,0.0150,0.0936,1,line_center_tracking,-0.3009,-0.3149,-0.2650,-0.2251,0.4408,2,0,0.0000,1,1.0000,0.0499,0.0399,0.0898,-0.2683,0.0936,IDLE,0,1,step_confirmed_slow_align d=0.530,0,0,6.000,1,0.5300,0.5300,0.0449,0.9062,96,5,0.0000,0.0000,0.0000,0.0000,0.0000,等待台阶,1,0.0000,0.150,0.330
334.600,SEEK_ROUNDABOUT,20.480,0,1.264,0.0000,0.0000,none,,,,step_align_creep/course_events_frozen,0.0150,-0.2397,1,line_curve_center_riding,-0.0824,-0.0971,0.1476,0.1476,0.3220,2,0,0.0000,1,1.0000,0.2447,0.0000,0.2447,0.0661,-0.2397,IDLE,0,1,step_confirmed_slow_align d=0.530,0,0,6.000,1,0.5300,0.5300,0.0447,0.9013,100,5,0.0000,0.0000,0.0000,0.0000,0.0000,等待台阶,1,0.0000,0.150,0.330
334.773,SEEK_ROUNDABOUT,20.652,0,1.264,0.4000,0.0000,none,,,,step_align_creep/course_events_frozen,0.0150,0.0936,1,line_hard_turn_centering,-0.6829,-0.6868,-0.6475,-0.6475,0.3642,2,0,0.0000,1,1.0000,0.0394,0.0000,0.0394,-0.6606,0.0936,IDLE,0,1,step_confirmed_slow_align d=0.530,0,0,6.000,1,0.5200,0.5300,0.0458,0.9184,104,5,0.0000,0.0000,0.0000,0.0000,0.0000,等待台阶,1,0.0000,0.150,0.330
334.916,SEEK_ROUNDABOUT,20.795,0,1.264,0.0000,0.0000,none,,,,step_align_creep/course_events_frozen,0.0150,-0.2397,1,line_curve_center_riding,-0.5209,-0.5450,-0.1429,-0.1429,0.2694,2,0,0.0000,1,1.0000,0.4021,0.0000,0.4021,-0.2769,-0.2397,IDLE,0,1,step_confirmed_slow_align d=0.520,0,0,6.000,1,0.5200,0.5200,0.0444,0.8987,108,5,0.0000,0.0000,0.0000,0.0000,0.0000,等待台阶,1,0.0000,0.150,0.330
335.057,SEEK_ROUNDABOUT,20.937,0,1.264,0.6000,0.0000,none,,,,step_align_creep/course_events_frozen,0.0150,-0.3400,1,line_recenter_transition,-0.1134,-0.1202,0.2157,0.2157,0.2651,2,0,0.0000,1,1.0000,0.3358,0.0000,0.3358,0.1037,-0.3400,IDLE,0,1,step_confirmed_slow_align d=0.520,0,0,6.000,1,0.5200,0.5200,0.0449,0.9068,113,5,0.0000,0.0000,0.0000,0.0000,0.0000,等待台阶,1,0.0000,0.150,0.330
335.200,SEEK_ROUNDABOUT,21.080,0,1.264,0.6000,0.0000,none,,,,step_align_line_lost_stop/course_events_frozen,0.0000,-0.0067,0,line_too_few_bands,0.0000,0.0000,0.0000,0.0000,0.0000,1,0,0.0000,1,1.0000,0.0000,0.0000,0.0000,0.0000,-0.0067,IDLE,0,1,step_confirmed_slow_align d=0.520,0,0,6.000,1,0.5200,0.5200,0.0457,0.9173,117,5,0.0000,0.0000,0.0000,0.0000,0.0000,等待台阶,1,0.0000,0.150,0.330
335.388,SEEK_ROUNDABOUT,21.268,0,1.264,0.8000,0.0000,none,,,,step_align_line_lost_stop/course_events_frozen,0.0000,0.0000,0,line_too_few_bands,0.0000,0.0000,0.0000,0.0000,0.0000,0,0,0.0000,1,1.0000,0.0000,0.0000,0.0000,0.0000,0.0000,IDLE,0,1,step_confirmed_slow_align d=0.520,0,0,6.000,0,1.1000,0.5200,0.0406,0.8091,1,5,0.0000,0.0000,0.0000,0.0000,0.0000,等待台阶,1,0.0000,0.150,0.330
335.533,SEEK_ROUNDABOUT,21.412,0,1.264,0.6000,0.0000,none,,,,line_loss_hold,0.0000,0.0000,0,line_too_few_bands,0.0000,0.0000,0.0000,0.0000,0.0000,1,0,0.0000,1,1.0000,0.0000,0.0000,0.0000,0.0000,0.0000,IDLE,0,0,candidate_fields_invalid,0,0,5.400,0,nan,0.5200,nan,0.0000,0,5,0.0000,0.0000,0.0000,0.0000,0.0000,等待台阶,1,0.0000,0.150,0.330
335.672,SEEK_ROUNDABOUT,21.551,0,1.264,0.0000,0.0000,none,,,,step_align_line_lost_stop/course_events_frozen,0.0000,0.0000,0,line_too_few_bands,0.0000,0.0000,0.0000,0.0000,0.0000,1,0,0.0000,1,1.0000,0.0000,0.0000,0.0000,0.0000,0.0000,IDLE,0,1,step_confirmed_slow_align d=0.520,0,0,6.000,0,1.0900,0.5200,0.0413,0.8148,4,5,0.0000,0.0000,0.0000,0.0000,0.0000,等待台阶,1,0.0000,0.150,0.330
335.815,SEEK_ROUNDABOUT,21.694,0,1.264,0.6000,0.0000,none,,,,step_align_line_lost_stop/course_events_frozen,0.0000,0.0000,0,line_too_few_bands,0.0000,0.0000,0.0000,0.0000,0.0000,1,0,0.0000,1,1.0000,0.0000,0.0000,0.0000,0.0000,0.0000,IDLE,0,1,step_confirmed_slow_align d=0.520,0,0,6.000,1,0.5100,0.5200,0.0446,0.9027,8,5,0.0000,0.0000,0.0000,0.0000,0.0000,等待台阶,1,0.0000,0.150,0.330
335.992,SEEK_ROUNDABOUT,21.871,0,1.264,0.8000,0.0000,none,,,,step_align_line_lost_stop/course_events_frozen,0.0000,0.0000,0,line_too_few_bands,0.0000,0.0000,0.0000,0.0000,0.0000,1,0,0.0000,1,1.0000,0.0000,0.0000,0.0000,0.0000,0.0000,IDLE,0,1,step_confirmed_slow_align d=0.520,0,0,6.000,1,0.5000,0.5200,0.0442,0.8966,13,5,0.0000,0.0000,0.0000,0.0000,0.0000,等待台阶,1,0.0000,0.150,0.330
336.159,SEEK_ROUNDABOUT,22.038,0,1.264,0.6000,0.0000,none,,,,step_align_line_lost_stop/course_events_frozen,0.0000,0.0000,0,line_too_few_bands,0.0000,0.0000,0.0000,0.0000,0.0000,1,0,0.0000,1,1.0000,0.0000,0.0000,0.0000,0.0000,0.0000,IDLE,0,1,step_confirmed_slow_align d=0.510,0,0,6.000,1,0.5000,0.5100,0.0449,0.9086,18,5,0.0000,0.0000,0.0000,0.0000,0.0000,等待台阶,1,0.0000,0.150,0.330
336.297,SEEK_ROUNDABOUT,22.177,0,1.264,0.6000,0.0000,none,,,,step_align_line_lost_stop/course_events_frozen,0.0000,0.0000,0,line_too_few_bands,0.0000,0.0000,0.0000,0.0000,0.0000,1,0,0.0000,1,1.0000,0.0000,0.0000,0.0000,0.0000,0.0000,IDLE,0,1,step_confirmed_slow_align d=0.500,0,0,6.000,1,0.5000,0.5000,0.0443,0.8995,22,5,0.0000,0.0000,0.0000,0.0000,0.0000,等待台阶,1,0.0000,0.150,0.330
336.431,SEEK_ROUNDABOUT,22.310,0,1.264,0.0000,0.0000,none,,,,step_align_line_lost_stop/course_events_frozen,0.0000,0.0000,0,line_too_few_bands,0.0000,0.0000,0.0000,0.0000,0.0000,1,0,0.0000,1,1.0000,0.0000,0.0000,0.0000,0.0000,0.0000,IDLE,0,1,step_confirmed_slow_align d=0.500,0,0,6.000,1,0.5000,0.5000,0.0441,0.8969,26,5,0.0000,0.0000,0.0000,0.0000,0.0000,等待台阶,1,0.0000,0.150,0.330
336.567,SEEK_ROUNDABOUT,22.446,0,1.264,0.6000,0.0000,none,,,,step_align_line_lost_stop/course_events_frozen,0.0000,0.0000,0,line_too_few_bands,0.0000,0.0000,0.0000,0.0000,0.0000,0,0,0.0000,1,1.0000,0.0000,0.0000,0.0000,0.0000,0.0000,IDLE,0,1,step_confirmed_slow_align d=0.500,0,0,6.000,1,0.5000,0.5000,0.0444,0.9018,29,5,0.0000,0.0000,0.0000,0.0000,0.0000,等待台阶,1,0.0000,0.150,0.330
336.707,SEEK_ROUNDABOUT,22.586,0,1.264,0.0000,0.0000,none,,,,step_align_creep/course_events_frozen,0.0150,0.3332,1,line_edge_single_rescue,-0.5554,-0.5554,-0.5554,-0.5554,0.3100,1,0,0.0000,1,1.0000,0.0000,0.0000,0.0000,-0.5554,0.3332,IDLE,0,1,step_confirmed_slow_align d=0.500,0,0,6.000,1,0.5000,0.5000,0.0440,0.8957,33,5,0.0000,0.0000,0.0000,0.0000,0.0000,等待台阶,1,0.0000,0.150,0.330
336.859,SEEK_ROUNDABOUT,22.738,0,1.264,0.4000,0.0000,none,,,,step_align_line_lost_stop/course_events_frozen,0.0000,0.0000,0,line_too_few_bands,0.0000,0.0000,0.0000,0.0000,0.0000,1,0,0.0000,1,1.0000,0.0000,0.0000,0.0000,0.0000,0.0000,IDLE,0,1,step_confirmed_slow_align d=0.500,0,0,6.000,1,0.5100,0.5000,0.0441,0.8967,37,5,0.0000,0.0000,0.0000,0.0000,0.0000,等待台阶,1,0.0000,0.150,0.330
337.016,SEEK_ROUNDABOUT,22.895,0,1.264,0.0000,0.0000,none,,,,step_align_line_lost_stop/course_events_frozen,0.0000,0.0000,0,line_low_confidence,-0.5479,-0.5738,-0.1433,-0.1433,0.2549,2,0,0.0000,1,1.0000,0.4305,0.0000,0.4305,-0.2868,0.0000,IDLE,0,1,step_confirmed_slow_align d=0.500,0,0,6.000,1,0.5000,0.5000,0.0445,0.9017,42,5,0.0000,0.0000,0.0000,0.0000,0.0000,等待台阶,1,0.0000,0.150,0.330
337.175,SEEK_ROUNDABOUT,23.054,0,1.264,0.0000,0.0000,none,,,,step_align_line_lost_stop/course_events_frozen,0.0000,0.0000,0,line_too_few_bands,0.0000,0.0000,0.0000,0.0000,0.0000,0,0,0.0000,1,1.0000,0.0000,0.0000,0.0000,0.0000,0.0000,IDLE,0,1,step_confirmed_slow_align d=0.500,0,0,6.000,1,0.5100,0.5000,0.0450,0.9105,46,5,0.0000,0.0000,0.0000,0.0000,0.0000,等待台阶,1,0.0000,0.150,0.330
337.310,SEEK_ROUNDABOUT,23.189,0,1.264,0.4000,0.0000,none,,,,step_align_line_lost_stop/course_events_frozen,0.0000,0.0000,0,line_too_few_bands,0.0000,0.0000,0.0000,0.0000,0.0000,0,0,0.0000,1,1.0000,0.0000,0.0000,0.0000,0.0000,0.0000,IDLE,0,1,step_confirmed_slow_align d=0.510,0,0,6.000,1,0.5100,0.5100,0.0444,0.9004,49,5,0.0000,0.0000,0.0000,0.0000,0.0000,等待台阶,1,0.0000,0.150,0.330
337.468,SEEK_ROUNDABOUT,23.348,0,1.264,0.0000,0.0000,none,,,,step_align_line_lost_stop/course_events_frozen,0.0000,0.0000,0,line_too_few_bands,0.0000,0.0000,0.0000,0.0000,0.0000,0,0,0.0000,1,1.0000,0.0000,0.0000,0.0000,0.0000,0.0000,IDLE,0,1,step_confirmed_slow_align d=0.510,0,0,6.000,1,0.5200,0.5100,0.0438,0.8927,54,5,0.0000,0.0000,0.0000,0.0000,0.0000,等待台阶,1,0.0000,0.150,0.330
337.603,SEEK_ROUNDABOUT,23.482,0,1.264,0.0000,0.0000,none,,,,step_align_line_lost_stop/course_events_frozen,0.0000,0.0000,0,line_too_few_bands,0.0000,0.0000,0.0000,0.0000,0.0000,0,0,0.0000,1,1.0000,0.0000,0.0000,0.0000,0.0000,0.0000,IDLE,0,1,step_confirmed_slow_align d=0.510,0,0,6.000,1,0.5200,0.5100,0.0450,0.9090,57,5,0.0000,0.0000,0.0000,0.0000,0.0000,等待台阶,1,0.0000,0.150,0.330
337.744,SEEK_ROUNDABOUT,23.623,0,1.264,0.4000,0.0000,none,,,,step_align_line_lost_stop/course_events_frozen,0.0000,0.0000,0,line_low_confidence,-0.1960,-0.2029,0.1440,0.1440,0.2582,2,0,0.0000,1,1.0000,0.3469,0.0000,0.3469,0.0283,0.0000,IDLE,0,1,step_confirmed_slow_align d=0.510,0,0,6.000,1,0.5100,0.5100,0.0440,0.8940,61,5,0.0000,0.0000,0.0000,0.0000,0.0000,等待台阶,1,0.0000,0.150,0.330
337.913,SEEK_ROUNDABOUT,23.792,0,1.264,0.0000,0.0000,none,,,,step_align_line_lost_stop/course_events_frozen,0.0000,0.0000,0,line_too_few_bands,0.0000,0.0000,0.0000,0.0000,0.0000,0,0,0.0000,1,1.0000,0.0000,0.0000,0.0000,0.0000,0.0000,IDLE,0,1,step_confirmed_slow_align d=0.520,0,0,6.000,1,0.5200,0.5200,0.0452,0.9105,66,5,0.0000,0.0000,0.0000,0.0000,0.0000,等待台阶,1,0.0000,0.150,0.330
338.082,SEEK_ROUNDABOUT,23.961,0,1.264,0.0000,0.0000,none,,,,step_align_line_lost_stop/course_events_frozen,0.0000,0.0000,0,line_too_few_bands,0.0000,0.0000,0.0000,0.0000,0.0000,0,0,0.0000,1,1.0000,0.0000,0.0000,0.0000,0.0000,0.0000,IDLE,0,1,step_confirmed_slow_align d=0.520,0,0,6.000,1,0.5200,0.5200,0.0447,0.9043,71,5,0.0000,0.0000,0.0000,0.0000,0.0000,等待台阶,1,0.0000,0.150,0.330
338.218,SEEK_ROUNDABOUT,24.097,0,1.264,0.0000,0.0000,none,,,,step_align_line_lost_stop/course_events_frozen,0.0000,0.0000,0,line_too_few_bands,0.0000,0.0000,0.0000,0.0000,0.0000,0,0,0.0000,1,1.0000,0.0000,0.0000,0.0000,0.0000,0.0000,IDLE,0,1,step_confirmed_slow_align d=0.520,0,0,6.000,1,0.5200,0.5200,0.0445,0.9017,74,5,0.0000,0.0000,0.0000,0.0000,0.0000,等待台阶,1,0.0000,0.150,0.330
338.362,SEEK_ROUNDABOUT,24.241,0,1.264,0.0000,0.0000,none,,,,step_align_line_lost_stop/course_events_frozen,0.0000,0.0000,0,line_too_few_bands,0.0000,0.0000,0.0000,0.0000,0.0000,0,0,0.0000,1,1.0000,0.0000,0.0000,0.0000,0.0000,0.0000,IDLE,0,1,step_confirmed_slow_align d=0.520,0,0,6.000,1,0.5200,0.5200,0.0444,0.8996,78,5,0.0000,0.0000,0.0000,0.0000,0.0000,等待台阶,1,0.0000,0.150,0.330
338.514,SEEK_ROUNDABOUT,24.393,0,1.264,0.0000,0.0000,none,,,,step_align_line_lost_stop/course_events_frozen,0.0000,0.0000,0,line_too_few_bands,0.0000,0.0000,0.0000,0.0000,0.0000,0,0,0.0000,1,1.0000,0.0000,0.0000,0.0000,0.0000,0.0000,IDLE,0,1,step_confirmed_slow_align d=0.520,0,0,6.000,1,0.5300,0.5200,0.0447,0.9038,82,5,0.0000,0.0000,0.0000,0.0000,0.0000,等待台阶,1,0.0000,0.150,0.330
338.695,SEEK_ROUNDABOUT,24.574,0,1.264,0.0000,0.0000,none,,,,step_align_line_lost_stop/course_events_frozen,0.0000,0.0000,0,line_too_few_bands,0.0000,0.0000,0.0000,0.0000,0.0000,0,0,0.0000,1,1.0000,0.0000,0.0000,0.0000,0.0000,0.0000,IDLE,0,1,step_confirmed_slow_align d=0.520,0,0,6.000,1,0.5200,0.5200,0.0447,0.9046,87,5,0.0000,0.0000,0.0000,0.0000,0.0000,等待台阶,1,0.0000,0.150,0.330
338.842,SEEK_ROUNDABOUT,24.722,0,1.264,0.0000,0.0000,none,,,,step_align_line_lost_stop/course_events_frozen,0.0000,0.0000,0,line_too_few_bands,0.0000,0.0000,0.0000,0.0000,0.0000,0,0,0.0000,1,1.0000,0.0000,0.0000,0.0000,0.0000,0.0000,IDLE,0,1,step_confirmed_slow_align d=0.520,0,0,6.000,1,0.5100,0.5200,0.0447,0.9045,91,5,0.0000,0.0000,0.0000,0.0000,0.0000,等待台阶,1,0.0000,0.150,0.330
338.982,SEEK_ROUNDABOUT,24.861,0,1.264,0.0000,0.0000,none,,,,step_align_line_lost_stop/course_events_frozen,0.0000,0.0000,0,line_too_few_bands,0.0000,0.0000,0.0000,0.0000,0.0000,0,0,0.0000,1,1.0000,0.0000,0.0000,0.0000,0.0000,0.0000,IDLE,0,1,step_confirmed_slow_align d=0.520,0,0,6.000,1,0.5200,0.5200,0.0453,0.9125,95,5,0.0000,0.0000,0.0000,0.0000,0.0000,等待台阶,1,0.0000,0.150,0.330
339.138,SEEK_ROUNDABOUT,25.017,0,1.264,0.0000,0.0000,none,,,,step_align_line_lost_stop/course_events_frozen,0.0000,0.0000,0,line_too_few_bands,0.0000,0.0000,0.0000,0.0000,0.0000,0,0,0.0000,1,1.0000,0.0000,0.0000,0.0000,0.0000,0.0000,IDLE,0,1,step_confirmed_slow_align d=0.520,0,0,6.000,1,0.5100,0.5200,0.0447,0.9052,99,5,0.0000,0.0000,0.0000,0.0000,0.0000,等待台阶,1,0.0000,0.150,0.330
339.273,SEEK_ROUNDABOUT,25.152,0,1.264,0.0000,0.0000,none,,,,step_align_line_lost_stop/course_events_frozen,0.0000,0.0000,0,line_too_few_bands,0.0000,0.0000,0.0000,0.0000,0.0000,0,0,0.0000,1,1.0000,0.0000,0.0000,0.0000,0.0000,0.0000,IDLE,0,1,step_confirmed_slow_align d=0.510,0,0,6.000,1,0.5100,0.5100,0.0451,0.9095,103,5,0.0000,0.0000,0.0000,0.0000,0.0000,等待台阶,1,0.0000,0.150,0.330
339.411,SEEK_ROUNDABOUT,25.290,0,1.264,0.0000,0.0000,none,,,,step_align_line_lost_stop/course_events_frozen,0.0000,0.0000,0,line_too_few_bands,0.0000,0.0000,0.0000,0.0000,0.0000,0,0,0.0000,1,1.0000,0.0000,0.0000,0.0000,0.0000,0.0000,IDLE,0,1,step_confirmed_slow_align d=0.510,0,0,6.000,1,0.5100,0.5100,0.0442,0.8992,107,5,0.0000,0.0000,0.0000,0.0000,0.0000,等待台阶,1,0.0000,0.150,0.330
339.549,SEEK_ROUNDABOUT,25.429,0,1.264,0.0000,0.0000,none,,,,step_align_line_lost_stop/course_events_frozen,0.0000,0.0000,0,line_too_few_bands,0.0000,0.0000,0.0000,0.0000,0.0000,0,0,0.0000,1,1.0000,0.0000,0.0000,0.0000,0.0000,0.0000,IDLE,0,1,step_confirmed_slow_align d=0.510,0,0,6.000,1,0.5000,0.5100,0.0449,0.9074,110,5,0.0000,0.0000,0.0000,0.0000,0.0000,等待台阶,1,0.0000,0.150,0.330
339.689,SEEK_ROUNDABOUT,25.568,0,1.264,0.0000,0.0000,none,,,,step_align_line_lost_stop/course_events_frozen,0.0000,0.0000,0,line_too_few_bands,0.0000,0.0000,0.0000,0.0000,0.0000,0,0,0.0000,1,1.0000,0.0000,0.0000,0.0000,0.0000,0.0000,IDLE,0,1,step_confirmed_slow_align d=0.510,0,0,6.000,1,0.5000,0.5100,0.0445,0.9025,114,5,0.0000,0.0000,0.0000,0.0000,0.0000,等待台阶,1,0.0000,0.150,0.330
339.841,SEEK_ROUNDABOUT,25.720,0,1.264,0.0000,0.0000,none,,,,step_align_line_lost_stop/course_events_frozen,0.0000,0.0000,0,line_too_few_bands,0.0000,0.0000,0.0000,0.0000,0.0000,0,0,0.0000,1,1.0000,0.0000,0.0000,0.0000,0.0000,0.0000,IDLE,0,1,step_confirmed_slow_align d=0.510,0,0,6.000,1,0.5100,0.5100,0.0449,0.9079,119,5,0.0000,0.0000,0.0000,0.0000,0.0000,等待台阶,1,0.0000,0.150,0.330
339.987,SEEK_ROUNDABOUT,25.866,0,1.264,0.0000,0.0000,none,,,,step_align_line_lost_stop/course_events_frozen,0.0000,0.0000,0,line_too_few_bands,0.0000,0.0000,0.0000,0.0000,0.0000,0,0,0.0000,1,1.0000,0.0000,0.0000,0.0000,0.0000,0.0000,IDLE,0,1,step_confirmed_slow_align d=0.500,0,0,6.000,1,0.5000,0.5000,0.0444,0.9014,123,5,0.0000,0.0000,0.0000,0.0000,0.0000,等待台阶,1,0.0000,0.150,0.330
340.139,SEEK_ROUNDABOUT,26.018,0,1.264,0.0000,0.0000,none,,,,step_align_line_lost_stop/course_events_frozen,0.0000,0.0000,0,line_too_few_bands,0.0000,0.0000,0.0000,0.0000,0.0000,0,0,0.0000,1,1.0000,0.0000,0.0000,0.0000,0.0000,0.0000,IDLE,0,1,step_confirmed_slow_align d=0.500,0,0,6.000,1,0.4900,0.5000,0.0444,0.9017,127,5,0.0000,0.0000,0.0000,0.0000,0.0000,等待台阶,1,0.0000,0.150,0.330
340.298,SEEK_ROUNDABOUT,26.177,0,1.264,0.0000,0.0000,none,,,,step_align_line_lost_stop/course_events_frozen,0.0000,0.0000,0,line_too_few_bands,0.0000,0.0000,0.0000,0.0000,0.0000,0,0,0.0000,1,1.0000,0.0000,0.0000,0.0000,0.0000,0.0000,IDLE,0,1,step_confirmed_slow_align d=0.500,0,0,6.000,1,0.5100,0.5000,0.0447,0.9056,132,5,0.0000,0.0000,0.0000,0.0000,0.0000,等待台阶,1,0.0000,0.150,0.330
340.453,SEEK_ROUNDABOUT,26.332,0,1.264,0.0000,0.0000,none,,,,step_align_line_lost_stop/course_events_frozen,0.0000,0.0000,0,line_too_few_bands,0.0000,0.0000,0.0000,0.0000,0.0000,0,0,0.0000,1,1.0000,0.0000,0.0000,0.0000,0.0000,0.0000,IDLE,0,1,step_confirmed_slow_align d=0.510,0,0,6.000,1,1.1000,0.5100,0.0395,0.7873,137,5,0.0000,0.0000,0.0000,0.0000,0.0000,等待台阶,1,0.0000,0.150,0.330
340.584,SEEK_ROUNDABOUT,26.464,0,1.264,0.0000,0.0000,none,,,,step_align_line_lost_stop/course_events_frozen,0.0000,0.0000,0,line_too_few_bands,0.0000,0.0000,0.0000,0.0000,0.0000,0,0,0.0000,1,1.0000,0.0000,0.0000,0.0000,0.0000,0.0000,IDLE,0,1,step_confirmed_slow_align d=0.510,0,0,6.000,1,0.9800,0.5100,0.0462,0.8826,141,5,0.0000,0.0000,0.0000,0.0000,0.0000,等待台阶,1,0.0000,0.150,0.330
340.726,SEEK_ROUNDABOUT,26.606,0,1.264,0.0000,0.0000,none,,,,line_lost_stop,0.0000,0.0000,0,line_too_few_bands,0.0000,0.0000,0.0000,0.0000,0.0000,0,0,0.0000,1,0.8149,0.0000,0.0000,0.0000,0.0000,0.0000,IDLE,0,0,candidate_fields_invalid,0,0,5.400,1,1.3900,0.5100,0.0365,0.6363,145,5,0.0000,0.0000,0.0000,0.0000,0.0000,等待台阶,1,0.0000,0.150,0.330
340.863,SEEK_ROUNDABOUT,26.743,0,1.264,0.0000,0.0000,none,,,,step_align_line_lost_stop/course_events_frozen,0.0000,0.0000,0,line_too_few_bands,0.0000,0.0000,0.0000,0.0000,0.0000,0,0,0.0000,0,0.4004,0.0000,0.0000,0.0000,0.0000,0.0000,IDLE,0,1,step_confirmed_slow_align d=0.980,0,0,6.000,1,1.0000,0.9800,0.0448,0.8621,149,5,0.0000,0.0000,0.0000,0.0000,0.0000,等待台阶,1,0.0000,0.150,0.330
341.002,SEEK_ROUNDABOUT,26.881,0,1.264,0.0000,0.0000,none,,,,step_align_line_lost_stop/course_events_frozen,0.0000,0.0000,0,line_too_few_bands,0.0000,0.0000,0.0000,0.0000,0.0000,0,0,0.0000,0,0.3137,0.0000,0.0000,0.0000,0.0000,0.0000,IDLE,0,1,step_confirmed_slow_align d=1.000,0,0,6.000,1,1.0900,1.0000,0.0425,0.8343,154,5,0.0000,0.0000,0.0000,0.0000,0.0000,等待台阶,1,0.0000,0.150,0.330
341.146,SEEK_ROUNDABOUT,27.025,0,1.264,0.0000,0.0000,none,,,,step_align_line_lost_stop/course_events_frozen,0.0000,0.0000,0,line_too_few_bands,0.0000,0.0000,0.0000,0.0000,0.0000,0,0,0.0000,0,0.2922,0.0000,0.0000,0.0000,0.0000,0.0000,IDLE,0,1,step_confirmed_slow_align d=1.000,0,0,6.000,1,1.0000,1.0000,0.0449,0.8643,158,5,0.0000,0.0000,0.0000,0.0000,0.0000,等待台阶,1,0.0000,0.150,0.330
341.307,SEEK_ROUNDABOUT,27.186,0,1.264,0.0000,0.0000,none,,,,step_align_line_lost_stop/course_events_frozen,0.0000,0.0000,0,line_too_few_bands,0.0000,0.0000,0.0000,0.0000,0.0000,0,0,0.0000,0,0.3094,0.0000,0.0000,0.0000,0.0000,0.0000,IDLE,0,1,step_confirmed_slow_align d=1.000,0,0,6.000,1,1.1250,1.0000,0.0421,0.8313,163,5,0.0000,0.0000,0.0000,0.0000,0.0000,等待台阶,1,0.0000,0.150,0.330
341.468,SEEK_ROUNDABOUT,27.348,0,1.264,0.0000,0.0000,none,,,,step_align_line_lost_stop/course_events_frozen,0.0000,0.0000,0,line_too_few_bands,0.0000,0.0000,0.0000,0.0000,0.0000,0,0,0.0000,0,0.2321,0.0000,0.0000,0.0000,0.0000,0.0000,IDLE,0,1,step_confirmed_slow_align d=1.030,0,0,6.000,1,1.0300,1.0300,0.0446,0.8628,167,5,0.0000,0.0000,0.0000,0.0000,0.0000,等待台阶,1,0.0000,0.150,0.330
341.622,SEEK_ROUNDABOUT,27.502,0,1.264,0.0000,0.0000,none,,,,line_lost_stop,0.0000,0.0000,0,line_too_few_bands,0.0000,0.0000,0.0000,0.0000,0.0000,0,0,0.0000,0,0.2579,0.0000,0.0000,0.0000,0.0000,0.0000,IDLE,0,0,step_candidate_ignore_line_invalid,0,0,6.000,1,1.0700,1.0700,0.0442,0.8553,172,5,0.0000,0.0000,0.0000,0.0000,0.0000,等待台阶,1,0.0000,0.150,0.330
341.755,SEEK_ROUNDABOUT,27.635,0,1.264,0.0000,0.0000,none,,,,step_align_line_lost_stop/course_events_frozen,0.0000,0.0000,0,line_too_few_bands,0.0000,0.0000,0.0000,0.0000,0.0000,0,0,0.0000,0,0.2364,0.0000,0.0000,0.0000,0.0000,0.0000,IDLE,0,1,step_confirmed_slow_align d=1.040,0,0,6.000,1,1.0400,1.0400,0.0445,0.8607,176,5,0.0000,0.0000,0.0000,0.0000,0.0000,等待台阶,1,0.0000,0.150,0.330
341.883,SEEK_ROUNDABOUT,27.762,0,1.264,0.0000,0.0000,none,,,,step_align_line_lost_stop/course_events_frozen,0.0000,0.0000,0,line_too_few_bands,0.0000,0.0000,0.0000,0.0000,0.0000,0,0,0.0000,0,0.2364,0.0000,0.0000,0.0000,0.0000,0.0000,IDLE,0,1,step_confirmed_slow_align d=1.040,0,0,6.000,1,1.0000,1.0400,0.0466,0.8888,180,5,0.0000,0.0000,0.0000,0.0000,0.0000,等待台阶,1,0.0000,0.150,0.330
342.057,SEEK_ROUNDABOUT,27.936,0,1.264,0.0000,0.0000,none,,,,line_lost_stop,0.0000,0.0000,0,line_too_few_bands,0.0000,0.0000,0.0000,0.0000,0.0000,0,0,0.0000,0,0.2364,0.0000,0.0000,0.0000,0.0000,0.0000,IDLE,0,0,candidate_fields_invalid,0,0,5.400,0,nan,1.0400,nan,0.0000,0,5,0.0000,0.0000,0.0000,0.0000,0.0000,等待台阶,1,0.0000,0.150,0.330
342.208,SEEK_ROUNDABOUT,28.088,0,1.264,0.0000,0.0000,none,,,,step_align_line_lost_stop/course_events_frozen,0.0000,0.0000,0,line_too_few_bands,0.0000,0.0000,0.0000,0.0000,0.0000,0,0,0.0000,0,0.2321,0.0000,0.0000,0.0000,0.0000,0.0000,IDLE,0,1,step_confirmed_slow_align d=1.040,0,0,6.000,1,1.0400,1.0400,0.0442,0.8571,5,5,0.0000,0.0000,0.0000,0.0000,0.0000,等待台阶,1,0.0000,0.150,0.330
342.345,SEEK_ROUNDABOUT,28.225,0,1.264,0.0000,0.0000,none,,,,step_align_line_lost_stop/course_events_frozen,0.0000,0.0000,0,line_too_few_bands,0.0000,0.0000,0.0000,0.0000,0.0000,0,0,0.0000,0,0.2450,0.0000,0.0000,0.0000,0.0000,0.0000,IDLE,0,1,step_confirmed_slow_align d=1.040,0,0,6.000,1,1.0900,1.0400,0.0411,0.8100,9,5,0.0000,0.0000,0.0000,0.0000,0.0000,等待台阶,1,0.0000,0.150,0.330
342.490,SEEK_ROUNDABOUT,28.370,0,1.264,0.0000,0.0000,none,,,,step_align_line_lost_stop/course_events_frozen,0.0000,0.0000,0,line_too_few_bands,0.0000,0.0000,0.0000,0.0000,0.0000,0,0,0.0000,0,0.2364,0.0000,0.0000,0.0000,0.0000,0.0000,IDLE,0,1,step_confirmed_slow_align d=1.040,0,0,6.000,1,1.0700,1.0400,0.0426,0.8325,13,5,0.0000,0.0000,0.0000,0.0000,0.0000,等待台阶,1,0.0000,0.150,0.330
342.623,SEEK_ROUNDABOUT,28.502,0,1.264,0.0000,0.0000,none,,,,step_align_line_lost_stop/course_events_frozen,0.0000,0.0000,0,line_too_few_bands,0.0000,0.0000,0.0000,0.0000,0.0000,0,0,0.0000,0,0.2364,0.0000,0.0000,0.0000,0.0000,0.0000,IDLE,0,1,step_confirmed_slow_align d=1.040,0,0,6.000,1,1.0000,1.0400,0.0449,0.8636,16,5,0.0000,0.0000,0.0000,0.0000,0.0000,等待台阶,1,0.0000,0.150,0.330
342.766,SEEK_ROUNDABOUT,28.645,0,1.264,0.0000,0.0000,none,,,,step_align_line_lost_stop/course_events_frozen,0.0000,0.0000,0,line_too_few_bands,0.0000,0.0000,0.0000,0.0000,0.0000,0,0,0.0000,0,0.2321,0.0000,0.0000,0.0000,0.0000,0.0000,IDLE,0,1,step_confirmed_slow_align d=1.040,0,0,6.000,1,0.5000,1.0400,0.0453,0.9150,20,5,0.0000,0.0000,0.0000,0.0000,0.0000,等待台阶,1,0.0000,0.150,0.330
342.948,SEEK_ROUNDABOUT,28.827,0,1.264,0.0000,0.0000,none,,,,line_lost_stop,0.0000,0.0000,0,line_too_few_bands,0.0000,0.0000,0.0000,0.0000,0.0000,0,0,0.0000,0,0.2321,0.0000,0.0000,0.0000,0.0000,0.0000,IDLE,0,0,step_candidate_ignore_line_invalid,0,0,6.000,1,1.1000,1.0700,0.0410,0.8088,25,5,0.0000,0.0000,0.0000,0.0000,0.0000,等待台阶,1,0.0000,0.150,0.330
343.092,SEEK_ROUNDABOUT,28.971,0,1.264,0.0000,0.0000,none,,,,step_align_line_lost_stop/course_events_frozen,0.0000,0.0000,0,line_too_few_bands,0.0000,0.0000,0.0000,0.0000,0.0000,0,0,0.0000,0,0.2149,0.0000,0.0000,0.0000,0.0000,0.0000,IDLE,0,1,step_confirmed_slow_align d=1.000,0,0,6.000,1,0.5000,1.0000,0.0441,0.8972,29,5,0.0000,0.0000,0.0000,0.0000,0.0000,等待台阶,1,0.0000,0.150,0.330
343.226,SEEK_ROUNDABOUT,29.105,0,1.264,0.0000,0.0000,none,,,,step_align_line_lost_stop/course_events_frozen,0.0000,0.0000,0,line_too_few_bands,0.0000,0.0000,0.0000,0.0000,0.0000,0,0,0.0000,0,0.2493,0.0000,0.0000,0.0000,0.0000,0.0000,IDLE,0,1,step_confirmed_slow_align d=0.510,0,0,6.000,1,0.5100,0.5100,0.0443,0.8991,33,5,0.0000,0.0000,0.0000,0.0000,0.0000,等待台阶,1,0.0000,0.150,0.330
343.355,SEEK_ROUNDABOUT,29.234,0,1.264,0.0000,0.0000,none,,,,step_align_line_lost_stop/course_events_frozen,0.0000,0.0000,0,line_too_few_bands,0.0000,0.0000,0.0000,0.0000,0.0000,0,0,0.0000,0,0.2149,0.0000,0.0000,0.0000,0.0000,0.0000,IDLE,0,1,step_confirmed_slow_align d=0.510,0,0,6.000,1,0.5200,0.5100,0.0441,0.8969,36,5,0.0000,0.0000,0.0000,0.0000,0.0000,等待台阶,1,0.0000,0.150,0.330
343.486,SEEK_ROUNDABOUT,29.365,0,1.264,0.0000,0.0000,none,,,,step_align_line_lost_stop/course_events_frozen,0.0000,0.0000,0,line_too_few_bands,0.0000,0.0000,0.0000,0.0000,0.0000,0,0,0.0000,0,0.2063,0.0000,0.0000,0.0000,0.0000,0.0000,IDLE,0,1,step_confirmed_slow_align d=0.510,0,0,6.000,1,0.5100,0.5100,0.0440,0.8954,40,5,0.0000,0.0000,0.0000,0.0000,0.0000,等待台阶,1,0.0000,0.150,0.330
343.623,SEEK_ROUNDABOUT,29.502,0,1.264,0.0000,0.0000,none,,,,step_align_line_lost_stop/course_events_frozen,0.0000,0.0000,0,line_too_few_bands,0.0000,0.0000,0.0000,0.0000,0.0000,0,0,0.0000,0,0.2106,0.0000,0.0000,0.0000,0.0000,0.0000,IDLE,0,1,step_confirmed_slow_align d=0.510,0,0,6.000,1,0.5200,0.5100,0.0441,0.8968,44,5,0.0000,0.0000,0.0000,0.0000,0.0000,等待台阶,1,0.0000,0.150,0.330
343.759,SEEK_ROUNDABOUT,29.638,0,1.264,0.0000,0.0000,none,,,,step_align_line_lost_stop/course_events_frozen,0.0000,0.0000,0,line_too_few_bands,0.0000,0.0000,0.0000,0.0000,0.0000,0,0,0.0000,0,0.2106,0.0000,0.0000,0.0000,0.0000,0.0000,IDLE,0,1,step_confirmed_slow_align d=0.520,0,0,6.000,1,0.5300,0.5200,0.0448,0.9060,48,5,0.0000,0.0000,0.0000,0.0000,0.0000,等待台阶,1,0.0000,0.150,0.330
343.917,SEEK_ROUNDABOUT,29.797,0,1.264,0.0000,0.0000,none,,,,step_align_line_lost_stop/course_events_frozen,0.0000,0.0000,0,line_too_few_bands,0.0000,0.0000,0.0000,0.0000,0.0000,0,0,0.0000,0,0.2106,0.0000,0.0000,0.0000,0.0000,0.0000,IDLE,0,1,step_confirmed_slow_align d=0.520,0,0,6.000,1,0.5300,0.5200,0.0445,0.9012,52,5,0.0000,0.0000,0.0000,0.0000,0.0000,等待台阶,1,0.0000,0.150,0.330
344.055,SEEK_ROUNDABOUT,29.934,0,1.264,0.0000,0.0000,none,,,,step_align_line_lost_stop/course_events_frozen,0.0000,0.0000,0,line_too_few_bands,0.0000,0.0000,0.0000,0.0000,0.0000,0,0,0.0000,0,0.2235,0.0000,0.0000,0.0000,0.0000,0.0000,IDLE,0,1,step_confirmed_slow_align d=0.530,0,0,6.000,1,0.5300,0.5300,0.0444,0.8999,56,5,0.0000,0.0000,0.0000,0.0000,0.0000,等待台阶,1,0.0000,0.150,0.330
344.212,SEEK_ROUNDABOUT,30.091,0,1.264,0.0000,0.0000,none,,,,step_align_line_lost_stop/course_events_frozen,0.0000,0.0000,0,line_too_few_bands,0.0000,0.0000,0.0000,0.0000,0.0000,0,0,0.0000,0,0.2020,0.0000,0.0000,0.0000,0.0000,0.0000,IDLE,0,1,step_confirmed_slow_align d=0.530,0,0,6.000,1,0.5300,0.5300,0.0445,0.9012,60,5,0.0000,0.0000,0.0000,0.0000,0.0000,等待台阶,1,0.0000,0.150,0.330
344.350,SEEK_ROUNDABOUT,30.229,0,1.264,0.0000,0.0000,none,,,,step_align_line_lost_stop/course_events_frozen,0.0000,0.0000,0,line_too_few_bands,0.0000,0.0000,0.0000,0.0000,0.0000,0,0,0.0000,0,0.2192,0.0000,0.0000,0.0000,0.0000,0.0000,IDLE,0,1,step_confirmed_slow_align d=0.530,0,0,6.000,1,0.5400,0.5300,0.0441,0.8966,64,5,0.0000,0.0000,0.0000,0.0000,0.0000,等待台阶,1,0.0000,0.150,0.330
344.424,SEEK_ROUNDABOUT,30.304,0,1.264,0.0000,0.0000,none,,,,step_align_line_lost_stop/course_events_frozen,0.0000,0.0000,0,line_too_few_bands,0.0000,0.0000,0.0000,0.0000,0.0000,0,0,0.0000,0,0.2192,0.0000,0.0000,0.0000,0.0000,0.0000,IDLE,0,1,step_confirmed_slow_align d=0.530,0,0,6.000,1,0.5300,0.5300,0.0438,0.8918,66,5,0.0000,0.0000,0.0000,0.0000,0.0000,等待台阶,1,0.0000,0.150,0.330
344.595,SEEK_ROUNDABOUT,30.474,0,1.264,0.0000,0.0000,none,,,,step_align_line_lost_stop/course_events_frozen,0.0000,0.0000,0,line_too_few_bands,0.0000,0.0000,0.0000,0.0000,0.0000,0,0,0.0000,0,0.2321,0.0000,0.0000,0.0000,0.0000,0.0000,IDLE,0,1,step_confirmed_slow_align d=0.530,0,0,6.000,1,0.5400,0.5300,0.0447,0.9050,71,5,0.0000,0.0000,0.0000,0.0000,0.0000,等待台阶,1,0.0000,0.150,0.330
344.757,SEEK_ROUNDABOUT,30.637,0,1.264,0.0000,0.0000,none,,,,step_align_line_lost_stop/course_events_frozen,0.0000,0.0000,0,line_too_few_bands,0.0000,0.0000,0.0000,0.0000,0.0000,0,0,0.0000,0,0.2149,0.0000,0.0000,0.0000,0.0000,0.0000,IDLE,0,1,step_confirmed_slow_align d=0.540,0,0,6.000,1,0.5400,0.5400,0.0440,0.8939,76,5,0.0000,0.0000,0.0000,0.0000,0.0000,等待台阶,1,0.0000,0.150,0.330
344.900,SEEK_ROUNDABOUT,30.779,0,1.264,0.0000,0.0000,none,,,,step_align_line_lost_stop/course_events_frozen,0.0000,0.0000,0,line_too_few_bands,0.0000,0.0000,0.0000,0.0000,0.0000,0,0,0.0000,0,0.2364,0.0000,0.0000,0.0000,0.0000,0.0000,IDLE,0,1,step_confirmed_slow_align d=0.540,0,0,6.000,1,0.5400,0.5400,0.0439,0.8924,80,5,0.0000,0.0000,0.0000,0.0000,0.0000,等待台阶,1,0.0000,0.150,0.330
345.114,SEEK_ROUNDABOUT,30.993,0,1.264,0.0000,0.0000,none,,,,step_align_line_lost_stop/course_events_frozen,0.0000,0.0000,0,line_too_few_bands,0.0000,0.0000,0.0000,0.0000,0.0000,0,0,0.0000,0,0.2278,0.0000,0.0000,0.0000,0.0000,0.0000,IDLE,0,1,step_confirmed_slow_align d=0.540,0,0,6.000,1,0.5400,0.5400,0.0443,0.8992,86,5,0.0000,0.0000,0.0000,0.0000,0.0000,等待台阶,1,0.0000,0.150,0.330
345.268,SEEK_ROUNDABOUT,31.148,0,1.264,0.0000,0.0000,none,,,,step_align_line_lost_stop/course_events_frozen,0.0000,0.0000,0,line_too_few_bands,0.0000,0.0000,0.0000,0.0000,0.0000,0,0,0.0000,0,0.2149,0.0000,0.0000,0.0000,0.0000,0.0000,IDLE,0,1,step_confirmed_slow_align d=0.540,0,0,6.000,1,0.5300,0.5400,0.0440,0.8940,91,5,0.0000,0.0000,0.0000,0.0000,0.0000,等待台阶,1,0.0000,0.150,0.330
345.439,SEEK_ROUNDABOUT,31.318,0,1.264,0.0000,0.0000,none,,,,step_align_line_lost_stop/course_events_frozen,0.0000,0.0000,0,line_too_few_bands,0.0000,0.0000,0.0000,0.0000,0.0000,0,0,0.0000,0,0.2278,0.0000,0.0000,0.0000,0.0000,0.0000,IDLE,0,1,step_confirmed_slow_align d=0.540,0,0,6.000,1,0.5400,0.5400,0.0436,0.8891,96,5,0.0000,0.0000,0.0000,0.0000,0.0000,等待台阶,1,0.0000,0.150,0.330
345.592,SEEK_ROUNDABOUT,31.471,0,1.264,0.0000,0.0000,none,,,,step_align_line_lost_stop/course_events_frozen,0.0000,0.0000,0,line_too_few_bands,0.0000,0.0000,0.0000,0.0000,0.0000,0,0,0.0000,0,0.2192,0.0000,0.0000,0.0000,0.0000,0.0000,IDLE,0,1,step_confirmed_slow_align d=0.540,0,0,6.000,1,0.5400,0.5400,0.0442,0.8971,100,5,0.0000,0.0000,0.0000,0.0000,0.0000,等待台阶,1,0.0000,0.150,0.330
345.729,SEEK_ROUNDABOUT,31.608,0,1.264,0.0000,0.0000,none,,,,step_align_line_lost_stop/course_events_frozen,0.0000,0.0000,0,line_too_few_bands,0.0000,0.0000,0.0000,0.0000,0.0000,0,0,0.0000,0,0.2321,0.0000,0.0000,0.0000,0.0000,0.0000,IDLE,0,1,step_confirmed_slow_align d=0.540,0,0,6.000,1,0.5400,0.5400,0.0443,0.8983,104,5,0.0000,0.0000,0.0000,0.0000,0.0000,等待台阶,1,0.0000,0.150,0.330
345.866,SEEK_ROUNDABOUT,31.745,0,1.264,0.0000,0.0000,none,,,,step_align_line_lost_stop/course_events_frozen,0.0000,0.0000,0,line_too_few_bands,0.0000,0.0000,0.0000,0.0000,0.0000,0,0,0.0000,0,0.2149,0.0000,0.0000,0.0000,0.0000,0.0000,IDLE,0,1,step_confirmed_slow_align d=0.540,0,0,6.000,1,0.5300,0.5400,0.0439,0.8935,108,5,0.0000,0.0000,0.0000,0.0000,0.0000,等待台阶,1,0.0000,0.150,0.330
346.003,SEEK_ROUNDABOUT,31.883,0,1.264,0.0000,0.0000,none,,,,step_align_line_lost_stop/course_events_frozen,0.0000,0.0000,0,line_too_few_bands,0.0000,0.0000,0.0000,0.0000,0.0000,0,0,0.0000,0,0.2192,0.0000,0.0000,0.0000,0.0000,0.0000,IDLE,0,1,step_confirmed_slow_align d=0.540,0,0,6.000,1,0.5400,0.5400,0.0439,0.8934,112,5,0.0000,0.0000,0.0000,0.0000,0.0000,等待台阶,1,0.0000,0.150,0.330
346.146,SEEK_ROUNDABOUT,32.025,0,1.264,0.0000,0.0000,none,,,,step_align_line_lost_stop/course_events_frozen,0.0000,0.0000,0,line_too_few_bands,0.0000,0.0000,0.0000,0.0000,0.0000,0,0,0.0000,0,0.2450,0.0000,0.0000,0.0000,0.0000,0.0000,IDLE,0,1,step_confirmed_slow_align d=0.540,0,0,6.000,1,0.5300,0.5400,0.0439,0.8925,115,5,0.0000,0.0000,0.0000,0.0000,0.0000,等待台阶,1,0.0000,0.150,0.330
346.309,SEEK_ROUNDABOUT,32.188,0,1.264,0.0000,0.0000,none,,,,step_align_line_lost_stop/course_events_frozen,0.0000,0.0000,0,line_too_few_bands,0.0000,0.0000,0.0000,0.0000,0.0000,0,0,0.0000,0,0.2235,0.0000,0.0000,0.0000,0.0000,0.0000,IDLE,0,1,step_confirmed_slow_align d=0.530,0,0,6.000,1,0.5300,0.5300,0.0443,0.8990,120,5,0.0000,0.0000,0.0000,0.0000,0.0000,等待台阶,1,0.0000,0.150,0.330
346.454,SEEK_ROUNDABOUT,32.333,0,1.264,0.0000,0.0000,none,,,,step_align_line_lost_stop/course_events_frozen,0.0000,0.0000,0,line_too_few_bands,0.0000,0.0000,0.0000,0.0000,0.0000,0,0,0.0000,0,0.2407,0.0000,0.0000,0.0000,0.0000,0.0000,IDLE,0,1,step_confirmed_slow_align d=0.530,0,0,6.000,1,0.5300,0.5300,0.0436,0.8887,124,5,0.0000,0.0000,0.0000,0.0000,0.0000,等待台阶,1,0.0000,0.150,0.330
346.611,SEEK_ROUNDABOUT,32.491,0,1.264,0.0000,0.0000,none,,,,step_align_line_lost_stop/course_events_frozen,0.0000,0.0000,0,line_too_few_bands,0.0000,0.0000,0.0000,0.0000,0.0000,0,0,0.0000,0,0.2364,0.0000,0.0000,0.0000,0.0000,0.0000,IDLE,0,1,step_confirmed_slow_align d=0.530,0,0,6.000,1,0.5300,0.5300,0.0442,0.8980,128,5,0.0000,0.0000,0.0000,0.0000,0.0000,等待台阶,1,0.0000,0.150,0.330
346.751,SEEK_ROUNDABOUT,32.630,0,1.264,0.0000,0.0000,none,,,,step_align_line_lost_stop/course_events_frozen,0.0000,0.0000,0,line_too_few_bands,0.0000,0.0000,0.0000,0.0000,0.0000,0,0,0.0000,0,0.2579,0.0000,0.0000,0.0000,0.0000,0.0000,IDLE,0,1,step_confirmed_slow_align d=0.530,0,0,6.000,1,0.5200,0.5300,0.0444,0.9002,132,5,0.0000,0.0000,0.0000,0.0000,0.0000,等待台阶,1,0.0000,0.150,0.330
346.911,SEEK_ROUNDABOUT,32.791,0,1.264,0.0000,0.0000,none,,,,step_align_line_lost_stop/course_events_frozen,0.0000,0.0000,0,line_too_few_bands,0.0000,0.0000,0.0000,0.0000,0.0000,0,0,0.0000,0,0.2364,0.0000,0.0000,0.0000,0.0000,0.0000,IDLE,0,1,step_confirmed_slow_align d=0.530,0,0,6.000,1,0.5350,0.5300,0.0443,0.8998,137,5,0.0000,0.0000,0.0000,0.0000,0.0000,等待台阶,1,0.0000,0.150,0.330
347.052,SEEK_ROUNDABOUT,32.931,0,1.264,0.0000,0.0000,none,,,,step_align_line_lost_stop/course_events_frozen,0.0000,0.0000,0,line_too_few_bands,0.0000,0.0000,0.0000,0.0000,0.0000,0,0,0.0000,0,0.2493,0.0000,0.0000,0.0000,0.0000,0.0000,IDLE,0,1,step_confirmed_slow_align d=0.530,0,0,6.000,1,0.5200,0.5300,0.0441,0.8960,141,5,0.0000,0.0000,0.0000,0.0000,0.0000,等待台阶,1,0.0000,0.150,0.330
347.238,SEEK_ROUNDABOUT,33.117,0,1.264,0.0000,0.0000,none,,,,step_align_line_lost_stop/course_events_frozen,0.0000,0.0000,0,line_too_few_bands,0.0000,0.0000,0.0000,0.0000,0.0000,0,0,0.0000,0,0.2321,0.0000,0.0000,0.0000,0.0000,0.0000,IDLE,0,1,step_confirmed_slow_align d=0.520,0,0,6.000,1,0.5100,0.5200,0.0449,0.9074,146,5,0.0000,0.0000,0.0000,0.0000,0.0000,等待台阶,1,0.0000,0.150,0.330
347.369,SEEK_ROUNDABOUT,33.248,0,1.264,0.0000,0.0000,none,,,,step_align_line_lost_stop/course_events_frozen,0.0000,0.0000,0,line_too_few_bands,0.0000,0.0000,0.0000,0.0000,0.0000,0,0,0.0000,0,0.2149,0.0000,0.0000,0.0000,0.0000,0.0000,IDLE,0,1,step_confirmed_slow_align d=0.520,0,0,6.000,1,0.5100,0.5200,0.0446,0.9049,150,5,0.0000,0.0000,0.0000,0.0000,0.0000,等待台阶,1,0.0000,0.150,0.330
347.515,SEEK_ROUNDABOUT,33.394,0,1.264,0.0000,0.0000,none,,,,step_align_line_lost_stop/course_events_frozen,0.0000,0.0000,0,line_too_few_bands,0.0000,0.0000,0.0000,0.0000,0.0000,0,0,0.0000,0,0.2450,0.0000,0.0000,0.0000,0.0000,0.0000,IDLE,0,1,step_confirmed_slow_align d=0.520,0,0,6.000,1,0.5200,0.5200,0.0444,0.9001,154,5,0.0000,0.0000,0.0000,0.0000,0.0000,等待台阶,1,0.0000,0.150,0.330
347.697,SEEK_ROUNDABOUT,33.577,0,1.264,0.0000,0.0000,none,,,,step_align_line_lost_stop/course_events_frozen,0.0000,0.0000,0,line_too_few_bands,0.0000,0.0000,0.0000,0.0000,0.0000,0,0,0.0000,0,0.2450,0.0000,0.0000,0.0000,0.0000,0.0000,IDLE,0,1,step_confirmed_slow_align d=0.510,0,0,6.000,1,0.5100,0.5100,0.0444,0.9012,159,5,0.0000,0.0000,0.0000,0.0000,0.0000,等待台阶,1,0.0000,0.150,0.330
347.839,SEEK_ROUNDABOUT,33.719,0,1.264,0.0000,0.0000,none,,,,step_align_line_lost_stop/course_events_frozen,0.0000,0.0000,0,line_too_few_bands,0.0000,0.0000,0.0000,0.0000,0.0000,0,0,0.0000,0,0.2407,0.0000,0.0000,0.0000,0.0000,0.0000,IDLE,0,1,step_confirmed_slow_align d=0.510,0,0,6.000,1,0.5100,0.5100,0.0444,0.9011,163,5,0.0000,0.0000,0.0000,0.0000,0.0000,等待台阶,1,0.0000,0.150,0.330
347.986,SEEK_ROUNDABOUT,33.865,0,1.264,0.0000,0.0000,none,,,,step_align_line_lost_stop/course_events_frozen,0.0000,0.0000,0,line_too_few_bands,0.0000,0.0000,0.0000,0.0000,0.0000,0,0,0.0000,0,0.2493,0.0000,0.0000,0.0000,0.0000,0.0000,IDLE,0,1,step_confirmed_slow_align d=0.510,0,0,6.000,1,0.5100,0.5100,0.0443,0.8995,167,5,0.0000,0.0000,0.0000,0.0000,0.0000,等待台阶,1,0.0000,0.150,0.330
348.157,SEEK_ROUNDABOUT,34.036,0,1.264,0.0000,0.0000,none,,,,step_align_line_lost_stop/course_events_frozen,0.0000,0.0000,0,line_too_few_bands,0.0000,0.0000,0.0000,0.0000,0.0000,0,0,0.0000,0,0.2621,0.0000,0.0000,0.0000,0.0000,0.0000,IDLE,0,1,step_confirmed_slow_align d=0.510,0,0,6.000,1,0.5000,0.5100,0.0445,0.9021,172,5,0.0000,0.0000,0.0000,0.0000,0.0000,等待台阶,1,0.0000,0.150,0.330
348.343,SEEK_ROUNDABOUT,34.222,0,1.264,0.0000,0.0000,none,,,,step_align_line_lost_stop/course_events_frozen,0.0000,0.0000,0,line_too_few_bands,0.0000,0.0000,0.0000,0.0000,0.0000,0,0,0.0000,0,0.2450,0.0000,0.0000,0.0000,0.0000,0.0000,IDLE,0,1,step_confirmed_slow_align d=0.510,0,0,6.000,1,0.5000,0.5100,0.0439,0.8932,177,5,0.0000,0.0000,0.0000,0.0000,0.0000,等待台阶,1,0.0000,0.150,0.330
348.497,SEEK_ROUNDABOUT,34.376,0,1.264,0.0000,0.0000,none,,,,step_align_line_lost_stop/course_events_frozen,0.0000,0.0000,0,line_too_few_bands,0.0000,0.0000,0.0000,0.0000,0.0000,0,0,0.0000,0,0.2450,0.0000,0.0000,0.0000,0.0000,0.0000,IDLE,0,1,step_confirmed_slow_align d=0.500,0,0,6.000,1,0.5000,0.5000,0.0437,0.8928,181,5,0.0000,0.0000,0.0000,0.0000,0.0000,等待台阶,1,0.0000,0.150,0.330
348.644,SEEK_ROUNDABOUT,34.523,0,1.264,0.0000,0.0000,none,,,,step_align_line_lost_stop/course_events_frozen,0.0000,0.0000,0,line_too_few_bands,0.0000,0.0000,0.0000,0.0000,0.0000,0,0,0.0000,0,0.2750,0.0000,0.0000,0.0000,0.0000,0.0000,IDLE,0,1,step_confirmed_slow_align d=0.500,0,0,6.000,1,0.5100,0.5000,0.0443,0.8995,185,5,0.0000,0.0000,0.0000,0.0000,0.0000,等待台阶,1,0.0000,0.150,0.330
348.787,SEEK_ROUNDABOUT,34.666,0,1.264,0.0000,0.0000,none,,,,step_align_line_lost_stop/course_events_frozen,0.0000,0.0000,0,line_too_few_bands,0.0000,0.0000,0.0000,0.0000,0.0000,0,0,0.0000,0,0.2493,0.0000,0.0000,0.0000,0.0000,0.0000,IDLE,0,1,step_confirmed_slow_align d=0.500,0,0,6.000,1,0.5000,0.5000,0.0448,0.9070,189,5,0.0000,0.0000,0.0000,0.0000,0.0000,等待台阶,1,0.0000,0.150,0.330
348.989,SEEK_ROUNDABOUT,34.868,0,1.264,0.0000,0.0000,none,,,,step_align_line_lost_stop/course_events_frozen,0.0000,0.0000,0,line_too_few_bands,0.0000,0.0000,0.0000,0.0000,0.0000,0,0,0.0000,0,0.2536,0.0000,0.0000,0.0000,0.0000,0.0000,IDLE,0,1,step_confirmed_slow_align d=0.500,0,0,6.000,1,0.5100,0.5000,0.0446,0.9042,195,5,0.0000,0.0000,0.0000,0.0000,0.0000,等待台阶,1,0.0000,0.150,0.330
349.132,SEEK_ROUNDABOUT,35.011,0,1.264,0.0000,0.0000,none,,,,step_align_line_lost_stop/course_events_frozen,0.0000,0.0000,0,line_too_few_bands,0.0000,0.0000,0.0000,0.0000,0.0000,0,0,0.0000,0,0.2536,0.0000,0.0000,0.0000,0.0000,0.0000,IDLE,0,1,step_confirmed_slow_align d=0.500,0,0,6.000,1,0.5000,0.5000,0.0443,0.9008,199,5,0.0000,0.0000,0.0000,0.0000,0.0000,等待台阶,1,0.0000,0.150,0.330
349.268,SEEK_ROUNDABOUT,35.147,0,1.264,0.0000,0.0000,none,,,,step_align_line_lost_stop/course_events_frozen,0.0000,0.0000,0,line_too_few_bands,0.0000,0.0000,0.0000,0.0000,0.0000,0,0,0.0000,0,0.2536,0.0000,0.0000,0.0000,0.0000,0.0000,IDLE,0,1,step_confirmed_slow_align d=0.500,0,0,6.000,1,0.5000,0.5000,0.0449,0.9082,202,5,0.0000,0.0000,0.0000,0.0000,0.0000,等待台阶,1,0.0000,0.150,0.330
349.412,SEEK_ROUNDABOUT,35.292,0,1.264,0.0000,0.0000,none,,,,step_align_line_lost_stop/course_events_frozen,0.0000,0.0000,0,line_too_few_bands,0.0000,0.0000,0.0000,0.0000,0.0000,0,0,0.0000,0,0.3051,0.0000,0.0000,0.0000,0.0000,0.0000,IDLE,0,1,step_confirmed_slow_align d=0.500,0,0,6.000,1,0.5000,0.5000,0.0441,0.8976,206,5,0.0000,0.0000,0.0000,0.0000,0.0000,等待台阶,1,0.0000,0.150,0.330
349.558,SEEK_ROUNDABOUT,35.437,0,1.264,0.0000,0.0000,none,,,,step_align_line_lost_stop/course_events_frozen,0.0000,0.0000,0,line_too_few_bands,0.0000,0.0000,0.0000,0.0000,0.0000,0,0,0.0000,0,0.2364,0.0000,0.0000,0.0000,0.0000,0.0000,IDLE,0,1,step_confirmed_slow_align d=0.500,0,0,6.000,1,0.5000,0.5000,0.0439,0.8944,211,5,0.0000,0.0000,0.0000,0.0000,0.0000,等待台阶,1,0.0000,0.150,0.330
349.712,SEEK_ROUNDABOUT,35.591,0,1.264,0.0000,0.0000,none,,,,step_align_line_lost_stop/course_events_frozen,0.0000,0.0000,0,line_too_few_bands,0.0000,0.0000,0.0000,0.0000,0.0000,0,0,0.0000,0,0.2450,0.0000,0.0000,0.0000,0.0000,0.0000,IDLE,0,1,step_confirmed_slow_align d=0.500,0,0,6.000,1,0.5100,0.5000,0.0439,0.8946,215,5,0.0000,0.0000,0.0000,0.0000,0.0000,等待台阶,1,0.0000,0.150,0.330
349.850,SEEK_ROUNDABOUT,35.730,0,1.264,0.0000,0.0000,none,,,,step_align_line_lost_stop/course_events_frozen,0.0000,0.0000,0,line_too_few_bands,0.0000,0.0000,0.0000,0.0000,0.0000,0,0,0.0000,0,0.2579,0.0000,0.0000,0.0000,0.0000,0.0000,IDLE,0,1,step_confirmed_slow_align d=0.500,0,0,6.000,1,0.5000,0.5000,0.0442,0.8989,219,5,0.0000,0.0000,0.0000,0.0000,0.0000,等待台阶,1,0.0000,0.150,0.330
350.022,SEEK_ROUNDABOUT,35.901,0,1.264,0.0000,0.0000,none,,,,step_align_line_lost_stop/course_events_frozen,0.0000,0.0000,0,line_too_few_bands,0.0000,0.0000,0.0000,0.0000,0.0000,0,0,0.0000,0,0.2579,0.0000,0.0000,0.0000,0.0000,0.0000,IDLE,0,1,step_confirmed_slow_align d=0.500,0,0,6.000,1,0.5100,0.5000,0.0441,0.8959,224,5,0.0000,0.0000,0.0000,0.0000,0.0000,等待台阶,1,0.0000,0.150,0.330
350.173,SEEK_ROUNDABOUT,36.053,0,1.264,0.0000,0.0000,none,,,,step_align_line_lost_stop/course_events_frozen,0.0000,0.0000,0,line_too_few_bands,0.0000,0.0000,0.0000,0.0000,0.0000,0,0,0.0000,0,0.2536,0.0000,0.0000,0.0000,0.0000,0.0000,IDLE,0,1,step_confirmed_slow_align d=0.500,0,0,6.000,1,0.4900,0.5000,0.0445,0.9041,228,5,0.0000,0.0000,0.0000,0.0000,0.0000,等待台阶,1,0.0000,0.150,0.330
350.372,SEEK_ROUNDABOUT,36.252,0,1.264,0.0000,0.0000,none,,,,step_align_line_lost_stop/course_events_frozen,0.0000,0.0000,0,line_too_few_bands,0.0000,0.0000,0.0000,0.0000,0.0000,0,0,0.0000,0,0.2407,0.0000,0.0000,0.0000,0.0000,0.0000,IDLE,0,1,step_confirmed_slow_align d=0.500,0,0,6.000,1,0.5000,0.5000,0.0444,0.9003,234,5,0.0000,0.0000,0.0000,0.0000,0.0000,等待台阶,1,0.0000,0.150,0.330
350.580,SEEK_ROUNDABOUT,36.459,0,1.264,0.0000,0.0000,none,,,,step_align_line_lost_stop/course_events_frozen,0.0000,0.0000,0,line_too_few_bands,0.0000,0.0000,0.0000,0.0000,0.0000,0,0,0.0000,0,0.2407,0.0000,0.0000,0.0000,0.0000,0.0000,IDLE,0,1,step_confirmed_slow_align d=0.500,0,0,6.000,1,0.5000,0.5000,0.0441,0.8978,240,5,0.0000,0.0000,0.0000,0.0000,0.0000,等待台阶,1,0.0000,0.150,0.330
350.797,SEEK_ROUNDABOUT,36.676,0,1.264,0.0000,0.0000,none,,,,step_align_line_lost_stop/course_events_frozen,0.0000,0.0000,0,line_too_few_bands,0.0000,0.0000,0.0000,0.0000,0.0000,0,0,0.0000,0,0.2621,0.0000,0.0000,0.0000,0.0000,0.0000,IDLE,0,1,step_confirmed_slow_align d=0.500,0,0,6.000,1,0.5000,0.5000,0.0442,0.8972,246,5,0.0000,0.0000,0.0000,0.0000,0.0000,等待台阶,1,0.0000,0.150,0.330
350.962,SEEK_ROUNDABOUT,36.842,0,1.264,0.0000,0.0000,none,,,,step_align_line_lost_stop/course_events_frozen,0.0000,0.0000,0,line_too_few_bands,0.0000,0.0000,0.0000,0.0000,0.0000,0,0,0.0000,0,0.2450,0.0000,0.0000,0.0000,0.0000,0.0000,IDLE,0,1,step_confirmed_slow_align d=0.500,0,0,6.000,1,0.5000,0.5000,0.0449,0.9082,251,5,0.0000,0.0000,0.0000,0.0000,0.0000,等待台阶,1,0.0000,0.150,0.330
351.118,SEEK_ROUNDABOUT,36.998,0,1.264,0.0000,0.0000,none,,,,step_align_line_lost_stop/course_events_frozen,0.0000,0.0000,0,line_too_few_bands,0.0000,0.0000,0.0000,0.0000,0.0000,0,0,0.0000,0,0.2364,0.0000,0.0000,0.0000,0.0000,0.0000,IDLE,0,1,step_confirmed_slow_align d=0.500,0,0,6.000,1,0.5000,0.5000,0.0437,0.8911,255,5,0.0000,0.0000,0.0000,0.0000,0.0000,等待台阶,1,0.0000,0.150,0.330
351.231,SEEK_ROUNDABOUT,37.110,0,1.264,0.0000,0.0000,none,,,,step_align_line_lost_stop/course_events_frozen,0.0000,0.0000,0,line_too_few_bands,0.0000,0.0000,0.0000,0.0000,0.0000,0,0,0.0000,0,0.2321,0.0000,0.0000,0.0000,0.0000,0.0000,IDLE,0,1,step_confirmed_slow_align d=0.500,0,0,6.000,1,1.0800,0.5000,0.0423,0.8302,258,5,0.0000,0.0000,0.0000,0.0000,0.0000,等待台阶,1,0.0000,0.150,0.330
351.430,SEEK_ROUNDABOUT,37.309,0,1.264,0.0000,0.0000,none,,,,step_align_line_lost_stop/course_events_frozen,0.0000,0.0000,0,line_too_few_bands,0.0000,0.0000,0.0000,0.0000,0.0000,0,0,0.0000,0,0.2493,0.0000,0.0000,0.0000,0.0000,0.0000,IDLE,0,1,step_confirmed_slow_align d=0.500,0,0,6.000,1,0.5000,0.5000,0.0439,0.8957,264,5,0.0000,0.0000,0.0000,0.0000,0.0000,等待台阶,1,0.0000,0.150,0.330
351.615,SEEK_ROUNDABOUT,37.495,0,1.264,0.0000,0.0000,none,,,,step_align_line_lost_stop/course_events_frozen,0.0000,0.0000,0,line_too_few_bands,0.0000,0.0000,0.0000,0.0000,0.0000,0,0,0.0000,0,0.2407,0.0000,0.0000,0.0000,0.0000,0.0000,IDLE,0,1,step_confirmed_slow_align d=0.500,0,0,6.000,1,0.5100,0.5000,0.0441,0.8961,269,5,0.0000,0.0000,0.0000,0.0000,0.0000,等待台阶,1,0.0000,0.150,0.330
351.771,SEEK_ROUNDABOUT,37.651,0,1.264,0.0000,0.0000,none,,,,step_align_line_lost_stop/course_events_frozen,0.0000,0.0000,0,line_too_few_bands,0.0000,0.0000,0.0000,0.0000,0.0000,0,0,0.0000,0,0.2493,0.0000,0.0000,0.0000,0.0000,0.0000,IDLE,0,1,step_confirmed_slow_align d=0.510,0,0,6.000,1,0.5100,0.5100,0.0441,0.8969,273,5,0.0000,0.0000,0.0000,0.0000,0.0000,等待台阶,1,0.0000,0.150,0.330
351.950,SEEK_ROUNDABOUT,37.829,0,1.264,0.0000,0.0000,none,,,,step_align_line_lost_stop/course_events_frozen,0.0000,0.0000,0,line_too_few_bands,0.0000,0.0000,0.0000,0.0000,0.0000,0,0,0.0000,0,0.2579,0.0000,0.0000,0.0000,0.0000,0.0000,IDLE,0,1,step_confirmed_slow_align d=0.510,0,0,6.000,1,0.5100,0.5100,0.0443,0.8998,278,5,0.0000,0.0000,0.0000,0.0000,0.0000,等待台阶,1,0.0000,0.150,0.330
352.179,SEEK_ROUNDABOUT,38.058,0,1.264,0.0000,0.0000,none,,,,step_align_line_lost_stop/course_events_frozen,0.0000,0.0000,0,line_too_few_bands,0.0000,0.0000,0.0000,0.0000,0.0000,0,0,0.0000,0,0.2536,0.0000,0.0000,0.0000,0.0000,0.0000,IDLE,0,1,step_confirmed_slow_align d=0.510,0,0,6.000,1,0.5100,0.5100,0.0440,0.8965,285,5,0.0000,0.0000,0.0000,0.0000,0.0000,等待台阶,1,0.0000,0.150,0.330
352.388,SEEK_ROUNDABOUT,38.267,0,1.264,0.0000,0.0000,none,,,,step_align_line_lost_stop/course_events_frozen,0.0000,0.0000,0,line_too_few_bands,0.0000,0.0000,0.0000,0.0000,0.0000,0,0,0.0000,0,0.2450,0.0000,0.0000,0.0000,0.0000,0.0000,IDLE,0,1,step_confirmed_slow_align d=0.510,0,0,6.000,1,0.5100,0.5100,0.0440,0.8960,291,5,0.0000,0.0000,0.0000,0.0000,0.0000,等待台阶,1,0.0000,0.150,0.330
352.573,SEEK_ROUNDABOUT,38.452,0,1.264,0.0000,0.0000,none,,,,step_align_line_lost_stop/course_events_frozen,0.0000,0.0000,0,line_too_few_bands,0.0000,0.0000,0.0000,0.0000,0.0000,0,0,0.0000,0,0.2450,0.0000,0.0000,0.0000,0.0000,0.0000,IDLE,0,1,step_confirmed_slow_align d=0.510,0,0,6.000,1,0.5200,0.5100,0.0443,0.8999,296,5,0.0000,0.0000,0.0000,0.0000,0.0000,等待台阶,1,0.0000,0.150,0.330
352.727,SEEK_ROUNDABOUT,38.606,0,1.264,0.0000,0.0000,none,,,,step_align_line_lost_stop/course_events_frozen,0.0000,0.0000,0,line_too_few_bands,0.0000,0.0000,0.0000,0.0000,0.0000,0,0,0.0000,0,0.2321,0.0000,0.0000,0.0000,0.0000,0.0000,IDLE,0,1,step_confirmed_slow_align d=0.510,0,0,6.000,1,0.5100,0.5100,0.0441,0.8975,300,5,0.0000,0.0000,0.0000,0.0000,0.0000,等待台阶,1,0.0000,0.150,0.330
352.866,SEEK_ROUNDABOUT,38.746,0,1.264,0.0000,0.0000,none,,,,step_align_line_lost_stop/course_events_frozen,0.0000,0.0000,0,line_too_few_bands,0.0000,0.0000,0.0000,0.0000,0.0000,0,0,0.0000,0,0.2579,0.0000,0.0000,0.0000,0.0000,0.0000,IDLE,0,1,step_confirmed_slow_align d=0.510,0,0,6.000,1,0.5100,0.5100,0.0442,0.8990,304,5,0.0000,0.0000,0.0000,0.0000,0.0000,等待台阶,1,0.0000,0.150,0.330
353.042,SEEK_ROUNDABOUT,38.921,0,1.264,0.0000,0.0000,none,,,,step_align_line_lost_stop/course_events_frozen,0.0000,0.0000,0,line_too_few_bands,0.0000,0.0000,0.0000,0.0000,0.0000,0,0,0.0000,0,0.2450,0.0000,0.0000,0.0000,0.0000,0.0000,IDLE,0,1,step_confirmed_slow_align d=0.510,0,0,6.000,1,0.5100,0.5100,0.0441,0.8981,309,5,0.0000,0.0000,0.0000,0.0000,0.0000,等待台阶,1,0.0000,0.150,0.330
353.197,SEEK_ROUNDABOUT,39.076,0,1.264,0.0000,0.0000,none,,,,step_align_line_lost_stop/course_events_frozen,0.0000,0.0000,0,line_too_few_bands,0.0000,0.0000,0.0000,0.0000,0.0000,0,0,0.0000,0,0.2364,0.0000,0.0000,0.0000,0.0000,0.0000,IDLE,0,1,step_confirmed_slow_align d=0.510,0,0,6.000,1,0.5100,0.5100,0.0440,0.8952,314,5,0.0000,0.0000,0.0000,0.0000,0.0000,等待台阶,1,0.0000,0.150,0.330
353.365,SEEK_ROUNDABOUT,39.244,0,1.264,0.0000,0.0000,none,,,,step_align_line_lost_stop/course_events_frozen,0.0000,0.0000,0,line_too_few_bands,0.0000,0.0000,0.0000,0.0000,0.0000,0,0,0.0000,0,0.2364,0.0000,0.0000,0.0000,0.0000,0.0000,IDLE,0,1,step_confirmed_slow_align d=0.510,0,0,6.000,1,0.5100,0.5100,0.0437,0.8913,318,5,0.0000,0.0000,0.0000,0.0000,0.0000,等待台阶,1,0.0000,0.150,0.330
353.539,SEEK_ROUNDABOUT,39.418,0,1.264,0.0000,0.0000,none,,,,step_align_line_lost_stop/course_events_frozen,0.0000,0.0000,0,line_too_few_bands,0.0000,0.0000,0.0000,0.0000,0.0000,0,0,0.0000,0,0.2536,0.0000,0.0000,0.0000,0.0000,0.0000,IDLE,0,1,step_confirmed_slow_align d=0.510,0,0,6.000,1,0.5000,0.5100,0.0438,0.8935,323,5,0.0000,0.0000,0.0000,0.0000,0.0000,等待台阶,1,0.0000,0.150,0.330
353.686,SEEK_ROUNDABOUT,39.565,0,1.264,0.0000,0.0000,none,,,,step_align_line_lost_stop/course_events_frozen,0.0000,0.0000,0,line_too_few_bands,0.0000,0.0000,0.0000,0.0000,0.0000,0,0,0.0000,0,0.2407,0.0000,0.0000,0.0000,0.0000,0.0000,IDLE,0,1,step_confirmed_slow_align d=0.510,0,0,6.000,1,0.5200,0.5100,0.0440,0.8950,327,5,0.0000,0.0000,0.0000,0.0000,0.0000,等待台阶,1,0.0000,0.150,0.330
353.844,SEEK_ROUNDABOUT,39.723,0,1.264,0.0000,0.0000,none,,,,step_align_line_lost_stop/course_events_frozen,0.0000,0.0000,0,line_too_few_bands,0.0000,0.0000,0.0000,0.0000,0.0000,0,0,0.0000,0,0.2149,0.0000,0.0000,0.0000,0.0000,0.0000,IDLE,0,1,step_confirmed_slow_align d=0.510,0,0,6.000,1,0.5100,0.5100,0.0439,0.8949,332,5,0.0000,0.0000,0.0000,0.0000,0.0000,等待台阶,1,0.0000,0.150,0.330
353.989,SEEK_ROUNDABOUT,39.868,0,1.264,0.0000,0.0000,none,,,,step_align_line_lost_stop/course_events_frozen,0.0000,0.0000,0,line_too_few_bands,0.0000,0.0000,0.0000,0.0000,0.0000,0,0,0.0000,0,0.2364,0.0000,0.0000,0.0000,0.0000,0.0000,IDLE,0,1,step_confirmed_slow_align d=0.510,0,0,6.000,1,0.5100,0.5100,0.0442,0.8990,336,5,0.0000,0.0000,0.0000,0.0000,0.0000,等待台阶,1,0.0000,0.150,0.330
354.138,SEEK_ROUNDABOUT,40.017,0,1.264,0.0000,0.0000,none,,,,step_align_line_lost_stop/course_events_frozen,0.0000,0.0000,0,line_too_few_bands,0.0000,0.0000,0.0000,0.0000,0.0000,0,0,0.0000,0,0.2364,0.0000,0.0000,0.0000,0.0000,0.0000,IDLE,0,1,step_confirmed_slow_align d=0.510,0,0,6.000,1,0.5000,0.5100,0.0441,0.8970,340,5,0.0000,0.0000,0.0000,0.0000,0.0000,等待台阶,1,0.0000,0.150,0.330
354.330,SEEK_ROUNDABOUT,40.209,0,1.264,0.0000,0.0000,none,,,,step_align_line_lost_stop/course_events_frozen,0.0000,0.0000,0,line_too_few_bands,0.0000,0.0000,0.0000,0.0000,0.0000,0,0,0.0000,0,0.2364,0.0000,0.0000,0.0000,0.0000,0.0000,IDLE,0,1,step_confirmed_slow_align d=0.510,0,0,6.000,1,0.5200,0.5100,0.0440,0.8961,345,5,0.0000,0.0000,0.0000,0.0000,0.0000,等待台阶,1,0.0000,0.150,0.330
354.492,SEEK_ROUNDABOUT,40.371,0,1.264,0.0000,0.0000,none,,,,step_align_line_lost_stop/course_events_frozen,0.0000,0.0000,0,line_too_few_bands,0.0000,0.0000,0.0000,0.0000,0.0000,0,0,0.0000,0,0.2493,0.0000,0.0000,0.0000,0.0000,0.0000,IDLE,0,1,step_confirmed_slow_align d=0.510,0,0,6.000,1,0.5200,0.5100,0.0441,0.8984,350,5,0.0000,0.0000,0.0000,0.0000,0.0000,等待台阶,1,0.0000,0.150,0.330
354.645,SEEK_ROUNDABOUT,40.524,0,1.264,0.0000,0.0000,none,,,,step_align_line_lost_stop/course_events_frozen,0.0000,0.0000,0,line_too_few_bands,0.0000,0.0000,0.0000,0.0000,0.0000,0,0,0.0000,0,0.2364,0.0000,0.0000,0.0000,0.0000,0.0000,IDLE,0,1,step_confirmed_slow_align d=0.520,0,0,6.000,1,0.5200,0.5200,0.0441,0.8972,354,5,0.0000,0.0000,0.0000,0.0000,0.0000,等待台阶,1,0.0000,0.150,0.330
354.805,SEEK_ROUNDABOUT,40.684,0,1.264,0.0000,0.0000,none,,,,step_align_line_lost_stop/course_events_frozen,0.0000,0.0000,0,line_too_few_bands,0.0000,0.0000,0.0000,0.0000,0.0000,0,0,0.0000,0,0.2407,0.0000,0.0000,0.0000,0.0000,0.0000,IDLE,0,1,step_confirmed_slow_align d=0.520,0,0,6.000,1,0.5100,0.5200,0.0434,0.8874,359,5,0.0000,0.0000,0.0000,0.0000,0.0000,等待台阶,1,0.0000,0.150,0.330
355.001,SEEK_ROUNDABOUT,40.881,0,1.264,0.0000,0.0000,none,,,,step_align_line_lost_stop/course_events_frozen,0.0000,0.0000,0,line_too_few_bands,0.0000,0.0000,0.0000,0.0000,0.0000,0,0,0.0000,0,0.2364,0.0000,0.0000,0.0000,0.0000,0.0000,IDLE,0,1,step_confirmed_slow_align d=0.520,0,0,6.000,1,0.5300,0.5200,0.0444,0.9003,365,5,0.0000,0.0000,0.0000,0.0000,0.0000,等待台阶,1,0.0000,0.150,0.330
355.177,SEEK_ROUNDABOUT,41.056,0,1.264,0.0000,0.0000,none,,,,step_align_line_lost_stop/course_events_frozen,0.0000,0.0000,0,line_too_few_bands,0.0000,0.0000,0.0000,0.0000,0.0000,0,0,0.0000,0,0.2450,0.0000,0.0000,0.0000,0.0000,0.0000,IDLE,0,1,step_confirmed_slow_align d=0.520,0,0,6.000,1,0.5300,0.5200,0.0442,0.8986,370,5,0.0000,0.0000,0.0000,0.0000,0.0000,等待台阶,1,0.0000,0.150,0.330
355.339,SEEK_ROUNDABOUT,41.218,0,1.264,0.0000,0.0000,none,,,,step_align_line_lost_stop/course_events_frozen,0.0000,0.0000,0,line_too_few_bands,0.0000,0.0000,0.0000,0.0000,0.0000,0,0,0.0000,0,0.2020,0.0000,0.0000,0.0000,0.0000,0.0000,IDLE,0,1,step_confirmed_slow_align d=0.530,0,0,6.000,1,0.5300,0.5300,0.0437,0.8923,374,5,0.0000,0.0000,0.0000,0.0000,0.0000,等待台阶,1,0.0000,0.150,0.330
355.500,SEEK_ROUNDABOUT,41.380,0,1.264,0.0000,0.0000,none,,,,step_align_line_lost_stop/course_events_frozen,0.0000,0.0000,0,line_too_few_bands,0.0000,0.0000,0.0000,0.0000,0.0000,0,0,0.0000,0,0.2407,0.0000,0.0000,0.0000,0.0000,0.0000,IDLE,0,1,step_confirmed_slow_align d=0.530,0,0,6.000,1,0.5300,0.5300,0.0446,0.9031,379,5,0.0000,0.0000,0.0000,0.0000,0.0000,等待台阶,1,0.0000,0.150,0.330
355.668,SEEK_ROUNDABOUT,41.547,0,1.264,0.0000,0.0000,none,,,,step_align_line_lost_stop/course_events_frozen,0.0000,0.0000,0,line_too_few_bands,0.0000,0.0000,0.0000,0.0000,0.0000,0,0,0.0000,0,0.2364,0.0000,0.0000,0.0000,0.0000,0.0000,IDLE,0,1,step_confirmed_slow_align d=0.530,0,0,6.000,1,0.5300,0.5300,0.0436,0.8894,383,5,0.0000,0.0000,0.0000,0.0000,0.0000,等待台阶,1,0.0000,0.150,0.330
355.801,SEEK_ROUNDABOUT,41.681,0,1.264,0.0000,0.0000,none,,,,step_align_line_lost_stop/course_events_frozen,0.0000,0.0000,0,line_too_few_bands,0.0000,0.0000,0.0000,0.0000,0.0000,0,0,0.0000,0,0.2579,0.0000,0.0000,0.0000,0.0000,0.0000,IDLE,0,1,step_confirmed_slow_align d=0.530,0,0,6.000,1,0.5300,0.5300,0.0444,0.9006,387,5,0.0000,0.0000,0.0000,0.0000,0.0000,等待台阶,1,0.0000,0.150,0.330
355.940,SEEK_ROUNDABOUT,41.820,0,1.264,0.0000,0.0000,none,,,,step_align_line_lost_stop/course_events_frozen,0.0000,0.0000,0,line_too_few_bands,0.0000,0.0000,0.0000,0.0000,0.0000,0,0,0.0000,0,0.2364,0.0000,0.0000,0.0000,0.0000,0.0000,IDLE,0,1,step_confirmed_slow_align d=0.530,0,0,6.000,1,0.5400,0.5300,0.0441,0.8957,391,5,0.0000,0.0000,0.0000,0.0000,0.0000,等待台阶,1,0.0000,0.150,0.330
356.117,SEEK_ROUNDABOUT,41.996,0,1.264,0.0000,0.0000,none,,,,step_align_line_lost_stop/course_events_frozen,0.0000,0.0000,0,line_too_few_bands,0.0000,0.0000,0.0000,0.0000,0.0000,0,0,0.0000,0,0.2407,0.0000,0.0000,0.0000,0.0000,0.0000,IDLE,0,1,step_confirmed_slow_align d=0.530,0,0,6.000,1,0.5500,0.5300,0.0443,0.8991,396,5,0.0000,0.0000,0.0000,0.0000,0.0000,等待台阶,1,0.0000,0.150,0.330
356.375,SEEK_ROUNDABOUT,42.255,0,1.264,0.0000,0.0000,none,,,,step_align_line_lost_stop/course_events_frozen,0.0000,0.0000,0,line_too_few_bands,0.0000,0.0000,0.0000,0.0000,0.0000,0,0,0.0000,0,0.2536,0.0000,0.0000,0.0000,0.0000,0.0000,IDLE,0,1,step_confirmed_slow_align d=0.530,0,0,6.000,1,0.5300,0.5300,0.0447,0.9045,404,5,0.0000,0.0000,0.0000,0.0000,0.0000,等待台阶,1,0.0000,0.150,0.330
