t,phase,phase_age,lap,seek_distance,roundabout_gate_score,roundabout_gate_evidence,roundabout_gate_source,first_roundabout_gate_seek,roundabout_gate_first_seen_seek,roundabout_approach_compensation,roundabout_entry_age,roundabout_entry_disp,mode,cmd_v,cmd_w,line_valid,line_reason,line_error,near_error,mid_error,far_error,line_confidence,valid_bands,crosswalk_detected,crosswalk_score,yellow_detected,yellow_score,near_mid_delta,mid_far_delta,near_far_delta,center_error,last_cmd_w,step_state,step_done_this_lap,step_waiting_alignment,step_align_reason,step_fixed_latched,step_reverse_active,step_candidate_evidence,step_detected,step_distance,step_filtered_distance,step_height,step_confidence,step_pose_valid,step_edge_angle_rad,step_lateral_offset_m,step_confirm_frames,step_required_frames,step_target_travel,step_commanded_traveled,step_odom_traveled,step_trigger_traveled,step_remaining,step_stop_reason,odom_fresh,yaw_error,jump_profile_min,jump_profile_max
7788.815,SEEK_ROUNDABOUT,0.993,0,0.000,0.0000,0.0000,none,,,0.000,,,camera_timeout,0.0000,0.0000,0,,nan,nan,nan,nan,0.0000,0,0,0.0000,0,0.0000,nan,nan,nan,nan,0.0000,IDLE,0,0,waiting_detection,0,0,0.000,0,nan,nan,nan,0.0000,0,nan,nan,0,5,0.0000,0.0000,0.0000,0.0000,0.0000,等待台阶,1,0.0000,0.150,0.330
7788.881,SEEK_ROUNDABOUT,1.059,0,0.000,0.0000,0.0000,none,,,0.000,,,camera_timeout,0.0000,0.0000,0,,nan,nan,nan,nan,0.0000,0,0,0.0000,0,0.0000,nan,nan,nan,nan,0.0000,IDLE,0,0,waiting_detection,0,0,0.000,0,nan,nan,nan,0.0000,0,nan,nan,0,5,0.0000,0.0000,0.0000,0.0000,0.0000,等待台阶,1,0.0000,0.150,0.330
7788.948,SEEK_ROUNDABOUT,1.126,0,0.000,0.0000,0.0000,none,,,0.000,,,camera_timeout,0.0000,0.0000,0,,nan,nan,nan,nan,0.0000,0,0,0.0000,0,0.0000,nan,nan,nan,nan,0.0000,IDLE,0,0,waiting_detection,0,0,0.000,0,nan,nan,nan,0.0000,0,nan,nan,0,5,0.0000,0.0000,0.0000,0.0000,0.0000,等待台阶,1,0.0000,0.150,0.330
7789.014,SEEK_ROUNDABOUT,1.192,0,0.000,0.0000,0.0000,none,,,0.000,,,camera_timeout,0.0000,0.0000,0,,nan,nan,nan,nan,0.0000,0,0,0.0000,0,0.0000,nan,nan,nan,nan,0.0000,IDLE,0,0,waiting_detection,0,0,0.000,0,nan,nan,nan,0.0000,0,nan,nan,0,5,0.0000,0.0000,0.0000,0.0000,0.0000,等待台阶,1,0.0000,0.150,0.330
7789.082,SEEK_ROUNDABOUT,1.260,0,0.000,0.0000,0.0000,none,,,0.000,,,camera_timeout,0.0000,0.0000,0,,nan,nan,nan,nan,0.0000,0,0,0.0000,0,0.0000,nan,nan,nan,nan,0.0000,IDLE,0,0,waiting_detection,0,0,0.000,0,nan,nan,nan,0.0000,0,nan,nan,0,5,0.0000,0.0000,0.0000,0.0000,0.0000,等待台阶,1,0.0000,0.150,0.330
7789.151,SEEK_ROUNDABOUT,1.329,0,0.000,0.0000,0.0000,none,,,0.000,,,camera_timeout,0.0000,0.0000,0,,nan,nan,nan,nan,0.0000,0,0,0.0000,0,0.0000,nan,nan,nan,nan,0.0000,IDLE,0,0,waiting_detection,0,0,0.000,0,nan,nan,nan,0.0000,0,nan,nan,0,5,0.0000,0.0000,0.0000,0.0000,0.0000,等待台阶,1,0.0000,0.150,0.330
7789.214,SEEK_ROUNDABOUT,1.393,0,0.000,0.0000,0.0000,none,,,0.000,,,camera_timeout,0.0000,0.0000,0,,nan,nan,nan,nan,0.0000,0,0,0.0000,0,0.0000,nan,nan,nan,nan,0.0000,IDLE,0,0,waiting_detection,0,0,0.000,0,nan,nan,nan,0.0000,0,nan,nan,0,5,0.0000,0.0000,0.0000,0.0000,0.0000,等待台阶,1,0.0000,0.150,0.330
7789.281,SEEK_ROUNDABOUT,1.459,0,0.000,0.0000,0.0000,none,,,0.000,,,camera_timeout,0.0000,0.0000,0,,nan,nan,nan,nan,0.0000,0,0,0.0000,0,0.0000,nan,nan,nan,nan,0.0000,IDLE,0,0,waiting_detection,0,0,0.000,0,nan,nan,nan,0.0000,0,nan,nan,0,5,0.0000,0.0000,0.0000,0.0000,0.0000,等待台阶,1,0.0000,0.150,0.330
7789.349,SEEK_ROUNDABOUT,1.527,0,0.000,0.0000,0.0000,none,,,0.000,,,camera_timeout,0.0000,0.0000,0,,nan,nan,nan,nan,0.0000,0,0,0.0000,0,0.0000,nan,nan,nan,nan,0.0000,IDLE,0,0,waiting_detection,0,0,0.000,0,nan,nan,nan,0.0000,0,nan,nan,0,5,0.0000,0.0000,0.0000,0.0000,0.0000,等待台阶,1,0.0000,0.150,0.330
7789.415,SEEK_ROUNDABOUT,1.593,0,0.000,0.0000,0.0000,none,,,0.000,,,camera_timeout,0.0000,0.0000,0,,nan,nan,nan,nan,0.0000,0,0,0.0000,0,0.0000,nan,nan,nan,nan,0.0000,IDLE,0,0,waiting_detection,0,0,0.000,0,nan,nan,nan,0.0000,0,nan,nan,0,5,0.0000,0.0000,0.0000,0.0000,0.0000,等待台阶,1,0.0000,0.150,0.330
7789.481,SEEK_ROUNDABOUT,1.659,0,0.000,0.0000,0.0000,none,,,0.000,,,camera_timeout,0.0000,0.0000,0,,nan,nan,nan,nan,0.0000,0,0,0.0000,0,0.0000,nan,nan,nan,nan,0.0000,IDLE,0,0,waiting_detection,0,0,0.000,0,nan,nan,nan,0.0000,0,nan,nan,0,5,0.0000,0.0000,0.0000,0.0000,0.0000,等待台阶,1,0.0000,0.150,0.330
7789.550,SEEK_ROUNDABOUT,1.728,0,0.000,0.0000,0.0000,none,,,0.000,,,camera_timeout,0.0000,0.0000,0,,nan,nan,nan,nan,0.0000,0,0,0.0000,0,0.0000,nan,nan,nan,nan,0.0000,IDLE,0,0,waiting_detection,0,0,0.000,0,nan,nan,nan,0.0000,0,nan,nan,0,5,0.0000,0.0000,0.0000,0.0000,0.0000,等待台阶,1,0.0000,0.150,0.330
7789.615,SEEK_ROUNDABOUT,1.793,0,0.000,0.0000,0.0000,none,,,0.000,,,camera_timeout,0.0000,0.0000,0,,nan,nan,nan,nan,0.0000,0,0,0.0000,0,0.0000,nan,nan,nan,nan,0.0000,IDLE,0,0,waiting_detection,0,0,0.000,0,nan,nan,nan,0.0000,0,nan,nan,0,5,0.0000,0.0000,0.0000,0.0000,0.0000,等待台阶,1,0.0000,0.150,0.330
7789.681,SEEK_ROUNDABOUT,1.860,0,0.000,0.0000,0.0000,none,,,0.000,,,camera_timeout,0.0000,0.0000,0,,nan,nan,nan,nan,0.0000,0,0,0.0000,0,0.0000,nan,nan,nan,nan,0.0000,IDLE,0,0,waiting_detection,0,0,0.000,0,nan,nan,nan,0.0000,0,nan,nan,0,5,0.0000,0.0000,0.0000,0.0000,0.0000,等待台阶,1,0.0000,0.150,0.330
7789.748,SEEK_ROUNDABOUT,1.926,0,0.000,0.0000,0.0000,none,,,0.000,,,camera_timeout,0.0000,0.0000,0,,nan,nan,nan,nan,0.0000,0,0,0.0000,0,0.0000,nan,nan,nan,nan,0.0000,IDLE,0,0,waiting_detection,0,0,0.000,0,nan,nan,nan,0.0000,0,nan,nan,0,5,0.0000,0.0000,0.0000,0.0000,0.0000,等待台阶,1,0.0000,0.150,0.330
7789.814,SEEK_ROUNDABOUT,1.993,0,0.000,0.0000,0.0000,none,,,0.000,,,camera_timeout,0.0000,0.0000,0,,nan,nan,nan,nan,0.0000,0,0,0.0000,0,0.0000,nan,nan,nan,nan,0.0000,IDLE,0,0,waiting_detection,0,0,0.000,0,nan,nan,nan,0.0000,0,nan,nan,0,5,0.0000,0.0000,0.0000,0.0000,0.0000,等待台阶,1,0.0000,0.150,0.330
7789.881,SEEK_ROUNDABOUT,2.059,0,0.000,0.0000,0.0000,none,,,0.000,,,camera_timeout,0.0000,0.0000,0,,nan,nan,nan,nan,0.0000,0,0,0.0000,0,0.0000,nan,nan,nan,nan,0.0000,IDLE,0,0,waiting_detection,0,0,0.000,0,nan,nan,nan,0.0000,0,nan,nan,0,5,0.0000,0.0000,0.0000,0.0000,0.0000,等待台阶,1,0.0000,0.150,0.330
7789.950,SEEK_ROUNDABOUT,2.128,0,0.000,0.0000,0.0000,none,,,0.000,,,camera_timeout,0.0000,0.0000,0,,nan,nan,nan,nan,0.0000,0,0,0.0000,0,0.0000,nan,nan,nan,nan,0.0000,IDLE,0,0,waiting_detection,0,0,0.000,0,nan,nan,nan,0.0000,0,nan,nan,0,5,0.0000,0.0000,0.0000,0.0000,0.0000,等待台阶,1,0.0000,0.150,0.330
7790.014,SEEK_ROUNDABOUT,2.193,0,0.000,0.0000,0.0000,none,,,0.000,,,camera_timeout,0.0000,0.0000,0,,nan,nan,nan,nan,0.0000,0,0,0.0000,0,0.0000,nan,nan,nan,nan,0.0000,IDLE,0,0,waiting_detection,0,0,0.000,0,nan,nan,nan,0.0000,0,nan,nan,0,5,0.0000,0.0000,0.0000,0.0000,0.0000,等待台阶,1,0.0000,0.150,0.330
7790.081,SEEK_ROUNDABOUT,2.259,0,0.000,0.0000,0.0000,none,,,0.000,,,camera_timeout,0.0000,0.0000,0,,nan,nan,nan,nan,0.0000,0,0,0.0000,0,0.0000,nan,nan,nan,nan,0.0000,IDLE,0,0,waiting_detection,0,0,0.000,0,nan,nan,nan,0.0000,0,nan,nan,0,5,0.0000,0.0000,0.0000,0.0000,0.0000,等待台阶,1,0.0000,0.150,0.330
7790.151,SEEK_ROUNDABOUT,2.329,0,0.000,0.0000,0.0000,none,,,0.000,,,camera_timeout,0.0000,0.0000,0,,nan,nan,nan,nan,0.0000,0,0,0.0000,0,0.0000,nan,nan,nan,nan,0.0000,IDLE,0,0,waiting_detection,0,0,0.000,0,nan,nan,nan,0.0000,0,nan,nan,0,5,0.0000,0.0000,0.0000,0.0000,0.0000,等待台阶,1,0.0000,0.150,0.330
7790.215,SEEK_ROUNDABOUT,2.393,0,0.000,0.0000,0.0000,none,,,0.000,,,camera_timeout,0.0000,0.0000,0,,nan,nan,nan,nan,0.0000,0,0,0.0000,0,0.0000,nan,nan,nan,nan,0.0000,IDLE,0,0,waiting_detection,0,0,0.000,0,nan,nan,nan,0.0000,0,nan,nan,0,5,0.0000,0.0000,0.0000,0.0000,0.0000,等待台阶,1,0.0000,0.150,0.330
7790.281,SEEK_ROUNDABOUT,0.000,0,0.000,0.0000,0.0000,none,,,0.000,,,tracking,0.0507,-0.0844,1,line_curve_center_riding,0.0781,0.0806,0.0391,-0.1746,0.9609,8,0,0.0000,0,0.0000,0.0415,0.2137,0.2552,-0.0183,-0.0844,IDLE,0,0,step_zone_before_min seek=0.00<1.25,0,0,0.000,0,nan,nan,nan,0.0000,0,nan,nan,0,5,0.0000,0.0000,0.0000,0.0000,0.0000,等待台阶,1,0.0000,0.150,0.330
7790.417,SEEK_ROUNDABOUT,0.136,0,0.000,0.0000,0.0000,none,,,0.000,,,tracking,0.1013,-0.0805,1,line_curve_center_riding,0.0715,0.0740,0.0318,-0.1714,0.9631,8,0,0.0000,0,0.0000,0.0422,0.2033,0.2454,-0.0219,-0.0805,IDLE,0,0,step_zone_before_min seek=0.00<1.25,0,0,0.000,0,nan,nan,nan,0.0000,0,nan,nan,0,5,0.0000,0.0000,0.0000,0.0000,0.0000,等待台阶,1,0.0000,0.150,0.330
7790.492,SEEK_ROUNDABOUT,0.211,0,0.000,0.0000,0.0000,none,,,0.000,,,tracking,0.1298,-0.0880,1,line_curve_center_riding,0.0862,0.0888,0.0451,-0.1834,0.9579,8,0,0.0000,0,0.0000,0.0437,0.2285,0.2722,-0.0165,-0.0880,IDLE,0,0,step_zone_before_min seek=0.00<1.25,0,0,0.000,0,nan,nan,nan,0.0000,0,nan,nan,0,5,0.0000,0.0000,0.0000,0.0000,0.0000,等待台阶,1,0.0000,0.150,0.330
7790.581,SEEK_ROUNDABOUT,0.300,0,0.000,0.0000,0.0000,none,,,0.000,,,tracking,0.1637,-0.0821,1,line_curve_center_riding,0.0728,0.0754,0.0314,-0.1826,0.9611,8,0,0.0000,0,0.0000,0.0440,0.2139,0.2580,-0.0253,-0.0821,IDLE,0,0,step_zone_before_min seek=0.00<1.25,0,0,0.000,0,nan,nan,nan,0.0000,0,nan,nan,0,5,0.0000,0.0000,0.0000,0.0000,0.0000,等待台阶,1,0.0000,0.150,0.330
7790.687,SEEK_ROUNDABOUT,0.405,0,0.000,0.0000,0.0000,none,,,0.000,,,tracking,0.1700,-0.0852,1,line_curve_center_riding,0.0807,0.0833,0.0396,-0.1909,0.9575,8,0,0.0000,0,0.0000,0.0437,0.2305,0.2742,-0.0227,-0.0852,IDLE,0,0,step_zone_before_min seek=0.00<1.25,0,0,0.000,0,nan,nan,nan,0.0000,0,nan,nan,0,5,0.0000,0.0000,0.0000,0.0000,0.0000,等待台阶,1,0.0000,0.150,0.330
7791.008,SEEK_ROUNDABOUT,0.727,0,0.003,0.0000,0.0000,none,,,0.000,,,tracking,0.1700,-0.0556,1,line_curve_center_riding,0.0250,0.0281,-0.0238,-0.2156,0.9607,8,0,0.0000,0,0.0000,0.0519,0.1918,0.2436,-0.0704,-0.0556,IDLE,0,0,step_zone_before_min seek=0.00<1.25,0,0,0.000,0,nan,nan,nan,0.0000,0,nan,nan,0,5,0.0000,0.0000,0.0000,0.0000,0.0000,等待台阶,1,0.0000,0.150,0.330
7791.211,SEEK_ROUNDABOUT,0.930,0,0.008,0.0000,0.0000,none,,,0.000,,,tracking,0.2207,0.0128,1,line_center_tracking,-0.0717,-0.0574,-0.1083,-0.2114,0.8943,7,0,0.0000,0,0.0000,0.0508,0.1031,0.1540,-0.1257,0.0128,IDLE,0,0,step_zone_before_min seek=0.00<1.25,0,0,0.000,0,nan,nan,nan,0.0000,0,nan,nan,0,5,0.0000,0.0000,0.0000,0.0000,0.0000,等待台阶,1,0.0000,0.150,0.330
7791.374,SEEK_ROUNDABOUT,1.093,0,0.009,0.0000,0.0000,none,,,0.000,,,tracking,0.1700,0.0361,1,line_curve_center_riding,-0.0570,-0.0543,-0.1003,-0.2577,0.9700,8,0,0.0000,0,0.0000,0.0460,0.1575,0.2035,-0.1374,0.0361,IDLE,0,0,step_zone_before_min seek=0.01<1.25,0,0,0.000,0,nan,nan,nan,0.0000,0,nan,nan,0,5,0.0000,0.0000,0.0000,0.0000,0.0000,等待台阶,1,0.0000,0.150,0.330
7791.541,SEEK_ROUNDABOUT,1.260,0,0.016,0.0000,0.0000,none,,,0.000,,,tracking,0.2207,0.0737,1,line_center_tracking,-0.1016,-0.0868,-0.1395,-0.2631,0.8916,7,0,0.0000,0,0.0000,0.0527,0.1236,0.1762,-0.1632,0.0737,IDLE,0,0,step_zone_before_min seek=0.01<1.25,0,0,0.000,0,nan,nan,nan,0.0000,0,nan,nan,0,5,0.0000,0.0000,0.0000,0.0000,0.0000,等待台阶,1,0.0000,0.150,0.330
7791.702,SEEK_ROUNDABOUT,1.420,0,0.031,0.0000,0.0000,none,,,0.000,,,tracking,0.2263,0.0921,1,line_center_tracking,-0.1033,-0.0891,-0.1400,-0.2636,0.8924,7,0,0.0000,0,0.0000,0.0509,0.1237,0.1746,-0.1642,0.0921,IDLE,0,0,step_zone_before_min seek=0.02<1.25,0,0,0.000,0,nan,nan,nan,0.0000,0,nan,nan,0,5,0.0000,0.0000,0.0000,0.0000,0.0000,等待台阶,1,0.0000,0.150,0.330
7791.866,SEEK_ROUNDABOUT,1.584,0,0.051,0.0000,0.0000,none,,,0.000,,,tracking,0.1757,0.0491,1,line_curve_center_riding,-0.0117,-0.0089,-0.0571,-0.2878,0.9567,8,0,0.0000,0,0.0000,0.0482,0.2307,0.2789,-0.1179,0.0491,IDLE,0,0,step_zone_before_min seek=0.03<1.25,0,0,0.000,0,nan,nan,nan,0.0000,0,nan,nan,0,5,0.0000,0.0000,0.0000,0.0000,0.0000,等待台阶,1,0.0000,0.150,0.330
7792.024,SEEK_ROUNDABOUT,1.743,0,0.080,0.0000,0.0000,none,,,0.000,,,tracking,0.1700,0.0122,1,line_curve_center_riding,0.0220,0.0254,-0.0319,-0.2946,0.9538,8,0,0.0000,0,0.0000,0.0574,0.2627,0.3200,-0.1004,0.0122,IDLE,0,0,step_zone_before_min seek=0.05<1.25,0,0,0.000,0,nan,nan,nan,0.0000,0,nan,nan,0,5,0.0000,0.0000,0.0000,0.0000,0.0000,等待台阶,1,0.0000,0.150,0.330
7792.186,SEEK_ROUNDABOUT,1.904,0,0.109,0.0000,0.0000,none,,,0.000,,,tracking,0.1700,0.0136,1,line_curve_center_riding,-0.0106,-0.0070,-0.0675,-0.2846,0.8834,7,0,0.0000,0,0.0000,0.0605,0.2171,0.2776,-0.1197,0.0136,IDLE,0,0,step_zone_before_min seek=0.08<1.25,0,0,0.000,0,nan,nan,nan,0.0000,0,nan,nan,0,5,0.0000,0.0000,0.0000,0.0000,0.0000,等待台阶,1,0.0000,0.150,0.330
7792.346,SEEK_ROUNDABOUT,2.064,0,0.145,0.0000,0.0000,none,,,0.000,,,tracking,0.1700,0.0165,1,line_curve_center_riding,-0.0175,-0.0109,-0.1216,-0.2766,0.7927,6,0,0.0000,0,0.0000,0.1108,0.1550,0.2657,-0.1364,0.0165,IDLE,0,0,step_zone_before_min seek=0.11<1.25,0,0,0.000,0,nan,nan,nan,0.0000,0,nan,nan,0,5,0.0000,0.0000,0.0000,0.0000,0.0000,等待台阶,1,0.0000,0.150,0.330
7792.490,SEEK_ROUNDABOUT,2.209,0,0.197,0.0000,0.0000,none,,,0.000,,,tracking,0.1700,0.0069,1,line_curve_center_riding,0.0012,0.0102,-0.1403,-0.3050,0.7856,6,0,0.0000,0,0.0000,0.1506,0.1647,0.3152,-0.1450,0.0069,IDLE,0,0,step_zone_before_min seek=0.14<1.25,0,0,0.000,0,nan,nan,nan,0.0000,0,nan,nan,0,5,0.0000,0.0000,0.0000,0.0000,0.0000,等待台阶,1,0.0000,0.150,0.330
7792.631,SEEK_ROUNDABOUT,2.350,0,0.248,0.0000,0.0000,none,,,0.000,,,tracking,0.1700,-0.0104,1,line_curve_center_riding,0.0242,0.0360,-0.1592,-0.3389,0.7758,6,0,0.0000,0,0.0000,0.1952,0.1797,0.3749,-0.1541,-0.0104,IDLE,0,0,step_zone_before_min seek=0.20<1.25,0,0,0.000,0,nan,nan,nan,0.0000,0,nan,nan,0,5,0.0000,0.0000,0.0000,0.0000,0.0000,等待台阶,1,0.0000,0.150,0.330
7792.772,SEEK_ROUNDABOUT,2.490,0,0.300,0.0000,0.0000,none,,,0.000,,,tracking,0.1700,0.0215,1,line_curve_center_riding,-0.0439,-0.0302,-0.2581,-0.3173,0.5898,4,0,0.0000,0,0.0000,0.2278,0.0592,0.2871,-0.2018,0.0215,IDLE,0,0,step_zone_before_min seek=0.25<1.25,0,0,0.000,0,nan,nan,nan,0.0000,0,nan,nan,0,5,0.0000,0.0000,0.0000,0.0000,0.0000,等待台阶,1,0.0000,0.150,0.330
7792.913,SEEK_ROUNDABOUT,2.632,0,0.347,0.0000,0.0000,none,,,0.000,,,tracking,0.1450,0.0315,1,line_curve_center_riding,-0.0397,-0.0226,-0.3069,-0.3661,0.6779,5,0,0.0000,0,0.0000,0.2843,0.0592,0.3435,-0.2319,0.0315,IDLE,0,0,step_zone_before_min seek=0.30<1.25,0,0,0.000,0,nan,nan,nan,0.0000,0,nan,nan,0,5,0.0000,0.0000,0.0000,0.0000,0.0000,等待台阶,1,0.0000,0.150,0.330
7793.049,SEEK_ROUNDABOUT,2.768,0,0.391,0.0000,0.0000,none,,,0.000,,,tracking,0.1450,0.0689,1,line_curve_center_riding,-0.0945,-0.0746,-0.4070,-0.4870,0.5644,4,0,0.0000,0,0.0000,0.3324,0.0800,0.4125,-0.3229,0.0689,IDLE,0,0,step_zone_before_min seek=0.35<1.25,0,0,0.000,0,nan,nan,nan,0.0000,0,nan,nan,0,5,0.0000,0.0000,0.0000,0.0000,0.0000,等待台阶,1,0.0000,0.150,0.330
7793.198,SEEK_ROUNDABOUT,2.917,0,0.436,0.0000,0.0000,none,,,0.000,,,tracking,0.1450,0.1069,1,line_curve_center_riding,-0.1332,-0.1053,-0.5706,-0.6419,0.6431,5,0,0.0000,0,0.0000,0.4653,0.0713,0.5366,-0.4393,0.1069,IDLE,0,0,step_zone_before_min seek=0.39<1.25,0,0,0.000,0,nan,nan,nan,0.0000,0,nan,nan,0,5,0.0000,0.0000,0.0000,0.0000,0.0000,等待台阶,1,0.0000,0.150,0.330
7793.339,SEEK_ROUNDABOUT,3.057,0,0.478,0.0000,0.0000,none,,,0.000,,,tracking,0.1450,0.1733,1,line_curve_center_riding,-0.2168,-0.1943,-0.5697,-0.5697,0.5551,4,0,0.0000,0,0.0086,0.3754,0.0000,0.3754,-0.4446,0.1733,IDLE,0,0,step_zone_before_min seek=0.44<1.25,0,0,0.000,0,nan,nan,nan,0.0000,0,nan,nan,0,5,0.0000,0.0000,0.0000,0.0000,0.0000,等待台阶,1,0.0000,0.150,0.330
7793.475,SEEK_ROUNDABOUT,3.194,0,0.514,0.0000,0.0000,none,,,0.000,,,tracking,0.1700,0.2900,1,line_curve_center_riding,-0.3671,-0.3560,-0.5405,-0.5405,0.3807,2,0,0.0000,0,0.0086,0.1845,0.0000,0.1845,-0.4790,0.2900,IDLE,0,0,step_zone_before_min seek=0.48<1.25,0,0,0.000,0,nan,nan,nan,0.0000,0,nan,nan,0,5,0.0000,0.0000,0.0000,0.0000,0.0000,等待台阶,1,0.0000,0.150,0.330
7793.609,SEEK_ROUNDABOUT,3.327,0,0.558,0.0000,0.0000,none,,,0.000,,,big_turn_blind_recovery,0.1194,0.3400,0,line_too_few_bands,0.0000,0.0000,0.0000,0.0000,0.0000,0,0,0.0000,0,0.0086,0.0000,0.0000,0.0000,0.0000,0.3400,IDLE,0,0,step_zone_before_min seek=0.51<1.25,0,0,0.000,0,nan,nan,nan,0.0000,0,nan,nan,0,5,0.0000,0.0000,0.0000,0.0000,0.0000,等待台阶,1,0.0000,0.150,0.330
7793.751,SEEK_ROUNDABOUT,3.469,0,0.589,0.0000,0.0000,none,,,0.000,,,tracking,0.1118,0.5375,1,line_center_tracking,-0.4977,-0.4918,-0.5129,-0.5129,0.4158,2,0,0.0000,0,0.0301,0.0211,0.0000,0.0211,-0.5058,0.5375,IDLE,0,0,step_zone_before_min seek=0.56<1.25,0,0,0.000,0,nan,nan,nan,0.0000,0,nan,nan,0,5,0.0000,0.0000,0.0000,0.0000,0.0000,等待台阶,1,0.0000,0.150,0.330
7793.883,SEEK_ROUNDABOUT,3.602,0,0.621,0.0000,0.0000,none,,,0.000,,,big_turn_blind_recovery,0.0750,0.4569,0,line_too_few_bands,0.0000,0.0000,0.0000,0.0000,0.0000,1,0,0.0000,0,0.1246,0.0000,0.0000,0.0000,0.0000,0.4569,IDLE,0,0,step_zone_before_min seek=0.59<1.25,0,0,0.000,0,nan,nan,nan,0.0000,0,nan,nan,0,5,0.0000,0.0000,0.0000,0.0000,0.0000,等待台阶,1,0.0000,0.150,0.330
7794.020,SEEK_ROUNDABOUT,3.739,0,0.621,0.0000,0.0000,none,,,0.000,,,tracking,0.1257,0.3544,1,line_curve_center_riding,-0.3281,-0.3077,-0.6479,-0.6479,0.2999,2,0,0.0000,0,0.2321,0.3402,0.0000,0.3402,-0.5345,0.3544,IDLE,0,0,step_zone_before_min seek=0.62<1.25,0,0,0.000,0,nan,nan,nan,0.0000,0,nan,nan,0,5,0.0000,0.0000,0.0000,0.0000,0.0000,等待台阶,1,0.0000,0.150,0.330
7794.150,SEEK_ROUNDABOUT,3.868,0,0.653,0.0000,0.0000,none,,,0.000,,,tracking,0.1450,0.3136,1,line_curve_center_riding,-0.2584,-0.2368,-0.5969,-0.5969,0.2897,2,0,0.0000,0,0.2407,0.3601,0.0000,0.3601,-0.4769,0.3136,IDLE,0,0,step_zone_before_min seek=0.62<1.25,0,0,0.000,0,nan,nan,nan,0.0000,0,nan,nan,0,5,0.0000,0.0000,0.0000,0.0000,0.0000,等待台阶,1,0.0000,0.150,0.330
7794.280,SEEK_ROUNDABOUT,3.998,0,0.676,0.0000,0.0000,none,,,0.000,,,big_turn_blind_recovery,0.0957,0.3400,0,line_too_few_bands,0.0000,0.0000,0.0000,0.0000,0.0000,1,0,0.0000,0,0.3266,0.0000,0.0000,0.0000,0.0000,0.3400,IDLE,0,0,step_zone_before_min seek=0.65<1.25,0,0,0.000,0,nan,nan,nan,0.0000,0,nan,nan,0,5,0.0000,0.0000,0.0000,0.0000,0.0000,等待台阶,1,0.0000,0.150,0.330
7794.417,SEEK_ROUNDABOUT,4.136,0,0.698,0.0000,0.0000,none,,,0.000,,,tracking,0.1450,0.1702,1,line_curve_center_riding,-0.1576,-0.1349,-0.5125,-0.5125,0.4287,3,0,0.0000,1,0.5395,0.3776,0.0000,0.3776,-0.3867,0.1702,IDLE,0,0,step_zone_before_min seek=0.68<1.25,0,0,0.000,0,nan,nan,nan,0.0000,0,nan,nan,0,5,0.0000,0.0000,0.0000,0.0000,0.0000,等待台阶,1,0.0000,0.150,0.330
7794.553,SEEK_ROUNDABOUT,4.272,0,0.718,0.0000,0.0000,none,,,0.000,,,tracking,0.1700,0.2006,1,line_curve_center_riding,-0.2099,-0.1987,-0.3849,-0.3849,0.3307,2,0,0.0000,0,0.3524,0.1862,0.0000,0.1862,-0.3229,0.2006,IDLE,0,0,step_zone_before_min seek=0.70<1.25,0,0,0.000,0,nan,nan,nan,0.0000,0,nan,nan,0,5,0.0000,0.0000,0.0000,0.0000,0.0000,等待台阶,1,0.0000,0.150,0.330
7794.683,SEEK_ROUNDABOUT,4.402,0,0.733,0.0000,0.0000,none,,,0.000,,,tracking,0.1450,0.1625,1,line_curve_center_riding,-0.1232,-0.0986,-0.5086,-0.5086,0.4189,3,0,0.0000,0,0.4090,0.4100,0.0000,0.4100,-0.3719,0.1625,IDLE,0,0,step_zone_before_min seek=0.72<1.25,0,0,0.000,0,nan,nan,nan,0.0000,0,nan,nan,0,5,0.0000,0.0000,0.0000,0.0000,0.0000,等待台阶,1,0.0000,0.150,0.330
7794.821,SEEK_ROUNDABOUT,4.539,0,0.744,0.0000,0.0000,none,,,0.000,,,tracking,0.1450,0.1356,1,line_curve_center_riding,-0.1010,-0.0756,-0.4980,-0.4980,0.4145,3,0,0.0000,0,0.2020,0.4223,0.0000,0.4223,-0.3572,0.1356,IDLE,0,0,step_zone_before_min seek=0.73<1.25,0,0,0.000,0,nan,nan,nan,0.0000,0,nan,nan,0,5,0.0000,0.0000,0.0000,0.0000,0.0000,等待台阶,1,0.0000,0.150,0.330
7794.959,SEEK_ROUNDABOUT,4.678,0,0.756,0.0000,0.0000,none,,,0.000,,,tracking,0.1700,0.1472,1,line_curve_center_riding,-0.1428,-0.1322,-0.3093,-0.3093,0.3377,2,0,0.0000,0,0.0731,0.1772,0.0000,0.1772,-0.2503,0.1472,IDLE,0,0,step_zone_before_min seek=0.74<1.25,0,0,0.000,0,nan,nan,nan,0.0000,0,nan,nan,0,5,0.0000,0.0000,0.0000,0.0000,0.0000,等待台阶,1,0.0000,0.150,0.330
7795.089,SEEK_ROUNDABOUT,4.808,0,0.764,0.0000,0.0000,none,,,0.000,,,tracking,0.1450,0.0811,1,line_curve_center_riding,-0.0240,-0.0002,-0.3957,-0.3957,0.4237,3,0,0.0000,0,0.0516,0.3955,0.0000,0.3955,-0.2639,0.0811,IDLE,0,0,step_zone_before_min seek=0.76<1.25,0,0,0.000,0,nan,nan,nan,0.0000,0,nan,nan,0,5,0.0000,0.0000,0.0000,0.0000,0.0000,等待台阶,1,0.0000,0.150,0.330
7795.220,SEEK_ROUNDABOUT,4.938,0,0.769,0.0000,0.0000,none,,,0.000,,,tracking,0.1700,0.1172,1,line_curve_center_riding,-0.1311,-0.1214,-0.2825,-0.2825,0.3502,2,0,0.0000,0,0.0860,0.1611,0.0000,0.1611,-0.2288,0.1172,IDLE,0,0,step_zone_before_min seek=0.76<1.25,0,0,0.000,0,nan,nan,nan,0.0000,0,nan,nan,0,5,0.0000,0.0000,0.0000,0.0000,0.0000,等待台阶,1,0.0000,0.150,0.330
7795.359,SEEK_ROUNDABOUT,5.078,0,0.774,0.0000,0.0000,none,,,0.000,,,tracking,0.1450,0.0566,1,line_curve_center_riding,-0.0066,0.0144,-0.3367,-0.3367,0.4390,3,0,0.0000,0,0.0258,0.3511,0.0000,0.3511,-0.2196,0.0566,IDLE,0,0,step_zone_before_min seek=0.77<1.25,0,0,0.000,0,nan,nan,nan,0.0000,0,nan,nan,0,5,0.0000,0.0000,0.0000,0.0000,0.0000,等待台阶,1,0.0000,0.150,0.330
7795.495,SEEK_ROUNDABOUT,5.213,0,0.777,0.0000,0.0000,none,,,0.000,,,tracking,0.1450,0.0148,1,line_curve_center_riding,0.0243,0.0445,-0.2920,-0.2920,0.4438,3,0,0.0000,0,0.0043,0.3365,0.0000,0.3365,-0.1798,0.0148,IDLE,0,0,step_zone_before_min seek=0.77<1.25,0,0,0.000,0,nan,nan,nan,0.0000,0,nan,nan,0,5,0.0000,0.0000,0.0000,0.0000,0.0000,等待台阶,1,0.0000,0.150,0.330
7795.626,SEEK_ROUNDABOUT,5.344,0,0.778,0.0000,0.0000,none,,,0.000,,,tracking,0.1700,0.0683,1,line_curve_center_riding,-0.1012,-0.0924,-0.2395,-0.2395,0.3611,2,0,0.0000,0,0.0043,0.1471,0.0000,0.1471,-0.1905,0.0683,IDLE,0,0,step_zone_before_min seek=0.78<1.25,0,0,0.000,0,nan,nan,nan,0.0000,0,nan,nan,0,5,0.0000,0.0000,0.0000,0.0000,0.0000,等待台阶,1,0.0000,0.150,0.330
7795.760,SEEK_ROUNDABOUT,5.479,0,0.782,0.0000,0.0000,none,,,0.000,,,tracking,0.1450,0.0003,1,line_recenter_transition,0.0492,0.0602,-0.4901,-0.5907,0.6210,5,0,0.0000,0,0.0043,0.5502,0.1006,0.6509,-0.3402,0.0003,IDLE,0,0,step_zone_before_min seek=0.78<1.25,0,0,0.000,0,nan,nan,nan,0.0000,0,nan,nan,0,5,0.0000,0.0000,0.0000,0.0000,0.0000,等待台阶,1,0.0000,0.150,0.330
7795.897,SEEK_ROUNDABOUT,5.616,0,0.786,0.0000,0.0000,none,,,0.000,,,tracking,0.1450,-0.0315,1,line_recenter_transition,0.0598,0.0672,-0.3021,-0.3021,0.5578,4,0,0.0000,0,0.0043,0.3693,0.0000,0.3693,-0.1790,-0.0315,IDLE,0,0,step_zone_before_min seek=0.78<1.25,0,0,0.000,0,nan,nan,nan,0.0000,0,nan,nan,0,5,0.0000,0.0000,0.0000,0.0000,0.0000,等待台阶,1,0.0000,0.150,0.330
7796.073,SEEK_ROUNDABOUT,5.792,0,0.799,0.0000,0.0000,none,,,0.000,,,tracking,0.1450,-0.0000,1,line_curve_center_riding,-0.0227,0.0110,-0.5521,-0.6721,0.6156,5,0,0.0000,0,0.0043,0.5631,0.1200,0.6831,-0.4044,-0.0000,IDLE,0,0,step_zone_before_min seek=0.79<1.25,0,0,0.000,0,nan,nan,nan,0.0000,0,nan,nan,0,5,0.0000,0.0000,0.0000,0.0000,0.0000,等待台阶,1,0.0000,0.150,0.330
7796.214,SEEK_ROUNDABOUT,5.933,0,0.810,0.0000,0.0000,none,,,0.000,,,tracking,0.1700,0.0861,1,line_curve_center_riding,-0.1504,-0.1384,-0.3392,-0.3392,0.4669,3,0,0.0000,0,0.0086,0.2008,0.0000,0.2008,-0.2722,0.0861,IDLE,0,0,step_zone_before_min seek=0.80<1.25,0,0,0.000,0,nan,nan,nan,0.0000,0,nan,nan,0,5,0.0000,0.0000,0.0000,0.0000,0.0000,等待台阶,1,0.0000,0.150,0.330
7796.354,SEEK_ROUNDABOUT,6.073,0,0.823,0.0000,0.0000,none,,,0.000,,,tracking,0.1450,0.1008,1,line_curve_center_riding,-0.1126,-0.0877,-0.5027,-0.5027,0.5456,4,0,0.0000,0,0.0129,0.4151,0.0000,0.4151,-0.3644,0.1008,IDLE,0,0,step_zone_before_min seek=0.81<1.25,0,0,0.000,0,nan,nan,nan,0.0000,0,nan,nan,0,5,0.0000,0.0000,0.0000,0.0000,0.0000,等待台阶,1,0.0000,0.150,0.330
7796.517,SEEK_ROUNDABOUT,6.235,0,0.845,0.0000,0.0000,none,,,0.000,,,tracking,0.1450,0.1453,1,line_curve_center_riding,-0.1732,-0.1429,-0.6478,-0.6478,0.5280,4,0,0.0000,0,0.0000,0.5049,0.0000,0.5049,-0.4795,0.1453,IDLE,0,0,step_zone_before_min seek=0.82<1.25,0,0,0.000,0,nan,nan,nan,0.0000,0,nan,nan,0,5,0.0000,0.0000,0.0000,0.0000,0.0000,等待台阶,1,0.0000,0.150,0.330
7796.650,SEEK_ROUNDABOUT,6.369,0,0.863,0.0000,0.0000,none,,,0.000,,,tracking,0.1700,0.2562,1,line_curve_center_riding,-0.3283,-0.3151,-0.5346,-0.5346,0.4539,3,0,0.0000,0,0.0000,0.2194,0.0000,0.2194,-0.4614,0.2562,IDLE,0,0,step_zone_before_min seek=0.85<1.25,0,0,0.000,0,nan,nan,nan,0.0000,0,nan,nan,0,5,0.0000,0.0000,0.0000,0.0000,0.0000,等待台阶,1,0.0000,0.150,0.330
7796.788,SEEK_ROUNDABOUT,6.506,0,0.884,0.0000,0.0000,none,,,0.000,,,tracking,0.1532,0.3763,1,line_center_tracking,-0.4539,-0.4413,-0.4861,-0.4861,0.3490,2,0,0.0000,0,0.0000,0.0448,0.0000,0.0448,-0.4712,0.3763,IDLE,0,0,step_zone_before_min seek=0.86<1.25,0,0,0.000,0,nan,nan,nan,0.0000,0,nan,nan,0,5,0.0000,0.0000,0.0000,0.0000,0.0000,等待台阶,1,0.0000,0.150,0.330
7796.932,SEEK_ROUNDABOUT,6.651,0,0.910,0.0000,0.0000,none,,,0.000,,,big_turn_blind_recovery,0.1026,0.3400,0,line_too_few_bands,0.0000,0.0000,0.0000,0.0000,0.0000,0,0,0.0000,0,0.0129,0.0000,0.0000,0.0000,0.0000,0.3400,IDLE,0,0,step_zone_before_min seek=0.88<1.25,0,0,0.000,0,nan,nan,nan,0.0000,0,nan,nan,0,5,0.0000,0.0000,0.0000,0.0000,0.0000,等待台阶,1,0.0000,0.150,0.330
7797.058,SEEK_ROUNDABOUT,6.777,0,0.937,0.0000,0.0000,none,,,0.000,,,big_turn_blind_recovery,0.0750,0.3400,0,line_too_few_bands,0.0000,0.0000,0.0000,0.0000,0.0000,0,0,0.0000,0,0.0086,0.0000,0.0000,0.0000,0.0000,0.3400,IDLE,0,0,step_zone_before_min seek=0.91<1.25,0,0,0.000,0,nan,nan,nan,0.0000,0,nan,nan,0,5,0.0000,0.0000,0.0000,0.0000,0.0000,等待台阶,1,0.0000,0.150,0.330
7797.182,SEEK_ROUNDABOUT,6.901,0,0.937,0.0000,0.0000,none,,,0.000,,,big_turn_blind_recovery,0.0750,0.3400,0,line_too_few_bands,0.0000,0.0000,0.0000,0.0000,0.0000,0,0,0.0000,0,0.0258,0.0000,0.0000,0.0000,0.0000,0.3400,IDLE,0,0,step_zone_before_min seek=0.94<1.25,0,0,0.000,0,nan,nan,nan,0.0000,0,nan,nan,0,5,0.0000,0.0000,0.0000,0.0000,0.0000,等待台阶,1,0.0000,0.150,0.330
7797.309,SEEK_ROUNDABOUT,7.028,0,0.937,0.0000,0.0000,none,,,0.000,,,big_turn_blind_recovery,0.0750,0.3400,0,line_too_few_bands,0.0000,0.0000,0.0000,0.0000,0.0000,0,0,0.0000,0,0.0129,0.0000,0.0000,0.0000,0.0000,0.3400,IDLE,0,0,step_zone_before_min seek=0.94<1.25,0,0,0.000,0,nan,nan,nan,0.0000,0,nan,nan,0,5,0.0000,0.0000,0.0000,0.0000,0.0000,等待台阶,1,0.0000,0.150,0.330
7797.445,SEEK_ROUNDABOUT,7.163,0,0.937,0.0000,0.0000,none,,,0.000,,,big_turn_blind_recovery,0.0750,0.3400,0,line_too_few_bands,0.0000,0.0000,0.0000,0.0000,0.0000,0,0,0.0000,0,0.0645,0.0000,0.0000,0.0000,0.0000,0.3400,IDLE,0,0,step_zone_before_min seek=0.94<1.25,0,0,0.000,0,nan,nan,nan,0.0000,0,nan,nan,0,5,0.0000,0.0000,0.0000,0.0000,0.0000,等待台阶,1,0.0000,0.150,0.330
7797.576,SEEK_ROUNDABOUT,7.294,0,0.937,0.0000,0.0000,none,,,0.000,,,tracking,0.1247,0.4126,1,line_curve_center_riding,-0.3821,-0.3627,-0.6846,-0.6846,0.5596,4,0,0.0000,0,0.1762,0.3219,0.0000,0.3219,-0.5773,0.4126,IDLE,0,0,step_zone_before_min seek=0.94<1.25,0,0,0.000,0,nan,nan,nan,0.0000,0,nan,nan,0,5,0.0000,0.0000,0.0000,0.0000,0.0000,等待台阶,1,0.0000,0.150,0.330
7797.722,SEEK_ROUNDABOUT,7.440,0,0.972,0.0000,0.0000,none,,,0.000,,,tracking,0.0850,0.4200,1,line_edge_single_rescue,-0.7035,-0.7035,-0.7035,-0.7035,0.3100,1,0,0.0000,0,0.1934,0.0000,0.0000,0.0000,-0.7035,0.4200,IDLE,0,0,step_zone_before_min seek=0.94<1.25,0,0,0.000,0,nan,nan,nan,0.0000,0,nan,nan,0,5,0.0000,0.0000,0.0000,0.0000,0.0000,等待台阶,1,0.0000,0.150,0.330
7797.857,SEEK_ROUNDABOUT,7.575,0,0.997,0.0000,0.0000,none,,,0.000,,,tracking,0.1311,0.4625,1,line_curve_center_riding,-0.3358,-0.3164,-0.6409,-0.6729,0.6666,5,0,0.0000,0,0.3223,0.3246,0.0320,0.3565,-0.5434,0.4625,IDLE,0,0,step_zone_before_min seek=0.97<1.25,0,0,0.000,0,nan,nan,nan,0.0000,0,nan,nan,0,5,0.0000,0.0000,0.0000,0.0000,0.0000,等待台阶,1,0.0000,0.150,0.330
7798.002,SEEK_ROUNDABOUT,7.720,0,1.017,0.0000,0.0000,none,,,0.000,,,tracking,0.1458,0.4051,1,line_curve_center_riding,-0.3187,-0.3034,-0.5584,-0.5903,0.7693,6,0,0.0000,0,0.4743,0.2550,0.0318,0.2869,-0.4840,0.4051,IDLE,0,0,step_zone_before_min seek=1.00<1.25,0,0,1.000,0,0.9700,0.9700,0.0469,0.9046,1,0.6365,-0.3862,4,5,0.0000,0.0000,0.0000,0.0000,0.0000,等待台阶,1,0.0000,0.150,0.330
7798.153,SEEK_ROUNDABOUT,7.871,0,1.035,0.0000,0.0000,none,,,0.000,,,tracking,0.1700,0.3107,1,line_curve_center_riding,-0.2053,-0.1889,-0.4618,-0.5501,0.7695,6,0,0.0000,1,1.0000,0.2729,0.0882,0.3612,-0.4003,0.3107,IDLE,0,0,step_zone_before_min seek=1.02<1.25,0,0,2.000,1,0.9500,0.9600,0.0475,0.9394,1,0.6230,-0.3712,8,5,0.0000,0.0000,0.0000,0.0000,0.0000,等待台阶,1,0.0000,0.150,0.330
7798.297,SEEK_ROUNDABOUT,8.015,0,1.047,0.0000,0.0000,none,,,0.000,,,tracking,0.1700,0.2421,1,line_curve_center_riding,-0.1609,-0.1462,-0.3908,-0.4921,0.7729,6,0,0.0000,1,1.0000,0.2446,0.1013,0.3459,-0.3430,0.2421,IDLE,0,0,step_zone_before_min seek=1.04<1.25,0,0,3.000,1,0.9300,0.9500,0.0467,0.9282,1,0.5666,-0.3574,12,5,0.0000,0.0000,0.0000,0.0000,0.0000,等待台阶,1,0.0000,0.150,0.330
7798.431,SEEK_ROUNDABOUT,8.150,0,1.062,0.0000,0.0000,none,,,0.000,,,tracking,0.1700,0.1835,1,line_curve_center_riding,-0.1172,-0.1038,-0.3266,-0.4336,0.7782,6,0,0.0000,1,1.0000,0.2227,0.1071,0.3298,-0.2880,0.1835,IDLE,0,0,step_zone_before_min seek=1.05<1.25,0,0,4.000,1,0.9200,0.9400,0.0440,0.8922,1,0.5196,-0.3162,16,5,0.0000,0.0000,0.0000,0.0000,0.0000,等待台阶,1,0.0000,0.150,0.330
7798.585,SEEK_ROUNDABOUT,8.304,0,1.072,0.0000,0.0000,none,,,0.000,,,tracking,0.1700,0.1250,1,line_curve_center_riding,-0.0621,-0.0491,-0.2660,-0.3703,0.7784,6,0,0.0000,1,1.0000,0.2170,0.1043,0.3213,-0.2285,0.1250,IDLE,0,0,step_zone_before_min seek=1.06<1.25,0,0,5.000,1,0.9000,0.9300,0.0467,0.9283,1,0.4935,-0.2838,20,5,0.0000,0.0000,0.0000,0.0000,0.0000,等待台阶,1,0.0000,0.150,0.330
7798.721,SEEK_ROUNDABOUT,8.439,0,1.076,0.0000,0.0000,none,,,0.000,,,tracking,0.1700,0.0752,1,line_curve_center_riding,-0.0251,-0.0125,-0.2227,-0.3268,0.7803,6,0,0.0000,1,1.0000,0.2102,0.1041,0.3143,-0.1873,0.0752,IDLE,0,0,step_zone_before_min seek=1.07<1.25,0,0,6.000,1,0.9000,0.9200,0.0464,0.9250,1,0.4539,-0.2644,23,5,0.0000,0.0000,0.0000,0.0000,0.0000,等待台阶,1,0.0000,0.150,0.330
7798.855,SEEK_ROUNDABOUT,8.573,0,1.078,0.0000,0.0000,none,,,0.000,,,tracking,0.1700,0.0459,1,line_curve_center_riding,-0.0145,-0.0029,-0.1963,-0.2907,0.6894,5,0,0.0000,1,1.0000,0.1934,0.0944,0.2879,-0.1633,0.0459,IDLE,0,0,step_zone_before_min seek=1.08<1.25,0,0,6.000,1,0.9000,0.9000,0.0469,0.9311,1,0.4299,-0.2383,27,5,0.0000,0.0000,0.0000,0.0000,0.0000,等待台阶,1,0.0000,0.150,0.330
7798.994,SEEK_ROUNDABOUT,8.713,0,1.084,0.0000,0.0000,none,,,0.000,,,tracking,0.1700,0.0494,1,line_curve_center_riding,-0.0455,-0.0366,-0.1837,-0.2844,0.7898,6,0,0.0000,1,1.0000,0.1470,0.1007,0.2477,-0.1682,0.0494,IDLE,0,0,step_zone_before_min seek=1.08<1.25,0,0,6.000,1,0.8900,0.9000,0.0455,0.9130,1,0.4017,-0.2300,30,5,0.0000,0.0000,0.0000,0.0000,0.0000,等待台阶,1,0.0000,0.150,0.330
7799.133,SEEK_ROUNDABOUT,8.852,0,1.096,0.0000,0.0000,none,,,0.000,,,tracking,0.1700,0.0927,1,line_curve_center_riding,-0.1203,-0.1140,-0.2193,-0.3033,0.6106,4,0,0.0000,1,1.0000,0.1053,0.0840,0.1893,-0.2122,0.0927,IDLE,0,0,step_zone_before_min seek=1.08<1.25,0,0,6.000,1,0.8800,0.9000,0.0455,0.9124,1,0.3967,-0.2154,33,5,0.0000,0.0000,0.0000,0.0000,0.0000,等待台阶,1,0.0000,0.150,0.330
7799.269,SEEK_ROUNDABOUT,8.987,0,1.110,0.0000,0.0000,none,,,0.000,,,tracking,0.2144,0.1384,1,line_center_tracking,-0.1680,-0.1422,-0.2344,-0.3082,0.6154,4,0,0.0000,1,1.0000,0.0922,0.0738,0.1660,-0.2283,0.1384,IDLE,0,0,step_zone_before_min seek=1.10<1.25,0,0,6.000,1,0.8700,0.8900,0.0458,0.9163,1,0.3833,-0.1993,37,5,0.0000,0.0000,0.0000,0.0000,0.0000,等待台阶,1,0.0000,0.150,0.330
7799.398,SEEK_ROUNDABOUT,9.117,0,1.122,0.0000,0.0000,none,,,0.000,,,tracking,0.1700,0.1017,1,line_curve_center_riding,-0.0697,-0.0618,-0.1938,-0.2792,0.7955,6,0,0.0000,1,1.0000,0.1320,0.0854,0.2174,-0.1782,0.1017,IDLE,0,0,step_zone_before_min seek=1.11<1.25,0,0,6.000,1,0.8700,0.8800,0.0464,0.9242,1,0.3641,-0.1866,40,5,0.0000,0.0000,0.0000,0.0000,0.0000,等待台阶,1,0.0000,0.150,0.330
7799.541,SEEK_ROUNDABOUT,9.259,0,1.141,0.0000,0.0000,none,,,0.000,,,tracking,0.1700,0.0554,1,line_curve_center_riding,-0.0114,-0.0010,-0.1739,-0.1920,0.7001,5,0,0.0000,1,1.0000,0.1729,0.0181,0.1910,-0.1223,0.0554,IDLE,0,0,step_zone_before_min seek=1.12<1.25,0,0,6.000,1,0.8600,0.8700,0.0462,0.9206,1,0.3639,-0.1793,43,5,0.0000,0.0000,0.0000,0.0000,0.0000,等待台阶,1,0.0000,0.150,0.330
7799.685,SEEK_ROUNDABOUT,9.404,0,1.163,0.0000,0.0000,none,,,0.000,,,tracking,0.1700,0.0626,1,line_curve_center_riding,-0.0595,-0.0514,-0.1855,-0.1957,0.6228,4,0,0.0000,1,1.0000,0.1341,0.0101,0.1442,-0.1442,0.0626,IDLE,0,0,step_zone_before_min seek=1.14<1.25,0,0,6.000,1,0.8400,0.8700,0.0486,0.9522,1,0.3435,-0.1750,47,5,0.0000,0.0000,0.0000,0.0000,0.0000,等待台阶,1,0.0000,0.150,0.330
7799.815,SEEK_ROUNDABOUT,9.533,0,1.189,0.0000,0.0000,none,,,0.000,,,line_bridge_loss,0.1208,0.0250,0,line_too_few_bands,0.0000,0.0000,0.0000,0.0000,0.0000,0,0,0.0000,1,1.0000,0.0000,0.0000,0.0000,0.0000,0.0250,IDLE,0,0,step_zone_before_min seek=1.16<1.25,0,0,6.000,1,0.8300,0.8600,0.0482,0.9469,1,0.3477,-0.1669,50,5,0.0000,0.0000,0.0000,0.0000,0.0000,等待台阶,1,0.0000,0.150,0.330
7799.960,SEEK_ROUNDABOUT,9.679,0,1.218,0.0000,0.0000,none,,,0.000,,,tracking,0.1700,0.0106,1,line_curve_center_riding,0.0364,0.0469,-0.1288,0.1194,0.6817,5,0,0.0000,1,1.0000,0.1757,0.2482,0.0725,0.0125,0.0106,IDLE,0,0,step_zone_before_min seek=1.19<1.25,0,0,6.000,1,0.8200,0.8400,0.0486,0.9530,1,0.3406,-0.1641,53,5,0.0000,0.0000,0.0000,0.0000,0.0000,等待台阶,1,0.0000,0.150,0.330
7800.108,SEEK_ROUNDABOUT,9.827,0,1.258,0.2000,0.0000,none,,,0.000,,,tracking,0.1450,-0.0221,1,line_curve_center_riding,0.0492,0.0638,-0.1784,-0.4088,0.6727,5,0,0.0000,1,1.0000,0.2421,0.2304,0.4726,-0.1745,-0.0221,IDLE,0,0,step_zone_before_min seek=1.22<1.25,0,0,6.000,1,0.8000,0.8300,0.0480,0.9446,1,0.3377,-0.1526,56,5,0.0000,0.0000,0.0000,0.0000,0.0000,等待台阶,1,0.0000,0.150,0.330
7800.245,SEEK_ROUNDABOUT,9.963,0,1.258,0.0000,0.0000,none,,,0.000,,,step_align_heading/course_events_frozen,0.0943,0.3096,1,line_curve_center_riding,-0.1364,-0.1291,-0.2520,-0.3372,0.7071,5,0,0.0000,1,1.0000,0.1230,0.0852,0.2082,-0.2394,0.3096,IDLE,0,1,depth_pose_aligning angle=+17.7deg lat=-0.139,0,0,6.000,1,0.7800,0.8200,0.0490,0.9581,1,0.3095,-0.1385,59,5,0.0000,0.0000,0.0000,0.0000,0.0000,等待台阶,1,0.0000,0.150,0.330
7800.393,SEEK_ROUNDABOUT,10.112,0,1.258,0.0000,0.0000,none,,,0.000,,,step_align_slow/course_events_frozen,0.0437,0.2525,1,line_center_tracking,-0.2000,-0.1765,-0.2603,-0.2603,0.5370,3,0,0.0000,1,1.0000,0.0837,0.0000,0.0837,-0.2324,0.2525,IDLE,0,1,depth_pose_aligning angle=+17.2deg lat=-0.127,0,0,6.000,1,0.7500,0.8000,0.0492,0.9604,1,0.2998,-0.1268,63,5,0.0000,0.0000,0.0000,0.0000,0.0000,等待台阶,1,0.0000,0.150,0.330
7800.530,SEEK_ROUNDABOUT,10.248,0,1.258,0.0000,0.0000,none,,,0.000,,,step_align_slow/course_events_frozen,0.0300,0.3400,1,line_curve_center_riding,0.0185,0.0316,-0.1874,-0.3726,0.4678,3,0,0.0000,1,1.0000,0.2189,0.1853,0.4042,-0.1761,0.3400,IDLE,0,1,depth_pose_aligning angle=+16.6deg lat=-0.114,0,0,6.000,1,0.7300,0.7800,0.0493,0.9620,1,0.2892,-0.1141,66,5,0.0000,0.0000,0.0000,0.0000,0.0000,等待台阶,1,0.0000,0.150,0.330
7800.663,SEEK_ROUNDABOUT,10.382,0,1.258,0.0000,0.0000,none,,,0.000,,,step_depth_pose_align/course_events_frozen,0.0000,0.3000,0,line_too_few_bands,0.0000,0.0000,0.0000,0.0000,0.0000,1,0,0.0000,1,1.0000,0.0000,0.0000,0.0000,0.0000,0.3000,IDLE,0,1,depth_pose_aligning angle=+16.3deg lat=-0.111,0,0,6.000,1,0.7100,0.7500,0.0490,0.9577,1,0.2837,-0.1105,68,5,0.0000,0.0000,0.0000,0.0000,0.0000,等待台阶,1,0.0000,0.150,0.330
7800.795,SEEK_ROUNDABOUT,10.514,0,1.258,0.2000,0.0000,none,,,0.000,,,step_align_creep/course_events_frozen,0.0150,0.3400,1,line_recenter_transition,0.0907,0.0989,-0.3144,-0.6147,0.5301,4,0,0.0000,1,1.0000,0.4133,0.3004,0.7137,-0.2767,0.3400,IDLE,0,1,depth_pose_aligning angle=+16.5deg lat=-0.104,0,0,6.000,1,0.6900,0.7300,0.0468,0.9272,1,0.2878,-0.1041,71,5,0.0000,0.0000,0.0000,0.0000,0.0000,等待台阶,1,0.0000,0.150,0.330
7800.933,SEEK_ROUNDABOUT,10.651,0,1.258,0.0000,0.0000,none,,,0.000,,,step_depth_pose_align/course_events_frozen,0.0000,0.3000,0,line_too_few_bands,0.0000,0.0000,0.0000,0.0000,0.0000,0,0,0.0000,1,1.0000,0.0000,0.0000,0.0000,0.0000,0.3000,IDLE,0,1,depth_pose_aligning angle=+16.9deg lat=-0.098,0,0,6.000,1,0.6700,0.7100,0.0471,0.9304,1,0.2941,-0.0979,74,5,0.0000,0.0000,0.0000,0.0000,0.0000,等待台阶,1,0.0000,0.150,0.330
7801.066,SEEK_ROUNDABOUT,10.784,0,1.258,0.0000,0.0000,none,,,0.000,,,step_depth_pose_align/course_events_frozen,0.0000,0.3000,0,line_too_few_bands,0.0000,0.0000,0.0000,0.0000,0.0000,1,0,0.0000,1,1.0000,0.0000,0.0000,0.0000,0.0000,0.3000,IDLE,0,1,depth_pose_aligning angle=+16.6deg lat=-0.095,0,0,6.000,1,0.6400,0.6900,0.0463,0.9196,1,0.2894,-0.0953,77,5,0.0000,0.0000,0.0000,0.0000,0.0000,等待台阶,1,0.0000,0.150,0.330
7801.218,SEEK_ROUNDABOUT,10.937,0,1.258,0.0000,0.0000,none,,,0.000,,,step_depth_pose_align/course_events_frozen,0.0000,0.3000,0,line_low_confidence,0.1605,0.1680,-0.2041,-0.5018,0.2197,2,0,0.0000,1,1.0000,0.3721,0.2977,0.6698,-0.1793,0.3000,IDLE,0,1,depth_pose_aligning angle=+11.7deg lat=-0.041,0,0,6.000,1,0.5800,0.6700,0.0447,0.8982,1,0.2034,-0.0412,84,5,0.0000,0.0000,0.0000,0.0000,0.0000,等待台阶,1,0.0000,0.150,0.330
7801.361,SEEK_ROUNDABOUT,11.079,0,1.258,0.0000,0.0000,none,,,0.000,,,tracking,0.0507,-0.0333,1,line_center_tracking,0.1854,0.1779,0.2045,0.2045,0.4544,2,0,0.0000,1,1.0000,0.0266,0.0000,0.0266,0.1957,-0.0333,IDLE,0,0,candidate_fields_invalid,0,0,5.400,0,nan,0.6700,nan,0.0000,0,nan,nan,0,5,0.0000,0.0000,0.0000,0.0000,0.0000,等待台阶,1,0.0000,0.150,0.330
7801.495,SEEK_ROUNDABOUT,11.213,0,1.258,0.2000,0.0000,none,,,0.000,,,tracking,0.1013,-0.1630,1,line_recenter_transition,0.1215,0.1275,-0.1724,-0.3824,0.4326,3,0,0.0000,1,1.0000,0.2999,0.2100,0.5099,-0.1424,-0.1630,IDLE,0,0,candidate_fields_invalid,0,0,4.800,0,nan,0.6550,nan,0.0000,0,nan,nan,0,5,0.0000,0.0000,0.0000,0.0000,0.0000,等待台阶,1,0.0000,0.150,0.330
7801.646,SEEK_ROUNDABOUT,11.364,0,1.266,0.0000,0.0000,none,,,0.000,,,tracking,0.1050,-0.4963,1,line_hard_turn_centering,0.8941,0.8926,0.9076,0.9094,0.4690,2,0,0.0000,1,1.0000,0.0150,0.0017,0.0168,0.9032,-0.4963,IDLE,0,0,candidate_fields_invalid,0,0,4.200,0,nan,0.6400,nan,0.0000,0,nan,nan,0,5,0.0000,0.0000,0.0000,0.0000,0.0000,等待台阶,1,0.0000,0.150,0.330
7801.804,SEEK_ROUNDABOUT,11.522,0,1.269,0.0000,0.0000,none,,,0.000,,,big_turn_blind_recovery,0.0750,-0.4760,0,line_too_few_bands,0.0000,0.0000,0.0000,0.0000,0.0000,1,0,0.0000,1,1.0000,0.0000,0.0000,0.0000,0.0000,-0.4760,IDLE,0,0,candidate_fields_invalid,0,0,3.600,0,nan,0.6100,nan,0.0000,0,nan,nan,0,5,0.0000,0.0000,0.0000,0.0000,0.0000,等待台阶,1,0.0000,0.150,0.330
7801.935,SEEK_ROUNDABOUT,11.654,0,1.269,0.0000,0.0000,none,,,0.000,,,big_turn_blind_recovery,0.0750,-0.4760,0,line_low_confidence,0.6324,0.6089,1.0000,1.0000,0.2177,2,0,0.0000,1,1.0000,0.3911,0.0000,0.3911,0.8696,-0.4760,IDLE,0,0,candidate_fields_invalid,0,0,3.000,0,nan,0.5800,nan,0.0000,0,nan,nan,0,5,0.0000,0.0000,0.0000,0.0000,0.0000,等待台阶,1,0.0000,0.150,0.330
7802.080,SEEK_ROUNDABOUT,11.798,0,1.269,0.4000,0.0000,none,,,0.000,,,big_turn_blind_recovery,0.0750,-0.4760,0,line_too_few_bands,0.0000,0.0000,0.0000,0.0000,0.0000,0,0,0.0000,1,1.0000,0.0000,0.0000,0.0000,0.0000,-0.4760,IDLE,0,0,candidate_fields_invalid,0,0,2.400,0,nan,nan,nan,0.0000,0,nan,nan,0,5,0.0000,0.0000,0.0000,0.0000,0.0000,等待台阶,1,0.0000,0.150,0.330
7802.213,SEEK_ROUNDABOUT,11.931,0,1.269,0.0000,0.0000,none,,,0.000,,,big_turn_blind_recovery,0.0750,-0.4760,0,line_too_few_bands,0.0000,0.0000,0.0000,0.0000,0.0000,0,0,0.0000,1,1.0000,0.0000,0.0000,0.0000,0.0000,-0.4760,IDLE,0,0,candidate_fields_invalid,0,0,1.800,0,nan,nan,nan,0.0000,0,nan,nan,0,5,0.0000,0.0000,0.0000,0.0000,0.0000,等待台阶,1,0.0000,0.150,0.330
7802.348,SEEK_ROUNDABOUT,12.067,0,1.269,0.0000,0.0000,none,,,0.000,,,big_turn_blind_recovery,0.0750,-0.4760,0,line_too_few_bands,0.0000,0.0000,0.0000,0.0000,0.0000,0,0,0.0000,1,1.0000,0.0000,0.0000,0.0000,0.0000,-0.4760,IDLE,0,0,candidate_fields_invalid,0,0,1.200,0,nan,nan,nan,0.0000,0,nan,nan,0,5,0.0000,0.0000,0.0000,0.0000,0.0000,等待台阶,1,0.0000,0.150,0.330
7802.483,SEEK_ROUNDABOUT,12.202,0,1.269,0.0000,0.0000,none,,,0.000,,,big_turn_blind_recovery,0.0750,-0.4760,0,line_too_few_bands,0.0000,0.0000,0.0000,0.0000,0.0000,0,0,0.0000,1,1.0000,0.0000,0.0000,0.0000,0.0000,-0.4760,IDLE,0,0,candidate_fields_invalid,0,0,0.600,0,nan,nan,nan,0.0000,0,nan,nan,0,5,0.0000,0.0000,0.0000,0.0000,0.0000,等待台阶,1,0.0000,0.150,0.330
7802.616,SEEK_ROUNDABOUT,12.335,0,1.269,0.0000,0.0000,none,,,0.000,,,big_turn_blind_recovery,0.0750,-0.4760,0,line_too_few_bands,0.0000,0.0000,0.0000,0.0000,0.0000,0,0,0.0000,1,1.0000,0.0000,0.0000,0.0000,0.0000,-0.4760,IDLE,0,0,candidate_evidence_wait 1.6/2.4,0,0,1.600,0,0.5400,0.5400,0.0466,0.9231,1,0.1861,-0.0286,1,5,0.0000,0.0000,0.0000,0.0000,0.0000,等待台阶,1,0.0000,0.150,0.330
7802.742,SEEK_ROUNDABOUT,12.460,0,1.269,0.0000,0.0000,none,,,0.000,,,step_align_line_lost_stop/course_events_frozen,0.0273,-0.1624,0,line_too_few_bands,0.0000,0.0000,0.0000,0.0000,0.0000,0,0,0.0000,1,1.0000,0.0000,0.0000,0.0000,0.0000,-0.1624,IDLE,0,1,depth_pose_aligning angle=+11.2deg lat=-0.039,0,0,2.600,0,0.5500,0.5450,0.0430,0.8730,1,0.1953,-0.0394,3,5,0.0000,0.0000,0.0000,0.0000,0.0000,等待台阶,1,0.0000,0.150,0.330
7802.869,SEEK_ROUNDABOUT,12.588,0,1.269,0.0000,0.0000,none,,,0.000,,,step_align_line_lost_stop/course_events_frozen,0.0000,0.0000,0,line_too_few_bands,0.0000,0.0000,0.0000,0.0000,0.0000,0,0,0.0000,1,1.0000,0.0000,0.0000,0.0000,0.0000,0.0000,IDLE,0,1,step_confirmed_slow_align d=0.550,0,0,3.600,1,0.5600,0.5500,0.0480,0.9433,0,nan,-0.0547,6,5,0.0000,0.0000,0.0000,0.0000,0.0000,等待台阶,1,0.0000,0.150,0.330
7803.001,SEEK_ROUNDABOUT,12.720,0,1.269,0.0000,0.0000,none,,,0.000,,,step_depth_pose_align/course_events_frozen,0.0000,0.3000,0,line_too_few_bands,0.0000,0.0000,0.0000,0.0000,0.0000,0,0,0.0000,1,1.0000,0.0000,0.0000,0.0000,0.0000,0.3000,IDLE,0,1,depth_pose_aligning angle=+16.4deg lat=-0.071,0,0,4.600,1,0.5700,0.5550,0.0470,0.9305,1,0.2860,-0.0715,10,5,0.0000,0.0000,0.0000,0.0000,0.0000,等待台阶,1,0.0000,0.150,0.330
7803.146,SEEK_ROUNDABOUT,12.865,0,1.269,0.0000,0.0000,none,,,0.000,,,step_depth_pose_align/course_events_frozen,0.0000,0.3000,0,line_too_few_bands,0.0000,0.0000,0.0000,0.0000,0.0000,0,0,0.0000,1,1.0000,0.0000,0.0000,0.0000,0.0000,0.3000,IDLE,0,1,depth_pose_aligning angle=+18.4deg lat=-0.087,0,0,5.600,1,0.5700,0.5600,0.0479,0.9435,1,0.3212,-0.0873,13,5,0.0000,0.0000,0.0000,0.0000,0.0000,等待台阶,1,0.0000,0.150,0.330
7803.274,SEEK_ROUNDABOUT,12.993,0,1.269,0.0000,0.0000,none,,,0.000,,,step_align_line_lost_stop/course_events_frozen,0.0000,0.0000,0,line_too_few_bands,0.0000,0.0000,0.0000,0.0000,0.0000,0,0,0.0000,1,1.0000,0.0000,0.0000,0.0000,0.0000,0.0000,IDLE,0,1,step_confirmed_slow_align d=0.560,0,0,6.000,1,0.5600,0.5600,0.0468,0.9292,0,nan,-0.1179,17,5,0.0000,0.0000,0.0000,0.0000,0.0000,等待台阶,1,0.0000,0.150,0.330
7803.405,SEEK_ROUNDABOUT,13.124,0,1.269,0.0000,0.0000,none,,,0.000,,,step_depth_pose_align/course_events_frozen,0.0000,0.3000,0,line_too_few_bands,0.0000,0.0000,0.0000,0.0000,0.0000,0,0,0.0000,1,1.0000,0.0000,0.0000,0.0000,0.0000,0.3000,IDLE,0,1,depth_pose_aligning angle=+23.9deg lat=-0.140,0,0,6.000,1,0.5500,0.5600,0.0462,0.9205,1,0.4166,-0.1398,20,5,0.0000,0.0000,0.0000,0.0000,0.0000,等待台阶,1,0.0000,0.150,0.330
7803.531,SEEK_ROUNDABOUT,13.249,0,1.269,0.0000,0.0000,none,,,0.000,,,step_align_line_lost_stop/course_events_frozen,0.0000,0.0000,0,line_too_few_bands,0.0000,0.0000,0.0000,0.0000,0.0000,0,0,0.0000,1,1.0000,0.0000,0.0000,0.0000,0.0000,0.0000,IDLE,0,1,step_confirmed_slow_align d=0.560,0,0,6.000,1,0.5600,0.5600,0.0455,0.9129,0,nan,-0.1575,23,5,0.0000,0.0000,0.0000,0.0000,0.0000,等待台阶,1,0.0000,0.150,0.330
7803.659,SEEK_ROUNDABOUT,13.378,0,1.269,0.0000,0.0000,none,,,0.000,,,step_align_line_lost_stop/course_events_frozen,0.0000,0.0000,0,line_too_few_bands,0.0000,0.0000,0.0000,0.0000,0.0000,0,0,0.0000,1,1.0000,0.0000,0.0000,0.0000,0.0000,0.0000,IDLE,0,1,step_confirmed_slow_align d=0.560,0,0,6.000,1,0.5500,0.5600,0.0451,0.9069,0,nan,-0.1648,26,5,0.0000,0.0000,0.0000,0.0000,0.0000,等待台阶,1,0.0000,0.150,0.330
7803.793,SEEK_ROUNDABOUT,13.511,0,1.269,0.0000,0.0000,none,,,0.000,,,step_align_line_lost_stop/course_events_frozen,0.0000,0.0000,0,line_too_few_bands,0.0000,0.0000,0.0000,0.0000,0.0000,0,0,0.0000,1,1.0000,0.0000,0.0000,0.0000,0.0000,0.0000,IDLE,0,1,step_confirmed_slow_align d=0.550,0,0,6.000,1,0.5500,0.5500,0.0463,0.9222,0,nan,-0.1582,30,5,0.0000,0.0000,0.0000,0.0000,0.0000,等待台阶,1,0.0000,0.150,0.330
7803.922,SEEK_ROUNDABOUT,13.641,0,1.269,0.0000,0.0000,none,,,0.000,,,step_align_line_lost_stop/course_events_frozen,0.0000,0.0000,0,line_too_few_bands,0.0000,0.0000,0.0000,0.0000,0.0000,0,0,0.0000,1,1.0000,0.0000,0.0000,0.0000,0.0000,0.0000,IDLE,0,1,step_confirmed_slow_align d=0.550,0,0,6.000,1,0.5700,0.5500,0.0463,0.9227,0,nan,-0.1430,33,5,0.0000,0.0000,0.0000,0.0000,0.0000,等待台阶,1,0.0000,0.150,0.330
7804.051,SEEK_ROUNDABOUT,13.770,0,1.269,0.0000,0.0000,none,,,0.000,,,step_align_line_lost_stop/course_events_frozen,0.0000,0.0000,0,line_too_few_bands,0.0000,0.0000,0.0000,0.0000,0.0000,0,0,0.0000,1,1.0000,0.0000,0.0000,0.0000,0.0000,0.0000,IDLE,0,1,step_confirmed_slow_align d=0.550,0,0,6.000,1,0.5500,0.5500,0.0475,0.9395,0,nan,-0.1291,36,5,0.0000,0.0000,0.0000,0.0000,0.0000,等待台阶,1,0.0000,0.150,0.330
7804.192,SEEK_ROUNDABOUT,13.910,0,1.269,0.0000,0.0000,none,,,0.000,,,step_align_line_lost_stop/course_events_frozen,0.0000,0.0000,0,line_too_few_bands,0.0000,0.0000,0.0000,0.0000,0.0000,0,0,0.0000,1,1.0000,0.0000,0.0000,0.0000,0.0000,0.0000,IDLE,0,1,step_confirmed_slow_align d=0.550,0,0,6.000,1,0.5500,0.5500,0.0471,0.9342,0,nan,-0.1297,39,5,0.0000,0.0000,0.0000,0.0000,0.0000,等待台阶,1,0.0000,0.150,0.330
7804.321,SEEK_ROUNDABOUT,14.040,0,1.269,0.0000,0.0000,none,,,0.000,,,step_align_line_lost_stop/course_events_frozen,0.0000,0.0000,0,line_too_few_bands,0.0000,0.0000,0.0000,0.0000,0.0000,0,0,0.0000,1,1.0000,0.0000,0.0000,0.0000,0.0000,0.0000,IDLE,0,1,step_confirmed_slow_align d=0.550,0,0,6.000,1,0.5800,0.5500,0.0474,0.9379,0,nan,-0.1208,42,5,0.0000,0.0000,0.0000,0.0000,0.0000,等待台阶,1,0.0000,0.150,0.330
7804.454,SEEK_ROUNDABOUT,14.173,0,1.269,0.0000,0.0000,none,,,0.000,,,step_align_line_lost_stop/course_events_frozen,0.0000,0.0000,0,line_too_few_bands,0.0000,0.0000,0.0000,0.0000,0.0000,0,0,0.0000,1,0.5575,0.0000,0.0000,0.0000,0.0000,0.0000,IDLE,0,1,step_confirmed_slow_align d=0.550,0,0,6.000,1,0.5500,0.5500,0.0472,0.9344,0,nan,-0.1212,46,5,0.0000,0.0000,0.0000,0.0000,0.0000,等待台阶,1,0.0000,0.150,0.330
7804.582,SEEK_ROUNDABOUT,14.300,0,1.269,0.0000,0.0000,none,,,0.000,,,step_align_line_lost_stop/course_events_frozen,0.0000,0.0000,0,line_too_few_bands,0.0000,0.0000,0.0000,0.0000,0.0000,0,0,0.0000,0,0.2922,0.0000,0.0000,0.0000,0.0000,0.0000,IDLE,0,1,step_confirmed_slow_align d=0.550,0,0,6.000,1,0.5900,0.5500,0.0480,0.9451,0,nan,-0.1245,49,5,0.0000,0.0000,0.0000,0.0000,0.0000,等待台阶,1,0.0000,0.150,0.330
7804.720,SEEK_ROUNDABOUT,14.439,0,1.269,0.0000,0.0000,none,,,0.000,,,step_align_line_lost_stop/course_events_frozen,0.0000,0.0000,0,line_too_few_bands,0.0000,0.0000,0.0000,0.0000,0.0000,0,0,0.0000,0,0.2321,0.0000,0.0000,0.0000,0.0000,0.0000,IDLE,0,1,step_confirmed_slow_align d=0.570,0,0,6.000,1,0.5700,0.5700,0.0481,0.9473,0,nan,-0.1469,52,5,0.0000,0.0000,0.0000,0.0000,0.0000,等待台阶,1,0.0000,0.150,0.330
7804.846,SEEK_ROUNDABOUT,14.565,0,1.269,0.0000,0.0000,none,,,0.000,,,step_align_line_lost_stop/course_events_frozen,0.0000,0.0000,0,line_too_few_bands,0.0000,0.0000,0.0000,0.0000,0.0000,0,0,0.0000,0,0.2621,0.0000,0.0000,0.0000,0.0000,0.0000,IDLE,0,1,step_confirmed_slow_align d=0.570,0,0,6.000,1,0.5600,0.5700,0.0485,0.9533,0,nan,-0.1591,55,5,0.0000,0.0000,0.0000,0.0000,0.0000,等待台阶,1,0.0000,0.150,0.330
7804.971,SEEK_ROUNDABOUT,14.690,0,1.269,0.0000,0.0000,none,,,0.000,,,step_align_line_lost_stop/course_events_frozen,0.0000,0.0000,0,line_too_few_bands,0.0000,0.0000,0.0000,0.0000,0.0000,0,0,0.0000,0,0.2450,0.0000,0.0000,0.0000,0.0000,0.0000,IDLE,0,1,step_confirmed_slow_align d=0.570,0,0,6.000,1,0.5900,0.5700,0.0486,0.9546,0,nan,-0.1238,58,5,0.0000,0.0000,0.0000,0.0000,0.0000,等待台阶,1,0.0000,0.150,0.330
7805.106,SEEK_ROUNDABOUT,14.825,0,1.269,0.0000,0.0000,none,,,0.000,,,step_align_line_lost_stop/course_events_frozen,0.0000,0.0000,0,line_too_few_bands,0.0000,0.0000,0.0000,0.0000,0.0000,0,0,0.0000,0,0.2106,0.0000,0.0000,0.0000,0.0000,0.0000,IDLE,0,1,step_confirmed_slow_align d=0.590,0,0,6.000,1,0.5900,0.5900,0.0471,0.9342,0,nan,-0.1265,62,5,0.0000,0.0000,0.0000,0.0000,0.0000,等待台阶,1,0.0000,0.150,0.330
7805.241,SEEK_ROUNDABOUT,14.960,0,1.269,0.0000,0.0000,none,,,0.000,,,step_align_line_lost_stop/course_events_frozen,0.0000,0.0000,0,line_too_few_bands,0.0000,0.0000,0.0000,0.0000,0.0000,0,0,0.0000,0,0.2149,0.0000,0.0000,0.0000,0.0000,0.0000,IDLE,0,1,step_confirmed_slow_align d=0.590,0,0,6.000,1,0.5900,0.5900,0.0468,0.9295,0,nan,-0.1250,65,5,0.0000,0.0000,0.0000,0.0000,0.0000,等待台阶,1,0.0000,0.150,0.330
7805.376,SEEK_ROUNDABOUT,15.094,0,1.269,0.0000,0.0000,none,,,0.000,,,step_align_line_lost_stop/course_events_frozen,0.0000,0.0000,0,line_too_few_bands,0.0000,0.0000,0.0000,0.0000,0.0000,0,0,0.0000,0,0.2106,0.0000,0.0000,0.0000,0.0000,0.0000,IDLE,0,1,step_confirmed_slow_align d=0.590,0,0,6.000,1,0.5900,0.5900,0.0471,0.9330,0,nan,-0.1263,68,5,0.0000,0.0000,0.0000,0.0000,0.0000,等待台阶,1,0.0000,0.150,0.330
7805.511,SEEK_ROUNDABOUT,15.229,0,1.269,0.0000,0.0000,none,,,0.000,,,step_align_line_lost_stop/course_events_frozen,0.0000,0.0000,0,line_too_few_bands,0.0000,0.0000,0.0000,0.0000,0.0000,0,0,0.0000,0,0.2106,0.0000,0.0000,0.0000,0.0000,0.0000,IDLE,0,1,step_confirmed_slow_align d=0.590,0,0,6.000,1,0.5500,0.5900,0.0471,0.9327,0,nan,-0.1273,71,5,0.0000,0.0000,0.0000,0.0000,0.0000,等待台阶,1,0.0000,0.150,0.330
7805.644,SEEK_ROUNDABOUT,15.363,0,1.269,0.0000,0.0000,none,,,0.000,,,step_align_line_lost_stop/course_events_frozen,0.0000,0.0000,0,line_too_few_bands,0.0000,0.0000,0.0000,0.0000,0.0000,0,0,0.0000,0,0.2149,0.0000,0.0000,0.0000,0.0000,0.0000,IDLE,0,1,step_confirmed_slow_align d=0.590,0,0,6.000,1,0.5700,0.5900,0.0460,0.9174,0,nan,-0.1277,75,5,0.0000,0.0000,0.0000,0.0000,0.0000,等待台阶,1,0.0000,0.150,0.330
7805.785,SEEK_ROUNDABOUT,15.504,0,1.269,0.0000,0.0000,none,,,0.000,,,step_align_line_lost_stop/course_events_frozen,0.0000,0.0000,0,line_too_few_bands,0.0000,0.0000,0.0000,0.0000,0.0000,0,0,0.0000,0,0.2106,0.0000,0.0000,0.0000,0.0000,0.0000,IDLE,0,1,step_confirmed_slow_align d=0.590,0,0,6.000,1,0.6200,0.5900,0.0446,0.8989,0,nan,-0.1498,78,5,0.0000,0.0000,0.0000,0.0000,0.0000,等待台阶,1,0.0000,0.150,0.330
7805.937,SEEK_ROUNDABOUT,15.656,0,1.269,0.0000,0.0000,none,,,0.000,,,step_align_line_lost_stop/course_events_frozen,0.0000,0.0000,0,line_too_few_bands,0.0000,0.0000,0.0000,0.0000,0.0000,0,0,0.0000,0,0.1977,0.0000,0.0000,0.0000,0.0000,0.0000,IDLE,0,1,step_confirmed_slow_align d=0.570,0,0,6.000,1,0.5700,0.5700,0.0476,0.9405,0,nan,-0.1278,82,5,0.0000,0.0000,0.0000,0.0000,0.0000,等待台阶,1,0.0000,0.150,0.330
7806.067,SEEK_ROUNDABOUT,15.786,0,1.269,0.0000,0.0000,none,,,0.000,,,step_align_line_lost_stop/course_events_frozen,0.0000,0.0000,0,line_too_few_bands,0.0000,0.0000,0.0000,0.0000,0.0000,0,0,0.0000,0,0.2020,0.0000,0.0000,0.0000,0.0000,0.0000,IDLE,0,1,step_confirmed_slow_align d=0.570,0,0,6.000,1,0.6200,0.5700,0.0466,0.9269,0,nan,-0.1298,85,5,0.0000,0.0000,0.0000,0.0000,0.0000,等待台阶,1,0.0000,0.150,0.330
7806.209,SEEK_ROUNDABOUT,15.928,0,1.269,0.0000,0.0000,none,,,0.000,,,step_depth_pose_align/course_events_frozen,0.0000,0.3000,0,line_too_few_bands,0.0000,0.0000,0.0000,0.0000,0.0000,0,0,0.0000,0,0.1977,0.0000,0.0000,0.0000,0.0000,0.3000,IDLE,0,1,depth_pose_aligning angle=+22.3deg lat=-0.131,0,0,6.000,1,0.5700,0.5700,0.0463,0.9212,1,0.3898,-0.1310,89,5,0.0000,0.0000,0.0000,0.0000,0.0000,等待台阶,1,0.0000,0.150,0.330
7806.345,SEEK_ROUNDABOUT,16.064,0,1.269,0.0000,0.0000,none,,,0.000,,,step_align_line_lost_stop/course_events_frozen,0.0000,0.0000,0,line_too_few_bands,0.0000,0.0000,0.0000,0.0000,0.0000,0,0,0.0000,0,0.2020,0.0000,0.0000,0.0000,0.0000,0.0000,IDLE,0,1,step_confirmed_slow_align d=0.590,0,0,6.000,1,0.5900,0.5900,0.0461,0.9192,0,nan,-0.1323,92,5,0.0000,0.0000,0.0000,0.0000,0.0000,等待台阶,1,0.0000,0.150,0.330
7806.473,SEEK_ROUNDABOUT,16.191,0,1.269,0.0000,0.0000,none,,,0.000,,,step_align_line_lost_stop/course_events_frozen,0.0000,0.0000,0,line_too_few_bands,0.0000,0.0000,0.0000,0.0000,0.0000,0,0,0.0000,0,0.2149,0.0000,0.0000,0.0000,0.0000,0.0000,IDLE,0,1,step_confirmed_slow_align d=0.590,0,0,6.000,1,0.6300,0.5900,0.0464,0.9229,0,nan,-0.1361,95,5,0.0000,0.0000,0.0000,0.0000,0.0000,等待台阶,1,0.0000,0.150,0.330
7806.611,SEEK_ROUNDABOUT,16.330,0,1.269,0.0000,0.0000,none,,,0.000,,,step_align_line_lost_stop/course_events_frozen,0.0000,0.0000,0,line_too_few_bands,0.0000,0.0000,0.0000,0.0000,0.0000,0,0,0.0000,0,0.2106,0.0000,0.0000,0.0000,0.0000,0.0000,IDLE,0,1,step_confirmed_slow_align d=0.620,0,0,6.000,1,0.6400,0.6200,0.0459,0.9167,0,nan,-0.1377,99,5,0.0000,0.0000,0.0000,0.0000,0.0000,等待台阶,1,0.0000,0.150,0.330
7806.746,SEEK_ROUNDABOUT,16.464,0,1.269,0.0000,0.0000,none,,,0.000,,,step_align_line_lost_stop/course_events_frozen,0.0000,0.0000,0,line_too_few_bands,0.0000,0.0000,0.0000,0.0000,0.0000,0,0,0.0000,0,0.2149,0.0000,0.0000,0.0000,0.0000,0.0000,IDLE,0,1,step_confirmed_slow_align d=0.600,0,0,6.000,1,0.6000,0.6000,0.0440,0.8899,0,nan,-0.1402,102,5,0.0000,0.0000,0.0000,0.0000,0.0000,等待台阶,1,0.0000,0.150,0.330
7806.876,SEEK_ROUNDABOUT,16.595,0,1.269,0.0000,0.0000,none,,,0.000,,,step_align_line_lost_stop/course_events_frozen,0.0000,0.0000,0,line_too_few_bands,0.0000,0.0000,0.0000,0.0000,0.0000,0,0,0.0000,0,0.2106,0.0000,0.0000,0.0000,0.0000,0.0000,IDLE,0,1,step_confirmed_slow_align d=0.610,0,0,6.000,1,0.6100,0.6100,0.0447,0.8989,0,nan,-0.1405,105,5,0.0000,0.0000,0.0000,0.0000,0.0000,等待台阶,1,0.0000,0.150,0.330
7807.008,SEEK_ROUNDABOUT,16.727,0,1.269,0.0000,0.0000,none,,,0.000,,,step_align_line_lost_stop/course_events_frozen,0.0000,0.0000,0,line_too_few_bands,0.0000,0.0000,0.0000,0.0000,0.0000,0,0,0.0000,0,0.1977,0.0000,0.0000,0.0000,0.0000,0.0000,IDLE,0,1,step_confirmed_slow_align d=0.610,0,0,6.000,1,0.6000,0.6100,0.0439,0.8888,0,nan,-0.1400,108,5,0.0000,0.0000,0.0000,0.0000,0.0000,等待台阶,1,0.0000,0.150,0.330
7807.136,SEEK_ROUNDABOUT,16.854,0,1.269,0.0000,0.0000,none,,,0.000,,,step_align_line_lost_stop/course_events_frozen,0.0000,0.0000,0,line_too_few_bands,0.0000,0.0000,0.0000,0.0000,0.0000,0,0,0.0000,0,0.2020,0.0000,0.0000,0.0000,0.0000,0.0000,IDLE,0,1,step_confirmed_slow_align d=0.610,0,0,6.000,1,0.6300,0.6100,0.0446,0.8979,0,nan,-0.1327,112,5,0.0000,0.0000,0.0000,0.0000,0.0000,等待台阶,1,0.0000,0.150,0.330
7807.272,SEEK_ROUNDABOUT,16.990,0,1.269,0.0000,0.0000,none,,,0.000,,,step_align_line_lost_stop/course_events_frozen,0.0000,0.0000,0,line_too_few_bands,0.0000,0.0000,0.0000,0.0000,0.0000,0,0,0.0000,0,0.2063,0.0000,0.0000,0.0000,0.0000,0.0000,IDLE,0,1,step_confirmed_slow_align d=0.610,0,0,6.000,1,0.6500,0.6100,0.0448,0.8997,0,nan,-0.1332,115,5,0.0000,0.0000,0.0000,0.0000,0.0000,等待台阶,1,0.0000,0.150,0.330
7807.402,SEEK_ROUNDABOUT,17.121,0,1.269,0.0000,0.0000,none,,,0.000,,,step_align_line_lost_stop/course_events_frozen,0.0000,0.0000,0,line_too_few_bands,0.0000,0.0000,0.0000,0.0000,0.0000,0,0,0.0000,0,0.2020,0.0000,0.0000,0.0000,0.0000,0.0000,IDLE,0,1,step_confirmed_slow_align d=0.610,0,0,6.000,1,0.6100,0.6100,0.0450,0.9040,0,nan,-0.1382,118,5,0.0000,0.0000,0.0000,0.0000,0.0000,等待台阶,1,0.0000,0.150,0.330
7807.534,SEEK_ROUNDABOUT,17.252,0,1.269,0.0000,0.0000,none,,,0.000,,,step_align_line_lost_stop/course_events_frozen,0.0000,0.0000,0,line_too_few_bands,0.0000,0.0000,0.0000,0.0000,0.0000,0,0,0.0000,0,0.2020,0.0000,0.0000,0.0000,0.0000,0.0000,IDLE,0,1,step_confirmed_slow_align d=0.630,0,0,6.000,1,0.6600,0.6300,0.0452,0.9071,0,nan,-0.1410,121,5,0.0000,0.0000,0.0000,0.0000,0.0000,等待台阶,1,0.0000,0.150,0.330
7807.665,SEEK_ROUNDABOUT,17.384,0,1.269,0.0000,0.0000,none,,,0.000,,,step_align_line_lost_stop/course_events_frozen,0.0000,0.0000,0,line_too_few_bands,0.0000,0.0000,0.0000,0.0000,0.0000,0,0,0.0000,0,0.1977,0.0000,0.0000,0.0000,0.0000,0.0000,IDLE,0,1,step_confirmed_slow_align d=0.630,0,0,6.000,1,0.6200,0.6300,0.0454,0.9098,0,nan,-0.1403,125,5,0.0000,0.0000,0.0000,0.0000,0.0000,等待台阶,1,0.0000,0.150,0.330
7807.795,SEEK_ROUNDABOUT,17.514,0,1.269,0.0000,0.0000,none,,,0.000,,,step_align_line_lost_stop/course_events_frozen,0.0000,0.0000,0,line_too_few_bands,0.0000,0.0000,0.0000,0.0000,0.0000,0,0,0.0000,0,0.1934,0.0000,0.0000,0.0000,0.0000,0.0000,IDLE,0,1,step_confirmed_slow_align d=0.620,0,0,6.000,1,0.6200,0.6200,0.0450,0.9022,0,nan,-0.1391,128,5,0.0000,0.0000,0.0000,0.0000,0.0000,等待台阶,1,0.0000,0.150,0.330
7807.934,SEEK_ROUNDABOUT,17.653,0,1.269,0.0000,0.0000,none,,,0.000,,,step_align_line_lost_stop/course_events_frozen,0.0000,0.0000,0,line_too_few_bands,0.0000,0.0000,0.0000,0.0000,0.0000,0,0,0.0000,0,0.1934,0.0000,0.0000,0.0000,0.0000,0.0000,IDLE,0,1,step_confirmed_slow_align d=0.620,0,0,6.000,1,0.6200,0.6200,0.0446,0.8986,0,nan,-0.1401,131,5,0.0000,0.0000,0.0000,0.0000,0.0000,等待台阶,1,0.0000,0.150,0.330
7808.068,SEEK_ROUNDABOUT,17.786,0,1.269,0.0000,0.0000,none,,,0.000,,,step_align_line_lost_stop/course_events_frozen,0.0000,0.0000,0,line_too_few_bands,0.0000,0.0000,0.0000,0.0000,0.0000,0,0,0.0000,0,0.1934,0.0000,0.0000,0.0000,0.0000,0.0000,IDLE,0,1,step_confirmed_slow_align d=0.620,0,0,6.000,1,0.6400,0.6200,0.0456,0.9116,0,nan,-0.1428,135,5,0.0000,0.0000,0.0000,0.0000,0.0000,等待台阶,1,0.0000,0.150,0.330
7808.195,SEEK_ROUNDABOUT,17.913,0,1.269,0.0000,0.0000,none,,,0.000,,,step_align_line_lost_stop/course_events_frozen,0.0000,0.0000,0,line_too_few_bands,0.0000,0.0000,0.0000,0.0000,0.0000,0,0,0.0000,0,0.1934,0.0000,0.0000,0.0000,0.0000,0.0000,IDLE,0,1,step_confirmed_slow_align d=0.620,0,0,6.000,1,0.6200,0.6200,0.0439,0.8885,0,nan,-0.1424,138,5,0.0000,0.0000,0.0000,0.0000,0.0000,等待台阶,1,0.0000,0.150,0.330
7808.333,SEEK_ROUNDABOUT,18.052,0,1.269,0.0000,0.0000,none,,,0.000,,,step_align_line_lost_stop/course_events_frozen,0.0000,0.0000,0,line_too_few_bands,0.0000,0.0000,0.0000,0.0000,0.0000,0,0,0.0000,0,0.1891,0.0000,0.0000,0.0000,0.0000,0.0000,IDLE,0,1,step_confirmed_slow_align d=0.620,0,0,6.000,1,0.6100,0.6200,0.0441,0.8918,0,nan,-0.1413,141,5,0.0000,0.0000,0.0000,0.0000,0.0000,等待台阶,1,0.0000,0.150,0.330
7808.465,SEEK_ROUNDABOUT,18.184,0,1.269,0.0000,0.0000,none,,,0.000,,,step_align_line_lost_stop/course_events_frozen,0.0000,0.0000,0,line_too_few_bands,0.0000,0.0000,0.0000,0.0000,0.0000,0,0,0.0000,0,0.2235,0.0000,0.0000,0.0000,0.0000,0.0000,IDLE,0,1,step_confirmed_slow_align d=0.620,0,0,6.000,1,0.6200,0.6200,0.0465,0.9253,0,nan,-0.1431,145,5,0.0000,0.0000,0.0000,0.0000,0.0000,等待台阶,1,0.0000,0.150,0.330
7808.593,SEEK_ROUNDABOUT,18.311,0,1.269,0.0000,0.0000,none,,,0.000,,,step_align_line_lost_stop/course_events_frozen,0.0000,0.0000,0,line_too_few_bands,0.0000,0.0000,0.0000,0.0000,0.0000,0,0,0.0000,0,0.1848,0.0000,0.0000,0.0000,0.0000,0.0000,IDLE,0,1,step_confirmed_slow_align d=0.620,0,0,6.000,1,0.6200,0.6200,0.0458,0.9161,0,nan,-0.1410,148,5,0.0000,0.0000,0.0000,0.0000,0.0000,等待台阶,1,0.0000,0.150,0.330
7808.740,SEEK_ROUNDABOUT,18.458,0,1.269,0.0000,0.0000,none,,,0.000,,,step_align_line_lost_stop/course_events_frozen,0.0000,0.0000,0,line_too_few_bands,0.0000,0.0000,0.0000,0.0000,0.0000,0,0,0.0000,0,0.1891,0.0000,0.0000,0.0000,0.0000,0.0000,IDLE,0,1,step_confirmed_slow_align d=0.620,0,0,6.000,1,0.5800,0.6200,0.0453,0.9086,0,nan,-0.1399,152,5,0.0000,0.0000,0.0000,0.0000,0.0000,等待台阶,1,0.0000,0.150,0.330
7808.868,SEEK_ROUNDABOUT,18.587,0,1.269,0.0000,0.0000,none,,,0.000,,,step_align_line_lost_stop/course_events_frozen,0.0000,0.0000,0,line_too_few_bands,0.0000,0.0000,0.0000,0.0000,0.0000,0,0,0.0000,0,0.1934,0.0000,0.0000,0.0000,0.0000,0.0000,IDLE,0,1,step_confirmed_slow_align d=0.610,0,0,6.000,1,0.5800,0.6100,0.0463,0.9226,0,nan,-0.1398,155,5,0.0000,0.0000,0.0000,0.0000,0.0000,等待台阶,1,0.0000,0.150,0.330
7808.998,SEEK_ROUNDABOUT,18.717,0,1.269,0.0000,0.0000,none,,,0.000,,,step_align_line_lost_stop/course_events_frozen,0.0000,0.0000,0,line_too_few_bands,0.0000,0.0000,0.0000,0.0000,0.0000,0,0,0.0000,0,0.1977,0.0000,0.0000,0.0000,0.0000,0.0000,IDLE,0,1,step_confirmed_slow_align d=0.620,0,0,6.000,1,0.6200,0.6200,0.0457,0.9145,0,nan,-0.1394,158,5,0.0000,0.0000,0.0000,0.0000,0.0000,等待台阶,1,0.0000,0.150,0.330
7809.139,SEEK_ROUNDABOUT,18.857,0,1.269,0.0000,0.0000,none,,,0.000,,,step_align_line_lost_stop/course_events_frozen,0.0000,0.0000,0,line_too_few_bands,0.0000,0.0000,0.0000,0.0000,0.0000,0,0,0.0000,0,0.2020,0.0000,0.0000,0.0000,0.0000,0.0000,IDLE,0,1,step_confirmed_slow_align d=0.600,0,0,6.000,1,0.6000,0.6000,0.0462,0.9209,0,nan,-0.1368,162,5,0.0000,0.0000,0.0000,0.0000,0.0000,等待台阶,1,0.0000,0.150,0.330
7809.275,SEEK_ROUNDABOUT,18.994,0,1.269,0.0000,0.0000,none,,,0.000,,,step_align_line_lost_stop/course_events_frozen,0.0000,0.0000,0,line_too_few_bands,0.0000,0.0000,0.0000,0.0000,0.0000,0,0,0.0000,0,0.2063,0.0000,0.0000,0.0000,0.0000,0.0000,IDLE,0,1,step_confirmed_slow_align d=0.580,0,0,6.000,1,0.5500,0.5800,0.0461,0.9199,0,nan,-0.1593,165,5,0.0000,0.0000,0.0000,0.0000,0.0000,等待台阶,1,0.0000,0.150,0.330
7809.420,SEEK_ROUNDABOUT,19.138,0,1.269,0.0000,0.0000,none,,,0.000,,,step_align_line_lost_stop/course_events_frozen,0.0000,0.0000,0,line_too_few_bands,0.0000,0.0000,0.0000,0.0000,0.0000,0,0,0.0000,0,0.1977,0.0000,0.0000,0.0000,0.0000,0.0000,IDLE,0,1,step_confirmed_slow_align d=0.580,0,0,6.000,1,0.5800,0.5800,0.0468,0.9302,0,nan,-0.1320,169,5,0.0000,0.0000,0.0000,0.0000,0.0000,等待台阶,1,0.0000,0.150,0.330
7809.551,SEEK_ROUNDABOUT,19.270,0,1.269,0.0000,0.0000,none,,,0.000,,,step_align_line_lost_stop/course_events_frozen,0.0000,0.0000,0,line_too_few_bands,0.0000,0.0000,0.0000,0.0000,0.0000,0,0,0.0000,0,0.1934,0.0000,0.0000,0.0000,0.0000,0.0000,IDLE,0,1,step_confirmed_slow_align d=0.590,0,0,6.000,1,0.5900,0.5900,0.0468,0.9296,0,nan,-0.1325,172,5,0.0000,0.0000,0.0000,0.0000,0.0000,等待台阶,1,0.0000,0.150,0.330
7809.677,SEEK_ROUNDABOUT,19.396,0,1.269,0.0000,0.0000,none,,,0.000,,,step_align_line_lost_stop/course_events_frozen,0.0000,0.0000,0,line_too_few_bands,0.0000,0.0000,0.0000,0.0000,0.0000,0,0,0.0000,0,0.2020,0.0000,0.0000,0.0000,0.0000,0.0000,IDLE,0,1,step_confirmed_slow_align d=0.590,0,0,6.000,1,0.6100,0.5900,0.0470,0.9318,0,nan,-0.1632,175,5,0.0000,0.0000,0.0000,0.0000,0.0000,等待台阶,1,0.0000,0.150,0.330
7809.809,SEEK_ROUNDABOUT,19.528,0,1.269,0.0000,0.0000,none,,,0.000,,,step_align_line_lost_stop/course_events_frozen,0.0000,0.0000,0,line_too_few_bands,0.0000,0.0000,0.0000,0.0000,0.0000,0,0,0.0000,0,0.1977,0.0000,0.0000,0.0000,0.0000,0.0000,IDLE,0,1,step_confirmed_slow_align d=0.580,0,0,6.000,1,0.5600,0.5800,0.0478,0.9433,0,nan,-0.1311,178,5,0.0000,0.0000,0.0000,0.0000,0.0000,等待台阶,1,0.0000,0.150,0.330
7809.949,SEEK_ROUNDABOUT,19.667,0,1.269,0.0000,0.0000,none,,,0.000,,,step_align_line_lost_stop/course_events_frozen,0.0000,0.0000,0,line_too_few_bands,0.0000,0.0000,0.0000,0.0000,0.0000,0,0,0.0000,0,0.1934,0.0000,0.0000,0.0000,0.0000,0.0000,IDLE,0,1,step_confirmed_slow_align d=0.580,0,0,6.000,1,0.5300,0.5800,0.0483,0.9513,0,nan,-0.1265,182,5,0.0000,0.0000,0.0000,0.0000,0.0000,等待台阶,1,0.0000,0.150,0.330
7810.087,SEEK_ROUNDABOUT,19.805,0,1.269,0.0000,0.0000,none,,,0.000,,,step_align_line_lost_stop/course_events_frozen,0.0000,0.0000,0,line_too_few_bands,0.0000,0.0000,0.0000,0.0000,0.0000,0,0,0.0000,0,0.1934,0.0000,0.0000,0.0000,0.0000,0.0000,IDLE,0,1,step_confirmed_slow_align d=0.560,0,0,6.000,1,0.5350,0.5600,0.0483,0.9504,0,nan,-0.1221,185,5,0.0000,0.0000,0.0000,0.0000,0.0000,等待台阶,1,0.0000,0.150,0.330
7810.216,SEEK_ROUNDABOUT,19.935,0,1.269,0.0000,0.0000,none,,,0.000,,,step_align_line_lost_stop/course_events_frozen,0.0000,0.0000,0,line_too_few_bands,0.0000,0.0000,0.0000,0.0000,0.0000,0,0,0.0000,0,0.1891,0.0000,0.0000,0.0000,0.0000,0.0000,IDLE,0,1,step_confirmed_slow_align d=0.560,0,0,6.000,1,0.5800,0.5600,0.0481,0.9483,0,nan,-0.1254,188,5,0.0000,0.0000,0.0000,0.0000,0.0000,等待台阶,1,0.0000,0.150,0.330
7810.353,SEEK_ROUNDABOUT,20.071,0,1.269,0.0000,0.0000,none,,,0.000,,,step_align_line_lost_stop/course_events_frozen,0.0000,0.0000,0,line_too_few_bands,0.0000,0.0000,0.0000,0.0000,0.0000,0,0,0.0000,0,0.1934,0.0000,0.0000,0.0000,0.0000,0.0000,IDLE,0,1,step_confirmed_slow_align d=0.560,0,0,6.000,1,0.5700,0.5600,0.0486,0.9542,0,nan,-0.1262,191,5,0.0000,0.0000,0.0000,0.0000,0.0000,等待台阶,1,0.0000,0.150,0.330
7810.482,SEEK_ROUNDABOUT,20.200,0,1.269,0.0000,0.0000,none,,,0.000,,,step_align_line_lost_stop/course_events_frozen,0.0000,0.0000,0,line_too_few_bands,0.0000,0.0000,0.0000,0.0000,0.0000,0,0,0.0000,0,0.1934,0.0000,0.0000,0.0000,0.0000,0.0000,IDLE,0,1,step_confirmed_slow_align d=0.570,0,0,6.000,1,0.5800,0.5700,0.0479,0.9456,0,nan,-0.1259,195,5,0.0000,0.0000,0.0000,0.0000,0.0000,等待台阶,1,0.0000,0.150,0.330
7810.618,SEEK_ROUNDABOUT,20.336,0,1.269,0.0000,0.0000,none,,,0.000,,,step_align_line_lost_stop/course_events_frozen,0.0000,0.0000,0,line_too_few_bands,0.0000,0.0000,0.0000,0.0000,0.0000,0,0,0.0000,0,0.1934,0.0000,0.0000,0.0000,0.0000,0.0000,IDLE,0,1,step_confirmed_slow_align d=0.580,0,0,6.000,1,0.5800,0.5800,0.0488,0.9565,0,nan,-0.1285,198,5,0.0000,0.0000,0.0000,0.0000,0.0000,等待台阶,1,0.0000,0.150,0.330
7810.744,SEEK_ROUNDABOUT,20.463,0,1.269,0.0000,0.0000,none,,,0.000,,,step_align_line_lost_stop/course_events_frozen,0.0000,0.0000,0,line_too_few_bands,0.0000,0.0000,0.0000,0.0000,0.0000,0,0,0.0000,0,0.1977,0.0000,0.0000,0.0000,0.0000,0.0000,IDLE,0,1,step_confirmed_slow_align d=0.580,0,0,6.000,1,0.5400,0.5800,0.0483,0.9506,0,nan,-0.1285,201,5,0.0000,0.0000,0.0000,0.0000,0.0000,等待台阶,1,0.0000,0.150,0.330
7810.874,SEEK_ROUNDABOUT,20.592,0,1.269,0.0000,0.0000,none,,,0.000,,,step_align_line_lost_stop/course_events_frozen,0.0000,0.0000,0,line_too_few_bands,0.0000,0.0000,0.0000,0.0000,0.0000,0,0,0.0000,0,0.1934,0.0000,0.0000,0.0000,0.0000,0.0000,IDLE,0,1,step_confirmed_slow_align d=0.570,0,0,6.000,1,0.5300,0.5700,0.0484,0.9517,0,nan,-0.1271,204,5,0.0000,0.0000,0.0000,0.0000,0.0000,等待台阶,1,0.0000,0.150,0.330
7811.005,SEEK_ROUNDABOUT,20.723,0,1.269,0.0000,0.0000,none,,,0.000,,,step_align_line_lost_stop/course_events_frozen,0.0000,0.0000,0,line_too_few_bands,0.0000,0.0000,0.0000,0.0000,0.0000,0,0,0.0000,0,0.2020,0.0000,0.0000,0.0000,0.0000,0.0000,IDLE,0,1,step_confirmed_slow_align d=0.540,0,0,6.000,1,0.5200,0.5400,0.0470,0.9320,0,nan,-0.1683,208,5,0.0000,0.0000,0.0000,0.0000,0.0000,等待台阶,1,0.0000,0.150,0.330
7811.132,SEEK_ROUNDABOUT,20.851,0,1.269,0.0000,0.0000,none,,,0.000,,,step_align_line_lost_stop/course_events_frozen,0.0000,0.0000,0,line_too_few_bands,0.0000,0.0000,0.0000,0.0000,0.0000,0,0,0.0000,0,0.2020,0.0000,0.0000,0.0000,0.0000,0.0000,IDLE,0,1,step_confirmed_slow_align d=0.540,0,0,6.000,1,0.6000,0.5400,0.0476,0.9405,0,nan,-0.1288,211,5,0.0000,0.0000,0.0000,0.0000,0.0000,等待台阶,1,0.0000,0.150,0.330
7811.264,SEEK_ROUNDABOUT,20.982,0,1.269,0.0000,0.0000,none,,,0.000,,,step_align_line_lost_stop/course_events_frozen,0.0000,0.0000,0,line_too_few_bands,0.0000,0.0000,0.0000,0.0000,0.0000,0,0,0.0000,0,0.2063,0.0000,0.0000,0.0000,0.0000,0.0000,IDLE,0,1,step_confirmed_slow_align d=0.540,0,0,6.000,1,0.6000,0.5400,0.0475,0.9399,0,nan,-0.1317,214,5,0.0000,0.0000,0.0000,0.0000,0.0000,等待台阶,1,0.0000,0.150,0.330
7811.394,SEEK_ROUNDABOUT,21.113,0,1.269,0.0000,0.0000,none,,,0.000,,,step_align_line_lost_stop/course_events_frozen,0.0000,0.0000,0,line_too_few_bands,0.0000,0.0000,0.0000,0.0000,0.0000,0,0,0.0000,0,0.2020,0.0000,0.0000,0.0000,0.0000,0.0000,IDLE,0,1,step_confirmed_slow_align d=0.560,0,0,6.000,1,0.5600,0.5600,0.0475,0.9388,0,nan,-0.1294,217,5,0.0000,0.0000,0.0000,0.0000,0.0000,等待台阶,1,0.0000,0.150,0.330
7811.529,SEEK_ROUNDABOUT,21.248,0,1.269,0.0000,0.0000,none,,,0.000,,,step_align_line_lost_stop/course_events_frozen,0.0000,0.0000,0,line_too_few_bands,0.0000,0.0000,0.0000,0.0000,0.0000,0,0,0.0000,0,0.1934,0.0000,0.0000,0.0000,0.0000,0.0000,IDLE,0,1,step_confirmed_slow_align d=0.560,0,0,6.000,1,0.5600,0.5600,0.0478,0.9431,0,nan,-0.1289,221,5,0.0000,0.0000,0.0000,0.0000,0.0000,等待台阶,1,0.0000,0.150,0.330
7811.658,SEEK_ROUNDABOUT,21.377,0,1.269,0.0000,0.0000,none,,,0.000,,,step_align_line_lost_stop/course_events_frozen,0.0000,0.0000,0,line_too_few_bands,0.0000,0.0000,0.0000,0.0000,0.0000,0,0,0.0000,0,0.1977,0.0000,0.0000,0.0000,0.0000,0.0000,IDLE,0,1,step_confirmed_slow_align d=0.600,0,0,6.000,1,0.6100,0.6000,0.0463,0.9237,0,nan,-0.1321,224,5,0.0000,0.0000,0.0000,0.0000,0.0000,等待台阶,1,0.0000,0.150,0.330
7811.789,SEEK_ROUNDABOUT,21.507,0,1.269,0.0000,0.0000,none,,,0.000,,,step_align_line_lost_stop/course_events_frozen,0.0000,0.0000,0,line_too_few_bands,0.0000,0.0000,0.0000,0.0000,0.0000,0,0,0.0000,0,0.1934,0.0000,0.0000,0.0000,0.0000,0.0000,IDLE,0,1,step_confirmed_slow_align d=0.600,0,0,6.000,1,0.6200,0.6000,0.0471,0.9342,0,nan,-0.1301,227,5,0.0000,0.0000,0.0000,0.0000,0.0000,等待台阶,1,0.0000,0.150,0.330
7811.917,SEEK_ROUNDABOUT,21.635,0,1.269,0.0000,0.0000,none,,,0.000,,,step_align_line_lost_stop/course_events_frozen,0.0000,0.0000,0,line_too_few_bands,0.0000,0.0000,0.0000,0.0000,0.0000,0,0,0.0000,0,0.1934,0.0000,0.0000,0.0000,0.0000,0.0000,IDLE,0,1,step_confirmed_slow_align d=0.610,0,0,6.000,1,0.6200,0.6100,0.0462,0.9217,0,nan,-0.1340,230,5,0.0000,0.0000,0.0000,0.0000,0.0000,等待台阶,1,0.0000,0.150,0.330
7812.048,SEEK_ROUNDABOUT,21.766,0,1.269,0.0000,0.0000,none,,,0.000,,,step_align_line_lost_stop/course_events_frozen,0.0000,0.0000,0,line_too_few_bands,0.0000,0.0000,0.0000,0.0000,0.0000,0,0,0.0000,0,0.1977,0.0000,0.0000,0.0000,0.0000,0.0000,IDLE,0,1,step_confirmed_slow_align d=0.620,0,0,6.000,1,0.6200,0.6200,0.0460,0.9192,0,nan,-0.1345,234,5,0.0000,0.0000,0.0000,0.0000,0.0000,等待台阶,1,0.0000,0.150,0.330
7812.176,SEEK_ROUNDABOUT,21.895,0,1.269,0.0000,0.0000,none,,,0.000,,,step_align_line_lost_stop/course_events_frozen,0.0000,0.0000,0,line_too_few_bands,0.0000,0.0000,0.0000,0.0000,0.0000,0,0,0.0000,0,0.1977,0.0000,0.0000,0.0000,0.0000,0.0000,IDLE,0,1,step_confirmed_slow_align d=0.620,0,0,6.000,1,0.6300,0.6200,0.0453,0.9077,0,nan,-0.1382,237,5,0.0000,0.0000,0.0000,0.0000,0.0000,等待台阶,1,0.0000,0.150,0.330
7812.304,SEEK_ROUNDABOUT,22.022,0,1.269,0.0000,0.0000,none,,,0.000,,,step_align_line_lost_stop/course_events_frozen,0.0000,0.0000,0,line_too_few_bands,0.0000,0.0000,0.0000,0.0000,0.0000,0,0,0.0000,0,0.1934,0.0000,0.0000,0.0000,0.0000,0.0000,IDLE,0,1,step_confirmed_slow_align d=0.620,0,0,6.000,1,0.6300,0.6200,0.0454,0.9104,0,nan,-0.1390,240,5,0.0000,0.0000,0.0000,0.0000,0.0000,等待台阶,1,0.0000,0.150,0.330
7812.433,SEEK_ROUNDABOUT,22.152,0,1.269,0.0000,0.0000,none,,,0.000,,,step_align_line_lost_stop/course_events_frozen,0.0000,0.0000,0,line_too_few_bands,0.0000,0.0000,0.0000,0.0000,0.0000,0,0,0.0000,0,0.1934,0.0000,0.0000,0.0000,0.0000,0.0000,IDLE,0,1,step_confirmed_slow_align d=0.620,0,0,6.000,1,0.6000,0.6200,0.0456,0.9123,0,nan,-0.1393,243,5,0.0000,0.0000,0.0000,0.0000,0.0000,等待台阶,1,0.0000,0.150,0.330
7812.558,SEEK_ROUNDABOUT,22.276,0,1.269,0.0000,0.0000,none,,,0.000,,,step_align_line_lost_stop/course_events_frozen,0.0000,0.0000,0,line_too_few_bands,0.0000,0.0000,0.0000,0.0000,0.0000,0,0,0.0000,0,0.1848,0.0000,0.0000,0.0000,0.0000,0.0000,IDLE,0,1,step_confirmed_slow_align d=0.620,0,0,6.000,1,0.6000,0.6200,0.0450,0.9042,0,nan,-0.1443,246,5,0.0000,0.0000,0.0000,0.0000,0.0000,等待台阶,1,0.0000,0.150,0.330
7812.684,SEEK_ROUNDABOUT,22.403,0,1.269,0.0000,0.0000,none,,,0.000,,,step_align_line_lost_stop/course_events_frozen,0.0000,0.0000,0,line_too_few_bands,0.0000,0.0000,0.0000,0.0000,0.0000,0,0,0.0000,0,0.1891,0.0000,0.0000,0.0000,0.0000,0.0000,IDLE,0,1,step_confirmed_slow_align d=0.630,0,0,6.000,1,0.6400,0.6300,0.0444,0.8952,0,nan,-0.1441,250,5,0.0000,0.0000,0.0000,0.0000,0.0000,等待台阶,1,0.0000,0.150,0.330
7812.814,SEEK_ROUNDABOUT,22.532,0,1.269,0.0000,0.0000,none,,,0.000,,,step_align_line_lost_stop/course_events_frozen,0.0000,0.0000,0,line_too_few_bands,0.0000,0.0000,0.0000,0.0000,0.0000,0,0,0.0000,0,0.1805,0.0000,0.0000,0.0000,0.0000,0.0000,IDLE,0,1,step_confirmed_slow_align d=0.620,0,0,6.000,1,0.6200,0.6200,0.0448,0.9015,0,nan,-0.1474,253,5,0.0000,0.0000,0.0000,0.0000,0.0000,等待台阶,1,0.0000,0.150,0.330
7812.955,SEEK_ROUNDABOUT,22.674,0,1.269,0.0000,0.0000,none,,,0.000,,,step_align_line_lost_stop/course_events_frozen,0.0000,0.0000,0,line_too_few_bands,0.0000,0.0000,0.0000,0.0000,0.0000,0,0,0.0000,0,0.1805,0.0000,0.0000,0.0000,0.0000,0.0000,IDLE,0,1,step_confirmed_slow_align d=0.620,0,0,6.000,1,0.6400,0.6200,0.0444,0.8957,0,nan,-0.1504,256,5,0.0000,0.0000,0.0000,0.0000,0.0000,等待台阶,1,0.0000,0.150,0.330
7813.086,SEEK_ROUNDABOUT,22.805,0,1.269,0.0000,0.0000,none,,,0.000,,,step_align_line_lost_stop/course_events_frozen,0.0000,0.0000,0,line_too_few_bands,0.0000,0.0000,0.0000,0.0000,0.0000,0,0,0.0000,0,0.1762,0.0000,0.0000,0.0000,0.0000,0.0000,IDLE,0,1,step_confirmed_slow_align d=0.620,0,0,6.000,1,0.6100,0.6200,0.0440,0.8905,0,nan,-0.1500,260,5,0.0000,0.0000,0.0000,0.0000,0.0000,等待台阶,1,0.0000,0.150,0.330
7813.222,SEEK_ROUNDABOUT,22.941,0,1.269,0.0000,0.0000,none,,,0.000,,,step_align_line_lost_stop/course_events_frozen,0.0000,0.0000,0,line_too_few_bands,0.0000,0.0000,0.0000,0.0000,0.0000,0,0,0.0000,0,0.1891,0.0000,0.0000,0.0000,0.0000,0.0000,IDLE,0,1,step_confirmed_slow_align d=0.620,0,0,6.000,1,0.6200,0.6200,0.0443,0.8949,0,nan,-0.1509,263,5,0.0000,0.0000,0.0000,0.0000,0.0000,等待台阶,1,0.0000,0.150,0.330
7813.351,SEEK_ROUNDABOUT,23.070,0,1.269,0.0000,0.0000,none,,,0.000,,,step_align_line_lost_stop/course_events_frozen,0.0000,0.0000,0,line_too_few_bands,0.0000,0.0000,0.0000,0.0000,0.0000,0,0,0.0000,0,0.1891,0.0000,0.0000,0.0000,0.0000,0.0000,IDLE,0,1,step_confirmed_slow_align d=0.620,0,0,6.000,1,0.6200,0.6200,0.0445,0.8975,0,nan,-0.1504,266,5,0.0000,0.0000,0.0000,0.0000,0.0000,等待台阶,1,0.0000,0.150,0.330
7813.483,SEEK_ROUNDABOUT,23.202,0,1.269,0.0000,0.0000,none,,,0.000,,,step_align_line_lost_stop/course_events_frozen,0.0000,0.0000,0,line_too_few_bands,0.0000,0.0000,0.0000,0.0000,0.0000,0,0,0.0000,0,0.1891,0.0000,0.0000,0.0000,0.0000,0.0000,IDLE,0,1,step_confirmed_slow_align d=0.620,0,0,6.000,1,0.6300,0.6200,0.0452,0.9072,0,nan,-0.1518,270,5,0.0000,0.0000,0.0000,0.0000,0.0000,等待台阶,1,0.0000,0.150,0.330
7813.617,SEEK_ROUNDABOUT,23.336,0,1.269,0.0000,0.0000,none,,,0.000,,,step_align_line_lost_stop/course_events_frozen,0.0000,0.0000,0,line_too_few_bands,0.0000,0.0000,0.0000,0.0000,0.0000,0,0,0.0000,0,0.2063,0.0000,0.0000,0.0000,0.0000,0.0000,IDLE,0,1,step_confirmed_slow_align d=0.620,0,0,6.000,1,0.6200,0.6200,0.0457,0.9138,0,nan,-0.1537,273,5,0.0000,0.0000,0.0000,0.0000,0.0000,等待台阶,1,0.0000,0.150,0.330
7813.752,SEEK_ROUNDABOUT,23.470,0,1.269,0.0000,0.0000,none,,,0.000,,,step_align_line_lost_stop/course_events_frozen,0.0000,0.0000,0,line_too_few_bands,0.0000,0.0000,0.0000,0.0000,0.0000,0,0,0.0000,0,0.1848,0.0000,0.0000,0.0000,0.0000,0.0000,IDLE,0,1,step_confirmed_slow_align d=0.620,0,0,6.000,1,0.6500,0.6200,0.0454,0.9095,0,nan,-0.1543,277,5,0.0000,0.0000,0.0000,0.0000,0.0000,等待台阶,1,0.0000,0.150,0.330
7813.894,SEEK_ROUNDABOUT,23.612,0,1.269,0.0000,0.0000,none,,,0.000,,,step_align_line_lost_stop/course_events_frozen,0.0000,0.0000,0,line_too_few_bands,0.0000,0.0000,0.0000,0.0000,0.0000,0,0,0.0000,0,0.1805,0.0000,0.0000,0.0000,0.0000,0.0000,IDLE,0,1,step_confirmed_slow_align d=0.620,0,0,6.000,1,0.6200,0.6200,0.0448,0.9020,0,nan,-0.1523,280,5,0.0000,0.0000,0.0000,0.0000,0.0000,等待台阶,1,0.0000,0.150,0.330
7814.030,SEEK_ROUNDABOUT,23.749,0,1.269,0.0000,0.0000,none,,,0.000,,,step_align_line_lost_stop/course_events_frozen,0.0000,0.0000,0,line_too_few_bands,0.0000,0.0000,0.0000,0.0000,0.0000,0,0,0.0000,0,0.1848,0.0000,0.0000,0.0000,0.0000,0.0000,IDLE,0,1,step_confirmed_slow_align d=0.620,0,0,6.000,1,0.6200,0.6200,0.0454,0.9095,0,nan,-0.1511,284,5,0.0000,0.0000,0.0000,0.0000,0.0000,等待台阶,1,0.0000,0.150,0.330
7814.165,SEEK_ROUNDABOUT,23.884,0,1.269,0.0000,0.0000,none,,,0.000,,,step_align_line_lost_stop/course_events_frozen,0.0000,0.0000,0,line_too_few_bands,0.0000,0.0000,0.0000,0.0000,0.0000,0,0,0.0000,0,0.1848,0.0000,0.0000,0.0000,0.0000,0.0000,IDLE,0,1,step_confirmed_slow_align d=0.620,0,0,6.000,1,0.6100,0.6200,0.0445,0.8973,0,nan,-0.1545,287,5,0.0000,0.0000,0.0000,0.0000,0.0000,等待台阶,1,0.0000,0.150,0.330
7814.303,SEEK_ROUNDABOUT,24.022,0,1.269,0.0000,0.0000,none,,,0.000,,,step_align_line_lost_stop/course_events_frozen,0.0000,0.0000,0,line_too_few_bands,0.0000,0.0000,0.0000,0.0000,0.0000,0,0,0.0000,0,0.1848,0.0000,0.0000,0.0000,0.0000,0.0000,IDLE,0,1,step_confirmed_slow_align d=0.620,0,0,6.000,1,0.6600,0.6200,0.0456,0.9118,0,nan,-0.1562,291,5,0.0000,0.0000,0.0000,0.0000,0.0000,等待台阶,1,0.0000,0.150,0.330
7814.438,SEEK_ROUNDABOUT,24.157,0,1.269,0.0000,0.0000,none,,,0.000,,,step_align_line_lost_stop/course_events_frozen,0.0000,0.0000,0,line_too_few_bands,0.0000,0.0000,0.0000,0.0000,0.0000,0,0,0.0000,0,0.1848,0.0000,0.0000,0.0000,0.0000,0.0000,IDLE,0,1,step_confirmed_slow_align d=0.620,0,0,6.000,1,0.6100,0.6200,0.0455,0.9110,0,nan,-0.1533,294,5,0.0000,0.0000,0.0000,0.0000,0.0000,等待台阶,1,0.0000,0.150,0.330
7814.571,SEEK_ROUNDABOUT,24.290,0,1.269,0.0000,0.0000,none,,,0.000,,,step_align_line_lost_stop/course_events_frozen,0.0000,0.0000,0,line_too_few_bands,0.0000,0.0000,0.0000,0.0000,0.0000,0,0,0.0000,0,0.1848,0.0000,0.0000,0.0000,0.0000,0.0000,IDLE,0,1,step_confirmed_slow_align d=0.610,0,0,6.000,1,0.6000,0.6100,0.0455,0.9099,0,nan,-0.1504,298,5,0.0000,0.0000,0.0000,0.0000,0.0000,等待台阶,1,0.0000,0.150,0.330
7814.706,SEEK_ROUNDABOUT,24.425,0,1.269,0.0000,0.0000,none,,,0.000,,,step_align_line_lost_stop/course_events_frozen,0.0000,0.0000,0,line_too_few_bands,0.0000,0.0000,0.0000,0.0000,0.0000,0,0,0.0000,0,0.1848,0.0000,0.0000,0.0000,0.0000,0.0000,IDLE,0,1,step_confirmed_slow_align d=0.610,0,0,6.000,1,0.6400,0.6100,0.0454,0.9099,0,nan,-0.1516,301,5,0.0000,0.0000,0.0000,0.0000,0.0000,等待台阶,1,0.0000,0.150,0.330
7814.840,SEEK_ROUNDABOUT,24.558,0,1.269,0.0000,0.0000,none,,,0.000,,,step_depth_pose_align/course_events_frozen,0.0000,0.3000,0,line_too_few_bands,0.0000,0.0000,0.0000,0.0000,0.0000,0,0,0.0000,0,0.1848,0.0000,0.0000,0.0000,0.0000,0.3000,IDLE,0,1,depth_pose_aligning angle=+24.4deg lat=-0.150,0,0,6.000,1,0.5900,0.6100,0.0450,0.9036,1,0.4259,-0.1495,304,5,0.0000,0.0000,0.0000,0.0000,0.0000,等待台阶,1,0.0000,0.150,0.330
7814.971,SEEK_ROUNDABOUT,24.690,0,1.269,0.0000,0.0000,none,,,0.000,,,step_align_line_lost_stop/course_events_frozen,0.0000,0.0000,0,line_too_few_bands,0.0000,0.0000,0.0000,0.0000,0.0000,0,0,0.0000,0,0.2020,0.0000,0.0000,0.0000,0.0000,0.0000,IDLE,0,1,step_confirmed_slow_align d=0.610,0,0,6.000,1,0.6200,0.6100,0.0445,0.8980,0,nan,-0.1502,308,5,0.0000,0.0000,0.0000,0.0000,0.0000,等待台阶,1,0.0000,0.150,0.330
7815.110,SEEK_ROUNDABOUT,24.829,0,1.269,0.0000,0.0000,none,,,0.000,,,step_align_line_lost_stop/course_events_frozen,0.0000,0.0000,0,line_too_few_bands,0.0000,0.0000,0.0000,0.0000,0.0000,0,0,0.0000,0,0.2149,0.0000,0.0000,0.0000,0.0000,0.0000,IDLE,0,1,step_confirmed_slow_align d=0.620,0,0,6.000,1,0.6200,0.6200,0.0456,0.9142,0,nan,-0.1513,311,5,0.0000,0.0000,0.0000,0.0000,0.0000,等待台阶,1,0.0000,0.150,0.330
7815.239,SEEK_ROUNDABOUT,24.958,0,1.269,0.0000,0.0000,none,,,0.000,,,step_align_line_lost_stop/course_events_frozen,0.0000,0.0000,0,line_too_few_bands,0.0000,0.0000,0.0000,0.0000,0.0000,0,0,0.0000,0,0.2192,0.0000,0.0000,0.0000,0.0000,0.0000,IDLE,0,1,step_confirmed_slow_align d=0.620,0,0,6.000,1,0.6200,0.6200,0.0457,0.9148,0,nan,-0.1494,315,5,0.0000,0.0000,0.0000,0.0000,0.0000,等待台阶,1,0.0000,0.150,0.330
7815.374,SEEK_ROUNDABOUT,25.092,0,1.269,0.0000,0.0000,none,,,0.000,,,step_align_line_lost_stop/course_events_frozen,0.0000,0.0000,0,line_too_few_bands,0.0000,0.0000,0.0000,0.0000,0.0000,0,0,0.0000,0,0.2106,0.0000,0.0000,0.0000,0.0000,0.0000,IDLE,0,1,step_confirmed_slow_align d=0.620,0,0,6.000,1,0.6200,0.6200,0.0455,0.9119,0,nan,-0.1464,318,5,0.0000,0.0000,0.0000,0.0000,0.0000,等待台阶,1,0.0000,0.150,0.330
7815.515,SEEK_ROUNDABOUT,25.234,0,1.269,0.0000,0.0000,none,,,0.000,,,step_align_line_lost_stop/course_events_frozen,0.0000,0.0000,0,line_too_few_bands,0.0000,0.0000,0.0000,0.0000,0.0000,0,0,0.0000,0,0.2106,0.0000,0.0000,0.0000,0.0000,0.0000,IDLE,0,1,step_confirmed_slow_align d=0.620,0,0,6.000,1,0.6100,0.6200,0.0465,0.9251,0,nan,-0.1437,321,5,0.0000,0.0000,0.0000,0.0000,0.0000,等待台阶,1,0.0000,0.150,0.330
7815.676,SEEK_ROUNDABOUT,25.394,0,1.269,0.0000,0.0000,none,,,0.000,,,step_depth_pose_align/course_events_frozen,0.0000,0.3000,0,line_too_few_bands,0.0000,0.0000,0.0000,0.0000,0.0000,0,0,0.0000,0,0.2063,0.0000,0.0000,0.0000,0.0000,0.3000,IDLE,0,1,depth_pose_aligning angle=+23.5deg lat=-0.131,0,0,6.000,1,0.5500,0.6200,0.0471,0.9335,1,0.4108,-0.1306,325,5,0.0000,0.0000,0.0000,0.0000,0.0000,等待台阶,1,0.0000,0.150,0.330
7815.811,SEEK_ROUNDABOUT,25.529,0,1.269,0.0000,0.0000,none,,,0.000,,,step_depth_pose_align/course_events_frozen,0.0000,0.3000,0,line_too_few_bands,0.0000,0.0000,0.0000,0.0000,0.0000,0,0,0.0000,0,0.2106,0.0000,0.0000,0.0000,0.0000,0.3000,IDLE,0,1,depth_pose_aligning angle=+23.3deg lat=-0.125,0,0,6.000,1,0.5500,0.6100,0.0477,0.9422,1,0.4061,-0.1246,328,5,0.0000,0.0000,0.0000,0.0000,0.0000,等待台阶,1,0.0000,0.150,0.330
7815.957,SEEK_ROUNDABOUT,25.676,0,1.269,0.0000,0.0000,none,,,0.000,,,step_align_line_lost_stop/course_events_frozen,0.0000,0.0000,0,line_too_few_bands,0.0000,0.0000,0.0000,0.0000,0.0000,0,0,0.0000,0,0.2321,0.0000,0.0000,0.0000,0.0000,0.0000,IDLE,0,1,step_confirmed_slow_align d=0.580,0,0,6.000,1,0.5800,0.5800,0.0475,0.9394,0,nan,-0.1232,332,5,0.0000,0.0000,0.0000,0.0000,0.0000,等待台阶,1,0.0000,0.150,0.330
7816.091,SEEK_ROUNDABOUT,25.810,0,1.269,0.0000,0.0000,none,,,0.000,,,step_align_line_lost_stop/course_events_frozen,0.0000,0.0000,0,line_too_few_bands,0.0000,0.0000,0.0000,0.0000,0.0000,0,0,0.0000,0,0.2536,0.0000,0.0000,0.0000,0.0000,0.0000,IDLE,0,1,step_confirmed_slow_align d=0.580,0,0,6.000,1,0.5900,0.5800,0.0477,0.9427,0,nan,-0.1229,335,5,0.0000,0.0000,0.0000,0.0000,0.0000,等待台阶,1,0.0000,0.150,0.330
7816.229,SEEK_ROUNDABOUT,25.947,0,1.269,0.0000,0.0000,none,,,0.000,,,step_align_line_lost_stop/course_events_frozen,0.0000,0.0000,0,line_too_few_bands,0.0000,0.0000,0.0000,0.0000,0.0000,0,0,0.0000,0,0.2621,0.0000,0.0000,0.0000,0.0000,0.0000,IDLE,0,1,step_confirmed_slow_align d=0.560,0,0,6.000,1,0.5600,0.5600,0.0474,0.9379,0,nan,-0.1271,338,5,0.0000,0.0000,0.0000,0.0000,0.0000,等待台阶,1,0.0000,0.150,0.330
7816.362,SEEK_ROUNDABOUT,26.080,0,1.269,0.0000,0.0000,none,,,0.000,,,step_align_line_lost_stop/course_events_frozen,0.0000,0.0000,0,line_too_few_bands,0.0000,0.0000,0.0000,0.0000,0.0000,0,0,0.0000,0,0.2621,0.0000,0.0000,0.0000,0.0000,0.0000,IDLE,0,1,step_confirmed_slow_align d=0.580,0,0,6.000,1,0.5900,0.5800,0.0473,0.9365,0,nan,-0.1303,341,5,0.0000,0.0000,0.0000,0.0000,0.0000,等待台阶,1,0.0000,0.150,0.330
7816.493,SEEK_ROUNDABOUT,26.212,0,1.269,0.0000,0.0000,none,,,0.000,,,step_align_line_lost_stop/course_events_frozen,0.0000,0.0000,0,line_too_few_bands,0.0000,0.0000,0.0000,0.0000,0.0000,0,0,0.0000,0,0.2621,0.0000,0.0000,0.0000,0.0000,0.0000,IDLE,0,1,step_confirmed_slow_align d=0.580,0,0,6.000,1,0.5400,0.5800,0.0476,0.9397,0,nan,-0.1210,344,5,0.0000,0.0000,0.0000,0.0000,0.0000,等待台阶,1,0.0000,0.150,0.330
7816.626,SEEK_ROUNDABOUT,26.344,0,1.269,0.0000,0.0000,none,,,0.000,,,step_align_line_lost_stop/course_events_frozen,0.0000,0.0000,0,line_too_few_bands,0.0000,0.0000,0.0000,0.0000,0.0000,0,0,0.0000,0,0.2579,0.0000,0.0000,0.0000,0.0000,0.0000,IDLE,0,1,step_confirmed_slow_align d=0.560,0,0,6.000,1,0.5600,0.5600,0.0481,0.9477,0,nan,-0.1148,347,5,0.0000,0.0000,0.0000,0.0000,0.0000,等待台阶,1,0.0000,0.150,0.330
7816.767,SEEK_ROUNDABOUT,26.486,0,1.269,0.0000,0.0000,none,,,0.000,,,step_align_line_lost_stop/course_events_frozen,0.0000,0.0000,0,line_too_few_bands,0.0000,0.0000,0.0000,0.0000,0.0000,0,0,0.0000,0,0.2536,0.0000,0.0000,0.0000,0.0000,0.0000,IDLE,0,1,step_confirmed_slow_align d=0.560,0,0,6.000,1,0.6000,0.5600,0.0482,0.9483,0,nan,-0.1028,351,5,0.0000,0.0000,0.0000,0.0000,0.0000,等待台阶,1,0.0000,0.150,0.330
7816.900,SEEK_ROUNDABOUT,26.618,0,1.269,0.0000,0.0000,none,,,0.000,,,step_align_line_lost_stop/course_events_frozen,0.0000,0.0000,0,line_too_few_bands,0.0000,0.0000,0.0000,0.0000,0.0000,0,0,0.0000,0,0.2579,0.0000,0.0000,0.0000,0.0000,0.0000,IDLE,0,1,step_confirmed_slow_align d=0.570,0,0,6.000,1,0.5700,0.5700,0.0482,0.9483,0,nan,-0.1070,354,5,0.0000,0.0000,0.0000,0.0000,0.0000,等待台阶,1,0.0000,0.150,0.330
7817.031,SEEK_ROUNDABOUT,26.749,0,1.269,0.0000,0.0000,none,,,0.000,,,step_align_line_lost_stop/course_events_frozen,0.0000,0.0000,0,line_too_few_bands,0.0000,0.0000,0.0000,0.0000,0.0000,0,0,0.0000,0,0.2579,0.0000,0.0000,0.0000,0.0000,0.0000,IDLE,0,1,step_confirmed_slow_align d=0.560,0,0,6.000,1,0.5600,0.5600,0.0483,0.9496,0,nan,-0.1121,357,5,0.0000,0.0000,0.0000,0.0000,0.0000,等待台阶,1,0.0000,0.150,0.330
7817.169,SEEK_ROUNDABOUT,26.888,0,1.269,0.0000,0.0000,none,,,0.000,,,step_depth_pose_align/course_events_frozen,0.0000,0.3000,0,line_too_few_bands,0.0000,0.0000,0.0000,0.0000,0.0000,0,0,0.0000,0,0.2493,0.0000,0.0000,0.0000,0.0000,0.3000,IDLE,0,1,depth_pose_aligning angle=+20.1deg lat=-0.113,0,0,6.000,1,0.5600,0.5600,0.0479,0.9436,1,0.3502,-0.1127,360,5,0.0000,0.0000,0.0000,0.0000,0.0000,等待台阶,1,0.0000,0.150,0.330
7817.317,SEEK_ROUNDABOUT,27.035,0,1.269,0.0000,0.0000,none,,,0.000,,,step_align_line_lost_stop/course_events_frozen,0.0000,0.0000,0,line_too_few_bands,0.0000,0.0000,0.0000,0.0000,0.0000,0,0,0.0000,0,0.2536,0.0000,0.0000,0.0000,0.0000,0.0000,IDLE,0,1,step_confirmed_slow_align d=0.570,0,0,6.000,1,0.6200,0.5700,0.0486,0.9542,0,nan,-0.1137,363,5,0.0000,0.0000,0.0000,0.0000,0.0000,等待台阶,1,0.0000,0.150,0.330
7817.458,SEEK_ROUNDABOUT,27.176,0,1.269,0.0000,0.0000,none,,,0.000,,,step_depth_pose_align/course_events_frozen,0.0000,0.3000,0,line_too_few_bands,0.0000,0.0000,0.0000,0.0000,0.0000,0,0,0.0000,0,0.2707,0.0000,0.0000,0.0000,0.0000,0.3000,IDLE,0,1,depth_pose_aligning angle=+19.5deg lat=-0.111,0,0,6.000,1,0.5800,0.5700,0.0480,0.9443,1,0.3397,-0.1105,367,5,0.0000,0.0000,0.0000,0.0000,0.0000,等待台阶,1,0.0000,0.150,0.330
7817.605,SEEK_ROUNDABOUT,27.324,0,1.269,0.0000,0.0000,none,,,0.000,,,step_align_line_lost_stop/course_events_frozen,0.0000,0.0000,0,line_too_few_bands,0.0000,0.0000,0.0000,0.0000,0.0000,0,0,0.0000,0,0.2664,0.0000,0.0000,0.0000,0.0000,0.0000,IDLE,0,1,step_confirmed_slow_align d=0.580,0,0,6.000,1,0.6200,0.5800,0.0465,0.9247,0,nan,-0.1144,370,5,0.0000,0.0000,0.0000,0.0000,0.0000,等待台阶,1,0.0000,0.150,0.330
7817.741,SEEK_ROUNDABOUT,27.460,0,1.269,0.0000,0.0000,none,,,0.000,,,step_align_line_lost_stop/course_events_frozen,0.0000,0.0000,0,line_too_few_bands,0.0000,0.0000,0.0000,0.0000,0.0000,0,0,0.0000,0,0.2836,0.0000,0.0000,0.0000,0.0000,0.0000,IDLE,0,1,step_confirmed_slow_align d=0.580,0,0,6.000,1,0.5800,0.5800,0.0449,0.8998,0,nan,-0.1114,373,5,0.0000,0.0000,0.0000,0.0000,0.0000,等待台阶,1,0.0000,0.150,0.330
7817.879,SEEK_ROUNDABOUT,27.598,0,1.269,0.0000,0.0000,none,,,0.000,,,step_align_line_lost_stop/course_events_frozen,0.0000,0.0000,0,line_too_few_bands,0.0000,0.0000,0.0000,0.0000,0.0000,0,0,0.0000,0,0.2750,0.0000,0.0000,0.0000,0.0000,0.0000,IDLE,0,1,step_confirmed_slow_align d=0.600,0,0,6.000,1,0.6000,0.6000,0.0456,0.9115,0,nan,-0.1109,376,5,0.0000,0.0000,0.0000,0.0000,0.0000,等待台阶,1,0.0000,0.150,0.330
7818.015,SEEK_ROUNDABOUT,27.733,0,1.269,0.0000,0.0000,none,,,0.000,,,step_align_line_lost_stop/course_events_frozen,0.0000,0.0000,0,line_too_few_bands,0.0000,0.0000,0.0000,0.0000,0.0000,0,0,0.0000,0,0.2707,0.0000,0.0000,0.0000,0.0000,0.0000,IDLE,0,1,step_confirmed_slow_align d=0.580,0,0,6.000,1,0.5800,0.5800,0.0462,0.9186,0,nan,-0.1062,379,5,0.0000,0.0000,0.0000,0.0000,0.0000,等待台阶,1,0.0000,0.150,0.330
7818.162,SEEK_ROUNDABOUT,27.881,0,1.269,0.0000,0.0000,none,,,0.000,,,step_align_line_lost_stop/course_events_frozen,0.0000,0.0000,0,line_too_few_bands,0.0000,0.0000,0.0000,0.0000,0.0000,0,0,0.0000,0,0.2750,0.0000,0.0000,0.0000,0.0000,0.0000,IDLE,0,1,step_confirmed_slow_align d=0.590,0,0,6.000,1,0.5900,0.5900,0.0464,0.9206,0,nan,-0.1048,382,5,0.0000,0.0000,0.0000,0.0000,0.0000,等待台阶,1,0.0000,0.150,0.330
7818.313,SEEK_ROUNDABOUT,28.032,0,1.269,0.0000,0.0000,none,,,0.000,,,step_depth_pose_align/course_events_frozen,0.0000,0.3000,0,line_too_few_bands,0.0000,0.0000,0.0000,0.0000,0.0000,0,0,0.0000,0,0.2707,0.0000,0.0000,0.0000,0.0000,0.3000,IDLE,0,1,depth_pose_aligning angle=+17.1deg lat=-0.092,0,0,6.000,1,0.6000,0.5900,0.0471,0.9317,1,0.2979,-0.0919,386,5,0.0000,0.0000,0.0000,0.0000,0.0000,等待台阶,1,0.0000,0.150,0.330
7818.443,SEEK_ROUNDABOUT,28.161,0,1.269,0.0000,0.0000,none,,,0.000,,,step_depth_pose_align/course_events_frozen,0.0000,0.3000,0,line_too_few_bands,0.0000,0.0000,0.0000,0.0000,0.0000,0,0,0.0000,0,0.2707,0.0000,0.0000,0.0000,0.0000,0.3000,IDLE,0,1,depth_pose_aligning angle=+17.8deg lat=-0.091,0,0,6.000,1,0.5900,0.5900,0.0469,0.9288,1,0.3102,-0.0907,388,5,0.0000,0.0000,0.0000,0.0000,0.0000,等待台阶,1,0.0000,0.150,0.330
7818.575,SEEK_ROUNDABOUT,28.293,0,1.269,0.0000,0.0000,none,,,0.000,,,step_align_line_lost_stop/course_events_frozen,0.0000,0.0000,0,line_too_few_bands,0.0000,0.0000,0.0000,0.0000,0.0000,0,0,0.0000,0,0.2793,0.0000,0.0000,0.0000,0.0000,0.0000,IDLE,0,1,step_confirmed_slow_align d=0.590,0,0,6.000,1,0.6300,0.5900,0.0467,0.9246,0,nan,-0.0957,390,5,0.0000,0.0000,0.0000,0.0000,0.0000,等待台阶,1,0.0000,0.150,0.330
7818.709,SEEK_ROUNDABOUT,28.428,0,1.269,0.0000,0.0000,none,,,0.000,,,step_align_line_lost_stop/course_events_frozen,0.0000,0.0000,0,line_too_few_bands,0.0000,0.0000,0.0000,0.0000,0.0000,0,0,0.0000,0,0.2793,0.0000,0.0000,0.0000,0.0000,0.0000,IDLE,0,1,step_confirmed_slow_align d=0.600,0,0,6.000,1,0.6300,0.6000,0.0468,0.9265,0,nan,-0.0998,393,5,0.0000,0.0000,0.0000,0.0000,0.0000,等待台阶,1,0.0000,0.150,0.330
7818.841,SEEK_ROUNDABOUT,28.560,0,1.269,0.0000,0.0000,none,,,0.000,,,step_align_line_lost_stop/course_events_frozen,0.0000,0.0000,0,line_too_few_bands,0.0000,0.0000,0.0000,0.0000,0.0000,0,0,0.0000,0,0.2793,0.0000,0.0000,0.0000,0.0000,0.0000,IDLE,0,1,step_confirmed_slow_align d=0.630,0,0,6.000,1,0.6300,0.6300,0.0482,0.9453,0,nan,-0.0984,396,5,0.0000,0.0000,0.0000,0.0000,0.0000,等待台阶,1,0.0000,0.150,0.330
7818.973,SEEK_ROUNDABOUT,28.692,0,1.269,0.0000,0.0000,none,,,0.000,,,step_depth_pose_align/course_events_frozen,0.0000,0.3000,0,line_too_few_bands,0.0000,0.0000,0.0000,0.0000,0.0000,0,0,0.0000,0,0.2793,0.0000,0.0000,0.0000,0.0000,0.3000,IDLE,0,1,depth_pose_aligning angle=+17.0deg lat=-0.092,0,0,6.000,1,0.6000,0.6300,0.0466,0.9255,1,0.2963,-0.0916,399,5,0.0000,0.0000,0.0000,0.0000,0.0000,等待台阶,1,0.0000,0.150,0.330
7819.120,SEEK_ROUNDABOUT,28.839,0,1.269,0.0000,0.0000,none,,,0.000,,,step_depth_pose_align/course_events_frozen,0.0000,0.3000,0,line_too_few_bands,0.0000,0.0000,0.0000,0.0000,0.0000,0,0,0.0000,0,0.2793,0.0000,0.0000,0.0000,0.0000,0.3000,IDLE,0,1,depth_pose_aligning angle=+16.6deg lat=-0.086,0,0,6.000,1,0.5900,0.6300,0.0449,0.9001,1,0.2893,-0.0863,402,5,0.0000,0.0000,0.0000,0.0000,0.0000,等待台阶,1,0.0000,0.150,0.330
7819.252,SEEK_ROUNDABOUT,28.971,0,1.269,0.0000,0.0000,none,,,0.000,,,step_depth_pose_align/course_events_frozen,0.0000,0.3000,0,line_too_few_bands,0.0000,0.0000,0.0000,0.0000,0.0000,0,0,0.0000,0,0.3395,0.0000,0.0000,0.0000,0.0000,0.3000,IDLE,0,1,depth_pose_aligning angle=+15.7deg lat=-0.072,0,0,6.000,1,0.6000,0.6000,0.0469,0.9286,1,0.2738,-0.0720,405,5,0.0000,0.0000,0.0000,0.0000,0.0000,等待台阶,1,0.0000,0.150,0.330
7819.386,SEEK_ROUNDABOUT,29.104,0,1.269,0.0000,0.0000,none,,,0.000,,,step_depth_pose_align/course_events_frozen,0.0000,0.3000,0,line_too_few_bands,0.0000,0.0000,0.0000,0.0000,0.0000,0,0,0.0000,1,0.5266,0.0000,0.0000,0.0000,0.0000,0.3000,IDLE,0,1,depth_pose_aligning angle=+15.2deg lat=-0.072,0,0,6.000,1,0.6000,0.6000,0.0468,0.9266,1,0.2661,-0.0719,408,5,0.0000,0.0000,0.0000,0.0000,0.0000,等待台阶,1,0.0000,0.150,0.330
7819.516,SEEK_ROUNDABOUT,29.234,0,1.269,0.0000,0.0000,none,,,0.000,,,step_depth_pose_align/course_events_frozen,0.0000,0.3000,0,line_too_few_bands,0.0000,0.0000,0.0000,0.0000,0.0000,0,0,0.0000,1,0.9891,0.0000,0.0000,0.0000,0.0000,0.3000,IDLE,0,1,depth_pose_aligning angle=+14.7deg lat=-0.071,0,0,6.000,1,0.5800,0.6000,0.0467,0.9262,1,0.2563,-0.0706,411,5,0.0000,0.0000,0.0000,0.0000,0.0000,等待台阶,1,0.0000,0.150,0.330
7819.649,SEEK_ROUNDABOUT,29.367,0,1.269,0.0000,0.0000,none,,,0.000,,,step_depth_pose_align/course_events_frozen,0.0000,0.3000,0,line_too_few_bands,0.0000,0.0000,0.0000,0.0000,0.0000,0,0,0.0000,1,1.0000,0.0000,0.0000,0.0000,0.0000,0.3000,IDLE,0,1,depth_pose_aligning angle=+14.4deg lat=-0.069,0,0,6.000,1,0.5800,0.5900,0.0463,0.9192,1,0.2510,-0.0694,414,5,0.0000,0.0000,0.0000,0.0000,0.0000,等待台阶,1,0.0000,0.150,0.330
7819.781,SEEK_ROUNDABOUT,29.499,0,1.269,0.0000,0.0000,none,,,0.000,,,step_align_line_lost_stop/course_events_frozen,0.0000,0.0000,0,line_too_few_bands,0.0000,0.0000,0.0000,0.0000,0.0000,0,0,0.0000,1,1.0000,0.0000,0.0000,0.0000,0.0000,0.0000,IDLE,0,1,step_confirmed_slow_align d=0.580,0,0,6.000,1,0.5800,0.5800,0.0460,0.9154,0,nan,-0.0654,417,5,0.0000,0.0000,0.0000,0.0000,0.0000,等待台阶,1,0.0000,0.150,0.330
7819.916,SEEK_ROUNDABOUT,29.634,0,1.269,0.0000,0.0000,none,,,0.000,,,step_align_line_lost_stop/course_events_frozen,0.0000,0.0000,0,line_too_few_bands,0.0000,0.0000,0.0000,0.0000,0.0000,0,0,0.0000,1,1.0000,0.0000,0.0000,0.0000,0.0000,0.0000,IDLE,0,1,step_confirmed_slow_align d=0.580,0,0,6.000,1,0.5800,0.5800,0.0460,0.9160,0,nan,-0.0585,419,5,0.0000,0.0000,0.0000,0.0000,0.0000,等待台阶,1,0.0000,0.150,0.330
7820.048,SEEK_ROUNDABOUT,29.767,0,1.269,0.0000,0.0000,none,,,0.000,,,step_align_line_lost_stop/course_events_frozen,0.0000,0.0000,0,line_too_few_bands,0.0000,0.0000,0.0000,0.0000,0.0000,0,0,0.0000,1,1.0000,0.0000,0.0000,0.0000,0.0000,0.0000,IDLE,0,1,step_confirmed_slow_align d=0.580,0,0,6.000,1,0.5800,0.5800,0.0429,0.8700,0,nan,-0.0499,422,5,0.0000,0.0000,0.0000,0.0000,0.0000,等待台阶,1,0.0000,0.150,0.330
7820.185,SEEK_ROUNDABOUT,29.904,0,1.269,0.0000,0.0000,none,,,0.000,,,step_depth_pose_align/course_events_frozen,0.0000,0.2979,0,line_too_few_bands,0.0000,0.0000,0.0000,0.0000,0.0000,0,0,0.0000,1,1.0000,0.0000,0.0000,0.0000,0.0000,0.2979,IDLE,0,1,depth_pose_aligning angle=+10.8deg lat=-0.039,0,0,6.000,1,0.5700,0.5800,0.0436,0.8809,1,0.1889,-0.0390,425,5,0.0000,0.0000,0.0000,0.0000,0.0000,等待台阶,1,0.0000,0.150,0.330
7820.325,SEEK_ROUNDABOUT,30.044,0,1.269,0.0000,0.0000,none,,,0.000,,,step_depth_pose_align/course_events_frozen,0.0000,0.2220,0,line_too_few_bands,0.0000,0.0000,0.0000,0.0000,0.0000,0,0,0.0000,1,1.0000,0.0000,0.0000,0.0000,0.0000,0.2220,IDLE,0,1,depth_pose_aligning angle=+8.6deg lat=-0.019,0,0,6.000,1,0.5700,0.5800,0.0470,0.9304,1,0.1492,-0.0186,428,5,0.0000,0.0000,0.0000,0.0000,0.0000,等待台阶,1,0.0000,0.150,0.330
7820.461,SEEK_ROUNDABOUT,30.180,0,1.269,0.0000,0.0000,none,,,0.000,,,step_depth_pose_align/course_events_frozen,0.0000,0.1928,0,line_too_few_bands,0.0000,0.0000,0.0000,0.0000,0.0000,0,0,0.0000,1,1.0000,0.0000,0.0000,0.0000,0.0000,0.1928,IDLE,0,1,depth_pose_aligned 1/3 angle=+7.7deg lat=-0.010,0,0,6.000,1,0.5700,0.5700,0.0442,0.8891,1,0.1347,-0.0100,431,5,0.0000,0.0000,0.0000,0.0000,0.0000,等待台阶,1,0.0000,0.150,0.330
7820.611,SEEK_ROUNDABOUT,30.329,0,1.269,0.0000,0.0000,none,,,0.000,,,step_align_line_lost_stop/course_events_frozen,0.0000,0.0000,0,line_too_few_bands,0.0000,0.0000,0.0000,0.0000,0.0000,0,0,0.0000,1,1.0000,0.0000,0.0000,0.0000,0.0000,0.0000,IDLE,0,1,step_confirmed_slow_align d=0.570,0,0,6.000,1,0.5700,0.5700,0.0434,0.8784,0,nan,0.0010,434,5,0.0000,0.0000,0.0000,0.0000,0.0000,等待台阶,1,0.0000,0.150,0.330
7820.744,SEEK_ROUNDABOUT,30.462,0,1.269,0.0000,0.0000,none,,,0.000,,,step_align_line_lost_stop/course_events_frozen,0.0000,0.0000,0,line_too_few_bands,0.0000,0.0000,0.0000,0.0000,0.0000,0,0,0.0000,1,1.0000,0.0000,0.0000,0.0000,0.0000,0.0000,IDLE,0,1,step_confirmed_slow_align d=0.570,0,0,6.000,1,0.5600,0.5700,0.0482,0.9469,0,nan,0.0029,440,5,0.0000,0.0000,0.0000,0.0000,0.0000,等待台阶,1,0.0000,0.150,0.330
7820.879,SEEK_ROUNDABOUT,30.598,0,1.269,0.0000,0.0000,none,,,0.000,,,line_lost_stop,0.0000,0.0000,0,line_too_few_bands,0.0000,0.0000,0.0000,0.0000,0.0000,0,0,0.0000,1,1.0000,0.0000,0.0000,0.0000,0.0000,0.0000,IDLE,0,0,candidate_fields_invalid,0,0,5.400,0,nan,0.5700,nan,0.0000,0,nan,nan,0,5,0.0000,0.0000,0.0000,0.0000,0.0000,等待台阶,1,0.0000,0.150,0.330
7821.005,SEEK_ROUNDABOUT,30.723,0,1.269,0.0000,0.0000,none,,,0.000,,,line_lost_stop,0.0000,0.0000,0,line_too_few_bands,0.0000,0.0000,0.0000,0.0000,0.0000,0,0,0.0000,1,1.0000,0.0000,0.0000,0.0000,0.0000,0.0000,IDLE,0,0,candidate_fields_invalid,0,0,4.800,0,nan,0.5700,nan,0.0000,0,nan,nan,0,5,0.0000,0.0000,0.0000,0.0000,0.0000,等待台阶,1,0.0000,0.150,0.330
7821.140,SEEK_ROUNDABOUT,30.858,0,1.269,0.0000,0.0000,none,,,0.000,,,line_lost_stop,0.0000,0.0000,0,line_too_few_bands,0.0000,0.0000,0.0000,0.0000,0.0000,0,0,0.0000,1,1.0000,0.0000,0.0000,0.0000,0.0000,0.0000,IDLE,0,0,candidate_fields_invalid,0,0,4.200,0,nan,0.5700,nan,0.0000,0,nan,nan,0,5,0.0000,0.0000,0.0000,0.0000,0.0000,等待台阶,1,0.0000,0.150,0.330
7821.268,SEEK_ROUNDABOUT,30.987,0,1.269,0.0000,0.0000,none,,,0.000,,,line_lost_stop,0.0000,0.0000,0,line_too_few_bands,0.0000,0.0000,0.0000,0.0000,0.0000,0,0,0.0000,1,1.0000,0.0000,0.0000,0.0000,0.0000,0.0000,IDLE,0,0,candidate_fields_invalid,0,0,3.600,0,nan,0.5650,nan,0.0000,0,nan,nan,0,5,0.0000,0.0000,0.0000,0.0000,0.0000,等待台阶,1,0.0000,0.150,0.330
7821.394,SEEK_ROUNDABOUT,31.113,0,1.269,0.0000,0.0000,none,,,0.000,,,line_lost_stop,0.0000,0.0000,0,line_too_few_bands,0.0000,0.0000,0.0000,0.0000,0.0000,0,0,0.0000,1,1.0000,0.0000,0.0000,0.0000,0.0000,0.0000,IDLE,0,0,candidate_fields_invalid,0,0,3.000,0,nan,0.5650,nan,0.0000,0,nan,nan,0,5,0.0000,0.0000,0.0000,0.0000,0.0000,等待台阶,1,0.0000,0.150,0.330
7821.524,SEEK_ROUNDABOUT,31.243,0,1.269,0.0000,0.0000,none,,,0.000,,,line_lost_stop,0.0000,0.0000,0,line_too_few_bands,0.0000,0.0000,0.0000,0.0000,0.0000,0,0,0.0000,1,1.0000,0.0000,0.0000,0.0000,0.0000,0.0000,IDLE,0,0,candidate_fields_invalid,0,0,2.400,0,nan,0.5600,nan,0.0000,0,nan,nan,0,5,0.0000,0.0000,0.0000,0.0000,0.0000,等待台阶,1,0.0000,0.150,0.330
7821.654,SEEK_ROUNDABOUT,31.372,0,1.269,0.0000,0.0000,none,,,0.000,,,line_lost_stop,0.0000,0.0000,0,line_too_few_bands,0.0000,0.0000,0.0000,0.0000,0.0000,0,0,0.0000,1,1.0000,0.0000,0.0000,0.0000,0.0000,0.0000,IDLE,0,0,candidate_fields_invalid,0,0,1.800,0,nan,nan,nan,0.0000,0,nan,nan,0,5,0.0000,0.0000,0.0000,0.0000,0.0000,等待台阶,1,0.0000,0.150,0.330
7821.781,SEEK_ROUNDABOUT,31.500,0,1.269,0.0000,0.0000,none,,,0.000,,,line_lost_stop,0.0000,0.0000,0,line_too_few_bands,0.0000,0.0000,0.0000,0.0000,0.0000,0,0,0.0000,1,1.0000,0.0000,0.0000,0.0000,0.0000,0.0000,IDLE,0,0,candidate_fields_invalid,0,0,1.200,0,nan,nan,nan,0.0000,0,nan,nan,0,5,0.0000,0.0000,0.0000,0.0000,0.0000,等待台阶,1,0.0000,0.150,0.330
7821.910,SEEK_ROUNDABOUT,31.628,0,1.269,0.0000,0.0000,none,,,0.000,,,line_lost_stop,0.0000,0.0000,0,line_too_few_bands,0.0000,0.0000,0.0000,0.0000,0.0000,0,0,0.0000,1,1.0000,0.0000,0.0000,0.0000,0.0000,0.0000,IDLE,0,0,candidate_fields_invalid,0,0,0.600,0,nan,nan,nan,0.0000,0,nan,nan,0,5,0.0000,0.0000,0.0000,0.0000,0.0000,等待台阶,1,0.0000,0.150,0.330
7822.038,SEEK_ROUNDABOUT,31.757,0,1.269,0.0000,0.0000,none,,,0.000,,,line_lost_stop,0.0000,0.0000,0,line_too_few_bands,0.0000,0.0000,0.0000,0.0000,0.0000,0,0,0.0000,1,1.0000,0.0000,0.0000,0.0000,0.0000,0.0000,IDLE,0,0,candidate_fields_invalid,0,0,0.000,0,nan,nan,nan,0.0000,0,nan,nan,0,5,0.0000,0.0000,0.0000,0.0000,0.0000,等待台阶,1,0.0000,0.150,0.330
7822.179,SEEK_ROUNDABOUT,31.897,0,1.269,0.0000,0.0000,none,,,0.000,,,line_lost_stop,0.0000,0.0000,0,line_too_few_bands,0.0000,0.0000,0.0000,0.0000,0.0000,0,0,0.0000,1,1.0000,0.0000,0.0000,0.0000,0.0000,0.0000,IDLE,0,0,candidate_fields_invalid,0,0,0.000,0,nan,nan,nan,0.0000,0,nan,nan,0,5,0.0000,0.0000,0.0000,0.0000,0.0000,等待台阶,1,0.0000,0.150,0.330
7822.307,SEEK_ROUNDABOUT,32.025,0,1.269,0.0000,0.0000,none,,,0.000,,,line_lost_stop,0.0000,0.0000,0,line_too_few_bands,0.0000,0.0000,0.0000,0.0000,0.0000,0,0,0.0000,1,1.0000,0.0000,0.0000,0.0000,0.0000,0.0000,IDLE,0,0,candidate_fields_invalid,0,0,0.000,0,nan,nan,nan,0.0000,0,nan,nan,0,5,0.0000,0.0000,0.0000,0.0000,0.0000,等待台阶,1,0.0000,0.150,0.330
7822.442,SEEK_ROUNDABOUT,32.161,0,1.269,0.0000,0.0000,none,,,0.000,,,line_lost_stop,0.0000,0.0000,0,line_too_few_bands,0.0000,0.0000,0.0000,0.0000,0.0000,0,0,0.0000,1,1.0000,0.0000,0.0000,0.0000,0.0000,0.0000,IDLE,0,0,candidate_fields_invalid,0,0,0.000,0,nan,nan,nan,0.0000,0,nan,nan,0,5,0.0000,0.0000,0.0000,0.0000,0.0000,等待台阶,1,0.0000,0.150,0.330
7822.570,SEEK_ROUNDABOUT,32.289,0,1.269,0.0000,0.0000,none,,,0.000,,,line_lost_stop,0.0000,0.0000,0,line_too_few_bands,0.0000,0.0000,0.0000,0.0000,0.0000,0,0,0.0000,1,1.0000,0.0000,0.0000,0.0000,0.0000,0.0000,IDLE,0,0,candidate_fields_invalid,0,0,0.000,0,nan,nan,nan,0.0000,0,nan,nan,0,5,0.0000,0.0000,0.0000,0.0000,0.0000,等待台阶,1,0.0000,0.150,0.330
7822.704,SEEK_ROUNDABOUT,32.423,0,1.269,0.0000,0.0000,none,,,0.000,,,line_lost_stop,0.0000,0.0000,0,line_too_few_bands,0.0000,0.0000,0.0000,0.0000,0.0000,0,0,0.0000,1,1.0000,0.0000,0.0000,0.0000,0.0000,0.0000,IDLE,0,0,candidate_fields_invalid,0,0,0.000,0,nan,nan,nan,0.0000,0,nan,nan,0,5,0.0000,0.0000,0.0000,0.0000,0.0000,等待台阶,1,0.0000,0.150,0.330
7822.831,SEEK_ROUNDABOUT,32.550,0,1.269,0.0000,0.0000,none,,,0.000,,,line_lost_stop,0.0000,0.0000,0,line_too_few_bands,0.0000,0.0000,0.0000,0.0000,0.0000,0,0,0.0000,1,1.0000,0.0000,0.0000,0.0000,0.0000,0.0000,IDLE,0,0,candidate_fields_invalid,0,0,0.000,0,nan,nan,nan,0.0000,0,nan,nan,0,5,0.0000,0.0000,0.0000,0.0000,0.0000,等待台阶,1,0.0000,0.150,0.330
7822.962,SEEK_ROUNDABOUT,32.681,0,1.269,0.0000,0.0000,none,,,0.000,,,line_lost_stop,0.0000,0.0000,0,line_too_few_bands,0.0000,0.0000,0.0000,0.0000,0.0000,0,0,0.0000,1,1.0000,0.0000,0.0000,0.0000,0.0000,0.0000,IDLE,0,0,candidate_fields_invalid,0,0,0.000,0,nan,nan,nan,0.0000,0,nan,nan,0,5,0.0000,0.0000,0.0000,0.0000,0.0000,等待台阶,1,0.0000,0.150,0.330
7823.091,SEEK_ROUNDABOUT,32.810,0,1.269,0.0000,0.0000,none,,,0.000,,,line_lost_stop,0.0000,0.0000,0,line_too_few_bands,0.0000,0.0000,0.0000,0.0000,0.0000,0,0,0.0000,1,1.0000,0.0000,0.0000,0.0000,0.0000,0.0000,IDLE,0,0,candidate_fields_invalid,0,0,0.000,0,nan,nan,nan,0.0000,0,nan,nan,0,5,0.0000,0.0000,0.0000,0.0000,0.0000,等待台阶,1,0.0000,0.150,0.330
7823.214,SEEK_ROUNDABOUT,32.932,0,1.269,0.0000,0.0000,none,,,0.000,,,line_lost_stop,0.0000,0.0000,0,line_too_few_bands,0.0000,0.0000,0.0000,0.0000,0.0000,0,0,0.0000,1,1.0000,0.0000,0.0000,0.0000,0.0000,0.0000,IDLE,0,0,candidate_evidence_wait 1.0/2.4,0,0,1.000,0,0.5600,0.5600,0.0450,0.9034,0,nan,0.0065,1,5,0.0000,0.0000,0.0000,0.0000,0.0000,等待台阶,1,0.0000,0.150,0.330
7823.347,SEEK_ROUNDABOUT,33.066,0,1.269,0.0000,0.0000,none,,,0.000,,,line_lost_stop,0.0000,0.0000,0,line_too_few_bands,0.0000,0.0000,0.0000,0.0000,0.0000,0,0,0.0000,1,1.0000,0.0000,0.0000,0.0000,0.0000,0.0000,IDLE,0,0,candidate_evidence_wait 2.0/2.4,0,0,2.000,0,0.5700,0.5650,0.0413,0.8499,0,nan,0.0061,4,5,0.0000,0.0000,0.0000,0.0000,0.0000,等待台阶,1,0.0000,0.150,0.330
7823.474,SEEK_ROUNDABOUT,33.193,0,1.269,0.0000,0.0000,none,,,0.000,,,step_align_line_lost_stop/course_events_frozen,0.0000,0.0000,0,line_too_few_bands,0.0000,0.0000,0.0000,0.0000,0.0000,0,0,0.0000,1,1.0000,0.0000,0.0000,0.0000,0.0000,0.0000,IDLE,0,1,step_confirmed_slow_align d=0.570,0,0,3.000,1,0.5700,0.5700,0.0429,0.8727,0,nan,0.0057,7,5,0.0000,0.0000,0.0000,0.0000,0.0000,等待台阶,1,0.0000,0.150,0.330
7823.601,SEEK_ROUNDABOUT,33.320,0,1.269,0.0000,0.0000,none,,,0.000,,,step_align_line_lost_stop/course_events_frozen,0.0000,0.0000,0,line_too_few_bands,0.0000,0.0000,0.0000,0.0000,0.0000,0,0,0.0000,1,1.0000,0.0000,0.0000,0.0000,0.0000,0.0000,IDLE,0,1,step_confirmed_slow_align d=0.570,0,0,4.000,0,0.6000,0.5700,0.0418,0.8592,0,nan,0.0068,1,5,0.0000,0.0000,0.0000,0.0000,0.0000,等待台阶,1,0.0000,0.150,0.330
7823.735,SEEK_ROUNDABOUT,33.454,0,1.269,0.0000,0.0000,none,,,0.000,,,step_align_line_lost_stop/course_events_frozen,0.0000,0.0000,0,line_too_few_bands,0.0000,0.0000,0.0000,0.0000,0.0000,0,0,0.0000,1,1.0000,0.0000,0.0000,0.0000,0.0000,0.0000,IDLE,0,1,step_confirmed_slow_align d=0.570,0,0,5.000,0,0.6000,0.5700,0.0408,0.8443,0,nan,0.0042,4,5,0.0000,0.0000,0.0000,0.0000,0.0000,等待台阶,1,0.0000,0.150,0.330
7823.861,SEEK_ROUNDABOUT,33.580,0,1.269,0.0000,0.0000,none,,,0.000,,,step_align_line_lost_stop/course_events_frozen,0.0000,0.0000,0,line_too_few_bands,0.0000,0.0000,0.0000,0.0000,0.0000,0,0,0.0000,1,1.0000,0.0000,0.0000,0.0000,0.0000,0.0000,IDLE,0,1,step_confirmed_slow_align d=0.570,0,0,6.000,1,0.5700,0.5700,0.0388,0.8115,0,nan,0.0503,7,5,0.0000,0.0000,0.0000,0.0000,0.0000,等待台阶,1,0.0000,0.150,0.330
7823.986,SEEK_ROUNDABOUT,33.705,0,1.269,0.0000,0.0000,none,,,0.000,,,step_align_line_lost_stop/course_events_frozen,0.0000,0.0000,0,line_too_few_bands,0.0000,0.0000,0.0000,0.0000,0.0000,0,0,0.0000,1,1.0000,0.0000,0.0000,0.0000,0.0000,0.0000,IDLE,0,1,step_confirmed_slow_align d=0.580,0,0,6.000,1,0.5800,0.5800,0.0426,0.8700,0,nan,0.0046,9,5,0.0000,0.0000,0.0000,0.0000,0.0000,等待台阶,1,0.0000,0.150,0.330
7824.114,SEEK_ROUNDABOUT,33.832,0,1.269,0.0000,0.0000,none,,,0.000,,,step_align_line_lost_stop/course_events_frozen,0.0000,0.0000,0,line_too_few_bands,0.0000,0.0000,0.0000,0.0000,0.0000,0,0,0.0000,1,1.0000,0.0000,0.0000,0.0000,0.0000,0.0000,IDLE,0,1,step_confirmed_slow_align d=0.590,0,0,6.000,1,0.5900,0.5900,0.0415,0.8521,0,nan,0.0054,12,5,0.0000,0.0000,0.0000,0.0000,0.0000,等待台阶,1,0.0000,0.150,0.330
7824.245,SEEK_ROUNDABOUT,33.964,0,1.269,0.0000,0.0000,none,,,0.000,,,step_align_line_lost_stop/course_events_frozen,0.0000,0.0000,0,line_too_few_bands,0.0000,0.0000,0.0000,0.0000,0.0000,0,0,0.0000,1,1.0000,0.0000,0.0000,0.0000,0.0000,0.0000,IDLE,0,1,step_confirmed_slow_align d=0.590,0,0,6.000,1,0.5900,0.5900,0.0416,0.8563,0,nan,0.0064,14,5,0.0000,0.0000,0.0000,0.0000,0.0000,等待台阶,1,0.0000,0.150,0.330
7824.374,SEEK_ROUNDABOUT,34.092,0,1.269,0.0000,0.0000,none,,,0.000,,,step_align_line_lost_stop/course_events_frozen,0.0000,0.0000,0,line_too_few_bands,0.0000,0.0000,0.0000,0.0000,0.0000,0,0,0.0000,1,1.0000,0.0000,0.0000,0.0000,0.0000,0.0000,IDLE,0,1,step_confirmed_slow_align d=0.580,0,0,6.000,1,0.5800,0.5800,0.0390,0.8162,0,nan,0.0221,17,5,0.0000,0.0000,0.0000,0.0000,0.0000,等待台阶,1,0.0000,0.150,0.330
7824.509,SEEK_ROUNDABOUT,34.228,0,1.269,0.0000,0.0000,none,,,0.000,,,step_align_line_lost_stop/course_events_frozen,0.0000,0.0000,0,line_too_few_bands,0.0000,0.0000,0.0000,0.0000,0.0000,0,0,0.0000,1,0.8923,0.0000,0.0000,0.0000,0.0000,0.0000,IDLE,0,1,step_confirmed_slow_align d=0.590,0,0,6.000,1,0.5900,0.5900,0.0468,0.9265,0,nan,0.0044,20,5,0.0000,0.0000,0.0000,0.0000,0.0000,等待台阶,1,0.0000,0.150,0.330
7824.644,SEEK_ROUNDABOUT,34.362,0,1.269,0.0000,0.0000,none,,,0.000,,,step_align_line_lost_stop/course_events_frozen,0.0000,0.0000,0,line_too_few_bands,0.0000,0.0000,0.0000,0.0000,0.0000,0,0,0.0000,1,0.9138,0.0000,0.0000,0.0000,0.0000,0.0000,IDLE,0,1,step_confirmed_slow_align d=0.590,0,0,6.000,1,0.5900,0.5900,0.0395,0.8225,0,nan,0.0082,23,5,0.0000,0.0000,0.0000,0.0000,0.0000,等待台阶,1,0.0000,0.150,0.330
7824.777,SEEK_ROUNDABOUT,34.495,0,1.269,0.0000,0.0000,none,,,0.000,,,step_align_line_lost_stop/course_events_frozen,0.0000,0.0000,0,line_too_few_bands,0.0000,0.0000,0.0000,0.0000,0.0000,0,0,0.0000,1,0.8966,0.0000,0.0000,0.0000,0.0000,0.0000,IDLE,0,1,step_confirmed_slow_align d=0.590,0,0,6.000,1,0.5900,0.5900,0.0442,0.8922,0,nan,0.0049,25,5,0.0000,0.0000,0.0000,0.0000,0.0000,等待台阶,1,0.0000,0.150,0.330
7824.909,SEEK_ROUNDABOUT,34.628,0,1.269,0.0000,0.0000,none,,,0.000,,,step_align_line_lost_stop/course_events_frozen,0.0000,0.0000,0,line_too_few_bands,0.0000,0.0000,0.0000,0.0000,0.0000,0,0,0.0000,1,0.9009,0.0000,0.0000,0.0000,0.0000,0.0000,IDLE,0,1,step_confirmed_slow_align d=0.590,0,0,6.000,1,0.5900,0.5900,0.0439,0.8863,0,nan,0.0059,28,5,0.0000,0.0000,0.0000,0.0000,0.0000,等待台阶,1,0.0000,0.150,0.330
7825.038,SEEK_ROUNDABOUT,34.757,0,1.269,0.0000,0.0000,none,,,0.000,,,step_align_line_lost_stop/course_events_frozen,0.0000,0.0000,0,line_too_few_bands,0.0000,0.0000,0.0000,0.0000,0.0000,0,0,0.0000,1,0.8880,0.0000,0.0000,0.0000,0.0000,0.0000,IDLE,0,1,step_confirmed_slow_align d=0.590,0,0,6.000,1,0.6000,0.5900,0.0418,0.8541,0,nan,0.0043,31,5,0.0000,0.0000,0.0000,0.0000,0.0000,等待台阶,1,0.0000,0.150,0.330
7825.172,SEEK_ROUNDABOUT,34.890,0,1.269,0.0000,0.0000,none,,,0.000,,,step_align_line_lost_stop/course_events_frozen,0.0000,0.0000,0,line_too_few_bands,0.0000,0.0000,0.0000,0.0000,0.0000,0,0,0.0000,1,0.9052,0.0000,0.0000,0.0000,0.0000,0.0000,IDLE,0,1,step_confirmed_slow_align d=0.590,0,0,6.000,1,0.6000,0.5900,0.0405,0.8386,0,nan,0.0097,33,5,0.0000,0.0000,0.0000,0.0000,0.0000,等待台阶,1,0.0000,0.150,0.330
7825.304,SEEK_ROUNDABOUT,35.023,0,1.269,0.0000,0.0000,none,,,0.000,,,step_align_line_lost_stop/course_events_frozen,0.0000,0.0000,0,line_too_few_bands,0.0000,0.0000,0.0000,0.0000,0.0000,0,0,0.0000,1,1.0000,0.0000,0.0000,0.0000,0.0000,0.0000,IDLE,0,1,step_confirmed_slow_align d=0.600,0,0,6.000,1,0.6100,0.6000,0.0410,0.8437,0,nan,0.0072,36,5,0.0000,0.0000,0.0000,0.0000,0.0000,等待台阶,1,0.0000,0.150,0.330
7825.451,SEEK_ROUNDABOUT,35.169,0,1.269,0.0000,0.0000,none,,,0.000,,,step_align_line_lost_stop/course_events_frozen,0.0000,0.0000,0,line_too_few_bands,0.0000,0.0000,0.0000,0.0000,0.0000,0,0,0.0000,1,1.0000,0.0000,0.0000,0.0000,0.0000,0.0000,IDLE,0,1,step_confirmed_slow_align d=0.600,0,0,6.000,1,0.6200,0.6000,0.0396,0.8239,0,nan,0.0075,39,5,0.0000,0.0000,0.0000,0.0000,0.0000,等待台阶,1,0.0000,0.150,0.330
7825.578,SEEK_ROUNDABOUT,35.297,0,1.269,0.0000,0.0000,none,,,0.000,,,step_align_line_lost_stop/course_events_frozen,0.0000,0.0000,0,line_too_few_bands,0.0000,0.0000,0.0000,0.0000,0.0000,0,0,0.0000,1,1.0000,0.0000,0.0000,0.0000,0.0000,0.0000,IDLE,0,1,step_confirmed_slow_align d=0.610,0,0,6.000,1,0.6300,0.6100,0.0434,0.8794,0,nan,0.0051,42,5,0.0000,0.0000,0.0000,0.0000,0.0000,等待台阶,1,0.0000,0.150,0.330
7825.707,SEEK_ROUNDABOUT,35.426,0,1.269,0.0000,0.0000,none,,,0.000,,,step_align_line_lost_stop/course_events_frozen,0.0000,0.0000,0,line_too_few_bands,0.0000,0.0000,0.0000,0.0000,0.0000,0,0,0.0000,1,1.0000,0.0000,0.0000,0.0000,0.0000,0.0000,IDLE,0,1,step_confirmed_slow_align d=0.620,0,0,6.000,1,0.6200,0.6200,0.0417,0.8554,0,nan,0.0061,44,5,0.0000,0.0000,0.0000,0.0000,0.0000,等待台阶,1,0.0000,0.150,0.330
7825.855,SEEK_ROUNDABOUT,35.574,0,1.269,0.0000,0.0000,none,,,0.000,,,step_align_line_lost_stop/course_events_frozen,0.0000,0.0000,0,line_too_few_bands,0.0000,0.0000,0.0000,0.0000,0.0000,0,0,0.0000,1,1.0000,0.0000,0.0000,0.0000,0.0000,0.0000,IDLE,0,1,step_confirmed_slow_align d=0.620,0,0,6.000,1,0.6300,0.6200,0.0444,0.8945,0,nan,0.0062,47,5,0.0000,0.0000,0.0000,0.0000,0.0000,等待台阶,1,0.0000,0.150,0.330
7825.987,SEEK_ROUNDABOUT,35.706,0,1.269,0.0000,0.0000,none,,,0.000,,,step_align_line_lost_stop/course_events_frozen,0.0000,0.0000,0,line_too_few_bands,0.0000,0.0000,0.0000,0.0000,0.0000,0,0,0.0000,1,1.0000,0.0000,0.0000,0.0000,0.0000,0.0000,IDLE,0,1,step_confirmed_slow_align d=0.620,0,0,6.000,1,0.6100,0.6200,0.0410,0.8453,0,nan,0.0101,50,5,0.0000,0.0000,0.0000,0.0000,0.0000,等待台阶,1,0.0000,0.150,0.330
7826.119,SEEK_ROUNDABOUT,35.837,0,1.269,0.0000,0.0000,none,,,0.000,,,step_align_line_lost_stop/course_events_frozen,0.0000,0.0000,0,line_too_few_bands,0.0000,0.0000,0.0000,0.0000,0.0000,0,0,0.0000,1,1.0000,0.0000,0.0000,0.0000,0.0000,0.0000,IDLE,0,1,step_confirmed_slow_align d=0.620,0,0,6.000,1,0.6200,0.6200,0.0388,0.8136,0,nan,0.0200,53,5,0.0000,0.0000,0.0000,0.0000,0.0000,等待台阶,1,0.0000,0.150,0.330
7826.249,SEEK_ROUNDABOUT,35.967,0,1.269,0.0000,0.0000,none,,,0.000,,,step_align_line_lost_stop/course_events_frozen,0.0000,0.0000,0,line_too_few_bands,0.0000,0.0000,0.0000,0.0000,0.0000,0,0,0.0000,1,1.0000,0.0000,0.0000,0.0000,0.0000,0.0000,IDLE,0,1,step_confirmed_slow_align d=0.620,0,0,6.000,1,0.6200,0.6200,0.0418,0.8573,0,nan,0.0051,55,5,0.0000,0.0000,0.0000,0.0000,0.0000,等待台阶,1,0.0000,0.150,0.330
7826.382,SEEK_ROUNDABOUT,36.100,0,1.269,0.0000,0.0000,none,,,0.000,,,step_align_line_lost_stop/course_events_frozen,0.0000,0.0000,0,line_too_few_bands,0.0000,0.0000,0.0000,0.0000,0.0000,0,0,0.0000,1,1.0000,0.0000,0.0000,0.0000,0.0000,0.0000,IDLE,0,1,step_confirmed_slow_align d=0.620,0,0,6.000,1,0.6300,0.6200,0.0407,0.8400,0,nan,0.0104,58,5,0.0000,0.0000,0.0000,0.0000,0.0000,等待台阶,1,0.0000,0.150,0.330
7826.521,SEEK_ROUNDABOUT,36.240,0,1.269,0.0000,0.0000,none,,,0.000,,,step_align_line_lost_stop/course_events_frozen,0.0000,0.0000,0,line_too_few_bands,0.0000,0.0000,0.0000,0.0000,0.0000,0,0,0.0000,1,1.0000,0.0000,0.0000,0.0000,0.0000,0.0000,IDLE,0,1,step_confirmed_slow_align d=0.620,0,0,6.000,1,0.6900,0.6200,0.0410,0.8463,0,nan,0.0041,61,5,0.0000,0.0000,0.0000,0.0000,0.0000,等待台阶,1,0.0000,0.150,0.330
7826.663,SEEK_ROUNDABOUT,36.381,0,1.269,0.0000,0.0000,none,,,0.000,,,step_align_line_lost_stop/course_events_frozen,0.0000,0.0000,0,line_too_few_bands,0.0000,0.0000,0.0000,0.0000,0.0000,0,0,0.0000,1,1.0000,0.0000,0.0000,0.0000,0.0000,0.0000,IDLE,0,1,step_confirmed_slow_align d=0.630,0,0,6.000,1,0.6300,0.6300,0.0437,0.8833,0,nan,0.0009,64,5,0.0000,0.0000,0.0000,0.0000,0.0000,等待台阶,1,0.0000,0.150,0.330
7826.797,SEEK_ROUNDABOUT,36.515,0,1.269,0.0000,0.0000,none,,,0.000,,,step_align_line_lost_stop/course_events_frozen,0.0000,0.0000,0,line_too_few_bands,0.0000,0.0000,0.0000,0.0000,0.0000,0,0,0.0000,1,1.0000,0.0000,0.0000,0.0000,0.0000,0.0000,IDLE,0,1,step_confirmed_slow_align d=0.630,0,0,6.000,1,0.6300,0.6300,0.0405,0.8367,0,nan,0.0045,66,5,0.0000,0.0000,0.0000,0.0000,0.0000,等待台阶,1,0.0000,0.150,0.330
7826.934,SEEK_ROUNDABOUT,36.653,0,1.269,0.0000,0.0000,none,,,0.000,,,step_align_line_lost_stop/course_events_frozen,0.0000,0.0000,0,line_too_few_bands,0.0000,0.0000,0.0000,0.0000,0.0000,0,0,0.0000,1,1.0000,0.0000,0.0000,0.0000,0.0000,0.0000,IDLE,0,1,step_confirmed_slow_align d=0.630,0,0,6.000,1,0.6200,0.6300,0.0379,0.7986,0,nan,0.0684,69,5,0.0000,0.0000,0.0000,0.0000,0.0000,等待台阶,1,0.0000,0.150,0.330
7827.062,SEEK_ROUNDABOUT,36.780,0,1.269,0.0000,0.0000,none,,,0.000,,,step_align_line_lost_stop/course_events_frozen,0.0000,0.0000,0,line_too_few_bands,0.0000,0.0000,0.0000,0.0000,0.0000,0,0,0.0000,1,1.0000,0.0000,0.0000,0.0000,0.0000,0.0000,IDLE,0,1,step_confirmed_slow_align d=0.630,0,0,6.000,1,0.6800,0.6300,0.0390,0.8156,0,nan,0.0160,71,5,0.0000,0.0000,0.0000,0.0000,0.0000,等待台阶,1,0.0000,0.150,0.330
7827.216,SEEK_ROUNDABOUT,36.935,0,1.269,0.0000,0.0000,none,,,0.000,,,step_align_line_lost_stop/course_events_frozen,0.0000,0.0000,0,line_too_few_bands,0.0000,0.0000,0.0000,0.0000,0.0000,0,0,0.0000,1,1.0000,0.0000,0.0000,0.0000,0.0000,0.0000,IDLE,0,1,step_confirmed_slow_align d=0.630,0,0,6.000,1,0.6200,0.6300,0.0415,0.8510,0,nan,0.0027,75,5,0.0000,0.0000,0.0000,0.0000,0.0000,等待台阶,1,0.0000,0.150,0.330
7827.343,SEEK_ROUNDABOUT,37.062,0,1.269,0.0000,0.0000,none,,,0.000,,,step_align_line_lost_stop/course_events_frozen,0.0000,0.0000,0,line_too_few_bands,0.0000,0.0000,0.0000,0.0000,0.0000,0,0,0.0000,1,1.0000,0.0000,0.0000,0.0000,0.0000,0.0000,IDLE,0,1,step_confirmed_slow_align d=0.630,0,0,6.000,1,0.6800,0.6300,0.0420,0.8601,0,nan,0.0029,77,5,0.0000,0.0000,0.0000,0.0000,0.0000,等待台阶,1,0.0000,0.150,0.330
7827.473,SEEK_ROUNDABOUT,37.192,0,1.269,0.0000,0.0000,none,,,0.000,,,step_align_line_lost_stop/course_events_frozen,0.0000,0.0000,0,line_too_few_bands,0.0000,0.0000,0.0000,0.0000,0.0000,0,0,0.0000,1,1.0000,0.0000,0.0000,0.0000,0.0000,0.0000,IDLE,0,1,step_confirmed_slow_align d=0.650,0,0,6.000,1,0.6500,0.6500,0.0416,0.8523,0,nan,0.0019,80,5,0.0000,0.0000,0.0000,0.0000,0.0000,等待台阶,1,0.0000,0.150,0.330
7827.610,SEEK_ROUNDABOUT,37.329,0,1.269,0.0000,0.0000,none,,,0.000,,,step_align_line_lost_stop/course_events_frozen,0.0000,0.0000,0,line_too_few_bands,0.0000,0.0000,0.0000,0.0000,0.0000,0,0,0.0000,1,1.0000,0.0000,0.0000,0.0000,0.0000,0.0000,IDLE,0,1,step_confirmed_slow_align d=0.650,0,0,6.000,1,0.6300,0.6500,0.0404,0.8359,0,nan,0.0080,83,5,0.0000,0.0000,0.0000,0.0000,0.0000,等待台阶,1,0.0000,0.150,0.330
7827.740,SEEK_ROUNDABOUT,37.459,0,1.269,0.0000,0.0000,none,,,0.000,,,step_align_line_lost_stop/course_events_frozen,0.0000,0.0000,0,line_too_few_bands,0.0000,0.0000,0.0000,0.0000,0.0000,0,0,0.0000,1,1.0000,0.0000,0.0000,0.0000,0.0000,0.0000,IDLE,0,1,step_confirmed_slow_align d=0.630,0,0,6.000,1,0.6300,0.6300,0.0377,0.7963,0,nan,0.0209,85,5,0.0000,0.0000,0.0000,0.0000,0.0000,等待台阶,1,0.0000,0.150,0.330
7827.885,SEEK_ROUNDABOUT,37.604,0,1.269,0.0000,0.0000,none,,,0.000,,,step_align_line_lost_stop/course_events_frozen,0.0000,0.0000,0,line_too_few_bands,0.0000,0.0000,0.0000,0.0000,0.0000,0,0,0.0000,1,1.0000,0.0000,0.0000,0.0000,0.0000,0.0000,IDLE,0,1,step_confirmed_slow_align d=0.630,0,0,6.000,1,0.6300,0.6300,0.0401,0.8309,0,nan,0.0059,88,5,0.0000,0.0000,0.0000,0.0000,0.0000,等待台阶,1,0.0000,0.150,0.330
7828.031,SEEK_ROUNDABOUT,37.750,0,1.269,0.0000,0.0000,none,,,0.000,,,step_align_line_lost_stop/course_events_frozen,0.0000,0.0000,0,line_too_few_bands,0.0000,0.0000,0.0000,0.0000,0.0000,0,0,0.0000,1,1.0000,0.0000,0.0000,0.0000,0.0000,0.0000,IDLE,0,1,step_confirmed_slow_align d=0.630,0,0,6.000,1,0.6300,0.6300,0.0424,0.8645,0,nan,-0.0000,91,5,0.0000,0.0000,0.0000,0.0000,0.0000,等待台阶,1,0.0000,0.150,0.330
7828.171,SEEK_ROUNDABOUT,37.890,0,1.269,0.0000,0.0000,none,,,0.000,,,step_align_line_lost_stop/course_events_frozen,0.0000,0.0000,0,line_too_few_bands,0.0000,0.0000,0.0000,0.0000,0.0000,0,0,0.0000,1,1.0000,0.0000,0.0000,0.0000,0.0000,0.0000,IDLE,0,1,step_confirmed_slow_align d=0.630,0,0,6.000,1,0.6400,0.6300,0.0423,0.8607,0,nan,0.0010,94,5,0.0000,0.0000,0.0000,0.0000,0.0000,等待台阶,1,0.0000,0.150,0.330
7828.302,SEEK_ROUNDABOUT,38.021,0,1.269,0.0000,0.0000,none,,,0.000,,,step_align_line_lost_stop/course_events_frozen,0.0000,0.0000,0,line_too_few_bands,0.0000,0.0000,0.0000,0.0000,0.0000,0,0,0.0000,1,1.0000,0.0000,0.0000,0.0000,0.0000,0.0000,IDLE,0,1,step_confirmed_slow_align d=0.630,0,0,6.000,1,0.6400,0.6300,0.0406,0.8390,0,nan,0.0067,97,5,0.0000,0.0000,0.0000,0.0000,0.0000,等待台阶,1,0.0000,0.150,0.330
7828.433,SEEK_ROUNDABOUT,38.151,0,1.269,0.0000,0.0000,none,,,0.000,,,step_align_line_lost_stop/course_events_frozen,0.0000,0.0000,0,line_too_few_bands,0.0000,0.0000,0.0000,0.0000,0.0000,0,0,0.0000,1,1.0000,0.0000,0.0000,0.0000,0.0000,0.0000,IDLE,0,1,step_confirmed_slow_align d=0.640,0,0,6.000,1,0.6400,0.6400,0.0403,0.8336,0,nan,0.0106,99,5,0.0000,0.0000,0.0000,0.0000,0.0000,等待台阶,1,0.0000,0.150,0.330
7828.568,SEEK_ROUNDABOUT,38.287,0,1.269,0.0000,0.0000,none,,,0.000,,,step_align_line_lost_stop/course_events_frozen,0.0000,0.0000,0,line_too_few_bands,0.0000,0.0000,0.0000,0.0000,0.0000,0,0,0.0000,1,1.0000,0.0000,0.0000,0.0000,0.0000,0.0000,IDLE,0,1,step_confirmed_slow_align d=0.640,0,0,6.000,1,0.6600,0.6400,0.0399,0.8294,0,nan,-0.0002,102,5,0.0000,0.0000,0.0000,0.0000,0.0000,等待台阶,1,0.0000,0.150,0.330
7828.726,SEEK_ROUNDABOUT,38.445,0,1.269,0.0000,0.0000,none,,,0.000,,,step_align_line_lost_stop/course_events_frozen,0.0000,0.0000,0,line_too_few_bands,0.0000,0.0000,0.0000,0.0000,0.0000,0,0,0.0000,1,1.0000,0.0000,0.0000,0.0000,0.0000,0.0000,IDLE,0,1,step_confirmed_slow_align d=0.640,0,0,6.000,1,0.6400,0.6400,0.0412,0.8478,0,nan,0.0041,105,5,0.0000,0.0000,0.0000,0.0000,0.0000,等待台阶,1,0.0000,0.150,0.330
7828.843,SEEK_ROUNDABOUT,38.561,0,1.269,0.0000,0.0000,none,,,0.000,,,step_align_line_lost_stop/course_events_frozen,0.0000,0.0000,0,line_too_few_bands,0.0000,0.0000,0.0000,0.0000,0.0000,0,0,0.0000,1,1.0000,0.0000,0.0000,0.0000,0.0000,0.0000,IDLE,0,1,step_confirmed_slow_align d=0.640,0,0,6.000,1,0.6700,0.6400,0.0443,0.8908,0,nan,-0.0004,108,5,0.0000,0.0000,0.0000,0.0000,0.0000,等待台阶,1,0.0000,0.150,0.330
7828.994,SEEK_ROUNDABOUT,38.713,0,1.269,0.0000,0.0000,none,,,0.000,,,step_align_line_lost_stop/course_events_frozen,0.0000,0.0000,0,line_too_few_bands,0.0000,0.0000,0.0000,0.0000,0.0000,0,0,0.0000,1,1.0000,0.0000,0.0000,0.0000,0.0000,0.0000,IDLE,0,1,step_confirmed_slow_align d=0.640,0,0,6.000,1,0.6300,0.6400,0.0414,0.8494,0,nan,0.0002,110,5,0.0000,0.0000,0.0000,0.0000,0.0000,等待台阶,1,0.0000,0.150,0.330
7829.144,SEEK_ROUNDABOUT,38.862,0,1.269,0.0000,0.0000,none,,,0.000,,,step_align_line_lost_stop/course_events_frozen,0.0000,0.0000,0,line_too_few_bands,0.0000,0.0000,0.0000,0.0000,0.0000,0,0,0.0000,1,1.0000,0.0000,0.0000,0.0000,0.0000,0.0000,IDLE,0,1,step_confirmed_slow_align d=0.650,0,0,6.000,1,0.6500,0.6500,0.0434,0.8764,0,nan,0.0004,111,5,0.0000,0.0000,0.0000,0.0000,0.0000,等待台阶,1,0.0000,0.150,0.330
7829.276,SEEK_ROUNDABOUT,38.995,0,1.269,0.0000,0.0000,none,,,0.000,,,step_align_line_lost_stop/course_events_frozen,0.0000,0.0000,0,line_too_few_bands,0.0000,0.0000,0.0000,0.0000,0.0000,0,0,0.0000,1,1.0000,0.0000,0.0000,0.0000,0.0000,0.0000,IDLE,0,1,step_confirmed_slow_align d=0.650,0,0,6.000,1,0.6500,0.6500,0.0412,0.8454,0,nan,0.0004,113,5,0.0000,0.0000,0.0000,0.0000,0.0000,等待台阶,1,0.0000,0.150,0.330
7829.411,SEEK_ROUNDABOUT,39.129,0,1.269,0.0000,0.0000,none,,,0.000,,,step_align_line_lost_stop/course_events_frozen,0.0000,0.0000,0,line_too_few_bands,0.0000,0.0000,0.0000,0.0000,0.0000,0,0,0.0000,1,1.0000,0.0000,0.0000,0.0000,0.0000,0.0000,IDLE,0,1,step_confirmed_slow_align d=0.650,0,0,6.000,1,0.6500,0.6500,0.0437,0.8826,0,nan,0.0010,115,5,0.0000,0.0000,0.0000,0.0000,0.0000,等待台阶,1,0.0000,0.150,0.330
