t,phase,phase_age,lap,seek_distance,roundabout_gate_score,roundabout_gate_evidence,roundabout_gate_source,first_roundabout_gate_seek,roundabout_entry_age,roundabout_entry_disp,mode,cmd_v,cmd_w,line_valid,line_reason,line_error,near_error,mid_error,far_error,line_confidence,valid_bands,crosswalk_detected,crosswalk_score,yellow_detected,yellow_score,near_mid_delta,mid_far_delta,near_far_delta,center_error,last_cmd_w,step_state,step_done_this_lap,step_waiting_alignment,step_align_reason,step_fixed_latched,step_reverse_active,step_candidate_evidence,step_detected,step_distance,step_filtered_distance,step_height,step_confidence,step_pose_valid,step_edge_angle_rad,step_lateral_offset_m,step_confirm_frames,step_required_frames,step_target_travel,step_commanded_traveled,step_odom_traveled,step_trigger_traveled,step_remaining,step_stop_reason,odom_fresh,yaw_error,jump_profile_min,jump_profile_max
1802.146,SEEK_ROUNDABOUT,3.427,0,0.000,0.0000,0.0000,none,,,,camera_timeout,0.0000,0.0000,0,,nan,nan,nan,nan,0.0000,0,0,0.0000,0,0.0000,nan,nan,nan,nan,0.0000,IDLE,0,0,waiting_detection,0,0,0.000,0,nan,nan,nan,0.0000,0,nan,nan,0,5,0.0000,0.0000,0.0000,0.0000,0.0000,等待台阶,1,0.0000,0.150,0.330
1802.213,SEEK_ROUNDABOUT,3.493,0,0.000,0.0000,0.0000,none,,,,camera_timeout,0.0000,0.0000,0,,nan,nan,nan,nan,0.0000,0,0,0.0000,0,0.0000,nan,nan,nan,nan,0.0000,IDLE,0,0,waiting_detection,0,0,0.000,0,nan,nan,nan,0.0000,0,nan,nan,0,5,0.0000,0.0000,0.0000,0.0000,0.0000,等待台阶,1,0.0000,0.150,0.330
1802.279,SEEK_ROUNDABOUT,3.560,0,0.000,0.0000,0.0000,none,,,,camera_timeout,0.0000,0.0000,0,,nan,nan,nan,nan,0.0000,0,0,0.0000,0,0.0000,nan,nan,nan,nan,0.0000,IDLE,0,0,waiting_detection,0,0,0.000,0,nan,nan,nan,0.0000,0,nan,nan,0,5,0.0000,0.0000,0.0000,0.0000,0.0000,等待台阶,1,0.0000,0.150,0.330
1802.346,SEEK_ROUNDABOUT,3.627,0,0.000,0.0000,0.0000,none,,,,camera_timeout,0.0000,0.0000,0,,nan,nan,nan,nan,0.0000,0,0,0.0000,0,0.0000,nan,nan,nan,nan,0.0000,IDLE,0,0,waiting_detection,0,0,0.000,0,nan,nan,nan,0.0000,0,nan,nan,0,5,0.0000,0.0000,0.0000,0.0000,0.0000,等待台阶,1,0.0000,0.150,0.330
1802.413,SEEK_ROUNDABOUT,3.694,0,0.000,0.0000,0.0000,none,,,,camera_timeout,0.0000,0.0000,0,,nan,nan,nan,nan,0.0000,0,0,0.0000,0,0.0000,nan,nan,nan,nan,0.0000,IDLE,0,0,waiting_detection,0,0,0.000,0,nan,nan,nan,0.0000,0,nan,nan,0,5,0.0000,0.0000,0.0000,0.0000,0.0000,等待台阶,1,0.0000,0.150,0.330
1802.479,SEEK_ROUNDABOUT,3.760,0,0.000,0.0000,0.0000,none,,,,camera_timeout,0.0000,0.0000,0,,nan,nan,nan,nan,0.0000,0,0,0.0000,0,0.0000,nan,nan,nan,nan,0.0000,IDLE,0,0,waiting_detection,0,0,0.000,0,nan,nan,nan,0.0000,0,nan,nan,0,5,0.0000,0.0000,0.0000,0.0000,0.0000,等待台阶,1,0.0000,0.150,0.330
1802.546,SEEK_ROUNDABOUT,3.827,0,0.000,0.0000,0.0000,none,,,,camera_timeout,0.0000,0.0000,0,,nan,nan,nan,nan,0.0000,0,0,0.0000,0,0.0000,nan,nan,nan,nan,0.0000,IDLE,0,0,waiting_detection,0,0,0.000,0,nan,nan,nan,0.0000,0,nan,nan,0,5,0.0000,0.0000,0.0000,0.0000,0.0000,等待台阶,1,0.0000,0.150,0.330
1802.612,SEEK_ROUNDABOUT,3.893,0,0.000,0.0000,0.0000,none,,,,camera_timeout,0.0000,0.0000,0,,nan,nan,nan,nan,0.0000,0,0,0.0000,0,0.0000,nan,nan,nan,nan,0.0000,IDLE,0,0,waiting_detection,0,0,0.000,0,nan,nan,nan,0.0000,0,nan,nan,0,5,0.0000,0.0000,0.0000,0.0000,0.0000,等待台阶,1,0.0000,0.150,0.330
1802.682,SEEK_ROUNDABOUT,3.963,0,0.000,0.0000,0.0000,none,,,,camera_timeout,0.0000,0.0000,0,,nan,nan,nan,nan,0.0000,0,0,0.0000,0,0.0000,nan,nan,nan,nan,0.0000,IDLE,0,0,waiting_detection,0,0,0.000,0,nan,nan,nan,0.0000,0,nan,nan,0,5,0.0000,0.0000,0.0000,0.0000,0.0000,等待台阶,1,0.0000,0.150,0.330
1802.746,SEEK_ROUNDABOUT,4.027,0,0.000,0.0000,0.0000,none,,,,camera_timeout,0.0000,0.0000,0,,nan,nan,nan,nan,0.0000,0,0,0.0000,0,0.0000,nan,nan,nan,nan,0.0000,IDLE,0,0,waiting_detection,0,0,0.000,0,nan,nan,nan,0.0000,0,nan,nan,0,5,0.0000,0.0000,0.0000,0.0000,0.0000,等待台阶,1,0.0000,0.150,0.330
1802.812,SEEK_ROUNDABOUT,4.093,0,0.000,0.0000,0.0000,none,,,,camera_timeout,0.0000,0.0000,0,,nan,nan,nan,nan,0.0000,0,0,0.0000,0,0.0000,nan,nan,nan,nan,0.0000,IDLE,0,0,waiting_detection,0,0,0.000,0,nan,nan,nan,0.0000,0,nan,nan,0,5,0.0000,0.0000,0.0000,0.0000,0.0000,等待台阶,1,0.0000,0.150,0.330
1802.880,SEEK_ROUNDABOUT,4.161,0,0.000,0.0000,0.0000,none,,,,camera_timeout,0.0000,0.0000,0,,nan,nan,nan,nan,0.0000,0,0,0.0000,0,0.0000,nan,nan,nan,nan,0.0000,IDLE,0,0,waiting_detection,0,0,0.000,0,nan,nan,nan,0.0000,0,nan,nan,0,5,0.0000,0.0000,0.0000,0.0000,0.0000,等待台阶,1,0.0000,0.150,0.330
1802.946,SEEK_ROUNDABOUT,4.227,0,0.000,0.0000,0.0000,none,,,,camera_timeout,0.0000,0.0000,0,,nan,nan,nan,nan,0.0000,0,0,0.0000,0,0.0000,nan,nan,nan,nan,0.0000,IDLE,0,0,waiting_detection,0,0,0.000,0,nan,nan,nan,0.0000,0,nan,nan,0,5,0.0000,0.0000,0.0000,0.0000,0.0000,等待台阶,1,0.0000,0.150,0.330
1803.015,SEEK_ROUNDABOUT,4.296,0,0.000,0.0000,0.0000,none,,,,camera_timeout,0.0000,0.0000,0,,nan,nan,nan,nan,0.0000,0,0,0.0000,0,0.0000,nan,nan,nan,nan,0.0000,IDLE,0,0,waiting_detection,0,0,0.000,0,nan,nan,nan,0.0000,0,nan,nan,0,5,0.0000,0.0000,0.0000,0.0000,0.0000,等待台阶,1,0.0000,0.150,0.330
1803.082,SEEK_ROUNDABOUT,4.363,0,0.000,0.0000,0.0000,none,,,,camera_timeout,0.0000,0.0000,0,,nan,nan,nan,nan,0.0000,0,0,0.0000,0,0.0000,nan,nan,nan,nan,0.0000,IDLE,0,0,waiting_detection,0,0,0.000,0,nan,nan,nan,0.0000,0,nan,nan,0,5,0.0000,0.0000,0.0000,0.0000,0.0000,等待台阶,1,0.0000,0.150,0.330
1803.146,SEEK_ROUNDABOUT,4.427,0,0.000,0.0000,0.0000,none,,,,camera_timeout,0.0000,0.0000,0,,nan,nan,nan,nan,0.0000,0,0,0.0000,0,0.0000,nan,nan,nan,nan,0.0000,IDLE,0,0,waiting_detection,0,0,0.000,0,nan,nan,nan,0.0000,0,nan,nan,0,5,0.0000,0.0000,0.0000,0.0000,0.0000,等待台阶,1,0.0000,0.150,0.330
1803.213,SEEK_ROUNDABOUT,4.494,0,0.000,0.0000,0.0000,none,,,,camera_timeout,0.0000,0.0000,0,,nan,nan,nan,nan,0.0000,0,0,0.0000,0,0.0000,nan,nan,nan,nan,0.0000,IDLE,0,0,waiting_detection,0,0,0.000,0,nan,nan,nan,0.0000,0,nan,nan,0,5,0.0000,0.0000,0.0000,0.0000,0.0000,等待台阶,1,0.0000,0.150,0.330
1803.282,SEEK_ROUNDABOUT,4.563,0,0.000,0.0000,0.0000,none,,,,camera_timeout,0.0000,0.0000,0,,nan,nan,nan,nan,0.0000,0,0,0.0000,0,0.0000,nan,nan,nan,nan,0.0000,IDLE,0,0,waiting_detection,0,0,0.000,0,nan,nan,nan,0.0000,0,nan,nan,0,5,0.0000,0.0000,0.0000,0.0000,0.0000,等待台阶,1,0.0000,0.150,0.330
1803.347,SEEK_ROUNDABOUT,4.628,0,0.000,0.0000,0.0000,none,,,,camera_timeout,0.0000,0.0000,0,,nan,nan,nan,nan,0.0000,0,0,0.0000,0,0.0000,nan,nan,nan,nan,0.0000,IDLE,0,0,waiting_detection,0,0,0.000,0,nan,nan,nan,0.0000,0,nan,nan,0,5,0.0000,0.0000,0.0000,0.0000,0.0000,等待台阶,1,0.0000,0.150,0.330
1803.413,SEEK_ROUNDABOUT,4.694,0,0.000,0.0000,0.0000,none,,,,camera_timeout,0.0000,0.0000,0,,nan,nan,nan,nan,0.0000,0,0,0.0000,0,0.0000,nan,nan,nan,nan,0.0000,IDLE,0,0,waiting_detection,0,0,0.000,0,nan,nan,nan,0.0000,0,nan,nan,0,5,0.0000,0.0000,0.0000,0.0000,0.0000,等待台阶,1,0.0000,0.150,0.330
1803.482,SEEK_ROUNDABOUT,4.763,0,0.000,0.0000,0.0000,none,,,,camera_timeout,0.0000,0.0000,0,,nan,nan,nan,nan,0.0000,0,0,0.0000,0,0.0000,nan,nan,nan,nan,0.0000,IDLE,0,0,waiting_detection,0,0,0.000,0,nan,nan,nan,0.0000,0,nan,nan,0,5,0.0000,0.0000,0.0000,0.0000,0.0000,等待台阶,1,0.0000,0.150,0.330
1803.547,SEEK_ROUNDABOUT,4.828,0,0.000,0.0000,0.0000,none,,,,camera_timeout,0.0000,0.0000,0,,nan,nan,nan,nan,0.0000,0,0,0.0000,0,0.0000,nan,nan,nan,nan,0.0000,IDLE,0,0,waiting_detection,0,0,0.000,0,nan,nan,nan,0.0000,0,nan,nan,0,5,0.0000,0.0000,0.0000,0.0000,0.0000,等待台阶,1,0.0000,0.150,0.330
1803.613,SEEK_ROUNDABOUT,0.000,0,0.000,0.0000,0.0000,none,,,,tracking,0.0507,0.0366,1,line_curve_center_riding,-0.0339,-0.0251,-0.1717,-0.3865,0.7809,6,0,0.0000,0,0.0000,0.1466,0.2148,0.3614,-0.1944,0.0366,IDLE,0,0,step_zone_before_min seek=0.00<1.25,0,0,0.000,0,nan,nan,nan,0.0000,0,nan,nan,0,5,0.0000,0.0000,0.0000,0.0000,0.0000,等待台阶,1,0.0000,0.150,0.330
1803.760,SEEK_ROUNDABOUT,0.147,0,0.000,0.0000,0.0000,none,,,,tracking,0.1013,0.1112,1,line_center_tracking,-0.1632,-0.1307,-0.2467,-0.2800,0.7146,5,0,0.0000,0,0.0000,0.1160,0.0333,0.1493,-0.2191,0.1112,IDLE,0,0,step_zone_before_min seek=0.00<1.25,0,0,0.000,0,nan,nan,nan,0.0000,0,nan,nan,0,5,0.0000,0.0000,0.0000,0.0000,0.0000,等待台阶,1,0.0000,0.150,0.330
1803.838,SEEK_ROUNDABOUT,0.225,0,0.000,0.0000,0.0000,none,,,,tracking,0.1309,0.1449,1,line_center_tracking,-0.1615,-0.1287,-0.2460,-0.2794,0.7142,5,0,0.0000,0,0.0043,0.1173,0.0335,0.1508,-0.2180,0.1449,IDLE,0,0,step_zone_before_min seek=0.00<1.25,0,0,0.000,0,nan,nan,nan,0.0000,0,nan,nan,0,5,0.0000,0.0000,0.0000,0.0000,0.0000,等待台阶,1,0.0000,0.150,0.330
1803.935,SEEK_ROUNDABOUT,0.322,0,0.000,0.0000,0.0000,none,,,,tracking,0.1676,0.1573,1,line_center_tracking,-0.1598,-0.1267,-0.2447,-0.2790,0.7137,5,0,0.0000,0,0.0043,0.1180,0.0342,0.1522,-0.2168,0.1573,IDLE,0,0,step_zone_before_min seek=0.00<1.25,0,0,0.000,0,nan,nan,nan,0.0000,0,nan,nan,0,5,0.0000,0.0000,0.0000,0.0000,0.0000,等待台阶,1,0.0000,0.150,0.330
1804.067,SEEK_ROUNDABOUT,0.453,0,0.000,0.0000,0.0000,none,,,,tracking,0.2083,0.1620,1,line_center_tracking,-0.1560,-0.1226,-0.2418,-0.2756,0.7140,5,0,0.0000,0,0.0000,0.1192,0.0338,0.1530,-0.2133,0.1620,IDLE,0,0,step_zone_before_min seek=0.00<1.25,0,0,0.000,0,nan,nan,nan,0.0000,0,nan,nan,0,5,0.0000,0.0000,0.0000,0.0000,0.0000,等待台阶,1,0.0000,0.150,0.330
1804.639,SEEK_ROUNDABOUT,1.026,0,0.004,0.0000,0.0000,none,,,,tracking,0.1700,0.0679,1,line_curve_center_riding,0.0255,0.0311,-0.0631,-0.2222,0.7906,6,0,0.0000,0,0.0000,0.0942,0.1591,0.2533,-0.0847,0.0679,IDLE,0,0,step_zone_before_min seek=0.00<1.25,0,0,0.000,0,nan,nan,nan,0.0000,0,nan,nan,0,5,0.0000,0.0000,0.0000,0.0000,0.0000,等待台阶,1,0.0000,0.150,0.330
1804.923,SEEK_ROUNDABOUT,1.310,0,0.026,0.0000,0.0000,none,,,,tracking,0.1700,-0.0556,1,line_curve_center_riding,0.1645,0.1726,0.0371,-0.1157,0.7876,6,0,0.0000,0,0.0000,0.1356,0.1528,0.2884,0.0313,-0.0556,IDLE,0,0,step_zone_before_min seek=0.00<1.25,0,0,0.000,0,nan,nan,nan,0.0000,0,nan,nan,0,5,0.0000,0.0000,0.0000,0.0000,0.0000,等待台阶,1,0.0000,0.150,0.330
1805.151,SEEK_ROUNDABOUT,1.538,0,0.069,0.0000,0.0000,none,,,,tracking,0.1700,-0.1521,1,line_curve_center_riding,0.2311,0.2411,0.0743,-0.1414,0.7771,6,0,0.0000,0,0.0043,0.1669,0.2157,0.3825,0.0580,-0.1521,IDLE,0,0,step_zone_before_min seek=0.03<1.25,0,0,0.000,0,nan,nan,nan,0.0000,0,nan,nan,0,5,0.0000,0.0000,0.0000,0.0000,0.0000,等待台阶,1,0.0000,0.150,0.330
1805.339,SEEK_ROUNDABOUT,1.726,0,0.116,0.0000,0.0000,none,,,,tracking,0.1450,-0.2038,1,line_curve_center_riding,0.2384,0.2523,0.0213,-0.2776,0.6534,5,0,0.0000,0,0.0000,0.2310,0.2989,0.5299,-0.0014,-0.2038,IDLE,0,0,step_zone_before_min seek=0.07<1.25,0,0,0.000,0,nan,nan,nan,0.0000,0,nan,nan,0,5,0.0000,0.0000,0.0000,0.0000,0.0000,等待台阶,1,0.0000,0.150,0.330
1805.560,SEEK_ROUNDABOUT,1.947,0,0.185,0.0000,0.0000,none,,,,tracking,0.1450,-0.1886,1,line_recenter_transition,0.1656,0.1735,-0.2218,-0.3208,0.6530,5,0,0.0000,0,0.0000,0.3953,0.0990,0.4943,-0.1230,-0.1886,IDLE,0,0,step_zone_before_min seek=0.12<1.25,0,0,0.000,0,nan,nan,nan,0.0000,0,nan,nan,0,5,0.0000,0.0000,0.0000,0.0000,0.0000,等待台阶,1,0.0000,0.150,0.330
1805.764,SEEK_ROUNDABOUT,2.150,0,0.247,0.0000,0.0000,none,,,,tracking,0.1450,-0.0757,1,line_curve_center_riding,-0.0272,-0.0071,-0.3432,-0.3432,0.5650,4,0,0.0000,0,0.0129,0.3362,0.0000,0.3362,-0.2312,-0.0757,IDLE,0,0,step_zone_before_min seek=0.19<1.25,0,0,0.000,0,nan,nan,nan,0.0000,0,nan,nan,0,5,0.0000,0.0000,0.0000,0.0000,0.0000,等待台阶,1,0.0000,0.150,0.330
1805.975,SEEK_ROUNDABOUT,2.362,0,0.314,0.0000,0.0000,none,,,,tracking,0.1700,0.1585,1,line_curve_center_riding,-0.3561,-0.3438,-0.5498,-0.5498,0.4644,3,0,0.0000,0,0.0473,0.2060,0.0000,0.2060,-0.4811,0.1585,IDLE,0,0,step_zone_before_min seek=0.25<1.25,0,0,0.000,0,nan,nan,nan,0.0000,0,nan,nan,0,5,0.0000,0.0000,0.0000,0.0000,0.0000,等待台阶,1,0.0000,0.150,0.330
1806.170,SEEK_ROUNDABOUT,2.557,0,0.370,0.0000,0.0000,none,,,,tracking,0.1193,0.4061,1,line_hard_turn_centering,-0.6019,-0.5990,-0.6273,-0.6273,0.3954,2,0,0.0000,1,1.0000,0.0283,0.0000,0.0283,-0.6179,0.4061,IDLE,0,0,step_zone_before_min seek=0.31<1.25,0,0,0.000,0,nan,nan,nan,0.0000,0,nan,nan,0,5,0.0000,0.0000,0.0000,0.0000,0.0000,等待台阶,1,0.0000,0.150,0.330
1806.339,SEEK_ROUNDABOUT,2.726,0,0.419,0.0000,0.0000,none,,,,tracking,0.0850,0.4200,1,line_edge_single_rescue,-0.6024,-0.6024,-0.6024,-0.6024,0.3100,1,0,0.0000,1,1.0000,0.0000,0.0000,0.0000,-0.6024,0.4200,IDLE,0,0,step_zone_before_min seek=0.37<1.25,0,0,0.000,0,nan,nan,nan,0.0000,0,nan,nan,0,5,0.0000,0.0000,0.0000,0.0000,0.0000,等待台阶,1,0.0000,0.150,0.330
1806.525,SEEK_ROUNDABOUT,2.912,0,0.471,0.0000,0.0000,none,,,,line_bridge_loss,0.0350,0.1680,0,line_too_few_bands,0.0000,0.0000,0.0000,0.0000,0.0000,0,0,0.0000,1,1.0000,0.0000,0.0000,0.0000,0.0000,0.1680,IDLE,0,0,step_zone_before_min seek=0.42<1.25,0,0,0.000,0,nan,nan,nan,0.0000,0,nan,nan,0,5,0.0000,0.0000,0.0000,0.0000,0.0000,等待台阶,1,0.0000,0.150,0.330
1806.691,SEEK_ROUNDABOUT,3.077,0,0.471,0.0000,0.0000,none,,,,line_bridge_loss,0.0350,0.1680,0,line_too_few_bands,0.0000,0.0000,0.0000,0.0000,0.0000,0,0,0.0000,1,1.0000,0.0000,0.0000,0.0000,0.0000,0.1680,IDLE,0,0,step_zone_before_min seek=0.47<1.25,0,0,0.000,0,nan,nan,nan,0.0000,0,nan,nan,0,5,0.0000,0.0000,0.0000,0.0000,0.0000,等待台阶,1,0.0000,0.150,0.330
1806.868,SEEK_ROUNDABOUT,3.255,0,0.471,0.0000,0.0000,none,,,,line_loss_hold,0.0000,0.0000,0,line_too_few_bands,0.0000,0.0000,0.0000,0.0000,0.0000,0,0,0.0000,1,1.0000,0.0000,0.0000,0.0000,0.0000,0.0000,IDLE,0,0,step_zone_before_min seek=0.47<1.25,0,0,0.000,0,nan,nan,nan,0.0000,0,nan,nan,0,5,0.0000,0.0000,0.0000,0.0000,0.0000,等待台阶,1,0.0000,0.150,0.330
1807.096,SEEK_ROUNDABOUT,3.483,0,0.471,0.0000,0.0000,none,,,,line_loss_hold,0.0000,0.0000,0,line_too_few_bands,0.0000,0.0000,0.0000,0.0000,0.0000,0,0,0.0000,1,1.0000,0.0000,0.0000,0.0000,0.0000,0.0000,IDLE,0,0,step_zone_before_min seek=0.47<1.25,0,0,0.000,0,nan,nan,nan,0.0000,0,nan,nan,0,5,0.0000,0.0000,0.0000,0.0000,0.0000,等待台阶,1,0.0000,0.150,0.330
1807.255,SEEK_ROUNDABOUT,3.641,0,0.471,0.0000,0.0000,none,,,,line_lost_stop,0.0000,0.0000,0,line_too_few_bands,0.0000,0.0000,0.0000,0.0000,0.0000,0,0,0.0000,1,1.0000,0.0000,0.0000,0.0000,0.0000,0.0000,IDLE,0,0,step_zone_before_min seek=0.47<1.25,0,0,0.000,0,nan,nan,nan,0.0000,0,nan,nan,0,5,0.0000,0.0000,0.0000,0.0000,0.0000,等待台阶,1,0.0000,0.150,0.330
1807.418,SEEK_ROUNDABOUT,3.805,0,0.471,0.0000,0.0000,none,,,,line_lost_stop,0.0000,0.0000,0,line_too_few_bands,0.0000,0.0000,0.0000,0.0000,0.0000,0,0,0.0000,1,1.0000,0.0000,0.0000,0.0000,0.0000,0.0000,IDLE,0,0,step_zone_before_min seek=0.47<1.25,0,0,0.000,0,nan,nan,nan,0.0000,0,nan,nan,0,5,0.0000,0.0000,0.0000,0.0000,0.0000,等待台阶,1,0.0000,0.150,0.330
1807.563,SEEK_ROUNDABOUT,3.950,0,0.471,0.0000,0.0000,none,,,,line_lost_stop,0.0000,0.0000,0,line_too_few_bands,0.0000,0.0000,0.0000,0.0000,0.0000,0,0,0.0000,1,1.0000,0.0000,0.0000,0.0000,0.0000,0.0000,IDLE,0,0,step_zone_before_min seek=0.47<1.25,0,0,0.000,0,nan,nan,nan,0.0000,0,nan,nan,0,5,0.0000,0.0000,0.0000,0.0000,0.0000,等待台阶,1,0.0000,0.150,0.330
1807.706,SEEK_ROUNDABOUT,4.093,0,0.471,0.0000,0.0000,none,,,,line_lost_stop,0.0000,0.0000,0,line_too_few_bands,0.0000,0.0000,0.0000,0.0000,0.0000,0,0,0.0000,0,0.4047,0.0000,0.0000,0.0000,0.0000,0.0000,IDLE,0,0,step_zone_before_min seek=0.47<1.25,0,0,0.000,0,nan,nan,nan,0.0000,0,nan,nan,0,5,0.0000,0.0000,0.0000,0.0000,0.0000,等待台阶,1,0.0000,0.150,0.330
1807.860,SEEK_ROUNDABOUT,4.247,0,0.471,0.0000,0.0000,none,,,,line_lost_stop,0.0000,0.0000,0,line_too_few_bands,0.0000,0.0000,0.0000,0.0000,0.0000,0,0,0.0000,0,0.3137,0.0000,0.0000,0.0000,0.0000,0.0000,IDLE,0,0,step_zone_before_min seek=0.47<1.25,0,0,0.000,0,nan,nan,nan,0.0000,0,nan,nan,0,5,0.0000,0.0000,0.0000,0.0000,0.0000,等待台阶,1,0.0000,0.150,0.330
1808.023,SEEK_ROUNDABOUT,4.410,0,0.471,0.0000,0.0000,none,,,,line_lost_stop,0.0000,0.0000,0,line_too_few_bands,0.0000,0.0000,0.0000,0.0000,0.0000,0,0,0.0000,0,0.3051,0.0000,0.0000,0.0000,0.0000,0.0000,IDLE,0,0,step_zone_before_min seek=0.47<1.25,0,0,0.000,0,nan,nan,nan,0.0000,0,nan,nan,0,5,0.0000,0.0000,0.0000,0.0000,0.0000,等待台阶,1,0.0000,0.150,0.330
1808.198,SEEK_ROUNDABOUT,4.585,0,0.471,0.0000,0.0000,none,,,,line_lost_stop,0.0000,0.0000,0,line_too_few_bands,0.0000,0.0000,0.0000,0.0000,0.0000,0,0,0.0000,0,0.2664,0.0000,0.0000,0.0000,0.0000,0.0000,IDLE,0,0,step_zone_before_min seek=0.47<1.25,0,0,0.000,0,nan,nan,nan,0.0000,0,nan,nan,0,5,0.0000,0.0000,0.0000,0.0000,0.0000,等待台阶,1,0.0000,0.150,0.330
1808.341,SEEK_ROUNDABOUT,4.728,0,0.471,0.0000,0.0000,none,,,,line_lost_stop,0.0000,0.0000,0,line_too_few_bands,0.0000,0.0000,0.0000,0.0000,0.0000,0,0,0.0000,0,0.3094,0.0000,0.0000,0.0000,0.0000,0.0000,IDLE,0,0,step_zone_before_min seek=0.47<1.25,0,0,0.000,0,nan,nan,nan,0.0000,0,nan,nan,0,5,0.0000,0.0000,0.0000,0.0000,0.0000,等待台阶,1,0.0000,0.150,0.330
1808.506,SEEK_ROUNDABOUT,4.892,0,0.471,0.0000,0.0000,none,,,,tracking,0.0507,0.3333,1,line_center_tracking,-0.3604,-0.3578,-0.3671,-0.3671,0.4487,2,0,0.0000,1,0.9411,0.0093,0.0000,0.0093,-0.3640,0.3333,IDLE,0,0,step_zone_before_min seek=0.47<1.25,0,0,0.000,0,nan,nan,nan,0.0000,0,nan,nan,0,5,0.0000,0.0000,0.0000,0.0000,0.0000,等待台阶,1,0.0000,0.150,0.330
1808.657,SEEK_ROUNDABOUT,5.044,0,0.471,0.0000,0.0000,none,,,,tracking,0.1013,0.3133,1,line_curve_center_riding,-0.1763,-0.1473,-0.6298,-0.6298,0.4095,3,0,0.0000,1,1.0000,0.4825,0.0000,0.4825,-0.4690,0.3133,IDLE,0,0,step_zone_before_min seek=0.47<1.25,0,0,0.000,0,nan,nan,nan,0.0000,0,nan,nan,0,5,0.0000,0.0000,0.0000,0.0000,0.0000,等待台阶,1,0.0000,0.150,0.330
1808.814,SEEK_ROUNDABOUT,5.201,0,0.492,0.0000,0.0000,none,,,,tracking,0.1520,0.2399,1,line_center_tracking,-0.1507,-0.1443,-0.1673,-0.1673,0.4102,2,0,0.0000,1,0.5919,0.0230,0.0000,0.0230,-0.1596,0.2399,IDLE,0,0,step_zone_before_min seek=0.47<1.25,0,0,0.000,0,nan,nan,nan,0.0000,0,nan,nan,0,5,0.0000,0.0000,0.0000,0.0000,0.0000,等待台阶,1,0.0000,0.150,0.330
1809.007,SEEK_ROUNDABOUT,5.394,0,0.531,0.0000,0.0000,none,,,,tracking,0.1450,0.0218,1,line_recenter_transition,0.1722,0.1825,-0.3331,-0.4079,0.5307,4,0,0.0000,0,0.3094,0.5157,0.0748,0.5905,-0.1862,0.0218,IDLE,0,0,step_zone_before_min seek=0.49<1.25,0,0,0.000,0,nan,nan,nan,0.0000,0,nan,nan,0,5,0.0000,0.0000,0.0000,0.0000,0.0000,等待台阶,1,0.0000,0.150,0.330
1809.179,SEEK_ROUNDABOUT,5.566,0,0.552,0.0000,0.0000,none,,,,tracking,0.1700,-0.0690,1,line_curve_center_riding,0.1544,0.1653,-0.0170,-0.0170,0.5978,4,0,0.0000,0,0.1117,0.1823,0.0000,0.1823,0.0438,-0.0690,IDLE,0,0,step_zone_before_min seek=0.53<1.25,0,0,0.000,0,nan,nan,nan,0.0000,0,nan,nan,0,5,0.0000,0.0000,0.0000,0.0000,0.0000,等待台阶,1,0.0000,0.150,0.330
1809.328,SEEK_ROUNDABOUT,5.715,0,0.563,0.0000,0.0000,none,,,,tracking,0.1700,-0.1662,1,line_curve_center_riding,0.2403,0.2548,0.0125,0.0125,0.5877,4,0,0.0000,0,0.0387,0.2423,0.0000,0.2423,0.0933,-0.1662,IDLE,0,0,step_zone_before_min seek=0.55<1.25,0,0,0.000,0,nan,nan,nan,0.0000,0,nan,nan,0,5,0.0000,0.0000,0.0000,0.0000,0.0000,等待台阶,1,0.0000,0.150,0.330
1809.502,SEEK_ROUNDABOUT,5.889,0,0.568,0.0000,0.0000,none,,,,tracking,0.1700,-0.1897,1,line_curve_center_riding,0.2043,0.2170,0.0039,0.0039,0.5942,4,0,0.0000,0,0.0086,0.2131,0.0000,0.2131,0.0750,-0.1897,IDLE,0,0,step_zone_before_min seek=0.56<1.25,0,0,0.000,0,nan,nan,nan,0.0000,0,nan,nan,0,5,0.0000,0.0000,0.0000,0.0000,0.0000,等待台阶,1,0.0000,0.150,0.330
1809.687,SEEK_ROUNDABOUT,6.074,0,0.570,0.0000,0.0000,none,,,,tracking,0.1450,-0.2275,1,line_recenter_transition,0.2450,0.2557,-0.2812,-0.3857,0.5338,4,0,0.0000,0,0.0129,0.5370,0.1044,0.6414,-0.1370,-0.2275,IDLE,0,0,step_zone_before_min seek=0.57<1.25,0,0,0.000,0,nan,nan,nan,0.0000,0,nan,nan,0,5,0.0000,0.0000,0.0000,0.0000,0.0000,等待台阶,1,0.0000,0.150,0.330
1809.839,SEEK_ROUNDABOUT,6.226,0,0.584,0.0000,0.0000,none,,,,tracking,0.1450,-0.1871,1,line_recenter_transition,0.1431,0.1540,-0.3909,-0.4953,0.5310,4,0,0.0000,0,0.0129,0.5450,0.1044,0.6494,-0.2441,-0.1871,IDLE,0,0,step_zone_before_min seek=0.57<1.25,0,0,0.000,0,nan,nan,nan,0.0000,0,nan,nan,0,5,0.0000,0.0000,0.0000,0.0000,0.0000,等待台阶,1,0.0000,0.150,0.330
1809.986,SEEK_ROUNDABOUT,6.372,0,0.601,0.0000,0.0000,none,,,,tracking,0.1957,0.0175,1,line_center_tracking,-0.1840,-0.1770,-0.2021,-0.2021,0.4042,2,0,0.0000,0,0.0215,0.0252,0.0000,0.0252,-0.1937,0.0175,IDLE,0,0,step_zone_before_min seek=0.58<1.25,0,0,0.000,0,nan,nan,nan,0.0000,0,nan,nan,0,5,0.0000,0.0000,0.0000,0.0000,0.0000,等待台阶,1,0.0000,0.150,0.330
1810.158,SEEK_ROUNDABOUT,6.545,0,0.636,0.0000,0.0000,none,,,,line_bridge_loss,0.1450,0.0070,0,line_too_few_bands,0.0000,0.0000,0.0000,0.0000,0.0000,1,0,0.0000,0,0.0301,0.0000,0.0000,0.0000,0.0000,0.0070,IDLE,0,0,step_zone_before_min seek=0.60<1.25,0,0,0.000,0,nan,nan,nan,0.0000,0,nan,nan,0,5,0.0000,0.0000,0.0000,0.0000,0.0000,等待台阶,1,0.0000,0.150,0.330
1810.331,SEEK_ROUNDABOUT,6.718,0,0.672,0.0000,0.0000,none,,,,tracking,0.0943,0.3403,1,line_edge_single_rescue,-0.6807,-0.6807,-0.6807,-0.6807,0.3100,1,0,0.0000,0,0.2149,0.0000,0.0000,0.0000,-0.6807,0.3403,IDLE,0,0,step_zone_before_min seek=0.64<1.25,0,0,0.000,0,nan,nan,nan,0.0000,0,nan,nan,0,5,0.0000,0.0000,0.0000,0.0000,0.0000,等待台阶,1,0.0000,0.150,0.330
1810.488,SEEK_ROUNDABOUT,6.875,0,0.731,0.0000,0.0000,none,,,,tracking,0.0850,0.4200,1,line_edge_single_rescue,-0.5753,-0.5753,-0.5753,-0.5753,0.3100,1,0,0.0000,1,1.0000,0.0000,0.0000,0.0000,-0.5753,0.4200,IDLE,0,0,step_zone_before_min seek=0.67<1.25,0,0,0.000,0,nan,nan,nan,0.0000,0,nan,nan,0,5,0.0000,0.0000,0.0000,0.0000,0.0000,等待台阶,1,0.0000,0.150,0.330
1810.653,SEEK_ROUNDABOUT,7.039,0,0.782,0.0000,0.0000,none,,,,tracking,0.0850,0.4200,1,line_edge_single_rescue,-0.7749,-0.7749,-0.7749,-0.7749,0.3100,1,0,0.0000,1,1.0000,0.0000,0.0000,0.0000,-0.7749,0.4200,IDLE,0,0,step_zone_before_min seek=0.73<1.25,0,0,0.000,0,nan,nan,nan,0.0000,0,nan,nan,0,5,0.0000,0.0000,0.0000,0.0000,0.0000,等待台阶,1,0.0000,0.150,0.330
1810.795,SEEK_ROUNDABOUT,7.182,0,0.826,0.0000,0.0000,none,,,,line_bridge_loss,0.0350,0.1680,0,line_too_few_bands,0.0000,0.0000,0.0000,0.0000,0.0000,0,0,0.0000,1,1.0000,0.0000,0.0000,0.0000,0.0000,0.1680,IDLE,0,0,step_zone_before_min seek=0.78<1.25,0,0,0.000,0,1.5700,nan,0.0513,0.8897,1,0.1291,0.4864,3,5,0.0000,0.0000,0.0000,0.0000,0.0000,等待台阶,1,0.0000,0.150,0.330
1810.955,SEEK_ROUNDABOUT,7.342,0,0.826,0.0000,0.0000,none,,,,line_bridge_loss,0.0350,0.1680,0,line_too_few_bands,0.0000,0.0000,0.0000,0.0000,0.0000,0,0,0.0000,1,1.0000,0.0000,0.0000,0.0000,0.0000,0.1680,IDLE,0,0,step_zone_before_min seek=0.83<1.25,0,0,0.000,1,1.5200,nan,0.0538,0.9231,0,nan,0.5219,8,5,0.0000,0.0000,0.0000,0.0000,0.0000,等待台阶,1,0.0000,0.150,0.330
1811.091,SEEK_ROUNDABOUT,7.478,0,0.826,0.0000,0.0000,none,,,,line_bridge_loss,0.0350,0.1680,0,line_too_few_bands,0.0000,0.0000,0.0000,0.0000,0.0000,0,0,0.0000,0,0.2493,0.0000,0.0000,0.0000,0.0000,0.1680,IDLE,0,0,step_zone_before_min seek=0.83<1.25,0,0,0.000,1,1.5700,nan,0.0539,0.8789,1,0.0332,0.2483,11,5,0.0000,0.0000,0.0000,0.0000,0.0000,等待台阶,1,0.0000,0.150,0.330
1811.276,SEEK_ROUNDABOUT,7.663,0,0.826,0.0000,0.0000,none,,,,line_loss_hold,0.0000,0.0000,0,line_too_few_bands,0.0000,0.0000,0.0000,0.0000,0.0000,0,0,0.0000,0,0.4571,0.0000,0.0000,0.0000,0.0000,0.0000,IDLE,0,0,step_zone_before_min seek=0.83<1.25,0,0,0.000,1,1.5000,nan,0.0526,0.9015,1,-0.0554,0.4023,17,5,0.0000,0.0000,0.0000,0.0000,0.0000,等待台阶,1,0.0000,0.150,0.330
1811.476,SEEK_ROUNDABOUT,7.863,0,0.826,0.0000,0.0000,none,,,,line_lost_stop,0.0000,0.0000,0,line_too_few_bands,0.0000,0.0000,0.0000,0.0000,0.0000,0,0,0.0000,0,0.2536,0.0000,0.0000,0.0000,0.0000,0.0000,IDLE,0,0,step_zone_before_min seek=0.83<1.25,0,0,0.000,1,1.4300,nan,0.0519,0.9529,1,-0.0788,0.4834,23,5,0.0000,0.0000,0.0000,0.0000,0.0000,等待台阶,1,0.0000,0.150,0.330
1811.639,SEEK_ROUNDABOUT,8.026,0,0.826,0.0000,0.0000,none,,,,line_lost_stop,0.0000,0.0000,0,line_too_few_bands,0.0000,0.0000,0.0000,0.0000,0.0000,0,0,0.0000,1,0.5704,0.0000,0.0000,0.0000,0.0000,0.0000,IDLE,0,0,step_zone_before_min seek=0.83<1.25,0,0,0.000,1,1.4000,nan,0.0532,0.8962,1,-0.1275,0.4932,27,5,0.0000,0.0000,0.0000,0.0000,0.0000,等待台阶,1,0.0000,0.150,0.330
1811.801,SEEK_ROUNDABOUT,8.188,0,0.826,0.0000,0.0000,none,,,,line_lost_stop,0.0000,0.0000,0,line_too_few_bands,0.0000,0.0000,0.0000,0.0000,0.0000,0,0,0.0000,0,0.3309,0.0000,0.0000,0.0000,0.0000,0.0000,IDLE,0,0,step_zone_before_min seek=0.83<1.25,0,0,0.000,1,1.3700,nan,0.0524,0.8449,1,-0.1730,0.5035,32,5,0.0000,0.0000,0.0000,0.0000,0.0000,等待台阶,1,0.0000,0.150,0.330
1811.945,SEEK_ROUNDABOUT,8.332,0,0.826,0.0000,0.0000,none,,,,line_lost_stop,0.0000,0.0000,0,line_too_few_bands,0.0000,0.0000,0.0000,0.0000,0.0000,0,0,0.0000,0,0.3223,0.0000,0.0000,0.0000,0.0000,0.0000,IDLE,0,0,step_zone_before_min seek=0.83<1.25,0,0,0.000,1,1.3600,nan,0.0558,0.7861,1,-0.2294,0.4980,35,5,0.0000,0.0000,0.0000,0.0000,0.0000,等待台阶,1,0.0000,0.150,0.330
1812.095,SEEK_ROUNDABOUT,8.482,0,0.826,0.0000,0.0000,none,,,,line_lost_stop,0.0000,0.0000,0,line_too_few_bands,0.0000,0.0000,0.0000,0.0000,0.0000,0,0,0.0000,0,0.2793,0.0000,0.0000,0.0000,0.0000,0.0000,IDLE,0,0,step_zone_before_min seek=0.83<1.25,0,0,0.000,1,1.3500,nan,0.0544,0.8103,1,-0.1563,0.4963,40,5,0.0000,0.0000,0.0000,0.0000,0.0000,等待台阶,1,0.0000,0.150,0.330
1812.251,SEEK_ROUNDABOUT,8.637,0,0.826,0.0000,0.0000,none,,,,line_lost_stop,0.0000,0.0000,0,line_too_few_bands,0.0000,0.0000,0.0000,0.0000,0.0000,0,0,0.0000,1,0.4965,0.0000,0.0000,0.0000,0.0000,0.0000,IDLE,0,0,step_zone_before_min seek=0.83<1.25,0,0,0.000,1,1.3500,nan,0.0545,0.8252,1,-0.1766,0.4924,44,5,0.0000,0.0000,0.0000,0.0000,0.0000,等待台阶,1,0.0000,0.150,0.330
1812.414,SEEK_ROUNDABOUT,8.801,0,0.826,0.0000,0.0000,none,,,,line_lost_stop,0.0000,0.0000,0,line_too_few_bands,0.0000,0.0000,0.0000,0.0000,0.0000,0,0,0.0000,0,0.2278,0.0000,0.0000,0.0000,0.0000,0.0000,IDLE,0,0,step_zone_before_min seek=0.83<1.25,0,0,0.000,1,1.3600,nan,0.0552,0.8337,1,-0.1739,0.4890,50,5,0.0000,0.0000,0.0000,0.0000,0.0000,等待台阶,1,0.0000,0.150,0.330
1812.559,SEEK_ROUNDABOUT,8.945,0,0.826,0.0000,0.0000,none,,,,line_lost_stop,0.0000,0.0000,0,line_too_few_bands,0.0000,0.0000,0.0000,0.0000,0.0000,0,0,0.0000,0,0.1934,0.0000,0.0000,0.0000,0.0000,0.0000,IDLE,0,0,step_zone_before_min seek=0.83<1.25,0,0,0.000,1,1.3700,nan,0.0519,0.9011,1,-0.1777,0.4868,54,5,0.0000,0.0000,0.0000,0.0000,0.0000,等待台阶,1,0.0000,0.150,0.330
1812.708,SEEK_ROUNDABOUT,9.094,0,0.826,0.0000,0.0000,none,,,,line_lost_stop,0.0000,0.0000,0,line_too_few_bands,0.0000,0.0000,0.0000,0.0000,0.0000,0,0,0.0000,0,0.0688,0.0000,0.0000,0.0000,0.0000,0.0000,IDLE,0,0,step_zone_before_min seek=0.83<1.25,0,0,0.000,1,1.3800,nan,0.0537,0.8748,1,-0.1234,0.4889,58,5,0.0000,0.0000,0.0000,0.0000,0.0000,等待台阶,1,0.0000,0.150,0.330
1812.869,SEEK_ROUNDABOUT,9.256,0,0.826,0.0000,0.0000,none,,,,line_lost_stop,0.0000,0.0000,0,line_too_few_bands,0.0000,0.0000,0.0000,0.0000,0.0000,0,0,0.0000,0,0.0559,0.0000,0.0000,0.0000,0.0000,0.0000,IDLE,0,0,step_zone_before_min seek=0.83<1.25,0,0,0.000,1,1.3900,nan,0.0539,0.8937,1,-0.0983,0.4923,63,5,0.0000,0.0000,0.0000,0.0000,0.0000,等待台阶,1,0.0000,0.150,0.330
1813.012,SEEK_ROUNDABOUT,9.399,0,0.826,0.0000,0.0000,none,,,,line_lost_stop,0.0000,0.0000,0,line_too_few_bands,0.0000,0.0000,0.0000,0.0000,0.0000,0,0,0.0000,0,0.0258,0.0000,0.0000,0.0000,0.0000,0.0000,IDLE,0,0,step_zone_before_min seek=0.83<1.25,0,0,0.000,1,1.4050,nan,0.0529,0.8957,1,-0.1370,0.4891,67,5,0.0000,0.0000,0.0000,0.0000,0.0000,等待台阶,1,0.0000,0.150,0.330
1813.179,SEEK_ROUNDABOUT,9.566,0,0.826,0.0000,0.0000,none,,,,line_lost_stop,0.0000,0.0000,0,line_too_few_bands,0.0000,0.0000,0.0000,0.0000,0.0000,0,0,0.0000,0,0.0430,0.0000,0.0000,0.0000,0.0000,0.0000,IDLE,0,0,step_zone_before_min seek=0.83<1.25,0,0,0.000,1,1.4200,nan,0.0527,0.9019,1,-0.1027,0.4896,72,5,0.0000,0.0000,0.0000,0.0000,0.0000,等待台阶,1,0.0000,0.150,0.330
1813.333,SEEK_ROUNDABOUT,9.720,0,0.826,0.0000,0.0000,none,,,,line_lost_stop,0.0000,0.0000,0,line_too_few_bands,0.0000,0.0000,0.0000,0.0000,0.0000,0,0,0.0000,0,0.0817,0.0000,0.0000,0.0000,0.0000,0.0000,IDLE,0,0,step_zone_before_min seek=0.83<1.25,0,0,0.000,1,1.4400,nan,0.0527,0.9264,1,-0.1210,0.4911,77,5,0.0000,0.0000,0.0000,0.0000,0.0000,等待台阶,1,0.0000,0.150,0.330
1813.497,SEEK_ROUNDABOUT,9.884,0,0.826,0.0000,0.0000,none,,,,line_lost_stop,0.0000,0.0000,0,line_too_few_bands,0.0000,0.0000,0.0000,0.0000,0.0000,0,0,0.0000,0,0.0945,0.0000,0.0000,0.0000,0.0000,0.0000,IDLE,0,0,step_zone_before_min seek=0.83<1.25,0,0,0.000,1,1.4600,nan,0.0520,0.9171,1,-0.1084,0.5021,82,5,0.0000,0.0000,0.0000,0.0000,0.0000,等待台阶,1,0.0000,0.150,0.330
1813.646,SEEK_ROUNDABOUT,10.033,0,0.826,0.0000,0.0000,none,,,,line_lost_stop,0.0000,0.0000,0,line_too_few_bands,0.0000,0.0000,0.0000,0.0000,0.0000,0,0,0.0000,0,0.1117,0.0000,0.0000,0.0000,0.0000,0.0000,IDLE,0,0,step_zone_before_min seek=0.83<1.25,0,0,0.000,1,1.4700,nan,0.0518,0.9216,1,-0.0716,0.5054,86,5,0.0000,0.0000,0.0000,0.0000,0.0000,等待台阶,1,0.0000,0.150,0.330
1813.798,SEEK_ROUNDABOUT,10.185,0,0.826,0.0000,0.0000,none,,,,line_lost_stop,0.0000,0.0000,0,line_too_few_bands,0.0000,0.0000,0.0000,0.0000,0.0000,0,0,0.0000,0,0.2063,0.0000,0.0000,0.0000,0.0000,0.0000,IDLE,0,0,step_zone_before_min seek=0.83<1.25,0,0,0.000,1,1.4800,nan,0.0516,0.9256,1,-0.0779,0.4990,90,5,0.0000,0.0000,0.0000,0.0000,0.0000,等待台阶,1,0.0000,0.150,0.330
1813.982,SEEK_ROUNDABOUT,10.369,0,0.826,0.0000,0.0000,none,,,,tracking,0.0507,0.3333,1,line_hard_turn_centering,-0.6882,-0.6865,-0.7031,-0.7031,0.4285,2,0,0.0000,1,1.0000,0.0165,0.0000,0.0165,-0.6976,0.3333,IDLE,0,0,step_zone_before_min seek=0.83<1.25,0,0,0.000,1,1.4900,nan,0.0522,0.9165,1,-0.1419,0.4837,96,5,0.0000,0.0000,0.0000,0.0000,0.0000,等待台阶,1,0.0000,0.150,0.330
1814.154,SEEK_ROUNDABOUT,10.540,0,0.826,0.0000,0.0000,none,,,,line_bridge_loss,0.0350,0.2240,0,line_too_few_bands,0.0000,0.0000,0.0000,0.0000,0.0000,1,0,0.0000,0,0.1246,0.0000,0.0000,0.0000,0.0000,0.2240,IDLE,0,0,step_zone_before_min seek=0.83<1.25,0,0,0.000,1,1.5100,nan,0.0527,0.9047,1,-0.0837,0.4885,101,5,0.0000,0.0000,0.0000,0.0000,0.0000,等待台阶,1,0.0000,0.150,0.330
1814.320,SEEK_ROUNDABOUT,10.707,0,0.826,0.0000,0.0000,none,,,,tracking,0.0857,0.5573,1,line_center_tracking,-0.4934,-0.4607,-0.5776,-0.5776,0.4915,3,0,0.0000,0,0.2922,0.1169,0.0000,0.1169,-0.5386,0.5573,IDLE,0,0,step_zone_before_min seek=0.83<1.25,0,0,0.000,1,1.5200,nan,0.0544,0.8914,1,-0.1481,0.4868,106,5,0.0000,0.0000,0.0000,0.0000,0.0000,等待台阶,1,0.0000,0.150,0.330
1814.485,SEEK_ROUNDABOUT,10.871,0,0.833,0.0000,0.0000,none,,,,tracking,0.1339,0.4514,1,line_curve_center_riding,-0.2807,-0.2648,-0.5306,-0.5306,0.4349,3,0,0.0000,0,0.3223,0.2659,0.0000,0.2659,-0.4420,0.4514,IDLE,0,0,step_zone_before_min seek=0.83<1.25,0,0,0.000,1,1.5200,nan,0.0524,0.9125,1,-0.0715,0.4941,111,5,0.0000,0.0000,0.0000,0.0000,0.0000,等待台阶,1,0.0000,0.150,0.330
1814.652,SEEK_ROUNDABOUT,11.039,0,0.835,0.0000,0.0000,none,,,,tracking,0.1700,0.2933,1,line_curve_center_riding,-0.1278,-0.1120,-0.3758,-0.3758,0.4385,3,0,0.0000,0,0.2149,0.2638,0.0000,0.2638,-0.2879,0.2933,IDLE,0,0,step_zone_before_min seek=0.83<1.25,0,0,0.000,1,1.5100,nan,0.0524,0.8887,1,-0.1467,0.5300,116,5,0.0000,0.0000,0.0000,0.0000,0.0000,等待台阶,1,0.0000,0.150,0.330
1814.834,SEEK_ROUNDABOUT,11.221,0,0.836,0.4000,0.0000,none,,,,tracking,0.1450,0.1183,1,line_recenter_transition,0.0507,0.0572,-0.2685,-0.2685,0.5541,4,0,0.0000,0,0.2106,0.3257,0.0000,0.3257,-0.1599,0.1183,IDLE,0,0,step_zone_before_min seek=0.84<1.25,0,0,0.000,1,1.5000,nan,0.0531,0.8116,1,-0.2607,0.5531,121,5,0.0000,0.0000,0.0000,0.0000,0.0000,等待台阶,1,0.0000,0.150,0.330
1814.988,SEEK_ROUNDABOUT,11.375,0,0.841,0.8000,0.0000,none,,,,tracking,0.1450,-0.0335,1,line_recenter_transition,0.1678,0.1784,-0.3514,-0.6129,0.7128,6,0,0.0000,0,0.1891,0.5297,0.2616,0.7913,-0.2620,-0.0335,IDLE,0,0,step_zone_before_min seek=0.84<1.25,0,0,0.000,0,nan,nan,nan,0.0000,0,nan,nan,0,5,0.0000,0.0000,0.0000,0.0000,0.0000,等待台阶,1,0.0000,0.150,0.330
1815.191,SEEK_ROUNDABOUT,11.578,0,0.851,0.0000,0.0000,none,,,,tracking,0.1450,-0.1278,1,line_recenter_transition,0.2132,0.2242,-0.3257,-0.6306,0.6080,5,0,0.0000,0,0.0945,0.5499,0.3050,0.8549,-0.2440,-0.1278,IDLE,0,0,step_zone_before_min seek=0.84<1.25,0,0,0.000,0,nan,nan,nan,0.0000,0,nan,nan,0,5,0.0000,0.0000,0.0000,0.0000,0.0000,等待台阶,1,0.0000,0.150,0.330
1815.345,SEEK_ROUNDABOUT,11.732,0,0.865,0.0000,0.0000,none,,,,tracking,0.1450,-0.1363,1,line_recenter_transition,0.1400,0.1505,-0.3717,-0.6784,0.6092,5,0,0.0000,0,0.0860,0.5222,0.3067,0.8289,-0.2999,-0.1363,IDLE,0,0,step_zone_before_min seek=0.85<1.25,0,0,0.000,0,nan,nan,nan,0.0000,0,nan,nan,0,5,0.0000,0.0000,0.0000,0.0000,0.0000,等待台阶,1,0.0000,0.150,0.330
1815.559,SEEK_ROUNDABOUT,11.946,0,0.901,0.8000,0.0000,none,,,,tracking,0.1450,-0.0288,1,line_curve_center_riding,-0.0647,-0.0367,-0.5045,-0.5045,0.5302,4,0,0.0000,0,0.0344,0.4678,0.0000,0.4678,-0.3485,-0.0288,IDLE,0,0,step_zone_before_min seek=0.86<1.25,0,0,1.000,0,1.1500,1.1500,0.0470,0.7899,1,0.7290,-0.4590,1,5,0.0000,0.0000,0.0000,0.0000,0.0000,等待台阶,1,0.0000,0.150,0.330
1815.718,SEEK_ROUNDABOUT,12.105,0,0.937,0.0000,0.0000,none,,,,line_bridge_loss,0.0943,-0.0115,0,line_too_few_bands,0.0000,0.0000,0.0000,0.0000,0.0000,0,0,0.0000,0,0.0172,0.0000,0.0000,0.0000,0.0000,-0.0115,IDLE,0,0,step_zone_before_min seek=0.90<1.25,0,0,0.400,0,nan,1.1500,nan,0.0000,0,nan,nan,0,5,0.0000,0.0000,0.0000,0.0000,0.0000,等待台阶,1,0.0000,0.150,0.330
1815.849,SEEK_ROUNDABOUT,12.236,0,0.969,0.0000,0.0000,none,,,,tracking,0.1050,0.3172,1,line_hard_turn_centering,-0.6126,-0.6091,-0.6439,-0.6439,0.3771,2,0,0.0000,0,0.1418,0.0348,0.0000,0.0348,-0.6323,0.3172,IDLE,0,0,step_zone_before_min seek=0.94<1.25,0,0,0.000,0,1.4000,1.1500,0.0521,0.8514,0,nan,0.5368,2,5,0.0000,0.0000,0.0000,0.0000,0.0000,等待台阶,1,0.0000,0.150,0.330
1815.976,SEEK_ROUNDABOUT,12.363,0,1.007,0.0000,0.0000,none,,,,line_bridge_loss,0.0569,0.1271,0,line_too_few_bands,0.0000,0.0000,0.0000,0.0000,0.0000,0,0,0.0000,0,0.5087,0.0000,0.0000,0.0000,0.0000,0.1271,IDLE,0,0,step_zone_before_min seek=0.97<1.25,0,0,0.000,1,1.3900,1.1500,0.0543,0.9154,0,nan,0.5111,6,5,0.0000,0.0000,0.0000,0.0000,0.0000,等待台阶,1,0.0000,0.150,0.330
1816.132,SEEK_ROUNDABOUT,12.519,0,1.007,0.0000,0.0000,none,,,,line_bridge_loss,0.0350,0.1271,0,line_too_few_bands,0.0000,0.0000,0.0000,0.0000,0.0000,0,0,0.0000,0,0.4348,0.0000,0.0000,0.0000,0.0000,0.1271,IDLE,0,0,step_zone_before_min seek=1.01<1.25,0,0,0.000,1,1.4950,1.1500,0.0542,0.9192,0,nan,0.4914,8,5,0.0000,0.0000,0.0000,0.0000,0.0000,等待台阶,1,0.0000,0.150,0.330
1816.296,SEEK_ROUNDABOUT,12.683,0,1.007,0.0000,0.0000,none,,,,line_bridge_loss,0.0350,0.1271,0,line_too_few_bands,0.0000,0.0000,0.0000,0.0000,0.0000,0,0,0.0000,0,0.4657,0.0000,0.0000,0.0000,0.0000,0.1271,IDLE,0,0,step_zone_before_min seek=1.01<1.25,0,0,0.000,1,1.4600,1.1500,0.0560,0.8932,0,nan,0.4870,14,5,0.0000,0.0000,0.0000,0.0000,0.0000,等待台阶,1,0.0000,0.150,0.330
1816.451,SEEK_ROUNDABOUT,12.837,0,1.007,0.0000,0.0000,none,,,,line_loss_hold,0.0000,0.0000,0,line_too_few_bands,0.0000,0.0000,0.0000,0.0000,0.0000,0,0,0.0000,0,0.2020,0.0000,0.0000,0.0000,0.0000,0.0000,IDLE,0,0,step_zone_before_min seek=1.01<1.25,0,0,0.000,1,1.2800,nan,0.0563,0.8906,0,nan,0.4905,20,5,0.0000,0.0000,0.0000,0.0000,0.0000,等待台阶,1,0.0000,0.150,0.330
1816.615,SEEK_ROUNDABOUT,13.002,0,1.007,0.0000,0.0000,none,,,,line_loss_hold,0.0000,0.0000,0,line_too_few_bands,0.0000,0.0000,0.0000,0.0000,0.0000,0,0,0.0000,0,0.0602,0.0000,0.0000,0.0000,0.0000,0.0000,IDLE,0,0,step_zone_before_min seek=1.01<1.25,0,0,0.000,1,1.2100,nan,0.0577,0.8266,0,nan,0.5178,25,5,0.0000,0.0000,0.0000,0.0000,0.0000,等待台阶,1,0.0000,0.150,0.330
1816.784,SEEK_ROUNDABOUT,13.170,0,1.007,0.0000,0.0000,none,,,,line_lost_stop,0.0000,0.0000,0,line_too_few_bands,0.0000,0.0000,0.0000,0.0000,0.0000,0,0,0.0000,0,0.2793,0.0000,0.0000,0.0000,0.0000,0.0000,IDLE,0,0,step_zone_before_min seek=1.01<1.25,0,0,0.000,0,nan,nan,nan,0.0000,0,nan,nan,0,5,0.0000,0.0000,0.0000,0.0000,0.0000,等待台阶,1,0.0000,0.150,0.330
1816.940,SEEK_ROUNDABOUT,13.327,0,1.007,0.0000,0.0000,none,,,,line_lost_stop,0.0000,0.0000,0,line_too_few_bands,0.0000,0.0000,0.0000,0.0000,0.0000,0,0,0.0000,0,0.1289,0.0000,0.0000,0.0000,0.0000,0.0000,IDLE,0,0,step_zone_before_min seek=1.01<1.25,0,0,0.000,0,nan,nan,nan,0.0000,0,nan,nan,0,5,0.0000,0.0000,0.0000,0.0000,0.0000,等待台阶,1,0.0000,0.150,0.330
1817.109,SEEK_ROUNDABOUT,13.496,0,1.007,0.0000,0.0000,none,,,,line_lost_stop,0.0000,0.0000,0,line_too_few_bands,0.0000,0.0000,0.0000,0.0000,0.0000,0,0,0.0000,0,0.1848,0.0000,0.0000,0.0000,0.0000,0.0000,IDLE,0,0,step_zone_before_min seek=1.01<1.25,0,0,0.000,0,nan,nan,nan,0.0000,0,nan,nan,0,5,0.0000,0.0000,0.0000,0.0000,0.0000,等待台阶,1,0.0000,0.150,0.330
1817.266,SEEK_ROUNDABOUT,13.653,0,1.007,0.0000,0.0000,none,,,,line_lost_stop,0.0000,0.0000,0,line_too_few_bands,0.0000,0.0000,0.0000,0.0000,0.0000,0,0,0.0000,0,0.2664,0.0000,0.0000,0.0000,0.0000,0.0000,IDLE,0,0,step_zone_before_min seek=1.01<1.25,0,0,0.000,0,nan,nan,nan,0.0000,0,nan,nan,0,5,0.0000,0.0000,0.0000,0.0000,0.0000,等待台阶,1,0.0000,0.150,0.330
1817.430,SEEK_ROUNDABOUT,13.817,0,1.007,0.0000,0.0000,none,,,,line_lost_stop,0.0000,0.0000,0,line_too_few_bands,0.0000,0.0000,0.0000,0.0000,0.0000,0,0,0.0000,0,0.1547,0.0000,0.0000,0.0000,0.0000,0.0000,IDLE,0,0,step_zone_before_min seek=1.01<1.25,0,0,0.000,0,nan,nan,nan,0.0000,0,nan,nan,0,5,0.0000,0.0000,0.0000,0.0000,0.0000,等待台阶,1,0.0000,0.150,0.330
1817.587,SEEK_ROUNDABOUT,13.974,0,1.007,0.0000,0.0000,none,,,,line_lost_stop,0.0000,0.0000,0,line_too_few_bands,0.0000,0.0000,0.0000,0.0000,0.0000,0,0,0.0000,0,0.2965,0.0000,0.0000,0.0000,0.0000,0.0000,IDLE,0,0,step_zone_before_min seek=1.01<1.25,0,0,0.000,0,nan,nan,nan,0.0000,0,nan,nan,0,5,0.0000,0.0000,0.0000,0.0000,0.0000,等待台阶,1,0.0000,0.150,0.330
1817.736,SEEK_ROUNDABOUT,14.122,0,1.007,0.0000,0.0000,none,,,,line_lost_stop,0.0000,0.0000,0,line_too_few_bands,0.0000,0.0000,0.0000,0.0000,0.0000,0,0,0.0000,0,0.2235,0.0000,0.0000,0.0000,0.0000,0.0000,IDLE,0,0,step_zone_before_min seek=1.01<1.25,0,0,0.000,0,nan,nan,nan,0.0000,0,nan,nan,0,5,0.0000,0.0000,0.0000,0.0000,0.0000,等待台阶,1,0.0000,0.150,0.330
1817.890,SEEK_ROUNDABOUT,14.277,0,1.007,0.0000,0.0000,none,,,,line_lost_stop,0.0000,0.0000,0,line_too_few_bands,0.0000,0.0000,0.0000,0.0000,0.0000,0,0,0.0000,0,0.1934,0.0000,0.0000,0.0000,0.0000,0.0000,IDLE,0,0,step_zone_before_min seek=1.01<1.25,0,0,0.000,0,nan,nan,nan,0.0000,0,nan,nan,0,5,0.0000,0.0000,0.0000,0.0000,0.0000,等待台阶,1,0.0000,0.150,0.330
1818.031,SEEK_ROUNDABOUT,14.418,0,1.007,0.0000,0.0000,none,,,,line_lost_stop,0.0000,0.0000,0,line_too_few_bands,0.0000,0.0000,0.0000,0.0000,0.0000,0,0,0.0000,0,0.2235,0.0000,0.0000,0.0000,0.0000,0.0000,IDLE,0,0,step_zone_before_min seek=1.01<1.25,0,0,0.000,0,nan,nan,nan,0.0000,0,nan,nan,0,5,0.0000,0.0000,0.0000,0.0000,0.0000,等待台阶,1,0.0000,0.150,0.330
1818.184,SEEK_ROUNDABOUT,14.570,0,1.007,0.0000,0.0000,none,,,,line_lost_stop,0.0000,0.0000,0,line_too_few_bands,0.0000,0.0000,0.0000,0.0000,0.0000,0,0,0.0000,0,0.1547,0.0000,0.0000,0.0000,0.0000,0.0000,IDLE,0,0,step_zone_before_min seek=1.01<1.25,0,0,0.000,0,nan,nan,nan,0.0000,0,nan,nan,0,5,0.0000,0.0000,0.0000,0.0000,0.0000,等待台阶,1,0.0000,0.150,0.330
1818.340,SEEK_ROUNDABOUT,14.727,0,1.007,0.0000,0.0000,none,,,,line_lost_stop,0.0000,0.0000,0,line_too_few_bands,0.0000,0.0000,0.0000,0.0000,0.0000,0,0,0.0000,0,0.0902,0.0000,0.0000,0.0000,0.0000,0.0000,IDLE,0,0,step_zone_before_min seek=1.01<1.25,0,0,0.000,0,nan,nan,nan,0.0000,0,nan,nan,0,5,0.0000,0.0000,0.0000,0.0000,0.0000,等待台阶,1,0.0000,0.150,0.330
1818.487,SEEK_ROUNDABOUT,14.874,0,1.007,0.0000,0.0000,none,,,,line_lost_stop,0.0000,0.0000,0,line_too_few_bands,0.0000,0.0000,0.0000,0.0000,0.0000,0,0,0.0000,0,0.0774,0.0000,0.0000,0.0000,0.0000,0.0000,IDLE,0,0,step_zone_before_min seek=1.01<1.25,0,0,0.000,0,nan,nan,nan,0.0000,0,nan,nan,0,5,0.0000,0.0000,0.0000,0.0000,0.0000,等待台阶,1,0.0000,0.150,0.330
1818.627,SEEK_ROUNDABOUT,15.014,0,1.007,0.0000,0.0000,none,,,,tracking,0.0507,0.3333,1,line_edge_single_rescue,-0.7848,-0.7848,-0.7848,-0.7848,0.3100,1,0,0.0000,0,0.1848,0.0000,0.0000,0.0000,-0.7848,0.3333,IDLE,0,0,step_zone_before_min seek=1.01<1.25,0,0,0.000,0,nan,nan,nan,0.0000,0,nan,nan,0,5,0.0000,0.0000,0.0000,0.0000,0.0000,等待台阶,1,0.0000,0.150,0.330
1818.766,SEEK_ROUNDABOUT,15.153,0,1.007,0.0000,0.0000,none,,,,line_bridge_loss,0.0350,0.1680,0,line_too_few_bands,0.0000,0.0000,0.0000,0.0000,0.0000,0,0,0.0000,0,0.1547,0.0000,0.0000,0.0000,0.0000,0.1680,IDLE,0,0,step_zone_before_min seek=1.01<1.25,0,0,0.000,0,nan,nan,nan,0.0000,0,nan,nan,0,5,0.0000,0.0000,0.0000,0.0000,0.0000,等待台阶,1,0.0000,0.150,0.330
1818.917,SEEK_ROUNDABOUT,15.304,0,1.007,0.0000,0.0000,none,,,,line_bridge_loss,0.0350,0.1680,0,line_too_few_bands,0.0000,0.0000,0.0000,0.0000,0.0000,0,0,0.0000,0,0.1289,0.0000,0.0000,0.0000,0.0000,0.1680,IDLE,0,0,step_zone_before_min seek=1.01<1.25,0,0,0.000,0,nan,nan,nan,0.0000,0,nan,nan,0,5,0.0000,0.0000,0.0000,0.0000,0.0000,等待台阶,1,0.0000,0.150,0.330
1819.057,SEEK_ROUNDABOUT,15.444,0,1.007,0.0000,0.0000,none,,,,tracking,0.0857,0.5013,1,line_curve_center_riding,-0.4588,-0.4422,-0.7196,-0.7196,0.5850,4,0,0.0000,0,0.1805,0.2774,0.0000,0.2774,-0.6271,0.5013,IDLE,0,0,step_zone_before_min seek=1.01<1.25,0,0,0.000,0,1.2300,nan,0.0588,0.7632,0,nan,0.5330,3,5,0.0000,0.0000,0.0000,0.0000,0.0000,等待台阶,1,0.0000,0.150,0.330
1819.235,SEEK_ROUNDABOUT,15.621,0,1.026,0.0000,0.0000,none,,,,line_bridge_loss,0.0350,0.2116,0,line_too_few_bands,0.0000,0.0000,0.0000,0.0000,0.0000,0,0,0.0000,0,0.3008,0.0000,0.0000,0.0000,0.0000,0.2116,IDLE,0,0,step_zone_before_min seek=1.01<1.25,0,0,0.000,0,nan,nan,nan,0.0000,0,nan,nan,0,5,0.0000,0.0000,0.0000,0.0000,0.0000,等待台阶,1,0.0000,0.150,0.330
1819.384,SEEK_ROUNDABOUT,15.771,0,1.026,0.0000,0.0000,none,,,,tracking,0.0857,0.3806,1,line_curve_center_riding,-0.2164,-0.1959,-0.5378,-0.5617,0.5809,4,0,0.0000,0,0.4829,0.3419,0.0240,0.3658,-0.4318,0.3806,IDLE,0,0,step_zone_before_min seek=1.03<1.25,0,0,0.000,0,nan,nan,nan,0.0000,0,nan,nan,0,5,0.0000,0.0000,0.0000,0.0000,0.0000,等待台阶,1,0.0000,0.150,0.330
1819.539,SEEK_ROUNDABOUT,15.926,0,1.032,0.0000,0.0000,none,,,,tracking,0.1363,0.2703,1,line_curve_center_riding,-0.1543,-0.1346,-0.4627,-0.5146,0.6716,5,0,0.0000,1,0.8098,0.3281,0.0518,0.3799,-0.3706,0.2703,IDLE,0,0,step_zone_before_min seek=1.03<1.25,0,0,1.000,1,1.0000,1.0000,0.0472,0.9358,1,0.6225,-0.3942,5,5,0.0000,0.0000,0.0000,0.0000,0.0000,等待台阶,1,0.0000,0.150,0.330
1819.700,SEEK_ROUNDABOUT,16.087,0,1.035,0.8000,0.3500,none,,,,tracking,0.1450,0.1649,1,line_curve_center_riding,-0.0566,-0.0368,-0.3671,-0.5353,0.7541,6,0,0.0000,1,1.0000,0.3303,0.1682,0.4985,-0.3131,0.1649,IDLE,0,0,step_zone_before_min seek=1.03<1.25,0,0,2.000,1,1.0000,1.0000,0.0457,0.9165,1,0.6202,-0.3897,10,5,0.0000,0.0000,0.0000,0.0000,0.0000,等待台阶,1,0.0000,0.150,0.330
1819.867,SEEK_ROUNDABOUT,16.254,0,1.043,0.0000,0.0500,none,,,,tracking,0.1450,0.0661,1,line_curve_center_riding,0.0297,0.0498,-0.2845,-0.4332,0.6664,5,0,0.0000,1,1.0000,0.3343,0.1487,0.4830,-0.2226,0.0661,IDLE,0,0,step_zone_before_min seek=1.04<1.25,0,0,3.000,1,0.9900,1.0000,0.0458,0.9175,1,0.5813,-0.3715,14,5,0.0000,0.0000,0.0000,0.0000,0.0000,等待台阶,1,0.0000,0.150,0.330
1820.018,SEEK_ROUNDABOUT,16.405,0,1.055,0.0000,0.0000,none,,,,tracking,0.1700,0.0463,1,line_curve_center_riding,-0.0188,-0.0031,-0.2641,-0.4051,0.7686,6,0,0.0000,1,1.0000,0.2610,0.1410,0.4020,-0.2241,0.0463,IDLE,0,0,step_zone_before_min seek=1.04<1.25,0,0,4.000,1,0.9800,0.9950,0.0466,0.9287,1,0.5843,-0.3412,18,5,0.0000,0.0000,0.0000,0.0000,0.0000,等待台阶,1,0.0000,0.150,0.330
1820.215,SEEK_ROUNDABOUT,16.602,0,1.077,0.4000,0.0000,none,,,,tracking,0.1700,0.0459,1,line_curve_center_riding,-0.0397,-0.0246,-0.2768,-0.3958,0.7699,6,0,0.0000,1,1.0000,0.2523,0.1190,0.3712,-0.2324,0.0459,IDLE,0,0,step_zone_before_min seek=1.05<1.25,0,0,5.000,1,0.9600,0.9900,0.0464,0.9252,1,0.5383,-0.3100,23,5,0.0000,0.0000,0.0000,0.0000,0.0000,等待台阶,1,0.0000,0.150,0.330
1820.361,SEEK_ROUNDABOUT,16.748,0,1.106,0.0000,0.0000,none,,,,tracking,0.1700,0.0499,1,line_curve_center_riding,-0.0492,-0.0332,-0.2996,-0.3300,0.6808,5,0,0.0000,1,1.0000,0.2663,0.0304,0.2967,-0.2209,0.0499,IDLE,0,0,step_zone_before_min seek=1.08<1.25,0,0,6.000,1,0.9500,0.9800,0.0472,0.9359,1,0.4932,-0.2746,27,5,0.0000,0.0000,0.0000,0.0000,0.0000,等待台阶,1,0.0000,0.150,0.330
1820.536,SEEK_ROUNDABOUT,16.922,0,1.138,0.0000,0.0000,none,,,,tracking,0.1700,0.0858,1,line_curve_center_riding,-0.1096,-0.0945,-0.3465,-0.3804,0.6854,5,0,0.0000,1,1.0000,0.2520,0.0339,0.2858,-0.2738,0.0858,IDLE,0,0,step_zone_before_min seek=1.11<1.25,0,0,6.000,1,0.9300,0.9600,0.0465,0.9262,1,0.4564,-0.2592,31,5,0.0000,0.0000,0.0000,0.0000,0.0000,等待台阶,1,0.0000,0.150,0.330
1820.672,SEEK_ROUNDABOUT,17.059,0,1.169,0.0000,0.0000,none,,,,tracking,0.1450,0.1085,1,line_curve_center_riding,-0.1209,-0.1043,-0.3811,-0.6389,0.7520,6,0,0.0000,1,1.0000,0.2768,0.2578,0.5346,-0.3748,0.1085,IDLE,0,0,step_zone_before_min seek=1.14<1.25,0,0,6.000,1,0.9100,0.9500,0.0470,0.9332,1,0.4624,-0.2529,35,5,0.0000,0.0000,0.0000,0.0000,0.0000,等待台阶,1,0.0000,0.150,0.330
1820.866,SEEK_ROUNDABOUT,17.253,0,1.228,0.4000,0.0000,none,,,,tracking,0.1700,0.2223,1,line_curve_center_riding,-0.3051,-0.2937,-0.4844,-0.5374,0.6920,5,0,0.0000,1,1.0000,0.1907,0.0530,0.2437,-0.4385,0.2223,IDLE,0,0,step_zone_before_min seek=1.17<1.25,0,0,6.000,1,0.8700,0.9300,0.0478,0.9447,1,0.4526,-0.2339,40,5,0.0000,0.0000,0.0000,0.0000,0.0000,等待台阶,1,0.0000,0.150,0.330
1821.013,SEEK_ROUNDABOUT,17.399,0,1.270,0.6000,0.0000,none,,,,tracking,0.1700,0.2990,1,line_curve_center_riding,-0.3460,-0.3302,-0.5932,-0.6956,0.5691,4,0,0.0000,1,1.0000,0.2630,0.1024,0.3654,-0.5397,0.2990,IDLE,0,0,step_zone_before_min seek=1.23<1.25,0,0,6.000,1,0.8300,0.9100,0.0477,0.9433,1,0.4430,-0.2264,44,5,0.0000,0.0000,0.0000,0.0000,0.0000,等待台阶,1,0.0000,0.150,0.330
1821.162,SEEK_ROUNDABOUT,17.549,0,1.270,0.6000,0.0000,none,,,,step_align_heading/course_events_frozen,0.1193,0.3400,1,line_curve_center_riding,-0.3903,-0.3801,-0.5499,-0.6562,0.6084,4,0,0.0000,1,1.0000,0.1699,0.1063,0.2762,-0.5287,0.3400,IDLE,0,1,step_confirmed_slow_align d=0.870,0,0,6.000,1,0.8100,0.8700,0.0479,0.9460,1,0.4360,-0.2197,48,5,0.0000,0.0000,0.0000,0.0000,0.0000,等待台阶,1,0.0000,0.150,0.330
1821.333,SEEK_ROUNDABOUT,17.720,0,1.270,0.6000,0.0000,none,,,,step_align_heading/course_events_frozen,0.0687,0.2670,1,line_center_tracking,-0.4083,-0.4044,-0.4183,-0.4183,0.4358,2,0,0.0000,1,1.0000,0.0139,0.0000,0.0139,-0.4137,0.2670,IDLE,0,1,step_confirmed_slow_align d=0.830,0,0,6.000,1,0.7600,0.8300,0.0459,0.9167,1,0.4250,-0.2068,53,5,0.0000,0.0000,0.0000,0.0000,0.0000,等待台阶,1,0.0000,0.150,0.330
1821.489,SEEK_ROUNDABOUT,17.876,0,1.270,0.4000,0.0000,none,,,,step_align_slow/course_events_frozen,0.0300,0.3400,1,line_curve_center_riding,-0.2760,-0.2590,-0.5423,-0.5423,0.3292,2,0,0.0000,1,1.0000,0.2833,0.0000,0.2833,-0.4478,0.3400,IDLE,0,1,step_confirmed_slow_align d=0.810,0,0,6.000,1,0.7400,0.8100,0.0447,0.9021,1,0.4089,-0.1964,56,5,0.0000,0.0000,0.0000,0.0000,0.0000,等待台阶,1,0.0000,0.150,0.330
1821.639,SEEK_ROUNDABOUT,18.025,0,1.270,0.4000,0.0000,none,,,,step_align_slow/course_events_frozen,0.0300,0.3400,1,line_curve_center_riding,-0.1819,-0.1701,-0.3667,-0.5330,0.4791,3,0,0.0000,1,1.0000,0.1966,0.1663,0.3629,-0.3566,0.3400,IDLE,0,1,step_confirmed_slow_align d=0.760,0,0,6.000,1,0.7100,0.7600,0.0442,0.8932,1,0.3866,-0.1810,60,5,0.0000,0.0000,0.0000,0.0000,0.0000,等待台阶,1,0.0000,0.150,0.330
1821.812,SEEK_ROUNDABOUT,18.199,0,1.270,0.4000,0.0000,none,,,,step_depth_pose_align/course_events_frozen,0.0000,0.3000,0,line_too_few_bands,0.0000,0.0000,0.0000,0.0000,0.0000,1,0,0.0000,1,1.0000,0.0000,0.0000,0.0000,0.0000,0.3000,IDLE,0,1,depth_pose_aligning angle=+20.0deg lat=-0.152,0,0,6.000,1,0.6800,0.7400,0.0447,0.8998,1,0.3489,-0.1519,64,5,0.0000,0.0000,0.0000,0.0000,0.0000,等待台阶,1,0.0000,0.150,0.330
1821.983,SEEK_ROUNDABOUT,18.370,0,1.270,0.4000,0.0000,none,,,,step_align_creep/course_events_frozen,0.0150,-0.0333,1,line_recenter_transition,-0.0978,-0.1094,0.4704,0.9609,0.3390,3,0,0.0000,1,1.0000,0.5798,0.4906,1.0704,0.4406,-0.0333,IDLE,0,1,step_confirmed_slow_align d=0.710,0,0,6.000,1,0.6300,0.7100,0.0450,0.9043,1,0.3055,-0.1207,69,5,0.0000,0.0000,0.0000,0.0000,0.0000,等待台阶,1,0.0000,0.150,0.330
1822.129,SEEK_ROUNDABOUT,18.515,0,1.270,0.4000,0.0000,none,,,,line_bridge_loss,0.0350,-0.1360,0,line_low_confidence,0.1233,0.0907,0.6344,0.6972,0.2598,2,0,0.0000,1,1.0000,0.5437,0.0627,0.6065,0.4741,-0.1360,IDLE,0,0,candidate_fields_invalid,0,0,5.400,0,nan,0.7100,nan,0.0000,0,nan,nan,0,5,0.0000,0.0000,0.0000,0.0000,0.0000,等待台阶,1,0.0000,0.150,0.330
1822.311,SEEK_ROUNDABOUT,18.697,0,1.270,0.6000,0.0000,none,,,,line_bridge_loss,0.0350,-0.1360,0,line_too_few_bands,0.0000,0.0000,0.0000,0.0000,0.0000,1,0,0.0000,1,1.0000,0.0000,0.0000,0.0000,0.0000,-0.1360,IDLE,0,0,candidate_fields_invalid,0,0,4.800,0,nan,0.6800,nan,0.0000,0,nan,nan,0,5,0.0000,0.0000,0.0000,0.0000,0.0000,等待台阶,1,0.0000,0.150,0.330
1822.461,SEEK_ROUNDABOUT,18.848,0,1.270,0.0000,0.0000,none,,,,line_loss_hold,0.0000,0.0000,0,line_too_few_bands,0.0000,0.0000,0.0000,0.0000,0.0000,1,0,0.0000,1,1.0000,0.0000,0.0000,0.0000,0.0000,0.0000,IDLE,0,0,candidate_fields_invalid,0,0,4.200,0,nan,0.6550,nan,0.0000,0,nan,nan,0,5,0.0000,0.0000,0.0000,0.0000,0.0000,等待台阶,1,0.0000,0.150,0.330
1822.611,SEEK_ROUNDABOUT,18.998,0,1.270,0.4000,0.0000,none,,,,line_loss_hold,0.0000,0.0000,0,line_too_few_bands,0.0000,0.0000,0.0000,0.0000,0.0000,1,0,0.0000,1,1.0000,0.0000,0.0000,0.0000,0.0000,0.0000,IDLE,0,0,candidate_fields_invalid,0,0,3.600,0,nan,0.6550,nan,0.0000,0,nan,nan,0,5,0.0000,0.0000,0.0000,0.0000,0.0000,等待台阶,1,0.0000,0.150,0.330
1822.754,SEEK_ROUNDABOUT,19.141,0,1.270,0.2000,0.0000,none,,,,tracking,0.0507,-0.3333,1,line_curve_center_riding,0.6045,0.5988,0.6939,0.2393,0.5032,4,0,0.0000,1,1.0000,0.0951,0.4546,0.3595,0.5106,-0.3333,IDLE,0,0,candidate_fields_invalid,0,0,3.000,0,nan,0.6300,nan,0.0000,0,nan,nan,0,5,0.0000,0.0000,0.0000,0.0000,0.0000,等待台阶,1,0.0000,0.150,0.330
1822.899,SEEK_ROUNDABOUT,19.285,0,1.270,0.2000,0.0000,none,,,,line_bridge_loss,0.0350,-0.2600,0,line_too_few_bands,0.0000,0.0000,0.0000,0.0000,0.0000,1,0,0.0000,1,1.0000,0.0000,0.0000,0.0000,0.0000,-0.2600,IDLE,0,0,candidate_fields_invalid,0,0,2.400,0,nan,nan,nan,0.0000,0,nan,nan,0,5,0.0000,0.0000,0.0000,0.0000,0.0000,等待台阶,1,0.0000,0.150,0.330
1823.037,SEEK_ROUNDABOUT,19.424,0,1.270,0.4000,0.0000,none,,,,line_bridge_loss,0.0350,-0.2600,0,line_too_few_bands,0.0000,0.0000,0.0000,0.0000,0.0000,0,0,0.0000,1,1.0000,0.0000,0.0000,0.0000,0.0000,-0.2600,IDLE,0,0,candidate_fields_invalid,0,0,1.800,0,nan,nan,nan,0.0000,0,nan,nan,0,5,0.0000,0.0000,0.0000,0.0000,0.0000,等待台阶,1,0.0000,0.150,0.330
1823.186,SEEK_ROUNDABOUT,19.573,0,1.270,0.0000,0.0000,none,,,,line_bridge_loss,0.0350,-0.2600,0,line_too_few_bands,0.0000,0.0000,0.0000,0.0000,0.0000,0,0,0.0000,1,1.0000,0.0000,0.0000,0.0000,0.0000,-0.2600,IDLE,0,0,candidate_fields_invalid,0,0,1.200,0,nan,nan,nan,0.0000,0,nan,nan,0,5,0.0000,0.0000,0.0000,0.0000,0.0000,等待台阶,1,0.0000,0.150,0.330
1823.347,SEEK_ROUNDABOUT,19.734,0,1.270,0.0000,0.0000,none,,,,line_loss_hold,0.0000,0.0000,0,line_too_few_bands,0.0000,0.0000,0.0000,0.0000,0.0000,0,0,0.0000,1,1.0000,0.0000,0.0000,0.0000,0.0000,0.0000,IDLE,0,0,candidate_fields_invalid,0,0,0.600,0,nan,nan,nan,0.0000,0,nan,nan,0,5,0.0000,0.0000,0.0000,0.0000,0.0000,等待台阶,1,0.0000,0.150,0.330
1823.483,SEEK_ROUNDABOUT,19.870,0,1.270,0.4000,0.0000,none,,,,tracking,0.0507,-0.2504,1,line_curve_center_riding,-0.1545,-0.1399,-0.3835,-0.5896,0.4808,3,0,0.0000,1,1.0000,0.2436,0.2061,0.4497,-0.3710,-0.2504,IDLE,0,0,candidate_fields_invalid,0,0,0.000,0,nan,nan,nan,0.0000,0,nan,nan,0,5,0.0000,0.0000,0.0000,0.0000,0.0000,等待台阶,1,0.0000,0.150,0.330
1823.626,SEEK_ROUNDABOUT,20.013,0,1.270,0.2000,0.0000,none,,,,line_bridge_loss,0.0350,-0.1001,0,line_too_few_bands,0.0000,0.0000,0.0000,0.0000,0.0000,0,0,0.0000,1,1.0000,0.0000,0.0000,0.0000,0.0000,-0.1001,IDLE,0,0,candidate_evidence_wait 1.0/2.4,0,0,1.000,0,0.5700,0.5700,0.0465,0.9232,1,0.2540,-0.0779,3,5,0.0000,0.0000,0.0000,0.0000,0.0000,等待台阶,1,0.0000,0.150,0.330
1823.772,SEEK_ROUNDABOUT,20.158,0,1.270,0.6000,0.0000,none,,,,step_depth_pose_align/course_events_frozen,0.0000,0.2332,0,line_too_few_bands,0.0000,0.0000,0.0000,0.0000,0.0000,0,0,0.0000,1,1.0000,0.0000,0.0000,0.0000,0.0000,0.2332,IDLE,0,1,depth_pose_aligning angle=+15.5deg lat=-0.098,0,0,2.000,1,0.5800,0.5750,0.0471,0.9332,1,0.2707,-0.0977,6,5,0.0000,0.0000,0.0000,0.0000,0.0000,等待台阶,1,0.0000,0.150,0.330
1823.936,SEEK_ROUNDABOUT,20.322,0,1.270,0.0000,0.0000,none,,,,step_depth_pose_align/course_events_frozen,0.0000,0.3000,0,line_too_few_bands,0.0000,0.0000,0.0000,0.0000,0.0000,0,0,0.0000,1,1.0000,0.0000,0.0000,0.0000,0.0000,0.3000,IDLE,0,1,depth_pose_aligning angle=+16.6deg lat=-0.114,0,0,3.000,1,0.6000,0.5800,0.0467,0.9280,1,0.2905,-0.1139,10,5,0.0000,0.0000,0.0000,0.0000,0.0000,等待台阶,1,0.0000,0.150,0.330
1824.084,SEEK_ROUNDABOUT,20.471,0,1.270,0.8000,0.0000,none,,,,step_align_creep/course_events_frozen,0.0150,0.2394,1,line_center_tracking,-0.3642,-0.3605,-0.3737,-0.3737,0.4379,2,0,0.0000,1,1.0000,0.0132,0.0000,0.0132,-0.3693,0.2394,IDLE,0,1,step_confirmed_slow_align d=0.590,0,0,4.000,1,0.6300,0.5900,0.0459,0.9163,1,0.3256,-0.1213,14,5,0.0000,0.0000,0.0000,0.0000,0.0000,等待台阶,1,0.0000,0.150,0.330
1824.237,SEEK_ROUNDABOUT,20.624,0,1.270,0.4000,0.0000,none,,,,step_align_creep/course_events_frozen,0.0150,0.2284,1,line_center_tracking,-0.2783,-0.2675,-0.3063,-0.3063,0.5387,3,0,0.0000,1,1.0000,0.0388,0.0000,0.0388,-0.2933,0.2284,IDLE,0,1,step_confirmed_slow_align d=0.600,0,0,5.000,1,0.6300,0.6000,0.0447,0.8979,1,0.3334,-0.1294,18,5,0.0000,0.0000,0.0000,0.0000,0.0000,等待台阶,1,0.0000,0.150,0.330
1824.380,SEEK_ROUNDABOUT,20.767,0,1.270,0.4000,0.0000,none,,,,tracking,0.0657,0.2460,1,line_center_tracking,-0.2278,-0.2200,-0.2477,-0.2477,0.4608,2,0,0.0000,1,1.0000,0.0277,0.0000,0.0277,-0.2385,0.2460,IDLE,0,0,fixed_candidate_confirm 1/3,0,0,6.000,1,0.6300,0.6300,0.0460,0.9178,1,0.3420,-0.1363,21,5,0.0000,0.0000,0.0000,0.0000,0.0000,等待台阶,1,0.0000,0.150,0.330
1824.528,SEEK_ROUNDABOUT,20.915,0,1.270,0.4000,0.0000,none,,,,tracking,0.1163,0.2176,1,line_curve_center_riding,-0.1786,-0.1879,-0.0330,0.0112,0.4994,3,0,0.0000,1,1.0000,0.1549,0.0442,0.1991,-0.0699,0.2176,IDLE,0,0,fixed_candidate_confirm 2/3,0,0,6.000,1,0.6400,0.6300,0.0441,0.8918,1,0.3485,-0.1520,25,5,0.0000,0.0000,0.0000,0.0000,0.0000,等待台阶,1,0.0000,0.150,0.330
1824.689,SEEK_ROUNDABOUT,21.075,0,1.270,0.4000,0.0000,none,,,,step_start_too_close_confirm_hold/course_events_frozen,0.0657,0.0000,1,line_center_tracking,-0.1406,-0.1309,-0.1657,-0.1657,0.5463,3,0,0.0000,1,1.0000,0.0348,0.0000,0.0348,-0.1541,0.0000,IDLE,0,1,fixed_start_too_close_confirm 1/3 filtered_d=0.630 raw_d=0.660,1,0,6.000,1,0.6600,0.6300,0.0441,0.8896,1,0.3234,-0.1345,29,5,0.0000,0.0000,0.0000,0.0000,0.0000,等待台阶,1,0.0000,0.150,0.330
1824.841,SEEK_ROUNDABOUT,21.228,0,1.270,0.2000,0.0000,none,,,,step_start_too_close_confirm_hold/course_events_frozen,0.0150,0.0000,1,line_center_tracking,-0.0917,-0.0814,-0.1181,-0.2046,0.7087,5,0,0.0000,1,1.0000,0.0367,0.0865,0.1232,-0.1347,0.0000,IDLE,0,1,fixed_start_too_close_confirm 2/3 filtered_d=0.640 raw_d=0.660,1,0,6.000,1,0.6600,0.6400,0.0435,0.8796,1,0.2942,-0.1180,32,5,0.0000,0.0000,0.0000,0.0000,0.0000,等待台阶,1,0.0000,0.150,0.330
1824.997,SEEK_ROUNDABOUT,21.384,0,1.270,0.0000,0.0000,none,,,,step_start_too_close_confirm_hold/course_events_frozen,0.0000,0.0000,0,line_too_few_bands,0.0000,0.0000,0.0000,0.0000,0.0000,1,0,0.0000,1,1.0000,0.0000,0.0000,0.0000,0.0000,0.0000,IDLE,0,1,depth_pose_aligning angle=+13.9deg lat=-0.102,1,0,6.000,1,0.6700,0.6600,0.0443,0.8940,1,0.2429,-0.1023,36,5,0.0000,0.0000,0.0000,0.0000,0.0000,等待台阶,1,0.0000,0.150,0.330
1825.182,SEEK_ROUNDABOUT,21.569,0,1.270,0.4000,0.0000,none,,,,step_fixed_reverse_recovery/course_events_frozen,-0.0450,0.0000,1,line_center_tracking,-0.0631,-0.0574,-0.0779,-0.1691,0.7038,5,0,0.0000,1,1.0000,0.0205,0.0912,0.1118,-0.1015,0.0000,IDLE,0,1,fixed_reverse_start start_too_close_confirmed d=0.660,1,1,6.000,1,0.6700,0.6600,0.0447,0.8986,1,0.2318,-0.0895,40,5,0.0000,0.0000,0.0000,0.0000,0.0000,等待台阶,1,0.0000,0.150,0.330
1825.347,SEEK_ROUNDABOUT,21.734,0,1.270,0.2000,0.0000,none,,,,step_fixed_reverse_recovery/course_events_frozen,-0.0450,-0.0076,1,line_center_tracking,-0.0854,-0.0523,-0.1706,-0.1706,0.5225,3,0,0.0000,1,1.0000,0.1183,0.0000,0.1183,-0.1312,-0.0076,IDLE,0,1,fixed_reverse_search back=0.000/0.075,1,1,6.000,1,0.6700,0.6700,0.0461,0.9170,1,0.2142,-0.0794,43,5,0.0000,0.0000,0.0000,0.0000,0.0000,等待台阶,1,-0.0063,0.150,0.330
1825.517,SEEK_ROUNDABOUT,21.904,0,1.270,0.4000,0.0000,none,,,,step_fixed_reverse_recovery/course_events_frozen,-0.0450,-0.0156,1,line_center_tracking,-0.0414,-0.0463,-0.0286,-0.0286,0.5304,3,0,0.0000,1,1.0000,0.0177,0.0000,0.0177,-0.0345,-0.0156,IDLE,0,1,fixed_reverse_search back=0.000/0.075,1,1,6.000,1,0.6600,0.6700,0.0433,0.8770,1,0.1785,-0.0623,47,5,0.0000,0.0000,0.0000,0.0000,0.0000,等待台阶,1,-0.0130,0.150,0.330
1825.680,SEEK_ROUNDABOUT,22.067,0,1.270,0.2000,0.0000,none,,,,step_fixed_reverse_recovery/course_events_frozen,-0.0450,-0.0159,1,line_curve_center_riding,-0.0858,-0.0511,-0.6289,-0.7137,0.3718,3,0,0.0000,1,1.0000,0.5778,0.0848,0.6627,-0.4646,-0.0159,IDLE,0,1,fixed_reverse_search back=0.000/0.075,1,1,6.000,1,0.6500,0.6700,0.0438,0.8850,0,nan,-0.0537,52,5,0.0000,0.0000,0.0000,0.0000,0.0000,等待台阶,1,-0.0132,0.150,0.330
1825.814,SEEK_ROUNDABOUT,22.201,0,1.270,0.4000,0.0000,none,,,,step_fixed_reverse_recovery/course_events_frozen,-0.0450,-0.0158,1,line_curve_center_riding,-0.4236,-0.4064,-0.6926,-0.5740,0.5652,4,0,0.0000,1,1.0000,0.2861,0.1186,0.1675,-0.5576,-0.0158,IDLE,0,1,fixed_reverse_search back=0.000/0.075,1,1,6.000,1,0.6100,0.6600,0.0418,0.8533,1,0.1767,-0.0462,57,5,0.0000,0.0000,0.0000,0.0000,0.0000,等待台阶,1,-0.0131,0.150,0.330
1825.969,SEEK_ROUNDABOUT,22.355,0,1.270,0.0000,0.0000,none,,,,step_fixed_reverse_recovery/course_events_frozen,-0.0450,-0.0136,1,line_edge_single_rescue,-0.8225,-0.8225,-0.8225,-0.8225,0.3100,1,0,0.0000,1,1.0000,0.0000,0.0000,0.0000,-0.8225,-0.0136,IDLE,0,1,fixed_reverse_search back=0.000/0.075,1,1,5.400,0,nan,0.6600,nan,0.0000,0,nan,nan,0,5,0.0000,0.0000,0.0000,0.0000,0.0000,等待台阶,1,-0.0114,0.150,0.330
1826.144,SEEK_ROUNDABOUT,22.531,0,1.270,0.0000,0.0000,none,,,,step_fixed_reverse_recovery/course_events_frozen,-0.0450,-0.0079,0,line_too_few_bands,0.0000,0.0000,0.0000,0.0000,0.0000,0,0,0.0000,1,1.0000,0.0000,0.0000,0.0000,0.0000,-0.0079,IDLE,0,1,fixed_reverse_search back=0.000/0.075,1,1,6.000,0,0.5400,0.6500,0.0339,0.6634,1,0.2140,-0.1128,1,5,0.0000,0.0000,0.0000,0.0000,0.0000,等待台阶,1,-0.0066,0.150,0.330
1826.304,SEEK_ROUNDABOUT,22.691,0,1.270,0.0000,0.0000,none,,,,step_fixed_reverse_recovery/course_events_frozen,-0.0450,-0.0021,0,line_too_few_bands,0.0000,0.0000,0.0000,0.0000,0.0000,0,0,0.0000,1,1.0000,0.0000,0.0000,0.0000,0.0000,-0.0021,IDLE,0,1,fixed_reverse_search back=0.000/0.075,1,1,5.400,0,nan,0.6300,nan,0.0000,0,nan,nan,0,5,0.0000,0.0000,0.0000,0.0000,0.0000,等待台阶,1,-0.0017,0.150,0.330
1826.441,SEEK_ROUNDABOUT,22.828,0,1.270,0.0000,0.0000,none,,,,step_fixed_reverse_recovery/course_events_frozen,-0.0450,0.0006,0,line_too_few_bands,0.0000,0.0000,0.0000,0.0000,0.0000,1,0,0.0000,1,1.0000,0.0000,0.0000,0.0000,0.0000,0.0006,IDLE,0,1,fixed_reverse_search back=0.000/0.075,1,1,4.800,0,nan,0.6100,nan,0.0000,0,nan,nan,0,5,0.0000,0.0000,0.0000,0.0000,0.0000,等待台阶,1,0.0005,0.150,0.330
1826.595,SEEK_ROUNDABOUT,22.982,0,1.270,0.0000,0.0000,none,,,,step_fixed_reverse_recovery/course_events_frozen,-0.0450,0.0005,0,line_too_few_bands,0.0000,0.0000,0.0000,0.0000,0.0000,0,0,0.0000,1,1.0000,0.0000,0.0000,0.0000,0.0000,0.0005,IDLE,0,1,fixed_reverse_search back=0.000/0.075,1,1,4.200,0,nan,0.5750,nan,0.0000,0,nan,nan,0,5,0.0000,0.0000,0.0000,0.0000,0.0000,等待台阶,1,0.0004,0.150,0.330
1826.746,SEEK_ROUNDABOUT,23.133,0,1.270,0.0000,0.0000,none,,,,step_fixed_reverse_recovery/course_events_frozen,-0.0450,0.0026,0,line_too_few_bands,0.0000,0.0000,0.0000,0.0000,0.0000,0,0,0.0000,1,1.0000,0.0000,0.0000,0.0000,0.0000,0.0026,IDLE,0,1,fixed_reverse_search back=0.000/0.075,1,1,3.600,0,nan,0.5400,nan,0.0000,0,nan,nan,0,5,0.0000,0.0000,0.0000,0.0000,0.0000,等待台阶,1,0.0022,0.150,0.330
1826.890,SEEK_ROUNDABOUT,23.276,0,1.270,0.0000,0.0000,none,,,,step_fixed_reverse_recovery/course_events_frozen,-0.0450,0.0027,0,line_too_few_bands,0.0000,0.0000,0.0000,0.0000,0.0000,0,0,0.0000,1,1.0000,0.0000,0.0000,0.0000,0.0000,0.0027,IDLE,0,1,fixed_reverse_search back=0.000/0.075,1,1,3.000,0,nan,0.5400,nan,0.0000,0,nan,nan,0,5,0.0000,0.0000,0.0000,0.0000,0.0000,等待台阶,1,0.0023,0.150,0.330
1827.022,SEEK_ROUNDABOUT,23.408,0,1.270,0.0000,0.0000,none,,,,step_fixed_reverse_recovery/course_events_frozen,-0.0450,0.0046,0,line_too_few_bands,0.0000,0.0000,0.0000,0.0000,0.0000,0,0,0.0000,1,1.0000,0.0000,0.0000,0.0000,0.0000,0.0046,IDLE,0,1,fixed_reverse_search back=0.000/0.075,1,1,2.400,0,nan,nan,nan,0.0000,0,nan,nan,0,5,0.0000,0.0000,0.0000,0.0000,0.0000,等待台阶,1,0.0039,0.150,0.330
1827.167,SEEK_ROUNDABOUT,23.554,0,1.270,0.0000,0.0000,none,,,,step_fixed_reverse_recovery/course_events_frozen,-0.0450,0.0085,1,line_edge_single_rescue,-0.8976,-0.8976,-0.8976,-0.8976,0.3100,1,0,0.0000,1,1.0000,0.0000,0.0000,0.0000,-0.8976,0.0085,IDLE,0,1,fixed_reverse_search back=0.000/0.075,1,1,1.800,0,nan,nan,nan,0.0000,0,nan,nan,0,5,0.0000,0.0000,0.0000,0.0000,0.0000,等待台阶,1,0.0071,0.150,0.330
1827.309,SEEK_ROUNDABOUT,23.695,0,1.270,0.0000,0.0000,none,,,,step_fixed_reverse_recovery/course_events_frozen,-0.0450,0.0156,0,line_too_few_bands,0.0000,0.0000,0.0000,0.0000,0.0000,0,0,0.0000,1,1.0000,0.0000,0.0000,0.0000,0.0000,0.0156,IDLE,0,1,fixed_reverse_search back=0.000/0.075,1,1,2.800,0,0.5300,0.5300,0.0364,0.7567,1,0.1648,-0.1279,1,5,0.0000,0.0000,0.0000,0.0000,0.0000,等待台阶,1,0.0130,0.150,0.330
1827.455,SEEK_ROUNDABOUT,23.842,0,1.270,0.0000,0.0000,none,,,,step_fixed_reverse_recovery/course_events_frozen,-0.0450,0.0239,0,line_too_few_bands,0.0000,0.0000,0.0000,0.0000,0.0000,0,0,0.0000,1,1.0000,0.0000,0.0000,0.0000,0.0000,0.0239,IDLE,0,1,fixed_reverse_search back=0.000/0.075,1,1,3.800,0,0.5400,0.5350,0.0350,0.7213,1,0.1897,-0.1455,4,5,0.0000,0.0000,0.0000,0.0000,0.0000,等待台阶,1,0.0199,0.150,0.330
1827.622,SEEK_ROUNDABOUT,24.009,0,1.270,0.0000,0.0000,none,,,,step_fixed_reverse_recovery/course_events_frozen,-0.0450,0.0254,0,line_too_few_bands,0.0000,0.0000,0.0000,0.0000,0.0000,0,0,0.0000,1,1.0000,0.0000,0.0000,0.0000,0.0000,0.0254,IDLE,0,1,fixed_reverse_search back=0.000/0.075,1,1,4.800,0,0.5500,0.5400,0.0356,0.7364,1,0.1925,-0.1544,2,5,0.0000,0.0000,0.0000,0.0000,0.0000,等待台阶,1,0.0212,0.150,0.330
1827.754,SEEK_ROUNDABOUT,24.140,0,1.270,0.0000,0.0000,none,,,,step_fixed_reverse_recovery/course_events_frozen,-0.0450,0.0258,0,line_too_few_bands,0.0000,0.0000,0.0000,0.0000,0.0000,0,0,0.0000,1,1.0000,0.0000,0.0000,0.0000,0.0000,0.0258,IDLE,0,1,fixed_reverse_search back=0.000/0.075,1,1,5.800,1,0.5600,0.5450,0.0335,0.6977,1,0.1839,-0.1584,5,5,0.0000,0.0000,0.0000,0.0000,0.0000,等待台阶,1,0.0215,0.150,0.330
1827.907,SEEK_ROUNDABOUT,24.293,0,1.270,0.0000,0.0000,none,,,,step_fixed_reverse_recovery/course_events_frozen,-0.0450,0.0251,0,line_too_few_bands,0.0000,0.0000,0.0000,0.0000,0.0000,0,0,0.0000,1,1.0000,0.0000,0.0000,0.0000,0.0000,0.0251,IDLE,0,1,fixed_reverse_search back=0.000/0.075,1,1,6.000,0,0.6000,0.5500,0.0461,0.9162,1,0.2110,-0.0619,1,5,0.0000,0.0000,0.0000,0.0000,0.0000,等待台阶,1,0.0209,0.150,0.330
1828.043,SEEK_ROUNDABOUT,24.429,0,1.270,0.0000,0.0000,none,,,,step_fixed_reverse_recovery/course_events_frozen,-0.0450,0.0177,0,line_too_few_bands,0.0000,0.0000,0.0000,0.0000,0.0000,0,0,0.0000,1,1.0000,0.0000,0.0000,0.0000,0.0000,0.0177,IDLE,0,1,fixed_reverse_search back=0.004/0.075,1,1,6.000,0,0.6200,0.5600,0.0446,0.8950,1,0.2049,-0.0586,4,5,0.0000,0.0000,0.0000,0.0000,0.0000,等待台阶,1,0.0147,0.150,0.330
1828.180,SEEK_ROUNDABOUT,24.567,0,1.270,0.0000,0.0000,none,,,,step_fixed_reverse_recovery/course_events_frozen,-0.0450,0.0116,0,line_too_few_bands,0.0000,0.0000,0.0000,0.0000,0.0000,1,0,0.0000,1,1.0000,0.0000,0.0000,0.0000,0.0000,0.0116,IDLE,0,1,fixed_reverse_search back=0.030/0.075,1,1,6.000,1,0.6300,0.6000,0.0439,0.8852,1,0.2050,-0.0648,7,5,0.0000,0.0000,0.0000,0.0000,0.0000,等待台阶,1,0.0096,0.150,0.330
1828.327,SEEK_ROUNDABOUT,24.713,0,1.270,0.0000,0.0000,none,,,,step_fixed_reverse_recovery/course_events_frozen,-0.0450,0.0088,0,line_too_few_bands,0.0000,0.0000,0.0000,0.0000,0.0000,1,0,0.0000,1,1.0000,0.0000,0.0000,0.0000,0.0000,0.0088,IDLE,0,1,fixed_reverse_search back=0.057/0.075,1,1,6.000,1,0.6500,0.6200,0.0423,0.8632,1,0.2021,-0.0693,10,5,0.0000,0.0000,0.0000,0.0000,0.0000,等待台阶,1,0.0073,0.150,0.330
1828.476,SEEK_ROUNDABOUT,24.863,0,1.270,0.0000,0.0000,none,,,,step_align_creep/course_events_frozen,0.0057,0.0543,1,line_center_tracking,-0.0446,-0.0398,-0.0572,-0.0572,0.4661,2,0,0.0000,1,1.0000,0.0174,0.0000,0.0174,-0.0514,0.0543,IDLE,0,1,fixed_reverse_done odom_target d=0.630,1,0,6.000,1,0.6800,0.6300,0.0433,0.8775,1,0.1952,-0.0675,14,5,0.0000,0.0000,0.0000,0.0000,0.0000,等待台阶,1,0.0073,0.150,0.330
1828.616,SEEK_ROUNDABOUT,25.003,0,1.270,0.0000,0.0000,none,,,,step_start_too_close_confirm_hold/course_events_frozen,0.0000,0.0000,1,line_center_tracking,-0.0111,0.0075,-0.0589,-0.0589,0.4410,2,0,0.0000,1,1.0000,0.0664,0.0000,0.0664,-0.0368,0.0000,IDLE,0,1,fixed_start_too_close_confirm 1/3 filtered_d=0.650 raw_d=0.690,1,0,6.000,1,0.6900,0.6500,0.0450,0.9022,1,0.1915,-0.0736,17,5,0.0000,0.0000,0.0000,0.0000,0.0000,等待台阶,1,0.0073,0.150,0.330
1828.753,SEEK_ROUNDABOUT,25.140,0,1.270,0.0000,0.0000,none,,,,step_start_too_close_confirm_hold/course_events_frozen,0.0000,0.0000,1,line_center_tracking,-0.0051,0.0219,-0.0745,-0.0745,0.5327,3,0,0.0000,1,1.0000,0.0964,0.0000,0.0964,-0.0424,0.0000,IDLE,0,1,fixed_start_too_close_confirm 2/3 filtered_d=0.680 raw_d=0.710,1,0,6.000,1,0.7100,0.6800,0.0455,0.9103,1,0.1900,-0.0704,20,5,0.0000,0.0000,0.0000,0.0000,0.0000,等待台阶,1,0.0073,0.150,0.330
1828.916,SEEK_ROUNDABOUT,25.302,0,1.270,0.0000,0.0000,none,,,,step_start_window_confirm_hold/course_events_frozen,0.0000,0.0000,1,line_center_tracking,0.0058,0.0267,-0.0481,-0.0481,0.5399,3,0,0.0000,1,1.0000,0.0748,0.0000,0.0748,-0.0231,0.0000,IDLE,0,1,fixed_start_confirm 1/3 d=0.690,1,0,6.000,1,0.7300,0.6900,0.0443,0.8921,1,0.1862,-0.0765,24,5,0.0000,0.0000,0.0000,0.0000,0.0000,等待台阶,1,0.0073,0.150,0.330
1829.042,SEEK_ROUNDABOUT,25.429,0,1.270,0.0000,0.0000,none,,,,step_start_window_confirm_hold/course_events_frozen,0.0000,0.0000,1,line_center_tracking,0.0034,0.0239,-0.0496,-0.0496,0.5423,3,0,0.0000,1,1.0000,0.0735,0.0000,0.0735,-0.0251,0.0000,IDLE,0,1,fixed_start_confirm 2/3 d=0.710,1,0,6.000,1,0.7400,0.7100,0.0466,0.9253,1,0.1788,-0.0775,26,5,0.0000,0.0000,0.0000,0.0000,0.0000,等待台阶,1,0.0073,0.150,0.330
1829.191,SEEK_ROUNDABOUT,25.578,0,1.270,0.0000,0.0000,none,,,,step_align_creep/course_events_frozen,0.0150,0.0739,1,line_center_tracking,-0.0111,0.0010,-0.0425,-0.0344,0.6379,4,0,0.0000,1,1.0000,0.0435,0.0081,0.0354,-0.0253,0.0739,IDLE,0,1,fixed_sprint_approach depth=0.730>0.715 center=-0.025 hd=0.044,1,0,6.000,1,0.7600,0.7300,0.0460,0.9167,1,0.1925,-0.0803,30,5,0.0000,0.0000,0.0000,0.0000,0.0000,等待台阶,1,0.0073,0.150,0.330
1829.330,SEEK_ROUNDABOUT,25.717,0,1.270,0.0000,0.0000,none,,,,step_align_slow/course_events_frozen,0.0300,0.1489,1,line_center_tracking,-0.0023,0.0239,-0.0694,-0.0694,0.5354,3,0,0.0000,1,1.0000,0.0933,0.0000,0.0933,-0.0383,0.1489,IDLE,0,1,fixed_sprint_approach depth=0.740>0.715 center=-0.038 hd=0.093,1,0,6.000,1,0.7600,0.7400,0.0464,0.9236,1,0.1953,-0.0830,33,5,0.0000,0.0000,0.0000,0.0000,0.0000,等待台阶,1,0.0073,0.150,0.330
1829.473,SEEK_ROUNDABOUT,25.859,0,1.270,0.0000,0.0000,none,,,,step_align_slow/course_events_frozen,0.0300,0.1341,1,line_center_tracking,-0.0041,0.0192,-0.0640,-0.0640,0.5390,3,0,0.0000,1,1.0000,0.0832,0.0000,0.0832,-0.0363,0.1341,IDLE,0,1,fixed_sprint_approach depth=0.760>0.715 center=-0.036 hd=0.083,1,0,6.000,1,0.7800,0.7600,0.0472,0.9348,1,0.1931,-0.0827,36,5,0.0000,0.0000,0.0000,0.0000,0.0000,等待台阶,1,0.0073,0.150,0.330
1829.609,SEEK_ROUNDABOUT,25.996,0,1.270,0.0000,0.0000,none,,,,step_align_slow/course_events_frozen,0.0300,0.1636,1,line_curve_center_riding,0.0821,0.0896,-0.0348,-0.0332,0.6283,4,0,0.0000,1,1.0000,0.1244,0.0017,0.1227,0.0072,0.1636,IDLE,0,1,fixed_sprint_approach depth=0.760>0.715 center=+0.007 hd=0.124,1,0,6.000,1,0.7800,0.7600,0.0475,0.9396,1,0.1927,-0.0818,39,5,0.0000,0.0000,0.0000,0.0000,0.0000,等待台阶,1,0.0073,0.150,0.330
1829.753,SEEK_ROUNDABOUT,26.140,0,1.270,0.0000,0.0000,none,,,,step_align_slow/course_events_frozen,0.0300,0.0964,1,line_center_tracking,0.0256,0.0454,-0.0252,-0.0252,0.6305,4,0,0.0000,1,1.0000,0.0706,0.0000,0.0706,-0.0017,0.0964,IDLE,0,1,fixed_sprint_approach depth=0.780>0.715 center=-0.002 hd=0.071,1,0,6.000,1,0.7900,0.7800,0.0482,0.9498,1,0.1961,-0.0854,42,5,0.0000,0.0000,0.0000,0.0000,0.0000,等待台阶,1,0.0073,0.150,0.330
1829.891,SEEK_ROUNDABOUT,26.278,0,1.270,0.0000,0.0000,none,,,,step_align_slow/course_events_frozen,0.0300,0.0968,1,line_center_tracking,0.0932,0.1202,0.0237,0.0237,0.5343,3,0,0.0000,1,1.0000,0.0965,0.0000,0.0965,0.0559,0.0968,IDLE,0,1,fixed_sprint_approach depth=0.780>0.715 center=+0.056 hd=0.097,1,0,6.000,1,0.8000,0.7800,0.0485,0.9534,1,0.1962,-0.0870,46,5,0.0000,0.0000,0.0000,0.0000,0.0000,等待台阶,1,0.0073,0.150,0.330
1830.027,SEEK_ROUNDABOUT,26.414,0,1.270,0.0000,0.0000,none,,,,step_align_slow/course_events_frozen,0.0300,0.0084,1,line_center_tracking,0.1165,0.1308,0.0797,0.0924,0.7185,5,0,0.0000,1,1.0000,0.0511,0.0127,0.0384,0.1009,0.0084,IDLE,0,1,fixed_sprint_approach depth=0.790>0.715 center=+0.101 hd=0.051,1,0,6.000,1,0.7900,0.7900,0.0490,0.9603,1,0.1925,-0.0809,49,5,0.0000,0.0000,0.0000,0.0000,0.0000,等待台阶,1,0.0073,0.150,0.330
1830.164,SEEK_ROUNDABOUT,26.551,0,1.270,0.0000,0.0000,none,,,,step_align_slow/course_events_frozen,0.0300,0.0271,1,line_center_tracking,0.1567,0.1795,0.0983,0.1349,0.6284,4,0,0.0000,1,1.0000,0.0812,0.0366,0.0446,0.1375,0.0271,IDLE,0,1,fixed_sprint_approach depth=0.790>0.715 center=+0.138 hd=0.081,1,0,6.000,1,0.8000,0.7900,0.0492,0.9634,1,0.1757,-0.0734,52,5,0.0000,0.0000,0.0000,0.0000,0.0000,等待台阶,1,0.0073,0.150,0.330
1830.302,SEEK_ROUNDABOUT,26.689,0,1.270,0.0000,0.0000,none,,,,step_align_slow/course_events_frozen,0.0300,-0.0631,1,line_center_tracking,0.1398,0.1444,0.1279,0.1540,0.7186,5,0,0.0000,1,1.0000,0.0164,0.0261,0.0096,0.1421,-0.0631,IDLE,0,1,fixed_sprint_approach depth=0.790>0.715 center=+0.142 hd=0.016,1,0,6.000,1,0.7900,0.7900,0.0489,0.9588,1,0.1816,-0.0697,54,5,0.0000,0.0000,0.0000,0.0000,0.0000,等待台阶,1,0.0073,0.150,0.330
1830.473,SEEK_ROUNDABOUT,26.859,0,1.270,0.0000,0.0000,none,,,,step_align_slow/course_events_frozen,0.0300,0.2703,1,line_curve_center_riding,0.3528,0.3762,-0.0126,-0.4075,0.5435,4,0,0.0000,1,1.0000,0.3888,0.3949,0.7837,-0.0146,0.2703,IDLE,0,1,fixed_sprint_approach depth=0.790>0.715 center=-0.015 hd=0.389,1,0,6.000,1,0.7900,0.7900,0.0496,0.9681,1,0.1450,-0.0562,58,5,0.0000,0.0000,0.0000,0.0000,0.0000,等待台阶,1,0.0073,0.150,0.330
1830.606,SEEK_ROUNDABOUT,26.993,0,1.270,0.0000,0.0000,none,,,,step_align_slow/course_events_frozen,0.0300,-0.0355,1,line_center_tracking,0.1342,0.1422,0.1137,0.1137,0.5498,3,0,0.0000,1,1.0000,0.0285,0.0000,0.0285,0.1232,-0.0355,IDLE,0,1,fixed_sprint_approach depth=0.790>0.715 center=+0.123 hd=0.028,1,0,6.000,1,0.7700,0.7900,0.0494,0.9660,1,0.1112,-0.0448,61,5,0.0000,0.0000,0.0000,0.0000,0.0000,等待台阶,1,0.0073,0.150,0.330
1830.759,SEEK_ROUNDABOUT,27.145,0,1.270,0.0000,0.0000,none,,,,step_align_slow/course_events_frozen,0.0300,0.0590,1,line_curve_center_riding,0.1918,0.1972,0.1072,0.0088,0.7092,5,0,0.0000,1,1.0000,0.0901,0.0983,0.1884,0.1044,0.0590,IDLE,0,1,fixed_sprint_approach depth=0.790>0.715 center=+0.104 hd=0.090,1,0,6.000,1,0.7700,0.7900,0.0491,0.9621,0,nan,-0.0332,64,5,0.0000,0.0000,0.0000,0.0000,0.0000,等待台阶,1,0.0073,0.150,0.330
1830.909,SEEK_ROUNDABOUT,27.296,0,1.270,0.0000,0.0000,none,,,,step_align_slow/course_events_frozen,0.0300,0.0392,1,line_center_tracking,0.1878,0.2118,0.1261,0.0443,0.7088,5,0,0.0000,1,1.0000,0.0856,0.0819,0.1675,0.1274,0.0392,IDLE,0,1,fixed_sprint_approach depth=0.770>0.715 center=+0.127 hd=0.086,1,0,6.000,1,0.7500,0.7700,0.0473,0.9360,1,0.0762,-0.0283,67,5,0.0000,0.0000,0.0000,0.0000,0.0000,等待台阶,1,0.0073,0.150,0.330
1831.093,SEEK_ROUNDABOUT,27.480,0,1.270,0.0000,0.0000,none,,,,step_align_slow/course_events_frozen,0.0300,0.3400,1,line_recenter_transition,0.3183,0.3309,-0.2983,-0.4012,0.3950,3,0,0.0000,1,1.0000,0.6292,0.1030,0.7321,-0.1229,0.3400,IDLE,0,1,fixed_sprint_approach depth=0.770>0.715 center=-0.123 hd=0.629,1,0,6.000,1,0.7300,0.7700,0.0428,0.8695,0,nan,-0.0246,71,5,0.0000,0.0000,0.0000,0.0000,0.0000,等待台阶,1,0.0073,0.150,0.330
1831.252,SEEK_ROUNDABOUT,27.639,0,1.270,0.0000,0.0000,none,,,,step_align_slow/course_events_frozen,0.0300,0.0067,1,line_center_tracking,0.2199,0.2362,0.1777,0.1777,0.5326,3,0,0.0000,1,1.0000,0.0585,0.0000,0.0585,0.1972,0.0067,IDLE,0,1,fixed_sprint_approach depth=0.750>0.715 center=+0.197 hd=0.059,1,0,6.000,1,0.7200,0.7500,0.0451,0.9029,0,nan,-0.0220,75,5,0.0000,0.0000,0.0000,0.0000,0.0000,等待台阶,1,0.0073,0.150,0.330
1831.388,SEEK_ROUNDABOUT,27.775,0,1.270,0.0000,0.0000,none,,,,step_align_creep/course_events_frozen,0.0150,-0.3267,1,line_curve_center_riding,0.5525,0.5263,0.9642,1.0000,0.4488,3,0,0.0000,1,1.0000,0.4379,0.0358,0.4737,0.8301,-0.3267,IDLE,0,1,fixed_sprint_approach depth=0.730>0.715 center=+0.830 hd=0.438,1,0,6.000,1,0.7000,0.7300,0.0442,0.8888,0,nan,-0.0138,78,5,0.0000,0.0000,0.0000,0.0000,0.0000,等待台阶,1,0.0073,0.150,0.330
1831.523,SEEK_ROUNDABOUT,27.909,0,1.270,0.0000,0.0000,none,,,,step_depth_pose_align/course_events_frozen,0.0000,0.0067,0,line_too_few_bands,0.0000,0.0000,0.0000,0.0000,0.0000,0,0,0.0000,1,1.0000,0.0000,0.0000,0.0000,0.0000,0.0067,IDLE,0,1,depth_pose_aligning angle=+2.9deg lat=-0.009,1,0,6.000,1,0.6800,0.7200,0.0451,0.9038,1,0.0498,-0.0090,81,5,0.0000,0.0000,0.0000,0.0000,0.0000,等待台阶,1,0.0073,0.150,0.330
1831.650,SEEK_ROUNDABOUT,28.037,0,1.270,0.0000,0.0000,none,,,,step_start_window_confirm_hold/course_events_frozen,0.0000,0.0000,1,line_center_tracking,0.2994,0.2868,0.3317,0.3317,0.4519,2,0,0.0000,1,1.0000,0.0449,0.0000,0.0449,0.3168,0.0000,IDLE,0,1,fixed_start_confirm 1/3 d=0.700,1,0,6.000,1,0.6700,0.7000,0.0439,0.8866,0,nan,-0.0084,83,5,0.0000,0.0000,0.0000,0.0000,0.0000,等待台阶,1,0.0073,0.150,0.330
1831.809,SEEK_ROUNDABOUT,28.196,0,1.270,0.2000,0.0000,none,,,,step_start_too_close_confirm_hold/course_events_frozen,0.0000,0.0000,1,line_center_tracking,0.2940,0.2852,0.3167,0.3167,0.4588,2,0,0.0000,1,1.0000,0.0315,0.0000,0.0315,0.3062,0.0000,IDLE,0,1,fixed_start_too_close_confirm 1/3 filtered_d=0.680 raw_d=0.650,1,0,6.000,1,0.6500,0.6800,0.0375,0.7926,0,nan,0.0139,88,5,0.0000,0.0000,0.0000,0.0000,0.0000,等待台阶,1,0.0073,0.150,0.330
1831.951,SEEK_ROUNDABOUT,28.338,0,1.270,0.0000,0.0000,none,,,,step_start_too_close_confirm_hold/course_events_frozen,0.0000,0.0000,0,line_too_few_bands,0.0000,0.0000,0.0000,0.0000,0.0000,0,0,0.0000,1,1.0000,0.0000,0.0000,0.0000,0.0000,0.0000,IDLE,0,1,fixed_start_too_close_confirm 2/3 filtered_d=0.670 raw_d=0.620,1,0,6.000,1,0.6200,0.6700,0.0381,0.8041,0,nan,0.0144,95,5,0.0000,0.0000,0.0000,0.0000,0.0000,等待台阶,1,0.0073,0.150,0.330
1832.089,SEEK_ROUNDABOUT,28.476,0,1.270,0.0000,0.0000,none,,,,step_start_too_close_confirm_hold/course_events_frozen,0.0000,0.0000,0,line_too_few_bands,0.0000,0.0000,0.0000,0.0000,0.0000,1,0,0.0000,1,1.0000,0.0000,0.0000,0.0000,0.0000,0.0000,IDLE,0,1,step_candidate_loss_grace 0.00/0.80s,1,0,5.400,0,nan,0.6700,nan,0.0000,0,nan,nan,0,5,0.0000,0.0000,0.0000,0.0000,0.0000,等待台阶,1,0.0073,0.150,0.330
1832.255,SEEK_ROUNDABOUT,28.642,0,1.270,0.0000,0.0000,none,,,,step_start_too_close_confirm_hold/course_events_frozen,0.0000,0.0000,1,line_curve_center_riding,0.7128,0.6966,0.9675,1.0000,0.5866,4,0,0.0000,1,1.0000,0.2709,0.0325,0.3034,0.8880,0.0000,IDLE,0,1,step_candidate_loss_grace 0.17/0.80s,1,0,4.800,0,nan,0.6600,nan,0.0000,0,nan,nan,0,5,0.0000,0.0000,0.0000,0.0000,0.0000,等待台阶,1,0.0073,0.150,0.330
1832.392,SEEK_ROUNDABOUT,28.778,0,1.270,0.4000,0.0000,none,,,,step_start_too_close_confirm_hold/course_events_frozen,0.0000,0.0000,1,line_curve_center_riding,0.5632,0.5440,0.8652,1.0000,0.5666,4,0,0.0000,1,1.0000,0.3213,0.1348,0.4560,0.8031,0.0000,IDLE,0,1,step_candidate_loss_grace 0.30/0.80s,1,0,4.200,0,nan,0.6500,nan,0.0000,0,nan,nan,0,5,0.0000,0.0000,0.0000,0.0000,0.0000,等待台阶,1,0.0073,0.150,0.330
1832.531,SEEK_ROUNDABOUT,28.918,0,1.270,0.4000,0.0000,none,,,,step_start_too_close_confirm_hold/course_events_frozen,0.0000,0.0000,1,line_curve_center_riding,0.3536,0.3525,0.3705,0.1955,0.6889,5,0,0.0000,1,1.0000,0.0180,0.1750,0.1570,0.3062,0.0000,IDLE,0,1,step_candidate_loss_grace 0.44/0.80s,1,0,3.600,0,nan,0.6350,nan,0.0000,0,nan,nan,0,5,0.0000,0.0000,0.0000,0.0000,0.0000,等待台阶,1,0.0073,0.150,0.330
1832.680,SEEK_ROUNDABOUT,29.067,0,1.270,0.4000,0.0000,none,,,,step_start_too_close_confirm_hold/course_events_frozen,0.0000,0.0000,1,line_center_tracking,0.2914,0.2839,0.3106,0.3106,0.5451,3,0,0.0000,1,1.0000,0.0266,0.0000,0.0266,0.3017,0.0000,IDLE,0,1,step_candidate_loss_grace 0.59/0.80s,1,0,3.000,0,nan,0.6200,nan,0.0000,0,nan,nan,0,5,0.0000,0.0000,0.0000,0.0000,0.0000,等待台阶,1,0.0073,0.150,0.330
1832.837,SEEK_ROUNDABOUT,29.223,0,1.270,0.4000,0.0000,none,,,,step_start_too_close_confirm_hold/course_events_frozen,0.0000,0.0000,1,line_center_tracking,0.2992,0.2904,0.3218,0.3218,0.5407,3,0,0.0000,1,1.0000,0.0315,0.0000,0.0315,0.3113,0.0000,IDLE,0,1,step_candidate_loss_grace 0.75/0.80s,1,0,2.400,0,nan,nan,nan,0.0000,0,nan,nan,0,5,0.0000,0.0000,0.0000,0.0000,0.0000,等待台阶,1,0.0073,0.150,0.330
1832.979,SEEK_ROUNDABOUT,29.366,0,1.270,0.0000,0.0000,none,,,,step_fixed_reverse_recovery/course_events_frozen,-0.0450,0.0000,1,line_center_tracking,0.2644,0.2800,0.2244,0.2244,0.4464,2,0,0.4117,1,1.0000,0.0556,0.0000,0.0556,0.2429,0.0000,IDLE,0,1,fixed_reverse_start near_candidate_lost_after_grace d=0.670,1,1,1.800,0,nan,nan,nan,0.0000,0,nan,nan,0,5,0.0000,0.0000,0.0000,0.0000,0.0000,等待台阶,1,0.0000,0.150,0.330
1833.113,SEEK_ROUNDABOUT,29.499,0,1.270,0.4000,0.0000,none,,,,step_fixed_reverse_recovery/course_events_frozen,-0.0450,0.0005,1,line_center_tracking,0.2736,0.2756,0.2687,0.2687,0.4555,2,0,0.0000,1,1.0000,0.0069,0.0000,0.0069,0.2710,0.0005,IDLE,0,1,fixed_reverse_search back=0.010/0.065,1,1,2.800,0,0.6200,0.6200,0.0373,0.7907,0,nan,0.0215,1,5,0.0000,0.0000,0.0000,0.0000,0.0000,等待台阶,1,0.0005,0.150,0.330
1833.245,SEEK_ROUNDABOUT,29.631,0,1.270,0.0000,0.0000,none,,,,step_fixed_reverse_recovery/course_events_frozen,-0.0450,-0.0000,1,line_recenter_transition,0.3641,0.3759,-0.2105,-0.3075,0.4074,3,0,0.0000,1,1.0000,0.5863,0.0970,0.6834,-0.0474,-0.0000,IDLE,0,1,fixed_reverse_search back=0.021/0.065,1,1,3.800,0,0.6300,0.6250,0.0397,0.8279,0,nan,0.0093,4,5,0.0000,0.0000,0.0000,0.0000,0.0000,等待台阶,1,-0.0000,0.150,0.330
1833.383,SEEK_ROUNDABOUT,29.770,0,1.270,0.0000,0.0000,none,,,,step_fixed_reverse_recovery/course_events_frozen,-0.0450,0.0005,0,line_low_confidence,0.4785,0.4930,-0.2291,-0.3124,0.1892,2,0,0.0000,1,1.0000,0.7220,0.0833,0.8054,-0.0162,0.0005,IDLE,0,1,fixed_reverse_search back=0.036/0.065,1,1,4.800,0,0.6400,0.6300,0.0370,0.7855,0,nan,0.0148,2,5,0.0000,0.0000,0.0000,0.0000,0.0000,等待台阶,1,0.0004,0.150,0.330
1833.521,SEEK_ROUNDABOUT,29.908,0,1.270,0.0000,0.0000,none,,,,step_fixed_reverse_recovery/course_events_frozen,-0.0450,0.0012,1,line_center_tracking,0.2372,0.2457,0.2152,0.1384,0.6258,4,0,0.0000,1,1.0000,0.0305,0.0769,0.1073,0.1998,0.0012,IDLE,0,1,fixed_reverse_search back=0.046/0.065,1,1,5.800,1,0.6400,0.6350,0.0415,0.8524,0,nan,0.0035,5,5,0.0000,0.0000,0.0000,0.0000,0.0000,等待台阶,1,0.0010,0.150,0.330
1833.652,SEEK_ROUNDABOUT,30.039,0,1.270,0.2000,0.0000,none,,,,step_fixed_reverse_recovery/course_events_frozen,-0.0450,0.0019,1,line_center_tracking,0.2651,0.2757,0.2380,0.1446,0.6234,4,0,0.0000,1,1.0000,0.0377,0.0934,0.1311,0.2194,0.0019,IDLE,0,1,fixed_reverse_search back=0.055/0.065,1,1,6.000,1,0.6600,0.6400,0.0367,0.7827,0,nan,0.0254,7,5,0.0000,0.0000,0.0000,0.0000,0.0000,等待台阶,1,0.0016,0.150,0.330
1833.818,SEEK_ROUNDABOUT,30.205,0,1.270,0.0000,0.0000,none,,,,step_align_line_lost_stop/course_events_frozen,0.0000,0.0000,0,line_too_few_bands,0.0000,0.0000,0.0000,0.0000,0.0000,1,0,0.0000,1,1.0000,0.0000,0.0000,0.0000,0.0000,0.0000,IDLE,0,1,fixed_reverse_done odom_target d=0.640,1,0,6.000,1,0.6700,0.6400,0.0415,0.8509,0,nan,0.0011,11,5,0.0000,0.0000,0.0000,0.0000,0.0000,等待台阶,1,0.0016,0.150,0.330
1833.960,SEEK_ROUNDABOUT,30.347,0,1.270,0.0000,0.0000,none,,,,step_start_too_close_confirm_hold/course_events_frozen,0.0000,0.0000,1,line_center_tracking,0.2530,0.2662,0.2189,0.2189,0.4383,2,0,0.0000,1,1.0000,0.0473,0.0000,0.0473,0.2347,0.0000,IDLE,0,1,fixed_start_too_close_confirm 1/3 filtered_d=0.660 raw_d=0.670,1,0,6.000,1,0.6700,0.6600,0.0419,0.8581,0,nan,0.0001,14,5,0.0000,0.0000,0.0000,0.0000,0.0000,等待台阶,1,0.0016,0.150,0.330
1834.101,SEEK_ROUNDABOUT,30.488,0,1.270,0.2000,0.0000,none,,,,step_start_too_close_confirm_hold/course_events_frozen,0.0000,0.0000,1,line_center_tracking,0.2432,0.2567,0.2083,0.1295,0.7111,5,0,0.0000,1,1.0000,0.0485,0.0788,0.1272,0.1982,0.0000,IDLE,0,1,fixed_start_too_close_confirm 2/3 filtered_d=0.670 raw_d=0.690,1,0,6.000,1,0.6900,0.6700,0.0424,0.8659,0,nan,-0.0001,17,5,0.0000,0.0000,0.0000,0.0000,0.0000,等待台阶,1,0.0016,0.150,0.330
1834.295,SEEK_ROUNDABOUT,30.682,0,1.270,0.2000,0.0000,none,,,,step_fixed_reverse_recovery/course_events_frozen,-0.0450,0.0000,1,line_center_tracking,0.2379,0.2518,0.2022,0.1221,0.7128,5,0,0.0000,1,1.0000,0.0496,0.0801,0.1297,0.1921,0.0000,IDLE,0,1,fixed_reverse_start start_too_close_confirmed d=0.670,1,1,6.000,1,0.6900,0.6700,0.0430,0.8744,1,0.0136,-0.0032,21,5,0.0000,0.0000,0.0000,0.0000,0.0000,等待台阶,1,0.0000,0.150,0.330
1834.439,SEEK_ROUNDABOUT,30.826,0,1.270,0.2000,0.0000,none,,,,step_fixed_reverse_recovery/course_events_frozen,-0.0450,0.0021,1,line_center_tracking,0.2375,0.2514,0.2015,0.1220,0.7134,5,0,0.0000,1,1.0000,0.0499,0.0795,0.1294,0.1917,0.0021,IDLE,0,1,fixed_reverse_search back=0.006/0.065,1,1,6.000,1,0.6900,0.6900,0.0420,0.8589,1,0.0074,-0.0062,24,5,0.0000,0.0000,0.0000,0.0000,0.0000,等待台阶,1,0.0017,0.150,0.330
1834.586,SEEK_ROUNDABOUT,30.973,0,1.270,0.0000,0.0000,none,,,,step_fixed_reverse_recovery/course_events_frozen,-0.0450,0.0012,1,line_center_tracking,0.2375,0.2427,0.2243,0.1363,0.7126,5,0,0.0000,1,1.0000,0.0183,0.0880,0.1064,0.2011,0.0012,IDLE,0,1,fixed_reverse_search back=0.011/0.065,1,1,6.000,1,0.7000,0.6900,0.0454,0.9101,1,0.0177,-0.0059,27,5,0.0000,0.0000,0.0000,0.0000,0.0000,等待台阶,1,0.0010,0.150,0.330
1834.722,SEEK_ROUNDABOUT,31.109,0,1.270,0.0000,0.0000,none,,,,step_fixed_reverse_recovery/course_events_frozen,-0.0450,0.0001,1,line_center_tracking,0.2363,0.2483,0.2054,0.1215,0.7139,5,0,0.0000,1,1.0000,0.0429,0.0839,0.1269,0.1917,0.0001,IDLE,0,1,fixed_reverse_search back=0.014/0.065,1,1,6.000,1,0.7100,0.6900,0.0419,0.8577,0,nan,-0.0071,30,5,0.0000,0.0000,0.0000,0.0000,0.0000,等待台阶,1,0.0001,0.150,0.330
1834.905,SEEK_ROUNDABOUT,31.291,0,1.270,0.2000,0.0000,none,,,,step_fixed_reverse_recovery/course_events_frozen,-0.0450,-0.0010,1,line_center_tracking,0.2432,0.2536,0.2166,0.1283,0.6144,4,0,0.0000,1,1.0000,0.0370,0.0882,0.1252,0.1995,-0.0010,IDLE,0,1,fixed_reverse_search back=0.017/0.065,1,1,6.000,1,0.7200,0.7000,0.0445,0.8953,1,0.0243,-0.0077,34,5,0.0000,0.0000,0.0000,0.0000,0.0000,等待台阶,1,-0.0008,0.150,0.330
1835.062,SEEK_ROUNDABOUT,31.449,0,1.270,0.2000,0.0000,none,,,,step_fixed_reverse_recovery/course_events_frozen,-0.0450,-0.0012,1,line_center_tracking,0.2403,0.2534,0.2066,0.1258,0.7126,5,0,0.0000,1,1.0000,0.0468,0.0808,0.1276,0.1953,-0.0012,IDLE,0,1,fixed_reverse_search back=0.017/0.065,1,1,6.000,1,0.7200,0.7100,0.0446,0.8968,1,0.0157,-0.0080,37,5,0.0000,0.0000,0.0000,0.0000,0.0000,等待台阶,1,-0.0010,0.150,0.330
1835.240,SEEK_ROUNDABOUT,31.627,0,1.270,0.0000,0.0000,none,,,,step_fixed_reverse_recovery/course_events_frozen,-0.0450,-0.0034,1,line_center_tracking,0.2488,0.2571,0.2274,0.1399,0.7045,5,0,0.0000,1,1.0000,0.0297,0.0875,0.1172,0.2081,-0.0034,IDLE,0,1,fixed_reverse_search back=0.018/0.065,1,1,6.000,1,0.7300,0.7200,0.0448,0.8990,0,nan,-0.0087,41,5,0.0000,0.0000,0.0000,0.0000,0.0000,等待台阶,1,-0.0028,0.150,0.330
1835.388,SEEK_ROUNDABOUT,31.775,0,1.270,0.2000,0.0000,none,,,,step_align_creep/course_events_frozen,0.0057,-0.0553,1,line_center_tracking,0.2407,0.2536,0.2075,0.1269,0.7130,5,0,0.0000,1,1.0000,0.0462,0.0805,0.1267,0.1960,-0.0553,IDLE,0,1,fixed_reverse_done depth d=0.720,1,0,6.000,1,0.7300,0.7200,0.0448,0.8974,0,nan,-0.0086,44,5,0.0000,0.0000,0.0000,0.0000,0.0000,等待台阶,1,-0.0028,0.150,0.330
1835.543,SEEK_ROUNDABOUT,31.930,0,1.270,0.0000,0.0000,none,,,,step_align_creep/course_events_frozen,0.0150,-0.0136,1,line_center_tracking,0.2308,0.2503,0.1804,0.1089,0.7153,5,0,0.0000,1,1.0000,0.0699,0.0715,0.1414,0.1799,-0.0136,IDLE,0,1,fixed_sprint_approach depth=0.730>0.715 center=+0.180 hd=0.070,1,0,6.000,1,0.7300,0.7300,0.0460,0.9167,0,nan,-0.0106,47,5,0.0000,0.0000,0.0000,0.0000,0.0000,等待台阶,1,-0.0028,0.150,0.330
1835.678,SEEK_ROUNDABOUT,32.065,0,1.270,0.2000,0.0000,none,,,,step_align_creep/course_events_frozen,0.0150,0.2209,1,line_curve_center_riding,0.3738,0.3888,0.1396,0.0489,0.6848,5,0,0.0000,1,1.0000,0.2491,0.0907,0.3399,0.1924,0.2209,IDLE,0,1,fixed_sprint_approach depth=0.730>0.715 center=+0.192 hd=0.249,1,0,6.000,1,0.7300,0.7300,0.0445,0.8942,0,nan,-0.0081,50,5,0.0000,0.0000,0.0000,0.0000,0.0000,等待台阶,1,-0.0028,0.150,0.330
1835.816,SEEK_ROUNDABOUT,32.202,0,1.270,0.2000,0.0000,none,,,,step_align_creep/course_events_frozen,0.0150,0.0119,1,line_center_tracking,0.2175,0.2403,0.1588,0.0917,0.7143,5,0,0.0000,1,1.0000,0.0815,0.0671,0.1486,0.1636,0.0119,IDLE,0,1,fixed_sprint_approach depth=0.730>0.715 center=+0.164 hd=0.082,1,0,6.000,1,0.7400,0.7300,0.0445,0.8953,0,nan,-0.0098,53,5,0.0000,0.0000,0.0000,0.0000,0.0000,等待台阶,1,-0.0028,0.150,0.330
1835.948,SEEK_ROUNDABOUT,32.335,0,1.270,0.0000,0.0000,none,,,,step_align_creep/course_events_frozen,0.0150,-0.0814,1,line_center_tracking,0.2605,0.2738,0.2264,0.2264,0.5344,3,0,0.0000,1,1.0000,0.0474,0.0000,0.0474,0.2422,-0.0814,IDLE,0,1,fixed_sprint_approach depth=0.730>0.715 center=+0.242 hd=0.047,1,0,6.000,1,0.7500,0.7300,0.0432,0.8758,0,nan,-0.0107,56,5,0.0000,0.0000,0.0000,0.0000,0.0000,等待台阶,1,-0.0028,0.150,0.330
1836.088,SEEK_ROUNDABOUT,32.475,0,1.270,0.2000,0.0000,none,,,,step_align_creep/course_events_frozen,0.0150,-0.0108,1,line_center_tracking,0.2418,0.2655,0.1807,0.1807,0.6274,4,0,0.0000,1,1.0000,0.0849,0.0000,0.0849,0.2089,-0.0108,IDLE,0,1,fixed_sprint_approach depth=0.730>0.715 center=+0.209 hd=0.085,1,0,6.000,1,0.7300,0.7300,0.0452,0.9043,0,nan,-0.0110,59,5,0.0000,0.0000,0.0000,0.0000,0.0000,等待台阶,1,-0.0028,0.150,0.330
1836.218,SEEK_ROUNDABOUT,32.605,0,1.270,0.2000,0.0000,none,,,,step_align_slow/course_events_frozen,0.0300,-0.0702,1,line_center_tracking,0.2455,0.2591,0.2104,0.2104,0.6349,4,0,0.0000,1,1.0000,0.0487,0.0000,0.0487,0.2266,-0.0702,IDLE,0,1,fixed_sprint_approach depth=0.740>0.715 center=+0.227 hd=0.049,1,0,6.000,1,0.7400,0.7400,0.0433,0.8776,0,nan,-0.0092,62,5,0.0000,0.0000,0.0000,0.0000,0.0000,等待台阶,1,-0.0028,0.150,0.330
1836.372,SEEK_ROUNDABOUT,32.759,0,1.270,0.0000,0.0000,none,,,,step_align_slow/course_events_frozen,0.0300,-0.0839,1,line_center_tracking,0.2612,0.2741,0.2281,0.2281,0.5366,3,0,0.0000,1,1.0000,0.0460,0.0000,0.0460,0.2435,-0.0839,IDLE,0,1,fixed_sprint_approach depth=0.740>0.715 center=+0.243 hd=0.046,1,0,6.000,1,0.7300,0.7400,0.0442,0.8914,1,0.0203,-0.0102,65,5,0.0000,0.0000,0.0000,0.0000,0.0000,等待台阶,1,-0.0028,0.150,0.330
1836.509,SEEK_ROUNDABOUT,32.895,0,1.270,0.0000,0.0000,none,,,,step_align_creep/course_events_frozen,0.0150,-0.0949,1,line_center_tracking,0.2477,0.2572,0.2232,0.2232,0.5446,3,0,0.0000,1,1.0000,0.0340,0.0000,0.0340,0.2346,-0.0949,IDLE,0,1,fixed_sprint_approach depth=0.730>0.715 center=+0.235 hd=0.034,1,0,6.000,1,0.7300,0.7300,0.0451,0.9034,1,0.0191,-0.0087,68,5,0.0000,0.0000,0.0000,0.0000,0.0000,等待台阶,1,-0.0028,0.150,0.330
1836.673,SEEK_ROUNDABOUT,33.060,0,1.270,0.4000,0.0000,none,,,,step_align_creep/course_events_frozen,0.0150,-0.0526,1,line_center_tracking,0.2252,0.2398,0.1877,0.1877,0.6346,4,0,0.0000,1,1.0000,0.0522,0.0000,0.0522,0.2050,-0.0526,IDLE,0,1,fixed_sprint_approach depth=0.730>0.715 center=+0.205 hd=0.052,1,0,6.000,1,0.7300,0.7300,0.0455,0.9103,1,0.0008,-0.0086,71,5,0.0000,0.0000,0.0000,0.0000,0.0000,等待台阶,1,-0.0028,0.150,0.330
1836.856,SEEK_ROUNDABOUT,33.243,0,1.270,0.0000,0.0000,none,,,,step_align_creep/course_events_frozen,0.0150,0.2807,1,line_curve_center_riding,0.4009,0.4236,0.0461,-0.3539,0.5471,4,0,0.0000,1,1.0000,0.3775,0.4000,0.7775,0.0386,0.2807,IDLE,0,1,fixed_sprint_approach depth=0.730>0.715 center=+0.039 hd=0.377,1,0,6.000,1,0.7300,0.7300,0.0426,0.8668,1,-0.0018,-0.0098,75,5,0.0000,0.0000,0.0000,0.0000,0.0000,等待台阶,1,-0.0028,0.150,0.330
1837.010,SEEK_ROUNDABOUT,33.397,0,1.270,0.2000,0.0000,none,,,,step_align_creep/course_events_frozen,0.0150,-0.0526,1,line_center_tracking,0.1937,0.2030,0.1698,0.1698,0.5457,3,0,0.0000,1,1.0000,0.0332,0.0000,0.0332,0.1809,-0.0526,IDLE,0,1,fixed_sprint_approach depth=0.730>0.715 center=+0.181 hd=0.033,1,0,6.000,1,0.7300,0.7300,0.0442,0.8888,0,nan,-0.0084,78,5,0.0000,0.0000,0.0000,0.0000,0.0000,等待台阶,1,-0.0028,0.150,0.330
1837.166,SEEK_ROUNDABOUT,33.553,0,1.270,0.2000,0.0000,none,,,,step_align_creep/course_events_frozen,0.0150,0.2807,1,line_curve_center_riding,0.4406,0.4592,0.1493,-0.3250,0.7295,6,0,0.0000,1,1.0000,0.3098,0.4744,0.7842,0.0945,0.2807,IDLE,0,1,fixed_sprint_approach depth=0.730>0.715 center=+0.095 hd=0.310,1,0,6.000,1,0.7300,0.7300,0.0437,0.8841,1,0.0175,-0.0089,81,5,0.0000,0.0000,0.0000,0.0000,0.0000,等待台阶,1,-0.0028,0.150,0.330
1837.300,SEEK_ROUNDABOUT,33.687,0,1.270,0.2000,0.0000,none,,,,step_align_creep/course_events_frozen,0.0150,0.0363,1,line_center_tracking,0.2126,0.2395,0.1435,0.0835,0.7139,5,0,0.0000,1,1.0000,0.0960,0.0600,0.1559,0.1555,0.0363,IDLE,0,1,fixed_sprint_approach depth=0.730>0.715 center=+0.156 hd=0.096,1,0,6.000,1,0.7300,0.7300,0.0421,0.8598,0,nan,-0.0098,84,5,0.0000,0.0000,0.0000,0.0000,0.0000,等待台阶,1,-0.0028,0.150,0.330
1837.462,SEEK_ROUNDABOUT,33.849,0,1.270,0.2000,0.0000,none,,,,step_align_creep/course_events_frozen,0.0150,-0.0531,1,line_center_tracking,0.2726,0.2892,0.2300,0.1458,0.7145,5,0,0.0000,1,1.0000,0.0592,0.0843,0.1434,0.2217,-0.0531,IDLE,0,1,fixed_sprint_approach depth=0.730>0.715 center=+0.222 hd=0.059,1,0,6.000,1,0.7300,0.7300,0.0418,0.8552,0,nan,-0.0119,87,5,0.0000,0.0000,0.0000,0.0000,0.0000,等待台阶,1,-0.0028,0.150,0.330
1837.609,SEEK_ROUNDABOUT,33.996,0,1.270,0.2000,0.0000,none,,,,step_align_creep/course_events_frozen,0.0150,-0.1011,1,line_center_tracking,0.2955,0.3060,0.2686,0.1833,0.7093,5,0,0.0000,1,1.0000,0.0374,0.0853,0.1227,0.2526,-0.1011,IDLE,0,1,fixed_sprint_approach depth=0.730>0.715 center=+0.253 hd=0.037,1,0,6.000,1,0.7200,0.7300,0.0447,0.8972,0,nan,-0.0132,90,5,0.0000,0.0000,0.0000,0.0000,0.0000,等待台阶,1,-0.0028,0.150,0.330
1837.756,SEEK_ROUNDABOUT,34.143,0,1.270,0.2000,0.0000,none,,,,step_align_creep/course_events_frozen,0.0150,-0.0919,1,line_center_tracking,0.2836,0.2947,0.2553,0.1749,0.7109,5,0,0.0000,1,1.0000,0.0393,0.0804,0.1198,0.2416,-0.0919,IDLE,0,1,fixed_sprint_approach depth=0.730>0.715 center=+0.242 hd=0.039,1,0,6.000,1,0.7200,0.7300,0.0462,0.9199,1,0.0324,-0.0110,94,5,0.0000,0.0000,0.0000,0.0000,0.0000,等待台阶,1,-0.0028,0.150,0.330
1837.899,SEEK_ROUNDABOUT,34.286,0,1.270,0.2000,0.0000,none,,,,step_align_creep/course_events_frozen,0.0150,-0.1318,1,line_center_tracking,0.2580,0.2623,0.2468,0.2547,0.6357,4,0,0.0000,1,1.0000,0.0155,0.0079,0.0076,0.2546,-0.1318,IDLE,0,1,fixed_sprint_approach depth=0.720>0.715 center=+0.255 hd=0.016,1,0,6.000,1,0.7100,0.7200,0.0409,0.8421,0,nan,0.0022,97,5,0.0000,0.0000,0.0000,0.0000,0.0000,等待台阶,1,-0.0028,0.150,0.330
1838.028,SEEK_ROUNDABOUT,34.415,0,1.270,0.6000,0.0000,none,,,,step_align_creep/course_events_frozen,0.0150,-0.0738,1,line_center_tracking,0.2455,0.2553,0.2202,0.1300,0.6243,4,0,0.0000,1,1.0000,0.0351,0.0902,0.1253,0.2018,-0.0738,IDLE,0,1,fixed_sprint_approach depth=0.720>0.715 center=+0.202 hd=0.035,1,0,6.000,1,0.7100,0.7200,0.0442,0.8909,1,0.0106,-0.0076,99,5,0.0000,0.0000,0.0000,0.0000,0.0000,等待台阶,1,-0.0028,0.150,0.330
1838.198,SEEK_ROUNDABOUT,34.585,0,1.270,0.4000,0.0000,none,,,,step_start_window_confirm_hold/course_events_frozen,0.0000,0.0000,1,line_center_tracking,0.1905,0.2099,0.1408,0.0668,0.7151,5,0,0.0000,1,1.0000,0.0690,0.0741,0.1431,0.1391,0.0000,IDLE,0,1,fixed_start_confirm 1/3 d=0.710,1,0,6.000,1,0.7000,0.7100,0.0458,0.9147,1,-0.0112,-0.0020,103,5,0.0000,0.0000,0.0000,0.0000,0.0000,等待台阶,1,-0.0028,0.150,0.330
1838.334,SEEK_ROUNDABOUT,34.720,0,1.270,0.4000,0.0000,none,,,,step_start_window_confirm_hold/course_events_frozen,0.0000,0.0000,1,line_center_tracking,0.1751,0.1895,0.1380,0.0567,0.7156,5,0,0.0000,1,1.0000,0.0515,0.0813,0.1328,0.1281,0.0000,IDLE,0,1,fixed_start_confirm 2/3 d=0.710,1,0,6.000,1,0.7100,0.7100,0.0408,0.8409,0,nan,0.0007,106,5,0.0000,0.0000,0.0000,0.0000,0.0000,等待台阶,1,-0.0028,0.150,0.330
1838.489,SEEK_ROUNDABOUT,34.876,0,1.270,0.0000,0.0000,none,,,,step_approach_begin,0.0000,0.0000,0,,nan,nan,nan,nan,0.0000,0,0,0.0000,0,0.0000,nan,nan,nan,nan,0.0000,APPROACH,0,0,normalized_depth_start,1,0,6.000,1,0.7000,0.7100,0.0435,0.8803,0,nan,-0.0032,109,5,0.6000,0.0000,0.0000,0.0000,0.6000,开始按已验证参数直行到起跳距离,1,0.0000,0.150,0.330
1838.824,SEEK_ROUNDABOUT,35.211,0,1.270,0.0000,0.0000,none,,,,step_approach_tested,0.5000,0.0000,0,,nan,nan,nan,nan,0.0000,0,0,0.0000,0,0.0000,nan,nan,nan,nan,0.0000,APPROACH,0,0,normalized_depth_start,1,0,6.000,1,0.6800,0.7000,0.0438,0.8847,1,0.0473,-0.0096,116,5,0.6000,0.1000,0.0162,0.1000,0.5000,APPROACH 恒速前进 source=commanded cmd=0.100 odom=0.016 remaining=0.500,1,0.0000,0.150,0.330
1839.003,SEEK_ROUNDABOUT,35.389,0,1.270,0.0000,0.0000,none,,,,step_approach_tested,0.5000,0.0000,0,,nan,nan,nan,nan,0.0000,0,0,0.0000,0,0.0000,nan,nan,nan,nan,0.0000,APPROACH,0,0,normalized_depth_start,1,0,6.000,1,0.6800,0.6900,0.0386,0.8081,1,0.0790,0.0060,120,5,0.6000,0.1894,0.0237,0.1894,0.4106,APPROACH 恒速前进 source=commanded cmd=0.189 odom=0.024 remaining=0.411,1,0.0000,0.150,0.330
1839.187,SEEK_ROUNDABOUT,35.574,0,1.270,0.0000,0.0000,none,,,,step_approach_tested,0.5000,0.0000,0,,nan,nan,nan,nan,0.0000,0,0,0.0000,0,0.0000,nan,nan,nan,nan,0.0000,APPROACH,0,0,normalized_depth_start,1,0,6.000,1,0.6700,0.6800,0.0448,0.8987,1,0.0692,-0.0113,124,5,0.6000,0.2817,0.0278,0.2817,0.3183,APPROACH 恒速前进 source=commanded cmd=0.282 odom=0.028 remaining=0.318,1,0.0000,0.150,0.330
1839.352,SEEK_ROUNDABOUT,35.738,0,1.270,0.0000,0.0000,none,,,,step_approach_tested,0.5000,0.0000,0,,nan,nan,nan,nan,0.0000,0,0,0.0000,0,0.0000,nan,nan,nan,nan,0.0000,APPROACH,0,0,normalized_depth_start,1,0,6.000,1,0.6800,0.6800,0.0389,0.8144,0,nan,0.0060,127,5,0.6000,0.3639,0.0259,0.3639,0.2361,APPROACH 恒速前进 source=commanded cmd=0.364 odom=0.026 remaining=0.236,1,0.0000,0.150,0.330
1839.522,SEEK_ROUNDABOUT,35.909,0,1.270,0.0000,0.0000,none,,,,step_approach_tested,0.5000,0.0000,0,,nan,nan,nan,nan,0.0000,0,0,0.0000,0,0.0000,nan,nan,nan,nan,0.0000,APPROACH,0,0,normalized_depth_start,1,0,6.000,1,0.6700,0.6800,0.0421,0.8605,0,nan,-0.0086,131,5,0.6000,0.4490,0.0123,0.4490,0.1510,APPROACH 恒速前进 source=commanded cmd=0.449 odom=0.012 remaining=0.151,1,0.0000,0.150,0.330
1839.708,SEEK_ROUNDABOUT,36.094,0,1.270,0.0000,0.0000,none,,,,step_wait_enter_to_jump,0.0000,0.0000,0,,nan,nan,nan,nan,0.0000,0,0,0.0000,0,0.0000,nan,nan,nan,nan,0.0000,JUMP_CONFIRM,0,0,normalized_depth_start,1,0,6.000,1,0.6600,0.6700,0.0439,0.8859,0,nan,-0.0093,135,5,0.6000,0.5419,0.0429,0.5419,0.0581,到达起跳点，等待终端回车确认,1,0.0000,0.150,0.330
1839.874,SEEK_ROUNDABOUT,36.260,0,1.270,0.0000,0.0000,none,,,,step_wait_enter_to_jump,0.0000,0.0000,0,,nan,nan,nan,nan,0.0000,0,0,0.0000,0,0.0000,nan,nan,nan,nan,0.0000,JUMP_CONFIRM,0,0,normalized_depth_start,1,0,6.000,1,0.6400,0.6700,0.0433,0.8771,1,0.0734,-0.0037,139,5,0.6000,0.5419,0.0966,0.5419,0.0581,JUMP_CONFIRM 等待终端回车,1,0.0000,0.150,0.330
1840.024,SEEK_ROUNDABOUT,36.410,0,1.270,0.0000,0.0000,none,,,,step_wait_enter_to_jump,0.0000,0.0000,0,,nan,nan,nan,nan,0.0000,0,0,0.0000,0,0.0000,nan,nan,nan,nan,0.0000,JUMP_CONFIRM,0,0,normalized_depth_start,1,0,6.000,1,0.5700,0.6600,0.0468,0.9256,1,0.0791,0.0035,146,5,0.6000,0.5419,0.1846,0.5419,0.0581,JUMP_CONFIRM 等待终端回车,1,0.0000,0.150,0.330
1840.170,SEEK_ROUNDABOUT,36.557,0,1.270,0.0000,0.0000,none,,,,step_wait_enter_to_jump,0.0000,0.0000,0,,nan,nan,nan,nan,0.0000,0,0,0.0000,0,0.0000,nan,nan,nan,nan,0.0000,JUMP_CONFIRM,0,0,normalized_depth_start,1,0,5.400,0,nan,0.6500,nan,0.0000,0,nan,nan,0,5,0.6000,0.5419,0.2752,0.5419,0.0581,JUMP_CONFIRM 等待终端回车,1,0.0000,0.150,0.330
1840.403,SEEK_ROUNDABOUT,36.790,0,1.270,0.0000,0.0000,none,,,,step_wait_enter_to_jump,0.0000,0.0000,0,,nan,nan,nan,nan,0.0000,0,0,0.0000,0,0.0000,nan,nan,nan,nan,0.0000,JUMP_CONFIRM,0,0,normalized_depth_start,1,0,4.800,0,nan,0.6400,nan,0.0000,0,nan,nan,0,5,0.6000,0.5419,0.4455,0.5419,0.0581,JUMP_CONFIRM 等待终端回车,1,0.0000,0.150,0.330
1840.640,SEEK_ROUNDABOUT,37.026,0,1.270,0.0000,0.0000,none,,,,step_wait_enter_to_jump,0.0000,0.0000,0,,nan,nan,nan,nan,0.0000,0,0,0.0000,0,0.0000,nan,nan,nan,nan,0.0000,JUMP_CONFIRM,0,0,normalized_depth_start,1,0,4.200,0,nan,0.6050,nan,0.0000,0,nan,nan,0,5,0.6000,0.5419,0.5226,0.5419,0.0581,JUMP_CONFIRM 等待终端回车,1,0.0000,0.150,0.330
1840.803,SEEK_ROUNDABOUT,37.190,0,1.270,0.0000,0.0000,none,,,,step_wait_enter_to_jump,0.0000,0.0000,0,,nan,nan,nan,nan,0.0000,0,0,0.0000,0,0.0000,nan,nan,nan,nan,0.0000,JUMP_CONFIRM,0,0,normalized_depth_start,1,0,5.200,0,1.1800,0.8750,0.0501,0.9306,0,nan,0.0179,3,5,0.6000,0.5419,0.5551,0.5419,0.0581,JUMP_CONFIRM 等待终端回车,1,0.0000,0.150,0.330
1840.984,SEEK_ROUNDABOUT,37.371,0,1.270,0.0000,0.0000,none,,,,step_wait_enter_to_jump,0.0000,0.0000,0,,nan,nan,nan,nan,0.0000,0,0,0.0000,0,0.0000,nan,nan,nan,nan,0.0000,JUMP_CONFIRM,0,0,normalized_depth_start,1,0,6.000,1,1.1400,1.1600,0.0499,0.9307,0,nan,0.0057,7,5,0.6000,0.5419,0.5709,0.5419,0.0581,JUMP_CONFIRM 等待终端回车,1,0.0000,0.150,0.330
1841.151,SEEK_ROUNDABOUT,37.538,0,1.270,0.0000,0.0000,none,,,,step_wait_enter_to_jump,0.0000,0.0000,0,,nan,nan,nan,nan,0.0000,0,0,0.0000,0,0.0000,nan,nan,nan,nan,0.0000,JUMP_CONFIRM,0,0,normalized_depth_start,1,0,6.000,1,1.0600,1.1400,0.0499,0.9328,1,0.1129,0.0170,11,5,0.6000,0.5419,0.5739,0.5419,0.0581,JUMP_CONFIRM 等待终端回车,1,0.0000,0.150,0.330
1841.308,SEEK_ROUNDABOUT,37.695,0,1.270,0.0000,0.0000,none,,,,step_wait_enter_to_jump,0.0000,0.0000,0,,nan,nan,nan,nan,0.0000,0,0,0.0000,0,0.0000,nan,nan,nan,nan,0.0000,JUMP_CONFIRM,0,0,normalized_depth_start,1,0,6.000,1,1.0600,1.1000,0.0499,0.9347,1,0.0002,-0.0024,14,5,0.6000,0.5419,0.5706,0.5419,0.0581,JUMP_CONFIRM 等待终端回车,1,0.0000,0.150,0.330
1841.450,SEEK_ROUNDABOUT,37.837,0,1.270,0.0000,0.0000,none,,,,step_wait_enter_to_jump,0.0000,0.0000,0,,nan,nan,nan,nan,0.0000,0,0,0.0000,0,0.0000,nan,nan,nan,nan,0.0000,JUMP_CONFIRM,0,0,normalized_depth_start,1,0,6.000,1,1.0200,1.0600,0.0502,0.9331,1,0.0707,0.0076,17,5,0.6000,0.5419,0.5543,0.5419,0.0581,JUMP_CONFIRM 等待终端回车,1,0.0000,0.150,0.330
1841.599,SEEK_ROUNDABOUT,37.985,0,1.270,0.0000,0.0000,none,,,,step_wait_enter_to_jump,0.0000,0.0000,0,,nan,nan,nan,nan,0.0000,0,0,0.0000,0,0.0000,nan,nan,nan,nan,0.0000,JUMP_CONFIRM,0,0,normalized_depth_start,1,0,6.000,1,1.0500,1.0600,0.0501,0.9369,1,-0.0120,-0.0041,20,5,0.6000,0.5419,0.5388,0.5419,0.0581,JUMP_CONFIRM 等待终端回车,1,0.0000,0.150,0.330
1841.749,SEEK_ROUNDABOUT,38.136,0,1.270,0.0000,0.0000,none,,,,step_wait_enter_to_jump,0.0000,0.0000,0,,nan,nan,nan,nan,0.0000,0,0,0.0000,0,0.0000,nan,nan,nan,nan,0.0000,JUMP_CONFIRM,0,0,normalized_depth_start,1,0,6.000,1,1.0500,1.0500,0.0499,0.9334,1,0.0765,0.0082,24,5,0.6000,0.5419,0.5200,0.5419,0.0581,JUMP_CONFIRM 等待终端回车,1,0.0000,0.150,0.330
1841.893,SEEK_ROUNDABOUT,38.279,0,1.270,0.0000,0.0000,none,,,,step_wait_enter_to_jump,0.0000,0.0000,0,,nan,nan,nan,nan,0.0000,0,0,0.0000,0,0.0000,nan,nan,nan,nan,0.0000,JUMP_CONFIRM,0,0,normalized_depth_start,1,0,6.000,1,0.9900,1.0500,0.0495,0.9284,1,0.0294,0.0025,29,5,0.6000,0.5419,0.5015,0.5419,0.0581,JUMP_CONFIRM 等待终端回车,1,0.0000,0.150,0.330
1842.035,SEEK_ROUNDABOUT,38.421,0,1.270,0.0000,0.0000,none,,,,step_wait_enter_to_jump,0.0000,0.0000,0,,nan,nan,nan,nan,0.0000,0,0,0.0000,0,0.0000,nan,nan,nan,nan,0.0000,JUMP_CONFIRM,0,0,normalized_depth_start,1,0,5.400,0,nan,1.0500,nan,0.0000,0,nan,nan,0,5,0.6000,0.5419,0.4841,0.5419,0.0581,JUMP_CONFIRM 等待终端回车,1,0.0000,0.150,0.330
1842.178,SEEK_ROUNDABOUT,38.565,0,1.270,0.0000,0.0000,none,,,,step_wait_enter_to_jump,0.0000,0.0000,0,,nan,nan,nan,nan,0.0000,0,0,0.0000,0,0.0000,nan,nan,nan,nan,0.0000,JUMP_CONFIRM,0,0,normalized_depth_start,1,0,4.800,0,nan,1.0350,nan,0.0000,0,nan,nan,0,5,0.6000,0.5419,0.4680,0.5419,0.0581,JUMP_CONFIRM 等待终端回车,1,0.0000,0.150,0.330
1842.318,SEEK_ROUNDABOUT,38.705,0,1.270,0.0000,0.0000,none,,,,step_wait_enter_to_jump,0.0000,0.0000,0,,nan,nan,nan,nan,0.0000,0,0,0.0000,0,0.0000,nan,nan,nan,nan,0.0000,JUMP_CONFIRM,0,0,normalized_depth_start,1,0,4.200,0,nan,1.0500,nan,0.0000,0,nan,nan,0,5,0.6000,0.5419,0.4474,0.5419,0.0581,JUMP_CONFIRM 等待终端回车,1,0.0000,0.150,0.330
1842.454,SEEK_ROUNDABOUT,38.841,0,1.270,0.0000,0.0000,none,,,,step_wait_enter_to_jump,0.0000,0.0000,0,,nan,nan,nan,nan,0.0000,0,0,0.0000,0,0.0000,nan,nan,nan,nan,0.0000,JUMP_CONFIRM,0,0,normalized_depth_start,1,0,3.600,0,nan,1.0200,nan,0.0000,0,nan,nan,0,5,0.6000,0.5419,0.4318,0.5419,0.0581,JUMP_CONFIRM 等待终端回车,1,0.0000,0.150,0.330
1842.594,SEEK_ROUNDABOUT,38.980,0,1.270,0.0000,0.0000,none,,,,step_wait_enter_to_jump,0.0000,0.0000,0,,nan,nan,nan,nan,0.0000,0,0,0.0000,0,0.0000,nan,nan,nan,nan,0.0000,JUMP_CONFIRM,0,0,normalized_depth_start,1,0,3.000,0,nan,0.9900,nan,0.0000,0,nan,nan,0,5,0.6000,0.5419,0.4128,0.5419,0.0581,JUMP_CONFIRM 等待终端回车,1,0.0000,0.150,0.330
1842.732,SEEK_ROUNDABOUT,39.119,0,1.270,0.0000,0.0000,none,,,,step_wait_enter_to_jump,0.0000,0.0000,0,,nan,nan,nan,nan,0.0000,0,0,0.0000,0,0.0000,nan,nan,nan,nan,0.0000,JUMP_CONFIRM,0,0,normalized_depth_start,1,0,2.400,0,nan,nan,nan,0.0000,0,nan,nan,0,5,0.6000,0.5419,0.4027,0.5419,0.0581,JUMP_CONFIRM 等待终端回车,1,0.0000,0.150,0.330
1842.868,SEEK_ROUNDABOUT,39.255,0,1.270,0.0000,0.0000,none,,,,step_wait_enter_to_jump,0.0000,0.0000,0,,nan,nan,nan,nan,0.0000,0,0,0.0000,0,0.0000,nan,nan,nan,nan,0.0000,JUMP_CONFIRM,0,0,normalized_depth_start,1,0,1.800,0,nan,nan,nan,0.0000,0,nan,nan,0,5,0.6000,0.5419,0.3831,0.5419,0.0581,JUMP_CONFIRM 等待终端回车,1,0.0000,0.150,0.330
1843.007,SEEK_ROUNDABOUT,39.394,0,1.270,0.0000,0.0000,none,,,,step_wait_enter_to_jump,0.0000,0.0000,0,,nan,nan,nan,nan,0.0000,0,0,0.0000,0,0.0000,nan,nan,nan,nan,0.0000,JUMP_CONFIRM,0,0,normalized_depth_start,1,0,1.200,0,nan,nan,nan,0.0000,0,nan,nan,0,5,0.6000,0.5419,0.3648,0.5419,0.0581,JUMP_CONFIRM 等待终端回车,1,0.0000,0.150,0.330
1843.167,SEEK_ROUNDABOUT,39.553,0,1.270,0.0000,0.0000,none,,,,step_wait_enter_to_jump,0.0000,0.0000,0,,nan,nan,nan,nan,0.0000,0,0,0.0000,0,0.0000,nan,nan,nan,nan,0.0000,JUMP_CONFIRM,0,0,normalized_depth_start,1,0,0.600,0,nan,nan,nan,0.0000,0,nan,nan,0,5,0.6000,0.5419,0.3506,0.5419,0.0581,JUMP_CONFIRM 等待终端回车,1,0.0000,0.150,0.330
1843.300,SEEK_ROUNDABOUT,39.686,0,1.270,0.0000,0.0000,none,,,,step_wait_enter_to_jump,0.0000,0.0000,0,,nan,nan,nan,nan,0.0000,0,0,0.0000,0,0.0000,nan,nan,nan,nan,0.0000,JUMP_CONFIRM,0,0,normalized_depth_start,1,0,0.000,0,nan,nan,nan,0.0000,0,nan,nan,0,5,0.6000,0.5419,0.3410,0.5419,0.0581,JUMP_CONFIRM 等待终端回车,1,0.0000,0.150,0.330
1843.449,SEEK_ROUNDABOUT,39.836,0,1.270,0.0000,0.0000,none,,,,step_wait_enter_to_jump,0.0000,0.0000,0,,nan,nan,nan,nan,0.0000,0,0,0.0000,0,0.0000,nan,nan,nan,nan,0.0000,JUMP_CONFIRM,0,0,normalized_depth_start,1,0,0.000,0,nan,nan,nan,0.0000,0,nan,nan,0,5,0.6000,0.5419,0.3305,0.5419,0.0581,JUMP_CONFIRM 等待终端回车,1,0.0000,0.150,0.330
1843.603,SEEK_ROUNDABOUT,39.990,0,1.270,0.0000,0.0000,none,,,,step_wait_enter_to_jump,0.0000,0.0000,0,,nan,nan,nan,nan,0.0000,0,0,0.0000,0,0.0000,nan,nan,nan,nan,0.0000,JUMP_CONFIRM,0,0,normalized_depth_start,1,0,0.000,0,nan,nan,nan,0.0000,0,nan,nan,0,5,0.6000,0.5419,0.3228,0.5419,0.0581,JUMP_CONFIRM 等待终端回车,1,0.0000,0.150,0.330
1843.745,SEEK_ROUNDABOUT,40.132,0,1.270,0.0000,0.0000,none,,,,step_wait_enter_to_jump,0.0000,0.0000,0,,nan,nan,nan,nan,0.0000,0,0,0.0000,0,0.0000,nan,nan,nan,nan,0.0000,JUMP_CONFIRM,0,0,normalized_depth_start,1,0,0.000,0,nan,nan,nan,0.0000,0,nan,nan,0,5,0.6000,0.5419,0.3184,0.5419,0.0581,JUMP_CONFIRM 等待终端回车,1,0.0000,0.150,0.330
1843.891,SEEK_ROUNDABOUT,40.277,0,1.270,0.0000,0.0000,none,,,,step_wait_enter_to_jump,0.0000,0.0000,0,,nan,nan,nan,nan,0.0000,0,0,0.0000,0,0.0000,nan,nan,nan,nan,0.0000,JUMP_CONFIRM,0,0,normalized_depth_start,1,0,0.000,0,nan,nan,nan,0.0000,0,nan,nan,0,5,0.6000,0.5419,0.3171,0.5419,0.0581,JUMP_CONFIRM 等待终端回车,1,0.0000,0.150,0.330
1844.030,SEEK_ROUNDABOUT,40.417,0,1.270,0.0000,0.0000,none,,,,step_wait_enter_to_jump,0.0000,0.0000,0,,nan,nan,nan,nan,0.0000,0,0,0.0000,0,0.0000,nan,nan,nan,nan,0.0000,JUMP_CONFIRM,0,0,normalized_depth_start,1,0,0.000,0,nan,nan,nan,0.0000,0,nan,nan,0,5,0.6000,0.5419,0.3184,0.5419,0.0581,JUMP_CONFIRM 等待终端回车,1,0.0000,0.150,0.330
1844.190,SEEK_ROUNDABOUT,40.577,0,1.270,0.0000,0.0000,none,,,,step_wait_enter_to_jump,0.0000,0.0000,0,,nan,nan,nan,nan,0.0000,0,0,0.0000,0,0.0000,nan,nan,nan,nan,0.0000,JUMP_CONFIRM,0,0,normalized_depth_start,1,0,0.000,0,nan,nan,nan,0.0000,0,nan,nan,0,5,0.6000,0.5419,0.3225,0.5419,0.0581,JUMP_CONFIRM 等待终端回车,1,0.0000,0.150,0.330
1844.367,SEEK_ROUNDABOUT,40.754,0,1.270,0.0000,0.0000,none,,,,step_wait_enter_to_jump,0.0000,0.0000,0,,nan,nan,nan,nan,0.0000,0,0,0.0000,0,0.0000,nan,nan,nan,nan,0.0000,JUMP_CONFIRM,0,0,normalized_depth_start,1,0,0.000,0,nan,nan,nan,0.0000,0,nan,nan,0,5,0.6000,0.5419,0.3345,0.5419,0.0581,JUMP_CONFIRM 等待终端回车,1,0.0000,0.150,0.330
1844.510,SEEK_ROUNDABOUT,40.897,0,1.270,0.0000,0.0000,none,,,,step_wait_enter_to_jump,0.0000,0.0000,0,,nan,nan,nan,nan,0.0000,0,0,0.0000,0,0.0000,nan,nan,nan,nan,0.0000,JUMP_CONFIRM,0,0,normalized_depth_start,1,0,0.000,0,nan,nan,nan,0.0000,0,nan,nan,0,5,0.6000,0.5419,0.3431,0.5419,0.0581,JUMP_CONFIRM 等待终端回车,1,0.0000,0.150,0.330
1844.658,SEEK_ROUNDABOUT,41.045,0,1.270,0.0000,0.0000,none,,,,step_wait_enter_to_jump,0.0000,0.0000,0,,nan,nan,nan,nan,0.0000,0,0,0.0000,0,0.0000,nan,nan,nan,nan,0.0000,JUMP_CONFIRM,0,0,normalized_depth_start,1,0,0.000,0,nan,nan,nan,0.0000,0,nan,nan,0,5,0.6000,0.5419,0.3518,0.5419,0.0581,JUMP_CONFIRM 等待终端回车,1,0.0000,0.150,0.330
1844.810,SEEK_ROUNDABOUT,41.196,0,1.270,0.0000,0.0000,none,,,,step_wait_enter_to_jump,0.0000,0.0000,0,,nan,nan,nan,nan,0.0000,0,0,0.0000,0,0.0000,nan,nan,nan,nan,0.0000,JUMP_CONFIRM,0,0,normalized_depth_start,1,0,0.000,0,nan,nan,nan,0.0000,0,nan,nan,0,5,0.6000,0.5419,0.3632,0.5419,0.0581,JUMP_CONFIRM 等待终端回车,1,0.0000,0.150,0.330
1844.947,SEEK_ROUNDABOUT,41.334,0,1.270,0.0000,0.0000,none,,,,step_wait_enter_to_jump,0.0000,0.0000,0,,nan,nan,nan,nan,0.0000,0,0,0.0000,0,0.0000,nan,nan,nan,nan,0.0000,JUMP_CONFIRM,0,0,normalized_depth_start,1,0,0.000,0,nan,nan,nan,0.0000,0,nan,nan,0,5,0.6000,0.5419,0.3724,0.5419,0.0581,JUMP_CONFIRM 等待终端回车,1,0.0000,0.150,0.330
1845.119,SEEK_ROUNDABOUT,41.505,0,1.270,0.0000,0.0000,none,,,,step_wait_enter_to_jump,0.0000,0.0000,0,,nan,nan,nan,nan,0.0000,0,0,0.0000,0,0.0000,nan,nan,nan,nan,0.0000,JUMP_CONFIRM,0,0,normalized_depth_start,1,0,0.000,0,nan,nan,nan,0.0000,0,nan,nan,0,5,0.6000,0.5419,0.3837,0.5419,0.0581,JUMP_CONFIRM 等待终端回车,1,0.0000,0.150,0.330
1845.269,SEEK_ROUNDABOUT,41.656,0,1.270,0.0000,0.0000,none,,,,step_wait_enter_to_jump,0.0000,0.0000,0,,nan,nan,nan,nan,0.0000,0,0,0.0000,0,0.0000,nan,nan,nan,nan,0.0000,JUMP_CONFIRM,0,0,normalized_depth_start,1,0,0.000,0,nan,nan,nan,0.0000,0,nan,nan,0,5,0.6000,0.5419,0.3936,0.5419,0.0581,JUMP_CONFIRM 等待终端回车,1,0.0000,0.150,0.330
1845.408,SEEK_ROUNDABOUT,41.794,0,1.270,0.0000,0.0000,none,,,,step_wait_enter_to_jump,0.0000,0.0000,0,,nan,nan,nan,nan,0.0000,0,0,0.0000,0,0.0000,nan,nan,nan,nan,0.0000,JUMP_CONFIRM,0,0,normalized_depth_start,1,0,0.000,0,nan,nan,nan,0.0000,0,nan,nan,0,5,0.6000,0.5419,0.4023,0.5419,0.0581,JUMP_CONFIRM 等待终端回车,1,0.0000,0.150,0.330
1845.562,SEEK_ROUNDABOUT,41.949,0,1.270,0.0000,0.0000,none,,,,step_wait_enter_to_jump,0.0000,0.0000,0,,nan,nan,nan,nan,0.0000,0,0,0.0000,0,0.0000,nan,nan,nan,nan,0.0000,JUMP_CONFIRM,0,0,normalized_depth_start,1,0,0.000,0,nan,nan,nan,0.0000,0,nan,nan,0,5,0.6000,0.5419,0.4135,0.5419,0.0581,JUMP_CONFIRM 等待终端回车,1,0.0000,0.150,0.330
1845.705,SEEK_ROUNDABOUT,42.092,0,1.270,0.0000,0.0000,none,,,,step_wait_enter_to_jump,0.0000,0.0000,0,,nan,nan,nan,nan,0.0000,0,0,0.0000,0,0.0000,nan,nan,nan,nan,0.0000,JUMP_CONFIRM,0,0,normalized_depth_start,1,0,0.000,0,nan,nan,nan,0.0000,0,nan,nan,0,5,0.6000,0.5419,0.4228,0.5419,0.0581,JUMP_CONFIRM 等待终端回车,1,0.0000,0.150,0.330
1845.837,SEEK_ROUNDABOUT,42.223,0,1.270,0.0000,0.0000,none,,,,step_wait_enter_to_jump,0.0000,0.0000,0,,nan,nan,nan,nan,0.0000,0,0,0.0000,0,0.0000,nan,nan,nan,nan,0.0000,JUMP_CONFIRM,0,0,normalized_depth_start,1,0,0.000,0,nan,nan,nan,0.0000,0,nan,nan,0,5,0.6000,0.5419,0.4315,0.5419,0.0581,JUMP_CONFIRM 等待终端回车,1,0.0000,0.150,0.330
1845.972,SEEK_ROUNDABOUT,42.359,0,1.270,0.0000,0.0000,none,,,,step_wait_enter_to_jump,0.0000,0.0000,0,,nan,nan,nan,nan,0.0000,0,0,0.0000,0,0.0000,nan,nan,nan,nan,0.0000,JUMP_CONFIRM,0,0,normalized_depth_start,1,0,0.000,0,nan,nan,nan,0.0000,0,nan,nan,0,5,0.6000,0.5419,0.4406,0.5419,0.0581,JUMP_CONFIRM 等待终端回车,1,0.0000,0.150,0.330
1846.139,SEEK_ROUNDABOUT,42.526,0,1.270,0.0000,0.0000,none,,,,step_jump_after_enter,0.5000,0.0000,0,,nan,nan,nan,nan,0.0000,0,0,0.0000,0,0.0000,nan,nan,nan,nan,0.0000,JUMP,0,0,normalized_depth_start,1,0,0.000,0,nan,nan,nan,0.0000,0,nan,nan,0,5,0.6000,0.5419,0.4485,0.5419,0.0581,JUMP 脉冲中,1,0.0000,0.150,0.330
1846.295,SEEK_ROUNDABOUT,42.682,0,1.270,0.0000,0.0000,none,,,,step_jump_pulse,0.5000,0.0000,0,,nan,nan,nan,nan,0.0000,0,0,0.0000,0,0.0000,nan,nan,nan,nan,0.0000,JUMP,0,0,normalized_depth_start,1,0,0.000,0,nan,nan,nan,0.0000,0,nan,nan,0,5,0.6000,0.5419,0.4485,0.5419,0.0581,JUMP 脉冲中,1,0.0000,0.150,0.330
1846.437,SEEK_ROUNDABOUT,42.824,0,1.270,0.0000,0.0000,none,,,,step_land_forward,0.3000,0.0000,0,,nan,nan,nan,nan,0.0000,0,0,0.0000,0,0.0000,nan,nan,nan,nan,0.0000,LAND,0,0,normalized_depth_start,1,0,0.000,0,nan,nan,nan,0.0000,0,nan,nan,0,5,0.6000,0.5419,0.4485,0.5419,0.0581,跳跃脉冲结束，落地继续前行,1,0.0000,0.150,0.330
1846.583,SEEK_ROUNDABOUT,42.970,0,1.270,0.0000,0.0000,none,,,,step_land_forward,0.3000,0.0000,0,,nan,nan,nan,nan,0.0000,0,0,0.0000,0,0.0000,nan,nan,nan,nan,0.0000,LAND,0,0,normalized_depth_start,1,0,0.000,0,nan,nan,nan,0.0000,0,nan,nan,0,5,0.6000,0.5419,0.4485,0.5419,0.0581,跳跃脉冲结束，落地继续前行,1,0.0000,0.150,0.330
1846.739,SEEK_ROUNDABOUT,43.126,0,1.270,0.0000,0.0000,none,,,,step_land_forward,0.3000,0.0000,0,,nan,nan,nan,nan,0.0000,0,0,0.0000,0,0.0000,nan,nan,nan,nan,0.0000,LAND,0,0,normalized_depth_start,1,0,0.000,0,nan,nan,nan,0.0000,0,nan,nan,0,5,0.6000,0.5419,0.4485,0.5419,0.0581,跳跃脉冲结束，落地继续前行,1,0.0000,0.150,0.330
1846.910,SEEK_ROUNDABOUT,43.296,0,1.270,0.0000,0.0000,none,,,,step_land_forward,0.3000,0.0000,0,,nan,nan,nan,nan,0.0000,0,0,0.0000,0,0.0000,nan,nan,nan,nan,0.0000,LAND,0,0,normalized_depth_start,1,0,0.000,0,nan,nan,nan,0.0000,0,nan,nan,0,5,0.6000,0.5419,0.4485,0.5419,0.0581,跳跃脉冲结束，落地继续前行,1,0.0000,0.150,0.330
1847.050,SEEK_ROUNDABOUT,43.437,0,1.270,0.0000,0.0000,none,,,,step_land_forward,0.3000,0.0000,0,,nan,nan,nan,nan,0.0000,0,0,0.0000,0,0.0000,nan,nan,nan,nan,0.0000,LAND,0,0,normalized_depth_start,1,0,0.000,0,nan,nan,nan,0.0000,0,nan,nan,0,5,0.6000,0.5419,0.4485,0.5419,0.0581,跳跃脉冲结束，落地继续前行,1,0.0000,0.150,0.330
1847.200,SEEK_ROUNDABOUT,43.587,0,1.270,0.0000,0.0000,none,,,,step_land_forward,0.3000,0.0000,0,,nan,nan,nan,nan,0.0000,0,0,0.0000,0,0.0000,nan,nan,nan,nan,0.0000,LAND,0,0,normalized_depth_start,1,0,0.000,0,nan,nan,nan,0.0000,0,nan,nan,0,5,0.6000,0.5419,0.4485,0.5419,0.0581,跳跃脉冲结束，落地继续前行,1,0.0000,0.150,0.330
1847.344,SEEK_ROUNDABOUT,43.731,0,1.270,0.0000,0.0000,none,,,,step_land_forward,0.3000,0.0000,0,,nan,nan,nan,nan,0.0000,0,0,0.0000,0,0.0000,nan,nan,nan,nan,0.0000,LAND,0,0,normalized_depth_start,1,0,0.000,0,nan,nan,nan,0.0000,0,nan,nan,0,5,0.6000,0.5419,0.4485,0.5419,0.0581,跳跃脉冲结束，落地继续前行,1,0.0000,0.150,0.330
1847.488,SEEK_ROUNDABOUT,43.875,0,1.270,0.0000,0.0000,none,,,,step_land_forward,0.3000,0.0000,0,,nan,nan,nan,nan,0.0000,0,0,0.0000,0,0.0000,nan,nan,nan,nan,0.0000,LAND,0,0,normalized_depth_start,1,0,0.000,0,nan,nan,nan,0.0000,0,nan,nan,0,5,0.6000,0.5419,0.4485,0.5419,0.0581,跳跃脉冲结束，落地继续前行,1,0.0000,0.150,0.330
1847.642,SEEK_ROUNDABOUT,44.029,0,1.270,0.0000,0.0000,none,,,,step_land_forward,0.3000,0.0000,0,,nan,nan,nan,nan,0.0000,0,0,0.0000,0,0.0000,nan,nan,nan,nan,0.0000,LAND,0,0,normalized_depth_start,1,0,0.000,0,nan,nan,nan,0.0000,0,nan,nan,0,5,0.6000,0.5419,0.4485,0.5419,0.0581,跳跃脉冲结束，落地继续前行,1,0.0000,0.150,0.330
1847.778,SEEK_ROUNDABOUT,44.165,0,1.270,0.0000,0.0000,none,,,,step_land_forward,0.3000,0.0000,0,,nan,nan,nan,nan,0.0000,0,0,0.0000,0,0.0000,nan,nan,nan,nan,0.0000,LAND,0,0,normalized_depth_start,1,0,0.000,0,nan,nan,nan,0.0000,0,nan,nan,0,5,0.6000,0.5419,0.4485,0.5419,0.0581,跳跃脉冲结束，落地继续前行,1,0.0000,0.150,0.330
1847.915,SEEK_ROUNDABOUT,44.301,0,1.270,0.0000,0.0000,none,,,,step_land_forward,0.3000,0.0000,0,,nan,nan,nan,nan,0.0000,0,0,0.0000,0,0.0000,nan,nan,nan,nan,0.0000,LAND,0,0,normalized_depth_start,1,0,0.000,0,nan,nan,nan,0.0000,0,nan,nan,0,5,0.6000,0.5419,0.4485,0.5419,0.0581,跳跃脉冲结束，落地继续前行,1,0.0000,0.150,0.330
1848.057,SEEK_ROUNDABOUT,44.444,0,1.270,0.0000,0.0000,none,,,,step_land_forward,0.3000,0.0000,0,,nan,nan,nan,nan,0.0000,0,0,0.0000,0,0.0000,nan,nan,nan,nan,0.0000,LAND,0,0,normalized_depth_start,1,0,0.000,0,nan,nan,nan,0.0000,0,nan,nan,0,5,0.6000,0.5419,0.4485,0.5419,0.0581,跳跃脉冲结束，落地继续前行,1,0.0000,0.150,0.330
1848.194,SEEK_ROUNDABOUT,44.581,0,1.270,0.0000,0.0000,none,,,,step_land_forward,0.3000,0.0000,0,,nan,nan,nan,nan,0.0000,0,0,0.0000,0,0.0000,nan,nan,nan,nan,0.0000,LAND,0,0,normalized_depth_start,1,0,0.000,0,nan,nan,nan,0.0000,0,nan,nan,0,5,0.6000,0.5419,0.4485,0.5419,0.0581,跳跃脉冲结束，落地继续前行,1,0.0000,0.150,0.330
1848.327,SEEK_ROUNDABOUT,44.714,0,1.270,0.0000,0.0000,none,,,,step_land_forward,0.3000,0.0000,0,,nan,nan,nan,nan,0.0000,0,0,0.0000,0,0.0000,nan,nan,nan,nan,0.0000,LAND,0,0,normalized_depth_start,1,0,0.000,0,nan,nan,nan,0.0000,0,nan,nan,0,5,0.6000,0.5419,0.4485,0.5419,0.0581,跳跃脉冲结束，落地继续前行,1,0.0000,0.150,0.330
1848.469,SEEK_ROUNDABOUT,44.856,0,1.270,0.0000,0.0000,none,,,,step_recover_stop,0.0000,0.0000,0,,nan,nan,nan,nan,0.0000,0,0,0.0000,0,0.0000,nan,nan,nan,nan,0.0000,RECOVER,0,0,normalized_depth_start,1,0,0.000,0,nan,nan,nan,0.0000,0,nan,nan,0,5,0.6000,0.5419,0.4485,0.5419,0.0581,落地前行结束，停车恢复,1,0.0000,0.150,0.330
1848.635,SEEK_ROUNDABOUT,45.022,0,1.270,0.0000,0.0000,none,,,,step_recover_stop,0.0000,0.0000,0,,nan,nan,nan,nan,0.0000,0,0,0.0000,0,0.0000,nan,nan,nan,nan,0.0000,RECOVER,0,0,normalized_depth_start,1,0,0.000,0,nan,nan,nan,0.0000,0,nan,nan,0,5,0.6000,0.5419,0.4485,0.5419,0.0581,落地前行结束，停车恢复,1,0.0000,0.150,0.330
1848.786,SEEK_ROUNDABOUT,45.173,0,1.270,0.0000,0.0000,none,,,,step_recover_stop,0.0000,0.0000,0,,nan,nan,nan,nan,0.0000,0,0,0.0000,0,0.0000,nan,nan,nan,nan,0.0000,RECOVER,0,0,normalized_depth_start,1,0,0.000,0,nan,nan,nan,0.0000,0,nan,nan,0,5,0.6000,0.5419,0.4485,0.5419,0.0581,落地前行结束，停车恢复,1,0.0000,0.150,0.330
1848.932,SEEK_ROUNDABOUT,45.319,0,1.270,0.0000,0.0000,none,,,,step_recover_stop,0.0000,0.0000,0,,nan,nan,nan,nan,0.0000,0,0,0.0000,0,0.0000,nan,nan,nan,nan,0.0000,RECOVER,0,0,normalized_depth_start,1,0,0.000,0,nan,nan,nan,0.0000,0,nan,nan,0,5,0.6000,0.5419,0.4485,0.5419,0.0581,落地前行结束，停车恢复,1,0.0000,0.150,0.330
1849.086,SEEK_ROUNDABOUT,45.473,0,1.270,0.0000,0.0000,none,,,,step_recover_stop,0.0000,0.0000,0,,nan,nan,nan,nan,0.0000,0,0,0.0000,0,0.0000,nan,nan,nan,nan,0.0000,RECOVER,0,0,normalized_depth_start,1,0,0.000,0,nan,nan,nan,0.0000,0,nan,nan,0,5,0.6000,0.5419,0.4485,0.5419,0.0581,落地前行结束，停车恢复,1,0.0000,0.150,0.330
1849.223,SEEK_ROUNDABOUT,45.609,0,1.270,0.0000,0.0000,none,,,,step_recover_stop,0.0000,0.0000,0,,nan,nan,nan,nan,0.0000,0,0,0.0000,0,0.0000,nan,nan,nan,nan,0.0000,RECOVER,0,0,normalized_depth_start,1,0,0.000,0,nan,nan,nan,0.0000,0,nan,nan,0,5,0.6000,0.5419,0.4485,0.5419,0.0581,落地前行结束，停车恢复,1,0.0000,0.150,0.330
1849.365,SEEK_ROUNDABOUT,45.752,0,1.270,0.0000,0.0000,none,,,,step_recover_stop,0.0000,0.0000,0,,nan,nan,nan,nan,0.0000,0,0,0.0000,0,0.0000,nan,nan,nan,nan,0.0000,RECOVER,0,0,normalized_depth_start,1,0,0.000,0,nan,nan,nan,0.0000,0,nan,nan,0,5,0.6000,0.5419,0.4485,0.5419,0.0581,落地前行结束，停车恢复,1,0.0000,0.150,0.330
1849.519,SEEK_ROUNDABOUT,45.906,0,1.270,0.0000,0.0000,none,,,,step_recover_stop,0.0000,0.0000,0,,nan,nan,nan,nan,0.0000,0,0,0.0000,0,0.0000,nan,nan,nan,nan,0.0000,RECOVER,0,0,normalized_depth_start,1,0,0.000,0,nan,nan,nan,0.0000,0,nan,nan,0,5,0.6000,0.5419,0.4485,0.5419,0.0581,落地前行结束，停车恢复,1,0.0000,0.150,0.330
1849.664,SEEK_ROUNDABOUT,46.051,0,1.270,0.0000,0.0000,none,,,,step_recover_stop,0.0000,0.0000,0,,nan,nan,nan,nan,0.0000,0,0,0.0000,0,0.0000,nan,nan,nan,nan,0.0000,RECOVER,0,0,normalized_depth_start,1,0,0.000,0,nan,nan,nan,0.0000,0,nan,nan,0,5,0.6000,0.5419,0.4485,0.5419,0.0581,落地前行结束，停车恢复,1,0.0000,0.150,0.330
1849.803,SEEK_ROUNDABOUT,46.190,0,1.270,0.0000,0.0000,none,,,,step_recover_stop,0.0000,0.0000,0,,nan,nan,nan,nan,0.0000,0,0,0.0000,0,0.0000,nan,nan,nan,nan,0.0000,RECOVER,0,0,normalized_depth_start,1,0,0.000,0,nan,nan,nan,0.0000,0,nan,nan,0,5,0.6000,0.5419,0.4485,0.5419,0.0581,落地前行结束，停车恢复,1,0.0000,0.150,0.330
1849.942,SEEK_ROUNDABOUT,46.328,0,1.270,0.0000,0.0000,none,,,,step_recover_stop,0.0000,0.0000,0,,nan,nan,nan,nan,0.0000,0,0,0.0000,0,0.0000,nan,nan,nan,nan,0.0000,RECOVER,0,0,normalized_depth_start,1,0,0.000,0,nan,nan,nan,0.0000,0,nan,nan,0,5,0.6000,0.5419,0.4485,0.5419,0.0581,落地前行结束，停车恢复,1,0.0000,0.150,0.330
1850.076,SEEK_ROUNDABOUT,46.462,0,1.270,0.0000,0.0000,none,,,,step_recover_stop,0.0000,0.0000,0,,nan,nan,nan,nan,0.0000,0,0,0.0000,0,0.0000,nan,nan,nan,nan,0.0000,RECOVER,0,0,normalized_depth_start,1,0,0.000,0,nan,nan,nan,0.0000,0,nan,nan,0,5,0.6000,0.5419,0.4485,0.5419,0.0581,落地前行结束，停车恢复,1,0.0000,0.150,0.330
1850.230,SEEK_ROUNDABOUT,46.617,0,1.270,0.0000,0.0000,none,,,,step_recover_stop,0.0000,0.0000,0,,nan,nan,nan,nan,0.0000,0,0,0.0000,0,0.0000,nan,nan,nan,nan,0.0000,RECOVER,0,0,normalized_depth_start,1,0,0.000,0,nan,nan,nan,0.0000,0,nan,nan,0,5,0.6000,0.5419,0.4485,0.5419,0.0581,落地前行结束，停车恢复,1,0.0000,0.150,0.330
1850.377,SEEK_ROUNDABOUT,46.764,0,1.270,0.0000,0.0000,none,,,,step_recover_stop,0.0000,0.0000,0,,nan,nan,nan,nan,0.0000,0,0,0.0000,0,0.0000,nan,nan,nan,nan,0.0000,RECOVER,0,0,normalized_depth_start,1,0,0.000,0,nan,nan,nan,0.0000,0,nan,nan,0,5,0.6000,0.5419,0.4485,0.5419,0.0581,落地前行结束，停车恢复,1,0.0000,0.150,0.330
1850.515,SEEK_ROUNDABOUT,46.901,0,1.270,0.0000,0.0000,none,,,,step_recover_stop,0.0000,0.0000,0,,nan,nan,nan,nan,0.0000,0,0,0.0000,0,0.0000,nan,nan,nan,nan,0.0000,RECOVER,0,0,normalized_depth_start,1,0,0.000,0,nan,nan,nan,0.0000,0,nan,nan,0,5,0.6000,0.5419,0.4485,0.5419,0.0581,落地前行结束，停车恢复,1,0.0000,0.150,0.330
1850.652,SEEK_ROUNDABOUT,47.038,0,1.270,0.0000,0.0000,none,,,,step_recover_stop,0.0000,0.0000,0,,nan,nan,nan,nan,0.0000,0,0,0.0000,0,0.0000,nan,nan,nan,nan,0.0000,RECOVER,0,0,normalized_depth_start,1,0,0.000,0,nan,nan,nan,0.0000,0,nan,nan,0,5,0.6000,0.5419,0.4485,0.5419,0.0581,落地前行结束，停车恢复,1,0.0000,0.150,0.330
1850.785,SEEK_ROUNDABOUT,47.171,0,1.270,0.0000,0.0000,none,,,,step_recover_stop,0.0000,0.0000,0,,nan,nan,nan,nan,0.0000,0,0,0.0000,0,0.0000,nan,nan,nan,nan,0.0000,RECOVER,0,0,normalized_depth_start,1,0,0.000,0,nan,nan,nan,0.0000,0,nan,nan,0,5,0.6000,0.5419,0.4485,0.5419,0.0581,落地前行结束，停车恢复,1,0.0000,0.150,0.330
1850.919,SEEK_ROUNDABOUT,47.306,0,1.270,0.0000,0.0000,none,,,,step_recover_stop,0.0000,0.0000,0,,nan,nan,nan,nan,0.0000,0,0,0.0000,0,0.0000,nan,nan,nan,nan,0.0000,RECOVER,0,0,normalized_depth_start,1,0,0.000,0,nan,nan,nan,0.0000,0,nan,nan,0,5,0.6000,0.5419,0.4485,0.5419,0.0581,落地前行结束，停车恢复,1,0.0000,0.150,0.330
1851.054,SEEK_ROUNDABOUT,47.441,0,1.270,0.0000,0.0000,none,,,,step_recover_stop,0.0000,0.0000,0,,nan,nan,nan,nan,0.0000,0,0,0.0000,0,0.0000,nan,nan,nan,nan,0.0000,RECOVER,0,0,normalized_depth_start,1,0,0.000,0,nan,nan,nan,0.0000,0,nan,nan,0,5,0.6000,0.5419,0.4485,0.5419,0.0581,落地前行结束，停车恢复,1,0.0000,0.150,0.330
1851.196,SEEK_ROUNDABOUT,47.583,0,1.270,0.0000,0.0000,none,,,,step_recover_stop,0.0000,0.0000,0,,nan,nan,nan,nan,0.0000,0,0,0.0000,0,0.0000,nan,nan,nan,nan,0.0000,RECOVER,0,0,normalized_depth_start,1,0,0.000,0,nan,nan,nan,0.0000,0,nan,nan,0,5,0.6000,0.5419,0.4485,0.5419,0.0581,落地前行结束，停车恢复,1,0.0000,0.150,0.330
1851.338,SEEK_ROUNDABOUT,47.725,0,1.270,0.0000,0.0000,none,,,,step_recover_stop,0.0000,0.0000,0,,nan,nan,nan,nan,0.0000,0,0,0.0000,0,0.0000,nan,nan,nan,nan,0.0000,RECOVER,0,0,normalized_depth_start,1,0,0.000,0,nan,nan,nan,0.0000,0,nan,nan,0,5,0.6000,0.5419,0.4485,0.5419,0.0581,落地前行结束，停车恢复,1,0.0000,0.150,0.330
1851.476,SEEK_ROUNDABOUT,47.862,0,1.270,0.0000,0.0000,none,,,,step_resume_tracking,0.0000,0.0000,0,,nan,nan,nan,nan,0.0000,0,0,0.0000,0,0.0000,nan,nan,nan,nan,0.0000,IDLE,1,0,step_done_latches_cleared,0,0,0.000,0,nan,nan,nan,0.0000,0,nan,nan,0,5,0.6000,0.5419,0.4485,0.5419,0.0581,本圈台阶完成,1,0.0000,0.150,0.330
1851.628,SEEK_ROUNDABOUT,48.015,0,1.270,0.0000,0.0000,none,,,,tracking,0.0507,0.0484,1,line_curve_center_riding,-0.0448,-0.0403,-0.1161,-0.2866,0.7943,6,0,0.0000,0,0.0000,0.0758,0.1705,0.2463,-0.1476,0.0484,IDLE,1,0,step_done_latches_cleared,0,0,0.000,0,nan,nan,nan,0.0000,0,nan,nan,0,5,0.6000,0.5419,0.4485,0.5419,0.0581,本圈台阶完成,1,0.0000,0.150,0.330
1851.795,SEEK_ROUNDABOUT,48.182,0,1.270,0.0000,0.0000,none,,,,tracking,0.1013,0.0917,1,line_center_tracking,-0.1208,-0.1068,-0.1568,-0.2532,0.8072,6,0,0.0000,0,0.0000,0.0500,0.0964,0.1464,-0.1722,0.0917,IDLE,1,0,step_done_latches_cleared,0,0,0.000,0,nan,nan,nan,0.0000,0,nan,nan,0,5,0.6000,0.5419,0.4485,0.5419,0.0581,本圈台阶完成,1,0.0000,0.150,0.330
1851.930,SEEK_ROUNDABOUT,48.317,0,1.275,0.0000,0.0000,none,,,,tracking,0.1520,0.1139,1,line_center_tracking,-0.1261,-0.1137,-0.1578,-0.2336,0.8104,6,0,0.0000,0,0.0000,0.0441,0.0758,0.1199,-0.1684,0.1139,IDLE,1,0,step_done_latches_cleared,0,0,0.000,0,nan,nan,nan,0.0000,0,nan,nan,0,5,0.6000,0.5419,0.4485,0.5419,0.0581,本圈台阶完成,1,0.0000,0.150,0.330
1852.056,SEEK_ROUNDABOUT,48.443,0,1.279,0.0000,0.0000,none,,,,tracking,0.2000,0.1130,1,line_center_tracking,-0.1061,-0.0942,-0.1369,-0.2098,0.8108,6,0,0.0000,0,0.0043,0.0428,0.0729,0.1157,-0.1470,0.1130,IDLE,1,0,step_done_latches_cleared,0,0,0.000,0,nan,nan,nan,0.0000,0,nan,nan,0,5,0.6000,0.5419,0.4485,0.5419,0.0581,本圈台阶完成,1,0.0000,0.150,0.330
1852.190,SEEK_ROUNDABOUT,48.577,0,1.285,0.0000,0.0000,none,,,,tracking,0.2249,0.0977,1,line_center_tracking,-0.0786,-0.0679,-0.1063,-0.1754,0.8121,6,0,0.0000,0,0.0000,0.0384,0.0691,0.1075,-0.1165,0.0977,IDLE,1,0,step_done_latches_cleared,0,0,0.000,0,nan,nan,nan,0.0000,0,nan,nan,0,5,0.6000,0.5419,0.4485,0.5419,0.0581,本圈台阶完成,1,0.0000,0.150,0.330
1852.322,SEEK_ROUNDABOUT,48.709,0,1.290,0.0000,0.0000,none,,,,tracking,0.2307,0.0751,1,line_center_tracking,-0.0505,-0.0406,-0.0759,-0.1385,0.8130,6,0,0.0000,0,0.0000,0.0352,0.0626,0.0979,-0.0850,0.0751,IDLE,1,0,step_done_latches_cleared,0,0,0.000,0,nan,nan,nan,0.0000,0,nan,nan,0,5,0.6000,0.5419,0.4485,0.5419,0.0581,本圈台阶完成,1,0.0000,0.150,0.330
1852.454,SEEK_ROUNDABOUT,48.841,0,1.294,0.0000,0.0000,none,,,,tracking,0.2375,0.0488,1,line_center_tracking,-0.0222,-0.0137,-0.0441,-0.1012,0.8144,6,0,0.0000,0,0.0000,0.0304,0.0570,0.0875,-0.0530,0.0488,IDLE,1,0,step_done_latches_cleared,0,0,0.000,0,nan,nan,nan,0.0000,0,nan,nan,0,5,0.6000,0.5419,0.4485,0.5419,0.0581,本圈台阶完成,1,0.0000,0.150,0.330
1852.589,SEEK_ROUNDABOUT,48.976,0,1.299,0.0000,0.0000,none,,,,tracking,0.2409,0.0237,1,line_center_tracking,0.0005,0.0086,-0.0202,-0.0734,0.8151,6,0,0.0000,0,0.0000,0.0288,0.0533,0.0820,-0.0283,0.0237,IDLE,1,0,step_done_latches_cleared,0,0,0.000,0,nan,nan,nan,0.0000,0,nan,nan,0,5,0.6000,0.5419,0.4485,0.5419,0.0581,本圈台阶完成,1,0.0000,0.150,0.330
1852.722,SEEK_ROUNDABOUT,49.109,0,1.306,0.0000,0.0000,none,,,,tracking,0.2401,-0.0009,1,line_center_tracking,0.0227,0.0315,-0.0001,-0.0576,0.8143,6,0,0.0000,0,0.0000,0.0316,0.0575,0.0891,-0.0087,-0.0009,IDLE,1,0,step_done_latches_cleared,0,0,0.000,0,nan,nan,nan,0.0000,0,nan,nan,0,5,0.6000,0.5419,0.4485,0.5419,0.0581,本圈台阶完成,1,0.0000,0.150,0.330
1852.870,SEEK_ROUNDABOUT,49.257,0,1.321,0.0000,0.0000,none,,,,tracking,0.2380,-0.0196,1,line_center_tracking,0.0358,0.0467,0.0079,-0.0614,0.8120,6,0,0.0000,0,0.0000,0.0388,0.0693,0.1081,-0.0023,-0.0196,IDLE,1,0,step_done_latches_cleared,0,0,0.000,0,nan,nan,nan,0.0000,0,nan,nan,0,5,0.6000,0.5419,0.4485,0.5419,0.0581,本圈台阶完成,1,0.0000,0.150,0.330
1853.000,SEEK_ROUNDABOUT,49.387,0,1.342,0.0000,0.0000,none,,,,tracking,0.2347,-0.0391,1,line_center_tracking,0.0532,0.0703,0.0092,-0.0671,0.8066,6,0,0.0000,0,0.0000,0.0611,0.0763,0.1375,0.0041,-0.0391,IDLE,1,0,step_done_latches_cleared,0,0,0.000,0,nan,nan,nan,0.0000,0,nan,nan,0,5,0.6000,0.5419,0.4485,0.5419,0.0581,本圈台阶完成,1,0.0000,0.150,0.330
1853.137,SEEK_ROUNDABOUT,49.524,0,1.357,0.0000,0.0000,none,,,,tracking,0.2311,-0.0479,1,line_center_tracking,0.0533,0.0722,0.0046,-0.0976,0.8042,6,0,0.0000,0,0.0000,0.0676,0.1023,0.1699,-0.0069,-0.0479,IDLE,1,0,step_done_latches_cleared,0,0,0.000,0,nan,nan,nan,0.0000,0,nan,nan,0,5,0.6000,0.5419,0.4485,0.5419,0.0581,本圈台阶完成,1,0.0000,0.150,0.330
1853.274,SEEK_ROUNDABOUT,49.661,0,1.384,0.0000,0.0000,none,,,,tracking,0.1805,-0.0583,1,line_curve_center_riding,0.0631,0.0689,-0.0272,-0.1653,0.7967,6,0,0.0000,0,0.0000,0.0961,0.1381,0.2342,-0.0412,-0.0583,IDLE,1,0,step_done_latches_cleared,0,0,0.000,0,nan,nan,nan,0.0000,0,nan,nan,0,5,0.6000,0.5419,0.4485,0.5419,0.0581,本圈台阶完成,1,0.0000,0.150,0.330
1853.403,SEEK_ROUNDABOUT,49.790,0,1.425,0.0000,0.0000,none,,,,tracking,0.1700,-0.0557,1,line_curve_center_riding,0.0506,0.0589,-0.0789,-0.2533,0.7865,6,0,0.0000,0,0.0000,0.1378,0.1744,0.3122,-0.0911,-0.0557,IDLE,1,0,step_done_latches_cleared,0,0,0.000,0,nan,nan,nan,0.0000,0,nan,nan,0,5,0.6000,0.5419,0.4485,0.5419,0.0581,本圈台阶完成,1,0.0000,0.150,0.330
1853.545,SEEK_ROUNDABOUT,49.931,0,1.479,0.0000,0.0000,none,,,,tracking,0.1450,-0.0409,1,line_curve_center_riding,0.0259,0.0382,-0.1669,-0.4116,0.7690,6,0,0.0000,0,0.0000,0.2050,0.2447,0.4498,-0.1801,-0.0409,IDLE,1,0,step_done_latches_cleared,0,0,0.000,0,nan,nan,nan,0.0000,0,nan,nan,0,5,0.6000,0.5419,0.4485,0.5419,0.0581,本圈台阶完成,1,0.0000,0.150,0.330
1853.674,SEEK_ROUNDABOUT,50.061,0,1.527,0.0000,0.0000,none,,,,tracking,0.1450,-0.0144,1,line_curve_center_riding,-0.0086,0.0084,-0.2748,-0.3352,0.6797,5,0,0.0000,0,0.0172,0.2832,0.0604,0.3436,-0.2005,-0.0144,IDLE,1,0,step_done_latches_cleared,0,0,0.000,0,nan,nan,nan,0.0000,0,nan,nan,0,5,0.6000,0.5419,0.4485,0.5419,0.0581,本圈台阶完成,1,0.0000,0.150,0.330
1853.803,SEEK_ROUNDABOUT,50.190,0,1.586,0.0000,0.0000,none,,,,tracking,0.1450,0.0375,1,line_curve_center_riding,-0.0778,-0.0531,-0.4638,-0.5613,0.6536,5,0,0.0000,0,0.0129,0.4107,0.0975,0.5081,-0.3594,0.0375,IDLE,1,0,step_done_latches_cleared,0,0,0.000,0,nan,nan,nan,0.0000,0,nan,nan,0,5,0.6000,0.5419,0.4485,0.5419,0.0581,本圈台阶完成,1,0.0000,0.150,0.330
1854.014,SEEK_ROUNDABOUT,50.400,0,1.670,0.0000,0.0000,none,,,,tracking,0.1700,0.1066,1,line_curve_center_riding,-0.1637,-0.1561,-0.2818,-0.2818,0.5035,3,0,0.0000,0,0.0387,0.1257,0.0000,0.1257,-0.2399,0.1066,IDLE,1,0,step_done_latches_cleared,0,0,0.000,0,nan,nan,nan,0.0000,0,nan,nan,0,5,0.6000,0.5419,0.4485,0.5419,0.0581,本圈台阶完成,1,0.0000,0.150,0.330
1854.142,SEEK_ROUNDABOUT,50.529,0,1.723,0.0000,0.0000,none,,,,tracking,0.1700,0.1983,1,line_curve_center_riding,-0.2597,-0.2482,-0.4398,-0.4398,0.4718,3,0,0.0000,0,0.1676,0.1916,0.0000,0.1916,-0.3760,0.1983,IDLE,1,0,step_done_latches_cleared,0,0,0.000,0,nan,nan,nan,0.0000,0,nan,nan,0,5,0.6000,0.5419,0.4485,0.5419,0.0581,本圈台阶完成,1,0.0000,0.150,0.330
1854.268,SEEK_ROUNDABOUT,50.654,0,1.767,0.0000,0.0000,none,,,,tracking,0.1700,0.2906,1,line_curve_center_riding,-0.3494,-0.3369,-0.5453,-0.5453,0.4610,3,0,0.0000,1,0.6700,0.2083,0.0000,0.2083,-0.4758,0.2906,IDLE,1,0,step_done_latches_cleared,0,0,0.000,0,nan,nan,nan,0.0000,0,nan,nan,0,5,0.6000,0.5419,0.4485,0.5419,0.0581,本圈台阶完成,1,0.0000,0.150,0.330
1854.400,SEEK_ROUNDABOUT,50.787,0,1.809,0.0000,0.0000,none,,,,tracking,0.1563,0.3643,1,line_center_tracking,-0.4049,-0.3948,-0.4310,-0.4310,0.3731,2,0,0.0000,1,1.0000,0.0362,0.0000,0.0362,-0.4189,0.3643,IDLE,1,0,step_done_latches_cleared,0,0,0.000,0,nan,nan,nan,0.0000,0,nan,nan,0,5,0.6000,0.5419,0.4485,0.5419,0.0581,本圈台阶完成,1,0.0000,0.150,0.330
1854.529,SEEK_ROUNDABOUT,50.916,0,1.851,0.0000,0.0000,none,,,,tracking,0.1441,0.4117,1,line_center_tracking,-0.4258,-0.4162,-0.4507,-0.4507,0.3779,2,0,0.0000,1,1.0000,0.0345,0.0000,0.0345,-0.4392,0.4117,IDLE,1,0,step_done_latches_cleared,0,0,0.000,0,nan,nan,nan,0.0000,0,nan,nan,0,5,0.6000,0.5419,0.4485,0.5419,0.0581,本圈台阶完成,1,0.0000,0.150,0.330
1854.655,SEEK_ROUNDABOUT,51.042,0,1.880,0.0000,0.0000,none,,,,tracking,0.1382,0.4347,1,line_center_tracking,-0.4254,-0.4176,-0.4453,-0.4453,0.3973,2,0,0.0000,1,1.0000,0.0276,0.0000,0.0276,-0.4361,0.4347,IDLE,1,0,step_done_latches_cleared,0,0,0.000,0,nan,nan,nan,0.0000,0,nan,nan,0,5,0.6000,0.5419,0.4485,0.5419,0.0581,本圈台阶完成,1,0.0000,0.150,0.330
1854.783,SEEK_ROUNDABOUT,51.170,0,1.915,0.0000,0.0000,none,,,,tracking,0.1333,0.4537,1,line_curve_center_riding,-0.4376,-0.4190,-0.7293,-0.7293,0.4222,3,0,0.0000,1,1.0000,0.3104,0.0000,0.3104,-0.6259,0.4537,IDLE,1,0,step_done_latches_cleared,0,0,0.000,0,nan,nan,nan,0.0000,0,nan,nan,0,5,0.6000,0.5419,0.4485,0.5419,0.0581,本圈台阶完成,1,0.0000,0.150,0.330
1854.916,SEEK_ROUNDABOUT,51.302,0,1.936,0.0000,0.0000,none,,,,tracking,0.1372,0.4386,1,line_curve_center_riding,-0.3962,-0.3799,-0.6528,-0.6528,0.4288,3,0,0.0000,1,1.0000,0.2730,0.0000,0.2730,-0.5618,0.4386,IDLE,1,0,step_done_latches_cleared,0,0,0.000,0,nan,nan,nan,0.0000,0,nan,nan,0,5,0.6000,0.5419,0.4485,0.5419,0.0581,本圈台阶完成,1,0.0000,0.150,0.330
1855.051,SEEK_ROUNDABOUT,51.438,0,1.972,0.0000,0.0000,none,,,,tracking,0.1514,0.3835,1,line_curve_center_riding,-0.3104,-0.2951,-0.5507,-0.5507,0.4333,3,0,0.0000,1,0.6313,0.2556,0.0000,0.2556,-0.4655,0.3835,IDLE,1,0,step_done_latches_cleared,0,0,0.000,0,nan,nan,nan,0.0000,0,nan,nan,0,5,0.6000,0.5419,0.4485,0.5419,0.0581,本圈台阶完成,1,0.0000,0.150,0.330
1855.196,SEEK_ROUNDABOUT,51.583,0,2.001,0.0000,0.0000,none,,,,tracking,0.1450,0.3154,1,line_curve_center_riding,-0.2323,-0.2027,-0.6958,-0.6958,0.5220,4,0,0.0000,1,1.0000,0.4931,0.0000,0.4931,-0.5314,0.3154,IDLE,1,0,step_done_latches_cleared,0,0,0.000,0,nan,nan,nan,0.0000,0,nan,nan,0,5,0.6000,0.5419,0.4485,0.5419,0.0581,本圈台阶完成,1,0.0000,0.150,0.330
1855.330,SEEK_ROUNDABOUT,51.717,0,2.019,0.2000,0.0000,none,,,,tracking,0.1380,0.2372,1,line_curve_center_riding,-0.1517,-0.1124,-0.7673,-0.7673,0.4929,4,0,0.0000,1,1.0000,0.6549,0.0000,0.6549,-0.5490,0.2372,IDLE,1,0,step_done_latches_cleared,0,0,0.000,0,nan,nan,nan,0.0000,0,nan,nan,0,5,0.6000,0.5419,0.4485,0.5419,0.0581,本圈台阶完成,1,0.0000,0.150,0.330
1855.464,SEEK_ROUNDABOUT,51.850,0,2.036,0.2000,0.0000,none,,,,tracking,0.1444,0.1776,1,line_curve_center_riding,-0.1100,-0.0730,-0.6904,-0.6904,0.5017,4,0,0.0000,1,1.0000,0.6174,0.0000,0.6174,-0.4846,0.1776,IDLE,1,0,step_done_latches_cleared,0,0,0.000,0,nan,nan,nan,0.0000,0,nan,nan,0,5,0.6000,0.5419,0.4485,0.5419,0.0581,本圈台阶完成,1,0.0000,0.150,0.330
1855.611,SEEK_ROUNDABOUT,51.998,0,2.047,0.4000,0.0000,none,,,,tracking,0.1450,0.1210,1,line_curve_center_riding,-0.0602,-0.0265,-0.5882,-0.5882,0.5133,4,0,0.0000,1,1.0000,0.5617,0.0000,0.5617,-0.4010,0.1210,IDLE,1,0,step_done_latches_cleared,0,0,0.000,0,nan,nan,nan,0.0000,0,nan,nan,0,5,0.6000,0.5419,0.4485,0.5419,0.0581,本圈台阶完成,1,0.0000,0.150,0.330
1855.736,SEEK_ROUNDABOUT,52.123,0,2.053,0.0000,0.0000,none,,,,tracking,0.1450,0.0636,1,line_curve_center_riding,-0.0092,0.0244,-0.5365,-0.5365,0.5189,4,0,0.0000,1,0.7712,0.5609,0.0000,0.5609,-0.3495,0.0636,IDLE,1,0,step_done_latches_cleared,0,0,0.000,0,nan,nan,nan,0.0000,0,nan,nan,0,5,0.6000,0.5419,0.4485,0.5419,0.0581,本圈台阶完成,1,0.0000,0.150,0.330
1855.894,SEEK_ROUNDABOUT,52.280,0,2.058,0.4000,0.0000,none,,,,tracking,0.1450,0.0123,1,line_recenter_transition,0.0367,0.0481,-0.5226,-0.5226,0.5170,4,0,0.0000,0,0.1375,0.5708,0.0000,0.5708,-0.3324,0.0123,IDLE,1,0,step_done_latches_cleared,0,0,0.000,0,nan,nan,nan,0.0000,0,nan,nan,0,5,0.6000,0.5419,0.4485,0.5419,0.0581,本圈台阶完成,1,0.0000,0.150,0.330
1856.034,SEEK_ROUNDABOUT,52.421,0,2.068,0.2000,0.0000,none,,,,tracking,0.1242,0.0224,1,line_curve_center_riding,-0.0243,0.0199,-0.7156,-0.8182,0.5901,5,0,0.0000,0,0.3051,0.7354,0.1026,0.8380,-0.5046,0.0224,IDLE,1,0,step_done_latches_cleared,0,0,0.000,0,nan,nan,nan,0.0000,0,nan,nan,0,5,0.6000,0.5419,0.4485,0.5419,0.0581,本圈台阶完成,1,0.0000,0.150,0.330
1856.194,SEEK_ROUNDABOUT,52.581,0,2.076,0.2000,0.0000,none,,,,tracking,0.1448,0.0008,1,line_recenter_transition,0.0167,0.0290,-0.5864,-0.5864,0.5028,4,0,0.0000,0,0.1633,0.6153,0.0000,0.6153,-0.3812,0.0008,IDLE,1,0,step_done_latches_cleared,0,0,0.000,0,nan,nan,nan,0.0000,0,nan,nan,0,5,0.6000,0.5419,0.4485,0.5419,0.0581,本圈台阶完成,1,0.0000,0.150,0.330
1856.335,SEEK_ROUNDABOUT,52.722,0,2.086,0.0000,0.0000,none,,,,tracking,0.1450,0.0310,1,line_curve_center_riding,-0.0513,-0.0179,-0.5751,-0.5751,0.5084,4,0,0.0000,0,0.1977,0.5571,0.0000,0.5571,-0.3893,0.0310,IDLE,1,0,step_done_latches_cleared,0,0,0.000,0,nan,nan,nan,0.0000,0,nan,nan,0,5,0.6000,0.5419,0.4485,0.5419,0.0581,本圈台阶完成,1,0.0000,0.150,0.330
1856.469,SEEK_ROUNDABOUT,52.856,0,2.096,0.2000,0.0000,none,,,,tracking,0.1450,0.0617,1,line_curve_center_riding,-0.0837,-0.0480,-0.6433,-0.6433,0.4990,4,0,0.0000,0,0.0945,0.5953,0.0000,0.5953,-0.4448,0.0617,IDLE,1,0,step_done_latches_cleared,0,0,0.000,0,nan,nan,nan,0.0000,0,nan,nan,0,5,0.6000,0.5419,0.4485,0.5419,0.0581,本圈台阶完成,1,0.0000,0.150,0.330
1856.603,SEEK_ROUNDABOUT,52.990,0,2.108,0.0000,0.0000,none,,,,tracking,0.1450,0.0912,1,line_curve_center_riding,-0.1107,-0.0749,-0.6705,-0.6705,0.4990,4,0,0.0000,0,0.1719,0.5955,0.0000,0.5955,-0.4719,0.0912,IDLE,1,0,step_done_latches_cleared,0,0,0.000,0,nan,nan,nan,0.0000,0,nan,nan,0,5,0.6000,0.5419,0.4485,0.5419,0.0581,本圈台阶完成,1,0.0000,0.150,0.330
1856.739,SEEK_ROUNDABOUT,53.126,0,2.118,0.0000,0.0000,none,,,,tracking,0.1450,0.1105,1,line_curve_center_riding,-0.1206,-0.0839,-0.6959,-0.6959,0.5020,4,0,0.0000,0,0.1805,0.6121,0.0000,0.6121,-0.4919,0.1105,IDLE,1,0,step_done_latches_cleared,0,0,0.000,0,nan,nan,nan,0.0000,0,nan,nan,0,5,0.6000,0.5419,0.4485,0.5419,0.0581,本圈台阶完成,1,0.0000,0.150,0.330
1856.875,SEEK_ROUNDABOUT,53.262,0,2.132,0.0000,0.0000,none,,,,tracking,0.1450,0.1468,1,line_curve_center_riding,-0.1667,-0.1499,-0.4308,-0.4308,0.4299,3,0,0.0000,0,0.1719,0.2810,0.0000,0.2810,-0.3372,0.1468,IDLE,1,0,step_done_latches_cleared,0,0,0.000,0,nan,nan,nan,0.0000,0,nan,nan,0,5,0.6000,0.5419,0.4485,0.5419,0.0581,本圈台阶完成,1,0.0000,0.150,0.330
1857.019,SEEK_ROUNDABOUT,53.405,0,2.146,0.0000,0.0000,none,,,,tracking,0.1700,0.1722,1,line_curve_center_riding,-0.1831,-0.1670,-0.4360,-0.4360,0.4343,3,0,0.0000,0,0.1504,0.2691,0.0000,0.2691,-0.3463,0.1722,IDLE,1,0,step_done_latches_cleared,0,0,0.000,0,nan,nan,nan,0.0000,0,nan,nan,0,5,0.6000,0.5419,0.4485,0.5419,0.0581,本圈台阶完成,1,0.0000,0.150,0.330
1857.146,SEEK_ROUNDABOUT,53.533,0,2.160,0.0000,0.0000,none,,,,tracking,0.1700,0.1975,1,line_curve_center_riding,-0.2050,-0.1896,-0.4469,-0.4469,0.4360,3,0,0.0000,0,0.1590,0.2573,0.0000,0.2573,-0.3611,0.1975,IDLE,1,0,step_done_latches_cleared,0,0,0.000,0,nan,nan,nan,0.0000,0,nan,nan,0,5,0.6000,0.5419,0.4485,0.5419,0.0581,本圈台阶完成,1,0.0000,0.150,0.330
1857.281,SEEK_ROUNDABOUT,53.667,0,2.179,0.0000,0.0000,none,,,,tracking,0.1700,0.2274,1,line_curve_center_riding,-0.2368,-0.2209,-0.4859,-0.4859,0.4326,3,0,0.0000,0,0.1805,0.2650,0.0000,0.2650,-0.3975,0.2274,IDLE,1,0,step_done_latches_cleared,0,0,0.000,0,nan,nan,nan,0.0000,0,nan,nan,0,5,0.6000,0.5419,0.4485,0.5419,0.0581,本圈台阶完成,1,0.0000,0.150,0.330
1857.408,SEEK_ROUNDABOUT,53.795,0,2.192,0.0000,0.0000,none,,,,tracking,0.1700,0.2515,1,line_curve_center_riding,-0.2546,-0.2383,-0.5091,-0.5091,0.4296,3,0,0.0000,0,0.1461,0.2708,0.0000,0.2708,-0.4188,0.2515,IDLE,1,0,step_done_latches_cleared,0,0,0.000,0,nan,nan,nan,0.0000,0,nan,nan,0,5,0.6000,0.5419,0.4485,0.5419,0.0581,本圈台阶完成,1,0.0000,0.150,0.330
1857.554,SEEK_ROUNDABOUT,53.941,0,2.215,0.0000,0.0000,none,,,,tracking,0.1700,0.2730,1,line_curve_center_riding,-0.2726,-0.2563,-0.5288,-0.5288,0.4297,3,0,0.0000,0,0.2020,0.2726,0.0000,0.2726,-0.4380,0.2730,IDLE,1,0,step_done_latches_cleared,0,0,0.000,0,nan,nan,nan,0.0000,0,nan,nan,0,5,0.6000,0.5419,0.4485,0.5419,0.0581,本圈台阶完成,1,0.0000,0.150,0.330
1857.690,SEEK_ROUNDABOUT,54.076,0,2.238,0.0000,0.0000,none,,,,tracking,0.1700,0.2997,1,line_curve_center_riding,-0.3006,-0.2849,-0.5478,-0.5478,0.4266,3,0,0.0000,0,0.1547,0.2629,0.0000,0.2629,-0.4601,0.2997,IDLE,1,0,step_done_latches_cleared,0,0,0.000,0,nan,nan,nan,0.0000,0,nan,nan,0,5,0.6000,0.5419,0.4485,0.5419,0.0581,本圈台阶完成,1,0.0000,0.150,0.330
1857.826,SEEK_ROUNDABOUT,54.213,0,2.261,0.0000,0.0000,none,,,,tracking,0.1669,0.3233,1,line_curve_center_riding,-0.3206,-0.3097,-0.4910,-0.4910,0.3823,2,0,0.0000,0,0.1719,0.1813,0.0000,0.1813,-0.4306,0.3233,IDLE,1,0,step_done_latches_cleared,0,0,0.000,0,nan,nan,nan,0.0000,0,nan,nan,0,5,0.6000,0.5419,0.4485,0.5419,0.0581,本圈台阶完成,1,0.0000,0.150,0.330
1857.964,SEEK_ROUNDABOUT,54.351,0,2.288,0.0000,0.0000,none,,,,tracking,0.1601,0.3495,1,line_center_tracking,-0.3467,-0.3328,-0.3825,-0.3825,0.3353,2,0,0.0000,0,0.2235,0.0497,0.0000,0.0497,-0.3660,0.3495,IDLE,1,0,step_done_latches_cleared,0,0,0.000,0,nan,nan,nan,0.0000,0,nan,nan,0,5,0.6000,0.5419,0.4485,0.5419,0.0581,本圈台阶完成,1,0.0000,0.150,0.330
1858.092,SEEK_ROUNDABOUT,54.478,0,2.312,0.0000,0.0000,none,,,,tracking,0.1450,0.3441,1,line_curve_center_riding,-0.3168,-0.2953,-0.6528,-0.6528,0.4356,3,0,0.0000,0,0.1805,0.3574,0.0000,0.3574,-0.5336,0.3441,IDLE,1,0,step_done_latches_cleared,0,0,0.000,0,nan,nan,nan,0.0000,0,nan,nan,0,5,0.6000,0.5419,0.4485,0.5419,0.0581,本圈台阶完成,1,0.0000,0.150,0.330
1858.226,SEEK_ROUNDABOUT,54.612,0,2.337,0.0000,0.0000,none,,,,tracking,0.1450,0.3372,1,line_curve_center_riding,-0.3066,-0.2886,-0.5872,-0.5872,0.4571,3,0,0.0000,0,0.1977,0.2986,0.0000,0.2986,-0.4877,0.3372,IDLE,1,0,step_done_latches_cleared,0,0,0.000,0,nan,nan,nan,0.0000,0,nan,nan,0,5,0.6000,0.5419,0.4485,0.5419,0.0581,本圈台阶完成,1,0.0000,0.150,0.330
1858.354,SEEK_ROUNDABOUT,54.741,0,2.360,0.0000,0.0000,none,,,,line_bridge_loss,0.0962,0.1349,0,line_too_few_bands,0.0000,0.0000,0.0000,0.0000,0.0000,1,0,0.0000,0,0.1375,0.0000,0.0000,0.0000,0.0000,0.1349,IDLE,1,0,step_done_latches_cleared,0,0,0.000,0,nan,nan,nan,0.0000,0,nan,nan,0,5,0.6000,0.5419,0.4485,0.5419,0.0581,本圈台阶完成,1,0.0000,0.150,0.330
1858.495,SEEK_ROUNDABOUT,54.881,0,2.397,0.0000,0.0000,none,,,,tracking,0.1469,0.3369,1,line_curve_center_riding,-0.3111,-0.3021,-0.4507,-0.4507,0.3991,2,0,0.0000,0,0.0430,0.1485,0.0000,0.1485,-0.4012,0.3369,IDLE,1,0,step_done_latches_cleared,0,0,0.000,0,nan,nan,nan,0.0000,0,nan,nan,0,5,0.6000,0.5419,0.4485,0.5419,0.0581,本圈台阶完成,1,0.0000,0.150,0.330
1858.624,SEEK_ROUNDABOUT,55.010,0,2.428,0.8285,1.0000,none,,,,tracking,0.1450,0.3494,1,line_curve_center_riding,-0.3332,-0.3139,-0.6351,-0.6724,0.5699,4,0,0.0000,0,0.0344,0.3212,0.0373,0.3584,-0.5405,0.3494,IDLE,1,0,step_done_latches_cleared,0,0,0.000,0,nan,nan,nan,0.0000,0,nan,nan,0,5,0.6000,0.5419,0.4485,0.5419,0.0581,本圈台阶完成,1,0.0000,0.150,0.330
1858.755,SEEK_ROUNDABOUT,55.142,0,2.471,0.0000,0.7000,none,,,,line_bridge_loss,0.0950,0.1398,0,line_too_few_bands,0.0000,0.0000,0.0000,0.0000,0.0000,1,0,0.0000,0,0.0000,0.0000,0.0000,0.0000,0.0000,0.1398,IDLE,1,0,step_done_latches_cleared,0,0,0.000,0,nan,nan,nan,0.0000,0,nan,nan,0,5,0.6000,0.5419,0.4485,0.5419,0.0581,本圈台阶完成,1,0.0000,0.150,0.330
1858.889,SEEK_ROUNDABOUT,55.276,0,2.513,0.0000,0.4000,none,,,,tracking,0.1457,0.3414,1,line_curve_center_riding,-0.3103,-0.2938,-0.5689,-0.6037,0.4890,3,0,0.0000,0,0.0000,0.2750,0.0349,0.3099,-0.4888,0.3414,IDLE,1,0,step_done_latches_cleared,0,0,0.000,0,nan,nan,nan,0.0000,0,nan,nan,0,5,0.6000,0.5419,0.4485,0.5419,0.0581,本圈台阶完成,1,0.0000,0.150,0.330
1859.020,SEEK_ROUNDABOUT,55.407,0,2.546,0.8058,0.7500,none,,,,tracking,0.1575,0.3598,1,line_curve_center_riding,-0.3472,-0.3351,-0.5366,-0.6171,0.6897,5,0,0.0000,0,0.0000,0.2015,0.0804,0.2820,-0.4963,0.3598,IDLE,1,0,step_done_latches_cleared,0,0,0.000,0,nan,nan,nan,0.0000,0,nan,nan,0,5,0.6000,0.5419,0.4485,0.5419,0.0581,本圈台阶完成,1,0.0000,0.150,0.330
1859.151,SEEK_ROUNDABOUT,55.537,0,2.583,0.0000,0.4500,none,,,,tracking,0.1539,0.3738,1,line_center_tracking,-0.3587,-0.3272,-0.4396,-0.4396,0.4271,2,0,0.0000,0,0.0000,0.1123,0.0000,0.1123,-0.4021,0.3738,IDLE,1,0,step_done_latches_cleared,0,0,0.000,0,nan,nan,nan,0.0000,0,nan,nan,0,5,0.6000,0.5419,0.4485,0.5419,0.0581,本圈台阶完成,1,0.0000,0.150,0.330
1859.296,SEEK_ROUNDABOUT,55.682,0,2.616,0.0000,0.1500,none,,,,line_bridge_loss,0.1032,0.1495,0,line_too_few_bands,0.0000,0.0000,0.0000,0.0000,0.0000,1,0,0.0000,0,0.0129,0.0000,0.0000,0.0000,0.0000,0.1495,IDLE,1,0,step_done_latches_cleared,0,0,0.000,0,nan,nan,nan,0.0000,0,nan,nan,0,5,0.6000,0.5419,0.4485,0.5419,0.0581,本圈台阶完成,1,0.0000,0.150,0.330
1859.430,SEEK_ROUNDABOUT,55.817,0,2.643,0.0000,0.0000,none,,,,line_bridge_loss,0.0526,0.1495,0,line_too_few_bands,0.0000,0.0000,0.0000,0.0000,0.0000,1,0,0.0000,0,0.0000,0.0000,0.0000,0.0000,0.0000,0.1495,IDLE,1,0,step_done_latches_cleared,0,0,0.000,0,nan,nan,nan,0.0000,0,nan,nan,0,5,0.6000,0.5419,0.4485,0.5419,0.0581,本圈台阶完成,1,0.0000,0.150,0.330
1859.573,SEEK_ROUNDABOUT,55.960,0,2.643,0.0000,0.0000,none,,,,tracking,0.1032,0.2669,1,line_curve_center_riding,-0.1494,-0.1413,-0.2755,-0.2755,0.4064,2,0,0.0000,0,0.0043,0.1342,0.0000,0.1342,-0.2308,0.2669,IDLE,1,0,step_done_latches_cleared,0,0,0.000,0,nan,nan,nan,0.0000,0,nan,nan,0,5,0.6000,0.5419,0.4485,0.5419,0.0581,本圈台阶完成,1,0.0000,0.150,0.330
1859.713,SEEK_ROUNDABOUT,56.100,0,2.668,0.4000,0.0000,none,,,,tracking,0.1539,0.2633,1,line_center_tracking,-0.2377,-0.2215,-0.2795,-0.2795,0.4387,2,0,0.0000,0,0.0000,0.0580,0.0000,0.0580,-0.2602,0.2633,IDLE,1,0,step_done_latches_cleared,0,0,0.000,0,nan,nan,nan,0.0000,0,nan,nan,0,5,0.6000,0.5419,0.4485,0.5419,0.0581,本圈台阶完成,1,0.0000,0.150,0.330
1859.843,SEEK_ROUNDABOUT,56.230,0,2.684,0.0000,0.0000,none,,,,tracking,0.1965,0.2079,1,line_center_tracking,-0.1484,-0.1301,-0.1956,-0.1956,0.5393,3,0,0.0000,0,0.0000,0.0655,0.0000,0.0655,-0.1737,0.2079,IDLE,1,0,step_done_latches_cleared,0,0,0.000,0,nan,nan,nan,0.0000,0,nan,nan,0,5,0.6000,0.5419,0.4485,0.5419,0.0581,本圈台阶完成,1,0.0000,0.150,0.330
1859.975,SEEK_ROUNDABOUT,56.362,0,2.700,0.4000,0.0000,none,,,,tracking,0.2104,0.1540,1,line_center_tracking,-0.0952,-0.0709,-0.1576,-0.1576,0.5319,3,0,0.0000,0,0.0043,0.0867,0.0000,0.0867,-0.1287,0.1540,IDLE,1,0,step_done_latches_cleared,0,0,0.000,0,nan,nan,nan,0.0000,0,nan,nan,0,5,0.6000,0.5419,0.4485,0.5419,0.0581,本圈台阶完成,1,0.0000,0.150,0.330
1860.105,SEEK_ROUNDABOUT,56.492,0,2.714,0.6000,0.0000,none,,,,tracking,0.2222,0.1083,1,line_center_tracking,-0.0591,-0.0335,-0.1249,-0.1249,0.5303,3,0,0.0000,0,0.0000,0.0913,0.0000,0.0913,-0.0944,0.1083,IDLE,1,0,step_done_latches_cleared,0,0,0.000,0,nan,nan,nan,0.0000,0,nan,nan,0,5,0.6000,0.5419,0.4485,0.5419,0.0581,本圈台阶完成,1,0.0000,0.150,0.330
1860.234,SEEK_ROUNDABOUT,56.621,0,2.723,0.8871,1.0000,none,,,,tracking,0.1731,0.0714,1,line_curve_center_riding,-0.0326,-0.0243,-0.1632,-0.2227,0.6999,5,0,0.0000,0,0.0000,0.1389,0.0595,0.1984,-0.1367,0.0714,IDLE,1,0,step_done_latches_cleared,0,0,0.000,0,nan,nan,nan,0.0000,0,nan,nan,0,5,0.6000,0.5419,0.4485,0.5419,0.0581,本圈台阶完成,1,0.0000,0.150,0.330
1860.365,SEEK_ROUNDABOUT,56.751,0,2.727,0.8461,2.0000,none,,,,tracking,0.1700,0.0352,1,line_curve_center_riding,-0.0004,0.0074,-0.1225,-0.2621,0.6957,5,0,0.0000,0,0.0000,0.1299,0.1396,0.2695,-0.1257,0.0352,IDLE,1,0,step_done_latches_cleared,0,0,0.000,0,nan,nan,nan,0.0000,0,nan,nan,0,5,0.6000,0.5419,0.4485,0.5419,0.0581,本圈台阶完成,1,0.0000,0.150,0.330
1860.506,ROUNDABOUT_APPROACH,0.000,0,2.728,0.9012,0.0000,vision,2.728,,,tracking,0.1700,-0.0288,1,line_curve_center_riding,0.0267,0.0335,-0.0798,-0.1817,0.7038,5,0,0.0000,0,0.0000,0.1133,0.1019,0.2152,-0.0760,-0.0288,IDLE,1,0,step_done_latches_cleared,0,0,0.000,0,nan,nan,nan,0.0000,0,nan,nan,0,5,0.6000,0.5419,0.4485,0.5419,0.0581,本圈台阶完成,1,0.0000,0.150,0.330
1860.655,ROUNDABOUT_APPROACH,0.149,0,2.728,0.8387,0.0000,vision,2.728,,,line_bridge_loss,0.1193,-0.0115,0,line_low_confidence,-0.0989,-0.0815,-0.3724,-0.3724,0.2496,2,0,0.0000,0,0.0000,0.2910,0.0000,0.2910,-0.2755,-0.0115,IDLE,1,0,step_done_latches_cleared,0,0,0.000,0,nan,nan,nan,0.0000,0,nan,nan,0,5,0.6000,0.5419,0.4485,0.5419,0.0581,本圈台阶完成,1,0.0000,0.150,0.330
1860.803,ROUNDABOUT_APPROACH,0.297,0,2.728,0.8000,0.0000,vision,2.728,,,tracking,0.1700,-0.0021,1,line_center_tracking,-0.0220,-0.0143,-0.0420,-0.1863,0.6151,4,0,0.0000,0,0.0000,0.0277,0.1444,0.1720,-0.0809,-0.0021,IDLE,1,0,step_done_latches_cleared,0,0,0.000,0,nan,nan,nan,0.0000,0,nan,nan,0,5,0.6000,0.5419,0.4485,0.5419,0.0581,本圈台阶完成,1,0.0000,0.150,0.330
1860.939,ROUNDABOUT_APPROACH,0.433,0,2.728,0.8585,0.0000,vision,2.728,,,tracking,0.1700,-0.0113,1,line_curve_center_riding,0.0166,0.0256,-0.1250,-0.1778,0.5784,4,0,0.0000,0,0.0000,0.1506,0.0528,0.2034,-0.0924,-0.0113,IDLE,1,0,step_done_latches_cleared,0,0,0.000,0,nan,nan,nan,0.0000,0,nan,nan,0,5,0.6000,0.5419,0.4485,0.5419,0.0581,本圈台阶完成,1,0.0000,0.150,0.330
1861.066,ROUNDABOUT_APPROACH,0.561,0,2.728,0.8000,0.0000,vision,2.728,,,tracking,0.1700,-0.0288,1,line_curve_center_riding,0.0410,0.0577,-0.2212,-0.2212,0.3562,2,0,0.0000,0,0.0000,0.2789,0.0000,0.2789,-0.1282,-0.0288,IDLE,1,0,step_done_latches_cleared,0,0,0.000,0,nan,nan,nan,0.0000,0,nan,nan,0,5,0.6000,0.5419,0.4485,0.5419,0.0581,本圈台阶完成,1,0.0000,0.150,0.330
1861.218,ROUNDABOUT_APPROACH,0.712,0,2.728,0.8553,0.0000,vision,2.728,,,tracking,0.1700,-0.0354,1,line_curve_center_riding,0.0399,0.0465,-0.0629,-0.2180,0.6704,5,0,0.0000,0,0.0000,0.1094,0.1551,0.2645,-0.0782,-0.0354,IDLE,1,0,step_done_latches_cleared,0,0,0.000,0,nan,nan,nan,0.0000,0,nan,nan,0,5,0.6000,0.5419,0.4485,0.5419,0.0581,本圈台阶完成,1,0.0000,0.150,0.330
1861.380,ROUNDABOUT_APPROACH,0.874,0,2.728,0.8728,0.0000,vision,2.728,,,tracking,0.1700,-0.0194,1,line_curve_center_riding,0.0054,0.0132,-0.1170,-0.2018,0.8708,7,0,0.0000,0,0.0000,0.1302,0.0848,0.2150,-0.1019,-0.0194,IDLE,1,0,step_done_latches_cleared,0,0,0.000,0,nan,nan,nan,0.0000,0,nan,nan,0,5,0.6000,0.5419,0.4485,0.5419,0.0581,本圈台阶完成,1,0.0000,0.150,0.330
1861.517,ROUNDABOUT_APPROACH,1.011,0,2.728,0.8892,0.0000,vision,2.728,,,tracking,0.2099,0.0961,1,line_center_tracking,-0.1817,-0.2064,-0.1182,-0.1694,0.7012,5,0,0.0000,0,0.0000,0.0882,0.0511,0.0370,-0.1647,0.0961,IDLE,1,0,step_done_latches_cleared,0,0,0.000,0,nan,nan,nan,0.0000,0,nan,nan,0,5,0.6000,0.5419,0.4485,0.5419,0.0581,本圈台阶完成,1,0.0000,0.150,0.330
1861.651,ROUNDABOUT_APPROACH,1.146,0,2.728,0.6000,0.0000,vision,2.728,,,line_bridge_loss,0.1592,0.0384,0,line_too_few_bands,0.0000,0.0000,0.0000,0.0000,0.0000,1,0,0.0000,0,0.0000,0.0000,0.0000,0.0000,0.0000,0.0384,IDLE,1,0,step_done_latches_cleared,0,0,0.000,0,nan,nan,nan,0.0000,0,nan,nan,0,5,0.6000,0.5419,0.4485,0.5419,0.0581,本圈台阶完成,1,0.0000,0.150,0.330
1861.773,ROUNDABOUT_APPROACH,1.267,0,2.728,0.8000,0.0000,vision,2.728,,,tracking,0.2055,0.1475,1,line_center_tracking,-0.1934,-0.1798,-0.2284,-0.2284,0.3382,2,0,0.0000,0,0.0000,0.0486,0.0000,0.0486,-0.2122,0.1475,IDLE,1,0,step_done_latches_cleared,0,0,0.000,0,nan,nan,nan,0.0000,0,nan,nan,0,5,0.6000,0.5419,0.4485,0.5419,0.0581,本圈台阶完成,1,0.0000,0.150,0.330
1861.901,ROUNDABOUT_APPROACH,1.395,0,2.728,0.8290,0.0000,vision,2.728,,,tracking,0.2004,0.1928,1,line_center_tracking,-0.2169,-0.2021,-0.2550,-0.2550,0.3261,2,0,0.0000,0,0.0000,0.0529,0.0000,0.0529,-0.2374,0.1928,IDLE,1,0,step_done_latches_cleared,0,0,0.000,0,nan,nan,nan,0.0000,0,nan,nan,0,5,0.6000,0.5419,0.4485,0.5419,0.0581,本圈台阶完成,1,0.0000,0.150,0.330
1862.032,ROUNDABOUT_APPROACH,1.526,0,2.728,0.8792,0.0000,vision,2.728,,,tracking,0.2093,0.1582,1,line_center_tracking,-0.1237,-0.1316,-0.1035,-0.1752,0.8783,7,0,0.0000,0,0.0000,0.0281,0.0716,0.0436,-0.1368,0.1582,IDLE,1,0,step_done_latches_cleared,0,0,0.000,0,nan,nan,nan,0.0000,0,nan,nan,0,5,0.6000,0.5419,0.4485,0.5419,0.0581,本圈台阶完成,1,0.0000,0.150,0.330
1862.167,ROUNDABOUT_APPROACH,1.661,0,2.728,0.8585,0.0000,vision,2.728,,,tracking,0.2295,0.0799,1,line_center_tracking,-0.0094,0.0162,-0.0754,-0.0754,0.4282,2,0,0.0000,0,0.0000,0.0916,0.0000,0.0916,-0.0448,0.0799,IDLE,1,0,step_done_latches_cleared,0,0,0.000,0,nan,nan,nan,0.0000,0,nan,nan,0,5,0.6000,0.5419,0.4485,0.5419,0.0581,本圈台阶完成,1,0.0000,0.150,0.330
1862.302,ROUNDABOUT_APPROACH,1.797,0,2.728,0.0000,0.0000,vision,2.728,,,tracking,0.2366,0.0521,1,line_center_tracking,-0.0191,-0.0065,-0.0516,-0.0822,0.5440,3,0,0.0000,0,0.0000,0.0450,0.0306,0.0757,-0.0467,0.0521,IDLE,1,0,step_done_latches_cleared,0,0,0.000,0,nan,nan,nan,0.0000,0,nan,nan,0,5,0.6000,0.5419,0.4485,0.5419,0.0581,本圈台阶完成,1,0.0000,0.150,0.330
1862.441,ROUNDABOUT_APPROACH,1.936,0,2.728,0.6000,0.0000,vision,2.728,,,tracking,0.2393,0.0229,1,line_center_tracking,0.0052,0.0067,0.0014,-0.0766,0.6348,4,0,0.0000,0,0.0000,0.0053,0.0780,0.0833,-0.0228,0.0229,IDLE,1,0,step_done_latches_cleared,0,0,0.000,0,nan,nan,nan,0.0000,0,nan,nan,0,5,0.6000,0.5419,0.4485,0.5419,0.0581,本圈台阶完成,1,0.0000,0.150,0.330
1862.577,ROUNDABOUT_APPROACH,2.071,0,2.728,0.8357,0.0000,vision,2.728,,,tracking,0.2380,0.0125,1,line_center_tracking,-0.0005,0.0191,-0.0508,-0.0885,0.6065,4,0,0.0000,0,0.0000,0.0698,0.0377,0.1075,-0.0401,0.0125,IDLE,1,0,step_done_latches_cleared,0,0,0.000,0,nan,nan,nan,0.0000,0,nan,nan,0,5,0.6000,0.5419,0.4485,0.5419,0.0581,本圈台阶完成,1,0.0000,0.150,0.330
1862.728,ROUNDABOUT_APPROACH,2.222,0,2.728,0.8000,0.0000,vision,2.728,,,tracking,0.2412,-0.0050,1,line_center_tracking,0.0201,0.0331,-0.0133,-0.0457,0.5424,3,0,0.0000,0,0.0000,0.0464,0.0324,0.0788,-0.0086,-0.0050,IDLE,1,0,step_done_latches_cleared,0,0,0.000,0,nan,nan,nan,0.0000,0,nan,nan,0,5,0.6000,0.5419,0.4485,0.5419,0.0581,本圈台阶完成,1,0.0000,0.150,0.330
1862.866,ROUNDABOUT_APPROACH,2.360,0,2.728,0.9216,0.0000,vision,2.728,,,line_bridge_loss,0.1906,-0.0020,0,line_too_few_bands,0.0000,0.0000,0.0000,0.0000,0.0000,0,0,0.0000,0,0.0000,0.0000,0.0000,0.0000,0.0000,-0.0020,IDLE,1,0,step_done_latches_cleared,0,0,0.000,0,nan,nan,nan,0.0000,0,nan,nan,0,5,0.6000,0.5419,0.4485,0.5419,0.0581,本圈台阶完成,1,0.0000,0.150,0.330
1863.002,ROUNDABOUT_APPROACH,2.496,0,2.728,0.6000,0.0000,vision,2.728,,,tracking,0.1700,-0.0190,1,line_curve_center_riding,0.0317,0.0398,-0.0948,-0.0508,0.6014,4,0,0.0000,0,0.0000,0.1346,0.0440,0.0905,-0.0353,-0.0190,IDLE,1,0,step_done_latches_cleared,0,0,0.000,0,nan,nan,nan,0.0000,0,nan,nan,0,5,0.6000,0.5419,0.4485,0.5419,0.0581,本圈台阶完成,1,0.0000,0.150,0.330
1863.143,ROUNDABOUT_APPROACH,2.637,0,2.728,0.9348,0.0000,vision,2.728,,,tracking,0.2207,-0.0138,1,line_center_tracking,0.0094,0.0261,-0.0338,-0.0534,0.7203,5,0,0.0000,0,0.0000,0.0599,0.0196,0.0795,-0.0203,-0.0138,IDLE,1,0,step_done_latches_cleared,0,0,0.000,0,nan,nan,nan,0.0000,0,nan,nan,0,5,0.6000,0.5419,0.4485,0.5419,0.0581,本圈台阶完成,1,0.0000,0.150,0.330
1863.279,ROUNDABOUT_APPROACH,2.773,0,2.728,0.0000,0.0000,vision,2.728,,,line_bridge_loss,0.1700,-0.0055,0,line_too_few_bands,0.0000,0.0000,0.0000,0.0000,0.0000,1,0,0.0000,0,0.0000,0.0000,0.0000,0.0000,0.0000,-0.0055,IDLE,1,0,step_done_latches_cleared,0,0,0.000,0,nan,nan,nan,0.0000,0,nan,nan,0,5,0.6000,0.5419,0.4485,0.5419,0.0581,本圈台阶完成,1,0.0000,0.150,0.330
1863.435,ROUNDABOUT_APPROACH,2.930,0,2.728,0.8936,0.0000,vision,2.728,,,tracking,0.2207,0.0139,1,line_center_tracking,-0.0382,-0.0434,-0.0247,-0.0808,0.8103,6,0,0.0000,0,0.0000,0.0187,0.0560,0.0374,-0.0496,0.0139,IDLE,1,0,step_done_latches_cleared,0,0,0.000,0,nan,nan,nan,0.0000,0,nan,nan,0,5,0.6000,0.5419,0.4485,0.5419,0.0581,本圈台阶完成,1,0.0000,0.150,0.330
1863.564,ROUNDABOUT_APPROACH,3.058,0,2.728,0.6000,0.0000,vision,2.728,,,tracking,0.2416,0.0106,1,line_center_tracking,-0.0085,-0.0004,-0.0293,-0.0756,0.7264,5,0,0.0000,0,0.0000,0.0289,0.0463,0.0752,-0.0351,0.0106,IDLE,1,0,step_done_latches_cleared,0,0,0.000,0,nan,nan,nan,0.0000,0,nan,nan,0,5,0.6000,0.5419,0.4485,0.5419,0.0581,本圈台阶完成,1,0.0000,0.150,0.330
1863.714,ROUNDABOUT_APPROACH,3.208,0,2.728,0.8875,0.0000,vision,2.728,,,tracking,0.1910,0.0305,1,line_curve_center_riding,-0.0442,-0.0101,-0.5779,-0.6906,0.5251,4,0,0.0000,0,0.0000,0.5677,0.1128,0.6805,-0.4262,0.0305,IDLE,1,0,step_done_latches_cleared,0,0,0.000,0,nan,nan,nan,0.0000,0,nan,nan,0,5,0.6000,0.5419,0.4485,0.5419,0.0581,本圈台阶完成,1,0.0000,0.150,0.330
1863.862,ROUNDABOUT_APPROACH,3.356,0,2.728,0.8871,0.0000,vision,2.728,,,line_bridge_loss,0.1403,0.0122,0,line_too_few_bands,0.0000,0.0000,0.0000,0.0000,0.0000,1,0,0.0000,0,0.0000,0.0000,0.0000,0.0000,0.0000,0.0122,IDLE,1,0,step_done_latches_cleared,0,0,0.000,0,nan,nan,nan,0.0000,0,nan,nan,0,5,0.6000,0.5419,0.4485,0.5419,0.0581,本圈台阶完成,1,0.0000,0.150,0.330
1863.989,ROUNDABOUT_APPROACH,3.483,0,2.728,0.9537,0.0000,vision,2.728,,,tracking,0.1885,0.0845,1,line_center_tracking,-0.1282,-0.1173,-0.1560,-0.1560,0.3663,2,0,0.0000,0,0.0000,0.0386,0.0000,0.0386,-0.1431,0.0845,IDLE,1,0,step_done_latches_cleared,0,0,0.000,0,nan,nan,nan,0.0000,0,nan,nan,0,5,0.6000,0.5419,0.4485,0.5419,0.0581,本圈台阶完成,1,0.0000,0.150,0.330
1864.129,ROUNDABOUT_APPROACH,3.624,0,2.728,0.8902,0.0000,vision,2.728,,,tracking,0.2148,0.1368,1,line_center_tracking,-0.1710,-0.1550,-0.2123,-0.2123,0.3140,2,0,0.0000,0,0.0000,0.0573,0.0000,0.0573,-0.1932,0.1368,IDLE,1,0,step_done_latches_cleared,0,0,0.000,0,nan,nan,nan,0.0000,0,nan,nan,0,5,0.6000,0.5419,0.4485,0.5419,0.0581,本圈台阶完成,1,0.0000,0.150,0.330
1864.289,ROUNDABOUT_APPROACH,3.784,0,2.728,0.8293,0.0000,vision,2.728,,,tracking,0.2266,0.0912,1,line_center_tracking,-0.0518,-0.0604,-0.0296,-0.0296,0.3885,2,0,0.0000,0,0.0000,0.0307,0.0000,0.0307,-0.0399,0.0912,IDLE,1,0,step_done_latches_cleared,0,0,0.000,0,nan,nan,nan,0.0000,0,nan,nan,0,5,0.6000,0.5419,0.4485,0.5419,0.0581,本圈台阶完成,1,0.0000,0.150,0.330
1864.430,ROUNDABOUT_APPROACH,3.924,0,2.728,0.8717,0.0000,vision,2.728,,,tracking,0.2389,0.0433,1,line_center_tracking,0.0012,-0.0119,0.0349,0.0349,0.3432,2,0,0.0000,0,0.0000,0.0468,0.0000,0.0468,0.0193,0.0433,IDLE,1,0,step_done_latches_cleared,0,0,0.000,0,nan,nan,nan,0.0000,0,nan,nan,0,5,0.6000,0.5419,0.4485,0.5419,0.0581,本圈台阶完成,1,0.0000,0.150,0.330
1864.568,ROUNDABOUT_APPROACH,4.062,0,2.728,0.6000,0.0000,vision,2.728,,,tracking,0.2390,0.0411,1,line_center_tracking,-0.0319,-0.0499,0.0143,0.0143,0.4670,3,0,0.0000,0,0.0000,0.0642,0.0000,0.0642,-0.0071,0.0411,IDLE,1,0,step_done_latches_cleared,0,0,0.000,0,nan,nan,nan,0.0000,0,nan,nan,0,5,0.6000,0.5419,0.4485,0.5419,0.0581,本圈台阶完成,1,0.0000,0.150,0.330
1864.702,ROUNDABOUT_APPROACH,4.196,0,2.728,0.8656,0.0000,vision,2.728,,,tracking,0.2346,0.0183,1,line_center_tracking,0.0016,-0.0236,0.0665,0.0665,0.4592,3,0,0.0000,0,0.0000,0.0901,0.0000,0.0901,0.0365,0.0183,IDLE,1,0,step_done_latches_cleared,0,0,0.000,0,nan,nan,nan,0.0000,0,nan,nan,0,5,0.6000,0.5419,0.4485,0.5419,0.0581,本圈台阶完成,1,0.0000,0.150,0.330
1864.843,ROUNDABOUT_APPROACH,4.337,0,2.728,0.8641,0.0000,vision,2.728,,,tracking,0.2361,-0.0317,1,line_center_tracking,0.0714,0.0716,0.0710,0.0046,0.6351,4,0,0.0000,0,0.0000,0.0006,0.0664,0.0670,0.0491,-0.0317,IDLE,1,0,step_done_latches_cleared,0,0,0.000,0,nan,nan,nan,0.0000,0,nan,nan,0,5,0.6000,0.5419,0.4485,0.5419,0.0581,本圈台阶完成,1,0.0000,0.150,0.330
1864.968,ROUNDABOUT_APPROACH,4.463,0,2.728,0.0000,0.0000,vision,2.728,,,tracking,0.2297,-0.0671,1,line_center_tracking,0.0940,0.1045,0.0672,0.0261,0.7236,5,0,0.0000,0,0.0000,0.0373,0.0411,0.0784,0.0659,-0.0671,IDLE,1,0,step_done_latches_cleared,0,0,0.000,0,nan,nan,nan,0.0000,0,nan,nan,0,5,0.6000,0.5419,0.4485,0.5419,0.0581,本圈台阶完成,1,0.0000,0.150,0.330
1865.097,ROUNDABOUT_APPROACH,4.591,0,2.728,0.8514,0.0000,vision,2.728,,,tracking,0.2267,-0.0905,1,line_center_tracking,0.1057,0.1142,0.0839,0.0468,0.8099,6,0,0.0000,0,0.0000,0.0303,0.0371,0.0674,0.0817,-0.0905,IDLE,1,0,step_done_latches_cleared,0,0,0.000,0,nan,nan,nan,0.0000,0,nan,nan,0,5,0.6000,0.5419,0.4485,0.5419,0.0581,本圈台阶完成,1,0.0000,0.150,0.330
1865.223,ROUNDABOUT_APPROACH,4.717,0,2.728,0.9199,0.0000,vision,2.728,,,tracking,0.2231,-0.1047,1,line_center_tracking,0.1105,0.1261,0.0703,0.0351,0.7249,5,0,0.0000,0,0.0000,0.0558,0.0352,0.0910,0.0771,-0.1047,IDLE,1,0,step_done_latches_cleared,0,0,0.000,0,nan,nan,nan,0.0000,0,nan,nan,0,5,0.6000,0.5419,0.4485,0.5419,0.0581,本圈台阶完成,1,0.0000,0.150,0.330
1865.356,ROUNDABOUT_APPROACH,4.850,0,2.728,0.8722,0.0000,vision,2.728,,,line_bridge_loss,0.1725,-0.0419,0,line_too_few_bands,0.0000,0.0000,0.0000,0.0000,0.0000,1,0,0.0000,0,0.0000,0.0000,0.0000,0.0000,0.0000,-0.0419,IDLE,1,0,step_done_latches_cleared,0,0,0.000,0,nan,nan,nan,0.0000,0,nan,nan,0,5,0.6000,0.5419,0.4485,0.5419,0.0581,本圈台阶完成,1,0.0000,0.150,0.330
1865.505,ROUNDABOUT_APPROACH,5.000,0,2.728,0.8716,0.0000,vision,2.728,,,tracking,0.2231,-0.0536,1,line_center_tracking,0.0057,-0.0072,0.0389,0.0389,0.4392,2,0,0.0000,0,0.0000,0.0462,0.0000,0.0462,0.0235,-0.0536,IDLE,1,0,step_done_latches_cleared,0,0,0.000,0,nan,nan,nan,0.0000,0,nan,nan,0,5,0.6000,0.5419,0.4485,0.5419,0.0581,本圈台阶完成,1,0.0000,0.150,0.330
1865.638,ROUNDABOUT_APPROACH,5.132,0,2.728,0.0000,0.0000,vision,2.728,,,tracking,0.2401,-0.0385,1,line_center_tracking,0.0215,0.0304,-0.0012,-0.0341,0.7281,5,0,0.0000,0,0.0000,0.0316,0.0328,0.0644,-0.0016,-0.0385,IDLE,1,0,step_done_latches_cleared,0,0,0.000,0,nan,nan,nan,0.0000,0,nan,nan,0,5,0.6000,0.5419,0.4485,0.5419,0.0581,本圈台阶完成,1,0.0000,0.150,0.330
1865.772,ROUNDABOUT_APPROACH,5.266,0,2.728,0.8655,0.0000,vision,2.728,,,tracking,0.2406,-0.0276,1,line_center_tracking,0.0155,0.0275,-0.0155,-0.0567,0.8131,6,0,0.0000,0,0.0000,0.0430,0.0412,0.0843,-0.0149,-0.0276,IDLE,1,0,step_done_latches_cleared,0,0,0.000,0,nan,nan,nan,0.0000,0,nan,nan,0,5,0.6000,0.5419,0.4485,0.5419,0.0581,本圈台阶完成,1,0.0000,0.150,0.330
1865.902,ROUNDABOUT_APPROACH,5.397,0,2.728,0.0000,0.0000,vision,2.728,,,tracking,0.2422,-0.0085,1,line_center_tracking,-0.0083,0.0044,-0.0409,-0.0409,0.4518,2,0,0.0000,0,0.0000,0.0453,0.0000,0.0453,-0.0258,-0.0085,IDLE,1,0,step_done_latches_cleared,0,0,0.000,0,nan,nan,nan,0.0000,0,nan,nan,0,5,0.6000,0.5419,0.4485,0.5419,0.0581,本圈台阶完成,1,0.0000,0.150,0.330
1866.034,ROUNDABOUT_APPROACH,5.528,0,2.728,0.0000,0.0000,vision,2.728,,,tracking,0.2399,0.0057,1,line_center_tracking,-0.0182,-0.0017,-0.0607,-0.0901,0.7237,5,0,0.0000,0,0.0000,0.0591,0.0294,0.0885,-0.0508,0.0057,IDLE,1,0,step_done_latches_cleared,0,0,0.000,0,nan,nan,nan,0.0000,0,nan,nan,0,5,0.6000,0.5419,0.4485,0.5419,0.0581,本圈台阶完成,1,0.0000,0.150,0.330
1866.163,ROUNDABOUT_APPROACH,5.657,0,2.728,0.0000,0.0000,vision,2.728,,,tracking,0.2404,0.0158,1,line_center_tracking,-0.0240,-0.0089,-0.0628,-0.0948,0.9015,7,0,0.0000,0,0.0000,0.0539,0.0320,0.0860,-0.0555,0.0158,IDLE,1,0,step_done_latches_cleared,0,0,0.000,0,nan,nan,nan,0.0000,0,nan,nan,0,5,0.6000,0.5419,0.4485,0.5419,0.0581,本圈台阶完成,1,0.0000,0.150,0.330
1866.299,ROUNDABOUT_APPROACH,5.793,0,2.728,0.0000,0.0000,vision,2.728,,,tracking,0.2417,0.0319,1,line_center_tracking,-0.0434,-0.0319,-0.0728,-0.1063,0.6376,4,0,0.0000,0,0.0000,0.0409,0.0334,0.0744,-0.0703,0.0319,IDLE,1,0,step_done_latches_cleared,0,0,0.000,0,nan,nan,nan,0.0000,0,nan,nan,0,5,0.6000,0.5419,0.4485,0.5419,0.0581,本圈台阶完成,1,0.0000,0.150,0.330
1866.431,ROUNDABOUT_APPROACH,5.925,0,2.728,0.0000,0.0000,vision,2.728,,,tracking,0.2392,0.0422,1,line_center_tracking,-0.0486,-0.0399,-0.0711,-0.1080,0.7250,5,0,0.0000,0,0.0000,0.0312,0.0369,0.0681,-0.0730,0.0422,IDLE,1,0,step_done_latches_cleared,0,0,0.000,0,nan,nan,nan,0.0000,0,nan,nan,0,5,0.6000,0.5419,0.4485,0.5419,0.0581,本圈台阶完成,1,0.0000,0.150,0.330
1866.568,ROUNDABOUT_APPROACH,6.062,0,2.728,0.0000,0.0000,vision,2.728,,,tracking,0.2395,0.0407,1,line_center_tracking,-0.0376,-0.0206,-0.0812,-0.1121,0.9009,7,0,0.0000,0,0.0000,0.0606,0.0309,0.0915,-0.0713,0.0407,IDLE,1,0,step_done_latches_cleared,0,0,0.000,0,nan,nan,nan,0.0000,0,nan,nan,0,5,0.6000,0.5419,0.4485,0.5419,0.0581,本圈台阶完成,1,0.0000,0.150,0.330
1866.724,ROUNDABOUT,0.000,0,2.728,0.0000,0.0000,vision,2.728,0.000,0.000,icn_entry_left,0.1900,0.3600,1,line_center_tracking,-0.0421,-0.0315,-0.0694,-0.0980,0.7285,5,0,0.0000,0,0.0000,0.0379,0.0286,0.0665,-0.0663,0.3600,IDLE,1,0,step_done_latches_cleared,0,0,0.000,0,nan,nan,nan,0.0000,0,nan,nan,0,5,0.6000,0.5419,0.4485,0.5419,0.0581,本圈台阶完成,1,0.0000,0.150,0.330
1866.867,ROUNDABOUT,0.143,0,2.728,0.0000,0.0000,vision,2.728,0.143,0.034,icn_entry_left,0.1900,0.3600,1,line_center_tracking,-0.0257,-0.0115,-0.0620,-0.0863,0.8143,6,0,0.0000,0,0.0000,0.0504,0.0243,0.0747,-0.0533,0.3600,IDLE,1,0,step_done_latches_cleared,0,0,0.000,0,nan,nan,nan,0.0000,0,nan,nan,0,5,0.6000,0.5419,0.4485,0.5419,0.0581,本圈台阶完成,1,0.0000,0.150,0.330
1867.004,ROUNDABOUT,0.280,0,2.728,0.0000,0.0000,vision,2.728,0.280,0.078,icn_entry_left,0.1900,0.3600,1,line_center_tracking,0.0057,0.0152,-0.0186,-0.0383,0.7304,5,0,0.0000,0,0.0000,0.0338,0.0197,0.0534,-0.0139,0.3600,IDLE,1,0,step_done_latches_cleared,0,0,0.000,0,nan,nan,nan,0.0000,0,nan,nan,0,5,0.6000,0.5419,0.4485,0.5419,0.0581,本圈台阶完成,1,0.0000,0.150,0.330
1867.151,ROUNDABOUT,0.427,0,2.728,0.0000,0.0000,vision,2.728,0.427,0.120,icn_entry_left,0.1900,0.3600,1,line_center_tracking,0.0773,0.0844,0.0590,0.0270,0.8161,6,0,0.0000,0,0.0000,0.0254,0.0320,0.0574,0.0568,0.3600,IDLE,1,0,step_done_latches_cleared,0,0,0.000,0,nan,nan,nan,0.0000,0,nan,nan,0,5,0.6000,0.5419,0.4485,0.5419,0.0581,本圈台阶完成,1,0.0000,0.150,0.330
1867.280,ROUNDABOUT,0.556,0,2.728,0.0000,0.0000,vision,2.728,0.556,0.155,icn_entry_left,0.1900,0.3600,1,line_center_tracking,0.1398,0.1409,0.1369,0.1243,0.9011,7,0,0.0000,0,0.0000,0.0041,0.0126,0.0167,0.1340,0.3600,IDLE,1,0,step_done_latches_cleared,0,0,0.000,0,nan,nan,nan,0.0000,0,nan,nan,0,5,0.6000,0.5419,0.4485,0.5419,0.0581,本圈台阶完成,1,0.0000,0.150,0.330
1867.415,ROUNDABOUT,0.691,0,2.728,0.0000,0.0000,vision,2.728,0.691,0.199,icn_entry_left,0.1900,0.3600,1,line_center_tracking,0.2435,0.2420,0.2472,0.2440,0.5564,3,0,0.0000,0,0.0000,0.0051,0.0032,0.0019,0.2444,0.3600,IDLE,1,0,step_done_latches_cleared,0,0,0.000,0,nan,nan,nan,0.0000,0,nan,nan,0,5,0.6000,0.5419,0.4485,0.5419,0.0581,本圈台阶完成,1,0.0000,0.150,0.330
1867.552,ROUNDABOUT,0.828,0,2.728,0.0000,0.0000,vision,2.728,0.828,0.238,icn_entry_left,0.1900,0.3600,1,line_center_tracking,0.3102,0.2926,0.3555,0.2638,0.8079,6,0,0.0000,0,0.0000,0.0629,0.0917,0.0289,0.3040,0.3600,IDLE,1,0,step_done_latches_cleared,0,0,0.000,0,nan,nan,nan,0.0000,0,nan,nan,0,5,0.6000,0.5419,0.4485,0.5419,0.0581,本圈台阶完成,1,0.0000,0.150,0.330
1867.683,ROUNDABOUT,0.959,0,2.728,0.0000,0.0000,vision,2.728,0.959,0.273,icn_entry_left,0.1900,0.3600,1,line_center_tracking,0.4491,0.4426,0.4658,0.3855,0.8943,7,0,0.0000,0,0.0043,0.0231,0.0803,0.0571,0.4313,0.3600,IDLE,1,0,step_done_latches_cleared,0,0,0.000,0,nan,nan,nan,0.0000,0,nan,nan,0,5,0.6000,0.5419,0.4485,0.5419,0.0581,本圈台阶完成,1,0.0000,0.150,0.330
1867.816,ROUNDABOUT,1.092,0,2.728,0.0000,0.0000,vision,2.728,1.092,0.308,icn_entry_left,0.1900,0.3600,1,line_hard_turn_centering,0.5752,0.5752,0.5754,0.5097,0.8985,7,0,0.0000,0,0.0043,0.0003,0.0658,0.0655,0.5534,0.3600,IDLE,1,0,step_done_latches_cleared,0,0,0.000,0,nan,nan,nan,0.0000,0,nan,nan,0,5,0.6000,0.5419,0.4485,0.5419,0.0581,本圈台阶完成,1,0.0000,0.150,0.330
1867.961,ROUNDABOUT,1.237,0,2.728,0.0000,0.0000,vision,2.728,1.237,0.348,icn_entry_left,0.1900,0.3600,1,line_hard_turn_centering,0.7212,0.7221,0.7137,0.6331,0.8061,6,0,0.0000,0,0.0043,0.0084,0.0806,0.0890,0.6896,0.3600,IDLE,1,0,step_done_latches_cleared,0,0,0.000,0,nan,nan,nan,0.0000,0,nan,nan,0,5,0.6000,0.5419,0.4485,0.5419,0.0581,本圈台阶完成,1,0.0000,0.150,0.330
1868.103,ROUNDABOUT,1.379,0,2.728,0.0000,0.0000,vision,2.728,1.379,0.378,icn_entry_left,0.1900,0.3600,0,line_too_few_bands,0.0000,0.0000,0.0000,0.0000,0.0000,0,0,0.0000,0,0.0000,0.0000,0.0000,0.0000,0.0000,0.3600,IDLE,1,0,step_done_latches_cleared,0,0,0.000,0,nan,nan,nan,0.0000,0,nan,nan,0,5,0.6000,0.5419,0.4485,0.5419,0.0581,本圈台阶完成,1,0.0000,0.150,0.330
1868.235,ROUNDABOUT,1.511,0,2.728,0.0000,0.0000,vision,2.728,1.511,0.405,icn_entry_left,0.1900,0.3600,0,line_too_few_bands,0.0000,0.0000,0.0000,0.0000,0.0000,0,0,0.0000,0,0.0043,0.0000,0.0000,0.0000,0.0000,0.3600,IDLE,1,0,step_done_latches_cleared,0,0,0.000,0,nan,nan,nan,0.0000,0,nan,nan,0,5,0.6000,0.5419,0.4485,0.5419,0.0581,本圈台阶完成,1,0.0000,0.150,0.330
1868.390,ROUNDABOUT,1.667,0,2.728,0.0000,0.0000,vision,2.728,1.667,0.445,icn_entry_left,0.1900,0.3600,0,line_too_few_bands,0.0000,0.0000,0.0000,0.0000,0.0000,0,0,0.0000,0,0.0086,0.0000,0.0000,0.0000,0.0000,0.3600,IDLE,1,0,step_done_latches_cleared,0,0,0.000,0,nan,nan,nan,0.0000,0,nan,nan,0,5,0.6000,0.5419,0.4485,0.5419,0.0581,本圈台阶完成,1,0.0000,0.150,0.330
1868.527,ROUNDABOUT,1.803,0,2.728,0.0000,0.0000,vision,2.728,1.803,0.476,icn_entry_left,0.1900,0.3600,0,line_too_few_bands,0.0000,0.0000,0.0000,0.0000,0.0000,0,0,0.0000,0,0.1117,0.0000,0.0000,0.0000,0.0000,0.3600,IDLE,1,0,step_done_latches_cleared,0,0,0.000,0,nan,nan,nan,0.0000,0,nan,nan,0,5,0.6000,0.5419,0.4485,0.5419,0.0581,本圈台阶完成,1,0.0000,0.150,0.330
1868.650,ROUNDABOUT,1.926,0,2.728,0.0000,0.0000,vision,2.728,1.926,0.499,icn_entry_left,0.1900,0.3600,0,line_too_few_bands,0.0000,0.0000,0.0000,0.0000,0.0000,0,0,0.0000,0,0.1031,0.0000,0.0000,0.0000,0.0000,0.3600,IDLE,1,0,step_done_latches_cleared,0,0,0.000,0,nan,nan,nan,0.0000,0,nan,nan,0,5,0.6000,0.5419,0.4485,0.5419,0.0581,本圈台阶完成,1,0.0000,0.150,0.330
1868.787,ROUNDABOUT,2.063,0,2.728,0.0000,0.0000,vision,2.728,2.063,0.522,icn_entry_left,0.1900,0.3600,0,line_too_few_bands,0.0000,0.0000,0.0000,0.0000,0.0000,0,0,0.0000,1,1.0000,0.0000,0.0000,0.0000,0.0000,0.3600,IDLE,1,0,step_done_latches_cleared,0,0,0.000,0,nan,nan,nan,0.0000,0,nan,nan,0,5,0.6000,0.5419,0.4485,0.5419,0.0581,本圈台阶完成,1,0.0000,0.150,0.330
1868.927,ROUNDABOUT,2.203,0,2.728,0.0000,0.0000,vision,2.728,2.203,0.545,icn_entry_left,0.1900,0.3600,0,line_too_few_bands,0.0000,0.0000,0.0000,0.0000,0.0000,0,0,0.0000,1,1.0000,0.0000,0.0000,0.0000,0.0000,0.3600,IDLE,1,0,step_done_latches_cleared,0,0,0.000,0,nan,nan,nan,0.0000,0,nan,nan,0,5,0.6000,0.5419,0.4485,0.5419,0.0581,本圈台阶完成,1,0.0000,0.150,0.330
1869.060,ROUNDABOUT,2.336,0,2.728,0.0000,0.0000,vision,2.728,2.336,0.561,icn_entry_left,0.1900,0.3600,0,line_too_few_bands,0.0000,0.0000,0.0000,0.0000,0.0000,0,0,0.0000,1,1.0000,0.0000,0.0000,0.0000,0.0000,0.3600,IDLE,1,0,step_done_latches_cleared,0,0,0.000,0,nan,nan,nan,0.0000,0,nan,nan,0,5,0.6000,0.5419,0.4485,0.5419,0.0581,本圈台阶完成,1,0.0000,0.150,0.330
1869.194,ROUNDABOUT,2.470,0,2.728,0.0000,0.0000,vision,2.728,2.470,0.577,icn_entry_left,0.1900,0.3600,0,line_too_few_bands,0.0000,0.0000,0.0000,0.0000,0.0000,0,0,0.0000,1,1.0000,0.0000,0.0000,0.0000,0.0000,0.3600,IDLE,1,0,step_done_latches_cleared,0,0,0.000,0,nan,nan,nan,0.0000,0,nan,nan,0,5,0.6000,0.5419,0.4485,0.5419,0.0581,本圈台阶完成,1,0.0000,0.150,0.330
1869.337,ROUNDABOUT,2.613,0,2.728,0.0000,0.0000,vision,2.728,2.613,0.594,icn_entry_left,0.1900,0.3600,0,line_too_few_bands,0.0000,0.0000,0.0000,0.0000,0.0000,0,0,0.0000,1,1.0000,0.0000,0.0000,0.0000,0.0000,0.3600,IDLE,1,0,step_done_latches_cleared,0,0,0.000,0,nan,nan,nan,0.0000,0,nan,nan,0,5,0.6000,0.5419,0.4485,0.5419,0.0581,本圈台阶完成,1,0.0000,0.150,0.330
1869.475,ROUNDABOUT,2.751,0,2.728,0.0000,0.0000,vision,2.728,2.751,0.606,icn_entry_left,0.1900,0.3600,0,line_too_few_bands,0.0000,0.0000,0.0000,0.0000,0.0000,0,0,0.0000,1,1.0000,0.0000,0.0000,0.0000,0.0000,0.3600,IDLE,1,0,step_done_latches_cleared,0,0,0.000,0,nan,nan,nan,0.0000,0,nan,nan,0,5,0.6000,0.5419,0.4485,0.5419,0.0581,本圈台阶完成,1,0.0000,0.150,0.330
1869.603,ROUNDABOUT,2.879,0,2.728,0.0000,0.0000,vision,2.728,2.879,0.618,icn_entry_left,0.1900,0.3600,0,line_too_few_bands,0.0000,0.0000,0.0000,0.0000,0.0000,0,0,0.0000,1,1.0000,0.0000,0.0000,0.0000,0.0000,0.3600,IDLE,1,0,step_done_latches_cleared,0,0,0.000,0,nan,nan,nan,0.0000,0,nan,nan,0,5,0.6000,0.5419,0.4485,0.5419,0.0581,本圈台阶完成,1,0.0000,0.150,0.330
1869.729,ROUNDABOUT,3.005,0,2.728,0.0000,0.0000,vision,2.728,3.005,0.625,icn_entry_left,0.1900,0.3600,0,line_too_few_bands,0.0000,0.0000,0.0000,0.0000,0.0000,0,0,0.0000,1,1.0000,0.0000,0.0000,0.0000,0.0000,0.3600,IDLE,1,0,step_done_latches_cleared,0,0,0.000,0,nan,nan,nan,0.0000,0,nan,nan,0,5,0.6000,0.5419,0.4485,0.5419,0.0581,本圈台阶完成,1,0.0000,0.150,0.330
1869.858,ROUNDABOUT,3.134,0,2.728,0.0000,0.0000,vision,2.728,3.134,0.634,icn_entry_left,0.1900,0.3600,0,line_too_few_bands,0.0000,0.0000,0.0000,0.0000,0.0000,0,0,0.0000,1,1.0000,0.0000,0.0000,0.0000,0.0000,0.3600,IDLE,1,0,step_done_latches_cleared,0,0,0.000,0,nan,nan,nan,0.0000,0,nan,nan,0,5,0.6000,0.5419,0.4485,0.5419,0.0581,本圈台阶完成,1,0.0000,0.150,0.330
1869.998,ROUNDABOUT,3.274,0,2.728,0.0000,0.0000,vision,2.728,3.274,0.646,icn_entry_left,0.1900,0.3600,0,line_too_few_bands,0.0000,0.0000,0.0000,0.0000,0.0000,0,0,0.0000,1,1.0000,0.0000,0.0000,0.0000,0.0000,0.3600,IDLE,1,0,step_done_latches_cleared,0,0,0.000,0,nan,nan,nan,0.0000,0,nan,nan,0,5,0.6000,0.5419,0.4485,0.5419,0.0581,本圈台阶完成,1,0.0000,0.150,0.330
1870.189,ROUNDABOUT,3.465,0,2.728,0.0000,0.0000,vision,2.728,3.465,0.661,icn_entry_left,0.1900,0.3600,0,line_too_few_bands,0.0000,0.0000,0.0000,0.0000,0.0000,0,0,0.0000,1,1.0000,0.0000,0.0000,0.0000,0.0000,0.3600,IDLE,1,0,step_done_latches_cleared,0,0,0.000,0,nan,nan,nan,0.0000,0,nan,nan,0,5,0.6000,0.5419,0.4485,0.5419,0.0581,本圈台阶完成,1,0.0000,0.150,0.330
1870.318,ROUNDABOUT,3.594,0,2.728,0.0000,0.0000,vision,2.728,3.594,0.672,icn_entry_left,0.1900,0.3600,0,line_too_few_bands,0.0000,0.0000,0.0000,0.0000,0.0000,0,0,0.0000,1,0.8040,0.0000,0.0000,0.0000,0.0000,0.3600,IDLE,1,0,step_done_latches_cleared,0,0,0.000,0,nan,nan,nan,0.0000,0,nan,nan,0,5,0.6000,0.5419,0.4485,0.5419,0.0581,本圈台阶完成,1,0.0000,0.150,0.330
1870.448,ROUNDABOUT,3.724,0,2.728,0.0000,0.0000,vision,2.728,3.724,0.687,icn_entry_left,0.1900,0.3600,0,line_too_few_bands,0.0000,0.0000,0.0000,0.0000,0.0000,0,0,0.0000,1,0.6341,0.0000,0.0000,0.0000,0.0000,0.3600,IDLE,1,0,step_done_latches_cleared,0,0,0.000,0,nan,nan,nan,0.0000,0,nan,nan,0,5,0.6000,0.5419,0.4485,0.5419,0.0581,本圈台阶完成,1,0.0000,0.150,0.330
1870.578,ROUNDABOUT,3.854,0,2.728,0.0000,0.0000,vision,2.728,3.854,0.700,icn_entry_left,0.1900,0.3600,0,line_too_few_bands,0.0000,0.0000,0.0000,0.0000,0.0000,0,0,0.0000,0,0.4700,0.0000,0.0000,0.0000,0.0000,0.3600,IDLE,1,0,step_done_latches_cleared,0,0,0.000,0,nan,nan,nan,0.0000,0,nan,nan,0,5,0.6000,0.5419,0.4485,0.5419,0.0581,本圈台阶完成,1,0.0000,0.150,0.330
1870.717,ROUNDABOUT,3.993,0,2.728,0.0000,0.0000,vision,2.728,3.993,0.714,icn_entry_left,0.1900,0.3600,0,line_too_few_bands,0.0000,0.0000,0.0000,0.0000,0.0000,0,0,0.0000,0,0.3008,0.0000,0.0000,0.0000,0.0000,0.3600,IDLE,1,0,step_done_latches_cleared,0,0,0.000,0,nan,nan,nan,0.0000,0,nan,nan,0,5,0.6000,0.5419,0.4485,0.5419,0.0581,本圈台阶完成,1,0.0000,0.150,0.330
1870.855,ROUNDABOUT,4.131,0,2.728,0.0000,0.0000,vision,2.728,4.131,0.733,icn_entry_left,0.1900,0.3600,0,line_too_few_bands,0.0000,0.0000,0.0000,0.0000,0.0000,0,0,0.0000,0,0.1160,0.0000,0.0000,0.0000,0.0000,0.3600,IDLE,1,0,step_done_latches_cleared,0,0,0.000,0,nan,nan,nan,0.0000,0,nan,nan,0,5,0.6000,0.5419,0.4485,0.5419,0.0581,本圈台阶完成,1,0.0000,0.150,0.330
1870.996,ROUNDABOUT,4.272,0,2.728,0.0000,0.0000,vision,2.728,4.272,0.749,icn_entry_left,0.1900,0.3600,0,line_too_few_bands,0.0000,0.0000,0.0000,0.0000,0.0000,0,0,0.0000,0,0.0430,0.0000,0.0000,0.0000,0.0000,0.3600,IDLE,1,0,step_done_latches_cleared,0,0,0.000,0,nan,nan,nan,0.0000,0,nan,nan,0,5,0.6000,0.5419,0.4485,0.5419,0.0581,本圈台阶完成,1,0.0000,0.150,0.330
1871.127,ROUNDABOUT,4.403,0,2.728,0.0000,0.0000,vision,2.728,4.403,0.770,icn_entry_left,0.1900,0.3600,0,line_too_few_bands,0.0000,0.0000,0.0000,0.0000,0.0000,0,0,0.0000,0,0.0945,0.0000,0.0000,0.0000,0.0000,0.3600,IDLE,1,0,step_done_latches_cleared,0,0,0.000,0,nan,nan,nan,0.0000,0,nan,nan,0,5,0.6000,0.5419,0.4485,0.5419,0.0581,本圈台阶完成,1,0.0000,0.150,0.330
1871.260,ROUNDABOUT,4.536,0,2.728,0.0000,0.0000,vision,2.728,4.536,0.788,icn_entry_left,0.1900,0.3600,0,line_too_few_bands,0.0000,0.0000,0.0000,0.0000,0.0000,0,0,0.0000,0,0.0387,0.0000,0.0000,0.0000,0.0000,0.3600,IDLE,1,0,step_done_latches_cleared,0,0,0.000,0,nan,nan,nan,0.0000,0,nan,nan,0,5,0.6000,0.5419,0.4485,0.5419,0.0581,本圈台阶完成,1,0.0000,0.150,0.330
1871.386,ROUNDABOUT,4.662,0,2.728,0.0000,0.0000,vision,2.728,4.662,0.807,icn_entry_left,0.1900,0.3600,0,line_too_few_bands,0.0000,0.0000,0.0000,0.0000,0.0000,0,0,0.0000,0,0.0559,0.0000,0.0000,0.0000,0.0000,0.3600,IDLE,1,0,step_done_latches_cleared,0,0,0.000,0,nan,nan,nan,0.0000,0,nan,nan,0,5,0.6000,0.5419,0.4485,0.5419,0.0581,本圈台阶完成,1,0.0000,0.150,0.330
1871.530,ROUNDABOUT,4.807,0,2.728,0.0000,0.0000,vision,2.728,4.807,0.829,icn_entry_left,0.1900,0.3600,0,line_too_few_bands,0.0000,0.0000,0.0000,0.0000,0.0000,0,0,0.0000,0,0.0043,0.0000,0.0000,0.0000,0.0000,0.3600,IDLE,1,0,step_done_latches_cleared,0,0,0.000,0,nan,nan,nan,0.0000,0,nan,nan,0,5,0.6000,0.5419,0.4485,0.5419,0.0581,本圈台阶完成,1,0.0000,0.150,0.330
1871.675,ROUNDABOUT,4.951,0,2.728,0.0000,0.0000,vision,2.728,4.951,0.851,icn_entry_left,0.1900,0.3600,0,line_too_few_bands,0.0000,0.0000,0.0000,0.0000,0.0000,0,0,0.0000,0,0.0086,0.0000,0.0000,0.0000,0.0000,0.3600,IDLE,1,0,step_done_latches_cleared,0,0,0.000,0,nan,nan,nan,0.0000,0,nan,nan,0,5,0.6000,0.5419,0.4485,0.5419,0.0581,本圈台阶完成,1,0.0000,0.150,0.330
1871.819,ROUNDABOUT,5.095,0,2.728,0.0000,0.0000,vision,2.728,5.095,0.870,icn_entry_left,0.1900,0.3600,0,line_too_few_bands,0.0000,0.0000,0.0000,0.0000,0.0000,0,0,0.0000,0,0.0258,0.0000,0.0000,0.0000,0.0000,0.3600,IDLE,1,0,step_done_latches_cleared,0,0,0.000,0,nan,nan,nan,0.0000,0,nan,nan,0,5,0.6000,0.5419,0.4485,0.5419,0.0581,本圈台阶完成,1,0.0000,0.150,0.330
1871.941,ROUNDABOUT,5.217,0,2.728,0.0000,0.0000,vision,2.728,5.217,0.889,icn_entry_left,0.1900,0.3600,0,line_too_few_bands,0.0000,0.0000,0.0000,0.0000,0.0000,0,0,0.0000,0,0.0258,0.0000,0.0000,0.0000,0.0000,0.3600,IDLE,1,0,step_done_latches_cleared,0,0,0.000,0,nan,nan,nan,0.0000,0,nan,nan,0,5,0.6000,0.5419,0.4485,0.5419,0.0581,本圈台阶完成,1,0.0000,0.150,0.330
1872.076,ROUNDABOUT,5.352,0,2.728,0.0000,0.0000,vision,2.728,5.352,0.906,icn_entry_left,0.1900,0.3600,0,line_too_few_bands,0.0000,0.0000,0.0000,0.0000,0.0000,0,0,0.0000,0,0.0086,0.0000,0.0000,0.0000,0.0000,0.3600,IDLE,1,0,step_done_latches_cleared,0,0,0.000,0,nan,nan,nan,0.0000,0,nan,nan,0,5,0.6000,0.5419,0.4485,0.5419,0.0581,本圈台阶完成,1,0.0000,0.150,0.330
1872.210,ROUNDABOUT,5.486,0,2.728,0.0000,0.0000,vision,2.728,5.486,0.927,icn_entry_left,0.1900,0.3600,0,line_too_few_bands,0.0000,0.0000,0.0000,0.0000,0.0000,0,0,0.0000,0,0.0258,0.0000,0.0000,0.0000,0.0000,0.3600,IDLE,1,0,step_done_latches_cleared,0,0,0.000,0,nan,nan,nan,0.0000,0,nan,nan,0,5,0.6000,0.5419,0.4485,0.5419,0.0581,本圈台阶完成,1,0.0000,0.150,0.330
1872.344,ROUNDABOUT,5.620,0,2.728,0.0000,0.0000,vision,2.728,5.620,0.949,icn_entry_left,0.1900,0.3600,0,line_too_few_bands,0.0000,0.0000,0.0000,0.0000,0.0000,0,0,0.0000,0,0.0086,0.0000,0.0000,0.0000,0.0000,0.3600,IDLE,1,0,step_done_latches_cleared,0,0,0.000,0,nan,nan,nan,0.0000,0,nan,nan,0,5,0.6000,0.5419,0.4485,0.5419,0.0581,本圈台阶完成,1,0.0000,0.150,0.330
1872.478,ROUNDABOUT,5.754,0,2.728,0.0000,0.0000,vision,2.728,5.754,0.963,icn_entry_left,0.1900,0.3600,0,line_too_few_bands,0.0000,0.0000,0.0000,0.0000,0.0000,0,0,0.0000,0,0.0043,0.0000,0.0000,0.0000,0.0000,0.3600,IDLE,1,0,step_done_latches_cleared,0,0,0.000,0,nan,nan,nan,0.0000,0,nan,nan,0,5,0.6000,0.5419,0.4485,0.5419,0.0581,本圈台阶完成,1,0.0000,0.150,0.330
1872.615,ROUNDABOUT,5.891,0,2.728,0.0000,0.0000,vision,2.728,5.891,0.987,icn_entry_left,0.1900,0.3600,0,line_too_few_bands,0.0000,0.0000,0.0000,0.0000,0.0000,0,0,0.0000,0,0.0430,0.0000,0.0000,0.0000,0.0000,0.3600,IDLE,1,0,step_done_latches_cleared,0,0,0.000,0,nan,nan,nan,0.0000,0,nan,nan,0,5,0.6000,0.5419,0.4485,0.5419,0.0581,本圈台阶完成,1,0.0000,0.150,0.330
1872.749,ROUNDABOUT_FOLLOW,0.000,0,2.728,0.0000,0.0000,vision,2.728,,,roundabout_blue_guard_left,0.1393,0.3000,0,line_too_few_bands,0.0000,0.0000,0.0000,0.0000,0.0000,0,0,0.0000,0,0.0258,0.0000,0.0000,0.0000,0.0000,0.3000,IDLE,1,0,step_done_latches_cleared,0,0,0.000,0,nan,nan,nan,0.0000,0,nan,nan,0,5,0.6000,0.5419,0.4485,0.5419,0.0581,本圈台阶完成,1,0.0000,0.150,0.330
1872.876,ROUNDABOUT_FOLLOW,0.127,0,2.728,0.0000,0.0000,vision,2.728,,,roundabout_blue_guard_left,0.0912,0.3000,0,line_too_few_bands,0.0000,0.0000,0.0000,0.0000,0.0000,0,0,0.0000,0,0.1117,0.0000,0.0000,0.0000,0.0000,0.3000,IDLE,1,0,step_done_latches_cleared,0,0,0.000,0,nan,nan,nan,0.0000,0,nan,nan,0,5,0.6000,0.5419,0.4485,0.5419,0.0581,本圈台阶完成,1,0.0000,0.150,0.330
1873.004,ROUNDABOUT_FOLLOW,0.255,0,2.728,0.0000,0.0000,vision,2.728,,,roundabout_blue_guard_left,0.0450,0.3000,0,line_too_few_bands,0.0000,0.0000,0.0000,0.0000,0.0000,0,0,0.0000,0,0.0945,0.0000,0.0000,0.0000,0.0000,0.3000,IDLE,1,0,step_done_latches_cleared,0,0,0.000,0,nan,nan,nan,0.0000,0,nan,nan,0,5,0.6000,0.5419,0.4485,0.5419,0.0581,本圈台阶完成,1,0.0000,0.150,0.330
1873.130,ROUNDABOUT_FOLLOW,0.380,0,2.728,0.0000,0.0000,vision,2.728,,,roundabout_blue_guard_left,0.0450,0.3000,0,line_too_few_bands,0.0000,0.0000,0.0000,0.0000,0.0000,0,0,0.0000,0,0.1891,0.0000,0.0000,0.0000,0.0000,0.3000,IDLE,1,0,step_done_latches_cleared,0,0,0.000,0,nan,nan,nan,0.0000,0,nan,nan,0,5,0.6000,0.5419,0.4485,0.5419,0.0581,本圈台阶完成,1,0.0000,0.150,0.330
1873.254,ROUNDABOUT_FOLLOW,0.504,0,2.728,0.0000,0.0000,vision,2.728,,,roundabout_blue_guard_left,0.0450,0.3000,0,line_too_few_bands,0.0000,0.0000,0.0000,0.0000,0.0000,0,0,0.0000,1,0.6184,0.0000,0.0000,0.0000,0.0000,0.3000,IDLE,1,0,step_done_latches_cleared,0,0,0.000,0,nan,nan,nan,0.0000,0,nan,nan,0,5,0.6000,0.5419,0.4485,0.5419,0.0581,本圈台阶完成,1,0.0000,0.150,0.330
1873.385,ROUNDABOUT_FOLLOW,0.636,0,2.728,0.0000,0.0000,vision,2.728,,,roundabout_blue_guard_left,0.0450,0.3000,0,line_too_few_bands,0.0000,0.0000,0.0000,0.0000,0.0000,0,0,0.0000,1,0.9059,0.0000,0.0000,0.0000,0.0000,0.3000,IDLE,1,0,step_done_latches_cleared,0,0,0.000,0,nan,nan,nan,0.0000,0,nan,nan,0,5,0.6000,0.5419,0.4485,0.5419,0.0581,本圈台阶完成,1,0.0000,0.150,0.330
1873.515,ROUNDABOUT_FOLLOW,0.765,0,2.728,0.0000,0.0000,vision,2.728,,,roundabout_blue_guard_left,0.0450,0.3000,0,line_too_few_bands,0.0000,0.0000,0.0000,0.0000,0.0000,0,0,0.0000,1,0.6915,0.0000,0.0000,0.0000,0.0000,0.3000,IDLE,1,0,step_done_latches_cleared,0,0,0.000,0,nan,nan,nan,0.0000,0,nan,nan,0,5,0.6000,0.5419,0.4485,0.5419,0.0581,本圈台阶完成,1,0.0000,0.150,0.330
1873.651,ROUNDABOUT_FOLLOW,0.902,0,2.728,0.0000,0.0000,vision,2.728,,,roundabout_blue_guard_left,0.0450,0.3000,0,line_too_few_bands,0.0000,0.0000,0.0000,0.0000,0.0000,0,0,0.0000,1,0.6950,0.0000,0.0000,0.0000,0.0000,0.3000,IDLE,1,0,step_done_latches_cleared,0,0,0.000,0,nan,nan,nan,0.0000,0,nan,nan,0,5,0.6000,0.5419,0.4485,0.5419,0.0581,本圈台阶完成,1,0.0000,0.150,0.330
1873.782,ROUNDABOUT_FOLLOW,1.033,0,2.728,0.0000,0.0000,vision,2.728,,,roundabout_blue_guard_left,0.0450,0.3000,0,line_too_few_bands,0.0000,0.0000,0.0000,0.0000,0.0000,0,0,0.0000,1,0.6563,0.0000,0.0000,0.0000,0.0000,0.3000,IDLE,1,0,step_done_latches_cleared,0,0,0.000,0,nan,nan,nan,0.0000,0,nan,nan,0,5,0.6000,0.5419,0.4485,0.5419,0.0581,本圈台阶完成,1,0.0000,0.150,0.330
1873.906,ROUNDABOUT_FOLLOW,1.156,0,2.728,0.0000,0.0000,vision,2.728,,,roundabout_blue_guard_left,0.0450,0.3000,0,line_too_few_bands,0.0000,0.0000,0.0000,0.0000,0.0000,0,0,0.0000,1,0.7208,0.0000,0.0000,0.0000,0.0000,0.3000,IDLE,1,0,step_done_latches_cleared,0,0,0.000,0,nan,nan,nan,0.0000,0,nan,nan,0,5,0.6000,0.5419,0.4485,0.5419,0.0581,本圈台阶完成,1,0.0000,0.150,0.330
1874.036,ROUNDABOUT_FOLLOW,1.286,0,2.728,0.0000,0.0000,vision,2.728,,,roundabout_blue_guard_left,0.0450,0.3000,0,line_too_few_bands,0.0000,0.0000,0.0000,0.0000,0.0000,0,0,0.0000,1,0.6985,0.0000,0.0000,0.0000,0.0000,0.3000,IDLE,1,0,step_done_latches_cleared,0,0,0.000,0,nan,nan,nan,0.0000,0,nan,nan,0,5,0.6000,0.5419,0.4485,0.5419,0.0581,本圈台阶完成,1,0.0000,0.150,0.330
1874.172,ROUNDABOUT_FOLLOW,1.422,0,2.728,0.0000,0.0000,vision,2.728,,,roundabout_blue_guard_left,0.0450,0.3000,0,line_too_few_bands,0.0000,0.0000,0.0000,0.0000,0.0000,0,0,0.0000,0,0.3094,0.0000,0.0000,0.0000,0.0000,0.3000,IDLE,1,0,step_done_latches_cleared,0,0,0.000,0,nan,nan,nan,0.0000,0,nan,nan,0,5,0.6000,0.5419,0.4485,0.5419,0.0581,本圈台阶完成,1,0.0000,0.150,0.330
1874.304,ROUNDABOUT_FOLLOW,1.555,0,2.728,0.0000,0.0000,vision,2.728,,,roundabout_blue_guard_left,0.0450,0.3000,0,line_too_few_bands,0.0000,0.0000,0.0000,0.0000,0.0000,0,0,0.0000,0,0.2922,0.0000,0.0000,0.0000,0.0000,0.3000,IDLE,1,0,step_done_latches_cleared,0,0,0.000,0,nan,nan,nan,0.0000,0,nan,nan,0,5,0.6000,0.5419,0.4485,0.5419,0.0581,本圈台阶完成,1,0.0000,0.150,0.330
1874.436,ROUNDABOUT_FOLLOW,1.687,0,2.728,0.0000,0.0000,vision,2.728,,,roundabout_blue_guard_left,0.0450,0.3000,0,line_too_few_bands,0.0000,0.0000,0.0000,0.0000,0.0000,0,0,0.0000,1,0.9247,0.0000,0.0000,0.0000,0.0000,0.3000,IDLE,1,0,step_done_latches_cleared,0,0,0.000,0,nan,nan,nan,0.0000,0,nan,nan,0,5,0.6000,0.5419,0.4485,0.5419,0.0581,本圈台阶完成,1,0.0000,0.150,0.330
1874.574,ROUNDABOUT_FOLLOW,1.824,0,2.728,0.0000,0.0000,vision,2.728,,,roundabout_blue_guard_left,0.0450,0.3000,0,line_too_few_bands,0.0000,0.0000,0.0000,0.0000,0.0000,0,0,0.0000,1,1.0000,0.0000,0.0000,0.0000,0.0000,0.3000,IDLE,1,0,step_done_latches_cleared,0,0,0.000,0,nan,nan,nan,0.0000,0,nan,nan,0,5,0.6000,0.5419,0.4485,0.5419,0.0581,本圈台阶完成,1,0.0000,0.150,0.330
1874.703,ROUNDABOUT_FOLLOW,1.954,0,2.728,0.0000,0.0000,vision,2.728,,,roundabout_blue_guard_left,0.0450,0.3000,0,line_too_few_bands,0.0000,0.0000,0.0000,0.0000,0.0000,0,0,0.0000,1,1.0000,0.0000,0.0000,0.0000,0.0000,0.3000,IDLE,1,0,step_done_latches_cleared,0,0,0.000,0,nan,nan,nan,0.0000,0,nan,nan,0,5,0.6000,0.5419,0.4485,0.5419,0.0581,本圈台阶完成,1,0.0000,0.150,0.330
1874.837,ROUNDABOUT_FOLLOW,2.087,0,2.728,0.6000,0.0000,vision,2.728,,,roundabout_follow_left_locked,0.0957,0.0378,1,line_center_tracking,-0.0350,-0.0350,-0.0350,-0.0350,0.2375,1,0,0.0000,1,1.0000,0.0000,0.0000,0.0000,-0.0350,0.0378,IDLE,1,0,step_done_latches_cleared,0,0,0.000,0,nan,nan,nan,0.0000,0,nan,nan,0,5,0.6000,0.5419,0.4485,0.5419,0.0581,本圈台阶完成,1,0.0000,0.150,0.330
1874.977,ROUNDABOUT_FOLLOW,2.227,0,2.728,0.0000,0.0000,vision,2.728,,,roundabout_follow_left_locked,0.1463,0.0620,1,line_center_tracking,-0.0767,-0.0767,-0.0767,-0.0767,0.2375,1,0,0.0000,1,1.0000,0.0000,0.0000,0.0000,-0.0767,0.0620,IDLE,1,0,step_done_latches_cleared,0,0,0.000,0,nan,nan,nan,0.0000,0,nan,nan,0,5,0.6000,0.5419,0.4485,0.5419,0.0581,本圈台阶完成,1,0.0000,0.150,0.330
1875.108,ROUNDABOUT_FOLLOW,2.358,0,2.728,0.6000,0.0000,vision,2.728,,,roundabout_blind_arc_recovery,0.1000,0.1600,0,line_too_few_bands,0.0000,0.0000,0.0000,0.0000,0.0000,0,0,0.0000,1,1.0000,0.0000,0.0000,0.0000,0.0000,0.1600,IDLE,1,0,step_done_latches_cleared,0,0,0.000,0,nan,nan,nan,0.0000,0,nan,nan,0,5,0.6000,0.5419,0.4485,0.5419,0.0581,本圈台阶完成,1,0.0000,0.150,0.330
1875.235,ROUNDABOUT_FOLLOW,2.486,0,2.728,0.6000,0.0000,vision,2.728,,,roundabout_blind_arc_recovery,0.1000,0.1600,0,line_too_few_bands,0.0000,0.0000,0.0000,0.0000,0.0000,0,0,0.0000,1,1.0000,0.0000,0.0000,0.0000,0.0000,0.1600,IDLE,1,0,step_done_latches_cleared,0,0,0.000,0,nan,nan,nan,0.0000,0,nan,nan,0,5,0.6000,0.5419,0.4485,0.5419,0.0581,本圈台阶完成,1,0.0000,0.150,0.330
1875.361,ROUNDABOUT_FOLLOW,2.612,0,2.728,0.8000,0.0000,vision,2.728,,,roundabout_blind_arc_recovery,0.1000,0.1600,0,line_too_few_bands,0.0000,0.0000,0.0000,0.0000,0.0000,0,0,0.0000,1,1.0000,0.0000,0.0000,0.0000,0.0000,0.1600,IDLE,1,0,step_done_latches_cleared,0,0,0.000,0,nan,nan,nan,0.0000,0,nan,nan,0,5,0.6000,0.5419,0.4485,0.5419,0.0581,本圈台阶完成,1,0.0000,0.150,0.330
1875.518,ROUNDABOUT_FOLLOW,2.769,0,2.728,0.8000,0.0000,vision,2.728,,,roundabout_blind_arc_recovery,0.1000,0.1600,0,line_too_few_bands,0.0000,0.0000,0.0000,0.0000,0.0000,0,0,0.0000,0,0.1762,0.0000,0.0000,0.0000,0.0000,0.1600,IDLE,1,0,step_done_latches_cleared,0,0,0.000,0,nan,nan,nan,0.0000,0,nan,nan,0,5,0.6000,0.5419,0.4485,0.5419,0.0581,本圈台阶完成,1,0.0000,0.150,0.330
1875.655,ROUNDABOUT_FOLLOW,2.905,0,2.728,0.8000,0.0000,vision,2.728,,,roundabout_blind_arc_recovery,0.1000,0.1600,0,line_too_few_bands,0.0000,0.0000,0.0000,0.0000,0.0000,0,0,0.0000,0,0.1891,0.0000,0.0000,0.0000,0.0000,0.1600,IDLE,1,0,step_done_latches_cleared,0,0,0.000,0,nan,nan,nan,0.0000,0,nan,nan,0,5,0.6000,0.5419,0.4485,0.5419,0.0581,本圈台阶完成,1,0.0000,0.150,0.330
1875.789,ROUNDABOUT_FOLLOW,3.039,0,2.728,0.8000,0.0000,vision,2.728,,,roundabout_blind_arc_recovery,0.1000,0.1600,0,line_too_few_bands,0.0000,0.0000,0.0000,0.0000,0.0000,0,0,0.0000,0,0.2879,0.0000,0.0000,0.0000,0.0000,0.1600,IDLE,1,0,step_done_latches_cleared,0,0,0.000,0,nan,nan,nan,0.0000,0,nan,nan,0,5,0.6000,0.5419,0.4485,0.5419,0.0581,本圈台阶完成,1,0.0000,0.150,0.330
1875.924,ROUNDABOUT_FOLLOW,3.174,0,2.728,0.8000,0.0000,vision,2.728,,,roundabout_blind_arc_recovery,0.1000,0.1600,0,line_too_few_bands,0.0000,0.0000,0.0000,0.0000,0.0000,0,0,0.0000,0,0.0258,0.0000,0.0000,0.0000,0.0000,0.1600,IDLE,1,0,step_done_latches_cleared,0,0,0.000,0,nan,nan,nan,0.0000,0,nan,nan,0,5,0.6000,0.5419,0.4485,0.5419,0.0581,本圈台阶完成,1,0.0000,0.150,0.330
1876.057,ROUNDABOUT_FOLLOW,3.308,0,2.728,0.8000,0.0000,vision,2.728,,,roundabout_blind_arc_recovery,0.1000,0.1600,0,line_too_few_bands,0.0000,0.0000,0.0000,0.0000,0.0000,0,0,0.0000,0,0.0387,0.0000,0.0000,0.0000,0.0000,0.1600,IDLE,1,0,step_done_latches_cleared,0,0,0.000,0,nan,nan,nan,0.0000,0,nan,nan,0,5,0.6000,0.5419,0.4485,0.5419,0.0581,本圈台阶完成,1,0.0000,0.150,0.330
1876.186,ROUNDABOUT_FOLLOW,3.436,0,2.728,0.8000,0.0000,vision,2.728,,,roundabout_follow_left_locked,0.1489,-0.0400,1,line_center_tracking,0.2121,0.1511,0.3690,0.3690,0.3629,2,0,0.0000,0,0.0559,0.2180,0.0000,0.2180,0.2964,-0.0400,IDLE,1,0,step_done_latches_cleared,0,0,0.000,0,nan,nan,nan,0.0000,0,nan,nan,0,5,0.6000,0.5419,0.4485,0.5419,0.0581,本圈台阶完成,1,0.0000,0.150,0.330
1876.321,ROUNDABOUT_FOLLOW,3.572,0,2.728,0.8000,0.0000,vision,2.728,,,roundabout_follow_left_locked,0.1995,-0.0400,1,line_center_tracking,0.1711,0.1711,0.1711,0.1711,0.2375,1,0,0.0000,0,0.0258,0.0000,0.0000,0.0000,0.1711,-0.0400,IDLE,1,0,step_done_latches_cleared,0,0,0.000,0,nan,nan,nan,0.0000,0,nan,nan,0,5,0.6000,0.5419,0.4485,0.5419,0.0581,本圈台阶完成,1,0.0000,0.150,0.330
1876.456,ROUNDABOUT_FOLLOW,3.706,0,2.728,0.6000,0.0000,vision,2.728,,,roundabout_blind_arc_recovery,0.1489,0.1600,0,line_too_few_bands,0.0000,0.0000,0.0000,0.0000,0.0000,0,0,0.0000,0,0.0602,0.0000,0.0000,0.0000,0.0000,0.1600,IDLE,1,0,step_done_latches_cleared,0,0,0.000,0,nan,nan,nan,0.0000,0,nan,nan,0,5,0.6000,0.5419,0.4485,0.5419,0.0581,本圈台阶完成,1,0.0000,0.150,0.330
1876.589,ROUNDABOUT_FOLLOW,3.840,0,2.728,0.6000,0.0000,vision,2.728,,,roundabout_follow_left_locked,0.1990,-0.0400,1,line_center_tracking,0.2621,0.2621,0.2621,0.2621,0.2375,1,0,0.0000,0,0.0602,0.0000,0.0000,0.0000,0.2621,-0.0400,IDLE,1,0,step_done_latches_cleared,0,0,0.000,0,nan,nan,nan,0.0000,0,nan,nan,0,5,0.6000,0.5419,0.4485,0.5419,0.0581,本圈台阶完成,1,0.0000,0.150,0.330
1876.719,ROUNDABOUT_FOLLOW,3.970,0,2.728,0.4000,0.0000,vision,2.728,,,roundabout_follow_left_locked,0.1980,-0.0400,1,line_center_tracking,0.2564,0.2677,0.2273,0.2273,0.4542,2,0,0.0000,0,0.0387,0.0404,0.0000,0.0404,0.2408,-0.0400,IDLE,1,0,step_done_latches_cleared,0,0,0.000,0,nan,nan,nan,0.0000,0,nan,nan,0,5,0.6000,0.5419,0.4485,0.5419,0.0581,本圈台阶完成,1,0.0000,0.150,0.330
1876.856,ROUNDABOUT_FOLLOW,4.106,0,2.728,0.4000,0.0000,vision,2.728,,,roundabout_follow_left_locked,0.1878,-0.0400,1,line_center_tracking,0.3200,0.3200,0.3200,0.3200,0.2375,1,0,0.0000,0,0.0043,0.0000,0.0000,0.0000,0.3200,-0.0400,IDLE,1,0,step_done_latches_cleared,0,0,0.000,0,nan,nan,nan,0.0000,0,nan,nan,0,5,0.6000,0.5419,0.4485,0.5419,0.0581,本圈台阶完成,1,0.0000,0.150,0.330
1876.985,ROUNDABOUT_FOLLOW,4.235,0,2.728,0.4000,0.0000,vision,2.728,,,roundabout_follow_left_locked,0.1849,-0.0400,1,line_center_tracking,0.3350,0.3350,0.3350,0.3350,0.2375,1,0,0.0000,0,0.0043,0.0000,0.0000,0.0000,0.3350,-0.0400,IDLE,1,0,step_done_latches_cleared,0,0,0.000,0,nan,nan,nan,0.0000,0,nan,nan,0,5,0.6000,0.5419,0.4485,0.5419,0.0581,本圈台阶完成,1,0.0000,0.150,0.330
1877.120,ROUNDABOUT_FOLLOW,4.370,0,2.728,0.4000,0.0000,vision,2.728,,,roundabout_blind_arc_recovery,0.1342,0.1600,0,line_too_few_bands,0.0000,0.0000,0.0000,0.0000,0.0000,0,0,0.0000,0,0.0086,0.0000,0.0000,0.0000,0.0000,0.1600,IDLE,1,0,step_done_latches_cleared,0,0,0.000,0,nan,nan,nan,0.0000,0,nan,nan,0,5,0.6000,0.5419,0.4485,0.5419,0.0581,本圈台阶完成,1,0.0000,0.150,0.330
1877.265,ROUNDABOUT_FOLLOW,4.515,0,2.728,0.0000,0.0000,vision,2.728,,,roundabout_follow_left_locked,0.1849,-0.0400,1,line_center_tracking,0.1210,0.1210,0.1210,0.1210,0.2375,1,0,0.0000,0,0.0043,0.0000,0.0000,0.0000,0.1210,-0.0400,IDLE,1,0,step_done_latches_cleared,0,0,0.000,0,nan,nan,nan,0.0000,0,nan,nan,0,5,0.6000,0.5419,0.4485,0.5419,0.0581,本圈台阶完成,1,0.0000,0.150,0.330
1877.403,ROUNDABOUT_FOLLOW,4.654,0,2.728,0.0000,0.0000,vision,2.728,,,roundabout_follow_left_locked,0.1890,-0.0400,1,line_center_tracking,0.3137,0.3137,0.3137,0.3137,0.2375,1,0,0.0000,0,0.0043,0.0000,0.0000,0.0000,0.3137,-0.0400,IDLE,1,0,step_done_latches_cleared,0,0,0.000,0,1.5200,nan,0.0417,0.7654,1,0.1051,0.2969,1,5,0.6000,0.5419,0.4485,0.5419,0.0581,本圈台阶完成,1,0.0000,0.150,0.330
1877.541,ROUNDABOUT_FOLLOW,4.791,0,2.728,0.0000,0.0000,vision,2.728,,,roundabout_follow_left_locked,0.1926,-0.0400,1,line_center_tracking,0.2955,0.2955,0.2955,0.2955,0.2375,1,0,0.0000,0,0.0129,0.0000,0.0000,0.0000,0.2955,-0.0400,IDLE,1,0,step_done_latches_cleared,0,0,0.000,1,1.5000,nan,0.0421,0.8703,1,0.1885,0.3601,5,5,0.6000,0.5419,0.4485,0.5419,0.0581,本圈台阶完成,1,0.0000,0.150,0.330
1877.669,ROUNDABOUT_FOLLOW,4.919,0,2.728,0.0000,0.0000,vision,2.728,,,roundabout_follow_left_locked,0.2397,-0.0400,1,line_center_tracking,-0.0377,-0.0377,-0.0377,-0.0377,0.2375,1,0,0.0000,0,0.0043,0.0000,0.0000,0.0000,-0.0377,-0.0400,IDLE,1,0,step_done_latches_cleared,0,0,0.000,1,1.4800,nan,0.0430,0.8827,1,0.1774,0.3484,9,5,0.6000,0.5419,0.4485,0.5419,0.0581,本圈台阶完成,1,0.0000,0.150,0.330
1877.793,ROUNDABOUT_FOLLOW,5.043,0,2.728,0.0000,0.0000,vision,2.728,,,roundabout_blue_guard_left,0.1926,0.2698,0,line_too_few_bands,0.0000,0.0000,0.0000,0.0000,0.0000,0,0,0.0000,0,0.0430,0.0000,0.0000,0.0000,0.0000,0.2698,IDLE,1,0,step_done_latches_cleared,0,0,0.000,1,1.4500,nan,0.0446,0.9036,1,0.1296,0.3743,12,5,0.6000,0.5419,0.4485,0.5419,0.0581,本圈台阶完成,1,0.0000,0.150,0.330
1877.922,ROUNDABOUT_FOLLOW,5.173,0,2.728,0.0000,0.0000,vision,2.728,,,roundabout_follow_left_locked,0.2135,-0.0400,1,line_center_tracking,0.1878,0.1878,0.1878,0.1878,0.2375,1,0,0.0000,0,0.0344,0.0000,0.0000,0.0000,0.1878,-0.0400,IDLE,1,0,step_done_latches_cleared,0,0,0.000,1,1.4200,nan,0.0484,0.9549,0,nan,0.3874,16,5,0.6000,0.5419,0.4485,0.5419,0.0581,本圈台阶完成,1,0.0000,0.150,0.330
1878.061,ROUNDABOUT_FOLLOW,5.312,0,2.728,0.0000,0.0000,vision,2.728,,,roundabout_follow_left_locked,0.2220,-0.0400,1,line_center_tracking,0.1439,0.1439,0.1439,0.1439,0.2375,1,0,0.0000,0,0.1031,0.0000,0.0000,0.0000,0.1439,-0.0400,IDLE,1,0,step_done_latches_cleared,0,0,0.000,1,1.3900,nan,0.0503,0.9726,0,nan,0.3782,20,5,0.6000,0.5419,0.4485,0.5419,0.0581,本圈台阶完成,1,0.0000,0.150,0.330
1878.199,ROUNDABOUT_FOLLOW,5.450,0,2.728,0.0000,0.0000,vision,2.728,,,roundabout_blind_arc_recovery,0.1714,0.1600,0,line_too_few_bands,0.0000,0.0000,0.0000,0.0000,0.0000,0,0,0.0000,0,0.1977,0.0000,0.0000,0.0000,0.0000,0.1600,IDLE,1,0,step_done_latches_cleared,0,0,0.000,1,1.3500,nan,0.0522,0.9477,0,nan,0.3592,24,5,0.6000,0.5419,0.4485,0.5419,0.0581,本圈台阶完成,1,0.0000,0.150,0.330
1878.344,ROUNDABOUT_FOLLOW,5.594,0,2.728,0.0000,0.0000,vision,2.728,,,roundabout_blue_guard_left,0.1207,0.3000,1,line_center_tracking,-0.0067,-0.0067,-0.0067,-0.0067,0.2375,1,0,0.0000,0,0.2321,0.0000,0.0000,0.0000,-0.0067,0.3000,IDLE,1,0,step_done_latches_cleared,0,0,0.000,1,1.3300,nan,0.0529,0.9371,0,nan,0.3213,28,5,0.6000,0.5419,0.4485,0.5419,0.0581,本圈台阶完成,1,0.0000,0.150,0.330
1878.477,ROUNDABOUT_FOLLOW,5.728,0,2.728,0.0000,0.0000,vision,2.728,,,roundabout_blue_guard_left,0.0700,0.3000,1,line_center_tracking,-0.0764,-0.0764,-0.0764,-0.0764,0.2375,1,0,0.0000,0,0.3094,0.0000,0.0000,0.0000,-0.0764,0.3000,IDLE,1,0,step_done_latches_cleared,0,0,0.000,1,1.2800,nan,0.0560,0.8966,0,nan,0.3360,32,5,0.6000,0.5419,0.4485,0.5419,0.0581,本圈台阶完成,1,0.0000,0.150,0.330
1878.629,ROUNDABOUT_FOLLOW,5.879,0,2.728,0.0000,0.0000,vision,2.728,,,roundabout_blue_guard_left,0.0450,0.3000,1,line_center_tracking,-0.0826,-0.0826,-0.0826,-0.0826,0.2375,1,0,0.0000,0,0.3481,0.0000,0.0000,0.0000,-0.0826,0.3000,IDLE,1,0,step_done_latches_cleared,0,0,0.000,1,1.2600,nan,0.0558,0.8990,0,nan,0.3359,36,5,0.6000,0.5419,0.4485,0.5419,0.0581,本圈台阶完成,1,0.0000,0.150,0.330
1878.783,ROUNDABOUT_FOLLOW,6.033,0,2.728,0.0000,0.0000,vision,2.728,,,roundabout_blue_guard_left,0.0450,0.3000,0,line_too_few_bands,0.0000,0.0000,0.0000,0.0000,0.0000,0,0,0.0000,1,0.6356,0.0000,0.0000,0.0000,0.0000,0.3000,IDLE,1,0,step_done_latches_cleared,0,0,0.000,1,1.2300,nan,0.0552,0.9078,0,nan,0.3146,41,5,0.6000,0.5419,0.4485,0.5419,0.0581,本圈台阶完成,1,0.0000,0.150,0.330
1878.910,ROUNDABOUT_FOLLOW,6.161,0,2.728,0.0000,0.0000,vision,2.728,,,roundabout_blue_guard_left,0.0450,0.3000,1,line_center_tracking,-0.1571,-0.1571,-0.1571,-0.1571,0.2375,1,0,0.0000,0,0.3438,0.0000,0.0000,0.0000,-0.1571,0.3000,IDLE,1,0,step_done_latches_cleared,0,0,0.000,1,1.2000,nan,0.0547,0.9152,0,nan,0.3443,45,5,0.6000,0.5419,0.4485,0.5419,0.0581,本圈台阶完成,1,0.0000,0.150,0.330
1879.043,ROUNDABOUT_FOLLOW,6.294,0,2.728,0.0000,0.0000,vision,2.728,,,roundabout_blue_guard_left,0.0450,0.3000,1,line_center_tracking,-0.1654,-0.1654,-0.1654,-0.1654,0.2375,1,0,0.0000,0,0.2750,0.0000,0.0000,0.0000,-0.1654,0.3000,IDLE,1,0,step_done_latches_cleared,0,0,0.000,1,1.2500,nan,0.0552,0.9074,0,nan,0.3804,49,5,0.6000,0.5419,0.4485,0.5419,0.0581,本圈台阶完成,1,0.0000,0.150,0.330
1879.204,ROUNDABOUT_FOLLOW,6.455,0,2.728,0.0000,0.0000,vision,2.728,,,roundabout_blue_guard_left,0.0450,0.3000,1,line_center_tracking,-0.1375,-0.1375,-0.1375,-0.1375,0.2375,1,0,0.0000,0,0.2579,0.0000,0.0000,0.0000,-0.1375,0.3000,IDLE,1,0,step_done_latches_cleared,0,0,0.000,1,1.3200,nan,0.0558,0.9008,0,nan,0.4194,54,5,0.6000,0.5419,0.4485,0.5419,0.0581,本圈台阶完成,1,0.0000,0.150,0.330
1879.337,ROUNDABOUT_FOLLOW,6.588,0,2.728,0.0000,0.0000,vision,2.728,,,roundabout_blue_guard_left,0.0450,0.3000,1,line_center_tracking,-0.1008,-0.1008,-0.1008,-0.1008,0.2375,1,0,0.0000,0,0.2149,0.0000,0.0000,0.0000,-0.1008,0.3000,IDLE,1,0,step_done_latches_cleared,0,0,0.000,1,1.3600,nan,0.0572,0.8805,0,nan,0.4537,57,5,0.6000,0.5419,0.4485,0.5419,0.0581,本圈台阶完成,1,0.0000,0.150,0.330
1879.482,ROUNDABOUT_FOLLOW,6.732,0,2.728,0.0000,0.0000,vision,2.728,,,roundabout_blue_guard_left,0.0450,0.3000,0,line_too_few_bands,0.0000,0.0000,0.0000,0.0000,0.0000,0,0,0.0000,0,0.1676,0.0000,0.0000,0.0000,0.0000,0.3000,IDLE,1,0,step_done_latches_cleared,0,0,0.000,1,1.3500,nan,0.0586,0.8623,0,nan,0.4818,61,5,0.6000,0.5419,0.4485,0.5419,0.0581,本圈台阶完成,1,0.0000,0.150,0.330
1879.620,ROUNDABOUT_FOLLOW,6.870,0,2.728,0.0000,0.0000,vision,2.728,,,roundabout_blue_guard_left,0.0450,0.3000,0,line_too_few_bands,0.0000,0.0000,0.0000,0.0000,0.0000,0,0,0.0000,0,0.1375,0.0000,0.0000,0.0000,0.0000,0.3000,IDLE,1,0,step_done_latches_cleared,0,0,0.000,1,1.3300,nan,0.0605,0.8371,0,nan,0.5266,65,5,0.6000,0.5419,0.4485,0.5419,0.0581,本圈台阶完成,1,0.0000,0.150,0.330
1879.743,ROUNDABOUT_FOLLOW,6.994,0,2.728,0.0000,0.0000,vision,2.728,,,roundabout_blue_guard_left,0.0450,0.3000,1,line_center_tracking,0.0064,0.0064,0.0064,0.0064,0.2375,1,0,0.0000,0,0.0902,0.0000,0.0000,0.0000,0.0064,0.3000,IDLE,1,0,step_done_latches_cleared,0,0,0.000,1,1.3600,nan,0.0609,0.7905,0,nan,0.5487,69,5,0.6000,0.5419,0.4485,0.5419,0.0581,本圈台阶完成,1,0.0000,0.150,0.330
1879.883,ROUNDABOUT_FOLLOW,7.134,0,2.728,0.0000,0.0000,vision,2.728,,,roundabout_follow_left_locked,0.0957,-0.0333,1,line_center_tracking,0.0991,0.0991,0.0991,0.0991,0.2375,1,0,0.0000,0,0.0516,0.0000,0.0000,0.0000,0.0991,-0.0333,IDLE,1,0,step_done_latches_cleared,0,0,0.000,1,1.3900,nan,0.0597,0.7782,0,nan,0.5836,73,5,0.6000,0.5419,0.4485,0.5419,0.0581,本圈台阶完成,1,0.0000,0.150,0.330
1880.015,ROUNDABOUT_FOLLOW,7.266,0,2.728,0.0000,0.0000,vision,2.728,,,roundabout_follow_left_locked,0.1458,-0.0400,1,line_center_tracking,0.1976,0.1976,0.1976,0.1976,0.2375,1,0,0.0000,0,0.0000,0.0000,0.0000,0.0000,0.1976,-0.0400,IDLE,1,0,step_done_latches_cleared,0,0,0.000,0,nan,nan,nan,0.0000,0,nan,nan,0,5,0.6000,0.5419,0.4485,0.5419,0.0581,本圈台阶完成,1,0.0000,0.150,0.330
1880.160,ROUNDABOUT_FOLLOW,7.410,0,2.728,0.0000,0.0000,vision,2.728,,,roundabout_follow_left_locked,0.1923,-0.0400,1,line_recenter_transition,0.1354,0.1421,-0.1951,-0.1951,0.3015,2,0,0.0000,0,0.0000,0.3373,0.0000,0.3373,-0.0827,-0.0400,IDLE,1,0,step_done_latches_cleared,0,0,0.000,0,nan,nan,nan,0.0000,0,nan,nan,0,5,0.6000,0.5419,0.4485,0.5419,0.0581,本圈台阶完成,1,0.0000,0.150,0.330
1880.294,ROUNDABOUT_FOLLOW,7.544,0,2.728,0.0000,0.0000,vision,2.728,,,roundabout_blind_arc_recovery,0.1417,0.1600,0,line_too_few_bands,0.0000,0.0000,0.0000,0.0000,0.0000,0,0,0.0000,0,0.0215,0.0000,0.0000,0.0000,0.0000,0.1600,IDLE,1,0,step_done_latches_cleared,0,0,0.000,0,nan,nan,nan,0.0000,0,nan,nan,0,5,0.6000,0.5419,0.4485,0.5419,0.0581,本圈台阶完成,1,0.0000,0.150,0.330
1880.451,ROUNDABOUT_FOLLOW,7.701,0,2.728,0.0000,0.0000,vision,2.728,,,roundabout_follow_left_locked,0.1923,-0.0088,1,line_center_tracking,-0.1208,-0.1208,-0.1208,-0.1208,0.2375,1,0,0.0000,0,0.0473,0.0000,0.0000,0.0000,-0.1208,-0.0088,IDLE,1,0,step_done_latches_cleared,0,0,0.000,0,nan,nan,nan,0.0000,0,nan,nan,0,5,0.6000,0.5419,0.4485,0.5419,0.0581,本圈台阶完成,1,0.0000,0.150,0.330
1880.585,ROUNDABOUT_FOLLOW,7.836,0,2.728,0.0000,0.0000,vision,2.728,,,roundabout_follow_left_locked,0.2383,0.0274,1,line_center_tracking,-0.0602,-0.0602,-0.0602,-0.0602,0.2375,1,0,0.0000,0,0.0559,0.0000,0.0000,0.0000,-0.0602,0.0274,IDLE,1,0,step_done_latches_cleared,0,0,0.000,0,nan,nan,nan,0.0000,0,nan,nan,0,5,0.6000,0.5419,0.4485,0.5419,0.0581,本圈台阶完成,1,0.0000,0.150,0.330
1880.724,ROUNDABOUT_FOLLOW,7.975,0,2.728,0.0000,0.0000,vision,2.728,,,roundabout_follow_left_locked,0.2431,0.0268,1,line_center_tracking,-0.0282,-0.0282,-0.0282,-0.0282,0.2375,1,0,0.0000,0,0.0473,0.0000,0.0000,0.0000,-0.0282,0.0268,IDLE,1,0,step_done_latches_cleared,0,0,0.000,0,nan,nan,nan,0.0000,0,nan,nan,0,5,0.6000,0.5419,0.4485,0.5419,0.0581,本圈台阶完成,1,0.0000,0.150,0.330
1880.860,ROUNDABOUT_FOLLOW,8.110,0,2.728,0.0000,0.0000,vision,2.728,,,roundabout_follow_left_locked,0.2450,0.0194,1,line_center_tracking,-0.0124,-0.0124,-0.0124,-0.0124,0.2375,1,0,0.0000,0,0.0301,0.0000,0.0000,0.0000,-0.0124,0.0194,IDLE,1,0,step_done_latches_cleared,0,0,0.000,0,nan,nan,nan,0.0000,0,nan,nan,0,5,0.6000,0.5419,0.4485,0.5419,0.0581,本圈台阶完成,1,0.0000,0.150,0.330
1880.995,ROUNDABOUT_FOLLOW,8.246,0,2.728,0.0000,0.0000,vision,2.728,,,roundabout_follow_left_locked,0.2484,0.0064,1,line_center_tracking,0.0050,0.0050,0.0050,0.0050,0.2375,1,0,0.0000,0,0.0043,0.0000,0.0000,0.0000,0.0050,0.0064,IDLE,1,0,step_done_latches_cleared,0,0,0.000,0,nan,nan,nan,0.0000,0,nan,nan,0,5,0.6000,0.5419,0.4485,0.5419,0.0581,本圈台阶完成,1,0.0000,0.150,0.330
1881.128,ROUNDABOUT_FOLLOW,8.379,0,2.728,0.0000,0.0000,vision,2.728,,,roundabout_follow_left_locked,0.2472,-0.0048,1,line_center_tracking,0.0145,0.0145,0.0145,0.0145,0.2375,1,0,0.0000,0,0.0043,0.0000,0.0000,0.0000,0.0145,-0.0048,IDLE,1,0,step_done_latches_cleared,0,0,0.000,0,nan,nan,nan,0.0000,0,nan,nan,0,5,0.6000,0.5419,0.4485,0.5419,0.0581,本圈台阶完成,1,0.0000,0.150,0.330
1881.294,ROUNDABOUT_FOLLOW,8.545,0,2.728,0.0000,0.0000,vision,2.728,,,roundabout_follow_left_locked,0.1965,-0.0400,1,line_center_tracking,0.3385,0.3385,0.3385,0.3385,0.2375,1,0,0.0000,0,0.0000,0.0000,0.0000,0.0000,0.3385,-0.0400,IDLE,1,0,step_done_latches_cleared,0,0,0.000,0,nan,nan,nan,0.0000,0,nan,nan,0,5,0.6000,0.5419,0.4485,0.5419,0.0581,本圈台阶完成,1,0.0000,0.150,0.330
1881.443,ROUNDABOUT_FOLLOW,8.693,0,2.728,0.0000,0.0000,vision,2.728,,,roundabout_follow_left_locked,0.1826,-0.0400,1,line_center_tracking,0.3467,0.3467,0.3467,0.3467,0.2375,1,0,0.0000,0,0.0043,0.0000,0.0000,0.0000,0.3467,-0.0400,IDLE,1,0,step_done_latches_cleared,0,0,0.000,0,nan,nan,nan,0.0000,0,nan,nan,0,5,0.6000,0.5419,0.4485,0.5419,0.0581,本圈台阶完成,1,0.0000,0.150,0.330
1881.595,ROUNDABOUT_FOLLOW,8.846,0,2.728,0.0000,0.0000,vision,2.728,,,roundabout_blind_arc_recovery,0.1319,0.1600,0,line_too_few_bands,0.0000,0.0000,0.0000,0.0000,0.0000,0,0,0.0000,0,0.0043,0.0000,0.0000,0.0000,0.0000,0.1600,IDLE,1,0,step_done_latches_cleared,0,0,0.000,0,nan,nan,nan,0.0000,0,nan,nan,0,5,0.6000,0.5419,0.4485,0.5419,0.0581,本圈台阶完成,1,0.0000,0.150,0.330
1881.743,ROUNDABOUT_FOLLOW,8.993,0,2.728,0.0000,0.0000,vision,2.728,,,roundabout_follow_left_locked,0.1826,-0.0400,1,line_center_tracking,0.1578,0.1578,0.1578,0.1578,0.2375,1,0,0.0000,0,0.0000,0.0000,0.0000,0.0000,0.1578,-0.0400,IDLE,1,0,step_done_latches_cleared,0,0,0.000,0,nan,nan,nan,0.0000,0,nan,nan,0,5,0.6000,0.5419,0.4485,0.5419,0.0581,本圈台阶完成,1,0.0000,0.150,0.330
1881.884,ROUNDABOUT_FOLLOW,9.134,0,2.728,0.0000,0.0000,vision,2.728,,,roundabout_blue_guard_left,0.1319,0.2933,0,line_too_few_bands,0.0000,0.0000,0.0000,0.0000,0.0000,0,0,0.0000,0,0.0000,0.0000,0.0000,0.0000,0.0000,0.2933,IDLE,1,0,step_done_latches_cleared,0,0,0.000,0,nan,nan,nan,0.0000,0,nan,nan,0,5,0.6000,0.5419,0.4485,0.5419,0.0581,本圈台阶完成,1,0.0000,0.150,0.330
1882.014,ROUNDABOUT_FOLLOW,9.264,0,2.728,0.0000,0.0000,vision,2.728,,,roundabout_blue_guard_left,0.0826,0.3000,0,line_too_few_bands,0.0000,0.0000,0.0000,0.0000,0.0000,0,0,0.0000,0,0.0000,0.0000,0.0000,0.0000,0.0000,0.3000,IDLE,1,0,step_done_latches_cleared,0,0,0.000,0,nan,nan,nan,0.0000,0,nan,nan,0,5,0.6000,0.5419,0.4485,0.5419,0.0581,本圈台阶完成,1,0.0000,0.150,0.330
1882.174,ROUNDABOUT_FOLLOW,9.424,0,2.728,0.0000,0.0000,vision,2.728,,,roundabout_blue_guard_left,0.0450,0.3000,0,line_too_few_bands,0.0000,0.0000,0.0000,0.0000,0.0000,0,0,0.0000,0,0.0000,0.0000,0.0000,0.0000,0.0000,0.3000,IDLE,1,0,step_done_latches_cleared,0,0,0.000,0,nan,nan,nan,0.0000,0,nan,nan,0,5,0.6000,0.5419,0.4485,0.5419,0.0581,本圈台阶完成,1,0.0000,0.150,0.330
1882.310,ROUNDABOUT_FOLLOW,9.561,0,2.728,0.0000,0.0000,vision,2.728,,,roundabout_blue_guard_left,0.0450,0.3000,0,line_too_few_bands,0.0000,0.0000,0.0000,0.0000,0.0000,0,0,0.0000,0,0.0000,0.0000,0.0000,0.0000,0.0000,0.3000,IDLE,1,0,step_done_latches_cleared,0,0,0.000,0,nan,nan,nan,0.0000,0,nan,nan,0,5,0.6000,0.5419,0.4485,0.5419,0.0581,本圈台阶完成,1,0.0000,0.150,0.330
1882.479,ROUNDABOUT_FOLLOW,9.729,0,2.728,0.0000,0.0000,vision,2.728,,,roundabout_blue_guard_left,0.0450,0.3000,0,line_too_few_bands,0.0000,0.0000,0.0000,0.0000,0.0000,0,0,0.0000,0,0.0086,0.0000,0.0000,0.0000,0.0000,0.3000,IDLE,1,0,step_done_latches_cleared,0,0,0.000,0,nan,nan,nan,0.0000,0,nan,nan,0,5,0.6000,0.5419,0.4485,0.5419,0.0581,本圈台阶完成,1,0.0000,0.150,0.330
1882.606,ROUNDABOUT_FOLLOW,9.856,0,2.728,0.0000,0.0000,vision,2.728,,,roundabout_blue_guard_left,0.0450,0.3000,0,line_too_few_bands,0.0000,0.0000,0.0000,0.0000,0.0000,0,0,0.0000,0,0.0172,0.0000,0.0000,0.0000,0.0000,0.3000,IDLE,1,0,step_done_latches_cleared,0,0,0.000,0,nan,nan,nan,0.0000,0,nan,nan,0,5,0.6000,0.5419,0.4485,0.5419,0.0581,本圈台阶完成,1,0.0000,0.150,0.330
1882.737,ROUNDABOUT_FOLLOW,9.988,0,2.728,0.0000,0.0000,vision,2.728,,,roundabout_blue_guard_left,0.0450,0.3000,0,line_too_few_bands,0.0000,0.0000,0.0000,0.0000,0.0000,0,0,0.0000,0,0.0043,0.0000,0.0000,0.0000,0.0000,0.3000,IDLE,1,0,step_done_latches_cleared,0,0,0.000,0,nan,nan,nan,0.0000,0,nan,nan,0,5,0.6000,0.5419,0.4485,0.5419,0.0581,本圈台阶完成,1,0.0000,0.150,0.330
1882.875,ROUNDABOUT_FOLLOW,10.126,0,2.728,0.0000,0.0000,vision,2.728,,,roundabout_blue_guard_left,0.0450,0.3000,0,line_too_few_bands,0.0000,0.0000,0.0000,0.0000,0.0000,0,0,0.0000,0,0.0043,0.0000,0.0000,0.0000,0.0000,0.3000,IDLE,1,0,step_done_latches_cleared,0,0,0.000,0,nan,nan,nan,0.0000,0,nan,nan,0,5,0.6000,0.5419,0.4485,0.5419,0.0581,本圈台阶完成,1,0.0000,0.150,0.330
1883.016,ROUNDABOUT_FOLLOW,10.266,0,2.728,0.0000,0.0000,vision,2.728,,,roundabout_blue_guard_left,0.0450,0.3000,0,line_too_few_bands,0.0000,0.0000,0.0000,0.0000,0.0000,0,0,0.0000,0,0.0000,0.0000,0.0000,0.0000,0.0000,0.3000,IDLE,1,0,step_done_latches_cleared,0,0,0.000,0,nan,nan,nan,0.0000,0,nan,nan,0,5,0.6000,0.5419,0.4485,0.5419,0.0581,本圈台阶完成,1,0.0000,0.150,0.330
1883.147,ROUNDABOUT_FOLLOW,10.397,0,2.728,0.0000,0.0000,vision,2.728,,,roundabout_blue_guard_left,0.0450,0.3000,0,line_too_few_bands,0.0000,0.0000,0.0000,0.0000,0.0000,0,0,0.0000,0,0.0043,0.0000,0.0000,0.0000,0.0000,0.3000,IDLE,1,0,step_done_latches_cleared,0,0,0.000,0,nan,nan,nan,0.0000,0,nan,nan,0,5,0.6000,0.5419,0.4485,0.5419,0.0581,本圈台阶完成,1,0.0000,0.150,0.330
1883.332,ROUNDABOUT_FOLLOW,10.582,0,2.728,0.0000,0.0000,vision,2.728,,,roundabout_blue_guard_left,0.0450,0.3000,0,line_too_few_bands,0.0000,0.0000,0.0000,0.0000,0.0000,0,0,0.0000,0,0.0043,0.0000,0.0000,0.0000,0.0000,0.3000,IDLE,1,0,step_done_latches_cleared,0,0,0.000,0,nan,nan,nan,0.0000,0,nan,nan,0,5,0.6000,0.5419,0.4485,0.5419,0.0581,本圈台阶完成,1,0.0000,0.150,0.330
1883.474,ROUNDABOUT_FOLLOW,10.725,0,2.728,0.0000,0.0000,vision,2.728,,,roundabout_blue_guard_left,0.0450,0.3000,0,line_too_few_bands,0.0000,0.0000,0.0000,0.0000,0.0000,0,0,0.0000,0,0.0000,0.0000,0.0000,0.0000,0.0000,0.3000,IDLE,1,0,step_done_latches_cleared,0,0,0.000,0,nan,nan,nan,0.0000,0,nan,nan,0,5,0.6000,0.5419,0.4485,0.5419,0.0581,本圈台阶完成,1,0.0000,0.150,0.330
1883.599,ROUNDABOUT_FOLLOW,10.850,0,2.728,0.2000,0.0000,vision,2.728,,,roundabout_blue_guard_left,0.0450,0.3000,0,line_too_few_bands,0.0000,0.0000,0.0000,0.0000,0.0000,0,0,0.0000,0,0.0000,0.0000,0.0000,0.0000,0.0000,0.3000,IDLE,1,0,step_done_latches_cleared,0,0,0.000,0,nan,nan,nan,0.0000,0,nan,nan,0,5,0.6000,0.5419,0.4485,0.5419,0.0581,本圈台阶完成,1,0.0000,0.150,0.330
1883.733,ROUNDABOUT_FOLLOW,10.983,0,2.728,0.0000,0.0000,vision,2.728,,,roundabout_blue_guard_left,0.0450,0.3000,0,line_too_few_bands,0.0000,0.0000,0.0000,0.0000,0.0000,0,0,0.0000,0,0.0043,0.0000,0.0000,0.0000,0.0000,0.3000,IDLE,1,0,step_done_latches_cleared,0,0,0.000,0,nan,nan,nan,0.0000,0,nan,nan,0,5,0.6000,0.5419,0.4485,0.5419,0.0581,本圈台阶完成,1,0.0000,0.150,0.330
1883.863,ROUNDABOUT_FOLLOW,11.113,0,2.728,0.0000,0.0000,vision,2.728,,,roundabout_blue_guard_left,0.0450,0.3000,0,line_too_few_bands,0.0000,0.0000,0.0000,0.0000,0.0000,0,0,0.0000,0,0.0000,0.0000,0.0000,0.0000,0.0000,0.3000,IDLE,1,0,step_done_latches_cleared,0,0,0.000,0,nan,nan,nan,0.0000,0,nan,nan,0,5,0.6000,0.5419,0.4485,0.5419,0.0581,本圈台阶完成,1,0.0000,0.150,0.330
1883.993,ROUNDABOUT_FOLLOW,11.244,0,2.728,0.0000,0.0000,vision,2.728,,,roundabout_blue_guard_left,0.0450,0.3000,0,line_too_few_bands,0.0000,0.0000,0.0000,0.0000,0.0000,0,0,0.0000,0,0.0043,0.0000,0.0000,0.0000,0.0000,0.3000,IDLE,1,0,step_done_latches_cleared,0,0,0.000,0,nan,nan,nan,0.0000,0,nan,nan,0,5,0.6000,0.5419,0.4485,0.5419,0.0581,本圈台阶完成,1,0.0000,0.150,0.330
1884.127,ROUNDABOUT_FOLLOW,11.377,0,2.728,0.0000,0.0000,vision,2.728,,,roundabout_blind_arc_recovery,0.0957,0.1600,0,line_too_few_bands,0.0000,0.0000,0.0000,0.0000,0.0000,0,0,0.0000,0,0.0000,0.0000,0.0000,0.0000,0.0000,0.1600,IDLE,1,0,step_done_latches_cleared,0,0,0.000,0,nan,nan,nan,0.0000,0,nan,nan,0,5,0.6000,0.5419,0.4485,0.5419,0.0581,本圈台阶完成,1,0.0000,0.150,0.330
1884.255,ROUNDABOUT_FOLLOW,11.506,0,2.728,0.2000,0.0000,vision,2.728,,,roundabout_follow_left_locked,0.1446,0.0120,1,line_center_tracking,-0.0111,-0.0111,-0.0111,-0.0111,0.2375,1,0,0.0000,0,0.0043,0.0000,0.0000,0.0000,-0.0111,0.0120,IDLE,1,0,step_done_latches_cleared,0,0,0.000,0,nan,nan,nan,0.0000,0,nan,nan,0,5,0.6000,0.5419,0.4485,0.5419,0.0581,本圈台阶完成,1,0.0000,0.150,0.330
1884.395,ROUNDABOUT_FOLLOW,11.645,0,2.728,0.2000,0.0000,vision,2.728,,,roundabout_blind_arc_recovery,0.1000,0.1600,0,line_too_few_bands,0.0000,0.0000,0.0000,0.0000,0.0000,0,0,0.0000,0,0.0043,0.0000,0.0000,0.0000,0.0000,0.1600,IDLE,1,0,step_done_latches_cleared,0,0,0.000,0,nan,nan,nan,0.0000,0,nan,nan,0,5,0.6000,0.5419,0.4485,0.5419,0.0581,本圈台阶完成,1,0.0000,0.150,0.330
1884.541,ROUNDABOUT_FOLLOW,11.792,0,2.728,0.2000,0.0000,vision,2.728,,,roundabout_blind_arc_recovery,0.1000,0.1600,0,line_too_few_bands,0.0000,0.0000,0.0000,0.0000,0.0000,0,0,0.0000,0,0.0000,0.0000,0.0000,0.0000,0.0000,0.1600,IDLE,1,0,step_done_latches_cleared,0,0,0.000,0,nan,nan,nan,0.0000,0,nan,nan,0,5,0.6000,0.5419,0.4485,0.5419,0.0581,本圈台阶完成,1,0.0000,0.150,0.330
1884.680,ROUNDABOUT_FOLLOW,11.930,0,2.728,0.2000,0.0000,vision,2.728,,,roundabout_blind_arc_recovery,0.1000,0.1600,0,line_too_few_bands,0.0000,0.0000,0.0000,0.0000,0.0000,0,0,0.0000,0,0.0043,0.0000,0.0000,0.0000,0.0000,0.1600,IDLE,1,0,step_done_latches_cleared,0,0,0.000,0,nan,nan,nan,0.0000,0,nan,nan,0,5,0.6000,0.5419,0.4485,0.5419,0.0581,本圈台阶完成,1,0.0000,0.150,0.330
1884.821,ROUNDABOUT_FOLLOW,12.072,0,2.728,0.2000,0.0000,vision,2.728,,,roundabout_blind_arc_recovery,0.1000,0.1600,0,line_too_few_bands,0.0000,0.0000,0.0000,0.0000,0.0000,0,0,0.0000,0,0.0043,0.0000,0.0000,0.0000,0.0000,0.1600,IDLE,1,0,step_done_latches_cleared,0,0,0.000,0,nan,nan,nan,0.0000,0,nan,nan,0,5,0.6000,0.5419,0.4485,0.5419,0.0581,本圈台阶完成,1,0.0000,0.150,0.330
1884.973,ROUNDABOUT_FOLLOW,12.223,0,2.728,0.4000,0.0000,vision,2.728,,,roundabout_blind_arc_recovery,0.1000,0.1600,0,line_too_few_bands,0.0000,0.0000,0.0000,0.0000,0.0000,0,0,0.0000,0,0.0000,0.0000,0.0000,0.0000,0.0000,0.1600,IDLE,1,0,step_done_latches_cleared,0,0,0.000,0,nan,nan,nan,0.0000,0,nan,nan,0,5,0.6000,0.5419,0.4485,0.5419,0.0581,本圈台阶完成,1,0.0000,0.150,0.330
1885.123,ROUNDABOUT_FOLLOW,12.374,0,2.728,0.0000,0.0000,vision,2.728,,,roundabout_blind_arc_recovery,0.1000,0.1600,0,line_too_few_bands,0.0000,0.0000,0.0000,0.0000,0.0000,0,0,0.0000,0,0.0000,0.0000,0.0000,0.0000,0.0000,0.1600,IDLE,1,0,step_done_latches_cleared,0,0,0.000,0,nan,nan,nan,0.0000,0,nan,nan,0,5,0.6000,0.5419,0.4485,0.5419,0.0581,本圈台阶完成,1,0.0000,0.150,0.330
1885.265,ROUNDABOUT_FOLLOW,12.516,0,2.728,0.4000,0.0000,vision,2.728,,,roundabout_blind_arc_recovery,0.1000,0.1600,0,line_too_few_bands,0.0000,0.0000,0.0000,0.0000,0.0000,0,0,0.0000,0,0.0043,0.0000,0.0000,0.0000,0.0000,0.1600,IDLE,1,0,step_done_latches_cleared,0,0,0.000,0,nan,nan,nan,0.0000,0,nan,nan,0,5,0.6000,0.5419,0.4485,0.5419,0.0581,本圈台阶完成,1,0.0000,0.150,0.330
1885.427,ROUNDABOUT_FOLLOW,12.677,0,2.728,0.2000,0.0000,vision,2.728,,,roundabout_follow_left_locked,0.1507,-0.0281,1,line_center_tracking,0.0651,0.0651,0.0651,0.0651,0.2375,1,0,0.0000,0,0.0086,0.0000,0.0000,0.0000,0.0651,-0.0281,IDLE,1,0,step_done_latches_cleared,0,0,0.000,0,nan,nan,nan,0.0000,0,nan,nan,0,5,0.6000,0.5419,0.4485,0.5419,0.0581,本圈台阶完成,1,0.0000,0.150,0.330
1885.565,ROUNDABOUT_FOLLOW,12.816,0,2.728,0.4000,0.0000,vision,2.728,,,roundabout_follow_left_locked,0.2013,-0.0400,1,line_center_tracking,0.0759,0.0759,0.0759,0.0759,0.2375,1,0,0.0000,0,0.0000,0.0000,0.0000,0.0000,0.0759,-0.0400,IDLE,1,0,step_done_latches_cleared,0,0,0.000,0,nan,nan,nan,0.0000,0,nan,nan,0,5,0.6000,0.5419,0.4485,0.5419,0.0581,本圈台阶完成,1,0.0000,0.150,0.330
1885.699,ROUNDABOUT_FOLLOW,12.949,0,2.728,0.2000,0.0000,vision,2.728,,,roundabout_blind_arc_recovery,0.1507,0.1600,0,line_too_few_bands,0.0000,0.0000,0.0000,0.0000,0.0000,0,0,0.0000,0,0.0043,0.0000,0.0000,0.0000,0.0000,0.1600,IDLE,1,0,step_done_latches_cleared,0,0,0.000,0,nan,nan,nan,0.0000,0,nan,nan,0,5,0.6000,0.5419,0.4485,0.5419,0.0581,本圈台阶完成,1,0.0000,0.150,0.330
1885.834,ROUNDABOUT_FOLLOW,13.084,0,2.728,0.2000,0.0000,vision,2.728,,,roundabout_follow_left_locked,0.2014,0.0189,1,line_center_tracking,-0.0821,-0.0821,-0.0821,-0.0821,0.2375,1,0,0.0000,0,0.0043,0.0000,0.0000,0.0000,-0.0821,0.0189,IDLE,1,0,step_done_latches_cleared,0,0,0.000,0,nan,nan,nan,0.0000,0,nan,nan,0,5,0.6000,0.5419,0.4485,0.5419,0.0581,本圈台阶完成,1,0.0000,0.150,0.330
1885.990,ROUNDABOUT_FOLLOW,13.240,0,2.728,0.2000,0.0000,vision,2.728,,,roundabout_follow_left_locked,0.2141,0.1130,1,line_center_tracking,-0.1849,-0.1849,-0.1849,-0.1849,0.2375,1,0,0.0000,0,0.0000,0.0000,0.0000,0.0000,-0.1849,0.1130,IDLE,1,0,step_done_latches_cleared,0,0,0.000,0,nan,nan,nan,0.0000,0,nan,nan,0,5,0.6000,0.5419,0.4485,0.5419,0.0581,本圈台阶完成,1,0.0000,0.150,0.330
1886.145,ROUNDABOUT_FOLLOW,13.396,0,2.728,0.2000,0.0000,vision,2.728,,,roundabout_blind_arc_recovery,0.1634,0.1600,0,line_too_few_bands,0.0000,0.0000,0.0000,0.0000,0.0000,0,0,0.0000,0,0.0000,0.0000,0.0000,0.0000,0.0000,0.1600,IDLE,1,0,step_done_latches_cleared,0,0,0.000,0,nan,nan,nan,0.0000,0,nan,nan,0,5,0.6000,0.5419,0.4485,0.5419,0.0581,本圈台阶完成,1,0.0000,0.150,0.330
1886.276,ROUNDABOUT_FOLLOW,13.526,0,2.728,0.2000,0.0000,vision,2.728,,,roundabout_blind_arc_recovery,0.1138,0.1600,0,line_too_few_bands,0.0000,0.0000,0.0000,0.0000,0.0000,0,0,0.0000,0,0.0086,0.0000,0.0000,0.0000,0.0000,0.1600,IDLE,1,0,step_done_latches_cleared,0,0,0.000,0,nan,nan,nan,0.0000,0,nan,nan,0,5,0.6000,0.5419,0.4485,0.5419,0.0581,本圈台阶完成,1,0.0000,0.150,0.330
1886.421,ROUNDABOUT_FOLLOW,13.672,0,2.728,0.2000,0.0000,vision,2.728,,,roundabout_blind_arc_recovery,0.1000,0.1600,0,line_too_few_bands,0.0000,0.0000,0.0000,0.0000,0.0000,0,0,0.0000,0,0.0043,0.0000,0.0000,0.0000,0.0000,0.1600,IDLE,1,0,step_done_latches_cleared,0,0,0.000,0,nan,nan,nan,0.0000,0,nan,nan,0,5,0.6000,0.5419,0.4485,0.5419,0.0581,本圈台阶完成,1,0.0000,0.150,0.330
1886.571,ROUNDABOUT_FOLLOW,13.821,0,2.728,0.2000,0.0000,vision,2.728,,,roundabout_blind_arc_recovery,0.1000,0.1600,0,line_too_few_bands,0.0000,0.0000,0.0000,0.0000,0.0000,0,0,0.0000,0,0.0086,0.0000,0.0000,0.0000,0.0000,0.1600,IDLE,1,0,step_done_latches_cleared,0,0,0.000,0,nan,nan,nan,0.0000,0,nan,nan,0,5,0.6000,0.5419,0.4485,0.5419,0.0581,本圈台阶完成,1,0.0000,0.150,0.330
1886.711,ROUNDABOUT_FOLLOW,13.961,0,2.728,0.0000,0.0000,vision,2.728,,,roundabout_blind_arc_recovery,0.1000,0.1600,0,line_too_few_bands,0.0000,0.0000,0.0000,0.0000,0.0000,0,0,0.0000,0,0.0860,0.0000,0.0000,0.0000,0.0000,0.1600,IDLE,1,0,step_done_latches_cleared,0,0,0.000,0,nan,nan,nan,0.0000,0,nan,nan,0,5,0.6000,0.5419,0.4485,0.5419,0.0581,本圈台阶完成,1,0.0000,0.150,0.330
1886.843,ROUNDABOUT_FOLLOW,14.093,0,2.728,0.0000,0.0000,vision,2.728,,,roundabout_blind_arc_recovery,0.1000,0.1600,0,line_too_few_bands,0.0000,0.0000,0.0000,0.0000,0.0000,0,0,0.0000,0,0.4786,0.0000,0.0000,0.0000,0.0000,0.1600,IDLE,1,0,step_done_latches_cleared,0,0,0.000,0,nan,nan,nan,0.0000,0,nan,nan,0,5,0.6000,0.5419,0.4485,0.5419,0.0581,本圈台阶完成,1,0.0000,0.150,0.330
1886.973,ROUNDABOUT_FOLLOW,14.223,0,2.728,0.0000,0.0000,vision,2.728,,,roundabout_follow_left_locked,0.1494,0.2333,1,line_center_tracking,-0.3421,-0.3421,-0.3421,-0.3421,0.2375,1,0,0.0000,1,1.0000,0.0000,0.0000,0.0000,-0.3421,0.2333,IDLE,1,0,step_done_latches_cleared,0,0,0.000,0,nan,nan,nan,0.0000,0,nan,nan,0,5,0.6000,0.5419,0.4485,0.5419,0.0581,本圈台阶完成,1,0.0000,0.150,0.330
1887.109,ROUNDABOUT_FOLLOW,14.359,0,2.728,0.0000,0.0000,vision,2.728,,,roundabout_follow_left_locked,0.1940,0.2176,1,line_center_tracking,-0.1908,-0.1908,-0.1908,-0.1908,0.2375,1,0,0.0000,1,1.0000,0.0000,0.0000,0.0000,-0.1908,0.2176,IDLE,1,0,step_done_latches_cleared,0,0,0.000,0,nan,nan,nan,0.0000,0,nan,nan,0,5,0.6000,0.5419,0.4485,0.5419,0.0581,本圈台阶完成,1,0.0000,0.150,0.330
1887.244,ROUNDABOUT_FOLLOW,14.494,0,2.728,0.0000,0.0000,vision,2.728,,,roundabout_blind_arc_recovery,0.1434,0.1600,0,line_too_few_bands,0.0000,0.0000,0.0000,0.0000,0.0000,0,0,0.0000,1,1.0000,0.0000,0.0000,0.0000,0.0000,0.1600,IDLE,1,0,step_done_latches_cleared,0,0,0.000,0,nan,nan,nan,0.0000,0,nan,nan,0,5,0.6000,0.5419,0.4485,0.5419,0.0581,本圈台阶完成,1,0.0000,0.150,0.330
1887.390,ROUNDABOUT_FOLLOW,14.640,0,2.728,0.0000,0.0000,vision,2.728,,,roundabout_blind_arc_recovery,0.1000,0.1600,0,line_too_few_bands,0.0000,0.0000,0.0000,0.0000,0.0000,0,0,0.0000,1,1.0000,0.0000,0.0000,0.0000,0.0000,0.1600,IDLE,1,0,step_done_latches_cleared,0,0,0.000,0,nan,nan,nan,0.0000,0,nan,nan,0,5,0.6000,0.5419,0.4485,0.5419,0.0581,本圈台阶完成,1,0.0000,0.150,0.330
1887.530,ROUNDABOUT_FOLLOW,14.780,0,2.728,0.0000,0.0000,vision,2.728,,,roundabout_blue_guard_right,0.0493,-0.1733,0,line_too_few_bands,0.0000,0.0000,0.0000,0.0000,0.0000,0,0,0.0000,0,0.3524,0.0000,0.0000,0.0000,0.0000,-0.1733,IDLE,1,0,step_done_latches_cleared,0,0,0.000,0,nan,nan,nan,0.0000,0,nan,nan,0,5,0.6000,0.5419,0.4485,0.5419,0.0581,本圈台阶完成,1,0.0000,0.150,0.330
1887.679,ROUNDABOUT_FOLLOW,14.930,0,2.728,0.0000,0.0000,vision,2.728,,,roundabout_blind_arc_recovery,0.1000,0.1600,0,line_too_few_bands,0.0000,0.0000,0.0000,0.0000,0.0000,0,0,0.0000,0,0.3266,0.0000,0.0000,0.0000,0.0000,0.1600,IDLE,1,0,step_done_latches_cleared,0,0,0.000,0,nan,nan,nan,0.0000,0,nan,nan,0,5,0.6000,0.5419,0.4485,0.5419,0.0581,本圈台阶完成,1,0.0000,0.150,0.330
1887.814,ROUNDABOUT_FOLLOW,15.064,0,2.728,0.0000,0.0000,vision,2.728,,,roundabout_blue_guard_right,0.0493,-0.1733,0,line_too_few_bands,0.0000,0.0000,0.0000,0.0000,0.0000,0,0,0.0000,0,0.1418,0.0000,0.0000,0.0000,0.0000,-0.1733,IDLE,1,0,step_done_latches_cleared,0,0,0.000,0,nan,nan,nan,0.0000,0,nan,nan,0,5,0.6000,0.5419,0.4485,0.5419,0.0581,本圈台阶完成,1,0.0000,0.150,0.330
1887.943,ROUNDABOUT_FOLLOW,15.193,0,2.728,0.0000,0.0000,vision,2.728,,,roundabout_blue_guard_right,0.0450,-0.3000,0,line_too_few_bands,0.0000,0.0000,0.0000,0.0000,0.0000,0,0,0.0000,0,0.0860,0.0000,0.0000,0.0000,0.0000,-0.3000,IDLE,1,0,step_done_latches_cleared,0,0,0.000,0,nan,nan,nan,0.0000,0,nan,nan,0,5,0.6000,0.5419,0.4485,0.5419,0.0581,本圈台阶完成,1,0.0000,0.150,0.330
1888.079,ROUNDABOUT_FOLLOW,15.330,0,2.728,0.0000,0.0000,vision,2.728,,,roundabout_blue_guard_right,0.0450,-0.3000,0,line_too_few_bands,0.0000,0.0000,0.0000,0.0000,0.0000,0,0,0.0000,0,0.0344,0.0000,0.0000,0.0000,0.0000,-0.3000,IDLE,1,0,step_done_latches_cleared,0,0,0.000,0,nan,nan,nan,0.0000,0,nan,nan,0,5,0.6000,0.5419,0.4485,0.5419,0.0581,本圈台阶完成,1,0.0000,0.150,0.330
1888.231,ROUNDABOUT_FOLLOW,15.481,0,2.728,0.0000,0.0000,vision,2.728,,,roundabout_blue_guard_right,0.0450,-0.3000,0,line_too_few_bands,0.0000,0.0000,0.0000,0.0000,0.0000,0,0,0.0000,0,0.0086,0.0000,0.0000,0.0000,0.0000,-0.3000,IDLE,1,0,step_done_latches_cleared,0,0,0.000,0,nan,nan,nan,0.0000,0,nan,nan,0,5,0.6000,0.5419,0.4485,0.5419,0.0581,本圈台阶完成,1,0.0000,0.150,0.330
1888.397,ROUNDABOUT_FOLLOW,15.647,0,2.728,0.0000,0.0000,vision,2.728,,,roundabout_blue_guard_right,0.0450,-0.3000,0,line_too_few_bands,0.0000,0.0000,0.0000,0.0000,0.0000,0,0,0.0000,0,0.0129,0.0000,0.0000,0.0000,0.0000,-0.3000,IDLE,1,0,step_done_latches_cleared,0,0,0.000,0,nan,nan,nan,0.0000,0,nan,nan,0,5,0.6000,0.5419,0.4485,0.5419,0.0581,本圈台阶完成,1,0.0000,0.150,0.330
1888.548,ROUNDABOUT_FOLLOW,15.798,0,2.728,0.0000,0.0000,vision,2.728,,,roundabout_blue_guard_right,0.0450,-0.3000,0,line_too_few_bands,0.0000,0.0000,0.0000,0.0000,0.0000,0,0,0.0000,0,0.0086,0.0000,0.0000,0.0000,0.0000,-0.3000,IDLE,1,0,step_done_latches_cleared,0,0,0.000,0,nan,nan,nan,0.0000,0,nan,nan,0,5,0.6000,0.5419,0.4485,0.5419,0.0581,本圈台阶完成,1,0.0000,0.150,0.330
1888.674,ROUNDABOUT_FOLLOW,15.925,0,2.728,0.0000,0.0000,vision,2.728,,,roundabout_blue_guard_right,0.0450,-0.3000,0,line_too_few_bands,0.0000,0.0000,0.0000,0.0000,0.0000,0,0,0.0000,0,0.0043,0.0000,0.0000,0.0000,0.0000,-0.3000,IDLE,1,0,step_done_latches_cleared,0,0,0.000,0,nan,nan,nan,0.0000,0,nan,nan,0,5,0.6000,0.5419,0.4485,0.5419,0.0581,本圈台阶完成,1,0.0000,0.150,0.330
1888.808,ROUNDABOUT_FOLLOW,16.058,0,2.728,0.0000,0.0000,vision,2.728,,,roundabout_blue_guard_right,0.0450,-0.3000,0,line_too_few_bands,0.0000,0.0000,0.0000,0.0000,0.0000,0,0,0.4117,0,0.0043,0.0000,0.0000,0.0000,0.0000,-0.3000,IDLE,1,0,step_done_latches_cleared,0,0,0.000,0,nan,nan,nan,0.0000,0,nan,nan,0,5,0.6000,0.5419,0.4485,0.5419,0.0581,本圈台阶完成,1,0.0000,0.150,0.330
1888.961,ROUNDABOUT_FOLLOW,16.212,0,2.728,0.0000,0.0000,vision,2.728,,,roundabout_blue_guard_right,0.0450,-0.3000,1,line_hard_turn_centering,0.8007,0.8007,0.8007,0.8007,0.2375,1,0,0.0000,0,0.0129,0.0000,0.0000,0.0000,0.8007,-0.3000,IDLE,1,0,step_done_latches_cleared,0,0,0.000,0,nan,nan,nan,0.0000,0,nan,nan,0,5,0.6000,0.5419,0.4485,0.5419,0.0581,本圈台阶完成,1,0.0000,0.150,0.330
1889.095,ROUNDABOUT_FOLLOW,16.346,0,2.728,0.0000,0.0000,vision,2.728,,,roundabout_blue_guard_right,0.0450,-0.3000,1,line_hard_turn_centering,0.7583,0.7583,0.7583,0.7583,0.2375,1,0,0.0000,0,0.0129,0.0000,0.0000,0.0000,0.7583,-0.3000,IDLE,1,0,step_done_latches_cleared,0,0,0.000,0,nan,nan,nan,0.0000,0,nan,nan,0,5,0.6000,0.5419,0.4485,0.5419,0.0581,本圈台阶完成,1,0.0000,0.150,0.330
1889.274,ROUNDABOUT_FOLLOW,16.525,0,2.728,0.0000,0.0000,vision,2.728,,,roundabout_follow_left_locked,0.0957,-0.0400,1,line_hard_turn_centering,0.6275,0.6101,0.7836,0.7836,0.3863,2,0,0.0000,0,0.0301,0.1735,0.0000,0.1735,0.7258,-0.0400,IDLE,1,0,step_done_latches_cleared,0,0,0.000,0,nan,nan,nan,0.0000,0,nan,nan,0,5,0.6000,0.5419,0.4485,0.5419,0.0581,本圈台阶完成,1,0.0000,0.150,0.330
1889.427,ROUNDABOUT_FOLLOW,16.677,0,2.728,0.0000,0.0000,vision,2.728,,,roundabout_follow_left_locked,0.1050,-0.0400,1,line_hard_turn_centering,0.6930,0.6930,0.6930,0.6930,0.2375,1,0,0.0000,0,0.0301,0.0000,0.0000,0.0000,0.6930,-0.0400,IDLE,1,0,step_done_latches_cleared,0,0,0.000,0,nan,nan,nan,0.0000,0,nan,nan,0,5,0.6000,0.5419,0.4485,0.5419,0.0581,本圈台阶完成,1,0.0000,0.150,0.330
1889.574,ROUNDABOUT_FOLLOW,16.824,0,2.728,0.0000,0.0000,vision,2.728,,,roundabout_follow_left_locked,0.1050,-0.0400,1,line_hard_turn_centering,0.6602,0.6602,0.6602,0.6602,0.2375,1,0,0.0000,0,0.0688,0.0000,0.0000,0.0000,0.6602,-0.0400,IDLE,1,0,step_done_latches_cleared,0,0,0.000,0,nan,nan,nan,0.0000,0,nan,nan,0,5,0.6000,0.5419,0.4485,0.5419,0.0581,本圈台阶完成,1,0.0000,0.150,0.330
1889.710,ROUNDABOUT_FOLLOW,16.961,0,2.728,0.6000,0.0000,vision,2.728,,,roundabout_follow_left_locked,0.1050,-0.0400,1,line_hard_turn_centering,0.6195,0.6195,0.6195,0.6195,0.2375,1,0,0.0000,0,0.0516,0.0000,0.0000,0.0000,0.6195,-0.0400,IDLE,1,0,step_done_latches_cleared,0,0,0.000,0,nan,nan,nan,0.0000,0,nan,nan,0,5,0.6000,0.5419,0.4485,0.5419,0.0581,本圈台阶完成,1,0.0000,0.150,0.330
1889.855,ROUNDABOUT_FOLLOW,17.105,0,2.728,0.0000,0.0000,vision,2.728,,,roundabout_follow_left_locked,0.1050,-0.0400,1,line_hard_turn_centering,0.5438,0.5438,0.5438,0.5438,0.2375,1,0,0.0000,0,0.0688,0.0000,0.0000,0.0000,0.5438,-0.0400,IDLE,1,0,step_done_latches_cleared,0,0,0.000,0,nan,nan,nan,0.0000,0,nan,nan,0,5,0.6000,0.5419,0.4485,0.5419,0.0581,本圈台阶完成,1,0.0000,0.150,0.330
1889.982,ROUNDABOUT_FOLLOW,17.232,0,2.728,0.0000,0.0000,vision,2.728,,,roundabout_follow_left_locked,0.1521,-0.0400,1,line_center_tracking,0.5035,0.5035,0.5035,0.5035,0.2375,1,0,0.0000,0,0.3223,0.0000,0.0000,0.0000,0.5035,-0.0400,IDLE,1,0,step_done_latches_cleared,0,0,0.000,0,nan,nan,nan,0.0000,0,nan,nan,0,5,0.6000,0.5419,0.4485,0.5419,0.0581,本圈台阶完成,1,0.0000,0.150,0.330
1890.127,ROUNDABOUT_FOLLOW,17.377,0,2.728,0.0000,0.0000,vision,2.728,,,roundabout_follow_left_locked,0.1569,-0.0400,1,line_center_tracking,0.4788,0.4788,0.4788,0.4788,0.2375,1,0,0.0000,0,0.1891,0.0000,0.0000,0.0000,0.4788,-0.0400,IDLE,1,0,step_done_latches_cleared,0,0,0.000,0,nan,nan,nan,0.0000,0,nan,nan,0,5,0.6000,0.5419,0.4485,0.5419,0.0581,本圈台阶完成,1,0.0000,0.150,0.330
1890.267,ROUNDABOUT_FOLLOW,17.518,0,2.728,0.0000,0.0000,vision,2.728,,,roundabout_follow_left_locked,0.1604,-0.0400,1,line_center_tracking,0.4609,0.4609,0.4609,0.4609,0.2375,1,0,0.0000,0,0.1805,0.0000,0.0000,0.0000,0.4609,-0.0400,IDLE,1,0,step_done_latches_cleared,0,0,0.000,0,nan,nan,nan,0.0000,0,nan,nan,0,5,0.6000,0.5419,0.4485,0.5419,0.0581,本圈台阶完成,1,0.0000,0.150,0.330
1890.418,ROUNDABOUT_FOLLOW,17.669,0,2.728,0.0000,0.0000,vision,2.728,,,roundabout_follow_left_locked,0.1585,-0.0400,1,line_center_tracking,0.4706,0.4706,0.4706,0.4706,0.2375,1,0,0.0000,0,0.1117,0.0000,0.0000,0.0000,0.4706,-0.0400,IDLE,1,0,step_done_latches_cleared,0,0,0.000,0,nan,nan,nan,0.0000,0,nan,nan,0,5,0.6000,0.5419,0.4485,0.5419,0.0581,本圈台阶完成,1,0.0000,0.150,0.330
1890.559,ROUNDABOUT_FOLLOW,17.809,0,2.728,0.0000,0.0000,vision,2.728,,,roundabout_follow_left_locked,0.1546,-0.0400,1,line_center_tracking,0.4905,0.4905,0.4905,0.4905,0.2375,1,0,0.0000,0,0.3524,0.0000,0.0000,0.0000,0.4905,-0.0400,IDLE,1,0,step_done_latches_cleared,0,0,0.000,0,nan,nan,nan,0.0000,0,nan,nan,0,5,0.6000,0.5419,0.4485,0.5419,0.0581,本圈台阶完成,1,0.0000,0.150,0.330
1890.704,ROUNDABOUT_FOLLOW,17.954,0,2.728,0.6000,0.0000,vision,2.728,,,roundabout_follow_left_locked,0.1992,-0.0400,1,line_center_tracking,0.3358,0.2613,0.5273,0.5273,0.4037,3,0,0.0000,0,0.2750,0.2660,0.0000,0.2660,0.4387,-0.0400,IDLE,1,0,step_done_latches_cleared,0,0,0.000,0,nan,nan,nan,0.0000,0,nan,nan,0,5,0.6000,0.5419,0.4485,0.5419,0.0581,本圈台阶完成,1,0.0000,0.150,0.330
1890.848,ROUNDABOUT_FOLLOW,18.098,0,2.728,0.0000,0.0000,vision,2.728,,,roundabout_follow_left_locked,0.1670,-0.0400,1,line_center_tracking,0.4715,0.4272,0.5855,0.5855,0.3940,2,0,0.0000,0,0.1934,0.1584,0.0000,0.1584,0.5327,-0.0400,IDLE,1,0,step_done_latches_cleared,0,0,0.000,0,nan,nan,nan,0.0000,0,nan,nan,0,5,0.6000,0.5419,0.4485,0.5419,0.0581,本圈台阶完成,1,0.0000,0.150,0.330
1890.999,ROUNDABOUT_FOLLOW,18.249,0,2.728,0.0000,0.0000,vision,2.728,,,roundabout_follow_left_locked,0.1597,-0.0400,1,line_center_tracking,0.5191,0.4643,0.6601,0.6601,0.3748,2,0,0.0000,0,0.1074,0.1959,0.0000,0.1959,0.5948,-0.0400,IDLE,1,0,step_done_latches_cleared,0,0,0.000,0,nan,nan,nan,0.0000,0,nan,nan,0,5,0.6000,0.5419,0.4485,0.5419,0.0581,本圈台阶完成,1,0.0000,0.150,0.330
1891.142,ROUNDABOUT_FOLLOW,18.393,0,2.728,0.0000,0.0000,vision,2.728,,,roundabout_follow_left_locked,0.1091,-0.0400,1,line_hard_turn_centering,0.5575,0.5337,0.7717,0.7717,0.3533,2,0,0.0000,0,0.1719,0.2380,0.0000,0.2380,0.6924,-0.0400,IDLE,1,0,step_done_latches_cleared,0,0,0.000,0,nan,nan,nan,0.0000,0,nan,nan,0,5,0.6000,0.5419,0.4485,0.5419,0.0581,本圈台阶完成,1,0.0000,0.150,0.330
1891.288,ROUNDABOUT_FOLLOW,18.538,0,2.728,0.0000,0.0000,vision,2.728,,,roundabout_blue_guard_right,0.0584,-0.3000,1,line_hard_turn_centering,0.6721,0.6721,0.6721,0.6721,0.2375,1,0,0.0000,0,0.1332,0.0000,0.0000,0.0000,0.6721,-0.3000,IDLE,1,0,step_done_latches_cleared,0,0,0.000,0,nan,nan,nan,0.0000,0,nan,nan,0,5,0.6000,0.5419,0.4485,0.5419,0.0581,本圈台阶完成,1,0.0000,0.150,0.330
1891.438,ROUNDABOUT_FOLLOW,18.689,0,2.728,0.0000,0.0000,vision,2.728,,,roundabout_blue_guard_right,0.0450,-0.3000,1,line_hard_turn_centering,0.7945,0.7945,0.7945,0.7945,0.2375,1,0,0.0000,0,0.1547,0.0000,0.0000,0.0000,0.7945,-0.3000,IDLE,1,0,step_done_latches_cleared,0,0,0.000,0,nan,nan,nan,0.0000,0,nan,nan,0,5,0.6000,0.5419,0.4485,0.5419,0.0581,本圈台阶完成,1,0.0000,0.150,0.330
1891.609,ROUNDABOUT_FOLLOW,18.859,0,2.728,0.0000,0.0000,vision,2.728,,,roundabout_blue_guard_right,0.0450,-0.3000,0,line_too_few_bands,0.0000,0.0000,0.0000,0.0000,0.0000,0,0,0.0000,0,0.1633,0.0000,0.0000,0.0000,0.0000,-0.3000,IDLE,1,0,step_done_latches_cleared,0,0,0.000,0,nan,nan,nan,0.0000,0,nan,nan,0,5,0.6000,0.5419,0.4485,0.5419,0.0581,本圈台阶完成,1,0.0000,0.150,0.330
1891.750,ROUNDABOUT_FOLLOW,19.000,0,2.728,0.0000,0.0000,vision,2.728,,,roundabout_blue_guard_right,0.0450,-0.3000,0,line_too_few_bands,0.0000,0.0000,0.0000,0.0000,0.0000,0,0,0.0000,0,0.1418,0.0000,0.0000,0.0000,0.0000,-0.3000,IDLE,1,0,step_done_latches_cleared,0,0,0.000,0,nan,nan,nan,0.0000,0,nan,nan,0,5,0.6000,0.5419,0.4485,0.5419,0.0581,本圈台阶完成,1,0.0000,0.150,0.330
1891.902,ROUNDABOUT_FOLLOW,19.152,0,2.728,0.0000,0.0000,vision,2.728,,,roundabout_blue_guard_right,0.0450,-0.3000,0,line_too_few_bands,0.0000,0.0000,0.0000,0.0000,0.0000,0,0,0.4117,0,0.1934,0.0000,0.0000,0.0000,0.0000,-0.3000,IDLE,1,0,step_done_latches_cleared,0,0,0.000,0,nan,nan,nan,0.0000,0,nan,nan,0,5,0.6000,0.5419,0.4485,0.5419,0.0581,本圈台阶完成,1,0.0000,0.150,0.330
1892.036,ROUNDABOUT_FOLLOW,19.287,0,2.728,0.0000,0.0000,vision,2.728,,,roundabout_blue_guard_right,0.0450,-0.3000,0,line_too_few_bands,0.0000,0.0000,0.0000,0.0000,0.0000,0,0,0.0000,0,0.0301,0.0000,0.0000,0.0000,0.0000,-0.3000,IDLE,1,0,step_done_latches_cleared,0,0,0.000,0,nan,nan,nan,0.0000,0,nan,nan,0,5,0.6000,0.5419,0.4485,0.5419,0.0581,本圈台阶完成,1,0.0000,0.150,0.330
1892.169,ROUNDABOUT_FOLLOW,19.419,0,2.728,0.0000,0.0000,vision,2.728,,,roundabout_blue_guard_right,0.0450,-0.3000,0,line_too_few_bands,0.0000,0.0000,0.0000,0.0000,0.0000,0,0,0.0000,0,0.0645,0.0000,0.0000,0.0000,0.0000,-0.3000,IDLE,1,0,step_done_latches_cleared,0,0,0.000,0,nan,nan,nan,0.0000,0,nan,nan,0,5,0.6000,0.5419,0.4485,0.5419,0.0581,本圈台阶完成,1,0.0000,0.150,0.330
1892.384,ROUNDABOUT_FOLLOW,19.634,0,2.728,0.0000,0.0000,vision,2.728,,,roundabout_blue_guard_right,0.0450,-0.3000,0,line_too_few_bands,0.0000,0.0000,0.0000,0.0000,0.0000,0,0,0.0000,0,0.0258,0.0000,0.0000,0.0000,0.0000,-0.3000,IDLE,1,0,step_done_latches_cleared,0,0,0.000,0,nan,nan,nan,0.0000,0,nan,nan,0,5,0.6000,0.5419,0.4485,0.5419,0.0581,本圈台阶完成,1,0.0000,0.150,0.330
1892.530,ROUNDABOUT_FOLLOW,19.781,0,2.728,0.0000,0.0000,vision,2.728,,,roundabout_blue_guard_right,0.0450,-0.3000,0,line_too_few_bands,0.0000,0.0000,0.0000,0.0000,0.0000,0,0,0.0000,0,0.0645,0.0000,0.0000,0.0000,0.0000,-0.3000,IDLE,1,0,step_done_latches_cleared,0,0,0.000,0,nan,nan,nan,0.0000,0,nan,nan,0,5,0.6000,0.5419,0.4485,0.5419,0.0581,本圈台阶完成,1,0.0000,0.150,0.330
1892.686,ROUNDABOUT_FOLLOW,19.936,0,2.728,0.0000,0.0000,vision,2.728,,,roundabout_blue_guard_right,0.0450,-0.3000,0,line_too_few_bands,0.0000,0.0000,0.0000,0.0000,0.0000,0,0,0.0000,0,0.0602,0.0000,0.0000,0.0000,0.0000,-0.3000,IDLE,1,0,step_done_latches_cleared,0,0,0.000,0,nan,nan,nan,0.0000,0,nan,nan,0,5,0.6000,0.5419,0.4485,0.5419,0.0581,本圈台阶完成,1,0.0000,0.150,0.330
1892.818,ROUNDABOUT_FOLLOW,20.069,0,2.728,0.0000,0.0000,vision,2.728,,,roundabout_blue_guard_right,0.0450,-0.3000,0,line_too_few_bands,0.0000,0.0000,0.0000,0.0000,0.0000,0,0,0.0000,0,0.0645,0.0000,0.0000,0.0000,0.0000,-0.3000,IDLE,1,0,step_done_latches_cleared,0,0,0.000,0,nan,nan,nan,0.0000,0,nan,nan,0,5,0.6000,0.5419,0.4485,0.5419,0.0581,本圈台阶完成,1,0.0000,0.150,0.330
1892.950,ROUNDABOUT_FOLLOW,20.200,0,2.728,0.0000,0.0000,vision,2.728,,,roundabout_blue_guard_right,0.0450,-0.3000,0,line_too_few_bands,0.0000,0.0000,0.0000,0.0000,0.0000,0,0,0.0000,0,0.1160,0.0000,0.0000,0.0000,0.0000,-0.3000,IDLE,1,0,step_done_latches_cleared,0,0,0.000,0,nan,nan,nan,0.0000,0,nan,nan,0,5,0.6000,0.5419,0.4485,0.5419,0.0581,本圈台阶完成,1,0.0000,0.150,0.330
1893.090,ROUNDABOUT_FOLLOW,20.340,0,2.728,0.0000,0.0000,vision,2.728,,,roundabout_blue_guard_right,0.0450,-0.3000,1,line_hard_turn_centering,0.7626,0.7626,0.7626,0.7626,0.2375,1,0,0.0000,0,0.0817,0.0000,0.0000,0.0000,0.7626,-0.3000,IDLE,1,0,step_done_latches_cleared,0,0,0.000,0,nan,nan,nan,0.0000,0,nan,nan,0,5,0.6000,0.5419,0.4485,0.5419,0.0581,本圈台阶完成,1,0.0000,0.150,0.330
1893.227,ROUNDABOUT_FOLLOW,20.477,0,2.728,0.0000,0.0000,vision,2.728,,,roundabout_blue_guard_right,0.0450,-0.3000,0,line_too_few_bands,0.0000,0.0000,0.0000,0.0000,0.0000,0,0,0.0000,0,0.1375,0.0000,0.0000,0.0000,0.0000,-0.3000,IDLE,1,0,step_done_latches_cleared,0,0,0.000,0,nan,nan,nan,0.0000,0,nan,nan,0,5,0.6000,0.5419,0.4485,0.5419,0.0581,本圈台阶完成,1,0.0000,0.150,0.330
1893.327,ROUNDABOUT_FOLLOW,20.577,0,2.728,0.0000,0.0000,vision,2.728,,,roundabout_blue_guard_right,0.0450,-0.3000,1,line_center_tracking,0.5078,0.4823,0.5735,0.5735,0.2184,2,0,0.0000,0,0.1289,0.0912,0.0000,0.0912,0.5431,-0.3000,IDLE,1,0,step_done_latches_cleared,0,0,0.000,0,nan,nan,nan,0.0000,0,nan,nan,0,5,0.6000,0.5419,0.4485,0.5419,0.0581,本圈台阶完成,1,0.0000,0.150,0.330
1893.491,ROUNDABOUT_FOLLOW,20.741,0,2.728,0.0000,0.0000,vision,2.728,,,roundabout_blue_guard_right,0.0450,-0.3000,1,line_center_tracking,0.3755,0.3608,0.4134,0.4134,0.3271,2,0,0.0000,0,0.1289,0.0526,0.0000,0.0526,0.3958,-0.3000,IDLE,1,0,step_done_latches_cleared,0,0,0.000,0,nan,nan,nan,0.0000,0,nan,nan,0,5,0.6000,0.5419,0.4485,0.5419,0.0581,本圈台阶完成,1,0.0000,0.150,0.330
1893.628,ROUNDABOUT_FOLLOW,20.878,0,2.728,0.0000,0.0000,vision,2.728,,,roundabout_follow_left_locked,0.0957,-0.0400,1,line_center_tracking,0.2564,0.2453,0.2851,0.2851,0.3629,2,0,0.0000,0,0.0559,0.0399,0.0000,0.0399,0.2718,-0.0400,IDLE,1,0,step_done_latches_cleared,0,0,0.000,0,nan,nan,nan,0.0000,0,nan,nan,0,5,0.6000,0.5419,0.4485,0.5419,0.0581,本圈台阶完成,1,0.0000,0.150,0.330
1893.794,ROUNDABOUT_FOLLOW,21.045,0,2.728,0.2000,0.0000,vision,2.728,,,roundabout_follow_left_locked,0.1463,-0.0400,1,line_center_tracking,0.1525,0.1447,0.1727,0.1727,0.3961,2,0,0.0000,0,0.0688,0.0280,0.0000,0.0280,0.1634,-0.0400,IDLE,1,0,step_done_latches_cleared,0,0,0.000,0,nan,nan,nan,0.0000,0,nan,nan,0,5,0.6000,0.5419,0.4485,0.5419,0.0581,本圈台阶完成,1,0.0000,0.150,0.330
1893.931,ROUNDABOUT_FOLLOW,21.181,0,2.728,0.0000,0.0000,vision,2.728,,,roundabout_follow_left_locked,0.1970,-0.0400,1,line_center_tracking,0.1034,0.0677,0.1954,0.1954,0.5097,3,0,0.0000,0,0.0774,0.1277,0.0000,0.1277,0.1528,-0.0400,IDLE,1,0,step_done_latches_cleared,0,0,0.000,0,nan,nan,nan,0.0000,0,nan,nan,0,5,0.6000,0.5419,0.4485,0.5419,0.0581,本圈台阶完成,1,0.0000,0.150,0.330
1894.099,ROUNDABOUT_FOLLOW,21.349,0,2.728,0.0000,0.0000,vision,2.728,,,roundabout_follow_left_locked,0.2397,-0.0400,1,line_center_tracking,0.0484,0.0431,0.0623,0.0623,0.4210,2,0,0.0000,0,0.0559,0.0192,0.0000,0.0192,0.0559,-0.0400,IDLE,1,0,step_done_latches_cleared,0,0,0.000,0,nan,nan,nan,0.0000,0,nan,nan,0,5,0.6000,0.5419,0.4485,0.5419,0.0581,本圈台阶完成,1,0.0000,0.150,0.330
1894.244,ROUNDABOUT_FOLLOW,21.494,0,2.728,0.0000,0.0000,vision,2.728,,,roundabout_follow_left_locked,0.2153,-0.0400,1,line_center_tracking,0.0643,0.0076,0.2102,0.2102,0.4968,3,0,0.0000,0,0.0258,0.2026,0.0000,0.2026,0.1427,-0.0400,IDLE,1,0,step_done_latches_cleared,0,0,0.000,0,nan,nan,nan,0.0000,0,nan,nan,0,5,0.6000,0.5419,0.4485,0.5419,0.0581,本圈台阶完成,1,0.0000,0.150,0.330
1894.390,ROUNDABOUT_FOLLOW,21.641,0,2.728,0.0000,0.0000,vision,2.728,,,roundabout_follow_left_locked,0.2431,-0.0269,1,line_center_tracking,-0.0278,-0.0325,-0.0157,-0.0157,0.4275,2,0,0.0000,0,0.0215,0.0169,0.0000,0.0169,-0.0213,-0.0269,IDLE,1,0,step_done_latches_cleared,0,0,0.000,0,nan,nan,nan,0.0000,0,nan,nan,0,5,0.6000,0.5419,0.4485,0.5419,0.0581,本圈台阶完成,1,0.0000,0.150,0.330
1894.536,ROUNDABOUT_FOLLOW,21.786,0,2.728,0.0000,0.0000,vision,2.728,,,roundabout_follow_left_locked,0.2405,0.0096,1,line_center_tracking,-0.0437,-0.0491,-0.0296,-0.0296,0.4202,2,0,0.0000,0,0.0043,0.0195,0.0000,0.0195,-0.0361,0.0000,IDLE,1,0,step_done_latches_cleared,0,0,0.000,0,nan,nan,nan,0.0000,0,nan,nan,0,5,0.6000,0.5419,0.4485,0.5419,0.0581,本圈台阶完成,1,0.0000,0.150,0.330
