[0.263s] DEBUG:colcon:Command line arguments: ['/usr/bin/colcon', 'build']
[0.263s] DEBUG:colcon:Parsed command line arguments: Namespace(log_base=None, log_level=None, verb_name='build', build_base='build', install_base='install', merge_install=False, symlink_install=False, test_result_base=None, continue_on_error=False, executor='parallel', parallel_workers=8, event_handlers=None, ignore_user_meta=False, metas=['./colcon.meta'], base_paths=['.'], packages_ignore=None, packages_ignore_regex=None, paths=None, packages_up_to=None, packages_up_to_regex=None, packages_above=None, packages_above_and_dependencies=None, packages_above_depth=None, packages_select_by_dep=None, packages_skip_by_dep=None, packages_skip_up_to=None, packages_select_build_failed=False, packages_skip_build_finished=False, packages_select_test_failures=False, packages_skip_test_passed=False, packages_select=None, packages_skip=None, packages_select_regex=None, packages_skip_regex=None, packages_start=None, packages_end=None, cmake_args=None, cmake_target=None, cmake_target_skip_unavailable=False, cmake_clean_cache=False, cmake_clean_first=False, cmake_force_configure=False, ament_cmake_args=None, catkin_cmake_args=None, catkin_skip_building_tests=False, verb_parser=<colcon_defaults.argument_parser.defaults.DefaultArgumentsDecorator object at 0x7f87263670>, verb_extension=<colcon_core.verb.build.BuildVerb object at 0x7f87414460>, main=<bound method BuildVerb.main of <colcon_core.verb.build.BuildVerb object at 0x7f87414460>>)
[0.545s] Level 1:colcon.colcon_core.package_discovery:discover_packages(colcon_meta) check parameters
[0.546s] Level 1:colcon.colcon_core.package_discovery:discover_packages(recursive) check parameters
[0.546s] Level 1:colcon.colcon_core.package_discovery:discover_packages(ignore) check parameters
[0.546s] Level 1:colcon.colcon_core.package_discovery:discover_packages(path) check parameters
[0.546s] Level 1:colcon.colcon_core.package_discovery:discover_packages(colcon_meta) discover
[0.546s] Level 1:colcon.colcon_core.package_discovery:discover_packages(recursive) discover
[0.546s] INFO:colcon.colcon_core.package_discovery:Crawling recursively for packages in '/home/orangepi/wheel_robot'
[0.546s] Level 1:colcon.colcon_core.package_identification:_identify(.) by extensions ['ignore', 'ignore_ament_install']
[0.547s] Level 1:colcon.colcon_core.package_identification:_identify(.) by extension 'ignore'
[0.547s] Level 1:colcon.colcon_core.package_identification:_identify(.) by extension 'ignore_ament_install'
[0.547s] Level 1:colcon.colcon_core.package_identification:_identify(.) by extensions ['colcon_pkg']
[0.547s] Level 1:colcon.colcon_core.package_identification:_identify(.) by extension 'colcon_pkg'
[0.547s] Level 1:colcon.colcon_core.package_identification:_identify(.) by extensions ['colcon_meta']
[0.547s] Level 1:colcon.colcon_core.package_identification:_identify(.) by extension 'colcon_meta'
[0.547s] Level 1:colcon.colcon_core.package_identification:_identify(.) by extensions ['ros']
[0.547s] Level 1:colcon.colcon_core.package_identification:_identify(.) by extension 'ros'
[0.573s] Level 1:colcon.colcon_core.package_identification:_identify(.) by extensions ['cmake', 'python']
[0.574s] Level 1:colcon.colcon_core.package_identification:_identify(.) by extension 'cmake'
[0.574s] Level 1:colcon.colcon_core.package_identification:_identify(.) by extension 'python'
[0.574s] Level 1:colcon.colcon_core.package_identification:_identify(.) by extensions ['python_setup_py']
[0.574s] Level 1:colcon.colcon_core.package_identification:_identify(.) by extension 'python_setup_py'
[0.580s] Level 1:colcon.colcon_core.package_identification:_identify(__pycache__) by extensions ['ignore', 'ignore_ament_install']
[0.580s] Level 1:colcon.colcon_core.package_identification:_identify(__pycache__) by extension 'ignore'
[0.581s] Level 1:colcon.colcon_core.package_identification:_identify(__pycache__) by extension 'ignore_ament_install'
[0.581s] Level 1:colcon.colcon_core.package_identification:_identify(__pycache__) by extensions ['colcon_pkg']
[0.581s] Level 1:colcon.colcon_core.package_identification:_identify(__pycache__) by extension 'colcon_pkg'
[0.581s] Level 1:colcon.colcon_core.package_identification:_identify(__pycache__) by extensions ['colcon_meta']
[0.581s] Level 1:colcon.colcon_core.package_identification:_identify(__pycache__) by extension 'colcon_meta'
[0.581s] Level 1:colcon.colcon_core.package_identification:_identify(__pycache__) by extensions ['ros']
[0.581s] Level 1:colcon.colcon_core.package_identification:_identify(__pycache__) by extension 'ros'
[0.581s] Level 1:colcon.colcon_core.package_identification:_identify(__pycache__) by extensions ['cmake', 'python']
[0.581s] Level 1:colcon.colcon_core.package_identification:_identify(__pycache__) by extension 'cmake'
[0.581s] Level 1:colcon.colcon_core.package_identification:_identify(__pycache__) by extension 'python'
[0.581s] Level 1:colcon.colcon_core.package_identification:_identify(__pycache__) by extensions ['python_setup_py']
[0.581s] Level 1:colcon.colcon_core.package_identification:_identify(__pycache__) by extension 'python_setup_py'
[0.582s] Level 1:colcon.colcon_core.package_identification:_identify(build) by extensions ['ignore', 'ignore_ament_install']
[0.582s] Level 1:colcon.colcon_core.package_identification:_identify(build) by extension 'ignore'
[0.582s] Level 1:colcon.colcon_core.package_identification:_identify(build) ignored
[0.582s] Level 1:colcon.colcon_core.package_identification:_identify(install) by extensions ['ignore', 'ignore_ament_install']
[0.582s] Level 1:colcon.colcon_core.package_identification:_identify(install) by extension 'ignore'
[0.582s] Level 1:colcon.colcon_core.package_identification:_identify(install) ignored
[0.582s] Level 1:colcon.colcon_core.package_identification:_identify(log) by extensions ['ignore', 'ignore_ament_install']
[0.583s] Level 1:colcon.colcon_core.package_identification:_identify(log) by extension 'ignore'
[0.583s] Level 1:colcon.colcon_core.package_identification:_identify(log) ignored
[0.583s] Level 1:colcon.colcon_core.package_identification:_identify(src) by extensions ['ignore', 'ignore_ament_install']
[0.583s] Level 1:colcon.colcon_core.package_identification:_identify(src) by extension 'ignore'
[0.584s] Level 1:colcon.colcon_core.package_identification:_identify(src) by extension 'ignore_ament_install'
[0.584s] Level 1:colcon.colcon_core.package_identification:_identify(src) by extensions ['colcon_pkg']
[0.584s] Level 1:colcon.colcon_core.package_identification:_identify(src) by extension 'colcon_pkg'
[0.584s] Level 1:colcon.colcon_core.package_identification:_identify(src) by extensions ['colcon_meta']
[0.584s] Level 1:colcon.colcon_core.package_identification:_identify(src) by extension 'colcon_meta'
[0.584s] Level 1:colcon.colcon_core.package_identification:_identify(src) by extensions ['ros']
[0.584s] Level 1:colcon.colcon_core.package_identification:_identify(src) by extension 'ros'
[0.584s] Level 1:colcon.colcon_core.package_identification:_identify(src) by extensions ['cmake', 'python']
[0.584s] Level 1:colcon.colcon_core.package_identification:_identify(src) by extension 'cmake'
[0.584s] Level 1:colcon.colcon_core.package_identification:_identify(src) by extension 'python'
[0.584s] Level 1:colcon.colcon_core.package_identification:_identify(src) by extensions ['python_setup_py']
[0.584s] Level 1:colcon.colcon_core.package_identification:_identify(src) by extension 'python_setup_py'
[0.585s] Level 1:colcon.colcon_core.package_identification:_identify(src/lesson12_ros_conversion) by extensions ['ignore', 'ignore_ament_install']
[0.585s] Level 1:colcon.colcon_core.package_identification:_identify(src/lesson12_ros_conversion) by extension 'ignore'
[0.585s] Level 1:colcon.colcon_core.package_identification:_identify(src/lesson12_ros_conversion) by extension 'ignore_ament_install'
[0.585s] Level 1:colcon.colcon_core.package_identification:_identify(src/lesson12_ros_conversion) by extensions ['colcon_pkg']
[0.585s] Level 1:colcon.colcon_core.package_identification:_identify(src/lesson12_ros_conversion) by extension 'colcon_pkg'
[0.585s] Level 1:colcon.colcon_core.package_identification:_identify(src/lesson12_ros_conversion) by extensions ['colcon_meta']
[0.585s] Level 1:colcon.colcon_core.package_identification:_identify(src/lesson12_ros_conversion) by extension 'colcon_meta'
[0.585s] Level 1:colcon.colcon_core.package_identification:_identify(src/lesson12_ros_conversion) by extensions ['ros']
[0.586s] Level 1:colcon.colcon_core.package_identification:_identify(src/lesson12_ros_conversion) by extension 'ros'
[0.593s] DEBUG:colcon.colcon_core.package_identification:Package 'src/lesson12_ros_conversion' with type 'ros.ament_cmake' and name 'lesson12_ros_conversion'
[0.594s] Level 1:colcon.colcon_core.package_identification:_identify(src/motor_temperature_pkg) by extensions ['ignore', 'ignore_ament_install']
[0.594s] Level 1:colcon.colcon_core.package_identification:_identify(src/motor_temperature_pkg) by extension 'ignore'
[0.594s] Level 1:colcon.colcon_core.package_identification:_identify(src/motor_temperature_pkg) by extension 'ignore_ament_install'
[0.594s] Level 1:colcon.colcon_core.package_identification:_identify(src/motor_temperature_pkg) by extensions ['colcon_pkg']
[0.594s] Level 1:colcon.colcon_core.package_identification:_identify(src/motor_temperature_pkg) by extension 'colcon_pkg'
[0.594s] Level 1:colcon.colcon_core.package_identification:_identify(src/motor_temperature_pkg) by extensions ['colcon_meta']
[0.595s] Level 1:colcon.colcon_core.package_identification:_identify(src/motor_temperature_pkg) by extension 'colcon_meta'
[0.595s] Level 1:colcon.colcon_core.package_identification:_identify(src/motor_temperature_pkg) by extensions ['ros']
[0.595s] Level 1:colcon.colcon_core.package_identification:_identify(src/motor_temperature_pkg) by extension 'ros'
[0.597s] DEBUG:colcon.colcon_core.package_identification:Package 'src/motor_temperature_pkg' with type 'ros.ament_cmake' and name 'motor_temperature_pkg'
[0.597s] Level 1:colcon.colcon_core.package_identification:_identify(src/wheel_legged_urdf_pkg) by extensions ['ignore', 'ignore_ament_install']
[0.597s] Level 1:colcon.colcon_core.package_identification:_identify(src/wheel_legged_urdf_pkg) by extension 'ignore'
[0.597s] Level 1:colcon.colcon_core.package_identification:_identify(src/wheel_legged_urdf_pkg) by extension 'ignore_ament_install'
[0.598s] Level 1:colcon.colcon_core.package_identification:_identify(src/wheel_legged_urdf_pkg) by extensions ['colcon_pkg']
[0.598s] Level 1:colcon.colcon_core.package_identification:_identify(src/wheel_legged_urdf_pkg) by extension 'colcon_pkg'
[0.598s] Level 1:colcon.colcon_core.package_identification:_identify(src/wheel_legged_urdf_pkg) by extensions ['colcon_meta']
[0.598s] Level 1:colcon.colcon_core.package_identification:_identify(src/wheel_legged_urdf_pkg) by extension 'colcon_meta'
[0.598s] Level 1:colcon.colcon_core.package_identification:_identify(src/wheel_legged_urdf_pkg) by extensions ['ros']
[0.598s] Level 1:colcon.colcon_core.package_identification:_identify(src/wheel_legged_urdf_pkg) by extension 'ros'
[0.599s] DEBUG:colcon.colcon_core.package_identification:Package 'src/wheel_legged_urdf_pkg' with type 'ros.ament_cmake' and name 'wheel_legged_urdf_pkg'
[0.600s] Level 1:colcon.colcon_core.package_identification:_identify(src/wheel_robot) by extensions ['ignore', 'ignore_ament_install']
[0.600s] Level 1:colcon.colcon_core.package_identification:_identify(src/wheel_robot) by extension 'ignore'
[0.600s] Level 1:colcon.colcon_core.package_identification:_identify(src/wheel_robot) by extension 'ignore_ament_install'
[0.600s] Level 1:colcon.colcon_core.package_identification:_identify(src/wheel_robot) by extensions ['colcon_pkg']
[0.600s] Level 1:colcon.colcon_core.package_identification:_identify(src/wheel_robot) by extension 'colcon_pkg'
[0.600s] Level 1:colcon.colcon_core.package_identification:_identify(src/wheel_robot) by extensions ['colcon_meta']
[0.600s] Level 1:colcon.colcon_core.package_identification:_identify(src/wheel_robot) by extension 'colcon_meta'
[0.600s] Level 1:colcon.colcon_core.package_identification:_identify(src/wheel_robot) by extensions ['ros']
[0.601s] Level 1:colcon.colcon_core.package_identification:_identify(src/wheel_robot) by extension 'ros'
[0.603s] DEBUG:colcon.colcon_core.package_identification:Package 'src/wheel_robot' with type 'ros.ament_cmake' and name 'wheel_robot'
[0.604s] Level 1:colcon.colcon_core.package_identification:_identify(src/wheel_robot_demos) by extensions ['ignore', 'ignore_ament_install']
[0.604s] Level 1:colcon.colcon_core.package_identification:_identify(src/wheel_robot_demos) by extension 'ignore'
[0.604s] Level 1:colcon.colcon_core.package_identification:_identify(src/wheel_robot_demos) by extension 'ignore_ament_install'
[0.604s] Level 1:colcon.colcon_core.package_identification:_identify(src/wheel_robot_demos) by extensions ['colcon_pkg']
[0.604s] Level 1:colcon.colcon_core.package_identification:_identify(src/wheel_robot_demos) by extension 'colcon_pkg'
[0.604s] Level 1:colcon.colcon_core.package_identification:_identify(src/wheel_robot_demos) by extensions ['colcon_meta']
[0.604s] Level 1:colcon.colcon_core.package_identification:_identify(src/wheel_robot_demos) by extension 'colcon_meta'
[0.604s] Level 1:colcon.colcon_core.package_identification:_identify(src/wheel_robot_demos) by extensions ['ros']
[0.604s] Level 1:colcon.colcon_core.package_identification:_identify(src/wheel_robot_demos) by extension 'ros'
[0.606s] DEBUG:colcon.colcon_core.package_identification:Package 'src/wheel_robot_demos' with type 'ros.ament_cmake' and name 'wheel_robot_demos'
[0.607s] Level 1:colcon.colcon_core.package_identification:_identify(src/wheeled_legged_pkg) by extensions ['ignore', 'ignore_ament_install']
[0.607s] Level 1:colcon.colcon_core.package_identification:_identify(src/wheeled_legged_pkg) by extension 'ignore'
[0.607s] Level 1:colcon.colcon_core.package_identification:_identify(src/wheeled_legged_pkg) by extension 'ignore_ament_install'
[0.607s] Level 1:colcon.colcon_core.package_identification:_identify(src/wheeled_legged_pkg) by extensions ['colcon_pkg']
[0.607s] Level 1:colcon.colcon_core.package_identification:_identify(src/wheeled_legged_pkg) by extension 'colcon_pkg'
[0.607s] Level 1:colcon.colcon_core.package_identification:_identify(src/wheeled_legged_pkg) by extensions ['colcon_meta']
[0.607s] Level 1:colcon.colcon_core.package_identification:_identify(src/wheeled_legged_pkg) by extension 'colcon_meta'
[0.608s] Level 1:colcon.colcon_core.package_identification:_identify(src/wheeled_legged_pkg) by extensions ['ros']
[0.608s] Level 1:colcon.colcon_core.package_identification:_identify(src/wheeled_legged_pkg) by extension 'ros'
[0.610s] DEBUG:colcon.colcon_core.package_identification:Package 'src/wheeled_legged_pkg' with type 'ros.ament_cmake' and name 'wheeled_legged_pkg'
[0.611s] Level 1:colcon.colcon_core.package_identification:_identify(vision_course) by extensions ['ignore', 'ignore_ament_install']
[0.611s] Level 1:colcon.colcon_core.package_identification:_identify(vision_course) by extension 'ignore'
[0.611s] Level 1:colcon.colcon_core.package_identification:_identify(vision_course) by extension 'ignore_ament_install'
[0.611s] Level 1:colcon.colcon_core.package_identification:_identify(vision_course) by extensions ['colcon_pkg']
[0.612s] Level 1:colcon.colcon_core.package_identification:_identify(vision_course) by extension 'colcon_pkg'
[0.612s] Level 1:colcon.colcon_core.package_identification:_identify(vision_course) by extensions ['colcon_meta']
[0.612s] Level 1:colcon.colcon_core.package_identification:_identify(vision_course) by extension 'colcon_meta'
[0.612s] Level 1:colcon.colcon_core.package_identification:_identify(vision_course) by extensions ['ros']
[0.612s] Level 1:colcon.colcon_core.package_identification:_identify(vision_course) by extension 'ros'
[0.612s] Level 1:colcon.colcon_core.package_identification:_identify(vision_course) by extensions ['cmake', 'python']
[0.612s] Level 1:colcon.colcon_core.package_identification:_identify(vision_course) by extension 'cmake'
[0.612s] Level 1:colcon.colcon_core.package_identification:_identify(vision_course) by extension 'python'
[0.612s] Level 1:colcon.colcon_core.package_identification:_identify(vision_course) by extensions ['python_setup_py']
[0.612s] Level 1:colcon.colcon_core.package_identification:_identify(vision_course) by extension 'python_setup_py'
[0.613s] Level 1:colcon.colcon_core.package_identification:_identify(vision_course/datasets) by extensions ['ignore', 'ignore_ament_install']
[0.613s] Level 1:colcon.colcon_core.package_identification:_identify(vision_course/datasets) by extension 'ignore'
[0.613s] Level 1:colcon.colcon_core.package_identification:_identify(vision_course/datasets) by extension 'ignore_ament_install'
[0.613s] Level 1:colcon.colcon_core.package_identification:_identify(vision_course/datasets) by extensions ['colcon_pkg']
[0.613s] Level 1:colcon.colcon_core.package_identification:_identify(vision_course/datasets) by extension 'colcon_pkg'
[0.613s] Level 1:colcon.colcon_core.package_identification:_identify(vision_course/datasets) by extensions ['colcon_meta']
[0.613s] Level 1:colcon.colcon_core.package_identification:_identify(vision_course/datasets) by extension 'colcon_meta'
[0.613s] Level 1:colcon.colcon_core.package_identification:_identify(vision_course/datasets) by extensions ['ros']
[0.613s] Level 1:colcon.colcon_core.package_identification:_identify(vision_course/datasets) by extension 'ros'
[0.613s] Level 1:colcon.colcon_core.package_identification:_identify(vision_course/datasets) by extensions ['cmake', 'python']
[0.613s] Level 1:colcon.colcon_core.package_identification:_identify(vision_course/datasets) by extension 'cmake'
[0.614s] Level 1:colcon.colcon_core.package_identification:_identify(vision_course/datasets) by extension 'python'
[0.614s] Level 1:colcon.colcon_core.package_identification:_identify(vision_course/datasets) by extensions ['python_setup_py']
[0.614s] Level 1:colcon.colcon_core.package_identification:_identify(vision_course/datasets) by extension 'python_setup_py'
[0.614s] Level 1:colcon.colcon_core.package_identification:_identify(vision_course/images) by extensions ['ignore', 'ignore_ament_install']
[0.614s] Level 1:colcon.colcon_core.package_identification:_identify(vision_course/images) by extension 'ignore'
[0.614s] Level 1:colcon.colcon_core.package_identification:_identify(vision_course/images) by extension 'ignore_ament_install'
[0.614s] Level 1:colcon.colcon_core.package_identification:_identify(vision_course/images) by extensions ['colcon_pkg']
[0.615s] Level 1:colcon.colcon_core.package_identification:_identify(vision_course/images) by extension 'colcon_pkg'
[0.615s] Level 1:colcon.colcon_core.package_identification:_identify(vision_course/images) by extensions ['colcon_meta']
[0.615s] Level 1:colcon.colcon_core.package_identification:_identify(vision_course/images) by extension 'colcon_meta'
[0.615s] Level 1:colcon.colcon_core.package_identification:_identify(vision_course/images) by extensions ['ros']
[0.615s] Level 1:colcon.colcon_core.package_identification:_identify(vision_course/images) by extension 'ros'
[0.615s] Level 1:colcon.colcon_core.package_identification:_identify(vision_course/images) by extensions ['cmake', 'python']
[0.615s] Level 1:colcon.colcon_core.package_identification:_identify(vision_course/images) by extension 'cmake'
[0.615s] Level 1:colcon.colcon_core.package_identification:_identify(vision_course/images) by extension 'python'
[0.615s] Level 1:colcon.colcon_core.package_identification:_identify(vision_course/images) by extensions ['python_setup_py']
[0.615s] Level 1:colcon.colcon_core.package_identification:_identify(vision_course/images) by extension 'python_setup_py'
[0.616s] Level 1:colcon.colcon_core.package_identification:_identify(vision_course/images/calibration) by extensions ['ignore', 'ignore_ament_install']
[0.616s] Level 1:colcon.colcon_core.package_identification:_identify(vision_course/images/calibration) by extension 'ignore'
[0.616s] Level 1:colcon.colcon_core.package_identification:_identify(vision_course/images/calibration) by extension 'ignore_ament_install'
[0.616s] Level 1:colcon.colcon_core.package_identification:_identify(vision_course/images/calibration) by extensions ['colcon_pkg']
[0.616s] Level 1:colcon.colcon_core.package_identification:_identify(vision_course/images/calibration) by extension 'colcon_pkg'
[0.616s] Level 1:colcon.colcon_core.package_identification:_identify(vision_course/images/calibration) by extensions ['colcon_meta']
[0.616s] Level 1:colcon.colcon_core.package_identification:_identify(vision_course/images/calibration) by extension 'colcon_meta'
[0.616s] Level 1:colcon.colcon_core.package_identification:_identify(vision_course/images/calibration) by extensions ['ros']
[0.616s] Level 1:colcon.colcon_core.package_identification:_identify(vision_course/images/calibration) by extension 'ros'
[0.616s] Level 1:colcon.colcon_core.package_identification:_identify(vision_course/images/calibration) by extensions ['cmake', 'python']
[0.616s] Level 1:colcon.colcon_core.package_identification:_identify(vision_course/images/calibration) by extension 'cmake'
[0.616s] Level 1:colcon.colcon_core.package_identification:_identify(vision_course/images/calibration) by extension 'python'
[0.617s] Level 1:colcon.colcon_core.package_identification:_identify(vision_course/images/calibration) by extensions ['python_setup_py']
[0.617s] Level 1:colcon.colcon_core.package_identification:_identify(vision_course/images/calibration) by extension 'python_setup_py'
[0.617s] Level 1:colcon.colcon_core.package_identification:_identify(vision_course/logs) by extensions ['ignore', 'ignore_ament_install']
[0.617s] Level 1:colcon.colcon_core.package_identification:_identify(vision_course/logs) by extension 'ignore'
[0.617s] Level 1:colcon.colcon_core.package_identification:_identify(vision_course/logs) by extension 'ignore_ament_install'
[0.617s] Level 1:colcon.colcon_core.package_identification:_identify(vision_course/logs) by extensions ['colcon_pkg']
[0.617s] Level 1:colcon.colcon_core.package_identification:_identify(vision_course/logs) by extension 'colcon_pkg'
[0.617s] Level 1:colcon.colcon_core.package_identification:_identify(vision_course/logs) by extensions ['colcon_meta']
[0.617s] Level 1:colcon.colcon_core.package_identification:_identify(vision_course/logs) by extension 'colcon_meta'
[0.618s] Level 1:colcon.colcon_core.package_identification:_identify(vision_course/logs) by extensions ['ros']
[0.618s] Level 1:colcon.colcon_core.package_identification:_identify(vision_course/logs) by extension 'ros'
[0.618s] Level 1:colcon.colcon_core.package_identification:_identify(vision_course/logs) by extensions ['cmake', 'python']
[0.618s] Level 1:colcon.colcon_core.package_identification:_identify(vision_course/logs) by extension 'cmake'
[0.618s] Level 1:colcon.colcon_core.package_identification:_identify(vision_course/logs) by extension 'python'
[0.618s] Level 1:colcon.colcon_core.package_identification:_identify(vision_course/logs) by extensions ['python_setup_py']
[0.618s] Level 1:colcon.colcon_core.package_identification:_identify(vision_course/logs) by extension 'python_setup_py'
[0.619s] Level 1:colcon.colcon_core.package_identification:_identify(vision_course/models) by extensions ['ignore', 'ignore_ament_install']
[0.619s] Level 1:colcon.colcon_core.package_identification:_identify(vision_course/models) by extension 'ignore'
[0.619s] Level 1:colcon.colcon_core.package_identification:_identify(vision_course/models) by extension 'ignore_ament_install'
[0.619s] Level 1:colcon.colcon_core.package_identification:_identify(vision_course/models) by extensions ['colcon_pkg']
[0.619s] Level 1:colcon.colcon_core.package_identification:_identify(vision_course/models) by extension 'colcon_pkg'
[0.619s] Level 1:colcon.colcon_core.package_identification:_identify(vision_course/models) by extensions ['colcon_meta']
[0.619s] Level 1:colcon.colcon_core.package_identification:_identify(vision_course/models) by extension 'colcon_meta'
[0.619s] Level 1:colcon.colcon_core.package_identification:_identify(vision_course/models) by extensions ['ros']
[0.619s] Level 1:colcon.colcon_core.package_identification:_identify(vision_course/models) by extension 'ros'
[0.619s] Level 1:colcon.colcon_core.package_identification:_identify(vision_course/models) by extensions ['cmake', 'python']
[0.619s] Level 1:colcon.colcon_core.package_identification:_identify(vision_course/models) by extension 'cmake'
[0.619s] Level 1:colcon.colcon_core.package_identification:_identify(vision_course/models) by extension 'python'
[0.620s] Level 1:colcon.colcon_core.package_identification:_identify(vision_course/models) by extensions ['python_setup_py']
[0.620s] Level 1:colcon.colcon_core.package_identification:_identify(vision_course/models) by extension 'python_setup_py'
[0.620s] Level 1:colcon.colcon_core.package_identification:_identify(vision_course/src) by extensions ['ignore', 'ignore_ament_install']
[0.620s] Level 1:colcon.colcon_core.package_identification:_identify(vision_course/src) by extension 'ignore'
[0.620s] Level 1:colcon.colcon_core.package_identification:_identify(vision_course/src) by extension 'ignore_ament_install'
[0.620s] Level 1:colcon.colcon_core.package_identification:_identify(vision_course/src) by extensions ['colcon_pkg']
[0.620s] Level 1:colcon.colcon_core.package_identification:_identify(vision_course/src) by extension 'colcon_pkg'
[0.620s] Level 1:colcon.colcon_core.package_identification:_identify(vision_course/src) by extensions ['colcon_meta']
[0.620s] Level 1:colcon.colcon_core.package_identification:_identify(vision_course/src) by extension 'colcon_meta'
[0.621s] Level 1:colcon.colcon_core.package_identification:_identify(vision_course/src) by extensions ['ros']
[0.621s] Level 1:colcon.colcon_core.package_identification:_identify(vision_course/src) by extension 'ros'
[0.621s] Level 1:colcon.colcon_core.package_identification:_identify(vision_course/src) by extensions ['cmake', 'python']
[0.621s] Level 1:colcon.colcon_core.package_identification:_identify(vision_course/src) by extension 'cmake'
[0.621s] Level 1:colcon.colcon_core.package_identification:_identify(vision_course/src) by extension 'python'
[0.621s] Level 1:colcon.colcon_core.package_identification:_identify(vision_course/src) by extensions ['python_setup_py']
[0.621s] Level 1:colcon.colcon_core.package_identification:_identify(vision_course/src) by extension 'python_setup_py'
[0.621s] Level 1:colcon.colcon_core.package_identification:_identify(vision_course/src/__pycache__) by extensions ['ignore', 'ignore_ament_install']
[0.621s] Level 1:colcon.colcon_core.package_identification:_identify(vision_course/src/__pycache__) by extension 'ignore'
[0.621s] Level 1:colcon.colcon_core.package_identification:_identify(vision_course/src/__pycache__) by extension 'ignore_ament_install'
[0.622s] Level 1:colcon.colcon_core.package_identification:_identify(vision_course/src/__pycache__) by extensions ['colcon_pkg']
[0.622s] Level 1:colcon.colcon_core.package_identification:_identify(vision_course/src/__pycache__) by extension 'colcon_pkg'
[0.622s] Level 1:colcon.colcon_core.package_identification:_identify(vision_course/src/__pycache__) by extensions ['colcon_meta']
[0.622s] Level 1:colcon.colcon_core.package_identification:_identify(vision_course/src/__pycache__) by extension 'colcon_meta'
[0.622s] Level 1:colcon.colcon_core.package_identification:_identify(vision_course/src/__pycache__) by extensions ['ros']
[0.622s] Level 1:colcon.colcon_core.package_identification:_identify(vision_course/src/__pycache__) by extension 'ros'
[0.622s] Level 1:colcon.colcon_core.package_identification:_identify(vision_course/src/__pycache__) by extensions ['cmake', 'python']
[0.622s] Level 1:colcon.colcon_core.package_identification:_identify(vision_course/src/__pycache__) by extension 'cmake'
[0.622s] Level 1:colcon.colcon_core.package_identification:_identify(vision_course/src/__pycache__) by extension 'python'
[0.622s] Level 1:colcon.colcon_core.package_identification:_identify(vision_course/src/__pycache__) by extensions ['python_setup_py']
[0.622s] Level 1:colcon.colcon_core.package_identification:_identify(vision_course/src/__pycache__) by extension 'python_setup_py'
[0.623s] Level 1:colcon.colcon_core.package_identification:_identify(vision_course/videos) by extensions ['ignore', 'ignore_ament_install']
[0.623s] Level 1:colcon.colcon_core.package_identification:_identify(vision_course/videos) by extension 'ignore'
[0.623s] Level 1:colcon.colcon_core.package_identification:_identify(vision_course/videos) by extension 'ignore_ament_install'
[0.623s] Level 1:colcon.colcon_core.package_identification:_identify(vision_course/videos) by extensions ['colcon_pkg']
[0.623s] Level 1:colcon.colcon_core.package_identification:_identify(vision_course/videos) by extension 'colcon_pkg'
[0.623s] Level 1:colcon.colcon_core.package_identification:_identify(vision_course/videos) by extensions ['colcon_meta']
[0.623s] Level 1:colcon.colcon_core.package_identification:_identify(vision_course/videos) by extension 'colcon_meta'
[0.623s] Level 1:colcon.colcon_core.package_identification:_identify(vision_course/videos) by extensions ['ros']
[0.623s] Level 1:colcon.colcon_core.package_identification:_identify(vision_course/videos) by extension 'ros'
[0.623s] Level 1:colcon.colcon_core.package_identification:_identify(vision_course/videos) by extensions ['cmake', 'python']
[0.623s] Level 1:colcon.colcon_core.package_identification:_identify(vision_course/videos) by extension 'cmake'
[0.624s] Level 1:colcon.colcon_core.package_identification:_identify(vision_course/videos) by extension 'python'
[0.624s] Level 1:colcon.colcon_core.package_identification:_identify(vision_course/videos) by extensions ['python_setup_py']
[0.624s] Level 1:colcon.colcon_core.package_identification:_identify(vision_course/videos) by extension 'python_setup_py'
[0.624s] Level 1:colcon.colcon_core.package_discovery:discover_packages(recursive) using defaults
[0.624s] Level 1:colcon.colcon_core.package_discovery:discover_packages(ignore) discover
[0.624s] Level 1:colcon.colcon_core.package_discovery:discover_packages(ignore) using defaults
[0.624s] Level 1:colcon.colcon_core.package_discovery:discover_packages(path) discover
[0.624s] Level 1:colcon.colcon_core.package_discovery:discover_packages(path) using defaults
[0.674s] Level 5:colcon.colcon_core.verb:set package 'lesson12_ros_conversion' build argument 'cmake_args' from command line to 'None'
[0.674s] Level 5:colcon.colcon_core.verb:set package 'lesson12_ros_conversion' build argument 'cmake_target' from command line to 'None'
[0.674s] Level 5:colcon.colcon_core.verb:set package 'lesson12_ros_conversion' build argument 'cmake_target_skip_unavailable' from command line to 'False'
[0.674s] Level 5:colcon.colcon_core.verb:set package 'lesson12_ros_conversion' build argument 'cmake_clean_cache' from command line to 'False'
[0.674s] Level 5:colcon.colcon_core.verb:set package 'lesson12_ros_conversion' build argument 'cmake_clean_first' from command line to 'False'
[0.674s] Level 5:colcon.colcon_core.verb:set package 'lesson12_ros_conversion' build argument 'cmake_force_configure' from command line to 'False'
[0.674s] Level 5:colcon.colcon_core.verb:set package 'lesson12_ros_conversion' build argument 'ament_cmake_args' from command line to 'None'
[0.674s] Level 5:colcon.colcon_core.verb:set package 'lesson12_ros_conversion' build argument 'catkin_cmake_args' from command line to 'None'
[0.674s] Level 5:colcon.colcon_core.verb:set package 'lesson12_ros_conversion' build argument 'catkin_skip_building_tests' from command line to 'False'
[0.674s] DEBUG:colcon.colcon_core.verb:Building package 'lesson12_ros_conversion' with the following arguments: {'ament_cmake_args': None, 'build_base': '/home/orangepi/wheel_robot/build/lesson12_ros_conversion', 'catkin_cmake_args': None, 'catkin_skip_building_tests': False, 'cmake_args': None, 'cmake_clean_cache': False, 'cmake_clean_first': False, 'cmake_force_configure': False, 'cmake_target': None, 'cmake_target_skip_unavailable': False, 'install_base': '/home/orangepi/wheel_robot/install/lesson12_ros_conversion', 'merge_install': False, 'path': '/home/orangepi/wheel_robot/src/lesson12_ros_conversion', 'symlink_install': False, 'test_result_base': None}
[0.675s] Level 5:colcon.colcon_core.verb:set package 'motor_temperature_pkg' build argument 'cmake_args' from command line to 'None'
[0.675s] Level 5:colcon.colcon_core.verb:set package 'motor_temperature_pkg' build argument 'cmake_target' from command line to 'None'
[0.675s] Level 5:colcon.colcon_core.verb:set package 'motor_temperature_pkg' build argument 'cmake_target_skip_unavailable' from command line to 'False'
[0.675s] Level 5:colcon.colcon_core.verb:set package 'motor_temperature_pkg' build argument 'cmake_clean_cache' from command line to 'False'
[0.675s] Level 5:colcon.colcon_core.verb:set package 'motor_temperature_pkg' build argument 'cmake_clean_first' from command line to 'False'
[0.675s] Level 5:colcon.colcon_core.verb:set package 'motor_temperature_pkg' build argument 'cmake_force_configure' from command line to 'False'
[0.675s] Level 5:colcon.colcon_core.verb:set package 'motor_temperature_pkg' build argument 'ament_cmake_args' from command line to 'None'
[0.675s] Level 5:colcon.colcon_core.verb:set package 'motor_temperature_pkg' build argument 'catkin_cmake_args' from command line to 'None'
[0.675s] Level 5:colcon.colcon_core.verb:set package 'motor_temperature_pkg' build argument 'catkin_skip_building_tests' from command line to 'False'
[0.676s] DEBUG:colcon.colcon_core.verb:Building package 'motor_temperature_pkg' with the following arguments: {'ament_cmake_args': None, 'build_base': '/home/orangepi/wheel_robot/build/motor_temperature_pkg', 'catkin_cmake_args': None, 'catkin_skip_building_tests': False, 'cmake_args': None, 'cmake_clean_cache': False, 'cmake_clean_first': False, 'cmake_force_configure': False, 'cmake_target': None, 'cmake_target_skip_unavailable': False, 'install_base': '/home/orangepi/wheel_robot/install/motor_temperature_pkg', 'merge_install': False, 'path': '/home/orangepi/wheel_robot/src/motor_temperature_pkg', 'symlink_install': False, 'test_result_base': None}
[0.676s] Level 5:colcon.colcon_core.verb:set package 'wheel_legged_urdf_pkg' build argument 'cmake_args' from command line to 'None'
[0.676s] Level 5:colcon.colcon_core.verb:set package 'wheel_legged_urdf_pkg' build argument 'cmake_target' from command line to 'None'
[0.676s] Level 5:colcon.colcon_core.verb:set package 'wheel_legged_urdf_pkg' build argument 'cmake_target_skip_unavailable' from command line to 'False'
[0.676s] Level 5:colcon.colcon_core.verb:set package 'wheel_legged_urdf_pkg' build argument 'cmake_clean_cache' from command line to 'False'
[0.676s] Level 5:colcon.colcon_core.verb:set package 'wheel_legged_urdf_pkg' build argument 'cmake_clean_first' from command line to 'False'
[0.676s] Level 5:colcon.colcon_core.verb:set package 'wheel_legged_urdf_pkg' build argument 'cmake_force_configure' from command line to 'False'
[0.676s] Level 5:colcon.colcon_core.verb:set package 'wheel_legged_urdf_pkg' build argument 'ament_cmake_args' from command line to 'None'
[0.676s] Level 5:colcon.colcon_core.verb:set package 'wheel_legged_urdf_pkg' build argument 'catkin_cmake_args' from command line to 'None'
[0.676s] Level 5:colcon.colcon_core.verb:set package 'wheel_legged_urdf_pkg' build argument 'catkin_skip_building_tests' from command line to 'False'
[0.676s] DEBUG:colcon.colcon_core.verb:Building package 'wheel_legged_urdf_pkg' with the following arguments: {'ament_cmake_args': None, 'build_base': '/home/orangepi/wheel_robot/build/wheel_legged_urdf_pkg', 'catkin_cmake_args': None, 'catkin_skip_building_tests': False, 'cmake_args': None, 'cmake_clean_cache': False, 'cmake_clean_first': False, 'cmake_force_configure': False, 'cmake_target': None, 'cmake_target_skip_unavailable': False, 'install_base': '/home/orangepi/wheel_robot/install/wheel_legged_urdf_pkg', 'merge_install': False, 'path': '/home/orangepi/wheel_robot/src/wheel_legged_urdf_pkg', 'symlink_install': False, 'test_result_base': None}
[0.677s] Level 5:colcon.colcon_core.verb:set package 'wheel_robot_demos' build argument 'cmake_args' from command line to 'None'
[0.677s] Level 5:colcon.colcon_core.verb:set package 'wheel_robot_demos' build argument 'cmake_target' from command line to 'None'
[0.677s] Level 5:colcon.colcon_core.verb:set package 'wheel_robot_demos' build argument 'cmake_target_skip_unavailable' from command line to 'False'
[0.677s] Level 5:colcon.colcon_core.verb:set package 'wheel_robot_demos' build argument 'cmake_clean_cache' from command line to 'False'
[0.677s] Level 5:colcon.colcon_core.verb:set package 'wheel_robot_demos' build argument 'cmake_clean_first' from command line to 'False'
[0.677s] Level 5:colcon.colcon_core.verb:set package 'wheel_robot_demos' build argument 'cmake_force_configure' from command line to 'False'
[0.677s] Level 5:colcon.colcon_core.verb:set package 'wheel_robot_demos' build argument 'ament_cmake_args' from command line to 'None'
[0.677s] Level 5:colcon.colcon_core.verb:set package 'wheel_robot_demos' build argument 'catkin_cmake_args' from command line to 'None'
[0.677s] Level 5:colcon.colcon_core.verb:set package 'wheel_robot_demos' build argument 'catkin_skip_building_tests' from command line to 'False'
[0.677s] DEBUG:colcon.colcon_core.verb:Building package 'wheel_robot_demos' with the following arguments: {'ament_cmake_args': None, 'build_base': '/home/orangepi/wheel_robot/build/wheel_robot_demos', 'catkin_cmake_args': None, 'catkin_skip_building_tests': False, 'cmake_args': None, 'cmake_clean_cache': False, 'cmake_clean_first': False, 'cmake_force_configure': False, 'cmake_target': None, 'cmake_target_skip_unavailable': False, 'install_base': '/home/orangepi/wheel_robot/install/wheel_robot_demos', 'merge_install': False, 'path': '/home/orangepi/wheel_robot/src/wheel_robot_demos', 'symlink_install': False, 'test_result_base': None}
[0.678s] Level 5:colcon.colcon_core.verb:set package 'wheeled_legged_pkg' build argument 'cmake_args' from command line to 'None'
[0.678s] Level 5:colcon.colcon_core.verb:set package 'wheeled_legged_pkg' build argument 'cmake_target' from command line to 'None'
[0.678s] Level 5:colcon.colcon_core.verb:set package 'wheeled_legged_pkg' build argument 'cmake_target_skip_unavailable' from command line to 'False'
[0.678s] Level 5:colcon.colcon_core.verb:set package 'wheeled_legged_pkg' build argument 'cmake_clean_cache' from command line to 'False'
[0.678s] Level 5:colcon.colcon_core.verb:set package 'wheeled_legged_pkg' build argument 'cmake_clean_first' from command line to 'False'
[0.678s] Level 5:colcon.colcon_core.verb:set package 'wheeled_legged_pkg' build argument 'cmake_force_configure' from command line to 'False'
[0.678s] Level 5:colcon.colcon_core.verb:set package 'wheeled_legged_pkg' build argument 'ament_cmake_args' from command line to 'None'
[0.678s] Level 5:colcon.colcon_core.verb:set package 'wheeled_legged_pkg' build argument 'catkin_cmake_args' from command line to 'None'
[0.678s] Level 5:colcon.colcon_core.verb:set package 'wheeled_legged_pkg' build argument 'catkin_skip_building_tests' from command line to 'False'
[0.678s] DEBUG:colcon.colcon_core.verb:Building package 'wheeled_legged_pkg' with the following arguments: {'ament_cmake_args': None, 'build_base': '/home/orangepi/wheel_robot/build/wheeled_legged_pkg', 'catkin_cmake_args': None, 'catkin_skip_building_tests': False, 'cmake_args': None, 'cmake_clean_cache': False, 'cmake_clean_first': False, 'cmake_force_configure': False, 'cmake_target': None, 'cmake_target_skip_unavailable': False, 'install_base': '/home/orangepi/wheel_robot/install/wheeled_legged_pkg', 'merge_install': False, 'path': '/home/orangepi/wheel_robot/src/wheeled_legged_pkg', 'symlink_install': False, 'test_result_base': None}
[0.679s] Level 5:colcon.colcon_core.verb:set package 'wheel_robot' build argument 'cmake_args' from command line to 'None'
[0.679s] Level 5:colcon.colcon_core.verb:set package 'wheel_robot' build argument 'cmake_target' from command line to 'None'
[0.679s] Level 5:colcon.colcon_core.verb:set package 'wheel_robot' build argument 'cmake_target_skip_unavailable' from command line to 'False'
[0.679s] Level 5:colcon.colcon_core.verb:set package 'wheel_robot' build argument 'cmake_clean_cache' from command line to 'False'
[0.679s] Level 5:colcon.colcon_core.verb:set package 'wheel_robot' build argument 'cmake_clean_first' from command line to 'False'
[0.679s] Level 5:colcon.colcon_core.verb:set package 'wheel_robot' build argument 'cmake_force_configure' from command line to 'False'
[0.679s] Level 5:colcon.colcon_core.verb:set package 'wheel_robot' build argument 'ament_cmake_args' from command line to 'None'
[0.679s] Level 5:colcon.colcon_core.verb:set package 'wheel_robot' build argument 'catkin_cmake_args' from command line to 'None'
[0.679s] Level 5:colcon.colcon_core.verb:set package 'wheel_robot' build argument 'catkin_skip_building_tests' from command line to 'False'
[0.679s] DEBUG:colcon.colcon_core.verb:Building package 'wheel_robot' with the following arguments: {'ament_cmake_args': None, 'build_base': '/home/orangepi/wheel_robot/build/wheel_robot', 'catkin_cmake_args': None, 'catkin_skip_building_tests': False, 'cmake_args': None, 'cmake_clean_cache': False, 'cmake_clean_first': False, 'cmake_force_configure': False, 'cmake_target': None, 'cmake_target_skip_unavailable': False, 'install_base': '/home/orangepi/wheel_robot/install/wheel_robot', 'merge_install': False, 'path': '/home/orangepi/wheel_robot/src/wheel_robot', 'symlink_install': False, 'test_result_base': None}
[0.679s] INFO:colcon.colcon_core.executor:Executing jobs using 'parallel' executor
[0.682s] DEBUG:colcon.colcon_parallel_executor.executor.parallel:run_until_complete
[0.682s] INFO:colcon.colcon_ros.task.ament_cmake.build:Building ROS package in '/home/orangepi/wheel_robot/src/motor_temperature_pkg' with build type 'ament_cmake'
[0.683s] INFO:colcon.colcon_cmake.task.cmake.build:Building CMake package in '/home/orangepi/wheel_robot/src/motor_temperature_pkg'
[0.691s] INFO:colcon.colcon_core.plugin_system:Skipping extension 'colcon_core.shell.bat': Not used on non-Windows systems
[0.691s] INFO:colcon.colcon_core.shell:Skip shell extension 'powershell' for command environment: Not usable outside of PowerShell
[0.692s] DEBUG:colcon.colcon_core.shell:Skip shell extension 'dsv' for command environment
[0.694s] WARNING:colcon.colcon_ros.prefix_path.ament:The path '/home/orangepi/wheel_robot/install/wheel_robot' in the environment variable AMENT_PREFIX_PATH doesn't exist
[0.694s] WARNING:colcon.colcon_ros.prefix_path.ament:The path '/home/orangepi/wheel_robot/install/wheeled_legged_pkg' in the environment variable AMENT_PREFIX_PATH doesn't exist
[0.694s] WARNING:colcon.colcon_ros.prefix_path.ament:The path '/home/orangepi/wheel_robot/install/wheel_robot_demos' in the environment variable AMENT_PREFIX_PATH doesn't exist
[0.694s] WARNING:colcon.colcon_ros.prefix_path.ament:The path '/home/orangepi/wheel_robot/install/wheel_legged_urdf_pkg' in the environment variable AMENT_PREFIX_PATH doesn't exist
[0.694s] WARNING:colcon.colcon_ros.prefix_path.ament:The path '/home/orangepi/wheel_robot/install/simple_follower_ros2' in the environment variable AMENT_PREFIX_PATH doesn't exist
[0.694s] WARNING:colcon.colcon_ros.prefix_path.ament:The path '/home/orangepi/wheel_robot/install/motor_temperature_pkg' in the environment variable AMENT_PREFIX_PATH doesn't exist
[0.694s] WARNING:colcon.colcon_ros.prefix_path.ament:The path '/home/orangepi/wheel_robot/install/lesson12_ros_conversion' in the environment variable AMENT_PREFIX_PATH doesn't exist
[0.694s] WARNING:colcon.colcon_ros.prefix_path.catkin:The path '/home/orangepi/wheel_robot/install/wheel_robot' in the environment variable CMAKE_PREFIX_PATH doesn't exist
[0.694s] WARNING:colcon.colcon_ros.prefix_path.catkin:The path '/home/orangepi/wheel_robot/install/wheeled_legged_pkg' in the environment variable CMAKE_PREFIX_PATH doesn't exist
[0.694s] WARNING:colcon.colcon_ros.prefix_path.catkin:The path '/home/orangepi/wheel_robot/install/wheel_robot_demos' in the environment variable CMAKE_PREFIX_PATH doesn't exist
[0.694s] WARNING:colcon.colcon_ros.prefix_path.catkin:The path '/home/orangepi/wheel_robot/install/wheel_legged_urdf_pkg' in the environment variable CMAKE_PREFIX_PATH doesn't exist
[0.695s] WARNING:colcon.colcon_ros.prefix_path.catkin:The path '/home/orangepi/wheel_robot/install/motor_temperature_pkg' in the environment variable CMAKE_PREFIX_PATH doesn't exist
[0.695s] WARNING:colcon.colcon_ros.prefix_path.catkin:The path '/home/orangepi/wheel_robot/install/lesson12_ros_conversion' in the environment variable CMAKE_PREFIX_PATH doesn't exist
[0.707s] INFO:colcon.colcon_ros.task.ament_cmake.build:Building ROS package in '/home/orangepi/wheel_robot/src/lesson12_ros_conversion' with build type 'ament_cmake'
[0.707s] INFO:colcon.colcon_cmake.task.cmake.build:Building CMake package in '/home/orangepi/wheel_robot/src/lesson12_ros_conversion'
[0.708s] INFO:colcon.colcon_core.shell:Skip shell extension 'powershell' for command environment: Not usable outside of PowerShell
[0.708s] DEBUG:colcon.colcon_core.shell:Skip shell extension 'dsv' for command environment
[0.714s] INFO:colcon.colcon_ros.task.ament_cmake.build:Building ROS package in '/home/orangepi/wheel_robot/src/wheel_legged_urdf_pkg' with build type 'ament_cmake'
[0.714s] INFO:colcon.colcon_cmake.task.cmake.build:Building CMake package in '/home/orangepi/wheel_robot/src/wheel_legged_urdf_pkg'
[0.715s] INFO:colcon.colcon_core.shell:Skip shell extension 'powershell' for command environment: Not usable outside of PowerShell
[0.715s] DEBUG:colcon.colcon_core.shell:Skip shell extension 'dsv' for command environment
[0.721s] INFO:colcon.colcon_ros.task.ament_cmake.build:Building ROS package in '/home/orangepi/wheel_robot/src/wheel_robot_demos' with build type 'ament_cmake'
[0.721s] INFO:colcon.colcon_cmake.task.cmake.build:Building CMake package in '/home/orangepi/wheel_robot/src/wheel_robot_demos'
[0.722s] INFO:colcon.colcon_core.shell:Skip shell extension 'powershell' for command environment: Not usable outside of PowerShell
[0.722s] DEBUG:colcon.colcon_core.shell:Skip shell extension 'dsv' for command environment
[0.770s] DEBUG:colcon.colcon_core.event_handler.log_command:Invoking command in '/home/orangepi/wheel_robot/build/motor_temperature_pkg': CMAKE_PREFIX_PATH=${CMAKE_PREFIX_PATH}:/home/orangepi/wheel_robot/install/simple_follower_ros2:/opt/ros/humble /usr/bin/cmake /home/orangepi/wheel_robot/src/motor_temperature_pkg -DCMAKE_INSTALL_PREFIX=/home/orangepi/wheel_robot/install/motor_temperature_pkg
[0.787s] DEBUG:colcon.colcon_core.event_handler.log_command:Invoking command in '/home/orangepi/wheel_robot/build/lesson12_ros_conversion': CMAKE_PREFIX_PATH=${CMAKE_PREFIX_PATH}:/home/orangepi/wheel_robot/install/simple_follower_ros2:/opt/ros/humble /usr/bin/cmake /home/orangepi/wheel_robot/src/lesson12_ros_conversion -DCMAKE_INSTALL_PREFIX=/home/orangepi/wheel_robot/install/lesson12_ros_conversion
[0.794s] DEBUG:colcon.colcon_core.event_handler.log_command:Invoking command in '/home/orangepi/wheel_robot/build/wheel_legged_urdf_pkg': CMAKE_PREFIX_PATH=${CMAKE_PREFIX_PATH}:/home/orangepi/wheel_robot/install/simple_follower_ros2:/opt/ros/humble /usr/bin/cmake /home/orangepi/wheel_robot/src/wheel_legged_urdf_pkg -DCMAKE_INSTALL_PREFIX=/home/orangepi/wheel_robot/install/wheel_legged_urdf_pkg
[0.803s] DEBUG:colcon.colcon_core.event_handler.log_command:Invoking command in '/home/orangepi/wheel_robot/build/wheel_robot_demos': CMAKE_PREFIX_PATH=${CMAKE_PREFIX_PATH}:/home/orangepi/wheel_robot/install/simple_follower_ros2:/opt/ros/humble /usr/bin/cmake /home/orangepi/wheel_robot/src/wheel_robot_demos -DCMAKE_INSTALL_PREFIX=/home/orangepi/wheel_robot/install/wheel_robot_demos
[3.332s] DEBUG:colcon.colcon_core.event_handler.log_command:Invoked command in '/home/orangepi/wheel_robot/build/wheel_legged_urdf_pkg' returned '0': CMAKE_PREFIX_PATH=${CMAKE_PREFIX_PATH}:/home/orangepi/wheel_robot/install/simple_follower_ros2:/opt/ros/humble /usr/bin/cmake /home/orangepi/wheel_robot/src/wheel_legged_urdf_pkg -DCMAKE_INSTALL_PREFIX=/home/orangepi/wheel_robot/install/wheel_legged_urdf_pkg
[3.342s] DEBUG:colcon.colcon_core.event_handler.log_command:Invoking command in '/home/orangepi/wheel_robot/build/wheel_legged_urdf_pkg': CMAKE_PREFIX_PATH=${CMAKE_PREFIX_PATH}:/home/orangepi/wheel_robot/install/simple_follower_ros2:/opt/ros/humble /usr/bin/cmake --build /home/orangepi/wheel_robot/build/wheel_legged_urdf_pkg -- -j8 -l8
[3.349s] DEBUG:colcon.colcon_core.event_handler.log_command:Invoked command in '/home/orangepi/wheel_robot/build/wheel_robot_demos' returned '0': CMAKE_PREFIX_PATH=${CMAKE_PREFIX_PATH}:/home/orangepi/wheel_robot/install/simple_follower_ros2:/opt/ros/humble /usr/bin/cmake /home/orangepi/wheel_robot/src/wheel_robot_demos -DCMAKE_INSTALL_PREFIX=/home/orangepi/wheel_robot/install/wheel_robot_demos
[3.356s] DEBUG:colcon.colcon_core.event_handler.log_command:Invoking command in '/home/orangepi/wheel_robot/build/wheel_robot_demos': CMAKE_PREFIX_PATH=${CMAKE_PREFIX_PATH}:/home/orangepi/wheel_robot/install/simple_follower_ros2:/opt/ros/humble /usr/bin/cmake --build /home/orangepi/wheel_robot/build/wheel_robot_demos -- -j8 -l8
[3.462s] DEBUG:colcon.colcon_core.event_handler.log_command:Invoked command in '/home/orangepi/wheel_robot/build/wheel_legged_urdf_pkg' returned '0': CMAKE_PREFIX_PATH=${CMAKE_PREFIX_PATH}:/home/orangepi/wheel_robot/install/simple_follower_ros2:/opt/ros/humble /usr/bin/cmake --build /home/orangepi/wheel_robot/build/wheel_legged_urdf_pkg -- -j8 -l8
[3.503s] DEBUG:colcon.colcon_core.event_handler.log_command:Invoking command in '/home/orangepi/wheel_robot/build/wheel_legged_urdf_pkg': CMAKE_PREFIX_PATH=${CMAKE_PREFIX_PATH}:/home/orangepi/wheel_robot/install/simple_follower_ros2:/opt/ros/humble /usr/bin/cmake --install /home/orangepi/wheel_robot/build/wheel_legged_urdf_pkg
[3.511s] DEBUG:colcon.colcon_core.event_handler.log_command:Invoked command in '/home/orangepi/wheel_robot/build/wheel_robot_demos' returned '0': CMAKE_PREFIX_PATH=${CMAKE_PREFIX_PATH}:/home/orangepi/wheel_robot/install/simple_follower_ros2:/opt/ros/humble /usr/bin/cmake --build /home/orangepi/wheel_robot/build/wheel_robot_demos -- -j8 -l8
[3.518s] DEBUG:colcon.colcon_core.event_handler.log_command:Invoking command in '/home/orangepi/wheel_robot/build/wheel_robot_demos': CMAKE_PREFIX_PATH=${CMAKE_PREFIX_PATH}:/home/orangepi/wheel_robot/install/simple_follower_ros2:/opt/ros/humble /usr/bin/cmake --install /home/orangepi/wheel_robot/build/wheel_robot_demos
[3.562s] Level 1:colcon.colcon_core.environment:create_environment_scripts_only(wheel_robot_demos)
[3.574s] DEBUG:colcon.colcon_core.event_handler.log_command:Invoked command in '/home/orangepi/wheel_robot/build/wheel_robot_demos' returned '0': CMAKE_PREFIX_PATH=${CMAKE_PREFIX_PATH}:/home/orangepi/wheel_robot/install/simple_follower_ros2:/opt/ros/humble /usr/bin/cmake --install /home/orangepi/wheel_robot/build/wheel_robot_demos
[3.592s] Level 1:colcon.colcon_core.environment:checking '/home/orangepi/wheel_robot/install/wheel_robot_demos' for CMake module files
[3.596s] Level 1:colcon.colcon_core.environment:checking '/home/orangepi/wheel_robot/install/wheel_robot_demos' for CMake config files
[3.598s] Level 1:colcon.colcon_core.shell:create_environment_hook('wheel_robot_demos', 'cmake_prefix_path')
[3.599s] INFO:colcon.colcon_core.shell:Creating environment hook '/home/orangepi/wheel_robot/install/wheel_robot_demos/share/wheel_robot_demos/hook/cmake_prefix_path.ps1'
[3.603s] INFO:colcon.colcon_core.shell:Creating environment descriptor '/home/orangepi/wheel_robot/install/wheel_robot_demos/share/wheel_robot_demos/hook/cmake_prefix_path.dsv'
[3.607s] INFO:colcon.colcon_core.shell:Creating environment hook '/home/orangepi/wheel_robot/install/wheel_robot_demos/share/wheel_robot_demos/hook/cmake_prefix_path.sh'
[3.613s] Level 1:colcon.colcon_core.environment:checking '/home/orangepi/wheel_robot/install/wheel_robot_demos/lib'
[3.615s] Level 1:colcon.colcon_core.environment:checking '/home/orangepi/wheel_robot/install/wheel_robot_demos/bin'
[3.615s] Level 1:colcon.colcon_core.environment:checking '/home/orangepi/wheel_robot/install/wheel_robot_demos/lib/pkgconfig/wheel_robot_demos.pc'
[3.624s] Level 1:colcon.colcon_core.environment:checking '/home/orangepi/wheel_robot/install/wheel_robot_demos/lib/python3.10/site-packages'
[3.627s] Level 1:colcon.colcon_core.environment:checking '/home/orangepi/wheel_robot/install/wheel_robot_demos/bin'
[3.629s] INFO:colcon.colcon_core.shell:Creating package script '/home/orangepi/wheel_robot/install/wheel_robot_demos/share/wheel_robot_demos/package.ps1'
[3.632s] INFO:colcon.colcon_core.shell:Creating package descriptor '/home/orangepi/wheel_robot/install/wheel_robot_demos/share/wheel_robot_demos/package.dsv'
[3.634s] INFO:colcon.colcon_core.shell:Creating package script '/home/orangepi/wheel_robot/install/wheel_robot_demos/share/wheel_robot_demos/package.sh'
[3.636s] INFO:colcon.colcon_core.shell:Creating package script '/home/orangepi/wheel_robot/install/wheel_robot_demos/share/wheel_robot_demos/package.bash'
[3.638s] INFO:colcon.colcon_core.shell:Creating package script '/home/orangepi/wheel_robot/install/wheel_robot_demos/share/wheel_robot_demos/package.zsh'
[3.639s] Level 1:colcon.colcon_core.environment:create_file_with_runtime_dependencies(/home/orangepi/wheel_robot/install/wheel_robot_demos/share/colcon-core/packages/wheel_robot_demos)
[3.641s] Level 1:colcon.colcon_core.environment:create_environment_scripts_only(wheel_robot_demos)
[3.642s] Level 1:colcon.colcon_core.environment:checking '/home/orangepi/wheel_robot/install/wheel_robot_demos' for CMake module files
[3.643s] Level 1:colcon.colcon_core.environment:checking '/home/orangepi/wheel_robot/install/wheel_robot_demos' for CMake config files
[3.644s] Level 1:colcon.colcon_core.shell:create_environment_hook('wheel_robot_demos', 'cmake_prefix_path')
[3.644s] INFO:colcon.colcon_core.shell:Creating environment hook '/home/orangepi/wheel_robot/install/wheel_robot_demos/share/wheel_robot_demos/hook/cmake_prefix_path.ps1'
[3.646s] INFO:colcon.colcon_core.shell:Creating environment descriptor '/home/orangepi/wheel_robot/install/wheel_robot_demos/share/wheel_robot_demos/hook/cmake_prefix_path.dsv'
[3.647s] INFO:colcon.colcon_core.shell:Creating environment hook '/home/orangepi/wheel_robot/install/wheel_robot_demos/share/wheel_robot_demos/hook/cmake_prefix_path.sh'
[3.649s] Level 1:colcon.colcon_core.environment:checking '/home/orangepi/wheel_robot/install/wheel_robot_demos/lib'
[3.649s] Level 1:colcon.colcon_core.environment:checking '/home/orangepi/wheel_robot/install/wheel_robot_demos/bin'
[3.649s] Level 1:colcon.colcon_core.environment:checking '/home/orangepi/wheel_robot/install/wheel_robot_demos/lib/pkgconfig/wheel_robot_demos.pc'
[3.649s] Level 1:colcon.colcon_core.environment:checking '/home/orangepi/wheel_robot/install/wheel_robot_demos/lib/python3.10/site-packages'
[3.650s] Level 1:colcon.colcon_core.environment:checking '/home/orangepi/wheel_robot/install/wheel_robot_demos/bin'
[3.651s] INFO:colcon.colcon_core.shell:Creating package script '/home/orangepi/wheel_robot/install/wheel_robot_demos/share/wheel_robot_demos/package.ps1'
[3.656s] INFO:colcon.colcon_core.shell:Creating package descriptor '/home/orangepi/wheel_robot/install/wheel_robot_demos/share/wheel_robot_demos/package.dsv'
[3.665s] INFO:colcon.colcon_core.shell:Creating package script '/home/orangepi/wheel_robot/install/wheel_robot_demos/share/wheel_robot_demos/package.sh'
[3.669s] INFO:colcon.colcon_core.shell:Creating package script '/home/orangepi/wheel_robot/install/wheel_robot_demos/share/wheel_robot_demos/package.bash'
[3.673s] INFO:colcon.colcon_core.shell:Creating package script '/home/orangepi/wheel_robot/install/wheel_robot_demos/share/wheel_robot_demos/package.zsh'
[3.679s] Level 1:colcon.colcon_core.environment:create_file_with_runtime_dependencies(/home/orangepi/wheel_robot/install/wheel_robot_demos/share/colcon-core/packages/wheel_robot_demos)
[4.379s] Level 1:colcon.colcon_core.environment:create_environment_scripts_only(wheel_legged_urdf_pkg)
[4.380s] Level 1:colcon.colcon_core.environment:checking '/home/orangepi/wheel_robot/install/wheel_legged_urdf_pkg' for CMake module files
[4.382s] DEBUG:colcon.colcon_core.event_handler.log_command:Invoked command in '/home/orangepi/wheel_robot/build/wheel_legged_urdf_pkg' returned '0': CMAKE_PREFIX_PATH=${CMAKE_PREFIX_PATH}:/home/orangepi/wheel_robot/install/simple_follower_ros2:/opt/ros/humble /usr/bin/cmake --install /home/orangepi/wheel_robot/build/wheel_legged_urdf_pkg
[4.383s] Level 1:colcon.colcon_core.environment:checking '/home/orangepi/wheel_robot/install/wheel_legged_urdf_pkg' for CMake config files
[4.384s] Level 1:colcon.colcon_core.shell:create_environment_hook('wheel_legged_urdf_pkg', 'cmake_prefix_path')
[4.384s] INFO:colcon.colcon_core.shell:Creating environment hook '/home/orangepi/wheel_robot/install/wheel_legged_urdf_pkg/share/wheel_legged_urdf_pkg/hook/cmake_prefix_path.ps1'
[4.385s] INFO:colcon.colcon_core.shell:Creating environment descriptor '/home/orangepi/wheel_robot/install/wheel_legged_urdf_pkg/share/wheel_legged_urdf_pkg/hook/cmake_prefix_path.dsv'
[4.386s] INFO:colcon.colcon_core.shell:Creating environment hook '/home/orangepi/wheel_robot/install/wheel_legged_urdf_pkg/share/wheel_legged_urdf_pkg/hook/cmake_prefix_path.sh'
[4.388s] Level 1:colcon.colcon_core.environment:checking '/home/orangepi/wheel_robot/install/wheel_legged_urdf_pkg/bin'
[4.388s] Level 1:colcon.colcon_core.environment:checking '/home/orangepi/wheel_robot/install/wheel_legged_urdf_pkg/lib/pkgconfig/wheel_legged_urdf_pkg.pc'
[4.389s] Level 1:colcon.colcon_core.environment:checking '/home/orangepi/wheel_robot/install/wheel_legged_urdf_pkg/lib/python3.10/site-packages'
[4.390s] Level 1:colcon.colcon_core.environment:checking '/home/orangepi/wheel_robot/install/wheel_legged_urdf_pkg/bin'
[4.391s] INFO:colcon.colcon_core.shell:Creating package script '/home/orangepi/wheel_robot/install/wheel_legged_urdf_pkg/share/wheel_legged_urdf_pkg/package.ps1'
[4.392s] INFO:colcon.colcon_core.shell:Creating package descriptor '/home/orangepi/wheel_robot/install/wheel_legged_urdf_pkg/share/wheel_legged_urdf_pkg/package.dsv'
[4.395s] INFO:colcon.colcon_core.shell:Creating package script '/home/orangepi/wheel_robot/install/wheel_legged_urdf_pkg/share/wheel_legged_urdf_pkg/package.sh'
[4.397s] INFO:colcon.colcon_core.shell:Creating package script '/home/orangepi/wheel_robot/install/wheel_legged_urdf_pkg/share/wheel_legged_urdf_pkg/package.bash'
[4.399s] INFO:colcon.colcon_core.shell:Creating package script '/home/orangepi/wheel_robot/install/wheel_legged_urdf_pkg/share/wheel_legged_urdf_pkg/package.zsh'
[4.400s] Level 1:colcon.colcon_core.environment:create_file_with_runtime_dependencies(/home/orangepi/wheel_robot/install/wheel_legged_urdf_pkg/share/colcon-core/packages/wheel_legged_urdf_pkg)
[4.402s] Level 1:colcon.colcon_core.environment:create_environment_scripts_only(wheel_legged_urdf_pkg)
[4.403s] Level 1:colcon.colcon_core.environment:checking '/home/orangepi/wheel_robot/install/wheel_legged_urdf_pkg' for CMake module files
[4.404s] Level 1:colcon.colcon_core.environment:checking '/home/orangepi/wheel_robot/install/wheel_legged_urdf_pkg' for CMake config files
[4.405s] Level 1:colcon.colcon_core.shell:create_environment_hook('wheel_legged_urdf_pkg', 'cmake_prefix_path')
[4.406s] INFO:colcon.colcon_core.shell:Creating environment hook '/home/orangepi/wheel_robot/install/wheel_legged_urdf_pkg/share/wheel_legged_urdf_pkg/hook/cmake_prefix_path.ps1'
[4.408s] INFO:colcon.colcon_core.shell:Creating environment descriptor '/home/orangepi/wheel_robot/install/wheel_legged_urdf_pkg/share/wheel_legged_urdf_pkg/hook/cmake_prefix_path.dsv'
[4.409s] INFO:colcon.colcon_core.shell:Creating environment hook '/home/orangepi/wheel_robot/install/wheel_legged_urdf_pkg/share/wheel_legged_urdf_pkg/hook/cmake_prefix_path.sh'
[4.413s] Level 1:colcon.colcon_core.environment:checking '/home/orangepi/wheel_robot/install/wheel_legged_urdf_pkg/bin'
[4.413s] Level 1:colcon.colcon_core.environment:checking '/home/orangepi/wheel_robot/install/wheel_legged_urdf_pkg/lib/pkgconfig/wheel_legged_urdf_pkg.pc'
[4.414s] Level 1:colcon.colcon_core.environment:checking '/home/orangepi/wheel_robot/install/wheel_legged_urdf_pkg/lib/python3.10/site-packages'
[4.414s] Level 1:colcon.colcon_core.environment:checking '/home/orangepi/wheel_robot/install/wheel_legged_urdf_pkg/bin'
[4.415s] INFO:colcon.colcon_core.shell:Creating package script '/home/orangepi/wheel_robot/install/wheel_legged_urdf_pkg/share/wheel_legged_urdf_pkg/package.ps1'
[4.417s] INFO:colcon.colcon_core.shell:Creating package descriptor '/home/orangepi/wheel_robot/install/wheel_legged_urdf_pkg/share/wheel_legged_urdf_pkg/package.dsv'
[4.419s] INFO:colcon.colcon_core.shell:Creating package script '/home/orangepi/wheel_robot/install/wheel_legged_urdf_pkg/share/wheel_legged_urdf_pkg/package.sh'
[4.420s] INFO:colcon.colcon_core.shell:Creating package script '/home/orangepi/wheel_robot/install/wheel_legged_urdf_pkg/share/wheel_legged_urdf_pkg/package.bash'
[4.421s] INFO:colcon.colcon_core.shell:Creating package script '/home/orangepi/wheel_robot/install/wheel_legged_urdf_pkg/share/wheel_legged_urdf_pkg/package.zsh'
[4.422s] Level 1:colcon.colcon_core.environment:create_file_with_runtime_dependencies(/home/orangepi/wheel_robot/install/wheel_legged_urdf_pkg/share/colcon-core/packages/wheel_legged_urdf_pkg)
[5.082s] DEBUG:colcon.colcon_core.event_handler.log_command:Invoked command in '/home/orangepi/wheel_robot/build/lesson12_ros_conversion' returned '0': CMAKE_PREFIX_PATH=${CMAKE_PREFIX_PATH}:/home/orangepi/wheel_robot/install/simple_follower_ros2:/opt/ros/humble /usr/bin/cmake /home/orangepi/wheel_robot/src/lesson12_ros_conversion -DCMAKE_INSTALL_PREFIX=/home/orangepi/wheel_robot/install/lesson12_ros_conversion
[5.086s] DEBUG:colcon.colcon_core.event_handler.log_command:Invoking command in '/home/orangepi/wheel_robot/build/lesson12_ros_conversion': CMAKE_PREFIX_PATH=${CMAKE_PREFIX_PATH}:/home/orangepi/wheel_robot/install/simple_follower_ros2:/opt/ros/humble /usr/bin/cmake --build /home/orangepi/wheel_robot/build/lesson12_ros_conversion -- -j8 -l8
[5.957s] DEBUG:colcon.colcon_core.event_handler.log_command:Invoked command in '/home/orangepi/wheel_robot/build/motor_temperature_pkg' returned '0': CMAKE_PREFIX_PATH=${CMAKE_PREFIX_PATH}:/home/orangepi/wheel_robot/install/simple_follower_ros2:/opt/ros/humble /usr/bin/cmake /home/orangepi/wheel_robot/src/motor_temperature_pkg -DCMAKE_INSTALL_PREFIX=/home/orangepi/wheel_robot/install/motor_temperature_pkg
[5.964s] DEBUG:colcon.colcon_core.event_handler.log_command:Invoking command in '/home/orangepi/wheel_robot/build/motor_temperature_pkg': CMAKE_PREFIX_PATH=${CMAKE_PREFIX_PATH}:/home/orangepi/wheel_robot/install/simple_follower_ros2:/opt/ros/humble /usr/bin/cmake --build /home/orangepi/wheel_robot/build/motor_temperature_pkg -- -j8 -l8
[14.168s] DEBUG:colcon.colcon_core.event_handler.log_command:Invoked command in '/home/orangepi/wheel_robot/build/motor_temperature_pkg' returned '0': CMAKE_PREFIX_PATH=${CMAKE_PREFIX_PATH}:/home/orangepi/wheel_robot/install/simple_follower_ros2:/opt/ros/humble /usr/bin/cmake --build /home/orangepi/wheel_robot/build/motor_temperature_pkg -- -j8 -l8
[14.173s] DEBUG:colcon.colcon_core.event_handler.log_command:Invoking command in '/home/orangepi/wheel_robot/build/motor_temperature_pkg': CMAKE_PREFIX_PATH=${CMAKE_PREFIX_PATH}:/home/orangepi/wheel_robot/install/simple_follower_ros2:/opt/ros/humble /usr/bin/cmake --install /home/orangepi/wheel_robot/build/motor_temperature_pkg
[14.366s] Level 1:colcon.colcon_core.environment:create_environment_scripts_only(motor_temperature_pkg)
[14.367s] Level 1:colcon.colcon_core.environment:checking '/home/orangepi/wheel_robot/install/motor_temperature_pkg' for CMake module files
[14.371s] Level 1:colcon.colcon_core.environment:checking '/home/orangepi/wheel_robot/install/motor_temperature_pkg' for CMake config files
[14.378s] Level 1:colcon.colcon_core.shell:create_environment_hook('motor_temperature_pkg', 'cmake_prefix_path')
[14.379s] INFO:colcon.colcon_core.shell:Creating environment hook '/home/orangepi/wheel_robot/install/motor_temperature_pkg/share/motor_temperature_pkg/hook/cmake_prefix_path.ps1'
[14.383s] INFO:colcon.colcon_core.shell:Creating environment descriptor '/home/orangepi/wheel_robot/install/motor_temperature_pkg/share/motor_temperature_pkg/hook/cmake_prefix_path.dsv'
[14.385s] INFO:colcon.colcon_core.shell:Creating environment hook '/home/orangepi/wheel_robot/install/motor_temperature_pkg/share/motor_temperature_pkg/hook/cmake_prefix_path.sh'
[14.388s] DEBUG:colcon.colcon_core.event_handler.log_command:Invoked command in '/home/orangepi/wheel_robot/build/motor_temperature_pkg' returned '0': CMAKE_PREFIX_PATH=${CMAKE_PREFIX_PATH}:/home/orangepi/wheel_robot/install/simple_follower_ros2:/opt/ros/humble /usr/bin/cmake --install /home/orangepi/wheel_robot/build/motor_temperature_pkg
[14.390s] Level 1:colcon.colcon_core.environment:checking '/home/orangepi/wheel_robot/install/motor_temperature_pkg/lib'
[14.390s] Level 1:colcon.colcon_core.shell:create_environment_hook('motor_temperature_pkg', 'ld_library_path_lib')
[14.391s] INFO:colcon.colcon_core.shell:Creating environment hook '/home/orangepi/wheel_robot/install/motor_temperature_pkg/share/motor_temperature_pkg/hook/ld_library_path_lib.ps1'
[14.392s] INFO:colcon.colcon_core.shell:Creating environment descriptor '/home/orangepi/wheel_robot/install/motor_temperature_pkg/share/motor_temperature_pkg/hook/ld_library_path_lib.dsv'
[14.393s] INFO:colcon.colcon_core.shell:Creating environment hook '/home/orangepi/wheel_robot/install/motor_temperature_pkg/share/motor_temperature_pkg/hook/ld_library_path_lib.sh'
[14.394s] Level 1:colcon.colcon_core.environment:checking '/home/orangepi/wheel_robot/install/motor_temperature_pkg/bin'
[14.394s] Level 1:colcon.colcon_core.environment:checking '/home/orangepi/wheel_robot/install/motor_temperature_pkg/lib/pkgconfig/motor_temperature_pkg.pc'
[14.395s] Level 1:colcon.colcon_core.environment:checking '/home/orangepi/wheel_robot/install/motor_temperature_pkg/lib/python3.10/site-packages'
[14.396s] Level 1:colcon.colcon_core.environment:checking '/home/orangepi/wheel_robot/install/motor_temperature_pkg/bin'
[14.396s] INFO:colcon.colcon_core.shell:Creating package script '/home/orangepi/wheel_robot/install/motor_temperature_pkg/share/motor_temperature_pkg/package.ps1'
[14.398s] INFO:colcon.colcon_core.shell:Creating package descriptor '/home/orangepi/wheel_robot/install/motor_temperature_pkg/share/motor_temperature_pkg/package.dsv'
[14.400s] INFO:colcon.colcon_core.shell:Creating package script '/home/orangepi/wheel_robot/install/motor_temperature_pkg/share/motor_temperature_pkg/package.sh'
[14.401s] INFO:colcon.colcon_core.shell:Creating package script '/home/orangepi/wheel_robot/install/motor_temperature_pkg/share/motor_temperature_pkg/package.bash'
[14.402s] INFO:colcon.colcon_core.shell:Creating package script '/home/orangepi/wheel_robot/install/motor_temperature_pkg/share/motor_temperature_pkg/package.zsh'
[14.404s] Level 1:colcon.colcon_core.environment:create_file_with_runtime_dependencies(/home/orangepi/wheel_robot/install/motor_temperature_pkg/share/colcon-core/packages/motor_temperature_pkg)
[14.406s] Level 1:colcon.colcon_core.environment:create_environment_scripts_only(motor_temperature_pkg)
[14.407s] Level 1:colcon.colcon_core.environment:checking '/home/orangepi/wheel_robot/install/motor_temperature_pkg' for CMake module files
[14.408s] Level 1:colcon.colcon_core.environment:checking '/home/orangepi/wheel_robot/install/motor_temperature_pkg' for CMake config files
[14.409s] Level 1:colcon.colcon_core.shell:create_environment_hook('motor_temperature_pkg', 'cmake_prefix_path')
[14.410s] INFO:colcon.colcon_core.shell:Creating environment hook '/home/orangepi/wheel_robot/install/motor_temperature_pkg/share/motor_temperature_pkg/hook/cmake_prefix_path.ps1'
[14.411s] INFO:colcon.colcon_core.shell:Creating environment descriptor '/home/orangepi/wheel_robot/install/motor_temperature_pkg/share/motor_temperature_pkg/hook/cmake_prefix_path.dsv'
[14.412s] INFO:colcon.colcon_core.shell:Creating environment hook '/home/orangepi/wheel_robot/install/motor_temperature_pkg/share/motor_temperature_pkg/hook/cmake_prefix_path.sh'
[14.415s] Level 1:colcon.colcon_core.environment:checking '/home/orangepi/wheel_robot/install/motor_temperature_pkg/lib'
[14.415s] Level 1:colcon.colcon_core.shell:create_environment_hook('motor_temperature_pkg', 'ld_library_path_lib')
[14.416s] INFO:colcon.colcon_core.shell:Creating environment hook '/home/orangepi/wheel_robot/install/motor_temperature_pkg/share/motor_temperature_pkg/hook/ld_library_path_lib.ps1'
[14.417s] INFO:colcon.colcon_core.shell:Creating environment descriptor '/home/orangepi/wheel_robot/install/motor_temperature_pkg/share/motor_temperature_pkg/hook/ld_library_path_lib.dsv'
[14.418s] INFO:colcon.colcon_core.shell:Creating environment hook '/home/orangepi/wheel_robot/install/motor_temperature_pkg/share/motor_temperature_pkg/hook/ld_library_path_lib.sh'
[14.420s] Level 1:colcon.colcon_core.environment:checking '/home/orangepi/wheel_robot/install/motor_temperature_pkg/bin'
[14.420s] Level 1:colcon.colcon_core.environment:checking '/home/orangepi/wheel_robot/install/motor_temperature_pkg/lib/pkgconfig/motor_temperature_pkg.pc'
[14.420s] Level 1:colcon.colcon_core.environment:checking '/home/orangepi/wheel_robot/install/motor_temperature_pkg/lib/python3.10/site-packages'
[14.421s] Level 1:colcon.colcon_core.environment:checking '/home/orangepi/wheel_robot/install/motor_temperature_pkg/bin'
[14.422s] INFO:colcon.colcon_core.shell:Creating package script '/home/orangepi/wheel_robot/install/motor_temperature_pkg/share/motor_temperature_pkg/package.ps1'
[14.424s] INFO:colcon.colcon_core.shell:Creating package descriptor '/home/orangepi/wheel_robot/install/motor_temperature_pkg/share/motor_temperature_pkg/package.dsv'
[14.427s] INFO:colcon.colcon_core.shell:Creating package script '/home/orangepi/wheel_robot/install/motor_temperature_pkg/share/motor_temperature_pkg/package.sh'
[14.429s] INFO:colcon.colcon_core.shell:Creating package script '/home/orangepi/wheel_robot/install/motor_temperature_pkg/share/motor_temperature_pkg/package.bash'
[14.430s] INFO:colcon.colcon_core.shell:Creating package script '/home/orangepi/wheel_robot/install/motor_temperature_pkg/share/motor_temperature_pkg/package.zsh'
[14.432s] Level 1:colcon.colcon_core.environment:create_file_with_runtime_dependencies(/home/orangepi/wheel_robot/install/motor_temperature_pkg/share/colcon-core/packages/motor_temperature_pkg)
[14.433s] INFO:colcon.colcon_ros.task.ament_cmake.build:Building ROS package in '/home/orangepi/wheel_robot/src/wheeled_legged_pkg' with build type 'ament_cmake'
[14.434s] INFO:colcon.colcon_cmake.task.cmake.build:Building CMake package in '/home/orangepi/wheel_robot/src/wheeled_legged_pkg'
[14.434s] INFO:colcon.colcon_core.shell:Skip shell extension 'powershell' for command environment: Not usable outside of PowerShell
[14.435s] DEBUG:colcon.colcon_core.shell:Skip shell extension 'dsv' for command environment
[14.464s] DEBUG:colcon.colcon_core.event_handler.log_command:Invoking command in '/home/orangepi/wheel_robot/build/wheeled_legged_pkg': CMAKE_PREFIX_PATH=/home/orangepi/wheel_robot/install/motor_temperature_pkg:/home/orangepi/wheel_robot/install/wheel_robot:/home/orangepi/wheel_robot/install/wheeled_legged_pkg:/home/orangepi/wheel_robot/install/wheel_robot_demos:/home/orangepi/wheel_robot/install/wheel_legged_urdf_pkg:/home/orangepi/wheel_robot/install/lesson12_ros_conversion:/home/orangepi/wheel_robot/install/simple_follower_ros2:/opt/ros/humble LD_LIBRARY_PATH=/home/orangepi/wheel_robot/install/motor_temperature_pkg/lib:/home/orangepi/wheel_robot/install/wheel_robot/lib:/opt/ros/humble/opt/rviz_ogre_vendor/lib:/opt/ros/humble/lib/aarch64-linux-gnu:/opt/ros/humble/lib /usr/bin/cmake /home/orangepi/wheel_robot/src/wheeled_legged_pkg -DCMAKE_INSTALL_PREFIX=/home/orangepi/wheel_robot/install/wheeled_legged_pkg
[18.534s] DEBUG:colcon.colcon_core.event_handler.log_command:Invoked command in '/home/orangepi/wheel_robot/build/wheeled_legged_pkg' returned '0': CMAKE_PREFIX_PATH=/home/orangepi/wheel_robot/install/motor_temperature_pkg:/home/orangepi/wheel_robot/install/wheel_robot:/home/orangepi/wheel_robot/install/wheeled_legged_pkg:/home/orangepi/wheel_robot/install/wheel_robot_demos:/home/orangepi/wheel_robot/install/wheel_legged_urdf_pkg:/home/orangepi/wheel_robot/install/lesson12_ros_conversion:/home/orangepi/wheel_robot/install/simple_follower_ros2:/opt/ros/humble LD_LIBRARY_PATH=/home/orangepi/wheel_robot/install/motor_temperature_pkg/lib:/home/orangepi/wheel_robot/install/wheel_robot/lib:/opt/ros/humble/opt/rviz_ogre_vendor/lib:/opt/ros/humble/lib/aarch64-linux-gnu:/opt/ros/humble/lib /usr/bin/cmake /home/orangepi/wheel_robot/src/wheeled_legged_pkg -DCMAKE_INSTALL_PREFIX=/home/orangepi/wheel_robot/install/wheeled_legged_pkg
[18.544s] DEBUG:colcon.colcon_core.event_handler.log_command:Invoking command in '/home/orangepi/wheel_robot/build/wheeled_legged_pkg': CMAKE_PREFIX_PATH=/home/orangepi/wheel_robot/install/motor_temperature_pkg:/home/orangepi/wheel_robot/install/wheel_robot:/home/orangepi/wheel_robot/install/wheeled_legged_pkg:/home/orangepi/wheel_robot/install/wheel_robot_demos:/home/orangepi/wheel_robot/install/wheel_legged_urdf_pkg:/home/orangepi/wheel_robot/install/lesson12_ros_conversion:/home/orangepi/wheel_robot/install/simple_follower_ros2:/opt/ros/humble LD_LIBRARY_PATH=/home/orangepi/wheel_robot/install/motor_temperature_pkg/lib:/home/orangepi/wheel_robot/install/wheel_robot/lib:/opt/ros/humble/opt/rviz_ogre_vendor/lib:/opt/ros/humble/lib/aarch64-linux-gnu:/opt/ros/humble/lib /usr/bin/cmake --build /home/orangepi/wheel_robot/build/wheeled_legged_pkg -- -j8 -l8
[30.483s] DEBUG:colcon.colcon_core.event_handler.log_command:Invoked command in '/home/orangepi/wheel_robot/build/lesson12_ros_conversion' returned '0': CMAKE_PREFIX_PATH=${CMAKE_PREFIX_PATH}:/home/orangepi/wheel_robot/install/simple_follower_ros2:/opt/ros/humble /usr/bin/cmake --build /home/orangepi/wheel_robot/build/lesson12_ros_conversion -- -j8 -l8
[30.485s] DEBUG:colcon.colcon_core.event_handler.log_command:Invoking command in '/home/orangepi/wheel_robot/build/lesson12_ros_conversion': CMAKE_PREFIX_PATH=${CMAKE_PREFIX_PATH}:/home/orangepi/wheel_robot/install/simple_follower_ros2:/opt/ros/humble /usr/bin/cmake --install /home/orangepi/wheel_robot/build/lesson12_ros_conversion
[30.526s] Level 1:colcon.colcon_core.environment:create_environment_scripts_only(lesson12_ros_conversion)
[30.527s] Level 1:colcon.colcon_core.environment:checking '/home/orangepi/wheel_robot/install/lesson12_ros_conversion' for CMake module files
[30.530s] Level 1:colcon.colcon_core.environment:checking '/home/orangepi/wheel_robot/install/lesson12_ros_conversion' for CMake config files
[30.533s] DEBUG:colcon.colcon_core.event_handler.log_command:Invoked command in '/home/orangepi/wheel_robot/build/lesson12_ros_conversion' returned '0': CMAKE_PREFIX_PATH=${CMAKE_PREFIX_PATH}:/home/orangepi/wheel_robot/install/simple_follower_ros2:/opt/ros/humble /usr/bin/cmake --install /home/orangepi/wheel_robot/build/lesson12_ros_conversion
[30.534s] Level 1:colcon.colcon_core.shell:create_environment_hook('lesson12_ros_conversion', 'cmake_prefix_path')
[30.534s] INFO:colcon.colcon_core.shell:Creating environment hook '/home/orangepi/wheel_robot/install/lesson12_ros_conversion/share/lesson12_ros_conversion/hook/cmake_prefix_path.ps1'
[30.536s] INFO:colcon.colcon_core.shell:Creating environment descriptor '/home/orangepi/wheel_robot/install/lesson12_ros_conversion/share/lesson12_ros_conversion/hook/cmake_prefix_path.dsv'
[30.537s] INFO:colcon.colcon_core.shell:Creating environment hook '/home/orangepi/wheel_robot/install/lesson12_ros_conversion/share/lesson12_ros_conversion/hook/cmake_prefix_path.sh'
[30.538s] Level 1:colcon.colcon_core.environment:checking '/home/orangepi/wheel_robot/install/lesson12_ros_conversion/lib'
[30.538s] Level 1:colcon.colcon_core.environment:checking '/home/orangepi/wheel_robot/install/lesson12_ros_conversion/bin'
[30.538s] Level 1:colcon.colcon_core.environment:checking '/home/orangepi/wheel_robot/install/lesson12_ros_conversion/lib/pkgconfig/lesson12_ros_conversion.pc'
[30.539s] Level 1:colcon.colcon_core.environment:checking '/home/orangepi/wheel_robot/install/lesson12_ros_conversion/lib/python3.10/site-packages'
[30.540s] Level 1:colcon.colcon_core.environment:checking '/home/orangepi/wheel_robot/install/lesson12_ros_conversion/bin'
[30.540s] INFO:colcon.colcon_core.shell:Creating package script '/home/orangepi/wheel_robot/install/lesson12_ros_conversion/share/lesson12_ros_conversion/package.ps1'
[30.542s] INFO:colcon.colcon_core.shell:Creating package descriptor '/home/orangepi/wheel_robot/install/lesson12_ros_conversion/share/lesson12_ros_conversion/package.dsv'
[30.544s] INFO:colcon.colcon_core.shell:Creating package script '/home/orangepi/wheel_robot/install/lesson12_ros_conversion/share/lesson12_ros_conversion/package.sh'
[30.545s] INFO:colcon.colcon_core.shell:Creating package script '/home/orangepi/wheel_robot/install/lesson12_ros_conversion/share/lesson12_ros_conversion/package.bash'
[30.546s] INFO:colcon.colcon_core.shell:Creating package script '/home/orangepi/wheel_robot/install/lesson12_ros_conversion/share/lesson12_ros_conversion/package.zsh'
[30.547s] Level 1:colcon.colcon_core.environment:create_file_with_runtime_dependencies(/home/orangepi/wheel_robot/install/lesson12_ros_conversion/share/colcon-core/packages/lesson12_ros_conversion)
[30.548s] Level 1:colcon.colcon_core.environment:create_environment_scripts_only(lesson12_ros_conversion)
[30.549s] Level 1:colcon.colcon_core.environment:checking '/home/orangepi/wheel_robot/install/lesson12_ros_conversion' for CMake module files
[30.551s] Level 1:colcon.colcon_core.environment:checking '/home/orangepi/wheel_robot/install/lesson12_ros_conversion' for CMake config files
[30.551s] Level 1:colcon.colcon_core.shell:create_environment_hook('lesson12_ros_conversion', 'cmake_prefix_path')
[30.552s] INFO:colcon.colcon_core.shell:Creating environment hook '/home/orangepi/wheel_robot/install/lesson12_ros_conversion/share/lesson12_ros_conversion/hook/cmake_prefix_path.ps1'
[30.553s] INFO:colcon.colcon_core.shell:Creating environment descriptor '/home/orangepi/wheel_robot/install/lesson12_ros_conversion/share/lesson12_ros_conversion/hook/cmake_prefix_path.dsv'
[30.555s] INFO:colcon.colcon_core.shell:Creating environment hook '/home/orangepi/wheel_robot/install/lesson12_ros_conversion/share/lesson12_ros_conversion/hook/cmake_prefix_path.sh'
[30.557s] Level 1:colcon.colcon_core.environment:checking '/home/orangepi/wheel_robot/install/lesson12_ros_conversion/lib'
[30.557s] Level 1:colcon.colcon_core.environment:checking '/home/orangepi/wheel_robot/install/lesson12_ros_conversion/bin'
[30.557s] Level 1:colcon.colcon_core.environment:checking '/home/orangepi/wheel_robot/install/lesson12_ros_conversion/lib/pkgconfig/lesson12_ros_conversion.pc'
[30.558s] Level 1:colcon.colcon_core.environment:checking '/home/orangepi/wheel_robot/install/lesson12_ros_conversion/lib/python3.10/site-packages'
[30.558s] Level 1:colcon.colcon_core.environment:checking '/home/orangepi/wheel_robot/install/lesson12_ros_conversion/bin'
[30.559s] INFO:colcon.colcon_core.shell:Creating package script '/home/orangepi/wheel_robot/install/lesson12_ros_conversion/share/lesson12_ros_conversion/package.ps1'
[30.561s] INFO:colcon.colcon_core.shell:Creating package descriptor '/home/orangepi/wheel_robot/install/lesson12_ros_conversion/share/lesson12_ros_conversion/package.dsv'
[30.563s] INFO:colcon.colcon_core.shell:Creating package script '/home/orangepi/wheel_robot/install/lesson12_ros_conversion/share/lesson12_ros_conversion/package.sh'
[30.564s] INFO:colcon.colcon_core.shell:Creating package script '/home/orangepi/wheel_robot/install/lesson12_ros_conversion/share/lesson12_ros_conversion/package.bash'
[30.565s] INFO:colcon.colcon_core.shell:Creating package script '/home/orangepi/wheel_robot/install/lesson12_ros_conversion/share/lesson12_ros_conversion/package.zsh'
[30.567s] Level 1:colcon.colcon_core.environment:create_file_with_runtime_dependencies(/home/orangepi/wheel_robot/install/lesson12_ros_conversion/share/colcon-core/packages/lesson12_ros_conversion)
[70.905s] DEBUG:colcon.colcon_core.event_handler.log_command:Invoked command in '/home/orangepi/wheel_robot/build/wheeled_legged_pkg' returned '0': CMAKE_PREFIX_PATH=/home/orangepi/wheel_robot/install/motor_temperature_pkg:/home/orangepi/wheel_robot/install/wheel_robot:/home/orangepi/wheel_robot/install/wheeled_legged_pkg:/home/orangepi/wheel_robot/install/wheel_robot_demos:/home/orangepi/wheel_robot/install/wheel_legged_urdf_pkg:/home/orangepi/wheel_robot/install/lesson12_ros_conversion:/home/orangepi/wheel_robot/install/simple_follower_ros2:/opt/ros/humble LD_LIBRARY_PATH=/home/orangepi/wheel_robot/install/motor_temperature_pkg/lib:/home/orangepi/wheel_robot/install/wheel_robot/lib:/opt/ros/humble/opt/rviz_ogre_vendor/lib:/opt/ros/humble/lib/aarch64-linux-gnu:/opt/ros/humble/lib /usr/bin/cmake --build /home/orangepi/wheel_robot/build/wheeled_legged_pkg -- -j8 -l8
[70.911s] DEBUG:colcon.colcon_core.event_handler.log_command:Invoking command in '/home/orangepi/wheel_robot/build/wheeled_legged_pkg': CMAKE_PREFIX_PATH=/home/orangepi/wheel_robot/install/motor_temperature_pkg:/home/orangepi/wheel_robot/install/wheel_robot:/home/orangepi/wheel_robot/install/wheeled_legged_pkg:/home/orangepi/wheel_robot/install/wheel_robot_demos:/home/orangepi/wheel_robot/install/wheel_legged_urdf_pkg:/home/orangepi/wheel_robot/install/lesson12_ros_conversion:/home/orangepi/wheel_robot/install/simple_follower_ros2:/opt/ros/humble LD_LIBRARY_PATH=/home/orangepi/wheel_robot/install/motor_temperature_pkg/lib:/home/orangepi/wheel_robot/install/wheel_robot/lib:/opt/ros/humble/opt/rviz_ogre_vendor/lib:/opt/ros/humble/lib/aarch64-linux-gnu:/opt/ros/humble/lib /usr/bin/cmake --install /home/orangepi/wheel_robot/build/wheeled_legged_pkg
[70.978s] Level 1:colcon.colcon_core.environment:create_environment_scripts_only(wheeled_legged_pkg)
[70.979s] Level 1:colcon.colcon_core.environment:checking '/home/orangepi/wheel_robot/install/wheeled_legged_pkg' for CMake module files
[70.981s] Level 1:colcon.colcon_core.environment:checking '/home/orangepi/wheel_robot/install/wheeled_legged_pkg' for CMake config files
[70.983s] DEBUG:colcon.colcon_core.event_handler.log_command:Invoked command in '/home/orangepi/wheel_robot/build/wheeled_legged_pkg' returned '0': CMAKE_PREFIX_PATH=/home/orangepi/wheel_robot/install/motor_temperature_pkg:/home/orangepi/wheel_robot/install/wheel_robot:/home/orangepi/wheel_robot/install/wheeled_legged_pkg:/home/orangepi/wheel_robot/install/wheel_robot_demos:/home/orangepi/wheel_robot/install/wheel_legged_urdf_pkg:/home/orangepi/wheel_robot/install/lesson12_ros_conversion:/home/orangepi/wheel_robot/install/simple_follower_ros2:/opt/ros/humble LD_LIBRARY_PATH=/home/orangepi/wheel_robot/install/motor_temperature_pkg/lib:/home/orangepi/wheel_robot/install/wheel_robot/lib:/opt/ros/humble/opt/rviz_ogre_vendor/lib:/opt/ros/humble/lib/aarch64-linux-gnu:/opt/ros/humble/lib /usr/bin/cmake --install /home/orangepi/wheel_robot/build/wheeled_legged_pkg
[70.983s] Level 1:colcon.colcon_core.shell:create_environment_hook('wheeled_legged_pkg', 'cmake_prefix_path')
[70.984s] INFO:colcon.colcon_core.shell:Creating environment hook '/home/orangepi/wheel_robot/install/wheeled_legged_pkg/share/wheeled_legged_pkg/hook/cmake_prefix_path.ps1'
[70.985s] INFO:colcon.colcon_core.shell:Creating environment descriptor '/home/orangepi/wheel_robot/install/wheeled_legged_pkg/share/wheeled_legged_pkg/hook/cmake_prefix_path.dsv'
[70.985s] INFO:colcon.colcon_core.shell:Creating environment hook '/home/orangepi/wheel_robot/install/wheeled_legged_pkg/share/wheeled_legged_pkg/hook/cmake_prefix_path.sh'
[70.986s] Level 1:colcon.colcon_core.environment:checking '/home/orangepi/wheel_robot/install/wheeled_legged_pkg/lib'
[70.987s] Level 1:colcon.colcon_core.environment:checking '/home/orangepi/wheel_robot/install/wheeled_legged_pkg/bin'
[70.987s] Level 1:colcon.colcon_core.environment:checking '/home/orangepi/wheel_robot/install/wheeled_legged_pkg/lib/pkgconfig/wheeled_legged_pkg.pc'
[70.987s] Level 1:colcon.colcon_core.environment:checking '/home/orangepi/wheel_robot/install/wheeled_legged_pkg/lib/python3.10/site-packages'
[70.988s] Level 1:colcon.colcon_core.environment:checking '/home/orangepi/wheel_robot/install/wheeled_legged_pkg/bin'
[70.989s] INFO:colcon.colcon_core.shell:Creating package script '/home/orangepi/wheel_robot/install/wheeled_legged_pkg/share/wheeled_legged_pkg/package.ps1'
[70.990s] INFO:colcon.colcon_core.shell:Creating package descriptor '/home/orangepi/wheel_robot/install/wheeled_legged_pkg/share/wheeled_legged_pkg/package.dsv'
[70.991s] INFO:colcon.colcon_core.shell:Creating package script '/home/orangepi/wheel_robot/install/wheeled_legged_pkg/share/wheeled_legged_pkg/package.sh'
[70.992s] INFO:colcon.colcon_core.shell:Creating package script '/home/orangepi/wheel_robot/install/wheeled_legged_pkg/share/wheeled_legged_pkg/package.bash'
[70.992s] INFO:colcon.colcon_core.shell:Creating package script '/home/orangepi/wheel_robot/install/wheeled_legged_pkg/share/wheeled_legged_pkg/package.zsh'
[70.993s] Level 1:colcon.colcon_core.environment:create_file_with_runtime_dependencies(/home/orangepi/wheel_robot/install/wheeled_legged_pkg/share/colcon-core/packages/wheeled_legged_pkg)
[70.994s] Level 1:colcon.colcon_core.environment:create_environment_scripts_only(wheeled_legged_pkg)
[70.995s] Level 1:colcon.colcon_core.environment:checking '/home/orangepi/wheel_robot/install/wheeled_legged_pkg' for CMake module files
[70.996s] Level 1:colcon.colcon_core.environment:checking '/home/orangepi/wheel_robot/install/wheeled_legged_pkg' for CMake config files
[70.996s] Level 1:colcon.colcon_core.shell:create_environment_hook('wheeled_legged_pkg', 'cmake_prefix_path')
[70.996s] INFO:colcon.colcon_core.shell:Creating environment hook '/home/orangepi/wheel_robot/install/wheeled_legged_pkg/share/wheeled_legged_pkg/hook/cmake_prefix_path.ps1'
[70.997s] INFO:colcon.colcon_core.shell:Creating environment descriptor '/home/orangepi/wheel_robot/install/wheeled_legged_pkg/share/wheeled_legged_pkg/hook/cmake_prefix_path.dsv'
[70.998s] INFO:colcon.colcon_core.shell:Creating environment hook '/home/orangepi/wheel_robot/install/wheeled_legged_pkg/share/wheeled_legged_pkg/hook/cmake_prefix_path.sh'
[70.999s] Level 1:colcon.colcon_core.environment:checking '/home/orangepi/wheel_robot/install/wheeled_legged_pkg/lib'
[71.000s] Level 1:colcon.colcon_core.environment:checking '/home/orangepi/wheel_robot/install/wheeled_legged_pkg/bin'
[71.000s] Level 1:colcon.colcon_core.environment:checking '/home/orangepi/wheel_robot/install/wheeled_legged_pkg/lib/pkgconfig/wheeled_legged_pkg.pc'
[71.000s] Level 1:colcon.colcon_core.environment:checking '/home/orangepi/wheel_robot/install/wheeled_legged_pkg/lib/python3.10/site-packages'
[71.001s] Level 1:colcon.colcon_core.environment:checking '/home/orangepi/wheel_robot/install/wheeled_legged_pkg/bin'
[71.001s] INFO:colcon.colcon_core.shell:Creating package script '/home/orangepi/wheel_robot/install/wheeled_legged_pkg/share/wheeled_legged_pkg/package.ps1'
[71.003s] INFO:colcon.colcon_core.shell:Creating package descriptor '/home/orangepi/wheel_robot/install/wheeled_legged_pkg/share/wheeled_legged_pkg/package.dsv'
[71.004s] INFO:colcon.colcon_core.shell:Creating package script '/home/orangepi/wheel_robot/install/wheeled_legged_pkg/share/wheeled_legged_pkg/package.sh'
[71.005s] INFO:colcon.colcon_core.shell:Creating package script '/home/orangepi/wheel_robot/install/wheeled_legged_pkg/share/wheeled_legged_pkg/package.bash'
[71.006s] INFO:colcon.colcon_core.shell:Creating package script '/home/orangepi/wheel_robot/install/wheeled_legged_pkg/share/wheeled_legged_pkg/package.zsh'
[71.008s] Level 1:colcon.colcon_core.environment:create_file_with_runtime_dependencies(/home/orangepi/wheel_robot/install/wheeled_legged_pkg/share/colcon-core/packages/wheeled_legged_pkg)
[71.009s] INFO:colcon.colcon_ros.task.ament_cmake.build:Building ROS package in '/home/orangepi/wheel_robot/src/wheel_robot' with build type 'ament_cmake'
[71.010s] INFO:colcon.colcon_cmake.task.cmake.build:Building CMake package in '/home/orangepi/wheel_robot/src/wheel_robot'
[71.010s] INFO:colcon.colcon_core.shell:Skip shell extension 'powershell' for command environment: Not usable outside of PowerShell
[71.011s] DEBUG:colcon.colcon_core.shell:Skip shell extension 'dsv' for command environment
[71.035s] DEBUG:colcon.colcon_core.event_handler.log_command:Invoking command in '/home/orangepi/wheel_robot/build/wheel_robot': CMAKE_PREFIX_PATH=/home/orangepi/wheel_robot/install/wheeled_legged_pkg:/home/orangepi/wheel_robot/install/motor_temperature_pkg:/home/orangepi/wheel_robot/install/wheel_robot:/home/orangepi/wheel_robot/install/wheel_robot_demos:/home/orangepi/wheel_robot/install/wheel_legged_urdf_pkg:/home/orangepi/wheel_robot/install/lesson12_ros_conversion:/home/orangepi/wheel_robot/install/simple_follower_ros2:/opt/ros/humble LD_LIBRARY_PATH=/home/orangepi/wheel_robot/install/motor_temperature_pkg/lib:/home/orangepi/wheel_robot/install/wheel_robot/lib:/opt/ros/humble/opt/rviz_ogre_vendor/lib:/opt/ros/humble/lib/aarch64-linux-gnu:/opt/ros/humble/lib /usr/bin/cmake /home/orangepi/wheel_robot/src/wheel_robot -DCMAKE_INSTALL_PREFIX=/home/orangepi/wheel_robot/install/wheel_robot
[76.221s] DEBUG:colcon.colcon_core.event_handler.log_command:Invoked command in '/home/orangepi/wheel_robot/build/wheel_robot' returned '0': CMAKE_PREFIX_PATH=/home/orangepi/wheel_robot/install/wheeled_legged_pkg:/home/orangepi/wheel_robot/install/motor_temperature_pkg:/home/orangepi/wheel_robot/install/wheel_robot:/home/orangepi/wheel_robot/install/wheel_robot_demos:/home/orangepi/wheel_robot/install/wheel_legged_urdf_pkg:/home/orangepi/wheel_robot/install/lesson12_ros_conversion:/home/orangepi/wheel_robot/install/simple_follower_ros2:/opt/ros/humble LD_LIBRARY_PATH=/home/orangepi/wheel_robot/install/motor_temperature_pkg/lib:/home/orangepi/wheel_robot/install/wheel_robot/lib:/opt/ros/humble/opt/rviz_ogre_vendor/lib:/opt/ros/humble/lib/aarch64-linux-gnu:/opt/ros/humble/lib /usr/bin/cmake /home/orangepi/wheel_robot/src/wheel_robot -DCMAKE_INSTALL_PREFIX=/home/orangepi/wheel_robot/install/wheel_robot
[76.225s] DEBUG:colcon.colcon_core.event_handler.log_command:Invoking command in '/home/orangepi/wheel_robot/build/wheel_robot': CMAKE_PREFIX_PATH=/home/orangepi/wheel_robot/install/wheeled_legged_pkg:/home/orangepi/wheel_robot/install/motor_temperature_pkg:/home/orangepi/wheel_robot/install/wheel_robot:/home/orangepi/wheel_robot/install/wheel_robot_demos:/home/orangepi/wheel_robot/install/wheel_legged_urdf_pkg:/home/orangepi/wheel_robot/install/lesson12_ros_conversion:/home/orangepi/wheel_robot/install/simple_follower_ros2:/opt/ros/humble LD_LIBRARY_PATH=/home/orangepi/wheel_robot/install/motor_temperature_pkg/lib:/home/orangepi/wheel_robot/install/wheel_robot/lib:/opt/ros/humble/opt/rviz_ogre_vendor/lib:/opt/ros/humble/lib/aarch64-linux-gnu:/opt/ros/humble/lib /usr/bin/cmake --build /home/orangepi/wheel_robot/build/wheel_robot -- -j8 -l8
[111.396s] DEBUG:colcon.colcon_core.event_handler.log_command:Invoked command in '/home/orangepi/wheel_robot/build/wheel_robot' returned '0': CMAKE_PREFIX_PATH=/home/orangepi/wheel_robot/install/wheeled_legged_pkg:/home/orangepi/wheel_robot/install/motor_temperature_pkg:/home/orangepi/wheel_robot/install/wheel_robot:/home/orangepi/wheel_robot/install/wheel_robot_demos:/home/orangepi/wheel_robot/install/wheel_legged_urdf_pkg:/home/orangepi/wheel_robot/install/lesson12_ros_conversion:/home/orangepi/wheel_robot/install/simple_follower_ros2:/opt/ros/humble LD_LIBRARY_PATH=/home/orangepi/wheel_robot/install/motor_temperature_pkg/lib:/home/orangepi/wheel_robot/install/wheel_robot/lib:/opt/ros/humble/opt/rviz_ogre_vendor/lib:/opt/ros/humble/lib/aarch64-linux-gnu:/opt/ros/humble/lib /usr/bin/cmake --build /home/orangepi/wheel_robot/build/wheel_robot -- -j8 -l8
[111.403s] DEBUG:colcon.colcon_core.event_handler.log_command:Invoking command in '/home/orangepi/wheel_robot/build/wheel_robot': CMAKE_PREFIX_PATH=/home/orangepi/wheel_robot/install/wheeled_legged_pkg:/home/orangepi/wheel_robot/install/motor_temperature_pkg:/home/orangepi/wheel_robot/install/wheel_robot:/home/orangepi/wheel_robot/install/wheel_robot_demos:/home/orangepi/wheel_robot/install/wheel_legged_urdf_pkg:/home/orangepi/wheel_robot/install/lesson12_ros_conversion:/home/orangepi/wheel_robot/install/simple_follower_ros2:/opt/ros/humble LD_LIBRARY_PATH=/home/orangepi/wheel_robot/install/motor_temperature_pkg/lib:/home/orangepi/wheel_robot/install/wheel_robot/lib:/opt/ros/humble/opt/rviz_ogre_vendor/lib:/opt/ros/humble/lib/aarch64-linux-gnu:/opt/ros/humble/lib /usr/bin/cmake --install /home/orangepi/wheel_robot/build/wheel_robot
[111.663s] Level 1:colcon.colcon_core.environment:create_environment_scripts_only(wheel_robot)
[111.664s] Level 1:colcon.colcon_core.environment:checking '/home/orangepi/wheel_robot/install/wheel_robot' for CMake module files
[111.668s] Level 1:colcon.colcon_core.environment:checking '/home/orangepi/wheel_robot/install/wheel_robot' for CMake config files
[111.674s] Level 1:colcon.colcon_core.shell:create_environment_hook('wheel_robot', 'cmake_prefix_path')
[111.674s] INFO:colcon.colcon_core.shell:Creating environment hook '/home/orangepi/wheel_robot/install/wheel_robot/share/wheel_robot/hook/cmake_prefix_path.ps1'
[111.676s] INFO:colcon.colcon_core.shell:Creating environment descriptor '/home/orangepi/wheel_robot/install/wheel_robot/share/wheel_robot/hook/cmake_prefix_path.dsv'
[111.678s] INFO:colcon.colcon_core.shell:Creating environment hook '/home/orangepi/wheel_robot/install/wheel_robot/share/wheel_robot/hook/cmake_prefix_path.sh'
[111.680s] Level 1:colcon.colcon_core.environment:checking '/home/orangepi/wheel_robot/install/wheel_robot/lib'
[111.681s] Level 1:colcon.colcon_core.shell:create_environment_hook('wheel_robot', 'ld_library_path_lib')
[111.682s] INFO:colcon.colcon_core.shell:Creating environment hook '/home/orangepi/wheel_robot/install/wheel_robot/share/wheel_robot/hook/ld_library_path_lib.ps1'
[111.684s] INFO:colcon.colcon_core.shell:Creating environment descriptor '/home/orangepi/wheel_robot/install/wheel_robot/share/wheel_robot/hook/ld_library_path_lib.dsv'
[111.685s] INFO:colcon.colcon_core.shell:Creating environment hook '/home/orangepi/wheel_robot/install/wheel_robot/share/wheel_robot/hook/ld_library_path_lib.sh'
[111.687s] Level 1:colcon.colcon_core.environment:checking '/home/orangepi/wheel_robot/install/wheel_robot/bin'
[111.687s] Level 1:colcon.colcon_core.environment:checking '/home/orangepi/wheel_robot/install/wheel_robot/lib/pkgconfig/wheel_robot.pc'
[111.688s] Level 1:colcon.colcon_core.environment:checking '/home/orangepi/wheel_robot/install/wheel_robot/lib/python3.10/site-packages'
[111.689s] Level 1:colcon.colcon_core.environment:checking '/home/orangepi/wheel_robot/install/wheel_robot/bin'
[111.690s] INFO:colcon.colcon_core.shell:Creating package script '/home/orangepi/wheel_robot/install/wheel_robot/share/wheel_robot/package.ps1'
[111.690s] DEBUG:colcon.colcon_core.event_handler.log_command:Invoked command in '/home/orangepi/wheel_robot/build/wheel_robot' returned '0': CMAKE_PREFIX_PATH=/home/orangepi/wheel_robot/install/wheeled_legged_pkg:/home/orangepi/wheel_robot/install/motor_temperature_pkg:/home/orangepi/wheel_robot/install/wheel_robot:/home/orangepi/wheel_robot/install/wheel_robot_demos:/home/orangepi/wheel_robot/install/wheel_legged_urdf_pkg:/home/orangepi/wheel_robot/install/lesson12_ros_conversion:/home/orangepi/wheel_robot/install/simple_follower_ros2:/opt/ros/humble LD_LIBRARY_PATH=/home/orangepi/wheel_robot/install/motor_temperature_pkg/lib:/home/orangepi/wheel_robot/install/wheel_robot/lib:/opt/ros/humble/opt/rviz_ogre_vendor/lib:/opt/ros/humble/lib/aarch64-linux-gnu:/opt/ros/humble/lib /usr/bin/cmake --install /home/orangepi/wheel_robot/build/wheel_robot
[111.692s] INFO:colcon.colcon_core.shell:Creating package descriptor '/home/orangepi/wheel_robot/install/wheel_robot/share/wheel_robot/package.dsv'
[111.693s] INFO:colcon.colcon_core.shell:Creating package script '/home/orangepi/wheel_robot/install/wheel_robot/share/wheel_robot/package.sh'
[111.694s] INFO:colcon.colcon_core.shell:Creating package script '/home/orangepi/wheel_robot/install/wheel_robot/share/wheel_robot/package.bash'
[111.695s] INFO:colcon.colcon_core.shell:Creating package script '/home/orangepi/wheel_robot/install/wheel_robot/share/wheel_robot/package.zsh'
[111.695s] Level 1:colcon.colcon_core.environment:create_file_with_runtime_dependencies(/home/orangepi/wheel_robot/install/wheel_robot/share/colcon-core/packages/wheel_robot)
[111.697s] Level 1:colcon.colcon_core.environment:create_environment_scripts_only(wheel_robot)
[111.697s] Level 1:colcon.colcon_core.environment:checking '/home/orangepi/wheel_robot/install/wheel_robot' for CMake module files
[111.699s] Level 1:colcon.colcon_core.environment:checking '/home/orangepi/wheel_robot/install/wheel_robot' for CMake config files
[111.699s] Level 1:colcon.colcon_core.shell:create_environment_hook('wheel_robot', 'cmake_prefix_path')
[111.700s] INFO:colcon.colcon_core.shell:Creating environment hook '/home/orangepi/wheel_robot/install/wheel_robot/share/wheel_robot/hook/cmake_prefix_path.ps1'
[111.701s] INFO:colcon.colcon_core.shell:Creating environment descriptor '/home/orangepi/wheel_robot/install/wheel_robot/share/wheel_robot/hook/cmake_prefix_path.dsv'
[111.702s] INFO:colcon.colcon_core.shell:Creating environment hook '/home/orangepi/wheel_robot/install/wheel_robot/share/wheel_robot/hook/cmake_prefix_path.sh'
[111.703s] Level 1:colcon.colcon_core.environment:checking '/home/orangepi/wheel_robot/install/wheel_robot/lib'
[111.703s] Level 1:colcon.colcon_core.shell:create_environment_hook('wheel_robot', 'ld_library_path_lib')
[111.704s] INFO:colcon.colcon_core.shell:Creating environment hook '/home/orangepi/wheel_robot/install/wheel_robot/share/wheel_robot/hook/ld_library_path_lib.ps1'
[111.705s] INFO:colcon.colcon_core.shell:Creating environment descriptor '/home/orangepi/wheel_robot/install/wheel_robot/share/wheel_robot/hook/ld_library_path_lib.dsv'
[111.706s] INFO:colcon.colcon_core.shell:Creating environment hook '/home/orangepi/wheel_robot/install/wheel_robot/share/wheel_robot/hook/ld_library_path_lib.sh'
[111.707s] Level 1:colcon.colcon_core.environment:checking '/home/orangepi/wheel_robot/install/wheel_robot/bin'
[111.707s] Level 1:colcon.colcon_core.environment:checking '/home/orangepi/wheel_robot/install/wheel_robot/lib/pkgconfig/wheel_robot.pc'
[111.707s] Level 1:colcon.colcon_core.environment:checking '/home/orangepi/wheel_robot/install/wheel_robot/lib/python3.10/site-packages'
[111.708s] Level 1:colcon.colcon_core.environment:checking '/home/orangepi/wheel_robot/install/wheel_robot/bin'
[111.709s] INFO:colcon.colcon_core.shell:Creating package script '/home/orangepi/wheel_robot/install/wheel_robot/share/wheel_robot/package.ps1'
[111.710s] INFO:colcon.colcon_core.shell:Creating package descriptor '/home/orangepi/wheel_robot/install/wheel_robot/share/wheel_robot/package.dsv'
[111.711s] INFO:colcon.colcon_core.shell:Creating package script '/home/orangepi/wheel_robot/install/wheel_robot/share/wheel_robot/package.sh'
[111.712s] INFO:colcon.colcon_core.shell:Creating package script '/home/orangepi/wheel_robot/install/wheel_robot/share/wheel_robot/package.bash'
[111.714s] INFO:colcon.colcon_core.shell:Creating package script '/home/orangepi/wheel_robot/install/wheel_robot/share/wheel_robot/package.zsh'
[111.716s] Level 1:colcon.colcon_core.environment:create_file_with_runtime_dependencies(/home/orangepi/wheel_robot/install/wheel_robot/share/colcon-core/packages/wheel_robot)
[111.718s] DEBUG:colcon.colcon_parallel_executor.executor.parallel:closing loop
[111.718s] DEBUG:colcon.colcon_parallel_executor.executor.parallel:loop closed
[111.719s] DEBUG:colcon.colcon_parallel_executor.executor.parallel:run_until_complete finished with '0'
[111.719s] DEBUG:colcon.colcon_core.event_reactor:joining thread
[111.722s] DEBUG:colcon.colcon_core.event_reactor:joined thread
[111.722s] INFO:colcon.colcon_core.shell:Creating prefix script '/home/orangepi/wheel_robot/install/local_setup.ps1'
[111.724s] INFO:colcon.colcon_core.shell:Creating prefix util module '/home/orangepi/wheel_robot/install/_local_setup_util_ps1.py'
[111.727s] INFO:colcon.colcon_core.shell:Creating prefix chain script '/home/orangepi/wheel_robot/install/setup.ps1'
[111.730s] INFO:colcon.colcon_core.shell:Creating prefix script '/home/orangepi/wheel_robot/install/local_setup.sh'
[111.731s] INFO:colcon.colcon_core.shell:Creating prefix util module '/home/orangepi/wheel_robot/install/_local_setup_util_sh.py'
[111.733s] INFO:colcon.colcon_core.shell:Creating prefix chain script '/home/orangepi/wheel_robot/install/setup.sh'
[111.736s] INFO:colcon.colcon_core.shell:Creating prefix script '/home/orangepi/wheel_robot/install/local_setup.bash'
[111.738s] INFO:colcon.colcon_core.shell:Creating prefix chain script '/home/orangepi/wheel_robot/install/setup.bash'
[111.740s] INFO:colcon.colcon_core.shell:Creating prefix script '/home/orangepi/wheel_robot/install/local_setup.zsh'
[111.742s] INFO:colcon.colcon_core.shell:Creating prefix chain script '/home/orangepi/wheel_robot/install/setup.zsh'
